[INFO] [launch]: All log files can be found below /root/.ros/log/2026-04-05-06-31-58-897999-liuyi-51662
[INFO] [launch]: Default logging verbosity is set to INFO
[INFO] [gazebo-1]: process started with pid [51680]
[INFO] [robot_state_publisher-2]: process started with pid [51681]
[INFO] [robot_state_publisher-3]: process started with pid [51682]
[INFO] [parameter_bridge-4]: process started with pid [51683]
[INFO] [create-5]: process started with pid [51684]
[INFO] [static_transform_publisher-6]: process started with pid [51686]
[INFO] [create-7]: process started with pid [51687]
[INFO] [static_transform_publisher-8]: process started with pid [51688]
[INFO] [static_transform_publisher-9]: process started with pid [51689]
[INFO] [rviz2-10]: process started with pid [51698]
[INFO] [component_container-11]: process started with pid [51699]
[INFO] [component_container-12]: process started with pid [51700]
[static_transform_publisher-8] [INFO] [1775370719.219504639] [drone.drone_static_tf]: Spinning until stopped - publishing transform
[static_transform_publisher-8] translation: ('0.000000', '0.000000', '0.000000')
[static_transform_publisher-8] rotation: ('0.000000', '0.000000', '0.000000', '1.000000')
[static_transform_publisher-8] from 'map' to 'drone/odom'
[static_transform_publisher-6] [INFO] [1775370719.219718692] [turtle.turtle_static_tf]: Spinning until stopped - publishing transform
[static_transform_publisher-6] translation: ('0.000000', '0.000000', '0.000000')
[static_transform_publisher-6] rotation: ('0.000000', '0.000000', '0.000000', '1.000000')
[static_transform_publisher-6] from 'map' to 'turtle/odom'
[static_transform_publisher-9] [INFO] [1775370719.221545882] [drone.drone_static_tf2]: Spinning until stopped - publishing transform
[static_transform_publisher-9] translation: ('0.000000', '0.000000', '0.000000')
[static_transform_publisher-9] rotation: ('0.000000', '0.000000', '0.000000', '1.000000')
[static_transform_publisher-9] from 'drone/base_footprint' to 'drone/base_link'
[robot_state_publisher-2] [INFO] [1775370719.235259496] [turtle.robot_state_publisher]: Robot initialized
[rviz2-10] QStandardPaths: XDG_RUNTIME_DIR not set, defaulting to '/tmp/runtime-root'
[create-5] [INFO] [1775370719.253348544] [turtle.ros_gz_sim]: Requesting list of world names.
[create-7] [INFO] [1775370719.254108734] [drone.ros_gz_sim]: Requesting list of world names.
[robot_state_publisher-3] [WARN] [1775370719.256649010] [kdl_parser]: The root link base_link has an inertia specified in the URDF, but KDL does not support a root link with an inertia.  As a workaround, you can add an extra dummy link to your URDF.
[robot_state_publisher-3] [INFO] [1775370719.256714794] [drone.robot_state_publisher]: Robot initialized
[gazebo-1] [1;33mWarning [Utils.cc:132][0m [/sdf/world[@name="default"]/gui/camera[@name="user_camera"]/pose[@frame=""]:/ws/ee4308/install/ee4308_bringup/share/ee4308_bringup/worlds/turtlebot3_house.world:L10]: XML Attribute[frame] in element[pose] not defined in SDF.
[rviz2-10] [INFO] [1775370719.416065424] [rviz2]: Stereo is NOT SUPPORTED
[rviz2-10] [INFO] [1775370719.416125135] [rviz2]: OpenGl version: 4.5 (GLSL 4.5)
[component_container-12] [INFO] [1775370719.431927524] [turtle.turtle2]: Load Library: /ws/ee4308/install/ee4308_turtle2/lib/libbehavior_component.so
[component_container-12] [INFO] [1775370719.434516107] [turtle.turtle2]: Found class: rclcpp_components::NodeFactoryTemplate<ee4308::turtle2::Behavior>
[component_container-12] [INFO] [1775370719.434543225] [turtle.turtle2]: Instantiate class: rclcpp_components::NodeFactoryTemplate<ee4308::turtle2::Behavior>
[component_container-12] [INFO] [1775370719.442176915] [turtle.behavior]: [Parameter] frequency: {"name": "frequency", "type": "double", "value": "1.000000"}
[component_container-12] [INFO] [1775370719.442250933] [turtle.behavior]: [Parameter] reached_thres: {"name": "reached_thres", "type": "double", "value": "0.050000"}
[component_container-12] [INFO] [1775370719.442342787] [turtle.behavior]: [Parameter] waypoints: {"name": "waypoints", "type": "double_array", "value": "[1, 4, -4.5, -2]"}
[component_container-12] [INFO] [1775370719.442400194] [turtle.behavior]: [Parameter] frame_id_turtle_: {"name": "frame_id_turtle_", "type": "string", "value": "turtle/base_link"}
[component_container-12] [INFO] [1775370719.442462691] [turtle.behavior]: [Parameter] frame_id_map_: {"name": "frame_id_map_", "type": "string", "value": "map"}
[INFO] [launch_ros.actions.load_composable_nodes]: Loaded node '/turtle/behavior' in container '/turtle/turtle2'
[rviz2-10] [INFO] [1775370719.450453701] [rviz2]: Stereo is NOT SUPPORTED
[component_container-12] [INFO] [1775370719.450630241] [turtle.turtle2]: Load Library: /ws/ee4308/install/ee4308_turtle2/lib/libplanner_component.so
[component_container-12] [INFO] [1775370719.451682455] [turtle.turtle2]: Found class: rclcpp_components::NodeFactoryTemplate<ee4308::turtle2::Planner>
[component_container-12] [INFO] [1775370719.451696417] [turtle.turtle2]: Instantiate class: rclcpp_components::NodeFactoryTemplate<ee4308::turtle2::Planner>
[component_container-12] [INFO] [1775370719.460375504] [turtle.planner]: [Parameter] max_access_cost: {"name": "max_access_cost", "type": "integer", "value": "90"}
[INFO] [launch_ros.actions.load_composable_nodes]: Loaded node '/turtle/planner' in container '/turtle/turtle2'
[component_container-12] [INFO] [1775370719.467158068] [turtle.turtle2]: Load Library: /ws/ee4308/install/ee4308_turtle2/lib/libcontroller_component.so
[component_container-12] [INFO] [1775370719.468429786] [turtle.turtle2]: Found class: rclcpp_components::NodeFactoryTemplate<ee4308::turtle2::Controller>
[component_container-12] [INFO] [1775370719.468443805] [turtle.turtle2]: Instantiate class: rclcpp_components::NodeFactoryTemplate<ee4308::turtle2::Controller>
[component_container-12] [INFO] [1775370719.477889858] [turtle.controller]: [Parameter] frequency: {"name": "frequency", "type": "double", "value": "10.000000"}
[component_container-12] [INFO] [1775370719.477967737] [turtle.controller]: [Parameter] kp_lin: {"name": "kp_lin", "type": "double", "value": "0.800000"}
[component_container-12] [INFO] [1775370719.478090144] [turtle.controller]: [Parameter] kp_ang: {"name": "kp_ang", "type": "double", "value": "1.000000"}
[component_container-12] [INFO] [1775370719.478246355] [turtle.controller]: [Parameter] max_lin_vel: {"name": "max_lin_vel", "type": "double", "value": "0.220000"}
[component_container-12] [INFO] [1775370719.478385250] [turtle.controller]: [Parameter] max_ang_vel: {"name": "max_ang_vel", "type": "double", "value": "1.000000"}
[component_container-12] [INFO] [1775370719.478536208] [turtle.controller]: [Parameter] xy_tolerance: {"name": "xy_tolerance", "type": "double", "value": "0.050000"}
[component_container-12] [INFO] [1775370719.478672222] [turtle.controller]: [Parameter] yaw_tolerance: {"name": "yaw_tolerance", "type": "double", "value": "0.780000"}
[component_container-12] [INFO] [1775370719.478826897] [turtle.controller]: [Parameter] lookahead_distance: {"name": "lookahead_distance", "type": "double", "value": "0.300000"}
[component_container-12] [INFO] [1775370719.479002674] [turtle.controller]: [Parameter] enable: {"name": "enable", "type": "bool", "value": "true"}
[component_container-12] [INFO] [1775370719.479157809] [turtle.controller]: [Parameter] frame_id_turtle_: {"name": "frame_id_turtle_", "type": "string", "value": "turtle/base_link"}
[component_container-12] [INFO] [1775370719.479284059] [turtle.controller]: [Parameter] frame_id_map_: {"name": "frame_id_map_", "type": "string", "value": "map"}
[INFO] [launch_ros.actions.load_composable_nodes]: Loaded node '/turtle/controller' in container '/turtle/turtle2'
[component_container-12] [INFO] [1775370719.489276882] [turtle.turtle2]: Load Library: /ws/ee4308/install/ee4308_turtle2/lib/libmap_loader_component.so
[component_container-12] [INFO] [1775370719.489811410] [turtle.turtle2]: Found class: rclcpp_components::NodeFactoryTemplate<ee4308::turtle2::MapLoader>
[component_container-12] [INFO] [1775370719.489830144] [turtle.turtle2]: Instantiate class: rclcpp_components::NodeFactoryTemplate<ee4308::turtle2::MapLoader>
[component_container-12] [INFO] [1775370719.498364889] [turtle.map_loader]: [Parameter] max_cost: {"name": "max_cost", "type": "integer", "value": "99"}
[component_container-12] [INFO] [1775370719.498454819] [turtle.map_loader]: [Parameter] min_cost: {"name": "min_cost", "type": "integer", "value": "0"}
[component_container-12] [INFO] [1775370719.498556385] [turtle.map_loader]: [Parameter] inflation_radius: {"name": "inflation_radius", "type": "double", "value": "0.800000"}
[component_container-12] [INFO] [1775370719.498631513] [turtle.map_loader]: [Parameter] circumscribed_radius: {"name": "circumscribed_radius", "type": "double", "value": "0.200000"}
[component_container-12] [INFO] [1775370719.498703572] [turtle.map_loader]: [Parameter] cost_exponent: {"name": "cost_exponent", "type": "double", "value": "8.000000"}
[component_container-12] [INFO] [1775370719.498767626] [turtle.map_loader]: [Parameter] topic_map: {"name": "topic_map", "type": "string", "value": "map"}
[component_container-12] [INFO] [1775370719.498867297] [turtle.map_loader]: [Parameter] topic_global_costmap: {"name": "topic_global_costmap", "type": "string", "value": "global_costmap"}
[component_container-12] [INFO] [1775370719.498970568] [turtle.map_loader]: [Parameter] filepath: {"name": "filepath", "type": "string", "value": "/ws/ee4308/install/ee4308_bringup/share/ee4308_bringup/maps/proj2_sim"}
[component_container-12] [INFO] [1775370719.499032031] [turtle.map_loader]: [Parameter] frame_id: {"name": "frame_id", "type": "string", "value": "/map"}
[INFO] [launch_ros.actions.load_composable_nodes]: Loaded node '/turtle/map_loader' in container '/turtle/turtle2'
[component_container-11] [INFO] [1775370719.562391676] [drone.drone]: Load Library: /ws/ee4308/install/ee4308_drone/lib/libbehavior_component.so
[component_container-11] [INFO] [1775370719.564477832] [drone.drone]: Found class: rclcpp_components::NodeFactoryTemplate<ee4308::drone::Behavior>
[component_container-11] [INFO] [1775370719.564497584] [drone.drone]: Instantiate class: rclcpp_components::NodeFactoryTemplate<ee4308::drone::Behavior>
[component_container-11] [INFO] [1775370719.576409240] [drone.behavior]: [Parameter] reached_thres: {"name": "reached_thres", "type": "double", "value": "0.300000"}
[component_container-11] [INFO] [1775370719.576603192] [drone.behavior]: [Parameter] cruise_height: {"name": "cruise_height", "type": "double", "value": "5.000000"}
[component_container-11] [INFO] [1775370719.576711761] [drone.behavior]: [Parameter] frequency: {"name": "frequency", "type": "double", "value": "10.000000"}
[component_container-11] [INFO] [1775370719.576880030] [drone.behavior]: [Parameter] topic_turtle_plan: {"name": "topic_turtle_plan", "type": "string", "value": "/turtle/plan"}
[component_container-11] [INFO] [1775370719.577050540] [drone.behavior]: [Parameter] topic_turtle_stop: {"name": "topic_turtle_stop", "type": "string", "value": "/turtle/stop"}
[component_container-11] [INFO] [1775370719.577202098] [drone.behavior]: [Parameter] map_frame_id: {"name": "map_frame_id", "type": "string", "value": "map"}
[component_container-11] [INFO] [1775370719.577334940] [drone.behavior]: [Parameter] initial_x: {"name": "initial_x", "type": "double", "value": "-2.000000"}
[component_container-11] [INFO] [1775370719.577432632] [drone.behavior]: [Parameter] initial_y: {"name": "initial_y", "type": "double", "value": "-2.000000"}
[component_container-11] [INFO] [1775370719.577512557] [drone.behavior]: [Parameter] initial_z: {"name": "initial_z", "type": "double", "value": "0.050000"}
[component_container-11] [INFO] [1775370719.589353638] [drone.behavior]: Behavior transition BEGIN -> TAKEOFF | turtle_stop=false | waypoint=(0.00, 0.00, 0.00)
[component_container-11] [INFO] [1775370719.589695247] [drone.behavior]: Behavior target TAKEOFF | new_waypoint=(-2.00, -2.00, 5.00)
[INFO] [launch_ros.actions.load_composable_nodes]: Loaded node '/drone/behavior' in container '/drone/drone'
[component_container-11] [INFO] [1775370719.591491716] [drone.drone]: Load Library: /ws/ee4308/install/ee4308_drone/lib/libplanner_component.so
[component_container-11] [INFO] [1775370719.592639210] [drone.drone]: Found class: rclcpp_components::NodeFactoryTemplate<ee4308::drone::Planner>
[component_container-11] [INFO] [1775370719.592679364] [drone.drone]: Instantiate class: rclcpp_components::NodeFactoryTemplate<ee4308::drone::Planner>
[component_container-11] [INFO] [1775370719.605242072] [drone.planner]: [Parameter] interpolation_distance: {"name": "interpolation_distance", "type": "double", "value": "0.100000"}
[INFO] [launch_ros.actions.load_composable_nodes]: Loaded node '/drone/planner' in container '/drone/drone'
[component_container-11] [INFO] [1775370719.609885106] [drone.drone]: Load Library: /ws/ee4308/install/ee4308_drone/lib/libcontroller_component.so
[component_container-11] [INFO] [1775370719.611418743] [drone.drone]: Found class: rclcpp_components::NodeFactoryTemplate<ee4308::drone::Controller>
[component_container-11] [INFO] [1775370719.611441426] [drone.drone]: Instantiate class: rclcpp_components::NodeFactoryTemplate<ee4308::drone::Controller>
[component_container-11] [INFO] [1775370719.619811943] [drone.controller]: [Parameter] frequency: {"name": "frequency", "type": "double", "value": "20.000000"}
[component_container-11] [INFO] [1775370719.619917083] [drone.controller]: [Parameter] enable: {"name": "enable", "type": "bool", "value": "true"}
[component_container-11] [INFO] [1775370719.619968263] [drone.controller]: [Parameter] lookahead_distance: {"name": "lookahead_distance", "type": "double", "value": "1.000000"}
[component_container-11] [INFO] [1775370719.620038201] [drone.controller]: [Parameter] max_xy_vel: {"name": "max_xy_vel", "type": "double", "value": "1.000000"}
[component_container-11] [INFO] [1775370719.620350802] [drone.controller]: [Parameter] max_z_vel: {"name": "max_z_vel", "type": "double", "value": "0.500000"}
[component_container-11] [INFO] [1775370719.620450402] [drone.controller]: [Parameter] yaw_vel: {"name": "yaw_vel", "type": "double", "value": "-0.300000"}
[component_container-11] [INFO] [1775370719.620528713] [drone.controller]: [Parameter] kp_xy: {"name": "kp_xy", "type": "double", "value": "1.000000"}
[component_container-11] [INFO] [1775370719.620603136] [drone.controller]: [Parameter] kp_z: {"name": "kp_z", "type": "double", "value": "1.000000"}
[INFO] [launch_ros.actions.load_composable_nodes]: Loaded node '/drone/controller' in container '/drone/drone'
[component_container-11] [INFO] [1775370719.626202713] [drone.drone]: Load Library: /ws/ee4308/install/ee4308_drone/lib/libestimator_component.so
[component_container-11] [INFO] [1775370719.630229974] [drone.drone]: Found class: rclcpp_components::NodeFactoryTemplate<ee4308::drone::Estimator>
[component_container-11] [INFO] [1775370719.630321517] [drone.drone]: Instantiate class: rclcpp_components::NodeFactoryTemplate<ee4308::drone::Estimator>
[component_container-11] [INFO] [1775370719.641635453] [drone.estimator]: [Parameter] frequency: {"name": "frequency", "type": "double", "value": "30.000000"}
[component_container-11] [INFO] [1775370719.641724015] [drone.estimator]: [Parameter] var_imu_x: {"name": "var_imu_x", "type": "double", "value": "2.000000"}
[component_container-11] [INFO] [1775370719.641776642] [drone.estimator]: [Parameter] var_imu_y: {"name": "var_imu_y", "type": "double", "value": "2.000000"}
[component_container-11] [INFO] [1775370719.641834817] [drone.estimator]: [Parameter] var_imu_z: {"name": "var_imu_z", "type": "double", "value": "20.000000"}
[component_container-11] [INFO] [1775370719.641894948] [drone.estimator]: [Parameter] var_imu_a: {"name": "var_imu_a", "type": "double", "value": "1.000000"}
[component_container-11] [INFO] [1775370719.641954484] [drone.estimator]: [Parameter] var_gps_x: {"name": "var_gps_x", "type": "double", "value": "0.150000"}
[component_container-11] [INFO] [1775370719.642028217] [drone.estimator]: [Parameter] var_gps_y: {"name": "var_gps_y", "type": "double", "value": "0.150000"}
[component_container-11] [INFO] [1775370719.642094240] [drone.estimator]: [Parameter] var_gps_z: {"name": "var_gps_z", "type": "double", "value": "0.500000"}
[component_container-11] [INFO] [1775370719.642146248] [drone.estimator]: [Parameter] var_baro: {"name": "var_baro", "type": "double", "value": "1.000000"}
[component_container-11] [INFO] [1775370719.642197781] [drone.estimator]: [Parameter] var_sonar: {"name": "var_sonar", "type": "double", "value": "0.030000"}
[component_container-11] [INFO] [1775370719.642249839] [drone.estimator]: [Parameter] var_magnet: {"name": "var_magnet", "type": "double", "value": "1.000000"}
[component_container-11] [INFO] [1775370719.642299074] [drone.estimator]: [Parameter] gps_position_max_innovation_xy: {"name": "gps_position_max_innovation_xy", "type": "double", "value": "1000.000000"}
[component_container-11] [INFO] [1775370719.642358553] [drone.estimator]: [Parameter] gps_position_max_innovation_z: {"name": "gps_position_max_innovation_z", "type": "double", "value": "1000.000000"}
[component_container-11] [INFO] [1775370719.642416569] [drone.estimator]: [Parameter] gps_position_max_sigma: {"name": "gps_position_max_sigma", "type": "double", "value": "1000.000000"}
[component_container-11] [INFO] [1775370719.642492958] [drone.estimator]: [Parameter] gps_forward_compensation_enable: {"name": "gps_forward_compensation_enable", "type": "bool", "value": "true"}
[component_container-11] [INFO] [1775370719.642557915] [drone.estimator]: [Parameter] gps_forward_compensation_max_dt: {"name": "gps_forward_compensation_max_dt", "type": "double", "value": "0.500000"}
[component_container-11] [INFO] [1775370719.642627933] [drone.estimator]: [Parameter] gps_velocity_alpha: {"name": "gps_velocity_alpha", "type": "double", "value": "0.900000"}
[component_container-11] [INFO] [1775370719.642688757] [drone.estimator]: [Parameter] gps_velocity_variance_scale: {"name": "gps_velocity_variance_scale", "type": "double", "value": "0.100000"}
[component_container-11] [INFO] [1775370719.642755087] [drone.estimator]: [Parameter] gps_velocity_min_variance: {"name": "gps_velocity_min_variance", "type": "double", "value": "0.040000"}
[component_container-11] [INFO] [1775370719.642818832] [drone.estimator]: [Parameter] gps_velocity_max_innovation: {"name": "gps_velocity_max_innovation", "type": "double", "value": "1.500000"}
[component_container-11] [INFO] [1775370719.642886079] [drone.estimator]: [Parameter] gps_velocity_min_dt: {"name": "gps_velocity_min_dt", "type": "double", "value": "0.200000"}
[component_container-11] [INFO] [1775370719.642945389] [drone.estimator]: [Parameter] gps_velocity_max_dt: {"name": "gps_velocity_max_dt", "type": "double", "value": "2.000000"}
[component_container-11] [INFO] [1775370719.643010549] [drone.estimator]: [Parameter] magnet_max_innovation: {"name": "magnet_max_innovation", "type": "double", "value": "3.140000"}
[component_container-11] [INFO] [1775370719.643069178] [drone.estimator]: [Parameter] magnet_max_sigma: {"name": "magnet_max_sigma", "type": "double", "value": "1000.000000"}
[component_container-11] [INFO] [1775370719.643134234] [drone.estimator]: [Parameter] baro_max_innovation: {"name": "baro_max_innovation", "type": "double", "value": "1000.000000"}
[component_container-11] [INFO] [1775370719.643188277] [drone.estimator]: [Parameter] baro_max_sigma: {"name": "baro_max_sigma", "type": "double", "value": "1000.000000"}
[component_container-11] [INFO] [1775370719.643241253] [drone.estimator]: [Parameter] verbose: {"name": "verbose", "type": "bool", "value": "true"}
[component_container-11] [INFO] [1775370719.643321546] [drone.estimator]: [Parameter] map_frame_id: {"name": "map_frame_id", "type": "string", "value": "map"}
[component_container-11] [INFO] [1775370719.643441782] [drone.estimator]: [Parameter] drone_frame_id: {"name": "drone_frame_id", "type": "string", "value": "drone/base_link"}
[component_container-11] [INFO] [1775370719.643614028] [drone.estimator]: [Parameter] use_ground_truth: {"name": "use_ground_truth", "type": "bool", "value": "false"}
[component_container-11] [INFO] [1775370719.643785026] [drone.estimator]: [Parameter] initial_x: {"name": "initial_x", "type": "double", "value": "-2.000000"}
[component_container-11] [INFO] [1775370719.643935196] [drone.estimator]: [Parameter] initial_y: {"name": "initial_y", "type": "double", "value": "-2.000000"}
[component_container-11] [INFO] [1775370719.644090139] [drone.estimator]: [Parameter] initial_z: {"name": "initial_z", "type": "double", "value": "0.050000"}
[INFO] [launch_ros.actions.load_composable_nodes]: Loaded node '/drone/estimator' in container '/drone/drone'
[create-7] [INFO] [1775370719.999332156] [drone.ros_gz_sim]: Entity creation successful.
[create-5] [INFO] [1775370720.000574150] [turtle.ros_gz_sim]: Entity creation successful.
[INFO] [create-7]: process has finished cleanly [pid 51687]
[INFO] [create-5]: process has finished cleanly [pid 51684]
[parameter_bridge-4] [INFO] [1775370720.278848842] [ros_gz_bridge]: Creating GZ->ROS Bridge: [clock (gz.msgs.Clock) -> clock (rosgraph_msgs/msg/Clock)] (Lazy 0)
[parameter_bridge-4] [INFO] [1775370720.441986962] [ros_gz_bridge]: Creating GZ->ROS Bridge: [turtle/joint_states (gz.msgs.Model) -> turtle/joint_states (sensor_msgs/msg/JointState)] (Lazy 0)
[parameter_bridge-4] [INFO] [1775370720.446865225] [ros_gz_bridge]: Creating GZ->ROS Bridge: [tf (gz.msgs.Pose_V) -> tf (tf2_msgs/msg/TFMessage)] (Lazy 0)
[parameter_bridge-4] [INFO] [1775370720.449612282] [ros_gz_bridge]: Creating ROS->GZ Bridge: [turtle/cmd_vel (geometry_msgs/msg/TwistStamped) -> turtle/cmd_vel (gz.msgs.Twist)] (Lazy 0)
[parameter_bridge-4] [INFO] [1775370720.451137927] [ros_gz_bridge]: Creating GZ->ROS Bridge: [drone/joint_states (gz.msgs.Model) -> drone/joint_states (sensor_msgs/msg/JointState)] (Lazy 0)
[parameter_bridge-4] [INFO] [1775370720.452291119] [ros_gz_bridge]: Creating GZ->ROS Bridge: [model/drone/pose (gz.msgs.Pose_V) -> tf (tf2_msgs/msg/TFMessage)] (Lazy 0)
[parameter_bridge-4] [INFO] [1775370720.452760735] [ros_gz_bridge]: Creating GZ->ROS Bridge: [model/drone/odometry (gz.msgs.Odometry) -> drone/true_odom (nav_msgs/msg/Odometry)] (Lazy 0)
[parameter_bridge-4] [INFO] [1775370720.454703094] [ros_gz_bridge]: Creating ROS->GZ Bridge: [drone/enable (std_msgs/msg/Bool) -> drone/enable (gz.msgs.Boolean)] (Lazy 0)
[parameter_bridge-4] [INFO] [1775370720.455427009] [ros_gz_bridge]: Creating GZ->ROS Bridge: [drone/air_pressure (gz.msgs.FluidPressure) -> drone/air_pressure (sensor_msgs/msg/FluidPressure)] (Lazy 0)
[parameter_bridge-4] [INFO] [1775370720.456098934] [ros_gz_bridge]: Creating GZ->ROS Bridge: [drone/magnetometer (gz.msgs.Magnetometer) -> drone/magnetic (sensor_msgs/msg/MagneticField)] (Lazy 0)
[parameter_bridge-4] [INFO] [1775370720.456747898] [ros_gz_bridge]: Creating GZ->ROS Bridge: [drone/imu (gz.msgs.IMU) -> drone/imu (sensor_msgs/msg/Imu)] (Lazy 0)
[parameter_bridge-4] [INFO] [1775370720.457795459] [ros_gz_bridge]: Creating GZ->ROS Bridge: [drone/sonar (gz.msgs.LaserScan) -> drone/sonar (sensor_msgs/msg/LaserScan)] (Lazy 0)
[parameter_bridge-4] [INFO] [1775370720.459206734] [ros_gz_bridge]: Creating GZ->ROS Bridge: [drone/fix (gz.msgs.NavSat) -> drone/fix (sensor_msgs/msg/NavSatFix)] (Lazy 0)
[parameter_bridge-4] [INFO] [1775370720.460685573] [ros_gz_bridge]: Creating ROS->GZ Bridge: [drone/cmd_vel (geometry_msgs/msg/Twist) -> drone/command/twist (gz.msgs.Twist)] (Lazy 0)
[component_container-12] [INFO] [1775370720.501718262] [turtle.map_loader]: Published occupancy grid to /turtle/map
[rviz2-10] [INFO] [1775370720.538494843] [rviz2]: Trying to create a map of size 312 x 226 using 1 swatches
[rviz2-10] [ERROR] [1775370720.540721054] [rviz2]: rviz/glsl120/indexed_8bit_image.vert
[rviz2-10] rviz/glsl120/indexed_8bit_image.frag
[rviz2-10]  GLSL link result : 
[rviz2-10] active samplers with a different type refer to the same texture image unit
[component_container-12] [INFO] [1775370720.758655459] [turtle.map_loader]: Published global costmap to /turtle/global_costmap
[rviz2-10] [INFO] [1775370720.802927623] [rviz2]: Trying to create a map of size 312 x 226 using 1 swatches
[component_container-11] [INFO] [1775370721.461987706] [drone.estimator]: TMP LOG baro bias initialized: baro=0.418 est_z=0.050 bias=0.368
[gazebo-1] libEGL warning: Not allowed to force software rendering when API explicitly selects a hardware device.
[gazebo-1] libEGL warning: Not allowed to force software rendering when API explicitly selects a hardware device.
[gazebo-1] [1;31m[Err] [SystemPaths.cc:525] [0m[1;31mCould not resolve file [[0m[1;31mWood_Floor_Dark.jpg[0m[1;31m][0m[1;31m[0m
[gazebo-1] [1;31m[Err] [SystemPaths.cc:525] [0m[1;31mCould not resolve file [[0m[1;31mMaple.jpg[0m[1;31m][0m[1;31m[0m
[component_container-11] 	  0.040	   Pose	 -2.000	 -2.000	  0.045	 -0.011
[component_container-11] 	  0.040	  Twist	 -0.002	  0.001	 -0.003	 -0.001
[component_container-11] 	  0.040	ErrPose	  0.000	 -0.000	  0.005	  0.011
[component_container-11] 	  0.040	ErrTwis	-199.998	-200.001	  5.006	  0.001
[component_container-11] 	  0.040	    GPS	 -2.000	 -2.000	  0.050	     --
[component_container-11] 	  0.040	   Baro	     --	     --	  0.418	     --
[component_container-11] 	  0.040	  BBias	     --	     --	  0.373	     --
[component_container-11] 	  0.040	  Sonar	     --	     --	  0.045	     --
[component_container-11] 	  0.040	  Magnt	     --	     --	     --	 -0.011
[component_container-11] 
[parameter_bridge-4] [INFO] [1775370722.134143469] [ros_gz_bridge]: Passing message from ROS geometry_msgs/msg/Twist to Gazebo gz.msgs.Twist (showing msg only once per type)
[component_container-11] 	  0.070	   Pose	 -2.000	 -2.000	  0.052	 -0.009
[component_container-11] 	  0.070	  Twist	 -0.004	  0.002	  0.005	  0.004
[component_container-11] 	  0.070	ErrPose	  0.000	 -0.000	 -0.002	  0.009
[component_container-11] 	  0.070	ErrTwis	-66.663	-66.669	  1.664	 -0.004
[component_container-11] 	  0.070	    GPS	 -2.000	 -2.000	  0.050	     --
[component_container-11] 	  0.070	   Baro	     --	     --	  0.345	     --
[component_container-11] 	  0.070	  BBias	     --	     --	  0.329	     --
[component_container-11] 	  0.070	  Sonar	     --	     --	  0.059	     --
[component_container-11] 	  0.070	  Magnt	     --	     --	     --	 -0.006
[component_container-11] 
[parameter_bridge-4] [INFO] [1775370722.185087370] [ros_gz_bridge]: Passing message from ROS geometry_msgs/msg/TwistStamped to Gazebo gz.msgs.Twist (showing msg only once per type)
[component_container-11] 	  0.100	   Pose	 -2.000	 -2.000	  0.053	 -0.008
[component_container-11] 	  0.100	  Twist	 -0.006	  0.004	  0.006	  0.015
[component_container-11] 	  0.100	ErrPose	  0.000	 -0.000	 -0.003	  0.008
[component_container-11] 	  0.100	ErrTwis	-28.566	-28.575	  0.710	 -0.015
[component_container-11] 	  0.100	    GPS	 -2.000	 -2.000	  0.050	     --
[component_container-11] 	  0.100	   Baro	     --	     --	  0.345	     --
[component_container-11] 	  0.100	  BBias	     --	     --	  0.329	     --
[component_container-11] 	  0.100	  Sonar	     --	     --	  0.059	     --
[component_container-11] 	  0.100	  Magnt	     --	     --	     --	 -0.006
[component_container-11] 
[component_container-11] 	  0.140	   Pose	 -2.001	 -2.000	  0.058	 -0.009
[component_container-11] 	  0.140	  Twist	 -0.008	  0.006	  0.011	  0.009
[component_container-11] 	  0.140	ErrPose	  0.001	 -0.000	 -0.007	  0.009
[component_container-11] 	  0.140	ErrTwis	  0.008	 -0.006	 -0.010	 -0.009
[component_container-11] 	  0.140	    GPS	 -2.000	 -2.000	  0.050	     --
[component_container-11] 	  0.140	   Baro	     --	     --	  0.343	     --
[component_container-11] 	  0.140	  BBias	     --	     --	  0.312	     --
[component_container-11] 	  0.140	  Sonar	     --	     --	  0.065	     --
[component_container-11] 	  0.140	  Magnt	     --	     --	     --	 -0.013
[component_container-11] 
[component_container-11] 	  0.170	   Pose	 -2.001	 -1.999	  0.052	 -0.018
[component_container-11] 	  0.170	  Twist	 -0.010	  0.007	  0.008	 -0.002
[component_container-11] 	  0.170	ErrPose	  0.001	 -0.001	 -0.002	  0.018
[component_container-11] 	  0.170	ErrTwis	  0.010	 -0.007	 -0.007	  0.002
[component_container-11] 	  0.170	    GPS	 -2.000	 -2.000	  0.050	     --
[component_container-11] 	  0.170	   Baro	     --	     --	  0.340	     --
[component_container-11] 	  0.170	  BBias	     --	     --	  0.310	     --
[component_container-11] 	  0.170	  Sonar	     --	     --	  0.038	     --
[component_container-11] 	  0.170	  Magnt	     --	     --	     --	 -0.046
[component_container-11] 
[component_container-11] 	  0.200	   Pose	 -2.001	 -1.999	  0.053	 -0.019
[component_container-11] 	  0.200	  Twist	 -0.011	  0.007	  0.023	 -0.037
[component_container-11] 	  0.200	ErrPose	  0.001	 -0.001	 -0.002	  0.018
[component_container-11] 	  0.200	ErrTwis	  0.011	 -0.007	 -0.020	  0.027
[component_container-11] 	  0.200	    GPS	 -2.000	 -2.000	  0.050	     --
[component_container-11] 	  0.200	   Baro	     --	     --	  0.340	     --
[component_container-11] 	  0.200	  BBias	     --	     --	  0.310	     --
[component_container-11] 	  0.200	  Sonar	     --	     --	  0.038	     --
[component_container-11] 	  0.200	  Magnt	     --	     --	     --	 -0.046
[component_container-11] 
[component_container-11] 	  0.240	   Pose	 -2.002	 -1.999	  0.053	 -0.022
[component_container-11] 	  0.240	  Twist	 -0.014	  0.009	  0.060	 -0.100
[component_container-11] 	  0.240	ErrPose	  0.002	 -0.001	 -0.001	  0.018
[component_container-11] 	  0.240	ErrTwis	  0.014	 -0.009	 -0.042	  0.059
[component_container-11] 	  0.240	    GPS	 -2.000	 -2.000	  0.050	     --
[component_container-11] 	  0.240	   Baro	     --	     --	  0.312	     --
[component_container-11] 	  0.240	  BBias	     --	     --	  0.300	     --
[component_container-11] 	  0.240	  Sonar	     --	     --	  0.049	     --
[component_container-11] 	  0.240	  Magnt	     --	     --	     --	 -0.018
[component_container-11] 
[component_container-11] 	  0.270	   Pose	 -2.002	 -1.999	  0.059	 -0.023
[component_container-11] 	  0.270	  Twist	 -0.016	  0.011	  0.092	 -0.107
[component_container-11] 	  0.270	ErrPose	  0.002	 -0.001	 -0.006	  0.017
[component_container-11] 	  0.270	ErrTwis	  0.016	 -0.011	 -0.062	  0.044
[component_container-11] 	  0.270	    GPS	 -2.000	 -2.000	  0.050	     --
[component_container-11] 	  0.270	   Baro	     --	     --	  0.245	     --
[component_container-11] 	  0.270	  BBias	     --	     --	  0.279	     --
[component_container-11] 	  0.270	  Sonar	     --	     --	  0.071	     --
[component_container-11] 	  0.270	  Magnt	     --	     --	     --	 -0.012
[component_container-11] 
[component_container-11] 	  0.370	   Pose	 -2.002	 -1.999	  0.060	 -0.024
[component_container-11] 	  0.370	  Twist	 -0.016	  0.011	  0.101	 -0.112
[component_container-11] 	  0.370	ErrPose	  0.002	 -0.001	 -0.005	  0.015
[component_container-11] 	  0.370	ErrTwis	  0.017	 -0.011	 -0.055	  0.024
[component_container-11] 	  0.370	    GPS	 -2.000	 -2.000	  0.050	     --
[component_container-11] 	  0.370	   Baro	     --	     --	  0.245	     --
[component_container-11] 	  0.370	  BBias	     --	     --	  0.279	     --
[component_container-11] 	  0.370	  Sonar	     --	     --	  0.071	     --
[component_container-11] 	  0.370	  Magnt	     --	     --	     --	 -0.012
[component_container-11] 
[component_container-11] [WARN] [1775370722.703276177] [drone.behavior]: No request is made as there is no response yet from previous request.
[component_container-11] 	  0.450	   Pose	 -2.004	 -1.997	  0.074	 -0.043
[component_container-11] 	  0.450	  Twist	 -0.024	  0.015	  0.177	 -0.191
[component_container-11] 	  0.450	ErrPose	  0.004	 -0.003	 -0.003	  0.012
[component_container-11] 	  0.450	ErrTwis	  0.024	 -0.015	 -0.033	  0.001
[component_container-11] 	  0.450	    GPS	 -2.000	 -2.000	  0.050	     --
[component_container-11] 	  0.450	   Baro	     --	     --	  0.245	     --
[component_container-11] 	  0.450	  BBias	     --	     --	  0.279	     --
[component_container-11] 	  0.450	  Sonar	     --	     --	  0.071	     --
[component_container-11] 	  0.450	  Magnt	     --	     --	     --	 -0.012
[component_container-11] 
[component_container-11] [WARN] [1775370722.704416508] [drone.behavior]: No request is made as there is no response yet from previous request.
[component_container-11] 	  0.560	   Pose	 -2.008	 -1.995	  0.093	 -0.077
[component_container-11] 	  0.560	  Twist	 -0.033	  0.018	  0.233	 -0.228
[component_container-11] 	  0.560	ErrPose	  0.008	 -0.005	 -0.021	  0.046
[component_container-11] 	  0.560	ErrTwis	  0.033	 -0.018	 -0.089	  0.039
[component_container-11] 	  0.560	    GPS	 -2.000	 -2.000	  0.050	     --
[component_container-11] 	  0.560	   Baro	     --	     --	  0.279	     --
[component_container-11] 	  0.560	  BBias	     --	     --	  0.272	     --
[component_container-11] 	  0.560	  Sonar	     --	     --	  0.054	     --
[component_container-11] 	  0.560	  Magnt	     --	     --	     --	 -0.085
[component_container-11] 
[component_container-11] 	  0.610	   Pose	 -1.819	 -2.337	  0.116	 -0.098
[component_container-11] 	  0.610	  Twist	  0.126	 -0.265	  0.286	 -0.251
[component_container-11] 	  0.610	ErrPose	 -0.181	  0.337	 -0.003	  0.023
[component_container-11] 	  0.610	ErrTwis	 -0.126	  0.265	 -0.034	  0.001
[component_container-11] 	  0.610	    GPS	 -1.891	 -2.211	  0.095	     --
[component_container-11] 	  0.610	   Baro	     --	     --	  0.381	     --
[component_container-11] 	  0.610	  BBias	     --	     --	  0.272	     --
[component_container-11] 	  0.610	  Sonar	     --	     --	  0.104	     --
[component_container-11] 	  0.610	  Magnt	     --	     --	     --	 -0.099
[component_container-11] 
[component_container-11] 	  0.640	   Pose	 -1.810	 -2.356	  0.149	 -0.116
[component_container-11] 	  0.640	  Twist	  0.124	 -0.265	  0.359	 -0.260
[component_container-11] 	  0.640	ErrPose	 -0.190	  0.356	 -0.019	  0.026
[component_container-11] 	  0.640	ErrTwis	 -0.123	  0.265	 -0.080	 -0.000
[component_container-11] 	  0.640	    GPS	 -1.891	 -2.211	  0.095	     --
[component_container-11] 	  0.640	   Baro	     --	     --	  0.422	     --
[component_container-11] 	  0.640	  BBias	     --	     --	  0.273	     --
[component_container-11] 	  0.640	  Sonar	     --	     --	  0.141	     --
[component_container-11] 	  0.640	  Magnt	     --	     --	     --	 -0.097
[component_container-11] 
[component_container-11] 	  0.670	   Pose	 -1.806	 -2.364	  0.162	 -0.122
[component_container-11] 	  0.670	  Twist	  0.122	 -0.262	  0.380	 -0.255
[component_container-11] 	  0.670	ErrPose	 -0.193	  0.364	 -0.026	  0.027
[component_container-11] 	  0.670	ErrTwis	 -0.121	  0.263	 -0.092	 -0.007
[component_container-11] 	  0.670	    GPS	 -1.891	 -2.211	  0.095	     --
[component_container-11] 	  0.670	   Baro	     --	     --	  0.484	     --
[component_container-11] 	  0.670	  BBias	     --	     --	  0.279	     --
[component_container-11] 	  0.670	  Sonar	     --	     --	  0.160	     --
[component_container-11] 	  0.670	  Magnt	     --	     --	     --	 -0.103
[component_container-11] 
[component_container-11] 	  0.700	   Pose	 -1.803	 -2.372	  0.174	 -0.130
[component_container-11] 	  0.700	  Twist	  0.120	 -0.261	  0.393	 -0.242
[component_container-11] 	  0.700	ErrPose	 -0.197	  0.372	 -0.025	  0.024
[component_container-11] 	  0.700	ErrTwis	 -0.119	  0.261	 -0.089	 -0.023
[component_container-11] 	  0.700	    GPS	 -1.891	 -2.211	  0.095	     --
[component_container-11] 	  0.700	   Baro	     --	     --	  0.484	     --
[component_container-11] 	  0.700	  BBias	     --	     --	  0.279	     --
[component_container-11] 	  0.700	  Sonar	     --	     --	  0.160	     --
[component_container-11] 	  0.700	  Magnt	     --	     --	     --	 -0.103
[component_container-11] 
[component_container-11] 	  0.770	   Pose	 -1.799	 -2.379	  0.185	 -0.132
[component_container-11] 	  0.770	  Twist	  0.119	 -0.259	  0.402	 -0.256
[component_container-11] 	  0.770	ErrPose	 -0.200	  0.380	 -0.023	  0.015
[component_container-11] 	  0.770	ErrTwis	 -0.117	  0.259	 -0.083	 -0.013
[component_container-11] 	  0.770	    GPS	 -1.891	 -2.211	  0.095	     --
[component_container-11] 	  0.770	   Baro	     --	     --	  0.429	     --
[component_container-11] 	  0.770	  BBias	     --	     --	  0.277	     --
[component_container-11] 	  0.770	  Sonar	     --	     --	  0.176	     --
[component_container-11] 	  0.770	  Magnt	     --	     --	     --	 -0.076
[component_container-11] 
[component_container-11] 	  0.840	   Pose	 -1.793	 -2.392	  0.206	 -0.144
[component_container-11] 	  0.840	  Twist	  0.117	 -0.257	  0.423	 -0.241
[component_container-11] 	  0.840	ErrPose	 -0.206	  0.393	 -0.023	  0.011
[component_container-11] 	  0.840	ErrTwis	 -0.115	  0.257	 -0.083	 -0.031
[component_container-11] 	  0.840	    GPS	 -1.891	 -2.211	  0.095	     --
[component_container-11] 	  0.840	   Baro	     --	     --	  0.429	     --
[component_container-11] 	  0.840	  BBias	     --	     --	  0.277	     --
[component_container-11] 	  0.840	  Sonar	     --	     --	  0.176	     --
[component_container-11] 	  0.840	  Magnt	     --	     --	     --	 -0.076
[component_container-11] 
[component_container-11] [WARN] [1775370723.151283593] [drone.behavior]: No request is made as there is no response yet from previous request.
[component_container-11] [INFO] [1775370723.153501755] [drone.estimator]: TMP LOG err_xyz=(-0.224, 0.434, -0.028) | z_est=0.256 vz_est=0.414 bias=0.270 | gps_z=0.095 sonar=0.238 baro=0.386
[component_container-11] 	  0.920	   Pose	 -1.778	 -2.425	  0.259	 -0.184
[component_container-11] 	  0.920	  Twist	  0.115	 -0.252	  0.448	 -0.268
[component_container-11] 	  0.920	ErrPose	 -0.222	  0.429	 -0.031	  0.018
[component_container-11] 	  0.920	ErrTwis	 -0.119	  0.268	 -0.072	 -0.007
[component_container-11] 	  0.920	    GPS	 -1.891	 -2.211	  0.095	     --
[component_container-11] 	  0.920	   Baro	     --	     --	  0.513	     --
[component_container-11] 	  0.920	  BBias	     --	     --	  0.280	     --
[component_container-11] 	  0.920	  Sonar	     --	     --	  0.197	     --
[component_container-11] 	  0.920	  Magnt	     --	     --	     --	 -0.197
[component_container-11] 
[component_container-11] 	  0.990	   Pose	 -1.776	 -2.430	  0.256	 -0.182
[component_container-11] 	  0.990	  Twist	  0.114	 -0.251	  0.414	 -0.262
[component_container-11] 	  0.990	ErrPose	 -0.224	  0.434	 -0.028	  0.016
[component_container-11] 	  0.990	ErrTwis	 -0.118	  0.268	 -0.038	 -0.013
[component_container-11] 	  0.990	    GPS	 -1.891	 -2.211	  0.095	     --
[component_container-11] 	  0.990	   Baro	     --	     --	  0.386	     --
[component_container-11] 	  0.990	  BBias	     --	     --	  0.270	     --
[component_container-11] 	  0.990	  Sonar	     --	     --	  0.238	     --
[component_container-11] 	  0.990	  Magnt	     --	     --	     --	 -0.117
[component_container-11] 
[component_container-11] [INFO] [1775370723.154315424] [drone.controller]: cmd_vel body=(-0.093, 0.123, 0.500) yaw=-0.300 | odom_received=true | plan_points=49
[component_container-11] 	  1.060	   Pose	 -1.763	 -2.460	  0.307	 -0.215
[component_container-11] 	  1.060	  Twist	  0.109	 -0.242	  0.439	 -0.275
[component_container-11] 	  1.060	ErrPose	 -0.238	  0.474	 -0.032	  0.016
[component_container-11] 	  1.060	ErrTwis	 -0.125	  0.307	 -0.035	 -0.003
[component_container-11] 	  1.060	    GPS	 -1.891	 -2.211	  0.095	     --
[component_container-11] 	  1.060	   Baro	     --	     --	  0.386	     --
[component_container-11] 	  1.060	  BBias	     --	     --	  0.270	     --
[component_container-11] 	  1.060	  Sonar	     --	     --	  0.238	     --
[component_container-11] 	  1.060	  Magnt	     --	     --	     --	 -0.117
[component_container-11] 
[component_container-11] [INFO] [1775370723.155323255] [drone.estimator]: TMP LOG gps forward compensation dt=0.050 shift=(0.005, -0.012, 0.020)
[component_container-11] [INFO] [1775370723.155389594] [drone.estimator]: TMP LOG gps innov_xy=(-0.230, 0.442) est_xy=(-1.761, -2.462) gps_xy=(-1.997, -2.008) corr_xy=(-1.991, -2.021) vel_xy=(0.109, -0.242)
[component_container-11] [INFO] [1775370723.155686081] [drone.estimator]: TMP LOG gps vel pseudo raw=(-0.212, 0.404) filt=(-0.168, 0.320) innov_v=(-0.210, 0.435) apply=(1,1)
[component_container-11] 	  1.070	   Pose	 -1.927	 -2.138	  0.304	 -0.228
[component_container-11] 	  1.070	  Twist	 -0.058	  0.092	  0.404	 -0.274
[component_container-11] 	  1.070	ErrPose	 -0.073	  0.154	 -0.020	  0.024
[component_container-11] 	  1.070	ErrTwis	  0.039	 -0.017	  0.004	 -0.003
[component_container-11] 	  1.070	    GPS	 -1.997	 -2.008	  0.263	     --
[component_container-11] 	  1.070	   Baro	     --	     --	  0.508	     --
[component_container-11] 	  1.070	  BBias	     --	     --	  0.266	     --
[component_container-11] 	  1.070	  Sonar	     --	     --	  0.289	     --
[component_container-11] 	  1.070	  Magnt	     --	     --	     --	 -0.292
[component_container-11] 
[component_container-11] 	  1.100	   Pose	 -1.929	 -2.135	  0.316	 -0.237
[component_container-11] 	  1.100	  Twist	 -0.060	  0.093	  0.411	 -0.287
[component_container-11] 	  1.100	ErrPose	 -0.072	  0.157	 -0.016	  0.021
[component_container-11] 	  1.100	ErrTwis	  0.036	  0.001	  0.005	  0.009
[component_container-11] 	  1.100	    GPS	 -1.997	 -2.008	  0.263	     --
[component_container-11] 	  1.100	   Baro	     --	     --	  0.508	     --
[component_container-11] 	  1.100	  BBias	     --	     --	  0.266	     --
[component_container-11] 	  1.100	  Sonar	     --	     --	  0.289	     --
[component_container-11] 	  1.100	  Magnt	     --	     --	     --	 -0.292
[component_container-11] 
[component_container-11] 	  1.140	   Pose	 -1.932	 -2.131	  0.322	 -0.250
[component_container-11] 	  1.140	  Twist	 -0.062	  0.095	  0.387	 -0.275
[component_container-11] 	  1.140	ErrPose	 -0.070	  0.159	 -0.006	  0.023
[component_container-11] 	  1.140	ErrTwis	  0.031	  0.018	  0.035	 -0.003
[component_container-11] 	  1.140	    GPS	 -1.997	 -2.008	  0.263	     --
[component_container-11] 	  1.140	   Baro	     --	     --	  0.574	     --
[component_container-11] 	  1.140	  BBias	     --	     --	  0.267	     --
[component_container-11] 	  1.140	  Sonar	     --	     --	  0.299	     --
[component_container-11] 	  1.140	  Magnt	     --	     --	     --	 -0.265
[component_container-11] 
[component_container-11] 	  1.170	   Pose	 -1.933	 -2.129	  0.340	 -0.257
[component_container-11] 	  1.170	  Twist	 -0.063	  0.097	  0.413	 -0.263
[component_container-11] 	  1.170	ErrPose	 -0.068	  0.159	 -0.015	  0.025
[component_container-11] 	  1.170	ErrTwis	  0.029	  0.026	  0.012	 -0.016
[component_container-11] 	  1.170	    GPS	 -1.997	 -2.008	  0.263	     --
[component_container-11] 	  1.170	   Baro	     --	     --	  0.513	     --
[component_container-11] 	  1.170	  BBias	     --	     --	  0.261	     --
[component_container-11] 	  1.170	  Sonar	     --	     --	  0.348	     --
[component_container-11] 	  1.170	  Magnt	     --	     --	     --	 -0.246
[component_container-11] 
[component_container-11] 	  1.200	   Pose	 -1.935	 -2.126	  0.353	 -0.266
[component_container-11] 	  1.200	  Twist	 -0.064	  0.099	  0.420	 -0.278
[component_container-11] 	  1.200	ErrPose	 -0.066	  0.164	 -0.010	  0.022
[component_container-11] 	  1.200	ErrTwis	  0.022	  0.043	  0.011	 -0.000
[component_container-11] 	  1.200	    GPS	 -1.997	 -2.008	  0.263	     --
[component_container-11] 	  1.200	   Baro	     --	     --	  0.513	     --
[component_container-11] 	  1.200	  BBias	     --	     --	  0.261	     --
[component_container-11] 	  1.200	  Sonar	     --	     --	  0.348	     --
[component_container-11] 	  1.200	  Magnt	     --	     --	     --	 -0.246
[component_container-11] 
[component_container-11] 	  1.240	   Pose	 -1.938	 -2.122	  0.367	 -0.279
[component_container-11] 	  1.240	  Twist	 -0.064	  0.102	  0.420	 -0.270
[component_container-11] 	  1.240	ErrPose	 -0.064	  0.167	 -0.007	  0.024
[component_container-11] 	  1.240	ErrTwis	  0.016	  0.057	  0.015	 -0.008
[component_container-11] 	  1.240	    GPS	 -1.997	 -2.008	  0.263	     --
[component_container-11] 	  1.240	   Baro	     --	     --	  0.596	     --
[component_container-11] 	  1.240	  BBias	     --	     --	  0.260	     --
[component_container-11] 	  1.240	  Sonar	     --	     --	  0.351	     --
[component_container-11] 	  1.240	  Magnt	     --	     --	     --	 -0.293
[component_container-11] 
[component_container-11] 	  1.270	   Pose	 -1.940	 -2.119	  0.380	 -0.289
[component_container-11] 	  1.270	  Twist	 -0.066	  0.105	  0.426	 -0.267
[component_container-11] 	  1.270	ErrPose	 -0.063	  0.168	 -0.011	  0.029
[component_container-11] 	  1.270	ErrTwis	  0.014	  0.061	  0.011	 -0.010
[component_container-11] 	  1.270	    GPS	 -1.997	 -2.008	  0.263	     --
[component_container-11] 	  1.270	   Baro	     --	     --	  0.639	     --
[component_container-11] 	  1.270	  BBias	     --	     --	  0.260	     --
[component_container-11] 	  1.270	  Sonar	     --	     --	  0.376	     --
[component_container-11] 	  1.270	  Magnt	     --	     --	     --	 -0.318
[component_container-11] 
[component_container-11] 	  1.300	   Pose	 -1.942	 -2.115	  0.393	 -0.297
[component_container-11] 	  1.300	  Twist	 -0.067	  0.106	  0.431	 -0.275
[component_container-11] 	  1.300	ErrPose	 -0.061	  0.172	 -0.006	  0.026
[component_container-11] 	  1.300	ErrTwis	  0.009	  0.069	  0.010	 -0.002
[component_container-11] 	  1.300	    GPS	 -1.997	 -2.008	  0.263	     --
[component_container-11] 	  1.300	   Baro	     --	     --	  0.639	     --
[component_container-11] 	  1.300	  BBias	     --	     --	  0.260	     --
[component_container-11] 	  1.300	  Sonar	     --	     --	  0.376	     --
[component_container-11] 	  1.300	  Magnt	     --	     --	     --	 -0.318
[component_container-11] 
[component_container-11] 	  1.340	   Pose	 -1.945	 -2.111	  0.404	 -0.308
[component_container-11] 	  1.340	  Twist	 -0.069	  0.108	  0.421	 -0.263
[component_container-11] 	  1.340	ErrPose	 -0.060	  0.175	 -0.000	  0.026
[component_container-11] 	  1.340	ErrTwis	  0.005	  0.070	  0.023	 -0.015
[component_container-11] 	  1.340	    GPS	 -1.997	 -2.008	  0.263	     --
[component_container-11] 	  1.340	   Baro	     --	     --	  0.609	     --
[component_container-11] 	  1.340	  BBias	     --	     --	  0.259	     --
[component_container-11] 	  1.340	  Sonar	     --	     --	  0.380	     --
[component_container-11] 	  1.340	  Magnt	     --	     --	     --	 -0.300
[component_container-11] 
[component_container-11] 	  1.370	   Pose	 -1.947	 -2.108	  0.413	 -0.316
[component_container-11] 	  1.370	  Twist	 -0.070	  0.109	  0.415	 -0.285
[component_container-11] 	  1.370	ErrPose	 -0.058	  0.175	 -0.000	  0.028
[component_container-11] 	  1.370	ErrTwis	  0.003	  0.067	  0.030	  0.007
[component_container-11] 	  1.370	    GPS	 -1.997	 -2.008	  0.263	     --
[component_container-11] 	  1.370	   Baro	     --	     --	  0.669	     --
[component_container-11] 	  1.370	  BBias	     --	     --	  0.260	     --
[component_container-11] 	  1.370	  Sonar	     --	     --	  0.401	     --
[component_container-11] 	  1.370	  Magnt	     --	     --	     --	 -0.298
[component_container-11] 
[component_container-11] 	  1.400	   Pose	 -1.949	 -2.105	  0.426	 -0.324
[component_container-11] 	  1.400	  Twist	 -0.071	  0.110	  0.420	 -0.263
[component_container-11] 	  1.400	ErrPose	 -0.057	  0.179	  0.005	  0.025
[component_container-11] 	  1.400	ErrTwis	 -0.002	  0.062	  0.029	 -0.015
[component_container-11] 	  1.400	    GPS	 -1.997	 -2.008	  0.263	     --
[component_container-11] 	  1.400	   Baro	     --	     --	  0.669	     --
[component_container-11] 	  1.400	  BBias	     --	     --	  0.260	     --
[component_container-11] 	  1.400	  Sonar	     --	     --	  0.401	     --
[component_container-11] 	  1.400	  Magnt	     --	     --	     --	 -0.298
[component_container-11] 
[component_container-11] 	  1.440	   Pose	 -1.952	 -2.100	  0.456	 -0.333
[component_container-11] 	  1.440	  Twist	 -0.072	  0.112	  0.460	 -0.271
[component_container-11] 	  1.440	ErrPose	 -0.056	  0.181	 -0.007	  0.023
[component_container-11] 	  1.440	ErrTwis	 -0.006	  0.053	 -0.007	 -0.008
[component_container-11] 	  1.440	    GPS	 -1.997	 -2.008	  0.263	     --
[component_container-11] 	  1.440	   Baro	     --	     --	  0.727	     --
[component_container-11] 	  1.440	  BBias	     --	     --	  0.260	     --
[component_container-11] 	  1.440	  Sonar	     --	     --	  0.473	     --
[component_container-11] 	  1.440	  Magnt	     --	     --	     --	 -0.299
[component_container-11] 
[component_container-11] 	  1.470	   Pose	 -1.954	 -2.097	  0.474	 -0.339
[component_container-11] 	  1.470	  Twist	 -0.073	  0.113	  0.474	 -0.292
[component_container-11] 	  1.470	ErrPose	 -0.054	  0.181	 -0.015	  0.023
[component_container-11] 	  1.470	ErrTwis	 -0.007	  0.047	 -0.020	  0.014
[component_container-11] 	  1.470	    GPS	 -1.997	 -2.008	  0.263	     --
[component_container-11] 	  1.470	   Baro	     --	     --	  0.834	     --
[component_container-11] 	  1.470	  BBias	     --	     --	  0.264	     --
[component_container-11] 	  1.470	  Sonar	     --	     --	  0.477	     --
[component_container-11] 	  1.470	  Magnt	     --	     --	     --	 -0.293
[component_container-11] 
[component_container-11] 	  1.500	   Pose	 -1.956	 -2.093	  0.488	 -0.347
[component_container-11] 	  1.500	  Twist	 -0.074	  0.114	  0.479	 -0.267
[component_container-11] 	  1.500	ErrPose	 -0.054	  0.184	 -0.011	  0.020
[component_container-11] 	  1.500	ErrTwis	 -0.011	  0.036	 -0.021	 -0.012
[component_container-11] 	  1.500	    GPS	 -1.997	 -2.008	  0.263	     --
[component_container-11] 	  1.500	   Baro	     --	     --	  0.834	     --
[component_container-11] 	  1.500	  BBias	     --	     --	  0.264	     --
[component_container-11] 	  1.500	  Sonar	     --	     --	  0.477	     --
[component_container-11] 	  1.500	  Magnt	     --	     --	     --	 -0.293
[component_container-11] 
[component_container-11] 	  1.540	   Pose	 -1.983	 -2.078	  0.507	 -0.357
[component_container-11] 	  1.540	  Twist	 -0.080	  0.092	  0.484	 -0.253
[component_container-11] 	  1.540	ErrPose	 -0.029	  0.175	 -0.011	  0.018
[component_container-11] 	  1.540	ErrTwis	 -0.008	  0.048	 -0.022	 -0.026
[component_container-11] 	  1.540	    GPS	 -2.023	 -2.019	  0.482	     --
[component_container-11] 	  1.540	   Baro	     --	     --	  0.977	     --
[component_container-11] 	  1.540	  BBias	     --	     --	  0.274	     --
[component_container-11] 	  1.540	  Sonar	     --	     --	  0.487	     --
[component_container-11] 	  1.540	  Magnt	     --	     --	     --	 -0.332
[component_container-11] 
[component_container-11] 	  1.570	   Pose	 -1.985	 -2.076	  0.522	 -0.364
[component_container-11] 	  1.570	  Twist	 -0.081	  0.094	  0.487	 -0.270
[component_container-11] 	  1.570	ErrPose	 -0.028	  0.175	 -0.016	  0.020
[component_container-11] 	  1.570	ErrTwis	 -0.009	  0.041	 -0.024	 -0.009
[component_container-11] 	  1.570	    GPS	 -2.023	 -2.019	  0.482	     --
[component_container-11] 	  1.570	   Baro	     --	     --	  0.788	     --
[component_container-11] 	  1.570	  BBias	     --	     --	  0.274	     --
[component_container-11] 	  1.570	  Sonar	     --	     --	  0.487	     --
[component_container-11] 	  1.570	  Magnt	     --	     --	     --	 -0.342
[component_container-11] 
[component_container-11] 	  1.600	   Pose	 -1.987	 -2.073	  0.532	 -0.372
[component_container-11] 	  1.600	  Twist	 -0.082	  0.095	  0.482	 -0.266
[component_container-11] 	  1.600	ErrPose	 -0.028	  0.177	 -0.008	  0.017
[component_container-11] 	  1.600	ErrTwis	 -0.011	  0.029	 -0.016	 -0.013
[component_container-11] 	  1.600	    GPS	 -2.023	 -2.019	  0.482	     --
[component_container-11] 	  1.600	   Baro	     --	     --	  0.788	     --
[component_container-11] 	  1.600	  BBias	     --	     --	  0.275	     --
[component_container-11] 	  1.600	  Sonar	     --	     --	  0.513	     --
[component_container-11] 	  1.600	  Magnt	     --	     --	     --	 -0.342
[component_container-11] 
[component_container-11] 	  1.640	   Pose	 -1.991	 -2.069	  0.545	 -0.380
[component_container-11] 	  1.640	  Twist	 -0.083	  0.097	  0.470	 -0.274
[component_container-11] 	  1.640	ErrPose	 -0.027	  0.178	 -0.002	  0.014
[component_container-11] 	  1.640	ErrTwis	 -0.013	  0.017	 -0.001	 -0.005
[component_container-11] 	  1.640	    GPS	 -2.023	 -2.019	  0.482	     --
[component_container-11] 	  1.640	   Baro	     --	     --	  0.729	     --
[component_container-11] 	  1.640	  BBias	     --	     --	  0.273	     --
[component_container-11] 	  1.640	  Sonar	     --	     --	  0.511	     --
[component_container-11] 	  1.640	  Magnt	     --	     --	     --	 -0.328
[component_container-11] 
[component_container-11] 	  1.670	   Pose	 -1.993	 -2.066	  0.565	 -0.387
[component_container-11] 	  1.670	  Twist	 -0.084	  0.097	  0.489	 -0.255
[component_container-11] 	  1.670	ErrPose	 -0.026	  0.178	 -0.012	  0.016
[component_container-11] 	  1.670	ErrTwis	 -0.013	  0.010	 -0.018	 -0.024
[component_container-11] 	  1.670	    GPS	 -2.023	 -2.019	  0.482	     --
[component_container-11] 	  1.670	   Baro	     --	     --	  0.987	     --
[component_container-11] 	  1.670	  BBias	     --	     --	  0.278	     --
[component_container-11] 	  1.670	  Sonar	     --	     --	  0.576	     --
[component_container-11] 	  1.670	  Magnt	     --	     --	     --	 -0.364
[component_container-11] 
[component_container-11] 	  1.700	   Pose	 -1.996	 -2.063	  0.580	 -0.396
[component_container-11] 	  1.700	  Twist	 -0.085	  0.099	  0.492	 -0.282
[component_container-11] 	  1.700	ErrPose	 -0.026	  0.179	 -0.008	  0.013
[component_container-11] 	  1.700	ErrTwis	 -0.015	 -0.002	 -0.019	  0.002
[component_container-11] 	  1.700	    GPS	 -2.023	 -2.019	  0.482	     --
[component_container-11] 	  1.700	   Baro	     --	     --	  0.987	     --
[component_container-11] 	  1.700	  BBias	     --	     --	  0.278	     --
[component_container-11] 	  1.700	  Sonar	     --	     --	  0.576	     --
[component_container-11] 	  1.700	  Magnt	     --	     --	     --	 -0.364
[component_container-11] 
[component_container-11] 	  1.740	   Pose	 -1.999	 -2.059	  0.592	 -0.404
[component_container-11] 	  1.740	  Twist	 -0.087	  0.101	  0.478	 -0.278
[component_container-11] 	  1.740	ErrPose	 -0.025	  0.179	 -0.001	  0.010
[component_container-11] 	  1.740	ErrTwis	 -0.015	 -0.015	 -0.002	 -0.002
[component_container-11] 	  1.740	    GPS	 -2.023	 -2.019	  0.482	     --
[component_container-11] 	  1.740	   Baro	     --	     --	  0.765	     --
[component_container-11] 	  1.740	  BBias	     --	     --	  0.276	     --
[component_container-11] 	  1.740	  Sonar	     --	     --	  0.555	     --
[component_container-11] 	  1.740	  Magnt	     --	     --	     --	 -0.359
[component_container-11] 
[component_container-11] 	  1.770	   Pose	 -2.002	 -2.056	  0.607	 -0.412
[component_container-11] 	  1.770	  Twist	 -0.088	  0.102	  0.482	 -0.262
[component_container-11] 	  1.770	ErrPose	 -0.024	  0.178	 -0.006	  0.012
[component_container-11] 	  1.770	ErrTwis	 -0.015	 -0.021	 -0.006	 -0.017
[component_container-11] 	  1.770	    GPS	 -2.023	 -2.019	  0.482	     --
[component_container-11] 	  1.770	   Baro	     --	     --	  0.923	     --
[component_container-11] 	  1.770	  BBias	     --	     --	  0.277	     --
[component_container-11] 	  1.770	  Sonar	     --	     --	  0.603	     --
[component_container-11] 	  1.770	  Magnt	     --	     --	     --	 -0.396
[component_container-11] 
[component_container-11] 	  1.800	   Pose	 -2.004	 -2.053	  0.621	 -0.420
[component_container-11] 	  1.800	  Twist	 -0.088	  0.103	  0.485	 -0.279
[component_container-11] 	  1.800	ErrPose	 -0.024	  0.179	 -0.002	  0.009
[component_container-11] 	  1.800	ErrTwis	 -0.016	 -0.032	 -0.006	 -0.000
[component_container-11] 	  1.800	    GPS	 -2.023	 -2.019	  0.482	     --
[component_container-11] 	  1.800	   Baro	     --	     --	  0.923	     --
[component_container-11] 	  1.800	  BBias	     --	     --	  0.277	     --
[component_container-11] 	  1.800	  Sonar	     --	     --	  0.603	     --
[component_container-11] 	  1.800	  Magnt	     --	     --	     --	 -0.396
[component_container-11] 
[component_container-11] 	  1.840	   Pose	 -2.008	 -2.049	  0.639	 -0.430
[component_container-11] 	  1.840	  Twist	 -0.089	  0.105	  0.485	 -0.254
[component_container-11] 	  1.840	ErrPose	 -0.024	  0.178	 -0.000	  0.008
[component_container-11] 	  1.840	ErrTwis	 -0.016	 -0.043	 -0.005	 -0.026
[component_container-11] 	  1.840	    GPS	 -2.023	 -2.019	  0.482	     --
[component_container-11] 	  1.840	   Baro	     --	     --	  0.994	     --
[component_container-11] 	  1.840	  BBias	     --	     --	  0.281	     --
[component_container-11] 	  1.840	  Sonar	     --	     --	  0.617	     --
[component_container-11] 	  1.840	  Magnt	     --	     --	     --	 -0.417
[component_container-11] 
[component_container-11] 	  1.870	   Pose	 -2.011	 -2.046	  0.653	 -0.436
[component_container-11] 	  1.870	  Twist	 -0.090	  0.107	  0.487	 -0.271
[component_container-11] 	  1.870	ErrPose	 -0.023	  0.177	 -0.005	  0.009
[component_container-11] 	  1.870	ErrTwis	 -0.015	 -0.049	 -0.005	 -0.009
[component_container-11] 	  1.870	    GPS	 -2.023	 -2.019	  0.482	     --
[component_container-11] 	  1.870	   Baro	     --	     --	  1.060	     --
[component_container-11] 	  1.870	  BBias	     --	     --	  0.286	     --
[component_container-11] 	  1.870	  Sonar	     --	     --	  0.644	     --
[component_container-11] 	  1.870	  Magnt	     --	     --	     --	 -0.387
[component_container-11] 
[component_container-11] 	  1.900	   Pose	 -2.013	 -2.042	  0.668	 -0.444
[component_container-11] 	  1.900	  Twist	 -0.091	  0.108	  0.488	 -0.269
[component_container-11] 	  1.900	ErrPose	 -0.023	  0.177	  0.000	  0.006
[component_container-11] 	  1.900	ErrTwis	 -0.014	 -0.059	 -0.005	 -0.011
[component_container-11] 	  1.900	    GPS	 -2.023	 -2.019	  0.482	     --
[component_container-11] 	  1.900	   Baro	     --	     --	  1.060	     --
[component_container-11] 	  1.900	  BBias	     --	     --	  0.286	     --
[component_container-11] 	  1.900	  Sonar	     --	     --	  0.644	     --
[component_container-11] 	  1.900	  Magnt	     --	     --	     --	 -0.387
[component_container-11] 
[component_container-11] 	  1.940	   Pose	 -2.017	 -2.038	  0.696	 -0.454
[component_container-11] 	  1.940	  Twist	 -0.092	  0.111	  0.510	 -0.255
[component_container-11] 	  1.940	ErrPose	 -0.023	  0.175	 -0.008	  0.004
[component_container-11] 	  1.940	ErrTwis	 -0.013	 -0.069	 -0.025	 -0.024
[component_container-11] 	  1.940	    GPS	 -2.023	 -2.019	  0.482	     --
[component_container-11] 	  1.940	   Baro	     --	     --	  0.999	     --
[component_container-11] 	  1.940	  BBias	     --	     --	  0.286	     --
[component_container-11] 	  1.940	  Sonar	     --	     --	  0.707	     --
[component_container-11] 	  1.940	  Magnt	     --	     --	     --	 -0.424
[component_container-11] 
[component_container-11] 	  1.970	   Pose	 -2.020	 -2.035	  0.712	 -0.463
[component_container-11] 	  1.970	  Twist	 -0.093	  0.113	  0.515	 -0.260
[component_container-11] 	  1.970	ErrPose	 -0.022	  0.173	 -0.015	  0.008
[component_container-11] 	  1.970	ErrTwis	 -0.012	 -0.075	 -0.029	 -0.019
[component_container-11] 	  1.970	    GPS	 -2.023	 -2.019	  0.482	     --
[component_container-11] 	  1.970	   Baro	     --	     --	  0.976	     --
[component_container-11] 	  1.970	  BBias	     --	     --	  0.286	     --
[component_container-11] 	  1.970	  Sonar	     --	     --	  0.711	     --
[component_container-11] 	  1.970	  Magnt	     --	     --	     --	 -0.472
[component_container-11] 
[component_container-11] 	  2.000	   Pose	 -2.023	 -2.031	  0.728	 -0.471
[component_container-11] 	  2.000	  Twist	 -0.093	  0.115	  0.517	 -0.274
[component_container-11] 	  2.000	ErrPose	 -0.022	  0.172	 -0.011	  0.004
[component_container-11] 	  2.000	ErrTwis	 -0.011	 -0.083	 -0.030	 -0.006
[component_container-11] 	  2.000	    GPS	 -2.023	 -2.019	  0.482	     --
[component_container-11] 	  2.000	   Baro	     --	     --	  0.976	     --
[component_container-11] 	  2.000	  BBias	     --	     --	  0.286	     --
[component_container-11] 	  2.000	  Sonar	     --	     --	  0.711	     --
[component_container-11] 	  2.000	  Magnt	     --	     --	     --	 -0.472
[component_container-11] 
[component_container-11] 	  2.040	   Pose	 -2.005	 -1.994	  0.751	 -0.482
[component_container-11] 	  2.040	  Twist	 -0.067	  0.133	  0.527	 -0.261
[component_container-11] 	  2.040	ErrPose	 -0.043	  0.137	 -0.015	  0.004
[component_container-11] 	  2.040	ErrTwis	 -0.037	 -0.108	 -0.039	 -0.019
[component_container-11] 	  2.040	    GPS	 -2.013	 -1.944	  0.722	     --
[component_container-11] 	  2.040	   Baro	     --	     --	  1.120	     --
[component_container-11] 	  2.040	  BBias	     --	     --	  0.288	     --
[component_container-11] 	  2.040	  Sonar	     --	     --	  0.743	     --
[component_container-11] 	  2.040	  Magnt	     --	     --	     --	 -0.475
[component_container-11] 
[component_container-11] [INFO] [1775370724.141922576] [drone.estimator]: TMP LOG err_xyz=(-0.043, 0.137, -0.015) | z_est=0.751 vz_est=0.527 bias=0.288 | gps_z=0.722 sonar=0.743 baro=1.120
[component_container-11] 	  2.070	   Pose	 -2.007	 -1.989	  0.765	 -0.490
[component_container-11] 	  2.070	  Twist	 -0.068	  0.135	  0.523	 -0.265
[component_container-11] 	  2.070	ErrPose	 -0.043	  0.134	 -0.018	  0.006
[component_container-11] 	  2.070	ErrTwis	 -0.036	 -0.112	 -0.034	 -0.015
[component_container-11] 	  2.070	    GPS	 -2.013	 -1.944	  0.722	     --
[component_container-11] 	  2.070	   Baro	     --	     --	  1.052	     --
[component_container-11] 	  2.070	  BBias	     --	     --	  0.289	     --
[component_container-11] 	  2.070	  Sonar	     --	     --	  0.750	     --
[component_container-11] 	  2.070	  Magnt	     --	     --	     --	 -0.482
[component_container-11] 
[component_container-11] 	  2.100	   Pose	 -2.009	 -1.985	  0.780	 -0.498
[component_container-11] 	  2.100	  Twist	 -0.068	  0.137	  0.525	 -0.262
[component_container-11] 	  2.100	ErrPose	 -0.044	  0.132	 -0.014	  0.003
[component_container-11] 	  2.100	ErrTwis	 -0.034	 -0.119	 -0.035	 -0.018
[component_container-11] 	  2.100	    GPS	 -2.013	 -1.944	  0.722	     --
[component_container-11] 	  2.100	   Baro	     --	     --	  1.052	     --
[component_container-11] 	  2.100	  BBias	     --	     --	  0.289	     --
[component_container-11] 	  2.100	  Sonar	     --	     --	  0.750	     --
[component_container-11] 	  2.100	  Magnt	     --	     --	     --	 -0.482
[component_container-11] 
[component_container-11] [INFO] [1775370724.202082711] [drone.controller]: cmd_vel body=(0.014, -0.038, 0.500) yaw=-0.300 | odom_received=true | plan_points=43
[component_container-11] 	  2.140	   Pose	 -2.012	 -1.980	  0.799	 -0.508
[component_container-11] 	  2.140	  Twist	 -0.068	  0.139	  0.524	 -0.262
[component_container-11] 	  2.140	ErrPose	 -0.044	  0.129	 -0.014	  0.002
[component_container-11] 	  2.140	ErrTwis	 -0.033	 -0.125	 -0.033	 -0.018
[component_container-11] 	  2.140	    GPS	 -2.013	 -1.944	  0.722	     --
[component_container-11] 	  2.140	   Baro	     --	     --	  1.129	     --
[component_container-11] 	  2.140	  BBias	     --	     --	  0.291	     --
[component_container-11] 	  2.140	  Sonar	     --	     --	  0.774	     --
[component_container-11] 	  2.140	  Magnt	     --	     --	     --	 -0.488
[component_container-11] 
[component_container-11] 	  2.170	   Pose	 -2.014	 -1.976	  0.810	 -0.516
[component_container-11] 	  2.170	  Twist	 -0.069	  0.140	  0.515	 -0.260
[component_container-11] 	  2.170	ErrPose	 -0.044	  0.126	 -0.015	  0.005
[component_container-11] 	  2.170	ErrTwis	 -0.032	 -0.129	 -0.023	 -0.020
[component_container-11] 	  2.170	    GPS	 -2.013	 -1.944	  0.722	     --
[component_container-11] 	  2.170	   Baro	     --	     --	  1.119	     --
[component_container-11] 	  2.170	  BBias	     --	     --	  0.292	     --
[component_container-11] 	  2.170	  Sonar	     --	     --	  0.787	     --
[component_container-11] 	  2.170	  Magnt	     --	     --	     --	 -0.517
[component_container-11] 
[component_container-11] 	  2.200	   Pose	 -2.016	 -1.971	  0.825	 -0.524
[component_container-11] 	  2.200	  Twist	 -0.069	  0.142	  0.517	 -0.248
[component_container-11] 	  2.200	ErrPose	 -0.045	  0.124	 -0.010	  0.002
[component_container-11] 	  2.200	ErrTwis	 -0.030	 -0.134	 -0.024	 -0.031
[component_container-11] 	  2.200	    GPS	 -2.013	 -1.944	  0.722	     --
[component_container-11] 	  2.200	   Baro	     --	     --	  1.119	     --
[component_container-11] 	  2.200	  BBias	     --	     --	  0.292	     --
[component_container-11] 	  2.200	  Sonar	     --	     --	  0.787	     --
[component_container-11] 	  2.200	  Magnt	     --	     --	     --	 -0.517
[component_container-11] 
[component_container-11] 	  2.240	   Pose	 -2.019	 -1.966	  0.842	 -0.535
[component_container-11] 	  2.240	  Twist	 -0.069	  0.145	  0.510	 -0.266
[component_container-11] 	  2.240	ErrPose	 -0.046	  0.120	 -0.007	  0.001
[component_container-11] 	  2.240	ErrTwis	 -0.028	 -0.140	 -0.017	 -0.014
[component_container-11] 	  2.240	    GPS	 -2.013	 -1.944	  0.722	     --
[component_container-11] 	  2.240	   Baro	     --	     --	  1.058	     --
[component_container-11] 	  2.240	  BBias	     --	     --	  0.291	     --
[component_container-11] 	  2.240	  Sonar	     --	     --	  0.813	     --
[component_container-11] 	  2.240	  Magnt	     --	     --	     --	 -0.523
[component_container-11] 
[component_container-11] 	  2.270	   Pose	 -2.021	 -1.961	  0.856	 -0.544
[component_container-11] 	  2.270	  Twist	 -0.069	  0.146	  0.509	 -0.269
[component_container-11] 	  2.270	ErrPose	 -0.045	  0.116	 -0.011	  0.005
[component_container-11] 	  2.270	ErrTwis	 -0.027	 -0.143	 -0.015	 -0.011
[component_container-11] 	  2.270	    GPS	 -2.013	 -1.944	  0.722	     --
[component_container-11] 	  2.270	   Baro	     --	     --	  1.090	     --
[component_container-11] 	  2.270	  BBias	     --	     --	  0.290	     --
[component_container-11] 	  2.270	  Sonar	     --	     --	  0.848	     --
[component_container-11] 	  2.270	  Magnt	     --	     --	     --	 -0.581
[component_container-11] 
[component_container-11] 	  2.300	   Pose	 -2.023	 -1.957	  0.871	 -0.553
[component_container-11] 	  2.300	  Twist	 -0.069	  0.148	  0.511	 -0.266
[component_container-11] 	  2.300	ErrPose	 -0.046	  0.114	 -0.007	  0.002
[component_container-11] 	  2.300	ErrTwis	 -0.025	 -0.148	 -0.016	 -0.014
[component_container-11] 	  2.300	    GPS	 -2.013	 -1.944	  0.722	     --
[component_container-11] 	  2.300	   Baro	     --	     --	  1.090	     --
[component_container-11] 	  2.300	  BBias	     --	     --	  0.290	     --
[component_container-11] 	  2.300	  Sonar	     --	     --	  0.848	     --
[component_container-11] 	  2.300	  Magnt	     --	     --	     --	 -0.581
[component_container-11] 
[component_container-11] 	  2.340	   Pose	 -2.026	 -1.951	  0.895	 -0.563
[component_container-11] 	  2.340	  Twist	 -0.070	  0.151	  0.520	 -0.266
[component_container-11] 	  2.340	ErrPose	 -0.046	  0.109	 -0.010	  0.001
[component_container-11] 	  2.340	ErrTwis	 -0.022	 -0.154	 -0.025	 -0.014
[component_container-11] 	  2.340	    GPS	 -2.013	 -1.944	  0.722	     --
[component_container-11] 	  2.340	   Baro	     --	     --	  1.213	     --
[component_container-11] 	  2.340	  BBias	     --	     --	  0.291	     --
[component_container-11] 	  2.340	  Sonar	     --	     --	  0.888	     --
[component_container-11] 	  2.340	  Magnt	     --	     --	     --	 -0.547
[component_container-11] 
[component_container-11] 	  2.370	   Pose	 -2.028	 -1.946	  0.917	 -0.571
[component_container-11] 	  2.370	  Twist	 -0.070	  0.152	  0.538	 -0.276
[component_container-11] 	  2.370	ErrPose	 -0.046	  0.106	 -0.023	  0.003
[component_container-11] 	  2.370	ErrTwis	 -0.020	 -0.156	 -0.042	 -0.004
[component_container-11] 	  2.370	    GPS	 -2.013	 -1.944	  0.722	     --
[component_container-11] 	  2.370	   Baro	     --	     --	  1.172	     --
[component_container-11] 	  2.370	  BBias	     --	     --	  0.290	     --
[component_container-11] 	  2.370	  Sonar	     --	     --	  0.937	     --
[component_container-11] 	  2.370	  Magnt	     --	     --	     --	 -0.552
[component_container-11] 
[component_container-11] 	  2.400	   Pose	 -2.030	 -1.942	  0.933	 -0.579
[component_container-11] 	  2.400	  Twist	 -0.071	  0.154	  0.540	 -0.266
[component_container-11] 	  2.400	ErrPose	 -0.047	  0.102	 -0.019	  0.000
[component_container-11] 	  2.400	ErrTwis	 -0.017	 -0.161	 -0.044	 -0.014
[component_container-11] 	  2.400	    GPS	 -2.013	 -1.944	  0.722	     --
[component_container-11] 	  2.400	   Baro	     --	     --	  1.172	     --
[component_container-11] 	  2.400	  BBias	     --	     --	  0.290	     --
[component_container-11] 	  2.400	  Sonar	     --	     --	  0.937	     --
[component_container-11] 	  2.400	  Magnt	     --	     --	     --	 -0.552
[component_container-11] 
[component_container-11] 	  2.440	   Pose	 -2.033	 -1.936	  0.961	 -0.591
[component_container-11] 	  2.440	  Twist	 -0.072	  0.156	  0.555	 -0.277
[component_container-11] 	  2.440	ErrPose	 -0.047	  0.098	 -0.027	  0.001
[component_container-11] 	  2.440	ErrTwis	 -0.013	 -0.166	 -0.058	 -0.003
[component_container-11] 	  2.440	    GPS	 -2.013	 -1.944	  0.722	     --
[component_container-11] 	  2.440	   Baro	     --	     --	  1.320	     --
[component_container-11] 	  2.440	  BBias	     --	     --	  0.292	     --
[component_container-11] 	  2.440	  Sonar	     --	     --	  0.963	     --
[component_container-11] 	  2.440	  Magnt	     --	     --	     --	 -0.611
[component_container-11] 
[component_container-11] 	  2.470	   Pose	 -2.035	 -1.931	  0.978	 -0.599
[component_container-11] 	  2.470	  Twist	 -0.072	  0.159	  0.559	 -0.277
[component_container-11] 	  2.470	ErrPose	 -0.046	  0.093	 -0.034	  0.003
[component_container-11] 	  2.470	ErrTwis	 -0.011	 -0.169	 -0.062	 -0.003
[component_container-11] 	  2.470	    GPS	 -2.013	 -1.944	  0.722	     --
[component_container-11] 	  2.470	   Baro	     --	     --	  1.166	     --
[component_container-11] 	  2.470	  BBias	     --	     --	  0.289	     --
[component_container-11] 	  2.470	  Sonar	     --	     --	  0.979	     --
[component_container-11] 	  2.470	  Magnt	     --	     --	     --	 -0.587
[component_container-11] 
[component_container-11] 	  2.500	   Pose	 -2.037	 -1.926	  0.995	 -0.607
[component_container-11] 	  2.500	  Twist	 -0.073	  0.160	  0.561	 -0.268
[component_container-11] 	  2.500	ErrPose	 -0.047	  0.090	 -0.031	  0.000
[component_container-11] 	  2.500	ErrTwis	 -0.008	 -0.173	 -0.063	 -0.012
[component_container-11] 	  2.500	    GPS	 -2.013	 -1.944	  0.722	     --
[component_container-11] 	  2.500	   Baro	     --	     --	  1.166	     --
[component_container-11] 	  2.500	  BBias	     --	     --	  0.289	     --
[component_container-11] 	  2.500	  Sonar	     --	     --	  0.979	     --
[component_container-11] 	  2.500	  Magnt	     --	     --	     --	 -0.587
[component_container-11] 
[component_container-11] [INFO] [1775370724.607089150] [drone.estimator]: TMP LOG gps innov_xy=(0.097, -0.307) est_xy=(-2.038, -1.925) gps_xy=(-1.941, -2.232) corr_xy=(-1.941, -2.232) vel_xy=(-0.073, 0.161)
[component_container-11] [INFO] [1775370724.607206159] [drone.estimator]: TMP LOG gps vel pseudo raw=(0.146, -0.575) filt=(0.132, -0.504) innov_v=(0.190, -0.614) apply=(1,1)
[component_container-11] 	  2.540	   Pose	 -1.975	 -2.129	  1.013	 -0.616
[component_container-11] 	  2.540	  Twist	 -0.015	 -0.025	  0.553	 -0.263
[component_container-11] 	  2.540	ErrPose	 -0.112	  0.294	 -0.029	 -0.002
[component_container-11] 	  2.540	ErrTwis	 -0.062	  0.011	 -0.055	 -0.017
[component_container-11] 	  2.540	    GPS	 -1.941	 -2.232	  0.969	     --
[component_container-11] 	  2.540	   Baro	     --	     --	  1.489	     --
[component_container-11] 	  2.540	  BBias	     --	     --	  0.295	     --
[component_container-11] 	  2.540	  Sonar	     --	     --	  0.977	     --
[component_container-11] 	  2.540	  Magnt	     --	     --	     --	 -0.576
[component_container-11] 
[component_container-11] 	  2.570	   Pose	 -1.975	 -2.129	  1.017	 -0.624
[component_container-11] 	  2.570	  Twist	 -0.016	 -0.023	  0.525	 -0.270
[component_container-11] 	  2.570	ErrPose	 -0.113	  0.295	 -0.023	  0.001
[component_container-11] 	  2.570	ErrTwis	 -0.060	  0.009	 -0.027	 -0.010
[component_container-11] 	  2.570	    GPS	 -1.941	 -2.232	  0.969	     --
[component_container-11] 	  2.570	   Baro	     --	     --	  1.365	     --
[component_container-11] 	  2.570	  BBias	     --	     --	  0.297	     --
[component_container-11] 	  2.570	  Sonar	     --	     --	  0.963	     --
[component_container-11] 	  2.570	  Magnt	     --	     --	     --	 -0.617
[component_container-11] 
[component_container-11] 	  2.600	   Pose	 -1.976	 -2.130	  1.033	 -0.632
[component_container-11] 	  2.600	  Twist	 -0.016	 -0.022	  0.528	 -0.246
[component_container-11] 	  2.600	ErrPose	 -0.115	  0.297	 -0.019	 -0.003
[component_container-11] 	  2.600	ErrTwis	 -0.056	  0.006	 -0.029	 -0.034
[component_container-11] 	  2.600	    GPS	 -1.941	 -2.232	  0.969	     --
[component_container-11] 	  2.600	   Baro	     --	     --	  1.365	     --
[component_container-11] 	  2.600	  BBias	     --	     --	  0.297	     --
[component_container-11] 	  2.600	  Sonar	     --	     --	  0.963	     --
[component_container-11] 	  2.600	  Magnt	     --	     --	     --	 -0.617
[component_container-11] 
[component_container-11] 	  2.640	   Pose	 -1.976	 -2.131	  1.049	 -0.642
[component_container-11] 	  2.640	  Twist	 -0.016	 -0.019	  0.519	 -0.277
[component_container-11] 	  2.640	ErrPose	 -0.117	  0.298	 -0.015	 -0.004
[component_container-11] 	  2.640	ErrTwis	 -0.053	  0.003	 -0.019	 -0.003
[component_container-11] 	  2.640	    GPS	 -1.941	 -2.232	  0.969	     --
[component_container-11] 	  2.640	   Baro	     --	     --	  1.337	     --
[component_container-11] 	  2.640	  BBias	     --	     --	  0.298	     --
[component_container-11] 	  2.640	  Sonar	     --	     --	  1.021	     --
[component_container-11] 	  2.640	  Magnt	     --	     --	     --	 -0.597
[component_container-11] 
[component_container-11] 	  2.670	   Pose	 -1.977	 -2.131	  1.061	 -0.649
[component_container-11] 	  2.670	  Twist	 -0.016	 -0.018	  0.512	 -0.261
[component_container-11] 	  2.670	ErrPose	 -0.117	  0.299	 -0.017	 -0.002
[component_container-11] 	  2.670	ErrTwis	 -0.051	  0.000	 -0.012	 -0.019
[component_container-11] 	  2.670	    GPS	 -1.941	 -2.232	  0.969	     --
[component_container-11] 	  2.670	   Baro	     --	     --	  1.285	     --
[component_container-11] 	  2.670	  BBias	     --	     --	  0.296	     --
[component_container-11] 	  2.670	  Sonar	     --	     --	  1.045	     --
[component_container-11] 	  2.670	  Magnt	     --	     --	     --	 -0.622
[component_container-11] 
[component_container-11] 	  2.700	   Pose	 -1.977	 -2.132	  1.077	 -0.657
[component_container-11] 	  2.700	  Twist	 -0.016	 -0.016	  0.513	 -0.270
[component_container-11] 	  2.700	ErrPose	 -0.119	  0.301	 -0.012	 -0.006
[component_container-11] 	  2.700	ErrTwis	 -0.047	 -0.002	 -0.013	 -0.010
[component_container-11] 	  2.700	    GPS	 -1.941	 -2.232	  0.969	     --
[component_container-11] 	  2.700	   Baro	     --	     --	  1.285	     --
[component_container-11] 	  2.700	  BBias	     --	     --	  0.296	     --
[component_container-11] 	  2.700	  Sonar	     --	     --	  1.045	     --
[component_container-11] 	  2.700	  Magnt	     --	     --	     --	 -0.622
[component_container-11] 
[component_container-11] 	  2.740	   Pose	 -1.978	 -2.133	  1.092	 -0.668
[component_container-11] 	  2.740	  Twist	 -0.017	 -0.014	  0.505	 -0.276
[component_container-11] 	  2.740	ErrPose	 -0.120	  0.302	 -0.008	 -0.005
[component_container-11] 	  2.740	ErrTwis	 -0.043	 -0.005	 -0.004	 -0.004
[component_container-11] 	  2.740	    GPS	 -1.941	 -2.232	  0.969	     --
[component_container-11] 	  2.740	   Baro	     --	     --	  1.515	     --
[component_container-11] 	  2.740	  BBias	     --	     --	  0.300	     --
[component_container-11] 	  2.740	  Sonar	     --	     --	  1.055	     --
[component_container-11] 	  2.740	  Magnt	     --	     --	     --	 -0.671
[component_container-11] 
[component_container-11] 	  2.770	   Pose	 -1.978	 -2.133	  1.106	 -0.676
[component_container-11] 	  2.770	  Twist	 -0.017	 -0.012	  0.504	 -0.273
[component_container-11] 	  2.770	ErrPose	 -0.121	  0.303	 -0.012	 -0.004
[component_container-11] 	  2.770	ErrTwis	 -0.041	 -0.006	 -0.002	 -0.008
[component_container-11] 	  2.770	    GPS	 -1.941	 -2.232	  0.969	     --
[component_container-11] 	  2.770	   Baro	     --	     --	  1.347	     --
[component_container-11] 	  2.770	  BBias	     --	     --	  0.299	     --
[component_container-11] 	  2.770	  Sonar	     --	     --	  1.097	     --
[component_container-11] 	  2.770	  Magnt	     --	     --	     --	 -0.649
[component_container-11] 
[component_container-11] 	  2.800	   Pose	 -1.979	 -2.133	  1.121	 -0.684
[component_container-11] 	  2.800	  Twist	 -0.018	 -0.009	  0.506	 -0.274
[component_container-11] 	  2.800	ErrPose	 -0.122	  0.305	 -0.007	 -0.007
[component_container-11] 	  2.800	ErrTwis	 -0.039	 -0.006	 -0.004	 -0.006
[component_container-11] 	  2.800	    GPS	 -1.941	 -2.232	  0.969	     --
[component_container-11] 	  2.800	   Baro	     --	     --	  1.347	     --
[component_container-11] 	  2.800	  BBias	     --	     --	  0.299	     --
[component_container-11] 	  2.800	  Sonar	     --	     --	  1.097	     --
[component_container-11] 	  2.800	  Magnt	     --	     --	     --	 -0.649
[component_container-11] 
[component_container-11] 	  2.840	   Pose	 -1.980	 -2.134	  1.141	 -0.694
[component_container-11] 	  2.840	  Twist	 -0.018	 -0.007	  0.508	 -0.275
[component_container-11] 	  2.840	ErrPose	 -0.123	  0.306	 -0.007	 -0.008
[component_container-11] 	  2.840	ErrTwis	 -0.036	 -0.004	 -0.005	 -0.005
[component_container-11] 	  2.840	    GPS	 -1.941	 -2.232	  0.969	     --
[component_container-11] 	  2.840	   Baro	     --	     --	  1.455	     --
[component_container-11] 	  2.840	  BBias	     --	     --	  0.300	     --
[component_container-11] 	  2.840	  Sonar	     --	     --	  1.131	     --
[component_container-11] 	  2.840	  Magnt	     --	     --	     --	 -0.660
[component_container-11] 
[component_container-11] 	  2.870	   Pose	 -1.980	 -2.134	  1.158	 -0.704
[component_container-11] 	  2.870	  Twist	 -0.019	 -0.005	  0.513	 -0.265
[component_container-11] 	  2.870	ErrPose	 -0.123	  0.307	 -0.013	 -0.004
[component_container-11] 	  2.870	ErrTwis	 -0.033	 -0.004	 -0.009	 -0.015
[component_container-11] 	  2.870	    GPS	 -1.941	 -2.232	  0.969	     --
[component_container-11] 	  2.870	   Baro	     --	     --	  1.400	     --
[component_container-11] 	  2.870	  BBias	     --	     --	  0.299	     --
[component_container-11] 	  2.870	  Sonar	     --	     --	  1.163	     --
[component_container-11] 	  2.870	  Magnt	     --	     --	     --	 -0.754
[component_container-11] 
[component_container-11] 	  2.900	   Pose	 -1.981	 -2.134	  1.173	 -0.712
[component_container-11] 	  2.900	  Twist	 -0.019	 -0.003	  0.515	 -0.270
[component_container-11] 	  2.900	ErrPose	 -0.124	  0.309	 -0.008	 -0.007
[component_container-11] 	  2.900	ErrTwis	 -0.031	 -0.001	 -0.011	 -0.010
[component_container-11] 	  2.900	    GPS	 -1.941	 -2.232	  0.969	     --
[component_container-11] 	  2.900	   Baro	     --	     --	  1.400	     --
[component_container-11] 	  2.900	  BBias	     --	     --	  0.299	     --
[component_container-11] 	  2.900	  Sonar	     --	     --	  1.163	     --
[component_container-11] 	  2.900	  Magnt	     --	     --	     --	 -0.754
[component_container-11] 
[component_container-11] 	  2.940	   Pose	 -1.982	 -2.134	  1.184	 -0.723
[component_container-11] 	  2.940	  Twist	 -0.019	 -0.000	  0.496	 -0.265
[component_container-11] 	  2.940	ErrPose	 -0.124	  0.310	  0.001	 -0.007
[component_container-11] 	  2.940	ErrTwis	 -0.029	 -0.000	  0.008	 -0.015
[component_container-11] 	  2.940	    GPS	 -1.941	 -2.232	  0.969	     --
[component_container-11] 	  2.940	   Baro	     --	     --	  1.558	     --
[component_container-11] 	  2.940	  BBias	     --	     --	  0.301	     --
[component_container-11] 	  2.940	  Sonar	     --	     --	  1.139	     --
[component_container-11] 	  2.940	  Magnt	     --	     --	     --	 -0.718
[component_container-11] 
[component_container-11] 	  2.970	   Pose	 -1.982	 -2.134	  1.199	 -0.731
[component_container-11] 	  2.970	  Twist	 -0.019	  0.002	  0.496	 -0.258
[component_container-11] 	  2.970	ErrPose	 -0.124	  0.311	 -0.004	 -0.004
[component_container-11] 	  2.970	ErrTwis	 -0.027	 -0.000	  0.008	 -0.022
[component_container-11] 	  2.970	    GPS	 -1.941	 -2.232	  0.969	     --
[component_container-11] 	  2.970	   Baro	     --	     --	  1.432	     --
[component_container-11] 	  2.970	  BBias	     --	     --	  0.300	     --
[component_container-11] 	  2.970	  Sonar	     --	     --	  1.139	     --
[component_container-11] 	  2.970	  Magnt	     --	     --	     --	 -0.749
[component_container-11] 
[component_container-11] 	  3.000	   Pose	 -1.983	 -2.134	  1.214	 -0.739
[component_container-11] 	  3.000	  Twist	 -0.020	  0.004	  0.498	 -0.273
[component_container-11] 	  3.000	ErrPose	 -0.124	  0.312	  0.002	 -0.007
[component_container-11] 	  3.000	ErrTwis	 -0.024	  0.001	  0.007	 -0.007
[component_container-11] 	  3.000	    GPS	 -1.941	 -2.232	  0.969	     --
[component_container-11] 	  3.000	   Baro	     --	     --	  1.432	     --
[component_container-11] 	  3.000	  BBias	     --	     --	  0.300	     --
[component_container-11] 	  3.000	  Sonar	     --	     --	  1.198	     --
[component_container-11] 	  3.000	  Magnt	     --	     --	     --	 -0.749
[component_container-11] 
[component_container-11] 	  3.040	   Pose	 -2.047	 -2.061	  1.226	 -0.751
[component_container-11] 	  3.040	  Twist	 -0.076	  0.075	  0.482	 -0.267
[component_container-11] 	  3.040	ErrPose	 -0.061	  0.240	  0.010	 -0.006
[component_container-11] 	  3.040	ErrTwis	  0.034	 -0.067	  0.023	 -0.013
[component_container-11] 	  3.040	    GPS	 -2.077	 -2.045	  1.220	     --
[component_container-11] 	  3.040	   Baro	     --	     --	  1.447	     --
[component_container-11] 	  3.040	  BBias	     --	     --	  0.299	     --
[component_container-11] 	  3.040	  Sonar	     --	     --	  1.195	     --
[component_container-11] 	  3.040	  Magnt	     --	     --	     --	 -0.776
[component_container-11] 
[component_container-11] [INFO] [1775370725.143768837] [drone.estimator]: TMP LOG err_xyz=(-0.061, 0.240, 0.010) | z_est=1.226 vz_est=0.482 bias=0.299 | gps_z=1.220 sonar=1.195 baro=1.447
[component_container-11] 	  3.070	   Pose	 -2.049	 -2.059	  1.241	 -0.759
[component_container-11] 	  3.070	  Twist	 -0.077	  0.077	  0.485	 -0.260
[component_container-11] 	  3.070	ErrPose	 -0.059	  0.239	  0.005	 -0.005
[component_container-11] 	  3.070	ErrTwis	  0.036	 -0.068	  0.021	 -0.020
[component_container-11] 	  3.070	    GPS	 -2.077	 -2.045	  1.220	     --
[component_container-11] 	  3.070	   Baro	     --	     --	  1.588	     --
[component_container-11] 	  3.070	  BBias	     --	     --	  0.300	     --
[component_container-11] 	  3.070	  Sonar	     --	     --	  1.195	     --
[component_container-11] 	  3.070	  Magnt	     --	     --	     --	 -0.722
[component_container-11] 
[component_container-11] [INFO] [1775370725.205730356] [drone.controller]: cmd_vel body=(0.070, 0.016, 0.500) yaw=-0.300 | odom_received=true | plan_points=39
[component_container-11] 	  3.100	   Pose	 -2.051	 -2.056	  1.256	 -0.767
[component_container-11] 	  3.100	  Twist	 -0.077	  0.079	  0.489	 -0.270
[component_container-11] 	  3.100	ErrPose	 -0.057	  0.238	  0.010	 -0.008
[component_container-11] 	  3.100	ErrTwis	  0.038	 -0.068	  0.017	 -0.010
[component_container-11] 	  3.100	    GPS	 -2.077	 -2.045	  1.220	     --
[component_container-11] 	  3.100	   Baro	     --	     --	  1.588	     --
[component_container-11] 	  3.100	  BBias	     --	     --	  0.300	     --
[component_container-11] 	  3.100	  Sonar	     --	     --	  1.249	     --
[component_container-11] 	  3.100	  Magnt	     --	     --	     --	 -0.722
[component_container-11] 
[component_container-11] 	  3.140	   Pose	 -2.054	 -2.053	  1.282	 -0.777
[component_container-11] 	  3.140	  Twist	 -0.077	  0.081	  0.508	 -0.276
[component_container-11] 	  3.140	ErrPose	 -0.055	  0.236	  0.004	 -0.009
[component_container-11] 	  3.140	ErrTwis	  0.040	 -0.068	 -0.002	 -0.004
[component_container-11] 	  3.140	    GPS	 -2.077	 -2.045	  1.220	     --
[component_container-11] 	  3.140	   Baro	     --	     --	  1.544	     --
[component_container-11] 	  3.140	  BBias	     --	     --	  0.299	     --
[component_container-11] 	  3.140	  Sonar	     --	     --	  1.303	     --
[component_container-11] 	  3.140	  Magnt	     --	     --	     --	 -0.751
[component_container-11] 
[component_container-11] 	  3.170	   Pose	 -2.057	 -2.050	  1.298	 -0.784
[component_container-11] 	  3.170	  Twist	 -0.078	  0.084	  0.510	 -0.262
[component_container-11] 	  3.170	ErrPose	 -0.052	  0.234	 -0.002	 -0.007
[component_container-11] 	  3.170	ErrTwis	  0.042	 -0.070	 -0.004	 -0.018
[component_container-11] 	  3.170	    GPS	 -2.077	 -2.045	  1.220	     --
[component_container-11] 	  3.170	   Baro	     --	     --	  1.634	     --
[component_container-11] 	  3.170	  BBias	     --	     --	  0.300	     --
[component_container-11] 	  3.170	  Sonar	     --	     --	  1.303	     --
[component_container-11] 	  3.170	  Magnt	     --	     --	     --	 -0.759
[component_container-11] 
[component_container-11] 	  3.200	   Pose	 -2.059	 -2.048	  1.312	 -0.792
[component_container-11] 	  3.200	  Twist	 -0.078	  0.086	  0.509	 -0.259
[component_container-11] 	  3.200	ErrPose	 -0.050	  0.233	  0.005	 -0.010
[component_container-11] 	  3.200	ErrTwis	  0.044	 -0.070	 -0.002	 -0.021
[component_container-11] 	  3.200	    GPS	 -2.077	 -2.045	  1.220	     --
[component_container-11] 	  3.200	   Baro	     --	     --	  1.634	     --
[component_container-11] 	  3.200	  BBias	     --	     --	  0.300	     --
[component_container-11] 	  3.200	  Sonar	     --	     --	  1.296	     --
[component_container-11] 	  3.200	  Magnt	     --	     --	     --	 -0.759
[component_container-11] 
[component_container-11] 	  3.240	   Pose	 -2.062	 -2.044	  1.329	 -0.803
[component_container-11] 	  3.240	  Twist	 -0.079	  0.088	  0.504	 -0.279
[component_container-11] 	  3.240	ErrPose	 -0.047	  0.231	  0.008	 -0.011
[component_container-11] 	  3.240	ErrTwis	  0.047	 -0.071	  0.003	 -0.001
[component_container-11] 	  3.240	    GPS	 -2.077	 -2.045	  1.220	     --
[component_container-11] 	  3.240	   Baro	     --	     --	  1.713	     --
[component_container-11] 	  3.240	  BBias	     --	     --	  0.302	     --
[component_container-11] 	  3.240	  Sonar	     --	     --	  1.311	     --
[component_container-11] 	  3.240	  Magnt	     --	     --	     --	 -0.780
[component_container-11] 
[component_container-11] 	  3.270	   Pose	 -2.065	 -2.042	  1.345	 -0.811
[component_container-11] 	  3.270	  Twist	 -0.079	  0.090	  0.507	 -0.275
[component_container-11] 	  3.270	ErrPose	 -0.045	  0.229	  0.002	 -0.008
[component_container-11] 	  3.270	ErrTwis	  0.048	 -0.072	 -0.000	 -0.005
[component_container-11] 	  3.270	    GPS	 -2.077	 -2.045	  1.220	     --
[component_container-11] 	  3.270	   Baro	     --	     --	  1.688	     --
[component_container-11] 	  3.270	  BBias	     --	     --	  0.303	     --
[component_container-11] 	  3.270	  Sonar	     --	     --	  1.311	     --
[component_container-11] 	  3.270	  Magnt	     --	     --	     --	 -0.818
[component_container-11] 
[component_container-11] 	  3.300	   Pose	 -2.067	 -2.039	  1.354	 -0.819
[component_container-11] 	  3.300	  Twist	 -0.079	  0.091	  0.495	 -0.270
[component_container-11] 	  3.300	ErrPose	 -0.043	  0.227	  0.013	 -0.011
[component_container-11] 	  3.300	ErrTwis	  0.051	 -0.072	  0.012	 -0.010
[component_container-11] 	  3.300	    GPS	 -2.077	 -2.045	  1.220	     --
[component_container-11] 	  3.300	   Baro	     --	     --	  1.688	     --
[component_container-11] 	  3.300	  BBias	     --	     --	  0.303	     --
[component_container-11] 	  3.300	  Sonar	     --	     --	  1.324	     --
[component_container-11] 	  3.300	  Magnt	     --	     --	     --	 -0.818
[component_container-11] 
[component_container-11] 	  3.340	   Pose	 -2.070	 -2.035	  1.373	 -0.829
[component_container-11] 	  3.340	  Twist	 -0.080	  0.094	  0.495	 -0.271
[component_container-11] 	  3.340	ErrPose	 -0.040	  0.225	  0.014	 -0.013
[component_container-11] 	  3.340	ErrTwis	  0.054	 -0.074	  0.013	 -0.009
[component_container-11] 	  3.340	    GPS	 -2.077	 -2.045	  1.220	     --
[component_container-11] 	  3.340	   Baro	     --	     --	  1.537	     --
[component_container-11] 	  3.340	  BBias	     --	     --	  0.301	     --
[component_container-11] 	  3.340	  Sonar	     --	     --	  1.368	     --
[component_container-11] 	  3.340	  Magnt	     --	     --	     --	 -0.780
[component_container-11] 
[component_container-11] 	  3.370	   Pose	 -2.073	 -2.033	  1.388	 -0.837
[component_container-11] 	  3.370	  Twist	 -0.081	  0.096	  0.497	 -0.278
[component_container-11] 	  3.370	ErrPose	 -0.037	  0.223	  0.010	 -0.010
[component_container-11] 	  3.370	ErrTwis	  0.055	 -0.076	  0.011	 -0.002
[component_container-11] 	  3.370	    GPS	 -2.077	 -2.045	  1.220	     --
[component_container-11] 	  3.370	   Baro	     --	     --	  1.675	     --
[component_container-11] 	  3.370	  BBias	     --	     --	  0.301	     --
[component_container-11] 	  3.370	  Sonar	     --	     --	  1.368	     --
[component_container-11] 	  3.370	  Magnt	     --	     --	     --	 -0.843
[component_container-11] 
[component_container-11] 	  3.400	   Pose	 -2.075	 -2.030	  1.395	 -0.846
[component_container-11] 	  3.400	  Twist	 -0.081	  0.098	  0.480	 -0.275
[component_container-11] 	  3.400	ErrPose	 -0.034	  0.221	  0.023	 -0.013
[component_container-11] 	  3.400	ErrTwis	  0.058	 -0.077	  0.029	 -0.005
[component_container-11] 	  3.400	    GPS	 -2.077	 -2.045	  1.220	     --
[component_container-11] 	  3.400	   Baro	     --	     --	  1.675	     --
[component_container-11] 	  3.400	  BBias	     --	     --	  0.302	     --
[component_container-11] 	  3.400	  Sonar	     --	     --	  1.356	     --
[component_container-11] 	  3.400	  Magnt	     --	     --	     --	 -0.843
[component_container-11] 
[component_container-11] 	  3.440	   Pose	 -2.078	 -2.026	  1.422	 -0.858
[component_container-11] 	  3.440	  Twist	 -0.081	  0.100	  0.501	 -0.280
[component_container-11] 	  3.440	ErrPose	 -0.031	  0.218	  0.016	 -0.011
[component_container-11] 	  3.440	ErrTwis	  0.060	 -0.079	  0.008	 -0.000
[component_container-11] 	  3.440	    GPS	 -2.077	 -2.045	  1.220	     --
[component_container-11] 	  3.440	   Baro	     --	     --	  1.708	     --
[component_container-11] 	  3.440	  BBias	     --	     --	  0.301	     --
[component_container-11] 	  3.440	  Sonar	     --	     --	  1.444	     --
[component_container-11] 	  3.440	  Magnt	     --	     --	     --	 -0.907
[component_container-11] 
[component_container-11] 	  3.470	   Pose	 -2.081	 -2.023	  1.437	 -0.867
[component_container-11] 	  3.470	  Twist	 -0.081	  0.103	  0.502	 -0.272
[component_container-11] 	  3.470	ErrPose	 -0.028	  0.215	  0.011	 -0.009
[component_container-11] 	  3.470	ErrTwis	  0.062	 -0.082	  0.007	 -0.008
[component_container-11] 	  3.470	    GPS	 -2.077	 -2.045	  1.220	     --
[component_container-11] 	  3.470	   Baro	     --	     --	  1.698	     --
[component_container-11] 	  3.470	  BBias	     --	     --	  0.301	     --
[component_container-11] 	  3.470	  Sonar	     --	     --	  1.444	     --
[component_container-11] 	  3.470	  Magnt	     --	     --	     --	 -0.874
[component_container-11] 
[component_container-11] 	  3.500	   Pose	 -2.083	 -2.019	  1.458	 -0.875
[component_container-11] 	  3.500	  Twist	 -0.081	  0.105	  0.516	 -0.271
[component_container-11] 	  3.500	ErrPose	 -0.026	  0.213	  0.011	 -0.012
[component_container-11] 	  3.500	ErrTwis	  0.063	 -0.084	 -0.007	 -0.009
[component_container-11] 	  3.500	    GPS	 -2.077	 -2.045	  1.220	     --
[component_container-11] 	  3.500	   Baro	     --	     --	  1.698	     --
[component_container-11] 	  3.500	  BBias	     --	     --	  0.301	     --
[component_container-11] 	  3.500	  Sonar	     --	     --	  1.468	     --
[component_container-11] 	  3.500	  Magnt	     --	     --	     --	 -0.874
[component_container-11] 
[component_container-11] [INFO] [1775370725.613567907] [drone.estimator]: TMP LOG gps innov_xy=(-0.112, 0.205) est_xy=(-2.084, -2.018) gps_xy=(-2.196, -1.813) corr_xy=(-2.196, -1.813) vel_xy=(-0.081, 0.106)
[component_container-11] [INFO] [1775370725.614147483] [drone.estimator]: TMP LOG gps vel pseudo raw=(-0.237, 0.463) filt=(-0.237, 0.445) innov_v=(-0.139, 0.308) apply=(1,1)
[component_container-11] 	  3.540	   Pose	 -2.145	 -1.900	  1.480	 -0.886
[component_container-11] 	  3.540	  Twist	 -0.125	  0.200	  0.522	 -0.271
[component_container-11] 	  3.540	ErrPose	  0.037	  0.094	  0.010	 -0.012
[component_container-11] 	  3.540	ErrTwis	  0.109	 -0.178	 -0.013	 -0.009
[component_container-11] 	  3.540	    GPS	 -2.196	 -1.813	  1.474	     --
[component_container-11] 	  3.540	   Baro	     --	     --	  1.780	     --
[component_container-11] 	  3.540	  BBias	     --	     --	  0.301	     --
[component_container-11] 	  3.540	  Sonar	     --	     --	  1.483	     --
[component_container-11] 	  3.540	  Magnt	     --	     --	     --	 -0.882
[component_container-11] 
[component_container-11] 	  3.570	   Pose	 -2.149	 -1.894	  1.496	 -0.893
[component_container-11] 	  3.570	  Twist	 -0.125	  0.202	  0.524	 -0.258
[component_container-11] 	  3.570	ErrPose	  0.041	  0.089	  0.004	 -0.010
[component_container-11] 	  3.570	ErrTwis	  0.111	 -0.180	 -0.015	 -0.022
[component_container-11] 	  3.570	    GPS	 -2.196	 -1.813	  1.474	     --
[component_container-11] 	  3.570	   Baro	     --	     --	  1.787	     --
[component_container-11] 	  3.570	  BBias	     --	     --	  0.301	     --
[component_container-11] 	  3.570	  Sonar	     --	     --	  1.483	     --
[component_container-11] 	  3.570	  Magnt	     --	     --	     --	 -0.869
[component_container-11] 
[component_container-11] 	  3.600	   Pose	 -2.152	 -1.887	  1.510	 -0.901
[component_container-11] 	  3.600	  Twist	 -0.125	  0.204	  0.522	 -0.261
[component_container-11] 	  3.600	ErrPose	  0.045	  0.083	  0.010	 -0.013
[component_container-11] 	  3.600	ErrTwis	  0.114	 -0.182	 -0.012	 -0.019
[component_container-11] 	  3.600	    GPS	 -2.196	 -1.813	  1.474	     --
[component_container-11] 	  3.600	   Baro	     --	     --	  1.787	     --
[component_container-11] 	  3.600	  BBias	     --	     --	  0.301	     --
[component_container-11] 	  3.600	  Sonar	     --	     --	  1.494	     --
[component_container-11] 	  3.600	  Magnt	     --	     --	     --	 -0.869
[component_container-11] 
[component_container-11] 	  3.640	   Pose	 -2.157	 -1.879	  1.538	 -0.912
[component_container-11] 	  3.640	  Twist	 -0.126	  0.207	  0.541	 -0.274
[component_container-11] 	  3.640	ErrPose	  0.050	  0.076	  0.002	 -0.013
[component_container-11] 	  3.640	ErrTwis	  0.115	 -0.185	 -0.032	 -0.006
[component_container-11] 	  3.640	    GPS	 -2.196	 -1.813	  1.474	     --
[component_container-11] 	  3.640	   Baro	     --	     --	  2.074	     --
[component_container-11] 	  3.640	  BBias	     --	     --	  0.304	     --
[component_container-11] 	  3.640	  Sonar	     --	     --	  1.554	     --
[component_container-11] 	  3.640	  Magnt	     --	     --	     --	 -0.913
[component_container-11] 
[component_container-11] 	  3.670	   Pose	 -2.161	 -1.873	  1.555	 -0.921
[component_container-11] 	  3.670	  Twist	 -0.125	  0.209	  0.545	 -0.270
[component_container-11] 	  3.670	ErrPose	  0.054	  0.070	 -0.005	 -0.010
[component_container-11] 	  3.670	ErrTwis	  0.116	 -0.187	 -0.035	 -0.010
[component_container-11] 	  3.670	    GPS	 -2.196	 -1.813	  1.474	     --
[component_container-11] 	  3.670	   Baro	     --	     --	  1.970	     --
[component_container-11] 	  3.670	  BBias	     --	     --	  0.306	     --
[component_container-11] 	  3.670	  Sonar	     --	     --	  1.554	     --
[component_container-11] 	  3.670	  Magnt	     --	     --	     --	 -0.944
[component_container-11] 
[component_container-11] 	  3.700	   Pose	 -2.165	 -1.867	  1.573	 -0.929
[component_container-11] 	  3.700	  Twist	 -0.125	  0.211	  0.550	 -0.261
[component_container-11] 	  3.700	ErrPose	  0.059	  0.064	 -0.002	 -0.013
[component_container-11] 	  3.700	ErrTwis	  0.117	 -0.188	 -0.040	 -0.019
[component_container-11] 	  3.700	    GPS	 -2.196	 -1.813	  1.474	     --
[component_container-11] 	  3.700	   Baro	     --	     --	  1.970	     --
[component_container-11] 	  3.700	  BBias	     --	     --	  0.306	     --
[component_container-11] 	  3.700	  Sonar	     --	     --	  1.567	     --
[component_container-11] 	  3.700	  Magnt	     --	     --	     --	 -0.944
[component_container-11] 
[component_container-11] 	  3.740	   Pose	 -2.170	 -1.858	  1.591	 -0.940
[component_container-11] 	  3.740	  Twist	 -0.125	  0.214	  0.542	 -0.263
[component_container-11] 	  3.740	ErrPose	  0.065	  0.056	  0.000	 -0.013
[component_container-11] 	  3.740	ErrTwis	  0.120	 -0.191	 -0.032	 -0.017
[component_container-11] 	  3.740	    GPS	 -2.196	 -1.813	  1.474	     --
[component_container-11] 	  3.740	   Baro	     --	     --	  1.867	     --
[component_container-11] 	  3.740	  BBias	     --	     --	  0.306	     --
[component_container-11] 	  3.740	  Sonar	     --	     --	  1.572	     --
[component_container-11] 	  3.740	  Magnt	     --	     --	     --	 -0.946
[component_container-11] 
[component_container-11] 	  3.770	   Pose	 -2.174	 -1.852	  1.608	 -0.948
[component_container-11] 	  3.770	  Twist	 -0.125	  0.216	  0.545	 -0.265
[component_container-11] 	  3.770	ErrPose	  0.069	  0.050	 -0.007	 -0.011
[component_container-11] 	  3.770	ErrTwis	  0.122	 -0.193	 -0.035	 -0.014
[component_container-11] 	  3.770	    GPS	 -2.196	 -1.813	  1.474	     --
[component_container-11] 	  3.770	   Baro	     --	     --	  1.985	     --
[component_container-11] 	  3.770	  BBias	     --	     --	  0.308	     --
[component_container-11] 	  3.770	  Sonar	     --	     --	  1.572	     --
[component_container-11] 	  3.770	  Magnt	     --	     --	     --	 -0.936
[component_container-11] 
[component_container-11] 	  3.800	   Pose	 -2.177	 -1.845	  1.615	 -0.956
[component_container-11] 	  3.800	  Twist	 -0.125	  0.218	  0.524	 -0.283
[component_container-11] 	  3.800	ErrPose	  0.073	  0.044	  0.007	 -0.014
[component_container-11] 	  3.800	ErrTwis	  0.125	 -0.196	 -0.014	  0.003
[component_container-11] 	  3.800	    GPS	 -2.196	 -1.813	  1.474	     --
[component_container-11] 	  3.800	   Baro	     --	     --	  1.985	     --
[component_container-11] 	  3.800	  BBias	     --	     --	  0.308	     --
[component_container-11] 	  3.800	  Sonar	     --	     --	  1.570	     --
[component_container-11] 	  3.800	  Magnt	     --	     --	     --	 -0.936
[component_container-11] 
[component_container-11] 	  3.840	   Pose	 -2.182	 -1.836	  1.637	 -0.968
[component_container-11] 	  3.840	  Twist	 -0.126	  0.221	  0.529	 -0.294
[component_container-11] 	  3.840	ErrPose	  0.079	  0.035	  0.005	 -0.013
[component_container-11] 	  3.840	ErrTwis	  0.128	 -0.199	 -0.019	  0.014
[component_container-11] 	  3.840	    GPS	 -2.196	 -1.813	  1.474	     --
[component_container-11] 	  3.840	   Baro	     --	     --	  1.962	     --
[component_container-11] 	  3.840	  BBias	     --	     --	  0.309	     --
[component_container-11] 	  3.840	  Sonar	     --	     --	  1.635	     --
[component_container-11] 	  3.840	  Magnt	     --	     --	     --	 -0.988
[component_container-11] 
[component_container-11] 	  3.870	   Pose	 -2.186	 -1.830	  1.653	 -0.977
[component_container-11] 	  3.870	  Twist	 -0.126	  0.223	  0.531	 -0.268
[component_container-11] 	  3.870	ErrPose	  0.083	  0.029	 -0.001	 -0.010
[component_container-11] 	  3.870	ErrTwis	  0.129	 -0.202	 -0.021	 -0.012
[component_container-11] 	  3.870	    GPS	 -2.196	 -1.813	  1.474	     --
[component_container-11] 	  3.870	   Baro	     --	     --	  2.032	     --
[component_container-11] 	  3.870	  BBias	     --	     --	  0.310	     --
[component_container-11] 	  3.870	  Sonar	     --	     --	  1.635	     --
[component_container-11] 	  3.870	  Magnt	     --	     --	     --	 -0.977
[component_container-11] 
[component_container-11] 	  3.900	   Pose	 -2.190	 -1.823	  1.667	 -0.985
[component_container-11] 	  3.900	  Twist	 -0.125	  0.226	  0.527	 -0.256
[component_container-11] 	  3.900	ErrPose	  0.088	  0.022	  0.006	 -0.014
[component_container-11] 	  3.900	ErrTwis	  0.132	 -0.205	 -0.017	 -0.024
[component_container-11] 	  3.900	    GPS	 -2.196	 -1.813	  1.474	     --
[component_container-11] 	  3.900	   Baro	     --	     --	  2.032	     --
[component_container-11] 	  3.900	  BBias	     --	     --	  0.310	     --
[component_container-11] 	  3.900	  Sonar	     --	     --	  1.647	     --
[component_container-11] 	  3.900	  Magnt	     --	     --	     --	 -0.977
[component_container-11] 
[component_container-11] 	  3.940	   Pose	 -2.195	 -1.814	  1.693	 -0.995
[component_container-11] 	  3.940	  Twist	 -0.124	  0.228	  0.541	 -0.266
[component_container-11] 	  3.940	ErrPose	  0.094	  0.013	  0.001	 -0.015
[component_container-11] 	  3.940	ErrTwis	  0.133	 -0.208	 -0.030	 -0.013
[component_container-11] 	  3.940	    GPS	 -2.196	 -1.813	  1.474	     --
[component_container-11] 	  3.940	   Baro	     --	     --	  1.991	     --
[component_container-11] 	  3.940	  BBias	     --	     --	  0.310	     --
[component_container-11] 	  3.940	  Sonar	     --	     --	  1.704	     --
[component_container-11] 	  3.940	  Magnt	     --	     --	     --	 -0.971
[component_container-11] 
[component_container-11] 	  3.970	   Pose	 -2.199	 -1.807	  1.708	 -1.005
[component_container-11] 	  3.970	  Twist	 -0.124	  0.230	  0.541	 -0.271
[component_container-11] 	  3.970	ErrPose	  0.098	  0.006	 -0.005	 -0.011
[component_container-11] 	  3.970	ErrTwis	  0.134	 -0.210	 -0.031	 -0.009
[component_container-11] 	  3.970	    GPS	 -2.196	 -1.813	  1.474	     --
[component_container-11] 	  3.970	   Baro	     --	     --	  1.948	     --
[component_container-11] 	  3.970	  BBias	     --	     --	  0.309	     --
[component_container-11] 	  3.970	  Sonar	     --	     --	  1.704	     --
[component_container-11] 	  3.970	  Magnt	     --	     --	     --	 -1.065
[component_container-11] 
[component_container-11] 	  4.000	   Pose	 -2.202	 -1.800	  1.726	 -1.013
[component_container-11] 	  4.000	  Twist	 -0.124	  0.232	  0.545	 -0.276
[component_container-11] 	  4.000	ErrPose	  0.103	 -0.002	 -0.002	 -0.014
[component_container-11] 	  4.000	ErrTwis	  0.137	 -0.213	 -0.035	 -0.004
[component_container-11] 	  4.000	    GPS	 -2.196	 -1.813	  1.474	     --
[component_container-11] 	  4.000	   Baro	     --	     --	  1.948	     --
[component_container-11] 	  4.000	  BBias	     --	     --	  0.309	     --
[component_container-11] 	  4.000	  Sonar	     --	     --	  1.719	     --
[component_container-11] 	  4.000	  Magnt	     --	     --	     --	 -1.065
[component_container-11] 
[component_container-11] 	  4.040	   Pose	 -2.164	 -1.922	  1.746	 -1.023
[component_container-11] 	  4.040	  Twist	 -0.083	  0.117	  0.543	 -0.270
[component_container-11] 	  4.040	ErrPose	  0.066	  0.120	 -0.002	 -0.014
[component_container-11] 	  4.040	ErrTwis	  0.100	 -0.098	 -0.033	 -0.009
[component_container-11] 	  4.040	    GPS	 -2.151	 -1.983	  1.729	     --
[component_container-11] 	  4.040	   Baro	     --	     --	  1.876	     --
[component_container-11] 	  4.040	  BBias	     --	     --	  0.307	     --
[component_container-11] 	  4.040	  Sonar	     --	     --	  1.738	     --
[component_container-11] 	  4.040	  Magnt	     --	     --	     --	 -1.022
[component_container-11] 
[component_container-11] [INFO] [1775370726.149823663] [drone.estimator]: TMP LOG err_xyz=(0.066, 0.120, -0.002) | z_est=1.746 vz_est=0.543 bias=0.307 | gps_z=1.729 sonar=1.738 baro=1.876
[component_container-11] 	  4.070	   Pose	 -2.167	 -1.918	  1.762	 -1.032
[component_container-11] 	  4.070	  Twist	 -0.083	  0.119	  0.544	 -0.278
[component_container-11] 	  4.070	ErrPose	  0.069	  0.116	 -0.008	 -0.011
[component_container-11] 	  4.070	ErrTwis	  0.101	 -0.100	 -0.034	 -0.001
[component_container-11] 	  4.070	    GPS	 -2.151	 -1.983	  1.729	     --
[component_container-11] 	  4.070	   Baro	     --	     --	  2.034	     --
[component_container-11] 	  4.070	  BBias	     --	     --	  0.306	     --
[component_container-11] 	  4.070	  Sonar	     --	     --	  1.738	     --
[component_container-11] 	  4.070	  Magnt	     --	     --	     --	 -1.046
[component_container-11] 
[component_container-11] [INFO] [1775370726.209813886] [drone.controller]: cmd_vel body=(-0.023, 0.053, 0.500) yaw=-0.300 | odom_received=true | plan_points=34
[component_container-11] 	  4.100	   Pose	 -2.169	 -1.915	  1.766	 -1.040
[component_container-11] 	  4.100	  Twist	 -0.082	  0.121	  0.517	 -0.265
[component_container-11] 	  4.100	ErrPose	  0.073	  0.112	  0.009	 -0.014
[component_container-11] 	  4.100	ErrTwis	  0.103	 -0.102	 -0.007	 -0.015
[component_container-11] 	  4.100	    GPS	 -2.151	 -1.983	  1.729	     --
[component_container-11] 	  4.100	   Baro	     --	     --	  2.034	     --
[component_container-11] 	  4.100	  BBias	     --	     --	  0.307	     --
[component_container-11] 	  4.100	  Sonar	     --	     --	  1.712	     --
[component_container-11] 	  4.100	  Magnt	     --	     --	     --	 -1.046
[component_container-11] 
[component_container-11] 	  4.140	   Pose	 -2.172	 -1.910	  1.791	 -1.050
[component_container-11] 	  4.140	  Twist	 -0.082	  0.124	  0.527	 -0.266
[component_container-11] 	  4.140	ErrPose	  0.078	  0.106	  0.005	 -0.015
[component_container-11] 	  4.140	ErrTwis	  0.106	 -0.104	 -0.017	 -0.014
[component_container-11] 	  4.140	    GPS	 -2.151	 -1.983	  1.729	     --
[component_container-11] 	  4.140	   Baro	     --	     --	  2.152	     --
[component_container-11] 	  4.140	  BBias	     --	     --	  0.308	     --
[component_container-11] 	  4.140	  Sonar	     --	     --	  1.796	     --
[component_container-11] 	  4.140	  Magnt	     --	     --	     --	 -1.036
[component_container-11] 
[component_container-11] 	  4.170	   Pose	 -2.175	 -1.906	  1.807	 -1.060
[component_container-11] 	  4.170	  Twist	 -0.082	  0.126	  0.529	 -0.272
[component_container-11] 	  4.170	ErrPose	  0.081	  0.102	 -0.001	 -0.011
[component_container-11] 	  4.170	ErrTwis	  0.108	 -0.106	 -0.019	 -0.008
[component_container-11] 	  4.170	    GPS	 -2.151	 -1.983	  1.729	     --
[component_container-11] 	  4.170	   Baro	     --	     --	  2.163	     --
[component_container-11] 	  4.170	  BBias	     --	     --	  0.309	     --
[component_container-11] 	  4.170	  Sonar	     --	     --	  1.796	     --
[component_container-11] 	  4.170	  Magnt	     --	     --	     --	 -1.103
[component_container-11] 
[component_container-11] 	  4.200	   Pose	 -2.177	 -1.902	  1.821	 -1.068
[component_container-11] 	  4.200	  Twist	 -0.081	  0.128	  0.528	 -0.282
[component_container-11] 	  4.200	ErrPose	  0.085	  0.098	  0.005	 -0.014
[component_container-11] 	  4.200	ErrTwis	  0.111	 -0.108	 -0.018	  0.002
[component_container-11] 	  4.200	    GPS	 -2.151	 -1.983	  1.729	     --
[component_container-11] 	  4.200	   Baro	     --	     --	  2.163	     --
[component_container-11] 	  4.200	  BBias	     --	     --	  0.309	     --
[component_container-11] 	  4.200	  Sonar	     --	     --	  1.806	     --
[component_container-11] 	  4.200	  Magnt	     --	     --	     --	 -1.103
[component_container-11] 
[component_container-11] 	  4.240	   Pose	 -2.180	 -1.897	  1.848	 -1.079
[component_container-11] 	  4.240	  Twist	 -0.081	  0.131	  0.542	 -0.285
[component_container-11] 	  4.240	ErrPose	  0.089	  0.091	 -0.001	 -0.014
[component_container-11] 	  4.240	ErrTwis	  0.113	 -0.111	 -0.032	  0.005
[component_container-11] 	  4.240	    GPS	 -2.151	 -1.983	  1.729	     --
[component_container-11] 	  4.240	   Baro	     --	     --	  2.204	     --
[component_container-11] 	  4.240	  BBias	     --	     --	  0.309	     --
[component_container-11] 	  4.240	  Sonar	     --	     --	  1.859	     --
[component_container-11] 	  4.240	  Magnt	     --	     --	     --	 -1.068
[component_container-11] 
[component_container-11] 	  4.270	   Pose	 -2.183	 -1.893	  1.864	 -1.088
[component_container-11] 	  4.270	  Twist	 -0.081	  0.133	  0.543	 -0.275
[component_container-11] 	  4.270	ErrPose	  0.093	  0.087	 -0.007	 -0.011
[component_container-11] 	  4.270	ErrTwis	  0.114	 -0.112	 -0.033	 -0.005
[component_container-11] 	  4.270	    GPS	 -2.151	 -1.983	  1.729	     --
[component_container-11] 	  4.270	   Baro	     --	     --	  2.107	     --
[component_container-11] 	  4.270	  BBias	     --	     --	  0.309	     --
[component_container-11] 	  4.270	  Sonar	     --	     --	  1.859	     --
[component_container-11] 	  4.270	  Magnt	     --	     --	     --	 -1.110
[component_container-11] 
[component_container-11] 	  4.300	   Pose	 -2.185	 -1.889	  1.877	 -1.096
[component_container-11] 	  4.300	  Twist	 -0.081	  0.135	  0.538	 -0.272
[component_container-11] 	  4.300	ErrPose	  0.097	  0.082	 -0.000	 -0.014
[component_container-11] 	  4.300	ErrTwis	  0.117	 -0.112	 -0.028	 -0.007
[component_container-11] 	  4.300	    GPS	 -2.151	 -1.983	  1.729	     --
[component_container-11] 	  4.300	   Baro	     --	     --	  2.107	     --
[component_container-11] 	  4.300	  BBias	     --	     --	  0.309	     --
[component_container-11] 	  4.300	  Sonar	     --	     --	  1.851	     --
[component_container-11] 	  4.300	  Magnt	     --	     --	     --	 -1.110
[component_container-11] 
[component_container-11] 	  4.340	   Pose	 -2.189	 -1.884	  1.898	 -1.108
[component_container-11] 	  4.340	  Twist	 -0.080	  0.138	  0.539	 -0.271
[component_container-11] 	  4.340	ErrPose	  0.102	  0.075	 -0.001	 -0.014
[component_container-11] 	  4.340	ErrTwis	  0.119	 -0.114	 -0.028	 -0.008
[component_container-11] 	  4.340	    GPS	 -2.151	 -1.983	  1.729	     --
[component_container-11] 	  4.340	   Baro	     --	     --	  2.233	     --
[component_container-11] 	  4.340	  BBias	     --	     --	  0.310	     --
[component_container-11] 	  4.340	  Sonar	     --	     --	  1.890	     --
[component_container-11] 	  4.340	  Magnt	     --	     --	     --	 -1.128
[component_container-11] 
[component_container-11] 	  4.370	   Pose	 -2.191	 -1.880	  1.914	 -1.115
[component_container-11] 	  4.370	  Twist	 -0.080	  0.140	  0.540	 -0.265
[component_container-11] 	  4.370	ErrPose	  0.105	  0.071	 -0.007	 -0.012
[component_container-11] 	  4.370	ErrTwis	  0.119	 -0.116	 -0.030	 -0.015
[component_container-11] 	  4.370	    GPS	 -2.151	 -1.983	  1.729	     --
[component_container-11] 	  4.370	   Baro	     --	     --	  2.218	     --
[component_container-11] 	  4.370	  BBias	     --	     --	  0.310	     --
[component_container-11] 	  4.370	  Sonar	     --	     --	  1.890	     --
[component_container-11] 	  4.370	  Magnt	     --	     --	     --	 -1.102
[component_container-11] 
[component_container-11] 	  4.400	   Pose	 -2.193	 -1.875	  1.928	 -1.123
[component_container-11] 	  4.400	  Twist	 -0.080	  0.142	  0.536	 -0.272
[component_container-11] 	  4.400	ErrPose	  0.109	  0.065	 -0.000	 -0.015
[component_container-11] 	  4.400	ErrTwis	  0.122	 -0.116	 -0.025	 -0.008
[component_container-11] 	  4.400	    GPS	 -2.151	 -1.983	  1.729	     --
[component_container-11] 	  4.400	   Baro	     --	     --	  2.218	     --
[component_container-11] 	  4.400	  BBias	     --	     --	  0.310	     --
[component_container-11] 	  4.400	  Sonar	     --	     --	  1.909	     --
[component_container-11] 	  4.400	  Magnt	     --	     --	     --	 -1.102
[component_container-11] 
[component_container-11] 	  4.440	   Pose	 -2.197	 -1.870	  1.943	 -1.133
[component_container-11] 	  4.440	  Twist	 -0.080	  0.145	  0.523	 -0.272
[component_container-11] 	  4.440	ErrPose	  0.114	  0.058	  0.005	 -0.016
[component_container-11] 	  4.440	ErrTwis	  0.124	 -0.116	 -0.013	 -0.008
[component_container-11] 	  4.440	    GPS	 -2.151	 -1.983	  1.729	     --
[component_container-11] 	  4.440	   Baro	     --	     --	  2.134	     --
[component_container-11] 	  4.440	  BBias	     --	     --	  0.309	     --
[component_container-11] 	  4.440	  Sonar	     --	     --	  1.918	     --
[component_container-11] 	  4.440	  Magnt	     --	     --	     --	 -1.108
[component_container-11] 
[component_container-11] 	  4.470	   Pose	 -2.199	 -1.865	  1.958	 -1.142
[component_container-11] 	  4.470	  Twist	 -0.080	  0.147	  0.523	 -0.262
[component_container-11] 	  4.470	ErrPose	  0.118	  0.053	  0.000	 -0.013
[component_container-11] 	  4.470	ErrTwis	  0.125	 -0.118	 -0.012	 -0.018
[component_container-11] 	  4.470	    GPS	 -2.151	 -1.983	  1.729	     --
[component_container-11] 	  4.470	   Baro	     --	     --	  2.146	     --
[component_container-11] 	  4.470	  BBias	     --	     --	  0.307	     --
[component_container-11] 	  4.470	  Sonar	     --	     --	  1.918	     --
[component_container-11] 	  4.470	  Magnt	     --	     --	     --	 -1.148
[component_container-11] 
[component_container-11] 	  4.500	   Pose	 -2.201	 -1.861	  1.983	 -1.150
[component_container-11] 	  4.500	  Twist	 -0.079	  0.149	  0.545	 -0.279
[component_container-11] 	  4.500	ErrPose	  0.122	  0.047	 -0.004	 -0.016
[component_container-11] 	  4.500	ErrTwis	  0.126	 -0.119	 -0.035	 -0.001
[component_container-11] 	  4.500	    GPS	 -2.151	 -1.983	  1.729	     --
[component_container-11] 	  4.500	   Baro	     --	     --	  2.146	     --
[component_container-11] 	  4.500	  BBias	     --	     --	  0.307	     --
[component_container-11] 	  4.500	  Sonar	     --	     --	  2.005	     --
[component_container-11] 	  4.500	  Magnt	     --	     --	     --	 -1.148
[component_container-11] 
[component_container-11] [INFO] [1775370726.613337368] [drone.estimator]: TMP LOG gps innov_xy=(-0.034, -0.001) est_xy=(-2.202, -1.859) gps_xy=(-2.236, -1.860) corr_xy=(-2.236, -1.860) vel_xy=(-0.079, 0.150)
[component_container-11] [INFO] [1775370726.613466498] [drone.estimator]: TMP LOG gps vel pseudo raw=(-0.170, 0.244) filt=(-0.148, 0.194) innov_v=(-0.064, 0.044) apply=(1,1)
[component_container-11] 	  4.540	   Pose	 -2.225	 -1.848	  2.006	 -1.161
[component_container-11] 	  4.540	  Twist	 -0.095	  0.161	  0.549	 -0.280
[component_container-11] 	  4.540	ErrPose	  0.148	  0.033	 -0.007	 -0.016
[component_container-11] 	  4.540	ErrTwis	  0.144	 -0.128	 -0.039	  0.000
[component_container-11] 	  4.540	    GPS	 -2.236	 -1.860	  1.984	     --
[component_container-11] 	  4.540	   Baro	     --	     --	  2.370	     --
[component_container-11] 	  4.540	  BBias	     --	     --	  0.308	     --
[component_container-11] 	  4.540	  Sonar	     --	     --	  1.997	     --
[component_container-11] 	  4.540	  Magnt	     --	     --	     --	 -1.171
[component_container-11] 
[component_container-11] 	  4.570	   Pose	 -2.228	 -1.843	  2.023	 -1.170
[component_container-11] 	  4.570	  Twist	 -0.095	  0.163	  0.552	 -0.263
[component_container-11] 	  4.570	ErrPose	  0.152	  0.028	 -0.014	 -0.013
[component_container-11] 	  4.570	ErrTwis	  0.145	 -0.130	 -0.042	 -0.017
[component_container-11] 	  4.570	    GPS	 -2.236	 -1.860	  1.984	     --
[component_container-11] 	  4.570	   Baro	     --	     --	  2.431	     --
[component_container-11] 	  4.570	  BBias	     --	     --	  0.309	     --
[component_container-11] 	  4.570	  Sonar	     --	     --	  1.997	     --
[component_container-11] 	  4.570	  Magnt	     --	     --	     --	 -1.200
[component_container-11] 
[component_container-11] 	  4.600	   Pose	 -2.231	 -1.839	  2.046	 -1.178
[component_container-11] 	  4.600	  Twist	 -0.094	  0.166	  0.567	 -0.266
[component_container-11] 	  4.600	ErrPose	  0.157	  0.021	 -0.016	 -0.016
[component_container-11] 	  4.600	ErrTwis	  0.147	 -0.131	 -0.056	 -0.014
[component_container-11] 	  4.600	    GPS	 -2.236	 -1.860	  1.984	     --
[component_container-11] 	  4.600	   Baro	     --	     --	  2.431	     --
[component_container-11] 	  4.600	  BBias	     --	     --	  0.309	     --
[component_container-11] 	  4.600	  Sonar	     --	     --	  2.055	     --
[component_container-11] 	  4.600	  Magnt	     --	     --	     --	 -1.200
[component_container-11] 
[component_container-11] 	  4.640	   Pose	 -2.235	 -1.832	  2.062	 -1.189
[component_container-11] 	  4.640	  Twist	 -0.094	  0.168	  0.553	 -0.267
[component_container-11] 	  4.640	ErrPose	  0.163	  0.013	 -0.011	 -0.016
[component_container-11] 	  4.640	ErrTwis	  0.149	 -0.132	 -0.043	 -0.013
[component_container-11] 	  4.640	    GPS	 -2.236	 -1.860	  1.984	     --
[component_container-11] 	  4.640	   Baro	     --	     --	  2.243	     --
[component_container-11] 	  4.640	  BBias	     --	     --	  0.308	     --
[component_container-11] 	  4.640	  Sonar	     --	     --	  2.035	     --
[component_container-11] 	  4.640	  Magnt	     --	     --	     --	 -1.191
[component_container-11] 
[component_container-11] 	  4.670	   Pose	 -2.238	 -1.827	  2.079	 -1.198
[component_container-11] 	  4.670	  Twist	 -0.094	  0.170	  0.557	 -0.251
[component_container-11] 	  4.670	ErrPose	  0.167	  0.007	 -0.019	 -0.013
[component_container-11] 	  4.670	ErrTwis	  0.150	 -0.133	 -0.047	 -0.029
[component_container-11] 	  4.670	    GPS	 -2.236	 -1.860	  1.984	     --
[component_container-11] 	  4.670	   Baro	     --	     --	  2.515	     --
[component_container-11] 	  4.670	  BBias	     --	     --	  0.310	     --
[component_container-11] 	  4.670	  Sonar	     --	     --	  2.035	     --
[component_container-11] 	  4.670	  Magnt	     --	     --	     --	 -1.196
[component_container-11] 
[component_container-11] 	  4.700	   Pose	 -2.240	 -1.822	  2.084	 -1.205
[component_container-11] 	  4.700	  Twist	 -0.094	  0.172	  0.531	 -0.266
[component_container-11] 	  4.700	ErrPose	  0.172	  0.000	 -0.003	 -0.017
[component_container-11] 	  4.700	ErrTwis	  0.151	 -0.134	 -0.021	 -0.014
[component_container-11] 	  4.700	    GPS	 -2.236	 -1.860	  1.984	     --
[component_container-11] 	  4.700	   Baro	     --	     --	  2.515	     --
[component_container-11] 	  4.700	  BBias	     --	     --	  0.310	     --
[component_container-11] 	  4.700	  Sonar	     --	     --	  2.032	     --
[component_container-11] 	  4.700	  Magnt	     --	     --	     --	 -1.196
[component_container-11] 
[component_container-11] 	  4.740	   Pose	 -2.244	 -1.815	  2.100	 -1.217
[component_container-11] 	  4.740	  Twist	 -0.094	  0.174	  0.519	 -0.272
[component_container-11] 	  4.740	ErrPose	  0.179	 -0.009	  0.001	 -0.016
[component_container-11] 	  4.740	ErrTwis	  0.153	 -0.134	 -0.009	 -0.008
[component_container-11] 	  4.740	    GPS	 -2.236	 -1.860	  1.984	     --
[component_container-11] 	  4.740	   Baro	     --	     --	  2.293	     --
[component_container-11] 	  4.740	  BBias	     --	     --	  0.309	     --
[component_container-11] 	  4.740	  Sonar	     --	     --	  2.082	     --
[component_container-11] 	  4.740	  Magnt	     --	     --	     --	 -1.244
[component_container-11] 
[component_container-11] 	  4.770	   Pose	 -2.247	 -1.809	  2.115	 -1.226
[component_container-11] 	  4.770	  Twist	 -0.094	  0.177	  0.520	 -0.264
[component_container-11] 	  4.770	ErrPose	  0.183	 -0.015	 -0.004	 -0.013
[component_container-11] 	  4.770	ErrTwis	  0.154	 -0.136	 -0.010	 -0.016
[component_container-11] 	  4.770	    GPS	 -2.236	 -1.860	  1.984	     --
[component_container-11] 	  4.770	   Baro	     --	     --	  2.334	     --
[component_container-11] 	  4.770	  BBias	     --	     --	  0.308	     --
[component_container-11] 	  4.770	  Sonar	     --	     --	  2.082	     --
[component_container-11] 	  4.770	  Magnt	     --	     --	     --	 -1.256
[component_container-11] 
[component_container-11] 	  4.800	   Pose	 -2.250	 -1.804	  2.131	 -1.234
[component_container-11] 	  4.800	  Twist	 -0.093	  0.180	  0.522	 -0.261
[component_container-11] 	  4.800	ErrPose	  0.188	 -0.022	  0.001	 -0.016
[component_container-11] 	  4.800	ErrTwis	  0.155	 -0.137	 -0.011	 -0.019
[component_container-11] 	  4.800	    GPS	 -2.236	 -1.860	  1.984	     --
[component_container-11] 	  4.800	   Baro	     --	     --	  2.334	     --
[component_container-11] 	  4.800	  BBias	     --	     --	  0.308	     --
[component_container-11] 	  4.800	  Sonar	     --	     --	  2.120	     --
[component_container-11] 	  4.800	  Magnt	     --	     --	     --	 -1.256
[component_container-11] 
[component_container-11] 	  4.840	   Pose	 -2.253	 -1.797	  2.150	 -1.245
[component_container-11] 	  4.840	  Twist	 -0.092	  0.182	  0.519	 -0.264
[component_container-11] 	  4.840	ErrPose	  0.195	 -0.031	  0.002	 -0.017
[component_container-11] 	  4.840	ErrTwis	  0.155	 -0.137	 -0.009	 -0.016
[component_container-11] 	  4.840	    GPS	 -2.236	 -1.860	  1.984	     --
[component_container-11] 	  4.840	   Baro	     --	     --	  2.396	     --
[component_container-11] 	  4.840	  BBias	     --	     --	  0.308	     --
[component_container-11] 	  4.840	  Sonar	     --	     --	  2.140	     --
[component_container-11] 	  4.840	  Magnt	     --	     --	     --	 -1.239
[component_container-11] 
[component_container-11] 	  4.870	   Pose	 -2.256	 -1.791	  2.166	 -1.253
[component_container-11] 	  4.870	  Twist	 -0.092	  0.184	  0.523	 -0.277
[component_container-11] 	  4.870	ErrPose	  0.199	 -0.038	 -0.004	 -0.014
[component_container-11] 	  4.870	ErrTwis	  0.156	 -0.138	 -0.012	 -0.003
[component_container-11] 	  4.870	    GPS	 -2.236	 -1.860	  1.984	     --
[component_container-11] 	  4.870	   Baro	     --	     --	  2.562	     --
[component_container-11] 	  4.870	  BBias	     --	     --	  0.309	     --
[component_container-11] 	  4.870	  Sonar	     --	     --	  2.140	     --
[component_container-11] 	  4.870	  Magnt	     --	     --	     --	 -1.250
[component_container-11] 
[component_container-11] 	  4.900	   Pose	 -2.259	 -1.786	  2.181	 -1.261
[component_container-11] 	  4.900	  Twist	 -0.092	  0.186	  0.523	 -0.271
[component_container-11] 	  4.900	ErrPose	  0.204	 -0.045	  0.002	 -0.017
[component_container-11] 	  4.900	ErrTwis	  0.159	 -0.138	 -0.012	 -0.009
[component_container-11] 	  4.900	    GPS	 -2.236	 -1.860	  1.984	     --
[component_container-11] 	  4.900	   Baro	     --	     --	  2.562	     --
[component_container-11] 	  4.900	  BBias	     --	     --	  0.309	     --
[component_container-11] 	  4.900	  Sonar	     --	     --	  2.168	     --
[component_container-11] 	  4.900	  Magnt	     --	     --	     --	 -1.250
[component_container-11] 
[component_container-11] 	  4.940	   Pose	 -2.263	 -1.778	  2.199	 -1.272
[component_container-11] 	  4.940	  Twist	 -0.091	  0.190	  0.517	 -0.269
[component_container-11] 	  4.940	ErrPose	  0.211	 -0.055	  0.005	 -0.017
[component_container-11] 	  4.940	ErrTwis	  0.159	 -0.139	 -0.006	 -0.011
[component_container-11] 	  4.940	    GPS	 -2.236	 -1.860	  1.984	     --
[component_container-11] 	  4.940	   Baro	     --	     --	  2.377	     --
[component_container-11] 	  4.940	  BBias	     --	     --	  0.308	     --
[component_container-11] 	  4.940	  Sonar	     --	     --	  2.184	     --
[component_container-11] 	  4.940	  Magnt	     --	     --	     --	 -1.283
[component_container-11] 
[component_container-11] 	  4.970	   Pose	 -2.265	 -1.773	  2.214	 -1.281
[component_container-11] 	  4.970	  Twist	 -0.090	  0.192	  0.517	 -0.263
[component_container-11] 	  4.970	ErrPose	  0.215	 -0.062	 -0.001	 -0.013
[component_container-11] 	  4.970	ErrTwis	  0.159	 -0.141	 -0.007	 -0.017
[component_container-11] 	  4.970	    GPS	 -2.236	 -1.860	  1.984	     --
[component_container-11] 	  4.970	   Baro	     --	     --	  2.484	     --
[component_container-11] 	  4.970	  BBias	     --	     --	  0.308	     --
[component_container-11] 	  4.970	  Sonar	     --	     --	  2.184	     --
[component_container-11] 	  4.970	  Magnt	     --	     --	     --	 -1.326
[component_container-11] 
[component_container-11] 	  5.000	   Pose	 -2.268	 -1.767	  2.235	 -1.289
[component_container-11] 	  5.000	  Twist	 -0.090	  0.195	  0.531	 -0.271
[component_container-11] 	  5.000	ErrPose	  0.221	 -0.070	 -0.001	 -0.017
[component_container-11] 	  5.000	ErrTwis	  0.160	 -0.141	 -0.021	 -0.009
[component_container-11] 	  5.000	    GPS	 -2.236	 -1.860	  1.984	     --
[component_container-11] 	  5.000	   Baro	     --	     --	  2.484	     --
[component_container-11] 	  5.000	  BBias	     --	     --	  0.307	     --
[component_container-11] 	  5.000	  Sonar	     --	     --	  2.248	     --
[component_container-11] 	  5.000	  Magnt	     --	     --	     --	 -1.326
[component_container-11] 
[component_container-11] 	  5.040	   Pose	 -2.169	 -1.831	  2.257	 -1.301
[component_container-11] 	  5.040	  Twist	 -0.005	  0.139	  0.536	 -0.277
[component_container-11] 	  5.040	ErrPose	  0.124	 -0.008	 -0.003	 -0.017
[component_container-11] 	  5.040	ErrTwis	  0.076	 -0.083	 -0.025	 -0.003
[component_container-11] 	  5.040	    GPS	 -2.093	 -1.889	  2.239	     --
[component_container-11] 	  5.040	   Baro	     --	     --	  2.346	     --
[component_container-11] 	  5.040	  BBias	     --	     --	  0.305	     --
[component_container-11] 	  5.040	  Sonar	     --	     --	  2.260	     --
[component_container-11] 	  5.040	  Magnt	     --	     --	     --	 -1.321
[component_container-11] 
[component_container-11] [INFO] [1775370727.151199790] [drone.estimator]: TMP LOG err_xyz=(0.124, -0.008, -0.003) | z_est=2.257 vz_est=0.536 bias=0.305 | gps_z=2.239 sonar=2.260 baro=2.346
[component_container-11] 	  5.070	   Pose	 -2.169	 -1.827	  2.273	 -1.309
[component_container-11] 	  5.070	  Twist	 -0.004	  0.141	  0.537	 -0.263
[component_container-11] 	  5.070	ErrPose	  0.126	 -0.014	 -0.008	 -0.013
[component_container-11] 	  5.070	ErrTwis	  0.076	 -0.084	 -0.026	 -0.017
[component_container-11] 	  5.070	    GPS	 -2.093	 -1.889	  2.239	     --
[component_container-11] 	  5.070	   Baro	     --	     --	  2.504	     --
[component_container-11] 	  5.070	  BBias	     --	     --	  0.304	     --
[component_container-11] 	  5.070	  Sonar	     --	     --	  2.260	     --
[component_container-11] 	  5.070	  Magnt	     --	     --	     --	 -1.324
[component_container-11] 
[component_container-11] [INFO] [1775370727.211585833] [drone.controller]: cmd_vel body=(0.036, -0.002, 0.500) yaw=-0.300 | odom_received=true | plan_points=29
[component_container-11] 	  5.100	   Pose	 -2.169	 -1.822	  2.288	 -1.317
[component_container-11] 	  5.100	  Twist	 -0.002	  0.142	  0.537	 -0.263
[component_container-11] 	  5.100	ErrPose	  0.129	 -0.021	 -0.003	 -0.017
[component_container-11] 	  5.100	ErrTwis	  0.076	 -0.084	 -0.027	 -0.017
[component_container-11] 	  5.100	    GPS	 -2.093	 -1.889	  2.239	     --
[component_container-11] 	  5.100	   Baro	     --	     --	  2.504	     --
[component_container-11] 	  5.100	  BBias	     --	     --	  0.304	     --
[component_container-11] 	  5.100	  Sonar	     --	     --	  2.276	     --
[component_container-11] 	  5.100	  Magnt	     --	     --	     --	 -1.324
[component_container-11] 
[component_container-11] 	  5.140	   Pose	 -2.169	 -1.817	  2.309	 -1.329
[component_container-11] 	  5.140	  Twist	 -0.001	  0.145	  0.538	 -0.285
[component_container-11] 	  5.140	ErrPose	  0.133	 -0.029	 -0.004	 -0.017
[component_container-11] 	  5.140	ErrTwis	  0.076	 -0.084	 -0.027	  0.005
[component_container-11] 	  5.140	    GPS	 -2.093	 -1.889	  2.239	     --
[component_container-11] 	  5.140	   Baro	     --	     --	  2.560	     --
[component_container-11] 	  5.140	  BBias	     --	     --	  0.304	     --
[component_container-11] 	  5.140	  Sonar	     --	     --	  2.303	     --
[component_container-11] 	  5.140	  Magnt	     --	     --	     --	 -1.334
[component_container-11] 
[component_container-11] 	  5.170	   Pose	 -2.169	 -1.812	  2.325	 -1.338
[component_container-11] 	  5.170	  Twist	 -0.001	  0.147	  0.539	 -0.273
[component_container-11] 	  5.170	ErrPose	  0.134	 -0.034	 -0.010	 -0.013
[component_container-11] 	  5.170	ErrTwis	  0.076	 -0.085	 -0.029	 -0.007
[component_container-11] 	  5.170	    GPS	 -2.093	 -1.889	  2.239	     --
[component_container-11] 	  5.170	   Baro	     --	     --	  2.596	     --
[component_container-11] 	  5.170	  BBias	     --	     --	  0.304	     --
[component_container-11] 	  5.170	  Sonar	     --	     --	  2.303	     --
[component_container-11] 	  5.170	  Magnt	     --	     --	     --	 -1.375
[component_container-11] 
[component_container-11] 	  5.200	   Pose	 -2.169	 -1.808	  2.343	 -1.346
[component_container-11] 	  5.200	  Twist	 -0.000	  0.150	  0.543	 -0.272
[component_container-11] 	  5.200	ErrPose	  0.137	 -0.042	 -0.007	 -0.016
[component_container-11] 	  5.200	ErrTwis	  0.078	 -0.085	 -0.033	 -0.008
[component_container-11] 	  5.200	    GPS	 -2.093	 -1.889	  2.239	     --
[component_container-11] 	  5.200	   Baro	     --	     --	  2.596	     --
[component_container-11] 	  5.200	  BBias	     --	     --	  0.304	     --
[component_container-11] 	  5.200	  Sonar	     --	     --	  2.341	     --
[component_container-11] 	  5.200	  Magnt	     --	     --	     --	 -1.375
[component_container-11] 
[component_container-11] 	  5.240	   Pose	 -2.169	 -1.802	  2.364	 -1.357
[component_container-11] 	  5.240	  Twist	 -0.000	  0.153	  0.543	 -0.263
[component_container-11] 	  5.240	ErrPose	  0.141	 -0.050	 -0.007	 -0.016
[component_container-11] 	  5.240	ErrTwis	  0.079	 -0.087	 -0.032	 -0.017
[component_container-11] 	  5.240	    GPS	 -2.093	 -1.889	  2.239	     --
[component_container-11] 	  5.240	   Baro	     --	     --	  2.628	     --
[component_container-11] 	  5.240	  BBias	     --	     --	  0.304	     --
[component_container-11] 	  5.240	  Sonar	     --	     --	  2.355	     --
[component_container-11] 	  5.240	  Magnt	     --	     --	     --	 -1.382
[component_container-11] 
[component_container-11] 	  5.270	   Pose	 -2.169	 -1.797	  2.379	 -1.366
[component_container-11] 	  5.270	  Twist	  0.000	  0.155	  0.542	 -0.268
[component_container-11] 	  5.270	ErrPose	  0.142	 -0.056	 -0.013	 -0.013
[component_container-11] 	  5.270	ErrTwis	  0.079	 -0.089	 -0.031	 -0.012
[component_container-11] 	  5.270	    GPS	 -2.093	 -1.889	  2.239	     --
[component_container-11] 	  5.270	   Baro	     --	     --	  2.552	     --
[component_container-11] 	  5.270	  BBias	     --	     --	  0.302	     --
[component_container-11] 	  5.270	  Sonar	     --	     --	  2.355	     --
[component_container-11] 	  5.270	  Magnt	     --	     --	     --	 -1.376
[component_container-11] 
[component_container-11] 	  5.300	   Pose	 -2.169	 -1.792	  2.392	 -1.374
[component_container-11] 	  5.300	  Twist	  0.000	  0.158	  0.536	 -0.258
[component_container-11] 	  5.300	ErrPose	  0.145	 -0.064	 -0.005	 -0.016
[component_container-11] 	  5.300	ErrTwis	  0.080	 -0.091	 -0.025	 -0.022
[component_container-11] 	  5.300	    GPS	 -2.093	 -1.889	  2.239	     --
[component_container-11] 	  5.300	   Baro	     --	     --	  2.552	     --
[component_container-11] 	  5.300	  BBias	     --	     --	  0.303	     --
[component_container-11] 	  5.300	  Sonar	     --	     --	  2.369	     --
[component_container-11] 	  5.300	  Magnt	     --	     --	     --	 -1.376
[component_container-11] 
[component_container-11] 	  5.340	   Pose	 -2.169	 -1.786	  2.412	 -1.384
[component_container-11] 	  5.340	  Twist	  0.001	  0.161	  0.534	 -0.269
[component_container-11] 	  5.340	ErrPose	  0.148	 -0.073	 -0.004	 -0.017
[component_container-11] 	  5.340	ErrTwis	  0.081	 -0.095	 -0.023	 -0.011
[component_container-11] 	  5.340	    GPS	 -2.093	 -1.889	  2.239	     --
[component_container-11] 	  5.340	   Baro	     --	     --	  2.736	     --
[component_container-11] 	  5.340	  BBias	     --	     --	  0.303	     --
[component_container-11] 	  5.340	  Sonar	     --	     --	  2.399	     --
[component_container-11] 	  5.340	  Magnt	     --	     --	     --	 -1.358
[component_container-11] 
[component_container-11] 	  5.370	   Pose	 -2.169	 -1.781	  2.427	 -1.393
[component_container-11] 	  5.370	  Twist	  0.001	  0.163	  0.534	 -0.292
[component_container-11] 	  5.370	ErrPose	  0.150	 -0.079	 -0.010	 -0.014
[component_container-11] 	  5.370	ErrTwis	  0.081	 -0.098	 -0.023	  0.012
[component_container-11] 	  5.370	    GPS	 -2.093	 -1.889	  2.239	     --
[component_container-11] 	  5.370	   Baro	     --	     --	  2.632	     --
[component_container-11] 	  5.370	  BBias	     --	     --	  0.302	     --
[component_container-11] 	  5.370	  Sonar	     --	     --	  2.399	     --
[component_container-11] 	  5.370	  Magnt	     --	     --	     --	 -1.395
[component_container-11] 
[component_container-11] 	  5.400	   Pose	 -2.169	 -1.776	  2.438	 -1.401
[component_container-11] 	  5.400	  Twist	  0.002	  0.165	  0.523	 -0.255
[component_container-11] 	  5.400	ErrPose	  0.153	 -0.087	 -0.000	 -0.017
[component_container-11] 	  5.400	ErrTwis	  0.081	 -0.102	 -0.012	 -0.025
[component_container-11] 	  5.400	    GPS	 -2.093	 -1.889	  2.239	     --
[component_container-11] 	  5.400	   Baro	     --	     --	  2.632	     --
[component_container-11] 	  5.400	  BBias	     --	     --	  0.302	     --
[component_container-11] 	  5.400	  Sonar	     --	     --	  2.403	     --
[component_container-11] 	  5.400	  Magnt	     --	     --	     --	 -1.395
[component_container-11] 
[component_container-11] 	  5.440	   Pose	 -2.169	 -1.769	  2.452	 -1.413
[component_container-11] 	  5.440	  Twist	  0.002	  0.168	  0.508	 -0.274
[component_container-11] 	  5.440	ErrPose	  0.156	 -0.097	  0.006	 -0.017
[component_container-11] 	  5.440	ErrTwis	  0.081	 -0.106	  0.003	 -0.006
[component_container-11] 	  5.440	    GPS	 -2.093	 -1.889	  2.239	     --
[component_container-11] 	  5.440	   Baro	     --	     --	  2.933	     --
[component_container-11] 	  5.440	  BBias	     --	     --	  0.305	     --
[component_container-11] 	  5.440	  Sonar	     --	     --	  2.416	     --
[component_container-11] 	  5.440	  Magnt	     --	     --	     --	 -1.442
[component_container-11] 
[component_container-11] 	  5.470	   Pose	 -2.169	 -1.764	  2.467	 -1.421
[component_container-11] 	  5.470	  Twist	  0.003	  0.170	  0.510	 -0.281
[component_container-11] 	  5.470	ErrPose	  0.157	 -0.104	  0.002	 -0.014
[component_container-11] 	  5.470	ErrTwis	  0.082	 -0.108	  0.001	  0.001
[component_container-11] 	  5.470	    GPS	 -2.093	 -1.889	  2.239	     --
[component_container-11] 	  5.470	   Baro	     --	     --	  2.745	     --
[component_container-11] 	  5.470	  BBias	     --	     --	  0.304	     --
[component_container-11] 	  5.470	  Sonar	     --	     --	  2.416	     --
[component_container-11] 	  5.470	  Magnt	     --	     --	     --	 -1.429
[component_container-11] 
[component_container-11] 	  5.500	   Pose	 -2.169	 -1.759	  2.487	 -1.429
[component_container-11] 	  5.500	  Twist	  0.002	  0.172	  0.521	 -0.273
[component_container-11] 	  5.500	ErrPose	  0.160	 -0.112	  0.002	 -0.017
[component_container-11] 	  5.500	ErrTwis	  0.083	 -0.111	 -0.010	 -0.007
[component_container-11] 	  5.500	    GPS	 -2.093	 -1.889	  2.239	     --
[component_container-11] 	  5.500	   Baro	     --	     --	  2.745	     --
[component_container-11] 	  5.500	  BBias	     --	     --	  0.304	     --
[component_container-11] 	  5.500	  Sonar	     --	     --	  2.487	     --
[component_container-11] 	  5.500	  Magnt	     --	     --	     --	 -1.429
[component_container-11] 
[component_container-11] [INFO] [1775370727.615931359] [drone.estimator]: TMP LOG gps innov_xy=(0.099, -0.306) est_xy=(-2.169, -1.758) gps_xy=(-2.069, -2.064) corr_xy=(-2.069, -2.064) vel_xy=(0.002, 0.173)
[component_container-11] [INFO] [1775370727.616059141] [drone.estimator]: TMP LOG gps vel pseudo raw=(0.048, -0.349) filt=(0.067, -0.317) innov_v=(0.050, -0.445) apply=(1,1)
[component_container-11] 	  5.540	   Pose	 -2.129	 -1.917	  2.515	 -1.440
[component_container-11] 	  5.540	  Twist	  0.027	  0.044	  0.539	 -0.259
[component_container-11] 	  5.540	ErrPose	  0.123	  0.043	 -0.005	 -0.017
[component_container-11] 	  5.540	ErrTwis	  0.059	  0.016	 -0.028	 -0.021
[component_container-11] 	  5.540	    GPS	 -2.069	 -2.064	  2.494	     --
[component_container-11] 	  5.540	   Baro	     --	     --	  2.852	     --
[component_container-11] 	  5.540	  BBias	     --	     --	  0.305	     --
[component_container-11] 	  5.540	  Sonar	     --	     --	  2.529	     --
[component_container-11] 	  5.540	  Magnt	     --	     --	     --	 -1.437
[component_container-11] 
[component_container-11] 	  5.570	   Pose	 -2.129	 -1.916	  2.531	 -1.447
[component_container-11] 	  5.570	  Twist	  0.027	  0.046	  0.541	 -0.275
[component_container-11] 	  5.570	ErrPose	  0.124	  0.040	 -0.012	 -0.015
[component_container-11] 	  5.570	ErrTwis	  0.059	  0.013	 -0.030	 -0.005
[component_container-11] 	  5.570	    GPS	 -2.069	 -2.064	  2.494	     --
[component_container-11] 	  5.570	   Baro	     --	     --	  2.823	     --
[component_container-11] 	  5.570	  BBias	     --	     --	  0.304	     --
[component_container-11] 	  5.570	  Sonar	     --	     --	  2.532	     --
[component_container-11] 	  5.570	  Magnt	     --	     --	     --	 -1.405
[component_container-11] 
[component_container-11] 	  5.600	   Pose	 -2.128	 -1.915	  2.548	 -1.455
[component_container-11] 	  5.600	  Twist	  0.028	  0.048	  0.542	 -0.256
[component_container-11] 	  5.600	ErrPose	  0.125	  0.035	 -0.007	 -0.019
[component_container-11] 	  5.600	ErrTwis	  0.060	  0.012	 -0.031	 -0.024
[component_container-11] 	  5.600	    GPS	 -2.069	 -2.064	  2.494	     --
[component_container-11] 	  5.600	   Baro	     --	     --	  2.823	     --
[component_container-11] 	  5.600	  BBias	     --	     --	  0.304	     --
[component_container-11] 	  5.600	  Sonar	     --	     --	  2.532	     --
[component_container-11] 	  5.600	  Magnt	     --	     --	     --	 -1.405
[component_container-11] 
[component_container-11] 	  5.640	   Pose	 -2.127	 -1.913	  2.560	 -1.467
[component_container-11] 	  5.640	  Twist	  0.029	  0.050	  0.523	 -0.281
[component_container-11] 	  5.640	ErrPose	  0.127	  0.029	  0.000	 -0.018
[component_container-11] 	  5.640	ErrTwis	  0.060	  0.009	 -0.012	  0.001
[component_container-11] 	  5.640	    GPS	 -2.069	 -2.064	  2.494	     --
[component_container-11] 	  5.640	   Baro	     --	     --	  2.895	     --
[component_container-11] 	  5.640	  BBias	     --	     --	  0.305	     --
[component_container-11] 	  5.640	  Sonar	     --	     --	  2.515	     --
[component_container-11] 	  5.640	  Magnt	     --	     --	     --	 -1.487
[component_container-11] 
[component_container-11] 	  5.670	   Pose	 -2.126	 -1.911	  2.574	 -1.475
[component_container-11] 	  5.670	  Twist	  0.030	  0.052	  0.521	 -0.264
[component_container-11] 	  5.670	ErrPose	  0.127	  0.026	 -0.004	 -0.016
[component_container-11] 	  5.670	ErrTwis	  0.060	  0.007	 -0.010	 -0.016
[component_container-11] 	  5.670	    GPS	 -2.069	 -2.064	  2.494	     --
[component_container-11] 	  5.670	   Baro	     --	     --	  2.663	     --
[component_container-11] 	  5.670	  BBias	     --	     --	  0.303	     --
[component_container-11] 	  5.670	  Sonar	     --	     --	  2.515	     --
[component_container-11] 	  5.670	  Magnt	     --	     --	     --	 -1.481
[component_container-11] 
[component_container-11] 	  5.700	   Pose	 -2.125	 -1.909	  2.589	 -1.483
[component_container-11] 	  5.700	  Twist	  0.030	  0.055	  0.518	 -0.257
[component_container-11] 	  5.700	ErrPose	  0.129	  0.021	  0.003	 -0.019
[component_container-11] 	  5.700	ErrTwis	  0.060	  0.005	 -0.007	 -0.023
[component_container-11] 	  5.700	    GPS	 -2.069	 -2.064	  2.494	     --
[component_container-11] 	  5.700	   Baro	     --	     --	  2.663	     --
[component_container-11] 	  5.700	  BBias	     --	     --	  0.303	     --
[component_container-11] 	  5.700	  Sonar	     --	     --	  2.573	     --
[component_container-11] 	  5.700	  Magnt	     --	     --	     --	 -1.481
[component_container-11] 
[component_container-11] 	  5.740	   Pose	 -2.124	 -1.907	  2.604	 -1.494
[component_container-11] 	  5.740	  Twist	  0.031	  0.057	  0.509	 -0.272
[component_container-11] 	  5.740	ErrPose	  0.130	  0.015	  0.007	 -0.019
[component_container-11] 	  5.740	ErrTwis	  0.060	  0.002	  0.002	 -0.008
[component_container-11] 	  5.740	    GPS	 -2.069	 -2.064	  2.494	     --
[component_container-11] 	  5.740	   Baro	     --	     --	  2.961	     --
[component_container-11] 	  5.740	  BBias	     --	     --	  0.304	     --
[component_container-11] 	  5.740	  Sonar	     --	     --	  2.574	     --
[component_container-11] 	  5.740	  Magnt	     --	     --	     --	 -1.524
[component_container-11] 
[component_container-11] 	  5.770	   Pose	 -2.123	 -1.905	  2.617	 -1.502
[component_container-11] 	  5.770	  Twist	  0.031	  0.059	  0.504	 -0.277
[component_container-11] 	  5.770	ErrPose	  0.131	  0.012	  0.005	 -0.016
[component_container-11] 	  5.770	ErrTwis	  0.060	  0.000	  0.007	 -0.003
[component_container-11] 	  5.770	    GPS	 -2.069	 -2.064	  2.494	     --
[component_container-11] 	  5.770	   Baro	     --	     --	  2.962	     --
[component_container-11] 	  5.770	  BBias	     --	     --	  0.305	     --
[component_container-11] 	  5.770	  Sonar	     --	     --	  2.606	     --
[component_container-11] 	  5.770	  Magnt	     --	     --	     --	 -1.469
[component_container-11] 
[component_container-11] 	  5.800	   Pose	 -2.122	 -1.904	  2.632	 -1.510
[component_container-11] 	  5.800	  Twist	  0.032	  0.061	  0.505	 -0.271
[component_container-11] 	  5.800	ErrPose	  0.132	  0.006	  0.010	 -0.019
[component_container-11] 	  5.800	ErrTwis	  0.059	 -0.002	  0.005	 -0.009
[component_container-11] 	  5.800	    GPS	 -2.069	 -2.064	  2.494	     --
[component_container-11] 	  5.800	   Baro	     --	     --	  2.962	     --
[component_container-11] 	  5.800	  BBias	     --	     --	  0.305	     --
[component_container-11] 	  5.800	  Sonar	     --	     --	  2.606	     --
[component_container-11] 	  5.800	  Magnt	     --	     --	     --	 -1.469
[component_container-11] 
[component_container-11] 	  5.840	   Pose	 -2.120	 -1.901	  2.647	 -1.522
[component_container-11] 	  5.840	  Twist	  0.033	  0.063	  0.494	 -0.262
[component_container-11] 	  5.840	ErrPose	  0.133	  0.000	  0.015	 -0.019
[component_container-11] 	  5.840	ErrTwis	  0.058	 -0.005	  0.016	 -0.018
[component_container-11] 	  5.840	    GPS	 -2.069	 -2.064	  2.494	     --
[component_container-11] 	  5.840	   Baro	     --	     --	  2.856	     --
[component_container-11] 	  5.840	  BBias	     --	     --	  0.304	     --
[component_container-11] 	  5.840	  Sonar	     --	     --	  2.620	     --
[component_container-11] 	  5.840	  Magnt	     --	     --	     --	 -1.534
[component_container-11] 
[component_container-11] 	  5.870	   Pose	 -2.119	 -1.899	  2.664	 -1.529
[component_container-11] 	  5.870	  Twist	  0.034	  0.065	  0.500	 -0.266
[component_container-11] 	  5.870	ErrPose	  0.133	 -0.004	  0.009	 -0.018
[component_container-11] 	  5.870	ErrTwis	  0.057	 -0.007	  0.010	 -0.014
[component_container-11] 	  5.870	    GPS	 -2.069	 -2.064	  2.494	     --
[component_container-11] 	  5.870	   Baro	     --	     --	  3.197	     --
[component_container-11] 	  5.870	  BBias	     --	     --	  0.306	     --
[component_container-11] 	  5.870	  Sonar	     --	     --	  2.620	     --
[component_container-11] 	  5.870	  Magnt	     --	     --	     --	 -1.485
[component_container-11] 
[component_container-11] 	  5.900	   Pose	 -2.118	 -1.897	  2.678	 -1.536
[component_container-11] 	  5.900	  Twist	  0.035	  0.067	  0.499	 -0.255
[component_container-11] 	  5.900	ErrPose	  0.135	 -0.009	  0.016	 -0.021
[component_container-11] 	  5.900	ErrTwis	  0.056	 -0.010	  0.011	 -0.025
[component_container-11] 	  5.900	    GPS	 -2.069	 -2.064	  2.494	     --
[component_container-11] 	  5.900	   Baro	     --	     --	  3.197	     --
[component_container-11] 	  5.900	  BBias	     --	     --	  0.306	     --
[component_container-11] 	  5.900	  Sonar	     --	     --	  2.663	     --
[component_container-11] 	  5.900	  Magnt	     --	     --	     --	 -1.485
[component_container-11] 
[component_container-11] 	  5.940	   Pose	 -2.117	 -1.894	  2.693	 -1.547
[component_container-11] 	  5.940	  Twist	  0.037	  0.070	  0.490	 -0.261
[component_container-11] 	  5.940	ErrPose	  0.136	 -0.016	  0.021	 -0.022
[component_container-11] 	  5.940	ErrTwis	  0.054	 -0.013	  0.020	 -0.019
[component_container-11] 	  5.940	    GPS	 -2.069	 -2.064	  2.494	     --
[component_container-11] 	  5.940	   Baro	     --	     --	  3.013	     --
[component_container-11] 	  5.940	  BBias	     --	     --	  0.307	     --
[component_container-11] 	  5.940	  Sonar	     --	     --	  2.666	     --
[component_container-11] 	  5.940	  Magnt	     --	     --	     --	 -1.550
[component_container-11] 
[component_container-11] 	  5.970	   Pose	 -2.116	 -1.892	  2.713	 -1.556
[component_container-11] 	  5.970	  Twist	  0.038	  0.072	  0.504	 -0.279
[component_container-11] 	  5.970	ErrPose	  0.135	 -0.020	  0.011	 -0.019
[component_container-11] 	  5.970	ErrTwis	  0.054	 -0.015	  0.005	 -0.001
[component_container-11] 	  5.970	    GPS	 -2.069	 -2.064	  2.494	     --
[component_container-11] 	  5.970	   Baro	     --	     --	  3.089	     --
[component_container-11] 	  5.970	  BBias	     --	     --	  0.307	     --
[component_container-11] 	  5.970	  Sonar	     --	     --	  2.731	     --
[component_container-11] 	  5.970	  Magnt	     --	     --	     --	 -1.568
[component_container-11] 
[component_container-11] 	  6.000	   Pose	 -2.115	 -1.890	  2.728	 -1.564
[component_container-11] 	  6.000	  Twist	  0.038	  0.074	  0.505	 -0.281
[component_container-11] 	  6.000	ErrPose	  0.137	 -0.026	  0.016	 -0.022
[component_container-11] 	  6.000	ErrTwis	  0.052	 -0.018	  0.004	  0.001
[component_container-11] 	  6.000	    GPS	 -2.069	 -2.064	  2.494	     --
[component_container-11] 	  6.000	   Baro	     --	     --	  3.089	     --
[component_container-11] 	  6.000	  BBias	     --	     --	  0.307	     --
[component_container-11] 	  6.000	  Sonar	     --	     --	  2.731	     --
[component_container-11] 	  6.000	  Magnt	     --	     --	     --	 -1.568
[component_container-11] 
[component_container-11] 	  6.040	   Pose	 -1.991	 -2.079	  2.756	 -1.575
[component_container-11] 	  6.040	  Twist	  0.132	 -0.066	  0.525	 -0.272
[component_container-11] 	  6.040	ErrPose	  0.015	  0.160	  0.009	 -0.022
[component_container-11] 	  6.040	ErrTwis	 -0.042	  0.122	 -0.016	 -0.007
[component_container-11] 	  6.040	    GPS	 -1.868	 -2.283	  2.749	     --
[component_container-11] 	  6.040	   Baro	     --	     --	  3.088	     --
[component_container-11] 	  6.040	  BBias	     --	     --	  0.308	     --
[component_container-11] 	  6.040	  Sonar	     --	     --	  2.775	     --
[component_container-11] 	  6.040	  Magnt	     --	     --	     --	 -1.581
[component_container-11] 
[component_container-11] [INFO] [1775370728.154593455] [drone.estimator]: TMP LOG err_xyz=(0.015, 0.160, 0.009) | z_est=2.756 vz_est=0.525 bias=0.308 | gps_z=2.749 sonar=2.775 baro=3.088
[component_container-11] 	  6.070	   Pose	 -1.987	 -2.081	  2.772	 -1.584
[component_container-11] 	  6.070	  Twist	  0.134	 -0.063	  0.526	 -0.280
[component_container-11] 	  6.070	ErrPose	  0.012	  0.160	  0.003	 -0.019
[component_container-11] 	  6.070	ErrTwis	 -0.043	  0.120	 -0.017	  0.000
[component_container-11] 	  6.070	    GPS	 -1.868	 -2.283	  2.749	     --
[component_container-11] 	  6.070	   Baro	     --	     --	  3.094	     --
[component_container-11] 	  6.070	  BBias	     --	     --	  0.308	     --
[component_container-11] 	  6.070	  Sonar	     --	     --	  2.775	     --
[component_container-11] 	  6.070	  Magnt	     --	     --	     --	 -1.597
[component_container-11] 
[component_container-11] [INFO] [1775370728.214758458] [drone.controller]: cmd_vel body=(-0.136, -0.075, 0.500) yaw=-0.300 | odom_received=true | plan_points=23
[component_container-11] 	  6.100	   Pose	 -1.983	 -2.083	  2.788	 -1.592
[component_container-11] 	  6.100	  Twist	  0.135	 -0.061	  0.528	 -0.281
[component_container-11] 	  6.100	ErrPose	  0.010	  0.158	  0.007	 -0.022
[component_container-11] 	  6.100	ErrTwis	 -0.046	  0.118	 -0.019	  0.002
[component_container-11] 	  6.100	    GPS	 -1.868	 -2.283	  2.749	     --
[component_container-11] 	  6.100	   Baro	     --	     --	  3.094	     --
[component_container-11] 	  6.100	  BBias	     --	     --	  0.308	     --
[component_container-11] 	  6.100	  Sonar	     --	     --	  2.783	     --
[component_container-11] 	  6.100	  Magnt	     --	     --	     --	 -1.597
[component_container-11] 
[component_container-11] 	  6.140	   Pose	 -1.977	 -2.085	  2.808	 -1.603
[component_container-11] 	  6.140	  Twist	  0.137	 -0.059	  0.527	 -0.253
[component_container-11] 	  6.140	ErrPose	  0.006	  0.157	  0.008	 -0.022
[component_container-11] 	  6.140	ErrTwis	 -0.048	  0.115	 -0.018	 -0.026
[component_container-11] 	  6.140	    GPS	 -1.868	 -2.283	  2.749	     --
[component_container-11] 	  6.140	   Baro	     --	     --	  3.157	     --
[component_container-11] 	  6.140	  BBias	     --	     --	  0.308	     --
[component_container-11] 	  6.140	  Sonar	     --	     --	  2.797	     --
[component_container-11] 	  6.140	  Magnt	     --	     --	     --	 -1.593
[component_container-11] 
[component_container-11] 	  6.170	   Pose	 -1.973	 -2.087	  2.823	 -1.612
[component_container-11] 	  6.170	  Twist	  0.138	 -0.057	  0.528	 -0.259
[component_container-11] 	  6.170	ErrPose	  0.003	  0.156	  0.002	 -0.019
[component_container-11] 	  6.170	ErrTwis	 -0.049	  0.114	 -0.019	 -0.020
[component_container-11] 	  6.170	    GPS	 -1.868	 -2.283	  2.749	     --
[component_container-11] 	  6.170	   Baro	     --	     --	  3.087	     --
[component_container-11] 	  6.170	  BBias	     --	     --	  0.308	     --
[component_container-11] 	  6.170	  Sonar	     --	     --	  2.797	     --
[component_container-11] 	  6.170	  Magnt	     --	     --	     --	 -1.652
[component_container-11] 
[component_container-11] 	  6.200	   Pose	 -1.969	 -2.089	  2.835	 -1.620
[component_container-11] 	  6.200	  Twist	  0.140	 -0.055	  0.520	 -0.282
[component_container-11] 	  6.200	ErrPose	  0.001	  0.155	  0.011	 -0.022
[component_container-11] 	  6.200	ErrTwis	 -0.051	  0.113	 -0.012	  0.002
[component_container-11] 	  6.200	    GPS	 -1.868	 -2.283	  2.749	     --
[component_container-11] 	  6.200	   Baro	     --	     --	  3.087	     --
[component_container-11] 	  6.200	  BBias	     --	     --	  0.308	     --
[component_container-11] 	  6.200	  Sonar	     --	     --	  2.803	     --
[component_container-11] 	  6.200	  Magnt	     --	     --	     --	 -1.652
[component_container-11] 
[component_container-11] 	  6.240	   Pose	 -1.963	 -2.091	  2.859	 -1.632
[component_container-11] 	  6.240	  Twist	  0.142	 -0.053	  0.530	 -0.270
[component_container-11] 	  6.240	ErrPose	 -0.003	  0.153	  0.007	 -0.021
[component_container-11] 	  6.240	ErrTwis	 -0.054	  0.110	 -0.021	 -0.010
[component_container-11] 	  6.240	    GPS	 -1.868	 -2.283	  2.749	     --
[component_container-11] 	  6.240	   Baro	     --	     --	  3.207	     --
[component_container-11] 	  6.240	  BBias	     --	     --	  0.309	     --
[component_container-11] 	  6.240	  Sonar	     --	     --	  2.859	     --
[component_container-11] 	  6.240	  Magnt	     --	     --	     --	 -1.668
[component_container-11] 
[component_container-11] 	  6.270	   Pose	 -1.959	 -2.092	  2.877	 -1.642
[component_container-11] 	  6.270	  Twist	  0.143	 -0.051	  0.536	 -0.259
[component_container-11] 	  6.270	ErrPose	 -0.007	  0.153	 -0.000	 -0.017
[component_container-11] 	  6.270	ErrTwis	 -0.056	  0.108	 -0.027	 -0.020
[component_container-11] 	  6.270	    GPS	 -1.868	 -2.283	  2.749	     --
[component_container-11] 	  6.270	   Baro	     --	     --	  3.432	     --
[component_container-11] 	  6.270	  BBias	     --	     --	  0.311	     --
[component_container-11] 	  6.270	  Sonar	     --	     --	  2.877	     --
[component_container-11] 	  6.270	  Magnt	     --	     --	     --	 -1.711
[component_container-11] 
[component_container-11] 	  6.300	   Pose	 -1.955	 -2.094	  2.893	 -1.650
[component_container-11] 	  6.300	  Twist	  0.144	 -0.050	  0.537	 -0.252
[component_container-11] 	  6.300	ErrPose	 -0.010	  0.151	  0.004	 -0.020
[component_container-11] 	  6.300	ErrTwis	 -0.059	  0.103	 -0.028	 -0.027
[component_container-11] 	  6.300	    GPS	 -1.868	 -2.283	  2.749	     --
[component_container-11] 	  6.300	   Baro	     --	     --	  3.432	     --
[component_container-11] 	  6.300	  BBias	     --	     --	  0.311	     --
[component_container-11] 	  6.300	  Sonar	     --	     --	  2.877	     --
[component_container-11] 	  6.300	  Magnt	     --	     --	     --	 -1.711
[component_container-11] 
[component_container-11] 	  6.340	   Pose	 -1.949	 -2.096	  2.914	 -1.661
[component_container-11] 	  6.340	  Twist	  0.145	 -0.047	  0.537	 -0.277
[component_container-11] 	  6.340	ErrPose	 -0.014	  0.150	  0.004	 -0.019
[component_container-11] 	  6.340	ErrTwis	 -0.061	  0.096	 -0.028	 -0.002
[component_container-11] 	  6.340	    GPS	 -1.868	 -2.283	  2.749	     --
[component_container-11] 	  6.340	   Baro	     --	     --	  3.293	     --
[component_container-11] 	  6.340	  BBias	     --	     --	  0.312	     --
[component_container-11] 	  6.340	  Sonar	     --	     --	  2.898	     --
[component_container-11] 	  6.340	  Magnt	     --	     --	     --	 -1.695
[component_container-11] 
[component_container-11] 	  6.370	   Pose	 -1.944	 -2.097	  2.930	 -1.670
[component_container-11] 	  6.370	  Twist	  0.146	 -0.045	  0.539	 -0.264
[component_container-11] 	  6.370	ErrPose	 -0.018	  0.149	 -0.003	 -0.016
[component_container-11] 	  6.370	ErrTwis	 -0.063	  0.091	 -0.030	 -0.016
[component_container-11] 	  6.370	    GPS	 -1.868	 -2.283	  2.749	     --
[component_container-11] 	  6.370	   Baro	     --	     --	  3.258	     --
[component_container-11] 	  6.370	  BBias	     --	     --	  0.312	     --
[component_container-11] 	  6.370	  Sonar	     --	     --	  2.898	     --
[component_container-11] 	  6.370	  Magnt	     --	     --	     --	 -1.692
[component_container-11] 
[component_container-11] 	  6.400	   Pose	 -1.940	 -2.099	  2.947	 -1.678
[component_container-11] 	  6.400	  Twist	  0.148	 -0.044	  0.543	 -0.269
[component_container-11] 	  6.400	ErrPose	 -0.022	  0.147	  0.001	 -0.019
[component_container-11] 	  6.400	ErrTwis	 -0.066	  0.085	 -0.034	 -0.011
[component_container-11] 	  6.400	    GPS	 -1.868	 -2.283	  2.749	     --
[component_container-11] 	  6.400	   Baro	     --	     --	  3.258	     --
[component_container-11] 	  6.400	  BBias	     --	     --	  0.312	     --
[component_container-11] 	  6.400	  Sonar	     --	     --	  2.934	     --
[component_container-11] 	  6.400	  Magnt	     --	     --	     --	 -1.692
[component_container-11] 
[component_container-11] 	  6.440	   Pose	 -1.934	 -2.100	  2.971	 -1.689
[component_container-11] 	  6.440	  Twist	  0.149	 -0.042	  0.549	 -0.263
[component_container-11] 	  6.440	ErrPose	 -0.027	  0.146	 -0.002	 -0.020
[component_container-11] 	  6.440	ErrTwis	 -0.070	  0.077	 -0.040	 -0.017
[component_container-11] 	  6.440	    GPS	 -1.868	 -2.283	  2.749	     --
[component_container-11] 	  6.440	   Baro	     --	     --	  3.334	     --
[component_container-11] 	  6.440	  BBias	     --	     --	  0.312	     --
[component_container-11] 	  6.440	  Sonar	     --	     --	  2.964	     --
[component_container-11] 	  6.440	  Magnt	     --	     --	     --	 -1.699
[component_container-11] 
[component_container-11] 	  6.470	   Pose	 -1.930	 -2.102	  2.987	 -1.698
[component_container-11] 	  6.470	  Twist	  0.151	 -0.040	  0.549	 -0.272
[component_container-11] 	  6.470	ErrPose	 -0.032	  0.146	 -0.008	 -0.017
[component_container-11] 	  6.470	ErrTwis	 -0.072	  0.072	 -0.040	 -0.007
[component_container-11] 	  6.470	    GPS	 -1.868	 -2.283	  2.749	     --
[component_container-11] 	  6.470	   Baro	     --	     --	  3.218	     --
[component_container-11] 	  6.470	  BBias	     --	     --	  0.312	     --
[component_container-11] 	  6.470	  Sonar	     --	     --	  2.964	     --
[component_container-11] 	  6.470	  Magnt	     --	     --	     --	 -1.706
[component_container-11] 
[component_container-11] 	  6.500	   Pose	 -1.925	 -2.103	  3.006	 -1.706
[component_container-11] 	  6.500	  Twist	  0.152	 -0.038	  0.557	 -0.260
[component_container-11] 	  6.500	ErrPose	 -0.036	  0.144	 -0.007	 -0.020
[component_container-11] 	  6.500	ErrTwis	 -0.075	  0.065	 -0.048	 -0.020
[component_container-11] 	  6.500	    GPS	 -1.868	 -2.283	  2.749	     --
[component_container-11] 	  6.500	   Baro	     --	     --	  3.218	     --
[component_container-11] 	  6.500	  BBias	     --	     --	  0.312	     --
[component_container-11] 	  6.500	  Sonar	     --	     --	  3.000	     --
[component_container-11] 	  6.500	  Magnt	     --	     --	     --	 -1.706
[component_container-11] 
[component_container-11] [INFO] [1775370728.618810284] [drone.estimator]: TMP LOG gps innov_xy=(-0.100, 0.069) est_xy=(-1.925, -2.103) gps_xy=(-2.025, -2.033) corr_xy=(-2.025, -2.033) vel_xy=(0.152, -0.038)
[component_container-11] [INFO] [1775370728.619252918] [drone.estimator]: TMP LOG gps vel pseudo raw=(-0.313, 0.498) filt=(-0.245, 0.406) innov_v=(-0.383, 0.434) apply=(1,1)
[component_container-11] 	  6.540	   Pose	 -2.009	 -2.016	  3.027	 -1.717
[component_container-11] 	  6.540	  Twist	  0.067	  0.057	  0.555	 -0.266
[component_container-11] 	  6.540	ErrPose	  0.048	  0.054	 -0.007	 -0.020
[component_container-11] 	  6.540	ErrTwis	  0.009	 -0.036	 -0.046	 -0.013
[component_container-11] 	  6.540	    GPS	 -2.025	 -2.033	  3.004	     --
[component_container-11] 	  6.540	   Baro	     --	     --	  3.422	     --
[component_container-11] 	  6.540	  BBias	     --	     --	  0.313	     --
[component_container-11] 	  6.540	  Sonar	     --	     --	  3.012	     --
[component_container-11] 	  6.540	  Magnt	     --	     --	     --	 -1.735
[component_container-11] 
[component_container-11] 	  6.570	   Pose	 -2.007	 -2.014	  3.043	 -1.727
[component_container-11] 	  6.570	  Twist	  0.068	  0.059	  0.556	 -0.256
[component_container-11] 	  6.570	ErrPose	  0.046	  0.051	 -0.014	 -0.016
[component_container-11] 	  6.570	ErrTwis	  0.006	 -0.040	 -0.047	 -0.024
[component_container-11] 	  6.570	    GPS	 -2.025	 -2.033	  3.004	     --
[component_container-11] 	  6.570	   Baro	     --	     --	  3.339	     --
[component_container-11] 	  6.570	  BBias	     --	     --	  0.313	     --
[component_container-11] 	  6.570	  Sonar	     --	     --	  3.012	     --
[component_container-11] 	  6.570	  Magnt	     --	     --	     --	 -1.792
[component_container-11] 
[component_container-11] 	  6.600	   Pose	 -2.005	 -2.012	  3.051	 -1.735
[component_container-11] 	  6.600	  Twist	  0.069	  0.060	  0.537	 -0.260
[component_container-11] 	  6.600	ErrPose	  0.043	  0.046	 -0.001	 -0.019
[component_container-11] 	  6.600	ErrTwis	  0.004	 -0.047	 -0.027	 -0.020
[component_container-11] 	  6.600	    GPS	 -2.025	 -2.033	  3.004	     --
[component_container-11] 	  6.600	   Baro	     --	     --	  3.339	     --
[component_container-11] 	  6.600	  BBias	     --	     --	  0.313	     --
[component_container-11] 	  6.600	  Sonar	     --	     --	  3.001	     --
[component_container-11] 	  6.600	  Magnt	     --	     --	     --	 -1.792
[component_container-11] 
[component_container-11] 	  6.640	   Pose	 -2.002	 -2.010	  3.071	 -1.746
[component_container-11] 	  6.640	  Twist	  0.070	  0.063	  0.536	 -0.259
[component_container-11] 	  6.640	ErrPose	  0.040	  0.041	 -0.001	 -0.019
[component_container-11] 	  6.640	ErrTwis	  0.001	 -0.055	 -0.027	 -0.020
[component_container-11] 	  6.640	    GPS	 -2.025	 -2.033	  3.004	     --
[component_container-11] 	  6.640	   Baro	     --	     --	  3.381	     --
[component_container-11] 	  6.640	  BBias	     --	     --	  0.313	     --
[component_container-11] 	  6.640	  Sonar	     --	     --	  3.056	     --
[component_container-11] 	  6.640	  Magnt	     --	     --	     --	 -1.757
[component_container-11] 
[component_container-11] 	  6.670	   Pose	 -2.000	 -2.008	  3.087	 -1.755
[component_container-11] 	  6.670	  Twist	  0.072	  0.065	  0.538	 -0.277
[component_container-11] 	  6.670	ErrPose	  0.037	  0.038	 -0.007	 -0.015
[component_container-11] 	  6.670	ErrTwis	 -0.002	 -0.059	 -0.029	 -0.003
[component_container-11] 	  6.670	    GPS	 -2.025	 -2.033	  3.004	     --
[component_container-11] 	  6.670	   Baro	     --	     --	  3.309	     --
[component_container-11] 	  6.670	  BBias	     --	     --	  0.312	     --
[component_container-11] 	  6.670	  Sonar	     --	     --	  3.090	     --
[component_container-11] 	  6.670	  Magnt	     --	     --	     --	 -1.816
[component_container-11] 
[component_container-11] 	  6.700	   Pose	 -1.998	 -2.006	  3.104	 -1.763
[component_container-11] 	  6.700	  Twist	  0.073	  0.066	  0.540	 -0.279
[component_container-11] 	  6.700	ErrPose	  0.034	  0.034	 -0.003	 -0.018
[component_container-11] 	  6.700	ErrTwis	 -0.006	 -0.066	 -0.031	  0.000
[component_container-11] 	  6.700	    GPS	 -2.025	 -2.033	  3.004	     --
[component_container-11] 	  6.700	   Baro	     --	     --	  3.309	     --
[component_container-11] 	  6.700	  BBias	     --	     --	  0.312	     --
[component_container-11] 	  6.700	  Sonar	     --	     --	  3.090	     --
[component_container-11] 	  6.700	  Magnt	     --	     --	     --	 -1.816
[component_container-11] 
[component_container-11] 	  6.740	   Pose	 -1.995	 -2.003	  3.128	 -1.774
[component_container-11] 	  6.740	  Twist	  0.075	  0.069	  0.548	 -0.272
[component_container-11] 	  6.740	ErrPose	  0.031	  0.029	 -0.007	 -0.019
[component_container-11] 	  6.740	ErrTwis	 -0.010	 -0.073	 -0.038	 -0.007
[component_container-11] 	  6.740	    GPS	 -2.025	 -2.033	  3.004	     --
[component_container-11] 	  6.740	   Baro	     --	     --	  3.421	     --
[component_container-11] 	  6.740	  BBias	     --	     --	  0.312	     --
[component_container-11] 	  6.740	  Sonar	     --	     --	  3.127	     --
[component_container-11] 	  6.740	  Magnt	     --	     --	     --	 -1.742
[component_container-11] 
[component_container-11] 	  6.770	   Pose	 -1.993	 -2.001	  3.140	 -1.783
[component_container-11] 	  6.770	  Twist	  0.077	  0.070	  0.539	 -0.266
[component_container-11] 	  6.770	ErrPose	  0.028	  0.025	 -0.009	 -0.015
[component_container-11] 	  6.770	ErrTwis	 -0.013	 -0.076	 -0.029	 -0.014
[component_container-11] 	  6.770	    GPS	 -2.025	 -2.033	  3.004	     --
[component_container-11] 	  6.770	   Baro	     --	     --	  3.396	     --
[component_container-11] 	  6.770	  BBias	     --	     --	  0.312	     --
[component_container-11] 	  6.770	  Sonar	     --	     --	  3.125	     --
[component_container-11] 	  6.770	  Magnt	     --	     --	     --	 -1.818
[component_container-11] 
[component_container-11] 	  6.800	   Pose	 -1.990	 -1.999	  3.156	 -1.791
[component_container-11] 	  6.800	  Twist	  0.078	  0.072	  0.541	 -0.275
[component_container-11] 	  6.800	ErrPose	  0.025	  0.021	 -0.004	 -0.018
[component_container-11] 	  6.800	ErrTwis	 -0.016	 -0.080	 -0.031	 -0.004
[component_container-11] 	  6.800	    GPS	 -2.025	 -2.033	  3.004	     --
[component_container-11] 	  6.800	   Baro	     --	     --	  3.396	     --
[component_container-11] 	  6.800	  BBias	     --	     --	  0.312	     --
[component_container-11] 	  6.800	  Sonar	     --	     --	  3.125	     --
[component_container-11] 	  6.800	  Magnt	     --	     --	     --	 -1.818
[component_container-11] 
[component_container-11] 	  6.840	   Pose	 -1.987	 -1.996	  3.179	 -1.802
[component_container-11] 	  6.840	  Twist	  0.081	  0.074	  0.545	 -0.295
[component_container-11] 	  6.840	ErrPose	  0.021	  0.016	 -0.007	 -0.019
[component_container-11] 	  6.840	ErrTwis	 -0.022	 -0.084	 -0.035	  0.016
[component_container-11] 	  6.840	    GPS	 -2.025	 -2.033	  3.004	     --
[component_container-11] 	  6.840	   Baro	     --	     --	  3.491	     --
[component_container-11] 	  6.840	  BBias	     --	     --	  0.312	     --
[component_container-11] 	  6.840	  Sonar	     --	     --	  3.172	     --
[component_container-11] 	  6.840	  Magnt	     --	     --	     --	 -1.782
[component_container-11] 
[component_container-11] 	  6.870	   Pose	 -1.985	 -1.994	  3.195	 -1.810
[component_container-11] 	  6.870	  Twist	  0.083	  0.076	  0.546	 -0.261
[component_container-11] 	  6.870	ErrPose	  0.018	  0.013	 -0.012	 -0.016
[component_container-11] 	  6.870	ErrTwis	 -0.025	 -0.085	 -0.035	 -0.019
[component_container-11] 	  6.870	    GPS	 -2.025	 -2.033	  3.004	     --
[component_container-11] 	  6.870	   Baro	     --	     --	  3.420	     --
[component_container-11] 	  6.870	  BBias	     --	     --	  0.312	     --
[component_container-11] 	  6.870	  Sonar	     --	     --	  3.172	     --
[component_container-11] 	  6.870	  Magnt	     --	     --	     --	 -1.815
[component_container-11] 
[component_container-11] 	  6.900	   Pose	 -1.982	 -1.991	  3.210	 -1.818
[component_container-11] 	  6.900	  Twist	  0.084	  0.077	  0.544	 -0.268
[component_container-11] 	  6.900	ErrPose	  0.014	  0.009	 -0.007	 -0.019
[component_container-11] 	  6.900	ErrTwis	 -0.028	 -0.086	 -0.034	 -0.011
[component_container-11] 	  6.900	    GPS	 -2.025	 -2.033	  3.004	     --
[component_container-11] 	  6.900	   Baro	     --	     --	  3.420	     --
[component_container-11] 	  6.900	  BBias	     --	     --	  0.312	     --
[component_container-11] 	  6.900	  Sonar	     --	     --	  3.195	     --
[component_container-11] 	  6.900	  Magnt	     --	     --	     --	 -1.815
[component_container-11] 
[component_container-11] 	  6.940	   Pose	 -1.979	 -1.988	  3.232	 -1.831
[component_container-11] 	  6.940	  Twist	  0.087	  0.079	  0.547	 -0.270
[component_container-11] 	  6.940	ErrPose	  0.010	  0.004	 -0.009	 -0.018
[component_container-11] 	  6.940	ErrTwis	 -0.033	 -0.087	 -0.037	 -0.010
[component_container-11] 	  6.940	    GPS	 -2.025	 -2.033	  3.004	     --
[component_container-11] 	  6.940	   Baro	     --	     --	  3.639	     --
[component_container-11] 	  6.940	  BBias	     --	     --	  0.313	     --
[component_container-11] 	  6.940	  Sonar	     --	     --	  3.220	     --
[component_container-11] 	  6.940	  Magnt	     --	     --	     --	 -1.890
[component_container-11] 
[component_container-11] 	  6.970	   Pose	 -1.976	 -1.986	  3.253	 -1.840
[component_container-11] 	  6.970	  Twist	  0.088	  0.080	  0.558	 -0.275
[component_container-11] 	  6.970	ErrPose	  0.007	  0.001	 -0.019	 -0.014
[component_container-11] 	  6.970	ErrTwis	 -0.035	 -0.089	 -0.048	 -0.005
[component_container-11] 	  6.970	    GPS	 -2.025	 -2.033	  3.004	     --
[component_container-11] 	  6.970	   Baro	     --	     --	  3.544	     --
[component_container-11] 	  6.970	  BBias	     --	     --	  0.312	     --
[component_container-11] 	  6.970	  Sonar	     --	     --	  3.268	     --
[component_container-11] 	  6.970	  Magnt	     --	     --	     --	 -1.869
[component_container-11] 
[component_container-11] 	  7.000	   Pose	 -1.973	 -1.984	  3.270	 -1.848
[component_container-11] 	  7.000	  Twist	  0.090	  0.082	  0.560	 -0.278
[component_container-11] 	  7.000	ErrPose	  0.003	 -0.003	 -0.016	 -0.017
[component_container-11] 	  7.000	ErrTwis	 -0.040	 -0.090	 -0.050	 -0.001
[component_container-11] 	  7.000	    GPS	 -2.025	 -2.033	  3.004	     --
[component_container-11] 	  7.000	   Baro	     --	     --	  3.544	     --
[component_container-11] 	  7.000	  BBias	     --	     --	  0.312	     --
[component_container-11] 	  7.000	  Sonar	     --	     --	  3.268	     --
[component_container-11] 	  7.000	  Magnt	     --	     --	     --	 -1.869
[component_container-11] 
[component_container-11] 	  7.040	   Pose	 -1.950	 -1.983	  3.297	 -1.859
[component_container-11] 	  7.040	  Twist	  0.107	  0.085	  0.574	 -0.263
[component_container-11] 	  7.040	ErrPose	 -0.021	 -0.006	 -0.023	 -0.017
[component_container-11] 	  7.040	ErrTwis	 -0.060	 -0.092	 -0.063	 -0.017
[component_container-11] 	  7.040	    GPS	 -1.933	 -2.001	  3.259	     --
[component_container-11] 	  7.040	   Baro	     --	     --	  3.525	     --
[component_container-11] 	  7.040	  BBias	     --	     --	  0.312	     --
[component_container-11] 	  7.040	  Sonar	     --	     --	  3.306	     --
[component_container-11] 	  7.040	  Magnt	     --	     --	     --	 -1.871
[component_container-11] 
[component_container-11] [INFO] [1775370729.158803812] [drone.estimator]: TMP LOG err_xyz=(-0.021, -0.006, -0.023) | z_est=3.297 vz_est=0.574 bias=0.312 | gps_z=3.259 sonar=3.306 baro=3.525
[component_container-11] 	  7.070	   Pose	 -1.947	 -1.980	  3.313	 -1.868
[component_container-11] 	  7.070	  Twist	  0.109	  0.086	  0.574	 -0.257
[component_container-11] 	  7.070	ErrPose	 -0.025	 -0.009	 -0.029	 -0.014
[component_container-11] 	  7.070	ErrTwis	 -0.063	 -0.094	 -0.063	 -0.023
[component_container-11] 	  7.070	    GPS	 -1.933	 -2.001	  3.259	     --
[component_container-11] 	  7.070	   Baro	     --	     --	  3.525	     --
[component_container-11] 	  7.070	  BBias	     --	     --	  0.311	     --
[component_container-11] 	  7.070	  Sonar	     --	     --	  3.306	     --
[component_container-11] 	  7.070	  Magnt	     --	     --	     --	 -1.886
[component_container-11] 
[component_container-11] 	  7.100	   Pose	 -1.943	 -1.978	  3.321	 -1.876
[component_container-11] 	  7.100	  Twist	  0.111	  0.088	  0.553	 -0.270
[component_container-11] 	  7.100	ErrPose	 -0.029	 -0.013	 -0.016	 -0.017
[component_container-11] 	  7.100	ErrTwis	 -0.067	 -0.095	 -0.043	 -0.010
[component_container-11] 	  7.100	    GPS	 -1.933	 -2.001	  3.259	     --
[component_container-11] 	  7.100	   Baro	     --	     --	  3.525	     --
[component_container-11] 	  7.100	  BBias	     --	     --	  0.311	     --
[component_container-11] 	  7.100	  Sonar	     --	     --	  3.269	     --
[component_container-11] 	  7.100	  Magnt	     --	     --	     --	 -1.886
[component_container-11] 
[component_container-11] [INFO] [1775370729.218971102] [drone.controller]: cmd_vel body=(0.031, -0.040, 0.500) yaw=-0.300 | odom_received=true | plan_points=18
[component_container-11] 	  7.140	   Pose	 -1.939	 -1.974	  3.333	 -1.887
[component_container-11] 	  7.140	  Twist	  0.114	  0.090	  0.533	 -0.268
[component_container-11] 	  7.140	ErrPose	 -0.034	 -0.018	 -0.008	 -0.018
[component_container-11] 	  7.140	ErrTwis	 -0.073	 -0.097	 -0.022	 -0.012
[component_container-11] 	  7.140	    GPS	 -1.933	 -2.001	  3.259	     --
[component_container-11] 	  7.140	   Baro	     --	     --	  3.613	     --
[component_container-11] 	  7.140	  BBias	     --	     --	  0.312	     --
[component_container-11] 	  7.140	  Sonar	     --	     --	  3.294	     --
[component_container-11] 	  7.140	  Magnt	     --	     --	     --	 -1.894
[component_container-11] 
[component_container-11] 	  7.170	   Pose	 -1.935	 -1.971	  3.345	 -1.895
[component_container-11] 	  7.170	  Twist	  0.116	  0.092	  0.522	 -0.264
[component_container-11] 	  7.170	ErrPose	 -0.038	 -0.021	 -0.009	 -0.015
[component_container-11] 	  7.170	ErrTwis	 -0.076	 -0.099	 -0.012	 -0.016
[component_container-11] 	  7.170	    GPS	 -1.933	 -2.001	  3.259	     --
[component_container-11] 	  7.170	   Baro	     --	     --	  3.695	     --
[component_container-11] 	  7.170	  BBias	     --	     --	  0.312	     --
[component_container-11] 	  7.170	  Sonar	     --	     --	  3.325	     --
[component_container-11] 	  7.170	  Magnt	     --	     --	     --	 -1.893
[component_container-11] 
[component_container-11] 	  7.200	   Pose	 -1.932	 -1.969	  3.360	 -1.903
[component_container-11] 	  7.200	  Twist	  0.118	  0.093	  0.523	 -0.263
[component_container-11] 	  7.200	ErrPose	 -0.042	 -0.025	 -0.004	 -0.018
[component_container-11] 	  7.200	ErrTwis	 -0.080	 -0.100	 -0.013	 -0.016
[component_container-11] 	  7.200	    GPS	 -1.933	 -2.001	  3.259	     --
[component_container-11] 	  7.200	   Baro	     --	     --	  3.695	     --
[component_container-11] 	  7.200	  BBias	     --	     --	  0.312	     --
[component_container-11] 	  7.200	  Sonar	     --	     --	  3.325	     --
[component_container-11] 	  7.200	  Magnt	     --	     --	     --	 -1.893
[component_container-11] 
[component_container-11] 	  7.240	   Pose	 -1.927	 -1.965	  3.374	 -1.915
[component_container-11] 	  7.240	  Twist	  0.121	  0.094	  0.508	 -0.275
[component_container-11] 	  7.240	ErrPose	 -0.048	 -0.030	  0.002	 -0.017
[component_container-11] 	  7.240	ErrTwis	 -0.085	 -0.101	  0.002	 -0.005
[component_container-11] 	  7.240	    GPS	 -1.933	 -2.001	  3.259	     --
[component_container-11] 	  7.240	   Baro	     --	     --	  3.578	     --
[component_container-11] 	  7.240	  BBias	     --	     --	  0.312	     --
[component_container-11] 	  7.240	  Sonar	     --	     --	  3.347	     --
[component_container-11] 	  7.240	  Magnt	     --	     --	     --	 -1.951
[component_container-11] 
[component_container-11] 	  7.270	   Pose	 -1.923	 -1.962	  3.390	 -1.923
[component_container-11] 	  7.270	  Twist	  0.122	  0.095	  0.512	 -0.282
[component_container-11] 	  7.270	ErrPose	 -0.052	 -0.033	 -0.004	 -0.015
[component_container-11] 	  7.270	ErrTwis	 -0.088	 -0.102	 -0.001	  0.002
[component_container-11] 	  7.270	    GPS	 -1.933	 -2.001	  3.259	     --
[component_container-11] 	  7.270	   Baro	     --	     --	  3.823	     --
[component_container-11] 	  7.270	  BBias	     --	     --	  0.312	     --
[component_container-11] 	  7.270	  Sonar	     --	     --	  3.391	     --
[component_container-11] 	  7.270	  Magnt	     --	     --	     --	 -1.900
[component_container-11] 
[component_container-11] 	  7.300	   Pose	 -1.920	 -1.959	  3.406	 -1.931
[component_container-11] 	  7.300	  Twist	  0.124	  0.096	  0.513	 -0.270
[component_container-11] 	  7.300	ErrPose	 -0.056	 -0.037	  0.001	 -0.018
[component_container-11] 	  7.300	ErrTwis	 -0.093	 -0.104	 -0.002	 -0.009
[component_container-11] 	  7.300	    GPS	 -1.933	 -2.001	  3.259	     --
[component_container-11] 	  7.300	   Baro	     --	     --	  3.823	     --
[component_container-11] 	  7.300	  BBias	     --	     --	  0.312	     --
[component_container-11] 	  7.300	  Sonar	     --	     --	  3.391	     --
[component_container-11] 	  7.300	  Magnt	     --	     --	     --	 -1.900
[component_container-11] 
[component_container-11] 	  7.340	   Pose	 -1.915	 -1.955	  3.429	 -1.942
[component_container-11] 	  7.340	  Twist	  0.127	  0.097	  0.522	 -0.275
[component_container-11] 	  7.340	ErrPose	 -0.062	 -0.041	 -0.002	 -0.019
[component_container-11] 	  7.340	ErrTwis	 -0.097	 -0.106	 -0.011	 -0.005
[component_container-11] 	  7.340	    GPS	 -1.933	 -2.001	  3.259	     --
[component_container-11] 	  7.340	   Baro	     --	     --	  3.670	     --
[component_container-11] 	  7.340	  BBias	     --	     --	  0.312	     --
[component_container-11] 	  7.340	  Sonar	     --	     --	  3.431	     --
[component_container-11] 	  7.340	  Magnt	     --	     --	     --	 -1.932
[component_container-11] 
[component_container-11] 	  7.370	   Pose	 -1.911	 -1.952	  3.445	 -1.949
[component_container-11] 	  7.370	  Twist	  0.128	  0.099	  0.524	 -0.268
[component_container-11] 	  7.370	ErrPose	 -0.066	 -0.045	 -0.008	 -0.017
[component_container-11] 	  7.370	ErrTwis	 -0.099	 -0.108	 -0.014	 -0.012
[component_container-11] 	  7.370	    GPS	 -1.933	 -2.001	  3.259	     --
[component_container-11] 	  7.370	   Baro	     --	     --	  3.810	     --
[component_container-11] 	  7.370	  BBias	     --	     --	  0.312	     --
[component_container-11] 	  7.370	  Sonar	     --	     --	  3.431	     --
[component_container-11] 	  7.370	  Magnt	     --	     --	     --	 -1.928
[component_container-11] 
[component_container-11] 	  7.400	   Pose	 -1.907	 -1.949	  3.463	 -1.957
[component_container-11] 	  7.400	  Twist	  0.130	  0.100	  0.530	 -0.256
[component_container-11] 	  7.400	ErrPose	 -0.071	 -0.048	 -0.005	 -0.020
[component_container-11] 	  7.400	ErrTwis	 -0.104	 -0.110	 -0.020	 -0.023
[component_container-11] 	  7.400	    GPS	 -1.933	 -2.001	  3.259	     --
[component_container-11] 	  7.400	   Baro	     --	     --	  3.810	     --
[component_container-11] 	  7.400	  BBias	     --	     --	  0.312	     --
[component_container-11] 	  7.400	  Sonar	     --	     --	  3.455	     --
[component_container-11] 	  7.400	  Magnt	     --	     --	     --	 -1.928
[component_container-11] 
[component_container-11] 	  7.440	   Pose	 -1.902	 -1.945	  3.484	 -1.968
[component_container-11] 	  7.440	  Twist	  0.132	  0.101	  0.531	 -0.280
[component_container-11] 	  7.440	ErrPose	 -0.077	 -0.053	 -0.005	 -0.020
[component_container-11] 	  7.440	ErrTwis	 -0.108	 -0.113	 -0.021	  0.000
[component_container-11] 	  7.440	    GPS	 -1.933	 -2.001	  3.259	     --
[component_container-11] 	  7.440	   Baro	     --	     --	  3.865	     --
[component_container-11] 	  7.440	  BBias	     --	     --	  0.313	     --
[component_container-11] 	  7.440	  Sonar	     --	     --	  3.475	     --
[component_container-11] 	  7.440	  Magnt	     --	     --	     --	 -1.973
[component_container-11] 
[component_container-11] 	  7.470	   Pose	 -1.898	 -1.942	  3.496	 -1.977
[component_container-11] 	  7.470	  Twist	  0.134	  0.102	  0.524	 -0.266
[component_container-11] 	  7.470	ErrPose	 -0.081	 -0.056	 -0.007	 -0.017
[component_container-11] 	  7.470	ErrTwis	 -0.110	 -0.114	 -0.013	 -0.014
[component_container-11] 	  7.470	    GPS	 -1.933	 -2.001	  3.259	     --
[component_container-11] 	  7.470	   Baro	     --	     --	  3.883	     --
[component_container-11] 	  7.470	  BBias	     --	     --	  0.314	     --
[component_container-11] 	  7.470	  Sonar	     --	     --	  3.479	     --
[component_container-11] 	  7.470	  Magnt	     --	     --	     --	 -2.004
[component_container-11] 
[component_container-11] 	  7.500	   Pose	 -1.894	 -1.939	  3.512	 -1.985
[component_container-11] 	  7.500	  Twist	  0.136	  0.104	  0.525	 -0.263
[component_container-11] 	  7.500	ErrPose	 -0.087	 -0.060	 -0.003	 -0.020
[component_container-11] 	  7.500	ErrTwis	 -0.113	 -0.118	 -0.014	 -0.016
[component_container-11] 	  7.500	    GPS	 -1.933	 -2.001	  3.259	     --
[component_container-11] 	  7.500	   Baro	     --	     --	  3.883	     --
[component_container-11] 	  7.500	  BBias	     --	     --	  0.314	     --
[component_container-11] 	  7.500	  Sonar	     --	     --	  3.479	     --
[component_container-11] 	  7.500	  Magnt	     --	     --	     --	 -2.004
[component_container-11] 
[component_container-11] [INFO] [1775370729.623513646] [drone.estimator]: TMP LOG gps innov_xy=(-0.006, -0.226) est_xy=(-1.892, -1.938) gps_xy=(-1.899, -2.164) corr_xy=(-1.899, -2.164) vel_xy=(0.136, 0.104)
[component_container-11] [INFO] [1775370729.623955624] [drone.estimator]: TMP LOG gps vel pseudo raw=(0.067, -0.326) filt=(0.075, -0.283) innov_v=(-0.060, -0.355) apply=(1,1)
[component_container-11] 	  7.540	   Pose	 -1.900	 -2.061	  3.530	 -1.996
[component_container-11] 	  7.540	  Twist	  0.125	  0.004	  0.520	 -0.278
[component_container-11] 	  7.540	ErrPose	 -0.082	  0.062	 -0.000	 -0.020
[component_container-11] 	  7.540	ErrTwis	 -0.105	 -0.020	 -0.009	 -0.002
[component_container-11] 	  7.540	    GPS	 -1.899	 -2.164	  3.514	     --
[component_container-11] 	  7.540	   Baro	     --	     --	  3.774	     --
[component_container-11] 	  7.540	  BBias	     --	     --	  0.313	     --
[component_container-11] 	  7.540	  Sonar	     --	     --	  3.511	     --
[component_container-11] 	  7.540	  Magnt	     --	     --	     --	 -2.003
[component_container-11] 
[component_container-11] 	  7.570	   Pose	 -1.896	 -2.061	  3.545	 -2.005
[component_container-11] 	  7.570	  Twist	  0.128	  0.006	  0.519	 -0.262
[component_container-11] 	  7.570	ErrPose	 -0.086	  0.061	 -0.005	 -0.017
[component_container-11] 	  7.570	ErrTwis	 -0.108	 -0.022	 -0.009	 -0.018
[component_container-11] 	  7.570	    GPS	 -1.899	 -2.164	  3.514	     --
[component_container-11] 	  7.570	   Baro	     --	     --	  3.777	     --
[component_container-11] 	  7.570	  BBias	     --	     --	  0.313	     --
[component_container-11] 	  7.570	  Sonar	     --	     --	  3.511	     --
[component_container-11] 	  7.570	  Magnt	     --	     --	     --	 -2.022
[component_container-11] 
[component_container-11] 	  7.600	   Pose	 -1.892	 -2.061	  3.562	 -2.013
[component_container-11] 	  7.600	  Twist	  0.129	  0.006	  0.523	 -0.267
[component_container-11] 	  7.600	ErrPose	 -0.091	  0.061	 -0.002	 -0.021
[component_container-11] 	  7.600	ErrTwis	 -0.111	 -0.025	 -0.013	 -0.013
[component_container-11] 	  7.600	    GPS	 -1.899	 -2.164	  3.514	     --
[component_container-11] 	  7.600	   Baro	     --	     --	  3.777	     --
[component_container-11] 	  7.600	  BBias	     --	     --	  0.313	     --
[component_container-11] 	  7.600	  Sonar	     --	     --	  3.555	     --
[component_container-11] 	  7.600	  Magnt	     --	     --	     --	 -2.022
[component_container-11] 
[component_container-11] 	  7.640	   Pose	 -1.887	 -2.060	  3.593	 -2.024
[component_container-11] 	  7.640	  Twist	  0.131	  0.008	  0.549	 -0.279
[component_container-11] 	  7.640	ErrPose	 -0.097	  0.061	 -0.012	 -0.021
[component_container-11] 	  7.640	ErrTwis	 -0.113	 -0.028	 -0.038	 -0.001
[component_container-11] 	  7.640	    GPS	 -1.899	 -2.164	  3.514	     --
[component_container-11] 	  7.640	   Baro	     --	     --	  3.791	     --
[component_container-11] 	  7.640	  BBias	     --	     --	  0.312	     --
[component_container-11] 	  7.640	  Sonar	     --	     --	  3.622	     --
[component_container-11] 	  7.640	  Magnt	     --	     --	     --	 -2.020
[component_container-11] 
[component_container-11] 	  7.670	   Pose	 -1.883	 -2.060	  3.609	 -2.032
[component_container-11] 	  7.670	  Twist	  0.133	  0.009	  0.549	 -0.254
[component_container-11] 	  7.670	ErrPose	 -0.102	  0.060	 -0.018	 -0.018
[component_container-11] 	  7.670	ErrTwis	 -0.116	 -0.030	 -0.038	 -0.026
[component_container-11] 	  7.670	    GPS	 -1.899	 -2.164	  3.514	     --
[component_container-11] 	  7.670	   Baro	     --	     --	  3.872	     --
[component_container-11] 	  7.670	  BBias	     --	     --	  0.312	     --
[component_container-11] 	  7.670	  Sonar	     --	     --	  3.622	     --
[component_container-11] 	  7.670	  Magnt	     --	     --	     --	 -2.038
[component_container-11] 
[component_container-11] 	  7.700	   Pose	 -1.879	 -2.060	  3.620	 -2.040
[component_container-11] 	  7.700	  Twist	  0.135	  0.009	  0.537	 -0.278
[component_container-11] 	  7.700	ErrPose	 -0.107	  0.060	 -0.009	 -0.021
[component_container-11] 	  7.700	ErrTwis	 -0.119	 -0.032	 -0.027	 -0.002
[component_container-11] 	  7.700	    GPS	 -1.899	 -2.164	  3.514	     --
[component_container-11] 	  7.700	   Baro	     --	     --	  3.872	     --
[component_container-11] 	  7.700	  BBias	     --	     --	  0.312	     --
[component_container-11] 	  7.700	  Sonar	     --	     --	  3.590	     --
[component_container-11] 	  7.700	  Magnt	     --	     --	     --	 -2.038
[component_container-11] 
[component_container-11] 	  7.740	   Pose	 -1.873	 -2.059	  3.638	 -2.051
[component_container-11] 	  7.740	  Twist	  0.138	  0.010	  0.530	 -0.264
[component_container-11] 	  7.740	ErrPose	 -0.114	  0.060	 -0.006	 -0.022
[component_container-11] 	  7.740	ErrTwis	 -0.123	 -0.034	 -0.019	 -0.016
[component_container-11] 	  7.740	    GPS	 -1.899	 -2.164	  3.514	     --
[component_container-11] 	  7.740	   Baro	     --	     --	  3.918	     --
[component_container-11] 	  7.740	  BBias	     --	     --	  0.312	     --
[component_container-11] 	  7.740	  Sonar	     --	     --	  3.612	     --
[component_container-11] 	  7.740	  Magnt	     --	     --	     --	 -2.038
[component_container-11] 
[component_container-11] 	  7.770	   Pose	 -1.869	 -2.059	  3.653	 -2.059
[component_container-11] 	  7.770	  Twist	  0.139	  0.011	  0.531	 -0.287
[component_container-11] 	  7.770	ErrPose	 -0.119	  0.060	 -0.011	 -0.019
[component_container-11] 	  7.770	ErrTwis	 -0.125	 -0.037	 -0.020	  0.007
[component_container-11] 	  7.770	    GPS	 -1.899	 -2.164	  3.514	     --
[component_container-11] 	  7.770	   Baro	     --	     --	  4.000	     --
[component_container-11] 	  7.770	  BBias	     --	     --	  0.312	     --
[component_container-11] 	  7.770	  Sonar	     --	     --	  3.651	     --
[component_container-11] 	  7.770	  Magnt	     --	     --	     --	 -2.045
[component_container-11] 
[component_container-11] 	  7.800	   Pose	 -1.865	 -2.059	  3.669	 -2.067
[component_container-11] 	  7.800	  Twist	  0.142	  0.011	  0.532	 -0.267
[component_container-11] 	  7.800	ErrPose	 -0.125	  0.060	 -0.007	 -0.023
[component_container-11] 	  7.800	ErrTwis	 -0.128	 -0.040	 -0.022	 -0.013
[component_container-11] 	  7.800	    GPS	 -1.899	 -2.164	  3.514	     --
[component_container-11] 	  7.800	   Baro	     --	     --	  4.000	     --
[component_container-11] 	  7.800	  BBias	     --	     --	  0.312	     --
[component_container-11] 	  7.800	  Sonar	     --	     --	  3.651	     --
[component_container-11] 	  7.800	  Magnt	     --	     --	     --	 -2.045
[component_container-11] 
[component_container-11] 	  7.840	   Pose	 -1.859	 -2.058	  3.683	 -2.079
[component_container-11] 	  7.840	  Twist	  0.145	  0.012	  0.517	 -0.259
[component_container-11] 	  7.840	ErrPose	 -0.132	  0.060	 -0.000	 -0.021
[component_container-11] 	  7.840	ErrTwis	 -0.132	 -0.045	 -0.007	 61.834
[component_container-11] 	  7.840	    GPS	 -1.899	 -2.164	  3.514	     --
[component_container-11] 	  7.840	   Baro	     --	     --	  3.916	     --
[component_container-11] 	  7.840	  BBias	     --	     --	  0.312	     --
[component_container-11] 	  7.840	  Sonar	     --	     --	  3.647	     --
[component_container-11] 	  7.840	  Magnt	     --	     --	     --	 -2.140
[component_container-11] 
[component_container-11] 	  7.870	   Pose	 -1.855	 -2.058	  3.692	 -2.087
[component_container-11] 	  7.870	  Twist	  0.146	  0.013	  0.501	 -0.268
[component_container-11] 	  7.870	ErrPose	 -0.137	  0.060	  0.001	 -0.019
[component_container-11] 	  7.870	ErrTwis	 -0.134	 -0.048	  0.009	 61.843
[component_container-11] 	  7.870	    GPS	 -1.899	 -2.164	  3.514	     --
[component_container-11] 	  7.870	   Baro	     --	     --	  3.980	     --
[component_container-11] 	  7.870	  BBias	     --	     --	  0.312	     --
[component_container-11] 	  7.870	  Sonar	     --	     --	  3.666	     --
[component_container-11] 	  7.870	  Magnt	     --	     --	     --	 -2.092
[component_container-11] 
[component_container-11] 	  7.900	   Pose	 -1.850	 -2.058	  3.707	 -2.095
[component_container-11] 	  7.900	  Twist	  0.148	  0.014	  0.503	 -0.263
[component_container-11] 	  7.900	ErrPose	 -0.144	  0.060	  0.006	 -0.022
[component_container-11] 	  7.900	ErrTwis	 -0.136	 -0.053	  0.008	 61.838
[component_container-11] 	  7.900	    GPS	 -1.899	 -2.164	  3.514	     --
[component_container-11] 	  7.900	   Baro	     --	     --	  3.980	     --
[component_container-11] 	  7.900	  BBias	     --	     --	  0.312	     --
[component_container-11] 	  7.900	  Sonar	     --	     --	  3.666	     --
[component_container-11] 	  7.900	  Magnt	     --	     --	     --	 -2.092
[component_container-11] 
[component_container-11] 	  7.940	   Pose	 -1.844	 -2.057	  3.728	 -2.106
[component_container-11] 	  7.940	  Twist	  0.150	  0.015	  0.507	 -0.275
[component_container-11] 	  7.940	ErrPose	 -0.152	  0.060	  0.005	 -0.022
[component_container-11] 	  7.940	ErrTwis	 -0.139	 -0.059	  0.003	 -0.005
[component_container-11] 	  7.940	    GPS	 -1.899	 -2.164	  3.514	     --
[component_container-11] 	  7.940	   Baro	     --	     --	  3.977	     --
[component_container-11] 	  7.940	  BBias	     --	     --	  0.312	     --
[component_container-11] 	  7.940	  Sonar	     --	     --	  3.724	     --
[component_container-11] 	  7.940	  Magnt	     --	     --	     --	 -2.107
[component_container-11] 
[component_container-11] 	  7.970	   Pose	 -1.840	 -2.056	  3.738	 -2.115
[component_container-11] 	  7.970	  Twist	  0.153	  0.016	  0.495	 -0.267
[component_container-11] 	  7.970	ErrPose	 -0.157	  0.060	  0.006	 -0.019
[component_container-11] 	  7.970	ErrTwis	 -0.141	 -0.062	  0.015	 -0.013
[component_container-11] 	  7.970	    GPS	 -1.899	 -2.164	  3.514	     --
[component_container-11] 	  7.970	   Baro	     --	     --	  3.874	     --
[component_container-11] 	  7.970	  BBias	     --	     --	  0.311	     --
[component_container-11] 	  7.970	  Sonar	     --	     --	  3.721	     --
[component_container-11] 	  7.970	  Magnt	     --	     --	     --	 -2.130
[component_container-11] 
[component_container-11] 	  8.000	   Pose	 -1.835	 -2.056	  3.753	 -2.123
[component_container-11] 	  8.000	  Twist	  0.154	  0.017	  0.496	 -0.288
[component_container-11] 	  8.000	ErrPose	 -0.164	  0.061	  0.012	 -0.022
[component_container-11] 	  8.000	ErrTwis	 -0.143	 -0.068	  0.014	  0.008
[component_container-11] 	  8.000	    GPS	 -1.899	 -2.164	  3.514	     --
[component_container-11] 	  8.000	   Baro	     --	     --	  3.874	     --
[component_container-11] 	  8.000	  BBias	     --	     --	  0.311	     --
[component_container-11] 	  8.000	  Sonar	     --	     --	  3.721	     --
[component_container-11] 	  8.000	  Magnt	     --	     --	     --	 -2.130
[component_container-11] 
[component_container-11] 	  8.040	   Pose	 -1.957	 -2.089	  3.772	 -2.135
[component_container-11] 	  8.040	  Twist	  0.051	 -0.000	  0.496	 -0.267
[component_container-11] 	  8.040	ErrPose	 -0.045	  0.095	  0.013	 -0.021
[component_container-11] 	  8.040	ErrTwis	 -0.040	 -0.056	  0.014	 -0.013
[component_container-11] 	  8.040	    GPS	 -2.051	 -2.156	  3.769	     --
[component_container-11] 	  8.040	   Baro	     --	     --	  4.071	     --
[component_container-11] 	  8.040	  BBias	     --	     --	  0.311	     --
[component_container-11] 	  8.040	  Sonar	     --	     --	  3.757	     --
[component_container-11] 	  8.040	  Magnt	     --	     --	     --	 -2.182
[component_container-11] 
[component_container-11] [INFO] [1775370730.162811789] [drone.estimator]: TMP LOG err_xyz=(-0.045, 0.095, 0.013) | z_est=3.772 vz_est=0.496 bias=0.311 | gps_z=3.769 sonar=3.757 baro=4.071
[component_container-11] 	  8.070	   Pose	 -1.956	 -2.089	  3.788	 -2.144
[component_container-11] 	  8.070	  Twist	  0.053	 -0.000	  0.501	 -0.259
[component_container-11] 	  8.070	ErrPose	 -0.047	  0.096	  0.006	 -0.018
[component_container-11] 	  8.070	ErrTwis	 -0.042	 -0.058	  0.008	 -0.021
[component_container-11] 	  8.070	    GPS	 -2.051	 -2.156	  3.769	     --
[component_container-11] 	  8.070	   Baro	     --	     --	  4.119	     --
[component_container-11] 	  8.070	  BBias	     --	     --	  0.311	     --
[component_container-11] 	  8.070	  Sonar	     --	     --	  3.795	     --
[component_container-11] 	  8.070	  Magnt	     --	     --	     --	 -2.180
[component_container-11] 
[component_container-11] 	  8.100	   Pose	 -1.954	 -2.089	  3.804	 -2.152
[component_container-11] 	  8.100	  Twist	  0.055	  0.001	  0.503	 -0.275
[component_container-11] 	  8.100	ErrPose	 -0.052	  0.097	  0.012	 -0.021
[component_container-11] 	  8.100	ErrTwis	 -0.044	 -0.064	  0.007	 -0.005
[component_container-11] 	  8.100	    GPS	 -2.051	 -2.156	  3.769	     --
[component_container-11] 	  8.100	   Baro	     --	     --	  4.119	     --
[component_container-11] 	  8.100	  BBias	     --	     --	  0.311	     --
[component_container-11] 	  8.100	  Sonar	     --	     --	  3.795	     --
[component_container-11] 	  8.100	  Magnt	     --	     --	     --	 -2.180
[component_container-11] 
[component_container-11] [INFO] [1775370730.223484305] [drone.controller]: cmd_vel body=(-0.055, -0.065, 0.500) yaw=-0.300 | odom_received=true | plan_points=13
[component_container-11] [INFO] [1775370730.246077442] [drone.estimator]: TMP LOG sonar rejected: meas=3.848 est_z=3.814 innov=0.034
[component_container-11] 	  8.140	   Pose	 -1.952	 -2.089	  3.824	 -2.163
[component_container-11] 	  8.140	  Twist	  0.058	  0.002	  0.505	 -0.281
[component_container-11] 	  8.140	ErrPose	 -0.057	  0.098	  0.012	 -0.021
[component_container-11] 	  8.140	ErrTwis	 -0.047	 -0.070	  0.005	  0.001
[component_container-11] 	  8.140	    GPS	 -2.051	 -2.156	  3.769	     --
[component_container-11] 	  8.140	   Baro	     --	     --	  4.126	     --
[component_container-11] 	  8.140	  BBias	     --	     --	  0.311	     --
[component_container-11] 	  8.140	  Sonar	     --	     --	  3.848	     --
[component_container-11] 	  8.140	  Magnt	     --	     --	     --	 -2.155
[component_container-11] 
[component_container-11] 	  8.170	   Pose	 -1.950	 -2.089	  3.838	 -2.171
[component_container-11] 	  8.170	  Twist	  0.061	  0.002	  0.504	 -0.275
[component_container-11] 	  8.170	ErrPose	 -0.060	  0.099	  0.007	 -0.018
[component_container-11] 	  8.170	ErrTwis	 -0.049	 -0.073	  0.005	 -0.005
[component_container-11] 	  8.170	    GPS	 -2.051	 -2.156	  3.769	     --
[component_container-11] 	  8.170	   Baro	     --	     --	  4.061	     --
[component_container-11] 	  8.170	  BBias	     --	     --	  0.311	     --
[component_container-11] 	  8.170	  Sonar	     --	     --	  3.848	     --
[component_container-11] 	  8.170	  Magnt	     --	     --	     --	 -2.188
[component_container-11] 
[component_container-11] 	  8.200	   Pose	 -1.948	 -2.089	  3.853	 -2.180
[component_container-11] 	  8.200	  Twist	  0.063	  0.003	  0.506	 -0.271
[component_container-11] 	  8.200	ErrPose	 -0.065	  0.101	  0.013	 -0.022
[component_container-11] 	  8.200	ErrTwis	 -0.051	 -0.079	  0.004	 -0.009
[component_container-11] 	  8.200	    GPS	 -2.051	 -2.156	  3.769	     --
[component_container-11] 	  8.200	   Baro	     --	     --	  4.061	     --
[component_container-11] 	  8.200	  BBias	     --	     --	  0.311	     --
[component_container-11] 	  8.200	  Sonar	     --	     --	  3.857	     --
[component_container-11] 	  8.200	  Magnt	     --	     --	     --	 -2.188
[component_container-11] 
[component_container-11] 	  8.240	   Pose	 -1.946	 -2.089	  3.877	 -2.191
[component_container-11] 	  8.240	  Twist	  0.066	  0.003	  0.516	 -0.269
[component_container-11] 	  8.240	ErrPose	 -0.071	  0.102	  0.009	 -0.022
[component_container-11] 	  8.240	ErrTwis	 -0.053	 -0.085	 -0.007	 -0.011
[component_container-11] 	  8.240	    GPS	 -2.051	 -2.156	  3.769	     --
[component_container-11] 	  8.240	   Baro	     --	     --	  4.471	     --
[component_container-11] 	  8.240	  BBias	     --	     --	  0.312	     --
[component_container-11] 	  8.240	  Sonar	     --	     --	  3.845	     --
[component_container-11] 	  8.240	  Magnt	     --	     --	     --	 -2.209
[component_container-11] 
[component_container-11] 	  8.270	   Pose	 -1.944	 -2.089	  3.894	 -2.200
[component_container-11] 	  8.270	  Twist	  0.068	  0.004	  0.520	 -0.256
[component_container-11] 	  8.270	ErrPose	 -0.074	  0.103	  0.003	 -0.018
[component_container-11] 	  8.270	ErrTwis	 -0.055	 -0.088	 -0.010	 -0.024
[component_container-11] 	  8.270	    GPS	 -2.051	 -2.156	  3.769	     --
[component_container-11] 	  8.270	   Baro	     --	     --	  4.272	     --
[component_container-11] 	  8.270	  BBias	     --	     --	  0.313	     --
[component_container-11] 	  8.270	  Sonar	     --	     --	  3.845	     --
[component_container-11] 	  8.270	  Magnt	     --	     --	     --	 -2.228
[component_container-11] 
[component_container-11] 	  8.300	   Pose	 -1.942	 -2.089	  3.909	 -2.208
[component_container-11] 	  8.300	  Twist	  0.070	  0.004	  0.521	 -0.279
[component_container-11] 	  8.300	ErrPose	 -0.080	  0.105	  0.007	 -0.021
[component_container-11] 	  8.300	ErrTwis	 -0.057	 -0.091	 -0.012	 -0.002
[component_container-11] 	  8.300	    GPS	 -2.051	 -2.156	  3.769	     --
[component_container-11] 	  8.300	   Baro	     --	     --	  4.272	     --
[component_container-11] 	  8.300	  BBias	     --	     --	  0.313	     --
[component_container-11] 	  8.300	  Sonar	     --	     --	  3.901	     --
[component_container-11] 	  8.300	  Magnt	     --	     --	     --	 -2.228
[component_container-11] 
[component_container-11] 	  8.340	   Pose	 -1.939	 -2.089	  3.931	 -2.219
[component_container-11] 	  8.340	  Twist	  0.073	  0.005	  0.525	 -0.266
[component_container-11] 	  8.340	ErrPose	 -0.086	  0.106	  0.006	 -0.022
[component_container-11] 	  8.340	ErrTwis	 -0.059	 -0.094	 -0.015	 -0.014
[component_container-11] 	  8.340	    GPS	 -2.051	 -2.156	  3.769	     --
[component_container-11] 	  8.340	   Baro	     --	     --	  4.253	     --
[component_container-11] 	  8.340	  BBias	     --	     --	  0.313	     --
[component_container-11] 	  8.340	  Sonar	     --	     --	  3.914	     --
[component_container-11] 	  8.340	  Magnt	     --	     --	     --	 -2.223
[component_container-11] 
[component_container-11] 	  8.370	   Pose	 -1.937	 -2.088	  3.947	 -2.228
[component_container-11] 	  8.370	  Twist	  0.075	  0.006	  0.526	 -0.261
[component_container-11] 	  8.370	ErrPose	 -0.089	  0.107	  0.001	 -0.018
[component_container-11] 	  8.370	ErrTwis	 -0.061	 -0.095	 -0.017	 -0.019
[component_container-11] 	  8.370	    GPS	 -2.051	 -2.156	  3.769	     --
[component_container-11] 	  8.370	   Baro	     --	     --	  4.241	     --
[component_container-11] 	  8.370	  BBias	     --	     --	  0.313	     --
[component_container-11] 	  8.370	  Sonar	     --	     --	  3.977	     --
[component_container-11] 	  8.370	  Magnt	     --	     --	     --	 -2.278
[component_container-11] 
[component_container-11] 	  8.400	   Pose	 -1.934	 -2.088	  3.962	 -2.236
[component_container-11] 	  8.400	  Twist	  0.077	  0.006	  0.528	 -0.268
[component_container-11] 	  8.400	ErrPose	 -0.095	  0.109	  0.005	 -0.021
[component_container-11] 	  8.400	ErrTwis	 -0.063	 -0.096	 -0.019	 -0.012
[component_container-11] 	  8.400	    GPS	 -2.051	 -2.156	  3.769	     --
[component_container-11] 	  8.400	   Baro	     --	     --	  4.241	     --
[component_container-11] 	  8.400	  BBias	     --	     --	  0.313	     --
[component_container-11] 	  8.400	  Sonar	     --	     --	  3.977	     --
[component_container-11] 	  8.400	  Magnt	     --	     --	     --	 -2.278
[component_container-11] 
[component_container-11] 	  8.440	   Pose	 -1.931	 -2.088	  3.984	 -2.247
[component_container-11] 	  8.440	  Twist	  0.081	  0.007	  0.530	 -0.277
[component_container-11] 	  8.440	ErrPose	 -0.101	  0.111	  0.004	 -0.021
[component_container-11] 	  8.440	ErrTwis	 -0.067	 -0.098	 -0.021	 -0.003
[component_container-11] 	  8.440	    GPS	 -2.051	 -2.156	  3.769	     --
[component_container-11] 	  8.440	   Baro	     --	     --	  4.286	     --
[component_container-11] 	  8.440	  BBias	     --	     --	  0.313	     --
[component_container-11] 	  8.440	  Sonar	     --	     --	  3.949	     --
[component_container-11] 	  8.440	  Magnt	     --	     --	     --	 -2.238
[component_container-11] 
[component_container-11] 	  8.470	   Pose	 -1.929	 -2.088	  4.001	 -2.255
[component_container-11] 	  8.470	  Twist	  0.083	  0.007	  0.532	 -0.284
[component_container-11] 	  8.470	ErrPose	 -0.105	  0.111	 -0.002	 -0.019
[component_container-11] 	  8.470	ErrTwis	 -0.069	 -0.098	 -0.023	  0.004
[component_container-11] 	  8.470	    GPS	 -2.051	 -2.156	  3.769	     --
[component_container-11] 	  8.470	   Baro	     --	     --	  4.333	     --
[component_container-11] 	  8.470	  BBias	     --	     --	  0.313	     --
[component_container-11] 	  8.470	  Sonar	     --	     --	  4.000	     --
[component_container-11] 	  8.470	  Magnt	     --	     --	     --	 -2.243
[component_container-11] 
[component_container-11] 	  8.500	   Pose	 -1.926	 -2.088	  4.017	 -2.263
[component_container-11] 	  8.500	  Twist	  0.085	  0.008	  0.533	 -0.272
[component_container-11] 	  8.500	ErrPose	 -0.111	  0.113	  0.002	 -0.022
[component_container-11] 	  8.500	ErrTwis	 -0.071	 -0.099	 -0.024	 -0.008
[component_container-11] 	  8.500	    GPS	 -2.051	 -2.156	  3.769	     --
[component_container-11] 	  8.500	   Baro	     --	     --	  4.333	     --
[component_container-11] 	  8.500	  BBias	     --	     --	  0.313	     --
[component_container-11] 	  8.500	  Sonar	     --	     --	  4.000	     --
[component_container-11] 	  8.500	  Magnt	     --	     --	     --	 -2.243
[component_container-11] 
[component_container-11] [INFO] [1775370730.626031795] [drone.estimator]: TMP LOG gps innov_xy=(-0.194, -0.002) est_xy=(-1.925, -2.088) gps_xy=(-2.119, -2.090) corr_xy=(-2.119, -2.090) vel_xy=(0.085, 0.008)
[component_container-11] [INFO] [1775370730.626169367] [drone.estimator]: TMP LOG gps vel pseudo raw=(-0.136, 0.132) filt=(-0.149, 0.118) innov_v=(-0.207, 0.110) apply=(1,1)
[component_container-11] 	  8.540	   Pose	 -2.015	 -2.071	  4.039	 -2.274
[component_container-11] 	  8.540	  Twist	  0.021	  0.029	  0.537	 -0.267
[component_container-11] 	  8.540	ErrPose	 -0.025	  0.099	  0.000	 -0.023
[component_container-11] 	  8.540	ErrTwis	 -0.006	 -0.120	 -0.027	 -0.013
[component_container-11] 	  8.540	    GPS	 -2.119	 -2.090	  4.024	     --
[component_container-11] 	  8.540	   Baro	     --	     --	  4.353	     --
[component_container-11] 	  8.540	  BBias	     --	     --	  0.313	     --
[component_container-11] 	  8.540	  Sonar	     --	     --	    inf	     --
[component_container-11] 	  8.540	  Magnt	     --	     --	     --	 -2.249
[component_container-11] 
[component_container-11] 	  8.570	   Pose	 -2.015	 -2.070	  4.054	 -2.283
[component_container-11] 	  8.570	  Twist	  0.022	  0.029	  0.537	 -0.272
[component_container-11] 	  8.570	ErrPose	 -0.027	  0.099	 -0.005	 -0.019
[component_container-11] 	  8.570	ErrTwis	 -0.008	 -0.120	 -0.027	 -0.008
[component_container-11] 	  8.570	    GPS	 -2.119	 -2.090	  4.024	     --
[component_container-11] 	  8.570	   Baro	     --	     --	  4.332	     --
[component_container-11] 	  8.570	  BBias	     --	     --	  0.313	     --
[component_container-11] 	  8.570	  Sonar	     --	     --	    inf	     --
[component_container-11] 	  8.570	  Magnt	     --	     --	     --	 -2.335
[component_container-11] 
[component_container-11] 	  8.600	   Pose	 -2.014	 -2.069	  4.070	 -2.291
[component_container-11] 	  8.600	  Twist	  0.025	  0.029	  0.538	 -0.269
[component_container-11] 	  8.600	ErrPose	 -0.031	  0.100	 -0.001	 -0.022
[component_container-11] 	  8.600	ErrTwis	 -0.011	 -0.121	 -0.029	 -0.011
[component_container-11] 	  8.600	    GPS	 -2.119	 -2.090	  4.024	     --
[component_container-11] 	  8.600	   Baro	     --	     --	  4.332	     --
[component_container-11] 	  8.600	  BBias	     --	     --	  0.313	     --
[component_container-11] 	  8.600	  Sonar	     --	     --	    inf	     --
[component_container-11] 	  8.600	  Magnt	     --	     --	     --	 -2.335
[component_container-11] 
[component_container-11] 	  8.640	   Pose	 -2.013	 -2.068	  4.095	 -2.303
[component_container-11] 	  8.640	  Twist	  0.028	  0.030	  0.544	 -0.266
[component_container-11] 	  8.640	ErrPose	 -0.035	  0.101	 -0.005	 -0.021
[component_container-11] 	  8.640	ErrTwis	 -0.014	 -0.122	 -0.035	 -0.014
[component_container-11] 	  8.640	    GPS	 -2.119	 -2.090	  4.024	     --
[component_container-11] 	  8.640	   Baro	     --	     --	  4.453	     --
[component_container-11] 	  8.640	  BBias	     --	     --	  0.314	     --
[component_container-11] 	  8.640	  Sonar	     --	     --	    inf	     --
[component_container-11] 	  8.640	  Magnt	     --	     --	     --	 -2.330
[component_container-11] 
[component_container-11] 	  8.670	   Pose	 -2.012	 -2.067	  4.107	 -2.312
[component_container-11] 	  8.670	  Twist	  0.030	  0.031	  0.539	 -0.277
[component_container-11] 	  8.670	ErrPose	 -0.037	  0.101	 -0.007	 -0.018
[component_container-11] 	  8.670	ErrTwis	 -0.016	 -0.123	 -0.030	 -0.003
[component_container-11] 	  8.670	    GPS	 -2.119	 -2.090	  4.024	     --
[component_container-11] 	  8.670	   Baro	     --	     --	  4.327	     --
[component_container-11] 	  8.670	  BBias	     --	     --	  0.313	     --
[component_container-11] 	  8.670	  Sonar	     --	     --	    inf	     --
[component_container-11] 	  8.670	  Magnt	     --	     --	     --	 -2.341
[component_container-11] 
[component_container-11] 	  8.700	   Pose	 -2.011	 -2.066	  4.123	 -2.320
[component_container-11] 	  8.700	  Twist	  0.032	  0.031	  0.540	 -0.270
[component_container-11] 	  8.700	ErrPose	 -0.041	  0.103	 -0.002	 -0.021
[component_container-11] 	  8.700	ErrTwis	 -0.018	 -0.124	 -0.031	 -0.010
[component_container-11] 	  8.700	    GPS	 -2.119	 -2.090	  4.024	     --
[component_container-11] 	  8.700	   Baro	     --	     --	  4.327	     --
[component_container-11] 	  8.700	  BBias	     --	     --	  0.313	     --
[component_container-11] 	  8.700	  Sonar	     --	     --	    inf	     --
[component_container-11] 	  8.700	  Magnt	     --	     --	     --	 -2.341
[component_container-11] 
[component_container-11] 	  8.740	   Pose	 -2.010	 -2.065	  4.150	 -2.331
[component_container-11] 	  8.740	  Twist	  0.035	  0.031	  0.550	 -0.261
[component_container-11] 	  8.740	ErrPose	 -0.046	  0.104	 -0.010	 -0.021
[component_container-11] 	  8.740	ErrTwis	 -0.022	 -0.124	 -0.041	 -0.019
[component_container-11] 	  8.740	    GPS	 -2.119	 -2.090	  4.024	     --
[component_container-11] 	  8.740	   Baro	     --	     --	  4.554	     --
[component_container-11] 	  8.740	  BBias	     --	     --	  0.314	     --
[component_container-11] 	  8.740	  Sonar	     --	     --	    inf	     --
[component_container-11] 	  8.740	  Magnt	     --	     --	     --	 -2.334
[component_container-11] 
[component_container-11] 	  8.770	   Pose	 -2.009	 -2.064	  4.165	 -2.340
[component_container-11] 	  8.770	  Twist	  0.037	  0.031	  0.548	 -0.265
[component_container-11] 	  8.770	ErrPose	 -0.048	  0.104	 -0.014	 -0.018
[component_container-11] 	  8.770	ErrTwis	 -0.024	 -0.124	 -0.039	 -0.015
[component_container-11] 	  8.770	    GPS	 -2.119	 -2.090	  4.024	     --
[component_container-11] 	  8.770	   Baro	     --	     --	  4.428	     --
[component_container-11] 	  8.770	  BBias	     --	     --	  0.313	     --
[component_container-11] 	  8.770	  Sonar	     --	     --	    inf	     --
[component_container-11] 	  8.770	  Magnt	     --	     --	     --	 -2.361
[component_container-11] 
[component_container-11] 	  8.800	   Pose	 -2.008	 -2.063	  4.181	 -2.348
[component_container-11] 	  8.800	  Twist	  0.039	  0.032	  0.549	 -0.271
[component_container-11] 	  8.800	ErrPose	 -0.052	  0.105	 -0.010	 -0.021
[component_container-11] 	  8.800	ErrTwis	 -0.026	 -0.124	 -0.041	 -0.008
[component_container-11] 	  8.800	    GPS	 -2.119	 -2.090	  4.024	     --
[component_container-11] 	  8.800	   Baro	     --	     --	  4.428	     --
[component_container-11] 	  8.800	  BBias	     --	     --	  0.313	     --
[component_container-11] 	  8.800	  Sonar	     --	     --	    inf	     --
[component_container-11] 	  8.800	  Magnt	     --	     --	     --	 -2.361
[component_container-11] 
[component_container-11] 	  8.840	   Pose	 -2.006	 -2.062	  4.205	 -2.359
[component_container-11] 	  8.840	  Twist	  0.042	  0.032	  0.554	 -0.270
[component_container-11] 	  8.840	ErrPose	 -0.056	  0.106	 -0.014	 -0.022
[component_container-11] 	  8.840	ErrTwis	 -0.029	 -0.123	 -0.046	 -0.009
[component_container-11] 	  8.840	    GPS	 -2.119	 -2.090	  4.024	     --
[component_container-11] 	  8.840	   Baro	     --	     --	  4.529	     --
[component_container-11] 	  8.840	  BBias	     --	     --	  0.314	     --
[component_container-11] 	  8.840	  Sonar	     --	     --	    inf	     --
[component_container-11] 	  8.840	  Magnt	     --	     --	     --	 -2.350
[component_container-11] 
[component_container-11] 	  8.870	   Pose	 -2.005	 -2.061	  4.219	 -2.367
[component_container-11] 	  8.870	  Twist	  0.044	  0.032	  0.551	 -0.268
[component_container-11] 	  8.870	ErrPose	 -0.059	  0.106	 -0.017	 -0.019
[component_container-11] 	  8.870	ErrTwis	 -0.032	 -0.121	 -0.042	 -0.012
[component_container-11] 	  8.870	    GPS	 -2.119	 -2.090	  4.024	     --
[component_container-11] 	  8.870	   Baro	     --	     --	  4.470	     --
[component_container-11] 	  8.870	  BBias	     --	     --	  0.313	     --
[component_container-11] 	  8.870	  Sonar	     --	     --	    inf	     --
[component_container-11] 	  8.870	  Magnt	     --	     --	     --	 -2.376
[component_container-11] 
[component_container-11] 	  8.900	   Pose	 -2.003	 -2.060	  4.235	 -2.375
[component_container-11] 	  8.900	  Twist	  0.047	  0.033	  0.552	 -0.269
[component_container-11] 	  8.900	ErrPose	 -0.062	  0.107	 -0.013	 -0.022
[component_container-11] 	  8.900	ErrTwis	 -0.036	 -0.119	 -0.043	 -0.011
[component_container-11] 	  8.900	    GPS	 -2.119	 -2.090	  4.024	     --
[component_container-11] 	  8.900	   Baro	     --	     --	  4.470	     --
[component_container-11] 	  8.900	  BBias	     --	     --	  0.313	     --
[component_container-11] 	  8.900	  Sonar	     --	     --	    inf	     --
[component_container-11] 	  8.900	  Magnt	     --	     --	     --	 -2.376
[component_container-11] 
[component_container-11] 	  8.940	   Pose	 -2.002	 -2.059	  4.253	 -2.386
[component_container-11] 	  8.940	  Twist	  0.049	  0.033	  0.549	 -0.268
[component_container-11] 	  8.940	ErrPose	 -0.067	  0.108	 -0.011	 -0.022
[component_container-11] 	  8.940	ErrTwis	 -0.039	 -0.115	 -0.040	 -0.012
[component_container-11] 	  8.940	    GPS	 -2.119	 -2.090	  4.024	     --
[component_container-11] 	  8.940	   Baro	     --	     --	  4.492	     --
[component_container-11] 	  8.940	  BBias	     --	     --	  0.313	     --
[component_container-11] 	  8.940	  Sonar	     --	     --	    inf	     --
[component_container-11] 	  8.940	  Magnt	     --	     --	     --	 -2.390
[component_container-11] 
[component_container-11] 	  8.970	   Pose	 -2.000	 -2.058	  4.269	 -2.395
[component_container-11] 	  8.970	  Twist	  0.052	  0.033	  0.549	 -0.264
[component_container-11] 	  8.970	ErrPose	 -0.069	  0.108	 -0.016	 -0.019
[component_container-11] 	  8.970	ErrTwis	 -0.042	 -0.114	 -0.041	 -0.016
[component_container-11] 	  8.970	    GPS	 -2.119	 -2.090	  4.024	     --
[component_container-11] 	  8.970	   Baro	     --	     --	  4.557	     --
[component_container-11] 	  8.970	  BBias	     --	     --	  0.313	     --
[component_container-11] 	  8.970	  Sonar	     --	     --	    inf	     --
[component_container-11] 	  8.970	  Magnt	     --	     --	     --	 -2.412
[component_container-11] 
[component_container-11] 	  9.000	   Pose	 -1.998	 -2.057	  4.285	 -2.403
[component_container-11] 	  9.000	  Twist	  0.054	  0.033	  0.551	 -0.272
[component_container-11] 	  9.000	ErrPose	 -0.073	  0.109	 -0.012	 -0.022
[component_container-11] 	  9.000	ErrTwis	 -0.045	 -0.110	 -0.042	 -0.008
[component_container-11] 	  9.000	    GPS	 -2.119	 -2.090	  4.024	     --
[component_container-11] 	  9.000	   Baro	     --	     --	  4.557	     --
[component_container-11] 	  9.000	  BBias	     --	     --	  0.313	     --
[component_container-11] 	  9.000	  Sonar	     --	     --	    inf	     --
[component_container-11] 	  9.000	  Magnt	     --	     --	     --	 -2.412
[component_container-11] 
[component_container-11] 	  9.040	   Pose	 -2.003	 -2.073	  4.310	 -2.415
[component_container-11] 	  9.040	  Twist	  0.060	  0.020	  0.556	 -0.270
[component_container-11] 	  9.040	ErrPose	 -0.070	  0.128	 -0.016	 -0.021
[component_container-11] 	  9.040	ErrTwis	 -0.054	 -0.094	 -0.047	 -0.010
[component_container-11] 	  9.040	    GPS	 -2.050	 -2.098	  4.278	     --
[component_container-11] 	  9.040	   Baro	     --	     --	  4.660	     --
[component_container-11] 	  9.040	  BBias	     --	     --	  0.314	     --
[component_container-11] 	  9.040	  Sonar	     --	     --	    inf	     --
[component_container-11] 	  9.040	  Magnt	     --	     --	     --	 -2.454
[component_container-11] 
[component_container-11] [INFO] [1775370731.163749081] [drone.estimator]: TMP LOG err_xyz=(-0.070, 0.128, -0.016) | z_est=4.310 vz_est=0.556 bias=0.314 | gps_z=4.278 sonar=inf baro=4.660
[component_container-11] 	  9.070	   Pose	 -2.001	 -2.073	  4.325	 -2.422
[component_container-11] 	  9.070	  Twist	  0.063	  0.020	  0.556	 -0.281
[component_container-11] 	  9.070	ErrPose	 -0.073	  0.128	 -0.021	 -0.019
[component_container-11] 	  9.070	ErrTwis	 -0.056	 -0.092	 -0.047	  0.002
[component_container-11] 	  9.070	    GPS	 -2.050	 -2.098	  4.278	     --
[component_container-11] 	  9.070	   Baro	     --	     --	  4.615	     --
[component_container-11] 	  9.070	  BBias	     --	     --	  0.313	     --
[component_container-11] 	  9.070	  Sonar	     --	     --	    inf	     --
[component_container-11] 	  9.070	  Magnt	     --	     --	     --	 -2.387
[component_container-11] 
[component_container-11] [INFO] [1775370731.223858884] [drone.controller]: cmd_vel body=(-0.049, -0.054, 0.500) yaw=-0.300 | odom_received=true | plan_points=8
[component_container-11] 	  9.100	   Pose	 -1.999	 -2.072	  4.342	 -2.430
[component_container-11] 	  9.100	  Twist	  0.064	  0.021	  0.557	 -0.273
[component_container-11] 	  9.100	ErrPose	 -0.076	  0.129	 -0.018	 -0.023
[component_container-11] 	  9.100	ErrTwis	 -0.059	 -0.089	 -0.048	 -0.007
[component_container-11] 	  9.100	    GPS	 -2.050	 -2.098	  4.278	     --
[component_container-11] 	  9.100	   Baro	     --	     --	  4.615	     --
[component_container-11] 	  9.100	  BBias	     --	     --	  0.313	     --
[component_container-11] 	  9.100	  Sonar	     --	     --	    inf	     --
[component_container-11] 	  9.100	  Magnt	     --	     --	     --	 -2.387
[component_container-11] 
[component_container-11] 	  9.140	   Pose	 -1.997	 -2.071	  4.358	 -2.442
[component_container-11] 	  9.140	  Twist	  0.067	  0.020	  0.552	 -0.261
[component_container-11] 	  9.140	ErrPose	 -0.080	  0.130	 -0.013	 -0.022
[component_container-11] 	  9.140	ErrTwis	 -0.064	 -0.085	 -0.043	 -0.019
[component_container-11] 	  9.140	    GPS	 -2.050	 -2.098	  4.278	     --
[component_container-11] 	  9.140	   Baro	     --	     --	  4.570	     --
[component_container-11] 	  9.140	  BBias	     --	     --	  0.313	     --
[component_container-11] 	  9.140	  Sonar	     --	     --	    inf	     --
[component_container-11] 	  9.140	  Magnt	     --	     --	     --	 -2.464
[component_container-11] 
[component_container-11] 	  9.170	   Pose	 -1.995	 -2.071	  4.365	 -2.451
[component_container-11] 	  9.170	  Twist	  0.070	  0.021	  0.543	 -0.270
[component_container-11] 	  9.170	ErrPose	 -0.083	  0.131	 -0.011	 -0.019
[component_container-11] 	  9.170	ErrTwis	 -0.067	 -0.083	 -0.034	 -0.010
[component_container-11] 	  9.170	    GPS	 -2.050	 -2.098	  4.278	     --
[component_container-11] 	  9.170	   Baro	     --	     --	  4.554	     --
[component_container-11] 	  9.170	  BBias	     --	     --	  0.313	     --
[component_container-11] 	  9.170	  Sonar	     --	     --	    inf	     --
[component_container-11] 	  9.170	  Magnt	     --	     --	     --	 -2.488
[component_container-11] 
[component_container-11] 	  9.200	   Pose	 -1.993	 -2.070	  4.382	 -2.459
[component_container-11] 	  9.200	  Twist	  0.072	  0.021	  0.544	 -0.269
[component_container-11] 	  9.200	ErrPose	 -0.086	  0.132	 -0.006	 -0.022
[component_container-11] 	  9.200	ErrTwis	 -0.071	 -0.080	 -0.035	 -0.011
[component_container-11] 	  9.200	    GPS	 -2.050	 -2.098	  4.278	     --
[component_container-11] 	  9.200	   Baro	     --	     --	  4.554	     --
[component_container-11] 	  9.200	  BBias	     --	     --	  0.313	     --
[component_container-11] 	  9.200	  Sonar	     --	     --	    inf	     --
[component_container-11] 	  9.200	  Magnt	     --	     --	     --	 -2.488
[component_container-11] 
[component_container-11] 	  9.240	   Pose	 -1.990	 -2.069	  4.413	 -2.470
[component_container-11] 	  9.240	  Twist	  0.075	  0.020	  0.557	 -0.277
[component_container-11] 	  9.240	ErrPose	 -0.090	  0.133	 -0.017	 -0.022
[component_container-11] 	  9.240	ErrTwis	 -0.075	 -0.077	 -0.048	 -0.003
[component_container-11] 	  9.240	    GPS	 -2.050	 -2.098	  4.278	     --
[component_container-11] 	  9.240	   Baro	     --	     --	  4.811	     --
[component_container-11] 	  9.240	  BBias	     --	     --	  0.313	     --
[component_container-11] 	  9.240	  Sonar	     --	     --	    inf	     --
[component_container-11] 	  9.240	  Magnt	     --	     --	     --	 -2.482
[component_container-11] 
[component_container-11] 	  9.270	   Pose	 -1.987	 -2.069	  4.437	 -2.478
[component_container-11] 	  9.270	  Twist	  0.077	  0.020	  0.567	 -0.283
[component_container-11] 	  9.270	ErrPose	 -0.093	  0.133	 -0.032	 -0.020
[component_container-11] 	  9.270	ErrTwis	 -0.079	 -0.076	 -0.058	  0.003
[component_container-11] 	  9.270	    GPS	 -2.050	 -2.098	  4.278	     --
[component_container-11] 	  9.270	   Baro	     --	     --	  4.832	     --
[component_container-11] 	  9.270	  BBias	     --	     --	  0.313	     --
[component_container-11] 	  9.270	  Sonar	     --	     --	    inf	     --
[component_container-11] 	  9.270	  Magnt	     --	     --	     --	 -2.456
[component_container-11] 
[component_container-11] 	  9.300	   Pose	 -1.985	 -2.068	  4.454	 -2.486
[component_container-11] 	  9.300	  Twist	  0.079	  0.020	  0.569	 -0.259
[component_container-11] 	  9.300	ErrPose	 -0.096	  0.134	 -0.028	 -0.023
[component_container-11] 	  9.300	ErrTwis	 -0.083	 -0.073	 -0.060	 -0.021
[component_container-11] 	  9.300	    GPS	 -2.050	 -2.098	  4.278	     --
[component_container-11] 	  9.300	   Baro	     --	     --	  4.832	     --
[component_container-11] 	  9.300	  BBias	     --	     --	  0.313	     --
[component_container-11] 	  9.300	  Sonar	     --	     --	    inf	     --
[component_container-11] 	  9.300	  Magnt	     --	     --	     --	 -2.456
[component_container-11] 
[component_container-11] 	  9.340	   Pose	 -1.982	 -2.067	  4.481	 -2.497
[component_container-11] 	  9.340	  Twist	  0.082	  0.019	  0.575	 -0.260
[component_container-11] 	  9.340	ErrPose	 -0.100	  0.135	 -0.035	 -0.023
[component_container-11] 	  9.340	ErrTwis	 -0.087	 -0.071	 -0.065	 -0.020
[component_container-11] 	  9.340	    GPS	 -2.050	 -2.098	  4.278	     --
[component_container-11] 	  9.340	   Baro	     --	     --	  4.819	     --
[component_container-11] 	  9.340	  BBias	     --	     --	  0.313	     --
[component_container-11] 	  9.340	  Sonar	     --	     --	    inf	     --
[component_container-11] 	  9.340	  Magnt	     --	     --	     --	 -2.517
[component_container-11] 
[component_container-11] 	  9.370	   Pose	 -1.979	 -2.067	  4.506	 -2.506
[component_container-11] 	  9.370	  Twist	  0.084	  0.019	  0.583	 -0.282
[component_container-11] 	  9.370	ErrPose	 -0.103	  0.136	 -0.049	 -0.019
[component_container-11] 	  9.370	ErrTwis	 -0.090	 -0.071	 -0.074	  0.003
[component_container-11] 	  9.370	    GPS	 -2.050	 -2.098	  4.278	     --
[component_container-11] 	  9.370	   Baro	     --	     --	  4.881	     --
[component_container-11] 	  9.370	  BBias	     --	     --	  0.313	     --
[component_container-11] 	  9.370	  Sonar	     --	     --	    inf	     --
[component_container-11] 	  9.370	  Magnt	     --	     --	     --	 -2.529
[component_container-11] 
[component_container-11] 	  9.400	   Pose	 -1.977	 -2.066	  4.523	 -2.514
[component_container-11] 	  9.400	  Twist	  0.086	  0.020	  0.584	 -0.282
[component_container-11] 	  9.400	ErrPose	 -0.107	  0.137	 -0.046	 -0.023
[component_container-11] 	  9.400	ErrTwis	 -0.093	 -0.070	 -0.075	  0.002
[component_container-11] 	  9.400	    GPS	 -2.050	 -2.098	  4.278	     --
[component_container-11] 	  9.400	   Baro	     --	     --	  4.881	     --
[component_container-11] 	  9.400	  BBias	     --	     --	  0.313	     --
[component_container-11] 	  9.400	  Sonar	     --	     --	    inf	     --
[component_container-11] 	  9.400	  Magnt	     --	     --	     --	 -2.529
[component_container-11] 
[component_container-11] 	  9.440	   Pose	 -1.973	 -2.065	  4.539	 -2.525
[component_container-11] 	  9.440	  Twist	  0.088	  0.020	  0.578	 -0.271
[component_container-11] 	  9.440	ErrPose	 -0.111	  0.138	 -0.041	 -0.023
[component_container-11] 	  9.440	ErrTwis	 -0.098	 -0.069	 -0.068	 -0.009
[component_container-11] 	  9.440	    GPS	 -2.050	 -2.098	  4.278	     --
[component_container-11] 	  9.440	   Baro	     --	     --	  4.747	     --
[component_container-11] 	  9.440	  BBias	     --	     --	  0.313	     --
[component_container-11] 	  9.440	  Sonar	     --	     --	    inf	     --
[component_container-11] 	  9.440	  Magnt	     --	     --	     --	 -2.519
[component_container-11] 
[component_container-11] 	  9.470	   Pose	 -1.971	 -2.065	  4.563	 -2.534
[component_container-11] 	  9.470	  Twist	  0.091	  0.020	  0.587	 -0.272
[component_container-11] 	  9.470	ErrPose	 -0.114	  0.139	 -0.055	 -0.020
[component_container-11] 	  9.470	ErrTwis	 -0.102	 -0.069	 -0.077	 -0.008
[component_container-11] 	  9.470	    GPS	 -2.050	 -2.098	  4.278	     --
[component_container-11] 	  9.470	   Baro	     --	     --	  4.938	     --
[component_container-11] 	  9.470	  BBias	     --	     --	  0.313	     --
[component_container-11] 	  9.470	  Sonar	     --	     --	    inf	     --
[component_container-11] 	  9.470	  Magnt	     --	     --	     --	 -2.537
[component_container-11] 
[component_container-11] 	  9.500	   Pose	 -1.968	 -2.064	  4.581	 -2.542
[component_container-11] 	  9.500	  Twist	  0.093	  0.020	  0.587	 -0.269
[component_container-11] 	  9.500	ErrPose	 -0.117	  0.140	 -0.053	 -0.023
[component_container-11] 	  9.500	ErrTwis	 -0.106	 -0.069	 -0.078	 -0.011
[component_container-11] 	  9.500	    GPS	 -2.050	 -2.098	  4.278	     --
[component_container-11] 	  9.500	   Baro	     --	     --	  4.938	     --
[component_container-11] 	  9.500	  BBias	     --	     --	  0.313	     --
[component_container-11] 	  9.500	  Sonar	     --	     --	    inf	     --
[component_container-11] 	  9.500	  Magnt	     --	     --	     --	 -2.537
[component_container-11] 
[component_container-11] [INFO] [1775370731.630885945] [drone.estimator]: TMP LOG gps innov_xy=(-0.188, -0.078) est_xy=(-1.967, -2.064) gps_xy=(-2.155, -2.142) corr_xy=(-2.155, -2.142) vel_xy=(0.094, 0.020)
[component_container-11] [INFO] [1775370731.631044722] [drone.estimator]: TMP LOG gps vel pseudo raw=(-0.209, -0.087) filt=(-0.177, -0.078) innov_v=(-0.244, -0.087) apply=(1,1)
[component_container-11] 	  9.540	   Pose	 -2.061	 -2.101	  4.580	 -2.553
[component_container-11] 	  9.540	  Twist	  0.022	 -0.008	  0.562	 -0.251
[component_container-11] 	  9.540	ErrPose	 -0.025	  0.179	 -0.032	 -0.023
[component_container-11] 	  9.540	ErrTwis	 -0.036	 -0.041	 -0.054	 -0.029
[component_container-11] 	  9.540	    GPS	 -2.155	 -2.142	  4.533	     --
[component_container-11] 	  9.540	   Baro	     --	     --	  4.699	     --
[component_container-11] 	  9.540	  BBias	     --	     --	  0.314	     --
[component_container-11] 	  9.540	  Sonar	     --	     --	    inf	     --
[component_container-11] 	  9.540	  Magnt	     --	     --	     --	 -2.548
[component_container-11] 
[component_container-11] 	  9.570	   Pose	 -2.060	 -2.101	  4.591	 -2.561
[component_container-11] 	  9.570	  Twist	  0.025	 -0.009	  0.555	 -0.284
[component_container-11] 	  9.570	ErrPose	 -0.026	  0.180	 -0.033	 -0.020
[component_container-11] 	  9.570	ErrTwis	 -0.039	 -0.041	 -0.047	  0.004
[component_container-11] 	  9.570	    GPS	 -2.155	 -2.142	  4.533	     --
[component_container-11] 	  9.570	   Baro	     --	     --	  4.827	     --
[component_container-11] 	  9.570	  BBias	     --	     --	  0.314	     --
[component_container-11] 	  9.570	  Sonar	     --	     --	    inf	     --
[component_container-11] 	  9.570	  Magnt	     --	     --	     --	 -2.569
[component_container-11] 
[component_container-11] 	  9.600	   Pose	 -2.059	 -2.102	  4.608	 -2.569
[component_container-11] 	  9.600	  Twist	  0.028	 -0.010	  0.552	 -0.270
[component_container-11] 	  9.600	ErrPose	 -0.027	  0.183	 -0.029	 -0.023
[component_container-11] 	  9.600	ErrTwis	 -0.044	 -0.040	 -0.048	 -0.010
[component_container-11] 	  9.600	    GPS	 -2.155	 -2.142	  4.533	     --
[component_container-11] 	  9.600	   Baro	     --	     --	  4.827	     --
[component_container-11] 	  9.600	  BBias	     --	     --	  0.314	     --
[component_container-11] 	  9.600	  Sonar	     --	     --	    inf	     --
[component_container-11] 	  9.600	  Magnt	     --	     --	     --	 -2.569
[component_container-11] 
[component_container-11] 	  9.640	   Pose	 -2.058	 -2.102	  4.632	 -2.581
[component_container-11] 	  9.640	  Twist	  0.030	 -0.010	  0.552	 -0.272
[component_container-11] 	  9.640	ErrPose	 -0.028	  0.185	 -0.034	 -0.023
[component_container-11] 	  9.640	ErrTwis	 -0.048	 -0.040	 -0.052	 -0.008
[component_container-11] 	  9.640	    GPS	 -2.155	 -2.142	  4.533	     --
[component_container-11] 	  9.640	   Baro	     --	     --	  4.950	     --
[component_container-11] 	  9.640	  BBias	     --	     --	  0.314	     --
[component_container-11] 	  9.640	  Sonar	     --	     --	    inf	     --
[component_container-11] 	  9.640	  Magnt	     --	     --	     --	 -2.582
[component_container-11] 
[component_container-11] 	  9.670	   Pose	 -2.057	 -2.102	  4.651	 -2.589
[component_container-11] 	  9.670	  Twist	  0.031	 -0.011	  0.552	 -0.285
[component_container-11] 	  9.670	ErrPose	 -0.029	  0.187	 -0.043	 -0.021
[component_container-11] 	  9.670	ErrTwis	 -0.050	 -0.040	 -0.054	  0.005
[component_container-11] 	  9.670	    GPS	 -2.155	 -2.142	  4.533	     --
[component_container-11] 	  9.670	   Baro	     --	     --	  4.985	     --
[component_container-11] 	  9.670	  BBias	     --	     --	  0.314	     --
[component_container-11] 	  9.670	  Sonar	     --	     --	    inf	     --
[component_container-11] 	  9.670	  Magnt	     --	     --	     --	 -2.604
[component_container-11] 
[component_container-11] 	  9.700	   Pose	 -2.056	 -2.103	  4.668	 -2.597
[component_container-11] 	  9.700	  Twist	  0.033	 -0.011	  0.548	 -0.267
[component_container-11] 	  9.700	ErrPose	 -0.031	  0.190	 -0.040	 -0.024
[component_container-11] 	  9.700	ErrTwis	 -0.053	 -0.041	 -0.056	 -0.013
[component_container-11] 	  9.700	    GPS	 -2.155	 -2.142	  4.533	     --
[component_container-11] 	  9.700	   Baro	     --	     --	  4.985	     --
[component_container-11] 	  9.700	  BBias	     --	     --	  0.314	     --
[component_container-11] 	  9.700	  Sonar	     --	     --	    inf	     --
[component_container-11] 	  9.700	  Magnt	     --	     --	     --	 -2.604
[component_container-11] 
[component_container-11] 	  9.740	   Pose	 -2.055	 -2.103	  4.689	 -2.607
[component_container-11] 	  9.740	  Twist	  0.036	 -0.011	  0.542	 -0.268
[component_container-11] 	  9.740	ErrPose	 -0.032	  0.192	 -0.042	 -0.025
[component_container-11] 	  9.740	ErrTwis	 -0.057	 -0.042	 -0.056	 -0.012
[component_container-11] 	  9.740	    GPS	 -2.155	 -2.142	  4.533	     --
[component_container-11] 	  9.740	   Baro	     --	     --	  4.977	     --
[component_container-11] 	  9.740	  BBias	     --	     --	  0.314	     --
[component_container-11] 	  9.740	  Sonar	     --	     --	    inf	     --
[component_container-11] 	  9.740	  Magnt	     --	     --	     --	 -2.564
[component_container-11] 
[component_container-11] 	  9.770	   Pose	 -2.054	 -2.103	  4.708	 -2.616
[component_container-11] 	  9.770	  Twist	  0.038	 -0.012	  0.541	 -0.257
[component_container-11] 	  9.770	ErrPose	 -0.033	  0.194	 -0.052	 -0.022
[component_container-11] 	  9.770	ErrTwis	 -0.061	 -0.042	 -0.058	 -0.023
[component_container-11] 	  9.770	    GPS	 -2.155	 -2.142	  4.533	     --
[component_container-11] 	  9.770	   Baro	     --	     --	  5.041	     --
[component_container-11] 	  9.770	  BBias	     --	     --	  0.314	     --
[component_container-11] 	  9.770	  Sonar	     --	     --	    inf	     --
[component_container-11] 	  9.770	  Magnt	     --	     --	     --	 -2.657
[component_container-11] 
[component_container-11] 	  9.800	   Pose	 -2.052	 -2.104	  4.724	 -2.625
[component_container-11] 	  9.800	  Twist	  0.040	 -0.012	  0.535	 -0.293
[component_container-11] 	  9.800	ErrPose	 -0.035	  0.197	 -0.049	 -0.024
[component_container-11] 	  9.800	ErrTwis	 -0.064	 -0.042	 -0.060	  0.014
[component_container-11] 	  9.800	    GPS	 -2.155	 -2.142	  4.533	     --
[component_container-11] 	  9.800	   Baro	     --	     --	  5.041	     --
[component_container-11] 	  9.800	  BBias	     --	     --	  0.314	     --
[component_container-11] 	  9.800	  Sonar	     --	     --	    inf	     --
[component_container-11] 	  9.800	  Magnt	     --	     --	     --	 -2.657
[component_container-11] 
[component_container-11] 	  9.840	   Pose	 -2.051	 -2.104	  4.744	 -2.636
[component_container-11] 	  9.840	  Twist	  0.044	 -0.013	  0.524	 -0.262
[component_container-11] 	  9.840	ErrPose	 -0.036	  0.200	 -0.050	 -0.024
[component_container-11] 	  9.840	ErrTwis	 -0.068	 -0.042	 -0.058	 -0.018
[component_container-11] 	  9.840	    GPS	 -2.155	 -2.142	  4.533	     --
[component_container-11] 	  9.840	   Baro	     --	     --	  5.017	     --
[component_container-11] 	  9.840	  BBias	     --	     --	  0.314	     --
[component_container-11] 	  9.840	  Sonar	     --	     --	    inf	     --
[component_container-11] 	  9.840	  Magnt	     --	     --	     --	 -2.665
[component_container-11] 
[component_container-11] 	  9.870	   Pose	 -2.049	 -2.105	  4.753	 -2.645
[component_container-11] 	  9.870	  Twist	  0.046	 -0.014	  0.511	 -0.267
[component_container-11] 	  9.870	ErrPose	 -0.038	  0.201	 -0.051	 -0.021
[component_container-11] 	  9.870	ErrTwis	 -0.071	 -0.041	 -0.050	 -0.013
[component_container-11] 	  9.870	    GPS	 -2.155	 -2.142	  4.533	     --
[component_container-11] 	  9.870	   Baro	     --	     --	  5.000	     --
[component_container-11] 	  9.870	  BBias	     --	     --	  0.314	     --
[component_container-11] 	  9.870	  Sonar	     --	     --	    inf	     --
[component_container-11] 	  9.870	  Magnt	     --	     --	     --	 -2.682
[component_container-11] 
[component_container-11] [INFO] [1775370732.030137924] [drone.behavior]: Behavior transition TAKEOFF -> TURTLE_POSITION | turtle_stop=false | waypoint=(-2.00, -2.00, 5.00)
[component_container-11] [INFO] [1775370732.030208265] [drone.behavior]: Behavior target TURTLE_POSITION | new_waypoint=(1.24, -0.61, 5.00)
[component_container-11] 	  9.900	   Pose	 -2.048	 -2.105	  4.768	 -2.653
[component_container-11] 	  9.900	  Twist	  0.048	 -0.015	  0.504	 -0.261
[component_container-11] 	  9.900	ErrPose	 -0.039	  0.205	 -0.049	 -0.024
[component_container-11] 	  9.900	ErrTwis	 -0.075	 -0.041	 -0.054	 -0.019
[component_container-11] 	  9.900	    GPS	 -2.155	 -2.142	  4.533	     --
[component_container-11] 	  9.900	   Baro	     --	     --	  5.000	     --
[component_container-11] 	  9.900	  BBias	     --	     --	  0.314	     --
[component_container-11] 	  9.900	  Sonar	     --	     --	    inf	     --
[component_container-11] 	  9.900	  Magnt	     --	     --	     --	 -2.682
[component_container-11] 
[component_container-11] 	  9.940	   Pose	 -2.046	 -2.106	  4.778	 -2.664
[component_container-11] 	  9.940	  Twist	  0.051	 -0.015	  0.482	 -0.244
[component_container-11] 	  9.940	ErrPose	 -0.041	  0.208	 -0.040	 -0.024
[component_container-11] 	  9.940	ErrTwis	 -0.080	 -0.041	 -0.043	 -0.035
[component_container-11] 	  9.940	    GPS	 -2.155	 -2.142	  4.533	     --
[component_container-11] 	  9.940	   Baro	     --	     --	  4.961	     --
[component_container-11] 	  9.940	  BBias	     --	     --	  0.314	     --
[component_container-11] 	  9.940	  Sonar	     --	     --	    inf	     --
[component_container-11] 	  9.940	  Magnt	     --	     --	     --	 -2.683
[component_container-11] 
[component_container-11] 	  9.970	   Pose	 -2.044	 -2.106	  4.796	 -2.673
[component_container-11] 	  9.970	  Twist	  0.052	 -0.016	  0.479	 -0.281
[component_container-11] 	  9.970	ErrPose	 -0.042	  0.210	 -0.051	 -0.020
[component_container-11] 	  9.970	ErrTwis	 -0.082	 -0.041	 -0.046	  0.001
[component_container-11] 	  9.970	    GPS	 -2.155	 -2.142	  4.533	     --
[component_container-11] 	  9.970	   Baro	     --	     --	  5.146	     --
[component_container-11] 	  9.970	  BBias	     --	     --	  0.314	     --
[component_container-11] 	  9.970	  Sonar	     --	     --	    inf	     --
[component_container-11] 	  9.970	  Magnt	     --	     --	     --	 -2.714
[component_container-11] 
[component_container-11] 	 10.000	   Pose	 -2.043	 -2.107	  4.811	 -2.682
[component_container-11] 	 10.000	  Twist	  0.054	 -0.017	  0.469	 -0.280
[component_container-11] 	 10.000	ErrPose	 -0.044	  0.213	 -0.049	 -0.023
[component_container-11] 	 10.000	ErrTwis	 -0.086	 -0.041	 -0.048	  0.000
[component_container-11] 	 10.000	    GPS	 -2.155	 -2.142	  4.533	     --
[component_container-11] 	 10.000	   Baro	     --	     --	  5.146	     --
[component_container-11] 	 10.000	  BBias	     --	     --	  0.314	     --
[component_container-11] 	 10.000	  Sonar	     --	     --	    inf	     --
[component_container-11] 	 10.000	  Magnt	     --	     --	     --	 -2.714
[component_container-11] 
[component_container-11] 	 10.040	   Pose	 -2.133	 -2.010	  4.812	 -2.693
[component_container-11] 	 10.040	  Twist	 -0.010	  0.066	  0.431	 -0.248
[component_container-11] 	 10.040	ErrPose	  0.047	  0.119	 -0.034	 -0.023
[component_container-11] 	 10.040	ErrTwis	 -0.023	 -0.124	 -0.026	 -0.031
[component_container-11] 	 10.040	    GPS	 -2.240	 -1.954	  4.766	     --
[component_container-11] 	 10.040	   Baro	     --	     --	  5.006	     --
[component_container-11] 	 10.040	  BBias	     --	     --	  0.314	     --
[component_container-11] 	 10.040	  Sonar	     --	     --	    inf	     --
[component_container-11] 	 10.040	  Magnt	     --	     --	     --	 -2.725
[component_container-11] 
[component_container-11] [INFO] [1775370732.169995327] [drone.estimator]: TMP LOG err_xyz=(0.047, 0.119, -0.034) | z_est=4.812 vz_est=0.431 bias=0.314 | gps_z=4.766 sonar=inf baro=5.006
[component_container-11] 	 10.070	   Pose	 -2.133	 -2.008	  4.826	 -2.702
[component_container-11] 	 10.070	  Twist	 -0.009	  0.065	  0.416	 -0.266
[component_container-11] 	 10.070	ErrPose	  0.048	  0.118	 -0.041	 -0.020
[component_container-11] 	 10.070	ErrTwis	 -0.025	 -0.124	 -0.020	 -0.013
[component_container-11] 	 10.070	    GPS	 -2.240	 -1.954	  4.766	     --
[component_container-11] 	 10.070	   Baro	     --	     --	  5.150	     --
[component_container-11] 	 10.070	  BBias	     --	     --	  0.314	     --
[component_container-11] 	 10.070	  Sonar	     --	     --	    inf	     --
[component_container-11] 	 10.070	  Magnt	     --	     --	     --	 -2.740
[component_container-11] 
[component_container-11] [INFO] [1775370732.229705683] [drone.controller]: cmd_vel body=(-0.991, 0.133, 0.027) yaw=-0.300 | odom_received=true | plan_points=37
[component_container-11] 	 10.100	   Pose	 -2.134	 -2.006	  4.838	 -2.710
[component_container-11] 	 10.100	  Twist	 -0.008	  0.064	  0.400	 -0.271
[component_container-11] 	 10.100	ErrPose	  0.049	  0.119	 -0.039	 -0.023
[component_container-11] 	 10.100	ErrTwis	 -0.028	 -0.124	 -0.027	 -0.007
[component_container-11] 	 10.100	    GPS	 -2.240	 -1.954	  4.766	     --
[component_container-11] 	 10.100	   Baro	     --	     --	  5.150	     --
[component_container-11] 	 10.100	  BBias	     --	     --	  0.314	     --
[component_container-11] 	 10.100	  Sonar	     --	     --	    inf	     --
[component_container-11] 	 10.100	  Magnt	     --	     --	     --	 -2.740
[component_container-11] 
[component_container-11] 	 10.140	   Pose	 -2.134	 -2.003	  4.849	 -2.722
[component_container-11] 	 10.140	  Twist	 -0.005	  0.063	  0.377	 -0.265
[component_container-11] 	 10.140	ErrPose	  0.050	  0.120	 -0.037	 -0.022
[component_container-11] 	 10.140	ErrTwis	 -0.035	 -0.124	 -0.026	 -0.012
[component_container-11] 	 10.140	    GPS	 -2.240	 -1.954	  4.766	     --
[component_container-11] 	 10.140	   Baro	     --	     --	  5.099	     --
[component_container-11] 	 10.140	  BBias	     --	     --	  0.314	     --
[component_container-11] 	 10.140	  Sonar	     --	     --	    inf	     --
[component_container-11] 	 10.140	  Magnt	     --	     --	     --	 -2.770
[component_container-11] 
[component_container-11] 	 10.170	   Pose	 -2.134	 -2.001	  4.860	 -2.730
[component_container-11] 	 10.170	  Twist	 -0.004	  0.063	  0.364	 -0.262
[component_container-11] 	 10.170	ErrPose	  0.051	  0.119	 -0.041	 -0.020
[component_container-11] 	 10.170	ErrTwis	 -0.039	 -0.123	 -0.023	 -0.015
[component_container-11] 	 10.170	    GPS	 -2.240	 -1.954	  4.766	     --
[component_container-11] 	 10.170	   Baro	     --	     --	  5.169	     --
[component_container-11] 	 10.170	  BBias	     --	     --	  0.314	     --
[component_container-11] 	 10.170	  Sonar	     --	     --	    inf	     --
[component_container-11] 	 10.170	  Magnt	     --	     --	     --	 -2.722
[component_container-11] 
[component_container-11] 	 10.200	   Pose	 -2.134	 -1.999	  4.871	 -2.737
[component_container-11] 	 10.200	  Twist	 -0.003	  0.062	  0.350	 -0.247
[component_container-11] 	 10.200	ErrPose	  0.052	  0.120	 -0.040	 -0.023
[component_container-11] 	 10.200	ErrTwis	 -0.047	 -0.122	 -0.030	 -0.029
[component_container-11] 	 10.200	    GPS	 -2.240	 -1.954	  4.766	     --
[component_container-11] 	 10.200	   Baro	     --	     --	  5.169	     --
[component_container-11] 	 10.200	  BBias	     --	     --	  0.314	     --
[component_container-11] 	 10.200	  Sonar	     --	     --	    inf	     --
[component_container-11] 	 10.200	  Magnt	     --	     --	     --	 -2.722
[component_container-11] 
[component_container-11] 	 10.240	   Pose	 -2.134	 -1.997	  4.881	 -2.749
[component_container-11] 	 10.240	  Twist	 -0.000	  0.060	  0.330	 -0.264
[component_container-11] 	 10.240	ErrPose	  0.054	  0.121	 -0.038	 -0.022
[component_container-11] 	 10.240	ErrTwis	 -0.057	 -0.119	 -0.030	 -0.012
[component_container-11] 	 10.240	    GPS	 -2.240	 -1.954	  4.766	     --
[component_container-11] 	 10.240	   Baro	     --	     --	  5.141	     --
[component_container-11] 	 10.240	  BBias	     --	     --	  0.314	     --
[component_container-11] 	 10.240	  Sonar	     --	     --	    inf	     --
[component_container-11] 	 10.240	  Magnt	     --	     --	     --	 -2.778
[component_container-11] 
[component_container-11] 	 10.270	   Pose	 -2.134	 -1.995	  4.874	 -2.757
[component_container-11] 	 10.270	  Twist	  0.001	  0.059	  0.301	 -0.247
[component_container-11] 	 10.270	ErrPose	  0.055	  0.121	 -0.025	 -0.020
[component_container-11] 	 10.270	ErrTwis	 -0.064	 -0.116	 -0.009	 -0.029
[component_container-11] 	 10.270	    GPS	 -2.240	 -1.954	  4.766	     --
[component_container-11] 	 10.270	   Baro	     --	     --	  4.997	     --
[component_container-11] 	 10.270	  BBias	     --	     --	  0.314	     --
[component_container-11] 	 10.270	  Sonar	     --	     --	    inf	     --
[component_container-11] 	 10.270	  Magnt	     --	     --	     --	 -2.750
[component_container-11] 
[component_container-11] 	 10.300	   Pose	 -2.134	 -1.993	  4.882	 -2.765
[component_container-11] 	 10.300	  Twist	  0.002	  0.059	  0.289	 -0.270
[component_container-11] 	 10.300	ErrPose	  0.058	  0.122	 -0.024	 -0.023
[component_container-11] 	 10.300	ErrTwis	 -0.076	 -0.111	 -0.016	 -0.006
[component_container-11] 	 10.300	    GPS	 -2.240	 -1.954	  4.766	     --
[component_container-11] 	 10.300	   Baro	     --	     --	  4.997	     --
[component_container-11] 	 10.300	  BBias	     --	     --	  0.314	     --
[component_container-11] 	 10.300	  Sonar	     --	     --	    inf	     --
[component_container-11] 	 10.300	  Magnt	     --	     --	     --	 -2.750
[component_container-11] 
[component_container-11] 	 10.340	   Pose	 -2.134	 -1.991	  4.904	 -2.776
[component_container-11] 	 10.340	  Twist	  0.003	  0.058	  0.286	 -0.271
[component_container-11] 	 10.340	ErrPose	  0.062	  0.122	 -0.036	 -0.023
[component_container-11] 	 10.340	ErrTwis	 -0.090	 -0.104	 -0.028	 -0.006
[component_container-11] 	 10.340	    GPS	 -2.240	 -1.954	  4.766	     --
[component_container-11] 	 10.340	   Baro	     --	     --	  5.317	     --
[component_container-11] 	 10.340	  BBias	     --	     --	  0.314	     --
[component_container-11] 	 10.340	  Sonar	     --	     --	    inf	     --
[component_container-11] 	 10.340	  Magnt	     --	     --	     --	 -2.767
[component_container-11] 
[component_container-11] 	 10.370	   Pose	 -2.134	 -1.989	  4.912	 -2.784
[component_container-11] 	 10.370	  Twist	  0.005	  0.057	  0.276	 -0.263
[component_container-11] 	 10.370	ErrPose	  0.063	  0.122	 -0.039	 -0.020
[component_container-11] 	 10.370	ErrTwis	 -0.097	 -0.100	 -0.026	 -0.014
[component_container-11] 	 10.370	    GPS	 -2.240	 -1.954	  4.766	     --
[component_container-11] 	 10.370	   Baro	     --	     --	  5.214	     --
[component_container-11] 	 10.370	  BBias	     --	     --	  0.314	     --
[component_container-11] 	 10.370	  Sonar	     --	     --	    inf	     --
[component_container-11] 	 10.370	  Magnt	     --	     --	     --	 -2.811
[component_container-11] 
[component_container-11] 	 10.400	   Pose	 -2.134	 -1.988	  4.920	 -2.792
[component_container-11] 	 10.400	  Twist	  0.006	  0.055	  0.266	 -0.252
[component_container-11] 	 10.400	ErrPose	  0.068	  0.123	 -0.039	 -0.023
[component_container-11] 	 10.400	ErrTwis	 -0.113	 -0.094	 -0.030	 -0.025
[component_container-11] 	 10.400	    GPS	 -2.240	 -1.954	  4.766	     --
[component_container-11] 	 10.400	   Baro	     --	     --	  5.214	     --
[component_container-11] 	 10.400	  BBias	     --	     --	  0.314	     --
[component_container-11] 	 10.400	  Sonar	     --	     --	    inf	     --
[component_container-11] 	 10.400	  Magnt	     --	     --	     --	 -2.811
[component_container-11] 
[component_container-11] 	 10.440	   Pose	 -2.133	 -1.985	  4.927	 -2.803
[component_container-11] 	 10.440	  Twist	  0.009	  0.054	  0.251	 -0.280
[component_container-11] 	 10.440	ErrPose	  0.072	  0.124	 -0.037	 -0.023
[component_container-11] 	 10.440	ErrTwis	 -0.131	 -0.089	 -0.029	  0.003
[component_container-11] 	 10.440	    GPS	 -2.240	 -1.954	  4.766	     --
[component_container-11] 	 10.440	   Baro	     --	     --	  5.196	     --
[component_container-11] 	 10.440	  BBias	     --	     --	  0.314	     --
[component_container-11] 	 10.440	  Sonar	     --	     --	    inf	     --
[component_container-11] 	 10.440	  Magnt	     --	     --	     --	 -2.818
[component_container-11] 
[component_container-11] 	 10.470	   Pose	 -2.133	 -1.984	  4.941	 -2.812
[component_container-11] 	 10.470	  Twist	  0.010	  0.053	  0.248	 -0.267
[component_container-11] 	 10.470	ErrPose	  0.075	  0.124	 -0.048	 -0.020
[component_container-11] 	 10.470	ErrTwis	 -0.141	 -0.086	 -0.033	 -0.010
[component_container-11] 	 10.470	    GPS	 -2.240	 -1.954	  4.766	     --
[component_container-11] 	 10.470	   Baro	     --	     --	  5.325	     --
[component_container-11] 	 10.470	  BBias	     --	     --	  0.314	     --
[component_container-11] 	 10.470	  Sonar	     --	     --	    inf	     --
[component_container-11] 	 10.470	  Magnt	     --	     --	     --	 -2.832
[component_container-11] 
[component_container-11] 	 10.500	   Pose	 -2.133	 -1.982	  4.949	 -2.820
[component_container-11] 	 10.500	  Twist	  0.011	  0.052	  0.240	 -0.278
[component_container-11] 	 10.500	ErrPose	  0.081	  0.126	 -0.048	 -0.023
[component_container-11] 	 10.500	ErrTwis	 -0.158	 -0.083	 -0.038	  0.000
[component_container-11] 	 10.500	    GPS	 -2.240	 -1.954	  4.766	     --
[component_container-11] 	 10.500	   Baro	     --	     --	  5.325	     --
[component_container-11] 	 10.500	  BBias	     --	     --	  0.314	     --
[component_container-11] 	 10.500	  Sonar	     --	     --	    inf	     --
[component_container-11] 	 10.500	  Magnt	     --	     --	     --	 -2.832
[component_container-11] 
[component_container-11] [INFO] [1775370732.636112386] [drone.estimator]: TMP LOG gps innov_xy=(0.137, 0.116) est_xy=(-2.133, -1.982) gps_xy=(-1.996, -1.866) corr_xy=(-1.996, -1.866) vel_xy=(0.011, 0.051)
[component_container-11] [INFO] [1775370732.636285725] [drone.estimator]: TMP LOG gps vel pseudo raw=(0.489, 0.176) filt=(0.423, 0.191) innov_v=(0.392, 0.123) apply=(1,1)
[component_container-11] 	 10.540	   Pose	 -2.029	 -1.925	  4.956	 -2.830
[component_container-11] 	 10.540	  Twist	  0.107	  0.090	  0.228	 -0.267
[component_container-11] 	 10.540	ErrPose	 -0.016	  0.072	 -0.048	 -0.024
[component_container-11] 	 10.540	ErrTwis	 -0.273	 -0.121	 -0.038	 -0.011
[component_container-11] 	 10.540	    GPS	 -1.996	 -1.866	  4.903	     --
[component_container-11] 	 10.540	   Baro	     --	     --	  5.338	     --
[component_container-11] 	 10.540	  BBias	     --	     --	  0.315	     --
[component_container-11] 	 10.540	  Sonar	     --	     --	    inf	     --
[component_container-11] 	 10.540	  Magnt	     --	     --	     --	 -2.816
[component_container-11] 
[component_container-11] 	 10.570	   Pose	 -2.026	 -1.922	  4.957	 -2.838
[component_container-11] 	 10.570	  Twist	  0.109	  0.089	  0.215	 -0.255
[component_container-11] 	 10.570	ErrPose	 -0.015	  0.071	 -0.046	 -0.021
[component_container-11] 	 10.570	ErrTwis	 -0.283	 -0.119	 -0.030	 -0.023
[component_container-11] 	 10.570	    GPS	 -1.996	 -1.866	  4.903	     --
[component_container-11] 	 10.570	   Baro	     --	     --	  5.201	     --
[component_container-11] 	 10.570	  BBias	     --	     --	  0.315	     --
[component_container-11] 	 10.570	  Sonar	     --	     --	    inf	     --
[component_container-11] 	 10.570	  Magnt	     --	     --	     --	 -2.843
[component_container-11] 
[component_container-11] 	 10.600	   Pose	 -2.023	 -1.920	  4.963	 -2.846
[component_container-11] 	 10.600	  Twist	  0.110	  0.087	  0.208	 -0.269
[component_container-11] 	 10.600	ErrPose	 -0.011	  0.072	 -0.046	 -0.025
[component_container-11] 	 10.600	ErrTwis	 -0.305	 -0.119	 -0.035	 -0.009
[component_container-11] 	 10.600	    GPS	 -1.996	 -1.866	  4.903	     --
[component_container-11] 	 10.600	   Baro	     --	     --	  5.201	     --
[component_container-11] 	 10.600	  BBias	     --	     --	  0.315	     --
[component_container-11] 	 10.600	  Sonar	     --	     --	    inf	     --
[component_container-11] 	 10.600	  Magnt	     --	     --	     --	 -2.843
[component_container-11] 
[component_container-11] 	 10.640	   Pose	 -2.018	 -1.916	  4.967	 -2.857
[component_container-11] 	 10.640	  Twist	  0.111	  0.086	  0.195	 -0.256
[component_container-11] 	 10.640	ErrPose	 -0.006	  0.072	 -0.044	 -0.025
[component_container-11] 	 10.640	ErrTwis	 -0.325	 -0.119	 -0.032	 -0.023
[component_container-11] 	 10.640	    GPS	 -1.996	 -1.866	  4.903	     --
[component_container-11] 	 10.640	   Baro	     --	     --	  5.226	     --
[component_container-11] 	 10.640	  BBias	     --	     --	  0.315	     --
[component_container-11] 	 10.640	  Sonar	     --	     --	    inf	     --
[component_container-11] 	 10.640	  Magnt	     --	     --	     --	 -2.853
[component_container-11] 
[component_container-11] 	 10.670	   Pose	 -2.015	 -1.914	  4.978	 -2.867
[component_container-11] 	 10.670	  Twist	  0.112	  0.085	  0.194	 -0.280
[component_container-11] 	 10.670	ErrPose	 -0.005	  0.071	 -0.052	 -0.021
[component_container-11] 	 10.670	ErrTwis	 -0.336	 -0.119	 -0.036	  0.001
[component_container-11] 	 10.670	    GPS	 -1.996	 -1.866	  4.903	     --
[component_container-11] 	 10.670	   Baro	     --	     --	  5.342	     --
[component_container-11] 	 10.670	  BBias	     --	     --	  0.315	     --
[component_container-11] 	 10.670	  Sonar	     --	     --	    inf	     --
[component_container-11] 	 10.670	  Magnt	     --	     --	     --	 -2.930
[component_container-11] 
[component_container-11] 	 10.700	   Pose	 -2.012	 -1.911	  4.984	 -2.875
[component_container-11] 	 10.700	  Twist	  0.114	  0.084	  0.189	 -0.285
[component_container-11] 	 10.700	ErrPose	  0.002	  0.073	 -0.053	 -0.024
[component_container-11] 	 10.700	ErrTwis	 -0.359	 -0.121	 -0.039	  0.006
[component_container-11] 	 10.700	    GPS	 -1.996	 -1.866	  4.903	     --
[component_container-11] 	 10.700	   Baro	     --	     --	  5.342	     --
[component_container-11] 	 10.700	  BBias	     --	     --	  0.315	     --
[component_container-11] 	 10.700	  Sonar	     --	     --	    inf	     --
[component_container-11] 	 10.700	  Magnt	     --	     --	     --	 -2.930
[component_container-11] 
[component_container-11] 	 10.740	   Pose	 -2.007	 -1.908	  4.986	 -2.886
[component_container-11] 	 10.740	  Twist	  0.115	  0.082	  0.177	 -0.260
[component_container-11] 	 10.740	ErrPose	  0.008	  0.074	 -0.050	 -0.024
[component_container-11] 	 10.740	ErrTwis	 -0.383	 -0.124	 -0.035	 -0.019
[component_container-11] 	 10.740	    GPS	 -1.996	 -1.866	  4.903	     --
[component_container-11] 	 10.740	   Baro	     --	     --	  5.236	     --
[component_container-11] 	 10.740	  BBias	     --	     --	  0.315	     --
[component_container-11] 	 10.740	  Sonar	     --	     --	    inf	     --
[component_container-11] 	 10.740	  Magnt	     --	     --	     --	 -2.886
[component_container-11] 
[component_container-11] 	 10.770	   Pose	 -2.004	 -1.905	  4.988	 -2.894
[component_container-11] 	 10.770	  Twist	  0.114	  0.080	  0.167	 -0.263
[component_container-11] 	 10.770	ErrPose	  0.011	  0.074	 -0.050	 -0.022
[component_container-11] 	 10.770	ErrTwis	 -0.393	 -0.125	 -0.030	 -0.016
[component_container-11] 	 10.770	    GPS	 -1.996	 -1.866	  4.903	     --
[component_container-11] 	 10.770	   Baro	     --	     --	  5.267	     --
[component_container-11] 	 10.770	  BBias	     --	     --	  0.315	     --
[component_container-11] 	 10.770	  Sonar	     --	     --	    inf	     --
[component_container-11] 	 10.770	  Magnt	     --	     --	     --	 -2.898
[component_container-11] 
[component_container-11] 	 10.800	   Pose	 -2.000	 -1.903	  4.993	 -2.902
[component_container-11] 	 10.800	  Twist	  0.115	  0.078	  0.162	 -0.272
[component_container-11] 	 10.800	ErrPose	  0.019	  0.077	 -0.051	 -0.025
[component_container-11] 	 10.800	ErrTwis	 -0.416	 -0.128	 -0.033	 -0.007
[component_container-11] 	 10.800	    GPS	 -1.996	 -1.866	  4.903	     --
[component_container-11] 	 10.800	   Baro	     --	     --	  5.267	     --
[component_container-11] 	 10.800	  BBias	     --	     --	  0.315	     --
[component_container-11] 	 10.800	  Sonar	     --	     --	    inf	     --
[component_container-11] 	 10.800	  Magnt	     --	     --	     --	 -2.898
[component_container-11] 
[component_container-11] 	 10.840	   Pose	 -1.996	 -1.900	  4.995	 -2.913
[component_container-11] 	 10.840	  Twist	  0.117	  0.077	  0.152	 -0.263
[component_container-11] 	 10.840	ErrPose	  0.028	  0.079	 -0.050	 -0.025
[component_container-11] 	 10.840	ErrTwis	 -0.440	 -0.133	 -0.029	 -0.016
[component_container-11] 	 10.840	    GPS	 -1.996	 -1.866	  4.903	     --
[component_container-11] 	 10.840	   Baro	     --	     --	  5.266	     --
[component_container-11] 	 10.840	  BBias	     --	     --	  0.315	     --
[component_container-11] 	 10.840	  Sonar	     --	     --	    inf	     --
[component_container-11] 	 10.840	  Magnt	     --	     --	     --	 -2.909
[component_container-11] 
[component_container-11] 	 10.870	   Pose	 -1.992	 -1.898	  4.978	 -2.921
[component_container-11] 	 10.870	  Twist	  0.117	  0.076	  0.126	 -0.283
[component_container-11] 	 10.870	ErrPose	  0.031	  0.080	 -0.031	 -0.023
[component_container-11] 	 10.870	ErrTwis	 -0.452	 -0.135	 -0.007	  0.003
[component_container-11] 	 10.870	    GPS	 -1.996	 -1.866	  4.903	     --
[component_container-11] 	 10.870	   Baro	     --	     --	  5.071	     --
[component_container-11] 	 10.870	  BBias	     --	     --	  0.315	     --
[component_container-11] 	 10.870	  Sonar	     --	     --	    inf	     --
[component_container-11] 	 10.870	  Magnt	     --	     --	     --	 -2.925
[component_container-11] 
[component_container-11] 	 10.900	   Pose	 -1.989	 -1.895	  4.982	 -2.929
[component_container-11] 	 10.900	  Twist	  0.117	  0.075	  0.123	 -0.266
[component_container-11] 	 10.900	ErrPose	  0.042	  0.083	 -0.032	 -0.026
[component_container-11] 	 10.900	ErrTwis	 -0.476	 -0.141	 -0.010	 -0.014
[component_container-11] 	 10.900	    GPS	 -1.996	 -1.866	  4.903	     --
[component_container-11] 	 10.900	   Baro	     --	     --	  5.071	     --
[component_container-11] 	 10.900	  BBias	     --	     --	  0.315	     --
[component_container-11] 	 10.900	  Sonar	     --	     --	    inf	     --
[component_container-11] 	 10.900	  Magnt	     --	     --	     --	 -2.925
[component_container-11] 
[component_container-11] 	 10.940	   Pose	 -1.984	 -1.892	  4.980	 -2.940
[component_container-11] 	 10.940	  Twist	  0.116	  0.072	  0.111	 -0.276
[component_container-11] 	 10.940	ErrPose	  0.053	  0.086	 -0.026	 -0.026
[component_container-11] 	 10.940	ErrTwis	 -0.498	 -0.146	 -0.004	 -0.003
[component_container-11] 	 10.940	    GPS	 -1.996	 -1.866	  4.903	     --
[component_container-11] 	 10.940	   Baro	     --	     --	  5.217	     --
[component_container-11] 	 10.940	  BBias	     --	     --	  0.315	     --
[component_container-11] 	 10.940	  Sonar	     --	     --	    inf	     --
[component_container-11] 	 10.940	  Magnt	     --	     --	     --	 -2.954
[component_container-11] 
[component_container-11] 	 10.970	   Pose	 -1.981	 -1.890	  4.989	 -2.949
[component_container-11] 	 10.970	  Twist	  0.116	  0.071	  0.114	 -0.260
[component_container-11] 	 10.970	ErrPose	  0.058	  0.087	 -0.034	 -0.022
[component_container-11] 	 10.970	ErrTwis	 -0.509	 -0.149	 -0.010	 -0.019
[component_container-11] 	 10.970	    GPS	 -1.996	 -1.866	  4.903	     --
[component_container-11] 	 10.970	   Baro	     --	     --	  5.365	     --
[component_container-11] 	 10.970	  BBias	     --	     --	  0.315	     --
[component_container-11] 	 10.970	  Sonar	     --	     --	    inf	     --
[component_container-11] 	 10.970	  Magnt	     --	     --	     --	 -2.999
[component_container-11] 
[component_container-11] 	 11.000	   Pose	 -1.977	 -1.888	  4.993	 -2.957
[component_container-11] 	 11.000	  Twist	  0.117	  0.069	  0.111	 -0.269
[component_container-11] 	 11.000	ErrPose	  0.071	  0.092	 -0.035	 -0.025
[component_container-11] 	 11.000	ErrTwis	 -0.533	 -0.156	 -0.012	 -0.011
[component_container-11] 	 11.000	    GPS	 -1.996	 -1.866	  4.903	     --
[component_container-11] 	 11.000	   Baro	     --	     --	  5.365	     --
[component_container-11] 	 11.000	  BBias	     --	     --	  0.315	     --
[component_container-11] 	 11.000	  Sonar	     --	     --	    inf	     --
[component_container-11] 	 11.000	  Magnt	     --	     --	     --	 -2.999
[component_container-11] 
[component_container-11] 	 11.040	   Pose	 -2.060	 -1.881	  4.990	 -2.968
[component_container-11] 	 11.040	  Twist	  0.044	  0.064	  0.101	 -0.262
[component_container-11] 	 11.040	ErrPose	  0.171	  0.092	 -0.030	 -0.026
[component_container-11] 	 11.040	ErrTwis	 -0.484	 -0.160	 -0.007	 -0.017
[component_container-11] 	 11.040	    GPS	 -2.119	 -1.856	  4.958	     --
[component_container-11] 	 11.040	   Baro	     --	     --	  5.292	     --
[component_container-11] 	 11.040	  BBias	     --	     --	  0.315	     --
[component_container-11] 	 11.040	  Sonar	     --	     --	    inf	     --
[component_container-11] 	 11.040	  Magnt	     --	     --	     --	 -2.959
[component_container-11] 
[component_container-11] [INFO] [1775370733.171764525] [drone.estimator]: TMP LOG err_xyz=(0.171, 0.092, -0.030) | z_est=4.990 vz_est=0.101 bias=0.315 | gps_z=4.958 sonar=inf baro=5.292
[component_container-11] 	 11.070	   Pose	 -2.058	 -1.879	  4.988	 -2.977
[component_container-11] 	 11.070	  Twist	  0.044	  0.062	  0.093	 -0.260
[component_container-11] 	 11.070	ErrPose	  0.179	  0.093	 -0.027	 -0.023
[component_container-11] 	 11.070	ErrTwis	 -0.496	 -0.163	 -0.001	 -0.020
[component_container-11] 	 11.070	    GPS	 -2.119	 -1.856	  4.958	     --
[component_container-11] 	 11.070	   Baro	     --	     --	  5.248	     --
[component_container-11] 	 11.070	  BBias	     --	     --	  0.315	     --
[component_container-11] 	 11.070	  Sonar	     --	     --	    inf	     --
[component_container-11] 	 11.070	  Magnt	     --	     --	     --	 -2.992
[component_container-11] 
[component_container-11] [INFO] [1775370733.231853906] [drone.controller]: cmd_vel body=(-0.989, -0.146, 0.004) yaw=-0.300 | odom_received=true | plan_points=37
[component_container-11] 	 11.100	   Pose	 -2.057	 -1.878	  4.991	 -2.985
[component_container-11] 	 11.100	  Twist	  0.043	  0.060	  0.090	 -0.280
[component_container-11] 	 11.100	ErrPose	  0.197	  0.099	 -0.028	 -0.026
[component_container-11] 	 11.100	ErrTwis	 -0.518	 -0.171	 -0.002	  0.001
[component_container-11] 	 11.100	    GPS	 -2.119	 -1.856	  4.958	     --
[component_container-11] 	 11.100	   Baro	     --	     --	  5.248	     --
[component_container-11] 	 11.100	  BBias	     --	     --	  0.315	     --
[component_container-11] 	 11.100	  Sonar	     --	     --	    inf	     --
[component_container-11] 	 11.100	  Magnt	     --	     --	     --	 -2.992
[component_container-11] 
[component_container-11] 	 11.140	   Pose	 -2.055	 -1.875	  4.977	 -2.997
[component_container-11] 	 11.140	  Twist	  0.044	  0.058	  0.069	 -0.277
[component_container-11] 	 11.140	ErrPose	  0.215	  0.104	 -0.012	 -0.025
[component_container-11] 	 11.140	ErrTwis	 -0.542	 -0.179	  0.016	 -0.002
[component_container-11] 	 11.140	    GPS	 -2.119	 -1.856	  4.958	     --
[component_container-11] 	 11.140	   Baro	     --	     --	  5.088	     --
[component_container-11] 	 11.140	  BBias	     --	     --	  0.315	     --
[component_container-11] 	 11.140	  Sonar	     --	     --	    inf	     --
[component_container-11] 	 11.140	  Magnt	     --	     --	     --	 -3.055
[component_container-11] 
[component_container-11] 	 11.170	   Pose	 -2.054	 -1.873	  4.978	 -3.007
[component_container-11] 	 11.170	  Twist	  0.044	  0.057	  0.066	 -0.270
[component_container-11] 	 11.170	ErrPose	  0.224	  0.107	 -0.012	 -0.021
[component_container-11] 	 11.170	ErrTwis	 -0.554	 -0.183	  0.016	 -0.010
[component_container-11] 	 11.170	    GPS	 -2.119	 -1.856	  4.958	     --
[component_container-11] 	 11.170	   Baro	     --	     --	  5.278	     --
[component_container-11] 	 11.170	  BBias	     --	     --	  0.315	     --
[component_container-11] 	 11.170	  Sonar	     --	     --	    inf	     --
[component_container-11] 	 11.170	  Magnt	     --	     --	     --	 -3.064
[component_container-11] 
[component_container-11] 	 11.200	   Pose	 -2.053	 -1.872	  4.980	 -3.015
[component_container-11] 	 11.200	  Twist	  0.043	  0.055	  0.065	 -0.272
[component_container-11] 	 11.200	ErrPose	  0.244	  0.113	 -0.013	 -0.024
[component_container-11] 	 11.200	ErrTwis	 -0.577	 -0.191	  0.013	 -0.008
[component_container-11] 	 11.200	    GPS	 -2.119	 -1.856	  4.958	     --
[component_container-11] 	 11.200	   Baro	     --	     --	  5.278	     --
[component_container-11] 	 11.200	  BBias	     --	     --	  0.315	     --
[component_container-11] 	 11.200	  Sonar	     --	     --	    inf	     --
[component_container-11] 	 11.200	  Magnt	     --	     --	     --	 -3.064
[component_container-11] 
[component_container-11] 	 11.240	   Pose	 -2.051	 -1.870	  4.987	 -3.026
[component_container-11] 	 11.240	  Twist	  0.042	  0.052	  0.068	 -0.287
[component_container-11] 	 11.240	ErrPose	  0.265	  0.119	 -0.019	 -0.024
[component_container-11] 	 11.240	ErrTwis	 -0.598	 -0.199	  0.006	  0.007
[component_container-11] 	 11.240	    GPS	 -2.119	 -1.856	  4.958	     --
[component_container-11] 	 11.240	   Baro	     --	     --	  5.350	     --
[component_container-11] 	 11.240	  BBias	     --	     --	  0.315	     --
[component_container-11] 	 11.240	  Sonar	     --	     --	    inf	     --
[component_container-11] 	 11.240	  Magnt	     --	     --	     --	 -3.015
[component_container-11] 
[component_container-11] 	 11.270	   Pose	 -2.050	 -1.868	  4.976	 -3.033
[component_container-11] 	 11.270	  Twist	  0.041	  0.050	  0.054	 -0.271
[component_container-11] 	 11.270	ErrPose	  0.275	  0.122	 -0.008	 -0.022
[component_container-11] 	 11.270	ErrTwis	 -0.609	 -0.202	  0.019	 -0.009
[component_container-11] 	 11.270	    GPS	 -2.119	 -1.856	  4.958	     --
[component_container-11] 	 11.270	   Baro	     --	     --	  5.154	     --
[component_container-11] 	 11.270	  BBias	     --	     --	  0.315	     --
[component_container-11] 	 11.270	  Sonar	     --	     --	    inf	     --
[component_container-11] 	 11.270	  Magnt	     --	     --	     --	 -3.006
[component_container-11] 
[component_container-11] 	 11.300	   Pose	 -2.049	 -1.867	  4.978	 -3.041
[component_container-11] 	 11.300	  Twist	  0.042	  0.048	  0.053	 -0.267
[component_container-11] 	 11.300	ErrPose	  0.298	  0.129	 -0.009	 -0.025
[component_container-11] 	 11.300	ErrTwis	 -0.632	 -0.210	  0.018	 -0.013
[component_container-11] 	 11.300	    GPS	 -2.119	 -1.856	  4.958	     --
[component_container-11] 	 11.300	   Baro	     --	     --	  5.154	     --
[component_container-11] 	 11.300	  BBias	     --	     --	  0.315	     --
[component_container-11] 	 11.300	  Sonar	     --	     --	    inf	     --
[component_container-11] 	 11.300	  Magnt	     --	     --	     --	 -3.006
[component_container-11] 
[component_container-11] 	 11.340	   Pose	 -2.047	 -1.865	  4.981	 -3.053
[component_container-11] 	 11.340	  Twist	  0.040	  0.045	  0.051	 -0.272
[component_container-11] 	 11.340	ErrPose	  0.321	  0.137	 -0.011	 -0.025
[component_container-11] 	 11.340	ErrTwis	 -0.652	 -0.217	  0.015	 -0.008
[component_container-11] 	 11.340	    GPS	 -2.119	 -1.856	  4.958	     --
[component_container-11] 	 11.340	   Baro	     --	     --	  5.300	     --
[component_container-11] 	 11.340	  BBias	     --	     --	  0.315	     --
[component_container-11] 	 11.340	  Sonar	     --	     --	    inf	     --
[component_container-11] 	 11.340	  Magnt	     --	     --	     --	 -3.087
[component_container-11] 
[component_container-11] 	 11.370	   Pose	 -2.046	 -1.864	  4.984	 -3.061
[component_container-11] 	 11.370	  Twist	  0.039	  0.042	  0.053	 -0.271
[component_container-11] 	 11.370	ErrPose	  0.332	  0.140	 -0.014	 -0.022
[component_container-11] 	 11.370	ErrTwis	 -0.662	 -0.220	  0.012	 -0.009
[component_container-11] 	 11.370	    GPS	 -2.119	 -1.856	  4.958	     --
[component_container-11] 	 11.370	   Baro	     --	     --	  5.317	     --
[component_container-11] 	 11.370	  BBias	     --	     --	  0.315	     --
[component_container-11] 	 11.370	  Sonar	     --	     --	    inf	     --
[component_container-11] 	 11.370	  Magnt	     --	     --	     --	 -3.057
[component_container-11] 
[component_container-11] 	 11.400	   Pose	 -2.045	 -1.862	  4.986	 -3.070
[component_container-11] 	 11.400	  Twist	  0.037	  0.041	  0.052	 -0.274
[component_container-11] 	 11.400	ErrPose	  0.357	  0.148	 -0.015	 -0.025
[component_container-11] 	 11.400	ErrTwis	 -0.682	 -0.228	  0.012	 -0.006
[component_container-11] 	 11.400	    GPS	 -2.119	 -1.856	  4.958	     --
[component_container-11] 	 11.400	   Baro	     --	     --	  5.317	     --
[component_container-11] 	 11.400	  BBias	     --	     --	  0.315	     --
[component_container-11] 	 11.400	  Sonar	     --	     --	    inf	     --
[component_container-11] 	 11.400	  Magnt	     --	     --	     --	 -3.057
[component_container-11] 
[component_container-11] 	 11.440	   Pose	 -2.043	 -1.861	  4.984	 -3.081
[component_container-11] 	 11.440	  Twist	  0.036	  0.038	  0.046	 -0.267
[component_container-11] 	 11.440	ErrPose	  0.383	  0.155	 -0.013	 -0.025
[component_container-11] 	 11.440	ErrTwis	 -0.702	 -0.236	  0.015	 -0.013
[component_container-11] 	 11.440	    GPS	 -2.119	 -1.856	  4.958	     --
[component_container-11] 	 11.440	   Baro	     --	     --	  5.259	     --
[component_container-11] 	 11.440	  BBias	     --	     --	  0.315	     --
[component_container-11] 	 11.440	  Sonar	     --	     --	    inf	     --
[component_container-11] 	 11.440	  Magnt	     --	     --	     --	 -3.108
[component_container-11] 
[component_container-11] 	 11.470	   Pose	 -2.042	 -1.860	  4.983	 -3.090
[component_container-11] 	 11.470	  Twist	  0.035	  0.036	  0.044	 -0.265
[component_container-11] 	 11.470	ErrPose	  0.396	  0.159	 -0.012	 -0.022
[component_container-11] 	 11.470	ErrTwis	 -0.711	 -0.239	  0.015	 -0.015
[component_container-11] 	 11.470	    GPS	 -2.119	 -1.856	  4.958	     --
[component_container-11] 	 11.470	   Baro	     --	     --	  5.279	     --
[component_container-11] 	 11.470	  BBias	     --	     --	  0.315	     --
[component_container-11] 	 11.470	  Sonar	     --	     --	    inf	     --
[component_container-11] 	 11.470	  Magnt	     --	     --	     --	 -3.113
[component_container-11] 
[component_container-11] 	 11.500	   Pose	 -2.041	 -1.859	  4.985	 -3.098
[component_container-11] 	 11.500	  Twist	  0.033	  0.034	  0.043	 -0.280
[component_container-11] 	 11.500	ErrPose	  0.423	  0.167	 -0.013	 -0.025
[component_container-11] 	 11.500	ErrTwis	 -0.730	 -0.247	  0.012	 -0.000
[component_container-11] 	 11.500	    GPS	 -2.119	 -1.856	  4.958	     --
[component_container-11] 	 11.500	   Baro	     --	     --	  5.279	     --
[component_container-11] 	 11.500	  BBias	     --	     --	  0.315	     --
[component_container-11] 	 11.500	  Sonar	     --	     --	    inf	     --
[component_container-11] 	 11.500	  Magnt	     --	     --	     --	 -3.113
[component_container-11] 
[component_container-11] [INFO] [1775370733.635011600] [drone.estimator]: TMP LOG gps innov_xy=(0.391, 0.071) est_xy=(-2.041, -1.858) gps_xy=(-1.650, -1.787) corr_xy=(-1.650, -1.787) vel_xy=(0.033, 0.033)
[component_container-11] [INFO] [1775370733.635127473] [drone.estimator]: TMP LOG gps vel pseudo raw=(0.939, 0.139) filt=(0.827, 0.128) innov_v=(0.737, 0.085) apply=(1,1)
[component_container-11] 	 11.540	   Pose	 -1.804	 -1.822	  4.975	 -3.110
[component_container-11] 	 11.540	  Twist	  0.229	  0.057	  0.031	 -0.270
[component_container-11] 	 11.540	ErrPose	  0.215	  0.140	 -0.003	 -0.024
[component_container-11] 	 11.540	ErrTwis	 -0.945	 -0.281	  0.022	 -0.010
[component_container-11] 	 11.540	    GPS	 -1.650	 -1.787	  4.972	     --
[component_container-11] 	 11.540	   Baro	     --	     --	  5.182	     --
[component_container-11] 	 11.540	  BBias	     --	     --	  0.315	     --
[component_container-11] 	 11.540	  Sonar	     --	     --	    inf	     --
[component_container-11] 	 11.540	  Magnt	     --	     --	     --	  3.131
[component_container-11] 
[component_container-11] 	 11.570	   Pose	 -1.797	 -1.820	  4.976	 -3.120
[component_container-11] 	 11.570	  Twist	  0.228	  0.056	  0.030	 -0.266
[component_container-11] 	 11.570	ErrPose	  0.223	  0.144	 -0.004	 -0.020
[component_container-11] 	 11.570	ErrTwis	 -0.954	 -0.284	  0.023	 -0.014
[component_container-11] 	 11.570	    GPS	 -1.650	 -1.787	  4.972	     --
[component_container-11] 	 11.570	   Baro	     --	     --	  5.286	     --
[component_container-11] 	 11.570	  BBias	     --	     --	  0.315	     --
[component_container-11] 	 11.570	  Sonar	     --	     --	    inf	     --
[component_container-11] 	 11.570	  Magnt	     --	     --	     --	  3.107
[component_container-11] 
[component_container-11] 	 11.600	   Pose	 -1.791	 -1.819	  4.977	 -3.128
[component_container-11] 	 11.600	  Twist	  0.226	  0.053	  0.030	 -0.261
[component_container-11] 	 11.600	ErrPose	  0.247	  0.152	 -0.005	 -0.023
[component_container-11] 	 11.600	ErrTwis	 -0.972	 -0.292	  0.020	 -0.019
[component_container-11] 	 11.600	    GPS	 -1.650	 -1.787	  4.972	     --
[component_container-11] 	 11.600	   Baro	     --	     --	  5.286	     --
[component_container-11] 	 11.600	  BBias	     --	     --	  0.315	     --
[component_container-11] 	 11.600	  Sonar	     --	     --	    inf	     --
[component_container-11] 	 11.600	  Magnt	     --	     --	     --	  3.107
[component_container-11] 
[component_container-11] 	 11.640	   Pose	 -1.782	 -1.817	  4.977	 -3.139
[component_container-11] 	 11.640	  Twist	  0.224	  0.051	  0.030	 -0.270
[component_container-11] 	 11.640	ErrPose	  0.269	  0.159	 -0.006	 -0.023
[component_container-11] 	 11.640	ErrTwis	 -0.988	 -0.301	  0.017	 -0.010
[component_container-11] 	 11.640	    GPS	 -1.650	 -1.787	  4.972	     --
[component_container-11] 	 11.640	   Baro	     --	     --	  5.285	     --
[component_container-11] 	 11.640	  BBias	     --	     --	  0.315	     --
[component_container-11] 	 11.640	  Sonar	     --	     --	    inf	     --
[component_container-11] 	 11.640	  Magnt	     --	     --	     --	  3.117
[component_container-11] 
[component_container-11] 	 11.670	   Pose	 -1.775	 -1.815	  4.979	  3.136
[component_container-11] 	 11.670	  Twist	  0.221	  0.049	  0.032	 -0.270
[component_container-11] 	 11.670	ErrPose	  0.279	  0.163	 -0.008	 -0.021
[component_container-11] 	 11.670	ErrTwis	 -0.994	 -0.304	  0.014	 -0.010
[component_container-11] 	 11.670	    GPS	 -1.650	 -1.787	  4.972	     --
[component_container-11] 	 11.670	   Baro	     --	     --	  5.308	     --
[component_container-11] 	 11.670	  BBias	     --	     --	  0.315	     --
[component_container-11] 	 11.670	  Sonar	     --	     --	    inf	     --
[component_container-11] 	 11.670	  Magnt	     --	     --	     --	 -3.138
[component_container-11] 
[component_container-11] 	 11.700	   Pose	 -1.768	 -1.814	  4.980	  3.128
[component_container-11] 	 11.700	  Twist	  0.220	  0.045	  0.033	 -0.280
[component_container-11] 	 11.700	ErrPose	  0.305	  0.171	 -0.009	 -0.024
[component_container-11] 	 11.700	ErrTwis	 -1.010	 -0.311	  0.013	  0.001
[component_container-11] 	 11.700	    GPS	 -1.650	 -1.787	  4.972	     --
[component_container-11] 	 11.700	   Baro	     --	     --	  5.308	     --
[component_container-11] 	 11.700	  BBias	     --	     --	  0.315	     --
[component_container-11] 	 11.700	  Sonar	     --	     --	    inf	     --
[component_container-11] 	 11.700	  Magnt	     --	     --	     --	 -3.138
[component_container-11] 
[component_container-11] 	 11.740	   Pose	 -1.760	 -1.812	  4.974	  3.117
[component_container-11] 	 11.740	  Twist	  0.219	  0.042	  0.025	 -0.286
[component_container-11] 	 11.740	ErrPose	  0.329	  0.180	 -0.004	 -0.024
[component_container-11] 	 11.740	ErrTwis	 -1.026	 -0.320	  0.019	  0.006
[component_container-11] 	 11.740	    GPS	 -1.650	 -1.787	  4.972	     --
[component_container-11] 	 11.740	   Baro	     --	     --	  5.210	     --
[component_container-11] 	 11.740	  BBias	     --	     --	  0.315	     --
[component_container-11] 	 11.740	  Sonar	     --	     --	    inf	     --
[component_container-11] 	 11.740	  Magnt	     --	     --	     --	  3.126
[component_container-11] 
[component_container-11] 	 11.770	   Pose	 -1.753	 -1.811	  4.979	  3.109
[component_container-11] 	 11.770	  Twist	  0.217	  0.040	  0.029	 -0.266
[component_container-11] 	 11.770	ErrPose	  0.339	  0.183	 -0.008	 -0.022
[component_container-11] 	 11.770	ErrTwis	 -1.032	 -0.323	  0.014	 -0.014
[component_container-11] 	 11.770	    GPS	 -1.650	 -1.787	  4.972	     --
[component_container-11] 	 11.770	   Baro	     --	     --	  5.331	     --
[component_container-11] 	 11.770	  BBias	     --	     --	  0.315	     --
[component_container-11] 	 11.770	  Sonar	     --	     --	    inf	     --
[component_container-11] 	 11.770	  Magnt	     --	     --	     --	  3.129
[component_container-11] 
[component_container-11] 	 11.800	   Pose	 -1.747	 -1.809	  4.980	  3.101
[component_container-11] 	 11.800	  Twist	  0.214	  0.037	  0.030	 -0.253
[component_container-11] 	 11.800	ErrPose	  0.367	  0.192	 -0.010	 -0.025
[component_container-11] 	 11.800	ErrTwis	 -1.045	 -0.332	  0.010	 -0.027
[component_container-11] 	 11.800	    GPS	 -1.650	 -1.787	  4.972	     --
[component_container-11] 	 11.800	   Baro	     --	     --	  5.331	     --
[component_container-11] 	 11.800	  BBias	     --	     --	  0.315	     --
[component_container-11] 	 11.800	  Sonar	     --	     --	    inf	     --
[component_container-11] 	 11.800	  Magnt	     --	     --	     --	  3.129
[component_container-11] 
[component_container-11] 	 11.840	   Pose	 -1.738	 -1.808	  4.989	  3.090
[component_container-11] 	 11.840	  Twist	  0.212	  0.035	  0.039	 -0.272
[component_container-11] 	 11.840	ErrPose	  0.394	  0.201	 -0.019	 -0.025
[component_container-11] 	 11.840	ErrTwis	 -1.057	 -0.342	  0.001	 -0.008
[component_container-11] 	 11.840	    GPS	 -1.650	 -1.787	  4.972	     --
[component_container-11] 	 11.840	   Baro	     --	     --	  5.384	     --
[component_container-11] 	 11.840	  BBias	     --	     --	  0.315	     --
[component_container-11] 	 11.840	  Sonar	     --	     --	    inf	     --
[component_container-11] 	 11.840	  Magnt	     --	     --	     --	  3.088
[component_container-11] 
[component_container-11] 	 11.870	   Pose	 -1.732	 -1.807	  4.987	  3.082
[component_container-11] 	 11.870	  Twist	  0.210	  0.032	  0.036	 -0.267
[component_container-11] 	 11.870	ErrPose	  0.405	  0.205	 -0.018	 -0.023
[component_container-11] 	 11.870	ErrTwis	 -1.063	 -0.345	  0.003	 -0.012
[component_container-11] 	 11.870	    GPS	 -1.650	 -1.787	  4.972	     --
[component_container-11] 	 11.870	   Baro	     --	     --	  5.268	     --
[component_container-11] 	 11.870	  BBias	     --	     --	  0.315	     --
[component_container-11] 	 11.870	  Sonar	     --	     --	    inf	     --
[component_container-11] 	 11.870	  Magnt	     --	     --	     --	  3.088
[component_container-11] 
[component_container-11] 	 11.900	   Pose	 -1.725	 -1.806	  4.988	  3.074
[component_container-11] 	 11.900	  Twist	  0.208	  0.029	  0.037	 -0.269
[component_container-11] 	 11.900	ErrPose	  0.435	  0.215	 -0.019	 -0.026
[component_container-11] 	 11.900	ErrTwis	 -1.075	 -0.355	 -0.000	 -0.011
[component_container-11] 	 11.900	    GPS	 -1.650	 -1.787	  4.972	     --
[component_container-11] 	 11.900	   Baro	     --	     --	  5.268	     --
[component_container-11] 	 11.900	  BBias	     --	     --	  0.315	     --
[component_container-11] 	 11.900	  Sonar	     --	     --	    inf	     --
[component_container-11] 	 11.900	  Magnt	     --	     --	     --	  3.088
[component_container-11] 
[component_container-11] 	 11.940	   Pose	 -1.717	 -1.805	  4.990	  3.062
[component_container-11] 	 11.940	  Twist	  0.206	  0.025	  0.037	 -0.259
[component_container-11] 	 11.940	ErrPose	  0.464	  0.224	 -0.022	 -0.025
[component_container-11] 	 11.940	ErrTwis	 -1.085	 -0.363	 -0.004	 -0.021
[component_container-11] 	 11.940	    GPS	 -1.650	 -1.787	  4.972	     --
[component_container-11] 	 11.940	   Baro	     --	     --	  5.310	     --
[component_container-11] 	 11.940	  BBias	     --	     --	  0.315	     --
[component_container-11] 	 11.940	  Sonar	     --	     --	    inf	     --
[component_container-11] 	 11.940	  Magnt	     --	     --	     --	  2.993
[component_container-11] 
[component_container-11] 	 11.970	   Pose	 -1.711	 -1.804	  4.988	  3.053
[component_container-11] 	 11.970	  Twist	  0.203	  0.024	  0.035	 -0.269
[component_container-11] 	 11.970	ErrPose	  0.476	  0.228	 -0.021	 -0.021
[component_container-11] 	 11.970	ErrTwis	 -1.088	 -0.367	 -0.002	 -0.011
[component_container-11] 	 11.970	    GPS	 -1.650	 -1.787	  4.972	     --
[component_container-11] 	 11.970	   Baro	     --	     --	  5.271	     --
[component_container-11] 	 11.970	  BBias	     --	     --	  0.315	     --
[component_container-11] 	 11.970	  Sonar	     --	     --	    inf	     --
[component_container-11] 	 11.970	  Magnt	     --	     --	     --	  3.034
[component_container-11] 
[component_container-11] 	 12.000	   Pose	 -1.705	 -1.804	  4.989	  3.045
[component_container-11] 	 12.000	  Twist	  0.201	  0.021	  0.035	 -0.268
[component_container-11] 	 12.000	ErrPose	  0.508	  0.238	 -0.022	 -0.025
[component_container-11] 	 12.000	ErrTwis	 -1.098	 -0.376	 -0.003	 -0.011
[component_container-11] 	 12.000	    GPS	 -1.650	 -1.787	  4.972	     --
[component_container-11] 	 12.000	   Baro	     --	     --	  5.271	     --
[component_container-11] 	 12.000	  BBias	     --	     --	  0.315	     --
[component_container-11] 	 12.000	  Sonar	     --	     --	    inf	     --
[component_container-11] 	 12.000	  Magnt	     --	     --	     --	  3.034
[component_container-11] 
[component_container-11] 	 12.040	   Pose	 -1.407	 -1.541	  4.981	  3.033
[component_container-11] 	 12.040	  Twist	  0.420	  0.229	  0.028	 -0.270
[component_container-11] 	 12.040	ErrPose	  0.248	 -0.015	 -0.016	 -0.023
[component_container-11] 	 12.040	ErrTwis	 -1.328	 -0.595	  0.001	 -0.010
[component_container-11] 	 12.040	    GPS	 -1.134	 -1.331	  4.966	     --
[component_container-11] 	 12.040	   Baro	     --	     --	  5.239	     --
[component_container-11] 	 12.040	  BBias	     --	     --	  0.315	     --
[component_container-11] 	 12.040	  Sonar	     --	     --	    inf	     --
[component_container-11] 	 12.040	  Magnt	     --	     --	     --	  2.972
[component_container-11] 
[component_container-11] [INFO] [1775370734.173165283] [drone.estimator]: TMP LOG err_xyz=(0.248, -0.015, -0.016) | z_est=4.981 vz_est=0.028 bias=0.315 | gps_z=4.966 sonar=inf baro=5.239
[component_container-11] 	 12.070	   Pose	 -1.394	 -1.534	  4.965	  3.024
[component_container-11] 	 12.070	  Twist	  0.417	  0.226	  0.010	 -0.258
[component_container-11] 	 12.070	ErrPose	  0.255	 -0.017	  0.001	 -0.020
[component_container-11] 	 12.070	ErrTwis	 -1.331	 -0.598	  0.016	 -0.021
[component_container-11] 	 12.070	    GPS	 -1.134	 -1.331	  4.966	     --
[component_container-11] 	 12.070	   Baro	     --	     --	  5.068	     --
[component_container-11] 	 12.070	  BBias	     --	     --	  0.315	     --
[component_container-11] 	 12.070	  Sonar	     --	     --	    inf	     --
[component_container-11] 	 12.070	  Magnt	     --	     --	     --	  2.981
[component_container-11] 
[component_container-11] [INFO] [1775370734.233003404] [drone.controller]: cmd_vel body=(-0.956, -0.293, 0.028) yaw=-0.300 | odom_received=true | plan_points=36
[component_container-11] 	 12.100	   Pose	 -1.382	 -1.527	  4.965	  3.015
[component_container-11] 	 12.100	  Twist	  0.415	  0.223	  0.012	 -0.276
[component_container-11] 	 12.100	ErrPose	  0.281	 -0.014	 -0.001	 -0.023
[component_container-11] 	 12.100	ErrTwis	 -1.338	 -0.607	  0.013	 -0.004
[component_container-11] 	 12.100	    GPS	 -1.134	 -1.331	  4.966	     --
[component_container-11] 	 12.100	   Baro	     --	     --	  5.068	     --
[component_container-11] 	 12.100	  BBias	     --	     --	  0.315	     --
[component_container-11] 	 12.100	  Sonar	     --	     --	    inf	     --
[component_container-11] 	 12.100	  Magnt	     --	     --	     --	  2.981
[component_container-11] 
[component_container-11] 	 12.140	   Pose	 -1.365	 -1.518	  4.961	  3.004
[component_container-11] 	 12.140	  Twist	  0.411	  0.221	  0.010	 -0.265
[component_container-11] 	 12.140	ErrPose	  0.305	 -0.012	  0.003	 -0.023
[component_container-11] 	 12.140	ErrTwis	 -1.343	 -0.615	  0.016	 -0.014
[component_container-11] 	 12.140	    GPS	 -1.134	 -1.331	  4.966	     --
[component_container-11] 	 12.140	   Baro	     --	     --	  5.220	     --
[component_container-11] 	 12.140	  BBias	     --	     --	  0.315	     --
[component_container-11] 	 12.140	  Sonar	     --	     --	    inf	     --
[component_container-11] 	 12.140	  Magnt	     --	     --	     --	  2.984
[component_container-11] 
[component_container-11] 	 12.170	   Pose	 -1.353	 -1.512	  4.972	  2.995
[component_container-11] 	 12.170	  Twist	  0.409	  0.219	  0.024	 -0.251
[component_container-11] 	 12.170	ErrPose	  0.312	 -0.014	 -0.009	 -0.020
[component_container-11] 	 12.170	ErrTwis	 -1.345	 -0.619	  0.001	 -0.028
[component_container-11] 	 12.170	    GPS	 -1.134	 -1.331	  4.966	     --
[component_container-11] 	 12.170	   Baro	     --	     --	  5.409	     --
[component_container-11] 	 12.170	  BBias	     --	     --	  0.315	     --
[component_container-11] 	 12.170	  Sonar	     --	     --	    inf	     --
[component_container-11] 	 12.170	  Magnt	     --	     --	     --	  2.963
[component_container-11] 
[component_container-11] 	 12.200	   Pose	 -1.341	 -1.505	  4.973	  2.987
[component_container-11] 	 12.200	  Twist	  0.406	  0.217	  0.025	 -0.270
[component_container-11] 	 12.200	ErrPose	  0.340	 -0.011	 -0.010	 -0.023
[component_container-11] 	 12.200	ErrTwis	 -1.351	 -0.627	 -0.003	 -0.009
[component_container-11] 	 12.200	    GPS	 -1.134	 -1.331	  4.966	     --
[component_container-11] 	 12.200	   Baro	     --	     --	  5.409	     --
[component_container-11] 	 12.200	  BBias	     --	     --	  0.315	     --
[component_container-11] 	 12.200	  Sonar	     --	     --	    inf	     --
[component_container-11] 	 12.200	  Magnt	     --	     --	     --	  2.963
[component_container-11] 
[component_container-11] 	 12.240	   Pose	 -1.325	 -1.496	  4.984	  2.976
[component_container-11] 	 12.240	  Twist	  0.402	  0.213	  0.039	 -0.277
[component_container-11] 	 12.240	ErrPose	  0.365	 -0.009	 -0.023	 -0.022
[component_container-11] 	 12.240	ErrTwis	 -1.354	 -0.632	 -0.019	 -0.002
[component_container-11] 	 12.240	    GPS	 -1.134	 -1.331	  4.966	     --
[component_container-11] 	 12.240	   Baro	     --	     --	  5.415	     --
[component_container-11] 	 12.240	  BBias	     --	     --	  0.315	     --
[component_container-11] 	 12.240	  Sonar	     --	     --	    inf	     --
[component_container-11] 	 12.240	  Magnt	     --	     --	     --	  2.961
[component_container-11] 
[component_container-11] 	 12.270	   Pose	 -1.313	 -1.490	  4.988	  2.968
[component_container-11] 	 12.270	  Twist	  0.400	  0.210	  0.042	 -0.268
[component_container-11] 	 12.270	ErrPose	  0.373	 -0.011	 -0.027	 -0.020
[component_container-11] 	 12.270	ErrTwis	 -1.355	 -0.633	 -0.022	 -0.011
[component_container-11] 	 12.270	    GPS	 -1.134	 -1.331	  4.966	     --
[component_container-11] 	 12.270	   Baro	     --	     --	  5.329	     --
[component_container-11] 	 12.270	  BBias	     --	     --	  0.315	     --
[component_container-11] 	 12.270	  Sonar	     --	     --	    inf	     --
[component_container-11] 	 12.270	  Magnt	     --	     --	     --	  2.976
[component_container-11] 
[component_container-11] 	 12.300	   Pose	 -1.301	 -1.484	  4.989	  2.960
[component_container-11] 	 12.300	  Twist	  0.397	  0.208	  0.044	 -0.269
[component_container-11] 	 12.300	ErrPose	  0.403	 -0.008	 -0.029	 -0.023
[component_container-11] 	 12.300	ErrTwis	 -1.359	 -0.637	 -0.024	 -0.011
[component_container-11] 	 12.300	    GPS	 -1.134	 -1.331	  4.966	     --
[component_container-11] 	 12.300	   Baro	     --	     --	  5.329	     --
[component_container-11] 	 12.300	  BBias	     --	     --	  0.315	     --
[component_container-11] 	 12.300	  Sonar	     --	     --	    inf	     --
[component_container-11] 	 12.300	  Magnt	     --	     --	     --	  2.976
[component_container-11] 
[component_container-11] 	 12.340	   Pose	 -1.285	 -1.476	  5.000	  2.949
[component_container-11] 	 12.340	  Twist	  0.394	  0.205	  0.054	 -0.259
[component_container-11] 	 12.340	ErrPose	  0.429	 -0.007	 -0.041	 -0.023
[component_container-11] 	 12.340	ErrTwis	 -1.361	 -0.640	 -0.038	 -0.021
[component_container-11] 	 12.340	    GPS	 -1.134	 -1.331	  4.966	     --
[component_container-11] 	 12.340	   Baro	     --	     --	  5.409	     --
[component_container-11] 	 12.340	  BBias	     --	     --	  0.315	     --
[component_container-11] 	 12.340	  Sonar	     --	     --	    inf	     --
[component_container-11] 	 12.340	  Magnt	     --	     --	     --	  2.944
[component_container-11] 
[component_container-11] 	 12.370	   Pose	 -1.273	 -1.469	  5.006	  2.940
[component_container-11] 	 12.370	  Twist	  0.390	  0.203	  0.060	 -0.261
[component_container-11] 	 12.370	ErrPose	  0.438	 -0.009	 -0.046	 -0.021
[component_container-11] 	 12.370	ErrTwis	 -1.360	 -0.640	 -0.045	 -0.019
[component_container-11] 	 12.370	    GPS	 -1.134	 -1.331	  4.966	     --
[component_container-11] 	 12.370	   Baro	     --	     --	  5.359	     --
[component_container-11] 	 12.370	  BBias	     --	     --	  0.315	     --
[component_container-11] 	 12.370	  Sonar	     --	     --	    inf	     --
[component_container-11] 	 12.370	  Magnt	     --	     --	     --	  2.932
[component_container-11] 
[component_container-11] 	 12.400	   Pose	 -1.261	 -1.463	  5.008	  2.932
[component_container-11] 	 12.400	  Twist	  0.387	  0.201	  0.061	 -0.255
[component_container-11] 	 12.400	ErrPose	  0.468	 -0.007	 -0.049	 -0.024
[component_container-11] 	 12.400	ErrTwis	 -1.361	 -0.643	 -0.047	 -0.025
[component_container-11] 	 12.400	    GPS	 -1.134	 -1.331	  4.966	     --
[component_container-11] 	 12.400	   Baro	     --	     --	  5.359	     --
[component_container-11] 	 12.400	  BBias	     --	     --	  0.315	     --
[component_container-11] 	 12.400	  Sonar	     --	     --	    inf	     --
[component_container-11] 	 12.400	  Magnt	     --	     --	     --	  2.932
[component_container-11] 
[component_container-11] 	 12.440	   Pose	 -1.246	 -1.455	  4.999	  2.921
[component_container-11] 	 12.440	  Twist	  0.384	  0.197	  0.051	 -0.256
[component_container-11] 	 12.440	ErrPose	  0.495	 -0.006	 -0.041	 -0.024
[component_container-11] 	 12.440	ErrTwis	 -1.362	 -0.645	 -0.037	 -0.024
[component_container-11] 	 12.440	    GPS	 -1.134	 -1.331	  4.966	     --
[component_container-11] 	 12.440	   Baro	     --	     --	  5.200	     --
[component_container-11] 	 12.440	  BBias	     --	     --	  0.315	     --
[component_container-11] 	 12.440	  Sonar	     --	     --	    inf	     --
[component_container-11] 	 12.440	  Magnt	     --	     --	     --	  2.890
[component_container-11] 
[component_container-11] 	 12.470	   Pose	 -1.234	 -1.450	  4.996	  2.911
[component_container-11] 	 12.470	  Twist	  0.381	  0.195	  0.048	 -0.266
[component_container-11] 	 12.470	ErrPose	  0.505	 -0.008	 -0.039	 -0.019
[component_container-11] 	 12.470	ErrTwis	 -1.362	 -0.646	 -0.035	 -0.013
[component_container-11] 	 12.470	    GPS	 -1.134	 -1.331	  4.966	     --
[component_container-11] 	 12.470	   Baro	     --	     --	  5.266	     --
[component_container-11] 	 12.470	  BBias	     --	     --	  0.315	     --
[component_container-11] 	 12.470	  Sonar	     --	     --	    inf	     --
[component_container-11] 	 12.470	  Magnt	     --	     --	     --	  2.832
[component_container-11] 
[component_container-11] 	 12.500	   Pose	 -1.223	 -1.444	  4.998	  2.903
[component_container-11] 	 12.500	  Twist	  0.378	  0.192	  0.049	 -0.271
[component_container-11] 	 12.500	ErrPose	  0.537	 -0.006	 -0.041	 -0.022
[component_container-11] 	 12.500	ErrTwis	 -1.361	 -0.649	 -0.039	 -0.009
[component_container-11] 	 12.500	    GPS	 -1.134	 -1.331	  4.966	     --
[component_container-11] 	 12.500	   Baro	     --	     --	  5.266	     --
[component_container-11] 	 12.500	  BBias	     --	     --	  0.315	     --
[component_container-11] 	 12.500	  Sonar	     --	     --	    inf	     --
[component_container-11] 	 12.500	  Magnt	     --	     --	     --	  2.832
[component_container-11] 
[component_container-11] [INFO] [1775370734.641437405] [drone.estimator]: TMP LOG gps innov_xy=(0.577, -0.077) est_xy=(-1.219, -1.442) gps_xy=(-0.642, -1.519) corr_xy=(-0.642, -1.519) vel_xy=(0.377, 0.191)
[component_container-11] [INFO] [1775370734.642055022] [drone.estimator]: TMP LOG gps vel pseudo raw=(0.984, -0.375) filt=(0.986, -0.254) innov_v=(0.526, -0.434) apply=(1,1)
[component_container-11] 	 12.540	   Pose	 -0.946	 -1.527	  4.989	  2.891
[component_container-11] 	 12.540	  Twist	  0.558	  0.095	  0.042	 -0.282
[component_container-11] 	 12.540	ErrPose	  0.303	  0.084	 -0.033	 -0.022
[component_container-11] 	 12.540	ErrTwis	 -1.543	 -0.558	 -0.033	  0.002
[component_container-11] 	 12.540	    GPS	 -0.642	 -1.519	  4.957	     --
[component_container-11] 	 12.540	   Baro	     --	     --	  5.263	     --
[component_container-11] 	 12.540	  BBias	     --	     --	  0.315	     --
[component_container-11] 	 12.540	  Sonar	     --	     --	    inf	     --
[component_container-11] 	 12.540	  Magnt	     --	     --	     --	  2.876
[component_container-11] 
[component_container-11] 	 12.570	   Pose	 -0.929	 -1.524	  4.983	  2.882
[component_container-11] 	 12.570	  Twist	  0.554	  0.092	  0.036	 -0.278
[component_container-11] 	 12.570	ErrPose	  0.308	  0.085	 -0.028	 -0.018
[component_container-11] 	 12.570	ErrTwis	 -1.540	 -0.558	 -0.026	 -0.001
[component_container-11] 	 12.570	    GPS	 -0.642	 -1.519	  4.957	     --
[component_container-11] 	 12.570	   Baro	     --	     --	  5.215	     --
[component_container-11] 	 12.570	  BBias	     --	     --	  0.315	     --
[component_container-11] 	 12.570	  Sonar	     --	     --	    inf	     --
[component_container-11] 	 12.570	  Magnt	     --	     --	     --	  2.837
[component_container-11] 
[component_container-11] 	 12.600	   Pose	 -0.913	 -1.521	  4.984	  2.874
[component_container-11] 	 12.600	  Twist	  0.552	  0.089	  0.039	 -0.279
[component_container-11] 	 12.600	ErrPose	  0.334	  0.090	 -0.029	 -0.021
[component_container-11] 	 12.600	ErrTwis	 -1.539	 -0.561	 -0.029	 -0.001
[component_container-11] 	 12.600	    GPS	 -0.642	 -1.519	  4.957	     --
[component_container-11] 	 12.600	   Baro	     --	     --	  5.215	     --
[component_container-11] 	 12.600	  BBias	     --	     --	  0.315	     --
[component_container-11] 	 12.600	  Sonar	     --	     --	    inf	     --
[component_container-11] 	 12.600	  Magnt	     --	     --	     --	  2.837
[component_container-11] 
[component_container-11] 	 12.640	   Pose	 -0.891	 -1.518	  4.980	  2.863
[component_container-11] 	 12.640	  Twist	  0.547	  0.085	  0.036	 -0.271
[component_container-11] 	 12.640	ErrPose	  0.356	  0.093	 -0.025	 -0.022
[component_container-11] 	 12.640	ErrTwis	 -1.535	 -0.564	 -0.028	 -0.008
[component_container-11] 	 12.640	    GPS	 -0.642	 -1.519	  4.957	     --
[component_container-11] 	 12.640	   Baro	     --	     --	  5.224	     --
[component_container-11] 	 12.640	  BBias	     --	     --	  0.315	     --
[component_container-11] 	 12.640	  Sonar	     --	     --	    inf	     --
[component_container-11] 	 12.640	  Magnt	     --	     --	     --	  2.871
[component_container-11] 
[component_container-11] 	 12.670	   Pose	 -0.875	 -1.515	  4.970	  2.854
[component_container-11] 	 12.670	  Twist	  0.543	  0.083	  0.027	 -0.289
[component_container-11] 	 12.670	ErrPose	  0.361	  0.094	 -0.016	 -0.019
[component_container-11] 	 12.670	ErrTwis	 -1.531	 -0.565	 -0.019	  0.010
[component_container-11] 	 12.670	    GPS	 -0.642	 -1.519	  4.957	     --
[component_container-11] 	 12.670	   Baro	     --	     --	  5.159	     --
[component_container-11] 	 12.670	  BBias	     --	     --	  0.315	     --
[component_container-11] 	 12.670	  Sonar	     --	     --	    inf	     --
[component_container-11] 	 12.670	  Magnt	     --	     --	     --	  2.848
[component_container-11] 
[component_container-11] 	 12.700	   Pose	 -0.858	 -1.513	  4.971	  2.846
[component_container-11] 	 12.700	  Twist	  0.540	  0.080	  0.029	 -0.268
[component_container-11] 	 12.700	ErrPose	  0.389	  0.098	 -0.017	 -0.022
[component_container-11] 	 12.700	ErrTwis	 -1.527	 -0.570	 -0.019	 -0.011
[component_container-11] 	 12.700	    GPS	 -0.642	 -1.519	  4.957	     --
[component_container-11] 	 12.700	   Baro	     --	     --	  5.159	     --
[component_container-11] 	 12.700	  BBias	     --	     --	  0.315	     --
[component_container-11] 	 12.700	  Sonar	     --	     --	    inf	     --
[component_container-11] 	 12.700	  Magnt	     --	     --	     --	  2.848
[component_container-11] 
[component_container-11] 	 12.740	   Pose	 -0.837	 -1.510	  4.974	  2.835
[component_container-11] 	 12.740	  Twist	  0.536	  0.076	  0.035	 -0.287
[component_container-11] 	 12.740	ErrPose	  0.411	  0.102	 -0.021	 -0.022
[component_container-11] 	 12.740	ErrTwis	 -1.521	 -0.574	 -0.023	  0.008
[component_container-11] 	 12.740	    GPS	 -0.642	 -1.519	  4.957	     --
[component_container-11] 	 12.740	   Baro	     --	     --	  5.312	     --
[component_container-11] 	 12.740	  BBias	     --	     --	  0.315	     --
[component_container-11] 	 12.740	  Sonar	     --	     --	    inf	     --
[component_container-11] 	 12.740	  Magnt	     --	     --	     --	  2.822
[component_container-11] 
[component_container-11] 	 12.770	   Pose	 -0.821	 -1.507	  4.981	  2.827
[component_container-11] 	 12.770	  Twist	  0.533	  0.073	  0.043	 -0.261
[component_container-11] 	 12.770	ErrPose	  0.417	  0.103	 -0.028	 -0.019
[component_container-11] 	 12.770	ErrTwis	 -1.517	 -0.577	 -0.030	 -0.018
[component_container-11] 	 12.770	    GPS	 -0.642	 -1.519	  4.957	     --
[component_container-11] 	 12.770	   Baro	     --	     --	  5.354	     --
[component_container-11] 	 12.770	  BBias	     --	     --	  0.315	     --
[component_container-11] 	 12.770	  Sonar	     --	     --	    inf	     --
[component_container-11] 	 12.770	  Magnt	     --	     --	     --	  2.826
[component_container-11] 
[component_container-11] 	 12.800	   Pose	 -0.805	 -1.505	  4.982	  2.819
[component_container-11] 	 12.800	  Twist	  0.529	  0.071	  0.045	 -0.251
[component_container-11] 	 12.800	ErrPose	  0.445	  0.107	 -0.029	 -0.022
[component_container-11] 	 12.800	ErrTwis	 -1.509	 -0.585	 -0.032	 -0.028
[component_container-11] 	 12.800	    GPS	 -0.642	 -1.519	  4.957	     --
[component_container-11] 	 12.800	   Baro	     --	     --	  5.354	     --
[component_container-11] 	 12.800	  BBias	     --	     --	  0.315	     --
[component_container-11] 	 12.800	  Sonar	     --	     --	    inf	     --
[component_container-11] 	 12.800	  Magnt	     --	     --	     --	  2.826
[component_container-11] 
[component_container-11] 	 12.840	   Pose	 -0.784	 -1.502	  4.984	  2.808
[component_container-11] 	 12.840	  Twist	  0.524	  0.068	  0.048	 -0.270
[component_container-11] 	 12.840	ErrPose	  0.467	  0.111	 -0.032	 -0.023
[component_container-11] 	 12.840	ErrTwis	 -1.501	 -0.594	 -0.033	 -0.009
[component_container-11] 	 12.840	    GPS	 -0.642	 -1.519	  4.957	     --
[component_container-11] 	 12.840	   Baro	     --	     --	  5.299	     --
[component_container-11] 	 12.840	  BBias	     --	     --	  0.315	     --
[component_container-11] 	 12.840	  Sonar	     --	     --	    inf	     --
[component_container-11] 	 12.840	  Magnt	     --	     --	     --	  2.797
[component_container-11] 
[component_container-11] 	 12.870	   Pose	 -0.768	 -1.500	  4.986	  2.801
[component_container-11] 	 12.870	  Twist	  0.521	  0.065	  0.050	 -0.279
[component_container-11] 	 12.870	ErrPose	  0.474	  0.113	 -0.034	 -0.021
[component_container-11] 	 12.870	ErrTwis	 -1.495	 -0.597	 -0.036	  0.000
[component_container-11] 	 12.870	    GPS	 -0.642	 -1.519	  4.957	     --
[component_container-11] 	 12.870	   Baro	     --	     --	  5.305	     --
[component_container-11] 	 12.870	  BBias	     --	     --	  0.315	     --
[component_container-11] 	 12.870	  Sonar	     --	     --	    inf	     --
[component_container-11] 	 12.870	  Magnt	     --	     --	     --	  2.836
[component_container-11] 
[component_container-11] 	 12.900	   Pose	 -0.753	 -1.498	  4.987	  2.793
[component_container-11] 	 12.900	  Twist	  0.517	  0.063	  0.052	 -0.257
[component_container-11] 	 12.900	ErrPose	  0.502	  0.117	 -0.036	 -0.024
[component_container-11] 	 12.900	ErrTwis	 -1.488	 -0.606	 -0.038	 -0.022
[component_container-11] 	 12.900	    GPS	 -0.642	 -1.519	  4.957	     --
[component_container-11] 	 12.900	   Baro	     --	     --	  5.305	     --
[component_container-11] 	 12.900	  BBias	     --	     --	  0.315	     --
[component_container-11] 	 12.900	  Sonar	     --	     --	    inf	     --
[component_container-11] 	 12.900	  Magnt	     --	     --	     --	  2.836
[component_container-11] 
[component_container-11] 	 12.940	   Pose	 -0.732	 -1.496	  4.972	  2.782
[component_container-11] 	 12.940	  Twist	  0.513	  0.059	  0.037	 -0.277
[component_container-11] 	 12.940	ErrPose	  0.526	  0.122	 -0.021	 -0.025
[component_container-11] 	 12.940	ErrTwis	 -1.478	 -0.613	 -0.026	 -0.002
[component_container-11] 	 12.940	    GPS	 -0.642	 -1.519	  4.957	     --
[component_container-11] 	 12.940	   Baro	     --	     --	  5.113	     --
[component_container-11] 	 12.940	  BBias	     --	     --	  0.315	     --
[component_container-11] 	 12.940	  Sonar	     --	     --	    inf	     --
[component_container-11] 	 12.940	  Magnt	     --	     --	     --	  2.796
[component_container-11] 
[component_container-11] 	 12.970	   Pose	 -0.717	 -1.494	  4.974	  2.774
[component_container-11] 	 12.970	  Twist	  0.509	  0.057	  0.040	 -0.272
[component_container-11] 	 12.970	ErrPose	  0.532	  0.123	 -0.022	 -0.022
[component_container-11] 	 12.970	ErrTwis	 -1.470	 -0.616	 -0.029	 -0.007
[component_container-11] 	 12.970	    GPS	 -0.642	 -1.519	  4.957	     --
[component_container-11] 	 12.970	   Baro	     --	     --	  5.292	     --
[component_container-11] 	 12.970	  BBias	     --	     --	  0.315	     --
[component_container-11] 	 12.970	  Sonar	     --	     --	    inf	     --
[component_container-11] 	 12.970	  Magnt	     --	     --	     --	  2.767
[component_container-11] 
[component_container-11] 	 13.000	   Pose	 -0.701	 -1.493	  4.975	  2.766
[component_container-11] 	 13.000	  Twist	  0.506	  0.054	  0.042	 -0.266
[component_container-11] 	 13.000	ErrPose	  0.561	  0.128	 -0.024	 -0.025
[component_container-11] 	 13.000	ErrTwis	 -1.460	 -0.624	 -0.031	 -0.013
[component_container-11] 	 13.000	    GPS	 -0.642	 -1.519	  4.957	     --
[component_container-11] 	 13.000	   Baro	     --	     --	  5.292	     --
[component_container-11] 	 13.000	  BBias	     --	     --	  0.315	     --
[component_container-11] 	 13.000	  Sonar	     --	     --	    inf	     --
[component_container-11] 	 13.000	  Magnt	     --	     --	     --	  2.767
[component_container-11] 
[component_container-11] 	 13.040	   Pose	 -0.384	 -1.524	  4.979	  2.754
[component_container-11] 	 13.040	  Twist	  0.710	  0.021	  0.048	 -0.280
[component_container-11] 	 13.040	ErrPose	  0.287	  0.167	 -0.028	 -0.024
[component_container-11] 	 13.040	ErrTwis	 -1.657	 -0.601	 -0.038	  0.000
[component_container-11] 	 13.040	    GPS	 -0.036	 -1.543	  4.951	     --
[component_container-11] 	 13.040	   Baro	     --	     --	  5.371	     --
[component_container-11] 	 13.040	  BBias	     --	     --	  0.315	     --
[component_container-11] 	 13.040	  Sonar	     --	     --	    inf	     --
[component_container-11] 	 13.040	  Magnt	     --	     --	     --	  2.726
[component_container-11] 
[component_container-11] [INFO] [1775370735.176382216] [drone.estimator]: TMP LOG err_xyz=(0.287, 0.167, -0.028) | z_est=4.979 vz_est=0.048 bias=0.315 | gps_z=4.951 sonar=inf baro=5.371
[component_container-11] 	 13.070	   Pose	 -0.362	 -1.524	  4.993	  2.745
[component_container-11] 	 13.070	  Twist	  0.706	  0.018	  0.063	 -0.272
[component_container-11] 	 13.070	ErrPose	  0.288	  0.169	 -0.041	 -0.021
[component_container-11] 	 13.070	ErrTwis	 -1.649	 -0.604	 -0.054	 -0.007
[component_container-11] 	 13.070	    GPS	 -0.036	 -1.543	  4.951	     --
[component_container-11] 	 13.070	   Baro	     --	     --	  5.447	     --
[component_container-11] 	 13.070	  BBias	     --	     --	  0.315	     --
[component_container-11] 	 13.070	  Sonar	     --	     --	    inf	     --
[component_container-11] 	 13.070	  Magnt	     --	     --	     --	  2.699
[component_container-11] 
[component_container-11] [INFO] [1775370735.235900922] [drone.controller]: cmd_vel body=(-0.675, -0.738, -0.005) yaw=-0.300 | odom_received=true | plan_points=28
[component_container-11] 	 13.100	   Pose	 -0.341	 -1.523	  4.994	  2.737
[component_container-11] 	 13.100	  Twist	  0.703	  0.015	  0.066	 -0.266
[component_container-11] 	 13.100	ErrPose	  0.310	  0.176	 -0.043	 -0.024
[component_container-11] 	 13.100	ErrTwis	 -1.638	 -0.611	 -0.057	 -0.014
[component_container-11] 	 13.100	    GPS	 -0.036	 -1.543	  4.951	     --
[component_container-11] 	 13.100	   Baro	     --	     --	  5.447	     --
[component_container-11] 	 13.100	  BBias	     --	     --	  0.315	     --
[component_container-11] 	 13.100	  Sonar	     --	     --	    inf	     --
[component_container-11] 	 13.100	  Magnt	     --	     --	     --	  2.699
[component_container-11] 
[component_container-11] 	 13.140	   Pose	 -0.313	 -1.523	  4.995	  2.726
[component_container-11] 	 13.140	  Twist	  0.699	  0.012	  0.067	 -0.272
[component_container-11] 	 13.140	ErrPose	  0.326	  0.182	 -0.044	 -0.024
[component_container-11] 	 13.140	ErrTwis	 -1.625	 -0.617	 -0.056	 -0.007
[component_container-11] 	 13.140	    GPS	 -0.036	 -1.543	  4.951	     --
[component_container-11] 	 13.140	   Baro	     --	     --	  5.287	     --
[component_container-11] 	 13.140	  BBias	     --	     --	  0.315	     --
[component_container-11] 	 13.140	  Sonar	     --	     --	    inf	     --
[component_container-11] 	 13.140	  Magnt	     --	     --	     --	  2.731
[component_container-11] 
[component_container-11] 	 13.170	   Pose	 -0.292	 -1.522	  4.976	  2.719
[component_container-11] 	 13.170	  Twist	  0.696	  0.009	  0.048	 -0.261
[component_container-11] 	 13.170	ErrPose	  0.327	  0.185	 -0.025	 -0.022
[component_container-11] 	 13.170	ErrTwis	 -1.617	 -0.619	 -0.036	 -0.018
[component_container-11] 	 13.170	    GPS	 -0.036	 -1.543	  4.951	     --
[component_container-11] 	 13.170	   Baro	     --	     --	  5.053	     --
[component_container-11] 	 13.170	  BBias	     --	     --	  0.315	     --
[component_container-11] 	 13.170	  Sonar	     --	     --	    inf	     --
[component_container-11] 	 13.170	  Magnt	     --	     --	     --	  2.762
[component_container-11] 
[component_container-11] 	 13.200	   Pose	 -0.271	 -1.522	  4.978	  2.710
[component_container-11] 	 13.200	  Twist	  0.693	  0.007	  0.050	 -0.273
[component_container-11] 	 13.200	ErrPose	  0.350	  0.191	 -0.026	 -0.025
[component_container-11] 	 13.200	ErrTwis	 -1.604	 -0.626	 -0.039	 -0.007
[component_container-11] 	 13.200	    GPS	 -0.036	 -1.543	  4.951	     --
[component_container-11] 	 13.200	   Baro	     --	     --	  5.053	     --
[component_container-11] 	 13.200	  BBias	     --	     --	  0.315	     --
[component_container-11] 	 13.200	  Sonar	     --	     --	    inf	     --
[component_container-11] 	 13.200	  Magnt	     --	     --	     --	  2.762
[component_container-11] 
[component_container-11] 	 13.240	   Pose	 -0.244	 -1.522	  4.977	  2.700
[component_container-11] 	 13.240	  Twist	  0.688	  0.003	  0.050	 -0.271
[component_container-11] 	 13.240	ErrPose	  0.365	  0.198	 -0.026	 -0.026
[component_container-11] 	 13.240	ErrTwis	 -1.588	 -0.633	 -0.039	 -0.008
[component_container-11] 	 13.240	    GPS	 -0.036	 -1.543	  4.951	     --
[component_container-11] 	 13.240	   Baro	     --	     --	  5.264	     --
[component_container-11] 	 13.240	  BBias	     --	     --	  0.315	     --
[component_container-11] 	 13.240	  Sonar	     --	     --	    inf	     --
[component_container-11] 	 13.240	  Magnt	     --	     --	     --	  2.725
[component_container-11] 
[component_container-11] 	 13.270	   Pose	 -0.223	 -1.522	  4.978	  2.691
[component_container-11] 	 13.270	  Twist	  0.684	  0.000	  0.051	 -0.264
[component_container-11] 	 13.270	ErrPose	  0.366	  0.201	 -0.026	 -0.023
[component_container-11] 	 13.270	ErrTwis	 -1.578	 -0.636	 -0.039	 -0.016
[component_container-11] 	 13.270	    GPS	 -0.036	 -1.543	  4.951	     --
[component_container-11] 	 13.270	   Baro	     --	     --	  5.279	     --
[component_container-11] 	 13.270	  BBias	     --	     --	  0.315	     --
[component_container-11] 	 13.270	  Sonar	     --	     --	    inf	     --
[component_container-11] 	 13.270	  Magnt	     --	     --	     --	  2.651
[component_container-11] 
[component_container-11] 	 13.300	   Pose	 -0.203	 -1.522	  4.979	  2.683
[component_container-11] 	 13.300	  Twist	  0.680	 -0.003	  0.053	 -0.269
[component_container-11] 	 13.300	ErrPose	  0.389	  0.209	 -0.027	 -0.026
[component_container-11] 	 13.300	ErrTwis	 -1.563	 -0.644	 -0.039	 -0.011
[component_container-11] 	 13.300	    GPS	 -0.036	 -1.543	  4.951	     --
[component_container-11] 	 13.300	   Baro	     --	     --	  5.279	     --
[component_container-11] 	 13.300	  BBias	     --	     --	  0.315	     --
[component_container-11] 	 13.300	  Sonar	     --	     --	    inf	     --
[component_container-11] 	 13.300	  Magnt	     --	     --	     --	  2.651
[component_container-11] 
[component_container-11] 	 13.340	   Pose	 -0.176	 -1.522	  4.973	  2.672
[component_container-11] 	 13.340	  Twist	  0.676	 -0.007	  0.049	 -0.274
[component_container-11] 	 13.340	ErrPose	  0.405	  0.216	 -0.021	 -0.026
[component_container-11] 	 13.340	ErrTwis	 -1.546	 -0.651	 -0.035	 -0.005
[component_container-11] 	 13.340	    GPS	 -0.036	 -1.543	  4.951	     --
[component_container-11] 	 13.340	   Baro	     --	     --	  5.202	     --
[component_container-11] 	 13.340	  BBias	     --	     --	  0.315	     --
[component_container-11] 	 13.340	  Sonar	     --	     --	    inf	     --
[component_container-11] 	 13.340	  Magnt	     --	     --	     --	  2.654
[component_container-11] 
[component_container-11] 	 13.370	   Pose	 -0.155	 -1.522	  4.971	  2.663
[component_container-11] 	 13.370	  Twist	  0.672	 -0.010	  0.046	 -0.261
[component_container-11] 	 13.370	ErrPose	  0.406	  0.220	 -0.018	 -0.022
[component_container-11] 	 13.370	ErrTwis	 -1.536	 -0.653	 -0.034	 -0.019
[component_container-11] 	 13.370	    GPS	 -0.036	 -1.543	  4.951	     --
[component_container-11] 	 13.370	   Baro	     --	     --	  5.246	     --
[component_container-11] 	 13.370	  BBias	     --	     --	  0.315	     --
[component_container-11] 	 13.370	  Sonar	     --	     --	    inf	     --
[component_container-11] 	 13.370	  Magnt	     --	     --	     --	  2.634
[component_container-11] 
[component_container-11] 	 13.400	   Pose	 -0.135	 -1.523	  4.972	  2.655
[component_container-11] 	 13.400	  Twist	  0.668	 -0.013	  0.050	 -0.265
[component_container-11] 	 13.400	ErrPose	  0.428	  0.228	 -0.020	 -0.025
[component_container-11] 	 13.400	ErrTwis	 -1.519	 -0.661	 -0.037	 -0.014
[component_container-11] 	 13.400	    GPS	 -0.036	 -1.543	  4.951	     --
[component_container-11] 	 13.400	   Baro	     --	     --	  5.246	     --
[component_container-11] 	 13.400	  BBias	     --	     --	  0.315	     --
[component_container-11] 	 13.400	  Sonar	     --	     --	    inf	     --
[component_container-11] 	 13.400	  Magnt	     --	     --	     --	  2.634
[component_container-11] 
[component_container-11] 	 13.440	   Pose	 -0.109	 -1.523	  4.962	  2.643
[component_container-11] 	 13.440	  Twist	  0.665	 -0.017	  0.041	 -0.254
[component_container-11] 	 13.440	ErrPose	  0.444	  0.236	 -0.009	 -0.025
[component_container-11] 	 13.440	ErrTwis	 -1.501	 -0.666	 -0.027	 -0.025
[component_container-11] 	 13.440	    GPS	 -0.036	 -1.543	  4.951	     --
[component_container-11] 	 13.440	   Baro	     --	     --	  5.154	     --
[component_container-11] 	 13.440	  BBias	     --	     --	  0.315	     --
[component_container-11] 	 13.440	  Sonar	     --	     --	    inf	     --
[component_container-11] 	 13.440	  Magnt	     --	     --	     --	  2.608
[component_container-11] 
[component_container-11] 	 13.470	   Pose	 -0.089	 -1.524	  4.952	  2.634
[component_container-11] 	 13.470	  Twist	  0.662	 -0.019	  0.032	 -0.273
[component_container-11] 	 13.470	ErrPose	  0.445	  0.240	  0.001	 -0.021
[component_container-11] 	 13.470	ErrTwis	 -1.491	 -0.668	 -0.018	 -0.006
[component_container-11] 	 13.470	    GPS	 -0.036	 -1.543	  4.951	     --
[component_container-11] 	 13.470	   Baro	     --	     --	  5.149	     --
[component_container-11] 	 13.470	  BBias	     --	     --	  0.315	     --
[component_container-11] 	 13.470	  Sonar	     --	     --	    inf	     --
[component_container-11] 	 13.470	  Magnt	     --	     --	     --	  2.594
[component_container-11] 
[component_container-11] 	 13.500	   Pose	 -0.069	 -1.524	  4.953	  2.626
[component_container-11] 	 13.500	  Twist	  0.657	 -0.022	  0.035	 -0.267
[component_container-11] 	 13.500	ErrPose	  0.467	  0.249	  0.001	 -0.024
[component_container-11] 	 13.500	ErrTwis	 -1.473	 -0.674	 -0.021	 -0.013
[component_container-11] 	 13.500	    GPS	 -0.036	 -1.543	  4.951	     --
[component_container-11] 	 13.500	   Baro	     --	     --	  5.149	     --
[component_container-11] 	 13.500	  BBias	     --	     --	  0.315	     --
[component_container-11] 	 13.500	  Sonar	     --	     --	    inf	     --
[component_container-11] 	 13.500	  Magnt	     --	     --	     --	  2.594
[component_container-11] 
[component_container-11] [INFO] [1775370735.639611594] [drone.estimator]: TMP LOG gps innov_xy=(0.417, 0.210) est_xy=(-0.062, -1.525) gps_xy=(0.355, -1.315) corr_xy=(0.355, -1.315) vel_xy=(0.656, -0.023)
[component_container-11] [INFO] [1775370735.639784890] [drone.estimator]: TMP LOG gps vel pseudo raw=(0.783, 0.458) filt=(0.824, 0.405) innov_v=(0.107, 0.397) apply=(1,1)
[component_container-11] 	 13.540	   Pose	  0.105	 -1.399	  4.959	  2.615
[component_container-11] 	 13.540	  Twist	  0.734	  0.081	  0.044	 -0.271
[component_container-11] 	 13.540	ErrPose	  0.335	  0.131	 -0.004	 -0.025
[component_container-11] 	 13.540	ErrTwis	 -1.534	 -0.785	 -0.030	 -0.009
[component_container-11] 	 13.540	    GPS	  0.355	 -1.315	  4.954	     --
[component_container-11] 	 13.540	   Baro	     --	     --	  5.322	     --
[component_container-11] 	 13.540	  BBias	     --	     --	  0.315	     --
[component_container-11] 	 13.540	  Sonar	     --	     --	    inf	     --
[component_container-11] 	 13.540	  Magnt	     --	     --	     --	  2.622
[component_container-11] 
[component_container-11] 	 13.570	   Pose	  0.127	 -1.396	  4.961	  2.606
[component_container-11] 	 13.570	  Twist	  0.730	  0.077	  0.048	 -0.270
[component_container-11] 	 13.570	ErrPose	  0.334	  0.132	 -0.006	 -0.022
[component_container-11] 	 13.570	ErrTwis	 -1.523	 -0.786	 -0.032	 -0.009
[component_container-11] 	 13.570	    GPS	  0.355	 -1.315	  4.954	     --
[component_container-11] 	 13.570	   Baro	     --	     --	  5.280	     --
[component_container-11] 	 13.570	  BBias	     --	     --	  0.315	     --
[component_container-11] 	 13.570	  Sonar	     --	     --	    inf	     --
[component_container-11] 	 13.570	  Magnt	     --	     --	     --	  2.594
[component_container-11] 
[component_container-11] 	 13.600	   Pose	  0.149	 -1.394	  4.962	  2.598
[component_container-11] 	 13.600	  Twist	  0.727	  0.074	  0.051	 -0.274
[component_container-11] 	 13.600	ErrPose	  0.353	  0.138	 -0.006	 -0.025
[component_container-11] 	 13.600	ErrTwis	 -1.504	 -0.790	 -0.032	 -0.006
[component_container-11] 	 13.600	    GPS	  0.355	 -1.315	  4.954	     --
[component_container-11] 	 13.600	   Baro	     --	     --	  5.280	     --
[component_container-11] 	 13.600	  BBias	     --	     --	  0.315	     --
[component_container-11] 	 13.600	  Sonar	     --	     --	    inf	     --
[component_container-11] 	 13.600	  Magnt	     --	     --	     --	  2.594
[component_container-11] 
[component_container-11] 	 13.640	   Pose	  0.178	 -1.391	  4.955	  2.587
[component_container-11] 	 13.640	  Twist	  0.722	  0.070	  0.045	 -0.253
[component_container-11] 	 13.640	ErrPose	  0.365	  0.143	  0.002	 -0.025
[component_container-11] 	 13.640	ErrTwis	 -1.484	 -0.794	 -0.025	 -0.027
[component_container-11] 	 13.640	    GPS	  0.355	 -1.315	  4.954	     --
[component_container-11] 	 13.640	   Baro	     --	     --	  5.166	     --
[component_container-11] 	 13.640	  BBias	     --	     --	  0.315	     --
[component_container-11] 	 13.640	  Sonar	     --	     --	    inf	     --
[component_container-11] 	 13.640	  Magnt	     --	     --	     --	  2.584
[component_container-11] 
[component_container-11] 	 13.670	   Pose	  0.199	 -1.389	  4.952	  2.580
[component_container-11] 	 13.670	  Twist	  0.718	  0.068	  0.042	 -0.262
[component_container-11] 	 13.670	ErrPose	  0.364	  0.145	  0.006	 -0.023
[component_container-11] 	 13.670	ErrTwis	 -1.472	 -0.796	 -0.023	 -0.018
[component_container-11] 	 13.670	    GPS	  0.355	 -1.315	  4.954	     --
[component_container-11] 	 13.670	   Baro	     --	     --	  5.210	     --
[component_container-11] 	 13.670	  BBias	     --	     --	  0.315	     --
[component_container-11] 	 13.670	  Sonar	     --	     --	    inf	     --
[component_container-11] 	 13.670	  Magnt	     --	     --	     --	  2.604
[component_container-11] 
[component_container-11] 	 13.700	   Pose	  0.221	 -1.387	  4.953	  2.572
[component_container-11] 	 13.700	  Twist	  0.716	  0.065	  0.045	 -0.285
[component_container-11] 	 13.700	ErrPose	  0.383	  0.152	  0.005	 -0.026
[component_container-11] 	 13.700	ErrTwis	 -1.452	 -0.800	 -0.024	  0.005
[component_container-11] 	 13.700	    GPS	  0.355	 -1.315	  4.954	     --
[component_container-11] 	 13.700	   Baro	     --	     --	  5.210	     --
[component_container-11] 	 13.700	  BBias	     --	     --	  0.315	     --
[component_container-11] 	 13.700	  Sonar	     --	     --	    inf	     --
[component_container-11] 	 13.700	  Magnt	     --	     --	     --	  2.604
[component_container-11] 
[component_container-11] 	 13.740	   Pose	  0.250	 -1.385	  4.959	  2.561
[component_container-11] 	 13.740	  Twist	  0.711	  0.062	  0.053	 -0.258
[component_container-11] 	 13.740	ErrPose	  0.395	  0.158	  0.001	 -0.026
[component_container-11] 	 13.740	ErrTwis	 -1.432	 -0.803	 -0.030	 -0.021
[component_container-11] 	 13.740	    GPS	  0.355	 -1.315	  4.954	     --
[component_container-11] 	 13.740	   Baro	     --	     --	  5.311	     --
[component_container-11] 	 13.740	  BBias	     --	     --	  0.315	     --
[component_container-11] 	 13.740	  Sonar	     --	     --	    inf	     --
[component_container-11] 	 13.740	  Magnt	     --	     --	     --	  2.558
[component_container-11] 
[component_container-11] 	 13.770	   Pose	  0.271	 -1.383	  4.958	  2.552
[component_container-11] 	 13.770	  Twist	  0.708	  0.059	  0.055	 -0.261
[component_container-11] 	 13.770	ErrPose	  0.394	  0.160	  0.002	 -0.023
[component_container-11] 	 13.770	ErrTwis	 -1.420	 -0.803	 -0.031	 -0.019
[component_container-11] 	 13.770	    GPS	  0.355	 -1.315	  4.954	     --
[component_container-11] 	 13.770	   Baro	     --	     --	  5.251	     --
[component_container-11] 	 13.770	  BBias	     --	     --	  0.315	     --
[component_container-11] 	 13.770	  Sonar	     --	     --	    inf	     --
[component_container-11] 	 13.770	  Magnt	     --	     --	     --	  2.542
[component_container-11] 
[component_container-11] 	 13.800	   Pose	  0.292	 -1.381	  4.960	  2.544
[component_container-11] 	 13.800	  Twist	  0.704	  0.056	  0.058	 -0.269
[component_container-11] 	 13.800	ErrPose	  0.412	  0.167	  0.001	 -0.027
[component_container-11] 	 13.800	ErrTwis	 -1.399	 -0.806	 -0.034	 -0.011
[component_container-11] 	 13.800	    GPS	  0.355	 -1.315	  4.954	     --
[component_container-11] 	 13.800	   Baro	     --	     --	  5.251	     --
[component_container-11] 	 13.800	  BBias	     --	     --	  0.315	     --
[component_container-11] 	 13.800	  Sonar	     --	     --	    inf	     --
[component_container-11] 	 13.800	  Magnt	     --	     --	     --	  2.542
[component_container-11] 
[component_container-11] 	 13.840	   Pose	  0.320	 -1.379	  4.975	  2.532
[component_container-11] 	 13.840	  Twist	  0.700	  0.052	  0.075	 -0.261
[component_container-11] 	 13.840	ErrPose	  0.424	  0.174	 -0.013	 -0.026
[component_container-11] 	 13.840	ErrTwis	 -1.378	 -0.808	 -0.049	 -0.018
[component_container-11] 	 13.840	    GPS	  0.355	 -1.315	  4.954	     --
[component_container-11] 	 13.840	   Baro	     --	     --	  5.425	     --
[component_container-11] 	 13.840	  BBias	     --	     --	  0.315	     --
[component_container-11] 	 13.840	  Sonar	     --	     --	    inf	     --
[component_container-11] 	 13.840	  Magnt	     --	     --	     --	  2.509
[component_container-11] 
[component_container-11] 	 13.870	   Pose	  0.341	 -1.377	  4.973	  2.524
[component_container-11] 	 13.870	  Twist	  0.697	  0.050	  0.072	 -0.264
[component_container-11] 	 13.870	ErrPose	  0.422	  0.177	 -0.010	 -0.023
[component_container-11] 	 13.870	ErrTwis	 -1.366	 -0.808	 -0.045	 -0.015
[component_container-11] 	 13.870	    GPS	  0.355	 -1.315	  4.954	     --
[component_container-11] 	 13.870	   Baro	     --	     --	  5.239	     --
[component_container-11] 	 13.870	  BBias	     --	     --	  0.315	     --
[component_container-11] 	 13.870	  Sonar	     --	     --	    inf	     --
[component_container-11] 	 13.870	  Magnt	     --	     --	     --	  2.528
[component_container-11] 
[component_container-11] 	 13.900	   Pose	  0.362	 -1.376	  4.975	  2.516
[component_container-11] 	 13.900	  Twist	  0.694	  0.047	  0.074	 -0.262
[component_container-11] 	 13.900	ErrPose	  0.440	  0.185	 -0.011	 -0.027
[component_container-11] 	 13.900	ErrTwis	 -1.346	 -0.810	 -0.045	 -0.018
[component_container-11] 	 13.900	    GPS	  0.355	 -1.315	  4.954	     --
[component_container-11] 	 13.900	   Baro	     --	     --	  5.239	     --
[component_container-11] 	 13.900	  BBias	     --	     --	  0.315	     --
[component_container-11] 	 13.900	  Sonar	     --	     --	    inf	     --
[component_container-11] 	 13.900	  Magnt	     --	     --	     --	  2.528
[component_container-11] 
[component_container-11] 	 13.940	   Pose	  0.390	 -1.374	  4.959	  2.505
[component_container-11] 	 13.940	  Twist	  0.689	  0.043	  0.056	 -0.272
[component_container-11] 	 13.940	ErrPose	  0.451	  0.192	  0.007	 -0.027
[component_container-11] 	 13.940	ErrTwis	 -1.324	 -0.812	 -0.027	 -0.008
[component_container-11] 	 13.940	    GPS	  0.355	 -1.315	  4.954	     --
[component_container-11] 	 13.940	   Baro	     --	     --	  5.075	     --
[component_container-11] 	 13.940	  BBias	     --	     --	  0.315	     --
[component_container-11] 	 13.940	  Sonar	     --	     --	    inf	     --
[component_container-11] 	 13.940	  Magnt	     --	     --	     --	  2.501
[component_container-11] 
[component_container-11] 	 13.970	   Pose	  0.410	 -1.373	  4.966	  2.496
[component_container-11] 	 13.970	  Twist	  0.685	  0.041	  0.063	 -0.274
[component_container-11] 	 13.970	ErrPose	  0.450	  0.195	  0.000	 -0.023
[component_container-11] 	 13.970	ErrTwis	 -1.311	 -0.812	 -0.034	 -0.006
[component_container-11] 	 13.970	    GPS	  0.355	 -1.315	  4.954	     --
[component_container-11] 	 13.970	   Baro	     --	     --	  5.337	     --
[component_container-11] 	 13.970	  BBias	     --	     --	  0.315	     --
[component_container-11] 	 13.970	  Sonar	     --	     --	    inf	     --
[component_container-11] 	 13.970	  Magnt	     --	     --	     --	  2.450
[component_container-11] 
[component_container-11] 	 14.000	   Pose	  0.431	 -1.372	  4.968	  2.488
[component_container-11] 	 14.000	  Twist	  0.682	  0.038	  0.066	 -0.279
[component_container-11] 	 14.000	ErrPose	  0.467	  0.204	 -0.000	 -0.026
[component_container-11] 	 14.000	ErrTwis	 -1.290	 -0.814	 -0.034	 -0.001
[component_container-11] 	 14.000	    GPS	  0.355	 -1.315	  4.954	     --
[component_container-11] 	 14.000	   Baro	     --	     --	  5.337	     --
[component_container-11] 	 14.000	  BBias	     --	     --	  0.315	     --
[component_container-11] 	 14.000	  Sonar	     --	     --	    inf	     --
[component_container-11] 	 14.000	  Magnt	     --	     --	     --	  2.450
[component_container-11] 
[component_container-11] 	 14.040	   Pose	  0.506	 -1.329	  4.961	  2.476
[component_container-11] 	 14.040	  Twist	  0.687	  0.060	  0.059	 -0.269
[component_container-11] 	 14.040	ErrPose	  0.430	  0.170	  0.008	 -0.026
[component_container-11] 	 14.040	ErrTwis	 -1.277	 -0.842	 -0.026	 -0.011
[component_container-11] 	 14.040	    GPS	  0.641	 -1.271	  4.968	     --
[component_container-11] 	 14.040	   Baro	     --	     --	  5.159	     --
[component_container-11] 	 14.040	  BBias	     --	     --	  0.314	     --
[component_container-11] 	 14.040	  Sonar	     --	     --	    inf	     --
[component_container-11] 	 14.040	  Magnt	     --	     --	     --	  2.441
[component_container-11] 
[component_container-11] [INFO] [1775370736.178574074] [drone.estimator]: TMP LOG err_xyz=(0.430, 0.170, 0.008) | z_est=4.961 vz_est=0.059 bias=0.314 | gps_z=4.968 sonar=inf baro=5.159
[component_container-11] 	 14.070	   Pose	  0.527	 -1.327	  4.972	  2.468
[component_container-11] 	 14.070	  Twist	  0.683	  0.058	  0.070	 -0.264
[component_container-11] 	 14.070	ErrPose	  0.428	  0.174	 -0.002	 -0.023
[component_container-11] 	 14.070	ErrTwis	 -1.264	 -0.843	 -0.037	 -0.016
[component_container-11] 	 14.070	    GPS	  0.641	 -1.271	  4.968	     --
[component_container-11] 	 14.070	   Baro	     --	     --	  5.388	     --
[component_container-11] 	 14.070	  BBias	     --	     --	  0.315	     --
[component_container-11] 	 14.070	  Sonar	     --	     --	    inf	     --
[component_container-11] 	 14.070	  Magnt	     --	     --	     --	  2.465
[component_container-11] 
[component_container-11] [INFO] [1775370736.239047869] [drone.controller]: cmd_vel body=(-0.498, -0.867, 0.017) yaw=-0.300 | odom_received=true | plan_points=19
[component_container-11] 	 14.100	   Pose	  0.547	 -1.325	  4.974	  2.460
[component_container-11] 	 14.100	  Twist	  0.679	  0.055	  0.072	 -0.275
[component_container-11] 	 14.100	ErrPose	  0.445	  0.182	 -0.002	 -0.026
[component_container-11] 	 14.100	ErrTwis	 -1.242	 -0.845	 -0.037	 -0.004
[component_container-11] 	 14.100	    GPS	  0.641	 -1.271	  4.968	     --
[component_container-11] 	 14.100	   Baro	     --	     --	  5.388	     --
[component_container-11] 	 14.100	  BBias	     --	     --	  0.315	     --
[component_container-11] 	 14.100	  Sonar	     --	     --	    inf	     --
[component_container-11] 	 14.100	  Magnt	     --	     --	     --	  2.465
[component_container-11] 
[component_container-11] 	 14.140	   Pose	  0.574	 -1.323	  4.973	  2.449
[component_container-11] 	 14.140	  Twist	  0.675	  0.051	  0.072	 -0.265
[component_container-11] 	 14.140	ErrPose	  0.454	  0.190	 -0.000	 -0.027
[component_container-11] 	 14.140	ErrTwis	 -1.219	 -0.846	 -0.035	 -0.015
[component_container-11] 	 14.140	    GPS	  0.641	 -1.271	  4.968	     --
[component_container-11] 	 14.140	   Baro	     --	     --	  5.244	     --
[component_container-11] 	 14.140	  BBias	     --	     --	  0.315	     --
[component_container-11] 	 14.140	  Sonar	     --	     --	    inf	     --
[component_container-11] 	 14.140	  Magnt	     --	     --	     --	  2.460
[component_container-11] 
[component_container-11] 	 14.170	   Pose	  0.594	 -1.321	  4.970	  2.441
[component_container-11] 	 14.170	  Twist	  0.672	  0.048	  0.067	 -0.271
[component_container-11] 	 14.170	ErrPose	  0.453	  0.194	  0.004	 -0.024
[component_container-11] 	 14.170	ErrTwis	 -1.207	 -0.846	 -0.029	 -0.009
[component_container-11] 	 14.170	    GPS	  0.641	 -1.271	  4.968	     --
[component_container-11] 	 14.170	   Baro	     --	     --	  5.223	     --
[component_container-11] 	 14.170	  BBias	     --	     --	  0.314	     --
[component_container-11] 	 14.170	  Sonar	     --	     --	    inf	     --
[component_container-11] 	 14.170	  Magnt	     --	     --	     --	  2.433
[component_container-11] 
[component_container-11] 	 14.200	   Pose	  0.615	 -1.320	  4.972	  2.433
[component_container-11] 	 14.200	  Twist	  0.669	  0.044	  0.068	 -0.254
[component_container-11] 	 14.200	ErrPose	  0.469	  0.203	  0.004	 -0.027
[component_container-11] 	 14.200	ErrTwis	 -1.186	 -0.847	 -0.030	 -0.026
[component_container-11] 	 14.200	    GPS	  0.641	 -1.271	  4.968	     --
[component_container-11] 	 14.200	   Baro	     --	     --	  5.223	     --
[component_container-11] 	 14.200	  BBias	     --	     --	  0.314	     --
[component_container-11] 	 14.200	  Sonar	     --	     --	    inf	     --
[component_container-11] 	 14.200	  Magnt	     --	     --	     --	  2.433
[component_container-11] 
[component_container-11] 	 14.240	   Pose	  0.641	 -1.318	  4.978	  2.422
[component_container-11] 	 14.240	  Twist	  0.663	  0.040	  0.074	 -0.264
[component_container-11] 	 14.240	ErrPose	  0.479	  0.212	 -0.001	 -0.028
[component_container-11] 	 14.240	ErrTwis	 -1.162	 -0.849	 -0.035	 -0.016
[component_container-11] 	 14.240	    GPS	  0.641	 -1.271	  4.968	     --
[component_container-11] 	 14.240	   Baro	     --	     --	  5.328	     --
[component_container-11] 	 14.240	  BBias	     --	     --	  0.315	     --
[component_container-11] 	 14.240	  Sonar	     --	     --	    inf	     --
[component_container-11] 	 14.240	  Magnt	     --	     --	     --	  2.433
[component_container-11] 
[component_container-11] 	 14.270	   Pose	  0.661	 -1.317	  4.966	  2.413
[component_container-11] 	 14.270	  Twist	  0.660	  0.037	  0.061	 -0.278
[component_container-11] 	 14.270	ErrPose	  0.477	  0.216	  0.012	 -0.024
[component_container-11] 	 14.270	ErrTwis	 -1.149	 -0.848	 -0.022	 -0.002
[component_container-11] 	 14.270	    GPS	  0.641	 -1.271	  4.968	     --
[component_container-11] 	 14.270	   Baro	     --	     --	  5.124	     --
[component_container-11] 	 14.270	  BBias	     --	     --	  0.314	     --
[component_container-11] 	 14.270	  Sonar	     --	     --	    inf	     --
[component_container-11] 	 14.270	  Magnt	     --	     --	     --	  2.395
[component_container-11] 
[component_container-11] 	 14.300	   Pose	  0.681	 -1.316	  4.968	  2.405
[component_container-11] 	 14.300	  Twist	  0.657	  0.033	  0.061	 -0.270
[component_container-11] 	 14.300	ErrPose	  0.493	  0.227	  0.012	 -0.028
[component_container-11] 	 14.300	ErrTwis	 -1.127	 -0.849	 -0.021	 -0.009
[component_container-11] 	 14.300	    GPS	  0.641	 -1.271	  4.968	     --
[component_container-11] 	 14.300	   Baro	     --	     --	  5.124	     --
[component_container-11] 	 14.300	  BBias	     --	     --	  0.314	     --
[component_container-11] 	 14.300	  Sonar	     --	     --	    inf	     --
[component_container-11] 	 14.300	  Magnt	     --	     --	     --	  2.395
[component_container-11] 
[component_container-11] 	 14.340	   Pose	  0.707	 -1.315	  4.985	  2.393
[component_container-11] 	 14.340	  Twist	  0.652	  0.029	  0.079	 -0.265
[component_container-11] 	 14.340	ErrPose	  0.502	  0.237	 -0.004	 -0.027
[component_container-11] 	 14.340	ErrTwis	 -1.105	 -0.849	 -0.038	 -0.015
[component_container-11] 	 14.340	    GPS	  0.641	 -1.271	  4.968	     --
[component_container-11] 	 14.340	   Baro	     --	     --	  5.447	     --
[component_container-11] 	 14.340	  BBias	     --	     --	  0.315	     --
[component_container-11] 	 14.340	  Sonar	     --	     --	    inf	     --
[component_container-11] 	 14.340	  Magnt	     --	     --	     --	  2.334
[component_container-11] 
[component_container-11] 	 14.370	   Pose	  0.726	 -1.314	  4.984	  2.385
[component_container-11] 	 14.370	  Twist	  0.649	  0.026	  0.076	 -0.280
[component_container-11] 	 14.370	ErrPose	  0.500	  0.242	 -0.002	 -0.024
[component_container-11] 	 14.370	ErrTwis	 -1.092	 -0.848	 -0.036	 -0.000
[component_container-11] 	 14.370	    GPS	  0.641	 -1.271	  4.968	     --
[component_container-11] 	 14.370	   Baro	     --	     --	  5.259	     --
[component_container-11] 	 14.370	  BBias	     --	     --	  0.314	     --
[component_container-11] 	 14.370	  Sonar	     --	     --	    inf	     --
[component_container-11] 	 14.370	  Magnt	     --	     --	     --	  2.365
[component_container-11] 
[component_container-11] 	 14.400	   Pose	  0.746	 -1.313	  4.986	  2.377
[component_container-11] 	 14.400	  Twist	  0.646	  0.023	  0.077	 -0.254
[component_container-11] 	 14.400	ErrPose	  0.516	  0.253	 -0.002	 -0.027
[component_container-11] 	 14.400	ErrTwis	 -1.071	 -0.849	 -0.037	 -0.025
[component_container-11] 	 14.400	    GPS	  0.641	 -1.271	  4.968	     --
[component_container-11] 	 14.400	   Baro	     --	     --	  5.259	     --
[component_container-11] 	 14.400	  BBias	     --	     --	  0.314	     --
[component_container-11] 	 14.400	  Sonar	     --	     --	    inf	     --
[component_container-11] 	 14.400	  Magnt	     --	     --	     --	  2.365
[component_container-11] 
[component_container-11] 	 14.440	   Pose	  0.772	 -1.313	  4.991	  2.365
[component_container-11] 	 14.440	  Twist	  0.641	  0.018	  0.081	 -0.253
[component_container-11] 	 14.440	ErrPose	  0.525	  0.264	 -0.006	 -0.026
[component_container-11] 	 14.440	ErrTwis	 -1.048	 -0.848	 -0.040	 -0.027
[component_container-11] 	 14.440	    GPS	  0.641	 -1.271	  4.968	     --
[component_container-11] 	 14.440	   Baro	     --	     --	  5.326	     --
[component_container-11] 	 14.440	  BBias	     --	     --	  0.314	     --
[component_container-11] 	 14.440	  Sonar	     --	     --	    inf	     --
[component_container-11] 	 14.440	  Magnt	     --	     --	     --	  2.332
[component_container-11] 
[component_container-11] 	 14.470	   Pose	  0.791	 -1.312	  4.985	  2.357
[component_container-11] 	 14.470	  Twist	  0.638	  0.014	  0.073	 -0.260
[component_container-11] 	 14.470	ErrPose	  0.523	  0.269	  0.001	 -0.024
[component_container-11] 	 14.470	ErrTwis	 -1.036	 -0.846	 -0.032	 -0.020
[component_container-11] 	 14.470	    GPS	  0.641	 -1.271	  4.968	     --
[component_container-11] 	 14.470	   Baro	     --	     --	  5.208	     --
[component_container-11] 	 14.470	  BBias	     --	     --	  0.314	     --
[component_container-11] 	 14.470	  Sonar	     --	     --	    inf	     --
[component_container-11] 	 14.470	  Magnt	     --	     --	     --	  2.352
[component_container-11] 
[component_container-11] 	 14.500	   Pose	  0.810	 -1.312	  4.987	  2.349
[component_container-11] 	 14.500	  Twist	  0.634	  0.011	  0.073	 -0.274
[component_container-11] 	 14.500	ErrPose	  0.539	  0.281	  0.000	 -0.027
[component_container-11] 	 14.500	ErrTwis	 -1.014	 -0.846	 -0.033	 -0.006
[component_container-11] 	 14.500	    GPS	  0.641	 -1.271	  4.968	     --
[component_container-11] 	 14.500	   Baro	     --	     --	  5.208	     --
[component_container-11] 	 14.500	  BBias	     --	     --	  0.314	     --
[component_container-11] 	 14.500	  Sonar	     --	     --	    inf	     --
[component_container-11] 	 14.500	  Magnt	     --	     --	     --	  2.352
[component_container-11] 
[component_container-11] [INFO] [1775370736.644836522] [drone.estimator]: TMP LOG gps innov_xy=(0.566, 0.251) est_xy=(0.816, -1.312) gps_xy=(1.382, -1.061) corr_xy=(1.382, -1.061) vel_xy=(0.633, 0.010)
[component_container-11] [INFO] [1775370736.644968533] [drone.estimator]: TMP LOG gps vel pseudo raw=(1.482, 0.422) filt=(1.393, 0.391) innov_v=(0.678, 0.345) apply=(1,1)
[component_container-11] 	 14.540	   Pose	  1.118	 -1.179	  4.986	  2.338
[component_container-11] 	 14.540	  Twist	  0.842	  0.109	  0.070	 -0.249
[component_container-11] 	 14.540	ErrPose	  0.265	  0.162	  0.003	 -0.028
[component_container-11] 	 14.540	ErrTwis	 -1.204	 -0.947	 -0.030	 -0.031
[component_container-11] 	 14.540	    GPS	  1.382	 -1.061	  4.988	     --
[component_container-11] 	 14.540	   Baro	     --	     --	  5.252	     --
[component_container-11] 	 14.540	  BBias	     --	     --	  0.314	     --
[component_container-11] 	 14.540	  Sonar	     --	     --	    inf	     --
[component_container-11] 	 14.540	  Magnt	     --	     --	     --	  2.334
[component_container-11] 
[component_container-11] 	 14.570	   Pose	  1.143	 -1.176	  4.984	  2.329
[component_container-11] 	 14.570	  Twist	  0.838	  0.105	  0.067	 -0.273
[component_container-11] 	 14.570	ErrPose	  0.257	  0.165	  0.006	 -0.024
[component_container-11] 	 14.570	ErrTwis	 -1.191	 -0.945	 -0.027	 -0.007
[component_container-11] 	 14.570	    GPS	  1.382	 -1.061	  4.988	     --
[component_container-11] 	 14.570	   Baro	     --	     --	  5.244	     --
[component_container-11] 	 14.570	  BBias	     --	     --	  0.314	     --
[component_container-11] 	 14.570	  Sonar	     --	     --	    inf	     --
[component_container-11] 	 14.570	  Magnt	     --	     --	     --	  2.270
[component_container-11] 
[component_container-11] 	 14.600	   Pose	  1.168	 -1.173	  4.986	  2.321
[component_container-11] 	 14.600	  Twist	  0.834	  0.101	  0.067	 -0.259
[component_container-11] 	 14.600	ErrPose	  0.266	  0.175	  0.005	 -0.027
[component_container-11] 	 14.600	ErrTwis	 -1.169	 -0.944	 -0.027	 -0.020
[component_container-11] 	 14.600	    GPS	  1.382	 -1.061	  4.988	     --
[component_container-11] 	 14.600	   Baro	     --	     --	  5.244	     --
[component_container-11] 	 14.600	  BBias	     --	     --	  0.314	     --
[component_container-11] 	 14.600	  Sonar	     --	     --	    inf	     --
[component_container-11] 	 14.600	  Magnt	     --	     --	     --	  2.270
[component_container-11] 
[component_container-11] 	 14.640	   Pose	  1.201	 -1.169	  4.981	  2.308
[component_container-11] 	 14.640	  Twist	  0.830	  0.096	  0.061	 -0.267
[component_container-11] 	 14.640	ErrPose	  0.266	  0.184	  0.011	 -0.026
[component_container-11] 	 14.640	ErrTwis	 -1.148	 -0.943	 -0.021	 -0.012
[component_container-11] 	 14.640	    GPS	  1.382	 -1.061	  4.988	     --
[component_container-11] 	 14.640	   Baro	     --	     --	  5.209	     --
[component_container-11] 	 14.640	  BBias	     --	     --	  0.314	     --
[component_container-11] 	 14.640	  Sonar	     --	     --	    inf	     --
[component_container-11] 	 14.640	  Magnt	     --	     --	     --	  2.248
[component_container-11] 
[component_container-11] 	 14.670	   Pose	  1.226	 -1.166	  4.994	  2.300
[component_container-11] 	 14.670	  Twist	  0.827	  0.092	  0.074	 -0.258
[component_container-11] 	 14.670	ErrPose	  0.258	  0.188	 -0.001	 -0.023
[component_container-11] 	 14.670	ErrTwis	 -1.136	 -0.941	 -0.033	 -0.022
[component_container-11] 	 14.670	    GPS	  1.382	 -1.061	  4.988	     --
[component_container-11] 	 14.670	   Baro	     --	     --	  5.432	     --
[component_container-11] 	 14.670	  BBias	     --	     --	  0.314	     --
[component_container-11] 	 14.670	  Sonar	     --	     --	    inf	     --
[component_container-11] 	 14.670	  Magnt	     --	     --	     --	  2.293
[component_container-11] 
[component_container-11] 	 14.700	   Pose	  1.251	 -1.163	  4.996	  2.292
[component_container-11] 	 14.700	  Twist	  0.823	  0.089	  0.076	 -0.265
[component_container-11] 	 14.700	ErrPose	  0.267	  0.198	 -0.002	 -0.026
[component_container-11] 	 14.700	ErrTwis	 -1.114	 -0.940	 -0.035	 -0.014
[component_container-11] 	 14.700	    GPS	  1.382	 -1.061	  4.988	     --
[component_container-11] 	 14.700	   Baro	     --	     --	  5.432	     --
[component_container-11] 	 14.700	  BBias	     --	     --	  0.314	     --
[component_container-11] 	 14.700	  Sonar	     --	     --	    inf	     --
[component_container-11] 	 14.700	  Magnt	     --	     --	     --	  2.293
[component_container-11] 
[component_container-11] 	 14.740	   Pose	  1.284	 -1.160	  4.997	  2.281
[component_container-11] 	 14.740	  Twist	  0.819	  0.084	  0.075	 -0.277
[component_container-11] 	 14.740	ErrPose	  0.267	  0.209	 -0.001	 -0.026
[component_container-11] 	 14.740	ErrTwis	 -1.093	 -0.939	 -0.033	 -0.003
[component_container-11] 	 14.740	    GPS	  1.382	 -1.061	  4.988	     --
[component_container-11] 	 14.740	   Baro	     --	     --	  5.283	     --
[component_container-11] 	 14.740	  BBias	     --	     --	  0.314	     --
[component_container-11] 	 14.740	  Sonar	     --	     --	    inf	     --
[component_container-11] 	 14.740	  Magnt	     --	     --	     --	  2.285
[component_container-11] 
[component_container-11] 	 14.770	   Pose	  1.308	 -1.158	  4.999	  2.271
[component_container-11] 	 14.770	  Twist	  0.815	  0.080	  0.075	 -0.275
[component_container-11] 	 14.770	ErrPose	  0.259	  0.213	 -0.002	 -0.022
[component_container-11] 	 14.770	ErrTwis	 -1.081	 -0.936	 -0.033	 -0.005
[component_container-11] 	 14.770	    GPS	  1.382	 -1.061	  4.988	     --
[component_container-11] 	 14.770	   Baro	     --	     --	  5.306	     --
[component_container-11] 	 14.770	  BBias	     --	     --	  0.314	     --
[component_container-11] 	 14.770	  Sonar	     --	     --	    inf	     --
[component_container-11] 	 14.770	  Magnt	     --	     --	     --	  2.221
[component_container-11] 
[component_container-11] 	 14.800	   Pose	  1.332	 -1.155	  5.001	  2.263
[component_container-11] 	 14.800	  Twist	  0.812	  0.077	  0.076	 -0.268
[component_container-11] 	 14.800	ErrPose	  0.267	  0.225	 -0.003	 -0.025
[component_container-11] 	 14.800	ErrTwis	 -1.061	 -0.936	 -0.034	 -0.012
[component_container-11] 	 14.800	    GPS	  1.382	 -1.061	  4.988	     --
[component_container-11] 	 14.800	   Baro	     --	     --	  5.306	     --
[component_container-11] 	 14.800	  BBias	     --	     --	  0.314	     --
[component_container-11] 	 14.800	  Sonar	     --	     --	    inf	     --
[component_container-11] 	 14.800	  Magnt	     --	     --	     --	  2.221
[component_container-11] 
[component_container-11] 	 14.840	   Pose	  1.365	 -1.152	  4.996	  2.251
[component_container-11] 	 14.840	  Twist	  0.807	  0.072	  0.069	 -0.260
[component_container-11] 	 14.840	ErrPose	  0.267	  0.236	  0.004	 -0.024
[component_container-11] 	 14.840	ErrTwis	 -1.038	 -0.934	 -0.027	 -0.019
[component_container-11] 	 14.840	    GPS	  1.382	 -1.061	  4.988	     --
[component_container-11] 	 14.840	   Baro	     --	     --	  5.219	     --
[component_container-11] 	 14.840	  BBias	     --	     --	  0.314	     --
[component_container-11] 	 14.840	  Sonar	     --	     --	    inf	     --
[component_container-11] 	 14.840	  Magnt	     --	     --	     --	  2.199
[component_container-11] 
[component_container-11] 	 14.870	   Pose	  1.389	 -1.150	  4.995	  2.242
[component_container-11] 	 14.870	  Twist	  0.804	  0.068	  0.066	 -0.264
[component_container-11] 	 14.870	ErrPose	  0.260	  0.241	  0.005	 -0.021
[component_container-11] 	 14.870	ErrTwis	 -1.027	 -0.932	 -0.024	 -0.016
[component_container-11] 	 14.870	    GPS	  1.382	 -1.061	  4.988	     --
[component_container-11] 	 14.870	   Baro	     --	     --	  5.284	     --
[component_container-11] 	 14.870	  BBias	     --	     --	  0.314	     --
[component_container-11] 	 14.870	  Sonar	     --	     --	    inf	     --
[component_container-11] 	 14.870	  Magnt	     --	     --	     --	  2.197
[component_container-11] 
[component_container-11] 	 14.900	   Pose	  1.413	 -1.148	  4.997	  2.234
[component_container-11] 	 14.900	  Twist	  0.800	  0.064	  0.067	 -0.280
[component_container-11] 	 14.900	ErrPose	  0.268	  0.254	  0.004	 -0.024
[component_container-11] 	 14.900	ErrTwis	 -1.007	 -0.930	 -0.025	  0.000
[component_container-11] 	 14.900	    GPS	  1.382	 -1.061	  4.988	     --
[component_container-11] 	 14.900	   Baro	     --	     --	  5.284	     --
[component_container-11] 	 14.900	  BBias	     --	     --	  0.314	     --
[component_container-11] 	 14.900	  Sonar	     --	     --	    inf	     --
[component_container-11] 	 14.900	  Magnt	     --	     --	     --	  2.197
[component_container-11] 
[component_container-11] 	 14.940	   Pose	  1.445	 -1.146	  5.013	  2.222
[component_container-11] 	 14.940	  Twist	  0.795	  0.058	  0.080	 -0.281
[component_container-11] 	 14.940	ErrPose	  0.268	  0.266	 -0.010	 -0.023
[component_container-11] 	 14.940	ErrTwis	 -0.985	 -0.928	 -0.039	  0.001
[component_container-11] 	 14.940	    GPS	  1.382	 -1.061	  4.988	     --
[component_container-11] 	 14.940	   Baro	     --	     --	  5.449	     --
[component_container-11] 	 14.940	  BBias	     --	     --	  0.314	     --
[component_container-11] 	 14.940	  Sonar	     --	     --	    inf	     --
[component_container-11] 	 14.940	  Magnt	     --	     --	     --	  2.216
[component_container-11] 
[component_container-11] 	 14.970	   Pose	  1.469	 -1.144	  5.015	  2.213
[component_container-11] 	 14.970	  Twist	  0.791	  0.055	  0.082	 -0.280
[component_container-11] 	 14.970	ErrPose	  0.261	  0.272	 -0.012	 -0.020
[component_container-11] 	 14.970	ErrTwis	 -0.973	 -0.926	 -0.040	  0.000
[component_container-11] 	 14.970	    GPS	  1.382	 -1.061	  4.988	     --
[component_container-11] 	 14.970	   Baro	     --	     --	  5.332	     --
[component_container-11] 	 14.970	  BBias	     --	     --	  0.314	     --
[component_container-11] 	 14.970	  Sonar	     --	     --	    inf	     --
[component_container-11] 	 14.970	  Magnt	     --	     --	     --	  2.195
[component_container-11] 
[component_container-11] 	 15.000	   Pose	  1.492	 -1.142	  5.018	  2.205
[component_container-11] 	 15.000	  Twist	  0.788	  0.052	  0.082	 -0.270
[component_container-11] 	 15.000	ErrPose	  0.269	  0.286	 -0.013	 -0.023
[component_container-11] 	 15.000	ErrTwis	 -0.952	 -0.926	 -0.041	 -0.010
[component_container-11] 	 15.000	    GPS	  1.382	 -1.061	  4.988	     --
[component_container-11] 	 15.000	   Baro	     --	     --	  5.332	     --
[component_container-11] 	 15.000	  BBias	     --	     --	  0.314	     --
[component_container-11] 	 15.000	  Sonar	     --	     --	    inf	     --
[component_container-11] 	 15.000	  Magnt	     --	     --	     --	  2.195
[component_container-11] 
[component_container-11] 	 15.040	   Pose	  1.633	 -1.083	  5.015	  2.194
[component_container-11] 	 15.040	  Twist	  0.842	  0.083	  0.076	 -0.274
[component_container-11] 	 15.040	ErrPose	  0.161	  0.242	 -0.009	 -0.023
[component_container-11] 	 15.040	ErrTwis	 -0.991	 -0.959	 -0.034	 -0.006
[component_container-11] 	 15.040	    GPS	  1.808	 -0.999	  5.005	     --
[component_container-11] 	 15.040	   Baro	     --	     --	  5.277	     --
[component_container-11] 	 15.040	  BBias	     --	     --	  0.314	     --
[component_container-11] 	 15.040	  Sonar	     --	     --	    inf	     --
[component_container-11] 	 15.040	  Magnt	     --	     --	     --	  2.195
[component_container-11] 
[component_container-11] [INFO] [1775370737.183364319] [drone.estimator]: TMP LOG err_xyz=(0.161, 0.242, -0.009) | z_est=5.015 vz_est=0.076 bias=0.314 | gps_z=5.005 sonar=inf baro=5.277
[component_container-11] 	 15.070	   Pose	  1.658	 -1.081	  5.032	  2.185
[component_container-11] 	 15.070	  Twist	  0.839	  0.079	  0.091	 -0.266
[component_container-11] 	 15.070	ErrPose	  0.152	  0.247	 -0.026	 -0.020
[component_container-11] 	 15.070	ErrTwis	 -0.979	 -0.957	 -0.050	 -0.014
[component_container-11] 	 15.070	    GPS	  1.808	 -0.999	  5.005	     --
[component_container-11] 	 15.070	   Baro	     --	     --	  5.522	     --
[component_container-11] 	 15.070	  BBias	     --	     --	  0.315	     --
[component_container-11] 	 15.070	  Sonar	     --	     --	    inf	     --
[component_container-11] 	 15.070	  Magnt	     --	     --	     --	  2.158
[component_container-11] 
[component_container-11] [INFO] [1775370737.243330661] [drone.controller]: cmd_vel body=(-0.091, -0.775, -0.032) yaw=-0.300 | odom_received=true | plan_points=10
[component_container-11] 	 15.100	   Pose	  1.683	 -1.078	  5.035	  2.177
[component_container-11] 	 15.100	  Twist	  0.835	  0.075	  0.090	 -0.273
[component_container-11] 	 15.100	ErrPose	  0.159	  0.261	 -0.027	 -0.024
[component_container-11] 	 15.100	ErrTwis	 -0.960	 -0.956	 -0.051	 -0.007
[component_container-11] 	 15.100	    GPS	  1.808	 -0.999	  5.005	     --
[component_container-11] 	 15.100	   Baro	     --	     --	  5.522	     --
[component_container-11] 	 15.100	  BBias	     --	     --	  0.315	     --
[component_container-11] 	 15.100	  Sonar	     --	     --	    inf	     --
[component_container-11] 	 15.100	  Magnt	     --	     --	     --	  2.158
[component_container-11] 
[component_container-11] 	 15.140	   Pose	  1.716	 -1.075	  5.024	  2.166
[component_container-11] 	 15.140	  Twist	  0.830	  0.070	  0.076	 -0.263
[component_container-11] 	 15.140	ErrPose	  0.157	  0.274	 -0.016	 -0.024
[component_container-11] 	 15.140	ErrTwis	 -0.939	 -0.954	 -0.040	 -0.017
[component_container-11] 	 15.140	    GPS	  1.808	 -0.999	  5.005	     --
[component_container-11] 	 15.140	   Baro	     --	     --	  5.177	     --
[component_container-11] 	 15.140	  BBias	     --	     --	  0.314	     --
[component_container-11] 	 15.140	  Sonar	     --	     --	    inf	     --
[component_container-11] 	 15.140	  Magnt	     --	     --	     --	  2.154
[component_container-11] 
[component_container-11] 	 15.170	   Pose	  1.741	 -1.073	  5.021	  2.159
[component_container-11] 	 15.170	  Twist	  0.827	  0.066	  0.070	 -0.266
[component_container-11] 	 15.170	ErrPose	  0.148	  0.280	 -0.012	 -0.022
[component_container-11] 	 15.170	ErrTwis	 -0.927	 -0.951	 -0.035	 -0.013
[component_container-11] 	 15.170	    GPS	  1.808	 -0.999	  5.005	     --
[component_container-11] 	 15.170	   Baro	     --	     --	  5.272	     --
[component_container-11] 	 15.170	  BBias	     --	     --	  0.314	     --
[component_container-11] 	 15.170	  Sonar	     --	     --	    inf	     --
[component_container-11] 	 15.170	  Magnt	     --	     --	     --	  2.190
[component_container-11] 
[component_container-11] 	 15.200	   Pose	  1.766	 -1.072	  5.023	  2.151
[component_container-11] 	 15.200	  Twist	  0.825	  0.062	  0.070	 -0.290
[component_container-11] 	 15.200	ErrPose	  0.155	  0.295	 -0.014	 -0.025
[component_container-11] 	 15.200	ErrTwis	 -0.910	 -0.947	 -0.041	  0.011
[component_container-11] 	 15.200	    GPS	  1.808	 -0.999	  5.005	     --
[component_container-11] 	 15.200	   Baro	     --	     --	  5.272	     --
[component_container-11] 	 15.200	  BBias	     --	     --	  0.314	     --
[component_container-11] 	 15.200	  Sonar	     --	     --	    inf	     --
[component_container-11] 	 15.200	  Magnt	     --	     --	     --	  2.190
[component_container-11] 
[component_container-11] 	 15.240	   Pose	  1.799	 -1.069	  5.025	  2.138
[component_container-11] 	 15.240	  Twist	  0.821	  0.057	  0.069	 -0.265
[component_container-11] 	 15.240	ErrPose	  0.153	  0.309	 -0.015	 -0.023
[component_container-11] 	 15.240	ErrTwis	 -0.890	 -0.942	 -0.047	 -0.014
[component_container-11] 	 15.240	    GPS	  1.808	 -0.999	  5.005	     --
[component_container-11] 	 15.240	   Baro	     --	     --	  5.323	     --
[component_container-11] 	 15.240	  BBias	     --	     --	  0.314	     --
[component_container-11] 	 15.240	  Sonar	     --	     --	    inf	     --
[component_container-11] 	 15.240	  Magnt	     --	     --	     --	  2.078
[component_container-11] 
[component_container-11] 	 15.270	   Pose	  1.823	 -1.067	  5.022	  2.130
[component_container-11] 	 15.270	  Twist	  0.817	  0.054	  0.065	 -0.252
[component_container-11] 	 15.270	ErrPose	  0.144	  0.315	 -0.011	 -0.021
[component_container-11] 	 15.270	ErrTwis	 -0.879	 -0.937	 -0.047	 -0.027
[component_container-11] 	 15.270	    GPS	  1.808	 -0.999	  5.005	     --
[component_container-11] 	 15.270	   Baro	     --	     --	  5.280	     --
[component_container-11] 	 15.270	  BBias	     --	     --	  0.314	     --
[component_container-11] 	 15.270	  Sonar	     --	     --	    inf	     --
[component_container-11] 	 15.270	  Magnt	     --	     --	     --	  2.112
[component_container-11] 
[component_container-11] 	 15.300	   Pose	  1.848	 -1.066	  5.024	  2.122
[component_container-11] 	 15.300	  Twist	  0.814	  0.049	  0.066	 -0.271
[component_container-11] 	 15.300	ErrPose	  0.151	  0.330	 -0.013	 -0.024
[component_container-11] 	 15.300	ErrTwis	 -0.860	 -0.928	 -0.052	 -0.008
[component_container-11] 	 15.300	    GPS	  1.808	 -0.999	  5.005	     --
[component_container-11] 	 15.300	   Baro	     --	     --	  5.280	     --
[component_container-11] 	 15.300	  BBias	     --	     --	  0.314	     --
[component_container-11] 	 15.300	  Sonar	     --	     --	    inf	     --
[component_container-11] 	 15.300	  Magnt	     --	     --	     --	  2.112
[component_container-11] 
[component_container-11] 	 15.340	   Pose	  1.880	 -1.064	  5.017	  2.111
[component_container-11] 	 15.340	  Twist	  0.809	  0.044	  0.057	 -0.261
[component_container-11] 	 15.340	ErrPose	  0.149	  0.345	 -0.005	 -0.024
[component_container-11] 	 15.340	ErrTwis	 -0.841	 -0.917	 -0.045	 -0.018
[component_container-11] 	 15.340	    GPS	  1.808	 -0.999	  5.005	     --
[component_container-11] 	 15.340	   Baro	     --	     --	  5.228	     --
[component_container-11] 	 15.340	  BBias	     --	     --	  0.314	     --
[component_container-11] 	 15.340	  Sonar	     --	     --	    inf	     --
[component_container-11] 	 15.340	  Magnt	     --	     --	     --	  2.103
[component_container-11] 
[component_container-11] 	 15.370	   Pose	  1.905	 -1.063	  5.012	  2.102
[component_container-11] 	 15.370	  Twist	  0.806	  0.041	  0.052	 -0.276
[component_container-11] 	 15.370	ErrPose	  0.140	  0.352	 -0.000	 -0.021
[component_container-11] 	 15.370	ErrTwis	 -0.831	 -0.910	 -0.040	 -0.003
[component_container-11] 	 15.370	    GPS	  1.808	 -0.999	  5.005	     --
[component_container-11] 	 15.370	   Baro	     --	     --	  5.262	     --
[component_container-11] 	 15.370	  BBias	     --	     --	  0.314	     --
[component_container-11] 	 15.370	  Sonar	     --	     --	    inf	     --
[component_container-11] 	 15.370	  Magnt	     --	     --	     --	  2.067
[component_container-11] 
[component_container-11] 	 15.400	   Pose	  1.929	 -1.062	  5.014	  2.094
[component_container-11] 	 15.400	  Twist	  0.802	  0.037	  0.053	 -0.272
[component_container-11] 	 15.400	ErrPose	  0.146	  0.367	 -0.001	 -0.024
[component_container-11] 	 15.400	ErrTwis	 -0.813	 -0.900	 -0.042	 -0.007
[component_container-11] 	 15.400	    GPS	  1.808	 -0.999	  5.005	     --
[component_container-11] 	 15.400	   Baro	     --	     --	  5.262	     --
[component_container-11] 	 15.400	  BBias	     --	     --	  0.314	     --
[component_container-11] 	 15.400	  Sonar	     --	     --	    inf	     --
[component_container-11] 	 15.400	  Magnt	     --	     --	     --	  2.067
[component_container-11] 
[component_container-11] 	 15.440	   Pose	  1.961	 -1.060	  5.026	  2.082
[component_container-11] 	 15.440	  Twist	  0.798	  0.032	  0.065	 -0.264
[component_container-11] 	 15.440	ErrPose	  0.143	  0.383	 -0.013	 -0.023
[component_container-11] 	 15.440	ErrTwis	 -0.794	 -0.888	 -0.056	 -0.015
[component_container-11] 	 15.440	    GPS	  1.808	 -0.999	  5.005	     --
[component_container-11] 	 15.440	   Baro	     --	     --	  5.442	     --
[component_container-11] 	 15.440	  BBias	     --	     --	  0.314	     --
[component_container-11] 	 15.440	  Sonar	     --	     --	    inf	     --
[component_container-11] 	 15.440	  Magnt	     --	     --	     --	  2.025
[component_container-11] 
[component_container-11] 	 15.470	   Pose	  1.985	 -1.059	  5.030	  2.074
[component_container-11] 	 15.470	  Twist	  0.796	  0.029	  0.068	 -0.262
[component_container-11] 	 15.470	ErrPose	  0.134	  0.390	 -0.017	 -0.020
[component_container-11] 	 15.470	ErrTwis	 -0.785	 -0.881	 -0.060	 -0.018
[component_container-11] 	 15.470	    GPS	  1.808	 -0.999	  5.005	     --
[component_container-11] 	 15.470	   Baro	     --	     --	  5.363	     --
[component_container-11] 	 15.470	  BBias	     --	     --	  0.314	     --
[component_container-11] 	 15.470	  Sonar	     --	     --	    inf	     --
[component_container-11] 	 15.470	  Magnt	     --	     --	     --	  2.078
[component_container-11] 
[component_container-11] 	 15.500	   Pose	  2.008	 -1.059	  5.032	  2.066
[component_container-11] 	 15.500	  Twist	  0.792	  0.024	  0.070	 -0.266
[component_container-11] 	 15.500	ErrPose	  0.139	  0.406	 -0.018	 -0.023
[component_container-11] 	 15.500	ErrTwis	 -0.769	 -0.868	 -0.064	 -0.014
[component_container-11] 	 15.500	    GPS	  1.808	 -0.999	  5.005	     --
[component_container-11] 	 15.500	   Baro	     --	     --	  5.363	     --
[component_container-11] 	 15.500	  BBias	     --	     --	  0.314	     --
[component_container-11] 	 15.500	  Sonar	     --	     --	    inf	     --
[component_container-11] 	 15.500	  Magnt	     --	     --	     --	  2.078
[component_container-11] 
[component_container-11] [INFO] [1775370737.647495546] [drone.estimator]: TMP LOG gps innov_xy=(0.396, 0.255) est_xy=(2.016, -1.058) gps_xy=(2.412, -0.803) corr_xy=(2.412, -0.803) vel_xy=(0.792, 0.023)
[component_container-11] [INFO] [1775370737.647933324] [drone.estimator]: TMP LOG gps vel pseudo raw=(1.208, 0.391) filt=(1.178, 0.367) innov_v=(0.328, 0.307) apply=(1,1)
[component_container-11] 	 15.540	   Pose	  2.215	 -0.930	  5.036	  2.054
[component_container-11] 	 15.540	  Twist	  0.908	  0.115	  0.072	 -0.277
[component_container-11] 	 15.540	ErrPose	 -0.038	  0.294	 -0.021	 -0.023
[component_container-11] 	 15.540	ErrTwis	 -0.872	 -0.950	 -0.068	 -0.002
[component_container-11] 	 15.540	    GPS	  2.412	 -0.803	  5.014	     --
[component_container-11] 	 15.540	   Baro	     --	     --	  5.393	     --
[component_container-11] 	 15.540	  BBias	     --	     --	  0.314	     --
[component_container-11] 	 15.540	  Sonar	     --	     --	    inf	     --
[component_container-11] 	 15.540	  Magnt	     --	     --	     --	  2.043
[component_container-11] 
[component_container-11] 	 15.570	   Pose	  2.242	 -0.927	  5.028	  2.045
[component_container-11] 	 15.570	  Twist	  0.905	  0.112	  0.063	 -0.272
[component_container-11] 	 15.570	ErrPose	 -0.051	  0.299	 -0.014	 -0.019
[component_container-11] 	 15.570	ErrTwis	 -0.862	 -0.941	 -0.060	 -0.008
[component_container-11] 	 15.570	    GPS	  2.412	 -0.803	  5.014	     --
[component_container-11] 	 15.570	   Baro	     --	     --	  5.234	     --
[component_container-11] 	 15.570	  BBias	     --	     --	  0.314	     --
[component_container-11] 	 15.570	  Sonar	     --	     --	    inf	     --
[component_container-11] 	 15.570	  Magnt	     --	     --	     --	  1.997
[component_container-11] 
[component_container-11] 	 15.600	   Pose	  2.269	 -0.924	  5.030	  2.037
[component_container-11] 	 15.600	  Twist	  0.901	  0.108	  0.065	 -0.273
[component_container-11] 	 15.600	ErrPose	 -0.051	  0.312	 -0.015	 -0.022
[component_container-11] 	 15.600	ErrTwis	 -0.845	 -0.926	 -0.065	 -0.007
[component_container-11] 	 15.600	    GPS	  2.412	 -0.803	  5.014	     --
[component_container-11] 	 15.600	   Baro	     --	     --	  5.234	     --
[component_container-11] 	 15.600	  BBias	     --	     --	  0.314	     --
[component_container-11] 	 15.600	  Sonar	     --	     --	    inf	     --
[component_container-11] 	 15.600	  Magnt	     --	     --	     --	  1.997
[component_container-11] 
[component_container-11] 	 15.640	   Pose	  2.305	 -0.919	  5.039	  2.025
[component_container-11] 	 15.640	  Twist	  0.899	  0.103	  0.072	 -0.257
[component_container-11] 	 15.640	ErrPose	 -0.059	  0.324	 -0.023	 -0.022
[component_container-11] 	 15.640	ErrTwis	 -0.831	 -0.908	 -0.076	 -0.023
[component_container-11] 	 15.640	    GPS	  2.412	 -0.803	  5.014	     --
[component_container-11] 	 15.640	   Baro	     --	     --	  5.415	     --
[component_container-11] 	 15.640	  BBias	     --	     --	  0.314	     --
[component_container-11] 	 15.640	  Sonar	     --	     --	    inf	     --
[component_container-11] 	 15.640	  Magnt	     --	     --	     --	  2.003
[component_container-11] 
[component_container-11] 	 15.670	   Pose	  2.332	 -0.916	  5.045	  2.017
[component_container-11] 	 15.670	  Twist	  0.896	  0.100	  0.077	 -0.268
[component_container-11] 	 15.670	ErrPose	 -0.072	  0.329	 -0.028	 -0.019
[component_container-11] 	 15.670	ErrTwis	 -0.823	 -0.897	 -0.084	 -0.012
[component_container-11] 	 15.670	    GPS	  2.412	 -0.803	  5.014	     --
[component_container-11] 	 15.670	   Baro	     --	     --	  5.400	     --
[component_container-11] 	 15.670	  BBias	     --	     --	  0.314	     --
[component_container-11] 	 15.670	  Sonar	     --	     --	    inf	     --
[component_container-11] 	 15.670	  Magnt	     --	     --	     --	  2.018
[component_container-11] 
[component_container-11] [INFO] [1775370737.844050135] [drone.behavior]: Behavior transition TURTLE_POSITION -> TURTLE_WAYPOINT | turtle_stop=false | waypoint=(2.54, -0.71, 5.00)
[component_container-11] [INFO] [1775370737.844131860] [drone.behavior]: Behavior target TURTLE_WAYPOINT | new_waypoint=(1.00, 4.00, 5.00)
[component_container-11] 	 15.700	   Pose	  2.359	 -0.913	  5.047	  2.009
[component_container-11] 	 15.700	  Twist	  0.894	  0.097	  0.079	 -0.280
[component_container-11] 	 15.700	ErrPose	 -0.073	  0.342	 -0.030	 -0.022
[component_container-11] 	 15.700	ErrTwis	 -0.809	 -0.877	 -0.092	 -0.000
[component_container-11] 	 15.700	    GPS	  2.412	 -0.803	  5.014	     --
[component_container-11] 	 15.700	   Baro	     --	     --	  5.400	     --
[component_container-11] 	 15.700	  BBias	     --	     --	  0.314	     --
[component_container-11] 	 15.700	  Sonar	     --	     --	    inf	     --
[component_container-11] 	 15.700	  Magnt	     --	     --	     --	  2.018
[component_container-11] 
[component_container-11] 	 15.740	   Pose	  2.395	 -0.910	  5.048	  1.997
[component_container-11] 	 15.740	  Twist	  0.890	  0.093	  0.080	 -0.269
[component_container-11] 	 15.740	ErrPose	 -0.083	  0.354	 -0.031	 -0.022
[component_container-11] 	 15.740	ErrTwis	 -0.795	 -0.853	 -0.100	 -0.011
[component_container-11] 	 15.740	    GPS	  2.412	 -0.803	  5.014	     --
[component_container-11] 	 15.740	   Baro	     --	     --	  5.340	     --
[component_container-11] 	 15.740	  BBias	     --	     --	  0.314	     --
[component_container-11] 	 15.740	  Sonar	     --	     --	    inf	     --
[component_container-11] 	 15.740	  Magnt	     --	     --	     --	  1.985
[component_container-11] 
[component_container-11] 	 15.770	   Pose	  2.421	 -0.907	  5.051	  1.988
[component_container-11] 	 15.770	  Twist	  0.888	  0.090	  0.082	 -0.267
[component_container-11] 	 15.770	ErrPose	 -0.097	  0.359	 -0.034	 -0.018
[component_container-11] 	 15.770	ErrTwis	 -0.787	 -0.838	 -0.106	 -0.013
[component_container-11] 	 15.770	    GPS	  2.412	 -0.803	  5.014	     --
[component_container-11] 	 15.770	   Baro	     --	     --	  5.371	     --
[component_container-11] 	 15.770	  BBias	     --	     --	  0.314	     --
[component_container-11] 	 15.770	  Sonar	     --	     --	    inf	     --
[component_container-11] 	 15.770	  Magnt	     --	     --	     --	  1.958
[component_container-11] 
[component_container-11] 	 15.800	   Pose	  2.448	 -0.904	  5.054	  1.980
[component_container-11] 	 15.800	  Twist	  0.885	  0.087	  0.085	 -0.266
[component_container-11] 	 15.800	ErrPose	 -0.100	  0.371	 -0.036	 -0.022
[component_container-11] 	 15.800	ErrTwis	 -0.775	 -0.809	 -0.114	 -0.014
[component_container-11] 	 15.800	    GPS	  2.412	 -0.803	  5.014	     --
[component_container-11] 	 15.800	   Baro	     --	     --	  5.371	     --
[component_container-11] 	 15.800	  BBias	     --	     --	  0.314	     --
[component_container-11] 	 15.800	  Sonar	     --	     --	    inf	     --
[component_container-11] 	 15.800	  Magnt	     --	     --	     --	  1.958
[component_container-11] 
[component_container-11] 	 15.840	   Pose	  2.483	 -0.901	  5.057	  1.969
[component_container-11] 	 15.840	  Twist	  0.882	  0.082	  0.088	 -0.273
[component_container-11] 	 15.840	ErrPose	 -0.112	  0.382	 -0.038	 -0.021
[component_container-11] 	 15.840	ErrTwis	 -0.763	 -0.775	 -0.121	 -0.007
[component_container-11] 	 15.840	    GPS	  2.412	 -0.803	  5.014	     --
[component_container-11] 	 15.840	   Baro	     --	     --	  5.365	     --
[component_container-11] 	 15.840	  BBias	     --	     --	  0.314	     --
[component_container-11] 	 15.840	  Sonar	     --	     --	    inf	     --
[component_container-11] 	 15.840	  Magnt	     --	     --	     --	  1.949
[component_container-11] 
[component_container-11] 	 15.870	   Pose	  2.510	 -0.899	  5.066	  1.960
[component_container-11] 	 15.870	  Twist	  0.880	  0.078	  0.097	 -0.270
[component_container-11] 	 15.870	ErrPose	 -0.127	  0.387	 -0.048	 -0.018
[component_container-11] 	 15.870	ErrTwis	 -0.757	 -0.754	 -0.133	 -0.010
[component_container-11] 	 15.870	    GPS	  2.412	 -0.803	  5.014	     --
[component_container-11] 	 15.870	   Baro	     --	     --	  5.450	     --
[component_container-11] 	 15.870	  BBias	     --	     --	  0.314	     --
[component_container-11] 	 15.870	  Sonar	     --	     --	    inf	     --
[component_container-11] 	 15.870	  Magnt	     --	     --	     --	  1.921
[component_container-11] 
[component_container-11] 	 15.900	   Pose	  2.536	 -0.896	  5.069	  1.951
[component_container-11] 	 15.900	  Twist	  0.878	  0.074	  0.099	 -0.278
[component_container-11] 	 15.900	ErrPose	 -0.133	  0.399	 -0.050	 -0.021
[component_container-11] 	 15.900	ErrTwis	 -0.745	 -0.715	 -0.137	 -0.002
[component_container-11] 	 15.900	    GPS	  2.412	 -0.803	  5.014	     --
[component_container-11] 	 15.900	   Baro	     --	     --	  5.450	     --
[component_container-11] 	 15.900	  BBias	     --	     --	  0.314	     --
[component_container-11] 	 15.900	  Sonar	     --	     --	    inf	     --
[component_container-11] 	 15.900	  Magnt	     --	     --	     --	  1.921
[component_container-11] 
[component_container-11] 	 15.940	   Pose	  2.571	 -0.893	  5.072	  1.940
[component_container-11] 	 15.940	  Twist	  0.875	  0.070	  0.101	 -0.272
[component_container-11] 	 15.940	ErrPose	 -0.148	  0.409	 -0.052	 -0.021
[component_container-11] 	 15.940	ErrTwis	 -0.732	 -0.673	 -0.140	 -0.007
[component_container-11] 	 15.940	    GPS	  2.412	 -0.803	  5.014	     --
[component_container-11] 	 15.940	   Baro	     --	     --	  5.367	     --
[component_container-11] 	 15.940	  BBias	     --	     --	  0.314	     --
[component_container-11] 	 15.940	  Sonar	     --	     --	    inf	     --
[component_container-11] 	 15.940	  Magnt	     --	     --	     --	  1.916
[component_container-11] 
[component_container-11] 	 15.970	   Pose	  2.597	 -0.891	  5.075	  1.931
[component_container-11] 	 15.970	  Twist	  0.873	  0.067	  0.103	 -0.253
[component_container-11] 	 15.970	ErrPose	 -0.165	  0.414	 -0.054	 -0.018
[component_container-11] 	 15.970	ErrTwis	 -0.725	 -0.649	 -0.143	 -0.026
[component_container-11] 	 15.970	    GPS	  2.412	 -0.803	  5.014	     --
[component_container-11] 	 15.970	   Baro	     --	     --	  5.382	     --
[component_container-11] 	 15.970	  BBias	     --	     --	  0.314	     --
[component_container-11] 	 15.970	  Sonar	     --	     --	    inf	     --
[component_container-11] 	 15.970	  Magnt	     --	     --	     --	  1.908
[component_container-11] 
[component_container-11] 	 16.000	   Pose	  2.623	 -0.889	  5.078	  1.923
[component_container-11] 	 16.000	  Twist	  0.870	  0.063	  0.105	 -0.278
[component_container-11] 	 16.000	ErrPose	 -0.174	  0.425	 -0.057	 -0.021
[component_container-11] 	 16.000	ErrTwis	 -0.711	 -0.603	 -0.145	 -0.001
[component_container-11] 	 16.000	    GPS	  2.412	 -0.803	  5.014	     --
[component_container-11] 	 16.000	   Baro	     --	     --	  5.382	     --
[component_container-11] 	 16.000	  BBias	     --	     --	  0.314	     --
[component_container-11] 	 16.000	  Sonar	     --	     --	    inf	     --
[component_container-11] 	 16.000	  Magnt	     --	     --	     --	  1.908
[component_container-11] 
[component_container-11] 	 16.040	   Pose	  2.430	 -0.682	  5.071	  1.911
[component_container-11] 	 16.040	  Twist	  0.658	  0.213	  0.097	 -0.260
[component_container-11] 	 16.040	ErrPose	  0.035	  0.230	 -0.050	 -0.021
[component_container-11] 	 16.040	ErrTwis	 -0.489	 -0.708	 -0.136	 -0.019
[component_container-11] 	 16.040	    GPS	  2.325	 -0.480	  5.021	     --
[component_container-11] 	 16.040	   Baro	     --	     --	  5.377	     --
[component_container-11] 	 16.040	  BBias	     --	     --	  0.315	     --
[component_container-11] 	 16.040	  Sonar	     --	     --	    inf	     --
[component_container-11] 	 16.040	  Magnt	     --	     --	     --	  1.855
[component_container-11] 
[component_container-11] [INFO] [1775370738.184401921] [drone.estimator]: TMP LOG err_xyz=(0.035, 0.230, -0.050) | z_est=5.071 vz_est=0.097 bias=0.315 | gps_z=5.021 sonar=inf baro=5.377
[component_container-11] 	 16.070	   Pose	  2.449	 -0.676	  5.060	  1.904
[component_container-11] 	 16.070	  Twist	  0.656	  0.210	  0.083	 -0.256
[component_container-11] 	 16.070	ErrPose	  0.022	  0.230	 -0.039	 -0.020
[component_container-11] 	 16.070	ErrTwis	 -0.481	 -0.682	 -0.121	 -0.022
[component_container-11] 	 16.070	    GPS	  2.325	 -0.480	  5.021	     --
[component_container-11] 	 16.070	   Baro	     --	     --	  5.206	     --
[component_container-11] 	 16.070	  BBias	     --	     --	  0.315	     --
[component_container-11] 	 16.070	  Sonar	     --	     --	    inf	     --
[component_container-11] 	 16.070	  Magnt	     --	     --	     --	  1.937
[component_container-11] 
[component_container-11] 	 16.100	   Pose	  2.469	 -0.670	  5.062	  1.896
[component_container-11] 	 16.100	  Twist	  0.654	  0.206	  0.085	 -0.274
[component_container-11] 	 16.100	ErrPose	  0.015	  0.236	 -0.041	 -0.023
[component_container-11] 	 16.100	ErrTwis	 -0.468	 -0.633	 -0.119	 -0.004
[component_container-11] 	 16.100	    GPS	  2.325	 -0.480	  5.021	     --
[component_container-11] 	 16.100	   Baro	     --	     --	  5.206	     --
[component_container-11] 	 16.100	  BBias	     --	     --	  0.315	     --
[component_container-11] 	 16.100	  Sonar	     --	     --	    inf	     --
[component_container-11] 	 16.100	  Magnt	     --	     --	     --	  1.937
[component_container-11] 
[component_container-11] [INFO] [1775370738.244706287] [drone.controller]: cmd_vel body=(0.998, -0.060, -0.007) yaw=-0.300 | odom_received=true | plan_points=52
[component_container-11] 	 16.140	   Pose	  2.495	 -0.661	  5.068	  1.885
[component_container-11] 	 16.140	  Twist	  0.651	  0.202	  0.089	 -0.266
[component_container-11] 	 16.140	ErrPose	 -0.000	  0.240	 -0.047	 -0.023
[component_container-11] 	 16.140	ErrTwis	 -0.453	 -0.584	 -0.120	 -0.012
[component_container-11] 	 16.140	    GPS	  2.325	 -0.480	  5.021	     --
[component_container-11] 	 16.140	   Baro	     --	     --	  5.403	     --
[component_container-11] 	 16.140	  BBias	     --	     --	  0.315	     --
[component_container-11] 	 16.140	  Sonar	     --	     --	    inf	     --
[component_container-11] 	 16.140	  Magnt	     --	     --	     --	  1.895
[component_container-11] 
[component_container-11] 	 16.170	   Pose	  2.515	 -0.655	  5.069	  1.876
[component_container-11] 	 16.170	  Twist	  0.649	  0.198	  0.089	 -0.269
[component_container-11] 	 16.170	ErrPose	 -0.015	  0.240	 -0.048	 -0.020
[component_container-11] 	 16.170	ErrTwis	 -0.445	 -0.558	 -0.117	 -0.008
[component_container-11] 	 16.170	    GPS	  2.325	 -0.480	  5.021	     --
[component_container-11] 	 16.170	   Baro	     --	     --	  5.368	     --
[component_container-11] 	 16.170	  BBias	     --	     --	  0.315	     --
[component_container-11] 	 16.170	  Sonar	     --	     --	    inf	     --
[component_container-11] 	 16.170	  Magnt	     --	     --	     --	  1.850
[component_container-11] 
[component_container-11] 	 16.200	   Pose	  2.534	 -0.650	  5.072	  1.868
[component_container-11] 	 16.200	  Twist	  0.647	  0.194	  0.091	 -0.270
[component_container-11] 	 16.200	ErrPose	 -0.026	  0.246	 -0.051	 -0.024
[component_container-11] 	 16.200	ErrTwis	 -0.432	 -0.511	 -0.114	 -0.007
[component_container-11] 	 16.200	    GPS	  2.325	 -0.480	  5.021	     --
[component_container-11] 	 16.200	   Baro	     --	     --	  5.368	     --
[component_container-11] 	 16.200	  BBias	     --	     --	  0.315	     --
[component_container-11] 	 16.200	  Sonar	     --	     --	    inf	     --
[component_container-11] 	 16.200	  Magnt	     --	     --	     --	  1.850
[component_container-11] 
[component_container-11] 	 16.240	   Pose	  2.560	 -0.642	  5.073	  1.857
[component_container-11] 	 16.240	  Twist	  0.645	  0.191	  0.090	 -0.275
[component_container-11] 	 16.240	ErrPose	 -0.045	  0.250	 -0.052	 -0.023
[component_container-11] 	 16.240	ErrTwis	 -0.418	 -0.468	 -0.108	 -0.001
[component_container-11] 	 16.240	    GPS	  2.325	 -0.480	  5.021	     --
[component_container-11] 	 16.240	   Baro	     --	     --	  5.356	     --
[component_container-11] 	 16.240	  BBias	     --	     --	  0.315	     --
[component_container-11] 	 16.240	  Sonar	     --	     --	    inf	     --
[component_container-11] 	 16.240	  Magnt	     --	     --	     --	  1.842
[component_container-11] 
[component_container-11] 	 16.270	   Pose	  2.579	 -0.636	  5.064	  1.849
[component_container-11] 	 16.270	  Twist	  0.642	  0.187	  0.078	 -0.259
[component_container-11] 	 16.270	ErrPose	 -0.061	  0.250	 -0.042	 -0.021
[component_container-11] 	 16.270	ErrTwis	 -0.409	 -0.446	 -0.093	 -0.017
[component_container-11] 	 16.270	    GPS	  2.325	 -0.480	  5.021	     --
[component_container-11] 	 16.270	   Baro	     --	     --	  5.244	     --
[component_container-11] 	 16.270	  BBias	     --	     --	  0.315	     --
[component_container-11] 	 16.270	  Sonar	     --	     --	    inf	     --
[component_container-11] 	 16.270	  Magnt	     --	     --	     --	  1.866
[component_container-11] 
[component_container-11] 	 16.300	   Pose	  2.598	 -0.631	  5.066	  1.841
[component_container-11] 	 16.300	  Twist	  0.641	  0.184	  0.078	 -0.267
[component_container-11] 	 16.300	ErrPose	 -0.075	  0.256	 -0.045	 -0.025
[component_container-11] 	 16.300	ErrTwis	 -0.394	 -0.407	 -0.091	 -0.009
[component_container-11] 	 16.300	    GPS	  2.325	 -0.480	  5.021	     --
[component_container-11] 	 16.300	   Baro	     --	     --	  5.244	     --
[component_container-11] 	 16.300	  BBias	     --	     --	  0.315	     --
[component_container-11] 	 16.300	  Sonar	     --	     --	    inf	     --
[component_container-11] 	 16.300	  Magnt	     --	     --	     --	  1.866
[component_container-11] 
[component_container-11] 	 16.340	   Pose	  2.624	 -0.623	  5.065	  1.831
[component_container-11] 	 16.340	  Twist	  0.638	  0.180	  0.077	 -0.248
[component_container-11] 	 16.340	ErrPose	 -0.097	  0.261	 -0.044	 -0.025
[component_container-11] 	 16.340	ErrTwis	 -0.380	 -0.369	 -0.087	 -0.028
[component_container-11] 	 16.340	    GPS	  2.325	 -0.480	  5.021	     --
[component_container-11] 	 16.340	   Baro	     --	     --	  5.337	     --
[component_container-11] 	 16.340	  BBias	     --	     --	  0.315	     --
[component_container-11] 	 16.340	  Sonar	     --	     --	    inf	     --
[component_container-11] 	 16.340	  Magnt	     --	     --	     --	  1.834
[component_container-11] 
[component_container-11] 	 16.370	   Pose	  2.643	 -0.618	  5.062	  1.822
[component_container-11] 	 16.370	  Twist	  0.637	  0.176	  0.072	 -0.270
[component_container-11] 	 16.370	ErrPose	 -0.114	  0.262	 -0.041	 -0.022
[component_container-11] 	 16.370	ErrTwis	 -0.372	 -0.349	 -0.081	 -0.007
[component_container-11] 	 16.370	    GPS	  2.325	 -0.480	  5.021	     --
[component_container-11] 	 16.370	   Baro	     --	     --	  5.315	     --
[component_container-11] 	 16.370	  BBias	     --	     --	  0.314	     --
[component_container-11] 	 16.370	  Sonar	     --	     --	    inf	     --
[component_container-11] 	 16.370	  Magnt	     --	     --	     --	  1.781
[component_container-11] 
[component_container-11] 	 16.400	   Pose	  2.662	 -0.613	  5.064	  1.813
[component_container-11] 	 16.400	  Twist	  0.636	  0.173	  0.073	 -0.276
[component_container-11] 	 16.400	ErrPose	 -0.131	  0.269	 -0.044	 -0.025
[component_container-11] 	 16.400	ErrTwis	 -0.357	 -0.315	 -0.080	 -0.001
[component_container-11] 	 16.400	    GPS	  2.325	 -0.480	  5.021	     --
[component_container-11] 	 16.400	   Baro	     --	     --	  5.315	     --
[component_container-11] 	 16.400	  BBias	     --	     --	  0.314	     --
[component_container-11] 	 16.400	  Sonar	     --	     --	    inf	     --
[component_container-11] 	 16.400	  Magnt	     --	     --	     --	  1.781
[component_container-11] 
[component_container-11] 	 16.440	   Pose	  2.688	 -0.606	  5.077	  1.802
[component_container-11] 	 16.440	  Twist	  0.634	  0.169	  0.084	 -0.255
[component_container-11] 	 16.440	ErrPose	 -0.156	  0.275	 -0.056	 -0.025
[component_container-11] 	 16.440	ErrTwis	 -0.342	 -0.281	 -0.089	 -0.022
[component_container-11] 	 16.440	    GPS	  2.325	 -0.480	  5.021	     --
[component_container-11] 	 16.440	   Baro	     --	     --	  5.484	     --
[component_container-11] 	 16.440	  BBias	     --	     --	  0.315	     --
[component_container-11] 	 16.440	  Sonar	     --	     --	    inf	     --
[component_container-11] 	 16.440	  Magnt	     --	     --	     --	  1.788
[component_container-11] 
[component_container-11] 	 16.470	   Pose	  2.707	 -0.601	  5.071	  1.794
[component_container-11] 	 16.470	  Twist	  0.633	  0.165	  0.077	 -0.283
[component_container-11] 	 16.470	ErrPose	 -0.175	  0.276	 -0.051	 -0.022
[component_container-11] 	 16.470	ErrTwis	 -0.334	 -0.263	 -0.082	  0.006
[component_container-11] 	 16.470	    GPS	  2.325	 -0.480	  5.021	     --
[component_container-11] 	 16.470	   Baro	     --	     --	  5.306	     --
[component_container-11] 	 16.470	  BBias	     --	     --	  0.314	     --
[component_container-11] 	 16.470	  Sonar	     --	     --	    inf	     --
[component_container-11] 	 16.470	  Magnt	     --	     --	     --	  1.773
[component_container-11] 
[component_container-11] 	 16.500	   Pose	  2.726	 -0.596	  5.074	  1.786
[component_container-11] 	 16.500	  Twist	  0.632	  0.161	  0.079	 -0.273
[component_container-11] 	 16.500	ErrPose	 -0.194	  0.284	 -0.054	 -0.025
[component_container-11] 	 16.500	ErrTwis	 -0.320	 -0.230	 -0.081	 -0.004
[component_container-11] 	 16.500	    GPS	  2.325	 -0.480	  5.021	     --
[component_container-11] 	 16.500	   Baro	     --	     --	  5.306	     --
[component_container-11] 	 16.500	  BBias	     --	     --	  0.314	     --
[component_container-11] 	 16.500	  Sonar	     --	     --	    inf	     --
[component_container-11] 	 16.500	  Magnt	     --	     --	     --	  1.773
[component_container-11] 
[component_container-11] [INFO] [1775370738.648818833] [drone.estimator]: TMP LOG gps innov_xy=(-0.299, 0.207) est_xy=(2.732, -0.594) gps_xy=(2.433, -0.387) corr_xy=(2.433, -0.387) vel_xy=(0.632, 0.160)
[component_container-11] [INFO] [1775370738.648943400] [drone.estimator]: TMP LOG gps vel pseudo raw=(0.215, 0.185) filt=(0.189, 0.228) innov_v=(-0.399, 0.038) apply=(1,1)
[component_container-11] 	 16.540	   Pose	  2.596	 -0.519	  5.065	  1.775
[component_container-11] 	 16.540	  Twist	  0.510	  0.195	  0.067	 -0.271
[component_container-11] 	 16.540	ErrPose	 -0.066	  0.220	 -0.046	 -0.026
[component_container-11] 	 16.540	ErrTwis	 -0.184	 -0.236	 -0.068	 -0.007
[component_container-11] 	 16.540	    GPS	  2.433	 -0.387	  5.019	     --
[component_container-11] 	 16.540	   Baro	     --	     --	  5.356	     --
[component_container-11] 	 16.540	  BBias	     --	     --	  0.315	     --
[component_container-11] 	 16.540	  Sonar	     --	     --	    inf	     --
[component_container-11] 	 16.540	  Magnt	     --	     --	     --	  1.785
[component_container-11] 
[component_container-11] 	 16.570	   Pose	  2.611	 -0.513	  5.051	  1.766
[component_container-11] 	 16.570	  Twist	  0.510	  0.191	  0.052	 -0.266
[component_container-11] 	 16.570	ErrPose	 -0.082	  0.221	 -0.033	 -0.022
[component_container-11] 	 16.570	ErrTwis	 -0.176	 -0.220	 -0.052	 -0.012
[component_container-11] 	 16.570	    GPS	  2.433	 -0.387	  5.019	     --
[component_container-11] 	 16.570	   Baro	     --	     --	  5.178	     --
[component_container-11] 	 16.570	  BBias	     --	     --	  0.315	     --
[component_container-11] 	 16.570	  Sonar	     --	     --	    inf	     --
[component_container-11] 	 16.570	  Magnt	     --	     --	     --	  1.725
[component_container-11] 
[component_container-11] 	 16.600	   Pose	  2.626	 -0.507	  5.053	  1.758
[component_container-11] 	 16.600	  Twist	  0.509	  0.188	  0.052	 -0.259
[component_container-11] 	 16.600	ErrPose	 -0.101	  0.230	 -0.035	 -0.025
[component_container-11] 	 16.600	ErrTwis	 -0.161	 -0.190	 -0.053	 -0.019
[component_container-11] 	 16.600	    GPS	  2.433	 -0.387	  5.019	     --
[component_container-11] 	 16.600	   Baro	     --	     --	  5.178	     --
[component_container-11] 	 16.600	  BBias	     --	     --	  0.315	     --
[component_container-11] 	 16.600	  Sonar	     --	     --	    inf	     --
[component_container-11] 	 16.600	  Magnt	     --	     --	     --	  1.725
[component_container-11] 
[component_container-11] 	 16.640	   Pose	  2.647	 -0.500	  5.065	  1.747
[component_container-11] 	 16.640	  Twist	  0.509	  0.183	  0.064	 -0.260
[component_container-11] 	 16.640	ErrPose	 -0.125	  0.237	 -0.047	 -0.026
[component_container-11] 	 16.640	ErrTwis	 -0.146	 -0.161	 -0.063	 -0.017
[component_container-11] 	 16.640	    GPS	  2.433	 -0.387	  5.019	     --
[component_container-11] 	 16.640	   Baro	     --	     --	  5.484	     --
[component_container-11] 	 16.640	  BBias	     --	     --	  0.315	     --
[component_container-11] 	 16.640	  Sonar	     --	     --	    inf	     --
[component_container-11] 	 16.640	  Magnt	     --	     --	     --	  1.739
[component_container-11] 
[component_container-11] 	 16.670	   Pose	  2.662	 -0.494	  5.054	  1.738
[component_container-11] 	 16.670	  Twist	  0.507	  0.179	  0.051	 -0.266
[component_container-11] 	 16.670	ErrPose	 -0.142	  0.239	 -0.037	 -0.022
[component_container-11] 	 16.670	ErrTwis	 -0.138	 -0.145	 -0.051	 -0.011
[component_container-11] 	 16.670	    GPS	  2.433	 -0.387	  5.019	     --
[component_container-11] 	 16.670	   Baro	     --	     --	  5.221	     --
[component_container-11] 	 16.670	  BBias	     --	     --	  0.315	     --
[component_container-11] 	 16.670	  Sonar	     --	     --	    inf	     --
[component_container-11] 	 16.670	  Magnt	     --	     --	     --	  1.710
[component_container-11] 
[component_container-11] 	 16.700	   Pose	  2.677	 -0.489	  5.055	  1.730
[component_container-11] 	 16.700	  Twist	  0.506	  0.176	  0.052	 -0.270
[component_container-11] 	 16.700	ErrPose	 -0.163	  0.249	 -0.039	 -0.025
[component_container-11] 	 16.700	ErrTwis	 -0.122	 -0.120	 -0.050	 -0.007
[component_container-11] 	 16.700	    GPS	  2.433	 -0.387	  5.019	     --
[component_container-11] 	 16.700	   Baro	     --	     --	  5.221	     --
[component_container-11] 	 16.700	  BBias	     --	     --	  0.315	     --
[component_container-11] 	 16.700	  Sonar	     --	     --	    inf	     --
[component_container-11] 	 16.700	  Magnt	     --	     --	     --	  1.710
[component_container-11] 
[component_container-11] 	 16.740	   Pose	  2.697	 -0.482	  5.049	  1.719
[component_container-11] 	 16.740	  Twist	  0.505	  0.172	  0.046	 -0.280
[component_container-11] 	 16.740	ErrPose	 -0.189	  0.257	 -0.034	 -0.026
[component_container-11] 	 16.740	ErrTwis	 -0.106	 -0.095	 -0.043	  0.003
[component_container-11] 	 16.740	    GPS	  2.433	 -0.387	  5.019	     --
[component_container-11] 	 16.740	   Baro	     --	     --	  5.276	     --
[component_container-11] 	 16.740	  BBias	     --	     --	  0.315	     --
[component_container-11] 	 16.740	  Sonar	     --	     --	    inf	     --
[component_container-11] 	 16.740	  Magnt	     --	     --	     --	  1.731
[component_container-11] 
[component_container-11] 	 16.770	   Pose	  2.713	 -0.477	  5.048	  1.711
[component_container-11] 	 16.770	  Twist	  0.505	  0.168	  0.044	 -0.254
[component_container-11] 	 16.770	ErrPose	 -0.207	  0.261	 -0.033	 -0.023
[component_container-11] 	 16.770	ErrTwis	 -0.098	 -0.082	 -0.042	 -0.023
[component_container-11] 	 16.770	    GPS	  2.433	 -0.387	  5.019	     --
[component_container-11] 	 16.770	   Baro	     --	     --	  5.334	     --
[component_container-11] 	 16.770	  BBias	     --	     --	  0.315	     --
[component_container-11] 	 16.770	  Sonar	     --	     --	    inf	     --
[component_container-11] 	 16.770	  Magnt	     --	     --	     --	  1.697
[component_container-11] 
[component_container-11] 	 16.800	   Pose	  2.728	 -0.472	  5.049	  1.703
[component_container-11] 	 16.800	  Twist	  0.504	  0.164	  0.045	 -0.268
[component_container-11] 	 16.800	ErrPose	 -0.228	  0.272	 -0.035	 -0.026
[component_container-11] 	 16.800	ErrTwis	 -0.083	 -0.061	 -0.042	 -0.010
[component_container-11] 	 16.800	    GPS	  2.433	 -0.387	  5.019	     --
[component_container-11] 	 16.800	   Baro	     --	     --	  5.334	     --
[component_container-11] 	 16.800	  BBias	     --	     --	  0.315	     --
[component_container-11] 	 16.800	  Sonar	     --	     --	    inf	     --
[component_container-11] 	 16.800	  Magnt	     --	     --	     --	  1.697
[component_container-11] 
[component_container-11] 	 16.840	   Pose	  2.748	 -0.466	  5.049	  1.691
[component_container-11] 	 16.840	  Twist	  0.504	  0.159	  0.045	 -0.269
[component_container-11] 	 16.840	ErrPose	 -0.256	  0.283	 -0.036	 -0.025
[component_container-11] 	 16.840	ErrTwis	 -0.067	 -0.040	 -0.041	 -0.009
[component_container-11] 	 16.840	    GPS	  2.433	 -0.387	  5.019	     --
[component_container-11] 	 16.840	   Baro	     --	     --	  5.345	     --
[component_container-11] 	 16.840	  BBias	     --	     --	  0.314	     --
[component_container-11] 	 16.840	  Sonar	     --	     --	    inf	     --
[component_container-11] 	 16.840	  Magnt	     --	     --	     --	  1.641
[component_container-11] 
[component_container-11] 	 16.870	   Pose	  2.763	 -0.461	  5.055	  1.683
[component_container-11] 	 16.870	  Twist	  0.504	  0.156	  0.050	 -0.268
[component_container-11] 	 16.870	ErrPose	 -0.274	  0.287	 -0.042	 -0.023
[component_container-11] 	 16.870	ErrTwis	 -0.059	 -0.028	 -0.046	 -0.010
[component_container-11] 	 16.870	    GPS	  2.433	 -0.387	  5.019	     --
[component_container-11] 	 16.870	   Baro	     --	     --	  5.410	     --
[component_container-11] 	 16.870	  BBias	     --	     --	  0.315	     --
[component_container-11] 	 16.870	  Sonar	     --	     --	    inf	     --
[component_container-11] 	 16.870	  Magnt	     --	     --	     --	  1.703
[component_container-11] 
[component_container-11] 	 16.900	   Pose	  2.778	 -0.456	  5.056	  1.676
[component_container-11] 	 16.900	  Twist	  0.503	  0.151	  0.051	 -0.247
[component_container-11] 	 16.900	ErrPose	 -0.297	  0.301	 -0.044	 -0.027
[component_container-11] 	 16.900	ErrTwis	 -0.044	 -0.008	 -0.047	 -0.031
[component_container-11] 	 16.900	    GPS	  2.433	 -0.387	  5.019	     --
[component_container-11] 	 16.900	   Baro	     --	     --	  5.410	     --
[component_container-11] 	 16.900	  BBias	     --	     --	  0.315	     --
[component_container-11] 	 16.900	  Sonar	     --	     --	    inf	     --
[component_container-11] 	 16.900	  Magnt	     --	     --	     --	  1.703
[component_container-11] 
[component_container-11] 	 16.940	   Pose	  2.798	 -0.450	  5.061	  1.664
[component_container-11] 	 16.940	  Twist	  0.503	  0.146	  0.055	 -0.260
[component_container-11] 	 16.940	ErrPose	 -0.325	  0.314	 -0.050	 -0.027
[component_container-11] 	 16.940	ErrTwis	 -0.029	  0.012	 -0.050	 -0.019
[component_container-11] 	 16.940	    GPS	  2.433	 -0.387	  5.019	     --
[component_container-11] 	 16.940	   Baro	     --	     --	  5.399	     --
[component_container-11] 	 16.940	  BBias	     --	     --	  0.315	     --
[component_container-11] 	 16.940	  Sonar	     --	     --	    inf	     --
[component_container-11] 	 16.940	  Magnt	     --	     --	     --	  1.656
[component_container-11] 
[component_container-11] 	 16.970	   Pose	  2.813	 -0.446	  5.071	  1.655
[component_container-11] 	 16.970	  Twist	  0.503	  0.143	  0.064	 -0.265
[component_container-11] 	 16.970	ErrPose	 -0.345	  0.319	 -0.061	 -0.023
[component_container-11] 	 16.970	ErrTwis	 -0.021	  0.024	 -0.058	 -0.014
[component_container-11] 	 16.970	    GPS	  2.433	 -0.387	  5.019	     --
[component_container-11] 	 16.970	   Baro	     --	     --	  5.475	     --
[component_container-11] 	 16.970	  BBias	     --	     --	  0.315	     --
[component_container-11] 	 16.970	  Sonar	     --	     --	    inf	     --
[component_container-11] 	 16.970	  Magnt	     --	     --	     --	  1.601
[component_container-11] 
[component_container-11] 	 17.000	   Pose	  2.828	 -0.442	  5.073	  1.647
[component_container-11] 	 17.000	  Twist	  0.503	  0.139	  0.064	 -0.271
[component_container-11] 	 17.000	ErrPose	 -0.369	  0.335	 -0.064	 -0.026
[component_container-11] 	 17.000	ErrTwis	 -0.006	  0.043	 -0.058	 -0.008
[component_container-11] 	 17.000	    GPS	  2.433	 -0.387	  5.019	     --
[component_container-11] 	 17.000	   Baro	     --	     --	  5.475	     --
[component_container-11] 	 17.000	  BBias	     --	     --	  0.315	     --
[component_container-11] 	 17.000	  Sonar	     --	     --	    inf	     --
[component_container-11] 	 17.000	  Magnt	     --	     --	     --	  1.601
[component_container-11] 
[component_container-11] 	 17.040	   Pose	  2.654	 -0.385	  5.055	  1.635
[component_container-11] 	 17.040	  Twist	  0.360	  0.161	  0.044	 -0.255
[component_container-11] 	 17.040	ErrPose	 -0.204	  0.299	 -0.047	 -0.025
[component_container-11] 	 17.040	ErrTwis	  0.151	  0.037	 -0.039	 -0.024
[component_container-11] 	 17.040	    GPS	  2.427	 -0.294	  5.009	     --
[component_container-11] 	 17.040	   Baro	     --	     --	  5.259	     --
[component_container-11] 	 17.040	  BBias	     --	     --	  0.315	     --
[component_container-11] 	 17.040	  Sonar	     --	     --	    inf	     --
[component_container-11] 	 17.040	  Magnt	     --	     --	     --	  1.604
[component_container-11] 
[component_container-11] [INFO] [1775370739.188246510] [drone.estimator]: TMP LOG err_xyz=(-0.204, 0.299, -0.047) | z_est=5.055 vz_est=0.044 bias=0.315 | gps_z=5.009 sonar=inf baro=5.259
[component_container-11] 	 17.070	   Pose	  2.665	 -0.380	  5.044	  1.626
[component_container-11] 	 17.070	  Twist	  0.361	  0.157	  0.031	 -0.261
[component_container-11] 	 17.070	ErrPose	 -0.220	  0.304	 -0.037	 -0.022
[component_container-11] 	 17.070	ErrTwis	  0.158	  0.049	 -0.027	 -0.018
[component_container-11] 	 17.070	    GPS	  2.427	 -0.294	  5.009	     --
[component_container-11] 	 17.070	   Baro	     --	     --	  5.216	     --
[component_container-11] 	 17.070	  BBias	     --	     --	  0.315	     --
[component_container-11] 	 17.070	  Sonar	     --	     --	    inf	     --
[component_container-11] 	 17.070	  Magnt	     --	     --	     --	  1.574
[component_container-11] 
[component_container-11] [INFO] [1775370739.250326987] [drone.controller]: cmd_vel body=(0.974, 0.227, 0.009) yaw=-0.300 | odom_received=true | plan_points=49
[component_container-11] 	 17.100	   Pose	  2.676	 -0.376	  5.045	  1.618
[component_container-11] 	 17.100	  Twist	  0.360	  0.154	  0.032	 -0.268
[component_container-11] 	 17.100	ErrPose	 -0.240	  0.321	 -0.039	 -0.025
[component_container-11] 	 17.100	ErrTwis	  0.173	  0.069	 -0.027	 -0.012
[component_container-11] 	 17.100	    GPS	  2.427	 -0.294	  5.009	     --
[component_container-11] 	 17.100	   Baro	     --	     --	  5.216	     --
[component_container-11] 	 17.100	  BBias	     --	     --	  0.315	     --
[component_container-11] 	 17.100	  Sonar	     --	     --	    inf	     --
[component_container-11] 	 17.100	  Magnt	     --	     --	     --	  1.574
[component_container-11] 
[component_container-11] [INFO] [1775370739.255756987] [drone.estimator]: TMP LOG sonar rejected: meas=2.566 est_z=5.037 innov=-2.472
[component_container-11] 	 17.140	   Pose	  2.690	 -0.370	  5.038	  1.607
[component_container-11] 	 17.140	  Twist	  0.360	  0.149	  0.025	 -0.268
[component_container-11] 	 17.140	ErrPose	 -0.265	  0.337	 -0.033	 -0.025
[component_container-11] 	 17.140	ErrTwis	  0.188	  0.089	 -0.021	 -0.011
[component_container-11] 	 17.140	    GPS	  2.427	 -0.294	  5.009	     --
[component_container-11] 	 17.140	   Baro	     --	     --	  5.256	     --
[component_container-11] 	 17.140	  BBias	     --	     --	  0.315	     --
[component_container-11] 	 17.140	  Sonar	     --	     --	  2.566	     --
[component_container-11] 	 17.140	  Magnt	     --	     --	     --	  1.589
[component_container-11] 
[component_container-11] 	 17.170	   Pose	  2.701	 -0.365	  5.040	  1.597
[component_container-11] 	 17.170	  Twist	  0.359	  0.145	  0.027	 -0.264
[component_container-11] 	 17.170	ErrPose	 -0.281	  0.344	 -0.035	 -0.021
[component_container-11] 	 17.170	ErrTwis	  0.195	  0.101	 -0.023	 -0.016
[component_container-11] 	 17.170	    GPS	  2.427	 -0.294	  5.009	     --
[component_container-11] 	 17.170	   Baro	     --	     --	  5.361	     --
[component_container-11] 	 17.170	  BBias	     --	     --	  0.315	     --
[component_container-11] 	 17.170	  Sonar	     --	     --	  2.497	     --
[component_container-11] 	 17.170	  Magnt	     --	     --	     --	  1.536
[component_container-11] 
[component_container-11] 	 17.200	   Pose	  2.712	 -0.361	  5.040	  1.589
[component_container-11] 	 17.200	  Twist	  0.359	  0.142	  0.029	 -0.262
[component_container-11] 	 17.200	ErrPose	 -0.303	  0.363	 -0.037	 -0.024
[component_container-11] 	 17.200	ErrTwis	  0.210	  0.120	 -0.025	 -0.017
[component_container-11] 	 17.200	    GPS	  2.427	 -0.294	  5.009	     --
[component_container-11] 	 17.200	   Baro	     --	     --	  5.361	     --
[component_container-11] 	 17.200	  BBias	     --	     --	  0.315	     --
[component_container-11] 	 17.200	  Sonar	     --	     --	  2.497	     --
[component_container-11] 	 17.200	  Magnt	     --	     --	     --	  1.536
[component_container-11] 
[component_container-11] 	 17.240	   Pose	  2.726	 -0.355	  5.019	  1.578
[component_container-11] 	 17.240	  Twist	  0.358	  0.136	  0.007	 -0.273
[component_container-11] 	 17.240	ErrPose	 -0.328	  0.381	 -0.016	 -0.024
[component_container-11] 	 17.240	ErrTwis	  0.224	  0.138	 -0.002	 -0.007
[component_container-11] 	 17.240	    GPS	  2.427	 -0.294	  5.009	     --
[component_container-11] 	 17.240	   Baro	     --	     --	  5.085	     --
[component_container-11] 	 17.240	  BBias	     --	     --	  0.314	     --
[component_container-11] 	 17.240	  Sonar	     --	     --	  2.496	     --
[component_container-11] 	 17.240	  Magnt	     --	     --	     --	  1.572
[component_container-11] 
[component_container-11] 	 17.270	   Pose	  2.737	 -0.351	  5.006	  1.569
[component_container-11] 	 17.270	  Twist	  0.358	  0.132	 -0.005	 -0.292
[component_container-11] 	 17.270	ErrPose	 -0.345	  0.389	 -0.005	 -0.021
[component_container-11] 	 17.270	ErrTwis	  0.232	  0.148	  0.009	  0.013
[component_container-11] 	 17.270	    GPS	  2.427	 -0.294	  5.009	     --
[component_container-11] 	 17.270	   Baro	     --	     --	  5.183	     --
[component_container-11] 	 17.270	  BBias	     --	     --	  0.314	     --
[component_container-11] 	 17.270	  Sonar	     --	     --	  2.542	     --
[component_container-11] 	 17.270	  Magnt	     --	     --	     --	  1.559
[component_container-11] 
[component_container-11] 	 17.300	   Pose	  2.748	 -0.347	  5.006	  1.561
[component_container-11] 	 17.300	  Twist	  0.358	  0.128	 -0.003	 -0.283
[component_container-11] 	 17.300	ErrPose	 -0.367	  0.410	 -0.006	 -0.024
[component_container-11] 	 17.300	ErrTwis	  0.246	  0.163	  0.007	  0.003
[component_container-11] 	 17.300	    GPS	  2.427	 -0.294	  5.009	     --
[component_container-11] 	 17.300	   Baro	     --	     --	  5.183	     --
[component_container-11] 	 17.300	  BBias	     --	     --	  0.314	     --
[component_container-11] 	 17.300	  Sonar	     --	     --	  2.542	     --
[component_container-11] 	 17.300	  Magnt	     --	     --	     --	  1.559
[component_container-11] 
[component_container-11] 	 17.340	   Pose	  2.762	 -0.342	  5.002	  1.549
[component_container-11] 	 17.340	  Twist	  0.359	  0.122	 -0.004	 -0.261
[component_container-11] 	 17.340	ErrPose	 -0.392	  0.431	 -0.003	 -0.023
[component_container-11] 	 17.340	ErrTwis	  0.258	  0.180	  0.008	 -0.020
[component_container-11] 	 17.340	    GPS	  2.427	 -0.294	  5.009	     --
[component_container-11] 	 17.340	   Baro	     --	     --	  5.275	     --
[component_container-11] 	 17.340	  BBias	     --	     --	  0.314	     --
[component_container-11] 	 17.340	  Sonar	     --	     --	  2.516	     --
[component_container-11] 	 17.340	  Magnt	     --	     --	     --	  1.517
[component_container-11] 
[component_container-11] 	 17.370	   Pose	  2.773	 -0.339	  4.995	  1.539
[component_container-11] 	 17.370	  Twist	  0.358	  0.117	 -0.008	 -0.275
[component_container-11] 	 17.370	ErrPose	 -0.409	  0.440	  0.004	 -0.019
[component_container-11] 	 17.370	ErrTwis	  0.265	  0.190	  0.014	 -0.005
[component_container-11] 	 17.370	    GPS	  2.427	 -0.294	  5.009	     --
[component_container-11] 	 17.370	   Baro	     --	     --	  5.237	     --
[component_container-11] 	 17.370	  BBias	     --	     --	  0.314	     --
[component_container-11] 	 17.370	  Sonar	     --	     --	  2.695	     --
[component_container-11] 	 17.370	  Magnt	     --	     --	     --	  1.455
[component_container-11] 
[component_container-11] 	 17.400	   Pose	  2.784	 -0.335	  4.995	  1.531
[component_container-11] 	 17.400	  Twist	  0.359	  0.113	 -0.006	 -0.256
[component_container-11] 	 17.400	ErrPose	 -0.431	  0.463	  0.003	 -0.022
[component_container-11] 	 17.400	ErrTwis	  0.277	  0.205	  0.014	 -0.025
[component_container-11] 	 17.400	    GPS	  2.427	 -0.294	  5.009	     --
[component_container-11] 	 17.400	   Baro	     --	     --	  5.237	     --
[component_container-11] 	 17.400	  BBias	     --	     --	  0.314	     --
[component_container-11] 	 17.400	  Sonar	     --	     --	  2.695	     --
[component_container-11] 	 17.400	  Magnt	     --	     --	     --	  1.455
[component_container-11] 
[component_container-11] 	 17.440	   Pose	  2.798	 -0.331	  4.992	  1.519
[component_container-11] 	 17.440	  Twist	  0.359	  0.108	 -0.006	 -0.278
[component_container-11] 	 17.440	ErrPose	 -0.457	  0.486	  0.004	 -0.021
[component_container-11] 	 17.440	ErrTwis	  0.290	  0.222	  0.015	 -0.002
[component_container-11] 	 17.440	    GPS	  2.427	 -0.294	  5.009	     --
[component_container-11] 	 17.440	   Baro	     --	     --	  5.280	     --
[component_container-11] 	 17.440	  BBias	     --	     --	  0.314	     --
[component_container-11] 	 17.440	  Sonar	     --	     --	  3.195	     --
[component_container-11] 	 17.440	  Magnt	     --	     --	     --	  1.483
[component_container-11] 
[component_container-11] 	 17.470	   Pose	  2.809	 -0.328	  5.005	  1.510
[component_container-11] 	 17.470	  Twist	  0.359	  0.103	  0.009	 -0.267
[component_container-11] 	 17.470	ErrPose	 -0.474	  0.497	 -0.009	 -0.018
[component_container-11] 	 17.470	ErrTwis	  0.296	  0.233	  0.000	 -0.013
[component_container-11] 	 17.470	    GPS	  2.427	 -0.294	  5.009	     --
[component_container-11] 	 17.470	   Baro	     --	     --	  5.452	     --
[component_container-11] 	 17.470	  BBias	     --	     --	  0.314	     --
[component_container-11] 	 17.470	  Sonar	     --	     --	  3.744	     --
[component_container-11] 	 17.470	  Magnt	     --	     --	     --	  1.477
[component_container-11] 
[component_container-11] 	 17.500	   Pose	  2.819	 -0.325	  5.005	  1.502
[component_container-11] 	 17.500	  Twist	  0.359	  0.099	  0.011	 -0.276
[component_container-11] 	 17.500	ErrPose	 -0.497	  0.522	 -0.010	 -0.021
[component_container-11] 	 17.500	ErrTwis	  0.308	  0.250	 -0.001	 -0.003
[component_container-11] 	 17.500	    GPS	  2.427	 -0.294	  5.009	     --
[component_container-11] 	 17.500	   Baro	     --	     --	  5.452	     --
[component_container-11] 	 17.500	  BBias	     --	     --	  0.314	     --
[component_container-11] 	 17.500	  Sonar	     --	     --	  3.744	     --
[component_container-11] 	 17.500	  Magnt	     --	     --	     --	  1.477
[component_container-11] 
[component_container-11] [INFO] [1775370739.657879467] [drone.estimator]: TMP LOG gps innov_xy=(-0.556, 0.104) est_xy=(2.823, -0.324) gps_xy=(2.267, -0.220) corr_xy=(2.267, -0.220) vel_xy=(0.359, 0.097)
[component_container-11] [INFO] [1775370739.658026410] [drone.estimator]: TMP LOG gps vel pseudo raw=(-0.320, 0.149) filt=(-0.287, 0.153) innov_v=(-0.565, 0.040) apply=(1,1)
[component_container-11] 	 17.540	   Pose	  2.572	 -0.282	  5.001	  1.490
[component_container-11] 	 17.540	  Twist	  0.170	  0.116	  0.009	 -0.267
[component_container-11] 	 17.540	ErrPose	 -0.262	  0.508	 -0.008	 -0.020
[component_container-11] 	 17.540	ErrTwis	  0.507	  0.245	  0.003	 -0.013
[component_container-11] 	 17.540	    GPS	  2.267	 -0.220	  4.994	     --
[component_container-11] 	 17.540	   Baro	     --	     --	  5.285	     --
[component_container-11] 	 17.540	  BBias	     --	     --	  0.314	     --
[component_container-11] 	 17.540	  Sonar	     --	     --	  2.500	     --
[component_container-11] 	 17.540	  Magnt	     --	     --	     --	  1.461
[component_container-11] 
[component_container-11] 	 17.570	   Pose	  2.578	 -0.279	  4.991	  1.481
[component_container-11] 	 17.570	  Twist	  0.170	  0.111	 -0.001	 -0.258
[component_container-11] 	 17.570	ErrPose	 -0.273	  0.519	  0.002	 -0.017
[component_container-11] 	 17.570	ErrTwis	  0.514	  0.256	  0.013	 -0.022
[component_container-11] 	 17.570	    GPS	  2.267	 -0.220	  4.994	     --
[component_container-11] 	 17.570	   Baro	     --	     --	  5.182	     --
[component_container-11] 	 17.570	  BBias	     --	     --	  0.314	     --
[component_container-11] 	 17.570	  Sonar	     --	     --	  2.496	     --
[component_container-11] 	 17.570	  Magnt	     --	     --	     --	  1.458
[component_container-11] 
[component_container-11] 	 17.600	   Pose	  2.583	 -0.275	  4.991	  1.473
[component_container-11] 	 17.600	  Twist	  0.169	  0.107	  0.000	 -0.270
[component_container-11] 	 17.600	ErrPose	 -0.290	  0.545	  0.001	 -0.020
[component_container-11] 	 17.600	ErrTwis	  0.525	  0.274	  0.011	 -0.010
[component_container-11] 	 17.600	    GPS	  2.267	 -0.220	  4.994	     --
[component_container-11] 	 17.600	   Baro	     --	     --	  5.182	     --
[component_container-11] 	 17.600	  BBias	     --	     --	  0.314	     --
[component_container-11] 	 17.600	  Sonar	     --	     --	  2.496	     --
[component_container-11] 	 17.600	  Magnt	     --	     --	     --	  1.458
[component_container-11] 
[component_container-11] 	 17.640	   Pose	  2.589	 -0.271	  4.999	  1.462
[component_container-11] 	 17.640	  Twist	  0.169	  0.100	  0.011	 -0.269
[component_container-11] 	 17.640	ErrPose	 -0.310	  0.571	 -0.009	 -0.020
[component_container-11] 	 17.640	ErrTwis	  0.535	  0.294	 -0.000	 -0.011
[component_container-11] 	 17.640	    GPS	  2.267	 -0.220	  4.994	     --
[component_container-11] 	 17.640	   Baro	     --	     --	  5.408	     --
[component_container-11] 	 17.640	  BBias	     --	     --	  0.314	     --
[component_container-11] 	 17.640	  Sonar	     --	     --	  2.508	     --
[component_container-11] 	 17.640	  Magnt	     --	     --	     --	  1.452
[component_container-11] 
[component_container-11] 	 17.670	   Pose	  2.595	 -0.268	  4.986	  1.453
[component_container-11] 	 17.670	  Twist	  0.169	  0.095	 -0.001	 -0.268
[component_container-11] 	 17.670	ErrPose	 -0.321	  0.584	  0.004	 -0.017
[component_container-11] 	 17.670	ErrTwis	  0.540	  0.305	  0.012	 -0.011
[component_container-11] 	 17.670	    GPS	  2.267	 -0.220	  4.994	     --
[component_container-11] 	 17.670	   Baro	     --	     --	  5.148	     --
[component_container-11] 	 17.670	  BBias	     --	     --	  0.314	     --
[component_container-11] 	 17.670	  Sonar	     --	     --	  2.510	     --
[component_container-11] 	 17.670	  Magnt	     --	     --	     --	  1.431
[component_container-11] 
[component_container-11] 	 17.700	   Pose	  2.600	 -0.265	  4.986	  1.445
[component_container-11] 	 17.700	  Twist	  0.169	  0.090	  0.001	 -0.269
[component_container-11] 	 17.700	ErrPose	 -0.338	  0.612	  0.003	 -0.020
[component_container-11] 	 17.700	ErrTwis	  0.550	  0.321	  0.009	 -0.010
[component_container-11] 	 17.700	    GPS	  2.267	 -0.220	  4.994	     --
[component_container-11] 	 17.700	   Baro	     --	     --	  5.148	     --
[component_container-11] 	 17.700	  BBias	     --	     --	  0.314	     --
[component_container-11] 	 17.700	  Sonar	     --	     --	  2.510	     --
[component_container-11] 	 17.700	  Magnt	     --	     --	     --	  1.431
[component_container-11] 
[component_container-11] 	 17.740	   Pose	  2.606	 -0.262	  4.979	  1.433
[component_container-11] 	 17.740	  Twist	  0.169	  0.085	 -0.004	 -0.282
[component_container-11] 	 17.740	ErrPose	 -0.358	  0.640	  0.009	 -0.019
[component_container-11] 	 17.740	ErrTwis	  0.560	  0.336	  0.012	  0.003
[component_container-11] 	 17.740	    GPS	  2.267	 -0.220	  4.994	     --
[component_container-11] 	 17.740	   Baro	     --	     --	  5.217	     --
[component_container-11] 	 17.740	  BBias	     --	     --	  0.314	     --
[component_container-11] 	 17.740	  Sonar	     --	     --	  2.431	     --
[component_container-11] 	 17.740	  Magnt	     --	     --	     --	  1.369
[component_container-11] 
[component_container-11] 	 17.770	   Pose	  2.611	 -0.259	  4.992	  1.424
[component_container-11] 	 17.770	  Twist	  0.169	  0.080	  0.012	 -0.283
[component_container-11] 	 17.770	ErrPose	 -0.369	  0.654	 -0.005	 -0.016
[component_container-11] 	 17.770	ErrTwis	  0.564	  0.345	 -0.005	  0.004
[component_container-11] 	 17.770	    GPS	  2.267	 -0.220	  4.994	     --
[component_container-11] 	 17.770	   Baro	     --	     --	  5.443	     --
[component_container-11] 	 17.770	  BBias	     --	     --	  0.314	     --
[component_container-11] 	 17.770	  Sonar	     --	     --	  2.486	     --
[component_container-11] 	 17.770	  Magnt	     --	     --	     --	  1.430
[component_container-11] 
[component_container-11] 	 17.800	   Pose	  2.616	 -0.257	  4.992	  1.416
[component_container-11] 	 17.800	  Twist	  0.169	  0.076	  0.014	 -0.273
[component_container-11] 	 17.800	ErrPose	 -0.386	  0.684	 -0.006	 -0.019
[component_container-11] 	 17.800	ErrTwis	  0.573	  0.357	 -0.008	 -0.007
[component_container-11] 	 17.800	    GPS	  2.267	 -0.220	  4.994	     --
[component_container-11] 	 17.800	   Baro	     --	     --	  5.443	     --
[component_container-11] 	 17.800	  BBias	     --	     --	  0.314	     --
[component_container-11] 	 17.800	  Sonar	     --	     --	  2.486	     --
[component_container-11] 	 17.800	  Magnt	     --	     --	     --	  1.430
[component_container-11] 
[component_container-11] 	 17.840	   Pose	  2.623	 -0.254	  5.013	  1.405
[component_container-11] 	 17.840	  Twist	  0.169	  0.070	  0.037	 -0.267
[component_container-11] 	 17.840	ErrPose	 -0.405	  0.714	 -0.028	 -0.019
[component_container-11] 	 17.840	ErrTwis	  0.581	  0.369	 -0.030	 -0.013
[component_container-11] 	 17.840	    GPS	  2.267	 -0.220	  4.994	     --
[component_container-11] 	 17.840	   Baro	     --	     --	  5.539	     --
[component_container-11] 	 17.840	  BBias	     --	     --	  0.314	     --
[component_container-11] 	 17.840	  Sonar	     --	     --	    inf	     --
[component_container-11] 	 17.840	  Magnt	     --	     --	     --	  1.401
[component_container-11] 
[component_container-11] 	 17.870	   Pose	  2.628	 -0.252	  5.009	  1.396
[component_container-11] 	 17.870	  Twist	  0.169	  0.066	  0.033	 -0.276
[component_container-11] 	 17.870	ErrPose	 -0.416	  0.728	 -0.024	 -0.016
[component_container-11] 	 17.870	ErrTwis	  0.585	  0.376	 -0.025	 -0.003
[component_container-11] 	 17.870	    GPS	  2.267	 -0.220	  4.994	     --
[component_container-11] 	 17.870	   Baro	     --	     --	  5.264	     --
[component_container-11] 	 17.870	  BBias	     --	     --	  0.314	     --
[component_container-11] 	 17.870	  Sonar	     --	     --	    inf	     --
[component_container-11] 	 17.870	  Magnt	     --	     --	     --	  1.344
[component_container-11] 
[component_container-11] 	 17.900	   Pose	  2.633	 -0.250	  5.010	  1.388
[component_container-11] 	 17.900	  Twist	  0.169	  0.061	  0.034	 -0.272
[component_container-11] 	 17.900	ErrPose	 -0.433	  0.760	 -0.026	 -0.019
[component_container-11] 	 17.900	ErrTwis	  0.592	  0.388	 -0.026	 -0.008
[component_container-11] 	 17.900	    GPS	  2.267	 -0.220	  4.994	     --
[component_container-11] 	 17.900	   Baro	     --	     --	  5.264	     --
[component_container-11] 	 17.900	  BBias	     --	     --	  0.314	     --
[component_container-11] 	 17.900	  Sonar	     --	     --	    inf	     --
[component_container-11] 	 17.900	  Magnt	     --	     --	     --	  1.344
[component_container-11] 
[component_container-11] 	 17.940	   Pose	  2.640	 -0.248	  5.004	  1.377
[component_container-11] 	 17.940	  Twist	  0.169	  0.054	  0.027	 -0.266
[component_container-11] 	 17.940	ErrPose	 -0.451	  0.792	 -0.022	 -0.019
[component_container-11] 	 17.940	ErrTwis	  0.600	  0.404	 -0.019	 -0.014
[component_container-11] 	 17.940	    GPS	  2.267	 -0.220	  4.994	     --
[component_container-11] 	 17.940	   Baro	     --	     --	  5.245	     --
[component_container-11] 	 17.940	  BBias	     --	     --	  0.314	     --
[component_container-11] 	 17.940	  Sonar	     --	     --	    inf	     --
[component_container-11] 	 17.940	  Magnt	     --	     --	     --	  1.400
[component_container-11] 
[component_container-11] 	 17.970	   Pose	  2.645	 -0.246	  5.001	  1.369
[component_container-11] 	 17.970	  Twist	  0.168	  0.050	  0.024	 -0.259
[component_container-11] 	 17.970	ErrPose	 -0.462	  0.808	 -0.019	 -0.017
[component_container-11] 	 17.970	ErrTwis	  0.603	  0.413	 -0.015	 -0.021
[component_container-11] 	 17.970	    GPS	  2.267	 -0.220	  4.994	     --
[component_container-11] 	 17.970	   Baro	     --	     --	  5.277	     --
[component_container-11] 	 17.970	  BBias	     --	     --	  0.314	     --
[component_container-11] 	 17.970	  Sonar	     --	     --	    inf	     --
[component_container-11] 	 17.970	  Magnt	     --	     --	     --	  1.367
[component_container-11] 
[component_container-11] 	 18.000	   Pose	  2.650	 -0.245	  5.002	  1.362
[component_container-11] 	 18.000	  Twist	  0.168	  0.045	  0.025	 -0.258
[component_container-11] 	 18.000	ErrPose	 -0.479	  0.841	 -0.021	 -0.020
[component_container-11] 	 18.000	ErrTwis	  0.610	  0.426	 -0.016	 -0.022
[component_container-11] 	 18.000	    GPS	  2.267	 -0.220	  4.994	     --
[component_container-11] 	 18.000	   Baro	     --	     --	  5.277	     --
[component_container-11] 	 18.000	  BBias	     --	     --	  0.314	     --
[component_container-11] 	 18.000	  Sonar	     --	     --	    inf	     --
[component_container-11] 	 18.000	  Magnt	     --	     --	     --	  1.367
[component_container-11] 
[component_container-11] 	 18.040	   Pose	  2.432	  0.151	  4.996	  1.349
[component_container-11] 	 18.040	  Twist	  0.018	  0.355	  0.020	 -0.267
[component_container-11] 	 18.040	ErrPose	 -0.273	  0.481	 -0.016	 -0.019
[component_container-11] 	 18.040	ErrTwis	  0.765	  0.127	 -0.013	 -0.013
[component_container-11] 	 18.040	    GPS	  2.123	  0.469	  4.981	     --
[component_container-11] 	 18.040	   Baro	     --	     --	  5.274	     --
[component_container-11] 	 18.040	  BBias	     --	     --	  0.314	     --
[component_container-11] 	 18.040	  Sonar	     --	     --	    inf	     --
[component_container-11] 	 18.040	  Magnt	     --	     --	     --	  1.299
[component_container-11] 
[component_container-11] [INFO] [1775370740.193635257] [drone.estimator]: TMP LOG err_xyz=(-0.273, 0.481, -0.016) | z_est=4.996 vz_est=0.020 bias=0.314 | gps_z=4.981 sonar=inf baro=5.274
[component_container-11] 	 18.070	   Pose	  2.433	  0.161	  5.000	  1.341
[component_container-11] 	 18.070	  Twist	  0.018	  0.350	  0.025	 -0.262
[component_container-11] 	 18.070	ErrPose	 -0.279	  0.488	 -0.021	 -0.016
[component_container-11] 	 18.070	ErrTwis	  0.769	  0.136	 -0.019	 -0.017
[component_container-11] 	 18.070	    GPS	  2.123	  0.469	  4.981	     --
[component_container-11] 	 18.070	   Baro	     --	     --	  5.355	     --
[component_container-11] 	 18.070	  BBias	     --	     --	  0.314	     --
[component_container-11] 	 18.070	  Sonar	     --	     --	    inf	     --
[component_container-11] 	 18.070	  Magnt	     --	     --	     --	  1.321
[component_container-11] 
[component_container-11] [INFO] [1775370740.253552292] [drone.controller]: cmd_vel body=(0.852, 0.523, 0.001) yaw=-0.300 | odom_received=true | plan_points=46
[component_container-11] 	 18.100	   Pose	  2.433	  0.172	  5.001	  1.333
[component_container-11] 	 18.100	  Twist	  0.017	  0.346	  0.027	 -0.268
[component_container-11] 	 18.100	ErrPose	 -0.291	  0.513	 -0.023	 -0.020
[component_container-11] 	 18.100	ErrTwis	  0.773	  0.150	 -0.019	 -0.012
[component_container-11] 	 18.100	    GPS	  2.123	  0.469	  4.981	     --
[component_container-11] 	 18.100	   Baro	     --	     --	  5.355	     --
[component_container-11] 	 18.100	  BBias	     --	     --	  0.314	     --
[component_container-11] 	 18.100	  Sonar	     --	     --	    inf	     --
[component_container-11] 	 18.100	  Magnt	     --	     --	     --	  1.321
[component_container-11] 
[component_container-11] 	 18.140	   Pose	  2.434	  0.185	  4.991	  1.322
[component_container-11] 	 18.140	  Twist	  0.017	  0.340	  0.018	 -0.260
[component_container-11] 	 18.140	ErrPose	 -0.303	  0.536	 -0.013	 -0.020
[component_container-11] 	 18.140	ErrTwis	  0.778	  0.167	 -0.009	 -0.020
[component_container-11] 	 18.140	    GPS	  2.123	  0.469	  4.981	     --
[component_container-11] 	 18.140	   Baro	     --	     --	  5.176	     --
[component_container-11] 	 18.140	  BBias	     --	     --	  0.314	     --
[component_container-11] 	 18.140	  Sonar	     --	     --	    inf	     --
[component_container-11] 	 18.140	  Magnt	     --	     --	     --	  1.299
[component_container-11] 
[component_container-11] 	 18.170	   Pose	  2.434	  0.195	  5.001	  1.313
[component_container-11] 	 18.170	  Twist	  0.016	  0.335	  0.030	 -0.273
[component_container-11] 	 18.170	ErrPose	 -0.310	  0.544	 -0.024	 -0.016
[component_container-11] 	 18.170	ErrTwis	  0.781	  0.176	 -0.022	 -0.007
[component_container-11] 	 18.170	    GPS	  2.123	  0.469	  4.981	     --
[component_container-11] 	 18.170	   Baro	     --	     --	  5.425	     --
[component_container-11] 	 18.170	  BBias	     --	     --	  0.314	     --
[component_container-11] 	 18.170	  Sonar	     --	     --	    inf	     --
[component_container-11] 	 18.170	  Magnt	     --	     --	     --	  1.269
[component_container-11] 
[component_container-11] 	 18.200	   Pose	  2.435	  0.205	  5.002	  1.305
[component_container-11] 	 18.200	  Twist	  0.016	  0.330	  0.032	 -0.271
[component_container-11] 	 18.200	ErrPose	 -0.321	  0.570	 -0.026	 -0.019
[component_container-11] 	 18.200	ErrTwis	  0.784	  0.191	 -0.025	 -0.009
[component_container-11] 	 18.200	    GPS	  2.123	  0.469	  4.981	     --
[component_container-11] 	 18.200	   Baro	     --	     --	  5.425	     --
[component_container-11] 	 18.200	  BBias	     --	     --	  0.314	     --
[component_container-11] 	 18.200	  Sonar	     --	     --	    inf	     --
[component_container-11] 	 18.200	  Magnt	     --	     --	     --	  1.269
[component_container-11] 
[component_container-11] 	 18.240	   Pose	  2.436	  0.218	  4.999	  1.294
[component_container-11] 	 18.240	  Twist	  0.015	  0.323	  0.031	 -0.253
[component_container-11] 	 18.240	ErrPose	 -0.333	  0.594	 -0.025	 -0.019
[component_container-11] 	 18.240	ErrTwis	  0.788	  0.207	 -0.025	 -0.027
[component_container-11] 	 18.240	    GPS	  2.123	  0.469	  4.981	     --
[component_container-11] 	 18.240	   Baro	     --	     --	  5.272	     --
[component_container-11] 	 18.240	  BBias	     --	     --	  0.314	     --
[component_container-11] 	 18.240	  Sonar	     --	     --	    inf	     --
[component_container-11] 	 18.240	  Magnt	     --	     --	     --	  1.293
[component_container-11] 
[component_container-11] 	 18.270	   Pose	  2.436	  0.228	  4.998	  1.286
[component_container-11] 	 18.270	  Twist	  0.015	  0.319	  0.031	 -0.254
[component_container-11] 	 18.270	ErrPose	 -0.339	  0.603	 -0.024	 -0.017
[component_container-11] 	 18.270	ErrTwis	  0.789	  0.216	 -0.024	 -0.026
[component_container-11] 	 18.270	    GPS	  2.123	  0.469	  4.981	     --
[component_container-11] 	 18.270	   Baro	     --	     --	  5.286	     --
[component_container-11] 	 18.270	  BBias	     --	     --	  0.314	     --
[component_container-11] 	 18.270	  Sonar	     --	     --	    inf	     --
[component_container-11] 	 18.270	  Magnt	     --	     --	     --	  1.306
[component_container-11] 
[component_container-11] 	 18.300	   Pose	  2.436	  0.238	  4.999	  1.278
[component_container-11] 	 18.300	  Twist	  0.014	  0.314	  0.032	 -0.279
[component_container-11] 	 18.300	ErrPose	 -0.351	  0.631	 -0.025	 -0.021
[component_container-11] 	 18.300	ErrTwis	  0.792	  0.230	 -0.026	 -0.001
[component_container-11] 	 18.300	    GPS	  2.123	  0.469	  4.981	     --
[component_container-11] 	 18.300	   Baro	     --	     --	  5.286	     --
[component_container-11] 	 18.300	  BBias	     --	     --	  0.314	     --
[component_container-11] 	 18.300	  Sonar	     --	     --	    inf	     --
[component_container-11] 	 18.300	  Magnt	     --	     --	     --	  1.306
[component_container-11] 
[component_container-11] 	 18.340	   Pose	  2.437	  0.250	  4.987	  1.267
[component_container-11] 	 18.340	  Twist	  0.014	  0.306	  0.022	 -0.262
[component_container-11] 	 18.340	ErrPose	 -0.363	  0.657	 -0.014	 -0.021
[component_container-11] 	 18.340	ErrTwis	  0.794	  0.246	 -0.017	 -0.018
[component_container-11] 	 18.340	    GPS	  2.123	  0.469	  4.981	     --
[component_container-11] 	 18.340	   Baro	     --	     --	  5.163	     --
[component_container-11] 	 18.340	  BBias	     --	     --	  0.314	     --
[component_container-11] 	 18.340	  Sonar	     --	     --	    inf	     --
[component_container-11] 	 18.340	  Magnt	     --	     --	     --	  1.262
[component_container-11] 
[component_container-11] 	 18.370	   Pose	  2.437	  0.259	  4.991	  1.259
[component_container-11] 	 18.370	  Twist	  0.013	  0.301	  0.026	 -0.268
[component_container-11] 	 18.370	ErrPose	 -0.368	  0.666	 -0.019	 -0.019
[component_container-11] 	 18.370	ErrTwis	  0.795	  0.255	 -0.022	 -0.012
[component_container-11] 	 18.370	    GPS	  2.123	  0.469	  4.981	     --
[component_container-11] 	 18.370	   Baro	     --	     --	  5.337	     --
[component_container-11] 	 18.370	  BBias	     --	     --	  0.314	     --
[component_container-11] 	 18.370	  Sonar	     --	     --	    inf	     --
[component_container-11] 	 18.370	  Magnt	     --	     --	     --	  1.252
[component_container-11] 
[component_container-11] 	 18.400	   Pose	  2.438	  0.268	  4.992	  1.251
[component_container-11] 	 18.400	  Twist	  0.012	  0.296	  0.028	 -0.267
[component_container-11] 	 18.400	ErrPose	 -0.380	  0.696	 -0.020	 -0.022
[component_container-11] 	 18.400	ErrTwis	  0.796	  0.269	 -0.022	 -0.012
[component_container-11] 	 18.400	    GPS	  2.123	  0.469	  4.981	     --
[component_container-11] 	 18.400	   Baro	     --	     --	  5.337	     --
[component_container-11] 	 18.400	  BBias	     --	     --	  0.314	     --
[component_container-11] 	 18.400	  Sonar	     --	     --	    inf	     --
[component_container-11] 	 18.400	  Magnt	     --	     --	     --	  1.252
[component_container-11] 
[component_container-11] 	 18.440	   Pose	  2.438	  0.280	  5.000	  1.240
[component_container-11] 	 18.440	  Twist	  0.012	  0.290	  0.038	 -0.268
[component_container-11] 	 18.440	ErrPose	 -0.391	  0.722	 -0.029	 -0.021
[component_container-11] 	 18.440	ErrTwis	  0.797	  0.284	 -0.032	 -0.012
[component_container-11] 	 18.440	    GPS	  2.123	  0.469	  4.981	     --
[component_container-11] 	 18.440	   Baro	     --	     --	  5.380	     --
[component_container-11] 	 18.440	  BBias	     --	     --	  0.314	     --
[component_container-11] 	 18.440	  Sonar	     --	     --	    inf	     --
[component_container-11] 	 18.440	  Magnt	     --	     --	     --	  1.226
[component_container-11] 
[component_container-11] [INFO] [1775370740.614499316] [drone.estimator]: TMP LOG sonar rejected: meas=2.519 est_z=4.999 innov=-2.480
[component_container-11] 	 18.470	   Pose	  2.439	  0.288	  4.999	  1.231
[component_container-11] 	 18.470	  Twist	  0.011	  0.285	  0.040	 -0.277
[component_container-11] 	 18.470	ErrPose	 -0.397	  0.733	 -0.029	 -0.018
[component_container-11] 	 18.470	ErrTwis	  0.797	  0.293	 -0.033	 -0.003
[component_container-11] 	 18.470	    GPS	  2.123	  0.469	  4.981	     --
[component_container-11] 	 18.470	   Baro	     --	     --	  5.300	     --
[component_container-11] 	 18.470	  BBias	     --	     --	  0.314	     --
[component_container-11] 	 18.470	  Sonar	     --	     --	  2.519	     --
[component_container-11] 	 18.470	  Magnt	     --	     --	     --	  1.215
[component_container-11] 
[component_container-11] 	 18.500	   Pose	  2.439	  0.297	  5.001	  1.223
[component_container-11] 	 18.500	  Twist	  0.011	  0.280	  0.041	 -0.263
[component_container-11] 	 18.500	ErrPose	 -0.408	  0.763	 -0.031	 -0.022
[component_container-11] 	 18.500	ErrTwis	  0.796	  0.307	 -0.035	 -0.017
[component_container-11] 	 18.500	    GPS	  2.123	  0.469	  4.981	     --
[component_container-11] 	 18.500	   Baro	     --	     --	  5.300	     --
[component_container-11] 	 18.500	  BBias	     --	     --	  0.314	     --
[component_container-11] 	 18.500	  Sonar	     --	     --	  2.519	     --
[component_container-11] 	 18.500	  Magnt	     --	     --	     --	  1.215
[component_container-11] 
[component_container-11] [INFO] [1775370740.662545280] [drone.estimator]: TMP LOG gps innov_xy=(-0.470, 0.834) est_xy=(2.439, 0.300) gps_xy=(1.969, 1.134) corr_xy=(1.969, 1.134) vel_xy=(0.011, 0.279)
[component_container-11] [INFO] [1775370740.662739595] [drone.estimator]: TMP LOG gps vel pseudo raw=(-0.308, 1.329) filt=(-0.306, 1.321) innov_v=(-0.248, 0.922) apply=(1,1)
[component_container-11] 	 18.540	   Pose	  2.253	  0.711	  5.001	  1.212
[component_container-11] 	 18.540	  Twist	 -0.105	  0.571	  0.042	 -0.256
[component_container-11] 	 18.540	ErrPose	 -0.233	  0.387	 -0.032	 -0.022
[component_container-11] 	 18.540	ErrTwis	  0.910	  0.026	 -0.035	 -0.023
[component_container-11] 	 18.540	    GPS	  1.969	  1.134	  4.969	     --
[component_container-11] 	 18.540	   Baro	     --	     --	  5.369	     --
[component_container-11] 	 18.540	  BBias	     --	     --	  0.315	     --
[component_container-11] 	 18.540	  Sonar	     --	     --	  2.465	     --
[component_container-11] 	 18.540	  Magnt	     --	     --	     --	  1.207
[component_container-11] 
[component_container-11] 	 18.570	   Pose	  2.250	  0.728	  5.000	  1.203
[component_container-11] 	 18.570	  Twist	 -0.106	  0.566	  0.041	 -0.266
[component_container-11] 	 18.570	ErrPose	 -0.235	  0.390	 -0.032	 -0.019
[component_container-11] 	 18.570	ErrTwis	  0.910	  0.035	 -0.034	 -0.013
[component_container-11] 	 18.570	    GPS	  1.969	  1.134	  4.969	     --
[component_container-11] 	 18.570	   Baro	     --	     --	  5.289	     --
[component_container-11] 	 18.570	  BBias	     --	     --	  0.315	     --
[component_container-11] 	 18.570	  Sonar	     --	     --	  2.512	     --
[component_container-11] 	 18.570	  Magnt	     --	     --	     --	  1.175
[component_container-11] 
[component_container-11] 	 18.600	   Pose	  2.247	  0.745	  5.002	  1.195
[component_container-11] 	 18.600	  Twist	 -0.106	  0.561	  0.043	 -0.266
[component_container-11] 	 18.600	ErrPose	 -0.242	  0.412	 -0.034	 -0.021
[component_container-11] 	 18.600	ErrTwis	  0.908	  0.049	 -0.036	 -0.014
[component_container-11] 	 18.600	    GPS	  1.969	  1.134	  4.969	     --
[component_container-11] 	 18.600	   Baro	     --	     --	  5.289	     --
[component_container-11] 	 18.600	  BBias	     --	     --	  0.315	     --
[component_container-11] 	 18.600	  Sonar	     --	     --	  2.512	     --
[component_container-11] 	 18.600	  Magnt	     --	     --	     --	  1.175
[component_container-11] 
[component_container-11] 	 18.640	   Pose	  2.243	  0.767	  4.998	  1.183
[component_container-11] 	 18.640	  Twist	 -0.106	  0.554	  0.039	 -0.283
[component_container-11] 	 18.640	ErrPose	 -0.248	  0.429	 -0.031	 -0.021
[component_container-11] 	 18.640	ErrTwis	  0.905	  0.065	 -0.034	  0.003
[component_container-11] 	 18.640	    GPS	  1.969	  1.134	  4.969	     --
[component_container-11] 	 18.640	   Baro	     --	     --	  5.247	     --
[component_container-11] 	 18.640	  BBias	     --	     --	  0.314	     --
[component_container-11] 	 18.640	  Sonar	     --	     --	  3.816	     --
[component_container-11] 	 18.640	  Magnt	     --	     --	     --	  1.159
[component_container-11] 
[component_container-11] 	 18.670	   Pose	  2.240	  0.784	  5.003	  1.174
[component_container-11] 	 18.670	  Twist	 -0.107	  0.550	  0.045	 -0.263
[component_container-11] 	 18.670	ErrPose	 -0.251	  0.432	 -0.036	 -0.017
[component_container-11] 	 18.670	ErrTwis	  0.903	  0.074	 -0.041	 -0.017
[component_container-11] 	 18.670	    GPS	  1.969	  1.134	  4.969	     --
[component_container-11] 	 18.670	   Baro	     --	     --	  5.363	     --
[component_container-11] 	 18.670	  BBias	     --	     --	  0.315	     --
[component_container-11] 	 18.670	  Sonar	     --	     --	    inf	     --
[component_container-11] 	 18.670	  Magnt	     --	     --	     --	  1.118
[component_container-11] 
[component_container-11] 	 18.700	   Pose	  2.236	  0.800	  5.005	  1.165
[component_container-11] 	 18.700	  Twist	 -0.107	  0.544	  0.047	 -0.262
[component_container-11] 	 18.700	ErrPose	 -0.258	  0.454	 -0.038	 -0.020
[component_container-11] 	 18.700	ErrTwis	  0.900	  0.088	 -0.042	 -0.018
[component_container-11] 	 18.700	    GPS	  1.969	  1.134	  4.969	     --
[component_container-11] 	 18.700	   Baro	     --	     --	  5.363	     --
[component_container-11] 	 18.700	  BBias	     --	     --	  0.315	     --
[component_container-11] 	 18.700	  Sonar	     --	     --	    inf	     --
[component_container-11] 	 18.700	  Magnt	     --	     --	     --	  1.118
[component_container-11] 
[component_container-11] 	 18.740	   Pose	  2.232	  0.822	  4.996	  1.155
[component_container-11] 	 18.740	  Twist	 -0.107	  0.538	  0.039	 -0.259
[component_container-11] 	 18.740	ErrPose	 -0.264	  0.472	 -0.030	 -0.021
[component_container-11] 	 18.740	ErrTwis	  0.896	  0.103	 -0.034	 -0.021
[component_container-11] 	 18.740	    GPS	  1.969	  1.134	  4.969	     --
[component_container-11] 	 18.740	   Baro	     --	     --	  5.190	     --
[component_container-11] 	 18.740	  BBias	     --	     --	  0.314	     --
[component_container-11] 	 18.740	  Sonar	     --	     --	    inf	     --
[component_container-11] 	 18.740	  Magnt	     --	     --	     --	  1.186
[component_container-11] 
[component_container-11] 	 18.770	   Pose	  2.229	  0.838	  4.996	  1.147
[component_container-11] 	 18.770	  Twist	 -0.107	  0.532	  0.039	 -0.269
[component_container-11] 	 18.770	ErrPose	 -0.266	  0.476	 -0.030	 -0.018
[component_container-11] 	 18.770	ErrTwis	  0.894	  0.113	 -0.036	 -0.010
[component_container-11] 	 18.770	    GPS	  1.969	  1.134	  4.969	     --
[component_container-11] 	 18.770	   Baro	     --	     --	  5.301	     --
[component_container-11] 	 18.770	  BBias	     --	     --	  0.314	     --
[component_container-11] 	 18.770	  Sonar	     --	     --	    inf	     --
[component_container-11] 	 18.770	  Magnt	     --	     --	     --	  1.144
[component_container-11] 
[component_container-11] 	 18.800	   Pose	  2.226	  0.854	  4.997	  1.139
[component_container-11] 	 18.800	  Twist	 -0.108	  0.527	  0.041	 -0.270
[component_container-11] 	 18.800	ErrPose	 -0.273	  0.499	 -0.032	 -0.021
[component_container-11] 	 18.800	ErrTwis	  0.889	  0.126	 -0.038	 -0.010
[component_container-11] 	 18.800	    GPS	  1.969	  1.134	  4.969	     --
[component_container-11] 	 18.800	   Baro	     --	     --	  5.301	     --
[component_container-11] 	 18.800	  BBias	     --	     --	  0.314	     --
[component_container-11] 	 18.800	  Sonar	     --	     --	    inf	     --
[component_container-11] 	 18.800	  Magnt	     --	     --	     --	  1.144
[component_container-11] 
[component_container-11] 	 18.840	   Pose	  2.221	  0.875	  5.000	  1.128
[component_container-11] 	 18.840	  Twist	 -0.109	  0.520	  0.046	 -0.257
[component_container-11] 	 18.840	ErrPose	 -0.279	  0.518	 -0.036	 -0.021
[component_container-11] 	 18.840	ErrTwis	  0.884	  0.141	 -0.042	 -0.023
[component_container-11] 	 18.840	    GPS	  1.969	  1.134	  4.969	     --
[component_container-11] 	 18.840	   Baro	     --	     --	  5.331	     --
[component_container-11] 	 18.840	  BBias	     --	     --	  0.314	     --
[component_container-11] 	 18.840	  Sonar	     --	     --	    inf	     --
[component_container-11] 	 18.840	  Magnt	     --	     --	     --	  1.129
[component_container-11] 
[component_container-11] 	 18.870	   Pose	  2.218	  0.891	  5.003	  1.119
[component_container-11] 	 18.870	  Twist	 -0.109	  0.516	  0.049	 -0.277
[component_container-11] 	 18.870	ErrPose	 -0.280	  0.522	 -0.038	 -0.018
[component_container-11] 	 18.870	ErrTwis	  0.881	  0.149	 -0.045	 -0.003
[component_container-11] 	 18.870	    GPS	  1.969	  1.134	  4.969	     --
[component_container-11] 	 18.870	   Baro	     --	     --	  5.326	     --
[component_container-11] 	 18.870	  BBias	     --	     --	  0.314	     --
[component_container-11] 	 18.870	  Sonar	     --	     --	    inf	     --
[component_container-11] 	 18.870	  Magnt	     --	     --	     --	  1.093
[component_container-11] 
[component_container-11] 	 18.900	   Pose	  2.215	  0.906	  5.004	  1.111
[component_container-11] 	 18.900	  Twist	 -0.109	  0.510	  0.051	 -0.259
[component_container-11] 	 18.900	ErrPose	 -0.287	  0.546	 -0.040	 -0.021
[component_container-11] 	 18.900	ErrTwis	  0.875	  0.162	 -0.047	 -0.021
[component_container-11] 	 18.900	    GPS	  1.969	  1.134	  4.969	     --
[component_container-11] 	 18.900	   Baro	     --	     --	  5.326	     --
[component_container-11] 	 18.900	  BBias	     --	     --	  0.314	     --
[component_container-11] 	 18.900	  Sonar	     --	     --	    inf	     --
[component_container-11] 	 18.900	  Magnt	     --	     --	     --	  1.093
[component_container-11] 
[component_container-11] 	 18.940	   Pose	  2.210	  0.926	  5.007	  1.100
[component_container-11] 	 18.940	  Twist	 -0.110	  0.504	  0.054	 -0.266
[component_container-11] 	 18.940	ErrPose	 -0.293	  0.565	 -0.043	 -0.022
[component_container-11] 	 18.940	ErrTwis	  0.869	  0.177	 -0.050	 -0.014
[component_container-11] 	 18.940	    GPS	  1.969	  1.134	  4.969	     --
[component_container-11] 	 18.940	   Baro	     --	     --	  5.324	     --
[component_container-11] 	 18.940	  BBias	     --	     --	  0.314	     --
[component_container-11] 	 18.940	  Sonar	     --	     --	    inf	     --
[component_container-11] 	 18.940	  Magnt	     --	     --	     --	  1.130
[component_container-11] 
[component_container-11] 	 18.970	   Pose	  2.207	  0.941	  4.997	  1.091
[component_container-11] 	 18.970	  Twist	 -0.111	  0.499	  0.045	 -0.269
[component_container-11] 	 18.970	ErrPose	 -0.295	  0.570	 -0.033	 -0.018
[component_container-11] 	 18.970	ErrTwis	  0.866	  0.185	 -0.040	 -0.010
[component_container-11] 	 18.970	    GPS	  1.969	  1.134	  4.969	     --
[component_container-11] 	 18.970	   Baro	     --	     --	  5.190	     --
[component_container-11] 	 18.970	  BBias	     --	     --	  0.314	     --
[component_container-11] 	 18.970	  Sonar	     --	     --	    inf	     --
[component_container-11] 	 18.970	  Magnt	     --	     --	     --	  1.049
[component_container-11] 
[component_container-11] 	 19.000	   Pose	  2.204	  0.956	  4.998	  1.083
[component_container-11] 	 19.000	  Twist	 -0.111	  0.495	  0.047	 -0.287
[component_container-11] 	 19.000	ErrPose	 -0.302	  0.595	 -0.035	 -0.021
[component_container-11] 	 19.000	ErrTwis	  0.858	  0.197	 -0.041	  0.007
[component_container-11] 	 19.000	    GPS	  1.969	  1.134	  4.969	     --
[component_container-11] 	 19.000	   Baro	     --	     --	  5.190	     --
[component_container-11] 	 19.000	  BBias	     --	     --	  0.314	     --
[component_container-11] 	 19.000	  Sonar	     --	     --	    inf	     --
[component_container-11] 	 19.000	  Magnt	     --	     --	     --	  1.049
[component_container-11] 
[component_container-11] 	 19.040	   Pose	  2.058	  1.151	  4.988	  1.072
[component_container-11] 	 19.040	  Twist	 -0.193	  0.585	  0.037	 -0.269
[component_container-11] 	 19.040	ErrPose	 -0.166	  0.439	 -0.025	 -0.022
[component_container-11] 	 19.040	ErrTwis	  0.932	  0.115	 -0.032	 -0.010
[component_container-11] 	 19.040	    GPS	  1.820	  1.449	  4.963	     --
[component_container-11] 	 19.040	   Baro	     --	     --	  5.227	     --
[component_container-11] 	 19.040	  BBias	     --	     --	  0.315	     --
[component_container-11] 	 19.040	  Sonar	     --	     --	    inf	     --
[component_container-11] 	 19.040	  Magnt	     --	     --	     --	  1.083
[component_container-11] 
[component_container-11] [INFO] [1775370741.198827843] [drone.estimator]: TMP LOG err_xyz=(-0.166, 0.439, -0.025) | z_est=4.988 vz_est=0.037 bias=0.315 | gps_z=4.963 sonar=inf baro=5.227
[component_container-11] 	 19.070	   Pose	  2.053	  1.169	  4.986	  1.064
[component_container-11] 	 19.070	  Twist	 -0.193	  0.580	  0.037	 -0.260
[component_container-11] 	 19.070	ErrPose	 -0.166	  0.441	 -0.024	 -0.019
[component_container-11] 	 19.070	ErrTwis	  0.928	  0.123	 -0.032	 -0.020
[component_container-11] 	 19.070	    GPS	  1.820	  1.449	  4.963	     --
[component_container-11] 	 19.070	   Baro	     --	     --	  5.273	     --
[component_container-11] 	 19.070	  BBias	     --	     --	  0.314	     --
[component_container-11] 	 19.070	  Sonar	     --	     --	    inf	     --
[component_container-11] 	 19.070	  Magnt	     --	     --	     --	  1.047
[component_container-11] 
[component_container-11] [INFO] [1775370741.259044910] [drone.controller]: cmd_vel body=(0.679, 0.734, 0.012) yaw=-0.300 | odom_received=true | plan_points=33
[component_container-11] 	 19.100	   Pose	  2.047	  1.186	  4.988	  1.055
[component_container-11] 	 19.100	  Twist	 -0.194	  0.574	  0.039	 -0.267
[component_container-11] 	 19.100	ErrPose	 -0.170	  0.463	 -0.025	 -0.022
[component_container-11] 	 19.100	ErrTwis	  0.919	  0.136	 -0.035	 -0.013
[component_container-11] 	 19.100	    GPS	  1.820	  1.449	  4.963	     --
[component_container-11] 	 19.100	   Baro	     --	     --	  5.273	     --
[component_container-11] 	 19.100	  BBias	     --	     --	  0.314	     --
[component_container-11] 	 19.100	  Sonar	     --	     --	    inf	     --
[component_container-11] 	 19.100	  Magnt	     --	     --	     --	  1.047
[component_container-11] 
[component_container-11] 	 19.140	   Pose	  2.039	  1.209	  4.986	  1.045
[component_container-11] 	 19.140	  Twist	 -0.195	  0.568	  0.039	 -0.253
[component_container-11] 	 19.140	ErrPose	 -0.172	  0.479	 -0.023	 -0.022
[component_container-11] 	 19.140	ErrTwis	  0.912	  0.150	 -0.034	 -0.026
[component_container-11] 	 19.140	    GPS	  1.820	  1.449	  4.963	     --
[component_container-11] 	 19.140	   Baro	     --	     --	  5.260	     --
[component_container-11] 	 19.140	  BBias	     --	     --	  0.314	     --
[component_container-11] 	 19.140	  Sonar	     --	     --	    inf	     --
[component_container-11] 	 19.140	  Magnt	     --	     --	     --	  1.049
[component_container-11] 
[component_container-11] 	 19.170	   Pose	  2.033	  1.226	  4.981	  1.036
[component_container-11] 	 19.170	  Twist	 -0.196	  0.564	  0.036	 -0.279
[component_container-11] 	 19.170	ErrPose	 -0.171	  0.482	 -0.019	 -0.019
[component_container-11] 	 19.170	ErrTwis	  0.907	  0.157	 -0.030	 -0.001
[component_container-11] 	 19.170	    GPS	  1.820	  1.449	  4.963	     --
[component_container-11] 	 19.170	   Baro	     --	     --	  5.227	     --
[component_container-11] 	 19.170	  BBias	     --	     --	  0.314	     --
[component_container-11] 	 19.170	  Sonar	     --	     --	    inf	     --
[component_container-11] 	 19.170	  Magnt	     --	     --	     --	  1.009
[component_container-11] 
[component_container-11] 	 19.200	   Pose	  2.027	  1.243	  4.982	  1.028
[component_container-11] 	 19.200	  Twist	 -0.197	  0.559	  0.037	 -0.276
[component_container-11] 	 19.200	ErrPose	 -0.175	  0.504	 -0.020	 -0.022
[component_container-11] 	 19.200	ErrTwis	  0.899	  0.168	 -0.032	 -0.003
[component_container-11] 	 19.200	    GPS	  1.820	  1.449	  4.963	     --
[component_container-11] 	 19.200	   Baro	     --	     --	  5.227	     --
[component_container-11] 	 19.200	  BBias	     --	     --	  0.314	     --
[component_container-11] 	 19.200	  Sonar	     --	     --	    inf	     --
[component_container-11] 	 19.200	  Magnt	     --	     --	     --	  1.009
[component_container-11] 
[component_container-11] 	 19.240	   Pose	  2.019	  1.265	  4.961	  1.016
[component_container-11] 	 19.240	  Twist	 -0.199	  0.553	  0.018	 -0.265
[component_container-11] 	 19.240	ErrPose	 -0.178	  0.521	  0.001	 -0.021
[component_container-11] 	 19.240	ErrTwis	  0.890	  0.181	 -0.012	 -0.014
[component_container-11] 	 19.240	    GPS	  1.820	  1.449	  4.963	     --
[component_container-11] 	 19.240	   Baro	     --	     --	  5.037	     --
[component_container-11] 	 19.240	  BBias	     --	     --	  0.314	     --
[component_container-11] 	 19.240	  Sonar	     --	     --	    inf	     --
[component_container-11] 	 19.240	  Magnt	     --	     --	     --	  0.978
[component_container-11] 
[component_container-11] 	 19.270	   Pose	  2.013	  1.282	  4.957	  1.008
[component_container-11] 	 19.270	  Twist	 -0.199	  0.548	  0.015	 -0.267
[component_container-11] 	 19.270	ErrPose	 -0.177	  0.524	  0.005	 -0.019
[component_container-11] 	 19.270	ErrTwis	  0.886	  0.189	 -0.009	 -0.013
[component_container-11] 	 19.270	    GPS	  1.820	  1.449	  4.963	     --
[component_container-11] 	 19.270	   Baro	     --	     --	  5.221	     --
[component_container-11] 	 19.270	  BBias	     --	     --	  0.314	     --
[component_container-11] 	 19.270	  Sonar	     --	     --	    inf	     --
[component_container-11] 	 19.270	  Magnt	     --	     --	     --	  1.020
[component_container-11] 
[component_container-11] 	 19.300	   Pose	  2.007	  1.298	  4.958	  1.000
[component_container-11] 	 19.300	  Twist	 -0.199	  0.544	  0.019	 -0.272
[component_container-11] 	 19.300	ErrPose	 -0.181	  0.546	  0.005	 -0.022
[component_container-11] 	 19.300	ErrTwis	  0.875	  0.198	 -0.012	 -0.008
[component_container-11] 	 19.300	    GPS	  1.820	  1.449	  4.963	     --
[component_container-11] 	 19.300	   Baro	     --	     --	  5.221	     --
[component_container-11] 	 19.300	  BBias	     --	     --	  0.314	     --
[component_container-11] 	 19.300	  Sonar	     --	     --	    inf	     --
[component_container-11] 	 19.300	  Magnt	     --	     --	     --	  1.020
[component_container-11] 
[component_container-11] 	 19.340	   Pose	  1.999	  1.320	  4.951	  0.989
[component_container-11] 	 19.340	  Twist	 -0.200	  0.538	  0.015	 -0.273
[component_container-11] 	 19.340	ErrPose	 -0.183	  0.563	  0.012	 -0.022
[component_container-11] 	 19.340	ErrTwis	  0.865	  0.209	 -0.008	 -0.006
[component_container-11] 	 19.340	    GPS	  1.820	  1.449	  4.963	     --
[component_container-11] 	 19.340	   Baro	     --	     --	  5.182	     --
[component_container-11] 	 19.340	  BBias	     --	     --	  0.314	     --
[component_container-11] 	 19.340	  Sonar	     --	     --	    inf	     --
[component_container-11] 	 19.340	  Magnt	     --	     --	     --	  0.995
[component_container-11] 
[component_container-11] 	 19.370	   Pose	  1.993	  1.336	  4.945	  0.980
[component_container-11] 	 19.370	  Twist	 -0.201	  0.534	  0.012	 -0.274
[component_container-11] 	 19.370	ErrPose	 -0.182	  0.566	  0.018	 -0.019
[component_container-11] 	 19.370	ErrTwis	  0.861	  0.215	 -0.004	 -0.006
[component_container-11] 	 19.370	    GPS	  1.820	  1.449	  4.963	     --
[component_container-11] 	 19.370	   Baro	     --	     --	  5.190	     --
[component_container-11] 	 19.370	  BBias	     --	     --	  0.314	     --
[component_container-11] 	 19.370	  Sonar	     --	     --	    inf	     --
[component_container-11] 	 19.370	  Magnt	     --	     --	     --	  0.937
[component_container-11] 
[component_container-11] 	 19.400	   Pose	  1.987	  1.352	  4.945	  0.971
[component_container-11] 	 19.400	  Twist	 -0.202	  0.530	  0.015	 -0.275
[component_container-11] 	 19.400	ErrPose	 -0.185	  0.589	  0.018	 -0.022
[component_container-11] 	 19.400	ErrTwis	  0.850	  0.225	 -0.004	 -0.005
[component_container-11] 	 19.400	    GPS	  1.820	  1.449	  4.963	     --
[component_container-11] 	 19.400	   Baro	     --	     --	  5.190	     --
[component_container-11] 	 19.400	  BBias	     --	     --	  0.314	     --
[component_container-11] 	 19.400	  Sonar	     --	     --	    inf	     --
[component_container-11] 	 19.400	  Magnt	     --	     --	     --	  0.937
[component_container-11] 
[component_container-11] 	 19.440	   Pose	  1.979	  1.373	  4.943	  0.961
[component_container-11] 	 19.440	  Twist	 -0.204	  0.525	  0.016	 -0.267
[component_container-11] 	 19.440	ErrPose	 -0.187	  0.606	  0.020	 -0.022
[component_container-11] 	 19.440	ErrTwis	  0.841	  0.235	 -0.002	 -0.012
[component_container-11] 	 19.440	    GPS	  1.820	  1.449	  4.963	     --
[component_container-11] 	 19.440	   Baro	     --	     --	  5.231	     --
[component_container-11] 	 19.440	  BBias	     --	     --	  0.314	     --
[component_container-11] 	 19.440	  Sonar	     --	     --	    inf	     --
[component_container-11] 	 19.440	  Magnt	     --	     --	     --	  0.979
[component_container-11] 
[component_container-11] 	 19.470	   Pose	  1.973	  1.388	  4.941	  0.952
[component_container-11] 	 19.470	  Twist	 -0.205	  0.520	  0.016	 -0.261
[component_container-11] 	 19.470	ErrPose	 -0.186	  0.610	  0.022	 -0.019
[component_container-11] 	 19.470	ErrTwis	  0.836	  0.242	 -0.002	 -0.018
[component_container-11] 	 19.470	    GPS	  1.820	  1.449	  4.963	     --
[component_container-11] 	 19.470	   Baro	     --	     --	  5.230	     --
[component_container-11] 	 19.470	  BBias	     --	     --	  0.314	     --
[component_container-11] 	 19.470	  Sonar	     --	     --	    inf	     --
[component_container-11] 	 19.470	  Magnt	     --	     --	     --	  0.924
[component_container-11] 
[component_container-11] 	 19.500	   Pose	  1.967	  1.404	  4.942	  0.944
[component_container-11] 	 19.500	  Twist	 -0.206	  0.515	  0.019	 -0.250
[component_container-11] 	 19.500	ErrPose	 -0.190	  0.632	  0.022	 -0.022
[component_container-11] 	 19.500	ErrTwis	  0.825	  0.252	 -0.004	 -0.030
[component_container-11] 	 19.500	    GPS	  1.820	  1.449	  4.963	     --
[component_container-11] 	 19.500	   Baro	     --	     --	  5.230	     --
[component_container-11] 	 19.500	  BBias	     --	     --	  0.314	     --
[component_container-11] 	 19.500	  Sonar	     --	     --	    inf	     --
[component_container-11] 	 19.500	  Magnt	     --	     --	     --	  0.924
[component_container-11] 
[component_container-11] [INFO] [1775370741.663408174] [drone.estimator]: TMP LOG gps innov_xy=(-0.299, 0.487) est_xy=(1.965, 1.409) gps_xy=(1.666, 1.896) corr_xy=(1.666, 1.896) vel_xy=(-0.206, 0.513)
[component_container-11] [INFO] [1775370741.663539957] [drone.estimator]: TMP LOG gps vel pseudo raw=(-0.308, 0.893) filt=(-0.307, 0.873) innov_v=(-0.057, 0.289) apply=(1,1)
[component_container-11] 	 19.540	   Pose	  1.856	  1.622	  4.943	  0.933
[component_container-11] 	 19.540	  Twist	 -0.261	  0.635	  0.024	 -0.294
[component_container-11] 	 19.540	ErrPose	 -0.089	  0.451	  0.021	 -0.022
[component_container-11] 	 19.540	ErrTwis	  0.868	  0.137	 -0.006	  0.015
[component_container-11] 	 19.540	    GPS	  1.666	  1.896	  4.964	     --
[component_container-11] 	 19.540	   Baro	     --	     --	  5.218	     --
[component_container-11] 	 19.540	  BBias	     --	     --	  0.314	     --
[component_container-11] 	 19.540	  Sonar	     --	     --	    inf	     --
[component_container-11] 	 19.540	  Magnt	     --	     --	     --	  0.935
[component_container-11] 
[component_container-11] 	 19.570	   Pose	  1.848	  1.641	  4.941	  0.924
[component_container-11] 	 19.570	  Twist	 -0.262	  0.631	  0.023	 -0.286
[component_container-11] 	 19.570	ErrPose	 -0.086	  0.451	  0.024	 -0.019
[component_container-11] 	 19.570	ErrTwis	  0.862	  0.143	 -0.004	  0.006
[component_container-11] 	 19.570	    GPS	  1.666	  1.896	  4.964	     --
[component_container-11] 	 19.570	   Baro	     --	     --	  5.225	     --
[component_container-11] 	 19.570	  BBias	     --	     --	  0.314	     --
[component_container-11] 	 19.570	  Sonar	     --	     --	    inf	     --
[component_container-11] 	 19.570	  Magnt	     --	     --	     --	  0.908
[component_container-11] 
[component_container-11] 	 19.600	   Pose	  1.840	  1.660	  4.942	  0.916
[component_container-11] 	 19.600	  Twist	 -0.262	  0.627	  0.026	 -0.287
[component_container-11] 	 19.600	ErrPose	 -0.088	  0.470	  0.023	 -0.022
[component_container-11] 	 19.600	ErrTwis	  0.850	  0.152	 -0.005	  0.008
[component_container-11] 	 19.600	    GPS	  1.666	  1.896	  4.964	     --
[component_container-11] 	 19.600	   Baro	     --	     --	  5.225	     --
[component_container-11] 	 19.600	  BBias	     --	     --	  0.314	     --
[component_container-11] 	 19.600	  Sonar	     --	     --	    inf	     --
[component_container-11] 	 19.600	  Magnt	     --	     --	     --	  0.908
[component_container-11] 
[component_container-11] 	 19.640	   Pose	  1.829	  1.685	  4.950	  0.903
[component_container-11] 	 19.640	  Twist	 -0.263	  0.621	  0.036	 -0.278
[component_container-11] 	 19.640	ErrPose	 -0.088	  0.483	  0.016	 -0.021
[component_container-11] 	 19.640	ErrTwis	  0.838	  0.163	 -0.015	 -0.002
[component_container-11] 	 19.640	    GPS	  1.666	  1.896	  4.964	     --
[component_container-11] 	 19.640	   Baro	     --	     --	  5.343	     --
[component_container-11] 	 19.640	  BBias	     --	     --	  0.314	     --
[component_container-11] 	 19.640	  Sonar	     --	     --	    inf	     --
[component_container-11] 	 19.640	  Magnt	     --	     --	     --	  0.862
[component_container-11] 
[component_container-11] 	 19.670	   Pose	  1.821	  1.704	  4.953	  0.894
[component_container-11] 	 19.670	  Twist	 -0.264	  0.617	  0.040	 -0.284
[component_container-11] 	 19.670	ErrPose	 -0.085	  0.483	  0.014	 -0.017
[component_container-11] 	 19.670	ErrTwis	  0.832	  0.170	 -0.018	  0.005
[component_container-11] 	 19.670	    GPS	  1.666	  1.896	  4.964	     --
[component_container-11] 	 19.670	   Baro	     --	     --	  5.285	     --
[component_container-11] 	 19.670	  BBias	     --	     --	  0.314	     --
[component_container-11] 	 19.670	  Sonar	     --	     --	    inf	     --
[component_container-11] 	 19.670	  Magnt	     --	     --	     --	  0.867
[component_container-11] 
[component_container-11] 	 19.700	   Pose	  1.814	  1.722	  4.954	  0.886
[component_container-11] 	 19.700	  Twist	 -0.265	  0.613	  0.043	 -0.279
[component_container-11] 	 19.700	ErrPose	 -0.087	  0.501	  0.013	 -0.020
[component_container-11] 	 19.700	ErrTwis	  0.820	  0.179	 -0.019	 -0.001
[component_container-11] 	 19.700	    GPS	  1.666	  1.896	  4.964	     --
[component_container-11] 	 19.700	   Baro	     --	     --	  5.285	     --
[component_container-11] 	 19.700	  BBias	     --	     --	  0.314	     --
[component_container-11] 	 19.700	  Sonar	     --	     --	    inf	     --
[component_container-11] 	 19.700	  Magnt	     --	     --	     --	  0.867
[component_container-11] 
[component_container-11] 	 19.740	   Pose	  1.803	  1.747	  4.964	  0.875
[component_container-11] 	 19.740	  Twist	 -0.267	  0.607	  0.053	 -0.285
[component_container-11] 	 19.740	ErrPose	 -0.087	  0.514	  0.005	 -0.020
[component_container-11] 	 19.740	ErrTwis	  0.809	  0.189	 -0.028	  0.005
[component_container-11] 	 19.740	    GPS	  1.666	  1.896	  4.964	     --
[component_container-11] 	 19.740	   Baro	     --	     --	  5.357	     --
[component_container-11] 	 19.740	  BBias	     --	     --	  0.314	     --
[component_container-11] 	 19.740	  Sonar	     --	     --	    inf	     --
[component_container-11] 	 19.740	  Magnt	     --	     --	     --	  0.882
[component_container-11] 
[component_container-11] 	 19.770	   Pose	  1.795	  1.765	  4.963	  0.867
[component_container-11] 	 19.770	  Twist	 -0.267	  0.603	  0.053	 -0.282
[component_container-11] 	 19.770	ErrPose	 -0.084	  0.514	  0.005	 -0.018
[component_container-11] 	 19.770	ErrTwis	  0.803	  0.195	 -0.028	  0.002
[component_container-11] 	 19.770	    GPS	  1.666	  1.896	  4.964	     --
[component_container-11] 	 19.770	   Baro	     --	     --	  5.256	     --
[component_container-11] 	 19.770	  BBias	     --	     --	  0.314	     --
[component_container-11] 	 19.770	  Sonar	     --	     --	    inf	     --
[component_container-11] 	 19.770	  Magnt	     --	     --	     --	  0.875
[component_container-11] 
[component_container-11] 	 19.800	   Pose	  1.787	  1.783	  4.965	  0.859
[component_container-11] 	 19.800	  Twist	 -0.268	  0.598	  0.054	 -0.260
[component_container-11] 	 19.800	ErrPose	 -0.086	  0.533	  0.005	 -0.021
[component_container-11] 	 19.800	ErrTwis	  0.790	  0.204	 -0.030	 -0.020
[component_container-11] 	 19.800	    GPS	  1.666	  1.896	  4.964	     --
[component_container-11] 	 19.800	   Baro	     --	     --	  5.256	     --
[component_container-11] 	 19.800	  BBias	     --	     --	  0.314	     --
[component_container-11] 	 19.800	  Sonar	     --	     --	    inf	     --
[component_container-11] 	 19.800	  Magnt	     --	     --	     --	  0.875
[component_container-11] 
[component_container-11] 	 19.840	   Pose	  1.776	  1.806	  4.962	  0.848
[component_container-11] 	 19.840	  Twist	 -0.269	  0.593	  0.052	 -0.264
[component_container-11] 	 19.840	ErrPose	 -0.086	  0.546	  0.008	 -0.021
[component_container-11] 	 19.840	ErrTwis	  0.777	  0.214	 -0.026	 -0.016
[component_container-11] 	 19.840	    GPS	  1.666	  1.896	  4.964	     --
[component_container-11] 	 19.840	   Baro	     --	     --	  5.224	     --
[component_container-11] 	 19.840	  BBias	     --	     --	  0.314	     --
[component_container-11] 	 19.840	  Sonar	     --	     --	    inf	     --
[component_container-11] 	 19.840	  Magnt	     --	     --	     --	  0.838
[component_container-11] 
[component_container-11] 	 19.870	   Pose	  1.768	  1.824	  4.968	  0.839
[component_container-11] 	 19.870	  Twist	 -0.269	  0.588	  0.056	 -0.287
[component_container-11] 	 19.870	ErrPose	 -0.083	  0.546	  0.004	 -0.017
[component_container-11] 	 19.870	ErrTwis	  0.771	  0.220	 -0.030	  0.007
[component_container-11] 	 19.870	    GPS	  1.666	  1.896	  4.964	     --
[component_container-11] 	 19.870	   Baro	     --	     --	  5.317	     --
[component_container-11] 	 19.870	  BBias	     --	     --	  0.314	     --
[component_container-11] 	 19.870	  Sonar	     --	     --	    inf	     --
[component_container-11] 	 19.870	  Magnt	     --	     --	     --	  0.804
[component_container-11] 
[component_container-11] 	 19.900	   Pose	  1.760	  1.842	  4.969	  0.830
[component_container-11] 	 19.900	  Twist	 -0.269	  0.584	  0.058	 -0.283
[component_container-11] 	 19.900	ErrPose	 -0.086	  0.565	  0.003	 -0.020
[component_container-11] 	 19.900	ErrTwis	  0.757	  0.228	 -0.032	  0.003
[component_container-11] 	 19.900	    GPS	  1.666	  1.896	  4.964	     --
[component_container-11] 	 19.900	   Baro	     --	     --	  5.317	     --
[component_container-11] 	 19.900	  BBias	     --	     --	  0.314	     --
[component_container-11] 	 19.900	  Sonar	     --	     --	    inf	     --
[component_container-11] 	 19.900	  Magnt	     --	     --	     --	  0.804
[component_container-11] 
[component_container-11] 	 19.940	   Pose	  1.749	  1.865	  4.973	  0.818
[component_container-11] 	 19.940	  Twist	 -0.270	  0.579	  0.062	 -0.277
[component_container-11] 	 19.940	ErrPose	 -0.086	  0.578	 -0.000	 -0.019
[component_container-11] 	 19.940	ErrTwis	  0.744	  0.237	 -0.036	 -0.003
[component_container-11] 	 19.940	    GPS	  1.666	  1.896	  4.964	     --
[component_container-11] 	 19.940	   Baro	     --	     --	  5.303	     --
[component_container-11] 	 19.940	  BBias	     --	     --	  0.314	     --
[component_container-11] 	 19.940	  Sonar	     --	     --	    inf	     --
[component_container-11] 	 19.940	  Magnt	     --	     --	     --	  0.774
[component_container-11] 
[component_container-11] 	 19.970	   Pose	  1.741	  1.882	  4.971	  0.810
[component_container-11] 	 19.970	  Twist	 -0.271	  0.575	  0.059	 -0.267
[component_container-11] 	 19.970	ErrPose	 -0.083	  0.578	  0.003	 -0.016
[component_container-11] 	 19.970	ErrTwis	  0.738	  0.243	 -0.032	 -0.013
[component_container-11] 	 19.970	    GPS	  1.666	  1.896	  4.964	     --
[component_container-11] 	 19.970	   Baro	     --	     --	  5.239	     --
[component_container-11] 	 19.970	  BBias	     --	     --	  0.314	     --
[component_container-11] 	 19.970	  Sonar	     --	     --	    inf	     --
[component_container-11] 	 19.970	  Magnt	     --	     --	     --	  0.789
[component_container-11] 
[component_container-11] 	 20.000	   Pose	  1.733	  1.900	  4.973	  0.801
[component_container-11] 	 20.000	  Twist	 -0.272	  0.571	  0.060	 -0.258
[component_container-11] 	 20.000	ErrPose	 -0.086	  0.597	  0.002	 -0.019
[component_container-11] 	 20.000	ErrTwis	  0.725	  0.251	 -0.033	 -0.022
[component_container-11] 	 20.000	    GPS	  1.666	  1.896	  4.964	     --
[component_container-11] 	 20.000	   Baro	     --	     --	  5.239	     --
[component_container-11] 	 20.000	  BBias	     --	     --	  0.314	     --
[component_container-11] 	 20.000	  Sonar	     --	     --	    inf	     --
[component_container-11] 	 20.000	  Magnt	     --	     --	     --	  0.789
[component_container-11] 
[component_container-11] 	 20.040	   Pose	  1.747	  2.184	  4.963	  0.790
[component_container-11] 	 20.040	  Twist	 -0.228	  0.747	  0.050	 -0.265
[component_container-11] 	 20.040	ErrPose	 -0.111	  0.349	  0.013	 -0.019
[component_container-11] 	 20.040	ErrTwis	  0.667	  0.078	 -0.022	 -0.015
[component_container-11] 	 20.040	    GPS	  1.678	  2.490	  4.975	     --
[component_container-11] 	 20.040	   Baro	     --	     --	  5.125	     --
[component_container-11] 	 20.040	  BBias	     --	     --	  0.314	     --
[component_container-11] 	 20.040	  Sonar	     --	     --	    inf	     --
[component_container-11] 	 20.040	  Magnt	     --	     --	     --	  0.754
[component_container-11] 
[component_container-11] [INFO] [1775370742.201383679] [drone.estimator]: TMP LOG err_xyz=(-0.111, 0.349, 0.013) | z_est=4.963 vz_est=0.050 bias=0.314 | gps_z=4.975 sonar=inf baro=5.125
[component_container-11] 	 20.070	   Pose	  1.740	  2.206	  4.967	  0.780
[component_container-11] 	 20.070	  Twist	 -0.228	  0.743	  0.054	 -0.282
[component_container-11] 	 20.070	ErrPose	 -0.110	  0.344	  0.009	 -0.015
[component_container-11] 	 20.070	ErrTwis	  0.661	  0.084	 -0.026	  0.002
[component_container-11] 	 20.070	    GPS	  1.678	  2.490	  4.975	     --
[component_container-11] 	 20.070	   Baro	     --	     --	  5.309	     --
[component_container-11] 	 20.070	  BBias	     --	     --	  0.314	     --
[component_container-11] 	 20.070	  Sonar	     --	     --	    inf	     --
[component_container-11] 	 20.070	  Magnt	     --	     --	     --	  0.738
[component_container-11] 
[component_container-11] [INFO] [1775370742.261339770] [drone.controller]: cmd_vel body=(0.340, 0.940, 0.022) yaw=-0.300 | odom_received=true | plan_points=23
[component_container-11] 	 20.100	   Pose	  1.733	  2.228	  4.968	  0.773
[component_container-11] 	 20.100	  Twist	 -0.228	  0.739	  0.056	 -0.270
[component_container-11] 	 20.100	ErrPose	 -0.114	  0.357	  0.008	 -0.018
[component_container-11] 	 20.100	ErrTwis	  0.647	  0.092	 -0.028	 -0.010
[component_container-11] 	 20.100	    GPS	  1.678	  2.490	  4.975	     --
[component_container-11] 	 20.100	   Baro	     --	     --	  5.309	     --
[component_container-11] 	 20.100	  BBias	     --	     --	  0.314	     --
[component_container-11] 	 20.100	  Sonar	     --	     --	    inf	     --
[component_container-11] 	 20.100	  Magnt	     --	     --	     --	  0.738
[component_container-11] 
[component_container-11] 	 20.140	   Pose	  1.724	  2.258	  4.963	  0.762
[component_container-11] 	 20.140	  Twist	 -0.229	  0.734	  0.051	 -0.274
[component_container-11] 	 20.140	ErrPose	 -0.116	  0.363	  0.014	 -0.019
[component_container-11] 	 20.140	ErrTwis	  0.633	  0.100	 -0.022	 -0.005
[component_container-11] 	 20.140	    GPS	  1.678	  2.490	  4.975	     --
[component_container-11] 	 20.140	   Baro	     --	     --	  5.193	     --
[component_container-11] 	 20.140	  BBias	     --	     --	  0.314	     --
[component_container-11] 	 20.140	  Sonar	     --	     --	    inf	     --
[component_container-11] 	 20.140	  Magnt	     --	     --	     --	  0.776
[component_container-11] 
[component_container-11] 	 20.170	   Pose	  1.717	  2.280	  4.961	  0.753
[component_container-11] 	 20.170	  Twist	 -0.230	  0.731	  0.048	 -0.239
[component_container-11] 	 20.170	ErrPose	 -0.115	  0.358	  0.018	 -0.016
[component_container-11] 	 20.170	ErrTwis	  0.627	  0.105	 -0.019	 -0.041
[component_container-11] 	 20.170	    GPS	  1.678	  2.490	  4.975	     --
[component_container-11] 	 20.170	   Baro	     --	     --	  5.223	     --
[component_container-11] 	 20.170	  BBias	     --	     --	  0.314	     --
[component_container-11] 	 20.170	  Sonar	     --	     --	    inf	     --
[component_container-11] 	 20.170	  Magnt	     --	     --	     --	  0.725
[component_container-11] 
[component_container-11] 	 20.200	   Pose	  1.710	  2.302	  4.962	  0.745
[component_container-11] 	 20.200	  Twist	 -0.230	  0.727	  0.050	 -0.266
[component_container-11] 	 20.200	ErrPose	 -0.119	  0.372	  0.017	 -0.019
[component_container-11] 	 20.200	ErrTwis	  0.613	  0.112	 -0.019	 -0.014
[component_container-11] 	 20.200	    GPS	  1.678	  2.490	  4.975	     --
[component_container-11] 	 20.200	   Baro	     --	     --	  5.223	     --
[component_container-11] 	 20.200	  BBias	     --	     --	  0.314	     --
[component_container-11] 	 20.200	  Sonar	     --	     --	    inf	     --
[component_container-11] 	 20.200	  Magnt	     --	     --	     --	  0.725
[component_container-11] 
[component_container-11] 	 20.240	   Pose	  1.701	  2.331	  4.973	  0.734
[component_container-11] 	 20.240	  Twist	 -0.232	  0.721	  0.061	 -0.253
[component_container-11] 	 20.240	ErrPose	 -0.121	  0.378	  0.007	 -0.019
[component_container-11] 	 20.240	ErrTwis	  0.600	  0.122	 -0.029	 -0.027
[component_container-11] 	 20.240	    GPS	  1.678	  2.490	  4.975	     --
[component_container-11] 	 20.240	   Baro	     --	     --	  5.386	     --
[component_container-11] 	 20.240	  BBias	     --	     --	  0.314	     --
[component_container-11] 	 20.240	  Sonar	     --	     --	    inf	     --
[component_container-11] 	 20.240	  Magnt	     --	     --	     --	  0.712
[component_container-11] 
[component_container-11] 	 20.270	   Pose	  1.694	  2.352	  4.968	  0.725
[component_container-11] 	 20.270	  Twist	 -0.233	  0.717	  0.056	 -0.263
[component_container-11] 	 20.270	ErrPose	 -0.120	  0.373	  0.013	 -0.016
[component_container-11] 	 20.270	ErrTwis	  0.593	  0.128	 -0.022	 -0.017
[component_container-11] 	 20.270	    GPS	  1.678	  2.490	  4.975	     --
[component_container-11] 	 20.270	   Baro	     --	     --	  5.203	     --
[component_container-11] 	 20.270	  BBias	     --	     --	  0.314	     --
[component_container-11] 	 20.270	  Sonar	     --	     --	    inf	     --
[component_container-11] 	 20.270	  Magnt	     --	     --	     --	  0.701
[component_container-11] 
[component_container-11] 	 20.300	   Pose	  1.687	  2.374	  4.970	  0.717
[component_container-11] 	 20.300	  Twist	 -0.233	  0.714	  0.057	 -0.267
[component_container-11] 	 20.300	ErrPose	 -0.125	  0.387	  0.012	 -0.019
[component_container-11] 	 20.300	ErrTwis	  0.579	  0.136	 -0.022	 -0.012
[component_container-11] 	 20.300	    GPS	  1.678	  2.490	  4.975	     --
[component_container-11] 	 20.300	   Baro	     --	     --	  5.203	     --
[component_container-11] 	 20.300	  BBias	     --	     --	  0.314	     --
[component_container-11] 	 20.300	  Sonar	     --	     --	    inf	     --
[component_container-11] 	 20.300	  Magnt	     --	     --	     --	  0.701
[component_container-11] 
[component_container-11] 	 20.340	   Pose	  1.678	  2.402	  4.994	  0.706
[component_container-11] 	 20.340	  Twist	 -0.234	  0.709	  0.081	 -0.274
[component_container-11] 	 20.340	ErrPose	 -0.128	  0.393	 -0.011	 -0.019
[component_container-11] 	 20.340	ErrTwis	  0.566	  0.145	 -0.045	 -0.006
[component_container-11] 	 20.340	    GPS	  1.678	  2.490	  4.975	     --
[component_container-11] 	 20.340	   Baro	     --	     --	  5.532	     --
[component_container-11] 	 20.340	  BBias	     --	     --	  0.314	     --
[component_container-11] 	 20.340	  Sonar	     --	     --	    inf	     --
[component_container-11] 	 20.340	  Magnt	     --	     --	     --	  0.695
[component_container-11] 
[component_container-11] 	 20.370	   Pose	  1.671	  2.423	  4.982	  0.697
[component_container-11] 	 20.370	  Twist	 -0.236	  0.705	  0.067	 -0.251
[component_container-11] 	 20.370	ErrPose	 -0.127	  0.389	  0.002	 -0.015
[component_container-11] 	 20.370	ErrTwis	  0.559	  0.151	 -0.031	 -0.028
[component_container-11] 	 20.370	    GPS	  1.678	  2.490	  4.975	     --
[component_container-11] 	 20.370	   Baro	     --	     --	  5.138	     --
[component_container-11] 	 20.370	  BBias	     --	     --	  0.314	     --
[component_container-11] 	 20.370	  Sonar	     --	     --	    inf	     --
[component_container-11] 	 20.370	  Magnt	     --	     --	     --	  0.639
[component_container-11] 
[component_container-11] 	 20.400	   Pose	  1.664	  2.444	  4.984	  0.689
[component_container-11] 	 20.400	  Twist	 -0.236	  0.702	  0.067	 -0.288
[component_container-11] 	 20.400	ErrPose	 -0.132	  0.402	  0.001	 -0.018
[component_container-11] 	 20.400	ErrTwis	  0.545	  0.159	 -0.031	  0.008
[component_container-11] 	 20.400	    GPS	  1.678	  2.490	  4.975	     --
[component_container-11] 	 20.400	   Baro	     --	     --	  5.138	     --
[component_container-11] 	 20.400	  BBias	     --	     --	  0.314	     --
[component_container-11] 	 20.400	  Sonar	     --	     --	    inf	     --
[component_container-11] 	 20.400	  Magnt	     --	     --	     --	  0.639
[component_container-11] 
[component_container-11] 	 20.440	   Pose	  1.654	  2.472	  4.996	  0.678
[component_container-11] 	 20.440	  Twist	 -0.238	  0.697	  0.077	 -0.262
[component_container-11] 	 20.440	ErrPose	 -0.135	  0.408	 -0.010	 -0.018
[component_container-11] 	 20.440	ErrTwis	  0.531	  0.168	 -0.041	 -0.018
[component_container-11] 	 20.440	    GPS	  1.678	  2.490	  4.975	     --
[component_container-11] 	 20.440	   Baro	     --	     --	  5.401	     --
[component_container-11] 	 20.440	  BBias	     --	     --	  0.314	     --
[component_container-11] 	 20.440	  Sonar	     --	     --	    inf	     --
[component_container-11] 	 20.440	  Magnt	     --	     --	     --	  0.676
[component_container-11] 
[component_container-11] 	 20.470	   Pose	  1.647	  2.493	  5.005	  0.668
[component_container-11] 	 20.470	  Twist	 -0.238	  0.694	  0.084	 -0.276
[component_container-11] 	 20.470	ErrPose	 -0.134	  0.405	 -0.019	 -0.014
[component_container-11] 	 20.470	ErrTwis	  0.524	  0.173	 -0.049	 -0.003
[component_container-11] 	 20.470	    GPS	  1.678	  2.490	  4.975	     --
[component_container-11] 	 20.470	   Baro	     --	     --	  5.385	     --
[component_container-11] 	 20.470	  BBias	     --	     --	  0.314	     --
[component_container-11] 	 20.470	  Sonar	     --	     --	    inf	     --
[component_container-11] 	 20.470	  Magnt	     --	     --	     --	  0.611
[component_container-11] 
[component_container-11] 	 20.500	   Pose	  1.640	  2.514	  5.007	  0.660
[component_container-11] 	 20.500	  Twist	 -0.239	  0.691	  0.085	 -0.265
[component_container-11] 	 20.500	ErrPose	 -0.140	  0.418	 -0.020	 -0.018
[component_container-11] 	 20.500	ErrTwis	  0.510	  0.180	 -0.051	 -0.015
[component_container-11] 	 20.500	    GPS	  1.678	  2.490	  4.975	     --
[component_container-11] 	 20.500	   Baro	     --	     --	  5.385	     --
[component_container-11] 	 20.500	  BBias	     --	     --	  0.314	     --
[component_container-11] 	 20.500	  Sonar	     --	     --	    inf	     --
[component_container-11] 	 20.500	  Magnt	     --	     --	     --	  0.611
[component_container-11] 
[component_container-11] [INFO] [1775370742.664370586] [drone.estimator]: TMP LOG gps innov_xy=(-0.058, 0.356) est_xy=(1.638, 2.521) gps_xy=(1.579, 2.877) corr_xy=(1.579, 2.877) vel_xy=(-0.239, 0.690)
[component_container-11] [INFO] [1775370742.664489146] [drone.estimator]: TMP LOG gps vel pseudo raw=(-0.198, 0.773) filt=(-0.179, 0.811) innov_v=(0.069, 0.070) apply=(1,1)
[component_container-11] 	 20.540	   Pose	  1.623	  2.664	  5.006	  0.649
[component_container-11] 	 20.540	  Twist	 -0.236	  0.751	  0.081	 -0.259
[component_container-11] 	 20.540	ErrPose	 -0.135	  0.302	 -0.018	 -0.017
[component_container-11] 	 20.540	ErrTwis	  0.492	  0.123	 -0.048	 -0.021
[component_container-11] 	 20.540	    GPS	  1.579	  2.877	  4.987	     --
[component_container-11] 	 20.540	   Baro	     --	     --	  5.305	     --
[component_container-11] 	 20.540	  BBias	     --	     --	  0.314	     --
[component_container-11] 	 20.540	  Sonar	     --	     --	    inf	     --
[component_container-11] 	 20.540	  Magnt	     --	     --	     --	  0.625
[component_container-11] 
[component_container-11] 	 20.570	   Pose	  1.615	  2.687	  4.993	  0.639
[component_container-11] 	 20.570	  Twist	 -0.237	  0.748	  0.065	 -0.267
[component_container-11] 	 20.570	ErrPose	 -0.135	  0.296	 -0.005	 -0.014
[component_container-11] 	 20.570	ErrTwis	  0.485	  0.129	 -0.032	 -0.013
[component_container-11] 	 20.570	    GPS	  1.579	  2.877	  4.987	     --
[component_container-11] 	 20.570	   Baro	     --	     --	  5.120	     --
[component_container-11] 	 20.570	  BBias	     --	     --	  0.314	     --
[component_container-11] 	 20.570	  Sonar	     --	     --	    inf	     --
[component_container-11] 	 20.570	  Magnt	     --	     --	     --	  0.591
[component_container-11] 
[component_container-11] 	 20.600	   Pose	  1.608	  2.709	  4.995	  0.631
[component_container-11] 	 20.600	  Twist	 -0.238	  0.744	  0.064	 -0.283
[component_container-11] 	 20.600	ErrPose	 -0.141	  0.308	 -0.006	 -0.017
[component_container-11] 	 20.600	ErrTwis	  0.471	  0.136	 -0.032	  0.004
[component_container-11] 	 20.600	    GPS	  1.579	  2.877	  4.987	     --
[component_container-11] 	 20.600	   Baro	     --	     --	  5.120	     --
[component_container-11] 	 20.600	  BBias	     --	     --	  0.314	     --
[component_container-11] 	 20.600	  Sonar	     --	     --	    inf	     --
[component_container-11] 	 20.600	  Magnt	     --	     --	     --	  0.591
[component_container-11] 
[component_container-11] 	 20.640	   Pose	  1.599	  2.739	  4.992	  0.619
[component_container-11] 	 20.640	  Twist	 -0.239	  0.739	  0.059	 -0.276
[component_container-11] 	 20.640	ErrPose	 -0.145	  0.312	 -0.003	 -0.016
[component_container-11] 	 20.640	ErrTwis	  0.457	  0.144	 -0.029	 -0.004
[component_container-11] 	 20.640	    GPS	  1.579	  2.877	  4.987	     --
[component_container-11] 	 20.640	   Baro	     --	     --	  5.249	     --
[component_container-11] 	 20.640	  BBias	     --	     --	  0.314	     --
[component_container-11] 	 20.640	  Sonar	     --	     --	    inf	     --
[component_container-11] 	 20.640	  Magnt	     --	     --	     --	  0.584
[component_container-11] 
[component_container-11] 	 20.670	   Pose	  1.592	  2.761	  4.987	  0.610
[component_container-11] 	 20.670	  Twist	 -0.240	  0.736	  0.052	 -0.258
[component_container-11] 	 20.670	ErrPose	 -0.145	  0.307	  0.003	 -0.013
[component_container-11] 	 20.670	ErrTwis	  0.450	  0.149	 -0.023	 -0.022
[component_container-11] 	 20.670	    GPS	  1.579	  2.877	  4.987	     --
[component_container-11] 	 20.670	   Baro	     --	     --	  5.216	     --
[component_container-11] 	 20.670	  BBias	     --	     --	  0.314	     --
[component_container-11] 	 20.670	  Sonar	     --	     --	    inf	     --
[component_container-11] 	 20.670	  Magnt	     --	     --	     --	  0.570
[component_container-11] 
[component_container-11] 	 20.700	   Pose	  1.584	  2.783	  4.988	  0.602
[component_container-11] 	 20.700	  Twist	 -0.240	  0.733	  0.054	 -0.270
[component_container-11] 	 20.700	ErrPose	 -0.151	  0.318	  0.002	 -0.016
[component_container-11] 	 20.700	ErrTwis	  0.435	  0.155	 -0.025	 -0.010
[component_container-11] 	 20.700	    GPS	  1.579	  2.877	  4.987	     --
[component_container-11] 	 20.700	   Baro	     --	     --	  5.216	     --
[component_container-11] 	 20.700	  BBias	     --	     --	  0.314	     --
[component_container-11] 	 20.700	  Sonar	     --	     --	    inf	     --
[component_container-11] 	 20.700	  Magnt	     --	     --	     --	  0.570
[component_container-11] 
[component_container-11] 	 20.740	   Pose	  1.575	  2.812	  4.997	  0.591
[component_container-11] 	 20.740	  Twist	 -0.240	  0.728	  0.061	 -0.263
[component_container-11] 	 20.740	ErrPose	 -0.155	  0.323	 -0.005	 -0.016
[component_container-11] 	 20.740	ErrTwis	  0.420	  0.163	 -0.032	 -0.017
[component_container-11] 	 20.740	    GPS	  1.579	  2.877	  4.987	     --
[component_container-11] 	 20.740	   Baro	     --	     --	  5.376	     --
[component_container-11] 	 20.740	  BBias	     --	     --	  0.314	     --
[component_container-11] 	 20.740	  Sonar	     --	     --	    inf	     --
[component_container-11] 	 20.740	  Magnt	     --	     --	     --	  0.599
[component_container-11] 
[component_container-11] 	 20.770	   Pose	  1.568	  2.834	  4.995	  0.583
[component_container-11] 	 20.770	  Twist	 -0.241	  0.725	  0.059	 -0.284
[component_container-11] 	 20.770	ErrPose	 -0.155	  0.318	 -0.004	 -0.013
[component_container-11] 	 20.770	ErrTwis	  0.413	  0.167	 -0.030	  0.004
[component_container-11] 	 20.770	    GPS	  1.579	  2.877	  4.987	     --
[component_container-11] 	 20.770	   Baro	     --	     --	  5.272	     --
[component_container-11] 	 20.770	  BBias	     --	     --	  0.314	     --
[component_container-11] 	 20.770	  Sonar	     --	     --	    inf	     --
[component_container-11] 	 20.770	  Magnt	     --	     --	     --	  0.572
[component_container-11] 
[component_container-11] 	 20.800	   Pose	  1.560	  2.856	  4.997	  0.575
[component_container-11] 	 20.800	  Twist	 -0.242	  0.722	  0.060	 -0.267
[component_container-11] 	 20.800	ErrPose	 -0.162	  0.329	 -0.005	 -0.017
[component_container-11] 	 20.800	ErrTwis	  0.398	  0.173	 -0.031	 -0.013
[component_container-11] 	 20.800	    GPS	  1.579	  2.877	  4.987	     --
[component_container-11] 	 20.800	   Baro	     --	     --	  5.272	     --
[component_container-11] 	 20.800	  BBias	     --	     --	  0.314	     --
[component_container-11] 	 20.800	  Sonar	     --	     --	    inf	     --
[component_container-11] 	 20.800	  Magnt	     --	     --	     --	  0.572
[component_container-11] 
[component_container-11] 	 20.840	   Pose	  1.551	  2.885	  4.990	  0.563
[component_container-11] 	 20.840	  Twist	 -0.242	  0.717	  0.052	 -0.272
[component_container-11] 	 20.840	ErrPose	 -0.167	  0.334	  0.003	 -0.016
[component_container-11] 	 20.840	ErrTwis	  0.383	  0.180	 -0.023	 -0.008
[component_container-11] 	 20.840	    GPS	  1.579	  2.877	  4.987	     --
[component_container-11] 	 20.840	   Baro	     --	     --	  5.204	     --
[component_container-11] 	 20.840	  BBias	     --	     --	  0.313	     --
[component_container-11] 	 20.840	  Sonar	     --	     --	    inf	     --
[component_container-11] 	 20.840	  Magnt	     --	     --	     --	  0.523
[component_container-11] 
[component_container-11] 	 20.870	   Pose	  1.543	  2.906	  4.991	  0.555
[component_container-11] 	 20.870	  Twist	 -0.242	  0.714	  0.052	 -0.272
[component_container-11] 	 20.870	ErrPose	 -0.167	  0.329	  0.003	 -0.013
[component_container-11] 	 20.870	ErrTwis	  0.375	  0.185	 -0.023	 -0.008
[component_container-11] 	 20.870	    GPS	  1.579	  2.877	  4.987	     --
[component_container-11] 	 20.870	   Baro	     --	     --	  5.290	     --
[component_container-11] 	 20.870	  BBias	     --	     --	  0.313	     --
[component_container-11] 	 20.870	  Sonar	     --	     --	    inf	     --
[component_container-11] 	 20.870	  Magnt	     --	     --	     --	  0.549
[component_container-11] 
[component_container-11] 	 20.900	   Pose	  1.536	  2.927	  4.992	  0.547
[component_container-11] 	 20.900	  Twist	 -0.242	  0.711	  0.053	 -0.280
[component_container-11] 	 20.900	ErrPose	 -0.175	  0.341	  0.002	 -0.016
[component_container-11] 	 20.900	ErrTwis	  0.360	  0.190	 -0.025	  0.000
[component_container-11] 	 20.900	    GPS	  1.579	  2.877	  4.987	     --
[component_container-11] 	 20.900	   Baro	     --	     --	  5.290	     --
[component_container-11] 	 20.900	  BBias	     --	     --	  0.313	     --
[component_container-11] 	 20.900	  Sonar	     --	     --	    inf	     --
[component_container-11] 	 20.900	  Magnt	     --	     --	     --	  0.549
[component_container-11] 
[component_container-11] 	 20.940	   Pose	  1.526	  2.956	  4.994	  0.534
[component_container-11] 	 20.940	  Twist	 -0.243	  0.707	  0.054	 -0.266
[component_container-11] 	 20.940	ErrPose	 -0.180	  0.346	  0.001	 -0.015
[component_container-11] 	 20.940	ErrTwis	  0.345	  0.197	 -0.026	 -0.014
[component_container-11] 	 20.940	    GPS	  1.579	  2.877	  4.987	     --
[component_container-11] 	 20.940	   Baro	     --	     --	  5.300	     --
[component_container-11] 	 20.940	  BBias	     --	     --	  0.313	     --
[component_container-11] 	 20.940	  Sonar	     --	     --	    inf	     --
[component_container-11] 	 20.940	  Magnt	     --	     --	     --	  0.493
[component_container-11] 
[component_container-11] 	 20.970	   Pose	  1.519	  2.977	  4.991	  0.526
[component_container-11] 	 20.970	  Twist	 -0.243	  0.703	  0.050	 -0.277
[component_container-11] 	 20.970	ErrPose	 -0.180	  0.341	  0.004	 -0.012
[component_container-11] 	 20.970	ErrTwis	  0.338	  0.201	 -0.022	 -0.003
[component_container-11] 	 20.970	    GPS	  1.579	  2.877	  4.987	     --
[component_container-11] 	 20.970	   Baro	     --	     --	  5.257	     --
[component_container-11] 	 20.970	  BBias	     --	     --	  0.313	     --
[component_container-11] 	 20.970	  Sonar	     --	     --	    inf	     --
[component_container-11] 	 20.970	  Magnt	     --	     --	     --	  0.509
[component_container-11] 
[component_container-11] 	 21.000	   Pose	  1.512	  2.998	  4.992	  0.518
[component_container-11] 	 21.000	  Twist	 -0.243	  0.699	  0.051	 -0.255
[component_container-11] 	 21.000	ErrPose	 -0.188	  0.353	  0.003	 -0.015
[component_container-11] 	 21.000	ErrTwis	  0.323	  0.207	 -0.023	 -0.024
[component_container-11] 	 21.000	    GPS	  1.579	  2.877	  4.987	     --
[component_container-11] 	 21.000	   Baro	     --	     --	  5.257	     --
[component_container-11] 	 21.000	  BBias	     --	     --	  0.313	     --
[component_container-11] 	 21.000	  Sonar	     --	     --	    inf	     --
[component_container-11] 	 21.000	  Magnt	     --	     --	     --	  0.509
[component_container-11] 
[component_container-11] 	 21.040	   Pose	  1.327	  3.182	  5.004	  0.508
[component_container-11] 	 21.040	  Twist	 -0.379	  0.795	  0.062	 -0.261
[component_container-11] 	 21.040	ErrPose	 -0.018	  0.202	 -0.008	 -0.016
[component_container-11] 	 21.040	ErrTwis	  0.443	  0.113	 -0.035	 -0.018
[component_container-11] 	 21.040	    GPS	  1.175	  3.381	  4.996	     --
[component_container-11] 	 21.040	   Baro	     --	     --	  5.420	     --
[component_container-11] 	 21.040	  BBias	     --	     --	  0.314	     --
[component_container-11] 	 21.040	  Sonar	     --	     --	    inf	     --
[component_container-11] 	 21.040	  Magnt	     --	     --	     --	  0.541
[component_container-11] 
[component_container-11] [INFO] [1775370743.203002475] [drone.estimator]: TMP LOG err_xyz=(-0.018, 0.202, -0.008) | z_est=5.004 vz_est=0.062 bias=0.314 | gps_z=4.996 sonar=inf baro=5.420
[component_container-11] 	 21.070	   Pose	  1.315	  3.206	  4.998	  0.499
[component_container-11] 	 21.070	  Twist	 -0.380	  0.792	  0.055	 -0.278
[component_container-11] 	 21.070	ErrPose	 -0.015	  0.194	 -0.002	 -0.013
[component_container-11] 	 21.070	ErrTwis	  0.436	  0.117	 -0.028	 -0.002
[component_container-11] 	 21.070	    GPS	  1.175	  3.381	  4.996	     --
[component_container-11] 	 21.070	   Baro	     --	     --	  5.224	     --
[component_container-11] 	 21.070	  BBias	     --	     --	  0.313	     --
[component_container-11] 	 21.070	  Sonar	     --	     --	    inf	     --
[component_container-11] 	 21.070	  Magnt	     --	     --	     --	  0.491
[component_container-11] 
[component_container-11] [INFO] [1775370743.262648024] [drone.controller]: cmd_vel body=(0.103, 0.848, 0.002) yaw=-0.300 | odom_received=true | plan_points=12
[component_container-11] 	 21.100	   Pose	  1.304	  3.230	  5.000	  0.491
[component_container-11] 	 21.100	  Twist	 -0.380	  0.788	  0.056	 -0.263
[component_container-11] 	 21.100	ErrPose	 -0.019	  0.204	 -0.003	 -0.016
[component_container-11] 	 21.100	ErrTwis	  0.421	  0.121	 -0.029	 -0.017
[component_container-11] 	 21.100	    GPS	  1.175	  3.381	  4.996	     --
[component_container-11] 	 21.100	   Baro	     --	     --	  5.224	     --
[component_container-11] 	 21.100	  BBias	     --	     --	  0.313	     --
[component_container-11] 	 21.100	  Sonar	     --	     --	    inf	     --
[component_container-11] 	 21.100	  Magnt	     --	     --	     --	  0.491
[component_container-11] 
[component_container-11] 	 21.140	   Pose	  1.289	  3.261	  4.997	  0.480
[component_container-11] 	 21.140	  Twist	 -0.380	  0.784	  0.051	 -0.275
[component_container-11] 	 21.140	ErrPose	 -0.020	  0.205	  0.000	 -0.017
[component_container-11] 	 21.140	ErrTwis	  0.405	  0.127	 -0.025	 -0.004
[component_container-11] 	 21.140	    GPS	  1.175	  3.381	  4.996	     --
[component_container-11] 	 21.140	   Baro	     --	     --	  5.254	     --
[component_container-11] 	 21.140	  BBias	     --	     --	  0.313	     --
[component_container-11] 	 21.140	  Sonar	     --	     --	    inf	     --
[component_container-11] 	 21.140	  Magnt	     --	     --	     --	  0.504
[component_container-11] 
[component_container-11] 	 21.170	   Pose	  1.277	  3.285	  5.009	  0.472
[component_container-11] 	 21.170	  Twist	 -0.380	  0.781	  0.063	 -0.265
[component_container-11] 	 21.170	ErrPose	 -0.017	  0.198	 -0.011	 -0.014
[component_container-11] 	 21.170	ErrTwis	  0.398	  0.130	 -0.037	 -0.014
[component_container-11] 	 21.170	    GPS	  1.175	  3.381	  4.996	     --
[component_container-11] 	 21.170	   Baro	     --	     --	  5.436	     --
[component_container-11] 	 21.170	  BBias	     --	     --	  0.314	     --
[component_container-11] 	 21.170	  Sonar	     --	     --	    inf	     --
[component_container-11] 	 21.170	  Magnt	     --	     --	     --	  0.476
[component_container-11] 
[component_container-11] 	 21.200	   Pose	  1.266	  3.308	  5.011	  0.464
[component_container-11] 	 21.200	  Twist	 -0.380	  0.778	  0.065	 -0.272
[component_container-11] 	 21.200	ErrPose	 -0.021	  0.207	 -0.013	 -0.018
[component_container-11] 	 21.200	ErrTwis	  0.384	  0.132	 -0.042	 -0.008
[component_container-11] 	 21.200	    GPS	  1.175	  3.381	  4.996	     --
[component_container-11] 	 21.200	   Baro	     --	     --	  5.436	     --
[component_container-11] 	 21.200	  BBias	     --	     --	  0.314	     --
[component_container-11] 	 21.200	  Sonar	     --	     --	    inf	     --
[component_container-11] 	 21.200	  Magnt	     --	     --	     --	  0.476
[component_container-11] 
[component_container-11] 	 21.240	   Pose	  1.251	  3.339	  5.010	  0.454
[component_container-11] 	 21.240	  Twist	 -0.380	  0.775	  0.063	 -0.271
[component_container-11] 	 21.240	ErrPose	 -0.022	  0.208	 -0.012	 -0.018
[component_container-11] 	 21.240	ErrTwis	  0.369	  0.134	 -0.045	 -0.008
[component_container-11] 	 21.240	    GPS	  1.175	  3.381	  4.996	     --
[component_container-11] 	 21.240	   Baro	     --	     --	  5.288	     --
[component_container-11] 	 21.240	  BBias	     --	     --	  0.313	     --
[component_container-11] 	 21.240	  Sonar	     --	     --	    inf	     --
[component_container-11] 	 21.240	  Magnt	     --	     --	     --	  0.470
[component_container-11] 
[component_container-11] 	 21.270	   Pose	  1.239	  3.363	  4.999	  0.445
[component_container-11] 	 21.270	  Twist	 -0.380	  0.772	  0.050	 -0.273
[component_container-11] 	 21.270	ErrPose	 -0.019	  0.201	  0.000	 -0.015
[component_container-11] 	 21.270	ErrTwis	  0.362	  0.135	 -0.035	 -0.006
[component_container-11] 	 21.270	    GPS	  1.175	  3.381	  4.996	     --
[component_container-11] 	 21.270	   Baro	     --	     --	  5.167	     --
[component_container-11] 	 21.270	  BBias	     --	     --	  0.313	     --
[component_container-11] 	 21.270	  Sonar	     --	     --	    inf	     --
[component_container-11] 	 21.270	  Magnt	     --	     --	     --	  0.410
[component_container-11] 
[component_container-11] 	 21.300	   Pose	  1.228	  3.386	  5.000	  0.437
[component_container-11] 	 21.300	  Twist	 -0.380	  0.770	  0.051	 -0.274
[component_container-11] 	 21.300	ErrPose	 -0.024	  0.210	 -0.001	 -0.018
[component_container-11] 	 21.300	ErrTwis	  0.348	  0.132	 -0.042	 -0.005
[component_container-11] 	 21.300	    GPS	  1.175	  3.381	  4.996	     --
[component_container-11] 	 21.300	   Baro	     --	     --	  5.167	     --
[component_container-11] 	 21.300	  BBias	     --	     --	  0.313	     --
[component_container-11] 	 21.300	  Sonar	     --	     --	    inf	     --
[component_container-11] 	 21.300	  Magnt	     --	     --	     --	  0.410
[component_container-11] 
[component_container-11] 	 21.340	   Pose	  1.213	  3.416	  5.000	  0.425
[component_container-11] 	 21.340	  Twist	 -0.379	  0.767	  0.050	 -0.251
[component_container-11] 	 21.340	ErrPose	 -0.025	  0.211	  0.000	 -0.017
[component_container-11] 	 21.340	ErrTwis	  0.334	  0.128	 -0.046	 -0.028
[component_container-11] 	 21.340	    GPS	  1.175	  3.381	  4.996	     --
[component_container-11] 	 21.340	   Baro	     --	     --	  5.281	     --
[component_container-11] 	 21.340	  BBias	     --	     --	  0.313	     --
[component_container-11] 	 21.340	  Sonar	     --	     --	    inf	     --
[component_container-11] 	 21.340	  Magnt	     --	     --	     --	  0.376
[component_container-11] 
[component_container-11] 	 21.370	   Pose	  1.201	  3.439	  4.999	  0.416
[component_container-11] 	 21.370	  Twist	 -0.379	  0.764	  0.049	 -0.269
[component_container-11] 	 21.370	ErrPose	 -0.022	  0.204	  0.002	 -0.014
[component_container-11] 	 21.370	ErrTwis	  0.327	  0.126	 -0.048	 -0.011
[component_container-11] 	 21.370	    GPS	  1.175	  3.381	  4.996	     --
[component_container-11] 	 21.370	   Baro	     --	     --	  5.286	     --
[component_container-11] 	 21.370	  BBias	     --	     --	  0.313	     --
[component_container-11] 	 21.370	  Sonar	     --	     --	    inf	     --
[component_container-11] 	 21.370	  Magnt	     --	     --	     --	  0.405
[component_container-11] 
[component_container-11] 	 21.400	   Pose	  1.190	  3.462	  5.000	  0.408
[component_container-11] 	 21.400	  Twist	 -0.380	  0.762	  0.052	 -0.276
[component_container-11] 	 21.400	ErrPose	 -0.026	  0.212	  0.001	 -0.017
[component_container-11] 	 21.400	ErrTwis	  0.315	  0.117	 -0.054	 -0.004
[component_container-11] 	 21.400	    GPS	  1.175	  3.381	  4.996	     --
[component_container-11] 	 21.400	   Baro	     --	     --	  5.286	     --
[component_container-11] 	 21.400	  BBias	     --	     --	  0.313	     --
[component_container-11] 	 21.400	  Sonar	     --	     --	    inf	     --
[component_container-11] 	 21.400	  Magnt	     --	     --	     --	  0.405
[component_container-11] 
[component_container-11] 	 21.440	   Pose	  1.175	  3.493	  4.996	  0.397
[component_container-11] 	 21.440	  Twist	 -0.381	  0.759	  0.049	 -0.281
[component_container-11] 	 21.440	ErrPose	 -0.027	  0.212	  0.005	 -0.017
[component_container-11] 	 21.440	ErrTwis	  0.304	  0.106	 -0.055	  0.002
[component_container-11] 	 21.440	    GPS	  1.175	  3.381	  4.996	     --
[component_container-11] 	 21.440	   Baro	     --	     --	  5.245	     --
[component_container-11] 	 21.440	  BBias	     --	     --	  0.313	     --
[component_container-11] 	 21.440	  Sonar	     --	     --	    inf	     --
[component_container-11] 	 21.440	  Magnt	     --	     --	     --	  0.422
[component_container-11] 
[component_container-11] 	 21.470	   Pose	  1.163	  3.515	  4.990	  0.389
[component_container-11] 	 21.470	  Twist	 -0.380	  0.757	  0.044	 -0.271
[component_container-11] 	 21.470	ErrPose	 -0.024	  0.204	  0.012	 -0.014
[component_container-11] 	 21.470	ErrTwis	  0.298	  0.101	 -0.051	 -0.008
[component_container-11] 	 21.470	    GPS	  1.175	  3.381	  4.996	     --
[component_container-11] 	 21.470	   Baro	     --	     --	  5.223	     --
[component_container-11] 	 21.470	  BBias	     --	     --	  0.313	     --
[component_container-11] 	 21.470	  Sonar	     --	     --	    inf	     --
[component_container-11] 	 21.470	  Magnt	     --	     --	     --	  0.371
[component_container-11] 
[component_container-11] 	 21.500	   Pose	  1.152	  3.538	  4.991	  0.381
[component_container-11] 	 21.500	  Twist	 -0.381	  0.755	  0.047	 -0.278
[component_container-11] 	 21.500	ErrPose	 -0.028	  0.211	  0.011	 -0.018
[component_container-11] 	 21.500	ErrTwis	  0.288	  0.086	 -0.057	 -0.002
[component_container-11] 	 21.500	    GPS	  1.175	  3.381	  4.996	     --
[component_container-11] 	 21.500	   Baro	     --	     --	  5.223	     --
[component_container-11] 	 21.500	  BBias	     --	     --	  0.313	     --
[component_container-11] 	 21.500	  Sonar	     --	     --	    inf	     --
[component_container-11] 	 21.500	  Magnt	     --	     --	     --	  0.371
[component_container-11] 
[component_container-11] [INFO] [1775370743.667403445] [drone.estimator]: TMP LOG gps innov_xy=(0.046, 0.165) est_xy=(1.148, 3.546) gps_xy=(1.194, 3.711) corr_xy=(1.194, 3.711) vel_xy=(-0.381, 0.754)
[component_container-11] [INFO] [1775370743.667844931] [drone.estimator]: TMP LOG gps vel pseudo raw=(0.038, 0.659) filt=(-0.041, 0.692) innov_v=(0.333, -0.086) apply=(1,1)
[component_container-11] 	 21.540	   Pose	  1.202	  3.607	  4.999	  0.369
[component_container-11] 	 21.540	  Twist	 -0.311	  0.760	  0.056	 -0.275
[component_container-11] 	 21.540	ErrPose	 -0.094	  0.170	  0.004	 -0.017
[component_container-11] 	 21.540	ErrTwis	  0.207	  0.063	 -0.068	 -0.005
[component_container-11] 	 21.540	    GPS	  1.194	  3.711	  5.003	     --
[component_container-11] 	 21.540	   Baro	     --	     --	  5.353	     --
[component_container-11] 	 21.540	  BBias	     --	     --	  0.313	     --
[component_container-11] 	 21.540	  Sonar	     --	     --	    inf	     --
[component_container-11] 	 21.540	  Magnt	     --	     --	     --	  0.376
[component_container-11] 
[component_container-11] 	 21.570	   Pose	  1.193	  3.630	  5.011	  0.361
[component_container-11] 	 21.570	  Twist	 -0.311	  0.758	  0.070	 -0.271
[component_container-11] 	 21.570	ErrPose	 -0.092	  0.162	 -0.007	 -0.015
[component_container-11] 	 21.570	ErrTwis	  0.202	  0.055	 -0.083	 -0.009
[component_container-11] 	 21.570	    GPS	  1.194	  3.711	  5.003	     --
[component_container-11] 	 21.570	   Baro	     --	     --	  5.445	     --
[component_container-11] 	 21.570	  BBias	     --	     --	  0.313	     --
[component_container-11] 	 21.570	  Sonar	     --	     --	    inf	     --
[component_container-11] 	 21.570	  Magnt	     --	     --	     --	  0.352
[component_container-11] 
[component_container-11] 	 21.600	   Pose	  1.184	  3.653	  5.013	  0.353
[component_container-11] 	 21.600	  Twist	 -0.312	  0.756	  0.074	 -0.264
[component_container-11] 	 21.600	ErrPose	 -0.098	  0.167	 -0.009	 -0.018
[component_container-11] 	 21.600	ErrTwis	  0.194	  0.036	 -0.087	 -0.016
[component_container-11] 	 21.600	    GPS	  1.194	  3.711	  5.003	     --
[component_container-11] 	 21.600	   Baro	     --	     --	  5.445	     --
[component_container-11] 	 21.600	  BBias	     --	     --	  0.313	     --
[component_container-11] 	 21.600	  Sonar	     --	     --	    inf	     --
[component_container-11] 	 21.600	  Magnt	     --	     --	     --	  0.352
[component_container-11] 
[component_container-11] 	 21.640	   Pose	  1.171	  3.683	  5.015	  0.341
[component_container-11] 	 21.640	  Twist	 -0.312	  0.753	  0.077	 -0.257
[component_container-11] 	 21.640	ErrPose	 -0.100	  0.163	 -0.010	 -0.017
[component_container-11] 	 21.640	ErrTwis	  0.186	  0.015	 -0.090	 -0.023
[component_container-11] 	 21.640	    GPS	  1.194	  3.711	  5.003	     --
[component_container-11] 	 21.640	   Baro	     --	     --	  5.313	     --
[component_container-11] 	 21.640	  BBias	     --	     --	  0.313	     --
[component_container-11] 	 21.640	  Sonar	     --	     --	    inf	     --
[component_container-11] 	 21.640	  Magnt	     --	     --	     --	  0.292
[component_container-11] 
[component_container-11] 	 21.670	   Pose	  1.162	  3.705	  5.011	  0.334
[component_container-11] 	 21.670	  Twist	 -0.313	  0.751	  0.071	 -0.276
[component_container-11] 	 21.670	ErrPose	 -0.098	  0.154	 -0.005	 -0.015
[component_container-11] 	 21.670	ErrTwis	  0.183	  0.006	 -0.085	 -0.003
[component_container-11] 	 21.670	    GPS	  1.194	  3.711	  5.003	     --
[component_container-11] 	 21.670	   Baro	     --	     --	  5.251	     --
[component_container-11] 	 21.670	  BBias	     --	     --	  0.313	     --
[component_container-11] 	 21.670	  Sonar	     --	     --	    inf	     --
[component_container-11] 	 21.670	  Magnt	     --	     --	     --	  0.372
[component_container-11] 
[component_container-11] 	 21.700	   Pose	  1.152	  3.728	  5.013	  0.326
[component_container-11] 	 21.700	  Twist	 -0.314	  0.749	  0.074	 -0.280
[component_container-11] 	 21.700	ErrPose	 -0.102	  0.157	 -0.006	 -0.018
[component_container-11] 	 21.700	ErrTwis	  0.176	 -0.017	 -0.087	  0.000
[component_container-11] 	 21.700	    GPS	  1.194	  3.711	  5.003	     --
[component_container-11] 	 21.700	   Baro	     --	     --	  5.251	     --
[component_container-11] 	 21.700	  BBias	     --	     --	  0.313	     --
[component_container-11] 	 21.700	  Sonar	     --	     --	    inf	     --
[component_container-11] 	 21.700	  Magnt	     --	     --	     --	  0.372
[component_container-11] 
[component_container-11] 	 21.740	   Pose	  1.140	  3.758	  5.009	  0.315
[component_container-11] 	 21.740	  Twist	 -0.314	  0.747	  0.069	 -0.279
[component_container-11] 	 21.740	ErrPose	 -0.104	  0.151	 -0.002	 -0.018
[component_container-11] 	 21.740	ErrTwis	  0.169	 -0.041	 -0.083	 -0.000
[component_container-11] 	 21.740	    GPS	  1.194	  3.711	  5.003	     --
[component_container-11] 	 21.740	   Baro	     --	     --	  5.248	     --
[component_container-11] 	 21.740	  BBias	     --	     --	  0.313	     --
[component_container-11] 	 21.740	  Sonar	     --	     --	    inf	     --
[component_container-11] 	 21.740	  Magnt	     --	     --	     --	  0.323
[component_container-11] 
[component_container-11] 	 21.770	   Pose	  1.130	  3.780	  5.010	  0.306
[component_container-11] 	 21.770	  Twist	 -0.314	  0.745	  0.070	 -0.260
[component_container-11] 	 21.770	ErrPose	 -0.101	  0.141	 -0.002	 -0.015
[component_container-11] 	 21.770	ErrTwis	  0.167	 -0.052	 -0.085	 -0.020
[component_container-11] 	 21.770	    GPS	  1.194	  3.711	  5.003	     --
[component_container-11] 	 21.770	   Baro	     --	     --	  5.304	     --
[component_container-11] 	 21.770	  BBias	     --	     --	  0.313	     --
[component_container-11] 	 21.770	  Sonar	     --	     --	    inf	     --
[component_container-11] 	 21.770	  Magnt	     --	     --	     --	  0.289
[component_container-11] 
[component_container-11] 	 21.800	   Pose	  1.121	  3.803	  5.012	  0.298
[component_container-11] 	 21.800	  Twist	 -0.314	  0.744	  0.072	 -0.278
[component_container-11] 	 21.800	ErrPose	 -0.105	  0.141	 -0.003	 -0.018
[component_container-11] 	 21.800	ErrTwis	  0.161	 -0.078	 -0.087	 -0.001
[component_container-11] 	 21.800	    GPS	  1.194	  3.711	  5.003	     --
[component_container-11] 	 21.800	   Baro	     --	     --	  5.304	     --
[component_container-11] 	 21.800	  BBias	     --	     --	  0.313	     --
[component_container-11] 	 21.800	  Sonar	     --	     --	    inf	     --
[component_container-11] 	 21.800	  Magnt	     --	     --	     --	  0.289
[component_container-11] 
[component_container-11] [INFO] [1775370743.964839151] [drone.behavior]: Behavior transition TURTLE_WAYPOINT -> INITIAL | turtle_stop=false | waypoint=(1.00, 4.00, 5.00)
[component_container-11] [INFO] [1775370743.964863683] [drone.behavior]: Behavior target INITIAL | new_waypoint=(-2.00, -2.00, 5.00)
[component_container-11] 	 21.840	   Pose	  1.108	  3.832	  5.006	  0.285
[component_container-11] 	 21.840	  Twist	 -0.314	  0.742	  0.065	 -0.276
[component_container-11] 	 21.840	ErrPose	 -0.105	  0.133	  0.004	 -0.017
[component_container-11] 	 21.840	ErrTwis	  0.156	 -0.105	 -0.081	 -0.003
[component_container-11] 	 21.840	    GPS	  1.194	  3.711	  5.003	     --
[component_container-11] 	 21.840	   Baro	     --	     --	  5.221	     --
[component_container-11] 	 21.840	  BBias	     --	     --	  0.313	     --
[component_container-11] 	 21.840	  Sonar	     --	     --	    inf	     --
[component_container-11] 	 21.840	  Magnt	     --	     --	     --	  0.250
[component_container-11] 
[component_container-11] 	 21.870	   Pose	  1.099	  3.854	  5.012	  0.278
[component_container-11] 	 21.870	  Twist	 -0.314	  0.741	  0.072	 -0.265
[component_container-11] 	 21.870	ErrPose	 -0.102	  0.122	 -0.002	 -0.015
[component_container-11] 	 21.870	ErrTwis	  0.154	 -0.118	 -0.087	 -0.015
[component_container-11] 	 21.870	    GPS	  1.194	  3.711	  5.003	     --
[component_container-11] 	 21.870	   Baro	     --	     --	  5.375	     --
[component_container-11] 	 21.870	  BBias	     --	     --	  0.313	     --
[component_container-11] 	 21.870	  Sonar	     --	     --	    inf	     --
[component_container-11] 	 21.870	  Magnt	     --	     --	     --	  0.300
[component_container-11] 
[component_container-11] 	 21.900	   Pose	  1.089	  3.877	  5.015	  0.270
[component_container-11] 	 21.900	  Twist	 -0.315	  0.740	  0.075	 -0.261
[component_container-11] 	 21.900	ErrPose	 -0.105	  0.120	 -0.003	 -0.018
[component_container-11] 	 21.900	ErrTwis	  0.151	 -0.146	 -0.090	 -0.018
[component_container-11] 	 21.900	    GPS	  1.194	  3.711	  5.003	     --
[component_container-11] 	 21.900	   Baro	     --	     --	  5.375	     --
[component_container-11] 	 21.900	  BBias	     --	     --	  0.313	     --
[component_container-11] 	 21.900	  Sonar	     --	     --	    inf	     --
[component_container-11] 	 21.900	  Magnt	     --	     --	     --	  0.300
[component_container-11] 
[component_container-11] 	 21.940	   Pose	  1.077	  3.906	  5.028	  0.258
[component_container-11] 	 21.940	  Twist	 -0.316	  0.740	  0.088	 -0.268
[component_container-11] 	 21.940	ErrPose	 -0.104	  0.110	 -0.016	 -0.018
[component_container-11] 	 21.940	ErrTwis	  0.149	 -0.176	 -0.104	 -0.013
[component_container-11] 	 21.940	    GPS	  1.194	  3.711	  5.003	     --
[component_container-11] 	 21.940	   Baro	     --	     --	  5.445	     --
[component_container-11] 	 21.940	  BBias	     --	     --	  0.313	     --
[component_container-11] 	 21.940	  Sonar	     --	     --	    inf	     --
[component_container-11] 	 21.940	  Magnt	     --	     --	     --	  0.241
[component_container-11] 
[component_container-11] 	 21.970	   Pose	  1.067	  3.929	  5.034	  0.250
[component_container-11] 	 21.970	  Twist	 -0.318	  0.740	  0.094	 -0.283
[component_container-11] 	 21.970	ErrPose	 -0.100	  0.097	 -0.021	 -0.015
[component_container-11] 	 21.970	ErrTwis	  0.149	 -0.192	 -0.111	  0.002
[component_container-11] 	 21.970	    GPS	  1.194	  3.711	  5.003	     --
[component_container-11] 	 21.970	   Baro	     --	     --	  5.376	     --
[component_container-11] 	 21.970	  BBias	     --	     --	  0.313	     --
[component_container-11] 	 21.970	  Sonar	     --	     --	    inf	     --
[component_container-11] 	 21.970	  Magnt	     --	     --	     --	  0.252
[component_container-11] 
[component_container-11] 	 22.000	   Pose	  1.058	  3.951	  5.037	  0.242
[component_container-11] 	 22.000	  Twist	 -0.319	  0.741	  0.096	 -0.263
[component_container-11] 	 22.000	ErrPose	 -0.102	  0.092	 -0.023	 -0.018
[component_container-11] 	 22.000	ErrTwis	  0.148	 -0.229	 -0.119	 -0.018
[component_container-11] 	 22.000	    GPS	  1.194	  3.711	  5.003	     --
[component_container-11] 	 22.000	   Baro	     --	     --	  5.376	     --
[component_container-11] 	 22.000	  BBias	     --	     --	  0.313	     --
[component_container-11] 	 22.000	  Sonar	     --	     --	    inf	     --
[component_container-11] 	 22.000	  Magnt	     --	     --	     --	  0.252
[component_container-11] 
[component_container-11] 	 22.040	   Pose	  1.013	  4.068	  5.030	  0.231
[component_container-11] 	 22.040	  Twist	 -0.342	  0.799	  0.086	 -0.249
[component_container-11] 	 22.040	ErrPose	 -0.068	 -0.010	 -0.015	 -0.019
[component_container-11] 	 22.040	ErrTwis	  0.168	 -0.330	 -0.118	 -0.033
[component_container-11] 	 22.040	    GPS	  0.981	  4.174	  5.014	     --
[component_container-11] 	 22.040	   Baro	     --	     --	  5.262	     --
[component_container-11] 	 22.040	  BBias	     --	     --	  0.313	     --
[component_container-11] 	 22.040	  Sonar	     --	     --	    inf	     --
[component_container-11] 	 22.040	  Magnt	     --	     --	     --	  0.253
[component_container-11] 
[component_container-11] [INFO] [1775370744.206796546] [drone.estimator]: TMP LOG err_xyz=(-0.068, -0.010, -0.015) | z_est=5.030 vz_est=0.086 bias=0.313 | gps_z=5.014 sonar=inf baro=5.262
[component_container-11] 	 22.070	   Pose	  1.003	  4.092	  5.030	  0.224
[component_container-11] 	 22.070	  Twist	 -0.342	  0.800	  0.084	 -0.274
[component_container-11] 	 22.070	ErrPose	 -0.062	 -0.027	 -0.015	 -0.018
[component_container-11] 	 22.070	ErrTwis	  0.168	 -0.356	 -0.120	 -0.008
[component_container-11] 	 22.070	    GPS	  0.981	  4.174	  5.014	     --
[component_container-11] 	 22.070	   Baro	     --	     --	  5.315	     --
[component_container-11] 	 22.070	  BBias	     --	     --	  0.313	     --
[component_container-11] 	 22.070	  Sonar	     --	     --	    inf	     --
[component_container-11] 	 22.070	  Magnt	     --	     --	     --	  0.268
[component_container-11] 
[component_container-11] [INFO] [1775370744.267996353] [drone.controller]: cmd_vel body=(-0.541, -0.841, -0.001) yaw=-0.300 | odom_received=true | plan_points=67
[component_container-11] 	 22.100	   Pose	  0.993	  4.116	  5.033	  0.216
[component_container-11] 	 22.100	  Twist	 -0.342	  0.800	  0.084	 -0.285
[component_container-11] 	 22.100	ErrPose	 -0.062	 -0.039	 -0.017	 -0.021
[component_container-11] 	 22.100	ErrTwis	  0.167	 -0.413	 -0.125	  0.003
[component_container-11] 	 22.100	    GPS	  0.981	  4.174	  5.014	     --
[component_container-11] 	 22.100	   Baro	     --	     --	  5.315	     --
[component_container-11] 	 22.100	  BBias	     --	     --	  0.313	     --
[component_container-11] 	 22.100	  Sonar	     --	     --	    inf	     --
[component_container-11] 	 22.100	  Magnt	     --	     --	     --	  0.268
[component_container-11] 
[component_container-11] 	 22.140	   Pose	  0.979	  4.148	  5.046	  0.205
[component_container-11] 	 22.140	  Twist	 -0.344	  0.801	  0.094	 -0.281
[component_container-11] 	 22.140	ErrPose	 -0.057	 -0.062	 -0.030	 -0.021
[component_container-11] 	 22.140	ErrTwis	  0.169	 -0.479	 -0.138	 -0.001
[component_container-11] 	 22.140	    GPS	  0.981	  4.174	  5.014	     --
[component_container-11] 	 22.140	   Baro	     --	     --	  5.464	     --
[component_container-11] 	 22.140	  BBias	     --	     --	  0.313	     --
[component_container-11] 	 22.140	  Sonar	     --	     --	    inf	     --
[component_container-11] 	 22.140	  Magnt	     --	     --	     --	  0.233
[component_container-11] 
[component_container-11] 	 22.170	   Pose	  0.968	  4.172	  5.038	  0.196
[component_container-11] 	 22.170	  Twist	 -0.345	  0.801	  0.082	 -0.293
[component_container-11] 	 22.170	ErrPose	 -0.051	 -0.082	 -0.022	 -0.018
[component_container-11] 	 22.170	ErrTwis	  0.170	 -0.514	 -0.127	  0.012
[component_container-11] 	 22.170	    GPS	  0.981	  4.174	  5.014	     --
[component_container-11] 	 22.170	   Baro	     --	     --	  5.232	     --
[component_container-11] 	 22.170	  BBias	     --	     --	  0.313	     --
[component_container-11] 	 22.170	  Sonar	     --	     --	    inf	     --
[component_container-11] 	 22.170	  Magnt	     --	     --	     --	  0.164
[component_container-11] 
[component_container-11] 	 22.200	   Pose	  0.958	  4.196	  5.040	  0.188
[component_container-11] 	 22.200	  Twist	 -0.345	  0.802	  0.081	 -0.275
[component_container-11] 	 22.200	ErrPose	 -0.048	 -0.101	 -0.025	 -0.022
[component_container-11] 	 22.200	ErrTwis	  0.172	 -0.586	 -0.125	 -0.006
[component_container-11] 	 22.200	    GPS	  0.981	  4.174	  5.014	     --
[component_container-11] 	 22.200	   Baro	     --	     --	  5.232	     --
[component_container-11] 	 22.200	  BBias	     --	     --	  0.313	     --
[component_container-11] 	 22.200	  Sonar	     --	     --	    inf	     --
[component_container-11] 	 22.200	  Magnt	     --	     --	     --	  0.164
[component_container-11] 
[component_container-11] 	 22.240	   Pose	  0.944	  4.228	  5.043	  0.178
[component_container-11] 	 22.240	  Twist	 -0.346	  0.802	  0.078	 -0.268
[component_container-11] 	 22.240	ErrPose	 -0.042	 -0.130	 -0.029	 -0.023
[component_container-11] 	 22.240	ErrTwis	  0.175	 -0.660	 -0.119	 -0.012
[component_container-11] 	 22.240	    GPS	  0.981	  4.174	  5.014	     --
[component_container-11] 	 22.240	   Baro	     --	     --	  5.349	     --
[component_container-11] 	 22.240	  BBias	     --	     --	  0.313	     --
[component_container-11] 	 22.240	  Sonar	     --	     --	    inf	     --
[component_container-11] 	 22.240	  Magnt	     --	     --	     --	  0.229
[component_container-11] 
[component_container-11] 	 22.270	   Pose	  0.934	  4.252	  5.040	  0.169
[component_container-11] 	 22.270	  Twist	 -0.348	  0.803	  0.071	 -0.277
[component_container-11] 	 22.270	ErrPose	 -0.035	 -0.154	 -0.027	 -0.020
[component_container-11] 	 22.270	ErrTwis	  0.178	 -0.699	 -0.110	 -0.003
[component_container-11] 	 22.270	    GPS	  0.981	  4.174	  5.014	     --
[component_container-11] 	 22.270	   Baro	     --	     --	  5.299	     --
[component_container-11] 	 22.270	  BBias	     --	     --	  0.313	     --
[component_container-11] 	 22.270	  Sonar	     --	     --	    inf	     --
[component_container-11] 	 22.270	  Magnt	     --	     --	     --	  0.147
[component_container-11] 
[component_container-11] 	 22.300	   Pose	  0.923	  4.277	  5.043	  0.162
[component_container-11] 	 22.300	  Twist	 -0.349	  0.803	  0.070	 -0.268
[component_container-11] 	 22.300	ErrPose	 -0.031	 -0.180	 -0.030	 -0.023
[component_container-11] 	 22.300	ErrTwis	  0.183	 -0.774	 -0.105	 -0.012
[component_container-11] 	 22.300	    GPS	  0.981	  4.174	  5.014	     --
[component_container-11] 	 22.300	   Baro	     --	     --	  5.299	     --
[component_container-11] 	 22.300	  BBias	     --	     --	  0.313	     --
[component_container-11] 	 22.300	  Sonar	     --	     --	    inf	     --
[component_container-11] 	 22.300	  Magnt	     --	     --	     --	  0.147
[component_container-11] 
[component_container-11] 	 22.340	   Pose	  0.909	  4.309	  5.040	  0.152
[component_container-11] 	 22.340	  Twist	 -0.350	  0.805	  0.061	 -0.278
[component_container-11] 	 22.340	ErrPose	 -0.022	 -0.217	 -0.030	 -0.025
[component_container-11] 	 22.340	ErrTwis	  0.189	 -0.850	 -0.094	 -0.002
[component_container-11] 	 22.340	    GPS	  0.981	  4.174	  5.014	     --
[component_container-11] 	 22.340	   Baro	     --	     --	  5.293	     --
[component_container-11] 	 22.340	  BBias	     --	     --	  0.313	     --
[component_container-11] 	 22.340	  Sonar	     --	     --	    inf	     --
[component_container-11] 	 22.340	  Magnt	     --	     --	     --	  0.194
[component_container-11] 
[component_container-11] 	 22.370	   Pose	  0.899	  4.333	  5.041	  0.145
[component_container-11] 	 22.370	  Twist	 -0.351	  0.806	  0.059	 -0.259
[component_container-11] 	 22.370	ErrPose	 -0.015	 -0.244	 -0.031	 -0.024
[component_container-11] 	 22.370	ErrTwis	  0.192	 -0.888	 -0.090	 -0.020
[component_container-11] 	 22.370	    GPS	  0.981	  4.174	  5.014	     --
[component_container-11] 	 22.370	   Baro	     --	     --	  5.341	     --
[component_container-11] 	 22.370	  BBias	     --	     --	  0.313	     --
[component_container-11] 	 22.370	  Sonar	     --	     --	    inf	     --
[component_container-11] 	 22.370	  Magnt	     --	     --	     --	  0.183
[component_container-11] 
[component_container-11] 	 22.400	   Pose	  0.888	  4.357	  5.042	  0.137
[component_container-11] 	 22.400	  Twist	 -0.352	  0.807	  0.058	 -0.260
[component_container-11] 	 22.400	ErrPose	 -0.009	 -0.277	 -0.036	 -0.027
[component_container-11] 	 22.400	ErrTwis	  0.199	 -0.960	 -0.087	 -0.019
[component_container-11] 	 22.400	    GPS	  0.981	  4.174	  5.014	     --
[component_container-11] 	 22.400	   Baro	     --	     --	  5.341	     --
[component_container-11] 	 22.400	  BBias	     --	     --	  0.313	     --
[component_container-11] 	 22.400	  Sonar	     --	     --	    inf	     --
[component_container-11] 	 22.400	  Magnt	     --	     --	     --	  0.183
[component_container-11] 
[component_container-11] 	 22.440	   Pose	  0.874	  4.389	  5.029	  0.126
[component_container-11] 	 22.440	  Twist	 -0.355	  0.809	  0.041	 -0.263
[component_container-11] 	 22.440	ErrPose	  0.000	 -0.320	 -0.025	 -0.028
[component_container-11] 	 22.440	ErrTwis	  0.207	 -1.030	 -0.069	 -0.015
[component_container-11] 	 22.440	    GPS	  0.981	  4.174	  5.014	     --
[component_container-11] 	 22.440	   Baro	     --	     --	  5.186	     --
[component_container-11] 	 22.440	  BBias	     --	     --	  0.313	     --
[component_container-11] 	 22.440	  Sonar	     --	     --	    inf	     --
[component_container-11] 	 22.440	  Magnt	     --	     --	     --	  0.163
[component_container-11] 
[component_container-11] 	 22.470	   Pose	  0.864	  4.414	  5.017	  0.118
[component_container-11] 	 22.470	  Twist	 -0.355	  0.810	  0.027	 -0.263
[component_container-11] 	 22.470	ErrPose	  0.009	 -0.351	 -0.015	 -0.024
[component_container-11] 	 22.470	ErrTwis	  0.211	 -1.064	 -0.055	 -0.014
[component_container-11] 	 22.470	    GPS	  0.981	  4.174	  5.014	     --
[component_container-11] 	 22.470	   Baro	     --	     --	  5.193	     --
[component_container-11] 	 22.470	  BBias	     --	     --	  0.313	     --
[component_container-11] 	 22.470	  Sonar	     --	     --	    inf	     --
[component_container-11] 	 22.470	  Magnt	     --	     --	     --	  0.087
[component_container-11] 
[component_container-11] 	 22.500	   Pose	  0.853	  4.438	  5.018	  0.110
[component_container-11] 	 22.500	  Twist	 -0.357	  0.813	  0.028	 -0.255
[component_container-11] 	 22.500	ErrPose	  0.015	 -0.390	 -0.019	 -0.028
[component_container-11] 	 22.500	ErrTwis	  0.220	 -1.129	 -0.056	 -0.023
[component_container-11] 	 22.500	    GPS	  0.981	  4.174	  5.014	     --
[component_container-11] 	 22.500	   Baro	     --	     --	  5.193	     --
[component_container-11] 	 22.500	  BBias	     --	     --	  0.313	     --
[component_container-11] 	 22.500	  Sonar	     --	     --	    inf	     --
[component_container-11] 	 22.500	  Magnt	     --	     --	     --	  0.087
[component_container-11] 
[component_container-11] [INFO] [1775370744.670714448] [drone.estimator]: TMP LOG gps innov_xy=(-0.047, -0.392) est_xy=(0.853, 4.438) gps_xy=(0.806, 4.046) corr_xy=(0.806, 4.046) vel_xy=(-0.357, 0.813)
[component_container-11] [INFO] [1775370744.670847892] [drone.estimator]: TMP LOG gps vel pseudo raw=(-0.349, -0.256) filt=(-0.353, -0.141) innov_v=(0.010, -0.897) apply=(1,1)
[component_container-11] 	 22.540	   Pose	  0.826	  4.209	  5.014	  0.099
[component_container-11] 	 22.540	  Twist	 -0.362	  0.589	  0.023	 -0.276
[component_container-11] 	 22.540	ErrPose	  0.039	 -0.178	 -0.018	 -0.028
[component_container-11] 	 22.540	ErrTwis	  0.233	 -0.962	 -0.052	 -0.001
[component_container-11] 	 22.540	    GPS	  0.806	  4.046	  4.998	     --
[component_container-11] 	 22.540	   Baro	     --	     --	  5.301	     --
[component_container-11] 	 22.540	  BBias	     --	     --	  0.313	     --
[component_container-11] 	 22.540	  Sonar	     --	     --	    inf	     --
[component_container-11] 	 22.540	  Magnt	     --	     --	     --	  0.107
[component_container-11] 
[component_container-11] 	 22.570	   Pose	  0.815	  4.227	  5.009	  0.091
[component_container-11] 	 22.570	  Twist	 -0.363	  0.591	  0.019	 -0.254
[component_container-11] 	 22.570	ErrPose	  0.048	 -0.205	 -0.015	 -0.026
[component_container-11] 	 22.570	ErrTwis	  0.238	 -0.992	 -0.049	 -0.023
[component_container-11] 	 22.570	    GPS	  0.806	  4.046	  4.998	     --
[component_container-11] 	 22.570	   Baro	     --	     --	  5.264	     --
[component_container-11] 	 22.570	  BBias	     --	     --	  0.313	     --
[component_container-11] 	 22.570	  Sonar	     --	     --	    inf	     --
[component_container-11] 	 22.570	  Magnt	     --	     --	     --	  0.107
[component_container-11] 
[component_container-11] 	 22.600	   Pose	  0.804	  4.245	  5.010	  0.083
[component_container-11] 	 22.600	  Twist	 -0.365	  0.593	  0.020	 -0.265
[component_container-11] 	 22.600	ErrPose	  0.056	 -0.242	 -0.019	 -0.030
[component_container-11] 	 22.600	ErrTwis	  0.247	 -1.045	 -0.051	 -0.012
[component_container-11] 	 22.600	    GPS	  0.806	  4.046	  4.998	     --
[component_container-11] 	 22.600	   Baro	     --	     --	  5.264	     --
[component_container-11] 	 22.600	  BBias	     --	     --	  0.313	     --
[component_container-11] 	 22.600	  Sonar	     --	     --	    inf	     --
[component_container-11] 	 22.600	  Magnt	     --	     --	     --	  0.107
[component_container-11] 
[component_container-11] 	 22.640	   Pose	  0.789	  4.269	  5.016	  0.073
[component_container-11] 	 22.640	  Twist	 -0.366	  0.596	  0.028	 -0.272
[component_container-11] 	 22.640	ErrPose	  0.067	 -0.287	 -0.029	 -0.030
[component_container-11] 	 22.640	ErrTwis	  0.257	 -1.096	 -0.060	 -0.005
[component_container-11] 	 22.640	    GPS	  0.806	  4.046	  4.998	     --
[component_container-11] 	 22.640	   Baro	     --	     --	  5.386	     --
[component_container-11] 	 22.640	  BBias	     --	     --	  0.313	     --
[component_container-11] 	 22.640	  Sonar	     --	     --	    inf	     --
[component_container-11] 	 22.640	  Magnt	     --	     --	     --	  0.078
[component_container-11] 
[component_container-11] 	 22.670	   Pose	  0.778	  4.287	  5.012	  0.064
[component_container-11] 	 22.670	  Twist	 -0.367	  0.599	  0.025	 -0.261
[component_container-11] 	 22.670	ErrPose	  0.077	 -0.316	 -0.027	 -0.027
[component_container-11] 	 22.670	ErrTwis	  0.262	 -1.120	 -0.057	 -0.015
[component_container-11] 	 22.670	    GPS	  0.806	  4.046	  4.998	     --
[component_container-11] 	 22.670	   Baro	     --	     --	  5.271	     --
[component_container-11] 	 22.670	  BBias	     --	     --	  0.313	     --
[component_container-11] 	 22.670	  Sonar	     --	     --	    inf	     --
[component_container-11] 	 22.670	  Magnt	     --	     --	     --	  0.037
[component_container-11] 
[component_container-11] 	 22.700	   Pose	  0.767	  4.305	  5.013	  0.056
[component_container-11] 	 22.700	  Twist	 -0.369	  0.601	  0.027	 -0.267
[component_container-11] 	 22.700	ErrPose	  0.085	 -0.358	 -0.031	 -0.030
[component_container-11] 	 22.700	ErrTwis	  0.272	 -1.164	 -0.061	 -0.010
[component_container-11] 	 22.700	    GPS	  0.806	  4.046	  4.998	     --
[component_container-11] 	 22.700	   Baro	     --	     --	  5.271	     --
[component_container-11] 	 22.700	  BBias	     --	     --	  0.313	     --
[component_container-11] 	 22.700	  Sonar	     --	     --	    inf	     --
[component_container-11] 	 22.700	  Magnt	     --	     --	     --	  0.037
[component_container-11] 
[component_container-11] 	 22.740	   Pose	  0.752	  4.329	  5.022	  0.045
[component_container-11] 	 22.740	  Twist	 -0.371	  0.605	  0.039	 -0.283
[component_container-11] 	 22.740	ErrPose	  0.097	 -0.406	 -0.044	 -0.030
[component_container-11] 	 22.740	ErrTwis	  0.283	 -1.205	 -0.075	  0.007
[component_container-11] 	 22.740	    GPS	  0.806	  4.046	  4.998	     --
[component_container-11] 	 22.740	   Baro	     --	     --	  5.415	     --
[component_container-11] 	 22.740	  BBias	     --	     --	  0.313	     --
[component_container-11] 	 22.740	  Sonar	     --	     --	    inf	     --
[component_container-11] 	 22.740	  Magnt	     --	     --	     --	  0.031
[component_container-11] 
[component_container-11] 	 22.770	   Pose	  0.741	  4.347	  5.011	  0.037
[component_container-11] 	 22.770	  Twist	 -0.373	  0.609	  0.029	 -0.260
[component_container-11] 	 22.770	ErrPose	  0.107	 -0.438	 -0.036	 -0.028
[component_container-11] 	 22.770	ErrTwis	  0.289	 -1.225	 -0.067	 -0.016
[component_container-11] 	 22.770	    GPS	  0.806	  4.046	  4.998	     --
[component_container-11] 	 22.770	   Baro	     --	     --	  5.202	     --
[component_container-11] 	 22.770	  BBias	     --	     --	  0.313	     --
[component_container-11] 	 22.770	  Sonar	     --	     --	    inf	     --
[component_container-11] 	 22.770	  Magnt	     --	     --	     --	  0.043
[component_container-11] 
[component_container-11] 	 22.800	   Pose	  0.730	  4.365	  5.012	  0.028
[component_container-11] 	 22.800	  Twist	 -0.374	  0.612	  0.031	 -0.265
[component_container-11] 	 22.800	ErrPose	  0.115	 -0.482	 -0.040	 -0.031
[component_container-11] 	 22.800	ErrTwis	  0.298	 -1.259	 -0.071	 -0.012
[component_container-11] 	 22.800	    GPS	  0.806	  4.046	  4.998	     --
[component_container-11] 	 22.800	   Baro	     --	     --	  5.202	     --
[component_container-11] 	 22.800	  BBias	     --	     --	  0.313	     --
[component_container-11] 	 22.800	  Sonar	     --	     --	    inf	     --
[component_container-11] 	 22.800	  Magnt	     --	     --	     --	  0.043
[component_container-11] 
[component_container-11] 	 22.840	   Pose	  0.715	  4.390	  5.006	  0.017
[component_container-11] 	 22.840	  Twist	 -0.376	  0.616	  0.027	 -0.265
[component_container-11] 	 22.840	ErrPose	  0.127	 -0.535	 -0.037	 -0.031
[component_container-11] 	 22.840	ErrTwis	  0.309	 -1.291	 -0.068	 -0.011
[component_container-11] 	 22.840	    GPS	  0.806	  4.046	  4.998	     --
[component_container-11] 	 22.840	   Baro	     --	     --	  5.236	     --
[component_container-11] 	 22.840	  BBias	     --	     --	  0.313	     --
[component_container-11] 	 22.840	  Sonar	     --	     --	    inf	     --
[component_container-11] 	 22.840	  Magnt	     --	     --	     --	  0.016
[component_container-11] 
[component_container-11] 	 22.870	   Pose	  0.704	  4.408	  5.006	  0.008
[component_container-11] 	 22.870	  Twist	 -0.377	  0.620	  0.031	 -0.269
[component_container-11] 	 22.870	ErrPose	  0.137	 -0.567	 -0.039	 -0.027
[component_container-11] 	 22.870	ErrTwis	  0.314	 -1.307	 -0.072	 -0.008
[component_container-11] 	 22.870	    GPS	  0.806	  4.046	  4.998	     --
[component_container-11] 	 22.870	   Baro	     --	     --	  5.316	     --
[component_container-11] 	 22.870	  BBias	     --	     --	  0.313	     --
[component_container-11] 	 22.870	  Sonar	     --	     --	    inf	     --
[component_container-11] 	 22.870	  Magnt	     --	     --	     --	 -0.053
[component_container-11] 
[component_container-11] 	 22.900	   Pose	  0.692	  4.427	  5.007	  0.000
[component_container-11] 	 22.900	  Twist	 -0.379	  0.624	  0.034	 -0.266
[component_container-11] 	 22.900	ErrPose	  0.146	 -0.615	 -0.044	 -0.030
[component_container-11] 	 22.900	ErrTwis	  0.324	 -1.334	 -0.076	 -0.011
[component_container-11] 	 22.900	    GPS	  0.806	  4.046	  4.998	     --
[component_container-11] 	 22.900	   Baro	     --	     --	  5.316	     --
[component_container-11] 	 22.900	  BBias	     --	     --	  0.313	     --
[component_container-11] 	 22.900	  Sonar	     --	     --	    inf	     --
[component_container-11] 	 22.900	  Magnt	     --	     --	     --	 -0.053
[component_container-11] 
[component_container-11] 	 22.940	   Pose	  0.677	  4.452	  5.005	 -0.012
[component_container-11] 	 22.940	  Twist	 -0.379	  0.629	  0.036	 -0.275
[component_container-11] 	 22.940	ErrPose	  0.158	 -0.669	 -0.045	 -0.029
[component_container-11] 	 22.940	ErrTwis	  0.333	 -1.361	 -0.078	 -0.002
[component_container-11] 	 22.940	    GPS	  0.806	  4.046	  4.998	     --
[component_container-11] 	 22.940	   Baro	     --	     --	  5.276	     --
[component_container-11] 	 22.940	  BBias	     --	     --	  0.313	     --
[component_container-11] 	 22.940	  Sonar	     --	     --	    inf	     --
[component_container-11] 	 22.940	  Magnt	     --	     --	     --	 -0.065
[component_container-11] 
[component_container-11] 	 22.970	   Pose	  0.666	  4.471	  4.997	 -0.021
[component_container-11] 	 22.970	  Twist	 -0.380	  0.633	  0.031	 -0.273
[component_container-11] 	 22.970	ErrPose	  0.168	 -0.703	 -0.038	 -0.027
[component_container-11] 	 22.970	ErrTwis	  0.338	 -1.375	 -0.073	 -0.005
[component_container-11] 	 22.970	    GPS	  0.806	  4.046	  4.998	     --
[component_container-11] 	 22.970	   Baro	     --	     --	  5.217	     --
[component_container-11] 	 22.970	  BBias	     --	     --	  0.313	     --
[component_container-11] 	 22.970	  Sonar	     --	     --	    inf	     --
[component_container-11] 	 22.970	  Magnt	     --	     --	     --	 -0.032
[component_container-11] 
[component_container-11] 	 23.000	   Pose	  0.654	  4.490	  4.998	 -0.028
[component_container-11] 	 23.000	  Twist	 -0.382	  0.638	  0.035	 -0.254
[component_container-11] 	 23.000	ErrPose	  0.177	 -0.753	 -0.042	 -0.030
[component_container-11] 	 23.000	ErrTwis	  0.347	 -1.398	 -0.076	 -0.024
[component_container-11] 	 23.000	    GPS	  0.806	  4.046	  4.998	     --
[component_container-11] 	 23.000	   Baro	     --	     --	  5.217	     --
[component_container-11] 	 23.000	  BBias	     --	     --	  0.313	     --
[component_container-11] 	 23.000	  Sonar	     --	     --	    inf	     --
[component_container-11] 	 23.000	  Magnt	     --	     --	     --	 -0.032
[component_container-11] 
[component_container-11] 	 23.040	   Pose	  0.801	  4.103	  4.986	 -0.040
[component_container-11] 	 23.040	  Twist	 -0.248	  0.319	  0.028	 -0.272
[component_container-11] 	 23.040	ErrPose	  0.028	 -0.397	 -0.034	 -0.029
[component_container-11] 	 23.040	ErrTwis	  0.221	 -1.095	 -0.067	 -0.006
[component_container-11] 	 23.040	    GPS	  0.917	  3.729	  4.955	     --
[component_container-11] 	 23.040	   Baro	     --	     --	  5.237	     --
[component_container-11] 	 23.040	  BBias	     --	     --	  0.313	     --
[component_container-11] 	 23.040	  Sonar	     --	     --	    inf	     --
[component_container-11] 	 23.040	  Magnt	     --	     --	     --	 -0.072
[component_container-11] 
[component_container-11] [INFO] [1775370745.213979281] [drone.estimator]: TMP LOG err_xyz=(0.028, -0.397, -0.034) | z_est=4.986 vz_est=0.028 bias=0.313 | gps_z=4.955 sonar=inf baro=5.237
[component_container-11] 	 23.070	   Pose	  0.793	  4.113	  4.987	 -0.049
[component_container-11] 	 23.070	  Twist	 -0.249	  0.323	  0.032	 -0.277
[component_container-11] 	 23.070	ErrPose	  0.034	 -0.423	 -0.037	 -0.026
[component_container-11] 	 23.070	ErrTwis	  0.226	 -1.106	 -0.071	 -0.001
[component_container-11] 	 23.070	    GPS	  0.917	  3.729	  4.955	     --
[component_container-11] 	 23.070	   Baro	     --	     --	  5.302	     --
[component_container-11] 	 23.070	  BBias	     --	     --	  0.313	     --
[component_container-11] 	 23.070	  Sonar	     --	     --	    inf	     --
[component_container-11] 	 23.070	  Magnt	     --	     --	     --	 -0.089
[component_container-11] 
[component_container-11] [INFO] [1775370745.274005901] [drone.controller]: cmd_vel body=(-0.554, -0.833, 0.010) yaw=-0.300 | odom_received=true | plan_points=70
[component_container-11] 	 23.100	   Pose	  0.786	  4.122	  4.988	 -0.057
[component_container-11] 	 23.100	  Twist	 -0.250	  0.328	  0.036	 -0.272
[component_container-11] 	 23.100	ErrPose	  0.038	 -0.465	 -0.040	 -0.029
[component_container-11] 	 23.100	ErrTwis	  0.235	 -1.125	 -0.074	 -0.006
[component_container-11] 	 23.100	    GPS	  0.917	  3.729	  4.955	     --
[component_container-11] 	 23.100	   Baro	     --	     --	  5.302	     --
[component_container-11] 	 23.100	  BBias	     --	     --	  0.313	     --
[component_container-11] 	 23.100	  Sonar	     --	     --	    inf	     --
[component_container-11] 	 23.100	  Magnt	     --	     --	     --	 -0.089
[component_container-11] 
[component_container-11] 	 23.140	   Pose	  0.776	  4.136	  4.984	 -0.068
[component_container-11] 	 23.140	  Twist	 -0.251	  0.334	  0.035	 -0.259
[component_container-11] 	 23.140	ErrPose	  0.045	 -0.510	 -0.038	 -0.029
[component_container-11] 	 23.140	ErrTwis	  0.244	 -1.142	 -0.072	 -0.019
[component_container-11] 	 23.140	    GPS	  0.917	  3.729	  4.955	     --
[component_container-11] 	 23.140	   Baro	     --	     --	  5.223	     --
[component_container-11] 	 23.140	  BBias	     --	     --	  0.313	     --
[component_container-11] 	 23.140	  Sonar	     --	     --	    inf	     --
[component_container-11] 	 23.140	  Magnt	     --	     --	     --	 -0.090
[component_container-11] 
[component_container-11] 	 23.170	   Pose	  0.768	  4.146	  4.974	 -0.077
[component_container-11] 	 23.170	  Twist	 -0.252	  0.338	  0.029	 -0.276
[component_container-11] 	 23.170	ErrPose	  0.051	 -0.537	 -0.030	 -0.026
[component_container-11] 	 23.170	ErrTwis	  0.248	 -1.151	 -0.065	 -0.002
[component_container-11] 	 23.170	    GPS	  0.917	  3.729	  4.955	     --
[component_container-11] 	 23.170	   Baro	     --	     --	  5.168	     --
[component_container-11] 	 23.170	  BBias	     --	     --	  0.313	     --
[component_container-11] 	 23.170	  Sonar	     --	     --	    inf	     --
[component_container-11] 	 23.170	  Magnt	     --	     --	     --	 -0.094
[component_container-11] 
[component_container-11] 	 23.200	   Pose	  0.761	  4.156	  4.975	 -0.085
[component_container-11] 	 23.200	  Twist	 -0.253	  0.342	  0.034	 -0.259
[component_container-11] 	 23.200	ErrPose	  0.055	 -0.580	 -0.033	 -0.029
[component_container-11] 	 23.200	ErrTwis	  0.256	 -1.165	 -0.069	 -0.018
[component_container-11] 	 23.200	    GPS	  0.917	  3.729	  4.955	     --
[component_container-11] 	 23.200	   Baro	     --	     --	  5.168	     --
[component_container-11] 	 23.200	  BBias	     --	     --	  0.313	     --
[component_container-11] 	 23.200	  Sonar	     --	     --	    inf	     --
[component_container-11] 	 23.200	  Magnt	     --	     --	     --	 -0.094
[component_container-11] 
[component_container-11] 	 23.240	   Pose	  0.751	  4.170	  4.974	 -0.096
[component_container-11] 	 23.240	  Twist	 -0.255	  0.348	  0.037	 -0.267
[component_container-11] 	 23.240	ErrPose	  0.062	 -0.627	 -0.034	 -0.029
[component_container-11] 	 23.240	ErrTwis	  0.263	 -1.177	 -0.073	 -0.010
[component_container-11] 	 23.240	    GPS	  0.917	  3.729	  4.955	     --
[component_container-11] 	 23.240	   Baro	     --	     --	  5.260	     --
[component_container-11] 	 23.240	  BBias	     --	     --	  0.313	     --
[component_container-11] 	 23.240	  Sonar	     --	     --	    inf	     --
[component_container-11] 	 23.240	  Magnt	     --	     --	     --	 -0.114
[component_container-11] 
[component_container-11] 	 23.270	   Pose	  0.743	  4.180	  4.974	 -0.105
[component_container-11] 	 23.270	  Twist	 -0.256	  0.352	  0.040	 -0.257
[component_container-11] 	 23.270	ErrPose	  0.068	 -0.654	 -0.035	 -0.026
[component_container-11] 	 23.270	ErrTwis	  0.267	 -1.185	 -0.076	 -0.021
[component_container-11] 	 23.270	    GPS	  0.917	  3.729	  4.955	     --
[component_container-11] 	 23.270	   Baro	     --	     --	  5.271	     --
[component_container-11] 	 23.270	  BBias	     --	     --	  0.313	     --
[component_container-11] 	 23.270	  Sonar	     --	     --	    inf	     --
[component_container-11] 	 23.270	  Magnt	     --	     --	     --	 -0.140
[component_container-11] 
[component_container-11] 	 23.300	   Pose	  0.735	  4.191	  4.975	 -0.113
[component_container-11] 	 23.300	  Twist	 -0.257	  0.357	  0.045	 -0.268
[component_container-11] 	 23.300	ErrPose	  0.072	 -0.698	 -0.039	 -0.029
[component_container-11] 	 23.300	ErrTwis	  0.273	 -1.194	 -0.080	 -0.011
[component_container-11] 	 23.300	    GPS	  0.917	  3.729	  4.955	     --
[component_container-11] 	 23.300	   Baro	     --	     --	  5.271	     --
[component_container-11] 	 23.300	  BBias	     --	     --	  0.313	     --
[component_container-11] 	 23.300	  Sonar	     --	     --	    inf	     --
[component_container-11] 	 23.300	  Magnt	     --	     --	     --	 -0.140
[component_container-11] 
[component_container-11] 	 23.340	   Pose	  0.725	  4.205	  4.979	 -0.124
[component_container-11] 	 23.340	  Twist	 -0.259	  0.364	  0.052	 -0.267
[component_container-11] 	 23.340	ErrPose	  0.078	 -0.746	 -0.044	 -0.029
[component_container-11] 	 23.340	ErrTwis	  0.280	 -1.204	 -0.084	 -0.012
[component_container-11] 	 23.340	    GPS	  0.917	  3.729	  4.955	     --
[component_container-11] 	 23.340	   Baro	     --	     --	  5.310	     --
[component_container-11] 	 23.340	  BBias	     --	     --	  0.313	     --
[component_container-11] 	 23.340	  Sonar	     --	     --	    inf	     --
[component_container-11] 	 23.340	  Magnt	     --	     --	     --	 -0.148
[component_container-11] 
[component_container-11] 	 23.370	   Pose	  0.717	  4.216	  4.979	 -0.133
[component_container-11] 	 23.370	  Twist	 -0.261	  0.369	  0.054	 -0.260
[component_container-11] 	 23.370	ErrPose	  0.084	 -0.773	 -0.045	 -0.025
[component_container-11] 	 23.370	ErrTwis	  0.284	 -1.211	 -0.084	 -0.019
[component_container-11] 	 23.370	    GPS	  0.917	  3.729	  4.955	     --
[component_container-11] 	 23.370	   Baro	     --	     --	  5.279	     --
[component_container-11] 	 23.370	  BBias	     --	     --	  0.313	     --
[component_container-11] 	 23.370	  Sonar	     --	     --	    inf	     --
[component_container-11] 	 23.370	  Magnt	     --	     --	     --	 -0.172
[component_container-11] 
[component_container-11] 	 23.400	   Pose	  0.709	  4.227	  4.981	 -0.141
[component_container-11] 	 23.400	  Twist	 -0.262	  0.374	  0.058	 -0.265
[component_container-11] 	 23.400	ErrPose	  0.087	 -0.818	 -0.049	 -0.028
[component_container-11] 	 23.400	ErrTwis	  0.290	 -1.219	 -0.084	 -0.014
[component_container-11] 	 23.400	    GPS	  0.917	  3.729	  4.955	     --
[component_container-11] 	 23.400	   Baro	     --	     --	  5.279	     --
[component_container-11] 	 23.400	  BBias	     --	     --	  0.313	     --
[component_container-11] 	 23.400	  Sonar	     --	     --	    inf	     --
[component_container-11] 	 23.400	  Magnt	     --	     --	     --	 -0.172
[component_container-11] 
[component_container-11] 	 23.440	   Pose	  0.699	  4.242	  4.984	 -0.152
[component_container-11] 	 23.440	  Twist	 -0.263	  0.381	  0.062	 -0.275
[component_container-11] 	 23.440	ErrPose	  0.093	 -0.867	 -0.053	 -0.029
[component_container-11] 	 23.440	ErrTwis	  0.296	 -1.229	 -0.085	 -0.004
[component_container-11] 	 23.440	    GPS	  0.917	  3.729	  4.955	     --
[component_container-11] 	 23.440	   Baro	     --	     --	  5.296	     --
[component_container-11] 	 23.440	  BBias	     --	     --	  0.313	     --
[component_container-11] 	 23.440	  Sonar	     --	     --	    inf	     --
[component_container-11] 	 23.440	  Magnt	     --	     --	     --	 -0.141
[component_container-11] 
[component_container-11] 	 23.470	   Pose	  0.691	  4.254	  4.997	 -0.161
[component_container-11] 	 23.470	  Twist	 -0.264	  0.386	  0.076	 -0.265
[component_container-11] 	 23.470	ErrPose	  0.099	 -0.895	 -0.067	 -0.025
[component_container-11] 	 23.470	ErrTwis	  0.299	 -1.236	 -0.098	 -0.014
[component_container-11] 	 23.470	    GPS	  0.917	  3.729	  4.955	     --
[component_container-11] 	 23.470	   Baro	     --	     --	  5.425	     --
[component_container-11] 	 23.470	  BBias	     --	     --	  0.313	     --
[component_container-11] 	 23.470	  Sonar	     --	     --	    inf	     --
[component_container-11] 	 23.470	  Magnt	     --	     --	     --	 -0.208
[component_container-11] 
[component_container-11] 	 23.500	   Pose	  0.683	  4.265	  4.999	 -0.169
[component_container-11] 	 23.500	  Twist	 -0.264	  0.390	  0.079	 -0.273
[component_container-11] 	 23.500	ErrPose	  0.102	 -0.941	 -0.071	 -0.029
[component_container-11] 	 23.500	ErrTwis	  0.304	 -1.244	 -0.098	 -0.006
[component_container-11] 	 23.500	    GPS	  0.917	  3.729	  4.955	     --
[component_container-11] 	 23.500	   Baro	     --	     --	  5.425	     --
[component_container-11] 	 23.500	  BBias	     --	     --	  0.313	     --
[component_container-11] 	 23.500	  Sonar	     --	     --	    inf	     --
[component_container-11] 	 23.500	  Magnt	     --	     --	     --	 -0.208
[component_container-11] 
[component_container-11] [INFO] [1775370745.678117977] [drone.estimator]: TMP LOG gps innov_xy=(0.126, -0.901) est_xy=(0.683, 4.265) gps_xy=(0.809, 3.364) corr_xy=(0.809, 3.364) vel_xy=(-0.264, 0.390)
[component_container-11] [INFO] [1775370745.678316509] [drone.estimator]: TMP LOG gps vel pseudo raw=(-0.216, -0.728) filt=(-0.178, -0.714) innov_v=(0.068, -0.974) apply=(1,1)
[component_container-11] 	 23.540	   Pose	  0.723	  3.848	  4.994	 -0.180
[component_container-11] 	 23.540	  Twist	 -0.234	  0.081	  0.075	 -0.261
[component_container-11] 	 23.540	ErrPose	  0.057	 -0.557	 -0.067	 -0.029
[component_container-11] 	 23.540	ErrTwis	  0.278	 -0.938	 -0.091	 -0.018
[component_container-11] 	 23.540	    GPS	  0.809	  3.364	  4.928	     --
[component_container-11] 	 23.540	   Baro	     --	     --	  5.348	     --
[component_container-11] 	 23.540	  BBias	     --	     --	  0.314	     --
[component_container-11] 	 23.540	  Sonar	     --	     --	    inf	     --
[component_container-11] 	 23.540	  Magnt	     --	     --	     --	 -0.186
[component_container-11] 
[component_container-11] 	 23.570	   Pose	  0.716	  3.850	  4.971	 -0.189
[component_container-11] 	 23.570	  Twist	 -0.236	  0.086	  0.051	 -0.260
[component_container-11] 	 23.570	ErrPose	  0.061	 -0.577	 -0.045	 -0.026
[component_container-11] 	 23.570	ErrTwis	  0.281	 -0.945	 -0.067	 -0.019
[component_container-11] 	 23.570	    GPS	  0.809	  3.364	  4.928	     --
[component_container-11] 	 23.570	   Baro	     --	     --	  4.990	     --
[component_container-11] 	 23.570	  BBias	     --	     --	  0.313	     --
[component_container-11] 	 23.570	  Sonar	     --	     --	    inf	     --
[component_container-11] 	 23.570	  Magnt	     --	     --	     --	 -0.216
[component_container-11] 
[component_container-11] 	 23.600	   Pose	  0.708	  3.853	  4.973	 -0.197
[component_container-11] 	 23.600	  Twist	 -0.236	  0.090	  0.054	 -0.278
[component_container-11] 	 23.600	ErrPose	  0.063	 -0.614	 -0.047	 -0.028
[component_container-11] 	 23.600	ErrTwis	  0.285	 -0.953	 -0.069	 -0.002
[component_container-11] 	 23.600	    GPS	  0.809	  3.364	  4.928	     --
[component_container-11] 	 23.600	   Baro	     --	     --	  4.990	     --
[component_container-11] 	 23.600	  BBias	     --	     --	  0.313	     --
[component_container-11] 	 23.600	  Sonar	     --	     --	    inf	     --
[component_container-11] 	 23.600	  Magnt	     --	     --	     --	 -0.216
[component_container-11] 
[component_container-11] 	 23.640	   Pose	  0.699	  3.857	  4.977	 -0.208
[component_container-11] 	 23.640	  Twist	 -0.237	  0.098	  0.060	 -0.267
[component_container-11] 	 23.640	ErrPose	  0.067	 -0.652	 -0.053	 -0.029
[component_container-11] 	 23.640	ErrTwis	  0.290	 -0.963	 -0.074	 -0.013
[component_container-11] 	 23.640	    GPS	  0.809	  3.364	  4.928	     --
[component_container-11] 	 23.640	   Baro	     --	     --	  5.307	     --
[component_container-11] 	 23.640	  BBias	     --	     --	  0.313	     --
[component_container-11] 	 23.640	  Sonar	     --	     --	    inf	     --
[component_container-11] 	 23.640	  Magnt	     --	     --	     --	 -0.200
[component_container-11] 
[component_container-11] 	 23.670	   Pose	  0.692	  3.860	  4.977	 -0.217
[component_container-11] 	 23.670	  Twist	 -0.237	  0.102	  0.062	 -0.272
[component_container-11] 	 23.670	ErrPose	  0.071	 -0.672	 -0.053	 -0.026
[component_container-11] 	 23.670	ErrTwis	  0.292	 -0.969	 -0.075	 -0.007
[component_container-11] 	 23.670	    GPS	  0.809	  3.364	  4.928	     --
[component_container-11] 	 23.670	   Baro	     --	     --	  5.269	     --
[component_container-11] 	 23.670	  BBias	     --	     --	  0.313	     --
[component_container-11] 	 23.670	  Sonar	     --	     --	    inf	     --
[component_container-11] 	 23.670	  Magnt	     --	     --	     --	 -0.234
[component_container-11] 
[component_container-11] 	 23.700	   Pose	  0.685	  3.863	  4.979	 -0.225
[component_container-11] 	 23.700	  Twist	 -0.238	  0.106	  0.065	 -0.264
[component_container-11] 	 23.700	ErrPose	  0.071	 -0.709	 -0.056	 -0.029
[component_container-11] 	 23.700	ErrTwis	  0.295	 -0.976	 -0.077	 -0.015
[component_container-11] 	 23.700	    GPS	  0.809	  3.364	  4.928	     --
[component_container-11] 	 23.700	   Baro	     --	     --	  5.269	     --
[component_container-11] 	 23.700	  BBias	     --	     --	  0.313	     --
[component_container-11] 	 23.700	  Sonar	     --	     --	    inf	     --
[component_container-11] 	 23.700	  Magnt	     --	     --	     --	 -0.234
[component_container-11] 
[component_container-11] 	 23.740	   Pose	  0.675	  3.867	  4.986	 -0.237
[component_container-11] 	 23.740	  Twist	 -0.239	  0.114	  0.073	 -0.265
[component_container-11] 	 23.740	ErrPose	  0.074	 -0.748	 -0.064	 -0.028
[component_container-11] 	 23.740	ErrTwis	  0.299	 -0.986	 -0.084	 -0.014
[component_container-11] 	 23.740	    GPS	  0.809	  3.364	  4.928	     --
[component_container-11] 	 23.740	   Baro	     --	     --	  5.342	     --
[component_container-11] 	 23.740	  BBias	     --	     --	  0.313	     --
[component_container-11] 	 23.740	  Sonar	     --	     --	    inf	     --
[component_container-11] 	 23.740	  Magnt	     --	     --	     --	 -0.293
[component_container-11] 
[component_container-11] 	 23.770	   Pose	  0.668	  3.871	  4.981	 -0.245
[component_container-11] 	 23.770	  Twist	 -0.239	  0.119	  0.068	 -0.264
[component_container-11] 	 23.770	ErrPose	  0.078	 -0.769	 -0.060	 -0.025
[component_container-11] 	 23.770	ErrTwis	  0.300	 -0.992	 -0.077	 -0.016
[component_container-11] 	 23.770	    GPS	  0.809	  3.364	  4.928	     --
[component_container-11] 	 23.770	   Baro	     --	     --	  5.216	     --
[component_container-11] 	 23.770	  BBias	     --	     --	  0.313	     --
[component_container-11] 	 23.770	  Sonar	     --	     --	    inf	     --
[component_container-11] 	 23.770	  Magnt	     --	     --	     --	 -0.232
[component_container-11] 
[component_container-11] 	 23.800	   Pose	  0.661	  3.874	  4.983	 -0.253
[component_container-11] 	 23.800	  Twist	 -0.239	  0.124	  0.070	 -0.260
[component_container-11] 	 23.800	ErrPose	  0.078	 -0.807	 -0.063	 -0.029
[component_container-11] 	 23.800	ErrTwis	  0.303	 -0.998	 -0.078	 -0.020
[component_container-11] 	 23.800	    GPS	  0.809	  3.364	  4.928	     --
[component_container-11] 	 23.800	   Baro	     --	     --	  5.216	     --
[component_container-11] 	 23.800	  BBias	     --	     --	  0.313	     --
[component_container-11] 	 23.800	  Sonar	     --	     --	    inf	     --
[component_container-11] 	 23.800	  Magnt	     --	     --	     --	 -0.232
[component_container-11] 
[component_container-11] 	 23.840	   Pose	  0.651	  3.879	  4.975	 -0.264
[component_container-11] 	 23.840	  Twist	 -0.240	  0.131	  0.062	 -0.267
[component_container-11] 	 23.840	ErrPose	  0.080	 -0.846	 -0.055	 -0.029
[component_container-11] 	 23.840	ErrTwis	  0.306	 -1.007	 -0.069	 -0.012
[component_container-11] 	 23.840	    GPS	  0.809	  3.364	  4.928	     --
[component_container-11] 	 23.840	   Baro	     --	     --	  5.171	     --
[component_container-11] 	 23.840	  BBias	     --	     --	  0.313	     --
[component_container-11] 	 23.840	  Sonar	     --	     --	    inf	     --
[component_container-11] 	 23.840	  Magnt	     --	     --	     --	 -0.269
[component_container-11] 
[component_container-11] 	 23.870	   Pose	  0.644	  3.883	  4.959	 -0.273
[component_container-11] 	 23.870	  Twist	 -0.241	  0.137	  0.047	 -0.279
[component_container-11] 	 23.870	ErrPose	  0.084	 -0.868	 -0.040	 -0.025
[component_container-11] 	 23.870	ErrTwis	  0.309	 -1.013	 -0.053	 -0.000
[component_container-11] 	 23.870	    GPS	  0.809	  3.364	  4.928	     --
[component_container-11] 	 23.870	   Baro	     --	     --	  5.093	     --
[component_container-11] 	 23.870	  BBias	     --	     --	  0.313	     --
[component_container-11] 	 23.870	  Sonar	     --	     --	    inf	     --
[component_container-11] 	 23.870	  Magnt	     --	     --	     --	 -0.304
[component_container-11] 
[component_container-11] 	 23.900	   Pose	  0.637	  3.888	  4.961	 -0.281
[component_container-11] 	 23.900	  Twist	 -0.242	  0.142	  0.050	 -0.269
[component_container-11] 	 23.900	ErrPose	  0.083	 -0.906	 -0.043	 -0.028
[component_container-11] 	 23.900	ErrTwis	  0.311	 -1.019	 -0.054	 -0.010
[component_container-11] 	 23.900	    GPS	  0.809	  3.364	  4.928	     --
[component_container-11] 	 23.900	   Baro	     --	     --	  5.093	     --
[component_container-11] 	 23.900	  BBias	     --	     --	  0.313	     --
[component_container-11] 	 23.900	  Sonar	     --	     --	    inf	     --
[component_container-11] 	 23.900	  Magnt	     --	     --	     --	 -0.304
[component_container-11] 
[component_container-11] 	 23.940	   Pose	  0.627	  3.893	  4.975	 -0.293
[component_container-11] 	 23.940	  Twist	 -0.242	  0.149	  0.065	 -0.275
[component_container-11] 	 23.940	ErrPose	  0.085	 -0.946	 -0.057	 -0.028
[component_container-11] 	 23.940	ErrTwis	  0.314	 -1.028	 -0.067	 -0.005
[component_container-11] 	 23.940	    GPS	  0.809	  3.364	  4.928	     --
[component_container-11] 	 23.940	   Baro	     --	     --	  5.402	     --
[component_container-11] 	 23.940	  BBias	     --	     --	  0.313	     --
[component_container-11] 	 23.940	  Sonar	     --	     --	    inf	     --
[component_container-11] 	 23.940	  Magnt	     --	     --	     --	 -0.320
[component_container-11] 
[component_container-11] 	 23.970	   Pose	  0.620	  3.898	  4.979	 -0.300
[component_container-11] 	 23.970	  Twist	 -0.243	  0.155	  0.072	 -0.277
[component_container-11] 	 23.970	ErrPose	  0.088	 -0.968	 -0.062	 -0.026
[component_container-11] 	 23.970	ErrTwis	  0.315	 -1.035	 -0.073	 -0.003
[component_container-11] 	 23.970	    GPS	  0.809	  3.364	  4.928	     --
[component_container-11] 	 23.970	   Baro	     --	     --	  5.317	     --
[component_container-11] 	 23.970	  BBias	     --	     --	  0.313	     --
[component_container-11] 	 23.970	  Sonar	     --	     --	    inf	     --
[component_container-11] 	 23.970	  Magnt	     --	     --	     --	 -0.276
[component_container-11] 
[component_container-11] 	 24.000	   Pose	  0.613	  3.903	  4.981	 -0.308
[component_container-11] 	 24.000	  Twist	 -0.243	  0.160	  0.074	 -0.266
[component_container-11] 	 24.000	ErrPose	  0.086	 -1.007	 -0.064	 -0.029
[component_container-11] 	 24.000	ErrTwis	  0.318	 -1.042	 -0.073	 -0.013
[component_container-11] 	 24.000	    GPS	  0.809	  3.364	  4.928	     --
[component_container-11] 	 24.000	   Baro	     --	     --	  5.317	     --
[component_container-11] 	 24.000	  BBias	     --	     --	  0.313	     --
[component_container-11] 	 24.000	  Sonar	     --	     --	    inf	     --
[component_container-11] 	 24.000	  Magnt	     --	     --	     --	 -0.276
[component_container-11] 
[component_container-11] 	 24.040	   Pose	  0.634	  3.471	  4.966	 -0.319
[component_container-11] 	 24.040	  Twist	 -0.227	 -0.140	  0.058	 -0.277
[component_container-11] 	 24.040	ErrPose	  0.056	 -0.610	 -0.049	 -0.030
[component_container-11] 	 24.040	ErrTwis	  0.304	 -0.744	 -0.055	 -0.003
[component_container-11] 	 24.040	    GPS	  0.700	  2.936	  4.917	     --
[component_container-11] 	 24.040	   Baro	     --	     --	  5.195	     --
[component_container-11] 	 24.040	  BBias	     --	     --	  0.313	     --
[component_container-11] 	 24.040	  Sonar	     --	     --	    inf	     --
[component_container-11] 	 24.040	  Magnt	     --	     --	     --	 -0.302
[component_container-11] 
[component_container-11] [INFO] [1775370746.215399102] [drone.estimator]: TMP LOG err_xyz=(0.056, -0.610, -0.049) | z_est=4.966 vz_est=0.058 bias=0.313 | gps_z=4.917 sonar=inf baro=5.195
[component_container-11] 	 24.070	   Pose	  0.627	  3.467	  4.957	 -0.328
[component_container-11] 	 24.070	  Twist	 -0.228	 -0.135	  0.047	 -0.275
[component_container-11] 	 24.070	ErrPose	  0.059	 -0.623	 -0.041	 -0.026
[component_container-11] 	 24.070	ErrTwis	  0.306	 -0.750	 -0.043	 -0.005
[component_container-11] 	 24.070	    GPS	  0.700	  2.936	  4.917	     --
[component_container-11] 	 24.070	   Baro	     --	     --	  5.142	     --
[component_container-11] 	 24.070	  BBias	     --	     --	  0.313	     --
[component_container-11] 	 24.070	  Sonar	     --	     --	    inf	     --
[component_container-11] 	 24.070	  Magnt	     --	     --	     --	 -0.380
[component_container-11] 
[component_container-11] [INFO] [1775370746.275149191] [drone.controller]: cmd_vel body=(-0.271, -0.963, 0.029) yaw=-0.300 | odom_received=true | plan_points=65
[component_container-11] 	 24.100	   Pose	  0.620	  3.463	  4.958	 -0.337
[component_container-11] 	 24.100	  Twist	 -0.228	 -0.130	  0.049	 -0.268
[component_container-11] 	 24.100	ErrPose	  0.056	 -0.653	 -0.043	 -0.029
[component_container-11] 	 24.100	ErrTwis	  0.309	 -0.757	 -0.045	 -0.011
[component_container-11] 	 24.100	    GPS	  0.700	  2.936	  4.917	     --
[component_container-11] 	 24.100	   Baro	     --	     --	  5.142	     --
[component_container-11] 	 24.100	  BBias	     --	     --	  0.313	     --
[component_container-11] 	 24.100	  Sonar	     --	     --	    inf	     --
[component_container-11] 	 24.100	  Magnt	     --	     --	     --	 -0.380
[component_container-11] 
[component_container-11] 	 24.140	   Pose	  0.611	  3.458	  4.956	 -0.348
[component_container-11] 	 24.140	  Twist	 -0.227	 -0.123	  0.048	 -0.285
[component_container-11] 	 24.140	ErrPose	  0.055	 -0.683	 -0.040	 -0.029
[component_container-11] 	 24.140	ErrTwis	  0.310	 -0.766	 -0.043	  0.005
[component_container-11] 	 24.140	    GPS	  0.700	  2.936	  4.917	     --
[component_container-11] 	 24.140	   Baro	     --	     --	  5.215	     --
[component_container-11] 	 24.140	  BBias	     --	     --	  0.313	     --
[component_container-11] 	 24.140	  Sonar	     --	     --	    inf	     --
[component_container-11] 	 24.140	  Magnt	     --	     --	     --	 -0.372
[component_container-11] 
[component_container-11] 	 24.170	   Pose	  0.604	  3.454	  4.955	 -0.357
[component_container-11] 	 24.170	  Twist	 -0.228	 -0.117	  0.050	 -0.253
[component_container-11] 	 24.170	ErrPose	  0.057	 -0.696	 -0.040	 -0.025
[component_container-11] 	 24.170	ErrTwis	  0.311	 -0.772	 -0.045	 -0.026
[component_container-11] 	 24.170	    GPS	  0.700	  2.936	  4.917	     --
[component_container-11] 	 24.170	   Baro	     --	     --	  5.250	     --
[component_container-11] 	 24.170	  BBias	     --	     --	  0.313	     --
[component_container-11] 	 24.170	  Sonar	     --	     --	    inf	     --
[component_container-11] 	 24.170	  Magnt	     --	     --	     --	 -0.403
[component_container-11] 
[component_container-11] 	 24.200	   Pose	  0.597	  3.451	  4.957	 -0.365
[component_container-11] 	 24.200	  Twist	 -0.228	 -0.112	  0.052	 -0.265
[component_container-11] 	 24.200	ErrPose	  0.054	 -0.727	 -0.042	 -0.028
[component_container-11] 	 24.200	ErrTwis	  0.313	 -0.779	 -0.046	 -0.014
[component_container-11] 	 24.200	    GPS	  0.700	  2.936	  4.917	     --
[component_container-11] 	 24.200	   Baro	     --	     --	  5.250	     --
[component_container-11] 	 24.200	  BBias	     --	     --	  0.313	     --
[component_container-11] 	 24.200	  Sonar	     --	     --	    inf	     --
[component_container-11] 	 24.200	  Magnt	     --	     --	     --	 -0.403
[component_container-11] 
[component_container-11] 	 24.240	   Pose	  0.588	  3.446	  4.960	 -0.376
[component_container-11] 	 24.240	  Twist	 -0.228	 -0.106	  0.056	 -0.253
[component_container-11] 	 24.240	ErrPose	  0.052	 -0.757	 -0.046	 -0.029
[component_container-11] 	 24.240	ErrTwis	  0.315	 -0.786	 -0.050	 -0.026
[component_container-11] 	 24.240	    GPS	  0.700	  2.936	  4.917	     --
[component_container-11] 	 24.240	   Baro	     --	     --	  5.280	     --
[component_container-11] 	 24.240	  BBias	     --	     --	  0.313	     --
[component_container-11] 	 24.240	  Sonar	     --	     --	    inf	     --
[component_container-11] 	 24.240	  Magnt	     --	     --	     --	 -0.362
[component_container-11] 
[component_container-11] 	 24.270	   Pose	  0.581	  3.443	  4.957	 -0.384
[component_container-11] 	 24.270	  Twist	 -0.228	 -0.101	  0.054	 -0.274
[component_container-11] 	 24.270	ErrPose	  0.053	 -0.771	 -0.043	 -0.026
[component_container-11] 	 24.270	ErrTwis	  0.316	 -0.792	 -0.047	 -0.005
[component_container-11] 	 24.270	    GPS	  0.700	  2.936	  4.917	     --
[component_container-11] 	 24.270	   Baro	     --	     --	  5.222	     --
[component_container-11] 	 24.270	  BBias	     --	     --	  0.313	     --
[component_container-11] 	 24.270	  Sonar	     --	     --	    inf	     --
[component_container-11] 	 24.270	  Magnt	     --	     --	     --	 -0.386
[component_container-11] 
[component_container-11] 	 24.300	   Pose	  0.574	  3.440	  4.959	 -0.392
[component_container-11] 	 24.300	  Twist	 -0.229	 -0.096	  0.056	 -0.255
[component_container-11] 	 24.300	ErrPose	  0.049	 -0.802	 -0.045	 -0.029
[component_container-11] 	 24.300	ErrTwis	  0.318	 -0.798	 -0.048	 -0.025
[component_container-11] 	 24.300	    GPS	  0.700	  2.936	  4.917	     --
[component_container-11] 	 24.300	   Baro	     --	     --	  5.222	     --
[component_container-11] 	 24.300	  BBias	     --	     --	  0.313	     --
[component_container-11] 	 24.300	  Sonar	     --	     --	    inf	     --
[component_container-11] 	 24.300	  Magnt	     --	     --	     --	 -0.386
[component_container-11] 
[component_container-11] 	 24.340	   Pose	  0.565	  3.437	  4.959	 -0.403
[component_container-11] 	 24.340	  Twist	 -0.228	 -0.089	  0.055	 -0.270
[component_container-11] 	 24.340	ErrPose	  0.047	 -0.833	 -0.045	 -0.029
[component_container-11] 	 24.340	ErrTwis	  0.319	 -0.805	 -0.046	 -0.009
[component_container-11] 	 24.340	    GPS	  0.700	  2.936	  4.917	     --
[component_container-11] 	 24.340	   Baro	     --	     --	  5.248	     --
[component_container-11] 	 24.340	  BBias	     --	     --	  0.313	     --
[component_container-11] 	 24.340	  Sonar	     --	     --	    inf	     --
[component_container-11] 	 24.340	  Magnt	     --	     --	     --	 -0.411
[component_container-11] 
[component_container-11] 	 24.370	   Pose	  0.558	  3.434	  4.958	 -0.411
[component_container-11] 	 24.370	  Twist	 -0.228	 -0.084	  0.053	 -0.267
[component_container-11] 	 24.370	ErrPose	  0.048	 -0.847	 -0.044	 -0.027
[component_container-11] 	 24.370	ErrTwis	  0.319	 -0.811	 -0.044	 -0.012
[component_container-11] 	 24.370	    GPS	  0.700	  2.936	  4.917	     --
[component_container-11] 	 24.370	   Baro	     --	     --	  5.239	     --
[component_container-11] 	 24.370	  BBias	     --	     --	  0.313	     --
[component_container-11] 	 24.370	  Sonar	     --	     --	    inf	     --
[component_container-11] 	 24.370	  Magnt	     --	     --	     --	 -0.392
[component_container-11] 
[component_container-11] 	 24.400	   Pose	  0.552	  3.431	  4.959	 -0.419
[component_container-11] 	 24.400	  Twist	 -0.227	 -0.080	  0.055	 -0.280
[component_container-11] 	 24.400	ErrPose	  0.042	 -0.878	 -0.046	 -0.030
[component_container-11] 	 24.400	ErrTwis	  0.320	 -0.816	 -0.045	  0.001
[component_container-11] 	 24.400	    GPS	  0.700	  2.936	  4.917	     --
[component_container-11] 	 24.400	   Baro	     --	     --	  5.239	     --
[component_container-11] 	 24.400	  BBias	     --	     --	  0.313	     --
[component_container-11] 	 24.400	  Sonar	     --	     --	    inf	     --
[component_container-11] 	 24.400	  Magnt	     --	     --	     --	 -0.392
[component_container-11] 
[component_container-11] 	 24.440	   Pose	  0.543	  3.428	  4.963	 -0.430
[component_container-11] 	 24.440	  Twist	 -0.226	 -0.072	  0.059	 -0.271
[component_container-11] 	 24.440	ErrPose	  0.039	 -0.909	 -0.049	 -0.030
[component_container-11] 	 24.440	ErrTwis	  0.322	 -0.825	 -0.049	 -0.009
[component_container-11] 	 24.440	    GPS	  0.700	  2.936	  4.917	     --
[component_container-11] 	 24.440	   Baro	     --	     --	  5.284	     --
[component_container-11] 	 24.440	  BBias	     --	     --	  0.313	     --
[component_container-11] 	 24.440	  Sonar	     --	     --	    inf	     --
[component_container-11] 	 24.440	  Magnt	     --	     --	     --	 -0.423
[component_container-11] 
[component_container-11] 	 24.470	   Pose	  0.536	  3.426	  4.971	 -0.440
[component_container-11] 	 24.470	  Twist	 -0.225	 -0.066	  0.067	 -0.261
[component_container-11] 	 24.470	ErrPose	  0.040	 -0.924	 -0.058	 -0.026
[component_container-11] 	 24.470	ErrTwis	  0.322	 -0.831	 -0.057	 -0.019
[component_container-11] 	 24.470	    GPS	  0.700	  2.936	  4.917	     --
[component_container-11] 	 24.470	   Baro	     --	     --	  5.353	     --
[component_container-11] 	 24.470	  BBias	     --	     --	  0.313	     --
[component_container-11] 	 24.470	  Sonar	     --	     --	    inf	     --
[component_container-11] 	 24.470	  Magnt	     --	     --	     --	 -0.496
[component_container-11] 
[component_container-11] 	 24.500	   Pose	  0.529	  3.424	  4.973	 -0.448
[component_container-11] 	 24.500	  Twist	 -0.225	 -0.062	  0.069	 -0.272
[component_container-11] 	 24.500	ErrPose	  0.034	 -0.956	 -0.060	 -0.030
[component_container-11] 	 24.500	ErrTwis	  0.323	 -0.835	 -0.058	 -0.008
[component_container-11] 	 24.500	    GPS	  0.700	  2.936	  4.917	     --
[component_container-11] 	 24.500	   Baro	     --	     --	  5.353	     --
[component_container-11] 	 24.500	  BBias	     --	     --	  0.313	     --
[component_container-11] 	 24.500	  Sonar	     --	     --	    inf	     --
[component_container-11] 	 24.500	  Magnt	     --	     --	     --	 -0.496
[component_container-11] 
[component_container-11] [INFO] [1775370746.677937547] [drone.estimator]: TMP LOG gps innov_xy=(-0.030, -1.086) est_xy=(0.527, 3.424) gps_xy=(0.497, 2.338) corr_xy=(0.497, 2.338) vel_xy=(-0.225, -0.061)
[component_container-11] [INFO] [1775370746.678054917] [drone.estimator]: TMP LOG gps vel pseudo raw=(-0.406, -1.196) filt=(-0.387, -1.160) innov_v=(-0.157, -0.942) apply=(1,1)
[component_container-11] 	 24.540	   Pose	  0.487	  2.935	  4.963	 -0.459
[component_container-11] 	 24.540	  Twist	 -0.259	 -0.394	  0.057	 -0.284
[component_container-11] 	 24.540	ErrPose	  0.063	 -0.501	 -0.049	 -0.029
[component_container-11] 	 24.540	ErrTwis	  0.360	 -0.505	 -0.047	  0.004
[component_container-11] 	 24.540	    GPS	  0.497	  2.338	  4.913	     --
[component_container-11] 	 24.540	   Baro	     --	     --	  5.240	     --
[component_container-11] 	 24.540	  BBias	     --	     --	  0.314	     --
[component_container-11] 	 24.540	  Sonar	     --	     --	    inf	     --
[component_container-11] 	 24.540	  Magnt	     --	     --	     --	 -0.477
[component_container-11] 
[component_container-11] 	 24.570	   Pose	  0.479	  2.924	  4.969	 -0.468
[component_container-11] 	 24.570	  Twist	 -0.259	 -0.389	  0.062	 -0.261
[component_container-11] 	 24.570	ErrPose	  0.064	 -0.506	 -0.055	 -0.026
[component_container-11] 	 24.570	ErrTwis	  0.361	 -0.511	 -0.052	 -0.019
[component_container-11] 	 24.570	    GPS	  0.497	  2.338	  4.913	     --
[component_container-11] 	 24.570	   Baro	     --	     --	  5.332	     --
[component_container-11] 	 24.570	  BBias	     --	     --	  0.314	     --
[component_container-11] 	 24.570	  Sonar	     --	     --	    inf	     --
[component_container-11] 	 24.570	  Magnt	     --	     --	     --	 -0.511
[component_container-11] 
[component_container-11] 	 24.600	   Pose	  0.471	  2.912	  4.970	 -0.476
[component_container-11] 	 24.600	  Twist	 -0.258	 -0.384	  0.064	 -0.267
[component_container-11] 	 24.600	ErrPose	  0.058	 -0.528	 -0.057	 -0.029
[component_container-11] 	 24.600	ErrTwis	  0.362	 -0.516	 -0.053	 -0.013
[component_container-11] 	 24.600	    GPS	  0.497	  2.338	  4.913	     --
[component_container-11] 	 24.600	   Baro	     --	     --	  5.332	     --
[component_container-11] 	 24.600	  BBias	     --	     --	  0.314	     --
[component_container-11] 	 24.600	  Sonar	     --	     --	    inf	     --
[component_container-11] 	 24.600	  Magnt	     --	     --	     --	 -0.511
[component_container-11] 
[component_container-11] 	 24.640	   Pose	  0.461	  2.897	  4.978	 -0.488
[component_container-11] 	 24.640	  Twist	 -0.258	 -0.376	  0.071	 -0.280
[component_container-11] 	 24.640	ErrPose	  0.055	 -0.546	 -0.065	 -0.029
[component_container-11] 	 24.640	ErrTwis	  0.364	 -0.524	 -0.060	  0.000
[component_container-11] 	 24.640	    GPS	  0.497	  2.338	  4.913	     --
[component_container-11] 	 24.640	   Baro	     --	     --	  5.341	     --
[component_container-11] 	 24.640	  BBias	     --	     --	  0.314	     --
[component_container-11] 	 24.640	  Sonar	     --	     --	    inf	     --
[component_container-11] 	 24.640	  Magnt	     --	     --	     --	 -0.509
[component_container-11] 
[component_container-11] 	 24.670	   Pose	  0.453	  2.886	  4.961	 -0.496
[component_container-11] 	 24.670	  Twist	 -0.257	 -0.371	  0.053	 -0.271
[component_container-11] 	 24.670	ErrPose	  0.055	 -0.552	 -0.048	 -0.026
[component_container-11] 	 24.670	ErrTwis	  0.365	 -0.530	 -0.042	 -0.009
[component_container-11] 	 24.670	    GPS	  0.497	  2.338	  4.913	     --
[component_container-11] 	 24.670	   Baro	     --	     --	  5.057	     --
[component_container-11] 	 24.670	  BBias	     --	     --	  0.313	     --
[component_container-11] 	 24.670	  Sonar	     --	     --	    inf	     --
[component_container-11] 	 24.670	  Magnt	     --	     --	     --	 -0.508
[component_container-11] 
[component_container-11] 	 24.700	   Pose	  0.445	  2.875	  4.962	 -0.505
[component_container-11] 	 24.700	  Twist	 -0.257	 -0.366	  0.055	 -0.261
[component_container-11] 	 24.700	ErrPose	  0.049	 -0.574	 -0.049	 -0.029
[component_container-11] 	 24.700	ErrTwis	  0.367	 -0.536	 -0.043	 -0.019
[component_container-11] 	 24.700	    GPS	  0.497	  2.338	  4.913	     --
[component_container-11] 	 24.700	   Baro	     --	     --	  5.057	     --
[component_container-11] 	 24.700	  BBias	     --	     --	  0.313	     --
[component_container-11] 	 24.700	  Sonar	     --	     --	    inf	     --
[component_container-11] 	 24.700	  Magnt	     --	     --	     --	 -0.508
[component_container-11] 
[component_container-11] 	 24.740	   Pose	  0.435	  2.860	  4.946	 -0.515
[component_container-11] 	 24.740	  Twist	 -0.257	 -0.359	  0.037	 -0.277
[component_container-11] 	 24.740	ErrPose	  0.044	 -0.593	 -0.033	 -0.029
[component_container-11] 	 24.740	ErrTwis	  0.369	 -0.543	 -0.025	 -0.002
[component_container-11] 	 24.740	    GPS	  0.497	  2.338	  4.913	     --
[component_container-11] 	 24.740	   Baro	     --	     --	  5.055	     --
[component_container-11] 	 24.740	  BBias	     --	     --	  0.313	     --
[component_container-11] 	 24.740	  Sonar	     --	     --	    inf	     --
[component_container-11] 	 24.740	  Magnt	     --	     --	     --	 -0.504
[component_container-11] 
[component_container-11] 	 24.770	   Pose	  0.427	  2.850	  4.942	 -0.524
[component_container-11] 	 24.770	  Twist	 -0.256	 -0.354	  0.034	 -0.287
[component_container-11] 	 24.770	ErrPose	  0.044	 -0.599	 -0.029	 -0.026
[component_container-11] 	 24.770	ErrTwis	  0.370	 -0.548	 -0.022	  0.007
[component_container-11] 	 24.770	    GPS	  0.497	  2.338	  4.913	     --
[component_container-11] 	 24.770	   Baro	     --	     --	  5.200	     --
[component_container-11] 	 24.770	  BBias	     --	     --	  0.313	     --
[component_container-11] 	 24.770	  Sonar	     --	     --	    inf	     --
[component_container-11] 	 24.770	  Magnt	     --	     --	     --	 -0.542
[component_container-11] 
[component_container-11] 	 24.800	   Pose	  0.420	  2.839	  4.943	 -0.532
[component_container-11] 	 24.800	  Twist	 -0.255	 -0.348	  0.036	 -0.256
[component_container-11] 	 24.800	ErrPose	  0.037	 -0.622	 -0.030	 -0.029
[component_container-11] 	 24.800	ErrTwis	  0.371	 -0.554	 -0.023	 -0.023
[component_container-11] 	 24.800	    GPS	  0.497	  2.338	  4.913	     --
[component_container-11] 	 24.800	   Baro	     --	     --	  5.200	     --
[component_container-11] 	 24.800	  BBias	     --	     --	  0.313	     --
[component_container-11] 	 24.800	  Sonar	     --	     --	    inf	     --
[component_container-11] 	 24.800	  Magnt	     --	     --	     --	 -0.542
[component_container-11] 
[component_container-11] 	 24.840	   Pose	  0.409	  2.825	  4.948	 -0.544
[component_container-11] 	 24.840	  Twist	 -0.255	 -0.341	  0.043	 -0.270
[component_container-11] 	 24.840	ErrPose	  0.032	 -0.641	 -0.035	 -0.028
[component_container-11] 	 24.840	ErrTwis	  0.373	 -0.561	 -0.029	 -0.010
[component_container-11] 	 24.840	    GPS	  0.497	  2.338	  4.913	     --
[component_container-11] 	 24.840	   Baro	     --	     --	  5.298	     --
[component_container-11] 	 24.840	  BBias	     --	     --	  0.313	     --
[component_container-11] 	 24.840	  Sonar	     --	     --	    inf	     --
[component_container-11] 	 24.840	  Magnt	     --	     --	     --	 -0.590
[component_container-11] 
[component_container-11] 	 24.870	   Pose	  0.402	  2.815	  4.948	 -0.554
[component_container-11] 	 24.870	  Twist	 -0.254	 -0.336	  0.044	 -0.275
[component_container-11] 	 24.870	ErrPose	  0.032	 -0.647	 -0.035	 -0.024
[component_container-11] 	 24.870	ErrTwis	  0.374	 -0.566	 -0.029	 -0.005
[component_container-11] 	 24.870	    GPS	  0.497	  2.338	  4.913	     --
[component_container-11] 	 24.870	   Baro	     --	     --	  5.244	     --
[component_container-11] 	 24.870	  BBias	     --	     --	  0.313	     --
[component_container-11] 	 24.870	  Sonar	     --	     --	    inf	     --
[component_container-11] 	 24.870	  Magnt	     --	     --	     --	 -0.600
[component_container-11] 
[component_container-11] 	 24.900	   Pose	  0.394	  2.805	  4.949	 -0.562
[component_container-11] 	 24.900	  Twist	 -0.253	 -0.331	  0.045	 -0.252
[component_container-11] 	 24.900	ErrPose	  0.024	 -0.670	 -0.036	 -0.028
[component_container-11] 	 24.900	ErrTwis	  0.375	 -0.572	 -0.029	 -0.028
[component_container-11] 	 24.900	    GPS	  0.497	  2.338	  4.913	     --
[component_container-11] 	 24.900	   Baro	     --	     --	  5.244	     --
[component_container-11] 	 24.900	  BBias	     --	     --	  0.313	     --
[component_container-11] 	 24.900	  Sonar	     --	     --	    inf	     --
[component_container-11] 	 24.900	  Magnt	     --	     --	     --	 -0.600
[component_container-11] 
[component_container-11] 	 24.940	   Pose	  0.384	  2.792	  4.946	 -0.573
[component_container-11] 	 24.940	  Twist	 -0.251	 -0.324	  0.042	 -0.286
[component_container-11] 	 24.940	ErrPose	  0.018	 -0.690	 -0.033	 -0.027
[component_container-11] 	 24.940	ErrTwis	  0.377	 -0.578	 -0.025	  0.007
[component_container-11] 	 24.940	    GPS	  0.497	  2.338	  4.913	     --
[component_container-11] 	 24.940	   Baro	     --	     --	  5.209	     --
[component_container-11] 	 24.940	  BBias	     --	     --	  0.313	     --
[component_container-11] 	 24.940	  Sonar	     --	     --	    inf	     --
[component_container-11] 	 24.940	  Magnt	     --	     --	     --	 -0.602
[component_container-11] 
[component_container-11] 	 24.970	   Pose	  0.377	  2.782	  4.943	 -0.582
[component_container-11] 	 24.970	  Twist	 -0.250	 -0.319	  0.039	 -0.262
[component_container-11] 	 24.970	ErrPose	  0.017	 -0.696	 -0.029	 -0.024
[component_container-11] 	 24.970	ErrTwis	  0.377	 -0.583	 -0.021	 -0.018
[component_container-11] 	 24.970	    GPS	  0.497	  2.338	  4.913	     --
[component_container-11] 	 24.970	   Baro	     --	     --	  5.209	     --
[component_container-11] 	 24.970	  BBias	     --	     --	  0.313	     --
[component_container-11] 	 24.970	  Sonar	     --	     --	    inf	     --
[component_container-11] 	 24.970	  Magnt	     --	     --	     --	 -0.611
[component_container-11] 
[component_container-11] 	 25.000	   Pose	  0.369	  2.773	  4.944	 -0.591
[component_container-11] 	 25.000	  Twist	 -0.249	 -0.314	  0.040	 -0.281
[component_container-11] 	 25.000	ErrPose	  0.008	 -0.719	 -0.030	 -0.027
[component_container-11] 	 25.000	ErrTwis	  0.379	 -0.588	 -0.022	  0.001
[component_container-11] 	 25.000	    GPS	  0.497	  2.338	  4.913	     --
[component_container-11] 	 25.000	   Baro	     --	     --	  5.209	     --
[component_container-11] 	 25.000	  BBias	     --	     --	  0.313	     --
[component_container-11] 	 25.000	  Sonar	     --	     --	    inf	     --
[component_container-11] 	 25.000	  Magnt	     --	     --	     --	 -0.611
[component_container-11] 
[component_container-11] 	 25.040	   Pose	  0.376	  2.446	  4.935	 -0.602
[component_container-11] 	 25.040	  Twist	 -0.236	 -0.498	  0.033	 -0.253
[component_container-11] 	 25.040	ErrPose	 -0.016	 -0.425	 -0.021	 -0.027
[component_container-11] 	 25.040	ErrTwis	  0.370	 -0.404	 -0.015	 -0.027
[component_container-11] 	 25.040	    GPS	  0.403	  1.954	  4.914	     --
[component_container-11] 	 25.040	   Baro	     --	     --	  5.186	     --
[component_container-11] 	 25.040	  BBias	     --	     --	  0.313	     --
[component_container-11] 	 25.040	  Sonar	     --	     --	    inf	     --
[component_container-11] 	 25.040	  Magnt	     --	     --	     --	 -0.614
[component_container-11] 
[component_container-11] [INFO] [1775370747.216789828] [drone.estimator]: TMP LOG err_xyz=(-0.016, -0.425, -0.021) | z_est=4.935 vz_est=0.033 bias=0.313 | gps_z=4.914 sonar=inf baro=5.186
[component_container-11] 	 25.070	   Pose	  0.369	  2.431	  4.940	 -0.610
[component_container-11] 	 25.070	  Twist	 -0.234	 -0.493	  0.039	 -0.264
[component_container-11] 	 25.070	ErrPose	 -0.017	 -0.426	 -0.026	 -0.024
[component_container-11] 	 25.070	ErrTwis	  0.370	 -0.409	 -0.021	 -0.016
[component_container-11] 	 25.070	    GPS	  0.403	  1.954	  4.914	     --
[component_container-11] 	 25.070	   Baro	     --	     --	  5.296	     --
[component_container-11] 	 25.070	  BBias	     --	     --	  0.313	     --
[component_container-11] 	 25.070	  Sonar	     --	     --	    inf	     --
[component_container-11] 	 25.070	  Magnt	     --	     --	     --	 -0.601
[component_container-11] 
[component_container-11] [INFO] [1775370747.276844242] [drone.controller]: cmd_vel body=(0.011, -1.000, 0.018) yaw=-0.300 | odom_received=true | plan_points=54
[component_container-11] 	 25.100	   Pose	  0.362	  2.416	  4.941	 -0.618
[component_container-11] 	 25.100	  Twist	 -0.233	 -0.487	  0.040	 -0.260
[component_container-11] 	 25.100	ErrPose	 -0.027	 -0.444	 -0.027	 -0.028
[component_container-11] 	 25.100	ErrTwis	  0.373	 -0.414	 -0.022	 -0.020
[component_container-11] 	 25.100	    GPS	  0.403	  1.954	  4.914	     --
[component_container-11] 	 25.100	   Baro	     --	     --	  5.296	     --
[component_container-11] 	 25.100	  BBias	     --	     --	  0.313	     --
[component_container-11] 	 25.100	  Sonar	     --	     --	    inf	     --
[component_container-11] 	 25.100	  Magnt	     --	     --	     --	 -0.601
[component_container-11] 
[component_container-11] 	 25.140	   Pose	  0.353	  2.397	  4.945	 -0.628
[component_container-11] 	 25.140	  Twist	 -0.231	 -0.480	  0.047	 -0.280
[component_container-11] 	 25.140	ErrPose	 -0.035	 -0.456	 -0.031	 -0.028
[component_container-11] 	 25.140	ErrTwis	  0.375	 -0.420	 -0.028	  0.000
[component_container-11] 	 25.140	    GPS	  0.403	  1.954	  4.914	     --
[component_container-11] 	 25.140	   Baro	     --	     --	  5.287	     --
[component_container-11] 	 25.140	  BBias	     --	     --	  0.313	     --
[component_container-11] 	 25.140	  Sonar	     --	     --	    inf	     --
[component_container-11] 	 25.140	  Magnt	     --	     --	     --	 -0.626
[component_container-11] 
[component_container-11] 	 25.170	   Pose	  0.346	  2.382	  4.953	 -0.636
[component_container-11] 	 25.170	  Twist	 -0.230	 -0.474	  0.055	 -0.274
[component_container-11] 	 25.170	ErrPose	 -0.037	 -0.458	 -0.038	 -0.026
[component_container-11] 	 25.170	ErrTwis	  0.376	 -0.426	 -0.035	 -0.005
[component_container-11] 	 25.170	    GPS	  0.403	  1.954	  4.914	     --
[component_container-11] 	 25.170	   Baro	     --	     --	  5.339	     --
[component_container-11] 	 25.170	  BBias	     --	     --	  0.314	     --
[component_container-11] 	 25.170	  Sonar	     --	     --	    inf	     --
[component_container-11] 	 25.170	  Magnt	     --	     --	     --	 -0.618
[component_container-11] 
[component_container-11] 	 25.200	   Pose	  0.339	  2.368	  4.955	 -0.644
[component_container-11] 	 25.200	  Twist	 -0.229	 -0.470	  0.056	 -0.271
[component_container-11] 	 25.200	ErrPose	 -0.047	 -0.476	 -0.040	 -0.029
[component_container-11] 	 25.200	ErrTwis	  0.379	 -0.430	 -0.036	 -0.009
[component_container-11] 	 25.200	    GPS	  0.403	  1.954	  4.914	     --
[component_container-11] 	 25.200	   Baro	     --	     --	  5.339	     --
[component_container-11] 	 25.200	  BBias	     --	     --	  0.314	     --
[component_container-11] 	 25.200	  Sonar	     --	     --	    inf	     --
[component_container-11] 	 25.200	  Magnt	     --	     --	     --	 -0.618
[component_container-11] 
[component_container-11] 	 25.240	   Pose	  0.330	  2.350	  4.960	 -0.656
[component_container-11] 	 25.240	  Twist	 -0.228	 -0.463	  0.061	 -0.269
[component_container-11] 	 25.240	ErrPose	 -0.056	 -0.489	 -0.044	 -0.028
[component_container-11] 	 25.240	ErrTwis	  0.382	 -0.436	 -0.039	 -0.011
[component_container-11] 	 25.240	    GPS	  0.403	  1.954	  4.914	     --
[component_container-11] 	 25.240	   Baro	     --	     --	  5.296	     --
[component_container-11] 	 25.240	  BBias	     --	     --	  0.314	     --
[component_container-11] 	 25.240	  Sonar	     --	     --	    inf	     --
[component_container-11] 	 25.240	  Magnt	     --	     --	     --	 -0.697
[component_container-11] 
[component_container-11] 	 25.270	   Pose	  0.323	  2.336	  4.963	 -0.664
[component_container-11] 	 25.270	  Twist	 -0.227	 -0.457	  0.063	 -0.274
[component_container-11] 	 25.270	ErrPose	 -0.058	 -0.491	 -0.047	 -0.026
[component_container-11] 	 25.270	ErrTwis	  0.383	 -0.441	 -0.041	 -0.005
[component_container-11] 	 25.270	    GPS	  0.403	  1.954	  4.914	     --
[component_container-11] 	 25.270	   Baro	     --	     --	  5.289	     --
[component_container-11] 	 25.270	  BBias	     --	     --	  0.314	     --
[component_container-11] 	 25.270	  Sonar	     --	     --	    inf	     --
[component_container-11] 	 25.270	  Magnt	     --	     --	     --	 -0.668
[component_container-11] 
[component_container-11] 	 25.300	   Pose	  0.316	  2.322	  4.965	 -0.673
[component_container-11] 	 25.300	  Twist	 -0.225	 -0.452	  0.063	 -0.279
[component_container-11] 	 25.300	ErrPose	 -0.069	 -0.509	 -0.048	 -0.028
[component_container-11] 	 25.300	ErrTwis	  0.386	 -0.445	 -0.042	 -0.001
[component_container-11] 	 25.300	    GPS	  0.403	  1.954	  4.914	     --
[component_container-11] 	 25.300	   Baro	     --	     --	  5.289	     --
[component_container-11] 	 25.300	  BBias	     --	     --	  0.314	     --
[component_container-11] 	 25.300	  Sonar	     --	     --	    inf	     --
[component_container-11] 	 25.300	  Magnt	     --	     --	     --	 -0.668
[component_container-11] 
[component_container-11] 	 25.340	   Pose	  0.307	  2.304	  4.953	 -0.683
[component_container-11] 	 25.340	  Twist	 -0.223	 -0.445	  0.050	 -0.277
[component_container-11] 	 25.340	ErrPose	 -0.078	 -0.523	 -0.037	 -0.029
[component_container-11] 	 25.340	ErrTwis	  0.388	 -0.452	 -0.030	 -0.003
[component_container-11] 	 25.340	    GPS	  0.403	  1.954	  4.914	     --
[component_container-11] 	 25.340	   Baro	     --	     --	  5.121	     --
[component_container-11] 	 25.340	  BBias	     --	     --	  0.313	     --
[component_container-11] 	 25.340	  Sonar	     --	     --	    inf	     --
[component_container-11] 	 25.340	  Magnt	     --	     --	     --	 -0.676
[component_container-11] 
[component_container-11] 	 25.370	   Pose	  0.301	  2.291	  4.954	 -0.691
[component_container-11] 	 25.370	  Twist	 -0.221	 -0.439	  0.050	 -0.266
[component_container-11] 	 25.370	ErrPose	 -0.081	 -0.526	 -0.037	 -0.027
[component_container-11] 	 25.370	ErrTwis	  0.388	 -0.457	 -0.030	 -0.014
[component_container-11] 	 25.370	    GPS	  0.403	  1.954	  4.914	     --
[component_container-11] 	 25.370	   Baro	     --	     --	  5.257	     --
[component_container-11] 	 25.370	  BBias	     --	     --	  0.313	     --
[component_container-11] 	 25.370	  Sonar	     --	     --	    inf	     --
[component_container-11] 	 25.370	  Magnt	     --	     --	     --	 -0.679
[component_container-11] 
[component_container-11] 	 25.400	   Pose	  0.294	  2.278	  4.955	 -0.699
[component_container-11] 	 25.400	  Twist	 -0.220	 -0.435	  0.051	 -0.270
[component_container-11] 	 25.400	ErrPose	 -0.093	 -0.544	 -0.039	 -0.030
[component_container-11] 	 25.400	ErrTwis	  0.392	 -0.461	 -0.032	 -0.010
[component_container-11] 	 25.400	    GPS	  0.403	  1.954	  4.914	     --
[component_container-11] 	 25.400	   Baro	     --	     --	  5.257	     --
[component_container-11] 	 25.400	  BBias	     --	     --	  0.313	     --
[component_container-11] 	 25.400	  Sonar	     --	     --	    inf	     --
[component_container-11] 	 25.400	  Magnt	     --	     --	     --	 -0.679
[component_container-11] 
[component_container-11] 	 25.440	   Pose	  0.285	  2.261	  4.955	 -0.710
[component_container-11] 	 25.440	  Twist	 -0.219	 -0.428	  0.051	 -0.267
[component_container-11] 	 25.440	ErrPose	 -0.103	 -0.558	 -0.038	 -0.030
[component_container-11] 	 25.440	ErrTwis	  0.396	 -0.467	 -0.032	 -0.013
[component_container-11] 	 25.440	    GPS	  0.403	  1.954	  4.914	     --
[component_container-11] 	 25.440	   Baro	     --	     --	  5.245	     --
[component_container-11] 	 25.440	  BBias	     --	     --	  0.313	     --
[component_container-11] 	 25.440	  Sonar	     --	     --	    inf	     --
[component_container-11] 	 25.440	  Magnt	     --	     --	     --	 -0.719
[component_container-11] 
[component_container-11] 	 25.470	   Pose	  0.279	  2.248	  4.944	 -0.718
[component_container-11] 	 25.470	  Twist	 -0.217	 -0.423	  0.039	 -0.247
[component_container-11] 	 25.470	ErrPose	 -0.105	 -0.561	 -0.026	 -0.028
[component_container-11] 	 25.470	ErrTwis	  0.397	 -0.471	 -0.020	 -0.032
[component_container-11] 	 25.470	    GPS	  0.403	  1.954	  4.914	     --
[component_container-11] 	 25.470	   Baro	     --	     --	  5.121	     --
[component_container-11] 	 25.470	  BBias	     --	     --	  0.313	     --
[component_container-11] 	 25.470	  Sonar	     --	     --	    inf	     --
[component_container-11] 	 25.470	  Magnt	     --	     --	     --	 -0.705
[component_container-11] 
[component_container-11] 	 25.500	   Pose	  0.272	  2.235	  4.945	 -0.726
[component_container-11] 	 25.500	  Twist	 -0.215	 -0.418	  0.041	 -0.252
[component_container-11] 	 25.500	ErrPose	 -0.118	 -0.579	 -0.027	 -0.031
[component_container-11] 	 25.500	ErrTwis	  0.400	 -0.474	 -0.022	 -0.028
[component_container-11] 	 25.500	    GPS	  0.403	  1.954	  4.914	     --
[component_container-11] 	 25.500	   Baro	     --	     --	  5.121	     --
[component_container-11] 	 25.500	  BBias	     --	     --	  0.313	     --
[component_container-11] 	 25.500	  Sonar	     --	     --	    inf	     --
[component_container-11] 	 25.500	  Magnt	     --	     --	     --	 -0.705
[component_container-11] 
[component_container-11] [INFO] [1775370747.680927598] [drone.estimator]: TMP LOG gps innov_xy=(-0.097, -0.743) est_xy=(0.270, 2.231) gps_xy=(0.174, 1.488) corr_xy=(0.174, 1.488) vel_xy=(-0.215, -0.416)
[component_container-11] [INFO] [1775370747.681067453] [drone.estimator]: TMP LOG gps vel pseudo raw=(-0.459, -0.932) filt=(-0.434, -0.920) innov_v=(-0.205, -0.396) apply=(1,1)
[component_container-11] 	 25.540	   Pose	  0.202	  1.924	  4.940	 -0.737
[component_container-11] 	 25.540	  Twist	 -0.267	 -0.595	  0.036	 -0.261
[component_container-11] 	 25.540	ErrPose	 -0.066	 -0.299	 -0.022	 -0.031
[component_container-11] 	 25.540	ErrTwis	  0.457	 -0.296	 -0.017	 -0.018
[component_container-11] 	 25.540	    GPS	  0.174	  1.488	  4.918	     --
[component_container-11] 	 25.540	   Baro	     --	     --	  5.231	     --
[component_container-11] 	 25.540	  BBias	     --	     --	  0.314	     --
[component_container-11] 	 25.540	  Sonar	     --	     --	    inf	     --
[component_container-11] 	 25.540	  Magnt	     --	     --	     --	 -0.782
[component_container-11] 
[component_container-11] 	 25.570	   Pose	  0.194	  1.906	  4.943	 -0.746
[component_container-11] 	 25.570	  Twist	 -0.265	 -0.590	  0.040	 -0.263
[component_container-11] 	 25.570	ErrPose	 -0.068	 -0.297	 -0.025	 -0.027
[component_container-11] 	 25.570	ErrTwis	  0.458	 -0.300	 -0.020	 -0.017
[component_container-11] 	 25.570	    GPS	  0.174	  1.488	  4.918	     --
[component_container-11] 	 25.570	   Baro	     --	     --	  5.279	     --
[component_container-11] 	 25.570	  BBias	     --	     --	  0.314	     --
[component_container-11] 	 25.570	  Sonar	     --	     --	    inf	     --
[component_container-11] 	 25.570	  Magnt	     --	     --	     --	 -0.773
[component_container-11] 
[component_container-11] 	 25.600	   Pose	  0.186	  1.889	  4.944	 -0.754
[component_container-11] 	 25.600	  Twist	 -0.264	 -0.584	  0.041	 -0.267
[component_container-11] 	 25.600	ErrPose	 -0.079	 -0.310	 -0.025	 -0.030
[component_container-11] 	 25.600	ErrTwis	  0.463	 -0.304	 -0.021	 -0.013
[component_container-11] 	 25.600	    GPS	  0.174	  1.488	  4.918	     --
[component_container-11] 	 25.600	   Baro	     --	     --	  5.279	     --
[component_container-11] 	 25.600	  BBias	     --	     --	  0.314	     --
[component_container-11] 	 25.600	  Sonar	     --	     --	    inf	     --
[component_container-11] 	 25.600	  Magnt	     --	     --	     --	 -0.773
[component_container-11] 
[component_container-11] 	 25.640	   Pose	  0.175	  1.865	  4.948	 -0.766
[component_container-11] 	 25.640	  Twist	 -0.261	 -0.577	  0.046	 -0.280
[component_container-11] 	 25.640	ErrPose	 -0.088	 -0.318	 -0.029	 -0.030
[component_container-11] 	 25.640	ErrTwis	  0.466	 -0.309	 -0.026	  0.000
[component_container-11] 	 25.640	    GPS	  0.174	  1.488	  4.918	     --
[component_container-11] 	 25.640	   Baro	     --	     --	  5.286	     --
[component_container-11] 	 25.640	  BBias	     --	     --	  0.314	     --
[component_container-11] 	 25.640	  Sonar	     --	     --	    inf	     --
[component_container-11] 	 25.640	  Magnt	     --	     --	     --	 -0.774
[component_container-11] 
[component_container-11] 	 25.670	   Pose	  0.168	  1.848	  4.948	 -0.774
[component_container-11] 	 25.670	  Twist	 -0.260	 -0.572	  0.046	 -0.265
[component_container-11] 	 25.670	ErrPose	 -0.090	 -0.316	 -0.029	 -0.028
[component_container-11] 	 25.670	ErrTwis	  0.467	 -0.313	 -0.025	 -0.014
[component_container-11] 	 25.670	    GPS	  0.174	  1.488	  4.918	     --
[component_container-11] 	 25.670	   Baro	     --	     --	  5.244	     --
[component_container-11] 	 25.670	  BBias	     --	     --	  0.314	     --
[component_container-11] 	 25.670	  Sonar	     --	     --	    inf	     --
[component_container-11] 	 25.670	  Magnt	     --	     --	     --	 -0.775
[component_container-11] 
[component_container-11] 	 25.700	   Pose	  0.160	  1.831	  4.950	 -0.782
[component_container-11] 	 25.700	  Twist	 -0.259	 -0.567	  0.049	 -0.257
[component_container-11] 	 25.700	ErrPose	 -0.102	 -0.330	 -0.030	 -0.031
[component_container-11] 	 25.700	ErrTwis	  0.472	 -0.316	 -0.027	 -0.023
[component_container-11] 	 25.700	    GPS	  0.174	  1.488	  4.918	     --
[component_container-11] 	 25.700	   Baro	     --	     --	  5.244	     --
[component_container-11] 	 25.700	  BBias	     --	     --	  0.314	     --
[component_container-11] 	 25.700	  Sonar	     --	     --	    inf	     --
[component_container-11] 	 25.700	  Magnt	     --	     --	     --	 -0.775
[component_container-11] 
[component_container-11] 	 25.740	   Pose	  0.150	  1.808	  4.949	 -0.795
[component_container-11] 	 25.740	  Twist	 -0.256	 -0.560	  0.047	 -0.253
[component_container-11] 	 25.740	ErrPose	 -0.111	 -0.338	 -0.028	 -0.029
[component_container-11] 	 25.740	ErrTwis	  0.475	 -0.321	 -0.024	 -0.027
[component_container-11] 	 25.740	    GPS	  0.174	  1.488	  4.918	     --
[component_container-11] 	 25.740	   Baro	     --	     --	  5.228	     --
[component_container-11] 	 25.740	  BBias	     --	     --	  0.314	     --
[component_container-11] 	 25.740	  Sonar	     --	     --	    inf	     --
[component_container-11] 	 25.740	  Magnt	     --	     --	     --	 -0.869
[component_container-11] 
[component_container-11] [INFO] [1775370747.935125797] [drone.estimator]: TMP LOG sonar rejected: meas=2.382 est_z=4.949 innov=-2.567
[component_container-11] 	 25.770	   Pose	  0.142	  1.792	  4.949	 -0.804
[component_container-11] 	 25.770	  Twist	 -0.255	 -0.555	  0.047	 -0.275
[component_container-11] 	 25.770	ErrPose	 -0.113	 -0.336	 -0.029	 -0.026
[component_container-11] 	 25.770	ErrTwis	  0.477	 -0.325	 -0.025	 -0.005
[component_container-11] 	 25.770	    GPS	  0.174	  1.488	  4.918	     --
[component_container-11] 	 25.770	   Baro	     --	     --	  5.257	     --
[component_container-11] 	 25.770	  BBias	     --	     --	  0.314	     --
[component_container-11] 	 25.770	  Sonar	     --	     --	  2.382	     --
[component_container-11] 	 25.770	  Magnt	     --	     --	     --	 -0.845
[component_container-11] 
[component_container-11] 	 25.800	   Pose	  0.134	  1.775	  4.951	 -0.812
[component_container-11] 	 25.800	  Twist	 -0.253	 -0.550	  0.049	 -0.270
[component_container-11] 	 25.800	ErrPose	 -0.125	 -0.350	 -0.030	 -0.029
[component_container-11] 	 25.800	ErrTwis	  0.481	 -0.328	 -0.025	 -0.010
[component_container-11] 	 25.800	    GPS	  0.174	  1.488	  4.918	     --
[component_container-11] 	 25.800	   Baro	     --	     --	  5.257	     --
[component_container-11] 	 25.800	  BBias	     --	     --	  0.314	     --
[component_container-11] 	 25.800	  Sonar	     --	     --	  2.382	     --
[component_container-11] 	 25.800	  Magnt	     --	     --	     --	 -0.845
[component_container-11] 
[component_container-11] 	 25.840	   Pose	  0.124	  1.753	  4.948	 -0.823
[component_container-11] 	 25.840	  Twist	 -0.251	 -0.543	  0.045	 -0.263
[component_container-11] 	 25.840	ErrPose	 -0.135	 -0.358	 -0.027	 -0.028
[component_container-11] 	 25.840	ErrTwis	  0.486	 -0.334	 -0.022	 -0.017
[component_container-11] 	 25.840	    GPS	  0.174	  1.488	  4.918	     --
[component_container-11] 	 25.840	   Baro	     --	     --	  5.212	     --
[component_container-11] 	 25.840	  BBias	     --	     --	  0.313	     --
[component_container-11] 	 25.840	  Sonar	     --	     --	  2.395	     --
[component_container-11] 	 25.840	  Magnt	     --	     --	     --	 -0.865
[component_container-11] 
[component_container-11] 	 25.870	   Pose	  0.117	  1.737	  4.945	 -0.832
[component_container-11] 	 25.870	  Twist	 -0.250	 -0.538	  0.041	 -0.258
[component_container-11] 	 25.870	ErrPose	 -0.138	 -0.357	 -0.023	 -0.026
[component_container-11] 	 25.870	ErrTwis	  0.488	 -0.337	 -0.018	 -0.022
[component_container-11] 	 25.870	    GPS	  0.174	  1.488	  4.918	     --
[component_container-11] 	 25.870	   Baro	     --	     --	  5.205	     --
[component_container-11] 	 25.870	  BBias	     --	     --	  0.313	     --
[component_container-11] 	 25.870	  Sonar	     --	     --	  2.409	     --
[component_container-11] 	 25.870	  Magnt	     --	     --	     --	 -0.847
[component_container-11] 
[component_container-11] 	 25.900	   Pose	  0.109	  1.721	  4.946	 -0.840
[component_container-11] 	 25.900	  Twist	 -0.248	 -0.533	  0.042	 -0.281
[component_container-11] 	 25.900	ErrPose	 -0.150	 -0.372	 -0.024	 -0.029
[component_container-11] 	 25.900	ErrTwis	  0.492	 -0.341	 -0.019	  0.001
[component_container-11] 	 25.900	    GPS	  0.174	  1.488	  4.918	     --
[component_container-11] 	 25.900	   Baro	     --	     --	  5.205	     --
[component_container-11] 	 25.900	  BBias	     --	     --	  0.313	     --
[component_container-11] 	 25.900	  Sonar	     --	     --	  2.409	     --
[component_container-11] 	 25.900	  Magnt	     --	     --	     --	 -0.847
[component_container-11] 
[component_container-11] 	 25.940	   Pose	  0.099	  1.700	  4.944	 -0.851
[component_container-11] 	 25.940	  Twist	 -0.246	 -0.526	  0.040	 -0.261
[component_container-11] 	 25.940	ErrPose	 -0.161	 -0.381	 -0.022	 -0.029
[component_container-11] 	 25.940	ErrTwis	  0.497	 -0.346	 -0.017	 -0.019
[component_container-11] 	 25.940	    GPS	  0.174	  1.488	  4.918	     --
[component_container-11] 	 25.940	   Baro	     --	     --	  5.222	     --
[component_container-11] 	 25.940	  BBias	     --	     --	  0.313	     --
[component_container-11] 	 25.940	  Sonar	     --	     --	  2.403	     --
[component_container-11] 	 25.940	  Magnt	     --	     --	     --	 -0.865
[component_container-11] 
[component_container-11] 	 25.970	   Pose	  0.092	  1.684	  4.951	 -0.860
[component_container-11] 	 25.970	  Twist	 -0.244	 -0.521	  0.048	 -0.265
[component_container-11] 	 25.970	ErrPose	 -0.163	 -0.380	 -0.028	 -0.025
[component_container-11] 	 25.970	ErrTwis	  0.499	 -0.349	 -0.025	 -0.015
[component_container-11] 	 25.970	    GPS	  0.174	  1.488	  4.918	     --
[component_container-11] 	 25.970	   Baro	     --	     --	  5.322	     --
[component_container-11] 	 25.970	  BBias	     --	     --	  0.313	     --
[component_container-11] 	 25.970	  Sonar	     --	     --	  2.376	     --
[component_container-11] 	 25.970	  Magnt	     --	     --	     --	 -0.887
[component_container-11] 
[component_container-11] 	 26.000	   Pose	  0.085	  1.669	  4.953	 -0.868
[component_container-11] 	 26.000	  Twist	 -0.242	 -0.515	  0.049	 -0.269
[component_container-11] 	 26.000	ErrPose	 -0.176	 -0.394	 -0.029	 -0.028
[component_container-11] 	 26.000	ErrTwis	  0.504	 -0.352	 -0.026	 -0.011
[component_container-11] 	 26.000	    GPS	  0.174	  1.488	  4.918	     --
[component_container-11] 	 26.000	   Baro	     --	     --	  5.322	     --
[component_container-11] 	 26.000	  BBias	     --	     --	  0.313	     --
[component_container-11] 	 26.000	  Sonar	     --	     --	  2.376	     --
[component_container-11] 	 26.000	  Magnt	     --	     --	     --	 -0.887
[component_container-11] 
[component_container-11] 	 26.040	   Pose	 -0.043	  1.421	  4.954	 -0.878
[component_container-11] 	 26.040	  Twist	 -0.333	 -0.644	  0.050	 -0.267
[component_container-11] 	 26.040	ErrPose	 -0.069	 -0.177	 -0.030	 -0.029
[component_container-11] 	 26.040	ErrTwis	  0.603	 -0.221	 -0.027	 -0.013
[component_container-11] 	 26.040	    GPS	 -0.135	  1.065	  4.924	     --
[component_container-11] 	 26.040	   Baro	     --	     --	  5.324	     --
[component_container-11] 	 26.040	  BBias	     --	     --	  0.314	     --
[component_container-11] 	 26.040	  Sonar	     --	     --	  2.391	     --
[component_container-11] 	 26.040	  Magnt	     --	     --	     --	 -0.846
[component_container-11] 
[component_container-11] [INFO] [1775370748.219962489] [drone.estimator]: TMP LOG err_xyz=(-0.069, -0.177, -0.030) | z_est=4.954 vz_est=0.050 bias=0.314 | gps_z=4.924 sonar=2.391 baro=5.324
[component_container-11] 	 26.070	   Pose	 -0.053	  1.402	  4.955	 -0.887
[component_container-11] 	 26.070	  Twist	 -0.331	 -0.638	  0.050	 -0.269
[component_container-11] 	 26.070	ErrPose	 -0.069	 -0.172	 -0.031	 -0.027
[component_container-11] 	 26.070	ErrTwis	  0.604	 -0.225	 -0.027	 -0.010
[component_container-11] 	 26.070	    GPS	 -0.135	  1.065	  4.924	     --
[component_container-11] 	 26.070	   Baro	     --	     --	  5.258	     --
[component_container-11] 	 26.070	  BBias	     --	     --	  0.314	     --
[component_container-11] 	 26.070	  Sonar	     --	     --	    inf	     --
[component_container-11] 	 26.070	  Magnt	     --	     --	     --	 -0.903
[component_container-11] 
[component_container-11] [INFO] [1775370748.279557926] [drone.controller]: cmd_vel body=(0.350, -0.937, 0.012) yaw=-0.300 | odom_received=true | plan_points=43
[component_container-11] 	 26.100	   Pose	 -0.063	  1.383	  4.957	 -0.895
[component_container-11] 	 26.100	  Twist	 -0.329	 -0.634	  0.052	 -0.275
[component_container-11] 	 26.100	ErrPose	 -0.080	 -0.183	 -0.032	 -0.030
[component_container-11] 	 26.100	ErrTwis	  0.609	 -0.226	 -0.028	 -0.004
[component_container-11] 	 26.100	    GPS	 -0.135	  1.065	  4.924	     --
[component_container-11] 	 26.100	   Baro	     --	     --	  5.258	     --
[component_container-11] 	 26.100	  BBias	     --	     --	  0.314	     --
[component_container-11] 	 26.100	  Sonar	     --	     --	    inf	     --
[component_container-11] 	 26.100	  Magnt	     --	     --	     --	 -0.903
[component_container-11] 
[component_container-11] 	 26.140	   Pose	 -0.076	  1.357	  4.954	 -0.907
[component_container-11] 	 26.140	  Twist	 -0.326	 -0.627	  0.049	 -0.274
[component_container-11] 	 26.140	ErrPose	 -0.087	 -0.188	 -0.029	 -0.029
[component_container-11] 	 26.140	ErrTwis	  0.614	 -0.230	 -0.025	 -0.006
[component_container-11] 	 26.140	    GPS	 -0.135	  1.065	  4.924	     --
[component_container-11] 	 26.140	   Baro	     --	     --	  5.216	     --
[component_container-11] 	 26.140	  BBias	     --	     --	  0.314	     --
[component_container-11] 	 26.140	  Sonar	     --	     --	    inf	     --
[component_container-11] 	 26.140	  Magnt	     --	     --	     --	 -0.972
[component_container-11] 
[component_container-11] 	 26.170	   Pose	 -0.086	  1.339	  4.943	 -0.915
[component_container-11] 	 26.170	  Twist	 -0.324	 -0.622	  0.037	 -0.267
[component_container-11] 	 26.170	ErrPose	 -0.087	 -0.184	 -0.018	 -0.027
[component_container-11] 	 26.170	ErrTwis	  0.615	 -0.233	 -0.014	 -0.012
[component_container-11] 	 26.170	    GPS	 -0.135	  1.065	  4.924	     --
[component_container-11] 	 26.170	   Baro	     --	     --	  5.118	     --
[component_container-11] 	 26.170	  BBias	     --	     --	  0.314	     --
[component_container-11] 	 26.170	  Sonar	     --	     --	    inf	     --
[component_container-11] 	 26.170	  Magnt	     --	     --	     --	 -0.891
[component_container-11] 
[component_container-11] 	 26.200	   Pose	 -0.095	  1.320	  4.944	 -0.923
[component_container-11] 	 26.200	  Twist	 -0.322	 -0.617	  0.039	 -0.264
[component_container-11] 	 26.200	ErrPose	 -0.098	 -0.195	 -0.018	 -0.029
[component_container-11] 	 26.200	ErrTwis	  0.621	 -0.234	 -0.016	 -0.016
[component_container-11] 	 26.200	    GPS	 -0.135	  1.065	  4.924	     --
[component_container-11] 	 26.200	   Baro	     --	     --	  5.118	     --
[component_container-11] 	 26.200	  BBias	     --	     --	  0.314	     --
[component_container-11] 	 26.200	  Sonar	     --	     --	    inf	     --
[component_container-11] 	 26.200	  Magnt	     --	     --	     --	 -0.891
[component_container-11] 
[component_container-11] 	 26.240	   Pose	 -0.108	  1.296	  4.943	 -0.934
[component_container-11] 	 26.240	  Twist	 -0.319	 -0.610	  0.037	 -0.274
[component_container-11] 	 26.240	ErrPose	 -0.106	 -0.200	 -0.016	 -0.030
[component_container-11] 	 26.240	ErrTwis	  0.626	 -0.238	 -0.013	 -0.006
[component_container-11] 	 26.240	    GPS	 -0.135	  1.065	  4.924	     --
[component_container-11] 	 26.240	   Baro	     --	     --	  5.216	     --
[component_container-11] 	 26.240	  BBias	     --	     --	  0.313	     --
[component_container-11] 	 26.240	  Sonar	     --	     --	    inf	     --
[component_container-11] 	 26.240	  Magnt	     --	     --	     --	 -0.922
[component_container-11] 
[component_container-11] 	 26.270	   Pose	 -0.118	  1.277	  4.936	 -0.942
[component_container-11] 	 26.270	  Twist	 -0.317	 -0.606	  0.031	 -0.277
[component_container-11] 	 26.270	ErrPose	 -0.107	 -0.197	 -0.009	 -0.027
[component_container-11] 	 26.270	ErrTwis	  0.628	 -0.241	 -0.007	 -0.003
[component_container-11] 	 26.270	    GPS	 -0.135	  1.065	  4.924	     --
[component_container-11] 	 26.270	   Baro	     --	     --	  5.161	     --
[component_container-11] 	 26.270	  BBias	     --	     --	  0.313	     --
[component_container-11] 	 26.270	  Sonar	     --	     --	    inf	     --
[component_container-11] 	 26.270	  Magnt	     --	     --	     --	 -0.952
[component_container-11] 
[component_container-11] 	 26.300	   Pose	 -0.127	  1.259	  4.937	 -0.950
[component_container-11] 	 26.300	  Twist	 -0.315	 -0.601	  0.033	 -0.258
[component_container-11] 	 26.300	ErrPose	 -0.118	 -0.208	 -0.009	 -0.030
[component_container-11] 	 26.300	ErrTwis	  0.634	 -0.241	 -0.008	 -0.022
[component_container-11] 	 26.300	    GPS	 -0.135	  1.065	  4.924	     --
[component_container-11] 	 26.300	   Baro	     --	     --	  5.161	     --
[component_container-11] 	 26.300	  BBias	     --	     --	  0.313	     --
[component_container-11] 	 26.300	  Sonar	     --	     --	    inf	     --
[component_container-11] 	 26.300	  Magnt	     --	     --	     --	 -0.952
[component_container-11] 
[component_container-11] 	 26.340	   Pose	 -0.140	  1.235	  4.935	 -0.962
[component_container-11] 	 26.340	  Twist	 -0.312	 -0.595	  0.032	 -0.273
[component_container-11] 	 26.340	ErrPose	 -0.126	 -0.214	 -0.007	 -0.030
[component_container-11] 	 26.340	ErrTwis	  0.639	 -0.244	 -0.007	 -0.007
[component_container-11] 	 26.340	    GPS	 -0.135	  1.065	  4.924	     --
[component_container-11] 	 26.340	   Baro	     --	     --	  5.222	     --
[component_container-11] 	 26.340	  BBias	     --	     --	  0.313	     --
[component_container-11] 	 26.340	  Sonar	     --	     --	    inf	     --
[component_container-11] 	 26.340	  Magnt	     --	     --	     --	 -0.974
[component_container-11] 
[component_container-11] 	 26.370	   Pose	 -0.149	  1.218	  4.928	 -0.970
[component_container-11] 	 26.370	  Twist	 -0.310	 -0.590	  0.025	 -0.271
[component_container-11] 	 26.370	ErrPose	 -0.127	 -0.211	  0.001	 -0.027
[component_container-11] 	 26.370	ErrTwis	  0.641	 -0.247	  0.001	 -0.009
[component_container-11] 	 26.370	    GPS	 -0.135	  1.065	  4.924	     --
[component_container-11] 	 26.370	   Baro	     --	     --	  5.148	     --
[component_container-11] 	 26.370	  BBias	     --	     --	  0.313	     --
[component_container-11] 	 26.370	  Sonar	     --	     --	    inf	     --
[component_container-11] 	 26.370	  Magnt	     --	     --	     --	 -0.979
[component_container-11] 
[component_container-11] 	 26.400	   Pose	 -0.158	  1.200	  4.928	 -0.978
[component_container-11] 	 26.400	  Twist	 -0.307	 -0.585	  0.027	 -0.263
[component_container-11] 	 26.400	ErrPose	 -0.138	 -0.223	  0.001	 -0.030
[component_container-11] 	 26.400	ErrTwis	  0.647	 -0.248	 -0.000	 -0.016
[component_container-11] 	 26.400	    GPS	 -0.135	  1.065	  4.924	     --
[component_container-11] 	 26.400	   Baro	     --	     --	  5.148	     --
[component_container-11] 	 26.400	  BBias	     --	     --	  0.313	     --
[component_container-11] 	 26.400	  Sonar	     --	     --	    inf	     --
[component_container-11] 	 26.400	  Magnt	     --	     --	     --	 -0.979
[component_container-11] 
[component_container-11] 	 26.440	   Pose	 -0.171	  1.177	  4.930	 -0.989
[component_container-11] 	 26.440	  Twist	 -0.305	 -0.578	  0.029	 -0.263
[component_container-11] 	 26.440	ErrPose	 -0.146	 -0.229	  0.000	 -0.031
[component_container-11] 	 26.440	ErrTwis	  0.652	 -0.251	 -0.002	 -0.017
[component_container-11] 	 26.440	    GPS	 -0.135	  1.065	  4.924	     --
[component_container-11] 	 26.440	   Baro	     --	     --	  5.243	     --
[component_container-11] 	 26.440	  BBias	     --	     --	  0.313	     --
[component_container-11] 	 26.440	  Sonar	     --	     --	    inf	     --
[component_container-11] 	 26.440	  Magnt	     --	     --	     --	 -1.000
[component_container-11] 
[component_container-11] 	 26.470	   Pose	 -0.180	  1.159	  4.928	 -0.998
[component_container-11] 	 26.470	  Twist	 -0.302	 -0.572	  0.028	 -0.274
[component_container-11] 	 26.470	ErrPose	 -0.148	 -0.226	  0.003	 -0.028
[component_container-11] 	 26.470	ErrTwis	  0.654	 -0.254	 -0.001	 -0.006
[component_container-11] 	 26.470	    GPS	 -0.135	  1.065	  4.924	     --
[component_container-11] 	 26.470	   Baro	     --	     --	  5.211	     --
[component_container-11] 	 26.470	  BBias	     --	     --	  0.313	     --
[component_container-11] 	 26.470	  Sonar	     --	     --	    inf	     --
[component_container-11] 	 26.470	  Magnt	     --	     --	     --	 -1.002
[component_container-11] 
[component_container-11] 	 26.500	   Pose	 -0.189	  1.142	  4.928	 -1.006
[component_container-11] 	 26.500	  Twist	 -0.300	 -0.568	  0.030	 -0.261
[component_container-11] 	 26.500	ErrPose	 -0.159	 -0.239	  0.003	 -0.031
[component_container-11] 	 26.500	ErrTwis	  0.661	 -0.254	 -0.002	 -0.019
[component_container-11] 	 26.500	    GPS	 -0.135	  1.065	  4.924	     --
[component_container-11] 	 26.500	   Baro	     --	     --	  5.211	     --
[component_container-11] 	 26.500	  BBias	     --	     --	  0.313	     --
[component_container-11] 	 26.500	  Sonar	     --	     --	    inf	     --
[component_container-11] 	 26.500	  Magnt	     --	     --	     --	 -1.002
[component_container-11] 
[component_container-11] [INFO] [1775370748.687173626] [drone.estimator]: TMP LOG gps innov_xy=(-0.255, -0.256) est_xy=(-0.192, 1.137) gps_xy=(-0.447, 0.881) corr_xy=(-0.447, 0.881) vel_xy=(-0.300, -0.566)
[component_container-11] [INFO] [1775370748.687629290] [drone.estimator]: TMP LOG gps vel pseudo raw=(-0.624, -0.367) filt=(-0.621, -0.416) innov_v=(-0.285, 0.188) apply=(1,1)
[component_container-11] 	 26.540	   Pose	 -0.324	  1.068	  4.939	 -1.016
[component_container-11] 	 26.540	  Twist	 -0.389	 -0.563	  0.041	 -0.278
[component_container-11] 	 26.540	ErrPose	 -0.044	 -0.194	 -0.007	 -0.031
[component_container-11] 	 26.540	ErrTwis	  0.758	 -0.255	 -0.012	 -0.002
[component_container-11] 	 26.540	    GPS	 -0.447	  0.881	  4.931	     --
[component_container-11] 	 26.540	   Baro	     --	     --	  5.359	     --
[component_container-11] 	 26.540	  BBias	     --	     --	  0.313	     --
[component_container-11] 	 26.540	  Sonar	     --	     --	    inf	     --
[component_container-11] 	 26.540	  Magnt	     --	     --	     --	 -0.988
[component_container-11] 
[component_container-11] 	 26.570	   Pose	 -0.336	  1.051	  4.944	 -1.025
[component_container-11] 	 26.570	  Twist	 -0.386	 -0.557	  0.046	 -0.283
[component_container-11] 	 26.570	ErrPose	 -0.043	 -0.192	 -0.012	 -0.028
[component_container-11] 	 26.570	ErrTwis	  0.759	 -0.258	 -0.017	  0.004
[component_container-11] 	 26.570	    GPS	 -0.447	  0.881	  4.931	     --
[component_container-11] 	 26.570	   Baro	     --	     --	  5.304	     --
[component_container-11] 	 26.570	  BBias	     --	     --	  0.313	     --
[component_container-11] 	 26.570	  Sonar	     --	     --	    inf	     --
[component_container-11] 	 26.570	  Magnt	     --	     --	     --	 -1.048
[component_container-11] 
[component_container-11] 	 26.600	   Pose	 -0.348	  1.034	  4.946	 -1.033
[component_container-11] 	 26.600	  Twist	 -0.384	 -0.553	  0.047	 -0.276
[component_container-11] 	 26.600	ErrPose	 -0.052	 -0.204	 -0.013	 -0.031
[component_container-11] 	 26.600	ErrTwis	  0.766	 -0.258	 -0.018	 -0.004
[component_container-11] 	 26.600	    GPS	 -0.447	  0.881	  4.931	     --
[component_container-11] 	 26.600	   Baro	     --	     --	  5.304	     --
[component_container-11] 	 26.600	  BBias	     --	     --	  0.313	     --
[component_container-11] 	 26.600	  Sonar	     --	     --	    inf	     --
[component_container-11] 	 26.600	  Magnt	     --	     --	     --	 -1.048
[component_container-11] 
[component_container-11] 	 26.640	   Pose	 -0.363	  1.012	  4.943	 -1.045
[component_container-11] 	 26.640	  Twist	 -0.380	 -0.545	  0.044	 -0.263
[component_container-11] 	 26.640	ErrPose	 -0.057	 -0.212	 -0.009	 -0.031
[component_container-11] 	 26.640	ErrTwis	  0.771	 -0.261	 -0.014	 -0.017
[component_container-11] 	 26.640	    GPS	 -0.447	  0.881	  4.931	     --
[component_container-11] 	 26.640	   Baro	     --	     --	  5.198	     --
[component_container-11] 	 26.640	  BBias	     --	     --	  0.313	     --
[component_container-11] 	 26.640	  Sonar	     --	     --	    inf	     --
[component_container-11] 	 26.640	  Magnt	     --	     --	     --	 -1.078
[component_container-11] 
[component_container-11] 	 26.670	   Pose	 -0.374	  0.996	  4.937	 -1.054
[component_container-11] 	 26.670	  Twist	 -0.378	 -0.541	  0.037	 -0.257
[component_container-11] 	 26.670	ErrPose	 -0.056	 -0.210	 -0.003	 -0.027
[component_container-11] 	 26.670	ErrTwis	  0.773	 -0.263	 -0.008	 -0.023
[component_container-11] 	 26.670	    GPS	 -0.447	  0.881	  4.931	     --
[component_container-11] 	 26.670	   Baro	     --	     --	  5.169	     --
[component_container-11] 	 26.670	  BBias	     --	     --	  0.313	     --
[component_container-11] 	 26.670	  Sonar	     --	     --	    inf	     --
[component_container-11] 	 26.670	  Magnt	     --	     --	     --	 -1.108
[component_container-11] 
[component_container-11] 	 26.700	   Pose	 -0.386	  0.980	  4.938	 -1.063
[component_container-11] 	 26.700	  Twist	 -0.376	 -0.535	  0.038	 -0.281
[component_container-11] 	 26.700	ErrPose	 -0.065	 -0.223	 -0.003	 -0.030
[component_container-11] 	 26.700	ErrTwis	  0.780	 -0.263	 -0.009	  0.001
[component_container-11] 	 26.700	    GPS	 -0.447	  0.881	  4.931	     --
[component_container-11] 	 26.700	   Baro	     --	     --	  5.169	     --
[component_container-11] 	 26.700	  BBias	     --	     --	  0.313	     --
[component_container-11] 	 26.700	  Sonar	     --	     --	    inf	     --
[component_container-11] 	 26.700	  Magnt	     --	     --	     --	 -1.108
[component_container-11] 
[component_container-11] 	 26.740	   Pose	 -0.401	  0.959	  4.942	 -1.074
[component_container-11] 	 26.740	  Twist	 -0.374	 -0.529	  0.041	 -0.275
[component_container-11] 	 26.740	ErrPose	 -0.071	 -0.231	 -0.006	 -0.030
[component_container-11] 	 26.740	ErrTwis	  0.787	 -0.264	 -0.014	 -0.005
[component_container-11] 	 26.740	    GPS	 -0.447	  0.881	  4.931	     --
[component_container-11] 	 26.740	   Baro	     --	     --	  5.275	     --
[component_container-11] 	 26.740	  BBias	     --	     --	  0.313	     --
[component_container-11] 	 26.740	  Sonar	     --	     --	    inf	     --
[component_container-11] 	 26.740	  Magnt	     --	     --	     --	 -1.079
[component_container-11] 
[component_container-11] 	 26.770	   Pose	 -0.412	  0.943	  4.936	 -1.083
[component_container-11] 	 26.770	  Twist	 -0.371	 -0.524	  0.037	 -0.269
[component_container-11] 	 26.770	ErrPose	 -0.070	 -0.230	 -0.001	 -0.026
[component_container-11] 	 26.770	ErrTwis	  0.788	 -0.266	 -0.010	 -0.011
[component_container-11] 	 26.770	    GPS	 -0.447	  0.881	  4.931	     --
[component_container-11] 	 26.770	   Baro	     --	     --	  5.181	     --
[component_container-11] 	 26.770	  BBias	     --	     --	  0.313	     --
[component_container-11] 	 26.770	  Sonar	     --	     --	    inf	     --
[component_container-11] 	 26.770	  Magnt	     --	     --	     --	 -1.121
[component_container-11] 
[component_container-11] 	 26.800	   Pose	 -0.423	  0.927	  4.938	 -1.091
[component_container-11] 	 26.800	  Twist	 -0.369	 -0.519	  0.039	 -0.277
[component_container-11] 	 26.800	ErrPose	 -0.079	 -0.244	 -0.001	 -0.029
[component_container-11] 	 26.800	ErrTwis	  0.795	 -0.264	 -0.012	 -0.003
[component_container-11] 	 26.800	    GPS	 -0.447	  0.881	  4.931	     --
[component_container-11] 	 26.800	   Baro	     --	     --	  5.181	     --
[component_container-11] 	 26.800	  BBias	     --	     --	  0.313	     --
[component_container-11] 	 26.800	  Sonar	     --	     --	    inf	     --
[component_container-11] 	 26.800	  Magnt	     --	     --	     --	 -1.121
[component_container-11] 
[component_container-11] 	 26.840	   Pose	 -0.437	  0.907	  4.943	 -1.102
[component_container-11] 	 26.840	  Twist	 -0.365	 -0.512	  0.044	 -0.269
[component_container-11] 	 26.840	ErrPose	 -0.085	 -0.252	 -0.005	 -0.030
[component_container-11] 	 26.840	ErrTwis	  0.801	 -0.265	 -0.017	 -0.011
[component_container-11] 	 26.840	    GPS	 -0.447	  0.881	  4.931	     --
[component_container-11] 	 26.840	   Baro	     --	     --	  5.290	     --
[component_container-11] 	 26.840	  BBias	     --	     --	  0.313	     --
[component_container-11] 	 26.840	  Sonar	     --	     --	    inf	     --
[component_container-11] 	 26.840	  Magnt	     --	     --	     --	 -1.096
[component_container-11] 
[component_container-11] 	 26.870	   Pose	 -0.448	  0.891	  4.943	 -1.112
[component_container-11] 	 26.870	  Twist	 -0.363	 -0.507	  0.045	 -0.271
[component_container-11] 	 26.870	ErrPose	 -0.084	 -0.252	 -0.005	 -0.025
[component_container-11] 	 26.870	ErrTwis	  0.804	 -0.266	 -0.018	 -0.009
[component_container-11] 	 26.870	    GPS	 -0.447	  0.881	  4.931	     --
[component_container-11] 	 26.870	   Baro	     --	     --	  5.245	     --
[component_container-11] 	 26.870	  BBias	     --	     --	  0.313	     --
[component_container-11] 	 26.870	  Sonar	     --	     --	    inf	     --
[component_container-11] 	 26.870	  Magnt	     --	     --	     --	 -1.184
[component_container-11] 
[component_container-11] 	 26.900	   Pose	 -0.459	  0.876	  4.944	 -1.120
[component_container-11] 	 26.900	  Twist	 -0.360	 -0.502	  0.046	 -0.284
[component_container-11] 	 26.900	ErrPose	 -0.093	 -0.266	 -0.006	 -0.028
[component_container-11] 	 26.900	ErrTwis	  0.810	 -0.264	 -0.019	  0.004
[component_container-11] 	 26.900	    GPS	 -0.447	  0.881	  4.931	     --
[component_container-11] 	 26.900	   Baro	     --	     --	  5.245	     --
[component_container-11] 	 26.900	  BBias	     --	     --	  0.313	     --
[component_container-11] 	 26.900	  Sonar	     --	     --	    inf	     --
[component_container-11] 	 26.900	  Magnt	     --	     --	     --	 -1.184
[component_container-11] 
[component_container-11] 	 26.940	   Pose	 -0.474	  0.856	  4.935	 -1.131
[component_container-11] 	 26.940	  Twist	 -0.357	 -0.495	  0.037	 -0.276
[component_container-11] 	 26.940	ErrPose	 -0.099	 -0.275	  0.005	 -0.029
[component_container-11] 	 26.940	ErrTwis	  0.815	 -0.264	 -0.008	 -0.004
[component_container-11] 	 26.940	    GPS	 -0.447	  0.881	  4.931	     --
[component_container-11] 	 26.940	   Baro	     --	     --	  5.132	     --
[component_container-11] 	 26.940	  BBias	     --	     --	  0.313	     --
[component_container-11] 	 26.940	  Sonar	     --	     --	    inf	     --
[component_container-11] 	 26.940	  Magnt	     --	     --	     --	 -1.116
[component_container-11] 
[component_container-11] 	 26.970	   Pose	 -0.484	  0.842	  4.938	 -1.141
[component_container-11] 	 26.970	  Twist	 -0.354	 -0.490	  0.040	 -0.266
[component_container-11] 	 26.970	ErrPose	 -0.098	 -0.275	  0.002	 -0.024
[component_container-11] 	 26.970	ErrTwis	  0.817	 -0.265	 -0.011	 -0.014
[component_container-11] 	 26.970	    GPS	 -0.447	  0.881	  4.931	     --
[component_container-11] 	 26.970	   Baro	     --	     --	  5.274	     --
[component_container-11] 	 26.970	  BBias	     --	     --	  0.313	     --
[component_container-11] 	 26.970	  Sonar	     --	     --	    inf	     --
[component_container-11] 	 26.970	  Magnt	     --	     --	     --	 -1.210
[component_container-11] 
[component_container-11] 	 27.000	   Pose	 -0.495	  0.827	  4.939	 -1.149
[component_container-11] 	 27.000	  Twist	 -0.351	 -0.485	  0.041	 -0.255
[component_container-11] 	 27.000	ErrPose	 -0.108	 -0.289	  0.001	 -0.027
[component_container-11] 	 27.000	ErrTwis	  0.824	 -0.264	 -0.012	 -0.025
[component_container-11] 	 27.000	    GPS	 -0.447	  0.881	  4.931	     --
[component_container-11] 	 27.000	   Baro	     --	     --	  5.274	     --
[component_container-11] 	 27.000	  BBias	     --	     --	  0.313	     --
[component_container-11] 	 27.000	  Sonar	     --	     --	    inf	     --
[component_container-11] 	 27.000	  Magnt	     --	     --	     --	 -1.210
[component_container-11] 
[component_container-11] 	 27.040	   Pose	 -0.643	  0.601	  4.936	 -1.160
[component_container-11] 	 27.040	  Twist	 -0.445	 -0.624	  0.039	 -0.280
[component_container-11] 	 27.040	ErrPose	  0.021	 -0.093	  0.005	 -0.028
[component_container-11] 	 27.040	ErrTwis	  0.927	 -0.117	 -0.010	 -0.000
[component_container-11] 	 27.040	    GPS	 -0.788	  0.367	  4.941	     --
[component_container-11] 	 27.040	   Baro	     --	     --	  5.188	     --
[component_container-11] 	 27.040	  BBias	     --	     --	  0.313	     --
[component_container-11] 	 27.040	  Sonar	     --	     --	    inf	     --
[component_container-11] 	 27.040	  Magnt	     --	     --	     --	 -1.136
[component_container-11] 
[component_container-11] [INFO] [1775370749.223838414] [drone.estimator]: TMP LOG err_xyz=(0.021, -0.093, 0.005) | z_est=4.936 vz_est=0.039 bias=0.313 | gps_z=4.941 sonar=inf baro=5.188
[component_container-11] 	 27.070	   Pose	 -0.657	  0.582	  4.920	 -1.170
[component_container-11] 	 27.070	  Twist	 -0.442	 -0.619	  0.023	 -0.277
[component_container-11] 	 27.070	ErrPose	  0.025	 -0.089	  0.022	 -0.023
[component_container-11] 	 27.070	ErrTwis	  0.929	 -0.119	  0.007	 -0.003
[component_container-11] 	 27.070	    GPS	 -0.788	  0.367	  4.941	     --
[component_container-11] 	 27.070	   Baro	     --	     --	  5.031	     --
[component_container-11] 	 27.070	  BBias	     --	     --	  0.313	     --
[component_container-11] 	 27.070	  Sonar	     --	     --	    inf	     --
[component_container-11] 	 27.070	  Magnt	     --	     --	     --	 -1.250
[component_container-11] 
[component_container-11] [INFO] [1775370749.285687661] [drone.controller]: cmd_vel body=(0.650, -0.760, 0.045) yaw=-0.300 | odom_received=true | plan_points=33
[component_container-11] 	 27.100	   Pose	 -0.670	  0.564	  4.921	 -1.178
[component_container-11] 	 27.100	  Twist	 -0.439	 -0.615	  0.025	 -0.257
[component_container-11] 	 27.100	ErrPose	  0.018	 -0.099	  0.022	 -0.027
[component_container-11] 	 27.100	ErrTwis	  0.935	 -0.116	  0.006	 -0.023
[component_container-11] 	 27.100	    GPS	 -0.788	  0.367	  4.941	     --
[component_container-11] 	 27.100	   Baro	     --	     --	  5.031	     --
[component_container-11] 	 27.100	  BBias	     --	     --	  0.313	     --
[component_container-11] 	 27.100	  Sonar	     --	     --	    inf	     --
[component_container-11] 	 27.100	  Magnt	     --	     --	     --	 -1.250
[component_container-11] 
[component_container-11] 	 27.140	   Pose	 -0.687	  0.539	  4.928	 -1.189
[component_container-11] 	 27.140	  Twist	 -0.436	 -0.608	  0.033	 -0.285
[component_container-11] 	 27.140	ErrPose	  0.016	 -0.104	  0.015	 -0.026
[component_container-11] 	 27.140	ErrTwis	  0.942	 -0.115	 -0.002	  0.005
[component_container-11] 	 27.140	    GPS	 -0.788	  0.367	  4.941	     --
[component_container-11] 	 27.140	   Baro	     --	     --	  5.312	     --
[component_container-11] 	 27.140	  BBias	     --	     --	  0.313	     --
[component_container-11] 	 27.140	  Sonar	     --	     --	    inf	     --
[component_container-11] 	 27.140	  Magnt	     --	     --	     --	 -1.189
[component_container-11] 
[component_container-11] 	 27.170	   Pose	 -0.700	  0.521	  4.930	 -1.197
[component_container-11] 	 27.170	  Twist	 -0.435	 -0.603	  0.036	 -0.285
[component_container-11] 	 27.170	ErrPose	  0.019	 -0.101	  0.014	 -0.024
[component_container-11] 	 27.170	ErrTwis	  0.945	 -0.117	 -0.004	  0.005
[component_container-11] 	 27.170	    GPS	 -0.788	  0.367	  4.941	     --
[component_container-11] 	 27.170	   Baro	     --	     --	  5.252	     --
[component_container-11] 	 27.170	  BBias	     --	     --	  0.313	     --
[component_container-11] 	 27.170	  Sonar	     --	     --	    inf	     --
[component_container-11] 	 27.170	  Magnt	     --	     --	     --	 -1.195
[component_container-11] 
[component_container-11] 	 27.200	   Pose	 -0.713	  0.503	  4.931	 -1.205
[component_container-11] 	 27.200	  Twist	 -0.432	 -0.598	  0.038	 -0.257
[component_container-11] 	 27.200	ErrPose	  0.012	 -0.112	  0.014	 -0.027
[component_container-11] 	 27.200	ErrTwis	  0.952	 -0.115	 -0.005	 -0.022
[component_container-11] 	 27.200	    GPS	 -0.788	  0.367	  4.941	     --
[component_container-11] 	 27.200	   Baro	     --	     --	  5.252	     --
[component_container-11] 	 27.200	  BBias	     --	     --	  0.313	     --
[component_container-11] 	 27.200	  Sonar	     --	     --	    inf	     --
[component_container-11] 	 27.200	  Magnt	     --	     --	     --	 -1.195
[component_container-11] 
[component_container-11] 	 27.240	   Pose	 -0.731	  0.479	  4.941	 -1.217
[component_container-11] 	 27.240	  Twist	 -0.429	 -0.591	  0.048	 -0.262
[component_container-11] 	 27.240	ErrPose	  0.010	 -0.118	  0.005	 -0.026
[component_container-11] 	 27.240	ErrTwis	  0.958	 -0.114	 -0.014	 -0.018
[component_container-11] 	 27.240	    GPS	 -0.788	  0.367	  4.941	     --
[component_container-11] 	 27.240	   Baro	     --	     --	  5.343	     --
[component_container-11] 	 27.240	  BBias	     --	     --	  0.313	     --
[component_container-11] 	 27.240	  Sonar	     --	     --	    inf	     --
[component_container-11] 	 27.240	  Magnt	     --	     --	     --	 -1.250
[component_container-11] 
[component_container-11] 	 27.270	   Pose	 -0.743	  0.462	  4.947	 -1.226
[component_container-11] 	 27.270	  Twist	 -0.426	 -0.587	  0.053	 -0.261
[component_container-11] 	 27.270	ErrPose	  0.013	 -0.115	 -0.000	 -0.023
[component_container-11] 	 27.270	ErrTwis	  0.960	 -0.115	 -0.019	 -0.019
[component_container-11] 	 27.270	    GPS	 -0.788	  0.367	  4.941	     --
[component_container-11] 	 27.270	   Baro	     --	     --	  5.300	     --
[component_container-11] 	 27.270	  BBias	     --	     --	  0.313	     --
[component_container-11] 	 27.270	  Sonar	     --	     --	    inf	     --
[component_container-11] 	 27.270	  Magnt	     --	     --	     --	 -1.262
[component_container-11] 
[component_container-11] 	 27.300	   Pose	 -0.756	  0.444	  4.948	 -1.234
[component_container-11] 	 27.300	  Twist	 -0.423	 -0.582	  0.055	 -0.270
[component_container-11] 	 27.300	ErrPose	  0.007	 -0.127	 -0.001	 -0.026
[component_container-11] 	 27.300	ErrTwis	  0.966	 -0.112	 -0.020	 -0.010
[component_container-11] 	 27.300	    GPS	 -0.788	  0.367	  4.941	     --
[component_container-11] 	 27.300	   Baro	     --	     --	  5.300	     --
[component_container-11] 	 27.300	  BBias	     --	     --	  0.313	     --
[component_container-11] 	 27.300	  Sonar	     --	     --	    inf	     --
[component_container-11] 	 27.300	  Magnt	     --	     --	     --	 -1.262
[component_container-11] 
[component_container-11] 	 27.340	   Pose	 -0.773	  0.421	  4.960	 -1.246
[component_container-11] 	 27.340	  Twist	 -0.420	 -0.574	  0.065	 -0.273
[component_container-11] 	 27.340	ErrPose	  0.004	 -0.133	 -0.011	 -0.025
[component_container-11] 	 27.340	ErrTwis	  0.972	 -0.111	 -0.031	 -0.006
[component_container-11] 	 27.340	    GPS	 -0.788	  0.367	  4.941	     --
[component_container-11] 	 27.340	   Baro	     --	     --	  5.367	     --
[component_container-11] 	 27.340	  BBias	     --	     --	  0.313	     --
[component_container-11] 	 27.340	  Sonar	     --	     --	    inf	     --
[component_container-11] 	 27.340	  Magnt	     --	     --	     --	 -1.264
[component_container-11] 
[component_container-11] 	 27.370	   Pose	 -0.786	  0.404	  4.959	 -1.255
[component_container-11] 	 27.370	  Twist	 -0.417	 -0.570	  0.063	 -0.274
[component_container-11] 	 27.370	ErrPose	  0.007	 -0.131	 -0.010	 -0.022
[component_container-11] 	 27.370	ErrTwis	  0.975	 -0.111	 -0.029	 -0.006
[component_container-11] 	 27.370	    GPS	 -0.788	  0.367	  4.941	     --
[component_container-11] 	 27.370	   Baro	     --	     --	  5.245	     --
[component_container-11] 	 27.370	  BBias	     --	     --	  0.313	     --
[component_container-11] 	 27.370	  Sonar	     --	     --	    inf	     --
[component_container-11] 	 27.370	  Magnt	     --	     --	     --	 -1.306
[component_container-11] 
[component_container-11] 	 27.400	   Pose	 -0.798	  0.387	  4.961	 -1.264
[component_container-11] 	 27.400	  Twist	 -0.415	 -0.565	  0.064	 -0.275
[component_container-11] 	 27.400	ErrPose	  0.001	 -0.143	 -0.011	 -0.025
[component_container-11] 	 27.400	ErrTwis	  0.981	 -0.108	 -0.029	 -0.005
[component_container-11] 	 27.400	    GPS	 -0.788	  0.367	  4.941	     --
[component_container-11] 	 27.400	   Baro	     --	     --	  5.245	     --
[component_container-11] 	 27.400	  BBias	     --	     --	  0.313	     --
[component_container-11] 	 27.400	  Sonar	     --	     --	    inf	     --
[component_container-11] 	 27.400	  Magnt	     --	     --	     --	 -1.306
[component_container-11] 
[component_container-11] 	 27.440	   Pose	 -0.815	  0.364	  4.967	 -1.275
[component_container-11] 	 27.440	  Twist	 -0.411	 -0.558	  0.067	 -0.277
[component_container-11] 	 27.440	ErrPose	 -0.002	 -0.150	 -0.016	 -0.024
[component_container-11] 	 27.440	ErrTwis	  0.987	 -0.106	 -0.034	 -0.003
[component_container-11] 	 27.440	    GPS	 -0.788	  0.367	  4.941	     --
[component_container-11] 	 27.440	   Baro	     --	     --	  5.309	     --
[component_container-11] 	 27.440	  BBias	     --	     --	  0.313	     --
[component_container-11] 	 27.440	  Sonar	     --	     --	    inf	     --
[component_container-11] 	 27.440	  Magnt	     --	     --	     --	 -1.293
[component_container-11] 
[component_container-11] 	 27.470	   Pose	 -0.827	  0.347	  4.969	 -1.284
[component_container-11] 	 27.470	  Twist	 -0.409	 -0.553	  0.069	 -0.282
[component_container-11] 	 27.470	ErrPose	  0.001	 -0.148	 -0.018	 -0.021
[component_container-11] 	 27.470	ErrTwis	  0.990	 -0.107	 -0.036	  0.002
[component_container-11] 	 27.470	    GPS	 -0.788	  0.367	  4.941	     --
[component_container-11] 	 27.470	   Baro	     --	     --	  5.288	     --
[component_container-11] 	 27.470	  BBias	     --	     --	  0.313	     --
[component_container-11] 	 27.470	  Sonar	     --	     --	    inf	     --
[component_container-11] 	 27.470	  Magnt	     --	     --	     --	 -1.297
[component_container-11] 
[component_container-11] 	 27.500	   Pose	 -0.839	  0.331	  4.971	 -1.292
[component_container-11] 	 27.500	  Twist	 -0.406	 -0.549	  0.069	 -0.279
[component_container-11] 	 27.500	ErrPose	 -0.006	 -0.162	 -0.019	 -0.024
[component_container-11] 	 27.500	ErrTwis	  0.996	 -0.104	 -0.037	 -0.000
[component_container-11] 	 27.500	    GPS	 -0.788	  0.367	  4.941	     --
[component_container-11] 	 27.500	   Baro	     --	     --	  5.288	     --
[component_container-11] 	 27.500	  BBias	     --	     --	  0.313	     --
[component_container-11] 	 27.500	  Sonar	     --	     --	    inf	     --
[component_container-11] 	 27.500	  Magnt	     --	     --	     --	 -1.297
[component_container-11] 
[component_container-11] [INFO] [1775370749.689777925] [drone.estimator]: TMP LOG gps innov_xy=(0.070, -0.290) est_xy=(-0.839, 0.331) gps_xy=(-0.769, 0.041) corr_xy=(-0.769, 0.041) vel_xy=(-0.406, -0.549)
[component_container-11] [INFO] [1775370749.689906920] [drone.estimator]: TMP LOG gps vel pseudo raw=(0.038, -0.652) filt=(-0.033, -0.683) innov_v=(0.363, -0.093) apply=(1,1)
[component_container-11] 	 27.540	   Pose	 -0.778	  0.204	  4.968	 -1.303
[component_container-11] 	 27.540	  Twist	 -0.324	 -0.602	  0.063	 -0.266
[component_container-11] 	 27.540	ErrPose	 -0.086	 -0.064	 -0.016	 -0.024
[component_container-11] 	 27.540	ErrTwis	  0.923	 -0.042	 -0.031	 -0.014
[component_container-11] 	 27.540	    GPS	 -0.769	  0.041	  4.952	     --
[component_container-11] 	 27.540	   Baro	     --	     --	  5.250	     --
[component_container-11] 	 27.540	  BBias	     --	     --	  0.313	     --
[component_container-11] 	 27.540	  Sonar	     --	     --	    inf	     --
[component_container-11] 	 27.540	  Magnt	     --	     --	     --	 -1.315
[component_container-11] 
[component_container-11] 	 27.570	   Pose	 -0.787	  0.186	  4.974	 -1.312
[component_container-11] 	 27.570	  Twist	 -0.321	 -0.597	  0.068	 -0.252
[component_container-11] 	 27.570	ErrPose	 -0.086	 -0.061	 -0.021	 -0.021
[component_container-11] 	 27.570	ErrTwis	  0.925	 -0.043	 -0.037	 -0.028
[component_container-11] 	 27.570	    GPS	 -0.769	  0.041	  4.952	     --
[component_container-11] 	 27.570	   Baro	     --	     --	  5.336	     --
[component_container-11] 	 27.570	  BBias	     --	     --	  0.313	     --
[component_container-11] 	 27.570	  Sonar	     --	     --	    inf	     --
[component_container-11] 	 27.570	  Magnt	     --	     --	     --	 -1.338
[component_container-11] 
[component_container-11] 	 27.600	   Pose	 -0.797	  0.168	  4.977	 -1.319
[component_container-11] 	 27.600	  Twist	 -0.319	 -0.592	  0.069	 -0.259
[component_container-11] 	 27.600	ErrPose	 -0.095	 -0.073	 -0.023	 -0.025
[component_container-11] 	 27.600	ErrTwis	  0.932	 -0.039	 -0.038	 -0.020
[component_container-11] 	 27.600	    GPS	 -0.769	  0.041	  4.952	     --
[component_container-11] 	 27.600	   Baro	     --	     --	  5.336	     --
[component_container-11] 	 27.600	  BBias	     --	     --	  0.313	     --
[component_container-11] 	 27.600	  Sonar	     --	     --	    inf	     --
[component_container-11] 	 27.600	  Magnt	     --	     --	     --	 -1.338
[component_container-11] 
[component_container-11] 	 27.640	   Pose	 -0.810	  0.144	  4.970	 -1.331
[component_container-11] 	 27.640	  Twist	 -0.315	 -0.585	  0.061	 -0.262
[component_container-11] 	 27.640	ErrPose	 -0.100	 -0.080	 -0.015	 -0.024
[component_container-11] 	 27.640	ErrTwis	  0.937	 -0.037	 -0.031	 -0.018
[component_container-11] 	 27.640	    GPS	 -0.769	  0.041	  4.952	     --
[component_container-11] 	 27.640	   Baro	     --	     --	  5.172	     --
[component_container-11] 	 27.640	  BBias	     --	     --	  0.313	     --
[component_container-11] 	 27.640	  Sonar	     --	     --	    inf	     --
[component_container-11] 	 27.640	  Magnt	     --	     --	     --	 -1.373
[component_container-11] 
[component_container-11] 	 27.670	   Pose	 -0.819	  0.127	  4.974	 -1.340
[component_container-11] 	 27.670	  Twist	 -0.312	 -0.581	  0.065	 -0.262
[component_container-11] 	 27.670	ErrPose	 -0.100	 -0.077	 -0.019	 -0.021
[component_container-11] 	 27.670	ErrTwis	  0.939	 -0.037	 -0.034	 -0.017
[component_container-11] 	 27.670	    GPS	 -0.769	  0.041	  4.952	     --
[component_container-11] 	 27.670	   Baro	     --	     --	  5.314	     --
[component_container-11] 	 27.670	  BBias	     --	     --	  0.313	     --
[component_container-11] 	 27.670	  Sonar	     --	     --	    inf	     --
[component_container-11] 	 27.670	  Magnt	     --	     --	     --	 -1.372
[component_container-11] 
[component_container-11] 	 27.700	   Pose	 -0.828	  0.110	  4.976	 -1.348
[component_container-11] 	 27.700	  Twist	 -0.309	 -0.576	  0.066	 -0.277
[component_container-11] 	 27.700	ErrPose	 -0.109	 -0.090	 -0.020	 -0.024
[component_container-11] 	 27.700	ErrTwis	  0.944	 -0.033	 -0.034	 -0.002
[component_container-11] 	 27.700	    GPS	 -0.769	  0.041	  4.952	     --
[component_container-11] 	 27.700	   Baro	     --	     --	  5.314	     --
[component_container-11] 	 27.700	  BBias	     --	     --	  0.313	     --
[component_container-11] 	 27.700	  Sonar	     --	     --	    inf	     --
[component_container-11] 	 27.700	  Magnt	     --	     --	     --	 -1.372
[component_container-11] 
[component_container-11] 	 27.740	   Pose	 -0.841	  0.087	  4.986	 -1.360
[component_container-11] 	 27.740	  Twist	 -0.305	 -0.569	  0.075	 -0.281
[component_container-11] 	 27.740	ErrPose	 -0.116	 -0.097	 -0.030	 -0.023
[component_container-11] 	 27.740	ErrTwis	  0.949	 -0.032	 -0.043	  0.002
[component_container-11] 	 27.740	    GPS	 -0.769	  0.041	  4.952	     --
[component_container-11] 	 27.740	   Baro	     --	     --	  5.377	     --
[component_container-11] 	 27.740	  BBias	     --	     --	  0.313	     --
[component_container-11] 	 27.740	  Sonar	     --	     --	    inf	     --
[component_container-11] 	 27.740	  Magnt	     --	     --	     --	 -1.396
[component_container-11] 
[component_container-11] 	 27.770	   Pose	 -0.850	  0.070	  4.978	 -1.368
[component_container-11] 	 27.770	  Twist	 -0.302	 -0.563	  0.065	 -0.265
[component_container-11] 	 27.770	ErrPose	 -0.116	 -0.095	 -0.021	 -0.021
[component_container-11] 	 27.770	ErrTwis	  0.951	 -0.035	 -0.033	 -0.015
[component_container-11] 	 27.770	    GPS	 -0.769	  0.041	  4.952	     --
[component_container-11] 	 27.770	   Baro	     --	     --	  5.182	     --
[component_container-11] 	 27.770	  BBias	     --	     --	  0.313	     --
[component_container-11] 	 27.770	  Sonar	     --	     --	    inf	     --
[component_container-11] 	 27.770	  Magnt	     --	     --	     --	 -1.381
[component_container-11] 
[component_container-11] 	 27.800	   Pose	 -0.859	  0.053	  4.980	 -1.376
[component_container-11] 	 27.800	  Twist	 -0.300	 -0.558	  0.066	 -0.287
[component_container-11] 	 27.800	ErrPose	 -0.125	 -0.108	 -0.023	 -0.023
[component_container-11] 	 27.800	ErrTwis	  0.957	 -0.033	 -0.033	  0.007
[component_container-11] 	 27.800	    GPS	 -0.769	  0.041	  4.952	     --
[component_container-11] 	 27.800	   Baro	     --	     --	  5.182	     --
[component_container-11] 	 27.800	  BBias	     --	     --	  0.313	     --
[component_container-11] 	 27.800	  Sonar	     --	     --	    inf	     --
[component_container-11] 	 27.800	  Magnt	     --	     --	     --	 -1.381
[component_container-11] 
[component_container-11] 	 27.840	   Pose	 -0.871	  0.031	  4.976	 -1.388
[component_container-11] 	 27.840	  Twist	 -0.296	 -0.552	  0.059	 -0.267
[component_container-11] 	 27.840	ErrPose	 -0.132	 -0.117	 -0.017	 -0.023
[component_container-11] 	 27.840	ErrTwis	  0.962	 -0.033	 -0.026	 -0.013
[component_container-11] 	 27.840	    GPS	 -0.769	  0.041	  4.952	     --
[component_container-11] 	 27.840	   Baro	     --	     --	  5.211	     --
[component_container-11] 	 27.840	  BBias	     --	     --	  0.313	     --
[component_container-11] 	 27.840	  Sonar	     --	     --	    inf	     --
[component_container-11] 	 27.840	  Magnt	     --	     --	     --	 -1.406
[component_container-11] 
[component_container-11] 	 27.870	   Pose	 -0.879	  0.014	  4.976	 -1.397
[component_container-11] 	 27.870	  Twist	 -0.293	 -0.547	  0.059	 -0.275
[component_container-11] 	 27.870	ErrPose	 -0.132	 -0.115	 -0.018	 -0.020
[component_container-11] 	 27.870	ErrTwis	  0.963	 -0.035	 -0.027	 -0.004
[component_container-11] 	 27.870	    GPS	 -0.769	  0.041	  4.952	     --
[component_container-11] 	 27.870	   Baro	     --	     --	  5.277	     --
[component_container-11] 	 27.870	  BBias	     --	     --	  0.313	     --
[component_container-11] 	 27.870	  Sonar	     --	     --	    inf	     --
[component_container-11] 	 27.870	  Magnt	     --	     --	     --	 -1.449
[component_container-11] 
[component_container-11] 	 27.900	   Pose	 -0.888	 -0.002	  4.978	 -1.405
[component_container-11] 	 27.900	  Twist	 -0.291	 -0.542	  0.060	 -0.283
[component_container-11] 	 27.900	ErrPose	 -0.142	 -0.129	 -0.019	 -0.022
[component_container-11] 	 27.900	ErrTwis	  0.969	 -0.033	 -0.029	  0.003
[component_container-11] 	 27.900	    GPS	 -0.769	  0.041	  4.952	     --
[component_container-11] 	 27.900	   Baro	     --	     --	  5.277	     --
[component_container-11] 	 27.900	  BBias	     --	     --	  0.313	     --
[component_container-11] 	 27.900	  Sonar	     --	     --	    inf	     --
[component_container-11] 	 27.900	  Magnt	     --	     --	     --	 -1.449
[component_container-11] 
[component_container-11] 	 27.940	   Pose	 -0.900	 -0.024	  4.983	 -1.417
[component_container-11] 	 27.940	  Twist	 -0.287	 -0.535	  0.063	 -0.277
[component_container-11] 	 27.940	ErrPose	 -0.149	 -0.138	 -0.023	 -0.022
[component_container-11] 	 27.940	ErrTwis	  0.974	 -0.034	 -0.033	 -0.003
[component_container-11] 	 27.940	    GPS	 -0.769	  0.041	  4.952	     --
[component_container-11] 	 27.940	   Baro	     --	     --	  5.316	     --
[component_container-11] 	 27.940	  BBias	     --	     --	  0.313	     --
[component_container-11] 	 27.940	  Sonar	     --	     --	    inf	     --
[component_container-11] 	 27.940	  Magnt	     --	     --	     --	 -1.429
[component_container-11] 
[component_container-11] 	 27.970	   Pose	 -0.908	 -0.040	  4.988	 -1.425
[component_container-11] 	 27.970	  Twist	 -0.284	 -0.530	  0.067	 -0.252
[component_container-11] 	 27.970	ErrPose	 -0.150	 -0.138	 -0.028	 -0.020
[component_container-11] 	 27.970	ErrTwis	  0.975	 -0.036	 -0.037	 -0.028
[component_container-11] 	 27.970	    GPS	 -0.769	  0.041	  4.952	     --
[component_container-11] 	 27.970	   Baro	     --	     --	  5.330	     --
[component_container-11] 	 27.970	  BBias	     --	     --	  0.313	     --
[component_container-11] 	 27.970	  Sonar	     --	     --	    inf	     --
[component_container-11] 	 27.970	  Magnt	     --	     --	     --	 -1.449
[component_container-11] 
[component_container-11] 	 28.000	   Pose	 -0.917	 -0.055	  4.990	 -1.433
[component_container-11] 	 28.000	  Twist	 -0.282	 -0.525	  0.068	 -0.279
[component_container-11] 	 28.000	ErrPose	 -0.160	 -0.152	 -0.029	 -0.022
[component_container-11] 	 28.000	ErrTwis	  0.980	 -0.035	 -0.039	 -0.001
[component_container-11] 	 28.000	    GPS	 -0.769	  0.041	  4.952	     --
[component_container-11] 	 28.000	   Baro	     --	     --	  5.330	     --
[component_container-11] 	 28.000	  BBias	     --	     --	  0.313	     --
[component_container-11] 	 28.000	  Sonar	     --	     --	    inf	     --
[component_container-11] 	 28.000	  Magnt	     --	     --	     --	 -1.449
[component_container-11] 
[component_container-11] 	 28.040	   Pose	 -1.089	 -0.148	  5.000	 -1.444
[component_container-11] 	 28.040	  Twist	 -0.409	 -0.558	  0.076	 -0.259
[component_container-11] 	 28.040	ErrPose	 -0.006	 -0.091	 -0.039	 -0.023
[component_container-11] 	 28.040	ErrTwis	  1.115	  0.006	 -0.049	 -0.020
[component_container-11] 	 28.040	    GPS	 -1.205	 -0.260	  4.960	     --
[component_container-11] 	 28.040	   Baro	     --	     --	  5.457	     --
[component_container-11] 	 28.040	  BBias	     --	     --	  0.314	     --
[component_container-11] 	 28.040	  Sonar	     --	     --	    inf	     --
[component_container-11] 	 28.040	  Magnt	     --	     --	     --	 -1.432
[component_container-11] 
[component_container-11] [INFO] [1775370750.230655158] [drone.estimator]: TMP LOG err_xyz=(-0.006, -0.091, -0.039) | z_est=5.000 vz_est=0.076 bias=0.314 | gps_z=4.960 sonar=inf baro=5.457
[component_container-11] [INFO] [1775370750.246703842] [drone.estimator]: TMP LOG sonar rejected: meas=3.931 est_z=4.994 innov=-1.064
[component_container-11] 	 28.070	   Pose	 -1.101	 -0.165	  4.995	 -1.452
[component_container-11] 	 28.070	  Twist	 -0.405	 -0.553	  0.070	 -0.260
[component_container-11] 	 28.070	ErrPose	 -0.003	 -0.089	 -0.034	 -0.021
[component_container-11] 	 28.070	ErrTwis	  1.116	  0.005	 -0.043	 -0.020
[component_container-11] 	 28.070	    GPS	 -1.205	 -0.260	  4.960	     --
[component_container-11] 	 28.070	   Baro	     --	     --	  5.227	     --
[component_container-11] 	 28.070	  BBias	     --	     --	  0.314	     --
[component_container-11] 	 28.070	  Sonar	     --	     --	  3.931	     --
[component_container-11] 	 28.070	  Magnt	     --	     --	     --	 -1.441
[component_container-11] 
[component_container-11] [INFO] [1775370750.290911808] [drone.controller]: cmd_vel body=(0.868, -0.496, -0.001) yaw=-0.300 | odom_received=true | plan_points=23
[component_container-11] 	 28.100	   Pose	 -1.114	 -0.181	  4.997	 -1.460
[component_container-11] 	 28.100	  Twist	 -0.402	 -0.548	  0.070	 -0.271
[component_container-11] 	 28.100	ErrPose	 -0.010	 -0.104	 -0.036	 -0.024
[component_container-11] 	 28.100	ErrTwis	  1.120	  0.007	 -0.043	 -0.009
[component_container-11] 	 28.100	    GPS	 -1.205	 -0.260	  4.960	     --
[component_container-11] 	 28.100	   Baro	     --	     --	  5.227	     --
[component_container-11] 	 28.100	  BBias	     --	     --	  0.314	     --
[component_container-11] 	 28.100	  Sonar	     --	     --	  3.931	     --
[component_container-11] 	 28.100	  Magnt	     --	     --	     --	 -1.441
[component_container-11] 
[component_container-11] 	 28.140	   Pose	 -1.130	 -0.203	  4.998	 -1.471
[component_container-11] 	 28.140	  Twist	 -0.398	 -0.542	  0.069	 -0.264
[component_container-11] 	 28.140	ErrPose	 -0.013	 -0.113	 -0.036	 -0.024
[component_container-11] 	 28.140	ErrTwis	  1.124	  0.009	 -0.044	 -0.016
[component_container-11] 	 28.140	    GPS	 -1.205	 -0.260	  4.960	     --
[component_container-11] 	 28.140	   Baro	     --	     --	  5.289	     --
[component_container-11] 	 28.140	  BBias	     --	     --	  0.314	     --
[component_container-11] 	 28.140	  Sonar	     --	     --	  3.972	     --
[component_container-11] 	 28.140	  Magnt	     --	     --	     --	 -1.503
[component_container-11] 
[component_container-11] 	 28.170	   Pose	 -1.141	 -0.219	  4.995	 -1.480
[component_container-11] 	 28.170	  Twist	 -0.396	 -0.537	  0.065	 -0.271
[component_container-11] 	 28.170	ErrPose	 -0.010	 -0.112	 -0.033	 -0.021
[component_container-11] 	 28.170	ErrTwis	  1.125	  0.008	 -0.040	 -0.009
[component_container-11] 	 28.170	    GPS	 -1.205	 -0.260	  4.960	     --
[component_container-11] 	 28.170	   Baro	     --	     --	  5.253	     --
[component_container-11] 	 28.170	  BBias	     --	     --	  0.313	     --
[component_container-11] 	 28.170	  Sonar	     --	     --	  3.929	     --
[component_container-11] 	 28.170	  Magnt	     --	     --	     --	 -1.486
[component_container-11] 
[component_container-11] 	 28.200	   Pose	 -1.153	 -0.235	  4.997	 -1.488
[component_container-11] 	 28.200	  Twist	 -0.392	 -0.532	  0.065	 -0.261
[component_container-11] 	 28.200	ErrPose	 -0.017	 -0.127	 -0.035	 -0.024
[component_container-11] 	 28.200	ErrTwis	  1.130	  0.011	 -0.044	 -0.019
[component_container-11] 	 28.200	    GPS	 -1.205	 -0.260	  4.960	     --
[component_container-11] 	 28.200	   Baro	     --	     --	  5.253	     --
[component_container-11] 	 28.200	  BBias	     --	     --	  0.313	     --
[component_container-11] 	 28.200	  Sonar	     --	     --	  3.929	     --
[component_container-11] 	 28.200	  Magnt	     --	     --	     --	 -1.486
[component_container-11] 
[component_container-11] 	 28.240	   Pose	 -1.169	 -0.256	  4.990	 -1.499
[component_container-11] 	 28.240	  Twist	 -0.389	 -0.526	  0.057	 -0.259
[component_container-11] 	 28.240	ErrPose	 -0.020	 -0.137	 -0.028	 -0.024
[component_container-11] 	 28.240	ErrTwis	  1.133	  0.014	 -0.037	 -0.020
[component_container-11] 	 28.240	    GPS	 -1.205	 -0.260	  4.960	     --
[component_container-11] 	 28.240	   Baro	     --	     --	  5.195	     --
[component_container-11] 	 28.240	  BBias	     --	     --	  0.313	     --
[component_container-11] 	 28.240	  Sonar	     --	     --	  3.941	     --
[component_container-11] 	 28.240	  Magnt	     --	     --	     --	 -1.512
[component_container-11] 
[component_container-11] 	 28.270	   Pose	 -1.180	 -0.272	  4.984	 -1.507
[component_container-11] 	 28.270	  Twist	 -0.385	 -0.521	  0.049	 -0.278
[component_container-11] 	 28.270	ErrPose	 -0.018	 -0.137	 -0.021	 -0.021
[component_container-11] 	 28.270	ErrTwis	  1.133	  0.015	 -0.030	 -0.002
[component_container-11] 	 28.270	    GPS	 -1.205	 -0.260	  4.960	     --
[component_container-11] 	 28.270	   Baro	     --	     --	  5.215	     --
[component_container-11] 	 28.270	  BBias	     --	     --	  0.313	     --
[component_container-11] 	 28.270	  Sonar	     --	     --	    inf	     --
[component_container-11] 	 28.270	  Magnt	     --	     --	     --	 -1.534
[component_container-11] 
[component_container-11] 	 28.300	   Pose	 -1.192	 -0.288	  4.986	 -1.515
[component_container-11] 	 28.300	  Twist	 -0.382	 -0.517	  0.051	 -0.274
[component_container-11] 	 28.300	ErrPose	 -0.024	 -0.152	 -0.023	 -0.024
[component_container-11] 	 28.300	ErrTwis	  1.137	  0.021	 -0.033	 -0.005
[component_container-11] 	 28.300	    GPS	 -1.205	 -0.260	  4.960	     --
[component_container-11] 	 28.300	   Baro	     --	     --	  5.215	     --
[component_container-11] 	 28.300	  BBias	     --	     --	  0.313	     --
[component_container-11] 	 28.300	  Sonar	     --	     --	    inf	     --
[component_container-11] 	 28.300	  Magnt	     --	     --	     --	 -1.534
[component_container-11] 
[component_container-11] 	 28.340	   Pose	 -1.207	 -0.308	  4.974	 -1.526
[component_container-11] 	 28.340	  Twist	 -0.378	 -0.510	  0.038	 -0.275
[component_container-11] 	 28.340	ErrPose	 -0.028	 -0.163	 -0.011	 -0.025
[component_container-11] 	 28.340	ErrTwis	  1.141	  0.027	 -0.022	 -0.004
[component_container-11] 	 28.340	    GPS	 -1.205	 -0.260	  4.960	     --
[component_container-11] 	 28.340	   Baro	     --	     --	  5.143	     --
[component_container-11] 	 28.340	  BBias	     --	     --	  0.313	     --
[component_container-11] 	 28.340	  Sonar	     --	     --	    inf	     --
[component_container-11] 	 28.340	  Magnt	     --	     --	     --	 -1.519
[component_container-11] 
[component_container-11] 	 28.370	   Pose	 -1.219	 -0.323	  4.959	 -1.536
[component_container-11] 	 28.370	  Twist	 -0.376	 -0.505	  0.023	 -0.267
[component_container-11] 	 28.370	ErrPose	 -0.025	 -0.163	  0.005	 -0.021
[component_container-11] 	 28.370	ErrTwis	  1.141	  0.028	 -0.006	 -0.013
[component_container-11] 	 28.370	    GPS	 -1.205	 -0.260	  4.960	     --
[component_container-11] 	 28.370	   Baro	     --	     --	  5.101	     --
[component_container-11] 	 28.370	  BBias	     --	     --	  0.313	     --
[component_container-11] 	 28.370	  Sonar	     --	     --	    inf	     --
[component_container-11] 	 28.370	  Magnt	     --	     --	     --	 -1.586
[component_container-11] 
[component_container-11] 	 28.400	   Pose	 -1.230	 -0.338	  4.959	 -1.544
[component_container-11] 	 28.400	  Twist	 -0.373	 -0.500	  0.025	 -0.259
[component_container-11] 	 28.400	ErrPose	 -0.032	 -0.179	  0.004	 -0.024
[component_container-11] 	 28.400	ErrTwis	  1.145	  0.034	 -0.007	 -0.021
[component_container-11] 	 28.400	    GPS	 -1.205	 -0.260	  4.960	     --
[component_container-11] 	 28.400	   Baro	     --	     --	  5.101	     --
[component_container-11] 	 28.400	  BBias	     --	     --	  0.313	     --
[component_container-11] 	 28.400	  Sonar	     --	     --	    inf	     --
[component_container-11] 	 28.400	  Magnt	     --	     --	     --	 -1.586
[component_container-11] 
[component_container-11] 	 28.440	   Pose	 -1.245	 -0.358	  4.965	 -1.555
[component_container-11] 	 28.440	  Twist	 -0.369	 -0.492	  0.032	 -0.283
[component_container-11] 	 28.440	ErrPose	 -0.035	 -0.191	 -0.001	 -0.024
[component_container-11] 	 28.440	ErrTwis	  1.148	  0.039	 -0.013	  0.003
[component_container-11] 	 28.440	    GPS	 -1.205	 -0.260	  4.960	     --
[component_container-11] 	 28.440	   Baro	     --	     --	  5.318	     --
[component_container-11] 	 28.440	  BBias	     --	     --	  0.313	     --
[component_container-11] 	 28.440	  Sonar	     --	     --	    inf	     --
[component_container-11] 	 28.440	  Magnt	     --	     --	     --	 -1.559
[component_container-11] 
[component_container-11] 	 28.470	   Pose	 -1.256	 -0.373	  4.968	 -1.563
[component_container-11] 	 28.470	  Twist	 -0.366	 -0.487	  0.036	 -0.261
[component_container-11] 	 28.470	ErrPose	 -0.033	 -0.192	 -0.004	 -0.021
[component_container-11] 	 28.470	ErrTwis	  1.148	  0.040	 -0.018	 -0.019
[component_container-11] 	 28.470	    GPS	 -1.205	 -0.260	  4.960	     --
[component_container-11] 	 28.470	   Baro	     --	     --	  5.303	     --
[component_container-11] 	 28.470	  BBias	     --	     --	  0.313	     --
[component_container-11] 	 28.470	  Sonar	     --	     --	    inf	     --
[component_container-11] 	 28.470	  Magnt	     --	     --	     --	 -1.558
[component_container-11] 
[component_container-11] 	 28.500	   Pose	 -1.267	 -0.388	  4.969	 -1.571
[component_container-11] 	 28.500	  Twist	 -0.363	 -0.482	  0.039	 -0.249
[component_container-11] 	 28.500	ErrPose	 -0.040	 -0.208	 -0.004	 -0.025
[component_container-11] 	 28.500	ErrTwis	  1.151	  0.047	 -0.019	 -0.030
[component_container-11] 	 28.500	    GPS	 -1.205	 -0.260	  4.960	     --
[component_container-11] 	 28.500	   Baro	     --	     --	  5.303	     --
[component_container-11] 	 28.500	  BBias	     --	     --	  0.313	     --
[component_container-11] 	 28.500	  Sonar	     --	     --	    inf	     --
[component_container-11] 	 28.500	  Magnt	     --	     --	     --	 -1.558
[component_container-11] 
[component_container-11] [INFO] [1775370750.696629087] [drone.estimator]: TMP LOG gps innov_xy=(0.050, -0.306) est_xy=(-1.270, -0.392) gps_xy=(-1.221, -0.699) corr_xy=(-1.221, -0.699) vel_xy=(-0.363, -0.481)
[component_container-11] [INFO] [1775370750.696749515] [drone.estimator]: TMP LOG gps vel pseudo raw=(-0.032, -0.878) filt=(-0.107, -0.851) innov_v=(0.248, -0.326) apply=(1,1)
[component_container-11] 	 28.540	   Pose	 -1.227	 -0.553	  4.972	 -1.582
[component_container-11] 	 28.540	  Twist	 -0.305	 -0.583	  0.043	 -0.263
[component_container-11] 	 28.540	ErrPose	 -0.096	 -0.074	 -0.007	 -0.025
[component_container-11] 	 28.540	ErrTwis	  1.098	  0.160	 -0.021	 -0.017
[component_container-11] 	 28.540	    GPS	 -1.221	 -0.699	  4.965	     --
[component_container-11] 	 28.540	   Baro	     --	     --	  5.308	     --
[component_container-11] 	 28.540	  BBias	     --	     --	  0.313	     --
[component_container-11] 	 28.540	  Sonar	     --	     --	    inf	     --
[component_container-11] 	 28.540	  Magnt	     --	     --	     --	 -1.584
[component_container-11] 
[component_container-11] 	 28.570	   Pose	 -1.237	 -0.571	  4.977	 -1.591
[component_container-11] 	 28.570	  Twist	 -0.302	 -0.578	  0.048	 -0.269
[component_container-11] 	 28.570	ErrPose	 -0.096	 -0.072	 -0.011	 -0.022
[component_container-11] 	 28.570	ErrTwis	  1.099	  0.161	 -0.026	 -0.011
[component_container-11] 	 28.570	    GPS	 -1.221	 -0.699	  4.965	     --
[component_container-11] 	 28.570	   Baro	     --	     --	  5.331	     --
[component_container-11] 	 28.570	  BBias	     --	     --	  0.313	     --
[component_container-11] 	 28.570	  Sonar	     --	     --	    inf	     --
[component_container-11] 	 28.570	  Magnt	     --	     --	     --	 -1.619
[component_container-11] 
[component_container-11] 	 28.600	   Pose	 -1.246	 -0.588	  4.978	 -1.599
[component_container-11] 	 28.600	  Twist	 -0.299	 -0.574	  0.050	 -0.270
[component_container-11] 	 28.600	ErrPose	 -0.104	 -0.087	 -0.012	 -0.025
[component_container-11] 	 28.600	ErrTwis	  1.101	  0.169	 -0.027	 -0.010
[component_container-11] 	 28.600	    GPS	 -1.221	 -0.699	  4.965	     --
[component_container-11] 	 28.600	   Baro	     --	     --	  5.331	     --
[component_container-11] 	 28.600	  BBias	     --	     --	  0.313	     --
[component_container-11] 	 28.600	  Sonar	     --	     --	    inf	     --
[component_container-11] 	 28.600	  Magnt	     --	     --	     --	 -1.619
[component_container-11] 
[component_container-11] 	 28.640	   Pose	 -1.257	 -0.611	  4.980	 -1.609
[component_container-11] 	 28.640	  Twist	 -0.296	 -0.567	  0.051	 -0.262
[component_container-11] 	 28.640	ErrPose	 -0.110	 -0.095	 -0.013	 -0.025
[component_container-11] 	 28.640	ErrTwis	  1.103	  0.174	 -0.028	 -0.018
[component_container-11] 	 28.640	    GPS	 -1.221	 -0.699	  4.965	     --
[component_container-11] 	 28.640	   Baro	     --	     --	  5.284	     --
[component_container-11] 	 28.640	  BBias	     --	     --	  0.313	     --
[component_container-11] 	 28.640	  Sonar	     --	     --	    inf	     --
[component_container-11] 	 28.640	  Magnt	     --	     --	     --	 -1.609
[component_container-11] 
[component_container-11] 	 28.670	   Pose	 -1.266	 -0.628	  4.979	 -1.618
[component_container-11] 	 28.670	  Twist	 -0.293	 -0.563	  0.050	 -0.263
[component_container-11] 	 28.670	ErrPose	 -0.110	 -0.094	 -0.012	 -0.022
[component_container-11] 	 28.670	ErrTwis	  1.103	  0.176	 -0.026	 -0.017
[component_container-11] 	 28.670	    GPS	 -1.221	 -0.699	  4.965	     --
[component_container-11] 	 28.670	   Baro	     --	     --	  5.263	     --
[component_container-11] 	 28.670	  BBias	     --	     --	  0.313	     --
[component_container-11] 	 28.670	  Sonar	     --	     --	    inf	     --
[component_container-11] 	 28.670	  Magnt	     --	     --	     --	 -1.645
[component_container-11] 
[component_container-11] 	 28.700	   Pose	 -1.275	 -0.644	  4.980	 -1.627
[component_container-11] 	 28.700	  Twist	 -0.290	 -0.558	  0.051	 -0.278
[component_container-11] 	 28.700	ErrPose	 -0.118	 -0.109	 -0.013	 -0.025
[component_container-11] 	 28.700	ErrTwis	  1.105	  0.183	 -0.025	 -0.001
[component_container-11] 	 28.700	    GPS	 -1.221	 -0.699	  4.965	     --
[component_container-11] 	 28.700	   Baro	     --	     --	  5.263	     --
[component_container-11] 	 28.700	  BBias	     --	     --	  0.313	     --
[component_container-11] 	 28.700	  Sonar	     --	     --	    inf	     --
[component_container-11] 	 28.700	  Magnt	     --	     --	     --	 -1.645
[component_container-11] 
[component_container-11] 	 28.740	   Pose	 -1.287	 -0.667	  4.980	 -1.638
[component_container-11] 	 28.740	  Twist	 -0.285	 -0.552	  0.050	 -0.260
[component_container-11] 	 28.740	ErrPose	 -0.124	 -0.118	 -0.012	 -0.025
[component_container-11] 	 28.740	ErrTwis	  1.106	  0.187	 -0.023	 -0.020
[component_container-11] 	 28.740	    GPS	 -1.221	 -0.699	  4.965	     --
[component_container-11] 	 28.740	   Baro	     --	     --	  5.264	     --
[component_container-11] 	 28.740	  BBias	     --	     --	  0.313	     --
[component_container-11] 	 28.740	  Sonar	     --	     --	    inf	     --
[component_container-11] 	 28.740	  Magnt	     --	     --	     --	 -1.635
[component_container-11] 
[component_container-11] 	 28.770	   Pose	 -1.295	 -0.683	  4.970	 -1.645
[component_container-11] 	 28.770	  Twist	 -0.281	 -0.547	  0.039	 -0.265
[component_container-11] 	 28.770	ErrPose	 -0.124	 -0.118	 -0.002	 -0.023
[component_container-11] 	 28.770	ErrTwis	  1.104	  0.187	 -0.012	 -0.014
[component_container-11] 	 28.770	    GPS	 -1.221	 -0.699	  4.965	     --
[component_container-11] 	 28.770	   Baro	     --	     --	  5.159	     --
[component_container-11] 	 28.770	  BBias	     --	     --	  0.313	     --
[component_container-11] 	 28.770	  Sonar	     --	     --	    inf	     --
[component_container-11] 	 28.770	  Magnt	     --	     --	     --	 -1.627
[component_container-11] 
[component_container-11] 	 28.800	   Pose	 -1.303	 -0.700	  4.971	 -1.653
[component_container-11] 	 28.800	  Twist	 -0.278	 -0.542	  0.040	 -0.269
[component_container-11] 	 28.800	ErrPose	 -0.132	 -0.133	 -0.002	 -0.026
[component_container-11] 	 28.800	ErrTwis	  1.105	  0.191	 -0.013	 -0.011
[component_container-11] 	 28.800	    GPS	 -1.221	 -0.699	  4.965	     --
[component_container-11] 	 28.800	   Baro	     --	     --	  5.159	     --
[component_container-11] 	 28.800	  BBias	     --	     --	  0.313	     --
[component_container-11] 	 28.800	  Sonar	     --	     --	    inf	     --
[component_container-11] 	 28.800	  Magnt	     --	     --	     --	 -1.627
[component_container-11] 
[component_container-11] 	 28.840	   Pose	 -1.314	 -0.721	  4.973	 -1.664
[component_container-11] 	 28.840	  Twist	 -0.274	 -0.536	  0.042	 -0.266
[component_container-11] 	 28.840	ErrPose	 -0.139	 -0.143	 -0.004	 -0.026
[component_container-11] 	 28.840	ErrTwis	  1.106	  0.193	 -0.013	 -0.014
[component_container-11] 	 28.840	    GPS	 -1.221	 -0.699	  4.965	     --
[component_container-11] 	 28.840	   Baro	     --	     --	  5.290	     --
[component_container-11] 	 28.840	  BBias	     --	     --	  0.313	     --
[component_container-11] 	 28.840	  Sonar	     --	     --	    inf	     --
[component_container-11] 	 28.840	  Magnt	     --	     --	     --	 -1.664
[component_container-11] 
[component_container-11] 	 28.870	   Pose	 -1.323	 -0.737	  4.973	 -1.673
[component_container-11] 	 28.870	  Twist	 -0.270	 -0.531	  0.042	 -0.255
[component_container-11] 	 28.870	ErrPose	 -0.139	 -0.143	 -0.003	 -0.024
[component_container-11] 	 28.870	ErrTwis	  1.105	  0.192	 -0.013	 -0.025
[component_container-11] 	 28.870	    GPS	 -1.221	 -0.699	  4.965	     --
[component_container-11] 	 28.870	   Baro	     --	     --	  5.266	     --
[component_container-11] 	 28.870	  BBias	     --	     --	  0.313	     --
[component_container-11] 	 28.870	  Sonar	     --	     --	    inf	     --
[component_container-11] 	 28.870	  Magnt	     --	     --	     --	 -1.704
[component_container-11] 
[component_container-11] 	 28.900	   Pose	 -1.331	 -0.753	  4.974	 -1.681
[component_container-11] 	 28.900	  Twist	 -0.268	 -0.526	  0.043	 -0.276
[component_container-11] 	 28.900	ErrPose	 -0.149	 -0.159	 -0.004	 -0.027
[component_container-11] 	 28.900	ErrTwis	  1.107	  0.195	 -0.015	 -0.003
[component_container-11] 	 28.900	    GPS	 -1.221	 -0.699	  4.965	     --
[component_container-11] 	 28.900	   Baro	     --	     --	  5.266	     --
[component_container-11] 	 28.900	  BBias	     --	     --	  0.313	     --
[component_container-11] 	 28.900	  Sonar	     --	     --	    inf	     --
[component_container-11] 	 28.900	  Magnt	     --	     --	     --	 -1.704
[component_container-11] 
[component_container-11] 	 28.940	   Pose	 -1.341	 -0.774	  4.989	 -1.692
[component_container-11] 	 28.940	  Twist	 -0.264	 -0.520	  0.059	 -0.279
[component_container-11] 	 28.940	ErrPose	 -0.155	 -0.169	 -0.018	 -0.026
[component_container-11] 	 28.940	ErrTwis	  1.107	  0.196	 -0.031	 -0.001
[component_container-11] 	 28.940	    GPS	 -1.221	 -0.699	  4.965	     --
[component_container-11] 	 28.940	   Baro	     --	     --	  5.435	     --
[component_container-11] 	 28.940	  BBias	     --	     --	  0.313	     --
[component_container-11] 	 28.940	  Sonar	     --	     --	    inf	     --
[component_container-11] 	 28.940	  Magnt	     --	     --	     --	 -1.713
[component_container-11] 
[component_container-11] 	 28.970	   Pose	 -1.349	 -0.789	  4.993	 -1.702
[component_container-11] 	 28.970	  Twist	 -0.261	 -0.515	  0.062	 -0.267
[component_container-11] 	 28.970	ErrPose	 -0.156	 -0.170	 -0.022	 -0.023
[component_container-11] 	 28.970	ErrTwis	  1.106	  0.195	 -0.033	 -0.013
[component_container-11] 	 28.970	    GPS	 -1.221	 -0.699	  4.965	     --
[component_container-11] 	 28.970	   Baro	     --	     --	  5.327	     --
[component_container-11] 	 28.970	  BBias	     --	     --	  0.313	     --
[component_container-11] 	 28.970	  Sonar	     --	     --	    inf	     --
[component_container-11] 	 28.970	  Magnt	     --	     --	     --	 -1.750
[component_container-11] 
[component_container-11] 	 29.000	   Pose	 -1.357	 -0.805	  4.995	 -1.710
[component_container-11] 	 29.000	  Twist	 -0.258	 -0.510	  0.063	 -0.279
[component_container-11] 	 29.000	ErrPose	 -0.166	 -0.186	 -0.023	 -0.026
[component_container-11] 	 29.000	ErrTwis	  1.107	  0.198	 -0.034	 -0.001
[component_container-11] 	 29.000	    GPS	 -1.221	 -0.699	  4.965	     --
[component_container-11] 	 29.000	   Baro	     --	     --	  5.327	     --
[component_container-11] 	 29.000	  BBias	     --	     --	  0.313	     --
[component_container-11] 	 29.000	  Sonar	     --	     --	    inf	     --
[component_container-11] 	 29.000	  Magnt	     --	     --	     --	 -1.750
[component_container-11] 
[component_container-11] 	 29.040	   Pose	 -1.453	 -0.859	  4.992	 -1.721
[component_container-11] 	 29.040	  Twist	 -0.323	 -0.515	  0.058	 -0.266
[component_container-11] 	 29.040	ErrPose	 -0.088	 -0.164	 -0.020	 -0.026
[component_container-11] 	 29.040	ErrTwis	  1.176	  0.211	 -0.030	 -0.014
[component_container-11] 	 29.040	    GPS	 -1.507	 -0.928	  4.972	     --
[component_container-11] 	 29.040	   Baro	     --	     --	  5.293	     --
[component_container-11] 	 29.040	  BBias	     --	     --	  0.313	     --
[component_container-11] 	 29.040	  Sonar	     --	     --	    inf	     --
[component_container-11] 	 29.040	  Magnt	     --	     --	     --	 -1.727
[component_container-11] 
[component_container-11] [INFO] [1775370751.232498245] [drone.estimator]: TMP LOG err_xyz=(-0.088, -0.164, -0.020) | z_est=4.992 vz_est=0.058 bias=0.313 | gps_z=4.972 sonar=inf baro=5.293
[component_container-11] 	 29.070	   Pose	 -1.462	 -0.874	  4.992	 -1.730
[component_container-11] 	 29.070	  Twist	 -0.319	 -0.511	  0.056	 -0.270
[component_container-11] 	 29.070	ErrPose	 -0.087	 -0.164	 -0.020	 -0.023
[component_container-11] 	 29.070	ErrTwis	  1.174	  0.210	 -0.029	 -0.009
[component_container-11] 	 29.070	    GPS	 -1.507	 -0.928	  4.972	     --
[component_container-11] 	 29.070	   Baro	     --	     --	  5.281	     --
[component_container-11] 	 29.070	  BBias	     --	     --	  0.313	     --
[component_container-11] 	 29.070	  Sonar	     --	     --	    inf	     --
[component_container-11] 	 29.070	  Magnt	     --	     --	     --	 -1.758
[component_container-11] 
[component_container-11] 	 29.100	   Pose	 -1.472	 -0.890	  4.994	 -1.738
[component_container-11] 	 29.100	  Twist	 -0.316	 -0.506	  0.056	 -0.271
[component_container-11] 	 29.100	ErrPose	 -0.095	 -0.180	 -0.021	 -0.026
[component_container-11] 	 29.100	ErrTwis	  1.175	  0.213	 -0.029	 -0.009
[component_container-11] 	 29.100	    GPS	 -1.507	 -0.928	  4.972	     --
[component_container-11] 	 29.100	   Baro	     --	     --	  5.281	     --
[component_container-11] 	 29.100	  BBias	     --	     --	  0.313	     --
[component_container-11] 	 29.100	  Sonar	     --	     --	    inf	     --
[component_container-11] 	 29.100	  Magnt	     --	     --	     --	 -1.758
[component_container-11] 
[component_container-11] [INFO] [1775370751.292483521] [drone.controller]: cmd_vel body=(0.964, -0.267, 0.006) yaw=-0.300 | odom_received=true | plan_points=14
[component_container-11] 	 29.140	   Pose	 -1.484	 -0.910	  5.002	 -1.749
[component_container-11] 	 29.140	  Twist	 -0.312	 -0.500	  0.063	 -0.268
[component_container-11] 	 29.140	ErrPose	 -0.101	 -0.192	 -0.029	 -0.025
[component_container-11] 	 29.140	ErrTwis	  1.174	  0.215	 -0.036	 -0.012
[component_container-11] 	 29.140	    GPS	 -1.507	 -0.928	  4.972	     --
[component_container-11] 	 29.140	   Baro	     --	     --	  5.380	     --
[component_container-11] 	 29.140	  BBias	     --	     --	  0.313	     --
[component_container-11] 	 29.140	  Sonar	     --	     --	    inf	     --
[component_container-11] 	 29.140	  Magnt	     --	     --	     --	 -1.783
[component_container-11] 
[component_container-11] 	 29.170	   Pose	 -1.494	 -0.925	  4.998	 -1.759
[component_container-11] 	 29.170	  Twist	 -0.308	 -0.495	  0.058	 -0.279
[component_container-11] 	 29.170	ErrPose	 -0.100	 -0.193	 -0.024	 -0.021
[component_container-11] 	 29.170	ErrTwis	  1.173	  0.214	 -0.032	 -0.001
[component_container-11] 	 29.170	    GPS	 -1.507	 -0.928	  4.972	     --
[component_container-11] 	 29.170	   Baro	     --	     --	  5.242	     --
[component_container-11] 	 29.170	  BBias	     --	     --	  0.313	     --
[component_container-11] 	 29.170	  Sonar	     --	     --	    inf	     --
[component_container-11] 	 29.170	  Magnt	     --	     --	     --	 -1.818
[component_container-11] 
[component_container-11] 	 29.200	   Pose	 -1.503	 -0.939	  5.000	 -1.767
[component_container-11] 	 29.200	  Twist	 -0.305	 -0.490	  0.058	 -0.274
[component_container-11] 	 29.200	ErrPose	 -0.109	 -0.210	 -0.026	 -0.024
[component_container-11] 	 29.200	ErrTwis	  1.173	  0.218	 -0.034	 -0.007
[component_container-11] 	 29.200	    GPS	 -1.507	 -0.928	  4.972	     --
[component_container-11] 	 29.200	   Baro	     --	     --	  5.242	     --
[component_container-11] 	 29.200	  BBias	     --	     --	  0.313	     --
[component_container-11] 	 29.200	  Sonar	     --	     --	    inf	     --
[component_container-11] 	 29.200	  Magnt	     --	     --	     --	 -1.818
[component_container-11] 
[component_container-11] 	 29.240	   Pose	 -1.515	 -0.959	  5.006	 -1.779
[component_container-11] 	 29.240	  Twist	 -0.301	 -0.484	  0.063	 -0.275
[component_container-11] 	 29.240	ErrPose	 -0.115	 -0.222	 -0.031	 -0.024
[component_container-11] 	 29.240	ErrTwis	  1.171	  0.221	 -0.040	 -0.005
[component_container-11] 	 29.240	    GPS	 -1.507	 -0.928	  4.972	     --
[component_container-11] 	 29.240	   Baro	     --	     --	  5.359	     --
[component_container-11] 	 29.240	  BBias	     --	     --	  0.313	     --
[component_container-11] 	 29.240	  Sonar	     --	     --	    inf	     --
[component_container-11] 	 29.240	  Magnt	     --	     --	     --	 -1.812
[component_container-11] 
[component_container-11] 	 29.270	   Pose	 -1.524	 -0.973	  4.998	 -1.787
[component_container-11] 	 29.270	  Twist	 -0.298	 -0.479	  0.053	 -0.266
[component_container-11] 	 29.270	ErrPose	 -0.115	 -0.224	 -0.024	 -0.021
[component_container-11] 	 29.270	ErrTwis	  1.169	  0.221	 -0.031	 -0.014
[component_container-11] 	 29.270	    GPS	 -1.507	 -0.928	  4.972	     --
[component_container-11] 	 29.270	   Baro	     --	     --	  5.210	     --
[component_container-11] 	 29.270	  BBias	     --	     --	  0.313	     --
[component_container-11] 	 29.270	  Sonar	     --	     --	    inf	     --
[component_container-11] 	 29.270	  Magnt	     --	     --	     --	 -1.794
[component_container-11] 
[component_container-11] 	 29.300	   Pose	 -1.533	 -0.988	  5.000	 -1.795
[component_container-11] 	 29.300	  Twist	 -0.295	 -0.475	  0.054	 -0.291
[component_container-11] 	 29.300	ErrPose	 -0.124	 -0.241	 -0.025	 -0.024
[component_container-11] 	 29.300	ErrTwis	  1.170	  0.227	 -0.033	  0.011
[component_container-11] 	 29.300	    GPS	 -1.507	 -0.928	  4.972	     --
[component_container-11] 	 29.300	   Baro	     --	     --	  5.210	     --
[component_container-11] 	 29.300	  BBias	     --	     --	  0.313	     --
[component_container-11] 	 29.300	  Sonar	     --	     --	    inf	     --
[component_container-11] 	 29.300	  Magnt	     --	     --	     --	 -1.794
[component_container-11] 
[component_container-11] 	 29.340	   Pose	 -1.544	 -1.007	  4.998	 -1.806
[component_container-11] 	 29.340	  Twist	 -0.290	 -0.469	  0.051	 -0.275
[component_container-11] 	 29.340	ErrPose	 -0.130	 -0.254	 -0.022	 -0.024
[component_container-11] 	 29.340	ErrTwis	  1.168	  0.232	 -0.032	 -0.005
[component_container-11] 	 29.340	    GPS	 -1.507	 -0.928	  4.972	     --
[component_container-11] 	 29.340	   Baro	     --	     --	  5.262	     --
[component_container-11] 	 29.340	  BBias	     --	     --	  0.313	     --
[component_container-11] 	 29.340	  Sonar	     --	     --	    inf	     --
[component_container-11] 	 29.340	  Magnt	     --	     --	     --	 -1.805
[component_container-11] 
[component_container-11] 	 29.370	   Pose	 -1.553	 -1.021	  4.995	 -1.815
[component_container-11] 	 29.370	  Twist	 -0.286	 -0.464	  0.046	 -0.274
[component_container-11] 	 29.370	ErrPose	 -0.130	 -0.256	 -0.019	 -0.021
[component_container-11] 	 29.370	ErrTwis	  1.165	  0.233	 -0.028	 -0.006
[component_container-11] 	 29.370	    GPS	 -1.507	 -0.928	  4.972	     --
[component_container-11] 	 29.370	   Baro	     --	     --	  5.260	     --
[component_container-11] 	 29.370	  BBias	     --	     --	  0.313	     --
[component_container-11] 	 29.370	  Sonar	     --	     --	    inf	     --
[component_container-11] 	 29.370	  Magnt	     --	     --	     --	 -1.842
[component_container-11] 
[component_container-11] 	 29.400	   Pose	 -1.562	 -1.034	  4.996	 -1.823
[component_container-11] 	 29.400	  Twist	 -0.283	 -0.459	  0.047	 -0.272
[component_container-11] 	 29.400	ErrPose	 -0.139	 -0.273	 -0.020	 -0.024
[component_container-11] 	 29.400	ErrTwis	  1.163	  0.240	 -0.029	 -0.008
[component_container-11] 	 29.400	    GPS	 -1.507	 -0.928	  4.972	     --
[component_container-11] 	 29.400	   Baro	     --	     --	  5.260	     --
[component_container-11] 	 29.400	  BBias	     --	     --	  0.313	     --
[component_container-11] 	 29.400	  Sonar	     --	     --	    inf	     --
[component_container-11] 	 29.400	  Magnt	     --	     --	     --	 -1.842
[component_container-11] 
[component_container-11] 	 29.440	   Pose	 -1.573	 -1.053	  4.990	 -1.834
[component_container-11] 	 29.440	  Twist	 -0.278	 -0.454	  0.041	 -0.273
[component_container-11] 	 29.440	ErrPose	 -0.145	 -0.287	 -0.014	 -0.024
[component_container-11] 	 29.440	ErrTwis	  1.161	  0.247	 -0.023	 -0.007
[component_container-11] 	 29.440	    GPS	 -1.507	 -0.928	  4.972	     --
[component_container-11] 	 29.440	   Baro	     --	     --	  5.217	     --
[component_container-11] 	 29.440	  BBias	     --	     --	  0.313	     --
[component_container-11] 	 29.440	  Sonar	     --	     --	    inf	     --
[component_container-11] 	 29.440	  Magnt	     --	     --	     --	 -1.829
[component_container-11] 
[component_container-11] 	 29.470	   Pose	 -1.581	 -1.066	  4.975	 -1.843
[component_container-11] 	 29.470	  Twist	 -0.275	 -0.450	  0.026	 -0.275
[component_container-11] 	 29.470	ErrPose	 -0.146	 -0.289	  0.001	 -0.021
[component_container-11] 	 29.470	ErrTwis	  1.159	  0.249	 -0.009	 -0.005
[component_container-11] 	 29.470	    GPS	 -1.507	 -0.928	  4.972	     --
[component_container-11] 	 29.470	   Baro	     --	     --	  5.132	     --
[component_container-11] 	 29.470	  BBias	     --	     --	  0.313	     --
[component_container-11] 	 29.470	  Sonar	     --	     --	    inf	     --
[component_container-11] 	 29.470	  Magnt	     --	     --	     --	 -1.888
[component_container-11] 
[component_container-11] 	 29.500	   Pose	 -1.589	 -1.080	  4.976	 -1.851
[component_container-11] 	 29.500	  Twist	 -0.272	 -0.445	  0.027	 -0.262
[component_container-11] 	 29.500	ErrPose	 -0.155	 -0.308	  0.000	 -0.024
[component_container-11] 	 29.500	ErrTwis	  1.157	  0.257	 -0.011	 -0.018
[component_container-11] 	 29.500	    GPS	 -1.507	 -0.928	  4.972	     --
[component_container-11] 	 29.500	   Baro	     --	     --	  5.132	     --
[component_container-11] 	 29.500	  BBias	     --	     --	  0.313	     --
[component_container-11] 	 29.500	  Sonar	     --	     --	    inf	     --
[component_container-11] 	 29.500	  Magnt	     --	     --	     --	 -1.888
[component_container-11] 
[component_container-11] [INFO] [1775370751.696332468] [drone.estimator]: TMP LOG gps innov_xy=(-0.106, -0.657) est_xy=(-1.592, -1.084) gps_xy=(-1.698, -1.741) corr_xy=(-1.698, -1.741) vel_xy=(-0.270, -0.443)
[component_container-11] [INFO] [1775370751.696762072] [drone.estimator]: TMP LOG gps vel pseudo raw=(-0.381, -1.627) filt=(-0.395, -1.514) innov_v=(-0.110, -0.975) apply=(1,1)
[component_container-11] 	 29.540	   Pose	 -1.650	 -1.454	  4.978	 -1.863
[component_container-11] 	 29.540	  Twist	 -0.304	 -0.722	  0.029	 -0.278
[component_container-11] 	 29.540	ErrPose	 -0.111	  0.035	 -0.001	 -0.024
[component_container-11] 	 29.540	ErrTwis	  1.190	  0.546	 -0.012	 -0.002
[component_container-11] 	 29.540	    GPS	 -1.698	 -1.741	  4.977	     --
[component_container-11] 	 29.540	   Baro	     --	     --	  5.291	     --
[component_container-11] 	 29.540	  BBias	     --	     --	  0.313	     --
[component_container-11] 	 29.540	  Sonar	     --	     --	    inf	     --
[component_container-11] 	 29.540	  Magnt	     --	     --	     --	 -1.879
[component_container-11] 
[component_container-11] 	 29.570	   Pose	 -1.659	 -1.476	  4.982	 -1.872
[component_container-11] 	 29.570	  Twist	 -0.301	 -0.718	  0.034	 -0.262
[component_container-11] 	 29.570	ErrPose	 -0.110	  0.041	 -0.005	 -0.020
[component_container-11] 	 29.570	ErrTwis	  1.188	  0.549	 -0.017	 -0.018
[component_container-11] 	 29.570	    GPS	 -1.698	 -1.741	  4.977	     --
[component_container-11] 	 29.570	   Baro	     --	     --	  5.334	     --
[component_container-11] 	 29.570	  BBias	     --	     --	  0.313	     --
[component_container-11] 	 29.570	  Sonar	     --	     --	    inf	     --
[component_container-11] 	 29.570	  Magnt	     --	     --	     --	 -1.935
[component_container-11] 
[component_container-11] 	 29.600	   Pose	 -1.668	 -1.497	  4.983	 -1.880
[component_container-11] 	 29.600	  Twist	 -0.297	 -0.714	  0.037	 -0.268
[component_container-11] 	 29.600	ErrPose	 -0.119	  0.030	 -0.005	 -0.023
[component_container-11] 	 29.600	ErrTwis	  1.186	  0.557	 -0.019	 -0.012
[component_container-11] 	 29.600	    GPS	 -1.698	 -1.741	  4.977	     --
[component_container-11] 	 29.600	   Baro	     --	     --	  5.334	     --
[component_container-11] 	 29.600	  BBias	     --	     --	  0.313	     --
[component_container-11] 	 29.600	  Sonar	     --	     --	    inf	     --
[component_container-11] 	 29.600	  Magnt	     --	     --	     --	 -1.935
[component_container-11] 
[component_container-11] 	 29.640	   Pose	 -1.680	 -1.526	  4.978	 -1.892
[component_container-11] 	 29.640	  Twist	 -0.293	 -0.708	  0.034	 -0.287
[component_container-11] 	 29.640	ErrPose	 -0.124	  0.027	 -0.000	 -0.022
[component_container-11] 	 29.640	ErrTwis	  1.182	  0.564	 -0.016	  0.007
[component_container-11] 	 29.640	    GPS	 -1.698	 -1.741	  4.977	     --
[component_container-11] 	 29.640	   Baro	     --	     --	  5.221	     --
[component_container-11] 	 29.640	  BBias	     --	     --	  0.313	     --
[component_container-11] 	 29.640	  Sonar	     --	     --	    inf	     --
[component_container-11] 	 29.640	  Magnt	     --	     --	     --	 -1.951
[component_container-11] 
[component_container-11] 	 29.670	   Pose	 -1.689	 -1.547	  4.981	 -1.901
[component_container-11] 	 29.670	  Twist	 -0.289	 -0.705	  0.037	 -0.270
[component_container-11] 	 29.670	ErrPose	 -0.123	  0.032	 -0.003	 -0.019
[component_container-11] 	 29.670	ErrTwis	  1.179	  0.567	 -0.019	 -0.010
[component_container-11] 	 29.670	    GPS	 -1.698	 -1.741	  4.977	     --
[component_container-11] 	 29.670	   Baro	     --	     --	  5.314	     --
[component_container-11] 	 29.670	  BBias	     --	     --	  0.313	     --
[component_container-11] 	 29.670	  Sonar	     --	     --	    inf	     --
[component_container-11] 	 29.670	  Magnt	     --	     --	     --	 -1.925
[component_container-11] 
[component_container-11] 	 29.700	   Pose	 -1.697	 -1.568	  4.982	 -1.909
[component_container-11] 	 29.700	  Twist	 -0.285	 -0.701	  0.038	 -0.268
[component_container-11] 	 29.700	ErrPose	 -0.132	  0.022	 -0.004	 -0.022
[component_container-11] 	 29.700	ErrTwis	  1.175	  0.575	 -0.020	 -0.011
[component_container-11] 	 29.700	    GPS	 -1.698	 -1.741	  4.977	     --
[component_container-11] 	 29.700	   Baro	     --	     --	  5.314	     --
[component_container-11] 	 29.700	  BBias	     --	     --	  0.313	     --
[component_container-11] 	 29.700	  Sonar	     --	     --	    inf	     --
[component_container-11] 	 29.700	  Magnt	     --	     --	     --	 -1.925
[component_container-11] 
[component_container-11] 	 29.740	   Pose	 -1.709	 -1.596	  4.969	 -1.920
[component_container-11] 	 29.740	  Twist	 -0.281	 -0.696	  0.025	 -0.254
[component_container-11] 	 29.740	ErrPose	 -0.137	  0.018	  0.011	 -0.023
[component_container-11] 	 29.740	ErrTwis	  1.170	  0.582	 -0.008	 -0.026
[component_container-11] 	 29.740	    GPS	 -1.698	 -1.741	  4.977	     --
[component_container-11] 	 29.740	   Baro	     --	     --	  5.116	     --
[component_container-11] 	 29.740	  BBias	     --	     --	  0.313	     --
[component_container-11] 	 29.740	  Sonar	     --	     --	    inf	     --
[component_container-11] 	 29.740	  Magnt	     --	     --	     --	 -1.906
[component_container-11] 
[component_container-11] 	 29.770	   Pose	 -1.717	 -1.617	  4.975	 -1.928
[component_container-11] 	 29.770	  Twist	 -0.277	 -0.691	  0.032	 -0.267
[component_container-11] 	 29.770	ErrPose	 -0.137	  0.023	  0.004	 -0.020
[component_container-11] 	 29.770	ErrTwis	  1.165	  0.583	 -0.016	 -0.013
[component_container-11] 	 29.770	    GPS	 -1.698	 -1.741	  4.977	     --
[component_container-11] 	 29.770	   Baro	     --	     --	  5.348	     --
[component_container-11] 	 29.770	  BBias	     --	     --	  0.313	     --
[component_container-11] 	 29.770	  Sonar	     --	     --	    inf	     --
[component_container-11] 	 29.770	  Magnt	     --	     --	     --	 -1.939
[component_container-11] 
[component_container-11] 	 29.800	   Pose	 -1.725	 -1.637	  4.976	 -1.936
[component_container-11] 	 29.800	  Twist	 -0.274	 -0.687	  0.034	 -0.249
[component_container-11] 	 29.800	ErrPose	 -0.145	  0.012	  0.004	 -0.023
[component_container-11] 	 29.800	ErrTwis	  1.160	  0.588	 -0.019	 -0.031
[component_container-11] 	 29.800	    GPS	 -1.698	 -1.741	  4.977	     --
[component_container-11] 	 29.800	   Baro	     --	     --	  5.348	     --
[component_container-11] 	 29.800	  BBias	     --	     --	  0.313	     --
[component_container-11] 	 29.800	  Sonar	     --	     --	    inf	     --
[component_container-11] 	 29.800	  Magnt	     --	     --	     --	 -1.939
[component_container-11] 
[component_container-11] 	 29.840	   Pose	 -1.736	 -1.665	  4.969	 -1.947
[component_container-11] 	 29.840	  Twist	 -0.270	 -0.681	  0.029	 -0.268
[component_container-11] 	 29.840	ErrPose	 -0.151	  0.009	  0.012	 -0.023
[component_container-11] 	 29.840	ErrTwis	  1.152	  0.592	 -0.014	 -0.011
[component_container-11] 	 29.840	    GPS	 -1.698	 -1.741	  4.977	     --
[component_container-11] 	 29.840	   Baro	     --	     --	  5.193	     --
[component_container-11] 	 29.840	  BBias	     --	     --	  0.313	     --
[component_container-11] 	 29.840	  Sonar	     --	     --	    inf	     --
[component_container-11] 	 29.840	  Magnt	     --	     --	     --	 -1.954
[component_container-11] 
[component_container-11] 	 29.870	   Pose	 -1.744	 -1.685	  4.970	 -1.956
[component_container-11] 	 29.870	  Twist	 -0.267	 -0.678	  0.031	 -0.274
[component_container-11] 	 29.870	ErrPose	 -0.151	  0.013	  0.011	 -0.020
[component_container-11] 	 29.870	ErrTwis	  1.147	  0.592	 -0.016	 -0.006
[component_container-11] 	 29.870	    GPS	 -1.698	 -1.741	  4.977	     --
[component_container-11] 	 29.870	   Baro	     --	     --	  5.284	     --
[component_container-11] 	 29.870	  BBias	     --	     --	  0.313	     --
[component_container-11] 	 29.870	  Sonar	     --	     --	    inf	     --
[component_container-11] 	 29.870	  Magnt	     --	     --	     --	 -1.970
[component_container-11] 
[component_container-11] 	 29.900	   Pose	 -1.752	 -1.705	  4.971	 -1.964
[component_container-11] 	 29.900	  Twist	 -0.263	 -0.674	  0.033	 -0.275
[component_container-11] 	 29.900	ErrPose	 -0.160	  0.003	  0.011	 -0.023
[component_container-11] 	 29.900	ErrTwis	  1.140	  0.597	 -0.018	 -0.005
[component_container-11] 	 29.900	    GPS	 -1.698	 -1.741	  4.977	     --
[component_container-11] 	 29.900	   Baro	     --	     --	  5.284	     --
[component_container-11] 	 29.900	  BBias	     --	     --	  0.313	     --
[component_container-11] 	 29.900	  Sonar	     --	     --	    inf	     --
[component_container-11] 	 29.900	  Magnt	     --	     --	     --	 -1.970
[component_container-11] 
[component_container-11] 	 29.940	   Pose	 -1.763	 -1.732	  4.970	 -1.976
[component_container-11] 	 29.940	  Twist	 -0.258	 -0.668	  0.033	 -0.276
[component_container-11] 	 29.940	ErrPose	 -0.166	 -0.001	  0.012	 -0.023
[component_container-11] 	 29.940	ErrTwis	  1.130	  0.598	 -0.020	 -0.004
[component_container-11] 	 29.940	    GPS	 -1.698	 -1.741	  4.977	     --
[component_container-11] 	 29.940	   Baro	     --	     --	  5.257	     --
[component_container-11] 	 29.940	  BBias	     --	     --	  0.313	     --
[component_container-11] 	 29.940	  Sonar	     --	     --	    inf	     --
[component_container-11] 	 29.940	  Magnt	     --	     --	     --	 -2.003
[component_container-11] 
[component_container-11] 	 29.970	   Pose	 -1.770	 -1.752	  4.976	 -1.984
[component_container-11] 	 29.970	  Twist	 -0.256	 -0.665	  0.041	 -0.266
[component_container-11] 	 29.970	ErrPose	 -0.167	  0.004	  0.007	 -0.020
[component_container-11] 	 29.970	ErrTwis	  1.124	  0.598	 -0.027	 -0.014
[component_container-11] 	 29.970	    GPS	 -1.698	 -1.741	  4.977	     --
[component_container-11] 	 29.970	   Baro	     --	     --	  5.338	     --
[component_container-11] 	 29.970	  BBias	     --	     --	  0.313	     --
[component_container-11] 	 29.970	  Sonar	     --	     --	    inf	     --
[component_container-11] 	 29.970	  Magnt	     --	     --	     --	 -2.006
[component_container-11] 
[component_container-11] 	 30.000	   Pose	 -1.778	 -1.772	  4.977	 -1.992
[component_container-11] 	 30.000	  Twist	 -0.253	 -0.661	  0.043	 -0.274
[component_container-11] 	 30.000	ErrPose	 -0.176	 -0.006	  0.006	 -0.023
[component_container-11] 	 30.000	ErrTwis	  1.115	  0.601	 -0.029	 -0.006
[component_container-11] 	 30.000	    GPS	 -1.698	 -1.741	  4.977	     --
[component_container-11] 	 30.000	   Baro	     --	     --	  5.338	     --
[component_container-11] 	 30.000	  BBias	     --	     --	  0.313	     --
[component_container-11] 	 30.000	  Sonar	     --	     --	    inf	     --
[component_container-11] 	 30.000	  Magnt	     --	     --	     --	 -2.006
[component_container-11] 
[component_container-11] 	 30.040	   Pose	 -1.817	 -1.878	  4.977	 -2.003
[component_container-11] 	 30.040	  Twist	 -0.267	 -0.690	  0.044	 -0.272
[component_container-11] 	 30.040	ErrPose	 -0.153	  0.070	  0.007	 -0.023
[component_container-11] 	 30.040	ErrTwis	  1.122	  0.636	 -0.030	 -0.007
[component_container-11] 	 30.040	    GPS	 -1.848	 -2.037	  4.984	     --
[component_container-11] 	 30.040	   Baro	     --	     --	  5.255	     --
[component_container-11] 	 30.040	  BBias	     --	     --	  0.313	     --
[component_container-11] 	 30.040	  Sonar	     --	     --	    inf	     --
[component_container-11] 	 30.040	  Magnt	     --	     --	     --	 -1.999
[component_container-11] 
[component_container-11] [INFO] [1775370752.233299262] [drone.estimator]: TMP LOG err_xyz=(-0.153, 0.070, 0.007) | z_est=4.977 vz_est=0.044 bias=0.313 | gps_z=4.984 sonar=inf baro=5.255
[component_container-11] 	 30.070	   Pose	 -1.825	 -1.899	  4.968	 -2.012
[component_container-11] 	 30.070	  Twist	 -0.264	 -0.686	  0.035	 -0.258
[component_container-11] 	 30.070	ErrPose	 -0.154	  0.076	  0.016	 -0.020
[component_container-11] 	 30.070	ErrTwis	  1.115	  0.634	 -0.022	 -0.021
[component_container-11] 	 30.070	    GPS	 -1.848	 -2.037	  4.984	     --
[component_container-11] 	 30.070	   Baro	     --	     --	  5.160	     --
[component_container-11] 	 30.070	  BBias	     --	     --	  0.313	     --
[component_container-11] 	 30.070	  Sonar	     --	     --	    inf	     --
[component_container-11] 	 30.070	  Magnt	     --	     --	     --	 -2.038
[component_container-11] 
[component_container-11] [INFO] [1775370752.293890406] [drone.behavior]: Behavior transition INITIAL -> TURTLE_POSITION | turtle_stop=false | waypoint=(-2.00, -2.00, 5.00)
[component_container-11] [INFO] [1775370752.293967824] [drone.behavior]: Behavior target TURTLE_POSITION | new_waypoint=(2.39, 0.84, 5.00)
[component_container-11] [INFO] [1775370752.294208140] [drone.controller]: cmd_vel body=(0.166, -0.115, 0.032) yaw=-0.300 | odom_received=true | plan_points=4
[component_container-11] 	 30.100	   Pose	 -1.833	 -1.919	  4.969	 -2.020
[component_container-11] 	 30.100	  Twist	 -0.262	 -0.682	  0.037	 -0.254
[component_container-11] 	 30.100	ErrPose	 -0.162	  0.067	  0.016	 -0.023
[component_container-11] 	 30.100	ErrTwis	  1.104	  0.636	 -0.025	 -0.025
[component_container-11] 	 30.100	    GPS	 -1.848	 -2.037	  4.984	     --
[component_container-11] 	 30.100	   Baro	     --	     --	  5.160	     --
[component_container-11] 	 30.100	  BBias	     --	     --	  0.313	     --
[component_container-11] 	 30.100	  Sonar	     --	     --	    inf	     --
[component_container-11] 	 30.100	  Magnt	     --	     --	     --	 -2.038
[component_container-11] 
[component_container-11] 	 30.140	   Pose	 -1.843	 -1.946	  4.966	 -2.032
[component_container-11] 	 30.140	  Twist	 -0.257	 -0.677	  0.036	 -0.264
[component_container-11] 	 30.140	ErrPose	 -0.169	  0.066	  0.020	 -0.023
[component_container-11] 	 30.140	ErrTwis	  1.089	  0.636	 -0.023	 -0.015
[component_container-11] 	 30.140	    GPS	 -1.848	 -2.037	  4.984	     --
[component_container-11] 	 30.140	   Baro	     --	     --	  5.226	     --
[component_container-11] 	 30.140	  BBias	     --	     --	  0.313	     --
[component_container-11] 	 30.140	  Sonar	     --	     --	    inf	     --
[component_container-11] 	 30.140	  Magnt	     --	     --	     --	 -2.068
[component_container-11] 
[component_container-11] 	 30.170	   Pose	 -1.851	 -1.966	  4.969	 -2.040
[component_container-11] 	 30.170	  Twist	 -0.253	 -0.674	  0.039	 -0.274
[component_container-11] 	 30.170	ErrPose	 -0.169	  0.072	  0.019	 -0.020
[component_container-11] 	 30.170	ErrTwis	  1.081	  0.635	 -0.028	 -0.005
[component_container-11] 	 30.170	    GPS	 -1.848	 -2.037	  4.984	     --
[component_container-11] 	 30.170	   Baro	     --	     --	  5.295	     --
[component_container-11] 	 30.170	  BBias	     --	     --	  0.313	     --
[component_container-11] 	 30.170	  Sonar	     --	     --	    inf	     --
[component_container-11] 	 30.170	  Magnt	     --	     --	     --	 -2.030
[component_container-11] 
[component_container-11] 	 30.200	   Pose	 -1.858	 -1.987	  4.970	 -2.048
[component_container-11] 	 30.200	  Twist	 -0.249	 -0.670	  0.043	 -0.270
[component_container-11] 	 30.200	ErrPose	 -0.178	  0.065	  0.018	 -0.023
[component_container-11] 	 30.200	ErrTwis	  1.066	  0.635	 -0.033	 -0.009
[component_container-11] 	 30.200	    GPS	 -1.848	 -2.037	  4.984	     --
[component_container-11] 	 30.200	   Baro	     --	     --	  5.295	     --
[component_container-11] 	 30.200	  BBias	     --	     --	  0.313	     --
[component_container-11] 	 30.200	  Sonar	     --	     --	    inf	     --
[component_container-11] 	 30.200	  Magnt	     --	     --	     --	 -2.030
[component_container-11] 
[component_container-11] 	 30.240	   Pose	 -1.868	 -2.013	  4.980	 -2.059
[component_container-11] 	 30.240	  Twist	 -0.247	 -0.666	  0.054	 -0.273
[component_container-11] 	 30.240	ErrPose	 -0.185	  0.064	  0.010	 -0.024
[component_container-11] 	 30.240	ErrTwis	  1.051	  0.635	 -0.045	 -0.004
[component_container-11] 	 30.240	    GPS	 -1.848	 -2.037	  4.984	     --
[component_container-11] 	 30.240	   Baro	     --	     --	  5.380	     --
[component_container-11] 	 30.240	  BBias	     --	     --	  0.313	     --
[component_container-11] 	 30.240	  Sonar	     --	     --	    inf	     --
[component_container-11] 	 30.240	  Magnt	     --	     --	     --	 -2.059
[component_container-11] 
[component_container-11] 	 30.270	   Pose	 -1.876	 -2.033	  4.977	 -2.068
[component_container-11] 	 30.270	  Twist	 -0.244	 -0.662	  0.052	 -0.263
[component_container-11] 	 30.270	ErrPose	 -0.186	  0.071	  0.013	 -0.020
[component_container-11] 	 30.270	ErrTwis	  1.042	  0.633	 -0.044	 -0.013
[component_container-11] 	 30.270	    GPS	 -1.848	 -2.037	  4.984	     --
[component_container-11] 	 30.270	   Baro	     --	     --	  5.240	     --
[component_container-11] 	 30.270	  BBias	     --	     --	  0.313	     --
[component_container-11] 	 30.270	  Sonar	     --	     --	    inf	     --
[component_container-11] 	 30.270	  Magnt	     --	     --	     --	 -2.129
[component_container-11] 
[component_container-11] 	 30.300	   Pose	 -1.883	 -2.053	  4.979	 -2.076
[component_container-11] 	 30.300	  Twist	 -0.242	 -0.659	  0.054	 -0.259
[component_container-11] 	 30.300	ErrPose	 -0.194	  0.064	  0.013	 -0.023
[component_container-11] 	 30.300	ErrTwis	  1.024	  0.635	 -0.051	 33.273
[component_container-11] 	 30.300	    GPS	 -1.848	 -2.037	  4.984	     --
[component_container-11] 	 30.300	   Baro	     --	     --	  5.240	     --
[component_container-11] 	 30.300	  BBias	     --	     --	  0.313	     --
[component_container-11] 	 30.300	  Sonar	     --	     --	    inf	     --
[component_container-11] 	 30.300	  Magnt	     --	     --	     --	 -2.129
[component_container-11] 
[component_container-11] 	 30.340	   Pose	 -1.893	 -2.079	  4.979	 -2.086
[component_container-11] 	 30.340	  Twist	 -0.239	 -0.654	  0.054	 -0.255
[component_container-11] 	 30.340	ErrPose	 -0.200	  0.065	  0.013	 -0.024
[component_container-11] 	 30.340	ErrTwis	  1.003	  0.640	 -0.056	 33.272
[component_container-11] 	 30.340	    GPS	 -1.848	 -2.037	  4.984	     --
[component_container-11] 	 30.340	   Baro	     --	     --	  5.272	     --
[component_container-11] 	 30.340	  BBias	     --	     --	  0.313	     --
[component_container-11] 	 30.340	  Sonar	     --	     --	    inf	     --
[component_container-11] 	 30.340	  Magnt	     --	     --	     --	 -2.073
[component_container-11] 
[component_container-11] 	 30.370	   Pose	 -1.900	 -2.099	  4.990	 -2.094
[component_container-11] 	 30.370	  Twist	 -0.237	 -0.650	  0.066	 -0.267
[component_container-11] 	 30.370	ErrPose	 -0.200	  0.072	  0.003	 -0.021
[component_container-11] 	 30.370	ErrTwis	  0.991	  0.643	 -0.069	 33.285
[component_container-11] 	 30.370	    GPS	 -1.848	 -2.037	  4.984	     --
[component_container-11] 	 30.370	   Baro	     --	     --	  5.393	     --
[component_container-11] 	 30.370	  BBias	     --	     --	  0.313	     --
[component_container-11] 	 30.370	  Sonar	     --	     --	    inf	     --
[component_container-11] 	 30.370	  Magnt	     --	     --	     --	 -2.106
[component_container-11] 
[component_container-11] 	 30.400	   Pose	 -1.907	 -2.118	  4.992	 -2.102
[component_container-11] 	 30.400	  Twist	 -0.235	 -0.648	  0.067	 -0.252
[component_container-11] 	 30.400	ErrPose	 -0.207	  0.066	  0.003	 -0.023
[component_container-11] 	 30.400	ErrTwis	  0.966	  0.658	 -0.072	 -0.016
[component_container-11] 	 30.400	    GPS	 -1.848	 -2.037	  4.984	     --
[component_container-11] 	 30.400	   Baro	     --	     --	  5.393	     --
[component_container-11] 	 30.400	  BBias	     --	     --	  0.313	     --
[component_container-11] 	 30.400	  Sonar	     --	     --	    inf	     --
[component_container-11] 	 30.400	  Magnt	     --	     --	     --	 -2.106
[component_container-11] 
[component_container-11] 	 30.440	   Pose	 -1.916	 -2.144	  4.987	 -2.112
[component_container-11] 	 30.440	  Twist	 -0.232	 -0.644	  0.062	 -0.235
[component_container-11] 	 30.440	ErrPose	 -0.211	  0.068	  0.008	 -0.023
[component_container-11] 	 30.440	ErrTwis	  0.939	  0.676	 -0.070	 -0.032
[component_container-11] 	 30.440	    GPS	 -1.848	 -2.037	  4.984	     --
[component_container-11] 	 30.440	   Baro	     --	     --	  5.224	     --
[component_container-11] 	 30.440	  BBias	     --	     --	  0.313	     --
[component_container-11] 	 30.440	  Sonar	     --	     --	    inf	     --
[component_container-11] 	 30.440	  Magnt	     --	     --	     --	 -2.142
[component_container-11] 
[component_container-11] 	 30.470	   Pose	 -1.923	 -2.163	  4.985	 -2.121
[component_container-11] 	 30.470	  Twist	 -0.230	 -0.641	  0.059	 -0.263
[component_container-11] 	 30.470	ErrPose	 -0.210	  0.075	  0.011	 -0.020
[component_container-11] 	 30.470	ErrTwis	  0.923	  0.685	 -0.069	 -0.003
[component_container-11] 	 30.470	    GPS	 -1.848	 -2.037	  4.984	     --
[component_container-11] 	 30.470	   Baro	     --	     --	  5.255	     --
[component_container-11] 	 30.470	  BBias	     --	     --	  0.313	     --
[component_container-11] 	 30.470	  Sonar	     --	     --	    inf	     --
[component_container-11] 	 30.470	  Magnt	     --	     --	     --	 -2.155
[component_container-11] 
[component_container-11] 	 30.500	   Pose	 -1.930	 -2.183	  4.987	 -2.128
[component_container-11] 	 30.500	  Twist	 -0.227	 -0.638	  0.061	 -0.251
[component_container-11] 	 30.500	ErrPose	 -0.214	  0.071	  0.011	 -0.023
[component_container-11] 	 30.500	ErrTwis	  0.891	  0.706	 -0.072	 -0.017
[component_container-11] 	 30.500	    GPS	 -1.848	 -2.037	  4.984	     --
[component_container-11] 	 30.500	   Baro	     --	     --	  5.255	     --
[component_container-11] 	 30.500	  BBias	     --	     --	  0.313	     --
[component_container-11] 	 30.500	  Sonar	     --	     --	    inf	     --
[component_container-11] 	 30.500	  Magnt	     --	     --	     --	 -2.155
[component_container-11] 
[component_container-11] [INFO] [1775370752.702105791] [drone.estimator]: TMP LOG gps innov_xy=(-0.261, 0.324) est_xy=(-1.932, -2.189) gps_xy=(-2.193, -1.865) corr_xy=(-2.193, -1.865) vel_xy=(-0.226, -0.638)
[component_container-11] [INFO] [1775370752.702385889] [drone.estimator]: TMP LOG gps vel pseudo raw=(-0.689, 0.344) filt=(-0.651, 0.241) innov_v=(-0.387, 0.831) apply=(1,1)
[component_container-11] 	 30.540	   Pose	 -2.080	 -1.979	  4.998	 -2.139
[component_container-11] 	 30.540	  Twist	 -0.335	 -0.429	  0.073	 -0.253
[component_container-11] 	 30.540	ErrPose	 -0.074	 -0.155	 -0.000	 -0.022
[component_container-11] 	 30.540	ErrTwis	  0.968	  0.521	 -0.085	 -0.015
[component_container-11] 	 30.540	    GPS	 -2.193	 -1.865	  4.997	     --
[component_container-11] 	 30.540	   Baro	     --	     --	  5.398	     --
[component_container-11] 	 30.540	  BBias	     --	     --	  0.313	     --
[component_container-11] 	 30.540	  Sonar	     --	     --	    inf	     --
[component_container-11] 	 30.540	  Magnt	     --	     --	     --	 -2.165
[component_container-11] 
[component_container-11] 	 30.570	   Pose	 -2.090	 -1.992	  4.991	 -2.148
[component_container-11] 	 30.570	  Twist	 -0.332	 -0.427	  0.066	 -0.265
[component_container-11] 	 30.570	ErrPose	 -0.068	 -0.153	  0.008	 -0.018
[component_container-11] 	 30.570	ErrTwis	  0.949	  0.532	 -0.078	 -0.004
[component_container-11] 	 30.570	    GPS	 -2.193	 -1.865	  4.997	     --
[component_container-11] 	 30.570	   Baro	     --	     --	  5.188	     --
[component_container-11] 	 30.570	  BBias	     --	     --	  0.313	     --
[component_container-11] 	 30.570	  Sonar	     --	     --	    inf	     --
[component_container-11] 	 30.570	  Magnt	     --	     --	     --	 -2.194
[component_container-11] 
[component_container-11] 	 30.600	   Pose	 -2.100	 -2.005	  4.993	 -2.156
[component_container-11] 	 30.600	  Twist	 -0.330	 -0.424	  0.068	 -0.264
[component_container-11] 	 30.600	ErrPose	 -0.066	 -0.162	  0.007	 -0.021
[component_container-11] 	 30.600	ErrTwis	  0.912	  0.553	 -0.080	 -0.006
[component_container-11] 	 30.600	    GPS	 -2.193	 -1.865	  4.997	     --
[component_container-11] 	 30.600	   Baro	     --	     --	  5.188	     --
[component_container-11] 	 30.600	  BBias	     --	     --	  0.313	     --
[component_container-11] 	 30.600	  Sonar	     --	     --	    inf	     --
[component_container-11] 	 30.600	  Magnt	     --	     --	     --	 -2.194
[component_container-11] 
[component_container-11] 	 30.640	   Pose	 -2.113	 -2.022	  5.009	 -2.168
[component_container-11] 	 30.640	  Twist	 -0.327	 -0.421	  0.083	 -0.276
[component_container-11] 	 30.640	ErrPose	 -0.059	 -0.166	 -0.008	 -0.020
[component_container-11] 	 30.640	ErrTwis	  0.872	  0.573	 -0.096	  0.005
[component_container-11] 	 30.640	    GPS	 -2.193	 -1.865	  4.997	     --
[component_container-11] 	 30.640	   Baro	     --	     --	  5.464	     --
[component_container-11] 	 30.640	  BBias	     --	     --	  0.313	     --
[component_container-11] 	 30.640	  Sonar	     --	     --	    inf	     --
[component_container-11] 	 30.640	  Magnt	     --	     --	     --	 -2.216
[component_container-11] 
[component_container-11] 	 30.670	   Pose	 -2.123	 -2.034	  5.001	 -2.177
[component_container-11] 	 30.670	  Twist	 -0.325	 -0.419	  0.074	 -0.266
[component_container-11] 	 30.670	ErrPose	 -0.052	 -0.164	  0.000	 -0.016
[component_container-11] 	 30.670	ErrTwis	  0.851	  0.582	 -0.086	 -0.005
[component_container-11] 	 30.670	    GPS	 -2.193	 -1.865	  4.997	     --
[component_container-11] 	 30.670	   Baro	     --	     --	  5.202	     --
[component_container-11] 	 30.670	  BBias	     --	     --	  0.313	     --
[component_container-11] 	 30.670	  Sonar	     --	     --	    inf	     --
[component_container-11] 	 30.670	  Magnt	     --	     --	     --	 -2.230
[component_container-11] 
[component_container-11] 	 30.700	   Pose	 -2.133	 -2.047	  5.004	 -2.185
[component_container-11] 	 30.700	  Twist	 -0.324	 -0.416	  0.075	 -0.247
[component_container-11] 	 30.700	ErrPose	 -0.047	 -0.171	 -0.001	 -0.019
[component_container-11] 	 30.700	ErrTwis	  0.811	  0.601	 -0.086	 -0.025
[component_container-11] 	 30.700	    GPS	 -2.193	 -1.865	  4.997	     --
[component_container-11] 	 30.700	   Baro	     --	     --	  5.202	     --
[component_container-11] 	 30.700	  BBias	     --	     --	  0.313	     --
[component_container-11] 	 30.700	  Sonar	     --	     --	    inf	     --
[component_container-11] 	 30.700	  Magnt	     --	     --	     --	 -2.230
[component_container-11] 
[component_container-11] 	 30.740	   Pose	 -2.146	 -2.063	  5.007	 -2.197
[component_container-11] 	 30.740	  Twist	 -0.321	 -0.412	  0.077	 -0.279
[component_container-11] 	 30.740	ErrPose	 -0.036	 -0.173	 -0.004	 -0.018
[component_container-11] 	 30.740	ErrTwis	  0.767	  0.619	 -0.087	  0.005
[component_container-11] 	 30.740	    GPS	 -2.193	 -1.865	  4.997	     --
[component_container-11] 	 30.740	   Baro	     --	     --	  5.322	     --
[component_container-11] 	 30.740	  BBias	     --	     --	  0.313	     --
[component_container-11] 	 30.740	  Sonar	     --	     --	    inf	     --
[component_container-11] 	 30.740	  Magnt	     --	     --	     --	 -2.257
[component_container-11] 
[component_container-11] 	 30.770	   Pose	 -2.155	 -2.076	  5.016	 -2.206
[component_container-11] 	 30.770	  Twist	 -0.319	 -0.410	  0.084	 -0.253
[component_container-11] 	 30.770	ErrPose	 -0.028	 -0.169	 -0.012	 -0.015
[component_container-11] 	 30.770	ErrTwis	  0.744	  0.628	 -0.094	 -0.021
[component_container-11] 	 30.770	    GPS	 -2.193	 -1.865	  4.997	     --
[component_container-11] 	 30.770	   Baro	     --	     --	  5.398	     --
[component_container-11] 	 30.770	  BBias	     --	     --	  0.313	     --
[component_container-11] 	 30.770	  Sonar	     --	     --	    inf	     --
[component_container-11] 	 30.770	  Magnt	     --	     --	     --	 -2.235
[component_container-11] 
[component_container-11] 	 30.800	   Pose	 -2.165	 -2.088	  5.019	 -2.214
[component_container-11] 	 30.800	  Twist	 -0.316	 -0.408	  0.084	 -0.278
[component_container-11] 	 30.800	ErrPose	 -0.018	 -0.174	 -0.014	 -0.018
[component_container-11] 	 30.800	ErrTwis	  0.697	  0.648	 -0.094	  0.003
[component_container-11] 	 30.800	    GPS	 -2.193	 -1.865	  4.997	     --
[component_container-11] 	 30.800	   Baro	     --	     --	  5.398	     --
[component_container-11] 	 30.800	  BBias	     --	     --	  0.313	     --
[component_container-11] 	 30.800	  Sonar	     --	     --	    inf	     --
[component_container-11] 	 30.800	  Magnt	     --	     --	     --	 -2.235
[component_container-11] 
[component_container-11] 	 30.840	   Pose	 -2.178	 -2.104	  5.025	 -2.225
[component_container-11] 	 30.840	  Twist	 -0.315	 -0.406	  0.088	 -0.252
[component_container-11] 	 30.840	ErrPose	 -0.005	 -0.174	 -0.020	 -0.017
[component_container-11] 	 30.840	ErrTwis	  0.650	  0.665	 -0.099	 -0.023
[component_container-11] 	 30.840	    GPS	 -2.193	 -1.865	  4.997	     --
[component_container-11] 	 30.840	   Baro	     --	     --	  5.366	     --
[component_container-11] 	 30.840	  BBias	     --	     --	  0.313	     --
[component_container-11] 	 30.840	  Sonar	     --	     --	    inf	     --
[component_container-11] 	 30.840	  Magnt	     --	     --	     --	 -2.252
[component_container-11] 
[component_container-11] 	 30.870	   Pose	 -2.187	 -2.116	  5.023	 -2.235
[component_container-11] 	 30.870	  Twist	 -0.313	 -0.405	  0.084	 -0.250
[component_container-11] 	 30.870	ErrPose	  0.006	 -0.170	 -0.018	 -0.013
[component_container-11] 	 30.870	ErrTwis	  0.626	  0.673	 -0.094	 -0.026
[component_container-11] 	 30.870	    GPS	 -2.193	 -1.865	  4.997	     --
[component_container-11] 	 30.870	   Baro	     --	     --	  5.284	     --
[component_container-11] 	 30.870	  BBias	     --	     --	  0.313	     --
[component_container-11] 	 30.870	  Sonar	     --	     --	    inf	     --
[component_container-11] 	 30.870	  Magnt	     --	     --	     --	 -2.317
[component_container-11] 
[component_container-11] 	 30.900	   Pose	 -2.196	 -2.129	  5.025	 -2.243
[component_container-11] 	 30.900	  Twist	 -0.311	 -0.404	  0.084	 -0.254
[component_container-11] 	 30.900	ErrPose	  0.018	 -0.172	 -0.020	 -0.016
[component_container-11] 	 30.900	ErrTwis	  0.577	  0.686	 -0.096	 -0.023
[component_container-11] 	 30.900	    GPS	 -2.193	 -1.865	  4.997	     --
[component_container-11] 	 30.900	   Baro	     --	     --	  5.284	     --
[component_container-11] 	 30.900	  BBias	     --	     --	  0.313	     --
[component_container-11] 	 30.900	  Sonar	     --	     --	    inf	     --
[component_container-11] 	 30.900	  Magnt	     --	     --	     --	 -2.317
[component_container-11] 
[component_container-11] 	 30.940	   Pose	 -2.209	 -2.145	  5.017	 -2.256
[component_container-11] 	 30.940	  Twist	 -0.308	 -0.402	  0.072	 -0.275
[component_container-11] 	 30.940	ErrPose	  0.035	 -0.169	 -0.012	 -0.014
[component_container-11] 	 30.940	ErrTwis	  0.525	  0.695	 -0.085	 -0.003
[component_container-11] 	 30.940	    GPS	 -2.193	 -1.865	  4.997	     --
[component_container-11] 	 30.940	   Baro	     --	     --	  5.212	     --
[component_container-11] 	 30.940	  BBias	     --	     --	  0.313	     --
[component_container-11] 	 30.940	  Sonar	     --	     --	    inf	     --
[component_container-11] 	 30.940	  Magnt	     --	     --	     --	 -2.355
[component_container-11] 
[component_container-11] 	 30.970	   Pose	 -2.218	 -2.157	  5.030	 -2.265
[component_container-11] 	 30.970	  Twist	 -0.307	 -0.401	  0.083	 -0.289
[component_container-11] 	 30.970	ErrPose	  0.047	 -0.163	 -0.024	 -0.011
[component_container-11] 	 30.970	ErrTwis	  0.500	  0.698	 -0.096	  0.012
[component_container-11] 	 30.970	    GPS	 -2.193	 -1.865	  4.997	     --
[component_container-11] 	 30.970	   Baro	     --	     --	  5.442	     --
[component_container-11] 	 30.970	  BBias	     --	     --	  0.313	     --
[component_container-11] 	 30.970	  Sonar	     --	     --	    inf	     --
[component_container-11] 	 30.970	  Magnt	     --	     --	     --	 -2.264
[component_container-11] 
[component_container-11] 	 31.000	   Pose	 -2.227	 -2.169	  5.032	 -2.273
[component_container-11] 	 31.000	  Twist	 -0.306	 -0.399	  0.084	 -0.284
[component_container-11] 	 31.000	ErrPose	  0.063	 -0.163	 -0.027	 -0.014
[component_container-11] 	 31.000	ErrTwis	  0.450	  0.703	 -0.097	  0.006
[component_container-11] 	 31.000	    GPS	 -2.193	 -1.865	  4.997	     --
[component_container-11] 	 31.000	   Baro	     --	     --	  5.442	     --
[component_container-11] 	 31.000	  BBias	     --	     --	  0.313	     --
[component_container-11] 	 31.000	  Sonar	     --	     --	    inf	     --
[component_container-11] 	 31.000	  Magnt	     --	     --	     --	 -2.264
[component_container-11] 
[component_container-11] 	 31.040	   Pose	 -2.208	 -2.358	  5.026	 -2.285
[component_container-11] 	 31.040	  Twist	 -0.268	 -0.547	  0.075	 -0.254
[component_container-11] 	 31.040	ErrPose	  0.052	  0.017	 -0.021	 -0.014
[component_container-11] 	 31.040	ErrTwis	  0.362	  0.854	 -0.088	 -0.025
[component_container-11] 	 31.040	    GPS	 -2.222	 -2.443	  5.005	     --
[component_container-11] 	 31.040	   Baro	     --	     --	  5.283	     --
[component_container-11] 	 31.040	  BBias	     --	     --	  0.313	     --
[component_container-11] 	 31.040	  Sonar	     --	     --	    inf	     --
[component_container-11] 	 31.040	  Magnt	     --	     --	     --	 -2.316
[component_container-11] 
[component_container-11] [INFO] [1775370753.236757487] [drone.estimator]: TMP LOG err_xyz=(0.052, 0.017, -0.021) | z_est=5.026 vz_est=0.075 bias=0.313 | gps_z=5.005 sonar=inf baro=5.283
[component_container-11] 	 31.070	   Pose	 -2.216	 -2.374	  5.029	 -2.294
[component_container-11] 	 31.070	  Twist	 -0.266	 -0.547	  0.077	 -0.273
[component_container-11] 	 31.070	ErrPose	  0.064	  0.029	 -0.025	 -0.010
[component_container-11] 	 31.070	ErrTwis	  0.336	  0.854	 -0.089	 -0.006
[component_container-11] 	 31.070	    GPS	 -2.222	 -2.443	  5.005	     --
[component_container-11] 	 31.070	   Baro	     --	     --	  5.355	     --
[component_container-11] 	 31.070	  BBias	     --	     --	  0.313	     --
[component_container-11] 	 31.070	  Sonar	     --	     --	    inf	     --
[component_container-11] 	 31.070	  Magnt	     --	     --	     --	 -2.359
[component_container-11] 
[component_container-11] [INFO] [1775370753.297169356] [drone.controller]: cmd_vel body=(-0.996, 0.092, -0.005) yaw=-0.300 | odom_received=true | plan_points=56
[component_container-11] 	 31.100	   Pose	 -2.224	 -2.391	  5.032	 -2.303
[component_container-11] 	 31.100	  Twist	 -0.265	 -0.546	  0.077	 -0.277
[component_container-11] 	 31.100	ErrPose	  0.082	  0.037	 -0.027	 -0.013
[component_container-11] 	 31.100	ErrTwis	  0.284	  0.852	 -0.088	 -0.002
[component_container-11] 	 31.100	    GPS	 -2.222	 -2.443	  5.005	     --
[component_container-11] 	 31.100	   Baro	     --	     --	  5.355	     --
[component_container-11] 	 31.100	  BBias	     --	     --	  0.313	     --
[component_container-11] 	 31.100	  Sonar	     --	     --	    inf	     --
[component_container-11] 	 31.100	  Magnt	     --	     --	     --	 -2.359
[component_container-11] 
[component_container-11] 	 31.140	   Pose	 -2.235	 -2.413	  5.031	 -2.315
[component_container-11] 	 31.140	  Twist	 -0.265	 -0.546	  0.075	 -0.269
[component_container-11] 	 31.140	ErrPose	  0.103	  0.053	 -0.028	 -0.011
[component_container-11] 	 31.140	ErrTwis	  0.234	  0.849	 -0.084	 -0.011
[component_container-11] 	 31.140	    GPS	 -2.222	 -2.443	  5.005	     --
[component_container-11] 	 31.140	   Baro	     --	     --	  5.302	     --
[component_container-11] 	 31.140	  BBias	     --	     --	  0.313	     --
[component_container-11] 	 31.140	  Sonar	     --	     --	    inf	     --
[component_container-11] 	 31.140	  Magnt	     --	     --	     --	 -2.380
[component_container-11] 
[component_container-11] 	 31.170	   Pose	 -2.243	 -2.429	  5.028	 -2.323
[component_container-11] 	 31.170	  Twist	 -0.265	 -0.545	  0.070	 -0.275
[component_container-11] 	 31.170	ErrPose	  0.117	  0.067	 -0.025	 -0.009
[component_container-11] 	 31.170	ErrTwis	  0.208	  0.846	 -0.079	 -0.005
[component_container-11] 	 31.170	    GPS	 -2.222	 -2.443	  5.005	     --
[component_container-11] 	 31.170	   Baro	     --	     --	  5.278	     --
[component_container-11] 	 31.170	  BBias	     --	     --	  0.313	     --
[component_container-11] 	 31.170	  Sonar	     --	     --	    inf	     --
[component_container-11] 	 31.170	  Magnt	     --	     --	     --	 -2.333
[component_container-11] 
[component_container-11] 	 31.200	   Pose	 -2.251	 -2.445	  5.030	 -2.332
[component_container-11] 	 31.200	  Twist	 -0.263	 -0.544	  0.071	 -0.266
[component_container-11] 	 31.200	ErrPose	  0.137	  0.079	 -0.028	 -0.012
[component_container-11] 	 31.200	ErrTwis	  0.156	  0.839	 -0.079	 -0.014
[component_container-11] 	 31.200	    GPS	 -2.222	 -2.443	  5.005	     --
[component_container-11] 	 31.200	   Baro	     --	     --	  5.278	     --
[component_container-11] 	 31.200	  BBias	     --	     --	  0.313	     --
[component_container-11] 	 31.200	  Sonar	     --	     --	    inf	     --
[component_container-11] 	 31.200	  Magnt	     --	     --	     --	 -2.333
[component_container-11] 
[component_container-11] 	 31.240	   Pose	 -2.261	 -2.467	  5.022	 -2.343
[component_container-11] 	 31.240	  Twist	 -0.263	 -0.543	  0.060	 -0.272
[component_container-11] 	 31.240	ErrPose	  0.161	  0.099	 -0.021	 -0.011
[component_container-11] 	 31.240	ErrTwis	  0.105	  0.828	 -0.068	 -0.008
[component_container-11] 	 31.240	    GPS	 -2.222	 -2.443	  5.005	     --
[component_container-11] 	 31.240	   Baro	     --	     --	  5.215	     --
[component_container-11] 	 31.240	  BBias	     --	     --	  0.313	     --
[component_container-11] 	 31.240	  Sonar	     --	     --	    inf	     --
[component_container-11] 	 31.240	  Magnt	     --	     --	     --	 -2.378
[component_container-11] 
[component_container-11] 	 31.270	   Pose	 -2.269	 -2.483	  5.022	 -2.353
[component_container-11] 	 31.270	  Twist	 -0.262	 -0.544	  0.058	 -0.274
[component_container-11] 	 31.270	ErrPose	  0.176	  0.115	 -0.021	 -0.008
[component_container-11] 	 31.270	ErrTwis	  0.079	  0.822	 -0.066	 -0.006
[component_container-11] 	 31.270	    GPS	 -2.222	 -2.443	  5.005	     --
[component_container-11] 	 31.270	   Baro	     --	     --	  5.318	     --
[component_container-11] 	 31.270	  BBias	     --	     --	  0.313	     --
[component_container-11] 	 31.270	  Sonar	     --	     --	    inf	     --
[component_container-11] 	 31.270	  Magnt	     --	     --	     --	 -2.398
[component_container-11] 
[component_container-11] 	 31.300	   Pose	 -2.277	 -2.500	  5.024	 -2.361
[component_container-11] 	 31.300	  Twist	 -0.262	 -0.544	  0.058	 -0.265
[component_container-11] 	 31.300	ErrPose	  0.198	  0.131	 -0.024	 -0.011
[component_container-11] 	 31.300	ErrTwis	  0.029	  0.808	 -0.065	 -0.016
[component_container-11] 	 31.300	    GPS	 -2.222	 -2.443	  5.005	     --
[component_container-11] 	 31.300	   Baro	     --	     --	  5.318	     --
[component_container-11] 	 31.300	  BBias	     --	     --	  0.313	     --
[component_container-11] 	 31.300	  Sonar	     --	     --	    inf	     --
[component_container-11] 	 31.300	  Magnt	     --	     --	     --	 -2.398
[component_container-11] 
[component_container-11] 	 31.340	   Pose	 -2.288	 -2.521	  5.024	 -2.372
[component_container-11] 	 31.340	  Twist	 -0.262	 -0.543	  0.055	 -0.268
[component_container-11] 	 31.340	ErrPose	  0.224	  0.155	 -0.025	 -0.011
[component_container-11] 	 31.340	ErrTwis	 -0.021	  0.792	 -0.060	 -0.012
[component_container-11] 	 31.340	    GPS	 -2.222	 -2.443	  5.005	     --
[component_container-11] 	 31.340	   Baro	     --	     --	  5.305	     --
[component_container-11] 	 31.340	  BBias	     --	     --	  0.313	     --
[component_container-11] 	 31.340	  Sonar	     --	     --	    inf	     --
[component_container-11] 	 31.340	  Magnt	     --	     --	     --	 -2.383
[component_container-11] 
[component_container-11] 	 31.370	   Pose	 -2.296	 -2.538	  5.032	 -2.382
[component_container-11] 	 31.370	  Twist	 -0.262	 -0.543	  0.063	 -0.271
[component_container-11] 	 31.370	ErrPose	  0.240	  0.173	 -0.034	 -0.007
[component_container-11] 	 31.370	ErrTwis	 -0.046	  0.783	 -0.067	 -0.009
[component_container-11] 	 31.370	    GPS	 -2.222	 -2.443	  5.005	     --
[component_container-11] 	 31.370	   Baro	     --	     --	  5.413	     --
[component_container-11] 	 31.370	  BBias	     --	     --	  0.313	     --
[component_container-11] 	 31.370	  Sonar	     --	     --	    inf	     --
[component_container-11] 	 31.370	  Magnt	     --	     --	     --	 -2.440
[component_container-11] 
[component_container-11] 	 31.400	   Pose	 -2.303	 -2.554	  5.034	 -2.390
[component_container-11] 	 31.400	  Twist	 -0.262	 -0.543	  0.062	 -0.285
[component_container-11] 	 31.400	ErrPose	  0.266	  0.194	 -0.038	 -0.010
[component_container-11] 	 31.400	ErrTwis	 -0.094	  0.766	 -0.064	  0.005
[component_container-11] 	 31.400	    GPS	 -2.222	 -2.443	  5.005	     --
[component_container-11] 	 31.400	   Baro	     --	     --	  5.413	     --
[component_container-11] 	 31.400	  BBias	     --	     --	  0.313	     --
[component_container-11] 	 31.400	  Sonar	     --	     --	    inf	     --
[component_container-11] 	 31.400	  Magnt	     --	     --	     --	 -2.440
[component_container-11] 
[component_container-11] 	 31.440	   Pose	 -2.314	 -2.576	  5.035	 -2.402
[component_container-11] 	 31.440	  Twist	 -0.262	 -0.544	  0.060	 -0.277
[component_container-11] 	 31.440	ErrPose	  0.294	  0.221	 -0.040	 -0.009
[component_container-11] 	 31.440	ErrTwis	 -0.142	  0.749	 -0.060	 -0.003
[component_container-11] 	 31.440	    GPS	 -2.222	 -2.443	  5.005	     --
[component_container-11] 	 31.440	   Baro	     --	     --	  5.326	     --
[component_container-11] 	 31.440	  BBias	     --	     --	  0.313	     --
[component_container-11] 	 31.440	  Sonar	     --	     --	    inf	     --
[component_container-11] 	 31.440	  Magnt	     --	     --	     --	 -2.455
[component_container-11] 
[component_container-11] 	 31.470	   Pose	 -2.322	 -2.592	  5.036	 -2.411
[component_container-11] 	 31.470	  Twist	 -0.262	 -0.544	  0.059	 -0.267
[component_container-11] 	 31.470	ErrPose	  0.311	  0.241	 -0.043	 -0.006
[component_container-11] 	 31.470	ErrTwis	 -0.166	  0.740	 -0.058	 -0.013
[component_container-11] 	 31.470	    GPS	 -2.222	 -2.443	  5.005	     --
[component_container-11] 	 31.470	   Baro	     --	     --	  5.349	     --
[component_container-11] 	 31.470	  BBias	     --	     --	  0.313	     --
[component_container-11] 	 31.470	  Sonar	     --	     --	    inf	     --
[component_container-11] 	 31.470	  Magnt	     --	     --	     --	 -2.452
[component_container-11] 
[component_container-11] 	 31.500	   Pose	 -2.330	 -2.608	  5.038	 -2.419
[component_container-11] 	 31.500	  Twist	 -0.263	 -0.545	  0.059	 -0.263
[component_container-11] 	 31.500	ErrPose	  0.339	  0.266	 -0.047	 -0.009
[component_container-11] 	 31.500	ErrTwis	 -0.213	  0.724	 -0.056	 -0.017
[component_container-11] 	 31.500	    GPS	 -2.222	 -2.443	  5.005	     --
[component_container-11] 	 31.500	   Baro	     --	     --	  5.349	     --
[component_container-11] 	 31.500	  BBias	     --	     --	  0.313	     --
[component_container-11] 	 31.500	  Sonar	     --	     --	    inf	     --
[component_container-11] 	 31.500	  Magnt	     --	     --	     --	 -2.452
[component_container-11] 
[component_container-11] [INFO] [1775370753.700532513] [drone.estimator]: TMP LOG gps innov_xy=(0.337, 0.317) est_xy=(-2.332, -2.614) gps_xy=(-1.995, -2.297) corr_xy=(-1.995, -2.297) vel_xy=(-0.263, -0.545)
[component_container-11] [INFO] [1775370753.700684520] [drone.estimator]: TMP LOG gps vel pseudo raw=(0.455, 0.292) filt=(0.397, 0.161) innov_v=(0.612, 0.660) apply=(1,1)
[component_container-11] 	 31.540	   Pose	 -2.141	 -2.430	  5.025	 -2.430
[component_container-11] 	 31.540	  Twist	 -0.098	 -0.374	  0.042	 -0.264
[component_container-11] 	 31.540	ErrPose	  0.171	  0.097	 -0.036	 -0.009
[component_container-11] 	 31.540	ErrTwis	 -0.425	  0.535	 -0.039	 -0.016
[component_container-11] 	 31.540	    GPS	 -1.995	 -2.297	  4.990	     --
[component_container-11] 	 31.540	   Baro	     --	     --	  5.252	     --
[component_container-11] 	 31.540	  BBias	     --	     --	  0.313	     --
[component_container-11] 	 31.540	  Sonar	     --	     --	    inf	     --
[component_container-11] 	 31.540	  Magnt	     --	     --	     --	 -2.435
[component_container-11] 
[component_container-11] 	 31.570	   Pose	 -2.144	 -2.441	  5.025	 -2.439
[component_container-11] 	 31.570	  Twist	 -0.098	 -0.376	  0.041	 -0.270
[component_container-11] 	 31.570	ErrPose	  0.184	  0.114	 -0.037	 -0.006
[component_container-11] 	 31.570	ErrTwis	 -0.447	  0.528	 -0.038	 -0.010
[component_container-11] 	 31.570	    GPS	 -1.995	 -2.297	  4.990	     --
[component_container-11] 	 31.570	   Baro	     --	     --	  5.318	     --
[component_container-11] 	 31.570	  BBias	     --	     --	  0.313	     --
[component_container-11] 	 31.570	  Sonar	     --	     --	    inf	     --
[component_container-11] 	 31.570	  Magnt	     --	     --	     --	 -2.443
[component_container-11] 
[component_container-11] 	 31.600	   Pose	 -2.147	 -2.452	  5.026	 -2.447
[component_container-11] 	 31.600	  Twist	 -0.098	 -0.377	  0.040	 -0.272
[component_container-11] 	 31.600	ErrPose	  0.210	  0.137	 -0.041	 -0.009
[component_container-11] 	 31.600	ErrTwis	 -0.492	  0.512	 -0.036	 -0.008
[component_container-11] 	 31.600	    GPS	 -1.995	 -2.297	  4.990	     --
[component_container-11] 	 31.600	   Baro	     --	     --	  5.318	     --
[component_container-11] 	 31.600	  BBias	     --	     --	  0.313	     --
[component_container-11] 	 31.600	  Sonar	     --	     --	    inf	     --
[component_container-11] 	 31.600	  Magnt	     --	     --	     --	 -2.443
[component_container-11] 
[component_container-11] 	 31.640	   Pose	 -2.151	 -2.467	  5.020	 -2.459
[component_container-11] 	 31.640	  Twist	 -0.098	 -0.380	  0.032	 -0.260
[component_container-11] 	 31.640	ErrPose	  0.237	  0.166	 -0.038	 -0.008
[component_container-11] 	 31.640	ErrTwis	 -0.536	  0.497	 -0.027	 -0.020
[component_container-11] 	 31.640	    GPS	 -1.995	 -2.297	  4.990	     --
[component_container-11] 	 31.640	   Baro	     --	     --	  5.247	     --
[component_container-11] 	 31.640	  BBias	     --	     --	  0.313	     --
[component_container-11] 	 31.640	  Sonar	     --	     --	    inf	     --
[component_container-11] 	 31.640	  Magnt	     --	     --	     --	 -2.502
[component_container-11] 
[component_container-11] 	 31.670	   Pose	 -2.154	 -2.479	  5.008	 -2.467
[component_container-11] 	 31.670	  Twist	 -0.099	 -0.381	  0.019	 -0.287
[component_container-11] 	 31.670	ErrPose	  0.252	  0.185	 -0.027	 -0.006
[component_container-11] 	 31.670	ErrTwis	 -0.557	  0.489	 -0.014	  0.007
[component_container-11] 	 31.670	    GPS	 -1.995	 -2.297	  4.990	     --
[component_container-11] 	 31.670	   Baro	     --	     --	  5.170	     --
[component_container-11] 	 31.670	  BBias	     --	     --	  0.313	     --
[component_container-11] 	 31.670	  Sonar	     --	     --	    inf	     --
[component_container-11] 	 31.670	  Magnt	     --	     --	     --	 -2.457
[component_container-11] 
[component_container-11] 	 31.700	   Pose	 -2.157	 -2.490	  5.008	 -2.475
[component_container-11] 	 31.700	  Twist	 -0.100	 -0.383	  0.019	 -0.286
[component_container-11] 	 31.700	ErrPose	  0.280	  0.211	 -0.031	 -0.009
[component_container-11] 	 31.700	ErrTwis	 -0.599	  0.473	 -0.015	  0.006
[component_container-11] 	 31.700	    GPS	 -1.995	 -2.297	  4.990	     --
[component_container-11] 	 31.700	   Baro	     --	     --	  5.170	     --
[component_container-11] 	 31.700	  BBias	     --	     --	  0.313	     --
[component_container-11] 	 31.700	  Sonar	     --	     --	    inf	     --
[component_container-11] 	 31.700	  Magnt	     --	     --	     --	 -2.457
[component_container-11] 
[component_container-11] 	 31.740	   Pose	 -2.161	 -2.506	  5.004	 -2.486
[component_container-11] 	 31.740	  Twist	 -0.102	 -0.385	  0.015	 -0.279
[component_container-11] 	 31.740	ErrPose	  0.310	  0.244	 -0.030	 -0.009
[component_container-11] 	 31.740	ErrTwis	 -0.639	  0.458	 -0.010	 -0.001
[component_container-11] 	 31.740	    GPS	 -1.995	 -2.297	  4.990	     --
[component_container-11] 	 31.740	   Baro	     --	     --	  5.268	     --
[component_container-11] 	 31.740	  BBias	     --	     --	  0.313	     --
[component_container-11] 	 31.740	  Sonar	     --	     --	    inf	     --
[component_container-11] 	 31.740	  Magnt	     --	     --	     --	 -2.472
[component_container-11] 
[component_container-11] 	 31.770	   Pose	 -2.164	 -2.517	  4.996	 -2.496
[component_container-11] 	 31.770	  Twist	 -0.102	 -0.387	  0.006	 -0.265
[component_container-11] 	 31.770	ErrPose	  0.326	  0.264	 -0.023	 -0.006
[component_container-11] 	 31.770	ErrTwis	 -0.658	  0.451	  0.000	 -0.015
[component_container-11] 	 31.770	    GPS	 -1.995	 -2.297	  4.990	     --
[component_container-11] 	 31.770	   Baro	     --	     --	  5.214	     --
[component_container-11] 	 31.770	  BBias	     --	     --	  0.313	     --
[component_container-11] 	 31.770	  Sonar	     --	     --	    inf	     --
[component_container-11] 	 31.770	  Magnt	     --	     --	     --	 -2.534
[component_container-11] 
[component_container-11] 	 31.800	   Pose	 -2.167	 -2.529	  4.996	 -2.504
[component_container-11] 	 31.800	  Twist	 -0.103	 -0.388	  0.007	 -0.273
[component_container-11] 	 31.800	ErrPose	  0.356	  0.294	 -0.027	 -0.009
[component_container-11] 	 31.800	ErrTwis	 -0.697	  0.436	 -0.001	 -0.007
[component_container-11] 	 31.800	    GPS	 -1.995	 -2.297	  4.990	     --
[component_container-11] 	 31.800	   Baro	     --	     --	  5.214	     --
[component_container-11] 	 31.800	  BBias	     --	     --	  0.313	     --
[component_container-11] 	 31.800	  Sonar	     --	     --	    inf	     --
[component_container-11] 	 31.800	  Magnt	     --	     --	     --	 -2.534
[component_container-11] 
[component_container-11] 	 31.840	   Pose	 -2.171	 -2.544	  4.989	 -2.516
[component_container-11] 	 31.840	  Twist	 -0.105	 -0.390	  0.001	 -0.273
[component_container-11] 	 31.840	ErrPose	  0.389	  0.329	 -0.023	 -0.008
[component_container-11] 	 31.840	ErrTwis	 -0.734	  0.422	  0.004	 -0.007
[component_container-11] 	 31.840	    GPS	 -1.995	 -2.297	  4.990	     --
[component_container-11] 	 31.840	   Baro	     --	     --	  5.226	     --
[component_container-11] 	 31.840	  BBias	     --	     --	  0.313	     --
[component_container-11] 	 31.840	  Sonar	     --	     --	    inf	     --
[component_container-11] 	 31.840	  Magnt	     --	     --	     --	 -2.551
[component_container-11] 
[component_container-11] 	 31.870	   Pose	 -2.174	 -2.556	  4.992	 -2.524
[component_container-11] 	 31.870	  Twist	 -0.106	 -0.392	  0.004	 -0.255
[component_container-11] 	 31.870	ErrPose	  0.407	  0.351	 -0.027	 -0.005
[component_container-11] 	 31.870	ErrTwis	 -0.752	  0.416	  0.001	 -0.025
[component_container-11] 	 31.870	    GPS	 -1.995	 -2.297	  4.990	     --
[component_container-11] 	 31.870	   Baro	     --	     --	  5.328	     --
[component_container-11] 	 31.870	  BBias	     --	     --	  0.313	     --
[component_container-11] 	 31.870	  Sonar	     --	     --	    inf	     --
[component_container-11] 	 31.870	  Magnt	     --	     --	     --	 -2.542
[component_container-11] 
[component_container-11] 	 31.900	   Pose	 -2.177	 -2.568	  4.992	 -2.532
[component_container-11] 	 31.900	  Twist	 -0.107	 -0.394	  0.005	 -0.271
[component_container-11] 	 31.900	ErrPose	  0.440	  0.384	 -0.031	 -0.008
[component_container-11] 	 31.900	ErrTwis	 -0.788	  0.401	  0.001	 -0.009
[component_container-11] 	 31.900	    GPS	 -1.995	 -2.297	  4.990	     --
[component_container-11] 	 31.900	   Baro	     --	     --	  5.328	     --
[component_container-11] 	 31.900	  BBias	     --	     --	  0.313	     --
[component_container-11] 	 31.900	  Sonar	     --	     --	    inf	     --
[component_container-11] 	 31.900	  Magnt	     --	     --	     --	 -2.542
[component_container-11] 
[component_container-11] 	 31.940	   Pose	 -2.182	 -2.584	  4.982	 -2.544
[component_container-11] 	 31.940	  Twist	 -0.108	 -0.397	 -0.003	 -0.277
[component_container-11] 	 31.940	ErrPose	  0.476	  0.421	 -0.025	 -0.008
[component_container-11] 	 31.940	ErrTwis	 -0.822	  0.388	  0.009	 -0.002
[component_container-11] 	 31.940	    GPS	 -1.995	 -2.297	  4.990	     --
[component_container-11] 	 31.940	   Baro	     --	     --	  5.195	     --
[component_container-11] 	 31.940	  BBias	     --	     --	  0.312	     --
[component_container-11] 	 31.940	  Sonar	     --	     --	    inf	     --
[component_container-11] 	 31.940	  Magnt	     --	     --	     --	 -2.572
[component_container-11] 
[component_container-11] 	 31.970	   Pose	 -2.185	 -2.596	  4.978	 -2.553
[component_container-11] 	 31.970	  Twist	 -0.110	 -0.399	 -0.005	 -0.283
[component_container-11] 	 31.970	ErrPose	  0.495	  0.445	 -0.023	 -0.004
[component_container-11] 	 31.970	ErrTwis	 -0.837	  0.382	  0.010	  0.003
[component_container-11] 	 31.970	    GPS	 -1.995	 -2.297	  4.990	     --
[component_container-11] 	 31.970	   Baro	     --	     --	  5.256	     --
[component_container-11] 	 31.970	  BBias	     --	     --	  0.312	     --
[component_container-11] 	 31.970	  Sonar	     --	     --	    inf	     --
[component_container-11] 	 31.970	  Magnt	     --	     --	     --	 -2.600
[component_container-11] 
[component_container-11] 	 32.000	   Pose	 -2.188	 -2.608	  4.978	 -2.561
[component_container-11] 	 32.000	  Twist	 -0.112	 -0.402	 -0.004	 -0.266
[component_container-11] 	 32.000	ErrPose	  0.531	  0.480	 -0.027	 -0.007
[component_container-11] 	 32.000	ErrTwis	 -0.869	  0.369	  0.007	 -0.013
[component_container-11] 	 32.000	    GPS	 -1.995	 -2.297	  4.990	     --
[component_container-11] 	 32.000	   Baro	     --	     --	  5.256	     --
[component_container-11] 	 32.000	  BBias	     --	     --	  0.312	     --
[component_container-11] 	 32.000	  Sonar	     --	     --	    inf	     --
[component_container-11] 	 32.000	  Magnt	     --	     --	     --	 -2.600
[component_container-11] 
[component_container-11] 	 32.040	   Pose	 -1.908	 -2.416	  4.963	 -2.572
[component_container-11] 	 32.040	  Twist	  0.104	 -0.247	 -0.018	 -0.278
[component_container-11] 	 32.040	ErrPose	  0.284	  0.312	 -0.015	 -0.007
[component_container-11] 	 32.040	ErrTwis	 -1.117	  0.197	  0.021	 -0.001
[component_container-11] 	 32.040	    GPS	 -1.634	 -2.205	  4.950	     --
[component_container-11] 	 32.040	   Baro	     --	     --	  5.153	     --
[component_container-11] 	 32.040	  BBias	     --	     --	  0.312	     --
[component_container-11] 	 32.040	  Sonar	     --	     --	    inf	     --
[component_container-11] 	 32.040	  Magnt	     --	     --	     --	 -2.574
[component_container-11] 
[component_container-11] [INFO] [1775370754.238977921] [drone.estimator]: TMP LOG err_xyz=(0.284, 0.312, -0.015) | z_est=4.963 vz_est=-0.018 bias=0.312 | gps_z=4.950 sonar=inf baro=5.153
[component_container-11] 	 32.070	   Pose	 -1.905	 -2.423	  4.956	 -2.581
[component_container-11] 	 32.070	  Twist	  0.104	 -0.249	 -0.023	 -0.274
[component_container-11] 	 32.070	ErrPose	  0.298	  0.332	 -0.010	 -0.004
[component_container-11] 	 32.070	ErrTwis	 -1.131	  0.192	  0.026	 -0.005
[component_container-11] 	 32.070	    GPS	 -1.634	 -2.205	  4.950	     --
[component_container-11] 	 32.070	   Baro	     --	     --	  5.193	     --
[component_container-11] 	 32.070	  BBias	     --	     --	  0.312	     --
[component_container-11] 	 32.070	  Sonar	     --	     --	    inf	     --
[component_container-11] 	 32.070	  Magnt	     --	     --	     --	 -2.628
[component_container-11] 
[component_container-11] [INFO] [1775370754.298668787] [drone.controller]: cmd_vel body=(-0.989, -0.147, 0.028) yaw=-0.300 | odom_received=true | plan_points=56
[component_container-11] 	 32.100	   Pose	 -1.902	 -2.431	  4.955	 -2.590
[component_container-11] 	 32.100	  Twist	  0.102	 -0.252	 -0.020	 -0.271
[component_container-11] 	 32.100	ErrPose	  0.330	  0.365	 -0.014	 -0.007
[component_container-11] 	 32.100	ErrTwis	 -1.160	  0.179	  0.022	 -0.008
[component_container-11] 	 32.100	    GPS	 -1.634	 -2.205	  4.950	     --
[component_container-11] 	 32.100	   Baro	     --	     --	  5.193	     --
[component_container-11] 	 32.100	  BBias	     --	     --	  0.312	     --
[component_container-11] 	 32.100	  Sonar	     --	     --	    inf	     --
[component_container-11] 	 32.100	  Magnt	     --	     --	     --	 -2.628
[component_container-11] 
[component_container-11] 	 32.140	   Pose	 -1.897	 -2.441	  4.954	 -2.601
[component_container-11] 	 32.140	  Twist	  0.100	 -0.256	 -0.018	 -0.265
[component_container-11] 	 32.140	ErrPose	  0.361	  0.401	 -0.016	 -0.007
[component_container-11] 	 32.140	ErrTwis	 -1.186	  0.167	  0.018	 -0.014
[component_container-11] 	 32.140	    GPS	 -1.634	 -2.205	  4.950	     --
[component_container-11] 	 32.140	   Baro	     --	     --	  5.258	     --
[component_container-11] 	 32.140	  BBias	     --	     --	  0.312	     --
[component_container-11] 	 32.140	  Sonar	     --	     --	    inf	     --
[component_container-11] 	 32.140	  Magnt	     --	     --	     --	 -2.605
[component_container-11] 
[component_container-11] 	 32.170	   Pose	 -1.895	 -2.449	  4.953	 -2.609
[component_container-11] 	 32.170	  Twist	  0.098	 -0.258	 -0.016	 -0.256
[component_container-11] 	 32.170	ErrPose	  0.377	  0.422	 -0.017	 -0.004
[component_container-11] 	 32.170	ErrTwis	 -1.198	  0.162	  0.016	 -0.023
[component_container-11] 	 32.170	    GPS	 -1.634	 -2.205	  4.950	     --
[component_container-11] 	 32.170	   Baro	     --	     --	  5.265	     --
[component_container-11] 	 32.170	  BBias	     --	     --	  0.312	     --
[component_container-11] 	 32.170	  Sonar	     --	     --	    inf	     --
[component_container-11] 	 32.170	  Magnt	     --	     --	     --	 -2.628
[component_container-11] 
[component_container-11] 	 32.200	   Pose	 -1.892	 -2.456	  4.953	 -2.617
[component_container-11] 	 32.200	  Twist	  0.096	 -0.261	 -0.014	 -0.279
[component_container-11] 	 32.200	ErrPose	  0.411	  0.457	 -0.020	 -0.007
[component_container-11] 	 32.200	ErrTwis	 -1.222	  0.149	  0.015	  0.000
[component_container-11] 	 32.200	    GPS	 -1.634	 -2.205	  4.950	     --
[component_container-11] 	 32.200	   Baro	     --	     --	  5.265	     --
[component_container-11] 	 32.200	  BBias	     --	     --	  0.312	     --
[component_container-11] 	 32.200	  Sonar	     --	     --	    inf	     --
[component_container-11] 	 32.200	  Magnt	     --	     --	     --	 -2.628
[component_container-11] 
[component_container-11] 	 32.240	   Pose	 -1.888	 -2.467	  4.951	 -2.629
[component_container-11] 	 32.240	  Twist	  0.095	 -0.265	 -0.011	 -0.266
[component_container-11] 	 32.240	ErrPose	  0.445	  0.495	 -0.023	 -0.006
[component_container-11] 	 32.240	ErrTwis	 -1.246	  0.137	  0.011	 -0.013
[component_container-11] 	 32.240	    GPS	 -1.634	 -2.205	  4.950	     --
[component_container-11] 	 32.240	   Baro	     --	     --	  5.256	     --
[component_container-11] 	 32.240	  BBias	     --	     --	  0.312	     --
[component_container-11] 	 32.240	  Sonar	     --	     --	    inf	     --
[component_container-11] 	 32.240	  Magnt	     --	     --	     --	 -2.646
[component_container-11] 
[component_container-11] 	 32.270	   Pose	 -1.885	 -2.475	  4.938	 -2.637
[component_container-11] 	 32.270	  Twist	  0.092	 -0.268	 -0.024	 -0.257
[component_container-11] 	 32.270	ErrPose	  0.461	  0.517	 -0.011	 -0.004
[component_container-11] 	 32.270	ErrTwis	 -1.255	  0.133	  0.022	 -0.022
[component_container-11] 	 32.270	    GPS	 -1.634	 -2.205	  4.950	     --
[component_container-11] 	 32.270	   Baro	     --	     --	  5.104	     --
[component_container-11] 	 32.270	  BBias	     --	     --	  0.312	     --
[component_container-11] 	 32.270	  Sonar	     --	     --	    inf	     --
[component_container-11] 	 32.270	  Magnt	     --	     --	     --	 -2.652
[component_container-11] 
[component_container-11] 	 32.300	   Pose	 -1.882	 -2.483	  4.937	 -2.645
[component_container-11] 	 32.300	  Twist	  0.091	 -0.271	 -0.021	 -0.281
[component_container-11] 	 32.300	ErrPose	  0.498	  0.554	 -0.014	 -0.007
[component_container-11] 	 32.300	ErrTwis	 -1.276	  0.119	  0.018	  0.002
[component_container-11] 	 32.300	    GPS	 -1.634	 -2.205	  4.950	     --
[component_container-11] 	 32.300	   Baro	     --	     --	  5.104	     --
[component_container-11] 	 32.300	  BBias	     --	     --	  0.312	     --
[component_container-11] 	 32.300	  Sonar	     --	     --	    inf	     --
[component_container-11] 	 32.300	  Magnt	     --	     --	     --	 -2.652
[component_container-11] 
[component_container-11] 	 32.340	   Pose	 -1.879	 -2.494	  4.931	 -2.657
[component_container-11] 	 32.340	  Twist	  0.088	 -0.275	 -0.023	 -0.298
[component_container-11] 	 32.340	ErrPose	  0.534	  0.594	 -0.012	 -0.006
[component_container-11] 	 32.340	ErrTwis	 -1.293	  0.107	  0.020	  0.020
[component_container-11] 	 32.340	    GPS	 -1.634	 -2.205	  4.950	     --
[component_container-11] 	 32.340	   Baro	     --	     --	  5.196	     --
[component_container-11] 	 32.340	  BBias	     --	     --	  0.312	     --
[component_container-11] 	 32.340	  Sonar	     --	     --	    inf	     --
[component_container-11] 	 32.340	  Magnt	     --	     --	     --	 -2.669
[component_container-11] 
[component_container-11] 	 32.370	   Pose	 -1.876	 -2.502	  4.928	 -2.666
[component_container-11] 	 32.370	  Twist	  0.085	 -0.278	 -0.023	 -0.270
[component_container-11] 	 32.370	ErrPose	  0.552	  0.617	 -0.010	 -0.003
[component_container-11] 	 32.370	ErrTwis	 -1.301	  0.103	  0.020	 -0.008
[component_container-11] 	 32.370	    GPS	 -1.634	 -2.205	  4.950	     --
[component_container-11] 	 32.370	   Baro	     --	     --	  5.206	     --
[component_container-11] 	 32.370	  BBias	     --	     --	  0.312	     --
[component_container-11] 	 32.370	  Sonar	     --	     --	    inf	     --
[component_container-11] 	 32.370	  Magnt	     --	     --	     --	 -2.695
[component_container-11] 
[component_container-11] 	 32.400	   Pose	 -1.874	 -2.511	  4.927	 -2.674
[component_container-11] 	 32.400	  Twist	  0.082	 -0.282	 -0.020	 -0.275
[component_container-11] 	 32.400	ErrPose	  0.590	  0.655	 -0.013	 -0.006
[component_container-11] 	 32.400	ErrTwis	 -1.317	  0.090	  0.014	 -0.003
[component_container-11] 	 32.400	    GPS	 -1.634	 -2.205	  4.950	     --
[component_container-11] 	 32.400	   Baro	     --	     --	  5.206	     --
[component_container-11] 	 32.400	  BBias	     --	     --	  0.312	     --
[component_container-11] 	 32.400	  Sonar	     --	     --	    inf	     --
[component_container-11] 	 32.400	  Magnt	     --	     --	     --	 -2.695
[component_container-11] 
[component_container-11] 	 32.440	   Pose	 -1.870	 -2.522	  4.920	 -2.684
[component_container-11] 	 32.440	  Twist	  0.079	 -0.286	 -0.023	 -0.274
[component_container-11] 	 32.440	ErrPose	  0.628	  0.696	 -0.010	 -0.007
[component_container-11] 	 32.440	ErrTwis	 -1.330	  0.078	  0.016	 -0.004
[component_container-11] 	 32.440	    GPS	 -1.634	 -2.205	  4.950	     --
[component_container-11] 	 32.440	   Baro	     --	     --	  5.172	     --
[component_container-11] 	 32.440	  BBias	     --	     --	  0.312	     --
[component_container-11] 	 32.440	  Sonar	     --	     --	    inf	     --
[component_container-11] 	 32.440	  Magnt	     --	     --	     --	 -2.660
[component_container-11] 
[component_container-11] 	 32.470	   Pose	 -1.868	 -2.531	  4.923	 -2.692
[component_container-11] 	 32.470	  Twist	  0.077	 -0.289	 -0.016	 -0.259
[component_container-11] 	 32.470	ErrPose	  0.647	  0.720	 -0.015	 -0.004
[component_container-11] 	 32.470	ErrTwis	 -1.335	  0.073	  0.009	 -0.019
[component_container-11] 	 32.470	    GPS	 -1.634	 -2.205	  4.950	     --
[component_container-11] 	 32.470	   Baro	     --	     --	  5.273	     --
[component_container-11] 	 32.470	  BBias	     --	     --	  0.312	     --
[component_container-11] 	 32.470	  Sonar	     --	     --	    inf	     --
[component_container-11] 	 32.470	  Magnt	     --	     --	     --	 -2.675
[component_container-11] 
[component_container-11] 	 32.500	   Pose	 -1.866	 -2.539	  4.923	 -2.700
[component_container-11] 	 32.500	  Twist	  0.074	 -0.293	 -0.013	 -0.276
[component_container-11] 	 32.500	ErrPose	  0.687	  0.759	 -0.017	 -0.007
[component_container-11] 	 32.500	ErrTwis	 -1.348	  0.060	  0.007	 -0.002
[component_container-11] 	 32.500	    GPS	 -1.634	 -2.205	  4.950	     --
[component_container-11] 	 32.500	   Baro	     --	     --	  5.273	     --
[component_container-11] 	 32.500	  BBias	     --	     --	  0.312	     --
[component_container-11] 	 32.500	  Sonar	     --	     --	    inf	     --
[component_container-11] 	 32.500	  Magnt	     --	     --	     --	 -2.675
[component_container-11] 
[component_container-11] [INFO] [1775370754.703221816] [drone.estimator]: TMP LOG gps innov_xy=(0.843, 0.546) est_xy=(-1.866, -2.539) gps_xy=(-1.023, -1.993) corr_xy=(-1.023, -1.993) vel_xy=(0.074, -0.293)
[component_container-11] [INFO] [1775370754.703362301] [drone.estimator]: TMP LOG gps vel pseudo raw=(1.223, 0.425) filt=(1.169, 0.400) innov_v=(0.974, 0.614) apply=(1,1)
[component_container-11] 	 32.540	   Pose	 -1.449	 -2.285	  4.924	 -2.712
[component_container-11] 	 32.540	  Twist	  0.378	 -0.101	 -0.007	 -0.273
[component_container-11] 	 32.540	ErrPose	  0.312	  0.536	 -0.022	 -0.007
[component_container-11] 	 32.540	ErrTwis	 -1.665	 -0.147	 -0.003	 -0.005
[component_container-11] 	 32.540	    GPS	 -1.023	 -1.993	  4.904	     --
[component_container-11] 	 32.540	   Baro	     --	     --	  5.296	     --
[component_container-11] 	 32.540	  BBias	     --	     --	  0.312	     --
[component_container-11] 	 32.540	  Sonar	     --	     --	    inf	     --
[component_container-11] 	 32.540	  Magnt	     --	     --	     --	 -2.734
[component_container-11] 
[component_container-11] 	 32.570	   Pose	 -1.437	 -2.288	  4.923	 -2.720
[component_container-11] 	 32.570	  Twist	  0.375	 -0.106	 -0.005	 -0.262
[component_container-11] 	 32.570	ErrPose	  0.322	  0.555	 -0.023	 -0.004
[component_container-11] 	 32.570	ErrTwis	 -1.668	 -0.150	 -0.006	 -0.016
[component_container-11] 	 32.570	    GPS	 -1.023	 -1.993	  4.904	     --
[component_container-11] 	 32.570	   Baro	     --	     --	  5.229	     --
[component_container-11] 	 32.570	  BBias	     --	     --	  0.312	     --
[component_container-11] 	 32.570	  Sonar	     --	     --	    inf	     --
[component_container-11] 	 32.570	  Magnt	     --	     --	     --	 -2.726
[component_container-11] 
[component_container-11] 	 32.600	   Pose	 -1.426	 -2.291	  4.923	 -2.728
[component_container-11] 	 32.600	  Twist	  0.373	 -0.110	 -0.001	 -0.272
[component_container-11] 	 32.600	ErrPose	  0.355	  0.589	 -0.026	 -0.007
[component_container-11] 	 32.600	ErrTwis	 -1.676	 -0.162	 -0.010	 -0.006
[component_container-11] 	 32.600	    GPS	 -1.023	 -1.993	  4.904	     --
[component_container-11] 	 32.600	   Baro	     --	     --	  5.229	     --
[component_container-11] 	 32.600	  BBias	     --	     --	  0.312	     --
[component_container-11] 	 32.600	  Sonar	     --	     --	    inf	     --
[component_container-11] 	 32.600	  Magnt	     --	     --	     --	 -2.726
[component_container-11] 
[component_container-11] 	 32.640	   Pose	 -1.411	 -2.296	  4.921	 -2.739
[component_container-11] 	 32.640	  Twist	  0.369	 -0.115	  0.001	 -0.278
[component_container-11] 	 32.640	ErrPose	  0.384	  0.625	 -0.027	 -0.007
[component_container-11] 	 32.640	ErrTwis	 -1.682	 -0.172	 -0.011	 -0.000
[component_container-11] 	 32.640	    GPS	 -1.023	 -1.993	  4.904	     --
[component_container-11] 	 32.640	   Baro	     --	     --	  5.210	     --
[component_container-11] 	 32.640	  BBias	     --	     --	  0.312	     --
[component_container-11] 	 32.640	  Sonar	     --	     --	    inf	     --
[component_container-11] 	 32.640	  Magnt	     --	     --	     --	 -2.744
[component_container-11] 
[component_container-11] 	 32.670	   Pose	 -1.400	 -2.299	  4.919	 -2.748
[component_container-11] 	 32.670	  Twist	  0.367	 -0.118	  0.003	 -0.253
[component_container-11] 	 32.670	ErrPose	  0.395	  0.644	 -0.026	 -0.005
[component_container-11] 	 32.670	ErrTwis	 -1.684	 -0.176	 -0.014	 -0.026
[component_container-11] 	 32.670	    GPS	 -1.023	 -1.993	  4.904	     --
[component_container-11] 	 32.670	   Baro	     --	     --	  5.202	     --
[component_container-11] 	 32.670	  BBias	     --	     --	  0.312	     --
[component_container-11] 	 32.670	  Sonar	     --	     --	    inf	     --
[component_container-11] 	 32.670	  Magnt	     --	     --	     --	 -2.770
[component_container-11] 
[component_container-11] 	 32.700	   Pose	 -1.389	 -2.303	  4.919	 -2.755
[component_container-11] 	 32.700	  Twist	  0.364	 -0.122	  0.007	 -0.270
[component_container-11] 	 32.700	ErrPose	  0.428	  0.680	 -0.029	 -0.008
[component_container-11] 	 32.700	ErrTwis	 -1.688	 -0.187	 -0.020	 -0.008
[component_container-11] 	 32.700	    GPS	 -1.023	 -1.993	  4.904	     --
[component_container-11] 	 32.700	   Baro	     --	     --	  5.202	     --
[component_container-11] 	 32.700	  BBias	     --	     --	  0.312	     --
[component_container-11] 	 32.700	  Sonar	     --	     --	    inf	     --
[component_container-11] 	 32.700	  Magnt	     --	     --	     --	 -2.770
[component_container-11] 
[component_container-11] 	 32.740	   Pose	 -1.375	 -2.308	  4.915	 -2.767
[component_container-11] 	 32.740	  Twist	  0.359	 -0.128	  0.008	 -0.254
[component_container-11] 	 32.740	ErrPose	  0.458	  0.717	 -0.027	 -0.007
[component_container-11] 	 32.740	ErrTwis	 -1.688	 -0.197	 -0.021	 -0.024
[component_container-11] 	 32.740	    GPS	 -1.023	 -1.993	  4.904	     --
[component_container-11] 	 32.740	   Baro	     --	     --	  5.180	     --
[component_container-11] 	 32.740	  BBias	     --	     --	  0.312	     --
[component_container-11] 	 32.740	  Sonar	     --	     --	    inf	     --
[component_container-11] 	 32.740	  Magnt	     --	     --	     --	 -2.808
[component_container-11] 
[component_container-11] 	 32.770	   Pose	 -1.364	 -2.312	  4.923	 -2.776
[component_container-11] 	 32.770	  Twist	  0.356	 -0.132	  0.020	 -0.276
[component_container-11] 	 32.770	ErrPose	  0.470	  0.737	 -0.037	 -0.004
[component_container-11] 	 32.770	ErrTwis	 -1.687	 -0.201	 -0.032	 -0.002
[component_container-11] 	 32.770	    GPS	 -1.023	 -1.993	  4.904	     --
[component_container-11] 	 32.770	   Baro	     --	     --	  5.322	     --
[component_container-11] 	 32.770	  BBias	     --	     --	  0.312	     --
[component_container-11] 	 32.770	  Sonar	     --	     --	    inf	     --
[component_container-11] 	 32.770	  Magnt	     --	     --	     --	 -2.787
[component_container-11] 
[component_container-11] 	 32.800	   Pose	 -1.353	 -2.316	  4.924	 -2.784
[component_container-11] 	 32.800	  Twist	  0.354	 -0.136	  0.024	 -0.256
[component_container-11] 	 32.800	ErrPose	  0.505	  0.773	 -0.040	 -0.007
[component_container-11] 	 32.800	ErrTwis	 -1.688	 -0.213	 -0.035	 -0.022
[component_container-11] 	 32.800	    GPS	 -1.023	 -1.993	  4.904	     --
[component_container-11] 	 32.800	   Baro	     --	     --	  5.322	     --
[component_container-11] 	 32.800	  BBias	     --	     --	  0.312	     --
[component_container-11] 	 32.800	  Sonar	     --	     --	    inf	     --
[component_container-11] 	 32.800	  Magnt	     --	     --	     --	 -2.787
[component_container-11] 
[component_container-11] 	 32.840	   Pose	 -1.339	 -2.322	  4.924	 -2.796
[component_container-11] 	 32.840	  Twist	  0.349	 -0.141	  0.028	 -0.256
[component_container-11] 	 32.840	ErrPose	  0.536	  0.810	 -0.042	 -0.006
[component_container-11] 	 32.840	ErrTwis	 -1.686	 -0.224	 -0.042	 -0.021
[component_container-11] 	 32.840	    GPS	 -1.023	 -1.993	  4.904	     --
[component_container-11] 	 32.840	   Baro	     --	     --	  5.227	     --
[component_container-11] 	 32.840	  BBias	     --	     --	  0.312	     --
[component_container-11] 	 32.840	  Sonar	     --	     --	    inf	     --
[component_container-11] 	 32.840	  Magnt	     --	     --	     --	 -2.840
[component_container-11] 
[component_container-11] 	 32.870	   Pose	 -1.329	 -2.326	  4.927	 -2.804
[component_container-11] 	 32.870	  Twist	  0.346	 -0.145	  0.034	 -0.257
[component_container-11] 	 32.870	ErrPose	  0.548	  0.831	 -0.046	 -0.003
[component_container-11] 	 32.870	ErrTwis	 -1.683	 -0.228	 -0.049	 -0.021
[component_container-11] 	 32.870	    GPS	 -1.023	 -1.993	  4.904	     --
[component_container-11] 	 32.870	   Baro	     --	     --	  5.258	     --
[component_container-11] 	 32.870	  BBias	     --	     --	  0.312	     --
[component_container-11] 	 32.870	  Sonar	     --	     --	    inf	     --
[component_container-11] 	 32.870	  Magnt	     --	     --	     --	 -2.828
[component_container-11] 
[component_container-11] 	 32.900	   Pose	 -1.318	 -2.330	  4.928	 -2.812
[component_container-11] 	 32.900	  Twist	  0.344	 -0.149	  0.038	 -0.261
[component_container-11] 	 32.900	ErrPose	  0.583	  0.867	 -0.049	 -0.006
[component_container-11] 	 32.900	ErrTwis	 -1.680	 -0.240	 -0.052	 -0.017
[component_container-11] 	 32.900	    GPS	 -1.023	 -1.993	  4.904	     --
[component_container-11] 	 32.900	   Baro	     --	     --	  5.258	     --
[component_container-11] 	 32.900	  BBias	     --	     --	  0.312	     --
[component_container-11] 	 32.900	  Sonar	     --	     --	    inf	     --
[component_container-11] 	 32.900	  Magnt	     --	     --	     --	 -2.828
[component_container-11] 
[component_container-11] 	 32.940	   Pose	 -1.305	 -2.336	  4.919	 -2.824
[component_container-11] 	 32.940	  Twist	  0.341	 -0.153	  0.032	 -0.271
[component_container-11] 	 32.940	ErrPose	  0.615	  0.906	 -0.042	 -0.006
[component_container-11] 	 32.940	ErrTwis	 -1.675	 -0.250	 -0.046	 -0.007
[component_container-11] 	 32.940	    GPS	 -1.023	 -1.993	  4.904	     --
[component_container-11] 	 32.940	   Baro	     --	     --	  5.122	     --
[component_container-11] 	 32.940	  BBias	     --	     --	  0.312	     --
[component_container-11] 	 32.940	  Sonar	     --	     --	    inf	     --
[component_container-11] 	 32.940	  Magnt	     --	     --	     --	 -2.855
[component_container-11] 
[component_container-11] 	 32.970	   Pose	 -1.295	 -2.341	  4.920	 -2.832
[component_container-11] 	 32.970	  Twist	  0.337	 -0.157	  0.036	 -0.253
[component_container-11] 	 32.970	ErrPose	  0.627	  0.927	 -0.043	 -0.004
[component_container-11] 	 32.970	ErrTwis	 -1.671	 -0.253	 -0.051	 -0.025
[component_container-11] 	 32.970	    GPS	 -1.023	 -1.993	  4.904	     --
[component_container-11] 	 32.970	   Baro	     --	     --	  5.228	     --
[component_container-11] 	 32.970	  BBias	     --	     --	  0.312	     --
[component_container-11] 	 32.970	  Sonar	     --	     --	    inf	     --
[component_container-11] 	 32.970	  Magnt	     --	     --	     --	 -2.815
[component_container-11] 
[component_container-11] 	 33.000	   Pose	 -1.285	 -2.346	  4.921	 -2.840
[component_container-11] 	 33.000	  Twist	  0.334	 -0.161	  0.040	 -0.267
[component_container-11] 	 33.000	ErrPose	  0.663	  0.964	 -0.046	 -0.007
[component_container-11] 	 33.000	ErrTwis	 -1.663	 -0.263	 -0.057	 -0.011
[component_container-11] 	 33.000	    GPS	 -1.023	 -1.993	  4.904	     --
[component_container-11] 	 33.000	   Baro	     --	     --	  5.228	     --
[component_container-11] 	 33.000	  BBias	     --	     --	  0.312	     --
[component_container-11] 	 33.000	  Sonar	     --	     --	    inf	     --
[component_container-11] 	 33.000	  Magnt	     --	     --	     --	 -2.815
[component_container-11] 
[component_container-11] 	 33.040	   Pose	 -1.084	 -1.890	  4.908	 -2.851
[component_container-11] 	 33.040	  Twist	  0.436	  0.180	  0.032	 -0.278
[component_container-11] 	 33.040	ErrPose	  0.508	  0.540	 -0.035	 -0.006
[component_container-11] 	 33.040	ErrTwis	 -1.760	 -0.617	 -0.047	 -0.000
[component_container-11] 	 33.040	    GPS	 -0.768	 -1.417	  4.874	     --
[component_container-11] 	 33.040	   Baro	     --	     --	  5.151	     --
[component_container-11] 	 33.040	  BBias	     --	     --	  0.313	     --
[component_container-11] 	 33.040	  Sonar	     --	     --	    inf	     --
[component_container-11] 	 33.040	  Magnt	     --	     --	     --	 -2.873
[component_container-11] 
[component_container-11] [INFO] [1775370755.242180380] [drone.estimator]: TMP LOG err_xyz=(0.508, 0.540, -0.035) | z_est=4.908 vz_est=0.032 bias=0.313 | gps_z=4.874 sonar=inf baro=5.151
[component_container-11] 	 33.070	   Pose	 -1.071	 -1.884	  4.904	 -2.860
[component_container-11] 	 33.070	  Twist	  0.433	  0.177	  0.030	 -0.279
[component_container-11] 	 33.070	ErrPose	  0.517	  0.550	 -0.032	 -0.003
[component_container-11] 	 33.070	ErrTwis	 -1.755	 -0.620	 -0.045	  0.001
[component_container-11] 	 33.070	    GPS	 -0.768	 -1.417	  4.874	     --
[component_container-11] 	 33.070	   Baro	     --	     --	  5.157	     --
[component_container-11] 	 33.070	  BBias	     --	     --	  0.312	     --
[component_container-11] 	 33.070	  Sonar	     --	     --	    inf	     --
[component_container-11] 	 33.070	  Magnt	     --	     --	     --	 -2.860
[component_container-11] 
[component_container-11] [INFO] [1775370755.304437719] [drone.controller]: cmd_vel body=(-0.946, -0.325, 0.042) yaw=-0.300 | odom_received=true | plan_points=46
[component_container-11] 	 33.100	   Pose	 -1.058	 -1.879	  4.905	 -2.868
[component_container-11] 	 33.100	  Twist	  0.430	  0.173	  0.035	 -0.268
[component_container-11] 	 33.100	ErrPose	  0.550	  0.577	 -0.034	 -0.006
[component_container-11] 	 33.100	ErrTwis	 -1.746	 -0.629	 -0.050	 -0.011
[component_container-11] 	 33.100	    GPS	 -0.768	 -1.417	  4.874	     --
[component_container-11] 	 33.100	   Baro	     --	     --	  5.157	     --
[component_container-11] 	 33.100	  BBias	     --	     --	  0.312	     --
[component_container-11] 	 33.100	  Sonar	     --	     --	    inf	     --
[component_container-11] 	 33.100	  Magnt	     --	     --	     --	 -2.860
[component_container-11] 
[component_container-11] 	 33.140	   Pose	 -1.041	 -1.872	  4.903	 -2.878
[component_container-11] 	 33.140	  Twist	  0.426	  0.168	  0.038	 -0.273
[component_container-11] 	 33.140	ErrPose	  0.578	  0.602	 -0.033	 -0.007
[component_container-11] 	 33.140	ErrTwis	 -1.733	 -0.637	 -0.054	 -0.006
[component_container-11] 	 33.140	    GPS	 -0.768	 -1.417	  4.874	     --
[component_container-11] 	 33.140	   Baro	     --	     --	  5.174	     --
[component_container-11] 	 33.140	  BBias	     --	     --	  0.312	     --
[component_container-11] 	 33.140	  Sonar	     --	     --	    inf	     --
[component_container-11] 	 33.140	  Magnt	     --	     --	     --	 -2.857
[component_container-11] 
[component_container-11] 	 33.170	   Pose	 -1.028	 -1.867	  4.892	 -2.886
[component_container-11] 	 33.170	  Twist	  0.423	  0.164	  0.031	 -0.246
[component_container-11] 	 33.170	ErrPose	  0.588	  0.613	 -0.022	 -0.005
[component_container-11] 	 33.170	ErrTwis	 -1.726	 -0.639	 -0.046	 -0.033
[component_container-11] 	 33.170	    GPS	 -0.768	 -1.417	  4.874	     --
[component_container-11] 	 33.170	   Baro	     --	     --	  5.061	     --
[component_container-11] 	 33.170	  BBias	     --	     --	  0.312	     --
[component_container-11] 	 33.170	  Sonar	     --	     --	    inf	     --
[component_container-11] 	 33.170	  Magnt	     --	     --	     --	 -2.854
[component_container-11] 
[component_container-11] 	 33.200	   Pose	 -1.015	 -1.862	  4.893	 -2.894
[component_container-11] 	 33.200	  Twist	  0.421	  0.161	  0.036	 -0.283
[component_container-11] 	 33.200	ErrPose	  0.620	  0.640	 -0.023	 -0.009
[component_container-11] 	 33.200	ErrTwis	 -1.714	 -0.646	 -0.048	  0.004
[component_container-11] 	 33.200	    GPS	 -0.768	 -1.417	  4.874	     --
[component_container-11] 	 33.200	   Baro	     --	     --	  5.061	     --
[component_container-11] 	 33.200	  BBias	     --	     --	  0.312	     --
[component_container-11] 	 33.200	  Sonar	     --	     --	    inf	     --
[component_container-11] 	 33.200	  Magnt	     --	     --	     --	 -2.854
[component_container-11] 
[component_container-11] 	 33.240	   Pose	 -0.998	 -1.856	  4.884	 -2.904
[component_container-11] 	 33.240	  Twist	  0.417	  0.155	  0.033	 -0.277
[component_container-11] 	 33.240	ErrPose	  0.649	  0.665	 -0.015	 -0.009
[component_container-11] 	 33.240	ErrTwis	 -1.701	 -0.650	 -0.043	 -0.002
[component_container-11] 	 33.240	    GPS	 -0.768	 -1.417	  4.874	     --
[component_container-11] 	 33.240	   Baro	     --	     --	  5.089	     --
[component_container-11] 	 33.240	  BBias	     --	     --	  0.312	     --
[component_container-11] 	 33.240	  Sonar	     --	     --	    inf	     --
[component_container-11] 	 33.240	  Magnt	     --	     --	     --	 -2.891
[component_container-11] 
[component_container-11] 	 33.270	   Pose	 -0.986	 -1.851	  4.890	 -2.912
[component_container-11] 	 33.270	  Twist	  0.415	  0.152	  0.042	 -0.280
[component_container-11] 	 33.270	ErrPose	  0.659	  0.675	 -0.021	 -0.007
[component_container-11] 	 33.270	ErrTwis	 -1.693	 -0.649	 -0.054	  0.001
[component_container-11] 	 33.270	    GPS	 -0.768	 -1.417	  4.874	     --
[component_container-11] 	 33.270	   Baro	     --	     --	  5.249	     --
[component_container-11] 	 33.270	  BBias	     --	     --	  0.312	     --
[component_container-11] 	 33.270	  Sonar	     --	     --	    inf	     --
[component_container-11] 	 33.270	  Magnt	     --	     --	     --	 -2.916
[component_container-11] 
[component_container-11] 	 33.300	   Pose	 -0.974	 -1.847	  4.891	 -2.920
[component_container-11] 	 33.300	  Twist	  0.412	  0.147	  0.048	 -0.269
[component_container-11] 	 33.300	ErrPose	  0.691	  0.702	 -0.022	 -0.010
[component_container-11] 	 33.300	ErrTwis	 -1.678	 -0.651	 -0.060	 -0.010
[component_container-11] 	 33.300	    GPS	 -0.768	 -1.417	  4.874	     --
[component_container-11] 	 33.300	   Baro	     --	     --	  5.249	     --
[component_container-11] 	 33.300	  BBias	     --	     --	  0.312	     --
[component_container-11] 	 33.300	  Sonar	     --	     --	    inf	     --
[component_container-11] 	 33.300	  Magnt	     --	     --	     --	 -2.916
[component_container-11] 
[component_container-11] 	 33.340	   Pose	 -0.957	 -1.841	  4.881	 -2.932
[component_container-11] 	 33.340	  Twist	  0.408	  0.141	  0.043	 -0.264
[component_container-11] 	 33.340	ErrPose	  0.719	  0.726	 -0.012	 -0.009
[component_container-11] 	 33.340	ErrTwis	 -1.662	 -0.651	 -0.050	 -0.015
[component_container-11] 	 33.340	    GPS	 -0.768	 -1.417	  4.874	     --
[component_container-11] 	 33.340	   Baro	     --	     --	  5.066	     --
[component_container-11] 	 33.340	  BBias	     --	     --	  0.312	     --
[component_container-11] 	 33.340	  Sonar	     --	     --	    inf	     --
[component_container-11] 	 33.340	  Magnt	     --	     --	     --	 -2.946
[component_container-11] 
[component_container-11] 	 33.370	   Pose	 -0.945	 -1.837	  4.883	 -2.941
[component_container-11] 	 33.370	  Twist	  0.405	  0.137	  0.048	 -0.266
[component_container-11] 	 33.370	ErrPose	  0.729	  0.737	 -0.015	 -0.006
[component_container-11] 	 33.370	ErrTwis	 -1.653	 -0.650	 -0.053	 -0.014
[component_container-11] 	 33.370	    GPS	 -0.768	 -1.417	  4.874	     --
[component_container-11] 	 33.370	   Baro	     --	     --	  5.206	     --
[component_container-11] 	 33.370	  BBias	     --	     --	  0.312	     --
[component_container-11] 	 33.370	  Sonar	     --	     --	    inf	     --
[component_container-11] 	 33.370	  Magnt	     --	     --	     --	 -2.965
[component_container-11] 
[component_container-11] 	 33.400	   Pose	 -0.933	 -1.833	  4.885	 -2.949
[component_container-11] 	 33.400	  Twist	  0.403	  0.133	  0.052	 -0.264
[component_container-11] 	 33.400	ErrPose	  0.761	  0.763	 -0.016	 -0.009
[component_container-11] 	 33.400	ErrTwis	 -1.637	 -0.653	 -0.054	 -0.015
[component_container-11] 	 33.400	    GPS	 -0.768	 -1.417	  4.874	     --
[component_container-11] 	 33.400	   Baro	     --	     --	  5.206	     --
[component_container-11] 	 33.400	  BBias	     --	     --	  0.312	     --
[component_container-11] 	 33.400	  Sonar	     --	     --	    inf	     --
[component_container-11] 	 33.400	  Magnt	     --	     --	     --	 -2.965
[component_container-11] 
[component_container-11] 	 33.440	   Pose	 -0.917	 -1.828	  4.892	 -2.959
[component_container-11] 	 33.440	  Twist	  0.398	  0.127	  0.062	 -0.280
[component_container-11] 	 33.440	ErrPose	  0.789	  0.787	 -0.022	 -0.010
[component_container-11] 	 33.440	ErrTwis	 -1.617	 -0.655	 -0.063	  0.001
[component_container-11] 	 33.440	    GPS	 -0.768	 -1.417	  4.874	     --
[component_container-11] 	 33.440	   Baro	     --	     --	  5.248	     --
[component_container-11] 	 33.440	  BBias	     --	     --	  0.312	     --
[component_container-11] 	 33.440	  Sonar	     --	     --	    inf	     --
[component_container-11] 	 33.440	  Magnt	     --	     --	     --	 -2.932
[component_container-11] 
[component_container-11] 	 33.470	   Pose	 -0.905	 -1.824	  4.885	 -2.968
[component_container-11] 	 33.470	  Twist	  0.394	  0.124	  0.058	 -0.266
[component_container-11] 	 33.470	ErrPose	  0.799	  0.798	 -0.015	 -0.007
[component_container-11] 	 33.470	ErrTwis	 -1.606	 -0.655	 -0.057	 -0.013
[component_container-11] 	 33.470	    GPS	 -0.768	 -1.417	  4.874	     --
[component_container-11] 	 33.470	   Baro	     --	     --	  5.110	     --
[component_container-11] 	 33.470	  BBias	     --	     --	  0.312	     --
[component_container-11] 	 33.470	  Sonar	     --	     --	    inf	     --
[component_container-11] 	 33.470	  Magnt	     --	     --	     --	 -2.981
[component_container-11] 
[component_container-11] 	 33.500	   Pose	 -0.893	 -1.820	  4.887	 -2.976
[component_container-11] 	 33.500	  Twist	  0.392	  0.120	  0.062	 -0.274
[component_container-11] 	 33.500	ErrPose	  0.831	  0.823	 -0.016	 -0.010
[component_container-11] 	 33.500	ErrTwis	 -1.588	 -0.660	 -0.055	 -0.004
[component_container-11] 	 33.500	    GPS	 -0.768	 -1.417	  4.874	     --
[component_container-11] 	 33.500	   Baro	     --	     --	  5.110	     --
[component_container-11] 	 33.500	  BBias	     --	     --	  0.312	     --
[component_container-11] 	 33.500	  Sonar	     --	     --	    inf	     --
[component_container-11] 	 33.500	  Magnt	     --	     --	     --	 -2.981
[component_container-11] 
[component_container-11] [INFO] [1775370755.708644464] [drone.estimator]: TMP LOG gps innov_xy=(0.733, 0.644) est_xy=(-0.893, -1.820) gps_xy=(-0.161, -1.176) corr_xy=(-0.161, -1.176) vel_xy=(0.392, 0.120)
[component_container-11] [INFO] [1775370755.709114559] [drone.estimator]: TMP LOG gps vel pseudo raw=(1.215, 0.482) filt=(1.151, 0.541) innov_v=(0.654, 0.328) apply=(1,1)
[component_container-11] 	 33.540	   Pose	 -0.546	 -1.562	  4.892	 -2.987
[component_container-11] 	 33.540	  Twist	  0.618	  0.270	  0.069	 -0.262
[component_container-11] 	 33.540	ErrPose	  0.527	  0.594	 -0.020	 -0.010
[component_container-11] 	 33.540	ErrTwis	 -1.798	 -0.819	 -0.061	 -0.017
[component_container-11] 	 33.540	    GPS	 -0.161	 -1.176	  4.871	     --
[component_container-11] 	 33.540	   Baro	     --	     --	  5.259	     --
[component_container-11] 	 33.540	  BBias	     --	     --	  0.312	     --
[component_container-11] 	 33.540	  Sonar	     --	     --	    inf	     --
[component_container-11] 	 33.540	  Magnt	     --	     --	     --	 -2.970
[component_container-11] 
[component_container-11] 	 33.570	   Pose	 -0.528	 -1.554	  4.883	 -2.995
[component_container-11] 	 33.570	  Twist	  0.615	  0.266	  0.062	 -0.268
[component_container-11] 	 33.570	ErrPose	  0.529	  0.601	 -0.010	 -0.008
[component_container-11] 	 33.570	ErrTwis	 -1.787	 -0.820	 -0.054	 -0.011
[component_container-11] 	 33.570	    GPS	 -0.161	 -1.176	  4.871	     --
[component_container-11] 	 33.570	   Baro	     --	     --	  5.068	     --
[component_container-11] 	 33.570	  BBias	     --	     --	  0.312	     --
[component_container-11] 	 33.570	  Sonar	     --	     --	    inf	     --
[component_container-11] 	 33.570	  Magnt	     --	     --	     --	 -2.989
[component_container-11] 
[component_container-11] 	 33.600	   Pose	 -0.509	 -1.546	  4.885	 -3.003
[component_container-11] 	 33.600	  Twist	  0.613	  0.263	  0.066	 -0.277
[component_container-11] 	 33.600	ErrPose	  0.553	  0.621	 -0.011	 -0.011
[component_container-11] 	 33.600	ErrTwis	 -1.766	 -0.826	 -0.057	 -0.002
[component_container-11] 	 33.600	    GPS	 -0.161	 -1.176	  4.871	     --
[component_container-11] 	 33.600	   Baro	     --	     --	  5.068	     --
[component_container-11] 	 33.600	  BBias	     --	     --	  0.312	     --
[component_container-11] 	 33.600	  Sonar	     --	     --	    inf	     --
[component_container-11] 	 33.600	  Magnt	     --	     --	     --	 -2.989
[component_container-11] 
[component_container-11] 	 33.640	   Pose	 -0.485	 -1.536	  4.884	 -3.015
[component_container-11] 	 33.640	  Twist	  0.609	  0.258	  0.068	 -0.266
[component_container-11] 	 33.640	ErrPose	  0.570	  0.639	 -0.009	 -0.010
[component_container-11] 	 33.640	ErrTwis	 -1.744	 -0.830	 -0.054	 -0.013
[component_container-11] 	 33.640	    GPS	 -0.161	 -1.176	  4.871	     --
[component_container-11] 	 33.640	   Baro	     --	     --	  5.151	     --
[component_container-11] 	 33.640	  BBias	     --	     --	  0.312	     --
[component_container-11] 	 33.640	  Sonar	     --	     --	    inf	     --
[component_container-11] 	 33.640	  Magnt	     --	     --	     --	 -3.054
[component_container-11] 
[component_container-11] 	 33.670	   Pose	 -0.467	 -1.528	  4.883	 -3.023
[component_container-11] 	 33.670	  Twist	  0.607	  0.253	  0.069	 -0.264
[component_container-11] 	 33.670	ErrPose	  0.573	  0.646	 -0.007	 -0.008
[component_container-11] 	 33.670	ErrTwis	 -1.732	 -0.830	 -0.053	 -0.015
[component_container-11] 	 33.670	    GPS	 -0.161	 -1.176	  4.871	     --
[component_container-11] 	 33.670	   Baro	     --	     --	  5.154	     --
[component_container-11] 	 33.670	  BBias	     --	     --	  0.312	     --
[component_container-11] 	 33.670	  Sonar	     --	     --	    inf	     --
[component_container-11] 	 33.670	  Magnt	     --	     --	     --	 -3.017
[component_container-11] 
[component_container-11] 	 33.700	   Pose	 -0.449	 -1.521	  4.885	 -3.031
[component_container-11] 	 33.700	  Twist	  0.603	  0.249	  0.072	 -0.284
[component_container-11] 	 33.700	ErrPose	  0.596	  0.666	 -0.007	 -0.011
[component_container-11] 	 33.700	ErrTwis	 -1.709	 -0.836	 -0.056	  0.005
[component_container-11] 	 33.700	    GPS	 -0.161	 -1.176	  4.871	     --
[component_container-11] 	 33.700	   Baro	     --	     --	  5.154	     --
[component_container-11] 	 33.700	  BBias	     --	     --	  0.312	     --
[component_container-11] 	 33.700	  Sonar	     --	     --	    inf	     --
[component_container-11] 	 33.700	  Magnt	     --	     --	     --	 -3.017
[component_container-11] 
[component_container-11] 	 33.740	   Pose	 -0.425	 -1.511	  4.890	 -3.042
[component_container-11] 	 33.740	  Twist	  0.600	  0.244	  0.080	 -0.272
[component_container-11] 	 33.740	ErrPose	  0.612	  0.685	 -0.011	 -0.010
[component_container-11] 	 33.740	ErrTwis	 -1.685	 -0.840	 -0.061	 -0.007
[component_container-11] 	 33.740	    GPS	 -0.161	 -1.176	  4.871	     --
[component_container-11] 	 33.740	   Baro	     --	     --	  5.222	     --
[component_container-11] 	 33.740	  BBias	     --	     --	  0.312	     --
[component_container-11] 	 33.740	  Sonar	     --	     --	    inf	     --
[component_container-11] 	 33.740	  Magnt	     --	     --	     --	 -3.072
[component_container-11] 
[component_container-11] 	 33.770	   Pose	 -0.407	 -1.504	  4.892	 -3.051
[component_container-11] 	 33.770	  Twist	  0.597	  0.240	  0.083	 -0.263
[component_container-11] 	 33.770	ErrPose	  0.614	  0.691	 -0.012	 -0.007
[component_container-11] 	 33.770	ErrTwis	 -1.672	 -0.842	 -0.061	 -0.016
[component_container-11] 	 33.770	    GPS	 -0.161	 -1.176	  4.871	     --
[component_container-11] 	 33.770	   Baro	     --	     --	  5.199	     --
[component_container-11] 	 33.770	  BBias	     --	     --	  0.312	     --
[component_container-11] 	 33.770	  Sonar	     --	     --	    inf	     --
[component_container-11] 	 33.770	  Magnt	     --	     --	     --	 -3.080
[component_container-11] 
[component_container-11] 	 33.800	   Pose	 -0.389	 -1.497	  4.895	 -3.060
[component_container-11] 	 33.800	  Twist	  0.595	  0.236	  0.086	 -0.282
[component_container-11] 	 33.800	ErrPose	  0.635	  0.712	 -0.013	 -0.010
[component_container-11] 	 33.800	ErrTwis	 -1.649	 -0.848	 -0.060	  0.003
[component_container-11] 	 33.800	    GPS	 -0.161	 -1.176	  4.871	     --
[component_container-11] 	 33.800	   Baro	     --	     --	  5.199	     --
[component_container-11] 	 33.800	  BBias	     --	     --	  0.312	     --
[component_container-11] 	 33.800	  Sonar	     --	     --	    inf	     --
[component_container-11] 	 33.800	  Magnt	     --	     --	     --	 -3.080
[component_container-11] 
[component_container-11] 	 33.840	   Pose	 -0.365	 -1.487	  4.897	 -3.070
[component_container-11] 	 33.840	  Twist	  0.592	  0.231	  0.089	 -0.268
[component_container-11] 	 33.840	ErrPose	  0.651	  0.730	 -0.013	 -0.010
[component_container-11] 	 33.840	ErrTwis	 -1.625	 -0.853	 -0.062	 -0.011
[component_container-11] 	 33.840	    GPS	 -0.161	 -1.176	  4.871	     --
[component_container-11] 	 33.840	   Baro	     --	     --	  5.189	     --
[component_container-11] 	 33.840	  BBias	     --	     --	  0.312	     --
[component_container-11] 	 33.840	  Sonar	     --	     --	    inf	     --
[component_container-11] 	 33.840	  Magnt	     --	     --	     --	 -3.052
[component_container-11] 
[component_container-11] 	 33.870	   Pose	 -0.347	 -1.480	  4.876	 -3.079
[component_container-11] 	 33.870	  Twist	  0.589	  0.227	  0.068	 -0.262
[component_container-11] 	 33.870	ErrPose	  0.652	  0.737	  0.008	 -0.007
[component_container-11] 	 33.870	ErrTwis	 -1.611	 -0.854	 -0.041	 -0.017
[component_container-11] 	 33.870	    GPS	 -0.161	 -1.176	  4.871	     --
[component_container-11] 	 33.870	   Baro	     --	     --	  4.951	     --
[component_container-11] 	 33.870	  BBias	     --	     --	  0.312	     --
[component_container-11] 	 33.870	  Sonar	     --	     --	    inf	     --
[component_container-11] 	 33.870	  Magnt	     --	     --	     --	 -3.094
[component_container-11] 
[component_container-11] 	 33.900	   Pose	 -0.330	 -1.474	  4.879	 -3.087
[component_container-11] 	 33.900	  Twist	  0.587	  0.223	  0.070	 -0.266
[component_container-11] 	 33.900	ErrPose	  0.672	  0.758	  0.009	 -0.010
[component_container-11] 	 33.900	ErrTwis	 -1.585	 -0.860	 -0.042	 -0.013
[component_container-11] 	 33.900	    GPS	 -0.161	 -1.176	  4.871	     --
[component_container-11] 	 33.900	   Baro	     --	     --	  4.951	     --
[component_container-11] 	 33.900	  BBias	     --	     --	  0.312	     --
[component_container-11] 	 33.900	  Sonar	     --	     --	    inf	     --
[component_container-11] 	 33.900	  Magnt	     --	     --	     --	 -3.094
[component_container-11] 
[component_container-11] 	 33.940	   Pose	 -0.306	 -1.465	  4.876	 -3.097
[component_container-11] 	 33.940	  Twist	  0.584	  0.217	  0.068	 -0.258
[component_container-11] 	 33.940	ErrPose	  0.686	  0.777	  0.014	 -0.011
[component_container-11] 	 33.940	ErrTwis	 -1.560	 -0.864	 -0.036	 -0.021
[component_container-11] 	 33.940	    GPS	 -0.161	 -1.176	  4.871	     --
[component_container-11] 	 33.940	   Baro	     --	     --	  5.127	     --
[component_container-11] 	 33.940	  BBias	     --	     --	  0.312	     --
[component_container-11] 	 33.940	  Sonar	     --	     --	    inf	     --
[component_container-11] 	 33.940	  Magnt	     --	     --	     --	 -3.075
[component_container-11] 
[component_container-11] 	 33.970	   Pose	 -0.289	 -1.458	  4.869	 -3.106
[component_container-11] 	 33.970	  Twist	  0.582	  0.213	  0.063	 -0.266
[component_container-11] 	 33.970	ErrPose	  0.687	  0.784	  0.022	 -0.008
[component_container-11] 	 33.970	ErrTwis	 -1.547	 -0.864	 -0.030	 -0.013
[component_container-11] 	 33.970	    GPS	 -0.161	 -1.176	  4.871	     --
[component_container-11] 	 33.970	   Baro	     --	     --	  5.089	     --
[component_container-11] 	 33.970	  BBias	     --	     --	  0.312	     --
[component_container-11] 	 33.970	  Sonar	     --	     --	    inf	     --
[component_container-11] 	 33.970	  Magnt	     --	     --	     --	  3.137
[component_container-11] 
[component_container-11] 	 34.000	   Pose	 -0.271	 -1.452	  4.871	 -3.114
[component_container-11] 	 34.000	  Twist	  0.581	  0.208	  0.066	 -0.264
[component_container-11] 	 34.000	ErrPose	  0.706	  0.805	  0.022	 -0.011
[component_container-11] 	 34.000	ErrTwis	 -1.522	 -0.869	 -0.033	 -0.016
[component_container-11] 	 34.000	    GPS	 -0.161	 -1.176	  4.871	     --
[component_container-11] 	 34.000	   Baro	     --	     --	  5.089	     --
[component_container-11] 	 34.000	  BBias	     --	     --	  0.312	     --
[component_container-11] 	 34.000	  Sonar	     --	     --	    inf	     --
[component_container-11] 	 34.000	  Magnt	     --	     --	     --	  3.137
[component_container-11] 
[component_container-11] 	 34.040	   Pose	 -0.003	 -1.061	  4.875	 -3.125
[component_container-11] 	 34.040	  Twist	  0.732	  0.469	  0.072	 -0.259
[component_container-11] 	 34.040	ErrPose	  0.474	  0.442	  0.020	 -0.012
[component_container-11] 	 34.040	ErrTwis	 -1.649	 -1.139	 -0.036	 -0.020
[component_container-11] 	 34.040	    GPS	  0.338	 -0.605	  4.893	     --
[component_container-11] 	 34.040	   Baro	     --	     --	  5.155	     --
[component_container-11] 	 34.040	  BBias	     --	     --	  0.312	     --
[component_container-11] 	 34.040	  Sonar	     --	     --	    inf	     --
[component_container-11] 	 34.040	  Magnt	     --	     --	     --	 -3.090
[component_container-11] 
[component_container-11] [INFO] [1775370756.248015172] [drone.estimator]: TMP LOG err_xyz=(0.474, 0.442, 0.020) | z_est=4.875 vz_est=0.072 bias=0.312 | gps_z=4.893 sonar=inf baro=5.155
[component_container-11] 	 34.070	   Pose	  0.019	 -1.047	  4.875	 -3.134
[component_container-11] 	 34.070	  Twist	  0.730	  0.464	  0.073	 -0.262
[component_container-11] 	 34.070	ErrPose	  0.469	  0.441	  0.021	 -0.009
[component_container-11] 	 34.070	ErrTwis	 -1.635	 -1.139	 -0.035	 -0.017
[component_container-11] 	 34.070	    GPS	  0.338	 -0.605	  4.893	     --
[component_container-11] 	 34.070	   Baro	     --	     --	  5.161	     --
[component_container-11] 	 34.070	  BBias	     --	     --	  0.312	     --
[component_container-11] 	 34.070	  Sonar	     --	     --	    inf	     --
[component_container-11] 	 34.070	  Magnt	     --	     --	     --	  3.115
[component_container-11] 
[component_container-11] [INFO] [1775370756.308048820] [drone.controller]: cmd_vel body=(-0.702, -0.712, 0.059) yaw=-0.300 | odom_received=true | plan_points=31
[component_container-11] 	 34.100	   Pose	  0.041	 -1.033	  4.877	 -3.142
[component_container-11] 	 34.100	  Twist	  0.728	  0.460	  0.076	 -0.262
[component_container-11] 	 34.100	ErrPose	  0.482	  0.455	  0.022	 -0.012
[component_container-11] 	 34.100	ErrTwis	 -1.609	 -1.143	 -0.034	 -0.018
[component_container-11] 	 34.100	    GPS	  0.338	 -0.605	  4.893	     --
[component_container-11] 	 34.100	   Baro	     --	     --	  5.161	     --
[component_container-11] 	 34.100	  BBias	     --	     --	  0.312	     --
[component_container-11] 	 34.100	  Sonar	     --	     --	    inf	     --
[component_container-11] 	 34.100	  Magnt	     --	     --	     --	  3.115
[component_container-11] 
[component_container-11] 	 34.140	   Pose	  0.070	 -1.014	  4.877	  3.131
[component_container-11] 	 34.140	  Twist	  0.726	  0.455	  0.076	 -0.274
[component_container-11] 	 34.140	ErrPose	  0.487	  0.464	  0.025	 -0.012
[component_container-11] 	 34.140	ErrTwis	 -1.582	 -1.147	 -0.033	 -0.006
[component_container-11] 	 34.140	    GPS	  0.338	 -0.605	  4.893	     --
[component_container-11] 	 34.140	   Baro	     --	     --	  5.146	     --
[component_container-11] 	 34.140	  BBias	     --	     --	  0.312	     --
[component_container-11] 	 34.140	  Sonar	     --	     --	    inf	     --
[component_container-11] 	 34.140	  Magnt	     --	     --	     --	  3.127
[component_container-11] 
[component_container-11] 	 34.170	   Pose	  0.091	 -1.001	  4.867	  3.121
[component_container-11] 	 34.170	  Twist	  0.724	  0.451	  0.068	 -0.274
[component_container-11] 	 34.170	ErrPose	  0.482	  0.464	  0.036	 -0.008
[component_container-11] 	 34.170	ErrTwis	 -1.567	 -1.147	 -0.024	 -0.006
[component_container-11] 	 34.170	    GPS	  0.338	 -0.605	  4.893	     --
[component_container-11] 	 34.170	   Baro	     --	     --	  5.043	     --
[component_container-11] 	 34.170	  BBias	     --	     --	  0.312	     --
[component_container-11] 	 34.170	  Sonar	     --	     --	    inf	     --
[component_container-11] 	 34.170	  Magnt	     --	     --	     --	  3.073
[component_container-11] 
[component_container-11] 	 34.200	   Pose	  0.113	 -0.987	  4.869	  3.113
[component_container-11] 	 34.200	  Twist	  0.721	  0.447	  0.071	 -0.274
[component_container-11] 	 34.200	ErrPose	  0.493	  0.478	  0.037	 -0.011
[component_container-11] 	 34.200	ErrTwis	 -1.540	 -1.151	 -0.023	 -0.005
[component_container-11] 	 34.200	    GPS	  0.338	 -0.605	  4.893	     --
[component_container-11] 	 34.200	   Baro	     --	     --	  5.043	     --
[component_container-11] 	 34.200	  BBias	     --	     --	  0.312	     --
[component_container-11] 	 34.200	  Sonar	     --	     --	    inf	     --
[component_container-11] 	 34.200	  Magnt	     --	     --	     --	  3.073
[component_container-11] 
[component_container-11] 	 34.240	   Pose	  0.142	 -0.970	  4.877	  3.101
[component_container-11] 	 34.240	  Twist	  0.719	  0.441	  0.080	 -0.286
[component_container-11] 	 34.240	ErrPose	  0.497	  0.487	  0.032	 -0.011
[component_container-11] 	 34.240	ErrTwis	 -1.513	 -1.153	 -0.029	  0.006
[component_container-11] 	 34.240	    GPS	  0.338	 -0.605	  4.893	     --
[component_container-11] 	 34.240	   Baro	     --	     --	  5.238	     --
[component_container-11] 	 34.240	  BBias	     --	     --	  0.312	     --
[component_container-11] 	 34.240	  Sonar	     --	     --	    inf	     --
[component_container-11] 	 34.240	  Magnt	     --	     --	     --	  3.079
[component_container-11] 
[component_container-11] [INFO] [1775370756.470114838] [drone.estimator]: TMP LOG sonar rejected: meas=3.967 est_z=4.872 innov=-0.905
[component_container-11] 	 34.270	   Pose	  0.163	 -0.956	  4.873	  3.093
[component_container-11] 	 34.270	  Twist	  0.716	  0.437	  0.076	 -0.277
[component_container-11] 	 34.270	ErrPose	  0.491	  0.487	  0.038	 -0.008
[component_container-11] 	 34.270	ErrTwis	 -1.498	 -1.151	 -0.025	 -0.003
[component_container-11] 	 34.270	    GPS	  0.338	 -0.605	  4.893	     --
[component_container-11] 	 34.270	   Baro	     --	     --	  5.108	     --
[component_container-11] 	 34.270	  BBias	     --	     --	  0.312	     --
[component_container-11] 	 34.270	  Sonar	     --	     --	  3.967	     --
[component_container-11] 	 34.270	  Magnt	     --	     --	     --	  3.098
[component_container-11] 
[component_container-11] 	 34.300	   Pose	  0.185	 -0.943	  4.875	  3.085
[component_container-11] 	 34.300	  Twist	  0.715	  0.433	  0.079	 -0.267
[component_container-11] 	 34.300	ErrPose	  0.501	  0.501	  0.038	 -0.011
[component_container-11] 	 34.300	ErrTwis	 -1.471	 -1.154	 -0.026	 -0.013
[component_container-11] 	 34.300	    GPS	  0.338	 -0.605	  4.893	     --
[component_container-11] 	 34.300	   Baro	     --	     --	  5.108	     --
[component_container-11] 	 34.300	  BBias	     --	     --	  0.312	     --
[component_container-11] 	 34.300	  Sonar	     --	     --	  3.967	     --
[component_container-11] 	 34.300	  Magnt	     --	     --	     --	  3.098
[component_container-11] 
[component_container-11] 	 34.340	   Pose	  0.213	 -0.926	  4.886	  3.075
[component_container-11] 	 34.340	  Twist	  0.712	  0.427	  0.091	 -0.265
[component_container-11] 	 34.340	ErrPose	  0.503	  0.511	  0.031	 -0.012
[component_container-11] 	 34.340	ErrTwis	 -1.442	 -1.155	 -0.034	 -0.015
[component_container-11] 	 34.340	    GPS	  0.338	 -0.605	  4.893	     --
[component_container-11] 	 34.340	   Baro	     --	     --	  5.273	     --
[component_container-11] 	 34.340	  BBias	     --	     --	  0.312	     --
[component_container-11] 	 34.340	  Sonar	     --	     --	  3.964	     --
[component_container-11] 	 34.340	  Magnt	     --	     --	     --	  3.103
[component_container-11] 
[component_container-11] 	 34.370	   Pose	  0.235	 -0.913	  4.897	  3.066
[component_container-11] 	 34.370	  Twist	  0.710	  0.423	  0.102	 -0.264
[component_container-11] 	 34.370	ErrPose	  0.496	  0.512	  0.021	 -0.009
[component_container-11] 	 34.370	ErrTwis	 -1.428	 -1.154	 -0.042	 -0.016
[component_container-11] 	 34.370	    GPS	  0.338	 -0.605	  4.893	     --
[component_container-11] 	 34.370	   Baro	     --	     --	  5.291	     --
[component_container-11] 	 34.370	  BBias	     --	     --	  0.312	     --
[component_container-11] 	 34.370	  Sonar	     --	     --	    inf	     --
[component_container-11] 	 34.370	  Magnt	     --	     --	     --	  3.048
[component_container-11] 
[component_container-11] 	 34.400	   Pose	  0.256	 -0.901	  4.900	  3.058
[component_container-11] 	 34.400	  Twist	  0.709	  0.419	  0.104	 -0.274
[component_container-11] 	 34.400	ErrPose	  0.504	  0.527	  0.021	 -0.012
[component_container-11] 	 34.400	ErrTwis	 -1.402	 -1.157	 -0.041	 -0.006
[component_container-11] 	 34.400	    GPS	  0.338	 -0.605	  4.893	     --
[component_container-11] 	 34.400	   Baro	     --	     --	  5.291	     --
[component_container-11] 	 34.400	  BBias	     --	     --	  0.312	     --
[component_container-11] 	 34.400	  Sonar	     --	     --	    inf	     --
[component_container-11] 	 34.400	  Magnt	     --	     --	     --	  3.048
[component_container-11] 
[component_container-11] 	 34.440	   Pose	  0.284	 -0.884	  4.892	  3.047
[component_container-11] 	 34.440	  Twist	  0.706	  0.414	  0.093	 -0.252
[component_container-11] 	 34.440	ErrPose	  0.505	  0.537	  0.033	 -0.012
[component_container-11] 	 34.440	ErrTwis	 -1.373	 -1.159	 -0.029	 -0.028
[component_container-11] 	 34.440	    GPS	  0.338	 -0.605	  4.893	     --
[component_container-11] 	 34.440	   Baro	     --	     --	  5.078	     --
[component_container-11] 	 34.440	  BBias	     --	     --	  0.312	     --
[component_container-11] 	 34.440	  Sonar	     --	     --	    inf	     --
[component_container-11] 	 34.440	  Magnt	     --	     --	     --	  3.061
[component_container-11] 
[component_container-11] 	 34.470	   Pose	  0.305	 -0.872	  4.899	  3.038
[component_container-11] 	 34.470	  Twist	  0.704	  0.409	  0.099	 -0.258
[component_container-11] 	 34.470	ErrPose	  0.498	  0.539	  0.027	 -0.009
[component_container-11] 	 34.470	ErrTwis	 -1.358	 -1.158	 -0.033	 -0.022
[component_container-11] 	 34.470	    GPS	  0.338	 -0.605	  4.893	     --
[component_container-11] 	 34.470	   Baro	     --	     --	  5.251	     --
[component_container-11] 	 34.470	  BBias	     --	     --	  0.312	     --
[component_container-11] 	 34.470	  Sonar	     --	     --	    inf	     --
[component_container-11] 	 34.470	  Magnt	     --	     --	     --	  2.988
[component_container-11] 
[component_container-11] 	 34.500	   Pose	  0.326	 -0.860	  4.902	  3.030
[component_container-11] 	 34.500	  Twist	  0.702	  0.405	  0.100	 -0.273
[component_container-11] 	 34.500	ErrPose	  0.505	  0.554	  0.027	 -0.012
[component_container-11] 	 34.500	ErrTwis	 -1.330	 -1.161	 -0.031	 -0.007
[component_container-11] 	 34.500	    GPS	  0.338	 -0.605	  4.893	     --
[component_container-11] 	 34.500	   Baro	     --	     --	  5.251	     --
[component_container-11] 	 34.500	  BBias	     --	     --	  0.312	     --
[component_container-11] 	 34.500	  Sonar	     --	     --	    inf	     --
[component_container-11] 	 34.500	  Magnt	     --	     --	     --	  2.988
[component_container-11] 
[component_container-11] [INFO] [1775370756.712518289] [drone.estimator]: TMP LOG gps innov_xy=(0.616, 0.383) est_xy=(0.326, -0.860) gps_xy=(0.942, -0.477) corr_xy=(0.942, -0.477) vel_xy=(0.702, 0.405)
[component_container-11] [INFO] [1775370756.712760261] [drone.estimator]: TMP LOG gps vel pseudo raw=(1.209, 0.255) filt=(1.189, 0.338) innov_v=(0.398, -0.122) apply=(1,1)
[component_container-11] 	 34.540	   Pose	  0.610	 -0.742	  4.915	  3.018
[component_container-11] 	 34.540	  Twist	  0.865	  0.432	  0.111	 -0.259
[component_container-11] 	 34.540	ErrPose	  0.248	  0.463	  0.018	 -0.011
[component_container-11] 	 34.540	ErrTwis	 -1.468	 -1.196	 -0.040	 -0.021
[component_container-11] 	 34.540	    GPS	  0.942	 -0.477	  4.930	     --
[component_container-11] 	 34.540	   Baro	     --	     --	  5.264	     --
[component_container-11] 	 34.540	  BBias	     --	     --	  0.312	     --
[component_container-11] 	 34.540	  Sonar	     --	     --	    inf	     --
[component_container-11] 	 34.540	  Magnt	     --	     --	     --	  2.961
[component_container-11] 
[component_container-11] 	 34.570	   Pose	  0.636	 -0.729	  4.929	  3.010
[component_container-11] 	 34.570	  Twist	  0.863	  0.427	  0.123	 -0.259
[component_container-11] 	 34.570	ErrPose	  0.235	  0.464	  0.006	 -0.008
[component_container-11] 	 34.570	ErrTwis	 -1.454	 -1.196	 -0.052	 -0.020
[component_container-11] 	 34.570	    GPS	  0.942	 -0.477	  4.930	     --
[component_container-11] 	 34.570	   Baro	     --	     --	  5.365	     --
[component_container-11] 	 34.570	  BBias	     --	     --	  0.312	     --
[component_container-11] 	 34.570	  Sonar	     --	     --	    inf	     --
[component_container-11] 	 34.570	  Magnt	     --	     --	     --	  3.000
[component_container-11] 
[component_container-11] 	 34.600	   Pose	  0.662	 -0.716	  4.932	  3.002
[component_container-11] 	 34.600	  Twist	  0.862	  0.423	  0.124	 -0.268
[component_container-11] 	 34.600	ErrPose	  0.235	  0.479	  0.005	 -0.012
[component_container-11] 	 34.600	ErrTwis	 -1.426	 -1.199	 -0.053	 -0.011
[component_container-11] 	 34.600	    GPS	  0.942	 -0.477	  4.930	     --
[component_container-11] 	 34.600	   Baro	     --	     --	  5.365	     --
[component_container-11] 	 34.600	  BBias	     --	     --	  0.312	     --
[component_container-11] 	 34.600	  Sonar	     --	     --	    inf	     --
[component_container-11] 	 34.600	  Magnt	     --	     --	     --	  3.000
[component_container-11] 
[component_container-11] 	 34.640	   Pose	  0.697	 -0.699	  4.937	  2.991
[component_container-11] 	 34.640	  Twist	  0.859	  0.418	  0.127	 -0.269
[component_container-11] 	 34.640	ErrPose	  0.226	  0.490	  0.003	 -0.012
[component_container-11] 	 34.640	ErrTwis	 -1.397	 -1.201	 -0.052	 -0.011
[component_container-11] 	 34.640	    GPS	  0.942	 -0.477	  4.930	     --
[component_container-11] 	 34.640	   Baro	     --	     --	  5.242	     --
[component_container-11] 	 34.640	  BBias	     --	     --	  0.312	     --
[component_container-11] 	 34.640	  Sonar	     --	     --	    inf	     --
[component_container-11] 	 34.640	  Magnt	     --	     --	     --	  3.005
[component_container-11] 
[component_container-11] 	 34.670	   Pose	  0.722	 -0.687	  4.950	  2.984
[component_container-11] 	 34.670	  Twist	  0.858	  0.413	  0.136	 -0.249
[component_container-11] 	 34.670	ErrPose	  0.213	  0.492	 -0.008	 -0.010
[component_container-11] 	 34.670	ErrTwis	 -1.383	 -1.200	 -0.061	 -0.030
[component_container-11] 	 34.670	    GPS	  0.942	 -0.477	  4.930	     --
[component_container-11] 	 34.670	   Baro	     --	     --	  5.361	     --
[component_container-11] 	 34.670	  BBias	     --	     --	  0.312	     --
[component_container-11] 	 34.670	  Sonar	     --	     --	    inf	     --
[component_container-11] 	 34.670	  Magnt	     --	     --	     --	  2.994
[component_container-11] 
[component_container-11] 	 34.700	   Pose	  0.748	 -0.674	  4.954	  2.976
[component_container-11] 	 34.700	  Twist	  0.857	  0.409	  0.137	 -0.269
[component_container-11] 	 34.700	ErrPose	  0.212	  0.508	 -0.009	 -0.014
[component_container-11] 	 34.700	ErrTwis	 -1.356	 -1.203	 -0.061	 -0.011
[component_container-11] 	 34.700	    GPS	  0.942	 -0.477	  4.930	     --
[component_container-11] 	 34.700	   Baro	     --	     --	  5.361	     --
[component_container-11] 	 34.700	  BBias	     --	     --	  0.312	     --
[component_container-11] 	 34.700	  Sonar	     --	     --	    inf	     --
[component_container-11] 	 34.700	  Magnt	     --	     --	     --	  2.994
[component_container-11] 
[component_container-11] 	 34.740	   Pose	  0.782	 -0.658	  4.959	  2.965
[component_container-11] 	 34.740	  Twist	  0.854	  0.403	  0.135	 -0.287
[component_container-11] 	 34.740	ErrPose	  0.201	  0.520	 -0.010	 -0.014
[component_container-11] 	 34.740	ErrTwis	 -1.327	 -1.205	 -0.059	  0.007
[component_container-11] 	 34.740	    GPS	  0.942	 -0.477	  4.930	     --
[component_container-11] 	 34.740	   Baro	     --	     --	  5.254	     --
[component_container-11] 	 34.740	  BBias	     --	     --	  0.312	     --
[component_container-11] 	 34.740	  Sonar	     --	     --	    inf	     --
[component_container-11] 	 34.740	  Magnt	     --	     --	     --	  2.967
[component_container-11] 
[component_container-11] 	 34.770	   Pose	  0.808	 -0.646	  4.961	  2.957
[component_container-11] 	 34.770	  Twist	  0.853	  0.398	  0.133	 -0.289
[component_container-11] 	 34.770	ErrPose	  0.187	  0.522	 -0.010	 -0.012
[component_container-11] 	 34.770	ErrTwis	 -1.312	 -1.205	 -0.056	  0.009
[component_container-11] 	 34.770	    GPS	  0.942	 -0.477	  4.930	     --
[component_container-11] 	 34.770	   Baro	     --	     --	  5.247	     --
[component_container-11] 	 34.770	  BBias	     --	     --	  0.312	     --
[component_container-11] 	 34.770	  Sonar	     --	     --	    inf	     --
[component_container-11] 	 34.770	  Magnt	     --	     --	     --	  2.981
[component_container-11] 
[component_container-11] 	 34.800	   Pose	  0.833	 -0.634	  4.965	  2.949
[component_container-11] 	 34.800	  Twist	  0.852	  0.394	  0.133	 -0.277
[component_container-11] 	 34.800	ErrPose	  0.184	  0.540	 -0.011	 -0.015
[component_container-11] 	 34.800	ErrTwis	 -1.285	 -1.209	 -0.054	 -0.003
[component_container-11] 	 34.800	    GPS	  0.942	 -0.477	  4.930	     --
[component_container-11] 	 34.800	   Baro	     --	     --	  5.247	     --
[component_container-11] 	 34.800	  BBias	     --	     --	  0.312	     --
[component_container-11] 	 34.800	  Sonar	     --	     --	    inf	     --
[component_container-11] 	 34.800	  Magnt	     --	     --	     --	  2.981
[component_container-11] 
[component_container-11] 	 34.840	   Pose	  0.867	 -0.618	  4.970	  2.938
[component_container-11] 	 34.840	  Twist	  0.850	  0.387	  0.132	 -0.263
[component_container-11] 	 34.840	ErrPose	  0.172	  0.553	 -0.013	 -0.015
[component_container-11] 	 34.840	ErrTwis	 -1.257	 -1.211	 -0.054	 -0.017
[component_container-11] 	 34.840	    GPS	  0.942	 -0.477	  4.930	     --
[component_container-11] 	 34.840	   Baro	     --	     --	  5.272	     --
[component_container-11] 	 34.840	  BBias	     --	     --	  0.312	     --
[component_container-11] 	 34.840	  Sonar	     --	     --	    inf	     --
[component_container-11] 	 34.840	  Magnt	     --	     --	     --	  2.938
[component_container-11] 
[component_container-11] 	 34.870	   Pose	  0.893	 -0.607	  4.964	  2.929
[component_container-11] 	 34.870	  Twist	  0.849	  0.383	  0.122	 -0.259
[component_container-11] 	 34.870	ErrPose	  0.158	  0.556	 -0.007	 -0.012
[component_container-11] 	 34.870	ErrTwis	 -1.243	 -1.210	 -0.045	 -0.021
[component_container-11] 	 34.870	    GPS	  0.942	 -0.477	  4.930	     --
[component_container-11] 	 34.870	   Baro	     --	     --	  5.176	     --
[component_container-11] 	 34.870	  BBias	     --	     --	  0.312	     --
[component_container-11] 	 34.870	  Sonar	     --	     --	    inf	     --
[component_container-11] 	 34.870	  Magnt	     --	     --	     --	  2.910
[component_container-11] 
[component_container-11] 	 34.900	   Pose	  0.918	 -0.596	  4.968	  2.921
[component_container-11] 	 34.900	  Twist	  0.848	  0.378	  0.121	 -0.269
[component_container-11] 	 34.900	ErrPose	  0.153	  0.575	 -0.007	 -0.015
[component_container-11] 	 34.900	ErrTwis	 -1.214	 -1.214	 -0.046	 -0.010
[component_container-11] 	 34.900	    GPS	  0.942	 -0.477	  4.930	     --
[component_container-11] 	 34.900	   Baro	     --	     --	  5.176	     --
[component_container-11] 	 34.900	  BBias	     --	     --	  0.312	     --
[component_container-11] 	 34.900	  Sonar	     --	     --	    inf	     --
[component_container-11] 	 34.900	  Magnt	     --	     --	     --	  2.910
[component_container-11] 
[component_container-11] 	 34.940	   Pose	  0.952	 -0.580	  4.975	  2.910
[component_container-11] 	 34.940	  Twist	  0.846	  0.373	  0.123	 -0.272
[component_container-11] 	 34.940	ErrPose	  0.140	  0.589	 -0.012	 -0.015
[component_container-11] 	 34.940	ErrTwis	 -1.186	 -1.216	 -0.048	 -0.008
[component_container-11] 	 34.940	    GPS	  0.942	 -0.477	  4.930	     --
[component_container-11] 	 34.940	   Baro	     --	     --	  5.309	     --
[component_container-11] 	 34.940	  BBias	     --	     --	  0.312	     --
[component_container-11] 	 34.940	  Sonar	     --	     --	    inf	     --
[component_container-11] 	 34.940	  Magnt	     --	     --	     --	  2.894
[component_container-11] 
[component_container-11] 	 34.970	   Pose	  0.978	 -0.569	  4.976	  2.901
[component_container-11] 	 34.970	  Twist	  0.846	  0.368	  0.119	 -0.267
[component_container-11] 	 34.970	ErrPose	  0.125	  0.593	 -0.012	 -0.012
[component_container-11] 	 34.970	ErrTwis	 -1.173	 -1.216	 -0.045	 -0.012
[component_container-11] 	 34.970	    GPS	  0.942	 -0.477	  4.930	     --
[component_container-11] 	 34.970	   Baro	     --	     --	  5.254	     --
[component_container-11] 	 34.970	  BBias	     --	     --	  0.312	     --
[component_container-11] 	 34.970	  Sonar	     --	     --	    inf	     --
[component_container-11] 	 34.970	  Magnt	     --	     --	     --	  2.881
[component_container-11] 
[component_container-11] 	 35.000	   Pose	  1.003	 -0.558	  4.979	  2.893
[component_container-11] 	 35.000	  Twist	  0.846	  0.363	  0.119	 -0.272
[component_container-11] 	 35.000	ErrPose	  0.119	  0.613	 -0.013	 -0.015
[component_container-11] 	 35.000	ErrTwis	 -1.146	 -1.218	 -0.047	 -0.008
[component_container-11] 	 35.000	    GPS	  0.942	 -0.477	  4.930	     --
[component_container-11] 	 35.000	   Baro	     --	     --	  5.254	     --
[component_container-11] 	 35.000	  BBias	     --	     --	  0.312	     --
[component_container-11] 	 35.000	  Sonar	     --	     --	    inf	     --
[component_container-11] 	 35.000	  Magnt	     --	     --	     --	  2.881
[component_container-11] 
[component_container-11] 	 35.040	   Pose	  0.994	 -0.336	  4.983	  2.882
[component_container-11] 	 35.040	  Twist	  0.769	  0.494	  0.118	 -0.278
[component_container-11] 	 35.040	ErrPose	  0.147	  0.422	 -0.014	 -0.015
[component_container-11] 	 35.040	ErrTwis	 -1.043	 -1.356	 -0.048	 -0.001
[component_container-11] 	 35.040	    GPS	  1.098	 -0.065	  4.968	     --
[component_container-11] 	 35.040	   Baro	     --	     --	  5.308	     --
[component_container-11] 	 35.040	  BBias	     --	     --	  0.312	     --
[component_container-11] 	 35.040	  Sonar	     --	     --	    inf	     --
[component_container-11] 	 35.040	  Magnt	     --	     --	     --	  2.887
[component_container-11] 
[component_container-11] [INFO] [1775370757.250233559] [drone.estimator]: TMP LOG err_xyz=(0.147, 0.422, -0.014) | z_est=4.983 vz_est=0.118 bias=0.312 | gps_z=4.968 sonar=inf baro=5.308
[component_container-11] 	 35.070	   Pose	  1.017	 -0.322	  4.973	  2.873
[component_container-11] 	 35.070	  Twist	  0.769	  0.488	  0.103	 -0.284
[component_container-11] 	 35.070	ErrPose	  0.133	  0.422	 -0.002	 -0.012
[component_container-11] 	 35.070	ErrTwis	 -1.029	 -1.354	 -0.033	  0.004
[component_container-11] 	 35.070	    GPS	  1.098	 -0.065	  4.968	     --
[component_container-11] 	 35.070	   Baro	     --	     --	  5.113	     --
[component_container-11] 	 35.070	  BBias	     --	     --	  0.312	     --
[component_container-11] 	 35.070	  Sonar	     --	     --	    inf	     --
[component_container-11] 	 35.070	  Magnt	     --	     --	     --	  2.854
[component_container-11] 
[component_container-11] [INFO] [1775370757.309895939] [drone.controller]: cmd_vel body=(-0.188, -0.982, 0.024) yaw=-0.300 | odom_received=true | plan_points=16
[component_container-11] 	 35.100	   Pose	  1.040	 -0.307	  4.976	  2.865
[component_container-11] 	 35.100	  Twist	  0.769	  0.484	  0.103	 -0.256
[component_container-11] 	 35.100	ErrPose	  0.128	  0.439	 -0.003	 -0.015
[component_container-11] 	 35.100	ErrTwis	 -1.002	 -1.355	 -0.033	 -0.024
[component_container-11] 	 35.100	    GPS	  1.098	 -0.065	  4.968	     --
[component_container-11] 	 35.100	   Baro	     --	     --	  5.113	     --
[component_container-11] 	 35.100	  BBias	     --	     --	  0.312	     --
[component_container-11] 	 35.100	  Sonar	     --	     --	    inf	     --
[component_container-11] 	 35.100	  Magnt	     --	     --	     --	  2.854
[component_container-11] 
[component_container-11] 	 35.140	   Pose	  1.071	 -0.288	  4.988	  2.854
[component_container-11] 	 35.140	  Twist	  0.768	  0.477	  0.112	 -0.276
[component_container-11] 	 35.140	ErrPose	  0.115	  0.451	 -0.013	 -0.015
[component_container-11] 	 35.140	ErrTwis	 -0.975	 -1.355	 -0.044	 -0.004
[component_container-11] 	 35.140	    GPS	  1.098	 -0.065	  4.968	     --
[component_container-11] 	 35.140	   Baro	     --	     --	  5.391	     --
[component_container-11] 	 35.140	  BBias	     --	     --	  0.312	     --
[component_container-11] 	 35.140	  Sonar	     --	     --	    inf	     --
[component_container-11] 	 35.140	  Magnt	     --	     --	     --	  2.839
[component_container-11] 
[component_container-11] 	 35.170	   Pose	  1.094	 -0.273	  4.997	  2.846
[component_container-11] 	 35.170	  Twist	  0.766	  0.473	  0.116	 -0.280
[component_container-11] 	 35.170	ErrPose	  0.100	  0.453	 -0.021	 -0.012
[component_container-11] 	 35.170	ErrTwis	 -0.960	 -1.353	 -0.049	  0.001
[component_container-11] 	 35.170	    GPS	  1.098	 -0.065	  4.968	     --
[component_container-11] 	 35.170	   Baro	     --	     --	  5.368	     --
[component_container-11] 	 35.170	  BBias	     --	     --	  0.312	     --
[component_container-11] 	 35.170	  Sonar	     --	     --	    inf	     --
[component_container-11] 	 35.170	  Magnt	     --	     --	     --	  2.834
[component_container-11] 
[component_container-11] 	 35.200	   Pose	  1.117	 -0.259	  5.001	  2.838
[component_container-11] 	 35.200	  Twist	  0.765	  0.468	  0.117	 -0.263
[component_container-11] 	 35.200	ErrPose	  0.094	  0.471	 -0.022	 -0.016
[component_container-11] 	 35.200	ErrTwis	 -0.932	 -1.353	 -0.051	 -0.016
[component_container-11] 	 35.200	    GPS	  1.098	 -0.065	  4.968	     --
[component_container-11] 	 35.200	   Baro	     --	     --	  5.368	     --
[component_container-11] 	 35.200	  BBias	     --	     --	  0.312	     --
[component_container-11] 	 35.200	  Sonar	     --	     --	    inf	     --
[component_container-11] 	 35.200	  Magnt	     --	     --	     --	  2.834
[component_container-11] 
[component_container-11] 	 35.240	   Pose	  1.147	 -0.241	  4.996	  2.826
[component_container-11] 	 35.240	  Twist	  0.764	  0.461	  0.107	 -0.285
[component_container-11] 	 35.240	ErrPose	  0.079	  0.485	 -0.015	 -0.015
[component_container-11] 	 35.240	ErrTwis	 -0.906	 -1.351	 -0.042	  0.005
[component_container-11] 	 35.240	    GPS	  1.098	 -0.065	  4.968	     --
[component_container-11] 	 35.240	   Baro	     --	     --	  5.201	     --
[component_container-11] 	 35.240	  BBias	     --	     --	  0.312	     --
[component_container-11] 	 35.240	  Sonar	     --	     --	    inf	     --
[component_container-11] 	 35.240	  Magnt	     --	     --	     --	  2.803
[component_container-11] 
[component_container-11] 	 35.270	   Pose	  1.170	 -0.227	  5.009	  2.817
[component_container-11] 	 35.270	  Twist	  0.764	  0.457	  0.118	 -0.264
[component_container-11] 	 35.270	ErrPose	  0.064	  0.487	 -0.028	 -0.012
[component_container-11] 	 35.270	ErrTwis	 -0.893	 -1.348	 -0.054	 -0.015
[component_container-11] 	 35.270	    GPS	  1.098	 -0.065	  4.968	     --
[component_container-11] 	 35.270	   Baro	     --	     --	  5.433	     --
[component_container-11] 	 35.270	  BBias	     --	     --	  0.312	     --
[component_container-11] 	 35.270	  Sonar	     --	     --	    inf	     --
[component_container-11] 	 35.270	  Magnt	     --	     --	     --	  2.785
[component_container-11] 
[component_container-11] 	 35.300	   Pose	  1.193	 -0.213	  5.013	  2.809
[component_container-11] 	 35.300	  Twist	  0.764	  0.452	  0.117	 -0.245
[component_container-11] 	 35.300	ErrPose	  0.056	  0.506	 -0.030	 -0.015
[component_container-11] 	 35.300	ErrTwis	 -0.867	 -1.347	 -0.055	 -0.035
[component_container-11] 	 35.300	    GPS	  1.098	 -0.065	  4.968	     --
[component_container-11] 	 35.300	   Baro	     --	     --	  5.433	     --
[component_container-11] 	 35.300	  BBias	     --	     --	  0.312	     --
[component_container-11] 	 35.300	  Sonar	     --	     --	    inf	     --
[component_container-11] 	 35.300	  Magnt	     --	     --	     --	  2.785
[component_container-11] 
[component_container-11] 	 35.340	   Pose	  1.224	 -0.195	  5.012	  2.797
[component_container-11] 	 35.340	  Twist	  0.761	  0.446	  0.113	 -0.268
[component_container-11] 	 35.340	ErrPose	  0.041	  0.521	 -0.027	 -0.014
[component_container-11] 	 35.340	ErrTwis	 -0.839	 -1.344	 -0.053	 -0.012
[component_container-11] 	 35.340	    GPS	  1.098	 -0.065	  4.968	     --
[component_container-11] 	 35.340	   Baro	     --	     --	  5.260	     --
[component_container-11] 	 35.340	  BBias	     --	     --	  0.312	     --
[component_container-11] 	 35.340	  Sonar	     --	     --	    inf	     --
[component_container-11] 	 35.340	  Magnt	     --	     --	     --	  2.762
[component_container-11] 
[component_container-11] 	 35.370	   Pose	  1.247	 -0.182	  5.010	  2.789
[component_container-11] 	 35.370	  Twist	  0.761	  0.440	  0.106	 -0.275
[component_container-11] 	 35.370	ErrPose	  0.025	  0.525	 -0.023	 -0.012
[component_container-11] 	 35.370	ErrTwis	 -0.825	 -1.339	 -0.046	 -0.005
[component_container-11] 	 35.370	    GPS	  1.098	 -0.065	  4.968	     --
[component_container-11] 	 35.370	   Baro	     --	     --	  5.260	     --
[component_container-11] 	 35.370	  BBias	     --	     --	  0.312	     --
[component_container-11] 	 35.370	  Sonar	     --	     --	    inf	     --
[component_container-11] 	 35.370	  Magnt	     --	     --	     --	  2.793
[component_container-11] 
[component_container-11] 	 35.400	   Pose	  1.270	 -0.169	  5.013	  2.781
[component_container-11] 	 35.400	  Twist	  0.762	  0.435	  0.106	 -0.264
[component_container-11] 	 35.400	ErrPose	  0.016	  0.545	 -0.025	 -0.015
[component_container-11] 	 35.400	ErrTwis	 -0.800	 -1.337	 -0.048	 -0.016
[component_container-11] 	 35.400	    GPS	  1.098	 -0.065	  4.968	     --
[component_container-11] 	 35.400	   Baro	     --	     --	  5.260	     --
[component_container-11] 	 35.400	  BBias	     --	     --	  0.312	     --
[component_container-11] 	 35.400	  Sonar	     --	     --	    inf	     --
[component_container-11] 	 35.400	  Magnt	     --	     --	     --	  2.793
[component_container-11] 
[component_container-11] 	 35.440	   Pose	  1.300	 -0.152	  5.016	  2.769
[component_container-11] 	 35.440	  Twist	  0.761	  0.429	  0.104	 -0.256
[component_container-11] 	 35.440	ErrPose	 -0.001	  0.561	 -0.027	 -0.014
[component_container-11] 	 35.440	ErrTwis	 -0.774	 -1.332	 -0.049	 -0.024
[component_container-11] 	 35.440	    GPS	  1.098	 -0.065	  4.968	     --
[component_container-11] 	 35.440	   Baro	     --	     --	  5.314	     --
[component_container-11] 	 35.440	  BBias	     --	     --	  0.312	     --
[component_container-11] 	 35.440	  Sonar	     --	     --	    inf	     --
[component_container-11] 	 35.440	  Magnt	     --	     --	     --	  2.744
[component_container-11] 
[component_container-11] 	 35.470	   Pose	  1.323	 -0.139	  5.028	  2.761
[component_container-11] 	 35.470	  Twist	  0.760	  0.424	  0.113	 -0.269
[component_container-11] 	 35.470	ErrPose	 -0.018	  0.566	 -0.038	 -0.012
[component_container-11] 	 35.470	ErrTwis	 -0.760	 -1.328	 -0.059	 -0.011
[component_container-11] 	 35.470	    GPS	  1.098	 -0.065	  4.968	     --
[component_container-11] 	 35.470	   Baro	     --	     --	  5.433	     --
[component_container-11] 	 35.470	  BBias	     --	     --	  0.312	     --
[component_container-11] 	 35.470	  Sonar	     --	     --	    inf	     --
[component_container-11] 	 35.470	  Magnt	     --	     --	     --	  2.771
[component_container-11] 
[component_container-11] 	 35.500	   Pose	  1.346	 -0.126	  5.032	  2.753
[component_container-11] 	 35.500	  Twist	  0.760	  0.419	  0.113	 -0.297
[component_container-11] 	 35.500	ErrPose	 -0.028	  0.587	 -0.040	 -0.015
[component_container-11] 	 35.500	ErrTwis	 -0.734	 -1.323	 -0.061	  0.017
[component_container-11] 	 35.500	    GPS	  1.098	 -0.065	  4.968	     --
[component_container-11] 	 35.500	   Baro	     --	     --	  5.433	     --
[component_container-11] 	 35.500	  BBias	     --	     --	  0.312	     --
[component_container-11] 	 35.500	  Sonar	     --	     --	    inf	     --
[component_container-11] 	 35.500	  Magnt	     --	     --	     --	  2.771
[component_container-11] 
[component_container-11] [INFO] [1775370757.716730902] [drone.estimator]: TMP LOG gps innov_xy=(-0.169, 0.532) est_xy=(1.346, -0.126) gps_xy=(1.177, 0.406) corr_xy=(1.177, 0.406) vel_xy=(0.760, 0.419)
[component_container-11] [INFO] [1775370757.716849517] [drone.estimator]: TMP LOG gps vel pseudo raw=(0.156, 0.941) filt=(0.181, 0.924) innov_v=(-0.555, 0.429) apply=(1,1)
[component_container-11] 	 35.540	   Pose	  1.237	  0.124	  5.029	  2.741
[component_container-11] 	 35.540	  Twist	  0.630	  0.571	  0.104	 -0.267
[component_container-11] 	 35.540	ErrPose	  0.092	  0.371	 -0.036	 -0.014
[component_container-11] 	 35.540	ErrTwis	 -0.579	 -1.475	 -0.055	 -0.013
[component_container-11] 	 35.540	    GPS	  1.177	  0.406	  4.992	     --
[component_container-11] 	 35.540	   Baro	     --	     --	  5.327	     --
[component_container-11] 	 35.540	  BBias	     --	     --	  0.312	     --
[component_container-11] 	 35.540	  Sonar	     --	     --	    inf	     --
[component_container-11] 	 35.540	  Magnt	     --	     --	     --	  2.691
[component_container-11] 
[component_container-11] 	 35.570	   Pose	  1.256	  0.141	  5.036	  2.732
[component_container-11] 	 35.570	  Twist	  0.630	  0.566	  0.108	 -0.270
[component_container-11] 	 35.570	ErrPose	  0.079	  0.371	 -0.042	 -0.011
[component_container-11] 	 35.570	ErrTwis	 -0.566	 -1.470	 -0.060	 -0.010
[component_container-11] 	 35.570	    GPS	  1.177	  0.406	  4.992	     --
[component_container-11] 	 35.570	   Baro	     --	     --	  5.397	     --
[component_container-11] 	 35.570	  BBias	     --	     --	  0.312	     --
[component_container-11] 	 35.570	  Sonar	     --	     --	    inf	     --
[component_container-11] 	 35.570	  Magnt	     --	     --	     --	  2.708
[component_container-11] 
[component_container-11] 	 35.600	   Pose	  1.275	  0.158	  5.039	  2.724
[component_container-11] 	 35.600	  Twist	  0.629	  0.560	  0.106	 -0.282
[component_container-11] 	 35.600	ErrPose	  0.071	  0.389	 -0.045	 -0.014
[component_container-11] 	 35.600	ErrTwis	 -0.539	 -1.463	 -0.060	  0.002
[component_container-11] 	 35.600	    GPS	  1.177	  0.406	  4.992	     --
[component_container-11] 	 35.600	   Baro	     --	     --	  5.397	     --
[component_container-11] 	 35.600	  BBias	     --	     --	  0.312	     --
[component_container-11] 	 35.600	  Sonar	     --	     --	    inf	     --
[component_container-11] 	 35.600	  Magnt	     --	     --	     --	  2.708
[component_container-11] 
[component_container-11] 	 35.640	   Pose	  1.300	  0.180	  5.049	  2.713
[component_container-11] 	 35.640	  Twist	  0.628	  0.554	  0.110	 -0.264
[component_container-11] 	 35.640	ErrPose	  0.056	  0.401	 -0.053	 -0.014
[component_container-11] 	 35.640	ErrTwis	 -0.512	 -1.455	 -0.068	 -0.016
[component_container-11] 	 35.640	    GPS	  1.177	  0.406	  4.992	     --
[component_container-11] 	 35.640	   Baro	     --	     --	  5.413	     --
[component_container-11] 	 35.640	  BBias	     --	     --	  0.312	     --
[component_container-11] 	 35.640	  Sonar	     --	     --	    inf	     --
[component_container-11] 	 35.640	  Magnt	     --	     --	     --	  2.688
[component_container-11] 
[component_container-11] 	 35.670	   Pose	  1.319	  0.197	  5.054	  2.705
[component_container-11] 	 35.670	  Twist	  0.628	  0.549	  0.110	 -0.267
[component_container-11] 	 35.670	ErrPose	  0.042	  0.402	 -0.057	 -0.012
[component_container-11] 	 35.670	ErrTwis	 -0.499	 -1.449	 -0.071	 -0.013
[component_container-11] 	 35.670	    GPS	  1.177	  0.406	  4.992	     --
[component_container-11] 	 35.670	   Baro	     --	     --	  5.385	     --
[component_container-11] 	 35.670	  BBias	     --	     --	  0.312	     --
[component_container-11] 	 35.670	  Sonar	     --	     --	    inf	     --
[component_container-11] 	 35.670	  Magnt	     --	     --	     --	  2.722
[component_container-11] 
[component_container-11] 	 35.700	   Pose	  1.338	  0.213	  5.057	  2.697
[component_container-11] 	 35.700	  Twist	  0.628	  0.544	  0.109	 -0.274
[component_container-11] 	 35.700	ErrPose	  0.033	  0.421	 -0.060	 -0.015
[component_container-11] 	 35.700	ErrTwis	 -0.475	 -1.440	 -0.074	 -0.006
[component_container-11] 	 35.700	    GPS	  1.177	  0.406	  4.992	     --
[component_container-11] 	 35.700	   Baro	     --	     --	  5.385	     --
[component_container-11] 	 35.700	  BBias	     --	     --	  0.312	     --
[component_container-11] 	 35.700	  Sonar	     --	     --	    inf	     --
[component_container-11] 	 35.700	  Magnt	     --	     --	     --	  2.722
[component_container-11] 
[component_container-11] 	 35.740	   Pose	  1.363	  0.235	  5.043	  2.685
[component_container-11] 	 35.740	  Twist	  0.627	  0.537	  0.088	 -0.268
[component_container-11] 	 35.740	ErrPose	  0.017	  0.435	 -0.045	 -0.014
[component_container-11] 	 35.740	ErrTwis	 -0.450	 -1.429	 -0.057	 -0.012
[component_container-11] 	 35.740	    GPS	  1.177	  0.406	  4.992	     --
[component_container-11] 	 35.740	   Baro	     --	     --	  5.150	     --
[component_container-11] 	 35.740	  BBias	     --	     --	  0.312	     --
[component_container-11] 	 35.740	  Sonar	     --	     --	    inf	     --
[component_container-11] 	 35.740	  Magnt	     --	     --	     --	  2.632
[component_container-11] 
[component_container-11] 	 35.770	   Pose	  1.382	  0.251	  5.040	  2.675
[component_container-11] 	 35.770	  Twist	  0.627	  0.532	  0.081	 -0.273
[component_container-11] 	 35.770	ErrPose	  0.002	  0.436	 -0.041	 -0.010
[component_container-11] 	 35.770	ErrTwis	 -0.437	 -1.421	 -0.052	 -0.007
[component_container-11] 	 35.770	    GPS	  1.177	  0.406	  4.992	     --
[component_container-11] 	 35.770	   Baro	     --	     --	  5.288	     --
[component_container-11] 	 35.770	  BBias	     --	     --	  0.312	     --
[component_container-11] 	 35.770	  Sonar	     --	     --	    inf	     --
[component_container-11] 	 35.770	  Magnt	     --	     --	     --	  2.642
[component_container-11] 
[component_container-11] 	 35.800	   Pose	  1.401	  0.267	  5.042	  2.668
[component_container-11] 	 35.800	  Twist	  0.627	  0.527	  0.079	 -0.257
[component_container-11] 	 35.800	ErrPose	 -0.009	  0.456	 -0.043	 -0.013
[component_container-11] 	 35.800	ErrTwis	 -0.413	 -1.410	 -0.056	 -0.023
[component_container-11] 	 35.800	    GPS	  1.177	  0.406	  4.992	     --
[component_container-11] 	 35.800	   Baro	     --	     --	  5.288	     --
[component_container-11] 	 35.800	  BBias	     --	     --	  0.312	     --
[component_container-11] 	 35.800	  Sonar	     --	     --	    inf	     --
[component_container-11] 	 35.800	  Magnt	     --	     --	     --	  2.642
[component_container-11] 
[component_container-11] 	 35.840	   Pose	  1.426	  0.288	  5.044	  2.656
[component_container-11] 	 35.840	  Twist	  0.628	  0.519	  0.078	 -0.287
[component_container-11] 	 35.840	ErrPose	 -0.026	  0.470	 -0.045	 -0.013
[component_container-11] 	 35.840	ErrTwis	 -0.391	 -1.395	 -0.061	  0.007
[component_container-11] 	 35.840	    GPS	  1.177	  0.406	  4.992	     --
[component_container-11] 	 35.840	   Baro	     --	     --	  5.347	     --
[component_container-11] 	 35.840	  BBias	     --	     --	  0.312	     --
[component_container-11] 	 35.840	  Sonar	     --	     --	    inf	     --
[component_container-11] 	 35.840	  Magnt	     --	     --	     --	  2.629
[component_container-11] 
[component_container-11] 	 35.870	   Pose	  1.444	  0.303	  5.046	  2.647
[component_container-11] 	 35.870	  Twist	  0.628	  0.514	  0.078	 -0.277
[component_container-11] 	 35.870	ErrPose	 -0.042	  0.473	 -0.047	 -0.009
[component_container-11] 	 35.870	ErrTwis	 -0.380	 -1.385	 -0.063	 -0.003
[component_container-11] 	 35.870	    GPS	  1.177	  0.406	  4.992	     --
[component_container-11] 	 35.870	   Baro	     --	     --	  5.350	     --
[component_container-11] 	 35.870	  BBias	     --	     --	  0.312	     --
[component_container-11] 	 35.870	  Sonar	     --	     --	    inf	     --
[component_container-11] 	 35.870	  Magnt	     --	     --	     --	  2.615
[component_container-11] 
[component_container-11] 	 35.900	   Pose	  1.463	  0.319	  5.048	  2.639
[component_container-11] 	 35.900	  Twist	  0.628	  0.510	  0.076	 -0.255
[component_container-11] 	 35.900	ErrPose	 -0.054	  0.493	 -0.049	 -0.013
[component_container-11] 	 35.900	ErrTwis	 -0.357	 -1.371	 -0.066	 -0.025
[component_container-11] 	 35.900	    GPS	  1.177	  0.406	  4.992	     --
[component_container-11] 	 35.900	   Baro	     --	     --	  5.350	     --
[component_container-11] 	 35.900	  BBias	     --	     --	  0.312	     --
[component_container-11] 	 35.900	  Sonar	     --	     --	    inf	     --
[component_container-11] 	 35.900	  Magnt	     --	     --	     --	  2.615
[component_container-11] 
[component_container-11] 	 35.940	   Pose	  1.488	  0.339	  5.059	  2.627
[component_container-11] 	 35.940	  Twist	  0.628	  0.503	  0.085	 -0.276
[component_container-11] 	 35.940	ErrPose	 -0.073	  0.508	 -0.059	 -0.012
[component_container-11] 	 35.940	ErrTwis	 -0.334	 -1.351	 -0.080	 -0.003
[component_container-11] 	 35.940	    GPS	  1.177	  0.406	  4.992	     --
[component_container-11] 	 35.940	   Baro	     --	     --	  5.439	     --
[component_container-11] 	 35.940	  BBias	     --	     --	  0.312	     --
[component_container-11] 	 35.940	  Sonar	     --	     --	    inf	     --
[component_container-11] 	 35.940	  Magnt	     --	     --	     --	  2.605
[component_container-11] 
[component_container-11] [INFO] [1775370758.170488882] [drone.estimator]: TMP LOG sonar rejected: meas=2.548 est_z=5.052 innov=-2.504
[component_container-11] 	 35.970	   Pose	  1.507	  0.354	  5.053	  2.619
[component_container-11] 	 35.970	  Twist	  0.628	  0.498	  0.077	 -0.265
[component_container-11] 	 35.970	ErrPose	 -0.089	  0.510	 -0.053	 -0.010
[component_container-11] 	 35.970	ErrTwis	 -0.324	 -1.339	 -0.075	 -0.014
[component_container-11] 	 35.970	    GPS	  1.177	  0.406	  4.992	     --
[component_container-11] 	 35.970	   Baro	     --	     --	  5.283	     --
[component_container-11] 	 35.970	  BBias	     --	     --	  0.312	     --
[component_container-11] 	 35.970	  Sonar	     --	     --	  2.548	     --
[component_container-11] 	 35.970	  Magnt	     --	     --	     --	  2.632
[component_container-11] 
[component_container-11] 	 36.000	   Pose	  1.526	  0.369	  5.056	  2.611
[component_container-11] 	 36.000	  Twist	  0.629	  0.493	  0.078	 -0.271
[component_container-11] 	 36.000	ErrPose	 -0.103	  0.530	 -0.056	 -0.013
[component_container-11] 	 36.000	ErrTwis	 -0.305	 -1.319	 -0.080	 -0.009
[component_container-11] 	 36.000	    GPS	  1.177	  0.406	  4.992	     --
[component_container-11] 	 36.000	   Baro	     --	     --	  5.283	     --
[component_container-11] 	 36.000	  BBias	     --	     --	  0.312	     --
[component_container-11] 	 36.000	  Sonar	     --	     --	  2.548	     --
[component_container-11] 	 36.000	  Magnt	     --	     --	     --	  2.632
[component_container-11] 
[component_container-11] 	 36.040	   Pose	  1.376	  0.499	  5.046	  2.601
[component_container-11] 	 36.040	  Twist	  0.488	  0.546	  0.064	 -0.273
[component_container-11] 	 36.040	ErrPose	  0.051	  0.435	 -0.046	 -0.014
[component_container-11] 	 36.040	ErrTwis	 -0.144	 -1.355	 -0.069	 -0.006
[component_container-11] 	 36.040	    GPS	  1.217	  0.690	  5.000	     --
[component_container-11] 	 36.040	   Baro	     --	     --	  5.318	     --
[component_container-11] 	 36.040	  BBias	     --	     --	  0.312	     --
[component_container-11] 	 36.040	  Sonar	     --	     --	  2.517	     --
[component_container-11] 	 36.040	  Magnt	     --	     --	     --	  2.625
[component_container-11] 
[component_container-11] [INFO] [1775370758.252989859] [drone.estimator]: TMP LOG err_xyz=(0.051, 0.435, -0.046) | z_est=5.046 vz_est=0.064 bias=0.312 | gps_z=5.000 sonar=2.517 baro=5.318
[component_container-11] 	 36.070	   Pose	  1.391	  0.515	  5.025	  2.592
[component_container-11] 	 36.070	  Twist	  0.488	  0.541	  0.042	 -0.282
[component_container-11] 	 36.070	ErrPose	  0.039	  0.436	 -0.025	 -0.010
[component_container-11] 	 36.070	ErrTwis	 -0.133	 -1.341	 -0.049	  0.002
[component_container-11] 	 36.070	    GPS	  1.217	  0.690	  5.000	     --
[component_container-11] 	 36.070	   Baro	     --	     --	  5.073	     --
[component_container-11] 	 36.070	  BBias	     --	     --	  0.312	     --
[component_container-11] 	 36.070	  Sonar	     --	     --	  2.472	     --
[component_container-11] 	 36.070	  Magnt	     --	     --	     --	  2.577
[component_container-11] 
[component_container-11] [INFO] [1775370758.313010983] [drone.controller]: cmd_vel body=(0.231, -0.476, -0.025) yaw=-0.300 | odom_received=true | plan_points=7
[component_container-11] 	 36.100	   Pose	  1.406	  0.531	  5.026	  2.584
[component_container-11] 	 36.100	  Twist	  0.489	  0.536	  0.043	 -0.283
[component_container-11] 	 36.100	ErrPose	  0.027	  0.454	 -0.027	 -0.013
[component_container-11] 	 36.100	ErrTwis	 -0.114	 -1.316	 -0.055	  0.003
[component_container-11] 	 36.100	    GPS	  1.217	  0.690	  5.000	     --
[component_container-11] 	 36.100	   Baro	     --	     --	  5.073	     --
[component_container-11] 	 36.100	  BBias	     --	     --	  0.312	     --
[component_container-11] 	 36.100	  Sonar	     --	     --	  2.472	     --
[component_container-11] 	 36.100	  Magnt	     --	     --	     --	  2.577
[component_container-11] 
[component_container-11] 	 36.140	   Pose	  1.425	  0.553	  5.030	  2.574
[component_container-11] 	 36.140	  Twist	  0.490	  0.529	  0.048	 -0.267
[component_container-11] 	 36.140	ErrPose	  0.010	  0.466	 -0.030	 -0.015
[component_container-11] 	 36.140	ErrTwis	 -0.098	 -1.288	 -0.062	 -0.012
[component_container-11] 	 36.140	    GPS	  1.217	  0.690	  5.000	     --
[component_container-11] 	 36.140	   Baro	     --	     --	  5.361	     --
[component_container-11] 	 36.140	  BBias	     --	     --	  0.312	     --
[component_container-11] 	 36.140	  Sonar	     --	     --	    inf	     --
[component_container-11] 	 36.140	  Magnt	     --	     --	     --	  2.612
[component_container-11] 
[component_container-11] 	 36.170	   Pose	  1.440	  0.568	  5.028	  2.566
[component_container-11] 	 36.170	  Twist	  0.490	  0.524	  0.045	 -0.261
[component_container-11] 	 36.170	ErrPose	 -0.003	  0.467	 -0.028	 -0.013
[component_container-11] 	 36.170	ErrTwis	 -0.089	 -1.272	 -0.060	 -0.018
[component_container-11] 	 36.170	    GPS	  1.217	  0.690	  5.000	     --
[component_container-11] 	 36.170	   Baro	     --	     --	  5.298	     --
[component_container-11] 	 36.170	  BBias	     --	     --	  0.312	     --
[component_container-11] 	 36.170	  Sonar	     --	     --	    inf	     --
[component_container-11] 	 36.170	  Magnt	     --	     --	     --	  2.584
[component_container-11] 
[component_container-11] 	 36.200	   Pose	  1.455	  0.584	  5.029	  2.558
[component_container-11] 	 36.200	  Twist	  0.490	  0.519	  0.047	 -0.275
[component_container-11] 	 36.200	ErrPose	 -0.016	  0.484	 -0.029	 -0.015
[component_container-11] 	 36.200	ErrTwis	 -0.072	 -1.244	 -0.064	 -0.004
[component_container-11] 	 36.200	    GPS	  1.217	  0.690	  5.000	     --
[component_container-11] 	 36.200	   Baro	     --	     --	  5.298	     --
[component_container-11] 	 36.200	  BBias	     --	     --	  0.312	     --
[component_container-11] 	 36.200	  Sonar	     --	     --	    inf	     --
[component_container-11] 	 36.200	  Magnt	     --	     --	     --	  2.584
[component_container-11] 
[component_container-11] 	 36.240	   Pose	  1.474	  0.605	  5.025	  2.549
[component_container-11] 	 36.240	  Twist	  0.491	  0.513	  0.044	 -0.254
[component_container-11] 	 36.240	ErrPose	 -0.035	  0.496	 -0.025	 -0.017
[component_container-11] 	 36.240	ErrTwis	 -0.057	 -1.213	 -0.063	 -0.025
[component_container-11] 	 36.240	    GPS	  1.217	  0.690	  5.000	     --
[component_container-11] 	 36.240	   Baro	     --	     --	  5.266	     --
[component_container-11] 	 36.240	  BBias	     --	     --	  0.312	     --
[component_container-11] 	 36.240	  Sonar	     --	     --	    inf	     --
[component_container-11] 	 36.240	  Magnt	     --	     --	     --	  2.595
[component_container-11] 
[component_container-11] 	 36.270	   Pose	  1.489	  0.620	  5.019	  2.541
[component_container-11] 	 36.270	  Twist	  0.492	  0.507	  0.040	 -0.260
[component_container-11] 	 36.270	ErrPose	 -0.050	  0.497	 -0.019	 -0.015
[component_container-11] 	 36.270	ErrTwis	 -0.051	 -1.195	 -0.059	 -0.019
[component_container-11] 	 36.270	    GPS	  1.217	  0.690	  5.000	     --
[component_container-11] 	 36.270	   Baro	     --	     --	  5.256	     --
[component_container-11] 	 36.270	  BBias	     --	     --	  0.312	     --
[component_container-11] 	 36.270	  Sonar	     --	     --	    inf	     --
[component_container-11] 	 36.270	  Magnt	     --	     --	     --	  2.541
[component_container-11] 
[component_container-11] 	 36.300	   Pose	  1.504	  0.635	  5.021	  2.532
[component_container-11] 	 36.300	  Twist	  0.492	  0.503	  0.042	 -0.253
[component_container-11] 	 36.300	ErrPose	 -0.065	  0.514	 -0.020	 -0.018
[component_container-11] 	 36.300	ErrTwis	 -0.037	 -1.165	 -0.059	 -0.026
[component_container-11] 	 36.300	    GPS	  1.217	  0.690	  5.000	     --
[component_container-11] 	 36.300	   Baro	     --	     --	  5.256	     --
[component_container-11] 	 36.300	  BBias	     --	     --	  0.312	     --
[component_container-11] 	 36.300	  Sonar	     --	     --	    inf	     --
[component_container-11] 	 36.300	  Magnt	     --	     --	     --	  2.541
[component_container-11] 
[component_container-11] 	 36.340	   Pose	  1.523	  0.655	  5.017	  2.521
[component_container-11] 	 36.340	  Twist	  0.492	  0.498	  0.039	 -0.277
[component_container-11] 	 36.340	ErrPose	 -0.085	  0.525	 -0.016	 -0.017
[component_container-11] 	 36.340	ErrTwis	 -0.023	 -1.132	 -0.056	 -0.002
[component_container-11] 	 36.340	    GPS	  1.217	  0.690	  5.000	     --
[component_container-11] 	 36.340	   Baro	     --	     --	  5.267	     --
[component_container-11] 	 36.340	  BBias	     --	     --	  0.312	     --
[component_container-11] 	 36.340	  Sonar	     --	     --	    inf	     --
[component_container-11] 	 36.340	  Magnt	     --	     --	     --	  2.492
[component_container-11] 
[component_container-11] 	 36.370	   Pose	  1.538	  0.670	  5.012	  2.513
[component_container-11] 	 36.370	  Twist	  0.493	  0.493	  0.036	 -0.263
[component_container-11] 	 36.370	ErrPose	 -0.101	  0.525	 -0.011	 -0.014
[component_container-11] 	 36.370	ErrTwis	 -0.017	 -1.113	 -0.053	 -0.016
[component_container-11] 	 36.370	    GPS	  1.217	  0.690	  5.000	     --
[component_container-11] 	 36.370	   Baro	     --	     --	  5.261	     --
[component_container-11] 	 36.370	  BBias	     --	     --	  0.312	     --
[component_container-11] 	 36.370	  Sonar	     --	     --	    inf	     --
[component_container-11] 	 36.370	  Magnt	     --	     --	     --	  2.515
[component_container-11] 
[component_container-11] 	 36.400	   Pose	  1.553	  0.685	  5.013	  2.505
[component_container-11] 	 36.400	  Twist	  0.494	  0.487	  0.039	 -0.266
[component_container-11] 	 36.400	ErrPose	 -0.117	  0.541	 -0.012	 -0.018
[component_container-11] 	 36.400	ErrTwis	 -0.006	 -1.079	 -0.057	 -0.013
[component_container-11] 	 36.400	    GPS	  1.217	  0.690	  5.000	     --
[component_container-11] 	 36.400	   Baro	     --	     --	  5.261	     --
[component_container-11] 	 36.400	  BBias	     --	     --	  0.312	     --
[component_container-11] 	 36.400	  Sonar	     --	     --	    inf	     --
[component_container-11] 	 36.400	  Magnt	     --	     --	     --	  2.515
[component_container-11] 
[component_container-11] 	 36.440	   Pose	  1.573	  0.704	  5.015	  2.493
[component_container-11] 	 36.440	  Twist	  0.495	  0.481	  0.044	 -0.268
[component_container-11] 	 36.440	ErrPose	 -0.140	  0.551	 -0.014	 -0.017
[component_container-11] 	 36.440	ErrTwis	  0.004	 -1.042	 -0.059	 -0.011
[component_container-11] 	 36.440	    GPS	  1.217	  0.690	  5.000	     --
[component_container-11] 	 36.440	   Baro	     --	     --	  5.330	     --
[component_container-11] 	 36.440	  BBias	     --	     --	  0.312	     --
[component_container-11] 	 36.440	  Sonar	     --	     --	    inf	     --
[component_container-11] 	 36.440	  Magnt	     --	     --	     --	  2.470
[component_container-11] 
[component_container-11] 	 36.470	   Pose	  1.588	  0.718	  5.024	  2.485
[component_container-11] 	 36.470	  Twist	  0.496	  0.475	  0.054	 -0.260
[component_container-11] 	 36.470	ErrPose	 -0.157	  0.551	 -0.023	 -0.015
[component_container-11] 	 36.470	ErrTwis	  0.009	 -1.022	 -0.067	 -0.019
[component_container-11] 	 36.470	    GPS	  1.217	  0.690	  5.000	     --
[component_container-11] 	 36.470	   Baro	     --	     --	  5.414	     --
[component_container-11] 	 36.470	  BBias	     --	     --	  0.312	     --
[component_container-11] 	 36.470	  Sonar	     --	     --	    inf	     --
[component_container-11] 	 36.470	  Magnt	     --	     --	     --	  2.475
[component_container-11] 
[component_container-11] 	 36.500	   Pose	  1.602	  0.733	  5.026	  2.477
[component_container-11] 	 36.500	  Twist	  0.496	  0.471	  0.058	 -0.274
[component_container-11] 	 36.500	ErrPose	 -0.175	  0.565	 -0.024	 -0.018
[component_container-11] 	 36.500	ErrTwis	  0.019	 -0.986	 -0.069	 -0.006
[component_container-11] 	 36.500	    GPS	  1.217	  0.690	  5.000	     --
[component_container-11] 	 36.500	   Baro	     --	     --	  5.414	     --
[component_container-11] 	 36.500	  BBias	     --	     --	  0.312	     --
[component_container-11] 	 36.500	  Sonar	     --	     --	    inf	     --
[component_container-11] 	 36.500	  Magnt	     --	     --	     --	  2.475
[component_container-11] 
[component_container-11] [INFO] [1775370758.718708797] [drone.estimator]: TMP LOG gps innov_xy=(-0.335, 0.606) est_xy=(1.602, 0.733) gps_xy=(1.268, 1.339) corr_xy=(1.268, 1.339) vel_xy=(0.496, 0.471)
[component_container-11] [INFO] [1775370758.718840850] [drone.estimator]: TMP LOG gps vel pseudo raw=(0.101, 1.297) filt=(0.100, 1.228) innov_v=(-0.348, 0.670) apply=(1,1)
[component_container-11] 	 36.540	   Pose	  1.463	  1.045	  5.022	  2.466
[component_container-11] 	 36.540	  Twist	  0.384	  0.679	  0.054	 -0.281
[component_container-11] 	 36.540	ErrPose	 -0.041	  0.280	 -0.020	 -0.018
[component_container-11] 	 36.540	ErrTwis	  0.141	 -1.163	 -0.065	  0.002
[component_container-11] 	 36.540	    GPS	  1.268	  1.339	  5.002	     --
[component_container-11] 	 36.540	   Baro	     --	     --	  5.308	     --
[component_container-11] 	 36.540	  BBias	     --	     --	  0.312	     --
[component_container-11] 	 36.540	  Sonar	     --	     --	    inf	     --
[component_container-11] 	 36.540	  Magnt	     --	     --	     --	  2.471
[component_container-11] 
[component_container-11] 	 36.570	   Pose	  1.475	  1.066	  5.037	  2.458
[component_container-11] 	 36.570	  Twist	  0.385	  0.674	  0.071	 -0.262
[component_container-11] 	 36.570	ErrPose	 -0.055	  0.273	 -0.035	 -0.015
[component_container-11] 	 36.570	ErrTwis	  0.144	 -1.142	 -0.081	 -0.017
[component_container-11] 	 36.570	    GPS	  1.268	  1.339	  5.002	     --
[component_container-11] 	 36.570	   Baro	     --	     --	  5.505	     --
[component_container-11] 	 36.570	  BBias	     --	     --	  0.312	     --
[component_container-11] 	 36.570	  Sonar	     --	     --	    inf	     --
[component_container-11] 	 36.570	  Magnt	     --	     --	     --	  2.439
[component_container-11] 
[component_container-11] [INFO] [1775370758.816379673] [drone.behavior]: Behavior transition TURTLE_POSITION -> TURTLE_WAYPOINT | turtle_stop=false | waypoint=(1.24, 1.14, 5.00)
[component_container-11] [INFO] [1775370758.816454935] [drone.behavior]: Behavior target TURTLE_WAYPOINT | new_waypoint=(1.00, 4.00, 5.00)
[component_container-11] 	 36.600	   Pose	  1.487	  1.086	  5.039	  2.449
[component_container-11] 	 36.600	  Twist	  0.385	  0.670	  0.073	 -0.281
[component_container-11] 	 36.600	ErrPose	 -0.073	  0.280	 -0.037	 -0.018
[component_container-11] 	 36.600	ErrTwis	  0.151	 -1.106	 -0.079	  0.002
[component_container-11] 	 36.600	    GPS	  1.268	  1.339	  5.002	     --
[component_container-11] 	 36.600	   Baro	     --	     --	  5.505	     --
[component_container-11] 	 36.600	  BBias	     --	     --	  0.312	     --
[component_container-11] 	 36.600	  Sonar	     --	     --	    inf	     --
[component_container-11] 	 36.600	  Magnt	     --	     --	     --	  2.439
[component_container-11] 
[component_container-11] 	 36.640	   Pose	  1.502	  1.113	  5.044	  2.438
[component_container-11] 	 36.640	  Twist	  0.385	  0.664	  0.077	 -0.276
[component_container-11] 	 36.640	ErrPose	 -0.095	  0.279	 -0.041	 -0.018
[component_container-11] 	 36.640	ErrTwis	  0.160	 -1.068	 -0.082	 -0.003
[component_container-11] 	 36.640	    GPS	  1.268	  1.339	  5.002	     --
[component_container-11] 	 36.640	   Baro	     --	     --	  5.374	     --
[component_container-11] 	 36.640	  BBias	     --	     --	  0.312	     --
[component_container-11] 	 36.640	  Sonar	     --	     --	    inf	     --
[component_container-11] 	 36.640	  Magnt	     --	     --	     --	  2.435
[component_container-11] 
[component_container-11] 	 36.670	   Pose	  1.514	  1.132	  5.038	  2.429
[component_container-11] 	 36.670	  Twist	  0.387	  0.660	  0.069	 -0.286
[component_container-11] 	 36.670	ErrPose	 -0.110	  0.272	 -0.035	 -0.014
[component_container-11] 	 36.670	ErrTwis	  0.161	 -1.048	 -0.076	  0.007
[component_container-11] 	 36.670	    GPS	  1.268	  1.339	  5.002	     --
[component_container-11] 	 36.670	   Baro	     --	     --	  5.255	     --
[component_container-11] 	 36.670	  BBias	     --	     --	  0.312	     --
[component_container-11] 	 36.670	  Sonar	     --	     --	    inf	     --
[component_container-11] 	 36.670	  Magnt	     --	     --	     --	  2.398
[component_container-11] 
[component_container-11] 	 36.700	   Pose	  1.525	  1.152	  5.040	  2.421
[component_container-11] 	 36.700	  Twist	  0.389	  0.655	  0.071	 -0.273
[component_container-11] 	 36.700	ErrPose	 -0.129	  0.277	 -0.036	 -0.018
[component_container-11] 	 36.700	ErrTwis	  0.164	 -1.009	 -0.079	 -0.006
[component_container-11] 	 36.700	    GPS	  1.268	  1.339	  5.002	     --
[component_container-11] 	 36.700	   Baro	     --	     --	  5.255	     --
[component_container-11] 	 36.700	  BBias	     --	     --	  0.312	     --
[component_container-11] 	 36.700	  Sonar	     --	     --	    inf	     --
[component_container-11] 	 36.700	  Magnt	     --	     --	     --	  2.398
[component_container-11] 
[component_container-11] 	 36.740	   Pose	  1.541	  1.178	  5.029	  2.410
[component_container-11] 	 36.740	  Twist	  0.389	  0.648	  0.061	 -0.262
[component_container-11] 	 36.740	ErrPose	 -0.153	  0.274	 -0.025	 -0.018
[component_container-11] 	 36.740	ErrTwis	  0.166	 -0.969	 -0.065	 -0.016
[component_container-11] 	 36.740	    GPS	  1.268	  1.339	  5.002	     --
[component_container-11] 	 36.740	   Baro	     --	     --	  5.192	     --
[component_container-11] 	 36.740	  BBias	     --	     --	  0.312	     --
[component_container-11] 	 36.740	  Sonar	     --	     --	    inf	     --
[component_container-11] 	 36.740	  Magnt	     --	     --	     --	  2.403
[component_container-11] 
[component_container-11] 	 36.770	   Pose	  1.552	  1.198	  5.039	  2.402
[component_container-11] 	 36.770	  Twist	  0.389	  0.643	  0.070	 -0.272
[component_container-11] 	 36.770	ErrPose	 -0.169	  0.267	 -0.034	 -0.015
[component_container-11] 	 36.770	ErrTwis	  0.168	 -0.947	 -0.072	 -0.004
[component_container-11] 	 36.770	    GPS	  1.268	  1.339	  5.002	     --
[component_container-11] 	 36.770	   Baro	     --	     --	  5.428	     --
[component_container-11] 	 36.770	  BBias	     --	     --	  0.312	     --
[component_container-11] 	 36.770	  Sonar	     --	     --	    inf	     --
[component_container-11] 	 36.770	  Magnt	     --	     --	     --	  2.407
[component_container-11] 
[component_container-11] 	 36.800	   Pose	  1.564	  1.217	  5.041	  2.394
[component_container-11] 	 36.800	  Twist	  0.388	  0.638	  0.072	 -0.263
[component_container-11] 	 36.800	ErrPose	 -0.191	  0.270	 -0.036	 -0.018
[component_container-11] 	 36.800	ErrTwis	  0.174	 -0.910	 -0.067	 -0.012
[component_container-11] 	 36.800	    GPS	  1.268	  1.339	  5.002	     --
[component_container-11] 	 36.800	   Baro	     --	     --	  5.428	     --
[component_container-11] 	 36.800	  BBias	     --	     --	  0.312	     --
[component_container-11] 	 36.800	  Sonar	     --	     --	    inf	     --
[component_container-11] 	 36.800	  Magnt	     --	     --	     --	  2.407
[component_container-11] 
[component_container-11] 	 36.840	   Pose	  1.580	  1.242	  5.039	  2.383
[component_container-11] 	 36.840	  Twist	  0.388	  0.631	  0.071	 -0.264
[component_container-11] 	 36.840	ErrPose	 -0.216	  0.267	 -0.034	 -0.018
[component_container-11] 	 36.840	ErrTwis	  0.178	 -0.878	 -0.059	 -0.010
[component_container-11] 	 36.840	    GPS	  1.268	  1.339	  5.002	     --
[component_container-11] 	 36.840	   Baro	     --	     --	  5.306	     --
[component_container-11] 	 36.840	  BBias	     --	     --	  0.312	     --
[component_container-11] 	 36.840	  Sonar	     --	     --	    inf	     --
[component_container-11] 	 36.840	  Magnt	     --	     --	     --	  2.399
[component_container-11] 
[component_container-11] 	 36.870	   Pose	  1.591	  1.261	  5.023	  2.374
[component_container-11] 	 36.870	  Twist	  0.388	  0.625	  0.054	 -0.261
[component_container-11] 	 36.870	ErrPose	 -0.233	  0.260	 -0.017	 -0.015
[component_container-11] 	 36.870	ErrTwis	  0.180	 -0.864	 -0.038	 -0.013
[component_container-11] 	 36.870	    GPS	  1.268	  1.339	  5.002	     --
[component_container-11] 	 36.870	   Baro	     --	     --	  5.145	     --
[component_container-11] 	 36.870	  BBias	     --	     --	  0.312	     --
[component_container-11] 	 36.870	  Sonar	     --	     --	    inf	     --
[component_container-11] 	 36.870	  Magnt	     --	     --	     --	  2.333
[component_container-11] 
[component_container-11] 	 36.900	   Pose	  1.603	  1.280	  5.025	  2.366
[component_container-11] 	 36.900	  Twist	  0.389	  0.621	  0.054	 -0.268
[component_container-11] 	 36.900	ErrPose	 -0.254	  0.264	 -0.018	 -0.018
[component_container-11] 	 36.900	ErrTwis	  0.183	 -0.848	 -0.031	 -0.007
[component_container-11] 	 36.900	    GPS	  1.268	  1.339	  5.002	     --
[component_container-11] 	 36.900	   Baro	     --	     --	  5.145	     --
[component_container-11] 	 36.900	  BBias	     --	     --	  0.312	     --
[component_container-11] 	 36.900	  Sonar	     --	     --	    inf	     --
[component_container-11] 	 36.900	  Magnt	     --	     --	     --	  2.333
[component_container-11] 
[component_container-11] 	 36.940	   Pose	  1.618	  1.305	  5.016	  2.354
[component_container-11] 	 36.940	  Twist	  0.389	  0.616	  0.044	 -0.272
[component_container-11] 	 36.940	ErrPose	 -0.280	  0.262	 -0.009	 -0.017
[component_container-11] 	 36.940	ErrTwis	  0.188	 -0.839	 -0.016	 -0.003
[component_container-11] 	 36.940	    GPS	  1.268	  1.339	  5.002	     --
[component_container-11] 	 36.940	   Baro	     --	     --	  5.212	     --
[component_container-11] 	 36.940	  BBias	     --	     --	  0.312	     --
[component_container-11] 	 36.940	  Sonar	     --	     --	    inf	     --
[component_container-11] 	 36.940	  Magnt	     --	     --	     --	  2.295
[component_container-11] 
[component_container-11] 	 36.970	   Pose	  1.630	  1.323	  5.001	  2.346
[component_container-11] 	 36.970	  Twist	  0.390	  0.611	  0.029	 -0.265
[component_container-11] 	 36.970	ErrPose	 -0.296	  0.255	  0.006	 -0.014
[component_container-11] 	 36.970	ErrTwis	  0.190	 -0.834	 -0.000	 -0.012
[component_container-11] 	 36.970	    GPS	  1.268	  1.339	  5.002	     --
[component_container-11] 	 36.970	   Baro	     --	     --	  5.155	     --
[component_container-11] 	 36.970	  BBias	     --	     --	  0.312	     --
[component_container-11] 	 36.970	  Sonar	     --	     --	    inf	     --
[component_container-11] 	 36.970	  Magnt	     --	     --	     --	  2.319
[component_container-11] 
[component_container-11] 	 37.000	   Pose	  1.642	  1.341	  5.002	  2.338
[component_container-11] 	 37.000	  Twist	  0.391	  0.606	  0.031	 -0.269
[component_container-11] 	 37.000	ErrPose	 -0.317	  0.261	  0.006	 -0.017
[component_container-11] 	 37.000	ErrTwis	  0.195	 -0.833	  0.000	 -0.009
[component_container-11] 	 37.000	    GPS	  1.268	  1.339	  5.002	     --
[component_container-11] 	 37.000	   Baro	     --	     --	  5.155	     --
[component_container-11] 	 37.000	  BBias	     --	     --	  0.312	     --
[component_container-11] 	 37.000	  Sonar	     --	     --	    inf	     --
[component_container-11] 	 37.000	  Magnt	     --	     --	     --	  2.319
[component_container-11] 
[component_container-11] 	 37.040	   Pose	  1.471	  1.408	  5.000	  2.326
[component_container-11] 	 37.040	  Twist	  0.261	  0.604	  0.029	 -0.260
[component_container-11] 	 37.040	ErrPose	 -0.156	  0.218	  0.008	 -0.016
[component_container-11] 	 37.040	ErrTwis	  0.330	 -0.838	  0.005	 -0.018
[component_container-11] 	 37.040	    GPS	  1.239	  1.548	  5.008	     --
[component_container-11] 	 37.040	   Baro	     --	     --	  5.260	     --
[component_container-11] 	 37.040	  BBias	     --	     --	  0.312	     --
[component_container-11] 	 37.040	  Sonar	     --	     --	    inf	     --
[component_container-11] 	 37.040	  Magnt	     --	     --	     --	  2.307
[component_container-11] 
[component_container-11] [INFO] [1775370759.256044100] [drone.estimator]: TMP LOG err_xyz=(-0.156, 0.218, 0.008) | z_est=5.000 vz_est=0.029 bias=0.312 | gps_z=5.008 sonar=inf baro=5.260
[component_container-11] 	 37.070	   Pose	  1.479	  1.426	  4.999	  2.316
[component_container-11] 	 37.070	  Twist	  0.262	  0.600	  0.028	 -0.278
[component_container-11] 	 37.070	ErrPose	 -0.168	  0.212	  0.010	 -0.012
[component_container-11] 	 37.070	ErrTwis	  0.333	 -0.838	  0.007	 -0.000
[component_container-11] 	 37.070	    GPS	  1.239	  1.548	  5.008	     --
[component_container-11] 	 37.070	   Baro	     --	     --	  5.286	     --
[component_container-11] 	 37.070	  BBias	     --	     --	  0.312	     --
[component_container-11] 	 37.070	  Sonar	     --	     --	    inf	     --
[component_container-11] 	 37.070	  Magnt	     --	     --	     --	  2.247
[component_container-11] 
[component_container-11] [INFO] [1775370759.315864070] [drone.controller]: cmd_vel body=(0.808, -0.589, 0.002) yaw=-0.300 | odom_received=true | plan_points=28
[component_container-11] 	 37.100	   Pose	  1.487	  1.444	  5.000	  2.308
[component_container-11] 	 37.100	  Twist	  0.263	  0.596	  0.029	 -0.271
[component_container-11] 	 37.100	ErrPose	 -0.184	  0.219	  0.009	 -0.015
[component_container-11] 	 37.100	ErrTwis	  0.339	 -0.843	  0.006	 -0.007
[component_container-11] 	 37.100	    GPS	  1.239	  1.548	  5.008	     --
[component_container-11] 	 37.100	   Baro	     --	     --	  5.286	     --
[component_container-11] 	 37.100	  BBias	     --	     --	  0.312	     --
[component_container-11] 	 37.100	  Sonar	     --	     --	    inf	     --
[component_container-11] 	 37.100	  Magnt	     --	     --	     --	  2.247
[component_container-11] 
[component_container-11] 	 37.140	   Pose	  1.498	  1.468	  5.005	  2.298
[component_container-11] 	 37.140	  Twist	  0.265	  0.589	  0.034	 -0.271
[component_container-11] 	 37.140	ErrPose	 -0.203	  0.221	  0.005	 -0.016
[component_container-11] 	 37.140	ErrTwis	  0.344	 -0.846	  0.001	 -0.008
[component_container-11] 	 37.140	    GPS	  1.239	  1.548	  5.008	     --
[component_container-11] 	 37.140	   Baro	     --	     --	  5.355	     --
[component_container-11] 	 37.140	  BBias	     --	     --	  0.312	     --
[component_container-11] 	 37.140	  Sonar	     --	     --	    inf	     --
[component_container-11] 	 37.140	  Magnt	     --	     --	     --	  2.321
[component_container-11] 
[component_container-11] 	 37.170	   Pose	  1.506	  1.485	  5.008	  2.290
[component_container-11] 	 37.170	  Twist	  0.266	  0.585	  0.038	 -0.277
[component_container-11] 	 37.170	ErrPose	 -0.215	  0.216	  0.002	 -0.013
[component_container-11] 	 37.170	ErrTwis	  0.347	 -0.846	 -0.002	 -0.002
[component_container-11] 	 37.170	    GPS	  1.239	  1.548	  5.008	     --
[component_container-11] 	 37.170	   Baro	     --	     --	  5.345	     --
[component_container-11] 	 37.170	  BBias	     --	     --	  0.312	     --
[component_container-11] 	 37.170	  Sonar	     --	     --	    inf	     --
[component_container-11] 	 37.170	  Magnt	     --	     --	     --	  2.303
[component_container-11] 
[component_container-11] 	 37.200	   Pose	  1.514	  1.503	  5.009	  2.281
[component_container-11] 	 37.200	  Twist	  0.267	  0.581	  0.038	 -0.287
[component_container-11] 	 37.200	ErrPose	 -0.231	  0.225	  0.001	 -0.016
[component_container-11] 	 37.200	ErrTwis	  0.354	 -0.851	  0.000	  0.008
[component_container-11] 	 37.200	    GPS	  1.239	  1.548	  5.008	     --
[component_container-11] 	 37.200	   Baro	     --	     --	  5.345	     --
[component_container-11] 	 37.200	  BBias	     --	     --	  0.312	     --
[component_container-11] 	 37.200	  Sonar	     --	     --	    inf	     --
[component_container-11] 	 37.200	  Magnt	     --	     --	     --	  2.303
[component_container-11] 
[component_container-11] 	 37.240	   Pose	  1.524	  1.526	  5.017	  2.270
[component_container-11] 	 37.240	  Twist	  0.268	  0.574	  0.045	 -0.260
[component_container-11] 	 37.240	ErrPose	 -0.248	  0.229	 -0.007	 -0.016
[component_container-11] 	 37.240	ErrTwis	  0.362	 -0.855	 -0.007	 -0.020
[component_container-11] 	 37.240	    GPS	  1.239	  1.548	  5.008	     --
[component_container-11] 	 37.240	   Baro	     --	     --	  5.396	     --
[component_container-11] 	 37.240	  BBias	     --	     --	  0.312	     --
[component_container-11] 	 37.240	  Sonar	     --	     --	    inf	     --
[component_container-11] 	 37.240	  Magnt	     --	     --	     --	  2.230
[component_container-11] 
[component_container-11] 	 37.270	   Pose	  1.532	  1.543	  5.021	  2.261
[component_container-11] 	 37.270	  Twist	  0.269	  0.570	  0.047	 -0.279
[component_container-11] 	 37.270	ErrPose	 -0.260	  0.226	 -0.010	 -0.013
[component_container-11] 	 37.270	ErrTwis	  0.365	 -0.855	 -0.010	  0.000
[component_container-11] 	 37.270	    GPS	  1.239	  1.548	  5.008	     --
[component_container-11] 	 37.270	   Baro	     --	     --	  5.360	     --
[component_container-11] 	 37.270	  BBias	     --	     --	  0.312	     --
[component_container-11] 	 37.270	  Sonar	     --	     --	    inf	     --
[component_container-11] 	 37.270	  Magnt	     --	     --	     --	  2.239
[component_container-11] 
[component_container-11] 	 37.300	   Pose	  1.541	  1.560	  5.022	  2.253
[component_container-11] 	 37.300	  Twist	  0.271	  0.565	  0.047	 -0.274
[component_container-11] 	 37.300	ErrPose	 -0.275	  0.237	 -0.011	 -0.016
[component_container-11] 	 37.300	ErrTwis	  0.372	 -0.860	 -0.011	 -0.005
[component_container-11] 	 37.300	    GPS	  1.239	  1.548	  5.008	     --
[component_container-11] 	 37.300	   Baro	     --	     --	  5.360	     --
[component_container-11] 	 37.300	  BBias	     --	     --	  0.312	     --
[component_container-11] 	 37.300	  Sonar	     --	     --	    inf	     --
[component_container-11] 	 37.300	  Magnt	     --	     --	     --	  2.239
[component_container-11] 
[component_container-11] 	 37.340	   Pose	  1.551	  1.583	  5.016	  2.242
[component_container-11] 	 37.340	  Twist	  0.272	  0.559	  0.037	 -0.285
[component_container-11] 	 37.340	ErrPose	 -0.292	  0.243	 -0.005	 -0.016
[component_container-11] 	 37.340	ErrTwis	  0.380	 -0.863	 -0.001	  0.005
[component_container-11] 	 37.340	    GPS	  1.239	  1.548	  5.008	     --
[component_container-11] 	 37.340	   Baro	     --	     --	  5.236	     --
[component_container-11] 	 37.340	  BBias	     --	     --	  0.312	     --
[component_container-11] 	 37.340	  Sonar	     --	     --	    inf	     --
[component_container-11] 	 37.340	  Magnt	     --	     --	     --	  2.228
[component_container-11] 
[component_container-11] 	 37.370	   Pose	  1.560	  1.599	  5.019	  2.233
[component_container-11] 	 37.370	  Twist	  0.272	  0.555	  0.039	 -0.274
[component_container-11] 	 37.370	ErrPose	 -0.303	  0.240	 -0.008	 -0.013
[component_container-11] 	 37.370	ErrTwis	  0.384	 -0.864	 -0.004	 -0.006
[component_container-11] 	 37.370	    GPS	  1.239	  1.548	  5.008	     --
[component_container-11] 	 37.370	   Baro	     --	     --	  5.355	     --
[component_container-11] 	 37.370	  BBias	     --	     --	  0.312	     --
[component_container-11] 	 37.370	  Sonar	     --	     --	    inf	     --
[component_container-11] 	 37.370	  Magnt	     --	     --	     --	  2.230
[component_container-11] 
[component_container-11] 	 37.400	   Pose	  1.568	  1.616	  5.020	  2.225
[component_container-11] 	 37.400	  Twist	  0.273	  0.550	  0.039	 -0.270
[component_container-11] 	 37.400	ErrPose	 -0.317	  0.253	 -0.009	 -0.016
[component_container-11] 	 37.400	ErrTwis	  0.393	 -0.866	 -0.008	 -0.010
[component_container-11] 	 37.400	    GPS	  1.239	  1.548	  5.008	     --
[component_container-11] 	 37.400	   Baro	     --	     --	  5.355	     --
[component_container-11] 	 37.400	  BBias	     --	     --	  0.312	     --
[component_container-11] 	 37.400	  Sonar	     --	     --	    inf	     --
[component_container-11] 	 37.400	  Magnt	     --	     --	     --	  2.230
[component_container-11] 
[component_container-11] 	 37.440	   Pose	  1.579	  1.638	  5.021	  2.215
[component_container-11] 	 37.440	  Twist	  0.275	  0.544	  0.040	 -0.265
[component_container-11] 	 37.440	ErrPose	 -0.334	  0.261	 -0.010	 -0.017
[component_container-11] 	 37.440	ErrTwis	  0.401	 -0.865	 -0.011	 -0.015
[component_container-11] 	 37.440	    GPS	  1.239	  1.548	  5.008	     --
[component_container-11] 	 37.440	   Baro	     --	     --	  5.319	     --
[component_container-11] 	 37.440	  BBias	     --	     --	  0.312	     --
[component_container-11] 	 37.440	  Sonar	     --	     --	    inf	     --
[component_container-11] 	 37.440	  Magnt	     --	     --	     --	  2.263
[component_container-11] 
[component_container-11] 	 37.470	   Pose	  1.587	  1.654	  5.017	  2.207
[component_container-11] 	 37.470	  Twist	  0.276	  0.539	  0.036	 -0.267
[component_container-11] 	 37.470	ErrPose	 -0.345	  0.260	 -0.006	 -0.014
[component_container-11] 	 37.470	ErrTwis	  0.405	 -0.862	 -0.008	 -0.013
[component_container-11] 	 37.470	    GPS	  1.239	  1.548	  5.008	     --
[component_container-11] 	 37.470	   Baro	     --	     --	  5.281	     --
[component_container-11] 	 37.470	  BBias	     --	     --	  0.312	     --
[component_container-11] 	 37.470	  Sonar	     --	     --	    inf	     --
[component_container-11] 	 37.470	  Magnt	     --	     --	     --	  2.179
[component_container-11] 
[component_container-11] 	 37.500	   Pose	  1.595	  1.670	  5.018	  2.198
[component_container-11] 	 37.500	  Twist	  0.276	  0.535	  0.035	 -0.270
[component_container-11] 	 37.500	ErrPose	 -0.358	  0.274	 -0.007	 -0.017
[component_container-11] 	 37.500	ErrTwis	  0.415	 -0.860	 -0.008	 -0.010
[component_container-11] 	 37.500	    GPS	  1.239	  1.548	  5.008	     --
[component_container-11] 	 37.500	   Baro	     --	     --	  5.281	     --
[component_container-11] 	 37.500	  BBias	     --	     --	  0.312	     --
[component_container-11] 	 37.500	  Sonar	     --	     --	    inf	     --
[component_container-11] 	 37.500	  Magnt	     --	     --	     --	  2.179
[component_container-11] 
[component_container-11] [INFO] [1775370759.720219421] [drone.estimator]: TMP LOG gps innov_xy=(-0.523, 0.130) est_xy=(1.598, 1.675) gps_xy=(1.075, 1.805) corr_xy=(1.075, 1.805) vel_xy=(0.276, 0.533)
[component_container-11] [INFO] [1775370759.720343578] [drone.estimator]: TMP LOG gps vel pseudo raw=(-0.328, 0.515) filt=(-0.299, 0.513) innov_v=(-0.499, -0.039) apply=(1,1)
[component_container-11] 	 37.540	   Pose	  1.365	  1.726	  5.021	  2.187
[component_container-11] 	 37.540	  Twist	  0.105	  0.540	  0.038	 -0.276
[component_container-11] 	 37.540	ErrPose	 -0.134	  0.248	 -0.010	 -0.017
[component_container-11] 	 37.540	ErrTwis	  0.597	 -0.865	 -0.013	 -0.004
[component_container-11] 	 37.540	    GPS	  1.075	  1.805	  5.011	     --
[component_container-11] 	 37.540	   Baro	     --	     --	  5.363	     --
[component_container-11] 	 37.540	  BBias	     --	     --	  0.312	     --
[component_container-11] 	 37.540	  Sonar	     --	     --	    inf	     --
[component_container-11] 	 37.540	  Magnt	     --	     --	     --	  2.182
[component_container-11] 
[component_container-11] 	 37.570	   Pose	  1.368	  1.742	  5.014	  2.178
[component_container-11] 	 37.570	  Twist	  0.106	  0.535	  0.031	 -0.271
[component_container-11] 	 37.570	ErrPose	 -0.139	  0.248	 -0.003	 -0.014
[component_container-11] 	 37.570	ErrTwis	  0.601	 -0.860	 -0.007	 -0.008
[component_container-11] 	 37.570	    GPS	  1.075	  1.805	  5.011	     --
[component_container-11] 	 37.570	   Baro	     --	     --	  5.225	     --
[component_container-11] 	 37.570	  BBias	     --	     --	  0.312	     --
[component_container-11] 	 37.570	  Sonar	     --	     --	    inf	     --
[component_container-11] 	 37.570	  Magnt	     --	     --	     --	  2.138
[component_container-11] 
[component_container-11] 	 37.600	   Pose	  1.371	  1.758	  5.015	  2.170
[component_container-11] 	 37.600	  Twist	  0.106	  0.530	  0.032	 -0.267
[component_container-11] 	 37.600	ErrPose	 -0.148	  0.263	 -0.004	 -0.016
[component_container-11] 	 37.600	ErrTwis	  0.610	 -0.853	 -0.009	 -0.013
[component_container-11] 	 37.600	    GPS	  1.075	  1.805	  5.011	     --
[component_container-11] 	 37.600	   Baro	     --	     --	  5.225	     --
[component_container-11] 	 37.600	  BBias	     --	     --	  0.312	     --
[component_container-11] 	 37.600	  Sonar	     --	     --	    inf	     --
[component_container-11] 	 37.600	  Magnt	     --	     --	     --	  2.138
[component_container-11] 
[component_container-11] 	 37.640	   Pose	  1.376	  1.779	  5.013	  2.158
[component_container-11] 	 37.640	  Twist	  0.106	  0.524	  0.029	 -0.275
[component_container-11] 	 37.640	ErrPose	 -0.158	  0.273	 -0.002	 -0.015
[component_container-11] 	 37.640	ErrTwis	  0.620	 -0.843	 -0.005	 -0.004
[component_container-11] 	 37.640	    GPS	  1.075	  1.805	  5.011	     --
[component_container-11] 	 37.640	   Baro	     --	     --	  5.287	     --
[component_container-11] 	 37.640	  BBias	     --	     --	  0.312	     --
[component_container-11] 	 37.640	  Sonar	     --	     --	    inf	     --
[component_container-11] 	 37.640	  Magnt	     --	     --	     --	  2.111
[component_container-11] 
[component_container-11] 	 37.670	   Pose	  1.379	  1.795	  5.013	  2.150
[component_container-11] 	 37.670	  Twist	  0.106	  0.519	  0.030	 -0.259
[component_container-11] 	 37.670	ErrPose	 -0.163	  0.274	 -0.002	 -0.013
[component_container-11] 	 37.670	ErrTwis	  0.625	 -0.836	 -0.007	 -0.020
[component_container-11] 	 37.670	    GPS	  1.075	  1.805	  5.011	     --
[component_container-11] 	 37.670	   Baro	     --	     --	  5.317	     --
[component_container-11] 	 37.670	  BBias	     --	     --	  0.312	     --
[component_container-11] 	 37.670	  Sonar	     --	     --	    inf	     --
[component_container-11] 	 37.670	  Magnt	     --	     --	     --	  2.171
[component_container-11] 
[component_container-11] 	 37.700	   Pose	  1.382	  1.811	  5.014	  2.142
[component_container-11] 	 37.700	  Twist	  0.107	  0.514	  0.031	 -0.265
[component_container-11] 	 37.700	ErrPose	 -0.172	  0.290	 -0.003	 -0.016
[component_container-11] 	 37.700	ErrTwis	  0.634	 -0.826	 -0.009	 -0.014
[component_container-11] 	 37.700	    GPS	  1.075	  1.805	  5.011	     --
[component_container-11] 	 37.700	   Baro	     --	     --	  5.317	     --
[component_container-11] 	 37.700	  BBias	     --	     --	  0.312	     --
[component_container-11] 	 37.700	  Sonar	     --	     --	    inf	     --
[component_container-11] 	 37.700	  Magnt	     --	     --	     --	  2.171
[component_container-11] 
[component_container-11] 	 37.740	   Pose	  1.386	  1.831	  5.011	  2.131
[component_container-11] 	 37.740	  Twist	  0.107	  0.506	  0.029	 -0.271
[component_container-11] 	 37.740	ErrPose	 -0.182	  0.302	  0.000	 -0.017
[component_container-11] 	 37.740	ErrTwis	  0.644	 -0.815	 -0.004	 -0.008
[component_container-11] 	 37.740	    GPS	  1.075	  1.805	  5.011	     --
[component_container-11] 	 37.740	   Baro	     --	     --	  5.271	     --
[component_container-11] 	 37.740	  BBias	     --	     --	  0.311	     --
[component_container-11] 	 37.740	  Sonar	     --	     --	    inf	     --
[component_container-11] 	 37.740	  Magnt	     --	     --	     --	  2.133
[component_container-11] 
[component_container-11] 	 37.770	   Pose	  1.389	  1.846	  5.014	  2.123
[component_container-11] 	 37.770	  Twist	  0.107	  0.501	  0.032	 -0.261
[component_container-11] 	 37.770	ErrPose	 -0.187	  0.303	 -0.003	 -0.014
[component_container-11] 	 37.770	ErrTwis	  0.649	 -0.809	 -0.006	 -0.018
[component_container-11] 	 37.770	    GPS	  1.075	  1.805	  5.011	     --
[component_container-11] 	 37.770	   Baro	     --	     --	  5.353	     --
[component_container-11] 	 37.770	  BBias	     --	     --	  0.312	     --
[component_container-11] 	 37.770	  Sonar	     --	     --	    inf	     --
[component_container-11] 	 37.770	  Magnt	     --	     --	     --	  2.124
[component_container-11] 
[component_container-11] 	 37.800	   Pose	  1.393	  1.861	  5.015	  2.115
[component_container-11] 	 37.800	  Twist	  0.107	  0.496	  0.033	 -0.257
[component_container-11] 	 37.800	ErrPose	 -0.196	  0.321	 -0.004	 -0.017
[component_container-11] 	 37.800	ErrTwis	  0.659	 -0.802	 -0.005	 -0.023
[component_container-11] 	 37.800	    GPS	  1.075	  1.805	  5.011	     --
[component_container-11] 	 37.800	   Baro	     --	     --	  5.353	     --
[component_container-11] 	 37.800	  BBias	     --	     --	  0.312	     --
[component_container-11] 	 37.800	  Sonar	     --	     --	    inf	     --
[component_container-11] 	 37.800	  Magnt	     --	     --	     --	  2.124
[component_container-11] 
[component_container-11] 	 37.840	   Pose	  1.397	  1.881	  5.009	  2.103
[component_container-11] 	 37.840	  Twist	  0.108	  0.488	  0.026	 -0.269
[component_container-11] 	 37.840	ErrPose	 -0.205	  0.335	  0.001	 -0.016
[component_container-11] 	 37.840	ErrTwis	  0.668	 -0.792	 -0.001	 -0.011
[component_container-11] 	 37.840	    GPS	  1.075	  1.805	  5.011	     --
[component_container-11] 	 37.840	   Baro	     --	     --	  5.247	     --
[component_container-11] 	 37.840	  BBias	     --	     --	  0.311	     --
[component_container-11] 	 37.840	  Sonar	     --	     --	    inf	     --
[component_container-11] 	 37.840	  Magnt	     --	     --	     --	  2.045
[component_container-11] 
[component_container-11] 	 37.870	   Pose	  1.400	  1.895	  5.007	  2.095
[component_container-11] 	 37.870	  Twist	  0.108	  0.483	  0.024	 -0.263
[component_container-11] 	 37.870	ErrPose	 -0.211	  0.337	  0.004	 -0.014
[component_container-11] 	 37.870	ErrTwis	  0.673	 -0.786	  0.000	 -0.017
[component_container-11] 	 37.870	    GPS	  1.075	  1.805	  5.011	     --
[component_container-11] 	 37.870	   Baro	     --	     --	  5.283	     --
[component_container-11] 	 37.870	  BBias	     --	     --	  0.311	     --
[component_container-11] 	 37.870	  Sonar	     --	     --	    inf	     --
[component_container-11] 	 37.870	  Magnt	     --	     --	     --	  2.087
[component_container-11] 
[component_container-11] 	 37.900	   Pose	  1.404	  1.910	  5.008	  2.087
[component_container-11] 	 37.900	  Twist	  0.109	  0.478	  0.025	 -0.272
[component_container-11] 	 37.900	ErrPose	 -0.219	  0.356	  0.003	 -0.017
[component_container-11] 	 37.900	ErrTwis	  0.681	 -0.778	 -0.001	 -0.009
[component_container-11] 	 37.900	    GPS	  1.075	  1.805	  5.011	     --
[component_container-11] 	 37.900	   Baro	     --	     --	  5.283	     --
[component_container-11] 	 37.900	  BBias	     --	     --	  0.311	     --
[component_container-11] 	 37.900	  Sonar	     --	     --	    inf	     --
[component_container-11] 	 37.900	  Magnt	     --	     --	     --	  2.087
[component_container-11] 
[component_container-11] 	 37.940	   Pose	  1.408	  1.929	  5.012	  2.076
[component_container-11] 	 37.940	  Twist	  0.110	  0.471	  0.030	 -0.262
[component_container-11] 	 37.940	ErrPose	 -0.228	  0.371	 -0.002	 -0.017
[component_container-11] 	 37.940	ErrTwis	  0.690	 -0.767	 -0.006	 -0.018
[component_container-11] 	 37.940	    GPS	  1.075	  1.805	  5.011	     --
[component_container-11] 	 37.940	   Baro	     --	     --	  5.361	     --
[component_container-11] 	 37.940	  BBias	     --	     --	  0.311	     --
[component_container-11] 	 37.940	  Sonar	     --	     --	    inf	     --
[component_container-11] 	 37.940	  Magnt	     --	     --	     --	  2.053
[component_container-11] 
[component_container-11] 	 37.970	   Pose	  1.411	  1.943	  5.003	  2.066
[component_container-11] 	 37.970	  Twist	  0.110	  0.467	  0.021	 -0.267
[component_container-11] 	 37.970	ErrPose	 -0.234	  0.374	  0.007	 -0.014
[component_container-11] 	 37.970	ErrTwis	  0.695	 -0.759	  0.003	 -0.013
[component_container-11] 	 37.970	    GPS	  1.075	  1.805	  5.011	     --
[component_container-11] 	 37.970	   Baro	     --	     --	  5.216	     --
[component_container-11] 	 37.970	  BBias	     --	     --	  0.311	     --
[component_container-11] 	 37.970	  Sonar	     --	     --	    inf	     --
[component_container-11] 	 37.970	  Magnt	     --	     --	     --	  2.014
[component_container-11] 
[component_container-11] 	 38.000	   Pose	  1.414	  1.957	  5.004	  2.058
[component_container-11] 	 38.000	  Twist	  0.111	  0.461	  0.022	 -0.258
[component_container-11] 	 38.000	ErrPose	 -0.243	  0.395	  0.006	 -0.017
[component_container-11] 	 38.000	ErrTwis	  0.703	 -0.748	 -0.001	 -0.022
[component_container-11] 	 38.000	    GPS	  1.075	  1.805	  5.011	     --
[component_container-11] 	 38.000	   Baro	     --	     --	  5.216	     --
[component_container-11] 	 38.000	  BBias	     --	     --	  0.311	     --
[component_container-11] 	 38.000	  Sonar	     --	     --	    inf	     --
[component_container-11] 	 38.000	  Magnt	     --	     --	     --	  2.014
[component_container-11] 
[component_container-11] 	 38.040	   Pose	  1.250	  2.156	  5.001	  2.047
[component_container-11] 	 38.040	  Twist	  0.005	  0.592	  0.020	 -0.260
[component_container-11] 	 38.040	ErrPose	 -0.083	  0.230	  0.009	 -0.016
[component_container-11] 	 38.040	ErrTwis	  0.817	 -0.872	  0.003	 -0.020
[component_container-11] 	 38.040	    GPS	  0.991	  2.314	  5.010	     --
[component_container-11] 	 38.040	   Baro	     --	     --	  5.254	     --
[component_container-11] 	 38.040	  BBias	     --	     --	  0.311	     --
[component_container-11] 	 38.040	  Sonar	     --	     --	    inf	     --
[component_container-11] 	 38.040	  Magnt	     --	     --	     --	  2.030
[component_container-11] 
[component_container-11] [INFO] [1775370760.258975855] [drone.estimator]: TMP LOG err_xyz=(-0.083, 0.230, 0.009) | z_est=5.001 vz_est=0.020 bias=0.311 | gps_z=5.010 sonar=inf baro=5.254
[component_container-11] 	 38.070	   Pose	  1.250	  2.174	  5.001	  2.038
[component_container-11] 	 38.070	  Twist	  0.005	  0.587	  0.019	 -0.260
[component_container-11] 	 38.070	ErrPose	 -0.085	  0.229	  0.009	 -0.013
[component_container-11] 	 38.070	ErrTwis	  0.822	 -0.863	  0.004	 -0.020
[component_container-11] 	 38.070	    GPS	  0.991	  2.314	  5.010	     --
[component_container-11] 	 38.070	   Baro	     --	     --	  5.301	     --
[component_container-11] 	 38.070	  BBias	     --	     --	  0.311	     --
[component_container-11] 	 38.070	  Sonar	     --	     --	    inf	     --
[component_container-11] 	 38.070	  Magnt	     --	     --	     --	  2.020
[component_container-11] 
[component_container-11] [INFO] [1775370760.321064555] [drone.controller]: cmd_vel body=(0.929, -0.369, 0.000) yaw=-0.300 | odom_received=true | plan_points=21
[component_container-11] 	 38.100	   Pose	  1.250	  2.191	  5.002	  2.030
[component_container-11] 	 38.100	  Twist	  0.005	  0.583	  0.021	 -0.260
[component_container-11] 	 38.100	ErrPose	 -0.091	  0.247	  0.009	 -0.016
[component_container-11] 	 38.100	ErrTwis	  0.831	 -0.849	  0.002	 -0.020
[component_container-11] 	 38.100	    GPS	  0.991	  2.314	  5.010	     --
[component_container-11] 	 38.100	   Baro	     --	     --	  5.301	     --
[component_container-11] 	 38.100	  BBias	     --	     --	  0.311	     --
[component_container-11] 	 38.100	  Sonar	     --	     --	    inf	     --
[component_container-11] 	 38.100	  Magnt	     --	     --	     --	  2.020
[component_container-11] 
[component_container-11] 	 38.140	   Pose	  1.250	  2.215	  5.005	  2.020
[component_container-11] 	 38.140	  Twist	  0.005	  0.575	  0.025	 -0.257
[component_container-11] 	 38.140	ErrPose	 -0.096	  0.259	  0.005	 -0.017
[component_container-11] 	 38.140	ErrTwis	  0.839	 -0.833	 -0.004	 -0.023
[component_container-11] 	 38.140	    GPS	  0.991	  2.314	  5.010	     --
[component_container-11] 	 38.140	   Baro	     --	     --	  5.349	     --
[component_container-11] 	 38.140	  BBias	     --	     --	  0.311	     --
[component_container-11] 	 38.140	  Sonar	     --	     --	    inf	     --
[component_container-11] 	 38.140	  Magnt	     --	     --	     --	  2.036
[component_container-11] 
[component_container-11] 	 38.170	   Pose	  1.250	  2.232	  5.014	  2.011
[component_container-11] 	 38.170	  Twist	  0.005	  0.569	  0.036	 -0.257
[component_container-11] 	 38.170	ErrPose	 -0.099	  0.259	 -0.004	 -0.014
[component_container-11] 	 38.170	ErrTwis	  0.843	 -0.822	 -0.015	 -0.023
[component_container-11] 	 38.170	    GPS	  0.991	  2.314	  5.010	     --
[component_container-11] 	 38.170	   Baro	     --	     --	  5.419	     --
[component_container-11] 	 38.170	  BBias	     --	     --	  0.311	     --
[component_container-11] 	 38.170	  Sonar	     --	     --	    inf	     --
[component_container-11] 	 38.170	  Magnt	     --	     --	     --	  1.987
[component_container-11] 
[component_container-11] 	 38.200	   Pose	  1.250	  2.249	  5.016	  2.003
[component_container-11] 	 38.200	  Twist	  0.005	  0.563	  0.037	 -0.266
[component_container-11] 	 38.200	ErrPose	 -0.105	  0.277	 -0.005	 -0.017
[component_container-11] 	 38.200	ErrTwis	  0.851	 -0.807	 -0.013	 -0.014
[component_container-11] 	 38.200	    GPS	  0.991	  2.314	  5.010	     --
[component_container-11] 	 38.200	   Baro	     --	     --	  5.419	     --
[component_container-11] 	 38.200	  BBias	     --	     --	  0.311	     --
[component_container-11] 	 38.200	  Sonar	     --	     --	    inf	     --
[component_container-11] 	 38.200	  Magnt	     --	     --	     --	  1.987
[component_container-11] 
[component_container-11] 	 38.240	   Pose	  1.251	  2.271	  5.021	  1.991
[component_container-11] 	 38.240	  Twist	  0.005	  0.556	  0.042	 -0.285
[component_container-11] 	 38.240	ErrPose	 -0.110	  0.291	 -0.010	 -0.016
[component_container-11] 	 38.240	ErrTwis	  0.859	 -0.792	 -0.017	  0.005
[component_container-11] 	 38.240	    GPS	  0.991	  2.314	  5.010	     --
[component_container-11] 	 38.240	   Baro	     --	     --	  5.369	     --
[component_container-11] 	 38.240	  BBias	     --	     --	  0.311	     --
[component_container-11] 	 38.240	  Sonar	     --	     --	    inf	     --
[component_container-11] 	 38.240	  Magnt	     --	     --	     --	  1.952
[component_container-11] 
[component_container-11] 	 38.270	   Pose	  1.251	  2.288	  5.012	  1.982
[component_container-11] 	 38.270	  Twist	  0.005	  0.551	  0.032	 -0.261
[component_container-11] 	 38.270	ErrPose	 -0.113	  0.292	 -0.001	 -0.013
[component_container-11] 	 38.270	ErrTwis	  0.863	 -0.782	 -0.008	 -0.018
[component_container-11] 	 38.270	    GPS	  0.991	  2.314	  5.010	     --
[component_container-11] 	 38.270	   Baro	     --	     --	  5.215	     --
[component_container-11] 	 38.270	  BBias	     --	     --	  0.311	     --
[component_container-11] 	 38.270	  Sonar	     --	     --	    inf	     --
[component_container-11] 	 38.270	  Magnt	     --	     --	     --	  1.948
[component_container-11] 
[component_container-11] 	 38.300	   Pose	  1.251	  2.304	  5.013	  1.973
[component_container-11] 	 38.300	  Twist	  0.005	  0.545	  0.034	 -0.284
[component_container-11] 	 38.300	ErrPose	 -0.118	  0.311	 -0.002	 -0.016
[component_container-11] 	 38.300	ErrTwis	  0.869	 -0.770	 -0.011	  0.004
[component_container-11] 	 38.300	    GPS	  0.991	  2.314	  5.010	     --
[component_container-11] 	 38.300	   Baro	     --	     --	  5.215	     --
[component_container-11] 	 38.300	  BBias	     --	     --	  0.311	     --
[component_container-11] 	 38.300	  Sonar	     --	     --	    inf	     --
[component_container-11] 	 38.300	  Magnt	     --	     --	     --	  1.948
[component_container-11] 
[component_container-11] 	 38.340	   Pose	  1.251	  2.326	  5.010	  1.962
[component_container-11] 	 38.340	  Twist	  0.006	  0.538	  0.031	 -0.285
[component_container-11] 	 38.340	ErrPose	 -0.124	  0.326	  0.000	 -0.016
[component_container-11] 	 38.340	ErrTwis	  0.876	 -0.755	 -0.006	  0.005
[component_container-11] 	 38.340	    GPS	  0.991	  2.314	  5.010	     --
[component_container-11] 	 38.340	   Baro	     --	     --	  5.280	     --
[component_container-11] 	 38.340	  BBias	     --	     --	  0.311	     --
[component_container-11] 	 38.340	  Sonar	     --	     --	    inf	     --
[component_container-11] 	 38.340	  Magnt	     --	     --	     --	  1.957
[component_container-11] 
[component_container-11] 	 38.370	   Pose	  1.251	  2.342	  5.012	  1.954
[component_container-11] 	 38.370	  Twist	  0.006	  0.533	  0.033	 -0.274
[component_container-11] 	 38.370	ErrPose	 -0.127	  0.328	 -0.001	 -0.013
[component_container-11] 	 38.370	ErrTwis	  0.879	 -0.747	 -0.007	 -0.006
[component_container-11] 	 38.370	    GPS	  0.991	  2.314	  5.010	     --
[component_container-11] 	 38.370	   Baro	     --	     --	  5.329	     --
[component_container-11] 	 38.370	  BBias	     --	     --	  0.311	     --
[component_container-11] 	 38.370	  Sonar	     --	     --	    inf	     --
[component_container-11] 	 38.370	  Magnt	     --	     --	     --	  1.938
[component_container-11] 
[component_container-11] 	 38.400	   Pose	  1.252	  2.358	  5.013	  1.945
[component_container-11] 	 38.400	  Twist	  0.007	  0.528	  0.034	 -0.266
[component_container-11] 	 38.400	ErrPose	 -0.132	  0.348	 -0.002	 -0.016
[component_container-11] 	 38.400	ErrTwis	  0.886	 -0.735	 -0.011	 -0.014
[component_container-11] 	 38.400	    GPS	  0.991	  2.314	  5.010	     --
[component_container-11] 	 38.400	   Baro	     --	     --	  5.329	     --
[component_container-11] 	 38.400	  BBias	     --	     --	  0.311	     --
[component_container-11] 	 38.400	  Sonar	     --	     --	    inf	     --
[component_container-11] 	 38.400	  Magnt	     --	     --	     --	  1.938
[component_container-11] 
[component_container-11] 	 38.440	   Pose	  1.252	  2.379	  5.027	  1.935
[component_container-11] 	 38.440	  Twist	  0.006	  0.520	  0.049	 -0.265
[component_container-11] 	 38.440	ErrPose	 -0.137	  0.364	 -0.016	 -0.016
[component_container-11] 	 38.440	ErrTwis	  0.892	 -0.720	 -0.027	 -0.015
[component_container-11] 	 38.440	    GPS	  0.991	  2.314	  5.010	     --
[component_container-11] 	 38.440	   Baro	     --	     --	  5.461	     --
[component_container-11] 	 38.440	  BBias	     --	     --	  0.311	     --
[component_container-11] 	 38.440	  Sonar	     --	     --	    inf	     --
[component_container-11] 	 38.440	  Magnt	     --	     --	     --	  1.928
[component_container-11] 
[component_container-11] 	 38.470	   Pose	  1.252	  2.394	  5.024	  1.926
[component_container-11] 	 38.470	  Twist	  0.006	  0.514	  0.045	 -0.277
[component_container-11] 	 38.470	ErrPose	 -0.140	  0.367	 -0.013	 -0.013
[component_container-11] 	 38.470	ErrTwis	  0.895	 -0.710	 -0.023	 -0.003
[component_container-11] 	 38.470	    GPS	  0.991	  2.314	  5.010	     --
[component_container-11] 	 38.470	   Baro	     --	     --	  5.287	     --
[component_container-11] 	 38.470	  BBias	     --	     --	  0.311	     --
[component_container-11] 	 38.470	  Sonar	     --	     --	    inf	     --
[component_container-11] 	 38.470	  Magnt	     --	     --	     --	  1.905
[component_container-11] 
[component_container-11] 	 38.500	   Pose	  1.252	  2.410	  5.025	  1.918
[component_container-11] 	 38.500	  Twist	  0.007	  0.509	  0.045	 -0.259
[component_container-11] 	 38.500	ErrPose	 -0.146	  0.388	 -0.014	 -0.016
[component_container-11] 	 38.500	ErrTwis	  0.900	 -0.697	 -0.022	 -0.021
[component_container-11] 	 38.500	    GPS	  0.991	  2.314	  5.010	     --
[component_container-11] 	 38.500	   Baro	     --	     --	  5.287	     --
[component_container-11] 	 38.500	  BBias	     --	     --	  0.311	     --
[component_container-11] 	 38.500	  Sonar	     --	     --	    inf	     --
[component_container-11] 	 38.500	  Magnt	     --	     --	     --	  1.905
[component_container-11] 
[component_container-11] [INFO] [1775370760.725386583] [drone.estimator]: TMP LOG gps innov_xy=(-0.232, 0.460) est_xy=(1.252, 2.410) gps_xy=(1.020, 2.869) corr_xy=(1.020, 2.869) vel_xy=(0.007, 0.509)
[component_container-11] [INFO] [1775370760.725540883] [drone.estimator]: TMP LOG gps vel pseudo raw=(0.059, 1.110) filt=(0.035, 1.095) innov_v=(0.062, 0.520) apply=(1,1)
[component_container-11] 	 38.540	   Pose	  1.189	  2.654	  5.019	  1.907
[component_container-11] 	 38.540	  Twist	 -0.015	  0.668	  0.039	 -0.267
[component_container-11] 	 38.540	ErrPose	 -0.087	  0.181	 -0.008	 -0.016
[component_container-11] 	 38.540	ErrTwis	  0.929	 -0.848	 -0.017	 -0.013
[component_container-11] 	 38.540	    GPS	  1.020	  2.869	  5.011	     --
[component_container-11] 	 38.540	   Baro	     --	     --	  5.261	     --
[component_container-11] 	 38.540	  BBias	     --	     --	  0.311	     --
[component_container-11] 	 38.540	  Sonar	     --	     --	    inf	     --
[component_container-11] 	 38.540	  Magnt	     --	     --	     --	  1.892
[component_container-11] 
[component_container-11] 	 38.570	   Pose	  1.189	  2.674	  5.004	  1.898
[component_container-11] 	 38.570	  Twist	 -0.014	  0.662	  0.023	 -0.272
[component_container-11] 	 38.570	ErrPose	 -0.090	  0.179	  0.007	 -0.013
[component_container-11] 	 38.570	ErrTwis	  0.930	 -0.837	 -0.003	 -0.008
[component_container-11] 	 38.570	    GPS	  1.020	  2.869	  5.011	     --
[component_container-11] 	 38.570	   Baro	     --	     --	  5.130	     --
[component_container-11] 	 38.570	  BBias	     --	     --	  0.311	     --
[component_container-11] 	 38.570	  Sonar	     --	     --	    inf	     --
[component_container-11] 	 38.570	  Magnt	     --	     --	     --	  1.896
[component_container-11] 
[component_container-11] 	 38.600	   Pose	  1.188	  2.694	  5.005	  1.890
[component_container-11] 	 38.600	  Twist	 -0.014	  0.656	  0.025	 -0.263
[component_container-11] 	 38.600	ErrPose	 -0.094	  0.197	  0.006	 -0.017
[component_container-11] 	 38.600	ErrTwis	  0.934	 -0.822	 -0.006	 -0.017
[component_container-11] 	 38.600	    GPS	  1.020	  2.869	  5.011	     --
[component_container-11] 	 38.600	   Baro	     --	     --	  5.130	     --
[component_container-11] 	 38.600	  BBias	     --	     --	  0.311	     --
[component_container-11] 	 38.600	  Sonar	     --	     --	    inf	     --
[component_container-11] 	 38.600	  Magnt	     --	     --	     --	  1.896
[component_container-11] 
[component_container-11] 	 38.640	   Pose	  1.188	  2.720	  5.005	  1.879
[component_container-11] 	 38.640	  Twist	 -0.013	  0.649	  0.025	 -0.242
[component_container-11] 	 38.640	ErrPose	 -0.099	  0.208	  0.005	 -0.017
[component_container-11] 	 38.640	ErrTwis	  0.939	 -0.805	 -0.005	 -0.037
[component_container-11] 	 38.640	    GPS	  1.020	  2.869	  5.011	     --
[component_container-11] 	 38.640	   Baro	     --	     --	  5.311	     --
[component_container-11] 	 38.640	  BBias	     --	     --	  0.311	     --
[component_container-11] 	 38.640	  Sonar	     --	     --	    inf	     --
[component_container-11] 	 38.640	  Magnt	     --	     --	     --	  1.881
[component_container-11] 
[component_container-11] 	 38.670	   Pose	  1.187	  2.739	  5.004	  1.872
[component_container-11] 	 38.670	  Twist	 -0.014	  0.643	  0.024	 -0.278
[component_container-11] 	 38.670	ErrPose	 -0.101	  0.207	  0.007	 -0.015
[component_container-11] 	 38.670	ErrTwis	  0.942	 -0.795	 -0.004	 -0.002
[component_container-11] 	 38.670	    GPS	  1.020	  2.869	  5.011	     --
[component_container-11] 	 38.670	   Baro	     --	     --	  5.290	     --
[component_container-11] 	 38.670	  BBias	     --	     --	  0.311	     --
[component_container-11] 	 38.670	  Sonar	     --	     --	    inf	     --
[component_container-11] 	 38.670	  Magnt	     --	     --	     --	  1.879
[component_container-11] 
[component_container-11] 	 38.700	   Pose	  1.187	  2.759	  5.005	  1.863
[component_container-11] 	 38.700	  Twist	 -0.013	  0.638	  0.026	 -0.272
[component_container-11] 	 38.700	ErrPose	 -0.106	  0.226	  0.006	 -0.018
[component_container-11] 	 38.700	ErrTwis	  0.946	 -0.780	 -0.008	 -0.008
[component_container-11] 	 38.700	    GPS	  1.020	  2.869	  5.011	     --
[component_container-11] 	 38.700	   Baro	     --	     --	  5.290	     --
[component_container-11] 	 38.700	  BBias	     --	     --	  0.311	     --
[component_container-11] 	 38.700	  Sonar	     --	     --	    inf	     --
[component_container-11] 	 38.700	  Magnt	     --	     --	     --	  1.879
[component_container-11] 
[component_container-11] 	 38.740	   Pose	  1.186	  2.784	  4.997	  1.852
[component_container-11] 	 38.740	  Twist	 -0.014	  0.630	  0.020	 -0.261
[component_container-11] 	 38.740	ErrPose	 -0.110	  0.238	  0.013	 -0.017
[component_container-11] 	 38.740	ErrTwis	  0.950	 -0.762	 -0.003	 -0.018
[component_container-11] 	 38.740	    GPS	  1.020	  2.869	  5.011	     --
[component_container-11] 	 38.740	   Baro	     --	     --	  5.218	     --
[component_container-11] 	 38.740	  BBias	     --	     --	  0.311	     --
[component_container-11] 	 38.740	  Sonar	     --	     --	    inf	     --
[component_container-11] 	 38.740	  Magnt	     --	     --	     --	  1.834
[component_container-11] 
[component_container-11] 	 38.770	   Pose	  1.186	  2.803	  5.008	  1.843
[component_container-11] 	 38.770	  Twist	 -0.014	  0.624	  0.033	 -0.264
[component_container-11] 	 38.770	ErrPose	 -0.112	  0.238	  0.003	 -0.014
[component_container-11] 	 38.770	ErrTwis	  0.952	 -0.751	 -0.014	 -0.016
[component_container-11] 	 38.770	    GPS	  1.020	  2.869	  5.011	     --
[component_container-11] 	 38.770	   Baro	     --	     --	  5.425	     --
[component_container-11] 	 38.770	  BBias	     --	     --	  0.311	     --
[component_container-11] 	 38.770	  Sonar	     --	     --	    inf	     --
[component_container-11] 	 38.770	  Magnt	     --	     --	     --	  1.810
[component_container-11] 
[component_container-11] 	 38.800	   Pose	  1.185	  2.821	  5.009	  1.835
[component_container-11] 	 38.800	  Twist	 -0.014	  0.619	  0.034	 -0.293
[component_container-11] 	 38.800	ErrPose	 -0.117	  0.257	  0.002	 -0.017
[component_container-11] 	 38.800	ErrTwis	  0.956	 -0.737	 -0.014	  0.013
[component_container-11] 	 38.800	    GPS	  1.020	  2.869	  5.011	     --
[component_container-11] 	 38.800	   Baro	     --	     --	  5.425	     --
[component_container-11] 	 38.800	  BBias	     --	     --	  0.311	     --
[component_container-11] 	 38.800	  Sonar	     --	     --	    inf	     --
[component_container-11] 	 38.800	  Magnt	     --	     --	     --	  1.810
[component_container-11] 
[component_container-11] 	 38.840	   Pose	  1.185	  2.846	  4.998	  1.824
[component_container-11] 	 38.840	  Twist	 -0.015	  0.612	  0.024	 -0.263
[component_container-11] 	 38.840	ErrPose	 -0.122	  0.270	  0.013	 -0.018
[component_container-11] 	 38.840	ErrTwis	  0.960	 -0.720	 -0.004	 -0.016
[component_container-11] 	 38.840	    GPS	  1.020	  2.869	  5.011	     --
[component_container-11] 	 38.840	   Baro	     --	     --	  5.180	     --
[component_container-11] 	 38.840	  BBias	     --	     --	  0.311	     --
[component_container-11] 	 38.840	  Sonar	     --	     --	    inf	     --
[component_container-11] 	 38.840	  Magnt	     --	     --	     --	  1.857
[component_container-11] 
[component_container-11] 	 38.870	   Pose	  1.184	  2.864	  5.013	  1.816
[component_container-11] 	 38.870	  Twist	 -0.014	  0.605	  0.040	 -0.274
[component_container-11] 	 38.870	ErrPose	 -0.124	  0.271	 -0.002	 -0.015
[component_container-11] 	 38.870	ErrTwis	  0.961	 -0.708	 -0.021	 -0.005
[component_container-11] 	 38.870	    GPS	  1.020	  2.869	  5.011	     --
[component_container-11] 	 38.870	   Baro	     --	     --	  5.472	     --
[component_container-11] 	 38.870	  BBias	     --	     --	  0.311	     --
[component_container-11] 	 38.870	  Sonar	     --	     --	    inf	     --
[component_container-11] 	 38.870	  Magnt	     --	     --	     --	  1.813
[component_container-11] 
[component_container-11] 	 38.900	   Pose	  1.184	  2.882	  5.014	  1.808
[component_container-11] 	 38.900	  Twist	 -0.014	  0.600	  0.042	 -0.272
[component_container-11] 	 38.900	ErrPose	 -0.128	  0.290	 -0.003	 -0.018
[component_container-11] 	 38.900	ErrTwis	  0.963	 -0.693	 -0.022	 -0.008
[component_container-11] 	 38.900	    GPS	  1.020	  2.869	  5.011	     --
[component_container-11] 	 38.900	   Baro	     --	     --	  5.472	     --
[component_container-11] 	 38.900	  BBias	     --	     --	  0.311	     --
[component_container-11] 	 38.900	  Sonar	     --	     --	    inf	     --
[component_container-11] 	 38.900	  Magnt	     --	     --	     --	  1.813
[component_container-11] 
[component_container-11] 	 38.940	   Pose	  1.183	  2.906	  5.029	  1.796
[component_container-11] 	 38.940	  Twist	 -0.015	  0.593	  0.057	 -0.266
[component_container-11] 	 38.940	ErrPose	 -0.133	  0.305	 -0.018	 -0.017
[component_container-11] 	 38.940	ErrTwis	  0.967	 -0.676	 -0.035	 -0.014
[component_container-11] 	 38.940	    GPS	  1.020	  2.869	  5.011	     --
[component_container-11] 	 38.940	   Baro	     --	     --	  5.471	     --
[component_container-11] 	 38.940	  BBias	     --	     --	  0.311	     --
[component_container-11] 	 38.940	  Sonar	     --	     --	    inf	     --
[component_container-11] 	 38.940	  Magnt	     --	     --	     --	  1.753
[component_container-11] 
[component_container-11] 	 38.970	   Pose	  1.183	  2.924	  5.036	  1.786
[component_container-11] 	 38.970	  Twist	 -0.016	  0.587	  0.064	 -0.273
[component_container-11] 	 38.970	ErrPose	 -0.135	  0.306	 -0.025	 -0.013
[component_container-11] 	 38.970	ErrTwis	  0.968	 -0.666	 -0.042	 -0.007
[component_container-11] 	 38.970	    GPS	  1.020	  2.869	  5.011	     --
[component_container-11] 	 38.970	   Baro	     --	     --	  5.401	     --
[component_container-11] 	 38.970	  BBias	     --	     --	  0.311	     --
[component_container-11] 	 38.970	  Sonar	     --	     --	    inf	     --
[component_container-11] 	 38.970	  Magnt	     --	     --	     --	  1.740
[component_container-11] 
[component_container-11] 	 39.000	   Pose	  1.182	  2.941	  5.038	  1.778
[component_container-11] 	 39.000	  Twist	 -0.015	  0.582	  0.064	 -0.268
[component_container-11] 	 39.000	ErrPose	 -0.140	  0.326	 -0.026	 -0.016
[component_container-11] 	 39.000	ErrTwis	  0.970	 -0.650	 -0.044	 -0.012
[component_container-11] 	 39.000	    GPS	  1.020	  2.869	  5.011	     --
[component_container-11] 	 39.000	   Baro	     --	     --	  5.401	     --
[component_container-11] 	 39.000	  BBias	     --	     --	  0.311	     --
[component_container-11] 	 39.000	  Sonar	     --	     --	    inf	     --
[component_container-11] 	 39.000	  Magnt	     --	     --	     --	  1.740
[component_container-11] 
[component_container-11] 	 39.040	   Pose	  1.160	  3.039	  5.042	  1.767
[component_container-11] 	 39.040	  Twist	 -0.012	  0.612	  0.067	 -0.279
[component_container-11] 	 39.040	ErrPose	 -0.122	  0.267	 -0.030	 -0.017
[component_container-11] 	 39.040	ErrTwis	  0.968	 -0.670	 -0.048	 -0.000
[component_container-11] 	 39.040	    GPS	  1.061	  3.166	  5.012	     --
[component_container-11] 	 39.040	   Baro	     --	     --	  5.426	     --
[component_container-11] 	 39.040	  BBias	     --	     --	  0.312	     --
[component_container-11] 	 39.040	  Sonar	     --	     --	    inf	     --
[component_container-11] 	 39.040	  Magnt	     --	     --	     --	  1.781
[component_container-11] 
[component_container-11] [INFO] [1775370761.263869267] [drone.estimator]: TMP LOG err_xyz=(-0.122, 0.267, -0.030) | z_est=5.042 vz_est=0.067 bias=0.312 | gps_z=5.012 sonar=inf baro=5.426
[component_container-11] 	 39.070	   Pose	  1.160	  3.057	  5.046	  1.759
[component_container-11] 	 39.070	  Twist	 -0.013	  0.607	  0.069	 -0.251
[component_container-11] 	 39.070	ErrPose	 -0.124	  0.268	 -0.034	 -0.014
[component_container-11] 	 39.070	ErrTwis	  0.969	 -0.659	 -0.049	 -0.029
[component_container-11] 	 39.070	    GPS	  1.061	  3.166	  5.012	     --
[component_container-11] 	 39.070	   Baro	     --	     --	  5.379	     --
[component_container-11] 	 39.070	  BBias	     --	     --	  0.312	     --
[component_container-11] 	 39.070	  Sonar	     --	     --	    inf	     --
[component_container-11] 	 39.070	  Magnt	     --	     --	     --	  1.752
[component_container-11] 
[component_container-11] [INFO] [1775370761.324430144] [drone.controller]: cmd_vel body=(0.956, -0.020, -0.046) yaw=-0.300 | odom_received=true | plan_points=11
[component_container-11] 	 39.100	   Pose	  1.159	  3.075	  5.048	  1.751
[component_container-11] 	 39.100	  Twist	 -0.013	  0.602	  0.068	 -0.290
[component_container-11] 	 39.100	ErrPose	 -0.129	  0.288	 -0.036	 -0.017
[component_container-11] 	 39.100	ErrTwis	  0.971	 -0.644	 -0.049	  0.010
[component_container-11] 	 39.100	    GPS	  1.061	  3.166	  5.012	     --
[component_container-11] 	 39.100	   Baro	     --	     --	  5.379	     --
[component_container-11] 	 39.100	  BBias	     --	     --	  0.312	     --
[component_container-11] 	 39.100	  Sonar	     --	     --	    inf	     --
[component_container-11] 	 39.100	  Magnt	     --	     --	     --	  1.752
[component_container-11] 
[component_container-11] 	 39.140	   Pose	  1.159	  3.099	  5.050	  1.739
[component_container-11] 	 39.140	  Twist	 -0.013	  0.596	  0.067	 -0.268
[component_container-11] 	 39.140	ErrPose	 -0.134	  0.302	 -0.038	 -0.017
[component_container-11] 	 39.140	ErrTwis	  0.972	 -0.626	 -0.052	 -0.012
[component_container-11] 	 39.140	    GPS	  1.061	  3.166	  5.012	     --
[component_container-11] 	 39.140	   Baro	     --	     --	  5.349	     --
[component_container-11] 	 39.140	  BBias	     --	     --	  0.312	     --
[component_container-11] 	 39.140	  Sonar	     --	     --	    inf	     --
[component_container-11] 	 39.140	  Magnt	     --	     --	     --	  1.739
[component_container-11] 
[component_container-11] 	 39.170	   Pose	  1.158	  3.117	  5.040	  1.732
[component_container-11] 	 39.170	  Twist	 -0.014	  0.590	  0.056	 -0.265
[component_container-11] 	 39.170	ErrPose	 -0.136	  0.303	 -0.029	 -0.015
[component_container-11] 	 39.170	ErrTwis	  0.973	 -0.615	 -0.043	 -0.014
[component_container-11] 	 39.170	    GPS	  1.061	  3.166	  5.012	     --
[component_container-11] 	 39.170	   Baro	     --	     --	  5.223	     --
[component_container-11] 	 39.170	  BBias	     --	     --	  0.311	     --
[component_container-11] 	 39.170	  Sonar	     --	     --	    inf	     --
[component_container-11] 	 39.170	  Magnt	     --	     --	     --	  1.770
[component_container-11] 
[component_container-11] 	 39.200	   Pose	  1.158	  3.134	  5.042	  1.724
[component_container-11] 	 39.200	  Twist	 -0.014	  0.585	  0.056	 -0.285
[component_container-11] 	 39.200	ErrPose	 -0.140	  0.323	 -0.030	 -0.018
[component_container-11] 	 39.200	ErrTwis	  0.973	 -0.599	 -0.044	  0.005
[component_container-11] 	 39.200	    GPS	  1.061	  3.166	  5.012	     --
[component_container-11] 	 39.200	   Baro	     --	     --	  5.223	     --
[component_container-11] 	 39.200	  BBias	     --	     --	  0.311	     --
[component_container-11] 	 39.200	  Sonar	     --	     --	    inf	     --
[component_container-11] 	 39.200	  Magnt	     --	     --	     --	  1.770
[component_container-11] 
[component_container-11] 	 39.240	   Pose	  1.157	  3.158	  5.054	  1.714
[component_container-11] 	 39.240	  Twist	 -0.014	  0.579	  0.064	 -0.269
[component_container-11] 	 39.240	ErrPose	 -0.145	  0.338	 -0.042	 -0.019
[component_container-11] 	 39.240	ErrTwis	  0.973	 -0.582	 -0.053	 -0.011
[component_container-11] 	 39.240	    GPS	  1.061	  3.166	  5.012	     --
[component_container-11] 	 39.240	   Baro	     --	     --	  5.463	     --
[component_container-11] 	 39.240	  BBias	     --	     --	  0.312	     --
[component_container-11] 	 39.240	  Sonar	     --	     --	    inf	     --
[component_container-11] 	 39.240	  Magnt	     --	     --	     --	  1.746
[component_container-11] 
[component_container-11] 	 39.270	   Pose	  1.157	  3.175	  5.042	  1.705
[component_container-11] 	 39.270	  Twist	 -0.014	  0.573	  0.051	 -0.283
[component_container-11] 	 39.270	ErrPose	 -0.147	  0.340	 -0.031	 -0.016
[component_container-11] 	 39.270	ErrTwis	  0.973	 -0.571	 -0.042	  0.004
[component_container-11] 	 39.270	    GPS	  1.061	  3.166	  5.012	     --
[component_container-11] 	 39.270	   Baro	     --	     --	  5.208	     --
[component_container-11] 	 39.270	  BBias	     --	     --	  0.311	     --
[component_container-11] 	 39.270	  Sonar	     --	     --	    inf	     --
[component_container-11] 	 39.270	  Magnt	     --	     --	     --	  1.685
[component_container-11] 
[component_container-11] 	 39.300	   Pose	  1.157	  3.192	  5.044	  1.697
[component_container-11] 	 39.300	  Twist	 -0.015	  0.568	  0.051	 -0.262
[component_container-11] 	 39.300	ErrPose	 -0.152	  0.361	 -0.032	 -0.019
[component_container-11] 	 39.300	ErrTwis	  0.972	 -0.554	 -0.046	 -0.018
[component_container-11] 	 39.300	    GPS	  1.061	  3.166	  5.012	     --
[component_container-11] 	 39.300	   Baro	     --	     --	  5.208	     --
[component_container-11] 	 39.300	  BBias	     --	     --	  0.311	     --
[component_container-11] 	 39.300	  Sonar	     --	     --	    inf	     --
[component_container-11] 	 39.300	  Magnt	     --	     --	     --	  1.685
[component_container-11] 
[component_container-11] 	 39.340	   Pose	  1.156	  3.215	  5.043	  1.685
[component_container-11] 	 39.340	  Twist	 -0.015	  0.560	  0.048	 -0.262
[component_container-11] 	 39.340	ErrPose	 -0.156	  0.376	 -0.031	 -0.018
[component_container-11] 	 39.340	ErrTwis	  0.971	 -0.535	 -0.044	 -0.018
[component_container-11] 	 39.340	    GPS	  1.061	  3.166	  5.012	     --
[component_container-11] 	 39.340	   Baro	     --	     --	  5.319	     --
[component_container-11] 	 39.340	  BBias	     --	     --	  0.311	     --
[component_container-11] 	 39.340	  Sonar	     --	     --	    inf	     --
[component_container-11] 	 39.340	  Magnt	     --	     --	     --	  1.661
[component_container-11] 
[component_container-11] 	 39.370	   Pose	  1.156	  3.231	  5.043	  1.676
[component_container-11] 	 39.370	  Twist	 -0.015	  0.555	  0.048	 -0.281
[component_container-11] 	 39.370	ErrPose	 -0.159	  0.378	 -0.032	 -0.015
[component_container-11] 	 39.370	ErrTwis	  0.971	 -0.525	 -0.044	  0.001
[component_container-11] 	 39.370	    GPS	  1.061	  3.166	  5.012	     --
[component_container-11] 	 39.370	   Baro	     --	     --	  5.345	     --
[component_container-11] 	 39.370	  BBias	     --	     --	  0.311	     --
[component_container-11] 	 39.370	  Sonar	     --	     --	    inf	     --
[component_container-11] 	 39.370	  Magnt	     --	     --	     --	  1.664
[component_container-11] 
[component_container-11] 	 39.400	   Pose	  1.155	  3.248	  5.045	  1.668
[component_container-11] 	 39.400	  Twist	 -0.015	  0.551	  0.049	 -0.284
[component_container-11] 	 39.400	ErrPose	 -0.163	  0.399	 -0.034	 -0.018
[component_container-11] 	 39.400	ErrTwis	  0.969	 -0.509	 -0.047	  0.005
[component_container-11] 	 39.400	    GPS	  1.061	  3.166	  5.012	     --
[component_container-11] 	 39.400	   Baro	     --	     --	  5.345	     --
[component_container-11] 	 39.400	  BBias	     --	     --	  0.311	     --
[component_container-11] 	 39.400	  Sonar	     --	     --	    inf	     --
[component_container-11] 	 39.400	  Magnt	     --	     --	     --	  1.664
[component_container-11] 
[component_container-11] 	 39.440	   Pose	  1.154	  3.270	  5.019	  1.656
[component_container-11] 	 39.440	  Twist	 -0.016	  0.544	  0.022	 -0.273
[component_container-11] 	 39.440	ErrPose	 -0.168	  0.415	 -0.009	 -0.017
[component_container-11] 	 39.440	ErrTwis	  0.967	 -0.491	 -0.025	 -0.007
[component_container-11] 	 39.440	    GPS	  1.061	  3.166	  5.012	     --
[component_container-11] 	 39.440	   Baro	     --	     --	  5.051	     --
[component_container-11] 	 39.440	  BBias	     --	     --	  0.311	     --
[component_container-11] 	 39.440	  Sonar	     --	     --	    inf	     --
[component_container-11] 	 39.440	  Magnt	     --	     --	     --	  1.634
[component_container-11] 
[component_container-11] 	 39.470	   Pose	  1.154	  3.286	  5.022	  1.647
[component_container-11] 	 39.470	  Twist	 -0.016	  0.538	  0.025	 -0.276
[component_container-11] 	 39.470	ErrPose	 -0.170	  0.418	 -0.012	 -0.014
[component_container-11] 	 39.470	ErrTwis	  0.965	 -0.479	 -0.029	 -0.004
[component_container-11] 	 39.470	    GPS	  1.061	  3.166	  5.012	     --
[component_container-11] 	 39.470	   Baro	     --	     --	  5.355	     --
[component_container-11] 	 39.470	  BBias	     --	     --	  0.311	     --
[component_container-11] 	 39.470	  Sonar	     --	     --	    inf	     --
[component_container-11] 	 39.470	  Magnt	     --	     --	     --	  1.606
[component_container-11] 
[component_container-11] 	 39.500	   Pose	  1.153	  3.302	  5.023	  1.639
[component_container-11] 	 39.500	  Twist	 -0.017	  0.532	  0.026	 -0.282
[component_container-11] 	 39.500	ErrPose	 -0.175	  0.439	 -0.013	 -0.017
[component_container-11] 	 39.500	ErrTwis	  0.962	 -0.462	 -0.029	  0.002
[component_container-11] 	 39.500	    GPS	  1.061	  3.166	  5.012	     --
[component_container-11] 	 39.500	   Baro	     --	     --	  5.355	     --
[component_container-11] 	 39.500	  BBias	     --	     --	  0.311	     --
[component_container-11] 	 39.500	  Sonar	     --	     --	    inf	     --
[component_container-11] 	 39.500	  Magnt	     --	     --	     --	  1.606
[component_container-11] 
[component_container-11] [INFO] [1775370761.730812080] [drone.estimator]: TMP LOG gps innov_xy=(-0.132, 0.214) est_xy=(1.153, 3.307) gps_xy=(1.021, 3.522) corr_xy=(1.021, 3.522) vel_xy=(-0.017, 0.530)
[component_container-11] [INFO] [1775370761.730924828] [drone.estimator]: TMP LOG gps vel pseudo raw=(-0.080, 0.711) filt=(-0.064, 0.705) innov_v=(-0.028, 0.143) apply=(1,1)
[component_container-11] 	 39.540	   Pose	  1.107	  3.413	  5.022	  1.627
[component_container-11] 	 39.540	  Twist	 -0.042	  0.584	  0.027	 -0.270
[component_container-11] 	 39.540	ErrPose	 -0.133	  0.366	 -0.013	 -0.017
[component_container-11] 	 39.540	ErrTwis	  0.983	 -0.504	 -0.031	 -0.010
[component_container-11] 	 39.540	    GPS	  1.021	  3.522	  5.010	     --
[component_container-11] 	 39.540	   Baro	     --	     --	  5.341	     --
[component_container-11] 	 39.540	  BBias	     --	     --	  0.311	     --
[component_container-11] 	 39.540	  Sonar	     --	     --	    inf	     --
[component_container-11] 	 39.540	  Magnt	     --	     --	     --	  1.618
[component_container-11] 
[component_container-11] 	 39.570	   Pose	  1.105	  3.430	  5.011	  1.619
[component_container-11] 	 39.570	  Twist	 -0.042	  0.579	  0.017	 -0.278
[component_container-11] 	 39.570	ErrPose	 -0.134	  0.367	 -0.001	 -0.014
[component_container-11] 	 39.570	ErrTwis	  0.982	 -0.493	 -0.022	 -0.002
[component_container-11] 	 39.570	    GPS	  1.021	  3.522	  5.010	     --
[component_container-11] 	 39.570	   Baro	     --	     --	  5.175	     --
[component_container-11] 	 39.570	  BBias	     --	     --	  0.311	     --
[component_container-11] 	 39.570	  Sonar	     --	     --	    inf	     --
[component_container-11] 	 39.570	  Magnt	     --	     --	     --	  1.599
[component_container-11] 
[component_container-11] 	 39.600	   Pose	  1.104	  3.447	  5.011	  1.611
[component_container-11] 	 39.600	  Twist	 -0.043	  0.573	  0.019	 -0.285
[component_container-11] 	 39.600	ErrPose	 -0.138	  0.387	 -0.002	 -0.017
[component_container-11] 	 39.600	ErrTwis	  0.977	 -0.476	 -0.026	  0.006
[component_container-11] 	 39.600	    GPS	  1.021	  3.522	  5.010	     --
[component_container-11] 	 39.600	   Baro	     --	     --	  5.175	     --
[component_container-11] 	 39.600	  BBias	     --	     --	  0.311	     --
[component_container-11] 	 39.600	  Sonar	     --	     --	    inf	     --
[component_container-11] 	 39.600	  Magnt	     --	     --	     --	  1.599
[component_container-11] 
[component_container-11] 	 39.640	   Pose	  1.102	  3.470	  5.020	  1.599
[component_container-11] 	 39.640	  Twist	 -0.044	  0.567	  0.030	 -0.250
[component_container-11] 	 39.640	ErrPose	 -0.142	  0.401	 -0.012	 -0.016
[component_container-11] 	 39.640	ErrTwis	  0.972	 -0.459	 -0.035	 -0.030
[component_container-11] 	 39.640	    GPS	  1.021	  3.522	  5.010	     --
[component_container-11] 	 39.640	   Baro	     --	     --	  5.426	     --
[component_container-11] 	 39.640	  BBias	     --	     --	  0.311	     --
[component_container-11] 	 39.640	  Sonar	     --	     --	    inf	     --
[component_container-11] 	 39.640	  Magnt	     --	     --	     --	  1.566
[component_container-11] 
[component_container-11] 	 39.670	   Pose	  1.101	  3.487	  5.004	  1.591
[component_container-11] 	 39.670	  Twist	 -0.044	  0.562	  0.015	 -0.261
[component_container-11] 	 39.670	ErrPose	 -0.143	  0.402	  0.004	 -0.013
[component_container-11] 	 39.670	ErrTwis	  0.969	 -0.450	 -0.019	 -0.018
[component_container-11] 	 39.670	    GPS	  1.021	  3.522	  5.010	     --
[component_container-11] 	 39.670	   Baro	     --	     --	  5.123	     --
[component_container-11] 	 39.670	  BBias	     --	     --	  0.311	     --
[component_container-11] 	 39.670	  Sonar	     --	     --	    inf	     --
[component_container-11] 	 39.670	  Magnt	     --	     --	     --	  1.571
[component_container-11] 
[component_container-11] 	 39.700	   Pose	  1.100	  3.504	  5.005	  1.583
[component_container-11] 	 39.700	  Twist	 -0.045	  0.558	  0.018	 -0.253
[component_container-11] 	 39.700	ErrPose	 -0.147	  0.422	  0.004	 -0.017
[component_container-11] 	 39.700	ErrTwis	  0.963	 -0.435	 -0.023	 -0.027
[component_container-11] 	 39.700	    GPS	  1.021	  3.522	  5.010	     --
[component_container-11] 	 39.700	   Baro	     --	     --	  5.123	     --
[component_container-11] 	 39.700	  BBias	     --	     --	  0.311	     --
[component_container-11] 	 39.700	  Sonar	     --	     --	    inf	     --
[component_container-11] 	 39.700	  Magnt	     --	     --	     --	  1.571
[component_container-11] 
[component_container-11] 	 39.740	   Pose	  1.098	  3.526	  5.005	  1.571
[component_container-11] 	 39.740	  Twist	 -0.046	  0.550	  0.020	 -0.285
[component_container-11] 	 39.740	ErrPose	 -0.150	  0.436	  0.004	 -0.016
[component_container-11] 	 39.740	ErrTwis	  0.956	 -0.419	 -0.027	  0.006
[component_container-11] 	 39.740	    GPS	  1.021	  3.522	  5.010	     --
[component_container-11] 	 39.740	   Baro	     --	     --	  5.309	     --
[component_container-11] 	 39.740	  BBias	     --	     --	  0.311	     --
[component_container-11] 	 39.740	  Sonar	     --	     --	    inf	     --
[component_container-11] 	 39.740	  Magnt	     --	     --	     --	  1.515
[component_container-11] 
[component_container-11] 	 39.770	   Pose	  1.096	  3.543	  4.995	  1.563
[component_container-11] 	 39.770	  Twist	 -0.046	  0.545	  0.012	 -0.249
[component_container-11] 	 39.770	ErrPose	 -0.151	  0.437	  0.014	 -0.013
[component_container-11] 	 39.770	ErrTwis	  0.952	 -0.410	 -0.019	 -0.030
[component_container-11] 	 39.770	    GPS	  1.021	  3.522	  5.010	     --
[component_container-11] 	 39.770	   Baro	     --	     --	  5.190	     --
[component_container-11] 	 39.770	  BBias	     --	     --	  0.311	     --
[component_container-11] 	 39.770	  Sonar	     --	     --	    inf	     --
[component_container-11] 	 39.770	  Magnt	     --	     --	     --	  1.550
[component_container-11] 
[component_container-11] 	 39.800	   Pose	  1.095	  3.559	  4.995	  1.554
[component_container-11] 	 39.800	  Twist	 -0.047	  0.540	  0.015	 -0.272
[component_container-11] 	 39.800	ErrPose	 -0.155	  0.457	  0.013	 -0.016
[component_container-11] 	 39.800	ErrTwis	  0.944	 -0.397	 -0.019	 -0.007
[component_container-11] 	 39.800	    GPS	  1.021	  3.522	  5.010	     --
[component_container-11] 	 39.800	   Baro	     --	     --	  5.190	     --
[component_container-11] 	 39.800	  BBias	     --	     --	  0.311	     --
[component_container-11] 	 39.800	  Sonar	     --	     --	    inf	     --
[component_container-11] 	 39.800	  Magnt	     --	     --	     --	  1.550
[component_container-11] 
[component_container-11] 	 39.840	   Pose	  1.093	  3.580	  4.994	  1.542
[component_container-11] 	 39.840	  Twist	 -0.047	  0.534	  0.018	 -0.253
[component_container-11] 	 39.840	ErrPose	 -0.158	  0.471	  0.015	 -0.015
[component_container-11] 	 39.840	ErrTwis	  0.936	 -0.384	 -0.022	 -0.027
[component_container-11] 	 39.840	    GPS	  1.021	  3.522	  5.010	     --
[component_container-11] 	 39.840	   Baro	     --	     --	  5.285	     --
[component_container-11] 	 39.840	  BBias	     --	     --	  0.311	     --
[component_container-11] 	 39.840	  Sonar	     --	     --	    inf	     --
[component_container-11] 	 39.840	  Magnt	     --	     --	     --	  1.490
[component_container-11] 
[component_container-11] 	 39.870	   Pose	  1.092	  3.596	  5.010	  1.534
[component_container-11] 	 39.870	  Twist	 -0.049	  0.529	  0.037	 -0.282
[component_container-11] 	 39.870	ErrPose	 -0.159	  0.473	 -0.001	 -0.013
[component_container-11] 	 39.870	ErrTwis	  0.932	 -0.376	 -0.042	  0.003
[component_container-11] 	 39.870	    GPS	  1.021	  3.522	  5.010	     --
[component_container-11] 	 39.870	   Baro	     --	     --	  5.485	     --
[component_container-11] 	 39.870	  BBias	     --	     --	  0.311	     --
[component_container-11] 	 39.870	  Sonar	     --	     --	    inf	     --
[component_container-11] 	 39.870	  Magnt	     --	     --	     --	  1.548
[component_container-11] 
[component_container-11] 	 39.900	   Pose	  1.090	  3.612	  5.012	  1.526
[component_container-11] 	 39.900	  Twist	 -0.049	  0.524	  0.041	 -0.257
[component_container-11] 	 39.900	ErrPose	 -0.162	  0.492	 -0.002	 -0.016
[component_container-11] 	 39.900	ErrTwis	  0.921	 -0.366	 -0.046	 -0.023
[component_container-11] 	 39.900	    GPS	  1.021	  3.522	  5.010	     --
[component_container-11] 	 39.900	   Baro	     --	     --	  5.485	     --
[component_container-11] 	 39.900	  BBias	     --	     --	  0.311	     --
[component_container-11] 	 39.900	  Sonar	     --	     --	    inf	     --
[component_container-11] 	 39.900	  Magnt	     --	     --	     --	  1.548
[component_container-11] 
[component_container-11] 	 39.940	   Pose	  1.088	  3.633	  5.012	  1.515
[component_container-11] 	 39.940	  Twist	 -0.051	  0.518	  0.044	 -0.276
[component_container-11] 	 39.940	ErrPose	 -0.164	  0.505	 -0.003	 -0.016
[component_container-11] 	 39.940	ErrTwis	  0.911	 -0.355	 -0.046	 -0.003
[component_container-11] 	 39.940	    GPS	  1.021	  3.522	  5.010	     --
[component_container-11] 	 39.940	   Baro	     --	     --	  5.313	     --
[component_container-11] 	 39.940	  BBias	     --	     --	  0.311	     --
[component_container-11] 	 39.940	  Sonar	     --	     --	    inf	     --
[component_container-11] 	 39.940	  Magnt	     --	     --	     --	  1.515
[component_container-11] 
[component_container-11] 	 39.970	   Pose	  1.087	  3.648	  5.010	  1.507
[component_container-11] 	 39.970	  Twist	 -0.052	  0.514	  0.043	 -0.279
[component_container-11] 	 39.970	ErrPose	 -0.165	  0.507	  0.000	 -0.014
[component_container-11] 	 39.970	ErrTwis	  0.907	 -0.349	 -0.044	  0.000
[component_container-11] 	 39.970	    GPS	  1.021	  3.522	  5.010	     --
[component_container-11] 	 39.970	   Baro	     --	     --	  5.282	     --
[component_container-11] 	 39.970	  BBias	     --	     --	  0.311	     --
[component_container-11] 	 39.970	  Sonar	     --	     --	    inf	     --
[component_container-11] 	 39.970	  Magnt	     --	     --	     --	  1.506
[component_container-11] 
[component_container-11] 	 40.000	   Pose	  1.085	  3.664	  5.011	  1.499
[component_container-11] 	 40.000	  Twist	 -0.052	  0.510	  0.046	 -0.281
[component_container-11] 	 40.000	ErrPose	 -0.167	  0.525	 -0.001	 -0.016
[component_container-11] 	 40.000	ErrTwis	  0.895	 -0.340	 -0.047	  0.002
[component_container-11] 	 40.000	    GPS	  1.021	  3.522	  5.010	     --
[component_container-11] 	 40.000	   Baro	     --	     --	  5.282	     --
[component_container-11] 	 40.000	  BBias	     --	     --	  0.311	     --
[component_container-11] 	 40.000	  Sonar	     --	     --	    inf	     --
[component_container-11] 	 40.000	  Magnt	     --	     --	     --	  1.506
[component_container-11] 
[component_container-11] 	 40.040	   Pose	  0.991	  3.914	  5.017	  1.488
[component_container-11] 	 40.040	  Twist	 -0.117	  0.679	  0.054	 -0.266
[component_container-11] 	 40.040	ErrPose	 -0.077	  0.308	 -0.006	 -0.017
[component_container-11] 	 40.040	ErrTwis	  0.947	 -0.505	 -0.056	 -0.013
[component_container-11] 	 40.040	    GPS	  0.879	  4.120	  5.011	     --
[component_container-11] 	 40.040	   Baro	     --	     --	  5.379	     --
[component_container-11] 	 40.040	  BBias	     --	     --	  0.311	     --
[component_container-11] 	 40.040	  Sonar	     --	     --	    inf	     --
[component_container-11] 	 40.040	  Magnt	     --	     --	     --	  1.515
[component_container-11] 
[component_container-11] [INFO] [1775370762.267630354] [drone.estimator]: TMP LOG err_xyz=(-0.077, 0.308, -0.006) | z_est=5.017 vz_est=0.054 bias=0.311 | gps_z=5.011 sonar=inf baro=5.379
[component_container-11] 	 40.070	   Pose	  0.987	  3.934	  5.012	  1.480
[component_container-11] 	 40.070	  Twist	 -0.118	  0.674	  0.049	 -0.269
[component_container-11] 	 40.070	ErrPose	 -0.075	  0.305	  0.000	 -0.014
[component_container-11] 	 40.070	ErrTwis	  0.941	 -0.499	 -0.050	 -0.010
[component_container-11] 	 40.070	    GPS	  0.879	  4.120	  5.011	     --
[component_container-11] 	 40.070	   Baro	     --	     --	  5.235	     --
[component_container-11] 	 40.070	  BBias	     --	     --	  0.311	     --
[component_container-11] 	 40.070	  Sonar	     --	     --	    inf	     --
[component_container-11] 	 40.070	  Magnt	     --	     --	     --	  1.468
[component_container-11] 
[component_container-11] [INFO] [1775370762.327415002] [drone.controller]: cmd_vel body=(0.067, -0.007, -0.012) yaw=-0.300 | odom_received=true | plan_points=4
[component_container-11] [INFO] [1775370762.327561984] [drone.behavior]: Behavior transition TURTLE_WAYPOINT -> INITIAL | turtle_stop=false | waypoint=(1.00, 4.00, 5.00)
[component_container-11] [INFO] [1775370762.327570821] [drone.behavior]: Behavior target INITIAL | new_waypoint=(-2.00, -2.00, 5.00)
[component_container-11] 	 40.100	   Pose	  0.984	  3.954	  5.013	  1.471
[component_container-11] 	 40.100	  Twist	 -0.118	  0.671	  0.051	 -0.266
[component_container-11] 	 40.100	ErrPose	 -0.075	  0.317	 -0.001	 -0.017
[component_container-11] 	 40.100	ErrTwis	  0.927	 -0.493	 -0.050	 -0.013
[component_container-11] 	 40.100	    GPS	  0.879	  4.120	  5.011	     --
[component_container-11] 	 40.100	   Baro	     --	     --	  5.235	     --
[component_container-11] 	 40.100	  BBias	     --	     --	  0.311	     --
[component_container-11] 	 40.100	  Sonar	     --	     --	    inf	     --
[component_container-11] 	 40.100	  Magnt	     --	     --	     --	  1.468
[component_container-11] 
[component_container-11] 	 40.140	   Pose	  0.979	  3.981	  5.016	  1.460
[component_container-11] 	 40.140	  Twist	 -0.120	  0.666	  0.054	 -0.274
[component_container-11] 	 40.140	ErrPose	 -0.073	  0.322	 -0.003	 -0.017
[component_container-11] 	 40.140	ErrTwis	  0.914	 -0.485	 -0.055	 -0.005
[component_container-11] 	 40.140	    GPS	  0.879	  4.120	  5.011	     --
[component_container-11] 	 40.140	   Baro	     --	     --	  5.333	     --
[component_container-11] 	 40.140	  BBias	     --	     --	  0.311	     --
[component_container-11] 	 40.140	  Sonar	     --	     --	    inf	     --
[component_container-11] 	 40.140	  Magnt	     --	     --	     --	  1.462
[component_container-11] 
[component_container-11] 	 40.170	   Pose	  0.975	  4.001	  5.016	  1.453
[component_container-11] 	 40.170	  Twist	 -0.121	  0.661	  0.055	 -0.275
[component_container-11] 	 40.170	ErrPose	 -0.072	  0.318	 -0.003	 -0.015
[component_container-11] 	 40.170	ErrTwis	  0.908	 -0.479	 -0.058	 -0.005
[component_container-11] 	 40.170	    GPS	  0.879	  4.120	  5.011	     --
[component_container-11] 	 40.170	   Baro	     --	     --	  5.312	     --
[component_container-11] 	 40.170	  BBias	     --	     --	  0.311	     --
[component_container-11] 	 40.170	  Sonar	     --	     --	    inf	     --
[component_container-11] 	 40.170	  Magnt	     --	     --	     --	  1.472
[component_container-11] 
[component_container-11] 	 40.200	   Pose	  0.972	  4.021	  5.018	  1.444
[component_container-11] 	 40.200	  Twist	 -0.122	  0.656	  0.057	 -0.280
[component_container-11] 	 40.200	ErrPose	 -0.071	  0.329	 -0.003	 -0.018
[component_container-11] 	 40.200	ErrTwis	  0.892	 -0.474	 -0.061	  0.000
[component_container-11] 	 40.200	    GPS	  0.879	  4.120	  5.011	     --
[component_container-11] 	 40.200	   Baro	     --	     --	  5.312	     --
[component_container-11] 	 40.200	  BBias	     --	     --	  0.311	     --
[component_container-11] 	 40.200	  Sonar	     --	     --	    inf	     --
[component_container-11] 	 40.200	  Magnt	     --	     --	     --	  1.472
[component_container-11] 
[component_container-11] 	 40.240	   Pose	  0.967	  4.047	  5.019	  1.434
[component_container-11] 	 40.240	  Twist	 -0.122	  0.651	  0.058	 -0.269
[component_container-11] 	 40.240	ErrPose	 -0.069	  0.334	 -0.003	 -0.019
[component_container-11] 	 40.240	ErrTwis	  0.875	 -0.469	 -0.061	 -0.011
[component_container-11] 	 40.240	    GPS	  0.879	  4.120	  5.011	     --
[component_container-11] 	 40.240	   Baro	     --	     --	  5.311	     --
[component_container-11] 	 40.240	  BBias	     --	     --	  0.311	     --
[component_container-11] 	 40.240	  Sonar	     --	     --	    inf	     --
[component_container-11] 	 40.240	  Magnt	     --	     --	     --	  1.443
[component_container-11] 
[component_container-11] 	 40.270	   Pose	  0.963	  4.066	  5.016	  1.425
[component_container-11] 	 40.270	  Twist	 -0.122	  0.648	  0.057	 -0.266
[component_container-11] 	 40.270	ErrPose	 -0.066	  0.329	 -0.000	 -0.016
[component_container-11] 	 40.270	ErrTwis	  0.867	 -0.467	 -0.061	 -0.013
[component_container-11] 	 40.270	    GPS	  0.879	  4.120	  5.011	     --
[component_container-11] 	 40.270	   Baro	     --	     --	  5.282	     --
[component_container-11] 	 40.270	  BBias	     --	     --	  0.311	     --
[component_container-11] 	 40.270	  Sonar	     --	     --	    inf	     --
[component_container-11] 	 40.270	  Magnt	     --	     --	     --	  1.411
[component_container-11] 
[component_container-11] 	 40.300	   Pose	  0.960	  4.086	  5.018	  1.417
[component_container-11] 	 40.300	  Twist	 -0.122	  0.643	  0.059	 -0.267
[component_container-11] 	 40.300	ErrPose	 -0.065	  0.339	 -0.001	 -0.019
[component_container-11] 	 40.300	ErrTwis	  0.848	 -0.464	 -0.067	 -0.011
[component_container-11] 	 40.300	    GPS	  0.879	  4.120	  5.011	     --
[component_container-11] 	 40.300	   Baro	     --	     --	  5.282	     --
[component_container-11] 	 40.300	  BBias	     --	     --	  0.311	     --
[component_container-11] 	 40.300	  Sonar	     --	     --	    inf	     --
[component_container-11] 	 40.300	  Magnt	     --	     --	     --	  1.411
[component_container-11] 
[component_container-11] 	 40.340	   Pose	  0.955	  4.111	  5.013	  1.407
[component_container-11] 	 40.340	  Twist	 -0.123	  0.638	  0.055	 -0.259
[component_container-11] 	 40.340	ErrPose	 -0.062	  0.341	  0.005	 -0.020
[component_container-11] 	 40.340	ErrTwis	  0.826	 -0.458	 -0.062	 -0.017
[component_container-11] 	 40.340	    GPS	  0.879	  4.120	  5.011	     --
[component_container-11] 	 40.340	   Baro	     --	     --	  5.239	     --
[component_container-11] 	 40.340	  BBias	     --	     --	  0.311	     --
[component_container-11] 	 40.340	  Sonar	     --	     --	    inf	     --
[component_container-11] 	 40.340	  Magnt	     --	     --	     --	  1.429
[component_container-11] 
[component_container-11] 	 40.370	   Pose	  0.951	  4.131	  5.033	  1.399
[component_container-11] 	 40.370	  Twist	 -0.123	  0.634	  0.076	 -0.265
[component_container-11] 	 40.370	ErrPose	 -0.060	  0.336	 -0.014	 -0.018
[component_container-11] 	 40.370	ErrTwis	  0.815	 -0.452	 -0.081	 -0.011
[component_container-11] 	 40.370	    GPS	  0.879	  4.120	  5.011	     --
[component_container-11] 	 40.370	   Baro	     --	     --	  5.536	     --
[component_container-11] 	 40.370	  BBias	     --	     --	  0.311	     --
[component_container-11] 	 40.370	  Sonar	     --	     --	    inf	     --
[component_container-11] 	 40.370	  Magnt	     --	     --	     --	  1.385
[component_container-11] 
[component_container-11] 	 40.400	   Pose	  0.947	  4.150	  5.035	  1.391
[component_container-11] 	 40.400	  Twist	 -0.124	  0.632	  0.079	 -0.261
[component_container-11] 	 40.400	ErrPose	 -0.059	  0.344	 -0.016	 -0.021
[component_container-11] 	 40.400	ErrTwis	  0.793	 -0.444	 -0.082	 -0.014
[component_container-11] 	 40.400	    GPS	  0.879	  4.120	  5.011	     --
[component_container-11] 	 40.400	   Baro	     --	     --	  5.536	     --
[component_container-11] 	 40.400	  BBias	     --	     --	  0.311	     --
[component_container-11] 	 40.400	  Sonar	     --	     --	    inf	     --
[component_container-11] 	 40.400	  Magnt	     --	     --	     --	  1.385
[component_container-11] 
[component_container-11] 	 40.440	   Pose	  0.942	  4.175	  5.035	  1.380
[component_container-11] 	 40.440	  Twist	 -0.125	  0.627	  0.078	 -0.274
[component_container-11] 	 40.440	ErrPose	 -0.056	  0.345	 -0.014	 -0.020
[component_container-11] 	 40.440	ErrTwis	  0.768	 -0.431	 -0.083	  0.001
[component_container-11] 	 40.440	    GPS	  0.879	  4.120	  5.011	     --
[component_container-11] 	 40.440	   Baro	     --	     --	  5.309	     --
[component_container-11] 	 40.440	  BBias	     --	     --	  0.311	     --
[component_container-11] 	 40.440	  Sonar	     --	     --	    inf	     --
[component_container-11] 	 40.440	  Magnt	     --	     --	     --	  1.374
[component_container-11] 
[component_container-11] 	 40.470	   Pose	  0.939	  4.194	  5.044	  1.373
[component_container-11] 	 40.470	  Twist	 -0.126	  0.623	  0.086	 -0.259
[component_container-11] 	 40.470	ErrPose	 -0.054	  0.339	 -0.022	 -0.018
[component_container-11] 	 40.470	ErrTwis	  0.756	 -0.422	 -0.091	 -0.014
[component_container-11] 	 40.470	    GPS	  0.879	  4.120	  5.011	     --
[component_container-11] 	 40.470	   Baro	     --	     --	  5.418	     --
[component_container-11] 	 40.470	  BBias	     --	     --	  0.311	     --
[component_container-11] 	 40.470	  Sonar	     --	     --	    inf	     --
[component_container-11] 	 40.470	  Magnt	     --	     --	     --	  1.392
[component_container-11] 
[component_container-11] 	 40.500	   Pose	  0.935	  4.212	  5.046	  1.365
[component_container-11] 	 40.500	  Twist	 -0.127	  0.620	  0.087	 -0.249
[component_container-11] 	 40.500	ErrPose	 -0.054	  0.345	 -0.024	 -0.022
[component_container-11] 	 40.500	ErrTwis	  0.728	 -0.408	 -0.092	 -0.024
[component_container-11] 	 40.500	    GPS	  0.879	  4.120	  5.011	     --
[component_container-11] 	 40.500	   Baro	     --	     --	  5.418	     --
[component_container-11] 	 40.500	  BBias	     --	     --	  0.311	     --
[component_container-11] 	 40.500	  Sonar	     --	     --	    inf	     --
[component_container-11] 	 40.500	  Magnt	     --	     --	     --	  1.392
[component_container-11] 
[component_container-11] [INFO] [1775370762.733626600] [drone.estimator]: TMP LOG gps innov_xy=(-0.157, 0.176) est_xy=(0.935, 4.212) gps_xy=(0.778, 4.388) corr_xy=(0.778, 4.388) vel_xy=(-0.127, 0.620)
[component_container-11] [INFO] [1775370762.733768964] [drone.estimator]: TMP LOG gps vel pseudo raw=(-0.202, 0.536) filt=(-0.208, 0.597) innov_v=(-0.059, -0.048) apply=(1,1)
[component_container-11] 	 40.540	   Pose	  0.871	  4.285	  5.035	  1.354
[component_container-11] 	 40.540	  Twist	 -0.162	  0.634	  0.074	 -0.265
[component_container-11] 	 40.540	ErrPose	  0.006	  0.296	 -0.011	 -0.022
[component_container-11] 	 40.540	ErrTwis	  0.734	 -0.412	 -0.078	 -0.009
[component_container-11] 	 40.540	    GPS	  0.778	  4.388	  5.023	     --
[component_container-11] 	 40.540	   Baro	     --	     --	  5.213	     --
[component_container-11] 	 40.540	  BBias	     --	     --	  0.311	     --
[component_container-11] 	 40.540	  Sonar	     --	     --	    inf	     --
[component_container-11] 	 40.540	  Magnt	     --	     --	     --	  1.373
[component_container-11] 
[component_container-11] 	 40.570	   Pose	  0.866	  4.304	  5.025	  1.347
[component_container-11] 	 40.570	  Twist	 -0.163	  0.631	  0.063	 -0.270
[component_container-11] 	 40.570	ErrPose	  0.008	  0.288	 -0.001	 -0.020
[component_container-11] 	 40.570	ErrTwis	  0.720	 -0.404	 -0.068	 -0.004
[component_container-11] 	 40.570	    GPS	  0.778	  4.388	  5.023	     --
[component_container-11] 	 40.570	   Baro	     --	     --	  5.195	     --
[component_container-11] 	 40.570	  BBias	     --	     --	  0.311	     --
[component_container-11] 	 40.570	  Sonar	     --	     --	    inf	     --
[component_container-11] 	 40.570	  Magnt	     --	     --	     --	  1.361
[component_container-11] 
[component_container-11] 	 40.600	   Pose	  0.862	  4.323	  5.027	  1.339
[component_container-11] 	 40.600	  Twist	 -0.164	  0.628	  0.064	 -0.265
[component_container-11] 	 40.600	ErrPose	  0.009	  0.291	 -0.002	 -0.023
[component_container-11] 	 40.600	ErrTwis	  0.690	 -0.391	 -0.072	 -0.010
[component_container-11] 	 40.600	    GPS	  0.778	  4.388	  5.023	     --
[component_container-11] 	 40.600	   Baro	     --	     --	  5.195	     --
[component_container-11] 	 40.600	  BBias	     --	     --	  0.311	     --
[component_container-11] 	 40.600	  Sonar	     --	     --	    inf	     --
[component_container-11] 	 40.600	  Magnt	     --	     --	     --	  1.361
[component_container-11] 
[component_container-11] 	 40.640	   Pose	  0.855	  4.348	  5.026	  1.329
[component_container-11] 	 40.640	  Twist	 -0.166	  0.623	  0.065	 -0.264
[component_container-11] 	 40.640	ErrPose	  0.011	  0.286	  0.000	 -0.024
[component_container-11] 	 40.640	ErrTwis	  0.657	 -0.378	 -0.072	 -0.011
[component_container-11] 	 40.640	    GPS	  0.778	  4.388	  5.023	     --
[component_container-11] 	 40.640	   Baro	     --	     --	  5.293	     --
[component_container-11] 	 40.640	  BBias	     --	     --	  0.311	     --
[component_container-11] 	 40.640	  Sonar	     --	     --	    inf	     --
[component_container-11] 	 40.640	  Magnt	     --	     --	     --	  1.365
[component_container-11] 
[component_container-11] 	 40.670	   Pose	  0.850	  4.366	  5.035	  1.319
[component_container-11] 	 40.670	  Twist	 -0.166	  0.621	  0.074	 -0.279
[component_container-11] 	 40.670	ErrPose	  0.013	  0.278	 -0.009	 -0.020
[component_container-11] 	 40.670	ErrTwis	  0.641	 -0.373	 -0.081	  0.003
[component_container-11] 	 40.670	    GPS	  0.778	  4.388	  5.023	     --
[component_container-11] 	 40.670	   Baro	     --	     --	  5.429	     --
[component_container-11] 	 40.670	  BBias	     --	     --	  0.311	     --
[component_container-11] 	 40.670	  Sonar	     --	     --	    inf	     --
[component_container-11] 	 40.670	  Magnt	     --	     --	     --	  1.251
[component_container-11] 
[component_container-11] 	 40.700	   Pose	  0.845	  4.385	  5.038	  1.311
[component_container-11] 	 40.700	  Twist	 -0.167	  0.619	  0.077	 -0.263
[component_container-11] 	 40.700	ErrPose	  0.013	  0.278	 -0.010	 -0.023
[component_container-11] 	 40.700	ErrTwis	  0.608	 -0.365	 -0.083	 -0.013
[component_container-11] 	 40.700	    GPS	  0.778	  4.388	  5.023	     --
[component_container-11] 	 40.700	   Baro	     --	     --	  5.429	     --
[component_container-11] 	 40.700	  BBias	     --	     --	  0.311	     --
[component_container-11] 	 40.700	  Sonar	     --	     --	    inf	     --
[component_container-11] 	 40.700	  Magnt	     --	     --	     --	  1.251
[component_container-11] 
[component_container-11] 	 40.740	   Pose	  0.838	  4.410	  5.036	  1.301
[component_container-11] 	 40.740	  Twist	 -0.168	  0.615	  0.074	 -0.266
[component_container-11] 	 40.740	ErrPose	  0.014	  0.270	 -0.007	 -0.024
[component_container-11] 	 40.740	ErrTwis	  0.572	 -0.359	 -0.082	 -0.011
[component_container-11] 	 40.740	    GPS	  0.778	  4.388	  5.023	     --
[component_container-11] 	 40.740	   Baro	     --	     --	  5.297	     --
[component_container-11] 	 40.740	  BBias	     --	     --	  0.311	     --
[component_container-11] 	 40.740	  Sonar	     --	     --	    inf	     --
[component_container-11] 	 40.740	  Magnt	     --	     --	     --	  1.339
[component_container-11] 
[component_container-11] 	 40.770	   Pose	  0.833	  4.428	  5.031	  1.293
[component_container-11] 	 40.770	  Twist	 -0.169	  0.612	  0.068	 -0.258
[component_container-11] 	 40.770	ErrPose	  0.016	  0.260	 -0.002	 -0.021
[component_container-11] 	 40.770	ErrTwis	  0.554	 -0.355	 -0.076	 -0.019
[component_container-11] 	 40.770	    GPS	  0.778	  4.388	  5.023	     --
[component_container-11] 	 40.770	   Baro	     --	     --	  5.263	     --
[component_container-11] 	 40.770	  BBias	     --	     --	  0.311	     --
[component_container-11] 	 40.770	  Sonar	     --	     --	    inf	     --
[component_container-11] 	 40.770	  Magnt	     --	     --	     --	  1.283
[component_container-11] 
[component_container-11] 	 40.800	   Pose	  0.828	  4.447	  5.033	  1.284
[component_container-11] 	 40.800	  Twist	 -0.169	  0.610	  0.069	 -0.278
[component_container-11] 	 40.800	ErrPose	  0.015	  0.257	 -0.003	 -0.024
[component_container-11] 	 40.800	ErrTwis	  0.517	 -0.353	 -0.076	  0.001
[component_container-11] 	 40.800	    GPS	  0.778	  4.388	  5.023	     --
[component_container-11] 	 40.800	   Baro	     --	     --	  5.263	     --
[component_container-11] 	 40.800	  BBias	     --	     --	  0.311	     --
[component_container-11] 	 40.800	  Sonar	     --	     --	    inf	     --
[component_container-11] 	 40.800	  Magnt	     --	     --	     --	  1.283
[component_container-11] 
[component_container-11] 	 40.840	   Pose	  0.821	  4.471	  5.038	  1.274
[component_container-11] 	 40.840	  Twist	 -0.170	  0.607	  0.074	 -0.291
[component_container-11] 	 40.840	ErrPose	  0.016	  0.246	 -0.007	 -0.025
[component_container-11] 	 40.840	ErrTwis	  0.479	 -0.353	 -0.079	  0.014
[component_container-11] 	 40.840	    GPS	  0.778	  4.388	  5.023	     --
[component_container-11] 	 40.840	   Baro	     --	     --	  5.370	     --
[component_container-11] 	 40.840	  BBias	     --	     --	  0.311	     --
[component_container-11] 	 40.840	  Sonar	     --	     --	    inf	     --
[component_container-11] 	 40.840	  Magnt	     --	     --	     --	  1.299
[component_container-11] 
[component_container-11] 	 40.870	   Pose	  0.816	  4.489	  5.041	  1.265
[component_container-11] 	 40.870	  Twist	 -0.171	  0.605	  0.075	 -0.275
[component_container-11] 	 40.870	ErrPose	  0.018	  0.235	 -0.009	 -0.022
[component_container-11] 	 40.870	ErrTwis	  0.461	 -0.352	 -0.081	 -0.003
[component_container-11] 	 40.870	    GPS	  0.778	  4.388	  5.023	     --
[component_container-11] 	 40.870	   Baro	     --	     --	  5.349	     --
[component_container-11] 	 40.870	  BBias	     --	     --	  0.311	     --
[component_container-11] 	 40.870	  Sonar	     --	     --	    inf	     --
[component_container-11] 	 40.870	  Magnt	     --	     --	     --	  1.254
[component_container-11] 
[component_container-11] 	 40.900	   Pose	  0.811	  4.507	  5.043	  1.257
[component_container-11] 	 40.900	  Twist	 -0.171	  0.602	  0.077	 -0.275
[component_container-11] 	 40.900	ErrPose	  0.017	  0.228	 -0.010	 -0.025
[component_container-11] 	 40.900	ErrTwis	  0.421	 -0.354	 -0.082	 -0.002
[component_container-11] 	 40.900	    GPS	  0.778	  4.388	  5.023	     --
[component_container-11] 	 40.900	   Baro	     --	     --	  5.349	     --
[component_container-11] 	 40.900	  BBias	     --	     --	  0.311	     --
[component_container-11] 	 40.900	  Sonar	     --	     --	    inf	     --
[component_container-11] 	 40.900	  Magnt	     --	     --	     --	  1.254
[component_container-11] 
[component_container-11] 	 40.940	   Pose	  0.804	  4.531	  5.045	  1.247
[component_container-11] 	 40.940	  Twist	 -0.172	  0.600	  0.079	 -0.269
[component_container-11] 	 40.940	ErrPose	  0.017	  0.214	 -0.012	 -0.026
[component_container-11] 	 40.940	ErrTwis	  0.381	 -0.358	 -0.081	 -0.009
[component_container-11] 	 40.940	    GPS	  0.778	  4.388	  5.023	     --
[component_container-11] 	 40.940	   Baro	     --	     --	  5.348	     --
[component_container-11] 	 40.940	  BBias	     --	     --	  0.311	     --
[component_container-11] 	 40.940	  Sonar	     --	     --	    inf	     --
[component_container-11] 	 40.940	  Magnt	     --	     --	     --	  1.262
[component_container-11] 
[component_container-11] 	 40.970	   Pose	  0.799	  4.549	  5.042	  1.239
[component_container-11] 	 40.970	  Twist	 -0.174	  0.598	  0.074	 -0.257
[component_container-11] 	 40.970	ErrPose	  0.019	  0.200	 -0.008	 -0.024
[component_container-11] 	 40.970	ErrTwis	  0.362	 -0.360	 -0.075	 -0.021
[component_container-11] 	 40.970	    GPS	  0.778	  4.388	  5.023	     --
[component_container-11] 	 40.970	   Baro	     --	     --	  5.289	     --
[component_container-11] 	 40.970	  BBias	     --	     --	  0.311	     --
[component_container-11] 	 40.970	  Sonar	     --	     --	    inf	     --
[component_container-11] 	 40.970	  Magnt	     --	     --	     --	  1.264
[component_container-11] 
[component_container-11] 	 41.000	   Pose	  0.794	  4.567	  5.044	  1.231
[component_container-11] 	 41.000	  Twist	 -0.175	  0.597	  0.075	 -0.270
[component_container-11] 	 41.000	ErrPose	  0.017	  0.190	 -0.009	 -0.027
[component_container-11] 	 41.000	ErrTwis	  0.323	 -0.368	 -0.075	 -0.008
[component_container-11] 	 41.000	    GPS	  0.778	  4.388	  5.023	     --
[component_container-11] 	 41.000	   Baro	     --	     --	  5.289	     --
[component_container-11] 	 41.000	  BBias	     --	     --	  0.311	     --
[component_container-11] 	 41.000	  Sonar	     --	     --	    inf	     --
[component_container-11] 	 41.000	  Magnt	     --	     --	     --	  1.264
[component_container-11] 
[component_container-11] 	 41.040	   Pose	  0.813	  4.680	  5.042	  1.221
[component_container-11] 	 41.040	  Twist	 -0.144	  0.653	  0.072	 -0.256
[component_container-11] 	 41.040	ErrPose	 -0.008	  0.082	 -0.007	 -0.028
[component_container-11] 	 41.040	ErrTwis	  0.249	 -0.434	 -0.070	 -0.022
[component_container-11] 	 41.040	    GPS	  0.789	  4.785	  5.035	     --
[component_container-11] 	 41.040	   Baro	     --	     --	  5.313	     --
[component_container-11] 	 41.040	  BBias	     --	     --	  0.311	     --
[component_container-11] 	 41.040	  Sonar	     --	     --	    inf	     --
[component_container-11] 	 41.040	  Magnt	     --	     --	     --	  1.234
[component_container-11] 
[component_container-11] [INFO] [1775370763.272421545] [drone.estimator]: TMP LOG err_xyz=(-0.008, 0.082, -0.007) | z_est=5.042 vz_est=0.072 bias=0.311 | gps_z=5.035 sonar=inf baro=5.313
[component_container-11] 	 41.070	   Pose	  0.808	  4.700	  5.037	  1.214
[component_container-11] 	 41.070	  Twist	 -0.145	  0.652	  0.066	 -0.252
[component_container-11] 	 41.070	ErrPose	 -0.007	  0.065	 -0.001	 -0.027
[component_container-11] 	 41.070	ErrTwis	  0.229	 -0.438	 -0.064	 -0.027
[component_container-11] 	 41.070	    GPS	  0.789	  4.785	  5.035	     --
[component_container-11] 	 41.070	   Baro	     --	     --	  5.258	     --
[component_container-11] 	 41.070	  BBias	     --	     --	  0.311	     --
[component_container-11] 	 41.070	  Sonar	     --	     --	    inf	     --
[component_container-11] 	 41.070	  Magnt	     --	     --	     --	  1.255
[component_container-11] 
[component_container-11] [INFO] [1775370763.332184439] [drone.controller]: cmd_vel body=(-1.000, -0.001, -0.000) yaw=-0.300 | odom_received=true | plan_points=72
[component_container-11] 	 41.100	   Pose	  0.804	  4.720	  5.039	  1.206
[component_container-11] 	 41.100	  Twist	 -0.146	  0.651	  0.067	 -0.266
[component_container-11] 	 41.100	ErrPose	 -0.010	  0.048	 -0.002	 -0.030
[component_container-11] 	 41.100	ErrTwis	  0.187	 -0.450	 -0.062	 -0.013
[component_container-11] 	 41.100	    GPS	  0.789	  4.785	  5.035	     --
[component_container-11] 	 41.100	   Baro	     --	     --	  5.258	     --
[component_container-11] 	 41.100	  BBias	     --	     --	  0.311	     --
[component_container-11] 	 41.100	  Sonar	     --	     --	    inf	     --
[component_container-11] 	 41.100	  Magnt	     --	     --	     --	  1.255
[component_container-11] 
[component_container-11] 	 41.140	   Pose	  0.798	  4.746	  5.059	  1.195
[component_container-11] 	 41.140	  Twist	 -0.147	  0.650	  0.086	 -0.269
[component_container-11] 	 41.140	ErrPose	 -0.011	  0.024	 -0.022	 -0.030
[component_container-11] 	 41.140	ErrTwis	  0.146	 -0.464	 -0.079	 -0.010
[component_container-11] 	 41.140	    GPS	  0.789	  4.785	  5.035	     --
[component_container-11] 	 41.140	   Baro	     --	     --	  5.559	     --
[component_container-11] 	 41.140	  BBias	     --	     --	  0.311	     --
[component_container-11] 	 41.140	  Sonar	     --	     --	    inf	     --
[component_container-11] 	 41.140	  Magnt	     --	     --	     --	  1.211
[component_container-11] 
[component_container-11] 	 41.170	   Pose	  0.794	  4.765	  5.064	  1.187
[component_container-11] 	 41.170	  Twist	 -0.147	  0.648	  0.090	 -0.272
[component_container-11] 	 41.170	ErrPose	 -0.010	  0.004	 -0.027	 -0.028
[component_container-11] 	 41.170	ErrTwis	  0.125	 -0.470	 -0.081	 -0.007
[component_container-11] 	 41.170	    GPS	  0.789	  4.785	  5.035	     --
[component_container-11] 	 41.170	   Baro	     --	     --	  5.404	     --
[component_container-11] 	 41.170	  BBias	     --	     --	  0.311	     --
[component_container-11] 	 41.170	  Sonar	     --	     --	    inf	     --
[component_container-11] 	 41.170	  Magnt	     --	     --	     --	  1.181
[component_container-11] 
[component_container-11] 	 41.200	   Pose	  0.789	  4.784	  5.067	  1.179
[component_container-11] 	 41.200	  Twist	 -0.148	  0.647	  0.090	 -0.272
[component_container-11] 	 41.200	ErrPose	 -0.013	 -0.016	 -0.029	 -0.031
[component_container-11] 	 41.200	ErrTwis	  0.082	 -0.484	 -0.079	 -0.007
[component_container-11] 	 41.200	    GPS	  0.789	  4.785	  5.035	     --
[component_container-11] 	 41.200	   Baro	     --	     --	  5.404	     --
[component_container-11] 	 41.200	  BBias	     --	     --	  0.311	     --
[component_container-11] 	 41.200	  Sonar	     --	     --	    inf	     --
[component_container-11] 	 41.200	  Magnt	     --	     --	     --	  1.181
[component_container-11] 
[component_container-11] 	 41.240	   Pose	  0.783	  4.810	  5.064	  1.168
[component_container-11] 	 41.240	  Twist	 -0.148	  0.647	  0.084	 -0.273
[component_container-11] 	 41.240	ErrPose	 -0.014	 -0.045	 -0.027	 -0.031
[component_container-11] 	 41.240	ErrTwis	  0.038	 -0.501	 -0.071	 -0.006
[component_container-11] 	 41.240	    GPS	  0.789	  4.785	  5.035	     --
[component_container-11] 	 41.240	   Baro	     --	     --	  5.309	     --
[component_container-11] 	 41.240	  BBias	     --	     --	  0.311	     --
[component_container-11] 	 41.240	  Sonar	     --	     --	    inf	     --
[component_container-11] 	 41.240	  Magnt	     --	     --	     --	  1.174
[component_container-11] 
[component_container-11] 	 41.270	   Pose	  0.779	  4.830	  5.052	  1.160
[component_container-11] 	 41.270	  Twist	 -0.149	  0.647	  0.069	 -0.263
[component_container-11] 	 41.270	ErrPose	 -0.013	 -0.067	 -0.015	 -0.028
[component_container-11] 	 41.270	ErrTwis	  0.018	 -0.511	 -0.055	 -0.016
[component_container-11] 	 41.270	    GPS	  0.789	  4.785	  5.035	     --
[component_container-11] 	 41.270	   Baro	     --	     --	  5.207	     --
[component_container-11] 	 41.270	  BBias	     --	     --	  0.311	     --
[component_container-11] 	 41.270	  Sonar	     --	     --	    inf	     --
[component_container-11] 	 41.270	  Magnt	     --	     --	     --	  1.153
[component_container-11] 
[component_container-11] 	 41.300	   Pose	  0.774	  4.849	  5.054	  1.152
[component_container-11] 	 41.300	  Twist	 -0.149	  0.647	  0.069	 -0.251
[component_container-11] 	 41.300	ErrPose	 -0.016	 -0.092	 -0.017	 -0.032
[component_container-11] 	 41.300	ErrTwis	 -0.025	 -0.529	 -0.054	 -0.028
[component_container-11] 	 41.300	    GPS	  0.789	  4.785	  5.035	     --
[component_container-11] 	 41.300	   Baro	     --	     --	  5.207	     --
[component_container-11] 	 41.300	  BBias	     --	     --	  0.311	     --
[component_container-11] 	 41.300	  Sonar	     --	     --	    inf	     --
[component_container-11] 	 41.300	  Magnt	     --	     --	     --	  1.153
[component_container-11] 
[component_container-11] 	 41.340	   Pose	  0.768	  4.875	  5.075	  1.140
[component_container-11] 	 41.340	  Twist	 -0.151	  0.646	  0.086	 -0.293
[component_container-11] 	 41.340	ErrPose	 -0.017	 -0.125	 -0.038	 -0.032
[component_container-11] 	 41.340	ErrTwis	 -0.066	 -0.546	 -0.070	  0.014
[component_container-11] 	 41.340	    GPS	  0.789	  4.785	  5.035	     --
[component_container-11] 	 41.340	   Baro	     --	     --	  5.568	     --
[component_container-11] 	 41.340	  BBias	     --	     --	  0.311	     --
[component_container-11] 	 41.340	  Sonar	     --	     --	    inf	     --
[component_container-11] 	 41.340	  Magnt	     --	     --	     --	  1.145
[component_container-11] 
[component_container-11] 	 41.370	   Pose	  0.764	  4.894	  5.081	  1.133
[component_container-11] 	 41.370	  Twist	 -0.152	  0.645	  0.090	 -0.255
[component_container-11] 	 41.370	ErrPose	 -0.017	 -0.149	 -0.044	 -0.030
[component_container-11] 	 41.370	ErrTwis	 -0.087	 -0.555	 -0.073	 -0.024
[component_container-11] 	 41.370	    GPS	  0.789	  4.785	  5.035	     --
[component_container-11] 	 41.370	   Baro	     --	     --	  5.423	     --
[component_container-11] 	 41.370	  BBias	     --	     --	  0.311	     --
[component_container-11] 	 41.370	  Sonar	     --	     --	    inf	     --
[component_container-11] 	 41.370	  Magnt	     --	     --	     --	  1.148
[component_container-11] 
[component_container-11] 	 41.400	   Pose	  0.759	  4.914	  5.083	  1.125
[component_container-11] 	 41.400	  Twist	 -0.152	  0.646	  0.090	 -0.275
[component_container-11] 	 41.400	ErrPose	 -0.020	 -0.178	 -0.047	 -0.033
[component_container-11] 	 41.400	ErrTwis	 -0.129	 -0.574	 -0.072	 -0.004
[component_container-11] 	 41.400	    GPS	  0.789	  4.785	  5.035	     --
[component_container-11] 	 41.400	   Baro	     --	     --	  5.423	     --
[component_container-11] 	 41.400	  BBias	     --	     --	  0.311	     --
[component_container-11] 	 41.400	  Sonar	     --	     --	    inf	     --
[component_container-11] 	 41.400	  Magnt	     --	     --	     --	  1.148
[component_container-11] 
[component_container-11] 	 41.440	   Pose	  0.753	  4.940	  5.085	  1.113
[component_container-11] 	 41.440	  Twist	 -0.153	  0.647	  0.088	 -0.280
[component_container-11] 	 41.440	ErrPose	 -0.022	 -0.216	 -0.049	 -0.033
[component_container-11] 	 41.440	ErrTwis	 -0.170	 -0.594	 -0.067	  0.001
[component_container-11] 	 41.440	    GPS	  0.789	  4.785	  5.035	     --
[component_container-11] 	 41.440	   Baro	     --	     --	  5.368	     --
[component_container-11] 	 41.440	  BBias	     --	     --	  0.311	     --
[component_container-11] 	 41.440	  Sonar	     --	     --	    inf	     --
[component_container-11] 	 41.440	  Magnt	     --	     --	     --	  1.100
[component_container-11] 
[component_container-11] 	 41.470	   Pose	  0.748	  4.959	  5.083	  1.105
[component_container-11] 	 41.470	  Twist	 -0.153	  0.647	  0.081	 -0.275
[component_container-11] 	 41.470	ErrPose	 -0.021	 -0.242	 -0.047	 -0.030
[component_container-11] 	 41.470	ErrTwis	 -0.191	 -0.603	 -0.059	 -0.004
[component_container-11] 	 41.470	    GPS	  0.789	  4.785	  5.035	     --
[component_container-11] 	 41.470	   Baro	     --	     --	  5.347	     --
[component_container-11] 	 41.470	  BBias	     --	     --	  0.311	     --
[component_container-11] 	 41.470	  Sonar	     --	     --	    inf	     --
[component_container-11] 	 41.470	  Magnt	     --	     --	     --	  1.090
[component_container-11] 
[component_container-11] 	 41.500	   Pose	  0.744	  4.978	  5.085	  1.097
[component_container-11] 	 41.500	  Twist	 -0.154	  0.647	  0.080	 -0.253
[component_container-11] 	 41.500	ErrPose	 -0.025	 -0.276	 -0.051	 -0.033
[component_container-11] 	 41.500	ErrTwis	 -0.233	 -0.621	 -0.058	 -0.027
[component_container-11] 	 41.500	    GPS	  0.789	  4.785	  5.035	     --
[component_container-11] 	 41.500	   Baro	     --	     --	  5.347	     --
[component_container-11] 	 41.500	  BBias	     --	     --	  0.311	     --
[component_container-11] 	 41.500	  Sonar	     --	     --	    inf	     --
[component_container-11] 	 41.500	  Magnt	     --	     --	     --	  1.090
[component_container-11] 
[component_container-11] [INFO] [1775370763.735378719] [drone.estimator]: TMP LOG gps innov_xy=(-0.034, -0.256) est_xy=(0.742, 4.985) gps_xy=(0.709, 4.729) corr_xy=(0.709, 4.729) vel_xy=(-0.153, 0.647)
[component_container-11] [INFO] [1775370763.735499423] [drone.estimator]: TMP LOG gps vel pseudo raw=(-0.160, -0.113) filt=(-0.144, -0.024) innov_v=(0.014, -0.634) apply=(1,1)
[component_container-11] 	 41.540	   Pose	  0.729	  4.827	  5.069	  1.086
[component_container-11] 	 41.540	  Twist	 -0.156	  0.490	  0.061	 -0.285
[component_container-11] 	 41.540	ErrPose	 -0.019	 -0.140	 -0.036	 -0.034
[component_container-11] 	 41.540	ErrTwis	 -0.271	 -0.482	 -0.041	  0.005
[component_container-11] 	 41.540	    GPS	  0.709	  4.729	  5.034	     --
[component_container-11] 	 41.540	   Baro	     --	     --	  5.263	     --
[component_container-11] 	 41.540	  BBias	     --	     --	  0.311	     --
[component_container-11] 	 41.540	  Sonar	     --	     --	    inf	     --
[component_container-11] 	 41.540	  Magnt	     --	     --	     --	  1.081
[component_container-11] 
[component_container-11] 	 41.570	   Pose	  0.725	  4.841	  5.068	  1.077
[component_container-11] 	 41.570	  Twist	 -0.157	  0.491	  0.059	 -0.267
[component_container-11] 	 41.570	ErrPose	 -0.019	 -0.164	 -0.036	 -0.030
[component_container-11] 	 41.570	ErrTwis	 -0.291	 -0.493	 -0.038	 -0.013
[component_container-11] 	 41.570	    GPS	  0.709	  4.729	  5.034	     --
[component_container-11] 	 41.570	   Baro	     --	     --	  5.345	     --
[component_container-11] 	 41.570	  BBias	     --	     --	  0.311	     --
[component_container-11] 	 41.570	  Sonar	     --	     --	    inf	     --
[component_container-11] 	 41.570	  Magnt	     --	     --	     --	  1.034
[component_container-11] 
[component_container-11] 	 41.600	   Pose	  0.720	  4.856	  5.070	  1.069
[component_container-11] 	 41.600	  Twist	 -0.158	  0.492	  0.058	 -0.255
[component_container-11] 	 41.600	ErrPose	 -0.024	 -0.197	 -0.039	 -0.033
[component_container-11] 	 41.600	ErrTwis	 -0.329	 -0.512	 -0.035	 -0.025
[component_container-11] 	 41.600	    GPS	  0.709	  4.729	  5.034	     --
[component_container-11] 	 41.600	   Baro	     --	     --	  5.345	     --
[component_container-11] 	 41.600	  BBias	     --	     --	  0.311	     --
[component_container-11] 	 41.600	  Sonar	     --	     --	    inf	     --
[component_container-11] 	 41.600	  Magnt	     --	     --	     --	  1.034
[component_container-11] 
[component_container-11] 	 41.640	   Pose	  0.714	  4.876	  5.064	  1.056
[component_container-11] 	 41.640	  Twist	 -0.159	  0.494	  0.050	 -0.276
[component_container-11] 	 41.640	ErrPose	 -0.027	 -0.237	 -0.034	 -0.032
[component_container-11] 	 41.640	ErrTwis	 -0.368	 -0.532	 -0.027	 -0.003
[component_container-11] 	 41.640	    GPS	  0.709	  4.729	  5.034	     --
[component_container-11] 	 41.640	   Baro	     --	     --	  5.274	     --
[component_container-11] 	 41.640	  BBias	     --	     --	  0.311	     --
[component_container-11] 	 41.640	  Sonar	     --	     --	    inf	     --
[component_container-11] 	 41.640	  Magnt	     --	     --	     --	  0.999
[component_container-11] 
[component_container-11] 	 41.670	   Pose	  0.709	  4.891	  5.065	  1.048
[component_container-11] 	 41.670	  Twist	 -0.159	  0.495	  0.049	 -0.269
[component_container-11] 	 41.670	ErrPose	 -0.027	 -0.262	 -0.036	 -0.029
[component_container-11] 	 41.670	ErrTwis	 -0.388	 -0.542	 -0.026	 -0.011
[component_container-11] 	 41.670	    GPS	  0.709	  4.729	  5.034	     --
[component_container-11] 	 41.670	   Baro	     --	     --	  5.368	     --
[component_container-11] 	 41.670	  BBias	     --	     --	  0.311	     --
[component_container-11] 	 41.670	  Sonar	     --	     --	    inf	     --
[component_container-11] 	 41.670	  Magnt	     --	     --	     --	  1.045
[component_container-11] 
[component_container-11] 	 41.700	   Pose	  0.704	  4.906	  5.066	  1.040
[component_container-11] 	 41.700	  Twist	 -0.159	  0.498	  0.050	 -0.274
[component_container-11] 	 41.700	ErrPose	 -0.033	 -0.299	 -0.039	 -0.033
[component_container-11] 	 41.700	ErrTwis	 -0.425	 -0.562	 -0.027	 -0.006
[component_container-11] 	 41.700	    GPS	  0.709	  4.729	  5.034	     --
[component_container-11] 	 41.700	   Baro	     --	     --	  5.368	     --
[component_container-11] 	 41.700	  BBias	     --	     --	  0.311	     --
[component_container-11] 	 41.700	  Sonar	     --	     --	    inf	     --
[component_container-11] 	 41.700	  Magnt	     --	     --	     --	  1.045
[component_container-11] 
[component_container-11] 	 41.740	   Pose	  0.698	  4.926	  5.063	  1.028
[component_container-11] 	 41.740	  Twist	 -0.160	  0.500	  0.044	 -0.274
[component_container-11] 	 41.740	ErrPose	 -0.037	 -0.343	 -0.037	 -0.032
[component_container-11] 	 41.740	ErrTwis	 -0.461	 -0.581	 -0.018	 -0.006
[component_container-11] 	 41.740	    GPS	  0.709	  4.729	  5.034	     --
[component_container-11] 	 41.740	   Baro	     --	     --	  5.312	     --
[component_container-11] 	 41.740	  BBias	     --	     --	  0.311	     --
[component_container-11] 	 41.740	  Sonar	     --	     --	    inf	     --
[component_container-11] 	 41.740	  Magnt	     --	     --	     --	  0.981
[component_container-11] 
[component_container-11] 	 41.770	   Pose	  0.693	  4.941	  5.067	  1.020
[component_container-11] 	 41.770	  Twist	 -0.161	  0.501	  0.047	 -0.286
[component_container-11] 	 41.770	ErrPose	 -0.038	 -0.371	 -0.042	 -0.029
[component_container-11] 	 41.770	ErrTwis	 -0.479	 -0.590	 -0.020	  0.006
[component_container-11] 	 41.770	    GPS	  0.709	  4.729	  5.034	     --
[component_container-11] 	 41.770	   Baro	     --	     --	  5.410	     --
[component_container-11] 	 41.770	  BBias	     --	     --	  0.311	     --
[component_container-11] 	 41.770	  Sonar	     --	     --	    inf	     --
[component_container-11] 	 41.770	  Magnt	     --	     --	     --	  1.033
[component_container-11] 
[component_container-11] 	 41.800	   Pose	  0.688	  4.956	  5.068	  1.012
[component_container-11] 	 41.800	  Twist	 -0.162	  0.503	  0.047	 -0.272
[component_container-11] 	 41.800	ErrPose	 -0.045	 -0.412	 -0.046	 -0.032
[component_container-11] 	 41.800	ErrTwis	 -0.515	 -0.607	 -0.021	 -0.008
[component_container-11] 	 41.800	    GPS	  0.709	  4.729	  5.034	     --
[component_container-11] 	 41.800	   Baro	     --	     --	  5.410	     --
[component_container-11] 	 41.800	  BBias	     --	     --	  0.311	     --
[component_container-11] 	 41.800	  Sonar	     --	     --	    inf	     --
[component_container-11] 	 41.800	  Magnt	     --	     --	     --	  1.033
[component_container-11] 
[component_container-11] 	 41.840	   Pose	  0.681	  4.976	  5.064	  1.001
[component_container-11] 	 41.840	  Twist	 -0.162	  0.507	  0.041	 -0.268
[component_container-11] 	 41.840	ErrPose	 -0.051	 -0.459	 -0.043	 -0.033
[component_container-11] 	 41.840	ErrTwis	 -0.551	 -0.626	 -0.017	 -0.013
[component_container-11] 	 41.840	    GPS	  0.709	  4.729	  5.034	     --
[component_container-11] 	 41.840	   Baro	     --	     --	  5.304	     --
[component_container-11] 	 41.840	  BBias	     --	     --	  0.311	     --
[component_container-11] 	 41.840	  Sonar	     --	     --	    inf	     --
[component_container-11] 	 41.840	  Magnt	     --	     --	     --	  1.017
[component_container-11] 
[component_container-11] 	 41.870	   Pose	  0.677	  4.991	  5.065	  0.993
[component_container-11] 	 41.870	  Twist	 -0.162	  0.510	  0.041	 -0.253
[component_container-11] 	 41.870	ErrPose	 -0.052	 -0.489	 -0.045	 -0.031
[component_container-11] 	 41.870	ErrTwis	 -0.567	 -0.636	 -0.017	 -0.027
[component_container-11] 	 41.870	    GPS	  0.709	  4.729	  5.034	     --
[component_container-11] 	 41.870	   Baro	     --	     --	  5.376	     --
[component_container-11] 	 41.870	  BBias	     --	     --	  0.311	     --
[component_container-11] 	 41.870	  Sonar	     --	     --	    inf	     --
[component_container-11] 	 41.870	  Magnt	     --	     --	     --	  1.010
[component_container-11] 
[component_container-11] 	 41.900	   Pose	  0.672	  5.006	  5.066	  0.985
[component_container-11] 	 41.900	  Twist	 -0.163	  0.511	  0.041	 -0.277
[component_container-11] 	 41.900	ErrPose	 -0.061	 -0.533	 -0.049	 -0.034
[component_container-11] 	 41.900	ErrTwis	 -0.599	 -0.653	 -0.014	 -0.003
[component_container-11] 	 41.900	    GPS	  0.709	  4.729	  5.034	     --
[component_container-11] 	 41.900	   Baro	     --	     --	  5.376	     --
[component_container-11] 	 41.900	  BBias	     --	     --	  0.311	     --
[component_container-11] 	 41.900	  Sonar	     --	     --	    inf	     --
[component_container-11] 	 41.900	  Magnt	     --	     --	     --	  1.010
[component_container-11] 
[component_container-11] 	 41.940	   Pose	  0.665	  5.027	  5.073	  0.975
[component_container-11] 	 41.940	  Twist	 -0.164	  0.514	  0.048	 -0.273
[component_container-11] 	 41.940	ErrPose	 -0.068	 -0.584	 -0.058	 -0.034
[component_container-11] 	 41.940	ErrTwis	 -0.632	 -0.671	 -0.023	 -0.007
[component_container-11] 	 41.940	    GPS	  0.709	  4.729	  5.034	     --
[component_container-11] 	 41.940	   Baro	     --	     --	  5.438	     --
[component_container-11] 	 41.940	  BBias	     --	     --	  0.311	     --
[component_container-11] 	 41.940	  Sonar	     --	     --	    inf	     --
[component_container-11] 	 41.940	  Magnt	     --	     --	     --	  0.986
[component_container-11] 
[component_container-11] 	 41.970	   Pose	  0.660	  5.042	  5.056	  0.966
[component_container-11] 	 41.970	  Twist	 -0.164	  0.517	  0.030	 -0.273
[component_container-11] 	 41.970	ErrPose	 -0.070	 -0.615	 -0.042	 -0.031
[component_container-11] 	 41.970	ErrTwis	 -0.648	 -0.682	 -0.007	 -0.007
[component_container-11] 	 41.970	    GPS	  0.709	  4.729	  5.034	     --
[component_container-11] 	 41.970	   Baro	     --	     --	  5.177	     --
[component_container-11] 	 41.970	  BBias	     --	     --	  0.311	     --
[component_container-11] 	 41.970	  Sonar	     --	     --	    inf	     --
[component_container-11] 	 41.970	  Magnt	     --	     --	     --	  0.950
[component_container-11] 
[component_container-11] 	 42.000	   Pose	  0.655	  5.058	  5.057	  0.958
[component_container-11] 	 42.000	  Twist	 -0.163	  0.520	  0.031	 -0.253
[component_container-11] 	 42.000	ErrPose	 -0.079	 -0.663	 -0.046	 -0.035
[component_container-11] 	 42.000	ErrTwis	 -0.679	 -0.700	 -0.009	 -0.026
[component_container-11] 	 42.000	    GPS	  0.709	  4.729	  5.034	     --
[component_container-11] 	 42.000	   Baro	     --	     --	  5.177	     --
[component_container-11] 	 42.000	  BBias	     --	     --	  0.311	     --
[component_container-11] 	 42.000	  Sonar	     --	     --	    inf	     --
[component_container-11] 	 42.000	  Magnt	     --	     --	     --	  0.950
[component_container-11] 
[component_container-11] 	 42.040	   Pose	  0.505	  4.593	  5.054	  0.947
[component_container-11] 	 42.040	  Twist	 -0.277	  0.135	  0.028	 -0.251
[component_container-11] 	 42.040	ErrPose	  0.056	 -0.232	 -0.046	 -0.035
[component_container-11] 	 42.040	ErrTwis	 -0.595	 -0.331	 -0.004	 -0.028
[component_container-11] 	 42.040	    GPS	  0.388	  4.185	  5.011	     --
[component_container-11] 	 42.040	   Baro	     --	     --	  5.414	     --
[component_container-11] 	 42.040	  BBias	     --	     --	  0.311	     --
[component_container-11] 	 42.040	  Sonar	     --	     --	    inf	     --
[component_container-11] 	 42.040	  Magnt	     --	     --	     --	  0.940
[component_container-11] 
[component_container-11] [INFO] [1775370764.273882605] [drone.estimator]: TMP LOG err_xyz=(0.056, -0.232, -0.046) | z_est=5.054 vz_est=0.028 bias=0.311 | gps_z=5.011 sonar=inf baro=5.414
[component_container-11] 	 42.070	   Pose	  0.496	  4.597	  5.048	  0.940
[component_container-11] 	 42.070	  Twist	 -0.277	  0.138	  0.022	 -0.270
[component_container-11] 	 42.070	ErrPose	  0.057	 -0.253	 -0.041	 -0.033
[component_container-11] 	 42.070	ErrTwis	 -0.610	 -0.341	  0.002	 -0.010
[component_container-11] 	 42.070	    GPS	  0.388	  4.185	  5.011	     --
[component_container-11] 	 42.070	   Baro	     --	     --	  5.280	     --
[component_container-11] 	 42.070	  BBias	     --	     --	  0.311	     --
[component_container-11] 	 42.070	  Sonar	     --	     --	    inf	     --
[component_container-11] 	 42.070	  Magnt	     --	     --	     --	  0.961
[component_container-11] 
[component_container-11] 	 42.100	   Pose	  0.488	  4.602	  5.049	  0.931
[component_container-11] 	 42.100	  Twist	 -0.277	  0.141	  0.023	 -0.281
[component_container-11] 	 42.100	ErrPose	  0.049	 -0.292	 -0.044	 -0.036
[component_container-11] 	 42.100	ErrTwis	 -0.638	 -0.360	 -0.003	  0.002
[component_container-11] 	 42.100	    GPS	  0.388	  4.185	  5.011	     --
[component_container-11] 	 42.100	   Baro	     --	     --	  5.280	     --
[component_container-11] 	 42.100	  BBias	     --	     --	  0.311	     --
[component_container-11] 	 42.100	  Sonar	     --	     --	    inf	     --
[component_container-11] 	 42.100	  Magnt	     --	     --	     --	  0.961
[component_container-11] 
[component_container-11] [INFO] [1775370764.335187180] [drone.controller]: cmd_vel body=(-0.960, -0.280, -0.004) yaw=-0.300 | odom_received=true | plan_points=76
[component_container-11] 	 42.140	   Pose	  0.477	  4.607	  5.061	  0.920
[component_container-11] 	 42.140	  Twist	 -0.276	  0.146	  0.037	 -0.273
[component_container-11] 	 42.140	ErrPose	  0.044	 -0.334	 -0.059	 -0.036
[component_container-11] 	 42.140	ErrTwis	 -0.666	 -0.379	 -0.019	 -0.006
[component_container-11] 	 42.140	    GPS	  0.388	  4.185	  5.011	     --
[component_container-11] 	 42.140	   Baro	     --	     --	  5.496	     --
[component_container-11] 	 42.140	  BBias	     --	     --	  0.311	     --
[component_container-11] 	 42.140	  Sonar	     --	     --	    inf	     --
[component_container-11] 	 42.140	  Magnt	     --	     --	     --	  0.909
[component_container-11] 
[component_container-11] 	 42.170	   Pose	  0.469	  4.612	  5.055	  0.912
[component_container-11] 	 42.170	  Twist	 -0.277	  0.149	  0.029	 -0.276
[component_container-11] 	 42.170	ErrPose	  0.043	 -0.357	 -0.054	 -0.033
[component_container-11] 	 42.170	ErrTwis	 -0.678	 -0.390	 -0.010	 -0.004
[component_container-11] 	 42.170	    GPS	  0.388	  4.185	  5.011	     --
[component_container-11] 	 42.170	   Baro	     --	     --	  5.282	     --
[component_container-11] 	 42.170	  BBias	     --	     --	  0.311	     --
[component_container-11] 	 42.170	  Sonar	     --	     --	    inf	     --
[component_container-11] 	 42.170	  Magnt	     --	     --	     --	  0.905
[component_container-11] 
[component_container-11] 	 42.200	   Pose	  0.460	  4.616	  5.056	  0.903
[component_container-11] 	 42.200	  Twist	 -0.277	  0.151	  0.030	 -0.280
[component_container-11] 	 42.200	ErrPose	  0.034	 -0.398	 -0.057	 -0.036
[component_container-11] 	 42.200	ErrTwis	 -0.703	 -0.407	 -0.010	  0.001
[component_container-11] 	 42.200	    GPS	  0.388	  4.185	  5.011	     --
[component_container-11] 	 42.200	   Baro	     --	     --	  5.282	     --
[component_container-11] 	 42.200	  BBias	     --	     --	  0.311	     --
[component_container-11] 	 42.200	  Sonar	     --	     --	    inf	     --
[component_container-11] 	 42.200	  Magnt	     --	     --	     --	  0.905
[component_container-11] 
[component_container-11] 	 42.240	   Pose	  0.449	  4.622	  5.047	  0.892
[component_container-11] 	 42.240	  Twist	 -0.276	  0.155	  0.021	 -0.268
[component_container-11] 	 42.240	ErrPose	  0.027	 -0.443	 -0.051	 -0.036
[component_container-11] 	 42.240	ErrTwis	 -0.728	 -0.425	 -0.005	 -0.011
[component_container-11] 	 42.240	    GPS	  0.388	  4.185	  5.011	     --
[component_container-11] 	 42.240	   Baro	     --	     --	  5.246	     --
[component_container-11] 	 42.240	  BBias	     --	     --	  0.311	     --
[component_container-11] 	 42.240	  Sonar	     --	     --	    inf	     --
[component_container-11] 	 42.240	  Magnt	     --	     --	     --	  0.897
[component_container-11] 
[component_container-11] 	 42.270	   Pose	  0.441	  4.627	  5.045	  0.884
[component_container-11] 	 42.270	  Twist	 -0.276	  0.159	  0.020	 -0.279
[component_container-11] 	 42.270	ErrPose	  0.026	 -0.467	 -0.051	 -0.033
[component_container-11] 	 42.270	ErrTwis	 -0.740	 -0.436	 -0.006	 -0.000
[component_container-11] 	 42.270	    GPS	  0.388	  4.185	  5.011	     --
[component_container-11] 	 42.270	   Baro	     --	     --	  5.335	     --
[component_container-11] 	 42.270	  BBias	     --	     --	  0.311	     --
[component_container-11] 	 42.270	  Sonar	     --	     --	    inf	     --
[component_container-11] 	 42.270	  Magnt	     --	     --	     --	  0.896
[component_container-11] 
[component_container-11] 	 42.300	   Pose	  0.433	  4.632	  5.046	  0.876
[component_container-11] 	 42.300	  Twist	 -0.275	  0.162	  0.022	 -0.279
[component_container-11] 	 42.300	ErrPose	  0.015	 -0.511	 -0.054	 -0.036
[component_container-11] 	 42.300	ErrTwis	 -0.761	 -0.453	 -0.009	 -0.001
[component_container-11] 	 42.300	    GPS	  0.388	  4.185	  5.011	     --
[component_container-11] 	 42.300	   Baro	     --	     --	  5.335	     --
[component_container-11] 	 42.300	  BBias	     --	     --	  0.311	     --
[component_container-11] 	 42.300	  Sonar	     --	     --	    inf	     --
[component_container-11] 	 42.300	  Magnt	     --	     --	     --	  0.896
[component_container-11] 
[component_container-11] 	 42.340	   Pose	  0.422	  4.638	  5.052	  0.864
[component_container-11] 	 42.340	  Twist	 -0.276	  0.166	  0.029	 -0.272
[component_container-11] 	 42.340	ErrPose	  0.007	 -0.558	 -0.063	 -0.036
[component_container-11] 	 42.340	ErrTwis	 -0.781	 -0.470	 -0.015	 -0.008
[component_container-11] 	 42.340	    GPS	  0.388	  4.185	  5.011	     --
[component_container-11] 	 42.340	   Baro	     --	     --	  5.417	     --
[component_container-11] 	 42.340	  BBias	     --	     --	  0.311	     --
[component_container-11] 	 42.340	  Sonar	     --	     --	    inf	     --
[component_container-11] 	 42.340	  Magnt	     --	     --	     --	  0.833
[component_container-11] 
[component_container-11] 	 42.370	   Pose	  0.413	  4.644	  5.045	  0.855
[component_container-11] 	 42.370	  Twist	 -0.276	  0.170	  0.024	 -0.280
[component_container-11] 	 42.370	ErrPose	  0.005	 -0.583	 -0.058	 -0.033
[component_container-11] 	 42.370	ErrTwis	 -0.791	 -0.480	 -0.011	  0.001
[component_container-11] 	 42.370	    GPS	  0.388	  4.185	  5.011	     --
[component_container-11] 	 42.370	   Baro	     --	     --	  5.274	     --
[component_container-11] 	 42.370	  BBias	     --	     --	  0.311	     --
[component_container-11] 	 42.370	  Sonar	     --	     --	    inf	     --
[component_container-11] 	 42.370	  Magnt	     --	     --	     --	  0.836
[component_container-11] 
[component_container-11] 	 42.400	   Pose	  0.405	  4.649	  5.046	  0.847
[component_container-11] 	 42.400	  Twist	 -0.275	  0.174	  0.025	 -0.271
[component_container-11] 	 42.400	ErrPose	 -0.007	 -0.629	 -0.061	 -0.036
[component_container-11] 	 42.400	ErrTwis	 -0.811	 -0.498	 -0.017	 -0.008
[component_container-11] 	 42.400	    GPS	  0.388	  4.185	  5.011	     --
[component_container-11] 	 42.400	   Baro	     --	     --	  5.274	     --
[component_container-11] 	 42.400	  BBias	     --	     --	  0.311	     --
[component_container-11] 	 42.400	  Sonar	     --	     --	    inf	     --
[component_container-11] 	 42.400	  Magnt	     --	     --	     --	  0.836
[component_container-11] 
[component_container-11] 	 42.440	   Pose	  0.394	  4.656	  5.039	  0.837
[component_container-11] 	 42.440	  Twist	 -0.274	  0.181	  0.021	 -0.272
[component_container-11] 	 42.440	ErrPose	 -0.017	 -0.678	 -0.057	 -0.036
[component_container-11] 	 42.440	ErrTwis	 -0.828	 -0.518	 -0.013	 -0.007
[component_container-11] 	 42.440	    GPS	  0.388	  4.185	  5.011	     --
[component_container-11] 	 42.440	   Baro	     --	     --	  5.272	     --
[component_container-11] 	 42.440	  BBias	     --	     --	  0.311	     --
[component_container-11] 	 42.440	  Sonar	     --	     --	    inf	     --
[component_container-11] 	 42.440	  Magnt	     --	     --	     --	  0.847
[component_container-11] 
[component_container-11] 	 42.470	   Pose	  0.386	  4.661	  5.039	  0.828
[component_container-11] 	 42.470	  Twist	 -0.274	  0.185	  0.021	 -0.278
[component_container-11] 	 42.470	ErrPose	 -0.019	 -0.705	 -0.058	 -0.033
[component_container-11] 	 42.470	ErrTwis	 -0.836	 -0.529	 -0.011	 -0.001
[component_container-11] 	 42.470	    GPS	  0.388	  4.185	  5.011	     --
[component_container-11] 	 42.470	   Baro	     --	     --	  5.342	     --
[component_container-11] 	 42.470	  BBias	     --	     --	  0.311	     --
[component_container-11] 	 42.470	  Sonar	     --	     --	    inf	     --
[component_container-11] 	 42.470	  Magnt	     --	     --	     --	  0.804
[component_container-11] 
[component_container-11] 	 42.500	   Pose	  0.378	  4.667	  5.040	  0.819
[component_container-11] 	 42.500	  Twist	 -0.274	  0.188	  0.023	 -0.288
[component_container-11] 	 42.500	ErrPose	 -0.032	 -0.753	 -0.061	 -0.036
[component_container-11] 	 42.500	ErrTwis	 -0.852	 -0.545	 -0.013	  0.009
[component_container-11] 	 42.500	    GPS	  0.388	  4.185	  5.011	     --
[component_container-11] 	 42.500	   Baro	     --	     --	  5.342	     --
[component_container-11] 	 42.500	  BBias	     --	     --	  0.311	     --
[component_container-11] 	 42.500	  Sonar	     --	     --	    inf	     --
[component_container-11] 	 42.500	  Magnt	     --	     --	     --	  0.804
[component_container-11] 
[component_container-11] [INFO] [1775370764.742655413] [drone.estimator]: TMP LOG gps innov_xy=(-0.010, -1.028) est_xy=(0.375, 4.669) gps_xy=(0.365, 3.641) corr_xy=(0.365, 3.641) vel_xy=(-0.274, 0.189)
[component_container-11] [INFO] [1775370764.743425458] [drone.estimator]: TMP LOG gps vel pseudo raw=(-0.045, -1.089) filt=(-0.100, -1.079) innov_v=(0.175, -1.118) apply=(1,1)
[component_container-11] 	 42.540	   Pose	  0.390	  4.179	  5.025	  0.808
[component_container-11] 	 42.540	  Twist	 -0.241	 -0.170	  0.012	 -0.265
[component_container-11] 	 42.540	ErrPose	 -0.067	 -0.308	 -0.050	 -0.036
[component_container-11] 	 42.540	ErrTwis	 -0.899	 -0.200	 -0.007	 -0.014
[component_container-11] 	 42.540	    GPS	  0.365	  3.641	  4.978	     --
[component_container-11] 	 42.540	   Baro	     --	     --	  5.287	     --
[component_container-11] 	 42.540	  BBias	     --	     --	  0.311	     --
[component_container-11] 	 42.540	  Sonar	     --	     --	    inf	     --
[component_container-11] 	 42.540	  Magnt	     --	     --	     --	  0.810
[component_container-11] 
[component_container-11] 	 42.570	   Pose	  0.383	  4.174	  5.019	  0.800
[component_container-11] 	 42.570	  Twist	 -0.241	 -0.166	  0.008	 -0.282
[component_container-11] 	 42.570	ErrPose	 -0.071	 -0.324	 -0.045	 -0.033
[component_container-11] 	 42.570	ErrTwis	 -0.906	 -0.211	 -0.005	  0.004
[component_container-11] 	 42.570	    GPS	  0.365	  3.641	  4.978	     --
[component_container-11] 	 42.570	   Baro	     --	     --	  5.256	     --
[component_container-11] 	 42.570	  BBias	     --	     --	  0.311	     --
[component_container-11] 	 42.570	  Sonar	     --	     --	    inf	     --
[component_container-11] 	 42.570	  Magnt	     --	     --	     --	  0.808
[component_container-11] 
[component_container-11] 	 42.600	   Pose	  0.376	  4.169	  5.020	  0.793
[component_container-11] 	 42.600	  Twist	 -0.240	 -0.162	  0.012	 -0.266
[component_container-11] 	 42.600	ErrPose	 -0.087	 -0.363	 -0.048	 -0.037
[component_container-11] 	 42.600	ErrTwis	 -0.917	 -0.228	 -0.006	 -0.012
[component_container-11] 	 42.600	    GPS	  0.365	  3.641	  4.978	     --
[component_container-11] 	 42.600	   Baro	     --	     --	  5.256	     --
[component_container-11] 	 42.600	  BBias	     --	     --	  0.311	     --
[component_container-11] 	 42.600	  Sonar	     --	     --	    inf	     --
[component_container-11] 	 42.600	  Magnt	     --	     --	     --	  0.808
[component_container-11] 
[component_container-11] 	 42.640	   Pose	  0.366	  4.162	  5.016	  0.782
[component_container-11] 	 42.640	  Twist	 -0.240	 -0.157	  0.011	 -0.288
[component_container-11] 	 42.640	ErrPose	 -0.100	 -0.401	 -0.046	 -0.037
[component_container-11] 	 42.640	ErrTwis	 -0.929	 -0.245	 -0.004	  0.009
[component_container-11] 	 42.640	    GPS	  0.365	  3.641	  4.978	     --
[component_container-11] 	 42.640	   Baro	     --	     --	  5.274	     --
[component_container-11] 	 42.640	  BBias	     --	     --	  0.311	     --
[component_container-11] 	 42.640	  Sonar	     --	     --	    inf	     --
[component_container-11] 	 42.640	  Magnt	     --	     --	     --	  0.814
[component_container-11] 
[component_container-11] 	 42.670	   Pose	  0.359	  4.158	  5.022	  0.774
[component_container-11] 	 42.670	  Twist	 -0.240	 -0.153	  0.021	 -0.259
[component_container-11] 	 42.670	ErrPose	 -0.105	 -0.418	 -0.053	 -0.035
[component_container-11] 	 42.670	ErrTwis	 -0.934	 -0.256	 -0.015	 -0.020
[component_container-11] 	 42.670	    GPS	  0.365	  3.641	  4.978	     --
[component_container-11] 	 42.670	   Baro	     --	     --	  5.403	     --
[component_container-11] 	 42.670	  BBias	     --	     --	  0.311	     --
[component_container-11] 	 42.670	  Sonar	     --	     --	    inf	     --
[component_container-11] 	 42.670	  Magnt	     --	     --	     --	  0.754
[component_container-11] 
[component_container-11] 	 42.700	   Pose	  0.352	  4.153	  5.023	  0.766
[component_container-11] 	 42.700	  Twist	 -0.238	 -0.148	  0.024	 -0.275
[component_container-11] 	 42.700	ErrPose	 -0.122	 -0.458	 -0.056	 -0.038
[component_container-11] 	 42.700	ErrTwis	 -0.944	 -0.271	 -0.023	 -0.003
[component_container-11] 	 42.700	    GPS	  0.365	  3.641	  4.978	     --
[component_container-11] 	 42.700	   Baro	     --	     --	  5.403	     --
[component_container-11] 	 42.700	  BBias	     --	     --	  0.311	     --
[component_container-11] 	 42.700	  Sonar	     --	     --	    inf	     --
[component_container-11] 	 42.700	  Magnt	     --	     --	     --	  0.754
[component_container-11] 
[component_container-11] 	 42.740	   Pose	  0.343	  4.147	  5.006	  0.754
[component_container-11] 	 42.740	  Twist	 -0.237	 -0.142	  0.011	 -0.260
[component_container-11] 	 42.740	ErrPose	 -0.137	 -0.497	 -0.041	 -0.038
[component_container-11] 	 42.740	ErrTwis	 -0.952	 -0.286	 -0.009	 -0.019
[component_container-11] 	 42.740	    GPS	  0.365	  3.641	  4.978	     --
[component_container-11] 	 42.740	   Baro	     --	     --	  5.126	     --
[component_container-11] 	 42.740	  BBias	     --	     --	  0.311	     --
[component_container-11] 	 42.740	  Sonar	     --	     --	    inf	     --
[component_container-11] 	 42.740	  Magnt	     --	     --	     --	  0.741
[component_container-11] 
[component_container-11] 	 42.770	   Pose	  0.335	  4.143	  4.996	  0.744
[component_container-11] 	 42.770	  Twist	 -0.237	 -0.138	  0.002	 -0.264
[component_container-11] 	 42.770	ErrPose	 -0.142	 -0.515	 -0.032	 -0.033
[component_container-11] 	 42.770	ErrTwis	 -0.955	 -0.294	  0.001	 -0.015
[component_container-11] 	 42.770	    GPS	  0.365	  3.641	  4.978	     --
[component_container-11] 	 42.770	   Baro	     --	     --	  5.191	     --
[component_container-11] 	 42.770	  BBias	     --	     --	  0.311	     --
[component_container-11] 	 42.770	  Sonar	     --	     --	    inf	     --
[component_container-11] 	 42.770	  Magnt	     --	     --	     --	  0.663
[component_container-11] 
[component_container-11] 	 42.800	   Pose	  0.328	  4.139	  4.996	  0.736
[component_container-11] 	 42.800	  Twist	 -0.236	 -0.135	  0.007	 -0.270
[component_container-11] 	 42.800	ErrPose	 -0.160	 -0.556	 -0.034	 -0.037
[component_container-11] 	 42.800	ErrTwis	 -0.963	 -0.305	 -0.006	 -0.010
[component_container-11] 	 42.800	    GPS	  0.365	  3.641	  4.978	     --
[component_container-11] 	 42.800	   Baro	     --	     --	  5.191	     --
[component_container-11] 	 42.800	  BBias	     --	     --	  0.311	     --
[component_container-11] 	 42.800	  Sonar	     --	     --	    inf	     --
[component_container-11] 	 42.800	  Magnt	     --	     --	     --	  0.663
[component_container-11] 
[component_container-11] 	 42.840	   Pose	  0.319	  4.134	  4.994	  0.725
[component_container-11] 	 42.840	  Twist	 -0.235	 -0.128	  0.008	 -0.270
[component_container-11] 	 42.840	ErrPose	 -0.176	 -0.595	 -0.033	 -0.036
[component_container-11] 	 42.840	ErrTwis	 -0.969	 -0.318	 -0.012	 -0.010
[component_container-11] 	 42.840	    GPS	  0.365	  3.641	  4.978	     --
[component_container-11] 	 42.840	   Baro	     --	     --	  5.278	     --
[component_container-11] 	 42.840	  BBias	     --	     --	  0.311	     --
[component_container-11] 	 42.840	  Sonar	     --	     --	    inf	     --
[component_container-11] 	 42.840	  Magnt	     --	     --	     --	  0.718
[component_container-11] 
[component_container-11] 	 42.870	   Pose	  0.312	  4.130	  4.990	  0.715
[component_container-11] 	 42.870	  Twist	 -0.234	 -0.123	  0.010	 -0.264
[component_container-11] 	 42.870	ErrPose	 -0.182	 -0.614	 -0.030	 -0.032
[component_container-11] 	 42.870	ErrTwis	 -0.972	 -0.327	 -0.012	 -0.016
[component_container-11] 	 42.870	    GPS	  0.365	  3.641	  4.978	     --
[component_container-11] 	 42.870	   Baro	     --	     --	  5.256	     --
[component_container-11] 	 42.870	  BBias	     --	     --	  0.311	     --
[component_container-11] 	 42.870	  Sonar	     --	     --	    inf	     --
[component_container-11] 	 42.870	  Magnt	     --	     --	     --	  0.661
[component_container-11] 
[component_container-11] 	 42.900	   Pose	  0.305	  4.126	  4.990	  0.708
[component_container-11] 	 42.900	  Twist	 -0.234	 -0.118	  0.013	 -0.276
[component_container-11] 	 42.900	ErrPose	 -0.201	 -0.655	 -0.032	 -0.036
[component_container-11] 	 42.900	ErrTwis	 -0.974	 -0.339	 -0.010	 -0.004
[component_container-11] 	 42.900	    GPS	  0.365	  3.641	  4.978	     --
[component_container-11] 	 42.900	   Baro	     --	     --	  5.256	     --
[component_container-11] 	 42.900	  BBias	     --	     --	  0.311	     --
[component_container-11] 	 42.900	  Sonar	     --	     --	    inf	     --
[component_container-11] 	 42.900	  Magnt	     --	     --	     --	  0.661
[component_container-11] 
[component_container-11] 	 42.940	   Pose	  0.295	  4.122	  4.986	  0.696
[component_container-11] 	 42.940	  Twist	 -0.234	 -0.112	  0.013	 -0.261
[component_container-11] 	 42.940	ErrPose	 -0.218	 -0.695	 -0.029	 -0.035
[component_container-11] 	 42.940	ErrTwis	 -0.976	 -0.353	 -0.008	 -0.018
[component_container-11] 	 42.940	    GPS	  0.365	  3.641	  4.978	     --
[component_container-11] 	 42.940	   Baro	     --	     --	  5.252	     --
[component_container-11] 	 42.940	  BBias	     --	     --	  0.311	     --
[component_container-11] 	 42.940	  Sonar	     --	     --	    inf	     --
[component_container-11] 	 42.940	  Magnt	     --	     --	     --	  0.667
[component_container-11] 
[component_container-11] 	 42.970	   Pose	  0.288	  4.118	  4.973	  0.687
[component_container-11] 	 42.970	  Twist	 -0.234	 -0.107	  0.004	 -0.265
[component_container-11] 	 42.970	ErrPose	 -0.225	 -0.714	 -0.017	 -0.032
[component_container-11] 	 42.970	ErrTwis	 -0.977	 -0.362	  0.000	 -0.014
[component_container-11] 	 42.970	    GPS	  0.365	  3.641	  4.978	     --
[component_container-11] 	 42.970	   Baro	     --	     --	  5.149	     --
[component_container-11] 	 42.970	  BBias	     --	     --	  0.311	     --
[component_container-11] 	 42.970	  Sonar	     --	     --	    inf	     --
[component_container-11] 	 42.970	  Magnt	     --	     --	     --	  0.655
[component_container-11] 
[component_container-11] 	 43.000	   Pose	  0.281	  4.115	  4.973	  0.679
[component_container-11] 	 43.000	  Twist	 -0.232	 -0.101	  0.007	 -0.287
[component_container-11] 	 43.000	ErrPose	 -0.244	 -0.755	 -0.018	 -0.035
[component_container-11] 	 43.000	ErrTwis	 -0.978	 -0.377	 -0.005	  0.009
[component_container-11] 	 43.000	    GPS	  0.365	  3.641	  4.978	     --
[component_container-11] 	 43.000	   Baro	     --	     --	  5.149	     --
[component_container-11] 	 43.000	  BBias	     --	     --	  0.311	     --
[component_container-11] 	 43.000	  Sonar	     --	     --	    inf	     --
[component_container-11] 	 43.000	  Magnt	     --	     --	     --	  0.655
[component_container-11] 
[component_container-11] 	 43.040	   Pose	  0.138	  3.713	  4.960	  0.667
[component_container-11] 	 43.040	  Twist	 -0.336	 -0.363	 -0.002	 -0.276
[component_container-11] 	 43.040	ErrPose	 -0.128	 -0.398	 -0.006	 -0.034
[component_container-11] 	 43.040	ErrTwis	 -0.873	 -0.125	  0.009	 -0.002
[component_container-11] 	 43.040	    GPS	  0.025	  3.186	  4.955	     --
[component_container-11] 	 43.040	   Baro	     --	     --	  5.148	     --
[component_container-11] 	 43.040	  BBias	     --	     --	  0.311	     --
[component_container-11] 	 43.040	  Sonar	     --	     --	    inf	     --
[component_container-11] 	 43.040	  Magnt	     --	     --	     --	  0.643
[component_container-11] 
[component_container-11] [INFO] [1775370765.277191334] [drone.estimator]: TMP LOG err_xyz=(-0.128, -0.398, -0.006) | z_est=4.960 vz_est=-0.002 bias=0.311 | gps_z=4.955 sonar=inf baro=5.148
[component_container-11] [INFO] [1775370765.298995102] [drone.estimator]: TMP LOG sonar rejected: meas=2.470 est_z=4.964 innov=-2.495
[component_container-11] 	 43.070	   Pose	  0.128	  3.702	  4.965	  0.659
[component_container-11] 	 43.070	  Twist	 -0.335	 -0.359	  0.007	 -0.265
[component_container-11] 	 43.070	ErrPose	 -0.132	 -0.409	 -0.010	 -0.032
[component_container-11] 	 43.070	ErrTwis	 -0.873	 -0.133	  0.002	 -0.014
[component_container-11] 	 43.070	    GPS	  0.025	  3.186	  4.955	     --
[component_container-11] 	 43.070	   Baro	     --	     --	  5.327	     --
[component_container-11] 	 43.070	  BBias	     --	     --	  0.311	     --
[component_container-11] 	 43.070	  Sonar	     --	     --	  2.470	     --
[component_container-11] 	 43.070	  Magnt	     --	     --	     --	  0.665
[component_container-11] 
[component_container-11] [INFO] [1775370765.337926592] [drone.controller]: cmd_vel body=(-0.848, -0.530, 0.015) yaw=-0.300 | odom_received=true | plan_points=66
[component_container-11] 	 43.100	   Pose	  0.118	  3.691	  4.965	  0.651
[component_container-11] 	 43.100	  Twist	 -0.335	 -0.354	  0.011	 -0.273
[component_container-11] 	 43.100	ErrPose	 -0.149	 -0.443	 -0.011	 -0.035
[component_container-11] 	 43.100	ErrTwis	 -0.871	 -0.148	 -0.004	 -0.005
[component_container-11] 	 43.100	    GPS	  0.025	  3.186	  4.955	     --
[component_container-11] 	 43.100	   Baro	     --	     --	  5.327	     --
[component_container-11] 	 43.100	  BBias	     --	     --	  0.311	     --
[component_container-11] 	 43.100	  Sonar	     --	     --	  2.470	     --
[component_container-11] 	 43.100	  Magnt	     --	     --	     --	  0.665
[component_container-11] 
[component_container-11] 	 43.140	   Pose	  0.105	  3.677	  4.972	  0.640
[component_container-11] 	 43.140	  Twist	 -0.334	 -0.347	  0.023	 -0.264
[component_container-11] 	 43.140	ErrPose	 -0.163	 -0.473	 -0.019	 -0.035
[component_container-11] 	 43.140	ErrTwis	 -0.868	 -0.164	 -0.018	 -0.014
[component_container-11] 	 43.140	    GPS	  0.025	  3.186	  4.955	     --
[component_container-11] 	 43.140	   Baro	     --	     --	  5.360	     --
[component_container-11] 	 43.140	  BBias	     --	     --	  0.311	     --
[component_container-11] 	 43.140	  Sonar	     --	     --	  2.460	     --
[component_container-11] 	 43.140	  Magnt	     --	     --	     --	  0.628
[component_container-11] 
[component_container-11] 	 43.170	   Pose	  0.095	  3.667	  4.975	  0.631
[component_container-11] 	 43.170	  Twist	 -0.333	 -0.342	  0.030	 -0.273
[component_container-11] 	 43.170	ErrPose	 -0.167	 -0.485	 -0.022	 -0.031
[component_container-11] 	 43.170	ErrTwis	 -0.867	 -0.174	 -0.023	 -0.005
[component_container-11] 	 43.170	    GPS	  0.025	  3.186	  4.955	     --
[component_container-11] 	 43.170	   Baro	     --	     --	  5.303	     --
[component_container-11] 	 43.170	  BBias	     --	     --	  0.311	     --
[component_container-11] 	 43.170	  Sonar	     --	     --	  2.470	     --
[component_container-11] 	 43.170	  Magnt	     --	     --	     --	  0.602
[component_container-11] 
[component_container-11] 	 43.200	   Pose	  0.085	  3.657	  4.975	  0.623
[component_container-11] 	 43.200	  Twist	 -0.333	 -0.338	  0.032	 -0.278
[component_container-11] 	 43.200	ErrPose	 -0.184	 -0.519	 -0.023	 -0.035
[component_container-11] 	 43.200	ErrTwis	 -0.861	 -0.188	 -0.020	 -0.001
[component_container-11] 	 43.200	    GPS	  0.025	  3.186	  4.955	     --
[component_container-11] 	 43.200	   Baro	     --	     --	  5.303	     --
[component_container-11] 	 43.200	  BBias	     --	     --	  0.311	     --
[component_container-11] 	 43.200	  Sonar	     --	     --	  2.470	     --
[component_container-11] 	 43.200	  Magnt	     --	     --	     --	  0.602
[component_container-11] 
[component_container-11] 	 43.240	   Pose	  0.071	  3.643	  4.971	  0.612
[component_container-11] 	 43.240	  Twist	 -0.332	 -0.332	  0.032	 -0.273
[component_container-11] 	 43.240	ErrPose	 -0.199	 -0.550	 -0.019	 -0.035
[component_container-11] 	 43.240	ErrTwis	 -0.856	 -0.204	 -0.020	 -0.005
[component_container-11] 	 43.240	    GPS	  0.025	  3.186	  4.955	     --
[component_container-11] 	 43.240	   Baro	     --	     --	  5.218	     --
[component_container-11] 	 43.240	  BBias	     --	     --	  0.311	     --
[component_container-11] 	 43.240	  Sonar	     --	     --	  2.406	     --
[component_container-11] 	 43.240	  Magnt	     --	     --	     --	  0.631
[component_container-11] 
[component_container-11] 	 43.270	   Pose	  0.061	  3.633	  4.963	  0.604
[component_container-11] 	 43.270	  Twist	 -0.331	 -0.326	  0.026	 -0.282
[component_container-11] 	 43.270	ErrPose	 -0.203	 -0.562	 -0.011	 -0.032
[component_container-11] 	 43.270	ErrTwis	 -0.853	 -0.215	 -0.017	  0.004
[component_container-11] 	 43.270	    GPS	  0.025	  3.186	  4.955	     --
[component_container-11] 	 43.270	   Baro	     --	     --	  5.180	     --
[component_container-11] 	 43.270	  BBias	     --	     --	  0.311	     --
[component_container-11] 	 43.270	  Sonar	     --	     --	    inf	     --
[component_container-11] 	 43.270	  Magnt	     --	     --	     --	  0.614
[component_container-11] 
[component_container-11] 	 43.300	   Pose	  0.051	  3.624	  4.964	  0.596
[component_container-11] 	 43.300	  Twist	 -0.330	 -0.322	  0.029	 -0.269
[component_container-11] 	 43.300	ErrPose	 -0.220	 -0.596	 -0.012	 -0.035
[component_container-11] 	 43.300	ErrTwis	 -0.846	 -0.228	 -0.021	 -0.010
[component_container-11] 	 43.300	    GPS	  0.025	  3.186	  4.955	     --
[component_container-11] 	 43.300	   Baro	     --	     --	  5.180	     --
[component_container-11] 	 43.300	  BBias	     --	     --	  0.311	     --
[component_container-11] 	 43.300	  Sonar	     --	     --	    inf	     --
[component_container-11] 	 43.300	  Magnt	     --	     --	     --	  0.614
[component_container-11] 
[component_container-11] 	 43.340	   Pose	  0.038	  3.611	  4.951	  0.584
[component_container-11] 	 43.340	  Twist	 -0.329	 -0.315	  0.019	 -0.263
[component_container-11] 	 43.340	ErrPose	 -0.235	 -0.627	  0.001	 -0.035
[component_container-11] 	 43.340	ErrTwis	 -0.838	 -0.244	 -0.006	 -0.015
[component_container-11] 	 43.340	    GPS	  0.025	  3.186	  4.955	     --
[component_container-11] 	 43.340	   Baro	     --	     --	  5.114	     --
[component_container-11] 	 43.340	  BBias	     --	     --	  0.311	     --
[component_container-11] 	 43.340	  Sonar	     --	     --	    inf	     --
[component_container-11] 	 43.340	  Magnt	     --	     --	     --	  0.561
[component_container-11] 
[component_container-11] 	 43.370	   Pose	  0.028	  3.602	  4.948	  0.576
[component_container-11] 	 43.370	  Twist	 -0.328	 -0.311	  0.019	 -0.274
[component_container-11] 	 43.370	ErrPose	 -0.239	 -0.640	  0.005	 -0.032
[component_container-11] 	 43.370	ErrTwis	 -0.834	 -0.253	 -0.006	 -0.004
[component_container-11] 	 43.370	    GPS	  0.025	  3.186	  4.955	     --
[component_container-11] 	 43.370	   Baro	     --	     --	  5.216	     --
[component_container-11] 	 43.370	  BBias	     --	     --	  0.311	     --
[component_container-11] 	 43.370	  Sonar	     --	     --	    inf	     --
[component_container-11] 	 43.370	  Magnt	     --	     --	     --	  0.579
[component_container-11] 
[component_container-11] 	 43.400	   Pose	  0.019	  3.592	  4.948	  0.568
[component_container-11] 	 43.400	  Twist	 -0.327	 -0.306	  0.023	 -0.264
[component_container-11] 	 43.400	ErrPose	 -0.256	 -0.674	  0.005	 -0.035
[component_container-11] 	 43.400	ErrTwis	 -0.826	 -0.267	 -0.012	 -0.015
[component_container-11] 	 43.400	    GPS	  0.025	  3.186	  4.955	     --
[component_container-11] 	 43.400	   Baro	     --	     --	  5.216	     --
[component_container-11] 	 43.400	  BBias	     --	     --	  0.311	     --
[component_container-11] 	 43.400	  Sonar	     --	     --	    inf	     --
[component_container-11] 	 43.400	  Magnt	     --	     --	     --	  0.579
[component_container-11] 
[component_container-11] 	 43.440	   Pose	  0.006	  3.580	  4.951	  0.556
[component_container-11] 	 43.440	  Twist	 -0.325	 -0.300	  0.031	 -0.275
[component_container-11] 	 43.440	ErrPose	 -0.270	 -0.705	  0.002	 -0.035
[component_container-11] 	 43.440	ErrTwis	 -0.815	 -0.283	 -0.020	 -0.003
[component_container-11] 	 43.440	    GPS	  0.025	  3.186	  4.955	     --
[component_container-11] 	 43.440	   Baro	     --	     --	  5.279	     --
[component_container-11] 	 43.440	  BBias	     --	     --	  0.311	     --
[component_container-11] 	 43.440	  Sonar	     --	     --	    inf	     --
[component_container-11] 	 43.440	  Magnt	     --	     --	     --	  0.513
[component_container-11] 
[component_container-11] 	 43.470	   Pose	 -0.004	  3.571	  4.943	  0.546
[component_container-11] 	 43.470	  Twist	 -0.325	 -0.296	  0.025	 -0.273
[component_container-11] 	 43.470	ErrPose	 -0.274	 -0.717	  0.011	 -0.030
[component_container-11] 	 43.470	ErrTwis	 -0.809	 -0.291	 -0.011	 -0.005
[component_container-11] 	 43.470	    GPS	  0.025	  3.186	  4.955	     --
[component_container-11] 	 43.470	   Baro	     --	     --	  5.161	     --
[component_container-11] 	 43.470	  BBias	     --	     --	  0.311	     --
[component_container-11] 	 43.470	  Sonar	     --	     --	    inf	     --
[component_container-11] 	 43.470	  Magnt	     --	     --	     --	  0.484
[component_container-11] 
[component_container-11] 	 43.500	   Pose	 -0.014	  3.563	  4.944	  0.538
[component_container-11] 	 43.500	  Twist	 -0.325	 -0.291	  0.028	 -0.267
[component_container-11] 	 43.500	ErrPose	 -0.292	 -0.751	  0.011	 -0.034
[component_container-11] 	 43.500	ErrTwis	 -0.797	 -0.305	 -0.010	 -0.012
[component_container-11] 	 43.500	    GPS	  0.025	  3.186	  4.955	     --
[component_container-11] 	 43.500	   Baro	     --	     --	  5.161	     --
[component_container-11] 	 43.500	  BBias	     --	     --	  0.311	     --
[component_container-11] 	 43.500	  Sonar	     --	     --	    inf	     --
[component_container-11] 	 43.500	  Magnt	     --	     --	     --	  0.484
[component_container-11] 
[component_container-11] [INFO] [1775370765.742090623] [drone.estimator]: TMP LOG gps innov_xy=(-0.352, -0.718) est_xy=(-0.017, 3.560) gps_xy=(-0.369, 2.841) corr_xy=(-0.369, 2.841) vel_xy=(-0.324, -0.290)
[component_container-11] [INFO] [1775370765.742205441] [drone.estimator]: TMP LOG gps vel pseudo raw=(-0.788, -0.689) filt=(-0.771, -0.713) innov_v=(-0.396, -0.319) apply=(1,1)
[component_container-11] 	 43.540	   Pose	 -0.198	  3.276	  4.953	  0.528
[component_container-11] 	 43.540	  Twist	 -0.451	 -0.451	  0.041	 -0.260
[component_container-11] 	 43.540	ErrPose	 -0.134	 -0.507	  0.003	 -0.034
[component_container-11] 	 43.540	ErrTwis	 -0.658	 -0.155	 -0.023	 -0.019
[component_container-11] 	 43.540	    GPS	 -0.369	  2.841	  4.955	     --
[component_container-11] 	 43.540	   Baro	     --	     --	  5.328	     --
[component_container-11] 	 43.540	  BBias	     --	     --	  0.311	     --
[component_container-11] 	 43.540	  Sonar	     --	     --	    inf	     --
[component_container-11] 	 43.540	  Magnt	     --	     --	     --	  0.539
[component_container-11] 
[component_container-11] 	 43.570	   Pose	 -0.212	  3.262	  4.947	  0.519
[component_container-11] 	 43.570	  Twist	 -0.449	 -0.446	  0.037	 -0.279
[component_container-11] 	 43.570	ErrPose	 -0.134	 -0.515	  0.010	 -0.031
[component_container-11] 	 43.570	ErrTwis	 -0.653	 -0.164	 -0.021	  0.000
[component_container-11] 	 43.570	    GPS	 -0.369	  2.841	  4.955	     --
[component_container-11] 	 43.570	   Baro	     --	     --	  5.172	     --
[component_container-11] 	 43.570	  BBias	     --	     --	  0.311	     --
[component_container-11] 	 43.570	  Sonar	     --	     --	    inf	     --
[component_container-11] 	 43.570	  Magnt	     --	     --	     --	  0.513
[component_container-11] 
[component_container-11] 	 43.600	   Pose	 -0.225	  3.249	  4.948	  0.511
[component_container-11] 	 43.600	  Twist	 -0.448	 -0.441	  0.041	 -0.282
[component_container-11] 	 43.600	ErrPose	 -0.147	 -0.544	  0.009	 -0.034
[component_container-11] 	 43.600	ErrTwis	 -0.639	 -0.178	 -0.023	  0.004
[component_container-11] 	 43.600	    GPS	 -0.369	  2.841	  4.955	     --
[component_container-11] 	 43.600	   Baro	     --	     --	  5.172	     --
[component_container-11] 	 43.600	  BBias	     --	     --	  0.311	     --
[component_container-11] 	 43.600	  Sonar	     --	     --	    inf	     --
[component_container-11] 	 43.600	  Magnt	     --	     --	     --	  0.513
[component_container-11] 
[component_container-11] 	 43.640	   Pose	 -0.243	  3.232	  4.950	  0.499
[component_container-11] 	 43.640	  Twist	 -0.448	 -0.435	  0.045	 -0.276
[component_container-11] 	 43.640	ErrPose	 -0.156	 -0.568	  0.008	 -0.034
[component_container-11] 	 43.640	ErrTwis	 -0.623	 -0.193	 -0.022	 -0.003
[component_container-11] 	 43.640	    GPS	 -0.369	  2.841	  4.955	     --
[component_container-11] 	 43.640	   Baro	     --	     --	  5.265	     --
[component_container-11] 	 43.640	  BBias	     --	     --	  0.311	     --
[component_container-11] 	 43.640	  Sonar	     --	     --	    inf	     --
[component_container-11] 	 43.640	  Magnt	     --	     --	     --	  0.473
[component_container-11] 
[component_container-11] 	 43.670	   Pose	 -0.257	  3.219	  4.950	  0.491
[component_container-11] 	 43.670	  Twist	 -0.448	 -0.430	  0.047	 -0.279
[component_container-11] 	 43.670	ErrPose	 -0.155	 -0.576	  0.009	 -0.031
[component_container-11] 	 43.670	ErrTwis	 -0.615	 -0.202	 -0.023	 -0.000
[component_container-11] 	 43.670	    GPS	 -0.369	  2.841	  4.955	     --
[component_container-11] 	 43.670	   Baro	     --	     --	  5.241	     --
[component_container-11] 	 43.670	  BBias	     --	     --	  0.311	     --
[component_container-11] 	 43.670	  Sonar	     --	     --	    inf	     --
[component_container-11] 	 43.670	  Magnt	     --	     --	     --	  0.479
[component_container-11] 
[component_container-11] 	 43.700	   Pose	 -0.270	  3.206	  4.951	  0.483
[component_container-11] 	 43.700	  Twist	 -0.447	 -0.425	  0.049	 -0.269
[component_container-11] 	 43.700	ErrPose	 -0.168	 -0.604	  0.009	 -0.033
[component_container-11] 	 43.700	ErrTwis	 -0.601	 -0.216	 -0.028	 -0.011
[component_container-11] 	 43.700	    GPS	 -0.369	  2.841	  4.955	     --
[component_container-11] 	 43.700	   Baro	     --	     --	  5.241	     --
[component_container-11] 	 43.700	  BBias	     --	     --	  0.311	     --
[component_container-11] 	 43.700	  Sonar	     --	     --	    inf	     --
[component_container-11] 	 43.700	  Magnt	     --	     --	     --	  0.479
[component_container-11] 
[component_container-11] 	 43.740	   Pose	 -0.288	  3.189	  4.940	  0.470
[component_container-11] 	 43.740	  Twist	 -0.445	 -0.418	  0.040	 -0.253
[component_container-11] 	 43.740	ErrPose	 -0.175	 -0.629	  0.022	 -0.032
[component_container-11] 	 43.740	ErrTwis	 -0.584	 -0.233	 -0.017	 -0.026
[component_container-11] 	 43.740	    GPS	 -0.369	  2.841	  4.955	     --
[component_container-11] 	 43.740	   Baro	     --	     --	  5.107	     --
[component_container-11] 	 43.740	  BBias	     --	     --	  0.311	     --
[component_container-11] 	 43.740	  Sonar	     --	     --	    inf	     --
[component_container-11] 	 43.740	  Magnt	     --	     --	     --	  0.409
[component_container-11] 
[component_container-11] 	 43.770	   Pose	 -0.301	  3.177	  4.934	  0.461
[component_container-11] 	 43.770	  Twist	 -0.444	 -0.414	  0.034	 -0.270
[component_container-11] 	 43.770	ErrPose	 -0.174	 -0.637	  0.029	 -0.029
[component_container-11] 	 43.770	ErrTwis	 -0.575	 -0.241	 -0.008	 -0.009
[component_container-11] 	 43.770	    GPS	 -0.369	  2.841	  4.955	     --
[component_container-11] 	 43.770	   Baro	     --	     --	  5.164	     --
[component_container-11] 	 43.770	  BBias	     --	     --	  0.311	     --
[component_container-11] 	 43.770	  Sonar	     --	     --	    inf	     --
[component_container-11] 	 43.770	  Magnt	     --	     --	     --	  0.429
[component_container-11] 
[component_container-11] 	 43.800	   Pose	 -0.315	  3.164	  4.935	  0.453
[component_container-11] 	 43.800	  Twist	 -0.444	 -0.410	  0.038	 -0.280
[component_container-11] 	 43.800	ErrPose	 -0.186	 -0.665	  0.029	 -0.032
[component_container-11] 	 43.800	ErrTwis	 -0.558	 -0.255	 -0.008	  0.001
[component_container-11] 	 43.800	    GPS	 -0.369	  2.841	  4.955	     --
[component_container-11] 	 43.800	   Baro	     --	     --	  5.164	     --
[component_container-11] 	 43.800	  BBias	     --	     --	  0.311	     --
[component_container-11] 	 43.800	  Sonar	     --	     --	    inf	     --
[component_container-11] 	 43.800	  Magnt	     --	     --	     --	  0.429
[component_container-11] 
[component_container-11] 	 43.840	   Pose	 -0.332	  3.148	  4.935	  0.441
[component_container-11] 	 43.840	  Twist	 -0.442	 -0.403	  0.041	 -0.261
[component_container-11] 	 43.840	ErrPose	 -0.193	 -0.689	  0.031	 -0.031
[component_container-11] 	 43.840	ErrTwis	 -0.542	 -0.271	 -0.013	 -0.018
[component_container-11] 	 43.840	    GPS	 -0.369	  2.841	  4.955	     --
[component_container-11] 	 43.840	   Baro	     --	     --	  5.229	     --
[component_container-11] 	 43.840	  BBias	     --	     --	  0.311	     --
[component_container-11] 	 43.840	  Sonar	     --	     --	    inf	     --
[component_container-11] 	 43.840	  Magnt	     --	     --	     --	  0.377
[component_container-11] 
[component_container-11] 	 43.870	   Pose	 -0.345	  3.136	  4.942	  0.432
[component_container-11] 	 43.870	  Twist	 -0.442	 -0.398	  0.050	 -0.266
[component_container-11] 	 43.870	ErrPose	 -0.192	 -0.698	  0.025	 -0.028
[component_container-11] 	 43.870	ErrTwis	 -0.532	 -0.281	 -0.023	 -0.013
[component_container-11] 	 43.870	    GPS	 -0.369	  2.841	  4.955	     --
[component_container-11] 	 43.870	   Baro	     --	     --	  5.309	     --
[component_container-11] 	 43.870	  BBias	     --	     --	  0.311	     --
[component_container-11] 	 43.870	  Sonar	     --	     --	    inf	     --
[component_container-11] 	 43.870	  Magnt	     --	     --	     --	  0.404
[component_container-11] 
[component_container-11] 	 43.900	   Pose	 -0.359	  3.124	  4.943	  0.424
[component_container-11] 	 43.900	  Twist	 -0.441	 -0.393	  0.053	 -0.259
[component_container-11] 	 43.900	ErrPose	 -0.202	 -0.726	  0.025	 -0.031
[component_container-11] 	 43.900	ErrTwis	 -0.512	 -0.295	 -0.022	 -0.019
[component_container-11] 	 43.900	    GPS	 -0.369	  2.841	  4.955	     --
[component_container-11] 	 43.900	   Baro	     --	     --	  5.309	     --
[component_container-11] 	 43.900	  BBias	     --	     --	  0.311	     --
[component_container-11] 	 43.900	  Sonar	     --	     --	    inf	     --
[component_container-11] 	 43.900	  Magnt	     --	     --	     --	  0.404
[component_container-11] 
[component_container-11] 	 43.940	   Pose	 -0.376	  3.108	  4.957	  0.414
[component_container-11] 	 43.940	  Twist	 -0.442	 -0.387	  0.069	 -0.257
[component_container-11] 	 43.940	ErrPose	 -0.208	 -0.750	  0.013	 -0.032
[component_container-11] 	 43.940	ErrTwis	 -0.492	 -0.310	 -0.034	 -0.022
[component_container-11] 	 43.940	    GPS	 -0.369	  2.841	  4.955	     --
[component_container-11] 	 43.940	   Baro	     --	     --	  5.384	     --
[component_container-11] 	 43.940	  BBias	     --	     --	  0.311	     --
[component_container-11] 	 43.940	  Sonar	     --	     --	    inf	     --
[component_container-11] 	 43.940	  Magnt	     --	     --	     --	  0.441
[component_container-11] 
[component_container-11] 	 43.970	   Pose	 -0.390	  3.097	  4.965	  0.405
[component_container-11] 	 43.970	  Twist	 -0.442	 -0.382	  0.077	 -0.270
[component_container-11] 	 43.970	ErrPose	 -0.206	 -0.758	  0.007	 -0.028
[component_container-11] 	 43.970	ErrTwis	 -0.482	 -0.319	 -0.043	 -0.010
[component_container-11] 	 43.970	    GPS	 -0.369	  2.841	  4.955	     --
[component_container-11] 	 43.970	   Baro	     --	     --	  5.328	     --
[component_container-11] 	 43.970	  BBias	     --	     --	  0.311	     --
[component_container-11] 	 43.970	  Sonar	     --	     --	    inf	     --
[component_container-11] 	 43.970	  Magnt	     --	     --	     --	  0.365
[component_container-11] 
[component_container-11] 	 44.000	   Pose	 -0.403	  3.086	  4.967	  0.397
[component_container-11] 	 44.000	  Twist	 -0.441	 -0.378	  0.079	 -0.261
[component_container-11] 	 44.000	ErrPose	 -0.216	 -0.787	  0.006	 -0.031
[component_container-11] 	 44.000	ErrTwis	 -0.461	 -0.332	 -0.046	 -0.019
[component_container-11] 	 44.000	    GPS	 -0.369	  2.841	  4.955	     --
[component_container-11] 	 44.000	   Baro	     --	     --	  5.328	     --
[component_container-11] 	 44.000	  BBias	     --	     --	  0.311	     --
[component_container-11] 	 44.000	  Sonar	     --	     --	    inf	     --
[component_container-11] 	 44.000	  Magnt	     --	     --	     --	  0.365
[component_container-11] 
[component_container-11] 	 44.040	   Pose	 -0.543	  2.700	  4.970	  0.385
[component_container-11] 	 44.040	  Twist	 -0.518	 -0.621	  0.081	 -0.277
[component_container-11] 	 44.040	ErrPose	 -0.098	 -0.441	  0.005	 -0.031
[component_container-11] 	 44.040	ErrTwis	 -0.362	 -0.097	 -0.046	 -0.002
[component_container-11] 	 44.040	    GPS	 -0.700	  2.233	  4.974	     --
[component_container-11] 	 44.040	   Baro	     --	     --	  5.264	     --
[component_container-11] 	 44.040	  BBias	     --	     --	  0.311	     --
[component_container-11] 	 44.040	  Sonar	     --	     --	    inf	     --
[component_container-11] 	 44.040	  Magnt	     --	     --	     --	  0.361
[component_container-11] 
[component_container-11] [INFO] [1775370766.281769646] [drone.estimator]: TMP LOG err_xyz=(-0.098, -0.441, 0.005) | z_est=4.970 vz_est=0.081 bias=0.311 | gps_z=4.974 sonar=inf baro=5.264
[component_container-11] 	 44.070	   Pose	 -0.558	  2.682	  4.981	  0.376
[component_container-11] 	 44.070	  Twist	 -0.519	 -0.616	  0.089	 -0.284
[component_container-11] 	 44.070	ErrPose	 -0.093	 -0.442	 -0.004	 -0.028
[component_container-11] 	 44.070	ErrTwis	 -0.351	 -0.105	 -0.053	  0.005
[component_container-11] 	 44.070	    GPS	 -0.700	  2.233	  4.974	     --
[component_container-11] 	 44.070	   Baro	     --	     --	  5.384	     --
[component_container-11] 	 44.070	  BBias	     --	     --	  0.311	     --
[component_container-11] 	 44.070	  Sonar	     --	     --	    inf	     --
[component_container-11] 	 44.070	  Magnt	     --	     --	     --	  0.376
[component_container-11] 
[component_container-11] 	 44.100	   Pose	 -0.574	  2.663	  4.984	  0.368
[component_container-11] 	 44.100	  Twist	 -0.519	 -0.612	  0.092	 -0.298
[component_container-11] 	 44.100	ErrPose	 -0.099	 -0.462	 -0.005	 -0.031
[component_container-11] 	 44.100	ErrTwis	 -0.330	 -0.117	 -0.055	  0.019
[component_container-11] 	 44.100	    GPS	 -0.700	  2.233	  4.974	     --
[component_container-11] 	 44.100	   Baro	     --	     --	  5.384	     --
[component_container-11] 	 44.100	  BBias	     --	     --	  0.311	     --
[component_container-11] 	 44.100	  Sonar	     --	     --	    inf	     --
[component_container-11] 	 44.100	  Magnt	     --	     --	     --	  0.376
[component_container-11] 
[component_container-11] [INFO] [1775370766.341667610] [drone.controller]: cmd_vel body=(-0.590, -0.808, -0.009) yaw=-0.300 | odom_received=true | plan_points=54
[component_container-11] 	 44.140	   Pose	 -0.595	  2.639	  4.982	  0.356
[component_container-11] 	 44.140	  Twist	 -0.518	 -0.606	  0.088	 -0.271
[component_container-11] 	 44.140	ErrPose	 -0.099	 -0.476	 -0.001	 -0.029
[component_container-11] 	 44.140	ErrTwis	 -0.308	 -0.130	 -0.054	 -0.009
[component_container-11] 	 44.140	    GPS	 -0.700	  2.233	  4.974	     --
[component_container-11] 	 44.140	   Baro	     --	     --	  5.226	     --
[component_container-11] 	 44.140	  BBias	     --	     --	  0.311	     --
[component_container-11] 	 44.140	  Sonar	     --	     --	    inf	     --
[component_container-11] 	 44.140	  Magnt	     --	     --	     --	  0.304
[component_container-11] 
[component_container-11] 	 44.170	   Pose	 -0.610	  2.621	  4.994	  0.346
[component_container-11] 	 44.170	  Twist	 -0.518	 -0.601	  0.101	 -0.275
[component_container-11] 	 44.170	ErrPose	 -0.094	 -0.477	 -0.012	 -0.025
[component_container-11] 	 44.170	ErrTwis	 -0.297	 -0.139	 -0.066	 -0.004
[component_container-11] 	 44.170	    GPS	 -0.700	  2.233	  4.974	     --
[component_container-11] 	 44.170	   Baro	     --	     --	  5.408	     --
[component_container-11] 	 44.170	  BBias	     --	     --	  0.311	     --
[component_container-11] 	 44.170	  Sonar	     --	     --	    inf	     --
[component_container-11] 	 44.170	  Magnt	     --	     --	     --	  0.265
[component_container-11] 
[component_container-11] 	 44.200	   Pose	 -0.626	  2.603	  4.997	  0.337
[component_container-11] 	 44.200	  Twist	 -0.517	 -0.597	  0.101	 -0.267
[component_container-11] 	 44.200	ErrPose	 -0.099	 -0.497	 -0.013	 -0.028
[component_container-11] 	 44.200	ErrTwis	 -0.274	 -0.150	 -0.063	 -0.013
[component_container-11] 	 44.200	    GPS	 -0.700	  2.233	  4.974	     --
[component_container-11] 	 44.200	   Baro	     --	     --	  5.408	     --
[component_container-11] 	 44.200	  BBias	     --	     --	  0.311	     --
[component_container-11] 	 44.200	  Sonar	     --	     --	    inf	     --
[component_container-11] 	 44.200	  Magnt	     --	     --	     --	  0.265
[component_container-11] 
[component_container-11] 	 44.240	   Pose	 -0.646	  2.579	  4.989	  0.326
[component_container-11] 	 44.240	  Twist	 -0.518	 -0.590	  0.092	 -0.263
[component_container-11] 	 44.240	ErrPose	 -0.098	 -0.512	 -0.002	 -0.028
[component_container-11] 	 44.240	ErrTwis	 -0.250	 -0.164	 -0.052	 -0.016
[component_container-11] 	 44.240	    GPS	 -0.700	  2.233	  4.974	     --
[component_container-11] 	 44.240	   Baro	     --	     --	  5.166	     --
[component_container-11] 	 44.240	  BBias	     --	     --	  0.311	     --
[component_container-11] 	 44.240	  Sonar	     --	     --	    inf	     --
[component_container-11] 	 44.240	  Magnt	     --	     --	     --	  0.309
[component_container-11] 
[component_container-11] 	 44.270	   Pose	 -0.662	  2.562	  4.987	  0.318
[component_container-11] 	 44.270	  Twist	 -0.517	 -0.585	  0.088	 -0.297
[component_container-11] 	 44.270	ErrPose	 -0.092	 -0.513	  0.001	 -0.025
[component_container-11] 	 44.270	ErrTwis	 -0.240	 -0.172	 -0.049	  0.018
[component_container-11] 	 44.270	    GPS	 -0.700	  2.233	  4.974	     --
[component_container-11] 	 44.270	   Baro	     --	     --	  5.244	     --
[component_container-11] 	 44.270	  BBias	     --	     --	  0.311	     --
[component_container-11] 	 44.270	  Sonar	     --	     --	    inf	     --
[component_container-11] 	 44.270	  Magnt	     --	     --	     --	  0.315
[component_container-11] 
[component_container-11] 	 44.300	   Pose	 -0.677	  2.544	  4.989	  0.310
[component_container-11] 	 44.300	  Twist	 -0.516	 -0.581	  0.090	 -0.266
[component_container-11] 	 44.300	ErrPose	 -0.095	 -0.533	  0.000	 -0.028
[component_container-11] 	 44.300	ErrTwis	 -0.218	 -0.183	 -0.052	 -0.013
[component_container-11] 	 44.300	    GPS	 -0.700	  2.233	  4.974	     --
[component_container-11] 	 44.300	   Baro	     --	     --	  5.244	     --
[component_container-11] 	 44.300	  BBias	     --	     --	  0.311	     --
[component_container-11] 	 44.300	  Sonar	     --	     --	    inf	     --
[component_container-11] 	 44.300	  Magnt	     --	     --	     --	  0.315
[component_container-11] 
[component_container-11] 	 44.340	   Pose	 -0.698	  2.521	  4.990	  0.298
[component_container-11] 	 44.340	  Twist	 -0.515	 -0.575	  0.090	 -0.283
[component_container-11] 	 44.340	ErrPose	 -0.092	 -0.547	  0.002	 -0.028
[component_container-11] 	 44.340	ErrTwis	 -0.194	 -0.195	 -0.049	  0.004
[component_container-11] 	 44.340	    GPS	 -0.700	  2.233	  4.974	     --
[component_container-11] 	 44.340	   Baro	     --	     --	  5.270	     --
[component_container-11] 	 44.340	  BBias	     --	     --	  0.311	     --
[component_container-11] 	 44.340	  Sonar	     --	     --	    inf	     --
[component_container-11] 	 44.340	  Magnt	     --	     --	     --	  0.292
[component_container-11] 
[component_container-11] 	 44.370	   Pose	 -0.713	  2.504	  4.996	  0.290
[component_container-11] 	 44.370	  Twist	 -0.516	 -0.572	  0.095	 -0.272
[component_container-11] 	 44.370	ErrPose	 -0.086	 -0.548	 -0.003	 -0.025
[component_container-11] 	 44.370	ErrTwis	 -0.182	 -0.202	 -0.052	 -0.008
[component_container-11] 	 44.370	    GPS	 -0.700	  2.233	  4.974	     --
[component_container-11] 	 44.370	   Baro	     --	     --	  5.340	     --
[component_container-11] 	 44.370	  BBias	     --	     --	  0.311	     --
[component_container-11] 	 44.370	  Sonar	     --	     --	    inf	     --
[component_container-11] 	 44.370	  Magnt	     --	     --	     --	  0.287
[component_container-11] 
[component_container-11] 	 44.400	   Pose	 -0.729	  2.487	  4.999	  0.282
[component_container-11] 	 44.400	  Twist	 -0.516	 -0.567	  0.097	 -0.270
[component_container-11] 	 44.400	ErrPose	 -0.088	 -0.568	 -0.004	 -0.028
[component_container-11] 	 44.400	ErrTwis	 -0.159	 -0.212	 -0.054	 -0.010
[component_container-11] 	 44.400	    GPS	 -0.700	  2.233	  4.974	     --
[component_container-11] 	 44.400	   Baro	     --	     --	  5.340	     --
[component_container-11] 	 44.400	  BBias	     --	     --	  0.311	     --
[component_container-11] 	 44.400	  Sonar	     --	     --	    inf	     --
[component_container-11] 	 44.400	  Magnt	     --	     --	     --	  0.287
[component_container-11] 
[component_container-11] 	 44.440	   Pose	 -0.749	  2.464	  5.010	  0.270
[component_container-11] 	 44.440	  Twist	 -0.514	 -0.561	  0.105	 -0.268
[component_container-11] 	 44.440	ErrPose	 -0.084	 -0.583	 -0.013	 -0.027
[component_container-11] 	 44.440	ErrTwis	 -0.136	 -0.224	 -0.063	 -0.012
[component_container-11] 	 44.440	    GPS	 -0.700	  2.233	  4.974	     --
[component_container-11] 	 44.440	   Baro	     --	     --	  5.388	     --
[component_container-11] 	 44.440	  BBias	     --	     --	  0.311	     --
[component_container-11] 	 44.440	  Sonar	     --	     --	    inf	     --
[component_container-11] 	 44.440	  Magnt	     --	     --	     --	  0.237
[component_container-11] 
