time_sec,est_x,est_y,est_z,est_yaw,true_x,true_y,true_z,true_yaw,err_x,err_y,err_z,err_yaw
0.000000000,-2.000013701,-2.000013052,0.087882931,0.003558558,-2.000000000,-2.000000000,0.050029904,-0.000000000,0.000013701,0.000013052,-0.037853027,-0.003558558
0.030000000,-2.000070123,-2.000073593,0.061155103,0.011213971,-2.000000000,-2.000000000,0.050069776,-0.000000000,0.000070123,0.000073593,-0.011085327,-0.011213971
0.060000000,-2.000167773,-2.000182823,0.061553566,0.011103971,-2.000000000,-2.000000000,0.050099738,-0.000000000,0.000167773,0.000182823,-0.011453829,-0.011103971
0.100000000,-2.000356779,-2.000406947,0.055631599,0.010382846,-2.000000000,-2.000000000,0.050139732,-0.000000000,0.000356779,0.000406947,-0.005491868,-0.010382846
0.130000000,-2.000554218,-2.000634470,0.071383070,0.004350723,-2.000000000,-2.000000000,0.050169731,-0.000153768,0.000554218,0.000634470,-0.021213339,-0.004504491
0.160000000,-2.000778214,-2.000903121,0.072301497,0.003325723,-1.999999870,-1.999999962,0.050686455,-0.001591795,0.000778344,0.000903158,-0.021615042,-0.004917518
0.200000000,-2.001142097,-2.001328739,0.072101521,-0.003723891,-1.999997468,-1.999999237,0.052571904,-0.005211882,0.001144629,0.001329502,-0.019529617,-0.001487990
0.230000000,-2.001459394,-2.001696084,0.068811610,-0.003715150,-1.999992405,-1.999997524,0.054860379,-0.008996513,0.001466989,0.001698560,-0.013951230,-0.005281363
0.260000000,-2.001815095,-2.002103787,0.072119739,-0.008417650,-1.999984567,-1.999994110,0.057980376,-0.013645692,0.001830528,0.002109677,-0.014139363,-0.005228042
0.300000000,-2.002358446,-2.002714708,0.078604299,-0.016425649,-1.999972297,-1.999986720,0.063175688,-0.020774217,0.002386149,0.002727988,-0.015428610,-0.004348568
0.330000000,-2.002817352,-2.003242994,0.077689195,-0.019299529,-1.999961138,-1.999978649,0.067799999,-0.026699187,0.002856213,0.003264345,-0.009889196,-0.007399658
0.360000000,-2.003323240,-2.003811402,0.083082185,-0.025827029,-1.999946151,-1.999967899,0.073098165,-0.033088786,0.003377089,0.003843503,-0.009984020,-0.007261757
0.400000000,-2.004075066,-2.004645664,0.088145135,-0.037406107,-1.999921136,-1.999950364,0.080994693,-0.042106395,0.004153929,0.004695301,-0.007150442,-0.004700288
0.430000000,-2.004702882,-2.005323321,0.083524607,-0.043986210,-1.999899963,-1.999934973,0.087502110,-0.049179445,0.004802919,0.005388347,0.003977502,-0.005193235
0.460000000,-2.005385033,-2.006036437,0.090003497,-0.051471210,-1.999876626,-1.999917153,0.094552375,-0.056501341,0.005508407,0.006119284,0.004548878,-0.005030132
0.500000000,-1.984793994,-1.970841264,0.096301209,-0.062285651,-1.999840608,-1.999889836,0.104625139,-0.066530607,-0.015046614,-0.029048572,0.008323930,-0.004244956
0.530000000,-1.985156725,-1.970946746,0.108300831,-0.071925899,-1.999809457,-1.999866673,0.112653488,-0.074218147,-0.014652732,-0.028919927,0.004352657,-0.002292248
0.560000000,-1.985565198,-1.971100938,0.116536675,-0.080115899,-1.999775446,-1.999840915,0.121123319,-0.082038372,-0.014210248,-0.028739977,0.004586644,-0.001922473
0.600000000,-1.986169024,-1.971352533,0.124591040,-0.089912771,-1.999728196,-1.999806066,0.132964029,-0.092608417,-0.013559172,-0.028453532,0.008372990,-0.002695645
0.630000000,-1.986689944,-1.971587214,0.139506127,-0.098150907,-1.999691428,-1.999785122,0.142230826,-0.100624479,-0.013001484,-0.028197909,0.002724699,-0.002473572
0.660000000,-1.987247715,-1.971862548,0.149285498,-0.106353407,-1.999652734,-1.999779428,0.151859501,-0.108710454,-0.012405019,-0.027916880,0.002574003,-0.002357046
0.700000000,-1.988048553,-1.972297486,0.166291399,-0.118971826,-1.999599429,-1.999805166,0.165148458,-0.119567596,-0.011550877,-0.027507680,-0.001142941,-0.000595770
0.730000000,-1.988713430,-1.972666794,0.177605964,-0.126091968,-1.999559902,-1.999854254,0.175432862,-0.127757785,-0.010846472,-0.027187460,-0.002173101,-0.001665817
0.760000000,-1.989440367,-1.973076677,0.188758893,-0.134621968,-1.999522436,-1.999933899,0.186013294,-0.135985101,-0.010082069,-0.026857222,-0.002745599,-0.001363132
0.800000000,-1.990495435,-1.973692717,0.203239081,-0.146856823,-1.999474539,-2.000076780,0.200489946,-0.146994176,-0.008979104,-0.026384064,-0.002749135,-0.000137354
0.830000000,-1.991350733,-1.974193888,0.207154194,-0.154995394,-1.999438859,-2.000207473,0.211608830,-0.155276178,-0.008088126,-0.026013585,0.004454636,-0.000280784
0.860000000,-1.992259553,-1.974732067,0.218616240,-0.163582894,-1.999402956,-2.000356694,0.222971324,-0.163578618,-0.007143403,-0.025624628,0.004355085,0.000004275
0.900000000,-1.993548591,-1.975498419,0.238522181,-0.174511387,-1.999355865,-2.000574318,0.238424471,-0.174670086,-0.005807274,-0.025075899,-0.000097710,-0.000158699
0.930000000,-1.994586413,-1.976099598,0.253324802,-0.183710810,-1.999321375,-2.000748482,0.250228768,-0.183002031,-0.004734961,-0.024648884,-0.003096034,0.000708779
0.960000000,-1.995676894,-1.976710670,0.266073012,-0.192163310,-1.999286545,-2.000931099,0.262233379,-0.191344833,-0.003609652,-0.024220429,-0.003839633,0.000818477
1.000000000,-2.160761806,-1.956858556,0.281799291,-0.203497216,-1.999237953,-2.001183445,0.278489077,-0.202480315,0.161523853,-0.044324889,-0.003310215,0.001016902
1.030000000,-2.164447597,-1.957239427,0.289846627,-0.212052204,-1.999200093,-2.001377843,0.290857495,-0.210838528,0.165247503,-0.044138416,0.001010868,0.001213676
1.060000000,-2.168187385,-1.957662437,0.302790299,-0.220884704,-1.999161708,-2.001575521,0.303393898,-0.219200020,0.169025677,-0.043913084,0.000603599,0.001684684
1.100000000,-2.173241773,-1.958266096,0.315745948,-0.230809733,-1.999103614,-2.001840582,0.320319759,-0.230354561,0.174138159,-0.043574486,0.004573811,0.000455172
1.130000000,-2.177098529,-1.958748773,0.334714513,-0.239988133,-1.999044586,-2.002037853,0.333165576,-0.238723628,0.178053943,-0.043289079,-0.001548937,0.001264505
1.160000000,-2.180996281,-1.959266812,0.348383573,-0.248595633,-1.998959775,-2.002228280,0.346152840,-0.247094896,0.182036506,-0.042961468,-0.002230733,0.001500738
1.200000000,-2.186277886,-1.959998481,0.366024106,-0.259532313,-1.998813073,-2.002463143,0.363647604,-0.258260342,0.187464813,-0.042464662,-0.002376502,0.001271971
1.230000000,-2.190309861,-1.960584330,0.382451871,-0.267889770,-1.998682392,-2.002619867,0.376896292,-0.266638796,0.191627470,-0.042035537,-0.005555579,0.001250975
1.260000000,-2.194403939,-1.961201942,0.396727396,-0.276617270,-1.998528773,-2.002755986,0.390262450,-0.275022160,0.195875166,-0.041554044,-0.006464946,0.001595110
1.300000000,-2.199966265,-1.962081503,0.417905551,-0.288679509,-1.998281731,-2.002913760,0.408233620,-0.286200635,0.201684535,-0.040832257,-0.009671931,0.002478874
1.330000000,-2.204211488,-1.962774114,0.430992147,-0.297719525,-1.998063153,-2.003015939,0.421815561,-0.294583510,0.206148335,-0.040241825,-0.009176586,0.003136016
1.360000000,-2.208515639,-1.963485858,0.445770237,-0.306272025,-1.997817660,-2.003101485,0.435496987,-0.302968456,0.210697979,-0.039615626,-0.010273250,0.003303569
1.400000000,-2.214350036,-1.964467840,0.461990362,-0.317233136,-1.997456991,-2.003193922,0.453859524,-0.314152567,0.216893045,-0.038726082,-0.008130838,0.003080568
1.430000000,-2.218787976,-1.965241277,0.471794222,-0.325215830,-1.997155020,-2.003249554,0.467718889,-0.322541111,0.221632956,-0.038008277,-0.004075334,0.002674718
1.460000000,-2.223274225,-1.966054927,0.486418659,-0.333938330,-1.996815556,-2.003293698,0.481658094,-0.330928085,0.226458669,-0.037238771,-0.004760565,0.003010245
1.500000000,-2.098266406,-1.896758140,0.499045948,-0.346033931,-1.996318562,-2.003335349,0.500344823,-0.342111283,0.101947845,-0.106577209,0.001298875,0.003922648
1.530000000,-2.101217676,-1.896753445,0.511408224,-0.355036140,-1.995917053,-2.003352034,0.514431134,-0.350500270,0.105300624,-0.106598589,0.003022910,0.004535869
1.560000000,-2.104240879,-1.896760326,0.525784505,-0.363643640,-1.995482867,-2.003355829,0.528588376,-0.358883098,0.108758011,-0.106595504,0.002803872,0.004760542
1.600000000,-2.108365726,-1.896791306,0.550098961,-0.374938651,-1.994855379,-2.003356940,0.547552259,-0.370056305,0.113510347,-0.106565634,-0.002546702,0.004882346
1.630000000,-2.111532463,-1.896828624,0.564565895,-0.382911758,-1.994357691,-2.003371064,0.561835013,-0.378433827,0.117174772,-0.106542441,-0.002730882,0.004477931
1.660000000,-2.114727285,-1.896887567,0.583473273,-0.391309258,-1.993852778,-2.003424529,0.576181739,-0.386808768,0.120874507,-0.106536962,-0.007291534,0.004500490
1.700000000,-2.119083093,-1.896984030,0.598691855,-0.401835529,-1.993183187,-2.003584719,0.595388677,-0.397973289,0.125899906,-0.106600688,-0.003303178,0.003862240
1.730000000,-2.122447274,-1.897075393,0.614463243,-0.409612385,-1.992681610,-2.003787176,0.609846340,-0.406351486,0.129765664,-0.106711783,-0.004616902,0.003260899
1.760000000,-2.125870490,-1.897194925,0.629736720,-0.418682385,-1.992179603,-2.004074506,0.624348916,-0.414743730,0.133690887,-0.106879581,-0.005387804,0.003938655
1.800000000,-2.130520757,-1.897400588,0.647942122,-0.430530833,-1.991516337,-2.004555504,0.643744456,-0.425933982,0.139004420,-0.107154916,-0.004197666,0.004596851
1.830000000,-2.134067324,-1.897588794,0.661105450,-0.440375445,-1.991022748,-2.004978174,0.658330123,-0.434320157,0.143044576,-0.107389380,-0.002775327,0.006055288
1.860000000,-2.137672783,-1.897808419,0.676323079,-0.449097945,-1.990521394,-2.005454004,0.672954610,-0.442707804,0.147151389,-0.107645585,-0.003368470,0.006390140
1.900000000,-2.142583390,-1.898128738,0.694894953,-0.461773592,-1.989829825,-2.006149286,0.692499513,-0.453896880,0.152753565,-0.108020548,-0.002395440,0.007876712
1.930000000,-2.146350160,-1.898401456,0.709574596,-0.471083746,-1.989295507,-2.006707313,0.707191574,-0.462288509,0.157054653,-0.108305857,-0.002383022,0.008795237
1.960000000,-2.150182775,-1.898699645,0.724872086,-0.479686246,-1.988749596,-2.007292117,0.721914599,-0.470678044,0.161433179,-0.108592472,-0.002957486,0.009008203
2.000000000,-2.076149748,-1.949166787,0.742046485,-0.492072165,-1.987997802,-2.008103329,0.741583424,-0.481864961,0.088151946,-0.058936542,-0.000463061,0.010207204
2.030000000,-2.079191804,-1.950060830,0.752306745,-0.500137370,-1.987407569,-2.008735080,0.756362894,-0.490256687,0.091784236,-0.058674250,0.004056150,0.009880683
2.060000000,-2.082303859,-1.950976833,0.767282930,-0.508614870,-1.986790521,-2.009385589,0.771164589,-0.498648178,0.095513338,-0.058408756,0.003881658,0.009966692
2.100000000,-2.086523110,-1.952245503,0.775591057,-0.520908952,-1.985943185,-2.010265816,0.790933183,-0.509836597,0.100579925,-0.058020313,0.015342127,0.011072354
2.130000000,-2.089755554,-1.953225801,0.794995138,-0.529625620,-1.985291912,-2.010930219,0.805781118,-0.518228542,0.104463642,-0.057704419,0.010785980,0.011397078
2.160000000,-2.093060595,-1.954231768,0.809730279,-0.538150620,-1.984617041,-2.011599065,0.820652683,-0.526621087,0.108443554,-0.057367297,0.010922405,0.011529533
2.200000000,-2.097558666,-1.955600481,0.827903201,-0.549276479,-1.983677414,-2.012496840,0.840508373,-0.537809399,0.113881253,-0.056896359,0.012605172,0.011467080
2.230000000,-2.101021336,-1.956662901,0.846830274,-0.557495721,-1.982947204,-2.013169407,0.855420426,-0.546200114,0.118074132,-0.056506506,0.008590152,0.011295607
2.260000000,-2.104562141,-1.957738858,0.861969983,-0.566273221,-1.982198132,-2.013834232,0.870351127,-0.554592875,0.122364009,-0.056095374,0.008381144,0.011680347
2.300000000,-2.109391660,-1.959198559,0.878470252,-0.576398758,-1.981167961,-2.014710444,0.890281381,-0.565784674,0.128223699,-0.055511884,0.011811129,0.010614084
2.330000000,-2.113096725,-1.960309443,0.897195750,-0.584582209,-1.980364339,-2.015362495,0.905246081,-0.574176635,0.132732386,-0.055053052,0.008050331,0.010405574
2.360000000,-2.116882236,-1.961431947,0.912553619,-0.593269709,-1.979530659,-2.016006761,0.920224558,-0.582566793,0.137351577,-0.054574814,0.007670938,0.010702915
2.400000000,-2.122034659,-1.962931983,0.938551912,-0.603617420,-1.978389494,-2.016846234,0.940216542,-0.593756735,0.143645165,-0.053914251,0.001664630,0.009860685
2.430000000,-2.125983488,-1.964072350,0.952206303,-0.611723914,-1.977511594,-2.017459824,0.955222289,-0.602151959,0.148471894,-0.053387473,0.003015987,0.009571956
2.460000000,-2.130008845,-1.965215325,0.967995124,-0.620263914,-1.976603616,-2.018061585,0.970242528,-0.610545397,0.153405229,-0.052846261,0.002247404,0.009718517
2.500000000,-2.029931433,-1.877364427,0.988188257,-0.631820538,-1.975350253,-2.018848666,0.990283035,-0.621732265,0.054581180,-0.141484238,0.002094778,0.010088273
2.530000000,-2.032901986,-1.877496292,0.996462588,-0.640488342,-1.974384741,-2.019422264,1.005326013,-0.630123430,0.058517245,-0.141925972,0.008863425,0.010364911
2.560000000,-2.035932239,-1.877633039,1.011843892,-0.648948342,-1.973398470,-2.019975680,1.020386680,-0.638515317,0.062533770,-0.142342641,0.008542787,0.010433025
2.600000000,-2.040081750,-1.877837419,1.038367997,-0.660055191,-1.972053782,-2.020703156,1.040489618,-0.649704146,0.068027968,-0.142865737,0.002121621,0.010351046
2.630000000,-2.043265328,-1.877998221,1.060413270,-0.668507199,-1.971029667,-2.021262814,1.055578676,-0.658094620,0.072235661,-0.143264593,-0.004834594,0.010412578
2.660000000,-2.046488291,-1.878162980,1.076769078,-0.677199699,-1.970015697,-2.021863152,1.070683324,-0.666480376,0.076472594,-0.143700172,-0.006085753,0.010719323
2.700000000,-2.050872429,-1.878369286,1.097503819,-0.688216909,-1.968715448,-2.022746077,1.090837333,-0.677651130,0.082156982,-0.144376791,-0.006666486,0.010565779
2.730000000,-2.054220970,-1.878504029,1.113979261,-0.695325817,-1.967788748,-2.023483706,1.105957754,-0.686020996,0.086432222,-0.144979677,-0.008021507,0.009304820
2.760000000,-2.057641328,-1.878649245,1.130432360,-0.704025817,-1.966906423,-2.024304509,1.121084623,-0.694398857,0.090734905,-0.145655264,-0.009347737,0.009626960
2.800000000,-2.062312647,-1.878868074,1.143094188,-0.716136207,-1.965783194,-2.025499541,1.141259253,-0.705586465,0.096529453,-0.146631466,-0.001834935,0.010549742
2.830000000,-2.065892122,-1.879044175,1.155338280,-0.725115933,-1.964980199,-2.026456520,1.156395943,-0.713975801,0.100911923,-0.147412345,0.001057663,0.011140133
2.860000000,-2.069530584,-1.879237568,1.171040953,-0.733983433,-1.964210484,-2.027460881,1.171534464,-0.722359642,0.105320100,-0.148223313,0.000493510,0.011623791
2.900000000,-2.074475870,-1.879506923,1.191390944,-0.745044415,-1.963210123,-2.028857618,1.191725567,-0.733543365,0.111265747,-0.149350696,0.000334623,0.011501050
2.930000000,-2.078263711,-1.879714067,1.207729475,-0.754321890,-1.962471157,-2.029944180,1.206870798,-0.741935997,0.115792554,-0.150230113,-0.000858677,0.012385893
2.960000000,-2.082119654,-1.879921148,1.214474312,-0.763141890,-1.961743909,-2.031058459,1.222020162,-0.750327871,0.120375745,-0.151137311,0.007545850,0.012814019
3.000000000,-2.044934023,-1.884895408,1.231215396,-0.774934809,-1.960790543,-2.032568412,1.242222455,-0.761514352,0.084143480,-0.147673004,0.011007059,0.013420457
3.030000000,-2.048444560,-1.885158943,1.246910493,-0.782765490,-1.960081113,-2.033718564,1.257377348,-0.769904349,0.088363447,-0.148559622,0.010466854,0.012861141
3.060000000,-2.052025279,-1.885421181,1.260105834,-0.791422990,-1.959368527,-2.034887801,1.272535481,-0.778295594,0.092656752,-0.149466620,0.012429646,0.013127396
3.100000000,-2.056884561,-1.885761330,1.274165164,-0.803656255,-1.958416707,-2.036464456,1.292749599,-0.789484416,0.098467854,-0.150703126,0.018584434,0.014171839
3.130000000,-2.060583420,-1.886011946,1.290110472,-0.812656526,-1.957708487,-2.037653908,1.307914044,-0.797875405,0.102874933,-0.151641963,0.017803572,0.014781121
3.160000000,-2.064349631,-1.886253716,1.310356282,-0.821466526,-1.957008189,-2.038852151,1.323079648,-0.806268467,0.107341442,-0.152598435,0.012723366,0.015198059
3.200000000,-2.069464627,-1.886595547,1.335263156,-0.831972367,-1.956079457,-2.040472279,1.343305598,-0.817461755,0.113385170,-0.153876733,0.008042442,0.014510612
3.230000000,-2.073392380,-1.886848984,1.350534497,-0.840224738,-1.955386295,-2.041704604,1.358475653,-0.825858780,0.118006085,-0.154855620,0.007941156,0.014365958
3.260000000,-2.077387875,-1.887104489,1.362188634,-0.848907238,-1.954701093,-2.042945037,1.373649662,-0.834255386,0.122686781,-0.155840547,0.011461028,0.014651852
3.300000000,-2.082794211,-1.887457285,1.390091188,-0.860643694,-1.953796634,-2.044601504,1.393882551,-0.845448787,0.128997577,-0.157144219,0.003791363,0.015194907
3.330000000,-2.086913894,-1.887702509,1.405791653,-0.869018368,-1.953117030,-2.045847612,1.409060458,-0.853843422,0.133796864,-0.158145103,0.003268805,0.015174946
3.360000000,-2.091098077,-1.887923434,1.415212267,-0.877548368,-1.952428581,-2.047097996,1.424238727,-0.862237451,0.138669497,-0.159174562,0.009026460,0.015310917
3.400000000,-2.096797078,-1.888178303,1.442072619,-0.888737569,-1.951500839,-2.048759147,1.444479355,-0.873428499,0.145296240,-0.160580844,0.002406736,0.015309070
3.430000000,-2.101169304,-1.888360240,1.457515428,-0.897415155,-1.950799519,-2.049993126,1.459660872,-0.881822786,0.150369785,-0.161632886,0.002145444,0.015592369
3.460000000,-2.105607221,-1.888555376,1.475906799,-0.905780155,-1.950087291,-2.051216305,1.474843696,-0.890217774,0.155519929,-0.162660929,-0.001063103,0.015562381
3.500000000,-2.054708200,-1.876572050,1.490496606,-0.917499749,-1.949113281,-2.052838534,1.495089688,-0.901408284,0.105594919,-0.176266484,0.004593082,0.016091465
3.530000000,-2.058618378,-1.876599998,1.505469530,-0.925576496,-1.948364533,-2.054045112,1.510274562,-0.909800456,0.110253845,-0.177445114,0.004805032,0.015776040
3.560000000,-2.062595150,-1.876624022,1.518397763,-0.934151496,-1.947601679,-2.055232801,1.525462804,-0.918197479,0.114993471,-0.178608778,0.007065041,0.015954017
3.600000000,-2.067977809,-1.876643271,1.536044212,-0.944825612,-1.946566324,-2.056793619,1.545714902,-0.929395414,0.121411485,-0.180150349,0.009670691,0.015430198
3.630000000,-2.072087633,-1.876622962,1.551819551,-0.953703387,-1.945776456,-2.057957924,1.560906864,-0.937793373,0.126311178,-0.181334962,0.009087313,0.015910014
3.660000000,-2.076249874,-1.876581615,1.567641187,-0.962463387,-1.944982279,-2.059125054,1.576099955,-0.946186725,0.131267595,-0.182543439,0.008458768,0.016276661
3.700000000,-2.081900792,-1.876514139,1.595801682,-0.974221626,-1.943938089,-2.060684324,1.596361648,-0.957376213,0.137962704,-0.184170185,0.000559966,0.016845413
3.730000000,-2.086198120,-1.876458510,1.612406248,-0.983244008,-1.943172774,-2.061856340,1.611557231,-0.965765602,0.143025346,-0.185397830,-0.000849017,0.017478406
3.760000000,-2.090561368,-1.876397358,1.631382248,-0.991821508,-1.942421499,-2.063037281,1.626754754,-0.974153870,0.148139869,-0.186639923,-0.004627494,0.017667638
3.800000000,-2.096484282,-1.876284499,1.647728259,-1.002533613,-1.941430097,-2.064626392,1.647017718,-0.985341255,0.155054185,-0.188341892,-0.000710542,0.017192358
3.830000000,-2.100997049,-1.876182659,1.663811731,-1.010966090,-1.940693449,-2.065821280,1.662216076,-0.993732943,0.160303601,-0.189638621,-0.001595655,0.017233146
3.860000000,-2.105563653,-1.876066558,1.679873740,-1.019423590,-1.939962867,-2.067009228,1.677414585,-1.002124831,0.165600786,-0.190942669,-0.002459155,0.017298758
3.900000000,-2.111749375,-1.875898060,1.693113831,-1.030526000,-1.938986956,-2.068585349,1.697679448,-1.013315212,0.172762419,-0.192687289,0.004565617,0.017210788
3.930000000,-2.116455889,-1.875739109,1.708353406,-1.037774551,-1.938246146,-2.069765797,1.712878867,-1.021707627,0.178209743,-0.194026687,0.004525461,0.016066925
3.960000000,-2.121227493,-1.875563493,1.711840391,-1.046367051,-1.937494104,-2.070940620,1.728077496,-1.030098910,0.183733389,-0.195377127,0.016237104,0.016268141
4.000000000,-2.060061165,-1.828398113,1.725958534,-1.056557408,-1.936478529,-2.072486750,1.748344202,-1.041289439,0.123582636,-0.244088637,0.022385668,0.015267969
4.030000000,-2.064126500,-1.827621460,1.740864310,-1.065863572,-1.935704481,-2.073629938,1.763543106,-1.049683625,0.128422019,-0.246008477,0.022678795,0.016179946
4.060000000,-2.068265014,-1.826833989,1.747357111,-1.074536072,-1.934910357,-2.074763136,1.778746223,-1.058072153,0.133354656,-0.247929147,0.031389113,0.016463919
4.100000000,-2.073891850,-1.825755493,1.771903225,-1.085023067,-1.933825251,-2.076265440,1.799017582,-1.069253021,0.140066598,-0.250509946,0.027114357,0.015770047
4.130000000,-2.078185860,-1.824939701,1.786324490,-1.093631792,-1.933003429,-2.077386301,1.814221679,-1.077636956,0.145182431,-0.252446600,0.027897189,0.015994836
4.160000000,-2.082550972,-1.824110085,1.801717182,-1.102354292,-1.932192072,-2.078509278,1.829428310,-1.086025126,0.150358900,-0.254399193,0.027711128,0.016329166
4.200000000,-2.088470294,-1.822967241,1.816900337,-1.113796827,-1.931142178,-2.080030451,1.849706536,-1.097213795,0.157328115,-0.257063210,0.032806199,0.016583032
4.230000000,-2.092991416,-1.822072576,1.831233121,-1.122738753,-1.930385216,-2.081196904,1.864912356,-1.105611077,0.162606199,-0.259124328,0.033679235,0.017127676
4.260000000,-2.097574082,-1.821161561,1.856033464,-1.131606253,-1.929662607,-2.082384653,1.880116644,-1.114011127,0.167911476,-0.261223092,0.024083181,0.017595126
4.300000000,-2.103747941,-1.819920662,1.872526694,-1.143810228,-1.928740903,-2.083987241,1.900385728,-1.125205791,0.175007038,-0.264066579,0.027859034,0.018604436
4.330000000,-2.108432548,-1.818966812,1.886773013,-1.150624762,-1.928072210,-2.085203885,1.915585737,-1.133599573,0.180360337,-0.266237072,0.028812724,0.017025189
4.360000000,-2.113173667,-1.817981571,1.912270414,-1.159532262,-1.927414622,-2.086437617,1.930783818,-1.141994747,0.185759045,-0.268456046,0.018513404,0.017537515
4.400000000,-2.119595727,-1.816638925,1.933511397,-1.170690564,-1.926544129,-2.088097142,1.951044531,-1.153187602,0.193051598,-0.271458217,0.017533134,0.017502962
4.430000000,-2.124483035,-1.815605170,1.949650302,-1.177905137,-1.925892876,-2.089344607,1.966238717,-1.161581518,0.198590159,-0.273739437,0.016588415,0.016323619
4.460000000,-2.129420180,-1.814532332,1.968818038,-1.186420137,-1.925237008,-2.090593534,1.981429789,-1.169976167,0.204183171,-0.276061203,0.012611751,0.016443970
4.500000000,-2.107894402,-1.908130948,1.988617961,-1.198283790,-1.924345361,-2.092267706,2.001683639,-1.181168554,0.183549041,-0.184136758,0.013065679,0.017115236
4.530000000,-2.112618288,-1.908206077,2.004334550,-1.207086438,-1.923659361,-2.093529396,2.016871076,-1.189561359,0.188958927,-0.185323318,0.012536526,0.017525078
4.560000000,-2.117409199,-1.908257103,2.026109412,-1.215741438,-1.922954232,-2.094789003,2.032056383,-1.197953790,0.194454966,-0.186531900,0.005946971,0.017787647
4.600000000,-2.123900911,-1.908296988,2.044525976,-1.226942971,-1.921984756,-2.096457883,2.052296014,-1.209145034,0.201916155,-0.188160895,0.007770038,0.017797937
4.630000000,-2.128842491,-1.908309751,2.060442729,-1.234916809,-1.921231349,-2.097701081,2.067471345,-1.217537860,0.207611143,-0.189391330,0.007028616,0.017378949
4.660000000,-2.133848904,-1.908304474,2.072169904,-1.243421809,-1.920447060,-2.098934149,2.082641950,-1.225929255,0.213401844,-0.190629675,0.010472046,0.017492554
4.700000000,-2.140617450,-1.908263256,2.094734965,-1.254975279,-1.919356570,-2.100557100,2.102864045,-1.237118933,0.221260880,-0.192293845,0.008129081,0.017856346
4.730000000,-2.145753687,-1.908195288,2.110543826,-1.262749866,-1.918502552,-2.101755612,2.118025158,-1.245513447,0.227251135,-0.193560324,0.007481332,0.017236419
4.760000000,-2.150965234,-1.908079714,2.125541711,-1.271287366,-1.917608058,-2.102937309,2.133182294,-1.253907772,0.233357176,-0.194857595,0.007640583,0.017379594
4.800000000,-2.158005268,-1.907855960,2.144367239,-1.282388366,-1.916356674,-2.104492096,2.153385389,-1.265096391,0.241648594,-0.196636136,0.009018149,0.017291975
4.830000000,-2.163358926,-1.907656053,2.160813672,-1.292161293,-1.915372779,-2.105639294,2.168533783,-1.273487416,0.247986148,-0.197983241,0.007720112,0.018673877
4.860000000,-2.168782048,-1.907411638,2.174335197,-1.300831293,-1.914342247,-2.106763489,2.183678129,-1.281881400,0.254439801,-0.199351852,0.009342932,0.018949893
4.900000000,-2.176108731,-1.907028036,2.196416959,-1.311175146,-1.912902243,-2.108233728,2.203865493,-1.293074788,0.263206488,-0.201205692,0.007448534,0.018100359
4.930000000,-2.181675364,-1.906703307,2.212781573,-1.318241172,-1.911770078,-2.109317688,2.219002660,-1.301467269,0.269905286,-0.202614381,0.006221087,0.016773903
4.960000000,-2.187302601,-1.906343137,2.225439297,-1.326801172,-1.910584082,-2.110381521,2.234135959,-1.309857941,0.276718519,-0.204038384,0.008696662,0.016943231
5.000000000,-2.071434643,-1.994158694,2.255056705,-1.337575982,-1.908929898,-2.111767352,2.254310087,-1.321049345,0.162504745,-0.117608658,-0.000746618,0.016526637
5.030000000,-2.075630992,-1.994853125,2.272285189,-1.346108696,-1.907633057,-2.112782151,2.269437003,-1.329444713,0.167997935,-0.117929027,-0.002848186,0.016663983
5.060000000,-2.079891502,-1.995509475,2.279213849,-1.355028696,-1.906277639,-2.113776141,2.284568033,-1.337833378,0.173613863,-0.118266666,0.005354184,0.017195318
5.100000000,-2.085659988,-1.996307263,2.299617878,-1.366069924,-1.904400222,-2.115074243,2.304746545,-1.349011541,0.181259766,-0.118766980,0.005128667,0.017058384
5.130000000,-2.090032095,-1.996861435,2.315577900,-1.374412894,-1.902956344,-2.116024303,2.319882279,-1.357394514,0.187075751,-0.119162868,0.004304379,0.017018380
5.160000000,-2.094437530,-1.997375083,2.326230321,-1.383150394,-1.901504592,-2.116951793,2.335024697,-1.365782969,0.192932937,-0.119576711,0.008794376,0.017367425
5.200000000,-2.100403613,-1.997983462,2.347272659,-1.394464430,-1.899591969,-2.118170645,2.355222550,-1.376971379,0.200811644,-0.120187184,0.007949891,0.017493052
5.230000000,-2.104946555,-1.998383793,2.361675290,-1.403349452,-1.898187962,-2.119077500,2.370371926,-1.385366290,0.206758594,-0.120693706,0.008696637,0.017983163
5.260000000,-2.109551636,-1.998745508,2.379349548,-1.411861952,-1.896820341,-2.119973791,2.385521279,-1.393765851,0.212731295,-0.121228283,0.006171731,0.018096101
5.300000000,-2.115799253,-1.999178270,2.394347303,-1.423360010,-1.895041992,-2.121144775,2.405720737,-1.404962918,0.220757260,-0.121966505,0.011373435,0.018397092
5.330000000,-2.120562311,-1.999456345,2.409718071,-1.430668250,-1.893735382,-2.122004378,2.420869769,-1.413357658,0.226826929,-0.122548033,0.011151697,0.017310593
5.360000000,-2.125387976,-1.999697122,2.420344442,-1.439415750,-1.892446469,-2.122848889,2.436019315,-1.421752346,0.232941507,-0.123151766,0.015674873,0.017663404
5.400000000,-2.131921540,-1.999953152,2.438344310,-1.451256632,-1.890741284,-2.123950850,2.456216817,-1.432944339,0.241180256,-0.123997697,0.017872507,0.018312293
5.430000000,-2.136883757,-2.000105843,2.453408983,-1.459862427,-1.889467449,-2.124752075,2.471365324,-1.441337697,0.247416308,-0.124646231,0.017956342,0.018524730
5.460000000,-2.141909758,-2.000203819,2.473916472,-1.468627427,-1.888192936,-2.125524818,2.486511892,-1.449731758,0.253716822,-0.125320999,0.012595420,0.018895668
5.500000000,-2.058575556,-2.025040842,2.485635751,-1.479190922,-1.886484664,-2.126523072,2.506707743,-1.460923619,0.172090892,-0.101482231,0.021071992,0.018267302
5.530000000,-2.062599085,-2.025344470,2.503378631,-1.487286572,-1.885192458,-2.127248929,2.521852969,-1.469316941,0.177406627,-0.101904459,0.018474338,0.017969631
5.560000000,-2.066669499,-2.025612923,2.518608763,-1.495809072,-1.883885652,-2.127945730,2.537000988,-1.477715738,0.182783847,-0.102332806,0.018392224,0.018093335
5.600000000,-2.072182622,-2.025891432,2.538639414,-1.507843254,-1.882126382,-2.128830946,2.557198752,-1.488918847,0.190056240,-0.102939514,0.018559338,0.018924407
5.630000000,-2.076373944,-2.026036880,2.555047303,-1.516951147,-1.880803778,-2.129466652,2.572347465,-1.497323689,0.195570166,-0.103429772,0.017300161,0.019627459
5.660000000,-2.080611116,-2.026127538,2.559198597,-1.525641147,-1.879496230,-2.130080404,2.587500406,-1.505727062,0.201114886,-0.103952866,0.028301808,0.019914085
5.700000000,-2.086325751,-2.026163963,2.587764453,-1.537086695,-1.877797042,-2.130865197,2.607708964,-1.516928950,0.208528709,-0.104701233,0.019944511,0.020157746
5.730000000,-2.090668454,-2.026127789,2.603135096,-1.545616089,-1.876564888,-2.131422981,2.622866143,-1.525326819,0.214103565,-0.105295192,0.019731047,0.020289270
5.760000000,-2.095051327,-2.026049157,2.617444651,-1.554466089,-1.875376519,-2.131950430,2.638022367,-1.533719346,0.219674808,-0.105901274,0.020577717,0.020746742
5.800000000,-2.101006349,-2.025903750,2.639383856,-1.565938556,-1.873843084,-2.132620086,2.658231052,-1.544910223,0.227163265,-0.106716337,0.018847197,0.021028333
5.830000000,-2.105544027,-2.025753042,2.656464674,-1.574928854,-1.872724256,-2.133095956,2.673386109,-1.553305637,0.232819771,-0.107342915,0.016921435,0.021623217
5.860000000,-2.110123870,-2.025564027,2.672126240,-1.583661354,-1.871627812,-2.133537959,2.688541732,-1.561699942,0.238496058,-0.107973932,0.016415492,0.021961412
5.900000000,-2.116275825,-2.025245417,2.695274509,-1.594753811,-1.870184249,-2.134079403,2.708746712,-1.572891668,0.246091576,-0.108833986,0.013472203,0.021862143
5.930000000,-2.120945810,-2.024948945,2.711272288,-1.602794129,-1.869108590,-2.134454273,2.723900708,-1.581285828,0.251837221,-0.109505328,0.012628420,0.021508301
5.960000000,-2.125674800,-2.024602405,2.730188526,-1.611239129,-1.868032801,-2.134800497,2.739052777,-1.589679232,0.257641998,-0.110198092,0.008864251,0.021559897
6.000000000,-2.014605753,-1.985497020,2.751964685,-1.622108389,-1.866589299,-2.135215908,2.759255508,-1.600869753,0.148016454,-0.149718888,0.007290823,0.021238636
6.030000000,-2.017944767,-1.984518550,2.768436162,-1.630262117,-1.865494275,-2.135488700,2.774406183,-1.609263258,0.152450492,-0.150970151,0.005970022,0.020998859
6.060000000,-2.021338520,-1.983486095,2.786657641,-1.638907117,-1.864381118,-2.135726590,2.789560838,-1.617653308,0.156957402,-0.152240495,0.002903197,0.021253809
6.100000000,-2.025919894,-1.982046981,2.805936196,-1.649733218,-1.862875558,-2.136007094,2.809769746,-1.628836878,0.163044336,-0.153960113,0.003833550,0.020896340
6.130000000,-2.029397290,-1.980906724,2.814987788,-1.658685317,-1.861743319,-2.136191811,2.824925748,-1.637221159,0.167653971,-0.155285087,0.009937960,0.021464158
6.160000000,-2.032924059,-1.979731087,2.830893546,-1.667465317,-1.860632395,-2.136347984,2.840086160,-1.645604760,0.172291664,-0.156616897,0.009192615,0.021860557
6.200000000,-2.037670007,-1.978082331,2.853886865,-1.678562423,-1.859211604,-2.136516658,2.860302534,-1.656784237,0.178458402,-0.158434327,0.006415669,0.021778186
6.230000000,-2.041289260,-1.976798717,2.861884060,-1.686730151,-1.858204331,-2.136615285,2.875461753,-1.665169758,0.183084929,-0.159816568,0.013577693,0.021560393
6.260000000,-2.044948938,-1.975485753,2.877441812,-1.695325151,-1.857259933,-2.136687306,2.890616462,-1.673560199,0.187689004,-0.161201553,0.013174650,0.021764952
6.300000000,-2.049930925,-1.973686556,2.890910535,-1.706492861,-1.856078576,-2.136745884,2.910816923,-1.684750918,0.193852349,-0.163059328,0.019906389,0.021741943
6.330000000,-2.053711196,-1.972293186,2.905755234,-1.714389631,-1.855243540,-2.136761465,2.925962183,-1.693142395,0.198467656,-0.164468279,0.020206949,0.021247236
6.360000000,-2.057536545,-1.970849645,2.926533326,-1.723029631,-1.854449850,-2.136752031,2.941102712,-1.701533622,0.203086695,-0.165902386,0.014569386,0.021496009
6.400000000,-2.062699801,-1.968845376,2.947143083,-1.734569256,-1.853434217,-2.136710977,2.961283197,-1.712723387,0.209265584,-0.167865601,0.014140114,0.021845868
6.430000000,-2.066608447,-1.967271081,2.957709743,-1.742673844,-1.852696694,-2.136659189,2.976413634,-1.721115941,0.213911754,-0.169388107,0.018703890,0.021557903
6.460000000,-2.070555805,-1.965643171,2.972994796,-1.751151344,-1.851974835,-2.136585851,2.991539596,-1.729508038,0.218580970,-0.170942680,0.018544800,0.021643306
6.500000000,-1.970376066,-1.882638404,3.000430727,-1.762301922,-1.851023110,-2.136462907,3.011701374,-1.740698080,0.119352956,-0.253824503,0.011270647,0.021603842
6.530000000,-1.973069909,-1.879851079,3.016845969,-1.770603624,-1.850311303,-2.136355636,3.026818886,-1.749091829,0.122758605,-0.256504557,0.009972917,0.021511795
6.560000000,-1.975813992,-1.877013144,3.035008492,-1.779601124,-1.849594451,-2.136235415,3.041937258,-1.757489832,0.126219542,-0.259222270,0.006928766,0.022111292
6.600000000,-1.979531721,-1.873143390,3.055380631,-1.790513140,-1.848630221,-2.136061203,3.062095851,-1.768688759,0.130901500,-0.262917813,0.006715220,0.021824381
6.630000000,-1.982361000,-1.870173022,3.070870409,-1.798433906,-1.847908902,-2.135926537,3.077215094,-1.777089309,0.134452098,-0.265753514,0.006344685,0.021344597
6.660000000,-1.985233802,-1.867157488,3.087408975,-1.807051406,-1.847206351,-2.135794848,3.092338462,-1.785490078,0.138027451,-0.268637360,0.004929487,0.021561328
6.700000000,-1.989122141,-1.863053748,3.106064278,-1.817631947,-1.846315126,-2.135620351,3.112508458,-1.796688812,0.142807015,-0.272566603,0.006444180,0.020943135
6.730000000,-1.992071344,-1.859903759,3.122153836,-1.825776034,-1.845687920,-2.135484978,3.127639176,-1.805084841,0.146383424,-0.275581219,0.005485340,0.020691193
6.760000000,-1.995058050,-1.856700150,3.140710686,-1.834336034,-1.845104438,-2.135346761,3.142770125,-1.813475678,0.149953612,-0.278646611,0.002059440,0.020860356
6.800000000,-1.999086942,-1.852341795,3.168828955,-1.844951179,-1.844382161,-2.135172166,3.162947725,-1.824664292,0.154704781,-0.282830371,-0.005881230,0.020286887
6.830000000,-2.002145081,-1.848998639,3.190668385,-1.851697622,-1.843876834,-2.135053820,3.178080881,-1.833059086,0.158268247,-0.286055181,-0.012587504,0.018638535
6.860000000,-2.005245116,-1.845602090,3.207908085,-1.860135122,-1.843398307,-2.134946894,3.193216282,-1.841453277,0.161846809,-0.289344804,-0.014691803,0.018681844
6.900000000,-2.009429894,-1.840983020,3.222298784,-1.871698040,-1.842783948,-2.134822105,3.213396746,-1.852644556,0.166645946,-0.293839085,-0.008902039,0.019053484
6.930000000,-2.012617788,-1.837462167,3.239353194,-1.880075054,-1.842335469,-2.134750669,3.228533569,-1.861038620,0.170282318,-0.297288502,-0.010819625,0.019036434
6.960000000,-2.015842864,-1.833873615,3.244548838,-1.888787554,-1.841893277,-2.134710948,3.243670503,-1.869432467,0.173949586,-0.300837333,-0.000878334,0.019355087
7.000000000,-1.937617457,-1.907292521,3.262202767,-1.900060338,-1.841301055,-2.134700892,3.263854191,-1.880623516,0.096316402,-0.227408371,0.001651425,0.019436822
7.030000000,-1.939843775,-1.904542677,3.281608797,-1.908146312,-1.840847569,-2.134724801,3.278992470,-1.889017525,0.098996206,-0.230182124,-0.002616328,0.019128787
7.060000000,-1.942106371,-1.901738835,3.297739278,-1.916936312,-1.840379250,-2.134787289,3.294134686,-1.897406966,0.101727121,-0.233048454,-0.003604592,0.019529346
7.100000000,-1.945168779,-1.897926394,3.312916106,-1.927894157,-1.839738584,-2.134933416,3.314328487,-1.908588130,0.105430195,-0.237007021,0.001412381,0.019306027
7.130000000,-1.947487055,-1.895007040,3.328216368,-1.935881070,-1.839256237,-2.135087915,3.329474384,-1.916969030,0.108230818,-0.240080874,0.001258017,0.018912041
7.160000000,-1.949831692,-1.892032448,3.340409253,-1.944453570,-1.838790837,-2.135276296,3.344624553,-1.925348429,0.111040855,-0.243243848,0.004215300,0.019105141
7.200000000,-1.952987470,-1.887984051,3.357968785,-1.955322353,-1.838221615,-2.135564731,3.364828056,-1.936522734,0.114765855,-0.247580680,0.006859270,0.018799619
7.230000000,-1.955387849,-1.884888864,3.372862300,-1.963281440,-1.837848337,-2.135810935,3.379982109,-1.944905315,0.117539512,-0.250922071,0.007119809,0.018376124
7.260000000,-1.957800919,-1.881728698,3.388297242,-1.971708940,-1.837537124,-2.136088038,3.395134341,-1.953294533,0.120263794,-0.254359339,0.006837099,0.018414407
7.300000000,-1.961055392,-1.877438224,3.407757523,-1.983005299,-1.837202711,-2.136493194,3.415337370,-1.964482581,0.123852681,-0.259054970,0.007579848,0.018522718
7.330000000,-1.963533344,-1.874151624,3.422630608,-1.991805418,-1.837008084,-2.136823388,3.430487993,-1.972870782,0.126525259,-0.262671764,0.007857386,0.018934636
7.360000000,-1.966040804,-1.870805918,3.432746492,-2.000227918,-1.836865971,-2.137187878,3.445638333,-1.981259581,0.129174832,-0.266381960,0.012891841,0.018968336
7.400000000,-1.969415681,-1.866258777,3.446173883,-2.011272956,-1.836740675,-2.137730454,3.465837018,-1.992448236,0.132675006,-0.271471677,0.019663135,0.018824720
7.430000000,-1.971986632,-1.862780551,3.459697135,-2.019321335,-1.836688227,-2.138180324,3.480985114,-2.000840410,0.135298405,-0.275399773,0.021287979,0.018480925
7.460000000,-1.974577103,-1.859255266,3.474325410,-2.027921335,-1.836668863,-2.138671950,3.496132466,-2.009231810,0.137908240,-0.279416684,0.021807056,0.018689525
7.500000000,-2.000775515,-1.930922133,3.495292678,-2.038890525,-1.836680494,-2.139391619,3.516326947,-2.020421277,0.164095022,-0.208469486,0.021034269,0.018469248
7.530000000,-2.003702510,-1.928222834,3.509755412,-2.047085624,-1.836714394,-2.139988016,3.531472444,-2.028814047,0.166988116,-0.211765182,0.021717032,0.018271576
7.560000000,-2.006662737,-1.925469060,3.526961545,-2.055913124,-1.836767141,-2.140644703,3.546614739,-2.037207194,0.169895595,-0.215175643,0.019653194,0.018705930
7.600000000,-2.010634026,-1.921679944,3.549958629,-2.066750323,-1.836850991,-2.141595702,3.566803885,-2.048398306,0.173783035,-0.219915759,0.016845256,0.018352018
7.630000000,-2.013616032,-1.918745267,3.566702443,-2.075544871,-1.836919269,-2.142363854,3.581943585,-2.056793671,0.176696763,-0.223618587,0.015241142,0.018751200
7.660000000,-2.016631715,-1.915740146,3.582125674,-2.084409871,-1.836992469,-2.143190985,3.597082577,-2.065190391,0.179639246,-0.227450839,0.014956902,0.019219480
7.700000000,-2.020663892,-1.911630379,3.611389079,-2.095756859,-1.837096224,-2.144376686,3.617264956,-2.076383066,0.183567668,-0.232746307,0.005875877,0.019373793
7.730000000,-2.023714381,-1.908462570,3.616122747,-2.104223800,-1.837174863,-2.145325757,3.632400173,-2.084776747,0.186539518,-0.236863187,0.016277427,0.019447054
7.760000000,-2.026786587,-1.905228616,3.631457959,-2.112938800,-1.837248406,-2.146331519,3.647533730,-2.093172153,0.189538182,-0.241102903,0.016075771,0.019766647
7.800000000,-2.030896639,-1.900810107,3.660256425,-2.123764002,-1.837335328,-2.147753259,3.667709316,-2.104366561,0.193561311,-0.246943152,0.007452890,0.019397441
7.830000000,-2.033995026,-1.897413648,3.677080346,-2.132925155,-1.837390084,-2.148885695,3.682839767,-2.112759434,0.196604942,-0.251472047,0.005759421,0.020165721
7.860000000,-2.037115723,-1.893952098,3.695447158,-2.141397655,-1.837428727,-2.150085546,3.697967790,-2.121149474,0.199686996,-0.256133448,0.002520632,0.020248181
7.900000000,-2.041305141,-1.889245646,3.710510082,-2.151826089,-1.837448094,-2.151771947,3.718137287,-2.132339950,0.203857047,-0.262526301,0.007627206,0.019486140
7.930000000,-2.044468927,-1.885640394,3.720343094,-2.159731765,-1.837433924,-2.153103424,3.733261872,-2.140736267,0.207035002,-0.267463030,0.012918777,0.018995498
7.960000000,-2.047645355,-1.881973879,3.735852298,-2.168391765,-1.837388826,-2.154508254,3.748385904,-2.149130616,0.210256529,-0.272534375,0.012533606,0.019261148
8.000000000,-2.001344175,-1.888163776,3.757113368,-2.180625777,-1.837281753,-2.156483476,3.768547790,-2.160316304,0.164062423,-0.268319700,0.011434422,0.020309473
8.030000000,-2.003899666,-1.884479789,3.772753783,-2.187421162,-1.837159365,-2.158039839,3.783668310,-2.168707032,0.166740301,-0.273560050,0.010914527,0.018714131
8.060000000,-2.006482808,-1.880708889,3.796370575,-2.195978662,-1.836987894,-2.159671294,3.798788791,-2.177103779,0.169494915,-0.278962405,0.002418216,0.018874883
8.100000000,-2.009944747,-1.875571905,3.818717758,-2.207115615,-1.836694160,-2.161954323,3.818950181,-2.188300180,0.173250587,-0.286382418,0.000232424,0.018815435
8.130000000,-2.012564052,-1.871645787,3.835255680,-2.215510388,-1.836429853,-2.163750299,3.834070466,-2.196690449,0.176134199,-0.292104512,-0.001185213,0.018819938
8.160000000,-2.015184425,-1.867659833,3.851691524,-2.223937888,-1.836126691,-2.165624380,3.849189378,-2.205074835,0.179057734,-0.297964547,-0.002502146,0.018863052
8.200000000,-2.018688853,-1.862244639,3.872436236,-2.234671014,-1.835676361,-2.168214772,3.869347201,-2.216260861,0.183012492,-0.305970133,-0.003089035,0.018410153
8.230000000,-2.021326289,-1.858094228,3.890911622,-2.242844321,-1.835309662,-2.170223547,3.884463977,-2.224654582,0.186016627,-0.312129319,-0.006447645,0.018189740
8.260000000,-2.023979077,-1.853860161,3.907557411,-2.251599321,-1.834921074,-2.172300549,3.899580747,-2.233046386,0.189058003,-0.318440388,-0.007976664,0.018552936
8.300000000,-2.027535711,-1.848120289,3.930795213,-2.263500823,-1.834374674,-2.175160897,3.919733736,-2.244232452,0.193161038,-0.327040607,-0.011061477,0.019268371
8.330000000,-2.030217165,-1.843730630,3.947943003,-2.272026333,-1.833938811,-2.177372268,3.934848373,-2.252625754,0.196278354,-0.333641638,-0.013094631,0.019400579
8.360000000,-2.032925386,-1.839254349,3.964826441,-2.280433833,-1.833471851,-2.179651585,3.949960910,-2.261024300,0.199453536,-0.340397236,-0.014865532,0.019409533
8.400000000,-2.036557162,-1.833172418,3.989638875,-2.292461092,-1.832805927,-2.182792335,3.970110545,-2.272219135,0.203751235,-0.349619917,-0.019528330,0.020241958
8.430000000,-2.039295114,-1.828530790,4.007589399,-2.301022806,-1.832271430,-2.185230012,3.985220629,-2.280608843,0.207023683,-0.356699223,-0.022368770,0.020413963
8.460000000,-2.042050130,-1.823822694,4.024792874,-2.309707806,-1.831694361,-2.187750984,4.000329780,-2.288997973,0.210355769,-0.363928290,-0.024463095,0.020709833
8.500000000,-1.959793525,-1.941069509,4.047565369,-2.321455855,-1.830858778,-2.191225128,4.020472565,-2.300193942,0.128934746,-0.250155619,-0.027092804,0.021261913
8.530000000,-1.961456159,-1.937773472,4.062717042,-2.329544451,-1.830180522,-2.193921373,4.035577941,-2.308592728,0.131275637,-0.256147902,-0.027139101,0.020951723
8.560000000,-1.963130330,-1.934388435,4.079938376,-2.338146951,-1.829449627,-2.196716287,4.050691650,-2.316984774,0.133680703,-0.262327852,-0.029246726,0.021162178
8.600000000,-1.965382783,-1.929763014,4.102949700,-2.348584145,-1.828407639,-2.200569836,4.070850769,-2.328170013,0.136975144,-0.270806822,-0.032098931,0.020414132
8.630000000,-1.967067527,-1.926209622,4.120670591,-2.356342083,-1.827587348,-2.203540937,4.085971739,-2.336562740,0.139480179,-0.277331315,-0.034698852,0.019779344
8.660000000,-1.968736149,-1.922578397,4.138076043,-2.364859583,-1.826755794,-2.206570631,4.101095944,-2.344960517,0.141980355,-0.283992234,-0.036980099,0.019899066
8.700000000,-1.970975727,-1.917638936,4.162517848,-2.377229127,-1.825676271,-2.210655885,4.121263692,-2.356156335,0.145299456,-0.293016949,-0.041254157,0.021072792
8.730000000,-1.972651598,-1.913856904,4.180646820,-2.385751699,-1.824911475,-2.213731601,4.136388909,-2.364552841,0.147740123,-0.299874696,-0.044257911,0.021198858
8.760000000,-1.974322996,-1.909996612,4.198255408,-2.394581699,-1.824209527,-2.216794821,4.151513526,-2.372947907,0.150113469,-0.306798209,-0.046741882,0.021633792
8.800000000,-1.976567483,-1.904745442,4.224573047,-2.404905865,-1.823375630,-2.220842821,4.171676852,-2.384135149,0.153191853,-0.316097379,-0.052896195,0.020770716
8.830000000,-1.978257323,-1.900732961,4.232021774,-2.412838577,-1.822836605,-2.223846660,4.186798703,-2.392525409,0.155420718,-0.323113700,-0.045223071,0.020313168
8.860000000,-1.979941859,-1.896637947,4.249449266,-2.421353577,-1.822389179,-2.226814974,4.201918343,-2.400921073,0.157552681,-0.330177027,-0.047530923,0.020432504
8.900000000,-1.982168638,-1.891060639,4.281140489,-2.432342600,-1.821910945,-2.230720074,4.222076976,-2.412115145,0.160257693,-0.339659435,-0.059063513,0.020227455
8.930000000,-1.983831767,-1.886791799,4.285087923,-2.441256137,-1.821637287,-2.233608876,4.237194263,-2.420506082,0.162194480,-0.346817077,-0.047893660,0.020750054
8.960000000,-1.985500454,-1.882440869,4.302464011,-2.449923637,-1.821447184,-2.236462867,4.252310896,-2.428897282,0.164053270,-0.354021998,-0.050153115,0.021026354
9.000000000,-1.905614537,-1.971371817,4.311351056,-2.460263902,-1.821301523,-2.240231060,4.272464774,-2.440090844,0.084313014,-0.268859243,-0.038886282,0.020173058
9.030000000,-1.906211708,-1.968061431,4.330796413,-2.468200094,-1.821265973,-2.243033041,4.287579124,-2.448487994,0.084945735,-0.274971610,-0.043217289,0.019712100
9.060000000,-1.906795228,-1.964684110,4.347906068,-2.476942594,-1.821294133,-2.245814712,4.302700996,-2.456882677,0.085501095,-0.281130602,-0.045205072,0.020059917
9.100000000,-1.907536042,-1.960058498,4.362956995,-2.488384340,-1.821417405,-2.249501008,4.322871981,-2.468073172,0.086118637,-0.289442510,-0.040085014,0.020311167
9.130000000,-1.908062383,-1.956495570,4.381707246,-2.497073586,-1.821585596,-2.252245459,4.338004116,-2.476470153,0.086476787,-0.295749889,-0.043703130,0.020603433
9.160000000,-1.908582030,-1.952868401,4.398744747,-2.505848586,-1.821844903,-2.254953687,4.353139223,-2.484867709,0.086737127,-0.302085286,-0.045605524,0.020980877
9.200000000,-1.909263831,-1.947904271,4.419228531,-2.516727141,-1.822327291,-2.258484754,4.373322154,-2.496055921,0.086936540,-0.310580482,-0.045906377,0.020671219
9.230000000,-1.909766461,-1.944097291,4.431360401,-2.524882829,-1.822801748,-2.261056796,4.388458083,-2.504438194,0.086964712,-0.316959505,-0.042902318,0.020444635
9.260000000,-1.910262591,-1.940214877,4.448298852,-2.533382829,-1.823402693,-2.263543061,4.403593980,-2.512823303,0.086859898,-0.323328185,-0.044704872,0.020559526
9.300000000,-1.910899011,-1.934921656,4.483186394,-2.544486959,-1.824382009,-2.266737891,4.423772486,-2.524020643,0.086517001,-0.331816235,-0.059413909,0.020466316
9.330000000,-1.911358223,-1.930866986,4.495286595,-2.551547721,-1.825247040,-2.269040425,4.438905279,-2.532421584,0.086111183,-0.338173439,-0.056381316,0.019126138
9.360000000,-1.911805133,-1.926736029,4.512586653,-2.560390221,-1.826235939,-2.271249180,4.454036177,-2.540810770,0.085569194,-0.344513151,-0.058550476,0.019579451
9.400000000,-1.912371435,-1.921122076,4.528726643,-2.571287531,-1.827717055,-2.274079714,4.474208674,-2.551992945,0.084654381,-0.352957638,-0.054517969,0.019294586
9.430000000,-1.912773540,-1.916846674,4.545755449,-2.580042474,-1.828948510,-2.276126316,4.489336794,-2.560388953,0.083825030,-0.359279642,-0.056418655,0.019653521
9.460000000,-1.913145582,-1.912515354,4.562971656,-2.588522474,-1.830291744,-2.278104965,4.504443879,-2.568790009,0.082853838,-0.365589611,-0.058527776,0.019732465
9.500000000,-1.791825856,-2.005187887,4.571560532,-2.598844628,-1.832213586,-2.280661644,4.524522908,-2.579982636,-0.040387731,-0.275473758,-0.047037624,0.018861992
9.530000000,-1.790612436,-2.001965542,4.578489311,-2.606589375,-1.833745576,-2.282527521,4.539514773,-2.588370821,-0.043133140,-0.280561978,-0.038974538,0.018218555
9.560000000,-1.789378419,-1.998657978,4.594972254,-2.615246875,-1.835365495,-2.284356635,4.554423410,-2.596759016,-0.045987076,-0.285698657,-0.040548843,0.018487859
9.600000000,-1.787674032,-1.994134879,4.624565467,-2.626274619,-1.837643758,-2.286755367,4.574156631,-2.607944041,-0.049969726,-0.292620488,-0.050408836,0.018330578
9.630000000,-1.786335472,-1.990665937,4.626955239,-2.633740708,-1.839446501,-2.288516568,4.588837943,-2.616329115,-0.053111029,-0.297850631,-0.038117296,0.017411593
9.660000000,-1.784975986,-1.987154354,4.643018629,-2.642548208,-1.841356441,-2.290219995,4.603374405,-2.624710940,-0.056380455,-0.303065641,-0.039644224,0.017837268
9.700000000,-1.783116111,-1.982374513,4.668845351,-2.653648192,-1.844070996,-2.292383768,4.622514910,-2.635891454,-0.060954885,-0.310009255,-0.046330441,0.017756738
9.730000000,-1.781679151,-1.978701605,4.681610794,-2.661140714,-1.846247549,-2.293907979,4.636682650,-2.644284078,-0.064568398,-0.315206374,-0.044928144,0.016856636
9.760000000,-1.780212123,-1.974962735,4.697284334,-2.669828214,-1.848574124,-2.295316944,4.650641644,-2.652680773,-0.068362001,-0.320354209,-0.046642690,0.017147440
9.800000000,-1.778202890,-1.969888818,4.704546005,-2.681008183,-1.851880209,-2.297030183,4.668935464,-2.663870170,-0.073677318,-0.327141365,-0.035610540,0.017138013
9.830000000,-1.776652464,-1.966025196,4.702954545,-2.689090529,-1.854514739,-2.298190593,4.682408566,-2.672256883,-0.077862275,-0.332165397,-0.020545980,0.016833646
9.860000000,-1.775069763,-1.962109109,4.717162042,-2.697718029,-1.857305924,-2.299232114,4.695625661,-2.680649742,-0.082236160,-0.337123005,-0.021536381,0.017068287
9.900000000,-1.772903792,-1.956775292,4.738324352,-2.709178486,-1.861232678,-2.300473335,4.712897466,-2.691849634,-0.088328886,-0.343698043,-0.025426886,0.017328852
9.930000000,-1.771239006,-1.952701467,4.752756610,-2.717158587,-1.864326253,-2.301301509,4.725599656,-2.700248117,-0.093087247,-0.348600042,-0.027156954,0.016910470
9.960000000,-1.769537290,-1.948574087,4.766400922,-2.726006087,-1.867562800,-2.302038563,4.738043676,-2.708642470,-0.098025510,-0.353464477,-0.028357246,0.017363617
10.000000000,-1.789309922,-1.975062589,4.768334066,-2.737108562,-1.872064939,-2.302918788,4.754266234,-2.719838719,-0.082755016,-0.327856199,-0.014067832,0.017269842
10.030000000,-1.787794473,-1.971204006,4.781380069,-2.745534885,-1.875578143,-2.303514415,4.766149421,-2.728241815,-0.087783670,-0.332310410,-0.015230647,0.017293070
10.060000000,-1.786240340,-1.967286352,4.793868225,-2.754282385,-1.879220425,-2.304058671,4.777746995,-2.736646796,-0.092980085,-0.336772319,-0.016121230,0.017635589
10.100000000,-1.784111246,-1.961987069,4.808871666,-2.764944945,-1.884238854,-2.304731855,4.792828459,-2.747850139,-0.100127608,-0.342744786,-0.016043207,0.017094806
10.130000000,-1.782477357,-1.957941494,4.825824197,-2.774415037,-1.888120995,-2.305206844,4.803853744,-2.756252106,-0.105643639,-0.347265349,-0.021970453,0.018162931
10.160000000,-1.780802441,-1.953843363,4.837720900,-2.783267537,-1.892119574,-2.305661315,4.814586482,-2.764656092,-0.111317134,-0.351817951,-0.023134418,0.018611445
10.200000000,-1.778495935,-1.948307657,4.843312137,-2.794581644,-1.897600676,-2.306249293,4.828489890,-2.775861916,-0.119104741,-0.357941636,-0.014822247,0.018719728
10.230000000,-1.776713727,-1.944094367,4.848433036,-2.803145366,-1.901818816,-2.306682310,4.838607638,-2.784259402,-0.125105089,-0.362587943,-0.009825398,0.018885964
10.260000000,-1.774905226,-1.939822737,4.859078719,-2.811560366,-1.906138361,-2.307114186,4.848355554,-2.792626171,-0.131233136,-0.367291449,-0.010723165,0.018934195
10.300000000,-1.772446504,-1.934033759,4.877573336,-2.822250483,-1.911994848,-2.307677534,4.860737928,-2.803766270,-0.139548344,-0.373643775,-0.016835408,0.018484214
10.330000000,-1.770578798,-1.929636947,4.880599109,-2.830740931,-1.916405905,-2.308062245,4.869571914,-2.812104227,-0.145827107,-0.378425298,-0.011027195,0.018636705
10.360000000,-1.768691652,-1.925204461,4.889996848,-2.839255931,-1.920781427,-2.308369912,4.877957431,-2.820408083,-0.152089776,-0.383165451,-0.012039416,0.018847849
10.400000000,-1.766108686,-1.919238224,4.908664187,-2.849657303,-1.926557695,-2.308639413,4.888567668,-2.831472732,-0.160449010,-0.389401189,-0.020096520,0.018184571
10.430000000,-1.764118682,-1.914700893,4.898769200,-2.857764304,-1.930844131,-2.308712735,4.896113073,-2.839823017,-0.166725450,-0.394011842,-0.002656127,0.017941287
10.460000000,-1.762095792,-1.910100737,4.906681400,-2.865949304,-1.935040385,-2.308619638,4.903265194,-2.848203674,-0.172944593,-0.398518901,-0.003416207,0.017745630
10.500000000,-1.858362012,-2.036688881,4.904739727,-2.877798831,-1.940435777,-2.308223629,4.912307414,-2.859292130,-0.082073765,-0.271534748,0.007567687,0.018506701
10.530000000,-1.857519719,-2.033652688,4.905182834,-2.885634244,-1.944313942,-2.307703698,4.918740731,-2.867558495,-0.086794223,-0.274051010,0.013557897,0.018075750
10.560000000,-1.856623949,-2.030575048,4.911629533,-2.894331744,-1.948024302,-2.306948154,4.924860252,-2.875892663,-0.091400354,-0.276373106,0.013230719,0.018439082
10.600000000,-1.855366959,-2.026409773,4.917466143,-2.905398651,-1.952705362,-2.305594911,4.932611494,-2.887102476,-0.097338403,-0.279185138,0.015145351,0.018296175
10.630000000,-1.854388687,-2.023252790,4.923135134,-2.913476309,-1.955967556,-2.304287706,4.938135252,-2.895467092,-0.101578869,-0.281034916,0.015000117,0.018009218
10.660000000,-1.853373130,-2.020067595,4.928744019,-2.922196309,-1.958952040,-2.302652547,4.943374312,-2.903749555,-0.105578910,-0.282584952,0.014630293,0.018446754
10.700000000,-1.851962787,-2.015773920,4.932071707,-2.933309297,-1.962568155,-2.300002238,4.950021421,-2.914884835,-0.110605367,-0.284228318,0.017949714,0.018424462
10.730000000,-1.850868242,-2.012509493,4.934835355,-2.941488634,-1.964994954,-2.297646090,4.954749476,-2.923365901,-0.114126712,-0.285136597,0.019914121,0.018122733
10.760000000,-1.849752645,-2.009205779,4.939654068,-2.950086134,-1.967081016,-2.294904570,4.959238687,-2.931811166,-0.117328371,-0.285698791,0.019584619,0.018274968
10.800000000,-1.848220009,-2.004742707,4.926220184,-2.961520397,-1.969349214,-2.290730456,4.964903652,-2.942886624,-0.121129206,-0.285987748,0.038683468,0.018633773
10.830000000,-1.847025190,-2.001359174,4.937725791,-2.969547291,-1.970661881,-2.287218443,4.968926788,-2.951186323,-0.123636691,-0.285859270,0.031200997,0.018360968
10.860000000,-1.845795233,-1.997935955,4.941676436,-2.977819791,-1.971581564,-2.283335529,4.972742294,-2.959621998,-0.125786331,-0.285399574,0.031065858,0.018197794
10.900000000,-1.844117761,-1.993327444,4.955389023,-2.989728762,-1.972220723,-2.277666699,4.977584655,-2.970887979,-0.128102962,-0.284339255,0.022195632,0.018840784
10.930000000,-1.842819113,-1.989855026,4.960934173,-2.997950029,-1.972214730,-2.273047888,4.981029417,-2.979218083,-0.129395617,-0.283192862,0.020095244,0.018731946
10.960000000,-1.841487864,-1.986365230,4.964846576,-3.006550029,-1.971711549,-2.268071188,4.984275594,-2.987494096,-0.130223686,-0.281705959,0.019429018,0.019055933
11.000000000,-1.873595787,-2.021196325,4.976579687,-3.018617758,-1.970388422,-2.260974684,4.988339186,-2.998677354,-0.096792635,-0.239778359,0.011759499,0.019940404
11.030000000,-1.872631792,-2.018138289,4.984555943,-3.027484320,-1.968885215,-2.255312632,4.991181719,-3.007149659,-0.096253423,-0.237174343,0.006625776,0.020334661
11.060000000,-1.871647462,-2.015047229,4.988386988,-3.036156820,-1.966819268,-2.249314187,4.993830723,-3.015539405,-0.095171806,-0.234266958,0.005443735,0.020617415
11.100000000,-1.870283899,-2.010874407,4.985381898,-3.047667038,-1.963289668,-2.240878428,4.997093250,-3.026605681,-0.093005770,-0.230004021,0.011711352,0.021061356
11.130000000,-1.869213826,-2.007707599,4.993990588,-3.055495791,-1.960074854,-2.234231373,4.999350320,-3.034963085,-0.090861028,-0.226523774,0.005359732,0.020532706
11.160000000,-1.868119431,-2.004529096,4.997387715,-3.064035791,-1.956289659,-2.227270101,5.001422591,-3.043436822,-0.088170228,-0.222741005,0.004034876,0.020598969
11.200000000,-1.866655006,-2.000266725,5.015771444,-3.075266657,-1.950421258,-2.217574319,5.003975972,-3.054686203,-0.083766251,-0.217307594,-0.011795472,0.020580454
11.230000000,-1.865552460,-1.997040733,5.017584740,-3.083825635,-1.945376164,-2.210002672,5.005722076,-3.063006727,-0.079823704,-0.212961939,-0.011862665,0.020818908
11.260000000,-1.864438773,-1.993774779,5.021089944,-3.092480635,-1.939696575,-2.202152983,5.007298198,-3.071327358,-0.075257801,-0.208378204,-0.013791746,0.021153277
11.300000000,-1.862945631,-1.989410812,5.032346443,-3.104744743,-1.931293248,-2.191349167,5.009161971,-3.082561812,-0.068347617,-0.201938355,-0.023184472,0.022182930
11.330000000,-1.861832807,-1.986125749,5.045090047,-3.113172761,-1.924342682,-2.183011265,5.010385545,-3.091016045,-0.062509875,-0.196885516,-0.034704502,0.022156716
11.360000000,-1.860719491,-1.982840453,5.048787193,-3.121917761,-1.916705348,-2.174457616,5.011439671,-3.099383702,-0.055985857,-0.191617163,-0.037347523,0.022534059
11.400000000,-1.859215635,-1.978437115,5.049588924,-3.133598615,-1.905612634,-2.162790993,5.012618778,-3.110497632,-0.046396999,-0.184353878,-0.036970145,0.023100983
11.430000000,-1.858089661,-1.975108503,5.051786578,3.141057091,-1.896633103,-2.153859746,5.013337419,-3.118902516,-0.038543442,-0.178751243,-0.038449159,0.023225701
11.460000000,-1.856983204,-1.971782128,5.055038132,3.132647091,-1.886986934,-2.144761726,5.013895101,-3.127365210,-0.030003731,-0.172979597,-0.041143031,0.023173007
11.500000000,-1.847240393,-1.965117490,5.056236786,3.121790072,-1.873187378,-2.132425075,5.014457187,-3.138577910,-0.025946985,-0.167307585,-0.041779599,0.022817325
11.530000000,-1.846058130,-1.961760720,5.060211354,3.113946683,-1.862129148,-2.123029008,5.014734830,3.136260292,-0.016071018,-0.161268288,-0.045476524,0.022313609
11.560000000,-1.844872404,-1.958388048,5.063204632,3.105191683,-1.850390080,-2.113501435,5.014886975,3.127876470,-0.005517675,-0.155113387,-0.048317657,0.022684787
11.600000000,-1.843316056,-1.953848169,5.066908309,3.093665764,-1.833843817,-2.100638370,5.014918843,3.116609385,0.009472239,-0.146790202,-0.051989466,0.022943621
11.630000000,-1.842164462,-1.950436093,5.064233506,3.086069429,-1.820738881,-2.090881258,5.014823479,3.108171456,0.021425581,-0.140445165,-0.049410027,0.022102028
11.660000000,-1.841023686,-1.947034693,5.066891603,3.077434429,-1.806922047,-2.081026328,5.014597443,3.099803872,0.034101639,-0.133991635,-0.052294160,0.022369444
11.700000000,-1.839524159,-1.942481486,5.057890893,3.066173514,-1.787585829,-2.067770052,5.014137855,3.088641819,0.051938330,-0.125288566,-0.043753038,0.022468305
11.730000000,-1.838428839,-1.939069121,5.055684701,3.057547837,-1.772422698,-2.057749110,5.013681639,3.080204746,0.066006141,-0.118679989,-0.042003062,0.022656909
11.760000000,-1.837359233,-1.935646097,5.057699571,3.049160337,-1.756586090,-2.047661270,5.013130203,3.071750881,0.080773143,-0.112015173,-0.044569369,0.022590544
11.800000000,-1.835960691,-1.931066857,5.062625313,3.037944339,-1.734543403,-2.034138664,5.012280693,3.060559462,0.101417288,-0.103071807,-0.050344620,0.022615123
11.830000000,-1.834925351,-1.927614195,5.064014780,3.030546550,-1.717331880,-2.023951174,5.011559574,3.052197327,0.117593471,-0.096336978,-0.052455206,0.021650777
11.860000000,-1.833898713,-1.924160582,5.065998282,3.021829050,-1.699479317,-2.013726305,5.010761446,3.043785072,0.134419396,-0.089565723,-0.055236836,0.021956023
11.900000000,-1.832585136,-1.919553130,5.061772797,3.010388706,-1.674827156,-2.000057860,5.009577844,3.032521971,0.157757981,-0.080504729,-0.052194954,0.022133265
11.930000000,-1.831661582,-1.916093769,5.067686658,3.002222324,-1.655681199,-1.989791373,5.008607299,3.024110647,0.175980383,-0.073697604,-0.059079358,0.021888322
11.960000000,-1.830779889,-1.912635737,5.069514746,2.993869824,-1.635883457,-1.979520466,5.007547254,3.015747566,0.194896432,-0.066884729,-0.061967492,0.021877741
12.000000000,-1.715845603,-1.886418320,5.055052366,2.982751775,-1.608670479,-1.965828538,5.006046188,3.004561544,0.107175124,-0.079410218,-0.049006177,0.021809769
12.030000000,-1.713589184,-1.882679115,5.045720972,2.974391743,-1.587669322,-1.955568428,5.004848626,2.996123828,0.125919862,-0.072889313,-0.040872346,0.021732084
12.060000000,-1.711387309,-1.878927764,5.046696272,2.965816743,-1.566061333,-1.945330168,5.003600572,2.987698033,0.145325976,-0.066402404,-0.043095701,0.021881290
12.100000000,-1.708502713,-1.873930800,5.035293471,2.953778443,-1.536437395,-1.931722420,5.001875274,2.976528858,0.172065318,-0.057791620,-0.033418196,0.022750416
12.130000000,-1.706380942,-1.870184127,5.026209424,2.945779234,-1.513641067,-1.921550936,5.000555451,2.968154768,0.192739875,-0.051366808,-0.025653974,0.022375534
12.160000000,-1.704298789,-1.866423800,5.026578884,2.937074234,-1.490304001,-1.911414312,4.999216916,2.959732711,0.213994789,-0.044990512,-0.027361968,0.022658477
12.200000000,-1.701622484,-1.861379376,5.024824869,2.926660158,-1.458459121,-1.897957373,4.997416873,2.948495643,0.243163363,-0.036577996,-0.027407996,0.021835486
12.230000000,-1.699690534,-1.857587114,5.034440156,2.918064106,-1.434016281,-1.887920604,4.996061962,2.940112659,0.265674253,-0.030333490,-0.038378194,0.022048554
12.260000000,-1.697792294,-1.853790621,5.035198665,2.909334106,-1.409040708,-1.877949367,4.994693801,2.931751892,0.288751587,-0.024158746,-0.040504865,0.022417786
12.300000000,-1.695336562,-1.848758798,5.029612569,2.897672491,-1.375093039,-1.864750633,4.992852742,2.920558313,0.320243523,-0.015991836,-0.036759828,0.022885822
12.330000000,-1.693567127,-1.844988164,5.028573248,2.889098770,-1.349159699,-1.854934917,4.991447672,2.912138073,0.344407428,-0.009946753,-0.037125575,0.023039303
12.360000000,-1.691851167,-1.841215677,5.029195301,2.880296270,-1.322738907,-1.845221064,4.990031930,2.903739837,0.369112260,-0.004005387,-0.039163371,0.023443567
12.400000000,-1.689643599,-1.836184152,5.017316513,2.870159486,-1.286881668,-1.832418658,4.988124888,2.892572192,0.402761931,0.003765494,-0.029191625,0.022412706
12.430000000,-1.688052535,-1.832392051,5.014746527,2.862022199,-1.259558444,-1.822928836,4.986697572,2.884185396,0.428494091,0.009463215,-0.028048954,0.022163197
12.460000000,-1.686520303,-1.828602112,5.015046176,2.853337199,-1.231835844,-1.813553307,4.985276097,2.875776075,0.454684458,0.015048805,-0.029770079,0.022438876
12.500000000,-1.490693818,-1.827596336,5.000971168,2.843136450,-1.194324208,-1.801220916,4.983417158,2.864575020,0.296369610,0.026375420,-0.017554011,0.021438570
12.530000000,-1.486852665,-1.823869441,4.994639737,2.835169108,-1.165778806,-1.792105143,4.982042855,2.856198383,0.321073859,0.031764298,-0.012596882,0.021029275
12.560000000,-1.483087506,-1.820155054,4.994521024,2.826786608,-1.136861595,-1.783119742,4.980697922,2.847829737,0.346225911,0.037035312,-0.013823101,0.021043129
12.600000000,-1.478170248,-1.815218637,4.993720332,2.815985532,-1.097864760,-1.771302991,4.978952510,2.836649021,0.380305487,0.043915647,-0.014767821,0.020663489
12.630000000,-1.474575601,-1.811519202,4.992947412,2.806943159,-1.068287581,-1.762561662,4.977689742,2.828259391,0.406288020,0.048957540,-0.015257670,0.021316232
12.660000000,-1.471065631,-1.807825145,4.993039890,2.797998159,-1.038370162,-1.753939164,4.976466299,2.819895306,0.432695469,0.053885981,-0.016573591,0.021897146
12.700000000,-1.466489213,-1.802905404,4.999615499,2.787061843,-0.998061323,-1.742583102,4.974862715,2.808765139,0.468427890,0.060322301,-0.024752784,0.021703296
12.730000000,-1.463117986,-1.799226638,4.989158001,2.778523309,-0.967553583,-1.734158790,4.973687366,2.800398658,0.495564403,0.065067848,-0.015470635,0.021875350
12.760000000,-1.459820467,-1.795551248,4.989334967,2.770168309,-0.936786877,-1.725827243,4.972531196,2.792009713,0.523033589,0.069724005,-0.016803770,0.021841405
12.800000000,-1.455538232,-1.790654371,4.979288361,2.759270659,-0.895407152,-1.714860157,4.971022970,2.780845813,0.560131079,0.075794214,-0.008265391,0.021575154
12.830000000,-1.452412943,-1.786988457,4.972952518,2.751389651,-0.864117422,-1.706746239,4.969913668,2.772491765,0.588295521,0.080242218,-0.003038849,0.021102114
12.860000000,-1.449365636,-1.783313064,4.972825003,2.742519651,-0.832618333,-1.698737997,4.968850272,2.764126855,0.616747303,0.084575067,-0.003974731,0.021607204
12.900000000,-1.445412545,-1.778415819,4.971812763,2.731854616,-0.790378583,-1.688199962,4.967500688,2.752950155,0.655033962,0.090215857,-0.004312075,0.021095539
12.930000000,-1.442537310,-1.774758121,4.980916824,2.724238668,-0.758512119,-1.680410851,4.966556925,2.744570736,0.684025191,0.094347269,-0.014359899,0.020332068
12.960000000,-1.439742976,-1.771120182,4.981383286,2.715403668,-0.726460365,-1.672743254,4.965666635,2.736206407,0.713282611,0.098376928,-0.015716651,0.020802739
13.000000000,-1.175312868,-1.709785710,4.993938440,2.703926585,-0.683529704,-1.662669260,4.964542885,2.725052665,0.491783164,0.047116450,-0.029395554,0.021126080
13.030000000,-1.169350820,-1.705444792,4.998110984,2.696997570,-0.651219760,-1.655216525,4.963737886,2.716674533,0.518131060,0.050228267,-0.034373098,0.019676963
13.060000000,-1.163475235,-1.701108175,4.999305979,2.688332570,-0.618801849,-1.647870934,4.962966841,2.708291222,0.544673386,0.053237240,-0.036339137,0.019958652
13.100000000,-1.155764006,-1.695352378,4.994175418,2.676804966,-0.575424766,-1.638229648,4.961974135,2.697126504,0.580339240,0.057122730,-0.032201283,0.020321538
13.130000000,-1.150072112,-1.691039286,5.004451875,2.668527455,-0.542799017,-1.631104017,4.961246075,2.688759259,0.607273095,0.059935268,-0.043205799,0.020231804
13.160000000,-1.144464817,-1.686735247,5.005908227,2.660182455,-0.510122216,-1.624062515,4.960553324,2.680382141,0.634342602,0.062672733,-0.045354902,0.020199686
13.200000000,-1.137125390,-1.681012554,5.000050968,2.649195687,-0.466497557,-1.614779739,4.959685493,2.669203714,0.670627833,0.066232815,-0.040365474,0.020008027
13.230000000,-1.131719507,-1.676727195,4.996659207,2.640837609,-0.433723990,-1.607907175,4.959078575,2.660827667,0.697995518,0.068820020,-0.037580632,0.019990058
13.260000000,-1.126384917,-1.672444569,4.997972656,2.632015109,-0.400905097,-1.601127339,4.958500674,2.652461330,0.725479821,0.071317231,-0.039471982,0.020446221
13.300000000,-1.119375952,-1.666741780,4.982887704,2.619912916,-0.357144902,-1.592194400,4.957796319,2.641299036,0.762231050,0.074547380,-0.025091385,0.021386120
13.330000000,-1.114210644,-1.662486082,4.979752445,2.610487756,-0.324347824,-1.585570387,4.957316740,2.632921677,0.789862820,0.076915696,-0.022435705,0.022433920
13.360000000,-1.109125464,-1.658246021,4.980682790,2.601855256,-0.291565755,-1.579035211,4.956905839,2.624543424,0.817559708,0.079210810,-0.023776951,0.022688167
13.400000000,-1.102474036,-1.652589326,4.986981962,2.591009615,-0.247874375,-1.570449943,4.956444217,2.613369577,0.854599661,0.082139382,-0.030537746,0.022359962
13.430000000,-1.097583663,-1.648357826,4.978098100,2.582472231,-0.215148768,-1.564094256,4.956170049,2.604987970,0.882434894,0.084263570,-0.021928051,0.022515739
13.460000000,-1.092760635,-1.644145022,4.979218684,2.573787231,-0.182501149,-1.557804000,4.955955860,2.596609328,0.910259487,0.086341022,-0.023262824,0.022822097
13.500000000,-0.768165585,-1.587753701,4.972032371,2.563324288,-0.139069234,-1.549509201,4.955734032,2.585438075,0.629096351,0.038244500,-0.016298340,0.022113787
13.530000000,-0.759462272,-1.582929344,4.990449712,2.554997706,-0.106555838,-1.543365412,4.955617972,2.577057022,0.652906434,0.039563931,-0.034831740,0.022059317
13.560000000,-0.750831083,-1.578126499,4.992131000,2.546315206,-0.074120004,-1.537287531,4.955551161,2.568678301,0.676711079,0.040838968,-0.036579839,0.022363096
13.600000000,-0.739439129,-1.571739980,4.999576629,2.535534468,-0.031023421,-1.529236344,4.955542230,2.557509911,0.708415708,0.042503635,-0.044034400,0.021975444
13.630000000,-0.730998898,-1.566957382,4.988279994,2.526775810,0.001180183,-1.523227151,4.955573414,2.549133460,0.732179081,0.043730230,-0.032706580,0.022357650
13.660000000,-0.722647376,-1.562194865,4.989969544,2.518023310,0.033285727,-1.517250657,4.955640065,2.540759256,0.755933104,0.044944208,-0.034329479,0.022735946
13.700000000,-0.711622918,-1.555853072,4.988230984,2.507532942,0.075962564,-1.509312692,4.955753235,2.529604381,0.787585482,0.046540380,-0.032477749,0.022071439
13.730000000,-0.703424174,-1.551117686,4.978211024,2.498841213,0.107846199,-1.503358278,4.955873290,2.521237615,0.811270373,0.047759408,-0.022337733,0.022396401
13.760000000,-0.695306843,-1.546401055,4.979619917,2.490033713,0.139587048,-1.497385450,4.956025392,2.512858988,0.834893892,0.049015605,-0.023594525,0.022825275
13.800000000,-0.684615983,-1.540103739,4.986947580,2.479269316,0.181737404,-1.489408624,4.956288183,2.501686941,0.866353388,0.050695114,-0.030659397,0.022417624
13.830000000,-0.676681797,-1.535390350,4.993281710,2.471246661,0.213230578,-1.483421817,4.956529711,2.493317329,0.889912376,0.051968533,-0.036751999,0.022070668
13.860000000,-0.668801621,-1.530698928,4.995222974,2.462624161,0.244581205,-1.477413593,4.956810905,2.484948650,0.913382826,0.053285336,-0.038412069,0.022324489
13.900000000,-0.658407301,-1.524473533,4.995834843,2.451200884,0.286157044,-1.469346981,4.957216446,2.473774868,0.944564345,0.055126552,-0.038618396,0.022573983
13.930000000,-0.650707924,-1.519826362,4.987898230,2.443303101,0.317175269,-1.463258297,4.957535543,2.465388520,0.967883194,0.056568064,-0.030362687,0.022085419
13.960000000,-0.643079924,-1.515201273,4.989697434,2.434833101,0.348048084,-1.457143932,4.957873271,2.457009790,0.991128008,0.058057341,-0.031824163,0.022176689
14.000000000,-0.248024737,-1.473042712,4.982029230,2.424528769,0.389003039,-1.448942912,4.958345723,2.445845149,0.637027776,0.024099799,-0.023683507,0.021316381
14.030000000,-0.235623986,-1.467995313,4.970589846,2.416720922,0.419537457,-1.442733131,4.958733247,2.437462745,0.655161443,0.025262181,-0.011856599,0.020741822
14.060000000,-0.223301796,-1.462966899,4.971891600,2.408188422,0.449885119,-1.436457283,4.959154854,2.429067792,0.673186915,0.026509615,-0.012736746,0.020879370
14.100000000,-0.207011907,-1.456301349,4.962015516,2.396570240,0.490127000,-1.428016353,4.959782854,2.417885180,0.697138908,0.028284996,-0.002232662,0.021314940
14.130000000,-0.194889428,-1.451322183,4.950271951,2.388385053,0.520145207,-1.421623185,4.960300141,2.409512465,0.715034636,0.029698998,0.010028190,0.021127412
14.160000000,-0.182837774,-1.446382935,4.951102641,2.379622553,0.549979097,-1.415133071,4.960877563,2.401130663,0.732816871,0.031249863,0.009774922,0.021508110
14.200000000,-0.166869051,-1.439816784,4.953685070,2.368849487,0.589505518,-1.406326194,4.961713550,2.389925212,0.756374569,0.033490590,0.008028480,0.021075725
14.230000000,-0.155001248,-1.434903382,4.965098062,2.360263112,0.618981700,-1.399618840,4.962407935,2.381524642,0.773982948,0.035284542,-0.002690127,0.021261530
14.260000000,-0.143222625,-1.430010841,4.966630152,2.351700612,0.648303260,-1.392822712,4.963151158,2.373152992,0.791525885,0.037188129,-0.003478994,0.021452379
14.300000000,-0.127633332,-1.423540960,4.964729559,2.340457152,0.687161294,-1.383619638,4.964189876,2.361990100,0.814794626,0.039921322,-0.000539683,0.021532948
14.330000000,-0.116029893,-1.418718003,4.982640097,2.331886424,0.716105720,-1.376595275,4.964987006,2.353595097,0.832135613,0.042122728,-0.017653091,0.021708674
14.360000000,-0.104502659,-1.413903539,4.984757575,2.323381424,0.744859432,-1.369461043,4.965803671,2.345193332,0.849362091,0.044442496,-0.018953904,0.021811908
14.400000000,-0.089244111,-1.407507951,4.989432250,2.313071667,0.782969918,-1.359830899,4.966923865,2.334013839,0.872214029,0.047677052,-0.022508385,0.020942172
14.430000000,-0.077868586,-1.402737621,4.982868672,2.304534434,0.811375016,-1.352512133,4.967765813,2.325638833,0.889243602,0.050225487,-0.015102860,0.021104399
14.460000000,-0.066556706,-1.398010965,4.984960361,2.296151934,0.839578736,-1.345069877,4.968609084,2.317248573,0.906135442,0.052941088,-0.016351276,0.021096639
14.500000000,0.223987410,-1.301141233,4.975239764,2.285573042,0.876920820,-1.334982571,4.969727049,2.306043777,0.652933410,-0.033841337,-0.005512715,0.020470736
14.530000000,0.238648388,-1.295335402,4.973262389,2.277429620,0.904753104,-1.327314318,4.970577724,2.297650696,0.666104716,-0.031978916,-0.002684665,0.020221075
14.560000000,0.253244998,-1.289574802,4.975030405,2.268839620,0.932419291,-1.319546873,4.971435750,2.289276360,0.679174292,-0.029972071,-0.003594655,0.020436740
14.600000000,0.272637602,-1.281978837,4.987654218,2.257498856,0.969060061,-1.309021053,4.972616825,2.278098381,0.696422460,-0.027042216,-0.015037393,0.020599525
14.630000000,0.287112288,-1.276309676,4.990543573,2.248840318,0.996349785,-1.300988487,4.973522146,2.269692927,0.709237497,-0.024678812,-0.017021428,0.020852610
14.660000000,0.301518821,-1.270655664,4.992844449,2.240370318,1.023471241,-1.292838019,4.974444935,2.261289712,0.721952420,-0.022182354,-0.018399514,0.020919394
14.700000000,0.320626320,-1.263173128,4.994063864,2.229649127,1.059432331,-1.281833245,4.975660124,2.250117371,0.738806011,-0.018660117,-0.018403740,0.020468245
14.730000000,0.334885723,-1.257622231,4.998384527,2.221542660,1.086242570,-1.273458685,4.976557796,2.241742603,0.751356847,-0.015836455,-0.021826731,0.020199943
14.760000000,0.349112201,-1.252112596,5.000819567,2.212790160,1.112878693,-1.264938966,4.977440600,2.233340822,0.763766492,-0.012826369,-0.023378967,0.020550663
14.800000000,0.367981764,-1.244790712,4.996779152,2.201801964,1.148183634,-1.253403347,4.978603655,2.222126607,0.780201871,-0.008612635,-0.018175497,0.020324643
14.830000000,0.382082065,-1.239341665,4.987292697,2.193681463,1.174527181,-1.244641281,4.979465060,2.213740786,0.792445116,-0.005299615,-0.007827637,0.020059323
14.860000000,0.396116879,-1.233925318,4.989253166,2.184833963,1.200736528,-1.235762050,4.980308734,2.205373641,0.804619649,-0.001836732,-0.008944432,0.020539678
14.900000000,0.414753213,-1.226792160,4.997603848,2.173857724,1.235483596,-1.223729315,4.981427760,2.194183983,0.820730383,0.003062845,-0.016176088,0.020326259
14.930000000,0.428665097,-1.221501399,4.996129910,2.165448115,1.261400260,-1.214559547,4.982262837,2.185764963,0.832735164,0.006941852,-0.013867074,0.020316848
14.960000000,0.442520864,-1.216240578,4.998245466,2.156780615,1.287199217,-1.205272289,4.983100751,2.177365463,0.844678353,0.010968289,-0.015144714,0.020584848
15.000000000,0.718299138,-1.187610963,4.990197444,2.145983396,1.321453722,-1.192740401,4.984186992,2.166207889,0.603154584,-0.005129438,-0.006010452,0.020224493
15.030000000,0.735331848,-1.182200029,4.995598295,2.137044855,1.347025137,-1.183206345,4.984988000,2.157828896,0.611693289,-0.001006316,-0.010610296,0.020784041
15.060000000,0.752297440,-1.176831623,4.997574565,2.128509855,1.372473379,-1.173523363,4.985771616,2.149409964,0.620175939,0.003308260,-0.011802949,0.020900109
15.100000000,0.774844469,-1.169742951,4.987779054,2.117470965,1.406269509,-1.160445577,4.986817446,2.138195269,0.631425040,0.009297374,-0.000961608,0.020724304
15.130000000,0.791705848,-1.164500095,5.000714474,2.109722386,1.431531396,-1.150526609,4.987591062,2.129825463,0.639825548,0.013973486,-0.013123412,0.020103077
15.160000000,0.808523452,-1.159309118,5.002798327,2.100934886,1.456703235,-1.140476430,4.988361744,2.121458673,0.648179782,0.018832688,-0.014436583,0.020523787
15.200000000,0.830872455,-1.152473234,5.003096849,2.089784952,1.490137912,-1.126872587,4.989382709,2.110239532,0.659265457,0.025600647,-0.013714140,0.020454579
15.230000000,0.847585061,-1.147393106,5.004119098,2.082152597,1.515132784,-1.116532925,4.990133747,2.101807307,0.667547724,0.030860180,-0.013985351,0.019654710
15.260000000,0.864255700,-1.142365270,5.006262641,2.073562597,1.540069037,-1.106087608,4.990865795,2.093423016,0.675813337,0.036277662,-0.015396846,0.019860419
15.300000000,0.886412558,-1.135751406,5.002135603,2.061272311,1.573237046,-1.092010368,4.991806320,2.082278020,0.686824488,0.043741038,-0.010329283,0.021005709
15.330000000,0.902994002,-1.130861195,4.993546741,2.052751128,1.598041083,-1.081315871,4.992491972,2.073880835,0.695047081,0.049545324,-0.001054769,0.021129707
15.360000000,0.919522616,-1.126030611,4.995182923,2.043948628,1.622777840,-1.070488940,4.993150543,2.065444601,0.703255225,0.055541672,-0.002032380,0.021495973
15.400000000,0.941477970,-1.119672391,4.997610297,2.031739850,1.655699606,-1.055922687,4.994016836,2.054243297,0.714221637,0.063749704,-0.003593461,0.022503447
15.430000000,0.957886823,-1.114984199,4.981118637,2.023500420,1.680352267,-1.044908349,4.994655074,2.045890324,0.722465444,0.070075851,0.013536437,0.022389904
15.460000000,0.974262192,-1.110369387,4.982295836,2.014557920,1.704955635,-1.033778077,4.995293987,2.037514937,0.730693443,0.076591310,0.012998152,0.022957017
15.500000000,1.208804000,-0.979571991,4.985642351,2.003790653,1.737693205,-1.018772556,4.996128565,2.026278896,0.528889205,-0.039200566,0.010486214,0.022488243
15.530000000,1.227784764,-0.973510325,4.986887791,1.995942288,1.762212707,-1.007421320,4.996765344,2.017858670,0.534427943,-0.033910995,0.009877553,0.021916382
15.560000000,1.246708492,-0.967514083,4.988248708,1.987197288,1.786713649,-0.995997517,4.997408732,2.009495225,0.540005157,-0.028483433,0.009160024,0.022297937
15.600000000,1.271871554,-0.959631101,4.997524693,1.976841537,1.819348728,-0.980645079,4.998277988,1.998342757,0.547477174,-0.021013978,0.000753296,0.021501220
15.630000000,1.290682407,-0.953807633,4.993488991,1.968200779,1.843794482,-0.969024660,4.998930784,1.989923582,0.553112075,-0.015217027,0.005441793,0.021722803
15.660000000,1.309437734,-0.948035259,4.995024119,1.959370779,1.868221089,-0.957321254,4.999579121,1.981489088,0.558783355,-0.009285995,0.004555002,0.022118309
15.700000000,1.334354464,-0.940409190,4.990255878,1.947973806,1.900785707,-0.941652443,5.000430968,1.970314895,0.566431243,-0.001243252,0.010175090,0.022341090
15.730000000,1.352983195,-0.934762965,4.993290902,1.940086574,1.925205160,-0.929849070,5.001058830,1.961965569,0.572221964,0.004913895,0.007767928,0.021878996
15.760000000,1.371564652,-0.929189040,4.994759658,1.930966574,1.949611380,-0.917968636,5.001687714,1.953568569,0.578046728,0.011220404,0.006928056,0.022601995
15.800000000,1.396243634,-0.921860251,4.987782571,1.920313412,1.982143899,-0.902039966,5.002517494,1.942323508,0.585900264,0.019820285,0.014734923,0.022010096
15.830000000,1.414682667,-0.916423707,4.997954398,1.912033313,2.006552011,-0.890061423,5.003140274,1.933923788,0.591869343,0.026362285,0.005185876,0.021890475
15.860000000,1.433070119,-0.911070316,4.999532949,1.903400813,2.030975545,-0.878063616,5.003754004,1.925573313,0.597905425,0.033006700,0.004221055,0.022172499
15.900000000,1.457504455,-0.904047105,5.008437487,1.893505576,2.063548107,-0.862008207,5.004581139,1.914400774,0.606043652,0.042038898,-0.003856348,0.020895198
15.930000000,1.475776508,-0.898860631,5.001489833,1.886100046,2.087978433,-0.849919516,5.005188321,1.905968893,0.612201925,0.048941115,0.003698488,0.019868846
15.960000000,1.494010926,-0.893719123,5.003112768,1.877452546,2.112414524,-0.837821623,5.005781867,1.897554533,0.618403598,0.055897500,0.002669099,0.020101986
16.000000000,1.693098318,-0.775204891,5.006677298,1.866443108,2.144997757,-0.821720023,5.006535663,1.886398237,0.451899439,-0.046515132,-0.000141635,0.019955129
16.030000000,1.713453395,-0.768802023,5.002102492,1.858612023,2.169415644,-0.809656928,5.007087003,1.878032053,0.455962249,-0.040854905,0.004984511,0.019420030
16.060000000,1.733757098,-0.762458554,5.003658550,1.849929523,2.193784700,-0.797596318,5.007634621,1.869644077,0.460027602,-0.035137765,0.003976071,0.019714554
16.100000000,1.760762468,-0.754084658,5.011663015,1.838852370,2.226173064,-0.781576456,5.008362076,1.858489262,0.465410596,-0.027491799,-0.003300939,0.019636891
16.130000000,1.780972199,-0.747877122,5.013699635,1.830014870,2.250345213,-0.769664815,5.008915937,1.850130523,0.469373014,-0.021787693,-0.004783698,0.020115653
16.160000000,1.801150507,-0.741751686,5.015548678,1.821232370,2.274320316,-0.757885065,5.009481139,1.841747617,0.473169809,-0.016133379,-0.006067539,0.020515247
16.200000000,1.827997223,-0.733711637,5.014040481,1.809755302,2.305921875,-0.742345730,5.010257709,1.830655398,0.477924652,-0.008634093,-0.003782772,0.020900097
16.230000000,1.848068124,-0.727759220,5.024922012,1.802430721,2.329319441,-0.730831089,5.010847168,1.822433555,0.481251317,-0.003071870,-0.014074844,0.020002834
16.260000000,1.868081650,-0.721864878,5.027107266,1.793773221,2.352419931,-0.719501604,5.011458805,1.814152083,0.484338281,0.002363274,-0.015648461,0.020378862
16.300000000,1.894682964,-0.714105044,5.037384970,1.783758318,2.382852380,-0.704659793,5.012284199,1.802966412,0.488169416,0.009445251,-0.025100771,0.019208094
16.330000000,1.914566267,-0.708380618,5.040423468,1.774485698,2.405412345,-0.693700283,5.012910026,1.794595068,0.490846079,0.014680335,-0.027513441,0.020109370
16.360000000,1.934410685,-0.702725853,5.043020252,1.765943198,2.427721307,-0.682896950,5.013514128,1.786309467,0.493310621,0.019828902,-0.029506125,0.020366269
16.400000000,1.960807219,-0.695269305,5.049349367,1.754945972,2.457152164,-0.668749946,5.014283309,1.775237498,0.496344945,0.026519359,-0.035066058,0.020291526
16.430000000,1.980548747,-0.689735216,5.035759585,1.746874958,2.478994210,-0.658364064,5.014822142,1.766842412,0.498445463,0.031371152,-0.020937443,0.019967454
16.460000000,2.000237324,-0.684273112,5.037970320,1.738322458,2.500593925,-0.648192450,5.015320614,1.758424509,0.500356600,0.036080662,-0.022649706,0.020102051
16.500000000,2.171108048,-0.586580843,5.027262776,1.727454280,2.529046978,-0.634889042,5.015928774,1.747327104,0.357938930,-0.048308199,-0.011334002,0.019872824
16.530000000,2.192553344,-0.580120280,5.019381374,1.720678808,2.550116829,-0.625127571,5.016352469,1.739059705,0.357563485,-0.045007291,-0.003028905,0.018380897
16.560000000,2.213959536,-0.573716979,5.020929459,1.712021308,2.570907091,-0.615629186,5.016767041,1.730712078,0.356947555,-0.041912207,-0.004162418,0.018690770
16.600000000,2.242459542,-0.565304863,5.023817602,1.700659527,2.598219385,-0.603325887,5.017313251,1.719501669,0.355759843,-0.038021024,-0.006504350,0.018842142
16.630000000,2.263815878,-0.559081411,5.026010835,1.692192912,2.618355701,-0.594356575,5.017733647,1.711191903,0.354539823,-0.035275164,-0.008277188,0.018998991
16.660000000,2.285156017,-0.552904320,5.027773347,1.683632912,2.638088216,-0.585663599,5.018156605,1.703019205,0.352932199,-0.032759279,-0.009616741,0.019386292
16.700000000,2.313581889,-0.544751536,5.022182671,1.673275889,2.663785438,-0.574512059,5.018732622,1.691993797,0.350203549,-0.029760522,-0.003450048,0.018717908
16.730000000,2.334894722,-0.538706537,5.029006764,1.665874757,2.682551662,-0.566499636,5.019158846,1.683535896,0.347656939,-0.027793098,-0.009847918,0.017661139
16.760000000,2.356191754,-0.532731634,5.030873592,1.657234757,2.700757301,-0.558823535,5.019592958,1.675150584,0.344565547,-0.026091901,-0.011280635,0.017915827
16.800000000,2.384551648,-0.524860467,5.032046592,1.646263441,2.724230541,-0.549034662,5.020170077,1.664283807,0.339678893,-0.024174195,-0.011876515,0.018020366
16.830000000,2.405778732,-0.519014944,5.032450894,1.638240444,2.741212021,-0.542061035,5.020602189,1.656120853,0.335433290,-0.023046091,-0.011848705,0.017880409
16.860000000,2.426971602,-0.513215358,5.034432238,1.629817944,2.757552990,-0.535487301,5.021019097,1.647674580,0.330581388,-0.022271943,-0.013413141,0.017856636
16.900000000,2.455198255,-0.505593992,5.032694928,1.618386586,2.778467954,-0.527233919,5.021553167,1.636376574,0.323269698,-0.021639926,-0.011141761,0.017989988
16.930000000,2.476364323,-0.499948015,5.032638106,1.609516628,2.793490542,-0.521408023,5.021931050,1.628170769,0.317126220,-0.021460009,-0.010707057,0.018654140
16.960000000,2.497518787,-0.494355801,5.034582619,1.600779128,2.807838689,-0.515966099,5.022320826,1.619960792,0.310319902,-0.021610298,-0.012261792,0.019181664
17.000000000,2.581415158,-0.398156016,5.041723089,1.590367968,2.826014250,-0.509238987,5.022883818,1.608323446,0.244599092,-0.111082971,-0.018839271,0.017955477
17.030000000,2.603302147,-0.391567247,5.041293472,1.582500974,2.838844442,-0.504540011,5.023340429,1.599384310,0.235542295,-0.112972763,-0.017953042,0.016883336
17.060000000,2.625224694,-0.385059015,5.043650877,1.573963474,2.850736464,-0.500113031,5.023813709,1.591007421,0.225511770,-0.115054015,-0.019837168,0.017043947
17.100000000,2.654514519,-0.376466228,5.042564765,1.562594005,2.865148248,-0.494568979,5.024420986,1.580241898,0.210633729,-0.118102751,-0.018143779,0.017647893
17.130000000,2.676508735,-0.370113948,5.049303914,1.554588004,2.874759428,-0.490703944,5.024841333,1.571493103,0.198250693,-0.120589997,-0.024462581,0.016905100
17.160000000,2.698540765,-0.363843747,5.051947697,1.546058004,2.883068212,-0.487096154,5.025190160,1.562049545,0.184527447,-0.123252407,-0.026757537,0.015991541
17.200000000,2.727951468,-0.355592211,5.055819945,1.535949862,2.892320891,-0.482509012,5.025559747,1.550314247,0.164369423,-0.126916801,-0.030260198,0.014364385
17.230000000,2.750035183,-0.349471996,5.061362576,1.527763940,2.897872814,-0.479198071,5.025729833,1.542394246,0.147837631,-0.129726075,-0.035632743,0.014630306
17.260000000,2.772142997,-0.343398341,5.064260104,1.519163940,2.902039592,-0.476034593,5.025799276,1.534051274,0.129896595,-0.132636252,-0.038460828,0.014887334
17.300000000,2.801645038,-0.335382990,5.072888914,1.508526614,2.905790529,-0.471993717,5.025728371,1.521760547,0.104145492,-0.136610727,-0.047160542,0.013233933
17.330000000,2.823790112,-0.329448570,5.063416799,1.500691915,2.907286654,-0.469025494,5.025566232,1.512729652,0.083496542,-0.139576924,-0.037850567,0.012037738
17.360000000,2.845931304,-0.323581797,5.066159031,1.492056915,2.907519107,-0.466052821,5.025281756,1.504680775,0.061587803,-0.142471025,-0.040877275,0.012623860
17.400000000,2.875495673,-0.315830313,5.072615064,1.480841818,2.906210154,-0.462098393,5.024764513,1.493930371,0.030714481,-0.146268079,-0.047850550,0.013088554
17.430000000,2.897714153,-0.310080474,5.068505168,1.473033697,2.904059152,-0.459152798,5.024283001,1.485051067,0.006344998,-0.149072325,-0.044222167,0.012017369
17.460000000,2.919972527,-0.304405820,5.071174234,1.464563697,2.900797816,-0.456172825,5.023719563,1.475991152,-0.019174712,-0.151767005,-0.047454671,0.011427454
17.500000000,2.903613903,-0.305536693,5.064901006,1.453262784,2.895052281,-0.452054003,5.022868339,1.464928636,-0.008561622,-0.146517310,-0.042032667,0.011665852
17.530000000,2.925364752,-0.300138538,5.073205206,1.444853934,2.889744838,-0.448849445,5.022158223,1.457041102,-0.035619914,-0.148710908,-0.051046983,0.012187169
17.560000000,2.947155585,-0.294785189,5.075876280,1.436341434,2.883489839,-0.445559999,5.021406515,1.448553394,-0.063665746,-0.150774810,-0.054469765,0.012211960
17.600000000,2.976276596,-0.287740352,5.077058546,1.424434684,2.873969068,-0.441021242,5.020347232,1.436686163,-0.102307528,-0.153280889,-0.056711315,0.012251479
17.630000000,2.998178328,-0.282544265,5.082700723,1.417173724,2.866002346,-0.437433927,5.019529251,1.428202636,-0.132175982,-0.154889662,-0.063171472,0.011028912
17.660000000,3.020131327,-0.277403322,5.085525854,1.408538724,2.857277679,-0.433631267,5.018671075,1.420264414,-0.162853648,-0.156227946,-0.066854778,0.011725690
17.700000000,3.049487917,-0.270634291,5.088371935,1.397045230,2.844702770,-0.428321956,5.017511215,1.409312013,-0.204785147,-0.157687664,-0.070860720,0.012266783
17.730000000,3.071575598,-0.265632671,5.083364907,1.389785566,2.834609990,-0.424167423,5.016614196,1.400589391,-0.236965608,-0.158534752,-0.066750711,0.010803825
17.760000000,3.093734606,-0.260705504,5.086048237,1.381430566,2.823909459,-0.419777599,5.015711517,1.391980921,-0.269825147,-0.159072095,-0.070336720,0.010550355
17.800000000,3.123390458,-0.254248238,5.068314664,1.370475143,2.808895749,-0.413545786,5.014489616,1.381140554,-0.314494709,-0.159297548,-0.053825048,0.010665411
17.830000000,3.145708900,-0.249481607,5.067558448,1.363315841,2.797101556,-0.408608327,5.013576537,1.373051713,-0.348607344,-0.159126720,-0.053981911,0.009735872
17.860000000,3.168084886,-0.244784240,5.069665614,1.354768341,2.784799946,-0.403437593,5.012680423,1.364511092,-0.383284940,-0.158653354,-0.056985190,0.009742751
17.900000000,3.198027625,-0.238655457,5.055143108,1.343108987,2.767773624,-0.396172417,5.011530671,1.352998757,-0.430254001,-0.157516960,-0.043612437,0.009889770
17.930000000,3.220575175,-0.234154182,5.040479076,1.334057720,2.754573246,-0.390388808,5.010708488,1.344727161,-0.466001930,-0.156234626,-0.029770588,0.010669441
17.960000000,3.243200156,-0.229717014,5.041807101,1.325380220,2.740971368,-0.384271907,5.009917688,1.336654950,-0.502228789,-0.154554893,-0.031889413,0.011274730
18.000000000,3.132309643,-0.230185588,5.029346335,1.314131147,2.722322210,-0.375727937,5.008928816,1.325475355,-0.409987432,-0.145542349,-0.020417519,0.011344207
18.030000000,3.153332964,-0.226001854,5.027167775,1.305339101,2.707975080,-0.369017482,5.008235126,1.316831632,-0.445357884,-0.143015627,-0.018932649,0.011492531
18.060000000,3.174466588,-0.221913987,5.028290676,1.296861601,2.693307486,-0.361939754,5.007601970,1.308409818,-0.481159102,-0.140025767,-0.020688706,0.011548217
18.100000000,3.202776399,-0.216585911,5.021191857,1.285727965,2.673369854,-0.351989417,5.006794139,1.297515240,-0.529406545,-0.135403507,-0.014397718,0.011787275
18.130000000,3.224107694,-0.212662286,5.021890999,1.276913662,2.658153426,-0.344176757,5.006233038,1.289239375,-0.565954268,-0.131514471,-0.015657961,0.012325713
18.160000000,3.245530600,-0.208814025,5.023009603,1.268593662,2.642712860,-0.336032983,5.005703676,1.280715746,-0.602817740,-0.127218957,-0.017305927,0.012122084
18.200000000,3.274224339,-0.203835021,5.025266486,1.257406482,2.621897262,-0.324671588,5.005054771,1.269446330,-0.652327077,-0.120836567,-0.020211714,0.012039847
18.230000000,3.295837200,-0.200211987,5.029105950,1.249112274,2.606147557,-0.315745230,5.004594837,1.261206881,-0.689689643,-0.115533243,-0.024511113,0.012094607
18.260000000,3.317527108,-0.196668758,5.030545816,1.240644774,2.590266546,-0.306442327,5.004165793,1.252960007,-0.727260561,-0.109773569,-0.026380023,0.012315232
18.300000000,3.346579691,-0.192091291,5.018765557,1.228984085,2.568912676,-0.293575731,5.003617553,1.241679055,-0.777667015,-0.101484440,-0.015148004,0.012694970
18.330000000,3.368466182,-0.188794348,5.020502113,1.220449093,2.552774897,-0.283548654,5.003219236,1.233146508,-0.815691285,-0.094754306,-0.017282877,0.012697415
18.360000000,3.390442286,-0.185610883,5.021735046,1.211789093,2.536534500,-0.273091790,5.002839347,1.224815233,-0.853907786,-0.087480907,-0.018895700,0.013026140
18.400000000,3.419890888,-0.181501197,5.035662199,1.201018910,2.514743027,-0.258592355,5.002360145,1.213831539,-0.905147861,-0.077091158,-0.033302054,0.012812629
18.430000000,3.442083206,-0.178521695,5.038478592,1.192772662,2.498286861,-0.247338178,5.002031894,1.205429665,-0.943796345,-0.068816484,-0.036446698,0.012657003
18.460000000,3.464352626,-0.175649562,5.040327727,1.184477662,2.481727142,-0.235700705,5.001703840,1.196872692,-0.982625485,-0.060051143,-0.038623887,0.012395031
18.500000000,3.073723477,-0.092673815,5.031744857,1.173003089,2.459546008,-0.219605020,5.001258236,1.185651036,-0.614177469,-0.126931204,-0.030486621,0.012647947
18.530000000,3.090820493,-0.089060448,5.033620663,1.165148589,2.442845137,-0.207091291,5.000892706,1.177417434,-0.647975356,-0.118030843,-0.032727957,0.012268845
18.560000000,3.108015340,-0.085542006,5.035298381,1.156248589,2.426070193,-0.194178932,5.000532936,1.169065684,-0.681945146,-0.108636926,-0.034765445,0.012817095
18.600000000,3.131085743,-0.081013108,5.025352748,1.143976072,2.403627855,-0.176450046,5.000066851,1.157666517,-0.727457887,-0.095436938,-0.025285897,0.013690444
18.630000000,3.148464190,-0.077778120,5.032200997,1.135343885,2.386796966,-0.162728131,4.999746204,1.149177164,-0.761667224,-0.084950011,-0.032454793,0.013833279
18.660000000,3.165923532,-0.074646436,5.033916558,1.126688885,2.370040227,-0.148558444,4.999447534,1.140878282,-0.795883305,-0.073912009,-0.034469024,0.014189397
18.700000000,3.189332233,-0.070602512,5.029462012,1.114416663,2.347835740,-0.129150235,4.999108240,1.129793397,-0.841496493,-0.058547723,-0.030353772,0.015376734
18.730000000,3.206986639,-0.067695619,5.029323386,1.105467407,2.331288826,-0.114261530,4.998893634,1.121361932,-0.875697813,-0.046565911,-0.030429752,0.015894525
18.760000000,3.224709851,-0.064933849,5.031022775,1.096854907,2.314866223,-0.099017810,4.998717616,1.112890860,-0.909843628,-0.034083962,-0.032305159,0.016035953
18.800000000,3.248469321,-0.061448390,5.035533305,1.085827412,2.293157889,-0.078142021,4.998534600,1.101741069,-0.955311431,-0.016693631,-0.036998705,0.015913657
18.830000000,3.266397489,-0.058961669,5.030016601,1.078099138,2.276999236,-0.062080621,4.998418993,1.093469174,-0.989398253,-0.003118952,-0.031597607,0.015370036
18.860000000,3.284416963,-0.056582499,5.031838293,1.069359138,2.260919277,-0.045667839,4.998334578,1.085086594,-1.023497686,0.010914660,-0.033503715,0.015727456
18.900000000,3.308562726,-0.053607684,5.026602444,1.058436246,2.239571060,-0.023309834,4.998226818,1.073742519,-1.068991666,0.030297851,-0.028375625,0.015306274
18.930000000,3.326763552,-0.051542929,5.031773501,1.049436839,2.223649714,-0.006132898,4.998167880,1.065318481,-1.103113838,0.045410031,-0.033605622,0.015881641
18.960000000,3.345061505,-0.049600892,5.033677911,1.040896839,2.207823149,0.011466775,4.998103380,1.057065310,-1.137238356,0.061067667,-0.035574531,0.016168471
19.000000000,2.994951212,0.079788331,5.024497084,1.029458114,2.186805038,0.035421383,4.998044805,1.045968328,-0.808146174,-0.044366948,-0.026452279,0.016510214
19.030000000,3.008655825,0.083073832,5.021280998,1.020289251,2.171090131,0.053724956,4.998000803,1.037464330,-0.837565694,-0.029348876,-0.023280195,0.017175079
19.060000000,3.022435423,0.086210277,5.022862811,1.011786751,2.155450263,0.072406180,4.997970583,1.028981203,-0.866985160,-0.013804097,-0.024892228,0.017194452
19.100000000,3.040919197,0.090171553,5.029620085,1.000327885,2.134741672,0.097859147,4.997929898,1.017890987,-0.906177525,0.007687594,-0.031690187,0.017563102
19.130000000,3.054870659,0.093008020,5.027012746,0.991356290,2.119325272,0.117320978,4.997906345,1.009605614,-0.935545386,0.024312958,-0.029106401,0.018249324
19.160000000,3.068891518,0.095733536,5.028784906,0.982778790,2.104031901,0.137092771,4.997888429,1.001200399,-0.964859617,0.041359235,-0.030896477,0.018421609
19.200000000,3.087697782,0.099152428,5.020394561,0.970774433,2.083861314,0.163866719,4.997857442,0.989959532,-1.003836468,0.064714291,-0.022537119,0.019185099
19.230000000,3.101888984,0.101549152,5.019879620,0.961911189,2.068935273,0.184279134,4.997832535,0.981593667,-1.032953711,0.082729982,-0.022047085,0.019682478
19.260000000,3.116154625,0.103812500,5.021425326,0.953368689,2.054205594,0.205006008,4.997804257,0.973267824,-1.061949031,0.101193507,-0.023621068,0.019899136
19.300000000,3.135325296,0.106608822,5.018010310,0.942181024,2.034775688,0.233000915,4.997797777,0.962082442,-1.100549608,0.126392093,-0.020212532,0.019901418
19.330000000,3.149784170,0.108527887,5.017773425,0.933783347,2.020348823,0.254266433,4.997805144,0.953620969,-1.129435347,0.145738546,-0.019968281,0.019837622
19.360000000,3.164319891,0.110282409,5.019305541,0.925038347,2.006084749,0.275844780,4.997836766,0.945215965,-1.158235142,0.165562371,-0.021468774,0.020177618
19.400000000,3.183822704,0.112376650,5.018088881,0.914396000,1.987276264,0.305039016,4.997872434,0.934140607,-1.196546440,0.192662366,-0.020216447,0.019744606
19.430000000,3.198545613,0.113783846,5.015853812,0.905358713,1.973294703,0.327212351,4.997910976,0.925805902,-1.225250910,0.213428505,-0.017942836,0.020447189
19.460000000,3.213329812,0.115041852,5.017304211,0.896868713,1.959415500,0.349634487,4.997946434,0.917352772,-1.253914312,0.234592635,-0.019357777,0.020484059
19.500000000,2.849741980,0.241846747,5.020851936,0.886693796,1.941077056,0.379901105,4.998007926,0.906107464,-0.908664924,0.138054358,-0.022844010,0.019413668
19.530000000,2.859766609,0.244362563,5.018256335,0.877718174,1.927464724,0.402896086,4.998052172,0.897791522,-0.932301885,0.158533522,-0.020204163,0.020073348
19.560000000,2.869860049,0.246745428,5.019758159,0.869275674,1.913970572,0.426150412,4.998102462,0.889474392,-0.955889477,0.179404983,-0.021655696,0.020198718
19.600000000,2.883431885,0.249677097,5.005893679,0.858756946,1.896110262,0.457445772,4.998172576,0.878216801,-0.987321624,0.207768675,-0.007721103,0.019459856
19.630000000,2.893672980,0.251687878,5.011535954,0.850190840,1.882848031,0.481144191,4.998233938,0.869743468,-1.010824949,0.229456313,-0.013302017,0.019552628
19.660000000,2.903951527,0.253537996,5.012861745,0.841573340,1.869779497,0.505091690,4.998322062,0.861365328,-1.034172030,0.251553694,-0.014539683,0.019791989
19.700000000,2.917743987,0.255787923,5.016851504,0.830593780,1.852618200,0.537297897,4.998482705,0.850235711,-1.065125787,0.281509974,-0.018368799,0.019641930
19.730000000,2.928168970,0.257307442,5.006495699,0.822166802,1.839912638,0.561600120,4.998653353,0.841834455,-1.088256332,0.304292678,-0.007842346,0.019667653
19.760000000,2.938650736,0.258655480,5.007789927,0.813306802,1.827367393,0.586038411,4.998850193,0.833387248,-1.111283344,0.327382931,-0.008939733,0.020080446
19.800000000,2.952679555,0.260156565,5.014265906,0.801369257,1.810899204,0.618866073,4.999163730,0.822185679,-1.141780351,0.358709508,-0.015102176,0.020816422
19.830000000,2.963261489,0.261104991,5.003116493,0.792395242,1.798739539,0.643677150,4.999417820,0.813863785,-1.164521950,0.382572159,-0.003698673,0.021468543
19.860000000,2.973925259,0.261911609,5.004399036,0.783877742,1.786716672,0.668631675,4.999709120,0.805518023,-1.187208587,0.406720066,-0.004689916,0.021640281
19.900000000,2.988223278,0.262747886,5.006416124,0.772186785,1.770827966,0.702063639,5.000112710,0.794269450,-1.217395312,0.439315753,-0.006303414,0.022082665
19.930000000,2.998977309,0.263175199,4.987960723,0.764069939,1.759043730,0.727288356,5.000450695,0.785837795,-1.239933578,0.464113157,0.012489973,0.021767856
19.960000000,3.009772975,0.263444817,4.988848926,0.755302439,1.747415524,0.752689380,5.000803135,0.777514457,-1.262357451,0.489244563,0.011954209,0.022212017
20.000000000,2.570671846,0.466721323,4.993550819,0.744733077,1.732065854,0.786738308,5.001303782,0.766429390,-0.838605992,0.320016985,0.007752962,0.021696314
20.030000000,2.575797484,0.469226547,4.997019036,0.736431494,1.720629574,0.812370266,5.001717235,0.758016987,-0.855167910,0.343143718,0.004698199,0.021585494
20.060000000,2.580964913,0.471558277,4.998330613,0.727698994,1.709284353,0.838109293,5.002162108,0.749565572,-0.871680560,0.366551015,0.003831495,0.021866578
20.100000000,2.587915062,0.474392417,4.998473721,0.716979691,1.694344785,0.872617045,5.002784835,0.738405070,-0.893570277,0.398224627,0.004311114,0.021425379
20.130000000,2.593184823,0.476350102,5.003501761,0.709264195,1.683287372,0.898622570,5.003250928,0.730088092,-0.909897452,0.422272468,-0.000250832,0.020823897
20.160000000,2.598514370,0.478155118,5.005081564,0.700321695,1.672350330,0.924691516,5.003735449,0.721726552,-0.926164040,0.446536398,-0.001346114,0.021404858
20.200000000,2.605669822,0.480300090,5.008687490,0.689248364,1.657938712,0.959500202,5.004389452,0.710534007,-0.947731110,0.479200112,-0.004298038,0.021285643
20.230000000,2.611063069,0.481718128,4.999017364,0.681012144,1.647296204,0.985662268,5.004901507,0.702153564,-0.963766864,0.503944140,0.005884143,0.021141421
20.260000000,2.616490319,0.482973380,5.000466050,0.672362144,1.636829779,1.011885985,5.005409739,0.693799100,-0.979660540,0.528912606,0.004943688,0.021436956
20.300000000,2.623805003,0.484388175,5.004023100,0.660381255,1.623043568,1.046889173,5.006109987,0.682648439,-1.000761434,0.562500998,0.002086887,0.022267184
20.330000000,2.629327226,0.485253043,5.015536062,0.651846572,1.612798512,1.073154560,5.006648449,0.674243863,-1.016528714,0.587901517,-0.008887613,0.022397291
20.360000000,2.634877870,0.485933433,5.017509630,0.643404072,1.602666369,1.099460330,5.007211436,0.665834541,-1.032211501,0.613526897,-0.010298194,0.022430469
20.400000000,2.642342985,0.486560588,5.016190218,0.633803474,1.589332537,1.134621181,5.007964723,0.654697142,-1.053010448,0.648060594,-0.008225495,0.020893668
20.430000000,2.647999713,0.486852797,5.013787672,0.625369988,1.579432744,1.161037816,5.008520902,0.646366077,-1.068566969,0.674185019,-0.005266770,0.020996090
20.460000000,2.653694579,0.486975099,5.015656608,0.616747488,1.569584679,1.187467290,5.009072999,0.637974323,-1.084109900,0.700492191,-0.006583609,0.021226836
20.500000000,2.312520774,0.749339460,5.014819338,0.606508530,1.556535838,1.222736965,5.009810962,0.626745626,-0.755984936,0.473397506,-0.005008377,0.020237096
20.530000000,2.313827172,0.752385909,5.013734440,0.598831786,1.546842702,1.249236993,5.010378259,0.618374745,-0.766984470,0.496851084,-0.003356181,0.019542959
20.560000000,2.315164986,0.755272995,5.015543232,0.590096786,1.537232756,1.275777700,5.010946716,0.610043414,-0.777932230,0.520504705,-0.004596517,0.019946628
20.600000000,2.317016857,0.758875028,5.019910616,0.578875036,1.524469828,1.311172351,5.011725584,0.598863086,-0.792547029,0.552297323,-0.008185032,0.019988050
20.630000000,2.318428578,0.761382912,5.017085853,0.570524984,1.514937818,1.337717678,5.012311275,0.590425780,-0.803490760,0.576334766,-0.004774578,0.019900796
20.660000000,2.319856748,0.763708678,5.018979258,0.561839984,1.505498435,1.364285294,5.012918214,0.582024091,-0.814358313,0.600576616,-0.006061044,0.020184107
20.700000000,2.321813632,0.766544950,5.018142662,0.551070291,1.493050946,1.399732646,5.013722264,0.570885338,-0.828762686,0.633187696,-0.004420398,0.019815047
20.730000000,2.323354782,0.768492386,5.027846946,0.542153906,1.483773884,1.426301300,5.014344552,0.562515442,-0.839580898,0.657808913,-0.013502394,0.020361536
20.760000000,2.324919111,0.770284467,5.030039198,0.533393906,1.474522195,1.452831928,5.014971237,0.554092958,-0.850396916,0.682547461,-0.015067962,0.020699051
20.800000000,2.327013870,0.772399522,5.017247553,0.522311796,1.462269989,1.488192492,5.015834092,0.542872624,-0.864743881,0.715792970,-0.001413461,0.020560828
20.830000000,2.328610806,0.773790825,5.026802205,0.514410836,1.453168996,1.514723250,5.016478739,0.534517523,-0.875441811,0.740932425,-0.010323465,0.020106686
20.860000000,2.330240776,0.775011741,5.028891948,0.505620836,1.444116483,1.541245677,5.017133747,0.526176810,-0.886124294,0.766233936,-0.011758201,0.020555973
20.900000000,2.332460784,0.776378391,5.028722962,0.494745596,1.432044080,1.576564107,5.018033576,0.514970584,-0.900416705,0.800185715,-0.010689386,0.020224988
20.930000000,2.334135237,0.777188217,5.031413623,0.486155089,1.423003682,1.603031256,5.018720019,0.506533836,-0.911131555,0.825843039,-0.012693604,0.020378747
20.960000000,2.335832055,0.777826215,5.033637845,0.477537589,1.414023491,1.629505250,5.019418820,0.498160131,-0.921808564,0.851679035,-0.014219025,0.020622542
21.000000000,2.049521155,1.098607431,5.032756621,0.466383135,1.402104119,1.664800333,5.020341407,0.487050897,-0.647417037,0.566192902,-0.012415214,0.020667761
21.030000000,2.047604318,1.102957803,5.031387147,0.458359300,1.393151930,1.691241132,5.021039941,0.478670118,-0.654452389,0.588283329,-0.010347206,0.020310818
21.060000000,2.045698608,1.107136902,5.033518676,0.449901800,1.384177578,1.717647337,5.021722713,0.470226597,-0.661521029,0.610510435,-0.011795963,0.020324797
21.100000000,2.043171798,1.112430504,5.023513348,0.438454291,1.372255127,1.752847215,5.022644268,0.459018666,-0.670916671,0.640416710,-0.000869080,0.020564375
21.130000000,2.041306342,1.116200555,5.018854169,0.429930441,1.363363438,1.779247978,5.023323546,0.450681808,-0.677942904,0.663047423,0.004469377,0.020751366
21.160000000,2.039474269,1.119802421,5.020550498,0.421447941,1.354474396,1.805623314,5.024015860,0.442328678,-0.684999873,0.685820892,0.003465362,0.020880737
21.200000000,2.037055988,1.124342433,5.021378303,0.410530560,1.342584953,1.840733987,5.024944726,0.431102921,-0.694471034,0.716391553,0.003566423,0.020572361
21.230000000,2.035246313,1.127542477,5.015654714,0.402633027,1.333673315,1.867040168,5.025662132,0.422679047,-0.701572998,0.739497691,0.010007418,0.020046020
21.260000000,2.033432177,1.130570402,5.017210183,0.393788027,1.324805987,1.893338409,5.026386530,0.414323071,-0.708626190,0.762768007,0.009176346,0.020535045
21.300000000,2.031034577,1.134362779,5.003414589,0.383319678,1.312992979,1.928372828,5.027356704,0.403200395,-0.718041598,0.794010049,0.023942114,0.019880717
21.330000000,2.029280711,1.137017933,5.017414225,0.374988493,1.304094478,1.954608176,5.028092589,0.394794888,-0.725186232,0.817590243,0.010678364,0.019806395
21.360000000,2.027526542,1.139509297,5.019005399,0.366358493,1.295170860,1.980811437,5.028840584,0.386353263,-0.732355682,0.841302140,0.009835186,0.019994770
21.400000000,2.025204508,1.142571701,5.010470199,0.354664170,1.283305605,2.015736858,5.029874829,0.375179261,-0.741898903,0.873165158,0.019404629,0.020515090
21.430000000,2.023500217,1.144686339,5.026171538,0.346287773,1.274422690,2.041919443,5.030652095,0.366851759,-0.749077526,0.897233104,0.004480557,0.020563986
21.460000000,2.021816858,1.146655149,5.028061845,0.337480273,1.265497112,2.068068983,5.031445845,0.358473362,-0.756319746,0.921413834,0.003383999,0.020993088
21.500000000,1.817188522,1.532256493,5.047869639,0.325163521,1.253530761,2.102889479,5.032499733,0.347221126,-0.563657761,0.570632986,-0.015369907,0.022057605
21.530000000,1.812935494,1.538732062,5.058616734,0.317136732,1.244553349,2.128989210,5.033293367,0.338811326,-0.568382145,0.590257148,-0.025323367,0.021674594
21.560000000,1.808691097,1.545050640,5.061417876,0.308674232,1.235594302,2.155081791,5.034047997,0.330475797,-0.573096794,0.610031151,-0.027369879,0.021801565
21.600000000,1.803062672,1.553232650,5.067184578,0.297854765,1.223604028,2.189839626,5.035001317,0.319331727,-0.579458644,0.636606975,-0.032183261,0.021476962
21.630000000,1.798844406,1.559173844,5.056741336,0.289055979,1.214548894,2.215875315,5.035649617,0.310894346,-0.584295512,0.656701471,-0.021091719,0.021838367
21.660000000,1.794615710,1.564952780,5.059167808,0.280433479,1.205471816,2.241893821,5.036250142,0.302456555,-0.589143894,0.676941040,-0.022917666,0.022023076
21.700000000,1.788968469,1.572409293,5.071553107,0.269564527,1.193392674,2.276581735,5.036996698,0.291315215,-0.595575795,0.704172441,-0.034556409,0.021750688
21.730000000,1.784753130,1.577819647,5.073352980,0.261100454,1.184320072,2.302586889,5.037533572,0.282983448,-0.600433059,0.724767242,-0.035819408,0.021882994
21.760000000,1.780557385,1.583080998,5.076073753,0.252532954,1.175181008,2.328566727,5.038044228,0.274570133,-0.605376377,0.745485729,-0.038029525,0.022037179
21.800000000,1.774957457,1.589859525,5.065199067,0.242390152,1.162938285,2.363183441,5.038664242,0.263306032,-0.612019172,0.773323916,-0.026534825,0.020915879
21.830000000,1.770762337,1.594756241,5.084394118,0.234176724,1.153762819,2.389143528,5.039090800,0.254923946,-0.616999518,0.794387287,-0.045303317,0.020747223
21.860000000,1.766579822,1.599500934,5.087210143,0.225509224,1.144588784,2.415100680,5.039476682,0.246600117,-0.621991038,0.815599746,-0.047733462,0.021090894
21.900000000,1.761044695,1.605602935,5.087574475,0.214464232,1.132280740,2.449687753,5.039977640,0.235421436,-0.628763954,0.844084818,-0.047596835,0.020957203
21.930000000,1.756897501,1.610000623,5.083198028,0.206402655,1.122987247,2.475610689,5.040310617,0.226964531,-0.633910254,0.865610066,-0.042887411,0.020561877
21.960000000,1.752729661,1.614241639,5.085725069,0.197505155,1.113687390,2.501531049,5.040616774,0.218548823,-0.639042270,0.887289410,-0.045108296,0.021043669
22.000000000,1.550714104,2.013024711,5.087291765,0.185928041,1.101302648,2.536094777,5.040968616,0.207433590,-0.449411456,0.523070066,-0.046323148,0.021505549
22.030000000,1.544065870,2.021910889,5.088219943,0.177369110,1.091978794,2.562010768,5.041214218,0.199080889,-0.452087076,0.540099879,-0.047005724,0.021711779
22.060000000,1.537423820,2.030657249,5.090671083,0.168806610,1.082584982,2.587913732,5.041415415,0.190635623,-0.454838837,0.557256482,-0.049255668,0.021829013
22.100000000,1.528556865,2.042067420,5.084149551,0.157340677,1.070031338,2.622449107,5.041622759,0.179378144,-0.458525527,0.580381687,-0.042526792,0.022037467
22.130000000,1.521909747,2.050460798,5.072596091,0.149695418,1.060637230,2.648359594,5.041723411,0.171024224,-0.461272517,0.597898796,-0.030872680,0.021328806
22.160000000,1.515277666,2.058712062,5.074333283,0.140842918,1.051235926,2.674277462,5.041782093,0.162697949,-0.464041740,0.615565400,-0.032551189,0.021855031
22.200000000,1.506447019,2.069473260,5.076692639,0.130056759,1.038623622,2.708837972,5.041826170,0.151476550,-0.467823397,0.639364711,-0.034866469,0.021419791
22.230000000,1.499809561,2.077362839,5.075978319,0.121157207,1.029125243,2.734766683,5.041839045,0.143006861,-0.470684319,0.657403844,-0.034139273,0.021849654
22.260000000,1.493151635,2.085089665,5.077710055,0.112432207,1.019648300,2.760715361,5.041845040,0.134618673,-0.473503336,0.675625695,-0.035865015,0.022186466
22.300000000,1.484285339,2.095155674,5.083150782,0.101600809,1.007032739,2.795340674,5.041812608,0.123522076,-0.477252600,0.700185000,-0.041338175,0.021921267
22.330000000,1.477654574,2.102524757,5.079216707,0.093132357,0.997534969,2.821324178,5.041774814,0.115140538,-0.480119606,0.718799421,-0.037441893,0.022008181
22.360000000,1.471015770,2.109734891,5.080923775,0.084902357,0.987991581,2.847321954,5.041697410,0.106670215,-0.483024189,0.737587063,-0.039226365,0.021767858
22.400000000,1.462119408,2.119132727,5.063507969,0.074085467,0.975287243,2.882015655,5.041566060,0.095441221,-0.486832165,0.762882928,-0.021941909,0.021355753
22.430000000,1.455440898,2.126006848,5.060500185,0.066904545,0.965796901,2.908061498,5.041432469,0.087118883,-0.489643997,0.782054650,-0.019067716,0.020214339
22.460000000,1.448764587,2.132724771,5.061540679,0.058204545,0.956296200,2.934129568,5.041298363,0.078774587,-0.492468387,0.801404797,-0.020242316,0.020570043
22.500000000,1.288539473,2.409099764,5.051947168,0.047541916,0.943574123,2.968914742,5.041116395,0.067511817,-0.344965350,0.559814978,-0.010830773,0.019969901
22.530000000,1.279909738,2.418883928,5.046616961,0.039715787,0.934033111,2.995028807,5.040992526,0.059054852,-0.345876627,0.576144879,-0.005624435,0.019339065
22.560000000,1.271275807,2.428521275,5.047317957,0.031425787,0.924543578,3.021172496,5.040870503,0.050704108,-0.346732229,0.592651222,-0.006447455,0.019278321
22.600000000,1.259787142,2.441140277,5.056160507,0.019949168,0.911918594,3.056070453,5.040707317,0.039598932,-0.347868549,0.614930177,-0.015453190,0.019649764
22.630000000,1.251188366,2.450429924,5.043383445,0.011074232,0.902428316,3.082274999,5.040588092,0.031172351,-0.348760050,0.631845075,-0.002795353,0.020098120
22.660000000,1.242596682,2.459570929,5.044013134,0.002284232,0.892940153,3.108516912,5.040458320,0.022689410,-0.349656529,0.648945983,-0.003554814,0.020405178
22.700000000,1.231119139,2.471511755,5.054151539,-0.009471148,0.880375187,3.143566085,5.040277077,0.011509671,-0.350743952,0.672054329,-0.013874462,0.020980819
22.730000000,1.222520084,2.480292079,5.057808745,-0.017281515,0.871013735,3.169901860,5.040132330,0.003211665,-0.351506349,0.689609781,-0.017676415,0.020493180
22.760000000,1.213944620,2.488937011,5.058935271,-0.025909015,0.861659743,3.196289667,5.039994497,-0.005169643,-0.352284877,0.707352655,-0.018940774,0.020739372
22.800000000,1.202510216,2.500236963,5.050726705,-0.036312947,0.849198006,3.231545743,5.039772648,-0.016478526,-0.353312210,0.731308780,-0.010954057,0.019834420
22.830000000,1.193902961,2.508536147,5.060583264,-0.045727703,0.839914773,3.258043379,5.039592454,-0.024911237,-0.353988188,0.749507232,-0.020990810,0.020816466
22.860000000,1.185298485,2.516694518,5.061747707,-0.054620203,0.830724059,3.284597208,5.039384644,-0.033218810,-0.354574426,0.767902690,-0.022363063,0.021401393
22.900000000,1.173851447,2.527350900,5.051133245,-0.066687019,0.818528863,3.320080697,5.039109438,-0.044342500,-0.355322585,0.792729798,-0.012023808,0.022344519
22.930000000,1.165258681,2.535153135,5.054050304,-0.075349763,0.809400534,3.346753645,5.038881461,-0.052814359,-0.355858147,0.811600511,-0.015168843,0.022535404
22.960000000,1.156646383,2.542789634,5.054996345,-0.083847263,0.800337024,3.373486001,5.038644980,-0.061289592,-0.356309359,0.830696367,-0.016351365,0.022557671
23.000000000,1.011173424,2.894283763,5.065360319,-0.095256479,0.788402932,3.409205934,5.038320599,-0.072414589,-0.222770492,0.514922171,-0.027039719,0.022841890
23.030000000,1.000862175,2.905946652,5.062784592,-0.103942501,0.779540413,3.436055536,5.038074421,-0.080716437,-0.221321762,0.530108883,-0.024710171,0.023226064
23.060000000,0.990534691,2.917459436,5.064043121,-0.112475001,0.770717177,3.462968817,5.037807379,-0.089147890,-0.219817514,0.545509381,-0.026235742,0.023327111
23.100000000,0.976741194,2.932570850,5.051349545,-0.123625394,0.759044469,3.498936904,5.037378454,-0.100476164,-0.217696726,0.566366054,-0.013971091,0.023149229
23.130000000,0.966384154,2.943727337,5.054895713,-0.131566769,0.750418406,3.525973736,5.037014710,-0.108866174,-0.215965747,0.582246399,-0.017881003,0.022700595
23.160000000,0.956039788,2.954724576,5.055786705,-0.140016769,0.741927848,3.553075779,5.036605539,-0.117148109,-0.214111940,0.598351203,-0.019181166,0.022868660
23.200000000,0.942244303,2.969158909,5.054381634,-0.150365767,0.730719734,3.589314693,5.036040917,-0.128324746,-0.211524569,0.620155785,-0.018340717,0.022041020
23.230000000,0.931868797,2.979807962,5.058701889,-0.158786097,0.722396897,3.616575759,5.035581180,-0.136846594,-0.209471899,0.636767797,-0.023120709,0.021939503
23.260000000,0.921452100,2.990301048,5.059673833,-0.167708597,0.714223464,3.643915352,5.035105563,-0.145301124,-0.207228636,0.653614304,-0.024568270,0.022407473
23.300000000,0.907550320,3.004064700,5.055481581,-0.178372757,0.703564848,3.680471690,5.034426991,-0.156367849,-0.203985472,0.676406989,-0.021054590,0.022004908
23.330000000,0.897129009,3.014204508,5.055767239,-0.186690447,0.695712260,3.707974769,5.033899966,-0.164688924,-0.201416750,0.693770261,-0.021867273,0.022001523
23.360000000,0.886690241,3.024184595,5.056619367,-0.195305447,0.687971177,3.735570242,5.033337011,-0.173186113,-0.198719064,0.711385647,-0.023282356,0.022119334
23.400000000,0.872715530,3.037282276,5.054480661,-0.205982403,0.677870037,3.772477840,5.032556813,-0.184516574,-0.194845493,0.735195564,-0.021923848,0.021465829
23.430000000,0.862205108,3.046952307,5.060716875,-0.214200305,0.670508599,3.800235728,5.031946235,-0.192845389,-0.191696509,0.753283421,-0.028770641,0.021354916
23.460000000,0.851684091,3.056477547,5.061652465,-0.222552805,0.663342052,3.828073958,5.031317306,-0.201122993,-0.188342039,0.771596411,-0.030335159,0.021429811
23.500000000,0.691934586,3.408253449,5.062013124,-0.233166568,0.653988243,3.865306013,5.030459414,-0.212376697,-0.037946343,0.457052563,-0.031553710,0.020789871
23.530000000,0.679510951,3.421772553,5.058718304,-0.241185345,0.647147373,3.893305420,5.029787531,-0.220904202,-0.032363578,0.471532867,-0.028930773,0.020281142
23.560000000,0.667047661,3.435157966,5.059596697,-0.249680345,0.640548302,3.921355672,5.029099609,-0.229283396,-0.026499359,0.486197706,-0.030497088,0.020396948
23.600000000,0.650412394,3.452795324,5.051725409,-0.261056797,0.632078083,3.958779471,5.028144429,-0.240351106,-0.018334311,0.505984147,-0.023580980,0.020705691
23.630000000,0.637922194,3.465872613,5.049396039,-0.268769466,0.625933400,3.986816558,5.027417687,-0.248690913,-0.011988795,0.520943945,-0.021978352,0.020078552
23.660000000,0.625409929,3.478836255,5.049994749,-0.277201966,0.619990023,4.014730950,5.026679917,-0.257001944,-0.005419906,0.535894695,-0.023314832,0.020200022
23.700000000,0.608659058,3.495946725,5.041418315,-0.287795678,0.612395320,4.051634685,5.025730664,-0.268036643,0.003736262,0.555687961,-0.015687651,0.019759036
23.730000000,0.596063453,3.508657951,5.042514505,-0.295409366,0.606956826,4.078993263,5.025043164,-0.276389057,0.010893373,0.570335312,-0.017471341,0.019020308
23.760000000,0.583455428,3.521242039,5.043086617,-0.303819366,0.601731069,4.105968382,5.024416037,-0.284715439,0.018275641,0.584726343,-0.018670580,0.019103926
23.800000000,0.566597735,3.537811639,5.042470099,-0.314114563,0.595019465,4.141360517,5.023653587,-0.295577482,0.028421730,0.603548877,-0.018816513,0.018537081
23.830000000,0.553904978,3.550068074,5.037781415,-0.322336304,0.590218990,4.167429759,5.023148678,-0.303712927,0.036314012,0.617361685,-0.014632736,0.018623378
23.860000000,0.541169611,3.562177219,5.038507102,-0.331121304,0.585697993,4.192987540,5.022699848,-0.312071207,0.044528382,0.630810321,-0.015807254,0.019050097
23.900000000,0.524130077,3.578110368,5.038007496,-0.341278088,0.580015418,4.226375298,5.022184117,-0.323263795,0.055885341,0.648264930,-0.015823380,0.018014293
23.930000000,0.511316017,3.589906706,5.034447021,-0.349322291,0.575986537,4.250903686,5.021859942,-0.331462071,0.064670519,0.660996980,-0.012587079,0.017860220
23.960000000,0.498457010,3.601589319,5.035326001,-0.357842291,0.572223396,4.274909682,5.021590706,-0.339580198,0.073766386,0.673320364,-0.013735295,0.018262093
24.000000000,0.472535788,3.855118848,5.030169890,-0.368823191,0.567643071,4.306199274,5.021307712,-0.350671550,0.095107284,0.451080426,-0.008862178,0.018151641
24.030000000,0.459482083,3.869580521,5.029084228,-0.377409523,0.564541684,4.329132963,5.021141579,-0.359134261,0.105059601,0.459552443,-0.007942649,0.018275262
24.060000000,0.446399410,3.883917919,5.030047295,-0.386039523,0.561742337,4.351554330,5.021041893,-0.367446675,0.115342927,0.467636411,-0.009005402,0.018592848
24.100000000,0.428867107,3.902860475,5.023884303,-0.396099033,0.558433251,4.380756583,5.020973387,-0.378295715,0.129566143,0.477896108,-0.002910916,0.017803318
24.130000000,0.415637374,3.916956237,5.028462506,-0.403965200,0.556324876,4.402093207,5.020983225,-0.386526423,0.140687502,0.485136971,-0.007479281,0.017438777
24.160000000,0.402362457,3.930966303,5.029673200,-0.412692700,0.554611505,4.422810816,5.021032585,-0.395000179,0.152249048,0.491844512,-0.008640615,0.017692521
24.200000000,0.384644413,3.949484789,5.022793481,-0.423602257,0.552786567,4.449566233,5.021177302,-0.406175488,0.168142154,0.500081444,-0.001616179,0.017426770
24.230000000,0.371321641,3.963263065,5.028353503,-0.430890132,0.551735144,4.468955994,5.021322907,-0.414231641,0.180413503,0.505692929,-0.007030596,0.016658491
24.260000000,0.357931728,3.976944556,5.029760018,-0.439610132,0.551043350,4.487618664,5.021511989,-0.422289090,0.193111621,0.510674108,-0.008248028,0.017321042
24.300000000,0.339983380,3.995060393,5.035892252,-0.451247339,0.550659975,4.511486950,5.021802501,-0.433504644,0.210676595,0.516426556,-0.014089751,0.017742695
24.330000000,0.326479746,4.008526813,5.027742387,-0.458902593,0.550759293,4.528632596,5.022044982,-0.442019850,0.224279547,0.520105783,-0.005697405,0.016882743
24.360000000,0.312934561,4.021883336,5.029311016,-0.467725093,0.551212232,4.545045785,5.022303247,-0.450211954,0.238277672,0.523162449,-0.007007768,0.017513139
24.400000000,0.294775660,4.039557851,5.030841611,-0.480455751,0.552337734,4.565950391,5.022644255,-0.460985152,0.257562074,0.526392540,-0.008197355,0.019470599
24.430000000,0.281071431,4.052734464,5.034191850,-0.488780230,0.553633993,4.580880016,5.022904568,-0.469335268,0.272562561,0.528145552,-0.011287282,0.019444963
24.460000000,0.267323059,4.065819229,5.036015911,-0.497285230,0.555396226,4.595076025,5.023150112,-0.477888980,0.288073167,0.529256796,-0.012865799,0.019396250
24.500000000,0.291791365,4.284248554,5.035665559,-0.507812585,0.558323996,4.613078088,5.023477775,-0.489028988,0.266532631,0.328829534,-0.012187783,0.018783597
24.530000000,0.278465916,4.299717906,5.019985092,-0.515638411,0.560963219,4.625902280,5.023700186,-0.497176406,0.282497303,0.326184374,0.003715094,0.018462004
24.560000000,0.265050427,4.315117798,5.021369754,-0.524170911,0.564114458,4.638036779,5.023904588,-0.505433951,0.299064032,0.322918981,0.002534834,0.018736960
24.600000000,0.247048741,4.335538598,5.021599156,-0.534922899,0.569039755,4.653288401,5.024115903,-0.516700110,0.321991014,0.317749803,0.002516747,0.018222789
24.630000000,0.233473900,4.350781609,5.037335500,-0.543387488,0.573246101,4.664033318,5.024255256,-0.525106345,0.339772201,0.313251709,-0.013080245,0.018281143
24.660000000,0.219830981,4.365971672,5.039271625,-0.552002488,0.577931572,4.674067525,5.024367610,-0.533276649,0.358100591,0.308095853,-0.014904015,0.018725838
24.700000000,0.201514752,4.386178571,5.032470813,-0.562206311,0.584853467,4.686420132,5.024480189,-0.544178197,0.383338715,0.300241561,-0.007990624,0.018028114
24.730000000,0.187683109,4.401300103,5.030157946,-0.569587462,0.590574029,4.694870168,5.024504472,-0.552620412,0.402890921,0.293570065,-0.005653474,0.016967050
24.760000000,0.173792571,4.416370818,5.031789892,-0.577889962,0.596797249,4.702496353,5.024461621,-0.561149511,0.423004678,0.286125535,-0.007328271,0.016740450
24.800000000,0.155170268,4.436405974,5.028735672,-0.588621673,0.605715914,4.711581360,5.024327093,-0.572178250,0.450545646,0.275175386,-0.004408580,0.016443423
24.830000000,0.141096569,4.451395746,5.027765852,-0.596937199,0.612889350,4.717571337,5.024163213,-0.580315725,0.471792781,0.266175591,-0.003602639,0.016621474
24.860000000,0.126922763,4.466357601,5.029294838,-0.605499699,0.620601175,4.722710515,5.023940104,-0.588694934,0.493678412,0.256352914,-0.005354735,0.016804765
24.900000000,0.107898304,4.486250576,5.032383112,-0.615100094,0.631607211,4.728444447,5.023537627,-0.600086761,0.523708907,0.242193870,-0.008845485,0.015013333
24.930000000,0.093535867,4.501114020,5.036520246,-0.622931505,0.640377142,4.731938706,5.023175951,-0.608485797,0.546841275,0.230824685,-0.013344295,0.014445707
24.960000000,0.079069843,4.515955136,5.038231306,-0.631456505,0.649665684,4.734644898,5.022735342,-0.616706062,0.570595840,0.218689762,-0.015495964,0.014750443
25.000000000,0.248774279,4.705435391,5.048354174,-0.642437024,0.662816011,4.737177251,5.022051321,-0.627829314,0.414041732,0.031741860,-0.026302854,0.014607710
25.030000000,0.236476611,4.722411877,5.058943179,-0.650569929,0.673276529,4.738271324,5.021435682,-0.636367538,0.436799918,0.015859447,-0.037507498,0.014202392
25.060000000,0.224088918,4.739365319,5.061176176,-0.659202429,0.684309508,4.738596937,5.020726209,-0.644868419,0.460220590,-0.000768382,-0.040449967,0.014334010
25.100000000,0.207431177,4.761932342,5.067751511,-0.670707244,0.699751308,4.738028352,5.019629027,-0.655956317,0.492320131,-0.023903989,-0.048122484,0.014750928
25.130000000,0.194829219,4.778851316,5.071636549,-0.678928151,0.711896065,4.736806159,5.018689463,-0.664248810,0.517066846,-0.042045156,-0.052947086,0.014679341
25.160000000,0.182124523,4.795784591,5.073972966,-0.687415651,0.724607860,4.734720995,5.017605788,-0.672773304,0.542483336,-0.061063596,-0.056367178,0.014642347
25.200000000,0.165053597,4.818367231,5.067920575,-0.697188687,0.742228317,4.730757047,5.015954980,-0.684245096,0.577174721,-0.087610183,-0.051965595,0.012943591
25.230000000,0.152140432,4.835309952,5.060311946,-0.703941052,0.755881706,4.726891309,5.014568054,-0.692600241,0.603741275,-0.108418643,-0.045743892,0.011340811
25.260000000,0.139135601,4.852286804,5.061889694,-0.712591052,0.769955907,4.722096404,5.013035851,-0.700788192,0.630820306,-0.130190399,-0.048853843,0.011802860
25.300000000,0.121618340,4.874951880,5.058150050,-0.723435201,0.789313054,4.714398219,5.010820238,-0.712078339,0.667694714,-0.160553662,-0.047329812,0.011356862
25.330000000,0.108364534,4.891957653,5.065301885,-0.731037993,0.804260264,4.707647332,5.009018662,-0.720795494,0.695895729,-0.184310320,-0.056283223,0.010242499
25.360000000,0.095015721,4.908978298,5.066797177,-0.739590493,0.819588154,4.699958137,5.007111679,-0.729298467,0.724572432,-0.209020161,-0.059685499,0.010292026
25.400000000,0.077036475,4.931718254,5.066865868,-0.750756015,0.840519904,4.688477401,5.004419547,-0.740303257,0.763483430,-0.243240852,-0.062446320,0.010452757
25.430000000,0.063398923,4.948817267,5.065534413,-0.759231658,0.856623505,4.678925646,5.002298154,-0.748682390,0.793224582,-0.269891621,-0.063236259,0.010549269
25.460000000,0.049651484,4.965951048,5.066840759,-0.768029158,0.873147504,4.668436621,5.000045423,-0.757344121,0.823496021,-0.297514428,-0.066795336,0.010685037
25.500000000,0.343705443,4.921482576,5.058961743,-0.778882991,0.895691798,4.653270493,4.996904148,-0.768781630,0.551986355,-0.268212084,-0.062057595,0.010101361
25.530000000,0.333672312,4.937843416,5.060186232,-0.787146513,0.912961418,4.641049616,4.994448001,-0.777096005,0.579289105,-0.296793801,-0.065738230,0.010050509
25.560000000,0.323484860,4.954258216,5.061155336,-0.795669013,0.930618616,4.627976183,4.991903213,-0.785392906,0.607133756,-0.326282033,-0.069252123,0.010276107
25.600000000,0.309690961,4.976217816,5.073082867,-0.807327861,0.954705951,4.609387977,4.988367500,-0.796757559,0.645014991,-0.366829839,-0.084715367,0.010570302
25.630000000,0.299211596,4.992723324,5.074888427,-0.814784707,0.973143456,4.594596723,4.985611756,-0.805363216,0.673931861,-0.398126601,-0.089276671,0.009421490
25.660000000,0.288621727,5.009291519,5.076153954,-0.823602207,0.991883639,4.578981429,4.982764531,-0.813747238,0.703261912,-0.430310090,-0.093389424,0.009854968
25.700000000,0.274318176,5.031498153,5.055287055,-0.834354520,1.017237721,4.557030346,4.978833844,-0.824771629,0.742919545,-0.474467807,-0.076453212,0.009582892
25.730000000,0.263448727,5.048250072,5.046386853,-0.843107946,1.036530543,4.539678417,4.975787417,-0.833257227,0.773081816,-0.508571655,-0.070599436,0.009850719
25.760000000,0.252471291,5.065065794,5.046612927,-0.851927946,1.056071552,4.521440017,4.972637158,-0.841964218,0.803600261,-0.543625777,-0.073975770,0.009963728
25.800000000,0.237657423,5.087591573,5.048695842,-0.861934291,1.082383562,4.496001559,4.968370013,-0.853319686,0.844726139,-0.591590014,-0.080325829,0.008614605
25.830000000,0.226390319,5.104596324,5.044105114,-0.870049535,1.102292770,4.476103267,4.965128434,-0.861584345,0.875902451,-0.628493057,-0.078976680,0.008465190
25.860000000,0.214967127,5.121699267,5.044307880,-0.878777035,1.122400965,4.455366913,4.961868736,-0.869972342,0.907433838,-0.666332353,-0.082439144,0.008804692
25.900000000,0.199525090,5.144616129,5.024472857,-0.889943018,1.149483086,4.426617298,4.957460923,-0.881472188,0.949957996,-0.717998832,-0.067011934,0.008470830
25.930000000,0.187780626,5.161893812,5.001594474,-0.897524244,1.169966415,4.404281743,4.954131308,-0.890046068,0.982185789,-0.757612069,-0.047463166,0.007478176
25.960000000,0.175895752,5.179257040,5.000615912,-0.906126744,1.190593110,4.381226079,4.950797442,-0.898365405,1.014697358,-0.798030961,-0.049818471,0.007761339
26.000000000,0.526951535,4.954151848,4.983834816,-0.916808258,1.218313173,4.349515913,4.946402553,-0.909465310,0.691361638,-0.604635935,-0.037432263,0.007342948
26.030000000,0.519432155,4.968603046,4.987005380,-0.924802319,1.239285027,4.324999962,4.943155440,-0.917997077,0.719852872,-0.643603084,-0.043849940,0.006805242
26.060000000,0.511790895,4.983150798,4.986023885,-0.933329819,1.260415801,4.299798620,4.939973051,-0.926575080,0.748624906,-0.683352178,-0.046050834,0.006754739
26.100000000,0.501401265,5.002717962,4.984015555,-0.944562724,1.288744931,4.265360038,4.935843569,-0.937746737,0.787343667,-0.737357924,-0.048171986,0.006815987
26.130000000,0.493430165,5.017539711,4.978818385,-0.953898541,1.310094109,4.238899105,4.932830681,-0.946016449,0.816663943,-0.778640606,-0.045987703,0.007882092
26.160000000,0.485314478,5.032493908,4.978117368,-0.962486041,1.331539692,4.211764168,4.929904906,-0.954480461,0.846225215,-0.820729740,-0.048212462,0.008005579
26.200000000,0.474294326,5.052604758,4.969801456,-0.972476945,1.360198328,4.174698612,4.926088617,-0.965989532,0.885904002,-0.877906146,-0.043712838,0.006487413
26.230000000,0.465881787,5.067815336,4.964648348,-0.980690337,1.381678066,4.146278695,4.923314514,-0.974478792,0.915796279,-0.921536642,-0.041333835,0.006211545
26.260000000,0.457330835,5.083157609,4.963994340,-0.989357837,1.403104475,4.117257616,4.920626842,-0.982735153,0.945773640,-0.965899993,-0.043367498,0.006622684
26.300000000,0.445705112,5.103831683,4.961255265,-1.000378290,1.431610236,4.077720658,4.917189675,-0.993924827,0.985905124,-1.026111026,-0.044065590,0.006453463
26.330000000,0.436830513,5.119490900,4.957342084,-1.007563795,1.452937483,4.047440661,4.914697246,-1.002575516,1.016106970,-1.072050239,-0.042644839,0.004988280
26.360000000,0.427839476,5.135276114,4.956970838,-1.016133795,1.474173492,4.016597101,4.912308900,-1.011152187,1.046334016,-1.118679013,-0.044661938,0.004981608
26.400000000,0.415635939,5.156533112,4.938033026,-1.027378534,1.502332054,3.974792575,4.909262064,-1.022231719,1.086696115,-1.181740537,-0.028770962,0.005146814
26.430000000,0.406314288,5.172660957,4.942457837,-1.035777327,1.523347296,3.942922073,4.907098097,-1.030520547,1.117033009,-1.229738884,-0.035359740,0.005256780
26.460000000,0.396857987,5.188940277,4.942165435,-1.044322327,1.544276688,3.910525833,4.905050888,-1.039053189,1.147418702,-1.278414444,-0.037114546,0.005269138
26.500000000,0.730744151,4.838043496,4.929401162,-1.055201179,1.572039332,3.866707004,4.902488558,-1.050472089,0.841295181,-0.971336492,-0.026912604,0.004729090
26.530000000,0.725404187,4.849853508,4.930277930,-1.063289814,1.592728050,3.833439618,4.900701146,-1.058819275,0.867323863,-1.016413890,-0.029576784,0.004470539
26.560000000,0.719929241,4.861815249,4.930171375,-1.071694814,1.613287848,3.799784727,4.899065181,-1.067050549,0.893358607,-1.062030522,-0.031106194,0.004644265
26.600000000,0.712381967,4.878026313,4.927886120,-1.082861336,1.640548150,3.754366376,4.897113223,-1.078260376,0.928166183,-1.123659937,-0.030772897,0.004600960
26.630000000,0.706565121,4.890361310,4.911431221,-1.090432909,1.660853398,3.719917220,4.895799217,-1.086819379,0.954288277,-1.170444090,-0.015632004,0.003613530
26.660000000,0.700642934,4.902847151,4.911353325,-1.099190409,1.680954462,3.685145674,4.894654311,-1.095227287,0.980311528,-1.217701477,-0.016699013,0.003963122
26.700000000,0.692547634,4.919756363,4.904265741,-1.109812748,1.707427658,3.638372945,4.893346004,-1.106185534,1.014880024,-1.281383417,-0.010919737,0.003627214
26.730000000,0.686329171,4.932639501,4.893777605,-1.117665388,1.727027158,3.602950462,4.892557013,-1.114526479,1.040697987,-1.329689039,-0.001220592,0.003138909
26.760000000,0.679992717,4.945689557,4.893826423,-1.126097888,1.746352165,3.567181773,4.891934777,-1.123151530,1.066359448,-1.378507784,-0.001891646,0.002946358
26.800000000,0.671360866,4.963323037,4.888116981,-1.137067264,1.771693701,3.519116421,4.891357644,-1.134537599,1.100332835,-1.444206616,0.003240663,0.002529665
26.830000000,0.664765910,4.976724847,4.891225524,-1.145999882,1.790357516,3.482831878,4.891116034,-1.142782978,1.125591606,-1.493892968,-0.000109490,0.003216904
26.860000000,0.658033799,4.990306576,4.891883538,-1.154212382,1.808688891,3.446296836,4.891088107,-1.151038367,1.150655093,-1.544009739,-0.000795431,0.003174015
26.900000000,0.648841796,5.008715796,4.910859633,-1.164971951,1.832707078,3.397234772,4.891308629,-1.162421691,1.183865282,-1.611481024,-0.019551005,0.002550260
26.930000000,0.641806664,5.022702997,4.910678570,-1.172480143,1.850391517,3.360227422,4.891656991,-1.171025403,1.208584853,-1.662475574,-0.019021579,0.001454740
26.960000000,0.634645211,5.036849342,4.912538432,-1.181212643,1.867729134,3.323085136,4.892176418,-1.179359712,1.233083923,-1.713764207,-0.020362014,0.001852931
27.000000000,1.039605310,4.457402985,4.915990836,-1.192497651,1.890403196,3.273391121,4.893070457,-1.190336985,0.850797886,-1.184011864,-0.022920378,0.002160665
27.030000000,1.037427510,4.464347285,4.908173977,-1.200711511,1.907101486,3.235969972,4.893890219,-1.198764982,0.869673975,-1.228377313,-0.014283758,0.001946529
27.060000000,1.035120602,4.471454045,4.910303812,-1.209499011,1.923498982,3.198430334,4.894819629,-1.207372020,0.888378381,-1.273023710,-0.015484182,0.002126991
27.100000000,1.031855116,4.481156583,4.915991609,-1.220169037,1.944920761,3.148336867,4.896232045,-1.218665522,0.913065644,-1.332819716,-0.019759565,0.001503515
27.130000000,1.029270094,4.488628239,4.915100024,-1.228437059,1.960623333,3.110778654,4.897420406,-1.226906744,0.931353239,-1.377849585,-0.017679618,0.001530316
27.160000000,1.026577367,4.496288075,4.917756689,-1.237287059,1.975930818,3.073210836,4.898755800,-1.235206919,0.949353451,-1.423077239,-0.019000888,0.002080141
27.200000000,1.022815586,4.506779429,4.906970356,-1.249025272,1.995758384,3.023096614,4.900688528,-1.246670431,0.972942799,-1.483682815,-0.006281828,0.002354841
27.230000000,1.019891335,4.514835090,4.900501578,-1.258257044,2.010138441,2.985544605,4.902253630,-1.255320695,0.990247106,-1.529290485,0.001752053,0.002936349
27.260000000,1.016854332,4.523061607,4.902959942,-1.266924544,2.023974382,2.948091361,4.903937252,-1.263636485,1.007120050,-1.574970246,0.000977311,0.003288059
27.300000000,1.012622599,4.534329733,4.907164493,-1.278258688,2.041673113,2.898280507,4.906360419,-1.274616956,1.029050514,-1.636049226,-0.000804074,0.003641732
27.330000000,1.009323584,4.542997481,4.907375318,-1.287227415,2.054384150,2.861000375,4.908314374,-1.283168879,1.045060565,-1.681997105,0.000939056,0.004058535
27.360000000,1.005924362,4.551825780,4.910341498,-1.296029915,2.066520295,2.823843581,4.910385306,-1.291897102,1.060595933,-1.727982199,0.000043808,0.004132812
27.400000000,1.001235973,4.563843744,4.922758176,-1.306392399,2.081913207,2.774575865,4.913308302,-1.303120990,1.080677233,-1.789267879,-0.009449874,0.003271409
27.430000000,0.997593845,4.573079590,4.932231035,-1.314019307,2.092871713,2.737853740,4.915609927,-1.311276494,1.095277868,-1.835225850,-0.016621108,0.002742813
27.460000000,0.993853846,4.582508860,4.936167954,-1.322581807,2.103266479,2.701337885,4.918026150,-1.319654943,1.109412632,-1.881170975,-0.018141804,0.002926864
27.500000000,1.380688299,3.941456499,4.931332656,-1.334772184,2.116395459,2.652955456,4.921341109,-1.331173998,0.735707160,-1.288501043,-0.009991547,0.003598186
27.530000000,1.381736180,3.942913141,4.939505818,-1.343397476,2.125694178,2.616968067,4.923901803,-1.339676655,0.743957998,-1.325945075,-0.015604015,0.003720820
27.560000000,1.382685506,3.944536289,4.943662093,-1.351944976,2.134453276,2.581332897,4.926533110,-1.347872378,0.751767771,-1.363203392,-0.017128983,0.004072597
27.600000000,1.383831718,3.946994411,4.965886515,-1.362888066,2.145419256,2.534272182,4.930142560,-1.358965534,0.761587538,-1.412722229,-0.035743955,0.003922532
27.630000000,1.384611263,3.949032331,4.975017111,-1.371550660,2.153083187,2.499320487,4.932887865,-1.367614620,0.768471924,-1.449711844,-0.042129245,0.003936039
27.660000000,1.385329557,3.951219557,4.980140252,-1.379803160,2.160116636,2.464778689,4.935652981,-1.376259385,0.774787079,-1.486440868,-0.044487271,0.003543775
27.700000000,1.386207038,3.954399781,4.991269843,-1.390678152,2.168555643,2.419341280,4.939317075,-1.387286525,0.782348605,-1.535058502,-0.051952769,0.003391627
27.730000000,1.386813802,3.957002430,5.001288921,-1.399164236,2.174134164,2.385717241,4.942043138,-1.395492453,0.787320362,-1.571285189,-0.059245784,0.003671783
27.760000000,1.387357495,3.959775530,5.006869526,-1.407996736,2.178926321,2.352530175,4.944721175,-1.404196936,0.791568826,-1.607245356,-0.062148351,0.003799800
27.800000000,1.388006010,3.963681963,5.010032893,-1.419827996,2.184229064,2.308938555,4.948191549,-1.416029421,0.796223054,-1.654743408,-0.061841344,0.003798576
27.830000000,1.388421984,3.966768453,5.011393598,-1.429003226,2.187375359,2.276809836,4.950712738,-1.424466817,0.798953375,-1.689958617,-0.060680860,0.004536410
27.860000000,1.388769685,3.970018094,5.016740187,-1.437455726,2.189695559,2.245270862,4.953139228,-1.432585665,0.800925873,-1.724747232,-0.063600958,0.004870061
27.900000000,1.389146135,3.974614085,5.016376395,-1.448628915,2.191712463,2.203983738,4.956262100,-1.443912070,0.802566327,-1.770630347,-0.060114294,0.004716845
27.930000000,1.389370940,3.978231438,5.015260215,-1.458026773,2.192434132,2.173618647,4.958501459,-1.452780713,0.803063192,-1.804612791,-0.056758756,0.005246060
27.960000000,1.389534437,3.981966579,5.020185442,-1.466549273,2.192377969,2.143937377,4.960654087,-1.461347377,0.802843533,-1.838029202,-0.059531355,0.005201896
28.000000000,1.633650534,3.361246949,5.016342717,-1.479347403,2.191298035,2.105327885,4.963391341,-1.472210457,0.557647501,-1.255919065,-0.052951376,0.007136946
28.030000000,1.636823847,3.357351934,5.020756205,-1.487975379,2.189759864,2.077078201,4.965370206,-1.480489229,0.552936017,-1.280273733,-0.055386000,0.007486150
28.060000000,1.639961610,3.353601152,5.025409270,-1.496577879,2.187525114,2.049534111,4.967254187,-1.489232175,0.547563504,-1.304067042,-0.058155083,0.007345703
28.100000000,1.644096956,3.348779197,5.036111250,-1.507898659,2.183630923,2.013840225,4.969615363,-1.500810945,0.539533967,-1.334938972,-0.066495887,0.007087714
28.130000000,1.647189761,3.345324820,5.038306984,-1.516078283,2.180012355,1.987895285,4.971251071,-1.509047346,0.532822595,-1.357429535,-0.067055912,0.007030937
28.160000000,1.650265562,3.342026483,5.042915002,-1.524863283,2.175666023,1.962767412,4.972743912,-1.517196545,0.525400461,-1.379259071,-0.070171090,0.007666737
28.200000000,1.654334209,3.337846299,5.041278371,-1.536336651,2.168853473,1.930321748,4.974523116,-1.528754193,0.514519264,-1.407524550,-0.066755255,0.007582459
28.230000000,1.657368038,3.334853949,5.041443340,-1.545314772,2.162952172,1.906817538,4.975685591,-1.537713719,0.505584134,-1.428036410,-0.065757749,0.007601053
28.260000000,1.660392213,3.331978620,5.045558403,-1.554119772,2.156236124,1.884217474,4.976674855,-1.546189399,0.495843911,-1.447761146,-0.068883548,0.007930373
28.300000000,1.664428841,3.328353936,5.050973986,-1.565641558,2.146191330,1.855305080,4.977745227,-1.557026842,0.481762489,-1.473048856,-0.073228759,0.008614716
28.330000000,1.667470101,3.325804036,5.048154168,-1.574787198,2.137846218,1.834511746,4.978382708,-1.565530128,0.470376117,-1.491292290,-0.069771460,0.009257070
28.360000000,1.670504357,3.323370909,5.051911944,-1.583509698,2.128707828,1.814623778,4.978836826,-1.574510674,0.458203471,-1.508747131,-0.073075118,0.008999023
28.400000000,1.674561329,3.320280016,5.044122437,-1.596292698,2.115494705,1.789414497,4.979214834,-1.586044649,0.440933376,-1.530865519,-0.064907603,0.010248049
28.430000000,1.677598922,3.318083471,5.042945895,-1.605811033,2.104837653,1.771520673,4.979314500,-1.594153707,0.427238731,-1.546562797,-0.063631395,0.011657326
28.460000000,1.680622476,3.316005723,5.046038172,-1.614438533,2.093458852,1.754617576,4.979266730,-1.602425236,0.412836376,-1.561388147,-0.066771443,0.012013296
28.500000000,1.868986293,2.765037712,5.034596446,-1.626981553,2.077363246,1.733392774,4.979010749,-1.614149108,0.208376953,-1.031644938,-0.055585697,0.012832445
28.530000000,1.874366213,2.756172579,5.038015008,-1.635584694,2.064624420,1.718512983,4.978692225,-1.622928272,0.190258206,-1.037659595,-0.059322783,0.012656422
28.560000000,1.879743018,2.747400065,5.040649064,-1.643962194,2.051251711,1.704730284,4.978254797,-1.631171145,0.171508693,-1.042669781,-0.062394268,0.012791049
28.600000000,1.886911583,2.735862631,5.037008119,-1.656306733,2.032630696,1.687798151,4.977546837,-1.642104068,0.145719113,-1.048064480,-0.059461281,0.014202665
28.630000000,1.892288168,2.727321600,5.027414557,-1.665637024,2.018123194,1.676159130,4.976930981,-1.650728348,0.125835026,-1.051162469,-0.050483576,0.014908676
28.660000000,1.897661476,2.718842636,5.029501009,-1.674459524,2.003152149,1.665616183,4.976237940,-1.659474276,0.105490673,-1.053226453,-0.053263069,0.014985247
28.700000000,1.904835406,2.707639483,5.031842022,-1.685304399,1.982679813,1.653102158,4.975229265,-1.670636205,0.077844407,-1.054537324,-0.056612757,0.014668194
28.730000000,1.910233382,2.699329768,5.035523324,-1.693909276,1.966996809,1.644873075,4.974417794,-1.678799278,0.056763427,-1.054456693,-0.061105529,0.015109998
28.760000000,1.915662511,2.691095585,5.037838005,-1.702549276,1.951028004,1.637761035,4.973577329,-1.687218320,0.035365493,-1.053334551,-0.064260676,0.015330956
28.800000000,1.922948366,2.680193528,5.036467999,-1.713984378,1.929402201,1.629779780,4.972390082,-1.698718026,0.006453835,-1.050413748,-0.064077917,0.015266352
28.830000000,1.928438870,2.672069082,5.027235778,-1.723608933,1.912960438,1.624972905,4.971451765,-1.707183053,-0.015478432,-1.047096177,-0.055784013,0.016425879
28.860000000,1.933948425,2.664002940,5.029266571,-1.732056433,1.896322553,1.621363158,4.970438227,-1.715386332,-0.037625872,-1.042639782,-0.058828343,0.016670100
28.900000000,1.941340383,2.653358550,5.018753535,-1.742796130,1.873898355,1.618090353,4.969022882,-1.726483434,-0.067442028,-1.035268197,-0.049730653,0.016312695
28.930000000,1.946918750,2.645437045,5.022920235,-1.752487958,1.856917251,1.616770432,4.967909333,-1.735079394,-0.090001499,-1.028666614,-0.055010902,0.017408564
28.960000000,1.952516468,2.637567171,5.024824481,-1.761217958,1.839803881,1.616628556,4.966760874,-1.743639734,-0.112712587,-1.020938615,-0.058063607,0.017578224
29.000000000,1.912756911,2.268890178,5.021866063,-1.772665563,1.816850747,1.618048503,4.965161814,-1.754704919,-0.095906164,-0.650841675,-0.056704249,0.017960644
29.030000000,1.917827486,2.256571052,5.026677274,-1.781319372,1.799550282,1.620286563,4.963915095,-1.762964986,-0.118277205,-0.636284489,-0.062762179,0.018354386
29.060000000,1.922929065,2.244294686,5.028778513,-1.790271872,1.782180462,1.623648567,4.962629099,-1.771491518,-0.140748603,-0.620646119,-0.066149414,0.018780354
29.100000000,1.929751734,2.227947312,5.032055963,-1.802029956,1.758983080,1.629660270,4.960859656,-1.782965001,-0.170768655,-0.598287042,-0.071196306,0.019064955
29.130000000,1.934894836,2.215695794,5.022946773,-1.810600723,1.741614281,1.635358544,4.959487924,-1.791371393,-0.193280554,-0.580337250,-0.063458849,0.019229330
29.160000000,1.940060355,2.203470723,5.024896735,-1.818890723,1.724342592,1.642225117,4.958046555,-1.799654786,-0.215717762,-0.561245605,-0.066850181,0.019235936
29.200000000,1.946994287,2.187223584,5.024687483,-1.830066964,1.701513565,1.652841750,4.956069129,-1.810850488,-0.245480722,-0.534381834,-0.068618354,0.019216476
29.230000000,1.952245960,2.175052072,5.016763128,-1.838868838,1.684581221,1.661876378,4.954543478,-1.819341737,-0.267664739,-0.513175693,-0.062219649,0.019527101
29.260000000,1.957523006,2.162867150,5.018488433,-1.847383838,1.667881540,1.672023056,4.952994785,-1.827786069,-0.289641465,-0.490844094,-0.065493649,0.019597769
29.300000000,1.964602279,2.146630080,5.012640763,-1.859710633,1.645950835,1.687038648,4.950862186,-1.838941512,-0.318651444,-0.459591431,-0.061778576,0.020769121
29.330000000,1.969955111,2.134475495,5.002929756,-1.868641648,1.629749306,1.699363903,4.949236549,-1.847321971,-0.340205805,-0.435111593,-0.053693207,0.021319677
29.360000000,1.975334574,2.122320906,5.004251223,-1.877146648,1.613788081,1.712702903,4.947581598,-1.855797743,-0.361546493,-0.409618003,-0.056669625,0.021348905
29.400000000,1.982549105,2.106076500,4.998508647,-1.887408098,1.592847552,1.731876980,4.945350535,-1.867100978,-0.389701553,-0.374199520,-0.053158112,0.020307120
29.430000000,1.987995203,2.093873236,4.982665494,-1.896068628,1.577412509,1.747322101,4.943649389,-1.875482978,-0.410582694,-0.346551135,-0.039016105,0.020585650
29.460000000,1.993485116,2.081664477,4.983480781,-1.904363628,1.562243954,1.763786752,4.941922650,-1.883830257,-0.431241162,-0.317877726,-0.041558130,0.020533371
29.500000000,1.792335802,1.965445569,4.971293773,-1.916609247,1.542360125,1.787010345,4.939608258,-1.895079177,-0.249975678,-0.178435224,-0.031685515,0.021530071
29.530000000,1.795260725,1.951902573,4.960908789,-1.923773259,1.527711636,1.805380017,4.937873478,-1.903567271,-0.267549090,-0.146522555,-0.023035312,0.020205988
29.560000000,1.798222196,1.938309699,4.961268119,-1.932388259,1.513351127,1.824735911,4.936147911,-1.911972033,-0.284871069,-0.113573788,-0.025120207,0.020416226
29.600000000,1.802217029,1.920129538,4.965386437,-1.943975186,1.494606836,1.851820058,4.933831865,-1.923117118,-0.307610193,-0.068309479,-0.031554572,0.020858068
29.630000000,1.805247928,1.906474248,4.955540586,-1.952264930,1.480865719,1.873027271,4.932111521,-1.931523250,-0.324382209,-0.033446978,-0.023429064,0.020741680
29.660000000,1.808288211,1.892784019,4.955961753,-1.960972430,1.467484786,1.895087102,4.930396985,-1.939965933,-0.340803425,0.002303082,-0.025564768,0.021006497
29.700000000,1.812350134,1.874442804,4.947977179,-1.972101743,1.450205780,1.925652546,4.928123082,-1.951217912,-0.362144355,0.051209742,-0.019854097,0.020883830
29.730000000,1.815423857,1.860633995,4.938127551,-1.980442377,1.437696887,1.949423362,4.926411705,-1.959678498,-0.377726970,0.088789367,-0.011715846,0.020763880
29.760000000,1.818543517,1.846798521,4.938207914,-1.988819877,1.425634294,1.973971352,4.924725426,-1.968134236,-0.392909223,0.127172832,-0.013482488,0.020685642
29.800000000,1.822752135,1.828296569,4.937864367,-2.000006546,1.410131290,2.007675831,4.922513664,-1.979368183,-0.412620844,0.179379262,-0.015350703,0.020638363
29.830000000,1.825923718,1.814341340,4.940229708,-2.008350364,1.398947474,2.033701259,4.920903552,-1.987788419,-0.426976244,0.219359919,-0.019326156,0.020561944
29.860000000,1.829125163,1.800314526,4.940716886,-2.016922864,1.388211298,2.060485368,4.919319480,-1.996213043,-0.440913865,0.260170842,-0.021397407,0.020709821
29.900000000,1.833436469,1.781552312,4.947127185,-2.028134853,1.374461224,2.097136287,4.917234743,-2.007427759,-0.458975245,0.315583975,-0.029892442,0.020707094
29.930000000,1.836699788,1.767422828,4.936076110,-2.037549668,1.364548181,2.125272263,4.915695906,-2.015826597,-0.472151607,0.357849435,-0.020380204,0.021723072
29.960000000,1.839980902,1.753228460,4.936671389,-2.046089668,1.355034575,2.154048374,4.914178974,-2.024224615,-0.484946327,0.400819914,-0.022492415,0.021865054
30.000000000,1.711817544,1.922349366,4.932841829,-2.057374619,1.342901104,2.193295477,4.912182678,-2.035414691,-0.368916439,0.270946111,-0.020659151,0.021959928
30.030000000,1.713475822,1.910407757,4.933642923,-2.065263677,1.334204468,2.223360035,4.910698274,-2.043797009,-0.379271354,0.312952279,-0.022944649,0.021466668
30.060000000,1.715150299,1.898401261,4.934403844,-2.074143677,1.325881318,2.253982991,4.909260891,-2.052179398,-0.389268981,0.355581730,-0.025142953,0.021964279
30.100000000,1.717398967,1.882265721,4.937661596,-2.085962102,1.315273701,2.295521894,4.907405926,-2.063359298,-0.402125267,0.413256173,-0.030255670,0.022602804
30.130000000,1.719075687,1.870062970,4.937256985,-2.095358922,1.307706607,2.327226218,4.906076812,-2.071742613,-0.411369080,0.457163248,-0.031180173,0.023616309
30.160000000,1.720770120,1.857790222,4.938380611,-2.104141422,1.300537549,2.359465971,4.904775413,-2.080125393,-0.420232571,0.501675749,-0.033605198,0.024016029
30.200000000,1.723075070,1.841328993,4.936221698,-2.115789097,1.291479155,2.403067512,4.903098404,-2.091299420,-0.431595915,0.561738519,-0.033123294,0.024489677
30.230000000,1.724820397,1.828899326,4.938630175,-2.125269656,1.285044728,2.436180745,4.901881435,-2.099666330,-0.439775669,0.607281419,-0.036748740,0.025603325
30.260000000,1.726560336,1.816381031,4.939976570,-2.133834656,1.278983332,2.469713078,4.900724988,-2.108032107,-0.447577005,0.653332048,-0.039251582,0.025802549
30.300000000,1.728906701,1.799545584,4.933134820,-2.145211528,1.271411269,2.514989543,4.899246164,-2.119200679,-0.457495432,0.715443960,-0.033888656,0.026010849
30.330000000,1.730705312,1.786825900,4.918995114,-2.153876343,1.266090396,2.549325618,4.898184259,-2.127573869,-0.464614917,0.762499718,-0.020810856,0.026302474
30.360000000,1.732511149,1.774025822,4.919936918,-2.162483843,1.261090429,2.583973582,4.897183382,-2.135930339,-0.471420720,0.809947760,-0.022753536,0.026553503
30.400000000,1.734919151,1.756817885,4.905869475,-2.173066899,1.254851562,2.630578616,4.895944251,-2.147065976,-0.480067589,0.873760731,-0.009925224,0.026000923
30.430000000,1.736738338,1.743800283,4.910292023,-2.181308570,1.250508508,2.665856552,4.895104692,-2.155423883,-0.486229830,0.922056269,-0.015187332,0.025884687
30.460000000,1.738573860,1.730701211,4.911263042,-2.189978570,1.246486653,2.701428535,4.894342462,-2.163782385,-0.492087207,0.970727324,-0.016920580,0.026196185
30.500000000,1.583805237,2.063630106,4.905411889,-2.201135083,1.241497605,2.749156818,4.893460319,-2.174914054,-0.342307632,0.685526712,-0.011951570,0.026221029
30.530000000,1.583653243,2.054788214,4.898977372,-2.209328746,1.238022300,2.785151080,4.892887124,-2.183254617,-0.345630943,0.730362865,-0.006090248,0.026074129
30.560000000,1.583499778,2.045837583,4.899941206,-2.218093746,1.234832146,2.821362516,4.892427969,-2.191600274,-0.348667632,0.775524933,-0.007513237,0.026493472
30.600000000,1.583293831,2.033755691,4.905293811,-2.229793016,1.230957094,2.869918083,4.891949337,-2.202740899,-0.352336737,0.836162392,-0.013344474,0.027052117
30.630000000,1.583151193,2.024626225,4.911206447,-2.237152317,1.228303299,2.906484108,4.891713284,-2.211094557,-0.354847894,0.881857883,-0.019493163,0.026057760
30.660000000,1.583000281,2.015406955,4.912893526,-2.245902317,1.225875767,2.943147388,4.891583053,-2.219432989,-0.357124514,0.927740433,-0.021310473,0.026469328
30.700000000,1.582790595,2.002951463,4.911985162,-2.256063275,1.222964499,2.992171946,4.891541959,-2.230555998,-0.359826096,0.989220482,-0.020443204,0.025507277
30.730000000,1.582639199,1.993488787,4.918080936,-2.264826603,1.221037768,3.029051547,4.891585766,-2.238925417,-0.361601431,1.035562759,-0.026495170,0.025901186
30.760000000,1.582502119,1.983939222,4.920209552,-2.273619103,1.219338904,3.065996124,4.891702974,-2.247300626,-0.363163215,1.082056901,-0.028506579,0.026318478
30.800000000,1.582342641,1.971044831,4.930012284,-2.285019677,1.217323236,3.115266173,4.891970108,-2.258429970,-0.365019405,1.144221342,-0.038042175,0.026589707
30.830000000,1.582224869,1.961231485,4.919939945,-2.293233837,1.215997841,3.152223004,4.892249862,-2.266763043,-0.366227029,1.190991520,-0.027690083,0.026470794
30.860000000,1.582096843,1.951291662,4.922276070,-2.301786337,1.214878218,3.189205178,4.892606507,-2.275122401,-0.367218625,1.237913516,-0.029669563,0.026663936
30.900000000,1.581948666,1.937894700,4.915415556,-2.313290160,1.213632379,3.238513160,4.893150163,-2.286289748,-0.368316286,1.300618460,-0.022265393,0.027000413
30.930000000,1.581847624,1.927746537,4.910879620,-2.321223038,1.212840553,3.275441111,4.893634159,-2.294645394,-0.369007071,1.347694574,-0.017245461,0.026577644
30.960000000,1.581728505,1.917502559,4.913033440,-2.329570538,1.212171460,3.312291949,4.894192610,-2.302977612,-0.369557045,1.394789390,-0.018840830,0.026592926
31.000000000,1.435366453,2.422565109,4.904834343,-2.340256456,1.211471180,3.361353667,4.895068428,-2.314110410,-0.223895274,0.938788559,-0.009765915,0.026146047
31.030000000,1.433367523,2.418737225,4.897390111,-2.348565028,1.211088323,3.398093384,4.895803878,-2.322487269,-0.222279199,0.979356159,-0.001586234,0.026077760
31.060000000,1.431372778,2.414815491,4.899311018,-2.357185028,1.210802488,3.434726421,4.896651889,-2.330854181,-0.220570290,1.019910930,-0.002659129,0.026330847
31.100000000,1.428737711,2.409432750,4.899734904,-2.368188448,1.210507148,3.483381862,4.897950884,-2.341973855,-0.218230564,1.073949112,-0.001784020,0.026214593
31.130000000,1.426751773,2.405253082,4.898139477,-2.376476399,1.210363195,3.519746279,4.899073197,-2.350315285,-0.216388579,1.114493197,0.000933720,0.026161114
31.160000000,1.424764570,2.400959019,4.900414332,-2.385236399,1.210311164,3.555999498,4.900316197,-2.358686566,-0.214453406,1.155040478,-0.000098135,0.026549833
31.200000000,1.422137170,2.395084799,4.893460654,-2.395856182,1.210314353,3.604140035,4.902106093,-2.369853276,-0.211822817,1.209055236,0.008645439,0.026002906
31.230000000,1.420171887,2.390590936,4.897211746,-2.404326126,1.210329494,3.640057680,4.903546894,-2.378203718,-0.209842393,1.249466744,0.006335147,0.026122408
31.260000000,1.418188905,2.385983985,4.899642781,-2.412901126,1.210356098,3.675788188,4.905086460,-2.386544488,-0.207832807,1.289804203,0.005443678,0.026356637
31.300000000,1.415518749,2.379671943,4.892653678,-2.423754441,1.210438588,3.723212242,4.907278992,-2.397698872,-0.205080160,1.343540299,0.014625315,0.026055569
31.330000000,1.413522726,2.374824017,4.897664328,-2.431766781,1.210519816,3.758605042,4.909005189,-2.406082596,-0.203002910,1.383781025,0.011340861,0.025684185
31.360000000,1.411524124,2.369893701,4.900268639,-2.440634281,1.210567906,3.793776677,4.910826340,-2.414448153,-0.200956219,1.423882975,0.010557701,0.026186128
31.400000000,1.408847888,2.363167553,4.902677285,-2.452290037,1.210567316,3.840363161,4.913360623,-2.425579573,-0.198280572,1.477195608,0.010683337,0.026710465
31.430000000,1.406819732,2.358011142,4.904064647,-2.460202701,1.210542141,3.875095236,4.915352132,-2.433941110,-0.196277591,1.517084095,0.011287485,0.026261591
31.460000000,1.404815646,2.352767270,4.906935513,-2.468797701,1.210496302,3.909626941,4.917400059,-2.442325462,-0.194319344,1.556859672,0.010464546,0.026472239
31.500000000,1.348740959,2.988325279,4.911722744,-2.479018661,1.210342417,3.955351293,4.920216043,-2.453495532,-0.138398541,0.967026014,0.008493299,0.025523129
31.530000000,1.346068727,2.991089643,4.913848982,-2.487190411,1.210126260,3.989383928,4.922378031,-2.461853493,-0.135942466,0.998294285,0.008529050,0.025336918
31.560000000,1.343375143,2.993748952,4.917025663,-2.495895411,1.209826623,4.023174651,4.924626666,-2.470216516,-0.133548520,1.029425699,0.007601003,0.025678895
31.600000000,1.339781407,2.997154436,4.919177310,-2.506782946,1.209335636,4.067932249,4.927760904,-2.481391081,-0.130445772,1.070777813,0.008583594,0.025391865
31.630000000,1.337116805,2.999617852,4.929994706,-2.514570668,1.208860327,4.101257898,4.930214055,-2.489770334,-0.128256478,1.101640046,0.000219349,0.024800335
31.660000000,1.334473177,3.002002272,4.933753504,-2.522895668,1.208219570,4.134311500,4.932761747,-2.498139334,-0.126253607,1.132309228,-0.000991757,0.024756334
31.700000000,1.330955854,3.005017261,4.942380823,-2.533840443,1.207146211,4.178044274,4.936262240,-2.509303033,-0.123809643,1.173027012,-0.006118583,0.024537410
31.730000000,1.328333098,3.007150105,4.936840117,-2.541122883,1.206201469,4.210621745,4.938953318,-2.517671774,-0.122131629,1.203471641,0.002113201,0.023451109
31.760000000,1.325727723,3.009206912,4.940687312,-2.549892883,1.205098171,4.242976938,4.941672072,-2.526026633,-0.120629552,1.233770026,0.000984760,0.023866251
31.800000000,1.322282073,3.011845774,4.954353696,-2.561148517,1.203336248,4.285778308,4.945342013,-2.537181754,-0.118945825,1.273932534,-0.009011684,0.023966763
31.830000000,1.319714499,3.013717048,4.954109366,-2.569181303,1.201782035,4.317622602,4.948114617,-2.545569912,-0.117932464,1.303905555,-0.005994749,0.023611392
31.860000000,1.317154703,3.015490663,4.958313035,-2.577818803,1.200029397,4.349240997,4.950917920,-2.553950680,-0.117125306,1.333750334,-0.007395115,0.023868124
31.900000000,1.313771505,3.017749172,4.966481434,-2.588516420,1.197436777,4.391111105,4.954644434,-2.565095143,-0.116334729,1.373361933,-0.011837000,0.023421277
31.930000000,1.311287667,3.019364791,4.981362649,-2.596476054,1.195256141,4.422272636,4.957441287,-2.573458943,-0.116031526,1.402907846,-0.023921362,0.023017111
31.960000000,1.308829337,3.020912533,4.986088797,-2.605008554,1.192803190,4.453174398,4.960216687,-2.581853403,-0.116026146,1.432261865,-0.025872110,0.023155151
32.000000000,1.275540152,3.595657307,4.989007516,-2.616030982,1.189209655,4.494062086,4.963887795,-2.593048404,-0.086330497,0.898404779,-0.025119721,0.022982579
32.030000000,1.272715676,3.604354175,4.984913146,-2.624127827,1.186300122,4.524512956,4.966594980,-2.601426374,-0.086415554,0.920158781,-0.018318166,0.022701453
32.060000000,1.269935961,3.612975204,4.989336410,-2.632810327,1.183147406,4.554733235,4.969250760,-2.609832864,-0.086788555,0.941758031,-0.020085650,0.022977463
32.100000000,1.266283301,3.624371565,4.996132594,-2.643919043,1.178580955,4.594647182,4.972714644,-2.621041432,-0.087702346,0.970275617,-0.023417951,0.022877611
32.130000000,1.263557135,3.632847320,4.998459504,-2.651304433,1.174934004,4.624237707,4.975256889,-2.629388777,-0.088623131,0.991390388,-0.023202616,0.021915656
32.160000000,1.260835405,3.641278916,5.002830087,-2.659949433,1.171174809,4.653391324,4.977764546,-2.637839815,-0.089660596,1.012112409,-0.025065541,0.022109618
32.200000000,1.257229041,3.652484429,5.002671580,-2.670980846,1.166095388,4.691497661,4.981050755,-2.649394632,-0.091133653,1.039013233,-0.021620825,0.021586213
32.230000000,1.254559657,3.660851546,5.000670675,-2.679414114,1.162244267,4.719373435,4.983491332,-2.657898792,-0.092315390,1.058521889,-0.017179343,0.021515322
32.260000000,1.251899817,3.669167824,5.004757153,-2.688126614,1.158388208,4.746442394,4.985893462,-2.666000880,-0.093511609,1.077274570,-0.018863692,0.022125735
32.300000000,1.248366453,3.680169182,5.002256713,-2.699379203,1.153341590,4.781397974,4.989076163,-2.677095450,-0.095024863,1.101228791,-0.013180551,0.022283753
32.330000000,1.245741696,3.688357932,5.007247237,-2.707580937,1.149656621,4.806733410,4.991432591,-2.685931119,-0.096085075,1.118375478,-0.015814646,0.021649818
32.360000000,1.243150585,3.696505758,5.011284684,-2.716430937,1.146034490,4.831139082,4.993773200,-2.694648208,-0.097116095,1.134633324,-0.017511484,0.021782729
32.400000000,1.239744773,3.707303743,5.023141287,-2.726779037,1.141248936,4.862411409,4.996846103,-2.705517331,-0.098495837,1.155107667,-0.026295184,0.021261706
32.430000000,1.237198518,3.715331947,5.037922967,-2.733879395,1.137719309,4.884928933,4.999120413,-2.713620092,-0.099479209,1.169596986,-0.038802554,0.020259303
32.460000000,1.234676301,3.723307310,5.042640786,-2.742539395,1.134278946,4.906536880,5.001343882,-2.722298375,-0.100397355,1.183229570,-0.041296904,0.020241020
32.500000000,1.220690783,4.120216527,5.035374743,-2.753272053,1.129754920,4.934136154,5.004215865,-2.734011459,-0.090935863,0.813919627,-0.031158878,0.019260593
32.530000000,1.218114379,4.133007346,5.041102400,-2.760653054,1.126356838,4.953925233,5.006284760,-2.742287844,-0.091757541,0.820917888,-0.034817641,0.018365209
32.560000000,1.215561785,4.145741754,5.045466656,-2.769155554,1.122952692,4.972830414,5.008261031,-2.750252911,-0.092609092,0.827088659,-0.037205625,0.018902643
32.600000000,1.212170716,4.162678979,5.043206915,-2.779243587,1.118465110,4.996886973,5.010786234,-2.761453326,-0.093705606,0.834207994,-0.032420681,0.017790262
32.630000000,1.209659337,4.175372244,5.047222616,-2.787493740,1.115145553,5.014036441,5.012575661,-2.770287761,-0.094513784,0.838664197,-0.034646955,0.017205979
32.660000000,1.207194749,4.188072488,5.051299221,-2.796206240,1.111844816,5.030206217,5.014265862,-2.778831379,-0.095349933,0.842133729,-0.037033360,0.017374861
32.700000000,1.203940685,4.205041548,5.050785180,-2.807231065,1.107494962,5.050330433,5.016348216,-2.789556641,-0.096445723,0.845288885,-0.034436964,0.017674424
32.730000000,1.201513859,4.217790868,5.060699978,-2.815194723,1.104338210,5.064254878,5.017784181,-2.797833042,-0.097175649,0.846464010,-0.042915798,0.017361681
32.760000000,1.199102734,4.230569248,5.064759823,-2.824042223,1.101343444,5.076886647,5.019063871,-2.806909660,-0.097759290,0.846317399,-0.045695952,0.017132563
32.800000000,1.195955902,4.247666800,5.063307943,-2.833888635,1.097554087,5.091818621,5.020549164,-2.818831870,-0.098401815,0.844151821,-0.042758779,0.015056765
32.830000000,1.193643050,4.260528473,5.045075172,-2.841219289,1.094857203,5.101490392,5.021460036,-2.826861073,-0.098785847,0.840961918,-0.023615136,0.014358216
32.860000000,1.191329375,4.273402998,5.048162053,-2.849981789,1.092346700,5.109563217,5.022163922,-2.834781782,-0.098982675,0.836160219,-0.025998130,0.015200007
32.900000000,1.188287462,4.290606474,5.058162313,-2.859949882,1.089297405,5.118132404,5.022828863,-2.846678140,-0.098990057,0.827525929,-0.035333450,0.013271742
32.930000000,1.186075220,4.303554070,5.051599948,-2.867979447,1.087210988,5.122869194,5.023135481,-2.855977362,-0.098864232,0.819315124,-0.028464466,0.012002085
32.960000000,1.183893758,4.316540824,5.054544305,-2.876529447,1.085274734,5.125878421,5.023231835,-2.864300745,-0.098619025,0.809337597,-0.031312470,0.012228702
33.000000000,1.117664780,4.644913349,5.055518592,-2.887203572,1.082893688,5.127587047,5.023026574,-2.874717758,-0.034771092,0.482673697,-0.032492018,0.012485813
33.030000000,1.114719891,4.661953151,5.057278198,-2.894445397,1.081281715,5.127155020,5.022630256,-2.883305133,-0.033438176,0.465201870,-0.034647943,0.011140264
33.060000000,1.111833543,4.679043867,5.059994134,-2.903040397,1.079820821,5.125033472,5.021987534,-2.892588248,-0.032012722,0.445989605,-0.038006600,0.010452149
33.100000000,1.108086099,4.701922842,5.066511162,-2.913895456,1.077986913,5.119981941,5.020828158,-2.903905611,-0.030099186,0.418059099,-0.045683004,0.009989846
33.130000000,1.105338389,4.719158632,5.055814471,-2.921578812,1.076676267,5.114563456,5.019720426,-2.911508657,-0.028662122,0.395404823,-0.036094045,0.010070154
33.160000000,1.102610904,4.736452551,5.058065534,-2.930121312,1.075457050,5.107566093,5.018405993,-2.919724277,-0.027153855,0.371113541,-0.039659540,0.010397035
33.200000000,1.099050124,4.759599175,5.055460783,-2.940282439,1.073936558,5.096207863,5.016380076,-2.931992870,-0.025113566,0.336608688,-0.039080706,0.008289569
33.230000000,1.096446972,4.777022777,5.046984591,-2.947971246,1.072805937,5.086213535,5.014694413,-2.940898372,-0.023641035,0.309190758,-0.032290179,0.007072875
33.260000000,1.093882161,4.794498793,5.048663276,-2.956263746,1.071621411,5.074822910,5.012849255,-2.948734150,-0.022260750,0.280324116,-0.035814020,0.007529597
33.300000000,1.090515990,4.817886077,5.043758497,-2.966677933,1.069983977,5.057907841,5.010232688,-2.959350170,-0.020532013,0.240021764,-0.033525810,0.007327763
33.330000000,1.088038008,4.835517031,5.032982803,-2.974352645,1.068719538,5.044015327,5.008177873,-2.968198041,-0.019318470,0.208498296,-0.024804930,0.006154603
33.360000000,1.085618766,4.853238069,5.034129498,-2.982997645,1.067357623,5.029005456,5.006064327,-2.977141293,-0.018261143,0.175767387,-0.028065171,0.005856352
33.400000000,1.082483863,4.877002171,5.028772872,-2.993870223,1.065314948,5.007614043,5.003193499,-2.988041742,-0.017168916,0.130611872,-0.025579373,0.005828482
33.430000000,1.080156305,4.894925383,5.032096503,-3.001039448,1.063611243,4.990613972,5.001023453,-2.995916892,-0.016545062,0.095688590,-0.031073050,0.005122557
33.460000000,1.077837880,4.912938522,5.033292386,-3.009724448,1.061766464,4.972746098,4.998867092,-3.004392962,-0.016071416,0.059807576,-0.034425295,0.005331486
33.500000000,1.031992787,4.965725057,5.020797717,-3.020609962,1.059076630,4.947866615,4.996006770,-3.016110992,0.027083843,-0.017858442,-0.024790946,0.004498970
33.530000000,1.029240547,4.984339759,5.016830445,-3.029399072,1.056822936,4.928469309,4.993892936,-3.024497140,0.027582389,-0.055870449,-0.022937509,0.004901931
33.560000000,1.026532117,5.003059655,5.017764983,-3.038011572,1.054312046,4.908402432,4.991806028,-3.032472350,0.027779929,-0.094657223,-0.025958955,0.005539222
33.600000000,1.022970508,5.028172672,5.018191538,-3.048994935,1.050677614,4.880841917,4.989115457,-3.043487095,0.027707106,-0.147330755,-0.029076081,0.005507840
33.630000000,1.020355158,5.047152180,5.018128725,-3.057816331,1.047744987,4.859617759,4.987163429,-3.052154618,0.027389829,-0.187534421,-0.030965296,0.005661713
33.660000000,1.017812385,5.066239265,5.019384851,-3.066621331,1.044549659,4.837884130,4.985291503,-3.060687829,0.026737274,-0.228355135,-0.034093348,0.005933502
33.700000000,1.014502895,5.091867841,5.012046040,-3.077524360,1.039894054,4.808286754,4.982863468,-3.071591120,0.025391159,-0.283581087,-0.029182572,0.005933239
33.730000000,1.012064082,5.111231163,5.021406350,-3.085555772,1.036136585,4.785665020,4.981105171,-3.079775724,0.024072502,-0.325566143,-0.040301179,0.005780048
33.760000000,1.009674269,5.130726220,5.023004309,-3.094305772,1.032149413,4.762665728,4.979413002,-3.088290599,0.022475144,-0.368060492,-0.043591306,0.006015173
33.800000000,1.006601167,5.156916402,5.014572967,-3.106015136,1.026477017,4.731548231,4.977260299,-3.099688520,0.019875850,-0.425368172,-0.037312668,0.006326616
33.830000000,1.004368608,5.176721028,5.012180034,-3.114328630,1.021911555,4.707902414,4.975716467,-3.107983787,0.017542947,-0.468818614,-0.036463567,0.006344843
33.860000000,1.002188499,5.196649751,5.013712228,-3.122848630,1.017050722,4.683985381,4.974240380,-3.116177202,0.014862223,-0.512664370,-0.039471847,0.006671428
33.900000000,0.999361013,5.223417415,5.003635161,-3.134036444,1.010242705,4.651778070,4.972391408,-3.127377642,0.010881692,-0.571639345,-0.031243753,0.006658802
33.930000000,0.997328032,5.243649892,5.006053148,3.140645013,1.004885576,4.627408633,4.971087723,-3.135919033,0.007557544,-0.616241259,-0.034965426,0.006621262
33.960000000,0.995357744,5.264004643,5.007669431,3.132045013,0.999224433,4.602849842,4.969882060,3.138870836,0.003866689,-0.661154800,-0.037787371,0.006825823
34.000000000,1.043940783,5.108945223,4.996573204,3.120416147,0.991270193,4.569883972,4.968374403,3.127862020,-0.052670589,-0.539061251,-0.028198801,0.007445873
34.030000000,1.042755703,5.127287525,4.993417601,3.111634684,0.985048176,4.545011445,4.967334007,3.119524462,-0.057707527,-0.582276080,-0.026083594,0.007889778
34.060000000,1.041652165,5.145778551,4.994878932,3.103057184,0.978594399,4.520009864,4.966366112,3.111028644,-0.063057765,-0.625768687,-0.028512820,0.007971460
34.100000000,1.040292068,5.170659801,4.987482602,3.092531072,0.969615585,4.486529296,4.965198979,3.099760175,-0.070676483,-0.684130504,-0.022283623,0.007229103
34.130000000,1.039352434,5.189499762,4.999555363,3.084512573,0.962572196,4.461330317,4.964403136,3.091451649,-0.076780238,-0.728169445,-0.035152227,0.006939076
34.160000000,1.038475344,5.208482266,5.001425492,3.075817573,0.955256807,4.436065482,4.963690237,3.083149138,-0.083218537,-0.772416784,-0.037735256,0.007331565
34.200000000,1.037404542,5.234012166,5.008901189,3.064067514,0.945201471,4.402317194,4.962834241,3.071929982,-0.092203071,-0.831694972,-0.046066949,0.007862468
34.230000000,1.036708527,5.253323479,5.010338199,3.055568759,0.937417244,4.376974178,4.962248883,3.063479075,-0.099291283,-0.876349301,-0.048089317,0.007910316
34.260000000,1.036089860,5.272775301,5.012669062,3.047161259,0.929348234,4.351611752,4.961712912,3.055118146,-0.106741626,-0.921163548,-0.050956150,0.007956887
34.300000000,1.035364743,5.298932929,5.010222476,3.034511215,0.918238573,4.317773761,4.961043904,3.044031163,-0.117126170,-0.981159169,-0.049178572,0.009519948
34.330000000,1.034893135,5.318722341,5.000558369,3.026531553,0.909692136,4.292377557,4.960586838,3.035646675,-0.125200999,-1.026344783,-0.039971532,0.009115122
34.360000000,1.034508025,5.338645774,5.002604228,3.017936553,0.900938960,4.266966140,4.960164677,3.027190166,-0.133569064,-1.071679634,-0.042439551,0.009253613
34.400000000,1.034125799,5.365413415,5.000931581,3.007345747,0.888932938,4.233074922,4.959678145,3.015993834,-0.145192861,-1.132338494,-0.041253436,0.008648087
34.430000000,1.033911375,5.385655717,5.011967272,2.998907370,0.879673646,4.207653573,4.959358539,3.007681696,-0.154237729,-1.178002144,-0.052608732,0.008774326
34.460000000,1.033757509,5.406039913,5.014448179,2.990157370,0.870213666,4.182226331,4.959100341,2.999333641,-0.163543844,-1.223813582,-0.055347838,0.009176271
34.500000000,0.955367582,5.038390902,5.001622715,2.978953263,0.857370731,4.148315545,4.958804995,2.988085677,-0.097996851,-0.890075357,-0.042817721,0.009132414
34.530000000,0.954433076,5.054059953,4.995474898,2.970196388,0.847534695,4.122884425,4.958620358,2.979656334,-0.106898381,-0.931175527,-0.036854540,0.009459946
34.560000000,0.953586585,5.069870959,4.997482628,2.961343888,0.837466667,4.097463871,4.958463553,2.971318074,-0.116119919,-0.972407088,-0.039019075,0.009974186
34.600000000,0.952583820,5.091163040,5.005064535,2.950492152,0.823787482,4.063581866,4.958324080,2.960202637,-0.128796338,-1.027581174,-0.046740455,0.009710485
34.630000000,0.951909544,5.107297864,5.002136440,2.942670092,0.813376491,4.038178343,4.958276219,2.951784473,-0.138533053,-1.069119521,-0.043860222,0.009114382
34.660000000,0.951333844,5.123569707,5.004414447,2.934162592,0.802796904,4.012793794,4.958273801,2.943341680,-0.148536940,-1.110775913,-0.046140646,0.009179088
34.700000000,0.950706636,5.145456304,5.003663311,2.923536126,0.788416583,3.978992327,4.958305836,2.932183832,-0.162290053,-1.166463977,-0.045357475,0.008647706
34.730000000,0.950318761,5.162039406,4.992192683,2.914304891,0.777446226,3.953675226,4.958346231,2.923859610,-0.172872535,-1.208364180,-0.033846451,0.009554719
34.760000000,0.950005901,5.178768401,4.994152544,2.905779891,0.766348939,3.928383017,4.958420400,2.915473588,-0.183656962,-1.250385384,-0.035732144,0.009693697
34.800000000,0.949746556,5.201290587,4.980802086,2.894972409,0.751386651,3.894695045,4.958554917,2.904225038,-0.198359905,-1.306595543,-0.022247169,0.009252630
34.830000000,0.949684914,5.218328684,4.974413654,2.886492486,0.740001549,3.869465376,4.958707295,2.895832040,-0.209683365,-1.348863308,-0.015706359,0.009339554
34.860000000,0.949703355,5.235501272,4.975871259,2.878064986,0.728449433,3.844274623,4.958896165,2.887508192,-0.221253922,-1.391226649,-0.016975094,0.009443205
34.900000000,0.949834840,5.258599857,4.987418112,2.865676070,0.712899154,3.810722223,4.959225782,2.876364876,-0.236935686,-1.447877634,-0.028192330,0.010688806
34.930000000,0.950025872,5.276072823,4.991899881,2.856678992,0.701151346,3.785579485,4.959519403,2.867934882,-0.248874527,-1.490493338,-0.032380477,0.011255890
34.960000000,0.950302544,5.293667191,4.993989556,2.847821492,0.689285253,3.760469496,4.959856381,2.859517207,-0.261017291,-1.533197695,-0.034133175,0.011695714
35.000000000,0.816877688,4.808446465,4.981394226,2.836015531,0.673278188,3.727044609,4.960308180,2.848391066,-0.143599501,-1.081401856,-0.021086046,0.012375535
35.030000000,0.815647593,4.819833319,4.985785609,2.827403563,0.661170745,3.702008668,4.960647288,2.840057303,-0.154476848,-1.117824651,-0.025138321,0.012653741
35.060000000,0.814541544,4.831355042,4.987658289,2.819003563,0.649009716,3.676993155,4.961000385,2.831648394,-0.165531827,-1.154361888,-0.026657904,0.012644831
35.100000000,0.813239488,4.846924650,4.993806266,2.807386336,0.632696168,3.643678178,4.961519668,2.820407377,-0.180543320,-1.203246472,-0.032286598,0.013021041
35.130000000,0.812392362,4.858744787,4.990854659,2.799895080,0.620349996,3.618735647,4.961949345,2.812038052,-0.192042366,-1.240009140,-0.028905315,0.012142971
35.160000000,0.811621615,4.870691503,4.992881159,2.791250080,0.607909074,3.593834793,4.962394901,2.803712158,-0.203712541,-1.276856709,-0.030486258,0.012462078
35.200000000,0.810719957,4.886827149,4.979589930,2.779337061,0.591270834,3.560666961,4.963013091,2.792540931,-0.219449123,-1.326160188,-0.016576839,0.013203871
35.230000000,0.810155540,4.899085682,4.974530703,2.770852390,0.578762534,3.535815218,4.963480186,2.784107684,-0.231393006,-1.363270464,-0.011050517,0.013255294
35.260000000,0.809701097,4.911473241,4.976041074,2.762249890,0.566183363,3.511004389,4.963981188,2.775711976,-0.243517734,-1.400468853,-0.012059886,0.013462086
35.300000000,0.809247514,4.928181435,4.975045553,2.752208159,0.549311723,3.477982116,4.964687480,2.764596078,-0.259935791,-1.450199319,-0.010358073,0.012387919
35.330000000,0.809017548,4.940860331,4.967588582,2.743651993,0.536630139,3.453242890,4.965267432,2.756242013,-0.272387410,-1.487617441,-0.002321151,0.012590020
35.360000000,0.808881692,4.953670761,4.968976753,2.734939493,0.523954493,3.428519411,4.965874392,2.747821151,-0.284927199,-1.525151350,-0.003102361,0.012881658
35.400000000,0.808898875,4.970936877,4.976200086,2.722512465,0.507016388,3.395596164,4.966723122,2.736603853,-0.301882488,-1.575340713,-0.009476964,0.014091388
35.430000000,0.809028673,4.984030984,4.973296771,2.713752372,0.494260177,3.370946475,4.967382415,2.728254586,-0.314768496,-1.613084509,-0.005914355,0.014502215
35.460000000,0.809246073,4.997268965,4.974927021,2.705239872,0.481486680,3.346325920,4.968061853,2.719916927,-0.327759393,-1.650943045,-0.006865168,0.014677055
35.500000000,0.723580888,4.415216178,4.963247040,2.693816443,0.464494695,3.313511556,4.968976028,2.708718873,-0.259086192,-1.101704621,0.005728988,0.014902429
35.530000000,0.722951589,4.421103757,4.956457211,2.686036069,0.451768009,3.288916912,4.969664535,2.700290699,-0.271183580,-1.132186845,0.013207324,0.014254631
35.560000000,0.722443579,4.427093811,4.957568772,2.677611069,0.439017744,3.264358152,4.970374955,2.691913295,-0.283425835,-1.162735659,0.012806183,0.014302226
35.600000000,0.721908733,4.435283009,4.958034701,2.667128972,0.422003569,3.231653125,4.971356007,2.680785477,-0.299905164,-1.203629884,0.013321306,0.013656505
35.630000000,0.721616291,4.441578169,4.954997224,2.659294183,0.409272914,3.207133847,4.972137459,2.672399575,-0.312343377,-1.234444322,0.017140234,0.013105391
35.660000000,0.721439516,4.447988049,4.956138689,2.650796683,0.396575416,3.182620394,4.972940892,2.663968604,-0.324864100,-1.265367655,0.016802203,0.013171920
35.700000000,0.721363427,4.456709955,4.971592289,2.639887189,0.379633340,3.149969293,4.974041422,2.652778777,-0.341730087,-1.306740662,0.002449133,0.012891587
35.730000000,0.721414553,4.463392755,4.972583029,2.631631910,0.366912793,3.125507962,4.974870978,2.644442804,-0.354501761,-1.337884793,0.002287949,0.012810895
35.760000000,0.721555882,4.470199848,4.974318305,2.622846910,0.354224616,3.101049144,4.975709897,2.636082572,-0.367331265,-1.369150704,0.001391592,0.013235662
35.800000000,0.721907564,4.479474020,4.975758119,2.611785346,0.337380243,3.068425723,4.976796067,2.624857004,-0.384527321,-1.411048297,0.001037949,0.013071658
35.830000000,0.722298838,4.486576804,4.974490414,2.603341320,0.324772745,3.043966492,4.977596231,2.616441782,-0.397526093,-1.442610312,0.003105817,0.013100462
35.860000000,0.722787513,4.493796746,4.976173923,2.594913820,0.312164817,3.019531630,4.978378559,2.608088008,-0.410622697,-1.474265117,0.002204636,0.013174187
35.900000000,0.723578430,4.503620702,4.990276922,2.583603816,0.295400464,2.986958223,4.979424564,2.596953729,-0.428177966,-1.516662479,-0.010852358,0.013349913
35.930000000,0.724279955,4.511130321,4.990384880,2.575239637,0.282896707,2.962512700,4.980210604,2.588546807,-0.441383248,-1.548617621,-0.010174276,0.013307170
35.960000000,0.725089043,4.518772693,4.992470801,2.566469637,0.270446834,2.938061337,4.980988800,2.580118416,-0.454642209,-1.580711356,-0.011482001,0.013648779
36.000000000,0.572362774,3.984687581,4.995719889,2.555785519,0.253869773,2.905482148,4.982007660,2.568950044,-0.318493001,-1.079205433,-0.013712229,0.013164524
36.030000000,0.571472709,3.985675583,5.004337386,2.548957885,0.241466079,2.881057294,4.982746084,2.560609634,-0.330006630,-1.104618290,-0.021591301,0.011651748
36.060000000,0.570674680,3.986798438,5.006723396,2.540132885,0.229137674,2.856612114,4.983481139,2.552224197,-0.341537006,-1.130186324,-0.023242257,0.012091311
36.100000000,0.569786595,3.988466638,5.005820876,2.528242897,0.212798478,2.823990929,4.984447436,2.540984829,-0.356988117,-1.164475708,-0.021373440,0.012741931
36.130000000,0.569260036,3.989836461,5.009039380,2.519609120,0.200578323,2.799527994,4.985173775,2.532584116,-0.368681713,-1.190308467,-0.023865606,0.012974996
36.160000000,0.568845267,3.991316668,5.011440269,2.511004120,0.188377199,2.775073230,4.985882677,2.524242036,-0.380468068,-1.216243438,-0.025557591,0.013237916
36.200000000,0.568442852,3.993489678,5.011750194,2.499738498,0.172188078,2.742432992,4.986838292,2.513089779,-0.396254774,-1.251056686,-0.024911902,0.013351281
36.230000000,0.568263209,3.995269839,5.020896962,2.492124409,0.160125191,2.717910493,4.987544478,2.504658833,-0.408138017,-1.277359346,-0.033352484,0.012534424
36.260000000,0.568215101,3.997151679,5.023527810,2.483331909,0.148109536,2.693367361,4.988252879,2.496231855,-0.420105565,-1.303784318,-0.035274930,0.012899947
36.300000000,0.568331797,3.999822739,5.017658299,2.472132332,0.132116184,2.660642848,4.989187689,2.485084530,-0.436215613,-1.339179891,-0.028470610,0.012952198
36.330000000,0.568528345,4.001981164,5.022018185,2.462745265,0.120167378,2.636081136,4.989879495,2.476739243,-0.448360968,-1.365900028,-0.032138690,0.013993977
36.360000000,0.568830745,4.004266513,5.024522831,2.454077765,0.108303924,2.611472004,4.990564620,2.468329532,-0.460526821,-1.392794509,-0.033958211,0.014251767
36.400000000,0.569418259,4.007482784,5.025301890,2.443385345,0.092575937,2.578615873,4.991475824,2.457087214,-0.476842321,-1.428866910,-0.033826066,0.013701869
36.430000000,0.569997232,4.010014941,5.024371076,2.435020348,0.080813080,2.553968441,4.992161529,2.448707450,-0.489184151,-1.456046500,-0.032209548,0.013687102
36.460000000,0.570690296,4.012679163,5.026842347,2.426340348,0.069090255,2.529310413,4.992837481,2.440367354,-0.501600041,-1.483368749,-0.034004866,0.014027006
36.500000000,0.378919716,3.549589610,5.027338832,2.415229332,0.053569063,2.496372358,4.993747226,2.429185636,-0.325350653,-1.053217252,-0.033591607,0.013956304
36.530000000,0.377414403,3.546577249,5.030682128,2.407069191,0.042012550,2.471620838,4.994418895,2.420748758,-0.335401853,-1.074956411,-0.036263233,0.013679567
36.560000000,0.376013100,3.543681507,5.033240966,2.398541691,0.030500930,2.446854209,4.995097243,2.412344184,-0.345512170,-1.096827299,-0.038143723,0.013802493
36.600000000,0.374302672,3.539995691,5.039251685,2.387069322,0.015197875,2.413822318,4.995981648,2.401210823,-0.359104797,-1.126173373,-0.043270037,0.014141500
36.630000000,0.373117075,3.537368222,5.027535116,2.379320933,0.003786795,2.389010661,4.996642491,2.392846705,-0.369330280,-1.148357561,-0.030892624,0.013525772
36.660000000,0.372019738,3.534848629,5.029815634,2.370858433,-0.007536922,2.364139329,4.997279158,2.384418966,-0.379556660,-1.170709300,-0.032536476,0.013560532
36.700000000,0.370715698,3.531658470,5.037147886,2.360725331,-0.022562809,2.330935156,4.998114804,2.373190025,-0.393278507,-1.200723314,-0.039033082,0.012464694
36.730000000,0.369859831,3.529387016,5.042816538,2.352415068,-0.033803276,2.306022406,4.998735137,2.364830859,-0.403663107,-1.223364611,-0.044081401,0.012415791
36.760000000,0.369091389,3.527229725,5.045429231,2.343925068,-0.044993341,2.281077540,4.999353722,2.356484264,-0.414084730,-1.246152186,-0.046075509,0.012559196
36.800000000,0.368212698,3.524532655,5.049697997,2.332432776,-0.059804797,2.247731888,5.000156322,2.345273300,-0.428017495,-1.276800766,-0.049541675,0.012840524
36.830000000,0.367671360,3.522639550,5.056792642,2.324057254,-0.070846283,2.222671239,5.000729210,2.336834002,-0.438517643,-1.299968311,-0.056063432,0.012776748
36.860000000,0.367236615,3.520837126,5.059634326,2.315547254,-0.081858420,2.197595831,5.001286198,2.328450756,-0.449095035,-1.323241295,-0.058348129,0.012903501
36.900000000,0.366772676,3.518603720,5.054903756,2.304775615,-0.096493195,2.164130640,5.001999016,2.317324141,-0.463265871,-1.354473079,-0.052904740,0.012548526
36.930000000,0.366519924,3.517047444,5.060473053,2.296372068,-0.107401200,2.138972669,5.002520449,2.308937448,-0.473921124,-1.378074775,-0.057952604,0.012565380
36.960000000,0.366369843,3.515581093,5.063205803,2.287549568,-0.118237835,2.113750021,5.003014436,2.300497050,-0.484607678,-1.401831072,-0.060191367,0.012947482
37.000000000,0.191941064,3.110253732,5.044544672,2.276273946,-0.132641225,2.080085197,5.003676549,2.289289568,-0.324582289,-1.030168535,-0.040868123,0.013015621
37.030000000,0.189835771,3.103849997,5.046246153,2.267710179,-0.143421025,2.054821959,5.004158485,2.280944834,-0.333256796,-1.049028038,-0.042087668,0.013234654
37.060000000,0.187824502,3.097559448,5.048409329,2.258952679,-0.154148448,2.029508073,5.004652007,2.272581033,-0.341972950,-1.068051375,-0.043757321,0.013628354
37.100000000,0.185296848,3.089370529,5.051010783,2.247518950,-0.168361442,1.995662042,5.005315196,2.261344780,-0.353658291,-1.093708488,-0.045695588,0.013825830
37.130000000,0.183546358,3.083320387,5.041721285,2.238563217,-0.178978867,1.970235209,5.005827713,2.252916184,-0.362525225,-1.113085178,-0.035893572,0.014352967
37.160000000,0.181905472,3.077362343,5.043667364,2.229998217,-0.189581385,1.944797636,5.006339267,2.244554471,-0.371486857,-1.132564707,-0.037328096,0.014556255
37.200000000,0.179853810,3.069587552,5.041778510,2.218709002,-0.203671617,1.910831614,5.007016402,2.233418886,-0.383525427,-1.158755938,-0.034762108,0.014709883
37.230000000,0.178406263,3.063875596,5.043418581,2.210023318,-0.214180078,1.885287983,5.007524621,2.225006772,-0.392586341,-1.178587613,-0.035893960,0.014983454
37.260000000,0.177051932,3.058234682,5.045311138,2.201080818,-0.224642726,1.859690395,5.008028158,2.216565441,-0.401694657,-1.198544287,-0.037282980,0.015484623
37.300000000,0.175405727,3.050856120,5.052289909,2.190445444,-0.238575853,1.825543181,5.008703907,2.205385687,-0.413981580,-1.225312939,-0.043586001,0.014940243
37.330000000,0.174290490,3.045464719,5.042212951,2.182528215,-0.249009884,1.799914709,5.009203577,2.197045724,-0.423300373,-1.245550011,-0.033009374,0.014517509
37.360000000,0.173278740,3.040195938,5.043984596,2.173875715,-0.259397925,1.774225235,5.009704422,2.188658708,-0.432676665,-1.265970703,-0.034280173,0.014782993
37.400000000,0.172114823,3.033316770,5.041742895,2.162429872,-0.273188237,1.739889832,5.010337973,2.177408515,-0.445303061,-1.293426938,-0.031404922,0.014978643
37.430000000,0.171380283,3.028263537,5.023741423,2.153786392,-0.283514195,1.714114544,5.010813976,2.168998673,-0.454894478,-1.314148993,-0.012927447,0.015212281
37.460000000,0.170746731,3.023301071,5.024843548,2.145048892,-0.293836689,1.688332836,5.011279918,2.160651271,-0.464583420,-1.334968235,-0.013563630,0.015602380
37.500000000,0.027946003,2.594169696,5.021173807,2.134534197,-0.307561082,1.653895054,5.011920854,2.149493828,-0.335507085,-0.940274642,-0.009252953,0.014959631
37.530000000,0.025727663,2.584077579,5.016096020,2.126298845,-0.317812601,1.627999305,5.012414909,2.141059643,-0.343540263,-0.956078274,-0.003681111,0.014760798
37.560000000,0.023613956,2.574082724,5.016989587,2.117638845,-0.328046590,1.602070649,5.012932104,2.132625678,-0.351660546,-0.972012076,-0.004057482,0.014986832
37.600000000,0.020957972,2.560910012,5.012428768,2.106130835,-0.341700734,1.567499241,5.013631884,2.121470175,-0.362658705,-0.993410772,0.001203116,0.015339339
37.630000000,0.019058793,2.551162587,5.019208273,2.097827900,-0.351937930,1.541546986,5.014171109,2.113124550,-0.370996723,-1.009615600,-0.005037164,0.015296650
37.660000000,0.017260923,2.541522633,5.020280968,2.089377900,-0.362153418,1.515528784,5.014722646,2.104708440,-0.379414341,-1.025993848,-0.005558322,0.015330540
37.700000000,0.015010112,2.528799396,5.029749569,2.077855739,-0.375768857,1.480774000,5.015457681,2.093443834,-0.390778968,-1.048025396,-0.014291887,0.015588095
37.730000000,0.013435918,2.519366480,5.034264069,2.069703202,-0.386003394,1.454699854,5.016012103,2.085055476,-0.399439312,-1.064666626,-0.018251967,0.015352274
37.760000000,0.011955153,2.510039913,5.035816329,2.061190702,-0.396260770,1.428615736,5.016551237,2.076720677,-0.408215923,-1.081424177,-0.019265092,0.015529975
37.800000000,0.010131832,2.497760864,5.042765172,2.050325171,-0.409933730,1.393764999,5.017259932,2.065535379,-0.420065562,-1.103995866,-0.025505240,0.015210209
37.830000000,0.008889804,2.488656404,5.035185996,2.042187434,-0.420182901,1.367570726,5.017758632,2.057082220,-0.429072706,-1.121085678,-0.017427364,0.014894786
37.860000000,0.007748875,2.479638743,5.036645781,2.033459934,-0.430450724,1.341367930,5.018244381,2.048666490,-0.438199598,-1.138270813,-0.018401400,0.015206556
37.900000000,0.006383514,2.467780275,5.030809899,2.022351829,-0.444176509,1.306442903,5.018863843,2.037534620,-0.450560023,-1.161337373,-0.011946057,0.015182791
37.930000000,0.005475206,2.459000566,5.041808571,2.014751381,-0.454478522,1.280222925,5.019331090,2.029172400,-0.459953728,-1.178777641,-0.022477481,0.014421019
37.960000000,0.004662881,2.450313462,5.043417062,2.006086381,-0.464774295,1.253950318,5.019789399,2.020737775,-0.469437177,-1.196363145,-0.023627663,0.014651394
38.000000000,-0.182818120,2.033505020,5.035940571,1.995883519,-0.478519375,1.218902490,5.020406952,2.009497063,-0.295701255,-0.814602529,-0.015533619,0.013613544
38.030000000,-0.185766327,2.019830599,5.040861369,1.988031030,-0.488857463,1.192637455,5.020862462,2.001134750,-0.303091136,-0.827193144,-0.019998907,0.013103720
38.060000000,-0.188610548,2.006265047,5.042405068,1.979511030,-0.499214647,1.166370451,5.021316943,1.992789544,-0.310604099,-0.839894596,-0.021088125,0.013278514
38.100000000,-0.192230315,1.988329560,5.043798013,1.968052162,-0.513026768,1.131292289,5.021925487,1.981575145,-0.320796454,-0.857037271,-0.021872527,0.013522983
38.130000000,-0.194831596,1.974971867,5.042030530,1.960580567,-0.523395773,1.104958740,5.022371471,1.973128056,-0.328564177,-0.870013127,-0.019659059,0.012547490
38.160000000,-0.197337918,1.961690869,5.043570819,1.952030567,-0.533797084,1.078650071,5.022817671,1.964740023,-0.336459166,-0.883040798,-0.020753148,0.012709456
38.200000000,-0.200530457,1.944136698,5.044296935,1.941159922,-0.547706085,1.043597765,5.023400099,1.953614788,-0.347175628,-0.900538933,-0.020896836,0.012454866
38.230000000,-0.202805422,1.931082630,5.037807879,1.932411095,-0.558151514,1.017286043,5.023843622,1.945229462,-0.355346092,-0.913796587,-0.013964256,0.012818367
38.260000000,-0.204969818,1.918112058,5.039140130,1.923881095,-0.568608731,0.990944929,5.024270341,1.936784921,-0.363638913,-0.927167129,-0.014869789,0.012903826
38.300000000,-0.207703692,1.900925507,5.045475726,1.913023291,-0.582595463,0.955851100,5.024843587,1.925571422,-0.374891771,-0.945074407,-0.020632139,0.012548131
38.330000000,-0.209651690,1.888146797,5.033118931,1.904791757,-0.593125970,0.929569500,5.025270174,1.917228419,-0.383474280,-0.958577297,-0.007848758,0.012436662
38.360000000,-0.211518305,1.875487012,5.034289767,1.896104257,-0.603682995,0.903286042,5.025708003,1.908868851,-0.392164691,-0.972200970,-0.008581764,0.012764594
38.400000000,-0.213854476,1.858772291,5.036334139,1.885820043,-0.617783481,0.868205204,5.026272005,1.897629867,-0.403929005,-0.990567087,-0.010062135,0.011809825
38.430000000,-0.215484577,1.846318224,5.025787499,1.878390749,-0.628389872,0.841901361,5.026697620,1.889194806,-0.412905295,-1.004416863,0.000910121,0.010804057
38.460000000,-0.217005671,1.833953536,5.026769922,1.869723249,-0.639042098,0.815645917,5.027125714,1.880832071,-0.422036427,-1.018307620,0.000355792,0.011108822
38.500000000,-0.351845858,1.475338114,5.035221828,1.858065666,-0.653294967,0.780666493,5.027704765,1.869701756,-0.301449109,-0.694671622,-0.007517062,0.011636090
38.530000000,-0.354846285,1.458827749,5.045905548,1.849638307,-0.664010315,0.754414375,5.028152962,1.861290110,-0.309164030,-0.704413374,-0.017752586,0.011651804
38.560000000,-0.357747627,1.442384384,5.047583090,1.840910807,-0.674757231,0.728161441,5.028597795,1.852841720,-0.317009604,-0.714222943,-0.018985295,0.011930913
38.600000000,-0.361485031,1.420571471,5.043420617,1.830645399,-0.689151451,0.693224789,5.029181863,1.841657090,-0.327666420,-0.727346682,-0.014238754,0.011011692
38.630000000,-0.364189356,1.404322179,5.047231513,1.822238839,-0.699997805,0.667070201,5.029590725,1.833323391,-0.335808449,-0.737251978,-0.017640788,0.011084552
38.660000000,-0.366830761,1.388191949,5.048859590,1.813571339,-0.710885536,0.640913425,5.029993683,1.824938629,-0.344054775,-0.747278525,-0.018865907,0.011367289
38.700000000,-0.370222990,1.366803021,5.051061171,1.801119994,-0.725461355,0.606029144,5.030511757,1.813671755,-0.355238365,-0.760773877,-0.020549414,0.012551761
38.730000000,-0.372635970,1.350833338,5.054844343,1.792799035,-0.736451108,0.579905210,5.030903667,1.805250722,-0.363815138,-0.770928128,-0.023940677,0.012451686
38.760000000,-0.374943809,1.334948320,5.056661694,1.784216535,-0.747505296,0.553845104,5.031282392,1.796909239,-0.372561487,-0.781103216,-0.025379301,0.012692704
38.800000000,-0.377867498,1.313935815,5.053468828,1.772625169,-0.762315643,0.519124187,5.031791033,1.785760348,-0.384448146,-0.794811628,-0.021677795,0.013135179
38.830000000,-0.379944142,1.298265736,5.072319223,1.764191826,-0.773469946,0.493076856,5.032154706,1.777319455,-0.393525804,-0.805188880,-0.040164517,0.013127629
38.860000000,-0.381916357,1.282664389,5.074572284,1.755214326,-0.784678110,0.467061003,5.032510912,1.768877179,-0.402761753,-0.815603387,-0.042061372,0.013662854
38.900000000,-0.384398421,1.261974335,5.065866867,1.744292206,-0.799704080,0.432470245,5.032975638,1.757724930,-0.415305659,-0.829504089,-0.032891229,0.013432724
38.930000000,-0.386154155,1.246560507,5.073113774,1.736612558,-0.811028931,0.406576693,5.033306438,1.749386874,-0.424874775,-0.839983814,-0.039807336,0.012774316
38.960000000,-0.387816162,1.231241568,5.075268504,1.728147558,-0.822399276,0.380685315,5.033624195,1.740974914,-0.434583114,-0.850556253,-0.041644309,0.012827357
39.000000000,-0.564598265,0.866953800,5.059739853,1.717247866,-0.837624604,0.346194232,5.034032035,1.729713151,-0.273026339,-0.520759568,-0.025707818,0.012465285
39.030000000,-0.568262587,0.847410462,5.056228158,1.708917993,-0.849099835,0.320397350,5.034336258,1.721324039,-0.280837248,-0.527013112,-0.021891900,0.012406046
39.060000000,-0.571842389,0.827946891,5.057749372,1.700195493,-0.860630675,0.294672565,5.034630565,1.712988663,-0.288788286,-0.533274326,-0.023118807,0.012793169
39.100000000,-0.576489597,0.802127735,5.064210802,1.688681956,-0.876068420,0.260399509,5.035040659,1.701808305,-0.299578823,-0.541728226,-0.029170143,0.013126348
39.130000000,-0.579872759,0.782842328,5.069796617,1.681187703,-0.887692477,0.234707988,5.035343375,1.693358436,-0.307819719,-0.548134340,-0.034453243,0.012170733
39.160000000,-0.583163296,0.763626178,5.071702433,1.672925203,-0.899368550,0.209082296,5.035652136,1.684941448,-0.316205254,-0.554543882,-0.036050297,0.012016245
39.200000000,-0.587404623,0.738133849,5.061105497,1.661554157,-0.915008209,0.175030979,5.036037719,1.673809943,-0.327603587,-0.563102870,-0.025067778,0.012255786
39.230000000,-0.590473601,0.719126317,5.066433075,1.652874444,-0.926786595,0.149539977,5.036317284,1.665452864,-0.336312994,-0.569586340,-0.030115791,0.012578419
39.260000000,-0.593446317,0.700203120,5.068132467,1.644106944,-0.938610038,0.124062209,5.036576936,1.657021792,-0.345163721,-0.576140911,-0.031555531,0.012914848
39.300000000,-0.597274740,0.675094377,5.064136027,1.633362875,-0.954440783,0.090163904,5.036924337,1.645779324,-0.357166043,-0.584930474,-0.027211690,0.012416449
39.330000000,-0.600061383,0.656352946,5.051400041,1.624731575,-0.966366973,0.064833240,5.037181403,1.637416969,-0.366305589,-0.591519706,-0.014218638,0.012685395
39.360000000,-0.602761138,0.637715454,5.052544126,1.616176575,-0.978344737,0.039571648,5.037439512,1.629076744,-0.375583599,-0.598143806,-0.015104614,0.012900170
39.400000000,-0.606216006,0.612974375,5.058043849,1.604948643,-0.994379898,0.005918591,5.037791947,1.617867215,-0.388163893,-0.607055783,-0.020251902,0.012918572
39.430000000,-0.608687701,0.594495627,5.066553197,1.597038497,-1.006455411,-0.019284719,5.038061715,1.609419381,-0.397767710,-0.613780347,-0.028491482,0.012380884
39.460000000,-0.611074501,0.576078019,5.068208602,1.588360997,-1.018582313,-0.044396870,5.038346464,1.601029541,-0.407507811,-0.620474889,-0.029862138,0.012668543
39.500000000,-0.713906939,0.396963845,5.062396225,1.578012696,-1.034819230,-0.077763359,5.038710220,1.589907514,-0.320912291,-0.474727204,-0.023686005,0.011894818
39.530000000,-0.717378750,0.376761076,5.057041692,1.569102286,-1.047046477,-0.102747765,5.038976165,1.581528308,-0.329667727,-0.479508841,-0.018065527,0.012426023
39.560000000,-0.720766342,0.356627794,5.058312459,1.560364786,-1.059323742,-0.127704555,5.039210770,1.573087317,-0.338557400,-0.484332349,-0.019101688,0.012722532
39.600000000,-0.725136765,0.329886600,5.061766078,1.548824663,-1.075761793,-0.160874127,5.039519362,1.561872407,-0.350625027,-0.490760727,-0.022246716,0.013047744
39.630000000,-0.728296860,0.309929728,5.061705109,1.541627236,-1.088140538,-0.185650396,5.039743603,1.553529100,-0.359843678,-0.495580124,-0.021961506,0.011901864
39.660000000,-0.731367486,0.290059395,5.063097988,1.532952236,-1.100567824,-0.210368563,5.039977102,1.545173905,-0.369200338,-0.500427958,-0.023120885,0.012221669
39.700000000,-0.735299895,0.263662472,5.065503327,1.521166572,-1.117200170,-0.243290915,5.040268178,1.533944520,-0.381900276,-0.506953386,-0.025235149,0.012777949
39.730000000,-0.738154085,0.243930271,5.059721919,1.513203533,-1.129719543,-0.267923374,5.040475227,1.525513359,-0.391565458,-0.511853644,-0.019246691,0.012309825
39.760000000,-0.740886163,0.224240979,5.061030158,1.504593533,-1.142282569,-0.292451249,5.040671683,1.517149514,-0.401396406,-0.516692228,-0.020358476,0.012555980
39.800000000,-0.744373838,0.198107691,5.061712550,1.492633910,-1.159094667,-0.325052348,5.040926597,1.506022211,-0.414720829,-0.523160038,-0.020785953,0.013388301
39.830000000,-0.746871575,0.178595050,5.060870937,1.484436150,-1.171753110,-0.349469620,5.041119453,1.497618141,-0.424881534,-0.528064670,-0.019751485,0.013181990
39.860000000,-0.749275319,0.159131351,5.062167320,1.475811150,-1.184461073,-0.373841325,5.041299222,1.489175337,-0.435185754,-0.532972676,-0.020868098,0.013364187
39.900000000,-0.752336851,0.133262983,5.056224574,1.464903260,-1.201467291,-0.406205441,5.041537649,1.477990478,-0.449130440,-0.539468424,-0.014686925,0.013087218
39.930000000,-0.754529588,0.113930412,5.055101666,1.455976083,-1.214269404,-0.430380341,5.041706461,1.469655981,-0.459739817,-0.544310752,-0.013395204,0.013679898
39.960000000,-0.756628827,0.094663167,5.056247848,1.447516083,-1.227125565,-0.454509214,5.041887339,1.461278473,-0.470496738,-0.549172382,-0.014360509,0.013762391
40.000000000,-0.971226308,-0.083052337,5.059763478,1.435871995,-1.244342981,-0.486631403,5.042116319,1.450026526,-0.273116673,-0.403579066,-0.017647159,0.014154531
