time_sec,est_x,est_y,est_z,est_yaw,true_x,true_y,true_z,true_yaw,err_x,err_y,err_z,err_yaw
0.0,-2.000020966,-2.00001805,0.049996,0.016896912,-2.0,-2.0,0.05004984,-0.0,2.0966e-05,1.805e-05,5.384e-05,-0.016896912
0.03,-2.000081128,-2.000061473,0.071816815,-0.008865071,-2.0,-2.0,0.05004984,-0.0,8.1128e-05,6.1473e-05,-0.021766975,0.008865071
0.06,-2.000168934,-2.000125452,0.072328093,-0.009057571,-2.0,-2.0,0.050089742,-0.0,0.000168934,0.000125452,-0.022238352,0.009057571
0.09,-2.000278615,-2.000213756,0.066948008,0.005009288,-2.0,-2.0,0.050119733,-0.0,0.000278615,0.000213756,-0.016828275,-0.005009288
0.17,-2.000572048,-2.000506282,0.067507229,0.015521291,-2.0,-2.0,0.050199731,-0.0,0.000572048,0.000506282,-0.017307498,-0.015521291
0.17,-2.000835062,-2.000847138,0.061271339,0.015521291,-2.0,-2.0,0.050199731,-0.0,0.000835062,0.000847138,-0.011071608,-0.015521291
0.27,-2.001238898,-2.001371548,0.055307517,0.015904054,-2.0,-2.0,0.050299731,-0.0,0.001238898,0.001371548,-0.005007786,-0.015904054
0.37,-2.002083524,-2.002463293,0.049650765,0.019253529,-2.0,-2.0,0.050399731,-0.0,0.002083524,0.002463293,0.000748966,-0.019253529
0.43,-2.002683895,-2.003304463,0.052453649,0.010232009,-2.000000003,-2.000000001,0.050489862,-0.000246869,0.002683892,0.003304462,-0.001963786,-0.010478878
0.46,-2.003009196,-2.003761925,0.052186098,0.008657009,-1.999999934,-1.999999979,0.050932148,-0.001577771,0.003009262,0.003761946,-0.00125395,-0.01023478
0.5,-2.131005092,-1.797488313,0.056950468,0.001587181,-1.999997668,-1.999999216,0.052822104,-0.005252728,0.131007423,-0.202510903,-0.004128364,-0.006839909
0.53,-2.134460586,-1.792960494,0.06212118,-0.00669534,-1.999992304,-1.999997015,0.055197146,-0.009156398,0.134468283,-0.207036521,-0.006924034,-0.002461058
0.56,-2.137948233,-1.788458254,0.065109421,-0.01150534,-1.999984706,-1.999993008,0.058237793,-0.013745432,0.137963527,-0.211534755,-0.006871628,-0.002240093
0.6,-2.142649153,-1.782490824,0.063687065,-0.018853136,-1.999970928,-1.999992685,0.063438597,-0.020895266,0.142678225,-0.21750186,-0.000248468,-0.002042129
0.63,-2.146207555,-1.778054369,0.065276291,-0.025666215,-1.999948455,-2.000028224,0.06813381,-0.026867355,0.1462591,-0.221973855,0.00285752,-0.00120114
0.66,-2.149803944,-1.773638959,0.069461894,-0.032501215,-1.999905357,-2.000126305,0.073371609,-0.033206197,0.149898588,-0.226487346,0.003909715,-0.000704982
0.7,-2.154648391,-1.767780709,0.079686322,-0.044337947,-1.999798563,-2.000446675,0.081290339,-0.04223657,0.154849828,-0.232665965,0.001604017,0.002101377
0.73,-2.158307111,-1.763407093,0.083984667,-0.050453456,-1.99969055,-2.000871268,0.087872085,-0.049347875,0.158616562,-0.237464175,0.003887419,0.001105581
0.76,-2.161991594,-1.759058251,0.09003802,-0.058093456,-1.99957041,-2.001437145,0.094886975,-0.056640055,0.162421183,-0.242378894,0.004848955,0.0014534
0.8,-2.166947942,-1.753307014,0.100881541,-0.067170245,-1.99938381,-2.002435725,0.104988511,-0.066638671,0.167564132,-0.249128711,0.00410697,0.000531574
0.83,-2.170707514,-1.749029836,0.109361847,-0.0781061,-1.999212688,-2.003344728,0.113087335,-0.074330264,0.171494826,-0.254314892,0.003725489,0.003775835
0.86,-2.174517056,-1.744792707,0.116953624,-0.0862686,-1.999018182,-2.004354325,0.121539238,-0.082135839,0.175498874,-0.259561618,0.004585614,0.004132761
0.9,-2.1796685,-1.739184345,0.126417414,-0.097037888,-1.998727526,-2.005858971,0.133418843,-0.092691776,0.180940974,-0.266674626,0.007001429,0.004346112
0.93,-2.183570697,-1.734995942,0.143149085,-0.103010335,-1.99848765,-2.007088319,0.142752513,-0.100694572,0.185083047,-0.272092377,-0.000396572,0.002315763
0.96,-2.187497949,-1.730833624,0.152308785,-0.111160335,-1.998224284,-2.008382846,0.152378578,-0.108757789,0.189273665,-0.277549221,6.9793e-05,0.002402546
1.0,-2.072945229,-1.992253589,0.169711522,-0.123099589,-1.997820507,-2.010217582,0.165714515,-0.119607748,0.075124722,-0.017963993,-0.003997007,0.003491841
1.03,-2.074379466,-1.993814829,0.175150703,-0.132125626,-1.997484573,-2.011666468,0.176068881,-0.12779575,0.076894893,-0.01785164,0.000918178,0.004329876
1.06,-2.07586096,-1.995395808,0.185111154,-0.140730626,-1.9971299,-2.013163063,0.186671978,-0.136013377,0.07873106,-0.017767255,0.001560823,0.004717249
1.1,-2.077883392,-1.997567557,0.201866393,-0.150423351,-1.99661917,-2.015225717,0.201247723,-0.147018365,0.081264223,-0.01765816,-0.000618671,0.003404986
1.13,-2.079428591,-1.999248,0.205595949,-0.156380982,-1.99620759,-2.016773592,0.212476052,-0.155294104,0.083221001,-0.017525592,0.006880103,0.001086878
1.16,-2.080988359,-2.00097601,0.216000647,-0.164868482,-1.995781036,-2.018270626,0.223915747,-0.163587636,0.085207323,-0.017294616,0.0079151,0.001280846
1.2,-2.083125831,-2.003349861,0.241010639,-0.174134056,-1.995183949,-2.020074888,0.239544219,-0.174704398,0.087941882,-0.016725027,-0.00146642,-0.000570343
1.23,-2.084786224,-2.005175363,0.250885665,-0.182212459,-1.994692884,-2.021232636,0.251518529,-0.183066986,0.09009334,-0.016057273,0.000632864,-0.000854527
1.26,-2.086473713,-2.00702131,0.262414593,-0.190819959,-1.994157671,-2.022239349,0.263661793,-0.191404579,0.092316042,-0.015218039,0.0012472,-0.00058462
1.3,-2.088780324,-2.009489425,0.280869682,-0.202186259,-1.993375448,-2.023316702,0.280142842,-0.202498997,0.095404876,-0.013827278,-0.00072684,-0.000312738
1.33,-2.090544467,-2.01134066,0.291520521,-0.211762062,-1.992758507,-2.023947857,0.292705854,-0.210858855,0.09778596,-0.012607198,0.001185333,0.000903207
1.36,-2.09233511,-2.013191353,0.303564923,-0.220487062,-1.992120661,-2.02446883,0.305404393,-0.219238083,0.100214449,-0.011277477,0.00183947,0.001248979
1.4,-2.094773397,-2.015707086,0.324354683,-0.232759568,-1.991215403,-2.024995135,0.322576489,-0.230391517,0.103557994,-0.009288049,-0.001778194,0.002368052
1.43,-2.096645739,-2.017633142,0.337460206,-0.243412915,-1.990498334,-2.025283865,0.33561844,-0.238746791,0.106147405,-0.007650722,-0.001841766,0.004666124
1.46,-2.098564599,-2.019573463,0.350197532,-0.251882915,-1.989767409,-2.025502498,0.34877711,-0.24711519,0.108797191,-0.005929035,-0.001420422,0.004767725
1.5,-2.145334329,-2.025882987,0.36448241,-0.263043585,-1.9887776,-2.025677913,0.366514383,-0.258298862,0.156556729,0.000205073,0.002031973,0.004744722
1.53,-2.148541752,-2.027668819,0.376206516,-0.272517192,-1.988010549,-2.025736648,0.379957672,-0.266682431,0.160531203,0.001932171,0.003751156,0.00583476
1.56,-2.151783017,-2.029493529,0.388937182,-0.281339692,-1.987220156,-2.025750204,0.393493391,-0.275055708,0.164562861,0.003743325,0.004556209,0.006283983
1.6,-2.156154152,-2.031955808,0.412803482,-0.292909359,-1.986141564,-2.02569031,0.411706082,-0.286223205,0.170012588,0.006265498,-0.0010974,0.006686154
1.63,-2.159478539,-2.033816997,0.430807256,-0.300792964,-1.985326503,-2.025588821,0.425477665,-0.294611867,0.174152036,0.008228175,-0.005329591,0.006181097
1.66,-2.162836764,-2.035684466,0.444503539,-0.309390464,-1.984499555,-2.025449882,0.439327468,-0.303001534,0.178337209,0.010234584,-0.005176071,0.00638893
1.7,-2.167374588,-2.038189165,0.465253527,-0.321110545,-1.983355553,-2.025203177,0.457929822,-0.314174057,0.184019035,0.012985988,-0.007323705,0.006936487
1.73,-2.170825212,-2.040089222,0.481016112,-0.329262663,-1.982473505,-2.024972224,0.471975255,-0.322550667,0.188351707,0.015116998,-0.009040857,0.006711996
1.76,-2.17430795,-2.042015314,0.495135601,-0.337647663,-1.981586141,-2.024706546,0.486087306,-0.330935433,0.192721809,0.017308769,-0.009048295,0.006712231
1.8,-2.179040577,-2.044597522,0.514812086,-0.3503805,-1.980391203,-2.024295666,0.505011688,-0.342125924,0.198649374,0.020301856,-0.009800398,0.008254577
1.83,-2.182651151,-2.04653692,0.529617513,-0.359643566,-1.979469809,-2.023956672,0.519286233,-0.350513486,0.203181342,0.022580248,-0.01033128,0.00913008
1.86,-2.186299352,-2.048512458,0.543882447,-0.368623566,-1.978529442,-2.023599276,0.533611364,-0.358896801,0.20776991,0.024913181,-0.010271083,0.009726765
1.9,-2.191212731,-2.051191707,0.562815983,-0.379839766,-1.977263393,-2.023086465,0.552808192,-0.370079922,0.213949338,0.028105242,-0.010007792,0.009759844
1.93,-2.19495323,-2.053215534,0.577387194,-0.387462836,-1.976311783,-2.022675633,0.567267073,-0.378473276,0.218641447,0.030539901,-0.010120121,0.00898956
1.96,-2.198732439,-2.055239004,0.590703302,-0.395877836,-1.975348549,-2.022251136,0.581772873,-0.386865486,0.223383889,0.032987869,-0.008930428,0.00901235
2.0,-2.067300963,-2.037306205,0.606376951,-0.407206042,-1.974030579,-2.021666647,0.601187392,-0.398048376,0.093270384,0.015639558,-0.00518956,0.009157666
2.03,-2.067727546,-2.038702155,0.62220778,-0.414948859,-1.973029166,-2.021210128,0.615803222,-0.406435896,0.09469838,0.017492027,-0.006404558,0.008512963
2.06,-2.06818908,-2.040129168,0.636352,-0.423473859,-1.972027199,-2.020736839,0.630456967,-0.414824228,0.09616188,0.01939233,-0.005895034,0.008649631
2.1,-2.068863989,-2.042071149,0.658520239,-0.436180513,-1.970680997,-2.020083062,0.650062619,-0.426007662,0.098182992,0.021988087,-0.00845762,0.010172852
2.13,-2.069411024,-2.043545415,0.673492442,-0.444116343,-1.969657777,-2.019592949,0.664810797,-0.434393428,0.099753247,0.023952466,-0.008681646,0.009722916
2.16,-2.069987915,-2.04501907,0.687870626,-0.452738843,-1.968637179,-2.01911355,0.6795886,-0.442776271,0.101350735,0.02590552,-0.008282025,0.009962572
2.2,-2.070807761,-2.046999086,0.702796497,-0.462928174,-1.967315036,-2.018510622,0.699347665,-0.453945347,0.103492725,0.028488464,-0.003448832,0.008982828
2.23,-2.071470051,-2.048487274,0.7112906,-0.471793674,-1.966356141,-2.018102133,0.714202919,-0.462316514,0.10511391,0.030385141,0.00291232,0.00947716
2.26,-2.072171575,-2.049991973,0.724922077,-0.480521174,-1.965411141,-2.017733863,0.729086639,-0.470695067,0.106760434,0.03225811,0.004164563,0.009826107
2.3,-2.073164546,-2.052012866,0.736689062,-0.490603903,-1.964175766,-2.017311719,0.748971682,-0.481884623,0.10898878,0.034701147,0.01228262,0.00871928
2.33,-2.073952529,-2.053547547,0.763154957,-0.500456064,-1.963282005,-2.017030202,0.763919676,-0.49027278,0.110670524,0.036517345,0.000764719,0.010183284
2.36,-2.074786079,-2.055099555,0.777261443,-0.509023564,-1.962412945,-2.016766982,0.778885385,-0.498656313,0.112373134,0.038332574,0.001623942,0.010367251
2.4,-2.075964574,-2.057192347,0.794741851,-0.521620087,-1.961275691,-2.016451086,0.79888016,-0.509839466,0.114688883,0.04074126,0.004138309,0.011780621
2.43,-2.076909173,-2.058777752,0.810404758,-0.529209063,-1.960428011,-2.016238436,0.813898406,-0.518231697,0.116481163,0.042539315,0.003493648,0.010977365
2.46,-2.077906486,-2.060383038,0.824500831,-0.537734063,-1.959592044,-2.016034824,0.828936236,-0.526623116,0.118314443,0.044348214,0.004435404,0.011110947
2.5,-2.141268562,-1.994034897,0.849254393,-0.549503871,-1.958510925,-2.015766288,0.849015289,-0.537808849,0.182757637,-0.021731391,-0.000239105,0.011695023
2.53,-2.144202465,-1.993889639,0.868409668,-0.557750202,-1.95771279,-2.015569107,0.8640969,-0.546199311,0.186489674,-0.021679468,-0.004312767,0.011550891
2.56,-2.147195269,-1.993743943,0.883193795,-0.566387702,-1.956913252,-2.015378301,0.879193515,-0.554591814,0.190282017,-0.021634358,-0.00400028,0.011795888
2.6,-2.151260772,-1.993549249,0.906892109,-0.577634918,-1.955850911,-2.015127629,0.899347631,-0.565782171,0.195409861,-0.02157838,-0.007544478,0.011852747
2.63,-2.154369343,-1.993408896,0.916107155,-0.586170912,-1.955067742,-2.014935526,0.914480078,-0.574174563,0.199301601,-0.02152663,-0.001627077,0.01199635
2.66,-2.157524853,-1.993262961,0.930673786,-0.594785912,-1.954289725,-2.014745391,0.929623102,-0.582568204,0.203235128,-0.02148243,-0.001050684,0.012217708
2.7,-2.161803136,-1.993070982,0.944658856,-0.607218503,-1.953242965,-2.014512463,0.949838429,-0.593762084,0.20856017,-0.021441481,0.005179573,0.013456419
2.73,-2.165067331,-1.992935557,0.96086458,-0.61513865,-1.952454384,-2.014352638,0.965013481,-0.602158404,0.212612948,-0.021417081,0.004148901,0.012980246
2.76,-2.168365309,-1.992793764,0.975137016,-0.62403115,-1.951674149,-2.014195319,0.980202365,-0.610553743,0.21669116,-0.021401555,0.005065349,0.013477407
2.8,-2.172844088,-1.992628161,1.000300761,-0.635633523,-1.950647367,-2.013986471,1.000467874,-0.621745585,0.22219672,-0.021358311,0.000167113,0.013887938
2.83,-2.176255386,-1.992521177,1.016161842,-0.643799437,-1.949868026,-2.013838882,1.01568337,-0.63013945,0.226387359,-0.021317706,-0.000478472,0.013659987
2.86,-2.179710828,-1.992407693,1.030832073,-0.652439437,-1.949076422,-2.013698446,1.030903936,-0.63853232,0.230634406,-0.021290754,7.1863e-05,0.013907117
2.9,-2.184397637,-1.992268515,1.0453152,-0.663881254,-1.948013906,-2.013507255,1.051216884,-0.649722427,0.236383731,-0.02123874,0.005901684,0.014158827
2.92,-2.187979137,-1.992165433,1.054170929,-0.672351646,-1.947483957,-2.013404832,1.061377267,-0.655319049,0.240495179,-0.021239398,0.007206339,0.017032597
2.96,-2.191594416,-1.992050217,1.067979229,-0.680861646,-1.94641207,-2.013193459,1.081710437,-0.666513386,0.245182347,-0.021143242,0.013731207,0.014348261
3.0,-2.133731909,-2.08537609,1.092568923,-0.692631491,-1.945303393,-2.012984995,1.102057022,-0.677702292,0.188428516,0.072391094,0.009488099,0.014929199
3.03,-2.135756264,-2.087859578,1.104084971,-0.700730345,-1.944453565,-2.012821923,1.117326525,-0.686092877,0.191302699,0.075037655,0.013241554,0.014637468
3.06,-2.137830359,-2.090362257,1.118021474,-0.709387845,-1.943598584,-2.012645531,1.132602894,-0.69448809,0.194231775,0.077716725,0.01458142,0.014899755
3.1,-2.140674054,-2.09368279,1.132791995,-0.720535099,-1.94243999,-2.012388528,1.152981808,-0.705684601,0.198234063,0.081294262,0.020189814,0.014850498
3.12,-2.142864695,-2.096162322,1.161152557,-0.729356056,-1.941845651,-2.012253693,1.163175665,-0.711279156,0.201019045,0.083908629,0.002023108,0.018076901
3.16,-2.145101767,-2.098640982,1.175770817,-0.737848556,-1.940627388,-2.011959132,1.183565874,-0.722463434,0.204474379,0.08668185,0.007795057,0.015385122
3.2,-2.148155024,-2.101940733,1.188202734,-0.748413513,-1.939384013,-2.011601435,1.20396966,-0.733661025,0.208771011,0.090339297,0.015766927,0.014752488
3.23,-2.150499836,-2.104417732,1.202179997,-0.757315042,-1.938427412,-2.011285687,1.219277151,-0.74206756,0.212072424,0.093132044,0.017097155,0.015247482
3.26,-2.152892616,-2.106916516,1.217953327,-0.766010042,-1.937441019,-2.0109435,1.234592605,-0.750466244,0.215451596,0.095973016,0.016639278,0.015543799
3.3,-2.156163663,-2.110240377,1.244877829,-0.775646927,-1.936069942,-2.010439348,1.255016024,-0.76164625,0.220093721,0.099801029,0.010138195,0.014000677
3.33,-2.158664661,-2.112743772,1.258751329,-0.782540397,-1.935015956,-2.010011563,1.270342766,-0.770038536,0.223648705,0.102732209,0.011591437,0.012501861
3.36,-2.161215433,-2.115260118,1.267624691,-0.791247897,-1.933947516,-2.009545038,1.28566942,-0.778440809,0.227267917,0.105715079,0.018044729,0.012807088
3.4,-2.164669126,-2.118619067,1.292944243,-0.802030274,-1.932480208,-2.008869916,1.30611538,-0.789639183,0.232188919,0.109749151,0.013171138,0.01239109
3.43,-2.167299259,-2.121138354,1.307733013,-0.809950198,-1.931340509,-2.008332605,1.32145122,-0.798024655,0.23595875,0.112805749,0.013718207,0.011925543
3.46,-2.169964717,-2.123661595,1.314487391,-0.818450198,-1.930180622,-2.007765166,1.336792347,-0.806410703,0.239784096,0.115896429,0.022304955,0.012039495
3.5,-2.186033279,-1.905960665,1.336354289,-0.830273462,-1.928611012,-2.006940043,1.357251409,-0.817609716,0.257422268,-0.100979378,0.02089712,0.012663746
3.53,-2.18920884,-1.902578904,1.34952817,-0.837813613,-1.927408116,-2.006279217,1.372600277,-0.826011062,0.261800724,-0.103700313,0.023072107,0.011802551
3.56,-2.192433817,-1.899190884,1.363873599,-0.846653613,-1.926178016,-2.005597351,1.387956034,-0.834407439,0.266255801,-0.106406467,0.024082435,0.012246174
3.6,-2.196810119,-1.894652331,1.392411274,-0.856287451,-1.924497009,-2.004649943,1.408442725,-0.845599903,0.27231311,-0.109997612,0.016031451,0.010687548
3.63,-2.200157633,-1.891243458,1.408350582,-0.86447863,-1.923226305,-2.003921282,1.423809639,-0.853996621,0.276931328,-0.112677824,0.015459056,0.010482009
3.66,-2.203562147,-1.887831405,1.420155015,-0.87311863,-1.921958393,-2.003204955,1.439178882,-0.86239609,0.281603755,-0.115373551,0.019023867,0.01072254
3.7,-2.208162293,-1.883267171,1.436053687,-0.884866645,-1.920290473,-2.002326698,1.459679863,-0.873610138,0.28787182,-0.119059527,0.023626176,0.011256507
3.73,-2.211650799,-1.879853633,1.450330462,-0.892896511,-1.919082659,-2.001738807,1.475061053,-0.882031178,0.29256814,-0.121885174,0.02473059,0.010865333
3.76,-2.215180473,-1.87643803,1.468761384,-0.901671511,-1.917921055,-2.001195104,1.490449303,-0.890437665,0.297259417,-0.124757073,0.021687919,0.011233846
3.8,-2.219955897,-1.871864692,1.492032871,-0.91283071,-1.916449318,-2.000553021,1.510970287,-0.901618066,0.303506579,-0.12868833,0.018937416,0.011212644
3.83,-2.223577837,-1.868426777,1.50642903,-0.922625656,-1.915378633,-2.000146992,1.526369653,-0.910015181,0.308199204,-0.131720215,0.019940623,0.012610475
3.86,-2.227245324,-1.865002048,1.520747859,-0.931528156,-1.914323643,-1.999793332,1.541768203,-0.918421514,0.312921681,-0.134791284,0.021020344,0.013106642
3.9,-2.232210173,-1.860460438,1.549911452,-0.942690827,-1.912951811,-1.999387681,1.562310702,-0.929619375,0.319258361,-0.138927243,0.01239925,0.013071452
3.93,-2.235989237,-1.857055641,1.565331654,-0.950331977,-1.911945257,-1.999121412,1.5777171,-0.938009145,0.324043981,-0.142065771,0.012385446,0.012322832
3.96,-2.239833253,-1.853636186,1.579918387,-0.958924477,-1.910941465,-1.998892099,1.593129504,-0.946401827,0.328891788,-0.145255913,0.013211117,0.01252265
4.0,-2.19547391,-1.962666258,1.59716243,-0.969126428,-1.909590393,-1.998664672,1.613679724,-0.957599804,0.285883516,-0.035998415,0.016517294,0.011526624
4.03,-2.198102197,-1.962672648,1.612050457,-0.978153986,-1.908571826,-1.998536009,1.629097673,-0.965996368,0.289530371,-0.035863361,0.017047215,0.012157618
4.06,-2.200783976,-1.962679891,1.632612591,-0.986581486,-1.907552768,-1.998426251,1.644517526,-0.974391636,0.293231209,-0.03574636,0.011904935,0.01218985
4.1,-2.204433347,-1.96269796,1.649109879,-0.996810463,-1.906177179,-1.998323838,1.665083616,-0.985586022,0.298256169,-0.035625878,0.015973737,0.011224441
4.13,-2.207215111,-1.962714651,1.664296962,-1.004256016,-1.905117271,-1.998287755,1.68050875,-0.993979981,0.302097839,-0.035573104,0.016211788,0.010276035
4.16,-2.210042094,-1.962732906,1.681555246,-1.012913516,-1.904037078,-1.99826921,1.695935146,-1.002372176,0.306005015,-0.035536304,0.0143799,0.010541341
4.2,-2.213874357,-1.962749951,1.707587986,-1.024892041,-1.902565438,-1.99824563,1.716510866,-1.013569587,0.311308919,-0.035495679,0.00892288,0.011322455
4.23,-2.216776375,-1.962752425,1.723531487,-1.034273111,-1.90142648,-1.998231609,1.731945027,-1.021972989,0.315349894,-0.035479184,0.00841354,0.012300122
4.26,-2.219718577,-1.962750049,1.736033633,-1.042600611,-1.900249379,-1.998233346,1.74738509,-1.030369705,0.319469198,-0.035483297,0.011351456,0.012230905
4.3,-2.223692005,-1.962737391,1.751641588,-1.053004754,-1.898607998,-1.998259932,1.767971385,-1.04155089,0.325084007,-0.035522542,0.016329797,0.011453864
4.33,-2.226718878,-1.962730495,1.76714698,-1.060432817,-1.897334368,-1.99827452,1.783418891,-1.049944897,0.32938451,-0.035544025,0.016271911,0.01048792
4.36,-2.229782353,-1.962705772,1.793890691,-1.069037817,-1.896030353,-1.998282053,1.79886436,-1.058348311,0.333752,-0.035576281,0.004973669,0.010689506
4.4,-2.233924444,-1.962640883,1.809826489,-1.081286903,-1.894218665,-1.998305838,1.819467928,-1.069545993,0.339705779,-0.035664955,0.009641439,0.011740911
4.43,-2.237080284,-1.962585059,1.824806421,-1.089344744,-1.892798893,-1.998342663,1.834918252,-1.077929996,0.344281391,-0.035757604,0.01011183,0.011414749
4.46,-2.240286127,-1.962516209,1.84331094,-1.098049744,-1.891341337,-1.998379701,1.85037377,-1.086316024,0.348944791,-0.035863492,0.00706283,0.01173372
4.5,-2.090402183,-1.983561646,1.865288426,-1.108068816,-1.889336601,-1.998411914,1.870980258,-1.097518463,0.201065582,-0.014850268,0.005691832,0.010550352
4.53,-2.089760113,-1.983999468,1.880714931,-1.116734966,-1.887777507,-1.998439321,1.886439074,-1.105920372,0.201982605,-0.014439854,0.005724143,0.010814594
4.56,-2.089161624,-1.984431371,1.896788615,-1.125114966,-1.886171128,-1.998481568,1.90190189,-1.114312933,0.202990496,-0.014050197,0.005113275,0.010802033
4.6,-2.08841656,-1.98499304,1.917294359,-1.136623791,-1.883955867,-1.998551995,1.922527801,-1.125500428,0.204460693,-0.013558955,0.005233442,0.011123363
4.63,-2.087896721,-1.985391105,1.925410925,-1.144906468,-1.882270456,-1.998602628,1.938001525,-1.133900606,0.205626266,-0.013211522,0.0125906,0.011005862
4.66,-2.087414669,-1.985775623,1.929470426,-1.153476468,-1.880588396,-1.998665749,1.953474348,-1.142305576,0.206826273,-0.012890126,0.024003922,0.011170892
4.7,-2.086824083,-1.986265347,1.948367301,-1.164859744,-1.878384501,-1.998822102,1.974111526,-1.153522963,0.208439582,-0.012556754,0.025744224,0.011336781
4.73,-2.086418613,-1.986616542,1.961976188,-1.172796515,-1.876789271,-1.999004558,1.989586432,-1.161952611,0.209629342,-0.012388016,0.027610243,0.010843904
4.76,-2.086042086,-1.98696991,1.979515033,-1.181541515,-1.875251258,-1.999220944,2.005066457,-1.170372678,0.210790828,-0.012251034,0.025551423,0.011168837
4.8,-2.085615989,-1.987421225,2.001628951,-1.193391855,-1.873307834,-1.999562912,2.025702377,-1.181561065,0.212308154,-0.012141687,0.024073426,0.01183079
4.83,-2.085369645,-1.987714781,2.01627021,-1.200974293,-1.871914629,-1.99987707,2.041184637,-1.189958142,0.213455016,-0.012162289,0.024914428,0.011016151
4.86,-2.08518163,-1.988003408,2.034174703,-1.209264293,-1.87055942,-2.000237393,2.056663831,-1.198368764,0.21462221,-0.012233985,0.022489129,0.010895529
4.9,-2.085006436,-1.988367342,2.054595059,-1.220195911,-1.868822565,-2.000771813,2.077307549,-1.209576815,0.216183871,-0.012404471,0.02271249,0.010619097
4.93,-2.084917238,-1.988626508,2.070504892,-1.229534278,-1.867571833,-2.001193,2.092788224,-1.217966848,0.217345405,-0.012566492,0.022283332,0.01156743
4.96,-2.084873967,-1.988871589,2.087284317,-1.238004278,-1.866351415,-2.001637317,2.108270523,-1.226356339,0.218522551,-0.012765728,0.020986205,0.011647939
5.0,-2.079220899,-1.983945993,2.107474524,-1.24875557,-1.864765705,-2.002293003,2.128914333,-1.237557277,0.214455194,-0.01834701,0.021439809,0.011198294
5.03,-2.079489806,-1.98395881,2.125800495,-1.256282505,-1.863607689,-2.0028182,2.144396791,-1.245959334,0.215882117,-0.01885939,0.018596296,0.010323171
5.06,-2.079802807,-1.98394762,2.146845847,-1.264990005,-1.862475422,-2.003350458,2.159881132,-1.254354145,0.217327385,-0.019402839,0.013035285,0.01063586
5.1,-2.080278821,-1.983891429,2.170049925,-1.276800642,-1.861006515,-2.004077384,2.180522513,-1.26554004,0.219272306,-0.020185955,0.010472588,0.011260603
5.13,-2.080670214,-1.983821176,2.185386155,-1.284748224,-1.859925079,-2.004657707,2.196007335,-1.273935648,0.220745135,-0.020836531,0.01062118,0.010812577
5.16,-2.08108554,-1.983734265,2.208114855,-1.293215724,-1.858857265,-2.005263037,2.21148834,-1.282334366,0.222228275,-0.021528772,0.003373485,0.010881359
5.2,-2.081675882,-1.98358233,2.23077824,-1.304871765,-1.857466415,-2.006083752,2.232135985,-1.293527031,0.224209467,-0.022501422,0.001357745,0.011344734
5.23,-2.082179687,-1.983429417,2.246761309,-1.311916527,-1.856448184,-2.006701051,2.247617523,-1.301916352,0.225731504,-0.023271634,0.000856214,0.010000175
5.26,-2.082714186,-1.983244879,2.265493165,-1.320899027,-1.855442175,-2.007333683,2.263103345,-1.310307416,0.22727201,-0.024088804,-0.00238982,0.010591612
5.27,-2.083460693,-1.982978039,2.282748381,-1.331738238,-1.855109593,-2.007552445,2.268264696,-1.31310574,0.2283511,-0.024574406,-0.014483685,0.018632497
5.32,-2.084057912,-1.982743468,2.298064771,-1.33987165,-1.853459879,-2.008666348,2.294069624,-1.327098043,0.230598033,-0.025922881,-0.003995147,0.012773607
5.36,-2.084680358,-1.982509696,2.313695946,-1.34857415,-1.852164413,-2.009554056,2.314715038,-1.338288244,0.232515945,-0.027044361,0.001019092,0.010285906
5.4,-2.085561517,-1.982151385,2.331689051,-1.359568824,-1.850882518,-2.010445799,2.335359558,-1.349478427,0.234678999,-0.028294415,0.003670507,0.010090398
5.43,-2.086263154,-1.98186216,2.345826773,-1.367667925,-1.849922632,-2.011137655,2.350842617,-1.357872065,0.236340522,-0.029275495,0.005015844,0.00979586
5.46,-2.087023154,-1.981536529,2.362616444,-1.376292925,-1.848964082,-2.011838284,2.36632439,-1.36626519,0.238059072,-0.030301756,0.003707945,0.010027735
5.5,-1.988691869,-2.039082157,2.378663903,-1.387111497,-1.847692424,-2.012757545,2.386970214,-1.377456122,0.140999445,0.026324612,0.008306311,0.009655375
5.52,-1.987189631,-2.040196712,2.394525342,-1.394682261,-1.847058206,-2.013210925,2.397290392,-1.383052172,0.140131424,0.026985787,0.002765051,0.011630089
5.56,-1.985716846,-2.041292948,2.409502665,-1.403324761,-1.845785876,-2.014131119,2.417938535,-1.394239153,0.13993097,0.027161829,0.00843587,0.009085607
5.6,-1.983799344,-2.042731804,2.422492116,-1.414630819,-1.844510068,-2.015072344,2.438585532,-1.405426956,0.139289276,0.02765946,0.016093417,0.009203863
5.62,-1.982399643,-2.043791902,2.441268612,-1.423341665,-1.843879243,-2.015538108,2.448913475,-1.411020658,0.1385204,0.028253793,0.007644863,0.012321007
5.66,-1.981045437,-2.044831763,2.4559556,-1.432224165,-1.842658655,-2.016448989,2.469565271,-1.422205957,0.138386782,0.028382775,0.01360967,0.010018208
5.7,-1.979285676,-2.046180367,2.474750501,-1.44503334,-1.841526366,-2.01736694,2.490222774,-1.433396279,0.13775931,0.028813427,0.015472272,0.011637061
5.72,-1.978002207,-2.047161144,2.491499587,-1.453619615,-1.841003227,-2.017838796,2.500549409,-1.43900548,0.13699898,0.029322347,0.009049822,0.014614135
5.76,-1.976754462,-2.048120954,2.506167338,-1.462274615,-1.840056797,-2.018788753,2.521204383,-1.450231954,0.136697665,0.029332201,0.015037044,0.012042661
5.8,-1.975152035,-2.049357513,2.522050125,-1.473334063,-1.839249114,-2.019715341,2.54185917,-1.461419571,0.135902921,0.029642172,0.019809045,0.011914492
5.83,-1.97399104,-2.050252313,2.53762678,-1.481666027,-1.838732953,-2.020405653,2.557351159,-1.46980365,0.135258087,0.02984666,0.019724379,0.011862377
5.86,-1.972858506,-2.051118345,2.558609356,-1.490228527,-1.838276539,-2.021106317,2.572843713,-1.478205182,0.134581967,0.030012028,0.014234358,0.012023345
5.9,-1.971393112,-2.052212526,2.576468729,-1.500786696,-1.837772157,-2.022044115,2.593497192,-1.489420258,0.133620954,0.03016841,0.017028463,0.011366438
5.92,-1.970334455,-2.053002456,2.592657338,-1.509001814,-1.837561468,-2.022500194,2.603826568,-1.49501734,0.132772987,0.030502262,0.01116923,0.013984475
5.96,-1.969314049,-2.053754217,2.607322702,-1.517816814,-1.837218853,-2.023383916,2.624477551,-1.506193283,0.132095197,0.030370301,0.01715485,0.011623531
6.0,-2.05817621,-2.041417397,2.630157507,-1.52897806,-1.836973967,-2.024262947,2.645133784,-1.51738536,0.221202243,0.01715445,0.014976277,0.011592699
6.03,-2.059939903,-2.041650406,2.645015372,-1.537011793,-1.83685376,-2.0249211,2.660621338,-1.525792312,0.223086143,0.016729306,0.015605966,0.011219481
6.06,-2.061727239,-2.041865197,2.664106341,-1.545654293,-1.836778615,-2.025560096,2.676113179,-1.534186731,0.224948624,0.016305101,0.012006839,0.011467562
6.07,-2.064164961,-2.042107685,2.684487226,-1.557580411,-1.836767778,-2.025763681,2.68127618,-1.536980446,0.227397184,0.016344005,-0.003211046,0.020599964
6.12,-2.066036225,-2.042253172,2.703005959,-1.565121108,-1.836762428,-2.026753279,2.707091579,-1.550947489,0.229273796,0.015499892,0.00408562,0.014173619
6.16,-2.067955097,-2.042386262,2.718216073,-1.573993608,-1.836795365,-2.027525867,2.727744199,-1.562133247,0.231159732,0.014860395,0.009528126,0.011860361
6.2,-2.070556658,-2.042537936,2.734924783,-1.58495898,-1.836803274,-2.028260223,2.748398666,-1.573318988,0.233753385,0.014277713,0.013473883,0.011639993
6.22,-2.072539698,-2.042611587,2.751381749,-1.593697864,-1.836784056,-2.0286012,2.758724586,-1.578918304,0.235755642,0.014010387,0.007342837,0.014779561
6.26,-2.074548734,-2.042649648,2.766315007,-1.602275364,-1.836682595,-2.029242389,2.779372841,-1.590129371,0.237866138,0.013407259,0.013057834,0.012145993
6.3,-2.077264768,-2.042639417,2.793592479,-1.613344839,-1.836488166,-2.029859682,2.800020995,-1.601318913,0.240776602,0.012779735,0.006428516,0.012025926
6.33,-2.079319782,-2.042602387,2.808629971,-1.623008542,-1.836276787,-2.030296951,2.815504393,-1.609701405,0.243042995,0.012305436,0.006874422,0.013307137
6.36,-2.08138546,-2.04253926,2.825171883,-1.631766042,-1.836017886,-2.030698845,2.830989018,-1.618095449,0.245367574,0.011840415,0.005817135,0.013670593
6.4,-2.084192796,-2.042397385,2.846557205,-1.643837715,-1.835587403,-2.03117379,2.851628282,-1.629303636,0.248605394,0.011223595,0.005071077,0.014534079
6.43,-2.086330714,-2.042265171,2.861342683,-1.652422765,-1.835202792,-2.031507955,2.867110044,-1.63769672,0.251127922,0.010757216,0.00576736,0.014726044
6.46,-2.08849127,-2.042105528,2.873380771,-1.661065265,-1.834773763,-2.031827544,2.882586928,-1.646078954,0.253717507,0.010277984,0.009206158,0.01498631
6.5,-1.908855611,-2.041713543,2.890114892,-1.673798104,-1.834118252,-2.032196365,2.903226741,-1.657265725,0.074737359,0.009517178,0.013111849,0.016532379
6.52,-1.906278152,-2.04147499,2.904210357,-1.682830398,-1.833755926,-2.032351211,2.913542752,-1.662868958,0.072522226,0.009123779,0.009332395,0.01996144
6.56,-1.90373016,-2.041195951,2.918829148,-1.691555398,-1.832964204,-2.032623147,2.934179044,-1.674063106,0.070765955,0.008572804,0.015349896,0.017492292
6.6,-1.900394652,-2.040755523,2.942785789,-1.702404786,-1.832095127,-2.032866608,2.954817343,-1.68523358,0.068299525,0.007888915,0.012031554,0.017171206
6.63,-1.897909966,-2.040382332,2.957273916,-1.71061877,-1.831421032,-2.033014036,2.970295781,-1.693609815,0.066488934,0.007368296,0.013021865,0.017008955
6.66,-1.895435841,-2.039967272,2.968833083,-1.71940377,-1.830764145,-2.033124094,2.985774135,-1.701986322,0.064671695,0.006843178,0.016941052,0.017417448
6.7,-1.892163801,-2.039352116,2.991289372,-1.730405681,-1.829993171,-2.033212355,3.006415397,-1.713153768,0.062170631,0.006139761,0.015126025,0.017251913
6.72,-1.889739826,-2.038845269,3.007829102,-1.738637957,-1.829675379,-2.03323907,3.01673357,-1.718753148,0.060064447,0.0056062,0.008904468,0.019884809
6.76,-1.887354093,-2.03830489,3.022607145,-1.747170457,-1.829203558,-2.033245966,3.037359691,-1.729982734,0.058150535,0.005058924,0.014752546,0.017187723
6.8,-1.884221265,-2.037545618,3.044208991,-1.758932672,-1.828961001,-2.03316115,3.057978727,-1.741171102,0.055260264,0.004384468,0.013769735,0.01776157
6.83,-1.881895972,-2.036921305,3.058750009,-1.767266931,-1.828938013,-2.033038761,3.073434396,-1.749538065,0.05295796,0.003882544,0.014684387,0.017728866
6.86,-1.879602025,-2.036260673,3.077430238,-1.775941931,-1.829030425,-2.032887972,3.088888008,-1.757927459,0.0505716,0.003372701,0.01145777,0.018014472
6.9,-1.876596698,-2.035349983,3.095278875,-1.786006892,-1.829359252,-2.032635857,3.109479874,-1.769152377,0.047237445,0.002714126,0.014201,0.016854514
6.92,-1.874371736,-2.034632916,3.122023695,-1.794422441,-1.829603701,-2.032479519,3.119775398,-1.774754223,0.044768035,0.002153397,-0.002248297,0.019668218
6.96,-1.872170158,-2.033886727,3.137602215,-1.803157441,-1.830246177,-2.0320991,3.140354437,-1.785917781,0.041923981,0.001787627,0.002752222,0.01723966
7.0,-1.868932184,-1.984565743,3.156187916,-1.813040721,-1.831092592,-2.031655335,3.160928749,-1.797092962,0.037839592,-0.047089592,0.004740832,0.015947759
7.02,-1.867159367,-1.982476645,3.178351115,-1.821514381,-1.8315913,-2.031417188,3.171210814,-1.802700826,0.035568067,-0.048940544,-0.007140301,0.018813555
7.06,-1.865393079,-1.98036548,3.19411151,-1.830171881,-1.832731141,-2.030894044,3.191772136,-1.813914814,0.032661938,-0.050528564,-0.002339374,0.016257067
7.1,-1.863077667,-1.977505444,3.216745562,-1.840863915,-1.834048398,-2.030291255,3.212327247,-1.825080404,0.029029269,-0.052785811,-0.004418315,0.015783511
7.12,-1.861363267,-1.97530497,3.220779333,-1.848824546,-1.834771328,-2.029967409,3.222603348,-1.83065881,0.026591939,-0.05466244,0.001824015,0.018165736
7.16,-1.859655892,-1.973063267,3.235672609,-1.857457046,-1.836342067,-2.029300394,3.243155216,-1.841850662,0.023313825,-0.056237127,0.007482607,0.015606385
7.2,-1.857426629,-1.970044579,3.262099663,-1.869133193,-1.838062845,-2.02860326,3.263701766,-1.853062758,0.019363784,-0.058558681,0.001602103,0.016070436
7.22,-1.855772429,-1.967752338,3.275439998,-1.878451179,-1.838971583,-2.028234599,3.273976189,-1.858656405,0.016800845,-0.060482261,-0.001463809,0.019794774
7.26,-1.854123119,-1.965434967,3.290486062,-1.887333679,-1.840877497,-2.02746235,3.29451728,-1.869825267,0.013245623,-0.062027383,0.004031218,0.017508412
7.3,-1.851929719,-1.962277888,3.300907584,-1.898781412,-1.842900818,-2.026678077,3.315060926,-1.88101472,0.0090289,-0.064400189,0.014153342,0.017766692
7.32,-1.850308298,-1.959870508,3.313397915,-1.906989719,-1.843954318,-2.02628609,3.32532914,-1.886619135,0.006353981,-0.066415582,0.011931226,0.020370583
7.36,-1.848695539,-1.957434743,3.327497375,-1.915589719,-1.846132897,-2.025484657,3.345870214,-1.897817986,0.002562642,-0.068049914,0.018372839,0.017771733
7.4,-1.846552367,-1.954126701,3.353985778,-1.926629465,-1.848396562,-2.024653871,3.366405915,-1.908993472,-0.001844195,-0.070527171,0.012420138,0.017635992
7.43,-1.844971447,-1.951591913,3.368436802,-1.934700968,-1.850154471,-2.024033171,3.381810768,-1.917381869,-0.005183024,-0.072441258,0.013373966,0.017319099
7.46,-1.843410805,-1.949022463,3.382000281,-1.943330968,-1.851956132,-2.023423891,3.397212756,-1.925781683,-0.008545326,-0.074401428,0.015212475,0.017549285
7.5,-2.002495237,-2.047733758,3.404472058,-1.954986591,-1.854427041,-2.022616524,3.417751193,-1.936980272,0.148068196,0.025117234,0.013279134,0.01800632
7.52,-2.005354368,-2.04790822,3.415647075,-1.963378592,-1.855685869,-2.022208231,3.428019491,-1.942572058,0.149668499,0.02569999,0.012372417,0.020806534
7.56,-2.008233058,-2.048042979,3.429889409,-1.971926092,-1.858251278,-2.021396742,3.448556302,-1.953760522,0.14998178,0.026646237,0.018666893,0.01816557
7.6,-2.012066226,-2.04815975,3.452962855,-1.984085947,-1.860880512,-2.020620102,3.469102392,-1.964968756,0.151185714,0.027539647,0.016139537,0.019117191
7.62,-2.01495521,-2.04820918,3.464672675,-1.992547269,-1.862207623,-2.020241641,3.479377917,-1.970571666,0.152747587,0.027967539,0.014705242,0.021975603
7.66,-2.017861098,-2.048229693,3.4788963,-2.001172269,-1.864843032,-2.019483577,3.499943738,-1.981773189,0.153018066,0.028746116,0.021047439,0.01939908
7.7,-2.021745151,-2.048188157,3.503041649,-2.012041107,-1.867407259,-2.018743264,3.520518239,-1.992985535,0.154337892,0.029444894,0.01747659,0.019055572
7.73,-2.024678151,-2.048104239,3.517531837,-2.020510764,-1.869261787,-2.018238636,3.535962219,-2.001378433,0.155416363,0.029865603,0.018430382,0.019132331
7.76,-2.02763273,-2.047999986,3.535663865,-2.029150764,-1.871053796,-2.01777658,3.551407415,-2.009747407,0.156578933,0.030223406,0.01574355,0.019403357
7.8,-2.03158642,-2.047829007,3.562521592,-2.039466469,-1.873298905,-2.017209915,3.572017581,-2.020921514,0.158287515,0.030619092,0.009495989,0.018544955
7.83,-2.034557956,-2.047679753,3.578076809,-2.048218455,-1.87486391,-2.016814523,3.587476732,-2.029337675,0.159694046,0.03086523,0.009399923,0.01888078
7.86,-2.037541741,-2.047492109,3.598294087,-2.056985955,-1.876348,-2.016456313,3.602944911,-2.037746189,0.161193741,0.031035796,0.004650824,0.019239766
7.9,-2.041532493,-2.047194724,3.623565095,-2.067848674,-1.878185186,-2.016061962,3.62357174,-2.04890574,0.163347307,0.031132762,6.644e-06,0.018942934
7.92,-2.044535456,-2.04694361,3.639877595,-2.076829773,-1.879040983,-2.015889187,3.63388937,-2.054483228,0.165494473,0.031054424,-0.005988225,0.022346544
7.96,-2.047542708,-2.046648125,3.655561838,-2.085622273,-1.880614676,-2.015567304,3.654529791,-2.065684029,0.166928032,0.031080821,-0.001032047,0.019938244
8.0,-1.977641962,-2.008699612,3.675642511,-2.096609724,-1.882014676,-2.015292978,3.675175359,-2.076903091,0.095627287,-0.006593366,-0.000467152,0.019706633
8.02,-1.97842957,-2.007165999,3.694814173,-2.105123706,-1.882656782,-2.015185247,3.685501811,-2.082492052,0.095772787,-0.008019248,-0.009312363,0.022631654
8.06,-1.979238696,-2.005611292,3.71059068,-2.113751206,-1.883822702,-2.015018875,3.706154459,-2.093649471,0.095415993,-0.009407583,-0.004436221,0.020101735
8.1,-1.98033835,-2.003499361,3.726508919,-2.124198351,-1.884815785,-2.014879555,3.726820468,-2.104854213,0.095522565,-0.011380193,0.000311549,0.019344138
8.13,-1.981173756,-2.001873071,3.74230094,-2.130466841,-1.885454239,-2.014794189,3.742323042,-2.113275991,0.095719516,-0.012921118,2.2101e-05,0.01719085
8.16,-1.98201022,-2.000218741,3.752691892,-2.139006841,-1.886035263,-2.014737175,3.757834819,-2.121677984,0.095974957,-0.014518434,0.005142927,0.017328857
8.2,-1.983126388,-1.997964439,3.77085374,-2.151000356,-1.886724112,-2.014704897,3.778518079,-2.132852039,0.096402276,-0.016740457,0.007664339,0.018148316
8.23,-1.983977142,-1.996238918,3.787203074,-2.159742231,-1.88717429,-2.014679321,3.794041697,-2.141246178,0.096802852,-0.018440404,0.006838623,0.018496054
8.26,-1.984842336,-1.994481525,3.79972148,-2.168352231,-1.887579914,-2.014643112,3.809563721,-2.149649998,0.097262422,-0.020161588,0.009842241,0.018702234
8.3,-1.985995942,-1.992078121,3.819369945,-2.178562581,-1.888068639,-2.014600763,3.830272909,-2.160846725,0.097927303,-0.022522642,0.010902964,0.017715855
8.33,-1.986846354,-1.990225448,3.834901736,-2.187281715,-1.888411547,-2.014584178,3.845804875,-2.169234955,0.098434806,-0.02435873,0.010903139,0.018046761
8.36,-1.987696317,-1.988333592,3.849576172,-2.195924215,-1.888730913,-2.014563478,3.86134345,-2.177624618,0.098965404,-0.026229886,0.011767277,0.018299597
8.4,-1.988824958,-1.985752441,3.869313502,-2.206988498,-1.889101729,-2.014503927,3.88206555,-2.188820361,0.099723229,-0.028751485,0.012752048,0.018168137
8.43,-1.989672518,-1.98377483,3.88144284,-2.214023447,-1.889352006,-2.014450561,3.897612786,-2.197217013,0.100320512,-0.030675731,0.016169946,0.016806434
8.46,-1.990503598,-1.981745562,3.895844978,-2.222735947,-1.889594076,-2.014406072,3.913163376,-2.205609205,0.100909522,-0.03266051,0.017318399,0.017126742
8.5,-2.071721801,-1.931560514,3.915674033,-2.233832518,-1.889893866,-2.014350341,3.933899176,-2.216795525,0.181827934,-0.082789828,0.018225143,0.017036993
8.53,-2.074649272,-1.928231142,3.928768224,-2.243450532,-1.8900842,-2.014287734,3.949456724,-2.225192529,0.184565072,-0.086056591,0.0206885,0.018258003
8.56,-2.077556973,-1.924853963,3.942992169,-2.251958032,-1.890251215,-2.01421345,3.965012925,-2.233599399,0.187305759,-0.089359487,0.022020756,0.018358633
8.6,-2.081438993,-1.92029508,3.961429617,-2.262238007,-1.890446755,-2.014129466,3.985765665,-2.244801542,0.190992239,-0.093834386,0.024336047,0.017436466
8.63,-2.084361447,-1.916833144,3.980993672,-2.270210894,-1.89055587,-2.014090915,4.001328441,-2.253189476,0.193805577,-0.097257771,0.020334768,0.017021418
8.66,-2.087286131,-1.913333783,3.995327187,-2.279000894,-1.890607998,-2.014065492,4.016898763,-2.261583999,0.196678132,-0.100731709,0.021571576,0.017416895
8.7,-2.091177538,-1.908619832,4.016577429,-2.290181274,-1.890534238,-2.014073359,4.0376547,-2.272821989,0.2006433,-0.105453527,0.02107727,0.017359285
8.73,-2.094088587,-1.905039381,4.027737768,-2.298125646,-1.89036437,-2.014154565,4.053228377,-2.281235135,0.203724217,-0.109115184,0.025490609,0.016890511
8.76,-2.096988172,-1.901408269,4.041889646,-2.306775646,-1.890104714,-2.014310531,4.068798028,-2.289600087,0.206883458,-0.112902262,0.026908382,0.017175559
8.8,-2.100899209,-1.896512185,4.063873424,-2.31753499,-1.889553413,-2.014648212,4.089561269,-2.300747142,0.211345796,-0.118136027,0.025687845,0.016787848
8.83,-2.103828964,-1.892775115,4.079324764,-2.324958185,-1.888959312,-2.014993698,4.105129263,-2.309180397,0.214869652,-0.122218584,0.0258045,0.015777788
8.86,-2.106753048,-1.889007056,4.093532512,-2.333553185,-1.888237079,-2.015422091,4.120696832,-2.31762615,0.218515969,-0.126415035,0.02716432,0.015927035
8.9,-2.110666957,-1.883924676,4.112696241,-2.344961871,-1.887054605,-2.016177841,4.141451074,-2.328787144,0.223612352,-0.132253165,0.028754833,0.016174727
8.93,-2.113615113,-1.880065993,4.135433789,-2.353226989,-1.885989681,-2.016878609,4.157012419,-2.337128402,0.227625432,-0.136812615,0.02157863,0.016098587
8.96,-2.116566959,-1.876173735,4.149860092,-2.361691989,-1.884779189,-2.017664563,4.172573779,-2.345526632,0.23178777,-0.141490827,0.022713687,0.016165357
9.0,-2.064650501,-1.924460929,4.170399629,-2.373146244,-1.882902448,-2.018878286,4.193311039,-2.356799778,0.181748053,-0.094417357,0.022911411,0.016346466
9.03,-2.065975022,-1.922019488,4.183582149,-2.380694116,-1.88131938,-2.019938033,4.208864477,-2.3651891,0.184655641,-0.097918545,0.025282328,0.015505016
9.06,-2.067314138,-1.91952872,4.197849811,-2.389249116,-1.879610097,-2.021108368,4.224410314,-2.373530474,0.187704041,-0.101579648,0.026560503,0.015718642
9.1,-2.069115729,-1.916137403,4.211625887,-2.400204404,-1.877076288,-2.022843237,4.245141056,-2.38471545,0.192039441,-0.106705834,0.033515169,0.015488954
9.13,-2.070474124,-1.91352586,4.220283397,-2.408173433,-1.87499116,-2.024261406,4.260680477,-2.393174789,0.195482963,-0.110735547,0.04039708,0.014998644
9.16,-2.071817491,-1.910860942,4.233981166,-2.416805933,-1.872798439,-2.025768946,4.276223455,-2.401609719,0.199019051,-0.114908004,0.042242289,0.015196214
9.2,-2.073605929,-1.907249709,4.259073834,-2.427038331,-1.869717929,-2.027932681,4.296940333,-2.412765173,0.203888001,-0.120682972,0.037866499,0.014273158
9.23,-2.074952937,-1.90450065,4.266528727,-2.436080876,-1.86729221,-2.029633574,4.31248209,-2.421144403,0.207660726,-0.125132924,0.045953362,0.014936473
9.26,-2.076313809,-1.901704609,4.280118396,-2.444830876,-1.864783395,-2.031370094,4.328021531,-2.429559963,0.211530414,-0.129665485,0.047903135,0.015270914
9.3,-2.078136052,-1.897883164,4.307564366,-2.455675366,-1.861323697,-2.033752187,4.348743271,-2.440783048,0.216812355,-0.135869023,0.041178905,0.014892318
9.33,-2.079515985,-1.894955352,4.316000862,-2.465133029,-1.858675596,-2.035596106,4.364286059,-2.449164636,0.220840389,-0.140640754,0.048285197,0.015968393
9.36,-2.080912189,-1.891995008,4.329575709,-2.474018029,-1.855987487,-2.037470905,4.379829209,-2.457539207,0.224924702,-0.145475897,0.0502535,0.016478822
9.4,-2.082787513,-1.888004731,4.350589133,-2.485556047,-1.852308993,-2.039997116,4.400560951,-2.468737905,0.23047852,-0.151992385,0.049971818,0.016818142
9.43,-2.084191661,-1.88497496,4.362393304,-2.494182601,-1.849489952,-2.041912626,4.416108906,-2.477148945,0.234701709,-0.156937666,0.053715602,0.017033656
9.46,-2.085584668,-1.881891201,4.37590314,-2.502850101,-1.84664694,-2.043855859,4.431663267,-2.485545459,0.238937728,-0.161964657,0.055760126,0.017304642
9.5,-2.121766112,-1.876586171,4.406611994,-2.512397316,-1.842816845,-2.046497358,4.452398479,-2.496716023,0.278949267,-0.169911187,0.045786485,0.015681293
9.53,-2.12412868,-1.873352719,4.425733226,-2.521523786,-1.839891725,-2.048497557,4.46795755,-2.505108049,0.284236955,-0.175144838,0.042224324,0.016415737
9.56,-2.126488856,-1.870054837,4.439683308,-2.530146286,-1.836924139,-2.050508708,4.483512529,-2.513517815,0.289564717,-0.180453871,0.043829221,0.016628471
9.6,-2.129604684,-1.865563347,4.471372001,-2.54088609,-1.832918933,-2.053235406,4.504262003,-2.524722442,0.296685751,-0.187672059,0.032890002,0.016163648
9.63,-2.131933431,-1.862139897,4.492248929,-2.548657091,-1.829888166,-2.055328112,4.519820818,-2.533100749,0.302045265,-0.193188215,0.027571889,0.015556342
9.66,-2.134286964,-1.858654737,4.506689762,-2.557117091,-1.826820183,-2.0574499,4.535384822,-2.541479919,0.307466781,-0.198795163,0.028695059,0.015637172
9.7,-2.137423108,-1.853928942,4.530893227,-2.568261639,-1.822632667,-2.060327413,4.55613532,-2.552694451,0.314790442,-0.206398471,0.025242093,0.015567188
9.73,-2.139753162,-1.850322438,4.554580913,-2.577136897,-1.819431018,-2.062543238,4.571700738,-2.561109433,0.320322144,-0.2122208,0.017119824,0.016027463
9.76,-2.142088368,-1.846668193,4.569323124,-2.585799397,-1.81619716,-2.064816924,4.587259279,-2.569494215,0.325891207,-0.218148731,0.017936155,0.016305182
9.8,-2.145227858,-1.841730267,4.583949673,-2.59779117,-1.811805762,-2.067953058,4.607942003,-2.580645837,0.333422096,-0.226222791,0.023992329,0.017145333
9.83,-2.147580893,-1.837983229,4.601730732,-2.606087254,-1.808422641,-2.070373547,4.623374856,-2.589050394,0.339158252,-0.232390318,0.021644124,0.01703686
9.86,-2.149934195,-1.83418487,4.616085236,-2.614912254,-1.80497552,-2.072849604,4.638723555,-2.597481069,0.344958675,-0.238664733,0.02263832,0.017431185
9.9,-2.153067554,-1.829043899,4.648724594,-2.626504142,-1.800293977,-2.076280819,4.659007675,-2.608680261,0.352773578,-0.24723692,0.010283082,0.017823881
9.93,-2.155423835,-1.825134652,4.657258271,-2.634531904,-1.796719534,-2.078958324,4.674052688,-2.617037492,0.358704301,-0.253823672,0.016794417,0.017494412
9.96,-2.157791814,-1.821186996,4.671288191,-2.643126904,-1.793079326,-2.081703645,4.688966758,-2.625414106,0.364712488,-0.260516649,0.017678567,0.017712798
10.0,-2.02086226,-1.906759107,4.695724555,-2.654531457,-1.788091204,-2.085485696,4.708533184,-2.636656351,0.232771056,-0.178726589,0.012808629,0.017875106
10.03,-2.019518799,-1.905095545,4.706550138,-2.662584117,-1.784271638,-2.08843119,4.722962703,-2.645074464,0.235247161,-0.183335645,0.016412565,0.017509653
10.06,-2.01817455,-1.903379979,4.719888439,-2.671511617,-1.780405755,-2.091464617,4.737202364,-2.653456174,0.237768795,-0.188084638,0.017313925,0.018055443
10.1,-2.016387693,-1.901012766,4.756162796,-2.682925253,-1.775146376,-2.095656097,4.755810257,-2.664639643,0.241241317,-0.194643331,-0.000352539,0.01828561
10.13,-2.015043015,-1.899190946,4.760812386,-2.690488981,-1.771120021,-2.098884993,4.76946417,-2.673077061,0.243922994,-0.199694047,0.008651783,0.01741192
10.16,-2.01369446,-1.897326091,4.773528262,-2.699286481,-1.767061256,-2.10216261,4.782893144,-2.681512042,0.246633204,-0.204836519,0.009364882,0.017774439
10.2,-2.011900078,-1.894763673,4.789008442,-2.709963897,-1.761651544,-2.106591504,4.800334516,-2.69271815,0.250248533,-0.21182783,0.011326075,0.017245747
10.23,-2.01056065,-1.892794778,4.80223991,-2.71956905,-1.757610314,-2.109913713,4.813062847,-2.701121795,0.252950336,-0.217118934,0.010822937,0.018447255
10.26,-2.009225093,-1.890802698,4.81386828,-2.72795405,-1.7535764,-2.113207293,4.825505824,-2.709516571,0.255648693,-0.222404595,0.011637545,0.018437479
10.3,-2.007446982,-1.888080069,4.82790579,-2.739728616,-1.748222688,-2.117512065,4.841318185,-2.720697537,0.259224294,-0.229431996,0.013412395,0.019031079
10.33,-2.006139949,-1.8859874,4.830002355,-2.747269881,-1.744221558,-2.120636121,4.852509314,-2.729116404,0.261918391,-0.234648721,0.022506959,0.018153476
10.36,-2.004837626,-1.883861461,4.839523414,-2.755944881,-1.740205675,-2.123644805,4.863231931,-2.737541823,0.264631951,-0.239783344,0.023708517,0.018403057
10.4,-2.003091286,-1.880969918,4.857742156,-2.767274276,-1.73478438,-2.127373628,4.876707643,-2.748704546,0.268306906,-0.24640371,0.018965488,0.01856973
10.43,-2.001774409,-1.878743658,4.873758444,-2.776574648,-1.730671453,-2.129915902,4.88624057,-2.757070997,0.271102956,-0.251172244,0.012482126,0.019503651
10.46,-2.000461063,-1.876477494,4.881985084,-2.785177148,-1.726528505,-2.13225154,4.895374081,-2.765507621,0.273932558,-0.255774046,0.013388997,0.019669527
10.5,-1.812707437,-1.963955438,4.894332619,-2.796487961,-1.72090688,-2.134937413,4.906845967,-2.776812704,0.091800557,-0.170981975,0.012513347,0.019675257
10.53,-1.806896115,-1.963784761,4.896416692,-2.804606843,-1.716568478,-2.136591854,4.914933649,-2.785187912,0.090327637,-0.172807093,0.018516957,0.019418931
10.56,-1.801092335,-1.963573035,4.902961986,-2.813164343,-1.712131044,-2.137972516,4.922655267,-2.793504969,0.08896129,-0.174399481,0.019693281,0.019659374
10.6,-1.793363046,-1.963228079,4.910589073,-2.823683001,-1.706040603,-2.139297093,4.932340921,-2.80470459,0.087322443,-0.176069014,0.021751848,0.018978411
10.63,-1.787570562,-1.962924134,4.917557367,-2.832532009,-1.70132629,-2.139867982,4.939169219,-2.81319917,0.086244272,-0.176943848,0.021611851,0.01933284
10.66,-1.781785833,-1.962586173,4.92279354,-2.841172009,-1.696480845,-2.140094294,4.945702482,-2.821639084,0.085304987,-0.177508121,0.022908942,0.019532925
10.7,-1.774070697,-1.962081235,4.935068074,-2.851569008,-1.689762202,-2.139705953,4.953883813,-2.832742104,0.084308496,-0.177624718,0.018815739,0.018826904
10.73,-1.768295818,-1.961654459,4.954173384,-2.859820081,-1.684536978,-2.138871983,4.959640095,-2.84114101,0.08375884,-0.177217524,0.005466712,0.018679072
10.76,-1.762535251,-1.961190192,4.958890442,-2.868572581,-1.679168088,-2.137638074,4.965120357,-2.849652272,0.083367163,-0.176447882,0.006229914,0.018920309
10.8,-1.754891905,-1.960528462,4.95964103,-2.87908911,-1.671685306,-2.135256467,4.971949499,-2.860954782,0.083206599,-0.174728005,0.012308468,0.018134328
10.83,-1.749167636,-1.959994724,4.949718397,-2.887260341,-1.665787271,-2.132929639,4.976703634,-2.869279325,0.083380365,-0.172934914,0.026985237,0.017981015
10.86,-1.743441572,-1.959430277,4.952780635,-2.895950341,-1.659675705,-2.130225263,4.981203112,-2.87760466,0.083765867,-0.170794986,0.028422477,0.018345681
10.9,-1.735825532,-1.958647163,4.951589333,-2.907204253,-1.651125043,-2.125954724,4.986780356,-2.888876347,0.084700489,-0.167307561,0.035191023,0.018327906
10.93,-1.730135451,-1.958048761,4.955153905,-2.914980438,-1.644368433,-2.122265751,4.990685326,-2.897336066,0.085767019,-0.16421699,0.035531421,0.017644372
10.96,-1.724448743,-1.957413683,4.957243004,-2.923505438,-1.63733159,-2.118229664,4.994400984,-2.905699176,0.087117153,-0.160815982,0.03715798,0.017806262
11.0,-1.674262094,-1.961669196,4.969389756,-2.935613603,-1.62742398,-2.11223425,4.99901632,-2.916783626,0.046838114,-0.150565054,0.029626564,0.018829977
11.03,-1.66814778,-1.960830649,4.971281107,-2.943826636,-1.619602963,-2.107298328,5.002237031,-2.92520193,0.048544817,-0.146467678,0.030955924,0.018624706
11.06,-1.662052037,-1.959987257,4.972916146,-2.952421636,-1.611482548,-2.102052115,5.005282072,-2.933672274,0.050569489,-0.142064857,0.032365926,0.018749362
11.1,-1.653935882,-1.958838966,4.964439014,-2.963650448,-1.600053441,-2.094498665,5.009027495,-2.944864828,0.053882441,-0.135659699,0.044588481,0.01878562
11.13,-1.647850195,-1.957975079,4.966376448,-2.971685844,-1.591014697,-2.08842748,5.01159587,-2.953186748,0.056835499,-0.1304524,0.045219422,0.018499096
11.16,-1.641783155,-1.957108795,4.967013995,-2.980555844,-1.581644782,-2.082070236,5.014009535,-2.961560796,0.060138373,-0.124961441,0.046995539,0.018995047
11.2,-1.633736783,-1.955942249,4.977936354,-2.991951031,-1.568535492,-2.073082876,5.016971097,-2.97285352,0.065201291,-0.117140627,0.039034743,0.019097511
11.23,-1.627724134,-1.955051989,4.97226544,-3.001005535,-1.558200498,-2.065971003,5.01902352,-2.981276297,0.069523635,-0.110919014,0.046758081,0.019729237
11.26,-1.62172674,-1.954155827,4.972481992,-3.009703035,-1.547481958,-2.058603498,5.020944575,-2.989620302,0.074244782,-0.104447671,0.048462583,0.020082733
11.3,-1.613778381,-1.952946543,4.977601,-3.021135463,-1.532501381,-2.048349965,5.023266573,-3.000753242,0.081277,-0.095403422,0.045665573,0.020382221
11.33,-1.607835206,-1.952031012,4.986124951,-3.029151512,-1.520756601,-2.040368566,5.024834906,-3.009188095,0.087078605,-0.088337555,0.038709955,0.019963417
11.36,-1.601920345,-1.951120668,4.986220872,-3.037689012,-1.508622182,-2.032190024,5.026289432,-3.017629236,0.093298163,-0.081069356,0.040068559,0.020059776
11.4,-1.59409419,-1.949913931,4.973382494,-3.049630933,-1.491689775,-2.020946827,5.028022941,-3.028791895,0.102404414,-0.071032896,0.054640446,0.020839038
11.43,-1.588258684,-1.949014378,4.977909158,-3.057716573,-1.478432577,-2.012281963,5.029165308,-3.03714758,0.109826107,-0.063267585,0.05125615,0.020568994
11.46,-1.582460877,-1.948125759,4.977272103,-3.066321573,-1.464784629,-2.00346067,5.030204533,-3.045551053,0.117676248,-0.05533491,0.05293243,0.020770521
11.5,-1.564732488,-2.006311554,4.997171243,-3.077585036,-1.445856576,-1.99142818,5.031434972,-3.05680788,0.118875912,0.014883375,0.034263729,0.020777156
11.53,-1.559179583,-2.006822929,4.992237367,-3.08517553,-1.431080854,-1.982211345,5.032256593,-3.065201505,0.12809873,0.024611584,0.040019226,0.019974025
11.56,-1.553666194,-2.007335093,4.991683475,-3.09402803,-1.415883481,-1.972862969,5.032989125,-3.07355656,0.137782713,0.034472124,0.041305649,0.020471471
11.6,-1.546363074,-2.008021852,4.999557639,-3.105042684,-1.394885864,-1.960171964,5.033789096,-3.08473381,0.15147721,0.047849887,0.034231457,0.020308874
11.63,-1.540946321,-2.008551797,5.004400002,-3.113174198,-1.378599931,-1.95048695,5.034251502,-3.093170635,0.16234639,0.058064847,0.0298515,0.020003563
11.66,-1.535587595,-2.009091244,5.003813514,-3.122139198,-1.361907747,-1.940676796,5.034628263,-3.10159391,0.173679848,0.068414449,0.030814748,0.020545288
11.7,-1.528522514,-2.009833291,5.011872828,-3.133340282,-1.33889364,-1.927360648,5.034966794,-3.112739623,0.189628874,0.082472643,0.023093966,0.02060066
11.73,-1.523273355,-2.010394983,5.021794941,3.141281444,-1.321089865,-1.917197343,5.035105501,-3.121102751,0.202183489,0.093197639,0.01331056,0.020801112
11.76,-1.518085713,-2.010967728,5.021421148,3.132708944,-1.30290788,-1.906910603,5.03516067,-3.129518995,0.215177833,0.104057125,0.013739522,0.020957368
11.8,-1.51124878,-2.011738648,5.022411479,3.121715096,-1.277956544,-1.892982279,5.035093003,-3.140765481,0.233292236,0.118756369,0.012681524,0.020704731
11.83,-1.506183833,-2.0123133,5.020359841,3.114119585,-1.258694291,-1.882390731,5.034929903,3.134044295,0.247489542,0.129922569,0.014570062,0.01992471
11.86,-1.501176454,-2.012887688,5.019582357,3.105549585,-1.239044678,-1.871702478,5.034683974,3.125688009,0.262131776,0.14118521,0.015101617,0.020138424
11.9,-1.494594347,-2.013670797,5.01809653,3.09403982,-1.212175465,-1.857287743,5.034237797,3.114480165,0.282418882,0.156383054,0.016141268,0.020440346
11.93,-1.489730653,-2.014250372,5.014771916,3.085771368,-1.191524516,-1.846365285,5.033824136,3.106043073,0.298206137,0.167885086,0.01905222,0.020271705
11.96,-1.484928349,-2.014844655,5.013592833,3.077011368,-1.170496944,-1.835369547,5.033363586,3.0976379,0.314431405,0.179475108,0.019770753,0.020626532
12.0,-1.324385862,-1.873996039,5.02243063,3.065899632,-1.141779807,-1.820588615,5.032654023,3.08649204,0.182606054,0.053407425,0.010223394,0.020592408
12.03,-1.315870125,-1.870666196,5.014777444,3.057291265,-1.119768491,-1.809423251,5.032071104,3.078103107,0.196101634,0.061242945,0.01729366,0.020811842
12.06,-1.307399262,-1.867338624,5.013428422,3.048613765,-1.097426111,-1.798206753,5.031447061,3.069680656,0.209973151,0.069131871,0.018018639,0.021066891
12.1,-1.296197407,-1.862922645,5.017906486,3.037170598,-1.067009606,-1.783174752,5.030541949,3.058467711,0.229187801,0.079747893,0.012635464,0.021297113
12.13,-1.287869574,-1.859622061,5.023548809,3.030190106,-1.043722143,-1.771863266,5.029804175,3.050102814,0.244147431,0.087758795,0.006255366,0.019912708
12.16,-1.279598091,-1.856337584,5.022374498,3.021422606,-1.020110082,-1.760538937,5.029034725,3.041736987,0.259488008,0.095798647,0.006660227,0.02031438
12.2,-1.268680112,-1.851976765,5.01765238,3.01058208,-0.988073253,-1.745444694,5.02795413,3.030535451,0.280606859,0.106532071,0.01030175,0.019953371
12.23,-1.260572892,-1.848727997,5.024666163,3.002122433,-0.963628692,-1.734152522,5.027106733,3.022128463,0.296944201,0.114575475,0.00244057,0.02000603
12.26,-1.252541874,-1.845500946,5.023457518,2.993597433,-0.93887326,-1.722894478,5.026234274,3.013736288,0.313668614,0.122606467,0.002776756,0.020138855
12.3,-1.241941885,-1.841225421,5.016554678,2.982417493,-0.905324193,-1.707959999,5.025036938,3.002555399,0.336617692,0.133265422,0.00848226,0.020137906
12.33,-1.234077694,-1.83803269,5.027100202,2.974649193,-0.879795946,-1.696822298,5.024122842,2.994154784,0.354281747,0.141210392,-0.002977361,0.019505591
12.36,-1.226296689,-1.834862771,5.025949467,2.966094193,-0.854008485,-1.685735492,5.02319485,2.985746919,0.372288204,0.14912728,-0.002754617,0.019652726
12.4,-1.216070831,-1.830680703,5.026122399,2.954442784,-0.819132268,-1.671059113,5.021958246,2.974549946,0.396938563,0.15962159,-0.004164153,0.020107161
12.43,-1.208479375,-1.827560409,5.023583394,2.945868166,-0.79261769,-1.660137337,5.021014869,2.966163734,0.415861685,0.167423072,-0.002568525,0.020295568
12.46,-1.200952638,-1.82446993,5.022337355,2.937298166,-0.765870284,-1.649277787,5.020065615,2.957774204,0.435082354,0.175192143,-0.002271739,0.020476038
12.5,-0.984191386,-1.696762197,5.021139371,2.92558012,-0.729809216,-1.634915059,5.018785286,2.946574126,0.25438217,0.061847138,-0.002354085,0.020994006
12.53,-0.971898868,-1.690703412,5.021517341,2.917178009,-0.702455669,-1.624237841,5.017830839,2.938177915,0.269443199,0.066465571,-0.003686502,0.020999906
12.56,-0.959685466,-1.684656688,5.020210173,2.908778009,-0.674877725,-1.613632461,5.016874513,2.929789589,0.284807741,0.071024227,-0.00333566,0.02101158
12.6,-0.943524237,-1.676605055,5.015588881,2.89781476,-0.637738481,-1.599619898,5.015602518,2.918606841,0.305785756,0.076985157,1.3637e-05,0.020792081
12.63,-0.931494868,-1.670561471,5.021746791,2.889731173,-0.609641396,-1.589206704,5.014650154,2.910210486,0.321853471,0.081354767,-0.007096637,0.020479314
12.66,-0.919549267,-1.664517391,5.020491907,2.881206173,-0.581366463,-1.578871099,5.013705976,2.901811612,0.338182804,0.085646293,-0.00678593,0.020605439
12.7,-0.903724358,-1.656477251,5.018040459,2.870341775,-0.543330692,-1.565250098,5.012469852,2.890618887,0.360393666,0.091227154,-0.005570607,0.020277112
12.73,-0.891925203,-1.650477292,5.025174724,2.862460337,-0.514580129,-1.555157555,5.011554281,2.8822249,0.377345074,0.095319737,-0.013620443,0.019764563
12.76,-0.880191757,-1.644487149,5.024102289,2.854040337,-0.485694862,-1.545151474,5.010651679,2.873829696,0.394496895,0.099335676,-0.01345061,0.019789359
12.8,-0.86468896,-1.636523479,5.023838007,2.841681799,-0.446944647,-1.531969327,5.009471279,2.862636464,0.417744313,0.104554152,-0.014366728,0.020954665
12.83,-0.853183393,-1.630554162,5.025253437,2.834089871,-0.417691116,-1.522206932,5.00860521,2.854245915,0.435492277,0.10834723,-0.016648227,0.020156044
12.86,-0.841746097,-1.624619943,5.024215063,2.825664871,-0.388306359,-1.512532874,5.007740932,2.845860325,0.453439738,0.112087069,-0.016474132,0.020195454
12.9,-0.826612432,-1.616754563,5.011881342,2.814031615,-0.348935413,-1.499781988,5.006614329,2.83468017,0.477677018,0.116972575,-0.005267012,0.020648555
12.93,-0.815371694,-1.610886355,5.023033907,2.806463422,-0.319285976,-1.49032335,5.005784415,2.82629127,0.496085717,0.120563005,-0.017249491,0.019827847
12.96,-0.804223408,-1.605058054,5.021952416,2.797833422,-0.289540197,-1.480943862,5.004977599,2.817903308,0.514683211,0.124114192,-0.016974817,0.020069886
13.0,-0.539571482,-1.543619803,5.016216511,2.786675608,-0.249701067,-1.468585142,5.003946391,2.806728549,0.289870415,0.075034661,-0.01227012,0.020052941
13.03,-0.522786158,-1.536861404,5.003998281,2.779108293,-0.219723209,-1.459415988,5.003207117,2.798347741,0.303062949,0.077445416,-0.000791164,0.019239448
13.06,-0.506104002,-1.530141277,5.002412993,2.770490793,-0.189695896,-1.450312489,5.002487148,2.789959986,0.316408107,0.079828788,7.4155e-05,0.019469192
13.1,-0.48400832,-1.521217568,5.006057699,2.759810539,-0.14956353,-1.438296918,5.001574215,2.778772743,0.33444479,0.08292065,-0.004483484,0.018962204
13.13,-0.467532758,-1.514550823,4.998827915,2.751944575,-0.119382467,-1.429377139,5.000933902,2.770391897,0.348150291,0.085173684,0.002105987,0.018447322
13.16,-0.451139919,-1.507911308,4.997211412,2.743509575,-0.089157033,-1.420513944,5.000326904,2.762014596,0.361982886,0.087397363,0.003115492,0.018505021
13.2,-0.429411814,-1.499094304,4.987557308,2.731458146,-0.048818697,-1.40877504,4.999572824,2.750831841,0.380593117,0.090319264,0.012015516,0.019373694
13.23,-0.413223612,-1.492505832,4.982800142,2.724339663,-0.018540738,-1.400026974,4.999048023,2.742437618,0.394682874,0.092478858,0.01624788,0.018097955
13.26,-0.397137422,-1.485935429,4.980854964,2.715239663,0.011766031,-1.391327858,4.998563409,2.734051566,0.408903454,0.094607572,0.017708445,0.018811902
13.3,-0.375827475,-1.477211085,4.980773797,2.704695581,0.052211569,-1.379823794,4.99798511,2.72288354,0.428039044,0.097387291,0.017211313,0.018187959
13.33,-0.359947293,-1.470700005,4.975994077,2.697003739,0.082531342,-1.371259481,4.997621102,2.714500193,0.442478634,0.099440524,0.021627026,0.017496455
13.36,-0.344157255,-1.464226652,4.974097592,2.688348739,0.112826977,-1.362741373,4.997301542,2.706111263,0.456984232,0.101485279,0.023203951,0.017762524
13.4,-0.323247663,-1.455645073,4.980490613,2.677333236,0.153195074,-1.351485305,4.99696323,2.694927533,0.476442737,0.104159767,0.016472617,0.017594297
13.43,-0.307661426,-1.449243405,4.976011025,2.668609372,0.183453599,-1.343124977,4.99676244,2.68654236,0.491115025,0.106118428,0.020751414,0.017932987
13.46,-0.292162715,-1.442858849,4.974302308,2.660131872,0.213677479,-1.334815411,4.996605609,2.678157342,0.505840193,0.108043439,0.022303301,0.01802547
13.5,-0.216051072,-1.372079417,4.970134565,2.648962965,0.253877939,-1.3238136,4.99645857,2.666974319,0.469929011,0.048265817,0.026324005,0.018011354
13.53,-0.200252964,-1.364439103,4.966815342,2.641788899,0.283963204,-1.315624776,4.996400073,2.658586775,0.484216167,0.048814327,0.029584731,0.016797877
13.56,-0.184540123,-1.356812726,4.964958958,2.633156399,0.314011638,-1.307486401,4.996379259,2.650200975,0.498551761,0.049326325,0.031420301,0.017044577
13.6,-0.163710864,-1.346678214,4.98575991,2.622605441,0.353984849,-1.296715216,4.996424492,2.639022172,0.517695713,0.049962998,0.010664583,0.016416731
13.63,-0.148186213,-1.339100858,4.981184944,2.614781414,0.383863818,-1.288682117,4.99652202,2.630636334,0.53205003,0.050418741,0.015337076,0.01585492
13.66,-0.132758437,-1.331543916,4.979974443,2.606268914,0.413667873,-1.280684707,4.996657132,2.622248259,0.54642631,0.050859209,0.016682689,0.015979345
13.7,-0.112344778,-1.321521974,4.971499482,2.596315979,0.453291662,-1.270107329,4.99688124,2.611060829,0.56563644,0.051414645,0.025381758,0.01474485
13.73,-0.097110664,-1.314043834,4.961519009,2.587860712,0.482915572,-1.262238559,4.997063365,2.602667514,0.580026237,0.051805275,0.035544356,0.014806803
13.76,-0.081933443,-1.306600755,4.959793107,2.579110712,0.512449115,-1.254404321,4.997271015,2.594275685,0.594382558,0.052196435,0.037477908,0.015164973
13.8,-0.061843907,-1.296703484,4.955000993,2.567693191,0.5516477,-1.244011483,4.997607364,2.583090638,0.613491607,0.052692001,0.042606371,0.015397447
13.83,-0.046901095,-1.289300816,4.953649821,2.559200717,0.580932486,-1.236265276,4.997931519,2.574701534,0.627833581,0.05303554,0.044281697,0.015500817
13.86,-0.032023709,-1.281942234,4.951901868,2.550403217,0.610140725,-1.228555367,4.998301362,2.56631342,0.642164434,0.053386867,0.046399494,0.015910203
13.9,-0.012295327,-1.272200894,4.94880237,2.539114837,0.648914089,-1.218317022,4.99888259,2.555131715,0.661209416,0.053883872,0.05008022,0.016016878
13.93,0.002422728,-1.264921781,4.932997634,2.530839093,0.677845886,-1.210651254,4.999376942,2.54674366,0.675423158,0.054270527,0.066379308,0.015904567
13.96,0.017041331,-1.257671096,4.930842453,2.522136593,0.706679813,-1.202998252,4.999917447,2.538353887,0.689638483,0.054672844,0.069074993,0.016217294
14.0,0.339966253,-1.242100105,4.94985047,2.51138808,0.744970176,-1.192828554,5.000718534,2.527172229,0.405003924,0.049271551,0.050868064,0.015784149
14.03,0.361753937,-1.235069219,4.955654988,2.504465201,0.773558885,-1.185212967,5.001388693,2.518789151,0.411804948,0.049856252,0.045733705,0.01432395
14.06,0.383467233,-1.228073494,4.954436901,2.495905201,0.802036806,-1.177590542,5.00211518,2.510401208,0.418569573,0.050482952,0.047678279,0.014496007
14.1,0.412272727,-1.218780455,4.962632382,2.484079807,0.839810902,-1.167411091,5.00315544,2.499207155,0.427538175,0.051369364,0.040523059,0.015127347
14.13,0.433762997,-1.211837156,4.959402092,2.475134825,0.868018373,-1.15976858,5.003976774,2.490820387,0.434255376,0.052068576,0.044574682,0.015685562
14.16,0.455183786,-1.204917248,4.95839783,2.466532325,0.896138307,-1.15210916,5.004812777,2.482441042,0.440954521,0.052808089,0.046414947,0.015908717
14.2,0.483603623,-1.195731213,4.954010183,2.455052906,0.933448946,-1.14182484,5.005958928,2.471254067,0.449845322,0.053906373,0.051948745,0.016201161
14.23,0.504804695,-1.188871272,4.951954011,2.446324127,0.961296421,-1.134046434,5.006832282,2.46284398,0.456491726,0.054824838,0.054878271,0.016519853
14.26,0.525927268,-1.182040348,4.950769299,2.437856627,0.989061647,-1.126231909,5.007727936,2.454442343,0.463134379,0.05580844,0.056958638,0.016585716
14.3,0.553970681,-1.172986232,4.945377545,2.426562714,1.025937822,-1.115757387,5.00895484,2.443274323,0.471967141,0.057228845,0.063577295,0.016711608
14.33,0.574927909,-1.166229448,4.952926622,2.418199475,1.053460572,-1.107845365,5.009913052,2.434891566,0.478532663,0.058384083,0.05698643,0.016692091
14.36,0.595818677,-1.159510348,4.951867131,2.409271975,1.080873426,-1.099886073,5.010894941,2.426491714,0.485054749,0.059624275,0.05902781,0.017219739
14.4,0.623548697,-1.150595777,4.960418272,2.39812774,1.117242397,-1.089208055,5.012264709,2.415290514,0.4936937,0.061387722,0.051846437,0.017162774
14.43,0.644253777,-1.14394968,4.955199858,2.389617625,1.144400161,-1.081165822,5.013324714,2.406908224,0.500146383,0.062783858,0.058124856,0.017290599
14.46,0.664890898,-1.137337601,4.954256434,2.380920125,1.171462823,-1.07309009,5.014402248,2.398530065,0.506571925,0.064247512,0.060145814,0.017609939
14.5,0.901912497,-1.063374219,4.95376987,2.369053412,1.207347874,-1.062234061,5.015861595,2.387335053,0.305435377,0.001140158,0.062091725,0.018281641
14.53,0.926828174,-1.05528832,4.954916854,2.360660717,1.234123054,-1.054029825,5.016971567,2.378929335,0.30729488,0.001258495,0.062054714,0.018268618
14.56,0.951645222,-1.047238179,4.953963862,2.352175717,1.260814685,-1.04579308,5.018101813,2.370537329,0.309169463,0.001445099,0.064137951,0.018361612
14.6,0.984643882,-1.036568487,4.962964077,2.339323901,1.296250494,-1.034745627,5.019642952,2.359371952,0.311606612,0.00182286,0.056678875,0.020048051
14.63,1.009313656,-1.028624906,4.957604409,2.331520804,1.322692486,-1.026386728,5.020835127,2.350982142,0.313378831,0.002238178,0.063230718,0.019461339
14.66,1.03389119,-1.020709932,4.956785319,2.323100804,1.349035813,-1.017970867,5.022042309,2.342574994,0.315144623,0.002739064,0.06525699,0.019474191
14.7,1.066546633,-1.010206394,4.953307767,2.311490295,1.384010393,-1.00667101,5.023685309,2.331377182,0.31746376,0.003535384,0.070377542,0.019886887
14.73,1.0909503,-1.002378363,4.943208049,2.303139445,1.410141228,-0.998144558,5.024930243,2.323003975,0.319190928,0.004233805,0.081722193,0.01986453
14.76,1.115289158,-0.994584468,4.94197743,2.294326945,1.436188711,-0.989565869,5.026196682,2.314627514,0.320899553,0.005018599,0.084219252,0.020300569
14.8,1.147617399,-0.984252481,4.944737163,2.283602363,1.470754629,-0.97801277,5.027927743,2.303420655,0.32313723,0.006239712,0.083190581,0.019818292
14.83,1.171775462,-0.976539047,4.942442672,2.27596579,1.496576039,-0.969277215,5.029277177,2.295015919,0.324800577,0.007261833,0.086834504,0.019050129
14.86,1.195858798,-0.968880195,4.941302517,2.26686579,1.522336653,-0.960501965,5.030663024,2.286635264,0.326477854,0.008378231,0.089360507,0.019769474
14.9,1.227879524,-0.958747377,4.935201086,2.255482672,1.556563087,-0.948711119,5.032573001,2.275476851,0.328683562,0.010036258,0.097371915,0.01999418
14.93,1.251809022,-0.951206739,4.94256294,2.246835938,1.582127606,-0.939777318,5.034052677,2.267077187,0.330318584,0.011429421,0.091489738,0.02024125
14.96,1.275640935,-0.94369394,4.941538392,2.238145938,1.607622853,-0.930782344,5.03556496,2.258666715,0.331981917,0.012911596,0.094026567,0.020520778
15.0,1.32253218,-0.976608761,4.971897548,2.225938328,1.641518174,-0.918708279,5.03765758,2.247489629,0.318985993,0.057900481,0.065760032,0.021551301
15.03,1.345568119,-0.970538623,4.98022866,2.217824656,1.666862221,-0.909595578,5.039266334,2.239127216,0.321294102,0.060943045,0.059037674,0.02130256
15.06,1.368546577,-0.964501432,4.98042223,2.209267156,1.692130974,-0.90043069,5.040898655,2.23074875,0.323584398,0.064070741,0.060476425,0.021481595
15.1,1.399080025,-0.956487632,4.987157812,2.198469075,1.725663586,-0.888127213,5.043055868,2.2195476,0.326583562,0.068360419,0.055898057,0.021078525
15.13,1.421905338,-0.950524339,4.997119024,2.190755001,1.750692393,-0.878876867,5.044650735,2.211143409,0.328787055,0.071647472,0.047531711,0.020388408
15.16,1.444660217,-0.944607407,4.997600406,2.181935001,1.77563042,-0.869625551,5.046214946,2.202739781,0.330970203,0.074981856,0.04861454,0.02080478
15.2,1.474905714,-0.936832185,5.008446997,2.171148517,1.808697185,-0.857266688,5.048249217,2.191528632,0.333791471,0.079565497,0.03980222,0.020380115
15.23,1.497512814,-0.93107094,5.006784738,2.162250469,1.833359744,-0.847959827,5.049720804,2.183117692,0.33584693,0.083111113,0.042936066,0.020867223
15.26,1.520057538,-0.925357487,5.007240968,2.153617969,1.857939844,-0.838631978,5.051149272,2.17471004,0.337882306,0.08672551,0.043908304,0.021092071
15.3,1.550008033,-0.917799738,5.004365962,2.143131305,1.890592475,-0.826176566,5.052953993,2.163523213,0.340584443,0.091623172,0.048588031,0.020391908
15.33,1.572401866,-0.912173996,4.997357018,2.135539654,1.914985753,-0.816813273,5.054230326,2.155141011,0.342583887,0.095360723,0.056873308,0.019601357
15.36,1.594730991,-0.90659142,4.997151753,2.126992154,1.939293735,-0.807424899,5.05545743,2.146751725,0.344562744,0.099166521,0.058305677,0.019759572
15.4,1.624414925,-0.899197155,5.001326144,2.116046004,1.971534375,-0.794886468,5.057007497,2.135567095,0.34711945,0.104310687,0.055681353,0.019521091
15.43,1.646605194,-0.893698644,5.000950357,2.108602527,1.995579865,-0.785510429,5.058128126,2.127177887,0.348974672,0.108188215,0.057177768,0.018575361
15.46,1.668742467,-0.888240587,5.000630729,2.100132527,2.019509729,-0.776168193,5.059218434,2.118775343,0.350767262,0.112072394,0.058587705,0.018642816
15.5,1.751299153,-0.822758271,5.020164898,2.089461116,2.051150478,-0.763768625,5.060635267,2.107586792,0.299851326,0.058989646,0.040470369,0.018125676
15.53,1.774214468,-0.81585183,5.019647373,2.081516061,2.074647434,-0.754528302,5.061666525,2.09923577,0.300432966,0.061323528,0.042019151,0.017719708
15.56,1.797081696,-0.808981284,5.019721983,2.073176061,2.097963947,-0.745361136,5.062682671,2.090883146,0.300882251,0.063620147,0.042960688,0.017707085
15.6,1.827493035,-0.799894149,5.028776482,2.062179467,2.128692247,-0.733313184,5.063972964,2.079670172,0.301199212,0.066580965,0.035196483,0.017490704
15.63,1.850240922,-0.793125853,5.023719168,2.054201364,2.151416305,-0.724417249,5.064896893,2.071274661,0.301175383,0.068708604,0.041177724,0.017073298
15.66,1.87293886,-0.786407592,5.023692677,2.045923864,2.173869808,-0.715632816,5.065785571,2.062955629,0.300930949,0.070774776,0.042092894,0.017031766
15.7,1.903129509,-0.777513081,5.030550926,2.035197506,2.203264334,-0.704182743,5.066907793,2.05189885,0.300134825,0.073330338,0.036356868,0.016701345
15.73,1.925713679,-0.770892607,5.037514622,2.027048538,2.224863521,-0.695841691,5.067707719,2.043477796,0.299149842,0.075050916,0.030193097,0.016429257
15.76,1.948253542,-0.764317401,5.03770915,2.018361038,2.246103859,-0.687689337,5.068481291,2.035010082,0.297850317,0.076628065,0.030772141,0.016649043
15.8,1.978238792,-0.755610771,5.037073844,2.006803776,2.273703353,-0.677164809,5.069464107,2.02390296,0.295464561,0.078445962,0.032390263,0.017099184
15.83,2.000666185,-0.749114348,5.048974653,1.998249413,2.293830413,-0.669556479,5.070154075,2.015664406,0.293164228,0.079557869,0.021179422,0.017414993
15.86,2.023044041,-0.742643086,5.049300679,1.989684413,2.313530948,-0.662182271,5.070812926,2.00731513,0.290486907,0.080460815,0.021512246,0.017630716
15.9,2.052820388,-0.734076443,5.045637519,1.979244436,2.338991012,-0.652790925,5.071622152,1.995973232,0.286170623,0.081285518,0.025984632,0.016728796
15.93,2.075112603,-0.727697341,5.054137172,1.970810187,2.357451067,-0.64606192,5.072175916,1.987590583,0.282338464,0.081635421,0.018038744,0.016780396
15.96,2.097372934,-0.721359489,5.054404528,1.962285187,2.375438685,-0.639561519,5.072678171,1.979352447,0.278065751,0.08179797,0.018273643,0.01706726
16.0,2.189109057,-0.589792867,5.062775197,1.950725444,2.398553883,-0.631349797,5.07327193,1.968283508,0.209444826,-0.041556929,0.010496733,0.017558064
16.03,2.212529415,-0.580431179,5.057645919,1.942646068,2.415233781,-0.62554844,5.073645031,1.959775071,0.202704366,-0.045117261,0.015999112,0.017129003
16.06,2.235917341,-0.571119001,5.057786767,1.933886068,2.431423104,-0.619995722,5.073981937,1.9512417,0.195505762,-0.048876721,0.016195169,0.017355632
16.1,2.267077363,-0.558742801,5.048516582,1.923480859,2.452070624,-0.613017568,5.07440595,1.939829649,0.184993261,-0.054274767,0.025889368,0.01634879
16.13,2.290432142,-0.549496798,5.040017086,1.914307777,2.466791227,-0.608082709,5.074700152,1.931251297,0.176359085,-0.058585911,0.034683067,0.016943519
16.16,2.313788583,-0.540282656,5.03951287,1.905742777,2.480897756,-0.603358025,5.074988427,1.922684587,0.167109172,-0.063075369,0.035475557,0.01694181
16.2,2.344940379,-0.528039672,5.041434799,1.895676638,2.498470774,-0.597436892,5.07537522,1.911251292,0.153530395,-0.069397221,0.033940422,0.015574655
16.23,2.368285495,-0.518910373,5.034951221,1.888028195,2.510652906,-0.593264952,5.075651728,1.902638676,0.142367411,-0.07435458,0.040700507,0.014610481
16.26,2.391619425,-0.509814269,5.034318721,1.879285695,2.522082386,-0.589269406,5.075909964,1.894023857,0.130462961,-0.079455137,0.041591243,0.014738162
16.3,2.422743238,-0.497751201,5.047770835,1.868181475,2.535924822,-0.584217658,5.076197472,1.882616265,0.113181584,-0.086466457,0.028426638,0.01443479
16.33,2.446089026,-0.488751171,5.056158156,1.860057269,2.545262038,-0.580594188,5.076366926,1.874109918,0.099173012,-0.091843017,0.02020877,0.014052649
16.36,2.46942224,-0.479793757,5.056132341,1.851149769,2.553848528,-0.577065103,5.076497705,1.865598209,0.084426288,-0.097271346,0.020365364,0.014448441
16.4,2.500533247,-0.467916624,5.065989674,1.840116745,2.563943164,-0.572480927,5.076572945,1.854231246,0.063409917,-0.104564303,0.010583272,0.014114501
16.43,2.523873015,-0.45905177,5.068407657,1.831997832,2.570518157,-0.569086513,5.07654156,1.845748307,0.046645142,-0.110034743,0.008133903,0.013750475
16.46,2.547225312,-0.450228873,5.068546723,1.823220332,2.576380975,-0.565696626,5.076442086,1.837304881,0.029155663,-0.115467753,0.007895363,0.01408455
16.5,2.496552468,-0.489400558,5.072892965,1.812895366,2.582913165,-0.561143192,5.076195412,1.826035324,0.086360697,-0.071742634,0.003302447,0.013139957
16.53,2.517448736,-0.482337378,5.076391441,1.804571722,2.586869838,-0.557664603,5.075925069,1.817554252,0.069421102,-0.075327225,-0.000466372,0.012982531
16.56,2.538359492,-0.47532727,5.076504991,1.795904222,2.590156362,-0.554111818,5.075596876,1.809094445,0.05179687,-0.078784548,-0.000908114,0.013190223
16.6,2.566246381,-0.466063525,5.072913455,1.786411053,2.59334672,-0.549187813,5.07506614,1.797883294,0.027100339,-0.083124289,0.002152685,0.011472241
16.63,2.587148954,-0.45917588,5.080612257,1.777277784,2.594892875,-0.545313372,5.074599448,1.789493558,0.007743921,-0.086137492,-0.006012809,0.012215774
16.66,2.608051374,-0.452355491,5.08064999,1.769232784,2.595860013,-0.541280091,5.074089677,1.78109902,-0.012191362,-0.0889246,-0.006560313,0.011866236
16.7,2.63594786,-0.443354616,5.082343112,1.757015112,2.596155106,-0.535560299,5.073351231,1.76992496,-0.039792754,-0.092205683,-0.008991881,0.012909848
16.73,2.656905345,-0.436663957,5.079527808,1.74938135,2.595679351,-0.530976722,5.072745398,1.76156508,-0.061225994,-0.094312765,-0.00678241,0.01218373
16.76,2.677894014,-0.430023281,5.079357307,1.74091135,2.594718952,-0.526161296,5.072099631,1.753200097,-0.083175061,-0.096138015,-0.007257676,0.012288748
16.8,2.705933231,-0.421244351,5.072408538,1.729785873,2.592577334,-0.519285955,5.071170625,1.742013842,-0.113355897,-0.098041604,-0.001237913,0.012227969
16.83,2.72701283,-0.414733967,5.068526091,1.720263521,2.590344973,-0.513760512,5.070424343,1.733621904,-0.136667856,-0.099026545,0.001898252,0.013358382
16.86,2.748125985,-0.40827109,5.067866593,1.711556021,2.587669811,-0.507949308,5.069643513,1.725246602,-0.160456174,-0.099678218,0.001776921,0.013690581
16.9,2.776325301,-0.399708145,5.078747244,1.700711936,2.58331557,-0.499652215,5.068548224,1.714091943,-0.193009731,-0.099944071,-0.010199019,0.013380007
16.93,2.797526384,-0.393336462,5.074005389,1.692371919,2.579480002,-0.493000003,5.067692133,1.705706229,-0.218046382,-0.099663542,-0.006313256,0.01333431
16.96,2.818771717,-0.38703791,5.073417761,1.683646919,2.575241965,-0.486023274,5.066806825,1.697308715,-0.243529751,-0.098985364,-0.006610936,0.013661796
17.0,2.696388364,-0.372764552,5.064769233,1.671639523,2.568873602,-0.476102524,5.065546408,1.686123161,-0.127514762,-0.103337972,0.000777175,0.014483639
17.03,2.713784559,-0.366466738,5.068200064,1.663146176,2.563575395,-0.468181292,5.06453626,1.677748711,-0.150209164,-0.101714554,-0.003663803,0.014602535
17.06,2.731218922,-0.360222378,5.067247685,1.654721176,2.557907542,-0.459902865,5.063488879,1.669364448,-0.17331138,-0.099680487,-0.003758806,0.014643272
17.1,2.754561088,-0.35198768,5.060971444,1.643567967,2.549696509,-0.44819335,5.062049302,1.658144653,-0.204864579,-0.09620567,0.001077858,0.014576686
17.13,2.772121182,-0.345893159,5.068266024,1.634395082,2.543085238,-0.438884937,5.060935342,1.649734572,-0.229035944,-0.092991777,-0.007330683,0.015339489
17.16,2.789720947,-0.339864671,5.067274665,1.626030082,2.536177979,-0.429178648,5.059800384,1.641354664,-0.253542968,-0.089313978,-0.007474281,0.015324582
17.2,2.813244127,-0.331939482,5.069699402,1.614398483,2.52649072,-0.41549446,5.058261224,1.630210255,-0.286753407,-0.083554978,-0.011438178,0.015811771
17.23,2.830966835,-0.326073979,5.071529701,1.60670032,2.518909425,-0.40467351,5.057077044,1.621824376,-0.31205741,-0.078599531,-0.014452657,0.015124056
17.26,2.848747426,-0.320285125,5.070630862,1.59799032,2.511112813,-0.393443568,5.055865393,1.613420841,-0.337634613,-0.073158443,-0.014765469,0.015430521
17.3,2.87254248,-0.31268547,5.062967674,1.586808468,2.500330387,-0.377705846,5.054197035,1.602231473,-0.372212094,-0.065020375,-0.008770639,0.015423006
17.33,2.890462037,-0.307080263,5.060186402,1.578026322,2.491953933,-0.365323457,5.052898892,1.593859403,-0.398508104,-0.058243195,-0.00728751,0.015833082
17.36,2.908434082,-0.301558623,5.058841142,1.569226322,2.483366274,-0.352522766,5.051569852,1.585480033,-0.425067808,-0.050964142,-0.007271289,0.016253711
17.4,2.932487757,-0.294317438,5.056060804,1.557602995,2.471529685,-0.334691156,5.049754445,1.574266262,-0.460958072,-0.040373718,-0.006306359,0.016663267
17.43,2.950581871,-0.28898543,5.056573007,1.549512739,2.462366321,-0.320737295,5.048368657,1.565857486,-0.48821555,-0.031751865,-0.00820435,0.016344747
17.46,2.968738266,-0.283739713,5.055114985,1.540952739,2.452999447,-0.306357838,5.046963441,1.55747285,-0.51573882,-0.022618125,-0.008151544,0.016520111
17.5,2.569397313,-0.194496942,5.05328361,1.530690954,2.440147486,-0.286413017,5.045047808,1.546305052,-0.129249827,-0.091916075,-0.008235802,0.015614098
17.53,2.576969657,-0.187289492,5.046074406,1.522023681,2.430246247,-0.270884654,5.043577716,1.53790158,-0.14672341,-0.083595161,-0.002496691,0.0158779
17.56,2.584614037,-0.180188074,5.044274364,1.513301181,2.420160604,-0.25494153,5.042092507,1.529487251,-0.164453433,-0.074753456,-0.002181857,0.01618607
17.6,2.594894003,-0.170869465,5.041341258,1.501730711,2.406403338,-0.232913222,5.040100979,1.518281879,-0.188490666,-0.062043757,-0.001240279,0.016551168
17.63,2.602662961,-0.163996861,5.034171386,1.493533236,2.395920017,-0.215805879,5.038593468,1.509904815,-0.206742944,-0.051809017,0.004422082,0.016371579
17.66,2.610470326,-0.157225953,5.032077688,1.484945736,2.38538264,-0.198271851,5.037092113,1.50153675,-0.225087687,-0.041045898,0.005014424,0.016591014
17.7,2.620932828,-0.14836681,5.03368751,1.472986219,2.371359617,-0.174125843,5.035116767,1.490360546,-0.249573211,-0.025759032,0.001429257,0.017374327
17.73,2.628848411,-0.141837597,5.034251367,1.46432125,2.360933134,-0.155459603,5.033641203,1.481957339,-0.267915277,-0.013622006,-0.000610164,0.017636089
17.76,2.636817835,-0.135417678,5.032296634,1.45552875,2.350588356,-0.136395257,5.032171894,1.473550921,-0.286229479,-0.000977579,-0.00012474,0.018022171
17.8,2.647575377,-0.127028018,5.030859339,1.445008651,2.336932693,-0.110249213,5.030214333,1.462344047,-0.310642684,0.016778806,-0.000645006,0.017335396
17.83,2.655733042,-0.120865718,5.030565085,1.436318931,2.32676717,-0.090099948,5.028735877,1.453941238,-0.328965873,0.03076577,-0.001829207,0.017622306
17.86,2.663969491,-0.114813826,5.028625831,1.427563931,2.316637773,-0.069565728,5.027245371,1.445541182,-0.347331718,0.045248098,-0.00138046,0.017977251
17.9,2.675051282,-0.106911336,5.017551444,1.415078804,2.303169219,-0.041492991,5.025234738,1.43434054,-0.371882063,0.065418345,0.007683294,0.019261736
17.93,2.683458335,-0.101120138,5.014754442,1.407024744,2.293078741,-0.019922502,5.023711157,1.425943232,-0.390379594,0.081197635,0.008956715,0.018918487
17.96,2.691936595,-0.095460143,5.012379355,1.398347244,2.282989256,0.002019746,5.02217801,1.41755502,-0.408947339,0.097479889,0.009798656,0.019207776
18.0,2.50167008,-0.062524112,5.002363378,1.387158524,2.269529516,0.031942329,5.020132623,1.406379228,-0.232140564,0.094466441,0.017769245,0.019220704
18.03,2.506210138,-0.056596227,4.994372359,1.378761681,2.259423728,0.054868831,5.018607636,1.397992313,-0.246786411,0.111465057,0.024235277,0.019230632
18.06,2.510832931,-0.05080022,4.991523892,1.369976681,2.24930708,0.078141496,5.017096166,1.38960222,-0.261525852,0.128941716,0.025572274,0.019625539
18.1,2.517105481,-0.043272554,4.996813297,1.359166686,2.235801028,0.109799101,5.015112308,1.378418177,-0.281304453,0.153071655,0.018299011,0.019251491
18.13,2.52187186,-0.037775247,5.007083323,1.351676907,2.225681393,0.134004424,5.013646582,1.370034844,-0.296190468,0.17177967,0.00656326,0.018357937
18.16,2.526692391,-0.032408005,5.004907744,1.343084407,2.215595774,0.158536415,5.012202326,1.361652244,-0.311096617,0.19094442,0.007294582,0.018567836
18.2,2.533209624,-0.025470824,4.99857573,1.332366984,2.20226452,0.191817058,5.010301085,1.350467475,-0.330945104,0.217287882,0.011725355,0.018100491
18.23,2.538169793,-0.020436271,4.996609893,1.32361192,2.192383194,0.217180153,5.008870209,1.342068435,-0.345786599,0.237616424,0.012260316,0.018456515
18.26,2.543177709,-0.015552567,4.994264057,1.31492192,2.182592663,0.242823912,5.007436063,1.333667365,-0.360585046,0.258376478,0.013172006,0.018745445
18.3,2.549938625,-0.009257617,4.99328036,1.303933656,2.169696389,0.277518755,5.005545715,1.322473043,-0.380242236,0.286776373,0.012265355,0.018539387
18.33,2.555077474,-0.004702629,5.004228482,1.295387931,2.160127758,0.303907921,5.004150114,1.314083972,-0.394949716,0.308610549,-7.8368e-05,0.018696041
18.36,2.560263531,-0.000307657,5.002308722,1.286705431,2.150623987,0.330556091,5.002768831,1.305699083,-0.409639543,0.330863747,0.000460109,0.018993652
18.4,2.567255735,0.005316803,5.001064494,1.275531822,2.138055406,0.366543753,5.000943823,1.29452209,-0.429200329,0.36122695,-0.000120671,0.018990268
18.43,2.572566213,0.009364281,4.985935808,1.26693348,2.128697399,0.393864072,4.999574836,1.286140199,-0.443868814,0.384499791,0.013639027,0.01920672
18.46,2.577951558,0.013258969,4.983560159,1.25844098,2.119385961,0.421416873,4.998203017,1.277761697,-0.458565597,0.408157904,0.014642858,0.019320717
18.5,2.240175728,0.19103526,4.992862337,1.248019275,2.107051716,0.458562978,4.996381862,1.266596897,-0.133124012,0.267527717,0.003519525,0.018577622
18.53,2.237805016,0.199010083,4.985004931,1.239383705,2.097858005,0.486711606,4.995043597,1.258221369,-0.139947011,0.287701523,0.010038666,0.018837664
18.56,2.235480411,0.206845668,4.982762609,1.230668705,2.088704048,0.515060525,4.993735202,1.249840528,-0.146776363,0.308214857,0.010972592,0.019171823
18.6,2.232455935,0.217057681,4.973004772,1.220613456,2.076580999,0.553212941,4.992032725,1.238663871,-0.155874936,0.33615526,0.019027953,0.018050415
18.63,2.23024796,0.224543008,4.958375925,1.21267993,2.067585091,0.582080786,4.990780677,1.230282813,-0.162662869,0.357537778,0.032404751,0.017602883
18.66,2.228086114,0.231873753,4.955507153,1.20420243,2.058695762,0.611119037,4.989561635,1.221899185,-0.169390352,0.379245284,0.034054482,0.017696756
18.7,2.225261724,0.241429738,4.954496546,1.193583545,2.047105667,0.650105987,4.988029792,1.210699755,-0.178156057,0.408676249,0.033533246,0.01711621
18.73,2.223210453,0.248424273,4.950134321,1.185075662,2.038642859,0.679510827,4.986961415,1.202291098,-0.184567594,0.431086553,0.036827095,0.017215437
18.76,2.221196728,0.255252355,4.947377521,1.176243162,2.030352235,0.709022552,4.985954796,1.193889404,-0.190844493,0.453770197,0.038577274,0.017646242
18.8,2.218564279,0.264086866,4.945020003,1.164920878,2.019602009,0.748563963,4.984706158,1.18269222,-0.19896227,0.484477097,0.039686154,0.017771342
18.83,2.216647833,0.270526615,4.950499237,1.156704252,2.011745068,0.77835941,4.983830967,1.174292646,-0.204902766,0.507832795,0.03333173,0.017588394
18.86,2.214786759,0.27680677,4.948082069,1.148001752,2.004019594,0.808247285,4.983000408,1.165899556,-0.210767165,0.531440515,0.034918339,0.017897804
18.9,2.212377462,0.284936845,4.945487615,1.136671603,1.99393157,0.848253423,4.981965488,1.154719138,-0.218445892,0.563316578,0.036477873,0.018047535
18.93,2.21062589,0.290842719,4.945667554,1.127704452,1.986509281,0.878372368,4.981237049,1.146336417,-0.224116609,0.587529648,0.035569495,0.018631964
18.96,2.208913129,0.296589571,4.943380712,1.118969452,1.979184141,0.9085725,4.980538669,1.1379568,-0.229728988,0.611982929,0.037157957,0.018987348
19.0,1.955389652,0.759923233,4.941009407,1.106612112,1.969579541,0.948970494,4.979667391,1.126788977,0.014189889,0.189047262,0.038657984,0.020176864
19.03,1.948635427,0.776875445,4.94260963,1.098426396,1.962484238,0.979349152,4.979060664,1.118412661,0.013848812,0.202473708,0.036451034,0.019986266
19.06,1.941924589,0.793662173,4.940432467,1.090196396,1.955462306,1.009780497,4.978488955,1.11003788,0.013537717,0.216118324,0.038056488,0.019841484
19.1,1.933049026,0.815782444,4.936656695,1.079244598,1.94623233,1.050449041,4.977802983,1.09887639,0.013183304,0.234666598,0.041146288,0.019631792
19.13,1.926447098,0.832191491,4.930670213,1.070140843,1.939412461,1.081008898,4.977341505,1.090507798,0.012965362,0.248817407,0.046671293,0.020366956
19.16,1.919886479,0.848437644,4.928394386,1.061543343,1.932671534,1.111597205,4.976920505,1.082137508,0.012785055,0.263159561,0.048526119,0.020594165
19.2,1.911187383,0.86984263,4.942905123,1.049532506,1.923839715,1.152409501,4.976433833,1.070967469,0.012652333,0.282566871,0.03352871,0.021434963
19.23,1.904701406,0.885715363,4.95041308,1.040968195,1.917339277,1.183026492,4.976126933,1.062585768,0.012637871,0.29731113,0.025713852,0.021617573
19.26,1.898249717,0.90142365,4.949003536,1.032578195,1.910927223,1.213642389,4.97585849,1.054201432,0.012677506,0.31221874,0.026854954,0.021623236
19.3,1.889711643,0.922117032,4.946866656,1.021660217,1.902526569,1.254446806,4.975542024,1.043019079,0.012814926,0.332329773,0.028675368,0.021358861
19.33,1.88334773,0.93744209,4.950455027,1.01281265,1.896323328,1.285027328,4.975318373,1.034633995,0.012975598,0.347585238,0.024863346,0.021821345
19.36,1.87702172,0.952608403,4.949134004,1.00417265,1.890183258,1.315588817,4.975104134,1.026250177,0.013161538,0.362980414,0.02597013,0.022077527
19.4,1.868645504,0.972590819,4.948604158,0.993394289,1.882100896,1.356299881,4.9748575,1.015074295,0.013455392,0.383709063,0.026253342,0.021680006
19.43,1.862405426,0.987388876,4.956912301,0.985083625,1.876105451,1.386796816,4.974703329,1.006694043,0.013700025,0.399407939,0.017791028,0.021610418
19.46,1.856207625,1.002018422,4.955886223,0.976648625,1.870150362,1.417260182,4.974571411,0.998313479,0.013942737,0.415241759,0.018685188,0.021664854
19.5,1.774402155,1.172706199,4.956094757,0.964513812,1.862275017,1.457809269,4.974437624,0.987137617,0.087872861,0.28510307,0.018342868,0.022623806
19.53,1.767722268,1.18965315,4.954425695,0.955457288,1.856411851,1.4881667,4.974363027,0.978756288,0.088689583,0.298513551,0.019937332,0.023299
19.56,1.761072942,1.206423811,4.953381073,0.946792288,1.850575455,1.518480523,4.974303276,0.970375088,0.089502513,0.312056712,0.020922203,0.023582801
19.6,1.752255916,1.22851719,4.949698543,0.9359588,1.842831408,1.558806551,4.974262281,0.95919785,0.090575491,0.330289361,0.024563738,0.02323905
19.63,1.745670371,1.244892614,4.954246112,0.928705385,1.837046632,1.588974303,4.974263096,0.950812529,0.091376261,0.344081689,0.020016984,0.022107145
19.66,1.739114853,1.261109628,4.953248641,0.919975385,1.831279181,1.619084215,4.974289901,0.942426057,0.092164328,0.357974587,0.02104126,0.022450672
19.7,1.730430236,1.282469631,4.962335997,0.910253286,1.823620302,1.6591172,4.974372117,0.931245844,0.093190066,0.376647569,0.01203612,0.020992558
19.73,1.723954009,1.298294547,4.961011405,0.90242001,1.817892851,1.689044906,4.974465856,0.922859246,0.093938841,0.390750359,0.013454452,0.020439236
19.76,1.717508223,1.313948807,4.960307089,0.89364751,1.812172676,1.718895925,4.974577412,0.914470639,0.094664453,0.404947118,0.014270323,0.020823129
19.8,1.708949651,1.334569269,4.969627864,0.881692474,1.8045556,1.758555661,4.974747564,0.903285957,0.095605949,0.423986391,0.0051197,0.021593483
19.83,1.702570099,1.349842873,4.974683607,0.872981509,1.798847054,1.788194639,4.974887444,0.894900056,0.096276955,0.438351766,0.000203837,0.021918546
19.86,1.696212805,1.364958728,4.974394846,0.864341509,1.793136311,1.817752897,4.975034686,0.886515561,0.096923506,0.452794169,0.00063984,0.022174052
19.9,1.687767317,1.384851334,4.964226798,0.853701361,1.785506091,1.857006112,4.975239143,0.875333593,0.097738775,0.472154778,0.011012345,0.021632232
19.93,1.681456602,1.399566687,4.971615695,0.846048198,1.779766277,1.886325629,4.975390908,0.866945309,0.098309675,0.486758943,0.003775213,0.020897111
19.96,1.675190542,1.414093138,4.97115832,0.837400698,1.774013156,1.915559298,4.975545601,0.858558462,0.098822614,0.50146616,0.004387282,0.021157764
20.0,1.770178453,1.66835917,4.971041528,0.827074105,1.766311706,1.954377491,4.975780977,0.847379614,-0.003866747,0.286018322,0.00473945,0.020305508
20.03,1.767562196,1.687738102,4.963713398,0.818897373,1.760502678,1.983363869,4.975981343,0.838992625,-0.007059518,0.295625767,0.012267945,0.020095252
20.06,1.764981089,1.70697146,4.962971513,0.810114873,1.754665335,2.012255447,4.976195242,0.830599171,-0.010315754,0.305283987,0.013223729,0.020484299
20.1,1.761596452,1.732378607,4.960133296,0.798711759,1.746825284,2.050607495,4.976510584,0.819410907,-0.014771168,0.318228888,0.016377288,0.020699148
20.13,1.759097914,1.751248546,4.96640821,0.791124825,1.740885391,2.079245384,4.976772823,0.811025274,-0.018212523,0.327996838,0.010364613,0.019900449
20.16,1.75662085,1.769951593,4.965815296,0.782497325,1.734882918,2.10779112,4.977059353,0.802635147,-0.021737932,0.337839528,0.011244057,0.020137822
20.2,1.753367844,1.794626584,4.96830387,0.771558536,1.726736451,2.145693197,4.977477301,0.791436587,-0.026631393,0.351066613,0.00917343,0.019878051
20.23,1.750957129,1.812944181,4.970677311,0.763153108,1.720509661,2.174017502,4.977810429,0.783044309,-0.030447468,0.361073321,0.007133117,0.019891201
20.26,1.748564852,1.831091997,4.970212211,0.754468108,1.714194219,2.202273885,4.978148313,0.774668892,-0.034370633,0.371181888,0.007936103,0.020200784
20.3,1.745414422,1.855054951,4.968208641,0.744089509,1.705595557,2.239816655,4.978606143,0.763508897,-0.039818864,0.384761704,0.010397501,0.019419388
20.33,1.743071596,1.872843451,4.9729909,0.735784013,1.699002234,2.267865193,4.978950623,0.755119791,-0.044069362,0.395021742,0.005959723,0.019335778
20.36,1.74074979,1.890462268,4.972547064,0.727211513,1.692305326,2.295835495,4.979296521,0.746724711,-0.048444464,0.405373227,0.006749457,0.019513198
20.4,1.737712234,1.91369469,4.963634834,0.717519078,1.683193786,2.33299145,4.979768827,0.735551605,-0.054518448,0.41929676,0.016133993,0.018032527
20.43,1.735472947,1.930942181,4.96491343,0.709918612,1.676218398,2.360749822,4.980126057,0.72717936,-0.059254549,0.429807641,0.015212627,0.017260748
20.46,1.733263485,1.948028962,4.964194166,0.701266112,1.669132023,2.38842218,4.980488403,0.718795079,-0.064131462,0.440393218,0.016294237,0.017528966
20.5,1.736080635,2.177589579,4.963613143,0.690348391,1.659477944,2.425159902,4.980990908,0.707597279,-0.076602691,0.247570323,0.017377765,0.017248888
20.53,1.734280274,2.19872376,4.957349597,0.681804213,1.652090257,2.452601123,4.981389124,0.699210809,-0.082190017,0.253877364,0.024039527,0.017406596
20.56,1.732523131,2.219700335,4.956381301,0.673211713,1.644595609,2.479961275,4.981797143,0.690838289,-0.087927523,0.26026094,0.025415842,0.017626576
20.6,1.73023961,2.247444269,4.947585834,0.661933168,1.634391214,2.516281766,4.9823648,0.679671399,-0.095848396,0.268837496,0.034778966,0.017738232
20.63,1.728555024,2.268070396,4.929577623,0.653894565,1.626567945,2.543397584,4.982810724,0.67127932,-0.101987079,0.275327188,0.053233102,0.017384755
20.66,1.726901806,2.288542501,4.927772161,0.645089565,1.618620941,2.570427415,4.983277351,0.662886911,-0.108280865,0.281884913,0.05550519,0.017797346
20.7,1.724742044,2.315605802,4.941013147,0.6335611,1.607798795,2.606319524,4.983942801,0.651718454,-0.116943249,0.290713722,0.042929655,0.018157354
20.73,1.723156212,2.335727408,4.935163006,0.625221619,1.599502299,2.633126749,4.984491487,0.643344664,-0.123653914,0.297399341,0.049328481,0.018123044
20.76,1.721583346,2.355699796,4.933671553,0.616489119,1.591067326,2.659849757,4.985079036,0.634957683,-0.13051602,0.304149961,0.051407483,0.018468564
20.8,1.719527086,2.382089978,4.916041715,0.604803251,1.579568539,2.695329967,4.985899263,0.623761779,-0.139958547,0.313239989,0.069857549,0.018958528
20.83,1.718037813,2.401713933,4.920463757,0.596954218,1.570761837,2.721833369,4.986536696,0.615379263,-0.147275976,0.320119436,0.066072938,0.018425045
20.86,1.716578738,2.421196331,4.918646781,0.588334218,1.561820392,2.74825829,4.987194877,0.607005167,-0.154758346,0.32706196,0.068548096,0.018670949
20.9,1.71467913,2.446940797,4.924583046,0.578148702,1.549638142,2.783339454,4.988146448,0.595823953,-0.165040988,0.336398657,0.063563403,0.017675251
20.93,1.713286849,2.466072843,4.93536647,0.569924496,1.540304442,2.809535942,4.988914702,0.587425049,-0.172982408,0.343463099,0.053548233,0.017500553
20.96,1.711932582,2.48506525,4.93422592,0.561186996,1.530832762,2.835653445,4.989719797,0.5790325,-0.18109982,0.350588195,0.055493876,0.017845505
21.0,1.523125897,2.684258386,4.942852089,0.55067231,1.51795349,2.870334638,4.990837345,0.567862921,-0.005172407,0.186076252,0.047985256,0.017190611
21.03,1.517025375,2.706530647,4.936721313,0.541654977,1.50809721,2.896233953,4.99169433,0.559480223,-0.008928165,0.189703305,0.054973017,0.017825246
21.06,1.510950424,2.728649822,4.935667892,0.532752477,1.498093597,2.922050087,4.992556362,0.551083576,-0.012856826,0.193400264,0.05688847,0.018331098
21.1,1.502891135,2.757909681,4.953160511,0.521806776,1.484494659,2.956325786,4.993725033,0.539880378,-0.018396476,0.198416105,0.040564522,0.018073602
21.13,1.496887395,2.779684971,4.94854184,0.513519168,1.474111886,2.98192999,4.994625228,0.531493542,-0.022775509,0.202245019,0.046083389,0.017974375
21.16,1.49092439,2.8013167,4.947883233,0.504776668,1.463596471,3.007458961,4.995539647,0.523113892,-0.027327919,0.206142261,0.047656415,0.018337224
21.2,1.483019121,2.829930156,4.947487295,0.493348985,1.449325807,3.041353278,4.996766287,0.511927384,-0.033693314,0.211423123,0.049278991,0.0185784
21.23,1.477111994,2.851232861,4.952747612,0.48589857,1.438437916,3.066666439,4.997687108,0.503526862,-0.038674078,0.215433578,0.044939497,0.017628291
21.26,1.471231489,2.872397171,4.952144313,0.47734107,1.427422947,3.091905889,4.998614923,0.49513212,-0.043808541,0.219508717,0.046470609,0.017791049
21.3,1.463452205,2.900388543,4.943347987,0.466743837,1.412508602,3.12542826,4.99986663,0.483955236,-0.050943603,0.225039717,0.056518643,0.017211399
21.33,1.457664727,2.921221794,4.94954325,0.458224721,1.401145848,3.15047155,5.00081574,0.475566616,-0.056518879,0.229249756,0.05127249,0.017341895
21.36,1.451916504,2.941919949,4.948829389,0.449759721,1.389652752,3.175444236,5.00176989,0.467167263,-0.062263752,0.233524287,0.052940501,0.017407541
21.4,1.444289702,2.969294138,4.956157192,0.43917345,1.374101062,3.208621365,5.003070864,0.455969155,-0.07018864,0.239327227,0.046913672,0.016795705
21.43,1.438602839,2.989665216,4.971722661,0.431008768,1.362274864,3.233421609,5.004063165,0.44758384,-0.076327975,0.243756393,0.032340504,0.016575072
21.46,1.432954429,3.009892686,4.971683959,0.422243768,1.350328301,3.25816265,5.005064171,0.439199709,-0.082626128,0.248269964,0.033380213,0.016955941
21.5,1.245711315,3.07449308,4.980014108,0.410643455,1.3341732,3.291043111,5.006407509,0.428003558,0.088461885,0.21655003,0.026393401,0.017360103
21.53,1.235926615,3.094581709,4.991358984,0.403103299,1.321894186,3.315629136,5.007403741,0.419601081,0.08596757,0.221047427,0.016044757,0.016497782
21.56,1.226154364,3.114521767,4.991812602,0.394495799,1.309504859,3.340166728,5.008383242,0.411205278,0.083350495,0.225644961,0.01657064,0.016709479
21.6,1.213168622,3.140879885,4.99388937,0.383877748,1.292789481,3.372798692,5.009642042,0.40001468,0.079620858,0.231918807,0.015752672,0.016136932
21.63,1.203454108,3.160474422,4.988451798,0.375446204,1.280112345,3.397206691,5.010534441,0.391613787,0.076658237,0.236732269,0.022082643,0.016167583
21.66,1.19377464,3.179933562,4.988510253,0.366676204,1.267345018,3.421563529,5.011383523,0.383214517,0.073570378,0.241629966,0.02287327,0.016538313
21.7,1.180919329,3.205669982,4.978419647,0.356263232,1.250187602,3.453933632,5.01244028,0.372031118,0.069268272,0.24826365,0.034020633,0.015767885
21.73,1.171326631,3.224823986,4.97532028,0.347756615,1.237239842,3.478111268,5.013186253,0.363653862,0.06591321,0.253287282,0.037865973,0.015897248
21.76,1.161765391,3.243840448,4.974718339,0.339191615,1.224244353,3.502198182,5.013910618,0.355278667,0.062478962,0.258357734,0.039192279,0.016087052
21.8,1.149072004,3.268996075,4.97455411,0.328168365,1.206857683,3.534114638,5.014858548,0.34411981,0.057785679,0.265118563,0.040304438,0.015951445
21.83,1.139574804,3.287711744,4.963391546,0.320578656,1.193805394,3.557874504,5.015573581,0.335754555,0.05423059,0.27016276,0.052182035,0.015175899
21.86,1.130097528,3.306303576,4.962363673,0.311773656,1.180761349,3.581485949,5.016296189,0.327386565,0.050663821,0.275182373,0.053932516,0.01561291
21.9,1.117511441,3.33088107,4.965575876,0.300724674,1.163403849,3.612657311,5.017285946,0.31623969,0.045892409,0.281776241,0.051710069,0.015515016
21.93,1.108106076,3.349166812,4.961582555,0.293396741,1.150432134,3.635771708,5.018061112,0.30789752,0.042326058,0.286604896,0.056478557,0.01450078
21.96,1.098721072,3.367335447,4.960569411,0.284806741,1.137513059,3.658676914,5.018869712,0.299559215,0.038791987,0.291341467,0.0583003,0.014752474
22.0,1.008831616,3.489221736,4.97368222,0.272746132,1.120415067,3.68880413,5.020006787,0.288423309,0.111583451,0.199582394,0.046324567,0.015677177
22.03,0.99816318,3.509203298,4.986176695,0.264438806,1.107703024,3.711062047,5.020909585,0.280075234,0.109539844,0.201858749,0.03473289,0.015636429
22.06,0.987519447,3.529069267,4.98602565,0.255751306,1.095080952,3.733057765,5.021851707,0.271752791,0.107561505,0.203988498,0.035826057,0.016001486
22.1,0.973364425,3.555361564,4.984722488,0.24466882,1.078446927,3.761876276,5.023166167,0.260698527,0.105082502,0.206514711,0.038443679,0.016029707
22.13,0.962772937,3.574959845,4.986429244,0.237355457,1.066153945,3.783073891,5.024174504,0.252389179,0.103381009,0.208114046,0.03774526,0.015033722
22.16,0.952214412,3.594450115,4.986261259,0.228667957,1.05401317,3.80393795,5.025191881,0.244059585,0.101798758,0.209487835,0.038930622,0.015391628
22.2,0.938177391,3.620265193,4.993249891,0.218963206,1.038127611,3.83108034,5.026566964,0.232992958,0.099950221,0.210815147,0.033317073,0.014029752
22.23,0.927671727,3.63948936,5.003487026,0.210887754,1.026464055,3.850878975,5.027607406,0.224746651,0.098792328,0.211389615,0.02412038,0.013858897
22.26,0.917181837,3.658610797,5.003803174,0.202347754,1.015003575,3.87024575,5.028654417,0.216494741,0.097821739,0.211634953,0.024851243,0.014146986
22.3,0.903207932,3.683940946,5.001990621,0.192816597,1.000125365,3.895240941,5.030046477,0.205414232,0.096917434,0.211299995,0.028055856,0.012597635
22.33,0.892746005,3.702806026,5.003193049,0.184280661,0.989280088,3.913342217,5.031075352,0.19710217,0.096534082,0.210536191,0.027882303,0.01282151
22.36,0.882313164,3.721559825,5.003372571,0.175680661,0.978668028,3.930963052,5.032087046,0.188838608,0.096354864,0.209403227,0.028714475,0.013157948
22.4,0.868429887,3.746415679,5.011226327,0.164978989,0.964968283,3.953565808,5.033404403,0.177851837,0.096538395,0.207150129,0.022178077,0.012872848
22.43,0.858032409,3.764944008,5.015521689,0.157677472,0.955051911,3.969844076,5.034366896,0.169544684,0.097019502,0.204900068,0.018845207,0.011867212
22.46,0.847643595,3.783364577,5.015944136,0.149184972,0.945402255,3.985630089,5.035306116,0.161201659,0.09775866,0.202265512,0.019361979,0.012016687
22.5,0.851846342,4.021317154,5.019715268,0.137765559,0.933026277,4.005773911,5.036506583,0.150138287,0.081179935,-0.015543244,0.016791315,0.012372728
22.53,0.842497339,4.044674941,5.023161342,0.129218486,0.924121927,4.020205587,5.037357141,0.141886721,0.081624588,-0.024469354,0.014195798,0.012668236
22.56,0.833167816,4.067943988,5.023604024,0.120580986,0.915505547,4.034146858,5.038198443,0.133587949,0.082337731,-0.03379713,0.014594419,0.013006963
22.6,0.820759583,4.098866244,5.025478098,0.108992453,0.904559963,4.051800789,5.039337399,0.122336837,0.08380038,-0.047065455,0.0138593,0.013344384
22.63,0.811461471,4.121990047,5.028771614,0.100594595,0.896759704,4.064210975,5.040153326,0.113917331,0.085298233,-0.057779072,0.011381712,0.013322736
22.66,0.802168819,4.145088017,5.029291001,0.092149595,0.889266217,4.075871286,5.040935862,0.105624943,0.087097398,-0.069216731,0.01164486,0.013475348
22.7,0.789766909,4.175871094,5.034303445,0.08144776,0.879878218,4.089731369,5.041874536,0.094540831,0.090111309,-0.086139725,0.007571091,0.013093071
22.73,0.780456242,4.198957932,5.05117498,0.07355076,0.873313095,4.098613609,5.042425132,0.085930563,0.092856853,-0.100344323,-0.008749848,0.012379803
22.76,0.771134007,4.222048688,5.052116678,0.06473326,0.867089975,4.106265258,5.042822935,0.077249636,0.095955968,-0.11578343,-0.009293743,0.012516376
22.8,0.758704943,4.25281255,5.047515454,0.054512733,0.859398924,4.11403714,5.043020846,0.066078015,0.100693981,-0.13877541,-0.004494608,0.011565283
22.83,0.749381489,4.275837878,5.043047154,0.046663361,0.854082465,4.117944931,5.042874956,0.057843896,0.104700976,-0.157892947,-0.000172198,0.011180535
22.86,0.740060856,4.298820515,5.043270072,0.038133361,0.849096772,4.120415895,5.042495806,0.049351218,0.109035916,-0.178404621,-0.000774266,0.011217857
22.9,0.72764127,4.329428807,5.045173147,0.028077486,0.843033714,4.121033251,5.041560881,0.037616238,0.115392445,-0.208395556,-0.003612267,0.009538752
22.93,0.718330237,4.352368048,5.040819711,0.020091741,0.838888679,4.119478258,5.040544028,0.029086158,0.120558442,-0.232889789,-0.000275683,0.008994417
22.96,0.709025784,4.375278927,5.040510932,0.011529241,0.83502008,4.116469282,5.039291408,0.020824278,0.125994296,-0.258809645,-0.001219524,0.009295037
23.0,0.677702846,4.291638921,5.028842452,0.001551571,0.830362089,4.109844711,5.037193448,0.009603712,0.152659243,-0.18179421,0.008350996,0.008052141
23.03,0.66815936,4.310780264,5.035041882,-0.005678595,0.827226819,4.102981616,5.035310143,0.000834417,0.159067459,-0.207798649,0.000268261,0.006513013
23.06,0.658604123,4.329918423,5.034137563,-0.014271095,0.824327762,4.094789348,5.033225144,-0.007855941,0.16572364,-0.235129074,-0.00091242,0.006415154
23.1,0.645826551,4.355406426,5.031125745,-0.023858061,0.820856936,4.081534437,5.030116333,-0.018963978,0.175030384,-0.273871989,-0.001009412,0.004894082
23.13,0.636208891,4.374516183,5.022057648,-0.031435896,0.818539072,4.069943294,5.027571119,-0.027313759,0.182330181,-0.304572889,0.005513471,0.004122137
23.16,0.626582278,4.393618466,5.020497342,-0.040060896,0.816423004,4.057219207,5.024887404,-0.035890282,0.189840726,-0.336399259,0.004390062,0.004170614
23.2,0.613739333,4.419107843,5.014957874,-0.050430735,0.81393654,4.038301062,5.021097027,-0.047376797,0.200197207,-0.38080678,0.006139153,0.003053938
23.23,0.604080856,4.438252462,5.020812701,-0.057865225,0.812291534,4.022752835,5.018137943,-0.055711024,0.208210678,-0.415499627,-0.002674758,0.002154201
23.26,0.594391085,4.45742762,5.019154326,-0.066320225,0.810800267,4.006280792,5.015117982,-0.063975922,0.216409182,-0.451146828,-0.004036344,0.002344303
23.3,0.581441519,4.483035989,5.009273082,-0.077131829,0.809093284,3.982740062,5.011010384,-0.075271719,0.227651764,-0.500295927,0.001737301,0.00186011
23.33,0.571697201,4.502269917,5.008377641,-0.085595522,0.808003689,3.963998957,5.007885645,-0.083832856,0.236306488,-0.53827096,-0.000491996,0.001762666
23.36,0.561940667,4.521522697,5.006432651,-0.094003022,0.807032005,3.944528006,5.004748235,-0.092249284,0.245091338,-0.57699469,-0.001684416,0.001753737
23.4,0.548888438,4.547257441,5.002472415,-0.106028318,0.805937873,3.9173309,5.000577648,-0.103264667,0.257049435,-0.629926542,-0.001894767,0.002763651
23.43,0.539066464,4.5666215,5.003135175,-0.113705058,0.805272819,3.896086886,4.997490935,-0.111645161,0.266206355,-0.670534615,-0.00564424,0.002059896
23.46,0.529216421,4.586044536,5.001296936,-0.122145058,0.804715899,3.874277054,4.994439146,-0.12012823,0.275499478,-0.711767482,-0.00685779,0.002016827
23.5,0.641158475,4.142931966,4.996618039,-0.13388028,0.804138937,3.844245821,4.990449616,-0.131362703,0.162980462,-0.298686146,-0.006168422,0.002517577
23.53,0.634717682,4.15012033,4.98559206,-0.142081296,0.803811351,3.821077077,4.987520653,-0.139657578,0.169093669,-0.329043253,0.001928593,0.002423719
23.56,0.628241887,4.157373513,4.983519616,-0.150498796,0.803562152,3.797477067,4.984650516,-0.147982901,0.175320264,-0.359896445,0.0011309,0.002515895
23.6,0.619559797,4.167147885,4.978247322,-0.16083308,0.803368806,3.765289249,4.98094561,-0.159304184,0.183809009,-0.401858637,0.002698287,0.001528896
23.63,0.613020875,4.174545652,4.984256103,-0.168557818,0.803290936,3.740676474,4.97828444,-0.167771243,0.190270061,-0.433869178,-0.005971663,0.000786574
23.66,0.606446834,4.182001079,4.98256889,-0.176935318,0.803236023,3.715768094,4.975718645,-0.176102104,0.196789188,-0.466232985,-0.006850245,0.000833214
23.7,0.597626375,4.192054139,4.98007198,-0.186866691,0.803205458,3.682091333,4.972470236,-0.187094163,0.205579083,-0.509962806,-0.007601744,-0.000227473
23.73,0.590960588,4.199680838,4.983204583,-0.195129388,0.80323468,3.656532306,4.970166585,-0.195453619,0.212274093,-0.543148532,-0.013037999,-0.000324231
23.76,0.584282453,4.207386104,4.981860076,-0.203724388,0.803295629,3.630777941,4.967949249,-0.203881838,0.219013175,-0.576608163,-0.013910827,-0.000157451
23.8,0.575344698,4.217777027,4.975463963,-0.214684753,0.803385337,3.596116127,4.965163299,-0.215042372,0.228040639,-0.6216609,-0.010300664,-0.00035762
23.83,0.568592307,4.225677514,4.976021497,-0.223204405,0.803437589,3.569898142,4.963185966,-0.22332669,0.234845282,-0.655779372,-0.012835531,-0.000122285
23.86,0.561806088,4.233668898,4.974816427,-0.231824405,0.803487505,3.543524931,4.961295817,-0.231644047,0.241681416,-0.690143966,-0.01352061,0.000180359
23.9,0.552731051,4.244463097,4.959421486,-0.243020443,0.80355132,3.508089716,4.958926187,-0.242873102,0.250820269,-0.736373381,-0.000495298,0.000147341
23.93,0.545892071,4.252648487,4.963281846,-0.25113623,0.803562611,3.481330036,4.957266708,-0.25128239,0.257670539,-0.771318451,-0.006015137,-0.000146159
23.96,0.539028286,4.260915528,4.962003169,-0.25966873,0.80352641,3.454449855,4.955688177,-0.259619632,0.264498124,-0.806465673,-0.006314992,4.9099e-05
24.0,0.507770121,3.971349369,4.955574609,-0.270526864,0.803399068,3.418399483,4.953746196,-0.270714105,0.295628947,-0.552949886,-0.001828413,-0.000187241
24.03,0.50005041,3.973049517,4.946561357,-0.278001629,0.803256054,3.391211356,4.952405677,-0.279122396,0.303205644,-0.581838161,0.005844321,-0.001120767
24.06,0.492310677,3.974842961,4.945065921,-0.286579129,0.80306423,3.363923877,4.951141096,-0.287558548,0.310753552,-0.610919084,0.006075174,-0.000979419
24.1,0.481938236,3.977367828,4.935313768,-0.297879865,0.80267275,3.32738185,4.949591844,-0.298726189,0.320734514,-0.649985977,0.014278076,-0.000846324
24.13,0.474102928,3.979357504,4.932993204,-0.306736674,0.802266117,3.299868618,4.948529415,-0.30705718,0.328163188,-0.679488885,0.015536211,-0.000320506
24.16,0.466239273,3.981446001,4.931370016,-0.315354174,0.801785111,3.272280989,4.947545755,-0.315423655,0.335545838,-0.709165012,0.016175739,-6.9481e-05
24.2,0.455715269,3.98435173,4.935334965,-0.326873565,0.80099826,3.235374148,4.946354514,-0.326650601,0.34528299,-0.748977583,0.011019548,0.000222964
24.23,0.447772318,3.986648906,4.930986999,-0.335232008,0.800268275,3.207618375,4.945555006,-0.33503797,0.352495957,-0.779030531,0.014568008,0.000194039
24.26,0.439799008,3.989051634,4.929598347,-0.343797008,0.799425803,3.179814825,4.944811717,-0.343383158,0.359626795,-0.809236809,0.01521337,0.00041385
24.3,0.429115797,3.992417078,4.924586902,-0.356119783,0.798110324,3.14265586,4.943911517,-0.354528704,0.368994527,-0.849761218,0.019324615,0.001591078
24.33,0.421056954,3.995067476,4.925038267,-0.364729311,0.796983174,3.11472318,4.943293771,-0.362947954,0.37592622,-0.880344296,0.018255504,0.001781357
24.36,0.412963588,3.997819766,4.923677647,-0.373356811,0.795737659,3.086752208,4.942723046,-0.371367239,0.382774071,-0.911067558,0.019045398,0.001989572
24.4,0.402141943,4.001658077,4.915251589,-0.384560732,0.793831621,3.049402078,4.942045638,-0.382518252,0.391689678,-0.952255999,0.026794048,0.00204248
24.43,0.393990904,4.004656478,4.907597231,-0.391734832,0.79222279,3.021349499,4.941599763,-0.390872923,0.398231887,-0.983306979,0.034002531,0.000861909
24.46,0.385815443,4.007763652,4.905881937,-0.400357332,0.79049182,2.99326677,4.941197937,-0.399270095,0.404676377,-1.014496881,0.035316,0.001087237
24.5,0.554072097,3.432154007,4.916770651,-0.412654473,0.787942854,2.955779061,4.940741832,-0.410505496,0.233870757,-0.476374946,0.023971181,0.002148977
24.53,0.550525989,3.421584798,4.912709438,-0.421757621,0.785824345,2.927644766,4.940470131,-0.418883766,0.235298356,-0.493940032,0.027760694,0.002873855
24.56,0.546950665,3.411118153,4.911332957,-0.430357621,0.783553734,2.899500287,4.940245953,-0.427237278,0.236603069,-0.511617866,0.028912996,0.003120343
24.6,0.542151679,3.397308519,4.913803673,-0.441197432,0.780261596,2.861955385,4.94002146,-0.438450617,0.238109917,-0.535353134,0.026217786,0.002746815
24.63,0.538527434,3.387050285,4.907346371,-0.450274289,0.777573837,2.833800347,4.939897246,-0.446899988,0.239046404,-0.553249937,0.032550875,0.003374301
24.66,0.534878109,3.376886821,4.905977396,-0.458769289,0.774697892,2.805668869,4.9398156,-0.455305334,0.239819783,-0.571217952,0.033838204,0.003463955
24.7,0.529973627,3.363500794,4.908914556,-0.470316332,0.770504952,2.768223575,4.939769583,-0.466403957,0.240531325,-0.595277219,0.030855027,0.003912375
24.73,0.526258561,3.353576375,4.896420724,-0.478440945,0.767120863,2.74017905,4.939804073,-0.474766302,0.240862301,-0.613397326,0.04338335,0.003674643
24.76,0.522530353,3.343764243,4.894895938,-0.487270945,0.763571315,2.712159645,4.93987822,-0.483197705,0.241040961,-0.631604597,0.044982282,0.00407324
24.8,0.517545097,3.330855998,4.897605473,-0.498289328,0.75848992,2.674866561,4.940053259,-0.494436625,0.240944823,-0.655989437,0.042447786,0.003852702
24.83,0.513774047,3.321293155,4.893940302,-0.50628556,0.754386499,2.646959023,4.940239159,-0.502773288,0.240612452,-0.674334132,0.046298857,0.003512272
24.86,0.509982697,3.31184093,4.892504727,-0.51523556,0.750082158,2.619088488,4.940471489,-0.511099433,0.240099461,-0.692752442,0.047966761,0.004136126
24.9,0.504900077,3.299386372,4.889396511,-0.527038381,0.744006354,2.581976718,4.940845237,-0.522325204,0.239106277,-0.717409654,0.051448726,0.004713178
24.93,0.501056244,3.290169085,4.880894177,-0.536227771,0.739177953,2.554190583,4.941165782,-0.530778495,0.238121709,-0.735978501,0.060271605,0.005449276
24.96,0.497175727,3.281042987,4.879220011,-0.545077771,0.734127484,2.526454302,4.941519755,-0.539165258,0.236951757,-0.754588685,0.062299744,0.005912513
25.0,0.459211834,2.932534996,4.882184463,-0.556407774,0.726993941,2.489563253,4.942043202,-0.550260795,0.267782107,-0.442971744,0.059858739,0.00614698
25.03,0.453984608,2.916896205,4.883913013,-0.565419749,0.721377118,2.461946536,4.942493567,-0.558658894,0.26739251,-0.454949669,0.058580554,0.006760855
25.06,0.44875951,2.901346859,4.882481062,-0.574119749,0.715567512,2.434369457,4.942975206,-0.567119763,0.266808002,-0.466977402,0.060494144,0.006999986
25.1,0.441794813,2.880752818,4.887429468,-0.586346659,0.707422809,2.397705578,4.943683421,-0.578347561,0.265627996,-0.48304724,0.056253953,0.007999098
25.13,0.436547011,2.8654355,4.899716319,-0.594463321,0.701000504,2.370299517,4.944243986,-0.586680804,0.264453493,-0.495135983,0.044527667,0.007782516
25.16,0.431271768,2.850245182,4.898914653,-0.603080821,0.6943668,2.342950031,4.944831847,-0.595031113,0.263095032,-0.507295151,0.045917193,0.008049707
25.2,0.424242526,2.830164983,4.903091905,-0.614445374,0.68515496,2.306575735,4.945631909,-0.606283977,0.260912434,-0.523589249,0.042540004,0.008161396
25.23,0.418973099,2.815206739,4.906501261,-0.623303092,0.677949449,2.279381658,4.946233855,-0.614719448,0.25897635,-0.535825081,0.039732593,0.008583643
25.26,0.413693646,2.80035508,4.905868842,-0.632170592,0.670514345,2.252264175,4.94682839,-0.623085661,0.256820698,-0.548090905,0.040959548,0.00908493
25.3,0.406631699,2.780725114,4.906165426,-0.643157283,0.660204176,2.216240074,4.947624396,-0.634203273,0.253572477,-0.56448504,0.04145897,0.008954011
25.33,0.401326506,2.766116073,4.903490161,-0.651435167,0.652204002,2.189308695,4.94822704,-0.642622646,0.250877496,-0.576807378,0.044736879,0.008812521
25.36,0.396019526,2.751595944,4.902697153,-0.660010167,0.644005801,2.162448643,4.948830053,-0.651072557,0.247986275,-0.589147301,0.0461329,0.00893761
25.4,0.388952861,2.732369682,4.907166419,-0.670640195,0.632681956,2.126798188,4.949653864,-0.662251575,0.243729095,-0.605571494,0.042487445,0.00838862
25.43,0.383649549,2.718072858,4.905283167,-0.679292892,0.623902569,2.100184944,4.950283486,-0.670585245,0.240253021,-0.617887914,0.045000319,0.008707647
25.46,0.378344275,2.703891557,4.904528164,-0.687727892,0.614937109,2.073650088,4.950931202,-0.678960135,0.236592834,-0.630241469,0.046403038,0.008767757
25.5,0.460589185,2.50795401,4.916818831,-0.698999373,0.602653131,2.038414854,4.951798961,-0.690215529,0.142063947,-0.469539156,0.03498013,0.008783844
25.53,0.457497001,2.491208204,4.913311393,-0.70624979,0.593171137,2.012122014,4.952464379,-0.698617503,0.135674136,-0.479086189,0.039152986,0.007632287
25.56,0.454409017,2.47455603,4.912736847,-0.71476729,0.58349024,1.985934282,4.95313026,-0.70696364,0.129081223,-0.488621748,0.040393413,0.00780365
25.6,0.450279998,2.452524186,4.909013928,-0.726217485,0.570251455,1.951188626,4.954027384,-0.718117052,0.119971456,-0.50133556,0.045013456,0.008100433
25.63,0.447195546,2.436130602,4.911447346,-0.73394466,0.560086826,1.925247891,4.954695264,-0.726557622,0.11289128,-0.510882711,0.043247917,0.007387037
25.66,0.444113855,2.419842501,4.910775511,-0.74243466,0.549732733,1.899406023,4.955372352,-0.734990519,0.105618878,-0.520436478,0.044596841,0.00744414
25.7,0.439997753,2.398310915,4.909880001,-0.752962969,0.535552321,1.865149014,4.956297739,-0.746111618,0.095554569,-0.533161901,0.046417738,0.006851351
25.73,0.436901435,2.382305329,4.912224538,-0.761386826,0.524656413,1.839585204,4.957015642,-0.754443377,0.087754978,-0.542720125,0.044791103,0.006943449
25.76,0.433818079,2.366408792,4.911580489,-0.769869326,0.513591416,1.814099235,4.957747547,-0.762847461,0.079773337,-0.552309557,0.046167057,0.007021865
25.8,0.429723924,2.345377934,4.914456397,-0.780730932,0.498519263,1.780279779,4.958742542,-0.774109209,0.068795339,-0.565098155,0.044286145,0.006621723
25.83,0.42665789,2.329727777,4.914331417,-0.788912627,0.486955884,1.755067619,4.959504893,-0.782474654,0.060297993,-0.574660158,0.045173476,0.006437973
25.86,0.423587864,2.314199217,4.913729068,-0.797657627,0.47521346,1.72996516,4.960270716,-0.790799998,0.051625596,-0.584234057,0.046541648,0.006857629
25.9,0.419535408,2.293653734,4.921760607,-0.808498364,0.459274398,1.69666404,4.961314258,-0.801977517,0.03973899,-0.596989694,0.039553651,0.006520847
25.93,0.416524943,2.278365905,4.92851754,-0.817208839,0.447118076,1.671815658,4.96209969,-0.810420584,0.030593133,-0.606550247,0.033582149,0.006788255
25.96,0.413537893,2.263178335,4.928293058,-0.825946339,0.434800436,1.647080921,4.962897612,-0.818829683,0.021262543,-0.616097413,0.034604554,0.007116656
26.0,0.397300793,2.056563209,4.94812976,-0.83689349,0.418080936,1.614321181,4.963954403,-0.829943868,0.020780143,-0.442242029,0.015824642,0.006949622
26.03,0.393713918,2.038115588,4.95420228,-0.846123499,0.405352408,1.589889656,4.964747708,-0.838307616,0.01163849,-0.448225932,0.010545428,0.007815883
26.06,0.39014133,2.019777622,4.954665271,-0.854798499,0.392501592,1.565547678,4.965525063,-0.846732064,0.002360262,-0.454229944,0.010859793,0.008066435
26.1,0.385406672,1.995489714,4.963511034,-0.866675117,0.37512207,1.533286151,4.966534616,-0.857970805,-0.010284602,-0.462203564,0.003023582,0.008704312
26.13,0.381855961,1.977405335,4.956577768,-0.876689262,0.361885573,1.509257583,4.967259891,-0.866324523,-0.019970389,-0.468147752,0.010682122,0.010364739
26.16,0.378322102,1.95944119,4.956859526,-0.885604262,0.348512294,1.485337001,4.967964969,-0.874663091,-0.029809808,-0.47410419,0.011105443,0.010941171
26.2,0.373626076,1.935642717,4.949982954,-0.896330559,0.330459531,1.453600866,4.968882661,-0.885873165,-0.043166545,-0.482041851,0.018899707,0.010457394
26.23,0.370131414,1.917904367,4.968162982,-0.904061277,0.316748157,1.429923633,4.969558435,-0.894314272,-0.053383257,-0.487980734,0.001395453,0.009747006
26.26,0.366646749,1.900268801,4.968667694,-0.912608777,0.302898662,1.406356748,4.970238136,-0.902706175,-0.063748088,-0.493912054,0.001570442,0.009902602
26.3,0.362019035,1.876927591,4.965417133,-0.923734346,0.284192675,1.375132035,4.971150489,-0.913821101,-0.07782636,-0.501795556,0.005733356,0.009913246
26.33,0.358565087,1.859540256,4.965932107,-0.931645685,0.270017138,1.351830998,4.97183834,-0.922206902,-0.088547949,-0.507709258,0.005906233,0.009438784
26.36,0.355126357,1.842253757,4.966231826,-0.940120685,0.255744348,1.328611838,4.972510849,-0.930637618,-0.099382008,-0.51364192,0.006279023,0.009483067
26.4,0.350579287,1.819332206,4.958803312,-0.95076953,0.236516339,1.297840828,4.973415066,-0.941841818,-0.114062949,-0.521491378,0.014611754,0.008927712
26.43,0.347197341,1.802258652,4.950334127,-0.959552656,0.221946452,1.274914573,4.97409078,-0.950184436,-0.125250889,-0.527344079,0.023756654,0.00936822
26.46,0.343830084,1.78530637,4.950070216,-0.968282656,0.207286524,1.252079306,4.974778032,-0.958538616,-0.13654356,-0.533227064,0.024707816,0.00974404
26.5,0.308482563,1.479105895,4.94821183,-0.980134896,0.187599333,1.221773537,4.975707046,-0.969760619,-0.12088323,-0.257332358,0.027495216,0.010374277
26.53,0.304209071,1.456087027,4.950812038,-0.988624454,0.1727184,1.199171401,4.976430562,-0.978173915,-0.131490671,-0.256915627,0.025618524,0.010450539
26.56,0.299954425,1.433170757,4.950574855,-0.997171954,0.157745881,1.176677178,4.977172943,-0.986539172,-0.142208543,-0.256493579,0.026598089,0.010632782
26.6,0.294312556,1.402781455,4.951828237,-1.007808534,0.137634427,1.146856835,4.978191465,-0.997668996,-0.15667813,-0.25592462,0.026363228,0.010139537
26.63,0.290121554,1.380104829,4.952420314,-1.016977466,0.122455761,1.124588137,4.978968971,-1.006075111,-0.167665793,-0.255516693,0.026548656,0.010902355
26.66,0.285967197,1.357516579,4.952224059,-1.025604966,0.107197776,1.102393242,4.979750136,-1.014501913,-0.178769421,-0.255123337,0.027526077,0.011103052
26.7,0.280483045,1.3275366,4.950260631,-1.036974729,0.086673941,1.072964236,4.980802162,-1.02565793,-0.193809105,-0.254572363,0.030541532,0.0113168
26.73,0.276392953,1.305173355,4.948117243,-1.04458568,0.071146902,1.05100203,4.981588071,-1.03397998,-0.205246051,-0.254171325,0.033470828,0.0106057
26.76,0.272329296,1.2829181,4.947692557,-1.05322068,0.055537709,1.029093348,4.982380365,-1.042346841,-0.216791587,-0.253824752,0.034687809,0.010873839
26.8,0.266963321,1.253386067,4.948860723,-1.06495528,0.034583221,0.999975762,4.983430114,-1.053591841,-0.2323801,-0.253410305,0.034569391,0.011363439
26.83,0.262991264,1.231350742,4.942821346,-1.073504783,0.018748667,0.97824188,4.984229769,-1.06198395,-0.244242597,-0.253108862,0.041408423,0.011520833
26.86,0.259040134,1.209408264,4.942178728,-1.081897283,0.002829154,0.956591195,4.985027894,-1.070325204,-0.256210979,-0.252817069,0.042849166,0.011572079
26.9,0.253784041,1.180344395,4.93952988,-1.093359981,-0.018521491,0.927835035,4.986106929,-1.081470174,-0.272305533,-0.252509359,0.046577049,0.011889806
26.93,0.249876776,1.158650134,4.947044623,-1.102209742,-0.034610949,0.906331353,4.986918974,-1.089895543,-0.284487724,-0.252318782,0.039874351,0.012314199
26.96,0.2460148,1.137044459,4.946533542,-1.110894742,-0.05076249,0.884891361,4.987744124,-1.098317298,-0.29677729,-0.252153098,0.041210582,0.012577445
27.0,0.094361817,1.147817475,4.95053778,-1.120914202,-0.072422452,0.85645066,4.988860453,-1.109458409,-0.166784269,-0.291366815,0.038322672,0.011455793
27.03,0.086734666,1.128727419,4.96488309,-1.129265723,-0.088744926,0.835205262,4.989706836,-1.11780543,-0.175479591,-0.293522157,0.024823746,0.011460293
27.06,0.079145492,1.109739795,4.964893577,-1.137938223,-0.105110142,0.813998271,4.99055589,-1.126197536,-0.184255634,-0.295741525,0.025662313,0.011740687
27.1,0.069090996,1.084568447,4.967734987,-1.149256184,-0.12700926,0.785808017,4.991683553,-1.137421678,-0.196100255,-0.29876043,0.023948566,0.011834505
27.13,0.061592698,1.065807962,4.973994601,-1.158035071,-0.143491678,0.764763685,4.992516352,-1.145793101,-0.205084376,-0.301044277,0.018521751,0.01224197
27.16,0.054118753,1.047163578,4.974137643,-1.166602571,-0.159997766,0.743788625,4.993331173,-1.154144294,-0.214116519,-0.303374953,0.01919353,0.012458277
27.2,0.044191593,1.022474475,4.973259366,-1.178249681,-0.181998464,0.715909527,4.994416135,-1.16531409,-0.226190057,-0.306564948,0.02115677,0.012935591
27.23,0.036791675,1.004057592,4.973251843,-1.187183693,-0.198474982,0.695067435,4.995215283,-1.173706563,-0.235266658,-0.308990158,0.02196344,0.01347713
27.26,0.029422158,0.985741486,4.973213353,-1.195766193,-0.214939605,0.674297895,4.996016389,-1.182085992,-0.244361763,-0.311443591,0.022803036,0.013680201
27.3,0.019635947,0.961485668,4.960457094,-1.207345536,-0.236874635,0.64674221,4.997080355,-1.193231704,-0.256510581,-0.314743458,0.036623261,0.014113832
27.33,0.012334965,0.943426015,4.963154982,-1.215275849,-0.253301327,0.62613537,4.997892627,-1.201602356,-0.265636292,-0.317290645,0.034737645,0.013673493
27.36,0.005053159,0.925466621,4.96268567,-1.223690849,-0.269707855,0.605554557,4.998705968,-1.20999612,-0.274761014,-0.319912063,0.036020298,0.013694729
27.4,-0.004593478,0.901677397,4.965626969,-1.234157294,-0.291565768,0.578192207,4.999823203,-1.221189999,-0.28697229,-0.32348519,0.034196234,0.012967295
27.43,-0.011791342,0.883963926,4.968172292,-1.24281928,-0.307957856,0.557748655,5.0006796,-1.229552874,-0.296166514,-0.326215271,0.032507308,0.013266405
27.46,-0.018960933,0.866357856,4.967833318,-1.25127428,-0.324343458,0.537341473,5.001550427,-1.237911719,-0.305382525,-0.329016383,0.033717108,0.01336256
27.5,-0.28492556,0.726694223,4.988439623,-1.261899818,-0.346165678,0.510152616,5.002715156,-1.24910238,-0.061240118,-0.216541607,0.014275534,0.012797438
27.53,-0.298388011,0.706757621,4.995988015,-1.268928334,-0.36251959,0.48978825,5.003579352,-1.257508255,-0.064131578,-0.216969371,0.007591337,0.01142008
27.56,-0.311811105,0.686907148,4.996391184,-1.277615834,-0.378872895,0.469465433,5.004437987,-1.26588972,-0.06706179,-0.217441714,0.008046803,0.011726114
27.6,-0.329636438,0.660613142,4.994039013,-1.288988701,-0.400668921,0.442428377,5.005541605,-1.277041702,-0.071032482,-0.218184764,0.011502591,0.011946999
27.63,-0.342976309,0.641025192,4.997570294,-1.298024703,-0.416981576,0.422153323,5.006334665,-1.28543373,-0.074005266,-0.218871869,0.008764371,0.012590973
27.66,-0.356289373,0.621529174,4.997740401,-1.306627203,-0.433250904,0.401878315,5.007091326,-1.293842262,-0.076961531,-0.21965086,0.009350925,0.012784941
27.7,-0.373977278,0.595683317,5.010290832,-1.318654519,-0.454842323,0.374896431,5.008087875,-1.305044324,-0.080865045,-0.220786886,-0.002202957,0.013610195
27.73,-0.387211408,0.576420468,5.010965576,-1.327026559,-0.470942412,0.354711675,5.008823334,-1.313448491,-0.083731004,-0.221708793,-0.002142242,0.013578068
27.76,-0.400419353,0.5572755,5.011364282,-1.335436559,-0.486962578,0.334538147,5.009559317,-1.321851534,-0.086543225,-0.222737353,-0.001804965,0.013585025
27.8,-0.417976127,0.531919203,5.013197338,-1.347277066,-0.508172671,0.307626669,5.010503239,-1.333039439,-0.090196545,-0.224292534,-0.002694099,0.014237627
27.83,-0.431104519,0.513024344,5.015321695,-1.355134745,-0.523982891,0.287455315,5.01118536,-1.341429964,-0.092878372,-0.225569029,-0.004136335,0.013704781
27.86,-0.44419843,0.49422284,5.01564281,-1.363867245,-0.539732993,0.267308329,5.011845913,-1.349821289,-0.095534563,-0.226914512,-0.003796898,0.014045956
27.9,-0.461604738,0.469328771,5.015404044,-1.375048273,-0.560625623,0.240453282,5.012702594,-1.361004448,-0.099020885,-0.228875489,-0.00270145,0.014043825
27.93,-0.474623359,0.450790608,5.000534093,-1.382953003,-0.57621296,0.220276668,5.013326257,-1.369396531,-0.101589601,-0.230513941,0.012792164,0.013556472
27.96,-0.487611515,0.43236035,5.00020678,-1.391693003,-0.591745484,0.200080206,5.013930838,-1.377792272,-0.10413397,-0.232280144,0.013724058,0.013900731
28.0,-0.593267103,0.311821237,5.008206626,-1.402161617,-0.612368616,0.173157075,5.014720692,-1.388978373,-0.019101513,-0.138664162,0.006514066,0.013183243
28.03,-0.607693511,0.29160117,5.003733984,-1.411920434,-0.627772205,0.152959225,5.01531006,-1.397360652,-0.020078694,-0.138641945,0.011576076,0.014559782
28.06,-0.622095007,0.271497863,5.003380704,-1.420350434,-0.643125797,0.132727655,5.01590945,-1.405748568,-0.02103079,-0.138770208,0.012528746,0.014601866
28.1,-0.641254779,0.244861573,4.999237552,-1.4316894,-0.663506638,0.105680851,5.016677713,-1.416945086,-0.022251859,-0.139180722,0.017440162,0.014744314
28.13,-0.655561031,0.224999486,4.998625754,-1.43902491,-0.678729408,0.085376168,5.017242303,-1.425338538,-0.023168377,-0.139623319,0.018616548,0.013686372
28.16,-0.669828369,0.205242539,4.997984822,-1.44746491,-0.693905702,0.065064889,5.017793235,-1.433725958,-0.024077333,-0.14017765,0.019808413,0.013738952
28.2,-0.688799945,0.179074034,4.987262485,-1.458068521,-0.714044387,0.03792361,5.018533734,-1.444910026,-0.025244443,-0.141150423,0.031271249,0.013158495
28.23,-0.702982496,0.159566446,5.003830877,-1.466726263,-0.729070571,0.017498031,5.019082842,-1.453301375,-0.026088075,-0.142068415,0.015251965,0.013424888
28.26,-0.717130793,0.140169809,5.003327063,-1.475416263,-0.744042364,-0.002960425,5.019636757,-1.46169129,-0.026911571,-0.143130234,0.016309694,0.013724973
28.3,-0.735928541,0.114489264,5.009409051,-1.486606805,-0.763910923,-0.030266538,5.020390677,-1.472873318,-0.027982382,-0.144755802,0.010981626,0.013733487
28.33,-0.749985927,0.095384713,4.996573809,-1.495119088,-0.778741749,-0.05079329,5.020958305,-1.481258986,-0.028755822,-0.146178003,0.024384496,0.013860103
28.36,-0.764018563,0.076404427,4.995773272,-1.503734088,-0.793520562,-0.071380512,5.021516226,-1.489647268,-0.029501999,-0.147784939,0.025742954,0.01408682
28.4,-0.782675867,0.05125183,4.992275582,-1.515843895,-0.813135198,-0.098926387,5.022225106,-1.500836015,-0.030459331,-0.150178217,0.029949524,0.01500788
28.43,-0.796621706,0.032515372,4.995475411,-1.524125087,-0.827783571,-0.119622167,5.022751977,-1.509224143,-0.031161865,-0.152137539,0.027276566,0.014900944
28.46,-0.810542621,0.01390577,4.99457756,-1.532745087,-0.842387248,-0.140348712,5.02327645,-1.517610172,-0.031844627,-0.154254482,0.02869889,0.015134915
28.5,-0.907349372,0.028869842,5.002891198,-1.544527276,-0.861775483,-0.168093574,5.023991233,-1.528795802,0.045573888,-0.196963416,0.021100035,0.015731474
28.53,-0.922607538,0.011942724,5.013637602,-1.552585455,-0.876254938,-0.188991214,5.024518231,-1.537188266,0.0463526,-0.200933938,0.010880629,0.015397189
28.56,-0.93782217,-0.00488274,5.0132802,-1.561020455,-0.890691087,-0.20992831,5.025046423,-1.545575026,0.047131083,-0.205045569,0.011766223,0.01544543
28.6,-0.958049323,-0.02713608,5.016575526,-1.571962113,-0.909857541,-0.237900357,5.025723709,-1.556760351,0.048191782,-0.210764278,0.009148183,0.015201762
28.63,-0.973176017,-0.043682047,5.011642812,-1.579125964,-0.924157704,-0.25895814,5.026211276,-1.565154272,0.049018313,-0.215276093,0.014568464,0.013971693
28.66,-0.988268454,-0.060122985,5.011106784,-1.587918464,-0.938389439,-0.280090652,5.026669366,-1.573541243,0.049879016,-0.219967667,0.015562582,0.014377222
28.7,-1.00834919,-0.081898744,5.022782631,-1.600347412,-0.957211112,-0.308370013,5.027246675,-1.584714159,0.051138078,-0.226471269,0.004464044,0.015633253
28.73,-1.023372429,-0.098107935,5.022152012,-1.608633977,-0.971193287,-0.329627945,5.027663332,-1.593124513,0.052179142,-0.23152001,0.00551132,0.015509464
28.76,-1.03836559,-0.114199382,5.021812674,-1.617181477,-0.985072193,-0.350936995,5.028072471,-1.601545502,0.053293397,-0.236737613,0.006259797,0.015635974
28.8,-1.058307915,-0.135476804,5.022977968,-1.628071818,-1.003388327,-0.379489952,5.028587787,-1.612724113,0.054919588,-0.244013148,0.005609819,0.015347705
28.83,-1.073238311,-0.15131403,5.022399371,-1.636415889,-1.016986999,-0.400999426,5.028938875,-1.621088127,0.056251312,-0.249685396,0.006539504,0.015327762
28.86,-1.088132517,-0.167044619,5.021910346,-1.644898389,-1.030487302,-0.422551973,5.029274456,-1.629476948,0.057645215,-0.255507354,0.00736411,0.015421441
28.9,-1.107944982,-0.18783474,5.014492799,-1.657024141,-1.048313979,-0.451373272,5.029689592,-1.640700014,0.059631003,-0.263538532,0.015196793,0.016324127
28.93,-1.122765578,-0.203281766,5.004558564,-1.664987945,-1.06156007,-0.473093915,5.029991663,-1.649091831,0.061205508,-0.269812149,0.025433099,0.015896114
28.96,-1.137547563,-0.218615866,5.003435493,-1.673617945,-1.074718265,-0.494896141,5.030275183,-1.657458812,0.062829298,-0.276280275,0.02683969,0.016159133
29.0,-1.12134339,-0.368584485,5.002760391,-1.685514972,-1.092099415,-0.524069046,5.030653156,-1.668634031,0.029243975,-0.155484561,0.027892765,0.016880941
29.03,-1.134617376,-0.387016644,5.010747071,-1.694175478,-1.105012349,-0.546011252,5.030941013,-1.677049743,0.029605028,-0.158994608,0.020193942,0.017125735
29.06,-1.147837962,-0.40530723,5.009838598,-1.702940478,-1.117838374,-0.568022859,5.031246814,-1.685453907,0.029999588,-0.162715629,0.021408216,0.017486571
29.1,-1.165386402,-0.429508236,5.003687385,-1.713355151,-1.134788932,-0.59752855,5.031655761,-1.696603413,0.03059747,-0.168020314,0.027968376,0.016751737
29.13,-1.178506452,-0.447523792,4.993113455,-1.721732372,-1.14740007,-0.619746696,5.031956607,-1.7049656,0.031106382,-0.172222904,0.038843153,0.016766772
29.16,-1.191570799,-0.465423079,4.991647369,-1.730124872,-1.159949985,-0.642006505,5.032251083,-1.71335014,0.031620814,-0.176583426,0.040603714,0.016774732
29.2,-1.208923598,-0.489076591,4.985740041,-1.741051569,-1.176606765,-0.671784317,5.0326493,-1.724537662,0.032316833,-0.182707726,0.046909259,0.016513908
29.23,-1.221890247,-0.506666912,4.990321143,-1.74859166,-1.189069299,-0.694223418,5.032962972,-1.732927684,0.032820949,-0.187556506,0.042641829,0.015663976
29.26,-1.234814297,-0.524159418,4.98883763,-1.75746416,-1.201517619,-0.716730119,5.033284848,-1.741323401,0.033296678,-0.192570701,0.044447218,0.016140759
29.3,-1.252015572,-0.547304565,4.9838657,-1.769011425,-1.218088769,-0.746813312,5.03374511,-1.752519382,0.033926802,-0.199508748,0.04987941,0.016492043
29.33,-1.264884075,-0.564518364,4.986524952,-1.776324157,-1.230498927,-0.7694325,5.034101511,-1.760912732,0.034385149,-0.204914135,0.047576558,0.015411425
29.36,-1.277701422,-0.581581376,4.985019142,-1.785241657,-1.242900244,-0.792119168,5.03447453,-1.769307534,0.034801177,-0.210537791,0.049455388,0.015934122
29.4,-1.294745683,-0.604152518,4.991480407,-1.79570124,-1.259419573,-0.822499083,5.034980885,-1.78050123,0.03532611,-0.218346565,0.043500478,0.015200011
29.43,-1.307497841,-0.620947768,4.993225317,-1.803420912,-1.271788162,-0.845344511,5.035380822,-1.788895695,0.03570968,-0.224396743,0.042155505,0.014525217
29.46,-1.320225546,-0.63758926,4.992004318,-1.812055912,-1.284137878,-0.86822169,5.035784756,-1.797292444,0.036087669,-0.230632431,0.043780438,0.014763467
29.5,-1.477380352,-0.662103773,4.995650232,-1.824546678,-1.300576837,-0.898823791,5.036340029,-1.80848862,0.176803515,-0.236720017,0.040689797,0.016058058
29.53,-1.493510108,-0.678234103,4.999925854,-1.833279351,-1.312889281,-0.921873394,5.03675026,-1.816879387,0.180620827,-0.243639291,0.036824405,0.016399963
29.56,-1.509611041,-0.694241953,4.998913182,-1.842006851,-1.325183839,-0.944975763,5.037158277,-1.825260871,0.184427202,-0.25073381,0.038245096,0.01674598
29.6,-1.531036305,-0.71539423,4.99767423,-1.853248791,-1.341525779,-0.97583653,5.037697936,-1.836451352,0.189510526,-0.2604423,0.040023706,0.016797439
29.63,-1.547081687,-0.731092687,5.010662144,-1.860888595,-1.353726744,-0.999046039,5.038098779,-1.844857505,0.193354943,-0.267953351,0.027436635,0.016031091
29.66,-1.56309259,-0.74665586,5.009961874,-1.869638595,-1.365870881,-1.022330021,5.038496988,-1.853242716,0.19722171,-0.275674161,0.028535114,0.016395879
29.7,-1.58440694,-0.767200062,5.008652809,-1.881638503,-1.381907173,-1.053509984,5.039013095,-1.864371021,0.202499766,-0.286309922,0.030360286,0.017267482
29.73,-1.600358053,-0.782454305,5.013435107,-1.890315223,-1.393769294,-1.076968395,5.039389154,-1.872764073,0.206588759,-0.29451409,0.025954047,0.01755115
29.76,-1.616272123,-0.797559358,5.01276616,-1.899085223,-1.405492728,-1.100484495,5.039745655,-1.881210011,0.210779395,-0.302925138,0.026979495,0.017875211
29.8,-1.637453261,-0.817464737,5.018158305,-1.910321145,-1.420859835,-1.131996173,5.040208777,-1.892411619,0.216593426,-0.314531437,0.022050472,0.017909526
29.83,-1.653303384,-0.832244482,5.029535062,-1.918003819,-1.43217576,-1.155758465,5.040526489,-1.900722918,0.221127624,-0.323513983,0.010991428,0.0172809
29.86,-1.669135309,-0.846917004,5.02930639,-1.926406319,-1.443325114,-1.179592369,5.040830215,-1.909060101,0.225810194,-0.332675365,0.011523825,0.017346218
29.9,-1.690202488,-0.866259296,5.031131551,-1.93844045,-1.457869981,-1.211482922,5.041188879,-1.920320852,0.232332507,-0.345223626,0.010057329,0.018119599
29.93,-1.705957733,-0.880591593,5.028568414,-1.946235484,-1.468541174,-1.235515245,5.041423136,-1.928748179,0.23741656,-0.354923651,0.012854722,0.017487304
29.96,-1.721678282,-0.894788984,5.028125387,-1.954847984,-1.47904187,-1.259647562,5.041616464,-1.937082798,0.242636412,-0.364858578,0.013491076,0.017765186
30.0,-1.583877959,-1.066114177,5.037243306,-1.965856439,-1.492712715,-1.291978718,5.041803467,-1.948162111,0.091165244,-0.225864541,0.004560161,0.017694328
30.03,-1.59498577,-1.083970835,5.034204683,-1.972676463,-1.50270115,-1.316314263,5.04189765,-1.956591553,0.092284619,-0.232343428,0.007692967,0.01608491
30.06,-1.606058103,-1.101682336,5.033709957,-1.981206463,-1.512497749,-1.34072394,5.041958735,-1.965048358,0.093560353,-0.239041604,0.008248778,0.016158105
30.1,-1.620771177,-1.125084493,5.032311613,-1.992499315,-1.52522943,-1.373445927,5.041969563,-1.976176581,0.095541746,-0.248361434,0.00965795,0.016322734
30.13,-1.63176781,-1.142493936,5.0436495,-2.001087507,-1.534554795,-1.398105364,5.041913406,-1.984454508,0.097213014,-0.255611428,-0.001736094,0.016632998
30.16,-1.642728758,-1.159770168,5.043238089,-2.009707507,-1.543737686,-1.422817012,5.041824748,-1.992786607,0.098991072,-0.263046844,-0.001413341,0.0169209
30.2,-1.65726063,-1.182563841,5.04229359,-2.02004492,-1.555784326,-1.455829755,5.041643834,-2.003978151,0.101476304,-0.273265914,-0.000649756,0.016066769
30.23,-1.668115399,-1.199501125,5.039280817,-2.028291239,-1.564739187,-1.480642448,5.041466376,-2.012347944,0.103376213,-0.281141323,0.002185558,0.015943296
30.26,-1.678939479,-1.21631223,5.038538148,-2.036726239,-1.573668602,-1.50548588,5.041241664,-2.020709736,0.105270877,-0.28917365,0.002703516,0.016016503
30.3,-1.693323213,-1.238534474,5.036119663,-2.048487813,-1.585552266,-1.538607634,5.040877613,-2.031888381,0.107770947,-0.300073161,0.00475795,0.016599432
30.33,-1.704074178,-1.255054631,5.035757335,-2.05687378,-1.59446436,-1.563411621,5.040559526,-2.040276485,0.109609818,-0.308356991,0.004802191,0.016597295
30.36,-1.714789849,-1.271423549,5.034758493,-2.06570128,-1.603394067,-1.58819474,5.040222252,-2.048662488,0.111395783,-0.316771191,0.00546376,0.017038792
30.4,-1.729035004,-1.29304413,5.029265452,-2.077092361,-1.615358921,-1.62121412,5.039736812,-2.059864197,0.113676084,-0.328169989,0.01047136,0.017228163
30.43,-1.739701403,-1.309110386,5.022348165,-2.085589208,-1.624372649,-1.645930315,5.039350274,-2.068272787,0.115328754,-0.33681993,0.017002109,0.017316421
30.46,-1.750342992,-1.325049144,5.020875143,-2.094109208,-1.633406864,-1.670585505,5.038953699,-2.076668021,0.116936128,-0.34553636,0.018078556,0.017441187
30.5,-1.739279109,-1.413658342,5.014031326,-2.105485346,-1.645497781,-1.703349509,5.038418513,-2.087846229,0.093781328,-0.289691166,0.024387187,0.017639117
30.53,-1.749376674,-1.430667189,5.015826884,-2.113359433,-1.654614201,-1.727859316,5.038027768,-2.096248923,0.094762473,-0.297192127,0.022200884,0.017110511
30.56,-1.759441903,-1.447555724,5.014219661,-2.121889433,-1.663761768,-1.752313849,5.03764189,-2.104665561,0.095680135,-0.304758125,0.023422229,0.017223872
30.6,-1.772795613,-1.469875263,5.013481696,-2.133331132,-1.675990487,-1.78476704,5.03716791,-2.115866787,0.096805126,-0.314891777,0.023686214,0.017464345
30.63,-1.782759573,-1.486454713,5.013087524,-2.140856372,-1.68518602,-1.808973194,5.036837979,-2.124244384,0.097573553,-0.322518481,0.023750455,0.016611988
30.66,-1.792690992,-1.50289321,5.011529576,-2.149666372,-1.694415529,-1.833088985,5.036537461,-2.132633453,0.098275463,-0.330195775,0.025007885,0.017032919
30.7,-1.805898405,-1.524642761,5.00864814,-2.16027805,-1.706802412,-1.865064307,5.03617194,-2.143873617,0.099095994,-0.340421547,0.0275238,0.016404433
30.73,-1.815770465,-1.540827625,5.012817424,-2.168373285,-1.716144648,-1.888862644,5.035935651,-2.152294436,0.099625816,-0.348035019,0.023118227,0.016078849
30.76,-1.825613748,-1.556880626,5.011373,-2.177095785,-1.725520258,-1.912502788,5.035723114,-2.16067354,0.10009349,-0.355622162,0.024350115,0.016422245
30.8,-1.838690365,-1.578058331,5.009341833,-2.188107986,-1.738101894,-1.943738059,5.035503053,-2.171839109,0.100588471,-0.365679728,0.026161221,0.016268877
30.83,-1.848461976,-1.593791846,5.016639145,-2.19670756,-1.747610608,-1.966954756,5.035373809,-2.180275668,0.100851369,-0.37316291,0.018734664,0.016431892
30.86,-1.858190865,-1.609410954,5.015453175,-2.20518256,-1.757161212,-1.989997477,5.035269169,-2.188723944,0.101029653,-0.380586523,0.019815994,0.016458616
30.9,-1.871121438,-1.630022897,4.999920094,-2.21533324,-1.769942048,-2.020353181,5.035181602,-2.199906861,0.10117939,-0.390330284,0.035261508,0.015426379
30.93,-1.880795949,-1.645330048,5.009273386,-2.224294739,-1.779561188,-2.042839636,5.035148102,-2.208264628,0.10123476,-0.397509588,0.025874716,0.016030112
30.96,-1.890432292,-1.66051348,5.007996533,-2.233067239,-1.78921225,-2.065131836,5.035143288,-2.216665234,0.101220041,-0.404618356,0.027146754,0.016402005
31.0,-1.951770671,-1.848502767,5.019236499,-2.243811709,-1.802123614,-2.094477765,5.035194215,-2.227930661,0.149647057,-0.245974998,0.015957717,0.015881048
31.03,-1.962805811,-1.867535252,5.025269617,-2.252962004,-1.811807504,-2.116162446,5.035283105,-2.236328142,0.150998307,-0.248627194,0.010013488,0.016633862
31.06,-1.973803199,-1.886447193,5.024641239,-2.261652004,-1.821482142,-2.137599865,5.035394533,-2.244673047,0.152321058,-0.251152672,0.010753294,0.016978957
31.1,-1.988391706,-1.911480713,5.021752131,-2.271886644,-1.834378976,-2.165743651,5.035588113,-2.255840954,0.15401273,-0.254262938,0.013835981,0.01604569
31.13,-1.999297113,-1.930131159,5.015340492,-2.280155886,-1.844051243,-2.186505696,5.03574085,-2.264289011,0.155245869,-0.256374537,0.020400358,0.015866875
31.16,-2.010178,-1.948667325,5.014437745,-2.288603386,-1.853709764,-2.206978011,5.035912925,-2.27270861,0.156468237,-0.258310686,0.02147518,0.015894776
31.2,-2.024626208,-1.973174961,4.997666404,-2.299426694,-1.866532002,-2.233678325,5.036193812,-2.283846774,0.158094206,-0.260503364,0.038527407,0.01557992
31.23,-2.035432514,-1.991402632,4.981171546,-2.308865887,-1.876060933,-2.253225675,5.036438304,-2.292159197,0.159371582,-0.261823043,0.055266759,0.01670669
31.26,-2.046228298,-2.009504804,4.979335004,-2.317208387,-1.885477726,-2.272412889,5.036713886,-2.300435883,0.160750572,-0.262908085,0.057378882,0.016772504
31.3,-2.060608145,-2.033452548,4.977504687,-2.327062353,-1.897722371,-2.297318495,5.037151709,-2.311373897,0.162885774,-0.263865948,0.059647022,0.015688456
31.33,-2.071363617,-2.051273735,4.982597328,-2.334874749,-1.906594098,-2.315483306,5.03754754,-2.319526457,0.164769519,-0.264209571,0.054950211,0.015348292
31.36,-2.082095329,-2.06899731,4.981116004,-2.342974749,-1.915200901,-2.333270839,5.037994328,-2.327667023,0.166894428,-0.264273529,0.056878323,0.015307727
31.4,-2.09636929,-2.092488413,4.98198888,-2.353830695,-1.926131166,-2.356272598,5.038639537,-2.338518489,0.170238124,-0.263784185,0.056650657,0.015312207
31.43,-2.107067574,-2.109995869,4.996774485,-2.361909789,-1.933872216,-2.372949565,5.039143294,-2.346665084,0.173195358,-0.262953696,0.042368809,0.015244706
31.46,-2.117750653,-2.127417489,4.995894025,-2.370302289,-1.941259709,-2.389182257,5.039652929,-2.354824233,0.176490944,-0.261764768,0.043758904,0.015478056
31.5,-2.045517621,-2.318068651,5.003360772,-2.381174334,-1.950442845,-2.409968104,5.04034351,-2.365742896,0.095074776,-0.091899454,0.036982738,0.015431438
31.53,-2.053905803,-2.339183084,5.014641647,-2.388883557,-1.956818026,-2.424874393,5.040849937,-2.373974314,0.097087776,-0.085691309,0.02620829,0.014909243
31.56,-2.06226622,-2.360213135,5.014350414,-2.397196057,-1.962808612,-2.43925187,5.041338667,-2.382239147,0.099457608,-0.079038734,0.026988253,0.01495691
31.6,-2.073374305,-2.388122604,5.019556711,-2.408818064,-1.970073968,-2.457390684,5.041948824,-2.393280793,0.103300337,-0.06926808,0.022392113,0.015537271
31.63,-2.081661361,-2.408969582,5.014237623,-2.416719093,-1.974990099,-2.470173202,5.042359836,-2.401589594,0.106671262,-0.06120362,0.028122213,0.015129499
31.66,-2.089912247,-2.429744301,5.013858185,-2.425114093,-1.979533285,-2.482323685,5.042739092,-2.409953357,0.110378962,-0.052579384,0.028880906,0.015160736
31.7,-2.100889987,-2.457338645,5.010970694,-2.436350751,-1.984920006,-2.497285791,5.043200431,-2.421195097,0.115969981,-0.039947146,0.032229737,0.015155654
31.73,-2.109113974,-2.477949719,5.018405944,-2.445235033,-1.98844695,-2.507518062,5.043507127,-2.429602742,0.120667023,-0.029568343,0.025101183,0.015632292
31.76,-2.117328536,-2.498493816,5.018139184,-2.454022533,-1.991590329,-2.517010625,5.043777731,-2.437962416,0.125738207,-0.018516809,0.025638547,0.016060117
31.8,-2.128271567,-2.525766774,5.017355271,-2.465688245,-1.995060369,-2.528305946,5.044076273,-2.44913519,0.133211198,-0.002539172,0.026721002,0.016553055
31.83,-2.136472141,-2.546126453,5.007720513,-2.473752044,-1.997095692,-2.535756705,5.044238422,-2.457580007,0.139376449,0.010369747,0.036517908,0.016172036
31.86,-2.144663901,-2.566421083,5.007063441,-2.482372044,-1.998692581,-2.542459362,5.044349394,-2.466014696,0.14597132,0.023961721,0.037285953,0.016357347
31.9,-2.155590601,-2.593397909,5.013062991,-2.493199841,-1.999978441,-2.550016416,5.044392325,-2.477175912,0.155612161,0.043381493,0.031329335,0.016023929
31.93,-2.163782219,-2.61355819,5.009857562,-2.500612408,-2.00029371,-2.554652367,5.044353187,-2.485553346,0.163488509,0.058905823,0.034495626,0.015059062
31.96,-2.171973675,-2.633663997,5.009212011,-2.509464908,-2.00012908,-2.558541606,5.04425948,-2.493985756,0.171844595,0.075122391,0.03504747,0.015479152
32.0,-2.148098516,-2.494998676,5.011456205,-2.519359759,-1.998999617,-2.562354785,5.044007298,-2.505264663,0.149098898,-0.067356109,0.032551093,0.014095096
32.03,-2.155624729,-2.510065459,5.019040042,-2.527835389,-1.997440138,-2.564180752,5.043712468,-2.513665826,0.158184591,-0.054115293,0.024672426,0.014169563
32.06,-2.163150717,-2.525088336,5.018572382,-2.536325389,-1.995352497,-2.565260124,5.043337905,-2.522048596,0.167798221,-0.040171788,0.024765522,0.014276793
32.1,-2.173217528,-2.545060773,5.021550905,-2.547450264,-1.991587015,-2.56535627,5.042693902,-2.533298923,0.181630513,-0.020295496,0.021142997,0.014151341
32.13,-2.180819928,-2.560003048,5.023322925,-2.556987782,-1.987993776,-2.564448195,5.042088597,-2.541774125,0.192826152,-0.004445146,0.018765672,0.015213657
32.16,-2.188455507,-2.574905249,5.022829945,-2.565617782,-1.983808696,-2.562845699,5.04139553,-2.550215303,0.204646811,0.01205955,0.018565585,0.01540248
32.2,-2.198665149,-2.594697076,5.03229837,-2.576725179,-1.977102061,-2.559482442,5.040311792,-2.561397938,0.221563088,0.035214634,0.008013422,0.015327242
32.23,-2.206358136,-2.609500485,5.043831958,-2.585080478,-1.971219555,-2.556078737,5.039380073,-2.569816839,0.235138581,0.053421748,-0.004451885,0.015263638
32.26,-2.214071193,-2.624265177,5.043782121,-2.593455478,-1.964716886,-2.552046139,5.038355923,-2.578275879,0.249354307,0.072219038,-0.005426198,0.015179598
32.3,-2.224387374,-2.643913088,5.035432051,-2.605504223,-1.954896962,-2.545509246,5.036813234,-2.589546534,0.269490412,0.098403842,0.001381183,0.015957689
32.33,-2.23214331,-2.658627717,5.034588092,-2.613936709,-1.946666581,-2.539731351,5.03550063,-2.597942288,0.285476729,0.118896366,0.000912538,0.015994421
32.36,-2.239905913,-2.673331486,5.033940223,-2.622429209,-1.937815763,-2.533321955,5.034077008,-2.606329917,0.30209015,0.14000953,0.000136785,0.016099292
32.4,-2.250309817,-2.692924507,5.034125244,-2.633455942,-1.924891853,-2.523633409,5.032014047,-2.617592458,0.325417964,0.169291098,-0.002111197,0.015863484
32.43,-2.258187237,-2.707621709,5.024107867,-2.641335167,-1.914349955,-2.515518434,5.030355396,-2.626056512,0.343837282,0.192103275,0.006247529,0.015278655
32.46,-2.26611516,-2.722326693,5.022969762,-2.649870167,-1.903181563,-2.506792567,5.028614834,-2.634474553,0.362933597,0.215534127,0.005645072,0.015395613
32.5,-2.27450748,-2.584324181,5.03142414,-2.661170047,-1.887148377,-2.494067565,5.02612992,-2.645644659,0.387359103,0.090256616,-0.00529422,0.015525388
32.53,-2.282656382,-2.594991124,5.026263187,-2.67054453,-1.874281481,-2.483736829,5.024159208,-2.654069837,0.408374901,0.111254296,-0.002103979,0.016474693
32.56,-2.290858059,-2.605663092,5.025028934,-2.67902203,-1.860803295,-2.472849691,5.022110612,-2.662523319,0.430054764,0.132813401,-0.002918322,0.016498711
32.6,-2.301871011,-2.619898666,5.022268239,-2.690723598,-1.841693221,-2.45733902,5.019223338,-2.673753032,0.46017779,0.162559646,-0.003044901,0.016970567
32.63,-2.310186138,-2.630564805,5.020666608,-2.69912155,-1.826494723,-2.445000829,5.016934238,-2.682127634,0.483691414,0.185563976,-0.00373237,0.016993916
32.66,-2.318551397,-2.641217411,5.019122887,-2.70767905,-1.810666339,-2.432188972,5.014569091,-2.690510621,0.507885058,0.209028439,-0.004553796,0.017168429
32.7,-2.329796734,-2.655417288,5.022116068,-2.720029925,-1.78840351,-2.414311415,5.011295973,-2.701741507,0.541393224,0.241105873,-0.010820095,0.018288419
32.73,-2.33829722,-2.666077552,5.020233791,-2.728469205,-1.770826462,-2.400350556,5.008759187,-2.710164533,0.567470758,0.265726996,-0.011474603,0.018304671
32.76,-2.346858819,-2.676762758,5.01862231,-2.737331705,-1.752608467,-2.386006202,5.006161151,-2.718571836,0.594250352,0.290756556,-0.01246116,0.018759869
32.8,-2.358374367,-2.691051852,5.012245037,-2.747638288,-1.727170013,-2.366207346,5.00258353,-2.729776699,0.631204355,0.324844505,-0.009661507,0.017861589
32.83,-2.367085087,-2.701791302,5.015960248,-2.75619112,-1.707259345,-2.35087444,4.99982287,-2.738196144,0.659825741,0.350916862,-0.016137377,0.017994976
32.86,-2.375864394,-2.712559217,5.0141555,-2.76475112,-1.686752482,-2.335197761,4.997012412,-2.746618088,0.689111912,0.377361456,-0.017143087,0.018133031
32.9,-2.387673803,-2.726971084,5.007681579,-2.776032489,-1.658322976,-2.31367831,4.993192279,-2.757812148,0.729350827,0.413292774,-0.0144893,0.018220341
32.93,-2.396606438,-2.737803826,5.013076497,-2.78455928,-1.636207376,-2.297097058,4.990272584,-2.766187867,0.760399062,0.440706768,-0.022803913,0.018371414
32.96,-2.405607612,-2.748666746,5.011245877,-2.79317178,-1.61353538,-2.280212332,4.987321399,-2.774572973,0.792072232,0.468454415,-0.023924478,0.018598807
33.0,-1.972609875,-2.545071541,5.008754622,-2.804873615,-1.582308733,-2.257171483,4.983337912,-2.785773982,0.390301142,0.287900058,-0.02541671,0.019099634
33.03,-1.970242199,-2.55075144,5.014187792,-2.813125743,-1.55814711,-2.239514799,4.980320437,-2.794158803,0.412095089,0.311236641,-0.033867355,0.01896694
33.06,-1.967959624,-2.556449166,5.012463644,-2.822053243,-1.533456608,-2.221599905,4.977277854,-2.80252066,0.434503016,0.334849261,-0.035185789,0.019532583
33.1,-1.965041822,-2.564111311,5.003306671,-2.83301662,-1.499608333,-2.197271114,4.973190724,-2.813662788,0.465433489,0.366840198,-0.030115947,0.019353832
33.13,-1.962948738,-2.56992423,4.993785701,-2.840407528,-1.473565346,-2.178707589,4.97010315,-2.822029385,0.489383392,0.391216641,-0.023682551,0.018378143
33.16,-1.960936299,-2.575795013,4.99151537,-2.848977528,-1.447060615,-2.159912101,4.967005778,-2.830386154,0.513875685,0.415882913,-0.024509593,0.018591374
33.2,-1.958392913,-2.583690186,4.98635369,-2.859361788,-1.410900521,-2.134418183,4.962879484,-2.841481106,0.547492392,0.449272002,-0.023474206,0.017880682
33.23,-1.956601753,-2.58966059,4.984464287,-2.867682315,-1.383200926,-2.114976946,4.959805017,-2.849785146,0.573400827,0.474683644,-0.02465927,0.017897169
33.26,-1.954911253,-2.595681037,4.982097145,-2.876334815,-1.35510488,-2.095312245,4.956753414,-2.858104179,0.599806373,0.500368792,-0.025343731,0.018230636
33.3,-1.952822344,-2.603762908,4.986390968,-2.88683672,-1.31694378,-2.068706533,4.952719935,-2.869219754,0.635878564,0.535056374,-0.033671032,0.017616966
33.33,-1.951380938,-2.609861161,4.986834582,-2.895394226,-1.287811808,-2.048485183,4.949725844,-2.877540996,0.66356913,0.561375977,-0.037108738,0.01785323
33.36,-1.950035095,-2.616015052,4.984805962,-2.903791726,-1.258324199,-2.028087557,4.946751867,-2.885851521,0.691710896,0.587927496,-0.038054095,0.017940205
33.4,-1.948394677,-2.624319276,4.997982852,-2.914199165,-1.218399247,-2.000604032,4.94282518,-2.896952642,0.729995431,0.623715245,-0.055157671,0.017246522
33.43,-1.947279332,-2.630616547,4.978088398,-2.922514639,-1.188027907,-1.979803848,4.939910068,-2.905297168,0.759251426,0.650812699,-0.03817833,0.017217471
33.46,-1.946285165,-2.636957091,4.975983708,-2.931322139,-1.157354619,-1.958881575,4.937021464,-2.913637876,0.788930547,0.678075517,-0.038962244,0.017684263
33.5,-1.570180924,-2.172322178,4.962983074,-2.942399968,-1.115928207,-1.930788609,4.933205392,-2.924741048,0.454252717,0.24153357,-0.029777682,0.01765892
33.53,-1.560735357,-2.167148074,4.946336086,-2.94985808,-1.084496981,-1.909596628,4.93039565,-2.933073982,0.476238376,0.257551446,-0.015940436,0.016784098
33.56,-1.551404002,-2.162023273,4.94352752,-2.95836558,-1.052824328,-1.88833091,4.927642211,-2.941417822,0.498579674,0.273692363,-0.015885309,0.016947758
33.6,-1.539126072,-2.155268737,4.949440228,-2.971018665,-1.010169062,-1.859868027,4.924104091,-2.952546978,0.52895701,0.29540071,-0.025336136,0.018471687
33.63,-1.53004971,-2.150249273,4.938110398,-2.978775571,-0.97786847,-1.838471304,4.921571882,-2.960890762,0.552181241,0.311777969,-0.016538516,0.017884809
33.66,-1.521079812,-2.145274018,4.935511622,-2.987730571,-0.945358335,-1.817066627,4.919129646,-2.969236111,0.575721477,0.328207391,-0.016381976,0.01849446
33.7,-1.509301893,-2.138721073,4.925645382,-2.999381727,-0.901667906,-1.788567152,4.916006771,-2.980377828,0.607633987,0.350153921,-0.009638611,0.0190039
33.73,-1.50060273,-2.133865291,4.921911592,-3.007854645,-0.868667911,-1.767256912,4.913763349,-2.988739177,0.63193482,0.366608379,-0.008148242,0.019115468
33.76,-1.492013686,-2.129047404,4.919242456,-3.016487145,-0.835509426,-1.74600558,4.911602722,-2.997102784,0.656504259,0.383041824,-0.007639735,0.019384361
33.8,-1.480748485,-2.122716086,4.907705033,-3.027413499,-0.791037557,-1.717789458,4.908880317,-3.008262628,0.689710928,0.404926627,0.001175283,0.019150871
33.83,-1.472433282,-2.118049452,4.908830589,-3.035170105,-0.757526273,-1.696721882,4.906967233,-3.016628241,0.714907008,0.421327569,-0.001863355,0.018541864
33.86,-1.464217636,-2.113436564,4.906285878,-3.043740105,-0.723922198,-1.675724585,4.905148793,-3.024987288,0.740295438,0.437711979,-0.001137085,0.018752817
33.9,-1.453463488,-2.107400567,4.908796003,-3.055200244,-0.678969143,-1.647858094,4.902904065,-3.036128039,0.774494345,0.459542473,-0.005891938,0.019072206
33.93,-1.445535557,-2.102936316,4.907725359,-3.063023559,-0.645164713,-1.627057687,4.901349442,-3.044484743,0.800370844,0.475878629,-0.006375917,0.018538816
33.96,-1.437723864,-2.098514692,4.905688549,-3.071678559,-0.611316721,-1.606332415,4.899884539,-3.052839753,0.826407142,0.492182277,-0.005804011,0.018838806
34.0,-1.201643429,-1.913930582,4.884243672,-3.082878496,-0.566147701,-1.578842367,4.898080052,-3.06397457,0.635495728,0.335088216,0.01383638,0.018903926
34.03,-1.189645785,-1.906500134,4.881730851,-3.092548285,-0.53226423,-1.558336165,4.896834545,-3.072324838,0.657381556,0.348163969,0.015103694,0.020223447
34.06,-1.177765625,-1.899127977,4.879309944,-3.100835785,-0.49838557,-1.53791273,4.895676391,-3.080677762,0.679380056,0.361215247,0.016366447,0.020158023
34.1,-1.162109894,-1.889397747,4.884599253,-3.112416534,-0.453254193,-1.510836555,4.894329536,-3.091819234,0.708855701,0.378561192,0.009730283,0.0205973
34.13,-1.150516879,-1.882179299,4.881957861,-3.120780138,-0.419470804,-1.490646663,4.893481347,-3.100172851,0.731046076,0.391532637,0.011523486,0.020607287
34.16,-1.139040802,-1.875030985,4.880091583,-3.129080138,-0.385751005,-1.470540885,4.892742063,-3.108524552,0.753289797,0.4044901,0.01265048,0.020555586
34.2,-1.123914169,-1.865605133,4.889800105,-3.139713936,-0.340922744,-1.443882833,4.891919831,-3.119661829,0.782991425,0.4217223,0.002119726,0.020052107
34.23,-1.112715522,-1.858594922,4.900880699,3.13610955,-0.307419964,-1.423996089,4.891410009,-3.128016477,0.805295558,0.434598833,-0.00947069,0.01905928
34.26,-1.101626318,-1.851627291,4.8999459,3.12768955,-0.274024706,-1.40418261,4.890977233,-3.136370272,0.827601613,0.447444681,-0.008968667,0.019125485
34.3,-1.087011337,-1.842435536,4.905777212,3.117579795,-0.229729269,-1.377889623,4.890519735,3.135679225,0.857282068,0.464545913,-0.015257476,0.018099429
34.33,-1.076168632,-1.835600942,4.897069477,3.109149664,-0.196694695,-1.358256462,4.890251133,3.127327429,0.879473937,0.477344481,-0.006818344,0.018177765
34.36,-1.065442436,-1.828820501,4.896211244,3.100457164,-0.163802415,-1.338682998,4.890030364,3.118975673,0.901640021,0.490137503,-0.00618088,0.018518509
34.4,-1.051297776,-1.819857409,4.89309069,3.087860542,-0.120236009,-1.312690656,4.889833666,3.107839422,0.931061767,0.507166754,-0.003257025,0.01997888
34.43,-1.040820175,-1.813220614,4.887089819,3.079924365,-0.087808211,-1.293272987,4.889772697,3.099484612,0.953011964,0.519947628,0.002682878,0.019560247
34.46,-1.030461999,-1.806658488,4.886139014,3.071231865,-0.055569928,-1.273909782,4.889778167,3.091127073,0.974892071,0.532748706,0.003639153,0.019895207
34.5,-0.53260036,-1.525992297,4.889166462,3.060365705,-0.012939015,-1.248190312,4.88991284,3.07998085,0.519661345,0.277801985,0.000746378,0.019615144
34.53,-0.51107823,-1.513694254,4.884476743,3.052591496,0.018752653,-1.228971769,4.890107725,3.071619556,0.529830883,0.284722485,0.005630981,0.019028059
34.56,-0.489647783,-1.501454646,4.883690155,3.043951496,0.050221818,-1.209802524,4.89037802,3.063257777,0.539869601,0.291652121,0.006687865,0.019306281
34.6,-0.461238021,-1.485223958,4.87425173,3.033189282,0.091749851,-1.18432591,4.890879151,3.052106221,0.552987873,0.300898049,0.016627421,0.018916939
34.63,-0.440058044,-1.473123684,4.868632192,3.024448794,0.122561758,-1.165264024,4.891360405,3.043746378,0.562619802,0.30785966,0.022728213,0.019297585
34.66,-0.418977843,-1.461083025,4.867634386,3.016238794,0.153120829,-1.146218668,4.891915722,3.035386427,0.572098672,0.314864357,0.024281337,0.019147633
34.7,-0.391019623,-1.445103894,4.856895992,3.005196607,0.19337747,-1.120821097,4.892786673,3.02423646,0.584397093,0.324282798,0.035890681,0.019039853
34.73,-0.37016458,-1.433194028,4.863718845,2.996610066,0.223191318,-1.101748792,4.893532253,3.015869079,0.593355898,0.331445236,0.029813408,0.019259013
34.76,-0.34941533,-1.4213449,4.862863835,2.987905066,0.252728952,-1.082652298,4.894346928,3.007503194,0.602144281,0.338692602,0.031483093,0.019598129
34.8,-0.321889242,-1.405662583,4.853672413,2.975909514,0.291597513,-1.057142274,4.895550655,2.996360378,0.613486755,0.348520309,0.041878242,0.020450864
34.83,-0.301357471,-1.393975632,4.854810807,2.967184652,0.320343659,-1.037972675,4.896532517,2.98799877,0.62170113,0.356002957,0.041721709,0.020814118
34.86,-0.280922275,-1.382359385,4.853892912,2.958574652,0.34878453,-1.018776151,4.897565964,2.979627206,0.629706805,0.363583234,0.043673052,0.021052555
34.9,-0.253812358,-1.366955484,4.856161803,2.946865464,0.386142835,-0.99313273,4.899047519,2.96845931,0.639955193,0.373822754,0.042885716,0.021593846
34.93,-0.23357683,-1.355470113,4.851331956,2.939367321,0.413738131,-0.973863915,4.900232446,2.96008735,0.647314961,0.381606198,0.04890049,0.020720029
34.96,-0.213418075,-1.344039794,4.850483158,2.930649821,0.441017651,-0.954566432,4.901465674,2.9517152,0.654435726,0.389473362,0.050982516,0.021065379
35.0,-0.075375724,-1.158275619,4.871278776,2.91928932,0.476793474,-0.928777499,4.903186066,2.940541298,0.552169198,0.22949812,0.03190729,0.021251978
35.03,-0.054299338,-1.143795162,4.875108652,2.910815692,0.503174032,-0.909387358,4.904530723,2.932155925,0.55747337,0.234407805,0.029422072,0.021340234
35.06,-0.033299497,-1.129369751,4.875089527,2.902145692,0.529229226,-0.88996004,4.905913481,2.923773144,0.562528722,0.239409711,0.030823954,0.021627452
35.1,-0.005420467,-1.110248693,4.872915501,2.889925129,0.563369605,-0.863983851,4.907801844,2.91260003,0.568790072,0.246264842,0.034886343,0.022674902
35.13,0.015389646,-1.095976097,4.877665011,2.881618415,0.588514649,-0.844442289,4.909241174,2.904214977,0.573125003,0.251533807,0.031576163,0.022596562
35.16,0.036132455,-1.081758389,4.877695038,2.872835915,0.613322284,-0.824856274,4.910695175,2.895822402,0.577189829,0.256902115,0.033000137,0.022986486
35.2,0.063682303,-1.06289109,4.888411398,2.862641497,0.645785405,-0.798659003,4.912680919,2.884633338,0.582103102,0.264232087,0.024269521,0.021991841
35.23,0.08427049,-1.048800792,4.876161413,2.855299818,0.669670257,-0.778941637,4.914199676,2.876244922,0.585399767,0.269859155,0.038038263,0.020945103
35.26,0.10479303,-1.034754006,4.876106288,2.846494818,0.693211619,-0.759164146,4.915735893,2.867853184,0.588418589,0.27558986,0.039629604,0.021358366
35.3,0.132033537,-1.016098952,4.870368343,2.835623051,0.723967002,-0.732665175,4.917795206,2.856655314,0.591933466,0.283433777,0.047426863,0.021032263
35.33,0.15235733,-1.0021771,4.872404475,2.827762942,0.746567671,-0.712680949,4.919356374,2.848260703,0.594210341,0.289496152,0.0469519,0.020497761
35.36,0.172591856,-0.988332303,4.87221482,2.819200442,0.76883425,-0.692608896,4.920932683,2.839875026,0.596242394,0.295723407,0.048717863,0.020674583
35.4,0.199444389,-0.969975042,4.872156468,2.80796745,0.797903948,-0.665668854,4.923070675,2.828696268,0.598459558,0.304306188,0.050914207,0.020728818
35.43,0.219506938,-0.956296528,4.869785856,2.798600086,0.81923727,-0.645319216,4.924696492,2.820299987,0.599730332,0.310977312,0.054910637,0.021699902
35.46,0.239509243,-0.942684638,4.869495292,2.789695086,0.840234372,-0.62486056,4.926335874,2.81189995,0.600725129,0.317824079,0.056840582,0.022204864
35.5,0.582246023,-0.815728132,4.88695229,2.778454759,0.867627451,-0.597378544,4.928544245,2.800713438,0.285381428,0.218349588,0.041591955,0.022258679
35.53,0.609097229,-0.800521187,4.886559173,2.771251154,0.887720382,-0.57660791,4.930214549,2.792328551,0.278623153,0.223913277,0.043655376,0.021077397
35.56,0.635885318,-0.785390112,4.886713909,2.762591154,0.907480887,-0.555716419,4.931896214,2.78393586,0.27159557,0.229673693,0.045182305,0.021344706
35.6,0.671538567,-0.765332042,4.904763684,2.752315784,0.933221326,-0.527632918,4.934153052,2.772743128,0.261682759,0.237699123,0.029389368,0.020427344
35.63,0.698234035,-0.750366375,4.902678552,2.743938378,0.95207509,-0.506391719,4.935850987,2.76435821,0.253841055,0.243974656,0.033172434,0.020419832
35.66,0.724885813,-0.735479127,4.903258897,2.735458378,0.970598017,-0.485012821,4.937546605,2.755974311,0.245712205,0.250466306,0.034287708,0.020515933
35.7,0.760341333,-0.715741182,4.900677137,2.724162104,0.994683427,-0.45624007,4.939776688,2.744777846,0.234342094,0.259501112,0.03909955,0.020615741
35.73,0.786882135,-0.701025757,4.911444653,2.716304245,1.012294675,-0.434452232,4.941418802,2.736373324,0.22541254,0.266573524,0.029974149,0.020069079
35.76,0.813378322,-0.686393888,4.912116424,2.707766745,1.029584112,-0.41251076,4.943043368,2.72797769,0.21620579,0.273883128,0.030926944,0.020210945
35.8,0.848642444,-0.667019248,4.91051619,2.695717741,1.052048563,-0.382967243,4.945188837,2.716798852,0.203406119,0.284052005,0.034672646,0.021081111
35.83,0.875039913,-0.652574073,4.914194546,2.687461353,1.068449691,-0.360586168,4.946778047,2.708404293,0.193409779,0.291987906,0.032583502,0.02094294
35.86,0.901383424,-0.63820661,4.914740976,2.678773853,1.08452597,-0.33804066,4.948346129,2.699998898,0.183142547,0.300165949,0.033605153,0.021225045
35.9,0.936425612,-0.619176771,4.911554812,2.666753583,1.105377613,-0.30768111,4.950412916,2.688797226,0.168952001,0.311495661,0.038858104,0.022043643
35.93,0.962647319,-0.604985283,4.910411943,2.658918577,1.120585087,-0.284688429,4.951941057,2.680408772,0.157937768,0.320296854,0.041529114,0.021490195
35.96,0.988832417,-0.590879068,4.910635073,2.650088577,1.135475887,-0.261531146,4.953454701,2.672017895,0.14664347,0.329347922,0.042819628,0.021929317
36.0,0.982310291,-0.406527037,4.925514096,2.640413968,1.154746321,-0.230350049,4.955448879,2.660812721,0.17243603,0.176176988,0.029934783,0.020398753
36.03,1.005995575,-0.389053709,4.920647693,2.631599549,1.168768524,-0.206739065,4.956931581,2.652409994,0.162772948,0.182314644,0.036283888,0.020810445
36.06,1.029657621,-0.371651309,4.920996032,2.623079549,1.18248254,-0.182967537,4.95840352,2.644017048,0.152824919,0.188683772,0.037407488,0.020937499
36.1,1.061193711,-0.348573507,4.91421642,2.611099505,1.200200605,-0.150978343,4.960337921,2.632826228,0.139006894,0.197595164,0.046121501,0.021726723
36.13,1.084822673,-0.331359458,4.923036944,2.603116064,1.213064779,-0.126765785,4.961766325,2.62442185,0.128242106,0.204593673,0.038729382,0.021305787
36.16,1.108428273,-0.31422664,4.923327482,2.594468564,1.225628784,-0.102394901,4.963186497,2.616021099,0.117200511,0.211831739,0.039859015,0.021552536
36.2,1.139873272,-0.291512196,4.920856958,2.582928876,1.24184492,-0.069613332,4.965082062,2.604843033,0.101971648,0.221898864,0.044225104,0.021914157
36.23,1.163440364,-0.274581773,4.925024847,2.574572645,1.253599091,-0.044809503,4.966501129,2.596461257,0.090158728,0.22977227,0.041476282,0.021888613
36.26,1.186989013,-0.257742425,4.925264367,2.566065145,1.265047837,-0.019846979,4.967914859,2.588067034,0.078058825,0.237895446,0.042650491,0.022001889
36.3,1.218373619,-0.235433931,4.947402832,2.555737012,1.279753735,0.013712765,4.9697939,2.576863461,0.061380116,0.249146696,0.022391068,0.021126449
36.33,1.241909895,-0.218797367,4.943297983,2.548620902,1.290370942,0.039071312,4.971201215,2.568468579,0.048461046,0.257868679,0.027903231,0.019847677
36.36,1.265443916,-0.202249683,4.94394759,2.540185902,1.30068499,0.064560159,4.972597533,2.560075702,0.035241074,0.266809842,0.028649943,0.0198898
36.4,1.296815419,-0.180359601,4.951026858,2.528856173,1.31386169,0.098781659,4.974418804,2.548879143,0.017046271,0.279141261,0.023391946,0.02002297
36.43,1.32033105,-0.164063333,4.954198198,2.520528789,1.3233065,0.124617162,4.975746693,2.540480176,0.002975451,0.288680494,0.021548495,0.019951387
36.46,1.343833005,-0.147866346,4.954936507,2.511843789,1.332438136,0.150565374,4.977054463,2.532083113,-0.011394869,0.298431721,0.022117956,0.020239325
36.5,1.249469867,0.024094882,4.956283958,2.500854301,1.344042644,0.185355725,4.978757427,2.520884214,0.094572777,0.161260843,0.022473469,0.020029913
36.53,1.269063112,0.043247151,4.959415134,2.492875018,1.35230469,0.211591922,4.980006543,2.512484451,0.083241578,0.168344771,0.020591409,0.019609433
36.56,1.288657356,0.062303716,4.960053274,2.484145018,1.360238498,0.237931083,4.981233432,2.504088224,0.071581143,0.175627366,0.021180158,0.019943206
36.6,1.314783496,0.087560639,4.956323717,2.473403137,1.370224214,0.273224168,4.982839662,2.492897299,0.055440718,0.185663529,0.026515945,0.019494162
36.63,1.334389917,0.106384899,4.94986432,2.463937463,1.377285452,0.299815797,4.984023689,2.484496872,0.042895535,0.193430897,0.034159369,0.02055941
36.66,1.353999621,0.1250947,4.950028372,2.455349963,1.384040021,0.326501371,4.985191376,2.476088465,0.0300404,0.20140667,0.035163005,0.020738502
36.7,1.380133596,0.149850571,4.957061453,2.444003583,1.3924854,0.362274079,4.986725588,2.464881818,0.012351804,0.212423508,0.029664135,0.020878236
36.73,1.399745802,0.168298841,4.949385664,2.434665318,1.398411015,0.389249151,4.987861261,2.456481837,-0.001334786,0.22095031,0.038475596,0.021816519
36.76,1.419376344,0.186653354,4.949404416,2.426175318,1.404051063,0.416320734,4.988992071,2.448080876,-0.015325281,0.22966738,0.039587655,0.021905557
36.8,1.445561839,0.210952233,4.953201671,2.415449733,1.411050021,0.452575507,4.990476629,2.436873997,-0.034511818,0.241623274,0.037274958,0.021424264
36.83,1.465215409,0.229056646,4.959765065,2.407767586,1.415890782,0.479872817,4.991583739,2.428480313,-0.049324627,0.250816171,0.031818675,0.020712726
36.86,1.484883583,0.247071552,4.959997681,2.399035086,1.420424277,0.507231323,4.992686865,2.420106785,-0.064459306,0.260159771,0.032689184,0.021071699
36.9,1.511151629,0.270944446,4.958611274,2.38784715,1.425900197,0.543772566,4.99415662,2.408947129,-0.085251431,0.27282812,0.035545346,0.021099978
36.93,1.530893253,0.288722589,4.960764241,2.378966957,1.429569385,0.571184224,4.995251296,2.400553286,-0.101323869,0.282461635,0.034487055,0.021586329
36.96,1.55066322,0.306388791,4.960917792,2.370304457,1.432902602,0.598581172,4.996342739,2.392158655,-0.117760617,0.292192381,0.035424947,0.021854199
37.0,1.37662586,0.498002014,4.962598475,2.358927239,1.436698961,0.635049801,4.997793369,2.381031728,0.060073101,0.137047788,0.035194893,0.02210449
37.03,1.391196302,0.51910412,4.955900833,2.350738995,1.439046903,0.662313142,4.998880207,2.372705276,0.047850601,0.143209022,0.042979374,0.021966282
37.06,1.4058033,0.54010689,4.955769931,2.342163995,1.44102593,0.689483171,4.999969482,2.364349666,0.035222631,0.149376281,0.044199552,0.022185672
37.1,1.425351298,0.567942941,4.96491465,2.331616539,1.442967456,0.725501422,5.001428159,2.353230608,0.017616158,0.157558481,0.036513509,0.021614069
37.13,1.440055406,0.588700062,4.968248504,2.323159745,1.443888459,0.752329148,5.002529663,2.344970925,0.003833053,0.163629086,0.03428116,0.02181118
37.16,1.454778728,0.609337725,4.968483245,2.314754745,1.444423417,0.778997429,5.003641744,2.336725053,-0.010355311,0.169659704,0.035158499,0.021970309
37.2,1.474474252,0.636668886,4.97414942,2.303380581,1.444439721,0.814222545,5.005136529,2.325614493,-0.030034531,0.177553659,0.030987109,0.022233912
37.23,1.489289549,0.657044144,4.986687311,2.29485431,1.443921894,0.840374381,5.006262287,2.317254645,-0.045367656,0.183330237,0.019574976,0.022400335
37.26,1.504153748,0.677313744,4.987430246,2.28629931,1.443009618,0.86632498,5.0073893,2.308969869,-0.06114413,0.189011236,0.019959054,0.022670559
37.3,1.52405637,0.704177999,4.998344942,2.27508433,1.441072697,0.900525349,5.008878625,2.298022153,-0.082983673,0.19634735,0.010533682,0.022937823
37.33,1.539023894,0.724192624,5.007628684,2.266415459,1.439090011,0.925838153,5.009976174,2.289725056,-0.099933884,0.201645529,0.00234749,0.023309597
37.36,1.554041344,0.744095416,5.008832221,2.257737959,1.436721779,0.950890468,5.011046524,2.281353335,-0.117319564,0.206795052,0.002214303,0.023615375
37.4,1.574143906,0.770458321,4.999375597,2.247504801,1.432842369,0.983807565,5.012415602,2.270273845,-0.141301537,0.213349244,0.013040005,0.022769044
37.43,1.589276797,0.790121354,5.001112204,2.239656099,1.429389176,1.008114105,5.013379129,2.262081487,-0.159887621,0.217992751,0.012266925,0.022425388
37.46,1.604459057,0.809685065,5.001830962,2.231373599,1.425548512,1.032121758,5.0143002,2.25386041,-0.178910545,0.222436693,0.012469239,0.022486811
37.5,1.502607498,1.012689796,4.996993495,2.219842011,1.419727356,1.063553637,5.015457226,2.242724983,-0.082880142,0.050863842,0.018463731,0.022882972
37.53,1.515191736,1.035942092,4.996452724,2.212133337,1.414829858,1.086686526,5.016281334,2.234394202,-0.100361877,0.050744434,0.01982861,0.022260866
37.56,1.527829782,1.059100757,4.996774745,2.203205837,1.409542857,1.109494614,5.017071891,2.226186346,-0.118286925,0.050393857,0.020297146,0.022980509
37.6,1.544757172,1.08982573,4.988820463,2.192823354,1.401796594,1.139276572,5.018072698,2.215368084,-0.142960578,0.049450842,0.029252236,0.02254473
37.63,1.557521367,1.112762553,4.984439426,2.185466145,1.395486608,1.16110271,5.018794925,2.207123788,-0.16203476,0.048340156,0.034355499,0.021657643
37.66,1.570355658,1.135608053,4.984281276,2.176868645,1.388819068,1.182544035,5.019508441,2.198739042,-0.181536591,0.046935982,0.035227165,0.021870398
37.7,1.587560568,1.165906332,4.990242702,2.166093656,1.379279208,1.210453642,5.020481963,2.187397595,-0.20828136,0.04454731,0.030239261,0.021303939
37.73,1.600501832,1.188521574,4.993880406,2.15826229,1.371680204,1.230959683,5.021225172,2.179025409,-0.228821629,0.042438108,0.027344766,0.020763119
37.76,1.61346998,1.211039365,4.993967479,2.14979979,1.363823512,1.251222034,5.021976651,2.170774574,-0.249646468,0.040182669,0.028009173,0.020974785
37.8,1.6308126,1.24089462,4.994105699,2.138594096,1.353047327,1.277897335,5.022977759,2.159749259,-0.277765272,0.037002715,0.028872059,0.021155163
37.83,1.64386436,1.263169794,4.987817518,2.130555605,1.344877584,1.297740478,5.02371016,2.151435758,-0.298986776,0.034570683,0.035892641,0.020880154
37.86,1.656963633,1.285348724,4.987593789,2.122063105,1.336707235,1.317530846,5.024430613,2.14313627,-0.320256398,0.032182122,0.036836824,0.021073166
37.9,1.674505073,1.31477681,4.977269041,2.111624061,1.325894981,1.343917415,5.025365023,2.132032627,-0.348610092,0.029140605,0.048095982,0.020408566
37.93,1.68774353,1.336748462,4.983270821,2.102527012,1.317910409,1.363741988,5.026050879,2.123667108,-0.369833121,0.026993525,0.042780059,0.021140096
37.96,1.701051038,1.358615485,4.982829714,2.093887012,1.310046336,1.383599041,5.026730154,2.115328577,-0.391004702,0.024983556,0.043900439,0.021441566
38.0,1.509553994,1.454605276,4.991297878,2.082048353,1.299796657,1.410167747,5.027629733,2.104250118,-0.209757338,-0.04443753,0.036331855,0.022201765
38.03,1.51806839,1.477208277,4.986700257,2.073635982,1.292280752,1.430197241,5.028298421,2.095880922,-0.225787638,-0.047011036,0.041598164,0.02224494
38.06,1.52664537,1.499703619,4.986287473,2.065028482,1.284889506,1.450304884,5.028950261,2.087465556,-0.241755865,-0.049398735,0.042662788,0.022437074
38.1,1.538169033,1.529568279,4.993585881,2.05429094,1.27527671,1.477240138,5.029785133,2.076296886,-0.262892323,-0.05232814,0.036199252,0.022005945
38.13,1.546862217,1.551840433,4.988743212,2.04588742,1.268262346,1.497547961,5.030378927,2.067978586,-0.27859987,-0.054292471,0.041635714,0.022091166
38.16,1.555624401,1.574007259,4.988258429,2.03731492,1.261399231,1.517962219,5.030958187,2.059627373,-0.29422517,-0.056045039,0.042699758,0.022312452
38.2,1.567382296,1.603407504,4.996125478,2.027430877,1.252554878,1.545411286,5.031685803,2.048371466,-0.314827417,-0.057996218,0.035560325,0.02094059
38.23,1.576251959,1.625326581,5.016351207,2.019628177,1.246176652,1.566162952,5.032202229,2.039947712,-0.330075306,-0.059163629,0.015851022,0.020319534
38.26,1.5851927,1.647141091,5.016582984,2.011103177,1.239984275,1.587025945,5.032692861,2.031595673,-0.345208425,-0.060115145,0.016109877,0.020492496
38.3,1.59723607,1.676066144,5.013024857,1.999833458,1.232028842,1.615059969,5.033301243,2.020463873,-0.365207228,-0.061006175,0.020276386,0.020630415
38.33,1.606351412,1.697644072,5.012109145,1.991982462,1.226245088,1.636252673,5.033697875,2.012033342,-0.380106324,-0.061391399,0.02158873,0.02005088
38.36,1.615536666,1.719134147,5.011963938,1.983352462,1.220574544,1.657549288,5.034047545,2.003595581,-0.394962121,-0.061584859,0.022083607,0.020243119
38.4,1.627918171,1.747657169,5.017535099,1.972112813,1.213190673,1.68609417,5.034461445,1.992418318,-0.414727498,-0.061563,0.016926346,0.020305505
38.43,1.637277226,1.768944562,5.015213633,1.963874521,1.207746711,1.707610883,5.034744546,1.984047357,-0.429530515,-0.061333678,0.019530913,0.020172836
38.46,1.646697764,1.790135649,5.015023336,1.955304521,1.202343425,1.729214956,5.035011901,1.975649394,-0.444354339,-0.060920693,0.019988565,0.020344873
38.5,1.355418073,1.903177258,5.010727247,1.943540205,1.195180408,1.758164735,5.035318134,1.964433643,-0.160237664,-0.145012524,0.024590887,0.020893438
38.53,1.357791329,1.925863903,5.007337706,1.935220909,1.189820944,1.779952587,5.035520095,1.956040645,-0.167970385,-0.145911316,0.028182389,0.020819736
38.56,1.360213917,1.948434254,5.006716822,1.926495909,1.184454364,1.801787749,5.035704246,1.947666251,-0.175759553,-0.146646505,0.028987423,0.021170342
38.6,1.363529789,1.978343165,5.011654429,1.915190183,1.177255187,1.831014837,5.035941741,1.936521187,-0.186274601,-0.147328327,0.024287312,0.021331003
38.63,1.366071474,2.000656827,5.017197463,1.907077058,1.171834701,1.853042233,5.036105632,1.928169726,-0.194236773,-0.147614593,0.018908168,0.021092669
38.66,1.368649027,2.022868907,5.016818717,1.898457058,1.166433169,1.875148893,5.036263815,1.91982377,-0.202215858,-0.147720014,0.019445098,0.021366712
38.7,1.372145793,2.052287059,5.025258847,1.887179653,1.159337309,1.904779076,5.036452106,1.908719806,-0.212808485,-0.147507983,0.011193259,0.021540153
38.73,1.374806006,2.074223855,5.029192324,1.880029078,1.154128154,1.927148341,5.036563972,1.900383234,-0.220677852,-0.147075515,0.007371649,0.020354156
38.76,1.377523324,2.096043216,5.02903024,1.871434078,1.149004968,1.949640418,5.036644876,1.891999466,-0.228518356,-0.146402798,0.007614636,0.020565388
38.8,1.381219465,2.124961892,5.028434344,1.860775626,1.14232619,1.979838914,5.036686803,1.880776586,-0.238893275,-0.145122978,0.00825246,0.02000096
38.83,1.384054612,2.146532282,5.04759428,1.85304594,1.137417239,2.002617083,5.036670121,1.87239306,-0.246637373,-0.143915199,-0.010924159,0.01934712
38.86,1.386946587,2.167981756,5.047790628,1.84426344,1.132563509,2.025487512,5.036618063,1.864022162,-0.254383079,-0.142494245,-0.011172565,0.019758723
38.9,1.390872748,2.196410065,5.044676742,1.832899935,1.126155228,2.056170197,5.036501956,1.852831911,-0.26471752,-0.140239867,-0.008174786,0.019931975
38.93,1.393874609,2.217601433,5.039352576,1.825121362,1.121374197,2.079316833,5.036356525,1.844428983,-0.272500412,-0.1382846,-0.00299605,0.019307621
38.96,1.396917269,2.238691066,5.039045856,1.816411362,1.116603773,2.10254229,5.03617043,1.836036689,-0.280313496,-0.136148776,-0.002875426,0.019625327
39.0,1.163434566,2.13695081,5.034350463,1.805697862,1.110245142,2.133641767,5.035854338,1.824856251,-0.053189425,-0.003309043,0.001503876,0.019158389
39.03,1.161523821,2.153997934,5.035539646,1.798268015,1.105456129,2.157083259,5.035587631,1.816464413,-0.056067693,0.003085325,4.7985e-05,0.018196398
39.06,1.159678728,2.170924013,5.034943017,1.789805515,1.100641192,2.180614678,5.035302041,1.808065909,-0.059037536,0.009690665,0.000359023,0.018260394
39.1,1.157289171,2.19332711,5.038970972,1.778668043,1.094174934,2.212130653,5.034904575,1.796878817,-0.063114237,0.018803543,-0.004066398,0.018210774
39.13,1.15554778,2.209999509,5.038517144,1.770311184,1.089320336,2.235868568,5.034586714,1.78850248,-0.066227444,0.025869059,-0.00393043,0.018191296
39.16,1.153856422,2.226537467,5.037938456,1.761558684,1.084495776,2.259701991,5.034257717,1.780123393,-0.069360646,0.033164523,-0.003680739,0.018564708
39.2,1.151678979,2.248378012,5.03383929,1.750520483,1.078193029,2.291695664,5.033783966,1.768891581,-0.07348595,0.043317653,-5.5324e-05,0.018371098
39.23,1.150094887,2.264621276,5.030754879,1.742813907,1.073619746,2.315848301,5.033396798,1.76044129,-0.076475141,0.051227024,0.00264192,0.017627383
39.26,1.148560874,2.280734972,5.029826522,1.734211407,1.069179608,2.340102575,5.032987628,1.752031259,-0.079381266,0.059367603,0.003161106,0.017819852
39.3,1.146584464,2.302043413,5.022892031,1.723265111,1.063508516,2.372638804,5.032409312,1.740868708,-0.083075949,0.070595391,0.009517281,0.017603597
39.33,1.145142258,2.317885317,5.02279715,1.714768707,1.059430333,2.397210143,5.031960841,1.732446792,-0.085711925,0.079324826,0.009163691,0.017678085
39.36,1.143757655,2.333599452,5.021544867,1.706218707,1.055471089,2.421899473,5.031498455,1.723998936,-0.088286566,0.088300021,0.009953588,0.017780229
39.4,1.141996444,2.354352891,5.003279544,1.694305805,1.050398327,2.454997863,5.030877612,1.712785919,-0.091598117,0.100644972,0.027598068,0.018480114
39.43,1.140744527,2.369761434,4.995958977,1.686077164,1.046734946,2.479948492,5.030406258,1.7044144,-0.094009581,0.110187058,0.034447281,0.018337237
39.46,1.139563827,2.385028557,4.993903957,1.677329664,1.043164161,2.50500574,5.02994361,1.696024529,-0.096399665,0.119977183,0.036039653,0.018694865
39.5,0.999715462,2.526217872,4.99671021,1.665163209,1.038559122,2.538616427,5.029349588,1.684789554,0.038843661,0.012398555,0.032639379,0.019626345
39.53,0.996169601,2.544560457,4.997831782,1.658197702,1.035215001,2.56394796,5.028942948,1.676380319,0.0390454,0.019387503,0.031111166,0.018182617
39.56,0.992680804,2.562789173,4.995990255,1.649377702,1.031945163,2.589356638,5.028563105,1.668005386,0.03926436,0.026567465,0.03257285,0.018627684
39.6,0.988101642,2.586877435,4.990730308,1.638306464,1.027712878,2.623398345,5.028100237,1.656854025,0.039611236,0.03652091,0.03736993,0.018547561
39.63,0.984712234,2.604789706,4.990050412,1.629647344,1.02464257,2.649072111,5.027771158,1.648462016,0.039930336,0.044282404,0.037720746,0.018814672
39.66,0.981357173,2.622585348,4.988115973,1.620979844,1.021665078,2.6748408,5.027453617,1.64006373,0.040307904,0.052255452,0.039337644,0.019083886
39.7,0.976927567,2.646116552,4.979234354,1.610914717,1.017905566,2.709344081,5.027065315,1.628914674,0.040977999,0.063227529,0.047830961,0.017999957
39.73,0.973640417,2.663621523,4.979682315,1.602371403,1.015270128,2.735336718,5.026801548,1.62057192,0.041629711,0.071715195,0.047119233,0.018200517
39.76,0.970394753,2.681005526,4.97762431,1.593903903,1.012778307,2.76142884,5.026562586,1.612188869,0.042383554,0.080423314,0.048938276,0.018284965
39.8,0.966132229,2.703978717,4.979998501,1.582478603,1.009726882,2.796394234,5.026285635,1.600941141,0.043594653,0.092415516,0.046287134,0.018462538
39.83,0.962979646,2.72105247,4.970409449,1.574325752,1.007642275,2.822720719,5.026119872,1.592542656,0.04466263,0.101668249,0.055710423,0.018216904
39.86,0.959860452,2.737989626,4.968255754,1.565725752,1.005703103,2.849115461,5.025977867,1.584183065,0.045842651,0.111125835,0.057722113,0.018457313
39.9,0.955756238,2.760347538,4.970130434,1.555125012,1.003376829,2.884459719,5.025841605,1.573008482,0.047620591,0.124112181,0.055711171,0.01788347
39.93,0.952728147,2.776969086,4.980752534,1.546260778,1.001820193,2.911087812,5.02577374,1.564577179,0.049092046,0.134118726,0.045021206,0.018316401
39.96,0.949721247,2.793449107,4.979159944,1.537960778,1.000396734,2.937785701,5.025740763,1.556155662,0.050675486,0.144336594,0.04658082,0.018194884
40.0,0.964749554,2.804330584,4.992183058,1.526256911,0.998736189,2.973485868,5.025753164,1.544995274,0.033986635,0.169155285,0.033570106,0.018738364
