time_sec,est_x,est_y,est_z,est_yaw,true_x,true_y,true_z,true_yaw,err_x,err_y,err_z,err_yaw
0.0,-2.000016729,-2.000024523,0.043485024,0.002364556,-2.0,-2.0,0.050029904,-0.0,1.6729e-05,2.4523e-05,0.00654488,-0.002364556
0.04,-2.000077681,-2.000087566,0.035235089,-0.007068159,-2.0,-2.0,0.050059808,-0.0,7.7681e-05,8.7566e-05,0.014824719,0.007068159
0.07,-2.000181152,-2.000193333,0.034942205,-0.007323159,-2.0,-2.0,0.050089742,-0.0,0.000181152,0.000193333,0.015147537,0.007323159
0.11,-2.000394148,-2.000373731,0.038153022,-0.016609398,-2.0,-2.0,0.050129732,-0.0,0.000394148,0.000373731,0.011976709,0.016609398
0.14,-2.00060147,-2.000553637,0.049538543,-0.01705488,-2.0,-2.0,0.050159731,-7.6884e-05,0.00060147,0.000553637,0.000621188,0.016977996
0.17,-2.000847865,-2.000781382,0.050001914,-0.01784488,-1.999999999,-1.999999999,0.050394148,-0.000927458,0.000847866,0.000781383,0.000392234,0.016917422
0.21,-2.00125536,-2.001142151,0.043712296,-0.014097102,-1.999998669,-1.999999614,0.051923651,-0.004080179,0.001256691,0.001142538,0.008211356,0.010016923
0.24,-2.00161463,-2.001465528,0.046816837,-0.007755898,-1.999994329,-1.999998203,0.054040268,-0.007670049,0.001620301,0.001467325,0.007223431,8.5849e-05
0.27,-2.002003805,-2.001830387,0.04976933,-0.012460898,-1.999987385,-1.999995538,0.056833565,-0.011994319,0.00201642,0.001834849,0.007064236,0.000466579
0.31,-2.002585449,-2.002380714,0.066559596,-0.014477473,-1.999975602,-1.999989171,0.061728108,-0.018869211,0.002609847,0.002391543,-0.004831488,-0.004391738
0.34,-2.00307656,-2.002845878,0.070409467,-0.021623876,-1.999964968,-1.999981778,0.066211634,-0.024689205,0.003111591,0.0028641,-0.004197834,-0.003065329
0.37,-2.003605083,-2.003354538,0.076228397,-0.028131376,-1.999951603,-1.9999723,0.071246156,-0.030904419,0.00365348,0.003382239,-0.004982241,-0.002773042
0.41,-2.00438195,-2.004079568,0.084162964,-0.042385656,-1.999927727,-1.999956156,0.078901049,-0.03978619,0.004454224,0.004123411,-0.005261915,0.002599466
0.44,-2.005002932,-2.004657894,0.091213034,-0.053448571,-1.999906803,-1.999941765,0.085295223,-0.046803025,0.005096129,0.004716129,-0.00591781,0.006645546
0.47,-2.005661369,-2.005259318,0.098917893,-0.061131071,-1.999884333,-1.99992566,0.092132929,-0.05403152,0.005777036,0.005333658,-0.006784963,0.007099551
0.51,-2.290798873,-1.926990567,0.106340355,-0.069721582,-1.999849775,-1.999900693,0.102010238,-0.063988063,0.290949097,-0.072910126,-0.004330117,0.005733519
0.54,-2.297310076,-1.926075317,0.118329608,-0.075664177,-1.999819185,-1.999879298,0.109946765,-0.071645708,0.297490891,-0.073803981,-0.008382842,0.004018469
0.57,-2.303869978,-1.925194779,0.127686149,-0.083646677,-1.999785873,-1.999855992,0.118245066,-0.079415483,0.304084105,-0.074661213,-0.009441084,0.004231193
0.61,-2.312698089,-1.924075984,0.133909725,-0.090572958,-1.999732236,-1.999823369,0.129934099,-0.089939762,0.312965852,-0.075747385,-0.003975626,0.000633196
0.64,-2.319368322,-1.923282931,0.144776732,-0.098779104,-1.99966619,-1.999805521,0.13913934,-0.097929551,0.319702132,-0.07652259,-0.005637392,0.000849553
0.67,-2.326063903,-1.922520355,0.15507472,-0.106849104,-1.999566613,-1.999801406,0.148646264,-0.105981221,0.32649729,-0.077281051,-0.006428456,0.000867883
0.71,-2.335035482,-1.921575883,0.165309642,-0.117632941,-1.999368337,-1.999837593,0.161841343,-0.11681022,0.335667146,-0.07826171,-0.003468299,0.000822721
0.74,-2.341825941,-1.920913191,0.173913413,-0.125266406,-1.999185686,-1.999903437,0.17210773,-0.124983955,0.342640255,-0.078990246,-0.001805684,0.000282451
0.77,-2.34865884,-1.920277993,0.184921491,-0.133758906,-1.998982319,-1.999998291,0.182623104,-0.133184234,0.349676521,-0.079720298,-0.002298387,0.000574673
0.81,-2.357843355,-1.919485873,0.202049809,-0.143969293,-1.998652414,-2.00017668,0.197079704,-0.144165774,0.359190941,-0.080690807,-0.004970105,-0.000196481
0.84,-2.364799442,-1.918959296,0.205791091,-0.150668189,-1.998346842,-2.000345804,0.208223565,-0.152436916,0.3664526,-0.081386508,0.002432475,-0.001768728
0.87,-2.371802306,-1.918466393,0.217348723,-0.159165689,-1.998004467,-2.000536046,0.219575329,-0.160725788,0.373797839,-0.082069654,0.002226606,-0.001560099
0.91,-2.381201319,-1.917850719,0.232038257,-0.168668977,-1.997494975,-2.000819579,0.235069347,-0.171800907,0.383706344,-0.08296886,0.003031091,-0.00313193
0.94,-2.388307959,-1.917428196,0.242234011,-0.179118501,-1.997063666,-2.001051132,0.24693919,-0.18012341,0.391244293,-0.083622936,0.004705179,-0.001004909
0.97,-2.395463096,-1.917036825,0.254419611,-0.187298501,-1.996583824,-2.001295964,0.258981737,-0.188456943,0.398879272,-0.084259139,0.004562125,-0.001158441
1.01,-2.042782109,-2.009500556,0.275266549,-0.198135522,-1.995855072,-2.00164277,0.275330436,-0.199582819,0.046927037,0.007857786,6.3886e-05,-0.001447298
1.04,-2.043885924,-2.01074696,0.285612851,-0.207736821,-1.995256081,-2.001912311,0.287801356,-0.20793558,0.048629844,0.008834649,0.002188505,-0.000198759
1.07,-2.045029993,-2.012023217,0.2986328,-0.216259321,-1.994619272,-2.002186714,0.30041466,-0.216292504,0.050410721,0.009836503,0.001781861,-3.3183e-05
1.11,-2.046621383,-2.013781017,0.317590889,-0.228512562,-1.993685844,-2.002561367,0.317491216,-0.22743728,0.052935539,0.01121965,-9.9673e-05,0.001075282
1.14,-2.047839186,-2.015127231,0.333276873,-0.237548065,-1.992937155,-2.002843425,0.330475389,-0.235796212,0.054902031,0.012283807,-0.002801484,0.001751853
1.17,-2.04910162,-2.016499705,0.347164176,-0.246048065,-1.992178216,-2.00311939,0.343590173,-0.244159412,0.056923404,0.013380315,-0.003574002,0.001888652
1.21,-2.050833454,-2.018356267,0.369686592,-0.258964481,-1.991161893,-2.00347129,0.361293071,-0.255323008,0.059671561,0.014884977,-0.00839352,0.003641473
1.24,-2.052179411,-2.019770435,0.382711829,-0.267876201,-1.990368161,-2.003729119,0.374734626,-0.263698402,0.061811249,0.016041316,-0.007977202,0.004177799
1.27,-2.053587683,-2.021212455,0.397348773,-0.276316201,-1.989539485,-2.003984893,0.388281238,-0.272071689,0.064048198,0.017227562,-0.009067535,0.004244512
1.31,-2.055534381,-2.023170736,0.414860611,-0.286943455,-1.988402822,-2.004311825,0.406534997,-0.283238742,0.067131558,0.018858911,-0.008325614,0.003704712
1.34,-2.057057266,-2.024652528,0.429690515,-0.295833884,-1.987551798,-2.004537961,0.420354413,-0.291623125,0.069505467,0.020114567,-0.009336102,0.004210759
1.37,-2.058639845,-2.026141585,0.444678616,-0.304468884,-1.986690401,-2.004752777,0.434263744,-0.300010503,0.071949444,0.021388808,-0.010414872,0.00445838
1.41,-2.060833602,-2.028175252,0.471825256,-0.315644415,-1.985488386,-2.005027905,0.452967061,-0.311186442,0.075345217,0.023147347,-0.018858196,0.004457973
1.44,-2.062545206,-2.029735713,0.489281712,-0.323120025,-1.984558724,-2.005221735,0.467100981,-0.319565917,0.077986482,0.024513978,-0.022180731,0.003554108
1.47,-2.06430881,-2.031298884,0.505321393,-0.331897525,-1.983630663,-2.005399249,0.481313112,-0.327951409,0.080678147,0.025899635,-0.024008281,0.003946117
1.51,-2.039584681,-1.993673246,0.51465091,-0.344866774,-1.982393388,-2.005606838,0.500384401,-0.339141466,0.057191293,-0.011933591,-0.014266509,0.005725309
1.54,-2.041087171,-1.994504074,0.523354422,-0.353647753,-1.981434984,-2.00575128,0.51478303,-0.347529825,0.059652188,-0.011247206,-0.008571392,0.006117928
1.57,-2.042647571,-1.995335178,0.538485568,-0.362130253,-1.980451479,-2.005888847,0.529237677,-0.355916621,0.062196092,-0.010553669,-0.009247891,0.006213632
1.61,-2.044821209,-1.996469694,0.550728828,-0.372410562,-1.979133924,-2.006048157,0.548624185,-0.367106016,0.065687285,-0.009578463,-0.002104643,0.005304546
1.64,-2.046519276,-1.997335923,0.56576479,-0.382090206,-1.97815703,-2.006152796,0.563232324,-0.375502922,0.068362246,-0.008816873,-0.002532466,0.006587284
1.67,-2.048268094,-1.998210675,0.577841768,-0.390662706,-1.977173826,-2.006262153,0.577895876,-0.38390056,0.071094268,-0.008051478,5.4108e-05,0.006762146
1.71,-2.050669609,-1.999391659,0.597470478,-0.400666317,-1.975835991,-2.006442493,0.597531072,-0.395104562,0.074833618,-0.007050834,6.0594e-05,0.005561755
1.74,-2.052540884,-2.000287953,0.615556245,-0.408468736,-1.974839819,-2.006603679,0.612322067,-0.40350895,0.077701065,-0.006315726,-0.003234178,0.004959785
1.77,-2.054475344,-2.001203281,0.630878967,-0.416676236,-1.973867198,-2.006778131,0.627154161,-0.411904305,0.080608146,-0.00557485,-0.003724806,0.00477193
1.81,-2.057137196,-2.002437612,0.653820933,-0.428661774,-1.97259329,-2.007040312,0.647001895,-0.423090335,0.084543906,-0.0046027,-0.006819038,0.005571439
1.84,-2.059188022,-2.003374842,0.66761741,-0.436997769,-1.97162597,-2.007266307,0.661940124,-0.431486983,0.087562052,-0.003891465,-0.005677287,0.005510786
1.87,-2.061291151,-2.004326018,0.68325526,-0.445770269,-1.970654994,-2.007507402,0.67691012,-0.439885024,0.090636156,-0.003181384,-0.006345139,0.005885245
1.91,-2.064190011,-2.005630792,0.703132549,-0.457702567,-1.969389534,-2.007833003,0.696935943,-0.451076718,0.094800477,-0.002202211,-0.006196605,0.006625848
1.94,-2.066439606,-2.00664248,0.719859196,-0.466303076,-1.968460009,-2.008076483,0.711991957,-0.459469307,0.097979596,-0.001434003,-0.00786724,0.006833769
1.97,-2.068740851,-2.007653462,0.735772125,-0.474840576,-1.967523919,-2.0083271,0.727082044,-0.467863083,0.101216932,-0.000673639,-0.008690081,0.006977493
2.01,-1.921004521,-1.942158847,0.761289784,-0.486338403,-1.966256462,-2.008674694,0.747242849,-0.479054393,-0.045251941,-0.066515847,-0.014046936,0.007284011
2.04,-1.920633767,-1.941929983,0.774062514,-0.494092324,-1.965319328,-2.008928845,0.762403504,-0.487445969,-0.044685561,-0.066998862,-0.01165901,0.006646355
2.07,-1.920335751,-1.941717719,0.790250021,-0.502689824,-1.964400858,-2.009172118,0.777584084,-0.495829804,-0.044065107,-0.0674544,-0.012665937,0.00686002
2.11,-1.920023423,-1.941462509,0.806612911,-0.51516074,-1.963182925,-2.009496022,0.797873216,-0.507002968,-0.043159502,-0.068033513,-0.008739695,0.008157772
2.14,-1.919853839,-1.941299007,0.815644039,-0.523045481,-1.962268758,-2.009766023,0.813114719,-0.515390621,-0.042414919,-0.068467016,-0.00252932,0.00765486
2.17,-1.919729499,-1.941152461,0.831208126,-0.531482981,-1.961381151,-2.010068627,0.828377988,-0.523778261,-0.041651652,-0.068916166,-0.002830138,0.00770472
2.21,-1.91964611,-1.940992556,0.848717358,-0.542149201,-1.96030102,-2.010557033,0.84876196,-0.534920187,-0.04065491,-0.069564477,4.4602e-05,0.007229014
2.24,-1.919664298,-1.940883969,0.863753893,-0.550575265,-1.959568824,-2.011018318,0.864073451,-0.543263403,-0.039904526,-0.070134349,0.000319558,0.007311862
2.27,-1.91974062,-1.94079372,0.879275676,-0.559327765,-1.958878832,-2.011562979,0.87940252,-0.551643789,-0.039138212,-0.070769258,0.000126845,0.007683976
2.31,-1.919933764,-1.940694854,0.900197917,-0.571271389,-1.958044841,-2.012426309,0.899863891,-0.562861853,-0.038111077,-0.071731456,-0.000334026,0.008409536
2.34,-1.9201475,-1.940638974,0.912576101,-0.578654436,-1.957506054,-2.013145408,0.915232522,-0.571242654,-0.037358553,-0.072506434,0.002656421,0.007411781
2.37,-1.920418318,-1.940584689,0.928083967,-0.587339436,-1.957024879,-2.013907198,0.93060897,-0.579605484,-0.036606561,-0.073322509,0.002525002,0.007733952
2.41,-1.920863476,-1.940508618,0.949691557,-0.597923174,-1.956445859,-2.015008056,0.951141167,-0.590785007,-0.035582383,-0.074499439,0.001449611,0.007138167
2.44,-1.921259936,-1.940444635,0.972302866,-0.606672294,-1.956047694,-2.015889908,0.966550607,-0.59919076,-0.034787758,-0.075445274,-0.005752259,0.007481533
2.47,-1.921714378,-1.94037829,0.988543433,-0.615099794,-1.955691227,-2.016794823,0.981976682,-0.607587299,-0.033976849,-0.076416533,-0.006566751,0.007512495
2.51,-1.855434408,-1.964134535,1.008388635,-0.626851909,-1.955302778,-2.018024936,1.002557275,-0.618757304,-0.09986837,-0.053890401,-0.00583136,0.008094605
2.54,-1.854887914,-1.964647854,1.025287586,-0.635289467,-1.955050459,-2.018974795,1.018010787,-0.62714166,-0.100162545,-0.054326941,-0.007276799,0.008147807
2.57,-1.854394937,-1.96518546,1.041629781,-0.643644467,-1.954812819,-2.019949294,1.033469469,-0.635540746,-0.100417882,-0.054763834,-0.008160312,0.008103721
2.61,-1.853828357,-1.965896551,1.056782406,-0.655939593,-1.954545245,-2.021270577,1.054096936,-0.646742869,-0.100716888,-0.055374026,-0.00268547,0.009196724
2.63,-1.853478868,-1.966426005,1.068752328,-0.664169527,-1.95444493,-2.021929232,1.064417527,-0.652335955,-0.100966062,-0.055503227,-0.004334802,0.011833571
2.67,-1.853185717,-1.966950841,1.084509176,-0.672654527,-1.954305867,-2.023248571,1.085064187,-0.663515299,-0.101120151,-0.05629773,0.000555011,0.009139228
2.71,-1.852871519,-1.967651466,1.10399541,-0.683759636,-1.954217966,-2.024599711,1.105729013,-0.67471319,-0.101346447,-0.056948246,0.001733603,0.009046446
2.74,-1.85268495,-1.968180888,1.123027283,-0.691973845,-1.954193002,-2.02563195,1.121232101,-0.683120389,-0.101508051,-0.057451062,-0.001795182,0.008853455
2.77,-1.852553545,-1.968710737,1.139086717,-0.700616345,-1.954215071,-2.026662614,1.136745085,-0.691518432,-0.101661526,-0.057951877,-0.002341632,0.009097913
2.81,-1.852479995,-1.969408429,1.15702608,-0.711785729,-1.954330144,-2.028027822,1.15743025,-0.702698866,-0.10185015,-0.058619392,0.000404171,0.009086863
2.83,-1.852486864,-1.969911974,1.167027285,-0.721031638,-1.95440977,-2.028714334,1.167780607,-0.708292456,-0.101922906,-0.05880236,0.000753322,0.012739182
2.87,-1.852547234,-1.970418509,1.182567524,-0.729444138,-1.954599306,-2.030100301,1.188479795,-0.719492384,-0.102052073,-0.059681791,0.005912272,0.009951754
2.91,-1.852697691,-1.971079854,1.207225181,-0.740450127,-1.954856664,-2.031472061,1.209191992,-0.73068831,-0.102158973,-0.060392207,0.001966811,0.009761817
2.93,-1.852887137,-1.971556973,1.217038849,-0.748587476,-1.955018602,-2.032143178,1.219547728,-0.736280946,-0.102131465,-0.060586205,0.002508879,0.01230653
2.97,-1.853155163,-1.972024396,1.232591209,-0.757317476,-1.955389632,-2.033468952,1.240266966,-0.747466127,-0.102234469,-0.061444557,0.007675757,0.009851349
3.01,-1.934230198,-2.063502025,1.255799646,-0.767970397,-1.95579639,-2.034793048,1.260992454,-0.758661667,-0.021566192,0.028708977,0.005192808,0.009308729
3.04,-1.936548304,-2.065905657,1.272419139,-0.777667666,-1.956138917,-2.03576985,1.276542476,-0.767058453,-0.019590613,0.030135807,0.004123337,0.010609214
3.07,-1.938900389,-2.068301489,1.298598372,-0.786275166,-1.956521901,-2.036720505,1.292098854,-0.775453812,-0.017621512,0.031580984,-0.006499518,0.010821355
3.11,-1.942124867,-2.071471671,1.320684734,-0.797966987,-1.957090542,-2.037944178,1.312849749,-0.786650205,-0.014965675,0.033527493,-0.007834985,0.011316782
3.14,-1.944628407,-2.073839506,1.337449425,-0.806092422,-1.95752612,-2.038831493,1.328418602,-0.795044193,-0.012897713,0.035008014,-0.009030824,0.011048229
3.17,-1.947187032,-2.076213189,1.344899959,-0.814742422,-1.957956071,-2.03967544,1.343986542,-0.803434312,-0.010769039,0.036537749,-0.000913416,0.01130811
3.21,-1.950676562,-2.079365,1.368078577,-0.825771555,-1.958513709,-2.040658948,1.36475373,-0.814645774,-0.007837147,0.038706053,-0.003324846,0.011125781
3.24,-1.953358767,-2.081734307,1.384531491,-0.834682445,-1.958899751,-2.041271258,1.380326139,-0.823084235,-0.005540984,0.040463048,-0.004205352,0.011598209
3.27,-1.956107131,-2.084092151,1.394911561,-0.843269945,-1.959241979,-2.041803561,1.395905517,-0.831505052,-0.003134848,0.04228859,0.000993955,0.011764893
3.31,-1.959853275,-2.08723442,1.413458798,-0.854109891,-1.959613959,-2.042375443,1.416673739,-0.842674304,0.000239316,0.044858976,0.003214941,0.011435587
3.34,-1.962721574,-2.08957955,1.429006647,-0.862947116,-1.959856528,-2.042684758,1.432257321,-0.851065578,0.002865046,0.046894793,0.003250674,0.011881538
3.37,-1.965638326,-2.091902363,1.439099706,-0.871534616,-1.960084547,-2.04290428,1.447837257,-0.859482497,0.005553779,0.048998083,0.008737551,0.01205212
3.41,-1.969608766,-2.09497005,1.460549724,-0.883124784,-1.96034804,-2.043065484,1.468617139,-0.870697538,0.009260726,0.051904566,0.008067415,0.012427246
3.44,-1.972644796,-2.097273022,1.476955426,-0.891806046,-1.96050719,-2.043109636,1.484200399,-0.879078981,0.012137606,0.054163387,0.007244973,0.012727065
3.47,-1.975720175,-2.099580205,1.489478403,-0.900388546,-1.960650473,-2.043089728,1.499786469,-0.887459358,0.015069702,0.056490477,0.010308066,0.012929188
3.51,-2.029748481,-2.072416021,1.507339141,-0.911716257,-1.960837129,-2.042924521,1.520569384,-0.898665517,0.068911352,0.0294915,0.013230243,0.01305074
3.54,-2.033955697,-2.073807224,1.523126805,-0.920836874,-1.96096724,-2.042711066,1.536156423,-0.907075643,0.072988457,0.031096158,0.013029619,0.013761231
3.57,-2.038220644,-2.075200275,1.543710903,-0.929294374,-1.961078868,-2.042450374,1.551746291,-0.915469394,0.077141776,0.032749902,0.008035388,0.01382498
3.61,-2.043989688,-2.077058407,1.569088378,-0.940630493,-1.961201178,-2.042011486,1.572529047,-0.926643866,0.08278851,0.035046922,0.003440669,0.013986627
3.64,-2.04838336,-2.078434519,1.584471933,-0.948644708,-1.96128972,-2.041590974,1.588119711,-0.935041834,0.08709364,0.036843545,0.003647778,0.013602874
3.67,-2.052835968,-2.079789935,1.602711578,-0.957394708,-1.961372803,-2.041104278,1.603705279,-0.943450882,0.091463165,0.038685657,0.000993701,0.013943826
3.71,-2.058842328,-2.081578576,1.618681133,-0.968681123,-1.961444222,-2.040364172,1.62449362,-0.954644038,0.097398106,0.041214404,0.005812487,0.014037085
3.74,-2.063417044,-2.082896856,1.634474259,-0.976680496,-1.961461342,-2.03974523,1.640080318,-0.963017687,0.101955702,0.043151626,0.005606059,0.013662809
3.77,-2.068042445,-2.084208105,1.654804157,-0.985025496,-1.961462738,-2.03906349,1.655672877,-0.971399818,0.106579707,0.045144615,0.00086872,0.013625678
3.81,-2.074294526,-2.085924153,1.684198659,-0.996398783,-1.961444362,-2.038028065,1.676456665,-0.982609544,0.112850164,0.047896088,-0.007741994,0.013789239
3.84,-2.079036267,-2.087185403,1.70057088,-1.003974554,-1.961400676,-2.037181484,1.692049038,-0.991011448,0.117635591,0.050003919,-0.008521842,0.012963106
3.87,-2.083823774,-2.088425129,1.710717198,-1.012347054,-1.961328316,-2.036297604,1.707638351,-0.999395025,0.122495458,0.052127525,-0.003078847,0.012952029
3.91,-2.090297454,-2.090068356,1.730492656,-1.023962188,-1.961196025,-2.035030981,1.728426262,-1.010569861,0.129101429,0.055037375,-0.002066393,0.013392327
3.94,-2.095223695,-2.091281357,1.747116739,-1.032194417,-1.961084522,-2.033996526,1.744015259,-1.018972289,0.134139172,0.057284831,-0.00310148,0.013222127
3.97,-2.100205575,-2.092479886,1.757944468,-1.040706917,-1.960958738,-2.032911067,1.759602978,-1.027379646,0.139246836,0.059568819,0.00165851,0.01332727
4.01,-1.932794003,-2.076524182,1.779645382,-1.052347851,-1.960745381,-2.031403731,1.780390239,-1.038565103,-0.027951377,0.045120451,0.000744857,0.013782747
4.04,-1.933828239,-2.077316109,1.796025995,-1.061950411,-1.960554582,-2.030222439,1.795978624,-1.046945363,-0.026726343,0.04709367,-4.7371e-05,0.015005048
4.07,-1.934926794,-2.078106227,1.806117857,-1.070515411,-1.960351067,-2.028986483,1.811574426,-1.055340637,-0.025424273,0.049119745,0.005456569,0.015174775
4.11,-1.936466777,-2.079112865,1.825668759,-1.082315173,-1.960059254,-2.027245316,1.832373022,-1.066547513,-0.023592476,0.051867549,0.006704263,0.01576766
4.14,-1.937672903,-2.079839262,1.841095014,-1.091775935,-1.959830643,-2.025912544,1.84798012,-1.074943856,-0.02215774,0.053926718,0.006885106,0.016832079
4.17,-1.938923767,-2.080564727,1.858194344,-1.100323435,-1.959617849,-2.024580121,1.863584643,-1.083335927,-0.020694082,0.055984606,0.005390299,0.016987508
4.21,-1.940647952,-2.081513554,1.873950455,-1.111497732,-1.959433772,-2.022800719,1.884400071,-1.094519474,-0.01878582,0.058712835,0.010449615,0.016978257
4.24,-1.941988678,-2.082215081,1.88978857,-1.120319442,-1.959408724,-2.021468666,1.900005259,-1.102871534,-0.017420046,0.060746415,0.01021669,0.017447907
4.27,-1.943372961,-2.082896092,1.905774454,-1.128944442,-1.959465793,-2.02015894,1.915613576,-1.111223326,-0.016092832,0.062737152,0.009839122,0.017721116
4.31,-1.945284912,-2.083769085,1.936437917,-1.139473648,-1.959677171,-2.01847535,1.936421249,-1.122417681,-0.01439226,0.065293735,-1.6668e-05,0.017055968
4.34,-1.946786982,-2.084413978,1.952744153,-1.147601041,-1.959935413,-2.017235587,1.952028975,-1.130818531,-0.013148431,0.067178391,-0.000715178,0.01678251
4.37,-1.948341979,-2.085050981,1.959212276,-1.156238541,-1.960264917,-2.015992313,1.967635727,-1.139196455,-0.011922938,0.069058668,0.008423452,0.017042087
4.41,-1.950505224,-2.085867729,1.982959931,-1.167168889,-1.960810855,-2.014338709,1.988441704,-1.150358176,-0.010305631,0.07152902,0.005481773,0.016810713
4.44,-1.952206345,-2.086462185,1.999198486,-1.176248454,-1.96127633,-2.013123991,2.004047694,-1.158752839,-0.009069986,0.073338194,0.004849208,0.017495614
4.47,-1.953958886,-2.087052965,2.01445265,-1.184805954,-1.961778434,-2.011921093,2.019650029,-1.167154623,-0.007819548,0.075131872,0.005197379,0.017651331
4.51,-1.978534306,-2.045704476,2.034278067,-1.196023966,-1.962521106,-2.010299606,2.040458523,-1.178340409,0.0160132,0.03540487,0.006180456,0.017683557
4.54,-1.981180685,-2.04535141,2.050280334,-1.205419396,-1.963125406,-2.009067643,2.056058981,-1.186722162,0.018055279,0.036283767,0.005778647,0.018697234
4.57,-1.983881425,-2.044969154,2.068583355,-1.213896896,-1.963751344,-2.007842509,2.07166404,-1.195111158,0.020130081,0.037126645,0.003080685,0.018785738
4.61,-1.987559462,-2.044431434,2.089220005,-1.225758697,-1.964613425,-2.006228437,2.092461383,-1.206306961,0.022946036,0.038202997,0.003241378,0.019451737
4.64,-1.990365554,-2.044021594,2.104230667,-1.234508834,-1.965282572,-2.005005437,2.108062848,-1.214700063,0.025082982,0.039016157,0.003832181,0.019808771
4.67,-1.993216454,-2.043595761,2.1197785,-1.243293834,-1.96596579,-2.003763934,2.123658963,-1.223090765,0.027250665,0.039831827,0.003880463,0.020203069
4.71,-1.99707987,-2.042994464,2.142056848,-1.254610886,-1.966881058,-2.002103293,2.144457034,-1.234280892,0.030198812,0.04089117,0.002400186,0.020329994
4.74,-2.000030943,-2.042531961,2.159144961,-1.262385761,-1.967556498,-2.000870819,2.160051167,-1.24267198,0.032474445,0.041661143,0.000906206,0.019713781
4.77,-2.003015993,-2.04206592,2.179467435,-1.271018261,-1.968224379,-1.999634082,2.175646509,-1.251061605,0.034791614,0.042431838,-0.003820926,0.019956656
4.81,-2.007056732,-2.041404155,2.203902357,-1.282165609,-1.969104073,-1.997948359,2.196438517,-1.262254953,0.037952659,0.043455797,-0.00746384,0.019910656
4.84,-2.010135511,-2.040876468,2.220790663,-1.290718523,-1.969746017,-1.996670704,2.212030925,-1.270653313,0.040389494,0.044205764,-0.008759738,0.020065209
4.87,-2.013262632,-2.040329186,2.23516109,-1.299171023,-1.970366208,-1.995401703,2.227624159,-1.279046257,0.042896423,0.044927483,-0.007536931,0.020124766
4.91,-2.017495761,-2.039564058,2.246388392,-1.309900753,-1.971151142,-1.993715795,2.248408629,-1.290228342,0.046344619,0.045848263,0.002020236,0.019672411
4.94,-2.020713459,-2.038972207,2.262002884,-1.317734728,-1.971712724,-1.992427773,2.263999512,-1.298623328,0.049000735,0.046544434,0.001996627,0.0191114
4.97,-2.02396014,-2.038351436,2.274104525,-1.326017228,-1.97225217,-1.991123212,2.27958482,-1.307025746,0.05170797,0.047228224,0.005480295,0.018991482
5.01,-1.938117585,-2.122336529,2.296909337,-1.33633029,-1.972916983,-1.989390687,2.300370905,-1.318220175,-0.034799399,0.132945841,0.003461568,0.018110114
5.04,-1.939499845,-2.123692919,2.313125889,-1.345022462,-1.973370457,-1.988103734,2.315954578,-1.32660458,-0.033870612,0.135589185,0.002828689,0.018417881
5.07,-1.940924015,-2.1250223,2.335383099,-1.353672462,-1.973794389,-1.986807797,2.331542134,-1.334997469,-0.032870375,0.138214503,-0.003840965,0.018674993
5.11,-1.942894517,-2.126761723,2.348600564,-1.364552078,-1.974310741,-1.98504815,2.352316311,-1.34620556,-0.031416224,0.141713574,0.003715747,0.018346518
5.14,-1.944421927,-2.128040848,2.364836585,-1.373223109,-1.97466675,-1.983728767,2.367897562,-1.354608876,-0.030244823,0.144312081,0.003060977,0.018614233
5.17,-1.945978061,-2.129301565,2.379925725,-1.381868109,-1.975010174,-1.982423595,2.383474924,-1.363004778,-0.029032113,0.14687797,0.003549199,0.018863331
5.21,-1.948101915,-2.130937789,2.403573469,-1.39301917,-1.975476746,-1.980690449,2.404244507,-1.374198595,-0.027374831,0.150247339,0.000671038,0.018820575
5.23,-1.949718835,-2.132140497,2.420856083,-1.400591085,-1.975724323,-1.979816442,2.414627376,-1.379791756,-0.026005488,0.152324056,-0.006228707,0.02079933
5.27,-1.951349611,-2.133328873,2.437205571,-1.409168585,-1.976253904,-1.978066695,2.435386006,-1.390968874,-0.024904294,0.155262179,-0.001819565,0.018199711
5.31,-1.953561515,-2.134861238,2.45514773,-1.420615762,-1.976823265,-1.976350054,2.45614321,-1.402156801,-0.023261751,0.158511184,0.00099548,0.018458961
5.33,-1.955274378,-2.135982435,2.476297946,-1.429361508,-1.977121451,-1.975501967,2.466517717,-1.407754773,-0.021847072,0.160480468,-0.009780229,0.021606735
5.37,-1.957038048,-2.137098056,2.492900216,-1.438061508,-1.977744613,-1.973794878,2.487270553,-1.418944802,-0.020706565,0.163303179,-0.005629663,0.019116705
5.41,-1.959459682,-2.1385376,2.518552867,-1.449092654,-1.978396264,-1.972070404,2.508013738,-1.430129267,-0.018936582,0.166467196,-0.010539128,0.018963387
5.44,-1.961340261,-2.139563187,2.534909138,-1.458092755,-1.978895749,-1.97079161,2.523573152,-1.438521804,-0.017555488,0.168771577,-0.011335986,0.01957095
5.47,-1.963250644,-2.140566042,2.54505184,-1.466677755,-1.979400501,-1.969526367,2.539126212,-1.446916258,-0.016149857,0.171039675,-0.005925628,0.019761497
5.51,-1.936825935,-2.059461905,2.56867635,-1.476337714,-1.980084506,-1.967830588,2.55986673,-1.458106741,-0.043258571,0.091631317,-0.008809621,0.018230973
5.54,-1.938390434,-2.058462426,2.585736971,-1.484813167,-1.980604715,-1.966539962,2.575414871,-1.466497756,-0.042214282,0.091922463,-0.0103221,0.018315411
5.57,-1.940003382,-2.057422527,2.597418288,-1.493283167,-1.981126784,-1.965250691,2.590964025,-1.474887183,-0.041123401,0.092171836,-0.006454262,0.018395984
5.61,-1.942201642,-2.0559825,2.623607519,-1.505381882,-1.981822567,-1.963555999,2.611686494,-1.486073512,-0.039620925,0.092426502,-0.011921024,0.01930837
5.64,-1.943888803,-2.054867786,2.640169717,-1.512958334,-1.982348377,-1.962289899,2.627224838,-1.494462911,-0.038459574,0.092577887,-0.012944879,0.018495423
5.67,-1.945608544,-2.053722461,2.649595136,-1.521555834,-1.982882341,-1.961016734,2.642759044,-1.50285144,-0.037273797,0.092705727,-0.006836092,0.018704394
5.71,-1.947945915,-2.05211867,2.665452285,-1.532989518,-1.98361696,-1.95932505,2.663464847,-1.51403575,-0.035671045,0.09279362,-0.001987438,0.018953768
5.73,-1.949743078,-2.05086713,2.671653285,-1.541211733,-1.983995441,-1.958493528,2.673816176,-1.5196314,-0.034252364,0.092373602,0.002162892,0.021580333
5.77,-1.951579828,-2.04959005,2.686990777,-1.549729233,-1.984776662,-1.956854347,2.694508681,-1.530829077,-0.033196833,0.092735702,0.007517904,0.018900156
5.81,-1.954090548,-2.047850207,2.712992807,-1.560402739,-1.98558911,-1.955214917,2.715198466,-1.542020808,-0.031498562,0.092635289,0.002205659,0.018381932
5.83,-1.956020171,-2.04649946,2.73110851,-1.567698838,-1.986005156,-1.954394298,2.725537879,-1.547614072,-0.029984985,0.092105162,-0.005570631,0.020084767
5.87,-1.958005515,-2.045105676,2.747151584,-1.576126338,-1.986851735,-1.952777297,2.746218107,-1.5588041,-0.02884622,0.092328379,-0.000933477,0.017322238
5.91,-1.96071848,-2.043196111,2.765208458,-1.587330665,-1.987711932,-1.951200504,2.766886664,-1.569997986,-0.026993452,0.091995608,0.001678206,0.017332679
5.94,-1.962794739,-2.041719294,2.78099519,-1.594883618,-1.988362751,-1.950023347,2.782388195,-1.578391474,-0.025568013,0.091695948,0.001393006,0.016492144
5.97,-1.964915052,-2.040199935,2.795703628,-1.603658618,-1.98901546,-1.948844537,2.797883003,-1.586784138,-0.024100409,0.091355398,0.002179375,0.01687448
6.01,-2.002892392,-2.129620585,2.815460943,-1.614218067,-1.989885569,-1.947296385,2.818542093,-1.597975365,0.013006824,0.182324201,0.00308115,0.016242702
6.03,-2.006030672,-2.130210313,2.824935249,-1.622607031,-1.990319245,-1.946540591,2.828868186,-1.603570982,0.015711427,0.183669722,0.003932937,0.019036049
6.07,-2.00920246,-2.130765047,2.84041823,-1.630979531,-1.991180445,-1.945050019,2.849517327,-1.614758761,0.018022015,0.185715028,0.009099096,0.01622077
6.11,-2.013491689,-2.131466086,2.860046741,-1.640876414,-1.992027135,-1.943559398,2.870158205,-1.625946494,0.021464554,0.187906688,0.010111464,0.01492992
6.14,-2.016745848,-2.131964272,2.875926883,-1.648991652,-1.992644993,-1.942447565,2.885632179,-1.634337837,0.024100855,0.189516707,0.009705296,0.014653815
6.17,-2.020039893,-2.132427286,2.902401725,-1.657484152,-1.99324452,-1.941350372,2.901102218,-1.642726404,0.026795373,0.191076915,-0.001299507,0.014757748
6.21,-2.024497348,-2.132980825,2.924436896,-1.668112852,-1.993996945,-1.939903946,2.921718495,-1.653907169,0.030500403,0.193076879,-0.002718401,0.014205683
6.23,-2.027881336,-2.133360918,2.941321736,-1.675696562,-1.994348837,-1.939177588,2.932024909,-1.659501224,0.033532499,0.19418333,-0.009296826,0.016195339
6.27,-2.03129952,-2.133711814,2.957790812,-1.684304062,-1.994997491,-1.937717855,2.952624885,-1.670700161,0.036302029,0.195993959,-0.005165927,0.013603902
6.31,-2.035896219,-2.134130813,2.980019431,-1.696492104,-1.995569886,-1.936274025,2.973219732,-1.681891362,0.040326333,0.197856787,-0.006799698,0.014600742
6.33,-2.039369097,-2.134420127,2.994911521,-1.704357393,-1.995826682,-1.935560411,2.983511343,-1.687480566,0.043542415,0.198859716,-0.011400178,0.016876827
6.37,-2.042878937,-2.13467299,3.011431068,-1.712884893,-1.996278068,-1.934129297,3.004093447,-1.698663556,0.04660087,0.200543693,-0.007337621,0.014221337
6.41,-2.047611644,-2.134923535,3.026180825,-1.724663824,-1.996643924,-1.932680427,3.024664208,-1.709863299,0.05096772,0.202243108,-0.001516617,0.014800525
6.44,-2.051197282,-2.135062397,3.042316068,-1.732655392,-1.99686077,-1.931596981,3.040090313,-1.718259298,0.054336511,0.203465416,-0.002225755,0.014396094
6.47,-2.054815255,-2.13516487,3.057376344,-1.740997892,-1.997036305,-1.930522213,3.055510801,-1.726645797,0.05777895,0.204642656,-0.001865543,0.014352095
6.51,-1.987365246,-2.031630619,3.06995396,-1.752294204,-1.997191069,-1.929085836,3.076067642,-1.737827151,-0.009825823,0.102544783,0.006113681,0.014467053
6.53,-1.989422863,-2.029231951,3.088889898,-1.760699771,-1.997234442,-1.928357844,3.086343168,-1.743425012,-0.007811579,0.100874108,-0.002546731,0.017274759
6.57,-1.991512498,-2.02679564,3.104733771,-1.769332271,-1.997254034,-1.926890204,3.106886416,-1.754622674,-0.005741536,0.099905436,0.002152646,0.014709597
6.61,-1.994334189,-2.023490848,3.131420468,-1.780728247,-1.997190397,-1.925431724,3.127420436,-1.765805672,-0.002856209,0.098059124,-0.004000032,0.014922574
6.64,-1.996494806,-2.020985711,3.147586284,-1.789278521,-1.997093476,-1.924344229,3.142811211,-1.774187568,-0.000598669,0.096641482,-0.004775073,0.015090953
6.67,-1.998684242,-2.018448906,3.162854969,-1.797833521,-1.996967744,-1.923252945,3.158197903,-1.782573365,0.001716497,0.095195961,-0.004657066,0.015260156
6.71,-2.001653098,-2.015026718,3.184351398,-1.808548331,-1.996765243,-1.921791558,3.178700757,-1.793760894,0.004887855,0.09323516,-0.005650641,0.014787438
6.74,-2.003927008,-2.01241268,3.200379402,-1.817423741,-1.996601708,-1.920702521,3.194071494,-1.802150395,0.007325301,0.091710159,-0.006307908,0.015273346
6.77,-2.006221638,-2.009766946,3.214521819,-1.826036241,-1.996434287,-1.919619673,3.209434177,-1.810540746,0.009787351,0.090147274,-0.005087641,0.015495495
6.81,-2.009331438,-2.006192693,3.239276001,-1.835952234,-1.996202972,-1.918172978,3.229910356,-1.821730639,0.013128466,0.088019715,-0.009365644,0.014221596
6.84,-2.011702197,-2.003460844,3.255911907,-1.844229246,-1.996021799,-1.917082891,3.245257704,-1.83012361,0.015680398,0.086377953,-0.010654203,0.014105636
6.87,-2.014095331,-2.000668762,3.264892646,-1.852644246,-1.995835687,-1.915997864,3.260601869,-1.838516473,0.018259644,0.084670898,-0.004290777,0.014127773
6.91,-2.017338537,-1.996863543,3.279927373,-1.865038224,-1.99557793,-1.914571608,3.281050032,-1.849705281,0.021760607,0.082291935,0.001122659,0.015332943
6.94,-2.019817114,-1.993963835,3.294668661,-1.872845323,-1.995372266,-1.913510237,3.296381296,-1.858096916,0.024444848,0.080453597,0.001712634,0.014748407
6.97,-2.022310279,-1.9910285,3.311117464,-1.881537823,-1.995154068,-1.912449907,3.311707691,-1.866490745,0.027156211,0.078578594,0.000590227,0.015047079
7.01,-1.997044659,-1.9998006,3.341877187,-1.893561669,-1.994839498,-1.911049569,3.332135432,-1.877684355,0.002205161,0.088751031,-0.009741754,0.015877315
7.03,-1.999084619,-1.997252442,3.351638774,-1.900994569,-1.994672988,-1.910361989,3.342347314,-1.883279672,0.004411631,0.086890453,-0.009291461,0.017714897
7.07,-2.001159304,-1.994668948,3.367665145,-1.909672069,-1.994317575,-1.909011722,3.362763397,-1.89446996,0.006841728,0.085657226,-0.004901748,0.015202109
7.11,-2.003978736,-1.99115211,3.391127453,-1.921032602,-1.993923836,-1.907680755,3.383175756,-1.905666665,0.0100549,0.083471355,-0.007951697,0.015365937
7.13,-2.00613974,-1.988441298,3.403219954,-1.928877248,-1.993712965,-1.907022802,3.393378198,-1.911267289,0.012426775,0.081418496,-0.009841756,0.017609959
7.17,-2.008341548,-1.985678191,3.419217002,-1.937644748,-1.993272943,-1.905735784,3.413782818,-1.922466894,0.015068605,0.079942406,-0.005434184,0.015177853
7.21,-2.011311095,-1.981919552,3.438366717,-1.947982205,-1.992818539,-1.904490188,3.434180225,-1.933660505,0.018492556,0.077429363,-0.004186492,0.0143217
7.24,-2.013553985,-1.979039218,3.454710989,-1.956551112,-1.992468365,-1.9035721,3.449477684,-1.942056397,0.02108562,0.075467118,-0.005233305,0.014494715
7.27,-2.015820797,-1.97612328,3.462713001,-1.965078612,-1.992111362,-1.902663009,3.4647709,-1.950453237,0.023709435,0.07346027,0.002057899,0.014625375
7.31,-2.018905152,-1.972177958,3.482529718,-1.976058091,-1.991627421,-1.901483131,3.485160687,-1.961647165,0.027277731,0.070694827,0.00263097,0.014410926
7.34,-2.021254613,-1.969171707,3.498531853,-1.983881161,-1.991259123,-1.900631901,3.500448787,-1.970039938,0.029995491,0.068539806,0.001916935,0.013841224
7.37,-2.023624855,-1.966129368,3.512530931,-1.992606161,-1.990882435,-1.899800867,3.515736285,-1.97843227,0.032742421,0.066328501,0.003205354,0.014173892
7.41,-2.026833052,-1.962004395,3.531284654,-2.004286207,-1.990355796,-1.898721778,3.536116277,-1.989626909,0.036477256,0.063282617,0.004831623,0.014659298
7.44,-2.029268848,-1.958849639,3.546324822,-2.011745872,-1.989941705,-1.8979439,3.551399398,-1.998024038,0.039327143,0.060905739,0.005074576,0.013721834
7.47,-2.031726653,-1.955643095,3.565255361,-2.020030872,-1.989514667,-1.897198266,3.566681503,-2.006417344,0.042211986,0.058444829,0.001426143,0.013613527
7.51,-2.073204719,-1.913161459,3.584082819,-2.030295326,-1.988915015,-1.896261714,3.587053111,-2.017603509,0.084289704,0.016899745,0.002970292,0.012691817
7.53,-2.076679372,-1.909096119,3.606476283,-2.038619087,-1.988598206,-1.895812433,3.597239375,-2.023199212,0.088081166,0.013283685,-0.009236908,0.015419875
7.57,-2.080200714,-1.9049762,3.622649941,-2.047571587,-1.987926466,-1.894954374,3.617606012,-2.034402866,0.092274249,0.010021826,-0.005043929,0.013168722
7.61,-2.084937916,-1.899398823,3.63667853,-2.058921641,-1.987204549,-1.894172434,3.637973154,-2.045603367,0.097733367,0.005226389,0.001294625,0.013318274
7.64,-2.088509758,-1.895159084,3.652348324,-2.068441517,-1.98661745,-1.893648019,3.653244509,-2.053995738,0.101892308,0.001511064,0.000896185,0.014445779
7.67,-2.092085759,-1.89086927,3.665540165,-2.077101517,-1.985981882,-1.893167509,3.66851695,-2.06239293,0.106103877,-0.002298238,0.002976785,0.014708588
7.71,-2.096892931,-1.885053754,3.684709797,-2.088506877,-1.985019761,-1.892615714,3.688874999,-2.073608445,0.11187317,-0.007561961,0.004165201,0.014898432
7.73,-2.100516351,-1.880624584,3.70023558,-2.097450209,-1.984485651,-1.892386396,3.699054044,-2.079215648,0.116030699,-0.011761812,-0.001181536,0.018234561
7.77,-2.104151976,-1.876135156,3.715868213,-2.106172709,-1.983301779,-1.892039733,3.719407787,-2.090401962,0.120850197,-0.015904577,0.003539574,0.015770747
7.81,-2.109037415,-1.870067312,3.735248493,-2.11734788,-1.9819436,-1.891841987,3.739757191,-2.101578344,0.127093815,-0.021774675,0.004508698,0.015769535
7.83,-2.112727195,-1.865464805,3.750029563,-2.125653573,-1.981192014,-1.891796833,3.749929897,-2.107180868,0.131535181,-0.026332028,-9.9666e-05,0.018472705
7.87,-2.11644165,-1.860807097,3.765612889,-2.134138573,-1.979540793,-1.891824752,3.770269574,-2.118401316,0.136900857,-0.031017655,0.004656685,0.015737257
7.91,-2.121424031,-1.854524829,3.781162225,-2.144153558,-1.977694913,-1.89203216,3.790605012,-2.129588091,0.143729117,-0.03750733,0.009442788,0.014565467
7.93,-2.125174668,-1.849753178,3.797733126,-2.153422936,-1.976696431,-1.892204862,3.800769205,-2.135170341,0.148478238,-0.042451684,0.003036079,0.018252596
7.97,-2.128931093,-1.844943926,3.813190836,-2.161977936,-1.974536655,-1.892680535,3.821096283,-2.146359056,0.154394438,-0.04773661,0.007905446,0.015618881
8.01,-2.007497625,-1.92711061,3.83508538,-2.173597032,-1.972155305,-1.893335538,3.841414113,-2.157582572,0.03534232,0.033775071,0.006328733,0.01601446
8.04,-2.008402939,-1.924307825,3.850683105,-2.181792585,-1.970220881,-1.893966194,3.856649858,-2.165979405,0.038182058,0.030341631,0.005966753,0.01581318
8.07,-2.009320536,-1.921456237,3.866365205,-2.190352585,-1.968177523,-1.894702417,3.871882512,-2.174362487,0.041143013,0.02675382,0.005517307,0.015990097
8.11,-2.010574757,-1.917555623,3.888461072,-2.200812105,-1.965248475,-1.895866429,3.892195262,-2.185567437,0.045326282,0.021689194,0.003734191,0.015244669
8.14,-2.011541966,-1.914554166,3.902891815,-2.209380189,-1.962917079,-1.896864649,3.907425297,-2.19399913,0.048624886,0.017689517,0.004533482,0.015381059
8.17,-2.01250715,-1.911513793,3.918732945,-2.218207689,-1.960516188,-1.897948667,3.922656314,-2.202422985,0.051990961,0.013565127,0.00392337,0.015784704
8.21,-2.013803122,-1.907395336,3.940473247,-2.229380416,-1.957243062,-1.899527942,3.942964433,-2.213620215,0.05656006,0.007867395,0.002491186,0.015760201
8.24,-2.014797615,-1.904264615,3.954258722,-2.23678073,-1.954767029,-1.900778854,3.958199242,-2.22201851,0.060030586,0.003485761,0.00394052,0.014762219
8.27,-2.015803095,-1.901079842,3.970159521,-2.24535073,-1.95229155,-1.902060068,3.97343417,-2.230419785,0.063511545,-0.000980226,0.003274649,0.014930944
8.31,-2.017156036,-1.896736459,3.99037295,-2.256700447,-1.949025175,-1.903817443,3.993750576,-2.241613532,0.068130861,-0.007080984,0.003377626,0.015086915
8.34,-2.018182766,-1.893415093,4.008150679,-2.265214665,-1.94662367,-1.905173498,4.008990087,-2.250007487,0.071559096,-0.011758405,0.000839407,0.015207177
8.37,-2.019225311,-1.890055575,4.024279617,-2.273662165,-1.944260886,-1.906551103,4.024230742,-2.258403159,0.074964425,-0.016495528,-4.8875e-05,0.015259005
8.41,-2.020648456,-1.885488894,4.047009684,-2.283886613,-1.941177665,-1.908411982,4.044556876,-2.269595024,0.079470791,-0.022923088,-0.002452807,0.014291589
8.44,-2.021748639,-1.881991347,4.055949713,-2.290909669,-1.938920686,-1.909827833,4.059802331,-2.277986391,0.082827954,-0.027836486,0.003852618,0.012923278
8.47,-2.022877787,-1.878420262,4.07193391,-2.299659669,-1.936711266,-1.911266706,4.075051381,-2.286379417,0.086166521,-0.032846444,0.003117471,0.013280252
8.51,-2.042394331,-2.003006385,4.090961688,-2.310043273,-1.93385301,-1.913230693,4.095382447,-2.297572761,0.108541321,0.089775693,0.00442076,0.012470511
8.54,-2.044215,-2.002106696,4.111643412,-2.317817653,-1.931764421,-1.914730674,4.110634859,-2.30596549,0.112450579,0.087376023,-0.001008553,0.011852164
8.57,-2.046054695,-2.001150969,4.12786314,-2.326825153,-1.929712082,-1.916250984,4.125886743,-2.314352364,0.116342613,0.084899985,-0.001976397,0.012472789
8.61,-2.048526198,-1.999781765,4.143634111,-2.338693481,-1.927050362,-1.918330244,4.146229268,-2.325532677,0.121475836,0.081451521,0.002595156,0.013160803
8.64,-2.050396841,-1.998693134,4.165843778,-2.347901809,-1.925117501,-1.919927885,4.161485812,-2.333918577,0.125279341,0.078765249,-0.004357966,0.013983232
8.67,-2.052269931,-1.997555876,4.182225033,-2.356176809,-1.923231239,-1.92153932,4.17674588,-2.342303477,0.129038692,0.076016556,-0.005479153,0.013873333
8.71,-2.054769765,-1.99595193,4.214194143,-2.366788183,-1.920809349,-1.923687179,4.197093902,-2.353478287,0.133960416,0.07226475,-0.017100241,0.013309896
8.74,-2.05663576,-1.994674937,4.233014437,-2.374689879,-1.919082412,-1.925290082,4.212358344,-2.361861134,0.137553348,0.069384855,-0.020656092,0.012828745
8.77,-2.058503382,-1.993338325,4.250032118,-2.383279879,-1.917431908,-1.92688484,4.227623478,-2.370254381,0.141071474,0.066453485,-0.02240864,0.013025498
8.81,-2.06101894,-1.991476442,4.272411606,-2.394278245,-1.915369956,-1.928978748,4.247978588,-2.381455101,0.145648984,0.062497694,-0.024433018,0.012823144
8.84,-2.062926128,-1.990009643,4.289220265,-2.40289177,-1.913918997,-1.930509887,4.263247024,-2.38984296,0.149007131,0.059499755,-0.025973241,0.01304881
8.87,-2.064847476,-1.988469129,4.306392114,-2.41144927,-1.912538441,-1.932012772,4.278515168,-2.398224805,0.152309035,0.056456357,-0.027876946,0.013224465
8.91,-2.067412155,-1.986313817,4.325990866,-2.422438174,-1.910835585,-1.933976583,4.298877062,-2.409415359,0.156576571,0.052337234,-0.027113804,0.013022814
8.94,-2.069344741,-1.984619396,4.338410553,-2.430682963,-1.909655787,-1.935419736,4.31414738,-2.417817266,0.159688954,0.049199661,-0.024263173,0.012865697
8.97,-2.071290777,-1.982863943,4.35547604,-2.439090463,-1.908535256,-1.936835812,4.329420891,-2.42621256,0.162755521,0.046028131,-0.026055149,0.012877902
9.01,-1.888528983,-1.93217552,4.36784926,-2.45030986,-1.907139068,-1.93867555,4.349782921,-2.437392824,-0.018610085,-0.00650003,-0.018066338,0.012917036
9.04,-1.886413758,-1.928873632,4.386422489,-2.459014338,-1.90616828,-1.940031815,4.365057794,-2.445784055,-0.019754523,-0.011158183,-0.021364695,0.013230283
9.07,-1.884286925,-1.92551879,4.403307451,-2.467421838,-1.905251159,-1.941376341,4.3803329,-2.454185309,-0.020964234,-0.015857551,-0.022974551,0.013236528
9.11,-1.881424537,-1.920981479,4.42959173,-2.478041594,-1.904110545,-1.943142634,4.40070869,-2.465382061,-0.022686007,-0.022161155,-0.028883041,0.012659533
9.14,-1.879265612,-1.917529021,4.441865587,-2.486151014,-1.90331886,-1.9444455,4.415991291,-2.473771475,-0.024053248,-0.026916479,-0.025874296,0.012379539
9.17,-1.877092643,-1.914023115,4.458917895,-2.494678514,-1.902589099,-1.945735614,4.431279176,-2.482164122,-0.025496457,-0.031712499,-0.027638719,0.012514391
9.21,-1.874189164,-1.909265078,4.477683528,-2.50594609,-1.90175316,-1.947428356,4.451664258,-2.493369297,-0.027563997,-0.038163278,-0.02601927,0.012576793
9.24,-1.872012819,-1.90562297,4.493764995,-2.514640613,-1.90123003,-1.948660667,4.466957883,-2.501769364,-0.02921721,-0.043037697,-0.026807112,0.012871249
9.27,-1.869837479,-1.901910553,4.510812495,-2.523285613,-1.900781619,-1.949857587,4.482251669,-2.510154127,-0.03094414,-0.047947034,-0.028560826,0.013131486
9.31,-1.866920516,-1.896870291,4.528087889,-2.534958544,-1.900338838,-1.951395443,4.50264614,-2.521325681,-0.033418322,-0.054525153,-0.025441749,0.013632863
9.34,-1.864723645,-1.89301605,4.539824508,-2.543135198,-1.900138159,-1.952516392,4.517943386,-2.529723461,-0.035414514,-0.059500342,-0.021881122,0.013411737
9.37,-1.862535175,-1.88910091,4.556684596,-2.551765198,-1.900029626,-1.953614332,4.533232959,-2.538127414,-0.037494451,-0.064513422,-0.023451637,0.013637784
9.41,-1.859598595,-1.88378595,4.578016126,-2.562631246,-1.900035247,-1.955032673,4.553567666,-2.549314041,-0.040436652,-0.071246723,-0.024448461,0.013317204
9.44,-1.857383966,-1.879714281,4.588923339,-2.570393341,-1.900151833,-1.956072502,4.568754049,-2.557694999,-0.042767867,-0.076358221,-0.02016929,0.012698342
9.47,-1.855151414,-1.875574897,4.605569386,-2.579145841,-1.900358483,-1.95710805,4.583882779,-2.566084642,-0.045207069,-0.081533154,-0.021686607,0.013061199
9.51,-1.841907313,-1.900061277,4.619761987,-2.590784879,-1.90079811,-1.958495166,4.603886163,-2.577285703,-0.058890797,-0.058433889,-0.015875824,0.013499176
9.54,-1.839889161,-1.89640038,4.633318484,-2.599484588,-1.901233903,-1.959542492,4.618746374,-2.585681779,-0.061344742,-0.063142112,-0.014572109,0.013802809
9.57,-1.837862425,-1.892686045,4.649406096,-2.608074588,-1.901740141,-1.960599386,4.633487787,-2.594071811,-0.063877715,-0.067913341,-0.01591831,0.014002777
9.61,-1.835138884,-1.887655655,4.66967949,-2.620213264,-1.902556855,-1.962048267,4.652895541,-2.605260694,-0.067417971,-0.074392613,-0.016783949,0.014952569
9.64,-1.833071872,-1.883803885,4.674879302,-2.628519605,-1.903285632,-1.963178444,4.667246255,-2.613656691,-0.07021376,-0.079374559,-0.007633048,0.014862914
9.67,-1.83099402,-1.879885977,4.690214643,-2.636972105,-1.904093663,-1.964339048,4.681438609,-2.622051753,-0.073099643,-0.084453071,-0.008776034,0.014920352
9.71,-1.828181798,-1.874562539,4.709432245,-2.648224535,-1.905302601,-1.96593508,4.700030228,-2.633242115,-0.077120803,-0.091372541,-0.009402017,0.01498242
9.74,-1.826054352,-1.870503968,4.724515999,-2.657473368,-1.906315521,-1.967173766,4.713717707,-2.641635658,-0.080261169,-0.096669798,-0.010798292,0.01583771
9.77,-1.823919503,-1.866379599,4.739232415,-2.666098368,-1.907416605,-1.968450357,4.727219004,-2.650031567,-0.083497101,-0.102070758,-0.012013411,0.016066801
9.81,-1.821064217,-1.860775196,4.748271562,-2.677569532,-1.909044261,-1.970225755,4.744838986,-2.661228366,-0.087980044,-0.109450559,-0.003432576,0.016341166
9.84,-1.8189146,-1.856501572,4.771144251,-2.685445149,-1.910369475,-1.971610226,4.757759026,-2.669626866,-0.091454876,-0.115108655,-0.013385225,0.015818283
9.87,-1.816749146,-1.852165007,4.785134241,-2.693752649,-1.91176847,-1.973036795,4.77045504,-2.678027903,-0.095019324,-0.120871788,-0.014679201,0.015724746
9.91,-1.813811593,-1.846298812,4.8069597,-2.703836087,-1.913786294,-1.975034367,4.786964955,-2.689230063,-0.099974701,-0.128735555,-0.019994746,0.014606024
9.94,-1.811576388,-1.841848975,4.826950933,-2.711906034,-1.915418817,-1.976615152,4.799015454,-2.69762734,-0.103842429,-0.134766176,-0.027935479,0.014278693
9.97,-1.80930405,-1.837354242,4.840529094,-2.720638534,-1.917128155,-1.97825676,4.810818452,-2.70602464,-0.107824105,-0.140902518,-0.029710641,0.014613894
10.01,-1.791892854,-1.941260378,4.852366183,-2.731362896,-1.919533939,-1.980560161,4.826061744,-2.717233302,-0.127641085,-0.039299783,-0.026304439,0.014129594
10.04,-1.789489231,-1.939056684,4.861689797,-2.739069946,-1.921442236,-1.982386225,4.837113398,-2.725642108,-0.131953005,-0.043329541,-0.024576398,0.013427838
10.07,-1.787053296,-1.93678481,4.874103293,-2.747597446,-1.923434248,-1.984292759,4.847886095,-2.734044692,-0.136380951,-0.047507949,-0.026217198,0.013552753
10.11,-1.783747968,-1.933672914,4.879657028,-2.75962713,-1.926235974,-1.98698206,4.861725325,-2.745243283,-0.142488006,-0.053309146,-0.017931703,0.014383846
10.14,-1.781248609,-1.931282947,4.891036661,-2.767929313,-1.928439475,-1.989094229,4.871713633,-2.753648476,-0.147190867,-0.057811282,-0.019323028,0.014280837
10.17,-1.778728917,-1.928833987,4.902199264,-2.776584313,-1.930727528,-1.991262728,4.881405906,-2.762036443,-0.151998611,-0.062428741,-0.020793357,0.01454787
10.21,-1.775332888,-1.925482746,4.920801024,-2.788366397,-1.933947787,-1.994219063,4.893678299,-2.773194397,-0.158614899,-0.068736317,-0.027122725,0.015172
10.24,-1.772756407,-1.922940668,4.938467506,-2.796770051,-1.936441239,-1.996418566,4.902375217,-2.781583057,-0.163684832,-0.073477898,-0.036092288,0.015186993
10.27,-1.77014959,-1.92035736,4.948765182,-2.805310051,-1.938943581,-1.998553846,4.91071794,-2.78994658,-0.16879399,-0.078196487,-0.038047242,0.015363471
10.31,-1.766616559,-1.916838494,4.958398364,-2.816538862,-1.942279738,-2.001219327,4.921194643,-2.801017195,-0.175663179,-0.084380832,-0.03720372,0.015521667
10.34,-1.763937342,-1.914158667,4.957734032,-2.824020495,-1.944803754,-2.003046077,4.928591334,-2.809396691,-0.180866412,-0.08888741,-0.029142698,0.014623805
10.37,-1.761233883,-1.911462161,4.96647905,-2.832650495,-1.947326269,-2.00471788,4.935650808,-2.817863616,-0.186092387,-0.093255719,-0.030828242,0.014786879
10.41,-1.757607832,-1.907811575,4.976708783,-2.843766747,-1.950588195,-2.006593606,4.944520924,-2.829064836,-0.192980363,-0.098782031,-0.032187859,0.014701911
10.44,-1.754855672,-1.905012106,4.984338316,-2.852516303,-1.952913913,-2.007697637,4.950770418,-2.837318491,-0.198058241,-0.102685531,-0.033567898,0.015197812
10.47,-1.752059253,-1.902182685,4.992099245,-2.861018803,-1.95516245,-2.008572739,4.956755751,-2.845614819,-0.203103197,-0.106390054,-0.035343494,0.015403984
10.51,-1.809897939,-1.998250603,4.998464359,-2.871386644,-1.958007916,-2.009299989,4.964253788,-2.856919814,-0.148109977,-0.011049386,-0.034210572,0.01446683
10.54,-1.808605181,-1.997311996,5.003092121,-2.880118462,-1.95995096,-2.009481275,4.969544229,-2.865361548,-0.151345779,-0.01216928,-0.033547892,0.014756915
10.57,-1.807278093,-1.99633261,5.009902698,-2.888488462,-1.961710403,-2.00938057,4.974589783,-2.873642312,-0.15443231,-0.01304796,-0.035312915,0.01484615
10.61,-1.805440413,-1.99494342,5.016513797,-2.899836803,-1.963723982,-2.008723135,4.980905416,-2.884631074,-0.158283569,-0.013779715,-0.03560838,0.015205729
10.64,-1.804023432,-1.993852051,5.024937755,-2.908609863,-1.964997356,-2.007829754,4.985346297,-2.893091936,-0.160973924,-0.013977704,-0.039591457,0.015517927
10.67,-1.802600072,-1.992729327,5.031089084,-2.917167363,-1.966065251,-2.006625771,4.989578067,-2.901623972,-0.163465179,-0.013896444,-0.041511017,0.015543391
10.71,-1.800680734,-1.991176608,5.047996222,-2.928022327,-1.967020709,-2.004408593,4.994857668,-2.91274213,-0.166339976,-0.013231985,-0.053138555,0.015280197
10.74,-1.799202707,-1.989973367,5.040549487,-2.937057266,-1.967369691,-2.002274975,4.99853862,-2.920951408,-0.168166983,-0.012301608,-0.042010867,0.016105858
10.77,-1.797691362,-1.988724107,5.046040037,-2.945784766,-1.96746674,-1.999803172,5.002031405,-2.929305525,-0.169775377,-0.011079066,-0.044008632,0.016479241
10.81,-1.795659573,-1.986986838,5.046574863,-2.956753255,-1.967099134,-1.995891943,5.00632252,-2.9407022,-0.171439561,-0.008905105,-0.040252343,0.016051056
10.84,-1.794124983,-1.985623794,5.051969919,-2.964665926,-1.966369041,-1.992492545,5.009297987,-2.949095176,-0.172244058,-0.006868751,-0.042671932,0.01557075
10.87,-1.792550915,-1.984230229,5.056759538,-2.973433426,-1.965281777,-1.988759428,5.012091458,-2.957324901,-0.172730862,-0.004529199,-0.04466808,0.016108525
10.91,-1.790400068,-1.982316496,5.08359914,-2.985173414,-1.963203432,-1.983193088,5.015534628,-2.968397383,-0.172803364,-0.000876591,-0.068064512,0.016776032
10.94,-1.788772177,-1.980839116,5.082854388,-2.993920681,-1.961171208,-1.978592465,5.0178996,-2.976916184,-0.172399031,0.002246651,-0.064954789,0.017004497
10.97,-1.787136663,-1.979338375,5.087717075,-3.002180681,-1.95874984,-1.973683684,5.020116243,-2.985410422,-0.171613177,0.005654691,-0.067600832,0.016770259
11.01,-1.874771986,-2.04933375,5.079344677,-3.013603854,-1.954741773,-1.966582269,5.022756208,-2.99645175,-0.079969786,0.082751481,-0.05658847,0.017152104
11.04,-1.875046543,-2.04906949,5.072530791,-3.021651723,-1.951163288,-1.960855837,5.024508933,-3.004726065,-0.076116745,0.088213652,-0.048021857,0.016925658
11.07,-1.875303683,-2.048803538,5.07623108,-3.030154223,-1.947184405,-1.954849787,5.026110147,-3.013163502,-0.071880722,0.093953751,-0.050120933,0.016990721
11.11,-1.875654777,-2.048423645,5.066081008,-3.04037654,-1.941090616,-1.946336654,5.028016702,-3.024519826,-0.065435839,0.102086991,-0.038064305,0.015856714
11.14,-1.875906556,-2.048124055,5.069377951,-3.048405963,-1.935864861,-1.939574947,5.029298932,-3.032855573,-0.059958306,0.108549109,-0.040079019,0.015550389
11.17,-1.876127682,-2.047837909,5.072388218,-3.056708463,-1.930162737,-1.932544259,5.030472994,-3.041112806,-0.054035055,0.115293651,-0.041915224,0.015595656
11.21,-1.876392056,-2.047437871,5.069798151,-3.06831655,-1.921732616,-1.922691717,5.031869405,-3.052327438,-0.04534056,0.124746154,-0.037928746,0.015989113
11.24,-1.876596167,-2.04710548,5.064619712,-3.076502764,-1.914773796,-1.914958519,5.032779246,-3.060867353,-0.038177629,0.132146961,-0.031840465,0.01563541
11.27,-1.87681342,-2.046756924,5.067028535,-3.085295264,-1.907307322,-1.906986365,5.033601588,-3.069311798,-0.030493902,0.13977056,-0.033426947,0.015983466
11.31,-1.877095161,-2.046273526,5.063788742,-3.095696116,-1.896397527,-1.895952231,5.034507011,-3.080357202,-0.019302366,0.150321295,-0.029281731,0.015338915
11.34,-1.877292457,-2.045921204,5.064170829,-3.103826717,-1.887537039,-1.887405039,5.035075138,-3.088723954,-0.010244582,0.158516165,-0.029095691,0.015102762
11.37,-1.877512939,-2.045558472,5.066173928,-3.112451717,-1.878193939,-1.87867871,5.035557412,-3.097208076,-0.000681,0.166879762,-0.030616517,0.01524364
11.41,-1.877848343,-2.045101777,5.051733869,-3.123729877,-1.86478519,-1.866739956,5.036063671,-3.108491247,0.013063154,0.178361822,-0.015670198,0.01523863
11.44,-1.878115133,-2.044762866,5.043561486,-3.132157786,-1.853977917,-1.857578445,5.036323006,-3.116816564,0.024137216,0.18718442,-0.00723848,0.015341223
11.47,-1.878364348,-2.044406789,5.044671741,-3.140402786,-1.84264641,-1.848278817,5.036508047,-3.125138294,0.035717938,0.196127972,-0.008163694,0.015264492
11.51,-1.821094725,-1.944391113,5.054660102,3.131517243,-1.826624609,-1.835647195,5.036643139,-3.136403186,-0.005529885,0.108743917,-0.018016964,0.015264877
11.54,-1.81987851,-1.941465283,5.05222419,3.123116384,-1.813893997,-1.826014447,5.036679612,3.138305891,0.005984513,0.115450836,-0.015544578,0.015189507
11.57,-1.818678698,-1.938533432,5.053522359,3.114861384,-1.800611122,-1.816275419,5.036666463,3.129913657,0.018067576,0.122258013,-0.016855896,0.015052273
11.61,-1.817088458,-1.934625417,5.062521325,3.10334328,-1.781913199,-1.803115824,5.036505248,3.118804067,0.03517526,0.131509593,-0.026016077,0.015460787
11.64,-1.815898974,-1.931709037,5.071315712,3.095172965,-1.767200686,-1.793138761,5.036286232,3.110382892,0.048698288,0.138570277,-0.03502948,0.015209927
11.67,-1.814746002,-1.928819226,5.072976939,3.086787965,-1.751986385,-1.783103631,5.035990077,3.101911262,0.062759617,0.145715596,-0.036986861,0.015123297
11.71,-1.813265878,-1.924975072,5.061763662,3.075979039,-1.730718456,-1.769657398,5.035473637,3.090682311,0.082547422,0.155317674,-0.026290025,0.014703272
11.74,-1.812173405,-1.922089639,5.062140675,3.068116988,-1.714031863,-1.759549449,5.034966457,3.082311165,0.098141542,0.16254019,-0.027174218,0.014194177
11.77,-1.81112232,-1.919204195,5.063305193,3.059731988,-1.696848681,-1.749433248,5.034395165,3.073914269,0.114273639,0.169770947,-0.028910027,0.014182281
11.81,-1.809786466,-1.915366737,5.058546949,3.048925229,-1.673059385,-1.735938825,5.033535591,3.062639406,0.13672708,0.179427913,-0.025011358,0.013714177
11.84,-1.808844358,-1.912485946,5.045734103,3.040524433,-1.654517559,-1.725821579,5.032846103,3.054203788,0.154326799,0.186664367,-0.012888,0.013679355
11.87,-1.807920646,-1.9096056,5.046318015,3.031761933,-1.635451999,-1.715711193,5.032107241,3.045823071,0.172468647,0.193894407,-0.014210773,0.014061138
11.91,-1.806714049,-1.905775883,5.049415583,3.020066314,-1.609132581,-1.702244399,5.031046979,3.034661906,0.197581468,0.203531484,-0.018368604,0.014595592
11.94,-1.805868252,-1.902920254,5.062989835,3.011295306,-1.588770192,-1.692156159,5.030211531,3.026223732,0.21709806,0.210764095,-0.032778304,0.014928426
11.97,-1.805083432,-1.900068336,5.064124982,3.002867806,-1.567941631,-1.682082844,5.029356288,3.017770984,0.237141801,0.217985492,-0.034768694,0.014903178
12.01,-1.626526893,-1.797061237,5.059516299,2.991421255,-1.539271333,-1.668695012,5.028156253,3.006584561,0.08725556,0.128366225,-0.031360047,0.015163306
12.04,-1.621864789,-1.792027182,5.055351326,2.984052708,-1.517127967,-1.6586916,5.027182949,2.998226623,0.104736821,0.133335581,-0.028168377,0.014173915
12.07,-1.617233897,-1.786993465,5.056176044,2.975480208,-1.494563658,-1.648714891,5.026168176,2.989826361,0.122670239,0.138278574,-0.030007868,0.014346153
12.11,-1.61114785,-1.780283119,5.055720233,2.964698423,-1.463715811,-1.635471545,5.024745439,2.978563389,0.147432039,0.144811574,-0.030974794,0.013864967
12.14,-1.606653085,-1.775256186,5.052569505,2.95651222,-1.439966616,-1.625602458,5.02365242,2.970161549,0.166686469,0.149653728,-0.028917085,0.013649329
12.17,-1.602206423,-1.770247075,5.053269061,2.94790722,-1.415776193,-1.615789252,5.022523556,2.961798859,0.18643023,0.154457823,-0.030745505,0.01389164
12.21,-1.596321325,-1.763597801,5.044072735,2.936756926,-1.382797768,-1.60281413,5.020988013,2.950619926,0.213523557,0.160783672,-0.023084722,0.013862999
12.24,-1.591996154,-1.758607758,5.046501295,2.928035038,-1.35756029,-1.593175391,5.019810362,2.942194658,0.234435864,0.165432367,-0.026690933,0.01415962
12.27,-1.587746669,-1.753609369,5.047058839,2.919640038,-1.331934847,-1.583618935,5.018634738,2.933777118,0.255811822,0.169990435,-0.028424101,0.01413708
12.31,-1.582188998,-1.746960767,5.041799814,2.9088396,-1.297038383,-1.571049779,5.017052109,2.922598206,0.285150615,0.175910988,-0.024747705,0.013758606
12.34,-1.57808763,-1.741997211,5.045739664,2.901211087,-1.270376919,-1.561753792,5.015865964,2.914212286,0.30771071,0.180243419,-0.0298737,0.013001198
12.37,-1.574046247,-1.737026469,5.04639388,2.892666087,-1.24340111,-1.5525512,5.014682097,2.905806297,0.330645138,0.184475269,-0.031711783,0.01314021
12.41,-1.568779095,-1.730384709,5.051007161,2.880729091,-1.206840988,-1.540468312,5.013119076,2.894589929,0.361938107,0.189916397,-0.037888085,0.013860838
12.44,-1.564915049,-1.725402405,5.047676664,2.871776928,-1.178946073,-1.531563527,5.011952773,2.886198774,0.385968976,0.193838877,-0.035723891,0.014421846
12.47,-1.561100455,-1.720432969,5.048499033,2.863086928,-1.15072981,-1.522772931,5.010777891,2.877817164,0.410370645,0.197660038,-0.037721142,0.014730236
12.51,-1.413718047,-1.697430369,5.046403594,2.852352889,-1.112607466,-1.511248296,5.009215344,2.866626631,0.301110581,0.186182073,-0.03718825,0.014273742
12.54,-1.407269527,-1.692381178,5.064807816,2.843840335,-1.083656275,-1.502755174,5.008042822,2.858224276,0.323613252,0.189626004,-0.056764994,0.014383941
12.57,-1.400900034,-1.687349407,5.066296418,2.835442835,-1.054418551,-1.494383047,5.006886821,2.849828367,0.346481483,0.192966361,-0.059409596,0.014385532
12.61,-1.392510775,-1.680658316,5.066052231,2.823682451,-1.014923192,-1.483445081,5.005339293,2.838654212,0.377587583,0.197213235,-0.060712938,0.01497176
12.64,-1.386287258,-1.675653546,5.05087418,2.816393166,-0.984989034,-1.475390994,5.004181431,2.830270224,0.401298224,0.200262552,-0.046692748,0.013877058
12.67,-1.380132363,-1.670659191,5.051933221,2.807658166,-0.954856105,-1.467435743,5.00301144,2.821873927,0.425276257,0.203223448,-0.048921781,0.01421576
12.71,-1.372050148,-1.663996603,5.051884443,2.796689257,-0.914275837,-1.457020138,5.001472645,2.810682922,0.457774311,0.206976465,-0.050411798,0.013993665
12.74,-1.366079081,-1.659018272,5.051516567,2.788820342,-0.883522135,-1.449357664,5.000334226,2.802317775,0.482556946,0.209660607,-0.051182341,0.013497433
12.77,-1.360181032,-1.654048818,5.05264801,2.780280342,-0.852573293,-1.44179355,4.99922015,2.793957971,0.50760774,0.212255269,-0.05342786,0.01367763
12.81,-1.352448509,-1.647430895,5.0447684,2.769806646,-0.811026676,-1.431868817,4.997770897,2.782781233,0.541421832,0.215562078,-0.046997503,0.012974587
12.84,-1.346735638,-1.642473991,5.035735051,2.761008297,-0.779649334,-1.424555531,4.996714705,2.774392189,0.567086303,0.21791846,-0.039020346,0.013383892
12.87,-1.341097137,-1.637530243,5.036471787,2.752393297,-0.74809303,-1.417349761,4.995683345,2.7660169,0.593004107,0.220180481,-0.040788442,0.013623603
12.91,-1.333696508,-1.630950798,5.044353526,2.741679403,-0.705731554,-1.407932262,4.994343557,2.754863572,0.627964954,0.223018536,-0.050009969,0.013184169
12.94,-1.328243251,-1.626030017,5.044353185,2.733797788,-0.673816062,-1.400990719,4.993397354,2.746485402,0.654427189,0.225039298,-0.050955831,0.012687614
12.97,-1.322895664,-1.621107571,5.045523,2.725217788,-0.641807107,-1.394136685,4.992486455,2.738098737,0.681088557,0.226970886,-0.053036545,0.012880949
13.01,-0.962686438,-1.474103005,5.024893777,2.713569732,-0.59891277,-1.3851836,4.991337811,2.726925011,0.363773668,0.088919405,-0.033555966,0.013355278
13.04,-0.950168522,-1.466245185,5.028596833,2.706141997,-0.56658767,-1.378609974,4.99049116,2.718554317,0.383580851,0.087635212,-0.038105674,0.01241232
13.07,-0.937732679,-1.458406897,5.029444044,2.697611997,-0.534194755,-1.37212266,4.989677843,2.710180447,0.403537924,0.086284238,-0.039766201,0.012568451
13.11,-0.921306355,-1.447960185,5.030185406,2.68618851,-0.490928262,-1.363615719,4.988668282,2.699004725,0.430378093,0.084344466,-0.041517124,0.012816215
13.14,-0.909100693,-1.440121293,5.029437993,2.677798399,-0.458394474,-1.357362763,4.987990079,2.690624193,0.450706218,0.08275853,-0.041447914,0.012825794
13.17,-0.896984516,-1.432281967,5.030531091,2.669323399,-0.425787965,-1.351214086,4.987348106,2.682244439,0.471196551,0.08106788,-0.043182985,0.01292104
13.21,-0.880952209,-1.421871871,5.029570652,2.658503961,-0.382245582,-1.343187724,4.986556454,2.671067018,0.498706627,0.078684147,-0.043014197,0.012563057
13.24,-0.869022518,-1.414071543,5.031215097,2.650862421,-0.349598993,-1.337277383,4.986012358,2.662690697,0.519423525,0.07679416,-0.04520274,0.011828276
13.27,-0.857192555,-1.406253217,5.032518479,2.642097421,-0.316954217,-1.331455719,4.985508522,2.654318081,0.540238337,0.074797498,-0.047009957,0.01222066
13.31,-0.841562785,-1.395844266,5.035174283,2.629686538,-0.273390308,-1.323887641,4.984915091,2.643133562,0.568172477,0.071956625,-0.050259192,0.013447024
13.34,-0.829922961,-1.388082977,5.032150548,2.622293186,-0.240718102,-1.318348902,4.984510133,2.634733209,0.589204858,0.069734075,-0.047640415,0.012440022
13.37,-0.818363353,-1.380347861,5.033634655,2.613813186,-0.208090821,-1.312889497,4.984146378,2.626346342,0.610272533,0.067458364,-0.049488277,0.012533156
13.41,-0.803095433,-1.370039715,5.025237198,2.60365671,-0.16468482,-1.305752005,4.983715784,2.615188939,0.638410613,0.06428771,-0.041521414,0.011532229
13.44,-0.791766358,-1.36232657,5.008892684,2.594362665,-0.132165363,-1.300528881,4.983453058,2.60680413,0.659600996,0.061797689,-0.025439626,0.012441465
13.47,-0.780518941,-1.354638166,5.009756961,2.585812665,-0.099670616,-1.295401086,4.9832144,2.598402698,0.680848325,0.059237081,-0.026542561,0.012590032
13.51,-0.51199842,-1.362542602,5.002658738,2.576066205,-0.056461408,-1.288696331,4.982980322,2.587213638,0.455537012,0.073846271,-0.019678415,0.011147432
13.54,-0.496244529,-1.355667127,5.000203886,2.568531434,-0.024175311,-1.283746074,4.982874693,2.578844878,0.472069218,0.071921053,-0.017329194,0.010313444
13.57,-0.480570885,-1.3487953,5.001042651,2.559781434,0.008044611,-1.278865551,4.982841933,2.570469046,0.488615495,0.069929749,-0.018200718,0.010687611
13.61,-0.459802819,-1.339639833,4.998913886,2.54769776,0.050912116,-1.272499937,4.982893028,2.559269988,0.510714934,0.067139897,-0.016020859,0.011572229
13.64,-0.444313959,-1.332787628,4.996973595,2.539545141,0.082951932,-1.267793812,4.983003589,2.550876707,0.527265891,0.064993816,-0.013970007,0.011331566
13.67,-0.428897079,-1.325968817,4.997977813,2.530932641,0.11488015,-1.263104544,4.983164978,2.54249353,0.54377723,0.062864274,-0.014812834,0.011560889
13.71,-0.408464673,-1.316884477,4.991255126,2.519758529,0.157276503,-1.256877855,4.983467444,2.531311595,0.565741177,0.060006622,-0.007787682,0.011553066
13.74,-0.393244632,-1.310079942,4.980023122,2.511579021,0.188989763,-1.252242189,4.983759149,2.522937636,0.582234395,0.057837753,0.003736027,0.011358615
13.77,-0.378098705,-1.303301284,4.980683875,2.503046521,0.220632581,-1.247618614,4.984082518,2.514578188,0.598731286,0.055682671,0.003398643,0.011531667
13.81,-0.358029955,-1.294277772,4.970402755,2.491276272,0.26262375,-1.241421555,4.984602666,2.503415642,0.620653705,0.052856217,0.014199911,0.012139369
13.84,-0.343088435,-1.28751382,4.971369758,2.482347403,0.293958787,-1.236742045,4.985057035,2.495025396,0.637047223,0.050771776,0.013687277,0.012677993
13.87,-0.328238663,-1.280754834,4.972023028,2.473849903,0.325206897,-1.232060607,4.985580048,2.486641874,0.653445561,0.048694228,0.01355702,0.012791972
13.91,-0.308585745,-1.271785431,4.980173032,2.462293254,0.366719202,-1.225821398,4.986361103,2.47548769,0.675304947,0.045964033,0.006188071,0.013194436
13.94,-0.293940146,-1.26508809,4.968230369,2.453954932,0.397687899,-1.22110367,4.987024956,2.467113494,0.691628046,0.04398442,0.018794587,0.013158562
13.97,-0.279385611,-1.25841273,4.96902821,2.445329932,0.428516086,-1.216341054,4.987727685,2.458722028,0.707901697,0.042071676,0.018699474,0.013392096
14.01,0.017813819,-1.314506199,4.976414757,2.434352583,0.469406189,-1.209940601,4.988739955,2.447530983,0.451592369,0.104565597,0.012325198,0.0131784
14.04,0.037295176,-1.309452391,4.984901534,2.42625526,0.499942532,-1.205123717,4.989542392,2.439159963,0.462647357,0.104328673,0.004640857,0.012904703
14.07,0.056703198,-1.304426674,4.986412416,2.41774526,0.530360869,-1.200274228,4.990380876,2.43079819,0.473657671,0.104152446,0.003968459,0.013052929
14.11,0.082456504,-1.297755477,4.99213387,2.406378448,0.570648645,-1.193695182,4.991551957,2.41962208,0.488192141,0.104060295,-0.000581913,0.013243633
14.14,0.101661067,-1.292754807,4.993757044,2.398003902,0.600679076,-1.18867322,4.992454939,2.411224525,0.499018009,0.104081587,-0.001302105,0.013220623
14.17,0.120798782,-1.287771549,4.995604851,2.389648902,0.630606394,-1.183597809,4.993375272,2.402851594,0.509807613,0.10417374,-0.002229579,0.013202692
14.21,0.146203524,-1.281150989,4.989998923,2.378001843,0.670321535,-1.176699538,4.994603353,2.391737823,0.524118011,0.104451451,0.00460443,0.01373598
14.24,0.165174833,-1.276221191,4.988869697,2.369569658,0.699932752,-1.171376939,4.995532566,2.383360391,0.534757919,0.104844252,0.006662869,0.013790733
14.27,0.184065062,-1.271305326,4.990537426,2.360939658,0.729415585,-1.165941159,4.996456145,2.374941838,0.545350523,0.105364168,0.005918719,0.014002179
14.31,0.20913996,-1.264773772,5.001859916,2.350087645,0.768534113,-1.15853186,4.997717962,2.36375343,0.559394153,0.106241912,-0.004141954,0.013665785
14.34,0.227867741,-1.259919268,5.012461893,2.342151419,0.797733005,-1.15286603,4.998667422,2.355409018,0.569865265,0.107053238,-0.013794471,0.013257599
14.37,0.246533696,-1.255104823,5.014849609,2.333416419,0.826801206,-1.147097825,4.999630355,2.347047745,0.580267509,0.108006998,-0.015219253,0.013631326
14.41,0.271320388,-1.248718185,5.017916972,2.321252761,0.865290789,-1.139196626,5.000895482,2.335832809,0.593970401,0.109521559,-0.01702149,0.014580048
14.44,0.289816123,-1.24394663,5.014867631,2.313057974,0.893984779,-1.133143519,5.001830884,2.327427474,0.604168656,0.110803111,-0.013036747,0.014369501
14.47,0.308236219,-1.239215145,5.017174926,2.304317974,0.922570506,-1.127016468,5.002741676,2.31905757,0.614334286,0.112198676,-0.01443325,0.014739596
14.51,0.470497013,-1.144846774,5.017438127,2.292812517,0.960455905,-1.11867803,5.003924117,2.307910916,0.489958892,0.026168744,-0.01351401,0.015098399
14.54,0.490715031,-1.138154863,5.019370571,2.284627756,0.988666756,-1.112260851,5.004794461,2.299506394,0.497951725,0.025894012,-0.01457611,0.014878638
14.57,0.510850923,-1.13147701,5.021669496,2.276032756,1.016740525,-1.105734423,5.005653368,2.291086969,0.505889602,0.025742587,-0.016016128,0.015054212
14.61,0.537570502,-1.122596594,5.024513571,2.264776742,1.053966182,-1.096879761,5.00678675,2.279909355,0.51639568,0.025716833,-0.01772682,0.015132613
14.64,0.557521618,-1.115980427,5.029061888,2.256098746,1.081726263,-1.090118821,5.00761031,2.271551308,0.524204645,0.025861607,-0.021451578,0.015452562
14.67,0.57742354,-1.109409132,5.031570982,2.247463746,1.109346633,-1.083244188,5.008425025,2.263170022,0.531923092,0.026164944,-0.023145957,0.015706276
14.71,0.603850983,-1.10069211,5.023811202,2.236254454,1.145914852,-1.073869569,5.009466052,2.251949868,0.542063869,0.026822541,-0.01434515,0.015695414
14.74,0.623591964,-1.094184764,5.038961167,2.228085368,1.173180459,-1.066723891,5.010228048,2.243555182,0.549588495,0.027460873,-0.028733119,0.015469814
14.77,0.643280122,-1.087722754,5.041592245,2.219287868,1.20033824,-1.059504761,5.010959704,2.235186817,0.557058118,0.028217994,-0.030632541,0.015898949
14.81,0.66944797,-1.079166297,5.039690787,2.209353191,1.236317381,-1.049697256,5.011915979,2.224018198,0.566869411,0.029469041,-0.027774808,0.014665006
14.84,0.68899891,-1.07276938,5.036582048,2.201749958,1.263116011,-1.042182641,5.012594138,2.21560317,0.574117101,0.030586739,-0.02398791,0.013853212
14.87,0.708478748,-1.066391397,5.03892218,2.193449958,1.289799792,-1.03457369,5.013248941,2.207187499,0.581321043,0.031817707,-0.025673239,0.013737541
14.91,0.734346391,-1.057953448,5.045720883,2.182167922,1.325202943,-1.024293004,5.014067919,2.196021447,0.590856553,0.033660444,-0.031652964,0.013853525
14.94,0.753695602,-1.051692424,5.045278611,2.174242757,1.351611244,-1.016455337,5.014648697,2.187654947,0.597915642,0.035237087,-0.030629913,0.01341219
14.97,0.772982764,-1.045487045,5.047691922,2.165630257,1.377900327,-1.008499612,5.015204799,2.179254231,0.604917564,0.036987433,-0.032487124,0.013623974
15.01,1.013777243,-1.023869481,5.050303948,2.153760771,1.412756759,-0.99769778,5.015881973,2.168019426,0.398979516,0.026171701,-0.034421975,0.014258654
15.04,1.036874168,-1.017596155,5.052455789,2.14546405,1.438787807,-0.989493198,5.016347508,2.159636069,0.401913639,0.028102957,-0.036108281,0.014172019
15.07,1.059918623,-1.011380151,5.05488244,2.13714655,1.464739322,-0.98121033,5.016768035,2.151280953,0.404820699,0.030169821,-0.038114405,0.014134403
15.11,1.09053901,-1.003152045,5.050044152,2.126055033,1.499166513,-0.969968262,5.017256187,2.140098779,0.408627503,0.033183782,-0.032787965,0.014043746
15.14,1.113439399,-0.997038683,5.040379539,2.117999436,1.524859824,-0.961381936,5.017547834,2.131665908,0.411420425,0.035656747,-0.022831705,0.013666472
15.17,1.136269033,-0.990961518,5.042187483,2.109606936,1.550484605,-0.952710797,5.017803432,2.123252808,0.414215571,0.038250721,-0.024384051,0.013645872
15.21,1.166620366,-0.982947891,5.045845601,2.098979233,1.584547667,-0.941012617,5.018064099,2.112114163,0.417927301,0.041935275,-0.027781502,0.01313493
15.24,1.189327033,-0.977007609,5.044620528,2.090654115,1.61000203,-0.932099401,5.018229395,2.103742198,0.420674997,0.044908208,-0.026391132,0.013088082
15.27,1.211965554,-0.97111018,5.046396939,2.082004115,1.635382953,-0.923069847,5.018365082,2.095317926,0.423417399,0.048040333,-0.028031857,0.01331381
15.31,1.24202852,-0.963307148,5.035944095,2.071445786,1.669120826,-0.910864145,5.018499103,2.084079953,0.427092306,0.052443003,-0.017444992,0.012634167
15.34,1.264508183,-0.957519589,5.032341685,2.062816312,1.694370419,-0.901622421,5.018555099,2.075718725,0.429862236,0.055897167,-0.013786585,0.012902413
15.37,1.286936332,-0.951798336,5.033581491,2.054253812,1.719574258,-0.892302854,5.018583915,2.06737053,0.432637926,0.059495483,-0.014997576,0.013116717
15.41,1.316733283,-0.944249259,5.035033074,2.042437747,1.753074794,-0.879690406,5.018582099,2.056156313,0.436341511,0.064558853,-0.016450975,0.013718567
15.44,1.338998626,-0.938614868,5.032779884,2.033162809,1.778136343,-0.870111952,5.018552984,2.047717393,0.439137717,0.068502916,-0.0142269,0.014554584
15.47,1.361189487,-0.933044543,5.034030713,2.024690309,1.803171025,-0.860479333,5.01851373,2.039323694,0.441981538,0.07256521,-0.015516983,0.014633385
15.51,1.57273524,-0.937998833,5.028740127,2.013200798,1.836503999,-0.847533685,5.018420737,2.028201021,0.263768759,0.090465148,-0.01031939,0.015000223
15.54,1.597996017,-0.932925849,5.038458393,2.004587143,1.861451936,-0.837706217,5.018337539,2.019809027,0.263455919,0.095219632,-0.020120854,0.015221884
15.57,1.623184508,-0.92790187,5.03983967,1.996062143,1.886364243,-0.827791601,5.01823342,2.011382022,0.263179736,0.100110268,-0.021606251,0.015319879
15.61,1.656665363,-0.921283226,5.039037886,1.984872073,1.919541306,-0.814477358,5.018090501,2.000199042,0.262875943,0.106805868,-0.020947385,0.015326969
15.64,1.681727411,-0.916397134,5.045024067,1.975772415,1.94437876,-0.804454686,5.017956906,1.991860457,0.262651349,0.111942447,-0.027067161,0.016088042
15.67,1.706745165,-0.911581261,5.046609304,1.967304915,1.969141094,-0.79439478,5.017816126,1.983502504,0.262395928,0.117186481,-0.028793178,0.016197589
15.71,1.740032785,-0.905216187,5.045002928,1.956036003,2.001934795,-0.780920622,5.017602122,1.972373199,0.26190201,0.124295565,-0.027400805,0.016337195
15.74,1.76494724,-0.900491498,5.040813085,1.94759295,2.026311579,-0.770840019,5.017437931,1.964046861,0.261364339,0.12965148,-0.023375154,0.016453911
15.77,1.789836824,-0.895835636,5.042207803,1.93900795,2.050497955,-0.760823031,5.017267707,1.955646874,0.260661131,0.135012605,-0.024940096,0.016638923
15.81,1.822981135,-0.889730128,5.041788894,1.927469068,2.082312888,-0.747583473,5.017045054,1.944366498,0.259331754,0.142146655,-0.02474384,0.01689743
15.84,1.847790351,-0.885204039,5.025917111,1.919067189,2.105778014,-0.737725543,5.016893307,1.93606317,0.257987663,0.147478496,-0.009023804,0.016995981
15.87,1.872544035,-0.880725566,5.026873324,1.910592189,2.128929192,-0.727946128,5.016754232,1.927847453,0.256385157,0.152779438,-0.010119092,0.017255264
15.91,1.905471105,-0.874846517,5.03485438,1.900034175,2.15919383,-0.715132136,5.016610649,1.91666925,0.253722725,0.159714381,-0.018243731,0.016635075
15.94,1.930128,-0.870527478,5.03961881,1.891393947,2.181397466,-0.705702138,5.016539301,1.908124564,0.251269466,0.164825339,-0.023079509,0.016730617
15.97,1.954751882,-0.866269008,5.041152493,1.882646447,2.203205579,-0.696381097,5.016512297,1.89971398,0.248453697,0.169887911,-0.024640195,0.017067533
16.01,2.061859503,-0.805085186,5.040527003,1.871360449,2.231520215,-0.684163188,5.016517698,1.888834432,0.169660711,0.120921997,-0.024009306,0.017473983
16.04,2.087185533,-0.799676567,5.040052306,1.862764574,2.252169387,-0.675216994,5.016560234,1.880515977,0.164983854,0.124459573,-0.023492072,0.017751403
16.07,2.112477746,-0.794349732,5.041725612,1.854149574,2.272378934,-0.666447318,5.016612231,1.871949712,0.159901187,0.127902414,-0.025113381,0.017800139
16.11,2.146144057,-0.787350074,5.036469347,1.844397554,2.29846847,-0.655037678,5.016719241,1.860624544,0.152324412,0.132312396,-0.019750107,0.01622699
16.14,2.171358677,-0.782166582,5.037356691,1.836740816,2.317350727,-0.64668215,5.016808942,1.852497116,0.145992051,0.135484432,-0.020547748,0.0157563
16.17,2.196543838,-0.777028736,5.039067283,1.827915816,2.335714519,-0.638510404,5.016915556,1.844348238,0.139170681,0.138518331,-0.022151727,0.016432422
16.21,2.230073351,-0.770286404,5.039456533,1.816702711,2.359221065,-0.62800982,5.017079004,1.832907222,0.129147714,0.142276583,-0.022377529,0.016204511
16.24,2.255186536,-0.765320017,5.03199561,1.808051224,2.376105453,-0.620400866,5.017221876,1.824273743,0.120918917,0.14491915,-0.014773734,0.01622252
16.27,2.280258173,-0.760408012,5.033632586,1.799368724,2.392460509,-0.612949956,5.017378377,1.815964787,0.112202336,0.147458057,-0.016254208,0.016596063
16.31,2.313612725,-0.753912777,5.032091188,1.788594914,2.413368181,-0.603316461,5.017601515,1.805128215,0.099755456,0.150596316,-0.014489673,0.016533301
16.34,2.338598516,-0.749092325,5.023745016,1.780023089,2.428442372,-0.596355123,5.017788346,1.79667192,0.089843855,0.152737202,-0.005956669,0.016648831
16.37,2.363559982,-0.744336405,5.025183998,1.771163089,2.443104512,-0.589574531,5.017980548,1.788057544,0.079544529,0.154761874,-0.007203449,0.016894455
16.41,2.396791875,-0.738069978,5.022321709,1.760832749,2.461920898,-0.580794118,5.018269915,1.776868274,0.065129023,0.15727586,-0.004051794,0.016035525
16.44,2.421686543,-0.733415911,5.019301667,1.753017115,2.475501571,-0.574398008,5.018498443,1.768709831,0.053815028,0.159017903,-0.000803224,0.015692715
16.47,2.446576947,-0.728804595,5.020730356,1.744552115,2.488706245,-0.568175846,5.018766775,1.760413999,0.042129297,0.160628749,-0.001963581,0.015861884
16.51,2.389815122,-0.725001127,5.024625977,1.733493233,2.505603851,-0.560208852,5.019213404,1.748714896,0.115788729,0.164792275,-0.005412573,0.015221663
16.54,2.41211253,-0.720673546,5.027494221,1.725033853,2.517652835,-0.554399263,5.019644877,1.739996896,0.105540305,0.166274283,-0.007849344,0.014963043
16.57,2.43443796,-0.716406626,5.029414679,1.716538853,2.529158803,-0.548671315,5.0201274,1.731739332,0.094720843,0.167735311,-0.009287278,0.015200479
16.61,2.464240971,-0.710756236,5.031375004,1.706585305,2.543339412,-0.541245176,5.020849223,1.720878754,0.079098441,0.16951106,-0.010525781,0.01429345
16.64,2.486608456,-0.706568815,5.033280205,1.697385276,2.552989064,-0.535880292,5.021410429,1.71185577,0.066380609,0.170688524,-0.011869776,0.014470494
16.67,2.508994486,-0.702478543,5.035482788,1.688780276,2.561863571,-0.530622033,5.021976364,1.70258081,0.052869085,0.171856511,-0.013506423,0.013800534
16.71,2.538868193,-0.697127061,5.031396404,1.677990332,2.572211966,-0.523683666,5.022735357,1.69140404,0.033343773,0.173443396,-0.008661047,0.013413709
16.74,2.561293331,-0.693169743,5.038563058,1.66986252,2.578847151,-0.518527609,5.023283838,1.683516433,0.01755382,0.174642134,-0.015279221,0.013653913
16.77,2.583727105,-0.689273575,5.041028287,1.66122502,2.584665943,-0.51343967,5.023827204,1.674998202,0.000938838,0.175833905,-0.017201083,0.013773183
16.81,2.613650403,-0.684191597,5.037063443,1.649540043,2.590934279,-0.506733873,5.024511364,1.662642285,-0.022716124,0.177457725,-0.012552079,0.013102242
16.84,2.636124517,-0.680476565,5.043273654,1.641249753,2.59451968,-0.501649222,5.025007631,1.65408558,-0.041604836,0.178827343,-0.018266023,0.012835828
16.87,2.658616813,-0.67681813,5.045839969,1.632637253,2.597307525,-0.496492576,5.025461697,1.64621621,-0.061309288,0.180325554,-0.020378272,0.013578957
16.91,2.688617405,-0.672007812,5.03869883,1.620651401,2.599595616,-0.489542902,5.026036645,1.635252895,-0.089021789,0.18246491,-0.012662185,0.014601494
16.94,2.711143381,-0.668477762,5.047546472,1.612330868,2.600277106,-0.484276147,5.026415962,1.626149047,-0.110866275,0.184201615,-0.02113051,0.013818179
16.97,2.733700016,-0.665020449,5.050167288,1.603800868,2.600224843,-0.478902932,5.026776781,1.617213221,-0.133475174,0.186117517,-0.023390507,0.013412353
17.01,2.699381765,-0.591312749,5.05428116,1.592552732,2.598856465,-0.471447275,5.02720069,1.606541727,-0.1005253,0.119865474,-0.02708047,0.013988995
17.04,2.72044667,-0.586462744,5.050608884,1.584297999,2.596901693,-0.465664793,5.027485389,1.598525502,-0.123544976,0.120797951,-0.023123495,0.014227503
17.07,2.741546119,-0.581669714,5.053189625,1.576090499,2.594302506,-0.459770383,5.027738194,1.589857076,-0.147243614,0.121899332,-0.025451432,0.013766578
17.11,2.769748661,-0.575396568,5.047978561,1.564821465,2.589708217,-0.451621737,5.028015409,1.577947913,-0.180040445,0.123774831,-0.019963153,0.013126448
17.14,2.790953449,-0.570757204,5.041773071,1.556258413,2.585464995,-0.445191915,5.028185829,1.569763356,-0.205488454,0.12556529,-0.013587242,0.013504943
17.17,2.812201956,-0.566160157,5.043963167,1.547978413,2.580677394,-0.438529654,5.028322348,1.561875684,-0.231524562,0.127630503,-0.015640819,0.013897271
17.21,2.840581695,-0.560102338,5.045057254,1.537502812,2.573355936,-0.429293457,5.028490738,1.550657989,-0.267225759,0.130808882,-0.016566516,0.013155178
17.24,2.861913674,-0.555648391,5.048214788,1.529545364,2.567211069,-0.422078809,5.028598484,1.541828551,-0.294702605,0.133569582,-0.019616305,0.012283187
17.27,2.883309427,-0.551271063,5.050542569,1.521070364,2.560616205,-0.414588448,5.028713125,1.533311014,-0.322693222,0.136682615,-0.021829443,0.012240651
17.31,2.911919065,-0.545530908,5.051957208,1.510095757,2.551040472,-0.404059366,5.028820483,1.522642856,-0.360878593,0.141471542,-0.023136725,0.012547099
17.34,2.933432049,-0.541292806,5.043408253,1.501943872,2.543300644,-0.395813521,5.028890734,1.51436633,-0.390131405,0.145479285,-0.014517519,0.012422459
17.37,2.955001498,-0.537130177,5.045509432,1.493148872,2.535177312,-0.387327865,5.02893469,1.505689496,-0.419824186,0.149802313,-0.016574741,0.012540624
17.41,2.983837028,-0.531736469,5.060910898,1.481994511,2.523688541,-0.375472199,5.02897976,1.494222929,-0.460148488,0.156264269,-0.031931138,0.012228418
17.44,3.005534185,-0.527789576,5.055379075,1.472819699,2.514617633,-0.36611372,5.028988382,1.486113636,-0.490916551,0.161675856,-0.026390693,0.013293937
17.47,3.027305162,-0.523905109,5.057766157,1.464512199,2.505233344,-0.356445808,5.028989973,1.478014776,-0.522071817,0.167459301,-0.028776185,0.013502578
17.51,2.784793947,-0.474191939,5.045037573,1.453300689,2.492173664,-0.343055644,5.028948259,1.466619089,-0.292620283,0.131136295,-0.016089314,0.0133184
17.54,2.80074115,-0.469647254,5.042458614,1.444163855,2.481997297,-0.332590176,5.02888312,1.457973225,-0.318743853,0.137057078,-0.013575495,0.01380937
17.57,2.816738719,-0.465197106,5.044337106,1.435586355,2.471561626,-0.321762804,5.028803984,1.449630935,-0.345177094,0.143434302,-0.015533123,0.01404458
17.61,2.838163477,-0.459358492,5.055969012,1.423987208,2.457198117,-0.306682518,5.028685767,1.438769551,-0.38096536,0.152675974,-0.027283245,0.014782342
17.64,2.854306661,-0.45507806,5.066516344,1.416034567,2.446129043,-0.294951939,5.028609977,1.430314034,-0.408177618,0.160126121,-0.037906367,0.014279467
17.67,2.870502992,-0.450898926,5.069119239,1.407477067,2.434892839,-0.282906117,5.028530682,1.421723418,-0.435610153,0.167992809,-0.040588557,0.014246351
17.71,2.892190588,-0.445483249,5.060203765,1.395777719,2.419709676,-0.266172072,5.028421051,1.410535226,-0.472480912,0.179311176,-0.031782714,0.014757507
17.74,2.908528782,-0.441502612,5.068268555,1.386510184,2.408228696,-0.253116795,5.028291797,1.402290316,-0.500300086,0.188385817,-0.039976758,0.015780132
17.77,2.924951489,-0.437595561,5.070781001,1.377802684,2.396688319,-0.239746475,5.028157932,1.393946922,-0.528263169,0.197849086,-0.042623069,0.016144238
17.81,2.94696232,-0.432546711,5.075990761,1.36625839,2.381192483,-0.221366812,5.027975292,1.382565467,-0.565769837,0.2111799,-0.04801547,0.016307077
17.84,2.963554996,-0.428882257,5.084404024,1.357552191,2.369495497,-0.207089597,5.027858873,1.374100641,-0.594059499,0.221792659,-0.056545151,0.01654845
17.87,2.980244746,-0.425308689,5.087312636,1.348844691,2.357742793,-0.192424746,5.027724087,1.365816762,-0.622501954,0.232883943,-0.059588549,0.016972072
17.91,3.002619684,-0.420649596,5.083703848,1.337707974,2.341941783,-0.172237306,5.027528683,1.354782164,-0.660677901,0.24841229,-0.056175165,0.01707419
17.94,3.01947482,-0.417273573,5.088222601,1.328732272,2.329975431,-0.156676383,5.027350355,1.346249838,-0.689499389,0.260597191,-0.060872247,0.017517566
17.97,3.036401314,-0.414020085,5.091043605,1.320072272,2.317931742,-0.140776003,5.027156228,1.337678576,-0.718469573,0.273244082,-0.063887377,0.017606305
18.01,2.732519356,-0.25440827,5.083054301,1.308689395,2.30175536,-0.118870421,5.026873863,1.326586283,-0.430763996,0.135537848,-0.056180438,0.017896888
18.04,2.742955861,-0.24803558,5.08464891,1.299710836,2.28953297,-0.101949398,5.026635627,1.318360181,-0.453422891,0.146086183,-0.058013283,0.018649345
18.07,2.753468256,-0.241754135,5.087208118,1.291135836,2.277236427,-0.084724512,5.026394318,1.30995172,-0.47623183,0.157029623,-0.0608138,0.018815884
18.11,2.767579603,-0.233597636,5.098846855,1.279711971,2.260727443,-0.061185012,5.026052757,1.298513476,-0.506852159,0.172412623,-0.072794098,0.018801505
18.14,2.778233436,-0.227641042,5.097661256,1.271601396,2.248320369,-0.043020342,5.025802081,1.290126196,-0.529913068,0.1846207,-0.071859175,0.0185248
18.17,2.788954836,-0.221794091,5.100490262,1.262858896,2.235934049,-0.024486059,5.02552196,1.281865451,-0.553020787,0.197308032,-0.074968302,0.019006556
18.21,2.803351558,-0.214173715,5.092414278,1.25111595,2.219498007,0.000783589,5.025130534,1.270741763,-0.583853551,0.214957304,-0.067283744,0.019625813
18.24,2.814220129,-0.208613926,5.08794167,1.241970327,2.207259968,0.020102821,5.024807092,1.262298736,-0.606960161,0.228716747,-0.063134578,0.020328409
18.27,2.825148075,-0.203197348,5.09027991,1.233547827,2.195110886,0.039730166,5.024490942,1.253870497,-0.630037189,0.242927514,-0.065788968,0.02032267
18.31,2.839838065,-0.196152413,5.079062927,1.221335787,2.17908916,0.066518788,5.02406348,1.242758837,-0.660748905,0.262671201,-0.054999446,0.02142305
18.34,2.850942753,-0.190987398,5.074278475,1.213591024,2.167172081,0.087015067,5.02375799,1.234436582,-0.683770673,0.278002466,-0.050520485,0.020845558
18.37,2.862140842,-0.185955542,5.076170258,1.204978524,2.155299901,0.107760642,5.023463241,1.226015063,-0.70684094,0.293716184,-0.052707018,0.021036539
18.41,2.877176228,-0.179488661,5.080441825,1.195042736,2.139549093,0.135928845,5.023099618,1.214697223,-0.737627135,0.315417506,-0.057342207,0.019654487
18.44,2.888535283,-0.174800503,5.075000771,1.186606311,2.127807443,0.157505548,5.022850865,1.206363964,-0.76072784,0.332306052,-0.052149906,0.019757653
18.47,2.899968704,-0.170226895,5.076882971,1.177976311,2.11610667,0.179390519,5.022601101,1.198113791,-0.783862034,0.349617413,-0.05428187,0.02013748
18.51,2.6127668,-0.0898642,5.060807671,1.165149869,2.100537667,0.209029134,5.022280323,1.186937535,-0.512229133,0.298893334,-0.038527348,0.021787665
18.54,2.6186041,-0.08429908,5.05276075,1.157045728,2.088883388,0.231595051,5.022030553,1.178425088,-0.529720712,0.315894131,-0.030730197,0.021379359
18.57,2.624508588,-0.07888481,5.053958763,1.148470728,2.07726522,0.254453748,5.021797308,1.170006964,-0.547243369,0.333338558,-0.032161456,0.021536236
18.61,2.632513557,-0.071860575,5.064778867,1.137176989,2.061854095,0.285474254,5.02148428,1.1589801,-0.570659462,0.35733483,-0.043294588,0.021803111
18.64,2.63858825,-0.066744216,5.061641749,1.129833449,2.050355776,0.309066297,5.021287008,1.150628258,-0.588232473,0.375810513,-0.040354741,0.020794809
18.67,2.644710302,-0.061768952,5.063175275,1.121138449,2.038924798,0.33286295,5.021100991,1.14219047,-0.605785505,0.394631902,-0.042074284,0.021052021
18.71,2.652931035,-0.055381395,5.067992279,1.10950801,2.023903012,0.365012418,5.0208755,1.130973315,-0.629028023,0.420393813,-0.047116779,0.021465305
18.74,2.65917453,-0.050747389,5.051390536,1.100076874,2.012848892,0.389449959,5.020687532,1.122585299,-0.646325639,0.440197348,-0.030703004,0.022508425
18.77,2.665501105,-0.046235386,5.052590739,1.091576874,2.001935775,0.414076193,5.020506388,1.114190044,-0.663565331,0.460311578,-0.032084351,0.02261317
18.81,2.674050958,-0.04043829,5.050957469,1.079481746,1.987599382,0.447186185,5.020272874,1.10295356,-0.686451576,0.487624474,-0.030684595,0.023471814
18.84,2.68052878,-0.036285371,5.052412819,1.070764126,1.977009927,0.472267325,5.020132742,1.094516653,-0.703518853,0.508552695,-0.032280077,0.023752527
18.87,2.687082671,-0.032288247,5.053749663,1.062039126,1.966546209,0.497569559,5.020016437,1.086135663,-0.720536462,0.529857806,-0.033733226,0.024096537
18.91,2.695923526,-0.027145173,5.050246016,1.051305489,1.952783525,0.531667395,5.019878584,1.075037488,-0.743140001,0.558812567,-0.030367433,0.023731999
18.94,2.702624832,-0.023449068,5.043420597,1.042304647,1.942553053,0.557438963,5.01979794,1.066633885,-0.760071779,0.580888031,-0.023622656,0.024329238
18.97,2.709375489,-0.01993154,5.044522177,1.033782147,1.932386301,0.583357698,5.019723342,1.058174734,-0.776989188,0.603289238,-0.024798835,0.024392587
19.01,2.442998861,0.232416577,5.031996308,1.022504637,1.918986001,0.61826335,5.019669246,1.046993435,-0.52401286,0.385846773,-0.012327062,0.024488798
19.04,2.444892177,0.240843946,5.026753249,1.01391737,1.909047862,0.644696204,5.019636332,1.038698896,-0.535844315,0.403852258,-0.007116917,0.024781526
19.07,2.446852893,0.249132944,5.027488372,1.00520487,1.899161249,0.671261174,5.0196392,1.030352667,-0.547691645,0.42212823,-0.007849172,0.025147797
19.11,2.449553338,0.25992076,5.025722493,0.995328318,1.886058314,0.706886058,5.019681513,1.019072267,-0.563495025,0.446965298,-0.00604098,0.023743949
19.14,2.451611328,0.267795186,5.02634582,0.987787723,1.876340604,0.733811155,5.019776093,1.010656459,-0.575270725,0.46601597,-0.006569727,0.022868736
19.17,2.453701932,0.275530281,5.027260483,0.979295223,1.866731103,0.7609003,5.019889691,1.002316601,-0.586970829,0.485370019,-0.007370792,0.023021378
19.21,2.456542826,0.285623585,5.017789471,0.968144609,1.854095763,0.797223611,5.020089557,0.991186277,-0.602447062,0.511600025,0.002300085,0.023041667
19.24,2.45872,0.293005383,4.996633029,0.959738928,1.844726922,0.824545397,5.020269554,0.982778613,-0.613993078,0.531540015,0.023636525,0.023039686
19.27,2.4609394,0.300208869,4.996764858,0.951186428,1.835452374,0.851942763,5.02048154,0.974361235,-0.625487026,0.551733894,0.023716682,0.023174807
19.31,2.463961047,0.309559673,4.995226365,0.940768881,1.823298801,0.888679437,5.020834418,0.963205672,-0.640662246,0.579119764,0.025608053,0.022436791
19.34,2.466301382,0.31640835,5.00875756,0.93328993,1.814313214,0.916358046,5.021158829,0.954874607,-0.651988167,0.599949695,0.012401269,0.021584677
19.37,2.468692923,0.323092096,5.009548019,0.92483243,1.805381528,0.944079957,5.02154664,0.946500663,-0.663311395,0.620987861,0.011998621,0.021668233
19.41,2.471934036,0.331721249,5.00983558,0.914240172,1.793564914,0.981125645,5.022125193,0.935253417,-0.678369122,0.649404397,0.012289613,0.021013245
19.44,2.474403963,0.337999953,5.011513186,0.90598977,1.784810622,1.009032883,5.022601681,0.926875353,-0.689593341,0.671032929,0.011088495,0.020885583
19.47,2.476939327,0.344144319,5.012515476,0.89735977,1.776134667,1.037030552,5.023073378,0.918559189,-0.70080466,0.692886233,0.010557902,0.021199419
19.51,2.194620211,0.658784861,5.021220237,0.886554519,1.764641937,1.074436518,5.023745422,0.907426145,-0.429978274,0.415651656,0.002525185,0.020871626
19.54,2.192063245,0.670813718,5.017477452,0.878035986,1.756053386,1.102514286,5.024262059,0.898989969,-0.436009859,0.431700567,0.006784607,0.020953984
19.57,2.189510466,0.682655061,5.018742233,0.869265986,1.747513526,1.130642164,5.024806309,0.890571079,-0.44199694,0.447987103,0.006064076,0.021305093
19.61,2.186181362,0.698206233,5.012422186,0.858256596,1.736250875,1.168273036,5.025523581,0.879460178,-0.449930488,0.470066803,0.013101396,0.021203582
19.64,2.183745837,0.709697748,5.006466221,0.850459309,1.727868774,1.196535518,5.02606699,0.871118432,-0.455877062,0.48683777,0.019600769,0.020659123
19.67,2.181340417,0.721018418,5.007372756,0.841589309,1.719516837,1.224784377,5.026616852,0.862723846,-0.46182358,0.503765959,0.019244096,0.021134537
19.71,2.178159826,0.735833409,5.005295494,0.830518554,1.708486258,1.26244311,5.027392389,0.851516863,-0.469673569,0.526609701,0.022096895,0.020998308
19.74,2.17581395,0.746755904,4.992380647,0.822632129,1.700340249,1.290715893,5.028012439,0.843139096,-0.475473702,0.543959989,0.035631791,0.020506967
19.77,2.173514847,0.757525016,4.993015653,0.814109629,1.692272001,1.318988676,5.028654357,0.834769282,-0.481242847,0.561463661,0.035638704,0.020659652
19.81,2.170520425,0.771621832,5.003032888,0.801703938,1.681585587,1.356612321,5.029566565,0.82358006,-0.488934838,0.584990489,0.026533677,0.021876122
19.84,2.168294383,0.781984679,4.99301649,0.793667619,1.673619704,1.384781605,5.030289789,0.815164668,-0.494674679,0.602796926,0.037273298,0.021497049
19.87,2.16609159,0.792155894,4.993859553,0.785117619,1.665716698,1.41295307,5.031057132,0.806769452,-0.500374892,0.620797176,0.037197579,0.021651833
19.91,2.163227574,0.805453209,5.001055653,0.775371587,1.655287057,1.450522862,5.032083664,0.795638223,-0.507940517,0.645069653,0.031028012,0.020266636
19.94,2.161129483,0.815231264,5.003432634,0.766798254,1.647484835,1.478651109,5.032882606,0.787265368,-0.513644648,0.663419845,0.029449972,0.020467114
19.97,2.159055358,0.824839575,5.004652038,0.758268254,1.639678873,1.50672914,5.033686494,0.778848221,-0.519376485,0.681889565,0.029034457,0.020579966
20.01,1.889693459,1.095345613,5.022526282,0.748239923,1.629314936,1.544131188,5.034794936,0.767636682,-0.260378523,0.448785575,0.012268655,0.019396759
20.04,1.882964752,1.109393688,5.027228581,0.739934664,1.621597548,1.572182056,5.035622029,0.759292046,-0.261367205,0.462788368,0.008393448,0.019357382
20.07,1.876273603,1.12329781,5.029204857,0.731407164,1.613888231,1.600203159,5.036455338,0.750944616,-0.262385371,0.476905349,0.007250481,0.019537452
20.11,1.867425637,1.141603796,5.02683024,0.72024354,1.603570338,1.637458436,5.037551417,0.739722331,-0.2638553,0.495854639,0.010721177,0.019478791
20.14,1.86081358,1.155140899,5.034197917,0.712468486,1.595842942,1.665345865,5.038363185,0.731299025,-0.264970637,0.510204966,0.004165268,0.018830539
20.17,1.854227845,1.168518149,5.036309306,0.703830986,1.588166972,1.693219385,5.039168505,0.72291584,-0.266060873,0.524701236,0.002859199,0.019084854
20.21,1.845529006,1.186109451,5.024680906,0.69237195,1.578010781,1.730315449,5.040237332,0.71175725,-0.267518226,0.544205998,0.015556425,0.019385299
20.24,1.839053262,1.199100469,5.03852903,0.684234973,1.570395431,1.758020777,5.041056582,0.703361943,-0.268657831,0.558920308,0.002527552,0.01912697
20.27,1.832595944,1.21192567,5.040721174,0.675574973,1.562783228,1.785641021,5.04187476,0.694954668,-0.269812716,0.573715351,0.001153586,0.019379694
20.31,1.824035504,1.228768859,5.034774559,0.664784172,1.552711498,1.822379752,5.043022604,0.683762877,-0.271324006,0.593610894,0.008248045,0.018978705
20.34,1.817665054,1.241222503,5.053359941,0.656417421,1.545217117,1.849878628,5.043885629,0.675399731,-0.272447937,0.608656125,-0.009474312,0.01898231
20.37,1.811337125,1.253532386,5.056004484,0.647837421,1.537717926,1.877305354,5.044767171,0.667028281,-0.273619198,0.623772969,-0.011237313,0.01919086
20.41,1.802941006,1.269674429,5.061589605,0.636441185,1.527670715,1.913722976,5.045941714,0.655804054,-0.275270291,0.644048547,-0.015647891,0.019362869
20.44,1.796663266,1.281564932,5.07105336,0.627464016,1.520149299,1.940971079,5.046830594,0.647394539,-0.276513967,0.659406148,-0.024222765,0.019930523
20.47,1.790398311,1.293289119,5.074088598,0.618594016,1.512661868,1.968194693,5.047693946,0.639031745,-0.277736443,0.674905574,-0.026394652,0.020437729
20.51,1.911484076,1.685824068,5.063241349,0.607290198,1.502674223,2.004404311,5.048815724,0.627896349,-0.408809853,0.318580243,-0.014425625,0.020606152
20.54,1.909404787,1.704621865,5.068949543,0.598588478,1.495123289,2.031458621,5.049615753,0.619478659,-0.414281497,0.326836755,-0.01933379,0.020890181
20.57,1.907326317,1.723253291,5.071675925,0.589815978,1.487548945,2.058456492,5.050390447,0.611042016,-0.419777372,0.335203202,-0.021285478,0.021226038
20.61,1.904586989,1.747836019,5.064204923,0.579058809,1.477472451,2.094405248,5.051410138,0.599891631,-0.427114538,0.346569229,-0.012794785,0.020832822
20.64,1.90259946,1.766102498,5.069605865,0.569982667,1.469890804,2.121313888,5.052154923,0.591577306,-0.432708657,0.35521139,-0.017450942,0.021594639
20.67,1.900673279,1.784210253,5.072194493,0.561680167,1.462230355,2.148153133,5.052900205,0.583200817,-0.438442924,0.36394288,-0.019294288,0.021520651
20.71,1.898133253,1.808072805,5.066853487,0.551497672,1.451865475,2.183828366,5.053869491,0.571905755,-0.446267779,0.375755561,-0.012983995,0.020408083
20.74,1.896229873,1.825781898,5.067784546,0.542805546,1.444045266,2.210560589,5.054603729,0.563518905,-0.452184607,0.384778691,-0.013180817,0.020713359
20.77,1.894353374,1.843342724,5.070182944,0.534023046,1.436195514,2.237283763,5.055312099,0.555229367,-0.45815786,0.39394104,-0.014870845,0.021206322
20.81,1.8918909,1.866526665,5.068248773,0.52297119,1.425571733,2.272839349,5.056257882,0.544110897,-0.466319167,0.406312684,-0.011990891,0.021139708
20.84,1.890054799,1.883734666,5.074111735,0.514543532,1.417449093,2.299429359,5.056935741,0.535634576,-0.472605706,0.415694693,-0.017175994,0.021091045
20.87,1.888222854,1.900775743,5.076580024,0.505808532,1.409256945,2.325990666,5.057615069,0.527179185,-0.478965909,0.425214924,-0.018964955,0.021370654
20.91,1.885823943,1.923255306,5.076018576,0.494494591,1.398261724,2.361385709,5.058487851,0.516098346,-0.487562219,0.438130403,-0.017530724,0.021603755
20.94,1.884067824,1.939946033,5.082495845,0.486493197,1.389899749,2.387881303,5.059128657,0.507784968,-0.494168075,0.44793527,-0.023367189,0.021291771
20.97,1.882329913,1.956475518,5.085047915,0.478005697,1.381408292,2.414314173,5.059749026,0.499359477,-0.500921621,0.457838654,-0.025298889,0.02135378
21.01,1.610744708,2.183209756,5.073742183,0.467018358,1.369900376,2.44947142,5.060544371,0.488059636,-0.240844332,0.266261664,-0.013197812,0.021041278
21.04,1.603354312,2.20263738,5.06637917,0.459235141,1.361201279,2.475812649,5.061117081,0.479716614,-0.242153033,0.273175269,-0.005262089,0.020481474
21.07,1.596004277,2.221920083,5.068208168,0.450925141,1.35243454,2.502124098,5.061660406,0.471426026,-0.243569737,0.280204015,-0.006547762,0.020500885
21.11,1.58624927,2.247414236,5.066955086,0.440252798,1.340520479,2.537097834,5.062365551,0.460222489,-0.245728791,0.289683598,-0.004589535,0.019969691
21.14,1.578944305,2.266324896,5.068449908,0.432728122,1.331429724,2.563251146,5.062867285,0.451734445,-0.247514581,0.29692625,-0.005582623,0.019006323
21.17,1.571641114,2.285059999,5.070261368,0.424103122,1.32228837,2.589376936,5.063378823,0.443316424,-0.249352744,0.304316936,-0.006882545,0.019213302
21.21,1.561947596,2.309825163,5.064250144,0.412947604,1.310026356,2.624164489,5.064023937,0.432244234,-0.25192124,0.314339326,-0.000226206,0.01929663
21.24,1.554735388,2.328211994,5.06793667,0.405360859,1.300690459,2.650177761,5.064512814,0.423875431,-0.254044929,0.321965767,-0.003423856,0.018514573
21.27,1.54753666,2.346432356,5.069664425,0.396633359,1.291230189,2.676123924,5.064978704,0.415413093,-0.256306471,0.329691568,-0.00468572,0.018779735
21.31,1.537951934,2.370470829,5.078637778,0.386862109,1.27848865,2.710642933,5.065610718,0.404154043,-0.259463285,0.340172104,-0.013027061,0.017291934
21.34,1.530802454,2.388327752,5.08355208,0.378522926,1.268891739,2.736501497,5.066066613,0.395835382,-0.261910715,0.348173745,-0.017485467,0.017312455
21.37,1.523711385,2.406038932,5.085697238,0.369897926,1.259220994,2.762320371,5.066520259,0.387521289,-0.264490391,0.356281439,-0.01917698,0.017623363
21.41,1.514297665,2.429417106,5.082088215,0.35883653,1.246105813,2.796640386,5.067083347,0.376267256,-0.268191853,0.36722328,-0.015004869,0.017430725
21.44,1.5072356,2.446773982,5.083134591,0.35013433,1.236154655,2.822325054,5.067466545,0.367796701,-0.271080946,0.375551073,-0.015668045,0.01766237
21.47,1.500188021,2.463969399,5.085122656,0.34169933,1.226177993,2.847994108,5.067823314,0.359420544,-0.274010028,0.38402471,-0.017299342,0.017721214
21.51,1.500147065,2.587731,5.09454634,0.330799113,1.21279304,2.882179641,5.068242347,0.348352969,-0.287354026,0.294448641,-0.026303993,0.017553857
21.54,1.494123547,2.605815714,5.088642986,0.322462194,1.202603348,2.907758456,5.068536854,0.339939491,-0.291520198,0.301942741,-0.020106131,0.017477297
21.57,1.488090044,2.623729861,5.090655698,0.313959694,1.192310083,2.933297379,5.068790177,0.331450666,-0.295779962,0.309567519,-0.021865521,0.017490972
21.61,1.480050543,2.647401326,5.090912753,0.302847107,1.178515067,2.967321581,5.069079138,0.320239679,-0.301535476,0.319920255,-0.021833615,0.017392572
21.64,1.474073061,2.664991797,5.084110112,0.294283754,1.168131852,2.992826373,5.06922839,0.311947041,-0.305941209,0.327834576,-0.014881722,0.017663287
21.67,1.468151703,2.682433157,5.085793819,0.285418754,1.157659942,3.018302342,5.069361538,0.303606203,-0.310491761,0.335869185,-0.016432281,0.018187449
21.71,1.460291427,2.705451392,5.079313405,0.274328678,1.143492864,3.052206145,5.069458605,0.292299412,-0.316798563,0.346754752,-0.0098548,0.017970734
21.74,1.454406459,2.722532825,5.076135843,0.265981388,1.132799227,3.077614644,5.069510345,0.283856664,-0.321607232,0.355081819,-0.006625498,0.017875275
21.77,1.448544995,2.739449836,5.077425293,0.257243888,1.122097146,3.103022506,5.069530907,0.275527282,-0.326447849,0.363572671,-0.007894385,0.018283394
21.81,1.440822128,2.761780841,5.076907645,0.246400923,1.107725632,3.136875552,5.069534151,0.26444218,-0.333096496,0.375094711,-0.007373494,0.018041257
21.84,1.43505271,2.778365871,5.078276249,0.238926633,1.096798199,3.162229011,5.069507297,0.255981701,-0.338254511,0.38386314,-0.008768952,0.017055068
21.87,1.429276402,2.794798161,5.079538563,0.230629133,1.085798923,3.187567303,5.069463056,0.247488645,-0.34347748,0.392769142,-0.010075507,0.016859512
21.91,1.4215789,2.816471864,5.081176595,0.218892698,1.071113057,3.221355012,5.069380844,0.236341244,-0.350465843,0.404883148,-0.011795751,0.017448546
21.94,1.415858223,2.832566642,5.077373058,0.210831275,1.060054722,3.246692373,5.069289625,0.228048448,-0.355803501,0.414125731,-0.008083433,0.017217173
21.97,1.410157758,2.848514175,5.078565276,0.202123775,1.048900342,3.272013013,5.069190995,0.219660555,-0.361257416,0.423498838,-0.009374281,0.01753678
22.01,1.211037862,3.058513885,5.087227483,0.190344059,1.033868121,3.305749133,5.068996188,0.208327614,-0.177169741,0.247235249,-0.018231294,0.017983555
22.04,1.20138873,3.077652231,5.09502802,0.181805179,1.022575039,3.33105718,5.068837303,0.199931138,-0.178813691,0.253404949,-0.026190717,0.018125959
22.07,1.191773658,3.096635596,5.096687907,0.173180179,1.011281548,3.356373112,5.068641129,0.191635228,-0.18049211,0.259737516,-0.028046778,0.018455049
22.11,1.179031672,3.121719153,5.095392925,0.162267391,0.996109204,3.390120367,5.068334703,0.180489838,-0.182922468,0.268401214,-0.027058222,0.018222446
22.14,1.169476221,3.140356807,5.093619757,0.154087644,0.984617624,3.415418396,5.068019464,0.171993465,-0.184858598,0.275061589,-0.025600293,0.017905821
22.17,1.15989758,3.158851881,5.095038707,0.145427644,0.973111161,3.440716472,5.067666782,0.163531022,-0.186786419,0.281864591,-0.027371925,0.018103378
22.21,1.147165199,3.183315545,5.094635983,0.134512043,0.95782722,3.474448735,5.06709406,0.152428952,-0.189337979,0.29113319,-0.027541923,0.017916909
22.24,1.137667044,3.201509253,5.089086878,0.126198391,0.946345952,3.499720277,5.066618948,0.144085449,-0.191321093,0.298211024,-0.022467929,0.017887059
22.27,1.128196447,3.219560887,5.090187901,0.117870891,0.934807932,3.524949266,5.066102078,0.135677779,-0.193388515,0.305388379,-0.024085823,0.017806888
22.31,1.115548293,3.243413926,5.073976405,0.106643819,0.919411033,3.558489341,5.065350574,0.124479327,-0.196137261,0.315075416,-0.008625831,0.017835508
22.34,1.106084024,3.261148184,5.076473842,0.098503699,0.907960081,3.583552368,5.064759527,0.116106561,-0.198123943,0.322404184,-0.011714315,0.017602863
22.37,1.09665222,3.278754306,5.077140073,0.090143699,0.896565742,3.608524748,5.064154448,0.107708514,-0.200086478,0.329770443,-0.012985625,0.017564815
22.41,1.08409901,3.30204601,5.077434067,0.079070686,0.881370355,3.641602583,5.063381685,0.096559221,-0.202728655,0.339556574,-0.014052383,0.017488535
22.44,1.074669306,3.319371521,5.074251213,0.070037671,0.869999982,3.666216154,5.062808332,0.088282662,-0.204669324,0.346844633,-0.011442881,0.018244992
22.47,1.065222331,3.336570703,5.074972623,0.061405171,0.858728855,3.690674431,5.062266031,0.079953992,-0.206493476,0.354103728,-0.012706592,0.018548822
22.51,0.976333426,3.597837124,5.080867909,0.050176882,0.843912013,3.722967524,5.061552426,0.068645374,-0.132421414,0.1251304,-0.019315483,0.018468493
22.54,0.965836835,3.619359171,5.080826347,0.042015009,0.832871333,3.746911337,5.061066882,0.060263045,-0.132965501,0.127552167,-0.019759465,0.018248036
22.57,0.955325808,3.640764284,5.081871426,0.033407509,0.821865954,3.770636346,5.060584864,0.05208926,-0.133459854,0.129872063,-0.021286562,0.018681751
22.61,0.941256166,3.669108476,5.081381695,0.024095027,0.807392989,3.801834317,5.059987029,0.041203946,-0.133863177,0.132725841,-0.021394667,0.017108919
22.64,0.930707923,3.690224774,5.085887204,0.015662649,0.79677302,3.824846128,5.059550021,0.032698447,-0.133934903,0.134621355,-0.026337182,0.017035798
22.67,0.920187939,3.711225288,5.087205896,0.007160149,0.786288532,3.847515656,5.059141306,0.024131286,-0.133899406,0.136290368,-0.028064589,0.016971137
22.71,0.90617192,3.739066183,5.086519382,-0.003077664,0.772481454,3.876993099,5.058634511,0.013429765,-0.133690466,0.137926916,-0.027884871,0.016507429
22.74,0.895629808,3.759811888,5.087039487,-0.009628696,0.762327893,3.898444694,5.058279138,0.005628655,-0.133301915,0.138632806,-0.028760349,0.01525735
22.77,0.88507569,3.780472871,5.088509641,-0.018281196,0.752395664,3.919368278,5.05794329,-0.002697684,-0.132680026,0.138895407,-0.03056635,0.015583511
22.81,0.871049588,3.807839275,5.097182757,-0.030232737,0.73953303,3.946229552,5.057509975,-0.014455066,-0.131516558,0.138390276,-0.039672782,0.015777671
22.84,0.860558961,3.828244036,5.087475941,-0.038831213,0.730083786,3.96555514,5.05721377,-0.022554344,-0.130475175,0.137311104,-0.030262171,0.016276869
22.87,0.850058411,3.848544651,5.089047888,-0.047316213,0.720790399,3.984267743,5.056925242,-0.030121463,-0.129268012,0.135723093,-0.032122646,0.01719475
22.91,0.836029111,3.875475558,5.080376954,-0.058831,0.708825168,4.008029631,5.056645727,-0.040986466,-0.127203943,0.132554073,-0.023731228,0.017844534
22.94,0.825540521,3.895608657,5.082809298,-0.065598733,0.700183339,4.024826906,5.056485541,-0.050114385,-0.125357182,0.129218249,-0.026323757,0.015484348
22.97,0.815081142,3.915697592,5.084536824,-0.074258733,0.691709482,4.040740145,5.056380013,-0.058856625,-0.12337166,0.125042554,-0.028156811,0.015402108
23.01,0.664013025,3.978175953,5.084077325,-0.08420408,0.680657636,4.060050551,5.056248233,-0.068369096,0.016644611,0.081874598,-0.027829091,0.015834984
23.04,0.650937948,3.998127894,5.080340237,-0.091495219,0.672630706,4.072859487,5.056126393,-0.075937891,0.021692757,0.074731593,-0.024213843,0.015557328
23.07,0.637864355,4.01802117,5.082213927,-0.099922719,0.664823715,4.084331815,5.055925826,-0.085192179,0.026959359,0.066310645,-0.0262881,0.01473054
23.11,0.620482915,4.044472558,5.080580018,-0.110724264,0.654700202,4.097023695,5.055481803,-0.09777068,0.034217288,0.052551136,-0.025098215,0.012953584
23.14,0.607449438,4.064254344,5.079384367,-0.117498891,0.64723385,4.104508649,5.054968478,-0.104765194,0.039784411,0.040254304,-0.024415889,0.012733696
23.17,0.594383509,4.083984565,5.081238732,-0.126401391,0.639895317,4.110471945,5.054321533,-0.111316908,0.045511808,0.02648738,-0.026917199,0.015084483
23.21,0.576934208,4.110232027,5.084346577,-0.135914814,0.630448834,4.115577067,5.053210433,-0.123345655,0.053514626,0.00534504,-0.031136144,0.012569159
23.24,0.563884914,4.129866918,5.088324772,-0.142989959,0.623564095,4.1172556,5.052169849,-0.133421678,0.059679182,-0.012611318,-0.036154923,0.009568281
23.27,0.550846961,4.149476978,5.090491373,-0.151644959,0.616745956,4.117372053,5.050981197,-0.141739514,0.065898995,-0.032104925,-0.039510175,0.009905445
23.31,0.533434485,4.175591653,5.094108227,-0.161768274,0.607785093,4.11468591,5.04905888,-0.150397544,0.074350608,-0.060905743,-0.045049347,0.011370731
23.34,0.520346897,4.195162244,5.084602345,-0.169184372,0.601260816,4.110556154,5.047377492,-0.158884613,0.080913919,-0.08460609,-0.037224853,0.010299759
23.37,0.507261843,4.214720943,5.086430722,-0.177821872,0.594883432,4.104930134,5.045494382,-0.169007891,0.087621589,-0.109790808,-0.04093634,0.008813981
23.41,0.489844069,4.240765596,5.084698944,-0.188092028,0.586516611,4.094788245,5.042694404,-0.180978381,0.096672542,-0.145977351,-0.042004539,0.007113646
23.44,0.476757805,4.260286975,5.08208372,-0.195652622,0.580308046,4.085306918,5.040376155,-0.187824936,0.103550241,-0.174980056,-0.041707565,0.007827686
23.47,0.463649821,4.279810529,5.083699011,-0.204130122,0.574214516,4.074511087,5.037948675,-0.195228467,0.110564695,-0.205299442,-0.045750336,0.008901654
23.51,0.579282133,4.2079523,5.079449761,-0.214825613,0.566377292,4.057829623,5.03449657,-0.207979607,-0.012904841,-0.150122677,-0.044953192,0.006846006
23.54,0.569714365,4.224776042,5.079407518,-0.222345454,0.560640351,4.043728085,5.031807611,-0.217251739,-0.009074014,-0.181047957,-0.047599908,0.005093714
23.57,0.560122699,4.241616489,5.080924785,-0.230730454,0.554956739,4.028554541,5.029057509,-0.225037481,-0.005165961,-0.213061948,-0.051867276,0.005692973
23.61,0.547273802,4.264111551,5.091411747,-0.240843158,0.547562908,4.006469703,5.025327956,-0.234998916,0.000289106,-0.257641848,-0.066083791,0.005844242
23.64,0.537607415,4.280998763,5.090412103,-0.248179715,0.542247355,3.988608676,5.022505822,-0.244083124,0.00463994,-0.292390087,-0.067906281,0.004096592
23.67,0.527941587,4.297921875,5.092388974,-0.256822215,0.537070301,3.969883147,5.019678055,-0.253527982,0.009128714,-0.328038728,-0.072710919,0.003294234
23.71,0.515044514,4.320518613,5.081081867,-0.267191988,0.53030244,3.943485711,5.015940199,-0.264407094,0.015257926,-0.377032903,-0.065141668,0.002784894
23.74,0.505321543,4.33750208,5.078580748,-0.276075732,0.525358758,3.922709819,5.013162227,-0.271933755,0.020037215,-0.414792261,-0.065418521,0.004141977
23.77,0.495571114,4.35454098,5.080385444,-0.284495732,0.520589989,3.901257538,5.010440232,-0.280219902,0.025018875,-0.453283441,-0.069945212,0.00427583
23.81,0.482584542,4.377328127,5.076785493,-0.295217862,0.514557434,3.871512731,5.006904226,-0.292397451,0.031972892,-0.505815396,-0.069881267,0.002820411
23.84,0.47285516,4.394479972,5.072425559,-0.303325627,0.510173457,3.848451452,5.004386965,-0.30084449,0.037318298,-0.54602852,-0.068038594,0.002481137
23.87,0.463097494,4.411702512,5.074340215,-0.311813127,0.505873236,3.824895872,5.001944407,-0.308655859,0.042775742,-0.586806641,-0.072395808,0.003157268
23.91,0.450014908,4.434786162,5.073713962,-0.322568708,0.500423689,3.79261569,4.998875403,-0.319480735,0.050408781,-0.642170472,-0.074838559,0.003087972
23.94,0.440188551,4.452179903,5.06019101,-0.331167206,0.496601299,3.767797102,4.99667715,-0.32834158,0.056412747,-0.684382801,-0.063513861,0.002825626
23.97,0.430369135,4.469641866,5.062033631,-0.339607206,0.492912469,3.742589692,4.994583557,-0.337091513,0.062543334,-0.727052175,-0.067450074,0.002515692
24.01,0.466007182,4.041127926,5.052807596,-0.350266316,0.48814907,3.708358826,4.991956901,-0.347861684,0.022141888,-0.3327691,-0.060850695,0.002404632
24.04,0.457178248,4.048630608,5.058978763,-0.358018477,0.484761923,3.682240966,4.99013936,-0.355942287,0.027583675,-0.366389642,-0.068839402,0.00207619
24.07,0.448311717,4.056227828,5.061138994,-0.366210977,0.481568355,3.655804838,4.988427799,-0.36446076,0.033256638,-0.400422989,-0.072711196,0.001750217
24.11,0.436498787,4.06650196,5.057393036,-0.377201774,0.477593603,3.620043693,4.986319849,-0.376093619,0.041094816,-0.446458267,-0.071073188,0.001108155
24.14,0.427630408,4.07431967,5.05333311,-0.385363406,0.474709856,3.592915484,4.984882935,-0.384366514,0.047079448,-0.481404187,-0.068450176,0.000996892
24.17,0.418701886,4.082234807,5.055583223,-0.393865906,0.471900507,3.565582324,4.983528563,-0.392433605,0.053198621,-0.516652483,-0.07205466,0.001432301
24.21,0.406714786,4.092951345,5.055797948,-0.404468955,0.468412503,3.528742172,4.981918426,-0.403561306,0.061697717,-0.564209173,-0.073879522,0.000907649
24.24,0.397710038,4.101087339,5.048005756,-0.413269154,0.465990873,3.500837409,4.980817224,-0.412188418,0.068280836,-0.60024993,-0.067188531,0.001080736
24.27,0.388689174,4.10931194,5.050383891,-0.421914154,0.463636799,3.472775291,4.979825207,-0.420667615,0.074947625,-0.636536649,-0.070558684,0.001246539
24.31,0.376586511,4.120433163,5.054046873,-0.432825148,0.460568854,3.43511331,4.978640896,-0.431551987,0.083982343,-0.685319853,-0.075405977,0.001273161
24.34,0.367447924,4.128881377,5.044764906,-0.440232328,0.458402354,3.406658216,4.977891211,-0.439833373,0.09095443,-0.722223161,-0.066873695,0.000398955
24.37,0.358292518,4.137430239,5.04724678,-0.448912328,0.456365183,3.37804421,4.977209795,-0.448354516,0.098072665,-0.759386029,-0.070036985,0.000557812
24.41,0.346061731,4.148974863,5.049291021,-0.460007175,0.453775321,3.33966345,4.976441149,-0.459722361,0.10771359,-0.809311413,-0.072849872,0.000284814
24.44,0.336839992,4.157761535,5.033689478,-0.468267405,0.4518422,3.310755824,4.975959739,-0.467961499,0.115002208,-0.847005711,-0.057729739,0.000305906
24.47,0.327559048,4.166668502,5.035983638,-0.476944905,0.449947968,3.281747958,4.975557725,-0.476159189,0.12238892,-0.884920544,-0.060425913,0.000785716
24.51,0.363727836,3.766266188,5.027829295,-0.487926453,0.447588977,3.242845417,4.975149507,-0.487427374,0.083861142,-0.52342077,-0.052679788,0.000499079
24.54,0.355356304,3.767124629,5.029350044,-0.49530203,0.445896215,3.213529201,4.974931837,-0.495978969,0.090539911,-0.553595428,-0.054418207,-0.000676939
24.57,0.34696003,3.768076247,5.031667041,-0.50354203,0.444186286,3.184152338,4.974799866,-0.504360534,0.097226256,-0.583923909,-0.056867175,-0.000818504
24.61,0.335681242,3.769526183,5.041894104,-0.514673196,0.441877289,3.144874452,4.97473817,-0.515312333,0.106196047,-0.624651731,-0.067155934,-0.000639137
24.64,0.327181679,3.770749074,5.030416654,-0.522863639,0.440199504,3.115290704,4.97479532,-0.523713075,0.113017825,-0.655458369,-0.055621335,-0.000849436
24.67,0.318690323,3.772076218,5.032854915,-0.531343639,0.438552488,3.085617523,4.974888305,-0.532270848,0.119862165,-0.686458695,-0.05796661,-0.000927209
24.71,0.307317628,3.773977107,5.027664123,-0.542027483,0.436274216,3.045960753,4.975109056,-0.543514255,0.128956588,-0.728016354,-0.052555066,-0.001486772
24.74,0.298718242,3.775537563,5.024526409,-0.549921246,0.434463586,3.016168596,4.975316197,-0.5517113,0.135745344,-0.759368967,-0.049210212,-0.001790054
24.77,0.290051507,3.777228502,5.026865989,-0.558266246,0.4326307,2.986308046,4.97559031,-0.559979295,0.142579193,-0.790920456,-0.051275679,-0.001713049
24.81,0.278462601,3.779646383,5.032528754,-0.569484943,0.430191143,2.946344115,4.976027096,-0.57136366,0.151728542,-0.833302268,-0.056501658,-0.001878717
24.84,0.269768536,3.781572779,5.01861092,-0.578743593,0.428278267,2.916316125,4.97643733,-0.579859787,0.158509731,-0.865256654,-0.04217359,-0.001116194
24.87,0.261033742,3.783630449,5.020828256,-0.587236093,0.426254063,2.886283364,4.976889366,-0.588148287,0.16522032,-0.897347085,-0.04393889,-0.000912195
24.91,0.249304852,3.786579931,5.017943683,-0.596949577,0.423416597,2.846191685,4.977570572,-0.599125821,0.174111745,-0.940388247,-0.04037311,-0.002176245
24.94,0.240472134,3.78892012,5.018838155,-0.605338458,0.421254555,2.816042354,4.978137808,-0.607617405,0.180782421,-0.972877766,-0.040700347,-0.002278947
24.97,0.231623736,3.791347644,5.021148819,-0.613845958,0.419035227,2.785857913,4.978742819,-0.616187991,0.18741149,-1.005489731,-0.042406,-0.002342034
25.01,0.316400575,3.419810343,5.013532844,-0.624323457,0.415851057,2.745633364,4.979643682,-0.627324977,0.099450481,-0.674176979,-0.033889162,-0.00300152
25.04,0.309475752,3.415504972,4.999772509,-0.63295084,0.413305165,2.715475856,4.980371007,-0.635536038,0.103829413,-0.700029116,-0.019401502,-0.002585198
25.07,0.302486029,3.411339908,5.001566803,-0.64151084,0.410701866,2.685285591,4.981158566,-0.643895102,0.108215837,-0.726054317,-0.020408237,-0.002384263
25.11,0.293125097,3.405934497,5.009420154,-0.653135176,0.407115222,2.644979308,4.982257334,-0.655340736,0.113990126,-0.760955189,-0.027162819,-0.00220556
25.14,0.286084165,3.402012766,5.014733752,-0.660818011,0.404226769,2.614785263,4.983171147,-0.663770337,0.118142604,-0.787227503,-0.031562605,-0.002952327
25.17,0.27900459,3.39823053,5.017097059,-0.669458011,0.401161182,2.584633586,4.984118336,-0.671984264,0.122156592,-0.813596943,-0.032978723,-0.002526253
25.21,0.269458017,3.393401449,5.024693219,-0.681195459,0.396834917,2.544422959,4.985463665,-0.683007991,0.1273769,-0.84897849,-0.039229554,-0.001812532
25.24,0.262257417,3.389901227,5.01889048,-0.689280641,0.39345179,2.514218606,4.986477181,-0.69159761,0.131194373,-0.875682622,-0.032413299,-0.002316969
25.27,0.255052606,3.386504147,5.021366133,-0.698095641,0.389916332,2.484022424,4.987507611,-0.700186098,0.134863726,-0.902481723,-0.033858522,-0.002090457
25.31,0.245388534,3.382165219,5.034521925,-0.709559262,0.384836209,2.443857719,4.988897522,-0.711213163,0.139447675,-0.938307501,-0.045624403,-0.001653901
25.34,0.238069909,3.379065247,5.048242738,-0.718558795,0.380802307,2.413775416,4.989972605,-0.719434813,0.142732398,-0.965289831,-0.058270133,-0.000876018
25.37,0.230707657,3.376081488,5.051580621,-0.727046295,0.376659917,2.383684174,4.991069894,-0.727880736,0.145952261,-0.992397314,-0.060510727,-0.00083444
25.41,0.220860962,3.372250728,5.05270278,-0.738574089,0.370896159,2.343596495,4.992528051,-0.739333912,0.150035197,-1.028654233,-0.060174729,-0.000759823
25.44,0.213434057,3.369517833,5.060042456,-0.747566827,0.366307118,2.313642964,4.993621334,-0.747674285,0.152873062,-1.055874869,-0.066421122,-0.000107458
25.47,0.20595917,3.366934851,5.063504078,-0.756166827,0.361531626,2.283771094,4.99469389,-0.755872477,0.155572456,-1.083163757,-0.068810188,0.00029435
25.51,0.25649468,2.965397486,5.056941067,-0.767383542,0.354928608,2.244001474,4.996168796,-0.76703655,0.098433929,-0.721396011,-0.060772271,0.000346991
25.54,0.250044613,2.955707772,5.05166453,-0.775308929,0.349809458,2.21421845,4.997262109,-0.775616533,0.099764846,-0.741489322,-0.054402421,-0.000307604
25.57,0.243596402,2.946104724,5.054712995,-0.783958929,0.344512181,2.18452723,4.998376385,-0.784099632,0.100915779,-0.761577494,-0.05633661,-0.000140703
25.61,0.234943083,2.933498379,5.049917887,-0.796001712,0.337086445,2.145150593,4.999868516,-0.795086075,0.102143362,-0.788347786,-0.050049371,0.000915636
25.64,0.228401524,2.924213045,5.041788939,-0.80454348,0.331306081,2.115708462,5.001043089,-0.803406647,0.102904557,-0.808504583,-0.04074585,0.001136833
25.67,0.221851886,2.915051226,5.044456186,-0.81315848,0.325391502,2.086300001,5.002229018,-0.811938577,0.103539617,-0.828751225,-0.042227168,0.001219903
25.71,0.213115984,2.903014785,5.040158436,-0.823928305,0.317160219,2.047224466,5.003852998,-0.823328108,0.104044235,-0.855790319,-0.036305439,0.000600197
25.74,0.206537545,2.894126076,5.028758124,-0.832838406,0.310663969,2.018074658,5.005086498,-0.831557415,0.104126424,-0.876051418,-0.023671625,0.00128099
25.77,0.199918117,2.885381365,5.030977619,-0.841325906,0.30396452,1.989005995,5.006347568,-0.839746755,0.104046403,-0.89637537,-0.024630051,0.00157915
25.81,0.191061794,2.873898779,5.031935039,-0.852338614,0.294746139,1.950317697,5.008061824,-0.851057097,0.103684345,-0.923581082,-0.023873215,0.001281517
25.84,0.184416125,2.865398478,5.026779801,-0.860930431,0.287593427,1.921401156,5.009367287,-0.859631365,0.103177302,-0.943997322,-0.017412515,0.001299066
25.87,0.177762901,2.857010775,5.028951994,-0.869722931,0.280223193,1.892620281,5.01070254,-0.868009629,0.102460292,-0.964390494,-0.018249454,0.001713302
25.91,0.16883491,2.846072716,5.03156283,-0.880743184,0.270028687,1.854483284,5.012492967,-0.878952157,0.101193777,-0.991589432,-0.019069862,0.001791027
25.94,0.162116697,2.838032619,5.03375292,-0.890340869,0.262188026,1.825980218,5.013875269,-0.887361033,0.100071329,-1.012052402,-0.019877651,0.002979836
25.97,0.155399914,2.830094184,5.036081226,-0.898840869,0.254213399,1.797550694,5.015253484,-0.895917528,0.098813486,-1.03254349,-0.020827742,0.002923341
26.01,0.135484412,2.347468857,5.022400182,-0.90917374,0.243251278,1.759897536,5.017130857,-0.907165446,0.107766866,-0.587571321,-0.005269324,0.002008294
26.04,0.128234088,2.330832317,5.01970018,-0.917182841,0.234769813,1.731877731,5.018532463,-0.915396924,0.106535725,-0.598954586,-0.001167717,0.001785918
26.07,0.120958732,2.314328461,5.021553306,-0.925742841,0.226146888,1.703964904,5.019967704,-0.923686066,0.105188156,-0.610363557,-0.001585602,0.002056775
26.11,0.111256003,2.292506127,5.024775423,-0.936467854,0.214436184,1.666892201,5.021904661,-0.935045917,0.103180182,-0.625613927,-0.002870762,0.001421937
26.14,0.103986497,2.276259618,5.025854084,-0.944966264,0.205427608,1.639271668,5.023406994,-0.94354056,0.101441111,-0.63698795,-0.00244709,0.001425704
26.17,0.096710633,2.260159178,5.027911221,-0.953478764,0.196211513,1.611827017,5.024926101,-0.951830674,0.099500879,-0.648332161,-0.00298512,0.00164809
26.21,0.086971846,2.238944105,5.028579737,-0.963696896,0.183579946,1.575468808,5.026982387,-0.962771774,0.0966081,-0.663475297,-0.00159735,0.000925123
26.24,0.079671681,2.223190134,5.028063703,-0.971969135,0.173900926,1.548285645,5.028532731,-0.971277495,0.094229245,-0.674904489,0.000469028,0.00069164
26.27,0.072389187,2.207524006,5.030116911,-0.980539135,0.164055832,1.521190585,5.030074933,-0.979889432,0.091666645,-0.686333421,-4.1978e-05,0.000649703
26.31,0.062671871,2.186792817,5.015399831,-0.992803278,0.15055382,1.485350523,5.032149815,-0.991038246,0.087881948,-0.701442294,0.016749984,0.001765032
26.34,0.05534377,2.171408147,5.017865244,-1.001146228,0.140171051,1.458676296,5.033704383,-0.999240285,0.084827281,-0.712731851,0.015839138,0.001905944
26.37,0.047992522,2.156164905,5.019590189,-1.009926228,0.129655274,1.432088234,5.035289982,-1.007596972,0.081662751,-0.724076671,0.015699793,0.002329256
26.41,0.038187044,2.13599733,5.032630299,-1.020992061,0.115411085,1.396794597,5.037413691,-1.019011364,0.077224041,-0.739202733,0.004783392,0.001980697
26.44,0.030838868,2.120994185,5.038965779,-1.02962569,0.104508648,1.370547069,5.039056032,-1.027428914,0.07366978,-0.750447116,9.0253e-05,0.002196776
26.47,0.023480088,2.106120042,5.041372939,-1.03800069,0.093440629,1.344485528,5.040697464,-1.03568338,0.069960541,-0.761634514,-0.000675475,0.002317311
26.51,0.02127484,1.838492169,5.032115458,-1.049760196,0.078461672,1.309962701,5.042914048,-1.04676305,0.057186833,-0.528529468,0.01079859,0.002997146
26.54,0.013950646,1.820170283,5.019754866,-1.057782801,0.067103716,1.284185694,5.044539839,-1.055278845,0.053153069,-0.535984589,0.024784973,0.002503956
26.57,0.006643381,1.801933787,5.021450641,-1.066197801,0.055629442,1.258547994,5.046161042,-1.063786318,0.048986061,-0.543385794,0.024710401,0.002411483
26.61,-0.00310907,1.777794941,5.019281003,-1.077839241,0.040072066,1.22471338,5.048327575,-1.074864379,0.043181135,-0.553081562,0.029046572,0.002974862
26.64,-0.010438222,1.759845017,5.033009896,-1.086245685,0.028243424,1.199533753,5.049995318,-1.083139045,0.038681646,-0.560311264,0.016985422,0.003106639
26.67,-0.017753508,1.742018071,5.035179114,-1.094840685,0.016325584,1.174430774,5.051692832,-1.091569117,0.034079093,-0.567587297,0.016513718,0.003271568
26.71,-0.027488469,1.718380144,5.048856949,-1.106295463,0.000229243,1.141145512,5.053966641,-1.10296628,0.027717711,-0.577234632,0.005109692,0.003329183
26.74,-0.034785557,1.700770996,5.04956293,-1.114045859,-0.012054414,1.116414305,5.055670899,-1.111299433,0.022731143,-0.584356691,0.006107969,0.002746425
26.77,-0.042092287,1.68330985,5.052122486,-1.122628359,-0.02448269,1.091838219,5.057347163,-1.119513047,0.017609596,-0.591471631,0.005224677,0.003115311
26.81,-0.05184517,1.660236355,5.06694877,-1.132810019,-0.041242314,1.059223485,5.059575763,-1.130683663,0.010602856,-0.601012871,-0.007373007,0.002126356
26.84,-0.05914371,1.643034426,5.070140158,-1.141601161,-0.053936339,1.034872819,5.061197934,-1.139225195,0.005207371,-0.608161607,-0.008942224,0.002375967
26.87,-0.066418296,1.625924086,5.07312001,-1.150223661,-0.066746232,1.010675673,5.062817033,-1.147672338,-0.000327935,-0.615248413,-0.010302978,0.002551323
26.91,-0.076105764,1.603298935,5.081500412,-1.161814828,-0.084039793,0.978732265,5.064911005,-1.158688258,-0.007934029,-0.62456667,-0.016589408,0.00312657
26.94,-0.083364301,1.586496033,5.077836004,-1.171658193,-0.097115134,0.954915372,5.066472375,-1.167024279,-0.013750833,-0.63158066,-0.011363628,0.004633914
26.97,-0.090601985,1.569812207,5.080783171,-1.180293193,-0.110243623,0.93116046,5.067994962,-1.175497123,-0.019641638,-0.638651747,-0.012788208,0.00479607
27.01,-0.125973436,1.381021761,5.082604789,-1.192725361,-0.127883583,0.899707873,5.069998041,-1.186787493,-0.001910147,-0.481313888,-0.012606748,0.005937868
27.04,-0.133803859,1.362317759,5.073655668,-1.20089152,-0.141239079,0.876358294,5.071470849,-1.195088444,-0.00743522,-0.485959465,-0.00218482,0.005803075
27.07,-0.141642721,1.343769062,5.07627491,-1.20941652,-0.154662453,0.853135675,5.07294101,-1.20336893,-0.013019731,-0.490633387,-0.0033339,0.006047589
27.11,-0.152081903,1.31921773,5.072367194,-1.221501931,-0.172632247,0.822284205,5.074888599,-1.21460628,-0.020550344,-0.496933524,0.002521406,0.00689565
27.14,-0.159887115,1.30089634,5.081777567,-1.229892729,-0.186180508,0.79927174,5.076332918,-1.223090353,-0.026293394,-0.5016246,-0.005444649,0.006802375
27.17,-0.167682094,1.282680502,5.084530084,-1.238642729,-0.199809685,0.77642024,5.077784541,-1.231463431,-0.032127591,-0.506260262,-0.006745543,0.007179297
27.21,-0.178083194,1.258621809,5.095071953,-1.250176611,-0.218123526,0.74620924,5.079706131,-1.242470216,-0.040040332,-0.512412568,-0.015365822,0.007706394
27.24,-0.185879261,1.240722196,5.092110146,-1.258881099,-0.231925495,0.723625285,5.081158871,-1.250861764,-0.046046234,-0.517096911,-0.010951275,0.008019335
27.27,-0.193646997,1.222906114,5.094964235,-1.267368599,-0.245770959,0.701087322,5.082576347,-1.259362989,-0.052123962,-0.521818792,-0.012387888,0.008005609
27.31,-0.20396186,1.199282833,5.121136976,-1.279099508,-0.264349308,0.671259026,5.084449698,-1.270587381,-0.060387448,-0.528023807,-0.036687278,0.008512127
27.34,-0.211688895,1.181714789,5.113521288,-1.286693974,-0.278371667,0.649084773,5.085808689,-1.278866408,-0.066682772,-0.532630016,-0.027712599,0.007827567
27.37,-0.219394215,1.164293784,5.116761649,-1.295003974,-0.292429923,0.626980886,5.087165954,-1.287188076,-0.073035707,-0.537312898,-0.029595695,0.007815898
27.41,-0.229620677,1.141222013,5.108710413,-1.305863381,-0.311206844,0.597561772,5.088883846,-1.298469422,-0.081586167,-0.543660241,-0.019826567,0.007393959
27.44,-0.237279334,1.124003463,5.108678625,-1.314295432,-0.32533179,0.575624193,5.090131457,-1.306908462,-0.088052456,-0.54837927,-0.018547168,0.00738697
27.47,-0.244930168,1.106877963,5.111433449,-1.322747932,-0.339498234,0.553832146,5.091345992,-1.315250938,-0.094568067,-0.553045817,-0.020087456,0.007496994
27.51,-0.415996477,0.847123331,5.119217561,-1.334326991,-0.35843125,0.524946602,5.092961368,-1.326341304,0.057565227,-0.322176729,-0.026256194,0.007985687
27.54,-0.427180803,0.826086916,5.114440523,-1.343257468,-0.372633833,0.503307227,5.094170698,-1.334769898,0.054546969,-0.322779689,-0.020269825,0.00848757
27.57,-0.438341332,0.805129982,5.117186342,-1.351509968,-0.386844016,0.481715217,5.095362752,-1.343230016,0.051497316,-0.323414766,-0.02182359,0.008279952
27.61,-0.453189786,0.777339897,5.128878873,-1.362083366,-0.405832941,0.453145422,5.096919525,-1.354392233,0.047356844,-0.324194476,-0.031959349,0.007691134
27.64,-0.464303864,0.75665261,5.129023195,-1.370774685,-0.420094066,0.431855917,5.09804398,-1.362712449,0.044209797,-0.324796693,-0.030979215,0.008062236
27.67,-0.47540538,0.736095956,5.131988607,-1.379214685,-0.43434624,0.410584164,5.099163051,-1.371087504,0.04105914,-0.325511792,-0.032825555,0.008127181
27.71,-0.490177265,0.708821351,5.117297102,-1.38978371,-0.453321318,0.382243749,5.100570308,-1.382337933,0.036855947,-0.326577602,-0.016726794,0.007445776
27.74,-0.501237982,0.688474808,5.127213201,-1.398700617,-0.467547752,0.361115972,5.1016026,-1.390730751,0.03369023,-0.327358836,-0.025610601,0.007969866
27.77,-0.512286813,0.668273723,5.129841155,-1.407125617,-0.48177185,0.340101751,5.102597132,-1.399077918,0.030514963,-0.328171972,-0.027244023,0.008047699
27.81,-0.526972067,0.641564741,5.138806066,-1.41904738,-0.50070516,0.312149215,5.10394799,-1.410230354,0.026266908,-0.329415526,-0.034858076,0.008817026
27.84,-0.537945173,0.621641191,5.133854918,-1.427581032,-0.514869331,0.291169761,5.104933381,-1.418653835,0.023075842,-0.330471431,-0.028921537,0.008927197
27.87,-0.548885372,0.601807581,5.136523594,-1.435871032,-0.529017242,0.270239448,5.105913226,-1.427073437,0.01986813,-0.331568133,-0.030610368,0.008797595
27.91,-0.56343053,0.575534466,5.141815466,-1.446511936,-0.547865461,0.242517532,5.107168203,-1.438220496,0.015565069,-0.333016934,-0.034647263,0.008291439
27.94,-0.574319052,0.555991665,5.141835482,-1.455031885,-0.561977573,0.221785136,5.108090394,-1.446574967,0.012341479,-0.334206529,-0.033745088,0.008456918
27.97,-0.585180693,0.536590202,5.144559854,-1.463511885,-0.576061991,0.201023045,5.108991864,-1.454971866,0.009118702,-0.335567157,-0.035567991,0.00854002
28.01,-0.611849888,0.396457779,5.142688675,-1.475535374,-0.59479728,0.173344702,5.110129785,-1.466200312,0.017052607,-0.223113077,-0.032558891,0.009335062
28.04,-0.62257098,0.375745262,5.138900233,-1.483749929,-0.608827334,0.152696926,5.110954907,-1.474574337,0.013743646,-0.223048337,-0.027945326,0.009175592
28.07,-0.633276683,0.355182443,5.141271396,-1.492259929,-0.622839181,0.132111786,5.111745861,-1.482922195,0.010437502,-0.223070657,-0.029525535,0.009337733
28.11,-0.647507402,0.327986005,5.133848061,-1.503059712,-0.641474752,0.10462566,5.112783077,-1.494096125,0.00603265,-0.223360346,-0.021064984,0.008963587
28.14,-0.65814743,0.307713904,5.130788359,-1.51225353,-0.655421251,0.083971587,5.113504185,-1.502522021,0.002726179,-0.223742317,-0.017284174,0.009731509
28.17,-0.668760211,0.287551398,5.132746582,-1.52119353,-0.669358328,0.063365573,5.114223054,-1.510923774,-0.000598116,-0.224185825,-0.018523528,0.010269757
28.21,-0.682877395,0.260877813,5.126254759,-1.533023483,-0.687939105,0.036012453,5.115136716,-1.52202243,-0.00506171,-0.22486536,-0.011118043,0.011001053
28.24,-0.693449025,0.241034825,5.14105986,-1.541901919,-0.701874293,0.015473146,5.11583555,-1.530378309,-0.008425268,-0.22556168,-0.025224309,0.01152361
28.27,-0.704004758,0.221284349,5.143223337,-1.550461919,-0.715809004,-0.005128351,5.11650828,-1.538808983,-0.011804246,-0.226412701,-0.026715057,0.011652936
28.31,-0.718055454,0.195045576,5.142323931,-1.561828611,-0.73439175,-0.032593459,5.117392984,-1.550048184,-0.016336297,-0.227639035,-0.024930947,0.011780427
28.34,-0.728571566,0.175503221,5.130050361,-1.569928963,-0.748330009,-0.053110023,5.118019538,-1.558390284,-0.019758442,-0.228613245,-0.012030824,0.011538679
28.37,-0.73904724,0.156106956,5.131694143,-1.578623963,-0.762265126,-0.073620269,5.118629829,-1.566726876,-0.023217886,-0.229727226,-0.013064314,0.011897088
28.41,-0.752971303,0.130435598,5.133920367,-1.588729325,-0.780833859,-0.101085729,5.119401653,-1.577940135,-0.027862557,-0.231521327,-0.014518714,0.01078919
28.44,-0.763386448,0.111272678,5.130932285,-1.59748931,-0.794748829,-0.121725481,5.119946794,-1.586369126,-0.031362381,-0.232998159,-0.010985491,0.011120184
28.47,-0.77377185,0.092206308,5.132494124,-1.60591181,-0.808652801,-0.14231921,5.12048841,-1.594753475,-0.034880952,-0.234525517,-0.012005714,0.011158335
28.51,-0.770186127,0.064933042,5.121609431,-1.61660541,-0.827167738,-0.169730198,5.121168886,-1.605885456,-0.05698161,-0.234663241,-0.000440545,0.010719954
28.54,-0.779965094,0.046850163,5.124429793,-1.625392422,-0.841036799,-0.190376524,5.121676549,-1.614278134,-0.061071705,-0.237226688,-0.002753244,0.011114288
28.57,-0.789724838,0.028861105,5.125704961,-1.634117422,-0.854892877,-0.211092408,5.122148111,-1.622699654,-0.065168038,-0.239953514,-0.00355685,0.011417768
28.61,-0.802679272,0.005031426,5.11805351,-1.644684952,-0.873337912,-0.238695397,5.122787305,-1.633895622,-0.070658641,-0.243726824,0.004733795,0.01078933
28.64,-0.812352423,-0.012677258,5.118814552,-1.653069946,-0.887149904,-0.259354299,5.123248187,-1.642247824,-0.074797481,-0.246677041,0.004433635,0.010822122
28.67,-0.821990328,-0.03024786,5.119889517,-1.661477446,-0.90095355,-0.280059202,5.123729228,-1.650612885,-0.078963222,-0.249811343,0.00383971,0.010864561
28.71,-0.834798515,-0.053501563,5.11879336,-1.672292616,-0.919354568,-0.307823983,5.124334408,-1.661843549,-0.084556053,-0.254322421,0.005541049,0.010449067
28.74,-0.844372516,-0.070836165,5.116039205,-1.679493113,-0.933148453,-0.328671305,5.124786353,-1.670259876,-0.088775938,-0.25783514,0.008747147,0.009233237
28.77,-0.853898264,-0.088043426,5.117020126,-1.688008113,-0.94693323,-0.349480087,5.125222976,-1.67862935,-0.093034966,-0.261436661,0.00820285,0.009378763
28.81,-0.866556275,-0.110752251,5.116858364,-1.699229949,-0.965306635,-0.377255174,5.125801496,-1.689772985,-0.09875036,-0.266502923,0.008943133,0.009456963
28.84,-0.876010536,-0.127634094,5.117381975,-1.706794796,-0.979093007,-0.398211795,5.126219246,-1.698187952,-0.103082471,-0.2705777,0.008837271,0.008606844
28.87,-0.885432864,-0.144419856,5.118408183,-1.715527296,-0.992879792,-0.419225255,5.126615326,-1.706617159,-0.107446928,-0.2748054,0.008207143,0.008910137
28.91,-0.897965904,-0.166629788,5.123708152,-1.725943431,-1.011244847,-0.447207573,5.127135002,-1.717794721,-0.113278944,-0.280577785,0.00342685,0.00814871
28.94,-0.907325304,-0.1831037,5.125571639,-1.734120948,-1.025009017,-0.468194607,5.127506571,-1.726150934,-0.117683713,-0.285090907,0.001934931,0.007970014
28.97,-0.916647304,-0.199430735,5.126850434,-1.742733448,-1.038778545,-0.489264871,5.127884462,-1.734537261,-0.122131241,-0.289834136,0.001034028,0.008196187
29.01,-1.107209147,-0.341133744,5.133122683,-1.7531562,-1.057149097,-0.517513473,5.128315066,-1.745770024,0.050060051,-0.176379729,-0.004807617,0.007386176
29.04,-1.12040471,-0.359594505,5.126663893,-1.761376927,-1.070916388,-0.538698834,5.128621051,-1.754167099,0.049488322,-0.179104329,0.001957158,0.007209828
29.07,-1.133560492,-0.377917075,5.127844726,-1.770316927,-1.084671991,-0.559860922,5.128884339,-1.76254025,0.048888501,-0.181943848,0.001039613,0.007776677
29.11,-1.151036571,-0.40212018,5.13768341,-1.781897359,-1.103013804,-0.588175159,5.129198115,-1.77373395,0.048022767,-0.18605498,-0.008485295,0.008163409
29.14,-1.164105607,-0.420147165,5.134765141,-1.789685011,-1.116768756,-0.609545189,5.129356067,-1.78214269,0.047336851,-0.189398024,-0.005409074,0.007542321
29.17,-1.177147127,-0.438081115,5.136054488,-1.798157511,-1.130494289,-0.630951095,5.12948557,-1.790532377,0.046652838,-0.192869979,-0.006568918,0.007625134
29.21,-1.194472424,-0.461801757,5.14123155,-1.809019677,-1.148687971,-0.659464686,5.129583831,-1.801778397,0.045784453,-0.19766293,-0.01164772,0.00724128
29.24,-1.207398858,-0.479404337,5.145806527,-1.817811018,-1.162248339,-0.680912281,5.129629068,-1.810234813,0.045150519,-0.201507944,-0.016177459,0.007576204
29.27,-1.220286198,-0.49688964,5.147313971,-1.826241018,-1.175755055,-0.702476654,5.129643058,-1.818609267,0.044531143,-0.205587014,-0.017670913,0.00763175
29.31,-1.237420859,-0.520031695,5.153249695,-1.837017559,-1.193644023,-0.731376926,5.129576792,-1.829694658,0.043776835,-0.211345231,-0.023672902,0.007322901
29.34,-1.250233145,-0.537239712,5.151026377,-1.844859526,-1.206941952,-0.753051648,5.12948138,-1.838116011,0.043291193,-0.215811936,-0.021544997,0.006743516
29.37,-1.262997883,-0.554288129,5.152495404,-1.853514526,-1.220159053,-0.774742335,5.129339061,-1.846593668,0.04283883,-0.220454206,-0.023156343,0.006920859
29.41,-1.279941333,-0.576769085,5.154732056,-1.863929288,-1.237677142,-0.803840209,5.12909864,-1.857786445,0.042264191,-0.227071124,-0.025633416,0.006142843
29.44,-1.292611809,-0.593499133,5.152870412,-1.871573051,-1.250740663,-0.825798491,5.128830573,-1.866093751,0.041871146,-0.232299358,-0.024039839,0.005479301
29.47,-1.305244248,-0.610121378,5.154210516,-1.879935551,-1.263727161,-0.847775913,5.12853665,-1.874453282,0.041517087,-0.237654535,-0.025673866,0.00548227
29.51,-1.349354172,-0.772812411,5.148381981,-1.890421693,-1.280892024,-0.87707731,5.128046715,-1.885748799,0.068462148,-0.104264899,-0.020335266,0.004672894
29.54,-1.36206075,-0.791836861,5.144308252,-1.899109905,-1.293688072,-0.899161487,5.127652479,-1.894172632,0.068372678,-0.107324626,-0.016655773,0.004937273
29.57,-1.374706824,-0.810727905,5.145258325,-1.907759905,-1.30644182,-0.921363265,5.127198537,-1.902502582,0.068265003,-0.11063536,-0.018059788,0.005257323
29.61,-1.391518416,-0.83575308,5.142603538,-1.918962535,-1.323332955,-0.951060413,5.12651489,-1.91361749,0.068185461,-0.115307334,-0.016088648,0.005345045
29.64,-1.404081429,-0.854365284,5.150523837,-1.928347284,-1.33589624,-0.973323101,5.125925687,-1.922065727,0.068185189,-0.118957817,-0.02459815,0.006281557
29.67,-1.416605344,-0.872805584,5.151536066,-1.936892284,-1.348407961,-0.995627087,5.125300852,-1.930517811,0.068197383,-0.122821503,-0.026235214,0.006374473
29.71,-1.433243491,-0.897197546,5.15110934,-1.947136112,-1.365053186,-1.02555623,5.124387701,-1.941672401,0.068190305,-0.128358684,-0.026721639,0.005463711
29.74,-1.445686895,-0.91537333,5.141592409,-1.955905183,-1.377499515,-1.048089759,5.12362352,-1.95002231,0.06818738,-0.132716429,-0.017968889,0.005882873
29.77,-1.458085746,-0.933424204,5.142151541,-1.964510183,-1.389894311,-1.070610316,5.122815806,-1.958422433,0.068191435,-0.137186112,-0.019335736,0.00608775
29.81,-1.474574852,-0.957237715,5.14734217,-1.975496743,-1.406345741,-1.10064533,5.121634729,-1.969672553,0.068229112,-0.143407615,-0.025707442,0.00582419
29.84,-1.48689773,-0.97492796,5.153472128,-1.983564517,-1.418677998,-1.123290124,5.120709024,-1.978062117,0.068219731,-0.148362163,-0.032763104,0.0055024
29.87,-1.499200896,-0.992498564,5.154235927,-1.992037017,-1.43100774,-1.146021535,5.119716389,-1.986414938,0.068193156,-0.153522971,-0.034519538,0.005622078
29.91,-1.515573885,-1.015741924,5.159811383,-2.002442752,-1.447382338,-1.176345637,5.118317811,-1.997593057,0.068191547,-0.160603714,-0.041493571,0.004849695
29.94,-1.527808115,-1.03300544,5.159147425,-2.010383613,-1.459601433,-1.199070751,5.117179196,-2.006031612,0.068206682,-0.166065311,-0.041968228,0.004352001
29.97,-1.540002639,-1.0501065,5.159923252,-2.019128613,-1.471807615,-1.221854691,5.116005733,-2.014455435,0.068195024,-0.171748191,-0.04391752,0.004673178
30.01,-1.417336672,-1.128541068,5.142802188,-2.030593091,-1.488088754,-1.252405094,5.114275062,-2.02559647,-0.070752082,-0.123864025,-0.028527126,0.00499662
30.04,-1.42612101,-1.146178366,5.143163586,-2.039670094,-1.500259303,-1.275355407,5.112877568,-2.033960148,-0.074138293,-0.129177042,-0.030286018,0.005709946
30.07,-1.434856368,-1.163687241,5.143222045,-2.048190094,-1.512373637,-1.298280842,5.111404471,-2.042373374,-0.07751727,-0.134593601,-0.031817574,0.005816721
30.11,-1.446400082,-1.186765389,5.153998962,-2.059894178,-1.528473047,-1.328893078,5.109367536,-2.053589071,-0.082072965,-0.14212769,-0.044631426,0.006305107
30.14,-1.454991342,-1.203905856,5.148714109,-2.06821745,-1.54057521,-1.351969735,5.10777882,-2.061952253,-0.085583868,-0.148063879,-0.04093529,0.006265197
30.17,-1.463557115,-1.220925628,5.148872654,-2.07691495,-1.552702947,-1.375088057,5.106133493,-2.070343204,-0.089145832,-0.154162429,-0.042739162,0.006571746
30.21,-1.47492542,-1.243411097,5.143690796,-2.088658219,-1.56889991,-1.405834039,5.103862111,-2.081496038,-0.09397449,-0.162422942,-0.039828685,0.007162181
30.24,-1.483384508,-1.260086087,5.130992769,-2.096984085,-1.581119811,-1.428835395,5.102096669,-2.089769317,-0.097735303,-0.168749308,-0.0288961,0.007214769
30.27,-1.491779217,-1.276599913,5.130583362,-2.105171585,-1.593454452,-1.451855533,5.100314127,-2.098130708,-0.101675235,-0.17525562,-0.030269235,0.007040877
30.31,-1.502917148,-1.298410336,5.116167074,-2.116007141,-1.610137346,-1.48256416,5.09784054,-2.109533429,-0.107220199,-0.184153825,-0.018326534,0.006473712
30.34,-1.511229638,-1.314626823,5.115890908,-2.124123379,-1.622779296,-1.505486423,5.095973996,-2.117958124,-0.111549658,-0.1908596,-0.019916913,0.006165255
30.37,-1.519479177,-1.330705009,5.115079084,-2.132870879,-1.635507686,-1.528302771,5.094087569,-2.126203171,-0.116028509,-0.197597762,-0.020991515,0.006667708
30.41,-1.530373087,-1.351903719,5.122935967,-2.14428574,-1.652717434,-1.558645488,5.091628081,-2.137295834,-0.122344347,-0.206741769,-0.031307886,0.006989906
30.44,-1.538502062,-1.367652285,5.127944619,-2.15265956,-1.665832815,-1.581385544,5.089776174,-2.145869671,-0.127330753,-0.213733259,-0.038168445,0.006789889
30.47,-1.546593281,-1.383292249,5.127749031,-2.16153956,-1.679060405,-1.6040494,5.087943299,-2.154417352,-0.132467124,-0.220757151,-0.039805732,0.007122208
30.51,-1.678724838,-1.579267921,5.115823735,-2.172783816,-1.696839857,-1.634032683,5.085504815,-2.16545916,-0.018115019,-0.054764762,-0.030318919,0.007324656
30.54,-1.689616681,-1.598210346,5.113599234,-2.181010228,-1.710321184,-1.656405556,5.083698733,-2.173727422,-0.020704503,-0.05819521,-0.029900502,0.007282806
30.57,-1.700464862,-1.617013495,5.11316517,-2.189422728,-1.723944811,-1.678750035,5.081894535,-2.182195753,-0.023479949,-0.061736541,-0.031270634,0.007226974
30.61,-1.714894488,-1.641941378,5.111223386,-2.201181306,-1.742317889,-1.70841715,5.079486777,-2.193639724,-0.027423401,-0.066475771,-0.031736609,0.007541582
30.64,-1.725665472,-1.660502646,5.112242881,-2.209220168,-1.756171924,-1.730457034,5.077717162,-2.201984243,-0.030506452,-0.069954387,-0.034525719,0.007235925
30.67,-1.736371965,-1.678905759,5.112000082,-2.217837668,-1.77008097,-1.752345197,5.07596499,-2.210200212,-0.033709005,-0.073439439,-0.036035092,0.007637456
30.71,-1.750559495,-1.703224522,5.101834512,-2.228159371,-1.788809846,-1.781359193,5.073715364,-2.221390666,-0.03825035,-0.078134671,-0.028119147,0.006768705
30.74,-1.761177298,-1.721329655,5.104236588,-2.236449336,-1.802986789,-1.802979367,5.072037669,-2.229984038,-0.041809491,-0.081649712,-0.032198919,0.006465298
30.77,-1.771761841,-1.739325535,5.104020166,-2.245111836,-1.817199454,-1.824416002,5.070406951,-2.238462514,-0.045437613,-0.085090467,-0.033613215,0.006649322
30.81,-1.78576373,-1.763080024,5.095477611,-2.256415408,-1.836174116,-1.852605499,5.068285254,-2.2494135,-0.050410386,-0.089525475,-0.027192358,0.007001908
30.84,-1.796167223,-1.780724302,5.098337308,-2.264010682,-1.850485703,-1.87352663,5.066781853,-2.257731781,-0.05431848,-0.092802328,-0.031555455,0.0062789
30.87,-1.806512832,-1.798251254,5.098275226,-2.272590682,-1.864876866,-1.894311198,5.065302644,-2.266275182,-0.058364034,-0.096059944,-0.032972582,0.0063155
30.91,-1.820253967,-1.821476597,5.095452251,-2.283417543,-1.884114523,-1.921649371,5.063422996,-2.277663153,-0.063860556,-0.100172773,-0.032029255,0.005754391
30.94,-1.830497042,-1.838754875,5.097172078,-2.291378972,-1.898509119,-1.941783791,5.062068822,-2.285897652,-0.068012078,-0.103028917,-0.035103255,0.00548132
30.97,-1.840677495,-1.855889579,5.097386174,-2.299743972,-1.912906389,-1.961678491,5.060773089,-2.294088319,-0.072228893,-0.105788912,-0.036613084,0.005655653
31.01,-1.805431431,-1.934593192,5.100265886,-2.310259965,-1.932182506,-1.987846083,5.059140523,-2.30540935,-0.126751075,-0.053252891,-0.041125364,0.004850615
31.04,-1.814283977,-1.952258146,5.094511715,-2.3196675,-1.946650206,-2.007142565,5.057965421,-2.314012036,-0.13236623,-0.054884419,-0.036546293,0.005655464
31.07,-1.823093899,-1.969828268,5.094925599,-2.3282275,-1.961060656,-2.026123473,5.056858687,-2.322376128,-0.137966757,-0.056295205,-0.038066912,0.005851372
31.11,-1.834751457,-1.993042906,5.086042691,-2.339450694,-1.980160011,-2.05084286,5.055595483,-2.333275651,-0.145408554,-0.057799954,-0.030447208,0.006175043
31.14,-1.843436953,-2.010310964,5.082037649,-2.346303078,-1.994419101,-2.068983932,5.054841038,-2.341653465,-0.150982149,-0.058672968,-0.027196611,0.004649614
31.17,-1.852088372,-2.027479109,5.082646784,-2.354728078,-2.008580584,-2.086807852,5.054204717,-2.350102954,-0.156492212,-0.059328744,-0.028442067,0.004625124
31.21,-1.863545224,-2.050215367,5.095870336,-2.365722848,-2.027108875,-2.109860419,5.053618079,-2.361083309,-0.163563651,-0.059645053,-0.042252257,0.004639539
31.24,-1.872076364,-2.067121014,5.087928337,-2.374355798,-2.040680513,-2.126590673,5.053343448,-2.369152347,-0.168604149,-0.059469659,-0.034584889,0.005203451
31.27,-1.88054935,-2.08389115,5.089274748,-2.382650798,-2.054039022,-2.14294989,5.053214096,-2.377303273,-0.173489672,-0.05905874,-0.036060652,0.005347525
31.31,-1.891781953,-2.106085154,5.089822984,-2.393790382,-2.071439812,-2.164071886,5.053196077,-2.388415124,-0.179657859,-0.057986732,-0.036626907,0.005375258
31.34,-1.900170953,-2.122645556,5.084841644,-2.402924911,-2.084068243,-2.179281842,5.053316588,-2.396681713,-0.18389729,-0.056636286,-0.031525056,0.006243198
31.37,-1.908495769,-2.139105382,5.086430177,-2.411062411,-2.096341226,-2.193981498,5.05350433,-2.404781659,-0.187845456,-0.054876116,-0.032925846,0.006280753
31.41,-1.919493226,-2.160897142,5.081558042,-2.421626427,-2.112101952,-2.212677166,5.053924049,-2.415594797,-0.192608726,-0.051780024,-0.027633993,0.00603163
31.44,-1.92768994,-2.177148096,5.075780373,-2.42999047,-2.123497793,-2.226039398,5.054341264,-2.423979615,-0.195807852,-0.048891303,-0.021439109,0.006010856
31.47,-1.935866367,-2.193339163,5.077450829,-2.43810797,-2.134525862,-2.238867831,5.054835978,-2.432411318,-0.198659494,-0.045528668,-0.022614851,0.005696652
31.51,-2.181087998,-2.333754241,5.082166175,-2.448787508,-2.148425142,-2.254884011,5.055612316,-2.443311946,0.032662856,0.07887023,-0.026553859,0.005475562
31.54,-2.194452622,-2.352072076,5.079096027,-2.456988769,-2.158248089,-2.266089399,5.056276655,-2.451399688,0.036204533,0.085982677,-0.022819372,0.005589082
31.57,-2.207745925,-2.370317236,5.081183503,-2.465418769,-2.167666532,-2.276742545,5.057010186,-2.459691684,0.040079392,0.09357469,-0.024173317,0.005727085
31.61,-2.225433542,-2.394566113,5.086777244,-2.476874855,-2.17941639,-2.289899165,5.058047154,-2.471000151,0.046017152,0.104666948,-0.02873009,0.005874703
31.64,-2.238664013,-2.412666333,5.096748616,-2.484803848,-2.187492206,-2.298897397,5.058876748,-2.479265663,0.051171806,0.113768936,-0.037871869,0.005538185
31.67,-2.251831584,-2.430670883,5.099521636,-2.493146348,-2.195005146,-2.307261219,5.059706293,-2.487373054,0.056826438,0.123409664,-0.039815342,0.005773295
31.71,-2.269313885,-2.454526239,5.104051473,-2.504704396,-2.204053481,-2.317332123,5.06085785,-2.498368469,0.065260404,0.137194116,-0.043193624,0.006335926
31.74,-2.282401315,-2.472341602,5.103637643,-2.511786703,-2.210107739,-2.324093483,5.061698849,-2.506846997,0.072293576,0.148248119,-0.041938794,0.004939706
31.77,-2.295504858,-2.490105641,5.106622004,-2.520534203,-2.21555293,-2.330229039,5.062536492,-2.515276959,0.079951928,0.159876602,-0.044085512,0.005257244
31.81,-2.312919073,-2.513667543,5.103962856,-2.532092653,-2.221618136,-2.33721296,5.063577382,-2.526193998,0.091300937,0.176454582,-0.040385474,0.005898656
31.84,-2.325907434,-2.531244141,5.103443437,-2.540947383,-2.225323194,-2.341592322,5.064330233,-2.534426683,0.10058424,0.189651819,-0.039113205,0.0065207
31.87,-2.338869195,-2.548775971,5.106330774,-2.549492383,-2.228449827,-2.345372684,5.06504951,-2.542899957,0.110419368,0.203403286,-0.041281264,0.006592426
31.91,-2.356166654,-2.572084566,5.111677352,-2.561550898,-2.231462709,-2.349249273,5.065956817,-2.554321455,0.124703944,0.222835293,-0.045720536,0.007229443
31.94,-2.369131364,-2.589511004,5.123629168,-2.56984469,-2.232762068,-2.351223699,5.06657186,-2.562589037,0.136369296,0.238287305,-0.057057308,0.007255653
31.97,-2.382073087,-2.606890498,5.127013515,-2.57864219,-2.233382004,-2.352535819,5.067126683,-2.570750673,0.148691082,0.254354678,-0.059886832,0.007891517
32.01,-2.271344571,-2.483158349,5.122224434,-2.590499564,-2.233060154,-2.353141364,5.067780409,-2.582022617,0.038284417,0.130016985,-0.054444025,0.008476947
32.04,-2.280975159,-2.496765108,5.119018126,-2.598757302,-2.231930342,-2.352728112,5.068163496,-2.59068994,0.049044817,0.144036996,-0.050854629,0.008067362
32.07,-2.290612551,-2.510328739,5.122026712,-2.607107302,-2.230081102,-2.351641963,5.068473131,-2.599160718,0.060531449,0.158686776,-0.053553581,0.007946585
32.11,-2.303430748,-2.528331802,5.128295283,-2.61847176,-2.226285969,-2.3489658,5.068698301,-2.610051239,0.077144778,0.179366001,-0.059596982,0.00842052
32.14,-2.313031438,-2.541786525,5.121245505,-2.627585615,-2.222523021,-2.346101499,5.06878093,-2.618438687,0.090508417,0.195685025,-0.052464575,0.009146928
32.17,-2.322663175,-2.555200732,5.124042455,-2.635790615,-2.218107269,-2.3426378,5.068775583,-2.627089503,0.104555906,0.212562932,-0.055266872,0.008701112
32.21,-2.335556779,-2.573080088,5.124621863,-2.648613595,-2.210891922,-2.336873336,5.06863736,-2.638500473,0.124664858,0.236206752,-0.055984503,0.010113122
32.24,-2.345240496,-2.586460655,5.124409568,-2.657002427,-2.204433448,-2.331682363,5.068381851,-2.646715833,0.140807047,0.254778292,-0.056027717,0.010286593
32.27,-2.354905578,-2.599808472,5.127052597,-2.665377427,-2.197263979,-2.32589572,5.068047037,-2.654951628,0.1576416,0.273912752,-0.05900556,0.010425799
32.31,-2.367809876,-2.617560932,5.127373935,-2.676377103,-2.18649002,-2.317146043,5.067450211,-2.666421823,0.181319856,0.300414888,-0.059923724,0.00995528
32.34,-2.377536428,-2.630866546,5.127891434,-2.68585821,-2.177435768,-2.309781933,5.066901593,-2.675065785,0.200100661,0.321084613,-0.060989842,0.010792424
32.37,-2.387276831,-2.644142808,5.130394153,-2.69423821,-2.167618167,-2.301812669,5.066259384,-2.683419118,0.219658664,0.342330138,-0.064134769,0.010819092
32.41,-2.400250311,-2.661818232,5.121165282,-2.705096219,-2.153191715,-2.290125526,5.065216806,-2.694314986,0.247058596,0.371692705,-0.055948476,0.010781233
32.44,-2.409989525,-2.675062153,5.127173142,-2.714452995,-2.141468463,-2.280628549,5.064331856,-2.702832829,0.268521062,0.394433603,-0.062841286,0.011620166
32.47,-2.419784655,-2.688309916,5.129409995,-2.723157995,-2.129078174,-2.270607131,5.063364564,-2.711527044,0.290706482,0.417702785,-0.066045432,0.011630951
32.51,-2.245418443,-2.568642837,5.122364532,-2.7332262,-2.111207794,-2.256248128,5.061959976,-2.722771278,0.134210649,0.312394709,-0.060404555,0.010454922
32.54,-2.251143751,-2.578950991,5.123148453,-2.741912042,-2.096800761,-2.244758745,5.060763848,-2.730930941,0.15434299,0.334192246,-0.062384606,0.010981101
32.57,-2.256887141,-2.589256744,5.12507714,-2.750334542,-2.081735976,-2.232790798,5.059505186,-2.73924591,0.175151165,0.356465947,-0.065571954,0.011088631
32.61,-2.264668632,-2.6030169,5.131731571,-2.761976766,-2.060492378,-2.21600116,5.057686195,-2.750769017,0.204176254,0.38701574,-0.074045377,0.011207749
32.64,-2.270600372,-2.613352112,5.131853166,-2.770806959,-2.043600995,-2.202765376,5.05625166,-2.759272021,0.226999377,0.410586736,-0.075601506,0.011534938
32.67,-2.276565835,-2.623702658,5.13383303,-2.779494459,-2.025987212,-2.189065518,5.054720836,-2.767507971,0.250578623,0.43463714,-0.079112194,0.011986488
32.71,-2.284558447,-2.637514716,5.11883322,-2.790078672,-2.001300122,-2.17002164,5.052543448,-2.778501663,0.283258325,0.467493076,-0.066289772,0.011577009
32.74,-2.290602651,-2.647895341,5.11345574,-2.799062684,-1.981971507,-2.155212552,5.050814852,-2.787067662,0.308631144,0.492682789,-0.062640887,0.011995022
32.77,-2.296713134,-2.658311151,5.114672238,-2.807380184,-1.962011612,-2.140020364,5.049042885,-2.795661614,0.334701522,0.518290787,-0.065629352,0.01171857
32.81,-2.304938253,-2.672243252,5.108719753,-2.817664136,-1.934144825,-2.119056271,5.046601046,-2.806737798,0.370793428,0.553186981,-0.062118706,0.010926338
32.84,-2.31114986,-2.682706113,5.08365828,-2.826229928,-1.912369306,-2.102852067,5.044713351,-2.8149605,0.398780554,0.579854046,-0.038944929,0.011269428
32.87,-2.3174119,-2.693192524,5.083969295,-2.834647428,-1.890037066,-2.086341805,5.042815665,-2.823367111,0.427374834,0.606850718,-0.04115363,0.011280316
32.91,-2.325912272,-2.707236303,5.086463773,-2.84625155,-1.859230839,-2.063793134,5.04024846,-2.834773981,0.466681433,0.643443168,-0.046215313,0.011477569
32.94,-2.332408114,-2.717808261,5.081832815,-2.854249445,-1.835259196,-2.046472964,5.038335337,-2.843140226,0.497148918,0.671335296,-0.043497478,0.011109219
32.97,-2.338953046,-2.728388849,5.082236507,-2.862744445,-1.810671119,-2.028875757,5.036396577,-2.85137701,0.528281927,0.699513093,-0.04583993,0.011367436
33.01,-1.991137773,-2.382461578,5.062456206,-2.873388467,-1.776920231,-2.004981554,5.03381021,-2.862502452,0.214217542,0.377480024,-0.028645996,0.010886014
33.04,-1.990297732,-2.385456301,5.059773481,-2.881957098,-1.750935395,-1.986775277,5.031856219,-2.871004056,0.239362337,0.398681024,-0.027917262,0.010953042
33.07,-1.989575497,-2.388494189,5.059707597,-2.890332098,-1.724402752,-1.968357326,5.029930198,-2.87945003,0.265172745,0.420136863,-0.029777399,0.010882068
33.11,-1.988742745,-2.392584035,5.070475915,-2.901387868,-1.687986794,-1.943430255,5.027347686,-2.890504995,0.300755951,0.44915378,-0.043128229,0.010882872
33.14,-1.988186685,-2.395678775,5.059212384,-2.910199676,-1.660006326,-1.924516655,5.025440798,-2.898833583,0.328180359,0.47116212,-0.033771585,0.011366093
33.17,-1.987722283,-2.398812917,5.059357787,-2.919032176,-1.631605579,-1.905483592,5.023553829,-2.907248813,0.356116704,0.493329325,-0.035803958,0.011783363
33.21,-1.987307152,-2.403057497,5.05580815,-2.931566078,-1.592898338,-1.879910303,5.021083022,-2.918474207,0.394408814,0.523147194,-0.034725128,0.013091872
33.24,-1.987102919,-2.406273421,5.04543232,-2.939897582,-1.563173897,-1.860591889,5.019240168,-2.926839345,0.423929022,0.545681532,-0.026192152,0.013058237
33.27,-1.986964752,-2.409522025,5.045376095,-2.948662582,-1.533000927,-1.841192394,5.01740462,-2.935185725,0.453963825,0.568329631,-0.027971476,0.013476857
33.31,-1.986937204,-2.413924564,5.042198194,-2.960770728,-1.492117164,-1.815215051,5.015031892,-2.946359102,0.49482004,0.598709512,-0.027166302,0.014411626
33.34,-1.987072571,-2.417275858,5.042563891,-2.969129666,-1.460967965,-1.795646555,5.013325877,-2.954769266,0.526104606,0.621629303,-0.029238014,0.0143604
33.37,-1.987327544,-2.420675879,5.042804402,-2.977492166,-1.429406258,-1.776003479,5.011692027,-2.963132791,0.557921286,0.6446724,-0.031112375,0.014359375
33.41,-1.987813041,-2.425284708,5.055513163,-2.98799478,-1.38661504,-1.749688484,5.00955904,-2.974182895,0.601198001,0.675596223,-0.045954123,0.013811885
33.44,-1.988283618,-2.428796874,5.049207319,-2.995493156,-1.354136254,-1.729890789,5.008038682,-2.982513317,0.634147364,0.698906085,-0.041168636,0.01297984
33.47,-1.988871843,-2.432345659,5.049930669,-3.004135656,-1.321417641,-1.710059608,5.006556773,-2.990897705,0.667454202,0.722286052,-0.043373896,0.013237951
33.51,-1.772064672,-2.134744667,5.048291753,-3.015600321,-1.277250265,-1.683549141,5.004693395,-3.0020449,0.494814407,0.451195526,-0.043598357,0.01355542
33.54,-1.769009752,-2.132597566,5.051086719,-3.023481561,-1.243698423,-1.663620763,5.003321905,-3.010336186,0.525311328,0.468976803,-0.047764814,0.013145375
33.57,-1.766036727,-2.13048142,5.05206857,-3.032024061,-1.209920732,-1.64367774,5.002001904,-3.018641072,0.556115995,0.48680368,-0.050066666,0.013382989
33.61,-1.762273288,-2.127723402,5.05592709,-3.042554426,-1.164597862,-1.617093401,5.000340154,-3.029789213,0.597675426,0.510630001,-0.055586936,0.012765213
33.64,-1.759619858,-2.125711458,5.055105608,-3.050295011,-1.130334723,-1.597176959,4.999199538,-3.038141951,0.629285134,0.528534499,-0.05590607,0.01215306
33.67,-1.757078568,-2.123743639,5.056476443,-3.059082511,-1.095823018,-1.577291389,4.998115573,-3.046497745,0.66125555,0.54645225,-0.05836087,0.012584767
33.71,-1.753804337,-2.121169758,5.0478449,-3.069489591,-1.049457045,-1.550885174,4.996753067,-3.057698673,0.704347292,0.570284584,-0.051091833,0.011790918
33.74,-1.75143982,-2.119282079,5.043205002,-3.077358475,-1.014561642,-1.531199728,4.995826937,-3.066046404,0.736878178,0.588082351,-0.047378065,0.011312071
33.77,-1.749198732,-2.117464827,5.044419951,-3.086005975,-0.979578586,-1.511609074,4.994972177,-3.074352177,0.769620146,0.605855753,-0.049447775,0.011653797
33.81,-1.746394133,-2.115134359,5.037405164,-3.096804699,-0.932656276,-1.485657717,4.994015923,-3.085509671,0.813737857,0.629476642,-0.043389241,0.011295028
33.84,-1.744389155,-2.113440532,5.039416481,-3.105949822,-0.897287211,-1.466321941,4.993387421,-3.093929143,0.847101944,0.64711859,-0.04602906,0.012020679
33.87,-1.742471954,-2.111800468,5.040832666,-3.114237322,-0.861889822,-1.44708348,4.992861833,-3.102303971,0.880582132,0.664716988,-0.047970834,0.011933351
33.91,-1.740116976,-2.109690954,5.030095633,-3.125706008,-0.814709269,-1.421611061,4.992308717,-3.113376265,0.925407708,0.688079893,-0.037786916,0.012329743
33.94,-1.738504199,-2.108149689,5.021319144,-3.133282177,-0.779248404,-1.402637136,4.992044922,-3.121715031,0.959255795,0.705512553,-0.029274222,0.011567145
33.97,-1.736993397,-2.106639171,5.022464494,3.14124813,-0.743711153,-1.383757355,4.991844744,-3.130106065,0.993282244,0.722881816,-0.03061975,0.011831112
34.01,-1.305715834,-1.784087033,5.018551604,3.129629133,-0.696347137,-1.358761634,4.991740512,-3.141282852,0.609368697,0.425325399,-0.026811092,0.012273322
34.04,-1.295762551,-1.776706079,5.017855504,3.121987163,-0.66094577,-1.340149261,4.991786977,3.13359124,0.634816781,0.436556818,-0.026068526,0.011604077
34.07,-1.28595852,-1.769378673,5.019215439,3.113524663,-0.625593939,-1.321634908,4.991948367,3.12528211,0.660364581,0.447743765,-0.027267072,0.011757446
34.11,-1.27305349,-1.759659768,5.002790803,3.102639583,-0.578453346,-1.297128921,4.99232286,3.114109124,0.694600143,0.462530847,-0.010467944,0.011469541
34.14,-1.263464316,-1.7524233,5.005918433,3.094284302,-0.543177205,-1.278880132,4.992696908,3.10571527,0.720287111,0.473543169,-0.013221524,0.011430968
34.17,-1.25397032,-1.745242948,5.007180416,3.085764302,-0.508053424,-1.260720683,4.993158012,3.097368027,0.745916896,0.484522265,-0.014022403,0.011603725
34.21,-1.241544275,-1.735755849,5.020392227,3.074463328,-0.46148868,-1.236664727,4.993939093,3.086276111,0.780055595,0.499091123,-0.026453134,0.011812783
34.24,-1.232389874,-1.72871195,5.008745278,3.06636183,-0.426665657,-1.21873766,4.994672601,3.077916191,0.805724217,0.509974289,-0.014072678,0.011554361
34.27,-1.223325009,-1.721729639,5.010389279,3.05765183,-0.391928903,-1.200888668,4.995460819,3.06954026,0.831396106,0.520840971,-0.01492846,0.01188843
34.31,-1.211371996,-1.712505414,5.03132456,3.046121339,-0.345950821,-1.177213966,4.996636335,3.058401808,0.865421175,0.535291448,-0.034688225,0.012280469
34.34,-1.202554205,-1.705635905,5.03077472,3.037319322,-0.311770222,-1.159540936,4.997588079,3.050064802,0.890783983,0.54609497,-0.03318664,0.01274548
34.37,-1.193875368,-1.698800347,5.0332667,3.028711822,-0.277744528,-1.141930597,4.99862715,3.041716237,0.91613084,0.55686975,-0.03463955,0.013004415
34.41,-1.182469504,-1.689756331,5.0408936,3.017307376,-0.232610833,-1.118564936,5.000062223,3.030561685,0.949858671,0.571191395,-0.040831378,0.013254309
34.44,-1.174006638,-1.683027493,5.043268148,3.008642528,-0.199054772,-1.101111436,5.001189573,3.022199491,0.974951866,0.581916057,-0.042078576,0.013556962
34.47,-1.165659169,-1.676352928,5.046114537,2.999677528,-0.165779961,-1.083699586,5.002342205,3.013844747,0.999879208,0.592653342,-0.043772332,0.014167219
34.51,-0.734931818,-1.443725689,5.03993748,2.989036432,-0.121846393,-1.060566445,5.003971176,3.002700774,0.613085425,0.383159243,-0.035966304,0.013664342
34.54,-0.718867471,-1.433443456,5.036589801,2.981802251,-0.089134842,-1.043286531,5.005243575,2.994330921,0.629732629,0.390156926,-0.031346226,0.01252867
34.57,-0.702868632,-1.423219134,5.039228306,2.973344751,-0.056643327,-1.026049162,5.006540537,2.985964375,0.646225305,0.397169973,-0.032687769,0.012619624
34.61,-0.681673539,-1.409699663,5.039434113,2.962968265,-0.013885873,-1.003113179,5.008352969,2.974815925,0.667787666,0.406586484,-0.031081144,0.01184766
34.64,-0.665932945,-1.399610247,5.035620095,2.955291398,0.017770179,-0.985934233,5.009769584,2.966439143,0.683703124,0.413676014,-0.025850512,0.011147745
34.67,-0.650308918,-1.389564927,5.038281844,2.946721398,0.049198615,-0.968770838,5.01124905,2.958071425,0.699507533,0.420794089,-0.027032794,0.011350026
34.71,-0.629565432,-1.376233437,5.042116467,2.935637478,0.0906769,-0.94588802,5.013254366,2.946983614,0.720242332,0.430345417,-0.028862101,0.011346136
34.74,-0.614095663,-1.366285139,5.038922525,2.927171583,0.121340361,-0.928687651,5.014815531,2.938633671,0.735436023,0.437597488,-0.024106995,0.011462089
34.77,-0.598726614,-1.356370595,5.041650561,2.918749083,0.151654696,-0.911448963,5.016389287,2.930225865,0.75038131,0.444921632,-0.025261274,0.011476783
34.81,-0.578399254,-1.343218361,5.056767328,2.90840552,0.19155761,-0.888416482,5.018564456,2.919037833,0.769956864,0.45480188,-0.038202872,0.010632313
34.84,-0.56325463,-1.333403889,5.04305698,2.899524187,0.221144874,-0.871117357,5.020204225,2.910711665,0.784399504,0.462286532,-0.022852755,0.011187478
34.87,-0.548172683,-1.323642521,5.045841721,2.890944187,0.25041455,-0.853785224,5.021868855,2.902373874,0.798587234,0.469857297,-0.023972867,0.011429686
34.91,-0.528204091,-1.310692319,5.034390664,2.87942862,0.288756014,-0.830591028,5.024084521,2.891168903,0.816960105,0.480101291,-0.010306143,0.011740284
34.94,-0.513365049,-1.301024156,5.02925442,2.871394153,0.317066621,-0.813147222,5.025774584,2.882759476,0.830431671,0.487876934,-0.003479837,0.011365322
34.97,-0.498631895,-1.291408831,5.031541547,2.862569153,0.345115574,-0.79568281,5.027485312,2.874391807,0.843747469,0.495726021,-0.004056235,0.011822654
35.01,-0.123541236,-1.192995677,5.029160836,2.850595185,0.381961558,-0.772336398,5.029803366,2.86326421,0.505502794,0.420659279,0.000642531,0.012669024
35.04,-0.102631175,-1.182754191,5.032287999,2.842039898,0.409069848,-0.754746243,5.031590766,2.854865368,0.511701023,0.428007948,-0.000697233,0.012825471
35.07,-0.081825425,-1.172561181,5.034666433,2.833704898,0.435811611,-0.737099039,5.033401351,2.846436304,0.517637036,0.435462142,-0.001265082,0.012731406
35.11,-0.054233152,-1.159046453,5.035519958,2.821606722,0.470931366,-0.713495735,5.035886406,2.835253127,0.525164518,0.445550718,0.000366448,0.013646405
35.14,-0.033610191,-1.148973652,5.037094792,2.813331247,0.49686282,-0.695719432,5.037748934,2.826932838,0.530473011,0.45325422,0.000654143,0.013601592
35.17,-0.013036134,-1.138977972,5.039602325,2.804661247,0.522414726,-0.677847295,5.039637276,2.818576979,0.53545086,0.461130677,3.4951e-05,0.013915732
35.21,0.014257502,-1.125751504,5.044740532,2.793977323,0.55576238,-0.653800151,5.042137446,2.807266236,0.541504879,0.471951353,-0.002603086,0.013288913
35.24,0.034620131,-1.115897521,5.051081826,2.784893627,0.580344281,-0.635612985,5.044041698,2.798839136,0.54572415,0.480284537,-0.007040128,0.013945509
35.27,0.054934963,-1.106092026,5.053918338,2.776296127,0.604653891,-0.61731637,5.045926869,2.790557891,0.549718928,0.488775655,-0.007991469,0.014261764
35.31,0.081978152,-1.093143851,5.052232977,2.7642473,0.636442198,-0.592657941,5.048434999,2.779506705,0.554464046,0.500485911,-0.003797978,0.015259405
35.34,0.102178434,-1.083511245,5.065873547,2.756157073,0.659740219,-0.573928737,5.050275187,2.771009749,0.557561785,0.509582508,-0.015598361,0.014852676
35.37,0.122294591,-1.073939284,5.068995688,2.747589573,0.682695672,-0.555043,5.052103686,2.76249213,0.560401081,0.518896284,-0.016892002,0.014902557
35.41,0.149031899,-1.061270251,5.070944177,2.736995298,0.71279275,-0.529614452,5.05451508,2.751406185,0.56376085,0.531655799,-0.016429097,0.014410888
35.44,0.169068721,-1.051845956,5.064314709,2.72842694,0.734927334,-0.510330935,5.056283962,2.743148181,0.565858613,0.541515021,-0.008030747,0.014721241
35.47,0.189073982,-1.042510099,5.067133671,2.71999444,0.756669623,-0.490860184,5.058024003,2.734738852,0.567595641,0.551649915,-0.009109668,0.014744412
35.51,0.3785725,-0.719653047,5.062254392,2.70858389,0.784981542,-0.464568935,5.060265994,2.723356214,0.406409042,0.255084111,-0.001988399,0.014772324
35.54,0.400478003,-0.704269475,5.067697945,2.700039831,0.805821253,-0.444648424,5.061932684,2.714986852,0.40534325,0.259621051,-0.005765261,0.014947021
35.57,0.422363659,-0.688964451,5.070417812,2.691082331,0.826375762,-0.424580286,5.063559785,2.706734433,0.404012104,0.264384165,-0.006858027,0.015652102
35.61,0.451509283,-0.668666758,5.071346613,2.678799525,0.853116983,-0.397484329,5.065703739,2.695575878,0.4016077,0.271182429,-0.005642874,0.016776354
35.64,0.473287175,-0.653510535,5.085667376,2.670957217,0.872656539,-0.376898952,5.067241817,2.687039773,0.399369364,0.276611583,-0.018425559,0.016082556
35.67,0.494982486,-0.638401615,5.088689644,2.662292217,0.891895934,-0.35615718,5.068765752,2.678565512,0.396913449,0.282244435,-0.019923893,0.016273295
35.71,0.523840516,-0.618393466,5.076858817,2.652197318,0.917066119,-0.328248165,5.070715327,2.667516502,0.393225604,0.290145301,-0.006143489,0.015319183
35.74,0.545469257,-0.603502072,5.08204506,2.643099349,0.935489073,-0.307078598,5.072134161,2.659185021,0.390019815,0.296423474,-0.009910899,0.016085672
35.77,0.567060266,-0.588691324,5.084652732,2.634549349,0.953535053,-0.285710754,5.073491266,2.650710023,0.386474787,0.302980569,-0.011161466,0.016160674
35.81,0.595734539,-0.569015783,5.087527201,2.622355303,0.977008237,-0.256906152,5.075243105,2.639375342,0.381273697,0.312109631,-0.012284096,0.017020039
35.84,0.617179496,-0.554357383,5.081723628,2.613866187,0.994269585,-0.235115556,5.07650418,2.631051768,0.377090089,0.319241826,-0.005219448,0.017185581
35.87,0.638604932,-0.539800973,5.084072306,2.605451187,1.011248564,-0.21316862,5.077720602,2.622772736,0.372643632,0.326632353,-0.006351704,0.017321549
35.91,0.667130955,-0.520510118,5.080535195,2.594377295,1.033248822,-0.183545952,5.079272151,2.611525721,0.366117867,0.336964166,-0.001263044,0.017148426
35.94,0.688455285,-0.506112506,5.08269357,2.586097379,1.049308737,-0.161076083,5.080368197,2.60300484,0.360853452,0.345036423,-0.002325373,0.016907461
35.97,0.709728095,-0.49176158,5.084859352,2.577442379,1.065127693,-0.138465396,5.081445925,2.594591412,0.355399598,0.353296184,-0.003413426,0.017149033
36.01,0.790636205,-0.379839739,5.083894399,2.566092527,1.08578145,-0.108057207,5.082800791,2.5835537,0.295145245,0.271782532,-0.001093607,0.017461173
36.04,0.811890168,-0.3646853,5.080676244,2.557516736,1.100840543,-0.084987951,5.08378925,2.575159838,0.288950375,0.27969735,0.003113005,0.017643101
36.07,0.833083009,-0.349613663,5.082580535,2.548979236,1.115577103,-0.061718694,5.08471522,2.566647586,0.282494094,0.287894969,0.002134684,0.01766835
36.11,0.861271987,-0.329639787,5.094467449,2.538215965,1.134772972,-0.030408042,5.085897716,2.555375637,0.273500985,0.299231746,-0.008569733,0.017159672
36.14,0.882395605,-0.314782649,5.09800512,2.530017705,1.148887056,-0.006743699,5.086712106,2.547087159,0.266491452,0.30803895,-0.011293014,0.017069454
36.17,0.903524725,-0.300025436,5.100227308,2.521345205,1.162739045,0.017093151,5.087501737,2.538775019,0.25921432,0.317118586,-0.01272557,0.017429814
36.21,0.93167486,-0.280479347,5.109251875,2.510837039,1.180655456,0.049245193,5.088433027,2.527468321,0.248980596,0.32972454,-0.020818848,0.016631283
36.24,0.952743139,-0.265897363,5.112480879,2.502846684,1.19375175,0.073585138,5.089053717,2.518989496,0.241008611,0.339482501,-0.023427162,0.016142812
36.27,0.973818567,-0.251408249,5.114838624,2.494091684,1.206657378,0.098045667,5.08961217,2.51062762,0.232838811,0.349453915,-0.025226453,0.016535937
36.31,1.001950367,-0.232252827,5.120888681,2.482723892,1.223449962,0.130917961,5.090236194,2.499535701,0.221499596,0.363170788,-0.030652488,0.016811808
36.34,1.023021916,-0.217990369,5.110573121,2.474525349,1.235639563,0.155826239,5.090613836,2.491100933,0.212617647,0.373816608,-0.019959284,0.016575584
36.37,1.044058888,-0.20379709,5.112518209,2.466047849,1.247553098,0.180900698,5.090905943,2.482629749,0.20349421,0.384697788,-0.021612266,0.016581899
36.41,1.072079566,-0.18501581,5.102951153,2.454191589,1.263053739,0.214537475,5.091186598,2.471434448,0.190974173,0.399553284,-0.011764555,0.017242859
36.44,1.093110236,-0.171071971,5.107173403,2.445880995,1.274388488,0.239913943,5.091299931,2.463086485,0.181278251,0.410985914,-0.015873472,0.01720549
36.47,1.114153525,-0.1572267,5.10876501,2.437303495,1.285444594,0.265448584,5.091382224,2.454699701,0.171291069,0.422675284,-0.017382787,0.017396206
36.51,1.163327219,0.097045258,5.105625716,2.426065072,1.299656356,0.299795154,5.091367143,2.443453674,0.136329137,0.202749896,-0.014258573,0.017388602
36.54,1.184091364,0.115287835,5.122473332,2.418168051,1.310009321,0.325700272,5.09131183,2.435046552,0.125917956,0.210412438,-0.031161502,0.016878501
36.57,1.204868462,0.133415026,5.124323516,2.409585551,1.320169825,0.351682304,5.091194349,2.426663625,0.115301363,0.218267279,-0.033129167,0.017078074
36.61,1.232593708,0.157387868,5.114800231,2.398210917,1.333262088,0.386546908,5.090954175,2.415472871,0.10066838,0.229159039,-0.023846056,0.017261954
36.64,1.253368777,0.175243737,5.11344516,2.389524687,1.342684378,0.41290599,5.090653152,2.407070647,0.089315601,0.237662253,-0.022792008,0.01754596
36.67,1.274114028,0.193025833,5.11473054,2.381007187,1.351863331,0.43937436,5.090277027,2.39868056,0.077749303,0.246348527,-0.024453512,0.017673373
36.71,1.301790623,0.216579116,5.10923732,2.369708005,1.363747467,0.474768769,5.089651704,2.387473864,0.061956844,0.258189653,-0.019585615,0.017765859
36.74,1.322581744,0.234085938,5.128028143,2.362157721,1.372341172,0.501416346,5.089107589,2.379035894,0.049759428,0.267330408,-0.038920554,0.016878173
36.77,1.343388636,0.2514973,5.129554598,2.353772721,1.380637224,0.528176406,5.088515974,2.370654903,0.037248588,0.276679106,-0.041038624,0.016882182
36.81,1.371080873,0.274588604,5.13753519,2.34374757,1.391169498,0.56399454,5.087615512,2.359634788,0.020088626,0.289405936,-0.049919677,0.015887218
36.84,1.391836223,0.291797172,5.122511036,2.335128359,1.39874004,0.590840709,5.086884384,2.35122839,0.006903817,0.299043537,-0.035626651,0.016100031
36.87,1.41263281,0.308907257,5.123631581,2.326498359,1.406055717,0.617652463,5.086083804,2.342646499,-0.006577092,0.308745206,-0.037547777,0.01614814
36.91,1.440439189,0.331535871,5.113526966,2.314040006,1.415202077,0.653408258,5.084941613,2.331411239,-0.025237111,0.321872387,-0.028585353,0.017371233
36.94,1.461327238,0.348399632,5.112817195,2.306384157,1.421566577,0.68021026,5.083994949,2.323349589,-0.03976066,0.331810628,-0.028822246,0.016965432
36.97,1.482222669,0.365186402,5.113524629,2.297909157,1.427610482,0.706918926,5.083036755,2.315181295,-0.054612187,0.341732524,-0.030487874,0.017272138
37.01,1.506731919,0.41274267,5.111004812,2.288077465,1.435100063,0.742272271,5.081714044,2.303605385,-0.071631857,0.329529601,-0.029290768,0.01552792
37.04,1.527201219,0.428933226,5.107469969,2.279178721,1.440192569,0.768639395,5.080735905,2.295035876,-0.08700865,0.339706169,-0.026734064,0.015857155
37.07,1.547688864,0.44503239,5.108053834,2.270568721,1.444855289,0.794919256,5.079735743,2.28698225,-0.102833575,0.349886866,-0.028318091,0.016413529
37.11,1.574993249,0.466372047,5.10235353,2.259090894,1.450336315,0.829677233,5.078394622,2.276417705,-0.124656934,0.363305186,-0.023958908,0.01732681
37.14,1.595497129,0.482261256,5.100804628,2.251021393,1.453942072,0.855426627,5.077388487,2.267748655,-0.141555057,0.373165371,-0.023416141,0.016727261
37.17,1.616059904,0.498021487,5.101267909,2.242228893,1.457139416,0.88095738,5.076392701,2.258851715,-0.158920488,0.382935893,-0.024875207,0.016622821
37.21,1.643547476,0.518838555,5.107067557,2.230824051,1.460537217,0.914677808,5.075095514,2.247948978,-0.183010259,0.395839253,-0.031972044,0.017124927
37.24,1.664187942,0.534348077,5.099757471,2.222384374,1.462438466,0.939676014,5.074117875,2.240225002,-0.201749476,0.405327937,-0.025639596,0.017840627
37.27,1.684845281,0.549758483,5.100319077,2.213841874,1.463906608,0.964379994,5.073160645,2.231945222,-0.220938673,0.414621511,-0.027158432,0.018103348
37.31,1.712462945,0.570097197,5.093462429,2.203180341,1.465043613,0.996761368,5.071871338,2.219885774,-0.247419332,0.426664171,-0.021591091,0.016705433
37.34,1.733237487,0.585203359,5.09174096,2.19500873,1.465184033,1.020706081,5.070931495,2.211504719,-0.268053454,0.435502722,-0.020809466,0.016495988
37.37,1.754046226,0.60022507,5.092185772,2.18635123,1.464788723,1.044406284,5.069970754,2.203855866,-0.289257504,0.444181214,-0.022215018,0.017504636
37.41,1.781840944,0.620107126,5.098282273,2.176263313,1.463350473,1.07541965,5.068721068,2.193181021,-0.318490471,0.455312524,-0.029561205,0.016917708
37.44,1.802767008,0.634885406,5.098127351,2.167342919,1.461611378,1.098184544,5.067779497,2.184108238,-0.34115563,0.463299138,-0.030347855,0.016765319
37.47,1.823780031,0.649532039,5.098961342,2.158790419,1.459343094,1.120639372,5.066865003,2.175179867,-0.364436937,0.471107334,-0.032096339,0.016389448
37.51,1.622441284,0.879945568,5.085974291,2.148421078,1.455292622,1.150081536,5.065622836,2.164838484,-0.167148662,0.270135968,-0.020351455,0.016417406
37.54,1.638227705,0.898661007,5.089751666,2.140631582,1.451530568,1.171709473,5.064681751,2.157103574,-0.186697137,0.273048466,-0.025069916,0.016471992
37.57,1.65407631,0.917284193,5.090450013,2.131859082,1.447278759,1.192945609,5.063732483,2.148451198,-0.20679755,0.275661416,-0.02671753,0.016592116
37.61,1.675341241,0.94194238,5.084912081,2.120964538,1.440669811,1.220600238,5.062481418,2.13644681,-0.234671431,0.278657858,-0.022430663,0.015482273
37.64,1.691377447,0.960316338,5.073952606,2.113241159,1.434967495,1.240932623,5.061547254,2.128583873,-0.256409952,0.280616285,-0.012405351,0.015342715
37.67,1.707464328,0.978616661,5.074293234,2.104728659,1.428758685,1.260944965,5.060598155,2.121127999,-0.278705643,0.282328304,-0.013695079,0.01639934
37.71,1.728992937,1.002882617,5.075212116,2.094278793,1.41967067,1.286917249,5.059354106,2.109971463,-0.309322267,0.284034631,-0.01585801,0.01569267
37.74,1.745213075,1.020966302,5.072140735,2.087282514,1.412276236,1.305879281,5.058432936,2.100951859,-0.332936838,0.284912979,-0.013707799,0.013669346
37.77,1.76150533,1.038955248,5.072660784,2.078597514,1.404436727,1.32453721,5.057555099,2.092493591,-0.357068603,0.285581962,-0.015105685,0.013896077
37.81,1.783314841,1.062855237,5.065684537,2.067901562,1.393197677,1.348872881,5.056385661,2.08236241,-0.390117165,0.286017643,-0.009298875,0.014460848
37.84,1.799745881,1.080702019,5.073152554,2.059151963,1.384259416,1.366607995,5.055552449,2.074223865,-0.415486466,0.285905976,-0.017600104,0.015071903
37.87,1.816248592,1.098444508,5.073885109,2.050621963,1.374979521,1.383936412,5.05472684,2.065355873,-0.44126907,0.285491903,-0.019158268,0.01473391
37.91,1.838389473,1.12192474,5.071566696,2.039516164,1.361928768,1.406404497,5.053710923,2.053794916,-0.476460705,0.284479757,-0.017855773,0.014278752
37.94,1.855079314,1.139459523,5.061935203,2.030323802,1.351615707,1.422832129,5.052964083,2.046074568,-0.503463607,0.283372606,-0.00897112,0.015750766
37.97,1.871844311,1.156955999,5.06253316,2.021973802,1.340957414,1.438888827,5.052240729,2.038345471,-0.530886897,0.281932828,-0.010292431,0.016371669
38.01,1.42868115,1.317752577,5.071160104,2.011479474,1.32617956,1.45950337,5.051300471,2.026772706,-0.10250159,0.141750793,-0.019859633,0.015293232
38.04,1.435662423,1.337457104,5.072578067,2.004346857,1.314647226,1.474418987,5.05063615,2.017940461,-0.121015196,0.136961883,-0.021941917,0.013593603
38.07,1.442722317,1.357079075,5.073710936,1.996111857,1.302760014,1.488997684,5.050007055,2.00981017,-0.139962303,0.131918609,-0.023703881,0.013698312
38.11,1.452231004,1.383168364,5.077902608,1.98529324,1.28631338,1.507758728,5.049190753,1.999605239,-0.165917624,0.124590364,-0.028711855,0.014312
38.14,1.459416968,1.402657994,5.082541047,1.977376419,1.273649005,1.52121734,5.04860862,1.991183575,-0.185767962,0.118559346,-0.033932427,0.013807156
38.17,1.466664687,1.422029181,5.084079083,1.968781419,1.26081191,1.534255512,5.04802943,1.982430556,-0.205852777,0.112226331,-0.036049653,0.013649137
38.21,1.476444464,1.447666948,5.066524881,1.958986526,1.243468966,1.55108293,5.047379288,1.971228267,-0.232975498,0.103415983,-0.019145593,0.012241741
38.24,1.483831055,1.466801406,5.080679361,1.951726513,1.230434067,1.563434044,5.046962271,1.963058785,-0.253396988,0.096632638,-0.03371709,0.011332273
38.27,1.491255893,1.485870111,5.082382009,1.943494013,1.217518549,1.575605154,5.046624135,1.954799569,-0.273737343,0.089735043,-0.035757874,0.011305556
38.31,1.501248165,1.511154746,5.083048162,1.932310987,1.20075229,1.591547681,5.046318372,1.944135426,-0.300495875,0.080392935,-0.03672979,0.011824439
38.34,1.508831275,1.529989938,5.08309282,1.924236578,1.188637869,1.603443983,5.046206062,1.936281376,-0.320193406,0.073454045,-0.036886758,0.012044799
38.37,1.516490369,1.548731733,5.08508456,1.915944078,1.176903883,1.615393607,5.046153212,1.92800147,-0.339586486,0.066661874,-0.038931348,0.012057392
38.41,1.526806427,1.573630332,5.090690189,1.904310747,1.162055645,1.631421855,5.046160228,1.916514673,-0.364750782,0.057791523,-0.044529961,0.012203926
38.44,1.534631575,1.592222986,5.086363869,1.896903663,1.151584975,1.643459592,5.046222621,1.908535936,-0.3830466,0.051236606,-0.040141248,0.011632274
38.47,1.542526547,1.610721069,5.088558473,1.888323663,1.141596699,1.655541581,5.046308675,1.900871937,-0.400929848,0.044820512,-0.042249798,0.012548275
38.51,1.405536627,1.699979752,5.069335783,1.877753091,1.129110041,1.671873577,5.046483066,1.889907763,-0.276426586,-0.028106175,-0.022852717,0.012154671
38.54,1.411525363,1.719172654,5.065248559,1.868909914,1.12034337,1.684299726,5.046614836,1.881162398,-0.291181993,-0.034872927,-0.018633723,0.012252484
38.57,1.417579819,1.738303456,5.066856766,1.860462414,1.112014026,1.696793175,5.046780899,1.872741614,-0.305565793,-0.041510281,-0.020075867,0.0122792
38.61,1.425779307,1.763672591,5.072289751,1.849967479,1.101671946,1.713555779,5.04704527,1.862316661,-0.324107361,-0.050116813,-0.02524448,0.012349182
38.64,1.432026997,1.782575649,5.064639109,1.841670896,1.094433043,1.726312545,5.047319268,1.854196513,-0.337593954,-0.056263104,-0.017319841,0.012525617
38.67,1.438348937,1.801414564,5.066366645,1.833098396,1.087549951,1.739244933,5.047609702,1.845584058,-0.350798987,-0.062169631,-0.018756943,0.012485662
38.71,1.446864878,1.826423543,5.06982797,1.82138808,1.079043393,1.756720238,5.048034768,1.834151824,-0.367821486,-0.069703305,-0.021793202,0.012763744
38.74,1.453330794,1.84507751,5.067816245,1.81322124,1.073162391,1.769941648,5.048364021,1.826177953,-0.380168402,-0.075135862,-0.019452224,0.012956713
38.77,1.459854869,1.863628225,5.06965189,1.80474624,1.067608239,1.783295056,5.048716543,1.818220286,-0.39224663,-0.080333169,-0.020935348,0.013474046
38.81,1.46866343,1.888249716,5.079335283,1.793891642,1.060714015,1.801447765,5.049202828,1.806896129,-0.407949415,-0.086801951,-0.030132456,0.013004486
38.84,1.475357361,1.906643442,5.078275359,1.785487284,1.05588012,1.81527593,5.049569655,1.798293282,-0.419477241,-0.091367511,-0.028705704,0.012805998
38.87,1.482117706,1.924960647,5.080397768,1.777049784,1.051269098,1.829192796,5.049948866,1.789979326,-0.430848608,-0.095767851,-0.030448902,0.012929542
38.91,1.491245575,1.94921933,5.082067959,1.766421898,1.045452979,1.847941371,5.050438654,1.779110382,-0.445792595,-0.101277959,-0.031629305,0.012688484
38.94,1.498167686,1.967306167,5.089822082,1.757206815,1.041262502,1.862251097,5.050813905,1.770709605,-0.456905185,-0.105055069,-0.039008177,0.01350279
38.97,1.505143851,1.985328448,5.09220653,1.748751815,1.037163626,1.87674352,5.05116354,1.762203685,-0.467980225,-0.108584928,-0.041042989,0.01345187
39.01,1.327703063,1.932377736,5.083796192,1.737409962,1.031838209,1.896276124,5.051640095,1.751010707,-0.295864853,-0.036101612,-0.032156097,0.013600745
39.04,1.33151948,1.948078172,5.079047479,1.728350472,1.027909557,1.911058611,5.051971608,1.742684486,-0.303609923,-0.037019561,-0.027075871,0.014334014
39.07,1.335402379,1.963656065,5.080957262,1.719825472,1.023990381,1.926006525,5.052311768,1.734323533,-0.311411998,-0.03764954,-0.028645494,0.014498061
39.11,1.340663849,1.984300535,5.080023171,1.708220461,1.018737511,1.946308288,5.052736114,1.723151592,-0.321926337,-0.037992247,-0.027287057,0.014931131
39.14,1.344660521,1.9997003,5.072921566,1.700599746,1.014789152,1.961743088,5.053061848,1.714789978,-0.329871369,-0.037957213,-0.019859718,0.014190232
39.17,1.348693085,2.015008994,5.074526393,1.692049746,1.010856596,1.977292398,5.05338079,1.706456053,-0.337836489,-0.037716595,-0.021145603,0.014406307
39.21,1.354125606,2.035248,5.080247261,1.681616011,1.005667023,1.998338219,5.053807265,1.695368431,-0.348458584,-0.036909781,-0.026439997,0.013752419
39.24,1.358254081,2.050308379,5.062380838,1.673282832,1.001822602,2.014451651,5.05411186,1.686953479,-0.356431479,-0.035856728,-0.008268978,0.013670648
39.27,1.362424983,2.065304306,5.063550228,1.664765332,0.998016741,2.030776943,5.054399633,1.678511316,-0.364408243,-0.034527364,-0.009150596,0.013745985
39.31,1.368081016,2.085161368,5.056820905,1.65405982,0.993007264,2.052819693,5.054766729,1.667340155,-0.375073752,-0.032341675,-0.002054176,0.013280335
39.34,1.372374443,2.099914976,5.06082304,1.646459209,0.989271089,2.069587528,5.05503334,1.658962632,-0.383103354,-0.030327448,-0.0057897,0.012503422
39.37,1.376716703,2.114543204,5.061966133,1.637976709,0.985526116,2.086599194,5.055317481,1.650563102,-0.391190588,-0.02794401,-0.006648651,0.012586393
39.41,1.382581221,2.133926259,5.063703181,1.62564393,0.980488588,2.109727734,5.055669771,1.639401846,-0.402092633,-0.024198525,-0.00803341,0.013757916
39.44,1.387021458,2.148351055,5.061831889,1.617153362,0.976663779,2.127311159,5.055945224,1.631015796,-0.410357679,-0.021039896,-0.005886665,0.013862434
39.47,1.391505081,2.162663258,5.062996861,1.608645862,0.972794727,2.145051102,5.056201949,1.622571034,-0.418710354,-0.017612156,-0.006794912,0.013925173
39.51,1.421314269,2.168408055,5.063249833,1.596650231,0.9675297,2.169117171,5.056552456,1.61132648,-0.453784569,0.000709115,-0.006697377,0.014676249
39.54,1.4273467,2.182170234,5.070789529,1.58846394,0.963486005,2.187524928,5.056774638,1.603005871,-0.463860695,0.005354694,-0.014014891,0.01454193
39.57,1.433423632,2.195853003,5.072186713,1.58029894,0.959367916,2.206138136,5.056990617,1.594685637,-0.474055716,0.010285132,-0.015196095,0.014386696
39.61,1.441593181,2.213927833,5.070154499,1.56901393,0.95372987,2.231250486,5.057246444,1.583395202,-0.487863311,0.017322653,-0.012908056,0.014381272
39.64,1.447783138,2.22732734,5.064374563,1.560623312,0.94937587,2.250375831,5.057424404,1.574902911,-0.498407267,0.02304849,-0.006950159,0.014279599
39.67,1.454035833,2.240605582,5.065513527,1.552173312,0.944920887,2.269771151,5.057575461,1.566551806,-0.509114946,0.02916557,-0.007938066,0.014378494
39.71,1.462449621,2.258159474,5.05689279,1.540470708,0.93878046,2.29606559,5.057719083,1.555550076,-0.523669161,0.037906115,0.000826293,0.015079368
39.74,1.468829034,2.271184367,5.058969519,1.531831951,0.934011836,2.316017124,5.057808893,1.547096995,-0.534817198,0.044832756,-0.001160626,0.015265044
39.77,1.475249283,2.284064388,5.059885293,1.523571951,0.929117774,2.336152064,5.057881194,1.538527754,-0.546131509,0.052087676,-0.002004099,0.014955802
39.81,1.48388447,2.301045517,5.057911171,1.511618797,0.922353682,2.363462204,5.0579832,1.52733776,-0.561530788,0.062416686,7.2029e-05,0.015718963
39.84,1.490419236,2.313675734,5.058190704,1.503124224,0.917096078,2.384290052,5.058020836,1.519143828,-0.573323158,0.070614318,-0.000169867,0.016019604
39.87,1.497016441,2.326209354,5.059127891,1.494494224,0.911698934,2.405300283,5.058060016,1.510830095,-0.585317507,0.079090928,-0.001067875,0.016335871
39.91,1.505909129,2.342697069,5.043237191,1.482863832,0.904245778,2.433616659,5.05807236,1.499396653,-0.601663351,0.090919589,0.014835169,0.016532821
39.94,1.512642222,2.354898196,5.040856018,1.474489641,0.898468775,2.455175202,5.05808537,1.490939442,-0.614173447,0.100277006,0.017229352,0.016449801
39.97,1.519445938,2.366993665,5.041292145,1.465689641,0.892559115,2.476997498,5.058069499,1.482707958,-0.626886823,0.110003833,0.016777353,0.017018318
40.01,1.205829792,2.414399902,5.05421436,1.454024142,0.884427829,2.506469552,5.058054703,1.471711299,-0.321401963,0.09206965,0.003840342,0.017687157
