time_sec,est_x,est_y,est_z,est_yaw,true_x,true_y,true_z,true_yaw,err_x,err_y,err_z,err_yaw
0.0,-2.00001852,-1.999986902,0.044957368,-0.058521636,-2.0,-2.0,0.050029904,-0.0,1.852e-05,-1.3098e-05,0.005072536,0.058521636
0.04,-2.000069071,-1.999934589,0.058641979,-0.0228424,-2.0,-2.0,0.050059808,-0.0,6.9071e-05,-6.5411e-05,-0.008582171,0.0228424
0.07,-2.000149873,-1.999842804,0.058752874,-0.0224849,-2.0,-2.0,0.050089742,-0.0,0.000149873,-0.000157196,-0.008663132,0.0224849
0.11,-2.000336376,-1.999641276,0.050368943,-0.013404024,-2.0,-2.0,0.050129732,-0.0,0.000336376,-0.000358724,-0.000239212,0.013404024
0.14,-2.00053222,-1.999431306,0.058240193,-0.006655585,-2.0,-2.0,0.050159731,-7.6884e-05,0.00053222,-0.000568694,-0.008080462,0.006578701
0.17,-2.000761713,-1.999172328,0.058344792,-0.007888085,-1.999999999,-1.999999999,0.050394148,-0.000927458,0.000761714,-0.000827672,-0.007950644,0.006960627
0.21,-2.001134345,-1.998769248,0.065849365,-0.011125029,-1.999998655,-1.999999645,0.05192365,-0.004080178,0.00113569,-0.001230397,-0.013925715,0.007044851
0.24,-2.001454055,-1.99842322,0.060103316,-0.009293982,-1.999994264,-1.999998392,0.054040266,-0.007670049,0.001459792,-0.001575172,-0.00606305,0.001623933
0.27,-2.001818058,-1.998030258,0.062503329,-0.013776482,-1.999987224,-1.999996122,0.056833563,-0.011994324,0.001830834,-0.001965864,-0.005669766,0.001782158
0.31,-2.002372328,-1.997437151,0.070922769,-0.026749263,-1.999975229,-1.999991097,0.061728104,-0.018869219,0.002397099,-0.002553946,-0.009194665,0.007880044
0.34,-2.002831941,-1.996939478,0.07475236,-0.028853666,-1.999964354,-1.999985732,0.06621163,-0.024689193,0.002867586,-0.003046254,-0.00854073,0.004164473
0.37,-2.003324704,-1.996393339,0.079415547,-0.035241166,-1.999950667,-1.999979338,0.071246153,-0.030904392,0.003374037,-0.003585999,-0.008169394,0.004336774
0.41,-2.004021396,-1.99559859,0.082316037,-0.045143424,-1.999926184,-1.999969909,0.078901046,-0.039786194,0.004095212,-0.004371319,-0.00341499,0.00535723
0.44,-2.004579262,-1.994947527,0.086378905,-0.057316103,-1.999904667,-1.999963114,0.085295221,-0.046803044,0.004674594,-0.005015587,-0.001083684,0.010513059
0.47,-2.005159722,-1.994252639,0.092340374,-0.064748603,-1.99988151,-1.999956885,0.092132928,-0.054031506,0.005278212,-0.005704246,-0.000207446,0.010717096
0.51,-1.856923625,-1.737503694,0.098737049,-0.07480136,-1.999845855,-1.999950097,0.102010239,-0.063987996,-0.14292223,-0.262446403,0.003273189,0.010813365
0.54,-1.854672168,-1.731688578,0.108483178,-0.080376421,-1.999814294,-1.999946826,0.109946771,-0.071645534,-0.145142125,-0.268258248,0.001463593,0.008730887
0.57,-1.852465372,-1.72584232,0.115831143,-0.088441421,-1.999779925,-1.99994539,0.118251894,-0.079414878,-0.147314554,-0.27410307,0.002420751,0.009026543
0.61,-1.849593986,-1.717947708,0.124096273,-0.098044873,-1.999732292,-1.99996087,0.129972853,-0.089942997,-0.150138306,-0.282013161,0.00587658,0.008101877
0.64,-1.847479705,-1.711960506,0.132772227,-0.104641069,-1.999699466,-2.0000319,0.139204872,-0.097937811,-0.152219761,-0.288071394,0.006432645,0.006703258
0.67,-1.845395249,-1.705897551,0.141080643,-0.112941069,-1.999672261,-2.000197297,0.148748869,-0.105992103,-0.154277011,-0.294299746,0.007668226,0.006948966
0.71,-1.842669814,-1.697702815,0.15584574,-0.121434729,-1.999655567,-2.000692692,0.162022896,-0.116829455,-0.156985752,-0.302989877,0.006177155,0.004605274
0.74,-1.840658443,-1.691483272,0.171276048,-0.127542649,-1.999667298,-2.001326216,0.172336946,-0.125017147,-0.159008855,-0.309842944,0.001060898,0.002525502
0.77,-1.838668252,-1.685210102,0.18115268,-0.136082649,-1.999701472,-2.00216037,0.182891325,-0.133232753,-0.161033221,-0.316950269,0.001738645,0.002849896
0.81,-1.836067337,-1.676769262,0.200919805,-0.148686027,-1.999789533,-2.003622004,0.197380502,-0.144223946,-0.163722195,-0.326852741,-0.003539303,0.004462081
0.84,-1.834163154,-1.670368105,0.215778012,-0.157786535,-1.999884063,-2.004949466,0.208536643,-0.152497511,-0.165720908,-0.334581361,-0.00724137,0.005289024
0.87,-1.832294766,-1.663917822,0.227001392,-0.166326535,-1.999997457,-2.006422984,0.219887081,-0.160791491,-0.167702691,-0.342505162,-0.007114312,0.005535044
0.91,-1.829842293,-1.655240678,0.232380975,-0.177912368,-2.000182999,-2.008619318,0.235351887,-0.171874418,-0.170340705,-0.35337864,0.002970912,0.006037951
0.94,-1.828045004,-1.648671921,0.246019852,-0.188375057,-2.000347348,-2.010415777,0.247180902,-0.180198953,-0.172302344,-0.361743856,0.001161051,0.008176104
0.97,-1.826292515,-1.642044081,0.257262554,-0.196845057,-2.00052821,-2.012309362,0.259167893,-0.188533608,-0.174235695,-0.370265281,0.001905339,0.008311449
1.01,-1.89959468,-1.644150253,0.272123106,-0.207863444,-2.000796425,-2.014997089,0.275423592,-0.199665317,-0.101201745,-0.370846835,0.003300486,0.008198126
1.04,-1.899125009,-1.637547926,0.283429434,-0.21569734,-2.001018305,-2.01712418,0.287806369,-0.20802314,-0.101893295,-0.379576254,0.004376935,0.007674199
1.07,-1.898703733,-1.630877468,0.294986965,-0.22413734,-2.001256733,-2.019326002,0.300320934,-0.216382251,-0.102553,-0.388448534,0.005333969,0.007755089
1.11,-1.898193722,-1.621896625,0.310832424,-0.235226056,-2.001603427,-2.022387812,0.317235522,-0.227529343,-0.103409705,-0.400491187,0.006403098,0.007696714
1.14,-1.897854011,-1.615097638,0.324268091,-0.243953848,-2.00187784,-2.024767195,0.330082323,-0.235894689,-0.10402383,-0.409669557,0.005814232,0.008059159
1.17,-1.897540557,-1.608237309,0.33623604,-0.252803848,-2.002158003,-2.027197696,0.343039449,-0.244266761,-0.104617445,-0.418960387,0.006803408,0.008537087
1.21,-1.897167703,-1.598975692,0.352981721,-0.266073942,-2.002540694,-2.03051346,0.360507439,-0.255438104,-0.105372992,-0.431537768,0.007525718,0.010635838
1.24,-1.896929597,-1.59194826,0.365306473,-0.274220469,-2.002836475,-2.033043945,0.373742521,-0.263817337,-0.105906878,-0.441095685,0.008436048,0.010403132
1.27,-1.896709078,-1.584875154,0.377509246,-0.282832969,-2.003137663,-2.035602193,0.3870684,-0.272198094,-0.106428585,-0.450727038,0.009559154,0.010634875
1.31,-1.896471746,-1.575358587,0.404394706,-0.294034452,-2.003543498,-2.039063475,0.404995041,-0.283378368,-0.107071752,-0.463704888,0.000600335,0.010656083
1.34,-1.896319782,-1.56814203,0.419486876,-0.302491005,-2.003850526,-2.041697859,0.418549795,-0.291766422,-0.107530744,-0.473555828,-0.000937081,0.010724583
1.37,-1.896181401,-1.560855267,0.432669981,-0.311063505,-2.004162722,-2.044360317,0.432180779,-0.300154072,-0.107981321,-0.48350505,-0.000489201,0.010909432
1.41,-1.896036425,-1.551067549,0.456203564,-0.320030382,-2.004592038,-2.047962924,0.450484829,-0.311335005,-0.108555613,-0.496895375,-0.005718735,0.008695377
1.44,-1.895963367,-1.543645469,0.470017846,-0.328438929,-2.004921094,-2.05070687,0.464304285,-0.319721305,-0.108957726,-0.507061401,-0.005713562,0.008717624
1.47,-1.895916101,-1.536156072,0.483698768,-0.337128929,-2.005253487,-2.053482892,0.478185661,-0.328110223,-0.109337387,-0.51732682,-0.005513107,0.009018706
1.51,-1.842035886,-1.685597199,0.497962814,-0.347473905,-2.005706622,-2.057243687,0.496801228,-0.339297567,-0.163670736,-0.371646489,-0.001161586,0.008176338
1.54,-1.841235325,-1.680346846,0.504386122,-0.354301906,-2.006058434,-2.060108862,0.510838053,-0.347686721,-0.164823109,-0.379762015,0.006451931,0.006615186
1.57,-1.840452961,-1.675043982,0.517328934,-0.362849406,-2.006418502,-2.063007708,0.524929497,-0.356080321,-0.165965541,-0.387963726,0.007600563,0.006769085
1.61,-1.839443228,-1.667870258,0.538096469,-0.373249947,-2.006910411,-2.066931472,0.543819186,-0.367282184,-0.167467184,-0.399061215,0.005722717,0.005967763
1.64,-1.838712585,-1.662407744,0.555140489,-0.382035081,-2.007291481,-2.069896036,0.558055037,-0.375685794,-0.168578896,-0.407488293,0.002914548,0.006349287
1.67,-1.837998081,-1.656909436,0.568616757,-0.390712581,-2.007683278,-2.072851784,0.572343236,-0.384088309,-0.169685197,-0.415942348,0.003726478,0.006624273
1.71,-1.837091482,-1.649473042,0.584557376,-0.401424329,-2.00821112,-2.076734727,0.591489685,-0.395290047,-0.171119639,-0.427261686,0.006932309,0.006134282
1.74,-1.836449842,-1.643815452,0.602419179,-0.410502419,-2.008590739,-2.07958601,0.605914846,-0.403688797,-0.172140897,-0.435770559,0.003495668,0.006813621
1.77,-1.835830112,-1.638100945,0.616095432,-0.419209919,-2.008954244,-2.08239118,0.620380522,-0.412077736,-0.173124132,-0.444290235,0.00428509,0.007132182
1.81,-1.83503722,-1.630380979,0.635958909,-0.429211258,-2.009426579,-2.086051291,0.639742315,-0.423258409,-0.174389359,-0.455670312,0.003783406,0.005952849
1.84,-1.83445834,-1.624513581,0.653935225,-0.436618615,-2.009784884,-2.088747759,0.654311949,-0.43164988,-0.175326544,-0.464234179,0.000376724,0.004968735
1.87,-1.833894703,-1.618577594,0.667991158,-0.445263615,-2.010145038,-2.091421514,0.668916568,-0.440041689,-0.176250335,-0.47284392,0.00092541,0.005221925
1.91,-1.833156711,-1.610563883,0.687631525,-0.457207021,-2.010625243,-2.094966451,0.688447437,-0.451231062,-0.177468532,-0.484402568,0.000815912,0.005975959
1.94,-1.832600901,-1.604489896,0.703570928,-0.464830453,-2.010996903,-2.097618218,0.70313626,-0.459625574,-0.178396002,-0.493128322,-0.000434668,0.005204879
1.97,-1.832061152,-1.598349146,0.717797942,-0.473162953,-2.01138681,-2.100266739,0.71785325,-0.468018664,-0.179325657,-0.501917593,5.5308e-05,0.005144289
2.01,-1.794227872,-1.69807068,0.734188468,-0.485057404,-2.011939628,-2.103802171,0.737521469,-0.479204935,-0.217711756,-0.405731491,0.003333001,0.00585247
2.04,-1.79315916,-1.693431026,0.743277957,-0.493134196,-2.01237078,-2.106468728,0.752307107,-0.487597258,-0.219211621,-0.413037703,0.00902915,0.005536938
2.07,-1.79211219,-1.688726097,0.75690664,-0.501709196,-2.01281617,-2.109150031,0.767113212,-0.495989336,-0.22070398,-0.420423935,0.010206572,0.005719859
2.11,-1.790716729,-1.682350953,0.770886617,-0.512527429,-2.013454358,-2.112747592,0.786894956,-0.507174127,-0.222737629,-0.430396638,0.016008339,0.005353301
2.14,-1.789676594,-1.677484995,0.785820828,-0.521272133,-2.013972218,-2.115452525,0.801754902,-0.515556038,-0.224295624,-0.437967531,0.015934074,0.005716095
2.17,-1.788669166,-1.672539276,0.799179852,-0.529637133,-2.014511289,-2.118155124,0.816633345,-0.523935142,-0.225842123,-0.445615848,0.017453494,0.005701992
2.21,-1.787331925,-1.665849931,0.827898801,-0.541965439,-2.015253377,-2.121739182,0.836501543,-0.5351104,-0.227921452,-0.455889251,0.008602742,0.006855039
2.24,-1.786331407,-1.660748721,0.848635385,-0.550035847,-2.015826483,-2.124400972,0.851421512,-0.543492439,-0.229495077,-0.463652251,0.002786127,0.006543407
2.27,-1.785343433,-1.65557742,0.863089771,-0.558650847,-2.01641531,-2.127040991,0.86635352,-0.551876068,-0.231071877,-0.471463571,0.003263749,0.006774778
2.31,-1.784043438,-1.648571231,0.875976163,-0.571044427,-2.017230143,-2.130530374,0.886282791,-0.563059721,-0.233186705,-0.481959143,0.010306628,0.007984707
2.34,-1.783072556,-1.64323659,0.889565666,-0.580913952,-2.017862944,-2.133137257,0.901244034,-0.57144992,-0.234790388,-0.489900667,0.011678368,0.009464032
2.37,-1.782111055,-1.637824086,0.90343533,-0.589576452,-2.018515972,-2.135742353,0.916213482,-0.579841459,-0.236404917,-0.497918267,0.012778152,0.009734993
2.41,-1.780844398,-1.63049425,0.926387837,-0.600642235,-2.019437968,-2.139217255,0.936189661,-0.591028719,-0.23859357,-0.508723005,0.009801824,0.009613516
2.44,-1.779906835,-1.624923603,0.939094414,-0.609395969,-2.020172853,-2.141831021,0.951180981,-0.599416274,-0.240266017,-0.516907418,0.012086567,0.009979695
2.47,-1.778977203,-1.619270668,0.953021987,-0.618295969,-2.020937405,-2.144456637,0.966180672,-0.607805397,-0.241960202,-0.525185969,0.013158684,0.010490572
2.51,-1.813281184,-1.760081883,0.979731345,-0.630602223,-2.022012169,-2.147986241,0.986190605,-0.618997615,-0.208730985,-0.387904359,0.00645926,0.011604608
2.54,-1.812934771,-1.756665814,0.995632976,-0.639281573,-2.022867773,-2.150655032,1.00120754,-0.627391462,-0.209933002,-0.393989218,0.005574565,0.011890111
2.57,-1.812576112,-1.753173278,1.010096569,-0.647679073,-2.02376309,-2.153340001,1.016233548,-0.635786397,-0.211186978,-0.400166723,0.006136978,0.011892676
2.61,-1.812100585,-1.74840489,1.029286787,-0.657699855,-2.025024008,-2.156950353,1.03628962,-0.646986009,-0.212923423,-0.408545463,0.007002833,0.010713846
2.64,-1.811756303,-1.744760578,1.045365937,-0.6664519,-2.026009287,-2.159663229,1.051340779,-0.65539085,-0.214252983,-0.414902651,0.005974841,0.01106105
2.67,-1.811431293,-1.741055747,1.05982655,-0.6752294,-2.027015323,-2.162355661,1.066403255,-0.663797737,-0.215584029,-0.421299914,0.006576705,0.011431663
2.71,-1.811015998,-1.736024304,1.082212729,-0.686844248,-2.028371706,-2.165864552,1.086511992,-0.67500779,-0.217355708,-0.429840248,0.004299263,0.011836458
2.74,-1.810717178,-1.732160346,1.101211326,-0.695501293,-2.029376326,-2.168419978,1.101608261,-0.683416621,-0.218659148,-0.436259632,0.000396935,0.012084672
2.77,-1.810405054,-1.728228462,1.116059301,-0.703993793,-2.030363485,-2.170920511,1.116712458,-0.691816736,-0.21995843,-0.442692049,0.000653157,0.012177057
2.81,-1.809984479,-1.722882319,1.138870808,-0.716368562,-2.031658993,-2.17415667,1.136865039,-0.703004849,-0.221674514,-0.451274351,-0.00200577,0.013363713
2.84,-1.809664377,-1.71877958,1.151763926,-0.724598698,-2.032632165,-2.176515705,1.151988443,-0.711400076,-0.222967788,-0.457736125,0.000224517,0.013198621
2.87,-1.809347354,-1.714587079,1.166517368,-0.733011198,-2.033611098,-2.178835252,1.167116474,-0.719796511,-0.224263744,-0.464248174,0.000599107,0.013214687
2.91,-1.808929421,-1.708853113,1.179810154,-0.744407701,-2.03492666,-2.181878877,1.187298599,-0.730988948,-0.225997238,-0.473025764,0.007488445,0.013418753
2.94,-1.808613666,-1.70446107,1.200336393,-0.75266371,-2.035928982,-2.184133968,1.202439866,-0.739384306,-0.227315316,-0.479672898,0.002103473,0.013279404
2.97,-1.808297073,-1.700010946,1.214987672,-0.76146371,-2.036952217,-2.18636861,1.217587128,-0.747779746,-0.228655144,-0.486357664,0.002599456,0.013683964
3.01,-1.864389923,-1.772169368,1.232957855,-0.773047766,-2.038361826,-2.18931642,1.237787322,-0.758969839,-0.173971903,-0.417147052,0.004829467,0.014077926
3.03,-1.865031397,-1.768878636,1.246880524,-0.780317727,-2.039083042,-2.190783623,1.24789142,-0.764564602,-0.174051644,-0.421904988,0.001010896,0.015753125
3.07,-1.865667344,-1.765513589,1.261226141,-0.789010227,-2.040556587,-2.193714477,1.268104072,-0.775754431,-0.174889243,-0.428200889,0.006877931,0.013255796
3.11,-1.866514411,-1.760922375,1.2862438,-0.800601998,-2.042082697,-2.196633584,1.288327783,-0.786941746,-0.175568286,-0.435711209,0.002083983,0.013660252
3.13,-1.867146479,-1.757415626,1.289758269,-0.808618596,-2.042866458,-2.198081282,1.298442008,-0.792533621,-0.175719979,-0.440665656,0.008683739,0.016084976
3.17,-1.86777075,-1.753843939,1.303551979,-0.817436096,-2.044456321,-2.200939909,1.318674548,-0.80371048,-0.176685571,-0.447095971,0.015122569,0.013725617
3.21,-1.868591536,-1.748965393,1.325934437,-0.829048505,-2.04604028,-2.203735372,1.338915086,-0.814882468,-0.177448744,-0.454769978,0.01298065,0.014166036
3.23,-1.869184463,-1.745222303,1.343197218,-0.83752406,-2.046823083,-2.205103113,1.34903584,-0.820467059,-0.17763862,-0.45988081,0.005838623,0.017057
3.27,-1.869775196,-1.741408176,1.35735405,-0.84617406,-2.048372827,-2.207768445,1.369281198,-0.831639665,-0.178597631,-0.466360269,0.011927148,0.014534395
3.31,-1.870547647,-1.736214896,1.376493397,-0.858481423,-2.049905628,-2.210346438,1.389526967,-0.842824268,-0.179357982,-0.474131542,0.01303357,0.015657155
3.34,-1.871127237,-1.732260768,1.390583568,-0.865580932,-2.051043758,-2.212235951,1.404713758,-0.851212932,-0.179916521,-0.479975183,0.01413019,0.014368
3.37,-1.871699685,-1.728248309,1.400424496,-0.873940932,-2.052177335,-2.21410032,1.419899176,-0.859600587,-0.18047765,-0.485852012,0.01947468,0.014340345
3.38,-1.872461204,-1.722788986,1.419165036,-0.885551293,-2.052555884,-2.214713565,1.424961422,-0.862396862,-0.18009468,-0.49192458,0.005796386,0.023154431
3.44,-1.873013041,-1.71863053,1.433826085,-0.892656657,-2.054847486,-2.218340995,1.455334181,-0.87917607,-0.181834445,-0.499710465,0.021508096,0.013480587
3.47,-1.873552897,-1.714406466,1.461640462,-0.901309157,-2.056007778,-2.220126804,1.470520868,-0.887565489,-0.182454881,-0.505720339,0.008880406,0.013743667
3.51,-1.876965167,-1.764714651,1.481159977,-0.911497305,-2.057568937,-2.222493319,1.490768624,-0.898753596,-0.180603771,-0.457778668,0.009608646,0.012743708
3.54,-1.877536694,-1.761300758,1.496186697,-0.918603777,-2.058756879,-2.224256598,1.505955097,-0.907145867,-0.181220185,-0.46295584,0.0097684,0.011457909
3.57,-1.878090259,-1.757832178,1.516059931,-0.927253777,-2.059961838,-2.226009902,1.521142264,-0.915538718,-0.181871578,-0.468177724,0.005082333,0.011715058
3.61,-1.878821563,-1.753104301,1.535615243,-0.938627995,-2.061597379,-2.228336933,1.541393646,-0.926729952,-0.182775815,-0.475232632,0.005778403,0.011898043
3.64,-1.879357157,-1.749480988,1.550463527,-0.946676894,-2.062839524,-2.230078455,1.556581534,-0.93512588,-0.183482366,-0.480597467,0.006118007,0.011551014
3.67,-1.879874639,-1.745780742,1.571423278,-0.955379394,-2.06409127,-2.231812081,1.571769078,-0.943524635,-0.184216631,-0.48603134,0.0003458,0.011854759
3.71,-1.88052371,-1.740748943,1.587441529,-0.967337146,-2.065776006,-2.234095124,1.592020718,-0.954723004,-0.185252297,-0.493346181,0.00457919,0.012614143
3.74,-1.880986906,-1.736905667,1.602169973,-0.975940862,-2.067044218,-2.23578683,1.607209562,-0.963121369,-0.186057312,-0.498881163,0.005039589,0.012819492
3.77,-1.881439279,-1.733004835,1.6189554,-0.984733362,-2.068310568,-2.237469926,1.622400427,-0.971519471,-0.186871289,-0.504465092,0.003445027,0.01321389
3.78,-1.882027316,-1.727718329,1.632528623,-0.99573866,-2.068732039,-2.238028788,1.627463566,-0.974318351,-0.186704723,-0.510310459,-0.005065057,0.021420309
3.84,-1.882451443,-1.723686756,1.647022586,-1.004107581,-2.07126973,-2.241359659,1.65784634,-0.991109258,-0.188818287,-0.517672902,0.010823754,0.012998324
3.87,-1.882853714,-1.719607692,1.660149993,-1.012375081,-2.072549776,-2.243009056,1.67303752,-0.999502894,-0.189696062,-0.523401364,0.012887527,0.012872187
3.91,-1.88334701,-1.714090321,1.677245025,-1.023459382,-2.074266595,-2.245206195,1.693295544,-1.010694314,-0.190919585,-0.531115875,0.016050519,0.012765069
3.94,-1.883681794,-1.709870198,1.692249134,-1.031755783,-2.075561171,-2.246859625,1.708487572,-1.01908968,-0.191879377,-0.536989427,0.016238437,0.012666103
3.97,-1.883981186,-1.705582783,1.699920766,-1.040553283,-2.076864775,-2.248513976,1.723681097,-1.027484714,-0.192883589,-0.542931193,0.023760331,0.013068569
4.01,-2.007254284,-1.800355165,1.731520492,-1.051259689,-2.07862461,-2.250717688,1.743938055,-1.038674267,-0.071370327,-0.450362523,0.012417564,0.012585422
4.04,-2.00961446,-1.797663648,1.745445392,-1.059877305,-2.079957479,-2.252377486,1.759131654,-1.047066131,-0.070343018,-0.454713838,0.013686262,0.012811174
4.07,-2.011941773,-1.794897415,1.76254747,-1.068252305,-2.081297027,-2.254048788,1.774330429,-1.055459666,-0.069355254,-0.459151373,0.011782959,0.012792638
4.11,-2.015044422,-1.791114979,1.7809477,-1.07949274,-2.083092993,-2.256289605,1.794609494,-1.066649731,-0.068048571,-0.465174626,0.013661794,0.012843008
4.14,-2.017366322,-1.788204361,1.796394079,-1.088572707,-2.084432018,-2.257954647,1.809825121,-1.075043732,-0.067065696,-0.469750286,0.013431042,0.013528975
4.17,-2.019673499,-1.785226119,1.815368137,-1.097210207,-2.085740992,-2.259593195,1.825046387,-1.08343673,-0.066067493,-0.474367076,0.00967825,0.013773477
4.18,-2.02273318,-1.781148752,1.830614485,-1.107843978,-2.086158827,-2.260128288,1.830123312,-1.086233404,-0.063425647,-0.478979535,-0.000491173,0.021610574
4.24,-2.025008277,-1.778029727,1.845288683,-1.116158594,-2.088480902,-2.263249525,1.86058533,-1.102991313,-0.063472624,-0.485219797,0.015296647,0.013167281
4.27,-2.027251934,-1.77485268,1.858224486,-1.124803594,-2.089497581,-2.264735677,1.875814836,-1.111361307,-0.062245647,-0.489882997,0.01759035,0.013442287
4.31,-2.030201669,-1.770508638,1.880018438,-1.135572159,-2.090694206,-2.266625743,1.896118825,-1.122546462,-0.060492537,-0.496117105,0.016100387,0.013025697
4.34,-2.032386289,-1.767153452,1.89338205,-1.143896957,-2.091479768,-2.267988672,1.911346359,-1.130940828,-0.059093479,-0.50083522,0.01796431,0.012956129
4.37,-2.034574121,-1.76373401,1.908865239,-1.152546957,-2.092189459,-2.269322832,1.926572308,-1.139326653,-0.057615338,-0.505588821,0.017707068,0.013220305
4.41,-2.037486192,-1.75907681,1.922605668,-1.162343392,-2.093012656,-2.271053306,1.94686996,-1.150503584,-0.055526464,-0.511976496,0.024264292,0.011839809
4.44,-2.03964611,-1.755505639,1.936419443,-1.170914945,-2.093551226,-2.272313259,1.96209193,-1.158896244,-0.053905115,-0.51680762,0.025672487,0.012018701
4.47,-2.041796297,-1.751878708,1.959339605,-1.179632445,-2.094036659,-2.273550828,1.977311376,-1.167292371,-0.052240362,-0.52167212,0.017971771,0.012340074
4.51,-1.977585937,-1.864598345,1.98216842,-1.191542521,-2.094588596,-2.27517774,1.997603648,-1.178479354,-0.117002658,-0.410579395,0.015435229,0.013063167
4.54,-1.978503664,-1.862891452,1.996454691,-1.200057802,-2.094936533,-2.276385799,2.012819481,-1.186865349,-0.116432869,-0.413494348,0.016364789,0.013192453
4.57,-1.97939582,-1.861134588,2.021904521,-1.208530302,-2.095242384,-2.27758176,2.028035293,-1.195255036,-0.115846564,-0.416447171,0.006130773,0.013275267
4.61,-1.980539383,-1.858729809,2.046146848,-1.219392277,-2.095581931,-2.279154902,2.048317332,-1.206445825,-0.115042547,-0.420425094,0.002170484,0.012946452
4.64,-1.98135919,-1.856857828,2.061331111,-1.228139027,-2.095793224,-2.280326536,2.063525226,-1.214837643,-0.114434034,-0.423468709,0.002194114,0.013301384
4.67,-1.982140629,-1.854927742,2.074247402,-1.236681527,-2.095980864,-2.281494766,2.078729174,-1.223226449,-0.113840235,-0.426567024,0.004481771,0.013455078
4.68,-1.983139545,-1.85226234,2.0940767,-1.248624439,-2.09603818,-2.281882496,2.083796789,-1.226022707,-0.112898635,-0.429620156,-0.010279911,0.022601733
4.74,-1.983851987,-1.850209047,2.10862239,-1.256636389,-2.096365519,-2.284198978,2.114196032,-1.24280215,-0.112513532,-0.433989931,0.005573642,0.013834239
4.77,-1.984538804,-1.848120552,2.117349419,-1.265076389,-2.096521138,-2.285358634,2.129393077,-1.251191547,-0.111982334,-0.437238083,0.012043657,0.013884842
4.81,-1.985410971,-1.845260169,2.133403691,-1.275957351,-2.096723241,-2.286916946,2.149650567,-1.262379318,-0.11131227,-0.441656776,0.016246876,0.013578033
4.84,-1.986018905,-1.843052449,2.147244599,-1.284559934,-2.09687444,-2.288089254,2.164842304,-1.270771272,-0.110855535,-0.445036805,0.017597705,0.013788661
4.87,-1.986594908,-1.840785982,2.159357933,-1.293074934,-2.097026913,-2.289261266,2.18003145,-1.279163243,-0.110432005,-0.448475284,0.020673517,0.01391169
4.91,-1.98731469,-1.837668212,2.190252385,-1.304372092,-2.097231059,-2.290831205,2.200281091,-1.290352694,-0.109916369,-0.453162993,0.010028706,0.014019398
4.94,-1.987819036,-1.835277208,2.204535685,-1.313373789,-2.097383529,-2.292021262,2.215465723,-1.298745454,-0.109564493,-0.456744054,0.010930037,0.014628335
4.97,-1.988292229,-1.832841782,2.223131562,-1.321831289,-2.097536672,-2.29321851,2.230648537,-1.307138404,-0.109244443,-0.460376728,0.007516974,0.014692884
5.01,-2.050456622,-1.991679833,2.242951956,-1.333542609,-2.097745245,-2.294820019,2.250890633,-1.318328554,-0.047288623,-0.303140186,0.007938677,0.015214055
5.04,-2.051937127,-1.99193077,2.258120589,-1.340548714,-2.097904778,-2.296027983,2.266069764,-1.326721586,-0.045967651,-0.304097213,0.007949176,0.013827128
5.07,-2.053380539,-1.992125472,2.272780502,-1.349008714,-2.098065343,-2.297246815,2.281251413,-1.335118159,-0.044684804,-0.305121343,0.008470912,0.013890555
5.11,-2.055274798,-1.992318055,2.297306726,-1.361127173,-2.098278144,-2.298887557,2.301499017,-1.346311468,-0.043003346,-0.306569502,0.004192291,0.014815705
5.14,-2.056670812,-1.992415494,2.3109827,-1.368571153,-2.098426402,-2.300107638,2.316692488,-1.354706282,-0.04175559,-0.307692144,0.005709788,0.013864871
5.17,-2.058050186,-1.992467391,2.324975622,-1.377098653,-2.098552036,-2.301307409,2.331889935,-1.363101759,-0.04050185,-0.308840017,0.006914313,0.013996894
5.21,-2.059849741,-1.992466474,2.348095031,-1.388991421,-2.098642981,-2.302870697,2.352163639,-1.374295689,-0.03879324,-0.310404223,0.004068608,0.014695732
5.24,-2.061176249,-1.99241986,2.363594413,-1.396715438,-2.098631187,-2.304022328,2.367373464,-1.382679072,-0.037454938,-0.311602467,0.00377905,0.014036365
5.27,-2.06248322,-1.992329959,2.380413598,-1.405232938,-2.098556151,-2.305153985,2.382584673,-1.391054855,-0.036072931,-0.312824027,0.002171075,0.014178083
5.31,-2.064146975,-1.992131846,2.397030071,-1.416274594,-2.098343571,-2.30660912,2.402872334,-1.402236876,-0.034196596,-0.314477274,0.005842263,0.014037717
5.34,-2.065344843,-1.991918494,2.412248999,-1.424212165,-2.09810475,-2.307661761,2.41808902,-1.410634505,-0.032759907,-0.315743267,0.005840021,0.01357766
5.37,-2.066512256,-1.991655328,2.427459356,-1.432727165,-2.097811134,-2.308695644,2.43330964,-1.419026503,-0.031298879,-0.317040317,0.005850284,0.013700662
5.41,-2.068006838,-1.991240307,2.448025042,-1.443889282,-2.09732696,-2.310042321,2.453603234,-1.430203874,-0.029320122,-0.318802014,0.005578192,0.013685408
5.43,-2.069077745,-1.990872846,2.467075178,-1.450676837,-2.097050741,-2.310696484,2.463752915,-1.4357954,-0.027972995,-0.319823638,-0.003322263,0.014881437
5.47,-2.070113361,-1.990456255,2.482051337,-1.459136837,-2.09643603,-2.311959109,2.484051521,-1.446990323,-0.026322669,-0.321502854,0.002000184,0.012146514
5.51,-2.045838077,-2.088264465,2.497168804,-1.469342274,-2.095741647,-2.313176441,2.50435474,-1.45818372,-0.049903571,-0.224911976,0.007185935,0.011158553
5.54,-2.046364093,-2.089452446,2.511933969,-1.477947454,-2.095169166,-2.314067011,2.519582254,-1.466570726,-0.048805073,-0.224614565,0.007648285,0.011376728
5.57,-2.046843774,-2.090593893,2.524746244,-1.486674954,-2.094562328,-2.314934708,2.534811237,-1.474959176,-0.047718554,-0.224340815,0.010064993,0.011715778
5.61,-2.047405198,-2.092035928,2.544387097,-1.497977944,-2.093697226,-2.316035179,2.555114874,-1.486152877,-0.046292028,-0.22399925,0.010727777,0.011825067
5.64,-2.047776339,-2.093053995,2.559730145,-1.506766891,-2.093013599,-2.316820014,2.570340604,-1.494549816,-0.04523726,-0.223766019,0.010610459,0.012217075
5.67,-2.048118727,-2.094018304,2.576880324,-1.515054391,-2.092310602,-2.317579895,2.585565687,-1.502943567,-0.044191874,-0.223561591,0.008685363,0.012110825
5.71,-2.048521904,-2.095262596,2.58987059,-1.526519812,-2.091350673,-2.318540837,2.605862705,-1.514132802,-0.04282877,-0.223278241,0.015992115,0.012387011
5.73,-2.048777535,-2.096144383,2.608406102,-1.534271468,-2.090866073,-2.318994425,2.616010863,-1.519728494,-0.042088539,-0.222850042,0.007604762,0.014542974
5.77,-2.049009957,-2.096979746,2.622633209,-1.542733968,-2.089893724,-2.31984671,2.636301811,-1.530919671,-0.040883767,-0.222866964,0.013668601,0.011814297
5.81,-2.049273796,-2.098041473,2.634748269,-1.553689708,-2.088921292,-2.320637278,2.656591516,-1.542109432,-0.039647496,-0.222595806,0.021843247,0.011580276
5.84,-2.049435116,-2.098793862,2.648168296,-1.562417997,-2.088194077,-2.321187206,2.671805011,-1.550502148,-0.038758961,-0.222393344,0.023636715,0.011915849
5.87,-2.049572464,-2.099495007,2.659110315,-1.571085497,-2.08746942,-2.321698359,2.687018701,-1.558895261,-0.037896956,-0.222203352,0.027908386,0.012190236
5.91,-2.049691181,-2.100377941,2.682247664,-1.581407405,-2.086509153,-2.322303487,2.707298841,-1.570086132,-0.036817973,-0.221925546,0.025051177,0.011321272
5.93,-2.049740722,-2.100999849,2.698290383,-1.589740925,-2.086031861,-2.322578183,2.717438972,-1.575681554,-0.036291139,-0.221578335,0.019148589,0.014059371
5.97,-2.049754932,-2.101587408,2.712039708,-1.598580925,-2.085083923,-2.323077268,2.737716177,-1.586872874,-0.03532899,-0.22148986,0.025676469,0.011708052
6.01,-2.031875444,-2.017803261,2.737817588,-1.610167793,-2.084145932,-2.323497649,2.757991665,-1.598064357,-0.052270488,-0.305694388,0.020174077,0.012103436
6.03,-2.03149432,-2.016839773,2.752559615,-1.61780344,-2.083680947,-2.323673373,2.76812822,-1.603659809,-0.052186628,-0.3068336,0.015568605,0.014143631
6.07,-2.031079276,-2.01583978,2.766706784,-1.62639844,-2.082759622,-2.323959729,2.78839805,-1.614849329,-0.051680346,-0.308119949,0.021691266,0.011549111
6.11,-2.030471219,-2.014467752,2.796992468,-1.636980144,-2.081851255,-2.324171957,2.808663018,-1.626038738,-0.051380036,-0.309704205,0.01167055,0.010941406
6.14,-2.029963934,-2.013411451,2.811722093,-1.644937565,-2.081180885,-2.32428151,2.823856471,-1.634430818,-0.051216951,-0.310870059,0.012134378,0.010506747
6.17,-2.029426241,-2.012309945,2.83282304,-1.653407565,-2.080520115,-2.324352078,2.839047245,-1.642822421,-0.051093873,-0.312042133,0.006224205,0.010585144
6.21,-2.028662482,-2.010776419,2.86252312,-1.665474654,-2.079660299,-2.324376985,2.859294088,-1.654011177,-0.050997817,-0.313600566,-0.003229032,0.011463477
6.24,-2.02803667,-2.009592939,2.879483583,-1.673421181,-2.079033826,-2.324350125,2.874474836,-1.662403857,-0.050997155,-0.314757186,-0.005008747,0.011017323
6.27,-2.027368563,-2.008374325,2.901543265,-1.681971181,-2.078421252,-2.324290896,2.889651024,-1.670797698,-0.051052689,-0.315916571,-0.011892241,0.011173483
6.31,-2.026402047,-2.006696343,2.911039926,-1.692984737,-2.077628933,-2.324146719,2.90988095,-1.681989061,-0.051226887,-0.317450376,-0.001158977,0.010995676
6.33,-2.025642846,-2.005405324,2.925674554,-1.701054058,-2.077242184,-2.324047272,2.919992721,-1.687583937,-0.051599338,-0.318641948,-0.005681833,0.013470121
6.37,-2.024845172,-2.004089795,2.940807421,-1.709761558,-2.076486731,-2.323800164,2.940212818,-1.698773938,-0.051641559,-0.319710369,-0.000594603,0.01098762
6.41,-2.023728009,-2.002301153,2.957291501,-1.721521815,-2.075753961,-2.32349518,2.960426314,-1.709965751,-0.052025952,-0.321194027,0.003134812,0.011556064
6.43,-2.022826533,-2.0009384,2.973590593,-1.729763021,-2.075395089,-2.323319722,2.970531376,-1.715561713,-0.052568556,-0.322381322,-0.003059217,0.014201307
6.47,-2.02188492,-1.999547817,2.988397065,-1.738270521,-2.074690233,-2.32291948,2.990737611,-1.726752435,-0.052805313,-0.323371663,0.002340546,0.011518086
6.51,-1.959902965,-1.977585535,3.012151459,-1.749352856,-2.074001414,-2.322460038,3.010938934,-1.737942833,-0.114098449,-0.344874502,-0.001212524,0.011410022
6.54,-1.95782478,-1.975770264,3.028399178,-1.758423181,-2.0734953,-2.322081531,3.026086842,-1.746337011,-0.11567052,-0.346311267,-0.002312336,0.01208617
6.57,-1.955706024,-1.973936443,3.035044928,-1.766905681,-2.072995794,-2.321677863,3.041233127,-1.754734688,-0.11728977,-0.34774142,0.006188199,0.012170993
6.61,-1.952786368,-1.971469199,3.045102492,-1.778411684,-2.072342218,-2.32108969,3.06142768,-1.765931814,-0.11955585,-0.349620491,0.016325188,0.01247987
6.63,-1.950554696,-1.969580033,3.062266532,-1.786752634,-2.072024208,-2.320777077,3.071524049,-1.771529873,-0.121469512,-0.351197044,0.009257516,0.015222761
6.67,-1.948273959,-1.967648831,3.076081021,-1.795440134,-2.071421964,-2.320123878,3.091719185,-1.782728607,-0.123148005,-0.352475047,0.015638163,0.012711527
6.71,-1.94515304,-1.965021776,3.095835579,-1.807065038,-2.070887541,-2.319433253,3.111916167,-1.793928167,-0.125734501,-0.354411476,0.016080588,0.013136871
6.73,-1.942740287,-1.963017512,3.112340916,-1.815117147,-2.070651882,-2.319069729,3.122016254,-1.799526134,-0.127911594,-0.356052217,0.009675339,0.015591012
6.77,-1.940272651,-1.960986137,3.126281981,-1.823512147,-2.07025082,-2.318303772,3.142214523,-1.810712345,-0.129978169,-0.357317635,0.015932542,0.012799801
6.81,-1.936913942,-1.95823463,3.145257001,-1.834893109,-2.069949383,-2.31749838,3.162414106,-1.821897716,-0.133035441,-0.35926375,0.017157105,0.012995392
6.84,-1.93434458,-1.956158902,3.159472933,-1.843612999,-2.069792412,-2.316874184,3.177562468,-1.830293512,-0.135447833,-0.360715282,0.018089535,0.013319487
6.87,-1.931747441,-1.954067303,3.179909035,-1.852362999,-2.06968341,-2.31623301,3.192711734,-1.838688997,-0.137935969,-0.362165707,0.012802699,0.013674002
6.91,-1.928213884,-1.951242988,3.204030344,-1.863718967,-2.069621662,-2.315344368,3.212909919,-1.849874751,-0.141407778,-0.36410138,0.008879575,0.013844217
6.94,-1.925497557,-1.949099725,3.217459859,-1.871670824,-2.069637343,-2.314660856,3.228058933,-1.858263775,-0.144139785,-0.365561132,0.010599074,0.013407049
6.97,-1.922739727,-1.94692792,3.227213993,-1.880335824,-2.069698226,-2.313971444,3.24320789,-1.866657308,-0.146958498,-0.367043524,0.015993897,0.013678515
7.01,-1.962685331,-1.960686015,3.251420072,-1.891561316,-2.069859085,-2.313040766,3.263405936,-1.877851554,-0.107173754,-0.352354751,0.011985864,0.013709762
7.03,-1.960551251,-1.958767766,3.267102052,-1.898871389,-2.069970216,-2.312568443,3.273505719,-1.883446013,-0.109418965,-0.353800677,0.006403666,0.015425377
7.07,-1.958365019,-1.956822586,3.281518619,-1.907288889,-2.070252677,-2.311613842,3.293703677,-1.894634065,-0.111887658,-0.354791257,0.012185058,0.012654824
7.11,-1.955369871,-1.954199149,3.30066964,-1.918581035,-2.070615444,-2.310660917,3.31390507,-1.905830534,-0.115245574,-0.356461768,0.01323543,0.012750502
7.13,-1.953075979,-1.952200241,3.327840051,-1.925964163,-2.070823765,-2.310187196,3.324005468,-1.911431411,-0.117747786,-0.357986955,-0.003834582,0.014532752
7.17,-1.950742487,-1.95017998,3.343046152,-1.934281663,-2.071279848,-2.309240469,3.344210872,-1.922631722,-0.120537361,-0.359060489,0.00116472,0.011649941
7.21,-1.947541681,-1.947442506,3.355837706,-1.945159938,-2.071770714,-2.308299587,3.364418003,-1.933826748,-0.124229033,-0.360857081,0.008580297,0.01133319
7.24,-1.945081832,-1.945364494,3.36990035,-1.952884968,-2.072155392,-2.30761297,3.379577383,-1.942223584,-0.127073561,-0.362248476,0.009677033,0.010661384
7.27,-1.942584193,-1.943263394,3.376431356,-1.961847468,-2.072548997,-2.306945957,3.394736872,-1.950619894,-0.129964805,-0.363682563,0.018305516,0.011227574
7.31,-1.939175501,-1.940438235,3.397696519,-1.972860875,-2.07308258,-2.306086897,3.414953943,-1.96181263,-0.133907079,-0.365648662,0.017257424,0.011048246
7.34,-1.936547421,-1.938301103,3.411399286,-1.980036858,-2.073485938,-2.305462401,3.430117522,-1.970207297,-0.136938516,-0.367161298,0.018718236,0.009829561
7.37,-1.933872153,-1.936149242,3.428496102,-1.988729358,-2.07389346,-2.304858043,3.445282979,-1.97860206,-0.140021306,-0.368708802,0.016786877,0.010127299
7.41,-1.930203897,-1.933264886,3.446729998,-2.000469867,-2.074449265,-2.304100639,3.465505534,-1.989794284,-0.144245368,-0.370835753,0.018775537,0.010675583
7.44,-1.927368479,-1.93108555,3.461226209,-2.009372628,-2.074874718,-2.30356651,3.480673778,-1.998188034,-0.147506238,-0.372480959,0.019447569,0.011184594
7.47,-1.924478638,-1.928896581,3.47462024,-2.018112628,-2.075304799,-2.303052678,3.495843488,-2.006581896,-0.15082616,-0.374156097,0.021223248,0.011530732
7.51,-2.019664776,-1.960105147,3.496712365,-2.029400422,-2.075889997,-2.30241006,3.51606961,-2.017773672,-0.056225221,-0.342304913,0.019357245,0.01162675
7.53,-2.018349757,-1.958488165,3.514697643,-2.037680456,-2.076190408,-2.302111526,3.526184476,-2.023369332,-0.05784065,-0.34362336,0.011486833,0.014311124
7.57,-2.016976459,-1.956859905,3.529032237,-2.046567956,-2.076809635,-2.301562899,3.546412936,-2.03455673,-0.059833176,-0.344702994,0.0173807,0.012011227
7.61,-2.015054099,-1.95466886,3.556891855,-2.058381654,-2.077446631,-2.301068325,3.566645041,-2.045740918,-0.062392532,-0.346399465,0.009753186,0.012640736
7.64,-2.013551124,-1.952996983,3.572204039,-2.067149495,-2.077924233,-2.300732862,3.581817751,-2.054128611,-0.06437311,-0.347735878,0.009613711,0.013020885
7.67,-2.011991678,-1.951295661,3.584965162,-2.075614495,-2.078392632,-2.300431206,3.596990261,-2.062513774,-0.066400954,-0.349135545,0.012025099,0.013100721
7.71,-2.009820496,-1.948999817,3.609124148,-2.086883118,-2.078981261,-2.300108199,3.617218103,-2.073690467,-0.069160765,-0.351108383,0.008093955,0.013192651
7.73,-2.008137961,-1.94726806,3.626445897,-2.094782244,-2.079252526,-2.299981929,3.627330802,-2.079278371,-0.071114565,-0.352713869,0.000884905,0.015503873
7.77,-2.006412433,-1.945519238,3.641450647,-2.103229744,-2.079734873,-2.299799604,3.647554435,-2.090461448,-0.07332244,-0.354280366,0.006103788,0.012768296
7.81,-2.004028714,-1.943151903,3.669169165,-2.114577247,-2.080131491,-2.2997173,3.667773175,-2.101654491,-0.076102776,-0.356565398,-0.00139599,0.012922757
7.84,-2.002189847,-1.94135526,3.683935367,-2.123218842,-2.080372262,-2.299731771,3.682935275,-2.110044889,-0.078182415,-0.358376511,-0.001000092,0.013173952
7.87,-2.000302877,-1.939528606,3.698984236,-2.131958842,-2.080572429,-2.299801337,3.698094485,-2.118431465,-0.080269553,-0.360272731,-0.000889751,0.013527376
7.91,-1.997705519,-1.937048987,3.714250331,-2.142806081,-2.080763326,-2.299986945,3.718304995,-2.129619268,-0.083057806,-0.362937958,0.004054664,0.013186813
7.93,-1.995696113,-1.935155251,3.72870931,-2.152143133,-2.08082855,-2.30011636,3.72840799,-2.135216963,-0.085132437,-0.364961109,-0.00030132,0.01692617
7.97,-1.993638311,-1.933250145,3.743467802,-2.160633133,-2.080905609,-2.300453166,3.748613199,-2.146410332,-0.087267297,-0.367203022,0.005145397,0.014222801
8.01,-1.879069093,-2.023075157,3.759599666,-2.171625358,-2.080919037,-2.300895966,3.768814015,-2.157595687,-0.201849943,-0.277820808,0.009214349,0.01402967
8.04,-1.874975784,-2.022739904,3.773551621,-2.179938711,-2.080886441,-2.301294477,3.783963576,-2.165986625,-0.205910656,-0.278554573,0.010411955,0.013952086
8.07,-1.870828024,-2.022388985,3.793889914,-2.188433711,-2.080823959,-2.301737898,3.799115789,-2.174380475,-0.209995934,-0.279348913,0.005225874,0.014053236
8.11,-1.865203729,-2.021910502,3.812970515,-2.199710855,-2.080701209,-2.302411401,3.819329984,-2.185570509,-0.215497479,-0.280500899,0.00635947,0.014140346
8.14,-1.86090726,-2.021560152,3.827239197,-2.207647042,-2.080609877,-2.302969557,3.834493563,-2.193959186,-0.219702617,-0.281409406,0.007254365,0.013687856
8.17,-1.856545832,-2.021206776,3.841755692,-2.216254542,-2.080544505,-2.303549572,3.849659679,-2.202343543,-0.223998673,-0.282342796,0.007903987,0.013910999
8.21,-1.850619745,-2.020750341,3.861335471,-2.227143936,-2.080554179,-2.304320739,3.869884685,-2.213515546,-0.229934434,-0.283570398,0.008549214,0.01362839
8.24,-1.846105601,-2.020410402,3.876505107,-2.234415407,-2.080676695,-2.304868729,3.885051734,-2.221889226,-0.234571095,-0.284458327,0.008546627,0.01252618
8.27,-1.841531828,-2.02005455,3.890931131,-2.243260407,-2.080907702,-2.305383264,3.900217327,-2.230265996,-0.239375874,-0.285328714,0.009286195,0.012994411
8.31,-1.835339228,-2.019582502,3.912109269,-2.253927314,-2.081445504,-2.305989453,3.920430849,-2.241453878,-0.246106275,-0.286406951,0.00832158,0.012473436
8.34,-1.830637439,-2.01922602,3.925835262,-2.262673245,-2.082037002,-2.306366799,3.935586067,-2.249841526,-0.251399564,-0.287140778,0.009750805,0.012831719
8.37,-1.825889962,-2.018879759,3.9401792,-2.271448245,-2.08277353,-2.306680218,3.950735436,-2.25821764,-0.256883568,-0.287800459,0.010556236,0.013230605
8.41,-1.819470518,-2.018421746,3.961610044,-2.283737687,-2.084038808,-2.306977517,3.970925787,-2.269386691,-0.26456829,-0.288555771,0.009315743,0.014350996
8.44,-1.814594493,-2.018064294,3.975697684,-2.291744079,-2.08521148,-2.307108018,3.986060221,-2.277781077,-0.270616987,-0.289043724,0.010362537,0.013963002
8.47,-1.809653696,-2.017695511,3.989953747,-2.300264079,-2.086548982,-2.307166982,4.001189156,-2.286178421,-0.276895286,-0.289471471,0.011235409,0.014085658
8.51,-1.943697504,-2.07980432,4.006065231,-2.311368662,-2.088634438,-2.307107727,4.02135074,-2.29735316,-0.144936934,-0.227303407,0.01528551,0.014015502
8.54,-1.941030688,-2.080513654,4.018730116,-2.319482378,-2.090428559,-2.30696214,4.036463903,-2.30572958,-0.149397871,-0.226448486,0.017733787,0.013752798
8.57,-1.938302076,-2.081230485,4.032606525,-2.327974878,-2.092392634,-2.306747015,4.051573461,-2.314124295,-0.154090559,-0.22551653,0.018966936,0.013850583
8.61,-1.934588605,-2.082185417,4.052254365,-2.338259957,-2.095315417,-2.306333849,4.071712955,-2.325350922,-0.160726812,-0.224148433,0.01945859,0.012909035
8.64,-1.9317407,-2.082889076,4.073116329,-2.346323384,-2.097714766,-2.305926945,4.086817489,-2.333758442,-0.165974065,-0.223037869,0.013701159,0.012564942
8.67,-1.928835875,-2.083590677,4.087198118,-2.354833384,-2.100249997,-2.305453744,4.101919924,-2.342144057,-0.171414122,-0.221863066,0.014721806,0.012689327
8.71,-1.92486839,-2.084522507,4.103070474,-2.366473905,-2.103861244,-2.304724719,4.122057707,-2.353323516,-0.178992853,-0.220202211,0.018987233,0.013150389
8.74,-1.921836522,-2.08522247,4.125844457,-2.374388571,-2.106726466,-2.304122618,4.137160139,-2.361726282,-0.184889944,-0.218900148,0.011315682,0.012662289
8.77,-1.91874047,-2.085934108,4.139984185,-2.382886071,-2.109690508,-2.303484387,4.152263758,-2.370128862,-0.190950038,-0.217550279,0.012279573,0.012757209
8.81,-1.91451343,-2.086898863,4.153024141,-2.393265356,-2.113797713,-2.302570356,4.172404297,-2.381311858,-0.199284283,-0.215671494,0.019380156,0.011953498
8.84,-1.911270249,-2.087620069,4.18490485,-2.401743365,-2.116984942,-2.301847564,4.187511721,-2.389696624,-0.205714693,-0.214227495,0.002606871,0.012046741
8.87,-1.907965221,-2.088347386,4.199372211,-2.410318365,-2.120247958,-2.301105227,4.202621561,-2.398090372,-0.212282737,-0.212757841,0.00324935,0.012227992
8.91,-1.903442533,-2.089326648,4.227047385,-2.422292205,-2.124725051,-2.300081021,4.222769319,-2.409290074,-0.221282518,-0.210754373,-0.004278065,0.013002131
8.94,-1.899975628,-2.090065889,4.24435638,-2.429652849,-2.128162894,-2.299281974,4.237884028,-2.417680969,-0.228187266,-0.209216086,-0.006472352,0.01197188
8.97,-1.896449028,-2.090802735,4.259075122,-2.438257849,-2.131654921,-2.298460935,4.252999026,-2.426066226,-0.235205893,-0.2076582,-0.006076096,0.012191624
9.01,-1.927871636,-2.105103303,4.282545137,-2.449554348,-2.136413997,-2.297334432,4.273158149,-2.437253872,-0.208542362,-0.192231129,-0.009386988,0.012300476
9.04,-1.92482351,-2.106091147,4.29591077,-2.459330901,-2.140058443,-2.296466777,4.288278084,-2.445652509,-0.215234933,-0.19037563,-0.007632686,0.013678392
9.07,-1.92170721,-2.107084726,4.310553522,-2.467945901,-2.143750504,-2.295577529,4.303400974,-2.454048331,-0.222043294,-0.188492803,-0.007152548,0.01389757
9.11,-1.917433648,-2.108406602,4.33639586,-2.478445823,-2.14875157,-2.294346095,4.323564759,-2.465232454,-0.231317922,-0.185939493,-0.0128311,0.013213369
9.14,-1.914162656,-2.109413842,4.354992288,-2.486726711,-2.152562257,-2.293390862,4.338689617,-2.473622032,-0.238399601,-0.183977021,-0.016302672,0.013104679
9.17,-1.910823974,-2.110442203,4.369819582,-2.494971711,-2.156416597,-2.29241431,4.353814223,-2.482018074,-0.245592623,-0.181972106,-0.016005359,0.012953637
9.21,-1.906278496,-2.111841112,4.391483138,-2.506158597,-2.16162436,-2.291067166,4.373981727,-2.493214793,-0.255345864,-0.179226054,-0.01750141,0.012943804
9.24,-1.902783615,-2.112901672,4.401093906,-2.514108795,-2.165571761,-2.290017036,4.389107807,-2.501605267,-0.262788147,-0.177115364,-0.011986098,0.012503527
9.27,-1.899219327,-2.113955625,4.415666148,-2.522581295,-2.169549435,-2.288938295,4.404234146,-2.509993714,-0.270330108,-0.174982669,-0.011432002,0.012587581
9.31,-1.894386675,-2.11536645,4.431815067,-2.53396729,-2.17491369,-2.287450348,4.424404491,-2.521186637,-0.280527015,-0.172083898,-0.007410576,0.012780653
9.34,-1.890692571,-2.116452013,4.44447593,-2.542069646,-2.17897886,-2.286292465,4.439531885,-2.52958504,-0.288286289,-0.169840452,-0.004944045,0.012484606
9.37,-1.88692658,-2.117567737,4.458716489,-2.550744646,-2.183068834,-2.285098082,4.454660832,-2.537979249,-0.296142253,-0.167530345,-0.004055657,0.012765397
9.41,-1.881785674,-2.119093112,4.473852218,-2.56269325,-2.188566366,-2.283433763,4.474831501,-2.549163391,-0.306780692,-0.164340651,0.000979283,0.013529858
9.44,-1.877856884,-2.120271352,4.48411849,-2.571220163,-2.192729244,-2.282132218,4.489961453,-2.557556614,-0.31487236,-0.161860865,0.005842962,0.013663549
9.47,-1.873853974,-2.121464049,4.497965319,-2.579785163,-2.196922118,-2.280790012,4.505090002,-2.565956186,-0.323068144,-0.159325963,0.007124683,0.013828978
9.51,-2.031654733,-2.159825128,4.509068883,-2.590668471,-2.202558671,-2.278915078,4.525263402,-2.577152492,-0.170903938,-0.11908995,0.016194519,0.013515978
9.54,-2.030326962,-2.16170556,4.523565685,-2.598709805,-2.206816886,-2.277438286,4.54039207,-2.585541226,-0.176489924,-0.115732726,0.016826386,0.013168579
9.57,-2.028928301,-2.163614709,4.537040748,-2.607444805,-2.211101567,-2.275910075,4.555521016,-2.593934044,-0.182173266,-0.112295366,0.018480268,0.013510761
9.61,-2.02698619,-2.166188878,4.564189827,-2.61837207,-2.216864976,-2.273777533,4.575679801,-2.605145593,-0.189878786,-0.107588656,0.011489974,0.013226477
9.64,-2.025466876,-2.168145244,4.58863015,-2.626878799,-2.221207122,-2.272101039,4.590774348,-2.613555023,-0.195740246,-0.103955795,0.002144198,0.013323776
9.67,-2.023883686,-2.170128575,4.602463337,-2.635423799,-2.225547579,-2.270366516,4.605834805,-2.621951889,-0.201663893,-0.100237941,0.003371468,0.01347191
9.71,-2.021670723,-2.172822331,4.621075817,-2.646771621,-2.231322045,-2.267959261,4.625791049,-2.633134807,-0.209651322,-0.095136931,0.004715232,0.013636814
9.74,-2.019934101,-2.174854159,4.629000383,-2.654378137,-2.23564357,-2.266096686,4.640628215,-2.64153,-0.215709469,-0.091242528,0.011627832,0.012848136
9.77,-2.018131788,-2.176891881,4.642193024,-2.662950637,-2.239950929,-2.264194993,4.65534746,-2.64993009,-0.22181914,-0.087303112,0.013154436,0.013020547
9.81,-2.015614816,-2.179636465,4.656933226,-2.673792125,-2.245640541,-2.261579937,4.674723622,-2.661122983,-0.230025725,-0.081943471,0.017790396,0.012669142
9.84,-2.01363842,-2.181716514,4.680491341,-2.682236149,-2.249856721,-2.259555772,4.689053269,-2.669511178,-0.236218301,-0.077839259,0.008561928,0.012724971
9.87,-2.011601337,-2.183836761,4.693233992,-2.690871149,-2.254040506,-2.257488147,4.703234594,-2.677902127,-0.242439169,-0.073651386,0.010000602,0.012969021
9.91,-2.00879087,-2.186715246,4.715508961,-2.703014752,-2.259562589,-2.254650735,4.721833461,-2.689102912,-0.250771719,-0.067935489,0.006324499,0.01391184
9.94,-2.00660974,-2.188911316,4.729861363,-2.71075927,-2.263647669,-2.252451623,4.735532396,-2.697503754,-0.257037929,-0.063540307,0.005671034,0.013255516
9.97,-2.004357898,-2.191139454,4.741983009,-2.71949677,-2.267682568,-2.250193696,4.74903523,-2.705896911,-0.263324669,-0.059054242,0.007052221,0.013599859
10.01,-2.097595112,-2.091295516,4.768894704,-2.730606547,-2.272976789,-2.247072966,4.766643455,-2.717083472,-0.175381677,-0.155777451,-0.002251249,0.013523075
10.04,-2.096871094,-2.091812931,4.796513025,-2.739856111,-2.276893251,-2.244649261,4.779540977,-2.725485514,-0.180022157,-0.15283633,-0.016972047,0.014370597
10.07,-2.09609945,-2.092352141,4.808443418,-2.748441111,-2.280766165,-2.242159707,4.792205367,-2.733887906,-0.184666715,-0.149807567,-0.016238051,0.014553205
10.11,-2.095001114,-2.093130299,4.815122945,-2.759515196,-2.285826645,-2.238709546,4.808629561,-2.745075161,-0.190825532,-0.145579246,-0.006493384,0.014440034
10.14,-2.094108073,-2.09374148,4.821675428,-2.767359391,-2.289528711,-2.236035068,4.820572475,-2.753451242,-0.195420637,-0.142293588,-0.001102953,0.013908149
10.17,-2.093161272,-2.094377159,4.832074007,-2.775941891,-2.293157779,-2.233317786,4.83221106,-2.761807726,-0.199996507,-0.138940627,0.000137054,0.014134165
10.21,-2.091811039,-2.095281337,4.83814952,-2.786922523,-2.297830536,-2.22965205,4.846984816,-2.772889408,-0.206019497,-0.134370713,0.008835296,0.014033116
10.24,-2.090759712,-2.095997293,4.842081856,-2.795275478,-2.301136241,-2.226876738,4.857477864,-2.781161471,-0.210376529,-0.130879446,0.015396008,0.014114007
10.27,-2.089662651,-2.096732346,4.850410722,-2.803642978,-2.304247774,-2.224078594,4.867552008,-2.789438622,-0.214585123,-0.127346249,0.017141286,0.014204356
10.31,-2.088102897,-2.097778222,4.876982797,-2.814783504,-2.308015256,-2.220309154,4.880243186,-2.800487429,-0.219912359,-0.122530932,0.003260389,0.014296075
10.34,-2.086876068,-2.098622924,4.88864811,-2.823459329,-2.310553443,-2.217452881,4.889238138,-2.80875189,-0.223677375,-0.118829957,0.000590028,0.014707439
10.37,-2.085601851,-2.099523338,4.895989866,-2.832124329,-2.312856771,-2.214561388,4.89785464,-2.817014076,-0.227254919,-0.11503805,0.001864774,0.015110253
10.41,-2.083831032,-2.100804247,4.907248926,-2.843171097,-2.315417933,-2.210599485,4.908672314,-2.828062453,-0.231586902,-0.109795238,0.001423388,0.015108643
10.44,-2.082447788,-2.101813199,4.913288512,-2.851457025,-2.316930784,-2.207524128,4.916282651,-2.83636139,-0.234482996,-0.105710929,0.002994139,0.015095635
10.47,-2.081013527,-2.102865249,4.919178564,-2.860142025,-2.318155216,-2.204365555,4.923555687,-2.844664344,-0.237141689,-0.101500306,0.004377123,0.015477682
10.51,-2.198223201,-1.998484598,4.92381531,-2.872296851,-2.319238677,-2.1999764,4.932665075,-2.855766135,-0.121015475,-0.201491802,0.008849765,0.016530717
10.54,-2.198777757,-1.997809493,4.932692858,-2.879848863,-2.319578936,-2.196516901,4.939093527,-2.864101128,-0.120801179,-0.198707408,0.006400669,0.015747735
10.57,-2.199286217,-1.997155656,4.937305909,-2.888616363,-2.31955069,-2.192918464,4.945228808,-2.872426137,-0.120264474,-0.195762808,0.007922899,0.016190226
10.61,-2.199884447,-1.996355592,4.931241149,-2.900452498,-2.318848237,-2.187858839,4.952922325,-2.883531721,-0.11896379,-0.191503246,0.021681176,0.016920776
10.64,-2.200282249,-1.995806406,4.930733564,-2.908303365,-2.317815318,-2.183875559,4.958331323,-2.891889758,-0.117533069,-0.188069154,0.027597759,0.016413608
10.67,-2.200653641,-1.995309529,4.933757578,-2.916708365,-2.316373052,-2.179761693,4.963497348,-2.900249954,-0.115719411,-0.184452164,0.02973977,0.016458411
10.71,-2.201105162,-1.99470502,4.948947046,-2.927568751,-2.313627697,-2.174056733,4.969970585,-2.911379354,-0.112522535,-0.179351713,0.021023539,0.016189396
10.74,-2.201383681,-1.994292002,4.960150328,-2.935770192,-2.310951585,-2.169631446,4.974541634,-2.919734563,-0.109567904,-0.175339445,0.014391306,0.016035629
10.77,-2.201632224,-1.99393289,4.962892844,-2.944115192,-2.307839457,-2.165102389,4.978913396,-2.928104978,-0.106207234,-0.171169499,0.016020553,0.016010215
10.81,-2.201939234,-1.99354931,4.970505136,-2.955354871,-2.302854002,-2.158848583,4.984358421,-2.93929545,-0.100914768,-0.165299273,0.013853285,0.016059421
10.84,-2.202142588,-1.993314936,4.98279792,-2.962517172,-2.298436703,-2.153965907,4.988149015,-2.947670995,-0.096294114,-0.160650972,0.005351096,0.014846177
10.87,-2.2023192,-1.993129826,4.985066806,-2.970889672,-2.29352419,-2.148930214,4.991720254,-2.956023064,-0.09120499,-0.155800388,0.006653448,0.014866607
10.91,-2.202533347,-1.992951477,4.983286876,-2.981645788,-2.286103073,-2.141923081,4.996131765,-2.967210355,-0.083569726,-0.148971603,0.012844889,0.014435433
10.94,-2.202694741,-1.992887373,5.009488701,-2.989910704,-2.279877217,-2.136434647,4.999171368,-2.97566246,-0.077182476,-0.143547274,-0.010317333,0.014248244
10.97,-2.202864302,-1.992873346,5.011593016,-2.998248204,-2.27313592,-2.130765142,5.002031405,-2.984091118,-0.070271618,-0.137891796,-0.009561611,0.014157086
11.01,-2.09809738,-1.872203927,5.008824457,-3.00886928,-2.26317702,-2.122864981,5.005518588,-2.995226538,-0.165079639,-0.250661054,-0.003305869,0.013642742
11.04,-2.096449558,-1.870207159,5.006657784,-3.015936003,-2.25501088,-2.11668737,5.007896814,-3.003607084,-0.158561323,-0.246480211,0.001239029,0.012328919
11.07,-2.094813681,-1.86826307,5.00774918,-3.024523503,-2.246349951,-2.110328134,5.010093202,-3.012056748,-0.151536269,-0.242065064,0.002344023,0.012466755
11.11,-2.092648503,-1.865742414,5.015987475,-3.035945797,-2.233840695,-2.101513355,5.012739119,-3.023324762,-0.141192193,-0.235770942,-0.003248355,0.012621035
11.14,-2.091028196,-1.863914635,5.015182151,-3.043838633,-2.223697903,-2.094659862,5.014517736,-3.03168321,-0.132669708,-0.230745227,-0.000664414,0.012155424
11.17,-2.089387508,-1.862137853,5.015797681,-3.052431133,-2.213012862,-2.087646808,5.016153412,-3.040027221,-0.123625354,-0.225508955,0.00035573,0.012403912
11.21,-2.087210547,-1.859857871,5.018826515,-3.063546218,-2.197810142,-2.078041141,5.018074746,-3.051247332,-0.110599595,-0.218183271,-0.000751768,0.012298886
11.24,-2.085602439,-1.858226455,5.01755697,-3.071104588,-2.185670578,-2.070669497,5.019325093,-3.059687613,-0.100068138,-0.212443042,0.001768124,0.011416975
11.27,-2.084027929,-1.856668182,5.017592844,-3.079339588,-2.172964469,-2.063186537,5.020445564,-3.068090052,-0.088936539,-0.206518355,0.00285272,0.011249536
11.31,-2.081903215,-1.854710865,5.01078174,-3.090894622,-2.154992134,-2.053024522,5.021694186,-3.079247935,-0.07308892,-0.198313657,0.010912446,0.011646687
11.34,-2.080300621,-1.853324945,5.006694,-3.098504634,-2.140780872,-2.045279164,5.022474341,-3.087659644,-0.060480251,-0.191954219,0.015780341,0.01084499
11.37,-2.078722179,-1.852003412,5.005878829,-3.107349634,-2.126041855,-2.037450166,5.02314083,-3.096107172,-0.047319675,-0.185446754,0.017262001,0.011242463
11.41,-2.076655823,-1.850322112,5.004260034,-3.118916907,-2.105371336,-2.026865579,5.02386086,-3.107340401,-0.028715512,-0.176543467,0.019600826,0.011576505
11.44,-2.075142775,-1.849133014,4.994776602,-3.127390758,-2.089096097,-2.018826104,5.024266596,-3.115717132,-0.013953322,-0.16969309,0.029489994,0.011673626
11.47,-2.073659932,-1.848010654,4.993276816,-3.135800758,-2.072287274,-2.010719581,5.024592264,-3.124104116,0.001372657,-0.162708927,0.031315448,0.011696642
11.51,-1.944072477,-1.748324466,5.008933996,3.13602505,-2.048933846,-1.999799449,5.024868015,-3.135357244,-0.104861369,-0.251474983,0.015934019,0.011803013
11.54,-1.940504048,-1.745678822,5.014083472,3.12725275,-2.030686343,-1.991533694,5.024978647,3.139393543,-0.090182295,-0.245854872,0.010895175,0.012140793
11.57,-1.936963297,-1.743108341,5.012927564,3.11862525,-2.011891434,-1.983218271,5.025011557,3.130999328,-0.074928137,-0.24010993,0.012083993,0.012374077
11.61,-1.932283194,-1.73978258,5.01067952,3.106821114,-1.98587244,-1.972052305,5.024891681,3.119824484,-0.053589245,-0.232269725,0.014212162,0.01300337
11.64,-1.928829072,-1.73737558,5.008796048,3.098034429,-1.965684437,-1.963634458,5.024676244,3.111396755,-0.036855365,-0.226258878,0.015880196,0.013362326
11.67,-1.925434551,-1.73504717,5.007175783,3.089356929,-1.945001197,-1.955199172,5.024375686,3.102953907,-0.019566647,-0.220152001,0.017199903,0.013596978
11.71,-1.920964476,-1.73205097,5.000226239,3.077523137,-1.916477129,-1.943948956,5.023855268,3.091735715,0.004487347,-0.211897986,0.023629028,0.014212578
11.74,-1.917661958,-1.729898556,4.991890148,3.068081527,-1.89439657,-1.935526665,5.023377732,3.083336865,0.023265388,-0.205628109,0.031487584,0.015255338
11.77,-1.914412583,-1.727816007,4.989603265,3.059621527,-1.871853102,-1.927121118,5.02285625,3.07492192,0.04255948,-0.199305111,0.033252985,0.015300393
11.81,-1.910175254,-1.725174896,4.987248953,3.048418438,-1.840964334,-1.915950693,5.02208137,3.063675,0.06921092,-0.190775797,0.034832417,0.015256562
11.84,-1.9070948,-1.723295883,4.991182988,3.039698692,-1.81714555,-1.907605936,5.021467067,3.055261795,0.08994925,-0.184310054,0.030284079,0.015563103
11.87,-1.90408912,-1.721487989,4.988861924,3.031243692,-1.792855203,-1.899286894,5.020815816,3.046876489,0.111233917,-0.177798905,0.031953893,0.015632797
11.91,-1.900185236,-1.719211806,4.98491948,3.019749584,-1.759671522,-1.888240308,5.019899319,3.03569109,0.140513714,-0.169028502,0.03497984,0.015941506
11.94,-1.897354939,-1.717586152,4.988637249,3.011952778,-1.734224914,-1.879990305,5.019167061,3.027269199,0.163130025,-0.162404153,0.030529813,0.01531642
11.97,-1.894610816,-1.716034607,4.986266739,3.003815278,-1.70835877,-1.871770573,5.018414706,3.018850062,0.186252046,-0.155735966,0.032147967,0.015034783
12.01,-1.674725897,-1.595908048,4.994791144,2.99252843,-1.673086451,-1.860876188,5.017366165,3.007677329,0.001639446,-0.26496814,0.022575021,0.015148898
12.04,-1.668366358,-1.592476055,4.987875382,2.984630173,-1.646090173,-1.852755682,5.016551306,2.999304078,0.022276185,-0.260279628,0.028675925,0.014673905
12.07,-1.662084175,-1.589120971,4.985485607,2.975972673,-1.61873674,-1.844671443,5.015718082,2.990904748,0.043347435,-0.255550473,0.030232475,0.014932075
12.11,-1.653832054,-1.584759047,4.979293044,2.964063685,-1.58160875,-1.833970207,5.014569398,2.979687685,0.072223304,-0.24921116,0.035276354,0.015624
12.14,-1.647757684,-1.581571055,4.974780588,2.95635985,-1.553247224,-1.826020831,5.013688405,2.971304901,0.09451046,-0.244449776,0.038907817,0.014945051
12.17,-1.641768334,-1.578451967,4.972033857,2.94766735,-1.524529086,-1.818137009,5.012788789,2.962934714,0.117239248,-0.239685041,0.040754932,0.015267364
12.21,-1.633909738,-1.574425443,4.971840869,2.936519552,-1.485661952,-1.807757867,5.011595588,2.951752061,0.148247786,-0.233332424,0.039754719,0.01523251
12.24,-1.628123169,-1.571486322,4.963509018,2.927907235,-1.45610396,-1.800087774,5.010710238,2.943355305,0.172019209,-0.228601452,0.047201219,0.01544807
12.27,-1.622455498,-1.568612402,4.960553859,2.919667235,-1.426233809,-1.792513471,5.009847277,2.934962129,0.196221689,-0.223901069,0.049293418,0.015294894
12.31,-1.615030148,-1.56487781,4.961321433,2.908636866,-1.385845515,-1.782601318,5.008703911,2.923775846,0.229184633,-0.217723509,0.047382478,0.015138981
12.34,-1.609564775,-1.56216158,4.972099994,2.899711324,-1.355192241,-1.775303689,5.007876222,2.915385358,0.254372534,-0.213142109,0.035776228,0.015674034
12.37,-1.604198724,-1.559505136,4.969626008,2.891298824,-1.324304429,-1.768103375,5.00706918,2.906993814,0.279894295,-0.208598239,0.037443172,0.015694991
12.41,-1.597214318,-1.556064056,4.988584525,2.881360257,-1.282671671,-1.758693195,5.006044004,2.895806501,0.314542646,-0.202629139,0.017459479,0.014446244
12.44,-1.592078128,-1.553579617,4.967779127,2.873085942,-1.251101662,-1.751786153,5.005287437,2.887418177,0.340976467,-0.198206536,0.03750831,0.014332235
12.47,-1.58703291,-1.551161593,4.965294964,2.864445942,-1.219311312,-1.744984477,5.004533497,2.879032398,0.367721597,-0.193822884,0.039238533,0.014586456
12.51,-1.378653232,-1.558938322,4.971389853,2.853913293,-1.176590084,-1.736096823,5.003528224,2.867854086,0.202063148,-0.177158501,0.032138371,0.013940793
12.54,-1.370372059,-1.556890003,4.972057273,2.845806285,-1.144302329,-1.729570922,5.002795734,2.859471017,0.22606973,-0.172680919,0.030738461,0.013664732
12.57,-1.362202228,-1.554926296,4.969828422,2.837121285,-1.111820327,-1.723153895,5.002093687,2.85108696,0.250381901,-0.168227599,0.032265266,0.013965675
12.61,-1.351476797,-1.552419482,4.97238237,2.826251205,-1.068189311,-1.714790594,5.001190393,2.839912999,0.283287486,-0.162371112,0.028808023,0.013661794
12.64,-1.343560821,-1.55060813,4.982717882,2.81884875,-1.035286995,-1.708639968,5.000553976,2.831535014,0.308273825,-0.158031838,0.017836094,0.012686263
12.67,-1.335775753,-1.548870942,4.9809719,2.81031375,-1.002269631,-1.702566462,4.999940604,2.823155184,0.333506122,-0.15369552,0.018968704,0.012841434
12.71,-1.325571228,-1.54667154,4.978240539,2.799552149,-0.958002123,-1.694606437,4.999189764,2.811993631,0.367569104,-0.147934898,0.020949225,0.012441482
12.74,-1.318035005,-1.545107762,4.97916696,2.790891172,-0.924620056,-1.688731615,4.998645419,2.803646595,0.393414948,-0.143623853,0.019478459,0.012755423
12.77,-1.31062392,-1.54361518,4.977422563,2.782183672,-0.891142054,-1.682912946,4.998123403,2.795299764,0.419481866,-0.139297767,0.02070084,0.013116092
12.81,-1.300928778,-1.541711633,4.981543256,2.770570432,-0.846380886,-1.675244227,4.997474014,2.784139134,0.454547893,-0.133532594,0.015930758,0.013568702
12.84,-1.293807999,-1.540367739,4.981052052,2.762509099,-0.812706075,-1.669570525,4.997039187,2.775767023,0.481101923,-0.129202786,0.015987135,0.013257924
12.87,-1.286790009,-1.539098532,4.9795131,2.754139099,-0.778946837,-1.663961504,4.996633459,2.767407873,0.507843172,-0.124862972,0.017120359,0.013268774
12.91,-1.277585203,-1.537518021,4.974914827,2.742668333,-0.733832003,-1.656589701,4.996140184,2.756265994,0.5437532,-0.11907168,0.021225357,0.013597661
12.94,-1.270824807,-1.536395837,4.969634081,2.734417136,-0.699974826,-1.651124609,4.995813052,2.747894101,0.570849981,-0.114728772,0.026178972,0.013476965
12.97,-1.264193396,-1.535335744,4.967865397,2.725764636,-0.666104967,-1.64570753,4.99551959,2.739516149,0.59808843,-0.110371786,0.027654193,0.013751513
13.01,-0.930016825,-1.526306006,4.961417748,2.715295794,-0.620892231,-1.638589272,4.995213217,2.728356985,0.309124594,-0.112283266,0.033795469,0.013061191
13.04,-0.918070963,-1.525294196,4.964192859,2.706298243,-0.586964242,-1.633322667,4.995038244,2.719995344,0.331106721,-0.108028471,0.030845385,0.013697101
13.07,-0.906235522,-1.524366204,4.962457864,2.697890743,-0.553060826,-1.628093303,4.994918489,2.711631326,0.353174695,-0.103727099,0.032460625,0.013740583
13.11,-0.890641753,-1.523247534,4.954309412,2.687033236,-0.507926604,-1.621176965,4.994849408,2.700463757,0.382715149,-0.097929431,0.040539996,0.013430521
13.14,-0.879124577,-1.522487866,4.951009473,2.678764413,-0.474105683,-1.616033631,4.994877524,2.692095991,0.405018893,-0.093545764,0.043868051,0.013331578
13.17,-0.867727461,-1.521809016,4.949064988,2.670059413,-0.440304307,-1.610912817,4.994946646,2.6837433,0.427423154,-0.089103801,0.045881658,0.013683887
13.21,-0.852712615,-1.521041429,4.947908996,2.65948207,-0.395323964,-1.604080766,4.995135496,2.672605182,0.45738865,-0.083039337,0.0472265,0.013123112
13.24,-0.841593848,-1.520542831,4.947334947,2.651598781,-0.361683846,-1.59892962,4.995343114,2.664220402,0.479910002,-0.078386789,0.048008167,0.012621621
13.27,-0.830605823,-1.52009731,4.945519997,2.642923781,-0.328100604,-1.593765254,4.995608937,2.655835328,0.502505219,-0.073667944,0.050088939,0.012911547
13.31,-0.816151597,-1.519616599,4.940031413,2.632461125,-0.283412178,-1.586872516,4.996044646,2.644693864,0.532739419,-0.067255917,0.056013233,0.012232738
13.34,-0.805449384,-1.519343075,4.938842663,2.625277127,-0.250002539,-1.581687392,4.996430227,2.636337159,0.555446844,-0.062344316,0.057587564,0.011060032
13.37,-0.794877488,-1.519136789,4.936940058,2.616749627,-0.216702907,-1.5764798,4.996860789,2.627960142,0.57817458,-0.057343011,0.059920731,0.011210514
13.41,-0.78100533,-1.51894857,4.939694996,2.606224983,-0.172502397,-1.569505947,4.997525088,2.616777252,0.608502933,-0.050557376,0.057830092,0.010552269
13.44,-0.770753421,-1.518857762,4.951845996,2.597890883,-0.13947878,-1.564270921,4.998097002,2.608403445,0.631274641,-0.045413159,0.046251006,0.010512562
13.47,-0.760629739,-1.518850824,4.950523498,2.589208383,-0.106558839,-1.559027993,4.99870896,2.600036088,0.6540709,-0.040177169,0.048185462,0.010827706
13.51,-0.441972682,-1.2963558,4.966956662,2.577561267,-0.062913997,-1.551990238,4.99960697,2.588865399,0.379058685,-0.255634438,0.032650308,0.011304132
13.54,-0.426899326,-1.292671332,4.971800755,2.570469576,-0.030378796,-1.546669293,5.000317401,2.580476719,0.39652053,-0.253997961,0.028516646,0.010007143
13.57,-0.411964018,-1.289042448,4.971148051,2.561692076,0.002030958,-1.541328512,5.001058078,2.57209668,0.413994976,-0.252286064,0.029910028,0.010404603
13.61,-0.392236153,-1.284307453,4.962451925,2.550283866,0.045019338,-1.534177471,5.002064614,2.56093784,0.43725549,-0.249870018,0.039612689,0.010653975
13.64,-0.377568364,-1.280849226,4.954269611,2.541635093,0.077051897,-1.5287789,5.002837897,2.552564732,0.454620261,-0.247929674,0.048568287,0.010929639
13.67,-0.36302111,-1.27745766,4.953037133,2.533370093,0.108911629,-1.523355721,5.003620907,2.544186612,0.471932739,-0.245898061,0.050583774,0.010816519
13.71,-0.343830585,-1.273050056,4.952266236,2.522686525,0.151086806,-1.516118401,5.004728983,2.533008712,0.494917391,-0.243068345,0.052462747,0.010322187
13.74,-0.329583427,-1.269811318,4.962618221,2.51496479,0.182496981,-1.510707403,5.005612231,2.524601839,0.512080408,-0.240896086,0.04299401,0.009637049
13.77,-0.315457777,-1.266647696,4.961778013,2.50610979,0.213726644,-1.505298088,5.006539644,2.51619049,0.529184421,-0.238650393,0.04476163,0.0100807
13.81,-0.2968061,-1.262549099,4.970186544,2.495062475,0.255000516,-1.498056829,5.007843477,2.505001336,0.551806617,-0.23550773,0.037656933,0.00993886
13.84,-0.282965546,-1.259550569,4.96782576,2.486550786,0.2856978,-1.49260355,5.008858896,2.496614452,0.568663346,-0.233052981,0.041033137,0.010063666
13.87,-0.269248112,-1.256621541,4.967169022,2.477878286,0.316229293,-1.487140584,5.009895115,2.48821935,0.585477405,-0.230519043,0.042726094,0.010341064
13.91,-0.251120959,-1.252855929,4.970482433,2.466489416,0.356628582,-1.479816666,5.011288807,2.477024859,0.607749541,-0.226960738,0.040806374,0.010535443
13.94,-0.237658267,-1.250138266,4.978354204,2.458411748,0.386668453,-1.474258249,5.012352459,2.468635375,0.624326721,-0.224119982,0.033998255,0.010223627
13.97,-0.224322193,-1.247503263,4.977970179,2.449994248,0.416521223,-1.468645328,5.013422106,2.460244602,0.640843416,-0.221142065,0.035451927,0.010250354
14.01,0.16886177,-1.138128823,4.982670105,2.439425233,0.456022865,-1.46108126,5.014878836,2.449055769,0.287161095,-0.322952437,0.03220873,0.009630535
14.04,0.188403808,-1.133827346,4.978805982,2.42959834,0.485433043,-1.455345976,5.015968568,2.440670269,0.297029235,-0.32151863,0.037162586,0.011071928
14.07,0.2078293,-1.129591557,4.978335195,2.42098834,0.514668653,-1.44954441,5.017062854,2.432284928,0.306839354,-0.319952853,0.038727659,0.011296588
14.11,0.233548499,-1.124064702,4.981816786,2.409371857,0.553316131,-1.441664135,5.018519261,2.421090905,0.319767632,-0.317599433,0.036702474,0.011719048
14.14,0.252684211,-1.120003205,4.969070328,2.40146718,0.58207951,-1.435658934,5.019626822,2.412695403,0.329395299,-0.315655729,0.050556494,0.011228223
14.17,0.271700451,-1.116024698,4.968233507,2.39280218,0.610697551,-1.429592599,5.020736901,2.404310442,0.3389971,-0.313567901,0.052503394,0.011508262
14.21,0.296880327,-1.11085007,4.983748658,2.38228628,0.648568804,-1.421364875,5.022219424,2.393136455,0.351688477,-0.310514805,0.038470766,0.010850175
14.24,0.315610981,-1.107052559,4.984409788,2.372848773,0.67673709,-1.415066845,5.023340972,2.384739499,0.361126109,-0.308014286,0.038931184,0.011890726
14.27,0.334221517,-1.103330963,4.983980735,2.364061273,0.704744619,-1.408685843,5.024472386,2.376337405,0.370523101,-0.30535488,0.040491651,0.012276132
14.31,0.358850445,-1.098480098,4.971995725,2.35311601,0.741827433,-1.400060788,5.02597899,2.365151509,0.382976988,-0.301580689,0.053983265,0.012035499
14.34,0.377200719,-1.094939325,4.972368056,2.3439582,0.769438041,-1.393499957,5.027089921,2.356769219,0.392237322,-0.298560632,0.054721865,0.012811019
14.37,0.395442352,-1.091473007,4.971451826,2.3352957,0.796883893,-1.386853962,5.028199591,2.348378997,0.40144154,-0.295380955,0.056747765,0.013083297
14.41,0.41958554,-1.086955388,4.971663389,2.323833248,0.833181182,-1.377837244,5.029689427,2.337177689,0.413595642,-0.290881856,0.058026038,0.013344441
14.44,0.437558258,-1.083637566,4.977693551,2.316255973,0.860213707,-1.3709851,5.030835278,2.328785017,0.422655449,-0.287347534,0.053141727,0.012529044
14.47,0.45540818,-1.08037887,4.976907101,2.307705973,0.887116351,-1.36407157,5.031986738,2.320404217,0.431708171,-0.2836927,0.055079637,0.012698244
14.51,0.736184038,-0.961874492,4.992317711,2.296799652,0.922724095,-1.354704135,5.033544047,2.309224663,0.186540057,-0.392829643,0.041226336,0.012425011
14.54,0.758202663,-0.956862359,4.99495559,2.288507884,0.949228361,-1.347550573,5.034707427,2.300820135,0.191025698,-0.390688214,0.039751837,0.012312251
14.57,0.780105888,-0.951923386,4.994609122,2.279720384,0.975606027,-1.340318557,5.035870833,2.292417076,0.195500139,-0.388395172,0.041261711,0.012696692
14.61,0.809167203,-0.945470163,5.00491323,2.26916671,1.01057601,-1.330556339,5.03739324,2.281245963,0.201408807,-0.385086175,0.032480009,0.012079253
14.64,0.830847234,-0.940732592,5.004403688,2.260022866,1.036643978,-1.323129029,5.038509692,2.272871734,0.205796744,-0.382396437,0.034106005,0.012848868
14.67,0.852418292,-0.936084101,5.004165871,2.251545366,1.062584702,-1.3156112,5.039603729,2.26447852,0.21016641,-0.379527099,0.035437858,0.012933154
14.71,0.881007039,-0.930004865,5.016498075,2.241552771,1.096957343,-1.305444205,5.041011946,2.253272136,0.215950304,-0.37543934,0.024513871,0.011719365
14.74,0.902316059,-0.925528708,5.031523679,2.23340535,1.122602511,-1.297743425,5.042033246,2.244887403,0.220286452,-0.372214716,0.010509567,0.011482053
14.77,0.923522755,-0.921133586,5.031868184,2.22504535,1.148150321,-1.289985797,5.043020227,2.236513626,0.224627566,-0.368852212,0.011152043,0.011468276
14.81,0.951609837,-0.91540844,5.035150907,2.213068874,1.182014754,-1.279503783,5.044275084,2.225326235,0.230404917,-0.364095343,0.009124177,0.012257361
14.84,0.97253885,-0.911184788,5.040754738,2.203980195,1.207271624,-1.271539007,5.045142984,2.216914914,0.234732774,-0.360354219,0.004388246,0.012934719
14.87,0.993356968,-0.907039086,5.04101026,2.195440195,1.232447102,-1.26352012,5.04596221,2.208513686,0.239090133,-0.356481034,0.00495195,0.01307349
14.91,1.020949794,-0.901647047,5.037330432,2.184294656,1.265884122,-1.252741227,5.04694366,2.197351437,0.244934327,-0.35109418,0.009613228,0.013056781
14.94,1.041510072,-0.897702438,5.042809952,2.176162348,1.290852772,-1.244564698,5.047606454,2.18896896,0.2493427,-0.34686226,0.004796502,0.012806613
14.97,1.061952124,-0.893847509,5.042729008,2.167699848,1.315740149,-1.236310782,5.04820611,2.180557663,0.253788025,-0.342463273,0.005477102,0.012857815
15.01,1.26060905,-1.022124059,5.051275672,2.156392078,1.348807405,-1.22519647,5.048907266,2.169339702,0.088198355,-0.203072411,-0.002368406,0.012947623
15.04,1.283738146,-1.020756866,5.043066964,2.148751534,1.373545677,-1.216802976,5.049349347,2.160966828,0.089807531,-0.19604611,0.006282383,0.012215294
15.07,1.30673882,-1.01947694,5.042607169,2.139876534,1.398235655,-1.208355822,5.049728777,2.152601796,0.091496835,-0.188878882,0.007121608,0.012725262
15.11,1.337198511,-1.017918295,5.06102808,2.128000735,1.431052416,-1.196961206,5.050107923,2.14140255,0.093853905,-0.179042911,-0.010920157,0.013401815
15.14,1.359897609,-1.016837161,5.068854861,2.119349945,1.45559619,-1.188324016,5.050302238,2.132987144,0.095698581,-0.171486855,-0.018552624,0.013637198
15.17,1.382491046,-1.015831105,5.068840988,2.110782445,1.480100887,-1.179638775,5.050439973,2.124595426,0.097609841,-0.16380767,-0.018401015,0.01381298
15.21,1.412452247,-1.014645599,5.079804773,2.099979404,1.512697002,-1.167968294,5.05048908,2.113443367,0.100244755,-0.153322694,-0.029315694,0.013463962
15.24,1.434776652,-1.01387973,5.077884172,2.09205678,1.537074643,-1.159119362,5.050422403,2.105050574,0.102297991,-0.145239632,-0.027461769,0.012993795
15.27,1.456982726,-1.013199325,5.077673225,2.08346678,1.561408706,-1.150194402,5.050267204,2.096631184,0.10442598,-0.136995077,-0.027406021,0.013164405
15.31,1.486373539,-1.012417198,5.065922794,2.071970034,1.593814687,-1.138178396,5.049903908,2.085430142,0.107441148,-0.125761199,-0.016018886,0.013460107
15.34,1.50827562,-1.011930071,5.071298947,2.064121721,1.618111501,-1.129081563,5.049504713,2.077078681,0.109835881,-0.117151492,-0.021794234,0.01295696
15.37,1.530061313,-1.011523073,5.070490661,2.055521721,1.642400393,-1.119903599,5.049028686,2.068714889,0.11233908,-0.108380526,-0.021461975,0.013193168
15.41,1.5589418,-1.011099875,5.062436984,2.043193753,1.674763221,-1.107499924,5.048262788,2.057483798,0.115821421,-0.096400049,-0.014174196,0.014290045
15.44,1.580461971,-1.010883577,5.048479179,2.034661997,1.699021593,-1.098100719,5.04760476,2.049068146,0.118559622,-0.087217141,-0.000874419,0.014406149
15.47,1.601860781,-1.010767086,5.046654755,2.026246997,1.723265176,-1.088653712,5.046886404,2.040690509,0.121404395,-0.077886625,0.000231649,0.014443512
15.51,1.765543932,-1.068909364,5.046949667,2.014570282,1.755518946,-1.075967929,5.045844312,2.029528612,-0.010024987,-0.007058564,-0.001105355,0.01495833
15.54,1.789006455,-1.069992779,5.047708003,2.005804228,1.779610911,-1.066379681,5.045026806,2.021134608,-0.009395543,0.003613099,-0.002681196,0.01533038
15.57,1.812357753,-1.071153494,5.045777891,1.997314228,1.803613478,-1.05675693,5.044196156,2.012753088,-0.008744275,0.014396564,-0.001581736,0.01543886
15.61,1.843329657,-1.072813642,5.048154267,1.986250779,1.835425354,-1.043919544,5.043088257,2.001581107,-0.007904303,0.028894098,-0.00506601,0.015330328
15.64,1.866452864,-1.074148319,5.048914807,1.977964253,1.859086463,-1.034301892,5.042257663,1.99317531,-0.007366401,0.039846427,-0.006657144,0.015211057
15.67,1.889486219,-1.075557284,5.047069799,1.969879253,1.882553999,-1.02468737,5.041438736,1.984786885,-0.00693222,0.050869914,-0.005631063,0.014907632
15.71,1.920034183,-1.077522296,5.035391602,1.958947626,1.913410543,-1.011904835,5.04035872,1.97368884,-0.00662364,0.065617461,0.004967118,0.014741214
15.74,1.942821303,-1.079081574,5.027914106,1.950266278,1.936174436,-1.002402047,5.039575811,1.965307347,-0.006646867,0.076679527,0.011661705,0.015041069
15.77,1.965496902,-1.080728864,5.025510468,1.941873778,1.958626776,-0.992980179,5.038809192,1.956823747,-0.006870126,0.087748685,0.013298724,0.014949969
15.81,1.995577606,-1.083035563,5.031595042,1.930721334,1.987913924,-0.980549617,5.03785829,1.945548286,-0.007663682,0.102485946,0.006263249,0.014826952
15.84,2.018024962,-1.084844291,5.035401481,1.923267932,2.009340701,-0.971323902,5.037200831,1.937256441,-0.008684261,0.113520389,0.00179935,0.013988509
15.87,2.040365914,-1.086711997,5.033501693,1.914855432,2.030357478,-0.962192704,5.036595055,1.928956772,-0.010008436,0.124519292,0.003093362,0.014101341
15.91,2.069978284,-1.089307686,5.028657119,1.903282672,2.057600877,-0.950224799,5.035864452,1.91762603,-0.012377408,0.139082887,0.007207333,0.014343358
15.94,2.092072084,-1.091352163,5.032883595,1.894605204,2.077412362,-0.941387639,5.035369625,1.909104941,-0.014659722,0.149964524,0.00248603,0.014499737
15.97,2.114064847,-1.093489021,5.031120966,1.886095204,2.096749429,-0.932634468,5.034908549,1.900751363,-0.017315418,0.160854553,0.003787583,0.014656159
16.01,2.170963395,-0.980022187,5.03661643,1.875215243,2.121643653,-0.921136841,5.034357239,1.889750409,-0.049319742,0.058885346,-0.00225919,0.014535166
16.04,2.193195492,-0.98033034,5.041313884,1.867251109,2.13963914,-0.912673749,5.033989358,1.881283849,-0.053556353,0.067656591,-0.007324526,0.01403274
16.07,2.215337899,-0.980711818,5.039986524,1.858873609,2.157131928,-0.904321632,5.033643777,1.872700542,-0.058205971,0.076390186,-0.006342747,0.013826933
16.11,2.244712863,-0.981360118,5.043514336,1.848530521,2.179502512,-0.893348278,5.033227269,1.861521377,-0.06521035,0.08801184,-0.010287068,0.012990856
16.14,2.266638808,-0.981940114,5.039801496,1.839279746,2.195547082,-0.885245627,5.032926372,1.853333866,-0.071091726,0.096694487,-0.006875124,0.01405412
16.17,2.288469659,-0.982591533,5.038491946,1.830727246,2.211049291,-0.877263513,5.032641383,1.844996632,-0.077420367,0.10532802,-0.005850563,0.014269386
16.21,2.317418735,-0.983568342,5.037164302,1.820171451,2.230709533,-0.866851182,5.032271818,1.833497182,-0.086709202,0.116717161,-0.004892484,0.013325731
16.24,2.339025334,-0.984408286,5.031809841,1.811027812,2.244702413,-0.859169613,5.032011223,1.825014018,-0.094322921,0.125238672,0.000201383,0.013986206
16.27,2.360532554,-0.985337095,5.030336601,1.802432812,2.258175425,-0.851557447,5.031753557,1.816766814,-0.102357129,0.133779648,0.001416956,0.014334002
16.31,2.389053149,-0.986686875,5.034258078,1.792115371,2.275270304,-0.841551009,5.03143167,1.80573515,-0.113782845,0.145135865,-0.002826407,0.013619778
16.34,2.410312956,-0.98778139,5.030567242,1.784301189,2.287510093,-0.834159179,5.031202306,1.79721802,-0.122802863,0.153622211,0.000635064,0.012916831
16.37,2.431474252,-0.98896496,5.029134442,1.775843689,2.299358208,-0.826821932,5.03098755,1.788692844,-0.132116044,0.162143028,0.001853107,0.012849155
16.41,2.459554409,-0.990643011,5.028212845,1.7642879,2.314478596,-0.817085086,5.030718493,1.777594024,-0.145075813,0.173557924,0.002505648,0.013306124
16.44,2.480516365,-0.991976636,5.022978967,1.756129711,2.325343107,-0.809826333,5.030527731,1.769316864,-0.155173258,0.182150304,0.007548764,0.013187153
16.47,2.501397099,-0.993382817,5.021371274,1.747672211,2.335876799,-0.802620925,5.030349907,1.760905896,-0.1655203,0.190761893,0.008978633,0.013233685
16.51,2.505366494,-0.737544437,5.026898046,1.736055239,2.34932173,-0.793095674,5.030127157,1.7495407,-0.156044764,-0.055551238,0.00322911,0.013485461
16.54,2.525682327,-0.734709048,5.033083053,1.727977879,2.358948205,-0.785972579,5.029984833,1.741167666,-0.166734122,-0.05126353,-0.003098219,0.013189787
16.57,2.545939417,-0.731930164,5.031889424,1.719347879,2.368240337,-0.778863332,5.029847644,1.73291971,-0.177699079,-0.046933168,-0.00204178,0.013571831
16.61,2.572847366,-0.728293149,5.01505308,1.70741529,2.380018405,-0.769463193,5.029684529,1.7218525,-0.192828961,-0.041170045,0.01463145,0.01443721
16.64,2.592952107,-0.725629815,5.021855359,1.699287385,2.388388755,-0.762498411,5.029555497,1.713384412,-0.204563352,-0.036868596,0.007700138,0.014097026
16.67,2.612995681,-0.723029188,5.020332943,1.690739885,2.396411854,-0.755582694,5.029442316,1.704902764,-0.216583827,-0.032553505,0.009109373,0.014162879
16.71,2.639626666,-0.71965238,5.02804219,1.68011392,2.406437084,-0.746421127,5.0293692,1.693642619,-0.233189583,-0.026768747,0.00132701,0.013528699
16.74,2.659552018,-0.717206625,5.029028348,1.67151534,2.413387339,-0.739585485,5.029354366,1.685169994,-0.246164679,-0.02237886,0.000326018,0.013654654
16.77,2.679436922,-0.71482987,5.027866918,1.66286284,2.419860404,-0.732772541,5.029359594,1.676631015,-0.259576518,-0.017942671,0.001492677,0.013768175
16.81,2.70588896,-0.711791085,5.03265003,1.651099458,2.427484628,-0.723708817,5.02936258,1.665192588,-0.278404331,-0.011917732,-0.00328745,0.01409313
16.84,2.725695048,-0.709601807,5.04269058,1.643448652,2.432346363,-0.716902609,5.029328775,1.656685846,-0.293348685,-0.007300802,-0.013361805,0.013237194
16.87,2.745473399,-0.707470983,5.041925351,1.635008652,2.4365359,-0.710080158,5.029255539,1.648217961,-0.3089375,-0.002609175,-0.012669812,0.01320931
16.91,2.771775721,-0.704722067,5.042999087,1.623051377,2.440832511,-0.70093873,5.029075956,1.636835674,-0.33094321,0.003783338,-0.013923131,0.013784297
16.94,2.791462175,-0.702744559,5.036746827,1.614844698,2.443064757,-0.694023783,5.028861851,1.628236951,-0.348397419,0.008720776,-0.007884976,0.013392253
16.97,2.811127753,-0.700847565,5.035666789,1.606022198,2.444574222,-0.687043371,5.02858542,1.619697242,-0.366553531,0.013804194,-0.007081369,0.013675044
17.01,2.711653549,-0.519203376,5.022624286,1.594707503,2.445273569,-0.6775835,5.028109473,1.608457619,-0.26637998,-0.158380124,0.005485187,0.013750116
17.04,2.729048392,-0.514363574,5.018629048,1.585979124,2.444832974,-0.67035653,5.027684877,1.599995352,-0.284215418,-0.155992956,0.009055829,0.014016228
17.07,2.746403546,-0.509602945,5.016903125,1.577671624,2.443707593,-0.66301981,5.027215307,1.591469809,-0.302695953,-0.153416864,0.010312182,0.013798185
17.11,2.76948122,-0.503355532,5.015949431,1.565690367,2.440989587,-0.652996675,5.026525407,1.580130142,-0.328491633,-0.149641142,0.010575976,0.014439775
17.14,2.786736474,-0.498743602,5.016575079,1.557579994,2.43808121,-0.645266903,5.0259683,1.571736482,-0.348655263,-0.146523301,0.009393221,0.014156488
17.17,2.803955468,-0.494193728,5.014810782,1.548974994,2.434573389,-0.637370924,5.025384859,1.563369506,-0.369382079,-0.143177196,0.010574077,0.014394512
17.21,2.826844092,-0.488233854,5.01868254,1.536572681,2.428862198,-0.62652258,5.024548231,1.552136884,-0.397981894,-0.138288726,0.00586569,0.015564203
17.24,2.84396474,-0.483853239,5.013415736,1.528115408,2.423853934,-0.618123732,5.023875024,1.543692434,-0.420110807,-0.134270493,0.010459288,0.015577026
17.27,2.86106768,-0.479549739,5.011494823,1.519640408,2.418346248,-0.609517019,5.023169826,1.535293711,-0.442721432,-0.12996728,0.011675003,0.015653302
17.31,2.883833942,-0.473933632,5.007129709,1.50783614,2.41013184,-0.597641356,5.022164747,1.524150054,-0.473702102,-0.123707724,0.015035038,0.016313914
17.34,2.900891372,-0.469820947,5.013803214,1.499257224,2.403353799,-0.588425168,5.021369927,1.51575185,-0.497537573,-0.118604221,0.007566713,0.016494627
17.37,2.917939856,-0.46578236,5.011869965,1.490669724,2.396149977,-0.578974543,5.020549432,1.50732269,-0.521789879,-0.113192183,0.008679467,0.016652966
17.41,2.94065151,-0.460517057,5.016411168,1.479410858,2.385806488,-0.565918571,5.019423353,1.496124322,-0.554845023,-0.105401513,0.003012185,0.016713464
17.44,2.957665393,-0.456650603,5.015570502,1.470360875,2.377530392,-0.555771321,5.018549963,1.487770299,-0.580135001,-0.099120718,0.002979461,0.017409424
17.47,2.974671519,-0.452872338,5.013726005,1.461728375,2.368897713,-0.54536336,5.017655272,1.479402129,-0.605773806,-0.092491022,0.003929267,0.017673753
17.51,2.910552332,-0.371362564,5.011357844,1.450879351,2.356769012,-0.531001016,5.016418277,1.468181386,-0.553783321,-0.159638453,0.005060433,0.017302035
17.54,2.926051996,-0.366462074,5.004896598,1.442492914,2.34723796,-0.519850027,5.015461457,1.459774493,-0.578814036,-0.153387954,0.01056486,0.017281579
17.57,2.941554008,-0.361646051,5.00270999,1.433882914,2.337408801,-0.508414369,5.014485614,1.451400675,-0.604145207,-0.146768319,0.011775624,0.017517761
17.61,2.962224023,-0.355332803,4.999836057,1.423222387,2.323788609,-0.492641664,5.013162238,1.440236259,-0.638435414,-0.137308861,0.013326181,0.017013872
17.64,2.977700916,-0.350679706,4.999490875,1.414045596,2.313219332,-0.480415975,5.012161868,1.431824617,-0.664481584,-0.129736269,0.012670993,0.017779021
17.67,2.99316598,-0.346110036,4.997198314,1.405503096,2.302416015,-0.467895292,5.011160878,1.423409421,-0.690749965,-0.121785256,0.013962564,0.017906325
17.71,3.013783385,-0.340134795,4.994282953,1.394348373,2.287625626,-0.450648507,5.009822768,1.41224055,-0.726157759,-0.110513711,0.015539814,0.017892177
17.74,3.02924384,-0.335750544,5.005024924,1.385009435,2.276273048,-0.437300675,5.00881701,1.403873146,-0.752970792,-0.101550131,0.003792086,0.018863711
17.77,3.044717403,-0.331462323,5.002993241,1.376141935,2.264745378,-0.423656684,5.007812221,1.395478866,-0.779972025,-0.092194362,0.00481898,0.019336931
17.81,3.065370144,-0.325892995,4.99044553,1.364697946,2.249074868,-0.404916905,5.006473152,1.384258744,-0.816295277,-0.07902391,0.016027622,0.019560798
17.84,3.080866902,-0.321821341,4.991400571,1.356342959,2.237113007,-0.390441378,5.005460518,1.375869744,-0.843753895,-0.068620037,0.014059947,0.019526785
17.87,3.096388117,-0.317844769,4.988982224,1.347890459,2.225007715,-0.37565884,5.00443828,1.367500708,-0.871380401,-0.057814071,0.015456057,0.019610249
17.91,3.117104134,-0.312685208,4.984865576,1.336581426,2.208616549,-0.355394166,5.003088432,1.356318565,-0.908487585,-0.042708958,0.018222856,0.019737139
17.94,3.132646736,-0.308931083,4.967302943,1.327929485,2.196147425,-0.339781924,5.002090186,1.347905385,-0.936499311,-0.030850842,0.034787243,0.019975899
17.97,3.148186801,-0.30528343,4.964296715,1.319494485,2.183559786,-0.32386454,5.001102559,1.339501546,-0.964627015,-0.018581109,0.036805844,0.02000706
18.01,2.851186026,-0.067308583,4.960767346,1.309947315,2.166575019,-0.302080468,4.999793999,1.328335737,-0.684611007,-0.234771885,0.039026653,0.018388423
18.04,2.861252806,-0.059850492,4.965647276,1.300998242,2.153696207,-0.285330315,4.998835815,1.319955378,-0.707556598,-0.225479823,0.033188539,0.018957136
18.07,2.871333046,-0.052501879,4.962796102,1.292795742,2.140722055,-0.268285694,4.997903637,1.311551264,-0.730610991,-0.215783814,0.035107535,0.018755523
18.11,2.884770229,-0.042841988,4.960570234,1.28143366,2.12327041,-0.245016321,4.996700486,1.300328051,-0.761499818,-0.202174333,0.036130252,0.01889439
18.14,2.894844836,-0.035696033,4.965722974,1.272985508,2.11010367,-0.227151407,4.995815511,1.291937174,-0.784741166,-0.191455374,0.030092537,0.018951666
18.17,2.904910082,-0.028645788,4.963081452,1.264413008,2.096911271,-0.208991084,4.994942399,1.283569525,-0.807998811,-0.180345296,0.031860948,0.019156517
18.21,2.918311801,-0.01938402,4.962346586,1.252572647,2.079328923,-0.184262576,4.993811662,1.272410165,-0.838982878,-0.164878557,0.031465076,0.019837518
18.24,2.928351943,-0.012547362,4.96038327,1.244633931,2.066179921,-0.165350162,4.992979126,1.264021098,-0.862172021,-0.1528028,0.032595855,0.019387168
18.27,2.938396091,-0.005818662,4.957777259,1.235743931,2.053068846,-0.146174084,4.992157041,1.25563064,-0.885327244,-0.140355422,0.034379782,0.019886709
18.31,2.951804798,0.002978096,4.958916122,1.225344349,2.03565974,-0.120119146,4.991085487,1.244458262,-0.916145058,-0.123097243,0.032169365,0.019113913
18.34,2.961868164,0.009436324,4.945047203,1.217373759,2.022649105,-0.100218615,4.990300974,1.23608156,-0.939219059,-0.109654939,0.045253772,0.018707801
18.37,2.971953137,0.015793114,4.942134131,1.208766259,2.009664533,-0.080063739,4.98953014,1.227694571,-0.962288603,-0.095856853,0.047396009,0.018928312
18.41,2.98540845,0.024108087,4.931254147,1.197384059,1.992391282,-0.052727383,4.98851927,1.216496754,-0.993017168,-0.07683547,0.057265123,0.019112695
18.44,2.995501046,0.030214835,4.941531974,1.189222093,1.979463981,-0.031874147,4.987786838,1.208111671,-1.016037065,-0.062088982,0.046254864,0.018889579
18.47,3.005596956,0.036223349,4.9387489,1.180459593,1.966555474,-0.010768831,4.987077158,1.199739718,-1.039041482,-0.04699218,0.048328258,0.019280126
18.51,2.613477021,0.068694497,4.947270329,1.169594901,1.949374055,0.01781585,4.986180401,1.188567294,-0.664102966,-0.050878647,0.038910072,0.018972393
18.54,2.616618852,0.074875434,4.93869238,1.160838103,1.936509663,0.03957674,4.985532762,1.180170818,-0.680109189,-0.035298694,0.046840382,0.019332716
18.57,2.619762739,0.080952272,4.936031749,1.152533103,1.923663423,0.061571711,4.984903482,1.171774737,-0.696099316,-0.019380561,0.048871733,0.019241634
18.61,2.623952002,0.088886779,4.931795797,1.14080211,1.906585388,0.091324205,4.984090103,1.160586968,-0.717366614,0.002437426,0.052294306,0.019784858
18.64,2.627091082,0.094731481,4.929022656,1.13310493,1.893859445,0.113945863,4.983492072,1.152203072,-0.733231637,0.019214382,0.054469416,0.019098142
18.67,2.630210211,0.100478427,4.9262738,1.12442493,1.88124019,0.136777381,4.98292124,1.143819982,-0.748970022,0.036298954,0.05664744,0.019395052
18.71,2.634377338,0.10799658,4.931721092,1.113102406,1.864695975,0.167565512,4.98223935,1.132627783,-0.769681363,0.059568932,0.050518258,0.019525377
18.74,2.637517805,0.1135173,4.937619616,1.104865733,1.852537894,0.190878619,4.981783246,1.124215709,-0.784979911,0.077361319,0.04416363,0.019349977
18.77,2.640664656,0.118923524,4.935378571,1.096050733,1.840564447,0.214338983,4.981365506,1.115807556,-0.80010021,0.095415459,0.045986935,0.019756823
18.81,2.644879545,0.125952684,4.940682033,1.085292622,1.824920973,0.245895541,4.98086411,1.104611634,-0.819958572,0.119942857,0.040182077,0.019319011
18.84,2.648032019,0.131096732,4.942194661,1.076849766,1.813403839,0.269782821,4.980511901,1.096218865,-0.83462818,0.138686089,0.038317239,0.019369099
18.87,2.65119768,0.136123635,4.940220876,1.068249766,1.802022115,0.29383065,4.980169673,1.087831544,-0.849175566,0.157707015,0.039948797,0.019581778
18.91,2.655423392,0.142660804,4.942254937,1.057575625,1.787057259,0.326180376,4.979732368,1.076648357,-0.868366132,0.183519572,0.037477431,0.019072732
18.94,2.658603715,0.147429658,4.950359559,1.048882304,1.775971531,0.350658639,4.97941275,1.068255313,-0.882632184,0.203228981,0.029053191,0.019373009
18.97,2.661778227,0.152072753,4.948707528,1.040394804,1.764979998,0.375299312,4.979100238,1.05986808,-0.896798229,0.223226559,0.03039271,0.019473276
19.01,2.378062043,0.394386658,4.967262071,1.030882499,1.75048477,0.408447207,4.978691696,1.048704153,-0.627577274,0.014060549,0.011429625,0.017821654
19.04,2.376262748,0.402823699,4.961817446,1.023517395,1.739718694,0.433512627,4.978388122,1.040326291,-0.636544054,0.030688928,0.016570676,0.016808896
19.07,2.374453979,0.411140698,4.960496335,1.014799895,1.729022508,0.458719573,4.978079256,1.031938129,-0.64543147,0.047578875,0.017582921,0.017138234
19.11,2.372030444,0.422031878,4.964698099,1.003147693,1.71489283,0.49259113,4.977651389,1.02075131,-0.657137614,0.070559253,0.01295329,0.017603617
19.14,2.370219679,0.430075342,4.957394672,0.993955914,1.704410887,0.518190761,4.977319465,1.012374967,-0.665808792,0.088115419,0.019924793,0.018419053
19.17,2.368398835,0.438026149,4.955891844,0.985305914,1.694025264,0.543920494,4.97698389,1.004007035,-0.67437357,0.105894345,0.021092046,0.018701121
19.21,2.365924262,0.448454618,4.950017959,0.974112054,1.680372941,0.578429255,4.976543436,0.992841879,-0.685551321,0.129974637,0.026525477,0.018729825
19.24,2.364053139,0.45614049,4.94948264,0.965594533,1.670290689,0.604442539,4.976224889,0.984460688,-0.69376245,0.148302049,0.026742248,0.018866155
19.27,2.362181939,0.46371526,4.947791527,0.957262033,1.660325728,0.63054899,4.975923876,0.97608053,-0.701856211,0.166833729,0.028132349,0.018818497
19.31,2.359683204,0.473635053,4.94724897,0.94587987,1.647246662,0.665525855,4.975559641,0.964908256,-0.712436541,0.191890802,0.028310671,0.019028387
19.34,2.357800923,0.480952484,4.934166402,0.937391958,1.637576242,0.69187613,4.97531747,0.956526738,-0.720224681,0.210923646,0.041151068,0.01913478
19.37,2.355916421,0.488142941,4.932105724,0.928564458,1.62799591,0.718307401,4.975094866,0.948140606,-0.727920511,0.23016446,0.042989142,0.019576148
19.41,2.353403604,0.497534398,4.939956888,0.916801729,1.61537738,0.753700224,4.974829793,0.936958197,-0.738026224,0.256165826,0.034872905,0.020156468
19.44,2.351517851,0.504443011,4.923364156,0.909199727,1.606023881,0.780359942,4.974663373,0.928580693,-0.745493971,0.275916931,0.051299217,0.019380965
19.47,2.349615976,0.511241988,4.921081893,0.900714727,1.596743581,0.80709765,4.974521515,0.920207192,-0.752872395,0.295855663,0.053439621,0.019492465
19.51,2.075231593,0.83653779,4.935708929,0.889991306,1.584489247,0.842874837,4.974356428,0.909033225,-0.490742346,0.006337047,0.0386475,0.019041919
19.54,2.068578923,0.848538026,4.937265265,0.8814458,1.575382387,0.869797469,4.974258499,0.900647362,-0.493196537,0.021259442,0.036993234,0.019201563
19.57,2.061914325,0.860411169,4.935548703,0.8728233,1.566336088,0.89678546,4.974186327,0.892264058,-0.495578236,0.036374291,0.038637624,0.019440759
19.61,2.052997993,0.876052506,4.935921841,0.862064319,1.554383265,0.93288126,4.974116023,0.88108879,-0.498614728,0.056828754,0.038194182,0.019024471
19.64,2.046296295,0.887645029,4.934772519,0.854662713,1.545504379,0.960023312,4.974073752,0.872702509,-0.500791916,0.072378283,0.039301233,0.018039796
19.67,2.039578297,0.899117291,4.933059781,0.846242713,1.53669713,0.987207535,4.974041759,0.864309078,-0.502881167,0.088090244,0.040981978,0.018066365
19.71,2.030598415,0.914242175,4.932712375,0.835163007,1.525105056,1.023514526,4.974030344,0.853117181,-0.505493359,0.109272352,0.041317969,0.017954174
19.74,2.023849286,0.925444595,4.930516426,0.826791115,1.516528333,1.050773649,4.974049524,0.844721724,-0.507320954,0.125329054,0.043533099,0.017930609
19.77,2.017073389,0.936524665,4.928772683,0.818468615,1.508032688,1.078044081,4.974091815,0.836323813,-0.509040701,0.141519416,0.045319132,0.017855198
19.81,2.008028048,0.951114765,4.928598006,0.80770765,1.496847148,1.114421698,4.974189142,0.82512864,-0.5111809,0.163306934,0.045591135,0.01742099
19.84,2.001225862,0.961916972,4.932969297,0.800449069,1.488560801,1.141721845,4.974295712,0.816738078,-0.512665061,0.179804873,0.041326415,0.016289009
19.87,1.994410663,0.972595731,4.931385111,0.791696569,1.480343625,1.169034074,4.974423732,0.808351865,-0.514067038,0.196438344,0.043038621,0.016655295
19.91,1.985302226,0.986629839,4.918121325,0.780989597,1.469497631,1.20546378,4.974634494,0.797169973,-0.515804595,0.218833941,0.056513169,0.016180375
19.94,1.9784516,0.997007092,4.92163253,0.772194047,1.461436154,1.232791769,4.974814087,0.788778978,-0.517015447,0.235784677,0.053181557,0.016584931
19.97,1.971593168,1.007259998,4.919783811,0.763784047,1.453426898,1.260125503,4.975012757,0.780388774,-0.51816627,0.252865505,0.055228945,0.016604727
20.01,1.82887985,1.290504046,4.925825,0.752283963,1.442840972,1.296581181,4.975331646,0.769211277,-0.386038878,0.006077135,0.049506645,0.016927314
20.04,1.81968845,1.305162271,4.928377497,0.745073408,1.434961252,1.323922919,4.975614564,0.760828258,-0.384727197,0.018760649,0.047237067,0.01575485
20.07,1.810484095,1.319700854,4.926830287,0.736605908,1.427118419,1.351259348,4.975924974,0.752439971,-0.383365676,0.031558494,0.049094687,0.015834062
20.11,1.798182458,1.338908195,4.923624744,0.725388553,1.41672867,1.387698562,4.976381073,0.741251788,-0.381453788,0.048790366,0.052756328,0.015863236
20.14,1.788923709,1.353179427,4.924503879,0.716843156,1.408991149,1.415022814,4.976749527,0.732867271,-0.37993256,0.061843387,0.052245648,0.016024115
20.17,1.77965788,1.367326568,4.922895721,0.708460656,1.401292445,1.442339245,4.977133741,0.724487581,-0.378365435,0.075012677,0.05423802,0.016026925
20.21,1.767279909,1.38602323,4.926127598,0.697153561,1.391090401,1.478732612,4.97768391,0.713309853,-0.376189508,0.092709382,0.051556312,0.016156292
20.24,1.757969751,1.399911361,4.921197101,0.689065631,1.383483468,1.506000204,4.978123007,0.704921099,-0.374486283,0.106088843,0.056925906,0.015855468
20.27,1.748639666,1.413701937,4.919593956,0.680555631,1.375911077,1.533248979,4.978582022,0.696533772,-0.372728589,0.119547042,0.058988066,0.015978141
20.31,1.736189408,1.431937302,4.914642776,0.669375714,1.365876309,1.569545987,4.979220066,0.685357073,-0.370313099,0.137608686,0.06457729,0.015981359
20.34,1.726835312,1.445486224,4.921425985,0.661475204,1.35838674,1.596736902,4.979722752,0.676972307,-0.368448573,0.151250677,0.058296767,0.015497104
20.37,1.717464227,1.458929273,4.919911423,0.652970204,1.350918224,1.623901946,4.980244841,0.668582073,-0.366546004,0.164972673,0.060333419,0.01561187
20.41,1.704944862,1.476673408,4.921117371,0.642630247,1.340999683,1.660078248,4.980985077,0.657394179,-0.363945179,0.18340484,0.059867706,0.014763932
20.44,1.69553559,1.489842263,4.923448725,0.633737862,1.333591097,1.687180449,4.981565184,0.649009706,-0.361944493,0.197338187,0.058116459,0.015271844
20.47,1.686114619,1.50290312,4.922057803,0.625210362,1.326199948,1.714258442,4.982159035,0.64062697,-0.359914671,0.211355322,0.060101232,0.015416608
20.51,1.667427769,1.660901032,4.913830982,0.614577562,1.316366239,1.750311661,4.982975211,0.629441974,-0.35106153,0.089410628,0.069144229,0.014864412
20.54,1.657848978,1.6761507,4.919076384,0.606841407,1.309005601,1.777314089,4.983601676,0.621049679,-0.348843377,0.101163389,0.064525292,0.014208272
20.57,1.648247521,1.691281926,4.917574876,0.598271407,1.301657956,1.80429189,4.984242309,0.612661281,-0.346589565,0.113009963,0.066667433,0.014389875
20.61,1.635433201,1.711266805,4.919051137,0.587282047,1.291880211,1.840215886,4.985138487,0.601485626,-0.343552991,0.12894908,0.06608735,0.014203579
20.64,1.625797145,1.726115501,4.916537324,0.578772054,1.284549271,1.867119005,4.98584456,0.593098639,-0.341247874,0.141003503,0.069307236,0.014326585
20.67,1.616130036,1.740856551,4.915038,0.570089554,1.27721535,1.893992788,4.986568427,0.584705456,-0.338914686,0.153136237,0.071530427,0.014615901
20.71,1.603206378,1.76035288,4.925238679,0.558080953,1.267434652,1.929778435,4.987563697,0.573517042,-0.335771726,0.169425555,0.062325018,0.015436089
20.74,1.593498772,1.774849632,4.920102406,0.550465483,1.2600981,1.956587224,4.988329037,0.565135152,-0.333400672,0.181737592,0.068226631,0.014669669
20.77,1.583786067,1.789231634,4.918727878,0.541872983,1.252755239,1.983371807,4.989107242,0.556753764,-0.331030827,0.194140174,0.070379364,0.014880781
20.81,1.570824354,1.808243264,4.926751898,0.531180857,1.242943676,2.019035608,4.990152249,0.545566081,-0.327880678,0.210792344,0.063400351,0.014385224
20.84,1.561072249,1.822368456,4.931320585,0.522965104,1.235571142,2.045748791,4.990942473,0.537172625,-0.325501107,0.223380335,0.059621888,0.014207521
20.87,1.551285056,1.836376046,4.930274835,0.514642604,1.22819204,2.072439307,4.991738658,0.528785471,-0.323093016,0.236063261,0.061463824,0.014142867
20.91,1.538196212,1.854875037,4.927285442,0.50419586,1.218336991,2.107983192,4.992803049,0.517609702,-0.319859221,0.253108156,0.065517607,0.013413842
20.94,1.528355838,1.868631098,4.919855076,0.496044322,1.210925088,2.134604285,4.993599323,0.50921978,-0.31743075,0.265973187,0.073744247,0.013175458
20.97,1.518497867,1.882289143,4.918427486,0.487664322,1.203497589,2.161198798,4.994392557,0.500823977,-0.315000278,0.278909655,0.075965072,0.013159655
21.01,1.435615267,2.135730065,4.926200633,0.475984151,1.193573653,2.196615016,4.995464204,0.489636619,-0.242041614,0.06088495,0.069263572,0.013652468
21.04,1.424523962,2.153220027,4.926865965,0.466980617,1.186115529,2.223146092,4.996286411,0.481253686,-0.238408434,0.069926065,0.069420445,0.014273069
21.07,1.413417934,2.170612876,4.925645617,0.458463117,1.178641135,2.249652538,4.997127243,0.472867224,-0.234776799,0.079039662,0.071481627,0.014404106
21.11,1.398562165,2.193668431,4.922016248,0.447721401,1.16864195,2.284948707,4.998272031,0.461672526,-0.229920214,0.091280276,0.076255783,0.013951125
21.14,1.3873879,2.210842618,4.934250788,0.439843345,1.161124334,2.311390815,4.999147468,0.453278751,-0.226263566,0.100548197,0.06489668,0.013435406
21.17,1.376184285,2.227909225,4.933254325,0.431223345,1.153597065,2.337813225,5.000033639,0.444892685,-0.22258722,0.109904,0.066779313,0.01366934
21.21,1.361225981,2.25051649,4.944104568,0.418951189,1.143537424,2.373004782,5.00124475,0.433713254,-0.217688557,0.122488292,0.057140182,0.014762066
21.24,1.350016154,2.267372444,4.950737698,0.410377707,1.135970217,2.399367839,5.002164345,0.42531913,-0.214045937,0.131995395,0.051426647,0.014941423
21.27,1.338795977,2.284126519,4.950208852,0.401555207,1.128389615,2.425710458,5.003083549,0.416921818,-0.210406363,0.141583939,0.052874697,0.015366611
21.31,1.323816638,2.306319047,4.951491515,0.390167911,1.118267716,2.460802075,5.00429898,0.405735768,-0.205548922,0.154483028,0.052807465,0.015567857
21.34,1.312560862,2.322845177,4.956947767,0.380514219,1.11066514,2.487097811,5.005192047,0.397351504,-0.201895722,0.164252634,0.048244279,0.016837285
21.37,1.301293005,2.339295516,4.956454967,0.371784219,1.103050118,2.513375797,5.006071955,0.388961414,-0.198242887,0.174080281,0.049616988,0.017177194
21.41,1.286262413,2.361077316,4.967058777,0.361011202,1.092875545,2.548382884,5.007226561,0.37776334,-0.193386868,0.187305568,0.040167784,0.016752138
21.44,1.274972967,2.377297291,4.969804428,0.351981594,1.085238009,2.574620772,5.008079403,0.369370476,-0.189734958,0.197323481,0.038274975,0.017388881
21.47,1.263681431,2.393426159,4.969553699,0.343136594,1.077598485,2.60084799,5.008915767,0.360984895,-0.186082946,0.207421831,0.039362068,0.0178483
21.51,1.172255519,2.653759047,4.977310473,0.331499466,1.067402441,2.635797248,5.00999503,0.349801196,-0.104853078,-0.017961799,0.032684557,0.018301729
21.54,1.159608917,2.673794079,4.973261773,0.323204866,1.059745867,2.661994642,5.010771065,0.341402756,-0.09986305,-0.011799436,0.037509292,0.018197889
21.57,1.14695018,2.693736667,4.972910306,0.314849866,1.052087908,2.688184468,5.011523856,0.333004149,-0.094862272,-0.005552199,0.03861355,0.018154283
21.61,1.130029213,2.720185157,4.979099647,0.304161327,1.041885948,2.723095778,5.012486809,0.32181869,-0.088143265,0.002910621,0.033387162,0.017657363
21.64,1.117319181,2.739906362,4.973801209,0.2966871,1.034241706,2.74927378,5.013186584,0.313431631,-0.083077475,0.009367418,0.039385375,0.016744531
21.67,1.104598833,2.759542017,4.973273421,0.2880896,1.026601775,2.775447483,5.01387288,0.30503761,-0.077997058,0.015905466,0.040599458,0.01694801
21.71,1.087604063,2.785582959,4.97825399,0.276886495,1.016432359,2.810340513,5.014756273,0.293838992,-0.071171704,0.024757554,0.036502284,0.016952496
21.74,1.074842448,2.805011151,4.986148814,0.268360006,1.008829901,2.836509925,5.015400282,0.285448276,-0.066012546,0.031498775,0.029251469,0.017088271
21.77,1.062082499,2.824354462,4.985864617,0.259802506,1.001248063,2.86267997,5.016032021,0.277062256,-0.060834436,0.038325508,0.030167404,0.017259751
21.81,1.045063273,2.850006351,4.983425923,0.249112898,0.991174711,2.897574335,5.016852014,0.265872808,-0.053888562,0.047567984,0.033426091,0.016759909
21.84,1.032267619,2.869141773,4.976844053,0.239829519,0.983651711,2.923747788,5.017440317,0.257473065,-0.048615908,0.054606014,0.040596264,0.017643546
21.87,1.019454783,2.888189003,4.9760985,0.230992019,0.976160538,2.949925916,5.018009372,0.249076911,-0.043294246,0.061736913,0.041910872,0.018084891
21.91,1.002362388,2.913469733,4.975293366,0.219966956,0.966240909,2.984842103,5.018738781,0.237894944,-0.03612148,0.07137237,0.043445415,0.017927988
21.94,0.989524854,2.932345303,4.983002131,0.211556643,0.958852752,3.011038982,5.019276667,0.229505204,-0.030672102,0.078693679,0.036274535,0.01794856
21.97,0.976684633,2.951130267,4.982333176,0.203019143,0.951503747,3.037243768,5.019810796,0.221107571,-0.025180885,0.0861135,0.03747762,0.018088428
22.01,1.067068097,3.099812163,4.994583727,0.191183199,0.941792284,3.072202268,5.020522016,0.20991042,-0.125275813,-0.027609895,0.025938289,0.018727221
22.04,1.056068359,3.120506372,4.997695474,0.183459137,0.934586691,3.098438386,5.021046709,0.201522507,-0.121481668,-0.022067986,0.023351235,0.01806337
22.07,1.045069879,3.141115329,4.997358828,0.174674137,0.92743989,3.124687588,5.021559626,0.19313436,-0.117629989,-0.016427741,0.024200798,0.018460222
22.11,1.03039549,3.168482408,5.011467254,0.163002029,0.918019284,3.159706609,5.02220527,0.181940066,-0.112376206,-0.008775799,0.010738016,0.018938038
22.14,1.019364412,3.188917516,5.008839236,0.153446591,0.91104401,3.185973113,5.022650106,0.173540549,-0.108320401,-0.002944403,0.013810871,0.020093958
22.17,1.008306443,3.209275268,5.008625422,0.144931591,0.904144044,3.212226011,5.023064232,0.165145048,-0.104162399,0.002950743,0.01443881,0.020213457
22.21,0.993535459,3.236309552,5.009775223,0.133651742,0.895095961,3.247164907,5.023545573,0.153962196,-0.098439498,0.010855355,0.01377035,0.020310454
22.24,0.98243393,3.256495017,4.998411654,0.124467028,0.88843228,3.273278916,5.023859665,0.145579542,-0.09400165,0.016783899,0.025448011,0.021112515
22.27,0.971315623,3.276600001,4.997629948,0.116057028,0.881865248,3.299299513,5.02414634,0.137201726,-0.089450375,0.022699512,0.026516392,0.021144698
22.31,0.956453209,3.303299635,4.994321979,0.104645478,0.873306281,3.333772712,5.024489285,0.126035309,-0.083146928,0.030473076,0.030167306,0.021389831
22.34,0.945293219,3.323254645,4.990037868,0.097700029,0.867049081,3.359419438,5.024734903,0.11765909,-0.078244138,0.036164793,0.034697035,0.019959061
22.37,0.934120966,3.343155962,4.988924805,0.089137529,0.860914704,3.384888318,5.02498454,0.109284409,-0.073206262,0.041732356,0.036059735,0.02014688
22.41,0.919189932,3.369593942,4.993632261,0.078730727,0.852970321,3.418475752,5.025337679,0.098134203,-0.066219612,0.04888181,0.031705418,0.019403476
22.44,0.907981145,3.389357025,4.989874901,0.071108147,0.847202075,3.443351567,5.025628649,0.089772828,-0.06077907,0.053994542,0.035753748,0.01866468
22.47,0.896752795,3.409057782,4.988791463,0.062515647,0.841580509,3.467976621,5.025942095,0.081401193,-0.055172286,0.058918839,0.037150632,0.018885546
22.51,0.993479808,3.546215637,4.98967452,0.05219004,0.834360723,3.500313107,5.026399207,0.070238548,-0.159119086,-0.045902529,0.036724687,0.018048508
22.54,0.984126555,3.567676194,4.99874507,0.043626251,0.829157554,3.524162581,5.026773072,0.061885412,-0.154969001,-0.043513613,0.028028002,0.01825916
22.57,0.97475503,3.589070861,4.997982733,0.034906251,0.824115231,3.547701372,5.027175696,0.053539776,-0.150639799,-0.04136949,0.029192963,0.018633525
22.61,0.96221181,3.617509587,4.993674816,0.023146949,0.817700448,3.578482525,5.027769521,0.042384361,-0.144511361,-0.039027062,0.034094705,0.019237412
22.64,0.952795892,3.638777376,4.997991883,0.014729023,0.813123536,3.601073685,5.028241188,0.034009945,-0.139672356,-0.037703691,0.030249305,0.019280923
22.67,0.943380275,3.659997442,4.997292199,0.006321523,0.808716059,3.62327071,5.028728962,0.025658206,-0.134664216,-0.036726732,0.031436762,0.019336683
22.71,0.930810673,3.688225459,5.006688966,-0.004460211,0.803156809,3.652077006,5.029410723,0.01455818,-0.127653864,-0.036148454,0.022721757,0.019018391
22.74,0.921358846,3.709356271,5.010283268,-0.0132062,0.799236116,3.673035452,5.029942362,0.006203305,-0.122122731,-0.036320819,0.019659095,0.019409505
22.77,0.911881347,3.730452631,5.010005084,-0.0215337,0.79549888,3.693494866,5.030481785,-0.002185172,-0.116382468,-0.036957764,0.020476701,0.019348527
22.81,0.899212282,3.758517485,5.020943056,-0.031853643,0.790846169,3.719818592,5.031202102,-0.013346347,-0.108366112,-0.038698893,0.010259046,0.018507296
22.84,0.889703568,3.779524497,5.027247578,-0.038200534,0.787603098,3.738818677,5.031731005,-0.021667807,-0.10210047,-0.04070582,0.004483427,0.016532727
22.87,0.880184024,3.800496143,5.027429264,-0.046753034,0.784544117,3.757266592,5.032247012,-0.029996409,-0.095639907,-0.043229551,0.004817749,0.016756625
22.91,0.867466787,3.828404848,5.02464797,-0.058339449,0.780809129,3.780838055,5.03288903,-0.041171212,-0.086657658,-0.047566793,0.00824106,0.017168237
22.94,0.857910953,3.849293252,5.020181167,-0.065851199,0.778262077,3.797739319,5.033323708,-0.04955557,-0.079648876,-0.051553933,0.013142541,0.016295629
22.97,0.84831823,3.870142468,5.01998463,-0.074776199,0.775897404,3.814069951,5.033750305,-0.057905328,-0.072420826,-0.056072517,0.013765674,0.016870871
23.01,0.870230581,4.034784592,5.01413984,-0.086057037,0.773080403,3.834751761,5.034356206,-0.06904316,-0.097150178,-0.20003283,0.020216366,0.017013876
23.04,0.861185319,4.058003118,5.006280682,-0.09331263,0.771210906,3.849309007,5.034798224,-0.077466924,-0.089974413,-0.208694111,0.028517542,0.015845706
23.07,0.852126533,4.081257325,5.005667901,-0.10190013,0.769502195,3.863023714,5.035226683,-0.085913219,-0.082624338,-0.218233612,0.029558783,0.01598691
23.11,0.840008645,4.112330341,5.002371941,-0.112901965,0.76747749,3.879449668,5.035715299,-0.097077026,-0.072531155,-0.232880673,0.033343358,0.015824939
23.14,0.830904446,4.135666969,5.00270598,-0.120820854,0.76611853,3.890122782,5.035947235,-0.10542266,-0.064785916,-0.245544187,0.033241255,0.015398194
23.17,0.821779698,4.159031708,5.001904472,-0.129475854,0.764858654,3.899468833,5.036034297,-0.113858848,-0.056921044,-0.259562874,0.034129826,0.015617007
23.21,0.809597295,4.190230035,4.988318342,-0.138697639,0.763324117,3.909326261,5.035822179,-0.125273687,-0.046273178,-0.280903775,0.047503838,0.013423952
23.24,0.800462063,4.213665492,4.988699833,-0.146181073,0.762248951,3.914665428,5.035389838,-0.133740696,-0.038213112,-0.299000064,0.046690005,0.012440378
23.27,0.79129855,4.237132354,4.98725303,-0.154568573,0.761212983,3.918468641,5.03474865,-0.142102702,-0.030085566,-0.318663713,0.04749562,0.012465871
23.31,0.779026535,4.268449104,4.985865203,-0.164319458,0.7598862,3.92067561,5.033498032,-0.153364011,-0.019140335,-0.347773494,0.04763283,0.010955447
23.34,0.769804165,4.291973317,4.978596517,-0.1722263,0.758914178,3.920168043,5.032243635,-0.161994537,-0.010889987,-0.371805274,0.053647118,0.010231764
23.37,0.760579756,4.315525522,4.976582132,-0.1810938,0.757943185,3.918094732,5.030750363,-0.170614562,-0.002636571,-0.397430789,0.054168231,0.010479239
23.41,0.748270205,4.3469823,4.972018535,-0.191673551,0.756627009,3.912505476,5.028305651,-0.181881835,0.008356804,-0.434476823,0.056287117,0.009791716
23.44,0.739028471,4.370633157,4.960898567,-0.199714524,0.755616652,3.906251948,5.026145678,-0.190311962,0.016588181,-0.464381209,0.065247111,0.009402562
23.47,0.729766235,4.394327691,4.958083538,-0.208144524,0.754588545,3.898547172,5.023764224,-0.198856651,0.02482231,-0.495780519,0.065680686,0.009287873
23.51,0.765558909,4.376974771,4.968398267,-0.218339774,0.753177315,3.885722545,5.020214104,-0.210321989,-0.012381594,-0.491252226,0.051815838,0.008017785
23.54,0.757088162,4.399955437,4.974064942,-0.225812976,0.752081642,3.874291796,5.017315351,-0.218769581,-0.005006521,-0.525663641,0.043250409,0.007043395
23.57,0.748608756,4.423011668,4.971510019,-0.234300476,0.750960937,3.861611691,5.014267763,-0.227158331,0.002352181,-0.561399977,0.042757743,0.007142145
23.61,0.737272759,4.453874256,4.974365244,-0.244930169,0.749431634,3.842547416,5.009946154,-0.238509258,0.012158876,-0.61132684,0.03558091,0.006420912
23.64,0.728745208,4.477131308,4.99252852,-0.25302815,0.748258945,3.826747338,5.006533441,-0.247088485,0.019513737,-0.65038397,0.014004921,0.005939665
23.67,0.72020763,4.50047584,4.990498803,-0.26155065,0.747063853,3.809928258,5.003022339,-0.255554957,0.026856222,-0.690547583,0.012523536,0.005995693
23.71,0.708823503,4.531734809,4.983942712,-0.271898233,0.745435463,3.785762529,4.998214294,-0.266646811,0.03661196,-0.745972281,0.014271582,0.005251422
23.74,0.700253773,4.555293764,4.99543957,-0.279667228,0.744204079,3.7664382,4.994536612,-0.275044935,0.043950306,-0.788855565,-0.000902958,0.004622292
23.77,0.691654303,4.578958684,4.993564146,-0.288074728,0.742971667,3.746305899,4.990820267,-0.283531316,0.051317364,-0.832652785,-0.002743879,0.004543412
23.81,0.6801642,4.610698048,4.991393562,-0.298347824,0.741323192,3.718093092,4.98586383,-0.294778096,0.061158992,-0.892604956,-0.005529732,0.003569728
23.84,0.671521321,4.634639641,4.983290713,-0.305851554,0.740084526,3.695999017,4.982164995,-0.303103334,0.068563205,-0.938640623,-0.001125718,0.00274822
23.87,0.662861262,4.658688293,4.981227153,-0.314019054,0.738852688,3.673278592,4.97849158,-0.311444628,0.075991426,-0.985409701,-0.002735573,0.002574426
23.91,0.651303907,4.690932092,4.972681529,-0.325747619,0.737235007,3.641927776,4.973665725,-0.322688456,0.0859311,-1.049004316,0.000984196,0.003059163
23.94,0.642621078,4.715247858,4.983807088,-0.333843026,0.736037606,3.617698615,4.97012818,-0.331105013,0.093416528,-1.097549243,-0.013678908,0.002738013
23.97,0.633910578,4.739693243,4.982092155,-0.342003026,0.734849184,3.592994697,4.966661698,-0.339454832,0.100938606,-1.146698547,-0.015430457,0.002548194
24.01,0.729476975,4.327205643,4.965371925,-0.353138657,0.73329111,3.559258967,4.962183248,-0.350565762,0.003814135,-0.767946676,-0.003188677,0.002572895
24.04,0.722593159,4.344281338,4.960376806,-0.36069209,0.732152072,3.533417028,4.958927894,-0.358962326,0.009558913,-0.81086431,-0.001448912,0.001729764
24.07,0.715695532,4.361502965,4.958272234,-0.36914709,0.731032852,3.507218326,4.955748471,-0.36738084,0.01533732,-0.854284639,-0.002523763,0.00176625
24.11,0.70647563,4.38468777,4.953393882,-0.379513114,0.729561979,3.471696583,4.951681989,-0.378585781,0.023086349,-0.912991187,-0.001711893,0.000927334
24.14,0.699542836,4.402243138,4.951663473,-0.386849847,0.728462261,3.444665421,4.948775456,-0.386953067,0.028919425,-0.957577717,-0.002888016,-0.00010322
24.17,0.692591888,4.419947176,4.949742119,-0.395209847,0.7273605,3.417381324,4.945974688,-0.395308519,0.034768613,-1.002565852,-0.003767431,-9.8672e-05
24.21,0.683310245,4.443790126,4.95081754,-0.406483696,0.7258837,3.380588631,4.942414921,-0.406435435,0.042573455,-1.063201496,-0.008402619,4.8261e-05
24.24,0.676322472,4.461861321,4.946849328,-0.414690753,0.724768947,3.352719075,4.939870308,-0.414787205,0.048446475,-1.109142246,-0.00697902,-9.6453e-05
24.27,0.669324017,4.48010424,4.945159423,-0.423018253,0.723647115,3.324668583,4.937414067,-0.423150858,0.054323098,-1.155435656,-0.007745356,-0.000132606
24.31,0.659981223,4.504660537,4.936855146,-0.434874062,0.722128788,3.286968124,4.934289571,-0.434309766,0.062147566,-1.217692412,-0.002565574,0.000564297
24.34,0.652966287,4.523266232,4.938622257,-0.443829397,0.72096342,3.258492284,4.932057759,-0.442670944,0.067997134,-1.264773948,-0.006564498,0.001158453
24.37,0.645937681,4.542042755,4.937002192,-0.452454397,0.719774605,3.22988361,4.929908434,-0.45103077,0.073836923,-1.312159145,-0.007093758,0.001423628
24.41,0.636565122,4.567338927,4.942853398,-0.463607726,0.718141219,3.191515837,4.927199805,-0.462192628,0.081576097,-1.37582309,-0.015653593,0.001415098
24.44,0.629541245,4.586518933,4.941678967,-0.471749683,0.716871869,3.162591106,4.925282262,-0.470572389,0.087330624,-1.423927827,-0.016396705,0.001177294
24.47,0.622509096,4.605867495,4.940450256,-0.480564683,0.715563382,3.1335699,4.923442216,-0.478948496,0.093054286,-1.472297595,-0.01700804,0.001616187
24.51,0.664852773,4.124637214,4.935304418,-0.492079777,0.71373774,3.094716996,4.921108631,-0.490108572,0.048884967,-1.029920218,-0.014195787,0.001971205
24.54,0.658702879,4.135644095,4.936637342,-0.500515201,0.712303164,3.065471989,4.919441895,-0.49848363,0.053600285,-1.070172106,-0.017195447,0.00203157
24.57,0.652548348,4.146820083,4.935465943,-0.509020201,0.710817699,3.036158437,4.917838147,-0.506866135,0.058269351,-1.110661646,-0.017627796,0.002154066
24.61,0.644336013,4.161961547,4.9358338,-0.520990745,0.708728762,2.99696575,4.915830409,-0.518065588,0.064392749,-1.164995797,-0.020003391,0.002925158
24.64,0.638177222,4.173513418,4.937293167,-0.528494006,0.707057337,2.967507611,4.914427276,-0.526456016,0.068880115,-1.206005807,-0.022865891,0.00203799
24.67,0.632014581,4.185226057,4.936393505,-0.537046506,0.705295203,2.938011591,4.913092927,-0.534826747,0.073280622,-1.247214466,-0.023300579,0.002219758
24.71,0.623817638,4.201107998,4.925904329,-0.547354581,0.702768268,2.898618243,4.911426176,-0.545970438,0.07895063,-1.302489756,-0.014478153,0.001384142
24.74,0.617677365,4.213220764,4.927513752,-0.555057412,0.700738763,2.869024487,4.910254477,-0.554352424,0.083061398,-1.344196278,-0.017259275,0.000704988
24.77,0.611523968,4.225523325,4.926489843,-0.563652412,0.698606682,2.839399899,4.909135746,-0.562753885,0.087082714,-1.386123426,-0.017354097,0.000898526
24.81,0.603310006,4.242196228,4.932813071,-0.574943942,0.695556413,2.799861714,4.907759003,-0.57394194,0.092246407,-1.442334514,-0.025054068,0.001002002
24.84,0.59715451,4.254888434,4.932207449,-0.583574915,0.693104454,2.77019113,4.90680881,-0.582310078,0.095949944,-1.484697304,-0.025398639,0.001264837
24.87,0.590999665,4.267747521,4.93148145,-0.592134915,0.690535056,2.740511352,4.905914979,-0.590684318,0.099535391,-1.527236168,-0.025566471,0.001450597
24.91,0.582810118,4.285175094,4.946222432,-0.60306553,0.686894365,2.70092916,4.904796664,-0.601884007,0.104084247,-1.584245934,-0.041425768,0.001181523
24.94,0.576690501,4.298451256,4.942423217,-0.611649891,0.683991564,2.671249105,4.904006896,-0.610282831,0.107301063,-1.627202151,-0.038416321,0.00136706
24.97,0.570577491,4.311904021,4.942017916,-0.620119891,0.680956124,2.641582419,4.903247806,-0.618663441,0.110378633,-1.670321602,-0.03877011,0.001456451
25.01,0.679671404,3.632547477,4.930765207,-0.632932892,0.676666809,2.602056846,4.902276587,-0.629827953,-0.003004595,-1.030490631,-0.02848862,0.003104938
25.04,0.67560272,3.634421295,4.926703478,-0.641430242,0.673271956,2.572437513,4.901577055,-0.638224505,-0.002330764,-1.061983782,-0.025126423,0.003205737
25.07,0.671546121,3.636451279,4.925809106,-0.650000242,0.669743628,2.542842302,4.900904199,-0.646633236,-0.001802494,-1.093608976,-0.024904907,0.003367006
25.11,0.666134446,3.639412933,4.921493285,-0.661543618,0.664772922,2.503444097,4.900094133,-0.657846231,-0.001361524,-1.135968836,-0.021399152,0.003697387
25.14,0.662089855,3.641833812,4.923643561,-0.669866023,0.660821506,2.473953307,4.899562246,-0.666239408,-0.001268349,-1.167880505,-0.024081315,0.003626615
25.17,0.658052467,3.644422321,4.922770498,-0.678563523,0.656694448,2.444505463,4.899082119,-0.674622728,-0.001358019,-1.199916859,-0.023688379,0.003940795
25.21,0.652683781,3.648127919,4.914573427,-0.689618287,0.650854153,2.405313202,4.898514819,-0.685793587,-0.001829629,-1.242814717,-0.016058608,0.003824701
25.24,0.648674852,3.651104787,4.914138813,-0.697770941,0.646214913,2.375967312,4.898129313,-0.694184068,-0.002459939,-1.275137475,-0.0160095,0.003586874
25.27,0.644666174,3.654261655,4.913039741,-0.706298441,0.641384696,2.346658353,4.897768027,-0.702587633,-0.003281478,-1.307603302,-0.015271714,0.003710809
25.31,0.639348181,3.658716388,4.913894622,-0.718388799,0.634588073,2.307661341,4.897338738,-0.713789168,-0.004760108,-1.351055047,-0.016555884,0.004599631
25.34,0.635370711,3.662253373,4.917994455,-0.727323754,0.629223139,2.278487068,4.897056016,-0.722174998,-0.006147572,-1.383766305,-0.020938439,0.005148755
25.37,0.63140913,3.665960063,4.917112101,-0.735661254,0.623667767,2.249371403,4.896800856,-0.730561208,-0.007741364,-1.41658866,-0.020311245,0.005100046
25.41,0.626161618,3.671158548,4.910958232,-0.746888338,0.615918694,2.210667087,4.896496362,-0.741758831,-0.010242924,-1.46049146,-0.014461869,0.005129506
25.44,0.622253574,3.675257172,4.910965269,-0.755510788,0.60985116,2.181737725,4.896287301,-0.750157878,-0.012402414,-1.493519448,-0.014677969,0.00535291
25.47,0.618351952,3.679518177,4.909862121,-0.764433288,0.603597087,2.152887696,4.896092641,-0.758547439,-0.014754865,-1.526630481,-0.013769479,0.005885849
25.51,0.687828997,3.117881325,4.912849776,-0.776248969,0.594921054,2.114573602,4.895873697,-0.769725255,-0.092907944,-1.003307723,-0.016976079,0.006523714
25.54,0.685253254,3.112748215,4.917319242,-0.784225283,0.588167558,2.085956122,4.895743948,-0.778118444,-0.097085696,-1.026792093,-0.021575294,0.006106839
25.57,0.682725897,3.10777641,4.916457164,-0.793040283,0.581236567,2.057429029,4.895638981,-0.786518886,-0.10148933,-1.050347381,-0.020818183,0.006521397
25.61,0.679431965,3.101421573,4.914253631,-0.804177647,0.571663105,2.019571234,4.895545747,-0.797730342,-0.10776886,-1.081850339,-0.018707884,0.006447305
25.64,0.676992932,3.096874115,4.909939553,-0.812353003,0.564217473,1.991319605,4.895503549,-0.806128693,-0.112775459,-1.10555451,-0.014436004,0.00622431
25.67,0.674583956,3.092514193,4.908860083,-0.820758003,0.556565559,1.96317019,4.895479476,-0.8145137,-0.118018397,-1.129344004,-0.013380608,0.006244303
25.71,0.671429981,3.086962962,4.911467454,-0.832170691,0.545968042,1.925811885,4.895485221,-0.825680167,-0.125461939,-1.161151077,-0.015982233,0.006490524
25.74,0.669115922,3.08299799,4.900625561,-0.840004622,0.537720612,1.897913075,4.895516807,-0.834071639,-0.13139531,-1.185084915,-0.005108754,0.005932983
25.77,0.666854048,3.079202352,4.899294575,-0.848614622,0.529256375,1.870102124,4.895563391,-0.842481741,-0.137597673,-1.209100228,-0.003731184,0.006132881
25.81,0.663884638,3.074390619,4.894762772,-0.860118023,0.517574978,1.833198277,4.895644966,-0.853688432,-0.14630966,-1.241192342,0.000882195,0.006429591
25.84,0.661709633,3.070970458,4.887721759,-0.868517791,0.508524922,1.805666573,4.895726665,-0.86207013,-0.153184712,-1.265303885,0.008004905,0.006447661
25.87,0.659579259,3.06771568,4.886054029,-0.877180291,0.499274697,1.778244517,4.895830916,-0.870453275,-0.160304562,-1.289471163,0.009776887,0.006727016
25.91,0.656797101,3.063631606,4.888260453,-0.887877884,0.486590794,1.741888574,4.896008112,-0.881654387,-0.170206307,-1.321743032,0.007747659,0.006223497
25.94,0.654751354,3.060754626,4.890625672,-0.895892591,0.476821437,1.714788329,4.896177198,-0.890053751,-0.177929917,-1.345966296,0.005551526,0.005838839
25.97,0.652736505,3.058028475,4.889169687,-0.904165091,0.466868589,1.687816475,4.896372974,-0.898439312,-0.185867916,-1.370212,0.007203287,0.005725779
26.01,0.5952371,2.489056796,4.887300891,-0.915434719,0.453274874,1.652090984,4.896667391,-0.909610937,-0.141962226,-0.836965812,0.009366499,0.005823782
26.04,0.592366629,2.476932441,4.872355884,-0.923581596,0.442849911,1.62547274,4.896906135,-0.918004896,-0.149516718,-0.8514597,0.024550251,0.0055767
26.07,0.58955425,2.464973519,4.870399044,-0.931864096,0.432262134,1.598985534,4.897159177,-0.926409502,-0.157292116,-0.865987985,0.026760134,0.005454594
26.11,0.585911288,2.449284698,4.869147889,-0.94363552,0.417844095,1.563921055,4.89754801,-0.937611854,-0.168067192,-0.885363643,0.028400121,0.006023665
26.14,0.583258707,2.437708437,4.872978461,-0.951954245,0.406796196,1.537813767,4.897894416,-0.946002246,-0.17646251,-0.89989467,0.024915955,0.005951999
26.17,0.580663832,2.426299983,4.871216771,-0.960766745,0.395570554,1.51183949,4.898284018,-0.9543913,-0.185093278,-0.914460493,0.027067247,0.006375445
26.21,0.577290818,2.411326617,4.868808235,-0.9718396,0.380264075,1.477436067,4.898852932,-0.965582237,-0.197026743,-0.933890551,0.030044697,0.006257363
26.24,0.574835041,2.400260636,4.866742043,-0.979832296,0.3685242,1.451798414,4.899292831,-0.973979704,-0.206310841,-0.948462222,0.032550787,0.005852592
26.27,0.572447173,2.389345841,4.864895307,-0.988287296,0.356596487,1.426280974,4.899737199,-0.982376283,-0.215850686,-0.963064867,0.034841892,0.005911013
26.31,0.569356506,2.375038796,4.88211756,-0.998785782,0.340359996,1.392482926,4.900343514,-0.993564674,-0.22899651,-0.98255587,0.018225954,0.005221108
26.34,0.567102088,2.364486949,4.887222774,-1.00759386,0.327947619,1.367308027,4.900812765,-1.00195524,-0.23915447,-0.997178922,0.013589991,0.00563862
26.37,0.564897651,2.354089286,4.886063489,-1.01636136,0.315374107,1.342262836,4.90128909,-1.010347514,-0.249523544,-1.01182645,0.015225601,0.006013846
26.41,0.562048677,2.34045283,4.889635651,-1.026489016,0.29832977,1.309113814,4.901909303,-1.02153548,-0.263718907,-1.031339017,0.012273652,0.004953536
26.44,0.559973604,2.330393285,4.897779317,-1.034902962,0.285348848,1.284439704,4.902350089,-1.029922219,-0.274624756,-1.04595358,0.004570772,0.004980744
26.47,0.557958213,2.320475759,4.896865482,-1.043542962,0.272231467,1.259902842,4.902775189,-1.038308102,-0.285726746,-1.060572917,0.005909707,0.005234861
26.51,0.513742265,1.983142188,4.891322841,-1.055238652,0.254503361,1.227438618,4.903334995,-1.049492748,-0.259238904,-0.75570357,0.012012153,0.005745904
26.54,0.511156811,1.967961839,4.886862029,-1.061639355,0.241037661,1.203280172,4.903748196,-1.05788192,-0.27011915,-0.764681667,0.016886167,0.003757436
26.57,0.508630011,1.952920364,4.885545848,-1.070284355,0.227453704,1.179260603,4.904160981,-1.066268286,-0.281176307,-0.773659761,0.018615133,0.004016069
26.61,0.505377565,1.933091136,4.890192974,-1.08123375,0.209130917,1.147488115,4.904743699,-1.077449303,-0.296246648,-0.785603021,0.014550725,0.003784447
26.64,0.503025674,1.91839879,4.887023419,-1.090303536,0.195228216,1.123845554,4.905214804,-1.085834894,-0.307797458,-0.794553236,0.018191385,0.004468642
26.67,0.50075871,1.903865995,4.885742924,-1.098908536,0.1812024,1.100335652,4.905710207,-1.094216077,-0.319556309,-0.803530343,0.019967282,0.004692459
26.71,0.497864182,1.88469643,4.882574246,-1.109820931,0.1622638,1.069222694,4.906391864,-1.105382331,-0.335600382,-0.815473736,0.023817618,0.0044386
26.74,0.495793206,1.870476968,4.872273893,-1.118620162,0.147879357,1.046053101,4.906909274,-1.11375913,-0.347913849,-0.824423868,0.034635381,0.004861031
26.77,0.49379443,1.856396992,4.870537998,-1.126970162,0.133366774,1.022999625,4.907430566,-1.122144886,-0.360427656,-0.833397367,0.036892568,0.004825276
26.81,0.491246982,1.837868969,4.880199483,-1.138490218,0.113791209,0.9924768,4.908139981,-1.133332855,-0.377455773,-0.845392169,0.027940498,0.005157363
26.84,0.489427496,1.824131871,4.89437614,-1.148103971,0.098951347,0.969749833,4.908695722,-1.141715214,-0.390476149,-0.854382038,0.014319582,0.006388758
26.87,0.487675155,1.810536483,4.89340011,-1.156736471,0.084005365,0.947142266,4.909269598,-1.150094768,-0.40366979,-0.863394217,0.015869488,0.006641703
26.91,0.485448078,1.792636168,4.89703089,-1.168348905,0.063899372,0.91721268,4.91004086,-1.161274838,-0.421548705,-0.875423488,0.013009969,0.007074067
26.94,0.483871443,1.779376671,4.900205625,-1.17662748,0.048697469,0.8949248,4.910601632,-1.169664579,-0.435173974,-0.884451871,0.010396007,0.006962901
26.97,0.482405334,1.766259256,4.899357657,-1.18506248,0.033411604,0.872754193,4.91114672,-1.178050665,-0.448993729,-0.893505063,0.011789063,0.007011815
27.01,0.297361113,1.540383462,4.897325561,-1.195316065,0.012885806,0.843406846,4.911863992,-1.189223164,-0.284475307,-0.696976616,0.01453843,0.006092901
27.04,0.292932017,1.5239814,4.899376835,-1.203453081,-0.002607228,0.821549941,4.912400788,-1.197604975,-0.295539246,-0.702431459,0.013023953,0.005848107
27.07,0.288580784,1.507724678,4.898412639,-1.211995581,-0.018166477,0.799801519,4.912939575,-1.205990302,-0.306747261,-0.707923159,0.014526936,0.006005279
27.11,0.282888043,1.486260338,4.90218724,-1.223022131,-0.039025552,0.771002983,4.913683169,-1.217169067,-0.321913595,-0.715257355,0.011495928,0.005853064
27.14,0.27871242,1.470321091,4.903579238,-1.230734551,-0.05474474,0.749552688,4.914261319,-1.225547201,-0.33345716,-0.720768403,0.010682081,0.00518735
27.17,0.274614844,1.454509364,4.902712743,-1.239132051,-0.070509402,0.728206715,4.91485204,-1.233924964,-0.345124245,-0.726302649,0.012139297,0.005207088
27.21,0.269278711,1.433626224,4.909968026,-1.249836416,-0.091596438,0.699929943,4.915647871,-1.245102274,-0.360875149,-0.733696281,0.005679845,0.004734142
27.24,0.26538137,1.418113079,4.909068906,-1.257930474,-0.107453191,0.678859812,4.916246121,-1.253486058,-0.372834561,-0.739253267,0.007177215,0.004444416
27.27,0.261572177,1.402747708,4.908309352,-1.266435474,-0.123336724,0.657889371,4.916844211,-1.261866457,-0.384908901,-0.744858338,0.00853486,0.004569017
27.31,0.256616431,1.382479688,4.911433347,-1.279441663,-0.144559054,0.630103258,4.91763751,-1.273038023,-0.401175484,-0.75237643,0.006204163,0.00640364
27.34,0.253001035,1.367423044,4.910520138,-1.287880367,-0.160505732,0.609384289,4.918229704,-1.281420656,-0.413506767,-0.758038754,0.007709566,0.006459711
27.37,0.249482242,1.352509986,4.909745117,-1.296275367,-0.176473626,0.588749271,4.918819422,-1.289805089,-0.425955868,-0.763760716,0.009074305,0.006470277
27.41,0.244926975,1.332856918,4.905987175,-1.30780706,-0.197804,0.561388016,4.919606339,-1.300980654,-0.442730975,-0.771468902,0.013619164,0.006826406
27.44,0.241609111,1.318278437,4.897353688,-1.316895358,-0.213830563,0.540975657,4.920197639,-1.309358565,-0.455439675,-0.77730278,0.02284395,0.007536793
27.47,0.238385279,1.303829689,4.896102492,-1.325385358,-0.229876052,0.520635635,4.92079308,-1.317738914,-0.46826133,-0.783194055,0.024690588,0.007646443
27.51,0.152613526,1.059454137,4.895845356,-1.336439562,-0.251301535,0.493639774,4.921598678,-1.328920174,-0.403915062,-0.565814364,0.025753322,0.007519388
27.54,0.148179472,1.041396437,4.888618814,-1.344685465,-0.267392307,0.473484493,4.922222872,-1.337304984,-0.41557178,-0.567911944,0.033604058,0.007380481
27.57,0.143840492,1.023467765,4.887130372,-1.353127965,-0.28349716,0.453393956,4.922864898,-1.345684386,-0.427337651,-0.57007381,0.035734527,0.00744358
27.61,0.138212367,0.999770975,4.881436473,-1.363897629,-0.304993754,0.426714535,4.923752718,-1.356854717,-0.443206122,-0.573056441,0.042316245,0.007042911
27.64,0.134108881,0.982147957,4.865982012,-1.373160593,-0.321137514,0.406777462,4.924444887,-1.365235494,-0.455246395,-0.575370495,0.058462875,0.007925099
27.67,0.130108288,0.964650763,4.863869776,-1.381888093,-0.337303509,0.386891189,4.925159218,-1.373613295,-0.467411797,-0.577759574,0.061289443,0.008274798
27.71,0.124938378,0.94150445,4.86548598,-1.394331672,-0.358913364,0.360465379,4.926148836,-1.384775792,-0.483851742,-0.581039071,0.060662855,0.00955588
27.74,0.121165885,0.924289131,4.874168447,-1.401415025,-0.375169262,0.34070347,4.926929553,-1.393148266,-0.496335148,-0.583585661,0.052761106,0.008266759
27.77,0.117504929,0.907187646,4.872454733,-1.409772525,-0.391461337,0.320977115,4.927740111,-1.401527793,-0.508966266,-0.586210531,0.055285378,0.008244732
27.81,0.112775421,0.884589376,4.877098518,-1.420538168,-0.413248413,0.294738662,4.92885108,-1.412709996,-0.526023834,-0.589850714,0.051752562,0.007828172
27.84,0.109334127,0.867789857,4.891215912,-1.428393156,-0.429633018,0.275108844,4.92969036,-1.421091831,-0.538967146,-0.592681013,0.038474448,0.007301325
27.87,0.105975607,0.851113191,4.890087903,-1.436985656,-0.446046274,0.255511997,4.930528211,-1.429470477,-0.552021882,-0.595601194,0.040440308,0.007515178
27.91,0.101645333,0.829071979,4.902292716,-1.448082467,-0.467976874,0.229432589,4.93164673,-1.440648416,-0.569622207,-0.59963939,0.029354014,0.007434052
27.94,0.098515613,0.812680032,4.906207236,-1.456816435,-0.484455609,0.209906052,4.932472436,-1.449037787,-0.582971222,-0.60277398,0.0262652,0.007778648
27.97,0.095476935,0.796420955,4.90543868,-1.465388935,-0.500955491,0.190404729,4.933282759,-1.457424271,-0.596432425,-0.606016226,0.027844078,0.007964664
28.01,-0.088365569,0.663322225,4.904642578,-1.475936076,-0.522992683,0.164447452,4.934332724,-1.468597606,-0.434627113,-0.498874773,0.029690146,0.00733847
28.04,-0.094299273,0.645421123,4.907660509,-1.484117557,-0.539546802,0.145004359,4.93509649,-1.476979107,-0.445247529,-0.500416764,0.027435981,0.00713845
28.07,-0.100129458,0.627638062,4.906819952,-1.492780057,-0.556119174,0.12557458,4.935847228,-1.485364473,-0.455989716,-0.502063482,0.029027276,0.007415584
28.11,-0.107754601,0.604111915,4.901282014,-1.504061676,-0.578246099,0.09969311,4.936852985,-1.496548038,-0.470491498,-0.504418805,0.035570971,0.007513638
28.14,-0.113375082,0.58659318,4.912092271,-1.511743499,-0.594853557,0.080301156,4.937612942,-1.50493131,-0.481478475,-0.506292025,0.025520671,0.00681219
28.17,-0.118917612,0.56916482,4.91138081,-1.520423499,-0.611458488,0.060919008,4.938378268,-1.513311147,-0.492540877,-0.508245812,0.026997458,0.007112352
28.21,-0.126142213,0.546094931,4.911136795,-1.532177375,-0.633571849,0.035084982,4.939414429,-1.524486939,-0.507429636,-0.511009949,0.028277634,0.007690436
28.24,-0.131430102,0.528914935,4.916874241,-1.540425673,-0.650124769,0.01571541,4.940193871,-1.532868244,-0.518694667,-0.513199525,0.02331963,0.007557429
28.27,-0.136609271,0.511871948,4.91623806,-1.548775673,-0.666651982,-0.00364818,4.94097174,-1.541246812,-0.530042711,-0.515520128,0.024733681,0.007528862
28.31,-0.143343865,0.489320999,4.920668552,-1.559458627,-0.688644529,-0.029460771,4.942009471,-1.552418778,-0.545300664,-0.51878177,0.021340919,0.007039848
28.34,-0.148262533,0.472541313,4.921263824,-1.568711077,-0.705111783,-0.04882567,4.942783895,-1.560801353,-0.556849249,-0.521366983,0.021520071,0.007909724
28.37,-0.153076114,0.455875747,4.92066243,-1.577523577,-0.721563564,-0.0681974,4.943549691,-1.569186303,-0.56848745,-0.524073147,0.022887261,0.008337274
28.41,-0.159323594,0.433831298,4.923510504,-1.588074864,-0.74347861,-0.094035501,4.944556213,-1.580366142,-0.584155016,-0.527866799,0.021045708,0.007708722
28.44,-0.16388975,0.417440499,4.921288475,-1.597208853,-0.759904727,-0.113421454,4.94529804,-1.588747747,-0.596014977,-0.530861953,0.024009566,0.008461106
28.47,-0.168346065,0.401162456,4.920575633,-1.605828853,-0.776326218,-0.132817906,4.94603203,-1.597130692,-0.607980153,-0.533980362,0.025456396,0.008698161
28.51,-0.460421148,0.284316586,4.916191681,-1.617846957,-0.798217477,-0.158706423,4.946994212,-1.60831578,-0.337796329,-0.443023008,0.030802531,0.009531178
28.54,-0.469551966,0.266640774,4.927518485,-1.626439525,-0.814635914,-0.17814098,4.947706782,-1.61670586,-0.345083948,-0.444781754,0.020188297,0.009733665
28.57,-0.478554043,0.24907161,4.92691154,-1.634952025,-0.831056269,-0.197587048,4.948422564,-1.625095256,-0.352502225,-0.446658658,0.021511024,0.009856769
28.61,-0.490378471,0.225813848,4.923173719,-1.645467274,-0.852950447,-0.223543177,4.949405114,-1.636289688,-0.362571975,-0.449357024,0.026231395,0.009177586
28.64,-0.49914201,0.208509902,4.930993842,-1.653656398,-0.869349363,-0.243040674,4.950152743,-1.644693158,-0.370207352,-0.451550575,0.019158901,0.00896324
28.67,-0.507811975,0.191313671,4.930487948,-1.662296398,-0.885706859,-0.262562893,4.950908783,-1.653100087,-0.377894883,-0.453876565,0.020420835,0.009196312
28.71,-0.519230914,0.168565419,4.921409482,-1.672728649,-0.907389387,-0.288637973,4.951939976,-1.664306175,-0.388158473,-0.457203392,0.030530493,0.008422474
28.74,-0.527687686,0.151628373,4.915582063,-1.680352238,-0.923526291,-0.308233896,4.952716498,-1.672708642,-0.395838605,-0.459862269,0.037134434,0.007643597
28.77,-0.536026658,0.134801011,4.914540308,-1.689069738,-0.939566259,-0.327865437,4.953494849,-1.681107004,-0.403539601,-0.462666449,0.038954541,0.007962735
28.81,-0.546974139,0.112543342,4.927450133,-1.699497824,-0.960782302,-0.354111503,4.954552279,-1.692289228,-0.413808163,-0.466654846,0.027102147,0.007208595
28.84,-0.555044883,0.095985038,4.934992312,-1.707937417,-0.976579384,-0.373845202,4.955369881,-1.700673853,-0.421534501,-0.46983024,0.020377569,0.007263563
28.87,-0.562999917,0.079536859,4.93452648,-1.716527417,-0.992302824,-0.393613117,4.956200948,-1.709061559,-0.429302907,-0.473149976,0.021674468,0.007465857
28.91,-0.573449696,0.05778184,4.927890782,-1.727137093,-1.013150928,-0.420039862,4.957302574,-1.720245909,-0.439701232,-0.477821702,0.029411792,0.006891185
28.94,-0.581169831,0.04159436,4.91866285,-1.734656921,-1.028713377,-0.439917319,4.958103899,-1.728633364,-0.447543546,-0.481511679,0.039441049,0.006023557
28.97,-0.588789785,0.02551104,4.917554765,-1.743161921,-1.044229131,-0.459834624,4.958886941,-1.737021137,-0.455439346,-0.485345663,0.041332176,0.006140784
29.01,-0.759499149,-0.104951567,4.915442524,-1.753778974,-1.064841982,-0.486458208,4.959925969,-1.748206436,-0.305342833,-0.38150664,0.044483444,0.005572538
29.04,-0.769661459,-0.122665104,4.928174892,-1.762766013,-1.080255043,-0.506479257,4.960718194,-1.756594744,-0.310593584,-0.383814153,0.032543301,0.006171269
29.07,-0.779728472,-0.140271231,4.927313267,-1.771348513,-1.095640408,-0.526543144,4.96152774,-1.764983332,-0.315911937,-0.386271913,0.034214473,0.006365181
29.11,-0.792979683,-0.163595557,4.9268928,-1.782209495,-1.116110022,-0.553371826,4.962639286,-1.776172359,-0.323130339,-0.389776268,0.035746486,0.006037136
29.14,-0.802789788,-0.180964152,4.924577712,-1.791537641,-1.131425422,-0.573545982,4.963481755,-1.784567898,-0.328635634,-0.39258183,0.038904043,0.006969743
29.17,-0.81249715,-0.198213193,4.923587247,-1.799820141,-1.146707375,-0.593759852,4.964323482,-1.792960974,-0.334210224,-0.39554666,0.040736235,0.006859167
29.21,-0.825294663,-0.221016503,4.924214737,-1.811194859,-1.167008674,-0.620796538,4.965448654,-1.804144822,-0.341714011,-0.399780035,0.041233918,0.007050037
29.24,-0.834781919,-0.237994941,4.914305566,-1.819687759,-1.182170632,-0.641143146,4.966294423,-1.81252824,-0.347388713,-0.403148205,0.051988856,0.00715952
29.27,-0.844144994,-0.254881991,4.912955792,-1.828207759,-1.197283953,-0.661537665,4.967144346,-1.820909408,-0.353138959,-0.406655674,0.054188555,0.007298351
29.31,-0.856468664,-0.27723871,4.91806967,-1.840071652,-1.217349388,-0.68881433,4.968284095,-1.832088391,-0.360880724,-0.41157562,0.050214425,0.00798326
29.34,-0.865585341,-0.293888211,4.932119484,-1.847335869,-1.232341876,-0.709338517,4.969154281,-1.840473956,-0.366756536,-0.415450306,0.037034797,0.006861913
29.37,-0.874611758,-0.310434337,4.931315732,-1.855745869,-1.247298796,-0.729913334,4.970037164,-1.848858315,-0.372687038,-0.419478998,0.038721432,0.006887554
29.41,-0.886495974,-0.33232921,4.931885354,-1.866581757,-1.267183783,-0.757433137,4.97122558,-1.860039048,-0.380687809,-0.425103927,0.039340226,0.00654271
29.44,-0.895289747,-0.34863549,4.932992569,-1.874923754,-1.282059415,-0.778131374,4.97210771,-1.868426928,-0.386769668,-0.429495884,0.039115141,0.006496827
29.47,-0.903976933,-0.364827844,4.932159377,-1.883638754,-1.296911316,-0.79887236,4.972977266,-1.876815891,-0.392934383,-0.434044516,0.04081789,0.006822863
29.51,-1.021094911,-0.50221487,4.931476481,-1.894845855,-1.316678748,-0.826610702,4.974127119,-1.888001332,-0.295583837,-0.324395832,0.042650639,0.006844522
29.54,-1.031349114,-0.520146219,4.935964367,-1.904140312,-1.331482755,-0.84747526,4.97498315,-1.896391031,-0.300133641,-0.327329041,0.039018783,0.007749281
29.57,-1.041498273,-0.537976775,4.935146326,-1.912830312,-1.34627291,-0.868379385,4.975838378,-1.904780778,-0.304774637,-0.33040261,0.040692053,0.008049534
29.61,-1.054865084,-0.561581158,4.943284363,-1.923276262,-1.365972128,-0.896321934,4.976985086,-1.915969006,-0.311107043,-0.334740776,0.033700723,0.007307256
29.64,-1.064764391,-0.579147482,4.953119716,-1.931607824,-1.380733377,-0.917336499,4.977851833,-1.924360098,-0.315968986,-0.338189017,0.024732117,0.007247726
29.67,-1.074549491,-0.596610391,4.952754658,-1.939975324,-1.395484192,-0.938394497,4.978718526,-1.93275175,-0.320934701,-0.341784106,0.025963868,0.007223574
29.71,-1.087424975,-0.619733176,4.96056383,-1.951281435,-1.415127232,-0.966545951,4.979863105,-1.94394168,-0.327702257,-0.346812775,0.019299275,0.007339755
29.74,-1.09694913,-0.636952219,4.962623064,-1.959457763,-1.429837952,-0.987712057,4.980699914,-1.95233409,-0.332888822,-0.350759837,0.01807685,0.007123672
29.77,-1.106369283,-0.654060565,4.962354953,-1.968200263,-1.444534211,-1.00891875,4.981516873,-1.960726891,-0.338164929,-0.354858185,0.019161919,0.007473372
29.81,-1.118772808,-0.676719106,4.958338776,-1.979542906,-1.464107618,-1.037272636,4.982568033,-1.971916198,-0.345334811,-0.36055353,0.024229257,0.007626708
29.84,-1.127947062,-0.693590775,4.966232187,-1.98754166,-1.478773415,-1.058592093,4.983326821,-1.980307915,-0.350826352,-0.365001318,0.017094635,0.007233745
29.87,-1.137009357,-0.710352281,4.965907291,-1.99620916,-1.493429643,-1.079946063,4.984067347,-1.988700229,-0.356420286,-0.369593781,0.018160056,0.007508932
29.91,-1.148910133,-0.732518607,4.971422629,-2.00766944,-1.512959125,-1.108480902,4.985034384,-1.999890214,-0.364048992,-0.375962294,0.013611755,0.007779226
29.94,-1.157722558,-0.749011938,4.953674242,-2.016973106,-1.527602843,-1.129932296,4.985741717,-2.00828219,-0.369880285,-0.380920358,0.032067475,0.008690917
29.97,-1.166446472,-0.765402052,4.952764692,-2.025938106,-1.542246045,-1.15141867,4.986429885,-2.016673589,-0.375799573,-0.386016617,0.033665193,0.009264518
30.01,-1.324378244,-0.833561576,4.953031201,-2.037035782,-1.561770031,-1.18012192,4.987312796,-2.027862586,-0.237391787,-0.346560344,0.034281595,0.009173196
30.04,-1.335372243,-0.850537852,4.947332824,-2.045551856,-1.576415153,-1.201686971,4.987966764,-2.036254176,-0.241042911,-0.35114912,0.04063394,0.00929768
30.07,-1.346264669,-0.867417266,4.946138586,-2.053886856,-1.591065173,-1.223281185,4.988629162,-2.044648919,-0.244800504,-0.355863919,0.042490576,0.009237937
30.11,-1.360635049,-0.889763804,4.946851464,-2.064830504,-1.610607515,-1.252127911,4.989534153,-2.055849229,-0.249972465,-0.362364107,0.042682689,0.008981275
30.14,-1.371299671,-0.906404255,4.935521488,-2.072081839,-1.62525601,-1.273802186,4.990232816,-2.064255102,-0.253956339,-0.367397931,0.054711328,0.007826737
30.17,-1.381869971,-0.922952409,4.934004835,-2.080521839,-1.639882754,-1.295508094,4.990949549,-2.072660519,-0.258012783,-0.372555685,0.056944714,0.007861321
30.21,-1.395800834,-0.944859464,4.934450611,-2.091832586,-1.659317786,-1.324526358,4.991941731,-2.083858964,-0.263516952,-0.379666894,0.05749112,0.007973621
30.24,-1.406139206,-0.961160615,4.92830937,-2.100410465,-1.673824069,-1.346363456,4.992720927,-2.092245997,-0.267684863,-0.385202841,0.064411557,0.008164468
30.27,-1.416369583,-0.977354038,4.926682576,-2.108855465,-1.688268547,-1.368256671,4.993530519,-2.100625883,-0.271898964,-0.390902632,0.066847943,0.008229582
30.31,-1.429828251,-0.998783288,4.935217915,-2.120674734,-1.70740106,-1.39754754,4.994669889,-2.11180595,-0.277572809,-0.398764252,0.059451974,0.008868784
30.34,-1.439788114,-1.014743386,4.937354358,-2.129671211,-1.721652789,-1.419592944,4.99557346,-2.120196622,-0.281864674,-0.404849558,0.058219103,0.009474589
30.37,-1.449626648,-1.030603827,4.936138197,-2.138198711,-1.735835612,-1.441697869,4.996515528,-2.128582339,-0.286208963,-0.411094043,0.060377331,0.009616372
30.41,-1.462575089,-1.051582166,4.946241584,-2.149356305,-1.75462127,-1.471277475,4.997836551,-2.139753974,-0.292046181,-0.419695308,0.051594967,0.009602332
30.44,-1.472167566,-1.067187894,4.946858967,-2.157991584,-1.768615095,-1.493533754,4.998873517,-2.14813959,-0.296447529,-0.42634586,0.05201455,0.009851994
30.47,-1.481650018,-1.082701032,4.946016906,-2.166849084,-1.782540176,-1.515839415,4.999937378,-2.156532882,-0.300890158,-0.433138383,0.053920472,0.010316203
30.51,-1.647560205,-1.139192206,4.959354085,-2.178266313,-1.800988293,-1.545674523,5.00139243,-2.167721134,-0.153428088,-0.406482317,0.042038345,0.010545178
30.54,-1.659436109,-1.155075239,4.960335583,-2.186019605,-1.814739901,-1.568121784,5.002501677,-2.176103841,-0.155303792,-0.413046545,0.042166094,0.009915764
30.57,-1.671209907,-1.170858095,4.959872472,-2.194579605,-1.828429694,-1.590615689,5.003623072,-2.184486084,-0.157219787,-0.419757594,0.0437506,0.010093521
30.61,-1.686750133,-1.191745506,4.962010581,-2.205900459,-1.846564027,-1.620684533,5.005123321,-2.195671194,-0.159813895,-0.428939027,0.043112739,0.010229265
30.64,-1.698295241,-1.207288325,4.963704173,-2.214480029,-1.86006243,-1.643296813,5.006239911,-2.204059942,-0.161767188,-0.436008487,0.042535738,0.010420088
30.67,-1.70973955,-1.222718924,4.963270001,-2.222990029,-1.873471869,-1.665960083,5.00735009,-2.212442757,-0.163732319,-0.443241159,0.044080088,0.010547273
30.71,-1.724822139,-1.24312596,4.962641711,-2.234337805,-1.89115436,-1.696283522,5.008814384,-2.223610196,-0.166332221,-0.453157563,0.046172674,0.010727609
30.74,-1.736008995,-1.258315602,4.959500859,-2.242659561,-1.904240634,-1.719112521,5.009896127,-2.231986103,-0.168231639,-0.46079692,0.050395268,0.010673458
30.77,-1.747082116,-1.273408475,4.95884018,-2.250774561,-1.917186038,-1.74200771,5.010964558,-2.24036338,-0.170103922,-0.468599235,0.052124378,0.010411181
30.81,-1.76170504,-1.293367842,4.949196895,-2.261268228,-1.93417503,-1.772658613,5.012368814,-2.251520693,-0.17246999,-0.479290771,0.063171919,0.009747535
30.84,-1.772583619,-1.30820564,4.956372156,-2.269010048,-1.946705865,-1.795734454,5.013410499,-2.259878223,-0.174122246,-0.487528814,0.057038343,0.009131825
30.87,-1.783373398,-1.32295835,4.955509781,-2.277425048,-1.959080221,-1.818866124,5.014450748,-2.268238938,-0.175706824,-0.495907774,0.058940967,0.00918611
30.91,-1.797612083,-1.342474679,4.952904529,-2.288690531,-1.975292775,-1.849794444,5.01585104,-2.279397016,-0.177680692,-0.507319765,0.062946511,0.009293515
30.94,-1.808169694,-1.357015071,4.965548348,-2.296462838,-1.987241973,-1.873041443,5.016910123,-2.287764068,-0.179072279,-0.516026372,0.051361775,0.00869877
30.97,-1.81862807,-1.371466339,4.964950919,-2.304910338,-1.999041854,-1.896314848,5.017972894,-2.296127181,-0.180413784,-0.524848509,0.053021974,0.008783158
31.01,-1.856831724,-1.566787002,4.966933589,-2.314541177,-2.014505956,-1.927370105,5.019402974,-2.307279347,-0.157674232,-0.360583103,0.052469386,0.00726183
31.04,-1.867510637,-1.58405534,4.963434319,-2.323106103,-2.025906755,-1.950657452,5.020477191,-2.315650823,-0.158396117,-0.366602112,0.057042872,0.00745528
31.07,-1.878095246,-1.601233589,4.962726275,-2.331656103,-2.037168604,-1.973928898,5.021549812,-2.324019667,-0.159073358,-0.372695309,0.058823537,0.007636436
31.11,-1.892043881,-1.624015604,4.963679125,-2.342849464,-2.051941824,-2.004899985,5.022981868,-2.335162603,-0.159897943,-0.380884381,0.059302743,0.007686861
31.14,-1.902395534,-1.64099346,4.981072768,-2.350437611,-2.062854787,-2.028044814,5.024059924,-2.343520232,-0.160459253,-0.387051354,0.042987155,0.006917379
31.17,-1.912637566,-1.657893323,4.980891695,-2.358967611,-2.073660328,-2.051095635,5.025146935,-2.351889199,-0.161022761,-0.393202312,0.04425524,0.007078412
31.21,-1.92616166,-1.680293721,4.977661038,-2.370288302,-2.087906924,-2.081597661,5.026616448,-2.363069221,-0.161745264,-0.40130394,0.04895541,0.007219081
31.24,-1.936218386,-1.697004047,4.981431148,-2.379665315,-2.098502557,-2.104251801,5.027718722,-2.371469597,-0.16228417,-0.407247754,0.046287575,0.008195718
31.27,-1.946178043,-1.713634306,4.98115715,-2.387985315,-2.109047296,-2.126713581,5.028812808,-2.379882107,-0.162869253,-0.413079275,0.047655658,0.008103208
31.31,-1.959333641,-1.735679513,4.976407426,-2.400434702,-2.123027036,-2.156255693,5.030264181,-2.391105728,-0.163693396,-0.42057618,0.053856755,0.009328975
31.34,-1.969087485,-1.752108208,4.974454124,-2.408717684,-2.133460468,-2.178068945,5.031346658,-2.399517855,-0.164372982,-0.425960737,0.056892535,0.009199829
31.37,-1.978741486,-1.76843969,4.973840971,-2.417257684,-2.143861712,-2.199613844,5.032427484,-2.407933411,-0.165120226,-0.431174153,0.058586514,0.009324273
31.41,-1.991479458,-1.7900815,4.965403544,-2.428983821,-2.157673546,-2.227816408,5.033872867,-2.419175463,-0.166194087,-0.437734908,0.068469323,0.009808359
31.44,-2.000920193,-1.806216062,4.967603891,-2.437160103,-2.167984139,-2.248545698,5.034966978,-2.427601931,-0.167063946,-0.442329636,0.067363087,0.009558172
31.47,-2.010258793,-1.822268488,4.9667563,-2.445655103,-2.178254857,-2.268950521,5.036074882,-2.436008796,-0.167996064,-0.446682033,0.069318582,0.009646307
31.51,-2.030746046,-1.934319869,4.983255433,-2.457187123,-2.19185834,-2.295525541,5.037574951,-2.447299198,-0.161112295,-0.361205673,0.054319518,0.009887926
31.54,-2.040044148,-1.951774865,4.985891828,-2.464922835,-2.201946234,-2.314921404,5.03871569,-2.455774935,-0.161902086,-0.363146539,0.052823862,0.009147899
31.57,-2.049280901,-1.969163762,4.985562081,-2.473410335,-2.211914925,-2.333880945,5.039863516,-2.464152124,-0.162634024,-0.364717183,0.054301434,0.009258211
31.61,-2.061451374,-1.992263736,4.996093505,-2.484962594,-2.224964906,-2.358307266,5.041367143,-2.475199414,-0.163513532,-0.366043531,0.045273638,0.00976318
31.64,-2.070479859,-2.009512578,4.999548776,-2.493802075,-2.234570035,-2.375954499,5.042470149,-2.483599978,-0.164090176,-0.366441922,0.042921373,0.010202097
31.67,-2.079424981,-2.026698462,4.999527652,-2.502107075,-2.244025514,-2.39307947,5.043545628,-2.492097431,-0.164600533,-0.366381009,0.044017976,0.010009645
31.71,-2.091224734,-2.049567959,5.01444542,-2.51358247,-2.256294175,-2.414868754,5.044954536,-2.503315143,-0.165069441,-0.365300795,0.030509116,0.010267327
31.74,-2.099976343,-2.066666968,5.018330686,-2.522364281,-2.265209879,-2.43037574,5.045980882,-2.511579394,-0.165233536,-0.363708772,0.027650196,0.010784887
31.77,-2.108646493,-2.083732898,5.018769924,-2.530504281,-2.273917211,-2.445259021,5.046991645,-2.519901911,-0.165270718,-0.361526122,0.028221721,0.01060237
31.81,-2.120093803,-2.106427293,5.031638595,-2.541932984,-2.285124881,-2.463926022,5.048282243,-2.531262867,-0.165031077,-0.357498728,0.016643648,0.010670116
31.84,-2.128593119,-2.123410634,5.042038658,-2.551634168,-2.2931737,-2.4769937,5.049204152,-2.539743376,-0.164580581,-0.353583066,0.007165494,0.011890792
31.87,-2.137002825,-2.14036151,5.043012963,-2.560071668,-2.300928985,-2.48935847,5.050080209,-2.548055749,-0.163926161,-0.34899696,0.007067246,0.012015919
31.91,-2.14807722,-2.162903575,5.036874809,-2.572212514,-2.310712334,-2.504547539,5.051170414,-2.559089846,-0.162635114,-0.341643963,0.014295605,0.013122668
31.94,-2.156295523,-2.17976619,5.039101246,-2.580081395,-2.317618119,-2.514966632,5.05191444,-2.567574981,-0.161322595,-0.335200442,0.012813194,0.012506414
31.97,-2.164452766,-2.19661125,5.039733027,-2.588423895,-2.324177778,-2.524664945,5.05260173,-2.57611745,-0.159725012,-0.328053695,0.012868703,0.012306445
32.01,-2.198112659,-2.257411852,5.043396865,-2.59962042,-2.332213462,-2.536240756,5.053444864,-2.587251894,-0.134100804,-0.278828904,0.010047999,0.012368526
32.04,-2.206517249,-2.274863544,5.044389129,-2.607823879,-2.337679657,-2.543905464,5.054018725,-2.595497771,-0.131162408,-0.26904192,0.009629596,0.012326108
32.07,-2.214846469,-2.292284504,5.04500758,-2.616226379,-2.342735838,-2.550839525,5.054552455,-2.603875967,-0.127889369,-0.258555021,0.009544876,0.012350412
32.11,-2.225853538,-2.315506966,5.044568814,-2.628333101,-2.348689379,-2.558743625,5.055158789,-2.615274832,-0.122835842,-0.243236659,0.010589975,0.013058269
32.14,-2.234039005,-2.332926379,5.048310164,-2.637060698,-2.352504897,-2.56364681,5.055531852,-2.623691187,-0.118465891,-0.230720431,0.007221688,0.013369511
32.17,-2.24218037,-2.350340803,5.048801536,-2.645390698,-2.355825482,-2.567803439,5.055830628,-2.631962057,-0.113645113,-0.217462636,0.007029092,0.01342864
32.21,-2.252953721,-2.373550268,5.044153895,-2.656120396,-2.35934569,-2.57199845,5.056112706,-2.643079638,-0.10639197,-0.198448183,0.011958812,0.013040758
32.24,-2.260993461,-2.390947751,5.040788611,-2.664934344,-2.361293468,-2.574148984,5.056221611,-2.651622106,-0.100300007,-0.183201233,0.015433,0.013312238
32.27,-2.268992872,-2.408358428,5.040779142,-2.673614344,-2.362705219,-2.575571006,5.056259262,-2.660146296,-0.093712347,-0.167212578,0.015480119,0.013468048
32.31,-2.279593787,-2.431594424,5.032232689,-2.68539824,-2.363553129,-2.576131107,5.056169419,-2.671237556,-0.083959342,-0.144536683,0.02393673,0.014160684
32.34,-2.287505881,-2.449022364,5.041951691,-2.693864832,-2.363409183,-2.575571431,5.056004464,-2.679546436,-0.075903302,-0.126549067,0.014052773,0.014318396
32.37,-2.295387862,-2.466461008,5.041779277,-2.702209832,-2.362701139,-2.57431732,5.055770118,-2.688010779,-0.067313278,-0.107856312,0.013990841,0.014199053
32.41,-2.305871606,-2.48975216,5.047727554,-2.713255447,-2.360681917,-2.571383694,5.055327421,-2.699407298,-0.054810311,-0.081631533,0.007599868,0.013848148
32.44,-2.313700634,-2.507232809,5.035972504,-2.721386484,-2.358314816,-2.568243859,5.054884527,-2.707780238,-0.044614182,-0.06101105,0.018912024,0.013606246
32.47,-2.321487755,-2.524724496,5.035394938,-2.729721484,-2.355321725,-2.564437294,5.054345782,-2.716068043,-0.033833971,-0.039712798,0.018950844,0.013653441
32.51,-2.341706724,-2.434615838,5.032370617,-2.741024729,-2.3502017,-2.558182255,5.053461739,-2.727289675,-0.008494976,-0.123566417,0.021091122,0.013735054
32.54,-2.349612605,-2.450228167,5.034450664,-2.750182216,-2.345501983,-2.552630243,5.052675959,-2.735833939,0.004110622,-0.102402076,0.018225295,0.014348278
32.57,-2.357499431,-2.465869438,5.033601043,-2.758759716,-2.340147999,-2.546457959,5.051812716,-2.744299212,0.017351432,-0.080588521,0.018211673,0.014460504
32.61,-2.367983069,-2.48677121,5.025139705,-2.770975798,-2.331786713,-2.537122317,5.050495711,-2.755392708,0.036196356,-0.050351107,0.025356005,0.015583091
32.64,-2.375823656,-2.502481519,5.017692694,-2.780220091,-2.324607678,-2.529340952,5.0493931,-2.763772232,0.051215978,-0.026859433,0.031700406,0.01644786
32.67,-2.383658174,-2.518228258,5.01615526,-2.788572591,-2.316766192,-2.521028315,5.048205447,-2.772258108,0.066891982,-0.002800056,0.032050187,0.016314483
32.71,-2.394096345,-2.539282281,5.012480201,-2.799814651,-2.305046143,-2.509018242,5.04649306,-2.78355511,0.089050202,0.03026404,0.034012858,0.016259541
32.74,-2.401931595,-2.555134784,5.015927567,-2.808433041,-2.295280846,-2.49935211,5.045112254,-2.791923321,0.106650749,0.055782674,0.029184688,0.016509719
32.77,-2.409777775,-2.571045594,5.014252287,-2.817053041,-2.284817921,-2.489231351,5.043669377,-2.800290947,0.124959854,0.081814243,0.02941709,0.016762094
32.81,-2.420255485,-2.592363301,5.006517793,-2.827743342,-2.269622052,-2.474939063,5.04162524,-2.811577601,0.150633433,0.117424238,0.035107447,0.016165741
32.84,-2.428115577,-2.608438687,5.012503053,-2.835640288,-2.257283957,-2.463633201,5.039997793,-2.820063618,0.17083162,0.144805486,0.02749474,0.015576671
32.87,-2.435989789,-2.624586009,5.010686089,-2.844072788,-2.244248261,-2.451904617,5.03830071,-2.828474725,0.191741528,0.172681392,0.027614621,0.015598064
32.91,-2.446502529,-2.646195445,5.011360389,-2.85564504,-2.225609152,-2.435516044,5.035911555,-2.839603141,0.220893377,0.210679401,0.024551166,0.016041899
32.94,-2.454407948,-2.662481057,5.021221415,-2.863768887,-2.210724002,-2.422691035,5.034037273,-2.84802562,0.243683945,0.239790023,0.012815857,0.015743267
32.97,-2.462348769,-2.678830886,5.019632335,-2.872108887,-2.195187226,-2.409492623,5.032097297,-2.856502273,0.267161543,0.269338264,0.012464961,0.015606614
33.01,-2.382129695,-2.56685867,5.014403238,-2.883410951,-2.173252312,-2.391226606,5.029402532,-2.867731126,0.208877382,0.175632064,0.014999295,0.015679825
33.04,-2.388573623,-2.581034574,5.014831887,-2.892065852,-2.15589444,-2.377050209,5.0272789,-2.876072125,0.232679182,0.203984365,0.012447013,0.015993728
33.07,-2.395032533,-2.595297126,5.012986205,-2.900508352,-2.137903772,-2.362548047,5.025093179,-2.884441682,0.257128762,0.232749079,0.012106974,0.01606667
33.11,-2.403697723,-2.61445387,5.001653033,-2.911949682,-2.112787065,-2.342650042,5.022083292,-2.895715502,0.290910659,0.271803828,0.020430259,0.016234179
33.14,-2.410256186,-2.62894555,4.996678074,-2.919634487,-2.09308763,-2.327329864,5.019773998,-2.904150315,0.317168556,0.301615687,0.023095924,0.015484172
33.17,-2.416846433,-2.643527541,4.994290911,-2.928349487,-2.07275533,-2.311741533,5.017423442,-2.912520037,0.344091102,0.331786009,0.023132531,0.01582945
33.21,-2.425699511,-2.663120113,4.990166279,-2.93900846,-2.044527247,-2.290514553,5.014239057,-2.923660503,0.381172264,0.372605559,0.024072778,0.015347957
33.24,-2.432390988,-2.677926779,4.985293598,-2.947528706,-2.022562146,-2.274297003,5.011832447,-2.932077313,0.409828842,0.403629776,0.026538849,0.015451393
33.27,-2.439144798,-2.692837013,4.982665314,-2.956001206,-2.000024679,-2.257873312,5.009417651,-2.940508122,0.439120119,0.434963702,0.026752337,0.015493084
33.31,-2.448242269,-2.712888542,4.981166406,-2.967478121,-1.968916898,-2.235604219,5.00617795,-2.951669363,0.479325371,0.477284323,0.025011544,0.015808758
33.34,-2.455138275,-2.728044452,4.986099978,-2.974805557,-1.944824738,-2.218636474,5.003727403,-2.959996389,0.510313537,0.509407978,0.017627425,0.014809168
33.37,-2.462091915,-2.743289739,4.983663048,-2.983458057,-1.920216138,-2.201486455,5.001275583,-2.968354439,0.541875777,0.541803284,0.017612535,0.015103618
33.41,-2.471467609,-2.763776331,4.99191821,-2.993282216,-1.886490967,-2.178302311,4.997993206,-2.979563411,0.584976642,0.58547402,0.006074996,0.013718805
33.44,-2.47857268,-2.779260642,5.010425813,-3.00135249,-1.860506484,-2.160686619,4.995528211,-2.987929858,0.618066196,0.618574023,-0.014897602,0.013422632
33.47,-2.485734387,-2.794843468,5.008858271,-3.00997499,-1.834030778,-2.142916136,4.993046025,-2.996248648,0.651703609,0.651927332,-0.015812247,0.013726343
33.51,-2.158600704,-2.367228564,5.004813924,-3.020487883,-1.79789562,-2.118966114,4.989720669,-3.00735661,0.360705084,0.24826245,-0.015093255,0.013131273
33.54,-2.160117993,-2.37530109,5.011761985,-3.028321095,-1.770213378,-2.100834055,4.987199282,-3.015741333,0.389904616,0.274467035,-0.024562703,0.012579762
33.57,-2.161724909,-2.383456699,5.010209975,-3.036868595,-1.742109066,-2.082588936,4.984665795,-3.024118101,0.419615843,0.300867763,-0.02554418,0.012750493
33.61,-2.163988144,-2.394475934,4.990281918,-3.04818008,-1.703863252,-2.058078661,4.981290119,-3.035224662,0.460124892,0.336397273,-0.008991799,0.012955418
33.64,-2.165782448,-2.402848659,4.986890523,-3.056308946,-1.674637608,-2.039596105,4.978770003,-3.04355775,0.49114484,0.363252554,-0.00812052,0.012751196
33.67,-2.167660308,-2.411322964,4.984673061,-3.064703946,-1.645047589,-2.021073194,4.976273055,-3.051922381,0.522612719,0.39024977,-0.008400005,0.012781565
33.71,-2.170312526,-2.422785398,4.982573161,-3.075677633,-1.604935406,-1.996358881,4.973032618,-3.063098943,0.565377121,0.426426517,-0.009540543,0.012578689
33.74,-2.17241356,-2.431498359,4.969540612,-3.083945761,-1.574358941,-1.97784542,4.970681172,-3.071484477,0.598054619,0.453652939,0.00114056,0.012461285
33.77,-2.174600749,-2.440320635,4.967099795,-3.092380761,-1.543448845,-1.959361647,4.968382272,-3.079873626,0.631151904,0.480958988,0.001282476,0.012507135
33.81,-2.177646122,-2.452237508,4.954727403,-3.103556936,-1.501693706,-1.934781623,4.965409673,-3.091053498,0.675952416,0.517455884,0.01068227,0.012503438
33.84,-2.180033518,-2.461299733,4.950457857,-3.111366844,-1.47000057,-1.916395695,4.963256203,-3.099428991,0.710032948,0.544904039,0.012798346,0.011937852
33.87,-2.182523171,-2.47046724,4.947800077,-3.119954344,-1.438033765,-1.898043652,4.961171802,-3.107796732,0.744489406,0.572423589,0.013371725,0.012157612
33.91,-2.185985028,-2.482854365,4.938411004,-3.1314139,-1.394939414,-1.873636106,4.958502446,-3.118935413,0.791045614,0.60921826,0.020091442,0.012478487
33.94,-2.188692823,-2.492279898,4.930636853,-3.138873946,-1.362320147,-1.855379494,4.956599149,-3.127285486,0.826372676,0.636900404,0.025962296,0.011588459
33.97,-2.191514628,-2.501828881,4.927751173,3.135686361,-1.32951094,-1.837160939,4.954765146,-3.135639286,0.862003689,0.664667942,0.027013973,0.011859659
34.01,-1.794120238,-2.077450843,4.925593741,3.124238831,-1.285421465,-1.812944454,4.952454208,3.136410112,0.508698773,0.264506389,0.026860467,0.012171281
34.04,-1.790243742,-2.079701727,4.912021076,3.116850807,-1.252108079,-1.794843624,4.950816967,3.128065267,0.538135662,0.284858103,0.038795891,0.01121446
34.07,-1.786456051,-2.082059518,4.909003789,3.108465807,-1.21864665,-1.776791101,4.949257059,3.119717106,0.567809401,0.305268417,0.04025327,0.011251299
34.11,-1.781562042,-2.085357654,4.916382689,3.098014038,-1.173819169,-1.752818535,4.947323696,3.108576866,0.607742873,0.332539119,0.030941007,0.010562828
34.14,-1.778021417,-2.087956441,4.913195216,3.089253118,-1.140049183,-1.734927378,4.946004236,3.100218406,0.637972234,0.353029063,0.03280902,0.010965288
34.17,-1.774582672,-2.090657695,4.910703729,3.080765618,-1.106168401,-1.717114,4.944782132,3.091854494,0.668414271,0.373543694,0.034078403,0.011088876
34.21,-1.770132987,-2.094428274,4.911354511,3.069122306,-1.060835745,-1.693527414,4.943284773,3.080687676,0.709297242,0.40090086,0.031930263,0.01156537
34.24,-1.766916054,-2.097376973,4.909514816,3.062344085,-1.026777064,-1.675969588,4.942262524,3.07232009,0.740138991,0.421407386,0.032747708,0.009976004
34.27,-1.763810034,-2.100444857,4.907284573,3.053679085,-0.992693212,-1.658507446,4.94131084,3.06396381,0.771116822,0.441937412,0.034026267,0.010284725
34.31,-1.759843353,-2.104705465,4.911350913,3.042970993,-0.947193147,-1.635393396,4.940190936,3.052819608,0.812650206,0.46931207,0.028840023,0.009848615
34.34,-1.756968004,-2.108029797,4.909755547,3.03439546,-0.913044725,-1.618173655,4.939448243,3.044459514,0.843923279,0.489856141,0.029692696,0.010064054
34.37,-1.75419528,-2.111458551,4.907892534,3.02559046,-0.878914739,-1.601029173,4.93878294,3.036106627,0.875280541,0.510429378,0.030890406,0.010516168
34.41,-1.750685321,-2.116216273,4.91316234,3.015208709,-0.833488104,-1.578294905,4.938016099,3.024976719,0.917197217,0.537921368,0.024853759,0.00976801
34.44,-1.748185682,-2.119903656,4.912313395,3.00717883,-0.799476312,-1.561333522,4.937538575,3.016627982,0.94870937,0.558570134,0.025225179,0.009449152
34.47,-1.745783313,-2.123688262,4.910800589,2.99859133,-0.765506926,-1.544435388,4.937121725,3.008279539,0.980276387,0.579252874,0.026321136,0.009688209
34.51,-1.228315894,-1.776613669,4.91938826,2.986414718,-0.720343781,-1.522012532,4.936670789,2.997149109,0.507972113,0.254601136,0.017282529,0.010734391
34.54,-1.217287115,-1.774564103,4.929817728,2.97885133,-0.686616438,-1.50526893,4.936411009,2.988799347,0.530670678,0.269295173,0.00659328,0.009948018
34.57,-1.206383119,-1.772618028,4.92906442,2.97047383,-0.65299916,-1.488577538,4.936212742,2.980445777,0.553383959,0.28404049,0.007148322,0.009971948
34.61,-1.192031298,-1.770207245,4.936094802,2.959136673,-0.608366564,-1.466416906,4.936079099,2.969306511,0.583664734,0.30379034,-1.5703e-05,0.010169838
34.64,-1.181389932,-1.768538502,4.931953597,2.950926407,-0.575064554,-1.449854929,4.936058996,2.960955749,0.606325378,0.318683574,0.004105399,0.010029342
34.67,-1.170856112,-1.766983281,4.93143965,2.942636407,-0.541923234,-1.433321573,4.936097867,2.952602339,0.628932879,0.333661708,0.004658217,0.009965932
34.71,-1.157004725,-1.76507811,4.939350838,2.930983868,-0.498049775,-1.411310179,4.936239889,2.94145406,0.65895495,0.353767931,-0.003110948,0.010470192
34.74,-1.146741886,-1.763773682,4.929010375,2.92299619,-0.465363728,-1.394820043,4.93642661,2.933100805,0.681378158,0.36895364,0.007416235,0.010104615
34.77,-1.136587214,-1.762581132,4.92851488,2.91455369,-0.432840562,-1.378339572,4.936656657,2.924760314,0.703746652,0.38424156,0.008141776,0.010206624
34.81,-1.123192041,-1.761158443,4.933488989,2.90347863,-0.389833859,-1.35636994,4.937049441,2.913632896,0.733358182,0.404788503,0.003560452,0.010154266
34.84,-1.113282072,-1.760208041,4.934867978,2.894840324,-0.357880727,-1.339889289,4.937407964,2.905268388,0.755401345,0.420318752,0.002539985,0.010428065
34.87,-1.103499477,-1.759354626,4.934628493,2.886400324,-0.326138998,-1.323408788,4.93782509,2.896901965,0.777360478,0.435945838,0.003196597,0.010501642
34.91,-1.090607016,-1.758387381,4.953467588,2.87507053,-0.284191271,-1.301439056,4.938465648,2.885759855,0.806415745,0.456948324,-0.01500194,0.010689325
34.94,-1.081062488,-1.757786806,4.954032145,2.866841976,-0.253046065,-1.284956032,4.939003206,2.877401896,0.828016423,0.472830774,-0.015028939,0.010559921
34.97,-1.071624249,-1.75728574,4.954389195,2.858221976,-0.222158666,-1.268460632,4.939577141,2.869032518,0.849465583,0.488825108,-0.014812054,0.010810542
35.01,-0.647017231,-1.461608639,4.946771238,2.847148362,-0.181443836,-1.246442815,4.940385278,2.857862439,0.465573395,0.215165825,-0.00638596,0.010714077
35.04,-0.630718828,-1.456239613,4.939603125,2.838467273,-0.151237293,-1.229915046,4.94101919,2.849493179,0.479481535,0.226324567,0.001416064,0.011025906
35.07,-0.614524987,-1.450963494,4.939425065,2.829899773,-0.121280145,-1.213372125,4.941668918,2.841131264,0.493244843,0.237591368,0.002243853,0.011231491
35.11,-0.593091574,-1.444099097,4.92424483,2.818756322,-0.081849357,-1.191265443,4.942617645,2.829971742,0.511242217,0.252833655,0.018372815,0.01121542
35.14,-0.577129547,-1.439074422,4.927090248,2.809916842,-0.052673541,-1.174635956,4.943398469,2.821590384,0.524456006,0.264438465,0.016308221,0.011673542
35.17,-0.561261496,-1.434157371,4.926619422,2.801006842,-0.023770882,-1.157968155,4.944243169,2.813213729,0.537490615,0.276189216,0.017623747,0.012206887
35.21,-0.540247794,-1.42777742,4.921386056,2.789318302,0.014270745,-1.135660365,4.945463711,2.802070362,0.554518539,0.292117055,0.024077655,0.01275206
35.24,-0.524599325,-1.423116643,4.921284488,2.781313445,0.042395348,-1.118840314,4.946450797,2.793707813,0.566994672,0.304276329,0.025166309,0.012394368
35.27,-0.509045985,-1.418561979,4.920760699,2.772813445,0.070208268,-1.101940992,4.947477531,2.78532359,0.579254253,0.316620987,0.026716832,0.012510146
35.31,-0.488448135,-1.412647925,4.921645248,2.761484845,0.106745312,-1.079257763,4.948921765,2.774138493,0.595193447,0.333390163,0.027276518,0.012653647
35.34,-0.473100023,-1.408341899,4.931157487,2.752713598,0.133757874,-1.062129208,4.950048464,2.765780319,0.606857898,0.346212691,0.018890978,0.013066721
35.37,-0.457832333,-1.404156126,4.930969457,2.744108598,0.16047211,-1.044905039,4.951202492,2.757429473,0.618304442,0.359251088,0.020233035,0.013320875
35.41,-0.437633572,-1.398740269,4.943462962,2.732808341,0.195504061,-1.021739711,4.952783242,2.746250979,0.633137633,0.377000558,0.00932028,0.013442638
35.44,-0.422592204,-1.394805305,4.95323889,2.7243643,0.221344978,-1.004212438,4.953983735,2.737848656,0.643937183,0.390592867,0.000744845,0.013484356
35.47,-0.407639341,-1.390987298,4.953666785,2.7158293,0.246890204,-0.986578143,4.955192579,2.729467068,0.654529545,0.404409155,0.001525795,0.013637768
35.51,-0.054185014,-1.099007651,4.948197345,2.705046691,0.280402744,-0.962861405,4.956789878,2.718325831,0.334587758,0.136146246,0.008592533,0.01327914
35.54,-0.033658214,-1.090517731,4.953449873,2.696822211,0.30509272,-0.944901017,4.957972716,2.709943433,0.338750934,0.145616714,0.004522844,0.013121222
35.57,-0.013221037,-1.082149335,4.953713362,2.688069711,0.329454427,-0.926809598,4.959137268,2.701535224,0.342675464,0.155339737,0.005423906,0.013465513
35.61,0.013883221,-1.071201584,4.94484182,2.676280026,0.361367226,-0.902456137,4.960711621,2.690342816,0.347484006,0.168745448,0.015869801,0.01406279
35.64,0.034119599,-1.063132894,4.945111778,2.667736296,0.384883582,-0.884015094,4.961899073,2.681981799,0.350763983,0.179117799,0.016787296,0.014245503
35.67,0.05428468,-1.055176267,4.945018907,2.659371296,0.408075992,-0.865431514,4.963098386,2.673611999,0.353791312,0.189744753,0.018079479,0.014240703
35.71,0.081047595,-1.044744436,4.941790197,2.647875511,0.438384889,-0.840372386,4.964710262,2.662395598,0.357337294,0.20437205,0.022920065,0.014520087
35.74,0.101020311,-1.037066176,4.943881939,2.638989114,0.460681425,-0.821373072,4.965937976,2.653984774,0.359661114,0.215693104,0.022056037,0.01499566
35.77,0.120904252,-1.02951143,4.943689061,2.630719114,0.482679401,-0.802230443,4.967172774,2.645606605,0.361775149,0.227280987,0.023483713,0.014887491
35.81,0.1472959,-1.019632607,4.957220998,2.620376479,0.511441563,-0.776427788,4.968828051,2.634452881,0.364145663,0.243204819,0.011607053,0.014076402
35.84,0.16699714,-1.012368038,4.947012098,2.611357012,0.532560113,-0.756847711,4.970071774,2.626046244,0.365562973,0.255520327,0.023059676,0.014689231
35.87,0.1866025,-1.005240281,4.946774311,2.602842012,0.553357896,-0.737103871,4.971308114,2.617622975,0.366755397,0.26813641,0.024533803,0.014780963
35.91,0.212621163,-0.995932937,4.950429233,2.590615095,0.580542418,-0.710497316,4.972934889,2.606433049,0.367921256,0.285435621,0.022505656,0.015817954
35.94,0.232067227,-0.989097015,4.960617885,2.581670205,0.60052263,-0.690327397,4.974131634,2.598066531,0.368455403,0.298769618,0.013513749,0.016396327
35.97,0.251435554,-0.982410587,4.960650909,2.573207705,0.620186917,-0.669986625,4.97532411,2.589678949,0.368751363,0.312423961,0.014673201,0.016471244
36.01,0.522721121,-0.657695635,4.960409543,2.562264833,0.645826933,-0.642546465,4.976884035,2.57844726,0.123105813,0.015149169,0.016474492,0.016182427
36.04,0.546154258,-0.64584773,4.967248629,2.55408806,0.66465639,-0.621742642,4.978034713,2.570042089,0.118502132,0.024105088,0.010786084,0.015954028
36.07,0.569517318,-0.634133409,4.967309094,2.54550306,0.683206746,-0.60078064,4.979159633,2.561666656,0.113689427,0.033352769,0.011850539,0.016163596
36.11,0.600575972,-0.618731626,4.97535431,2.535270061,0.70740149,-0.572517606,4.980645872,2.550492822,0.106825517,0.04621402,0.005291562,0.015222761
36.14,0.62377671,-0.607338877,4.985817593,2.527198233,0.725130301,-0.551071505,4.981739306,2.542072978,0.10135359,0.056267371,-0.004078287,0.014874746
36.17,0.646897429,-0.59607508,4.986301413,2.518575733,0.742572671,-0.529452702,4.98281816,2.533652344,0.095675242,0.066622378,-0.003483253,0.015076611
36.21,0.677597965,-0.581267682,4.993024153,2.50717189,0.7653377,-0.500329507,4.984215918,2.522478346,0.087739735,0.080938176,-0.008808236,0.015306457
36.24,0.700534822,-0.570323969,5.007318647,2.498373055,0.782028997,-0.478252304,4.985220493,2.514106736,0.081494175,0.092071664,-0.022098153,0.01573368
36.27,0.72340004,-0.559499919,5.008205878,2.490048055,0.798423162,-0.45599123,4.986189,2.505706776,0.075023122,0.103508689,-0.022016878,0.01565872
36.31,0.753776391,-0.54526953,5.01646078,2.478304294,0.819748744,-0.425983475,4.987404052,2.494479564,0.065972353,0.119286055,-0.029056728,0.01617527
36.34,0.776486617,-0.534743964,5.031929296,2.469955652,0.835372512,-0.403257879,4.98825722,2.486085485,0.058885895,0.131486085,-0.043672076,0.016129833
36.37,0.799141676,-0.524358798,5.033193739,2.461320652,0.85072688,-0.38037466,4.989053504,2.477706469,0.051585204,0.143984138,-0.044140235,0.016385817
36.41,0.829271277,-0.510728552,5.026574022,2.449872253,0.870668002,-0.349549384,4.990028179,2.46651285,0.041396724,0.161179168,-0.036545843,0.016640597
36.44,0.851788542,-0.500670587,5.016708658,2.440395527,0.885220176,-0.326193201,4.990668253,2.458098375,0.033431634,0.174477386,-0.026040406,0.017702848
36.47,0.874232958,-0.490741862,5.017102137,2.431715527,0.89949772,-0.302680992,4.991251743,2.449691736,0.025264763,0.188060871,-0.025850394,0.017976209
36.51,0.895539388,-0.262313836,5.00335916,2.419719935,0.918047832,-0.271061245,4.991934049,2.438506811,0.022508444,-0.008747409,-0.011425111,0.018786876
36.54,0.917722561,-0.249013968,5.010273411,2.411454177,0.931571212,-0.247125675,4.992403439,2.430112863,0.013848651,0.001888293,-0.017869973,0.018658686
36.57,0.939845167,-0.235851062,5.010208381,2.403149177,0.944799503,-0.223020529,4.992841477,2.421707075,0.004954337,0.012830533,-0.017366904,0.018557898
36.61,0.96925754,-0.218507233,5.009368359,2.392684723,0.961923897,-0.190593607,4.993388221,2.410497772,-0.007333643,0.027913626,-0.015980138,0.017813049
36.64,0.991267274,-0.205684437,5.002553703,2.384692307,0.974412337,-0.166080155,4.993768824,2.402101842,-0.016854937,0.039604282,-0.008784879,0.017409535
36.67,1.013227155,-0.193016953,5.002034068,2.375897307,0.986640234,-0.141417709,4.994124425,2.393708089,-0.026586921,0.051599244,-0.007909643,0.017810782
36.71,1.042402823,-0.176372765,4.979578939,2.364885114,1.002445557,-0.108227784,4.994555964,2.38250213,-0.039957266,0.068144981,0.014977025,0.017617016
36.74,1.064203006,-0.164050239,4.980164667,2.356539704,1.013940332,-0.083108648,4.994845156,2.374090254,-0.050262674,0.080941592,0.014680489,0.01755055
36.77,1.085948265,-0.151870321,4.978819819,2.348034704,1.025196199,-0.057841596,4.995128171,2.365686978,-0.060752067,0.094028725,0.016308353,0.017652274
36.81,1.114880265,-0.135863969,4.986741824,2.336081091,1.039772216,-0.023883813,4.995511973,2.35449774,-0.075108048,0.111980156,0.008770149,0.018416648
36.84,1.136522288,-0.124040489,4.982031683,2.327203731,1.050357005,0.001808127,4.995823871,2.346099541,-0.086165283,0.125848617,0.013792188,0.018895811
36.87,1.158110141,-0.112359837,4.980796755,2.318543731,1.060686243,0.027663968,4.996137133,2.337697542,-0.097423898,0.140023805,0.015340379,0.019153811
36.91,1.186810145,-0.097006371,4.988680058,2.30735616,1.074022392,0.062400749,4.996563688,2.326499836,-0.112787753,0.159407121,0.00788363,0.019143676
36.94,1.208293699,-0.085658205,4.990365528,2.298502674,1.083711132,0.088629484,4.996882263,2.318102932,-0.124582567,0.174287689,0.006516735,0.019600258
36.97,1.229730991,-0.074462008,4.989387062,2.290035174,1.09315751,0.114996651,4.997209478,2.30970326,-0.136573481,0.189458659,0.007822416,0.019668087
37.01,1.188287794,0.201497991,4.98151078,2.278089114,1.105286267,0.150420792,4.997638795,2.298512027,-0.083001526,-0.051077198,0.016128016,0.020422913
37.04,1.208400714,0.216832817,4.983366409,2.269408251,1.114047033,0.177163783,4.997955082,2.290122833,-0.094353681,-0.039669034,0.014588674,0.020714582
37.07,1.228469917,0.232017372,4.982143629,2.260743251,1.122576375,0.204011791,4.998271064,2.28172142,-0.105893542,-0.028005581,0.016127436,0.020978169
37.11,1.255170466,0.252007192,4.983904924,2.248623663,1.133508745,0.240002787,4.998708913,2.270509403,-0.121661722,-0.012004406,0.01480399,0.02188574
37.14,1.275162831,0.266815284,4.96748601,2.240447811,1.141355396,0.267148062,4.999050666,2.262130231,-0.133807435,0.000332778,0.031564655,0.02168242
37.17,1.295116742,0.281493804,4.965813661,2.232032811,1.148947917,0.294385002,4.999398032,2.253775018,-0.146168826,0.012891197,0.033584371,0.021742208
37.21,1.321680864,0.300867433,4.960492402,2.220156247,1.158621381,0.330809688,4.99989099,2.242587809,-0.163059483,0.029942256,0.039398588,0.022431562
37.24,1.341560703,0.315214573,4.96995635,2.212143569,1.165516474,0.358188413,5.000297833,2.234153848,-0.176044229,0.04297384,0.030341484,0.022010279
37.27,1.361413063,0.329406166,4.968508298,2.203531069,1.172116119,0.38561146,5.000751314,2.225761403,-0.189296943,0.056205294,0.032243015,0.022230334
37.31,1.387824601,0.348114026,4.960122894,2.193375981,1.180336325,0.422217485,5.001428048,2.214699813,-0.207488276,0.074103459,0.041305154,0.021323832
37.34,1.407584757,0.361984608,4.967012227,2.184771006,1.186057885,0.449637572,5.001998126,2.206350044,-0.221526871,0.087652964,0.0349859,0.021579037
37.37,1.427321141,0.375693882,4.965690391,2.176113506,1.191443964,0.47700448,5.00260303,2.197893548,-0.235877177,0.101310598,0.036912639,0.021780042
37.41,1.453605518,0.393735086,4.965638391,2.165928096,1.197954245,0.513397265,5.003504459,2.186660014,-0.255651273,0.119662179,0.037866068,0.020731918
37.44,1.473284526,0.407090459,4.975715465,2.158324214,1.202300693,0.540608942,5.004231395,2.178415688,-0.270983833,0.133518483,0.02851593,0.020091474
37.47,1.492925651,0.420295476,4.974852293,2.149759214,1.206256282,0.567727829,5.00499806,2.170178124,-0.286669369,0.147432353,0.030145767,0.02041891
37.51,1.426216243,0.605514692,4.978899906,2.139313648,1.210813626,0.603661211,5.006085448,2.158934396,-0.215402616,-0.001853481,0.027185542,0.019620748
37.54,1.444187979,0.621259818,4.977280661,2.131378057,1.213664822,0.63043878,5.00694277,2.150467148,-0.230523157,0.009178962,0.029662109,0.019089091
37.57,1.462114351,0.636868206,4.976557466,2.122688057,1.216081715,0.657096607,5.007821028,2.142180844,-0.246032636,0.020228401,0.031263561,0.019492786
37.61,1.48596663,0.657465324,4.980058309,2.110500828,1.218506193,0.692379362,5.009010851,2.131365164,-0.267460437,0.034914038,0.028952542,0.020864336
37.64,1.503847815,0.672751175,4.985240514,2.102743566,1.219739621,0.718585066,5.009930529,2.123048093,-0.284108194,0.04583389,0.024690015,0.020304528
37.67,1.521728341,0.687867987,4.984780391,2.094298566,1.220544116,0.744588303,5.010862103,2.114560662,-0.301184225,0.056720317,0.026081712,0.020262097
37.71,1.545561813,0.707765281,4.973658776,2.082544293,1.220797108,0.778905813,5.012141695,2.103448317,-0.324764706,0.071140531,0.038482919,0.020904024
37.74,1.563423773,0.722530529,4.985734147,2.074159368,1.220365194,0.804366555,5.013103185,2.095378899,-0.343058578,0.081836026,0.027369038,0.021219531
37.77,1.581260268,0.737152624,4.985306994,2.065686868,1.219493235,0.829589704,5.014077009,2.087230851,-0.361767033,0.092437079,0.028770015,0.021543983
37.81,1.605033298,0.75640268,4.998649543,2.055514592,1.21753727,0.862742687,5.015395621,2.075955378,-0.387496028,0.106340007,0.016746078,0.020440786
37.84,1.622868125,0.770667245,5.008891084,2.04678639,1.215459936,0.887260937,5.016403963,2.067554551,-0.407408189,0.116593692,0.007512879,0.020768161
37.87,1.640700043,0.784797208,5.009167088,2.03805389,1.212932269,0.911534229,5.01740598,2.059408528,-0.427767774,0.126737021,0.008238892,0.021354638
37.91,1.66444918,0.803448344,5.009093723,2.026713756,1.20875943,0.94340216,5.01871199,2.04864233,-0.45568975,0.139953817,0.009618267,0.021928574
37.94,1.682247633,0.817283549,5.00713312,2.019481644,1.205050255,0.966884723,5.019653818,2.04024825,-0.477197378,0.149601173,0.012520698,0.020766606
37.97,1.700045084,0.830972499,5.007164788,2.010999144,1.20091697,0.990063214,5.020563084,2.031749447,-0.499128115,0.159090716,0.013398296,0.020750303
38.01,1.483916952,1.0100854,5.006837014,2.000385438,1.194608892,1.020435059,5.021723128,2.020782984,-0.28930806,0.010349659,0.014886114,0.020397546
38.04,1.497557193,1.026263143,5.009082113,1.992789174,1.189287062,1.042792716,5.022544487,2.012737127,-0.308270131,0.016529573,0.013462374,0.019947953
38.07,1.511206697,1.04231866,5.00897854,1.984039174,1.183550526,1.064810277,5.023342146,2.004507243,-0.32765617,0.022491617,0.014363607,0.020468068
38.11,1.52940255,1.063499893,5.011970995,1.972719709,1.175161365,1.093529884,5.024351858,1.993240378,-0.354241186,0.030029992,0.012380863,0.020520669
38.14,1.543044519,1.079234972,5.005495314,1.964017609,1.168335851,1.114619798,5.025078502,1.984977213,-0.374708668,0.035384825,0.019583189,0.020959604
38.17,1.556663583,1.094842964,5.005114216,1.955405109,1.161156573,1.135389177,5.025782063,1.976824189,-0.39550701,0.040546213,0.020667846,0.02141908
38.21,1.574793222,1.115443536,4.98554455,1.944868401,1.151034118,1.162484422,5.026721028,1.965579023,-0.423759104,0.047040887,0.041176479,0.020710622
38.24,1.588373632,1.130715886,4.985105461,1.936810015,1.14312073,1.18242402,5.0274352,1.957019401,-0.445252902,0.051708134,0.042329739,0.020209385
38.27,1.601948584,1.145832622,4.984124256,1.928137515,1.135032532,1.202166218,5.028183493,1.948630774,-0.466916052,0.056333597,0.044059237,0.020493258
38.31,1.620027328,1.165791473,4.979539617,1.917197545,1.124068014,1.228214976,5.029240421,1.937601019,-0.495959314,0.062423503,0.049700804,0.020403474
38.34,1.633573186,1.180604086,4.968457698,1.909015014,1.115839734,1.247552233,5.030103239,1.929259291,-0.517733451,0.066948147,0.061645541,0.020244277
38.37,1.647120879,1.195274954,4.967055415,1.900547514,1.107668913,1.266761521,5.030999598,1.920931387,-0.539451966,0.071486568,0.063944183,0.020383874
38.41,1.665195505,1.214641188,4.97791589,1.889041121,1.096929132,1.292244764,5.032272292,1.909858425,-0.568266373,0.077603576,0.054356402,0.020817304
38.44,1.678756315,1.229036763,4.992716757,1.88209134,1.089018755,1.311321619,5.03326874,1.901464228,-0.589737559,0.082284856,0.040551983,0.019372888
38.47,1.69232734,1.243338123,4.992216839,1.87361134,1.081238165,1.330358099,5.034301084,1.8930518,-0.611089175,0.087019976,0.042084245,0.01944046
38.51,1.502025315,1.338225331,5.005341194,1.86262859,1.071131041,1.355630283,5.035703281,1.881967196,-0.430894274,0.017404952,0.030362087,0.019338606
38.54,1.512027292,1.353545048,5.016203172,1.854380512,1.063740923,1.374544011,5.036753701,1.873677237,-0.448286369,0.020998963,0.020550529,0.019296726
38.57,1.522034347,1.36873628,5.016354906,1.845900512,1.056473547,1.393469657,5.037797567,1.865303712,-0.4655608,0.024733377,0.021442661,0.0194032
38.61,1.535390558,1.388806506,5.021949715,1.834135256,1.04700975,1.418714803,5.039160809,1.854063592,-0.488380808,0.029908297,0.017211094,0.019928337
38.64,1.545414094,1.403727027,5.013933659,1.826064653,1.040109432,1.437618447,5.040158473,1.845742546,-0.505304661,0.03389142,0.026224814,0.019677893
38.67,1.555450974,1.418505044,5.013763323,1.817502153,1.033370022,1.456516347,5.041124606,1.837493908,-0.522080952,0.038011304,0.027361283,0.019991754
38.71,1.568838478,1.438011037,5.012057023,1.806797664,1.024696916,1.481797048,5.042391525,1.826356943,-0.544141561,0.04378601,0.030334502,0.019559278
38.74,1.578882993,1.452526627,5.022344561,1.79926144,1.018438761,1.500840294,5.043311107,1.817853436,-0.560444232,0.048313667,0.020966546,0.018591997
38.77,1.588920178,1.466942931,5.022285101,1.79076644,1.01236481,1.519909863,5.044230596,1.809408839,-0.576555368,0.052966932,0.021945495,0.0186424
38.81,1.602318474,1.485981802,5.018982174,1.779783982,1.004577038,1.545359976,5.045433486,1.79834374,-0.597741436,0.059378174,0.026451313,0.018559758
38.84,1.612382211,1.500095283,5.029754062,1.77226069,0.998919204,1.564515559,5.046329141,1.789989666,-0.613463007,0.064420275,0.016575079,0.017728977
38.87,1.622452726,1.514092749,5.029780399,1.76369069,0.993362796,1.583742739,5.047200221,1.781553408,-0.62908993,0.06964999,0.017419822,0.017862718
38.91,1.635879616,1.53258506,5.028392875,1.752981635,0.986106659,1.609455266,5.048340767,1.770319759,-0.649772957,0.076870206,0.019947891,0.017338124
38.94,1.645939064,1.546325173,5.039578622,1.744481739,0.980751977,1.628752454,5.049169488,1.761953275,-0.665187087,0.082427281,0.009590865,0.017471536
38.97,1.655998123,1.559929647,5.039720183,1.735994239,0.975435622,1.648080458,5.049980285,1.753579958,-0.680562502,0.088150812,0.010260102,0.017585719
39.01,1.448828828,1.758566931,5.043943355,1.725516284,0.968370467,1.673973638,5.051035204,1.742383562,-0.480458361,-0.084593293,0.00709185,0.016867278
39.04,1.45507722,1.775011681,5.037847574,1.717014174,0.96306523,1.69346731,5.051785749,1.733997117,-0.49201199,-0.081544371,0.013938175,0.016982943
39.07,1.461324646,1.791355683,5.037742607,1.708456674,0.957745693,1.712976792,5.052514398,1.725605237,-0.503578953,-0.078378892,0.014771791,0.017148563
39.11,1.469636412,1.812955631,5.035798881,1.697967756,0.950604413,1.739031625,5.053427215,1.714398301,-0.519031999,-0.073924005,0.017628334,0.016430546
39.14,1.475852821,1.829001596,5.045032093,1.688004057,0.945205635,1.758675566,5.054090701,1.706019212,-0.530647186,-0.07032603,0.009058607,0.018015156
39.17,1.482056393,1.844936265,5.044952571,1.679851557,0.939790204,1.778410165,5.054720439,1.697658317,-0.542266189,-0.0665261,0.009767868,0.01780676
39.21,1.490327364,1.866032151,5.046959083,1.669330223,0.932585988,1.804830062,5.055534568,1.686499042,-0.557741376,-0.061202088,0.008575485,0.01716882
39.24,1.496516204,1.881716727,5.047983029,1.661646406,0.927218359,1.82470654,5.056104629,1.678140483,-0.569297845,-0.057010188,0.008121599,0.016494077
39.27,1.502696949,1.897277013,5.047829843,1.653263906,0.921873945,1.844665773,5.056658297,1.669774264,-0.580823005,-0.052611239,0.008828454,0.016510359
39.31,1.510921704,1.917853188,5.053787771,1.643132082,0.91477058,1.871480961,5.057340253,1.658593912,-0.596151124,-0.046372227,0.003552483,0.015461829
39.34,1.517081276,1.933176272,5.059553044,1.635509233,0.909442981,1.891705197,5.05781635,1.650213356,-0.607638296,-0.041471075,-0.001736694,0.014704123
39.37,1.52322574,1.948393915,5.059532116,1.627046733,0.904103254,1.911978741,5.058265332,1.641817918,-0.619122486,-0.036415173,-0.001266783,0.014771186
39.41,1.531382047,1.968466483,5.062046856,1.615350886,0.896932431,1.939141211,5.058812393,1.630591244,-0.634449617,-0.029325272,-0.003234463,0.015240357
39.44,1.53749381,1.983382358,5.058911594,1.607293549,0.891493015,1.95967028,5.059177947,1.6222124,-0.646000795,-0.023712079,0.000266353,0.014918852
39.47,1.543599635,1.998183651,5.058618887,1.598646049,0.885999696,1.980304763,5.059496326,1.613867852,-0.657599939,-0.017878888,0.00087744,0.015221803
39.51,1.265972815,2.065969967,5.049813036,1.587235254,0.878564478,2.007938531,5.059866324,1.602678954,-0.387408337,-0.058031436,0.010053288,0.0154437
39.54,1.267146072,2.081303135,5.05393024,1.57819855,0.872892856,2.028757889,5.060097389,1.594226815,-0.394253216,-0.052545246,0.006167149,0.016028265
39.57,1.268322188,2.096513074,5.053329567,1.56934355,0.867143404,2.04968863,5.060315214,1.585823073,-0.401178783,-0.046824444,0.006985647,0.016479523
39.61,1.269872707,2.116614451,5.047474826,1.558198367,0.859335147,2.077820829,5.060554035,1.574731259,-0.41053756,-0.038793622,0.013079209,0.016532892
39.64,1.271016131,2.131577615,5.054528798,1.549305864,0.85340448,2.099041957,5.060707771,1.566387016,-0.417611651,-0.032535658,0.006178972,0.017081152
39.67,1.272127172,2.146401678,5.053804907,1.540545864,0.847459406,2.120340153,5.060833433,1.558014065,-0.424667766,-0.026061525,0.007028525,0.017468201
39.71,1.27356701,2.165951795,5.042114146,1.529094883,0.839590809,2.148946914,5.060984691,1.546857458,-0.433976201,-0.017004881,0.018870545,0.017762575
39.74,1.274631333,2.180492928,5.043202194,1.520902889,0.833787733,2.170593117,5.061060793,1.538433634,-0.4408436,-0.009899811,0.017858599,0.017530745
39.77,1.275677079,2.194939367,5.042016324,1.512307889,0.828072833,2.192350414,5.06111951,1.529992673,-0.447604247,-0.002588954,0.019103186,0.017684784
39.81,1.277044456,2.214042969,5.04601167,1.501564483,0.820615622,2.221511476,5.061179438,1.518811328,-0.456428834,0.007468508,0.015167767,0.017246845
39.84,1.278044584,2.228216474,5.033724918,1.492937444,0.815135007,2.243529704,5.061221567,1.510433838,-0.462909577,0.01531323,0.027496649,0.017496393
39.87,1.279030526,2.24226996,5.032185308,1.484377444,0.809727919,2.265691423,5.061256805,1.502026303,-0.469302606,0.023421463,0.029071497,0.017648859
39.91,1.280326585,2.260828003,5.045731715,1.473320026,0.802634502,2.295478984,5.061262537,1.490806538,-0.477692083,0.034650981,0.015530822,0.017486511
39.94,1.281296185,2.274612797,5.040443585,1.465272671,0.797385043,2.31794381,5.061260738,1.482414776,-0.483911142,0.043331013,0.020817152,0.017142105
39.97,1.282249969,2.28826575,5.039071652,1.456602671,0.792180299,2.340502904,5.061248279,1.47402495,-0.49006967,0.052237154,0.022176626,0.017422279
40.01,1.04253778,2.404898351,5.041892329,1.445926159,0.785318376,2.370828199,5.061216055,1.462827434,-0.257219404,-0.034070151,0.019323725,0.016901275
