time_sec,est_x,est_y,est_z,est_yaw,true_x,true_y,true_z,true_yaw,err_x,err_y,err_z,err_yaw
0.000000000,-2.000029282,-1.999980147,0.071714966,-0.037328400,-2.000000000,-2.000000000,0.050029904,-0.000000000,0.000029282,-0.000019853,-0.021685063,0.037328400
0.040000000,-2.000089811,-1.999917398,0.044673762,-0.017264824,-2.000000000,-2.000000000,0.050059808,-0.000000000,0.000089811,-0.000082602,0.005386045,0.017264824
0.070000000,-2.000190248,-1.999801962,0.044411406,-0.017157324,-2.000000000,-2.000000000,0.050089742,-0.000000000,0.000190248,-0.000198038,0.005678336,0.017157324
0.110000000,-2.000399797,-1.999580092,0.038136933,-0.021838126,-2.000000000,-2.000000000,0.050129732,-0.000000000,0.000399797,-0.000419908,0.011992798,0.021838126
0.140000000,-2.000608966,-1.999362722,0.046093333,-0.007351170,-2.000000000,-2.000000000,0.050159731,-0.000076884,0.000608966,-0.000637278,0.004066399,0.007274286
0.170000000,-2.000853301,-1.999086181,0.045887084,-0.008388670,-1.999999999,-1.999999999,0.050394148,-0.000927458,0.000853302,-0.000913819,0.004507064,0.007461212
0.210000000,-2.001237230,-1.998644265,0.051120898,-0.002288139,-1.999998653,-1.999999647,0.051923650,-0.004080178,0.001238577,-0.001355382,0.000802752,-0.001792039
0.240000000,-2.001588589,-1.998249055,0.053126075,-0.010061756,-1.999994253,-1.999998405,0.054040266,-0.007670049,0.001594336,-0.001749350,0.000914191,0.002391708
0.270000000,-2.002002284,-1.997807284,0.055481970,-0.014599256,-1.999987196,-1.999996160,0.056833563,-0.011994325,0.002015087,-0.002188876,0.001351593,0.002604932
0.310000000,-2.002613104,-1.997147217,0.057430475,-0.023003085,-1.999975160,-1.999991219,0.061728104,-0.018869219,0.002637944,-0.002844002,0.004297629,0.004133865
0.340000000,-2.003122111,-1.996589142,0.064806683,-0.031468973,-1.999964240,-1.999985975,0.066211630,-0.024689192,0.003157871,-0.003396833,0.001404947,0.006779781
0.370000000,-2.003686213,-1.995976096,0.069347849,-0.037646473,-1.999950496,-1.999979760,0.071246152,-0.030904390,0.003735717,-0.004003664,0.001898303,0.006742083
0.410000000,-2.004505371,-1.995077748,0.077499248,-0.044131134,-1.999925904,-1.999970708,0.078901046,-0.039786194,0.004579466,-0.004892960,0.001401798,0.004344939
0.440000000,-2.005166797,-1.994349060,0.088639671,-0.045676885,-1.999904274,-1.999964333,0.085295221,-0.046803044,0.005262523,-0.005615273,-0.003344451,-0.001126159
0.470000000,-2.005873510,-1.993587760,0.095232081,-0.053129385,-1.999880974,-1.999958651,0.092132928,-0.054031505,0.005992535,-0.006370891,-0.003099153,-0.000902120
0.510000000,-1.948482132,-1.797491773,0.100225442,-0.063172548,-1.999845069,-1.999952866,0.102010238,-0.063987991,-0.051362937,-0.202461094,0.001784796,-0.000815443
0.540000000,-1.948125102,-1.792751238,0.097559670,-0.074432141,-1.999813261,-1.999950599,0.109946770,-0.071645623,-0.051688159,-0.207199361,0.012387100,0.002786519
0.570000000,-1.947820241,-1.787941717,0.104494900,-0.082084641,-1.999778592,-1.999950384,0.118249226,-0.079415541,-0.051958351,-0.212008667,0.013754326,0.002669100
0.610000000,-1.947489647,-1.781415798,0.118794362,-0.090053627,-1.999729154,-1.999964401,0.129957017,-0.089943723,-0.052239508,-0.218548603,0.011162656,0.000109904
0.640000000,-1.947285902,-1.776425939,0.133432271,-0.097098594,-1.999689819,-2.000019946,0.139175056,-0.097938459,-0.052403917,-0.223594006,0.005742786,-0.000839865
0.670000000,-1.947100821,-1.771350920,0.142204332,-0.105028594,-1.999648770,-2.000146066,0.148699426,-0.105993692,-0.052547949,-0.228795146,0.006495094,-0.000965098
0.710000000,-1.946892737,-1.764463537,0.151326257,-0.114601233,-1.999596250,-2.000518924,0.161935773,-0.116832541,-0.052703513,-0.236055387,0.010609517,-0.002231307
0.740000000,-1.946768535,-1.759214640,0.156258078,-0.125798788,-1.999567754,-2.000993435,0.172221772,-0.125018211,-0.052799219,-0.241778795,0.015963694,0.000780577
0.770000000,-1.946688643,-1.753906793,0.165334499,-0.133896288,-1.999551647,-2.001617217,0.182749152,-0.133228197,-0.052863004,-0.247710424,0.017414654,0.000668092
0.810000000,-1.946643423,-1.746752624,0.183420194,-0.145600578,-1.999551103,-2.002709572,0.197203164,-0.144212599,-0.052907680,-0.255956948,0.013782970,0.001387979
0.840000000,-1.946649791,-1.741342203,0.200108214,-0.153011286,-1.999561510,-2.003701994,0.208334054,-0.152485864,-0.052911719,-0.262359792,0.008225840,0.000525423
0.870000000,-1.946683700,-1.735878761,0.210703497,-0.161373786,-1.999579035,-2.004804001,0.219661359,-0.160779990,-0.052895335,-0.268925240,0.008957862,0.000593796
0.910000000,-1.946783107,-1.728518792,0.237369528,-0.172862614,-1.999617763,-2.006447402,0.235101545,-0.171860033,-0.052834657,-0.277928611,-0.002267982,0.001002581
0.940000000,-1.946915610,-1.722924115,0.242725486,-0.180265219,-1.999656978,-2.007792750,0.246916198,-0.180182763,-0.052741368,-0.284868635,0.004190712,0.000082456
0.970000000,-1.947100123,-1.717267245,0.254204179,-0.188532719,-1.999700172,-2.009212238,0.258892328,-0.188517647,-0.052600050,-0.291944993,0.004688149,0.000015072
1.010000000,-1.858003632,-1.815356919,0.283968155,-0.200665764,-1.999761757,-2.011229858,0.275138304,-0.199650746,-0.141758125,-0.195872939,-0.008829851,0.001015019
1.040000000,-1.856887659,-1.811147806,0.290780446,-0.210321798,-1.999813493,-2.012827758,0.287518104,-0.208008524,-0.142925834,-0.201679952,-0.003262341,0.002313274
1.070000000,-1.855800230,-1.806877954,0.303179785,-0.218834298,-1.999870964,-2.014481799,0.300033498,-0.216371773,-0.144070734,-0.207603846,-0.003146287,0.002462524
1.110000000,-1.854401956,-1.801087339,0.316315703,-0.230616867,-1.999956753,-2.016777723,0.316957498,-0.227534668,-0.145554797,-0.215690384,0.000641795,0.003082199
1.140000000,-1.853412166,-1.796675960,0.329367855,-0.237970239,-2.000029583,-2.018546847,0.329813495,-0.235914060,-0.146617417,-0.221870887,0.000445640,0.002056179
1.170000000,-1.852451346,-1.792206691,0.341873240,-0.246190239,-2.000111977,-2.020330978,0.342784246,-0.244297022,-0.147660630,-0.228124288,0.000911006,0.001893217
1.210000000,-1.851221279,-1.786139260,0.357018893,-0.257268823,-2.000238405,-2.022702798,0.360280256,-0.255475400,-0.149017126,-0.236563538,0.003261363,0.001793423
1.240000000,-1.850324799,-1.781495132,0.372425994,-0.266445684,-2.000334989,-2.024459318,0.373543794,-0.263862481,-0.150010190,-0.242964186,0.001117800,0.002583203
1.270000000,-1.849461555,-1.776791189,0.385269296,-0.274808184,-2.000427754,-2.026196589,0.386902836,-0.272248046,-0.150966199,-0.249405400,0.001633539,0.002560138
1.310000000,-1.848353852,-1.770397469,0.408944680,-0.283279414,-2.000552726,-2.028479364,0.404880251,-0.283424933,-0.152198874,-0.258081894,-0.004064430,-0.000145520
1.340000000,-1.847554529,-1.765524912,0.425093498,-0.290966563,-2.000658096,-2.030170988,0.418478497,-0.291809531,-0.153103567,-0.264646076,-0.006615001,-0.000842968
1.370000000,-1.846778848,-1.760570693,0.438717807,-0.299214063,-2.000772116,-2.031853245,0.432154410,-0.300195168,-0.153993269,-0.271282552,-0.006563397,-0.000981105
1.410000000,-1.845766140,-1.753851884,0.457136403,-0.310142857,-2.000932632,-2.034090603,0.450525861,-0.311377782,-0.155166492,-0.280238719,-0.006610543,-0.001234925
1.440000000,-1.845044034,-1.748741196,0.465460477,-0.319277171,-2.001062360,-2.035770359,0.464397668,-0.319767104,-0.156018326,-0.287029163,-0.001062808,-0.000489933
1.470000000,-1.844342116,-1.743563847,0.478818283,-0.327369671,-2.001206269,-2.037452912,0.478335570,-0.328156433,-0.156864153,-0.293889065,-0.000482713,-0.000786762
1.510000000,-1.864545059,-1.932361532,0.498727463,-0.337996688,-2.001429079,-2.039706450,0.497028452,-0.339339996,-0.136884020,-0.107344918,-0.001699011,-0.001343308
1.540000000,-1.864184562,-1.929588516,0.517222090,-0.347710388,-2.001613553,-2.041411524,0.511127391,-0.347728707,-0.137428991,-0.111823008,-0.006094699,-0.000018319
1.570000000,-1.863851325,-1.926737942,0.531133901,-0.355917888,-2.001809173,-2.043131270,0.525284366,-0.356118187,-0.137957848,-0.116393328,-0.005849536,-0.000200299
1.610000000,-1.863441787,-1.922825048,0.553120359,-0.364851730,-2.002100797,-2.045443226,0.544269814,-0.367300331,-0.138659010,-0.122618178,-0.008850545,-0.002448601
1.640000000,-1.863150088,-1.919830588,0.566337069,-0.372930762,-2.002346977,-2.047159782,0.558579427,-0.375685152,-0.139196889,-0.127329194,-0.007757642,-0.002754389
1.670000000,-1.862885419,-1.916789078,0.582421154,-0.381400762,-2.002603829,-2.048831982,0.572942413,-0.384068600,-0.139718410,-0.132042904,-0.009478742,-0.002667838
1.710000000,-1.862594158,-1.912644537,0.602056243,-0.393262615,-2.002933994,-2.050922150,0.592191924,-0.395241328,-0.140339836,-0.138277614,-0.009864320,-0.001978713
1.740000000,-1.862395816,-1.909452097,0.609844790,-0.401765429,-2.003155928,-2.052353919,0.606681351,-0.403609343,-0.140760112,-0.142901822,-0.003163439,-0.001843914
1.770000000,-1.862205513,-1.906190007,0.623672650,-0.410072929,-2.003360660,-2.053680821,0.621204885,-0.411975532,-0.141155147,-0.147490814,-0.002467765,-0.001902603
1.810000000,-1.861973695,-1.901718684,0.641678934,-0.421110797,-2.003613099,-2.055270476,0.640630219,-0.423150209,-0.141639405,-0.153551792,-0.001048715,-0.002039412
1.840000000,-1.861828107,-1.898281727,0.654636953,-0.430524216,-2.003791829,-2.056351771,0.655240975,-0.431537971,-0.141963723,-0.158070043,0.000604022,-0.001013754
1.870000000,-1.861705208,-1.894760438,0.668330940,-0.438744216,-2.003965675,-2.057369131,0.669878236,-0.439922605,-0.142260467,-0.162608693,0.001547296,-0.001178388
1.910000000,-1.861558159,-1.889960398,0.689241858,-0.450429518,-2.004202762,-2.058631338,0.689439103,-0.451102443,-0.142644603,-0.168670940,0.000197244,-0.000672925
1.940000000,-1.861463157,-1.886283882,0.707189910,-0.458196451,-2.004398080,-2.059521496,0.704141709,-0.459491937,-0.142934923,-0.173237614,-0.003048201,-0.001295486
1.970000000,-1.861386726,-1.882524432,0.721322734,-0.466441451,-2.004609248,-2.060379497,0.718864952,-0.467881888,-0.143222523,-0.177855066,-0.002457782,-0.001440437
2.010000000,-1.886321192,-1.859012876,0.733699401,-0.476805878,-2.004917925,-2.061481138,0.738534426,-0.479067370,-0.118596733,-0.202468263,0.004835025,-0.002261492
2.040000000,-1.886557698,-1.854845167,0.747061645,-0.486204438,-2.005173620,-2.062285165,0.753311320,-0.487457527,-0.118615922,-0.207439998,0.006249675,-0.001253089
2.070000000,-1.886803908,-1.850605658,0.760646995,-0.494676938,-2.005453427,-2.063076205,0.768107359,-0.495848482,-0.118649519,-0.212470547,0.007460364,-0.001171544
2.110000000,-1.887153902,-1.844854250,0.787233083,-0.504397349,-2.005876469,-2.064115155,0.787865311,-0.507035353,-0.118722567,-0.219260904,0.000632228,-0.002638004
2.140000000,-1.887412474,-1.840466986,0.804295923,-0.511570584,-2.006227374,-2.064893736,0.802707261,-0.515425645,-0.118814900,-0.224426751,-0.001588662,-0.003855061
2.170000000,-1.887676423,-1.835996192,0.818582869,-0.519948084,-2.006601237,-2.065678225,0.817563352,-0.523817718,-0.118924814,-0.229682033,-0.001019517,-0.003869634
2.210000000,-1.888053784,-1.829916737,0.843935209,-0.530609186,-2.007150628,-2.066739295,0.837397644,-0.535008447,-0.119096845,-0.236822558,-0.006537565,-0.004399262
2.240000000,-1.888341926,-1.825262532,0.855564446,-0.539150365,-2.007608645,-2.067548406,0.852291477,-0.543398539,-0.119266720,-0.242285874,-0.003272969,-0.004248175
2.270000000,-1.888644107,-1.820526901,0.869960660,-0.547435365,-2.008099065,-2.068371060,0.867197469,-0.551787473,-0.119454958,-0.247844158,-0.002763191,-0.004352109
2.310000000,-1.889063727,-1.814105029,0.891624410,-0.559077030,-2.008805542,-2.069501374,0.887094926,-0.562977868,-0.119741815,-0.255396345,-0.004529483,-0.003900839
2.340000000,-1.889392408,-1.809210685,0.909996844,-0.566137494,-2.009376729,-2.070375524,0.902032484,-0.571373647,-0.119984321,-0.261164840,-0.007964360,-0.005236153
2.370000000,-1.889730825,-1.804240658,0.924738138,-0.574524994,-2.009982551,-2.071266923,0.916981562,-0.579766977,-0.120251726,-0.267026266,-0.007756576,-0.005241983
2.410000000,-1.890203701,-1.797523879,0.945362546,-0.585605688,-2.010853517,-2.072488295,0.936929629,-0.590952669,-0.120649816,-0.274964416,-0.008432917,-0.005346982
2.440000000,-1.890567426,-1.792391781,0.950588259,-0.592865492,-2.011547050,-2.073434480,0.951904438,-0.599344532,-0.120979624,-0.281042699,0.001316178,-0.006479040
2.470000000,-1.890925309,-1.787180200,0.964607119,-0.601197992,-2.012268251,-2.074404366,0.966886219,-0.607739748,-0.121342943,-0.287224166,0.002279101,-0.006541756
2.510000000,-1.890251984,-1.768488387,0.984108505,-0.612044740,-2.013287725,-2.075737521,0.986877915,-0.618931630,-0.123035742,-0.307249134,0.002769410,-0.006886890
2.540000000,-1.890579905,-1.762952552,0.989966214,-0.621166511,-2.014098623,-2.076766252,1.001880542,-0.627320540,-0.123518718,-0.313813700,0.011914328,-0.006154029
2.570000000,-1.890902263,-1.757339610,1.003358115,-0.629394011,-2.014939339,-2.077819138,1.016890815,-0.635708991,-0.124037076,-0.320479528,0.013532699,-0.006314980
2.610000000,-1.891322377,-1.749755343,1.024374933,-0.640940924,-2.016108419,-2.079273117,1.036915642,-0.646900256,-0.124786042,-0.329517774,0.012540709,-0.005959332
2.640000000,-1.891633573,-1.743977068,1.044431471,-0.649940918,-2.017024718,-2.080400906,1.051942731,-0.655294438,-0.125391145,-0.336423838,0.007511261,-0.005353521
2.670000000,-1.891938408,-1.738119558,1.058405676,-0.658053418,-2.017973572,-2.081555383,1.066975603,-0.663685000,-0.126035164,-0.343435825,0.008569927,-0.005631582
2.710000000,-1.892358216,-1.730203341,1.078574575,-0.669543830,-2.019296112,-2.083150687,1.087028727,-0.674870306,-0.126937896,-0.352947346,0.008454153,-0.005326476
2.740000000,-1.892655616,-1.724173579,1.091861536,-0.677839662,-2.020325774,-2.084396089,1.102075263,-0.683264622,-0.127670159,-0.360222511,0.010213727,-0.005424960
2.770000000,-1.892924847,-1.718063191,1.105756284,-0.686249662,-2.021383227,-2.085677048,1.117125044,-0.691661903,-0.128458380,-0.367613857,0.011368760,-0.005412241
2.810000000,-1.893278016,-1.709789908,1.125369936,-0.697659741,-2.022849241,-2.087444199,1.137199884,-0.702852703,-0.129571225,-0.377654291,0.011829948,-0.005192962
2.830000000,-1.893548658,-1.703484925,1.139054102,-0.706417236,-2.023604567,-2.088351266,1.147238911,-0.708444895,-0.130055908,-0.384866342,0.008184809,-0.002027660
2.870000000,-1.893815503,-1.697097564,1.152890692,-0.714734736,-2.025151286,-2.090216737,1.167323991,-0.719632113,-0.131335783,-0.393119173,0.014433299,-0.004897377
2.910000000,-1.894164894,-1.688452162,1.179230368,-0.725160564,-2.026740092,-2.092152421,1.187413788,-0.730826739,-0.132575197,-0.403700259,0.008183420,-0.005666175
2.930000000,-1.894420399,-1.681874489,1.187876960,-0.733842132,-2.027551642,-2.093144269,1.197461824,-0.736423405,-0.133131243,-0.411269780,0.009584865,-0.002581273
2.970000000,-1.894653392,-1.675206725,1.201708072,-0.742139632,-2.029210716,-2.095172528,1.217561223,-0.747610520,-0.134557324,-0.419965803,0.015853152,-0.005470888
3.010000000,-1.962210600,-1.738142159,1.227907717,-0.753416645,-2.030909302,-2.097265952,1.237666851,-0.758797460,-0.068698702,-0.359123792,0.009759134,-0.005380815
3.030000000,-1.963286158,-1.732214636,1.243018563,-0.761837347,-2.031770098,-2.098339502,1.247721227,-0.764393878,-0.068483940,-0.366124866,0.004702664,-0.002556532
3.070000000,-1.964353736,-1.726203262,1.257307881,-0.770144847,-2.033516059,-2.100537862,1.267835006,-0.775584713,-0.069162323,-0.374334601,0.010527125,-0.005439866
3.110000000,-1.965778652,-1.718076069,1.277573402,-0.779941045,-2.035296312,-2.102794900,1.287959246,-0.786766701,-0.069517660,-0.384718831,0.010385844,-0.006825656
3.140000000,-1.966845745,-1.711903151,1.292159752,-0.788182148,-2.036641380,-2.104516660,1.303054084,-0.795149308,-0.069795635,-0.392613509,0.010894331,-0.006967161
3.170000000,-1.967902463,-1.705652454,1.301700655,-0.796512148,-2.037977682,-2.106249100,1.318153836,-0.803533595,-0.070075219,-0.400596647,0.016453181,-0.007021448
3.180000000,-1.969288649,-1.697213551,1.317999517,-0.807461275,-2.038416160,-2.106826442,1.323189699,-0.806329537,-0.069127511,-0.409612891,0.005190182,0.001131738
3.240000000,-1.970325618,-1.690804636,1.330685631,-0.815738836,-2.040976378,-2.110259528,1.353411570,-0.823109124,-0.070650760,-0.419454892,0.022725939,-0.007370288
3.270000000,-1.971364240,-1.684318236,1.344311185,-0.824131336,-2.042198706,-2.111948744,1.368523738,-0.831505196,-0.070834465,-0.427630508,0.024212553,-0.007373860
3.310000000,-1.972723198,-1.675548213,1.359960662,-0.836557786,-2.043757815,-2.114179050,1.388674520,-0.842701528,-0.071034617,-0.438630838,0.028713858,-0.006143742
3.340000000,-1.973708640,-1.668874905,1.373365720,-0.844889195,-2.044878937,-2.115844086,1.403787037,-0.851094943,-0.071170297,-0.446969181,0.030421317,-0.006205748
3.370000000,-1.974677363,-1.662127156,1.393278260,-0.853194195,-2.045971411,-2.117506880,1.418899970,-0.859487906,-0.071294047,-0.455379724,0.025621710,-0.006293712
3.410000000,-1.975939232,-1.653002755,1.419755326,-0.864060690,-2.047384376,-2.119727673,1.439048252,-0.870678924,-0.071445145,-0.466724918,0.019292926,-0.006618234
3.440000000,-1.976880589,-1.646051068,1.435172111,-0.873101077,-2.048413569,-2.121406340,1.454158946,-0.879071173,-0.071532980,-0.475355272,0.018986835,-0.005970096
3.470000000,-1.977808735,-1.639019977,1.450291518,-0.881531077,-2.049421588,-2.123100018,1.469268126,-0.887463369,-0.071612853,-0.484080041,0.018976608,-0.005932292
3.510000000,-1.929771222,-1.758715344,1.475209653,-0.892818376,-2.050733006,-2.125388751,1.489412084,-0.898653581,-0.120961784,-0.366673408,0.014202431,-0.005835205
3.540000000,-1.930017201,-1.753163373,1.489511535,-0.900624535,-2.051697135,-2.127129943,1.504518612,-0.907046280,-0.121679934,-0.373966570,0.015007077,-0.006421745
3.570000000,-1.930248903,-1.747524059,1.504659417,-0.909122035,-2.052647599,-2.128893202,1.519625549,-0.915441105,-0.122398696,-0.381369143,0.014966133,-0.006319070
3.610000000,-1.930515952,-1.739852730,1.521695639,-0.919395059,-2.053889396,-2.131290794,1.539772444,-0.926637511,-0.123373444,-0.391438064,0.018076805,-0.007242452
3.640000000,-1.930680690,-1.734009266,1.535736396,-0.928072661,-2.054805324,-2.133116033,1.554886863,-0.935036096,-0.124124633,-0.399106767,0.019150467,-0.006963435
3.670000000,-1.930820232,-1.728092738,1.552212634,-0.936152661,-2.055712017,-2.134951560,1.570006240,-0.943434810,-0.124891785,-0.406858823,0.017793606,-0.007282149
3.710000000,-1.931001980,-1.720096350,1.571064234,-0.947833663,-2.056896481,-2.137413510,1.590172139,-0.954630643,-0.125894501,-0.417317159,0.019107905,-0.006796980
3.740000000,-1.931106736,-1.714008659,1.584526710,-0.957307068,-2.057755981,-2.139278888,1.605305342,-0.963026709,-0.126649245,-0.425270228,0.020778632,-0.005719641
3.770000000,-1.931195552,-1.707834717,1.602083133,-0.965444568,-2.058593435,-2.141160553,1.620441026,-0.971420908,-0.127397883,-0.433325836,0.018357893,-0.005976340
3.810000000,-1.931296140,-1.699479539,1.626418263,-0.976185812,-2.059681369,-2.143691793,1.640632228,-0.982611434,-0.128385229,-0.444212254,0.014213966,-0.006425622
3.840000000,-1.931347376,-1.693128536,1.641182227,-0.984071883,-2.060483598,-2.145606473,1.655779197,-0.991003779,-0.129136222,-0.452477937,0.014596970,-0.006931896
3.870000000,-1.931385920,-1.686694237,1.657839044,-0.992534383,-2.061275336,-2.147541137,1.670931246,-0.999395999,-0.129889416,-0.460846900,0.013092202,-0.006861616
3.910000000,-1.931425003,-1.678000167,1.686092729,-1.004508539,-2.062311520,-2.150170417,1.691139186,-1.010588458,-0.130886517,-0.472170250,0.005046457,-0.006079919
3.940000000,-1.931431748,-1.671390348,1.701129809,-1.012112794,-2.063082011,-2.152176788,1.706300175,-1.018983515,-0.131650263,-0.480786439,0.005170366,-0.006870720
3.970000000,-1.931420518,-1.664699056,1.718079928,-1.020462794,-2.063853358,-2.154204364,1.721464134,-1.027376176,-0.132432840,-0.489505308,0.003384207,-0.006913382
4.010000000,-2.042167649,-1.831832248,1.734085591,-1.031314099,-2.064883131,-2.156955680,1.741686859,-1.038563623,-0.022715482,-0.325123432,0.007601267,-0.007249524
4.040000000,-2.043558742,-1.827276740,1.748242286,-1.040155524,-2.065653132,-2.159067331,1.756857833,-1.046957232,-0.022094390,-0.331790591,0.008615547,-0.006801708
4.070000000,-2.044915567,-1.822647349,1.767530027,-1.048678024,-2.066423669,-2.161214340,1.772033288,-1.055348931,-0.021508102,-0.338566991,0.004503261,-0.006670907
4.110000000,-2.046687845,-1.816358262,1.782429235,-1.060568328,-2.067455869,-2.164124448,1.792282828,-1.066530055,-0.020768024,-0.347766186,0.009853593,-0.005961727
4.140000000,-2.048016160,-1.811553921,1.797856516,-1.068517121,-2.068214531,-2.166319390,1.807472733,-1.074911237,-0.020198371,-0.354765469,0.009616216,-0.006394116
4.170000000,-2.049345832,-1.806692715,1.811739956,-1.076607121,-2.068933668,-2.168508169,1.822670105,-1.083290846,-0.019587835,-0.361815454,0.010930149,-0.006683725
4.210000000,-2.051085638,-1.800100233,1.833494068,-1.087963949,-2.069761382,-2.171388048,1.842952077,-1.094462022,-0.018675744,-0.371287815,0.009458009,-0.006498073
4.240000000,-2.052348577,-1.795069342,1.848861020,-1.097456108,-2.070251587,-2.173500604,1.858162218,-1.102838066,-0.017903010,-0.378431262,0.009301198,-0.005381958
4.270000000,-2.053569348,-1.789972886,1.862175932,-1.105176108,-2.070640255,-2.175573204,1.873369001,-1.111219290,-0.017070907,-0.385600317,0.011193070,-0.006043182
4.310000000,-2.055145173,-1.783083097,1.887182469,-1.116380737,-2.070978008,-2.178268897,1.893640106,-1.122406702,-0.015832835,-0.395185800,0.006457637,-0.006025965
4.340000000,-2.056278672,-1.777827255,1.901537361,-1.124958439,-2.071108434,-2.180251178,1.908838061,-1.130795752,-0.014829762,-0.402423923,0.007300700,-0.005837313
4.370000000,-2.057391409,-1.772504832,1.913323495,-1.133198439,-2.071160244,-2.182210673,1.924030417,-1.139182072,-0.013768835,-0.409705841,0.010706922,-0.005983633
4.410000000,-2.058827507,-1.765299420,1.934789504,-1.144729339,-2.071105411,-2.184787508,1.944276584,-1.150367622,-0.012277904,-0.419488088,0.009487079,-0.005638283
4.440000000,-2.059851441,-1.759811077,1.949132369,-1.153799936,-2.070984928,-2.186699601,1.959452273,-1.158759627,-0.011133487,-0.426888523,0.010319904,-0.004959690
4.470000000,-2.060832530,-1.754253023,1.967442188,-1.162289936,-2.070812691,-2.188602587,1.974622859,-1.167150719,-0.009980162,-0.434349564,0.007180671,-0.004860783
4.510000000,-2.081448429,-1.887490003,1.979312496,-1.174182847,-2.070497936,-2.191131128,1.994839830,-1.178336875,0.010950493,-0.303641126,0.015527334,-0.004154028
4.540000000,-2.082620812,-1.883633927,1.994575267,-1.182573653,-2.070207206,-2.193022970,2.009996193,-1.186728228,0.012413606,-0.309389043,0.015420925,-0.004154575
4.570000000,-2.083773036,-1.879711753,2.017294047,-1.191056153,-2.069882075,-2.194912721,2.025149884,-1.195124071,0.013890961,-0.315200968,0.007855838,-0.004067918
4.610000000,-2.085270954,-1.874380605,2.034538177,-1.202389792,-2.069390717,-2.197431770,2.045353156,-1.206318490,0.015880237,-0.323051166,0.010814980,-0.003928699
4.640000000,-2.086369767,-1.870302719,2.049957990,-1.211225630,-2.068977399,-2.199313813,2.060502458,-1.214714314,0.017392369,-0.329011094,0.010544469,-0.003488684
4.670000000,-2.087448640,-1.866156653,2.068203510,-1.219515630,-2.068526764,-2.201180943,2.075652535,-1.223114681,0.018921876,-0.335024290,0.007449025,-0.003599051
4.710000000,-2.088856652,-1.860522958,2.088530848,-1.231307222,-2.067842907,-2.203633145,2.095855338,-1.234320806,0.021013745,-0.343110187,0.007324490,-0.003013584
4.740000000,-2.089889350,-1.856226742,2.102008503,-1.239547257,-2.067256813,-2.205448785,2.111010794,-1.242722632,0.022632538,-0.349222043,0.009002292,-0.003175375
4.770000000,-2.090896394,-1.851873045,2.115687705,-1.247577257,-2.066615966,-2.207250690,2.126166076,-1.251116250,0.024280428,-0.355377645,0.010478371,-0.003538993
4.810000000,-2.092185335,-1.845957491,2.135546261,-1.258669875,-2.065670479,-2.209622436,2.146375158,-1.262303271,0.026514856,-0.363664946,0.010828897,-0.003633396
4.840000000,-2.093109840,-1.841432777,2.150440805,-1.266660374,-2.064903787,-2.211374662,2.161532161,-1.270700075,0.028206053,-0.369941886,0.011091356,-0.004039702
4.870000000,-2.094004369,-1.836830212,2.163557309,-1.275002874,-2.064100088,-2.213112775,2.176689726,-1.279097956,0.029904282,-0.376282563,0.013132417,-0.004095082
4.910000000,-2.095141643,-1.830575045,2.194230306,-1.285897620,-2.062967527,-2.215417468,2.196901468,-1.290288687,0.032174117,-0.384842423,0.002671163,-0.004391067
4.940000000,-2.095963726,-1.825793766,2.207942798,-1.294344225,-2.062080447,-2.217136071,2.212060352,-1.298680446,0.033883279,-0.391342305,0.004117554,-0.004336222
4.970000000,-2.096756797,-1.820951159,2.229130329,-1.302549225,-2.061171459,-2.218843059,2.227220783,-1.307074770,0.035585338,-0.397891900,-0.001909546,-0.004525545
4.980000000,-2.093215530,-1.926803451,2.238370152,-1.313849167,-2.060862070,-2.219408341,2.232273833,-1.309873536,0.032353459,-0.292604890,-0.006096319,0.003975631
5.040000000,-2.093844486,-1.923288942,2.253106837,-1.321866761,-2.058966131,-2.222791975,2.262596102,-1.326662942,0.034878355,-0.299503033,0.009489265,-0.004796180
5.070000000,-2.094442063,-1.919710380,2.265261047,-1.330254261,-2.057992464,-2.224482441,2.277756616,-1.335053360,0.036449599,-0.304772060,0.012495569,-0.004799099
5.110000000,-2.095204150,-1.914819532,2.283992410,-1.342631963,-2.056673808,-2.226723882,2.297971420,-1.346240110,0.038530342,-0.311904350,0.013979010,-0.003608147
5.140000000,-2.095724400,-1.911074223,2.297668825,-1.351429461,-2.055672316,-2.228385909,2.313131635,-1.354631567,0.040052083,-0.317311686,0.015462810,-0.003202107
5.170000000,-2.096208561,-1.907263642,2.311885535,-1.359726961,-2.054660212,-2.230034632,2.328291273,-1.363022260,0.041548348,-0.322770990,0.016405738,-0.003295299
5.210000000,-2.096799260,-1.902085561,2.325070389,-1.369986082,-2.053286594,-2.232213777,2.348501815,-1.374207697,0.043512666,-0.330128216,0.023431426,-0.004221615
5.240000000,-2.097195507,-1.898120882,2.338769509,-1.379450292,-2.052237092,-2.233831327,2.363656443,-1.382596413,0.044958415,-0.335710445,0.024886934,-0.003146121
5.270000000,-2.097538432,-1.894090249,2.358606417,-1.388022792,-2.051174571,-2.235432522,2.378809789,-1.390986461,0.046363861,-0.341342273,0.020203372,-0.002963668
5.310000000,-2.097925935,-1.888615185,2.384672091,-1.398937755,-2.049736170,-2.237538009,2.399009477,-1.402176285,0.048189765,-0.348922824,0.014337386,-0.003238530
5.330000000,-2.098192777,-1.884434679,2.402600240,-1.407044347,-2.049008791,-2.238581770,2.409108787,-1.407771151,0.049183986,-0.354147090,0.006508548,-0.000726804
5.370000000,-2.098419535,-1.880216582,2.417136425,-1.415394347,-2.047540096,-2.240653990,2.429303144,-1.418959674,0.050879439,-0.360437407,0.012166719,-0.003565328
5.410000000,-2.098658237,-1.874508694,2.428091367,-1.427230483,-2.046057409,-2.242698949,2.449495219,-1.430149079,0.052600828,-0.368190254,0.021403852,-0.002918596
5.430000000,-2.098790817,-1.870168055,2.447359168,-1.435524319,-2.045312180,-2.243709568,2.459589392,-1.435744442,0.053478636,-0.373541513,0.012230223,-0.000220124
5.470000000,-2.098882549,-1.865772086,2.461511137,-1.443896819,-2.043814983,-2.245712425,2.479776335,-1.446935286,0.055067566,-0.379940338,0.018265198,-0.003038467
5.510000000,-2.104253129,-1.946210946,2.476240507,-1.455303251,-2.042309939,-2.247697472,2.499960236,-1.458125378,0.061943190,-0.301486525,0.023719729,-0.002822127
5.530000000,-2.104337160,-1.942839248,2.495417461,-1.463071276,-2.041555251,-2.248682035,2.510051351,-1.463720471,0.062781910,-0.305842787,0.014633890,-0.000649196
5.570000000,-2.104400162,-1.939413939,2.509521789,-1.471178776,-2.040043063,-2.250630228,2.530233037,-1.474912381,0.064357099,-0.311216288,0.020711248,-0.003733605
5.610000000,-2.104447741,-1.934760277,2.530544641,-1.481082459,-2.038527327,-2.252553044,2.550414487,-1.486104520,0.065920414,-0.317792767,0.019869846,-0.005022061
5.640000000,-2.104445800,-1.931209223,2.544324815,-1.489486633,-2.037386805,-2.253978443,2.565548388,-1.494498124,0.067058995,-0.322769220,0.021223573,-0.005011492
5.670000000,-2.104400139,-1.927610398,2.564458024,-1.497841633,-2.036242336,-2.255387099,2.580682038,-1.502892260,0.068157803,-0.327776701,0.016224014,-0.005050628
5.710000000,-2.104266120,-1.922719233,2.585384008,-1.508898551,-2.034706299,-2.257226898,2.600860127,-1.514085965,0.069559821,-0.334507664,0.015476119,-0.005187414
5.740000000,-2.104105070,-1.918992417,2.599498061,-1.517002386,-2.033544335,-2.258581580,2.615994356,-1.522481361,0.070560735,-0.339589164,0.016496295,-0.005478974
5.770000000,-2.103922727,-1.915225117,2.604586908,-1.525432386,-2.032374297,-2.259922431,2.631129277,-1.530875528,0.071548430,-0.344697314,0.026542368,-0.005443142
5.810000000,-2.103595083,-1.910144307,2.629796609,-1.536648667,-2.030799716,-2.261681829,2.651308752,-1.542065998,0.072795367,-0.351537523,0.021512142,-0.005417331
5.840000000,-2.103297570,-1.906287124,2.643921274,-1.543792230,-2.029608695,-2.262973003,2.666444687,-1.550459864,0.073688875,-0.356685879,0.022523414,-0.006667633
5.870000000,-2.102954746,-1.902386940,2.660933421,-1.551977230,-2.028410754,-2.264244146,2.681579917,-1.558854507,0.074543992,-0.361857207,0.020646496,-0.006877277
5.910000000,-2.102439834,-1.897111052,2.683907262,-1.561972909,-2.026801329,-2.265912266,2.701762848,-1.570046258,0.075638505,-0.368801214,0.017855587,-0.008073349
5.930000000,-2.102008697,-1.893100241,2.705107258,-1.571096950,-2.025991856,-2.266736803,2.711853640,-1.575641476,0.076016842,-0.373636561,0.006746383,-0.004544526
5.970000000,-2.101543615,-1.889053643,2.720045423,-1.579366950,-2.024363713,-2.268359759,2.732037744,-1.586832293,0.077179902,-0.379306116,0.011992320,-0.007465343
6.010000000,-1.965002499,-1.957424430,2.738268274,-1.590393102,-2.022723577,-2.269943843,2.752221415,-1.598024649,-0.057721078,-0.312519414,0.013953141,-0.007631547
6.030000000,-1.962600734,-1.954217991,2.753048805,-1.598196443,-2.021899134,-2.270724742,2.762314226,-1.603620707,-0.059298400,-0.316506751,0.009265421,-0.005424264
6.070000000,-1.960153111,-1.950969719,2.767713575,-1.606306443,-2.020241790,-2.272271147,2.782504296,-1.614814194,-0.060088679,-0.321301428,0.014790721,-0.008507751
6.080000000,-1.956821067,-1.946570774,2.786333952,-1.617827363,-2.019825910,-2.272653230,2.787554803,-1.617613570,-0.063004843,-0.326082456,0.001220852,0.000213793
6.140000000,-1.954251150,-1.943202191,2.801936538,-1.625195858,-2.017355107,-2.274906625,2.817865377,-1.634406335,-0.063103957,-0.331704433,0.015928839,-0.009210477
6.170000000,-1.951613736,-1.939788136,2.818191444,-1.633650858,-2.016172077,-2.276005742,2.833027349,-1.642804148,-0.064558341,-0.336217606,0.014835906,-0.009153289
6.210000000,-1.948011336,-1.935166266,2.849673413,-1.644590300,-2.014725978,-2.277446776,2.853255283,-1.654010360,-0.066714642,-0.342280510,0.003581870,-0.009420060
6.230000000,-1.945242323,-1.931643770,2.860921018,-1.653065402,-2.014073814,-2.278155600,2.863369873,-1.659617852,-0.068831491,-0.346511830,0.002448855,-0.006552450
6.270000000,-1.942427339,-1.928061786,2.875958824,-1.661442902,-2.012930006,-2.279540191,2.883599119,-1.670825229,-0.070502667,-0.351478405,0.007640295,-0.009382326
6.310000000,-1.938602228,-1.923203498,2.899878130,-1.673988039,-2.012006195,-2.280879630,2.903825005,-1.682010402,-0.073403967,-0.357676132,0.003946874,-0.008022363
6.330000000,-1.935679133,-1.919514381,2.919876045,-1.682537800,-2.011625512,-2.281536352,2.913937584,-1.687604406,-0.075946379,-0.362021972,-0.005938461,-0.005066606
6.370000000,-1.932715924,-1.915792218,2.935383260,-1.690917800,-2.011019513,-2.282827708,2.934157912,-1.698806042,-0.078303590,-0.367035490,-0.001225349,-0.007888242
6.410000000,-1.928695712,-1.910772895,2.956486354,-1.701861144,-2.010609073,-2.284082036,2.954375631,-1.710002973,-0.081913361,-0.373309142,-0.002110723,-0.008141830
6.430000000,-1.925619574,-1.906967384,2.971089686,-1.710308420,-2.010473244,-2.284693664,2.964482156,-1.715595008,-0.084853671,-0.377726281,-0.006607530,-0.005286589
6.470000000,-1.922492076,-1.903139225,2.986442403,-1.718688420,-2.010334899,-2.285893197,2.984693316,-1.726779364,-0.087842823,-0.382753972,-0.001749088,-0.008090945
6.510000000,-1.930496707,-1.998826953,3.002559880,-1.729842388,-2.010367810,-2.287070449,3.004900527,-1.737977377,-0.079871103,-0.288243496,0.002340647,-0.008134989
6.530000000,-1.927482535,-1.996256986,3.017322452,-1.738643783,-2.010445451,-2.287649597,3.015003022,-1.743577229,-0.082962917,-0.291392610,-0.002319430,-0.004933447
6.570000000,-1.924408253,-1.993629442,3.032230064,-1.746843783,-2.010716478,-2.288783756,3.035207028,-1.754766215,-0.086308225,-0.295154314,0.002976964,-0.007922432
6.610000000,-1.920218998,-1.990059126,3.051487069,-1.757573087,-2.011135290,-2.289890330,3.055409948,-1.765953773,-0.090916292,-0.299831204,0.003922880,-0.008380686
6.630000000,-1.917014708,-1.987325853,3.068193744,-1.765606423,-2.011398257,-2.290435188,3.065509981,-1.771552017,-0.094383548,-0.303109335,-0.002683763,-0.005945594
6.670000000,-1.913764300,-1.984570556,3.083033086,-1.773916423,-2.012027168,-2.291501915,3.085707887,-1.782749672,-0.098262868,-0.306931359,0.002674802,-0.008833249
6.710000000,-1.909338454,-1.980853643,3.094419415,-1.784828007,-2.012788286,-2.292527503,3.105905143,-1.793934749,-0.103449832,-0.311673859,0.011485728,-0.009106742
6.740000000,-1.905937249,-1.978033559,3.109115854,-1.793515778,-2.013448112,-2.293271855,3.121052763,-1.802321391,-0.107510863,-0.315238296,0.011936909,-0.008805613
6.770000000,-1.902477436,-1.975193329,3.132329001,-1.801893278,-2.014171807,-2.294003401,3.136200778,-1.810714412,-0.111694371,-0.318810072,0.003871777,-0.008821134
6.810000000,-1.897768956,-1.971365874,3.151873461,-1.813344677,-2.015248918,-2.294953099,3.156396391,-1.821912265,-0.117479962,-0.323587224,0.004522931,-0.008567588
6.830000000,-1.894166180,-1.968451945,3.163539474,-1.821276507,-2.015830583,-2.295413547,3.166495202,-1.827507931,-0.121664403,-0.326961602,0.002955728,-0.006231423
6.870000000,-1.890484449,-1.965506509,3.177927366,-1.829689007,-2.017076172,-2.296305146,3.186690333,-1.838691443,-0.126591723,-0.330798637,0.008762967,-0.009002436
6.910000000,-1.885467391,-1.961530973,3.203595844,-1.841215458,-2.018430097,-2.297169856,3.206887215,-1.849880234,-0.132962705,-0.335638883,0.003291371,-0.008664776
6.930000000,-1.881625690,-1.958512655,3.221320101,-1.850112530,-2.019146758,-2.297594364,3.216984537,-1.855478779,-0.137521068,-0.339081709,-0.004335564,-0.005366248
6.970000000,-1.877714816,-1.955470645,3.236227642,-1.858692530,-2.020654872,-2.298420799,3.237180938,-1.866673787,-0.142940056,-0.342950154,0.000953296,-0.007981256
7.010000000,-1.932388719,-2.051927343,3.254552608,-1.870233219,-2.022258090,-2.299212212,3.257376184,-1.877858904,-0.089869372,-0.247284869,0.002823575,-0.007625685
7.030000000,-1.929145943,-2.050155548,3.264493452,-1.878207237,-2.023095394,-2.299598169,3.267474390,-1.883451453,-0.093949451,-0.249442621,0.002980938,-0.005244216
7.070000000,-1.925838659,-2.048361380,3.278803618,-1.886657237,-2.024842219,-2.300358334,3.287670679,-1.894645669,-0.099003560,-0.251996954,0.008867061,-0.007988432
7.110000000,-1.921320938,-2.045915270,3.296644463,-1.897248619,-2.026680089,-2.301095591,3.307866220,-1.905845406,-0.105359151,-0.255180321,0.011221756,-0.008596787
7.140000000,-1.917844252,-2.044060076,3.311625995,-1.906623329,-2.028112040,-2.301620690,3.323015591,-1.914239093,-0.110267789,-0.257560615,0.011389596,-0.007615764
7.170000000,-1.914296840,-2.042183388,3.327378845,-1.914995829,-2.029577928,-2.302124566,3.338164148,-1.922627235,-0.115281088,-0.259941178,0.010785303,-0.007631406
7.210000000,-1.909470751,-2.039632246,3.349584327,-1.925649616,-2.031589463,-2.302768328,3.358365284,-1.933813730,-0.122118712,-0.263136082,0.008780957,-0.008164114
7.240000000,-1.905780603,-2.037676733,3.362908742,-1.934619106,-2.033136186,-2.303233438,3.373515298,-1.942208001,-0.127355583,-0.265556705,0.010606556,-0.007588895
7.270000000,-1.902024489,-2.035695987,3.379861242,-1.942699106,-2.034706721,-2.303680710,3.388666923,-1.950601043,-0.132682232,-0.267984724,0.008805680,-0.007901937
7.310000000,-1.896892089,-2.033012979,3.411408973,-1.955444831,-2.036841149,-2.304237691,3.408868272,-1.961786835,-0.139949060,-0.271224711,-0.002540700,-0.006342004
7.340000000,-1.892943821,-2.030976110,3.427494668,-1.963360776,-2.038475036,-2.304630364,3.424020448,-1.970177284,-0.145531214,-0.273654254,-0.003474220,-0.006816508
7.370000000,-1.888922706,-2.028915997,3.437909297,-1.971848276,-2.040135316,-2.305007883,3.439172426,-1.978571729,-0.151212610,-0.276091886,0.001263128,-0.006723453
7.410000000,-1.883455649,-2.026155855,3.458522739,-1.982604928,-2.042396518,-2.305476066,3.459375286,-1.989766422,-0.158940869,-0.279320211,0.000852547,-0.007161494
7.440000000,-1.879282237,-2.024063032,3.472386860,-1.990469951,-2.044126512,-2.305792559,3.474527707,-1.998157807,-0.164844276,-0.281729527,0.002140848,-0.007687856
7.470000000,-1.875049040,-2.021931115,3.489300086,-1.998854951,-2.045883120,-2.306084810,3.489679557,-2.006546993,-0.170834079,-0.284153694,0.000379471,-0.007692043
7.510000000,-1.921336996,-2.140230315,3.508080596,-2.011025820,-2.048280492,-2.306437876,3.509883391,-2.017738084,-0.126943496,-0.166207561,0.001802795,-0.006712263
7.530000000,-1.917663618,-2.139658958,3.527952940,-2.018635916,-2.049502912,-2.306598998,3.519984214,-2.023336133,-0.131839294,-0.166940040,-0.007968727,-0.004700217
7.570000000,-1.913939101,-2.139064724,3.542935297,-2.026800916,-2.051993894,-2.306880921,3.540187267,-2.034528850,-0.138054792,-0.167816197,-0.002748030,-0.007727934
7.610000000,-1.908863494,-2.138229451,3.566779343,-2.038581281,-2.054548120,-2.307102540,3.560387046,-2.045717254,-0.145684626,-0.168873088,-0.006392297,-0.007135973
7.640000000,-1.904969085,-2.137593480,3.581547617,-2.046480659,-2.056512151,-2.307225437,3.575534101,-2.054112576,-0.151543066,-0.169631957,-0.006013516,-0.007631918
7.670000000,-1.900996662,-2.136959348,3.594858787,-2.054495659,-2.058513589,-2.307312013,3.590678042,-2.062510289,-0.157516927,-0.170352665,-0.004180744,-0.008014630
7.710000000,-1.895574206,-2.136092068,3.608727489,-2.066644608,-2.061252792,-2.307346507,3.610867457,-2.073701710,-0.165678586,-0.171254439,0.002139968,-0.007057102
7.730000000,-1.891410677,-2.135407141,3.628212398,-2.075042136,-2.062653252,-2.307327237,3.620959715,-2.079294246,-0.171242575,-0.171920096,-0.007252683,-0.004252110
7.770000000,-1.887172332,-2.134711159,3.642948103,-2.083439636,-2.065523287,-2.307215988,3.641143010,-2.090482236,-0.178350956,-0.172504830,-0.001805092,-0.007042600
7.810000000,-1.881400807,-2.133743859,3.666261865,-2.095068053,-2.068491413,-2.307003974,3.661320836,-2.101680519,-0.187090606,-0.173260115,-0.004941029,-0.006612465
7.830000000,-1.876993398,-2.132998741,3.675521981,-2.103481307,-2.070012354,-2.306855383,3.671408925,-2.107278916,-0.193018956,-0.173856642,-0.004113056,-0.003797609
7.870000000,-1.872519336,-2.132240307,3.689937616,-2.111626307,-2.073128465,-2.306464878,3.691580883,-2.118465497,-0.200609128,-0.174224571,0.001643267,-0.006839190
7.910000000,-1.866448296,-2.131222925,3.706112904,-2.122752083,-2.076350237,-2.305950180,3.711748966,-2.129651013,-0.209901941,-0.174727256,0.005636062,-0.006898930
7.930000000,-1.861804553,-2.130437583,3.718341946,-2.131220007,-2.078003471,-2.305646686,3.721831172,-2.135248890,-0.216198918,-0.175209104,0.003489226,-0.004028883
7.970000000,-1.857077855,-2.129662889,3.732218875,-2.139652507,-2.081395246,-2.304940653,3.741991883,-2.146448886,-0.224317390,-0.175277765,0.009773008,-0.006796378
8.010000000,-1.903643384,-2.248690393,3.755188337,-2.151093290,-2.084899328,-2.304091099,3.762148736,-2.157637067,-0.181255944,-0.055400705,0.006960399,-0.006543777
8.030000000,-1.899492438,-2.249495404,3.771627083,-2.160011152,-2.086695010,-2.303611487,3.772225032,-2.163228057,-0.187202572,-0.054116084,0.000597949,-0.003216905
8.070000000,-1.895249997,-2.250302836,3.785814596,-2.168201152,-2.090379760,-2.302545319,3.792376986,-2.174418403,-0.195129763,-0.052242483,0.006562390,-0.006217251
8.110000000,-1.889467633,-2.251388290,3.800895865,-2.179423742,-2.094190944,-2.301329322,3.812526772,-2.185627871,-0.204723311,-0.049941032,0.011630907,-0.006204129
8.140000000,-1.885027892,-2.252199604,3.814853216,-2.188268361,-2.097134571,-2.300297154,3.827640822,-2.194026619,-0.212106679,-0.048097550,0.012787607,-0.005758258
8.170000000,-1.880494342,-2.253000416,3.828653575,-2.196618361,-2.100142651,-2.299168405,3.842753067,-2.202413138,-0.219648309,-0.046167989,0.014099492,-0.005794777
8.210000000,-1.874305484,-2.254061311,3.847318038,-2.208495508,-2.104286161,-2.297480786,3.862902506,-2.213598377,-0.229980677,-0.043419475,0.015584468,-0.005102869
8.240000000,-1.869564109,-2.254868032,3.862285272,-2.215893497,-2.107504037,-2.296071943,3.878011546,-2.222007071,-0.237939928,-0.041203911,0.015726274,-0.006113574
8.270000000,-1.864746935,-2.255690405,3.876026969,-2.224168497,-2.110803277,-2.294549482,3.893119079,-2.230419038,-0.246056342,-0.038859078,0.017092110,-0.006250541
8.310000000,-1.858191037,-2.256799160,3.893448240,-2.235166795,-2.115350248,-2.292294190,3.913258220,-2.241607619,-0.257159211,-0.035495030,0.019809980,-0.006440824
8.340000000,-1.853185002,-2.257628539,3.907157796,-2.243991759,-2.118876912,-2.290429695,3.928358669,-2.249991872,-0.265691910,-0.032801156,0.021200873,-0.006000113
8.370000000,-1.848103858,-2.258450246,3.920684588,-2.252419259,-2.122493189,-2.288439703,3.943457470,-2.258392474,-0.274389332,-0.029989457,0.022772882,-0.005973215
8.410000000,-1.841205331,-2.259538259,3.942759877,-2.263454294,-2.127479442,-2.285546676,3.963583478,-2.269612916,-0.286274111,-0.026008418,0.020823601,-0.006158622
8.440000000,-1.835926924,-2.260373347,3.957500346,-2.272197776,-2.131340331,-2.283182746,3.978674214,-2.278007749,-0.295413407,-0.022809399,0.021173869,-0.005809973
8.470000000,-1.830557370,-2.261219810,3.971173132,-2.280452776,-2.135292453,-2.280672243,3.993759438,-2.286387853,-0.304735083,-0.019452433,0.022586306,-0.005935077
8.510000000,-1.962749810,-2.267740685,3.989914026,-2.291924422,-2.140742464,-2.277054797,4.013866499,-2.297579310,-0.177992654,-0.009314112,0.023952474,-0.005654888
8.540000000,-1.959091966,-2.268605412,4.007721909,-2.300732548,-2.144971025,-2.274133387,4.028938056,-2.305995619,-0.185879059,-0.005527976,0.021216147,-0.005263071
8.570000000,-1.955340359,-2.269485173,4.021453628,-2.309065048,-2.149300135,-2.271052364,4.044006834,-2.314405529,-0.193959776,-0.001567191,0.022553206,-0.005340481
8.610000000,-1.950198524,-2.270686272,4.043827572,-2.320269973,-2.155248433,-2.266644174,4.064091220,-2.325596480,-0.205049908,0.004042098,0.020263648,-0.005326507
8.640000000,-1.946254646,-2.271590585,4.061195313,-2.328921888,-2.159828218,-2.263120573,4.079144748,-2.333989767,-0.213573572,0.008470012,0.017949435,-0.005067879
8.670000000,-1.942227893,-2.272504727,4.075128531,-2.337196888,-2.164478780,-2.259448801,4.094192200,-2.342392469,-0.222250888,0.013055926,0.019063669,-0.005195581
8.710000000,-1.936735922,-2.273758577,4.093232447,-2.348991505,-2.170770539,-2.254300417,4.114246901,-2.353593981,-0.234034617,0.019458160,0.021014454,-0.004602476
8.740000000,-1.932519795,-2.274723966,4.109457984,-2.357834932,-2.175526432,-2.250267044,4.129280774,-2.361983055,-0.243006637,0.024456922,0.019822790,-0.004148124
8.770000000,-1.928215641,-2.275710570,4.123306907,-2.366144932,-2.180294709,-2.246120789,4.144310892,-2.370370842,-0.252079068,0.029589781,0.021003985,-0.004225910
8.810000000,-1.922359034,-2.277049882,4.145764922,-2.376900879,-2.186654889,-2.240403748,4.164345404,-2.381561715,-0.264295854,0.036646134,0.018580482,-0.004660836
8.840000000,-1.917881377,-2.278088382,4.159493160,-2.385164530,-2.191410073,-2.235981986,4.179368265,-2.389954354,-0.273528696,0.042106396,0.019875105,-0.004789823
8.870000000,-1.913316829,-2.279156516,4.173354406,-2.393437030,-2.196145113,-2.231464588,4.194389746,-2.398343046,-0.282828284,0.047691928,0.021035340,-0.004906015
8.910000000,-1.907112687,-2.280641805,4.180370686,-2.404739692,-2.202412868,-2.225271292,4.214415398,-2.409525528,-0.295300181,0.055370513,0.034044713,-0.004785837
8.940000000,-1.902376340,-2.281795762,4.192434073,-2.412239888,-2.207076655,-2.220503671,4.229434082,-2.417917304,-0.304700315,0.061292092,0.037000009,-0.005677415
8.970000000,-1.897572532,-2.282978929,4.205643275,-2.420594888,-2.211710739,-2.215647317,4.244451449,-2.426312383,-0.314138207,0.067331612,0.038808174,-0.005717494
9.010000000,-2.049451528,-2.252825668,4.215483484,-2.432344140,-2.217827251,-2.209005502,4.264474653,-2.437502430,-0.168375722,0.043820166,0.048991169,-0.005158291
9.040000000,-2.046567440,-2.253618495,4.211985219,-2.440325579,-2.222365461,-2.203897515,4.279490382,-2.445891925,-0.175798021,0.049720979,0.067505163,-0.005566346
9.070000000,-2.043593868,-2.254440391,4.224149729,-2.448773079,-2.226869686,-2.198698226,4.294509852,-2.454287488,-0.183275818,0.055742165,0.070360123,-0.005514409
9.110000000,-2.039496040,-2.255594877,4.242039713,-2.459817806,-2.232808567,-2.191600007,4.314547569,-2.465493974,-0.193312527,0.063994870,0.072507856,-0.005676168
9.140000000,-2.036333350,-2.256498095,4.256075057,-2.467584157,-2.237189807,-2.186156819,4.329583422,-2.473897667,-0.200856458,0.070341276,0.073508366,-0.006313510
9.170000000,-2.033080199,-2.257419520,4.268213079,-2.475936657,-2.241497783,-2.180636956,4.344624391,-2.482292466,-0.208417585,0.076782564,0.076411312,-0.006355809
9.210000000,-2.028613620,-2.258686308,4.286469910,-2.487135433,-2.247079405,-2.173172075,4.364689661,-2.493476274,-0.218465785,0.085514233,0.078219752,-0.006340841
9.240000000,-2.025183871,-2.259668461,4.308170747,-2.496083394,-2.251124746,-2.167525372,4.379745718,-2.501860638,-0.225940875,0.092143089,0.071574971,-0.005777243
9.270000000,-2.021673757,-2.260681095,4.320525658,-2.504203394,-2.255052723,-2.161855527,4.394806018,-2.510242022,-0.233378966,0.098825568,0.074280360,-0.006038627
9.310000000,-2.016840587,-2.262078585,4.347146008,-2.514237560,-2.260048190,-2.154262367,4.414897752,-2.521422877,-0.243207603,0.107816218,0.067751744,-0.007185316
9.340000000,-2.013124018,-2.263178777,4.371413359,-2.522057555,-2.263604948,-2.148550668,4.429972270,-2.529816363,-0.250480930,0.114628108,0.058558912,-0.007758808
9.370000000,-2.009320668,-2.264314387,4.384322881,-2.530282555,-2.267025908,-2.142832296,4.445053401,-2.538207213,-0.257705240,0.121482091,0.060730520,-0.007924658
9.410000000,-2.004132867,-2.265903098,4.411486580,-2.540784491,-2.271337839,-2.135195442,4.465167703,-2.549386453,-0.267204972,0.130707656,0.053681124,-0.008601962
9.440000000,-2.000158399,-2.267152622,4.423829052,-2.549497991,-2.274377890,-2.129449849,4.480260675,-2.557775130,-0.274219491,0.137702773,0.056431623,-0.008277139
9.470000000,-1.996104148,-2.268438505,4.436896830,-2.557870491,-2.277276360,-2.123686437,4.495355484,-2.566168966,-0.281172212,0.144752068,0.058458654,-0.008298475
9.510000000,-2.065544712,-2.177786590,4.467255391,-2.568652284,-2.280894411,-2.115967401,4.515489016,-2.577360395,-0.215349699,0.061819190,0.048233625,-0.008708111
9.540000000,-2.062296220,-2.177884423,4.474630146,-2.576488136,-2.283432871,-2.110147939,4.530591803,-2.585749518,-0.221136651,0.067736483,0.055961657,-0.009261382
9.570000000,-2.058977345,-2.178020770,4.487766341,-2.584755636,-2.285843785,-2.104298820,4.545699366,-2.594135388,-0.226866440,0.073721950,0.057933025,-0.009379752
9.610000000,-2.054440985,-2.178262859,4.509994807,-2.595801032,-2.288819856,-2.096434811,4.565851068,-2.605316583,-0.234378871,0.081828048,0.055856260,-0.009515550
9.640000000,-2.050948187,-2.178496958,4.526186093,-2.603534098,-2.290870457,-2.090496374,4.580965209,-2.613699487,-0.239922270,0.088000584,0.054779116,-0.010165388
9.670000000,-2.047399947,-2.178771569,4.539396488,-2.611654098,-2.292785223,-2.084543025,4.596077732,-2.622080141,-0.245385276,0.094228545,0.056681244,-0.010426043
9.710000000,-2.042585087,-2.179202148,4.561009418,-2.622985420,-2.295069705,-2.076606271,4.616208945,-2.633256869,-0.252484618,0.102595878,0.055199527,-0.010271448
9.740000000,-2.038903249,-2.179573625,4.574322619,-2.631148199,-2.296562347,-2.070675558,4.631272548,-2.641648381,-0.257659098,0.108898067,0.056949929,-0.010500182
9.770000000,-2.035154116,-2.179976114,4.587438453,-2.639228199,-2.297888350,-2.064773194,4.646291443,-2.650047901,-0.262734234,0.115202920,0.058852990,-0.010819702
9.810000000,-2.030040611,-2.180593742,4.604110160,-2.650831305,-2.299353779,-2.056974858,4.666187243,-2.661246685,-0.269313169,0.123618884,0.062077083,-0.010415380
9.840000000,-2.026133199,-2.181120378,4.620290563,-2.659557461,-2.300228446,-2.051188132,4.680987045,-2.669635308,-0.274095247,0.129932246,0.060696482,-0.010077847
9.870000000,-2.022166686,-2.181689095,4.633014827,-2.667777461,-2.300938058,-2.045445808,4.695686868,-2.678024741,-0.278771372,0.136243286,0.062672041,-0.010247281
9.910000000,-2.016787834,-2.182509167,4.661799155,-2.679294865,-2.301581858,-2.037865541,4.715062499,-2.689226781,-0.284794024,0.144643626,0.053263344,-0.009931916
9.940000000,-2.012663906,-2.183159991,4.669463874,-2.687981529,-2.301848040,-2.032234968,4.729406689,-2.697631911,-0.289184133,0.150925023,0.059942815,-0.009650382
9.970000000,-2.008450580,-2.183852521,4.681734384,-2.696216529,-2.301965692,-2.026642439,4.743603085,-2.706030568,-0.293515112,0.157210083,0.061868701,-0.009814039
10.010000000,-2.164162499,-2.123929348,4.706700915,-2.707724363,-2.301858384,-2.019246340,4.762209906,-2.717222286,-0.137695885,0.104683008,0.055508991,-0.009497923
10.040000000,-2.161977338,-2.123916956,4.715873672,-2.715466889,-2.301581963,-2.013734061,4.775911212,-2.725623847,-0.139604625,0.110182895,0.060037540,-0.010156958
10.070000000,-2.159729420,-2.123945249,4.727446360,-2.723791889,-2.301168856,-2.008241923,4.789422542,-2.734034104,-0.141439436,0.115703325,0.061976183,-0.010242215
10.110000000,-2.156636459,-2.124054515,4.749760881,-2.735704718,-2.300382111,-2.000953694,4.807058475,-2.745241427,-0.143745651,0.123100821,0.057297593,-0.009536709
10.140000000,-2.154265345,-2.124195670,4.759200348,-2.743954276,-2.299609505,-1.995519506,4.819989796,-2.753642618,-0.145344160,0.128676165,0.060789448,-0.009688342
10.170000000,-2.151841190,-2.124386638,4.769988044,-2.752291776,-2.298690773,-1.990118286,4.832705694,-2.762050962,-0.146849583,0.134268351,0.062717650,-0.009759186
10.210000000,-2.148525584,-2.124721790,4.786303140,-2.763231319,-2.297183849,-1.983007802,4.849230572,-2.773276102,-0.148658266,0.141713987,0.062927432,-0.010044784
10.240000000,-2.145970575,-2.125053661,4.802386643,-2.772801224,-2.295842902,-1.977773299,4.861299865,-2.781684139,-0.149872327,0.147280362,0.058913222,-0.008882915
10.270000000,-2.143350257,-2.125433403,4.812377675,-2.781263724,-2.294347433,-1.972624214,4.873128856,-2.790074570,-0.150997175,0.152809189,0.060751180,-0.008810846
10.310000000,-2.139784195,-2.126015323,4.830918472,-2.793288664,-2.292054901,-1.965924986,4.888447530,-2.801265298,-0.152270706,0.160090337,0.057529058,-0.007976633
10.340000000,-2.137047480,-2.126503886,4.858435658,-2.801352128,-2.290105377,-1.961027900,4.899587251,-2.809685503,-0.153057897,0.165475985,0.041151592,-0.008333375
10.370000000,-2.134249858,-2.127057845,4.868059514,-2.809474628,-2.287996486,-1.956224807,4.910441326,-2.818087664,-0.153746628,0.170833038,0.042381812,-0.008613036
10.410000000,-2.130429454,-2.127891014,4.897054960,-2.821064025,-2.284901052,-1.949982861,4.924180817,-2.829175107,-0.154471599,0.177908153,0.027125857,-0.008111083
10.440000000,-2.127521726,-2.128597973,4.925690569,-2.828909194,-2.282327919,-1.945391783,4.933874137,-2.837476058,-0.154806193,0.183206191,0.008183568,-0.008566863
10.470000000,-2.124569653,-2.129360458,4.934672921,-2.837174194,-2.279536807,-1.940839068,4.943127536,-2.845827033,-0.154967154,0.188521389,0.008454615,-0.008652839
10.510000000,-2.266094366,-1.998296156,4.954513765,-2.847765095,-2.275406421,-1.934801631,4.954693875,-2.857000537,-0.009312055,0.063494525,0.000180110,-0.009235442
10.540000000,-2.264985266,-1.997401854,4.970476942,-2.855581759,-2.272019941,-1.930272549,4.962809478,-2.865353064,-0.007034675,0.067129305,-0.007667463,-0.009771305
10.570000000,-2.263862617,-1.996585152,4.978261801,-2.863654259,-2.268412871,-1.925720337,4.970517730,-2.873688200,-0.004550254,0.070864815,-0.007744070,-0.010033942
10.610000000,-2.262342862,-1.995597977,4.978187593,-2.874889761,-2.263130284,-1.919565592,4.980111989,-2.884799591,-0.000787422,0.076032385,0.001924396,-0.009909830
10.640000000,-2.261174704,-1.994917140,4.973985936,-2.883488615,-2.258778503,-1.914880381,4.986791633,-2.893124630,0.002396201,0.080036759,0.012805697,-0.009636015
10.670000000,-2.259976980,-1.994288190,4.979679734,-2.891926115,-2.254143999,-1.910162378,4.993124527,-2.901435763,0.005832981,0.084125812,0.013444793,-0.009509648
10.710000000,-2.258360503,-1.993527898,4.988315683,-2.903968733,-2.247427536,-1.903845054,5.001009647,-2.912494518,0.010932967,0.089682843,0.012693964,-0.008525784
10.740000000,-2.257118357,-1.993022450,4.992158367,-2.912430041,-2.241935428,-1.899089638,5.006553929,-2.920804720,0.015182930,0.093932813,0.014395562,-0.008374679
10.770000000,-2.255842310,-1.992582737,4.996729198,-2.920620041,-2.236088273,-1.894311127,5.011832699,-2.929148030,0.019754036,0.098271610,0.015103501,-0.008527990
10.810000000,-2.254094143,-1.992105676,4.998539449,-2.931493201,-2.227656916,-1.887873180,5.018392379,-2.940293983,0.026437227,0.104232495,0.019852931,-0.008800782
10.840000000,-2.252759918,-1.991834809,5.001114640,-2.940011327,-2.220873072,-1.882967656,5.022960521,-2.948663522,0.031886846,0.108867152,0.021845881,-0.008652196
10.870000000,-2.251410986,-1.991629060,5.004456607,-2.948281327,-2.213736439,-1.877982958,5.027285265,-2.957050846,0.037674547,0.113646101,0.022828658,-0.008769519
10.910000000,-2.249574754,-1.991453782,5.006441533,-2.959498482,-2.203524527,-1.871151902,5.032633523,-2.968222505,0.046050227,0.120301880,0.026191990,-0.008724023
10.940000000,-2.248165337,-1.991403729,5.019227021,-2.967817426,-2.195344095,-1.865869714,5.036341121,-2.976585165,0.052821242,0.125534015,0.017114101,-0.008767740
10.970000000,-2.246750863,-1.991419263,5.021906925,-2.976117426,-2.186799975,-1.860464744,5.039844743,-2.984974503,0.059950888,0.130954519,0.017937818,-0.008857077
11.010000000,-2.159363161,-1.802447437,5.033298102,-2.987848406,-2.174724766,-1.853017112,5.044147606,-2.996217288,-0.015361604,-0.050569675,0.010849505,-0.008368882
11.040000000,-2.156708643,-1.800101152,5.037017733,-2.996904363,-2.165112657,-1.847235281,5.047107471,-3.004619102,-0.008404013,-0.047134129,0.010089739,-0.007714739
11.070000000,-2.154040471,-1.797835478,5.039103795,-3.005406863,-2.155087901,-1.841305814,5.049862304,-3.012989328,-0.001047430,-0.043470336,0.010758509,-0.007582465
11.110000000,-2.150483381,-1.794927713,5.035794136,-3.017488380,-2.140992365,-1.833134684,5.053191850,-3.024183194,0.009491016,-0.038206971,0.017397714,-0.006694814
11.140000000,-2.147828882,-1.792825385,5.036202225,-3.025979208,-2.129871142,-1.826827571,5.055431773,-3.032624025,0.017957740,-0.034002187,0.019229548,-0.006644817
11.170000000,-2.145195590,-1.790795516,5.037275599,-3.034276708,-2.118318382,-1.820410917,5.057504567,-3.041051792,0.026877208,-0.029615400,0.020228968,-0.006775084
11.210000000,-2.141689971,-1.788201792,5.045737632,-3.045101370,-2.102086444,-1.811702313,5.059978340,-3.052242147,0.039603527,-0.023500521,0.014240708,-0.007140778
11.240000000,-2.139061484,-1.786341364,5.055252831,-3.053606497,-2.089311037,-1.805091934,5.061643519,-3.060646824,0.049750447,-0.018750571,0.006390688,-0.007040327
11.270000000,-2.136441520,-1.784545194,5.056168959,-3.061893997,-2.076112919,-1.798437281,5.063172246,-3.069067310,0.060328601,-0.013892087,0.007003287,-0.007173312
11.310000000,-2.132995008,-1.782273781,5.060769926,-3.074043447,-2.057706572,-1.789487236,5.064964183,-3.080298389,0.075288436,-0.007213455,0.004194258,-0.006254942
11.340000000,-2.130422863,-1.780652091,5.061507984,-3.083056761,-2.043262219,-1.782713314,5.066112562,-3.088701799,0.087160644,-0.002061223,0.004604578,-0.005645038
11.370000000,-2.127849653,-1.779114978,5.061888423,-3.091434261,-2.028362905,-1.775892968,5.067117340,-3.097094502,0.099486748,0.003222009,0.005228917,-0.005660241
11.410000000,-2.124441059,-1.777178665,5.071415107,-3.102796092,-2.007706073,-1.766712476,5.068227755,-3.108314981,0.116734985,0.010466189,-0.003187352,-0.005518889
11.440000000,-2.121934078,-1.775819033,5.069072778,-3.111638110,-1.991613647,-1.759759959,5.068894964,-3.116751038,0.130320431,0.016059074,-0.000177814,-0.005112928
11.470000000,-2.119452499,-1.774525505,5.069117688,-3.119860610,-1.975060051,-1.752757748,5.069451186,-3.125168287,0.144392448,0.021767757,0.000333498,-0.005307677
11.510000000,-2.052332051,-1.730561384,5.059572070,-3.130476088,-1.952146346,-1.743332784,5.069965779,-3.136346337,0.100185706,-0.012771399,0.010393710,-0.005870248
11.540000000,-2.049014128,-1.728946226,5.054171333,-3.139018239,-1.934368783,-1.736200502,5.070205304,3.138433707,0.114645346,-0.007254276,0.016033971,-0.005733361
11.570000000,-2.045744143,-1.727409735,5.053235613,3.135887069,-1.916170782,-1.729023889,5.070340993,3.129999059,0.129573360,-0.001614154,0.017105380,-0.005888010
11.610000000,-2.041469795,-1.725494426,5.054797589,3.125267184,-1.891095605,-1.719378892,5.070380375,3.118768366,0.150374190,0.006115534,0.015582786,-0.006498818
11.640000000,-2.038307026,-1.724145073,5.053797028,3.117500676,-1.871667872,-1.712095658,5.070303878,3.110388609,0.166639154,0.012049415,0.016506849,-0.007112067
11.670000000,-2.035168233,-1.722882205,5.052556881,3.109383176,-1.851811916,-1.704782492,5.070162601,3.102008428,0.183356317,0.018099714,0.017605720,-0.007374749
11.710000000,-2.031048511,-1.721318914,5.043032370,3.098584439,-1.824593854,-1.694988923,5.069842343,3.090782138,0.206454656,0.026329991,0.026809973,-0.007802301
11.740000000,-2.028025350,-1.720238084,5.038902281,3.090440259,-1.803607756,-1.687621819,5.069510968,3.082358226,0.224417593,0.032616266,0.030608687,-0.008082033
11.770000000,-2.025058002,-1.719226860,5.036987525,3.082152759,-1.782189572,-1.680244131,5.069114644,3.073963241,0.242868430,0.038982729,0.032127119,-0.008189518
11.810000000,-2.021141741,-1.718028641,5.048605581,3.071147276,-1.752870283,-1.670392658,5.068482170,3.062794405,0.268271458,0.047635984,0.019876589,-0.008352871
11.840000000,-2.018246356,-1.717228451,5.050869444,3.063475952,-1.730353279,-1.662994882,5.067953141,3.054383804,0.287893077,0.054233568,0.017083697,-0.009092148
11.870000000,-2.015402248,-1.716508289,5.049226312,3.055228452,-1.707455173,-1.655593384,5.067380703,3.045953925,0.307947074,0.060914905,0.018154391,-0.009274527
11.910000000,-2.011709039,-1.715659050,5.042346624,3.043945084,-1.676193909,-1.645727577,5.066525367,3.034750449,0.335515131,0.069931473,0.024178743,-0.009194635
11.940000000,-2.008990145,-1.715114428,5.047046945,3.035558849,-1.652211366,-1.638335734,5.065791723,3.026379990,0.356778779,0.076778694,0.018744778,-0.009178859
11.970000000,-2.006323316,-1.714637208,5.045159185,3.027541349,-1.627870271,-1.630950243,5.065009949,3.017994831,0.378453045,0.083686965,0.019850764,-0.009546518
12.010000000,-1.870490677,-1.652270598,5.048678003,3.016563457,-1.594785569,-1.621119860,5.063897069,3.006765737,0.275705108,0.031150738,0.015219067,-0.009797720
12.040000000,-1.866205035,-1.651142674,5.043732110,3.007837642,-1.569478530,-1.613769730,5.063029338,2.998359430,0.296726505,0.037372943,0.019297228,-0.009478212
12.070000000,-1.861974725,-1.650087843,5.041683517,2.999267642,-1.543809237,-1.606441444,5.062123491,2.989983673,0.318165488,0.043646400,0.020439975,-0.009283969
12.110000000,-1.856440818,-1.648809709,5.022798401,2.988879462,-1.508973038,-1.596712701,5.060855414,2.978816440,0.347467780,0.052097008,0.038057012,-0.010063022
12.140000000,-1.852379389,-1.647939172,5.009388324,2.980660650,-1.482428644,-1.589452216,5.059864837,2.970405319,0.369950745,0.058486957,0.050476512,-0.010255331
12.170000000,-1.848409229,-1.647159056,5.006270846,2.972143150,-1.455574485,-1.582227079,5.058862223,2.961990588,0.392834744,0.064931977,0.052591377,-0.010152562
12.210000000,-1.843235355,-1.646244841,5.005126312,2.960506366,-1.419180434,-1.572678343,5.057532057,2.950810038,0.424054921,0.073566497,0.052405746,-0.009696329
12.240000000,-1.839429658,-1.645656473,5.018167924,2.951566911,-1.391475881,-1.565588210,5.056559011,2.942432011,0.447953776,0.080068263,0.038391088,-0.009134900
12.270000000,-1.835714233,-1.645150356,5.015563005,2.943214411,-1.363507918,-1.558551523,5.055614376,2.934036788,0.472206315,0.086598834,0.040051371,-0.009177623
12.310000000,-1.830911665,-1.644624960,5.005073313,2.931276718,-1.325744640,-1.549278597,5.054374592,2.922826196,0.505167025,0.095346363,0.049301279,-0.008450522
12.340000000,-1.827410156,-1.644331395,5.001073682,2.922887103,-1.297048779,-1.542419805,5.053446319,2.914434402,0.530361377,0.101911590,0.052372637,-0.008452700
12.370000000,-1.823993711,-1.644123795,4.998101726,2.914594603,-1.268091739,-1.535633924,5.052504596,2.906054540,0.555901972,0.108489871,0.054402870,-0.008540063
12.410000000,-1.819566369,-1.643972069,4.999066316,2.904323544,-1.229066075,-1.526713804,5.051275333,2.894871592,0.590500294,0.117258265,0.052209016,-0.009451952
12.440000000,-1.816361127,-1.643958177,4.998940195,2.896959384,-1.199510727,-1.520119249,5.050380110,2.886471737,0.616850399,0.123838929,0.051439915,-0.010487647
12.470000000,-1.813259364,-1.644027031,4.996134471,2.888594384,-1.169735163,-1.513600636,5.049516288,2.878076393,0.643524201,0.130426395,0.053381817,-0.010517991
12.510000000,-1.571228756,-1.556004735,5.000233308,2.877737811,-1.129630742,-1.505054494,5.048384516,2.866904111,0.441598014,0.050950241,0.048151208,-0.010833701
12.540000000,-1.565087035,-1.555080630,5.004593005,2.868031459,-1.099295147,-1.498746342,5.047556303,2.858524316,0.465791888,0.056334288,0.042963298,-0.009507143
12.570000000,-1.559048482,-1.554234154,5.002091863,2.859643959,-1.068800180,-1.492507032,5.046740567,2.850133838,0.490248302,0.061727121,0.044648704,-0.009510121
12.610000000,-1.551153445,-1.553222002,4.988194709,2.848827186,-1.027838680,-1.484323198,5.045683584,2.838943818,0.523314765,0.068898804,0.057488875,-0.009883368
12.640000000,-1.545336740,-1.552559320,4.987078363,2.840902624,-0.996878650,-1.478297978,5.044904791,2.830564224,0.548458090,0.074261343,0.057826428,-0.010338401
12.670000000,-1.539599329,-1.552000092,4.984222700,2.832742624,-0.965765905,-1.472354029,5.044136030,2.822189444,0.573833424,0.079646063,0.059913330,-0.010553180
12.710000000,-1.532075059,-1.551409335,4.994725179,2.821467143,-0.924063502,-1.464568813,5.043173899,2.811012702,0.608011556,0.086840522,0.048448720,-0.010454441
12.740000000,-1.526561987,-1.551056202,4.991640870,2.812592655,-0.892633049,-1.458838191,5.042507757,2.802625987,0.633928938,0.092218011,0.050866886,-0.009966668
12.770000000,-1.521158512,-1.550785493,4.989196076,2.804340155,-0.861077785,-1.453193340,5.041884277,2.794242819,0.660080727,0.097592153,0.052688201,-0.010097336
12.810000000,-1.514106526,-1.550554429,4.988886953,2.793577086,-0.818793505,-1.445820157,5.041075552,2.783073571,0.695313021,0.104734272,0.052188599,-0.010503515
12.840000000,-1.508937682,-1.550489305,4.993589554,2.785458720,-0.786971317,-1.440388324,5.040494046,2.774693665,0.721966365,0.110100982,0.046904492,-0.010765055
12.870000000,-1.503877509,-1.550512399,4.991369086,2.777336220,-0.755086763,-1.435021717,5.039927835,2.766307635,0.748790746,0.115490683,0.048558749,-0.011028585
12.910000000,-1.497302479,-1.550668863,5.002703520,2.765832765,-0.712437524,-1.427995114,5.039233297,2.755128669,0.784864955,0.122673749,0.036529777,-0.010704096
12.940000000,-1.492487293,-1.550882841,5.006676868,2.757734443,-0.680346035,-1.422823244,5.038742823,2.746754801,0.812141258,0.128059596,0.032065955,-0.010979641
12.970000000,-1.487780314,-1.551198272,5.005020041,2.749361943,-0.648205762,-1.417711651,5.038277368,2.738382049,0.839574552,0.133486621,0.033257327,-0.010979894
13.010000000,-1.139645175,-1.447644084,5.008360014,2.738030939,-0.605308943,-1.410986501,5.037682626,2.727204464,0.534336232,0.036657583,0.029322612,-0.010826475
13.040000000,-1.130609973,-1.446765131,5.013964061,2.729085586,-0.573097182,-1.406012701,5.037254741,2.718819429,0.557512791,0.040752431,0.023290680,-0.010266157
13.070000000,-1.121697155,-1.445974921,5.012541162,2.720898086,-0.540845630,-1.401095018,5.036837060,2.710444185,0.580851525,0.044879904,0.024295898,-0.010453901
13.110000000,-1.109977425,-1.445060847,5.002832463,2.709274111,-0.497802956,-1.394628217,5.036301321,2.699286959,0.612174470,0.050432630,0.033468858,-0.009987151
13.140000000,-1.101320405,-1.444462360,4.999476337,2.700753754,-0.465535680,-1.389827020,5.035923220,2.690908112,0.635784725,0.054635341,0.036446883,-0.009845643
13.170000000,-1.092786033,-1.443946836,4.997666413,2.692653754,-0.433284541,-1.385060473,5.035560905,2.682522976,0.659501492,0.058886363,0.037894492,-0.010130779
13.210000000,-1.081608004,-1.443387863,4.994606632,2.680612592,-0.390287250,-1.378784751,5.035146176,2.671352061,0.691320754,0.064603112,0.040539544,-0.009260531
13.240000000,-1.073346904,-1.443063878,4.992006351,2.672431568,-0.358052907,-1.374136898,5.034879724,2.662981105,0.715293997,0.068926980,0.042873373,-0.009450463
13.270000000,-1.065193565,-1.442812309,4.990107865,2.664131568,-0.325858070,-1.369520228,5.034657535,2.654606417,0.739335495,0.073292081,0.044549671,-0.009525150
13.310000000,-1.054503744,-1.442610691,4.984588685,2.652959783,-0.283031222,-1.363413694,5.034422382,2.643429451,0.771472522,0.079196997,0.049833697,-0.009530331
13.340000000,-1.046638303,-1.442543022,4.985420422,2.644752495,-0.250969542,-1.358883206,5.034304567,2.635047705,0.795668761,0.083659816,0.048884144,-0.009704790
13.370000000,-1.038883243,-1.442540772,4.983519140,2.636327495,-0.218945846,-1.354392790,5.034218948,2.626669842,0.819937398,0.088147982,0.050699808,-0.009657654
13.410000000,-1.028714174,-1.442677652,4.986625837,2.624992044,-0.176359572,-1.348457004,5.034176213,2.615499063,0.852354602,0.094220649,0.047550376,-0.009492981
13.440000000,-1.021235105,-1.442877579,4.983433629,2.616701452,-0.144535897,-1.344025220,5.034194344,2.607115774,0.876699207,0.098852360,0.050760715,-0.009585677
13.470000000,-1.013878602,-1.443167863,4.981621733,2.608218952,-0.112790048,-1.339610932,5.034250751,2.598730392,0.901088554,0.103556931,0.052629018,-0.009488560
13.510000000,-0.683713870,-1.358025160,4.997384855,2.597655964,-0.070581139,-1.333769208,5.034383985,2.587556149,0.613132731,0.024255952,0.036999130,-0.010099814
13.540000000,-0.672318326,-1.357385292,4.999027663,2.588292652,-0.039032238,-1.329407040,5.034519679,2.579179044,0.633286088,0.027978253,0.035492016,-0.009113608
13.570000000,-0.661030114,-1.356825892,4.997840062,2.579960152,-0.007586128,-1.325041678,5.034684961,2.570797521,0.653443987,0.031784214,0.036844899,-0.009162631
13.610000000,-0.646162245,-1.356212186,5.003501536,2.568906912,0.034151766,-1.319210027,5.034929771,2.559612817,0.680314010,0.037002159,0.031428236,-0.009294096
13.640000000,-0.635155402,-1.355844542,5.004286173,2.560539718,0.065336306,-1.314839460,5.035133399,2.551229929,0.700491709,0.041005082,0.030847227,-0.009309789
13.670000000,-0.624257414,-1.355570576,5.003232194,2.552357218,0.096433709,-1.310468221,5.035338528,2.542854940,0.720691123,0.045102355,0.032106334,-0.009502278
13.710000000,-0.609912096,-1.355347370,4.993553131,2.540545588,0.137695638,-1.304605909,5.035638270,2.531682971,0.747607733,0.050741462,0.042085140,-0.008862617
13.740000000,-0.599316856,-1.355267194,4.997307690,2.532770803,0.168476418,-1.300168734,5.035874720,2.523291378,0.767793274,0.055098461,0.038567030,-0.009479425
13.770000000,-0.588844957,-1.355253248,4.996074337,2.524440803,0.199151320,-1.295709090,5.036133425,2.514900888,0.787996277,0.059544157,0.040059088,-0.009539914
13.810000000,-0.575071719,-1.355363059,4.997307063,2.513036380,0.239872887,-1.289727127,5.036520103,2.503734059,0.814944606,0.065635932,0.039213040,-0.009302321
13.840000000,-0.564894048,-1.355554432,5.001411145,2.504734480,0.270255586,-1.285190460,5.036847732,2.495358945,0.835149634,0.070363972,0.035436587,-0.009375535
13.870000000,-0.554860107,-1.355832041,5.000367259,2.496786980,0.300506558,-1.280601472,5.037196698,2.486969018,0.855366665,0.075230568,0.036829439,-0.009817962
13.910000000,-0.541697308,-1.356342439,5.000719771,2.486148923,0.340617620,-1.274393929,5.037698090,2.475772375,0.882314928,0.081948510,0.036978319,-0.010376548
13.940000000,-0.531974973,-1.356842317,4.998210343,2.477348927,0.370556576,-1.269684043,5.038092981,2.467394285,0.902531549,0.087158274,0.039882638,-0.009954643
13.970000000,-0.522365620,-1.357422417,4.997084116,2.468828927,0.400383255,-1.264925487,5.038493808,2.459025814,0.922748875,0.092496929,0.041409692,-0.009803114
14.010000000,-0.131436326,-1.309494144,4.999279210,2.457544399,0.439910854,-1.258456609,5.039053714,2.447844054,0.571347180,0.051037535,0.039774504,-0.009700345
14.040000000,-0.117031470,-1.309613160,4.995364444,2.448767010,0.469377518,-1.253507556,5.039489088,2.439440718,0.586408988,0.056105604,0.044124645,-0.009326292
14.070000000,-0.102756405,-1.309820788,4.994145782,2.440472010,0.498732115,-1.248499027,5.039945195,2.431048116,0.601488520,0.061321761,0.045799413,-0.009423894
14.110000000,-0.083895888,-1.310236970,5.000687808,2.428273437,0.537670278,-1.241707227,5.040564480,2.419893038,0.621566165,0.068529743,0.039876672,-0.008380398
14.140000000,-0.069892428,-1.310655497,5.005938247,2.419839559,0.566697085,-1.236493452,5.041053020,2.411513577,0.636589513,0.074162045,0.035114773,-0.008325982
14.170000000,-0.056023179,-1.311153452,5.005073221,2.411407059,0.595589932,-1.231176613,5.041548895,2.403108620,0.651613111,0.079976839,0.036475674,-0.008298440
14.210000000,-0.037709687,-1.311946032,5.011332309,2.399821834,0.633904848,-1.223910646,5.042226838,2.391904152,0.671614535,0.088035385,0.030894529,-0.007917683
14.240000000,-0.024110634,-1.312630120,5.009821528,2.390631545,0.662507281,-1.218339013,5.042728299,2.383545393,0.686617915,0.094291107,0.032906772,-0.007086152
14.270000000,-0.010636436,-1.313414247,5.008999102,2.382214045,0.691000871,-1.212666698,5.043223167,2.375193335,0.701637307,0.100747549,0.034224065,-0.007020710
14.310000000,0.007130864,-1.314600531,5.016085405,2.371106535,0.728761550,-1.204894374,5.043869783,2.364002766,0.721630685,0.109706157,0.027784378,-0.007103769
14.340000000,0.020301749,-1.315589063,5.011711740,2.362550303,0.756916524,-1.198921283,5.044347357,2.355594711,0.736614775,0.116667780,0.032635618,-0.006955592
14.370000000,0.033334197,-1.316670438,5.010854845,2.353997803,0.784966106,-1.192861389,5.044823596,2.347210941,0.751631909,0.123809049,0.033968751,-0.006786861
14.410000000,0.050516148,-1.318281180,5.011629223,2.344107148,0.822163797,-1.184616879,5.045436689,2.336061634,0.771647649,0.133664302,0.033807466,-0.008045514
14.440000000,0.063252636,-1.319602866,5.019975206,2.335750850,0.849885077,-1.178283205,5.045893706,2.327671013,0.786632441,0.141319661,0.025918501,-0.008079837
14.470000000,0.075852212,-1.321011601,5.019286330,2.327248350,0.877477491,-1.171838152,5.046343300,2.319257463,0.801625278,0.149173448,0.027056970,-0.007990887
14.510000000,0.330052267,-1.258293384,5.018015113,2.316124543,0.914064847,-1.163070884,5.046951199,2.308061765,0.584012580,0.095222500,0.028936086,-0.008062779
14.540000000,0.345474632,-1.259056594,5.008701366,2.306839737,0.941363650,-1.156370673,5.047391140,2.299697989,0.595889018,0.102685921,0.038689773,-0.007141748
14.570000000,0.360781725,-1.259936387,5.007548766,2.298529737,0.968546069,-1.149561202,5.047825274,2.291325782,0.607764344,0.110375185,0.040276507,-0.007203955
14.610000000,0.380989045,-1.261243106,5.022459327,2.286538304,1.004565081,-1.140261669,5.048382093,2.280110231,0.623576036,0.120981437,0.025922766,-0.006428072
14.640000000,0.395986038,-1.262331440,5.021894185,2.276712587,1.031434137,-1.133140383,5.048804616,2.271703029,0.635448100,0.129191058,0.026910431,-0.005009559
14.670000000,0.410860084,-1.263513784,5.021077592,2.268267587,1.058211941,-1.125923998,5.049224381,2.263328608,0.647351856,0.137589785,0.028146789,-0.004938980
14.710000000,0.430518005,-1.265225069,5.024849228,2.256976466,1.093735279,-1.116102594,5.049757126,2.252177670,0.663217274,0.149122475,0.024907898,-0.004798796
14.740000000,0.445117018,-1.266625273,5.022325640,2.248412413,1.120227570,-1.108560002,5.050129076,2.243770031,0.675110552,0.158065271,0.027803436,-0.004642382
14.770000000,0.459591571,-1.268112811,5.021387140,2.240367413,1.146620246,-1.100895137,5.050480490,2.235345686,0.687028675,0.167217674,0.029093350,-0.005021726
14.810000000,0.478692808,-1.270222779,5.008588749,2.228422780,1.181661214,-1.090482787,5.050924384,2.224165533,0.702968406,0.179739993,0.042335635,-0.004257247
14.840000000,0.492886657,-1.271940754,5.010184610,2.219305330,1.207831127,-1.082522158,5.051232995,2.215809761,0.714944470,0.189418596,0.041048385,-0.003495569
14.870000000,0.506948659,-1.273770237,5.008809916,2.211112830,1.233908417,-1.074430248,5.051537301,2.207426007,0.726959758,0.199339989,0.042727385,-0.003686822
14.910000000,0.525491506,-1.276370025,5.001135336,2.199581958,1.268513101,-1.063397003,5.051938356,2.196189037,0.743021595,0.212973022,0.050803020,-0.003392920
14.940000000,0.539250541,-1.278445495,4.996329617,2.191035848,1.294369342,-1.054966562,5.052252871,2.187791636,0.755118801,0.223478933,0.055923254,-0.003244212
14.970000000,0.552883409,-1.280645787,4.994501774,2.182978348,1.320162552,-1.046428752,5.052565300,2.179433724,0.767279142,0.234217035,0.058063526,-0.003544624
15.010000000,0.794061026,-1.114714786,5.004927063,2.171920519,1.354419451,-1.034812607,5.052999964,2.168273239,0.560358425,0.079902180,0.048072900,-0.003647280
15.040000000,0.810339979,-1.114860386,5.010472611,2.163551515,1.380005804,-1.025910100,5.053333888,2.159846817,0.569665825,0.088950285,0.042861277,-0.003704698
15.070000000,0.826499498,-1.115094838,5.009118353,2.155181515,1.405528921,-1.016884941,5.053679809,2.151422681,0.579029424,0.098209896,0.044561456,-0.003758834
15.110000000,0.847842381,-1.115560253,5.002989198,2.143244797,1.439467384,-1.004656125,5.054131994,2.140263439,0.591625004,0.110904128,0.051142796,-0.002981358
15.140000000,0.863694401,-1.116039524,5.004988745,2.134970639,1.464844585,-0.995326179,5.054453994,2.131903278,0.601150184,0.120713345,0.049465248,-0.003067361
15.170000000,0.879419542,-1.116622138,5.003422506,2.126423139,1.490156177,-0.985867706,5.054763040,2.123503590,0.610736635,0.130754433,0.051340534,-0.002919549
15.210000000,0.900192315,-1.117569892,5.003480950,2.114519247,1.523794571,-0.973042206,5.055163995,2.112269741,0.623602256,0.144527686,0.051683045,-0.002249506
15.240000000,0.915621062,-1.118400636,5.005553288,2.105812545,1.548958796,-0.963297057,5.055466145,2.103887558,0.633337734,0.155103579,0.049912857,-0.001924986
15.270000000,0.930936381,-1.119339575,5.003972577,2.097555045,1.574075697,-0.953462375,5.055761181,2.095530432,0.643139316,0.165877199,0.051788604,-0.002024613
15.310000000,0.951152371,-1.120764242,5.002033310,2.085754833,1.607459696,-0.940155746,5.056156957,2.084347688,0.656307325,0.180608496,0.054123647,-0.001407144
15.340000000,0.966136536,-1.121950366,4.989126461,2.076811200,1.632420411,-0.930032225,5.056443091,2.075923132,0.666283875,0.191918141,0.067316630,-0.000888068
15.370000000,0.980996662,-1.123227263,4.987044334,2.068368700,1.657338774,-0.919826367,5.056731584,2.067515439,0.676342113,0.203400896,0.069687250,-0.000853261
15.410000000,1.000624695,-1.125076019,4.991082381,2.057313138,1.690498766,-0.906085361,5.057107945,2.056366849,0.689874071,0.218990658,0.066025564,-0.000946290
15.440000000,1.015198484,-1.126575782,4.996682542,2.049806659,1.715311976,-0.895656782,5.057408020,2.047990944,0.700113492,0.230919000,0.060725478,-0.001815715
15.470000000,1.029626493,-1.128165868,4.994941376,2.041364159,1.740081560,-0.885129274,5.057718430,2.039575317,0.710455067,0.243036594,0.062777054,-0.001788841
15.510000000,1.286073850,-0.995039579,5.007619940,2.030799595,1.773049838,-0.870943811,5.058154220,2.028349703,0.486975988,0.124095769,0.050534281,-0.002449892
15.540000000,1.303354057,-0.995060254,5.019061908,2.022607415,1.797750152,-0.860219092,5.058482687,2.019982322,0.494396095,0.134841162,0.039420779,-0.002625093
15.570000000,1.320501406,-0.995179268,5.018062305,2.014254915,1.822429776,-0.849422685,5.058808035,2.011625236,0.501928370,0.145756583,0.040745730,-0.002629679
15.610000000,1.343141254,-0.995510946,5.021866260,2.003224029,1.855288827,-0.834867215,5.059223692,2.000413583,0.512147573,0.160643731,0.037357432,-0.002810446
15.640000000,1.359964632,-0.995872618,5.029904802,1.993371252,1.879908841,-0.823847440,5.059504710,1.991980666,0.519944210,0.172025178,0.029599907,-0.001390586
15.670000000,1.376651306,-0.996331406,5.029104839,1.985171252,1.904524107,-0.812777606,5.059762692,1.983584950,0.527872801,0.183553800,0.030657852,-0.001586302
15.710000000,1.398700911,-0.997128072,5.023480988,1.975072242,1.937338430,-0.797927599,5.060044540,1.972448073,0.538637519,0.199200472,0.036563552,-0.002624169
15.740000000,1.415087183,-0.997861760,5.026939227,1.966961102,1.961934788,-0.786695168,5.060212187,1.964054251,0.546847605,0.211166592,0.033272959,-0.002906852
15.770000000,1.431334612,-0.998687077,5.025882967,1.958523602,1.986522104,-0.775393780,5.060336769,1.955622197,0.555187492,0.223293297,0.034453802,-0.002901405
15.810000000,1.452776126,-0.999943637,5.018817296,1.947384824,2.019309897,-0.760244190,5.060454224,1.944411729,0.566533771,0.239699447,0.041636927,-0.002973094
15.840000000,1.468718184,-1.001018214,5.028086067,1.938684548,2.043911366,-0.748838834,5.060495416,1.936057856,0.575193182,0.252179380,0.032409349,-0.002626692
15.870000000,1.484535991,-1.002206585,5.026933307,1.930372048,2.068512807,-0.737386641,5.060514486,1.927690856,0.583976816,0.264819945,0.033581179,-0.002681192
15.910000000,1.505412006,-1.003924071,5.021133788,1.918309413,2.101300935,-0.722017866,5.060497970,1.916461005,0.595888929,0.281906204,0.039364182,-0.001848407
15.940000000,1.520921606,-1.005325033,5.024690522,1.908643157,2.125880920,-0.710451890,5.060459206,1.908045140,0.604959314,0.294873143,0.035768684,-0.000598017
15.970000000,1.536290945,-1.006834122,5.023329329,1.900073157,2.150449392,-0.698882163,5.060396900,1.899663787,0.614158447,0.307951960,0.037067571,-0.000409369
16.010000000,1.806546581,-0.917220460,5.038000582,1.889265794,2.183155762,-0.683439914,5.060288289,1.888499994,0.376609181,0.233780546,0.022287707,-0.000765800
16.040000000,1.824934761,-0.917769392,5.034560456,1.880056802,2.207614656,-0.671829522,5.060193377,1.880105133,0.382679895,0.245939871,0.025632921,0.000048331
16.070000000,1.843182825,-0.918406881,5.033425783,1.871501802,2.232009311,-0.660214084,5.060085216,1.871728170,0.388826486,0.258192797,0.026659433,0.000226368
16.110000000,1.867306391,-0.919371164,5.034439607,1.860237371,2.264390597,-0.644779468,5.059912682,1.860587711,0.397084206,0.274591696,0.025473075,0.000350340
16.140000000,1.885285121,-0.920179825,5.045738863,1.850787139,2.288501149,-0.633272995,5.059753996,1.852219375,0.403216027,0.286906830,0.014015133,0.001432236
16.170000000,1.903153842,-0.921071575,5.044878058,1.842664639,2.312415546,-0.621821333,5.059597233,1.843872136,0.409261704,0.299250242,0.014719176,0.001207497
16.210000000,1.926800109,-0.922406585,5.045270515,1.831057042,2.343821265,-0.606687967,5.059407719,1.832846106,0.417021157,0.315718618,0.014137204,0.001789064
16.240000000,1.944386667,-0.923516496,5.048780477,1.821492638,2.366956407,-0.595489699,5.059271068,1.824536922,0.422569739,0.328026796,0.010490591,0.003044284
16.270000000,1.961842907,-0.924738752,5.047999870,1.813017638,2.389774855,-0.584416386,5.059127618,1.816124198,0.427931948,0.340322366,0.011127748,0.003106560
16.310000000,1.984901755,-0.926530286,5.047566701,1.802015872,2.419623249,-0.569851895,5.058935701,1.804903446,0.434721495,0.356678391,0.011369000,0.002887574
16.340000000,2.002034447,-0.927978270,5.059141472,1.793972079,2.441597153,-0.559058017,5.058778651,1.796594096,0.439562706,0.368920253,-0.000362821,0.002622017
16.370000000,2.019022104,-0.929500631,5.058635728,1.785344579,2.463289907,-0.548369679,5.058612862,1.788286463,0.444267804,0.381130952,-0.000022866,0.002941884
16.410000000,2.041462710,-0.931684099,5.057161968,1.774204986,2.491725465,-0.534338974,5.058370811,1.777076325,0.450262755,0.397345125,0.001208843,0.002871339
16.440000000,2.058125450,-0.933447567,5.064030243,1.765902874,2.512691932,-0.523968333,5.058161481,1.768643999,0.454566481,0.409479234,-0.005868762,0.002741126
16.470000000,2.074654752,-0.935304947,5.063555401,1.757430374,2.533393532,-0.513691902,5.057928371,1.760278931,0.458738780,0.421613045,-0.005627030,0.002848557
16.510000000,2.228971652,-0.718592596,5.050708852,1.746768430,2.560508436,-0.500175594,5.057566927,1.749201361,0.331536785,0.218417003,0.006858075,0.002432931
16.540000000,2.246936518,-0.717662252,5.055505853,1.737394067,2.580478146,-0.490209283,5.057260972,1.740808463,0.333541628,0.227452969,0.001755119,0.003414396
16.570000000,2.264789272,-0.716821424,5.054621281,1.729136567,2.600176532,-0.480369440,5.056926743,1.732351496,0.335387261,0.236451984,0.002305462,0.003214929
16.610000000,2.288408961,-0.715833163,5.046265105,1.717691043,2.625920573,-0.467456648,5.056468343,1.721197175,0.337511612,0.248376516,0.010203238,0.003506132
16.640000000,2.305994394,-0.715183191,5.033850893,1.709954481,2.644805449,-0.457944264,5.056107382,1.712946945,0.338811055,0.257238927,0.022256489,0.002992464
16.670000000,2.323472436,-0.714594915,5.032247438,1.701814481,2.663352643,-0.448593210,5.055745507,1.704635541,0.339880207,0.266001705,0.023498069,0.002821059
16.710000000,2.346620636,-0.713906580,5.039284327,1.690807617,2.687394725,-0.436452967,5.055260024,1.693332339,0.340774089,0.277453614,0.015975697,0.002524722
16.740000000,2.363865004,-0.713493517,5.046855766,1.682681203,2.704847802,-0.427578112,5.054922606,1.684945232,0.340982798,0.285915405,0.008066840,0.002264029
16.770000000,2.381006313,-0.713156307,5.045801245,1.674411203,2.721847745,-0.418868593,5.054621123,1.676722869,0.340841432,0.294287714,0.008819878,0.002311666
16.810000000,2.403705373,-0.712823130,5.051184230,1.663427846,2.743618985,-0.407596600,5.054335302,1.665492023,0.339913613,0.305226530,0.003151073,0.002064177
16.840000000,2.420647578,-0.712674639,5.044822382,1.655036892,2.759168752,-0.399390552,5.054177943,1.656700010,0.338521175,0.313284087,0.009355561,0.001663119
16.870000000,2.437529662,-0.712621170,5.043892285,1.646839392,2.774047949,-0.391327190,5.054062875,1.648006066,0.336518286,0.321293979,0.010170590,0.001166674
16.910000000,2.459952607,-0.712690378,5.048758462,1.636356743,2.792453587,-0.380800450,5.053955852,1.637058550,0.332500980,0.331889928,0.005197390,0.000701807
16.940000000,2.476680284,-0.712836634,5.065879322,1.628165633,2.805029246,-0.373096456,5.053902995,1.628690751,0.328348961,0.339740178,-0.011976326,0.000525118
16.970000000,2.493329078,-0.713063704,5.065808852,1.620413133,2.816638768,-0.365536056,5.053844445,1.619771315,0.323309689,0.347527647,-0.011964407,-0.000641818
17.010000000,2.561365118,-0.560420960,5.067848314,1.609719735,2.830258719,-0.355644435,5.053732942,1.607735501,0.268893601,0.204776525,-0.014115373,-0.001984234
17.040000000,2.578390774,-0.558812927,5.060223483,1.601444518,2.839046892,-0.348300329,5.053581484,1.599456724,0.260656118,0.210512598,-0.006641999,-0.001987794
17.070000000,2.595328034,-0.557262784,5.059935714,1.593334518,2.846797400,-0.341005748,5.053366018,1.591383087,0.251469367,0.216257035,-0.006569696,-0.001951431
17.110000000,2.617773770,-0.555304506,5.052937342,1.581650490,2.855248011,-0.331386580,5.052974074,1.579800763,0.237474241,0.223917926,0.000036732,-0.001849728
17.140000000,2.634513041,-0.553931491,5.045813136,1.573797092,2.860195669,-0.324211006,5.052603370,1.570794175,0.225682628,0.229720484,0.006790234,-0.003002918
17.170000000,2.651160448,-0.552643405,5.045015367,1.565364592,2.864146148,-0.317015457,5.052187698,1.562220725,0.212985700,0.235627947,0.007172331,-0.003143868
17.210000000,2.673252877,-0.551023333,5.046758093,1.553764180,2.867622916,-0.307353027,5.051535939,1.551467200,0.194370039,0.243670306,0.004777846,-0.002296981
17.240000000,2.689742197,-0.549887183,5.042171591,1.545454000,2.868928580,-0.300067807,5.050996695,1.542979458,0.179186384,0.249819376,0.008825104,-0.002474542
17.270000000,2.706158454,-0.548846543,5.041255082,1.537261500,2.869325778,-0.292742276,5.050411787,1.534094111,0.163167324,0.256104267,0.009156705,-0.003167389
17.310000000,2.727936422,-0.547586302,5.037876419,1.526808458,2.868271283,-0.282817979,5.049561011,1.522577512,0.140334861,0.264768322,0.011684592,-0.004230947
17.340000000,2.744184331,-0.546733527,5.030136008,1.518522077,2.866369257,-0.275213569,5.048860734,1.514490378,0.122184926,0.271519958,0.018724725,-0.004031700
17.370000000,2.760383894,-0.545955391,5.028851378,1.510342077,2.863704742,-0.267501182,5.048134260,1.506324235,0.103320847,0.278454209,0.019282882,-0.004017843
17.410000000,2.781898841,-0.545062871,5.021575992,1.500229929,2.858839747,-0.257027601,5.047117561,1.494767876,0.076940906,0.288035270,0.025541569,-0.005462053
17.440000000,2.797985669,-0.544510601,5.029563652,1.492105906,2.854280311,-0.248978046,5.046343702,1.486133921,0.056294642,0.295532555,0.016780050,-0.005971985
17.470000000,2.814036131,-0.544039740,5.028328203,1.483888406,2.849105685,-0.240750881,5.045565254,1.477862236,0.035069554,0.303288859,0.017237051,-0.006026170
17.510000000,2.880720944,-0.452531398,5.031112676,1.472243872,2.841155343,-0.229462742,5.044525676,1.467029904,-0.039565601,0.223068656,0.013413000,-0.005213968
17.540000000,2.897278809,-0.451034209,5.027167822,1.463074009,2.834464208,-0.220781088,5.043747629,1.458534028,-0.062814601,0.230253121,0.016579807,-0.004539981
17.570000000,2.913800011,-0.449614300,5.025884717,1.454781509,2.827281872,-0.211925245,5.042964549,1.449896958,-0.086518139,0.237689055,0.017079832,-0.004884551
17.610000000,2.935794956,-0.447852350,5.026247151,1.444045888,2.816869672,-0.199728638,5.041925189,1.438754526,-0.118925285,0.248123712,0.015678038,-0.005291362
17.640000000,2.952273386,-0.446610903,5.027125354,1.435335296,2.808473902,-0.190280003,5.041139951,1.430614779,-0.143799485,0.256330899,0.014014597,-0.004720517
17.670000000,2.968738932,-0.445431060,5.025900126,1.427167796,2.799665475,-0.180634224,5.040367037,1.422296944,-0.169073457,0.264796836,0.014466911,-0.004870852
17.710000000,2.990662402,-0.443974266,5.020576002,1.416068819,2.787193874,-0.167406757,5.039338938,1.410810335,-0.203468528,0.276567508,0.018762937,-0.005258484
17.740000000,3.007101706,-0.442980476,5.009166866,1.407027160,2.777330923,-0.157155003,5.038583628,1.402350317,-0.229770783,0.285825473,0.029416762,-0.004676843
17.770000000,3.023529337,-0.442053635,5.007388134,1.398632160,2.767123886,-0.146642054,5.037826318,1.394129370,-0.256405452,0.295411580,0.030438184,-0.004502790
17.810000000,3.045402249,-0.440914024,5.015783394,1.387630394,2.752921670,-0.132183288,5.036844711,1.383120961,-0.292480579,0.308730736,0.021061318,-0.004509432
17.840000000,3.061775876,-0.440162192,5.025433135,1.379230382,2.741861233,-0.121029728,5.036137437,1.374589800,-0.319914644,0.319132464,0.010704303,-0.004640582
17.870000000,3.078129238,-0.439512843,5.024290796,1.371050382,2.730532272,-0.109625857,5.035459661,1.366051293,-0.347596966,0.329886986,0.011168865,-0.004999089
17.910000000,3.099887939,-0.438791433,5.031137112,1.359214833,2.714987064,-0.093911239,5.034570993,1.354988067,-0.384900875,0.344880194,0.003433881,-0.004226766
17.940000000,3.116196736,-0.438335982,5.032018265,1.350153517,2.703026901,-0.081760241,5.033895751,1.346747914,-0.413169835,0.356575742,0.001877487,-0.003405602
17.970000000,3.132508532,-0.437964712,5.031066320,1.342131017,2.690859785,-0.069369462,5.033216675,1.338347510,-0.441648747,0.368595250,0.002150354,-0.003783507
18.010000000,2.918170763,-0.240341677,5.039238564,1.330653450,2.674291171,-0.052389649,5.032304245,1.326978027,-0.243879592,0.187952028,-0.006934319,-0.003675422
18.040000000,2.931212159,-0.237537487,5.041949827,1.322139919,2.661639669,-0.039262264,5.031627319,1.318615224,-0.269572490,0.198275223,-0.010322509,-0.003524695
18.070000000,2.944263126,-0.234787525,5.041246042,1.313914919,2.648839119,-0.025847601,5.030942714,1.310357334,-0.295424007,0.208939925,-0.010303328,-0.003557585
18.110000000,2.961659023,-0.231224151,5.033513778,1.302660040,2.631512493,-0.007485491,5.030038298,1.299189783,-0.330146530,0.223738660,-0.003475480,-0.003470257
18.140000000,2.974694295,-0.228670049,5.032504624,1.293774523,2.618356728,0.006636829,5.029351006,1.290674154,-0.356337567,0.235306877,-0.003153617,-0.003100368
18.170000000,2.987708914,-0.226228544,5.031496613,1.285422023,2.605120938,0.021044630,5.028676283,1.282222519,-0.382587977,0.247273174,-0.002820329,-0.003199503
18.210000000,3.005037408,-0.223106650,5.037656931,1.274201763,2.587385493,0.040795770,5.027801584,1.271153460,-0.417651915,0.263902420,-0.009855347,-0.003048303
18.240000000,3.018025396,-0.220852936,5.024160657,1.265321323,2.574037304,0.055967994,5.027191588,1.262806140,-0.443988091,0.276820930,0.003030931,-0.002515183
18.270000000,3.031001130,-0.218688386,5.022940118,1.257078823,2.560659370,0.071378383,5.026605406,1.254355371,-0.470341759,0.290066768,0.003665288,-0.002723452
18.310000000,3.048287641,-0.215947414,5.010808632,1.245018144,2.542787828,0.092408318,5.025862175,1.243066347,-0.505499813,0.308355731,0.015053544,-0.001951797
18.340000000,3.061246064,-0.213999112,5.009475889,1.236233535,2.529371648,0.108585296,5.025329952,1.234734157,-0.531874416,0.322584408,0.015854063,-0.001499378
18.370000000,3.074203635,-0.212122963,5.007874940,1.228228535,2.515939728,0.125041250,5.024822052,1.226438382,-0.558263907,0.337164213,0.016947112,-0.001790153
18.410000000,3.091442520,-0.209729944,5.014764930,1.215604284,2.497980795,0.147439095,5.024210052,1.215210593,-0.593461725,0.357169039,0.009445122,-0.000393691
18.440000000,3.104353575,-0.208033839,5.007513917,1.206721519,2.484480525,0.164594290,5.023795325,1.206718566,-0.619873050,0.372628128,0.016281408,-0.000002953
18.470000000,3.117238285,-0.206426913,5.005973592,1.198354019,2.470971836,0.182042278,5.023413744,1.198315473,-0.646266449,0.388469191,0.017440153,-0.000038546
18.510000000,2.917861624,0.012991224,5.012675342,1.186780700,2.452948533,0.205835253,5.022908140,1.187261801,-0.464913091,0.192844029,0.010232798,0.000481101
18.540000000,2.927831272,0.017328886,5.002204111,1.177996290,2.439408151,0.224025499,5.022547349,1.178878692,-0.488423121,0.206696613,0.020343238,0.000882401
18.570000000,2.937792419,0.021566763,5.000490066,1.169918790,2.425851919,0.242457006,5.022186864,1.170400765,-0.511940500,0.220890244,0.021696798,0.000481975
18.610000000,2.951032846,0.027044862,5.007477544,1.158144635,2.407782481,0.267528968,5.021723086,1.159154420,-0.543250365,0.240484107,0.014245543,0.001009784
18.640000000,2.960951297,0.031053978,5.009030697,1.149837707,2.394261547,0.286722714,5.021374544,1.150847397,-0.566689751,0.255668736,0.012343846,0.001009690
18.670000000,2.970872643,0.034995266,5.007580727,1.141710207,2.380766784,0.306168831,5.021040246,1.142531259,-0.590105859,0.271173565,0.013459519,0.000821053
18.710000000,2.984089401,0.040109618,5.014708269,1.129509171,2.362829951,0.332505489,5.020601504,1.131301974,-0.621259450,0.292395871,0.005893236,0.001792804
18.740000000,2.993982498,0.043811055,5.011661612,1.120463643,2.349446194,0.352581744,5.020281682,1.122870956,-0.644536304,0.308770689,0.008620070,0.002407313
18.770000000,3.003861275,0.047418085,5.010305509,1.112148643,2.336127425,0.372914362,5.019963758,1.114508902,-0.667733850,0.325496277,0.009658248,0.002360259
18.810000000,3.017034010,0.052097143,5.008252684,1.100838895,2.318473775,0.400464784,5.019535818,1.103414798,-0.698560235,0.348367641,0.011283134,0.002575903
18.840000000,3.026920554,0.055494275,5.009923255,1.093258311,2.305286239,0.421413423,5.019223591,1.095006426,-0.721634315,0.365919148,0.009300336,0.001748115
18.870000000,3.036809772,0.058784835,5.008530754,1.084905811,2.292135892,0.442572978,5.018913804,1.086547666,-0.744673880,0.383788142,0.010383049,0.001641854
18.910000000,3.049984984,0.063004352,5.003766441,1.073236999,2.274692576,0.471221753,5.018530075,1.075364067,-0.775292408,0.408217401,0.014763634,0.002127068
18.940000000,3.059855564,0.066051810,4.990542234,1.065104843,2.261675967,0.493030742,5.018244141,1.067058834,-0.798179596,0.426978933,0.027701907,0.001953991
18.970000000,3.069732867,0.068995653,4.988617393,1.056649843,2.248690880,0.515041638,5.017975199,1.058709531,-0.821041986,0.446045985,0.029357807,0.002059688
19.010000000,2.697210149,0.247741445,4.986068330,1.045187045,2.231426582,0.544735803,5.017633837,1.047439907,-0.465783567,0.296994358,0.031565507,0.002252862
19.040000000,2.701862742,0.252766906,4.976418238,1.035996000,2.218537290,0.567297742,5.017421983,1.039027870,-0.483325452,0.314530837,0.041003745,0.003031871
19.070000000,2.706510736,0.257702472,4.974188785,1.027511000,2.205699528,0.590080224,5.017233488,1.030688341,-0.500811208,0.332377752,0.043044703,0.003177341
19.110000000,2.712695277,0.264140544,4.970845102,1.016434960,2.188660789,0.620808675,5.017032252,1.019542024,-0.524034488,0.356668132,0.046187150,0.003107063
19.140000000,2.717302490,0.268863377,4.967930996,1.008350573,2.175951211,0.644081582,5.016913318,1.011093382,-0.541351279,0.375218205,0.048982322,0.002742809
19.170000000,2.721882841,0.273482322,4.965631016,1.000165573,2.163330780,0.667527762,5.016834148,1.002651353,-0.558552060,0.394045440,0.051203132,0.002485780
19.210000000,2.727958461,0.279499456,4.955157057,0.988598301,2.146737272,0.699114356,5.016787377,0.991468719,-0.581221190,0.419614901,0.061630320,0.002870418
19.240000000,2.732503043,0.283908240,4.969795162,0.981181410,2.134472094,0.722996651,5.016804461,0.983076691,-0.598030949,0.439088411,0.047009298,0.001895281
19.270000000,2.737037701,0.288211535,4.967796951,0.972886410,2.122321932,0.746981967,5.016866662,0.974659633,-0.614715769,0.458770432,0.049069711,0.001773223
19.310000000,2.743080208,0.293766323,4.955040793,0.961039263,2.106337510,0.779169376,5.017034734,0.963417059,-0.636742698,0.485403052,0.061993941,0.002377797
19.340000000,2.747614509,0.297784224,4.967731466,0.951704819,2.094527503,0.803510584,5.017215111,0.955028065,-0.653087007,0.505726360,0.049483644,0.003323246
19.370000000,2.752138748,0.301717976,4.965895290,0.943354819,2.082834572,0.827993947,5.017413770,0.946676058,-0.669304176,0.526275971,0.051518480,0.003321239
19.410000000,2.758155441,0.306805293,4.962872432,0.931678036,2.067402262,0.860841378,5.017757522,0.935498772,-0.690753179,0.554036085,0.054885091,0.003820736
19.440000000,2.762655886,0.310485861,4.970184970,0.923052487,2.055931747,0.885621010,5.018051060,0.927059085,-0.706724139,0.575135149,0.047866090,0.004006598
19.470000000,2.767121123,0.314058682,4.968593192,0.914704987,2.044553535,0.910533260,5.018378332,0.918645150,-0.722567588,0.596474578,0.049785140,0.003940164
19.510000000,2.548490694,0.601895464,4.991744385,0.902419406,2.029557958,0.944004544,5.018838413,0.907530800,-0.518932736,0.342109079,0.027094028,0.005111395
19.540000000,2.549986315,0.609063973,5.007964377,0.894808677,2.018405961,0.969252759,5.019211472,0.899176207,-0.531580354,0.360188786,0.011247095,0.004367531
19.570000000,2.551464405,0.616111388,5.007580321,0.886363677,2.007304617,0.994583454,5.019585293,0.890758555,-0.544159789,0.378472067,0.012004972,0.004394879
19.610000000,2.553407148,0.625319877,5.012932564,0.875097882,1.992623756,1.028542864,5.020072834,0.879520018,-0.560783392,0.403222988,0.007140271,0.004422136
19.640000000,2.554857612,0.632092360,5.016953360,0.866508930,1.981732898,1.054178289,5.020397579,0.871171121,-0.573124714,0.422085928,0.003444219,0.004662191
19.670000000,2.556322131,0.638766153,5.016659213,0.858368930,1.970919891,1.079912973,5.020688457,0.862842687,-0.585402240,0.441146820,0.004029243,0.004473758
19.710000000,2.558258565,0.647487915,5.017126913,0.847589469,1.956608748,1.114344386,5.021059424,0.851654770,-0.601649816,0.466856471,0.003932511,0.004065301
19.740000000,2.559687394,0.653884175,5.009994348,0.839224191,1.945965096,1.140256198,5.021327599,0.843231053,-0.613722298,0.486372023,0.011333251,0.004006862
19.770000000,2.561088817,0.660151935,5.009339439,0.830966691,1.935409278,1.166254610,5.021599471,0.834845578,-0.625679538,0.506102675,0.012260032,0.003878887
19.810000000,2.562942969,0.668371994,5.007304272,0.819768206,1.921487160,1.201067547,5.021950555,0.823732833,-0.641455809,0.532695553,0.014646283,0.003964627
19.840000000,2.564313803,0.674444821,5.005957314,0.812148023,1.911115886,1.227242789,5.022235070,0.815356143,-0.653197917,0.552797969,0.016277757,0.003208120
19.870000000,2.565658600,0.680417013,5.005151180,0.803635523,1.900785227,1.253456189,5.022525046,0.806931263,-0.664873373,0.573039176,0.017373866,0.003295740
19.910000000,2.567407461,0.688218892,5.014372668,0.792968245,1.887122445,1.288519082,5.022948197,0.795726795,-0.680285016,0.600300190,0.008575530,0.002758550
19.940000000,2.568693771,0.693962474,5.014246351,0.784746384,1.876969317,1.314911134,5.023270318,0.787393149,-0.691724454,0.620948660,0.009023967,0.002646765
19.970000000,2.569954843,0.699615005,5.013626973,0.776538884,1.866859018,1.341345790,5.023606631,0.779052506,-0.703095825,0.641730785,0.009979658,0.002513622
20.010000000,2.315147338,1.000515649,5.025562620,0.766345214,1.853419723,1.376630855,5.024050135,0.767834029,-0.461727615,0.376115206,-0.001512486,0.001488815
20.040000000,2.312962853,1.009842175,5.026105650,0.758402515,1.843392340,1.403143128,5.024385057,0.759415950,-0.469570513,0.393300953,-0.001720594,0.001013435
20.070000000,2.310749202,1.019073050,5.025771848,0.750077515,1.833421811,1.429707590,5.024714943,0.751051064,-0.477327390,0.410634540,-0.001056906,0.000973549
20.110000000,2.307778742,1.031250322,5.024372262,0.738477325,1.820204414,1.465191552,5.025134087,0.739928937,-0.487574329,0.433941231,0.000761826,0.001451611
20.140000000,2.305526538,1.040263068,5.033024968,0.730054453,1.810314815,1.491812192,5.025435193,0.731522788,-0.495211723,0.451549125,-0.007589775,0.001468335
20.170000000,2.303250485,1.049178484,5.032756658,0.722006953,1.800453261,1.518439413,5.025726765,0.723092103,-0.502797223,0.469260929,-0.007029893,0.001085150
20.210000000,2.300186622,1.060901634,5.031809285,0.710836083,1.787409918,1.553985096,5.026132579,0.711912248,-0.512776704,0.493083462,-0.005676706,0.001076164
20.240000000,2.297872443,1.069582507,5.023117931,0.702095736,1.777701724,1.580661574,5.026430941,0.703560143,-0.520170719,0.511079067,0.003313009,0.001464407
20.270000000,2.295557991,1.078156635,5.022436979,0.693588236,1.768016264,1.607320922,5.026738372,0.695180569,-0.527541727,0.529164288,0.004301394,0.001592333
20.310000000,2.292431832,1.089419835,5.024545499,0.682370408,1.755130886,1.642825335,5.027146790,0.683947587,-0.537300946,0.553405500,0.002601291,0.001577178
20.340000000,2.290051557,1.097743381,5.021276538,0.674060114,1.745523698,1.669455464,5.027483925,0.675550850,-0.544527859,0.571712083,0.006207386,0.001490736
20.370000000,2.287658019,1.105980665,5.020484646,0.665672614,1.735964479,1.696094736,5.027827393,0.667198209,-0.551693540,0.590114070,0.007342747,0.001525595
20.410000000,2.284457795,1.116827691,5.014615354,0.654359723,1.723248736,1.731588489,5.028312031,0.656051452,-0.561209059,0.614760798,0.013696677,0.001691729
20.440000000,2.282037554,1.124849820,4.997869678,0.646137238,1.713701825,1.758167425,5.028681914,0.647630211,-0.568335728,0.633317605,0.030812236,0.001492973
20.470000000,2.279599798,1.132778160,4.996343464,0.637992238,1.704166672,1.784732505,5.029070291,0.639206946,-0.575433126,0.651954345,0.032726827,0.001214707
20.510000000,2.035477472,1.400489365,5.003643249,0.627366328,1.691511734,1.820156559,5.029617823,0.628060120,-0.343965738,0.419667194,0.025974574,0.000693792
20.540000000,2.029829314,1.411627558,5.001278749,0.619357928,1.682033416,1.846705459,5.030069883,0.619713472,-0.347795897,0.435077901,0.028791134,0.000355543
20.570000000,2.024175614,1.422683232,4.999960481,0.611267928,1.672532914,1.873218082,5.030556649,0.611319302,-0.351642701,0.450534851,0.030596168,0.000051374
20.610000000,2.016566491,1.437264077,5.005519290,0.599732588,1.659843420,1.908514595,5.031228966,0.600076166,-0.356723071,0.471250518,0.025709677,0.000343578
20.640000000,2.010832893,1.448099046,5.000813621,0.591706598,1.650359233,1.934977710,5.031756246,0.591696741,-0.360473660,0.486878663,0.030942626,-0.000009857
20.670000000,2.005083328,1.458843668,4.999529924,0.583164098,1.640899662,1.961429936,5.032283343,0.583353088,-0.364183666,0.502586269,0.032753419,0.000188990
20.710000000,1.997395309,1.473039509,5.007998981,0.571879405,1.628272562,1.996630941,5.033011964,0.572186429,-0.369122747,0.523591433,0.025012983,0.000307024
20.740000000,1.991597716,1.483576078,5.020295534,0.563411750,1.618779684,2.022968010,5.033563076,0.563764798,-0.372818032,0.539391932,0.013267541,0.000353047
20.770000000,1.985772978,1.494010220,5.019643577,0.554979250,1.609300009,2.049277474,5.034135399,0.555357487,-0.376472969,0.555267254,0.014491822,0.000378237
20.810000000,1.977985131,1.507777857,5.007037288,0.544619182,1.596708141,2.084323328,5.034896406,0.544218196,-0.381276990,0.576545472,0.027859118,-0.000400986
20.840000000,1.972136590,1.518006448,5.001393972,0.536741846,1.587255157,2.110558613,5.035464849,0.535854836,-0.384881433,0.592552165,0.034070878,-0.000887010
20.870000000,1.966269788,1.528158363,5.000083686,0.528354346,1.577769910,2.136745465,5.036021219,0.527445587,-0.388499879,0.608587102,0.035937533,-0.000908759
20.910000000,1.958384647,1.541563138,4.995008029,0.517587167,1.565100046,2.171599097,5.036788226,0.516215590,-0.393284601,0.630035959,0.041780197,-0.001371576
20.940000000,1.952426877,1.551512219,4.984995535,0.509051335,1.555617546,2.197717796,5.037393995,0.507853423,-0.396809331,0.646205576,0.052398460,-0.001197912
20.970000000,1.946454993,1.561392931,4.983237193,0.500753835,1.546131853,2.223812676,5.038022324,0.499510477,-0.400323140,0.662419745,0.054785131,-0.001243358
21.010000000,1.777414898,1.857856685,4.990176689,0.490530733,1.533416082,2.258530933,5.038903360,0.488313980,-0.243998816,0.400674248,0.048726672,-0.002216754
21.040000000,1.769311053,1.871276649,5.002241865,0.481878202,1.523837182,2.284521134,5.039592563,0.479880706,-0.245473871,0.413244485,0.037350698,-0.001997496
21.070000000,1.761174778,1.884601900,5.001095963,0.473648202,1.514260617,2.310495219,5.040313855,0.471484930,-0.246914160,0.425893319,0.039217891,-0.002163271
21.110000000,1.750317304,1.902239734,5.005934817,0.463201471,1.501494586,2.345098965,5.041285106,0.460360853,-0.248822718,0.442859231,0.035350289,-0.002840618
21.140000000,1.742164930,1.915372037,5.004866656,0.454780724,1.491872316,2.371006627,5.042019045,0.451977167,-0.250292614,0.455634590,0.037152389,-0.002803557
21.170000000,1.733986438,1.928426962,5.003736928,0.446578224,1.482206755,2.396877794,5.042734304,0.443545954,-0.251779683,0.468450832,0.038997376,-0.003032270
21.210000000,1.723016601,1.945698946,5.003729123,0.434702264,1.469298935,2.431335538,5.043688952,0.432329943,-0.253717666,0.485636592,0.039959829,-0.002372321
21.240000000,1.714759157,1.958545757,4.989841968,0.426318671,1.459625671,2.457162880,5.044389925,0.423982899,-0.255133486,0.498617124,0.054547958,-0.002335773
21.270000000,1.706500885,1.971318557,4.988174553,0.418223671,1.449929128,2.482966407,5.045095072,0.415629792,-0.256571757,0.511647850,0.056920519,-0.002593880
21.310000000,1.695476178,1.988234525,4.987224326,0.406973453,1.436915800,2.517311237,5.046029686,0.404399588,-0.258560378,0.529076713,0.058805360,-0.002573866
21.340000000,1.687184259,2.000829633,5.000689228,0.398657437,1.427126077,2.543042452,5.046749691,0.395972269,-0.260058182,0.542212819,0.046060462,-0.002685168
21.370000000,1.678878617,2.013336423,4.999419149,0.390492437,1.417343503,2.568767643,5.047485865,0.387599344,-0.261535114,0.555431220,0.048066715,-0.002893093
21.410000000,1.667790419,2.029874952,5.000800722,0.379263082,1.404281606,2.603046215,5.048486223,0.376476740,-0.263508813,0.573171264,0.047685501,-0.002786342
21.440000000,1.659481637,2.042190588,4.999959260,0.370666532,1.394422749,2.628721460,5.049238726,0.368067548,-0.265058888,0.586530872,0.049279466,-0.002598984
21.470000000,1.651141972,2.054436798,4.998646709,0.362331532,1.384526547,2.654376872,5.049977713,0.359623611,-0.266615425,0.599940075,0.051331003,-0.002707921
21.510000000,1.530884629,2.341545274,5.004939836,0.351111166,1.371328186,2.688575579,5.050967358,0.348434789,-0.159556443,0.347030305,0.046027522,-0.002676377
21.540000000,1.521113765,2.357237459,5.006381963,0.341916811,1.361427730,2.714220504,5.051698721,0.340098536,-0.159686035,0.356983045,0.045316758,-0.001818275
21.570000000,1.511345369,2.372867073,5.005227285,0.333659311,1.351491074,2.739851137,5.052437190,0.331728508,-0.159854296,0.366984064,0.047209906,-0.001930803
21.610000000,1.498293357,2.393574046,5.001491141,0.322394191,1.338162175,2.773996655,5.053395739,0.320470498,-0.160131182,0.380422609,0.051904598,-0.001923693
21.640000000,1.488476665,2.409018326,5.009051360,0.314241878,1.328156539,2.799604036,5.054111511,0.312057872,-0.160320126,0.390585710,0.045060151,-0.002184006
21.670000000,1.478654617,2.424403256,5.007926491,0.305681878,1.318163428,2.825217588,5.054811877,0.303707248,-0.160491189,0.400814332,0.046885386,-0.001974630
21.710000000,1.465558560,2.444817357,5.012309500,0.293136426,1.304809718,2.859365825,5.055749584,0.292570690,-0.160748843,0.414548468,0.043440084,-0.000565736
21.740000000,1.455727881,2.460031179,5.013427185,0.283763303,1.294737975,2.884965886,5.056439404,0.284135147,-0.160989907,0.424934707,0.043012219,0.000371844
21.770000000,1.445876612,2.475158185,5.012403701,0.275368303,1.284649607,2.910566573,5.057120978,0.275688927,-0.161227005,0.435408388,0.044717277,0.000320624
21.810000000,1.432731834,2.495227003,5.026830511,0.263834445,1.271226338,2.944721090,5.058007788,0.264533157,-0.161505496,0.449494087,0.031177277,0.000698712
21.840000000,1.422886953,2.510203835,5.025210193,0.255638609,1.261158700,2.970347931,5.058652367,0.256195531,-0.161728253,0.460144096,0.033442173,0.000556922
21.870000000,1.413037719,2.525119560,5.024431509,0.247343609,1.251057549,2.995974882,5.059283924,0.247799026,-0.161980170,0.470855322,0.034852415,0.000455417
21.910000000,1.399876490,2.544903033,5.027497765,0.236741487,1.237545880,3.030151042,5.060066359,0.236526817,-0.162330610,0.485248009,0.032568594,-0.000214669
21.940000000,1.389986720,2.559649768,5.023906073,0.228404674,1.227436005,3.055804406,5.060622277,0.228139330,-0.162550715,0.496154638,0.036716204,-0.000265344
21.970000000,1.380094467,2.574312691,5.022889173,0.220119674,1.217347282,3.081475005,5.061143779,0.219806785,-0.162747185,0.507162314,0.038254606,-0.000312890
22.010000000,1.307982209,2.827881224,5.029699437,0.208424403,1.203870738,3.115721534,5.061809169,0.208639730,-0.104111471,0.287840309,0.032109732,0.000215327
22.040000000,1.297323380,2.845461846,5.029666716,0.199676362,1.193732704,3.141419734,5.062271232,0.200183762,-0.103590676,0.295957888,0.032604517,0.000507400
22.070000000,1.286643162,2.862953346,5.028670427,0.191153862,1.183608404,3.167136513,5.062722588,0.191749574,-0.103034759,0.304183167,0.034052161,0.000595712
22.110000000,1.272398676,2.886159272,5.026372025,0.179739317,1.170172137,3.201468657,5.063266956,0.180626834,-0.102226539,0.315309385,0.036894931,0.000887517
22.140000000,1.261718624,2.903480498,5.028330023,0.171058265,1.160102282,3.227244004,5.063644544,0.172273434,-0.101616342,0.323763506,0.035314521,0.001215170
22.170000000,1.251049100,2.920741184,5.027174114,0.162403265,1.150013583,3.253034932,5.063991216,0.163845388,-0.101035517,0.332293748,0.036817102,0.001442123
22.210000000,1.236801764,2.943639033,5.022794748,0.152202071,1.136575283,3.287461642,5.064407260,0.152576914,-0.100226480,0.343822609,0.041612511,0.000374843
22.240000000,1.226114238,2.960742267,5.030446289,0.144106367,1.126557049,3.313320445,5.064684716,0.144219399,-0.099557189,0.352578178,0.034238427,0.000113032
22.270000000,1.215442541,2.977775548,5.029212979,0.135863867,1.116570180,3.339206308,5.064937122,0.135893937,-0.098872361,0.361430760,0.035724143,0.000030070
22.310000000,1.201227388,3.000376259,5.014327269,0.124275765,1.103251327,3.373763651,5.065249853,0.124684219,-0.097976061,0.373387392,0.050922584,0.000408454
22.340000000,1.190554176,3.017245856,5.021332306,0.115188668,1.093274835,3.399717351,5.065449781,0.116219561,-0.097279341,0.382471495,0.044117476,0.001030894
22.370000000,1.179862875,3.034055188,5.019750136,0.106866168,1.083348302,3.425703343,5.065638478,0.107810723,-0.096514573,0.391648154,0.045888342,0.000944555
22.410000000,1.165592981,3.056373542,5.022903906,0.096111385,1.070212900,3.460413316,5.065866559,0.096713173,-0.095380081,0.404039773,0.042962653,0.000601788
22.440000000,1.154898798,3.073034631,5.021112644,0.087237530,1.060386262,3.486488885,5.066040275,0.088331372,-0.094512536,0.413454255,0.044927631,0.001093841
22.470000000,1.144204130,3.089621946,5.019483419,0.078935030,1.050569150,3.512596002,5.066194389,0.079876548,-0.093634981,0.422974056,0.046710970,0.000941518
22.510000000,1.137130284,3.265591981,5.021880310,0.068082892,1.037567940,3.547469985,5.066389301,0.068635612,-0.099562344,0.281878004,0.044508992,0.000552720
22.540000000,1.126564342,3.284006997,5.016933664,0.059758101,1.027919733,3.573670981,5.066514818,0.060302443,-0.098644609,0.289663983,0.049581154,0.000544341
22.570000000,1.115996959,3.302359816,5.015143396,0.051355601,1.018321993,3.599895789,5.066640651,0.051951180,-0.097674966,0.297535973,0.051497255,0.000595579
22.610000000,1.101896781,3.326732335,5.017931036,0.040942050,1.005579720,3.634874479,5.066799142,0.040704069,-0.096317062,0.308142144,0.048868106,-0.000237981
22.640000000,1.091307371,3.344950761,5.009443408,0.032438320,0.996112377,3.661069381,5.066925694,0.032288280,-0.095194994,0.316118620,0.057482286,-0.000150040
22.670000000,1.080723011,3.363131043,5.007456452,0.024270820,0.986752900,3.687190602,5.067065142,0.023895544,-0.093970111,0.324059559,0.059608690,-0.000375275
22.710000000,1.066615672,3.387319030,5.011672141,0.012665758,0.974455456,3.721784796,5.067282575,0.012665757,-0.092160217,0.334465766,0.055610435,-0.000000001
22.740000000,1.056023659,3.405416259,5.006632007,0.004274139,0.965324883,3.747470918,5.067495415,0.004327852,-0.090698776,0.342054659,0.060863409,0.000053714
22.770000000,1.045422909,3.423467214,5.004713208,-0.003818361,0.956274870,3.772921588,5.067741900,-0.003913201,-0.089148039,0.349454375,0.063028692,-0.000094840
22.810000000,1.031258247,3.447455972,5.003928728,-0.014745412,0.944439418,3.806352758,5.068161382,-0.015025273,-0.086818829,0.358896786,0.064232653,-0.000279861
22.840000000,1.020622629,3.465392605,5.003844936,-0.022691554,0.935747882,3.830999162,5.068534459,-0.023526407,-0.084874746,0.365606557,0.064689523,-0.000834853
22.870000000,1.009985298,3.483284779,5.002112568,-0.031231554,0.927157104,3.855309291,5.068971225,-0.031941607,-0.082828194,0.372024512,0.066858657,-0.000710053
22.910000000,0.995772101,3.507065448,4.995517736,-0.042622719,0.915875303,3.887070984,5.069640818,-0.042833095,-0.079896798,0.380005536,0.074123082,-0.000210376
22.940000000,0.985094384,3.524842708,5.002865703,-0.050638305,0.907604572,3.910374263,5.070225167,-0.051091799,-0.077489812,0.385531555,0.067359464,-0.000453494
22.970000000,0.974416816,3.542561868,5.001374742,-0.058833305,0.899498141,3.933286268,5.070856195,-0.059577013,-0.074918674,0.390724400,0.069481453,-0.000743709
23.010000000,0.955323035,3.700082803,5.024854367,-0.071130401,0.888941189,3.963099095,5.071812396,-0.070894024,-0.066381846,0.263016292,0.046958028,0.000236377
23.040000000,0.944602409,3.719471143,5.030792549,-0.079717101,0.881177763,3.984895020,5.072594867,-0.079073006,-0.063424646,0.265423877,0.041802319,0.000644095
23.070000000,0.933872811,3.738825309,5.030396311,-0.088117101,0.873554831,4.006272314,5.073414591,-0.087189783,-0.060317980,0.267447004,0.043018280,0.000927318
23.110000000,0.919567806,3.764577845,5.044201057,-0.098370192,0.863719398,4.033988046,5.074533134,-0.098383282,-0.055848408,0.269410201,0.030332077,-0.000013090
23.140000000,0.908833378,3.783867480,5.054786013,-0.105645038,0.856576551,4.054157347,5.075367772,-0.106910420,-0.052256827,0.270289867,0.020581759,-0.001265382
23.170000000,0.898087620,3.803125642,5.055083961,-0.114102538,0.849571508,4.073852007,5.076222437,-0.115209460,-0.048516111,0.270726364,0.021138476,-0.001106922
23.210000000,0.883732049,3.828804324,5.055289806,-0.124805765,0.840494106,4.099147874,5.077382669,-0.125854782,-0.043237943,0.270343551,0.022092864,-0.001049016
23.240000000,0.872955761,3.848087939,5.060534839,-0.132079973,0.833923631,4.117220109,5.078215880,-0.134160315,-0.039032130,0.269132170,0.017681040,-0.002080342
23.270000000,0.862198895,3.867411327,5.060879414,-0.140219973,0.827512652,4.134474787,5.078994890,-0.142910418,-0.034686243,0.267063461,0.018115476,-0.002690445
23.310000000,0.847885493,3.893255288,5.065941995,-0.149591131,0.819146630,4.155653966,5.079919211,-0.154239897,-0.028738863,0.262398678,0.013977216,-0.004648766
23.340000000,0.837143253,3.912684389,5.074008296,-0.158037936,0.812948114,4.169913221,5.080454727,-0.161811646,-0.024195139,0.257228832,0.006446431,-0.003773709
23.370000000,0.826379791,3.932158569,5.074566222,-0.166350436,0.806812924,4.182850321,5.080852062,-0.169509328,-0.019566866,0.250691752,0.006285840,-0.003158891
23.410000000,0.812027529,3.958183016,5.070049376,-0.176404130,0.798750598,4.197497685,5.081057132,-0.181377725,-0.013276931,0.239314669,0.011007757,-0.004973595
23.440000000,0.801264402,3.977752234,5.079172213,-0.183406253,0.792728254,4.206434745,5.080943297,-0.190285811,-0.008536149,0.228682511,0.001771083,-0.006879558
23.470000000,0.790493883,3.997346236,5.079515122,-0.191563753,0.786682734,4.213845195,5.080620003,-0.198184454,-0.003811149,0.216498959,0.001104881,-0.006620701
23.510000000,0.822950370,4.126319964,5.077235315,-0.202106941,0.778597028,4.220863303,5.079820114,-0.208117616,-0.044353342,0.094543338,0.002584799,-0.006010674
23.540000000,0.812792446,4.147343321,5.084537657,-0.209287835,0.772547458,4.223941636,5.078932902,-0.216864645,-0.040244988,0.076598316,-0.005604755,-0.007576810
23.570000000,0.802637209,4.168400047,5.084681225,-0.217847835,0.766489735,4.225426435,5.077817942,-0.226177019,-0.036147474,0.057026389,-0.006863283,-0.008329184
23.610000000,0.789113426,4.196540708,5.077579137,-0.228029740,0.758321155,4.224501793,5.075927281,-0.237265071,-0.030792270,0.027961085,-0.001651855,-0.009235332
23.640000000,0.778968580,4.217714652,5.065328154,-0.235633672,0.752122337,4.221663845,5.074181929,-0.244713049,-0.026846243,0.003949193,0.008853774,-0.009079377
23.670000000,0.768819208,4.238965497,5.064461221,-0.243908672,0.745905096,4.217289154,5.072214769,-0.252831123,-0.022914112,-0.021676343,0.007753548,-0.008922451
23.710000000,0.755285716,4.267380388,5.053577124,-0.253409749,0.737597481,4.208726356,5.069190863,-0.265188829,-0.017688235,-0.058654032,0.015613739,-0.011779080
23.740000000,0.745139204,4.288746999,5.061113251,-0.260440879,0.731311886,4.200354175,5.066684972,-0.273843231,-0.013827318,-0.088392824,0.005571722,-0.013402352
23.770000000,0.734990071,4.310191411,5.059896394,-0.268700879,0.724978991,4.190634786,5.064017890,-0.281621398,-0.010011080,-0.119556625,0.004121496,-0.012920518
23.810000000,0.721441374,4.338893606,5.060236961,-0.279754668,0.716521638,4.175315078,5.060222580,-0.292266830,-0.004919736,-0.163578528,-0.000014381,-0.012512162
23.840000000,0.711284807,4.360510557,5.061923384,-0.287949186,0.710215661,4.162162658,5.057207874,-0.301291827,-0.001069146,-0.198347898,-0.004715510,-0.013342641
23.870000000,0.701137668,4.382205524,5.060631275,-0.296191686,0.703922075,4.147880572,5.054099070,-0.310293717,0.002784407,-0.234324952,-0.006532204,-0.014102031
23.910000000,0.687603333,4.411278294,5.061309163,-0.307837183,0.695524303,4.126915320,5.049813526,-0.321053622,0.007920969,-0.284362974,-0.011495637,-0.013216439
23.940000000,0.677423185,4.433214120,5.063478772,-0.315424336,0.689267329,4.109850658,5.046526719,-0.328987920,0.011844144,-0.323363462,-0.016952053,-0.013563584
23.970000000,0.667240796,4.455263625,5.062262760,-0.323376836,0.683083904,4.091867856,5.043206104,-0.337518228,0.015843107,-0.363395769,-0.019056656,-0.014141392
24.010000000,0.618799202,4.314551717,5.055666383,-0.335193558,0.674972417,4.066335168,5.038740200,-0.349369368,0.056173215,-0.248216549,-0.016926183,-0.014175810
24.040000000,0.608169297,4.334485215,5.055127351,-0.343905062,0.668954797,4.046132699,5.035400627,-0.357654513,0.060785500,-0.288352516,-0.019726724,-0.013749451
24.070000000,0.597527800,4.354550004,5.053785857,-0.352242562,0.662997875,4.025223066,5.032073354,-0.365631125,0.065470075,-0.329326939,-0.021712504,-0.013388563
24.110000000,0.583327742,4.381529714,5.053928795,-0.363922367,0.655247434,3.996120673,5.027717196,-0.376784203,0.071919693,-0.385409041,-0.026211599,-0.012861835
24.140000000,0.572686646,4.401923993,5.047757411,-0.372276658,0.649596458,3.973456994,5.024510517,-0.385538756,0.076909811,-0.428467000,-0.023246895,-0.013262098
24.170000000,0.562050239,4.422455938,5.046460195,-0.380334158,0.644035537,3.950245183,5.021374109,-0.394080207,0.081985298,-0.472210755,-0.025086087,-0.013746050
24.210000000,0.547864293,4.450066163,5.044616957,-0.391743648,0.636774553,3.918383872,5.017304215,-0.404897372,0.088910260,-0.531682291,-0.027312742,-0.013153725
24.240000000,0.537208467,4.470955101,5.032306417,-0.399619136,0.631499025,3.893847253,5.014365648,-0.413162274,0.094290558,-0.577107848,-0.017940769,-0.013543138
24.270000000,0.526553452,4.491998013,5.030843056,-0.407751636,0.626372148,3.868874274,5.011501275,-0.421716587,0.099818696,-0.623123739,-0.019341781,-0.013964951
24.310000000,0.512372240,4.520287126,5.013034527,-0.418278405,0.619766235,3.834861194,5.007839040,-0.433117300,0.107393995,-0.685425932,-0.005195488,-0.014838895
24.340000000,0.501728725,4.541682002,5.008516202,-0.427058553,0.614949327,3.808881649,5.005221148,-0.441348909,0.113220602,-0.732800352,-0.003295054,-0.014290356
24.370000000,0.491078105,4.563236847,5.006730629,-0.435523553,0.610253928,3.782579866,5.002710390,-0.449542756,0.119175823,-0.780656981,-0.004020239,-0.014019203
24.410000000,0.476869568,4.592218050,5.012502062,-0.446945730,0.604274552,3.746940569,4.999568996,-0.460803223,0.127404983,-0.845277481,-0.012933066,-0.013857493
24.440000000,0.466231304,4.614141059,5.008195275,-0.455475652,0.599982196,3.719829676,4.997365265,-0.469333316,0.133750891,-0.894311383,-0.010830011,-0.013857664
24.470000000,0.455591373,4.636225975,5.006871794,-0.463933152,0.595794405,3.692479689,4.995277544,-0.477709952,0.140203033,-0.943746286,-0.011594250,-0.013776800
24.510000000,0.453961216,4.393050976,5.008295618,-0.475487993,0.590406746,3.655608223,4.992650040,-0.488692769,0.136445530,-0.737442753,-0.015645577,-0.013204777
24.540000000,0.443477898,4.411786397,5.016471766,-0.484542754,0.586560021,3.627651944,4.990801480,-0.497074272,0.143082122,-0.784134453,-0.025670285,-0.012531518
24.570000000,0.432991144,4.430696101,5.015728108,-0.493020254,0.582856066,3.599489222,4.989021769,-0.505570026,0.149864922,-0.831206879,-0.026706338,-0.012549772
24.610000000,0.419036871,4.456188926,5.003805295,-0.503995051,0.578109972,3.561619234,4.986801370,-0.516807809,0.159073100,-0.894569692,-0.017003925,-0.012812758
24.640000000,0.408571205,4.475504257,5.010823504,-0.513477741,0.574663026,3.533008906,4.985224484,-0.525092130,0.166091821,-0.942495351,-0.025599020,-0.011614390
24.670000000,0.398096842,4.495000526,5.010122479,-0.521747741,0.571317721,3.504241603,4.983724738,-0.533401334,0.173220879,-0.990758924,-0.026397742,-0.011653593
24.710000000,0.384148344,4.521294427,5.008466632,-0.532609715,0.567065645,3.465591347,4.981863338,-0.544668943,0.182917301,-1.055703081,-0.026603293,-0.012059228
24.740000000,0.373697325,4.541220742,5.010682757,-0.540195471,0.563989837,3.436414994,4.980576488,-0.553115971,0.190292512,-1.104805749,-0.030106270,-0.012920499
24.770000000,0.363253307,4.561314185,5.010201921,-0.548342971,0.560965775,3.407125665,4.979360801,-0.561461360,0.197712468,-1.154188520,-0.030841119,-0.013118389
24.810000000,0.349319699,4.588386784,5.002780499,-0.558725149,0.557050162,3.367865405,4.977864225,-0.572535103,0.207730464,-1.220521379,-0.024916273,-0.013809954
24.840000000,0.338874142,4.608899170,5.002001710,-0.567443740,0.554234173,3.338253345,4.976827312,-0.580953929,0.215360031,-1.270645825,-0.025174398,-0.013510188
24.870000000,0.328449187,4.629587106,5.001448761,-0.575586240,0.551491491,3.308534534,4.975842924,-0.589415978,0.223042305,-1.321052572,-0.025605837,-0.013829738
24.910000000,0.314554690,4.657447509,5.004937749,-0.585983782,0.547903235,3.268763567,4.974655535,-0.600586153,0.233348545,-1.388683942,-0.030282214,-0.014602371
24.940000000,0.304122941,4.678564867,4.989531081,-0.594148271,0.545256482,3.238834995,4.973848165,-0.608895827,0.241133541,-1.439729872,-0.015682916,-0.014747556
24.970000000,0.293689960,4.699857593,4.988768507,-0.602478271,0.542665738,3.208818815,4.973110241,-0.617257748,0.248975779,-1.491038778,-0.015658266,-0.014779477
25.010000000,0.408738227,4.225781300,4.979525780,-0.613615704,0.539311170,3.168641286,4.972199761,-0.628529635,0.130572943,-1.057140014,-0.007326019,-0.014913931
25.040000000,0.400113387,4.240664369,4.982259251,-0.621392710,0.536818174,3.138428846,4.971599892,-0.636934466,0.136704788,-1.102235523,-0.010659359,-0.015541755
25.070000000,0.391487199,4.255745618,4.981441280,-0.629787710,0.534322823,3.108173258,4.971056968,-0.645260469,0.142835624,-1.147572359,-0.010384312,-0.015472759
25.110000000,0.379986117,4.276155832,4.976797130,-0.640868813,0.531020596,3.067728300,4.970462517,-0.656389821,0.151034479,-1.208427533,-0.006334613,-0.015521007
25.140000000,0.371383143,4.291677188,4.983475351,-0.648732275,0.528560584,3.037304615,4.970085331,-0.664846238,0.157177442,-1.254372573,-0.013390019,-0.016113963
25.170000000,0.362811282,4.307384336,4.982859946,-0.656697275,0.526070019,3.006832612,4.969766138,-0.673297677,0.163258737,-1.300551724,-0.013093809,-0.016600402
25.210000000,0.351413192,4.328614181,4.986210696,-0.668292456,0.522623496,2.966138486,4.969431573,-0.684377130,0.171210304,-1.362475696,-0.016779123,-0.016084674
25.240000000,0.342861383,4.344765002,4.989923504,-0.676980908,0.519956409,2.935542494,4.969246313,-0.692670452,0.177095026,-1.409222508,-0.020677191,-0.015689544
25.270000000,0.334303662,4.361106313,4.989589317,-0.685123408,0.517250597,2.904872128,4.969097365,-0.701088693,0.182946934,-1.456234184,-0.020491952,-0.015965284
25.310000000,0.322922021,4.383185819,4.984298898,-0.696272617,0.513538679,2.863877644,4.968946335,-0.712413796,0.190616659,-1.519308176,-0.015352563,-0.016141179
25.340000000,0.314402529,4.399968066,4.983026983,-0.705124726,0.510627278,2.833109806,4.968874350,-0.720769617,0.196224749,-1.566858261,-0.014152633,-0.015644891
25.370000000,0.305875531,4.416948223,4.982469658,-0.713517226,0.507627128,2.802331310,4.968824918,-0.729056022,0.201751597,-1.614616913,-0.013644740,-0.015538796
25.410000000,0.294499736,4.439874748,4.987444715,-0.725084902,0.503519486,2.761238303,4.968842526,-0.740232609,0.209019750,-1.678636445,-0.018602189,-0.015147707
25.440000000,0.285991668,4.457285617,4.978854341,-0.733576767,0.500357752,2.730387586,4.968898591,-0.748714249,0.214366085,-1.726898031,-0.009955750,-0.015137482
25.470000000,0.277505701,4.474869196,4.978227277,-0.742054267,0.497103398,2.699549761,4.969001790,-0.757139795,0.219597697,-1.775319436,-0.009225488,-0.015085527
25.510000000,0.378902762,3.838728769,4.971889806,-0.753220192,0.492574011,2.658484060,4.969182893,-0.768213010,0.113671250,-1.180244709,-0.002706913,-0.014992818
25.540000000,0.371960909,3.847861095,4.981436803,-0.762002421,0.489071510,2.627693696,4.969376563,-0.776566466,0.117110601,-1.220167399,-0.012060240,-0.014564045
25.570000000,0.365039878,3.857185784,4.980957336,-0.770214921,0.485506451,2.596899959,4.969597194,-0.785024154,0.120466573,-1.260285825,-0.011360142,-0.014809234
25.610000000,0.355878974,3.869895305,4.979248106,-0.781431339,0.480582950,2.555889243,4.969963515,-0.796322028,0.124703976,-1.314006062,-0.009284591,-0.014890689
25.640000000,0.349045832,3.879650471,4.973311006,-0.789775501,0.476705859,2.525205382,4.970281326,-0.804663035,0.127660027,-1.354445089,-0.003029680,-0.014887534
25.670000000,0.342233434,3.889607107,4.972624348,-0.798273001,0.472689457,2.494556957,4.970625597,-0.812964427,0.130456023,-1.395050150,-0.001998752,-0.014691426
25.710000000,0.333172349,3.903177577,4.985549330,-0.809630363,0.467092445,2.453694229,4.971132294,-0.824211839,0.133920097,-1.449483349,-0.014417036,-0.014581475
25.740000000,0.326420665,3.913558202,4.985796174,-0.818707473,0.462686200,2.423052797,4.971532715,-0.832742417,0.136265535,-1.490505405,-0.014263458,-0.014034944
25.770000000,0.319703757,3.924115132,4.985519799,-0.827084973,0.458098135,2.392446883,4.971955126,-0.841177308,0.138394378,-1.531668250,-0.013564673,-0.014092335
25.810000000,0.310777965,3.938500723,4.990137497,-0.837872750,0.451652163,2.351720659,4.972509311,-0.852246479,0.140874198,-1.586780064,-0.017628185,-0.014373730
25.840000000,0.304108621,3.949531477,4.974751080,-0.847209258,0.446615492,2.321213243,4.972930361,-0.860638927,0.142506870,-1.628318235,-0.001820718,-0.013429669
25.870000000,0.297480431,3.960723412,4.973984726,-0.855351758,0.441444694,2.290736054,4.973338617,-0.869125137,0.143964262,-1.669987357,-0.000646110,-0.013773379
25.910000000,0.288694757,3.975895303,4.974121880,-0.866267904,0.434271148,2.250222089,4.973900866,-0.880378691,0.145576391,-1.725673214,-0.000221014,-0.014110787
25.940000000,0.282133911,3.987492359,4.975429288,-0.874583840,0.428670990,2.219962050,4.974343674,-0.888697108,0.146537079,-1.767530309,-0.001085614,-0.014113268
25.970000000,0.275591755,3.999285795,4.974675583,-0.882863840,0.422933308,2.189777010,4.974823922,-0.897027909,0.147341552,-1.809508785,0.000148338,-0.014164069
26.010000000,0.309821631,3.447853005,4.970001766,-0.894465013,0.415065892,2.149642981,4.975501948,-0.908287072,0.105244261,-1.298210024,0.005500182,-0.013822059
26.040000000,0.303897426,3.452519824,4.966329354,-0.902941242,0.408984057,2.119663831,4.976037392,-0.916736616,0.105086631,-1.332855993,0.009708038,-0.013795374
26.070000000,0.298009296,3.457368784,4.965285681,-0.911481242,0.402753078,2.089803469,4.976594673,-0.925100819,0.104743782,-1.367565315,0.011308992,-0.013619577
26.110000000,0.290239076,3.464154109,4.972444485,-0.922622251,0.394189055,2.050190680,4.977391811,-0.936194222,0.103949979,-1.413963429,0.004947326,-0.013571971
26.140000000,0.284457473,3.469451812,4.978621952,-0.930987093,0.387588404,2.020593341,4.978033552,-0.944615748,0.103130931,-1.448858471,-0.000588400,-0.013628655
26.170000000,0.278736666,3.474919652,4.978014533,-0.939269593,0.380835711,1.991081084,4.978693945,-0.953088636,0.102099046,-1.483838568,0.000679412,-0.013819043
26.210000000,0.271207570,3.482499059,4.984357700,-0.950835004,0.371482587,1.951928293,4.979599457,-0.964246014,0.100275018,-1.530570766,-0.004758243,-0.013411011
26.240000000,0.265594761,3.488408432,4.990757760,-0.959707736,0.364194218,1.922700835,4.980269286,-0.972512047,0.098599457,-1.565707598,-0.010488474,-0.012804311
26.270000000,0.260012512,3.494513421,4.990461454,-0.967972736,0.356728304,1.893543095,4.980943339,-0.980862878,0.096715792,-1.600970327,-0.009518115,-0.012890141
26.310000000,0.252639412,3.502924935,4.983698636,-0.979413207,0.346466646,1.854797350,4.981819824,-0.992186056,0.093827234,-1.648127585,-0.001878812,-0.012772848
26.340000000,0.247168230,3.509417064,4.978329302,-0.989085957,0.338525063,1.825895867,4.982477748,-1.000602339,0.091356833,-1.683521197,0.004148445,-0.011516381
26.370000000,0.241753128,3.516092040,4.977497380,-0.997245957,0.330408048,1.797131160,4.983126452,-1.008920134,0.088654920,-1.718960880,0.005629072,-0.011674176
26.410000000,0.234612827,3.525279526,4.975785205,-1.008676034,0.319315919,1.758991153,4.984032658,-1.020042395,0.084703092,-1.766288374,0.008247453,-0.011366361
26.440000000,0.229315307,3.532368501,4.972329665,-1.016992138,0.310827441,1.730526999,4.984739758,-1.028493437,0.081512134,-1.801841502,0.012410092,-0.011501299
26.470000000,0.224064546,3.539618284,4.971337239,-1.025222138,0.302208800,1.702194274,4.985476357,-1.036941503,0.078144254,-1.837424010,0.014139118,-0.011719365
26.510000000,0.292698517,2.836910150,4.981871068,-1.037748367,0.290463430,1.664712302,4.986496417,-1.048075765,-0.002235087,-1.172197848,0.004625349,-0.010327399
26.540000000,0.288537882,2.835015473,4.975087390,-1.045844930,0.281489436,1.636800826,4.987295383,-1.056409423,-0.007048446,-1.198214647,0.012207993,-0.010564494
26.570000000,0.284444713,2.833292330,4.974206408,-1.054484930,0.272418963,1.609006768,4.988121402,-1.064808581,-0.012025750,-1.224285562,0.013914993,-0.010323651
26.610000000,0.279099627,2.831271485,4.956835768,-1.065487755,0.260137637,1.572187122,4.989239320,-1.076088437,-0.018961990,-1.259084363,0.032403553,-0.010600682
26.640000000,0.275170695,2.829951423,4.964099513,-1.074069254,0.250735086,1.544800954,4.990104121,-1.084466191,-0.024435609,-1.285150469,0.026004608,-0.010396937
26.670000000,0.271302636,2.828826102,4.962930680,-1.082361754,0.241166591,1.517572651,4.990979738,-1.092766058,-0.030136044,-1.311253451,0.028049059,-0.010404303
26.710000000,0.266224436,2.827595841,4.954925074,-1.094018060,0.228086804,1.481468651,4.992215765,-1.103921044,-0.038137632,-1.346127189,0.037290691,-0.009902984
26.740000000,0.262492406,2.826865909,4.958987623,-1.101321701,0.218020301,1.454510717,4.993160924,-1.112459502,-0.044472105,-1.372355192,0.034173301,-0.011137801
26.770000000,0.258829478,2.826295690,4.957756462,-1.109504201,0.207750130,1.427671041,4.994126208,-1.120964794,-0.051079348,-1.398624649,0.036369746,-0.011460593
26.810000000,0.254050920,2.825802048,4.960541424,-1.121605331,0.193686995,1.392145562,4.995427321,-1.132067581,-0.060363926,-1.433656486,0.034885897,-0.010462250
26.840000000,0.250544441,2.825654430,4.956065089,-1.130038424,0.182907635,1.365668505,4.996426592,-1.140409391,-0.067636806,-1.459985925,0.040361503,-0.010370967
26.870000000,0.247106568,2.825672065,4.954784617,-1.138433424,0.171989961,1.339293066,4.997431167,-1.148857925,-0.075116607,-1.486378999,0.042646550,-0.010424501
26.910000000,0.242644956,2.825938135,4.980802024,-1.150632206,0.157190133,1.304361660,4.998776822,-1.160151805,-0.085454823,-1.521576475,0.017974798,-0.009519599
26.940000000,0.239375067,2.826328523,4.980123201,-1.158862164,0.145907629,1.278393174,4.999798626,-1.168506556,-0.093467438,-1.547935348,0.019675425,-0.009644392
26.970000000,0.236154855,2.826905053,4.979566182,-1.167269664,0.134508987,1.252581568,5.000824087,-1.176828136,-0.101645868,-1.574323485,0.021257905,-0.009558472
27.010000000,0.183170969,2.306853749,4.985645799,-1.178775703,0.119142533,1.218390828,5.002175981,-1.188028632,-0.064028436,-1.088462922,0.016530182,-0.009252929
27.040000000,0.179394718,2.300928611,4.978949614,-1.187295557,0.107502088,1.192923437,5.003150960,-1.196481260,-0.071892630,-1.108005175,0.024201347,-0.009185703
27.070000000,0.175693013,2.295175832,4.978193848,-1.195633057,0.095770038,1.167621232,5.004116633,-1.204891533,-0.079922975,-1.127554600,0.025922785,-0.009258476
27.110000000,0.170855716,2.287801947,4.987132414,-1.207747524,0.079963768,1.134194779,5.005388283,-1.216005352,-0.090891949,-1.153607168,0.018255868,-0.008257828
27.140000000,0.167308136,2.282475671,4.986771652,-1.216566188,0.067996897,1.109301794,5.006363716,-1.224380617,-0.099311238,-1.173173877,0.019592063,-0.007814429
27.170000000,0.163837040,2.277291673,4.986187759,-1.224828688,0.055938812,1.084518727,5.007336603,-1.232822334,-0.107898228,-1.192772946,0.021148845,-0.007993646
27.210000000,0.159351726,2.270604238,4.976455893,-1.236335231,0.039642557,1.051723338,5.008636555,-1.244053224,-0.119709168,-1.218880900,0.032180661,-0.007717993
27.240000000,0.156080570,2.265772613,4.980716533,-1.244699409,0.027234216,1.027333274,5.009592342,-1.252353156,-0.128846355,-1.238439338,0.028875809,-0.007653747
27.270000000,0.152889403,2.261105726,4.979892193,-1.252879409,0.014702133,1.003063119,5.010551549,-1.260660433,-0.138187270,-1.258042607,0.030659356,-0.007781024
27.310000000,0.148760463,2.255112127,4.973933780,-1.263962453,-0.002200336,0.970876091,5.011842964,-1.271905864,-0.150960800,-1.284236036,0.037909184,-0.007943412
27.340000000,0.145768863,2.250781704,4.966120893,-1.272626016,-0.015011499,0.946902145,5.012826821,-1.280348745,-0.160780362,-1.303879559,0.046705928,-0.007722729
27.370000000,0.142864170,2.246588317,4.964815291,-1.280913516,-0.027916197,0.923083251,5.013821835,-1.288715443,-0.170780367,-1.323505066,0.049006544,-0.007801928
27.410000000,0.139106761,2.241234396,4.963582923,-1.292112270,-0.045262116,0.891581233,5.015172248,-1.299822576,-0.184368877,-1.349653163,0.051589325,-0.007710307
27.440000000,0.136366897,2.237393793,4.953883050,-1.301306621,-0.058344645,0.868093699,5.016219280,-1.308225190,-0.194711542,-1.369300094,0.062336230,-0.006918569
27.470000000,0.133721652,2.233703735,4.952244266,-1.309576621,-0.071473418,0.844712192,5.017279130,-1.316658457,-0.205195070,-1.388991543,0.065034864,-0.007081835
27.510000000,0.113889438,1.758319292,4.962235929,-1.320609198,-0.089069214,0.813798304,5.018731024,-1.327840789,-0.202958652,-0.944520988,0.056495095,-0.007231591
27.540000000,0.111213448,1.748792525,4.954967056,-1.329293885,-0.102325144,0.790809848,5.019840079,-1.336181860,-0.213538592,-0.957982677,0.064873023,-0.006887975
27.570000000,0.108621298,1.739427149,4.953425878,-1.337568885,-0.115609118,0.767925090,5.020982427,-1.344539542,-0.224230415,-0.971502059,0.067556549,-0.006970657
27.610000000,0.105331317,1.727160576,4.957166217,-1.348730924,-0.133364652,0.737575715,5.022511327,-1.355753350,-0.238695969,-0.989584861,0.065345110,-0.007022426
27.640000000,0.102960463,1.718124477,4.945975383,-1.356724354,-0.146741459,0.714981921,5.023680007,-1.364143461,-0.249701922,-1.003142555,0.077704624,-0.007419107
27.670000000,0.100677253,1.709236534,4.944200974,-1.365044354,-0.160187191,0.692526113,5.024854258,-1.372471056,-0.260864443,-1.016710421,0.080653284,-0.007426702
27.710000000,0.097782231,1.697628095,4.943707094,-1.376360051,-0.178271891,0.662769242,5.026441738,-1.383561263,-0.276054123,-1.034858853,0.082734644,-0.007201212
27.740000000,0.095714365,1.689103872,4.936856824,-1.384515232,-0.191966022,0.640537384,5.027639167,-1.392013459,-0.287680387,-1.048566488,0.090782343,-0.007498227
27.770000000,0.093746791,1.680703782,4.934847905,-1.392657732,-0.205761007,0.618386630,5.028844218,-1.400497034,-0.299507798,-1.062317152,0.093996313,-0.007839302
27.810000000,0.091296604,1.669704461,4.949859590,-1.404397079,-0.224336155,0.589062757,5.030466868,-1.411655968,-0.315632759,-1.080641704,0.080607278,-0.007258889
27.840000000,0.089586321,1.661628920,4.952514162,-1.412680429,-0.238380549,0.567206693,5.031699133,-1.419979479,-0.327966870,-1.094422227,0.079184971,-0.007299051
27.870000000,0.087970810,1.653697751,4.951056187,-1.420985429,-0.252487528,0.545410657,5.032949164,-1.428371042,-0.340458338,-1.108287094,0.081892977,-0.007385613
27.910000000,0.085960680,1.643320065,4.956155228,-1.431854021,-0.271390930,0.516465315,5.034592406,-1.439638639,-0.357351610,-1.126854750,0.078437177,-0.007784618
27.940000000,0.084561074,1.635684153,4.960954795,-1.441754957,-0.285632099,0.494898530,5.035815829,-1.448026462,-0.370193173,-1.140785623,0.074861034,-0.006271505
27.970000000,0.083246533,1.628185514,4.959760639,-1.450282457,-0.299912416,0.473439089,5.037020749,-1.456367497,-0.383158949,-1.154746425,0.077260110,-0.006085040
28.010000000,-0.005503888,1.208389906,4.971748927,-1.461458657,-0.319005159,0.444948944,5.038637764,-1.467529294,-0.313501270,-0.763440962,0.066888837,-0.006070637
28.040000000,-0.007799980,1.195810699,4.959370636,-1.470679953,-0.333353233,0.423647289,5.039832758,-1.475959020,-0.325553252,-0.772163411,0.080462122,-0.005279066
28.070000000,-0.009995056,1.183342298,4.958063350,-1.478872453,-0.347721121,0.402425137,5.041026834,-1.484380444,-0.337726065,-0.780917161,0.082963484,-0.005507991
28.110000000,-0.012745948,1.166924485,4.964490600,-1.489355710,-0.366915547,0.374311197,5.042598906,-1.495524941,-0.354169599,-0.792613289,0.078108306,-0.006169231
28.140000000,-0.014687124,1.154791792,4.970753027,-1.498249631,-0.381345870,0.353316104,5.043789307,-1.503877960,-0.366658746,-0.801475688,0.073036280,-0.005628329
28.170000000,-0.016531977,1.142796572,4.969775458,-1.506574631,-0.395813173,0.332353387,5.044983843,-1.512284490,-0.379281196,-0.810443185,0.075208384,-0.005709858
28.210000000,-0.018834304,1.127015472,4.967290503,-1.519373473,-0.415203316,0.304496335,5.046567935,-1.523540132,-0.396369011,-0.822519137,0.079277432,-0.004166659
28.240000000,-0.020454115,1.115342610,4.972283898,-1.527530672,-0.429839875,0.283719280,5.047739799,-1.531890196,-0.409385760,-0.831623330,0.075455902,-0.004359524
28.270000000,-0.021969973,1.103824526,4.971274052,-1.535773172,-0.444545820,0.263011333,5.048895863,-1.540200825,-0.422575847,-0.840813193,0.077621812,-0.004427654
28.310000000,-0.023839471,1.088686289,4.980707202,-1.547094569,-0.464269976,0.235454674,5.050438795,-1.551391573,-0.440430504,-0.853231615,0.069731593,-0.004297005
28.340000000,-0.025116743,1.077480874,4.984866222,-1.555912417,-0.479137439,0.214830289,5.051578256,-1.559842234,-0.454020696,-0.862650585,0.066712034,-0.003929818
28.370000000,-0.026274396,1.066396167,4.984187792,-1.564344917,-0.494050856,0.194273743,5.052716348,-1.568244898,-0.467776460,-0.872122424,0.068528556,-0.003899982
28.410000000,-0.027636063,1.051857973,4.986875320,-1.575373245,-0.514004882,0.166993992,5.054197032,-1.579359913,-0.486368818,-0.884863981,0.067321713,-0.003986668
28.440000000,-0.028527409,1.041105703,4.990825717,-1.583627738,-0.529012321,0.146572446,5.055295290,-1.587735063,-0.500484913,-0.894533257,0.064469573,-0.004107325
28.470000000,-0.029330102,1.030477432,4.990188605,-1.591580238,-0.544045357,0.126161109,5.056365373,-1.596157240,-0.514715255,-0.904316324,0.066176768,-0.004577002
28.510000000,-0.237178158,0.720270880,5.005513735,-1.602179478,-0.564128795,0.099022246,5.057775654,-1.607369934,-0.326950637,-0.621248634,0.052261919,-0.005190456
28.540000000,-0.240553892,0.706101599,5.017778742,-1.611275831,-0.579214647,0.078754568,5.058811417,-1.615721513,-0.338660755,-0.627347031,0.041032675,-0.004445682
28.570000000,-0.243823399,0.692065784,5.017837342,-1.619350831,-0.594315346,0.058519499,5.059839348,-1.624075083,-0.350491948,-0.633546285,0.042002006,-0.004724252
28.610000000,-0.248010443,0.673539610,5.019633144,-1.630262454,-0.614474269,0.031540933,5.061166456,-1.635285095,-0.366463826,-0.641998676,0.041533312,-0.005022641
28.640000000,-0.251018216,0.659765102,5.026865485,-1.638137610,-0.629605417,0.011334533,5.062112308,-1.643702062,-0.378587201,-0.648430570,0.035246822,-0.005564452
28.670000000,-0.253906064,0.646102677,5.026950073,-1.646537610,-0.644739746,-0.008819356,5.063025125,-1.652085004,-0.390833682,-0.654922033,0.036075052,-0.005547394
28.710000000,-0.257577993,0.628090603,5.018966968,-1.657676951,-0.664921281,-0.035622247,5.064199332,-1.663231110,-0.407343288,-0.663712850,0.045232364,-0.005554159
28.740000000,-0.260207993,0.614732622,5.020922612,-1.666193684,-0.680061036,-0.055731522,5.065058393,-1.671624652,-0.419853042,-0.670464144,0.044135780,-0.005430968
28.770000000,-0.262728431,0.601471523,5.020612815,-1.674673684,-0.695202669,-0.075845844,5.065886357,-1.680037945,-0.432474238,-0.677317367,0.045273541,-0.005364261
28.810000000,-0.265894531,0.583944847,5.041952339,-1.685918739,-0.715389117,-0.102608263,5.066984103,-1.691224785,-0.449494586,-0.686553110,0.025031765,-0.005306045
28.840000000,-0.268139179,0.570945401,5.043020634,-1.693979646,-0.730527465,-0.122631675,5.067794168,-1.699582913,-0.462388287,-0.693577076,0.024773534,-0.005603267
28.870000000,-0.270271954,0.558076101,5.043222571,-1.702439646,-0.745670268,-0.142658369,5.068604118,-1.707955211,-0.475398314,-0.700734470,0.025381547,-0.005515565
28.910000000,-0.272945357,0.541084172,5.045445371,-1.714380331,-0.765874561,-0.169396730,5.069610564,-1.719171419,-0.492929204,-0.710480901,0.024165193,-0.004791088
28.940000000,-0.274827557,0.528452769,5.048494507,-1.721862235,-0.781032829,-0.189432896,5.070314439,-1.727575008,-0.506205272,-0.717885665,0.021819932,-0.005712773
28.970000000,-0.276605687,0.515927798,5.048548459,-1.730142235,-0.796191609,-0.209434311,5.070976065,-1.735948640,-0.519585922,-0.725362110,0.022427606,-0.005806405
29.010000000,-0.485420780,0.332136656,5.037865401,-1.740629407,-0.816413096,-0.236091095,5.071819490,-1.747107050,-0.330992315,-0.568227751,0.033954089,-0.006477643
29.040000000,-0.489764619,0.317758507,5.036916717,-1.749078146,-0.831594867,-0.256119970,5.072416162,-1.755513414,-0.341830248,-0.573878477,0.035499445,-0.006435268
29.070000000,-0.494001470,0.303473178,5.036389422,-1.757223146,-0.846785902,-0.276157792,5.072987773,-1.763924012,-0.352784432,-0.579630970,0.036598352,-0.006700866
29.110000000,-0.499483737,0.284596492,5.037228808,-1.768470191,-0.867045847,-0.302832779,5.073733269,-1.775095454,-0.367562111,-0.587429270,0.036504460,-0.006625263
29.140000000,-0.503471394,0.270586981,5.039239471,-1.776944279,-0.882238802,-0.322827789,5.074283907,-1.783465380,-0.378767408,-0.593414770,0.035044436,-0.006521100
29.170000000,-0.507349765,0.256699305,5.038669483,-1.785011779,-0.897426857,-0.342854807,5.074836608,-1.791851161,-0.390077091,-0.599554111,0.036167126,-0.006839382
29.210000000,-0.512354573,0.238348201,5.031954292,-1.796565858,-0.917645509,-0.369618093,5.075539577,-1.803036173,-0.405290936,-0.607966293,0.043585284,-0.006470315
29.240000000,-0.515969517,0.224705652,5.041710202,-1.804625039,-0.932760801,-0.389687682,5.076056737,-1.811419315,-0.416791283,-0.614393334,0.034346535,-0.006794276
29.270000000,-0.519471261,0.211181950,5.041079364,-1.812945039,-0.947836772,-0.409750149,5.076556632,-1.819806896,-0.428365511,-0.620932099,0.035477267,-0.006861857
29.310000000,-0.523934564,0.193345327,5.042268614,-1.823338129,-0.967886728,-0.436552962,5.077233364,-1.830989412,-0.443952164,-0.629898289,0.034964750,-0.007651283
29.340000000,-0.527143445,0.180111657,5.036440006,-1.831066858,-0.982899147,-0.456716347,5.077717273,-1.839377323,-0.455755702,-0.636828004,0.041277267,-0.008310465
29.370000000,-0.530235708,0.166980268,5.035494792,-1.839574358,-0.997891024,-0.476893395,5.078191904,-1.847766755,-0.467655316,-0.643873664,0.042697112,-0.008192397
29.410000000,-0.534161490,0.149659720,5.039572548,-1.850989852,-1.017841528,-0.503780412,5.078793742,-1.858942080,-0.483680038,-0.653440131,0.039221194,-0.007952228
29.440000000,-0.536958946,0.136817852,5.047919216,-1.859548917,-1.032793173,-0.523971170,5.079241144,-1.867321565,-0.495834228,-0.660789022,0.031321927,-0.007772647
29.470000000,-0.539643655,0.124099060,5.047243547,-1.868118917,-1.047748906,-0.544209063,5.079679592,-1.875712298,-0.508105251,-0.668308123,0.032436045,-0.007593381
29.510000000,-0.782644916,-0.112939327,5.051222441,-1.878880354,-1.067693170,-0.571244186,5.080234938,-1.886911170,-0.285048254,-0.458304859,0.029012497,-0.008030816
29.540000000,-0.788283085,-0.128352039,5.051804360,-1.885944134,-1.082643628,-0.591510689,5.080626720,-1.895294153,-0.294360543,-0.463158650,0.028822361,-0.009350020
29.570000000,-0.793786261,-0.143634025,5.051114785,-1.894236634,-1.097594747,-0.611779598,5.080992656,-1.903673443,-0.303808486,-0.468145573,0.029877871,-0.009436810
29.610000000,-0.800946541,-0.163844778,5.051127510,-1.906452126,-1.117555273,-0.638873709,5.081445792,-1.914875801,-0.316608732,-0.475028931,0.030318282,-0.008423674
29.640000000,-0.806187380,-0.178893387,5.059849105,-1.914484405,-1.132537606,-0.659245861,5.081737556,-1.923289833,-0.326350226,-0.480352474,0.021888451,-0.008805428
29.670000000,-0.811320681,-0.193843629,5.059266087,-1.922711905,-1.147506883,-0.679623923,5.082012841,-1.931697398,-0.336186201,-0.485780294,0.022746753,-0.008985492
29.710000000,-0.817970214,-0.213599808,5.060372657,-1.934364245,-1.167418708,-0.706801994,5.082337988,-1.942906664,-0.349448493,-0.493202187,0.021965331,-0.008542419
29.740000000,-0.822817404,-0.228267032,5.073137746,-1.942077362,-1.182325055,-0.727246045,5.082565993,-1.951307678,-0.359507651,-0.498979012,0.009428247,-0.009230317
29.770000000,-0.827525832,-0.242818388,5.072813711,-1.950297362,-1.197215555,-0.747750946,5.082760015,-1.959692259,-0.369689723,-0.504932558,0.009946304,-0.009394898
29.810000000,-0.833597616,-0.262071529,5.079221114,-1.961486162,-1.217022840,-0.775147343,5.082982013,-1.970869749,-0.383425224,-0.513075813,0.003760899,-0.009383587
29.840000000,-0.837994673,-0.276375668,5.076898320,-1.969774344,-1.231836571,-0.795702590,5.083104411,-1.979263855,-0.393841898,-0.519326922,0.006206091,-0.009489511
29.870000000,-0.842261701,-0.290567097,5.076424270,-1.978161844,-1.246634993,-0.816285739,5.083199378,-1.987657115,-0.404373292,-0.525718642,0.006775108,-0.009495271
29.910000000,-0.847757779,-0.309328718,5.074774738,-1.988760480,-1.266369645,-0.843828352,5.083262475,-1.998844332,-0.418611867,-0.534499634,0.008487737,-0.010083852
29.940000000,-0.851741742,-0.323292854,5.076415208,-1.998083077,-1.281169423,-0.864531835,5.083260994,-2.007237761,-0.429427681,-0.541238981,0.006845786,-0.009154684
29.970000000,-0.855614680,-0.337158235,5.075713847,-2.006265577,-1.295957850,-0.885235948,5.083233991,-2.015629711,-0.440343170,-0.548077713,0.007520144,-0.009364134
30.010000000,-1.041156279,-0.516292181,5.081108764,-2.016779279,-1.315669970,-0.912857625,5.083151555,-2.026811863,-0.274513691,-0.396565444,0.002042791,-0.010032585
30.040000000,-1.047108813,-0.532002170,5.083257615,-2.025030044,-1.330478722,-0.933633175,5.083066975,-2.035204025,-0.283369910,-0.401631005,-0.000190640,-0.010173981
30.070000000,-1.052941509,-0.547626986,5.082598161,-2.033095044,-1.345308422,-0.954449643,5.082944007,-2.043599883,-0.292366914,-0.406822657,0.000345846,-0.010504839
30.110000000,-1.060539365,-0.568310479,5.086982173,-2.044499072,-1.365092103,-0.982216225,5.082721423,-2.054788769,-0.304552738,-0.413905746,-0.004260750,-0.010289698
30.140000000,-1.066096207,-0.583701935,5.073674924,-2.052394331,-1.379927692,-1.003039447,5.082493789,-2.063175802,-0.313831485,-0.419337512,0.008818865,-0.010781471
30.170000000,-1.071533087,-0.598980010,5.072489407,-2.060599331,-1.394771389,-1.023895560,5.082239049,-2.071566076,-0.323238302,-0.424915549,0.009749641,-0.010966745
30.210000000,-1.078622198,-0.619202706,5.072176664,-2.071540291,-1.414578700,-1.051797837,5.081818810,-2.082743969,-0.335956502,-0.432595131,0.009642146,-0.011203679
30.240000000,-1.083806067,-0.634276977,5.061948254,-2.079214030,-1.429416045,-1.072760493,5.081472550,-2.091124342,-0.345609979,-0.438483516,0.019524296,-0.011910312
30.270000000,-1.088861939,-0.649245042,5.060284855,-2.087574030,-1.444226131,-1.093728840,5.081105636,-2.099518027,-0.355364192,-0.444483798,0.020820781,-0.011943997
30.310000000,-1.095419445,-0.669016157,5.058512541,-2.098505290,-1.463948460,-1.121736556,5.080595424,-2.110714267,-0.368529015,-0.452720399,0.022082883,-0.012208976
30.340000000,-1.100188112,-0.683739328,5.059188653,-2.107175515,-1.478749189,-1.142815481,5.080198085,-2.119097683,-0.378561078,-0.459076153,0.021009432,-0.011922169
30.370000000,-1.104843888,-0.698383778,5.057442073,-2.115375515,-1.493551450,-1.163930125,5.079791727,-2.127479204,-0.388707561,-0.465546347,0.022349655,-0.012103690
30.410000000,-1.110864247,-0.717770157,5.062705809,-2.127508015,-1.513265060,-1.192089054,5.079248430,-2.138665385,-0.402400813,-0.474318897,0.016542621,-0.011157370
30.440000000,-1.115226927,-0.732177166,5.055357620,-2.135964496,-1.528046682,-1.213220379,5.078835582,-2.147055499,-0.412819755,-0.481043213,0.023477962,-0.011091004
30.470000000,-1.119455749,-0.746485163,5.053517296,-2.144274496,-1.542849556,-1.234389606,5.078424864,-2.155445438,-0.423393808,-0.487904443,0.024907569,-0.011170942
30.510000000,-1.334047535,-0.931935346,5.056425784,-2.155188737,-1.562630937,-1.262678751,5.077840593,-2.166637305,-0.228583403,-0.330743406,0.021414809,-0.011448567
30.540000000,-1.340789050,-0.948258538,5.050949250,-2.163624663,-1.577474490,-1.283894281,5.077400769,-2.175030335,-0.236685439,-0.335635743,0.026451519,-0.011405672
30.570000000,-1.347402483,-0.964482563,5.048963363,-2.172067163,-1.592320979,-1.305098891,5.076949930,-2.183423930,-0.244918495,-0.340616327,0.027986567,-0.011356767
30.610000000,-1.356018682,-0.985947843,5.044525199,-2.183275356,-1.612160760,-1.333402515,5.076345482,-2.194626297,-0.256142078,-0.347454672,0.031820283,-0.011350940
30.640000000,-1.362324109,-1.001932701,5.027647757,-2.190804806,-1.627081701,-1.354675758,5.075862647,-2.203032730,-0.264757592,-0.352743057,0.048214890,-0.012227923
30.670000000,-1.368527011,-1.017836472,5.025017625,-2.199264806,-1.642005850,-1.375961387,5.075374122,-2.211434162,-0.273478839,-0.358124915,0.050356498,-0.012169356
30.710000000,-1.376619663,-1.038894431,5.014552796,-2.210641609,-1.661866445,-1.404340260,5.074715412,-2.222652225,-0.285246782,-0.365445829,0.060162616,-0.012010615
30.740000000,-1.382541380,-1.054558945,5.023586002,-2.219133574,-1.676742949,-1.425662099,5.074248856,-2.231067484,-0.294201569,-0.371103154,0.050662855,-0.011933910
30.770000000,-1.388322944,-1.070122857,5.021034778,-2.227318574,-1.691619132,-1.447039461,5.073805213,-2.239453697,-0.303296189,-0.376916604,0.052770435,-0.012135123
30.810000000,-1.395854274,-1.090751207,5.024742869,-2.238395656,-1.711427773,-1.475618493,5.073259623,-2.250607968,-0.315573499,-0.384867286,0.048516754,-0.012212312
30.840000000,-1.401373023,-1.106121622,5.022564033,-2.246174679,-1.726232272,-1.497068233,5.072886423,-2.259007282,-0.324859249,-0.390946611,0.050322390,-0.012832603
30.870000000,-1.406762857,-1.121408805,5.020187520,-2.254657179,-1.741006260,-1.518534862,5.072529525,-2.267422373,-0.334243403,-0.397126058,0.052342005,-0.012765194
30.910000000,-1.413755796,-1.141654057,5.034409067,-2.266487904,-1.760697323,-1.547236835,5.072095519,-2.278607616,-0.346941528,-0.405582778,0.037686452,-0.012119712
30.940000000,-1.418870587,-1.156747932,5.036076291,-2.275218437,-1.775463862,-1.568817676,5.071777638,-2.286975486,-0.356593275,-0.412069743,0.035701347,-0.011757049
30.970000000,-1.423865560,-1.171767716,5.034255486,-2.283398437,-1.790207961,-1.590406341,5.071478815,-2.295357721,-0.366342400,-0.418638626,0.037223329,-0.011959284
31.010000000,-1.559892115,-1.334419791,5.036888931,-2.293976633,-1.809822243,-1.619187718,5.071074800,-2.306562883,-0.249930128,-0.284767927,0.034185870,-0.012586250
31.040000000,-1.566264575,-1.351123843,5.025584239,-2.302967885,-1.824539961,-1.640804290,5.070781192,-2.314956016,-0.258275386,-0.289680447,0.045196954,-0.011988131
31.070000000,-1.572505853,-1.367741388,5.023483920,-2.311430385,-1.839278614,-1.662452240,5.070471924,-2.323337345,-0.266772760,-0.294710852,0.046988004,-0.011906960
31.110000000,-1.580645999,-1.389787132,5.031644079,-2.321648307,-1.858934548,-1.691320388,5.070048731,-2.334516474,-0.278288549,-0.301533256,0.038404652,-0.012868167
31.140000000,-1.586595153,-1.406231605,5.033644238,-2.329425538,-1.873653830,-1.712931019,5.069734608,-2.342906622,-0.287058677,-0.306699414,0.036090371,-0.013481084
31.170000000,-1.592405888,-1.422566779,5.031849206,-2.337753038,-1.888373070,-1.734517700,5.069435424,-2.351292762,-0.295967182,-0.311950921,0.037586218,-0.013539724
31.210000000,-1.599941576,-1.444208573,5.038310650,-2.348850099,-1.908045160,-1.763279248,5.069055346,-2.362484421,-0.308103584,-0.319070675,0.030744696,-0.013634322
31.240000000,-1.605474702,-1.460358828,5.042035185,-2.357238048,-1.922824029,-1.784801814,5.068769831,-2.370892277,-0.317349326,-0.324442986,0.026734646,-0.013654229
31.270000000,-1.610884440,-1.476420354,5.040571835,-2.365658048,-1.937597595,-1.806250548,5.068492861,-2.379286044,-0.326713155,-0.329830195,0.027921027,-0.013627996
31.310000000,-1.617888660,-1.497693524,5.033648495,-2.377235623,-1.957297854,-1.834696525,5.068120036,-2.390437581,-0.339409194,-0.337003001,0.034471541,-0.013201958
31.340000000,-1.622997144,-1.513556009,5.049062258,-2.386831174,-1.972119118,-1.855933916,5.067849315,-2.398834661,-0.349121974,-0.342377907,0.018787058,-0.012003487
31.370000000,-1.628015067,-1.529351956,5.047858490,-2.395191174,-1.986979829,-1.877090518,5.067566635,-2.407275427,-0.358964763,-0.347738563,0.019708145,-0.012084253
31.410000000,-1.634520051,-1.550281848,5.060047615,-2.407357264,-2.006820911,-1.905080469,5.067209188,-2.418501449,-0.372300859,-0.354798621,0.007161572,-0.011144185
31.440000000,-1.639243148,-1.565873059,5.082946554,-2.414926727,-2.021709570,-1.925874675,5.066933069,-2.426845159,-0.382466422,-0.360001616,-0.016013485,-0.011918432
31.470000000,-1.643823538,-1.581383912,5.082764517,-2.423121727,-2.036629878,-1.946533139,5.066657468,-2.435201512,-0.392806340,-0.365149228,-0.016107049,-0.012079785
31.510000000,-1.851811544,-1.771410867,5.077394074,-2.434956843,-2.056611814,-1.973830809,5.066242702,-2.446482286,-0.204800270,-0.202419942,-0.011151372,-0.011525444
31.540000000,-1.858847860,-1.789051815,5.071136538,-2.444845961,-2.071633238,-1.994071902,5.065879511,-2.454945527,-0.212785378,-0.205020087,-0.005257027,-0.010099566
31.570000000,-1.865762752,-1.806605309,5.070361290,-2.453138461,-2.086657019,-2.014112649,5.065469006,-2.463314712,-0.220894267,-0.207507340,-0.004892283,-0.010176251
31.610000000,-1.874758891,-1.829866151,5.052447283,-2.464655860,-2.106717799,-2.040463546,5.064857659,-2.474432832,-0.231958908,-0.210597395,0.012410376,-0.009776971
31.640000000,-1.881359351,-1.847229734,5.049176435,-2.473796000,-2.121811163,-2.059948926,5.064355140,-2.482907697,-0.240451812,-0.212719193,0.015178705,-0.009111697
31.670000000,-1.887845373,-1.864533699,5.047580694,-2.482243500,-2.136920696,-2.079202872,5.063838545,-2.491429614,-0.249075322,-0.214669173,0.016257852,-0.009186114
31.710000000,-1.896320355,-1.887546220,5.031467771,-2.493373611,-2.157026166,-2.104360461,5.063241025,-2.502684587,-0.260705811,-0.216814241,0.031773254,-0.009310976
31.740000000,-1.902520923,-1.904722642,5.029331648,-2.501596009,-2.172045307,-2.122775445,5.062881391,-2.511028798,-0.269524384,-0.218052803,0.033549743,-0.009432789
31.770000000,-1.908593132,-1.921856196,5.027436392,-2.509828509,-2.187025407,-2.140824890,5.062598679,-2.519413928,-0.278432275,-0.218968694,0.035162287,-0.009585419
31.810000000,-1.916486982,-1.944639717,5.024839514,-2.520876644,-2.206921406,-2.164136605,5.062341765,-2.530785465,-0.290434424,-0.219496888,0.037502250,-0.009908821
31.840000000,-1.922272461,-1.961696367,5.025425172,-2.529299005,-2.221748954,-2.180960741,5.062244416,-2.539286412,-0.299476493,-0.219264374,0.036819244,-0.009987406
31.870000000,-1.927935400,-1.978708585,5.023762625,-2.537594005,-2.236487101,-2.197252590,5.062203819,-2.547653355,-0.308551701,-0.218544005,0.038441194,-0.010059349
31.910000000,-1.935302415,-2.001320636,5.025631118,-2.549017149,-2.255973025,-2.217940712,5.062240192,-2.558787574,-0.320670609,-0.216620075,0.036609074,-0.009770425
31.940000000,-1.940699631,-2.018237448,5.028252150,-2.557903810,-2.270456655,-2.232639359,5.062317014,-2.567345042,-0.329757024,-0.214401910,0.034064864,-0.009441233
31.970000000,-1.945999246,-2.035115969,5.026919437,-2.565936310,-2.284815681,-2.246708080,5.062423051,-2.575950146,-0.338816435,-0.211592111,0.035503614,-0.010013837
32.010000000,-2.132367517,-2.176055760,5.035434842,-2.576806578,-2.303661831,-2.264250586,5.062604787,-2.587146039,-0.171294313,-0.088194826,0.027169945,-0.010339460
32.040000000,-2.139798189,-2.194424483,5.036709539,-2.585969267,-2.317541101,-2.276473122,5.062757489,-2.595432103,-0.177742912,-0.082048639,0.026047950,-0.009462835
32.070000000,-2.147115622,-2.212778318,5.035791991,-2.594039267,-2.331225269,-2.288013161,5.062921057,-2.603856401,-0.184109647,-0.075234844,0.027129066,-0.009817133
32.110000000,-2.156697208,-2.237207835,5.041705178,-2.606238671,-2.349059001,-2.302131005,5.063131071,-2.615303249,-0.192361793,-0.064923169,0.021425893,-0.009064578
32.140000000,-2.163783691,-2.255519590,5.043249970,-2.615301297,-2.362053252,-2.311742129,5.063280419,-2.623721785,-0.198269561,-0.056222540,0.020030449,-0.008420489
32.170000000,-2.170771479,-2.273823887,5.042563930,-2.623331297,-2.374737647,-2.320638456,5.063411000,-2.631982956,-0.203966168,-0.046814569,0.020847071,-0.008651660
32.210000000,-2.179934871,-2.298224075,5.040205701,-2.635213540,-2.391058679,-2.331205347,5.063564864,-2.643099044,-0.211123808,-0.032981272,0.023359162,-0.007885504
32.240000000,-2.186687091,-2.316536703,5.039272853,-2.643597803,-2.402821238,-2.338167637,5.063649102,-2.651633555,-0.216134148,-0.021630934,0.024376250,-0.008035753
32.270000000,-2.193346990,-2.334858199,5.038482645,-2.651782803,-2.414191455,-2.344422260,5.063715379,-2.660131024,-0.220844465,-0.009564061,0.025232734,-0.008348222
32.310000000,-2.202076310,-2.359271486,5.048984811,-2.663899529,-2.428560260,-2.351459566,5.063764603,-2.671173786,-0.226483949,0.007811921,0.014779793,-0.007274257
32.340000000,-2.208497799,-2.377573128,5.042345032,-2.672593082,-2.438717959,-2.355778166,5.063779356,-2.679458810,-0.230220161,0.021794962,0.021434324,-0.006865728
32.370000000,-2.214823424,-2.395882908,5.041645097,-2.680923082,-2.448412829,-2.359414121,5.063771934,-2.687898793,-0.233589405,0.036468787,0.022126837,-0.006975711
32.410000000,-2.223137076,-2.420315554,5.043136261,-2.692977069,-2.460422835,-2.363019950,5.063697047,-2.699240668,-0.237285758,0.057295604,0.020560786,-0.006263598
32.440000000,-2.229290894,-2.438634692,5.040914452,-2.701759315,-2.468674248,-2.364797392,5.063587873,-2.707562469,-0.239383354,0.073837300,0.022673421,-0.005803154
32.470000000,-2.235356103,-2.456955923,5.040138959,-2.709989315,-2.476355103,-2.365915583,5.063436109,-2.715806642,-0.240999000,0.091040341,0.023297150,-0.005817327
32.510000000,-2.267159080,-2.386789725,5.033853656,-2.720655173,-2.485540730,-2.366235793,5.063168978,-2.726978093,-0.218381651,0.020553933,0.029315322,-0.006322920
32.540000000,-2.273306462,-2.403826491,5.035996678,-2.728881793,-2.491604033,-2.365616918,5.062908872,-2.735475038,-0.218297571,0.038209573,0.026912195,-0.006593246
32.570000000,-2.279391686,-2.420903374,5.035065408,-2.737044293,-2.497026806,-2.364375084,5.062610332,-2.743890412,-0.217635120,0.056528290,0.027544924,-0.006846119
32.610000000,-2.287401557,-2.443712897,5.032045443,-2.748891972,-2.503041263,-2.361597672,5.062125206,-2.754931499,-0.215639706,0.082115225,0.030079764,-0.006039527
32.640000000,-2.293323354,-2.460845098,5.027264028,-2.758286495,-2.506632901,-2.358712341,5.061702198,-2.763280176,-0.213309547,0.102132757,0.034438170,-0.004993681
32.670000000,-2.299195665,-2.478010886,5.026037031,-2.766643995,-2.509543490,-2.355271719,5.061226642,-2.771734364,-0.210347825,0.122739166,0.035189611,-0.005090369
32.710000000,-2.306966116,-2.500936215,5.034045425,-2.778822720,-2.512109714,-2.349700521,5.060501658,-2.782983546,-0.205143598,0.151235694,0.026456234,-0.004160826
32.740000000,-2.312732816,-2.518175633,5.042887917,-2.787134875,-2.513009768,-2.344809774,5.059878073,-2.791314060,-0.200276952,0.173365859,0.016990155,-0.004179185
32.770000000,-2.318438081,-2.535461313,5.042137967,-2.795379875,-2.513168112,-2.339418171,5.059198482,-2.799650875,-0.194730031,0.196043141,0.017060516,-0.004271000
32.810000000,-2.325968069,-2.558592381,5.039986644,-2.806919955,-2.512037395,-2.331333982,5.058164621,-2.810922717,-0.186069326,0.227258398,0.018177977,-0.004002761
32.840000000,-2.331571075,-2.576005007,5.049295715,-2.815648939,-2.510163331,-2.324600813,5.057275098,-2.819409301,-0.178592256,0.251404195,0.007979382,-0.003760362
32.870000000,-2.337142801,-2.593473283,5.048586287,-2.824036439,-2.507522613,-2.317377946,5.056297414,-2.827815424,-0.170379812,0.276095337,0.007711127,-0.003778985
32.910000000,-2.344524039,-2.616856529,5.045204934,-2.836106831,-2.502601640,-2.306862077,5.054841056,-2.838933111,-0.158077601,0.309994452,0.009636122,-0.002826280
32.940000000,-2.350017243,-2.634454502,5.044404745,-2.845465516,-2.497885950,-2.298331055,5.053640463,-2.847369212,-0.147868707,0.336123447,0.009235718,-0.001903696
32.970000000,-2.355495995,-2.652117543,5.043361745,-2.853668016,-2.492424275,-2.289340760,5.052352993,-2.855874708,-0.136928280,0.362776783,0.008991249,-0.002206692
33.010000000,-2.501989814,-2.582971244,5.047778744,-2.865243402,-2.483736262,-2.276518228,5.050499128,-2.867127923,0.018253552,0.306453016,0.002720385,-0.001884521
33.040000000,-2.509285410,-2.599514312,5.057672242,-2.874049278,-2.476162212,-2.266291425,5.048995542,-2.875470175,0.033123197,0.333222887,-0.008676700,-0.001420897
33.070000000,-2.516552975,-2.616118594,5.056902724,-2.882466778,-2.467837724,-2.255637745,5.047420331,-2.883858043,0.048715251,0.360480848,-0.009482394,-0.001391264
33.110000000,-2.526232356,-2.638374777,5.056628852,-2.893621920,-2.455380493,-2.240684253,5.045172329,-2.895203164,0.070851863,0.397690524,-0.011456523,-0.001581244
33.140000000,-2.533507346,-2.655156748,5.047879593,-2.902162633,-2.444988072,-2.228942294,5.043374272,-2.903686078,0.088519275,0.426214455,-0.004505321,-0.001523446
33.170000000,-2.540788466,-2.672008187,5.046655543,-2.910447633,-2.433813625,-2.216850385,5.041489015,-2.912080974,0.106974841,0.455157802,-0.005166528,-0.001633341
33.210000000,-2.550482101,-2.694611652,5.051665963,-2.920810559,-2.417502120,-2.200161368,5.038842445,-2.923247110,0.132979981,0.494450283,-0.012823518,-0.002436551
33.240000000,-2.557747016,-2.711660512,5.045672846,-2.929149657,-2.404243659,-2.187267683,5.036778871,-2.931699295,0.153503356,0.524392829,-0.008893975,-0.002549638
33.270000000,-2.565026418,-2.728800492,5.044305697,-2.937237157,-2.390240575,-2.174110482,5.034661327,-2.940172960,0.174785842,0.554690010,-0.009644370,-0.002935803
33.310000000,-2.574750190,-2.751802956,5.045925921,-2.948930063,-2.370186258,-2.156080581,5.031729771,-2.951380359,0.204563932,0.595722374,-0.014196150,-0.002450296
33.340000000,-2.582047059,-2.769165161,5.040286015,-2.957687733,-2.354132695,-2.142192371,5.029440092,-2.959723023,0.227914364,0.626972790,-0.010845924,-0.002035290
33.370000000,-2.589361733,-2.786620963,5.038677731,-2.965965233,-2.337377357,-2.128041578,5.027099622,-2.968103485,0.251984375,0.658579386,-0.011578109,-0.002138252
33.410000000,-2.599148013,-2.810046697,5.040941410,-2.976998006,-2.313781327,-2.108698780,5.023876081,-2.979380424,0.285366687,0.701347916,-0.017065329,-0.002382419
33.440000000,-2.606527317,-2.827734578,5.032213206,-2.984943641,-2.295129866,-2.093838746,5.021398874,-2.987785272,0.311397451,0.733895832,-0.010814332,-0.002841632
33.470000000,-2.613945047,-2.845521270,5.030321619,-2.993096141,-2.275790013,-2.078730029,5.018868176,-2.996112356,0.338155034,0.766791241,-0.011453443,-0.003016215
33.510000000,-2.516514468,-2.609634523,5.026432662,-3.003662302,-2.248802693,-2.058154684,5.015414330,-3.007229328,0.267711775,0.551479838,-0.011018332,-0.003567027
33.540000000,-2.522465293,-2.624134899,5.020376576,-3.012938037,-2.227703020,-2.042422042,5.012775051,-3.015658445,0.294762273,0.581712858,-0.007601525,-0.002720408
33.570000000,-2.528475139,-2.638739284,5.018166029,-3.021308037,-2.205975278,-2.026480440,5.010113577,-3.024082448,0.322499861,0.612258844,-0.008052452,-0.002774411
33.610000000,-2.536564668,-2.658383091,5.023533970,-3.033599188,-2.175847534,-2.004867251,5.006512163,-3.035203228,0.360717134,0.653515841,-0.017021808,-0.001604040
33.640000000,-2.542682116,-2.673228783,5.020996323,-3.042010972,-2.152417483,-1.988429043,5.003780617,-3.043533560,0.390264632,0.684799739,-0.017215705,-0.001522588
33.670000000,-2.548864790,-2.688184600,5.018890822,-3.050395972,-2.128409835,-1.971859336,5.001039177,-3.051916415,0.420454955,0.716325264,-0.017851645,-0.001520443
33.710000000,-2.557213953,-2.708287263,4.997683008,-3.062338945,-2.095352301,-1.949587919,4.997358047,-3.063135197,0.461861652,0.758699344,-0.000324961,-0.000796251
33.740000000,-2.563553250,-2.723489313,4.985058892,-3.070575806,-2.069771112,-1.932790270,4.994579956,-3.071522802,0.493782138,0.790699043,0.009521063,-0.000946996
33.770000000,-2.569936208,-2.738811342,4.981944059,-3.078768306,-2.043638142,-1.915940032,4.991794788,-3.079899484,0.526298066,0.822871311,0.009850729,-0.001131178
33.810000000,-2.578533463,-2.759426188,4.982686037,-3.089771154,-2.007850029,-1.893389524,4.988130233,-3.091089782,0.570683434,0.866036664,0.005444196,-0.001318628
33.840000000,-2.585057887,-2.775025658,4.986510168,-3.098330194,-1.980330276,-1.876416290,4.985441861,-3.099493029,0.604727612,0.898609367,-0.001068307,-0.001162834
33.870000000,-2.591647162,-2.790730895,4.983804892,-3.106680194,-1.952315909,-1.859398972,4.982805193,-3.107873877,0.639331252,0.931331923,-0.000999699,-0.001193683
33.910000000,-2.600524591,-2.811842873,4.981109504,-3.118727550,-1.914087678,-1.836633147,4.979324468,-3.118989743,0.686436913,0.975209726,-0.001785036,-0.000262193
33.940000000,-2.607267130,-2.827817265,4.976650560,-3.127576636,-1.884818165,-1.819509425,4.976738628,-3.127332127,0.722448966,1.008307840,0.000088068,0.000244509
33.970000000,-2.614080399,-2.843921765,4.973882966,-3.135441636,-1.855143862,-1.802355873,4.974168982,-3.135700096,0.758936537,1.041565892,0.000286016,-0.000258460
34.010000000,-2.288922671,-2.438261915,4.966039260,3.135984546,-1.814841905,-1.779441584,4.970799568,3.136332647,0.474080766,0.658820331,0.004760309,0.000348102
34.040000000,-2.291371231,-2.448852289,4.972237761,3.128465795,-1.784074926,-1.762234718,4.968315931,3.128003770,0.507296304,0.686617572,-0.003921830,-0.000462025
34.070000000,-2.293906299,-2.459566933,4.969648819,3.120065795,-1.752947099,-1.745019352,4.965873531,3.119672064,0.540959200,0.714547580,-0.003775288,-0.000393731
34.110000000,-2.297440606,-2.474043535,4.972277308,3.108994108,-1.710846156,-1.722066236,4.962711674,3.108516358,0.586594449,0.751977299,-0.009565634,-0.000477750
34.140000000,-2.300199615,-2.485053049,4.968907130,3.100619275,-1.678835022,-1.704877833,4.960414256,3.100139404,0.621364592,0.780175216,-0.008492874,-0.000479871
34.170000000,-2.303051356,-2.496180488,4.966530808,3.092234275,-1.646504208,-1.687732253,4.958170784,3.091771716,0.656547148,0.808448235,-0.008360024,-0.000462559
34.210000000,-2.306998208,-2.511188201,4.953906082,3.081603277,-1.602857904,-1.664992344,4.955262493,3.080610258,0.704140304,0.846195857,0.001356411,-0.000993018
34.240000000,-2.310079361,-2.522579205,4.940360328,3.072145219,-1.569787484,-1.648049577,4.953161950,3.072234217,0.740291878,0.874529628,0.012801622,0.000088998
34.270000000,-2.313274764,-2.534080141,4.937443807,3.063925219,-1.536496375,-1.631192469,4.951122692,3.063866575,0.776778389,0.902887672,0.013678886,-0.000058644
34.310000000,-2.317713074,-2.549597605,4.938266184,3.052160592,-1.491696238,-1.608870255,4.948555875,3.052721494,0.826016837,0.940727350,0.010289690,0.000560902
34.340000000,-2.321137562,-2.561384498,4.923465290,3.043455013,-1.457807042,-1.592234429,4.946745009,3.044375511,0.863330520,0.969150068,0.023279719,0.000920499
34.370000000,-2.324644303,-2.573297029,4.920482762,3.035162513,-1.423748040,-1.575666795,4.945028303,3.036037663,0.900896263,0.997630234,0.024545541,0.000875150
34.410000000,-2.329472861,-2.589366730,4.928210209,3.024483287,-1.378084458,-1.553689122,4.942873272,3.024915498,0.951388403,1.035677608,0.014663063,0.000432211
34.440000000,-2.333227174,-2.601561086,4.925807707,3.016603114,-1.343651961,-1.537287218,4.941373023,3.016576088,0.989575213,1.064273868,0.015565316,-0.000027026
34.470000000,-2.337072781,-2.613875652,4.923355629,3.008310614,-1.309087147,-1.520944194,4.939951484,3.008248789,1.027985634,1.092931458,0.016595855,-0.000061824
34.510000000,-1.832035748,-2.247067571,4.917405617,2.997966926,-1.262819130,-1.499255813,4.938174946,2.997153988,0.569216619,0.747811758,0.020769328,-0.000812938
34.540000000,-1.829223549,-2.254538884,4.928192879,2.989273350,-1.228041408,-1.483060802,4.936931146,2.988819842,0.601182141,0.771478082,0.008738266,-0.000453507
34.570000000,-1.826526171,-2.262126760,4.926189299,2.981238350,-1.193217906,-1.466918109,4.935759154,2.980479220,0.633308265,0.795208651,0.009569855,-0.000759130
34.610000000,-1.823108774,-2.272414630,4.918058995,2.969691858,-1.146694824,-1.445494647,4.934364291,2.969371622,0.676413950,0.826919983,0.016305296,-0.000320237
34.640000000,-1.820673505,-2.280264574,4.927364421,2.962335823,-1.111768716,-1.429496554,4.933428081,2.961049889,0.708904790,0.850768019,0.006063660,-0.001285934
34.670000000,-1.818351469,-2.288231333,4.925737487,2.953983323,-1.076859825,-1.413540310,4.932576752,2.952720370,0.741491644,0.874691022,0.006839265,-0.001262953
34.710000000,-1.815441661,-2.299039043,4.926509495,2.942750314,-1.030380169,-1.392332457,4.931587178,2.941596056,0.785061492,0.906706586,0.005077683,-0.001154258
34.740000000,-1.813395402,-2.307289982,4.913592217,2.934087126,-0.995559824,-1.376478046,4.930957420,2.933260618,0.817835578,0.930811936,0.017365203,-0.000826508
34.770000000,-1.811440783,-2.315655612,4.911838097,2.926002126,-0.960775584,-1.360660827,4.930388506,2.924937089,0.850665199,0.954994785,0.018550409,-0.001065037
34.810000000,-1.809011212,-2.326994588,4.915075249,2.914757707,-0.914532025,-1.339629352,4.929756155,2.913832427,0.894479187,0.987365236,0.014680906,-0.000925280
34.840000000,-1.807346312,-2.335647266,4.927291142,2.905926253,-0.879995778,-1.323893936,4.929383131,2.905486959,0.927350535,1.011753330,0.002091989,-0.000439293
34.870000000,-1.805800554,-2.344414930,4.926254250,2.897748753,-0.845563106,-1.308189775,4.929095746,2.897139354,0.960237448,1.036225155,0.002841496,-0.000609399
34.910000000,-1.803911521,-2.356300181,4.918930848,2.887264458,-0.799836428,-1.287314109,4.928838132,2.886018728,1.004075092,1.068986072,0.009907285,-0.001245730
34.940000000,-1.802618311,-2.365364832,4.915313522,2.878587336,-0.765721216,-1.271697069,4.928717938,2.877677078,1.036897096,1.093667763,0.013404416,-0.000910258
34.970000000,-1.801441733,-2.374564341,4.914117844,2.870194836,-0.731772473,-1.256100790,4.928650765,2.869327482,1.069669260,1.118463551,0.014532921,-0.000867354
35.010000000,-1.442815884,-1.987669194,4.898473301,2.858993651,-0.686821624,-1.235342686,4.928682035,2.858186569,0.755994260,0.752326509,0.030208734,-0.000807082
35.040000000,-1.437194300,-1.991840402,4.903531260,2.851060876,-0.653329268,-1.219806584,4.928811021,2.849833447,0.783865032,0.772033818,0.025279761,-0.001227429
35.070000000,-1.431685239,-1.996120559,4.902251091,2.842900876,-0.620011366,-1.204290167,4.929011518,2.841479956,0.811673873,0.791830392,0.026760427,-0.001420920
35.110000000,-1.424506800,-2.002022758,4.897769454,2.831930798,-0.575972139,-1.183619246,4.929451426,2.830333420,0.848534660,0.818403513,0.031681972,-0.001597378
35.140000000,-1.419260290,-2.006588536,4.894390680,2.824288727,-0.543250421,-1.168126959,4.929901139,2.821968459,0.876009869,0.838461577,0.035510459,-0.002320268
35.170000000,-1.414133845,-2.011265009,4.893158807,2.815996227,-0.510738459,-1.152651301,4.930442624,2.813599627,0.903395385,0.858613707,0.037283817,-0.002396600
35.210000000,-1.407468685,-2.017675214,4.889950209,2.804973160,-0.467777590,-1.132053082,4.931289327,2.802432301,0.939691096,0.885622132,0.041339118,-0.002540860
35.240000000,-1.402584376,-2.022644708,4.892634969,2.796900229,-0.435898922,-1.116614064,4.932024040,2.794056259,0.966685454,0.906030644,0.039389071,-0.002843970
35.270000000,-1.397815761,-2.027754426,4.891630830,2.788422729,-0.404293147,-1.101168992,4.932822591,2.785683827,0.993522614,0.926585434,0.041191762,-0.002738902
35.310000000,-1.391641158,-2.034758013,4.898357239,2.777947870,-0.362629407,-1.080559220,4.934010598,2.774520823,1.029011751,0.954198793,0.035653359,-0.003427047
35.340000000,-1.387136455,-2.040150688,4.893415922,2.769046652,-0.331719200,-1.065084191,4.934976260,2.766153046,1.055417254,0.975066496,0.041560338,-0.002893607
35.370000000,-1.382713639,-2.045684866,4.892619159,2.760786652,-0.301073715,-1.049581008,4.935987289,2.757790224,1.081639923,0.996103858,0.043368130,-0.002996428
35.410000000,-1.376964715,-2.053263008,4.905859471,2.750517886,-0.260751068,-1.028824975,4.937404368,2.746629040,1.116213647,1.024438034,0.031544897,-0.003888846
35.440000000,-1.372797171,-2.059096838,4.902988004,2.741857926,-0.230909089,-1.013186141,4.938513582,2.738249536,1.141888082,1.045910697,0.035525578,-0.003608390
35.470000000,-1.368733089,-2.065038532,4.902561912,2.733677926,-0.201337840,-0.997498379,4.939660052,2.729876786,1.167395249,1.067540152,0.037098140,-0.003801140
35.510000000,-0.916310899,-1.696237766,4.917084779,2.722774053,-0.162416557,-0.976478780,4.941214829,2.718728172,0.753894342,0.719758985,0.024130050,-0.004045881
35.540000000,-0.906493560,-1.697475171,4.913963321,2.713510611,-0.133649896,-0.960611143,4.942407228,2.710354648,0.772843664,0.736864029,0.028443907,-0.003155963
35.570000000,-0.896779910,-1.698828838,4.913855468,2.705210611,-0.105200367,-0.944660541,4.943610928,2.701966947,0.791579543,0.754168298,0.029755461,-0.003243664
35.610000000,-0.883999600,-1.700827039,4.929972441,2.693817446,-0.067812987,-0.923249369,4.945268354,2.690789658,0.816186613,0.777577669,0.015295912,-0.003027787
35.640000000,-0.874524825,-1.702460647,4.924132169,2.685392414,-0.040172472,-0.907078641,4.946537089,2.682425406,0.834352353,0.795382006,0.022404921,-0.002967008
35.670000000,-0.865142465,-1.704229647,4.924304532,2.676887414,-0.012847544,-0.890807604,4.947830010,2.674057312,0.852294921,0.813422043,0.023525478,-0.002830102
35.710000000,-0.852799540,-1.706793734,4.934785648,2.665658355,0.022978577,-0.868902000,4.949557511,2.662863199,0.875778117,0.837891734,0.014771863,-0.002795156
35.740000000,-0.843678042,-1.708875580,4.946009895,2.657507487,0.049418061,-0.852317905,4.950862964,2.654465528,0.893096103,0.856557675,0.004853069,-0.003041959
35.770000000,-0.834664486,-1.711106374,4.946752898,2.649127487,0.075563994,-0.835626441,4.952171407,2.646089564,0.910228480,0.875479933,0.005418508,-0.003037924
35.810000000,-0.822776781,-1.714296185,4.958078120,2.638468163,0.109860688,-0.813153650,4.953912343,2.634935184,0.932637468,0.901142535,-0.004165777,-0.003532979
35.840000000,-0.813963565,-1.716845433,4.964784228,2.629807105,0.135125320,-0.796112013,4.955203341,2.626539845,0.949088885,0.920733420,-0.009580887,-0.003267261
35.870000000,-0.805267864,-1.719531460,4.965901476,2.621392105,0.160064024,-0.778934889,4.956473854,2.618130807,0.965331888,0.940596571,-0.009427621,-0.003261298
35.910000000,-0.793825582,-1.723312868,4.977524600,2.609148886,0.192762581,-0.755802443,4.958147733,2.606946137,0.986588163,0.967510425,-0.019376868,-0.002202749
35.940000000,-0.785344007,-1.726304874,4.970286084,2.599560661,0.216871602,-0.738274964,4.959368165,2.598577190,1.002215610,0.988029910,-0.010917919,-0.000983471
35.970000000,-0.776962719,-1.729434377,4.971273203,2.590965661,0.240655223,-0.720599866,4.960570351,2.590192846,1.017617941,1.008834511,-0.010702852,-0.000772815
36.010000000,-0.413391092,-1.363426429,4.976989583,2.579578143,0.271765984,-0.696751822,4.962117395,2.578974572,0.685157077,0.666674607,-0.014872188,-0.000603571
36.040000000,-0.400590364,-1.361958841,4.975349615,2.570346843,0.294684808,-0.678670075,4.963260298,2.570574125,0.695275171,0.683288766,-0.012089317,0.000227281
36.070000000,-0.387874088,-1.360621255,4.976227984,2.561661843,0.317315568,-0.660449711,4.964382843,2.562198395,0.705189656,0.700171544,-0.011845141,0.000536552
36.110000000,-0.371036737,-1.359052449,4.978766935,2.550015027,0.346928068,-0.635871300,4.965861273,2.551026472,0.717964804,0.723181149,-0.012905662,0.001011446
36.140000000,-0.358517327,-1.358025938,4.986983800,2.541383570,0.368698583,-0.617204516,4.966947794,2.542612137,0.727215911,0.740821422,-0.020036006,0.001228566
36.170000000,-0.346110575,-1.357112642,4.987961542,2.532748570,0.390169170,-0.598375805,4.968025298,2.534194433,0.736279746,0.758736837,-0.019936244,0.001445863
36.210000000,-0.329689996,-1.356108246,4.986556539,2.521044453,0.418287552,-0.572992038,4.969438273,2.523018609,0.747977548,0.783116208,-0.017118265,0.001974156
36.240000000,-0.317452902,-1.355542640,4.995101001,2.512862060,0.438981859,-0.553727787,4.970469003,2.514647525,0.756434761,0.801814853,-0.024631998,0.001785465
36.270000000,-0.305302865,-1.355122624,4.996041498,2.504507060,0.459369958,-0.534279631,4.971477413,2.506247619,0.764672823,0.820842993,-0.024564085,0.001740559
36.310000000,-0.289263642,-1.354775633,4.990474469,2.493631621,0.486011412,-0.508015232,4.972778024,2.495013501,0.775275054,0.846760401,-0.017696444,0.001381881
36.340000000,-0.277346847,-1.354682336,4.986432064,2.483886603,0.505625427,-0.488088355,4.973726956,2.486620780,0.782972273,0.866593981,-0.012705108,0.002734178
36.370000000,-0.265485575,-1.354732499,4.986815829,2.475524103,0.524976334,-0.467993502,4.974644270,2.478252777,0.790461909,0.886738996,-0.012171559,0.002728675
36.410000000,-0.249785958,-1.355034160,4.982859850,2.464321034,0.550258347,-0.440855631,4.975842824,2.467064410,0.800044305,0.914178528,-0.007017026,0.002743376
36.440000000,-0.238110773,-1.355430137,4.975363852,2.456463816,0.568829631,-0.420235977,4.976715258,2.458635966,0.806940405,0.935194160,0.001351406,0.002172150
36.470000000,-0.226524380,-1.355973426,4.975221555,2.448333816,0.587142423,-0.399438484,4.977583962,2.450220109,0.813666803,0.956534941,0.002362407,0.001886293
36.510000000,0.077539380,-0.947888473,4.982510789,2.436679221,0.611112197,-0.371396578,4.978713743,2.439056497,0.533572817,0.576491895,-0.003797046,0.002377276
36.540000000,0.092757067,-0.943306445,4.985434056,2.428384528,0.628732787,-0.350107005,4.979556692,2.430674726,0.535975720,0.593199439,-0.005877365,0.002290198
36.570000000,0.107892713,-0.938866914,4.985456044,2.419829528,0.646084094,-0.328617148,4.980387232,2.422257911,0.538191380,0.610249766,-0.005068812,0.002428383
36.610000000,0.127937726,-0.933167649,4.981774359,2.409415899,0.668762745,-0.299621231,4.981468107,2.411025397,0.540825019,0.633546417,-0.000306252,0.001609498
36.640000000,0.142883982,-0.929058173,4.975969777,2.400366527,0.685463843,-0.277641057,4.982250942,2.402645429,0.542579861,0.651417115,0.006281165,0.002278902
36.670000000,0.157746222,-0.925097079,4.975544567,2.392031527,0.701935722,-0.255482566,4.983013465,2.394277662,0.544189500,0.669614513,0.007468898,0.002246135
36.710000000,0.177442713,-0.920064917,4.972505041,2.380774603,0.723449900,-0.225577751,4.984008140,2.383068175,0.546007186,0.694487166,0.011503099,0.002293572
36.740000000,0.192116997,-0.916466668,4.972840511,2.372811866,0.739265531,-0.202887725,4.984738058,2.374638351,0.547148535,0.713578943,0.011897546,0.001826484
36.770000000,0.206720902,-0.912996427,4.972203547,2.364576866,0.754874682,-0.180028419,4.985469016,2.366235648,0.548153780,0.732968007,0.013265469,0.001658782
36.810000000,0.226087908,-0.908600665,4.963749691,2.353013892,0.775317353,-0.149240907,4.986426118,2.355079981,0.549229445,0.759359758,0.022676427,0.002066089
36.840000000,0.240549383,-0.905495452,4.962237202,2.345070554,0.790349520,-0.125890693,4.987141790,2.346684473,0.549800136,0.779604759,0.024904588,0.001613919
36.870000000,0.254936020,-0.902544849,4.961189008,2.336985554,0.805164215,-0.102348542,4.987842818,2.338257865,0.550228195,0.800196308,0.026653810,0.001272311
36.910000000,0.273989463,-0.898830279,4.948621846,2.324947018,0.824563112,-0.070645770,4.988785981,2.327041347,0.550573649,0.828184510,0.040164135,0.002094329
36.940000000,0.288207916,-0.896238883,4.930720019,2.316483481,0.838868841,-0.046651322,4.989492377,2.318672363,0.550660926,0.849587561,0.058772359,0.002188881
36.970000000,0.302365790,-0.893811630,4.928718361,2.308253481,0.852985910,-0.022483105,4.990211450,2.310298475,0.550620119,0.871328525,0.061493089,0.002044994
37.010000000,0.544516228,-0.545116564,4.947238468,2.296789866,0.871449176,0.010080778,4.991188088,2.299073525,0.326932948,0.555197342,0.043949621,0.002283659
37.040000000,0.561458741,-0.538471581,4.953737767,2.288696588,0.885054376,0.034733483,4.991960037,2.290653948,0.323595635,0.573205064,0.038222269,0.001957360
37.070000000,0.578344449,-0.531978106,4.952585011,2.280514088,0.898504467,0.059532694,4.992763548,2.282268044,0.320160018,0.591510800,0.040178537,0.001753956
37.110000000,0.600766246,-0.523584035,4.951773614,2.269701277,0.916145258,0.092881033,4.993862629,2.271110261,0.315379011,0.616465067,0.042089015,0.001408984
37.140000000,0.617482631,-0.517484865,4.961548207,2.261567377,0.929137285,0.118129836,4.994691677,2.262702093,0.311654654,0.635614701,0.033143470,0.001134716
37.170000000,0.634112747,-0.511546807,4.960664549,2.253347377,0.941964654,0.143542437,4.995513247,2.254278618,0.307851907,0.655089244,0.034848698,0.000931241
37.210000000,0.656168202,-0.503881055,4.976512673,2.241896657,0.958805049,0.177678297,4.996623598,2.243088946,0.302636847,0.681559352,0.020110925,0.001192289
37.240000000,0.672641967,-0.498332617,4.970388003,2.233289893,0.971237631,0.203461629,4.997450592,2.234720754,0.298595664,0.701794246,0.027062588,0.001430861
37.270000000,0.689053744,-0.492949548,4.969736046,2.224954893,0.983505006,0.229393830,4.998277555,2.226335634,0.294451262,0.722343378,0.028541508,0.001380740
37.310000000,0.710849947,-0.486034040,4.971415115,2.213904693,0.999546218,0.264236904,4.999334551,2.215128091,0.288696271,0.750270945,0.027919436,0.001223398
37.340000000,0.727117390,-0.481028485,4.978102395,2.205652260,1.011360852,0.290524420,5.000114102,2.206733814,0.284243461,0.771552905,0.022011707,0.001081553
37.370000000,0.743314639,-0.476197283,4.977587103,2.197564760,1.023024318,0.316906543,5.000880355,2.198346017,0.279709679,0.793103826,0.023293251,0.000781256
37.410000000,0.764847814,-0.470009755,4.981441553,2.186211251,1.038267482,0.352283781,5.001905094,2.187157479,0.273419668,0.822293536,0.020463540,0.000946228
37.440000000,0.780923560,-0.465557882,4.969444381,2.177664356,1.049450932,0.378982681,5.002658940,2.178765851,0.268527372,0.844540563,0.033214559,0.001101495
37.470000000,0.796925280,-0.461276668,4.968554084,2.169246856,1.060464905,0.405781064,5.003404276,2.170377662,0.263539625,0.867057732,0.034850192,0.001130807
37.510000000,0.932461213,-0.130682276,4.986009713,2.159149917,1.074865854,0.441649265,5.004384465,2.159186018,0.142404641,0.572331541,0.018374752,0.000036101
37.540000000,0.949782433,-0.122481393,4.980757465,2.151236114,1.085441831,0.468663986,5.005124157,2.150788082,0.135659397,0.591145379,0.024366692,-0.000448031
37.570000000,0.967046062,-0.114451802,4.980161338,2.142873614,1.095839133,0.495780954,5.005871974,2.142398963,0.128793071,0.610232755,0.025710637,-0.000474651
37.610000000,0.989969456,-0.103999555,4.982858020,2.131832854,1.109385146,0.532104389,5.006849319,2.131228695,0.119415689,0.636103944,0.023991299,-0.000604159
37.640000000,1.007090998,-0.096353889,4.970208038,2.123226239,1.119331561,0.559429782,5.007582333,2.122837443,0.112240563,0.655783671,0.037374295,-0.000388795
37.670000000,1.024147139,-0.088890058,4.969177666,2.115041239,1.129122908,0.586811231,5.008310333,2.114432001,0.104975769,0.675701289,0.039132667,-0.000609238
37.710000000,1.046807891,-0.079217598,4.977592114,2.104129719,1.141861863,0.623462643,5.009295856,2.103242202,0.095053972,0.702680241,0.031703743,-0.000887517
37.740000000,1.063730831,-0.072152007,4.976055975,2.095172935,1.151172152,0.651059919,5.010038938,2.094877109,0.087441321,0.723211926,0.033982963,-0.000295826
37.770000000,1.080574678,-0.065235507,4.975221878,2.086585435,1.160318815,0.678707760,5.010803247,2.086505064,0.079744137,0.743943268,0.035581369,-0.000080371
37.810000000,1.102947149,-0.056274990,4.974559793,2.074509851,1.172227462,0.715635570,5.011834532,2.075293251,0.069280313,0.771910560,0.037274739,0.000783400
37.840000000,1.119673799,-0.049763838,4.975625841,2.065029978,1.180924961,0.743406278,5.012628708,2.066890440,0.061251162,0.793170116,0.037002868,0.001860462
37.870000000,1.136340457,-0.043426079,4.974806177,2.056604978,1.189442107,0.771245572,5.013427513,2.058523105,0.053101650,0.814671651,0.038621336,0.001918127
37.910000000,1.158466495,-0.035222179,4.981236100,2.045348233,1.200483855,0.808450335,5.014511883,2.047379120,0.042017360,0.843672515,0.033275782,0.002030886
37.940000000,1.174997608,-0.029263286,4.979290636,2.036389953,1.208543530,0.836379315,5.015340742,2.038970615,0.033545923,0.865642601,0.036050106,0.002580662
37.970000000,1.191472368,-0.023487952,4.978567035,2.028254953,1.216432975,0.864334770,5.016180795,2.030543129,0.024960606,0.887822722,0.037613761,0.002288176
38.010000000,1.236294284,0.397583761,4.987352821,2.016864584,1.226611133,0.901695921,5.017318480,2.019373122,-0.009683150,0.504112160,0.029965659,0.002508538
38.040000000,1.252892981,0.408517896,4.984351609,2.007980497,1.233987964,0.929765435,5.018172462,2.011033100,-0.018905017,0.521247539,0.033820853,0.003052603
38.070000000,1.269433935,0.419286019,4.983702676,1.999945497,1.241186804,0.957838482,5.019037152,2.002657492,-0.028247130,0.538552463,0.035334477,0.002711995
38.110000000,1.291418931,0.433381757,4.988395174,1.990318197,1.250449525,0.995261020,5.020189798,1.991421537,-0.040969406,0.561879263,0.031794624,0.001103340
38.140000000,1.307858394,0.443753843,4.990822827,1.980925442,1.257110958,1.023333580,5.021061611,1.983058555,-0.050747436,0.579579737,0.030238784,0.002133113
38.170000000,1.324248035,0.453952738,4.990334362,1.972265442,1.263545572,1.051394258,5.021927666,1.974767012,-0.060702463,0.597441520,0.031593304,0.002501570
38.210000000,1.346049906,0.467295247,4.989659525,1.960696558,1.271685771,1.088708137,5.023092920,1.963649055,-0.074364136,0.621412891,0.033433395,0.002952497
38.240000000,1.362339777,0.477103034,4.987329162,1.951840205,1.277426405,1.116580733,5.023964724,1.955183214,-0.084913371,0.639477699,0.036635563,0.003343008
38.270000000,1.378591166,0.486739284,4.986660896,1.943522705,1.282867524,1.144378736,5.024848050,1.946754999,-0.095723642,0.657639452,0.038187154,0.003232294
38.310000000,1.400164563,0.499348821,4.999348884,1.932121348,1.289527321,1.181301912,5.026025295,1.935773931,-0.110637242,0.681953091,0.026676411,0.003652583
38.340000000,1.416272007,0.508628317,5.012756473,1.923342281,1.294059857,1.208836516,5.026920866,1.927518816,-0.122212150,0.700208199,0.014164393,0.004176535
38.370000000,1.432326582,0.517739299,5.012827534,1.915112281,1.298248745,1.236226334,5.027820305,1.919090567,-0.134077837,0.718487035,0.014992771,0.003978286
38.410000000,1.453660628,0.529623247,5.011717700,1.904650897,1.303171365,1.272494042,5.029019418,1.907783464,-0.150489263,0.742870795,0.017301717,0.003132567
38.440000000,1.469621725,0.538356149,5.009628244,1.896898849,1.306340871,1.299524379,5.029894280,1.899539440,-0.163280854,0.761168230,0.020266036,0.002640591
38.470000000,1.485536556,0.546939184,5.009460196,1.888421349,1.309127348,1.326411278,5.030739978,1.891377389,-0.176409208,0.779472094,0.021279782,0.002956040
38.510000000,1.404680369,0.945806590,5.013262197,1.876744954,1.312145183,1.361937346,5.031826551,1.880214600,-0.092535186,0.416130756,0.018564354,0.003469646
38.540000000,1.419073342,0.959199941,5.024160336,1.869342232,1.313875426,1.388335950,5.032610252,1.871696860,-0.105197915,0.429136009,0.008449917,0.002354628
38.570000000,1.433421660,0.972432190,5.024319894,1.860949732,1.315205198,1.414575703,5.033384100,1.863350175,-0.118216462,0.442143512,0.009064207,0.002400443
38.610000000,1.452485334,0.989872381,5.031704786,1.850312266,1.316244296,1.449254473,5.034369484,1.852642351,-0.136241038,0.459382092,0.002664699,0.002330084
38.640000000,1.466737500,1.002791958,5.042441155,1.842169880,1.316490128,1.474961192,5.035085395,1.844466022,-0.150247372,0.472169234,-0.007355760,0.002296141
38.670000000,1.480948300,1.015559540,5.042967624,1.833867380,1.316356457,1.500417640,5.035768985,1.836022502,-0.164591843,0.484858101,-0.007198640,0.002155122
38.710000000,1.499831720,1.032313980,5.044690493,1.823273008,1.315475241,1.533927917,5.036636769,1.824807892,-0.184356479,0.501613937,-0.008053724,0.001534885
38.740000000,1.513960548,1.044710729,5.042094372,1.815200726,1.314288138,1.558749155,5.037228123,1.816741518,-0.199672411,0.514038427,-0.004866249,0.001540792
38.770000000,1.528069746,1.056987347,5.042340332,1.806995726,1.312730028,1.583307531,5.037791173,1.808650808,-0.215339717,0.526320184,-0.004549159,0.001655082
38.810000000,1.546852634,1.073126909,5.053322644,1.795662752,1.310000129,1.615513724,5.038545258,1.797192640,-0.236852505,0.542386815,-0.014777386,0.001529888
38.840000000,1.560918145,1.085033890,5.055804484,1.787805839,1.307483787,1.639327409,5.039143533,1.788539381,-0.253434358,0.554293519,-0.016660950,0.000733542
38.870000000,1.574953580,1.096781051,5.056370196,1.779415839,1.304648932,1.662956863,5.039764878,1.780225954,-0.270304648,0.566175812,-0.016605318,0.000810115
38.910000000,1.593611722,1.112238588,5.046393892,1.767070851,1.300367724,1.694122294,5.040594213,1.769385613,-0.293243998,0.581883706,-0.005799679,0.002314762
38.940000000,1.607569583,1.123680450,5.041780441,1.759916524,1.296857751,1.717188752,5.041226737,1.760954652,-0.310711832,0.593508302,-0.000553704,0.001038128
38.970000000,1.621497020,1.134969548,5.041780977,1.751661524,1.293163380,1.740050003,5.041858293,1.752392607,-0.328333640,0.605080455,0.000077316,0.000731083
39.010000000,1.446911557,1.381582543,5.045788483,1.740481886,1.287927808,1.770274882,5.042763253,1.741204283,-0.158983749,0.388692339,-0.003025230,0.000722396
39.040000000,1.458149718,1.395599360,5.051315938,1.731593328,1.283798775,1.792778428,5.043464827,1.732968442,-0.174350943,0.397179068,-0.007851111,0.001375114
39.070000000,1.469347899,1.409485763,5.051601664,1.723025828,1.279545602,1.815118543,5.044203460,1.724643796,-0.189802298,0.405632780,-0.007398204,0.001617968
39.110000000,1.484223662,1.427758890,5.051952077,1.711875355,1.273678640,1.844587401,5.045199968,1.713334950,-0.210545022,0.416828511,-0.006752109,0.001459595
39.140000000,1.495349705,1.441277788,5.050406797,1.703802969,1.269154017,1.866538817,5.045970376,1.704923895,-0.226195687,0.425261030,-0.004436421,0.001120926
39.170000000,1.506453632,1.454675406,5.050523964,1.695647969,1.264564282,1.888427113,5.046732498,1.696604007,-0.241889350,0.433751707,-0.003791467,0.000956038
39.210000000,1.521201095,1.472375647,5.052909477,1.684547209,1.258391601,1.917442156,5.047755939,1.685484576,-0.262809494,0.445066509,-0.005153539,0.000937367
39.240000000,1.532223658,1.485505997,5.047106185,1.676761592,1.253763281,1.939025858,5.048528838,1.677103374,-0.278460377,0.453519862,0.001422653,0.000341782
39.270000000,1.543219262,1.498489838,5.047001509,1.668459092,1.249140653,1.960514817,5.049311284,1.668720129,-0.294078608,0.462024979,0.002309775,0.000261037
39.310000000,1.557863236,1.515602529,5.040966467,1.659338652,1.242973229,1.989094438,5.050370705,1.657559307,-0.314890007,0.473491909,0.009404238,-0.001779345
39.340000000,1.568815822,1.528316928,5.043546942,1.650865992,1.238333495,2.010457985,5.051161066,1.649204262,-0.330482327,0.482141057,0.007614124,-0.001661729
39.370000000,1.579735010,1.540920497,5.043245531,1.642710992,1.233676869,2.031719052,5.051967811,1.640825054,-0.346058141,0.490798556,0.008722281,-0.001885938
39.410000000,1.594256505,1.557500717,5.062148842,1.631493417,1.227415311,2.059894497,5.053053013,1.629582396,-0.366841194,0.502393779,-0.009095829,-0.001911021
39.440000000,1.605127894,1.569775230,5.056617152,1.623162224,1.222657633,2.080984879,5.053895878,1.621190797,-0.382470261,0.511209649,-0.002721274,-0.001971428
39.470000000,1.615966888,1.581935850,5.056609543,1.614824724,1.217845852,2.102060879,5.054722065,1.612862404,-0.398121037,0.520125028,-0.001887478,-0.001962320
39.510000000,1.467513678,1.787298331,5.062715376,1.604290767,1.211320982,2.130046127,5.055802173,1.601721674,-0.256192696,0.342747797,-0.006913202,-0.002569094
39.540000000,1.476135262,1.801659240,5.069090027,1.594589991,1.206334771,2.150920267,5.056573301,1.593259016,-0.269800491,0.349261027,-0.012516726,-0.001330976
39.570000000,1.484725601,1.815863563,5.069273448,1.586192491,1.201271897,2.171762254,5.057339623,1.584811822,-0.283453704,0.355898691,-0.011933825,-0.001380670
39.610000000,1.496139575,1.834598008,5.072509550,1.574338476,1.194372054,2.199565825,5.058308066,1.573722208,-0.301767522,0.364967817,-0.014201485,-0.000616268
39.640000000,1.504664673,1.848509866,5.055730139,1.565802371,1.189092688,2.220384059,5.058995180,1.565409195,-0.315571985,0.371874193,0.003265041,-0.000393177
39.670000000,1.513181236,1.862282477,5.055232614,1.557617371,1.183749987,2.241139402,5.059651778,1.557010166,-0.329431249,0.378856925,0.004419164,-0.000607205
39.710000000,1.524509869,1.880419732,5.049742583,1.545798958,1.176537620,2.268758184,5.060488607,1.545771608,-0.347972249,0.388338451,0.010746024,-0.000027351
39.740000000,1.532976179,1.893854289,5.052692492,1.537158728,1.171077420,2.289509973,5.061107054,1.537408489,-0.361898758,0.395655684,0.008414562,0.000249760
39.770000000,1.541420070,1.907181481,5.051960262,1.528636228,1.165581226,2.310277877,5.061714105,1.529071578,-0.375838844,0.403096396,0.009753843,0.000435350
39.810000000,1.552661768,1.924789516,5.056822085,1.517741077,1.158173486,2.337908038,5.062533988,1.517874231,-0.394488282,0.413118521,0.005711903,0.000133155
39.840000000,1.561069287,1.937829635,5.054111877,1.509175056,1.152543795,2.358596474,5.063138375,1.509406853,-0.408525492,0.420766839,0.009026498,0.000231797
39.870000000,1.569450894,1.950742330,5.053370671,1.500730056,1.146852777,2.379318416,5.063751010,1.500983989,-0.422598117,0.428576086,0.010380339,0.000253933
39.910000000,1.580584306,1.967781490,5.052491319,1.488569714,1.139136636,2.407033596,5.064517751,1.489905823,-0.441447670,0.439252106,0.012026432,0.001336109
39.940000000,1.588915892,1.980443883,5.052400292,1.479821743,1.133234476,2.427815589,5.065082684,1.481542588,-0.455681415,0.447371706,0.012682392,0.001720845
39.970000000,1.597230602,1.992988556,5.051525238,1.471581743,1.127239404,2.448574903,5.065625716,1.473064222,-0.469991198,0.455586346,0.014100479,0.001482479
40.010000000,1.473951597,2.238568547,5.062434796,1.460636954,1.119071038,2.476305006,5.066350292,1.461773279,-0.354880560,0.237736459,0.003915496,0.001136325
