time_sec,est_x,est_y,est_z,est_yaw,true_x,true_y,true_z,true_yaw,err_x,err_y,err_z,err_yaw
0.0,-2.000019734,-1.999974485,0.05000925,-0.005609707,-2.0,-2.0,0.050029904,-0.0,1.9734e-05,-2.5515e-05,2.0654e-05,0.005609707
0.03,-2.000083545,-1.999894286,0.039135502,0.008128036,-2.0,-2.0,0.050059808,-0.0,8.3545e-05,-0.000105714,0.010924305,-0.008128036
0.06,-2.000198726,-1.999753332,0.038761724,0.008245536,-2.0,-2.0,0.050089742,-0.0,0.000198726,-0.000246668,0.011328017,-0.008245536
0.1,-2.000432705,-1.999503746,0.03412709,0.005974513,-2.0,-2.0,0.050129732,-0.0,0.000432705,-0.000496254,0.016002642,-0.005974513
0.13,-2.000670824,-1.999263118,0.039679527,0.005682989,-2.0,-2.0,0.050159731,-7.6884e-05,0.000670824,-0.000736882,0.010480204,-0.005759873
0.16,-2.000963522,-1.998964797,0.039363241,0.004927989,-1.999999999,-1.999999999,0.050394148,-0.000927458,0.000963523,-0.001035203,0.011030907,-0.005855447
0.2,-2.001429321,-1.998509369,0.038266077,-0.002076266,-1.999998651,-1.99999965,0.05192365,-0.004080178,0.00143067,-0.001490282,0.013657574,-0.002003912
0.23,-2.001829362,-1.998121437,0.038572075,0.000193711,-1.999994242,-1.999998425,0.054040266,-0.007670049,0.00183512,-0.001876988,0.015468191,-0.00786376
0.26,-2.002276383,-1.997664969,0.040571261,-0.004148789,-1.999987167,-1.999996221,0.056833562,-0.011994325,0.002289216,-0.002331252,0.016262302,-0.007845536
0.3,-2.002928337,-1.996966032,0.044150936,-0.007583316,-1.999975085,-1.999991408,0.061728103,-0.01886922,0.002953252,-0.003025376,0.017577167,-0.011285903
0.33,-2.00347358,-1.996384354,0.050035231,-0.016807936,-1.999964107,-1.999986333,0.066211629,-0.024689192,0.003509472,-0.003601979,0.016176398,-0.007881256
0.36,-2.004057327,-1.995753063,0.054280188,-0.023207936,-1.999950283,-1.999980348,0.071246152,-0.030904389,0.004107044,-0.004227285,0.016965964,-0.007696453
0.4,-2.004886603,-1.994815872,0.059356398,-0.037018939,-1.99992554,-1.999971716,0.078901045,-0.039786194,0.004961063,-0.005155843,0.019544647,-0.002767256
0.43,-2.00555687,-1.994064651,0.074676735,-0.041607342,-1.999903764,-1.999965748,0.08529522,-0.046803045,0.005653106,-0.005901097,0.010618485,-0.005195703
0.46,-2.006265803,-1.99326808,0.081170287,-0.048682342,-1.999880292,-1.999960548,0.092132927,-0.054031504,0.006385511,-0.006692468,0.01096264,-0.005349162
0.5,-2.38025225,-2.214954944,0.093336106,-0.062578693,-1.999844097,-1.999955569,0.102010237,-0.063987988,0.380408153,0.214999375,0.008674131,-0.001409295
0.53,-2.388699478,-2.218628484,0.105796691,-0.071102921,-1.999812023,-1.999954048,0.109946769,-0.071644865,0.388887455,0.218674436,0.004150078,-0.000541944
0.56,-2.397203865,-2.222252708,0.114101821,-0.078827921,-1.999777029,-1.999954719,0.118251712,-0.079408966,0.397426836,0.222297989,0.004149891,-0.000581045
0.6,-2.408612905,-2.22701323,0.123417034,-0.091063931,-1.999720238,-1.999947964,0.129972197,-0.089931722,0.408892667,0.227065266,0.006555163,0.001132208
0.63,-2.417230428,-2.230540762,0.136726215,-0.09834197,-1.999649798,-1.999894749,0.139206673,-0.097928014,0.41758063,0.230646012,0.002480458,0.000413956
0.66,-2.425903824,-2.234035765,0.146285563,-0.10632697,-1.999542659,-1.999758975,0.148753466,-0.105976818,0.426361165,0.23427679,0.002467904,0.000350152
0.7,-2.437543563,-2.238643599,0.160494905,-0.118742747,-1.999321032,-1.999329446,0.162031316,-0.116778461,0.438222531,0.239314153,0.001536411,0.001964285
0.73,-2.4463318,-2.242044431,0.172347076,-0.126331564,-1.999099729,-1.99876591,0.172355445,-0.124954596,0.447232071,0.243278521,8.369e-06,0.001376967
0.76,-2.455178322,-2.245387766,0.182974434,-0.134536564,-1.99883627,-1.998016857,0.182922958,-0.133196106,0.456342052,0.247370909,-5.1475e-05,0.001340458
0.8,-2.467060998,-2.249764111,0.196349344,-0.145689882,-1.998387778,-1.99669777,0.197434613,-0.144225031,0.468673221,0.253066341,0.001085269,0.001464851
0.83,-2.47602034,-2.252986327,0.213656216,-0.155673191,-1.997971248,-1.995498889,0.208610386,-0.15248755,0.478049092,0.257487438,-0.00504583,0.003185641
0.86,-2.485012122,-2.256169617,0.225331276,-0.163623191,-1.997504085,-1.994167649,0.219987995,-0.160767722,0.487508038,0.262001968,-0.005343282,0.002855469
0.9,-2.497057853,-2.260340008,0.234441221,-0.172944607,-1.996800719,-1.99218212,0.235502103,-0.171865838,0.500257134,0.268157888,0.001060882,0.00107877
0.93,-2.506159706,-2.263404706,0.244177628,-0.181793734,-1.996204681,-1.990559496,0.247379599,-0.180204608,0.509955025,0.27284521,0.003201971,0.001589126
0.96,-2.515323945,-2.26642251,0.255778573,-0.189866234,-1.995550188,-1.988852598,0.259422842,-0.188536867,0.519773758,0.277569912,0.003644269,0.001329368
1.0,-2.251237437,-1.981545362,0.276193224,-0.202349407,-1.994574811,-1.986437539,0.275764366,-0.199648996,0.256662626,-0.004892177,-0.000428858,0.002700411
1.03,-2.255658145,-1.97927835,0.28664759,-0.210534037,-1.993778032,-1.984531038,0.288222317,-0.208005828,0.261880113,-0.005252687,0.001574727,0.002528208
1.06,-2.260116135,-1.976949752,0.298827155,-0.218656537,-1.99293242,-1.982561814,0.300825521,-0.216367231,0.267183715,-0.005612062,0.001998366,0.002289306
1.1,-2.266125216,-1.973767617,0.314919966,-0.231637073,-1.991701781,-1.979852109,0.317898619,-0.227499376,0.274423434,-0.006084492,0.002978653,0.004137698
1.13,-2.270669243,-1.97130745,0.328984544,-0.238383934,-1.990713441,-1.977823976,0.330877404,-0.235846671,0.279955801,-0.006516526,0.001892861,0.002537263
1.16,-2.275236799,-1.96876906,0.341645823,-0.246771434,-1.989702102,-1.975865597,0.343989413,-0.244196231,0.285534696,-0.007096537,0.00234359,0.002575203
1.2,-2.281364026,-1.965285808,0.356429111,-0.25802133,-1.988349684,-1.973515287,0.361718011,-0.255306089,0.293014342,-0.00822948,0.0052889,0.002715241
1.23,-2.286010189,-1.962606566,0.372975873,-0.266771427,-1.987339643,-1.972025974,0.375161738,-0.263645308,0.298670546,-0.009419408,0.002185865,0.003126119
1.26,-2.290706385,-1.959900792,0.38604379,-0.275228927,-1.986331393,-1.970752174,0.388699372,-0.272027559,0.304374991,-0.010851382,0.002655583,0.003201368
1.3,-2.297019617,-1.956233254,0.40889699,-0.286409815,-1.984998748,-1.969426702,0.406911256,-0.283232809,0.312020869,-0.013193447,-0.001985734,0.003177006
1.33,-2.301801981,-1.953441569,0.422496661,-0.296011948,-1.984010146,-1.968673964,0.420679017,-0.291602805,0.317791835,-0.015232396,-0.001817643,0.004409143
1.36,-2.306634077,-1.950607897,0.436079099,-0.304059448,-1.983018388,-1.968072566,0.434520731,-0.299966452,0.323615689,-0.017464669,-0.001558369,0.004092996
1.4,-2.313148921,-1.94675295,0.453127111,-0.315747231,-1.981663311,-1.967511714,0.453103879,-0.311151414,0.33148561,-0.020758764,-2.3232e-05,0.004595817
1.43,-2.318076693,-1.943802288,0.469014587,-0.324491829,-1.980617482,-1.967242709,0.467128193,-0.319548269,0.33745921,-0.023440421,-0.001886394,0.00494356
1.46,-2.323037427,-1.940800476,0.482778569,-0.332929329,-1.979554961,-1.967067308,0.481214817,-0.327933623,0.343482467,-0.026266832,-0.001563752,0.004995706
1.5,-2.062006872,-1.998649449,0.499551577,-0.344603632,-1.978101563,-1.966984917,0.500098396,-0.339102646,0.083905309,0.031664532,0.000546818,0.005500986
1.53,-2.061952242,-1.996992298,0.506394649,-0.352372981,-1.976966515,-1.967026523,0.514336309,-0.347489721,0.084985727,0.029965775,0.00794166,0.00488326
1.56,-2.061933043,-1.99527932,0.519590671,-0.360622981,-1.975793542,-1.967135849,0.528620967,-0.355885825,0.086139501,0.028143472,0.009030295,0.004737156
1.6,-2.061967429,-1.992907735,0.536656289,-0.371670916,-1.974175837,-1.967386848,0.547752586,-0.367082573,0.087791592,0.025520887,0.011096296,0.004588343
1.63,-2.062020713,-1.991047799,0.557207469,-0.378042004,-1.972942675,-1.967642529,0.562162646,-0.375471684,0.089078038,0.023405271,0.004955178,0.002570319
1.66,-2.062102563,-1.989121445,0.570911114,-0.386769504,-1.971700005,-1.967947671,0.576611908,-0.383860516,0.090402558,0.021173774,0.005700794,0.002908988
1.7,-2.062252762,-1.986454402,0.593002956,-0.397945999,-1.970020784,-1.968454883,0.595947607,-0.395053292,0.092231978,0.017999518,0.002944651,0.002892707
1.73,-2.062395193,-1.984394673,0.606886223,-0.406230022,-1.96874465,-1.968912742,0.610493188,-0.403454876,0.093650543,0.015481931,0.003606965,0.002775147
1.76,-2.06257063,-1.982266651,0.620814735,-0.414345022,-1.967462212,-1.969421917,0.625070935,-0.411855968,0.095108418,0.012844734,0.0042562,0.002489055
1.8,-2.06284518,-1.979342814,0.636918443,-0.425454853,-1.965746653,-1.970182048,0.644560517,-0.423047609,0.097098528,0.009160766,0.007642074,0.002407244
1.83,-2.063096739,-1.977086173,0.660701821,-0.434679092,-1.964448392,-1.970805776,0.659216079,-0.431439783,0.098648347,0.006280397,-0.001485742,0.003239309
1.86,-2.063371637,-1.974769996,0.675147605,-0.443106592,-1.963136163,-1.971464599,0.673897005,-0.439834423,0.100235474,0.003305397,-0.0012506,0.003272169
1.9,-2.063767284,-1.971569204,0.699168438,-0.455709037,-1.961365347,-1.972395683,0.693515276,-0.451027414,0.102401937,-0.000826479,-0.005653162,0.004681623
1.93,-2.06409263,-1.969101433,0.710883652,-0.464663395,-1.96002895,-1.973123497,0.708260535,-0.459419476,0.10406368,-0.004022064,-0.002623117,0.005243919
1.96,-2.064444821,-1.966567728,0.725376409,-0.473235895,-1.958685315,-1.97387035,0.72302616,-0.467811051,0.105759506,-0.007302621,-0.002350249,0.005424844
2.0,-2.165658203,-2.046213025,0.737846312,-0.4833515,-1.956871117,-1.974901924,0.742752161,-0.479001939,0.208787086,0.071311101,0.004905848,0.004349561
2.03,-2.168678459,-2.045450833,0.757213013,-0.490803635,-1.955494606,-1.975699464,0.757570764,-0.487395502,0.213183853,0.069751369,0.000357751,0.003408133
2.06,-2.171719205,-2.044621371,0.771536782,-0.499093635,-1.954112948,-1.976509984,0.772411893,-0.495786429,0.217606257,0.068111387,0.000875112,0.003307205
2.1,-2.175823735,-2.043412745,0.790425028,-0.509569207,-1.952262378,-1.977605741,0.792240326,-0.506974094,0.223561356,0.065807003,0.001815298,0.002595114
2.13,-2.178938206,-2.042433481,0.79957088,-0.518013186,-1.950852336,-1.978422906,0.807136414,-0.515361347,0.22808587,0.064010575,0.007565534,0.00265184
2.16,-2.18208121,-2.041415835,0.813485347,-0.526393186,-1.949413523,-1.979217192,0.822051007,-0.523748348,0.232667687,0.062198644,0.00856566,0.002644838
2.2,-2.186325939,-2.039960524,0.828087232,-0.537245412,-1.947429259,-1.980188839,0.841973101,-0.534936862,0.23889668,0.059771685,0.013885869,0.00230855
2.23,-2.189539941,-2.038793752,0.850976991,-0.545241251,-1.945884318,-1.980826296,0.856930265,-0.543340848,0.243655623,0.057967456,0.005953274,0.001900402
2.26,-2.192782764,-2.037554354,0.865219906,-0.553263751,-1.944292101,-1.981394658,0.871898036,-0.551749055,0.248490662,0.056159696,0.006678131,0.001514696
2.3,-2.197127597,-2.03577857,0.890559123,-0.56426753,-1.942078517,-1.982035745,0.891873008,-0.562943699,0.255049081,0.053742825,0.001313886,0.00132383
2.33,-2.200413239,-2.034355401,0.909201184,-0.572943435,-1.940361012,-1.982437073,0.906866811,-0.571333206,0.260052227,0.051918328,-0.002334373,0.00161023
2.36,-2.203724164,-2.032860118,0.924063886,-0.581275935,-1.938611928,-1.982785147,0.92186946,-0.579728614,0.265112236,0.050074971,-0.002194426,0.001547321
2.4,-2.208163063,-2.03078171,0.938971656,-0.592254486,-1.936228435,-1.983165962,0.94188574,-0.590928064,0.271934628,0.047615747,0.002914084,0.001326423
2.43,-2.211511838,-2.029157567,0.9524733,-0.599534633,-1.934401241,-1.983403043,0.956909063,-0.599321508,0.277110597,0.045754525,0.004435763,0.000213124
2.46,-2.214874006,-2.027466489,0.966843135,-0.607924633,-1.932548444,-1.98360947,0.971937683,-0.60771201,0.282325561,0.043857018,0.005094547,0.000212623
2.5,-2.125592466,-1.959693356,0.977457757,-0.619215531,-1.930045132,-1.983828816,0.991989605,-0.618903818,0.195547333,-0.02413546,0.014531848,0.000311713
2.53,-2.126785819,-1.956236748,0.985663246,-0.628396828,-1.928148634,-1.983954864,1.007035309,-0.627300856,0.198637185,-0.027718116,0.021372063,0.001095972
2.56,-2.127992226,-1.9527151,0.998973292,-0.636616828,-1.926235998,-1.984058927,1.022090599,-0.635693297,0.201756227,-0.031343827,0.023117307,0.000923531
2.6,-2.129636957,-1.947907879,1.014319191,-0.646655817,-1.923658918,-1.984169812,1.042181644,-0.646877303,0.205978039,-0.036261933,0.027862453,-0.000221486
2.63,-2.130881873,-1.944225817,1.034884937,-0.654922605,-1.921725607,-1.984247188,1.057259536,-0.655262932,0.209156267,-0.040021371,0.022374599,-0.000340326
2.66,-2.132117309,-1.940472916,1.04846385,-0.663272605,-1.919809297,-1.984336847,1.072346281,-0.663649869,0.212308012,-0.043863931,0.023882431,-0.000377263
2.7,-2.13379277,-1.935357175,1.068667597,-0.674608305,-1.917308432,-1.98451957,1.092481339,-0.674837712,0.216484338,-0.049162395,0.023813743,-0.000229407
2.72,-2.135082282,-1.931436141,1.091767206,-0.683119574,-1.916086079,-1.984649645,1.102552537,-0.680436659,0.218996203,-0.053213504,0.010785331,0.002682915
2.76,-2.136374887,-1.927464983,1.106071627,-0.691334574,-1.913708635,-1.984994136,1.122698173,-0.691645378,0.222666252,-0.057529153,0.016626547,-0.000310804
2.8,-2.138121719,-1.922068204,1.134790709,-0.703174781,-1.911429627,-1.985441906,1.14285008,-0.702844775,0.226692092,-0.063373702,0.008059371,0.000330006
2.83,-2.139458498,-1.91794245,1.149870041,-0.711162016,-1.909782052,-1.985842686,1.157967026,-0.711236623,0.229676447,-0.067900236,0.008096985,-7.4607e-05
2.86,-2.140816753,-1.913748773,1.165529687,-0.719539516,-1.908171358,-1.986289012,1.173087002,-0.719631835,0.232645395,-0.072540238,0.007557315,-9.2319e-05
2.9,-2.142669448,-1.908066924,1.189676592,-0.731551952,-1.906085245,-1.986959013,1.193248233,-0.730830861,0.236584203,-0.078892089,0.003571641,0.000721091
2.93,-2.144076629,-1.903732927,1.204575966,-0.739617372,-1.904568467,-1.987506759,1.208372629,-0.739225483,0.239508163,-0.083773832,0.003796663,0.000391889
2.96,-2.145480698,-1.89932605,1.2097951,-0.748082372,-1.903085352,-1.98808382,1.223497148,-0.74761674,0.242395346,-0.088757771,0.013702048,0.000465632
3.0,-2.058806302,-2.028981922,1.235492623,-0.759599389,-1.901159582,-1.988909649,1.243667553,-0.758807728,0.15764672,0.040072273,0.008174929,0.000791661
3.03,-2.058260837,-2.027949321,1.250543977,-0.767767436,-1.899749023,-1.989570978,1.258795659,-0.767205029,0.158511814,0.038378343,0.008251682,0.000562407
3.06,-2.057727967,-2.026849739,1.264501063,-0.776124936,-1.89836482,-1.990258062,1.273925123,-0.775600978,0.159363147,0.036591677,0.00942406,0.000523957
3.1,-2.057039768,-2.025266954,1.285145931,-0.787290325,-1.89657097,-1.991210559,1.294095197,-0.786791397,0.160468798,0.034056395,0.008949266,0.000498928
3.13,-2.056531311,-2.02400582,1.298811893,-0.796046831,-1.895262455,-1.991942652,1.309218334,-0.795181948,0.161268856,0.032063168,0.010406441,0.000864883
3.16,-2.056040807,-2.022678234,1.315060324,-0.804319331,-1.893977871,-1.992680168,1.324338908,-0.803574202,0.162062936,0.029998066,0.009278584,0.000745129
3.2,-2.055382594,-2.020804147,1.339721133,-0.81537089,-1.892303881,-1.993658648,1.344496723,-0.814764909,0.163078713,0.027145499,0.00477559,0.000605981
3.23,-2.05489496,-2.019282104,1.355671381,-0.824404649,-1.891071736,-1.994381888,1.359612086,-0.823158239,0.163823223,0.024900216,0.003940705,0.00124641
3.26,-2.054420014,-2.017682091,1.380009589,-0.832792149,-1.889852962,-1.99509664,1.374726445,-0.831552286,0.164567051,0.022585451,-0.005283144,0.001239863
3.3,-2.053792502,-2.015410055,1.391281108,-0.844378414,-1.888251766,-1.996032086,1.394875303,-0.842743246,0.165540736,0.01937797,0.003594195,0.001635168
3.33,-2.053316519,-2.013614942,1.405204368,-0.852478517,-1.887072409,-1.996716691,1.409985697,-0.851135941,0.166244109,0.01689825,0.004781329,0.001342576
3.36,-2.052821923,-2.011744018,1.413482538,-0.860763517,-1.885910316,-1.997387997,1.425094013,-0.859528742,0.166911607,0.014356021,0.011611475,0.001234775
3.4,-2.05213998,-2.009149532,1.439364999,-0.871536338,-1.884391149,-1.998261968,1.445236798,-0.870719408,0.167748831,0.010887564,0.005871799,0.00081693
3.43,-2.051640718,-2.007130162,1.45482005,-0.879846377,-1.883274181,-1.998903171,1.460341624,-0.879112797,0.168366537,0.008226991,0.005521575,0.00073358
3.46,-2.051141485,-2.005055955,1.475452264,-0.888413877,-1.882175518,-1.999532209,1.475445647,-0.887506263,0.168965967,0.005523747,-6.617e-06,0.000907615
3.5,-2.011923717,-1.975574159,1.496367302,-0.899462222,-1.880747709,-2.00034536,1.495582117,-0.898697111,0.131176007,-0.024771201,-0.000785185,0.000765111
3.53,-2.010778372,-1.972459911,1.51200189,-0.907745025,-1.879704074,-2.000937608,1.510683094,-0.907090116,0.131074299,-0.028477697,-0.001318796,0.000654909
3.56,-2.009620759,-1.969284299,1.52686601,-0.916177525,-1.878679225,-2.001518937,1.525784778,-0.915484162,0.130941535,-0.032234638,-0.001081232,0.000693363
3.6,-2.008042159,-1.964953065,1.546585353,-0.927014993,-1.877350966,-2.002274326,1.54592226,-0.926677357,0.130691193,-0.037321261,-0.000663092,0.000337636
3.63,-2.006817063,-1.96161755,1.560516088,-0.935885674,-1.876392373,-2.00282878,1.561024978,-0.935071321,0.13042469,-0.041211229,0.00050889,0.000814353
3.66,-2.005583619,-1.958206246,1.563438601,-0.944278174,-1.875468112,-2.003380786,1.576127878,-0.943467508,0.130115507,-0.04517454,0.012689277,0.000810667
3.7,-2.003914642,-1.953555917,1.583067765,-0.955672981,-1.874311058,-2.004127597,1.596267023,-0.954667361,0.129603584,-0.05057168,0.013199258,0.001005621
3.73,-2.002661357,-1.95000589,1.597172327,-0.963425818,-1.873509268,-2.004701649,1.611370329,-0.963069606,0.129152089,-0.054695759,0.014198002,0.000356212
3.76,-2.001402699,-1.946373846,1.604524851,-0.971798318,-1.872759682,-2.00528484,1.626473543,-0.971470294,0.128643016,-0.058910994,0.021948692,0.000328024
3.8,-1.999737186,-1.941402479,1.629877232,-0.98333254,-1.871855785,-2.00607797,1.646608958,-0.982664079,0.1278814,-0.064675492,0.016731726,0.000668461
3.83,-1.998495581,-1.937591426,1.64327968,-0.991009533,-1.871244542,-2.006686021,1.661710076,-0.991059184,0.127251039,-0.069094595,0.018430396,-4.9651e-05
3.86,-1.997253281,-1.933717739,1.66670884,-0.999154533,-1.870679072,-2.007303155,1.676809583,-0.999456119,0.126574209,-0.073585416,0.010100743,-0.000301586
3.9,-1.995590819,-1.928448514,1.693947793,-1.010134482,-1.87000816,-2.00813633,1.696941401,-1.010650644,0.125582659,-0.079687815,0.002993608,-0.000516162
3.93,-1.994330994,-1.924406902,1.708730603,-1.018228046,-1.869566047,-2.008765301,1.712038505,-1.019043697,0.124764947,-0.084358399,0.003307901,-0.00081565
3.96,-1.993070571,-1.920308752,1.726285408,-1.026750546,-1.869165853,-2.009398373,1.727135178,-1.027436745,0.123904719,-0.089089621,0.00084977,-0.000686198
3.97,-2.008384913,-1.979109707,1.738534187,-1.03824707,-1.869045734,-2.009611273,1.732167284,-1.030235003,0.139339179,-0.030501565,-0.006366903,0.008012067
4.03,-2.007799634,-1.976516278,1.7522484,-1.046867393,-1.86841309,-2.010898348,1.762357482,-1.047026405,0.139386544,-0.03438207,0.010109082,-0.000159012
4.06,-2.007201107,-1.973857374,1.764660842,-1.055199893,-1.868160881,-2.011545066,1.77745332,-1.055421914,0.139040226,-0.037687692,0.012792478,-0.000222021
4.1,-2.00639064,-1.970203287,1.777798094,-1.0660583,-1.867893042,-2.012408146,1.797583351,-1.066616509,0.138497598,-0.042204859,0.019785257,-0.000558209
4.13,-2.005774048,-1.967379429,1.791974039,-1.074965846,-1.867735154,-2.013052043,1.812680087,-1.075014305,0.138038893,-0.045672614,0.020706048,-4.8459e-05
4.16,-2.005137716,-1.964495082,1.805761805,-1.083268346,-1.867601737,-2.013686464,1.827776917,-1.083414775,0.137535979,-0.049191381,0.022015112,-0.00014643
4.2,-2.004268398,-1.960566298,1.82475752,-1.094451293,-1.867454886,-2.014501562,1.847907121,-1.094614542,0.136813513,-0.053935264,0.023149601,-0.000163249
4.23,-2.00360318,-1.957533852,1.838818168,-1.103043929,-1.867356503,-2.015086833,1.863005464,-1.10301402,0.136246677,-0.057552981,0.024187296,2.9909e-05
4.26,-2.002917994,-1.954425741,1.858121192,-1.111491429,-1.867261824,-2.015654781,1.878104521,-1.111412835,0.13565617,-0.06122904,0.019983328,7.8594e-05
4.3,-2.001987759,-1.950163089,1.880942299,-1.122437298,-1.867142138,-2.016379118,1.898236391,-1.122607509,0.134845621,-0.066216028,0.017294093,-0.00017021
4.33,-2.001274399,-1.946878338,1.895968657,-1.130913433,-1.867060986,-2.016894374,1.913336266,-1.13100252,0.134213412,-0.070016036,0.017367609,-8.9088e-05
4.36,-2.000545005,-1.943521585,1.910580624,-1.139078433,-1.866987545,-2.017390354,1.928435479,-1.139397568,0.133557461,-0.073868769,0.017854855,-0.000319136
4.4,-1.999519166,-1.938935111,1.925461855,-1.149428489,-1.866903466,-2.018024345,1.94856922,-1.150590648,0.1326157,-0.079089234,0.023107365,-0.001162159
4.43,-1.998709672,-1.935403913,1.93971314,-1.157969684,-1.866851854,-2.018482227,1.963668763,-1.158985544,0.131857818,-0.083078314,0.023955624,-0.00101586
4.46,-1.997863139,-1.93180289,1.955990742,-1.166464684,-1.866810664,-2.018925236,1.978769241,-1.167380269,0.131052475,-0.087122346,0.022778499,-0.000915585
4.5,-2.040482241,-2.021319889,1.969426819,-1.177474661,-1.866777086,-2.019487531,1.998902309,-1.178572264,0.173705155,0.001832358,0.02947549,-0.001097603
4.53,-2.040798499,-2.019836604,1.982878268,-1.186085752,-1.866767004,-2.019893265,2.014002743,-1.186966139,0.174031495,-5.6661e-05,0.031124475,-0.000880387
4.56,-2.041089046,-2.01827722,2.002442576,-1.194560752,-1.866767431,-2.020290601,2.029105108,-1.19536053,0.174321616,-0.00201338,0.026662532,-0.000799778
4.6,-2.041445786,-2.016105382,2.034404009,-1.205905292,-1.866787188,-2.020799568,2.049247961,-1.206551792,0.174658598,-0.004694185,0.014843951,-0.0006465
4.63,-2.041694623,-2.014410801,2.049467919,-1.213706112,-1.866809543,-2.02115246,2.064359007,-1.214945952,0.17488508,-0.006741659,0.014891089,-0.001239841
4.66,-2.041934541,-2.0126731,2.058764214,-1.222096112,-1.866826276,-2.021477432,2.079472507,-1.223338233,0.175108264,-0.008804332,0.020708293,-0.001242121
4.7,-2.042215223,-2.010287939,2.077907089,-1.233774839,-1.866811525,-2.021856452,2.099630354,-1.234524469,0.175403698,-0.011568513,0.021723265,-0.00074963
4.73,-2.042374923,-2.008439868,2.093127738,-1.241701686,-1.866756509,-2.022098874,2.114748515,-1.242910088,0.175618413,-0.013659005,0.021620777,-0.001208402
4.76,-2.042499382,-2.006533432,2.109784888,-1.250101686,-1.866666417,-2.022307567,2.129866478,-1.25129384,0.175832965,-0.015774135,0.02008159,-0.001192154
4.8,-2.042613567,-2.003886041,2.140292364,-1.261673749,-1.866485044,-2.022519665,2.150023303,-1.262478336,0.176128523,-0.018633624,0.009730939,-0.000804588
4.83,-2.042664266,-2.001827338,2.156416728,-1.269427122,-1.866306929,-2.02263391,2.165140441,-1.270870415,0.176357337,-0.020806572,0.008723713,-0.001443293
4.86,-2.042685354,-1.999706737,2.175417983,-1.277904622,-1.866100833,-2.022720849,2.18025752,-1.279261059,0.176584521,-0.023014113,0.004839537,-0.001356437
4.9,-2.042687809,-1.996801734,2.188444281,-1.289177085,-1.865781673,-2.022788319,2.200411659,-1.290447077,0.176906136,-0.025986585,0.011967378,-0.001269993
4.93,-2.042663549,-1.994572253,2.203943184,-1.297448895,-1.865515287,-2.022799513,2.215527394,-1.29883924,0.177148261,-0.02822726,0.01158421,-0.001390346
4.96,-2.042607327,-1.992281027,2.216926901,-1.306113895,-1.865231722,-2.022783214,2.230641793,-1.307232758,0.177375604,-0.030502187,0.013714892,-0.001118863
5.0,-1.973318763,-1.998355727,2.224611771,-1.31771793,-1.864823982,-2.022720202,2.250795007,-1.318422791,0.108494781,-0.024364475,0.026183236,-0.000704861
5.03,-1.971390646,-1.995940165,2.23894922,-1.326861436,-1.864498433,-2.02264545,2.265908486,-1.326814404,0.106892213,-0.026705285,0.026959265,4.7032e-05
5.06,-1.969430279,-1.99346525,2.259062238,-1.335531436,-1.864161133,-2.022548469,2.28102392,-1.335208811,0.105269146,-0.029083219,0.021961682,0.000322625
5.1,-1.966758035,-1.990077847,2.279850617,-1.346651046,-1.863696788,-2.0223782,2.301181413,-1.346403791,0.103061247,-0.032300353,0.021330796,0.000247255
5.13,-1.964731281,-1.987458783,2.294055175,-1.35546841,-1.863349777,-2.022229133,2.316301131,-1.354801344,0.101381504,-0.03477035,0.022245956,0.000667066
5.16,-1.962690424,-1.984784107,2.313253775,-1.36368591,-1.863016569,-2.022071351,2.331422723,-1.363197808,0.099673856,-0.037287244,0.018168948,0.000488102
5.2,-1.959933949,-1.981153602,2.333870917,-1.375502777,-1.862625895,-2.021847771,2.35158982,-1.374389796,0.097308054,-0.040694169,0.017718903,0.001112981
5.23,-1.957822235,-1.978373931,2.347303395,-1.384356544,-1.862391715,-2.021669728,2.36671518,-1.382779727,0.09543052,-0.043295797,0.019411784,0.001576817
5.26,-1.955682519,-1.975539524,2.368438548,-1.392871544,-1.86220603,-2.021487331,2.381839592,-1.391166266,0.093476489,-0.045947807,0.013401044,0.001705279
5.3,-1.952784507,-1.971701226,2.393420898,-1.402944602,-1.862049051,-2.021244714,2.402005239,-1.402352265,0.090735456,-0.049543488,0.008584341,0.000592337
5.33,-1.950575805,-1.968768132,2.408291169,-1.410993319,-1.861998196,-2.021063107,2.417128092,-1.410746395,0.088577609,-0.052294974,0.008836923,0.000246923
5.36,-1.948314572,-1.965785997,2.428358704,-1.419238319,-1.861994879,-2.020878135,2.432251148,-1.419138843,0.086319693,-0.055092138,0.003892444,9.9475e-05
5.4,-1.94525417,-1.961742189,2.43960894,-1.429575992,-1.862074324,-2.020625297,2.452412386,-1.430324453,0.083179846,-0.058883108,0.012803446,-0.000748461
5.43,-1.942929946,-1.95863207,2.454496475,-1.437169804,-1.862193552,-2.020437306,2.467533305,-1.438716102,0.080736394,-0.061805236,0.01303683,-0.001546299
5.46,-1.940582653,-1.955476441,2.47565805,-1.445449804,-1.86235474,-2.020252464,2.482652529,-1.447110602,0.078227913,-0.064776022,0.006994479,-0.001660799
5.5,-2.027916642,-1.945039879,2.496373124,-1.457281478,-1.862645629,-2.020006474,2.502811316,-1.458302139,0.165271013,-0.074966595,0.006438192,-0.001020662
5.52,-2.027922692,-1.941504386,2.515317397,-1.465985177,-1.862821688,-2.019882127,2.512889778,-1.463895748,0.165101004,-0.078377741,-0.002427619,0.00208943
5.56,-2.027900391,-1.937921071,2.530577945,-1.474025177,-1.863233067,-2.019635879,2.533048173,-1.475086868,0.164667324,-0.081714808,0.002470227,-0.001061691
5.6,-2.02783365,-1.933056483,2.546318714,-1.485574017,-1.863716375,-2.019399892,2.553213004,-1.486286818,0.164117275,-0.086343408,0.006894291,-0.000712801
5.63,-2.027733749,-1.929346634,2.561035717,-1.494469102,-1.864111426,-2.019224703,2.568338487,-1.494689535,0.163622323,-0.089878069,0.00730277,-0.000220433
5.66,-2.027589769,-1.925590717,2.582191791,-1.502884102,-1.864512616,-2.0190455,2.583467524,-1.50309089,0.163077153,-0.093454783,0.001275733,-0.000206788
5.7,-2.027328764,-1.920515143,2.601702427,-1.513929148,-1.865021947,-2.018801005,2.603647913,-1.514289138,0.162306818,-0.098285862,0.001945486,-0.000359991
5.72,-2.0270771,-1.916656723,2.614662834,-1.522764652,-1.865254046,-2.018680094,2.613739893,-1.519887342,0.161823054,-0.102023372,-0.000922942,0.002877309
5.76,-2.026765297,-1.912743462,2.629555864,-1.530927152,-1.865659187,-2.018442901,2.633922116,-1.531075719,0.16110611,-0.105699439,0.004366253,-0.000148567
5.8,-2.026281829,-1.907442966,2.65589735,-1.542124326,-1.865980368,-2.018204762,2.654105528,-1.542263488,0.160301461,-0.110761797,-0.001791822,-0.000139162
5.83,-2.025891735,-1.903411169,2.671107712,-1.549814481,-1.866164788,-2.018026026,2.669241726,-1.550659581,0.159726947,-0.114614857,-0.001865986,-0.0008451
5.86,-2.025464745,-1.899330103,2.691232263,-1.558079481,-1.866310205,-2.017853072,2.684378794,-1.559054917,0.159154539,-0.118522969,-0.006853469,-0.000975436
5.9,-2.024813063,-1.893808959,2.70302126,-1.568474706,-1.866436783,-2.017639408,2.704559583,-1.570243632,0.158376279,-0.123830449,0.001538324,-0.001768926
5.93,-2.024275823,-1.889622039,2.718034883,-1.57700779,-1.866484347,-2.017488457,2.71969568,-1.578636225,0.157791476,-0.127866419,0.001660796,-0.001628435
5.96,-2.023695425,-1.885394604,2.729788076,-1.58570279,-1.866499037,-2.017342706,2.73483073,-1.587031559,0.157196389,-0.131948102,0.005042654,-0.001328769
6.0,-2.032111067,-1.946466434,2.755714211,-1.596695089,-1.866460928,-2.01716656,2.755010517,-1.598225558,0.165650139,-0.070700125,-0.000703695,-0.001530469
6.03,-2.031564365,-1.943797839,2.770950724,-1.60473516,-1.86639132,-2.017055995,2.770144618,-1.606617675,0.165173045,-0.073258156,-0.000806107,-0.001882515
6.06,-2.030985232,-1.941078772,2.785946013,-1.61300016,-1.86629326,-2.016960451,2.785277496,-1.615008538,0.164691972,-0.075881679,-0.000668517,-0.002008378
6.1,-2.030121497,-1.937380872,2.798415174,-1.623946871,-1.866112629,-2.016854121,2.805452545,-1.626198513,0.164008868,-0.079473249,0.007037372,-0.002251643
6.12,-2.029415055,-1.934559032,2.813918117,-1.632211924,-1.866002731,-2.0168091,2.815537907,-1.631794475,0.163412325,-0.082250068,0.00161979,0.000417449
6.16,-2.028666328,-1.931708935,2.828303714,-1.640474424,-1.865745405,-2.016740116,2.835706697,-1.642985266,0.162920923,-0.085031181,0.007402983,-0.002510842
6.2,-2.027588773,-1.927841836,2.848142257,-1.651677173,-1.865439959,-2.016701469,2.855869804,-1.654174534,0.162148814,-0.088859633,0.007727547,-0.002497361
6.22,-2.02671192,-1.924877691,2.854928561,-1.659390153,-1.865269872,-2.016692215,2.865950001,-1.659769621,0.161442047,-0.091814524,0.01102144,-0.000379468
6.26,-2.025778555,-1.921878092,2.868680528,-1.667690153,-1.864896881,-2.016693184,2.88610583,-1.670961682,0.160881674,-0.094815092,0.017425302,-0.003271528
6.3,-2.024452992,-1.917823766,2.884499961,-1.678083806,-1.864483788,-2.016726314,2.906257747,-1.682153568,0.159969203,-0.098902548,0.021757787,-0.004069761
6.33,-2.023411343,-1.914728206,2.897376494,-1.685941691,-1.864149342,-2.016776583,2.921368153,-1.690546243,0.159262001,-0.102048377,0.023991659,-0.004604552
6.36,-2.022319092,-1.911594916,2.913512605,-1.694469191,-1.863798449,-2.016844018,2.936476964,-1.698938964,0.158520643,-0.105249102,0.022964358,-0.004469773
6.4,-2.020781836,-1.907319165,2.932893693,-1.705815435,-1.863303084,-2.016963393,2.956618397,-1.710130706,0.157478753,-0.109644228,0.023724704,-0.00431527
6.42,-2.019566087,-1.904048518,2.942934289,-1.713998764,-1.863045465,-2.017036609,2.966687779,-1.7157267,0.156520621,-0.112988091,0.023753489,-0.001727936
6.46,-2.018322727,-1.900750733,2.956229615,-1.722201264,-1.86251333,-2.017215044,2.986824575,-1.72691761,0.155809397,-0.116464311,0.03059496,-0.004716347
6.5,-1.88715887,-1.940090402,2.975957055,-1.733767842,-1.861961578,-2.017435932,3.006957783,-1.73810788,0.025197292,-0.07734553,0.031000728,-0.004340038
6.53,-1.882498366,-1.937670317,2.988136388,-1.741306892,-1.861536036,-2.017628261,3.022056013,-1.746501206,0.020962329,-0.079957944,0.033919624,-0.005194314
6.56,-1.877785445,-1.935219628,3.01104577,-1.749729392,-1.861103371,-2.017841141,3.037156681,-1.754893088,0.016682074,-0.082621513,0.026110911,-0.005163695
6.6,-1.871416225,-1.931885212,3.036449575,-1.760860125,-1.860523465,-2.018168353,3.057302917,-1.766078623,0.01089276,-0.086283141,0.020853343,-0.005218498
6.62,-1.866572682,-1.929337207,3.060139481,-1.768167364,-1.86024336,-2.018350072,3.067377234,-1.771670422,0.006329322,-0.089012865,0.007237753,-0.003503058
6.66,-1.861664983,-1.926772928,3.075019108,-1.776844864,-1.85974307,-2.018742611,3.087533085,-1.782851383,0.001921913,-0.091969684,0.012513977,-0.006006519
6.7,-1.854988168,-1.923291856,3.096843022,-1.786716847,-1.859384319,-2.019161532,3.107702895,-1.794030099,-0.004396151,-0.095869676,0.010859872,-0.007313252
6.72,-1.849881628,-1.920642049,3.111130425,-1.795529759,-1.85927753,-2.01937797,3.117787806,-1.799618829,-0.009395902,-0.098735921,0.006657381,-0.00408907
6.76,-1.844709466,-1.917958371,3.12596303,-1.803974759,-1.859233315,-2.019822622,3.137952512,-1.810800304,-0.01452385,-0.101864251,0.011989482,-0.006825545
6.8,-1.837740457,-1.914324599,3.140620188,-1.815464889,-1.859428735,-2.020280223,3.158110857,-1.821988683,-0.021688278,-0.105955624,0.017490669,-0.006523794
6.82,-1.832445319,-1.911556079,3.162238984,-1.824415758,-1.859617639,-2.020513054,3.168187306,-1.827581868,-0.02717232,-0.108956975,0.005948322,-0.00316611
6.86,-1.827104119,-1.908754991,3.177102667,-1.832443258,-1.86017674,-2.020988332,3.188333035,-1.838764347,-0.033072621,-0.112233341,0.011230367,-0.006321089
6.9,-1.819900927,-1.904959684,3.203854978,-1.843831808,-1.860975273,-2.021481285,3.208468435,-1.849949967,-0.041074346,-0.1165216,0.004613457,-0.006118159
6.92,-1.814422018,-1.902064331,3.218406175,-1.852510898,-1.861463366,-2.021735483,3.218531851,-1.855544606,-0.047041348,-0.119671152,0.000125676,-0.003033708
6.96,-1.808879417,-1.899117617,3.233525651,-1.860860898,-1.862615049,-2.022259099,3.238651297,-1.866732509,-0.053735633,-0.123141482,0.005125646,-0.005871611
7.0,-1.91736308,-1.985668336,3.262714751,-1.872104862,-1.863998439,-2.022804216,3.25876051,-1.877916606,0.053364641,-0.03713588,-0.003954241,-0.005811745
7.02,-1.91493193,-1.984759305,3.285563779,-1.880235003,-1.86477649,-2.023086459,3.26881177,-1.883509181,0.05015544,-0.038327154,-0.016752009,-0.003274178
7.06,-1.912462149,-1.983830303,3.301675311,-1.888695003,-1.866503947,-2.023673399,3.288909892,-1.894702554,0.045958201,-0.039843096,-0.012765419,-0.006007551
7.1,-1.909116127,-1.982552414,3.311634836,-1.899615123,-1.868451866,-2.024289105,3.309009329,-1.905907721,0.040664261,-0.041736691,-0.002625507,-0.006292599
7.12,-1.906547162,-1.981554109,3.328902716,-1.9081211,-1.869500109,-2.024605472,3.319059523,-1.911510516,0.037047053,-0.043051363,-0.009843194,-0.003389416
7.16,-1.903910382,-1.980526799,3.344261924,-1.9165436,-1.87171838,-2.025254493,3.339161806,-1.922705226,0.032192002,-0.044727694,-0.005100117,-0.006161626
7.2,-1.900301327,-1.979115086,3.358244384,-1.927886852,-1.874062776,-2.025938001,3.359269969,-1.933891162,0.026238551,-0.046822915,0.001025585,-0.00600431
7.22,-1.89753141,-1.978023483,3.368684271,-1.936865994,-1.875271275,-2.026298911,3.369325405,-1.93948582,0.022260135,-0.048275428,0.000641135,-0.002619826
7.26,-1.894692187,-1.976909374,3.383180103,-1.945110994,-1.877744506,-2.027063071,3.389435547,-1.950675189,0.016947681,-0.050153697,0.006255443,-0.005564195
7.3,-1.890802268,-1.975386468,3.401613879,-1.956377316,-1.880277412,-2.027878383,3.409548249,-1.961860885,0.010524856,-0.052491915,0.00793437,-0.005483569
7.32,-1.887816228,-1.974221727,3.412007473,-1.965175168,-1.881563447,-2.028304581,3.419604481,-1.967453908,0.006252781,-0.054082854,0.007597008,-0.00227874
7.36,-1.88476492,-1.973028864,3.426057804,-1.973457668,-1.884174884,-2.029198859,3.439719489,-1.978642167,0.000590036,-0.056169995,0.013661684,-0.005184499
7.4,-1.880581701,-1.971400613,3.450152945,-1.985432429,-1.886838881,-2.030150308,3.459834277,-1.989832998,-0.00625718,-0.058749694,0.009681332,-0.004400569
7.42,-1.877362668,-1.97014526,3.463288475,-1.991506951,-1.888189448,-2.030644549,3.469892615,-1.995428356,-0.01082678,-0.060499289,0.00660414,-0.003921405
7.46,-1.874072484,-1.968859209,3.477485206,-1.999771951,-1.890926083,-2.0316649,3.490009266,-2.006617218,-0.016853599,-0.062805691,0.012524059,-0.006845267
7.5,-1.949209782,-1.985529739,3.497740276,-2.010804817,-1.89371302,-2.032731013,3.510127096,-2.017806042,0.055496762,-0.047201273,0.01238682,-0.007001224
7.53,-1.947697085,-1.984358482,3.51199709,-2.018796483,-1.895840729,-2.033564381,3.52521535,-2.026199269,0.051856355,-0.0492059,0.01321826,-0.007402786
7.56,-1.946126026,-1.983168308,3.529912507,-2.026956483,-1.897995722,-2.034419115,3.540304625,-2.034591071,0.048130304,-0.051250807,0.010392119,-0.007634588
7.6,-1.943940227,-1.981546985,3.551369518,-2.038127243,-1.90091525,-2.0355899,3.560425781,-2.045776503,0.043024977,-0.054042915,0.009056263,-0.00764926
7.63,-1.942217843,-1.980311691,3.565168016,-2.046547985,-1.903131487,-2.036491362,3.57551449,-2.054162777,0.039086356,-0.056179671,0.010346474,-0.007614792
7.66,-1.94042421,-1.97905312,3.580920813,-2.054892985,-1.905358801,-2.037413755,3.590603071,-2.062548855,0.035065409,-0.058360635,0.009682258,-0.00765587
7.7,-1.937937962,-1.977351616,3.594763131,-2.065859553,-1.908329708,-2.038688146,3.610721934,-2.073733037,0.029608254,-0.06133653,0.015958803,-0.007873483
7.73,-1.935972786,-1.976061224,3.608683457,-2.074073707,-1.910544115,-2.039679537,3.62580947,-2.082122392,0.025428671,-0.063618313,0.017126013,-0.008048685
7.76,-1.933917077,-1.974755489,3.627729089,-2.082441207,-1.912742793,-2.040698006,3.640894577,-2.090513401,0.021174284,-0.065942517,0.013165489,-0.008072194
7.8,-1.93105169,-1.972974685,3.658025941,-2.094143922,-1.915642209,-2.042108273,3.661004947,-2.10170298,0.015409481,-0.069133587,0.002979006,-0.007559058
7.82,-1.928823291,-1.971616233,3.670419429,-2.103205081,-1.917078559,-2.042834725,3.67105856,-2.107296999,0.011744732,-0.071218492,0.000639131,-0.004091918
7.86,-1.926525443,-1.970243225,3.685193615,-2.111207581,-1.919924443,-2.04432589,3.691163559,-2.118484766,0.006601,-0.074082664,0.005969945,-0.007277185
7.9,-1.923364449,-1.968375982,3.707483315,-2.122664846,-1.922736074,-2.045861844,3.711265226,-2.129674405,0.000628376,-0.077485862,0.003781911,-0.007009559
7.92,-1.920920367,-1.966944521,3.721025031,-2.13060145,-1.924130726,-2.046645605,3.721314998,-2.135269556,-0.003210359,-0.079701084,0.000289967,-0.004668106
7.96,-1.918398795,-1.965487207,3.735754624,-2.13903895,-1.926901957,-2.048243402,3.741412689,-2.14645948,-0.008503162,-0.082756194,0.005658065,-0.00742053
8.0,-2.020472858,-1.91597625,3.759296044,-2.150122211,-1.929652515,-2.049875686,3.761507641,-2.157649471,0.090820344,-0.133899437,0.002211597,-0.00752726
8.03,-2.020257832,-1.913077001,3.774463692,-2.1595046,-1.931703609,-2.051117971,3.776577248,-2.16604292,0.088554223,-0.13804097,0.002113557,-0.006538319
8.06,-2.019974078,-1.91016106,3.799506925,-2.1681246,-1.933748811,-2.052371591,3.791649193,-2.174438951,0.086225268,-0.142210531,-0.007857732,-0.006314351
8.1,-2.01949339,-1.906254499,3.821373384,-2.178915532,-1.936465779,-2.054064194,3.811755689,-2.185635522,0.083027611,-0.147809695,-0.009617695,-0.00671999
8.13,-2.019048821,-1.903304886,3.836379844,-2.187988022,-1.938481471,-2.05535309,3.826838208,-2.194034905,0.08056735,-0.152048205,-0.009541636,-0.006046883
8.16,-2.018539726,-1.900340232,3.851905099,-2.196325522,-1.940463577,-2.056662201,3.841924343,-2.20243524,0.07807615,-0.156321968,-0.009980756,-0.006109718
8.2,-2.017793623,-1.896345596,3.872735846,-2.208519705,-1.943011173,-2.058466451,3.862046053,-2.213633568,0.074782451,-0.162120854,-0.010689793,-0.005113863
8.23,-2.017163052,-1.89333616,3.887217356,-2.217128929,-1.944826983,-2.059884846,3.877139226,-2.222026052,0.072336069,-0.166548686,-0.01007813,-0.004897123
8.26,-2.016460744,-1.890313717,3.902601808,-2.225398929,-1.946561295,-2.061359824,3.892231021,-2.230411505,0.069899449,-0.171046107,-0.010370787,-0.005012576
8.3,-2.015420631,-1.886261931,3.923639849,-2.237105854,-1.948704924,-2.063436418,3.912352839,-2.241593364,0.066715707,-0.177174487,-0.01128701,-0.004487509
8.33,-2.014558933,-1.883199163,3.936590718,-2.245809811,-1.950175908,-2.065081023,3.92744194,-2.249989265,0.064383025,-0.181881859,-0.009148778,-0.004179454
8.36,-2.013631647,-1.88011994,3.951743909,-2.254054811,-1.951545569,-2.066793863,3.942530389,-2.258385031,0.062086078,-0.186673922,-0.00921352,-0.00433022
8.4,-2.012297089,-1.875984459,3.973556704,-2.266030271,-1.95318463,-2.06920866,3.962644805,-2.269567546,0.059112459,-0.193224201,-0.010911898,-0.003537275
8.43,-2.011226197,-1.872860803,3.981772119,-2.27400903,-1.954269976,-2.071116975,3.977728659,-2.277954757,0.056956221,-0.198256172,-0.00404346,-0.003945727
8.46,-2.010095955,-1.869721517,3.996548432,-2.28233403,-1.955249032,-2.073094327,3.992810631,-2.286349923,0.054846923,-0.20337281,-0.003737801,-0.004015893
8.5,-2.049034731,-2.016188888,4.018172471,-2.292651137,-1.956363539,-2.075859176,4.012916503,-2.297548882,0.092671192,-0.059670288,-0.005255968,-0.004897745
8.53,-2.048444094,-2.016855972,4.036971301,-2.301173287,-1.957062044,-2.078031169,4.027993748,-2.305939619,0.091382051,-0.061175197,-0.008977553,-0.004766333
8.56,-2.047781987,-2.017515473,4.051904554,-2.309540787,-1.957662584,-2.080272815,4.043070376,-2.314326493,0.090119403,-0.062757342,-0.008834178,-0.004785706
8.6,-2.046784791,-2.018373178,4.073579063,-2.321794421,-1.958286765,-2.083377866,4.063174467,-2.325511659,0.088498025,-0.065004688,-0.010404595,-0.003717238
8.63,-2.045967198,-2.019008549,4.0892174,-2.329600545,-1.958633342,-2.085777207,4.078250763,-2.333906893,0.087333856,-0.066768658,-0.010966638,-0.004306347
8.66,-2.045066317,-2.019643221,4.104146658,-2.337950545,-1.958904737,-2.088214687,4.093326636,-2.342304893,0.086161581,-0.068571466,-0.010820023,-0.004354348
8.7,-2.043741792,-2.02048179,4.124119107,-2.348649223,-1.959157685,-2.091506434,4.113427339,-2.353499334,0.084584106,-0.071024644,-0.010691769,-0.004850111
8.73,-2.04267234,-2.021086533,4.138784402,-2.35759194,-1.959287466,-2.093979574,4.128502183,-2.361894226,0.083384874,-0.07289304,-0.010282219,-0.004302285
8.76,-2.041545299,-2.021668275,4.153588234,-2.36601444,-1.959385097,-2.096439259,4.143576076,-2.370290181,0.082160202,-0.074770984,-0.010012158,-0.00427574
8.8,-2.03995101,-2.022433304,4.166855351,-2.377050494,-1.959475794,-2.099670492,4.163672269,-2.381484249,0.080475216,-0.077237188,-0.003183081,-0.004433755
8.83,-2.038708154,-2.022993035,4.17418351,-2.385800176,-1.959529073,-2.102042012,4.178743695,-2.389879762,0.079179081,-0.079048977,0.004560184,-0.004079586
8.86,-2.037399556,-2.023545973,4.188311448,-2.394132676,-1.959578153,-2.104366434,4.193814002,-2.398276675,0.077821403,-0.080820462,0.005502554,-0.004143999
8.9,-2.035560766,-2.024302101,4.212283348,-2.405470691,-1.959642523,-2.107362356,4.213907255,-2.409472349,0.075918243,-0.083060255,0.001623907,-0.004001657
8.93,-2.03411778,-2.024854294,4.232287707,-2.414173416,-1.959695409,-2.109520531,4.228975942,-2.417867125,0.074422371,-0.084666237,-0.003311765,-0.003693709
8.96,-2.032609225,-2.025376744,4.246684359,-2.422630916,-1.959755729,-2.111609481,4.244044517,-2.426261901,0.072853496,-0.086232737,-0.002639842,-0.003630984
9.0,-1.997324811,-1.961843862,4.263288377,-2.43398512,-1.959854702,-2.114260218,4.264134352,-2.437457957,0.037470109,-0.152416357,0.000845975,-0.003472837
9.03,-1.994618245,-1.960402504,4.276847401,-2.442370592,-1.95994334,-2.116139754,4.27920113,-2.445854576,0.034674905,-0.15573725,0.002353729,-0.003483984
9.06,-1.991841241,-1.958946889,4.290958677,-2.450850592,-1.960042181,-2.117936278,4.294267905,-2.454248313,0.03179906,-0.15898939,0.003309228,-0.00339772
9.1,-1.988025467,-1.956979571,4.307298852,-2.462430364,-1.960194428,-2.120178051,4.31435789,-2.465436583,0.027831039,-0.16319848,0.007059038,-0.003006219
9.13,-1.985088639,-1.955489848,4.315044574,-2.470718902,-1.960324648,-2.121748886,4.32942624,-2.473829421,0.02476399,-0.166259038,0.014381666,-0.003110519
9.16,-1.982102964,-1.954008532,4.328733425,-2.479068902,-1.960463781,-2.123243751,4.344494389,-2.482225433,0.021639183,-0.169235219,0.015760963,-0.003156532
9.2,-1.978034257,-1.952019601,4.348594619,-2.489453518,-1.960655113,-2.125105644,4.364586011,-2.4934198,0.017379144,-0.173086044,0.015991391,-0.003966282
9.23,-1.974910432,-1.950509218,4.368669263,-2.498289162,-1.960795507,-2.126412552,4.379654031,-2.50181275,0.014114925,-0.175903333,0.010984768,-0.003523588
9.26,-1.971713175,-1.948988365,4.382461345,-2.506676662,-1.960931474,-2.127661491,4.394722383,-2.510205939,0.0107817,-0.178673126,0.012261038,-0.003529277
9.3,-1.967334394,-1.94696321,4.404978193,-2.5184435,-1.961101095,-2.129231826,4.414812566,-2.52139884,0.006233299,-0.182268616,0.009834372,-0.002955341
9.33,-1.963978677,-1.945463629,4.416797607,-2.526342745,-1.96121414,-2.130344657,4.429880158,-2.529792879,0.002764537,-0.184881028,0.013082551,-0.003450134
9.36,-1.960557732,-1.943971741,4.430556512,-2.534767745,-1.961313862,-2.131413677,4.444947312,-2.538185827,-0.000756129,-0.187441936,0.0143908,-0.003418082
9.4,-1.955914045,-1.941967713,4.451833943,-2.545953746,-1.961422075,-2.132767314,4.465036378,-2.549376245,-0.00550803,-0.190799601,0.013202435,-0.003422499
9.43,-1.952355136,-1.940468011,4.472943213,-2.55445264,-1.961485745,-2.133736202,4.480103005,-2.557769968,-0.009130609,-0.193268191,0.007159793,-0.003317328
9.46,-1.948736568,-1.938985609,4.486900056,-2.56293014,-1.961535601,-2.134674496,4.495169215,-2.566163815,-0.012799033,-0.195688886,0.008269159,-0.003233676
9.5,-1.946618953,-1.982716874,4.501617289,-2.574091913,-1.961573115,-2.135873417,4.515257816,-2.577354739,-0.014954162,-0.153156543,0.013640527,-0.003262826
9.53,-1.942938073,-1.982364163,4.506492503,-2.583041965,-1.961579983,-2.136738716,4.530323678,-2.585747489,-0.01864191,-0.154374553,0.023831175,-0.002705524
9.56,-1.93918889,-1.982021136,4.519884258,-2.591284465,-1.961573614,-2.137583572,4.545390629,-2.594139883,-0.022384725,-0.155562436,0.025506371,-0.002855418
9.6,-1.934101738,-1.981596526,4.540966065,-2.60290018,-1.961543156,-2.138676316,4.565479038,-2.605330076,-0.027441419,-0.157079789,0.024512974,-0.002429896
9.63,-1.930228332,-1.981299976,4.552799052,-2.61056294,-1.961505384,-2.139467335,4.580538457,-2.613720903,-0.031277052,-0.158167359,0.027739405,-0.003157963
9.66,-1.926292816,-1.981016751,4.566066515,-2.61912294,-1.961460334,-2.14023332,4.595581685,-2.622110991,-0.035167518,-0.159216568,0.02951517,-0.002988051
9.7,-1.920945815,-1.98065508,4.588288695,-2.631024361,-1.961400096,-2.141201083,4.615560784,-2.633298904,-0.040454281,-0.160546004,0.02727209,-0.002274543
9.73,-1.916875258,-1.980406404,4.595665163,-2.638960198,-1.961365868,-2.141879852,4.630460199,-2.641691631,-0.044490611,-0.161473448,0.034795036,-0.002731433
9.76,-1.912749814,-1.980169154,4.608563042,-2.647320198,-1.96134347,-2.142519334,4.645283352,-2.650085225,-0.048593656,-0.16235018,0.03672031,-0.002765027
9.8,-1.907153642,-1.979857386,4.615394371,-2.658977056,-1.96133859,-2.143292107,4.664860598,-2.661274804,-0.054184948,-0.16343472,0.049466227,-0.002297748
9.83,-1.902879004,-1.979635538,4.631397099,-2.666778042,-1.961358969,-2.143808945,4.679386072,-2.669664994,-0.058479965,-0.164173407,0.047988973,-0.002886952
9.86,-1.898539108,-1.979428401,4.643603467,-2.675020542,-1.961401784,-2.144280515,4.693793408,-2.678056603,-0.062862676,-0.164852113,0.050189941,-0.003036061
9.9,-1.892646595,-1.979171692,4.650708331,-2.68629142,-1.961505331,-2.144827004,4.712765063,-2.689249784,-0.068858735,-0.165655312,0.062056732,-0.002958363
9.93,-1.888136487,-1.979011616,4.670678138,-2.694122727,-1.961618306,-2.14517477,4.726801723,-2.697644312,-0.073481819,-0.166163154,0.056123585,-0.003521585
9.96,-1.883562044,-1.978871578,4.682217713,-2.702552727,-1.961757672,-2.145477822,4.740690875,-2.706036857,-0.078195629,-0.166606245,0.058473162,-0.00348413
10.0,-1.957073827,-2.095397906,4.705140179,-2.713392684,-1.961998311,-2.145803914,4.75892263,-2.717226816,-0.004924484,-0.050406008,0.053782451,-0.003834132
10.03,-1.954412674,-2.098120653,4.712291411,-2.722049135,-1.962225574,-2.145993859,4.772366545,-2.72562273,-0.0078129,-0.047873207,0.060075133,-0.003573595
10.06,-1.951683583,-2.10085268,4.723166691,-2.730494135,-1.962487688,-2.146145486,4.785632693,-2.734021155,-0.010804105,-0.045292806,0.062466002,-0.003527019
10.1,-1.947937875,-2.104540472,4.746628062,-2.742573966,-1.962900264,-2.146275596,4.802960988,-2.745220752,-0.014962389,-0.041735124,0.056332926,-0.002646787
10.13,-1.945058529,-2.107362019,4.756029997,-2.751561516,-1.963260902,-2.14630902,4.815677141,-2.753619904,-0.018202373,-0.038947001,0.059647145,-0.002058387
10.16,-1.942122141,-2.110215522,4.766276766,-2.759959016,-1.963664844,-2.146284027,4.828187848,-2.762019602,-0.021542703,-0.036068504,0.061911082,-0.002060585
10.2,-1.938112027,-2.114058796,4.772580621,-2.771306545,-1.964295572,-2.146116521,4.844459105,-2.773221861,-0.026183546,-0.032057725,0.071878484,-0.001915316
10.23,-1.935038664,-2.116981905,4.791013098,-2.778803322,-1.964846493,-2.145866073,4.856337591,-2.781622095,-0.029807829,-0.028884169,0.065324494,-0.002818773
10.26,-1.931907074,-2.119937141,4.800324545,-2.787315822,-1.965458054,-2.145511531,4.867940362,-2.790018907,-0.033550981,-0.02557439,0.067615816,-0.002703085
10.3,-1.92764628,-2.12391984,4.819785326,-2.799656282,-1.966373915,-2.144825983,4.88268861,-2.801276857,-0.038727635,-0.020906143,0.062903283,-0.001620575
10.33,-1.924395945,-2.126943194,4.81824113,-2.807798402,-1.967086684,-2.144121773,4.893152649,-2.809727542,-0.042690739,-0.01717858,0.07491152,-0.00192914
10.36,-1.921108647,-2.130003466,4.825801797,-2.816080902,-1.967776442,-2.143258608,4.90318957,-2.818111282,-0.046667795,-0.013255143,0.077387773,-0.002030381
10.4,-1.91664246,-2.134132862,4.831714562,-2.826274417,-1.968621966,-2.141797431,4.915811344,-2.82920193,-0.051979506,-0.007664569,0.084096782,-0.002927513
10.43,-1.913233554,-2.137252478,4.828848183,-2.835252993,-1.969195242,-2.140460327,4.924750953,-2.837582129,-0.055961688,-0.003207849,0.09590277,-0.002329136
10.46,-1.909789215,-2.14039855,4.834422293,-2.843515493,-1.969702047,-2.138936603,4.933323207,-2.846010911,-0.059912832,0.001461947,0.098900914,-0.002495418
10.5,-1.857274872,-2.11224055,4.871684568,-2.854570201,-1.970178745,-2.136530913,4.94414036,-2.857175037,-0.112903872,-0.024290363,0.072455792,-0.002604836
10.53,-1.852342729,-2.114249146,4.886822621,-2.862916537,-1.970349333,-2.134428899,4.951809943,-2.865466123,-0.118006604,-0.020179753,0.064987322,-0.002549585
10.56,-1.847346871,-2.116312728,4.892240462,-2.871281537,-1.970384094,-2.132106231,4.959175694,-2.873790882,-0.123037223,-0.015793503,0.066935233,-0.002509344
10.6,-1.840622729,-2.119118263,4.911507636,-2.882384564,-1.970162019,-2.128593318,4.968407127,-2.885026516,-0.12953929,-0.009475056,0.056899491,-0.002641952
10.63,-1.835526313,-2.121256849,4.9186239,-2.891729642,-1.969737494,-2.125627353,4.974894909,-2.893429542,-0.134211181,-0.004370504,0.056271009,-0.0016999
10.66,-1.830382069,-2.123445072,4.923159847,-2.899647142,-1.969092928,-2.122411588,4.981067937,-2.901746796,-0.138710859,0.001033484,0.057908091,-0.002099654
10.7,-1.823454085,-2.126424566,4.927533611,-2.910073986,-1.967821457,-2.117664772,4.988779263,-2.912819861,-0.144367372,0.008759794,0.061245652,-0.002745875
10.73,-1.818212652,-2.128709025,4.938615743,-2.917687093,-1.966553851,-2.113761326,4.994193271,-2.921234685,-0.1483412,0.014947699,0.055577528,-0.003547592
10.76,-1.812925825,-2.131033646,4.942251192,-2.926059593,-1.965029431,-2.109602852,4.99935322,-2.929675049,-0.152103606,0.021430795,0.057102028,-0.003615456
10.8,-1.805820679,-2.134197954,4.95125506,-2.937572915,-1.962460788,-2.103578249,5.005807427,-2.940800225,-0.156640109,0.030619705,0.054552368,-0.00322731
10.83,-1.800441331,-2.136630361,4.966947653,-2.946256677,-1.960118098,-2.09869946,5.010335949,-2.949099933,-0.159676767,0.037930901,0.043388297,-0.002843255
10.86,-1.795020812,-2.139113192,4.970148696,-2.954494177,-1.957478114,-2.093561559,5.01464939,-2.957475604,-0.162457302,0.045551633,0.044500694,-0.002981426
10.9,-1.787742957,-2.142510772,4.975999997,-2.964880056,-1.953381458,-2.086234692,5.020011393,-2.968755707,-0.165638502,0.05627608,0.044011397,-0.003875651
10.93,-1.782254962,-2.145113027,4.984285312,-2.974356598,-1.949823411,-2.080377274,5.023747838,-2.97713807,-0.167568449,0.064735754,0.039462526,-0.002781472
10.96,-1.776727853,-2.147762141,4.986771413,-2.982429098,-1.945896591,-2.074257503,5.027269458,-2.985447726,-0.169168738,0.073504638,0.040498045,-0.003018628
11.0,-1.910105088,-2.153539579,4.989130397,-2.993835568,-1.939997824,-2.065625314,5.031618657,-2.996594673,-0.029892736,0.087914265,0.04248826,-0.002759105
11.03,-1.908113219,-2.15625929,4.997245065,-3.00230536,-1.935069297,-2.05880256,5.034621262,-3.005060411,-0.026956078,0.097456729,0.037376198,-0.002755051
11.06,-1.90610218,-2.15905534,4.999116664,-3.01049786,-1.929743799,-2.051726234,5.037448198,-3.013500943,-0.023641619,0.107329105,0.038331534,-0.003003084
11.1,-1.903384344,-2.162894875,5.007945049,-3.022307129,-1.921874795,-2.041833007,5.040897191,-3.024608137,-0.018490451,0.121061867,0.032952143,-0.002301008
11.13,-1.901306864,-2.165844124,5.029172616,-3.031294846,-1.91540202,-2.034087856,5.043254329,-3.032945957,-0.014095157,0.131756269,0.014081714,-0.001651111
11.16,-1.899201471,-2.168860652,5.03115197,-3.039577346,-1.908518865,-2.026122096,5.045445272,-3.041362712,-0.009317394,0.142738556,0.014293303,-0.001785365
11.2,-1.896378967,-2.172980121,5.03029454,-3.050917978,-1.898548497,-2.015122512,5.048076993,-3.052617288,-0.002169529,0.157857609,0.017782453,-0.00169931
11.23,-1.894243655,-2.176159796,5.034636613,-3.060269013,-1.890437457,-2.006610551,5.049820512,-3.060977019,0.003806198,0.169549246,0.015183899,-0.000708006
11.26,-1.89207648,-2.179408865,5.035925423,-3.068466513,-1.881865584,-1.997922403,5.051394647,-3.069311601,0.010210895,0.181486462,0.015469224,-0.000845088
11.3,-1.889140284,-2.183857513,5.03185463,-3.07905245,-1.869612057,-1.986038754,5.053235677,-3.080513185,0.019528227,0.197818759,0.021381047,-0.001460736
11.33,-1.886933637,-2.187285285,5.024167055,-3.086846692,-1.85979033,-1.976916659,5.054432711,-3.08895799,0.027143307,0.210368626,0.030265656,-0.002111298
11.36,-1.884725633,-2.190786627,5.024461346,-3.095241692,-1.849484332,-1.967649368,5.055507246,-3.097364819,0.035241301,0.223137259,0.0310459,-0.002123127
11.4,-1.881760131,-2.195574515,5.0310054,-3.106087036,-1.834846861,-1.955040549,5.056715675,-3.108499577,0.046913269,0.240533967,0.025710274,-0.00241254
11.43,-1.879524929,-2.199257839,5.023702839,-3.11400634,-1.823219876,-1.945405952,5.057484365,-3.116892858,0.056305054,0.253851887,0.033781526,-0.002886518
11.46,-1.877294903,-2.203011322,5.023456804,-3.12252384,-1.811125742,-1.935648458,5.058151498,-3.125337505,0.06616916,0.267362864,0.034694694,-0.002813665
11.5,-1.985921264,-2.044214642,5.035334892,-3.133944205,-1.794107525,-1.922423682,5.05885676,-3.136576979,0.191813739,0.121790961,0.023521868,-0.002632774
11.53,-1.986260519,-2.043856094,5.039692505,3.140031563,-1.780658629,-1.91235342,5.059241938,3.138243474,0.20560189,0.131502674,0.019549433,-0.001788089
11.56,-1.986595276,-2.043585284,5.039508263,3.131956563,-1.766727091,-1.902178738,5.059535009,3.12986457,0.219868185,0.141406546,0.020026746,-0.002091993
11.6,-1.987075113,-2.043358072,5.048448624,3.120314413,-1.747293537,-1.888440555,5.059749228,3.118598322,0.239781576,0.154917517,0.011300605,-0.001716091
11.63,-1.987458509,-2.043266567,5.055744282,3.112708115,-1.732050813,-1.878046806,5.059780393,3.110151889,0.255407696,0.16521976,0.004036111,-0.002556226
11.66,-1.987867107,-2.043252385,5.055675795,3.104735615,-1.716301283,-1.867625907,5.059721971,3.101747169,0.271565825,0.175626478,0.004046176,-0.002988445
11.7,-1.988444091,-2.043352671,5.057102148,3.093814748,-1.694394446,-1.85375536,5.059489365,3.090550006,0.294049645,0.189597311,0.002387216,-0.003264743
11.73,-1.988904384,-2.043508726,5.058028015,3.084854501,-1.677326701,-1.843412876,5.059206978,3.082130543,0.311577683,0.20009585,0.001178963,-0.002723958
11.76,-1.989403021,-2.043751563,5.05767274,3.076242001,-1.659798936,-1.83312625,5.058844028,3.07371078,0.329604085,0.210625313,0.001171288,-0.002531222
11.8,-1.990110159,-2.044190118,5.050244653,3.065796762,-1.635546409,-1.819515151,5.05824717,3.062492807,0.35456375,0.224674967,0.008002517,-0.003303955
11.83,-1.990668152,-2.044606066,5.055603394,3.057422052,-1.616697795,-1.809375302,5.057705494,3.054093096,0.373970358,0.235230764,0.002102101,-0.003328956
11.86,-1.99125698,-2.045109488,5.054899121,3.049287052,-1.597397494,-1.799275524,5.057112283,3.045692577,0.393859485,0.245833964,0.002213162,-0.003594475
11.9,-1.992101111,-2.04593613,5.057428376,3.038517702,-1.570862546,-1.785869564,5.056231385,3.034458672,0.421238565,0.260066565,-0.00119699,-0.00405903
11.93,-1.992773595,-2.046668619,5.051814774,3.030495168,-1.550337574,-1.775857223,5.055515495,3.026040629,0.442436021,0.270811396,0.003700721,-0.004454539
11.96,-1.993491495,-2.047491647,5.050809712,3.022097668,-1.529351364,-1.765875379,5.054745472,3.017654319,0.464140131,0.281616268,0.00393576,-0.004443349
12.0,-1.841868129,-1.848320095,5.03369287,3.011100449,-1.50057014,-1.752618391,5.053627186,3.006484843,0.341297989,0.095701704,0.019934316,-0.004615606
12.03,-1.83838506,-1.844579418,5.040423247,3.004090598,-1.478424418,-1.742712373,5.052729566,2.998069536,0.359960643,0.101867045,0.012306319,-0.006021062
12.06,-1.834959834,-1.840925675,5.038973068,2.995795598,-1.455866266,-1.732836049,5.051799668,2.989650453,0.379093569,0.108089626,0.012826601,-0.006145145
12.1,-1.830476974,-1.836174928,5.036559229,2.985869497,-1.425005243,-1.719736559,5.050517987,2.978477739,0.405471731,0.116438369,0.013958758,-0.007391759
12.13,-1.827161165,-1.832718702,5.035064066,2.977463479,-1.401294802,-1.709983068,5.049516828,2.970113965,0.425866364,0.122735634,0.014452762,-0.007349514
12.16,-1.823891411,-1.829339572,5.033422402,2.969078479,-1.377205888,-1.700299084,5.048495205,2.961731996,0.446685523,0.129040488,0.015072803,-0.007346483
12.2,-1.819625798,-1.824954343,5.044152002,2.958051984,-1.344412608,-1.687558613,5.047091253,2.950533839,0.47521319,0.137395731,0.002939251,-0.007518145
12.23,-1.816506331,-1.821763662,5.037466731,2.949872913,-1.319297962,-1.6781665,5.046017834,2.942131934,0.497208368,0.143597163,0.008551104,-0.007740979
12.26,-1.813452925,-1.818648843,5.035858302,2.941190413,-1.293813859,-1.668903924,5.044916678,2.93372212,0.519639066,0.149744919,0.009058376,-0.007468292
12.3,-1.809472792,-1.814631125,5.03792086,2.929916836,-1.259215857,-1.656789772,5.043403867,2.922507988,0.550256935,0.157841353,0.005483007,-0.007408849
12.33,-1.806569666,-1.811710229,5.03934138,2.921367234,-1.232831551,-1.647877217,5.042235609,2.914104493,0.573738115,0.163833012,0.002894229,-0.007262741
12.36,-1.80373686,-1.808873049,5.037791813,2.912982234,-1.206120451,-1.639092505,5.041057532,2.905701216,0.597616408,0.169780544,0.00326572,-0.007281018
12.4,-1.800057143,-1.805209216,5.038451101,2.901802315,-1.169901258,-1.627614927,5.039454251,2.89450045,0.630155885,0.177594289,0.00100315,-0.007301864
12.43,-1.797373533,-1.802563034,5.034410866,2.892413955,-1.142322459,-1.619174189,5.038234195,2.886104882,0.655051074,0.183388845,0.003823329,-0.006309073
12.46,-1.794761671,-1.800011915,5.032711009,2.883938955,-1.114470116,-1.610848828,5.037003906,2.87770853,0.680291554,0.189163088,0.004292898,-0.006230425
12.5,-1.454205174,-1.773658321,5.030530433,2.872950809,-1.076829337,-1.599962908,5.035358139,2.866511923,0.377375837,0.173695413,0.004827706,-0.006438886
12.53,-1.443341345,-1.771299508,5.025453855,2.864385472,-1.048208001,-1.591965164,5.034125987,2.858121619,0.395133343,0.179334344,0.008672132,-0.006263852
12.56,-1.432545388,-1.76902905,5.023521554,2.856170472,-1.019320186,-1.584085371,5.03289158,2.849741916,0.413225202,0.184943679,0.009370026,-0.006428556
12.6,-1.418265474,-1.766138227,5.028701786,2.845001755,-0.980374352,-1.573777775,5.03125638,2.838568289,0.437891122,0.192360452,0.002554594,-0.006433465
12.63,-1.407663872,-1.76407502,5.01745998,2.83662275,-0.950860184,-1.566182424,5.030042042,2.830182613,0.456803688,0.197892596,0.012582062,-0.006440136
12.66,-1.397149803,-1.762105669,5.015361677,2.82849025,-0.921113454,-1.558677989,5.028845721,2.821808554,0.476036349,0.203427681,0.013484044,-0.006681695
12.7,-1.383282848,-1.759610137,5.009914474,2.817109571,-0.881033682,-1.548813277,5.027250996,2.810679195,0.502249165,0.21079686,0.017336522,-0.006430376
12.73,-1.372990652,-1.75782685,5.007201532,2.809194895,-0.850699946,-1.541494557,5.026072402,2.802326494,0.522290706,0.216332293,0.018870869,-0.006868402
12.76,-1.362791287,-1.756129813,5.004922941,2.800699895,-0.82018508,-1.534225505,5.024908257,2.793948665,0.542606207,0.221904308,0.019985316,-0.006751231
12.8,-1.34932197,-1.754010444,5.003060323,2.789249144,-0.779157229,-1.52463342,5.023403512,2.78277942,0.570164742,0.229377024,0.020343189,-0.006469725
12.83,-1.339322649,-1.752516641,4.996409085,2.78016228,-0.748133517,-1.517522236,5.022304261,2.774431017,0.591189131,0.234994406,0.025895176,-0.005731262
12.86,-1.329418391,-1.751106508,4.994011494,2.77202728,-0.716951975,-1.510468227,5.021231949,2.766082613,0.612466416,0.24063828,0.027220454,-0.005944667
12.9,-1.316354283,-1.749362674,4.981490714,2.760643427,-0.675137316,-1.501159908,5.019850768,2.754914116,0.641216967,0.248202765,0.038360053,-0.005729311
12.93,-1.306679506,-1.74814997,4.97344042,2.751670363,-0.64360199,-1.494257678,5.018861998,2.746531517,0.663077516,0.253892292,0.045421578,-0.005138846
12.96,-1.297103896,-1.74702122,4.970567233,2.743302863,-0.611935037,-1.487419291,5.017912861,2.738165593,0.685168859,0.259601928,0.047345627,-0.00513727
13.0,-1.09941216,-1.560431981,4.983305566,2.731512538,-0.56950336,-1.478412176,5.016723334,2.727027439,0.5299088,0.082019805,0.033417768,-0.004485099
13.03,-1.086193481,-1.555113398,4.974388793,2.723930272,-0.537566776,-1.4717262,5.015908439,2.7186555,0.548626705,0.083387198,0.041519645,-0.005274772
13.06,-1.073084579,-1.549858833,4.971875646,2.715685272,-0.505558368,-1.465089178,5.01514265,2.710275387,0.567526211,0.084769654,0.043267004,-0.005409885
13.1,-1.055796477,-1.542996295,4.975716252,2.704755782,-0.462734945,-1.45634538,5.014191072,2.699117913,0.593061532,0.086650915,0.03847482,-0.005637869
13.13,-1.042958838,-1.537968465,4.975756895,2.696133288,-0.430519671,-1.449879977,5.013514163,2.690761503,0.612439167,0.088088488,0.037757268,-0.005371785
13.16,-1.030226269,-1.533031832,4.973545744,2.687940788,-0.398262895,-1.443486097,5.012875207,2.682400713,0.631963374,0.089545735,0.039329463,-0.005540076
13.2,-1.013423837,-1.526566726,4.973934641,2.676891712,-0.355222161,-1.435107754,5.012084896,2.671240707,0.658201676,0.091458972,0.038150256,-0.005651005
13.23,-1.000970432,-1.521819129,4.982279443,2.669354809,-0.32292257,-1.428957571,5.01154725,2.66286566,0.678047862,0.092861558,0.029267807,-0.006489148
13.26,-0.988615893,-1.517153881,4.980465123,2.661029809,-0.290610478,-1.422914352,5.011044456,2.654479733,0.698005415,0.094239529,0.030579333,-0.006550076
13.3,-0.972307969,-1.511071289,4.977276592,2.649513471,-0.247541502,-1.415043235,5.010444142,2.64328845,0.724766467,0.096028054,0.033167551,-0.00622502
13.33,-0.960216667,-1.506617925,4.988674813,2.641345937,-0.215283139,-1.409264448,5.010041996,2.634905789,0.744933528,0.097353477,0.021367183,-0.006440148
13.36,-0.948243553,-1.502251916,4.98725349,2.633008437,-0.183057699,-1.403574823,5.009672819,2.626526977,0.765185855,0.098677093,0.022419329,-0.00648146
13.4,-0.93244299,-1.496546436,5.002278959,2.622478613,-0.140136682,-1.396157607,5.009254252,2.615343695,0.792306309,0.100388829,0.006975293,-0.007134918
13.43,-0.920700599,-1.492375231,4.99071146,2.61357009,-0.107995233,-1.390710195,5.008977677,2.606952142,0.812705366,0.101665036,0.018266217,-0.006617949
13.46,-0.909065182,-1.488298537,4.989476282,2.60535009,-0.075911547,-1.385332096,5.008726409,2.598567107,0.833153635,0.102966441,0.019250127,-0.006782983
13.5,-0.569591507,-1.351031367,4.994911006,2.593952741,-0.033251993,-1.378276875,5.008414409,2.587395969,0.536339514,-0.027245508,0.013503403,-0.006556772
13.53,-0.55084601,-1.344368869,4.997079258,2.586056122,-0.001333528,-1.373076471,5.008214355,2.579012764,0.549512482,-0.028707602,0.011135096,-0.007043358
13.56,-0.532219421,-1.337785413,4.99608638,2.577816122,0.03052894,-1.367939462,5.008034598,2.570624592,0.562748361,-0.030154049,0.011948218,-0.007191529
13.6,-0.507572387,-1.329148304,4.994142218,2.567033426,0.072874901,-1.361181156,5.007843542,2.55944379,0.580447288,-0.032032852,0.013701324,-0.007589635
13.63,-0.489215308,-1.322770455,4.986577204,2.558757594,0.104512077,-1.356168116,5.007728059,2.551063382,0.593727385,-0.03339766,0.021150856,-0.007694212
13.66,-0.470979229,-1.316470142,4.985317062,2.550405094,0.136066442,-1.351201502,5.007640083,2.54268013,0.607045671,-0.03473136,0.022323022,-0.007724965
13.7,-0.446852998,-1.30822127,4.985180515,2.539176984,0.177994711,-1.344674029,5.007571839,2.531490147,0.624847709,-0.036452759,0.022391325,-0.007686837
13.73,-0.428891486,-1.302135633,4.974326959,2.530124198,0.209309575,-1.339834533,5.007568381,2.523096674,0.638201061,-0.0376989,0.033241423,-0.007027524
13.76,-0.411050649,-1.296124876,4.972771453,2.522139198,0.240511699,-1.335021926,5.007602774,2.514708911,0.651562348,-0.03889705,0.034831321,-0.007430288
13.8,-0.387457032,-1.288230679,4.951283464,2.510879538,0.281915334,-1.328652739,5.007712781,2.503528993,0.669372367,-0.04042206,0.056429317,-0.007350545
13.83,-0.369929476,-1.282417011,4.962570986,2.503534306,0.312836291,-1.323916845,5.007851969,2.495140338,0.682765768,-0.041499833,0.045280983,-0.008393968
13.86,-0.3525277,-1.276685077,4.960852454,2.495269306,0.343656457,-1.319201917,5.008034295,2.486752704,0.696184157,-0.04251684,0.047181841,-0.008516602
13.9,-0.329535818,-1.269180071,4.966849177,2.483501562,0.384534578,-1.312921469,5.008389828,2.475572856,0.714070396,-0.043741398,0.041540651,-0.007928706
13.93,-0.312441281,-1.263639295,4.963806132,2.475358604,0.415029316,-1.308205963,5.008726465,2.467186945,0.727470596,-0.044566668,0.044920333,-0.008171659
13.96,-0.295465538,-1.258175071,4.962371239,2.466936104,0.445418512,-1.303492655,5.009110958,2.458800607,0.74088405,-0.045317585,0.04673972,-0.008135497
14.0,0.085513305,-1.363121306,4.973169898,2.455318616,0.48574901,-1.297208313,5.009671779,2.447623706,0.400235704,0.065912993,0.036501881,-0.00769491
14.03,0.110138923,-1.36129568,4.975400453,2.445882461,0.515833758,-1.292470526,5.010132704,2.439239542,0.405694835,0.068825154,0.034732251,-0.006642919
14.06,0.134653183,-1.359562068,4.974438681,2.437389961,0.545791461,-1.28770347,5.010618183,2.430845257,0.411138278,0.071858597,0.036179502,-0.006544704
14.1,0.167144687,-1.357396091,4.980868318,2.42573635,0.585521944,-1.281297021,5.011316572,2.419652598,0.418377257,0.07609907,0.030448255,-0.006083753
14.13,0.191368673,-1.355889551,4.978686984,2.416393335,0.615174027,-1.276440297,5.011860973,2.411276495,0.423805354,0.079449254,0.033173989,-0.00511684
14.16,0.215469665,-1.35447585,4.977858351,2.408383335,0.644714489,-1.271515088,5.012423056,2.402901959,0.429244825,0.082960761,0.034564705,-0.005481376
14.2,0.247411915,-1.3527224,4.965905686,2.396307864,0.683894409,-1.26476891,5.013192746,2.391690941,0.436482494,0.08795349,0.04728706,-0.004616923
14.23,0.271225155,-1.3515113,4.972006522,2.387223069,0.713151256,-1.259567552,5.013787775,2.383275564,0.441926101,0.091943749,0.041781253,-0.003947505
14.26,0.29492965,-1.350383018,4.970980414,2.378993069,0.742332646,-1.254269291,5.014396367,2.374900783,0.447402996,0.096113727,0.043415953,-0.004092286
14.3,0.326374425,-1.349013781,4.982075295,2.367885039,0.781087214,-1.247008843,5.015244564,2.363774362,0.45471279,0.102004938,0.033169269,-0.004110677
14.33,0.349839675,-1.348081956,4.984040175,2.357873629,0.810008625,-1.241391243,5.015912482,2.355383887,0.46016895,0.106690712,0.031872306,-0.002489742
14.36,0.373188344,-1.347227079,4.983411217,2.349488629,0.838823867,-1.235650279,5.01659105,2.34696692,0.465635523,0.1115768,0.033179833,-0.00252171
14.4,0.404129572,-1.346213651,4.996639802,2.338572034,0.87707466,-1.227798685,5.017511411,2.335785014,0.472945088,0.118414966,0.020871609,-0.00278702
14.43,0.42718855,-1.345570116,5.000812329,2.331040541,0.905634569,-1.221762593,5.018192226,2.327434663,0.47844602,0.123807522,0.017379897,-0.003605879
14.46,0.450128665,-1.345025059,5.000655074,2.322420541,0.934083707,-1.215600429,5.018872762,2.319065623,0.483955042,0.12942463,0.018217688,-0.003354918
14.5,0.548758981,-1.255896933,5.000182241,2.310697752,0.9718016,-1.207138467,5.019752297,2.307845847,0.42304262,0.048758466,0.019570057,-0.002851905
14.53,0.571746323,-1.253254513,5.013010672,2.302672007,0.99994938,-1.200625908,5.020396736,2.299444783,0.428203058,0.052628605,0.007386064,-0.003227224
14.56,0.59461206,-1.250712809,5.013076364,2.294412007,1.028003876,-1.194000211,5.021021591,2.291079226,0.433391816,0.056712599,0.007945227,-0.003332781
14.6,0.624931259,-1.247465778,5.022909629,2.282216567,1.065217131,-1.184931161,5.021838874,2.279925064,0.440285871,0.062534617,-0.001070755,-0.002291503
14.63,0.647541809,-1.245127779,5.020304528,2.272756643,1.092965939,-1.17793536,5.022425311,2.27151237,0.44542413,0.067192419,0.002120783,-0.001244273
14.66,0.670023003,-1.24287459,5.020426707,2.264254143,1.120605197,-1.170810117,5.022988881,2.263092104,0.450582194,0.072064473,0.002562173,-0.001162039
14.7,0.699813343,-1.239998348,5.02634585,2.252580546,1.157277036,-1.161103266,5.023690747,2.251919186,0.457463693,0.078895082,-0.002655104,-0.00066136
14.73,0.722030144,-1.237957625,5.011632075,2.243342844,1.184634666,-1.153658707,5.024178103,2.243554178,0.462604522,0.084298919,0.012546029,0.000211334
14.76,0.744120524,-1.236014969,5.011205376,2.234672844,1.211871256,-1.14607655,5.02464331,2.235161069,0.467750732,0.089938419,0.013437934,0.000488224
14.8,0.773356906,-1.233553113,5.013238354,2.222558228,1.247971171,-1.135719295,5.025209913,2.223933076,0.474614265,0.097833818,0.011971559,0.001374847
14.83,0.795144475,-1.231811328,5.011283961,2.214238932,1.274907932,-1.127790157,5.025620248,2.215543751,0.479763457,0.104021171,0.014336287,0.001304819
14.86,0.816813743,-1.230175081,5.010719844,2.205896432,1.301747291,-1.119743667,5.02601711,2.207181528,0.484933548,0.110431414,0.015297267,0.001285096
14.9,0.845516861,-1.228139511,4.998114377,2.193988738,1.33733267,-1.108762144,5.026535092,2.196006237,0.491815808,0.119377366,0.028420715,0.0020175
14.93,0.866905024,-1.22671559,5.002776065,2.186156352,1.363868833,-1.100325183,5.02690401,2.187584261,0.496963809,0.126390406,0.024127945,0.001427909
14.96,0.888172174,-1.225393372,5.001858714,2.177873852,1.390308775,-1.091757764,5.027273721,2.179171822,0.502136602,0.133635609,0.025415007,0.00129797
15.0,1.006297153,-1.090622707,4.996252994,2.166161787,1.425403132,-1.080111386,5.0277705,2.168017945,0.419105979,0.010511321,0.031517507,0.001856159
15.03,1.02876059,-1.086323444,5.001625384,2.158167329,1.451592805,-1.071184501,5.028153167,2.1596481,0.422832215,0.015138944,0.026527784,0.00148077
15.06,1.051101526,-1.082114412,5.00063592,2.149967329,1.47767985,-1.062102349,5.028535816,2.151239602,0.426578323,0.020012062,0.027899897,0.001272273
15.1,1.080683341,-1.076628652,4.996542714,2.139321997,1.512294589,-1.049730733,5.029054423,2.140006558,0.431611248,0.026897919,0.032511709,0.00068456
15.13,1.10272567,-1.072631708,4.998718395,2.131300235,1.538151257,-1.040285778,5.029447825,2.131629209,0.435425587,0.03234593,0.03072943,0.000328975
15.16,1.124647222,-1.068745084,4.997626919,2.123067735,1.563929424,-1.030716468,5.029838492,2.12327111,0.439282201,0.038028616,0.032211573,0.000203376
15.2,1.153695737,-1.063733216,4.987678715,2.111073727,1.598135094,-1.017698172,5.030372543,2.112075576,0.444439357,0.046035044,0.042693828,0.001001849
15.23,1.175339648,-1.06008733,4.983448745,2.102484285,1.623669213,-1.007750004,5.030775191,2.103649198,0.448329565,0.052337326,0.047326446,0.001164913
15.26,1.196854568,-1.056518997,4.981893268,2.094281785,1.649130034,-0.99769336,5.031191262,2.095247438,0.452275466,0.058825638,0.049297994,0.000965652
15.3,1.225351452,-1.051929797,4.982116217,2.082487032,1.682948989,-0.984097933,5.031764001,2.084097925,0.457597537,0.067831864,0.049647784,0.001610894
15.33,1.246576877,-1.048603084,4.986667116,2.074382554,1.708202027,-0.973735725,5.032226784,2.07571286,0.46162515,0.074867359,0.045559668,0.001330306
15.36,1.267687242,-1.045376796,4.985323509,2.066195054,1.73337246,-0.96324816,5.032705194,2.067294595,0.465685218,0.082128636,0.047381685,0.001099541
15.4,1.295642718,-1.041227728,4.991251013,2.054542756,1.766808029,-0.949076569,5.033390969,2.056080765,0.471165311,0.092151159,0.042139956,0.00153801
15.43,1.316478356,-1.038241878,4.997108055,2.045545868,1.791807278,-0.938330218,5.033925306,2.04771551,0.475328922,0.09991166,0.036817251,0.002169643
15.46,1.337202535,-1.03536977,4.996190187,2.037240868,1.816745735,-0.927484426,5.034475286,2.039351535,0.4795432,0.107885344,0.0382851,0.002110668
15.5,1.52929069,-1.001130389,4.994622791,2.026322781,1.849877812,-0.912814691,5.035218806,2.028137487,0.320587122,0.088315698,0.040596015,0.001814706
15.53,1.553295024,-0.998061824,4.99052473,2.018654747,1.874653975,-0.90167782,5.035776321,2.019716264,0.321358951,0.096384004,0.045251591,0.001061517
15.56,1.577186533,-0.995098438,4.989375564,2.010279747,1.899391962,-0.890465944,5.036334664,2.01132936,0.322205429,0.104632494,0.0469591,0.001049613
15.6,1.608863544,-0.991323006,4.983688285,1.999137856,1.932302146,-0.875372749,5.037077197,2.000178434,0.323438602,0.115950256,0.053388913,0.001040578
15.63,1.632501024,-0.988596759,4.985652702,1.991379234,1.956901186,-0.863926022,5.037640719,1.991782179,0.324400162,0.124670736,0.051988017,0.000402945
15.66,1.65600734,-0.985961104,4.984361834,1.983099234,1.981421518,-0.852402724,5.038206799,1.983379826,0.325414178,0.133558379,0.053844965,0.000280592
15.7,1.687152093,-0.982590058,4.977725897,1.972579703,2.013941184,-0.836970684,5.039000834,1.972199429,0.32678909,0.145619375,0.061274937,-0.000380274
15.73,1.71036575,-0.980191936,4.976561135,1.964021757,2.038154277,-0.825378948,5.039620744,1.963800041,0.327788526,0.154812989,0.063059608,-0.000221716
15.76,1.733468018,-0.977902002,4.975091337,1.955604257,2.06219771,-0.813769488,5.040274771,1.955404537,0.328729692,0.164132514,0.065183434,-0.00019972
15.8,1.764097764,-0.975011635,4.977829334,1.944740273,2.09388407,-0.798272681,5.041207106,1.944294956,0.329786307,0.176738954,0.063377772,-0.000445318
15.83,1.786931963,-0.972949883,4.9756968,1.935984495,2.117337955,-0.786691408,5.041972135,1.935953035,0.330405991,0.186258475,0.066275335,-3.1459e-05
15.86,1.809654769,-0.970991491,4.974361653,1.927719495,2.140545209,-0.775167892,5.042778723,1.927531014,0.330890439,0.195823599,0.068417069,-0.00018848
15.9,1.83978675,-0.968562074,4.983909373,1.916814449,2.170979472,-0.759898908,5.043941858,1.916278726,0.331192722,0.208663166,0.060032485,-0.000535723
15.93,1.862261936,-0.966876046,4.992924173,1.909903697,2.19337867,-0.748510392,5.044875488,1.907974422,0.331116734,0.218365655,0.051951315,-0.001929275
15.96,1.884623716,-0.965282371,4.99231298,1.901606197,2.21545158,-0.737191389,5.045853864,1.899710078,0.330827865,0.228090982,0.053540884,-0.001896119
16.0,1.956522066,-0.809781346,5.006564825,1.890161045,2.244263195,-0.722282749,5.04722931,1.888499892,0.287741129,0.087498596,0.040664485,-0.001661153
16.03,1.979067017,-0.804728986,5.014706531,1.881935727,2.265376026,-0.711240006,5.04829594,1.880008358,0.286309009,0.093488979,0.033589409,-0.001927368
16.06,2.001483296,-0.799776803,5.014801223,1.873695727,2.286103785,-0.700281745,5.049386513,1.871639701,0.284620488,0.099495058,0.03458529,-0.002056026
16.1,2.031192235,-0.793322663,5.030109849,1.861976893,2.31300863,-0.685846253,5.050845756,1.860739113,0.281816395,0.10747641,0.020735907,-0.00123778
16.13,2.053345048,-0.788577405,5.041431685,1.854445098,2.33261787,-0.675210943,5.051942985,1.852430179,0.279272822,0.113366462,0.010511301,-0.002014919
16.16,2.075401102,-0.783928968,5.042249893,1.846122598,2.351789391,-0.664736363,5.05302436,1.843943467,0.276388289,0.119192604,0.010774467,-0.002179131
16.2,2.104639725,-0.777915825,5.04822805,1.834486779,2.376493363,-0.651040035,5.054432686,1.832709719,0.271853638,0.12687579,0.006204637,-0.001777059
16.23,2.126434408,-0.773521557,5.042179445,1.825132591,2.394370877,-0.640955188,5.055432142,1.824558211,0.267936468,0.132566369,0.013252698,-0.000574381
16.26,2.148112868,-0.769214292,5.042755083,1.817032591,2.41180288,-0.631024872,5.0563905,1.816394024,0.263690012,0.13818942,0.013635417,-0.000638567
16.3,2.176839659,-0.763639404,5.045515181,1.806435306,2.434306252,-0.618093231,5.05757598,1.805163062,0.257466593,0.145546172,0.012060799,-0.001272244
16.33,2.198256448,-0.759595943,5.041933571,1.798169155,2.45068328,-0.608595333,5.058403499,1.796706457,0.252426832,0.15100061,0.016469928,-0.001462698
16.36,2.219565783,-0.755654266,5.042186742,1.789691655,2.466722055,-0.59921693,5.059188086,1.788393813,0.247156272,0.156437336,0.017001344,-0.001297842
16.4,2.247812067,-0.750539304,5.046324626,1.77904017,2.487530337,-0.586949657,5.060146221,1.777409467,0.23971827,0.163589647,0.013821595,-0.001630703
16.43,2.268884488,-0.746797919,5.043754387,1.770969859,2.502731114,-0.577968312,5.060810296,1.769009237,0.233846626,0.168829607,0.017055909,-0.001960622
16.46,2.2898554,-0.7431556,5.04374545,1.762682359,2.517642645,-0.569146112,5.06142918,1.760521773,0.227787245,0.174009487,0.017683731,-0.002160586
16.5,2.309135994,-0.526382495,5.056881564,1.751595592,2.536988521,-0.557632693,5.062187847,1.749353029,0.227852528,-0.031250198,0.005306283,-0.002242563
16.53,2.329314611,-0.517972694,5.062261905,1.74304678,2.5510948,-0.549187117,5.062695815,1.741110735,0.22178019,-0.031214423,0.000433911,-0.001936046
16.56,2.349401606,-0.509632485,5.062532328,1.73462678,2.564909988,-0.540910418,5.063168605,1.732814008,0.215508382,-0.031277933,0.000636276,-0.001812772
16.6,2.376054395,-0.498642927,5.064327893,1.722495944,2.582793867,-0.530213335,5.063693795,1.721574818,0.206739473,-0.031570408,-0.000634099,-0.000921126
16.63,2.395939503,-0.490502695,5.066923687,1.713907286,2.595789302,-0.522430731,5.064011392,1.713208273,0.1998498,-0.031928036,-0.002912295,-0.000699014
16.66,2.415734967,-0.482433672,5.066990811,1.705682286,2.608470865,-0.514821718,5.064262821,1.704968254,0.192735898,-0.032388046,-0.002727991,-0.000714032
16.7,2.442005195,-0.471768861,5.066050371,1.694850553,2.624790382,-0.505047276,5.064489289,1.693985425,0.182785187,-0.033278414,-0.001561083,-0.000865128
16.73,2.461618733,-0.463847073,5.066155246,1.685706259,2.63657541,-0.498033612,5.064571857,1.685577625,0.174956677,-0.034186539,-0.001583389,-0.000128633
16.76,2.48114016,-0.455998692,5.065882582,1.677378759,2.648018389,-0.491246564,5.064595908,1.677142786,0.166878228,-0.035247872,-0.001286674,-0.000235973
16.8,2.507025543,-0.445655847,5.063632774,1.666675018,2.662629679,-0.482594249,5.064526016,1.666125335,0.155604136,-0.036938403,0.000893242,-0.000549682
16.83,2.526348916,-0.437979809,5.05838222,1.65843958,2.673093506,-0.476430388,5.064397749,1.657929845,0.14674459,-0.038450579,0.006015529,-0.000509735
16.86,2.545602249,-0.430371264,5.057655881,1.65005208,2.683191674,-0.470534239,5.064247663,1.649569298,0.137589425,-0.040162975,0.006591781,-0.000482782
16.9,2.571182781,-0.420336337,5.050233432,1.638787605,2.69594919,-0.463151314,5.064095794,1.637934594,0.124766409,-0.042814977,0.013862362,-0.00085301
16.93,2.590315622,-0.412896914,5.044949872,1.629759729,2.704902083,-0.457891989,5.064059183,1.629316062,0.114586461,-0.044995075,0.019109311,-0.000443667
16.96,2.609407749,-0.405528623,5.043978113,1.621539729,2.71332744,-0.452798198,5.064063452,1.621048675,0.10391969,-0.047269576,0.020085339,-0.000491053
17.0,2.559804363,-0.405425961,5.038165632,1.610542647,2.723430927,-0.446342968,5.064146786,1.610004379,0.163626564,-0.040917007,0.025981153,-0.000538268
17.03,2.576768831,-0.399145817,5.032115079,1.602690727,2.730035534,-0.441766503,5.064237206,1.601033177,0.153266703,-0.042620686,0.032122127,-0.00165755
17.06,2.593689969,-0.392960943,5.030914386,1.594453227,2.735867242,-0.437336327,5.064342815,1.591937613,0.142177274,-0.044375384,0.033428429,-0.002515615
17.1,2.616169764,-0.384814693,5.032717341,1.583663426,2.742153791,-0.43159277,5.064481822,1.580751638,0.125984027,-0.046778077,0.031764481,-0.002911788
17.13,2.63293257,-0.378777965,5.029866316,1.575009849,2.745730616,-0.427394573,5.064570722,1.572654017,0.112798045,-0.048616608,0.034704405,-0.002355833
17.16,2.649630014,-0.372814636,5.028762307,1.566752349,2.748485831,-0.423290206,5.064651407,1.564060911,0.098855817,-0.05047557,0.0358891,-0.002691438
17.2,2.671804764,-0.364991288,5.01336155,1.554427557,2.750690763,-0.417931873,5.064709922,1.552003842,0.078885999,-0.052940585,0.051348372,-0.002423716
17.23,2.688385403,-0.359210784,5.013400133,1.545398134,2.751276472,-0.413906066,5.064727707,1.543546234,0.062891069,-0.054695282,0.051327574,-0.0018519
17.26,2.704920234,-0.353475472,5.011857175,1.537058134,2.75110729,-0.409851495,5.064715997,1.535518744,0.046187057,-0.056376023,0.052858822,-0.001539391
17.3,2.7268853,-0.345914303,5.007302282,1.526072235,2.749526637,-0.404425851,5.06469771,1.524363609,0.022641337,-0.058511549,0.057395428,-0.001708626
17.33,2.743284772,-0.340320864,5.016017297,1.518588622,2.747357111,-0.400325736,5.064668521,1.515433739,0.004072339,-0.060004872,0.048651224,-0.003154883
17.36,2.759638891,-0.33480226,5.014742253,1.510231122,2.744494235,-0.396147084,5.064642299,1.506694956,-0.015144656,-0.061344824,0.049900046,-0.003536166
17.4,2.781375076,-0.327545807,5.027914037,1.498917797,2.739456024,-0.390362247,5.064572783,1.495894665,-0.041919052,-0.06281644,0.036658745,-0.003023132
17.43,2.797613574,-0.322168886,5.028513796,1.490249183,2.734800176,-0.385881133,5.06449812,1.487704762,-0.062813398,-0.063712246,0.035984324,-0.002544422
17.46,2.813802478,-0.31685779,5.02764994,1.482056683,2.729533617,-0.381307277,5.064392602,1.47906212,-0.08426886,-0.064449488,0.036742662,-0.002994563
17.5,2.792135623,-0.279770227,5.023085711,1.471231153,2.72144919,-0.374963584,5.064193049,1.467397185,-0.070686433,-0.095193358,0.041107339,-0.003833968
17.53,2.807307757,-0.274167644,5.018691844,1.463363429,2.71464027,-0.369948561,5.063996889,1.459192414,-0.092667487,-0.095780916,0.045305045,-0.004171016
17.56,2.822457863,-0.268616248,5.017409428,1.455080929,2.707316683,-0.364747543,5.063770113,1.451143099,-0.11514118,-0.096131295,0.046360685,-0.00393783
17.6,2.842613885,-0.26129005,5.023190086,1.444514104,2.696651265,-0.357513738,5.063455302,1.439845972,-0.14596262,-0.096223688,0.040265216,-0.004668132
17.63,2.857693282,-0.255881009,5.039970883,1.437113898,2.688025605,-0.351831743,5.063214111,1.431132309,-0.169667676,-0.095950735,0.023243228,-0.005981589
17.66,2.872748283,-0.250547372,5.039412466,1.429026398,2.678979992,-0.345910792,5.062982764,1.422694187,-0.193768291,-0.09536342,0.023570299,-0.006332211
17.7,2.892788894,-0.24350358,5.050434967,1.417211468,2.666208318,-0.337557037,5.062646907,1.411907655,-0.226580577,-0.094053457,0.01221194,-0.005303814
17.73,2.907806606,-0.238281827,5.053092762,1.408041132,2.656131542,-0.330988704,5.06237686,1.403574088,-0.251675064,-0.092706877,0.009284097,-0.004467044
17.76,2.922814932,-0.233142388,5.052872999,1.399651132,2.645715991,-0.324203446,5.062071888,1.394968757,-0.277098941,-0.091061058,0.009198889,-0.004682375
17.8,2.94280902,-0.226442491,5.042209842,1.389319169,2.631256343,-0.314674049,5.061640023,1.383629008,-0.311552676,-0.088231558,0.019430181,-0.005690161
17.83,2.957795539,-0.221491337,5.033270518,1.380843707,2.620019535,-0.30712165,5.061279411,1.375466448,-0.337776004,-0.085630314,0.028008892,-0.00537726
17.86,2.97277277,-0.216586275,5.032295973,1.372586207,2.608509598,-0.29929584,5.060910669,1.367278693,-0.364263172,-0.082709565,0.028614696,-0.005307515
17.9,2.992724702,-0.210152171,5.026092908,1.361838548,2.592682932,-0.288395553,5.060427311,1.355916018,-0.400041771,-0.078243382,0.034334404,-0.005922531
17.93,3.007669058,-0.205434828,5.01433123,1.353205305,2.580485479,-0.279822837,5.060095793,1.347366349,-0.427183579,-0.07438801,0.045764563,-0.005838956
17.96,3.022586607,-0.200793242,5.012845022,1.344755305,2.568073201,-0.270920618,5.059785959,1.339052089,-0.454513407,-0.070127376,0.046940936,-0.005703216
18.0,2.758640537,-0.316188077,5.035856485,1.332403096,2.551151306,-0.258468112,5.059392795,1.328140244,-0.207489231,0.057719965,0.02353631,-0.004262852
18.03,2.766572465,-0.314936887,5.039982719,1.3232307,2.538190228,-0.248737522,5.059130326,1.319695453,-0.228382238,0.066199365,0.019147607,-0.003535247
18.06,2.774511413,-0.313781795,5.039334643,1.3149832,2.525048893,-0.238711539,5.058875877,1.311132453,-0.24946252,0.075070256,0.019541234,-0.003850747
18.1,2.785080979,-0.31238122,5.037849382,1.30384518,2.507253038,-0.224721338,5.058516653,1.299942823,-0.277827941,0.087659882,0.020667271,-0.003902357
18.13,2.792994558,-0.311410729,5.041038496,1.295237761,2.493767365,-0.213747731,5.058190393,1.291738723,-0.299227193,0.097662998,0.017151896,-0.003499038
18.16,2.800896006,-0.310502817,5.040258192,1.286545261,2.480229362,-0.202458186,5.057846187,1.283483084,-0.320666644,0.108044631,0.017587995,-0.003062177
18.2,2.811415102,-0.309402297,5.04127605,1.275318456,2.462183427,-0.186864614,5.057383582,1.272332513,-0.349231676,0.122537683,0.016107532,-0.002985944
18.23,2.819296178,-0.308693936,5.041475738,1.26636232,2.44872562,-0.174735067,5.057052042,1.263991225,-0.370570558,0.133958869,0.015576304,-0.002371095
18.26,2.827177848,-0.30807428,5.040719253,1.25799732,2.435344464,-0.162272468,5.056719572,1.255680534,-0.391833384,0.145801812,0.016000318,-0.002316786
18.3,2.83769857,-0.307337415,5.040338842,1.245823568,2.417625578,-0.145075537,5.056286641,1.244582227,-0.420072993,0.162261878,0.015947799,-0.001241341
18.33,2.845603552,-0.306874463,5.041329091,1.236565911,2.40439982,-0.131765215,5.055964481,1.236172611,-0.441203732,0.175109249,0.01463539,-0.0003933
18.36,2.853509382,-0.306505704,5.040573823,1.228460911,2.391212432,-0.118131942,5.055643803,1.227731709,-0.462296951,0.188373762,0.015069981,-0.000729202
18.4,2.864057421,-0.30614049,5.050571764,1.217354511,2.373697957,-0.099302754,5.055214426,1.216586443,-0.490359464,0.206837736,0.004642662,-0.000768067
18.43,2.871980001,-0.305940734,5.038542432,1.209229882,2.360598989,-0.084699164,5.054877497,1.208281242,-0.511381013,0.22124157,0.016335064,-0.00094864
18.46,2.879915408,-0.305810439,5.037660535,1.201132382,2.347513165,-0.069770856,5.054535055,1.199904312,-0.532402243,0.236039583,0.016874521,-0.00122807
18.5,2.655351029,-0.10932866,5.031815531,1.190701644,2.330089666,-0.049265311,5.05403754,1.188608719,-0.325261364,0.06006335,0.02222201,-0.002092925
18.53,2.658130543,-0.104210485,5.028554806,1.182952669,2.317057565,-0.033391106,5.053652511,1.180214847,-0.341072978,0.07081938,0.025097705,-0.002737822
18.56,2.660895264,-0.099175084,5.027319973,1.174450169,2.304054836,-0.017152072,5.05325057,1.171896984,-0.356840428,0.082023011,0.025930597,-0.002553186
18.6,2.664566124,-0.092576154,5.023326698,1.162713192,2.286759529,0.005119094,5.052715776,1.160731481,-0.377806595,0.097695247,0.029389078,-0.001981711
18.63,2.667302397,-0.087726107,5.021696073,1.153979646,2.273833237,0.022269009,5.052307972,1.152251353,-0.39346916,0.109995116,0.030611899,-0.001728292
18.66,2.67001846,-0.082973991,5.020291204,1.145564646,2.260971017,0.039765454,5.051910887,1.143798285,-0.409047443,0.122739445,0.031619683,-0.001766361
18.7,2.673627008,-0.076769844,5.020932873,1.133929673,2.243989109,0.063741833,5.051377918,1.132662817,-0.429637898,0.140511677,0.030445045,-0.001266856
18.73,2.676316183,-0.07219479,5.011739026,1.124558248,2.231383707,0.082163005,5.05099113,1.124296425,-0.444932476,0.154357795,0.039252104,-0.000261823
18.76,2.67898531,-0.067715689,5.01007185,1.116163248,2.218867923,0.100874952,5.050611179,1.115860173,-0.460117387,0.168590641,0.040539329,-0.000303075
18.8,2.682516128,-0.061918994,5.011904518,1.105077171,2.202359786,0.126387949,5.050118434,1.104580714,-0.480156342,0.188306943,0.038213916,-0.000496457
18.83,2.685154691,-0.057697886,5.015934081,1.097002892,2.190128025,0.145984063,5.04976076,1.096215386,-0.495026667,0.203681949,0.033826679,-0.000787506
18.86,2.687817977,-0.053556494,5.014500977,1.088775392,2.177995365,0.165902782,5.049407182,1.087891363,-0.509822612,0.219459276,0.034906206,-0.000884029
18.9,2.691360516,-0.04817879,5.01869425,1.076964379,2.161966175,0.192993095,5.04895052,1.076685583,-0.529394341,0.241171885,0.03025627,-0.000278796
18.93,2.693996316,-0.044282794,5.027887011,1.069062892,2.150055112,0.213710094,5.048602066,1.068213567,-0.543941204,0.257992888,0.020715055,-0.000849324
18.96,2.696625057,-0.040493531,5.026872534,1.060947892,2.138240776,0.234744858,5.048256701,1.059798743,-0.558384281,0.275238389,0.021384167,-0.001149149
19.0,2.406822341,0.125070135,5.029011674,1.050129278,2.122669326,0.263369434,5.047766758,1.048711203,-0.284153015,0.138299299,0.018755084,-0.001418075
19.03,2.403063607,0.132405294,5.027285101,1.041126739,2.111102836,0.285219738,5.04739,1.040342142,-0.291960771,0.152814444,0.020104899,-0.000784597
19.06,2.39930279,0.139623856,5.026199751,1.032736739,2.099611255,0.307329708,5.046991525,1.031898057,-0.299691535,0.167705853,0.020791774,-0.000838682
19.1,2.394267117,0.149068668,5.025432278,1.021084658,2.084463045,0.337325379,5.04645075,1.0206563,-0.309804072,0.188256712,0.021018472,-0.000428359
19.13,2.390462766,0.156038987,5.020183166,1.01333986,2.07327331,0.360224332,5.046028996,1.012322361,-0.317189456,0.204185345,0.025845831,-0.001017499
19.16,2.386642921,0.162918534,5.018831516,1.00543236,2.062220881,0.383383299,5.045601869,1.00399639,-0.32442204,0.220464766,0.026770353,-0.001435971
19.2,2.381537948,0.171935475,5.023211878,0.993796999,2.047752844,0.414661849,5.045034196,0.992823728,-0.333785104,0.242726374,0.021822318,-0.000973271
19.23,2.377687691,0.178556254,5.032135398,0.986285696,2.037136213,0.438411375,5.04462036,0.984431415,-0.340551478,0.259855121,0.012484962,-0.001854281
19.26,2.373816045,0.185056038,5.031181331,0.978015696,2.026710412,0.462387192,5.044220949,0.976054899,-0.347105633,0.277331154,0.013039617,-0.001960797
19.3,2.36864234,0.193547298,5.036933083,0.966954182,2.013146207,0.494751745,5.043684922,0.964905638,-0.355496133,0.301204447,0.00675184,-0.002048544
19.33,2.364768933,0.199791276,5.023687847,0.95833164,2.003188941,0.519282602,5.043283308,0.956519036,-0.361579991,0.319491327,0.01959546,-0.001812605
19.36,2.360885173,0.205908867,5.022454293,0.95002414,1.993378293,0.543996311,5.042868491,0.948105315,-0.36750688,0.338087444,0.020414198,-0.001918826
19.4,2.355687893,0.213892705,5.023786675,0.938980243,1.980584707,0.577324,5.042317261,0.936909906,-0.375103186,0.363431295,0.018530586,-0.002070337
19.43,2.351784071,0.219732669,5.026743358,0.930320397,1.971204069,0.602607388,5.041898976,0.928560794,-0.380580001,0.382874719,0.015155618,-0.001759603
19.46,2.347865362,0.225467887,5.025614018,0.921720397,1.96195943,0.628074004,5.041495658,0.920203577,-0.385905932,0.402606117,0.01588164,-0.00151682
19.5,2.020392416,0.352687448,5.022726299,0.91033212,1.94985857,0.662331497,5.040962953,0.908990222,-0.070533845,0.309644049,0.018236655,-0.001341898
19.53,2.009520995,0.3607221,5.017673386,0.902457451,1.940967555,0.688268574,5.040573207,0.90058249,-0.068553441,0.327546474,0.02289982,-0.001874961
19.56,1.998618169,0.368644954,5.01627041,0.894162451,1.932221384,0.714393976,5.040185141,0.892206729,-0.066396785,0.345749022,0.023914731,-0.001955722
19.6,1.984033717,0.379041937,5.018886553,0.88276395,1.920810001,0.749535698,5.039683298,0.881043913,-0.063223716,0.370493761,0.020796745,-0.001720037
19.63,1.97305219,0.386702627,5.023949353,0.873460184,1.912442234,0.776079865,5.039319601,0.872636764,-0.060609956,0.389377238,0.015370249,-0.00082342
19.66,1.96202257,0.39424647,5.022809219,0.865015184,1.904246639,0.802753534,5.038972659,0.864225404,-0.057775931,0.408507063,0.016163439,-0.000789779
19.7,1.94727856,0.404125134,5.02390614,0.853286009,1.89370547,0.838549297,5.038538127,0.853001931,-0.053573089,0.434424163,0.014631987,-0.000284078
19.73,1.936188662,0.411408621,5.025443297,0.845036205,1.886094991,0.865526176,5.038226459,0.844567006,-0.050093671,0.454117555,0.012783162,-0.000469198
19.76,1.925076404,0.418579672,5.024393708,0.836656205,1.878679606,0.892564956,5.037934136,0.836146213,-0.046396798,0.473985284,0.013540428,-0.000509992
19.8,1.910189498,0.427942773,5.020299538,0.824115169,1.86914371,0.928734474,5.037574629,0.824942419,-0.041045788,0.500791701,0.017275091,0.000827251
19.83,1.89898938,0.43480738,5.023759426,0.816652314,1.862270551,0.955987491,5.037337291,0.816536309,-0.036718829,0.521180111,0.013577865,-0.000116006
19.86,1.887780075,0.441552116,5.022717871,0.808582314,1.855590467,0.983335803,5.037106951,0.808137729,-0.032189609,0.541783687,0.01438908,-0.000444585
19.9,1.872809315,0.450353694,5.03241042,0.797126417,1.846979966,1.019934322,5.036844515,0.796949695,-0.025829348,0.569580628,0.004434095,-0.000176722
19.93,1.861523429,0.456818117,5.021520309,0.78832528,1.840720138,1.047471771,5.036666771,0.788547015,-0.020803291,0.590653654,0.015146461,0.000221734
19.96,1.850178508,0.463165063,5.02046224,0.77993778,1.834617803,1.07509273,5.03651093,0.780145208,-0.015560705,0.611927667,0.01604869,0.000207428
20.0,1.911663862,0.859992235,5.016120571,0.769289658,1.826781419,1.112090352,5.036299124,0.768972698,-0.084882443,0.252098117,0.020178553,-0.00031696
20.03,1.903630941,0.875408118,5.017189989,0.760648315,1.821095511,1.139935394,5.036152946,0.760595012,-0.08253543,0.264527276,0.018962958,-5.3303e-05
20.06,1.895564839,0.890714263,5.016017526,0.752235815,1.815526641,1.167830687,5.036020465,0.752195545,-0.080038198,0.277116424,0.020002939,-4.027e-05
20.1,1.884746022,0.910934682,5.023231388,0.740947889,1.808328725,1.205134238,5.035882942,0.740988367,-0.076417298,0.294199556,0.012651554,4.0479e-05
20.13,1.876591153,0.925961938,5.020680081,0.732154218,1.803108167,1.233216831,5.035798784,0.732621744,-0.073482986,0.307254893,0.015118703,0.000467525
20.16,1.868428034,0.940878097,5.019633243,0.723584218,1.797989839,1.261367207,5.035724048,0.72427256,-0.070438195,0.32048911,0.016090804,0.000688342
20.2,1.857499746,0.960571225,5.018097835,0.712930834,1.791284561,1.298996244,5.035639919,0.713079387,-0.066215185,0.338425019,0.017542085,0.000148553
20.23,1.84926591,0.975186108,5.013161457,0.704079487,1.786337884,1.32730236,5.035581854,0.704649786,-0.062928026,0.352116253,0.022420397,0.000570299
20.26,1.841001729,0.989682817,5.011900298,0.695496987,1.781469216,1.355690417,5.035536667,0.696263936,-0.059532513,0.3660076,0.023636369,0.000766949
20.3,1.82993914,1.008844665,5.016039156,0.683390982,1.775109973,1.393679179,5.035480817,0.685162448,-0.054829167,0.384834514,0.019441661,0.001771466
20.33,1.821600549,1.023101538,5.010955097,0.675448222,1.770397109,1.42223165,5.035468174,0.676789751,-0.05120344,0.399130113,0.024513077,0.001341529
20.36,1.813206719,1.037254369,5.009692684,0.667140722,1.765717358,1.450816191,5.035466236,0.668369185,-0.047489362,0.413561822,0.025773552,0.001228463
20.4,1.801937509,1.055957234,5.021888389,0.655960535,1.759580952,1.489012137,5.035498971,0.657171363,-0.042356557,0.433054903,0.013610583,0.001210829
20.43,1.793440218,1.069863926,5.014323064,0.647302334,1.755068832,1.517724081,5.03553135,0.648832342,-0.038371386,0.447860155,0.021208286,0.001530008
20.46,1.784885484,1.08367216,5.013196612,0.639179834,1.750596822,1.546459603,5.035580932,0.640485013,-0.034288662,0.462787443,0.02238432,0.001305179
20.5,1.813511015,1.387280478,5.02193678,0.628301556,1.74467038,1.584781972,5.035648638,0.629274655,-0.068840635,0.197501494,0.013711858,0.000973099
20.53,1.806478059,1.406940399,5.02903864,0.619367565,1.740274972,1.613541564,5.035713788,0.620865215,-0.066203087,0.206601165,0.006675148,0.00149765
20.56,1.799421877,1.426502157,5.028347876,0.611092565,1.735934706,1.64232496,5.03578658,0.612501546,-0.063487171,0.215822803,0.007438704,0.001408981
20.6,1.7899843,1.452423732,5.034111785,0.599828656,1.730215245,1.680718226,5.035884321,0.601387989,-0.059769055,0.228294494,0.001772536,0.001559333
20.63,1.782849304,1.471726009,5.031025508,0.591465516,1.725924697,1.709489963,5.035959211,0.593001982,-0.056924608,0.237763953,0.004933703,0.001536466
20.66,1.775664586,1.490918197,5.030317475,0.583205516,1.721629547,1.738245903,5.036024731,0.584585945,-0.054035039,0.247327707,0.005707256,0.001380429
20.7,1.76601029,1.516336995,5.023373046,0.572384383,1.715932361,1.776592255,5.036122243,0.573416204,-0.050077929,0.26025526,0.012749196,0.001031821
20.73,1.758747863,1.535291662,5.035053564,0.563532159,1.711675577,1.805356104,5.036187743,0.565089772,-0.047072286,0.270064442,0.001134179,0.001557612
20.76,1.751456871,1.554138277,5.034445462,0.555179659,1.707397574,1.834102318,5.036266853,0.556738753,-0.044059297,0.279964041,0.001821391,0.001559094
20.8,1.741661506,1.579111351,5.038135744,0.543889362,1.701630634,1.8723806,5.036386703,0.545519986,-0.040030871,0.293269249,-0.001749042,0.001630625
20.83,1.734254274,1.597714414,5.036676713,0.535800257,1.697290731,1.901068405,5.036496591,0.537124869,-0.036963543,0.303353991,-0.000180123,0.001324612
20.86,1.7268013,1.616206675,5.036099348,0.527592757,1.69295324,1.929746121,5.036601092,0.528776267,-0.03384806,0.313539446,0.000501744,0.00118351
20.9,1.716837434,1.64072484,5.024466962,0.517255174,1.687127234,1.967931945,5.036742707,0.51764657,-0.0297102,0.327207104,0.012275745,0.000391396
20.93,1.709325173,1.658997361,5.016394646,0.509046717,1.682688521,1.996508171,5.036846387,0.509240213,-0.026636653,0.33751081,0.02045174,0.000193496
20.96,1.701761944,1.677160842,5.015137054,0.500609217,1.678212679,2.025044524,5.03695759,0.500823423,-0.023549264,0.347883682,0.021820536,0.000214206
21.0,1.664817868,1.703404704,5.011289748,0.489069165,1.672217989,2.063040448,5.037140637,0.48966792,0.00740012,0.359635744,0.025850889,0.000598756
21.03,1.656766372,1.720179984,5.014464563,0.480523402,1.667680219,2.091484427,5.037310231,0.481321967,0.010913847,0.371304443,0.022845668,0.000798565
21.06,1.648679919,1.736863032,5.013240336,0.472215902,1.663079576,2.119871726,5.037513427,0.472939984,0.014399658,0.383008694,0.024273091,0.000724082
21.1,1.637828218,1.758961051,5.015661252,0.461338472,1.656833784,2.157618004,5.037819451,0.461713527,0.019005567,0.398656953,0.022158199,0.000375055
21.13,1.62964812,1.775417419,5.015360411,0.453630186,1.652107109,2.185869759,5.038082859,0.453329718,0.022458989,0.41045234,0.022722447,-0.000300467
21.16,1.621445623,1.791784858,5.014254933,0.445347686,1.647351808,2.21407917,5.038351938,0.444978502,0.025906184,0.422294312,0.024097005,-0.000369184
21.2,1.610463915,1.813470051,5.026840002,0.434396616,1.640899727,2.25158351,5.03874146,0.433816598,0.030435813,0.438113459,0.011901458,-0.000580019
21.23,1.602188173,1.829637323,5.025954929,0.426024308,1.635956693,2.279620238,5.039038933,0.425400099,0.033768519,0.449982915,0.013084004,-0.000624209
21.26,1.593873879,1.845709545,5.02519877,0.417869308,1.630962574,2.307601881,5.039351081,0.416990995,0.037088695,0.461892336,0.014152311,-0.000878314
21.3,1.582735789,1.866992299,5.022938947,0.406632706,1.624239268,2.344823455,5.039755087,0.40584127,0.041503479,0.477831156,0.01681614,-0.000791435
21.33,1.574337056,1.882840724,5.0340048,0.398169936,1.619111604,2.372659036,5.040054093,0.39747762,0.044774548,0.489818312,0.006049293,-0.000692316
21.36,1.56591124,1.898588734,5.03341148,0.389974936,1.613895513,2.400425636,5.040347851,0.389076429,0.047984273,0.501836902,0.006936372,-0.000898506
21.4,1.554592286,1.919421947,5.033985584,0.378504544,1.606806922,2.43733545,5.040745638,0.377852417,0.052214636,0.517913503,0.006760054,-0.000652128
21.43,1.546057183,1.934943585,5.045317844,0.369072298,1.601428984,2.464951319,5.041042938,0.369479156,0.055371801,0.530007734,-0.004274905,0.000406859
21.46,1.537493111,1.950387185,5.045008948,0.360464798,1.595995084,2.492515552,5.041328525,0.361125403,0.058501973,0.542128366,-0.003680423,0.000660605
21.5,1.432634009,2.222078632,5.034934363,0.348789101,1.588587814,2.529152872,5.04170545,0.349937519,0.155953805,0.307074241,0.006771086,0.001148418
21.53,1.421847083,2.2430924,5.033880972,0.341263801,1.582912691,2.556547806,5.041962511,0.34151316,0.161065608,0.313455406,0.008081539,0.000249359
21.56,1.41100344,2.264030718,5.033099183,0.332798801,1.577181093,2.583895218,5.042211193,0.333112396,0.166177653,0.3198645,0.00911201,0.000313595
21.6,1.396489662,2.291808903,5.032552078,0.322406974,1.569443271,2.620276995,5.042512866,0.321971136,0.172953609,0.328468092,0.009960789,-0.000435838
21.63,1.385568125,2.312534322,5.02191328,0.314789517,1.563522665,2.647489231,5.042739287,0.313590625,0.177954539,0.334954908,0.020826007,-0.001198892
21.66,1.374613459,2.333164747,5.020682433,0.306477017,1.557504119,2.674645002,5.042952903,0.305170718,0.18289066,0.341480256,0.02227047,-0.001306299
21.7,1.359954135,2.360521608,5.016264035,0.295316846,1.549351669,2.710769135,5.043237982,0.293952691,0.189397534,0.350247527,0.026973947,-0.001364156
21.73,1.348936655,2.380946573,5.011366158,0.287798308,1.54317022,2.737811193,5.043449421,0.28559266,0.194233565,0.35686462,0.032083262,-0.002205648
21.76,1.337909363,2.401301867,5.009844775,0.279393308,1.536916804,2.76481095,5.043673184,0.277234749,0.199007441,0.363509082,0.033828408,-0.002158559
21.8,1.32317775,2.428311807,5.015439077,0.267944112,1.528402679,2.800723814,5.043986525,0.266018563,0.20522493,0.372412006,0.028547448,-0.001925549
21.83,1.312083029,2.448468781,5.022603036,0.259748787,1.521911971,2.827604429,5.04423868,0.257593116,0.209828942,0.379135647,0.021635645,-0.002155671
21.86,1.300948521,2.468527626,5.021496329,0.251136287,1.515375517,2.854456251,5.044504478,0.24920857,0.214426995,0.385928625,0.023008149,-0.001927717
21.9,1.286097163,2.49517103,5.021899426,0.240042376,1.506558882,2.890205018,5.044859421,0.238073967,0.220461719,0.395033987,0.022959996,-0.001968409
21.93,1.2749414,2.515075056,5.018903279,0.232498139,1.499825312,2.91696842,5.045124293,0.229673423,0.224883912,0.401893364,0.026221014,-0.002824716
21.96,1.263752002,2.534893727,5.017620516,0.223985639,1.493007362,2.943699976,5.045372852,0.221238044,0.229255361,0.408806249,0.027752337,-0.002747595
22.0,1.518459772,2.642978106,5.030237641,0.212575392,1.483825734,2.979302868,5.045705222,0.210037328,-0.034634038,0.336324762,0.015467581,-0.002538064
22.03,1.514399797,2.663808088,5.028911992,0.203957617,1.476882688,3.005981654,5.045943455,0.201689518,-0.037517109,0.342173566,0.017031463,-0.002268099
22.06,1.510329535,2.684575899,5.02795194,0.195430117,1.469868754,3.03263942,5.046183759,0.193320836,-0.040460781,0.348063521,0.018231819,-0.002109281
22.1,1.504858845,2.71216376,5.028070326,0.184606264,1.460363314,3.068141925,5.046458201,0.182091926,-0.04449553,0.355978165,0.018387875,-0.002514338
22.13,1.500711998,2.732776253,5.037071767,0.176038178,1.453150501,3.094740967,5.046637502,0.173686476,-0.047561498,0.361964715,0.009565734,-0.002351702
22.16,1.49653642,2.753335048,5.036271465,0.167800678,1.445890509,3.121316949,5.046790621,0.165320383,-0.05064591,0.367981902,0.010519155,-0.002480295
22.2,1.490967046,2.780625992,5.03913478,0.156542484,1.436082091,3.156689976,5.046966316,0.15416487,-0.054884955,0.376063983,0.007831536,-0.002377614
22.23,1.486778978,2.801013772,5.034361227,0.148271932,1.428598802,3.183160555,5.047062866,0.145757855,-0.058180176,0.382146783,0.01270164,-0.002514077
22.26,1.482563893,2.821325435,5.033350149,0.139964432,1.421038429,3.209587965,5.047133729,0.137346535,-0.061525464,0.38826253,0.01378358,-0.002617897
22.3,1.476913624,2.848272909,5.030417212,0.12810149,1.410857844,3.244750768,5.047183634,0.126176968,-0.06605578,0.396477859,0.016766421,-0.001924522
22.33,1.472664677,2.868402474,5.042553223,0.119540345,1.40312842,3.271066181,5.047191234,0.117812669,-0.069536257,0.402663708,0.004638011,-0.001727676
22.36,1.468410773,2.888448582,5.041741967,0.111000345,1.395301854,3.297338,5.047185832,0.109423629,-0.073108919,0.408889418,0.005443865,-0.001576716
22.4,1.462706803,2.915069842,5.041073818,0.100563344,1.384694951,3.332290415,5.047142422,0.098203912,-0.078011852,0.417220574,0.006068604,-0.002359432
22.43,1.458411958,2.934966667,5.033450636,0.092286407,1.376650262,3.358452973,5.047085632,0.089815408,-0.081761697,0.423486306,0.013634996,-0.002471
22.46,1.454097694,2.954797397,5.032246421,0.084273907,1.36854212,3.384578605,5.046995405,0.081449573,-0.085555574,0.429781207,0.014748984,-0.002824334
22.5,1.324924466,3.145365161,5.040130272,0.072068487,1.357561934,3.419341269,5.046836391,0.070274261,0.032637468,0.273976108,0.00670612,-0.001794227
22.53,1.317016603,3.168578503,5.045611896,0.063450289,1.349184575,3.445359042,5.04668082,0.061861188,0.032167971,0.276780539,0.001068924,-0.001589101
22.56,1.309089809,3.191724712,5.044680615,0.055165289,1.340727496,3.471339473,5.046511977,0.053458728,0.031637687,0.279614761,0.001831363,-0.001706561
22.6,1.298510885,3.222474298,5.056444118,0.04452851,1.329333777,3.505910763,5.046231403,0.042293713,0.030822892,0.283436465,-0.010212715,-0.002234797
22.63,1.290580001,3.245461257,5.052323196,0.035510579,1.320674792,3.531775299,5.045980692,0.03391433,0.030094791,0.286314043,-0.006342504,-0.001596248
22.66,1.282638446,3.268365301,5.051411008,0.027155579,1.311917037,3.557580007,5.045690732,0.025523318,0.029278591,0.289214706,-0.005720276,-0.001632261
22.7,1.272010358,3.298793761,5.045538075,0.015663201,1.300093899,3.59184539,5.045226279,0.014342865,0.028083541,0.293051629,-0.000311796,-0.001320336
22.73,1.264025376,3.32154364,5.037690847,0.007070145,1.291156637,3.617405121,5.044829367,0.005951382,0.02713126,0.295861481,0.007138521,-0.001118763
22.76,1.25605,3.344223824,5.036175734,-0.001362355,1.28216309,3.64283867,5.044404269,-0.002457044,0.02611309,0.298614846,0.008228536,-0.001094689
22.8,1.245419241,3.374356277,5.041660331,-0.012480707,1.270029213,3.676471315,5.043816424,-0.013624414,0.024609972,0.302115038,0.002156093,-0.001143707
22.83,1.237433861,3.396862635,5.051597657,-0.020731868,1.260833965,3.701445225,5.043367049,-0.021950006,0.023400104,0.30458259,-0.008230608,-0.001218138
22.86,1.229446037,3.419333741,5.050527601,-0.029001868,1.251599822,3.726210191,5.042928487,-0.030308182,0.022153785,0.306876449,-0.007599114,-0.001306314
22.9,1.218803729,3.449193109,5.035356988,-0.039632121,1.239226879,3.758801942,5.042345958,-0.041561451,0.02042315,0.309608833,0.00698897,-0.00192933
22.93,1.210830578,3.471522658,5.032143601,-0.04838441,1.229870441,3.782887508,5.041917404,-0.049941993,0.019039863,0.311364849,0.009773803,-0.001557583
22.96,1.202847895,3.493804141,5.030473539,-0.05649191,1.220453773,3.806688953,5.041483441,-0.058221186,0.017605879,0.312884812,0.011009903,-0.001729276
23.0,1.229684205,3.663222584,5.038277853,-0.067650662,1.207838079,3.837855812,5.0409388,-0.069288397,-0.021846127,0.174633228,0.002660947,-0.001637735
23.03,1.22269794,3.688264033,5.029982613,-0.075620011,1.198357092,3.860768355,5.040557537,-0.07774542,-0.024340848,0.172504322,0.010574923,-0.002125409
23.06,1.215710612,3.71326119,5.02837085,-0.084100011,1.188845565,3.883326211,5.040206457,-0.086207712,-0.026865047,0.170065021,0.011835606,-0.002107701
23.1,1.206401233,3.746536685,5.031497186,-0.094641316,1.176081371,3.912720724,5.039775151,-0.097226417,-0.030319862,0.166184039,0.008277965,-0.002585101
23.13,1.199431993,3.771461924,5.034369543,-0.102520221,1.166477281,3.934205451,5.039487886,-0.105442029,-0.032954712,0.162743526,0.005118342,-0.002921808
23.16,1.19247169,3.79635634,5.033056288,-0.110640221,1.156877234,3.955238861,5.039230697,-0.11382882,-0.035594456,0.158882521,0.006174409,-0.003188599
23.2,1.183239585,3.829508281,5.024844844,-0.121317828,1.144067056,3.982374694,5.038933315,-0.125185119,-0.039172529,0.152866413,0.014088472,-0.003867291
23.23,1.176335075,3.854372263,5.02293466,-0.128691757,1.134415151,4.00198229,5.038742261,-0.133429722,-0.041919923,0.147610028,0.015807602,-0.004737965
23.26,1.169416413,3.879204793,5.021465648,-0.136986757,1.124735991,4.021012508,5.038581773,-0.141465484,-0.044680422,0.141807714,0.017116125,-0.004478726
23.3,1.160176947,3.91229083,5.02152885,-0.147171869,1.111830824,4.045237326,5.038463979,-0.152367531,-0.048346124,0.132946496,0.016935129,-0.005195662
23.33,1.153254772,3.93713692,5.022032382,-0.154904251,1.102151416,4.062399401,5.038401276,-0.160838544,-0.051103356,0.125262482,0.016368894,-0.005934293
23.36,1.146350915,3.962014546,5.020774487,-0.163349251,1.09243526,4.078691993,5.038342325,-0.169173944,-0.053915655,0.116677447,0.017567838,-0.005824693
23.4,1.137177638,3.995246519,5.022533868,-0.173226888,1.079359584,4.098535846,5.03820284,-0.179554937,-0.057818054,0.103289327,0.015668972,-0.006328048
23.43,1.130306093,4.020230127,5.007091744,-0.181060631,1.069458971,4.111776291,5.037993808,-0.187417053,-0.060847123,0.091546164,0.030902064,-0.006356422
23.46,1.123430134,4.045256436,5.005452599,-0.189260631,1.059487355,4.123704305,5.037665184,-0.195819808,-0.063942778,0.078447869,0.032212585,-0.006559177
23.5,0.978679349,4.040721902,5.01338422,-0.198930962,1.0460082,4.137053386,5.036970812,-0.207239851,0.067328851,0.096331484,0.023586592,-0.008308889
23.53,0.968347071,4.064161728,5.021418215,-0.206472084,1.03571904,4.145064131,5.036244976,-0.215027293,0.06737197,0.080902402,0.014826761,-0.008555209
23.56,0.958020206,4.087632365,5.020207973,-0.214819584,1.025303943,4.15158177,5.035360899,-0.22256409,0.067283737,0.063949406,0.015152926,-0.007744505
23.6,0.94427176,4.118992878,5.016428224,-0.224764874,1.011222065,4.157492269,5.033854907,-0.233463186,0.066950304,0.038499391,0.017426683,-0.008698313
23.63,0.9339909,4.142546666,5.017308272,-0.232025535,1.000510758,4.159829215,5.032447452,-0.242115818,0.066519857,0.017282549,0.015139179,-0.010090283
23.66,0.923732622,4.166134176,5.015820089,-0.240318035,0.989671451,4.160645542,5.030836371,-0.250389814,0.065938828,-0.005488634,0.015016282,-0.01007178
23.7,0.910076201,4.197648442,5.004704525,-0.250551658,0.974986814,4.158969336,5.028313939,-0.260706438,0.064910613,-0.038679105,0.023609414,-0.01015478
23.73,0.899846507,4.221342237,5.013474313,-0.257996986,0.963834037,4.155671664,5.026157112,-0.268894853,0.063987531,-0.065670572,0.012682799,-0.010897867
23.76,0.889647445,4.245091561,5.011727142,-0.266459486,0.952593676,4.150930589,5.023808808,-0.277578197,0.06294623,-0.094160973,0.012081666,-0.011118711
23.8,0.876087848,4.276856042,5.003051046,-0.277078171,0.937434398,4.142063582,5.020378908,-0.28893325,0.06134655,-0.134792459,0.017327862,-0.011855079
23.83,0.865941687,4.300754219,5.018058627,-0.283652387,0.925944254,4.133606192,5.017597692,-0.296863451,0.060002567,-0.167148028,-0.000460936,-0.013211064
23.86,0.855802966,4.324711171,5.016407563,-0.291877387,0.914397528,4.12389569,5.014688668,-0.304869247,0.058594562,-0.200815481,-0.001718895,-0.012991859
23.9,0.842298212,4.356764532,5.004783258,-0.301779854,0.898953689,4.108770726,5.010611222,-0.316352539,0.056655477,-0.247993806,0.005827965,-0.014572685
23.93,0.832179547,4.38089962,4.990897423,-0.309122712,0.887343399,4.095911292,5.00743036,-0.324999625,0.055163852,-0.284988327,0.016532938,-0.015876913
23.96,0.822075091,4.405129636,4.988414846,-0.317425212,0.875713756,4.082025562,5.004178769,-0.333251149,0.053638665,-0.323104074,0.015763923,-0.015825937
24.0,0.696145809,4.298161141,4.990232533,-0.328646922,0.860221211,4.061746918,4.999774846,-0.344010425,0.164075402,-0.236414224,0.009542313,-0.015363503
24.03,0.68351068,4.318794498,4.975699302,-0.335747403,0.848667691,4.045306364,4.996474412,-0.352498549,0.165157011,-0.273488134,0.02077511,-0.016751145
24.06,0.670895619,4.339523573,4.973038537,-0.344124903,0.837175379,4.028035744,4.993189852,-0.361154342,0.16627976,-0.311487829,0.020151314,-0.017029439
24.1,0.654118323,4.367310526,4.983045429,-0.35635025,0.821959476,4.003612449,4.988852198,-0.372312537,0.167841153,-0.363698077,0.005806769,-0.015962286
24.13,0.641563883,4.388280462,4.987763984,-0.364267852,0.810654359,3.984338621,4.985646254,-0.380455486,0.169090476,-0.403941842,-0.00211773,-0.016187634
24.16,0.629022967,4.409353602,4.985855155,-0.372625352,0.799463076,3.964414465,4.982496042,-0.388760928,0.170440109,-0.444939136,-0.003359113,-0.016135576
24.2,0.612317638,4.437610033,4.982152394,-0.384221619,0.784785226,3.936749605,4.978368581,-0.40019339,0.172467588,-0.500860428,-0.003783813,-0.01597177
24.23,0.599807909,4.458935387,4.988776887,-0.392633754,0.773952912,3.915261733,4.975340981,-0.408644191,0.174145003,-0.543673654,-0.013435906,-0.016010438
24.26,0.587306972,4.48038562,4.987226395,-0.401011254,0.763250475,3.893284399,4.972363772,-0.41691136,0.175943503,-0.587101221,-0.014862623,-0.015900107
24.3,0.570665002,4.509188235,4.97932049,-0.411472503,0.749269062,3.863141514,4.968531087,-0.427972065,0.17860406,-0.646046721,-0.010789402,-0.016499562
24.33,0.558223163,4.530951347,4.977449388,-0.419230318,0.739033764,3.839953288,4.9657575,-0.436464034,0.180810601,-0.690998059,-0.011691888,-0.017233716
24.36,0.545813886,4.552859216,4.975880969,-0.427420318,0.728976597,3.816381125,4.963064087,-0.444960422,0.183162711,-0.73647809,-0.012816882,-0.017540104
24.4,0.529300121,4.582326801,4.972353569,-0.439925556,0.715877749,3.78431564,4.959637358,-0.456078175,0.186577628,-0.798011161,-0.012716211,-0.016152619
24.43,0.516926946,4.604622387,4.959427915,-0.449294377,0.706309229,3.759825793,4.957196895,-0.46438434,0.189382283,-0.844796594,-0.00223102,-0.015089963
24.46,0.504573557,4.627077596,4.957693612,-0.457324377,0.696949661,3.735030869,4.954852164,-0.472785548,0.192376104,-0.892046726,-0.002841448,-0.015461171
24.5,0.612701025,4.143683914,4.943771684,-0.469205232,0.684851153,3.701456856,4.951883585,-0.484077315,0.072150128,-0.442227058,0.0081119,-0.014872082
24.53,0.603964836,4.153623582,4.946928336,-0.478848603,0.676039663,3.675935273,4.94979506,-0.49245438,0.072074827,-0.477688309,0.002866724,-0.013605776
24.56,0.595245336,4.163725506,4.945236272,-0.487121103,0.667420449,3.65018348,4.947808098,-0.500778204,0.072175113,-0.513542026,0.002571826,-0.013657101
24.6,0.583639841,4.17745685,4.941831586,-0.499113212,0.656312216,3.615436939,4.945363853,-0.511971069,0.072672374,-0.562019911,0.003532267,-0.012857858
24.63,0.574976624,4.187936505,4.935696608,-0.507586455,0.648258342,3.589093497,4.943665898,-0.520430619,0.073281718,-0.598843007,0.00796929,-0.012844164
24.66,0.566332957,4.198562291,4.934135285,-0.515738955,0.640374678,3.562569103,4.942073734,-0.528840992,0.074041721,-0.635993188,0.007938449,-0.013102037
24.7,0.554820692,4.212980192,4.929123605,-0.527603036,0.630148704,3.526896439,4.940112426,-0.539922145,0.075328012,-0.686083754,0.010988822,-0.012319109
24.73,0.54620373,4.224004189,4.932200797,-0.536085198,0.622720284,3.499902651,4.938773891,-0.548269856,0.076516554,-0.724101538,0.006573094,-0.012184658
24.76,0.537615315,4.235204456,4.930898216,-0.544382698,0.615477692,3.472733306,4.937517459,-0.556696756,0.077862377,-0.76247115,0.006619244,-0.012314058
24.8,0.526206752,4.250400344,4.936850558,-0.554739382,0.606116767,3.436222028,4.935994747,-0.567940423,0.079910014,-0.814178316,-0.000855811,-0.013201041
24.83,0.517659912,4.261989854,4.938070319,-0.56328358,0.599280918,3.408655334,4.934953827,-0.576283553,0.081621006,-0.85333452,-0.003116492,-0.012999973
24.86,0.509126621,4.273754297,4.937219361,-0.57185608,0.592588439,3.380953985,4.933981853,-0.584611371,0.083461818,-0.892800312,-0.003237508,-0.01275529
24.9,0.497781933,4.28971879,4.944868831,-0.583054616,0.583960645,3.343756697,4.932795879,-0.595817296,0.086178712,-0.945962093,-0.012072952,-0.01276268
24.93,0.489301856,4.301891579,4.946923059,-0.591757495,0.577690172,3.315679714,4.931972331,-0.604256418,0.088388316,-0.986211866,-0.014950727,-0.012498923
24.96,0.480838423,4.314227144,4.946490228,-0.599947495,0.571534199,3.287494907,4.931202155,-0.612646345,0.090695775,-1.026732237,-0.015288073,-0.01269885
25.0,0.530110853,3.819059215,4.93448509,-0.610708145,0.563528143,3.249724443,4.930250546,-0.623758967,0.03341729,-0.569334772,-0.004234543,-0.013050822
25.03,0.523121678,3.820041443,4.927252439,-0.618840104,0.557701914,3.221234573,4.929599813,-0.632146091,0.034580236,-0.59880687,0.002347374,-0.013305987
25.06,0.516162955,3.82120466,4.926333789,-0.627445104,0.552003792,3.192628072,4.928980878,-0.64058617,0.035840837,-0.628576588,0.002647089,-0.013141066
25.1,0.506960395,3.82302778,4.92750187,-0.639018941,0.544582969,3.1543119,4.928266746,-0.65181779,0.037622574,-0.66871588,0.000764876,-0.012798849
25.13,0.500090719,3.824622805,4.923092844,-0.64746098,0.539109971,3.125463659,4.927819082,-0.660170929,0.039019252,-0.699159146,0.004726237,-0.01270995
25.16,0.493239368,3.826433218,4.922247893,-0.65574348,0.533704973,3.096521875,4.927439361,-0.668525302,0.040465605,-0.729911343,0.005191469,-0.012781823
25.2,0.484132874,3.829137721,4.924005401,-0.66765227,0.526623473,3.057735363,4.927007704,-0.679761426,0.0424906,-0.771402358,0.003002303,-0.012109156
25.23,0.477325918,3.831372579,4.921649946,-0.676356423,0.521371718,3.028508269,4.926729188,-0.688207205,0.0440458,-0.80286431,0.005079241,-0.011850782
25.26,0.470536516,3.833782623,4.920866605,-0.684751423,0.516136942,2.99919759,4.926482957,-0.696597317,0.045600426,-0.834585034,0.005616353,-0.011845894
25.3,0.46148863,3.837310163,4.922679511,-0.695301558,0.509187677,2.959963688,4.926200542,-0.707725505,0.047699047,-0.877346475,0.003521031,-0.012423947
25.33,0.45471355,3.840179092,4.918340445,-0.703707249,0.504016274,2.930411569,4.926027688,-0.716133752,0.049302724,-0.909767523,0.007687243,-0.012426503
25.36,0.44796169,3.843235334,4.917495415,-0.711919749,0.498867775,2.900775616,4.925873375,-0.724580295,0.050906085,-0.942459717,0.008377959,-0.012660547
25.4,0.438994892,3.847592111,4.93063014,-0.723040356,0.492002224,2.86114847,4.925717552,-0.735782583,0.053007332,-0.986443642,-0.004912588,-0.012742226
25.43,0.432300157,3.851065887,4.921478024,-0.731794868,0.486839975,2.831357219,4.925631903,-0.744126256,0.054539818,-1.019708668,0.004153879,-0.012331388
25.46,0.425618646,3.854713401,4.92077918,-0.740194868,0.481679909,2.801504506,4.925576958,-0.752494218,0.056061262,-1.053208896,0.004797778,-0.012299351
25.5,0.376532994,3.354230116,4.930850454,-0.751047291,0.474806141,2.761587169,4.925514287,-0.763740929,0.098273147,-0.592642948,-0.005336166,-0.012693637
25.53,0.368645331,3.347250157,4.93495708,-0.759171472,0.469625036,2.731592629,4.925487127,-0.772157044,0.100979705,-0.615657528,-0.009469953,-0.012985572
25.56,0.360779193,3.340440574,4.934642064,-0.767438972,0.464409372,2.701572464,4.925473884,-0.780516485,0.103630179,-0.63886811,-0.009168181,-0.013077513
25.6,0.350322647,3.331656532,4.929750823,-0.778170216,0.457401755,2.66148591,4.925494459,-0.791657537,0.107079109,-0.670170622,-0.004256364,-0.013487321
25.63,0.342516523,3.325295896,4.917485695,-0.785869714,0.452106093,2.631364266,4.925524308,-0.800084807,0.10958957,-0.693931629,0.008038613,-0.014215093
25.66,0.334736038,3.319113819,4.916588914,-0.794284714,0.446757155,2.601211979,4.925567684,-0.808522407,0.112021117,-0.71790184,0.00897877,-0.014237693
25.7,0.324384154,3.311154303,4.914898479,-0.805917393,0.439476389,2.560977393,4.925670347,-0.819664279,0.115092236,-0.75017691,0.010771868,-0.013746886
25.73,0.316635183,3.305404827,4.923074407,-0.81547549,0.43390018,2.53076688,4.92579655,-0.82799215,0.117264996,-0.774637947,0.002722142,-0.012516659
25.76,0.30890115,3.299851009,4.922447285,-0.82390049,0.428250765,2.500517668,4.925963057,-0.836386767,0.119349615,-0.799333341,0.003515772,-0.012486277
25.8,0.298643898,3.292729533,4.924282035,-0.835508196,0.420572335,2.460135766,4.926224887,-0.847662642,0.121928437,-0.832593768,0.001942852,-0.012154446
25.83,0.290988408,3.287585157,4.930772371,-0.845376461,0.414677504,2.429853332,4.926448698,-0.856048809,0.123689097,-0.857731825,-0.004323673,-0.010672348
25.86,0.283352634,3.282629295,4.930380605,-0.853701461,0.408682843,2.399583415,4.926681045,-0.864382136,0.125330209,-0.88304588,-0.00369956,-0.010680675
25.9,0.273210121,3.276307073,4.926871069,-0.865478716,0.400536638,2.359225533,4.927030479,-0.875548932,0.127326517,-0.917081539,0.00015941,-0.010070216
25.93,0.265642394,3.271771361,4.930831196,-0.874092689,0.394318,2.328961973,4.92730193,-0.883995001,0.128675606,-0.942809388,-0.003529266,-0.009902312
25.96,0.258111989,3.267414841,4.930399982,-0.882470189,0.388003859,2.298726549,4.927590057,-0.892419443,0.12989187,-0.968688292,-0.002809925,-0.009949253
26.0,0.244516739,3.061837883,4.937094985,-0.894481641,0.379393181,2.258493408,4.928005054,-0.903547442,0.134876441,-0.803344475,-0.009089931,-0.009065801
26.03,0.236934546,3.054913745,4.934303037,-0.902932857,0.372808566,2.228364575,4.928350989,-0.911905448,0.13587402,-0.826549169,-0.005952048,-0.008972591
26.06,0.229380292,3.048154514,4.933959038,-0.911355357,0.366142464,2.198260331,4.928710939,-0.920325067,0.136762172,-0.849894183,-0.0052481,-0.008969709
26.1,0.219373901,3.039414726,4.930760292,-0.923366835,0.357083087,2.158199777,4.929211392,-0.931578256,0.137709186,-0.881214949,-0.0015489,-0.008211421
26.13,0.211916658,3.033079095,4.932470287,-0.932028373,0.350132928,2.128245839,4.929606506,-0.939943132,0.138216271,-0.904833257,-0.002863781,-0.007914759
26.16,0.204482551,3.026933365,4.932034799,-0.940593373,0.343068844,2.098352733,4.930017655,-0.948281862,0.138586293,-0.928580632,-0.002017145,-0.007688488
26.2,0.194653851,3.019011752,4.919402799,-0.951464659,0.333456227,2.058571596,4.930608509,-0.959488773,0.138802376,-0.960440157,0.01120571,-0.008024114
26.23,0.187326141,3.01328433,4.92752622,-0.96086134,0.326092529,2.028800395,4.931069169,-0.96794681,0.138766388,-0.984483934,0.003542948,-0.00708547
26.26,0.180039888,3.00774343,4.926974777,-0.96917884,0.318600658,1.99910128,4.931553519,-0.976361326,0.13856077,-1.00864215,0.004578742,-0.007182486
26.3,0.170388306,3.000644392,4.926276986,-0.981039293,0.308376234,1.959648459,4.932242893,-0.987485434,0.137987928,-1.040995933,0.005965906,-0.006446141
26.33,0.163206643,2.995531589,4.912023724,-0.989278667,0.300555962,1.93014702,4.932802686,-0.995868518,0.137349319,-1.065384568,0.020778962,-0.006589851
26.36,0.156077571,2.990580174,4.911043049,-0.997403667,0.292633806,1.900707356,4.933375358,-1.004305095,0.136556235,-1.089872817,0.022332309,-0.006901427
26.4,0.146650867,2.984227213,4.909056148,-1.008784222,0.281866526,1.861612797,4.934175127,-1.015533529,0.135215659,-1.122614416,0.025118979,-0.006749308
26.43,0.139632099,2.97966232,4.907351147,-1.018112129,0.27363037,1.832436718,4.934807525,-1.023884774,0.133998271,-1.147225602,0.027456378,-0.005772645
26.46,0.132642798,2.975286436,4.906292951,-1.026442129,0.265289735,1.803354203,4.935477051,-1.032236693,0.132646937,-1.171932233,0.029184101,-0.005794565
26.5,0.146101153,2.472630489,4.912119411,-1.037329244,0.254000242,1.764725359,4.936415241,-1.043458123,0.10789909,-0.70790513,0.02429583,-0.006128879
26.53,0.139746998,2.457534183,4.898518079,-1.045625189,0.245399433,1.735887962,4.937150084,-1.051884704,0.105652435,-0.721646221,0.038632005,-0.006259515
26.56,0.13343552,2.442612734,4.897225784,-1.053862689,0.236692294,1.707171624,4.937911719,-1.060263288,0.103256773,-0.73544111,0.040685935,-0.006400599
26.6,0.125108373,2.423019458,4.90799066,-1.06451567,0.224895989,1.669096037,4.938971531,-1.071388585,0.099787617,-0.753923421,0.030980872,-0.006872915
26.63,0.118924797,2.408537466,4.909641341,-1.071905619,0.215910529,1.640668477,4.939809755,-1.079788747,0.096985732,-0.767868989,0.030168413,-0.007883128
26.66,0.112812501,2.394224323,4.90882314,-1.080165619,0.206804199,1.612334109,4.940670548,-1.088222036,0.093991698,-0.781890214,0.031847408,-0.008056416
26.7,0.104751137,2.375409928,4.915103777,-1.091393846,0.194382666,1.574754011,4.941839884,-1.099389088,0.08963153,-0.800655916,0.026736107,-0.007995241
26.73,0.098759176,2.361515075,4.924951228,-1.099799414,0.184837638,1.546711604,4.942708695,-1.107692739,0.086078462,-0.814803471,0.017757468,-0.007893325
26.76,0.092821815,2.347805064,4.92462261,-1.108216914,0.175135129,1.518749831,4.943580421,-1.116045243,0.082313314,-0.829055233,0.018957811,-0.007828329
26.8,0.085001249,2.329796884,4.917676676,-1.119008126,0.16192414,1.481612027,4.944726279,-1.127318477,0.076922891,-0.848184857,0.027049603,-0.00831035
26.83,0.079207387,2.316495359,4.926585097,-1.128757297,0.151807694,1.453908804,4.945578685,-1.135733927,0.072600307,-0.862586555,0.018993588,-0.006976631
26.86,0.073473259,2.303369215,4.926185129,-1.136972297,0.141544066,1.42633268,4.946419611,-1.144079132,0.068070807,-0.877036535,0.020234482,-0.007106836
26.9,0.065915877,2.286154873,4.924598463,-1.147542103,0.127621668,1.389771403,4.94756689,-1.155214247,0.061705791,-0.896383469,0.022968427,-0.007672145
26.93,0.060324594,2.273444569,4.912100161,-1.157043702,0.117024714,1.3624881,4.948437429,-1.163644576,0.056700119,-0.91095647,0.036337268,-0.006600875
26.96,0.054799149,2.260905353,4.911228451,-1.165318702,0.106314535,1.335323315,4.949315308,-1.172079897,0.051515387,-0.925582038,0.038086857,-0.006761195
27.0,0.017464965,1.676844728,4.915149688,-1.17649906,0.091820783,1.299362032,4.95050495,-1.183233393,0.074355818,-0.377482696,0.035355261,-0.006734333
27.03,0.011251987,1.652296566,4.91728698,-1.184484942,0.080804597,1.27257253,4.951426794,-1.191577676,0.069552609,-0.379724036,0.034139814,-0.007092734
27.06,0.005105639,1.627918442,4.91657202,-1.192842442,0.069696225,1.245893921,4.95238082,-1.199968606,0.064590586,-0.382024521,0.0358088,-0.007126164
27.1,-0.002962283,1.595638385,4.919919302,-1.203938073,0.054713723,1.210538508,4.953691498,-1.211220542,0.057676006,-0.385099877,0.033772196,-0.007282468
27.13,-0.008924056,1.571615721,4.92037438,-1.211870406,0.043318891,1.184219834,4.954707072,-1.219602308,0.052242946,-0.387395887,0.034332692,-0.007731902
27.16,-0.014802602,1.547755817,4.919786069,-1.220217906,0.031789131,1.158042757,4.955731171,-1.227932727,0.046591733,-0.38971306,0.035945102,-0.007714821
27.2,-0.022510551,1.516202885,4.931770138,-1.231862608,0.016145741,1.123341106,4.957118295,-1.239095181,0.038656292,-0.392861779,0.025348157,-0.007232573
27.23,-0.028213782,1.492724207,4.936001527,-1.239792581,0.004195253,1.097443791,4.958149005,-1.247580266,0.032409035,-0.395280417,0.022147477,-0.007787685
27.26,-0.033834806,1.469395817,4.935830869,-1.248140081,-0.007923789,1.071661136,4.959176803,-1.256052622,0.025911017,-0.397734682,0.023345934,-0.007912541
27.3,-0.041224512,1.438536955,4.934329354,-1.258883292,-0.024388893,1.037526288,4.960517361,-1.267193631,0.016835619,-0.401010667,0.026188007,-0.008310339
27.33,-0.046666318,1.415587127,4.94390676,-1.267529578,-0.036942359,1.012085795,4.961503781,-1.275546402,0.009723959,-0.403501333,0.017597021,-0.008016824
27.36,-0.052027282,1.392808492,4.943834171,-1.275619578,-0.049626656,0.986745094,4.962474222,-1.283973389,0.002400626,-0.406063398,0.018640051,-0.008353811
27.4,-0.059071762,1.362687772,4.953734145,-1.287290167,-0.066767875,0.95316954,4.963758407,-1.295244543,-0.007696113,-0.409518231,0.010024263,-0.007954377
27.43,-0.064259974,1.340283447,4.963110823,-1.296772648,-0.079791771,0.928183732,4.964717368,-1.303612589,-0.015531797,-0.412099716,0.001606545,-0.006839941
27.46,-0.069372759,1.318045934,4.96350313,-1.305167648,-0.092928575,0.903334489,4.965666136,-1.311947904,-0.023555817,-0.414711446,0.002163006,-0.006780256
27.5,-0.203627939,1.143608645,4.962778263,-1.3159415,-0.110628358,0.870407933,4.966919244,-1.323141886,0.092999581,-0.273200712,0.00414098,-0.007200386
27.53,-0.211788684,1.120290704,4.956503242,-1.323984188,-0.124032904,0.84586903,4.967826078,-1.331587524,0.08775578,-0.274421674,0.011322836,-0.007603336
27.56,-0.21986323,1.097123056,4.956494055,-1.332441688,-0.137533384,0.82146912,4.968720502,-1.339994028,0.082329846,-0.275653937,0.012226448,-0.00755234
27.6,-0.230495449,1.066481755,4.962015403,-1.344192308,-0.155702122,0.789199284,4.969899446,-1.351116078,0.074793327,-0.277282471,0.007884043,-0.00692377
27.63,-0.238368232,1.043676448,4.958042396,-1.35289623,-0.169434616,0.765158335,4.970803128,-1.359490721,0.068933616,-0.278518113,0.012760732,-0.006594491
27.66,-0.246149193,1.021002517,4.957982859,-1.36130623,-0.183231963,0.741223254,4.971709654,-1.367913732,0.06291723,-0.279779263,0.013726795,-0.006607502
27.7,-0.256386148,0.990965832,4.968302118,-1.373429289,-0.201738711,0.709545428,4.972925096,-1.379132659,0.054647437,-0.281420403,0.004622978,-0.00570337
27.73,-0.263964807,0.968598442,4.971694809,-1.382290543,-0.215694155,0.68598801,4.973837239,-1.387491558,0.048270652,-0.282610432,0.00214243,-0.005201015
27.76,-0.271458577,0.946372088,4.971978114,-1.390415543,-0.229695329,0.662557655,4.974757335,-1.39584831,0.041763248,-0.283814433,0.002779221,-0.005432767
27.8,-0.281281909,0.916968865,4.976846643,-1.401880309,-0.248433398,0.631507326,4.975977292,-1.407053515,0.03284851,-0.285461539,-0.000869351,-0.005173205
27.83,-0.288551996,0.895084129,4.975908028,-1.410116563,-0.262538565,0.60837753,4.976876088,-1.415469977,0.026013431,-0.286706598,0.00096806,-0.005353414
27.86,-0.295729924,0.873340612,4.976112434,-1.418614063,-0.276683623,0.585385544,4.977766591,-1.423853017,0.019046301,-0.287955067,0.001654157,-0.005238955
27.9,-0.305154114,0.844593224,4.983533742,-1.429223673,-0.295612177,0.554965309,4.978938242,-1.434991569,0.009541937,-0.289627915,-0.004595501,-0.005767896
27.93,-0.312119569,0.823216162,4.981981383,-1.437664401,-0.309851922,0.532284238,4.979818052,-1.443382143,0.002267648,-0.290931924,-0.00216333,-0.005717743
27.96,-0.31898418,0.801973574,4.982212952,-1.445996901,-0.32412158,0.509697882,4.980685862,-1.45179929,-0.005137401,-0.292275692,-0.00152709,-0.005802389
28.0,-0.343620368,0.740821369,4.987023396,-1.458181436,-0.343206619,0.479801347,4.981835672,-1.462990402,0.000413749,-0.261020023,-0.005187724,-0.004808966
28.03,-0.350420028,0.720482997,4.994492055,-1.466251828,-0.357563262,0.457548505,4.982682275,-1.471344186,-0.007143234,-0.262934492,-0.01180978,-0.005092358
28.06,-0.357117196,0.700277957,4.994959497,-1.474369328,-0.371947079,0.435391306,4.983530548,-1.479711087,-0.014829883,-0.264886651,-0.01142895,-0.005341758
28.1,-0.365892357,0.673552765,4.987991367,-1.485590484,-0.391171086,0.405995845,4.984639662,-1.490926552,-0.02527873,-0.26755692,-0.003351705,-0.005336069
28.13,-0.372368752,0.653658973,4.994878123,-1.494766752,-0.405624393,0.384088075,4.985456569,-1.499331211,-0.033255641,-0.269570899,-0.009421554,-0.004564458
28.16,-0.378769164,0.633910717,4.99516407,-1.502864252,-0.420103618,0.362297177,4.986257663,-1.507702181,-0.041334453,-0.271613539,-0.008906407,-0.004837929
28.2,-0.387154414,0.607803858,4.988924532,-1.513843193,-0.43945281,0.333419744,4.987327975,-1.518851785,-0.052298396,-0.274384115,-0.001596557,-0.005008592
28.23,-0.393330069,0.588370542,4.994390307,-1.522443432,-0.453993733,0.311857408,4.988127201,-1.527255475,-0.060663664,-0.276513135,-0.006263106,-0.004812042
28.26,-0.399407654,0.569048023,4.994517443,-1.530658432,-0.468555442,0.290373441,4.988919124,-1.535670681,-0.069147788,-0.278674582,-0.005598319,-0.005012249
28.3,-0.407388184,0.543487551,4.997532456,-1.542515477,-0.488009787,0.261912767,4.989979783,-1.546842968,-0.080621603,-0.281574785,-0.007552673,-0.00432749
28.33,-0.413280345,0.524484325,4.992531146,-1.549342865,-0.502627712,0.240692503,4.990771538,-1.555199433,-0.089347367,-0.283791822,-0.001759608,-0.005856568
28.36,-0.419078169,0.505630016,4.992456259,-1.557740365,-0.517263882,0.219533625,4.991564633,-1.563580042,-0.098185712,-0.286096391,-0.000891626,-0.005839677
28.4,-0.426633809,0.480697947,4.982177357,-1.569565627,-0.53681102,0.191428308,4.992594947,-1.574798568,-0.110177211,-0.289269639,0.01041759,-0.005232941
28.43,-0.432177486,0.462130873,4.982306185,-1.576958397,-0.551494715,0.170463753,4.993364263,-1.583188617,-0.119317229,-0.291667121,0.011058077,-0.00623022
28.46,-0.437617021,0.443693028,4.981783216,-1.585305897,-0.566194611,0.149587141,4.994127117,-1.591550893,-0.12857759,-0.294105887,0.012343901,-0.006244996
28.5,-0.583762902,0.271933432,4.988522886,-1.596397085,-0.585824334,0.121862322,4.995168191,-1.602715227,-0.002061432,-0.150071109,0.006645305,-0.006318141
28.53,-0.59239039,0.250823238,4.995998289,-1.604542849,-0.600568847,0.101128324,4.995953702,-1.611126025,-0.008178457,-0.149694914,-4.4587e-05,-0.006583176
28.56,-0.600925104,0.229819594,4.995843897,-1.612797849,-0.615328659,0.080456376,4.996747199,-1.619531371,-0.014403556,-0.149363218,0.000903302,-0.006733522
28.6,-0.612147594,0.20200656,4.995064448,-1.624570687,-0.635033327,0.053035757,4.997794673,-1.630688077,-0.022885733,-0.148970802,0.002730225,-0.00611739
28.63,-0.62043836,0.181310072,5.000697153,-1.632840001,-0.649826097,0.032547287,4.998566945,-1.639054126,-0.029387737,-0.148762785,-0.002130209,-0.006214126
28.66,-0.628621854,0.160730838,5.000515779,-1.641260001,-0.664624619,0.012088695,4.999324458,-1.647445889,-0.036002765,-0.148642143,-0.001191321,-0.006185888
28.7,-0.639368202,0.133465521,5.000672404,-1.652082599,-0.684353365,-0.015119679,5.000311665,-1.658650456,-0.044985163,-0.1485852,-0.00036074,-0.006567857
28.73,-0.647326541,0.11316121,5.00170904,-1.660342924,-0.699137525,-0.035441515,5.001041354,-1.667030834,-0.051810984,-0.148602725,-0.000667686,-0.00668791
28.76,-0.655180632,0.09299395,5.001422127,-1.669125424,-0.713910744,-0.055709408,5.001757103,-1.675401701,-0.058730112,-0.148703358,0.000334976,-0.006276277
28.8,-0.665494183,0.066311107,4.991287069,-1.680318946,-0.733593354,-0.082687577,5.002705818,-1.686582835,-0.068099171,-0.148998684,0.011418749,-0.006263889
28.83,-0.673126068,0.046429719,5.002069829,-1.687654214,-0.748346308,-0.102893248,5.003396753,-1.694985022,-0.075220241,-0.149322967,0.001326924,-0.007330808
28.86,-0.680639404,0.026660649,5.001674994,-1.696099214,-0.763091593,-0.123055148,5.004087103,-1.703377417,-0.082452189,-0.149715796,0.002412109,-0.007278202
28.9,-0.690473445,0.000499046,5.007193228,-1.706104966,-0.782739654,-0.14984814,5.005005453,-1.714537284,-0.092266209,-0.150347186,-0.002187775,-0.008432318
28.93,-0.697718191,-0.01896714,5.009561727,-1.714407851,-0.797473434,-0.169915074,5.005700082,-1.722915214,-0.099755244,-0.150947934,-0.003861645,-0.008507363
28.96,-0.704863711,-0.038315224,5.009314778,-1.722567851,-0.812208657,-0.18997831,5.006379402,-1.731311907,-0.107344946,-0.151663085,-0.002935376,-0.008744056
29.0,-0.866881522,-0.071356251,4.996334148,-1.733401455,-0.831854589,-0.216688377,5.007259785,-1.742509089,0.035026933,-0.145332127,0.010925637,-0.009107634
29.03,-0.877337713,-0.08994553,4.994355581,-1.742230604,-0.84658565,-0.236665661,5.007893367,-1.750882958,0.030752062,-0.146720131,0.013537785,-0.008652354
29.06,-0.887699656,-0.10841278,4.993471763,-1.750473104,-0.861318569,-0.25662032,5.008516368,-1.75926194,0.026381087,-0.148207541,0.015044605,-0.008788836
29.1,-0.90136727,-0.132871999,5.007706044,-1.761414154,-0.880971893,-0.283230398,5.009349716,-1.770476426,0.020395377,-0.150358399,0.001643672,-0.009062272
29.13,-0.911500238,-0.151101627,5.013307324,-1.770296738,-0.895700398,-0.303181036,5.009979817,-1.778895133,0.01579984,-0.152079409,-0.003327507,-0.008598395
29.16,-0.921539067,-0.169209111,5.012998452,-1.778469238,-0.910396858,-0.323106836,5.010617815,-1.787307335,0.011142209,-0.153897725,-0.002380637,-0.008838098
29.2,-0.934759358,-0.193157547,5.000684157,-1.789253996,-0.929896622,-0.349650491,5.011445998,-1.798527316,0.004862736,-0.156492944,0.010761841,-0.00927332
29.23,-0.944561739,-0.210992069,5.008340295,-1.797264239,-0.944433788,-0.369588795,5.012045597,-1.806924242,0.000127951,-0.158596726,0.003705302,-0.009660003
29.26,-0.954257516,-0.228711774,5.007743288,-1.805509239,-0.958900373,-0.389556418,5.012618754,-1.815294878,-0.004642857,-0.160844645,0.004875467,-0.009785639
29.3,-0.967012215,-0.252149088,5.006590915,-1.81632375,-0.978047498,-0.416191935,5.013388129,-1.826466456,-0.011035282,-0.164042847,0.006797214,-0.010142706
29.33,-0.976450366,-0.269587228,5.009276769,-1.825265036,-0.992304097,-0.436168423,5.013962183,-1.834871737,-0.015853731,-0.166581195,0.004685414,-0.009606701
29.36,-0.985771831,-0.286908572,5.008661721,-1.833730036,-1.006496212,-0.456169632,5.014541702,-1.843270566,-0.020724381,-0.16926106,0.005879981,-0.009540529
29.4,-0.998028792,-0.309828971,5.005894759,-1.845163025,-1.025316335,-0.482910001,5.01529546,-1.854438079,-0.027287543,-0.17308103,0.009400702,-0.009275055
29.43,-1.007112185,-0.3269041,5.006127888,-1.853978884,-1.039352577,-0.502991864,5.015850096,-1.862818245,-0.032240392,-0.176087764,0.009722207,-0.008839361
29.46,-1.016073679,-0.34387375,5.005332603,-1.862206384,-1.053329686,-0.523075197,5.016393534,-1.871215943,-0.037256008,-0.179201448,0.011060932,-0.009009559
29.5,-1.246690956,-0.365345,5.01230654,-1.873931537,-1.07187284,-0.549886419,5.017111395,-1.882417948,0.174818117,-0.184541419,0.004804856,-0.008486411
29.53,-1.260463811,-0.381681507,5.021145211,-1.882601928,-1.085726346,-0.570054211,5.017643025,-1.890800082,0.174737466,-0.188372704,-0.003502186,-0.008198153
29.56,-1.274135846,-0.397906514,5.020737129,-1.891121928,-1.099541264,-0.590256543,5.018161818,-1.89916677,0.174594582,-0.192350028,-0.00257531,-0.008044841
29.6,-1.292202807,-0.419386966,5.018557346,-1.902455083,-1.117873214,-0.6172143,5.018830208,-1.910346116,0.174329593,-0.197827333,0.000272862,-0.007891033
29.63,-1.305631092,-0.435363133,5.022945959,-1.90989144,-1.1315332,-0.637461311,5.019296849,-1.918758946,0.174097892,-0.202098179,-0.003649111,-0.008867505
29.66,-1.318971818,-0.451222744,5.022457415,-1.91812394,-1.145108151,-0.657764193,5.01974552,-1.927152655,0.173863668,-0.206541449,-0.002711895,-0.009028715
29.7,-1.336616448,-0.472230479,5.00942912,-1.929810635,-1.162993843,-0.684966456,5.020302516,-1.938261251,0.173622605,-0.212735977,0.010873396,-0.008450616
29.73,-1.349731695,-0.487868815,5.016697522,-1.938891546,-1.17619377,-0.705451652,5.020699947,-1.946625744,0.173537924,-0.217582837,0.004002424,-0.007734199
29.76,-1.362723114,-0.503403698,5.015911902,-1.947114046,-1.189219293,-0.725996721,5.021076462,-1.955066778,0.173503821,-0.222593023,0.005164559,-0.007952732
29.8,-1.379863445,-0.523939121,5.011323822,-1.958667505,-1.206271848,-0.753546272,5.02157869,-1.96630271,0.173591597,-0.22960715,0.010254868,-0.007635205
29.83,-1.392615975,-0.539233091,5.009915271,-1.967540922,-1.218834499,-0.774347257,5.021939634,-1.974624805,0.173781477,-0.235114166,0.012024363,-0.007083883
29.86,-1.405264502,-0.554430436,5.008885701,-1.975720922,-1.23122895,-0.795232534,5.022291877,-1.982947268,0.174035552,-0.240802098,0.013406176,-0.007226347
29.9,-1.421961929,-0.574524767,4.995048087,-1.986235957,-1.24744197,-0.823202913,5.02274575,-1.994182465,0.174519959,-0.248678146,0.027697663,-0.007946508
29.93,-1.434366703,-0.589478112,4.994639208,-1.995182901,-1.259381946,-0.844292489,5.023082824,-2.002627125,0.174984757,-0.254814377,0.028443616,-0.007444224
29.96,-1.446664241,-0.604323446,4.993180686,-2.003602901,-1.271174217,-0.86548404,5.023419557,-2.010998243,0.175490024,-0.261160594,0.030238871,-0.007395342
30.0,-1.378176633,-0.733780023,4.9974563,-2.014957848,-1.286623275,-0.893912437,5.023873521,-2.02209424,0.091553357,-0.160132414,0.026417221,-0.007136392
30.03,-1.387369704,-0.75108368,4.997707059,-2.023700163,-1.297993211,-0.915332802,5.024230595,-2.03050142,0.089376493,-0.164249122,0.026523536,-0.006801257
30.06,-1.39645215,-0.768269802,4.996413697,-2.032045163,-1.309210286,-0.936827839,5.024592314,-2.038951378,0.087241863,-0.168558037,0.028178617,-0.006906215
30.1,-1.408384062,-0.790999308,4.992726449,-2.043056936,-1.323920246,-0.96566353,5.025087788,-2.050130014,0.084463816,-0.174664222,0.032361339,-0.007073078
30.13,-1.417201563,-0.807939216,5.009331588,-2.050421674,-1.334796187,-0.987418953,5.025449129,-2.058443032,0.082405376,-0.179479737,0.016117541,-0.008021358
30.16,-1.425920064,-0.824782883,5.008433943,-2.058846674,-1.345571083,-1.009238363,5.02581447,-2.06678256,0.080348981,-0.184455479,0.017380528,-0.007935887
30.2,-1.437386032,-0.84706576,5.008554881,-2.069210101,-1.359792518,-1.038412468,5.026303482,-2.077977427,0.077593514,-0.191346708,0.017748601,-0.008767327
30.23,-1.445882367,-0.863651728,5.009729227,-2.077282771,-1.370400331,-1.060364473,5.026669989,-2.086362375,0.075482036,-0.196712745,0.016940762,-0.009079603
30.26,-1.45427111,-0.880136678,5.008792924,-2.085670271,-1.380990285,-1.082373331,5.027018293,-2.094730712,0.073280825,-0.202236653,0.01822537,-0.00906044
30.3,-1.465289666,-0.901947323,5.00742467,-2.096534784,-1.395083247,-1.111786234,5.027457224,-2.105899944,0.070206419,-0.20983891,0.020032554,-0.00936516
30.33,-1.473441937,-0.918186922,5.003368063,-2.104193994,-1.405631207,-1.133868152,5.027767326,-2.114295379,0.06781073,-0.215681229,0.024399263,-0.010101385
30.36,-1.481492383,-0.934324017,5.002187638,-2.112471494,-1.416175214,-1.155974548,5.028066969,-2.12269279,0.065317168,-0.221650531,0.025879331,-0.010221296
30.4,-1.492057708,-0.955683322,5.007526292,-2.123804299,-1.430256121,-1.185525291,5.028452587,-2.133875792,0.061801587,-0.229841969,0.020926294,-0.010071493
30.43,-1.499876899,-0.97159545,5.003336498,-2.132342073,-1.440834517,-1.2077337,5.028728279,-2.142260335,0.059042381,-0.236138249,0.025391782,-0.009918262
30.46,-1.507605975,-0.987422737,5.002104144,-2.140529573,-1.451416825,-1.229953989,5.029002862,-2.15065008,0.056189151,-0.242531252,0.026898719,-0.010120507
30.5,-1.521551246,-1.146644625,5.008488561,-2.15182154,-1.465540959,-1.259603464,5.029350666,-2.161842787,0.056010287,-0.112958839,0.020862105,-0.010021248
30.53,-1.529032933,-1.165452646,5.023308045,-2.160529943,-1.476167602,-1.281885365,5.029610566,-2.170234365,0.05286533,-0.116432719,0.006302521,-0.009704422
30.56,-1.536418258,-1.184153078,5.022665609,-2.168752443,-1.486822814,-1.304203041,5.0298576,-2.178625824,0.049595444,-0.120049962,0.007191992,-0.009873381
30.6,-1.546105967,-1.208943633,5.009613525,-2.179824643,-1.50106331,-1.333989099,5.030174151,-2.189815722,0.045042658,-0.125045467,0.020560626,-0.009991079
30.63,-1.553258602,-1.227407663,5.012973282,-2.187726228,-1.511770002,-1.356333143,5.030378457,-2.19820569,0.0414886,-0.12892548,0.017405175,-0.010479462
30.66,-1.560308662,-1.245753493,5.011936884,-2.196208728,-1.522517143,-1.378690619,5.030565201,-2.206593824,0.037791518,-0.132937126,0.018628317,-0.010385096
30.7,-1.569553032,-1.270058797,5.008868316,-2.207261707,-1.536956606,-1.408530216,5.030784311,-2.217796719,0.032596426,-0.138471419,0.021915995,-0.010535012
30.73,-1.576395779,-1.288170722,5.01481184,-2.215461878,-1.54786997,-1.430895723,5.030935119,-2.226204389,0.028525809,-0.142725001,0.016123279,-0.010742511
30.76,-1.583147368,-1.306181945,5.013768719,-2.224084378,-1.558841728,-1.453225578,5.031076165,-2.234590701,0.02430564,-0.147043633,0.017307446,-0.010506323
30.8,-1.592014947,-1.330034195,5.021628832,-2.236022062,-1.573606781,-1.482936166,5.031258589,-2.245753351,0.018408166,-0.15290197,0.009629758,-0.009731289
30.83,-1.598558874,-1.347800854,5.018725445,-2.244041801,-1.584811833,-1.50518422,5.031387181,-2.254166244,0.01374704,-0.157383366,0.012661736,-0.010124443
30.86,-1.605008775,-1.365465327,5.017719326,-2.252566801,-1.596111898,-1.527392664,5.031499054,-2.262601242,0.008896877,-0.161927337,0.013779728,-0.010034441
30.9,-1.613464561,-1.388861071,5.009611066,-2.264594727,-1.611330535,-1.556881986,5.031622725,-2.273800245,0.002134026,-0.168020915,0.022011659,-0.009205518
30.93,-1.619679713,-1.406289789,5.0005244,-2.273197301,-1.622863053,-1.578896356,5.031692633,-2.282161943,-0.00318334,-0.172606567,0.031168233,-0.008964642
30.96,-1.625777387,-1.423612215,4.998933665,-2.281382301,-1.634499158,-1.600846427,5.031760513,-2.290551204,-0.00872177,-0.177234212,0.032826848,-0.009168904
31.0,-1.668817387,-1.468024285,4.996126206,-2.292705988,-1.65021037,-1.629985734,5.03183978,-2.301813388,0.018607018,-0.161961449,0.035713573,-0.0091074
31.03,-1.675549557,-1.485279726,4.98934622,-2.300749405,-1.662119257,-1.651705172,5.031918585,-2.310230164,0.0134303,-0.166425446,0.042572364,-0.009480759
31.06,-1.682180128,-1.502441556,4.987477013,-2.308749405,-1.674112357,-1.673310163,5.032012208,-2.318594776,0.008067771,-0.170868607,0.044535196,-0.009845371
31.1,-1.690868113,-1.52518039,4.996463277,-2.319429932,-1.690282618,-1.701919849,5.03219166,-2.329764301,0.000585495,-0.17673946,0.035728384,-0.010334369
31.13,-1.697274418,-1.542133353,4.992183588,-2.328276565,-1.702555166,-1.723230563,5.03236148,-2.338217656,-0.005280748,-0.181097211,0.040177892,-0.009941091
31.16,-1.703586395,-1.559010693,4.990560698,-2.336214065,-1.71491703,-1.744412461,5.032563915,-2.346671907,-0.011330635,-0.185401767,0.042003216,-0.010457842
31.2,-1.711818106,-1.581399965,4.98204048,-2.346301212,-1.731531964,-1.772378837,5.032880231,-2.357837813,-0.019713858,-0.190978872,0.050839751,-0.0115366
31.23,-1.7178478,-1.598098564,4.975892205,-2.355061385,-1.744100411,-1.793147105,5.033159709,-2.366196102,-0.026252611,-0.195048541,0.057267504,-0.011134718
31.26,-1.723763475,-1.614716995,4.973959865,-2.363446385,-1.756758535,-1.813771314,5.033472894,-2.374615885,-0.03299506,-0.199054319,0.059513029,-0.0111695
31.3,-1.731458028,-1.636754876,4.968712855,-2.375882583,-1.77378182,-1.840976189,5.033954808,-2.385903468,-0.042323793,-0.204221312,0.065241953,-0.010020885
31.33,-1.737112971,-1.653181636,4.980588014,-2.383862752,-1.786627833,-1.861118526,5.034383089,-2.394291794,-0.049514861,-0.207936889,0.053795076,-0.010429042
31.36,-1.74266471,-1.669516357,4.979084726,-2.391977752,-1.79952932,-1.881062197,5.034859928,-2.402630958,-0.056864609,-0.21154584,0.055775202,-0.010653205
31.4,-1.749912981,-1.691156699,4.981173562,-2.402632219,-1.816859479,-1.907300098,5.035606404,-2.413830747,-0.066946498,-0.216143399,0.054432842,-0.011198528
31.43,-1.75522589,-1.707286172,4.980000707,-2.410952568,-1.829949734,-1.926699799,5.036221656,-2.422311931,-0.074723843,-0.219413627,0.056220949,-0.011359363
31.46,-1.760431775,-1.723334236,4.978727805,-2.418965068,-1.843085198,-1.945870465,5.036879072,-2.430756436,-0.082653423,-0.222536229,0.058151267,-0.011791368
31.5,-1.931958395,-1.755555405,5.001174935,-2.430724404,-1.860661598,-1.970983495,5.03781247,-2.441878344,0.071296798,-0.215428091,0.036637536,-0.011153941
31.53,-1.941038527,-1.771482555,5.004495894,-2.439303551,-1.873907366,-1.989486991,5.038566479,-2.450251958,0.067131161,-0.218004436,0.034070585,-0.010948407
31.56,-1.950007308,-1.787336861,5.004075343,-2.447516051,-1.887205248,-2.007749126,5.039342923,-2.458713052,0.06280206,-0.220412264,0.03526758,-0.011197001
31.6,-1.961789587,-1.808358089,5.009984829,-2.459080257,-1.904990647,-2.03161815,5.040392744,-2.470026429,0.05679894,-0.223260062,0.030407915,-0.010946172
31.63,-1.970497393,-1.824049569,5.00690755,-2.467354957,-1.918323442,-2.049131675,5.041181142,-2.478389878,0.052173951,-0.225082106,0.034273592,-0.011034921
31.66,-1.979092264,-1.839657298,5.006530421,-2.475529957,-1.931639922,-2.066369134,5.041976427,-2.486696613,0.047452343,-0.226711836,0.035446006,-0.011166656
31.7,-1.990392288,-1.860351566,5.004208155,-2.48701248,-1.949351661,-2.088860489,5.043072604,-2.49793044,0.041040627,-0.228508923,0.038864449,-0.010917961
31.73,-1.998781441,-1.875822393,5.008108024,-2.494864358,-1.962540042,-2.105303237,5.043924394,-2.506407611,0.036241399,-0.229480844,0.035816369,-0.011543253
31.76,-2.007072689,-1.891255226,5.007785977,-2.503379358,-1.975608774,-2.121372083,5.044809293,-2.514747273,0.031463915,-0.230116857,0.037023315,-0.011367915
31.8,-2.017907837,-1.911758976,5.00879589,-2.514477548,-1.992807573,-2.142037785,5.046038929,-2.525650172,0.025100264,-0.230278809,0.037243038,-0.011172623
31.83,-2.025909899,-1.92708564,5.017565295,-2.523882713,-2.005573159,-2.156933103,5.047011642,-2.534047161,0.02033674,-0.229847463,0.029446347,-0.010164448
31.86,-2.033819436,-1.942371553,5.017595784,-2.531980213,-2.018232238,-2.171351475,5.047997614,-2.542663532,0.015587198,-0.228979922,0.03040183,-0.010683319
31.9,-2.044234755,-1.962693882,5.011789959,-2.543501161,-2.034819676,-2.189592288,5.049359464,-2.553963522,0.00941508,-0.226898406,0.037569505,-0.01046236
31.93,-2.051914118,-1.977887763,5.003658123,-2.552371689,-2.04699421,-2.202483296,5.050382201,-2.562108069,0.004919908,-0.224595534,0.046724077,-0.00973638
31.96,-2.059485485,-1.993027249,5.003279696,-2.560421689,-2.058984566,-2.214799302,5.051421347,-2.570330393,0.000500919,-0.221772053,0.048141651,-0.009908704
32.0,-2.057725629,-2.102341894,5.022639084,-2.571643161,-2.074622808,-2.230158997,5.052820511,-2.581795106,-0.016897179,-0.127817103,0.030181427,-0.010151946
32.03,-2.064464498,-2.119573591,5.032996956,-2.57955674,-2.086005459,-2.240832534,5.053899238,-2.590341089,-0.02154096,-0.121258942,0.020902283,-0.010784349
32.06,-2.071123541,-2.136770589,5.033545202,-2.58766674,-2.097083285,-2.25086465,5.054982092,-2.598578535,-0.025959744,-0.114094062,0.021436891,-0.010911795
32.1,-2.079854423,-2.159657437,5.038007131,-2.599853048,-2.111289806,-2.263077967,5.05639756,-2.609432143,-0.031435383,-0.103420529,0.018390428,-0.009579095
32.13,-2.086282202,-2.176806408,5.0392023,-2.608421557,-2.121531091,-2.271380696,5.057412471,-2.617955833,-0.035248889,-0.094574288,0.018210171,-0.009534276
32.16,-2.092633807,-2.193957905,5.039770925,-2.616366557,-2.131434012,-2.279040481,5.058383314,-2.626612758,-0.038800206,-0.085082577,0.018612388,-0.0102462
32.2,-2.1009716,-2.216794197,5.043456065,-2.628023356,-2.143907476,-2.288014702,5.059626561,-2.637717509,-0.042935875,-0.071220505,0.016170496,-0.009694153
32.23,-2.1071049,-2.233905959,5.042443229,-2.63822358,-2.152686932,-2.293813309,5.060508842,-2.645817816,-0.045582032,-0.059907349,0.018065613,-0.007594236
32.26,-2.113157512,-2.251007613,5.04300187,-2.64656358,-2.161059715,-2.298953293,5.061369647,-2.654139193,-0.047902203,-0.04794568,0.018367776,-0.007575612
32.3,-2.121118829,-2.2738216,5.039545565,-2.657678186,-2.17143489,-2.304610506,5.062441193,-2.665657776,-0.050316061,-0.030788906,0.022895628,-0.007979589
32.33,-2.127023052,-2.290948979,5.051968628,-2.665910435,-2.17852718,-2.307934772,5.063199816,-2.674074059,-0.051504128,-0.016985793,0.011231189,-0.008163625
32.36,-2.132847023,-2.308080794,5.052645952,-2.674177935,-2.18508265,-2.310593392,5.063902475,-2.682229166,-0.052235627,-0.002512598,0.011256524,-0.008051231
32.4,-2.140481539,-2.330936025,5.05158171,-2.686047351,-2.192860266,-2.312960427,5.064777016,-2.693225409,-0.052378727,0.017975598,0.013195305,-0.007178058
32.43,-2.146128677,-2.348087372,5.054815574,-2.694054584,-2.197970615,-2.313879783,5.06535749,-2.701817225,-0.051841938,0.034207589,0.010541915,-0.007762642
32.46,-2.151701752,-2.365257083,5.055377813,-2.702104584,-2.202505218,-2.314167693,5.065885988,-2.710393986,-0.050803466,0.05108939,0.010508175,-0.008289402
32.5,-2.270680479,-2.30862302,5.069356865,-2.71343886,-2.207413592,-2.313383065,5.066474277,-2.721385941,0.063266887,-0.004760046,-0.002882588,-0.00794708
32.53,-2.278793811,-2.323544261,5.074490598,-2.721966861,-2.210251384,-2.311945314,5.066830336,-2.729593912,0.068542427,0.011598947,-0.007660261,-0.007627051
32.56,-2.286858465,-2.33849047,5.075426146,-2.730166861,-2.212496095,-2.309913172,5.067123367,-2.738052486,0.07436237,0.028577298,-0.008302779,-0.007885625
32.6,-2.297561068,-2.358475932,5.073059793,-2.742049926,-2.21434523,-2.306121952,5.067367649,-2.749541369,0.083215838,0.05235398,-0.005692143,-0.007491443
32.63,-2.305529795,-2.373502667,5.071739501,-2.75050729,-2.2147859,-2.302473546,5.067428803,-2.757883032,0.090743894,0.071029121,-0.004310699,-0.007375742
32.66,-2.313446441,-2.388565736,5.072250809,-2.75869979,-2.214522627,-2.298271799,5.06738454,-2.766077009,0.098923814,0.090293937,-0.004866269,-0.007377219
32.7,-2.32392994,-2.408704746,5.065896094,-2.769453596,-2.212915465,-2.291739524,5.06719854,-2.777220046,0.111014475,0.116965222,0.001302446,-0.00776645
32.73,-2.331744977,-2.42386504,5.059770807,-2.777698609,-2.210755366,-2.28618504,5.066957771,-2.785757413,0.120989611,0.13768,0.007186963,-0.008058804
32.76,-2.339513966,-2.439086944,5.059680999,-2.786116109,-2.207851423,-2.280152148,5.066659249,-2.794220974,0.131662543,0.158934796,0.006978249,-0.008104864
32.8,-2.349813814,-2.459453358,5.058376559,-2.797552462,-2.202584641,-2.271235869,5.066114413,-2.805244469,0.147229172,0.188217489,0.007737854,-0.007692007
32.83,-2.357486344,-2.474786144,5.051794523,-2.806671523,-2.19763636,-2.263917227,5.065624299,-2.813578359,0.159849984,0.210868918,0.013829776,-0.006906836
32.86,-2.36513018,-2.490189629,5.051273399,-2.814784023,-2.191987471,-2.256151671,5.065067134,-2.822093058,0.173142709,0.234037958,0.013793736,-0.007309035
32.9,-2.375316793,-2.510840871,5.047235543,-2.826565518,-2.183114184,-2.244967396,5.064203789,-2.833481888,0.192202609,0.265873475,0.016968246,-0.00691637
32.93,-2.38294056,-2.526416683,5.043372063,-2.83566518,-2.175408496,-2.235953223,5.063447453,-2.841792843,0.207532065,0.29046346,0.02007539,-0.006127663
32.96,-2.390545767,-2.542047494,5.042422258,-2.84386518,-2.166962164,-2.226499463,5.062615511,-2.850053165,0.223583603,0.315548031,0.020193253,-0.006187985
33.0,-2.293028581,-2.345867139,5.045572,-2.854926209,-2.154414846,-2.213126322,5.061386304,-2.86135269,0.138613735,0.132740817,0.015814303,-0.00642648
33.03,-2.297604733,-2.356188423,5.037190282,-2.863027861,-2.144023675,-2.202531354,5.060374289,-2.869928718,0.153581058,0.153657069,0.023184007,-0.006900857
33.06,-2.302180532,-2.366578855,5.035939971,-2.871245361,-2.1328795,-2.191525849,5.059299817,-2.878356236,0.169301032,0.175053006,0.023359846,-0.007110875
33.1,-2.308247143,-2.380543474,5.036810099,-2.881559138,-2.116656483,-2.176134851,5.057704609,-2.889386976,0.19159066,0.204408624,0.02089451,-0.007827838
33.13,-2.312802793,-2.391085023,5.04240543,-2.889627943,-2.103524981,-2.16410768,5.056419522,-2.897808426,0.209277812,0.226977343,0.014014092,-0.008180484
33.16,-2.317380103,-2.401698509,5.041203727,-2.898040443,-2.089697603,-2.151762312,5.055065756,-2.906346235,0.2276825,0.249936197,0.013862029,-0.008305792
33.2,-2.323526116,-2.41597314,5.046251737,-2.909705483,-2.069908799,-2.134758778,5.053162787,-2.917631234,0.253617317,0.281214362,0.00691105,-0.007925751
33.23,-2.328151695,-2.426778629,5.035147044,-2.918932903,-2.054045324,-2.12163334,5.051626874,-2.925974532,0.274106371,0.305145289,0.016479831,-0.007041629
33.26,-2.332774663,-2.437679922,5.033626101,-2.927212903,-2.03748568,-2.108258157,5.050032927,-2.934346661,0.295288983,0.329421765,0.016406826,-0.007133758
33.3,-2.338976735,-2.45234468,5.035943682,-2.93884433,-2.014195469,-2.089985308,5.047794951,-2.945682987,0.324781267,0.362359372,0.011851269,-0.006838657
33.33,-2.343672186,-2.463438164,5.047106619,-2.947061116,-1.995788417,-2.075942884,5.046062153,-2.954165158,0.347883768,0.38749528,-0.001044466,-0.007104041
33.36,-2.348399591,-2.474617291,5.045910317,-2.955348616,-1.976680798,-2.061651275,5.044277526,-2.962516339,0.371718793,0.412966016,-0.001632791,-0.007167723
33.4,-2.3547251,-2.489645861,5.035860925,-2.96744314,-1.949994691,-2.042157492,5.041802768,-2.973573898,0.404730409,0.447488369,0.005941843,-0.006130758
33.43,-2.359519698,-2.501035807,5.027136943,-2.975807793,-1.9291514,-2.027230174,5.039879457,-2.982019545,0.430368299,0.473805633,0.012742514,-0.006211752
33.46,-2.364365392,-2.512533234,5.025264951,-2.983847793,-1.907702806,-2.012086181,5.037910736,-2.990519584,0.456662586,0.500447053,0.012645785,-0.006671791
33.5,-2.101880588,-2.206803114,5.036266643,-2.995173549,-1.87793988,-1.991503793,5.035243181,-3.001669544,0.223940708,0.215299321,-0.001023462,-0.006495995
33.53,-2.100126966,-2.210922514,5.029840054,-3.004116576,-1.854778021,-1.975795006,5.033209249,-3.009936057,0.245348945,0.235127508,0.003369195,-0.005819482
33.56,-2.098408292,-2.215131326,5.028118018,-3.012674076,-1.831063448,-1.959906695,5.031173984,-3.018290547,0.267344844,0.255224631,0.003055965,-0.005616471
33.6,-2.096222417,-2.220905889,5.030026876,-3.023402604,-1.798466734,-1.938421794,5.028407295,-3.029592997,0.297755683,0.282484095,-0.001619581,-0.006190393
33.63,-2.094677651,-2.22535669,5.030636126,-3.03174187,-1.773240206,-1.922106392,5.026312346,-3.037990924,0.321437446,0.303250298,-0.00432378,-0.006249054
33.66,-2.093180092,-2.229893802,5.029009739,-3.03993687,-1.747445841,-1.905669123,5.02418155,-3.046302835,0.345734251,0.324224679,-0.004828189,-0.006365965
33.7,-2.091238849,-2.23610454,5.033298369,-3.050793727,-1.712110779,-1.883586129,5.021325463,-3.057426836,0.379128071,0.352518411,-0.011972906,-0.006633108
33.73,-2.089852593,-2.240882417,5.031602386,-3.059182679,-1.684966594,-1.866935847,5.019178814,-3.065848445,0.404885999,0.37394657,-0.012423571,-0.006665766
33.76,-2.088561755,-2.245763672,5.030076714,-3.067595179,-1.657337771,-1.850232502,5.01704742,-3.074265512,0.431223984,0.39553117,-0.013029294,-0.006670333
33.8,-2.08694299,-2.252447912,5.038137448,-3.079306171,-1.619583543,-1.827875277,5.014209717,-3.085394769,0.467359447,0.424572635,-0.023927731,-0.006088598
33.83,-2.085793918,-2.257577707,5.038640625,-3.087684935,-1.59064796,-1.811054295,5.01208962,-3.093720983,0.495145959,0.446523412,-0.026551004,-0.006036048
33.86,-2.084726153,-2.262803618,5.037421892,-3.095972435,-1.561321165,-1.794201297,5.009987467,-3.102091669,0.523404988,0.468602321,-0.027434425,-0.006119234
33.9,-2.083457015,-2.269956161,5.044563915,-3.106923052,-1.521507935,-1.771678235,5.007211608,-3.113296998,0.561949081,0.498277927,-0.037352307,-0.006373945
33.93,-2.082606122,-2.275448401,5.041898607,-3.115610164,-1.491079324,-1.754752382,5.005155914,-3.121639507,0.591526798,0.520696019,-0.036742693,-0.006029343
33.96,-2.081819773,-2.28105897,5.0408647,-3.123715164,-1.460261434,-1.737809053,5.003099319,-3.129942942,0.621558339,0.543249918,-0.037765381,-0.006227778
34.0,-1.776494772,-2.03522446,5.034320154,-3.134509452,-1.418574132,-1.715201166,5.00040304,-3.141063344,0.357920641,0.320023294,-0.033917114,-0.006553892
34.03,-1.768816868,-2.035652449,5.028483812,3.140352828,-1.386901292,-1.698244861,4.998414373,3.133734954,0.381915577,0.337407588,-0.030069439,-0.006617874
34.06,-1.761241173,-2.036190736,5.027174789,3.131922828,-1.354906202,-1.681295782,4.996475521,3.125368785,0.406334971,0.354894954,-0.030699268,-0.006554042
34.1,-1.751272159,-2.037053633,5.024070584,3.12149745,-1.311662007,-1.65872454,4.993947998,3.114278696,0.439610152,0.378329093,-0.030122586,-0.007218754
34.13,-1.743887498,-2.037838429,5.0213968,3.112162556,-1.278878704,-1.641827626,4.992128141,3.105947806,0.465008795,0.396010803,-0.029268659,-0.00621475
34.16,-1.736608349,-2.038739779,5.020066183,3.103862556,-1.245887535,-1.624959835,4.99036171,3.097584667,0.490720814,0.413779944,-0.029704473,-0.006277889
34.2,-1.727069972,-2.040105769,5.015215493,3.09341874,-1.201490997,-1.602535331,4.988127906,3.086431615,0.525578976,0.437570438,-0.027087587,-0.006987125
34.23,-1.720026439,-2.041252177,5.004020463,3.084478502,-1.16786849,-1.585774235,4.986526332,3.078101559,0.55215795,0.455477942,-0.017494131,-0.006376942
34.26,-1.713077503,-2.042496452,5.002359578,3.075916002,-1.134053946,-1.569055332,4.984979603,3.069780865,0.579023557,0.47344112,-0.017379975,-0.006135137
34.3,-1.703942461,-2.044345163,5.013334503,3.064489081,-1.088724437,-1.546837534,4.983037664,3.058649763,0.615218024,0.49750763,-0.030296839,-0.005839318
34.33,-1.697230434,-2.045858681,4.998395544,3.056028716,-1.054551321,-1.53023252,4.981686268,3.050288185,0.642679113,0.515626161,-0.016709276,-0.005740531
34.36,-1.690638561,-2.047490582,4.996858799,3.047701216,-1.020224336,-1.513674685,4.98041832,3.041947571,0.670414225,0.533815897,-0.01644048,-0.005753645
34.4,-1.681975387,-2.049854809,4.983913128,3.037338814,-0.974218826,-1.491685763,4.978813741,3.030859178,0.70775656,0.558169046,-0.005099387,-0.006479636
34.43,-1.675579453,-2.051764133,4.987149031,3.028248949,-0.939632561,-1.475255337,4.97770661,3.02252377,0.735946892,0.576508796,-0.009442421,-0.005725179
34.46,-1.669291594,-2.0537891,4.985558223,3.019941449,-0.905011805,-1.458868906,4.976669961,3.014169769,0.764279789,0.594920194,-0.008888262,-0.005771679
34.5,-1.260852448,-1.74946533,4.987216003,3.00856757,-0.858739281,-1.437109749,4.975466977,3.003045207,0.402113167,0.312355581,-0.011749026,-0.005522363
34.53,-1.245713586,-1.745049978,4.987858782,3.000029886,-0.82395477,-1.420859698,4.974666338,2.994727562,0.421758816,0.32419028,-0.013192444,-0.005302324
34.56,-1.230674106,-1.740739773,4.986625105,2.991822386,-0.789168204,-1.404654104,4.973951596,2.986406536,0.441505902,0.336085669,-0.012673509,-0.00541585
34.6,-1.21078592,-1.735149266,4.978320247,2.980289733,-0.7428618,-1.383118524,4.97312738,2.975276732,0.46792412,0.352030742,-0.005192867,-0.005013001
34.63,-1.196013329,-1.731087144,4.970189268,2.973125521,-0.708167606,-1.367024757,4.972618665,2.966928105,0.487845724,0.364062386,0.002429396,-0.006197416
34.66,-1.18134818,-1.727125289,4.968662106,2.964603021,-0.673480995,-1.350976032,4.972178069,2.958598577,0.507867185,0.376149256,0.003515964,-0.006004444
34.7,-1.161941759,-1.722033104,4.959077355,2.953642416,-0.627319384,-1.329647268,4.971722384,2.947504452,0.534622375,0.392385837,0.012645029,-0.006137964
34.73,-1.147500452,-1.718345896,4.964609122,2.944667089,-0.59284562,-1.313688412,4.971498917,2.939158171,0.554654833,0.404657485,0.006889795,-0.005508918
34.76,-1.133185095,-1.714750422,4.963240829,2.936352089,-0.558479916,-1.297758221,4.971363674,2.930800682,0.574705179,0.416992201,0.008122845,-0.005551407
34.8,-1.114287189,-1.710115361,4.953635371,2.925863422,-0.512804854,-1.276585168,4.971356424,2.919676232,0.601482336,0.433530193,0.017721053,-0.00618719
34.83,-1.100244572,-1.706774984,4.937838697,2.917615059,-0.47868602,-1.260753192,4.97144507,2.911342424,0.621558552,0.446021792,0.033606373,-0.006272635
34.86,-1.086291048,-1.70354848,4.935983147,2.909362559,-0.444725223,-1.244944767,4.971616904,2.902997827,0.641565825,0.458603713,0.035633757,-0.006364732
34.9,-1.067868817,-1.69943516,4.940860174,2.896639648,-0.399769286,-1.22390382,4.971982021,2.891851353,0.668099531,0.47553134,0.031121847,-0.004788294
34.93,-1.054189747,-1.696481972,4.927911523,2.888525093,-0.366254485,-1.208162201,4.972397911,2.883495557,0.687935262,0.488319772,0.044486388,-0.005029536
34.96,-1.040621425,-1.693647212,4.926134648,2.880330093,-0.332881167,-1.192450701,4.972892648,2.875147567,0.707740258,0.501196511,0.046758,-0.005182525
35.0,-0.818768308,-1.464314445,4.942539089,2.869087443,-0.288735276,-1.171532562,4.973689643,2.864012731,0.530033032,0.292781883,0.031150554,-0.005074712
35.03,-0.801709502,-1.457279061,4.940945424,2.861464319,-0.255946064,-1.155850206,4.974381159,2.855649361,0.545763438,0.301428856,0.033435735,-0.005814958
35.06,-0.784763776,-1.450356923,4.939886187,2.853011819,-0.223368908,-1.140177194,4.975154723,2.847283904,0.561394868,0.310179729,0.035268536,-0.005727915
35.1,-0.762334567,-1.441309205,4.935683514,2.841330858,-0.180275588,-1.119308644,4.976292854,2.83613891,0.582058978,0.322000562,0.04060934,-0.005191948
35.13,-0.745609998,-1.434659712,4.938755564,2.832553526,-0.148259363,-1.103664502,4.977212122,2.827780121,0.597350636,0.330995211,0.038456558,-0.004773406
35.16,-0.728990554,-1.428100073,4.937822961,2.824206026,-0.116512491,-1.088011078,4.978185318,2.819414757,0.612478063,0.340088995,0.040362357,-0.004791269
35.2,-0.707009142,-1.419517149,4.938395039,2.814160813,-0.074668984,-1.067125466,4.979588035,2.808253093,0.632340158,0.352391683,0.041192997,-0.00590772
35.23,-0.690667273,-1.41321143,4.93311491,2.805384767,-0.043604268,-1.051461184,4.980726933,2.799884133,0.647063005,0.361750246,0.047612023,-0.005500634
35.26,-0.674417987,-1.407037125,4.932223896,2.797177267,-0.012780669,-1.035786981,4.981905748,2.791522371,0.661637318,0.371250144,0.049681852,-0.005654896
35.3,-0.652898701,-1.399004506,4.922728111,2.786859337,0.027787062,-1.014822864,4.983575454,2.780366135,0.680685763,0.384181642,0.060847343,-0.006493202
35.33,-0.636914519,-1.393123816,4.923755827,2.778832439,0.057798202,-0.999030563,4.984885345,2.771978713,0.69471272,0.394093253,0.061129519,-0.006853727
35.36,-0.621069323,-1.387371849,4.922758256,2.770217439,0.087542289,-0.983192698,4.98625913,2.763597364,0.708611612,0.404179151,0.063500874,-0.006620076
35.4,-0.600104375,-1.379921846,4.933441721,2.759144314,0.126732426,-0.961987468,4.988173723,2.75246637,0.726836801,0.417934377,0.054732002,-0.006677943
35.43,-0.584465697,-1.374488309,4.951819169,2.750755893,0.155713278,-0.94598431,4.98968417,2.744110123,0.740178975,0.428504,0.037865001,-0.00664577
35.46,-0.568919303,-1.369181423,4.9518811,2.742468393,0.184365961,-0.929892129,4.991228951,2.73572104,0.753285264,0.439289293,0.039347851,-0.006747353
35.5,-0.215674442,-1.093927198,4.958892641,2.731035356,0.222016272,-0.908284931,4.993344709,2.724524488,0.437690714,0.185642267,0.034452068,-0.006510869
35.53,-0.193158244,-1.083229297,4.973030747,2.721976288,0.249881662,-0.891978502,4.994934631,2.716167665,0.443039906,0.191250795,0.021903884,-0.005808623
35.56,-0.170723323,-1.072655878,4.973684578,2.713481288,0.277452582,-0.87558446,4.996517386,2.707822429,0.448175904,0.197071418,0.022832808,-0.005658859
35.6,-0.140954098,-1.058755241,4.973943322,2.701995562,0.313600204,-0.853523913,4.998642979,2.696641881,0.454554302,0.205231328,0.024699658,-0.005353681
35.63,-0.118748428,-1.048478443,4.986855254,2.692911146,0.340263571,-0.836824495,5.000234399,2.688231312,0.459011998,0.211653949,0.013379145,-0.004679834
35.66,-0.096638557,-1.038325139,4.987789267,2.684133646,0.366638125,-0.820023894,5.001829975,2.679849344,0.463276682,0.218301246,0.014040707,-0.004284302
35.7,-0.067280682,-1.024986624,4.98505217,2.67280842,0.401268573,-0.797422422,5.003941454,2.668727052,0.468549256,0.227564202,0.018889284,-0.004081368
35.73,-0.045357092,-1.015135751,5.006199432,2.663861818,0.42678204,-0.780282814,5.005519077,2.660347499,0.472139133,0.234852937,-0.000680354,-0.00351432
35.76,-0.02354107,-1.005408254,5.007518178,2.655646818,0.451954067,-0.762997638,5.007070784,2.651927146,0.475495137,0.242410616,-0.000447394,-0.003719672
35.8,0.005381429,-0.992619059,5.010106216,2.644840921,0.48495432,-0.739710164,5.00913815,2.640723994,0.479572891,0.252908894,-0.000968066,-0.004116927
35.83,0.026984531,-0.983184986,5.008718598,2.634928838,0.509305689,-0.722071513,5.010646747,2.632375113,0.482321158,0.261113473,0.001928148,-0.002553725
35.86,0.048517619,-0.973894987,5.009821172,2.626613838,0.533334565,-0.704286112,5.012129705,2.624016829,0.484816946,0.269608875,0.002308533,-0.002597009
35.9,0.077106782,-0.961715052,5.002393474,2.614141959,0.564741181,-0.680273958,5.014044604,2.612791759,0.487634399,0.281441095,0.01165113,-0.0013502
35.93,0.098426724,-0.952723336,5.003686129,2.605458625,0.587861187,-0.662057465,5.015452859,2.604371262,0.489434464,0.290665872,0.01176673,-0.001087363
35.96,0.119671754,-0.943858173,5.004330775,2.597088625,0.610695638,-0.643704329,5.016839162,2.595996154,0.491023885,0.300153844,0.012508387,-0.001092471
36.0,0.248191565,-0.884726467,5.004379478,2.585137716,0.640584368,-0.618955937,5.018657323,2.584857587,0.392392803,0.26577053,0.014277844,-0.000280129
36.03,0.270449098,-0.876131063,5.011781395,2.57517033,0.662536223,-0.600151636,5.020002509,2.576446045,0.392087125,0.275979427,0.008221115,0.001275715
36.06,0.292607475,-0.867644463,5.012478767,2.56665283,0.684162623,-0.581174236,5.021326152,2.568008832,0.391555149,0.286470227,0.008847385,0.001356002
36.1,0.32200195,-0.85653804,5.004457753,2.554510464,0.712469467,-0.555589508,5.023070098,2.556820685,0.390467516,0.300948532,0.018612345,0.002310221
36.13,0.343964442,-0.848368112,5.010039444,2.545601766,0.733303081,-0.536183457,5.024334442,2.54847114,0.389338639,0.312184655,0.014294998,0.002869374
36.16,0.365852904,-0.840335825,5.010460898,2.537281766,0.753812928,-0.516591686,5.025581055,2.540090141,0.387960023,0.323744139,0.015120156,0.002808375
36.2,0.394920752,-0.829833538,5.007542376,2.526817353,0.780558073,-0.490116441,5.027189463,2.528841995,0.38563732,0.339717096,0.019647087,0.002024641
36.23,0.416620888,-0.822105017,5.009265544,2.517946857,0.80021568,-0.470024758,5.028379159,2.520435291,0.383594792,0.352080258,0.019113615,0.002488434
36.26,0.438246432,-0.814522118,5.009417177,2.509396857,0.81959684,-0.449770866,5.029537772,2.512072979,0.381350408,0.364751253,0.020120595,0.002676122
36.3,0.466997927,-0.804653385,5.017634555,2.498477938,0.844875207,-0.422425418,5.031052964,2.500910353,0.377877279,0.382227967,0.013418409,0.002432415
36.33,0.488475272,-0.797414527,5.016310546,2.489545503,0.863381921,-0.40163761,5.032148201,2.492482451,0.374906649,0.395776917,0.015837656,0.002936947
36.36,0.509874297,-0.790305871,5.016476863,2.481333003,0.881584428,-0.380664266,5.033221518,2.484053605,0.371710131,0.409641605,0.016744654,0.002720602
36.4,0.538315004,-0.781044711,5.012753509,2.46946253,0.905347484,-0.352396388,5.034594791,2.472880817,0.367032481,0.428648323,0.021841282,0.003418288
36.43,0.559574098,-0.774277202,5.005532981,2.460546408,0.922765201,-0.330947543,5.035580376,2.464510292,0.363191103,0.443329659,0.030047395,0.003963884
36.46,0.580774262,-0.767654626,5.005165396,2.452403908,0.9398589,-0.309293631,5.036536786,2.456106009,0.359084638,0.458360996,0.031371389,0.003702101
36.5,0.58918566,-0.631685607,5.015459395,2.440777823,0.962078195,-0.280060876,5.037754642,2.444869312,0.372892535,0.351624731,0.022295247,0.00409149
36.53,0.608782065,-0.622861654,5.016610769,2.432504972,0.978362466,-0.257904049,5.038653721,2.436476163,0.369580401,0.364957605,0.022042952,0.003971191
36.56,0.628331674,-0.61418321,5.016434613,2.424089972,0.994370446,-0.235577643,5.039529834,2.42810383,0.366038772,0.378605567,0.023095221,0.004013857
36.6,0.654324788,-0.602824705,5.018551254,2.413215123,1.015151972,-0.205447356,5.040663763,2.416911264,0.360827184,0.39737735,0.022112509,0.003696141
36.63,0.673727135,-0.594466975,5.02829064,2.404919563,1.030316407,-0.182572021,5.041457812,2.408487415,0.356589272,0.411894954,0.013167172,0.003567852
36.66,0.693058634,-0.586249826,5.02828222,2.396657063,1.04521082,-0.159520831,5.042231775,2.400076031,0.352152186,0.426728995,0.013949555,0.003418968
36.7,0.718752148,-0.575552965,5.037742692,2.385090512,1.064610336,-0.128482176,5.043203406,2.388912301,0.345858188,0.447070789,0.005460714,0.003821789
36.73,0.737965682,-0.567712992,5.047785671,2.376955784,1.078782069,-0.104935245,5.04389665,2.380529151,0.340816387,0.462777747,-0.003889021,0.003573367
36.76,0.75711391,-0.560021583,5.048138857,2.368570784,1.092664101,-0.081174915,5.044540616,2.372112741,0.335550191,0.478846668,-0.003598241,0.003541957
36.8,0.782542575,-0.54999016,5.047075466,2.357575031,1.110691987,-0.04914517,5.045317982,2.360884221,0.328149412,0.50084499,-0.001757484,0.00330919
36.83,0.801523131,-0.542644068,5.054463846,2.348324249,1.12389469,-0.024900006,5.045828419,2.352501408,0.322371559,0.517744062,-0.008635427,0.00417716
36.86,0.82043597,-0.535470275,5.05472734,2.339871749,1.136853358,-0.000479459,5.046286813,2.344125448,0.316417388,0.534990816,-0.008440527,0.004253699
36.9,0.845557159,-0.526136388,5.047841622,2.328625074,1.153637588,0.032451587,5.046818619,2.332916958,0.308080429,0.558587975,-0.001023003,0.004291884
36.93,0.864311365,-0.519301892,5.049800872,2.320592411,1.165874141,0.057409405,5.047144622,2.324498472,0.301562776,0.576711297,-0.002656251,0.00390606
36.96,0.883003548,-0.512613894,5.049668724,2.312314911,1.177888255,0.082521687,5.047433294,2.316098255,0.294884707,0.595135582,-0.00223543,0.003783344
37.0,1.062046838,-0.185610691,5.060629863,2.300517306,1.193501394,0.116286053,5.047742029,2.304921486,0.131454556,0.301896744,-0.012887834,0.004404181
37.03,1.084150047,-0.171818244,5.056299158,2.293066191,1.204866503,0.141864359,5.047938925,2.296523584,0.120716456,0.313682602,-0.008360233,0.003457394
37.06,1.106197756,-0.15818725,5.056127531,2.284721191,1.215978474,0.167630861,5.048082855,2.288117044,0.109780719,0.325818111,-0.008044676,0.003395854
37.1,1.135511764,-0.140248255,5.047972684,2.274127465,1.23038666,0.202265716,5.048186343,2.276918233,0.094874896,0.342513971,0.000213658,0.002790768
37.13,1.157457544,-0.126980592,5.049382595,2.266216206,1.240906635,0.228422414,5.048181072,2.268523452,0.083449092,0.355403007,-0.001201523,0.002307246
37.16,1.179366593,-0.113888378,5.048738849,2.257606206,1.251192206,0.254734112,5.048139929,2.260119284,0.071825613,0.36862249,-0.000598919,0.002513078
37.2,1.208494884,-0.096656456,5.046606933,2.246384374,1.264438343,0.290126259,5.048007483,2.248927237,0.055943459,0.386782715,0.00140055,0.002542863
37.23,1.230277848,-0.08390897,5.048742531,2.23770776,1.27403783,0.316851871,5.047867414,2.240543821,0.043759981,0.400760841,-0.000875117,0.00283606
37.26,1.252018232,-0.071328622,5.047938926,2.22935776,1.283403883,0.343668691,5.047699372,2.232122409,0.03138565,0.414997313,-0.000239554,0.002764648
37.3,1.280976145,-0.054828467,5.050487613,2.218687731,1.295411778,0.379599526,5.047435256,2.220841811,0.014435633,0.434427993,-0.003052357,0.002154081
37.33,1.302648824,-0.042662359,5.039513819,2.210684144,1.303999467,0.406705218,5.047209459,2.212474543,0.001350643,0.449367578,0.00769564,0.001790399
37.36,1.324269764,-0.030640048,5.038305779,2.202226644,1.312278688,0.433903501,5.046952805,2.204173308,-0.011991076,0.464543549,0.008647026,0.001946664
37.4,1.353049725,-0.014840571,5.049564091,2.191439919,1.322780579,0.470254889,5.04658289,2.192976442,-0.030269146,0.485095461,-0.002981201,0.001536524
37.43,1.37458971,-0.00318627,5.046176075,2.183863571,1.330238314,0.497571831,5.046285419,2.184463091,-0.044351395,0.500758101,0.000109345,0.000599519
37.46,1.396082329,0.008298792,5.045168255,2.175586071,1.337357381,0.5249559,5.045992209,2.17602724,-0.058724948,0.516657108,0.000823954,0.000441169
37.5,1.212772657,0.347352024,5.060273066,2.163838895,1.346211361,0.561589564,5.04554459,2.165010869,0.133438704,0.21423754,-0.014728476,0.001171973
37.53,1.228227534,0.365708053,5.066166059,2.155765941,1.352397826,0.58909565,5.045189999,2.156663794,0.124170293,0.223387597,-0.020976059,0.000897852
37.56,1.243644241,0.383892846,5.065659273,2.147343441,1.358259806,0.616602032,5.044810378,2.148161261,0.114615565,0.232709185,-0.020848895,0.000817819
37.6,1.264153114,0.407873316,5.060955976,2.137028978,1.365438337,0.65332357,5.044272077,2.136896076,0.101285222,0.245450254,-0.016683899,-0.000132902
37.63,1.279482958,0.425665383,5.059493982,2.128141948,1.370333539,0.680918378,5.043808689,2.128684828,0.090850582,0.255252995,-0.015685293,0.00054288
37.66,1.294763505,0.443300104,5.058629975,2.119836948,1.374900903,0.708518251,5.043314023,2.120470196,0.080137397,0.265218147,-0.015315952,0.000633248
37.7,1.315065433,0.466554657,5.042780139,2.107059483,1.38044193,0.745268732,5.042601753,2.109211294,0.065376497,0.278714075,-0.000178385,0.002151811
37.73,1.330255958,0.483779646,5.029985852,2.098406534,1.384179611,0.772819276,5.042044659,2.100736154,0.053923653,0.289039631,0.012058807,0.00232962
37.76,1.345421222,0.500828546,5.028158245,2.089864034,1.387599175,0.800387302,5.041473567,2.092434345,0.042177953,0.299558756,0.013315323,0.002570311
37.8,1.365575758,0.523317032,5.013819101,2.079763787,1.39159855,0.837129838,5.040699803,2.081525194,0.026022793,0.313812806,0.026880702,0.001761407
37.83,1.380650868,0.540011889,5.018663643,2.07242901,1.3942095,0.864600709,5.040148241,2.073134312,0.013558632,0.32458882,0.021484598,0.000705302
37.86,1.39570118,0.556525073,5.016664321,2.06417401,1.396532691,0.892001091,5.039622691,2.064613361,0.000831511,0.335476018,0.02295837,0.000439351
37.9,1.415720917,0.578275668,5.02444877,2.053575356,1.399055491,0.928453951,5.039022904,2.05349069,-0.016665426,0.350178283,0.014574134,-8.4666e-05
37.93,1.430705125,0.594404825,5.036444487,2.045363091,1.400510154,0.95571422,5.038620182,2.045374927,-0.030194971,0.361309396,0.002175696,1.1836e-05
37.96,1.445661603,0.610377111,5.035283872,2.036895591,1.40166376,0.982861996,5.03826752,2.03715267,-0.043997843,0.372484885,0.002983648,0.000257079
38.0,1.284104355,0.765924096,5.035934481,2.026695524,1.402657693,1.01880424,5.037850497,2.025802567,0.118553338,0.252880144,0.001916016,-0.000892957
38.03,1.294690103,0.783719201,5.035030696,2.019022887,1.402962345,1.045602189,5.037585372,2.017398792,0.108272242,0.261882988,0.002554676,-0.001624095
38.06,1.305260423,0.801348337,5.033955157,2.010602887,1.402933798,1.072293778,5.037325,2.009258639,0.097673375,0.270945441,0.003369843,-0.001344247
38.1,1.319323647,0.824644354,5.015936554,2.000035425,1.402315306,1.107603405,5.037002292,1.998462219,0.082991659,0.282959051,0.021065738,-0.001573206
38.13,1.329842958,0.841934595,5.016411943,1.99135871,1.40145524,1.133810547,5.036780016,1.990027947,0.071612281,0.291875953,0.020368073,-0.001330763
38.16,1.340345902,0.859039087,5.014876291,1.98292121,1.400316101,1.159831474,5.036584372,1.981521739,0.059970199,0.300792387,0.021708081,-0.001399471
38.2,1.354324916,0.881581462,5.022035282,1.971689789,1.398297483,1.194244713,5.036402527,1.970523951,0.043972567,0.312663251,0.014367245,-0.001165839
38.23,1.364778953,0.898314871,5.027412534,1.963804818,1.396451924,1.219819161,5.036316029,1.962381947,0.03167297,0.32150429,0.008903495,-0.001422871
38.26,1.37521399,0.914888978,5.026440127,1.955559818,1.394400719,1.245176071,5.036276729,1.954069167,0.019186729,0.330287093,0.009836601,-0.001490651
38.3,1.389103459,0.936736835,5.018797081,1.944836256,1.391313778,1.278578738,5.036281983,1.9427445,0.002210319,0.341841904,0.017484902,-0.002091756
38.33,1.399488673,0.952944729,5.007298982,1.936506215,1.388726723,1.303370364,5.036341124,1.934418188,-0.010761951,0.350425635,0.029042141,-0.002088027
38.36,1.409853616,0.969011685,5.005800047,1.928326215,1.385946492,1.327969421,5.036416096,1.926250072,-0.023907124,0.358957736,0.030616049,-0.002076143
38.4,1.423647341,0.990218398,5.000937688,1.918268718,1.381919394,1.360318959,5.036587315,1.915242749,-0.041727947,0.370100561,0.035649628,-0.003025969
38.43,1.433969742,1.005942952,4.993774516,1.910729974,1.378672585,1.384200236,5.036767161,1.906763417,-0.055297157,0.378257285,0.042992645,-0.003966558
38.46,1.444267431,1.021499553,4.992082467,1.902599974,1.375250753,1.407827673,5.037010807,1.89832271,-0.069016678,0.38632812,0.04492834,-0.004277264
38.5,1.436600241,1.214461851,5.001336544,1.892191285,1.370359452,1.43889126,5.037430356,1.887396822,-0.066240789,0.224429409,0.036093812,-0.004794462
38.53,1.446875494,1.233201459,5.005095291,1.882849715,1.366465025,1.461796015,5.037831554,1.879199653,-0.080410469,0.228594556,0.032736263,-0.003650062
38.56,1.457127491,1.251807634,5.004064111,1.874377215,1.362419986,1.484369002,5.038296142,1.870790546,-0.094707505,0.232561368,0.03423203,-0.003586669
38.6,1.47077149,1.276375595,5.008385808,1.863039968,1.356743852,1.51389799,5.039013434,1.85936434,-0.114027638,0.237522395,0.030627626,-0.003675628
38.63,1.480981269,1.294635682,5.013837037,1.85445709,1.352274952,1.535717683,5.03963314,1.851013471,-0.128706317,0.241082001,0.025796103,-0.003443619
38.66,1.491163625,1.312785872,5.013251073,1.84632459,1.34768161,1.55732442,5.040282145,1.842793616,-0.143482015,0.244538549,0.027031073,-0.003530974
38.7,1.50471268,1.336799062,5.010395047,1.83454873,1.341424086,1.585688902,5.041238646,1.831698182,-0.163288594,0.24888984,0.030843599,-0.002850548
38.73,1.514848283,1.354643149,5.004666613,1.826761846,1.336694251,1.606638677,5.041996717,1.823295248,-0.178154032,0.251995528,0.037330104,-0.003466599
38.76,1.524968362,1.372341759,5.003911405,1.818486846,1.331954953,1.627416854,5.042804202,1.814930617,-0.19301341,0.255075095,0.038892798,-0.003556229
38.8,1.538425795,1.395727504,5.005351539,1.807279884,1.325644037,1.654882709,5.043934826,1.803813202,-0.212781758,0.259155205,0.038583287,-0.003466682
38.83,1.548511038,1.413122853,4.996323852,1.799073005,1.320951066,1.675263251,5.044842471,1.795453723,-0.227559972,0.262140398,0.04851862,-0.003619282
38.86,1.558592373,1.430375548,4.99541818,1.790730505,1.316301558,1.695457674,5.045784197,1.787089863,-0.242290815,0.265082127,0.050366018,-0.003640641
38.9,1.57204612,1.453142052,5.007494102,1.779842923,1.310169014,1.722117937,5.047106449,1.775940319,-0.261877106,0.268975886,0.039612348,-0.003902605
38.93,1.58214266,1.470058693,5.005623234,1.770439283,1.305601053,1.741992611,5.048146146,1.767570976,-0.276541606,0.271933918,0.042522912,-0.002868307
38.96,1.592230145,1.486861248,5.00511581,1.762091783,1.301055301,1.761766947,5.049209751,1.759201738,-0.291174844,0.274905699,0.044093941,-0.002890045
39.0,1.50168543,1.551280884,5.01285617,1.750182048,1.295041432,1.787869316,5.050667531,1.748035843,-0.206643997,0.236588432,0.03781136,-0.002146205
39.03,1.509491644,1.568056016,5.015808065,1.741585732,1.290552498,1.807271945,5.051771712,1.739648391,-0.218939145,0.239215929,0.035963647,-0.001937342
39.06,1.517274672,1.584697734,5.015593592,1.733518232,1.286062024,1.826607271,5.05289878,1.731270588,-0.231212647,0.241909538,0.037305188,-0.002247645
39.1,1.52763376,1.606707762,5.019996465,1.723284525,1.280059782,1.852285462,5.054390005,1.720133433,-0.247573978,0.2455777,0.034393539,-0.003151092
39.13,1.535383663,1.62308922,5.015218649,1.714951104,1.275558375,1.871406392,5.0555196,1.711770843,-0.259825288,0.248317173,0.040300951,-0.003180261
39.16,1.543085211,1.639357484,5.014888208,1.706603604,1.271064625,1.890419689,5.05663694,1.703392283,-0.272020586,0.251062206,0.041748732,-0.003211321
39.2,1.553319325,1.660862425,5.010931171,1.69574465,1.265085094,1.915676479,5.058145965,1.692221393,-0.288234231,0.254814054,0.047214794,-0.003523256
39.23,1.560970903,1.67685544,5.005114065,1.687937078,1.260605143,1.934600601,5.059267363,1.683845366,-0.30036576,0.257745161,0.054153299,-0.004091712
39.26,1.568600801,1.692759746,5.004409745,1.679514578,1.256127813,1.953477058,5.060398355,1.675470323,-0.312472988,0.260717312,0.05598861,-0.004044255
39.3,1.578752722,1.713763899,5.006429744,1.669330285,1.250150271,1.978500951,5.061917294,1.664267321,-0.328602451,0.264737052,0.055487549,-0.005062964
39.33,1.586339329,1.729360795,4.995918352,1.660688801,1.245635188,1.997216229,5.063081885,1.655847529,-0.340704142,0.267855434,0.067163533,-0.004841272
39.36,1.593909181,1.744833637,4.994918487,1.652371301,1.241078847,2.015944601,5.064259828,1.647469613,-0.352830334,0.271110964,0.06934134,-0.004901687
39.4,1.603975896,1.765295874,4.986316187,1.64168697,1.234908963,2.040909943,5.065826608,1.63636055,-0.369066933,0.275614069,0.079510421,-0.00532642
39.43,1.611515651,1.780499996,4.99576565,1.632829889,1.230198981,2.059564557,5.067018468,1.627951852,-0.381316671,0.279064561,0.071252818,-0.004878036
39.46,1.619040058,1.795571163,4.994771417,1.624219889,1.225419215,2.078182993,5.06821759,1.619485179,-0.393620843,0.28261183,0.073446174,-0.00473471
39.5,1.369828619,1.872411136,5.014861604,1.612944424,1.218898065,2.103049196,5.069865843,1.608288667,-0.150930554,0.23063806,0.055004239,-0.004655758
39.53,1.3712232,1.888174561,5.014118387,1.605007322,1.213885199,2.121744191,5.071097054,1.59998968,-0.157338001,0.23356963,0.056978667,-0.005017642
39.56,1.37260189,1.903835631,5.013675218,1.596692322,1.208778731,2.14042569,5.072337083,1.591632877,-0.163823159,0.236590059,0.058661866,-0.005059444
39.6,1.374414839,1.924510994,5.028959953,1.58514401,1.201798423,2.165293404,5.073946055,1.580334317,-0.172616416,0.24078241,0.044986102,-0.004809693
39.63,1.375745854,1.939865533,5.022990153,1.576183836,1.196458774,2.184001327,5.075139776,1.571929022,-0.179287079,0.244135794,0.052149622,-0.004254814
39.66,1.377048366,1.955114862,5.022653475,1.567816336,1.191076782,2.202791043,5.076299332,1.563600062,-0.185971584,0.247676181,0.053645856,-0.004216274
39.7,1.378749826,1.975297199,5.01263913,1.55562085,1.183895506,2.227929448,5.077797956,1.552461489,-0.19485432,0.252632249,0.065158825,-0.003159361
39.73,1.379997344,1.990307197,5.021194405,1.547785034,1.178550165,2.246794531,5.078886547,1.544107103,-0.201447179,0.256487334,0.057692142,-0.00367793
39.76,1.381241729,2.005184232,5.020650669,1.539327534,1.173248196,2.265703065,5.079965271,1.535761406,-0.207993533,0.260518833,0.059314602,-0.003566128
39.8,1.382892549,2.02481569,5.014617011,1.528524711,1.166260408,2.291092715,5.081407241,1.524591777,-0.216632141,0.266277025,0.06679023,-0.003932934
39.83,1.384105167,2.039424564,5.012363983,1.519308476,1.161066999,2.310247581,5.082473552,1.516209225,-0.223038168,0.270823016,0.070109569,-0.003099251
39.86,1.385305865,2.053925638,5.011508082,1.510698476,1.15589425,2.329435092,5.083540734,1.507829716,-0.229411615,0.275509454,0.072032652,-0.00286876
39.9,1.386890856,2.073056522,5.01784496,1.499175764,1.149015328,2.355100122,5.084948523,1.496626783,-0.237875528,0.282043601,0.067103562,-0.002548981
39.93,1.388070828,2.08724874,5.015035081,1.48967035,1.143859837,2.374499627,5.086017841,1.488238642,-0.244210991,0.287250887,0.07098276,-0.001431708
39.96,1.38924313,2.101347006,5.014196833,1.48129035,1.138700014,2.394020635,5.087066502,1.479886205,-0.250543116,0.292673629,0.072869669,-0.001404144
40.0,1.263213263,2.387473097,5.014825642,1.469602549,1.131792444,2.420180218,5.088455165,1.468728142,-0.131420819,0.032707121,0.073629524,-0.000874407
