time_sec,est_x,est_y,est_z,est_yaw,true_x,true_y,true_z,true_yaw,err_x,err_y,err_z,err_yaw
0.0,-2.000029928,-2.000012055,0.058368851,0.020579527,-2.0,-2.0,0.050029904,-0.0,2.9928e-05,1.2055e-05,-0.008338947,-0.020579527
0.04,-2.000108709,-2.000064013,0.078495015,0.007251283,-2.0,-2.0,0.050059808,-0.0,0.000108709,6.4013e-05,-0.028435208,-0.007251283
0.07,-2.00023264,-2.000151904,0.079435137,0.007376283,-2.0,-2.0,0.050089742,-0.0,0.00023264,0.000151904,-0.029345396,-0.007376283
0.11,-2.000488878,-2.000340453,0.066994858,0.01174669,-2.0,-2.0,0.050129732,-0.0,0.000488878,0.000340453,-0.016865126,-0.01174669
0.14,-2.000735554,-2.000510542,0.072478129,0.004961228,-2.0,-2.0,0.050159731,-7.6884e-05,0.000735554,0.000510542,-0.022318398,-0.005038112
0.17,-2.00101704,-2.000711121,0.073435618,0.004338728,-1.999999999,-1.999999999,0.050394148,-0.000927458,0.001017041,0.000711122,-0.02304147,-0.005266186
0.21,-2.001472969,-2.001039335,0.076530486,-0.003081977,-1.999998667,-1.999999615,0.051923651,-0.004080179,0.001474302,0.00103972,-0.024606835,-0.000998202
0.24,-2.001859181,-2.001340575,0.074354787,-0.001573348,-1.999994317,-1.999998211,0.054040268,-0.007670049,0.001864864,0.001342365,-0.020314519,-0.0060967
0.27,-2.002292449,-2.001683253,0.077835156,-0.005858348,-1.999987353,-1.99999556,0.056833565,-0.011994319,0.002305096,0.001687693,-0.021001591,-0.006135971
0.31,-2.002976081,-2.002186671,0.076239738,-0.01422981,-1.999975517,-1.999989243,0.061728108,-0.018869212,0.003000564,0.002197428,-0.014511631,-0.004639402
0.34,-2.003551565,-2.002600048,0.077612731,-0.023058058,-1.999964819,-1.999981924,0.066211634,-0.024689205,0.003586745,0.002618124,-0.011401097,-0.001631147
0.37,-2.004170032,-2.003046526,0.08303319,-0.029005558,-1.999951368,-1.999972558,0.071246156,-0.030904419,0.004218664,0.003073968,-0.011787033,-0.001898861
0.41,-2.005081289,-2.003708866,0.088476722,-0.037803241,-1.999927326,-1.999956659,0.078901049,-0.039786191,0.005153962,0.003752208,-0.009575672,-0.00198295
0.44,-2.005836698,-2.004251896,0.09181132,-0.044367023,-1.999906229,-1.999942542,0.085295223,-0.046803027,0.005930469,0.004309354,-0.006516097,-0.002436004
0.47,-2.006649067,-2.004844768,0.098845841,-0.051682023,-1.999883544,-1.999926793,0.092132929,-0.054031521,0.006765523,0.004917976,-0.006712912,-0.002349498
0.51,-2.058564643,-2.138533602,0.114267969,-0.063357197,-1.999848611,-1.999902475,0.102010238,-0.063988063,0.058716032,0.138631126,-0.012257732,-0.000630866
0.54,-2.060502356,-2.141794352,0.121092982,-0.071359056,-1.999817655,-1.999881728,0.109946765,-0.071645437,0.060684702,0.141912624,-0.011146216,-0.000286381
0.57,-2.06250857,-2.145059585,0.129940092,-0.079354056,-1.999783887,-1.999859215,0.118246974,-0.079413402,0.062724682,0.14520037,-0.011693117,-5.9346e-05
0.61,-2.065284957,-2.14945275,0.138864314,-0.089114042,-1.999734692,-1.999819218,0.129944417,-0.089939071,0.065550265,0.149633533,-0.008919897,-0.000825028
0.64,-2.067432916,-2.152783814,0.14953916,-0.096927238,-1.999692382,-1.999758719,0.139152703,-0.097932369,0.067740534,0.153025095,-0.010386457,-0.001005131
0.67,-2.06962971,-2.156158174,0.159594817,-0.104924738,-1.999643894,-1.999650448,0.148662621,-0.105984386,0.069985816,0.156507726,-0.010932196,-0.001059648
0.71,-2.072633099,-2.160711486,0.170664301,-0.118040749,-1.999565382,-1.999366678,0.161868072,-0.116813784,0.073067717,0.161344809,-0.008796229,0.001226965
0.74,-2.07494695,-2.164166114,0.178846887,-0.124379398,-1.999493295,-1.999020106,0.172128169,-0.124995376,0.075453656,0.165146008,-0.006718718,-0.000615979
0.77,-2.077299773,-2.167662523,0.189688466,-0.132191898,-1.999408707,-1.998570726,0.182629291,-0.133210821,0.077891066,0.169091797,-0.007059175,-0.001018924
0.81,-2.080513319,-2.172379487,0.207775929,-0.14155211,-1.999269656,-1.997792329,0.197047692,-0.144206752,0.081243664,0.174587158,-0.010728237,-0.002654642
0.84,-2.082987961,-2.175930386,0.218735776,-0.152282173,-1.999147476,-1.997089815,0.208152803,-0.152479338,0.083840485,0.178840571,-0.010582973,-0.000197166
0.87,-2.085511331,-2.179517407,0.230713074,-0.160702173,-1.999014723,-1.996312142,0.219455955,-0.160770839,0.086496608,0.183205265,-0.011257119,-6.8667e-05
0.91,-2.088960621,-2.184338673,0.242151848,-0.169923277,-1.998819472,-1.995155807,0.23486571,-0.171854435,0.090141149,0.189182866,-0.007286139,-0.001931158
0.94,-2.091616766,-2.187995719,0.248132536,-0.177470447,-1.998657882,-1.9942117,0.246659631,-0.180181291,0.092958885,0.19378402,-0.001472905,-0.002710844
0.97,-2.094331873,-2.191690238,0.260132502,-0.186005447,-1.998485139,-1.99321759,0.258615037,-0.188516508,0.095846734,0.198472648,-0.001517465,-0.002511061
1.01,-2.198539345,-2.207441051,0.276201777,-0.199793707,-1.998237476,-1.991807538,0.274834621,-0.19964552,0.200301869,0.215633513,-0.001367156,0.000148187
1.04,-2.202902856,-2.211379349,0.280720616,-0.207902453,-1.998040594,-1.990691356,0.287194256,-0.208002586,0.204862262,0.220687993,0.00647364,-0.000100133
1.07,-2.207336952,-2.215353133,0.292816536,-0.216102453,-1.997834627,-1.989535473,0.299688047,-0.21636517,0.209502324,0.22581766,0.006871511,-0.000262717
1.11,-2.213367258,-2.22070987,0.314586107,-0.225781805,-1.997538511,-1.987925323,0.316578564,-0.227523393,0.215828747,0.232784547,0.001992457,-0.001741588
1.14,-2.217968863,-2.224758844,0.327883303,-0.235700201,-1.997294816,-1.986664833,0.329407078,-0.23589617,0.220674047,0.238094011,0.001523775,-0.000195969
1.17,-2.222647574,-2.22885288,0.340980196,-0.244057701,-1.997031841,-1.985361997,0.34234671,-0.244270749,0.225615733,0.243490884,0.001366514,-0.000213048
1.21,-2.229009228,-2.234347237,0.363444177,-0.253441106,-1.996641117,-1.983537794,0.359793686,-0.255439955,0.232368111,0.250809443,-0.00365049,-0.001998849
1.24,-2.2338556,-2.238510007,0.377573338,-0.262930746,-1.996316653,-1.982099657,0.373012057,-0.263819493,0.237538947,0.25641035,-0.004561281,-0.000888747
1.27,-2.23875726,-2.242701473,0.391541517,-0.271318246,-1.995969002,-1.980610993,0.386320744,-0.272202171,0.242788259,0.26209048,-0.005220773,-0.000883925
1.31,-2.245375773,-2.248327885,0.408237493,-0.282983213,-1.995460906,-1.978539303,0.404221637,-0.283383253,0.249914868,0.269788582,-0.004015856,-0.000400039
1.34,-2.250415404,-2.252579725,0.416751751,-0.293271122,-1.995045018,-1.976926742,0.417755952,-0.291769208,0.255370386,0.275652984,0.0010042,0.001501914
1.37,-2.255516353,-2.256861952,0.43061876,-0.301731122,-1.994604199,-1.975274768,0.431364286,-0.300155427,0.260912154,0.281587184,0.000745526,0.001575695
1.41,-2.26240692,-2.262607386,0.45161136,-0.313870071,-1.993972174,-1.973003938,0.449636423,-0.311339886,0.268434746,0.289603449,-0.001974937,0.002530185
1.44,-2.267655186,-2.26695623,0.468581015,-0.321606674,-1.993464069,-1.97125233,0.463429692,-0.319729829,0.274191118,0.2957039,-0.005151323,0.001876845
1.47,-2.272974302,-2.271330566,0.483127341,-0.330044174,-1.992929294,-1.969466498,0.477284293,-0.328119178,0.280045008,0.301864068,-0.005843048,0.001924996
1.51,-2.082450374,-2.20130548,0.502413409,-0.341177862,-1.992164858,-1.967022505,0.495862635,-0.339304367,0.090285515,0.234282975,-0.006550774,0.001873495
1.54,-2.085316435,-2.204766001,0.510971245,-0.349705759,-1.991552766,-1.965141534,0.509870306,-0.347693752,0.093763669,0.239624467,-0.001100939,0.002012007
1.57,-2.088246118,-2.208254447,0.52540658,-0.358353259,-1.990912145,-1.963225463,0.523933492,-0.356082017,0.097333973,0.245028984,-0.001473088,0.002271242
1.61,-2.092258155,-2.212941201,0.544212871,-0.36884057,-1.990006948,-1.960613589,0.542789502,-0.367262682,0.102251207,0.252327612,-0.001423369,0.001577888
1.64,-2.095331532,-2.216455971,0.550015506,-0.377018436,-1.989301594,-1.958634663,0.556999951,-0.375646801,0.106029938,0.257821308,0.006984445,0.001371635
1.67,-2.098471352,-2.21998245,0.564173392,-0.385483436,-1.98859062,-1.956665705,0.571263657,-0.384031009,0.109880732,0.263316745,0.007090265,0.001452427
1.71,-2.102756806,-2.224709666,0.590937545,-0.396153611,-1.987654681,-1.954108785,0.590380927,-0.395210697,0.115102125,0.27060088,-0.000556618,0.000942914
1.74,-2.106046103,-2.228260147,0.601905853,-0.4042594,-1.986969537,-1.952271711,0.604777765,-0.403595531,0.119076565,0.275988436,0.002871912,0.000663869
1.77,-2.10940473,-2.231827861,0.616618731,-0.4126569,-1.986297321,-1.950498652,0.619212729,-0.411986073,0.123107409,0.281329209,0.002593998,0.000670827
1.81,-2.113989892,-2.236633621,0.636954522,-0.424232693,-1.985425838,-1.948239785,0.638525806,-0.423180832,0.128564054,0.288393836,0.001571284,0.001051861
1.84,-2.117511895,-2.240245883,0.657921904,-0.431844982,-1.984788117,-1.946606948,0.653055212,-0.431573232,0.132723778,0.293638935,-0.004866692,0.00027175
1.87,-2.121094724,-2.243872552,0.673380713,-0.440382482,-1.984155845,-1.945008383,0.667614282,-0.43996481,0.136938879,0.298864169,-0.00576643,0.000417672
1.91,-2.126004233,-2.248716406,0.69699985,-0.452991446,-1.983310729,-1.942924728,0.687075955,-0.451155119,0.142693505,0.305791677,-0.009923895,0.001836328
1.94,-2.129771495,-2.252373496,0.711828067,-0.461363148,-1.982671683,-1.94138516,0.70170571,-0.459546806,0.147099812,0.310988336,-0.010122357,0.001816342
1.97,-2.133601232,-2.256065481,0.727647311,-0.469590648,-1.982029121,-1.939854726,0.716359183,-0.467938084,0.151572111,0.316210755,-0.011288127,0.001652563
2.01,-2.055270353,-2.128849971,0.751608599,-0.480294309,-1.981161227,-1.937821072,0.735935856,-0.479127631,0.074109126,0.191028899,-0.015672743,0.001166678
2.04,-2.058234032,-2.130958351,0.76018237,-0.489340921,-1.980494262,-1.936295577,0.750646874,-0.487520322,0.07773977,0.194662774,-0.009535496,0.001820599
2.07,-2.061248979,-2.133073819,0.775891621,-0.497903421,-1.979812954,-1.934765735,0.765381165,-0.495915669,0.081436025,0.198308084,-0.010510456,0.001987752
2.11,-2.065362806,-2.135917264,0.791842807,-0.508065798,-1.978882273,-1.932715254,0.785075957,-0.507114208,0.086480534,0.203202011,-0.00676685,0.000951589
2.14,-2.068519513,-2.138077928,0.802865274,-0.516972265,-1.978176152,-1.931188384,0.799875075,-0.515515322,0.090343361,0.206889544,-0.002990199,0.001456944
2.17,-2.071727931,-2.140245245,0.818109195,-0.525279765,-1.977472323,-1.929694879,0.814699675,-0.523918464,0.094255609,0.210550366,-0.003409521,0.001361301
2.21,-2.076083362,-2.1431296,0.836877236,-0.53710219,-1.976561536,-1.927812305,0.834517119,-0.535126649,0.099521825,0.215317295,-0.002360117,0.00197554
2.24,-2.079422647,-2.145296076,0.849968627,-0.545705519,-1.975919672,-1.926502363,0.849406376,-0.543532958,0.103502975,0.218793712,-0.000562251,0.002172561
2.27,-2.082827879,-2.147474348,0.865159115,-0.554153019,-1.975313178,-1.925267186,0.864310716,-0.551929316,0.107514701,0.222207162,-0.000848399,0.002223703
2.31,-2.087471138,-2.15041468,0.874540702,-0.564092194,-1.97455752,-1.923747027,0.884209341,-0.563113222,0.112913618,0.226667653,0.00966864,0.000978973
2.34,-2.091018518,-2.15263638,0.897174734,-0.573556471,-1.974015336,-1.92268693,0.899149347,-0.571507149,0.117003183,0.22994945,0.001974614,0.002049321
2.37,-2.094628113,-2.154884012,0.912384908,-0.582073971,-1.973485778,-1.921671472,0.914099802,-0.579902776,0.121142334,0.233212541,0.001714894,0.002171195
2.41,-2.099534791,-2.157907491,0.93873236,-0.593862491,-1.972798308,-1.920374595,0.934052316,-0.591093111,0.126736483,0.237532895,-0.004680044,0.00276938
2.44,-2.103287972,-2.160170884,0.951214554,-0.603236744,-1.972287108,-1.919431482,0.949027993,-0.59948626,0.131000864,0.240739402,-0.00218656,0.003750484
2.47,-2.10711335,-2.162424149,0.966766737,-0.611784244,-1.971770757,-1.918505466,0.964012947,-0.607880522,0.135342593,0.243918683,-0.00275379,0.003903722
2.51,-2.026817918,-2.151043896,0.988971174,-0.622766058,-1.971066237,-1.917291599,0.984005184,-0.619071648,0.055751681,0.233752297,-0.00496599,0.00369441
2.54,-2.029770633,-2.153135088,0.999483965,-0.630817176,-1.970526964,-1.916384937,0.999010372,-0.627464028,0.05924367,0.236750151,-0.000473593,0.003353148
2.57,-2.032803977,-2.155228758,1.014935382,-0.638969676,-1.969978289,-1.915475702,1.014022212,-0.635854023,0.062825688,0.239753056,-0.00091317,0.003115653
2.61,-2.036968997,-2.158023891,1.038211899,-0.649760464,-1.969220666,-1.91425856,1.034053684,-0.647038082,0.067748331,0.243765332,-0.004158215,0.002722382
2.64,-2.040166212,-2.160122066,1.051433044,-0.658533909,-1.968634778,-1.913346936,1.049085133,-0.655423281,0.071531434,0.24677513,-0.002347912,0.003110628
2.67,-2.043421795,-2.162227998,1.067086931,-0.666986409,-1.968045793,-1.912440034,1.064124433,-0.663805678,0.075376002,0.249787964,-0.002962499,0.003180732
2.71,-2.047843007,-2.165031774,1.091659939,-0.677651515,-1.967272398,-1.91124996,1.084190967,-0.674983147,0.080570609,0.253781814,-0.007468971,0.002668368
2.73,-2.051243186,-2.167133578,1.107119406,-0.685321926,-1.966892214,-1.910667846,1.094229275,-0.680571958,0.084350972,0.256465732,-0.01289013,0.004749968
2.77,-2.054707352,-2.16923669,1.123148257,-0.693651926,-1.966140292,-1.909534351,1.114314577,-0.691753141,0.08856706,0.259702339,-0.00883368,0.001898785
2.81,-2.059420431,-2.172049552,1.136293346,-0.705501359,-1.965398957,-1.908430778,1.134409363,-0.702940383,0.094021474,0.263618775,-0.001883983,0.002560976
2.83,-2.063021649,-2.174157757,1.144394226,-0.713277516,-1.965032754,-1.907883294,1.144460641,-0.708534076,0.097988895,0.266274463,6.6415e-05,0.004743439
2.87,-2.066696705,-2.176279191,1.159469949,-0.721630016,-1.964302082,-1.90678845,1.164567076,-0.719721334,0.102394623,0.269490741,0.005097127,0.001908682
2.88,-2.071708075,-2.179123425,1.174965289,-0.733186287,-1.964117208,-1.906514242,1.169595621,-0.722518151,0.107590867,0.272609183,-0.005369668,0.010668136
2.94,-2.075542637,-2.181253347,1.190432975,-0.74143308,-1.962983217,-1.904856496,1.199771841,-0.739296197,0.11255942,0.276396851,0.009338866,0.002136883
2.97,-2.079432992,-2.183393224,1.205721817,-0.74964808,-1.962400054,-1.90400921,1.214865741,-0.747685743,0.117032937,0.279384014,0.009143924,0.001962337
2.98,-1.976335048,-2.147132802,1.226878148,-0.760959543,-1.962202577,-1.903721033,1.219897498,-0.750483186,0.014132472,0.243411769,-0.006980651,0.010476357
3.04,-1.979007009,-2.148753609,1.243168713,-0.770124706,-1.960985615,-1.901955631,1.250094958,-0.767269594,0.018021394,0.246797977,0.006926246,0.002855112
3.07,-1.981757524,-2.150380173,1.263009088,-0.778629706,-1.960349208,-1.901048011,1.265200038,-0.775663512,0.021408316,0.249332162,0.00219095,0.002966194
3.11,-1.985529646,-2.152542806,1.280617338,-0.789356214,-1.959475861,-1.899805574,1.28535178,-0.786858779,0.026053785,0.252737232,0.004734442,0.002497435
3.14,-1.988441227,-2.154157249,1.296360712,-0.79760978,-1.95881758,-1.898856671,1.300469741,-0.795258943,0.029623647,0.255300578,0.004109029,0.002350837
3.17,-1.991415941,-2.155772625,1.313477963,-0.80599978,-1.958167709,-1.897910302,1.31559298,-0.803662937,0.033248232,0.257862322,0.002115018,0.002336843
3.21,-1.995464168,-2.157916118,1.336180927,-0.817257909,-1.957337837,-1.896683353,1.335769545,-0.814871395,0.038126332,0.261232765,-0.000411382,0.002386514
3.24,-1.998572343,-2.159504943,1.35243688,-0.825376619,-1.956760718,-1.895799461,1.350906094,-0.823279809,0.041811625,0.263705482,-0.001530786,0.00209681
3.27,-2.001749267,-2.161073938,1.362624432,-0.833591619,-1.956223088,-1.894939796,1.36604497,-0.831684033,0.045526179,0.266134142,0.003420538,0.001907587
3.31,-2.006105388,-2.163137322,1.37907818,-0.844634228,-1.955572609,-1.893833163,1.386232353,-0.842878181,0.050532779,0.269304159,0.007154173,0.001756047
3.34,-2.009455129,-2.164669169,1.39387586,-0.854108244,-1.95512137,-1.893029711,1.401375235,-0.85127431,0.054333759,0.271639458,0.007499375,0.002833934
3.37,-2.012870115,-2.16618798,1.404569807,-0.862553244,-1.954690881,-1.892239575,1.416517575,-0.859671833,0.058179233,0.273948404,0.011947768,0.002881412
3.41,-2.017517409,-2.168210037,1.429058213,-0.874022142,-1.954151742,-1.891193067,1.436710049,-0.870866079,0.063365667,0.27701697,0.007651837,0.003156064
3.44,-2.021073518,-2.169724027,1.444102485,-0.882335555,-1.953768178,-1.890404584,1.451853483,-0.879261152,0.067305341,0.279319443,0.007750998,0.003074404
3.47,-2.024696606,-2.171227189,1.45128701,-0.890918055,-1.953393127,-1.889613456,1.466998475,-0.88765655,0.07130348,0.281613733,0.015711465,0.003261505
3.51,-2.018878933,-2.121864008,1.47352872,-0.902332811,-1.952900294,-1.888551688,1.487190787,-0.898849209,0.065978638,0.233312321,0.013662067,0.003483602
3.54,-2.022505806,-2.122674464,1.489149335,-0.911427407,-1.952535959,-1.887741079,1.502336145,-0.907242863,0.069969847,0.234933385,0.013186809,0.004184544
3.57,-2.02618958,-2.123461074,1.50176586,-0.919974907,-1.952175434,-1.886914621,1.517481928,-0.915636522,0.074014146,0.236546453,0.015716068,0.004338385
3.61,-2.031185265,-2.124477485,1.521040108,-0.930871291,-1.951694595,-1.885786113,1.537678134,-0.92682824,0.07949067,0.238691372,0.016638026,0.004043051
3.64,-2.035008748,-2.125232183,1.536157572,-0.939481895,-1.951329673,-1.88492821,1.55282683,-0.935221218,0.083679074,0.240303973,0.016669258,0.004260676
3.67,-2.038904516,-2.125980044,1.557662579,-0.948141895,-1.950964989,-1.884064344,1.56797485,-0.943611035,0.087939528,0.241915699,0.010312271,0.004530859
3.71,-2.044193361,-2.126954589,1.570620672,-0.959104226,-1.950491722,-1.882899269,1.588173523,-0.954796307,0.093701639,0.24405532,0.017552851,0.004307919
3.74,-2.048235116,-2.127658495,1.586230033,-0.966681458,-1.950150841,-1.882016958,1.603320783,-0.963185292,0.098084275,0.245641537,0.01709075,0.003496166
3.77,-2.052338694,-2.128352582,1.607664048,-0.975331458,-1.949817572,-1.881132249,1.618468893,-0.971574165,0.102521121,0.247220332,0.010804845,0.003757293
3.81,-2.057925641,-2.129265137,1.632308665,-0.986288837,-1.949381872,-1.879948633,1.63866413,-0.982761264,0.108543768,0.249316504,0.006355465,0.003527573
3.84,-2.062186123,-2.129938241,1.647667863,-0.993184391,-1.949060597,-1.879049577,1.653811063,-0.991152624,0.113125526,0.250888664,0.0061432,0.002031767
3.87,-2.066515388,-2.130602516,1.658458751,-1.001714391,-1.948741686,-1.878137444,1.668956841,-0.999544677,0.117773702,0.252465072,0.01049809,0.002169714
3.91,-2.072390021,-2.13146764,1.679120843,-1.01259107,-1.948311235,-1.876898847,1.689150997,-1.01073482,0.124078786,0.254568794,0.010030154,0.00185625
3.94,-2.076879743,-2.132108106,1.694111082,-1.020489797,-1.947977074,-1.87595516,1.704295543,-1.019126097,0.128902669,0.256152947,0.010184461,0.0013637
3.97,-2.081427681,-2.132751787,1.711052598,-1.028977297,-1.94763372,-1.874997326,1.719439449,-1.027516589,0.133793961,0.257754461,0.008386852,0.001460708
4.01,-2.064155788,-2.026637094,1.733344346,-1.041087473,-1.947159623,-1.873685243,1.73963117,-1.038706911,0.116996165,0.152951851,0.006286825,0.002380562
4.04,-2.068540144,-2.025817265,1.752351908,-1.049258558,-1.946787585,-1.872675109,1.754773778,-1.04710143,0.121752559,0.153142156,0.00242187,0.002157128
4.07,-2.072987037,-2.02497607,1.764623844,-1.057746058,-1.946398993,-1.871649103,1.769918964,-1.055495841,0.126588044,0.153326967,0.00529512,0.002250217
4.11,-2.079016277,-2.023801393,1.775583553,-1.067948697,-1.94584868,-1.87025335,1.790116684,-1.066687929,0.133167597,0.153548044,0.01453313,0.001260767
4.14,-2.083599602,-2.022873856,1.791539492,-1.075517089,-1.945419127,-1.869190114,1.805264221,-1.075082559,0.138180475,0.153683743,0.013724729,0.00043453
4.17,-2.088242818,-2.021932409,1.814831109,-1.083859589,-1.944984836,-1.868124008,1.820411817,-1.083481491,0.143257982,0.153808402,0.005580708,0.000378098
4.21,-2.094519955,-2.020648142,1.831050539,-1.09435938,-1.94441157,-1.866716823,1.840610259,-1.094682171,0.150108385,0.153931319,0.00955972,-0.000322791
4.24,-2.099308838,-2.019650953,1.847430375,-1.102325837,-1.943996921,-1.865676824,1.855759017,-1.103083413,0.155311917,0.153974129,0.008328643,-0.000757576
4.27,-2.104169502,-2.018622923,1.872029365,-1.110543337,-1.943596867,-1.86464489,1.87090882,-1.111483775,0.160572635,0.153978033,-0.001120545,-0.000940438
4.31,-2.110722554,-2.017233898,1.891104154,-1.121401202,-1.943084253,-1.86328299,1.891107572,-1.122678887,0.167638301,0.153950907,3.418e-06,-0.001277684
4.34,-2.115704775,-2.016161625,1.9063153,-1.129984873,-1.942704062,-1.862276278,1.906257845,-1.131074703,0.173000713,0.153885347,-5.7455e-05,-0.00108983
4.37,-2.120747751,-2.015069728,1.921799534,-1.138422373,-1.942320667,-1.861279322,1.921406629,-1.139470719,0.178427084,0.153790407,-0.000392905,-0.001048346
4.41,-2.127551727,-2.013600011,1.940592167,-1.149904106,-1.941796787,-1.859956591,1.941606175,-1.15066528,0.18575494,0.15364342,0.001014008,-0.000761174
4.44,-2.13273589,-2.012469944,1.95660135,-1.158208492,-1.941387808,-1.858964372,1.956754122,-1.159062597,0.191348082,0.153505572,0.000152772,-0.000854104
4.47,-2.137982299,-2.011313157,1.971803633,-1.166500992,-1.940961183,-1.857975019,1.971902735,-1.167459908,0.197021116,0.153338137,9.9101e-05,-0.000958916
4.51,-2.077294746,-1.988373027,1.991479572,-1.178180528,-1.940351144,-1.856665478,1.992099439,-1.178652354,0.136943603,0.131707549,0.000619867,-0.000471826
4.54,-2.081732889,-1.986862795,2.007715056,-1.187463769,-1.939859752,-1.855685223,2.007247076,-1.187045759,0.141873138,0.131177572,-0.00046798,0.00041801
4.57,-2.086223259,-1.985318166,2.022070617,-1.195851269,-1.939342343,-1.854702224,2.022396535,-1.195440623,0.146880916,0.130615942,0.000325918,0.000410646
4.61,-2.092282364,-1.983221242,2.037285608,-1.207707658,-1.938600678,-1.853392369,2.0426003,-1.206634463,0.153681686,0.129828873,0.005314692,0.001073195
4.64,-2.096862478,-1.981622535,2.051978393,-1.216160176,-1.938009249,-1.852423003,2.057754868,-1.215027616,0.158853229,0.129199532,0.005776474,0.00113256
4.67,-2.101484487,-1.979989254,2.067057045,-1.224562676,-1.937401681,-1.851467765,2.07290965,-1.223415385,0.164082807,0.128521489,0.005852605,0.001147291
4.71,-2.107703731,-1.977772834,2.083046715,-1.236165052,-1.936584684,-1.850220394,2.093118447,-1.234596315,0.171119047,0.127552441,0.010071731,0.001568736
4.74,-2.112420213,-1.97607675,2.098782739,-1.244818013,-1.935978292,-1.849308471,2.108273217,-1.242981272,0.176441921,0.126768279,0.009490479,0.001836741
4.77,-2.117189856,-1.974346994,2.122710451,-1.253268013,-1.935377022,-1.84841955,2.123428529,-1.251365929,0.181812834,0.125927443,0.000718078,0.001902084
4.81,-2.123619502,-1.971990567,2.141564123,-1.264320492,-1.934579452,-1.847280012,2.143633403,-1.262550016,0.18904005,0.124710555,0.00206928,0.001770477
4.84,-2.128502123,-1.970200362,2.157457212,-1.271929113,-1.933979141,-1.846452693,2.158787321,-1.270940242,0.194522981,0.123747669,0.001330109,0.000988871
4.87,-2.133441449,-1.968389241,2.175453123,-1.280254113,-1.933372766,-1.845641215,2.173939902,-1.279331239,0.200068683,0.122748026,-0.001513221,0.000922874
4.91,-2.14010778,-1.965923692,2.186009761,-1.291281892,-1.932541509,-1.844592588,2.19414253,-1.290520507,0.207566271,0.121331104,0.008132769,0.000761385
4.94,-2.14515565,-1.964042458,2.201888865,-1.298522694,-1.931892188,-1.843835638,2.209293071,-1.298911519,0.213263462,0.12020682,0.007404207,-0.000388824
4.97,-2.150246227,-1.962131137,2.21589974,-1.306762694,-1.931220894,-1.843097572,2.224442596,-1.307301595,0.219025333,0.119033565,0.008542856,-0.000538901
5.01,-2.100089648,-1.911769221,2.242961808,-1.317318994,-1.930281605,-1.842139877,2.244641345,-1.318491635,0.169808043,0.069629344,0.001679537,-0.001172642
5.04,-2.104526976,-1.909083545,2.259369653,-1.325876661,-1.929538365,-1.841443025,2.259788747,-1.326886261,0.174988611,0.06764052,0.000419094,-0.001009601
5.07,-2.109006339,-1.906362045,2.269404378,-1.334181661,-1.9287624,-1.840766308,2.2749381,-1.335279695,0.180243939,0.065595737,0.005533722,-0.001098034
5.11,-2.115042813,-1.902669042,2.286470737,-1.344670809,-1.927664532,-1.839902473,2.295139942,-1.346469398,0.187378281,0.062766569,0.008669205,-0.001798589
5.13,-2.119612211,-1.899848446,2.30315047,-1.353981369,-1.927092344,-1.839485632,2.305240785,-1.352063957,0.192519866,0.060362814,0.002090315,0.001917412
5.17,-2.124215842,-1.896978585,2.318739641,-1.362243869,-1.925914313,-1.838688004,2.325440741,-1.363259892,0.198301528,0.058290581,0.0067011,-0.001016023
5.21,-2.130409899,-1.893073515,2.342199134,-1.374071466,-1.924710686,-1.837954748,2.345641698,-1.374458589,0.205699213,0.055118767,0.003442565,-0.000387122
5.24,-2.135100787,-1.890091725,2.35833714,-1.3823533,-1.923801361,-1.837453762,2.360790222,-1.382857599,0.211299425,0.052637962,0.002453082,-0.000504299
5.27,-2.139835543,-1.887085745,2.374938481,-1.3906658,-1.922889714,-1.836985294,2.375938867,-1.391257289,0.216945829,0.050100452,0.001000386,-0.000591489
5.31,-2.14623525,-1.883025335,2.395994012,-1.402091397,-1.921665673,-1.836418726,2.396134228,-1.402453926,0.224569577,0.046606608,0.000140215,-0.000362529
5.34,-2.151094971,-1.87992862,2.412763721,-1.410383833,-1.920732947,-1.836043338,2.41128047,-1.410849618,0.230362023,0.043885282,-0.00148325,-0.000465785
5.37,-2.156001143,-1.876797187,2.4380959,-1.418856333,-1.919783879,-1.835706316,2.426424674,-1.419244009,0.236217264,0.04109087,-0.011671226,-0.000387676
5.41,-2.162619763,-1.872541019,2.453736629,-1.430635939,-1.9184803,-1.835321086,2.446615592,-1.430435671,0.244139463,0.037219933,-0.007121037,0.000200268
5.43,-2.167634849,-1.869285271,2.458269827,-1.439440598,-1.917809931,-1.835152174,2.456710024,-1.436032713,0.249824917,0.034133097,-0.001559803,0.003407885
5.47,-2.172703345,-1.865998055,2.47383104,-1.447773098,-1.916424836,-1.834865684,2.476896758,-1.447228032,0.256278509,0.031132371,0.003065718,0.000545067
5.51,-2.047167954,-1.837567594,2.501268008,-1.459616958,-1.914970682,-1.834656694,2.497081687,-1.458418649,0.132197272,0.0029109,-0.004186321,0.001198309
5.53,-2.050498351,-1.833839902,2.517270802,-1.468007357,-1.914214737,-1.834580883,2.507172758,-1.464012473,0.136283614,-0.000740981,-0.010098045,0.003994884
5.57,-2.053886378,-1.830058415,2.533425676,-1.476367357,-1.912640545,-1.834480322,2.52735917,-1.475205455,0.141245833,-0.004421907,-0.006066506,0.001161902
5.61,-2.058485512,-1.82492984,2.554752409,-1.487901947,-1.910983357,-1.834451921,2.547558067,-1.486402959,0.147502155,-0.009522081,-0.007194342,0.001498988
5.64,-2.061993555,-1.821032413,2.571845462,-1.495325315,-1.909701118,-1.834494971,2.562711881,-1.494799902,0.152292437,-0.013462558,-0.009133581,0.000525412
5.67,-2.06554383,-1.817091366,2.583813273,-1.503760315,-1.908412378,-1.834591328,2.577870722,-1.503191719,0.157131451,-0.017499962,-0.005942551,0.000568596
5.71,-2.070343344,-1.811747647,2.61104718,-1.514354597,-1.906729045,-1.834814911,2.598095142,-1.514374656,0.163614299,-0.023067264,-0.012952038,-2.0059e-05
5.74,-2.073984149,-1.807665596,2.627759732,-1.522476636,-1.90552121,-1.83505147,2.613263475,-1.522755754,0.168462939,-0.027385873,-0.014496257,-0.000279117
5.77,-2.077677567,-1.80352229,2.639084508,-1.530914136,-1.904360271,-1.835342527,2.628431153,-1.531133115,0.173317296,-0.031820236,-0.010653355,-0.000218979
5.81,-2.082696524,-1.797909693,2.656098987,-1.541736542,-1.902894866,-1.835840126,2.648654369,-1.542311529,0.179801657,-0.037930433,-0.007444619,-0.000574987
5.83,-2.086540169,-1.793637872,2.666970619,-1.550134841,-1.902191522,-1.83613299,2.658765368,-1.547904816,0.184348647,-0.042495118,-0.008205251,0.002230026
5.87,-2.090439418,-1.789317048,2.6826106,-1.558389841,-1.900831569,-1.836798829,2.678987687,-1.559090249,0.189607849,-0.04748178,-0.003622913,-0.000700408
5.91,-2.095724949,-1.783481921,2.699104475,-1.569972865,-1.899518103,-1.837573277,2.69920635,-1.570275111,0.196206846,-0.054091357,0.000101875,-0.000302246
5.94,-2.099750823,-1.779054878,2.714942625,-1.578175505,-1.898553989,-1.83823786,2.714369939,-1.578666488,0.201196833,-0.059182982,-0.000572686,-0.000490982
5.93,-2.103802674,-1.774582697,2.728486892,-1.586500505,-1.898873488,-1.838005825,2.709315907,-1.575869206,0.204929186,-0.063423127,-0.019170985,0.0106313
6.01,-2.006947005,-1.889120939,2.745191219,-1.598212088,-1.896334712,-1.840038676,2.749745481,-1.598246878,0.110612293,0.049082262,0.004554262,-3.479e-05
6.03,-2.009650073,-1.88620515,2.757887626,-1.606949939,-1.895701908,-1.840617456,2.759850878,-1.603842029,0.113948165,0.045587694,0.001963252,0.00310791
6.07,-2.012402541,-1.88324184,2.77299252,-1.615267439,-1.894427981,-1.841866674,2.78006389,-1.615027838,0.11797456,0.041375165,0.00707137,0.000239601
6.11,-2.016137492,-1.879208516,2.786234079,-1.626829491,-1.893138697,-1.843244881,2.800284221,-1.62620851,0.122998795,0.035963635,0.014050142,0.000620981
6.14,-2.018978244,-1.876130338,2.801546893,-1.635932081,-1.892172474,-1.844357346,2.815452825,-1.634591619,0.12680577,0.031772992,0.013905932,0.001340462
6.17,-2.021861189,-1.873010857,2.815241415,-1.644062081,-1.891222828,-1.845519748,2.830625231,-1.642976007,0.130638361,0.027491109,0.015383816,0.001086074
6.21,-2.025760704,-1.868762642,2.83656022,-1.654706484,-1.890022404,-1.847164001,2.850864587,-1.654159676,0.1357383,0.021598641,0.014304367,0.000546808
6.24,-2.02872842,-1.86551324,2.851584466,-1.662868928,-1.889193251,-1.84847449,2.866046128,-1.662555228,0.139535168,0.01703875,0.014461662,0.000313699
6.27,-2.031740917,-1.86222637,2.869747092,-1.671111428,-1.888421088,-1.849838232,2.88122656,-1.670957321,0.143319829,0.012388137,0.011479468,0.000154106
6.31,-2.035838576,-1.857770341,2.899530724,-1.682770434,-1.887491992,-1.851740146,2.901469037,-1.682155347,0.148346584,0.006030195,0.001938312,0.000615086
6.33,-2.038969672,-1.85437097,2.919912567,-1.69144097,-1.887064633,-1.852724141,2.911589183,-1.687749756,0.151905039,0.00164683,-0.008323384,0.003691214
6.37,-2.042139394,-1.850911327,2.936302797,-1.69964347,-1.88627478,-1.854768514,2.931832053,-1.698940721,0.155864614,-0.003857187,-0.004470743,0.000702749
6.41,-2.046405536,-1.846224562,2.949641499,-1.710865258,-1.885557777,-1.856919075,2.952072116,-1.710136568,0.160847759,-0.010694514,0.002430617,0.000728691
6.43,-2.049629524,-1.842662886,2.967009623,-1.718881401,-1.885221119,-1.858029615,2.962193095,-1.715733221,0.164408405,-0.01536673,-0.004816529,0.003148179
6.47,-2.05289071,-1.839055741,2.983065909,-1.727166401,-1.884581752,-1.860314371,2.982433399,-1.726924172,0.168308958,-0.02125863,-0.000632509,0.000242229
6.51,-1.981020555,-1.925431838,2.998453796,-1.737903818,-1.883978483,-1.86269445,3.002674439,-1.738115983,0.097042072,0.062737388,0.004220643,-0.000212165
6.53,-1.983297071,-1.922937074,3.013930405,-1.746133039,-1.883687183,-1.863924419,3.012794297,-1.743712169,0.099609888,0.059012655,-0.001136108,0.00242087
6.57,-1.985595867,-1.920391468,3.029721402,-1.754418039,-1.8831167,-1.866458382,3.033034109,-1.75490917,0.102479167,0.053933086,0.003312707,-0.000491131
6.61,-1.988718092,-1.916899959,3.040093667,-1.765817923,-1.882554646,-1.86907733,3.053276188,-1.766111456,0.106163446,0.047822629,0.01318252,-0.000293532
6.64,-1.991093334,-1.914209053,3.055876262,-1.773682913,-1.882147648,-1.871099151,3.06845646,-1.7745156,0.108945686,0.043109902,0.012580198,-0.000832687
6.67,-1.993492664,-1.91145863,3.071512413,-1.782220413,-1.881765008,-1.873164355,3.083638652,-1.782920263,0.111727656,0.038294275,0.012126239,-0.000699849
6.71,-1.996743121,-1.907726323,3.090432489,-1.793454255,-1.881326669,-1.875986176,3.103885307,-1.794124243,0.115416452,0.031740147,0.013452819,-0.000669987
6.73,-1.999210249,-1.904865374,3.114382252,-1.802406938,-1.881144648,-1.877417478,3.114009342,-1.799724298,0.118065601,0.027447897,-0.00037291,0.00268264
6.77,-2.001698074,-1.901941513,3.130323114,-1.810899438,-1.880862844,-1.880314605,3.134252813,-1.8109146,0.12083523,0.021626909,0.003929698,-1.5162e-05
6.81,-2.005037204,-1.897935688,3.15268347,-1.821835109,-1.880692604,-1.88326573,3.154494971,-1.822104715,0.124344601,0.014669958,0.0018115,-0.000269606
6.83,-2.007551331,-1.894864705,3.160765613,-1.83020259,-1.88064705,-1.884762805,3.164613684,-1.827703531,0.126904282,0.010101899,0.003848071,0.00249906
6.87,-2.010082804,-1.891738965,3.176322793,-1.83842009,-1.880624862,-1.88779138,3.184850611,-1.838899814,0.129457942,0.003947584,0.008527818,-0.000479724
6.91,-2.013508677,-1.887476851,3.203249996,-1.850404161,-1.880681134,-1.890858617,3.205083735,-1.850089409,0.132827544,-0.003381766,0.001833738,0.000314752
6.93,-2.016122939,-1.884186126,3.218066463,-1.858869923,-1.880735269,-1.892409493,3.215199949,-1.855684311,0.135387671,-0.008223366,-0.002866515,0.003185612
6.97,-2.018763334,-1.88082049,3.234103115,-1.867127423,-1.880889666,-1.895552557,3.235430397,-1.866876745,0.137873668,-0.014732067,0.001327281,0.000250678
7.01,-1.998995429,-1.935937838,3.257045638,-1.878230627,-1.881093641,-1.898743728,3.255658397,-1.878068791,0.117901789,0.03719411,-0.00138724,0.000161836
7.04,-2.001376653,-1.933227894,3.273003212,-1.887991603,-1.881270714,-1.901162628,3.270828031,-1.88646075,0.120105938,0.032065266,-0.002175181,0.001530853
7.07,-2.003781412,-1.930445052,3.28973747,-1.896484103,-1.881461353,-1.903602356,3.285996693,-1.894849939,0.122320059,0.026842696,-0.003740778,0.001634164
7.11,-2.007028103,-1.926646876,3.312308593,-1.908275235,-1.881736894,-1.906901972,3.30622219,-1.906033668,0.125291209,0.019744905,-0.006086403,0.002241567
7.13,-2.009484354,-1.923732784,3.328787292,-1.916719099,-1.88188264,-1.908568993,3.316333889,-1.911624986,0.127601715,0.015163791,-0.012453403,0.005094113
7.17,-2.011971798,-1.920752512,3.345250511,-1.925089099,-1.882190711,-1.911922784,3.336560209,-1.922806236,0.129781087,0.008829729,-0.008690302,0.002282862
7.21,-2.015322708,-1.916667954,3.364021003,-1.936310994,-1.882528748,-1.915294445,3.356786864,-1.933989666,0.132793961,0.001373509,-0.007234139,0.002321329
7.24,-2.01785765,-1.913537007,3.380130365,-1.945586962,-1.882810359,-1.917839875,3.371959283,-1.942379378,0.135047291,-0.004302868,-0.008171083,0.003207584
7.27,-2.020415379,-1.910332654,3.397561666,-1.953914462,-1.883113002,-1.920397232,3.387130349,-1.95077149,0.137302376,-0.010064578,-0.010431318,0.003142972
7.31,-2.023856368,-1.905958509,3.414185041,-1.966299452,-1.883546838,-1.923816559,3.407360957,-1.961961738,0.14030953,-0.01785805,-0.006824084,0.004337714
7.33,-2.026453557,-1.902606882,3.441592837,-1.974867699,-1.883772358,-1.925526968,3.417475525,-1.967556014,0.142681199,-0.022920087,-0.024117313,0.007311684
7.37,-2.029072187,-1.89918112,3.458620588,-1.983495199,-1.884236347,-1.928956321,3.437706115,-1.978744358,0.14483584,-0.029775201,-0.020914472,0.004750841
7.41,-2.032604956,-1.894510327,3.476547196,-1.994290306,-1.884711316,-1.932407238,3.457936923,-1.9899324,0.14789364,-0.037896911,-0.018610273,0.004357906
7.43,-2.035272207,-1.890931956,3.494622502,-2.003000837,-1.884948217,-1.934138925,3.468052507,-1.995525996,0.15032399,-0.043206969,-0.026569995,0.007474841
7.47,-2.037944876,-1.887294697,3.511545001,-2.011430837,-1.885410034,-1.937606548,3.488285204,-2.006715162,0.152534842,-0.050311851,-0.023259797,0.004715675
7.51,-2.013450678,-1.905690769,3.527894796,-2.022707679,-1.885849408,-1.941084822,3.50851739,-2.017907034,0.12760127,-0.035394053,-0.019377406,0.004800645
7.54,-2.015766517,-1.902243265,3.544935889,-2.030771007,-1.886161028,-1.943710204,3.52369246,-2.026298975,0.129605489,-0.041466938,-0.021243429,0.004472032
7.57,-2.018096125,-1.898727636,3.558901157,-2.039163507,-1.88645513,-1.946347252,3.538866456,-2.03469117,0.131640994,-0.047619615,-0.0200347,0.004472337
7.61,-2.02118964,-1.893930024,3.568785669,-2.049307972,-1.886804123,-1.949874802,3.55910084,-2.045885913,0.134385517,-0.055944778,-0.009684829,0.003422059
7.64,-2.023504075,-1.89024278,3.584870691,-2.058664585,-1.887032347,-1.952527884,3.574275491,-2.0542862,0.136471728,-0.062285105,-0.0105952,0.004378386
7.67,-2.025819894,-1.886484917,3.589316945,-2.067142085,-1.887240771,-1.955190492,3.589452117,-2.06268583,0.138579123,-0.068705576,0.000135172,0.004456255
7.71,-2.028921192,-1.881375411,3.60687713,-2.079025072,-1.887488165,-1.958757047,3.609686142,-2.073879387,0.141433028,-0.077381636,0.002809012,0.005145685
7.73,-2.03125563,-1.877463715,3.618471068,-2.087338817,-1.887598563,-1.960542005,3.619804497,-2.079476226,0.143657067,-0.083078289,0.00133343,0.007862591
7.77,-2.033582576,-1.873461142,3.633225327,-2.095723817,-1.887789774,-1.964108011,3.64004032,-2.090673206,0.145792801,-0.090646869,0.006814993,0.005050611
7.81,-2.036704429,-1.868006542,3.653359242,-2.107982416,-1.887943885,-1.967677492,3.660277579,-2.101869044,0.148760544,-0.09967095,0.006918337,0.006113372
7.83,-2.039045911,-1.863831903,3.668280429,-2.115829242,-1.888007424,-1.96946767,3.670396019,-2.10746483,0.151038487,-0.105635767,0.002115589,0.008364412
7.87,-2.041388434,-1.859587415,3.683215132,-2.124044242,-1.888100238,-1.9730559,3.690632601,-2.118654013,0.153288195,-0.113468485,0.007417469,0.005390229
7.91,-2.044512689,-1.853850236,3.701435094,-2.135390999,-1.888134434,-1.97664697,3.710869944,-2.129848365,0.156378255,-0.122796734,0.00943485,0.005542635
7.93,-2.046855925,-1.849454593,3.715809109,-2.143053831,-1.888127495,-1.97844579,3.720987933,-2.135447145,0.15872843,-0.128991197,0.005178824,0.007606686
7.97,-2.04922104,-1.844988436,3.730721875,-2.151528831,-1.888065684,-1.982061734,3.74122591,-2.146639634,0.161155356,-0.137073299,0.010504035,0.004889198
8.01,-1.913385356,-2.015511756,3.747364494,-2.162005216,-1.88793216,-1.985705029,3.76146171,-2.157825006,0.025453196,0.029806728,0.014097216,0.00418021
8.03,-1.91386476,-2.013312895,3.772484094,-2.170352686,-1.887832915,-1.987534379,3.77158075,-2.163420102,0.026031845,0.025778516,-0.000903344,0.006932584
8.07,-1.914345987,-2.011049631,3.788054408,-2.178672686,-1.88756233,-1.99121042,3.791821643,-2.174612719,0.026783656,0.019839211,0.003767235,0.004059967
8.11,-1.914978829,-2.007925615,3.815632261,-2.19013313,-1.887204432,-1.994920278,3.812081866,-2.185794309,0.027774397,0.013005337,-0.003550395,0.004338821
8.14,-1.915469646,-2.005487649,3.831245076,-2.197985781,-1.886904374,-1.997713649,3.827280411,-2.194172571,0.028565273,0.007774,-0.003964665,0.00381321
8.17,-1.915966167,-2.002967554,3.847427819,-2.206390781,-1.886608323,-2.000490788,3.842484358,-2.202548757,0.029357843,0.002476767,-0.004943461,0.003842024
8.21,-1.916600521,-1.99949098,3.868607608,-2.217246378,-1.886281588,-2.004112579,3.862766798,-2.213714105,0.030318933,-0.0046216,-0.00584081,0.003532273
8.24,-1.917054833,-1.996796031,3.884592128,-2.226535468,-1.886140255,-2.006736671,3.877980692,-2.22208962,0.030914578,-0.00994064,-0.006611436,0.004445848
8.27,-1.917496376,-1.994034312,3.900879268,-2.234980468,-1.88610058,-2.009279662,3.893192097,-2.230479667,0.031395796,-0.015245349,-0.007687171,0.004500801
8.31,-1.918066451,-1.990244709,3.923089631,-2.245695344,-1.886257978,-2.012496084,3.913467569,-2.241684637,0.031808472,-0.022251375,-0.009622062,0.004010708
8.34,-1.918484496,-1.987314837,3.938793272,-2.254245152,-1.886542151,-2.014760744,3.92866941,-2.250071262,0.031942345,-0.027445907,-0.010123861,0.004173891
8.37,-1.918893984,-1.984330743,3.955169301,-2.262705152,-1.886951755,-2.01691562,3.943866646,-2.258447808,0.03194223,-0.032584877,-0.011302655,0.004257344
8.41,-1.919421764,-1.980239984,3.977615905,-2.274151346,-1.887735368,-2.019593315,3.964123738,-2.269637335,0.031686396,-0.039353331,-0.013492167,0.004514011
8.44,-1.919801984,-1.977096926,3.994469757,-2.283095142,-1.888498485,-2.021455769,3.979309592,-2.278044953,0.031303499,-0.044358843,-0.015160165,0.005050189
8.47,-1.920181904,-1.973893735,4.010985947,-2.291672642,-1.889382267,-2.023209885,3.994492802,-2.286442737,0.030799637,-0.04931615,-0.016493144,0.005229905
8.51,-1.897678936,-1.994925948,4.032016791,-2.301938,-1.890771579,-2.025354612,4.014728088,-2.297615296,0.006907357,-0.030428664,-0.017288703,0.004322704
8.54,-1.89771904,-1.991903967,4.047339439,-2.311114314,-1.891967393,-2.026830478,4.02990126,-2.306003874,0.005751647,-0.034926511,-0.017438179,0.00511044
8.57,-1.897753535,-1.988817109,4.063853213,-2.319319314,-1.89326973,-2.028217305,4.045070417,-2.314407989,0.004483805,-0.039400196,-0.018782795,0.004911325
8.61,-1.897790143,-1.984590135,4.083480557,-2.330475036,-1.895182807,-2.029907417,4.065292613,-2.325610711,0.002607336,-0.045317281,-0.018187944,0.004864325
8.64,-1.89780935,-1.981343267,4.104190619,-2.339455187,-1.89673808,-2.03105959,4.080454959,-2.333997205,0.001071269,-0.049716323,-0.02373566,0.005457982
8.67,-1.897811191,-1.978031176,4.120897615,-2.347917687,-1.898379837,-2.032134114,4.095615713,-2.342384759,-0.000568647,-0.054102939,-0.025281902,0.005532928
8.71,-1.897799043,-1.973514146,4.143145173,-2.359721312,-1.900727214,-2.033435288,4.11582603,-2.353587227,-0.002928171,-0.059921143,-0.027319144,0.006134086
8.74,-1.897762216,-1.970055288,4.15171877,-2.367530883,-1.902598134,-2.034314328,4.13098103,-2.361990955,-0.004835918,-0.06425904,-0.02073774,0.005539928
8.77,-1.8977061,-1.966540794,4.168200393,-2.375800883,-1.904541503,-2.035123212,4.146134643,-2.37038453,-0.006835403,-0.068582418,-0.022065749,0.005416353
8.81,-1.897579196,-1.961743978,4.184616872,-2.38722932,-1.907258373,-2.036084415,4.166335387,-2.381566218,-0.009679177,-0.074340437,-0.018281485,0.005663102
8.84,-1.897449956,-1.95805826,4.201146532,-2.395491015,-1.909386931,-2.036732234,4.18148507,-2.389962095,-0.011936975,-0.078673974,-0.019661462,0.00552892
8.87,-1.897310135,-1.954298227,4.217550358,-2.403818515,-1.911574975,-2.037333489,4.196632324,-2.398363357,-0.014264841,-0.083035262,-0.020918034,0.005455157
8.91,-1.897110666,-1.949205756,4.247384778,-2.415341094,-1.914581476,-2.038056134,4.216828917,-2.409557673,-0.01747081,-0.088850379,-0.03055586,0.005783421
8.94,-1.896927399,-1.945301625,4.263639935,-2.423190669,-1.916891316,-2.038549574,4.231974181,-2.41794729,-0.019963917,-0.093247949,-0.031665754,0.005243379
8.97,-1.896703244,-1.941334962,4.280471229,-2.431403169,-1.91923856,-2.039018649,4.247120476,-2.426339749,-0.022535316,-0.097683687,-0.033350753,0.00506342
9.01,-1.988601144,-2.098840378,4.290769859,-2.442755768,-1.922428787,-2.039615335,4.26731343,-2.437535798,0.066172357,0.059225042,-0.023456428,0.00521997
9.04,-1.989595978,-2.096983815,4.307415815,-2.450687924,-1.924852557,-2.04004788,4.282459126,-2.445930667,0.064743421,0.056935935,-0.024956689,0.004757257
9.07,-1.990558883,-2.095066693,4.323964234,-2.459122924,-1.927290725,-2.040474181,4.297606069,-2.454319683,0.063268158,0.054592513,-0.026358165,0.004803241
9.11,-1.991822836,-2.092424832,4.344902478,-2.470999317,-1.93056413,-2.041043263,4.317807628,-2.465502784,0.061258706,0.051381569,-0.027094849,0.005496533
9.14,-1.992749953,-2.090386401,4.357149942,-2.479212675,-1.933034813,-2.041469537,4.332959174,-2.473889756,0.05971514,0.048916865,-0.024190768,0.005322919
9.17,-1.993656626,-2.088304357,4.373673409,-2.487555175,-1.935514105,-2.041885214,4.348112923,-2.482275149,0.058142522,0.046419143,-0.025560486,0.005280026
9.21,-1.994821954,-2.085455692,4.400272663,-2.497918612,-1.93883638,-2.042398568,4.368318757,-2.493454489,0.055985573,0.043057123,-0.031953906,0.004464123
9.24,-1.995674157,-2.08326303,4.41874395,-2.506441189,-1.941350587,-2.042741938,4.383475045,-2.501841571,0.05432357,0.040521091,-0.035268905,0.004599618
9.27,-1.996526825,-2.081017563,4.435621457,-2.514646189,-1.943886983,-2.043049809,4.398631319,-2.510234596,0.052639842,0.037967754,-0.036990138,0.004411593
9.31,-1.997633196,-2.077938223,4.46286525,-2.525587871,-1.947305338,-2.04338061,4.418839593,-2.521431054,0.050327858,0.034557614,-0.044025657,0.004156817
9.34,-1.998428586,-2.075559092,4.478362563,-2.534638175,-1.949888053,-2.043557964,4.433996257,-2.529821834,0.048540533,0.032001129,-0.044366306,0.004816341
9.37,-1.999193807,-2.073108688,4.495463135,-2.543198175,-1.952483592,-2.043682692,4.449152219,-2.538209225,0.046710215,0.029425996,-0.046310916,0.00498895
9.41,-2.000157099,-2.069722553,4.50345219,-2.555560565,-1.955970869,-2.043757102,4.469361869,-2.54939985,0.04418623,0.025965451,-0.034090322,0.006160715
9.44,-2.000836429,-2.067113099,4.509389451,-2.563470784,-1.958599892,-2.043743759,4.484517805,-2.557797776,0.042236537,0.02336934,-0.024871646,0.005673008
9.47,-2.001490763,-2.064458318,4.525824166,-2.571990784,-1.961229638,-2.043677487,4.499674306,-2.566192013,0.040261126,0.020780831,-0.02614986,0.005798771
9.51,-1.999593464,-2.086726442,4.543169434,-2.58298233,-1.964727677,-2.043493484,4.519872334,-2.577376607,0.034865787,0.043232957,-0.0232971,0.005605723
9.54,-2.000112901,-2.084292044,4.556945685,-2.590879259,-1.967345046,-2.043291367,4.53499268,-2.585767806,0.032767855,0.041000676,-0.021953005,0.005111453
9.57,-2.000604426,-2.081801408,4.573219876,-2.599436759,-1.969956001,-2.043046768,4.550074523,-2.594164209,0.030648425,0.038754641,-0.023145352,0.00527255
9.61,-2.001193155,-2.078385749,4.585887012,-2.609798301,-1.9734099,-2.042642433,4.570088954,-2.605360717,0.027783255,0.035743316,-0.015798059,0.004437584
9.64,-2.001590834,-2.075753389,4.595454914,-2.618090216,-1.975968544,-2.042278547,4.585009736,-2.613754253,0.02562229,0.033474842,-0.010445178,0.004335963
9.67,-2.001948912,-2.073050165,4.6111694,-2.626545216,-1.978504437,-2.041871625,4.599852354,-2.622148018,0.023444475,0.03117854,-0.011317046,0.004397198
9.71,-2.002395216,-2.069331975,4.622833649,-2.637468451,-1.981849769,-2.041252891,4.619461483,-2.633345811,0.020545448,0.028079084,-0.003372166,0.00412264
9.74,-2.00271561,-2.066477916,4.634254156,-2.645224546,-1.984327557,-2.040728895,4.634016474,-2.641746456,0.018388052,0.025749021,-0.000237682,0.003478089
9.77,-2.002998268,-2.063568639,4.649308613,-2.653522046,-1.986775287,-2.040157833,4.648455892,-2.650144693,0.016222982,0.023410807,-0.000852721,0.003377353
9.81,-2.003321127,-2.059598233,4.669450204,-2.664715845,-1.989978637,-2.039310767,4.667461443,-2.661337374,0.01334249,0.020287467,-0.001988761,0.00337847
9.84,-2.003517744,-2.056553957,4.685450917,-2.672483809,-1.992338972,-2.038617468,4.681520057,-2.669734001,0.011178771,0.017936488,-0.00393086,0.002749809
9.87,-2.003691962,-2.053450592,4.70018294,-2.680636309,-1.9946675,-2.037885188,4.69542513,-2.678133529,0.009024463,0.015565404,-0.00475781,0.002502781
9.91,-2.003875225,-2.049224596,4.719414525,-2.691941963,-1.997699012,-2.036837788,4.713648531,-2.689332486,0.006176214,0.012386808,-0.005765993,0.002609477
9.94,-2.003973479,-2.045986732,4.738095782,-2.700300926,-1.999907294,-2.036001279,4.727059966,-2.697729125,0.004066185,0.009985454,-0.011035816,0.002571801
9.97,-2.004028674,-2.042690283,4.752397279,-2.708710926,-2.002068522,-2.035132964,4.740276768,-2.706126221,0.001960152,0.007557319,-0.012120511,0.002584705
10.01,-2.072861045,-2.003071881,4.781154273,-2.719943505,-2.00486718,-2.033927766,4.757506357,-2.71732504,0.067993866,-0.030855885,-0.023647916,0.002618465
10.04,-2.07374511,-1.999190263,4.784086642,-2.728501521,-2.006896218,-2.032992831,4.770117847,-2.725723175,0.066848892,-0.033802568,-0.013968795,0.002778345
10.07,-2.074602038,-1.995264158,4.797657795,-2.736894021,-2.008866362,-2.032036885,4.782455569,-2.734106064,0.065735677,-0.036772727,-0.015202226,0.002787956
10.11,-2.075707095,-1.98996102,4.808433569,-2.747387295,-2.011368112,-2.030726222,4.798106094,-2.745235626,0.064338983,-0.040765202,-0.010327475,0.002151669
10.14,-2.076521075,-1.98592273,4.811856051,-2.756599098,-2.013103403,-2.029706636,4.809169404,-2.753551721,0.063417672,-0.043783906,-0.002686647,0.003047377
10.17,-2.077309771,-1.98183851,4.823370956,-2.765164098,-2.014692645,-2.028650156,4.819763622,-2.761858566,0.062617126,-0.046811646,-0.003607333,0.003305532
10.21,-2.078299266,-1.976324086,4.829520533,-2.775393834,-2.016497709,-2.027167949,4.833076043,-2.772928616,0.061801557,-0.050843862,0.00355551,0.002465217
10.24,-2.078983089,-1.972140936,4.840623705,-2.784634445,-2.017603768,-2.02600225,4.842500312,-2.781218468,0.061379321,-0.053861314,0.001876607,0.003415977
10.27,-2.079628945,-1.967903763,4.850473516,-2.792731945,-2.018511612,-2.024790508,4.8515312,-2.789501252,0.061117333,-0.056886746,0.001057684,0.003230693
10.31,-2.080452071,-1.962181557,4.86115198,-2.803692218,-2.01929068,-2.023059903,4.862906087,-2.80055567,0.06116139,-0.060878347,0.001754106,0.003136548
10.34,-2.081029487,-1.957855834,4.874510409,-2.812574869,-2.019513002,-2.021653501,4.870947013,-2.808857744,0.061516486,-0.063797667,-0.003563396,0.003717125
10.37,-2.081568608,-1.953504525,4.883269731,-2.820957369,-2.019469679,-2.020160746,4.878652111,-2.817162413,0.062098928,-0.066656221,-0.004617619,0.003794956
10.41,-2.082258308,-1.947624063,4.877404619,-2.831520043,-2.018912945,-2.017994819,4.888328517,-2.828251167,0.063345364,-0.070370757,0.010923898,0.003268877
10.44,-2.082739976,-1.943172394,4.878536999,-2.839579644,-2.018076992,-2.016212129,4.895155641,-2.836578855,0.064662984,-0.073039735,0.016618642,0.003000789
10.47,-2.08318001,-1.938693831,4.885549531,-2.847989644,-2.016908256,-2.014297848,4.901678934,-2.844902436,0.066271754,-0.075604017,0.016129403,0.003087208
10.51,-2.095804951,-2.055499829,4.892650033,-2.859325306,-2.014729992,-2.011488762,4.909877399,-2.856001363,0.081074958,0.044011068,0.017227366,0.003323942
10.54,-2.096315969,-2.052624378,4.909732943,-2.868443026,-2.012631112,-2.009179295,4.915681895,-2.864356539,0.083684857,0.043445084,0.005948952,0.004086486
10.57,-2.096815358,-2.049702511,4.916207861,-2.876828026,-2.010173864,-2.006710878,4.921242963,-2.872739179,0.086641494,0.042991632,0.005035102,0.004088847
10.61,-2.09745661,-2.045739202,4.920909166,-2.887901519,-2.006188612,-2.003099911,4.92821481,-2.883904205,0.091267998,0.04263929,0.007305644,0.003997314
10.64,-2.09791059,-2.04272402,4.918374381,-2.896764963,-2.002662264,-2.000126225,4.933098061,-2.892264621,0.095248326,0.042597794,0.01472368,0.004500342
10.67,-2.098338259,-2.039664869,4.9237388,-2.904992463,-1.998758504,-1.996940023,4.937743677,-2.900665311,0.099579756,0.042724846,0.014004877,0.004327152
10.71,-2.098877619,-2.035536016,4.937779782,-2.915749217,-1.992851586,-1.99225626,4.943527702,-2.91195786,0.106026033,0.043279756,0.00574792,0.003791357
10.74,-2.099274334,-2.032405955,4.935399421,-2.924197546,-1.987852533,-1.98838198,4.94758659,-2.920383827,0.111421801,0.044023975,0.01218717,0.003813719
10.77,-2.099654265,-2.029262703,4.940114087,-2.932640046,-1.982424524,-1.984236814,4.951436776,-2.928737713,0.117229741,0.045025889,0.011322689,0.003902333
10.81,-2.100119951,-2.025016905,4.943969469,-2.942881444,-1.974415536,-1.978223718,4.956201498,-2.939896542,0.125704415,0.046793186,0.012232028,0.002984902
10.84,-2.100457331,-2.021793405,4.949409152,-2.950747613,-1.967829237,-1.973361753,4.95950243,-2.948354487,0.132628094,0.048431652,0.010093279,0.002393126
10.87,-2.10078615,-2.018548401,4.95355027,-2.959110113,-1.96079439,-1.96824754,4.962621523,-2.956806761,0.13999176,0.050300861,0.009071253,0.002303352
10.91,-2.10120957,-2.01417874,4.966738356,-2.970970977,-1.950549039,-1.960975822,4.966453019,-2.967960488,0.150660531,0.053202918,-0.000285337,0.003010489
10.94,-2.101489373,-2.010860069,4.970199166,-2.979076761,-1.942221891,-1.955197734,4.969091704,-2.97631899,0.159267482,0.055662335,-0.001107463,0.00275777
10.97,-2.101756758,-2.007506129,4.974144239,-2.987599261,-1.933437751,-1.949194127,4.971563602,-2.98474303,0.168319006,0.058312002,-0.002580637,0.002856231
11.01,-1.945472542,-2.028754773,4.969139969,-2.998780592,-1.920859352,-1.940786549,4.974552529,-2.996023984,0.02461319,0.087968224,0.005412559,0.002756608
11.04,-1.943593368,-2.025704153,4.968939206,-3.006497728,-1.91073785,-1.934185716,4.976567583,-3.004411594,0.032855518,0.091518437,0.007628378,0.002086134
11.07,-1.941702978,-2.022648766,4.972056579,-3.014852728,-1.900115404,-1.927378487,4.978418634,-3.012757204,0.041587574,0.095270279,0.006362055,0.002095524
11.11,-1.939156343,-2.0185372,4.962431193,-3.025174888,-1.885063113,-1.917939008,4.980637957,-3.023952842,0.05409323,0.100598192,0.018206764,0.001222045
11.14,-1.937267597,-2.01544267,4.964583432,-3.033648272,-1.873107588,-1.910587536,4.982125279,-3.032409488,0.064160009,0.104855134,0.017541846,0.001238785
11.17,-1.935397562,-2.012349722,4.966994904,-3.042040772,-1.860647564,-1.903030506,4.983497391,-3.040831658,0.074749997,0.109319216,0.016502487,0.001209115
11.21,-1.932917641,-2.008233493,4.96301618,-3.052935142,-1.843100077,-1.892567534,4.985110517,-3.051960993,0.089817564,0.115665959,0.022094337,0.000974148
11.24,-1.931068977,-2.005139308,4.966752527,-3.059841632,-1.8292623,-1.884436499,4.986172587,-3.060337069,0.101806677,0.120702809,0.01942006,-0.000495437
11.27,-1.929249936,-2.002039042,4.968779093,-3.068361632,-1.814940535,-1.876112036,4.987125007,-3.06877708,0.114309401,0.125927006,0.018345914,-0.000415448
11.31,-1.926857553,-1.997907842,4.97987225,-3.080241352,-1.794926647,-1.86468986,4.988209378,-3.080026775,0.131930905,0.133217982,0.008337129,0.000214577
11.34,-1.92508216,-1.994790604,4.977703728,-3.08860803,-1.779209515,-1.855912577,4.988876079,-3.088398682,0.145872645,0.138878028,0.011172351,0.000209347
11.37,-1.923318452,-1.991665491,4.9796633,-3.09679053,-1.762991237,-1.847003019,4.989439453,-3.096767975,0.160327216,0.144662472,0.009776153,2.2555e-05
11.41,-1.92102607,-1.987484569,5.00237602,-3.107663694,-1.740480733,-1.834915834,4.989996732,-3.107998714,0.180545337,0.152568735,-0.012379288,-0.00033502
11.44,-1.919334132,-1.984335457,5.005259764,-3.115262387,-1.72292548,-1.82571814,4.990275679,-3.116434863,0.196408652,0.158617317,-0.014984084,-0.001172476
11.47,-1.917665867,-1.981162501,5.007651315,-3.123517387,-1.704867191,-1.816436791,4.990455739,-3.124840117,0.212798676,0.164725709,-0.017195576,-0.00132273
11.51,-1.793752053,-1.881598294,5.009749548,-3.134017918,-1.679884789,-1.803930273,4.99048923,-3.136014477,0.113867263,0.077668021,-0.019260318,-0.001996559
11.54,-1.79043216,-1.877117591,5.007841659,3.140513288,-1.660504248,-1.79446845,4.990369058,3.138758741,0.129927912,0.082649141,-0.017472601,-0.001754547
11.57,-1.787141754,-1.872631904,5.009917855,3.132195788,-1.640662087,-1.784956463,4.990146042,3.130327479,0.146479667,0.087675441,-0.019771813,-0.001868309
11.61,-1.782816438,-1.866663151,5.014027422,3.1210557,-1.613334108,-1.772200166,4.98970334,3.119112093,0.16948233,0.094462985,-0.024324081,-0.001943607
11.64,-1.779620741,-1.862180163,5.008474694,3.113202114,-1.592186289,-1.762597953,4.989264345,3.110727337,0.187434452,0.09958221,-0.019210349,-0.002474777
11.67,-1.776454919,-1.857709627,5.010269381,3.104724614,-1.570586894,-1.752985419,4.988760193,3.102336961,0.205868024,0.104724208,-0.021509187,-0.002387653
11.71,-1.772296191,-1.851755065,5.008902063,3.09284749,-1.540990573,-1.740178312,4.987961582,3.091120284,0.231305619,0.111576753,-0.020940481,-0.001727206
11.74,-1.769228528,-1.847298441,5.008975239,3.084093481,-1.51818768,-1.730600663,4.987283138,3.08270976,0.251040848,0.116697777,-0.021692102,-0.001383721
11.77,-1.766185795,-1.842847933,5.010554815,3.075795981,-1.49494134,-1.721052084,4.986546053,3.074309091,0.271244455,0.121795849,-0.024008761,-0.00148689
11.81,-1.762186636,-1.836929638,5.001513137,3.064406155,-1.463170085,-1.708381908,4.985469756,3.063110385,0.299016551,0.128547729,-0.016043381,-0.00129577
11.84,-1.759239439,-1.832501633,4.982822029,3.056206913,-1.438795042,-1.698928842,4.984602205,3.054700302,0.320444397,0.133572791,0.001780176,-0.00150661
11.87,-1.756348158,-1.828073179,4.983432324,3.047781913,-1.414024252,-1.689515154,4.983697387,3.046287189,0.342323907,0.138558025,0.000265064,-0.001494724
11.91,-1.752585028,-1.822178148,4.986917454,3.037531251,-1.380258485,-1.677044202,4.982442789,3.035087092,0.372326543,0.145133946,-0.004474665,-0.002444159
11.94,-1.749827049,-1.817776412,4.978595065,3.029540105,-1.354401907,-1.667756131,4.981484353,3.026696246,0.395425142,0.150020281,0.002889288,-0.002843859
11.97,-1.747127304,-1.813380513,4.979152885,3.021062605,-1.328185198,-1.658517173,4.980526624,3.018299545,0.418942106,0.15486334,0.001373739,-0.00276306
12.01,-1.639519906,-1.786983751,4.985389483,3.010431717,-1.292590369,-1.646295297,4.979218559,3.007092798,0.346929537,0.140688454,-0.006170925,-0.003338919
12.04,-1.635547664,-1.782329279,4.982403378,3.001737507,-1.265407464,-1.637210163,4.978223138,2.998696781,0.3701402,0.145119116,-0.00418024,-0.003040726
12.07,-1.631627216,-1.777686035,4.983134116,2.993082507,-1.237878339,-1.628188144,4.977210301,2.990311265,0.393748877,0.149497891,-0.005923814,-0.002771242
12.11,-1.626475813,-1.771509687,4.986419562,2.982324363,-1.200588656,-1.616276039,4.975834852,2.97912883,0.425887158,0.155233648,-0.010584709,-0.003195532
12.14,-1.622680319,-1.766886111,4.991010876,2.973299431,-1.17221388,-1.60743073,4.97478458,2.970733428,0.450466439,0.159455381,-0.016226296,-0.002566004
12.17,-1.618947332,-1.762275595,4.992051455,2.964816931,-1.143540643,-1.598652804,4.973730363,2.962340899,0.475406689,0.163622791,-0.018321092,-0.002476032
12.21,-1.614059899,-1.756130344,4.990967097,2.954858663,-1.104763864,-1.587077457,4.972306273,2.951168306,0.509296035,0.169052886,-0.018660825,-0.003690356
12.24,-1.610471336,-1.751507962,4.984652837,2.946023859,-1.075306016,-1.578493663,4.971223929,2.942791111,0.53516532,0.173014298,-0.013428909,-0.003232748
12.27,-1.606949289,-1.746896165,4.98551399,2.937666359,-1.045601274,-1.569982964,4.970134553,2.934406351,0.561348014,0.176913201,-0.015379438,-0.003260008
12.31,-1.602364671,-1.740746585,4.977087467,2.926033239,-1.005551626,-1.558783082,4.968685406,2.923220509,0.596813045,0.181963503,-0.008402061,-0.00281273
12.34,-1.599017774,-1.73613987,4.984263239,2.918041152,-0.975179511,-1.550507667,4.967614006,2.914834133,0.623838263,0.185632203,-0.016649233,-0.003207019
12.37,-1.595739702,-1.731558622,4.98520529,2.909768652,-0.944580255,-1.542326829,4.966554351,2.906448479,0.651159447,0.189231793,-0.018650939,-0.003320173
12.41,-1.591459152,-1.72546398,4.984525038,2.898699095,-0.903416747,-1.531592653,4.96518301,2.895265453,0.688042406,0.193871327,-0.019342027,-0.003433643
12.44,-1.588330325,-1.7208992,4.983298103,2.891075164,-0.872290892,-1.523675969,4.964178397,2.886878993,0.716039433,0.197223232,-0.019119706,-0.004196172
12.47,-1.585275832,-1.716352898,4.98434321,2.882595164,-0.840977104,-1.515862459,4.963195259,2.878492157,0.744298727,0.200490439,-0.021147951,-0.004103007
12.51,-1.35460615,-1.692816185,4.969912961,2.870824438,-0.798896645,-1.505637607,4.96190661,2.867307619,0.555709505,0.187178578,-0.008006351,-0.003516819
12.54,-1.348592921,-1.68809401,4.973389685,2.862228063,-0.767130545,-1.498108934,4.960968724,2.858920222,0.581462376,0.189985076,-0.012420961,-0.003307841
12.57,-1.342657264,-1.683394949,4.974218034,2.853848063,-0.735234791,-1.490679925,4.960054393,2.850532607,0.607422473,0.192715024,-0.014163641,-0.003315455
12.61,-1.334875968,-1.677143346,4.973970362,2.842177631,-0.692466758,-1.480962332,4.958912001,2.83934781,0.64240921,0.196181014,-0.015058361,-0.002829822
12.64,-1.329123682,-1.672470702,4.966835447,2.832934546,-0.66021455,-1.473811334,4.958106125,2.830959102,0.668909132,0.198659368,-0.008729322,-0.001975444
12.67,-1.323442264,-1.667812271,4.967678316,2.824344546,-0.627855883,-1.466748343,4.957336838,2.822573165,0.69558638,0.201063927,-0.010341478,-0.001771382
12.71,-1.316008126,-1.661631563,4.955130954,2.812415824,-0.584556529,-1.457468257,4.956367207,2.811394402,0.731451597,0.204163307,0.001236253,-0.001021421
12.74,-1.310536808,-1.657010569,4.954217732,2.804131663,-0.551968931,-1.450604241,4.955688613,2.803011621,0.758567877,0.206406328,0.001470881,-0.001120043
12.77,-1.305142826,-1.65240628,4.954829339,2.795849163,-0.51929441,-1.443811227,4.955050369,2.794635282,0.785848417,0.208595053,0.00022103,-0.001213882
12.81,-1.298043846,-1.646304232,4.954638322,2.784437272,-0.475598193,-1.434878086,4.954275648,2.783475115,0.822445653,0.211426146,-0.000362673,-0.000962157
12.84,-1.292812298,-1.641746084,4.944205731,2.776381198,-0.442769206,-1.428261831,4.953763479,2.775100071,0.850043091,0.213484253,0.009557748,-0.001281128
12.87,-1.287670406,-1.637193666,4.944713002,2.767931198,-0.409909522,-1.421705957,4.95329615,2.766721037,0.877760884,0.215487709,0.008583147,-0.001210161
12.91,-1.280938398,-1.631126371,4.946633248,2.75762289,-0.366030393,-1.413085512,4.95275616,2.755550901,0.914908005,0.218040859,0.006122912,-0.002071988
12.94,-1.275959461,-1.626593492,4.947429942,2.749685093,-0.333083168,-1.406710236,4.952407245,2.747175511,0.942876293,0.219883256,0.004977303,-0.002509582
12.97,-1.271063701,-1.622081448,4.948264674,2.741160093,-0.300133505,-1.400392371,4.952109255,2.738799575,0.970930196,0.221689077,0.003844581,-0.002360519
13.01,-0.845835534,-1.512169846,4.961893599,2.730408863,-0.256226467,-1.392064278,4.951784023,2.727628249,0.589609067,0.120105568,-0.010109576,-0.002780614
13.04,-0.835361772,-1.506252042,4.96289355,2.722039186,-0.223310988,-1.385894174,4.951597402,2.719250275,0.612050785,0.120357869,-0.011296148,-0.002788911
13.07,-0.824973473,-1.500357841,4.96440801,2.713729186,-0.190405232,-1.379781091,4.951442501,2.710875344,0.634568241,0.12057675,-0.012965509,-0.002853842
13.11,-0.811198229,-1.492539904,4.960625001,2.701231619,-0.146584604,-1.371720354,4.951287569,2.699710145,0.664613625,0.12081955,-0.009337432,-0.001521474
13.14,-0.800942889,-1.486695643,4.966113733,2.693497814,-0.113791728,-1.365725649,4.951206646,2.691333904,0.687151161,0.120969994,-0.014907087,-0.00216391
13.17,-0.790787834,-1.480857647,4.967817844,2.684895314,-0.081052549,-1.359764239,4.951152529,2.682958325,0.709735285,0.121093409,-0.016665314,-0.001936989
13.21,-0.777370178,-1.473103444,4.9786258,2.673000895,-0.037484261,-1.351877431,4.951142952,2.671798273,0.739885917,0.121226012,-0.027482848,-0.001202622
13.24,-0.767374917,-1.467305692,4.97628628,2.664504066,-0.004885174,-1.346000565,4.951171284,2.663431898,0.762489743,0.121305127,-0.025114996,-0.001072167
13.27,-0.757458195,-1.461529309,4.978358592,2.656039066,0.027635766,-1.34014322,4.95122535,2.655062448,0.785093961,0.121386089,-0.027133241,-0.000976618
13.31,-0.74433851,-1.453851229,4.971975141,2.644584655,0.070836743,-1.332370161,4.951320349,2.643894936,0.815175253,0.121481068,-0.020654792,-0.000689719
13.34,-0.734572061,-1.448108082,4.97489759,2.636477599,0.103124062,-1.326580491,4.951415566,2.635516625,0.837696123,0.121527591,-0.023482024,-0.000960973
13.37,-0.724883471,-1.44238397,4.976904925,2.628207599,0.135325441,-1.320823073,4.951523677,2.62713579,0.860208912,0.121560897,-0.025381248,-0.001071808
13.41,-0.712067378,-1.434778355,4.964385839,2.616659041,0.178066974,-1.313192288,4.951719314,2.615958415,0.890134353,0.121586066,-0.012666525,-0.000700626
13.44,-0.702546348,-1.42909622,4.955288526,2.608959205,0.209957663,-1.307494931,4.9519023,2.607577496,0.912504011,0.12160129,-0.003386226,-0.001381708
13.47,-0.693112404,-1.423445283,4.956716223,2.600374205,0.241733057,-1.301819758,4.952118781,2.599195545,0.934845462,0.121625525,-0.004597442,-0.00117866
13.51,-0.371980129,-1.376175666,4.961106311,2.589312281,0.283897403,-1.294298126,4.952474514,2.588013119,0.655877532,0.081877541,-0.008631797,-0.001299162
13.54,-0.358456776,-1.370027382,4.963282868,2.581130249,0.31534953,-1.288677751,4.952803586,2.579625735,0.673806306,0.081349631,-0.010479282,-0.001504513
13.57,-0.345008375,-1.363893818,4.965097159,2.572770249,0.346661894,-1.283061515,4.953179408,2.571239539,0.691670268,0.080832303,-0.011917751,-0.00153071
13.61,-0.327179694,-1.355721883,4.961771635,2.561154095,0.38816033,-1.275579039,4.953746544,2.560056521,0.715340024,0.080142844,-0.008025091,-0.001097574
13.64,-0.313887264,-1.349608495,4.95836574,2.552545358,0.419109915,-1.269972106,4.954211395,2.551667472,0.732997179,0.079636388,-0.004154346,-0.000877885
13.67,-0.300656656,-1.343513981,4.960070301,2.544237858,0.449929056,-1.264357902,4.954697697,2.543279483,0.750585712,0.079156079,-0.005372604,-0.000958375
13.71,-0.283119381,-1.335424775,4.966887028,2.532050096,0.490758888,-1.256826184,4.955397178,2.532094755,0.773878269,0.078598591,-0.01148985,4.4658e-05
13.74,-0.270038073,-1.329384217,4.954738086,2.523397064,0.521185324,-1.251130661,4.955957586,2.523702572,0.791223397,0.078253556,0.0012195,0.000305508
13.77,-0.257027606,-1.323370037,4.956399104,2.515117064,0.551481695,-1.245404129,4.956547816,2.515312907,0.808509301,0.077965908,0.000148712,0.000195843
13.81,-0.239796639,-1.315397021,4.952471687,2.504417543,0.591641721,-1.237707899,4.957356619,2.504138529,0.83143836,0.077689121,0.004884931,-0.000279014
13.84,-0.226963118,-1.309450212,4.940644707,2.495965161,0.621565314,-1.231871549,4.957993145,2.495754707,0.848528432,0.077578664,0.017348439,-0.000210454
13.87,-0.214198896,-1.303532359,4.941892616,2.487667661,0.651338668,-1.225980802,4.958652279,2.487362862,0.865537564,0.077551557,0.016759662,-0.000304799
13.91,-0.197284373,-1.295687363,4.951267566,2.477668341,0.690778426,-1.218035755,4.959585404,2.4761736,0.888062798,0.077651607,0.008317837,-0.001494741
13.94,-0.184674341,-1.289837178,4.946825819,2.468214304,0.720175526,-1.212013299,4.960328993,2.467791675,0.904849868,0.077823879,0.013503175,-0.000422629
13.97,-0.172128513,-1.284013506,4.948359514,2.459836804,0.749430864,-1.205934854,4.961106625,2.459411348,0.921559377,0.078078652,0.012747111,-0.000425456
14.01,0.192613539,-1.246416777,4.960322843,2.447274524,0.788159346,-1.197707464,4.962177915,2.4482235,0.595545807,0.048709313,0.001855072,0.000948975
14.04,0.209832932,-1.240251843,4.952098749,2.439278015,0.817005033,-1.19144686,4.963002923,2.439828038,0.607172101,0.048804983,0.010904174,0.000550023
14.07,0.226984196,-1.234112197,4.953857637,2.430728015,0.84571655,-1.185127538,4.963846182,2.431439575,0.618732354,0.048984659,0.009988545,0.000711561
14.11,0.249754709,-1.226001357,4.958254464,2.418854738,0.883748623,-1.1765833,4.964991317,2.420268576,0.633993914,0.049418057,0.006736853,0.001413838
14.14,0.266774207,-1.219977494,4.962205437,2.410495571,0.912069057,-1.170059903,4.965879491,2.411879231,0.64529485,0.049917591,0.003674054,0.00138366
14.17,0.283717638,-1.214002296,4.964294978,2.402183071,0.940243744,-1.16344316,4.966782814,2.403480248,0.656526106,0.050559136,0.002487836,0.001297177
14.21,0.306178519,-1.206082941,4.976589696,2.390860353,0.977574721,-1.154456827,4.968012397,2.392291684,0.671396202,0.051626114,-0.0085773,0.001431331
14.24,0.32295029,-1.200183723,4.984441514,2.38297922,1.005410866,-1.147596486,4.96893336,2.383923586,0.682460576,0.052587237,-0.015508154,0.000944365
14.27,0.339663752,-1.194336733,4.987144233,2.37451922,1.033120601,-1.140639573,4.96985223,2.375555048,0.693456849,0.05369716,-0.017292003,0.001035828
14.31,0.361874981,-1.186581358,5.001045241,2.362378338,1.069819473,-1.131177677,4.97105189,2.364366805,0.707944492,0.05540368,-0.02999335,0.001988467
14.34,0.378470357,-1.180805734,5.00568831,2.354126708,1.097166668,-1.123956912,4.971925713,2.355971683,0.718696311,0.056848822,-0.033762597,0.001844975
14.37,0.395016569,-1.175070052,5.008846013,2.345694208,1.12439395,-1.116658211,4.972774533,2.347589282,0.729377381,0.058411841,-0.03607148,0.001895074
14.41,0.417006911,-1.167500443,5.015986016,2.334575978,1.16046809,-1.106778998,4.973847833,2.336420723,0.743461179,0.060721445,-0.042138183,0.001844745
14.44,0.433450136,-1.161896768,5.007623256,2.326526015,1.18733775,-1.099244868,4.974607434,2.328028183,0.753887614,0.062651899,-0.033015822,0.001502167
14.47,0.449855228,-1.156340809,5.010565867,2.318021015,1.214075792,-1.091622434,4.975328792,2.319626759,0.764220564,0.064718375,-0.035237075,0.001605743
14.51,0.748001526,-1.166325085,4.993691922,2.306778892,1.249509764,-1.081318795,4.976232388,2.308438461,0.501508237,0.08500629,-0.017459534,0.001659569
14.54,0.768119264,-1.161116034,4.997662265,2.298170696,1.275928537,-1.073486954,4.976867587,2.30006018,0.507809273,0.08762908,-0.020794678,0.001889484
14.57,0.788184607,-1.155954491,5.000048812,2.289753196,1.30222613,-1.065567656,4.977487131,2.291677067,0.514041523,0.090386835,-0.022561681,0.001923871
14.61,0.814853393,-1.14912802,4.990754808,2.278444694,1.337068483,-1.054839421,4.978294384,2.280477731,0.52221509,0.0942886,-0.012460424,0.002033037
14.64,0.834772759,-1.144046047,4.991109123,2.270205615,1.363054681,-1.046674045,4.978894057,2.272084963,0.528281922,0.097372002,-0.012215067,0.001879347
14.67,0.854636331,-1.139002266,4.993149201,2.261823115,1.388946315,-1.038421462,4.979482373,2.263706669,0.534309984,0.100580804,-0.013666828,0.001883554
14.71,0.881037609,-1.132348492,4.993950315,2.250260528,1.423296079,-1.027231781,4.980258114,2.252533269,0.542258471,0.105116711,-0.013692201,0.002272741
14.74,0.900775694,-1.127433003,4.989245091,2.24131876,1.448932665,-1.018682864,4.980828693,2.2441268,0.548156971,0.108750138,-0.008416399,0.00280804
14.77,0.920451904,-1.12257662,4.991145748,2.23286626,1.474489939,-1.010023982,4.981392182,2.235716276,0.554038035,0.112552637,-0.009753567,0.002850015
14.81,0.946591444,-1.116187973,4.994916825,2.221537893,1.508442772,-0.998289951,4.98212143,2.224539873,0.561851327,0.117898022,-0.012795396,0.00300198
14.84,0.966128128,-1.111460584,4.998386932,2.21302616,1.533815267,-0.989338656,4.982653012,2.216167285,0.567687138,0.122121928,-0.015733919,0.003141125
14.87,0.985608312,-1.106804983,5.000457016,2.20462616,1.559116547,-0.980267105,4.983175634,2.20777254,0.573508234,0.126537878,-0.017281382,0.00314638
14.91,1.011504507,-1.100685287,5.005637625,2.193637183,1.592731147,-0.967956901,4.983842961,2.196552663,0.581226641,0.132728385,-0.021794664,0.002915479
14.94,1.030882449,-1.09617104,4.999823303,2.184571967,1.617868522,-0.958579588,4.984320998,2.188163283,0.586986073,0.137591453,-0.015502306,0.003591316
14.97,1.050222782,-1.091722592,5.00178412,2.175884467,1.642955472,-0.949097748,4.984773871,2.179793362,0.59273269,0.142624844,-0.01701025,0.003908895
15.01,1.339764104,-1.062035132,5.002083462,2.165279849,1.676303288,-0.93624447,4.98533409,2.168611099,0.336539183,0.125790662,-0.016749372,0.00333125
15.04,1.362660285,-1.05740946,5.008508478,2.157915358,1.701239734,-0.92644341,4.98571933,2.160196045,0.33857945,0.13096605,-0.022789148,0.002280686
15.07,1.385507704,-1.052848484,5.010564882,2.149455358,1.726131973,-0.916536332,4.986089362,2.15179729,0.340624269,0.136312152,-0.02447552,0.002341932
15.11,1.415898383,-1.046837348,4.999721914,2.138280438,1.759246946,-0.903146624,4.986546119,2.140647331,0.343348563,0.143690724,-0.013175795,0.002366893
15.14,1.438651031,-1.042409157,4.999994078,2.130066982,1.784005022,-0.892965476,4.986861292,2.132279758,0.345353991,0.149443681,-0.013132786,0.002212777
15.17,1.461354337,-1.038040584,5.001656559,2.121656982,1.808684343,-0.882686768,4.987159604,2.123887575,0.347330005,0.155353815,-0.014496955,0.002230593
15.21,1.491562485,-1.032316028,4.99708959,2.110390105,1.841421068,-0.868842273,4.987551971,2.112688603,0.349858583,0.163473756,-0.009537619,0.002298498
15.24,1.514156,-1.028084146,5.003471139,2.101919398,1.865840705,-0.858383296,4.987844136,2.104298343,0.351684705,0.16970085,-0.015627002,0.002378945
15.27,1.536694299,-1.02391236,5.005190091,2.093641898,1.890160703,-0.847866836,4.988135683,2.095903269,0.353466404,0.176045524,-0.017054408,0.002261371
15.31,1.566656903,-1.01845225,4.996492378,2.083354919,1.922402693,-0.833715934,4.988532187,2.084695849,0.35574579,0.184736317,-0.007960192,0.001340931
15.34,1.589047727,-1.014417124,5.001836866,2.074223473,1.94645578,-0.823009313,4.988825033,2.076287649,0.357408053,0.191407811,-0.013011833,0.002064176
15.37,1.611385397,-1.010447094,5.003474333,2.065888473,1.970423706,-0.812249974,4.989117389,2.067889345,0.359038309,0.19819712,-0.014356944,0.002000872
15.41,1.641110731,-1.005243781,4.994790913,2.054612359,2.002216839,-0.797819665,4.989504191,2.056706452,0.361106108,0.207424116,-0.005286722,0.002094094
15.44,1.663357093,-1.001434721,5.001779243,2.046427287,2.025911798,-0.786928949,4.989798593,2.048319419,0.362554704,0.214505772,-0.01198065,0.001892133
15.47,1.685557006,-0.997687101,5.003391562,2.038232287,2.049480456,-0.775995582,4.990091584,2.039938628,0.36392345,0.221691519,-0.013299979,0.001706341
15.51,1.819142465,-1.007175571,4.994182986,2.026271939,2.080652149,-0.761383212,4.990503779,2.028768069,0.261509685,0.245792359,-0.003679207,0.00249613
15.54,1.842687416,-1.003785316,4.997666611,2.018952247,2.103815275,-0.750428157,4.990822186,2.02037092,0.261127859,0.253357159,-0.006844425,0.001418673
15.57,1.866190026,-1.00047709,4.999193093,2.010524747,2.126796118,-0.739479024,4.991152879,2.011963936,0.260606092,0.260998066,-0.008040214,0.00143919
15.61,1.897499726,-0.996190152,5.01705469,1.999500707,2.157053662,-0.724898635,4.991624562,2.000801215,0.259553937,0.271291517,-0.025430128,0.001300508
15.64,1.920948996,-0.993049575,5.012335522,1.991465075,2.17941812,-0.714013804,4.99200624,1.992440648,0.258469124,0.27903577,-0.020329282,0.000975573
15.67,1.944378946,-0.989977205,5.014329884,1.983002575,2.201513048,-0.703194852,4.992403856,1.984034301,0.257134102,0.286782352,-0.021926028,0.001031726
15.71,1.975595753,-0.985999186,5.006009099,1.971878897,2.230405868,-0.688913318,4.992936877,1.97277322,0.254810115,0.297085868,-0.013072222,0.000894323
15.74,1.998992306,-0.98311608,4.999538528,1.963786303,2.251584621,-0.678317927,4.993341525,1.96441195,0.252592316,0.304798154,-0.006197003,0.000625647
15.77,2.022356613,-0.980288837,5.001083029,1.955191303,2.272374379,-0.667823484,4.993751627,1.956110996,0.250017765,0.312465353,-0.007331402,0.000919693
15.81,2.053436314,-0.97663398,4.995313832,1.944265395,2.299339067,-0.654061937,4.994330149,1.944942891,0.245902752,0.322572044,-0.000983682,0.000677496
15.84,2.076731699,-0.973979429,5.001359472,1.936442525,2.318959166,-0.643930135,4.994790403,1.936466757,0.242227467,0.330049294,-0.006569069,2.4231e-05
15.87,2.10001222,-0.971394886,5.00304326,1.928265025,2.338114698,-0.633930674,4.995279824,1.928042735,0.238102477,0.337464213,-0.007763436,-0.00022229
15.91,2.131024632,-0.968047874,5.010548911,1.916653357,2.362771496,-0.620844566,4.995978033,1.916991618,0.231746864,0.347203308,-0.014570878,0.00033826
15.94,2.154252828,-0.965611245,5.016467408,1.908984496,2.380585183,-0.611240483,4.996535413,1.908649258,0.226332355,0.354370762,-0.019931995,-0.000335238
15.97,2.177464643,-0.963258859,5.018720261,1.900441996,2.397895871,-0.601800116,4.997104322,1.90018201,0.220431228,0.361458743,-0.021615939,-0.000259987
16.01,2.345505204,-0.878909837,5.018103946,1.889613683,2.420029224,-0.589497683,4.997872199,1.888886728,0.07452402,0.289412154,-0.020231747,-0.000726955
16.04,2.370569835,-0.875602365,5.020780393,1.880998068,2.435900167,-0.580472563,4.998437469,1.880581851,0.065330332,0.295129802,-0.022342924,-0.000416217
16.07,2.395606524,-0.872368755,5.023147073,1.872770568,2.451235827,-0.571603281,4.998992567,1.872319683,0.055629303,0.300765474,-0.024154506,-0.000450885
16.11,2.428965075,-0.868162586,5.010843378,1.861569306,2.470691634,-0.56008985,4.999706314,1.861137713,0.041726559,0.308072736,-0.011137064,-0.000431593
16.14,2.453975842,-0.865073561,5.016344092,1.853923489,2.484506703,-0.551695268,5.000207401,1.852686993,0.03053086,0.313378293,-0.016136691,-0.001236497
16.17,2.478996063,-0.862040929,5.018508461,1.845315989,2.497721572,-0.543474814,5.000692978,1.844285892,0.018725509,0.318566114,-0.017815483,-0.001030097
16.21,2.512380018,-0.858100816,5.023860292,1.835615488,2.514167748,-0.532839975,5.00134373,1.832889867,0.00178773,0.325260841,-0.022516562,-0.002725621
16.24,2.537417455,-0.85522521,5.021773099,1.827287387,2.525553691,-0.525093254,5.001823446,1.824186595,-0.011863764,0.330131957,-0.019949653,-0.003100792
16.27,2.562466629,-0.852426667,5.024131119,1.819062387,2.536205073,-0.517490211,5.002289554,1.815575621,-0.026261556,0.334936455,-0.021841566,-0.003486766
16.31,2.595882221,-0.848834575,5.022926172,1.806561546,2.549000537,-0.507586954,5.002845731,1.804374634,-0.046881684,0.341247621,-0.02008044,-0.002186912
16.34,2.620959149,-0.846228563,5.030745246,1.798564827,2.557511564,-0.500327905,5.003208005,1.795890691,-0.063447585,0.345900658,-0.027537241,-0.002674137
16.37,2.646052833,-0.843702076,5.033251841,1.790354827,2.565224058,-0.493179276,5.003522814,1.787231689,-0.080828775,0.350522799,-0.029729027,-0.003123139
16.41,2.679545426,-0.84045056,5.029716992,1.778134684,2.574036757,-0.483793883,5.003861416,1.775714618,-0.105508669,0.356656677,-0.025855577,-0.002420065
16.44,2.704677515,-0.838106221,5.027654251,1.76986179,2.579553355,-0.476817178,5.004041202,1.767328773,-0.12512416,0.361289043,-0.023613049,-0.002533017
16.47,2.729822631,-0.835838334,5.029903818,1.76168929,2.584290244,-0.469871148,5.004166637,1.758981127,-0.145532388,0.365967187,-0.025737181,-0.002708163
16.51,2.71581744,-0.770005462,5.034099286,1.749338985,2.589212299,-0.460643777,5.004249025,1.747576917,-0.126605141,0.309361684,-0.029850261,-0.001762068
16.54,2.740330823,-0.767056426,5.024115355,1.74077862,2.591891848,-0.453703855,5.00425421,1.738974314,-0.148438975,0.313352571,-0.019861144,-0.001804306
16.57,2.764865459,-0.76418768,5.02610719,1.73220362,2.593859137,-0.44671443,5.004219064,1.730535652,-0.171006322,0.31747325,-0.021888126,-0.001667968
16.61,2.797613216,-0.760491412,5.037053132,1.721162728,2.595230342,-0.437269113,5.004078674,1.719473378,-0.202382874,0.323222299,-0.032974458,-0.00168935
16.64,2.822205591,-0.757825909,5.041867104,1.713648294,2.595367718,-0.430075489,5.003916965,1.711032506,-0.226837874,0.32775042,-0.037950139,-0.002615788
16.67,2.846829394,-0.755260696,5.04428405,1.705483294,2.594886677,-0.422781889,5.003712948,1.702490316,-0.251942717,0.332478808,-0.040571102,-0.002992978
16.71,2.879714122,-0.751995849,5.045624416,1.695584896,2.593160337,-0.412814356,5.003355594,1.691239396,-0.286553785,0.339181494,-0.042268822,-0.0043455
16.74,2.904420638,-0.749641158,5.046506152,1.687426175,2.591093077,-0.405123418,5.003008401,1.682956348,-0.313327561,0.34451774,-0.043497751,-0.004469827
16.77,2.929152372,-0.747365774,5.048876489,1.679258675,2.588488487,-0.397271447,5.002611622,1.674628065,-0.340663886,0.350094327,-0.046264867,-0.004630609
16.81,2.96217808,-0.744452497,5.039839309,1.668823313,2.584070756,-0.386490454,5.002002641,1.663311166,-0.378107324,0.357962044,-0.037836669,-0.005512147
16.84,2.986995593,-0.742367014,5.034691225,1.660735836,2.580079337,-0.378131576,5.001497462,1.654854148,-0.406916256,0.364235439,-0.033193763,-0.005881689
16.87,3.011858592,-0.740369754,5.036502105,1.652595836,2.575614554,-0.369550733,5.00095655,1.646518959,-0.436244038,0.370819021,-0.035545556,-0.006076877
16.91,3.045086232,-0.737833052,5.043511542,1.640740362,2.568831016,-0.357694818,5.00019098,1.635441371,-0.476255216,0.380138234,-0.043320562,-0.005298991
16.94,3.070063025,-0.736041376,5.048893506,1.632157691,2.563152908,-0.348489242,4.999594713,1.626998302,-0.506910117,0.387552134,-0.049298794,-0.005159389
16.97,3.095086657,-0.734344467,5.051053613,1.623987691,2.557064808,-0.339038627,4.998980913,1.618519749,-0.538021849,0.39530584,-0.0520727,-0.005467943
17.01,2.917292728,-0.646626397,5.045162632,1.612934701,2.548230196,-0.325947105,4.998106849,1.607361398,-0.369062533,0.320679293,-0.047055784,-0.005573303
17.04,2.939520621,-0.643940232,5.057874564,1.604783116,2.541096196,-0.315749986,4.997392284,1.599060051,-0.398424425,0.328190246,-0.06048228,-0.005723065
17.07,2.961823735,-0.641337716,5.060173899,1.596263116,2.533610206,-0.305282473,4.996644734,1.590684492,-0.428213529,0.336055244,-0.063529165,-0.005578624
17.11,2.991636335,-0.63800996,5.059472605,1.585327917,2.523019604,-0.290814566,4.995605501,1.579379175,-0.468616732,0.347195394,-0.063867104,-0.005948742
17.14,3.014064926,-0.63562911,5.044790843,1.575880596,2.514667899,-0.279541948,4.994793547,1.570969053,-0.499397027,0.356087162,-0.049997296,-0.004911543
17.17,3.036542675,-0.633345163,5.046521831,1.567483096,2.506060117,-0.267946661,4.993950904,1.562651841,-0.530482558,0.365398502,-0.052570928,-0.004831255
17.21,3.066578784,-0.630442879,5.038801848,1.55627266,2.494189257,-0.251906002,4.992795442,1.551561114,-0.572389527,0.378536877,-0.046006406,-0.004711546
17.24,3.08918709,-0.628393191,5.039538022,1.546694829,2.48503753,-0.239450248,4.991918685,1.543158707,-0.60414956,0.388942943,-0.047619337,-0.003536123
17.27,3.111883334,-0.62644828,5.041089458,1.538357329,2.475719183,-0.226673271,4.991043738,1.534746474,-0.636164152,0.399775009,-0.05004572,-0.003610855
17.31,3.142245786,-0.624018329,5.044439156,1.526732595,2.46299202,-0.209020232,4.989876102,1.523611855,-0.679253765,0.414998097,-0.054563054,-0.00312074
17.34,3.165085506,-0.622314809,5.037588317,1.517970663,2.45321416,-0.19532165,4.988992448,1.51528235,-0.711871345,0.426993159,-0.048595869,-0.002688313
17.37,3.188010338,-0.620717544,5.039070413,1.509793163,2.443263418,-0.181301108,4.988101317,1.506901725,-0.74474692,0.439416436,-0.050969097,-0.002891438
17.41,3.21868294,-0.618764578,5.046389434,1.498673121,2.429678354,-0.162011206,4.986877047,1.495649706,-0.789004586,0.456753372,-0.059512387,-0.003023414
17.44,3.241751488,-0.617419094,5.045258662,1.48961351,2.419256356,-0.147073995,4.985938729,1.487263489,-0.822495132,0.470345099,-0.059319933,-0.002350021
17.47,3.264888098,-0.616198217,5.046874172,1.48114351,2.408669503,-0.131793207,4.984978729,1.478928291,-0.856218595,0.484405009,-0.061895443,-0.002215219
17.51,2.967176284,-0.430001724,5.041003262,1.469659508,2.394259202,-0.110815475,4.983657791,1.46777043,-0.572917082,0.319186249,-0.057345471,-0.001889077
17.54,2.985914395,-0.426475991,5.030942398,1.460566056,2.383239035,-0.094639192,4.982628728,1.459330027,-0.60267536,0.331836799,-0.048313669,-0.001236029
17.57,3.004722655,-0.423092966,5.032047261,1.452236056,2.372069959,-0.078129314,4.981582491,1.450908497,-0.632652696,0.344963652,-0.050464771,-0.001327559
17.61,3.029929354,-0.418782841,5.027937105,1.441517802,2.35692071,-0.055491226,4.980165732,1.439760616,-0.673008644,0.363291616,-0.047771373,-0.001757186
17.64,3.048904567,-0.415685423,5.019341109,1.432577208,2.345401125,-0.038054945,4.979092556,1.431402111,-0.703503442,0.377630478,-0.040248553,-0.001175097
17.67,3.067935339,-0.412712495,5.020096044,1.424084708,2.333804191,-0.020293955,4.978021551,1.423010975,-0.734131148,0.39241854,-0.042074494,-0.001073733
17.71,3.093394158,-0.408932062,5.011097602,1.412985904,2.318276729,0.003984409,4.976603055,1.411812448,-0.775117428,0.412916471,-0.034494546,-0.001173456
17.74,3.112570106,-0.406244862,5.006850821,1.404152975,2.306627151,0.022637226,4.975541278,1.403423555,-0.805942955,0.428882088,-0.031309544,-0.00072942
17.77,3.131832638,-0.403687172,5.007324248,1.395675475,2.294983752,0.041600632,4.974488785,1.395024767,-0.836848885,0.445287804,-0.032835462,-0.000650708
17.81,3.157629344,-0.400487038,5.001187881,1.383937139,2.279461693,0.067435397,4.973104906,1.383797581,-0.878167651,0.467922435,-0.028082975,-0.000139558
17.84,3.177053549,-0.398236864,5.011354948,1.375214353,2.267808108,0.087228686,4.972085824,1.375380483,-0.909245441,0.48546555,-0.039269125,0.000166129
17.87,3.196559732,-0.396128446,5.012124179,1.367116853,2.256136468,0.107331233,4.9710771,1.366988964,-0.940423265,0.503459679,-0.04104708,-0.000127889
17.91,3.222701425,-0.393533294,4.99984727,1.355486599,2.240523668,0.134688307,4.969737543,1.355829758,-0.982177757,0.528221601,-0.030109727,0.000343159
17.94,3.242396897,-0.391756108,4.999894272,1.346505305,2.228764235,0.155601075,4.968725897,1.347436763,-1.013632662,0.547357183,-0.031168375,0.000931458
17.97,3.262168275,-0.3901181,5.000385706,1.337767805,2.216965565,0.176797114,4.967704704,1.339026393,-1.045202709,0.566915214,-0.032681002,0.001258588
18.01,2.869309228,-0.176047881,4.988858362,1.326996963,2.201163027,0.205585931,4.966351667,1.327844454,-0.668146201,0.381633812,-0.022506695,0.000847491
18.04,2.883450662,-0.17181016,4.987884242,1.319005422,2.189257766,0.227565233,4.965343133,1.319486986,-0.694192896,0.399375393,-0.022541109,0.000481565
18.07,2.897669114,-0.167709021,4.988148475,1.310512922,2.177311734,0.249811676,4.96435004,1.311106576,-0.72035738,0.417520697,-0.023798435,0.000593654
18.11,2.916725881,-0.162479407,4.99102487,1.299104733,2.161319496,0.279948727,4.963063457,1.29987088,-0.755406385,0.442428134,-0.027961413,0.000766148
18.14,2.931092636,-0.158724098,4.984218537,1.290674433,2.149319423,0.302915906,4.962130599,1.291458036,-0.781773213,0.461640004,-0.022087938,0.000783604
18.17,2.945517585,-0.155105276,4.984568748,1.282251933,2.137356971,0.326146831,4.961220305,1.283076624,-0.808160615,0.481252108,-0.023348443,0.000824691
18.21,2.964851149,-0.150481416,4.98401402,1.271131813,2.121545575,0.357558854,4.960042627,1.271900804,-0.843305574,0.50804027,-0.023971393,0.000768992
18.24,2.979417163,-0.147185799,4.982422535,1.262668636,2.109823628,0.381400858,4.959188119,1.263497859,-0.869593535,0.528586657,-0.023234417,0.000829223
18.27,2.99403792,-0.144055988,4.982894434,1.254331136,2.098207602,0.405441781,4.95835564,1.255095745,-0.895830318,0.549497769,-0.024538794,0.000764608
18.31,3.013616951,-0.140126707,4.981370311,1.242296957,2.082906346,0.43788027,4.957291226,1.243909723,-0.930710605,0.578006977,-0.024079085,0.001612765
18.34,3.028357034,-0.137376725,4.97831624,1.233890373,2.071546673,0.462493537,4.956515884,1.235537302,-0.956810361,0.599870262,-0.021800356,0.001646929
18.37,3.04317697,-0.13477534,4.978845811,1.225342873,2.060249886,0.487296136,4.955763007,1.227162133,-0.982927084,0.622071476,-0.023082804,0.00181926
18.41,3.063063674,-0.131531546,4.981124268,1.213638593,2.045273593,0.52069849,4.954787049,1.215962457,-1.017790081,0.652230036,-0.026337219,0.002323863
18.44,3.078056256,-0.129292777,4.989941443,1.20481363,2.034096049,0.546013154,4.954084311,1.2075741,-1.043960207,0.675305931,-0.035857132,0.00276047
18.47,3.09311494,-0.127221621,4.991001474,1.19618363,2.022953375,0.571521651,4.953393585,1.1992182,-1.070161565,0.698743273,-0.037607889,0.00303457
18.51,2.723273218,0.029213978,4.984341871,1.185191508,2.008141316,0.605854639,4.952491592,1.188085436,-0.715131902,0.576640661,-0.031850279,0.002893928
18.54,2.733092986,0.033042718,4.9876229,1.176775301,1.997052109,0.631817957,4.951815099,1.179696902,-0.736040877,0.598775239,-0.035807801,0.0029216
18.57,2.742980114,0.036696899,4.988663236,1.168410301,1.985975974,0.657937899,4.951141851,1.171305843,-0.75700414,0.621241001,-0.037521385,0.002895542
18.61,2.756250184,0.041310487,4.977475462,1.156061744,1.971242936,0.693063618,4.950268175,1.160162358,-0.785007248,0.651753131,-0.027207287,0.004100614
18.64,2.766272747,0.04458661,4.980091486,1.146735401,1.960246296,0.719616096,4.949620968,1.151824127,-0.80602645,0.675029486,-0.030470517,0.005088727
18.67,2.776355395,0.047712371,4.98098326,1.138542901,1.949316689,0.746296349,4.948991795,1.143472064,-0.827038706,0.698583978,-0.031991465,0.004929164
18.71,2.789859126,0.051601457,4.97013412,1.127478693,1.934928302,0.782068146,4.948211265,1.132304521,-0.854930823,0.730466689,-0.021922856,0.004825828
18.74,2.800052244,0.05431973,4.966957455,1.119022956,1.924308572,0.809025757,4.94765938,1.123914486,-0.875743672,0.754706027,-0.019298075,0.00489153
18.77,2.810309857,0.056868774,4.967601571,1.110622956,1.913814423,0.836065673,4.947130977,1.115513164,-0.896495434,0.779196899,-0.020470595,0.004890209
18.81,2.824081219,0.059991321,4.961317376,1.100382864,1.900025312,0.872252664,4.946482477,1.104309567,-0.924055907,0.812261342,-0.014834898,0.003926703
18.84,2.834490133,0.062135693,4.953672825,1.092366244,1.88980938,0.8994928,4.946040323,1.09591451,-0.944680753,0.837357106,-0.007632502,0.003548265
18.87,2.84497363,0.064106393,4.954089552,1.083873744,1.879671465,0.926811572,4.945629136,1.087526207,-0.965302165,0.862705179,-0.008460416,0.003652463
18.91,2.859060926,0.066465182,4.946818537,1.072327706,1.866273329,0.963380166,4.945119042,1.076360293,-0.992787597,0.896914983,-0.001699495,0.004032588
18.94,2.869692159,0.06803171,4.938454959,1.063829681,1.856292516,0.99090111,4.944770871,1.067987504,-1.013399643,0.9228694,0.006315912,0.004157823
18.97,2.880371945,0.069433082,4.93859773,1.055517181,1.846350804,1.018483676,4.944447425,1.059606838,-1.034021141,0.949050594,0.005849695,0.004089657
19.01,2.514668927,0.417647187,4.931567583,1.044881127,1.833159211,1.055374105,4.944060647,1.048433073,-0.681509716,0.637726918,0.012493064,0.003551945
19.04,2.520208844,0.423419253,4.938854599,1.036324087,1.823307298,1.083125283,4.943806299,1.040065096,-0.696901546,0.65970603,0.0049517,0.003741009
19.07,2.525800868,0.429014015,4.939257446,1.027841587,1.813477749,1.110927755,4.943584986,1.031690718,-0.712323119,0.681913741,0.00432754,0.003849131
19.11,2.533299358,0.436200102,4.943528547,1.015824254,1.800404074,1.148073253,4.943357141,1.020495924,-0.732895284,0.711873151,-0.000171405,0.004671669
19.14,2.538966732,0.441394851,4.945573895,1.007493532,1.790640001,1.175985785,4.943232003,1.012094899,-0.74832673,0.734590934,-0.002341892,0.004601366
19.17,2.544675374,0.446423319,4.946424113,0.998828532,1.780926593,1.203934645,4.943137451,1.003703378,-0.763748781,0.757511327,-0.003286663,0.004874845
19.21,2.552359071,0.452874225,4.958584835,0.987641255,1.768092875,1.241233856,4.943054765,0.992521492,-0.784266196,0.788359631,-0.01553007,0.004880236
19.24,2.558190994,0.457506074,4.965372874,0.97966424,1.758556579,1.269196794,4.943025306,0.984125431,-0.799634415,0.81169072,-0.022347568,0.004461191
19.27,2.564078129,0.46194759,4.966960252,0.97121924,1.749082583,1.297142123,4.943012023,0.975728791,-0.814995546,0.835194533,-0.023948229,0.004509551
19.31,2.57200555,0.46759038,4.978396237,0.95936084,1.736564683,1.33438594,4.943021797,0.964541509,-0.835440867,0.866795559,-0.03537444,0.005180669
19.34,2.577988631,0.471632592,4.971947607,0.95109385,1.727250119,1.362312428,4.94303001,0.956161873,-0.850738512,0.890679836,-0.028917597,0.005068023
19.37,2.584017015,0.475507324,4.973726344,0.94272385,1.717971564,1.390224615,4.943039077,0.947784387,-0.866045451,0.914717291,-0.030687267,0.005060537
19.41,2.592114499,0.480415718,4.97625355,0.93200843,1.70563886,1.427400966,4.943046444,0.936597249,-0.886475639,0.946985248,-0.033207106,0.00458882
19.44,2.598231348,0.48390468,4.974573998,0.924216173,1.696413361,1.455262977,4.94305906,0.928206245,-0.901817986,0.971358297,-0.031514938,0.003990072
19.47,2.604391759,0.487213791,4.976389849,0.915913673,1.68720487,1.483117288,4.94307777,0.919830839,-0.917186889,0.995903496,-0.033312079,0.003917166
19.51,2.232691329,0.826712221,4.974465145,0.904058991,1.674939278,1.520226965,4.943115695,0.908676718,-0.557752051,0.693514745,-0.03134945,0.004617727
19.54,2.233657042,0.834284024,4.981557918,0.895213776,1.665729932,1.548017875,4.943156198,0.900293357,-0.56792711,0.71373385,-0.03840172,0.005079581
19.57,2.234636319,0.841675381,4.983572995,0.886423776,1.656510401,1.575778546,4.943203765,0.891904753,-0.578125918,0.734103165,-0.04036923,0.005480977
19.61,2.235984482,0.851262259,4.982305108,0.875602891,1.644211316,1.61275152,4.94329042,0.88073742,-0.591773166,0.761489261,-0.039014688,0.005134529
19.64,2.237048565,0.858267221,4.985928856,0.867268808,1.634995153,1.640445255,4.943359161,0.87237693,-0.602053411,0.782178034,-0.042569695,0.005108122
19.67,2.238154388,0.865097039,4.988026007,0.858986308,1.625791723,1.668095859,4.943433199,0.864013506,-0.612362665,0.80299882,-0.044592808,0.005027198
19.71,2.239676964,0.873937852,4.985887453,0.848175685,1.613561456,1.704854975,4.943544975,0.852845128,-0.626115508,0.830917122,-0.042342478,0.004669443
19.74,2.240873253,0.8803755,4.988209424,0.839018736,1.604434232,1.732333708,4.943635453,0.844465215,-0.636439021,0.851958208,-0.04457397,0.005446479
19.77,2.242113606,0.886640143,4.990296889,0.830463736,1.595341839,1.759745195,4.943727639,0.836082479,-0.646771767,0.873105053,-0.046569249,0.005618743
19.81,2.243812564,0.894726444,4.999794674,0.818347807,1.583265794,1.796164725,4.943859905,0.824899607,-0.660546771,0.901438282,-0.05593477,0.0065518
19.84,2.245127718,0.900592072,4.990225619,0.810945314,1.574226107,1.823381466,4.943963452,0.816509769,-0.670901612,0.922789394,-0.046262167,0.005564456
19.87,2.246488296,0.906279235,4.99226352,0.802422814,1.565192511,1.850532995,4.944065886,0.808119319,-0.681295785,0.944253761,-0.048197634,0.005696505
19.91,2.248367543,0.913587285,4.996107887,0.791577553,1.553151856,1.886629067,4.944184817,0.796939694,-0.695215687,0.973041781,-0.05192307,0.00536214
19.94,2.249825281,0.918863995,4.991995804,0.783767256,1.544112007,1.913623422,4.944262994,0.788559776,-0.705713274,0.994759427,-0.04773281,0.00479252
19.97,2.251319911,0.923977887,4.993963262,0.775624756,1.535055241,1.940558375,4.94433817,0.780175815,-0.71626467,1.016580488,-0.049625092,0.004551059
20.01,1.963656047,1.231692227,5.001696285,0.764480636,1.522940175,1.97636502,4.944424051,0.768988015,-0.440715872,0.744672793,-0.057272234,0.004507378
20.04,1.961207278,1.240564249,5.014616023,0.755579092,1.513823938,2.003147369,4.944482839,0.760601703,-0.44738334,0.76258312,-0.070133184,0.005022611
20.07,1.958780274,1.24925527,5.017191732,0.747311592,1.50468282,2.029878151,4.944535957,0.752217068,-0.454097454,0.780622881,-0.072655775,0.004905476
20.11,1.955586561,1.260580435,5.014007627,0.736699588,1.492438876,2.065418002,4.944591498,0.741026143,-0.463147685,0.804837567,-0.069416129,0.004326555
20.14,1.953210722,1.268871982,5.016051759,0.728416533,1.483220148,2.091994697,4.944604296,0.732623622,-0.469990574,0.823122715,-0.071447463,0.004207089
20.17,1.950851847,1.277009974,5.018493689,0.719881533,1.473988951,2.118515644,4.944598869,0.724222774,-0.476862896,0.84150567,-0.073894821,0.004341241
20.21,1.947739809,1.287613907,4.99729913,0.708387489,1.461673583,2.153765812,4.944576782,0.713035576,-0.486066226,0.866151905,-0.052722347,0.004648087
20.24,1.945452205,1.295378494,4.986238149,0.699513533,1.452425226,2.180103198,4.944561329,0.704640908,-0.493026979,0.884724703,-0.04167682,0.005127375
20.27,1.943191926,1.302981653,4.987625489,0.691058533,1.443162544,2.206362606,4.944549487,0.696240317,-0.500029382,0.903380953,-0.043076003,0.005181785
20.31,1.940209815,1.312850361,4.976825125,0.679473831,1.43079176,2.241246482,4.944574919,0.685042222,-0.509418055,0.928396121,-0.032250206,0.00556839
20.34,1.938002761,1.320074452,4.977068184,0.671702681,1.421500646,2.267326676,4.94463864,0.6766556,-0.516502115,0.947252225,-0.032429544,0.004952919
20.37,1.935831786,1.327148598,4.978268311,0.663380181,1.41219078,2.293347057,4.944737612,0.668272741,-0.523641006,0.966198459,-0.033530699,0.00489256
20.41,1.93297636,1.336338894,4.983195414,0.651907837,1.399722464,2.327927598,4.944918344,0.65708036,-0.533253895,0.991588704,-0.03827707,0.005172523
20.44,1.93085407,1.343037861,4.982245189,0.644064253,1.390329143,2.353787068,4.945081571,0.648679082,-0.540524927,1.010749207,-0.037163618,0.00461483
20.47,1.928752657,1.349571076,4.983680936,0.635609253,1.380911075,2.379600956,4.945261821,0.640287404,-0.547841582,1.03002988,-0.038419115,0.004678151
20.51,1.725966947,1.66905336,4.976641478,0.625213047,1.368303058,2.413939649,4.945505987,0.629116256,-0.357663889,0.744886289,-0.031135491,0.003903208
20.54,1.721146907,1.679507127,4.969783525,0.618005191,1.35879334,2.43962817,4.945691135,0.620726926,-0.362353568,0.760121044,-0.024092391,0.002721734
20.57,1.716355862,1.689780153,4.970837735,0.609520191,1.349241244,2.465270203,4.945874962,0.612326045,-0.367114618,0.77549005,-0.024962774,0.002805854
20.61,1.710009088,1.703210692,4.956932047,0.597968017,1.33644239,2.499389732,4.946140911,0.601130682,-0.373566698,0.79617904,-0.010791136,0.003162665
20.64,1.70527773,1.713104538,4.952556818,0.589759114,1.326806113,2.524933959,4.946361285,0.592752234,-0.378471618,0.811829421,-0.006195534,0.002993121
20.67,1.700576454,1.722851166,4.953144905,0.581171614,1.317139812,2.550440794,4.946603948,0.584375437,-0.383436642,0.827589628,-0.006540957,0.003203823
20.71,1.694358063,1.735588029,4.951148481,0.570183553,1.304191296,2.584372477,4.946971614,0.573187395,-0.390166768,0.848784448,-0.004176867,0.003003842
20.74,1.689714001,1.744962085,4.959795133,0.561937403,1.294443899,2.609766943,4.947286563,0.564793668,-0.395270102,0.864804858,-0.01250857,0.002856265
20.77,1.685086709,1.754170517,4.960759864,0.553447403,1.284677534,2.635127293,4.947629102,0.556409201,-0.400409174,0.880956775,-0.013130762,0.002961798
20.81,1.67894796,1.766202782,4.970836879,0.541471459,1.27161591,2.66887972,4.94811989,0.545237819,-0.407332051,0.902676938,-0.022716989,0.003766359
20.84,1.674371174,1.77505055,4.97496869,0.532731564,1.26177875,2.694146339,4.948501515,0.536845981,-0.412592423,0.919095789,-0.026467175,0.004114417
20.87,1.669805197,1.783733345,4.976455213,0.524399064,1.25191222,2.719382085,4.948882103,0.528445128,-0.417892977,0.93564874,-0.02757311,0.004046064
20.91,1.663740814,1.795085466,4.98124809,0.513381273,1.238716856,2.752987542,4.94938113,0.517255295,-0.425023957,0.957902075,-0.03186696,0.003874023
20.94,1.659226216,1.803420427,4.979561261,0.504642836,1.228792405,2.778165896,4.949736795,0.508876468,-0.430433811,0.974745468,-0.029824467,0.004233632
20.97,1.65472167,1.811597525,4.981104245,0.496077836,1.218840547,2.803324215,4.950080645,0.500492202,-0.435881123,0.99172669,-0.031023599,0.004414366
21.01,1.461615177,2.123114138,4.975319367,0.485526742,1.205516528,2.836833766,4.950513238,0.489290138,-0.256098649,0.713719627,-0.024806129,0.003763396
21.04,1.454565414,2.135079244,4.973789527,0.477017548,1.195492994,2.861949146,4.950825205,0.480892381,-0.25907242,0.726869902,-0.022964322,0.003874833
21.07,1.44755021,2.14687615,4.975092981,0.468745048,1.185452805,2.887057334,4.951129726,0.472506945,-0.262097405,0.740181184,-0.023963255,0.003761896
21.11,1.438219643,2.162347834,4.981308623,0.458537866,1.172028956,2.920521065,4.951540737,0.461324167,-0.266190687,0.758173231,-0.029767886,0.002786302
21.14,1.431247012,2.173765753,4.982141778,0.450732231,1.161932698,2.945607838,4.951854396,0.452919457,-0.269314314,0.771842085,-0.030287382,0.002187226
21.17,1.42428762,2.185033353,4.983689943,0.442349731,1.151825995,2.970689957,4.952172734,0.444513552,-0.272461625,0.785656604,-0.031517209,0.002163821
21.21,1.415031909,2.199833765,4.978221204,0.431520606,1.138350728,3.00412949,4.952589356,0.43333102,-0.276681181,0.804295725,-0.025631848,0.001810413
21.24,1.408128304,2.210736227,4.969340742,0.423116771,1.128243136,3.029203934,4.952891693,0.424948974,-0.279885168,0.818467706,-0.01644905,0.001832203
21.27,1.401251359,2.22147954,4.970432837,0.414694271,1.118129435,3.054272196,4.953189087,0.416553239,-0.283121924,0.832792656,-0.017243749,0.001858968
21.31,1.392128549,2.235550941,4.972392243,0.403514296,1.104642978,3.087691747,4.9535857,0.405345056,-0.287485571,0.852140806,-0.018806543,0.00183076
21.34,1.385307969,2.24592186,4.959353458,0.393887759,1.094543275,3.112762776,4.953897074,0.396955771,-0.290764694,0.866840917,-0.005456384,0.003068012
21.37,1.378517995,2.256151399,4.960165761,0.385540259,1.084456052,3.137840992,4.954217321,0.388577848,-0.294061943,0.881689593,-0.00594844,0.003037589
21.41,1.369492629,2.269545295,4.955786662,0.373805459,1.071016476,3.171289926,4.954658663,0.377391545,-0.298476153,0.901744631,-0.001127999,0.003586086
21.44,1.362726228,2.279407397,4.949427042,0.365976334,1.060945532,3.196388472,4.955004358,0.36898419,-0.301780695,0.916981075,0.005577316,0.003007856
21.47,1.355965661,2.289098387,4.950079751,0.357386334,1.050892005,3.221501721,4.955371154,0.360583529,-0.305073656,0.932403333,0.005291403,0.003197195
21.51,1.156418379,2.610234703,4.961092036,0.346171639,1.037530377,3.255019813,4.955892417,0.34941151,-0.118888003,0.644785109,-0.005199619,0.003239871
21.54,1.147032715,2.623874091,4.964188979,0.33803036,1.027533797,3.280182962,4.956316621,0.34102723,-0.119498918,0.656308872,-0.007872358,0.00299687
21.57,1.137643308,2.637352045,4.965386411,0.32954286,1.017552022,3.305364087,4.956761836,0.332625011,-0.120091286,0.668012042,-0.008624575,0.003082151
21.61,1.12514063,2.655085904,4.969340311,0.31879766,1.004290052,3.338980147,4.957385541,0.32141233,-0.120850577,0.683894243,-0.011954769,0.00261467
21.64,1.115784785,2.66821201,4.9785428,0.310013209,0.994401994,3.364229582,4.957870424,0.313026168,-0.121382791,0.696017572,-0.020672376,0.003012959
21.67,1.10643531,2.681187849,4.98024017,0.301548209,0.984560796,3.389505122,4.95836215,0.304652025,-0.121874514,0.708317273,-0.02187802,0.003103816
21.71,1.093978841,2.698265935,4.983945897,0.290834672,0.971519684,3.423246244,4.959030554,0.2934684,-0.122459156,0.724980309,-0.024915343,0.002633729
21.74,1.084635961,2.710897144,4.988372469,0.282836774,0.961807938,3.448581111,4.959526892,0.285065037,-0.122828024,0.737683967,-0.028845577,0.002228263
21.77,1.075283143,2.723353535,4.990300832,0.274304274,0.952161191,3.473940111,4.960018306,0.276670044,-0.123121953,0.750586576,-0.030282526,0.00236577
21.81,1.062814571,2.739709819,4.999642571,0.263155726,0.939432611,3.50779976,4.960652755,0.265502063,-0.12338196,0.768089942,-0.038989816,0.002346337
21.84,1.05346938,2.751810263,4.992214169,0.254714221,0.929981974,3.533229379,4.961111306,0.257118307,-0.123487406,0.781419116,-0.031102863,0.002404086
21.87,1.044122514,2.763749541,4.994104812,0.246349221,0.920600745,3.558684902,4.961548823,0.248717178,-0.123521768,0.794935362,-0.032555989,0.002367957
21.91,1.031635218,2.779445068,4.989932285,0.234717716,0.908242416,3.59268038,4.962088744,0.237513474,-0.123392802,0.813235312,-0.027843541,0.002795757
21.94,1.022273502,2.791045532,4.995373443,0.226224138,0.899104357,3.618223747,4.962464614,0.229133083,-0.123169145,0.827178215,-0.032908829,0.002908945
21.97,1.012901015,2.802488531,4.99724576,0.218064138,0.890060868,3.6438016,4.962826153,0.220756684,-0.122840146,0.841313069,-0.034419607,0.002692546
22.01,0.998724061,3.10413873,5.002457707,0.206381844,0.878170301,3.677968138,4.963288758,0.20955918,-0.12055376,0.573829408,-0.039168948,0.003177336
22.04,0.989310943,3.119174334,5.006342402,0.197644441,0.869391288,3.703643618,4.963614686,0.201151405,-0.119919654,0.584469284,-0.042727716,0.003506964
22.07,0.979886317,3.134057208,5.008418555,0.188954441,0.860727918,3.72935929,4.963925812,0.192759362,-0.1191584,0.595302082,-0.044492743,0.003804922
22.11,0.967296108,3.153678056,5.010821631,0.177130485,0.849396656,3.763717337,4.964304911,0.181589603,-0.117899452,0.610039281,-0.04651672,0.004459118
22.14,0.957844037,3.168215447,5.012059573,0.169269476,0.841061178,3.789520746,4.964558386,0.173200461,-0.116782859,0.621305298,-0.047501186,0.003930985
22.17,0.948381927,3.182627332,5.014127467,0.160846976,0.832852525,3.815330916,4.96478485,0.164803673,-0.115529402,0.632703585,-0.049342617,0.003956697
22.21,0.935750769,3.201637586,5.002012436,0.149535243,0.822176158,3.849715555,4.965044116,0.153621333,-0.113574612,0.64807797,-0.036968319,0.00408609
22.24,0.926261185,3.215747493,4.997170261,0.140546868,0.814390799,3.875441233,4.965206225,0.145243567,-0.111870386,0.65969374,-0.031964036,0.004696699
22.27,0.916773477,3.229727848,4.998648417,0.131951868,0.806768017,3.901093501,4.965356382,0.136865988,-0.11000546,0.671365653,-0.033292034,0.00491412
22.31,0.904098434,3.248182534,5.008429011,0.120706177,0.796909696,3.93511628,4.965552884,0.125711453,-0.107188738,0.686933745,-0.042876127,0.005005277
22.34,0.894570849,3.261868456,4.99772443,0.112819427,0.789769622,3.960464924,4.965715999,0.117348822,-0.104801226,0.698596469,-0.032008431,0.004529395
22.37,0.885036676,3.275420473,4.999219957,0.104224427,0.782828427,3.985672145,4.965891275,0.108971429,-0.102208249,0.710251672,-0.033328682,0.004747001
22.41,0.872312425,3.293260699,4.99313048,0.093004005,0.773938357,4.018989339,4.96613856,0.097793535,-0.098374068,0.72572864,-0.02699192,0.00478953
22.44,0.862755458,3.306479814,5.00025829,0.084345453,0.767542182,4.043731581,4.966341902,0.089437936,-0.095213275,0.737251767,-0.033916389,0.005092483
22.47,0.8531769,3.319561831,5.001874913,0.075740453,0.761353939,4.068281093,4.966565401,0.08109451,-0.09182296,0.748719262,-0.035309512,0.005354057
22.51,0.857479918,3.514806787,4.98591705,0.064023268,0.753511999,4.100638189,4.966911479,0.069932916,-0.103967919,0.585831402,-0.019005571,0.005909648
22.54,0.848100034,3.530055533,4.982720868,0.056542176,0.747941721,4.12460552,4.967198964,0.061540721,-0.100158313,0.594549987,-0.015521904,0.004998545
22.57,0.838703177,3.545159791,4.983916236,0.048152176,0.74259238,4.148342691,4.967515861,0.053171599,-0.096110797,0.6031829,-0.016400375,0.005019423
22.61,0.826169543,3.565068605,4.987213857,0.037906435,0.735875119,4.179544209,4.968012167,0.042075616,-0.090294424,0.614475603,-0.01920169,0.004169181
22.64,0.816745812,3.579866456,4.973183714,0.029675258,0.731175801,4.202566834,4.968443096,0.033725785,-0.085570011,0.622700378,-0.004740617,0.004050527
22.67,0.807313741,3.594546985,4.974271902,0.021405258,0.726733328,4.22527429,4.968912828,0.025331741,-0.080580413,0.630727305,-0.005359075,0.003926483
22.71,0.794721934,3.613958368,4.97986264,0.00987295,0.721271875,4.254890115,4.969608866,0.014166524,-0.073450059,0.640931747,-0.010253774,0.004293574
22.74,0.785247406,3.628381283,4.982250899,0.001611191,0.717520098,4.276539751,4.970188418,0.005887133,-0.067727308,0.648158468,-0.012062481,0.004275942
22.77,0.775725211,3.642695568,4.983865374,-0.006903809,0.714031618,4.297745454,4.970816766,-0.0023884,-0.061693593,0.655049885,-0.013048608,0.004515408
22.81,0.762976126,3.661599796,4.988285431,-0.017915222,0.709883633,4.325160774,4.971726267,-0.01356554,-0.053092494,0.663560978,-0.016559163,0.004349682
22.84,0.753384924,3.675656256,4.990470492,-0.026517968,0.707144017,4.345051869,4.97245358,-0.021976349,-0.046240907,0.669395613,-0.018016912,0.004541619
22.87,0.7437594,3.689600512,4.992459805,-0.034932968,0.704665874,4.364445715,4.973208541,-0.030305563,-0.039093526,0.674845203,-0.019251263,0.004627405
22.91,0.730906925,3.708031702,4.992483138,-0.046614836,0.701851118,4.389385003,4.974247626,-0.041327889,-0.029055807,0.681353302,-0.018235512,0.005286948
22.94,0.721250391,3.721718735,4.995404529,-0.054626145,0.700126548,4.407397961,4.975043973,-0.049698159,-0.021123844,0.685679226,-0.020360556,0.004927986
22.97,0.711580945,3.735304309,4.997600751,-0.062681145,0.698683781,4.424909833,4.975843686,-0.058138453,-0.012897165,0.689605524,-0.021757065,0.004542692
23.01,0.739740845,3.977020497,4.985759145,-0.073591523,0.697257828,4.447347738,4.976918128,-0.069305087,-0.042483017,0.470327241,-0.008841017,0.004286436
23.04,0.730538766,3.993489934,4.992895586,-0.081260378,0.696560329,4.463501271,4.977717488,-0.077587959,-0.033978438,0.470011337,-0.015178097,0.003672419
23.07,0.721288608,4.009844577,4.995010793,-0.089755378,0.696146382,4.479168722,4.978521955,-0.085904553,-0.025142227,0.469324145,-0.016488838,0.003850826
23.11,0.708878139,4.031497783,5.000620786,-0.100344905,0.696126624,4.49916829,4.979613113,-0.097117058,-0.012751515,0.467670507,-0.021007673,0.003227847
23.14,0.69951351,4.047647236,5.010561884,-0.108424886,0.696499238,4.513475794,4.980427934,-0.105489809,-0.003014272,0.465828557,-0.03013395,0.002935077
23.17,0.690097043,4.063716772,5.013223068,-0.116934886,0.697146794,4.527246231,4.981245212,-0.113784274,0.007049751,0.463529459,-0.031977856,0.003150611
23.21,0.677459847,4.085056268,5.013657597,-0.128336978,0.69851288,4.544512981,4.982309629,-0.124911488,0.021053033,0.459456713,-0.031347967,0.00342549
23.24,0.667944026,4.101023435,5.006434313,-0.136355107,0.699889338,4.556465307,4.983027029,-0.133442181,0.031945312,0.455441871,-0.023407285,0.002912926
23.27,0.658392936,4.116976224,5.008814884,-0.144830107,0.701484769,4.567529939,4.983673324,-0.1419855,0.043091833,0.450553715,-0.025141561,0.002844607
23.31,0.645583067,4.138225375,5.006490988,-0.154690842,0.703939857,4.580331247,4.984361402,-0.153102125,0.05835679,0.442105872,-0.022129585,0.001588717
23.34,0.635921655,4.154128873,5.008796184,-0.164016124,0.705982958,4.588216693,4.984686048,-0.161450142,0.070061304,0.434087819,-0.024110136,0.002565982
23.37,0.626214032,4.170005525,5.011000516,-0.172203624,0.708148476,4.594726046,4.984832076,-0.170061746,0.081934444,0.424720521,-0.02616844,0.002141878
23.41,0.613207616,4.191119189,5.01491165,-0.183024335,0.711198603,4.600716135,4.984646967,-0.181785173,0.097990988,0.409596947,-0.030264684,0.001239162
23.44,0.6034054,4.206928903,5.008344789,-0.190130765,0.713555318,4.603098214,4.984185248,-0.190273816,0.110149918,0.39616931,-0.024159541,-0.00014305
23.47,0.593539507,4.222726352,5.010164614,-0.198410765,0.715942711,4.603910246,4.983463729,-0.19860702,0.122403204,0.381183894,-0.026700885,-0.000196254
23.51,0.633920246,4.300281502,5.004513636,-0.207656356,0.71916602,4.602088179,4.981997571,-0.210089634,0.085245775,0.301806677,-0.022516065,-0.002433279
23.54,0.62465528,4.316813606,4.996349438,-0.215384368,0.721589562,4.598553834,4.980509818,-0.21898204,0.096934282,0.281740229,-0.01583962,-0.003597672
23.57,0.615333893,4.333346466,4.997343688,-0.223754368,0.723995542,4.593467492,4.978749878,-0.227711952,0.108661648,0.260121027,-0.01859381,-0.003957585
23.61,0.602806571,4.355364966,4.998152714,-0.234679042,0.727149833,4.583913479,4.975921391,-0.238915634,0.124343262,0.228548513,-0.022231322,-0.004236592
23.64,0.593338482,4.37187024,5.002779218,-0.241479381,0.7294771,4.574742899,4.973475933,-0.247449323,0.136138618,0.20287266,-0.029303285,-0.005969942
23.67,0.583812117,4.388374089,5.003630072,-0.249676881,0.73177622,4.564172839,4.970811772,-0.256202791,0.147964103,0.17579875,-0.0328183,-0.00652591
23.71,0.571006338,4.41037067,5.008036597,-0.260594409,0.734772463,4.547638527,4.966890336,-0.267767917,0.163766125,0.137267857,-0.041146261,-0.007173507
23.74,0.561302741,4.426880886,5.008352287,-0.268780439,0.736959638,4.533518331,4.963699059,-0.276131295,0.175656897,0.106637445,-0.044653227,-0.007350856
23.77,0.55152874,4.443402838,5.009099954,-0.276507939,0.73911087,4.518215538,4.9603513,-0.284491718,0.18758213,0.074812701,-0.048748654,-0.007983779
23.81,0.538411864,4.465467047,5.006245492,-0.287672597,0.741928996,4.495769508,4.955643135,-0.29595325,0.203517132,0.030302461,-0.050602357,-0.008280653
23.84,0.528510644,4.482043907,5.001997323,-0.294445522,0.744001063,4.477515027,4.951968471,-0.304545608,0.215490419,-0.004528881,-0.050028852,-0.010100086
23.87,0.518553467,4.49865414,5.002447174,-0.302930522,0.746038104,4.45829837,4.948215241,-0.312951471,0.227484637,-0.04035577,-0.054231933,-0.010020949
23.91,0.505180634,4.520879761,4.998029509,-0.312816218,0.748703119,4.431030497,4.943117026,-0.324033612,0.243522485,-0.089849264,-0.054912483,-0.011217394
23.94,0.49507535,4.537597374,4.978465201,-0.320835738,0.750680669,4.409441235,4.939261702,-0.332510798,0.255605319,-0.128156139,-0.039203499,-0.01167506
23.97,0.484920229,4.554364858,4.978308177,-0.328840738,0.752643552,4.387086372,4.935400694,-0.341045298,0.267723323,-0.167278485,-0.042907482,-0.01220456
24.01,0.646823111,4.451372827,4.963866713,-0.339211727,0.755222834,4.355988264,4.930277628,-0.352238792,0.108399723,-0.095384563,-0.033589084,-0.013027064
24.04,0.63895602,4.466532834,4.965855306,-0.347009703,0.757133149,4.33178118,4.926491699,-0.360534493,0.118177129,-0.134751654,-0.039363608,-0.01352479
24.07,0.631019546,4.481763567,4.965680342,-0.355402203,0.759036274,4.306979295,4.922772238,-0.368905894,0.128016729,-0.174784272,-0.042908104,-0.013503691
24.11,0.620343766,4.502171115,4.958982812,-0.365133498,0.761561581,4.272910491,4.917940649,-0.380257583,0.141217816,-0.229260623,-0.041042162,-0.015124085
24.14,0.612263136,4.517552846,4.962577669,-0.373655647,0.763424768,4.246689884,4.914430139,-0.388690935,0.151161632,-0.270862962,-0.04814753,-0.015035288
24.17,0.604117392,4.533005618,4.962769298,-0.381765647,0.765254873,4.220030534,4.911001642,-0.396993219,0.161137481,-0.312975084,-0.051767656,-0.015227572
24.21,0.593141083,4.553732557,4.972065522,-0.391873431,0.767646334,4.183747831,4.906589264,-0.40801796,0.174505251,-0.369984726,-0.065476258,-0.016144529
24.24,0.584833204,4.569383244,4.981682411,-0.400431779,0.769417226,4.156033619,4.903400417,-0.416412852,0.184584021,-0.413349626,-0.078281995,-0.015981073
24.27,0.576472936,4.58511437,4.982891665,-0.408846779,0.771165479,4.127989258,4.900294296,-0.424846711,0.194692543,-0.457125112,-0.082597369,-0.015999932
24.31,0.565245921,4.606221981,4.964745372,-0.420678919,0.773428277,4.090056405,4.896296029,-0.435974066,0.208182356,-0.516165575,-0.068449343,-0.015295146
24.34,0.556753731,4.622179652,4.962304274,-0.429455131,0.775070482,4.061244515,4.893388677,-0.444258408,0.21831675,-0.560935137,-0.068915596,-0.014803276
24.37,0.548192333,4.6382398,4.963214658,-0.437772631,0.776681001,4.032188203,4.890558031,-0.452596611,0.228488668,-0.606051597,-0.072656627,-0.01482398
24.41,0.536684372,4.659812378,4.96468972,-0.448719954,0.778765585,3.993037524,4.886962804,-0.463822405,0.242081212,-0.666774855,-0.077726916,-0.015102451
24.44,0.527983966,4.676109477,4.961967519,-0.457136872,0.780257508,3.963408746,4.884423566,-0.472194655,0.252273542,-0.712700731,-0.077543953,-0.015057783
24.47,0.519230706,4.692531595,4.963281674,-0.465239372,0.781688193,3.933608789,4.881989452,-0.480507184,0.262457487,-0.758922806,-0.081292222,-0.015267811
24.51,0.588989253,4.382966534,4.94295079,-0.475392496,0.783495107,3.893584614,4.878916075,-0.491614125,0.194505854,-0.48938192,-0.064034715,-0.01622163
24.54,0.581242108,4.395061605,4.943253682,-0.484239033,0.784778122,3.863368696,4.87672395,-0.500021153,0.203536014,-0.531692909,-0.066529732,-0.01578212
24.57,0.573432056,4.407259647,4.944326483,-0.492384033,0.785995044,3.833028665,4.874619212,-0.508431916,0.212562987,-0.574230982,-0.06970727,-0.016047883
24.61,0.562930114,4.423688651,4.937646763,-0.50423357,0.787467087,3.792383555,4.871995372,-0.519578389,0.224536973,-0.631305096,-0.065651391,-0.015344819
24.64,0.554984636,4.436136211,4.929294766,-0.511861256,0.78844866,3.761773659,4.870168657,-0.527927388,0.233464023,-0.674362552,-0.059126109,-0.016066132
24.67,0.546983198,4.44870883,4.930314628,-0.520561256,0.789337707,3.731078698,4.868439856,-0.536306846,0.242354509,-0.717630132,-0.061874772,-0.015745589
24.71,0.536257089,4.465645739,4.929628914,-0.531031887,0.790329982,3.690015068,4.866288054,-0.547498412,0.254072893,-0.775630671,-0.06334086,-0.016466525
24.74,0.528163798,4.478484072,4.930149308,-0.540295654,0.790907248,3.659132782,4.864785678,-0.555855984,0.262743451,-0.81935129,-0.06536363,-0.01556033
24.77,0.520006376,4.49145047,4.931495444,-0.548670654,0.791359177,3.628196316,4.863360963,-0.564200464,0.271352802,-0.863254154,-0.068134481,-0.01552981
24.81,0.509037631,4.508925621,4.92197714,-0.56008674,0.791735999,3.586857865,4.861585073,-0.575370268,0.282698368,-0.922067756,-0.060392067,-0.015283528
24.84,0.500744632,4.522163646,4.915890609,-0.568045211,0.791841035,3.555803032,4.860332308,-0.583774722,0.291096403,-0.966360614,-0.055558301,-0.015729511
24.87,0.492404128,4.535519335,4.917006644,-0.576087711,0.791804763,3.524725798,4.859140376,-0.592161202,0.299400635,-1.010793537,-0.057866268,-0.016073491
24.91,0.481195608,4.553530363,4.913556781,-0.587245503,0.791487204,3.483266882,4.857667021,-0.603301188,0.310291596,-1.070263481,-0.05588976,-0.016055685
24.94,0.472722619,4.567193279,4.908253995,-0.595930493,0.791050991,3.452162061,4.856660438,-0.611675669,0.318328372,-1.115031218,-0.051593556,-0.015745176
24.97,0.46417981,4.580976129,4.909412507,-0.603860493,0.79046984,3.421055482,4.855719787,-0.6200778,0.32629003,-1.159920647,-0.05369272,-0.016217306
25.01,0.652742764,4.026576789,4.889284674,-0.61593481,0.789409882,3.379599296,4.854575678,-0.631276886,0.136667119,-0.646977493,-0.034708995,-0.015342076
25.04,0.64683739,4.032694081,4.869160205,-0.623690098,0.788387692,3.348537887,4.853795006,-0.639640208,0.141550303,-0.684156194,-0.015365199,-0.01595011
25.07,0.640871659,4.038933463,4.869397589,-0.632097598,0.787201747,3.317501701,4.853081444,-0.648000048,0.146330089,-0.721431762,-0.016316145,-0.01590245
25.11,0.632842272,4.047442482,4.861994853,-0.64361346,0.785317906,3.276172311,4.852284251,-0.659222834,0.152475634,-0.771270171,-0.009710602,-0.015609374
25.14,0.626785628,4.053962482,4.848830258,-0.652662968,0.783643328,3.245235247,4.85182878,-0.667647702,0.1568577,-0.808727235,0.002998522,-0.014984734
25.17,0.620698163,4.060607503,4.848911836,-0.661190468,0.781749397,3.214355041,4.851478127,-0.676016485,0.161051234,-0.846252462,0.002566291,-0.014826017
25.21,0.612512451,4.069656433,4.845954229,-0.672726108,0.778807617,3.17327774,4.851147301,-0.687095964,0.166295166,-0.896378694,0.005193072,-0.014369856
25.24,0.606326394,4.076592783,4.838689328,-0.681208316,0.776301417,3.142521319,4.851004107,-0.695476081,0.169975023,-0.934071464,0.012314779,-0.014267766
25.27,0.600095208,4.083654652,4.838861635,-0.689585816,0.773576192,3.111803593,4.850923566,-0.703926271,0.173480984,-0.971851059,0.012061931,-0.014340456
25.31,0.591725177,4.093277576,4.848738177,-0.700578712,0.769509114,3.070955535,4.850921478,-0.715150867,0.177783937,-1.022322041,0.0021833,-0.014572155
25.34,0.585396999,4.100634671,4.851322372,-0.70868733,0.766125032,3.04042336,4.850987168,-0.723480161,0.180728033,-1.060211311,-0.000335203,-0.014792831
25.37,0.579027832,4.108123491,4.852194655,-0.71693483,0.762513962,3.009963224,4.851107582,-0.731822592,0.18348613,-1.098160267,-0.001087072,-0.014887762
25.41,0.570474152,4.11830854,4.848836015,-0.729136948,0.757306886,2.969479602,4.851325116,-0.743062825,0.186832734,-1.148828938,0.002489101,-0.013925877
25.44,0.564012624,4.126102515,4.848759134,-0.73862994,0.753094078,2.939240434,4.851522401,-0.751494516,0.189081454,-1.186862081,0.002763267,-0.012864576
25.47,0.557523104,4.134025582,4.849731244,-0.74708744,0.748646053,2.909109946,4.851743213,-0.759862785,0.191122949,-1.224915636,0.002011969,-0.012775345
25.51,0.65130341,3.662923661,4.857525817,-0.757593785,0.742301102,2.869132949,4.852100173,-0.770979694,0.090997692,-0.793790712,-0.005425644,-0.013385908
25.54,0.6461469,3.66446076,4.845531927,-0.765658347,0.73725601,2.839286136,4.85242193,-0.779391008,0.091109111,-0.825174624,0.006890003,-0.013732661
25.57,0.640963647,3.666124972,4.846557415,-0.773998347,0.732001396,2.809546871,4.852773534,-0.787843256,0.091037749,-0.856578101,0.00621612,-0.013844909
25.61,0.633988817,3.668526253,4.854918598,-0.786290692,0.724581444,2.770129084,4.853302121,-0.799062852,0.090592627,-0.898397169,-0.001616476,-0.01277216
25.64,0.628722831,3.67048152,4.858311751,-0.79541412,0.718691014,2.740749372,4.853742701,-0.807423203,0.089968183,-0.929732148,-0.004569049,-0.012009083
25.67,0.62342413,3.67258064,4.859851558,-0.80387662,0.712563715,2.711489048,4.854222701,-0.815804728,0.089139585,-0.961091592,-0.005628857,-0.011928108
25.71,0.616320994,3.675582168,4.866870728,-0.814611762,0.703949336,2.672675601,4.854889888,-0.827055754,0.087628342,-1.002906568,-0.01198084,-0.012443992
25.74,0.610979594,3.677967696,4.863281557,-0.823187533,0.697134761,2.643724568,4.855395815,-0.835478393,0.086155168,-1.034243127,-0.007885742,-0.01229086
25.77,0.605620489,3.680468856,4.864955445,-0.831475033,0.69005868,2.614897349,4.855896631,-0.84385137,0.084438191,-1.065571507,-0.009058813,-0.012376338
25.81,0.598438036,3.684004713,4.855691331,-0.842596124,0.680168214,2.576685211,4.856565098,-0.855006167,0.081730178,-1.107319502,0.000873767,-0.012410043
25.84,0.593007114,3.686803062,4.861520479,-0.851137366,0.672432008,2.548195222,4.857069316,-0.863428142,0.079424894,-1.13860784,-0.004451163,-0.012290776
25.87,0.587547076,3.689738259,4.863113125,-0.859737366,0.664468142,2.519842174,4.857582283,-0.871856701,0.076921066,-1.169896085,-0.005530842,-0.012119335
25.91,0.580234197,3.693851818,4.865228824,-0.871674957,0.653433471,2.482319065,4.858300337,-0.883028777,0.073199275,-1.211532753,-0.006928488,-0.01135382
25.94,0.574714576,3.697076783,4.878041191,-0.879856082,0.644863309,2.454390366,4.858863111,-0.891389405,0.070148734,-1.242686417,-0.019178081,-0.011533324
25.97,0.569172861,3.700435687,4.880134452,-0.888371082,0.636095525,2.426610896,4.859442819,-0.899780344,0.066922665,-1.273824791,-0.020691632,-0.011409262
26.01,0.539393175,3.214037189,4.876743122,-0.899768511,0.62405371,2.389854542,4.860228096,-0.911007206,0.084660534,-0.824182647,-0.016515025,-0.011238695
26.04,0.533501485,3.210896464,4.876714406,-0.907428544,0.61475663,2.362520518,4.860817471,-0.919395521,0.081255145,-0.848375946,-0.015896934,-0.011966977
26.07,0.5276006,3.207895535,4.878681951,-0.915828544,0.605271795,2.335360327,4.861403804,-0.927754162,0.077671195,-0.872535208,-0.017278147,-0.011925619
26.11,0.519711473,3.204099963,4.875974599,-0.926995325,0.59230215,2.299450293,4.862230463,-0.938924746,0.072590677,-0.90464967,-0.013744136,-0.011929421
26.14,0.513766692,3.201388534,4.876100152,-0.935090927,0.582331358,2.272740961,4.862885861,-0.94733596,0.068564665,-0.928647573,-0.013214291,-0.012245033
26.17,0.507811018,3.198802384,4.878062554,-0.943573427,0.572167299,2.246201051,4.863570907,-0.955726703,0.064356281,-0.952601333,-0.014491647,-0.012153276
26.21,0.499884616,3.195568754,4.876893396,-0.95525153,0.558240632,2.211121813,4.864513946,-0.966841482,0.058356016,-0.984446941,-0.01237945,-0.011589952
26.24,0.493928048,3.193280823,4.873989981,-0.964655543,0.547523617,2.185018095,4.86524368,-0.975191243,0.05359557,-1.008262728,-0.008746301,-0.0105357
26.27,0.487958643,3.191109416,4.875881788,-0.972900543,0.536619915,2.159053634,4.865981785,-0.983593657,0.048661272,-1.032055783,-0.009900003,-0.010693114
26.31,0.479974833,3.188406365,4.893114728,-0.983986318,0.521743976,2.124712336,4.866981996,-0.994816524,0.041769144,-1.063694029,-0.026132732,-0.010830206
26.34,0.47397488,3.186535488,4.898530851,-0.993008059,0.510340062,2.09918854,4.867746087,-1.003179074,0.036365182,-1.087346948,-0.030784764,-0.010171015
26.37,0.467944432,3.184794891,4.901125447,-1.001693059,0.498773046,2.073830571,4.86851747,-1.011528526,0.030828614,-1.110964321,-0.032607977,-0.009835467
26.41,0.459888964,3.182671529,4.886231907,-1.012834065,0.483089051,2.040302545,4.869535626,-1.022715465,0.023200087,-1.142368983,-0.01669628,-0.0098814
26.44,0.453837852,3.181225373,4.878222307,-1.020297539,0.471143761,2.015374944,4.870272942,-1.031127896,0.017305909,-1.165850428,-0.007949365,-0.010830358
26.47,0.447773262,3.179910393,4.880025561,-1.028657539,0.459065584,1.990622068,4.871003541,-1.03951525,0.011292322,-1.189288325,-0.00902202,-0.010857711
26.51,0.491665811,2.697427141,4.872271087,-1.039696228,0.442731964,1.957939478,4.872004822,-1.050656626,-0.048933847,-0.739487662,-0.000266265,-0.010960398
26.54,0.486303298,2.689768757,4.882034156,-1.048324441,0.430334795,1.933645289,4.872807638,-1.059036684,-0.055968502,-0.756123468,-0.009226518,-0.010712242
26.57,0.480942504,2.682234356,4.883973125,-1.056736941,0.417840802,1.909503955,4.873643169,-1.067448481,-0.063101702,-0.772730401,-0.010329956,-0.01071154
26.61,0.473785744,2.672369942,4.878265744,-1.068288361,0.400995503,1.877619729,4.874821178,-1.078659797,-0.072790241,-0.794750213,-0.003444566,-0.010371436
26.64,0.468426545,2.665118668,4.881099865,-1.077349268,0.388202795,1.853941142,4.875734834,-1.087029615,-0.080223751,-0.811177527,-0.005365031,-0.009680347
26.67,0.463083466,2.657998541,4.883038578,-1.085811768,0.375284261,1.830413343,4.876666137,-1.095397605,-0.087799204,-0.827585198,-0.006372441,-0.009585837
26.71,0.455966806,2.64870242,4.876970534,-1.097261531,0.357810404,1.799274825,4.87792633,-1.106615591,-0.098156402,-0.849427595,0.000955795,-0.00935406
26.74,0.450632307,2.641856453,4.868791309,-1.105177221,0.34450195,1.776088823,4.878872026,-1.115051964,-0.106130357,-0.865767631,0.010080717,-0.009874744
26.77,0.445292028,2.635113081,4.870285878,-1.113589721,0.331042127,1.753034189,4.879817369,-1.123454866,-0.114249901,-0.882078892,0.009531491,-0.009865146
26.81,0.438208432,2.626312465,4.864375147,-1.125542579,0.312840216,1.722532134,4.881076161,-1.134607904,-0.125368215,-0.903780331,0.016701014,-0.009065325
26.84,0.432912998,2.619853106,4.858600611,-1.13350589,0.299028997,1.699817605,4.88203439,-1.143003044,-0.133884001,-0.920035502,0.02343378,-0.009497154
26.87,0.427631195,2.613501213,4.859747371,-1.14179089,0.285117559,1.677221705,4.883000409,-1.151420221,-0.142513637,-0.936279509,0.023253038,-0.009629331
26.91,0.420612088,2.60520213,4.88000013,-1.153073313,0.266400333,1.647337581,4.884312276,-1.162616595,-0.154211754,-0.957864549,0.004312147,-0.009543282
26.94,0.415350037,2.599111404,4.874579298,-1.161250031,0.2522525,1.625113453,4.885313382,-1.170985678,-0.163097536,-0.973997951,0.010734083,-0.009735647
26.97,0.410095188,2.5931487,4.876243783,-1.169602531,0.238039984,1.60301363,4.886329279,-1.179361671,-0.172055204,-0.990135069,0.010085496,-0.00975914
27.01,0.315527186,2.186296666,4.869852217,-1.181050622,0.21899256,1.573757265,4.887659627,-1.190561154,-0.096534625,-0.612539401,0.01780741,-0.009510532
27.04,0.309084108,2.175106793,4.873503135,-1.189699104,0.204639312,1.551982452,4.88863751,-1.198956885,-0.104444796,-0.623124342,0.015134376,-0.009257781
27.07,0.30264075,2.164040186,4.875048236,-1.198189104,0.190239248,1.530336311,4.889610221,-1.20733266,-0.112401502,-0.633703875,0.014561985,-0.009143557
27.11,0.294055847,2.149459769,4.884131301,-1.20916,0.170965719,1.501691,4.890941631,-1.218489264,-0.123090128,-0.647768769,0.00681033,-0.009329264
27.14,0.28762609,2.138644992,4.8815429,-1.218583764,0.156459263,1.480345914,4.891969331,-1.226874677,-0.131166828,-0.658299077,0.010426432,-0.008290913
27.17,0.281217966,2.127950619,4.883327333,-1.227241264,0.141907373,1.459100512,4.893009316,-1.235262307,-0.139310593,-0.668850107,0.009681984,-0.008021043
27.21,0.272700787,2.113891702,4.889232955,-1.238351064,0.122400528,1.430965222,4.894394215,-1.246414841,-0.150300259,-0.682926479,0.00516126,-0.008063778
27.24,0.266324218,2.103495447,4.89309487,-1.246657387,0.107689272,1.409994448,4.895421158,-1.254764028,-0.158634946,-0.693501,0.002326287,-0.008106641
27.27,0.259971758,2.093215219,4.895132388,-1.254962387,0.092926356,1.389101223,4.896443411,-1.263132127,-0.167045402,-0.704113996,0.001311024,-0.008169739
27.31,0.251536865,2.079685814,4.896899881,-1.26657668,0.073161325,1.361379502,4.897782043,-1.274327332,-0.17837554,-0.718306312,0.000882161,-0.007750652
27.34,0.24522607,2.069674621,4.896172123,-1.275162897,0.058284923,1.340706106,4.898771274,-1.282711228,-0.186941148,-0.728968515,0.002599151,-0.007548331
27.37,0.238932531,2.05979338,4.89816114,-1.283410397,0.043378383,1.320120541,4.899745009,-1.291080057,-0.195554148,-0.739672839,0.001583868,-0.00766966
27.41,0.23057102,2.046825144,4.905314836,-1.294597065,0.023469551,1.292807048,4.901035561,-1.302247053,-0.20710147,-0.754018095,-0.004279275,-0.007649988
27.44,0.224329568,2.037234037,4.899299517,-1.30396014,0.008527033,1.272407281,4.90199468,-1.310639888,-0.215802535,-0.764826756,0.002695163,-0.006679748
27.47,0.218105106,2.027758574,4.901282555,-1.31240764,-0.0064203,1.252076603,4.902951304,-1.31903061,-0.224525406,-0.775681971,0.001668749,-0.00662297
27.51,0.121956893,1.760901812,4.897141344,-1.324489589,-0.026354309,1.225106441,4.904212887,-1.330198099,-0.148311201,-0.535795371,0.007071543,-0.00570851
27.54,0.11453865,1.748207474,4.913382064,-1.332235977,-0.041297871,1.204963963,4.905156037,-1.338572459,-0.155836521,-0.543243511,-0.008226027,-0.006336482
27.57,0.107137069,1.735635355,4.915707219,-1.340605977,-0.05622946,1.184867745,4.906101511,-1.346956707,-0.163366529,-0.55076761,-0.009605708,-0.006350729
27.61,0.097272365,1.719044513,4.905751183,-1.351709195,-0.07611375,1.158160382,4.907373364,-1.358143189,-0.173386115,-0.560884132,0.00162218,-0.006433994
27.64,0.089900159,1.706744224,4.913751297,-1.360118995,-0.091013069,1.138207906,4.908328087,-1.366521336,-0.180913228,-0.568536319,-0.00542321,-0.006402341
27.67,0.082569577,1.69456668,4.915973223,-1.368681495,-0.105904651,1.118305668,4.909275564,-1.374895008,-0.188474228,-0.576261013,-0.006697659,-0.006213513
27.71,0.072828117,1.678528898,4.926924354,-1.381091196,-0.125747242,1.091827563,4.910550098,-1.386074316,-0.198575359,-0.586701335,-0.016374257,-0.00498312
27.74,0.065540686,1.66663644,4.93403907,-1.389249246,-0.140621135,1.072003297,4.911502441,-1.39447273,-0.206161822,-0.594633143,-0.022536629,-0.005223484
27.77,0.058273237,1.65486538,4.936777044,-1.397629246,-0.155490231,1.052213108,4.912449941,-1.402866249,-0.213763467,-0.602652273,-0.024327103,-0.005237003
27.81,0.048623094,1.639359928,4.931388529,-1.408758376,-0.175302119,1.025890893,4.913675016,-1.414038441,-0.223925214,-0.613469034,-0.017713513,-0.005280065
27.84,0.041397373,1.627873583,4.926789581,-1.417027712,-0.190140976,1.006175119,4.914560071,-1.422420581,-0.231538349,-0.621698464,-0.01222951,-0.005392869
27.87,0.034180853,1.616517954,4.929054507,-1.425625212,-0.204959488,0.986466542,4.91541683,-1.430810666,-0.239140341,-0.630051413,-0.013637677,-0.005185453
27.91,0.024598149,1.601573168,4.913123695,-1.436770741,-0.224675904,0.960212694,4.916539455,-1.44199762,-0.249274053,-0.641360474,0.003415759,-0.005226879
27.94,0.017456929,1.5905084,4.911849448,-1.444380853,-0.239428986,0.940549505,4.917378378,-1.450378901,-0.256885915,-0.649958895,0.005528929,-0.005998048
27.97,0.010346881,1.579564075,4.913539159,-1.452728353,-0.254153686,0.920895443,4.918222571,-1.458759552,-0.264500567,-0.658668631,0.004683412,-0.006031199
28.01,-0.063345714,1.229794847,4.931169225,-1.463400053,-0.273728632,0.894679125,4.919370801,-1.469942978,-0.210382918,-0.335115722,-0.011798424,-0.006542925
28.04,-0.071271069,1.214508906,4.926211026,-1.471541046,-0.288364568,0.875010081,4.92024928,-1.478333526,-0.217093499,-0.339498825,-0.005961746,-0.00679248
28.07,-0.079161039,1.199340614,4.928340484,-1.480071046,-0.302967515,0.855345569,4.92113915,-1.486719908,-0.223806476,-0.343995045,-0.007201333,-0.006648862
28.11,-0.089634337,1.179317197,4.931558552,-1.490954705,-0.322379359,0.829125488,4.922306895,-1.497888587,-0.232745022,-0.350191709,-0.009251656,-0.006933882
28.14,-0.097471039,1.164441483,4.925074997,-1.499474766,-0.336905075,0.809435317,4.923165383,-1.506268085,-0.239434036,-0.355006166,-0.001909613,-0.006793319
28.17,-0.105287777,1.149674002,4.927018508,-1.507724766,-0.351421502,0.789721673,4.924006122,-1.514649399,-0.246133725,-0.359952329,-0.003012386,-0.006924633
28.21,-0.115655783,1.130159594,4.915871802,-1.518639797,-0.370792326,0.763410902,4.925105093,-1.525816646,-0.255136543,-0.366748692,0.009233291,-0.007176849
28.24,-0.123404135,1.115659965,4.918604555,-1.528042221,-0.385350298,0.743660075,4.925912235,-1.534175734,-0.261946163,-0.37199989,0.007307681,-0.006133513
28.27,-0.131133626,1.101299024,4.920231608,-1.536594721,-0.399933324,0.723882041,4.926717934,-1.54254125,-0.268799698,-0.377416983,0.006486326,-0.005946529
28.31,-0.14139943,1.082356264,4.923405642,-1.547462146,-0.419418835,0.697445061,4.927792343,-1.553732466,-0.278019406,-0.384911203,0.004386701,-0.00627032
28.34,-0.149087097,1.068287842,4.923025193,-1.556605732,-0.434056079,0.67757986,4.928603071,-1.562126854,-0.284968982,-0.390707982,0.005577878,-0.005521122
28.37,-0.156752858,1.054339541,4.924734295,-1.564978232,-0.448704019,0.657695449,4.92941233,-1.570507987,-0.291951161,-0.396644092,0.004678035,-0.005529755
28.41,-0.166935605,1.035939148,4.929428016,-1.577206897,-0.468244034,0.631129391,4.930479398,-1.581678869,-0.301308429,-0.404809757,0.001051382,-0.004471972
28.44,-0.174547268,1.022271173,4.927325503,-1.586398087,-0.482899256,0.611144529,4.93126658,-1.590071804,-0.308351989,-0.411126644,0.003941077,-0.003673717
28.47,-0.182136358,1.008717645,4.92906424,-1.595050587,-0.497551323,0.591118904,4.932041214,-1.598467991,-0.315414965,-0.417598741,0.002976974,-0.003417403
28.51,-0.269023648,0.806565846,4.937846337,-1.606552426,-0.517076807,0.564364209,4.933054999,-1.609649708,-0.248053159,-0.242201637,-0.004791338,-0.003097282
28.54,-0.277598133,0.790736763,4.939659141,-1.614338714,-0.531709673,0.544252735,4.933799795,-1.618029911,-0.25411154,-0.246484028,-0.005859346,-0.003691197
28.57,-0.286144347,0.775044391,4.941657838,-1.622821214,-0.546332977,0.524093179,4.934538448,-1.62641527,-0.26018863,-0.250951212,-0.00711939,-0.003594057
28.61,-0.297512092,0.754308306,4.946845335,-1.634077932,-0.565811638,0.497120722,4.93549503,-1.637606212,-0.268299546,-0.257187584,-0.011350306,-0.003528279
28.64,-0.306003943,0.738891951,4.945366082,-1.6431717,-0.580406915,0.476838848,4.936194174,-1.645993745,-0.274402972,-0.262053102,-0.009171908,-0.002822046
28.67,-0.314473472,0.723616414,4.947420676,-1.6515167,-0.594994719,0.456522931,4.936874501,-1.654376387,-0.280521247,-0.267093483,-0.010546174,-0.002859687
28.71,-0.325728026,0.703475657,4.943690426,-1.661681051,-0.614439206,0.429349368,4.937760458,-1.665558201,-0.288711181,-0.274126289,-0.005929968,-0.00387715
28.74,-0.334121077,0.68852168,4.941373679,-1.670482602,-0.629022233,0.408892586,4.938404504,-1.673957056,-0.294901155,-0.279629095,-0.002969176,-0.003474454
28.77,-0.342488285,0.673707911,4.943158056,-1.678755102,-0.643604562,0.38838908,4.93903922,-1.682356187,-0.301116277,-0.285318831,-0.004118836,-0.003601086
28.81,-0.35361215,0.654178102,4.937902817,-1.6908481,-0.663043379,0.360982219,4.939874787,-1.693541182,-0.30943123,-0.293195883,0.00197197,-0.002693082
28.84,-0.361914815,0.639698564,4.936876792,-1.699693081,-0.677618704,0.340363175,4.940500486,-1.701927591,-0.315703889,-0.29933539,0.003623695,-0.00223451
28.87,-0.370171217,0.625344355,4.938503346,-1.708333081,-0.692191672,0.319685096,4.941126593,-1.71031989,-0.322020454,-0.30565926,0.002623247,-0.001986809
28.91,-0.381093316,0.606401837,4.937943859,-1.719327716,-0.711615758,0.292014062,4.941958713,-1.721514751,-0.330522443,-0.314387776,0.004014854,-0.002187035
28.94,-0.389241887,0.592363773,4.937512637,-1.726801729,-0.726175509,0.271203871,4.942587124,-1.729904315,-0.336933621,-0.321159902,0.005074488,-0.003102586
28.97,-0.397353947,0.578472069,4.939097642,-1.735391729,-0.740729065,0.250350673,4.943215241,-1.738290901,-0.343375118,-0.328121396,0.004117598,-0.002899172
29.01,-0.517439739,0.399059398,4.951865605,-1.745957392,-0.760126301,0.222442644,4.944055594,-1.749478892,-0.242686562,-0.176616754,-0.007810012,-0.0035215
29.04,-0.526981525,0.383245842,4.959583299,-1.755171532,-0.774668783,0.201430958,4.944676304,-1.757874813,-0.247687258,-0.181814883,-0.014906995,-0.002703281
29.07,-0.536478278,0.367559003,4.961764385,-1.763509032,-0.789204577,0.180373294,4.945293198,-1.766268314,-0.2527263,-0.18718571,-0.016471187,-0.002759282
29.11,-0.549099893,0.3468528,4.964879241,-1.774480713,-0.808570092,0.152221259,4.946089063,-1.777453539,-0.259470199,-0.194631541,-0.018790178,-0.002972826
29.14,-0.558522114,0.331480877,4.952742559,-1.78184058,-0.823083946,0.131033986,4.946660034,-1.785844508,-0.264561832,-0.200446891,-0.006082525,-0.004003928
29.17,-0.567902858,0.316250932,4.954523034,-1.79025058,-0.837590434,0.109785071,4.947203796,-1.794238305,-0.269687576,-0.206465862,-0.007319238,-0.003987725
29.21,-0.58034916,0.296161732,4.951273183,-1.800685339,-0.856912296,0.081356589,4.947896234,-1.805430099,-0.276563136,-0.214805143,-0.003376949,-0.00474476
29.24,-0.589639302,0.281261969,4.9560016,-1.808368982,-0.871383823,0.059977391,4.94840828,-1.813821252,-0.281744522,-0.221284578,-0.007593319,-0.00545227
29.27,-0.598893857,0.266505581,4.95778263,-1.816966482,-0.885842799,0.038549663,4.948923711,-1.822212557,-0.286948942,-0.227955918,-0.008858919,-0.005246074
29.31,-0.6111731,0.24703878,4.953400461,-1.828522819,-0.905106457,0.009870319,4.949615614,-1.833402926,-0.293933357,-0.237168462,-0.003784848,-0.004880106
29.34,-0.62034395,0.232583579,4.953520513,-1.837138093,-0.919544299,-0.011713484,4.950127736,-1.841796486,-0.299200349,-0.244297062,-0.003392777,-0.004658393
29.37,-0.629470274,0.218270417,4.955137899,-1.845615593,-0.933973419,-0.033337422,4.950637989,-1.850188478,-0.304503145,-0.251607839,-0.00449991,-0.004572885
29.41,-0.641583106,0.199419352,4.957629159,-1.856380633,-0.953200232,-0.062242657,4.951315727,-1.86137545,-0.311617126,-0.261662008,-0.006313432,-0.004994817
29.44,-0.650616507,0.185442817,4.96187309,-1.865056351,-0.967619154,-0.083993904,4.951829796,-1.869767354,-0.317002647,-0.269436721,-0.010043294,-0.004711003
29.47,-0.659615134,0.171606956,4.963698719,-1.873441351,-0.98203908,-0.105799081,4.952339476,-1.878160687,-0.322423946,-0.277406037,-0.011359242,-0.004719335
29.51,-0.749957113,0.035431679,4.957371091,-1.884446175,-1.001262209,-0.134946816,4.953015349,-1.889351083,-0.251305096,-0.170378495,-0.004355742,-0.004904907
29.54,-0.759937222,0.020287951,4.955380628,-1.892953633,-1.015675272,-0.156853459,4.953509414,-1.897741311,-0.255738051,-0.177141409,-0.001871214,-0.004787678
29.57,-0.769865809,0.005289885,4.956949514,-1.901578633,-1.030089238,-0.178803226,4.95400046,-1.906132817,-0.260223429,-0.184093111,-0.002949054,-0.004554184
29.61,-0.783027765,-0.014492138,4.964472155,-1.912473407,-1.049315182,-0.208161135,4.954654885,-1.917325848,-0.266287417,-0.193668997,-0.00981727,-0.004852441
29.64,-0.792854903,-0.029172549,4.966268746,-1.920825745,-1.0637351,-0.230233432,4.955154282,-1.925720915,-0.270880197,-0.201060883,-0.011114464,-0.004895169
29.67,-0.802641663,-0.043698729,4.968095425,-1.929225745,-1.078150863,-0.252333732,4.955658189,-1.934115032,-0.275509201,-0.208635003,-0.012437235,-0.004889287
29.71,-0.815629616,-0.06283798,4.969468457,-1.940015852,-1.097367454,-0.281863024,4.95632218,-1.94530624,-0.281737838,-0.219025044,-0.013146277,-0.005290389
29.74,-0.825308485,-0.077030864,4.968564632,-1.948200495,-1.111782276,-0.304072825,4.956806942,-1.953699988,-0.286473791,-0.227041961,-0.01175769,-0.005499493
29.77,-0.834941453,-0.091083046,4.970346953,-1.956697995,-1.12619717,-0.326323896,4.95727788,-1.962092604,-0.291255717,-0.23524085,-0.013069073,-0.005394609
29.81,-0.847716184,-0.109581612,4.968532363,-1.968134889,-1.145407821,-0.356042419,4.957896081,-1.973283091,-0.297691637,-0.246460808,-0.010636282,-0.005148201
29.84,-0.857227972,-0.123274972,4.957794418,-1.976338824,-1.159808986,-0.378367927,4.958350747,-1.981676979,-0.302581014,-0.255092955,0.000556329,-0.005338155
29.87,-0.866694513,-0.136804684,4.959151601,-1.985071324,-1.174210057,-0.400731723,4.958804986,-1.990070703,-0.307515544,-0.263927039,-0.000346615,-0.004999379
29.91,-0.879239382,-0.154609367,4.960624162,-1.996310798,-1.193411472,-0.430622916,4.959400174,-2.001261159,-0.31417209,-0.276013548,-0.001223988,-0.004950361
29.94,-0.888598332,-0.167788226,4.951649102,-2.004949273,-1.207803179,-0.453077171,4.959858278,-2.009654225,-0.319204847,-0.285288945,0.008209177,-0.004704953
29.97,-0.897908284,-0.180823409,4.952813601,-2.013346773,-1.222185,-0.475551117,4.960324898,-2.018049481,-0.324276716,-0.294727708,0.007511298,-0.004702708
30.01,-1.046017419,-0.442551866,4.96310371,-2.023764477,-1.241351972,-0.505570358,4.96096352,-2.029243265,-0.195334553,-0.063018492,-0.00214019,-0.005478787
30.04,-1.057114683,-0.458625625,4.970765406,-2.032078292,-1.25572604,-0.528134832,4.96145183,-2.03763636,-0.198611357,-0.069509207,-0.009313576,-0.005558069
30.07,-1.068164873,-0.474555339,4.972536163,-2.040523292,-1.27009433,-0.550725737,4.961951386,-2.046029576,-0.201929457,-0.076170399,-0.010584777,-0.005506284
30.11,-1.082818587,-0.495567651,4.966915984,-2.051777208,-1.289230421,-0.580875064,4.962629392,-2.05722363,-0.206411833,-0.085307413,-0.004286592,-0.005446422
30.14,-1.093749073,-0.511142606,4.964823872,-2.060692272,-1.30357079,-0.603515421,4.963138378,-2.065618933,-0.209821717,-0.092372815,-0.001685494,-0.004926661
30.17,-1.104623328,-0.526560002,4.966377221,-2.069002272,-1.317910005,-0.626186485,4.963646275,-2.074011381,-0.213286677,-0.099626483,-0.002730945,-0.005009109
30.21,-1.119046045,-0.546893046,4.967006663,-2.080724323,-1.337026884,-0.656460366,4.964325453,-2.085198563,-0.21798084,-0.10956732,-0.00268121,-0.00447424
30.24,-1.129794899,-0.561967452,4.965687732,-2.089899552,-1.351355021,-0.679178321,4.964848575,-2.093591295,-0.221560121,-0.117210869,-0.000839157,-0.003691744
30.27,-1.140476719,-0.576880682,4.967233497,-2.098002052,-1.365676895,-0.701903525,4.965378541,-2.101985857,-0.225200175,-0.125022843,-0.001854956,-0.003983805
30.31,-1.154617894,-0.596540248,4.968636922,-2.108635104,-1.38477471,-0.732237502,4.966103165,-2.113177162,-0.230156816,-0.135697253,-0.002533757,-0.004542058
30.34,-1.165145238,-0.611133449,4.964776836,-2.117225509,-1.399101046,-0.755015703,4.966649291,-2.121568652,-0.233955808,-0.143882255,0.001872455,-0.004343142
30.37,-1.175627531,-0.625592538,4.966279295,-2.125590509,-1.41342149,-0.777801564,4.967203342,-2.129959924,-0.237793958,-0.152209026,0.000924047,-0.004369414
30.41,-1.189509931,-0.644633331,4.971147621,-2.136786472,-1.43249599,-0.808184937,4.96794675,-2.141151968,-0.242986059,-0.163551605,-0.00320087,-0.004365496
30.44,-1.199854184,-0.6587323,4.964643797,-2.14548771,-1.446794326,-0.83098795,4.96851768,-2.149544919,-0.246940142,-0.172255649,0.003873884,-0.004057209
30.47,-1.210144967,-0.672693497,4.966116336,-2.15379521,-1.461090999,-0.853809756,4.969092983,-2.157933265,-0.250946032,-0.181116258,0.002976647,-0.004138055
30.51,-1.280643501,-0.878219507,4.972000285,-2.165203789,-1.480138148,-0.884257057,4.969862833,-2.169115814,-0.199494647,-0.006037549,-0.002137452,-0.003912025
30.54,-1.291606369,-0.894447413,4.981809084,-2.173956654,-1.494400195,-0.907090597,4.970447536,-2.177507781,-0.202793826,-0.012643184,-0.011361547,-0.003551127
30.57,-1.302525487,-0.910512191,4.983781631,-2.182441654,-1.508647501,-0.929927648,4.971041175,-2.185899055,-0.206122014,-0.019415457,-0.012740456,-0.003457401
30.61,-1.317003576,-0.931676351,4.986372367,-2.194107242,-1.527630804,-0.960402372,4.971848354,-2.197076012,-0.210627228,-0.028726021,-0.014524013,-0.00296877
30.64,-1.327803098,-0.947370981,4.986285977,-2.201830814,-1.541860029,-0.983269521,4.972447715,-2.20545405,-0.214056931,-0.03589854,-0.013838262,-0.003623236
30.67,-1.338523698,-0.962938171,4.988313949,-2.210238314,-1.556080062,-1.006128387,4.97304233,-2.213833862,-0.217556364,-0.043190216,-0.015271619,-0.003595548
30.71,-1.352707568,-0.983471409,4.991387588,-2.221809856,-1.575034231,-1.036580579,4.973816306,-2.225012221,-0.222326664,-0.053109169,-0.017571282,-0.003202365
30.74,-1.363256956,-0.998682473,4.976238524,-2.231122892,-1.58926588,-1.059408735,4.974389624,-2.233398897,-0.226008924,-0.060726262,-0.0018489,-0.002276005
30.77,-1.373750892,-1.013744226,4.977839832,-2.239420392,-1.603514991,-1.082228559,4.974948921,-2.241789488,-0.229764099,-0.068484334,-0.00289091,-0.002369096
30.81,-1.387670858,-1.03359941,4.988475486,-2.2516668,-1.622533622,-1.112616282,4.975676443,-2.252979222,-0.234862764,-0.079016872,-0.012799043,-0.001312423
30.84,-1.398039539,-1.048314383,5.0012542,-2.260856453,-1.636805583,-1.135367653,4.976219897,-2.261367703,-0.238766043,-0.08705327,-0.025034303,-0.000511251
30.87,-1.408349657,-1.062873558,5.003568704,-2.269033953,-1.651089434,-1.158098719,4.976772978,-2.269757336,-0.242739778,-0.095225161,-0.026795727,-0.000723383
30.91,-1.42201759,-1.082024485,5.008748505,-2.279758735,-1.670165268,-1.188383715,4.977505558,-2.280948839,-0.248147678,-0.10635923,-0.031242947,-0.001190104
30.94,-1.432187428,-1.096213035,5.007206472,-2.287875372,-1.684483533,-1.211070869,4.978034898,-2.289342694,-0.252296105,-0.114857834,-0.029171574,-0.001467322
30.97,-1.442300896,-1.110249142,5.009533377,-2.296227872,-1.698799329,-1.233729628,4.978542463,-2.297736007,-0.256498432,-0.123480486,-0.030990914,-0.001508135
31.01,-1.576198131,-1.207160001,4.99849635,-2.30689106,-1.717884984,-1.263898444,4.979167728,-2.308927771,-0.141686853,-0.056738443,-0.019328623,-0.002036711
31.04,-1.58782785,-1.221895327,5.002861505,-2.315392102,-1.732207543,-1.286509724,4.979600372,-2.317320471,-0.144379693,-0.064614398,-0.023261133,-0.001928368
31.07,-1.599384554,-1.236470285,5.004857885,-2.323544602,-1.746532552,-1.309109491,4.980003546,-2.325708155,-0.147147998,-0.072639206,-0.024854339,-0.002163553
31.11,-1.614688161,-1.255666205,5.011745477,-2.334865246,-1.765611862,-1.339202985,4.980512364,-2.336892279,-0.150923701,-0.08353678,-0.031233113,-0.002027033
31.14,-1.626104688,-1.269889556,5.009176261,-2.343359205,-1.779890746,-1.361741837,4.980870192,-2.345283834,-0.153786058,-0.091852281,-0.028306069,-0.00192463
31.17,-1.637460595,-1.28395363,5.011236734,-2.351201705,-1.794146041,-1.384269153,4.981213364,-2.35367256,-0.156685447,-0.100315522,-0.03002337,-0.002470855
31.21,-1.652509717,-1.302502739,4.995892866,-2.362328551,-1.81309954,-1.414297231,4.981621853,-2.364841137,-0.160589823,-0.111794492,-0.014271013,-0.002512586
31.24,-1.663722339,-1.316260894,4.994214939,-2.370119831,-1.827249425,-1.436803539,4.981896982,-2.373216425,-0.163527086,-0.120542645,-0.012317957,-0.003096594
31.27,-1.674851984,-1.32987428,4.995662409,-2.378497331,-1.841338059,-1.459292504,4.982154589,-2.381602823,-0.166486075,-0.129418224,-0.013507819,-0.003105492
31.31,-1.689571648,-1.347788469,4.988720431,-2.389561417,-1.860011574,-1.48925204,4.98249413,-2.392787761,-0.170439926,-0.141463572,-0.006226302,-0.003226344
31.34,-1.700544944,-1.361072969,4.999998672,-2.397905254,-1.873937863,-1.511705497,4.982751539,-2.401160312,-0.173392919,-0.150632528,-0.017247133,-0.003255058
31.37,-1.711472391,-1.374221344,5.001596048,-2.406317754,-1.887799697,-1.534136897,4.983013532,-2.409528676,-0.176327306,-0.159915554,-0.018582516,-0.003210923
31.41,-1.725957831,-1.391539362,4.993612422,-2.417595471,-1.906144703,-1.563976899,4.983384503,-2.420703263,-0.180186872,-0.172437537,-0.010227919,-0.003107792
31.44,-1.736724991,-1.404359985,4.994481676,-2.426536674,-1.919801417,-1.5862954,4.983668832,-2.429090517,-0.183076426,-0.181935415,-0.010812844,-0.002553843
31.47,-1.747414529,-1.417039743,4.995904129,-2.434711674,-1.933391688,-1.608568256,4.983956912,-2.437471707,-0.18597716,-0.191528514,-0.011947217,-0.002760033
31.51,-1.828931537,-1.559881809,4.998825762,-2.44616855,-1.951386636,-1.638163505,4.98434898,-2.448640491,-0.122455099,-0.078281696,-0.014476782,-0.002471941
31.54,-1.84040902,-1.573975251,5.000146458,-2.455085177,-1.964772294,-1.66025614,4.98465917,-2.457022788,-0.124363274,-0.086280889,-0.015487288,-0.00193761
31.57,-1.85183749,-1.587923569,5.001753394,-2.463412677,-1.978074049,-1.682261587,4.98497758,-2.465403032,-0.126236559,-0.094338018,-0.016775814,-0.001990355
31.61,-1.866980062,-1.606278525,5.005005353,-2.474780692,-1.995670657,-1.711433863,4.985424083,-2.476570532,-0.128690595,-0.105155338,-0.019581271,-0.00178984
31.64,-1.878257297,-1.619903402,5.009756357,-2.482999143,-2.008768776,-1.73316314,4.985765397,-2.484951725,-0.130511479,-0.113259738,-0.02399096,-0.001952582
31.67,-1.889483038,-1.633415221,5.011647364,-2.491266643,-2.021787536,-1.754754271,4.986116012,-2.493336215,-0.132304498,-0.121339049,-0.025531351,-0.002069572
31.71,-1.90434423,-1.651224762,5.021398691,-2.502317929,-2.038997771,-1.783239788,4.986587652,-2.504504658,-0.134653541,-0.132015026,-0.034811039,-0.002186729
31.74,-1.915404614,-1.664420609,5.014871833,-2.510741256,-2.051811854,-1.804351017,4.986946379,-2.512888428,-0.136407241,-0.139930408,-0.027925454,-0.002147172
31.77,-1.926403179,-1.677483803,5.016870735,-2.518896256,-2.064567115,-1.825263437,4.987300361,-2.521300433,-0.138163936,-0.147779635,-0.029570375,-0.002404177
31.81,-1.940977311,-1.694693134,5.016288847,-2.530557942,-2.081452333,-1.852739567,4.987750632,-2.532539413,-0.140475021,-0.158046433,-0.028538215,-0.001981472
31.84,-1.951828125,-1.707456136,5.018661056,-2.539384081,-2.094006521,-1.873005721,4.988077475,-2.540932216,-0.142178395,-0.165549585,-0.030583582,-0.001548134
31.87,-1.962624435,-1.720094697,5.020677435,-2.547941581,-2.106481087,-1.893012692,4.988400823,-2.549308165,-0.143856652,-0.172917995,-0.032276611,-0.001366584
31.91,-1.976934226,-1.736741385,5.01228767,-2.559517856,-2.122978297,-1.919204146,4.988832544,-2.560528904,-0.146044071,-0.182462762,-0.023455126,-0.001011048
31.94,-1.987605229,-1.749067968,5.004982927,-2.568407169,-2.135236937,-1.938464569,4.989149299,-2.568973211,-0.147631708,-0.189396602,-0.015833627,-0.000566042
31.97,-1.998213519,-1.761274375,5.006523016,-2.576924669,-2.147393623,-1.95742753,4.989479238,-2.577378836,-0.149180105,-0.196153155,-0.017043778,-0.000454167
32.01,-2.06210416,-1.915274304,5.00538711,-2.588897113,-2.163392643,-1.982125512,4.989973491,-2.588595327,-0.101288484,-0.066851208,-0.015413619,0.000301787
32.04,-2.073271287,-1.929145012,5.00528419,-2.597554166,-2.175219271,-2.000136501,4.990381467,-2.597065691,-0.101947984,-0.070991489,-0.014902723,0.000488475
32.07,-2.084373275,-1.942915944,5.006932971,-2.605734166,-2.186911425,-2.017702824,4.990819476,-2.605533786,-0.10253815,-0.07478688,-0.016113495,0.00020038
32.11,-2.099049415,-1.961141468,5.003249504,-2.617413891,-2.202261289,-2.040171406,4.991432284,-2.616765416,-0.103211874,-0.079029938,-0.01181722,0.000648474
32.14,-2.109967281,-1.974708495,5.003989982,-2.625702131,-2.21361604,-2.056202655,4.991906024,-2.625265369,-0.103648759,-0.08149416,-0.012083958,0.000436762
32.17,-2.120824532,-1.98817171,5.005677235,-2.634189631,-2.224862291,-2.071576276,4.992380315,-2.63389172,-0.104037759,-0.083404566,-0.01329692,0.000297912
32.21,-2.135214052,-2.00597882,5.008872881,-2.645728218,-2.239632513,-2.090761633,4.993011903,-2.645422025,-0.104418462,-0.084782813,-0.015860978,0.000306193
32.24,-2.145920799,-2.019218209,5.000473986,-2.65488678,-2.250510928,-2.104097032,4.993471911,-2.653905761,-0.104590129,-0.084878823,-0.007002074,0.000981019
32.27,-2.156562436,-2.03234458,5.002060688,-2.66281428,-2.261231652,-2.116642029,4.9939166,-2.662351163,-0.104669216,-0.084297449,-0.008144089,0.000463117
32.31,-2.170672546,-2.049695746,5.00599384,-2.674400788,-2.275209256,-2.131899005,4.994465089,-2.673798596,-0.10453671,-0.082203259,-0.011528752,0.000602191
32.34,-2.181186539,-2.062615554,5.021017523,-2.683372161,-2.285405906,-2.142222688,4.994840141,-2.682428787,-0.104219366,-0.079607134,-0.026177382,0.000943374
32.37,-2.191636418,-2.075434429,5.023236661,-2.691414661,-2.295354564,-2.151724663,4.99518852,-2.690931648,-0.103718146,-0.076290235,-0.028048141,0.000483013
32.41,-2.205489337,-2.092385671,5.024346895,-2.703054792,-2.308112318,-2.162895386,4.995581129,-2.702091617,-0.102622981,-0.070509715,-0.028765765,0.000963175
32.44,-2.215817627,-2.104988576,5.038291736,-2.711881885,-2.317267101,-2.17016783,4.995805557,-2.710561098,-0.101449473,-0.065179254,-0.042486179,0.001320787
32.47,-2.226092772,-2.117521075,5.040920078,-2.720314385,-2.326091328,-2.176647009,4.995967967,-2.719117802,-0.099998556,-0.059125934,-0.044952111,0.001196583
32.51,-2.306592458,-2.156512787,5.030195432,-2.731287081,-2.337173336,-2.183842766,4.996091992,-2.730415506,-0.030580878,-0.027329979,-0.03410344,0.000871576
32.54,-2.317676809,-2.169171206,5.021517077,-2.74114162,-2.344918447,-2.188178757,4.996099274,-2.738739621,-0.027241637,-0.019007551,-0.025417803,0.002401999
32.57,-2.328718531,-2.18175934,5.023470328,-2.74956662,-2.352230478,-2.191763135,4.996047304,-2.747085857,-0.023511947,-0.010003795,-0.027423024,0.002480763
32.61,-2.343367953,-2.198437977,5.019078892,-2.760903691,-2.361141652,-2.195198949,4.99589401,-2.75838834,-0.0177737,0.003239028,-0.023184882,0.002515351
32.64,-2.354298778,-2.210860404,5.021446854,-2.769166365,-2.36713841,-2.196791742,4.99573399,-2.7668401,-0.012839631,0.014068662,-0.025712864,0.002326265
32.67,-2.365195213,-2.223207579,5.023363387,-2.777491365,-2.372600715,-2.197686335,4.995538045,-2.775183889,-0.007405502,0.025521244,-0.027825342,0.002307476
32.71,-2.379647772,-2.239583056,5.026824708,-2.788749742,-2.378871466,-2.197643754,4.995193224,-2.786259694,0.000776305,0.041939302,-0.031631484,0.002490048
32.74,-2.390440351,-2.251804522,5.034242281,-2.797454341,-2.382795054,-2.19672232,4.994863406,-2.794682395,0.007645296,0.055082202,-0.039378875,0.002771946
32.77,-2.401206929,-2.263988999,5.036467456,-2.806029341,-2.386128035,-2.195170886,4.994474466,-2.803148489,0.015078894,0.068818113,-0.04199299,0.002880852
32.81,-2.415510051,-2.280159622,5.036344972,-2.817294237,-2.389435394,-2.191970821,4.993837424,-2.814321728,0.026074657,0.088188802,-0.042507547,0.002972509
32.84,-2.426191526,-2.292237369,5.031639928,-2.825863056,-2.391040096,-2.188749188,4.993252412,-2.822636534,0.03515143,0.103488181,-0.038387516,0.003226522
32.87,-2.436843577,-2.304265998,5.033593767,-2.834053056,-2.392004231,-2.184949789,4.992592407,-2.831008322,0.044839347,0.119316208,-0.04100136,0.003044734
32.91,-2.4510039,-2.320238436,5.026989692,-2.844105866,-2.392093614,-2.178855499,4.991575997,-2.842295765,0.058910286,0.141382936,-0.035413695,0.0018101
32.94,-2.461596536,-2.332187818,5.032027577,-2.852266671,-2.391226555,-2.173533173,4.99072237,-2.850713522,0.070369982,0.158654644,-0.041305207,0.001553148
32.97,-2.472165807,-2.344109883,5.03382437,-2.860601671,-2.389664696,-2.167679792,4.98979796,-2.859061515,0.082501111,0.176430091,-0.044026411,0.001540156
33.01,-2.49201732,-2.35445937,5.017711579,-2.871141534,-2.386308874,-2.158937951,4.988447898,-2.870216178,0.105708446,0.195521419,-0.029263681,0.000925356
33.04,-2.502616449,-2.366273517,5.006243426,-2.879708427,-2.382835472,-2.151709121,4.987339883,-2.878673804,0.119780977,0.214564396,-0.018903543,0.001034623
33.07,-2.513190552,-2.378072135,5.007164356,-2.888143427,-2.378650723,-2.144005944,4.986165386,-2.887134444,0.134539829,0.234066191,-0.02099897,0.001008983
33.11,-2.527245167,-2.39377737,5.005485734,-2.899441254,-2.371737994,-2.132892295,4.984491893,-2.898307244,0.155507173,0.260885076,-0.020993841,0.00113401
33.14,-2.537752787,-2.40553301,4.993978395,-2.908324943,-2.365554216,-2.123955137,4.983172708,-2.906674216,0.172198571,0.281577873,-0.010805687,0.001650727
33.17,-2.54823461,-2.417289153,4.994562343,-2.916819943,-2.358650645,-2.114601371,4.981810684,-2.915099551,0.189583964,0.302687782,-0.012751659,0.001720392
33.21,-2.562189668,-2.432950146,4.996025851,-2.927663192,-2.34811782,-2.101399201,4.979885527,-2.926384484,0.214071848,0.331550945,-0.016140324,0.001278708
33.24,-2.572676895,-2.444700551,4.996578741,-2.935346958,-2.339205245,-2.090970804,4.978361481,-2.934786092,0.23347165,0.353729747,-0.01821726,0.000560866
33.27,-2.583169983,-2.456464512,4.997217164,-2.943806958,-2.329559705,-2.080173246,4.976776349,-2.943152909,0.253610277,0.376291267,-0.020440816,0.000654049
33.31,-2.597147908,-2.472170935,5.000405532,-2.955037457,-2.315384256,-2.06512657,4.97454707,-2.954366821,0.281763652,0.407044365,-0.025858462,0.000670636
33.34,-2.607651731,-2.483952099,4.998866969,-2.963789254,-2.303776532,-2.053373248,4.972780364,-2.962830118,0.303875199,0.430578851,-0.026086605,0.000959136
33.37,-2.618184739,-2.495726569,4.999524998,-2.972199254,-2.291451581,-2.041289119,4.970949008,-2.97126759,0.326733158,0.45443745,-0.02857599,0.000931664
33.41,-2.632248659,-2.511454969,4.991245223,-2.984465429,-2.273706784,-2.024594388,4.968375792,-2.98242826,0.358541875,0.486860581,-0.022869431,0.002037169
33.44,-2.642817363,-2.523269306,4.99165374,-2.993381894,-2.259439548,-2.01166146,4.966358118,-2.990815274,0.383377815,0.511607846,-0.025295622,0.00256662
33.47,-2.653420133,-2.535097358,4.992042496,-3.002164394,-2.244489464,-1.9984452,4.964280761,-2.999251255,0.408930669,0.536652157,-0.027761735,0.002913139
33.51,-2.484401756,-2.340339817,4.991393086,-3.013527979,-2.223299948,-1.980329321,4.961425726,-3.010500386,0.261101808,0.360010495,-0.029967359,0.003027593
33.54,-2.492556366,-2.349306386,4.990869542,-3.021646749,-2.206466083,-1.966394532,4.959221734,-3.018877733,0.286090283,0.382911853,-0.031647808,0.002769016
33.57,-2.500738178,-2.358295898,4.991268641,-3.029924249,-2.188963466,-1.95222331,4.956974252,-3.027247459,0.311774712,0.406072588,-0.034294389,0.00267679
33.61,-2.511715432,-2.370322694,4.992189782,-3.041047676,-2.164438008,-1.932928152,4.953901582,-3.038477106,0.347277424,0.437394542,-0.0382882,0.00257057
33.64,-2.520015333,-2.379368328,4.989674813,-3.049793003,-2.145159839,-1.918187872,4.951543416,-3.046918329,0.374855494,0.461180456,-0.038131397,0.002874674
33.67,-2.528372812,-2.388426892,4.99005497,-3.058195503,-2.125235203,-1.903274522,4.949151039,-3.055326663,0.403137609,0.485152371,-0.040903931,0.00286884
33.71,-2.539580918,-2.400539012,4.987143998,-3.069803604,-2.097508058,-1.88311838,4.945893288,-3.066493559,0.44207286,0.517420633,-0.04125071,0.003310045
33.74,-2.548046628,-2.409667009,4.981637194,-3.078652589,-2.075881276,-1.867831342,4.943415584,-3.074898381,0.472165352,0.541835666,-0.03822161,0.003754207
33.77,-2.55656967,-2.418822731,4.981823399,-3.086875089,-2.053666024,-1.852436328,4.940915344,-3.083324614,0.502903645,0.566386402,-0.040908055,0.003550474
33.81,-2.568026227,-2.43106928,4.993358562,-3.09839972,-2.022967572,-1.831730745,4.937559136,-3.094531966,0.545058655,0.599338535,-0.055799426,0.003867753
33.84,-2.576665803,-2.440304617,4.992374212,-3.105380219,-1.999151439,-1.816081712,4.935024982,-3.102900513,0.577514365,0.624222905,-0.057349231,0.002479706
33.87,-2.585345567,-2.449582483,4.993020604,-3.113727719,-1.974786514,-1.800354723,4.932485267,-3.111270555,0.610559052,0.64922776,-0.060535338,0.002457163
33.91,-2.5970017,-2.46199409,4.991855842,-3.124975185,-1.941340741,-1.779259772,4.929064804,-3.122468243,0.655660959,0.682734318,-0.062791038,0.002506942
33.94,-2.605836163,-2.471339914,4.986070842,-3.132755189,-1.915548689,-1.763358374,4.926477279,-3.130862088,0.690287474,0.707981539,-0.059593563,0.001893101
33.97,-2.614740066,-2.48071597,4.986560745,-3.141292689,-1.889247848,-1.747408036,4.923875284,-3.139229579,0.725492217,0.733307935,-0.062685461,0.00206311
34.01,-2.343829535,-2.293221104,4.981014886,3.13086922,-1.853290539,-1.726069376,4.920399614,3.132816285,0.490538996,0.567151728,-0.060615272,0.001947065
34.04,-2.348973643,-2.299904299,4.980389739,3.122946095,-1.825699663,-1.710026931,4.917808793,3.124438352,0.52327398,0.589877368,-0.062580946,0.001492257
34.07,-2.354177269,-2.306616974,4.980869425,3.114718595,-1.797669106,-1.693966005,4.915236471,3.116051893,0.556508163,0.612650969,-0.065632954,0.001333298
34.11,-2.361204933,-2.315622542,4.966064173,3.103998544,-1.75949707,-1.672534622,4.911852458,3.104897741,0.601707864,0.64308792,-0.054211714,0.000899197
34.14,-2.366549228,-2.322413383,4.968808894,3.094897183,-1.730300497,-1.656461416,4.909345974,3.096548443,0.63624873,0.665951967,-0.05946292,0.00165126
34.17,-2.371960219,-2.329238984,4.969156869,3.086629683,-1.700722816,-1.640395345,4.906874512,3.088190653,0.671237403,0.688843638,-0.062282357,0.00156097
34.21,-2.379286497,-2.338394867,4.95819834,3.075474939,-1.660624352,-1.618998976,4.903655112,3.077027908,0.718662146,0.719395891,-0.054543228,0.001552969
34.24,-2.384877341,-2.345293855,4.966974374,3.065935347,-1.630064538,-1.602980026,4.901307888,3.068668926,0.754812803,0.742313829,-0.065666486,0.002733579
34.27,-2.390531699,-2.352231273,4.967564662,3.057477847,-1.599165637,-1.586986461,4.899002203,3.060325957,0.791366062,0.765244812,-0.068562459,0.00284811
34.31,-2.398191833,-2.361530754,4.9520904,3.047188487,-1.557401712,-1.56571383,4.896017633,3.04920135,0.840790122,0.795816924,-0.056072767,0.002012863
34.34,-2.404034293,-2.368548918,4.954993052,3.038796602,-1.525696588,-1.549803263,4.893839611,3.040843258,0.878337704,0.818745656,-0.061153441,0.002046656
34.37,-2.409972324,-2.375595323,4.955468616,3.030199102,-1.493722703,-1.53392919,4.891710418,3.032485943,0.916249621,0.841666133,-0.063758198,0.002286842
34.41,-2.418008194,-2.385041325,4.954281003,3.018789276,-1.450614111,-1.512839566,4.888975103,3.021364878,0.967394082,0.872201759,-0.0653059,0.002575602
34.44,-2.424122736,-2.392161882,4.961209521,3.010702188,-1.417966063,-1.497083847,4.887005436,3.013027223,1.006156673,0.895078035,-0.074204085,0.002325035
34.47,-2.43031029,-2.399331905,4.962169016,3.001962188,-1.385118793,-1.481375029,4.88509573,3.004679212,1.045191497,0.917956877,-0.077073286,0.002717024
34.51,-1.986268353,-2.082828015,4.941102537,2.990964444,-1.34098299,-1.460523546,4.882646832,2.993539768,0.645285363,0.622304469,-0.058455705,0.002575324
34.54,-1.986382401,-2.085575096,4.939973708,2.982745496,-1.307636637,-1.444962919,4.880875847,2.985194916,0.678745764,0.640612177,-0.059097861,0.00244942
34.57,-1.986598283,-2.088369299,4.940528442,2.974512996,-1.274132098,-1.429461763,4.879151352,2.976856739,0.712466185,0.658907536,-0.06137709,0.002343743
34.61,-1.987008364,-2.092153242,4.954730952,2.964314109,-1.229225698,-1.408903024,4.876993324,2.965731952,0.757782666,0.683250218,-0.077737628,0.001417843
34.64,-1.987433633,-2.095036014,4.955742012,2.956780097,-1.195401199,-1.393566817,4.875491775,2.957382642,0.792032434,0.701469197,-0.080250237,0.000602544
34.67,-1.98797556,-2.097951298,4.957107313,2.948347597,-1.161476739,-1.378292473,4.874072644,2.94903679,0.826498821,0.719658825,-0.083034669,0.000689193
34.71,-1.988840822,-2.101911224,4.958556725,2.937335545,-1.116085077,-1.358039651,4.872266254,2.93791803,0.872755745,0.743871573,-0.086290471,0.000582484
34.74,-1.989581936,-2.104941558,4.962805524,2.929140977,-1.081964471,-1.342930893,4.870965105,2.92957662,0.907617465,0.762010665,-0.09184042,0.000435643
34.77,-1.990421802,-2.108019999,4.964475641,2.920715977,-1.047812361,-1.327879706,4.86970258,2.921228698,0.942609441,0.780140293,-0.094773061,0.000512721
34.81,-1.991690847,-2.112171433,4.950575533,2.909552759,-1.002232762,-1.307922248,4.868111829,2.910094538,0.989458085,0.804249185,-0.082463704,0.00054178
34.84,-1.992755582,-2.115315888,4.947234299,2.900985195,-0.968027765,-1.293041578,4.866984823,2.901745617,1.024727817,0.82227431,-0.080249476,0.000760421
34.87,-1.993904612,-2.118503076,4.948565161,2.892532695,-0.933830247,-1.278223443,4.86590906,2.893396178,1.060074365,0.840279633,-0.082656101,0.000863483
34.91,-1.995585877,-2.122811882,4.947380129,2.880859763,-0.88829461,-1.258575628,4.864599366,2.882258713,1.107291267,0.864236254,-0.082780763,0.00139895
34.94,-1.996948209,-2.126078131,4.946213794,2.87148651,-0.854206233,-1.243922031,4.863720177,2.873903757,1.142741975,0.8821561,-0.082493617,0.002417247
34.97,-1.998399081,-2.129368233,4.947751627,2.86289151,-0.820167141,-1.229329364,4.862915749,2.865548604,1.17823194,0.900038869,-0.084835878,0.002657094
35.01,-1.518203618,-1.832022745,4.929460499,2.851914041,-0.774900898,-1.20997826,4.861952674,2.854407532,0.74330272,0.622044485,-0.067507826,0.002493492
35.04,-1.513150213,-1.831235111,4.926171481,2.844062702,-0.741078959,-1.195534489,4.861311118,2.84605114,0.772071253,0.635700622,-0.064860363,0.001988438
35.07,-1.508191547,-1.830488078,4.927289149,2.835932702,-0.70736469,-1.18113729,4.860730459,2.837692826,0.800826857,0.649350787,-0.06655869,0.001760124
35.11,-1.501706807,-1.829573539,4.924868527,2.824468359,-0.662614049,-1.162023739,4.860111448,2.826547765,0.839092757,0.667549801,-0.064757079,0.002079407
35.14,-1.49693132,-1.828953236,4.915800919,2.81700316,-0.629218405,-1.147740211,4.859765466,2.818190573,0.867712915,0.681213024,-0.056035453,0.001187413
35.17,-1.492234499,-1.828391469,4.916892418,2.80847066,-0.595966842,-1.133481281,4.859505616,2.809834554,0.896267657,0.694910187,-0.057386802,0.001363894
35.21,-1.48611086,-1.82771571,4.916566897,2.797062914,-0.551924104,-1.11449266,4.859279929,2.798691592,0.934186755,0.71322305,-0.057286968,0.001628679
35.24,-1.481624071,-1.827265442,4.913914378,2.788847091,-0.519113821,-1.100258063,4.859203933,2.790335939,0.962510249,0.727007379,-0.054710446,0.001488848
35.27,-1.477219656,-1.826858438,4.915195619,2.780309591,-0.486466791,-1.086022631,4.85919066,2.781986041,0.990752866,0.740835807,-0.056004959,0.00167645
35.31,-1.471468851,-1.826365953,4.913468284,2.769755812,-0.44326784,-1.067022308,4.859273927,2.770855474,1.028201011,0.759343644,-0.054194357,0.001099661
35.34,-1.467243744,-1.826055914,4.920481846,2.761068302,-0.411145276,-1.052742132,4.859408149,2.762498445,1.056098467,0.773313782,-0.061073697,0.001430143
35.37,-1.463118351,-1.825790091,4.922111375,2.752920802,-0.379228433,-1.038436473,4.85959381,2.754136629,1.083889918,0.787353618,-0.062517565,0.001215827
35.41,-1.457745689,-1.825513999,4.922927408,2.741925171,-0.337046265,-1.019314325,4.859934528,2.74299286,1.120699425,0.806199674,-0.06299288,0.001067688
35.44,-1.453790478,-1.825357491,4.911477486,2.733082186,-0.305705938,-1.004928158,4.860243946,2.734637196,1.148084539,0.820429333,-0.05123354,0.00155501
35.47,-1.449915486,-1.825237977,4.912934024,2.724574686,-0.2746004,-0.990500206,4.86059176,2.726275506,1.175315085,0.834737771,-0.052342264,0.00170082
35.51,-0.966721585,-1.595945455,4.909241068,2.713991793,-0.233571408,-0.971177641,4.861118616,2.715114583,0.733150177,0.624767814,-0.048122452,0.00112279
35.54,-0.956429026,-1.592783514,4.903969991,2.705451212,-0.20312858,-0.956621737,4.861577951,2.706746329,0.753300446,0.636161777,-0.042392041,0.001295117
35.57,-0.946195773,-1.589673946,4.905338749,2.696791212,-0.172927933,-0.942016499,4.862082714,2.698385919,0.773267841,0.647657447,-0.043256034,0.001594707
35.61,-0.932665308,-1.585616112,4.901653716,2.685515807,-0.133136133,-0.922432694,4.862853258,2.687240427,0.799529175,0.663183418,-0.038800458,0.00172462
35.64,-0.922601534,-1.582639997,4.898239446,2.677847137,-0.103671373,-0.907641621,4.86350638,2.678874036,0.818930162,0.674998376,-0.034733066,0.001026899
35.67,-0.912615155,-1.579730008,4.89963639,2.669294637,-0.074481382,-0.892766228,4.86421254,2.670506798,0.838133773,0.686963781,-0.03542385,0.001212161
35.71,-0.899396629,-1.575937209,4.905517527,2.658348392,-0.036053496,-0.872764509,4.865230402,2.659361261,0.863343133,0.703172699,-0.040287125,0.001012869
35.74,-0.88956853,-1.573156214,4.91007145,2.650341352,-0.007607821,-0.857621638,4.866040246,2.651006322,0.881960709,0.715534576,-0.044031204,0.00066497
35.77,-0.879808137,-1.570431503,4.911925678,2.641703852,0.020553907,-0.842365417,4.866881398,2.64264292,0.900362044,0.728066086,-0.04504428,0.000939068
35.81,-0.866886039,-1.566884798,4.909421308,2.63060252,0.057576684,-0.821809742,4.868032843,2.631473483,0.924462723,0.745075056,-0.041388464,0.000870963
35.84,-0.857279341,-1.564307411,4.905882983,2.622648805,0.084955011,-0.806234896,4.868910907,2.6230984,0.942234352,0.758072515,-0.036972076,0.000449595
35.87,-0.847743768,-1.561818114,4.907569898,2.614293805,0.112049435,-0.790544171,4.869793211,2.614727931,0.959793204,0.771273943,-0.037776687,0.000434127
35.91,-0.835128995,-1.558601394,4.919705561,2.602070339,0.147635867,-0.769398478,4.870994492,2.603559626,0.982764862,0.789202916,-0.048711069,0.001489287
35.94,-0.825744958,-1.556268863,4.922658191,2.593783163,0.173912289,-0.7533631,4.871915858,2.595172364,0.999657247,0.802905762,-0.050742334,0.001389201
35.97,-0.816432997,-1.554000488,4.924844292,2.585490663,0.199892785,-0.737200253,4.872852357,2.586784196,1.016325782,0.816800235,-0.051991935,0.001293533
36.01,-0.386578549,-1.261657696,4.918411743,2.574082796,0.233999951,-0.715416788,4.874100161,2.575608623,0.620578499,0.546240909,-0.044311582,0.001525827
36.04,-0.371597375,-1.255503945,4.915943652,2.564828203,0.259173406,-0.698895539,4.875024712,2.56722636,0.630770781,0.556608407,-0.04091894,0.002398157
36.07,-0.356681239,-1.24941974,4.917842283,2.556425703,0.284044474,-0.682233375,4.875945709,2.558837064,0.640725713,0.567186365,-0.041896574,0.002411361
36.11,-0.33686577,-1.241405395,4.924672922,2.545329103,0.316655405,-0.659754298,4.877203133,2.547647817,0.653521175,0.581651097,-0.047469789,0.002318714
36.14,-0.322049233,-1.235472435,4.932293978,2.537488793,0.340707661,-0.642694773,4.87817685,2.539262942,0.662756893,0.592777662,-0.054117128,0.001774149
36.17,-0.307283129,-1.229622828,4.934683125,2.529223793,0.364462488,-0.62548238,4.87916648,2.530880122,0.671745617,0.604140448,-0.055516645,0.001656329
36.21,-0.287674103,-1.221932112,4.940004277,2.518775721,0.395581368,-0.602234851,4.880484131,2.51969297,0.683255471,0.619697261,-0.059520146,0.000917249
36.24,-0.2730186,-1.216236691,4.937000271,2.511083006,0.418508284,-0.584568896,4.881449928,2.51129582,0.691526884,0.631667795,-0.055550342,0.000212814
36.27,-0.258413084,-1.210620555,4.939384388,2.502818006,0.441143095,-0.566735355,4.882397526,2.502902497,0.699556179,0.643885199,-0.056986862,8.4491e-05
36.31,-0.23900791,-1.203259131,4.931773891,2.492758881,0.470791923,-0.542644154,4.883623091,2.491721998,0.709799833,0.660614977,-0.048150799,-0.001036882
36.34,-0.224503874,-1.197836555,4.93395585,2.483165466,0.492623792,-0.524328728,4.884518099,2.483331531,0.717127666,0.673507827,-0.049437751,0.000166065
36.37,-0.210050584,-1.192493841,4.936081433,2.474832966,0.514160084,-0.505828464,4.885395695,2.474932991,0.724210668,0.686665377,-0.050685737,0.000100025
36.41,-0.190844292,-1.18548816,4.93718439,2.463476004,0.542344937,-0.480824259,4.886556498,2.463734416,0.733189229,0.7046639,-0.050627892,0.000258413
36.44,-0.176483954,-1.180326458,4.934635511,2.455231532,0.563094938,-0.461819165,4.88741988,2.455343951,0.739578893,0.718507293,-0.04721563,0.000112419
36.47,-0.162152664,-1.175248515,4.936689621,2.446886532,0.583561267,-0.442626009,4.888276114,2.446953794,0.745713931,0.732622507,-0.048413507,6.7263e-05
36.51,0.102867282,-0.931013073,4.924645032,2.435539125,0.61032704,-0.416680612,4.88939392,2.435754444,0.507459758,0.514332462,-0.035251112,0.000215319
36.54,0.120503774,-0.922864203,4.914486296,2.42774223,0.630018024,-0.396956216,4.890213576,2.427351588,0.50951425,0.525907987,-0.02427272,-0.000390642
36.57,0.13810919,-0.9148064,4.915802808,2.41946223,0.64943859,-0.377041672,4.891026657,2.418955427,0.511329399,0.537764728,-0.024776151,-0.000506803
36.61,0.161542456,-0.904178789,4.91215278,2.407718868,0.674839541,-0.350135381,4.892120229,2.407770088,0.513297085,0.554043408,-0.02003255,5.122e-05
36.64,0.179095065,-0.896308687,4.919450276,2.398802565,0.693514308,-0.329680853,4.892966085,2.39937355,0.514419243,0.566627834,-0.026484191,0.000570985
36.67,0.196626388,-0.888526205,4.920967344,2.390440065,0.711916609,-0.309025857,4.893828284,2.390969373,0.515290221,0.579500348,-0.02713906,0.000529307
36.71,0.219953397,-0.878291058,4.916415424,2.378893901,0.735968168,-0.281129939,4.894996359,2.379766817,0.516014771,0.597161119,-0.021419065,0.000872916
36.74,0.237448336,-0.870732915,4.927197339,2.370501971,0.753651841,-0.259946346,4.895869221,2.371373129,0.516203504,0.610786569,-0.031328118,0.000871158
36.77,0.254934494,-0.863290542,4.928925388,2.362314471,0.771076077,-0.238568282,4.896738582,2.362978101,0.516141583,0.62472226,-0.032186805,0.000663631
36.81,0.278238641,-0.853524411,4.938217305,2.350862794,0.7938335,-0.20970092,4.897892324,2.351773025,0.515594859,0.643823492,-0.040324981,0.000910232
36.84,0.295700019,-0.84630318,4.942104322,2.34276947,0.810558292,-0.187783639,4.898746011,2.343368631,0.514858273,0.658519541,-0.043358311,0.000599161
36.87,0.313144896,-0.839174882,4.944194055,2.33454447,0.827043187,-0.165677607,4.899583533,2.334970639,0.513898291,0.673497276,-0.044610522,0.000426169
36.91,0.336383765,-0.82982347,4.93865235,2.323675608,0.848587732,-0.13585321,4.900658224,2.323778901,0.512203966,0.69397026,-0.037994126,0.000103292
36.94,0.353795048,-0.822938693,4.932289847,2.314244244,0.864419347,-0.113215504,4.90142694,2.31537696,0.510624299,0.70972319,-0.030862907,0.001132716
36.97,0.371189415,-0.816165036,4.933911888,2.305669244,0.88001894,-0.090383706,4.90216727,2.30697089,0.508829525,0.725781331,-0.031744618,0.001301646
37.01,0.655852087,-0.517916063,4.924838451,2.293430236,0.900411051,-0.059597661,4.903127136,2.295770666,0.244558964,0.458318402,-0.021711315,0.002340429
37.04,0.676820616,-0.507407348,4.921599246,2.284487402,0.915407159,-0.036252747,4.903835096,2.287376831,0.238586543,0.471154602,-0.01776415,0.002889429
37.07,0.697767207,-0.497011407,4.922848867,2.276349902,0.930185826,-0.012717582,4.904545517,2.278978114,0.232418619,0.484293825,-0.018303349,0.002628213
37.11,0.725685973,-0.483337861,4.937115709,2.265335106,0.949496197,0.01901084,4.90551379,2.267771713,0.223810224,0.5023487,-0.031601919,0.002436607
37.14,0.746609431,-0.473212793,4.925714624,2.25711834,0.963690635,0.043055869,4.906266667,2.259370609,0.217081204,0.516268662,-0.019447957,0.002252268
37.17,0.767527973,-0.463206941,4.927117683,2.24864334,0.977675516,0.067274149,4.907031225,2.250973487,0.210147543,0.53048109,-0.020086458,0.002330146
37.21,0.795402158,-0.450047759,4.918897536,2.23657293,0.995923251,0.099878754,4.908042628,2.239777524,0.200521093,0.549926513,-0.010854909,0.003204593
37.24,0.816312013,-0.440320374,4.92504983,2.227048135,1.009295956,0.124560728,4.908794275,2.231378903,0.192983943,0.564881102,-0.016255555,0.004330768
37.27,0.837215252,-0.430715603,4.926432409,2.218785635,1.022437084,0.149396922,4.909551505,2.222982226,0.185221832,0.580112525,-0.016880904,0.004196591
37.31,0.865073896,-0.418095177,4.921600539,2.208094446,1.039529002,0.182771598,4.910589859,2.211783418,0.174455106,0.600866775,-0.01101068,0.003688972
37.34,0.885955351,-0.408767798,4.917271654,2.200428064,1.052013773,0.207990565,4.911387741,2.203381194,0.166058422,0.616758363,-0.005883913,0.00295313
37.37,0.906829341,-0.399572216,4.918466611,2.192430564,1.064245962,0.233345652,4.912198253,2.194984706,0.157416621,0.632917867,-0.006268358,0.002554142
37.41,0.934666538,-0.387500399,4.91462522,2.180693929,1.080085879,0.26738805,4.913305802,2.183799853,0.14541934,0.65488845,-0.001319417,0.003105924
37.44,0.955558277,-0.378568605,4.927343464,2.172151128,1.091614745,0.293078864,4.914167269,2.175404079,0.136056467,0.671647469,-0.013176195,0.003252951
37.47,0.976446935,-0.369761497,4.928898424,2.163451128,1.102886707,0.318880719,4.915051129,2.166999441,0.126439772,0.688642215,-0.013847295,0.003548313
37.51,1.107908149,-0.133258206,4.931025022,2.151533786,1.117435892,0.353492806,4.916276942,2.155802656,0.009527743,0.486751012,-0.01474808,0.004268871
37.54,1.130234654,-0.121627063,4.931573002,2.142583303,1.127986874,0.379606952,4.9172137,2.147420085,-0.00224778,0.501234015,-0.014359302,0.004836783
37.57,1.152558754,-0.11011474,4.93327522,2.133945803,1.138280196,0.405825033,4.918161254,2.139037216,-0.014278558,0.515939773,-0.015113966,0.005091413
37.61,1.182315366,-0.094965486,4.932215238,2.122734262,1.151535811,0.440961474,4.919452342,2.127835438,-0.030779555,0.53592696,-0.012762896,0.005101176
37.64,1.204641831,-0.083768766,4.930497995,2.114432893,1.161115458,0.467449501,4.920446938,2.119436504,-0.043526373,0.551218267,-0.010051057,0.005003611
37.67,1.226966464,-0.072691506,4.932157993,2.105880393,1.170422717,0.494035301,4.921457948,2.111056134,-0.056543748,0.566726808,-0.010700044,0.00517574
37.71,1.256742432,-0.058129772,4.927555236,2.095506173,1.182324954,0.52964116,4.922839531,2.099890236,-0.074417478,0.587770932,-0.004715705,0.004384062
37.74,1.279094936,-0.047349488,4.927420761,2.086987268,1.190865011,0.556444113,4.923903663,2.091489528,-0.088229925,0.603793601,-0.003517098,0.00450226
37.77,1.301449817,-0.036707899,4.929011101,2.078497268,1.199115459,0.583315538,4.924989911,2.083077024,-0.102334358,0.620023437,-0.00402119,0.004579757
37.81,1.331265239,-0.022735061,4.934193015,2.067961174,1.20956718,0.619272929,4.926486948,2.071896511,-0.121698059,0.64200799,-0.007706068,0.003935337
37.84,1.35364572,-0.012409552,4.9316152,2.060282442,1.216987221,0.646327212,4.927643044,2.063532251,-0.136658499,0.658736763,-0.003972156,0.003249809
37.87,1.376052437,-0.00221968,4.933388575,2.052022442,1.22410158,0.673431554,4.928826188,2.055149126,-0.151950858,0.675651234,-0.004562387,0.003126684
37.91,1.405975382,0.0111449,4.929953679,2.041001411,1.233018351,0.70965284,4.93044779,2.04392813,-0.172957031,0.69850794,0.000494111,0.002926719
37.94,1.428449864,0.02100899,4.931776624,2.032095336,1.239264625,0.736883905,4.931701729,2.035537459,-0.18918524,0.715874915,-7.4895e-05,0.003442123
37.97,1.450945791,0.030746622,4.933607754,2.023625336,1.245183466,0.76415978,4.932979044,2.027181781,-0.205762326,0.733413158,-0.00062871,0.003556444
38.01,1.450199553,0.180469439,4.940432051,2.012262932,1.252471655,0.800587899,4.934731101,2.016027666,-0.197727898,0.620118461,-0.00570095,0.003764734
38.04,1.47235249,0.191746411,4.93910277,2.004434439,1.2574786,0.827939978,4.936075734,2.007615006,-0.214873889,0.636193567,-0.003027036,0.003180567
38.07,1.494539987,0.202874905,4.941198164,1.996149439,1.262141932,0.85531533,4.937441025,1.999202578,-0.232398055,0.652440426,-0.003757139,0.003053139
38.11,1.524166946,0.217493558,4.931710469,1.984017009,1.267713293,0.891858414,4.939279646,1.988062136,-0.256453653,0.674364856,0.007569177,0.004045127
38.14,1.546421645,0.228299826,4.926755055,1.975159983,1.271398946,0.919279966,4.940668611,1.979718949,-0.275022699,0.690980139,0.013913556,0.004558965
38.17,1.568714971,0.238964914,4.928436808,1.966917483,1.274721573,0.946697431,4.942069546,1.971327577,-0.293993399,0.707732517,0.013632738,0.004410094
38.21,1.598481493,0.252967287,4.937850934,1.95630229,1.27846731,0.9832403,4.943969229,1.960084279,-0.320014183,0.730273012,0.006118295,0.003781989
38.24,1.620862684,0.263314106,4.933044195,1.947325428,1.280739021,1.010638591,4.945423601,1.951714283,-0.340123664,0.747324484,0.012379406,0.004388855
38.27,1.643278313,0.273527501,4.934915289,1.938710428,1.282606211,1.038021771,4.946893166,1.943392522,-0.360672102,0.76449427,0.011977877,0.004682094
38.31,1.673208323,0.286916264,4.942221765,1.928583017,1.284334514,1.074472808,4.9488684,1.932243085,-0.388873809,0.787556544,0.006646636,0.003660068
38.34,1.695694874,0.296778575,4.935401476,1.919301066,1.285037451,1.101749805,4.950355605,1.923808856,-0.410657423,0.804971229,0.014954128,0.004507789
38.37,1.71823625,0.306495073,4.937304304,1.910921066,1.28529117,1.128982855,4.951849349,1.915399411,-0.43294508,0.822487782,0.014545045,0.004478345
38.41,1.748360443,0.319226296,4.939344879,1.900258796,1.284781454,1.165207699,4.953828568,1.904318278,-0.463578989,0.845981402,0.014483689,0.004059482
38.44,1.771003416,0.328618367,4.933247765,1.892317172,1.283748167,1.192289982,4.9553072,1.895993926,-0.487255248,0.863671614,0.022059435,0.003676754
38.47,1.793697547,0.33788258,4.93502225,1.883819672,1.282232662,1.219296598,4.956782289,1.887584915,-0.511464885,0.881414018,0.021760039,0.003765242
38.51,1.645250442,0.671486932,4.958157336,1.872424219,1.279307065,1.255167431,4.95873889,1.876351562,-0.365943377,0.583680499,0.000581555,0.003927343
38.54,1.665602538,0.684877264,4.96517152,1.863433186,1.276416788,1.281969125,4.960196469,1.868040903,-0.38918575,0.597091861,-0.004975051,0.004607718
38.57,1.685999124,0.698131117,4.967818928,1.854995686,1.273014335,1.308687228,4.961638783,1.859782272,-0.412984789,0.610556111,-0.006180145,0.004786586
38.61,1.713273593,0.715590741,4.966475889,1.843195859,1.267540186,1.344128313,4.96349536,1.848755984,-0.445733407,0.628537573,-0.002980529,0.005560125
38.64,1.733782609,0.72852445,4.966688699,1.834974792,1.262741225,1.370553322,4.964818563,1.840433289,-0.471041384,0.642028873,-0.001870136,0.005458496
38.67,1.754344013,0.741315949,4.969110897,1.826502292,1.257449073,1.39686116,4.966090827,1.832111588,-0.49689494,0.655545211,-0.003020069,0.005609296
38.71,1.78182578,0.758131469,4.974221477,1.815284669,1.249517292,1.431717501,4.967696864,1.821095557,-0.532308488,0.673586032,-0.006524613,0.005810888
38.74,1.80250405,0.770583966,4.979567263,1.807157925,1.242938303,1.45767828,4.968838542,1.812834138,-0.559565748,0.687094314,-0.010728721,0.005676213
38.77,1.823243335,0.782888687,4.982140029,1.798560425,1.235916008,1.483494996,4.96993789,1.804523461,-0.587327327,0.700606309,-0.012202139,0.005963036
38.81,1.85100621,0.799079846,4.973729907,1.788405941,1.225760279,1.517642302,4.971321865,1.793414452,-0.625245932,0.718562456,-0.002408041,0.005008511
38.84,1.871883671,0.811065676,4.976939027,1.780044424,1.21756033,1.543038813,4.972294087,1.785136326,-0.65432334,0.731973137,-0.004644939,0.005091902
38.87,1.892836805,0.82290789,4.979173004,1.771651924,1.208942232,1.568268486,4.973218653,1.776883452,-0.683894574,0.745360596,-0.005954351,0.005231529
38.91,1.920863895,0.838478174,4.979517259,1.760056414,1.196693788,1.60157424,4.974379153,1.765827957,-0.724170107,0.763096066,-0.005138106,0.005771542
38.94,1.941958446,0.850000534,4.970544181,1.751346137,1.18694315,1.626286807,4.975197307,1.757501025,-0.755015296,0.776286273,0.004653125,0.006154888
38.97,1.963118369,0.861377811,4.972364593,1.742548637,1.176782722,1.650799787,4.975979657,1.749199483,-0.786335648,0.789421976,0.003615064,0.006650846
39.01,1.687384478,1.096592468,4.96855799,1.730703177,1.162486909,1.683100887,4.976953348,1.738203647,-0.52489757,0.586508419,0.008395358,0.007500471
39.04,1.704546894,1.11071492,4.955978428,1.722687448,1.151205056,1.707015307,4.977644572,1.729929009,-0.553341837,0.596300387,0.021666144,0.007241561
39.07,1.721785244,1.124701077,4.95720183,1.714367448,1.139515446,1.730690142,4.978320936,1.721622172,-0.582269798,0.605989066,0.021119106,0.007254724
39.11,1.744889004,1.143139439,4.952481921,1.703894099,1.12319306,1.761806474,4.97921518,1.710616033,-0.621695944,0.618667035,0.02673326,0.006721934
39.14,1.762296702,1.156812232,4.949545629,1.696163685,1.11044481,1.784793661,4.979886843,1.702414659,-0.651851892,0.627981429,0.030341214,0.006250974
39.17,1.779751165,1.170353128,4.950608411,1.687801185,1.097378794,1.807512871,4.980577207,1.694172667,-0.682372371,0.637159744,0.029968796,0.006371482
39.21,1.803118832,1.188188595,4.944382681,1.677625584,1.079482903,1.83729979,4.981557341,1.683048683,-0.723635929,0.649111194,0.03717466,0.005423099
39.24,1.820731311,1.201411948,4.945693134,1.669983953,1.065785772,1.859264797,4.98234674,1.674694716,-0.754945538,0.657852849,0.036653606,0.004710763
39.27,1.838431184,1.214506419,4.946777601,1.661401453,1.051927261,1.880957192,4.983177959,1.666367759,-0.786503924,0.666450772,0.036400358,0.004966307
39.31,1.862162222,1.231783956,4.953302778,1.649830738,1.033200958,1.909354606,4.984374754,1.65525695,-0.828961264,0.677570651,0.031071975,0.005426212
39.34,1.88006837,1.244605087,4.958969607,1.642256142,1.018992567,1.930231201,4.98534115,1.646880869,-0.861075803,0.685626114,0.026371543,0.004624728
39.37,1.898078324,1.257301661,4.960692088,1.633951142,1.004670091,1.950794501,4.986354081,1.638493978,-0.893408233,0.69349284,0.025661993,0.004542837
39.41,1.922258808,1.274028856,4.969889875,1.622979307,0.985363152,1.977635607,4.987777668,1.627359863,-0.936895656,0.703606752,0.017887793,0.004380555
39.44,1.940511241,1.286433527,4.961459375,1.615432242,0.970719734,1.997315665,4.988882673,1.619036157,-0.969791507,0.710882139,0.027423298,0.003603914
39.47,1.958861028,1.298718809,4.963338555,1.607044742,0.955952087,2.016647715,4.990009809,1.610692976,-1.00290894,0.717928906,0.026671254,0.003648233
39.51,1.582351536,1.479071428,4.97559959,1.596722764,0.936020812,2.041766237,4.99152548,1.59952525,-0.646330723,0.562694809,0.01592589,0.002802486
39.54,1.59536883,1.49334417,4.973571393,1.589346469,0.920876252,2.060109407,4.992676624,1.591175386,-0.674492577,0.566765237,0.019105231,0.001828917
39.57,1.608495386,1.507505553,4.975781289,1.581066469,0.905578113,2.078085387,4.993843739,1.582852766,-0.702917273,0.570579834,0.01806245,0.001786297
39.61,1.626155712,1.526224353,4.986500037,1.570994148,0.884898061,2.10134884,4.995423916,1.57173616,-0.741257652,0.575124486,0.008923879,0.000742011
39.64,1.63950168,1.540134078,4.988340036,1.5634122,0.869225138,2.118248889,4.996606553,1.563351958,-0.770276542,0.57811481,0.008266517,-6.0242e-05
39.67,1.652929304,1.553941851,4.990915244,1.5549997,0.853495382,2.134749228,4.997792224,1.554954236,-0.799433922,0.580807377,0.00687698,-4.5464e-05
39.71,1.670940163,1.572198188,4.992667023,1.544230743,0.832557462,2.156011822,4.999369252,1.543738109,-0.838382701,0.583813633,0.006702228,-0.000492634
39.74,1.684530226,1.585753198,4.996946021,1.536807132,0.816992073,2.171380414,5.000542344,1.535296664,-0.867538154,0.585627216,0.003596324,-0.001510468
39.77,1.69819086,1.599202075,4.999630931,1.528079632,0.801583395,2.186308979,5.001705878,1.526860034,-0.896607465,0.587106904,0.002074947,-0.001219599
39.81,1.716526846,1.61696582,5.000402731,1.517289503,0.781394245,2.205393334,5.00323558,1.515632655,-0.935132601,0.588427513,0.002832849,-0.001656848
39.84,1.730372271,1.630182816,5.010007354,1.509408694,0.766550752,2.219086589,5.004365221,1.507176735,-0.963821519,0.588903773,-0.005642133,-0.002231959
39.87,1.744292989,1.64331113,5.012936829,1.500883694,0.751929698,2.232316961,5.005476593,1.498699614,-0.992363291,0.589005831,-0.007460236,-0.00218408
39.91,1.76297866,1.660682583,5.015519817,1.489240986,0.732832993,2.24907434,5.006920619,1.487439679,-1.030145667,0.588391757,-0.008599198,-0.001801307
39.94,1.77710719,1.673602726,5.028134868,1.480877766,0.718790204,2.260965472,5.007959325,1.479036775,-1.058316986,0.587362745,-0.020175543,-0.001840991
39.97,1.791338555,1.686428413,5.03138884,1.472632766,0.704935165,2.272365102,5.008962337,1.470624865,-1.086403391,0.585936689,-0.022426503,-0.002007901
40.01,1.41349093,1.865047001,5.037968195,1.461544948,0.686770546,2.286656703,5.010215927,1.45937156,-0.726720384,0.421609702,-0.027752267,-0.002173388
