time_sec,est_x,est_y,est_z,est_yaw,true_x,true_y,true_z,true_yaw,err_x,err_y,err_z,err_yaw
0.000000000,-1.999986307,-1.999976361,0.009996598,-0.007811101,-2.000000000,-2.000000000,0.050029904,-0.000000000,-0.000013693,-0.000023639,0.040033306,0.007811101
0.030000000,-1.999931054,-1.999905761,0.024340610,-0.004259445,-2.000000000,-2.000000000,0.050069776,-0.000000000,-0.000068946,-0.000094239,0.025729166,0.004259445
0.060000000,-1.999841811,-1.999779815,0.023518892,-0.003859445,-2.000000000,-2.000000000,0.050099738,-0.000000000,-0.000158189,-0.000220185,0.026580845,0.003859445
0.100000000,-1.999661749,-1.999540572,0.028563285,-0.011190619,-2.000000000,-2.000000000,0.050139732,-0.000000000,-0.000338251,-0.000459428,0.021576447,0.011190619
0.130000000,-1.999483066,-1.999317010,0.039454249,-0.014557358,-2.000000000,-2.000000000,0.050169731,-0.000153768,-0.000516934,-0.000682990,0.010715482,0.014403590
0.160000000,-1.999270999,-1.999049405,0.039148437,-0.015154858,-1.999999870,-1.999999966,0.050686455,-0.001591795,-0.000728871,-0.000950560,0.011538018,0.013563062
0.200000000,-1.998933402,-1.998610945,0.045788415,-0.022754848,-1.999997458,-1.999999320,0.052571902,-0.005211881,-0.001064056,-0.001388375,0.006783487,0.017542967
0.230000000,-1.998645811,-1.998228801,0.048841883,-0.022194700,-1.999992383,-1.999997856,0.054860376,-0.008996514,-0.001346572,-0.001769055,0.006018493,0.013198186
0.260000000,-1.998315129,-1.997785824,0.051198516,-0.026357200,-1.999984558,-1.999995145,0.057980372,-0.013645701,-0.001669429,-0.002209321,0.006781856,0.012711499
0.300000000,-1.997800286,-1.997109627,0.058557372,-0.031710444,-1.999972381,-1.999989803,0.063175684,-0.020774218,-0.002172095,-0.002880176,0.004618312,0.010936226
0.330000000,-1.997366988,-1.996547199,0.066603811,-0.038657121,-1.999961368,-1.999984492,0.067799994,-0.026699162,-0.002594380,-0.003437293,0.001196183,0.011957960
0.360000000,-1.996879998,-1.995928027,0.071425998,-0.045012121,-1.999946643,-1.999978264,0.073098160,-0.033088757,-0.003066644,-0.004050237,0.001672162,0.011923364
0.400000000,-1.996153660,-1.995005738,0.078742052,-0.047713523,-1.999922228,-1.999969910,0.080994690,-0.042106410,-0.003768569,-0.004964172,0.002252638,0.005607113
0.430000000,-1.995567373,-1.994269719,0.088462423,-0.053529087,-1.999901769,-1.999964319,0.087502108,-0.049179465,-0.004334397,-0.005694600,-0.000960315,0.004349622
0.460000000,-1.994961049,-1.993485675,0.095186611,-0.060549087,-1.999879516,-1.999959915,0.094552376,-0.056501306,-0.004918467,-0.006474240,-0.000634235,0.004047781
0.500000000,-2.102782833,-2.179499202,0.107868967,-0.071913210,-1.999845584,-1.999956323,0.104625144,-0.066530542,0.102937248,0.179542879,-0.003243823,0.005382667
0.530000000,-2.104228443,-2.182267718,0.115650928,-0.080929368,-1.999816593,-1.999956007,0.112653504,-0.074217607,0.104411850,0.182311710,-0.002997424,0.006711761
0.560000000,-2.105632714,-2.184989614,0.123910127,-0.088316868,-1.999785327,-1.999958110,0.121135026,-0.082033794,0.105847387,0.185031504,-0.002775102,0.006283074
0.600000000,-2.107443220,-2.188554005,0.137187116,-0.097634193,-1.999739347,-1.999946832,0.133005290,-0.092596338,0.107703873,0.188607173,-0.004181825,0.005037855
0.630000000,-2.108761857,-2.191190093,0.143529851,-0.105425431,-1.999697365,-1.999897276,0.142301272,-0.100603645,0.109064491,0.191292817,-0.001228579,0.004821786
0.660000000,-2.110046083,-2.193795058,0.152736389,-0.113142931,-1.999642555,-1.999753374,0.151977813,-0.108679968,0.110403528,0.194041685,-0.000758576,0.004462963
0.700000000,-2.111706004,-2.197226474,0.167750223,-0.124150989,-1.999548125,-1.999368978,0.165348147,-0.119529793,0.112157880,0.197857496,-0.002402076,0.004621195
0.730000000,-2.112886053,-2.199769907,0.171321903,-0.131510266,-1.999458402,-1.998912506,0.175694929,-0.127722021,0.113427651,0.200857401,0.004373026,0.003788245
0.760000000,-2.114024110,-2.202260823,0.181056210,-0.139565266,-1.999345176,-1.998284383,0.186338223,-0.135953387,0.114678934,0.203976439,0.005282014,0.003611879
0.800000000,-2.115506091,-2.205502759,0.193782979,-0.150129583,-1.999160435,-1.997238230,0.200899767,-0.146958997,0.116345656,0.208264529,0.007116788,0.003170586
0.830000000,-2.116583726,-2.207889527,0.193681977,-0.155091442,-1.998999262,-1.996316105,0.212081881,-0.155234710,0.117584464,0.211573422,0.018399904,-0.000143268
0.860000000,-2.117629409,-2.210215766,0.203303462,-0.163141442,-1.998819856,-1.995278867,0.223505058,-0.163534182,0.118809553,0.214936900,0.020201596,-0.000392739
0.900000000,-2.118960362,-2.213215766,0.221707668,-0.173473810,-1.998557432,-1.993768212,0.239033806,-0.174623352,0.120402930,0.219447554,0.017326138,-0.001149542
0.930000000,-2.119897271,-2.215420213,0.231134759,-0.180622108,-1.998341950,-1.992552871,0.250891335,-0.182951418,0.121555321,0.222867341,0.019756576,-0.002329310
0.960000000,-2.120790652,-2.217580979,0.241593317,-0.188599608,-1.998108433,-1.991266914,0.262945651,-0.191289241,0.122682219,0.226314066,0.021352334,-0.002689633
1.000000000,-2.037956109,-2.053713768,0.255071080,-0.200608210,-1.997777620,-1.989469286,0.279264418,-0.202420668,0.040178490,0.064244482,0.024193338,-0.001812458
1.030000000,-2.037483724,-2.053253048,0.272262720,-0.209131601,-1.997516561,-1.988064950,0.291677420,-0.210778541,0.039967163,0.065188098,0.019414700,-0.001646940
1.060000000,-2.036969456,-2.052750034,0.283524858,-0.217244101,-1.997241008,-1.986612209,0.304266376,-0.219140188,0.039728448,0.066137825,0.020741518,-0.001896087
1.100000000,-2.036235827,-2.052015341,0.303210491,-0.227732403,-1.996854667,-1.984636433,0.321270474,-0.230292204,0.039381160,0.067378908,0.018059983,-0.002559801
1.130000000,-2.035658012,-2.051418687,0.319161376,-0.234070048,-1.996556998,-1.983159049,0.334175357,-0.238658354,0.039101014,0.068259638,0.015013982,-0.004588306
1.160000000,-2.035052052,-2.050783516,0.331366262,-0.242182548,-1.996264071,-1.981739845,0.347236226,-0.247028104,0.038787982,0.069043671,0.015869964,-0.004845557
1.200000000,-2.034159749,-2.049874978,0.347407510,-0.252514326,-1.995895598,-1.979991213,0.364839973,-0.258192959,0.038264151,0.069883765,0.017432462,-0.005678633
1.230000000,-2.033442110,-2.049145075,0.365004965,-0.260670209,-1.995642049,-1.978812086,0.378165219,-0.266571004,0.037800061,0.070332989,0.013160254,-0.005900795
1.260000000,-2.032688852,-2.048388169,0.377835577,-0.268890209,-1.995414169,-1.977771738,0.391604445,-0.274952832,0.037274683,0.070616431,0.013768867,-0.006062623
1.300000000,-2.031604368,-2.047349797,0.392093680,-0.280815537,-1.995142881,-1.976555466,0.409666065,-0.286129669,0.036461488,0.070794331,0.017572385,-0.005314132
1.330000000,-2.030737641,-2.046540299,0.401833531,-0.289915805,-1.994960243,-1.975756673,0.423310893,-0.294512382,0.035777397,0.070783626,0.021477362,-0.004596577
1.360000000,-2.029825158,-2.045707628,0.414436676,-0.298078305,-1.994793219,-1.975053603,0.437044040,-0.302896716,0.035031939,0.070654026,0.022607364,-0.004818411
1.400000000,-2.028540515,-2.044569014,0.450454177,-0.309731216,-1.994585995,-1.974223462,0.455461767,-0.314077927,0.033954520,0.070345552,0.005007590,-0.004346711
1.430000000,-2.027523010,-2.043685353,0.465347553,-0.318109892,-1.994440112,-1.973670756,0.469350260,-0.322464252,0.033082898,0.070014597,0.004002707,-0.004354360
1.460000000,-2.026466625,-2.042755466,0.479400032,-0.326147392,-1.994301723,-1.973178525,0.483308972,-0.330851225,0.032164902,0.069576941,0.003908940,-0.004703833
1.500000000,-2.015606531,-2.001563120,0.500373097,-0.336364908,-1.994123921,-1.972593609,0.502008206,-0.342035591,0.021482610,0.028969512,0.001635109,-0.005670683
1.530000000,-2.014334220,-2.000039512,0.517627472,-0.344718798,-1.993993785,-1.972203423,0.516094367,-0.350425225,0.020340435,0.027836089,-0.001533104,-0.005706427
1.560000000,-2.013027675,-1.998472907,0.532105532,-0.352973798,-1.993865841,-1.971856266,0.530240735,-0.358816434,0.019161834,0.026616640,-0.001864797,-0.005842636
1.600000000,-2.011198928,-1.996304062,0.548407480,-0.363228946,-1.993697678,-1.971447369,0.549177324,-0.370005046,0.017501250,0.024856693,0.000769843,-0.006776100
1.630000000,-2.009756218,-1.994620430,0.563377545,-0.371541752,-1.993573079,-1.971183410,0.563431944,-0.378397861,0.016183138,0.023437020,0.000054399,-0.006856109
1.660000000,-2.008266876,-1.992885681,0.577737385,-0.379744252,-1.993450898,-1.970968423,0.577738238,-0.386791905,0.014815979,0.021917258,0.000000853,-0.007047653
1.700000000,-2.006207735,-1.990486011,0.586376983,-0.390736097,-1.993295486,-1.970753995,0.596877425,-0.397984139,0.012912249,0.019732017,0.010500443,-0.007248042
1.730000000,-2.004602083,-1.988628215,0.603488296,-0.398910241,-1.993187301,-1.970648200,0.611275512,-0.406377732,0.011414781,0.017980015,0.007787216,-0.007467491
1.760000000,-2.002939310,-1.986739584,0.617350479,-0.407200241,-1.993087591,-1.970595210,0.625713554,-0.414768997,0.009851719,0.016144374,0.008363076,-0.007568755
1.800000000,-2.000636853,-1.984167345,0.636056862,-0.417998085,-1.992961900,-1.970589396,0.645014301,-0.425956794,0.007674953,0.013577949,0.008957440,-0.007958709
1.830000000,-1.998844513,-1.982198606,0.650290634,-0.426743186,-1.992870932,-1.970628979,0.659524803,-0.434348875,0.005973582,0.011569627,0.009234169,-0.007605689
1.860000000,-1.996991441,-1.980209093,0.664152308,-0.435005686,-1.992782880,-1.970706457,0.674068283,-0.442740841,0.004208561,0.009502635,0.009915975,-0.007735155
1.900000000,-1.994449078,-1.977510355,0.683025757,-0.444516460,-1.992668738,-1.970853593,0.693499971,-0.453929254,0.001780340,0.006656762,0.010474214,-0.009412794
1.930000000,-1.992489155,-1.975440847,0.695217871,-0.452680079,-1.992583601,-1.970993991,0.708102571,-0.462320703,-0.000094446,0.004446856,0.012884700,-0.009640624
1.960000000,-1.990470406,-1.973346770,0.708958524,-0.460845079,-1.992496685,-1.971161975,0.722732057,-0.470712820,-0.002026279,0.002184795,0.013773533,-0.009867741
2.000000000,-2.025212493,-2.002529577,0.727907233,-0.470680124,-1.992378750,-1.971419033,0.742271495,-0.481902647,0.032833742,0.031110544,0.014364262,-0.011222523
2.030000000,-2.023519575,-2.000752115,0.748972625,-0.478852385,-1.992289887,-1.971634418,0.756949976,-0.490294984,0.031229688,0.029117697,0.007977351,-0.011442599
2.060000000,-2.021766068,-1.998945189,0.763190289,-0.487067385,-1.992200318,-1.971871138,0.771653302,-0.498688864,0.029565749,0.027074051,0.008463013,-0.011621479
2.100000000,-2.019339035,-1.996481111,0.784234719,-0.497413191,-1.992076245,-1.972211371,0.791288504,-0.509881602,0.027262790,0.024269740,0.007053785,-0.012468411
2.130000000,-2.017453028,-1.994586004,0.806249885,-0.506979920,-1.991976479,-1.972477951,0.806035585,-0.518277374,0.025476549,0.022108053,-0.000214300,-0.011297454
2.160000000,-2.015509137,-1.992673450,0.821102817,-0.515237420,-1.991865794,-1.972743636,0.820805063,-0.526673904,0.023643343,0.019929814,-0.000297753,-0.011436484
2.200000000,-2.012831860,-1.990069893,0.841849581,-0.526460667,-1.991696713,-1.973082672,0.840524687,-0.537868686,0.021135147,0.016987221,-0.001324894,-0.011408019
2.230000000,-2.010757205,-1.988090803,0.859366799,-0.533920552,-1.991549819,-1.973321479,0.855331540,-0.546265016,0.019207386,0.014769324,-0.004035259,-0.012344464
2.260000000,-2.008639567,-1.986092953,0.874405636,-0.542120552,-1.991381740,-1.973544702,0.870153957,-0.554659422,0.017257827,0.012548250,-0.004251680,-0.012538871
2.300000000,-2.005732337,-1.983400054,0.894344230,-0.553397738,-1.991133885,-1.973824472,0.889936568,-0.565849810,0.014598452,0.009575581,-0.004407662,-0.012452072
2.330000000,-2.003490782,-1.981343498,0.912072045,-0.560771603,-1.990933730,-1.974023873,0.904786373,-0.574242830,0.012557052,0.007319625,-0.007285673,-0.013471227
2.360000000,-2.001183676,-1.979248655,0.927189993,-0.569099103,-1.990721506,-1.974217648,0.919648130,-0.582636029,0.010462170,0.005031008,-0.007541863,-0.013536926
2.400000000,-1.998034298,-1.976409754,0.940647387,-0.581420371,-1.990424405,-1.974474724,0.939478585,-0.593826957,0.007609892,0.001935030,-0.001168802,-0.012406586
2.430000000,-1.995615835,-1.974268235,0.949142622,-0.590944046,-1.990193637,-1.974669084,0.954361685,-0.602220321,0.005422199,-0.000400849,0.005219064,-0.011276275
2.460000000,-1.993139473,-1.972086007,0.963294931,-0.598914046,-1.989958838,-1.974866972,0.969254718,-0.610613699,0.003180635,-0.002780966,0.005959786,-0.011699653
2.500000000,-1.977040554,-1.942918601,0.979031527,-0.610825617,-1.989643210,-1.975139357,0.989123813,-0.621804574,-0.012602656,-0.032220756,0.010092286,-0.010978957
2.530000000,-1.974249555,-1.940387480,0.997329842,-0.619288465,-1.989405142,-1.975353121,1.004034446,-0.630197875,-0.015155587,-0.034965642,0.006704603,-0.010909409
2.560000000,-1.971394825,-1.937850764,1.011464897,-0.627338465,-1.989167633,-1.975579084,1.018954229,-0.638592730,-0.017772809,-0.037728320,0.007489333,-0.011254265
2.600000000,-1.967492993,-1.934459343,1.032912759,-0.638214334,-1.988857414,-1.975900785,1.038858549,-0.649785602,-0.021364421,-0.041441442,0.005945790,-0.011571269
2.630000000,-1.964484400,-1.931893296,1.044020478,-0.645647964,-1.988633776,-1.976162900,1.053793802,-0.658180787,-0.024149375,-0.044269605,0.009773324,-0.012532822
2.660000000,-1.961419768,-1.929309266,1.057999244,-0.653870464,-1.988423950,-1.976455240,1.068737492,-0.666577630,-0.027004182,-0.047145975,0.010738248,-0.012707166
2.700000000,-1.957223666,-1.925826918,1.077700526,-0.664560308,-1.988170239,-1.976895695,1.088672529,-0.677774507,-0.030946573,-0.051068777,0.010972003,-0.013214199
2.730000000,-1.953988521,-1.923188303,1.094384865,-0.674114774,-1.988004625,-1.977266876,1.103630561,-0.686172223,-0.034016104,-0.054078573,0.009245696,-0.012057449
2.760000000,-1.950691129,-1.920530879,1.108503448,-0.682284774,-1.987867049,-1.977679836,1.118593971,-0.694567440,-0.037175920,-0.057148957,0.010090523,-0.012282666
2.800000000,-1.946191504,-1.916961310,1.137183400,-0.695106981,-1.987720025,-1.978287243,1.138552249,-0.705759123,-0.041528520,-0.061325932,0.001368848,-0.010652142
2.830000000,-1.942729624,-1.914271863,1.151413789,-0.704286834,-1.987635738,-1.978785370,1.153525592,-0.714153781,-0.044906114,-0.064513507,0.002111802,-0.009866947
2.860000000,-1.939211978,-1.911565702,1.168442165,-0.712391834,-1.987577983,-1.979324077,1.168503287,-0.722548703,-0.048366005,-0.067758375,0.000061122,-0.010156869
2.900000000,-1.934439520,-1.907923610,1.186558342,-0.723305854,-1.987538210,-1.980093322,1.188479057,-0.733739810,-0.053098690,-0.072169712,0.001920715,-0.010433956
2.930000000,-1.930805281,-1.905177148,1.200277497,-0.733673368,-1.987535932,-1.980708144,1.203464483,-0.742132346,-0.056730651,-0.075530996,0.003186986,-0.008458979
2.960000000,-1.927117071,-1.902413641,1.216310531,-0.742143368,-1.987559873,-1.981361723,1.218453757,-0.750526081,-0.060442802,-0.078948082,0.002143226,-0.008382713
3.000000000,-1.962174866,-1.945839130,1.234715036,-0.753011623,-1.987627576,-1.982284063,1.238443383,-0.761718991,-0.025452710,-0.036444933,0.003728347,-0.008707368
3.030000000,-1.958818996,-1.943610582,1.249229453,-0.761761803,-1.987707034,-1.983012291,1.253439054,-0.770113181,-0.028888038,-0.039401708,0.004209601,-0.008351378
3.060000000,-1.955408319,-1.941380984,1.255002471,-0.769759303,-1.987815972,-1.983776072,1.268441359,-0.778508548,-0.032407652,-0.042395088,0.013438887,-0.008749245
3.100000000,-1.950762903,-1.938383773,1.276382006,-0.779586879,-1.987996107,-1.984838333,1.288452289,-0.789703912,-0.037233204,-0.046454560,0.012070283,-0.010117034
3.130000000,-1.947216303,-1.936126504,1.290502840,-0.788212833,-1.988151527,-1.985659960,1.303464765,-0.798102381,-0.040935224,-0.049533456,0.012961925,-0.009889548
3.160000000,-1.943600558,-1.933859624,1.302041037,-0.796342833,-1.988318247,-1.986492055,1.318485135,-0.806501372,-0.044717689,-0.052632431,0.016444098,-0.010158539
3.200000000,-1.938689456,-1.930827304,1.321382708,-0.807140102,-1.988541936,-1.987599928,1.338521181,-0.817698171,-0.049852481,-0.056772623,0.017138473,-0.010558068
3.230000000,-1.934929162,-1.928550776,1.328467765,-0.814846600,-1.988703758,-1.988425970,1.353552601,-0.826096178,-0.053774596,-0.059875194,0.025084837,-0.011249578
3.260000000,-1.931111849,-1.926259587,1.345719141,-0.823104100,-1.988857550,-1.989247067,1.368587051,-0.834491954,-0.057745701,-0.062987481,0.022867910,-0.011387854
3.300000000,-1.925917506,-1.923180305,1.365346699,-0.834564460,-1.989058407,-1.990336093,1.388637055,-0.845683448,-0.063140901,-0.067155788,0.023290356,-0.011118988
3.330000000,-1.921945051,-1.920874025,1.378648288,-0.841404833,-1.989211356,-1.991150406,1.403676536,-0.854076886,-0.067266306,-0.070276381,0.025028248,-0.012672053
3.360000000,-1.917913246,-1.918550821,1.396708227,-0.849512333,-1.989370641,-1.991967598,1.418717975,-0.862470622,-0.071457395,-0.073416777,0.022009748,-0.012958288
3.400000000,-1.912432754,-1.915463273,1.413606628,-0.860129426,-1.989595492,-1.993068261,1.438775343,-0.873663321,-0.077162738,-0.077604987,0.025168715,-0.013533895
3.430000000,-1.908234975,-1.913143641,1.427392760,-0.869044512,-1.989777555,-1.993903669,1.453819578,-0.882058479,-0.081542581,-0.080760029,0.026426818,-0.013013967
3.460000000,-1.903984744,-1.910835583,1.441238574,-0.877137012,-1.989978356,-1.994749019,1.468865397,-0.890452852,-0.085993612,-0.083913435,0.027626823,-0.013315840
3.500000000,-1.951511595,-1.917642472,1.468088860,-0.888082136,-1.990274604,-1.995892556,1.488927444,-0.901643913,-0.038763009,-0.078250084,0.020838584,-0.013561777
3.530000000,-1.947808652,-1.915448350,1.482601191,-0.896262595,-1.990518903,-1.996766005,1.503975411,-0.910037437,-0.042710251,-0.081317654,0.021374220,-0.013774842
3.560000000,-1.944051987,-1.913246083,1.503465051,-0.904527595,-1.990787647,-1.997657070,1.519026429,-0.918429900,-0.046735660,-0.084410987,0.015561378,-0.013902305
3.600000000,-1.938956958,-1.910301472,1.523867157,-0.915620253,-1.991180861,-1.998864794,1.539098457,-0.929618971,-0.052223903,-0.088563322,0.015231299,-0.013998718
3.630000000,-1.935059912,-1.908091578,1.538723621,-0.923507757,-1.991498358,-1.999781084,1.554153925,-0.938008519,-0.056438446,-0.091689506,0.015430305,-0.014500762
3.660000000,-1.931097872,-1.905856002,1.559071003,-0.931545257,-1.991828548,-2.000703358,1.569212940,-0.946396147,-0.060730676,-0.094847355,0.010141937,-0.014850891
3.700000000,-1.925712900,-1.902839924,1.575493370,-0.941747703,-1.992273687,-2.001934480,1.589294766,-0.957581037,-0.066560786,-0.099094556,0.013801396,-0.015833335
3.730000000,-1.921600596,-1.900562642,1.589497089,-0.949675916,-1.992608508,-2.002854404,1.604357444,-0.965969499,-0.071007912,-0.102291761,0.014860355,-0.016293583
3.760000000,-1.917438565,-1.898282585,1.596120187,-0.957615916,-1.992945344,-2.003768771,1.619420539,-0.974359032,-0.075506779,-0.105486186,0.023300352,-0.016743116
3.800000000,-1.911798493,-1.895237079,1.618109838,-0.968657597,-1.993400078,-2.004985411,1.639505312,-0.985547606,-0.081601584,-0.109748332,0.021395474,-0.016890008
3.830000000,-1.907488495,-1.892955699,1.632396612,-0.977597490,-1.993748187,-2.005900736,1.654569138,-0.993939949,-0.086259693,-0.112945038,0.022172525,-0.016342459
3.860000000,-1.903111153,-1.890675264,1.656420463,-0.985577490,-1.994109201,-2.006821731,1.669632766,-1.002332407,-0.090998048,-0.116146467,0.013212303,-0.016754917
3.900000000,-1.897185016,-1.887643712,1.675602165,-0.995962989,-1.994616608,-2.008058464,1.689717953,-1.013521569,-0.097431591,-0.120414752,0.014115788,-0.017558579
3.930000000,-1.892679938,-1.885358038,1.689734955,-1.004435353,-1.995020399,-2.008995139,1.704781363,-1.021912720,-0.102340461,-0.123637101,0.015046408,-0.017477367
3.960000000,-1.888116612,-1.883074902,1.695773578,-1.012500353,-1.995449817,-2.009945765,1.719845132,-1.030304795,-0.107333205,-0.126870863,0.024071555,-0.017804441
4.000000000,-1.943775754,-1.973724128,1.719401148,-1.024258134,-1.996060929,-2.011234879,1.739929155,-1.041496801,-0.052285176,-0.037510751,0.020528007,-0.017238667
4.030000000,-1.939849900,-1.972682226,1.733960467,-1.033796622,-1.996552184,-2.012217300,1.754992443,-1.049891203,-0.056702283,-0.039535075,0.021031975,-0.016094580
4.060000000,-1.935867971,-1.971653159,1.752667755,-1.041884122,-1.997080077,-2.013215832,1.770062759,-1.058288257,-0.061212106,-0.041562673,0.017395004,-0.016404135
4.100000000,-1.930455223,-1.970289688,1.776186833,-1.053409162,-1.997829077,-2.014566177,1.790164295,-1.069487183,-0.067373855,-0.044276488,0.013977462,-0.016078021
4.130000000,-1.926324529,-1.969276181,1.791439589,-1.061021060,-1.998414872,-2.015583204,1.805243876,-1.077888631,-0.072090344,-0.046307023,0.013804287,-0.016867572
4.160000000,-1.922132610,-1.968269613,1.799391238,-1.069238560,-1.999006518,-2.016586630,1.820332585,-1.086290411,-0.076873908,-0.048317017,0.020941347,-0.017051852
4.200000000,-1.916446265,-1.966935061,1.821926154,-1.080371903,-1.999776260,-2.017890733,1.840460970,-1.097490915,-0.083329996,-0.050955673,0.018534816,-0.017119012
4.230000000,-1.912104737,-1.965939488,1.835900304,-1.087959060,-2.000327032,-2.018842238,1.855561901,-1.105890824,-0.088222295,-0.052902749,0.019661598,-0.017931764
4.260000000,-1.907689902,-1.964947460,1.846357016,-1.095961560,-2.000848707,-2.019768138,1.870665109,-1.114284731,-0.093158806,-0.054820678,0.024308093,-0.018323171
4.300000000,-1.901688080,-1.963650513,1.878665133,-1.107359995,-2.001516878,-2.020966446,1.890806514,-1.125473719,-0.099828798,-0.057315932,0.012141381,-0.018113724
4.330000000,-1.897089149,-1.962682233,1.894010561,-1.115777136,-2.002006720,-2.021839093,1.905913439,-1.133867344,-0.104917571,-0.059156861,0.011902878,-0.018090208
4.360000000,-1.892414427,-1.961723769,1.900622840,-1.123997136,-2.002493534,-2.022693586,1.921022055,-1.142261933,-0.110079107,-0.060969818,0.020399215,-0.018264797
4.400000000,-1.886088395,-1.960473280,1.927373358,-1.134246914,-2.003148003,-2.023818573,1.941167834,-1.153455507,-0.117059608,-0.063345293,0.013794477,-0.019208593
4.430000000,-1.881265176,-1.959546573,1.942544358,-1.143710546,-2.003649871,-2.024651441,1.956277953,-1.161851678,-0.122384695,-0.065104868,0.013733595,-0.018141132
4.460000000,-1.876361145,-1.958628293,1.957555785,-1.151838046,-2.004170040,-2.025470682,1.971389107,-1.170246997,-0.127808895,-0.066842389,0.013833322,-0.018408951
4.500000000,-1.846514220,-1.972761966,1.975594446,-1.164042415,-2.004892599,-2.026549308,1.991537547,-1.181438578,-0.158378380,-0.053787341,0.015943101,-0.017396164
4.530000000,-1.841157156,-1.972039066,1.989989025,-1.173239866,-2.005457953,-2.027353666,2.006649993,-1.189833350,-0.164300797,-0.055314600,0.016660968,-0.016593484
4.560000000,-1.835733764,-1.971336507,2.005305250,-1.181262366,-2.006051280,-2.028154742,2.021761595,-1.198230873,-0.170317516,-0.056818235,0.016456345,-0.016968507
4.600000000,-1.828392802,-1.970422987,2.022280722,-1.192462241,-2.006890229,-2.029213609,2.041911882,-1.209425562,-0.178497427,-0.058790621,0.019631161,-0.016963321
4.630000000,-1.822827794,-1.969765595,2.037030259,-1.201327697,-2.007562247,-2.030001458,2.057023919,-1.217819570,-0.184734453,-0.060235862,0.019993661,-0.016491872
4.660000000,-1.817213343,-1.969121466,2.057472171,-1.209472697,-2.008284131,-2.030790045,2.072136832,-1.226215758,-0.191070788,-0.061668579,0.014664660,-0.016743060
4.700000000,-1.809612337,-1.968283461,2.071893062,-1.221443291,-2.009323120,-2.031848531,2.092285933,-1.237415447,-0.199710783,-0.063565070,0.020392871,-0.015972156
4.730000000,-1.803826117,-1.967678067,2.086027878,-1.230159970,-2.010166493,-2.032645563,2.107397752,-1.245815037,-0.206340376,-0.064967496,0.021369873,-0.015655067
4.760000000,-1.797977418,-1.967072186,2.102463465,-1.238244970,-2.011079661,-2.033443131,2.122508405,-1.254209094,-0.213102243,-0.066370945,0.020044939,-0.015964124
4.800000000,-1.790085426,-1.966290157,2.119852237,-1.250679671,-2.012392581,-2.034512045,2.142655157,-1.265398934,-0.222307155,-0.068221888,0.022802920,-0.014719262
4.830000000,-1.784098745,-1.965716619,2.134075811,-1.258778596,-2.013449304,-2.035321498,2.157764335,-1.273795465,-0.229350559,-0.069604879,0.023688523,-0.015016869
4.860000000,-1.778037950,-1.965168243,2.148741643,-1.266931096,-2.014580377,-2.036136691,2.172872364,-1.282193943,-0.236542426,-0.070968448,0.024130721,-0.015262847
4.900000000,-1.769840115,-1.964456866,2.172705205,-1.277465009,-2.016191676,-2.037224956,2.193015778,-1.293385066,-0.246351561,-0.072768089,0.020310573,-0.015920057
4.930000000,-1.763614700,-1.963963970,2.187561583,-1.285493721,-2.017478636,-2.038042911,2.208121862,-1.301774751,-0.253863936,-0.074078942,0.020560280,-0.016281030
4.960000000,-1.757329955,-1.963489286,2.199329494,-1.293408721,-2.018844287,-2.038867415,2.223227869,-1.310168411,-0.261514332,-0.075378129,0.023898375,-0.016759690
5.000000000,-1.815640677,-2.029237649,2.219441736,-1.304900759,-2.020772178,-2.039975250,2.243366724,-1.321365598,-0.205131501,-0.010737602,0.023924987,-0.016464839
5.030000000,-1.810105053,-2.029674976,2.233922157,-1.313561410,-2.022300802,-2.040807987,2.258470664,-1.329761213,-0.212195748,-0.011133011,0.024548507,-0.016199803
5.060000000,-1.804511491,-2.030129764,2.252857638,-1.321938910,-2.023913726,-2.041640504,2.273577454,-1.338156976,-0.219402235,-0.011510740,0.020719817,-0.016218066
5.100000000,-1.796985983,-2.030750832,2.275353134,-1.332905810,-2.026170215,-2.042751009,2.293722982,-1.349356703,-0.229184233,-0.012000176,0.018369848,-0.016450893
5.130000000,-1.791282578,-2.031231854,2.290802238,-1.341420129,-2.027930737,-2.043578736,2.308832172,-1.357762101,-0.236648159,-0.012346882,0.018029934,-0.016341973
5.160000000,-1.785522135,-2.031718489,2.303360822,-1.349552629,-2.029740510,-2.044388285,2.323946069,-1.366166898,-0.244218374,-0.012669796,0.020585247,-0.016614269
5.200000000,-1.777737294,-2.032399364,2.317671126,-1.361319073,-2.032193383,-2.045434018,2.344102876,-1.377366733,-0.254456089,-0.013034654,0.026431751,-0.016047660
5.230000000,-1.771827030,-2.032932865,2.330470534,-1.368461334,-2.034051531,-2.046195763,2.359224370,-1.385767520,-0.262224502,-0.013262898,0.028753835,-0.017306186
5.260000000,-1.765857174,-2.033463032,2.354414483,-1.376781334,-2.035924260,-2.046937418,2.374347309,-1.394167051,-0.270067086,-0.013474386,0.019932826,-0.017385717
5.300000000,-1.757788812,-2.034162997,2.372922135,-1.388215565,-2.038446952,-2.047892006,2.394514744,-1.405362322,-0.280658139,-0.013729009,0.021592609,-0.017146757
5.330000000,-1.751658038,-2.034706259,2.387739262,-1.396453577,-2.040364489,-2.048578182,2.409641404,-1.413755894,-0.288706450,-0.013871923,0.021902142,-0.017302318
5.360000000,-1.745470880,-2.035272506,2.402268779,-1.404638577,-2.042313793,-2.049238858,2.424769432,-1.422148313,-0.296842913,-0.013966352,0.022500654,-0.017509736
5.400000000,-1.737121023,-2.036076537,2.429761879,-1.416371497,-2.044962621,-2.050093885,2.444941502,-1.433343080,-0.307841598,-0.014017348,0.015179623,-0.016971583
5.430000000,-1.730784628,-2.036722595,2.444939684,-1.424809322,-2.046991993,-2.050713598,2.460070794,-1.441741458,-0.316207365,-0.013991003,0.015131110,-0.016932135
5.460000000,-1.724390368,-2.037399530,2.462049612,-1.433219322,-2.049070626,-2.051305191,2.475201386,-1.450135917,-0.324680258,-0.013905661,0.013151773,-0.016916594
5.500000000,-1.773284578,-2.043225313,2.488084684,-1.443917877,-2.051914705,-2.052058331,2.495374663,-1.461322981,-0.278630127,-0.008833018,0.007289979,-0.017405104
5.530000000,-1.767509823,-2.044045585,2.503715319,-1.453020889,-2.054106089,-2.052602596,2.510505760,-1.469715940,-0.286596267,-0.008557011,0.006790441,-0.016695051
5.560000000,-1.761665410,-2.044884203,2.517495318,-1.461348389,-2.056361388,-2.053127422,2.525638141,-1.478111074,-0.294695978,-0.008243219,0.008142823,-0.016762685
5.600000000,-1.753758324,-2.046049339,2.533513420,-1.471754989,-2.059457276,-2.053790907,2.545817619,-1.489301249,-0.305698952,-0.007741568,0.012304199,-0.017546260
5.630000000,-1.747759325,-2.046943660,2.555053083,-1.480346829,-2.061841295,-2.054256779,2.560951580,-1.497686312,-0.314081970,-0.007313118,0.005898497,-0.017339483
5.660000000,-1.741694292,-2.047865529,2.570377559,-1.488489329,-2.064275466,-2.054693893,2.576086814,-1.506067300,-0.322581173,-0.006828364,0.005709256,-0.017577971
5.700000000,-1.733513785,-2.049160606,2.588029767,-1.499665375,-2.067571786,-2.055242027,2.596266251,-1.517248163,-0.334058001,-0.006081421,0.008236484,-0.017582788
5.730000000,-1.727308760,-2.050183115,2.600684997,-1.506876678,-2.070076698,-2.055622976,2.611400485,-1.525634821,-0.342767938,-0.005439860,0.010715488,-0.018758143
5.760000000,-1.721056797,-2.051237645,2.615500986,-1.515106678,-2.072614133,-2.055968018,2.626534206,-1.534019781,-0.351557337,-0.004730373,0.011033220,-0.018913102
5.800000000,-1.712631696,-2.052701769,2.632797961,-1.526151923,-2.076046611,-2.056383841,2.646711356,-1.545201730,-0.363414915,-0.003682072,0.013913395,-0.019049807
5.830000000,-1.706226098,-2.053836874,2.646527191,-1.533951748,-2.078663457,-2.056667721,2.661843980,-1.553592873,-0.372437359,-0.002830847,0.015316789,-0.019641125
5.860000000,-1.699758492,-2.055010399,2.662171920,-1.542034248,-2.081330017,-2.056922722,2.676974824,-1.561987689,-0.381571525,-0.001912322,0.014802905,-0.019953441
5.900000000,-1.691032143,-2.056608474,2.681715892,-1.552210794,-2.084960871,-2.057215824,2.697148886,-1.573176401,-0.393928728,-0.000607349,0.015432993,-0.020965607
5.930000000,-1.684419750,-2.057844826,2.692364470,-1.561053922,-2.087745747,-2.057399938,2.712277081,-1.581563383,-0.403325997,0.000444888,0.019912612,-0.020509461
5.960000000,-1.677731422,-2.059118349,2.706464881,-1.569446422,-2.090597811,-2.057554050,2.727405044,-1.589953449,-0.412866388,0.001564299,0.020940163,-0.020507026
6.000000000,-1.839940701,-2.028221968,2.722314845,-1.581864693,-2.094496797,-2.057721259,2.747572170,-1.601148831,-0.254556096,-0.029499291,0.025257326,-0.019284138
6.030000000,-1.835402174,-2.029169240,2.735865035,-1.589637566,-2.097497199,-2.057812728,2.762696707,-1.609544265,-0.262095025,-0.028643487,0.026831672,-0.019906699
6.060000000,-1.830816634,-2.030160077,2.752837682,-1.597930066,-2.100577643,-2.057866318,2.777830636,-1.617936877,-0.269761009,-0.027706241,0.024992954,-0.020006811
6.100000000,-1.824614866,-2.031520312,2.778876275,-1.609484564,-2.104781352,-2.057892043,2.798018861,-1.629129256,-0.280166485,-0.026371731,0.019142586,-0.019644692
6.130000000,-1.819892482,-2.032585581,2.793238801,-1.618728223,-2.107982454,-2.057879264,2.813163263,-1.637528676,-0.288089972,-0.025293683,0.019924462,-0.018800452
6.160000000,-1.815116315,-2.033684348,2.802194661,-1.626880723,-2.111188427,-2.057831167,2.828319686,-1.645930622,-0.296072112,-0.024146819,0.026125025,-0.019049898
6.200000000,-1.808679126,-2.035203165,2.825479967,-1.638390762,-2.115412408,-2.057718498,2.848540084,-1.657133995,-0.306733282,-0.022515333,0.023060118,-0.018743233
6.230000000,-1.803773985,-2.036384097,2.839413653,-1.646915120,-2.118518819,-2.057603706,2.863708329,-1.665539658,-0.314744833,-0.021219609,0.024294676,-0.018624537
6.260000000,-1.798816665,-2.037621335,2.861291105,-1.655082620,-2.121553719,-2.057465849,2.878877903,-1.673939377,-0.322737054,-0.019844514,0.017586799,-0.018856756
6.300000000,-1.792116688,-2.039333197,2.884063088,-1.666271645,-2.125509688,-2.057247797,2.899105563,-1.685129696,-0.333392999,-0.017914600,0.015042475,-0.018858052
6.330000000,-1.787042157,-2.040661034,2.900968331,-1.675116469,-2.128416885,-2.057052980,2.914276437,-1.693523625,-0.341374729,-0.016391946,0.013308106,-0.018407156
6.360000000,-1.781935091,-2.042026675,2.915903434,-1.683028969,-2.131276257,-2.056827247,2.929445536,-1.701919021,-0.349341166,-0.014800571,0.013542103,-0.018890052
6.400000000,-1.775044038,-2.043890798,2.933562466,-1.694050356,-2.135041128,-2.056492610,2.949670353,-1.713110478,-0.359997090,-0.012601812,0.016107887,-0.019060121
6.430000000,-1.769797211,-2.045333097,2.947429652,-1.702773664,-2.137837999,-2.056216277,2.964836329,-1.721503678,-0.368040788,-0.010883181,0.017406677,-0.018730013
6.460000000,-1.764490848,-2.046819015,2.961995864,-1.711048664,-2.140616789,-2.055907987,2.980001921,-1.729897858,-0.376125941,-0.009088971,0.018006057,-0.018849193
6.500000000,-1.919855573,-2.084667727,2.980351354,-1.722404293,-2.144309634,-2.055451519,3.000219151,-1.741088761,-0.224454061,0.029216208,0.019867797,-0.018684468
6.530000000,-1.916567360,-2.086719666,2.998478942,-1.730997609,-2.147078788,-2.055079688,3.015381387,-1.749482271,-0.230511428,0.031639978,0.016902445,-0.018484662
6.560000000,-1.913221335,-2.088832750,3.013111971,-1.739190109,-2.149856672,-2.054681125,3.030551391,-1.757877546,-0.236635337,0.034151625,0.017439420,-0.018687437
6.600000000,-1.908700890,-2.091698907,3.035499994,-1.750407189,-2.153568174,-2.054103869,3.050787918,-1.769072007,-0.244867285,0.037595038,0.015287924,-0.018664818
6.630000000,-1.905253626,-2.093883524,3.050017387,-1.760149347,-2.156339259,-2.053629231,3.065969803,-1.777466774,-0.251085633,0.040254293,0.015952416,-0.017317427
6.660000000,-1.901770621,-2.096110263,3.064569525,-1.768221847,-2.159065267,-2.053117126,3.081160042,-1.785857367,-0.257294646,0.042993137,0.016590517,-0.017635520
6.700000000,-1.897089613,-2.099145236,3.091336423,-1.779893859,-2.162598828,-2.052403044,3.101421590,-1.797037816,-0.265509215,0.046742191,0.010085167,-0.017143957
6.730000000,-1.893536156,-2.101475371,3.107442137,-1.788104321,-2.165155790,-2.051849793,3.116616674,-1.805414542,-0.271619634,0.049625578,0.009174537,-0.017310221
6.760000000,-1.889923385,-2.103852555,3.122580451,-1.796164321,-2.167610681,-2.051273583,3.131812390,-1.813792011,-0.277687296,0.052578972,0.009231938,-0.017627690
6.800000000,-1.885016350,-2.107076392,3.137851251,-1.806872074,-2.170752280,-2.050468486,3.152072105,-1.824976929,-0.285735930,0.056607905,0.014220853,-0.018104855
6.830000000,-1.881273474,-2.109543749,3.162599211,-1.815324674,-2.173019636,-2.049840250,3.167267280,-1.833369064,-0.291746163,0.059703499,0.004668070,-0.018044391
6.860000000,-1.877477476,-2.112069900,3.178001015,-1.823479674,-2.175211612,-2.049190277,3.182460878,-1.841756122,-0.297734136,0.062879623,0.004459863,-0.018276448
6.900000000,-1.872342007,-2.115536327,3.192406087,-1.835170944,-2.178048059,-2.048284059,3.202717777,-1.852939933,-0.305706052,0.067252268,0.010311690,-0.017768989
6.930000000,-1.868440030,-2.118192657,3.203490704,-1.843001779,-2.180118896,-2.047566360,3.217909362,-1.861331991,-0.311678867,0.070626297,0.014418658,-0.018330212
6.960000000,-1.864488544,-2.120895911,3.218057461,-1.851321779,-2.182144652,-2.046810296,3.233099164,-1.869724377,-0.317656108,0.074085615,0.015041703,-0.018402598
7.000000000,-1.949157759,-2.083205870,3.241947813,-1.861588535,-2.184802009,-2.045756610,3.253351570,-1.880912854,-0.235644251,0.037449260,0.011403756,-0.019324320
7.030000000,-1.946310078,-2.085486510,3.256370966,-1.870400030,-2.186770669,-2.044928632,3.268538686,-1.889303887,-0.240460591,0.040557878,0.012167720,-0.018903857
7.060000000,-1.943423284,-2.087817643,3.266905725,-1.878567530,-2.188722220,-2.044052653,3.283729744,-1.897692512,-0.245298936,0.043764990,0.016824019,-0.019124982
7.100000000,-1.939511731,-2.091018574,3.289518002,-1.889726650,-2.191305347,-2.042818124,3.303985388,-1.908875323,-0.251793616,0.048200450,0.014467386,-0.019148673
7.130000000,-1.936522432,-2.093476839,3.312541031,-1.898692435,-2.193223523,-2.041849538,3.319176769,-1.917260542,-0.256701091,0.051627301,0.006635738,-0.018568107
7.160000000,-1.933503808,-2.095987249,3.327652743,-1.906849935,-2.195106876,-2.040845443,3.334369413,-1.925649773,-0.261603067,0.055141806,0.006716670,-0.018799837
7.200000000,-1.929411188,-2.099427110,3.341022703,-1.917953413,-2.197545913,-2.039459637,3.354627402,-1.936840253,-0.268134726,0.059967473,0.013604698,-0.018886840
7.230000000,-1.926288975,-2.102058008,3.358491093,-1.926938479,-2.199310756,-2.038386261,3.369817375,-1.945237918,-0.273021781,0.063671746,0.011326282,-0.018299439
7.260000000,-1.923126527,-2.104750771,3.373202482,-1.935110979,-2.201009616,-2.037285556,3.385005410,-1.953636919,-0.277883089,0.067465215,0.011802929,-0.018525940
7.300000000,-1.918855294,-2.108432560,3.401423884,-1.946772915,-2.203193299,-2.035785718,3.405252387,-1.964829837,-0.284338005,0.072646842,0.003828503,-0.018056922
7.330000000,-1.915621565,-2.111251645,3.419377374,-1.955119209,-2.204774502,-2.034631175,3.420435703,-1.973222447,-0.289152938,0.076620470,0.001058329,-0.018103238
7.360000000,-1.912341960,-2.114137507,3.434732583,-1.963294209,-2.206305462,-2.033438890,3.435616545,-1.981617101,-0.293963502,0.080698617,0.000883961,-0.018322891
7.400000000,-1.907889783,-2.118068314,3.451584831,-1.973957874,-2.208293228,-2.031798696,3.455854033,-1.992809959,-0.300403445,0.086269618,0.004269202,-0.018852084
7.430000000,-1.904507469,-2.121075899,3.466852228,-1.983191728,-2.209753575,-2.030533060,3.471030229,-2.001203849,-0.305246106,0.090542839,0.004178001,-0.018012121
7.460000000,-1.901104909,-2.124140859,3.476578781,-1.991274228,-2.211191341,-2.029227828,3.486203275,-2.009598656,-0.310086432,0.094913031,0.009624494,-0.018324427
7.500000000,-2.012298348,-2.120952791,3.491448118,-2.002398815,-2.213085490,-2.027422786,3.506432160,-2.020790950,-0.200787142,0.093530005,0.014984042,-0.018392135
7.530000000,-2.010334164,-2.124070546,3.504995823,-2.011768410,-2.214495981,-2.026017634,3.521600502,-2.029184730,-0.204161817,0.098052913,0.016604679,-0.017416320
7.560000000,-2.008329409,-2.127251280,3.520964575,-2.019978410,-2.215907355,-2.024563550,3.536772808,-2.037585440,-0.207577947,0.102687730,0.015808233,-0.017607030
7.600000000,-2.005586437,-2.131582252,3.538981466,-2.031691171,-2.217792377,-2.022557492,3.557005826,-2.048790892,-0.212205940,0.109024759,0.018024360,-0.017099721
7.630000000,-2.003484736,-2.134903974,3.556761240,-2.040635354,-2.219195895,-2.020997529,3.572184141,-2.057195453,-0.215711159,0.113906445,0.015422901,-0.016560099
7.660000000,-2.001362817,-2.138283254,3.571057371,-2.048980354,-2.220567519,-2.019384906,3.587366257,-2.065594598,-0.219204702,0.118898348,0.016308886,-0.016614244
7.700000000,-1.998497219,-2.142856202,3.589841590,-2.060139158,-2.222331371,-2.017186195,3.607615171,-2.076789566,-0.223834152,0.125670007,0.017773582,-0.016650408
7.730000000,-1.996324098,-2.146354086,3.603371101,-2.068717427,-2.223595681,-2.015512629,3.622803098,-2.085180819,-0.227271583,0.130841456,0.019431997,-0.016463392
7.760000000,-1.994115425,-2.149914995,3.625562914,-2.077077427,-2.224790853,-2.013813782,3.637992284,-2.093568701,-0.230675428,0.136101213,0.012429370,-0.016491274
7.800000000,-1.991104421,-2.154766455,3.647875515,-2.087563733,-2.226284826,-2.011505377,3.658246308,-2.104758775,-0.235180404,0.143261077,0.010370792,-0.017195043
7.830000000,-1.988815396,-2.158475029,3.658946822,-2.095255630,-2.227334369,-2.009742292,3.673437008,-2.113155259,-0.238518973,0.148732737,0.014490186,-0.017899628
7.860000000,-1.986494400,-2.162233770,3.673382192,-2.103275630,-2.228322630,-2.007952184,3.688629805,-2.121548305,-0.241828230,0.154281585,0.015247613,-0.018272674
7.900000000,-1.983348129,-2.167331347,3.695682799,-2.115403325,-2.229565663,-2.005522185,3.708886065,-2.132736805,-0.246217534,0.161809162,0.013203266,-0.017333481
7.930000000,-1.980943549,-2.171222321,3.712853360,-2.124432432,-2.230443060,-2.003656121,3.724080265,-2.141129680,-0.249499512,0.167566199,0.011226905,-0.016697248
7.960000000,-1.978511834,-2.175176430,3.727559159,-2.132444932,-2.231271316,-2.001740228,3.739272705,-2.149522614,-0.252759482,0.173436202,0.011713546,-0.017077682
8.000000000,-2.080049409,-2.095197707,3.747325628,-2.143412022,-2.232326184,-1.999123147,3.759531600,-2.160712729,-0.152276775,0.096074560,0.012205972,-0.017300707
8.030000000,-2.078963697,-2.098176699,3.761906645,-2.152051654,-2.233088366,-1.997111611,3.774724289,-2.169105354,-0.154124670,0.101065089,0.012817644,-0.017053700
8.060000000,-2.077851883,-2.101223926,3.777406961,-2.160036654,-2.233824186,-1.995039352,3.789922169,-2.177491369,-0.155972303,0.106184574,0.012515208,-0.017454715
8.100000000,-2.076344081,-2.105405931,3.798143926,-2.171406961,-2.234765099,-1.992187623,3.810186426,-2.188666158,-0.158421018,0.113218308,0.012042499,-0.017259198
8.130000000,-2.075198006,-2.108622780,3.812056881,-2.180173549,-2.235431888,-1.989992323,3.825383359,-2.197043049,-0.160233882,0.118630457,0.013326478,-0.016869500
8.160000000,-2.074051323,-2.111899130,3.826559033,-2.188521049,-2.236040595,-1.987760079,3.840581937,-2.205420766,-0.161989273,0.124139051,0.014022904,-0.016899717
8.200000000,-2.072501550,-2.116371082,3.845153082,-2.200071416,-2.236737874,-1.984752191,3.860848022,-2.216594844,-0.164236324,0.131618891,0.015694941,-0.016523428
8.230000000,-2.071321269,-2.119794578,3.860558584,-2.208554677,-2.237153611,-1.982479609,3.876046006,-2.224983232,-0.165832343,0.137314970,0.015487422,-0.016428555
8.260000000,-2.070126945,-2.123278547,3.874954208,-2.216719677,-2.237449411,-1.980201368,3.891240537,-2.233379168,-0.167322466,0.143077178,0.016286330,-0.016659490
8.300000000,-2.068505529,-2.128029175,3.892452618,-2.227943591,-2.237681231,-1.977169734,3.911497696,-2.244565697,-0.169175702,0.150859441,0.019045078,-0.016622106
8.330000000,-2.067276810,-2.131668978,3.906167703,-2.236383158,-2.237731549,-1.974900326,3.926687099,-2.252947850,-0.170454740,0.156768653,0.020519396,-0.016564692
8.360000000,-2.066032788,-2.135386175,3.920297409,-2.244663158,-2.237655184,-1.972626875,3.941875474,-2.261336771,-0.171622396,0.162759301,0.021578065,-0.016673613
8.400000000,-2.064353047,-2.140460413,3.937989979,-2.254904283,-2.237389293,-1.969583958,3.962121369,-2.272532701,-0.173036246,0.170876455,0.024131390,-0.017628418
8.430000000,-2.063073373,-2.144340373,3.953154165,-2.264329962,-2.237075898,-1.967293896,3.977304632,-2.280927361,-0.174002525,0.177046477,0.024150467,-0.016597399
8.460000000,-2.061796813,-2.148289117,3.967150550,-2.272462462,-2.236657277,-1.964992919,3.992484155,-2.289316022,-0.174860464,0.183296198,0.025333605,-0.016853559
8.500000000,-2.086205614,-2.147912493,3.990091837,-2.283885451,-2.235962193,-1.961894905,4.012722038,-2.300503977,-0.149756579,0.186017589,0.022630202,-0.016618526
8.530000000,-2.085263771,-2.151950663,4.004504662,-2.292022589,-2.235341964,-1.959539759,4.027897431,-2.308900715,-0.150078193,0.192410904,0.023392770,-0.016878126
8.560000000,-2.084302299,-2.156052213,4.018622447,-2.300095089,-2.234634309,-1.957149753,4.043071837,-2.317298326,-0.150332009,0.198902460,0.024449390,-0.017203237
8.600000000,-2.082995797,-2.161616140,4.039814174,-2.310730255,-2.233588550,-1.953913143,4.063302187,-2.328491577,-0.150592753,0.207702997,0.023488013,-0.017761323
8.630000000,-2.081993344,-2.165878625,4.052152219,-2.318681068,-2.232728958,-1.951440347,4.078473806,-2.336886851,-0.150735614,0.214438278,0.026321587,-0.018205783
8.660000000,-2.080959729,-2.170223397,4.066160309,-2.326908568,-2.231792244,-1.948912382,4.093644503,-2.345283952,-0.150832515,0.221311015,0.027484194,-0.018375384
8.700000000,-2.079543624,-2.176130240,4.079956107,-2.337943625,-2.230447264,-1.945466543,4.113869269,-2.356478832,-0.150903640,0.230663697,0.033913162,-0.018535207
8.730000000,-2.078457449,-2.180635995,4.093380457,-2.346842652,-2.229374435,-1.942827645,4.129037338,-2.364874396,-0.150916985,0.237808349,0.035656881,-0.018031744
8.760000000,-2.077363189,-2.185204585,4.107023941,-2.354997652,-2.228241119,-1.940129504,4.144202687,-2.373270877,-0.150877929,0.245075080,0.037178746,-0.018273224
8.800000000,-2.075889502,-2.191410798,4.130652402,-2.366241581,-2.226647443,-1.936438173,4.164422979,-2.384465061,-0.150757941,0.254972624,0.033770578,-0.018223480
8.830000000,-2.074766466,-2.196137758,4.146703284,-2.374915493,-2.225393917,-1.933593567,4.179585204,-2.392858671,-0.150627452,0.262544191,0.032881920,-0.017943178
8.860000000,-2.073642477,-2.200920033,4.160534076,-2.383077993,-2.224093404,-1.930672176,4.194747451,-2.401252409,-0.150450927,0.270247856,0.034213375,-0.018174416
8.900000000,-2.072146064,-2.207420076,4.181160863,-2.394581699,-2.222307112,-1.926668757,4.214960050,-2.412449046,-0.150161048,0.280751320,0.033799187,-0.017867347
8.930000000,-2.071028900,-2.212394197,4.191188989,-2.403065577,-2.220928312,-1.923575014,4.230118954,-2.420845859,-0.149899413,0.288819183,0.038929966,-0.017780283
8.960000000,-2.069904119,-2.217446746,4.204832775,-2.411043077,-2.219512005,-1.920380109,4.245274865,-2.429236047,-0.149607886,0.297066637,0.040442090,-0.018192971
9.000000000,-2.087797262,-1.989914320,4.222821202,-2.421436436,-2.217587001,-1.915982561,4.265480722,-2.440422352,-0.129789739,0.073931759,0.042659520,-0.018985916
9.030000000,-2.086902446,-1.992012442,4.237326799,-2.429555784,-2.216124720,-1.912579642,4.280632643,-2.448818405,-0.129222274,0.079432800,0.043305844,-0.019262621
9.060000000,-2.086016455,-1.994186327,4.250858157,-2.437793284,-2.214645313,-1.909063910,4.295791661,-2.457207464,-0.128628858,0.085122417,0.044933504,-0.019414180
9.100000000,-2.084830786,-1.997196302,4.266512042,-2.449270807,-2.212638083,-1.904227397,4.316009705,-2.468376406,-0.127807296,0.092968906,0.049497664,-0.019105599
9.130000000,-2.083943853,-1.999519098,4.281949478,-2.457230270,-2.211094359,-1.900511077,4.331173495,-2.476745824,-0.127150506,0.099008021,0.049224018,-0.019515554
9.160000000,-2.083067942,-2.001908988,4.295347049,-2.465242770,-2.209491520,-1.896749594,4.346340401,-2.485119911,-0.126423578,0.105159395,0.050993352,-0.019877141
9.200000000,-2.081918001,-2.005193440,4.318222728,-2.476590147,-2.207232377,-1.891731415,4.366566201,-2.496291300,-0.125314376,0.113462025,0.048343473,-0.019701154
9.230000000,-2.081082195,-2.007736498,4.349315956,-2.485286104,-2.205416412,-1.887996304,4.381736984,-2.504680073,-0.124334217,0.119740194,0.032421028,-0.019393969
9.260000000,-2.080260863,-2.010347936,4.363339331,-2.493441104,-2.203456426,-1.884323343,4.396904320,-2.513086502,-0.123195563,0.126024593,0.033564989,-0.019645398
9.300000000,-2.079178997,-2.013947576,4.385436017,-2.504696647,-2.200642362,-1.879549303,4.417126848,-2.524289164,-0.121463365,0.134398273,0.031690832,-0.019592517
9.330000000,-2.078361162,-2.016731487,4.404196347,-2.512471795,-2.198377272,-1.876077479,4.432290507,-2.532672385,-0.120016111,0.140654008,0.028094160,-0.020200590
9.360000000,-2.077540363,-2.019583471,4.418396791,-2.520631795,-2.195948953,-1.872720902,4.447453590,-2.541060330,-0.118408590,0.146862569,0.029056799,-0.020428535
9.400000000,-2.076468406,-2.023494946,4.446832368,-2.531618814,-2.192490815,-1.868403235,4.467666369,-2.552273049,-0.116022409,0.155091711,0.020834001,-0.020654235
9.430000000,-2.075663649,-2.026525087,4.460767156,-2.540472976,-2.189740436,-1.865288515,4.482824187,-2.560684187,-0.114076787,0.161236573,0.022057031,-0.020211210
9.460000000,-2.074874069,-2.029638140,4.475131687,-2.548375476,-2.186845086,-1.862300606,4.497979210,-2.569073439,-0.111971018,0.167337533,0.022847523,-0.020697963
9.500000000,-2.084089813,-1.956076710,4.498119169,-2.559824511,-2.182795561,-1.858477956,4.518183407,-2.580254135,-0.098705748,0.097598754,0.020064238,-0.020429624
9.530000000,-2.083471887,-1.958312649,4.510578554,-2.568447098,-2.179618424,-1.855724024,4.533334935,-2.588657881,-0.096146537,0.102588625,0.022756381,-0.020210784
9.560000000,-2.082855550,-1.960610078,4.524846025,-2.576757098,-2.176313206,-1.853078529,4.548485220,-2.597074222,-0.093457656,0.107531549,0.023639194,-0.020317124
9.600000000,-2.082044442,-1.963778907,4.544375462,-2.587584034,-2.171755427,-1.849697113,4.568682623,-2.608275912,-0.089710985,0.114081793,0.024307161,-0.020691878
9.630000000,-2.081465186,-1.966232905,4.561788521,-2.596331564,-2.168226695,-1.847272216,4.583817211,-2.616666758,-0.086761509,0.118960690,0.022028690,-0.020335194
9.660000000,-2.080913487,-1.968763350,4.576026883,-2.604256564,-2.164581339,-1.844961424,4.598913143,-2.625069533,-0.083667852,0.123801926,0.022886260,-0.020812969
9.700000000,-2.080220001,-1.972255055,4.602868496,-2.616498045,-2.159564876,-1.842043710,4.618935369,-2.636292712,-0.079344875,0.130211345,0.016066873,-0.019794668
9.730000000,-2.079714884,-1.974945727,4.628398993,-2.624476600,-2.155693627,-1.839988030,4.633842930,-2.644704978,-0.075978744,0.134957697,0.005443938,-0.020228378
9.760000000,-2.079226750,-1.977712002,4.642810963,-2.632489100,-2.151722097,-1.838071446,4.648609767,-2.653096261,-0.072495348,0.139640556,0.005798804,-0.020607161
9.800000000,-2.078598642,-1.981483421,4.650481008,-2.643563508,-2.146293193,-1.835696428,4.668079077,-2.664284104,-0.067694551,0.145786992,0.017598070,-0.020720596
9.830000000,-2.078166140,-1.984399888,4.658885269,-2.651991392,-2.142122601,-1.834044319,4.682493893,-2.672693142,-0.063956461,0.150355568,0.023608624,-0.020701750
9.860000000,-2.077765863,-1.987388632,4.672171392,-2.659991392,-2.137865486,-1.832517245,4.696702325,-2.681108236,-0.060099623,0.154871387,0.024530934,-0.021116844
9.900000000,-2.077268219,-1.991478030,4.684899677,-2.671698414,-2.132096644,-1.830642885,4.715358864,-2.692306912,-0.054828425,0.160835145,0.030459187,-0.020608498
9.930000000,-2.076919215,-1.994636736,4.708798516,-2.679984905,-2.127707535,-1.829350485,4.729133753,-2.700695465,-0.050788320,0.165286252,0.020335237,-0.020710560
9.960000000,-2.076607053,-1.997862725,4.721507977,-2.688237405,-2.123257865,-1.828158524,4.742683819,-2.709094896,-0.046650812,0.169704202,0.021175842,-0.020857491
10.000000000,-2.047139878,-1.881068932,4.741566265,-2.699490837,-2.117256925,-1.826690083,4.760425073,-2.720305993,-0.070117048,0.054378849,0.018858808,-0.020815156
10.030000000,-2.046527321,-1.882828949,4.752542216,-2.708612692,-2.112720382,-1.825673999,4.773476415,-2.728708519,-0.066193061,0.057154950,0.020934199,-0.020095827
10.060000000,-2.045935457,-1.884663687,4.764451596,-2.716672692,-2.108160906,-1.824734919,4.786255898,-2.737097411,-0.062225450,0.059928768,0.021804302,-0.020424719
10.100000000,-2.045197671,-1.887203615,4.779519445,-2.728279655,-2.102051444,-1.823576509,4.802910658,-2.748287085,-0.056853773,0.063627106,0.023391213,-0.020007430
10.130000000,-2.044679814,-1.889182259,4.803287750,-2.736885773,-2.097445278,-1.822782500,4.815108377,-2.756685600,-0.052765464,0.066399760,0.011820627,-0.019799827
10.160000000,-2.044199069,-1.891224505,4.814513001,-2.745043273,-2.092819121,-1.822079690,4.826913333,-2.765044709,-0.048620052,0.069144815,0.012400332,-0.020001435
10.200000000,-2.043637020,-1.894028572,4.828430519,-2.756527416,-2.086604312,-1.821268157,4.841922106,-2.776114297,-0.042967292,0.072760415,0.013491586,-0.019586881
10.230000000,-2.043269258,-1.896211427,4.844566404,-2.765189237,-2.081865941,-1.820730238,4.852606574,-2.784417897,-0.038596682,0.075481189,0.008040170,-0.019228660
10.260000000,-2.042920081,-1.898446311,4.854212775,-2.773446737,-2.077009458,-1.820221723,4.862731100,-2.792773084,-0.034089376,0.078224588,0.008518325,-0.019326347
10.300000000,-2.042517938,-1.901500084,4.872771834,-2.782974737,-2.070387421,-1.819536216,4.875536474,-2.803922718,-0.027869483,0.081963868,0.002764640,-0.020947981
10.330000000,-2.042257203,-1.903867436,4.875879938,-2.792070781,-2.065325604,-1.818986395,4.884634558,-2.812289430,-0.023068401,0.084881041,0.008754620,-0.020218650
10.360000000,-2.042062585,-1.906308775,4.883889078,-2.800233281,-2.060144134,-1.818353600,4.893250380,-2.820681470,-0.018081549,0.087955175,0.009361302,-0.020448190
10.400000000,-2.041871543,-1.909675892,4.898574344,-2.810523541,-2.053017349,-1.817335908,4.904138628,-2.831844999,-0.011145806,0.092339984,0.005564284,-0.021321458
10.430000000,-2.041783963,-1.912271661,4.916948323,-2.818951691,-2.047501706,-1.816417231,4.911868101,-2.840185966,-0.005717743,0.095854430,-0.005080222,-0.021234275
10.460000000,-2.041733257,-1.914932046,4.923986726,-2.827104191,-2.041831286,-1.815326997,4.919190631,-2.848565589,-0.000098029,0.099605049,-0.004796095,-0.021461398
10.500000000,-2.000083442,-1.948918532,4.930820789,-2.838936497,-2.034039979,-1.813615118,4.928414425,-2.859807666,-0.033956538,0.135303414,-0.002406364,-0.020871169
10.530000000,-1.999581959,-1.952148969,4.928304505,-2.846654244,-2.027979621,-1.812112507,4.934939167,-2.868207926,-0.028397662,0.140036462,0.006634662,-0.021553683
10.560000000,-1.999125241,-1.955442483,4.933725670,-2.854504244,-2.021675131,-1.810371749,4.941079400,-2.876533357,-0.022549890,0.145070733,0.007353730,-0.022029114
10.600000000,-1.998590595,-1.959918084,4.939682174,-2.866530469,-2.012961726,-1.807721129,4.948819976,-2.887679602,-0.014371131,0.152196955,0.009137802,-0.021149132
10.630000000,-1.998255335,-1.963350517,4.937674067,-2.875179565,-2.006197337,-1.805473082,4.954303870,-2.896134344,-0.007942001,0.157877435,0.016629803,-0.020954779
10.660000000,-1.997968904,-1.966854445,4.941748386,-2.883414565,-1.999163597,-1.802937473,4.959490777,-2.904583754,-0.001194693,0.163916971,0.017742391,-0.021169189
10.700000000,-1.997667238,-1.971632228,4.954116790,-2.895314292,-1.989380148,-1.799143665,4.966011761,-2.915708514,0.008287090,0.172488563,0.011894971,-0.020394222
10.730000000,-1.997490055,-1.975302126,4.974299234,-2.904126027,-1.981744524,-1.795982889,4.970623910,-2.924029475,0.015745531,0.179319237,-0.003675324,-0.019903448
10.760000000,-1.997359762,-1.979039239,4.978188632,-2.912031027,-1.973822754,-1.792507609,4.974966815,-2.932466664,0.023537008,0.186531629,-0.003221818,-0.020435637
10.800000000,-1.997285934,-1.984131849,4.988590162,-2.923061845,-1.962835774,-1.787449625,4.980398082,-2.943763822,0.034450160,0.196682224,-0.008192080,-0.020701977
10.830000000,-1.997304423,-1.988042602,4.984793042,-2.931266966,-1.954237194,-1.783334760,4.984193989,-2.952138496,0.043067229,0.204707841,-0.000599053,-0.020871529
10.860000000,-1.997366480,-1.992024359,4.987718548,-2.939394466,-1.945271354,-1.778903759,4.987714555,-2.960445880,0.052095126,0.213120600,-0.000003993,-0.021051413
10.900000000,-1.997512354,-1.997457568,4.983345938,-2.951638591,-1.932849189,-1.772587268,4.992087837,-2.971642425,0.064663165,0.224870301,0.008741899,-0.020003834
10.930000000,-1.997688173,-2.001618642,4.985371846,-2.960491459,-1.923170124,-1.767547540,4.995136403,-2.980125864,0.074518049,0.234071102,0.009764557,-0.019634405
10.960000000,-1.997943258,-2.005869606,4.987234660,-2.968733959,-1.913083493,-1.762204669,4.997983591,-2.988542327,0.084859765,0.243664937,0.010748931,-0.019808369
11.000000000,-1.903854027,-1.794733778,4.990710416,-2.980290398,-1.899069186,-1.754683892,5.001515183,-2.999641361,0.004784841,0.040049886,0.010804766,-0.019350963
11.030000000,-1.902993502,-1.796254081,4.994698630,-2.988856290,-1.888152271,-1.748754952,5.003985642,-3.008003266,0.014841231,0.047499130,0.009287012,-0.019146976
11.060000000,-1.902197863,-1.797848465,4.996027855,-2.997031290,-1.876835216,-1.742547505,5.006281507,-3.016465382,0.025362647,0.055300960,0.010253653,-0.019434092
11.100000000,-1.901269712,-1.800071822,5.002020474,-3.009032944,-1.861156715,-1.733917777,5.009123874,-3.027713314,0.040112997,0.066154045,0.007103400,-0.018680370
11.130000000,-1.900667832,-1.801823942,5.000939072,-3.017408295,-1.848922892,-1.727208790,5.011083004,-3.036046240,0.051744939,0.074615152,0.010143932,-0.018637945
11.160000000,-1.900150929,-1.803639463,5.001725633,-3.025553295,-1.836218932,-1.720314482,5.012876390,-3.044362773,0.063931998,0.083324981,0.011150757,-0.018809478
11.200000000,-1.899581013,-1.806164606,4.994714111,-3.036609665,-1.818675338,-1.710944035,5.015062115,-3.055529536,0.080905675,0.095220571,0.020348004,-0.018919871
11.230000000,-1.899258761,-1.808145003,4.995655397,-3.044943942,-1.805045359,-1.703812604,5.016555346,-3.063923314,0.094213402,0.104332399,0.020899949,-0.018979372
11.260000000,-1.899027389,-1.810210201,4.995679135,-3.053203942,-1.790904849,-1.696596132,5.017920956,-3.072294598,0.108122540,0.113614069,0.022241822,-0.019090656
11.300000000,-1.898867047,-1.813082268,4.996554147,-3.063899725,-1.771374923,-1.686873279,5.019578825,-3.083447257,0.127492124,0.126208989,0.023024678,-0.019547532
11.330000000,-1.898849533,-1.815324167,5.000307717,-3.072236642,-1.756247560,-1.679509351,5.020717189,-3.091837931,0.142601973,0.135814816,0.020409472,-0.019601289
11.360000000,-1.898942165,-1.817649301,4.999992153,-3.080389142,-1.740643591,-1.672074024,5.021744746,-3.100259857,0.158298574,0.145575277,0.021752594,-0.019870715
11.400000000,-1.899226758,-1.820879068,4.992261613,-3.090719604,-1.719157779,-1.662063155,5.022979306,-3.111467608,0.180068978,0.158815913,0.030717693,-0.020748004
11.430000000,-1.899551440,-1.823402158,4.996648505,-3.098987492,-1.702525011,-1.654483084,5.023788222,-3.119839405,0.197026429,0.168919075,0.027139717,-0.020851913
11.460000000,-1.899967444,-1.826010867,4.995828443,-3.107437492,-1.685403158,-1.646834295,5.024502307,-3.128221362,0.214564286,0.179176572,0.028673864,-0.020783870
11.500000000,-1.743107665,-1.786569923,5.004690754,-3.119355836,-1.661945221,-1.636548948,5.025338320,-3.139450817,0.081162443,0.150020974,0.020647567,-0.020094981
11.530000000,-1.741677698,-1.788789936,5.001135977,-3.128116715,-1.643858558,-1.628772278,5.025887508,3.135310343,0.097819140,0.160017658,0.024751531,-0.019758249
11.560000000,-1.740362040,-1.791091700,5.000193493,-3.136091715,-1.625257787,-1.620936690,5.026343272,3.126928208,0.115104253,0.170155010,0.026149779,-0.020165384
11.600000000,-1.738751683,-1.794290116,4.984669673,3.136772421,-1.599805772,-1.610414746,5.026822965,3.115761619,0.138945910,0.183875370,0.042153292,-0.021010802
11.630000000,-1.737676408,-1.796782389,4.991273510,3.129213475,-1.580258108,-1.602468427,5.027096033,3.107345428,0.157418300,0.194313962,0.035822524,-0.021868047
11.660000000,-1.736735657,-1.799364671,4.989738631,3.121248475,-1.560244316,-1.594468186,5.027302493,3.098908378,0.176491341,0.204896485,0.037563861,-0.022340096
11.700000000,-1.735696118,-1.802935978,4.990654646,3.109103510,-1.532902032,-1.583732055,5.027516636,3.087716577,0.202794087,0.219203923,0.036861989,-0.021386934
11.730000000,-1.735056617,-1.805695803,4.986891128,3.098845355,-1.511913690,-1.575629916,5.027621137,3.079357700,0.223142927,0.230065887,0.040730009,-0.019487655
11.760000000,-1.734535421,-1.808533351,4.985116807,3.090752855,-1.490483797,-1.567479754,5.027677118,3.070964607,0.244051624,0.241053597,0.042560311,-0.019788248
11.800000000,-1.734027608,-1.812434642,4.982618295,3.079375604,-1.461333568,-1.556555370,5.027674609,3.059722998,0.272694040,0.255879272,0.045056315,-0.019652606
11.830000000,-1.733806575,-1.815456319,4.987620388,3.070824331,-1.439015370,-1.548325329,5.027629477,3.051315175,0.294791204,0.267130990,0.040009089,-0.019509156
11.860000000,-1.733707210,-1.818559038,4.985798298,3.062739331,-1.416239254,-1.540064612,5.027528926,3.042956002,0.317467956,0.278494426,0.041730628,-0.019783330
11.900000000,-1.733751636,-1.822826553,4.989582387,3.051273097,-1.385312573,-1.529011931,5.027342895,3.031788899,0.348439063,0.293814622,0.037760508,-0.019484198
11.930000000,-1.733931376,-1.826122808,4.988860664,3.043061254,-1.361722645,-1.520695729,5.027158330,3.023364997,0.372208731,0.305427079,0.038297666,-0.019696257
11.960000000,-1.734247746,-1.829493918,4.987049032,3.034843754,-1.337722480,-1.512359708,5.026938063,3.014943304,0.396525266,0.317134210,0.039889032,-0.019900450
12.000000000,-1.588454665,-1.703462239,4.986818091,3.023472117,-1.305159473,-1.501227943,5.026585386,3.003781709,0.283295192,0.202234296,0.039767296,-0.019690407
12.030000000,-1.587118101,-1.705272900,4.983448771,3.015098014,-1.280341971,-1.492867648,5.026281010,2.995422632,0.306776130,0.212405252,0.042832239,-0.019675382
12.060000000,-1.585917777,-1.707159157,4.981465380,3.007005514,-1.255169053,-1.484496341,5.025948396,2.987014208,0.330748723,0.222662817,0.044483016,-0.019991306
12.100000000,-1.584544630,-1.709804600,4.978780193,2.995517268,-1.221125275,-1.473334778,5.025477674,2.975782410,0.363419355,0.236469821,0.046697481,-0.019734859
12.130000000,-1.583682863,-1.711873967,4.979083439,2.987349227,-1.195212520,-1.464982294,5.025113013,2.967395442,0.388470344,0.246891673,0.046029574,-0.019953786
12.160000000,-1.582945923,-1.714006260,4.977047192,2.979244227,-1.168936341,-1.456669537,5.024728190,2.959032123,0.414009583,0.257336724,0.047680998,-0.020212104
12.200000000,-1.582171962,-1.716983244,4.979117469,2.967809005,-1.133480824,-1.445658865,5.024212656,2.947848415,0.448691138,0.271324379,0.045095186,-0.019960590
12.230000000,-1.581774307,-1.719289897,4.986427980,2.958913114,-1.106589992,-1.437468271,5.023820735,2.939441949,0.475184315,0.281821626,0.037392754,-0.019471165
12.260000000,-1.581552743,-1.721657300,4.984681710,2.950843114,-1.079380405,-1.429361326,5.023436149,2.931043633,0.502172337,0.292295975,0.038754439,-0.019799481
12.300000000,-1.581497184,-1.724920324,4.992886541,2.938888001,-1.042679658,-1.418672391,5.022906894,2.919863238,0.538817525,0.306247932,0.030020353,-0.019024763
12.330000000,-1.581628797,-1.727465577,5.001890651,2.929721391,-1.014875378,-1.410741363,5.022502149,2.911475811,0.566753419,0.316724214,0.020611498,-0.018245580
12.360000000,-1.581922039,-1.730093645,5.000636193,2.921403891,-0.986826269,-1.402890947,5.022082700,2.903073440,0.595095771,0.327202699,0.021446507,-0.018330451
12.400000000,-1.582583144,-1.733698101,5.017074531,2.909006918,-0.949082676,-1.392538403,5.021513769,2.891871638,0.633500468,0.341159697,0.004439238,-0.017135280
12.430000000,-1.583274009,-1.736465552,5.011951608,2.900342983,-0.920504659,-1.384864696,5.021064615,2.883487740,0.662769350,0.351600857,0.009113006,-0.016855243
12.460000000,-1.584125734,-1.739310785,5.010979802,2.892147983,-0.891685966,-1.377276389,5.020586352,2.875112106,0.692439768,0.362034395,0.009606550,-0.017035877
12.500000000,-1.339261042,-1.642719158,5.014663271,2.880800589,-0.852996131,-1.367260325,5.019918383,2.863923826,0.486264910,0.275458832,0.005255111,-0.016876763
12.530000000,-1.337175841,-1.644403503,5.013565140,2.872269253,-0.823781399,-1.359825500,5.019400928,2.855523137,0.513394442,0.284578003,0.005835788,-0.016746116
12.560000000,-1.335251710,-1.646156924,5.012553235,2.864164253,-0.794348717,-1.352475312,5.018880536,2.847138875,0.540902993,0.293681612,0.006327301,-0.017025378
12.600000000,-1.332926760,-1.648630970,5.010859652,2.853036561,-0.754837322,-1.342784624,5.018172738,2.835978538,0.578089437,0.305846345,0.007313086,-0.017058022
12.630000000,-1.331357887,-1.650580644,5.013220400,2.844523769,-0.725042638,-1.335590131,5.017646774,2.827597900,0.606315249,0.314990512,0.004426374,-0.016925869
12.660000000,-1.329960371,-1.652605605,5.012163704,2.836466269,-0.695106620,-1.328468289,5.017124864,2.819200092,0.634853751,0.324137316,0.004961160,-0.017266177
12.700000000,-1.328367796,-1.655398519,5.020338161,2.826535293,-0.654978735,-1.319084446,5.016456920,2.808013329,0.673389061,0.336314073,-0.003881241,-0.018521965
12.730000000,-1.327369790,-1.657573562,5.010206703,2.817796004,-0.624723831,-1.312133466,5.015961385,2.799638490,0.702645958,0.345440096,0.005754682,-0.018157513
12.760000000,-1.326538099,-1.659816375,5.009057871,2.809678504,-0.594349735,-1.305257802,5.015476428,2.791261958,0.732188364,0.354558573,0.006418557,-0.018416546
12.800000000,-1.325711755,-1.662925258,5.006704772,2.799117987,-0.553731914,-1.296177508,5.014834774,2.780072403,0.771979841,0.366747750,0.008130002,-0.019045584
12.830000000,-1.325316522,-1.665342629,4.992137530,2.789985201,-0.523168470,-1.289436844,5.014374945,2.771679217,0.802148052,0.375905784,0.022237415,-0.018305984
12.860000000,-1.325102503,-1.667838595,4.990425862,2.781895201,-0.492491419,-1.282771172,5.013936231,2.763304938,0.832611084,0.385067422,0.023510369,-0.018590263
12.900000000,-1.325081027,-1.671290916,5.002110040,2.770240537,-0.451477064,-1.273968905,5.013387103,2.752147262,0.873603963,0.397322011,0.011277063,-0.018093275
12.930000000,-1.325261148,-1.673966766,4.998174180,2.762070370,-0.420667182,-1.267417776,5.013020679,2.743762681,0.904593967,0.406548989,0.014846499,-0.018307689
12.960000000,-1.325607738,-1.676686464,4.996738371,2.753970370,-0.389810171,-1.260917003,5.012692019,2.735367248,0.935797567,0.415769461,0.015953648,-0.018603122
13.000000000,-1.010324987,-1.430965296,4.993492659,2.743176344,-0.348578417,-1.252328341,5.012286012,2.724195827,0.661746570,0.178636955,0.018793353,-0.018980517
13.030000000,-1.006870452,-1.430503668,4.989617676,2.734141438,-0.317599508,-1.245941544,5.011993130,2.715831279,0.689270944,0.184562124,0.022375453,-0.018310159
13.060000000,-1.003583740,-1.430107031,4.988009805,2.726108938,-0.286607183,-1.239591891,5.011734852,2.707446992,0.716976557,0.190515140,0.023725046,-0.018661946
13.100000000,-0.999499563,-1.429671842,4.994306231,2.714972220,-0.245283944,-1.231178192,5.011441065,2.696251728,0.754215619,0.198493650,0.017134834,-0.018720493
13.130000000,-0.996658854,-1.429423565,4.978558533,2.706267960,-0.214273651,-1.224933606,5.011276778,2.687862209,0.782385203,0.204489959,0.032718245,-0.018405751
13.160000000,-0.993981463,-1.429238755,4.976769671,2.698307960,-0.183248244,-1.218783961,5.011147184,2.679472444,0.810733219,0.210454794,0.034377513,-0.018835516
13.200000000,-0.990681798,-1.429094798,4.978603667,2.686388385,-0.141927442,-1.210718899,5.011029973,2.668275239,0.848754356,0.218375899,0.032426306,-0.018113146
13.230000000,-0.988406774,-1.429053571,4.990053894,2.678218873,-0.111005553,-1.204771604,5.010993550,2.659894633,0.877401220,0.224281967,0.020939657,-0.018324240
13.260000000,-0.986308641,-1.429057435,4.988781648,2.669838873,-0.080141589,-1.198940684,5.011021368,2.651517388,0.906167053,0.230116751,0.022239720,-0.018321485
13.300000000,-0.983808549,-1.429134401,4.997113877,2.659261377,-0.039040985,-1.191334024,5.011122147,2.640313380,0.944767565,0.237800376,0.014008270,-0.018947998
13.330000000,-0.982140963,-1.429257243,4.996673213,2.650534627,-0.008273413,-1.185739548,5.011228802,2.631903236,0.973867551,0.243517695,0.014555589,-0.018631391
13.360000000,-0.980643848,-1.429445882,4.995720355,2.642304627,0.022399244,-1.180227627,5.011366170,2.623515362,1.003043092,0.249218255,0.015645815,-0.018789265
13.400000000,-0.978916928,-1.429766295,4.996632227,2.630278348,0.063177948,-1.172982562,5.011582923,2.612341779,1.042094875,0.256783733,0.014950696,-0.017936568
13.430000000,-0.977830475,-1.430054887,4.997948877,2.621460196,0.093700200,-1.167635993,5.011777986,2.603951479,1.071530675,0.262418894,0.013829109,-0.017508717
13.460000000,-0.976929336,-1.430397779,4.997102705,2.613252696,0.124158414,-1.162368673,5.011990644,2.595556957,1.101087750,0.268029106,0.014887939,-0.017695740
13.500000000,-0.547256724,-1.327493046,4.996893138,2.602120325,0.164634010,-1.155413226,5.012320285,2.584374405,0.711890734,0.172079819,0.015427147,-0.017745919
13.530000000,-0.541013226,-1.326572944,4.999064392,2.593228031,0.194879102,-1.150235586,5.012592000,2.575991726,0.735892327,0.176337359,0.013527607,-0.017236306
13.560000000,-0.534954710,-1.325683612,4.998284805,2.585153031,0.225039978,-1.145107489,5.012902690,2.567604686,0.759994688,0.180576123,0.014617885,-0.017548345
13.600000000,-0.527142243,-1.324575379,5.017096636,2.573598429,0.265157333,-1.138336368,5.013346126,2.556423716,0.792299576,0.186239011,-0.003750510,-0.017174714
13.630000000,-0.521486185,-1.323792761,5.012451307,2.564205361,0.295146271,-1.133283976,5.013706275,2.548040694,0.816632457,0.190508785,0.001254968,-0.016164667
13.660000000,-0.516005462,-1.323057536,5.012050686,2.555835361,0.325011244,-1.128232431,5.014074771,2.539650962,0.841016706,0.194825104,0.002024084,-0.016184399
13.700000000,-0.508982289,-1.322141634,5.012228052,2.544339537,0.364694497,-1.121506340,5.014566769,2.528460559,0.873676786,0.200635294,0.002338718,-0.015878979
13.730000000,-0.503941639,-1.321490657,5.005319958,2.535764505,0.394377520,-1.116478259,5.014933027,2.520079951,0.898319159,0.205012399,0.009613069,-0.015684555
13.760000000,-0.499076817,-1.320885366,5.004598823,2.527479505,0.423966354,-1.111449783,5.015299168,2.511708866,0.923043171,0.209435583,0.010700344,-0.015770640
13.800000000,-0.492862938,-1.320128299,5.000029055,2.515934593,0.463250320,-1.104706576,5.015808387,2.500526593,0.956113258,0.215421722,0.015779332,-0.015408000
13.830000000,-0.488405070,-1.319609591,5.006880030,2.506080352,0.492592467,-1.099619045,5.016209181,2.492125788,0.980997537,0.219990545,0.009329151,-0.013954564
13.860000000,-0.484122142,-1.319128335,5.006176525,2.497760352,0.521844180,-1.094518872,5.016643030,2.483739653,1.005966322,0.224609464,0.010466505,-0.014020699
13.900000000,-0.478693615,-1.318566803,5.007071222,2.486950607,0.560722954,-1.087693152,5.017242002,2.472582669,1.039416569,0.230873650,0.010170780,-0.014367938
13.930000000,-0.474814291,-1.318198093,4.984885259,2.477959030,0.589760518,-1.082528145,5.017712167,2.464203094,1.064574809,0.235669948,0.032826908,-0.013755936
13.960000000,-0.471112210,-1.317873727,4.983531355,2.469639030,0.618665877,-1.077304029,5.018187426,2.455796853,1.089778087,0.240569698,0.034656071,-0.013842177
14.000000000,-0.111510339,-1.289422570,4.983104142,2.458073103,0.657067913,-1.070283774,5.018854658,2.444601203,0.768578252,0.219138797,0.035750516,-0.013471901
14.030000000,-0.103495920,-1.288809729,4.982935988,2.450204034,0.685778502,-1.064984105,5.019385560,2.436235502,0.789274422,0.223825624,0.036449573,-0.013968532
14.060000000,-0.095641112,-1.288239856,4.981619735,2.442129034,0.714373416,-1.059624698,5.019958530,2.427872140,0.810014528,0.228615158,0.038338795,-0.014256895
14.100000000,-0.085415552,-1.287545783,4.971057606,2.431382059,0.752318827,-1.052366395,5.020759938,2.416676487,0.837734379,0.235179388,0.049702332,-0.014705572
14.130000000,-0.077964238,-1.287082255,4.989375615,2.423305947,0.780659748,-1.046843014,5.021391257,2.408269454,0.858623987,0.240239241,0.032015641,-0.015036493
14.160000000,-0.070702037,-1.286657249,4.988396728,2.415028447,0.808912133,-1.041250456,5.022053524,2.399901812,0.879614170,0.245406793,0.033656796,-0.015126635
14.200000000,-0.061265923,-1.286162047,4.988966260,2.402876577,0.846453470,-1.033674527,5.022971417,2.388767018,0.907719393,0.252487520,0.034005157,-0.014109558
14.230000000,-0.054384135,-1.285853737,4.989259618,2.393756053,0.874492155,-1.027879086,5.023672757,2.380378345,0.928876290,0.257974650,0.034413139,-0.013377708
14.260000000,-0.047679507,-1.285579063,4.988293166,2.385626053,0.902416135,-1.021974320,5.024373300,2.371959258,0.950095643,0.263604743,0.036080134,-0.013666796
14.300000000,-0.039004333,-1.285265265,4.986759294,2.374337372,0.939524822,-1.013992403,5.025321501,2.360775471,0.978529156,0.271272862,0.038562207,-0.013561901
14.330000000,-0.032686765,-1.285070775,4.987195551,2.367148507,0.967261276,-1.007928151,5.026030773,2.352418419,0.999948041,0.277142624,0.038835222,-0.014730088
14.360000000,-0.026540989,-1.284936718,4.986158434,2.359093507,0.994874007,-1.001763522,5.026752879,2.344038923,1.021414996,0.283173195,0.040594445,-0.015054584
14.400000000,-0.018607545,-1.284796104,4.995850868,2.347748680,1.031515809,-0.993404029,5.027721183,2.332823707,1.050123353,0.291392075,0.031870315,-0.014924972
14.430000000,-0.012856345,-1.284732638,4.991254884,2.339005687,1.058886067,-0.987050795,5.028463922,2.324421539,1.071742412,0.297681843,0.037209039,-0.014584148
14.460000000,-0.007273781,-1.284710355,4.990325246,2.330925687,1.086159502,-0.980628157,5.029203456,2.316054841,1.093433283,0.304082198,0.038878210,-0.014870845
14.500000000,0.380758969,-1.118250924,4.995755176,2.319391197,1.122369119,-0.971941916,5.030185640,2.304893375,0.741610150,0.146309008,0.034430464,-0.014497822
14.530000000,0.391030006,-1.116127727,4.996162210,2.311166652,1.149396134,-0.965317470,5.030916243,2.296486944,0.758366128,0.150810257,0.034754033,-0.014679708
14.560000000,0.401128079,-1.114040014,4.995325151,2.302961652,1.176309216,-0.958597954,5.031646758,2.288074210,0.775181137,0.155442060,0.036321607,-0.014887442
14.600000000,0.414329797,-1.111322153,4.998139071,2.292148310,1.212071192,-0.949544050,5.032617243,2.276903109,0.797741395,0.161778103,0.034478172,-0.015245201
14.630000000,0.424030709,-1.109335164,4.998078278,2.283426759,1.238793718,-0.942676911,5.033337205,2.268542078,0.814763009,0.166658253,0.035258927,-0.014884681
14.660000000,0.433556901,-1.107392777,4.997267848,2.275344259,1.265394027,-0.935711826,5.034055110,2.260154159,0.831837126,0.171680952,0.036787262,-0.015190100
14.700000000,0.445967820,-1.104859960,5.003984227,2.264238541,1.300702354,-0.926307259,5.034999610,2.248945729,0.854734533,0.178552701,0.031015384,-0.015292812
14.730000000,0.455060243,-1.102994811,5.009429404,2.256189730,1.327084197,-0.919191584,5.035708759,2.240556728,0.872023953,0.183803227,0.026279355,-0.015633002
14.760000000,0.463979439,-1.101163709,5.008912580,2.247919730,1.353371804,-0.912018957,5.036402346,2.232190109,0.889392365,0.189144752,0.027489766,-0.015729622
14.800000000,0.475629750,-1.098780063,5.006134514,2.235865953,1.388273262,-0.902343999,5.037315441,2.221013723,0.912643512,0.196436064,0.031180927,-0.014852230
14.830000000,0.484166430,-1.097020435,4.998937750,2.227674380,1.414335877,-0.894995676,5.037975638,2.212602184,0.930169446,0.202024758,0.039037888,-0.015072196
14.860000000,0.492543272,-1.095282612,4.997971546,2.219116880,1.440308689,-0.887578463,5.038626138,2.204197189,0.947765417,0.207704148,0.040654593,-0.014919692
14.900000000,0.503462805,-1.093029618,4.999243276,2.207793084,1.474840849,-0.877615275,5.039476678,2.193034241,0.971378044,0.215414343,0.040233401,-0.014758843
14.930000000,0.511455874,-1.091385996,5.013452284,2.199020290,1.500657174,-0.870068393,5.040116078,2.184664452,0.989201300,0.221317602,0.026663794,-0.014355838
14.960000000,0.519297130,-1.089765781,5.012897673,2.190925290,1.526380899,-0.862425462,5.040752670,2.176256760,1.007083768,0.227340320,0.027854998,-0.014668530
15.000000000,0.953811883,-0.997182945,5.021700949,2.180350576,1.560579741,-0.852130611,5.041592726,2.165036052,0.606767858,0.145052334,0.019891776,-0.015314524
15.030000000,0.966918220,-0.994415579,5.020365835,2.171991692,1.586174312,-0.844353817,5.042202242,2.156656052,0.619256091,0.150061762,0.021836407,-0.015335640
15.060000000,0.979868251,-0.991678692,5.019860459,2.163876692,1.611713639,-0.836512992,5.042774250,2.148297501,0.631845388,0.155165700,0.022913791,-0.015579191
15.100000000,0.996891661,-0.988088835,5.012411152,2.152000844,1.645675318,-0.825936819,5.043488123,2.137104833,0.648783657,0.162152015,0.031076971,-0.014896011
15.130000000,1.009465176,-0.985425163,5.009918965,2.143483767,1.671085097,-0.817916241,5.043980701,2.128677778,0.661619921,0.167508923,0.034061736,-0.014805989
15.160000000,1.021850977,-0.982801306,5.008912932,2.135338767,1.696457383,-0.809836131,5.044450655,2.120280686,0.674606406,0.172965175,0.035537723,-0.015058081
15.200000000,1.038108429,-0.979387980,5.000004010,2.124136889,1.730246311,-0.798988988,5.045044768,2.109134307,0.692137882,0.180398992,0.045040758,-0.015002582
15.230000000,1.050124335,-0.976902097,5.018444882,2.114855892,1.755546271,-0.790776268,5.045481607,2.100756204,0.705421936,0.186125829,0.027036725,-0.014099688
15.260000000,1.061987449,-0.974460694,5.017625697,2.106823392,1.780800997,-0.782478328,5.045905595,2.092331584,0.718813548,0.191982366,0.028279898,-0.014491808
15.300000000,1.077552900,-0.971237801,5.017511556,2.095757743,1.814437700,-0.771340516,5.046472548,2.081116696,0.736884800,0.199897285,0.028960993,-0.014641046
15.330000000,1.089031068,-0.968842119,5.018881551,2.086495598,1.839648660,-0.762949852,5.046874415,2.072751750,0.750617592,0.205892267,0.027992864,-0.013743848
15.360000000,1.100328577,-0.966489895,5.018014265,2.078145598,1.864834759,-0.754505375,5.047251667,2.064388137,0.764506182,0.211984520,0.029237401,-0.013757461
15.400000000,1.115116494,-0.963418611,5.020541838,2.068050237,1.898372545,-0.743151025,5.047717963,2.053173864,0.783256050,0.220267586,0.027176125,-0.014876372
15.430000000,1.126003735,-0.961141655,5.007924129,2.060006510,1.923504164,-0.734580869,5.048042100,2.044747929,0.797500429,0.226560787,0.040117972,-0.015258582
15.460000000,1.136719903,-0.958896250,5.006594408,2.051919010,1.948632043,-0.725985904,5.048340776,2.036367659,0.811912140,0.232910346,0.041746369,-0.015551352
15.500000000,1.465850671,-0.800355954,5.007793762,2.041488883,1.982128934,-0.714482472,5.048701885,2.025223697,0.516278262,0.085873482,0.040908123,-0.016265186
15.530000000,1.480427785,-0.796130936,5.015006424,2.032660422,2.007237432,-0.705799418,5.048964579,2.016829867,0.526809647,0.090331519,0.033958155,-0.015830555
15.560000000,1.494854647,-0.791936784,5.013851433,2.024557922,2.032336388,-0.697065772,5.049215260,2.008411348,0.537481741,0.094871012,0.035363827,-0.016146573
15.600000000,1.513831850,-0.786390197,5.002751288,2.012959565,2.065803643,-0.685406138,5.049542830,1.997231301,0.551971793,0.100984059,0.046791543,-0.015728265
15.630000000,1.527899175,-0.782261030,5.015926974,2.004443622,2.090893329,-0.676672092,5.049766862,1.988884706,0.562994154,0.105588938,0.033839888,-0.015558916
15.660000000,1.541845342,-0.778156463,5.014749932,1.996361122,2.115930041,-0.667945853,5.049988879,1.980526753,0.574084698,0.110210610,0.035238947,-0.015834369
15.700000000,1.560203355,-0.772713737,5.021951406,1.983761024,2.149183941,-0.656339305,5.050287564,1.969382210,0.588980586,0.116374433,0.028336158,-0.014378814
15.730000000,1.573794655,-0.768643891,5.018193915,1.975598006,2.174003758,-0.647698621,5.050517358,1.961033520,0.600209103,0.120945270,0.032323443,-0.014564486
15.760000000,1.587245348,-0.764593940,5.017082054,1.967370506,2.198675903,-0.639165570,5.050741273,1.952654204,0.611430555,0.125428370,0.033659218,-0.014716301
15.800000000,1.604939594,-0.759235067,5.013705437,1.955801493,2.231323299,-0.627930932,5.051038248,1.941465711,0.626383705,0.131304135,0.037332811,-0.014335782
15.830000000,1.618028273,-0.755228496,5.007544619,1.948433216,2.255591230,-0.619604972,5.051264900,1.933126730,0.637562957,0.135623524,0.043720281,-0.015306485
15.860000000,1.630954354,-0.751235820,5.006103362,1.940235716,2.279624496,-0.611406347,5.051503562,1.924820468,0.648670142,0.139829472,0.045400200,-0.015415248
15.900000000,1.647959063,-0.745925367,5.013122706,1.929012813,2.311345307,-0.600698501,5.051852769,1.913653225,0.663386244,0.145226866,0.038730063,-0.015359588
15.930000000,1.660555510,-0.741974116,5.007651736,1.919809106,2.334877166,-0.592838915,5.052139553,1.905221711,0.674321657,0.149135201,0.044487817,-0.014587395
15.960000000,1.673013330,-0.738041891,5.006310622,1.911416606,2.358125602,-0.585130877,5.052459968,1.896856216,0.685112272,0.152911014,0.046149346,-0.014560390
16.000000000,1.929038183,-0.684372510,5.019626105,1.900979410,2.388731137,-0.575068977,5.052914523,1.885794719,0.459692954,0.109303534,0.033288418,-0.015184690
16.030000000,1.944359126,-0.679806942,5.017136020,1.891980007,2.411390683,-0.567717906,5.053289136,1.877444428,0.467031557,0.112089036,0.036153116,-0.014535579
16.060000000,1.959537750,-0.675254900,5.016130977,1.883845007,2.433748952,-0.560578461,5.053690864,1.868986884,0.474211202,0.114676439,0.037559887,-0.014858123
16.100000000,1.979554330,-0.669229915,5.014698152,1.872633588,2.463116117,-0.551321091,5.054254744,1.857785173,0.483561787,0.117908824,0.039556591,-0.014848415
16.130000000,1.994407340,-0.664717785,5.020117851,1.864525237,2.484764133,-0.544581703,5.054686424,1.849516993,0.490356793,0.120136083,0.034568573,-0.015008243
16.160000000,2.009118581,-0.660213759,5.019277904,1.856137737,2.505974666,-0.538097002,5.055141377,1.841209490,0.496856085,0.122116757,0.035863473,-0.014928247
16.200000000,2.028542776,-0.654205704,5.017512301,1.845072631,2.533601745,-0.529839707,5.055770591,1.829873590,0.505058969,0.124365997,0.038258290,-0.015199041
16.230000000,2.042956164,-0.649733403,5.013481475,1.835980205,2.553805009,-0.523925987,5.056260982,1.821345041,0.510848845,0.125807417,0.042779507,-0.014635164
16.260000000,2.057230242,-0.645273773,5.012498722,1.827967705,2.573493492,-0.518265694,5.056766335,1.813031365,0.516263250,0.127008079,0.044267613,-0.014936341
16.300000000,2.076049734,-0.639322466,5.015800688,1.817279411,2.599107215,-0.511072778,5.057461875,1.802004473,0.523057480,0.128249688,0.041661187,-0.015274938
16.330000000,2.090000606,-0.634843882,5.029939187,1.808511684,2.617878849,-0.505962990,5.058000614,1.793571793,0.527878243,0.128880893,0.028061427,-0.014939891
16.360000000,2.103814878,-0.630367700,5.029500007,1.800324184,2.636247061,-0.501122884,5.058548596,1.785062284,0.532432182,0.129244816,0.029048589,-0.015261900
16.400000000,2.122013680,-0.624408883,5.023770781,1.789045377,2.660229932,-0.494981594,5.059290215,1.773890144,0.538216252,0.129427288,0.035519434,-0.015155233
16.430000000,2.135495008,-0.619932013,5.018408135,1.779595766,2.677855439,-0.490609085,5.059830689,1.765610999,0.542360431,0.129322928,0.041422554,-0.013984768
16.460000000,2.148854279,-0.615449770,5.017563381,1.771715766,2.695140470,-0.486501437,5.060360290,1.757240015,0.546286192,0.128948334,0.042796909,-0.014475751
16.500000000,2.397302317,-0.555147859,5.015180243,1.759962501,2.717747206,-0.481383589,5.061041807,1.745937746,0.320444889,0.073764270,0.045861564,-0.014024755
16.530000000,2.413439833,-0.549942733,5.014948250,1.751749196,2.734371787,-0.477788063,5.061551376,1.737512855,0.320931953,0.072154671,0.046603126,-0.014236341
16.560000000,2.429448457,-0.544727833,5.013945460,1.743351696,2.750666605,-0.474421938,5.062065846,1.729237167,0.321218148,0.070305895,0.048120386,-0.014114529
16.600000000,2.450634184,-0.537729126,5.023224817,1.730840867,2.771942539,-0.470287377,5.062766719,1.718189311,0.321308355,0.067441749,0.039541902,-0.012651557
16.630000000,2.466407584,-0.532456631,5.025890897,1.722995249,2.787529990,-0.467483019,5.063293270,1.709756139,0.321122406,0.064973612,0.037402373,-0.013239110
16.660000000,2.482091694,-0.527179238,5.025180647,1.714915249,2.802679631,-0.464969170,5.063821116,1.701157030,0.320587937,0.062210068,0.038640469,-0.013758219
16.700000000,2.502878468,-0.520103679,5.021938560,1.703801336,2.822157694,-0.461953025,5.064521909,1.689677623,0.319279225,0.058150655,0.042583349,-0.014123713
16.730000000,2.518383687,-0.514786890,5.039265908,1.695260464,2.836110250,-0.459917222,5.065034490,1.681195679,0.317726563,0.054869667,0.025768582,-0.014064786
16.760000000,2.533818366,-0.509472187,5.038963269,1.686980464,2.849259932,-0.458106999,5.065534880,1.672685533,0.315441567,0.051365188,0.026571611,-0.014294932
16.800000000,2.554273294,-0.502379598,5.040741070,1.676130761,2.865539897,-0.455988716,5.066167573,1.660948139,0.311266603,0.046390883,0.025426503,-0.015182622
16.830000000,2.569535248,-0.497057008,5.037629809,1.667736661,2.876713469,-0.454589057,5.066591053,1.652019995,0.307178221,0.042467950,0.028961245,-0.015716667
16.860000000,2.584715161,-0.491727665,5.037213150,1.659621661,2.886768416,-0.453328814,5.066947971,1.643395190,0.302053255,0.038398851,0.029734822,-0.016226472
16.900000000,2.604840204,-0.484585673,5.027668454,1.648539074,2.898621625,-0.451802281,5.067327018,1.632131946,0.293781421,0.032783391,0.039658563,-0.016407129
16.930000000,2.619840370,-0.479208301,5.026196643,1.640023713,2.906327524,-0.450763239,5.067539384,1.623455735,0.286487154,0.028445062,0.041342741,-0.016567978
16.960000000,2.634768446,-0.473829045,5.025366734,1.631866213,2.912842728,-0.449795108,5.067674651,1.614552020,0.278074282,0.024033938,0.042307917,-0.017314193
17.000000000,2.669984130,-0.402229376,5.038284931,1.620628633,2.919948219,-0.448522302,5.067766637,1.603002825,0.249964088,-0.046292926,0.029481705,-0.017625808
17.030000000,2.684941327,-0.395982819,5.048399125,1.611463633,2.924108093,-0.447546723,5.067763239,1.594660877,0.239166766,-0.051563905,0.019364115,-0.016802756
17.060000000,2.699839320,-0.389720770,5.048178782,1.603828633,2.927128987,-0.446535378,5.067680907,1.586223170,0.227289667,-0.056814608,0.019502124,-0.017605463
17.100000000,2.719600358,-0.381341447,5.043229042,1.592682308,2.929689968,-0.445106914,5.067430444,1.574614676,0.210089611,-0.063765468,0.024201403,-0.018067633
17.130000000,2.734359585,-0.375037449,5.052659293,1.584476806,2.930542756,-0.443932688,5.067133345,1.565954335,0.196183170,-0.068895239,0.014474052,-0.018522471
17.160000000,2.749062792,-0.368716539,5.052345546,1.576209306,2.930362824,-0.442609727,5.066737087,1.557604408,0.181300032,-0.073893188,0.014391541,-0.018604899
17.200000000,2.768593667,-0.360257686,5.041881912,1.564877465,2.928794162,-0.440625794,5.066108319,1.546491465,0.160200494,-0.080368108,0.024226406,-0.018386000
17.230000000,2.783179338,-0.353886073,5.050491830,1.555556214,2.926659862,-0.438962054,5.065558588,1.537919988,0.143480523,-0.085075981,0.015066757,-0.017636226
17.260000000,2.797711132,-0.347507200,5.049970190,1.547713714,2.923618156,-0.437084582,5.064942639,1.529299827,0.125907024,-0.089577381,0.014972449,-0.018413887
17.300000000,2.817017045,-0.338967197,5.052963927,1.535994978,2.918425075,-0.434236394,5.064056289,1.518129089,0.101408031,-0.095269197,0.011092361,-0.017865889
17.330000000,2.831445409,-0.332538666,5.052560793,1.527797788,2.913725453,-0.431825743,5.063340024,1.509886612,0.082280044,-0.099287078,0.010779231,-0.017911176
17.360000000,2.845825712,-0.326104153,5.051998643,1.519920288,2.908274443,-0.429137351,5.062577632,1.501477120,0.062448731,-0.103033198,0.010578989,-0.018443168
17.400000000,2.864947727,-0.317512400,5.062928729,1.507705588,2.900074502,-0.425150677,5.061494708,1.490103920,0.035126775,-0.107638277,-0.001434021,-0.017601667
17.430000000,2.879265801,-0.311062037,5.069884881,1.499504983,2.893268244,-0.421822863,5.060643170,1.481696731,0.014002443,-0.110760826,-0.009241711,-0.017808252
17.460000000,2.893578480,-0.304610525,5.069715699,1.491552483,2.885852820,-0.418133412,5.059743346,1.473454056,-0.007725660,-0.113522888,-0.009972353,-0.018098427
17.500000000,2.946545809,-0.336919752,5.059447727,1.480437610,2.875207845,-0.412734383,5.058485718,1.462354938,-0.071337964,-0.075814631,-0.000962009,-0.018082672
17.530000000,2.961258772,-0.330962105,5.062565599,1.471038129,2.866690093,-0.408319152,5.057489272,1.453873369,-0.094568679,-0.077357047,-0.005076328,-0.017164760
17.560000000,2.975955455,-0.324999109,5.062015439,1.463130629,2.857676482,-0.403504663,5.056462960,1.445429806,-0.118278973,-0.078505554,-0.005552478,-0.017700823
17.600000000,2.995533222,-0.317029292,5.068515019,1.452160216,2.845043862,-0.396517749,5.055077056,1.434371559,-0.150489361,-0.079488457,-0.013437962,-0.017788657
17.630000000,3.010197658,-0.311022629,5.063762913,1.443533258,2.835133689,-0.390853694,5.054031252,1.426085574,-0.175063969,-0.079831065,-0.009731661,-0.017447684
17.660000000,3.024848944,-0.305004257,5.063186874,1.435628258,2.824814817,-0.384770786,5.052970938,1.417652190,-0.200034127,-0.079766529,-0.010215936,-0.017976068
17.700000000,3.044389085,-0.296976633,5.042367927,1.424511429,2.810550450,-0.376071187,5.051527391,1.406367051,-0.233838635,-0.079094554,0.009159464,-0.018144378
17.730000000,3.059036014,-0.290961855,5.042771734,1.415879977,2.799498397,-0.369078519,5.050425645,1.398021212,-0.259537617,-0.078116664,0.007653912,-0.017858765
17.760000000,3.073695776,-0.284939489,5.041480499,1.407792477,2.788117822,-0.361613079,5.049319239,1.389738074,-0.285577954,-0.076673590,0.007838740,-0.018054404
17.800000000,3.093256160,-0.276880032,5.033195485,1.397152689,2.772534204,-0.351043051,5.047872762,1.378553900,-0.320721956,-0.074163020,0.014677276,-0.018598790
17.830000000,3.107938124,-0.270827730,5.036033151,1.387716205,2.760561064,-0.342645794,5.046807855,1.370083122,-0.347377061,-0.071818064,0.010774704,-0.017633083
17.860000000,3.122615742,-0.264787785,5.034669774,1.379568705,2.748330088,-0.333752079,5.045762531,1.361686709,-0.374285654,-0.068964294,0.011092757,-0.017881996
17.900000000,3.142185813,-0.256717544,5.046181447,1.367451536,2.731709145,-0.321223019,5.044371128,1.350604831,-0.410476669,-0.064505475,-0.001810320,-0.016846706
17.930000000,3.156882310,-0.250668294,5.047072620,1.358303307,2.719022829,-0.311336745,5.043332500,1.342252065,-0.437859481,-0.060668451,-0.003740119,-0.016051242
17.960000000,3.171589799,-0.244613220,5.046089849,1.350355807,2.706133711,-0.300967696,5.042281386,1.333798595,-0.465456088,-0.056354476,-0.003808463,-0.016557212
18.000000000,3.045374561,-0.199314731,5.057633083,1.339453549,2.688707740,-0.286471689,5.040851432,1.322556980,-0.356666820,-0.087156958,-0.016781650,-0.016896569
18.030000000,3.058176714,-0.192759201,5.043916564,1.331343048,2.675475613,-0.275084101,5.039747993,1.314219360,-0.382701102,-0.082324900,-0.004168571,-0.017123688
18.060000000,3.071000321,-0.186207598,5.042739341,1.323198048,2.662093804,-0.263193072,5.038617058,1.305875240,-0.408906517,-0.076985474,-0.004122283,-0.017322807
18.100000000,3.088123467,-0.177482769,5.048227817,1.311442174,2.644074648,-0.246685844,5.037076295,1.294617881,-0.444048819,-0.069203075,-0.011151522,-0.016824293
18.130000000,3.100980223,-0.170950533,5.049930680,1.302770930,2.630456422,-0.233804510,5.035911469,1.286152783,-0.470523801,-0.062853978,-0.014019210,-0.016618147
18.160000000,3.113844905,-0.164429046,5.048922498,1.294705930,2.616776022,-0.220405394,5.034743674,1.277776545,-0.497068884,-0.055976348,-0.014178824,-0.016929385
18.200000000,3.131037718,-0.155756605,5.051033486,1.283604417,2.598492524,-0.201871647,5.033176146,1.266656656,-0.532545194,-0.046115042,-0.017857340,-0.016947762
18.230000000,3.143954578,-0.149269858,5.044761377,1.276015592,2.584760191,-0.187496599,5.031998240,1.258253852,-0.559194386,-0.038226741,-0.012763137,-0.017761740
18.260000000,3.156894148,-0.142797824,5.043601379,1.267960592,2.571019735,-0.172650438,5.030815289,1.249798949,-0.585874413,-0.029852614,-0.012786090,-0.018161643
18.300000000,3.174161758,-0.134203747,5.043075084,1.255961701,2.552703487,-0.152196859,5.029245547,1.238593768,-0.621458271,-0.017993112,-0.013829537,-0.017367934
18.330000000,3.187127696,-0.127792334,5.040963509,1.246515774,2.538971516,-0.136360322,5.028068854,1.230258426,-0.648156180,-0.008567988,-0.012894655,-0.016257348
18.360000000,3.200118046,-0.121385154,5.039716077,1.238268274,2.525237211,-0.120052019,5.026903050,1.221891681,-0.674880835,0.001333135,-0.012813027,-0.016376593
18.400000000,3.217489484,-0.112879413,5.020991662,1.227457270,2.506919294,-0.097695936,5.025352126,1.210636203,-0.710570190,0.015183477,0.004360464,-0.016821066
18.430000000,3.230564041,-0.106521589,5.028823437,1.219398472,2.493185434,-0.080455532,5.024199952,1.202205393,-0.737378607,0.026066057,-0.004623485,-0.017193079
18.460000000,3.243665797,-0.100194158,5.027312339,1.211165972,2.479464117,-0.062731880,5.023060009,1.193858258,-0.764201680,0.037462278,-0.004252331,-0.017307714
18.500000000,2.967801326,-0.112667484,5.032094236,1.199943743,2.461179475,-0.038486989,5.021577666,1.182727381,-0.506621851,0.074180495,-0.010516570,-0.017216362
18.530000000,2.977045892,-0.106681850,5.041256634,1.190924164,2.447470408,-0.019865615,5.020486700,1.174305642,-0.529575484,0.086816236,-0.020769934,-0.016618523
18.560000000,2.986303622,-0.100727282,5.040192062,1.182959164,2.433775947,-0.000803190,5.019403153,1.165866515,-0.552527675,0.099924092,-0.020788909,-0.017092649
18.600000000,2.998682608,-0.092841186,5.031758602,1.171916115,2.415574569,0.025218831,5.017945689,1.154691125,-0.583108039,0.118060018,-0.013812914,-0.017224990
18.630000000,3.007986045,-0.086957409,5.033987534,1.163271903,2.402001639,0.045176247,5.016825616,1.146356719,-0.605984406,0.132133656,-0.017161918,-0.016915184
18.660000000,3.017305716,-0.081100459,5.032678372,1.155201903,2.388552732,0.065535461,5.015703898,1.138000915,-0.628752984,0.146635920,-0.016974475,-0.017200988
18.700000000,3.029765563,-0.073332533,5.028419150,1.143604499,2.370845701,0.093177451,5.014226376,1.126825559,-0.658919862,0.166509984,-0.014192775,-0.016778939
18.730000000,3.039153003,-0.067551787,5.022474818,1.135778401,2.357760115,0.114274761,5.013133501,1.118445023,-0.681392888,0.181826548,-0.009341317,-0.017333378
18.760000000,3.048580834,-0.061812878,5.020891925,1.127560901,2.344875336,0.135732782,5.012051774,1.110066842,-0.703705498,0.197545660,-0.008840151,-0.017494059
18.800000000,3.061208980,-0.054222468,5.013754980,1.115662064,2.327940206,0.164804866,5.010630432,1.098886829,-0.733268774,0.219027335,-0.003124548,-0.016775235
18.830000000,3.070722960,-0.048572668,5.006840879,1.106724743,2.315403619,0.186946772,5.009581650,1.090488109,-0.755319341,0.235519440,0.002740771,-0.016236633
18.860000000,3.080256889,-0.042982579,5.004892178,1.098652243,2.303018564,0.209433132,5.008552980,1.082089194,-0.777238325,0.252415711,0.003660802,-0.016563049
18.900000000,3.093007394,-0.035615928,4.991661676,1.087912215,2.286695329,0.239882091,5.007203270,1.070924927,-0.806312066,0.275498019,0.015541593,-0.016987288
18.930000000,3.102602488,-0.030147394,4.980041573,1.078838432,2.274583932,0.263059098,5.006210869,1.062565488,-0.828018555,0.293206492,0.026169296,-0.016272944
18.960000000,3.112232382,-0.024719256,4.977428516,1.070785932,2.262589900,0.286557674,5.005244985,1.054184650,-0.849642482,0.311276930,0.027816468,-0.016601282
19.000000000,2.807793935,0.165428383,4.980169021,1.059344271,2.246749916,0.318311020,5.003996958,1.042992073,-0.561044019,0.152882637,0.023827937,-0.016352198
19.030000000,2.813242130,0.173175988,4.968055767,1.050693155,2.234986301,0.342445004,5.003103477,1.034616085,-0.578255829,0.169269016,0.035047710,-0.016077070
19.060000000,2.818717745,0.180870202,4.965316049,1.042630655,2.223335540,0.366887142,5.002243385,1.026246739,-0.595382205,0.186016941,0.036927336,-0.016383916
19.100000000,2.826042622,0.191071307,4.963880101,1.032159261,2.207949523,0.399857621,5.001127271,1.015052638,-0.618093099,0.208786313,0.037247169,-0.017106623
19.130000000,2.831557925,0.198669934,4.962788240,1.022826446,2.196537015,0.424859973,5.000319093,1.006635750,-0.635020909,0.226190039,0.037530853,-0.016190696
19.160000000,2.837084069,0.206217125,4.960136587,1.014568946,2.185283782,0.450130129,4.999549487,0.998230981,-0.651800287,0.243913004,0.039412900,-0.016337965
19.200000000,2.844483037,0.216220816,4.954224421,1.002733288,2.170516755,0.484149569,4.998566344,0.987043982,-0.673966282,0.267928753,0.044341923,-0.015689306
19.230000000,2.850065514,0.223681773,4.947174502,0.994610431,2.159616435,0.509878135,4.997870466,0.978643348,-0.690449080,0.286196362,0.050695964,-0.015967084
19.260000000,2.855690102,0.231092794,4.944322804,0.986422931,2.148883408,0.535801805,4.997215518,0.970231890,-0.706806694,0.304709011,0.052892714,-0.016191041
19.300000000,2.863241426,0.240892067,4.943837010,0.975097082,2.134795561,0.570638086,4.996411959,0.959032176,-0.728445865,0.329746019,0.052574950,-0.016064906
19.330000000,2.868922017,0.248180477,4.951964037,0.966358969,2.124391352,0.596972577,4.995859855,0.950658741,-0.744530666,0.348792100,0.043895818,-0.015700228
19.360000000,2.874599648,0.255428473,4.949573466,0.958371469,2.114127470,0.623496666,4.995357224,0.942291890,-0.760472178,0.368068193,0.045783758,-0.016079579
19.400000000,2.882208968,0.265034146,4.942983216,0.947487360,2.100602595,0.659089232,4.994736145,0.931105010,-0.781606372,0.394055086,0.051752929,-0.016382350
19.430000000,2.887963371,0.272159348,4.952822423,0.939380400,2.090576825,0.685954987,4.994298287,0.922706571,-0.797386547,0.413795640,0.041475864,-0.016673829
19.460000000,2.893749161,0.279206600,4.950681388,0.931197900,2.080672254,0.712998333,4.993890888,0.914337152,-0.813076906,0.433791733,0.043209500,-0.016860748
19.500000000,2.592057482,0.438730172,4.947966899,0.919425068,2.067612324,0.749271665,4.993392154,0.903199198,-0.524445158,0.310541494,0.045425255,-0.016225870
19.530000000,2.593776138,0.447663347,4.948491949,0.910439397,2.057910272,0.776615061,4.993048881,0.894824990,-0.535865866,0.328951714,0.044556932,-0.015614407
19.560000000,2.595517309,0.456534210,4.946386590,0.902106897,2.048295530,0.804086545,4.992731364,0.886429418,-0.547221779,0.347552335,0.046344774,-0.015677479
19.600000000,2.597849915,0.468262590,4.933471349,0.890794668,2.035613564,0.840894486,4.992359453,0.875250731,-0.562236351,0.372631896,0.058888105,-0.015543937
19.630000000,2.599617657,0.476999387,4.938213642,0.882426296,2.026221092,0.868627819,4.992111866,0.866891525,-0.573396565,0.391628432,0.053898224,-0.015534771
19.660000000,2.601400992,0.485679085,4.935982347,0.874226296,2.016955307,0.896455540,4.991905523,0.858534950,-0.584445684,0.410776455,0.055923176,-0.015691345
19.700000000,2.603808092,0.497153098,4.931513583,0.863877127,2.004775945,0.933641231,4.991694147,0.847372979,-0.599032146,0.436488134,0.060180565,-0.016504148
19.730000000,2.605645512,0.505692015,4.941882153,0.855421773,1.995780718,0.961582930,4.991583553,0.838997539,-0.609864794,0.455890915,0.049701400,-0.016424234
19.760000000,2.607509625,0.514177383,4.940006104,0.847056773,1.986928935,0.989577561,4.991518607,0.830626252,-0.620580690,0.475400178,0.051512503,-0.016430521
19.800000000,2.610049062,0.525381992,4.936501814,0.836380428,1.975296819,1.026962205,4.991483001,0.819466046,-0.634752243,0.501580214,0.054981187,-0.016914382
19.830000000,2.611986978,0.533705917,4.933049445,0.827868271,1.966679137,1.055032436,4.991486252,0.811089263,-0.645307840,0.521326518,0.058436807,-0.016779008
19.860000000,2.613960985,0.541970030,4.931094232,0.819648271,1.958154307,1.083132637,4.991514266,0.802704771,-0.655806678,0.541162607,0.060420034,-0.016943500
19.900000000,2.616634658,0.552908569,4.939978876,0.808522287,1.946909567,1.120650555,4.991597503,0.791536982,-0.669725091,0.567741987,0.051618627,-0.016985305
19.930000000,2.618686899,0.561038379,4.954726976,0.800441344,1.938559574,1.148825148,4.991691117,0.783174815,-0.680127324,0.587786769,0.036964141,-0.017266529
19.960000000,2.620783803,0.569117337,4.953574350,0.792018844,1.930273295,1.177020196,4.991812631,0.774807916,-0.690510508,0.607902858,0.038238282,-0.017210928
20.000000000,2.439195266,0.857615528,4.961186881,0.780554877,1.919292788,1.214627343,4.991984317,0.763632000,-0.519902478,0.357011816,0.030797436,-0.016922876
20.030000000,2.438896948,0.869270016,4.965595869,0.773231069,1.911109565,1.242845773,4.992108809,0.755250352,-0.527787383,0.373575757,0.026512940,-0.017980717
20.060000000,2.438618000,0.880851792,4.964746230,0.765236069,1.902978543,1.271078510,4.992225262,0.746883594,-0.535639457,0.390226718,0.027479032,-0.018352475
20.100000000,2.438292831,0.896210334,4.966556553,0.753275181,1.892188406,1.308723579,4.992385664,0.735727078,-0.546104426,0.412513245,0.025829111,-0.017548103
20.130000000,2.438078541,0.907662522,4.974705125,0.744639186,1.884122906,1.336945809,4.992507120,0.727343698,-0.553955635,0.429283287,0.017801995,-0.017295488
20.160000000,2.437892420,0.919056976,4.974070382,0.736746686,1.876086199,1.365153846,4.992633299,0.718954475,-0.561806221,0.446096870,0.018562917,-0.017792211
20.200000000,2.437687913,0.934152595,4.983143642,0.726181208,1.865415988,1.402746469,4.992810541,0.707786792,-0.572271925,0.468593874,0.009666899,-0.018394416
20.230000000,2.437573096,0.945401992,4.984638536,0.718033653,1.857438932,1.430917934,4.992942308,0.699417983,-0.580134164,0.485515942,0.008303772,-0.018615670
20.260000000,2.437492589,0.956589059,4.984266162,0.709736153,1.849469657,1.459050633,4.993071801,0.691036652,-0.588022932,0.502461574,0.008805639,-0.018699501
20.300000000,2.437436444,0.971403241,4.981996784,0.698223903,1.838847744,1.496505079,4.993234758,0.679849535,-0.598588700,0.525101837,0.011237974,-0.018374368
20.330000000,2.437422990,0.982434771,4.982031524,0.689195241,1.830888543,1.524559171,4.993353053,0.671468451,-0.606534447,0.542124400,0.011321529,-0.017726789
20.360000000,2.437442011,0.993398351,4.981462282,0.681162741,1.822931565,1.552574264,4.993467341,0.663100833,-0.614510446,0.559175913,0.012005058,-0.018061907
20.400000000,2.437517953,1.007914871,4.986200024,0.669860378,1.812300477,1.589858310,4.993633341,0.651933940,-0.625217476,0.581943439,0.007433317,-0.017926438
20.430000000,2.437607339,1.018726617,4.998426843,0.661503230,1.804301311,1.617763094,4.993765197,0.643543839,-0.633306028,0.599036476,-0.004661646,-0.017959391
20.460000000,2.437730647,1.029483953,4.998296935,0.653285730,1.796280140,1.645613734,4.993905938,0.635156721,-0.641450507,0.616129781,-0.004390997,-0.018129009
20.500000000,2.187852199,1.306443295,4.997170704,0.642244830,1.785556385,1.682677280,4.994087509,0.623994363,-0.402295814,0.376233985,-0.003083195,-0.018250467
20.530000000,2.184721580,1.320581581,4.992949699,0.634030836,1.777478654,1.710412937,4.994209873,0.615623511,-0.407242926,0.389831356,0.001260174,-0.018407325
20.560000000,2.181636120,1.334651907,4.992552096,0.625930836,1.769350160,1.738076015,4.994321621,0.607232846,-0.412285960,0.403424108,0.001769524,-0.018697990
20.600000000,2.177567018,1.353328904,4.985014265,0.614901264,1.758450930,1.774867033,4.994474145,0.596035856,-0.419116088,0.421538129,0.009459880,-0.018865408
20.630000000,2.174542589,1.367255514,4.985611037,0.605898204,1.750242628,1.802395961,4.994600123,0.587652457,-0.424299960,0.435140447,0.008989087,-0.018245746
20.660000000,2.171551472,1.381111477,4.984917801,0.597875704,1.741998923,1.829854296,4.994737341,0.579281845,-0.429552548,0.448742819,0.009819540,-0.018593858
20.700000000,2.167604524,1.399479587,4.986251207,0.585971738,1.730938781,1.866351066,4.994948484,0.568106780,-0.436665743,0.466871479,0.008697277,-0.017864958
20.730000000,2.164687937,1.413188758,4.993353164,0.576919867,1.722587662,1.893633269,4.995122980,0.559712349,-0.442100274,0.480444511,0.001769816,-0.017207518
20.760000000,2.161812542,1.426839408,4.992900870,0.568867367,1.714190057,1.920832029,4.995316129,0.551323752,-0.447622485,0.493992621,0.002415259,-0.017543615
20.800000000,2.158031485,1.444961914,5.001129186,0.557460666,1.702931949,1.956990103,4.995580847,0.540156620,-0.455099536,0.512028189,-0.005548339,-0.017304045
20.830000000,2.155254767,1.458489717,4.993594147,0.549398092,1.694426816,1.984022253,4.995781093,0.531779424,-0.460827951,0.525532536,0.002186946,-0.017618667
20.860000000,2.152514547,1.471958090,4.993101626,0.541255592,1.685845183,2.010963166,4.995972500,0.523385302,-0.466669364,0.539005076,0.002870874,-0.017870290
20.900000000,2.148924396,1.489822165,4.998462749,0.529738474,1.674308910,2.046772624,4.996218274,0.512191525,-0.474615486,0.556950459,-0.002244475,-0.017546949
20.930000000,2.146297893,1.503155537,4.994178234,0.521243836,1.665592849,2.073552800,4.996400232,0.503812262,-0.480705044,0.570397262,0.002221998,-0.017431574
20.960000000,2.143728041,1.516434163,4.993593411,0.513216336,1.656801834,2.100252975,4.996579862,0.495439172,-0.486926208,0.583818812,0.002986452,-0.017777164
21.000000000,2.001237792,1.734983982,4.997160064,0.501927254,1.644957051,2.135737562,4.996814528,0.484253046,-0.356280741,0.400753580,-0.000345536,-0.017674208
21.030000000,1.996939685,1.750829752,4.994603399,0.493263308,1.635981320,2.162266955,4.996987410,0.475852032,-0.360958366,0.411437202,0.002384011,-0.017411276
21.060000000,1.992668039,1.766630728,4.993945565,0.485030808,1.626925316,2.188721304,4.997161608,0.467464130,-0.365742723,0.422090576,0.003216043,-0.017566678
21.100000000,1.987037031,1.787614723,4.997830948,0.473500585,1.614739583,2.223894973,4.997386359,0.456295955,-0.372297448,0.436280250,-0.000444589,-0.017204630
21.130000000,1.982875805,1.803292927,4.999711826,0.464675898,1.605502766,2.250196038,4.997555618,0.447910000,-0.377373039,0.446903111,-0.002156208,-0.016765898
21.160000000,1.978765546,1.818921548,4.999142866,0.456565898,1.596163546,2.276417800,4.997719106,0.439507865,-0.382602000,0.457496252,-0.001423761,-0.017058033
21.200000000,1.973345705,1.839673374,5.007410403,0.445177090,1.583591033,2.311285345,4.997932716,0.428315903,-0.389754673,0.471611971,-0.009477687,-0.016861188
21.230000000,1.969347092,1.855160435,5.009016749,0.436887235,1.574075050,2.337368573,4.998081844,0.419939183,-0.395272041,0.482208138,-0.010934905,-0.016948052
21.260000000,1.965408982,1.870589166,5.008610329,0.428687235,1.564458375,2.363380428,4.998220088,0.411558955,-0.400950607,0.492791262,-0.010390241,-0.017128280
21.300000000,1.960232148,1.891076373,4.998694818,0.417811992,1.551488494,2.397965225,4.998378028,0.400360562,-0.408743654,0.506888853,-0.000316790,-0.017451431
21.330000000,1.956419275,1.906392025,4.992209885,0.409843263,1.541658173,2.423836219,4.998478241,0.391959284,-0.414761102,0.517444194,0.006268356,-0.017883978
21.360000000,1.952659988,1.921661790,4.991190582,0.401903263,1.531735240,2.449646496,4.998568691,0.383577256,-0.420924748,0.527984706,0.007378109,-0.018326007
21.400000000,1.947749262,1.941947429,5.001529284,0.390865629,1.518367934,2.483977020,4.998696982,0.372407036,-0.429381327,0.542029591,-0.002832302,-0.018458594
21.430000000,1.944132611,1.957111991,4.996944323,0.382216150,1.508227087,2.509659445,4.998807702,0.364011626,-0.435905524,0.552547455,0.001863378,-0.018204523
21.460000000,1.940568083,1.972209449,4.996073557,0.373953650,1.497974807,2.535280265,4.998921603,0.355605499,-0.442593276,0.563070816,0.002848046,-0.018348150
21.500000000,1.812905273,2.141481353,4.997790932,0.361876768,1.484176195,2.569369728,4.999062449,0.344419234,-0.328729078,0.427888375,0.001271517,-0.017457534
21.530000000,1.807823451,2.158430022,4.978072511,0.352526261,1.473729355,2.594884559,4.999156527,0.336044879,-0.334094096,0.436454536,0.021084016,-0.016481382
21.560000000,1.802804967,2.175326954,4.976586183,0.344343761,1.463168876,2.620343780,4.999248214,0.327656675,-0.339636091,0.445016826,0.022662031,-0.016687086
21.600000000,1.796207300,2.197748547,4.976166515,0.333742320,1.448935269,2.654218220,4.999368744,0.316447825,-0.347272031,0.456469673,0.023202229,-0.017294496
21.630000000,1.791325648,2.214514313,4.978537902,0.325189769,1.438160005,2.679578416,4.999482178,0.308049460,-0.353165643,0.465064103,0.020944277,-0.017140309
21.660000000,1.786511624,2.231226705,4.977100891,0.316882269,1.427292888,2.704899137,4.999617304,0.299673702,-0.359218736,0.473672432,0.022516412,-0.017208567
21.700000000,1.780178638,2.253417400,4.976843105,0.305894669,1.412661923,2.738606080,4.999824891,0.288499265,-0.367516714,0.485188680,0.022981786,-0.017395403
21.730000000,1.775497560,2.269987531,4.972019101,0.296860264,1.401573884,2.763845691,4.999992116,0.280094098,-0.373923676,0.493858160,0.027973015,-0.016766166
21.760000000,1.770879718,2.286493159,4.970454444,0.288777764,1.390383340,2.789050971,5.000172564,0.271686504,-0.380496378,0.502557812,0.029718120,-0.017091260
21.800000000,1.764802881,2.308384550,4.965827402,0.277236807,1.375345386,2.822620559,5.000431480,0.260508548,-0.389457496,0.514236009,0.034604078,-0.016728259
21.830000000,1.760324829,2.324737571,4.963982225,0.269437144,1.363972736,2.847769425,5.000643232,0.252134515,-0.396352093,0.523031854,0.036661008,-0.017302629
21.860000000,1.755920708,2.341055111,4.962251217,0.261117144,1.352491499,2.872887788,5.000877467,0.243737310,-0.403429209,0.531832677,0.038626250,-0.017379834
21.900000000,1.750134934,2.362714480,4.965337638,0.248702098,1.337048179,2.906342891,5.001218646,0.232525032,-0.413086755,0.543628412,0.035881007,-0.016177067
21.930000000,1.745873048,2.378894163,4.952206731,0.240214494,1.325380936,2.931412540,5.001501426,0.224133601,-0.420492112,0.552518376,0.049294695,-0.016080893
21.960000000,1.741689280,2.394998351,4.950204486,0.232181994,1.313631141,2.956462383,5.001802261,0.215760835,-0.428058139,0.561464032,0.051597775,-0.016421159
22.000000000,1.550567116,2.689640172,4.964407234,0.221250773,1.297834143,2.989833005,5.002232873,0.204576244,-0.252732973,0.300192833,0.037825640,-0.016674529
22.030000000,1.544076275,2.709281372,4.959661944,0.213130873,1.285886857,3.014839930,5.002581589,0.196164905,-0.258189418,0.305558558,0.042919644,-0.016965968
22.060000000,1.537664422,2.728865326,4.957979392,0.205088373,1.273858454,3.039831018,5.002961813,0.187761365,-0.263805968,0.310965691,0.044982420,-0.017327008
22.100000000,1.529222283,2.754900887,4.956748289,0.193488627,1.257726682,3.073136788,5.003494957,0.176587005,-0.271495601,0.318235901,0.046746668,-0.016901621
22.130000000,1.522987188,2.774375973,4.948862438,0.184443995,1.245548445,3.098105610,5.003920294,0.168204941,-0.277438743,0.323729637,0.055057856,-0.016239054
22.160000000,1.516843373,2.793797049,4.946949325,0.176358995,1.233282791,3.123067057,5.004370109,0.159798233,-0.283560581,0.329270008,0.057420784,-0.016560762
22.200000000,1.508761951,2.819584979,4.942789384,0.164795263,1.216831119,3.156348804,5.005010969,0.148587805,-0.291930833,0.336763825,0.062221585,-0.016207457
22.230000000,1.502801752,2.838853294,4.944800276,0.155972003,1.204433380,3.181315629,5.005527619,0.140204708,-0.298368371,0.342462335,0.060727343,-0.015767296
22.260000000,1.496930152,2.858067335,4.942961033,0.148157003,1.191972565,3.206290327,5.006086417,0.131830743,-0.304957588,0.348222992,0.063125385,-0.016326260
22.300000000,1.489217774,2.883603751,4.939662583,0.137492984,1.175259040,3.239600921,5.006892294,0.120633552,-0.313958734,0.355997170,0.067229711,-0.016859432
22.330000000,1.483518157,2.902696531,4.930911970,0.129549561,1.162656520,3.264594018,5.007536056,0.112219733,-0.320861637,0.361897488,0.076624086,-0.017329827
22.360000000,1.477886626,2.921725880,4.928828038,0.121519561,1.150006426,3.289600507,5.008224990,0.103827376,-0.327880200,0.367874627,0.079396952,-0.017692184
22.400000000,1.470508064,2.947000434,4.940199459,0.110692895,1.133079317,3.322961338,5.009205781,0.092662624,-0.337428747,0.375960904,0.069006322,-0.018030270
22.430000000,1.465073269,2.965888361,4.943785220,0.101590992,1.120327089,3.347995204,5.009999776,0.084274847,-0.344746180,0.382106844,0.066214556,-0.017316145
22.460000000,1.459708509,2.984728470,4.942320642,0.093435992,1.107517501,3.373042406,5.010841595,0.075863446,-0.352191009,0.388313936,0.068520953,-0.017572546
22.500000000,1.329253725,3.138271346,4.967903965,0.082589939,1.090387810,3.406458719,5.012022404,0.064663491,-0.238865915,0.268187373,0.044118439,-0.017926449
22.530000000,1.322419534,3.158709457,4.972693914,0.073496331,1.077512544,3.431536462,5.012940442,0.056288539,-0.244906991,0.272827005,0.040246528,-0.017207792
22.560000000,1.315665292,3.179104481,4.972189804,0.065218831,1.064599366,3.456628508,5.013881077,0.047903289,-0.251065926,0.277524026,0.041691274,-0.017315543
22.600000000,1.306793372,3.206208687,4.986256438,0.054220536,1.047325635,3.490097838,5.015134499,0.036685919,-0.259467737,0.283889151,0.028878061,-0.017534617
22.630000000,1.300227335,3.226480274,4.982956618,0.046169768,1.034346662,3.515201689,5.016069701,0.028270949,-0.265880673,0.288721415,0.033113083,-0.017898819
22.660000000,1.293747142,3.246693862,4.982651088,0.038059768,1.021368622,3.540291402,5.016990536,0.019882298,-0.272378520,0.293597540,0.034339448,-0.018177470
22.700000000,1.285258539,3.273582222,4.984457007,0.027178054,1.004064219,3.573694208,5.018189300,0.008703860,-0.281194320,0.300111986,0.033732293,-0.018474193
22.730000000,1.278986749,3.293690985,4.990001157,0.019097776,0.991077555,3.598683752,5.019072968,0.000313596,-0.287909194,0.304992767,0.029071811,-0.018784180
22.760000000,1.272797125,3.313756883,4.989769929,0.011020276,0.978095770,3.623577189,5.019943207,-0.008068551,-0.294701356,0.309820305,0.030173278,-0.019088827
22.800000000,1.264675498,3.340450221,4.981762168,0.000079694,0.960830090,3.656591649,5.021097341,-0.019243280,-0.303845407,0.316141429,0.039335173,-0.019322974
22.830000000,1.258680750,3.360429447,4.983467869,-0.007919151,0.947919796,3.681189028,5.021953886,-0.027634171,-0.310760954,0.320759581,0.038486017,-0.019715020
22.860000000,1.252787674,3.380363995,4.982945771,-0.015949151,0.935036911,3.705589874,5.022816808,-0.036010986,-0.317750763,0.325225879,0.039871038,-0.020061835
22.900000000,1.245083213,3.406848713,4.982731480,-0.027953782,0.917902591,3.737821889,5.023980042,-0.047133429,-0.327180622,0.330973176,0.041248563,-0.019179647
22.930000000,1.239395414,3.426638612,4.983752612,-0.035904693,0.905107281,3.761743261,5.024871534,-0.055483052,-0.334288133,0.335104649,0.041118921,-0.019578359
22.960000000,1.233801656,3.446370463,4.983193791,-0.043802193,0.892383850,3.785384067,5.025780200,-0.063879849,-0.341417806,0.339013604,0.042586409,-0.020077656
23.000000000,1.124467623,3.579842070,4.993186749,-0.055547452,0.875501098,3.816497465,5.027025668,-0.075058307,-0.248966526,0.236655395,0.033838919,-0.019510855
23.030000000,1.117769732,3.600900996,4.996457658,-0.064304036,0.862895159,3.839505924,5.027979800,-0.083377129,-0.254874573,0.238604928,0.031522143,-0.019073093
23.060000000,1.111165312,3.621920483,4.996271501,-0.072704036,0.850365211,3.862162658,5.028949299,-0.091663367,-0.260800102,0.240242175,0.032677797,-0.018959330
23.100000000,1.102488363,3.649880461,4.998944824,-0.084135246,0.833793327,3.891862362,5.030247901,-0.102777508,-0.268695036,0.241981901,0.031303076,-0.018642261
23.130000000,1.096080035,3.670811819,4.999041983,-0.092030999,0.821468770,3.913721949,5.031220824,-0.111140569,-0.274611264,0.242910131,0.032178841,-0.019109570
23.160000000,1.089755342,3.691702168,4.998852165,-0.100298499,0.809241146,3.935122029,5.032193930,-0.119434052,-0.280514196,0.243419860,0.033341765,-0.019135554
23.200000000,1.081462361,3.719493518,5.004269860,-0.111893628,0.793079977,3.962980583,5.033484286,-0.130409338,-0.288382384,0.243487065,0.029214426,-0.018515711
23.230000000,1.075340895,3.740304738,5.016407661,-0.120135753,0.781086240,3.983329649,5.034452092,-0.138694193,-0.294254655,0.243024911,0.018044431,-0.018558440
23.260000000,1.069313980,3.761085769,5.016681542,-0.128428253,0.769229408,4.003098520,5.035412585,-0.147069967,-0.300084572,0.242012751,0.018731043,-0.018641714
23.300000000,1.061419264,3.788761235,5.008961929,-0.139926688,0.753591447,4.028651003,5.036681214,-0.158165164,-0.307827817,0.239889769,0.027719285,-0.018238475
23.330000000,1.055607270,3.809484269,5.019200170,-0.147458181,0.741992589,4.047195223,5.037605480,-0.166376801,-0.313614681,0.237710954,0.018405310,-0.018918619
23.360000000,1.049865045,3.830178345,5.019432133,-0.155665681,0.730545344,4.065096140,5.038553600,-0.174590517,-0.319319701,0.234917795,0.019121468,-0.018924836
23.400000000,1.042336043,3.857728843,5.030975783,-0.165872061,0.715497274,4.088018171,5.039828696,-0.185663496,-0.326838768,0.230289328,0.008852913,-0.019791435
23.430000000,1.036794754,3.878396878,5.033407782,-0.174166711,0.704351235,4.104371850,5.040756110,-0.193961383,-0.332443519,0.225974972,0.007348328,-0.019794671
23.460000000,1.031366142,3.899090956,5.033988423,-0.182249211,0.693304578,4.119670626,5.041628968,-0.202075262,-0.338061564,0.220579669,0.007640545,-0.019826050
23.500000000,0.944502923,3.985837584,5.044860609,-0.192622880,0.678664202,4.138348056,5.042639297,-0.212804651,-0.265838721,0.152510472,-0.002221312,-0.020181772
23.530000000,0.938228840,4.007439306,5.049889612,-0.199853038,0.667725383,4.150885248,5.043218961,-0.221029680,-0.270503457,0.143445942,-0.006670651,-0.021176642
23.560000000,0.932049004,4.029067174,5.050638732,-0.207845538,0.656790727,4.161787388,5.043564148,-0.229351827,-0.275258278,0.132720214,-0.007074584,-0.021506289
23.600000000,0.923970620,4.057940122,5.047525230,-0.218872469,0.642171620,4.173995314,5.043666682,-0.240093349,-0.281799000,0.116055192,-0.003858548,-0.021220881
23.630000000,0.918023447,4.079614376,5.044832250,-0.226301104,0.631168214,4.181342100,5.043454589,-0.247942662,-0.286855233,0.101727724,-0.001377661,-0.021641558
23.660000000,0.912165477,4.101303125,5.044898006,-0.234476104,0.620130416,4.186828307,5.042961735,-0.256065583,-0.292035062,0.085525182,-0.001936272,-0.021589479
23.700000000,0.904478804,4.130249206,5.046097475,-0.245299986,0.605359296,4.191626594,5.041941160,-0.267301495,-0.299119508,0.061377388,-0.004156316,-0.022001509
23.730000000,0.898828457,4.151990276,5.053186362,-0.252594072,0.594223938,4.193330442,5.040904109,-0.275597581,-0.304604519,0.041340166,-0.012282253,-0.023003509
23.760000000,0.893273310,4.173761354,5.053107045,-0.260876572,0.583024055,4.193146790,5.039579992,-0.283588145,-0.310249255,0.019385435,-0.013527053,-0.022711573
23.800000000,0.885999983,4.202846661,5.055018672,-0.271498507,0.568024146,4.190412956,5.037426213,-0.294445068,-0.317975837,-0.012433705,-0.017592459,-0.022946561
23.830000000,0.880637521,4.224709333,5.059199565,-0.279142023,0.556736254,4.186532318,5.035513142,-0.302960140,-0.323901268,-0.038177015,-0.023686423,-0.023818117
23.860000000,0.875360647,4.246604036,5.058863955,-0.287294523,0.545411184,4.180882711,5.033320203,-0.311480989,-0.329949462,-0.065721326,-0.025543752,-0.024186466
23.900000000,0.868450350,4.275884284,5.055112892,-0.297124577,0.530269403,4.171093290,5.030054843,-0.322437490,-0.338180946,-0.104790994,-0.025058049,-0.025312913
23.930000000,0.863360463,4.297898421,5.046512683,-0.304323636,0.518904985,4.162128122,5.027370663,-0.330601511,-0.344455479,-0.135770299,-0.019142020,-0.026277875
23.960000000,0.858341410,4.319963778,5.045418012,-0.312571136,0.507565355,4.151623810,5.024485875,-0.339067603,-0.350776054,-0.168339969,-0.020932137,-0.026496467
24.000000000,0.811112378,4.277676679,5.039532339,-0.323549620,0.492500588,4.135689340,5.020426696,-0.350480458,-0.318611789,-0.141987339,-0.019105643,-0.026930838
24.030000000,0.805760646,4.298910209,5.036414229,-0.331709455,0.481251480,4.122373629,5.017261436,-0.358821003,-0.324509165,-0.176536580,-0.019152793,-0.027111548
24.060000000,0.800502679,4.320200618,5.034873837,-0.339854455,0.470077637,4.107784003,5.014003816,-0.367032979,-0.330425042,-0.212416615,-0.020870021,-0.027178524
24.100000000,0.793640302,4.348689648,5.039292324,-0.351022268,0.455328207,4.086744835,5.009574528,-0.378235177,-0.338312095,-0.261944813,-0.029717795,-0.027212909
24.130000000,0.788595019,4.370136818,5.027081983,-0.360258534,0.444396912,4.069850236,5.006208014,-0.386789909,-0.344198107,-0.300286582,-0.020873969,-0.026531375
24.160000000,0.783652518,4.391662893,5.025316287,-0.368218534,0.433604550,4.051929053,5.002819597,-0.395218884,-0.350047967,-0.339733840,-0.022496691,-0.027000350
24.200000000,0.777192460,4.420506020,5.013097609,-0.378181210,0.419423761,4.026773521,4.998285311,-0.406279397,-0.357768700,-0.393732500,-0.014812298,-0.028098187
24.230000000,0.772447546,4.442241664,5.010789651,-0.387016043,0.408972199,4.007019726,4.994901380,-0.414638814,-0.363475347,-0.435221939,-0.015888271,-0.027622771
24.260000000,0.767789341,4.464074596,5.008730081,-0.394826043,0.398727950,3.986446416,4.991555171,-0.423130508,-0.369061391,-0.477628181,-0.017174910,-0.028304465
24.300000000,0.761703930,4.493347332,5.020759216,-0.405525370,0.385351494,3.958015525,4.987177069,-0.434395470,-0.376352436,-0.535331806,-0.033582147,-0.028870101
24.330000000,0.757230189,4.515426779,5.025425916,-0.413482283,0.375536353,3.935997856,4.983966232,-0.442727019,-0.381693836,-0.579428923,-0.041459684,-0.029244737
24.360000000,0.752843609,4.537624460,5.024175987,-0.421512283,0.365959397,3.913338988,4.980824018,-0.451061388,-0.386884213,-0.624285472,-0.043351969,-0.029549106
24.400000000,0.747127178,4.567388386,5.026660561,-0.432751403,0.353533757,3.882336942,4.976702605,-0.462301037,-0.393593421,-0.685051444,-0.049957956,-0.029549635
24.430000000,0.742953933,4.589835374,5.007684313,-0.441535787,0.344473571,3.858536671,4.973660027,-0.470756027,-0.398480363,-0.731298703,-0.034024286,-0.029220241
24.460000000,0.738864253,4.612399415,5.006090503,-0.449660787,0.335667322,3.834236723,4.970678938,-0.479130400,-0.403196931,-0.778162692,-0.035411566,-0.029469613
24.500000000,0.614195216,4.349389022,4.989562535,-0.462043806,0.324276869,3.801219218,4.966808832,-0.490254921,-0.289918347,-0.548169803,-0.022753703,-0.028211115
24.530000000,0.608706861,4.368309432,4.976287901,-0.470149895,0.316011803,3.776016774,4.964008289,-0.498652023,-0.292695058,-0.592292658,-0.012279612,-0.028502128
24.560000000,0.603301102,4.387354705,4.974093407,-0.478127395,0.308025742,3.750407605,4.961318236,-0.507088157,-0.295275359,-0.636947100,-0.012775171,-0.028960762
24.600000000,0.596227834,4.412951809,4.966988982,-0.489792858,0.297732931,3.715767380,4.957894659,-0.518278732,-0.298494903,-0.697184430,-0.009094324,-0.028485875
24.630000000,0.591002752,4.432312721,4.954551174,-0.498419155,0.290277114,3.689439494,4.955456483,-0.526627165,-0.300725637,-0.742873227,0.000905309,-0.028208011
24.660000000,0.585851356,4.451803726,4.952178210,-0.506394155,0.283094521,3.662780938,4.953144449,-0.534999556,-0.302756836,-0.789022788,0.000966239,-0.028605402
24.700000000,0.579092746,4.477999724,4.957773629,-0.517556674,0.273882120,3.626821137,4.950201869,-0.546215542,-0.305210626,-0.851178587,-0.007571760,-0.028658868
24.730000000,0.574108503,4.497794235,4.956180905,-0.526560984,0.267232522,3.599561774,4.948109585,-0.554619375,-0.306875981,-0.898232460,-0.008071319,-0.028058390
24.760000000,0.569185468,4.517716834,4.954312381,-0.534668484,0.260828175,3.572035783,4.946117933,-0.562984031,-0.308357293,-0.945681051,-0.008194448,-0.028315547
24.800000000,0.562727582,4.544492876,4.952186431,-0.544498720,0.252618044,3.534993294,4.943569945,-0.574138812,-0.310109538,-1.009499582,-0.008616486,-0.029640093
24.830000000,0.557951866,4.564730560,4.932063951,-0.553633012,0.246708845,3.506962502,4.941731415,-0.582538527,-0.311243021,-1.057768057,0.009667465,-0.028905515
24.860000000,0.553261150,4.585112860,4.929756508,-0.561928012,0.241033669,3.478699450,4.939965851,-0.590947498,-0.312227481,-1.106413410,0.010209343,-0.029019486
24.900000000,0.547142711,4.612504785,4.913018849,-0.573022760,0.233751660,3.440730881,4.937722019,-0.602121202,-0.313391051,-1.171773905,0.024703170,-0.029098442
24.930000000,0.542644426,4.633198470,4.899386351,-0.581116354,0.228498192,3.412048216,4.936136986,-0.610485080,-0.314146233,-1.221150254,0.036750635,-0.029368726
24.960000000,0.538227800,4.654013225,4.896485160,-0.589271354,0.223453883,3.383161304,4.934657786,-0.618872128,-0.314773917,-1.270851921,0.038172626,-0.029600773
25.000000000,0.417228370,4.238292471,4.903373051,-0.601634532,0.216990751,3.344386740,4.932819223,-0.630078340,-0.200237619,-0.893905730,0.029446171,-0.028443807
25.030000000,0.411439957,4.253499602,4.898262492,-0.609175800,0.212320760,3.315126270,4.931556456,-0.638466575,-0.199119196,-0.938373332,0.033293965,-0.029290775
25.060000000,0.405732853,4.268835026,4.895795048,-0.617485800,0.207814310,3.285697144,4.930391373,-0.646830748,-0.197918543,-0.983137882,0.034596325,-0.029344949
25.100000000,0.398222056,4.289491713,4.891826098,-0.629667476,0.202022040,3.246233892,4.928937825,-0.658002430,-0.196200016,-1.043257821,0.037111727,-0.028334954
25.130000000,0.392664456,4.305147625,4.887888044,-0.637990479,0.197831208,3.216471534,4.927912698,-0.666407557,-0.194833248,-1.088676091,0.040024655,-0.028417078
25.160000000,0.387181432,4.320944313,4.885425225,-0.646350479,0.193767543,3.186557661,4.926955940,-0.674804209,-0.193413889,-1.134386652,0.041530715,-0.028453730
25.200000000,0.379975653,4.342255251,4.885696234,-0.657457596,0.188490088,3.146483446,4.925763584,-0.685962309,-0.191485565,-1.195771806,0.040067350,-0.028504714
25.230000000,0.374660628,4.358427355,4.890513926,-0.665854286,0.184634068,3.116283882,4.924935986,-0.694330614,-0.190026560,-1.242143473,0.034422059,-0.028476329
25.260000000,0.369402574,4.374737089,4.888401121,-0.674099286,0.180876978,3.085939638,4.924165597,-0.702732249,-0.188525597,-1.288797451,0.035764476,-0.028632963
25.300000000,0.362512377,4.396699609,4.884296276,-0.684860722,0.175973749,3.045307072,4.923202214,-0.713943476,-0.186538628,-1.351392538,0.038905938,-0.029082754
25.330000000,0.357418619,4.413327439,4.897516100,-0.693977738,0.172356658,3.014718155,4.922521885,-0.722324056,-0.185061961,-1.398609284,0.025005785,-0.028346318
25.360000000,0.352388641,4.430091771,4.895862585,-0.702150238,0.168792469,2.984020311,4.921884431,-0.730689444,-0.183596172,-1.446071460,0.026021846,-0.028539206
25.400000000,0.345772076,4.452656302,4.898915909,-0.712517530,0.164111674,2.942942084,4.921098225,-0.741877707,-0.181660402,-1.509714218,0.022182316,-0.029360177
25.430000000,0.340895281,4.469741300,4.894520915,-0.720292846,0.160644173,2.912030785,4.920539704,-0.750291097,-0.180251108,-1.557710515,0.026018789,-0.029998251
25.460000000,0.336078574,4.486962095,4.892948616,-0.728320346,0.157197133,2.881035611,4.920012827,-0.758683990,-0.178881441,-1.605926483,0.027064211,-0.030363645
25.500000000,0.289518532,3.953657117,4.898107962,-0.739532155,0.152612782,2.839608766,4.919351580,-0.769842517,-0.136905750,-1.114048351,0.021243618,-0.030310362
25.530000000,0.284332853,3.963802780,4.894075322,-0.748567989,0.149184680,2.808460648,4.918897217,-0.778223310,-0.135148173,-1.155342132,0.024821894,-0.029655321
25.560000000,0.279217415,3.974086144,4.892607228,-0.756937989,0.145762312,2.777237847,4.918481419,-0.786638970,-0.133455103,-1.196848297,0.025874191,-0.029700982
25.600000000,0.272499698,3.988009954,4.887704993,-0.767547453,0.141174991,2.735531765,4.917984703,-0.797855713,-0.131324707,-1.252478189,0.030279709,-0.030308260
25.630000000,0.267557236,3.998609354,4.884005601,-0.776670732,0.137691843,2.704206736,4.917656644,-0.806234958,-0.129865393,-1.294402618,0.033651044,-0.029564226
25.660000000,0.262694145,4.009347287,4.882392408,-0.784755732,0.134149456,2.672829514,4.917372449,-0.814608671,-0.128544689,-1.336517774,0.034980041,-0.029852940
25.700000000,0.256301964,4.023865466,4.864558426,-0.795767390,0.129334289,2.630907376,4.917047574,-0.825824120,-0.126967674,-1.392958090,0.052489148,-0.030056730
25.730000000,0.251583923,4.034907581,4.869909144,-0.804505923,0.125639557,2.599406124,4.916840208,-0.834264131,-0.125944366,-1.435501457,0.046931064,-0.029758208
25.760000000,0.246939453,4.046088444,4.868035941,-0.812933423,0.121842265,2.567864602,4.916680902,-0.842673529,-0.125097189,-1.478223842,0.048644961,-0.029740106
25.800000000,0.240856700,4.061223342,4.875253729,-0.824423369,0.116637646,2.525771024,4.916537710,-0.853842318,-0.124219053,-1.535452318,0.041283981,-0.029418949
25.830000000,0.236369647,4.072746922,4.884956080,-0.833584802,0.112635588,2.494173198,4.916483191,-0.862234258,-0.123734059,-1.578573725,0.031527111,-0.028649456
25.860000000,0.231951768,4.084405444,4.883739760,-0.841554802,0.108536972,2.462557182,4.916459838,-0.870657876,-0.123414797,-1.621848262,0.032720078,-0.029103075
25.900000000,0.226180719,4.100175499,4.893871401,-0.853692700,0.102928101,2.420409618,4.916452777,-0.881868873,-0.123252618,-1.679765881,0.022581376,-0.028176173
25.930000000,0.221932060,4.112167330,4.896285886,-0.862779083,0.098606662,2.388819599,4.916450984,-0.890241136,-0.123325398,-1.723347731,0.020165098,-0.027462053
25.960000000,0.217745212,4.124302471,4.895428671,-0.870801583,0.094175076,2.357251356,4.916455347,-0.898615221,-0.123570136,-1.767051115,0.021026676,-0.027813638
26.000000000,0.156637889,3.532510022,4.915507560,-0.881599690,0.088124616,2.315190836,4.916468482,-0.909824104,-0.068513273,-1.217319185,0.000960921,-0.028224414
26.030000000,0.151868294,3.536860861,4.906794565,-0.890900908,0.083472857,2.283682729,4.916483628,-0.918239238,-0.068395437,-1.253178132,0.009689062,-0.027338330
26.060000000,0.147179036,3.541351200,4.906234949,-0.899043408,0.078695657,2.252231811,4.916506716,-0.926623149,-0.068483379,-1.289119389,0.010271768,-0.027579742
26.100000000,0.141043535,3.547544794,4.892230813,-0.910964196,0.072153830,2.210376096,4.916550834,-0.937788958,-0.068889706,-1.337168698,0.024320022,-0.026824762
26.130000000,0.136533813,3.552359283,4.887696945,-0.919540851,0.067111919,2.179036523,4.916600535,-0.946189877,-0.069421894,-1.373322761,0.028903590,-0.026649026
26.160000000,0.132108273,3.557323418,4.886563199,-0.927790851,0.061911674,2.147750525,4.916679026,-0.954601899,-0.070196599,-1.409572893,0.030115827,-0.026811048
26.200000000,0.126342396,3.564167466,4.890776199,-0.939671027,0.054732548,2.106118965,4.916841805,-0.965777030,-0.071609848,-1.458048501,0.026065607,-0.026106002
26.230000000,0.122111995,3.569470319,4.884654231,-0.948600373,0.049157685,2.074957518,4.917010345,-0.974134433,-0.072954310,-1.494512801,0.032356115,-0.025534060
26.260000000,0.117953574,3.574900416,4.883566107,-0.956795373,0.043400705,2.043854043,4.917215696,-0.982522146,-0.074552868,-1.531046373,0.033649589,-0.025726773
26.300000000,0.112530493,3.582323461,4.889545429,-0.968820253,0.035490683,2.002476081,4.917507142,-0.993747006,-0.077039810,-1.579847381,0.027961713,-0.024926753
26.330000000,0.108563509,3.588023011,4.887617189,-0.977838631,0.029381933,1.971534722,4.917746012,-1.002148050,-0.079181576,-1.616488289,0.030128823,-0.024309419
26.360000000,0.104675214,3.593835201,4.886663097,-0.985688631,0.023101353,1.940701924,4.917999989,-1.010515921,-0.081573861,-1.653133277,0.031336892,-0.024827290
26.400000000,0.099621096,3.601785450,4.892111136,-0.996408141,0.014515773,1.899734076,4.918362007,-1.021688308,-0.085105322,-1.702051374,0.026250871,-0.025280167
26.430000000,0.095929531,3.607896461,4.900184266,-1.004290588,0.007925809,1.869116494,4.918647416,-1.030098498,-0.088003722,-1.738779966,0.018463150,-0.025807910
26.460000000,0.092328196,3.614137973,4.899608723,-1.012313088,0.001182960,1.838624822,4.918949748,-1.038506016,-0.091145235,-1.775513151,0.019341026,-0.026192927
26.500000000,0.091582966,3.022141788,4.911081845,-1.023943776,-0.008013869,1.798158874,4.919369367,-1.049677046,-0.099596835,-1.223982914,0.008287522,-0.025733270
26.530000000,0.088204981,3.020629830,4.911513016,-1.032924580,-0.015059147,1.767950288,4.919691348,-1.058045997,-0.103264128,-1.252679542,0.008178333,-0.025121417
26.560000000,0.084886468,3.019231239,4.911224117,-1.041017080,-0.022242481,1.737876511,4.920028212,-1.066440693,-0.107128949,-1.281354728,0.008804095,-0.025423613
26.600000000,0.080590620,3.017527662,4.906820759,-1.051636516,-0.032016454,1.697971159,4.920504603,-1.077652621,-0.112607073,-1.319556503,0.013683845,-0.026016105
26.630000000,0.077466500,3.016383425,4.913874401,-1.060471397,-0.039517646,1.668199232,4.920885214,-1.086033987,-0.116984146,-1.348184192,0.007010813,-0.025562590
26.660000000,0.074439369,3.015366234,4.913650844,-1.068366397,-0.047217330,1.638577572,4.921291231,-1.094390883,-0.121656699,-1.376788662,0.007640386,-0.026024486
26.700000000,0.070542496,3.014206196,4.913481855,-1.079342033,-0.057769334,1.599250420,4.921870003,-1.105576322,-0.128311829,-1.414955776,0.008388149,-0.026234289
26.730000000,0.067718898,3.013472347,4.906859276,-1.088142562,-0.065904257,1.569874432,4.922313372,-1.114022519,-0.133623156,-1.443597915,0.015454096,-0.025879957
26.760000000,0.064969412,3.012854838,4.906405750,-1.096407562,-0.074264761,1.540635825,4.922765788,-1.122460634,-0.139234173,-1.472219013,0.016360038,-0.026053072
26.800000000,0.061422496,3.012209554,4.909857784,-1.107522673,-0.085702147,1.501857787,4.923381843,-1.133642568,-0.147124643,-1.510351767,0.013524059,-0.026119895
26.830000000,0.058845708,3.011858187,4.908399736,-1.117101804,-0.094479165,1.472928004,4.923865223,-1.142021417,-0.153324873,-1.538930183,0.015465487,-0.024919613
26.860000000,0.056354624,3.011614379,4.907987350,-1.125344304,-0.103433281,1.444149066,4.924365615,-1.150438383,-0.159787906,-1.567465313,0.016378265,-0.025094079
26.900000000,0.053165901,3.011465233,4.916912516,-1.136927400,-0.115595438,1.406001157,4.925047890,-1.161663959,-0.168761339,-1.605464076,0.008135374,-0.024736559
26.930000000,0.050880459,3.011480392,4.922581286,-1.145490061,-0.124880286,1.377576216,4.925573104,-1.170048372,-0.175760745,-1.633904176,0.002991818,-0.024558311
26.960000000,0.048679733,3.011622790,4.922553694,-1.153737561,-0.134316568,1.349337515,4.926107604,-1.178416775,-0.182996301,-1.662285275,0.003553910,-0.024679215
27.000000000,-0.048773245,2.453897292,4.931711349,-1.164833039,-0.147080176,1.311918467,4.926827776,-1.189609358,-0.098306931,-1.141978825,-0.004883573,-0.024776319
27.030000000,-0.052046071,2.446843149,4.947302614,-1.173469796,-0.156782950,1.284032349,4.927362106,-1.198026209,-0.104736878,-1.162810800,-0.019940508,-0.024556413
27.060000000,-0.055222724,2.439875076,4.947908550,-1.181719796,-0.166615416,1.256343271,4.927899541,-1.206427978,-0.111392692,-1.183531806,-0.020009009,-0.024708181
27.100000000,-0.059319840,2.430743349,4.955956104,-1.193550952,-0.179897663,1.219691226,4.928619647,-1.217596562,-0.120577823,-1.211052123,-0.027336457,-0.024045609
27.130000000,-0.062271887,2.424037706,4.952953037,-1.202396808,-0.189990263,1.192387027,4.929154579,-1.225982137,-0.127718376,-1.231650679,-0.023798458,-0.023585328
27.160000000,-0.065135658,2.417436280,4.953555594,-1.210811808,-0.200225637,1.165255692,4.929676715,-1.234393675,-0.135089979,-1.252180588,-0.023878879,-0.023581867
27.200000000,-0.068789648,2.408792315,4.961694377,-1.222010183,-0.214086627,1.129322263,4.930362114,-1.245600448,-0.145296980,-1.279470052,-0.031332263,-0.023590265
27.230000000,-0.071425057,2.402429946,4.964871766,-1.231654741,-0.224648733,1.102559335,4.930865516,-1.253971382,-0.153223676,-1.299870612,-0.034006249,-0.022316642
27.260000000,-0.073964373,2.396160808,4.965666824,-1.239957241,-0.235368531,1.075973587,4.931360741,-1.262340920,-0.161404158,-1.320187221,-0.034306083,-0.022383680
27.300000000,-0.077201351,2.387972459,4.954530081,-1.251073685,-0.249851171,1.040750456,4.932001742,-1.273545058,-0.172649820,-1.347222003,-0.022528339,-0.022471373
27.330000000,-0.079520852,2.381933024,4.951787049,-1.259986588,-0.260845377,1.014511284,4.932465659,-1.281957729,-0.181324525,-1.367421740,-0.019321389,-0.021971141
27.360000000,-0.081755979,2.375978908,4.951982233,-1.267936588,-0.271962290,0.988466938,4.932928520,-1.290340570,-0.190206312,-1.387511970,-0.019053713,-0.022403982
27.400000000,-0.084587602,2.368193589,4.946727790,-1.279250609,-0.286929806,0.953995127,4.933569810,-1.301502621,-0.202342204,-1.414198462,-0.013157980,-0.022252011
27.430000000,-0.086599566,2.362461130,4.951558180,-1.287978335,-0.298251100,0.928318743,4.934077847,-1.309893199,-0.211651534,-1.434142387,-0.017480333,-0.021914864
27.460000000,-0.088516476,2.356826782,4.951683287,-1.295888335,-0.309659082,0.902820558,4.934605508,-1.318297719,-0.221142606,-1.454006224,-0.017077779,-0.022409384
27.500000000,-0.159819546,1.830646784,4.945322337,-1.307712276,-0.324980505,0.869080703,4.935334665,-1.329482177,-0.165160959,-0.961566081,-0.009987672,-0.021769901
27.530000000,-0.162426028,1.818293818,4.938886190,-1.316274529,-0.336548824,0.843969874,4.935891065,-1.337850036,-0.174122795,-0.974323944,-0.002995125,-0.021575508
27.560000000,-0.164941176,1.806029353,4.938588184,-1.324277029,-0.348184526,0.819036217,4.936468149,-1.346217815,-0.183243350,-0.986993136,-0.002120035,-0.021940787
27.600000000,-0.168129352,1.789789909,4.940095657,-1.336280215,-0.363789541,0.786017114,4.937269621,-1.357395163,-0.195660189,-1.003772795,-0.002826036,-0.021114948
27.630000000,-0.170392733,1.777694742,4.941868162,-1.344901360,-0.375577061,0.761431264,4.937906133,-1.365769963,-0.205184328,-1.016263478,-0.003962029,-0.020868602
27.660000000,-0.172535719,1.765681593,4.941696479,-1.353123860,-0.387474020,0.737027083,4.938571078,-1.374119382,-0.214938302,-1.028654510,-0.003125401,-0.020995522
27.700000000,-0.175240863,1.749796795,4.943154795,-1.364533776,-0.403506763,0.704702391,4.939475511,-1.385260490,-0.228265900,-1.045094403,-0.003679284,-0.020726714
27.730000000,-0.177151460,1.737984911,4.949658401,-1.372129703,-0.415664170,0.680602715,4.940154135,-1.393661286,-0.238512710,-1.057382196,-0.009504266,-0.021531583
27.760000000,-0.178973185,1.726240508,4.949633841,-1.380604703,-0.427952819,0.656652664,4.940828456,-1.402081191,-0.248979634,-1.069587844,-0.008805385,-0.021476487
27.800000000,-0.181258845,1.710698404,4.959261411,-1.392318597,-0.444499932,0.624938856,4.941723185,-1.413263091,-0.263241087,-1.085759548,-0.017538226,-0.020944494
27.830000000,-0.182853157,1.699131662,4.955370568,-1.401732397,-0.457017292,0.601313091,4.942385010,-1.421628018,-0.274164135,-1.097818571,-0.012985558,-0.019895621
27.860000000,-0.184336286,1.687642628,4.955374082,-1.409877397,-0.469623241,0.577827946,4.943037261,-1.430018387,-0.285286955,-1.109814682,-0.012336822,-0.020140990
27.900000000,-0.186166587,1.672435476,4.961733386,-1.421454267,-0.486531987,0.546701297,4.943883306,-1.441228230,-0.300365399,-1.125734179,-0.017850080,-0.019773963
27.930000000,-0.187439913,1.661108497,4.969156992,-1.430400512,-0.499282105,0.523510368,4.944510010,-1.449619346,-0.311842191,-1.137598129,-0.024646982,-0.019218834
27.960000000,-0.188621719,1.649864253,4.969403644,-1.438893012,-0.512092448,0.500475186,4.945125477,-1.457989553,-0.323470730,-1.149389067,-0.024278167,-0.019096541
28.000000000,-0.245950926,1.234939665,4.962276007,-1.450061932,-0.529240690,0.469942043,4.945937427,-1.469163856,-0.283289764,-0.764997622,-0.016338580,-0.019101924
28.030000000,-0.247670899,1.218544248,4.962082821,-1.458607558,-0.542146094,0.447167357,4.946526293,-1.477567435,-0.294475195,-0.771376891,-0.015556528,-0.018959877
28.060000000,-0.249299436,1.202216373,4.961951971,-1.466742558,-0.555091737,0.424528691,4.947109575,-1.485972541,-0.305792300,-0.777687683,-0.014842396,-0.019229983
28.100000000,-0.251329206,1.180570233,4.956602385,-1.478165015,-0.572410374,0.394534351,4.947899295,-1.497146809,-0.321081168,-0.786035881,-0.008703090,-0.018981794
28.130000000,-0.252719476,1.164432551,4.961020037,-1.486590261,-0.585454007,0.372166992,4.948507497,-1.505521681,-0.332734531,-0.792265559,-0.012512539,-0.018931419
28.160000000,-0.253997123,1.148374340,4.960789862,-1.494612761,-0.598574241,0.349908619,4.949132088,-1.513922968,-0.344577118,-0.798465722,-0.011657775,-0.019310206
28.200000000,-0.255549522,1.127068353,4.949549653,-1.505369176,-0.616199196,0.320382206,4.949975545,-1.525140184,-0.360649673,-0.806686147,0.000425892,-0.019771008
28.230000000,-0.256601529,1.111161793,4.939585354,-1.514420132,-0.629526099,0.298361680,4.950607459,-1.533525528,-0.372924569,-0.812800113,0.011022104,-0.019105397
28.260000000,-0.257542741,1.095317958,4.938618010,-1.522567632,-0.642960415,0.276458397,4.951239964,-1.541889329,-0.385417675,-0.818859561,0.012621954,-0.019321697
28.300000000,-0.258633941,1.074300533,4.948629167,-1.533642477,-0.661003663,0.247384255,4.952103212,-1.553076283,-0.402369722,-0.826916278,0.003474045,-0.019433806
28.330000000,-0.259335055,1.058612452,4.935720779,-1.542688946,-0.674623909,0.225674320,4.952770337,-1.561490018,-0.415288853,-0.832938132,0.017049558,-0.018801072
28.360000000,-0.259933089,1.042981933,4.934644270,-1.550771446,-0.688320460,0.204073622,4.953451738,-1.569883245,-0.428387371,-0.838908311,0.018807468,-0.019111799
28.400000000,-0.260575904,1.022239656,4.944751931,-1.562786280,-0.706670889,0.175417750,4.954350162,-1.581043600,-0.446094986,-0.846821905,0.009598231,-0.018257320
28.430000000,-0.260951651,1.006765059,4.942645772,-1.570850318,-0.720493167,0.154017925,4.955030336,-1.589421596,-0.459541516,-0.852747134,0.012384564,-0.018571278
28.460000000,-0.261231975,0.991357581,4.941747872,-1.579125318,-0.734368704,0.132698433,4.955708892,-1.597821686,-0.473136730,-0.858659148,0.013961020,-0.018696368
28.500000000,-0.381783400,0.719924003,4.948091200,-1.589665884,-0.752933733,0.104393622,4.956605297,-1.609015181,-0.371150333,-0.615530381,0.008514097,-0.019349296
28.530000000,-0.383452665,0.701319355,4.948532280,-1.597552175,-0.766901786,0.083262388,4.957269221,-1.617387920,-0.383449121,-0.618056967,0.008736940,-0.019835745
28.560000000,-0.385020625,0.682773915,4.947782908,-1.605744675,-0.780911052,0.062214228,4.957932562,-1.625757831,-0.395890427,-0.620559687,0.010149654,-0.020013156
28.600000000,-0.386956994,0.658150330,4.955408709,-1.616747415,-0.799643547,0.034238469,4.958818271,-1.636944473,-0.412686553,-0.623911861,0.003409562,-0.020197058
28.630000000,-0.388302030,0.639752791,4.952045117,-1.625840138,-0.813732992,0.013327028,4.959482194,-1.645341607,-0.425430963,-0.626425763,0.007437078,-0.019501469
28.660000000,-0.389523891,0.621402448,4.951384341,-1.633997638,-0.827864032,-0.007501554,4.960143875,-1.653718244,-0.438340141,-0.628904002,0.008759534,-0.019720607
28.700000000,-0.390961225,0.597006860,4.952946397,-1.646280832,-0.846765340,-0.035173105,4.961014098,-1.664873706,-0.455804115,-0.632179965,0.008067701,-0.018592874
28.730000000,-0.391904971,0.578782171,4.954440900,-1.655888082,-0.860988862,-0.055869171,4.961662876,-1.673256194,-0.469083891,-0.634651342,0.007221976,-0.017368112
28.760000000,-0.392763657,0.560605845,4.953777431,-1.664050582,-0.875260187,-0.076511681,4.962303377,-1.681656199,-0.482496530,-0.637117526,0.008525945,-0.017605616
28.800000000,-0.393757070,0.536454100,4.942724765,-1.675404210,-0.894348912,-0.103946045,4.963156059,-1.692839903,-0.500591842,-0.640400145,0.020431294,-0.017435693
28.830000000,-0.394399650,0.518399590,4.936191853,-1.684073706,-0.908708703,-0.124454410,4.963789565,-1.701208346,-0.514309053,-0.642854000,0.027597712,-0.017134640
28.860000000,-0.394936548,0.500380735,4.934934709,-1.692131206,-0.923112097,-0.144913722,4.964431926,-1.709586089,-0.528175549,-0.645294457,0.029497217,-0.017454883
28.900000000,-0.395497859,0.476442523,4.938905820,-1.703945580,-0.942374488,-0.172140568,4.965308361,-1.720783181,-0.546876629,-0.648583091,0.026402542,-0.016837601
28.930000000,-0.395810675,0.458551583,4.946554180,-1.712507118,-0.956862176,-0.192512009,4.965991817,-1.729179327,-0.561051502,-0.651063592,0.019437637,-0.016672209
28.960000000,-0.396021376,0.440725733,4.945683406,-1.720377118,-0.971388628,-0.212826601,4.966692445,-1.737555257,-0.575367252,-0.653552334,0.021009039,-0.017178139
29.000000000,-0.547052179,0.260987371,4.948206567,-1.732825714,-0.990811688,-0.239856457,4.967633401,-1.748721795,-0.443759509,-0.500843828,0.019426834,-0.015896081
29.030000000,-0.549017739,0.241193315,4.952768743,-1.740993577,-1.005422132,-0.260101069,4.968331376,-1.757114395,-0.456404393,-0.501294383,0.015562632,-0.016120818
29.060000000,-0.550891958,0.221448627,4.952026822,-1.749313577,-1.020075222,-0.280313743,4.969020860,-1.765511192,-0.469183264,-0.501762370,0.016994038,-0.016197614
29.100000000,-0.553242550,0.195167643,4.959825620,-1.759808668,-1.039663953,-0.307205383,4.969940898,-1.776686151,-0.486421403,-0.502373027,0.010115278,-0.016877483
29.130000000,-0.554896581,0.175504154,4.955897564,-1.767629879,-1.054389628,-0.327336732,4.970627411,-1.785056723,-0.499493047,-0.502840886,0.014729848,-0.017426844
29.160000000,-0.556456053,0.155879534,4.955185678,-1.775712379,-1.069144352,-0.347451169,4.971308802,-1.793439209,-0.512688299,-0.503330703,0.016123123,-0.017726830
29.200000000,-0.558405153,0.129776083,4.959534064,-1.787404188,-1.088845748,-0.374252820,4.972196752,-1.804629362,-0.530440595,-0.504028903,0.012662687,-0.017225174
29.230000000,-0.559763799,0.110251616,4.964740109,-1.795760022,-1.103636499,-0.394329828,4.972855994,-1.813014503,-0.543872701,-0.504581443,0.008115885,-0.017254481
29.260000000,-0.561022030,0.090787630,4.964230817,-1.804140022,-1.118441171,-0.414380243,4.973505614,-1.821390298,-0.557419142,-0.505167873,0.009274797,-0.017250276
29.300000000,-0.562562875,0.064919547,4.952588625,-1.814818024,-1.138209078,-0.441100718,4.974363688,-1.832566011,-0.575646203,-0.506020265,0.021775063,-0.017747987
29.330000000,-0.563600266,0.045567136,4.965259279,-1.823248589,-1.153061659,-0.461138772,4.974989421,-1.840961497,-0.589461393,-0.506705909,0.009730143,-0.017712907
29.360000000,-0.564520858,0.026248561,4.964644791,-1.831268589,-1.167942237,-0.481163385,4.975610794,-1.849355511,-0.603421380,-0.507411946,0.010966003,-0.018086922
29.400000000,-0.565598834,0.000559151,4.963856205,-1.842246908,-1.187822917,-0.507833117,4.976447207,-1.860527274,-0.622224083,-0.508392269,0.012591002,-0.018280366
29.430000000,-0.566291120,-0.018652172,4.965226826,-1.850664506,-1.202770008,-0.527823136,4.977074586,-1.868902523,-0.636478889,-0.509170964,0.011847760,-0.018238017
29.460000000,-0.566887368,-0.037824918,4.964568530,-1.858794506,-1.217762973,-0.547814871,4.977694922,-1.877295036,-0.650875605,-0.509989953,0.013126391,-0.018500529
29.500000000,-0.757748874,-0.165379745,4.959329752,-1.869629851,-1.237819070,-0.574462276,4.978510139,-1.888494085,-0.480070195,-0.409082531,0.019180387,-0.018864234
29.530000000,-0.760654338,-0.185828444,4.963520169,-1.879405548,-1.252910632,-0.594428138,4.979114200,-1.896880022,-0.492256294,-0.408599694,0.015594031,-0.017474474
29.560000000,-0.763444833,-0.206225507,4.962742342,-1.887800548,-1.268057686,-0.614376680,4.979715787,-1.905264309,-0.504612853,-0.408151173,0.016973444,-0.017463761
29.600000000,-0.766997578,-0.233351009,4.955458897,-1.899485177,-1.288334083,-0.640973705,4.980527814,-1.916469722,-0.521336506,-0.407622695,0.025068917,-0.016984545
29.630000000,-0.769570084,-0.253651874,4.959209242,-1.908688534,-1.303592554,-0.660924234,4.981135526,-1.924891454,-0.534022470,-0.407272361,0.021926284,-0.016202920
29.660000000,-0.772065343,-0.273911407,4.958297103,-1.917131034,-1.318879223,-0.680869086,4.981750497,-1.933305650,-0.546813880,-0.406957679,0.023453394,-0.016174616
29.700000000,-0.775262092,-0.300853867,4.958118588,-1.927753401,-1.339274814,-0.707461038,4.982581849,-1.944505730,-0.564012722,-0.406607171,0.024463260,-0.016752329
29.730000000,-0.777551329,-0.320991508,4.949595692,-1.936766853,-1.354577680,-0.727422132,4.983216966,-1.952903482,-0.577026351,-0.406430624,0.033621274,-0.016136629
29.760000000,-0.779746367,-0.341077067,4.948351861,-1.944976853,-1.369887727,-0.747410627,4.983853427,-1.961300063,-0.590141360,-0.406333559,0.035501566,-0.016323210
29.800000000,-0.782533541,-0.367810966,4.949234687,-1.956253255,-1.390309972,-0.774079889,4.984711259,-1.972489498,-0.607776431,-0.406268924,0.035476573,-0.016236244
29.830000000,-0.784512324,-0.387815766,4.944936232,-1.965565873,-1.405636234,-0.794084286,4.985367939,-1.980873649,-0.621123910,-0.406268520,0.040431707,-0.015307776
29.860000000,-0.786394967,-0.407768974,4.943626385,-1.973545873,-1.420985548,-0.814098394,4.986042107,-1.989257518,-0.634590581,-0.406329420,0.042415722,-0.015711645
29.900000000,-0.788745501,-0.434295111,4.946179718,-1.984842679,-1.441501074,-0.840809840,4.986954890,-2.000451593,-0.652755573,-0.406514729,0.040775172,-0.015608914
29.930000000,-0.790402558,-0.454166454,4.951387808,-1.992992720,-1.456928428,-0.860854519,4.987649840,-2.008853838,-0.666525870,-0.406688065,0.036262032,-0.015861118
29.960000000,-0.791975258,-0.474026817,4.950332965,-2.001195220,-1.472395804,-0.880893359,4.988357715,-2.017243763,-0.680420547,-0.406866542,0.038024750,-0.016048543
30.000000000,-1.140038881,-0.606258039,4.957126829,-2.012377295,-1.493082453,-0.907606863,4.989310631,-2.028417502,-0.353043572,-0.301348824,0.032183802,-0.016040207
30.030000000,-1.146011832,-0.627439523,4.963075786,-2.020525058,-1.508656660,-0.927650007,4.990029904,-2.036806236,-0.362644827,-0.300210484,0.026954118,-0.016281178
30.060000000,-1.151897132,-0.648592692,4.962364622,-2.028595058,-1.524296766,-0.947699929,4.990755142,-2.045204575,-0.372399634,-0.299107237,0.028390520,-0.016609517
30.100000000,-1.159628817,-0.676737838,4.952379793,-2.039676606,-1.545220568,-0.974423650,4.991736317,-2.056404022,-0.385591751,-0.297685812,0.039356524,-0.016727416
30.130000000,-1.165346782,-0.697809537,4.954611818,-2.047823690,-1.560941357,-0.994463355,4.992472721,-2.064795222,-0.395594575,-0.296653818,0.037860903,-0.016971532
30.160000000,-1.170994345,-0.718839012,4.953644188,-2.055851190,-1.576656443,-1.014531645,4.993220235,-2.073179068,-0.405662099,-0.295692632,0.039576047,-0.017327877
30.200000000,-1.178418767,-0.746822946,4.958570351,-2.067140634,-1.597554241,-1.041367319,4.994238249,-2.084339342,-0.419135474,-0.294544373,0.035667898,-0.017198709
30.230000000,-1.183894545,-0.767777254,4.958618831,-2.076264887,-1.613156062,-1.061558048,4.995018450,-2.092698748,-0.429261516,-0.293780793,0.036399619,-0.016433861
30.260000000,-1.189277957,-0.788689388,4.957795264,-2.084487387,-1.628665373,-1.081810412,4.995809845,-2.101076465,-0.439387416,-0.293121025,0.038014581,-0.016589078
30.300000000,-1.196325808,-0.816491702,4.972917836,-2.095574780,-1.649224993,-1.108907902,4.996873971,-2.112260092,-0.452899185,-0.292416200,0.023956135,-0.016685312
30.330000000,-1.201516297,-0.837282415,4.975139547,-2.103919969,-1.664566575,-1.129310664,4.997676788,-2.120632242,-0.463050278,-0.292028249,0.022537241,-0.016712273
30.360000000,-1.206638158,-0.858015140,4.974773728,-2.112362469,-1.679837619,-1.149785073,4.998470972,-2.128995342,-0.473199461,-0.291769933,0.023697244,-0.016632873
30.400000000,-1.213361060,-0.885589050,4.979096968,-2.122198803,-1.700108434,-1.177154263,4.999510073,-2.140167358,-0.486747374,-0.291565213,0.020413105,-0.017968555
30.430000000,-1.218311481,-0.906217913,4.986837968,-2.130613391,-1.715252859,-1.197728581,5.000268060,-2.148558331,-0.496941378,-0.291510668,0.013430092,-0.017944940
30.460000000,-1.223190855,-0.926803322,4.986703219,-2.138945891,-1.730357772,-1.218357486,5.001010382,-2.156942640,-0.507166917,-0.291554164,0.014307164,-0.017996749
30.500000000,-1.470067018,-0.980780083,4.985862113,-2.150427737,-1.750461792,-1.245930336,5.001968660,-2.168113488,-0.280394774,-0.265150254,0.016106548,-0.017685751
30.530000000,-1.477992591,-1.001616192,4.991810390,-2.157656004,-1.765515046,-1.266644011,5.002662996,-2.176497131,-0.287522455,-0.265027819,0.010852606,-0.018841127
30.560000000,-1.485847465,-1.022410399,4.991633083,-2.165941004,-1.780549577,-1.287378180,5.003342060,-2.184899027,-0.294702112,-0.264967781,0.011708978,-0.018958023
30.600000000,-1.496202739,-1.050055540,4.985623034,-2.177750621,-1.800580553,-1.315062674,5.004232018,-2.196108787,-0.304377814,-0.265007134,0.018608984,-0.018358166
30.630000000,-1.503887901,-1.070735291,4.979996702,-2.186425426,-1.815582250,-1.335868954,5.004877650,-2.204513714,-0.311694349,-0.265133663,0.024880948,-0.018088288
30.660000000,-1.511516111,-1.091361619,4.979335230,-2.194635426,-1.830528282,-1.356727039,5.005504863,-2.212918510,-0.319012172,-0.265365420,0.026169634,-0.018283084
30.700000000,-1.521586352,-1.118803907,4.978091744,-2.205167078,-1.850334047,-1.384623189,5.006323207,-2.224144704,-0.328747694,-0.265819282,0.028231463,-0.018977626
30.730000000,-1.529044587,-1.139331578,4.973743279,-2.214208558,-1.865079478,-1.405631103,5.006931698,-2.232565974,-0.336034892,-0.266299526,0.033188419,-0.018357417
30.760000000,-1.536423753,-1.159804379,4.972824437,-2.222486058,-1.879706257,-1.426748024,5.007537380,-2.240950987,-0.343282504,-0.266943645,0.034712942,-0.018464929
30.800000000,-1.546134479,-1.187040824,4.986098901,-2.233791970,-1.899033395,-1.455051341,5.008341157,-2.252104467,-0.352898917,-0.268010516,0.022242256,-0.018312498
30.830000000,-1.553330724,-1.207426323,4.968132393,-2.242164644,-1.913387285,-1.476381231,5.008947900,-2.260494022,-0.360056561,-0.268954908,0.040815507,-0.018329377
30.860000000,-1.560442569,-1.227776973,4.966990997,-2.250429644,-1.927602891,-1.497812261,5.009551069,-2.268904222,-0.367160322,-0.270035287,0.042560072,-0.018474578
30.900000000,-1.569809459,-1.254836539,4.962764657,-2.261930475,-1.946392589,-1.526527755,5.010347907,-2.280081178,-0.376583130,-0.271691216,0.047583250,-0.018150703
30.930000000,-1.576747574,-1.275085651,4.961919548,-2.269985384,-1.960368788,-1.548162084,5.010949459,-2.288437518,-0.383621214,-0.273076434,0.049029911,-0.018452134
30.960000000,-1.583630511,-1.295296191,4.960602248,-2.278310384,-1.974229372,-1.569870953,5.011573150,-2.296811830,-0.390598861,-0.274574761,0.050970902,-0.018501446
31.000000000,-1.754913626,-1.392765121,4.960928677,-2.289446595,-1.992568480,-1.598892235,5.012437652,-2.308007161,-0.237654854,-0.206127114,0.051508976,-0.018560566
31.030000000,-1.763791776,-1.413813160,4.960154217,-2.298238035,-2.006235241,-1.620709767,5.013117533,-2.316397599,-0.242443464,-0.206896607,0.052963316,-0.018159564
31.060000000,-1.772610002,-1.434829493,4.958884140,-2.306278035,-2.019832527,-1.642566122,5.013826056,-2.324767050,-0.247222525,-0.207736629,0.054941916,-0.018489015
31.100000000,-1.784270521,-1.462815886,4.955338566,-2.316513622,-2.037867177,-1.671720145,5.014815421,-2.335929015,-0.253596657,-0.208904259,0.059476855,-0.019415393
31.130000000,-1.792922638,-1.483764170,4.963246920,-2.325305980,-2.051312184,-1.693569694,5.015593980,-2.344317300,-0.258389546,-0.209805524,0.052347060,-0.019011320
31.160000000,-1.801497542,-1.504682334,4.962183889,-2.333185980,-2.064675361,-1.715393095,5.016413459,-2.352706710,-0.263177819,-0.210710761,0.054229570,-0.019520730
31.200000000,-1.812826338,-1.532519655,4.969983198,-2.344827439,-2.082391538,-1.744454477,5.017566655,-2.363873153,-0.269565199,-0.211934822,0.047583457,-0.019045714
31.230000000,-1.821271175,-1.553368618,4.964306727,-2.353544537,-2.095597329,-1.766208879,5.018464744,-2.372239801,-0.274326154,-0.212840261,0.054158016,-0.018695264
31.260000000,-1.829659436,-1.574181454,4.963380991,-2.361549537,-2.108707034,-1.787891706,5.019392227,-2.380615047,-0.279047599,-0.213710252,0.056011237,-0.019065510
31.300000000,-1.840747889,-1.601865156,4.968053862,-2.373013635,-2.126057817,-1.816677480,5.020655551,-2.391789892,-0.285309928,-0.214812324,0.052601690,-0.018776257
31.330000000,-1.848987226,-1.622580707,4.977406511,-2.380470362,-2.138986924,-1.838163105,5.021633772,-2.400171655,-0.289999698,-0.215582398,0.044227261,-0.019701293
31.360000000,-1.857168265,-1.643253717,4.976944984,-2.388592862,-2.151840686,-1.859524449,5.022635558,-2.408560320,-0.294672420,-0.216270732,0.045690574,-0.019967458
31.400000000,-1.867989414,-1.670764947,4.982770678,-2.400185215,-2.168868729,-1.887791281,5.024004328,-2.419750766,-0.300879315,-0.217026333,0.041233650,-0.019565552
31.430000000,-1.876033524,-1.691357294,4.983562071,-2.409177313,-2.181553759,-1.908800927,5.025044737,-2.428135191,-0.305520235,-0.217443633,0.041482665,-0.018957878
31.460000000,-1.884015728,-1.711912319,4.983278153,-2.417282313,-2.194165295,-1.929600497,5.026096390,-2.436518337,-0.310149566,-0.217688178,0.042818237,-0.019236024
31.500000000,-2.048333126,-1.787904374,4.992730066,-2.428599706,-2.210899900,-1.957027849,5.027503893,-2.447731217,-0.162566774,-0.169123475,0.034773828,-0.019131511
31.530000000,-2.058246501,-1.809059764,4.991386769,-2.438445982,-2.223386469,-1.977340446,5.028562437,-2.456155698,-0.165139968,-0.168280682,0.037175668,-0.017709716
31.560000000,-2.068109063,-1.830199211,4.991307002,-2.446523482,-2.235798134,-1.997357991,5.029619839,-2.464556876,-0.167689071,-0.167158780,0.038312837,-0.018033393
31.600000000,-2.081177242,-1.858322766,4.983899789,-2.457750848,-2.252246998,-2.023624571,5.031017220,-2.475748345,-0.171069755,-0.165301806,0.047117431,-0.017997498
31.630000000,-2.090917798,-1.879372404,4.973168633,-2.465670236,-2.264507961,-2.042994518,5.032056346,-2.484161907,-0.173590163,-0.163622114,0.058887713,-0.018491671
31.660000000,-2.100609651,-1.900379318,4.972414487,-2.473655236,-2.276675369,-2.062013267,5.033091860,-2.492593922,-0.176065718,-0.161633948,0.060677373,-0.018938685
31.700000000,-2.113471145,-1.928357111,4.978118082,-2.484867324,-2.292722856,-2.086842196,5.034482330,-2.503846478,-0.179251712,-0.158485085,0.056364248,-0.018979154
31.730000000,-2.123086251,-1.949328257,4.980507947,-2.493493628,-2.304594568,-2.105008143,5.035544698,-2.512233200,-0.181508317,-0.155679886,0.055036751,-0.018739573
31.760000000,-2.132657920,-1.970305370,4.979975265,-2.501581128,-2.316293506,-2.122651924,5.036615365,-2.520575457,-0.183635585,-0.152346553,0.056640100,-0.018994329
31.800000000,-2.145341247,-1.998269924,4.988981307,-2.512856582,-2.331678668,-2.145400684,5.038039035,-2.531807159,-0.186337421,-0.147130759,0.049057727,-0.018950577
31.830000000,-2.154799383,-2.019243444,4.984535213,-2.522646769,-2.343054809,-2.161821726,5.039089392,-2.540348286,-0.188255427,-0.142578283,0.054554178,-0.017701516
31.860000000,-2.164213815,-2.040217067,4.984087664,-2.530489269,-2.354240428,-2.177526893,5.040122508,-2.548851969,-0.190026613,-0.137309827,0.056034844,-0.018362700
31.900000000,-2.176697465,-2.068164324,4.991938970,-2.541911007,-2.368868227,-2.197438172,5.041461710,-2.560016982,-0.192170763,-0.129273848,0.049522740,-0.018105975
31.930000000,-2.186009269,-2.089100243,5.001484884,-2.550783220,-2.379617149,-2.211572584,5.042445602,-2.568403125,-0.193607880,-0.122472340,0.040960719,-0.017619904
31.960000000,-2.195278078,-2.110043703,5.001555687,-2.558890720,-2.390126975,-2.224883631,5.043399387,-2.576940078,-0.194848897,-0.114839928,0.041843700,-0.018049358
32.000000000,-2.270393563,-2.162933712,5.014362282,-2.571013906,-2.403759585,-2.241490940,5.044621430,-2.588314912,-0.133366022,-0.078557229,0.030259148,-0.017301006
32.030000000,-2.280409148,-2.184218501,5.026841674,-2.578893846,-2.413655949,-2.253068919,5.045484834,-2.596687351,-0.133246801,-0.068850418,0.018643160,-0.017793505
32.060000000,-2.290392004,-2.205492350,5.027541305,-2.586951346,-2.423195609,-2.263762530,5.046288878,-2.605001835,-0.132803605,-0.058270180,0.018747573,-0.018050489
32.100000000,-2.303656590,-2.233859147,5.024866645,-2.597970930,-2.435409853,-2.276845481,5.047278753,-2.616266899,-0.131753262,-0.042986334,0.022412108,-0.018295969
32.130000000,-2.313593726,-2.255164178,5.022718493,-2.606470484,-2.444153363,-2.285773070,5.047943004,-2.624795267,-0.130559637,-0.030608892,0.025224511,-0.018324783
32.160000000,-2.323532496,-2.276487954,5.023049245,-2.614532984,-2.452419947,-2.293806226,5.048539873,-2.633192331,-0.128887451,-0.017318272,0.025490628,-0.018659347
32.200000000,-2.336763154,-2.304938031,5.012064574,-2.625859446,-2.462754805,-2.303330637,5.049260853,-2.644243622,-0.125991651,0.001607394,0.037196279,-0.018384175
32.230000000,-2.346632499,-2.326303662,5.019208668,-2.633551257,-2.469975134,-2.309596608,5.049756618,-2.652611500,-0.123342635,0.016707055,0.030547949,-0.019060243
32.260000000,-2.356480503,-2.347705431,5.019281117,-2.641653757,-2.476635467,-2.314992175,5.050202423,-2.661105148,-0.120154963,0.032713256,0.030921307,-0.019451391
32.300000000,-2.369606066,-2.376278038,5.031223001,-2.653202712,-2.484702040,-2.321016685,5.050736611,-2.672347805,-0.115095973,0.055261354,0.019513610,-0.019145093
32.330000000,-2.379442433,-2.397735517,5.028596540,-2.661996327,-2.490109535,-2.324659162,5.051073501,-2.680648028,-0.110667102,0.073076355,0.022476962,-0.018651701
32.360000000,-2.389261272,-2.419225562,5.028820913,-2.670291327,-2.494862595,-2.327440220,5.051335096,-2.688970581,-0.105601322,0.091785342,0.022514183,-0.018679254
32.400000000,-2.402348605,-2.447935655,5.030554466,-2.682132341,-2.500309924,-2.330019983,5.051556573,-2.700249879,-0.097961319,0.117915672,0.021002107,-0.018117537
32.430000000,-2.412181839,-2.469525065,5.027701563,-2.691942659,-2.503694979,-2.331110942,5.051625376,-2.708735585,-0.091513140,0.138414123,0.023923813,-0.016792926
32.460000000,-2.422030643,-2.491162621,5.027662417,-2.699860159,-2.506339046,-2.331360762,5.051594565,-2.717093579,-0.084308403,0.159801859,0.023932148,-0.017233420
32.500000000,-2.516754022,-2.401721765,5.028967716,-2.710779277,-2.508859220,-2.330594066,5.051423677,-2.728188702,0.007894802,0.071127699,0.022455962,-0.017409425
32.530000000,-2.527680170,-2.421883408,5.031069456,-2.719639791,-2.509993618,-2.329212425,5.051203793,-2.736616200,0.017686553,0.092670983,0.020134337,-0.016976408
32.560000000,-2.538611275,-2.442093640,5.030928403,-2.727364791,-2.510350126,-2.327037500,5.050886563,-2.745111705,0.028261150,0.115056141,0.019958159,-0.017746914
32.600000000,-2.553223095,-2.469116102,5.035294325,-2.738700832,-2.509731960,-2.323098914,5.050330676,-2.756327153,0.043491134,0.146017188,0.015036351,-0.017626321
32.630000000,-2.564196004,-2.489437215,5.029863617,-2.747263975,-2.508422884,-2.319398043,5.049802132,-2.764641266,0.055773120,0.170039172,0.019938515,-0.017377291
32.660000000,-2.575193826,-2.509809631,5.029474496,-2.755546475,-2.506255898,-2.315005999,5.049168987,-2.772988223,0.068937928,0.194803632,0.019694491,-0.017441748
32.700000000,-2.589897268,-2.537062429,5.035621450,-2.766798557,-2.502199697,-2.308295549,5.048179674,-2.784216740,0.087697571,0.228766880,0.012558224,-0.017418183
32.730000000,-2.600966130,-2.557572652,5.032524769,-2.775527834,-2.498255265,-2.302645173,5.047336183,-2.792630979,0.102710865,0.254927480,0.014811414,-0.017103145
32.760000000,-2.612078855,-2.578149823,5.032034254,-2.783762834,-2.493390814,-2.296392226,5.046381479,-2.800990860,0.118688041,0.281757597,0.014347225,-0.017228026
32.800000000,-2.626958143,-2.605695807,5.020687649,-2.794678378,-2.485692831,-2.287267743,5.044958322,-2.812153215,0.141265311,0.318428064,0.024270673,-0.017474837
32.830000000,-2.638157383,-2.626456298,5.040206269,-2.803305546,-2.479022623,-2.279841369,5.043779570,-2.820594700,0.159134760,0.346614929,0.003573301,-0.017289154
32.860000000,-2.649405100,-2.647304699,5.039765514,-2.811445546,-2.471448200,-2.271833200,5.042500847,-2.829058026,0.177956900,0.375471498,0.002735333,-0.017612480
32.900000000,-2.664494794,-2.675222966,5.041543762,-2.822760123,-2.460126020,-2.260384028,5.040669073,-2.840255770,0.204368774,0.414838938,-0.000874689,-0.017495647
32.930000000,-2.675866045,-2.696240670,5.039555189,-2.831634735,-2.450726131,-2.251231526,5.039181917,-2.848615287,0.225139913,0.445009144,-0.000373272,-0.016980553
32.960000000,-2.687279195,-2.717340380,5.038873683,-2.839829735,-2.440438122,-2.241533728,5.037582363,-2.857032453,0.246841073,0.475806653,-0.001291320,-0.017202719
33.000000000,-2.680236736,-2.587583315,5.033547724,-2.851844935,-2.425538590,-2.227898138,5.035302558,-2.868316199,0.254698146,0.359685178,0.001754834,-0.016471264
33.030000000,-2.691505144,-2.606772431,5.027679803,-2.861238614,-2.413465105,-2.217153339,5.033490481,-2.876738998,0.278040040,0.389619092,0.005810678,-0.015500384
33.060000000,-2.702833726,-2.626041414,5.026439135,-2.869506114,-2.400494769,-2.205908957,5.031577320,-2.885114744,0.302338957,0.420132457,0.005138185,-0.015608631
33.100000000,-2.718034311,-2.651882144,5.038663992,-2.880642995,-2.382030122,-2.190290266,5.028912377,-2.896330327,0.336004189,0.461591878,-0.009751615,-0.015687332
33.130000000,-2.729518889,-2.671379979,5.040123855,-2.890124643,-2.367307912,-2.178139731,5.026833417,-2.904797377,0.362210978,0.493240248,-0.013290439,-0.014672734
33.160000000,-2.741084766,-2.690950978,5.039169977,-2.898459643,-2.351696376,-2.165594513,5.024674920,-2.913250950,0.389388389,0.525356464,-0.014495057,-0.014791307
33.200000000,-2.756637100,-2.717191921,5.029451866,-2.909358045,-2.329695107,-2.148397099,5.021661500,-2.924461860,0.426941993,0.568794822,-0.007790366,-0.015103814
33.230000000,-2.768408335,-2.736986827,5.031224885,-2.917738055,-2.312328608,-2.135174112,5.019306467,-2.932875813,0.456079727,0.601812715,-0.011918418,-0.015137759
33.260000000,-2.780277541,-2.756889106,5.029878907,-2.925955555,-2.294125004,-2.121643176,5.016876167,-2.941328221,0.486152537,0.635245930,-0.013002740,-0.015372666
33.300000000,-2.796279259,-2.783582471,5.019554559,-2.937741222,-2.268740556,-2.103192611,5.013569865,-2.952586306,0.527538703,0.680389859,-0.005984694,-0.014845084
33.330000000,-2.808389246,-2.803727909,5.015044400,-2.945925599,-2.248869542,-2.089046846,5.011040554,-2.960971061,0.559519703,0.714681063,-0.004003846,-0.015045461
33.360000000,-2.820595797,-2.823968078,5.013200633,-2.954178099,-2.228194180,-2.074599026,5.008464924,-2.969324534,0.592401618,0.749369053,-0.004735709,-0.015146434
33.400000000,-2.837023184,-2.851120526,4.996333898,-2.966003443,-2.199604831,-2.054947245,5.004987819,-2.980518172,0.637418353,0.796173281,0.008653921,-0.014514729
33.430000000,-2.849467090,-2.871604793,5.005785558,-2.973950724,-2.177408658,-2.039926448,5.002354330,-2.988942030,0.672058432,0.831678344,-0.003431228,-0.014991306
33.460000000,-2.862029252,-2.892201572,5.003811265,-2.981998224,-2.154457250,-2.024634508,4.999707888,-2.997319595,0.707572002,0.867567064,-0.004103377,-0.015321370
33.500000000,-2.634385956,-2.558717007,4.999939902,-2.992701790,-2.122877829,-2.003906300,4.996157808,-3.008433335,0.511508127,0.554810707,-0.003782094,-0.015731545
33.530000000,-2.643944986,-2.574748253,5.003990190,-3.000755176,-2.098496239,-1.988123491,4.993483478,-3.016792729,0.545448747,0.586624762,-0.010506712,-0.016037553
33.560000000,-2.653632782,-2.590874974,5.002073131,-3.009045176,-2.073445589,-1.972123253,4.990795171,-3.025195233,0.580187193,0.618751721,-0.011277960,-0.016150057
33.600000000,-2.666754690,-2.612549737,5.005796863,-3.021427175,-2.039150374,-1.950530133,4.987200609,-3.036380768,0.627604316,0.662019603,-0.018596254,-0.014953593
33.630000000,-2.676745183,-2.628938776,4.989825324,-3.029748158,-2.012761555,-1.934172228,4.984487572,-3.044730117,0.663983628,0.694766548,-0.005337752,-0.014981959
33.660000000,-2.686861536,-2.645440033,4.987587864,-3.037835658,-1.985736069,-1.917699954,4.981760069,-3.053077803,0.701125467,0.727740079,-0.005827795,-0.015242145
33.700000000,-2.700543104,-2.667611794,4.970428440,-3.049286076,-1.948901497,-1.895645562,4.978116401,-3.064247906,0.751641608,0.771966232,0.007687961,-0.014961829
33.730000000,-2.710951585,-2.684382520,4.974605586,-3.058685998,-1.920686586,-1.879062067,4.975399992,-3.072633175,0.790264998,0.805320452,0.000794406,-0.013947177
33.760000000,-2.721484993,-2.701265924,4.972126810,-3.066815998,-1.891889038,-1.862451418,4.972720560,-3.081006200,0.829595955,0.838814506,0.000593750,-0.014190202
33.800000000,-2.735719574,-2.723967700,4.971262922,-3.077673135,-1.852757293,-1.840276424,4.969206596,-3.092158920,0.882962281,0.883691276,-0.002056326,-0.014485786
33.830000000,-2.746545751,-2.741129889,4.963138962,-3.086759710,-1.822896435,-1.823626884,4.966621746,-3.100526190,0.923649316,0.917503004,0.003482784,-0.013766481
33.860000000,-2.757525070,-2.758414613,4.960605760,-3.094872210,-1.792552056,-1.806959954,4.964079331,-3.108898116,0.964973014,0.951454659,0.003473571,-0.014025906
33.900000000,-2.772393978,-2.781640698,4.946836802,-3.105858333,-1.751458873,-1.784716162,4.960748673,-3.120041201,1.020935105,0.996924536,0.013911871,-0.014182868
33.930000000,-2.783726607,-2.799202458,4.943788618,-3.114397532,-1.720182294,-1.768020675,4.958296455,-3.128377703,1.063544313,1.031181783,0.014507836,-0.013980170
33.960000000,-2.795199785,-2.816886520,4.940968586,-3.122650032,-1.688492975,-1.751317481,4.955907241,-3.136716847,1.106706810,1.065569039,0.014938654,-0.014066814
34.000000000,-2.373027479,-2.366319182,4.926125913,-3.133728850,-1.645737247,-1.729043638,4.952810966,3.135330260,0.727290232,0.637275544,0.026685054,-0.014126197
34.030000000,-2.379052965,-2.377947709,4.939337511,-3.141424094,-1.613301148,-1.712341943,4.950566578,3.126978648,0.765751817,0.665605766,0.011229067,-0.014782564
34.060000000,-2.385249070,-2.389677508,4.936823110,3.133578713,-1.580508100,-1.695652704,4.948404959,3.118638733,0.804740970,0.694024803,0.011581849,-0.014939980
34.100000000,-2.393775883,-2.405480408,4.941209546,3.122722299,-1.536358084,-1.673436097,4.945641937,3.107516051,0.857417799,0.732044312,0.004432391,-0.015206248
34.130000000,-2.400363058,-2.417432275,4.929026880,3.115062128,-1.502959364,-1.656820053,4.943648845,3.099159215,0.897403694,0.760612222,0.014621965,-0.015902914
34.160000000,-2.407104423,-2.429486798,4.926609026,3.106604628,-1.469289882,-1.640279665,4.941728285,3.090788248,0.937814540,0.789207133,0.015119259,-0.015816380
34.200000000,-2.416328760,-2.445733669,4.920351605,3.094873528,-1.424051145,-1.618360875,4.939256756,3.079613884,0.992277615,0.827372794,0.018905151,-0.015259644
34.230000000,-2.423424820,-2.458050068,4.919835044,3.086947663,-1.389893024,-1.602034028,4.937479559,3.071225814,1.033531796,0.856016041,0.017644515,-0.015721849
34.260000000,-2.430686177,-2.470475504,4.917496465,3.078577663,-1.355551250,-1.585819674,4.935792034,3.062847266,1.075134927,0.884655831,0.018295569,-0.015730398
34.300000000,-2.440635753,-2.487237127,4.917373867,3.067596020,-1.309545353,-1.564341802,4.933660456,3.051692632,1.131090400,0.922895325,0.016286590,-0.015903389
34.330000000,-2.448286988,-2.499939067,4.898813149,3.058439704,-1.274881968,-1.548332862,4.932154694,3.043333857,1.173405020,0.951606205,0.033341544,-0.015105847
34.360000000,-2.456124180,-2.512749656,4.896210021,3.050269704,-1.240082342,-1.532415059,4.930729104,3.034983835,1.216041838,0.980334597,0.034519082,-0.015285869
34.400000000,-2.466845680,-2.529977953,4.898239891,3.038570280,-1.193559734,-1.511301749,4.928948158,3.023857582,1.273285946,1.018676204,0.030708268,-0.014712698
34.430000000,-2.475088893,-2.543026013,4.893106037,3.030178697,-1.158601309,-1.495545012,4.927714962,3.015512817,1.316487584,1.047481002,0.034608925,-0.014665879
34.460000000,-2.483499560,-2.556187400,4.890770326,3.021933697,-1.123582253,-1.479865189,4.926589387,3.007168656,1.359917307,1.076322211,0.035819061,-0.014765041
34.500000000,-2.069505415,-2.183646197,4.902753577,3.011224581,-1.076827532,-1.459059334,4.925201786,2.996048519,0.992677883,0.724586863,0.022448209,-0.015176062
34.530000000,-2.072638141,-2.191850136,4.894893494,3.003052807,-1.041747713,-1.443526418,4.924250467,2.987708451,1.030890428,0.748323718,0.029356973,-0.015344357
34.560000000,-2.075950019,-2.200168859,4.892961604,2.994577807,-1.006691702,-1.428060456,4.923388010,2.979363423,1.069258317,0.772108403,0.030426406,-0.015214384
34.600000000,-2.080660125,-2.211456488,4.890387173,2.983936116,-0.959993840,-1.407530275,4.922360380,2.968233783,1.120666285,0.803926213,0.031973207,-0.015702334
34.630000000,-2.084401275,-2.220059190,4.893774345,2.975166091,-0.925004799,-1.392205515,4.921686641,2.959886441,1.159396476,0.827853676,0.027912296,-0.015279650
34.660000000,-2.088316487,-2.228771045,4.892158556,2.967146091,-0.890077197,-1.376956634,4.921104546,2.951538359,1.198239290,0.851814411,0.028945990,-0.015607732
34.700000000,-2.093808099,-2.240530737,4.895533982,2.955428669,-0.843643545,-1.356725334,4.920452035,2.940403947,1.250164554,0.883805403,0.024918053,-0.015024722
34.730000000,-2.098152550,-2.249483247,4.898915360,2.946936659,-0.808937122,-1.341627483,4.920047992,2.932052595,1.289215427,0.907855764,0.021132632,-0.014884064
34.760000000,-2.102692604,-2.258541162,4.897778172,2.938721659,-0.774348869,-1.326606381,4.919731112,2.923697748,1.328343735,0.931934782,0.021952940,-0.015023911
34.800000000,-2.109021474,-2.270776372,4.897661014,2.927929110,-0.728408908,-1.306674267,4.919404304,2.912553504,1.380612566,0.964102105,0.021743290,-0.015375607
34.830000000,-2.113966600,-2.280073468,4.892724109,2.918483460,-0.694118893,-1.291787916,4.919232367,2.904195537,1.419847707,0.988285552,0.026508259,-0.014287924
34.860000000,-2.119109991,-2.289475032,4.891631607,2.910310960,-0.660019974,-1.276955322,4.919128951,2.895838467,1.459090017,1.012519710,0.027497345,-0.014472493
34.900000000,-2.126259524,-2.302175984,4.881523642,2.898727447,-0.614808054,-1.257247145,4.919098203,2.884692958,1.511451470,1.044928839,0.037574561,-0.014034490
34.930000000,-2.131835454,-2.311822837,4.881918190,2.889663231,-0.581091139,-1.242514821,4.919154127,2.876331514,1.550744315,1.069308016,0.037235937,-0.013331717
34.960000000,-2.137596013,-2.321582969,4.880743837,2.881383231,-0.547594438,-1.227820968,4.919295191,2.867969583,1.590001575,1.093762001,0.038551354,-0.013413648
35.000000000,-1.488489859,-1.907016759,4.892571189,2.870500079,-0.503265083,-1.208265111,4.919598823,2.856819127,0.985224777,0.698751648,0.027027634,-0.013680952
35.030000000,-1.485910233,-1.911311457,4.891148558,2.862368161,-0.470270035,-1.193621640,4.919912736,2.848454222,1.015640198,0.717689816,0.028764178,-0.013913939
35.060000000,-1.483491250,-1.915692661,4.890512688,2.854183161,-0.437520548,-1.179000425,4.920311606,2.840087030,1.045970701,0.736692236,0.029798918,-0.014096131
35.100000000,-1.480532530,-1.921695960,4.894063122,2.842165689,-0.394208177,-1.159520031,4.920944118,2.828933277,1.086324353,0.762175929,0.026880995,-0.013232412
35.130000000,-1.478501684,-1.926334042,4.894305632,2.833570362,-0.362019255,-1.144902602,4.921498263,2.820566662,1.116482428,0.781431440,0.027192631,-0.013003700
35.160000000,-1.476645386,-1.931088590,4.893920377,2.825512862,-0.330137429,-1.130260472,4.922116394,2.812196421,1.146507957,0.800828118,0.028196017,-0.013316441
35.200000000,-1.474458442,-1.937569275,4.904262353,2.814092799,-0.288019189,-1.110691542,4.923019809,2.801044103,1.186439253,0.826877733,0.018757457,-0.013048696
35.230000000,-1.473025538,-1.942543681,4.910512985,2.805548813,-0.256723930,-1.095969352,4.923741550,2.792693279,1.216301608,0.846574329,0.013228565,-0.012855534
35.260000000,-1.471746712,-1.947621739,4.910713748,2.797188813,-0.225749570,-1.081182152,4.924503992,2.784340070,1.245997142,0.866439586,0.013790244,-0.012848744
35.300000000,-1.470313793,-1.954536970,4.913802434,2.786389251,-0.184903680,-1.061360899,4.925552073,2.773178083,1.285410113,0.893176070,0.011749639,-0.013211168
35.330000000,-1.469447045,-1.959837725,4.920329120,2.777175866,-0.154601199,-1.046415134,4.926359353,2.764802434,1.314845846,0.913422591,0.006030233,-0.012373432
35.360000000,-1.468747799,-1.965232352,4.920794108,2.769105866,-0.124621221,-1.031389777,4.927184881,2.756441673,1.344126579,0.933842576,0.006390773,-0.012664193
35.400000000,-1.468054900,-1.972563745,4.922065693,2.758426798,-0.085105634,-1.011235152,4.928315932,2.745295819,1.382949266,0.961328593,0.006250240,-0.013130979
35.430000000,-1.467710246,-1.978168518,4.909451123,2.750618392,-0.055835314,-0.996016715,4.929182613,2.736918597,1.411874932,0.982151803,0.019731491,-0.013699794
35.460000000,-1.467539603,-1.983854766,4.909490763,2.742305892,-0.026930890,-0.980692893,4.930066557,2.728530678,1.440608713,1.003161873,0.020575794,-0.013775214
35.500000000,-0.906653324,-1.626910143,4.901180969,2.731131281,0.011140968,-0.960125051,4.931282055,2.717363110,0.917794292,0.666785093,0.030101085,-0.013768171
35.530000000,-0.899377857,-1.627920037,4.913639713,2.723286639,0.039338344,-0.944591635,4.932224774,2.708998437,0.938716201,0.683328402,0.018585061,-0.014288202
35.560000000,-0.892257740,-1.629025717,4.913795641,2.714936639,0.067153334,-0.928935524,4.933217538,2.700625624,0.959411074,0.700090193,0.019421897,-0.014311015
35.600000000,-0.883015949,-1.630645221,4.925602069,2.704054422,0.103720918,-0.907884949,4.934607805,2.689445096,0.986736868,0.722760272,0.009005737,-0.014609326
35.630000000,-0.876275395,-1.631963294,4.933968303,2.695851693,0.130769837,-0.891962535,4.935695179,2.681065892,1.007045232,0.740000759,0.001726876,-0.014785802
35.660000000,-0.869694938,-1.633382668,4.934745842,2.687684193,0.157447969,-0.875895680,4.936798188,2.672700163,1.027142907,0.757486989,0.002052347,-0.014984030
35.700000000,-0.861157793,-1.635430357,4.945640953,2.676339176,0.192504285,-0.854253986,4.938265949,2.661534730,1.053662078,0.781176371,-0.007375004,-0.014804446
35.730000000,-0.854920906,-1.637075549,4.941351761,2.667460174,0.218404196,-0.837847252,4.939345287,2.653138193,1.073325102,0.799228297,-0.002006473,-0.014321981
35.760000000,-0.848844735,-1.638809852,4.942127331,2.659217674,0.243925308,-0.821266704,4.940405065,2.644740841,1.092770042,0.817543148,-0.001722265,-0.014476833
35.800000000,-0.840980478,-1.641299323,4.933796236,2.646758178,0.277462738,-0.798931964,4.941789495,2.633570429,1.118443216,0.842367359,0.007993259,-0.013187749
35.830000000,-0.835257204,-1.643281350,4.934260372,2.638238204,0.302237096,-0.782003400,4.942811890,2.625195491,1.137494300,0.861277950,0.008551518,-0.013042713
35.860000000,-0.829689595,-1.645363577,4.934630096,2.630030704,0.326617257,-0.764887173,4.943828461,2.616799103,1.156306851,0.880476404,0.009198365,-0.013231601
35.900000000,-0.822521349,-1.648286952,4.941398183,2.618006424,0.358610276,-0.741818879,4.945190878,2.605594421,1.181131625,0.906468073,0.003792695,-0.012412003
35.930000000,-0.817317171,-1.650592196,4.937821223,2.609654317,0.382235190,-0.724339031,4.946221517,2.597205930,1.199552362,0.926253165,0.008400293,-0.012448387
35.960000000,-0.812256042,-1.652983660,4.938148014,2.601534317,0.405490057,-0.706676676,4.947246243,2.588828143,1.217746098,0.946306984,0.009098229,-0.012706174
36.000000000,-0.320417869,-1.281714980,4.940790519,2.588910990,0.435984637,-0.682866341,4.948596630,2.577637236,0.756402506,0.598848639,0.007806111,-0.011273754
36.030000000,-0.309234469,-1.279346716,4.950328861,2.580617502,0.458474210,-0.664810499,4.949592200,2.569227505,0.767708679,0.614536217,-0.000736660,-0.011389997
36.060000000,-0.298197964,-1.277074035,4.950892291,2.572472502,0.480602565,-0.646563936,4.950588637,2.560828707,0.778800529,0.630510099,-0.000303654,-0.011643795
36.100000000,-0.283705383,-1.274176073,4.953293679,2.560515229,0.509634397,-0.621978538,4.951917099,2.549656364,0.793339780,0.652197536,-0.001376580,-0.010858865
36.130000000,-0.272991814,-1.272118112,4.943907604,2.552608191,0.531040584,-0.603331992,4.952911816,2.541270836,0.804032397,0.668786120,0.009004212,-0.011337355
36.160000000,-0.262406373,-1.270160998,4.944099358,2.544425691,0.552072742,-0.584465394,4.953890378,2.532860043,0.814479115,0.685695603,0.009791021,-0.011565648
36.200000000,-0.248515297,-1.267694502,4.953662731,2.533372052,0.579643746,-0.559023480,4.955181015,2.521648964,0.828159043,0.708671021,0.001518284,-0.011723088
36.230000000,-0.238251846,-1.265964428,4.953034502,2.525082721,0.599983969,-0.539731353,4.956141738,2.513266179,0.838235815,0.726233074,0.003107235,-0.011816542
36.260000000,-0.228105390,-1.264333226,4.953356009,2.516707721,0.619979913,-0.520216687,4.957090922,2.504888571,0.848085304,0.744116538,0.003734913,-0.011819150
36.300000000,-0.214755643,-1.262339647,4.963594319,2.504920419,0.646167884,-0.493881224,4.958322745,2.493682596,0.860923527,0.768458423,-0.005271574,-0.011237823
36.330000000,-0.204892628,-1.260971339,4.955636006,2.495640650,0.665464870,-0.473895564,4.959217611,2.485264132,0.870357498,0.787075775,0.003581605,-0.010376518
36.360000000,-0.195164029,-1.259691175,4.955837161,2.487328150,0.684441190,-0.453687787,4.960085372,2.476869194,0.879605218,0.806003388,0.004248211,-0.010458956
36.400000000,-0.182407320,-1.258134202,4.951589417,2.476409497,0.709317967,-0.426442850,4.961195929,2.465697820,0.891725287,0.831691351,0.009606512,-0.010711677
36.430000000,-0.172986827,-1.257096634,4.956961023,2.467553716,0.727644864,-0.405769285,4.962006327,2.457301005,0.900631692,0.851327349,0.005045304,-0.010252711
36.460000000,-0.163700366,-1.256154280,4.957014583,2.459633716,0.745644464,-0.384853322,4.962794255,2.448880818,0.909344831,0.871300958,0.005779672,-0.010752898
36.500000000,0.166188026,-0.832270536,4.958432105,2.448490400,0.769238950,-0.356660893,4.963832712,2.437673980,0.603050924,0.475609643,0.005400608,-0.010816419
36.530000000,0.179407483,-0.825863271,4.957924580,2.439519769,0.786641874,-0.335292937,4.964591323,2.429294775,0.607234391,0.490570334,0.006666743,-0.010224993
36.560000000,0.192510037,-0.819567082,4.957879509,2.431497269,0.803742614,-0.313688373,4.965338261,2.420907490,0.611232577,0.505878709,0.007458751,-0.010589778
36.600000000,0.209813614,-0.811329238,4.957372846,2.420178826,0.826137774,-0.284557620,4.966315148,2.409688852,0.616324160,0.526771618,0.008942302,-0.010489974
36.630000000,0.222639059,-0.805274082,4.967053944,2.411653205,0.842646750,-0.262477005,4.967040165,2.401274186,0.620007690,0.542797077,-0.000013779,-0.010379019
36.660000000,0.235348219,-0.799322239,4.967158588,2.403315705,0.858887719,-0.240176983,4.967753394,2.392887234,0.623539500,0.559145256,0.000594805,-0.010428471
36.700000000,0.252121808,-0.791540449,4.960652879,2.391847926,0.880179963,-0.210140838,4.968684551,2.381710423,0.628058155,0.581399611,0.008031673,-0.010137504
36.730000000,0.264567356,-0.785826149,4.973021206,2.383480442,0.895870675,-0.187376527,4.969357727,2.373303333,0.631303319,0.598449622,-0.003663480,-0.010177110
36.760000000,0.276890570,-0.780218784,4.973181227,2.375030442,0.911295562,-0.164381964,4.970006341,2.364884463,0.634404992,0.615836821,-0.003174887,-0.010145979
36.800000000,0.293149526,-0.772899817,4.981668444,2.363882425,0.931537850,-0.133437666,4.970854385,2.353689769,0.638388324,0.639462151,-0.010814058,-0.010192656
36.830000000,0.305207845,-0.767537433,4.978390432,2.355370382,0.946481197,-0.110016082,4.971464645,2.345312107,0.641273352,0.657521350,-0.006925786,-0.010058274
36.860000000,0.317147148,-0.762298876,4.978526108,2.347205382,0.961178184,-0.086367747,4.972045012,2.336915448,0.644031036,0.675931130,-0.006481096,-0.010289933
36.900000000,0.332876046,-0.755467938,4.966236937,2.335045912,0.980455408,-0.054537101,4.972761243,2.325692243,0.647579362,0.700930838,0.006524305,-0.009353670
36.930000000,0.344545723,-0.750463628,4.968132905,2.327373207,0.994694219,-0.030455715,4.973266831,2.317285938,0.650148497,0.720007913,0.005133926,-0.010087269
36.960000000,0.356098389,-0.745573179,4.967724239,2.319265707,1.008727782,-0.006175486,4.973747033,2.308905079,0.652629393,0.739397693,0.006022794,-0.010360628
37.000000000,0.616633865,-0.475048164,4.964295871,2.309070984,1.027157519,0.026478808,4.974382181,2.297720438,0.410523654,0.501526973,0.010086310,-0.011350547
37.030000000,0.631198176,-0.466885987,4.965964466,2.301435722,1.040768147,0.051184671,4.974848781,2.289306512,0.409569971,0.518070657,0.008884315,-0.012129210
37.060000000,0.645662696,-0.458826293,4.965384819,2.293390722,1.054185341,0.076089963,4.975313980,2.280896610,0.408522645,0.534916256,0.009929160,-0.012494112
37.100000000,0.664795203,-0.448223543,4.976752793,2.282638206,1.071837883,0.109541646,4.975934131,2.269719459,0.407042680,0.557765189,-0.000818661,-0.012918747
37.130000000,0.679025210,-0.440408226,4.991252231,2.274051354,1.084893605,0.134818200,4.976400916,2.261342556,0.405868395,0.575226425,-0.014851315,-0.012708798
37.160000000,0.693158234,-0.432710817,4.991433231,2.266041354,1.097753223,0.160290391,4.976858483,2.252941345,0.404594990,0.593001208,-0.014574748,-0.013100008
37.200000000,0.711871324,-0.422625679,4.986592344,2.255909662,1.114644349,0.194491405,4.977433071,2.241731228,0.402773025,0.617117083,-0.009159273,-0.014178434
37.230000000,0.725787735,-0.415167685,4.988096540,2.246485149,1.127130080,0.220296769,4.977827845,2.233338197,0.401342345,0.635464454,-0.010268695,-0.013146952
37.260000000,0.739617699,-0.407816090,4.987973798,2.238345149,1.139426439,0.246247710,4.978187603,2.224952838,0.399808740,0.654063800,-0.009786195,-0.013392311
37.300000000,0.757931242,-0.398196019,4.995242799,2.227635199,1.155544329,0.281052748,4.978647558,2.213763337,0.397613087,0.679248766,-0.016595241,-0.013871862
37.330000000,0.771567313,-0.391100418,4.985101413,2.219024208,1.167421191,0.307302335,4.978972899,2.205368374,0.395853879,0.698402753,-0.006128514,-0.013655834
37.360000000,0.785100483,-0.384109020,4.984727498,2.210624208,1.179097595,0.333672744,4.979284287,2.196977935,0.393997111,0.717781764,-0.005443211,-0.013646273
37.400000000,0.803014899,-0.374951043,4.994367881,2.199660430,1.194403374,0.368979188,4.979669775,2.185790873,0.391388474,0.743930231,-0.014698106,-0.013869557
37.430000000,0.816357051,-0.368214261,4.993038919,2.190156673,1.205675469,0.395578163,4.979952971,2.177400156,0.389318418,0.763792425,-0.013085949,-0.012756517
37.460000000,0.829601746,-0.361598164,4.992789352,2.181794173,1.216734752,0.422300990,4.980221881,2.169012140,0.387133006,0.783899154,-0.012567471,-0.012782033
37.500000000,0.964572953,-0.030890338,4.989569746,2.171513203,1.231213201,0.458070343,4.980559282,2.157828248,0.266640248,0.488960680,-0.009010463,-0.013684955
37.530000000,0.979151564,-0.020228187,4.998456328,2.164148009,1.241881407,0.484986022,4.980794960,2.149435981,0.262729843,0.505214209,-0.017661369,-0.014712028
37.560000000,0.993617529,-0.009672102,4.998268606,2.155993009,1.252354228,0.511996731,4.981023259,2.141041152,0.258736699,0.521668833,-0.017245347,-0.014951856
37.600000000,1.012763721,0.004230169,4.998171168,2.145111974,1.266047214,0.548152734,4.981322381,2.129856741,0.253283493,0.543922564,-0.016848787,-0.015255233
37.630000000,1.027011345,0.014516456,4.990828420,2.135851627,1.276119900,0.575365348,4.981534318,2.121471830,0.249108555,0.560848893,-0.009294102,-0.014379797
37.660000000,1.041158788,0.024674746,4.990280239,2.127706627,1.286007593,0.602650534,4.981735896,2.113079471,0.244848806,0.577975788,-0.008544343,-0.014627157
37.700000000,1.059877429,0.038020053,4.993500694,2.115901155,1.298941096,0.639126059,4.981990482,2.101882413,0.239063667,0.601106006,-0.011510212,-0.014018743
37.730000000,1.073804084,0.047883775,4.996193203,2.106238247,1.308443637,0.666566848,4.982183809,2.093493073,0.234639554,0.618683073,-0.014009393,-0.012745174
37.760000000,1.087640146,0.057644056,4.995698216,2.098218247,1.317748927,0.694089227,4.982373369,2.085115989,0.230108780,0.636445171,-0.013324847,-0.013102259
37.800000000,1.105943379,0.070498370,4.994651338,2.087789855,1.329909903,0.730863811,4.982630075,2.073936046,0.223966523,0.660365441,-0.012021263,-0.013853809
37.830000000,1.119566264,0.080009711,4.988622786,2.079458563,1.338850199,0.758494704,4.982817861,2.065537183,0.219283935,0.678484993,-0.005804925,-0.013921380
37.860000000,1.133103877,0.089403143,4.987821805,2.071478563,1.347601382,0.786188883,4.983008612,2.057140725,0.214497504,0.696785740,-0.004813193,-0.014337839
37.900000000,1.151029627,0.101777827,4.998218312,2.061043472,1.359011365,0.823205283,4.983258678,2.045966539,0.207981738,0.721427456,-0.014959634,-0.015076933
37.930000000,1.164369116,0.110941330,4.989271942,2.052344127,1.367381471,0.851018082,4.983453730,2.037585727,0.203012355,0.740076752,-0.005818212,-0.014758400
37.960000000,1.177646746,0.119988026,4.988426333,2.044101627,1.375570357,0.878862031,4.983651951,2.029184620,0.197923611,0.758874005,-0.004774382,-0.014917007
38.000000000,1.264838512,0.428887311,4.990527499,2.032490911,1.386236198,0.916039386,4.983917879,2.017978730,0.121397686,0.487152075,-0.006609620,-0.014512181
38.030000000,1.278856101,0.441636939,4.993524966,2.024133849,1.394036383,0.943972230,4.984123524,2.009598483,0.115180282,0.502335291,-0.009401442,-0.014535366
38.060000000,1.292800930,0.454278649,4.992789606,2.015938849,1.401637708,0.971941600,4.984338617,2.001249777,0.108836777,0.517662950,-0.008450989,-0.014689072
38.100000000,1.311265907,0.470972693,4.981949055,2.004706014,1.411505247,1.009233636,4.984641103,1.990101821,0.100239340,0.538260943,0.002692048,-0.014604193
38.130000000,1.325037608,0.483369521,4.985299027,1.996373129,1.418682236,1.037174592,4.984872375,1.981718621,0.093644627,0.553805071,-0.000426653,-0.014654507
38.160000000,1.338746828,0.495662129,4.984316907,1.988105629,1.425585043,1.065068861,4.985121890,1.973354216,0.086838215,0.569406733,0.000804983,-0.014751413
38.200000000,1.356924833,0.511877427,4.991554704,1.976046355,1.434351182,1.102162620,4.985485955,1.962277808,0.077426349,0.590285193,-0.006068750,-0.013768546
38.230000000,1.370490503,0.523924001,4.990004623,1.968228137,1.440558711,1.129871295,4.985786188,1.953975801,0.070068208,0.605947294,-0.004218435,-0.014252336
38.260000000,1.383992530,0.535886562,4.989246896,1.960053137,1.446359744,1.157430983,4.986107446,1.945602152,0.062367214,0.621544421,-0.003139451,-0.014450985
38.300000000,1.401909805,0.551674619,4.987014961,1.948782858,1.453501681,1.193961970,4.986561099,1.934435529,0.051591876,0.642287351,-0.000453862,-0.014347329
38.330000000,1.415287738,0.563398836,4.983990759,1.939966600,1.458387272,1.221192402,4.986917301,1.926150338,0.043099535,0.657793566,0.002926542,-0.013816262
38.360000000,1.428615190,0.575036145,4.983132568,1.931756600,1.462785550,1.248232115,4.987289926,1.917903917,0.034170360,0.673195970,0.004157358,-0.013852683
38.400000000,1.446294171,0.590403107,4.992229601,1.920648526,1.467989287,1.283995107,4.987815174,1.906788516,0.021695117,0.693592000,-0.004414427,-0.013860011
38.430000000,1.459495403,0.601826553,4.989280812,1.912428795,1.471387450,1.310592988,4.988231317,1.898390726,0.011892047,0.708766435,-0.001049495,-0.014038069
38.460000000,1.472636178,0.613143480,4.988637813,1.904071295,1.474270374,1.336970570,4.988667529,1.890070213,0.001634195,0.723827090,0.000029716,-0.014001082
38.500000000,1.550832384,0.918070734,4.974660884,1.892165222,1.477425293,1.371833716,4.989256946,1.879073275,-0.073407091,0.453762982,0.014596061,-0.013091947
38.530000000,1.564642888,0.933027751,4.971585886,1.883082295,1.479277972,1.397730305,4.989709927,1.870765112,-0.085364917,0.464702554,0.018124041,-0.012317184
38.560000000,1.578394303,0.947890642,4.970441383,1.875057295,1.480618413,1.423363191,4.990189957,1.862390498,-0.097775890,0.475472549,0.019748574,-0.012666798
38.600000000,1.596680261,0.967573291,4.972350758,1.864893872,1.481711606,1.457182371,4.990881915,1.851372694,-0.114968655,0.489609080,0.018531157,-0.013521178
38.630000000,1.610344934,0.982238395,4.969670439,1.855890242,1.481997372,1.482255513,4.991435610,1.843208428,-0.128347562,0.500017118,0.021765171,-0.012681814
38.660000000,1.623982821,0.996827075,4.968600179,1.847397742,1.481727340,1.506993380,4.992026624,1.834965619,-0.142255482,0.510166305,0.023426444,-0.012432123
38.700000000,1.642103853,1.016130425,4.965047003,1.836495433,1.480589084,1.539492950,4.992852459,1.823838377,-0.161514769,0.523362525,0.027805455,-0.012657056
38.730000000,1.655639026,1.030511292,4.979493338,1.828260093,1.479126379,1.563497909,4.993503396,1.815559897,-0.176512647,0.532986617,0.014010059,-0.012700196
38.760000000,1.669142227,1.044813600,4.978895540,1.819982593,1.477036984,1.587119494,4.994177351,1.807440979,-0.192105242,0.542305894,0.015281811,-0.012541613
38.800000000,1.687101802,1.063776150,4.974888272,1.809239710,1.473412124,1.618059787,4.995107880,1.796568416,-0.213689679,0.554283636,0.020219608,-0.012671294
38.830000000,1.700521853,1.077923972,4.968974668,1.801162580,1.470068552,1.640826443,4.995810817,1.788252079,-0.230453301,0.562902471,0.026836148,-0.012910501
38.860000000,1.713916300,1.092000530,4.968138005,1.793005080,1.466104616,1.663151893,4.996516441,1.779915889,-0.247811685,0.571151363,0.028378436,-0.013089191
38.900000000,1.731729859,1.110653588,4.979660947,1.782088017,1.460003556,1.692331669,4.997461844,1.769002989,-0.271726303,0.581678080,0.017800897,-0.013085028
38.930000000,1.745058735,1.124563996,4.985009131,1.773238820,1.454828394,1.713757824,4.998178765,1.760867617,-0.290230340,0.589193828,0.013169634,-0.012371203
38.960000000,1.758364751,1.138397397,4.984714029,1.764908820,1.449070526,1.734697528,4.998899697,1.752582712,-0.309294224,0.596300131,0.014185668,-0.012326108
39.000000000,1.600140144,1.436051377,4.978174367,1.753881662,1.440634260,1.761961097,4.999846817,1.741426200,-0.159505883,0.325909721,0.021672449,-0.012455462
39.030000000,1.611017698,1.453472942,4.973127500,1.745667005,1.433747686,1.781923013,5.000543801,1.733155037,-0.177270011,0.328450071,0.027416301,-0.012511968
39.060000000,1.621868116,1.470842923,4.972453473,1.737462005,1.426319050,1.801390747,5.001224066,1.725018125,-0.195549066,0.330547825,0.028770594,-0.012443880
39.100000000,1.636308858,1.493929966,4.977627756,1.726026461,1.415732766,1.826646559,5.002126627,1.714114189,-0.220576092,0.332716594,0.024498872,-0.011912272
39.130000000,1.647109696,1.511186519,4.975029638,1.718610027,1.407321939,1.845040837,5.002804677,1.705788101,-0.239787757,0.333854318,0.027775039,-0.012821926
39.160000000,1.657881357,1.528391683,4.974439084,1.710140027,1.398495059,1.862886985,5.003489849,1.697416062,-0.259386297,0.334495302,0.029050765,-0.012723964
39.200000000,1.672199835,1.551259435,4.982578534,1.700003383,1.386245993,1.885958203,5.004412225,1.686346384,-0.285953842,0.334698768,0.021833691,-0.013656999
39.230000000,1.682908392,1.568358041,4.985132353,1.691039259,1.376742167,1.902706620,5.005112978,1.678065134,-0.306166225,0.334348579,0.019980625,-0.012974125
39.260000000,1.693605210,1.585426950,4.984888865,1.683044259,1.366961241,1.918875658,5.005822625,1.669712463,-0.326643969,0.333448709,0.020933760,-0.013331796
39.300000000,1.707851469,1.608117608,4.985235152,1.672089001,1.353586345,1.939650290,5.006768079,1.658526068,-0.354265125,0.331532682,0.021532927,-0.013562934
39.330000000,1.718522393,1.625074605,4.975290417,1.663560026,1.343319973,1.954644955,5.007477432,1.650173934,-0.375202420,0.329570350,0.032187014,-0.013386092
39.360000000,1.729189054,1.641989238,4.974697444,1.655422526,1.332832579,1.969043769,5.008178753,1.641866814,-0.396356475,0.327054531,0.033481309,-0.013555712
39.400000000,1.743414197,1.664497805,4.976147627,1.644931348,1.318570197,1.987412312,5.009111135,1.630750191,-0.424844000,0.322914507,0.032963507,-0.014181157
39.430000000,1.754091999,1.681335794,4.974978694,1.636954285,1.307671400,2.000550597,5.009812009,1.622360797,-0.446420599,0.319214803,0.034833314,-0.014593489
39.460000000,1.764779581,1.698136863,4.974387335,1.629009285,1.296576472,2.013050199,5.010523009,1.613981801,-0.468203109,0.314913336,0.036135674,-0.015027484
39.500000000,1.608612282,1.862503723,4.972728888,1.617637312,1.281528130,2.028860179,5.011476791,1.602873098,-0.327084151,0.166356456,0.038747903,-0.014764214
39.530000000,1.617024305,1.881143765,4.981360985,1.608749442,1.270053691,2.040056184,5.012196772,1.594541050,-0.346970614,0.158912419,0.030835786,-0.014208393
39.560000000,1.625435815,1.899771527,4.981000799,1.600716942,1.258393674,2.050567496,5.012927829,1.586165109,-0.367042141,0.150795969,0.031927030,-0.014551834
39.600000000,1.636647857,1.924571145,4.985566255,1.590346390,1.242615744,2.063665462,5.013909175,1.574988258,-0.394032113,0.139094318,0.028342921,-0.015358133
39.630000000,1.645057253,1.943160308,4.991774638,1.582223833,1.230635201,2.072801718,5.014636506,1.566630227,-0.414422052,0.129641410,0.022861867,-0.015593606
39.660000000,1.653474977,1.961740816,4.991739538,1.574428833,1.218552465,2.081234478,5.015344908,1.558274198,-0.434922512,0.119493661,0.023605369,-0.016154634
39.700000000,1.664709390,1.986489381,5.002607123,1.562390004,1.202371373,2.091506949,5.016256340,1.547094955,-0.462338016,0.105017568,0.013649216,-0.015295049
39.730000000,1.673147449,2.005044859,4.993248628,1.554763347,1.190220226,2.098473833,5.016906524,1.538695574,-0.482927223,0.093428974,0.023657896,-0.016067772
39.760000000,1.681585843,2.023606317,4.993126494,1.546753347,1.178088106,2.104703836,5.017518126,1.530293739,-0.503497737,0.081097520,0.024391632,-0.016459608
39.800000000,1.692823507,2.048360620,4.998580893,1.535943623,1.161966224,2.112013787,5.018266532,1.519077305,-0.530857283,0.063653166,0.019685639,-0.016866318
39.830000000,1.701249595,2.066950899,4.996716788,1.527322389,1.149925116,2.116726046,5.018787111,1.510661903,-0.551324479,0.049775147,0.022070323,-0.016660486
39.860000000,1.709687315,2.085562419,4.996564843,1.519034889,1.137938004,2.120651691,5.019261649,1.502256801,-0.571749311,0.035089273,0.022696807,-0.016778089
39.900000000,1.720946604,2.110389698,5.002647582,1.508056332,1.122025180,2.124839152,5.019831792,1.491049196,-0.598921424,0.014449454,0.017184210,-0.017007136
39.930000000,1.729411381,2.129018918,5.004623943,1.500041958,1.110138286,2.127193031,5.020208399,1.482633567,-0.619273095,-0.001825887,0.015584457,-0.017408391
39.960000000,1.737894867,2.147668651,5.004572476,1.491794458,1.098289536,2.128741579,5.020529786,1.474218411,-0.639605331,-0.018927072,0.015957310,-0.017576047
40.000000000,1.459266132,2.198665394,5.007367276,1.480394009,1.082526094,2.129709530,5.020868615,1.463012630,-0.376740038,-0.068955865,0.013501338,-0.017381379
