time_sec,est_x,est_y,est_z,est_yaw,true_x,true_y,true_z,true_yaw,err_x,err_y,err_z,err_yaw
0.0,-2.000024546,-2.000013992,0.057761552,-0.020489799,-2.0,-2.0,0.050029904,-0.0,2.4546e-05,1.3992e-05,-0.007731649,0.020489799
0.04,-2.000101722,-2.000065069,0.072327805,-0.008357013,-2.0,-2.0,0.050059808,-0.0,0.000101722,6.5069e-05,-0.022267997,0.008357013
0.07,-2.000227518,-2.00015795,0.073078837,-0.008389513,-2.0,-2.0,0.050089742,-0.0,0.000227518,0.00015795,-0.022989096,0.008389513
0.11,-2.000460648,-2.000341572,0.059247473,-0.004138893,-2.0,-2.0,0.050129732,-0.0,0.000460648,0.000341572,-0.009117741,0.004138893
0.14,-2.00068541,-2.000519711,0.047725627,-0.003311549,-2.0,-2.0,0.050159731,-7.6884e-05,0.00068541,0.000519711,0.002434104,0.003234665
0.17,-2.000960314,-2.000739182,0.047989811,-0.004011549,-1.999999999,-1.999999999,0.050394148,-0.000927458,0.000960315,0.000739183,0.002404337,0.003084091
0.21,-2.001402055,-2.00113191,0.051590926,-0.003113963,-1.999998667,-1.999999615,0.051923651,-0.004080179,0.001403388,0.001132295,0.000332726,-0.000966216
0.24,-2.001789296,-2.001493105,0.064473476,-0.014698578,-1.999994321,-1.999998209,0.054040268,-0.007670049,0.001794974,0.001494897,-0.010433208,0.007028529
0.27,-2.00220825,-2.001893208,0.067922592,-0.019116078,-1.999987364,-1.999995554,0.056833565,-0.011994319,0.002220887,0.001897653,-0.011089027,0.007121759
0.31,-2.002816355,-2.00247624,0.070897962,-0.027568241,-1.999975546,-1.99998922,0.061728108,-0.018869211,0.002840809,0.00248702,-0.009169855,0.00869903
0.34,-2.003317533,-2.002950182,0.074398407,-0.032436665,-1.999964869,-1.999981863,0.066211634,-0.024689206,0.003352664,0.002968319,-0.008186774,0.007747459
0.37,-2.0038619,-2.003452998,0.080047161,-0.038741665,-1.999951447,-1.999972422,0.071246156,-0.03090442,0.003910453,0.003480577,-0.008801005,0.007837245
0.41,-2.004686672,-2.004165828,0.086786616,-0.044835707,-1.999927467,-1.999956298,0.078901049,-0.03978619,0.004759205,0.00420953,-0.007885566,0.005049517
0.43,-2.005375416,-2.004736946,0.094904721,-0.053456494,-1.999913698,-1.999946961,0.083088337,-0.044426603,0.005461718,0.004789985,-0.011816384,0.009029891
0.47,-2.006124254,-2.005346782,0.102525355,-0.060571494,-1.999883862,-1.99992566,0.092132929,-0.054031521,0.006240392,0.005421122,-0.010392426,0.006539974
0.51,-2.253489322,-1.950336679,0.111880958,-0.067656043,-1.999849123,-1.999900406,0.102010237,-0.063988066,0.253640198,-0.049563727,-0.009870721,0.003667978
0.54,-2.259218426,-1.949923169,0.119578501,-0.076362231,-1.999818366,-1.99987867,0.109946765,-0.071645593,0.259400061,-0.049955501,-0.009631736,0.004716638
0.57,-2.264990594,-1.949541801,0.128649079,-0.084029731,-1.999784856,-1.999854937,0.11824462,-0.079414677,0.265205737,-0.050313136,-0.01040446,0.004615054
0.61,-2.272749186,-1.949095657,0.141903454,-0.095780173,-1.999731825,-1.999820668,0.129931462,-0.089939503,0.273017361,-0.050725011,-0.011971993,0.00584067
0.64,-2.278618316,-1.948807505,0.149347954,-0.104939189,-1.999669623,-1.999797557,0.139133333,-0.097930858,0.278948693,-0.050990052,-0.010214621,0.00700833
0.67,-2.284546795,-1.948561412,0.159612633,-0.112799189,-1.999578204,-1.999781738,0.14863536,-0.105982995,0.284968591,-0.051220326,-0.010977273,0.006816194
0.71,-2.29255542,-1.948270866,0.164590449,-0.124775152,-1.999398576,-1.999783813,0.16182097,-0.116809904,0.293156845,-0.051512947,-0.002769479,0.007965248
0.74,-2.298621157,-1.948098823,0.166732346,-0.129298592,-1.999233305,-1.999806654,0.172077456,-0.124983143,0.299387853,-0.051707831,0.00534511,0.004315449
0.77,-2.304736056,-1.947967799,0.176928545,-0.137488592,-1.999049319,-1.999845143,0.182581745,-0.133186039,0.305686737,-0.051877344,0.0056532,0.004302553
0.81,-2.312982329,-1.947857132,0.194906246,-0.147139773,-1.998751932,-1.999924502,0.197020426,-0.144171172,0.314230397,-0.052067371,0.00211418,0.002968602
0.84,-2.319229712,-1.947832133,0.205315283,-0.156357345,-1.998477418,-2.000003061,0.208149338,-0.152441572,0.320752294,-0.052170928,0.002834055,0.003915773
0.87,-2.325523963,-1.947856269,0.216701039,-0.164717345,-1.998170062,-2.00009236,0.219484607,-0.160729533,0.327353901,-0.052236091,0.002783567,0.003987812
0.91,-2.3339984,-1.94793199,0.23281911,-0.178489318,-1.997713153,-2.000224803,0.234954454,-0.171806407,0.336285248,-0.052292813,0.002135344,0.006682911
0.94,-2.34042472,-1.948009093,0.239478508,-0.184630543,-1.997327834,-2.000332108,0.246804476,-0.180130587,0.343096886,-0.052323014,0.007325968,0.004499956
0.97,-2.346894619,-1.94812214,0.251347096,-0.192660543,-1.996900625,-2.000445416,0.258826013,-0.188464592,0.349993994,-0.052323277,0.007478918,0.004195952
1.01,-2.288227359,-1.975531009,0.261903104,-0.202005817,-1.996253622,-2.000605134,0.275145109,-0.199589828,0.291973737,-0.025074125,0.013242006,0.00241599
1.04,-2.293780982,-1.976122417,0.27468415,-0.209643075,-1.995722501,-2.0007269,0.287592154,-0.207942977,0.298058481,-0.024604483,0.012908005,0.001700098
1.07,-2.299388383,-1.976733631,0.28694728,-0.217620575,-1.995158526,-2.00084835,0.300178194,-0.216302899,0.304229857,-0.02411472,0.013230914,0.001317676
1.11,-2.30696717,-1.977578469,0.30923527,-0.229984267,-1.994328008,-2.001009806,0.317207551,-0.227456449,0.312639162,-0.023431336,0.007972281,0.002527818
1.14,-2.312729265,-1.978243087,0.318266207,-0.237322415,-1.993642453,-2.001127458,0.330148076,-0.235823695,0.319086812,-0.022884371,0.01188187,0.00149872
1.17,-2.318563819,-1.978938621,0.331237417,-0.245314915,-1.9929214,-2.001237481,0.343208843,-0.244194901,0.325642419,-0.022298859,0.011971426,0.001120014
1.21,-2.326446992,-1.97993344,0.344499625,-0.256591926,-1.991904538,-2.001362975,0.360824598,-0.255368067,0.334542455,-0.021429535,0.016324973,0.001223859
1.24,-2.332422773,-1.980731659,0.361342283,-0.263225713,-1.991085429,-2.001441886,0.37418157,-0.263750904,0.341337344,-0.020710227,0.012839287,-0.00052519
1.27,-2.338444178,-1.981547633,0.374833202,-0.271718213,-1.990215314,-2.001511283,0.387635862,-0.272130339,0.348228864,-0.01996365,0.01280266,-0.000412126
1.31,-2.346555813,-1.982656465,0.392522964,-0.283405586,-1.988972693,-2.001582671,0.405744047,-0.283301846,0.35758312,-0.018926207,0.013221083,0.000103739
1.34,-2.352709973,-1.983509557,0.40566018,-0.293118498,-1.987993487,-2.001616103,0.419444398,-0.291688316,0.364716487,-0.018106546,0.013784218,0.001430183
1.37,-2.358938181,-1.98438241,0.419492489,-0.301245998,-1.986975776,-2.001636109,0.433224454,-0.30007863,0.371962404,-0.017253699,0.013731965,0.001167369
1.41,-2.3673579,-1.985591568,0.443218228,-0.312824382,-1.985525991,-2.001644834,0.451741042,-0.3112599,0.381831909,-0.016053266,0.008522814,0.001564483
1.44,-2.373747564,-1.986531556,0.469556209,-0.320579985,-1.984369345,-2.001637855,0.465723804,-0.319641822,0.389378219,-0.015106299,-0.003832404,0.000938163
1.47,-2.380193498,-1.987500059,0.484964759,-0.328824985,-1.983173346,-2.001617406,0.479776394,-0.328027929,0.397020152,-0.014117347,-0.005188365,0.000797056
1.51,-2.216004571,-2.0266986,0.507336527,-0.340335923,-1.981509319,-2.00156424,0.498623761,-0.339219729,0.234495252,0.02513436,-0.008712766,0.001116194
1.54,-2.220376698,-2.028206291,0.517660053,-0.348281682,-1.98019224,-2.001510479,0.512842751,-0.347611308,0.240184457,0.026695812,-0.004817302,0.000670374
1.57,-2.224811149,-2.029732682,0.533150591,-0.356629182,-1.978819146,-2.001448322,0.527113315,-0.355998189,0.245992003,0.02828436,-0.006037276,0.000630993
1.61,-2.230790138,-2.031807033,0.552922308,-0.36804849,-1.97690544,-2.001343224,0.54623519,-0.367179656,0.253884698,0.03046381,-0.006687118,0.000868835
1.64,-2.235336447,-2.033379247,0.557867852,-0.376309376,-1.975429129,-2.001244655,0.56064289,-0.375573281,0.259907318,0.032134592,0.002775038,0.000736095
1.67,-2.239964505,-2.034967387,0.572820545,-0.384586876,-1.97392405,-2.001137421,0.575094166,-0.383971564,0.266040454,0.033829966,0.002273621,0.000615312
1.71,-2.246222537,-2.037113493,0.589015171,-0.396311748,-1.971853391,-2.000995879,0.594440014,-0.395166968,0.274369146,0.036117613,0.005424843,0.00114478
1.74,-2.250978681,-2.038737991,0.604441356,-0.405329594,-1.970256244,-2.000896864,0.608998362,-0.403561972,0.280722437,0.037841126,0.004557005,0.001767622
1.77,-2.255806455,-2.040371025,0.619436848,-0.413232094,-1.968636968,-2.000800493,0.623594046,-0.411958351,0.287169486,0.039570532,0.004157198,0.001273742
1.81,-2.262345387,-2.042565722,0.653968205,-0.424931331,-1.966441214,-2.000673263,0.643112134,-0.423154216,0.295904173,0.041892459,-0.010856071,0.001777115
1.84,-2.267327856,-2.044219488,0.665457398,-0.432711052,-1.96475419,-2.000580831,0.657795382,-0.431549095,0.302573666,0.043638658,-0.007662016,0.001161957
1.87,-2.272371008,-2.045871757,0.681371948,-0.440946052,-1.963033268,-2.000490167,0.672505361,-0.439941093,0.30933774,0.04538159,-0.008866587,0.001004959
1.91,-2.279189818,-2.048086551,0.705229342,-0.452307344,-1.960688992,-2.000362569,0.692170186,-0.451129758,0.318500826,0.047723981,-0.013059156,0.001177586
1.94,-2.284362603,-2.049774577,0.733624537,-0.461177768,-1.958901693,-2.000255081,0.70695218,-0.459525447,0.32546091,0.049519496,-0.026672357,0.001652321
1.97,-2.289603728,-2.051483407,0.750838978,-0.469630268,-1.95708754,-2.000140306,0.721758585,-0.467921789,0.332516188,0.051343101,-0.029080393,0.001708479
2.01,-2.113298542,-2.054088069,0.766807433,-0.481552037,-1.954606179,-1.99997834,0.741541511,-0.479110297,0.158692363,0.054109729,-0.025265922,0.00244174
2.04,-2.116557842,-2.055854322,0.776173606,-0.488591418,-1.95270369,-1.999845874,0.75640656,-0.487499371,0.163854152,0.056008448,-0.019767046,0.001092047
2.07,-2.119878654,-2.057640597,0.792635487,-0.496691418,-1.950779076,-1.999700277,0.771294871,-0.495889821,0.169099578,0.05794032,-0.021340617,0.000801597
2.11,-2.124408133,-2.060026578,0.805607806,-0.506880998,-1.948173073,-1.999485002,0.791184576,-0.507077376,0.17623506,0.060541576,-0.01442323,-0.000196377
2.14,-2.127873673,-2.061828386,0.819579985,-0.515927584,-1.946190248,-1.99932352,0.806125527,-0.515466728,0.181683425,0.062504866,-0.013454457,0.000460856
2.17,-2.131402769,-2.063636469,0.835469556,-0.524045084,-1.944199457,-1.999174159,0.821081547,-0.523850726,0.187203312,0.06446231,-0.014388009,0.000194358
2.21,-2.136218812,-2.066063998,0.858295671,-0.534524994,-1.941564448,-1.999016499,0.84105349,-0.535023526,0.194654363,0.067047498,-0.017242182,-0.000498532
2.24,-2.139911941,-2.067891928,0.873173155,-0.543306572,-1.93961287,-1.99894489,0.85605059,-0.543398484,0.200299071,0.068947039,-0.017122566,-9.1913e-05
2.27,-2.143668166,-2.069716039,0.889261588,-0.551489072,-1.937673776,-1.998914101,0.871063762,-0.551777137,0.20599439,0.070801938,-0.018197826,-0.000288066
2.31,-2.148777669,-2.072180536,0.896440944,-0.561994944,-1.935107878,-1.998941857,0.891102555,-0.562963716,0.213669791,0.073238679,-0.005338389,-0.000968773
2.34,-2.15266994,-2.074055684,0.915145401,-0.570934512,-1.933205989,-1.998996646,0.906150815,-0.571352834,0.219463952,0.075059038,-0.008994586,-0.000418322
2.37,-2.156635092,-2.075929222,0.930675307,-0.579284512,-1.93132081,-1.99906677,0.921208151,-0.579739389,0.225314282,0.076862452,-0.009467156,-0.000454877
2.41,-2.162037564,-2.078439582,0.951103636,-0.590931711,-1.928819801,-1.99918477,0.941306579,-0.59092415,0.233217763,0.079254813,-0.009797057,7.561e-06
2.44,-2.166167657,-2.080339102,0.958015199,-0.598903726,-1.926942947,-1.999287901,0.956392145,-0.599314222,0.239224711,0.0810512,-0.001623054,-0.000410496
2.47,-2.170357571,-2.082265695,0.973068896,-0.607291226,-1.925069383,-1.999393473,0.971487935,-0.607703689,0.245288188,0.082872222,-0.001580962,-0.000412463
2.51,-2.177367159,-2.051691735,0.999631874,-0.618449912,-1.922586335,-1.99952413,0.991631268,-0.618891116,0.254780823,0.052167605,-0.008000606,-0.000441203
2.54,-2.181717347,-2.05325355,1.012606792,-0.626152166,-1.920727601,-1.999613602,1.006749931,-0.627283169,0.260989746,0.053639948,-0.005856861,-0.001131002
2.57,-2.186128772,-2.054815617,1.028060831,-0.634727166,-1.918863279,-1.999699022,1.021877153,-0.63567457,0.267265493,0.055116595,-0.006183678,-0.000947404
2.61,-2.192090882,-2.056916705,1.049184974,-0.646782135,-1.916370276,-1.999798507,1.042058805,-0.646862124,0.275720606,0.057118199,-0.007126169,-7.9989e-05
2.63,-2.196626959,-2.05848149,1.062056464,-0.655019903,-1.915126454,-1.999838203,1.052155934,-0.652456622,0.281500505,0.058643286,-0.00990053,0.002563282
2.67,-2.201219248,-2.060025944,1.077533159,-0.663417403,-1.912646735,-1.999900477,1.072355534,-0.66365098,0.288572513,0.060125467,-0.005177625,-0.000233576
2.71,-2.207431157,-2.062080503,1.092938984,-0.675069897,-1.910166719,-1.99995689,1.092570004,-0.674845944,0.297264438,0.062123613,-0.00036898,0.000223953
2.74,-2.212153435,-2.063620167,1.107033387,-0.683890473,-1.908307343,-1.999997769,1.107736156,-0.683241428,0.303846092,0.063622398,0.000702769,0.000649045
2.77,-2.216945365,-2.0651654,1.122562732,-0.692145473,-1.906455744,-2.000030563,1.122910068,-0.691637659,0.310489621,0.065134837,0.000347336,0.000507814
2.81,-2.223444897,-2.067216615,1.14810192,-0.702686173,-1.904002888,-2.000051292,1.143147866,-0.702833465,0.319442009,0.067165324,-0.004954054,-0.000147292
2.83,-2.228408146,-2.068766356,1.159690643,-0.711544156,-1.902776903,-2.000053795,1.153271774,-0.708430974,0.325631243,0.068712561,-0.006418869,0.003113183
2.87,-2.233444691,-2.070317412,1.175115419,-0.720099156,-1.900314646,-2.000044939,1.173524456,-0.719621556,0.333130045,0.070272473,-0.001590963,0.0004776
2.91,-2.24025168,-2.072373998,1.188160864,-0.732707002,-1.897845368,-2.000002437,1.193785991,-0.73081033,0.342406313,0.072371561,0.005625127,0.001896672
2.94,-2.245422927,-2.073891757,1.203956775,-0.740351173,-1.895994208,-1.99993613,1.208985862,-0.739206705,0.349428719,0.073955627,0.005029088,0.001144467
2.97,-2.250669536,-2.075406427,1.214000633,-0.748818673,-1.894138014,-1.999846461,1.2241892,-0.74760431,0.356531522,0.075559967,0.010188567,0.001214362
3.01,-2.161135864,-2.036928484,1.236438858,-0.760750309,-1.891639982,-1.999691322,1.244466808,-0.758793447,0.269495882,0.037237162,0.00802795,0.001956862
3.04,-2.165405414,-2.037937576,1.252255279,-0.76917975,-1.889751014,-1.999542331,1.259678051,-0.767182437,0.275654401,0.038395245,0.007422773,0.001997313
3.07,-2.169740727,-2.038937758,1.269922764,-0.77734225,-1.887856401,-1.999361723,1.274896062,-0.77557628,0.281884326,0.039576034,0.004973298,0.00176597
3.11,-2.175620414,-2.040270513,1.294592589,-0.787704925,-1.885318909,-1.999065888,1.295196649,-0.786772234,0.290301505,0.041204625,0.00060406,0.000932691
3.14,-2.180102794,-2.041260736,1.310323658,-0.795475317,-1.883406617,-1.998823171,1.310429251,-0.79516681,0.296696178,0.042437566,0.000105593,0.000308506
3.17,-2.184646174,-2.042232782,1.318098089,-0.804062817,-1.881498502,-1.998578213,1.325663984,-0.803554932,0.303147672,0.043654569,0.007565895,0.000507884
3.21,-2.190797249,-2.043511828,1.337895574,-0.81520457,-1.878998656,-1.998258519,1.345986534,-0.814734827,0.311798593,0.045253309,0.008090959,0.000469743
3.24,-2.195490933,-2.044459649,1.352971083,-0.823250281,-1.877174694,-1.998032526,1.361228516,-0.823113572,0.318316239,0.046427123,0.008257434,0.000136709
3.27,-2.200266993,-2.045401087,1.37094831,-0.831502781,-1.875384677,-1.997824498,1.376474087,-0.831491689,0.324882316,0.047576589,0.005525777,1.1092e-05
3.31,-2.206750758,-2.046643471,1.390876585,-0.843226904,-1.873048444,-1.997582425,1.396803352,-0.842674962,0.333702314,0.049061046,0.005926767,0.000551942
3.34,-2.211682141,-2.047578056,1.406691891,-0.852440164,-1.871332932,-1.997411892,1.412053897,-0.851064942,0.340349209,0.050166163,0.005362007,0.001375222
3.37,-2.21667681,-2.048508287,1.426585915,-0.860690164,-1.869643171,-1.997238152,1.427305106,-0.859453527,0.347033639,0.051270135,0.000719192,0.001236637
3.41,-2.223431397,-2.049722424,1.445516875,-0.871952016,-1.867420846,-1.996998451,1.44764162,-0.870640109,0.356010551,0.052723974,0.002124745,0.001311906
3.44,-2.228583936,-2.050610743,1.461601918,-0.880007946,-1.865761357,-1.996815737,1.462895875,-0.879030918,0.362822579,0.053795006,0.001293958,0.000977028
3.47,-2.233802348,-2.051501053,1.48556915,-0.887920446,-1.864104975,-1.99662534,1.478149726,-0.887420507,0.369697373,0.054875714,-0.007419424,0.000499939
3.51,-2.186209703,-2.088724604,1.512261378,-0.899019643,-1.861906665,-1.99633894,1.498491775,-0.898609235,0.324303038,0.092385664,-0.013769603,0.000410408
3.54,-2.190918631,-2.089998806,1.529027943,-0.90741588,-1.86025999,-1.996096487,1.513746875,-0.907004002,0.33065864,0.093902319,-0.015281068,0.000411877
3.57,-2.195691097,-2.091268204,1.540374901,-0.91585588,-1.858605843,-1.995839094,1.529005204,-0.915395671,0.337085254,0.09542911,-0.011369698,0.000460209
3.61,-2.202144664,-2.092939321,1.551472878,-0.926055897,-1.856381022,-1.995466921,1.549348533,-0.926577458,0.345763641,0.097472399,-0.002124345,-0.000521561
3.64,-2.207050843,-2.094185534,1.567455884,-0.933921617,-1.854706717,-1.995152507,1.564610657,-0.934965264,0.352344126,0.099033027,-0.002845227,-0.001043647
3.67,-2.212020841,-2.095407799,1.571412733,-0.942116617,-1.853032767,-1.994808117,1.579871679,-0.943359236,0.358988074,0.100599681,0.008458946,-0.001242619
3.71,-2.218747032,-2.097014914,1.590647394,-0.953703279,-1.850794682,-1.994307182,1.60022358,-0.954553092,0.367952349,0.102707731,0.009576187,-0.000849813
3.74,-2.223877815,-2.098204712,1.606772282,-0.961069398,-1.849105248,-1.993909006,1.615487803,-0.962944029,0.374772567,0.104295706,0.00871552,-0.001874632
3.77,-2.229075912,-2.09940134,1.611855482,-0.969501898,-1.847410148,-1.993488611,1.630753265,-0.971334463,0.381665764,0.105912729,0.018897784,-0.001832565
3.81,-2.236109212,-2.101007041,1.639130346,-0.979900881,-1.845144659,-1.992870854,1.651109583,-0.982529542,0.390964553,0.108136187,0.011979237,-0.002628661
3.84,-2.241457434,-2.102187217,1.654712292,-0.987667875,-1.843433941,-1.992366477,1.666377174,-0.990928503,0.398023493,0.10982074,0.011664882,-0.003260628
3.87,-2.246862145,-2.103363642,1.665808455,-0.996072875,-1.841706454,-1.991838777,1.681646987,-0.999322439,0.405155691,0.111524865,0.015838532,-0.003249564
3.91,-2.254154005,-2.104935571,1.690408428,-1.008027298,-1.839369294,-1.991087184,1.702004815,-1.010505861,0.414784711,0.113848387,0.011596387,-0.002478564
3.94,-2.259695561,-2.106098799,1.70561282,-1.016455531,-1.837595535,-1.990472788,1.717276069,-1.018899494,0.422100026,0.115626012,0.011663249,-0.002443963
3.97,-2.265295962,-2.107253532,1.72437756,-1.024893031,-1.835805104,-1.989819455,1.732545245,-1.027299566,0.429490858,0.117434077,0.008167686,-0.002406535
4.01,-2.119857339,-2.056619854,1.746455219,-1.035040101,-1.833373948,-1.988891022,1.752908273,-1.038493973,0.286483392,0.067728833,0.006453054,-0.003453873
4.04,-2.123688603,-2.05708481,1.762611452,-1.042515054,-1.831512127,-1.988154987,1.768178048,-1.046880725,0.292176476,0.068929823,0.005566596,-0.004365671
4.07,-2.12756789,-2.057555324,1.784762617,-1.050812554,-1.829625138,-1.987381617,1.783452922,-1.055276096,0.297942752,0.070173707,-0.001309695,-0.004463542
4.11,-2.132805987,-2.058158583,1.804396562,-1.062459926,-1.827071068,-1.98627693,1.803828253,-1.066486633,0.305734919,0.071881653,-0.000568309,-0.004026706
4.14,-2.136795043,-2.058601235,1.819576148,-1.070825834,-1.825140757,-1.985418506,1.819115653,-1.074894616,0.311654286,0.073182728,-0.000460494,-0.004068782
4.17,-2.140826371,-2.059025475,1.824697198,-1.079148334,-1.823219572,-1.984560692,1.834409644,-1.083298079,0.317606799,0.074464783,0.009712445,-0.004149744
4.21,-2.146277039,-2.059564292,1.847532903,-1.090382875,-1.820730062,-1.983435636,1.854817851,-1.094500752,0.325546977,0.076128657,0.007284948,-0.004117878
4.24,-2.150419351,-2.059951156,1.862450008,-1.099025286,-1.818953173,-1.982607357,1.870128489,-1.10288839,0.331466178,0.077343799,0.007678482,-0.003863104
4.27,-2.154631855,-2.060327584,1.875271458,-1.107562786,-1.817246652,-1.981796085,1.885438906,-1.111263315,0.337385203,0.078531499,0.010167448,-0.003700529
4.31,-2.160364001,-2.060797271,1.893207768,-1.118407144,-1.815083915,-1.980760074,1.905857906,-1.122442114,0.345280086,0.080037197,0.012650138,-0.00403497
4.34,-2.164720502,-2.061140175,1.908218103,-1.127418056,-1.813533085,-1.980009985,1.921171505,-1.13083828,0.351187417,0.08113019,0.012953402,-0.003420224
4.37,-2.169127344,-2.061491259,1.930079154,-1.135603056,-1.812029151,-1.979264462,1.936488632,-1.139229681,0.357098193,0.082226797,0.006409477,-0.003626625
4.41,-2.175106364,-2.061909685,1.954656334,-1.146946805,-1.810095,-1.97826741,1.956908205,-1.150411238,0.365011364,0.083642275,0.002251871,-0.003464433
4.44,-2.179660274,-2.062188073,1.970691669,-1.155827047,-1.808679255,-1.977526376,1.972226288,-1.158802437,0.370981019,0.084661697,0.00153462,-0.00297539
4.47,-2.184269834,-2.062462415,1.983438458,-1.164197047,-1.807280439,-1.97679228,1.987542096,-1.167195884,0.376989395,0.085670135,0.004103638,-0.002998837
4.51,-2.119321674,-2.121745894,2.010968817,-1.175580076,-1.805443184,-1.975805896,2.007966123,-1.178385148,0.31387849,0.145939997,-0.003002694,-0.002805072
4.54,-2.123150258,-2.122751534,2.028342594,-1.183980264,-1.804081829,-1.975047186,2.023282599,-1.186776653,0.319068429,0.147704348,-0.005059995,-0.002796389
4.57,-2.127030768,-2.123729259,2.03396267,-1.192180264,-1.802724197,-1.974279703,2.038600715,-1.195166052,0.324306571,0.149449556,0.004638044,-0.002985788
4.61,-2.132303707,-2.124968304,2.058568174,-1.203218763,-1.800907379,-1.973252062,2.059027021,-1.206347373,0.331396327,0.151716242,0.000458847,-0.003128609
4.64,-2.136328544,-2.125866809,2.075000965,-1.211225698,-1.799543454,-1.972467503,2.074348641,-1.214731562,0.336785091,0.153399306,-0.000652324,-0.003505863
4.67,-2.14039778,-2.126732679,2.085700231,-1.219355698,-1.798186691,-1.971662056,2.089673674,-1.223117628,0.34221109,0.155070623,0.003973443,-0.003761929
4.71,-2.145902748,-2.127842618,2.108814938,-1.23090515,-1.796397619,-1.970557731,2.11010908,-1.234303155,0.349505129,0.157284888,0.001294142,-0.003398005
4.74,-2.150111645,-2.128652446,2.124539507,-1.239515465,-1.795068193,-1.969725358,2.125441048,-1.242693426,0.355043453,0.158927088,0.000901541,-0.003177962
4.77,-2.15438457,-2.129462939,2.139711285,-1.248057965,-1.793746618,-1.968889703,2.140771742,-1.251085334,0.360637952,0.160573236,0.001060457,-0.003027369
4.81,-2.160169843,-2.13050729,2.154146409,-1.259693871,-1.791999523,-1.967743844,2.161220199,-1.262276321,0.36817032,0.162763446,0.00707379,-0.00258245
4.84,-2.164581136,-2.131257016,2.170188723,-1.268441018,-1.790693901,-1.966852704,2.176555317,-1.270671752,0.373887235,0.164404311,0.006366594,-0.002230735
4.87,-2.169048058,-2.131973077,2.187412039,-1.276471018,-1.789382619,-1.965947852,2.191894846,-1.279066827,0.379665439,0.166025225,0.004482807,-0.002595809
4.88,-2.175085269,-2.132907619,2.205465582,-1.287842538,-1.788941594,-1.965643523,2.19700791,-1.281863794,0.386143675,0.167264096,-0.008457672,0.005978743
4.94,-2.179675219,-2.133580045,2.220945774,-1.296502843,-1.7862633,-1.963776246,2.227687718,-1.298641295,0.393411919,0.169803799,0.006741945,-0.002138452
4.97,-2.184335403,-2.13422557,2.238537169,-1.304910343,-1.784899674,-1.962796698,2.243028671,-1.307037273,0.399435728,0.171428871,0.004491502,-0.00212693
5.01,-2.054256241,-2.085325253,2.261498864,-1.315628398,-1.783042609,-1.961445227,2.263484679,-1.318235934,0.271213632,0.123880026,0.001985815,-0.002607536
5.04,-2.057296392,-2.085282899,2.276967011,-1.323713351,-1.781611684,-1.960411697,2.278827128,-1.326626153,0.275684709,0.124871202,0.001860117,-0.002912802
5.07,-2.060395113,-2.085211023,2.295181692,-1.332143351,-1.780151548,-1.959357735,2.294170233,-1.335021791,0.280243566,0.125853288,-0.001011459,-0.002878441
5.11,-2.064617848,-2.085081556,2.317856756,-1.342990975,-1.778157991,-1.957895414,2.314634375,-1.346236162,0.286459857,0.127186142,-0.003222381,-0.003245187
5.14,-2.067842308,-2.084927033,2.333014848,-1.351180257,-1.776645468,-1.956769454,2.32998415,-1.354650252,0.29119684,0.128157579,-0.003030698,-0.003469994
5.17,-2.071114889,-2.084739785,2.353907039,-1.359477757,-1.775140382,-1.955643822,2.345342466,-1.3630621,0.295974507,0.129095963,-0.008564573,-0.003584343
5.21,-2.07552739,-2.084489,2.375175322,-1.371805302,-1.773196032,-1.954155281,2.365832259,-1.374282027,0.302331358,0.130333719,-0.009343063,-0.002476725
5.24,-2.078902311,-2.084286941,2.390331875,-1.380911262,-1.771818496,-1.953032111,2.381210341,-1.382687705,0.307083815,0.13125483,-0.009121534,-0.001776443
5.27,-2.082318672,-2.084038964,2.407077602,-1.389296262,-1.770507735,-1.951900991,2.396588415,-1.391073397,0.311810937,0.132137973,-0.010489186,-0.001777136
5.31,-2.086955638,-2.083647175,2.421731152,-1.400000127,-1.768873657,-1.950403331,2.417102823,-1.402254609,0.318081981,0.133243843,-0.00462833,-0.002254482
5.34,-2.090499844,-2.083317173,2.437482023,-1.407737975,-1.767720241,-1.949297223,2.432489145,-1.410658294,0.322779603,0.13401995,-0.004992878,-0.002920319
5.37,-2.094107827,-2.082963291,2.44703831,-1.416007975,-1.766612611,-1.948189995,2.447880623,-1.419059807,0.327495216,0.134773296,0.000842313,-0.003051832
5.41,-2.098993535,-2.082443591,2.477055529,-1.428181169,-1.765207077,-1.94668978,2.468405158,-1.430246022,0.333786458,0.135753811,-0.008650371,-0.002064853
5.44,-2.102707075,-2.082006099,2.493953782,-1.436252547,-1.764192437,-1.945558966,2.483802559,-1.438636899,0.338514638,0.136447133,-0.010151223,-0.002384351
5.47,-2.106461903,-2.08152329,2.505438518,-1.444607547,-1.763198136,-1.944436369,2.499202045,-1.447032886,0.343263767,0.13708692,-0.006236474,-0.002425338
5.51,-1.998542312,-1.990035049,2.523828351,-1.456302596,-1.761900689,-1.942941432,2.519736012,-1.458227383,0.236641624,0.047093617,-0.004092339,-0.001924787
5.53,-2.000982412,-1.98833199,2.534856724,-1.464147263,-1.761260893,-1.942182945,2.530006355,-1.463822579,0.239721519,0.046149045,-0.004850369,0.000324684
5.57,-2.003474093,-1.986593546,2.550596681,-1.472439763,-1.759990463,-1.940643961,2.550542154,-1.47500403,0.24348363,0.045949585,-5.4527e-05,-0.002564267
5.61,-2.006859253,-1.98421648,2.571798757,-1.48300802,-1.758722922,-1.939109504,2.571082265,-1.486178131,0.24813633,0.045106976,-0.000716491,-0.003170111
5.63,-2.009455546,-1.982406285,2.580243017,-1.492557322,-1.758094269,-1.938351572,2.581348794,-1.491764158,0.251361277,0.044054713,0.001105777,0.000793164
5.67,-2.01208532,-1.980569415,2.595593938,-1.501027322,-1.756874514,-1.936843531,2.601883962,-1.502930638,0.255210805,0.043725884,0.006290024,-0.001903316
5.71,-2.01565914,-1.978067908,2.611412113,-1.510861001,-1.755747814,-1.935340113,2.622416846,-1.514086329,0.259911326,0.042727795,0.011004733,-0.003225327
5.74,-2.018388067,-1.976156969,2.625476539,-1.518562088,-1.754989424,-1.934233148,2.637815329,-1.522457113,0.263398644,0.04192382,0.01233879,-0.003895025
5.73,-2.021149839,-1.974198224,2.640705901,-1.526797088,-1.755230973,-1.934598262,2.632682893,-1.51966436,0.265918866,0.039599962,-0.008023008,0.007132728
5.81,-2.024907055,-1.971533845,2.660143623,-1.53816757,-1.753498101,-1.931733723,2.673727724,-1.542038382,0.271408954,0.039800122,0.013584101,-0.003870812
5.83,-2.027779728,-1.969490182,2.674383297,-1.547210477,-1.753142431,-1.931030733,2.683984732,-1.547627424,0.274637297,0.038459449,0.009601436,-0.000416947
5.87,-2.030697291,-1.967402879,2.689451423,-1.555200477,-1.752506592,-1.929642305,2.704491835,-1.558800096,0.2781907,0.037760574,0.015040412,-0.003599619
5.91,-2.034657083,-1.964558142,2.714398007,-1.56665563,-1.751952548,-1.928300981,2.724994883,-1.569987537,0.282704535,0.03625716,0.010596876,-0.003331907
5.93,-2.037682445,-1.962371017,2.730078485,-1.574863502,-1.751699904,-1.927647825,2.735242691,-1.575584042,0.285982541,0.034723193,0.005164206,-0.00072054
5.97,-2.040727006,-1.960148604,2.745606223,-1.583351002,-1.751232513,-1.926359514,2.75573855,-1.586771193,0.289494493,0.03378909,0.010132327,-0.003420191
6.01,-1.992062618,-1.938664863,2.774592125,-1.595384678,-1.750802806,-1.925095976,2.776226024,-1.597955468,0.241259812,0.013568887,0.001633899,-0.00257079
6.04,-1.994528188,-1.936138756,2.789953233,-1.60435941,-1.75049753,-1.924183789,2.791591112,-1.606347808,0.244030659,0.011954967,0.00163788,-0.001988397
6.07,-1.997023654,-1.933585161,2.808656424,-1.61277941,-1.750199446,-1.923300816,2.806951467,-1.614744357,0.246824208,0.010284345,-0.001704957,-0.001964946
6.11,-2.000409975,-1.93014607,2.82661119,-1.623417449,-1.74980772,-1.922160189,2.827432829,-1.625940678,0.250602256,0.007985881,0.000821638,-0.002523229
6.14,-2.00299023,-1.927532553,2.843504123,-1.630763692,-1.74951894,-1.921329106,2.842789055,-1.634338603,0.25347129,0.006203447,-0.000715068,-0.003574911
6.17,-2.005599553,-1.924873046,2.857073769,-1.639201192,-1.749239171,-1.920527655,2.858146692,-1.642738937,0.256360382,0.004345392,0.001072922,-0.003537745
6.21,-2.009133052,-1.921265038,2.875416573,-1.649731176,-1.748894719,-1.919527518,2.878619781,-1.653942192,0.260238333,0.001737519,0.003203208,-0.004211016
6.23,-2.011815493,-1.91852031,2.884317833,-1.658695873,-1.748736879,-1.919050333,2.888856628,-1.659543779,0.263078614,-0.000530023,0.004538795,-0.000847906
6.27,-2.014539524,-1.915731804,2.899882983,-1.666968373,-1.74844939,-1.918126584,2.90933025,-1.670740904,0.266090134,-0.00239478,0.009447268,-0.003772531
6.31,-2.018242779,-1.911936642,2.91351333,-1.678905255,-1.748195163,-1.917258194,2.929801703,-1.681933184,0.270047616,-0.005321552,0.016288372,-0.003027929
6.34,-2.021066323,-1.909045396,2.928308433,-1.687208793,-1.748022196,-1.916664039,2.945154971,-1.690329187,0.273044127,-0.007618643,0.016846538,-0.003120395
6.37,-2.023925929,-1.906122071,2.945150339,-1.695718793,-1.747856971,-1.91610909,2.960506213,-1.698724687,0.276068958,-0.009987019,0.015355874,-0.003005895
6.41,-2.027788019,-1.902169788,2.974652529,-1.70609922,-1.747639775,-1.915422167,2.980976758,-1.70991839,0.280148244,-0.013252379,0.006324229,-0.00381917
6.44,-2.030716699,-1.899159161,2.9914124,-1.714811849,-1.747472706,-1.914950623,2.996326601,-1.718315646,0.283243992,-0.015791462,0.004914201,-0.003503798
6.47,-2.033664261,-1.896098858,3.009934386,-1.723314349,-1.747300397,-1.914524273,3.011678688,-1.726711724,0.286363864,-0.018425415,0.001744303,-0.003397376
6.51,-1.987938474,-1.953838547,3.035387328,-1.73359864,-1.747055182,-1.914044373,3.03214221,-1.737900301,0.240883292,0.039794174,-0.003245117,-0.004301661
6.53,-1.990321731,-1.951458019,3.054555948,-1.742351515,-1.746922579,-1.913833556,3.042375756,-1.743494939,0.243399152,0.037624463,-0.012180193,-0.001143424
6.57,-1.992731652,-1.949024446,3.071416086,-1.750754015,-1.746631057,-1.913462288,3.062838838,-1.754686803,0.246100596,0.035562159,-0.008577248,-0.003932788
6.61,-1.995993476,-1.945717533,3.090041732,-1.761449544,-1.746305183,-1.913180162,3.083303869,-1.765875302,0.249688293,0.032537372,-0.006737863,-0.004425758
6.64,-1.998473146,-1.943188649,3.106689264,-1.770139156,-1.746045389,-1.913040086,3.09864942,-1.77425966,0.252427757,0.030148563,-0.008039844,-0.004120504
6.67,-2.000977448,-1.940604578,3.122252629,-1.778414156,-1.745781426,-1.912941641,3.113996133,-1.782641688,0.255196022,0.027662938,-0.008256497,-0.004227532
6.71,-2.004362474,-1.937089651,3.142574057,-1.789455162,-1.745437189,-1.9128667,3.134457625,-1.793820167,0.258925285,0.02422295,-0.008116432,-0.004365005
6.74,-2.006918616,-1.934389159,3.158157858,-1.798178402,-1.745198627,-1.912860346,3.149804133,-1.802204081,0.261719989,0.021528812,-0.008353726,-0.004025679
6.77,-2.00950691,-1.931645369,3.168592969,-1.806380902,-1.744980027,-1.912900341,3.165150965,-1.810590603,0.264526883,0.018745028,-0.003442004,-0.004209701
6.81,-2.013006671,-1.927919915,3.184521136,-1.818087861,-1.744722596,-1.913031016,3.185610539,-1.821777853,0.268284075,0.014888899,0.001089402,-0.003689992
6.84,-2.015665375,-1.925092252,3.200908433,-1.826444454,-1.744546927,-1.913170904,3.200956814,-1.83016847,0.271118448,0.011921349,4.8381e-05,-0.003724016
6.87,-2.018350828,-1.922223525,3.212860875,-1.835061954,-1.744380715,-1.913343169,3.216300289,-1.838559715,0.273970113,0.008880357,0.003439414,-0.003497761
6.91,-2.021991354,-1.918286805,3.237340585,-1.846211967,-1.744175712,-1.913655641,3.236761711,-1.849748487,0.277815642,0.004631164,-0.000578874,-0.003536519
6.94,-2.024760838,-1.915269794,3.253736568,-1.854793937,-1.744029879,-1.913955914,3.252104198,-1.858138001,0.280730959,0.001313881,-0.001632369,-0.003344064
6.97,-2.027563548,-1.912189745,3.275474839,-1.863343937,-1.743883458,-1.914293611,3.267449585,-1.866528175,0.28368009,-0.002103866,-0.008025254,-0.003184237
7.01,-1.877377495,-1.959155314,3.289659086,-1.874572592,-1.743679375,-1.914806086,3.287906146,-1.877721418,0.13369812,0.044349228,-0.001752941,-0.003148826
7.04,-1.878255817,-1.956599202,3.305621241,-1.883117678,-1.743519636,-1.915253379,3.303250919,-1.886116371,0.134736181,0.041345824,-0.002370323,-0.002998693
7.07,-1.879168322,-1.954004035,3.316782001,-1.891425178,-1.743354381,-1.915754347,3.31859744,-1.894512775,0.135813941,0.038249688,0.001815439,-0.003087597
7.11,-1.880420575,-1.950469984,3.343517311,-1.90194091,-1.743121671,-1.91650576,3.339069231,-1.90571189,0.137298904,0.033964224,-0.00444808,-0.003770979
7.14,-1.881366641,-1.947764497,3.359685149,-1.910258766,-1.742956607,-1.917115911,3.35442274,-1.914113555,0.138410034,0.030648586,-0.005262409,-0.003854789
7.17,-1.882332749,-1.945009807,3.374294373,-1.918211266,-1.742827236,-1.917759906,3.369777444,-1.922518179,0.139505513,0.027249901,-0.004516929,-0.004306913
7.21,-1.88364388,-1.941257197,3.393863756,-1.929672712,-1.742781283,-1.918680129,3.390251102,-1.933741086,0.140862597,0.022577068,-0.003612654,-0.004068374
7.24,-1.884651356,-1.938397289,3.409829723,-1.938803874,-1.742876064,-1.919395184,3.405605944,-1.942166341,0.141775292,0.019002105,-0.004223779,-0.003362467
7.27,-1.885663389,-1.935485817,3.421419461,-1.947171374,-1.743074771,-1.920111771,3.420961265,-1.950572035,0.142588618,0.015374046,-0.000458197,-0.00340066
7.31,-1.887045282,-1.931508301,3.443483821,-1.958848676,-1.743541986,-1.921071051,3.441429888,-1.961745619,0.143503296,0.01043725,-0.002053933,-0.002896944
7.34,-1.888130197,-1.928467018,3.458858416,-1.967667072,-1.744051024,-1.921810199,3.456781558,-1.970145787,0.144079173,0.006656819,-0.002076858,-0.002478715
7.37,-1.889250255,-1.925376963,3.477628405,-1.975869572,-1.744672602,-1.922565105,3.472128515,-1.978563071,0.144577653,0.002811858,-0.00549989,-0.002693499
7.41,-1.890765054,-1.921176185,3.4902736,-1.98659845,-1.745691126,-1.923582166,3.492592631,-1.989765838,0.145073927,-0.002405981,0.002319031,-0.003167388
7.44,-1.89191325,-1.917961977,3.50582398,-1.995402006,-1.746588077,-1.924351076,3.507935733,-1.998145481,0.145325173,-0.006389099,0.002111752,-0.002743474
7.47,-1.893075877,-1.914673253,3.524501716,-2.003627006,-1.747581831,-1.925136805,3.523280498,-2.006532219,0.145494046,-0.010463552,-0.001221218,-0.002905212
7.51,-1.873367225,-1.918144501,3.54306692,-2.014829139,-1.74907989,-1.9262288,3.543733928,-2.017743457,0.124287335,-0.008084299,0.000667008,-0.002914319
7.54,-1.874279465,-1.914857372,3.559659511,-2.023412496,-1.750318981,-1.927070959,3.559074378,-2.026146647,0.123960485,-0.012213587,-0.000585133,-0.002734151
7.57,-1.875199615,-1.911516079,3.575127461,-2.031904996,-1.751632858,-1.927924373,3.574412287,-2.034533738,0.123566757,-0.016408294,-0.000715175,-0.002628743
7.61,-1.876448285,-1.90696433,3.600260107,-2.043573416,-1.753518885,-1.929100269,3.594861297,-2.04571142,0.1229294,-0.022135938,-0.00539881,-0.002138004
7.63,-1.877391586,-1.903474904,3.609578487,-2.051663467,-1.754517913,-1.929712911,3.605085755,-2.051309235,0.122873673,-0.026238007,-0.004492733,0.000354231
7.67,-1.878358864,-1.899930771,3.625372496,-2.060070967,-1.756622206,-1.930984528,3.625529826,-2.062511943,0.121736658,-0.031053757,0.000157329,-0.002440977
7.71,-1.879665954,-1.89510816,3.648191722,-2.071215989,-1.758853414,-1.932297048,3.645975411,-2.073697959,0.12081254,-0.037188888,-0.002216311,-0.00248197
7.74,-1.880654583,-1.891430538,3.664243918,-2.080043665,-1.76061181,-1.933313004,3.661306608,-2.082080877,0.120042772,-0.041882466,-0.00293731,-0.002037212
7.77,-1.881662916,-1.887687556,3.67283676,-2.088171165,-1.762435116,-1.934364224,3.67663967,-2.090471404,0.1192278,-0.046676668,0.00380291,-0.002300238
7.81,-1.883034522,-1.882598844,3.693701202,-2.099309262,-1.764979014,-1.93583532,3.697077502,-2.101671086,0.118055508,-0.053236476,0.0033763,-0.002361823
7.83,-1.884058309,-1.878704403,3.701994083,-2.108312168,-1.766289705,-1.936593544,3.707298179,-2.107268321,0.117768604,-0.057889141,0.005304097,0.001043847
7.87,-1.885086642,-1.87473979,3.717187303,-2.116567168,-1.768976839,-1.938151749,3.727734033,-2.118454604,0.116109803,-0.063411959,0.01054673,-0.001887436
7.91,-1.886474571,-1.869343624,3.7530211,-2.128049479,-1.771753328,-1.93979004,3.748171086,-2.129643722,0.114721243,-0.070446416,-0.004850013,-0.001594243
7.93,-1.887521685,-1.865237715,3.770601959,-2.135736294,-1.773175044,-1.940647041,3.758387459,-2.135240916,0.114346641,-0.075409326,-0.0122145,0.000495378
7.97,-1.888572748,-1.861068382,3.78707461,-2.143846294,-1.776071733,-1.942429878,3.778820349,-2.146433707,0.112501015,-0.081361496,-0.00825426,-0.002587413
8.01,-1.937416101,-1.958451162,3.809415944,-2.154448185,-1.779019969,-1.944293355,3.79925232,-2.157624767,0.158396132,0.014157807,-0.010163624,-0.003176583
8.04,-1.939083669,-1.955460377,3.826872477,-2.162787027,-1.781265332,-1.945759426,3.814576553,-2.16601908,0.157818337,0.009700951,-0.012295924,-0.003232053
8.07,-1.940742979,-1.95242187,3.843548611,-2.170984527,-1.783537591,-1.947287063,3.829901167,-2.174411333,0.157205388,0.005134807,-0.013647444,-0.003426806
8.11,-1.942951766,-1.948296565,3.865045222,-2.18160969,-1.786604729,-1.949432244,3.85033117,-2.185596524,0.156347037,-0.001135679,-0.014714052,-0.003986834
8.14,-1.944607736,-1.945137554,3.882346754,-2.190115155,-1.788917569,-1.951105273,3.865657435,-2.193988458,0.155690167,-0.005967719,-0.016689318,-0.003873303
8.17,-1.946260003,-1.941913373,3.899156247,-2.198630155,-1.791237957,-1.952822687,3.880981516,-2.202384855,0.155022045,-0.010909314,-0.018174731,-0.0037547
8.21,-1.948459484,-1.93751083,3.921000526,-2.209681806,-1.794359248,-1.95520914,3.901419471,-2.213577737,0.154100236,-0.017698309,-0.019581055,-0.003895931
8.24,-1.9501016,-1.934118075,3.937322089,-2.217646828,-1.796723749,-1.957072255,3.91674528,-2.221967879,0.153377851,-0.02295418,-0.020576809,-0.004321051
8.27,-1.951740411,-1.930673037,3.9542244,-2.225736828,-1.7990977,-1.958977408,3.932074563,-2.230358759,0.152642711,-0.028304371,-0.022149837,-0.004621931
8.31,-1.953922581,-1.925988531,3.977795056,-2.236210248,-1.802270732,-1.961582868,3.952511056,-2.241552725,0.151651849,-0.035594337,-0.025284,-0.005342477
8.34,-1.955564278,-1.922401454,3.997394063,-2.245991419,-1.804662288,-1.963596548,3.967841344,-2.249947206,0.15090199,-0.041195094,-0.029552719,-0.003955788
8.37,-1.95720159,-1.918757135,4.014604459,-2.254091419,-1.807065564,-1.965660406,3.983170482,-2.258336374,0.150136026,-0.046903271,-0.031433976,-0.004244956
8.41,-1.959374118,-1.913793873,4.034459018,-2.266055828,-1.810276924,-1.968492655,4.003609971,-2.269518856,0.149097194,-0.054698782,-0.030849047,-0.003463028
8.44,-1.960998733,-1.909981527,4.052294281,-2.274018072,-1.81267552,-1.970665256,4.018940109,-2.277913149,0.148323212,-0.060683729,-0.033354172,-0.003895077
8.47,-1.962612646,-1.906089885,4.069531685,-2.282213072,-1.815066677,-1.972877644,4.034269822,-2.286310891,0.147545969,-0.066787759,-0.035261863,-0.004097819
8.51,-1.894126573,-2.03733848,4.096161552,-2.29212156,-1.818249009,-1.975919251,4.054713048,-2.297496964,0.075877564,0.06141923,-0.041448504,-0.005375404
8.54,-1.894830955,-2.035027685,4.114960415,-2.301440954,-1.820623376,-1.978268456,4.070043744,-2.305880225,0.074207579,0.05675923,-0.044916671,-0.004439272
8.57,-1.895530897,-2.032636073,4.132540909,-2.309673454,-1.822976699,-1.980658636,4.085380649,-2.314272837,0.072554197,0.051977438,-0.04716026,-0.004599383
8.61,-1.896452193,-2.02934026,4.151738296,-2.321875328,-1.826074706,-1.983916988,4.105837606,-2.325474372,0.070377487,0.045423271,-0.04590069,-0.003599043
8.64,-1.897134475,-2.026780726,4.169342354,-2.329730681,-1.828395022,-1.986413392,4.121186821,-2.333872288,0.068739453,0.040367335,-0.048155533,-0.004141607
8.67,-1.897794596,-2.024165436,4.186881505,-2.337903181,-1.830733077,-1.988933635,4.136534932,-2.342266331,0.067061519,0.035231801,-0.050346573,-0.00436315
8.71,-1.898642973,-2.020571024,4.203773955,-2.349595671,-1.833905577,-1.992281892,4.157004509,-2.353458549,0.064737396,0.028289132,-0.046769446,-0.003862877
8.74,-1.899257826,-2.017807626,4.220067518,-2.357740845,-1.836349001,-1.994743274,4.172354409,-2.361837351,0.062908826,0.023064352,-0.047713109,-0.004096506
8.77,-1.899847208,-2.014984864,4.237465954,-2.366103345,-1.838861302,-1.997157614,4.18770615,-2.370213847,0.060985906,0.01782725,-0.049759804,-0.004110502
8.81,-1.900568606,-2.01111525,4.256632124,-2.377533974,-1.842368344,-2.000278534,4.208172716,-2.381423801,0.058200262,0.010836716,-0.048459408,-0.003889827
8.84,-1.901094356,-2.008158106,4.270043947,-2.386692483,-1.845117598,-2.00252353,4.223521518,-2.38984123,0.055976758,0.005634576,-0.046522429,-0.003148747
8.87,-1.901590952,-2.005160452,4.287293237,-2.394932483,-1.847947241,-2.004685308,4.238869348,-2.398233393,0.053643712,0.000475144,-0.048423889,-0.00330091
8.91,-1.902207639,-2.001056338,4.312880911,-2.406121501,-1.851873493,-2.007415818,4.259328399,-2.409396972,0.050334146,-0.00635948,-0.053552512,-0.003275472
8.94,-1.902642329,-1.997902415,4.334658459,-2.414977434,-1.854943662,-2.009360516,4.274672317,-2.417800381,0.047698668,-0.011458101,-0.059986142,-0.002822948
8.97,-1.903063027,-1.994702162,4.35229317,-2.423447434,-1.858100557,-2.011229556,4.290011734,-2.426221258,0.04496247,-0.016527394,-0.062281436,-0.002773824
9.01,-1.955053474,-1.979673091,4.358236794,-2.434235315,-1.862442806,-2.013569946,4.31046577,-2.437419389,0.092610668,-0.033896855,-0.047771023,-0.003184074
9.04,-1.956108775,-1.976200715,4.365236722,-2.443452514,-1.865789205,-2.015214383,4.325801601,-2.445793142,0.09031957,-0.039013668,-0.039435122,-0.002340629
9.07,-1.957151422,-1.972653633,4.382036752,-2.451615014,-1.86920457,-2.016789963,4.341140484,-2.454181981,0.087946852,-0.04413633,-0.040896268,-0.002566967
9.11,-1.958534053,-1.967842102,4.398719586,-2.463012491,-1.873877197,-2.018778622,4.361588662,-2.465404099,0.084656856,-0.05093652,-0.037130924,-0.002391608
9.14,-1.959546917,-1.964171273,4.423698479,-2.470943809,-1.877440242,-2.020186447,4.376929281,-2.473810313,0.082106675,-0.056015173,-0.046769199,-0.002866504
9.17,-1.960542268,-1.960423635,4.440727244,-2.478941309,-1.881026522,-2.021538679,4.39226919,-2.482198764,0.079515747,-0.061115044,-0.048458054,-0.003257455
9.21,-1.961834149,-1.955313423,4.45267032,-2.490587554,-1.885841096,-2.023273678,4.412727642,-2.493381751,0.075993053,-0.067960255,-0.039942678,-0.002794196
9.24,-1.962786816,-1.951409674,4.479255785,-2.499229486,-1.889468952,-2.024552691,4.428072805,-2.50177601,0.073317864,-0.073143017,-0.05118298,-0.002546524
9.27,-1.963729896,-1.947431256,4.496404579,-2.507296986,-1.893091413,-2.025822215,4.443419585,-2.510166408,0.070638483,-0.078390959,-0.052984994,-0.002869423
9.31,-1.964946198,-1.942025763,4.510519484,-2.519094636,-1.897873944,-2.027501506,4.46388755,-2.521352499,0.067072254,-0.085475742,-0.046631934,-0.002257864
9.34,-1.965830271,-1.937897343,4.516282693,-2.527270856,-1.901416216,-2.028768064,4.479240082,-2.529747216,0.064414055,-0.09087072,-0.03704261,-0.00247636
9.37,-1.966683646,-1.933687218,4.532980512,-2.535448356,-1.904929388,-2.030055174,4.494594527,-2.538137328,0.061754258,-0.096367956,-0.038385985,-0.002688973
9.41,-1.967782963,-1.928000324,4.546591722,-2.546409888,-1.909546076,-2.031819318,4.515045644,-2.549309216,0.058236887,-0.103818994,-0.031546078,-0.002899328
9.44,-1.968582126,-1.923697563,4.563018254,-2.554941404,-1.912931375,-2.033175741,4.530364484,-2.557697355,0.05565075,-0.109478178,-0.03265377,-0.002755951
9.47,-1.969355754,-1.91935378,4.579551605,-2.563028904,-1.916252697,-2.034559832,4.545651886,-2.566099579,0.053103056,-0.115206052,-0.033899719,-0.003070675
9.51,-1.961496268,-1.984710531,4.596681926,-2.574225665,-1.920576033,-2.036477848,4.565944583,-2.57729673,0.040920235,-0.051767318,-0.030737343,-0.003071065
9.54,-1.962105447,-1.981148186,4.613953436,-2.583147759,-1.923741566,-2.037982377,4.581064731,-2.585673158,0.038363881,-0.056834191,-0.032888705,-0.002525399
9.57,-1.962685134,-1.977533087,4.630260117,-2.591355259,-1.926837746,-2.039532299,4.596101021,-2.594054769,0.035847388,-0.061999212,-0.034159097,-0.00269951
9.61,-1.963410353,-1.972606578,4.655286605,-2.60262468,-1.930819572,-2.041675128,4.615942884,-2.605266679,0.032590781,-0.06906855,-0.039343721,-0.002641999
9.64,-1.963911104,-1.968828661,4.663489031,-2.611450471,-1.933708116,-2.043340474,4.630648094,-2.613680626,0.030202989,-0.074511813,-0.032840937,-0.002230155
9.67,-1.964376764,-1.964990054,4.679357179,-2.619802971,-1.936540125,-2.045046255,4.645211964,-2.62207824,0.027836639,-0.080056201,-0.034145215,-0.002275269
9.71,-1.964945013,-1.959778488,4.69963083,-2.631751192,-1.940214021,-2.047369696,4.664318028,-2.633262572,0.024730992,-0.087591207,-0.035312802,-0.00151138
9.74,-1.965320324,-1.955798881,4.708786949,-2.640581553,-1.942883056,-2.049122226,4.678402724,-2.6416636,0.022437269,-0.093323346,-0.030384225,-0.001082047
9.77,-1.965658621,-1.951750117,4.723933396,-2.648789053,-1.94549426,-2.050873693,4.692298142,-2.650069363,0.020164361,-0.099123576,-0.031635253,-0.00128031
9.81,-1.966059246,-1.946254578,4.742131593,-2.660659802,-1.948897937,-2.053208114,4.710453132,-2.661269526,0.017161309,-0.106953536,-0.031678461,-0.000609724
9.84,-1.966325035,-1.942064198,4.74735341,-2.667692891,-1.951397722,-2.054953979,4.723776446,-2.669665201,0.014927313,-0.112889782,-0.023576964,-0.00197231
9.87,-1.96656535,-1.937831501,4.761484698,-2.676217891,-1.953847384,-2.056688074,4.736844915,-2.678047536,0.012717966,-0.118856573,-0.024639783,-0.001829645
9.91,-1.966839054,-1.932115133,4.789459556,-2.687525337,-1.956997021,-2.058963841,4.753492019,-2.689180907,0.009842034,-0.126848708,-0.035967537,-0.00165557
9.94,-1.967030821,-1.927775516,4.803661655,-2.695824706,-1.959234791,-2.060621518,4.765300563,-2.697507742,0.00779603,-0.132846002,-0.038361092,-0.001683036
9.97,-1.967206616,-1.923402746,4.816505121,-2.704044706,-1.961349574,-2.062223486,4.776625934,-2.705827017,0.005857043,-0.13882074,-0.039879187,-0.001782311
10.01,-2.032909886,-1.999640497,4.828594149,-2.715877295,-1.963901857,-2.064225773,4.790850145,-2.71691047,0.069008029,-0.064585276,-0.037744004,-0.001033175
10.04,-2.033892571,-1.996195352,4.837386907,-2.72393978,-1.965598329,-2.065606269,4.800887664,-2.725222767,0.068294242,-0.069410917,-0.036499243,-0.001282987
10.07,-2.034848826,-1.99270011,4.848437654,-2.73194478,-1.967121696,-2.066882736,4.810481535,-2.733546402,0.067727129,-0.074182626,-0.037956119,-0.001601623
10.11,-2.036118623,-1.987969922,4.852136108,-2.742763893,-1.968786127,-2.068352787,4.8225198,-2.74465484,0.067332496,-0.080382865,-0.029616308,-0.001890947
10.14,-2.037031166,-1.984359838,4.852334754,-2.750763939,-1.969727785,-2.069245137,4.831006755,-2.752983171,0.067303381,-0.084885299,-0.021327999,-0.002219232
10.17,-2.03791326,-1.980691945,4.86143509,-2.758923939,-1.970440439,-2.069964474,4.839123323,-2.761322098,0.06747282,-0.089272529,-0.022311767,-0.002398159
10.21,-2.039067712,-1.975728409,4.882216756,-2.770074326,-1.970955938,-2.070570404,4.849312569,-2.772481678,0.068111774,-0.094841995,-0.032904187,-0.002407352
10.24,-2.039912907,-1.971950324,4.897209822,-2.778638983,-1.970978871,-2.070730599,4.856514215,-2.780853433,0.068934036,-0.098780275,-0.040695607,-0.00221445
10.27,-2.040739846,-1.968125461,4.905735362,-2.786963983,-1.970710157,-2.070665585,4.863405073,-2.789197143,0.070029689,-0.102540124,-0.042330289,-0.00223316
10.31,-2.041810338,-1.962946387,4.914359992,-2.797990209,-1.969792895,-2.070166731,4.872022297,-2.800299536,0.072017444,-0.107220344,-0.042337695,-0.002309327
10.34,-2.04259469,-1.959014589,4.90928802,-2.806345596,-1.968670434,-2.06948899,4.878059018,-2.808654295,0.073924255,-0.1104744,-0.031229002,-0.002308699
10.37,-2.043360242,-1.955028261,4.916333622,-2.814543096,-1.967209919,-2.068589278,4.883795249,-2.817022195,0.076150322,-0.113561016,-0.032538373,-0.002479099
10.41,-2.044364242,-1.949614041,4.922824755,-2.826191028,-1.96458989,-2.066973634,4.890949991,-2.828151787,0.079774352,-0.117359593,-0.031874764,-0.00196076
10.44,-2.045111285,-1.945499647,4.922635489,-2.834187094,-1.962097778,-2.065447423,4.895974463,-2.836488047,0.083013507,-0.119947776,-0.026661026,-0.002300953
10.47,-2.045857473,-1.941355063,4.928667017,-2.842349594,-1.959218532,-2.063693222,4.900767175,-2.844845277,0.086638941,-0.122338159,-0.027899842,-0.002495682
10.51,-1.994747333,-2.097102333,4.932494066,-2.853068687,-1.95464618,-2.060932259,4.906728212,-2.856028199,0.040101152,0.036170073,-0.025765854,-0.002959512
10.54,-1.994810619,-2.094972471,4.942984481,-2.861957955,-1.950630349,-2.058536496,4.910892789,-2.86440068,0.04418027,0.036435975,-0.032091691,-0.002442725
10.57,-1.994856915,-2.092815859,4.948396635,-2.870325455,-1.946172925,-2.055902208,4.914840275,-2.8727498,0.04868399,0.036913651,-0.03355636,-0.002424345
10.61,-1.994893091,-2.089899443,4.944141541,-2.8816001,-1.939422013,-2.05195024,4.919727653,-2.883897607,0.055471078,0.037949203,-0.024413888,-0.002297507
10.64,-1.994900336,-2.087686791,4.945884246,-2.889647555,-1.933758687,-2.04863507,4.923106609,-2.89230852,0.061141649,0.039051722,-0.022777637,-0.002660965
10.67,-1.994897191,-2.08544534,4.950289651,-2.897845055,-1.927651696,-2.045035154,4.926286679,-2.900729082,0.067245494,0.040410185,-0.024002972,-0.002884027
10.71,-1.99488547,-2.082417196,4.946330856,-2.909204782,-1.918678127,-2.039654896,4.930198898,-2.911907423,0.076207343,0.0427623,-0.016131958,-0.002702641
10.74,-1.994866187,-2.080112142,4.948632708,-2.917558235,-1.911325038,-2.035157901,4.93289003,-2.920271788,0.083541149,0.044954241,-0.015742679,-0.002713553
10.77,-1.994847685,-2.077797016,4.952259916,-2.926073235,-1.903520821,-2.030323755,4.93540894,-2.928672097,0.091326864,0.047473261,-0.016850976,-0.002598863
10.81,-1.994827206,-2.074683492,4.961089709,-2.936385045,-1.892268548,-2.023274595,4.938462535,-2.939922779,0.102558657,0.051408897,-0.022627174,-0.003537735
10.84,-1.994822626,-2.072316339,4.963167055,-2.944935511,-1.883167256,-2.017554757,4.940532849,-2.94832196,0.11165537,0.054761582,-0.022634206,-0.003386449
10.87,-1.994813859,-2.069921599,4.966476123,-2.953450511,-1.873576257,-2.011537103,4.942441211,-2.956692303,0.121237602,0.058384495,-0.024034912,-0.003241792
10.91,-1.994796977,-2.06668506,4.97133489,-2.964499036,-1.859893747,-2.003001526,4.94469329,-2.96788468,0.13490323,0.063683534,-0.0266416,-0.003385645
10.94,-1.99479772,-2.064228383,4.968605418,-2.97374233,-1.848955566,-1.996240453,4.946164019,-2.976315409,0.145842154,0.06798793,-0.022441399,-0.002573079
10.97,-1.994821882,-2.061750558,4.971401646,-2.98193983,-1.83751212,-1.989230052,4.947485138,-2.984735563,0.157309763,0.072520507,-0.023916508,-0.002795733
11.01,-1.948168915,-2.040178393,4.961556601,-2.992116205,-1.821313456,-1.979447943,4.948978025,-2.995914808,0.126855459,0.06073045,-0.012578576,-0.003798603
11.04,-1.947640811,-2.037453635,4.96292886,-3.00004723,-1.808464769,-1.971805352,4.949913512,-3.004308802,0.139176042,0.065648283,-0.013015348,-0.004261572
11.07,-1.947133535,-2.03472804,4.965010174,-3.00813223,-1.795111127,-1.963952498,4.950724532,-3.012732042,0.152022408,0.070775542,-0.014285642,-0.004599811
11.11,-1.946502679,-2.031085782,4.959222919,-3.018907462,-1.776366023,-1.953115365,4.951606901,-3.023968338,0.170136656,0.077970417,-0.007616019,-0.005060876
11.14,-1.946061211,-2.028354662,4.966094212,-3.026848866,-1.761591565,-1.944728706,4.952126333,-3.032364834,0.184469646,0.083625956,-0.013967878,-0.005515968
11.17,-1.945630153,-2.025611984,4.967880421,-3.035023866,-1.746301768,-1.936165394,4.952546198,-3.040756776,0.199328385,0.08944659,-0.015334223,-0.00573291
11.21,-1.9450699,-2.021963063,4.963050669,-3.046847403,-1.724986951,-1.924447266,4.952933988,-3.051983018,0.22008295,0.097515797,-0.010116681,-0.005135615
11.24,-1.944689665,-2.019221318,4.963690967,-3.055471992,-1.708302363,-1.915455738,4.953094827,-3.060414076,0.236387302,0.10376558,-0.01059614,-0.004942083
11.27,-1.944352384,-2.016479551,4.965047306,-3.063874492,-1.691102148,-1.906332705,4.95316459,-3.068828233,0.253250235,0.110146847,-0.011882717,-0.004953741
11.31,-1.943958354,-2.012827106,4.96103437,-3.075025661,-1.667229299,-1.893960872,4.953098333,-3.080024349,0.276729055,0.118866235,-0.007936037,-0.004998689
11.34,-1.943702313,-2.010080873,4.955586682,-3.084406017,-1.648639037,-1.884554019,4.952943442,-3.088437324,0.295063276,0.125526854,-0.00264324,-0.004031307
11.37,-1.943480165,-2.007341854,4.956482118,-3.092551017,-1.629556178,-1.875069712,4.952713898,-3.096862563,0.313923987,0.132272142,-0.003768221,-0.004311546
11.41,-1.943270383,-2.003693382,4.961170566,-3.10374743,-1.603200961,-1.862305949,4.952286878,-3.108086402,0.340069422,0.141387433,-0.008883688,-0.004338972
11.44,-1.943177198,-2.000963691,4.968195039,-3.11246958,-1.582755075,-1.852662823,4.95188065,-3.116491567,0.360422123,0.148300867,-0.016314388,-0.004021987
11.47,-1.943124818,-1.998223969,4.96934271,-3.12054708,-1.56182965,-1.842979046,4.951419658,-3.124898592,0.381295167,0.155244923,-0.017923052,-0.004351512
11.51,-1.848812015,-2.012218427,4.969628828,-3.131770792,-1.533074434,-1.830009892,4.950692105,-3.136122249,0.315737581,0.182208535,-0.018936723,-0.004351457
11.54,-1.8476613,-2.009674852,4.974985926,-3.139375828,-1.510869742,-1.820252325,4.950059167,3.138647682,0.336791558,0.189422526,-0.024926759,-0.005161797
11.57,-1.846558353,-2.007127971,4.976184452,3.135389479,-1.488201919,-1.810479625,4.949362582,3.130243429,0.358356434,0.196648345,-0.02682187,-0.00514605
11.61,-1.845174445,-2.003731261,4.975378387,3.124771054,-1.457154465,-1.7974319,4.948332367,3.11904613,0.38801998,0.206299362,-0.02704602,-0.005724923
11.64,-1.844196723,-2.001198118,4.963154502,3.116417821,-1.433280287,-1.787635229,4.947490018,3.110639859,0.410916436,0.213562889,-0.015664484,-0.005777962
11.67,-1.843275299,-1.998656117,4.963833397,3.108215321,-1.408986597,-1.777828593,4.946597899,3.10223295,0.434288702,0.220827524,-0.017235498,-0.005982371
11.71,-1.842137421,-1.995281212,4.96361905,3.097036766,-1.375826416,-1.764730485,4.945333417,3.091043847,0.466311005,0.230550727,-0.018285633,-0.005992919
11.74,-1.841352936,-1.992749065,4.952698172,3.088825566,-1.350394372,-1.754890312,4.94434088,3.082667077,0.490958564,0.237858753,-0.008357293,-0.006158488
11.77,-1.840626874,-1.990233689,4.953016556,3.080783066,-1.324572338,-1.745041739,4.9433278,3.074287143,0.516054535,0.24519195,-0.009688755,-0.006495923
11.81,-1.839768377,-1.986906624,4.949696956,3.069854299,-1.289453138,-1.731908003,4.941930393,3.06309592,0.550315239,0.254998621,-0.007766563,-0.006758378
11.84,-1.839205243,-1.984424319,4.962187405,3.062264632,-1.262602183,-1.722069773,4.940863254,3.054705826,0.57660306,0.262354546,-0.021324151,-0.007558806
11.87,-1.83869578,-1.981948314,4.962833754,3.053789632,-1.235386926,-1.712248696,4.939784724,3.046323815,0.603308853,0.269699619,-0.02304903,-0.007465817
11.91,-1.838121368,-1.978651088,4.968694897,3.041445669,-1.198467382,-1.699197289,4.938331286,3.035145305,0.639653986,0.279453799,-0.030363611,-0.006300364
11.94,-1.837778983,-1.976186854,4.966564351,3.034122587,-1.170331637,-1.68945018,4.937219867,3.02675251,0.667447346,0.286736674,-0.029344484,-0.007370077
11.97,-1.837502846,-1.97372133,4.967364488,3.025617587,-1.141878359,-1.679739573,4.93609093,3.018358847,0.695624486,0.293981757,-0.031273558,-0.00725874
12.01,-1.645832386,-1.931664858,4.962960238,3.014433675,-1.103368328,-1.666870875,4.934554519,3.007177581,0.542464058,0.264793983,-0.028405718,-0.007256094
12.04,-1.643273061,-1.928704552,4.952626609,3.006288179,-1.074082182,-1.657285729,4.933384203,2.998793921,0.569190879,0.271418824,-0.019242406,-0.007494258
12.07,-1.640784738,-1.925747058,4.953038578,2.997865679,-1.044523115,-1.647752469,4.932210324,2.990405706,0.596261623,0.277994589,-0.020828254,-0.007459973
12.11,-1.637571209,-1.921816092,4.948237031,2.986213188,-1.004629815,-1.635143808,4.930655458,2.979217592,0.632941393,0.286672283,-0.017581573,-0.006995596
12.14,-1.635254257,-1.918878643,4.94134604,2.97746061,-0.974357254,-1.625766983,4.929514935,2.970833482,0.660897003,0.29311166,-0.011831105,-0.006627128
12.17,-1.633023365,-1.915952912,4.941566239,2.96924311,-0.943842069,-1.616445845,4.92839582,2.962451771,0.689181296,0.299507067,-0.013170419,-0.006791338
12.21,-1.630168665,-1.912073337,4.941565907,2.958144227,-0.90274865,-1.604112641,4.926945285,2.951272682,0.727420015,0.307960696,-0.014620622,-0.006871545
12.24,-1.628132952,-1.909176914,4.937590052,2.948989654,-0.871643686,-1.594934797,4.925892345,2.942885055,0.756489265,0.314242118,-0.011697707,-0.006104599
12.27,-1.626174064,-1.906285522,4.93789527,2.940714654,-0.840335376,-1.585815393,4.924870898,2.934499681,0.785838689,0.320470129,-0.013024373,-0.006214973
12.31,-1.623671698,-1.902440197,4.934060587,2.929313035,-0.798238605,-1.573776707,4.92354902,2.923326248,0.825433093,0.328663489,-0.010511567,-0.005986787
12.34,-1.621904043,-1.89956421,4.930307112,2.921642186,-0.766435006,-1.564846701,4.92259517,2.914943476,0.855469037,0.334717508,-0.007711942,-0.006698709
12.37,-1.620217781,-1.896697307,4.930608984,2.913277186,-0.734481753,-1.555993822,4.921670685,2.906557642,0.885736028,0.340703485,-0.008938298,-0.006719544
12.41,-1.618107494,-1.892890855,4.926133884,2.902850391,-0.691614178,-1.544343178,4.920502479,2.895376487,0.926493316,0.348547677,-0.005631405,-0.007473904
12.44,-1.616623109,-1.890066708,4.930602102,2.89399125,-0.659277273,-1.535727149,4.919676049,2.886990106,0.957345835,0.354339559,-0.010926053,-0.007001144
12.47,-1.615234589,-1.887268233,4.931135095,2.88579875,-0.626822964,-1.527200271,4.918889062,2.878604203,0.988411625,0.360067961,-0.012246033,-0.007194546
12.51,-1.24888505,-1.827308934,4.940581333,2.874225674,-0.58337153,-1.515992745,4.917913509,2.867425713,0.66551352,0.311316188,-0.022667824,-0.006799962
12.54,-1.24301487,-1.823802276,4.931518979,2.866637057,-0.550662405,-1.507710004,4.917233683,2.859043338,0.692352465,0.316092272,-0.014285296,-0.007593719
12.57,-1.237230221,-1.820312642,4.93227581,2.858337057,-0.517868973,-1.499518703,4.916590796,2.8506595,0.719361247,0.320793938,-0.015685014,-0.007677557
12.61,-1.229658164,-1.815666867,4.926246662,2.847256656,-0.47401496,-1.488759625,4.915791239,2.839481189,0.755643204,0.326907242,-0.010455423,-0.007775468
12.64,-1.22408595,-1.812186879,4.922178824,2.840099431,-0.441059633,-1.480796645,4.915247977,2.831100181,0.783026317,0.331390234,-0.006930847,-0.008999249
12.67,-1.218624038,-1.808707317,4.922866375,2.831979431,-0.40806886,-1.472898669,4.914748273,2.822724865,0.810555178,0.335808648,-0.008118102,-0.009254566
12.71,-1.211494936,-1.804088095,4.915603467,2.820918518,-0.364013799,-1.462469901,4.914173475,2.811567865,0.847481137,0.341618194,-0.001429991,-0.009350653
12.74,-1.206263057,-1.800666426,4.916110348,2.811930386,-0.330928191,-1.454712348,4.913806969,2.803209806,0.875334866,0.345954078,-0.002303379,-0.00872058
12.77,-1.201109798,-1.797263132,4.91685634,2.803662886,-0.297827409,-1.446993763,4.9134915,2.794854379,0.90328239,0.350269369,-0.00336484,-0.008808507
12.81,-1.194377834,-1.792757267,4.908053785,2.791985086,-0.253696304,-1.436767053,4.913162026,2.783703525,0.94068153,0.355990214,0.005108241,-0.00828156
12.84,-1.189430214,-1.789386794,4.923543659,2.783646995,-0.22060874,-1.429149082,4.912985061,2.77533583,0.968821474,0.360237713,-0.010558598,-0.008311165
12.87,-1.184572604,-1.786029498,4.924784013,2.775464495,-0.187531801,-1.421572546,4.912857892,2.76696932,0.997040803,0.364456952,-0.011926121,-0.008495175
12.91,-1.178215873,-1.781576176,4.919349287,2.763995562,-0.143475274,-1.411543904,4.912780418,2.755812097,1.034740599,0.370032272,-0.006568869,-0.008183465
12.94,-1.173546156,-1.778253119,4.916337663,2.755823245,-0.110496172,-1.404070892,4.912779729,2.7474392,1.063049983,0.374182226,-0.003557933,-0.008384045
12.97,-1.168966681,-1.774950452,4.917514284,2.747588245,-0.077571228,-1.396631895,4.912812856,2.739063848,1.091395453,0.378318557,-0.004701428,-0.008524397
13.01,-0.80238322,-1.755357441,4.914351788,2.736412344,-0.033770234,-1.386778487,4.91293581,2.727897102,0.768612986,0.368578954,-0.001415978,-0.008515242
13.04,-0.793361911,-1.751896265,4.908037115,2.727723193,-0.001005932,-1.379433595,4.913086005,2.719522798,0.792355979,0.372462669,0.005048889,-0.008200395
13.07,-0.784435718,-1.748435527,4.909127417,2.719630693,0.031678727,-1.37211485,4.913286098,2.711149616,0.816114445,0.376320677,0.004158682,-0.008481077
13.11,-0.772654667,-1.743833724,4.907584023,2.708420321,0.07509298,-1.362392947,4.913647627,2.69998224,0.847747646,0.381440777,0.006063605,-0.00843808
13.14,-0.763926825,-1.740413291,4.894546804,2.700276568,0.107528718,-1.355115592,4.913996411,2.691610894,0.871455542,0.385297699,0.019449607,-0.008665674
13.17,-0.755292731,-1.737014209,4.895394656,2.691994068,0.139872146,-1.347833355,4.914397666,2.683240413,0.895164877,0.389180854,0.01900301,-0.008753655
13.21,-0.743906033,-1.732507884,4.89130599,2.680434345,0.18281302,-1.3380794,4.915012967,2.672077384,0.926719053,0.394428484,0.023706977,-0.008356962
13.24,-0.735466152,-1.72914303,4.893136588,2.671422542,0.214873156,-1.330712395,4.915532974,2.663697568,0.950339308,0.398430635,0.022396385,-0.007724974
13.27,-0.727104907,-1.725802831,4.894132169,2.663150042,0.246828736,-1.323307191,4.916101813,2.655317929,0.973933643,0.40249564,0.021969644,-0.007832113
13.31,-0.716102597,-1.721393264,4.880365219,2.651701434,0.289238524,-1.313368869,4.916936414,2.644157422,1.005341121,0.408024395,0.036571195,-0.007544012
13.34,-0.70793075,-1.718095029,4.878007079,2.642477858,0.320876873,-1.30586659,4.917616029,2.635784934,1.028807623,0.412228439,0.03960895,-0.006692924
13.37,-0.69983572,-1.714811942,4.878722471,2.634332858,0.352378806,-1.298328882,4.918335532,2.627404471,1.052214526,0.41648306,0.039613061,-0.006928387
13.41,-0.689182827,-1.710456586,4.895596136,2.623131548,0.39412539,-1.288221148,4.919387964,2.616225801,1.083308217,0.422235438,0.023791829,-0.006905747
13.44,-0.68128995,-1.707214944,4.913051201,2.615243248,0.425242516,-1.280602931,4.920252018,2.60784442,1.106532467,0.426612013,0.007200817,-0.007398828
13.47,-0.673473705,-1.703987847,4.915031308,2.607115748,0.456211825,-1.272955247,4.92116118,2.599463362,1.12968553,0.431032599,0.006129872,-0.007652386
13.51,-0.194627496,-1.537544273,4.905447077,2.59565076,0.497213085,-1.262693735,4.922415686,2.588283018,0.691840581,0.274850538,0.016968609,-0.007367742
13.54,-0.180963587,-1.532285243,4.909510427,2.587415035,0.527740685,-1.2549456,4.923356332,2.579894641,0.708704273,0.277339643,0.013845905,-0.007520394
13.57,-0.16737848,-1.527044865,4.911366301,2.579140035,0.558109775,-1.24716112,4.924301977,2.57150722,0.725488256,0.279883744,0.012935676,-0.007632815
13.61,-0.149401226,-1.520115126,4.913688248,2.568011243,0.598308351,-1.236710353,4.925628731,2.560328535,0.747709577,0.283404773,0.011940483,-0.007682708
13.64,-0.136000201,-1.514948239,4.912733332,2.560037496,0.628223188,-1.228804483,4.926689686,2.551942107,0.764223389,0.286143756,0.013956354,-0.008095389
13.67,-0.122677852,-1.509808686,4.914788246,2.551787496,0.657963334,-1.220841568,4.927789145,2.543551789,0.780641186,0.288967118,0.013000898,-0.008235707
13.71,-0.105041469,-1.503008779,4.912475209,2.540865001,0.697308599,-1.210118055,4.929307419,2.532365333,0.802350069,0.292890724,0.01683221,-0.008499667
13.74,-0.091904781,-1.497943299,4.917851423,2.532120678,0.726594658,-1.201993709,4.930473718,2.523982484,0.818499439,0.29594959,0.012622295,-0.008138195
13.77,-0.078844612,-1.492910749,4.920066889,2.523865678,0.755713774,-1.193802522,4.931659672,2.515601625,0.834558386,0.299108226,0.011592783,-0.008264053
13.81,-0.061537948,-1.486238208,4.910575186,2.512685997,0.794220738,-1.182743537,4.933278207,2.504417456,0.855758685,0.303494671,0.022703021,-0.008268541
13.84,-0.048620534,-1.481285024,4.908269552,2.504357799,0.822866609,-1.174344741,4.934513711,2.496025411,0.871487143,0.306940283,0.026244159,-0.008332388
13.87,-0.035767393,-1.476346525,4.910201502,2.496092799,0.851349602,-1.165872481,4.935765524,2.48763817,0.887116995,0.310474043,0.025564022,-0.008454629
13.91,-0.018715013,-1.469791791,4.897522796,2.48587063,0.889026638,-1.154434537,4.937471233,2.476462775,0.907741651,0.315357253,0.039948437,-0.009407855
13.94,-0.005993724,-1.464901714,4.903709416,2.477942489,0.917049033,-1.145736634,4.938786888,2.468074263,0.923042757,0.31916508,0.035077473,-0.009868226
13.97,0.006666834,-1.460041955,4.905558132,2.469472489,0.944900646,-1.136948446,4.940127814,2.459679219,0.938233812,0.323093509,0.034569682,-0.00979327
14.01,0.293845823,-1.38093108,4.924380736,2.458383692,0.981739073,-1.125071163,4.941976881,2.448491026,0.68789325,0.255859917,0.017596145,-0.009892667
14.04,0.309840058,-1.375191104,4.924868141,2.44972302,1.009151308,-1.116042353,4.943397376,2.44010899,0.69931125,0.259148751,0.018529236,-0.009614029
14.07,0.325786912,-1.369494729,4.927375788,2.44143302,1.03640122,-1.106917738,4.944838031,2.43172599,0.710614308,0.262576992,0.017462243,-0.009707029
14.11,0.346937085,-1.361962221,4.932074506,2.430708587,1.072433566,-1.09456512,4.946772542,2.420534582,0.725496481,0.267397102,0.014698036,-0.010174004
14.14,0.362706013,-1.356349079,4.931364031,2.422322267,1.099243723,-1.085161261,4.948230623,2.412141134,0.73653771,0.271187818,0.016866592,-0.010181133
14.17,0.378407887,-1.350780034,4.933982339,2.414037267,1.125906702,-1.075655998,4.949688943,2.403754391,0.747498815,0.275124035,0.015706605,-0.010282876
14.21,0.399262202,-1.343431033,4.931562086,2.402997,1.161188501,-1.062784413,4.951621905,2.392573354,0.7619263,0.28064662,0.020059819,-0.010423646
14.24,0.414850707,-1.337975584,4.935896182,2.394101458,1.18744672,-1.052975527,4.953057079,2.384175603,0.772596013,0.285000057,0.017160897,-0.009925855
14.27,0.430376889,-1.332554418,4.938498551,2.385821458,1.213562204,-1.043058969,4.954483481,2.375774234,0.783185315,0.289495449,0.01598493,-0.010047224
14.31,0.450984946,-1.325391094,4.939544231,2.374604589,1.248132346,-1.029655706,4.956376678,2.36458644,0.7971474,0.295735388,0.016832447,-0.010018149
14.34,0.466385544,-1.320066593,4.946932771,2.367145528,1.27386984,-1.019470281,4.95778588,2.356201044,0.807484296,0.300596312,0.010853109,-0.010944484
14.37,0.481727836,-1.31477495,4.949707994,2.359185528,1.299464004,-1.009185214,4.959187653,2.347809077,0.817736168,0.305589736,0.009479659,-0.011376452
14.41,0.50207616,-1.307790422,4.961110541,2.347990001,1.33333192,-0.995294636,4.961036887,2.336610447,0.83125576,0.312495785,-7.3654e-05,-0.011379554
14.44,0.517279317,-1.302609041,4.946072581,2.338139215,1.358553525,-0.984755456,4.96240589,2.328218234,0.841274208,0.317853585,0.01633331,-0.009920981
14.47,0.532431047,-1.297488521,4.94861203,2.329746715,1.383649866,-0.974130426,4.963751513,2.319832711,0.851218819,0.323358095,0.015139482,-0.009914004
14.51,0.870331484,-1.188548411,4.964930148,2.317006339,1.416879676,-0.959796471,4.965497271,2.308647389,0.546548192,0.22875194,0.000567123,-0.008358951
14.54,0.889445121,-1.18223237,4.968113683,2.308783943,1.441631728,-0.948916949,4.966779168,2.300247987,0.552186606,0.233315421,-0.001334515,-0.008535957
14.57,0.908492938,-1.175973983,4.971103934,2.300526443,1.466269827,-0.937949135,4.968050758,2.291848961,0.557776889,0.238024848,-0.003053175,-0.008677482
14.61,0.933804738,-1.167720289,4.975736504,2.290245427,1.498928261,-0.92317164,4.96971261,2.280666025,0.565123522,0.244548649,-0.006023894,-0.009579402
14.64,0.952738771,-1.161590192,4.967871578,2.281392289,1.523280676,-0.911966035,4.970929301,2.272279467,0.570541904,0.249624157,0.003057723,-0.009112822
14.67,0.97162199,-1.155516831,4.970586798,2.273089789,1.547531341,-0.900665166,4.972121355,2.263881831,0.575909351,0.254851665,0.001534558,-0.009207958
14.71,0.996733855,-1.147539729,4.976111192,2.261782703,1.579695632,-0.885428223,4.973661709,2.252676106,0.582961777,0.262111506,-0.002449483,-0.009106597
14.74,1.015508655,-1.141634917,4.975070777,2.252517416,1.603709025,-0.873883045,4.974788721,2.24428644,0.58820037,0.267751872,-0.000282056,-0.008230975
14.77,1.034213903,-1.13577773,4.977782534,2.244294916,1.627647126,-0.862250955,4.975895492,2.235904934,0.593433223,0.273526775,-0.001887042,-0.008389982
14.81,1.059084316,-1.128039441,4.98341364,2.232405713,1.659426515,-0.846569986,4.97733094,2.224713784,0.600342199,0.281469456,-0.0060827,-0.007691929
14.84,1.077669548,-1.122311881,4.980876878,2.222996171,1.68316603,-0.834681538,4.978372349,2.216306721,0.605496482,0.287630343,-0.002504529,-0.00668945
14.87,1.096191124,-1.116645997,4.983533583,2.214741171,1.706847326,-0.822708259,4.979391459,2.207906945,0.610656202,0.293937738,-0.004142124,-0.006834226
14.91,1.120813957,-1.109198954,4.983109683,2.202782467,1.738327955,-0.806594264,4.980694572,2.1967316,0.617513998,0.30260469,-0.002415111,-0.006050867
14.94,1.139212304,-1.103694961,4.993314044,2.194588558,1.761868346,-0.794388501,4.981635748,2.188342823,0.622656042,0.309306459,-0.011678296,-0.006245735
14.97,1.157562132,-1.098262995,4.996131257,2.186213558,1.785360072,-0.782092829,4.982549438,2.179937619,0.62779794,0.316170166,-0.013581819,-0.006275939
15.01,1.413847646,-0.980676582,4.993120117,2.174592522,1.816610002,-0.765547568,4.983723859,2.168730876,0.402762356,0.215129014,-0.009396258,-0.005861646
15.04,1.435069302,-0.973964724,4.995671315,2.165573928,1.840005892,-0.753035682,4.984560288,2.160346583,0.40493659,0.220929042,-0.011111027,-0.005227345
15.07,1.456236933,-0.967311256,4.99828769,2.157348928,1.86337297,-0.74044606,4.985366103,2.15195817,0.407136037,0.226865195,-0.012921587,-0.005390758
15.11,1.484388965,-0.95854478,5.009064472,2.14634215,1.894468386,-0.723516779,4.986390415,2.140744248,0.410079421,0.235028001,-0.022674057,-0.005597903
15.14,1.50546681,-0.952040994,4.999915884,2.137584859,1.917724854,-0.710745161,4.987115505,2.132334189,0.412258044,0.241295833,-0.012800379,-0.005250671
15.17,1.526531642,-0.94558884,5.00242701,2.129139859,1.94090861,-0.697954158,4.987817066,2.12393921,0.414376968,0.247634681,-0.014609944,-0.00520065
15.21,1.554579246,-0.937083087,5.000556254,2.117926101,1.971617851,-0.680913764,4.988710395,2.112758159,0.417038605,0.256169323,-0.011845859,-0.005167942
15.24,1.575570787,-0.930777014,5.008580579,2.109901992,1.994448453,-0.668167519,4.989353581,2.104383844,0.418877666,0.262609495,-0.019226998,-0.005518149
15.27,1.596532872,-0.924512238,5.011160257,2.101666992,2.017120373,-0.655460148,4.989982188,2.096029936,0.4205875,0.26905209,-0.02117807,-0.005637057
15.31,1.624434403,-0.916266401,5.000136135,2.090327268,2.047065139,-0.63861757,4.990806405,2.084884378,0.422630736,0.277648832,-0.00932973,-0.00544289
15.34,1.645305801,-0.910175543,4.99735348,2.08209485,2.069314607,-0.626071301,4.991404516,2.07650403,0.424008805,0.284104241,-0.005948964,-0.00559082
15.37,1.6661355,-0.904156398,4.999441649,2.07377235,2.091408083,-0.613584307,4.991990435,2.068127125,0.425272583,0.290572092,-0.007451214,-0.005645225
15.41,1.69384278,-0.896245721,5.013061623,2.062172379,2.120571848,-0.59705052,4.992753886,2.056984834,0.426729068,0.299195201,-0.020307737,-0.005187545
15.44,1.714582057,-0.890399369,5.010825411,2.053596202,2.142219108,-0.584763324,4.993325949,2.048621398,0.427637051,0.305636045,-0.017499462,-0.004974804
15.47,1.735288993,-0.884615504,5.013211377,2.045228702,2.163694936,-0.572575024,4.993894027,2.04023456,0.428405943,0.31204048,-0.019317351,-0.004994142
15.51,1.851102876,-0.787536965,5.016992753,2.034158638,2.191986215,-0.556513845,4.994629073,2.029047935,0.34088334,0.23102312,-0.022363679,-0.005110704
15.54,1.8728538,-0.78074514,5.029594859,2.025505945,2.212920447,-0.544618036,4.99516053,2.020698544,0.340066646,0.236127104,-0.034434329,-0.004807401
15.57,1.894573403,-0.774013831,5.032425034,2.017320945,2.233636325,-0.532847857,4.995680744,2.012372028,0.339062922,0.241165973,-0.03674429,-0.004948917
15.61,1.923498315,-0.765143837,5.034627385,2.006263805,2.260835808,-0.517424645,4.996348852,2.001239663,0.337337493,0.247719191,-0.038278533,-0.005024142
15.64,1.945184174,-0.758565564,5.033403388,1.997981874,2.280880894,-0.506085783,4.996812272,1.992871704,0.335696721,0.252479781,-0.036591117,-0.00511017
15.67,1.966837593,-0.752040832,5.036095832,1.989909374,2.300632652,-0.494926231,4.997245025,1.98453612,0.333795059,0.257114601,-0.038850807,-0.005373254
15.71,1.995674784,-0.743410478,5.032399529,1.979063904,2.326366307,-0.480414112,4.997756812,1.973492628,0.330691524,0.262996366,-0.034642717,-0.005571276
15.74,2.017282581,-0.736997427,5.038143538,1.9714444,2.345166394,-0.469848616,4.998099592,1.965169074,0.327883812,0.267148812,-0.040043945,-0.006275325
15.77,2.038878148,-0.730630332,5.040789256,1.9629794,2.363574048,-0.459534438,4.998412298,1.956784414,0.3246959,0.271095894,-0.042376958,-0.006194986
15.81,2.067624667,-0.722211962,5.053997838,1.95299494,2.38734878,-0.446255128,4.998785032,1.945629476,0.319724113,0.275956834,-0.055212806,-0.007365464
15.84,2.089163849,-0.715960677,5.059650773,1.945143,2.404572081,-0.436661973,4.999023764,1.93735035,0.315408232,0.279298705,-0.06062701,-0.00779265
15.87,2.110667674,-0.709776533,5.062779349,1.936788,2.421342001,-0.427350413,4.999228822,1.929066288,0.310674328,0.28242612,-0.063550527,-0.007721711
15.91,2.139296026,-0.701646648,5.064402832,1.926017107,2.442857235,-0.41547302,4.99941221,1.917891348,0.303561209,0.286173628,-0.064990622,-0.008125759
15.94,2.160760833,-0.69562696,5.041198757,1.918541391,2.458345011,-0.406969901,4.999471848,1.909495089,0.297584178,0.28865706,-0.041726908,-0.009046302
15.97,2.18221689,-0.689657761,5.043500074,1.910248891,2.473350947,-0.398759399,4.999492089,1.901130847,0.291134057,0.290898363,-0.044007985,-0.009118044
16.01,2.336447757,-0.681481691,5.036190169,1.899373773,2.492449609,-0.388345806,4.999519978,1.889692825,0.156001852,0.293135885,-0.036670191,-0.009680948
16.04,2.359497415,-0.675678145,5.043829002,1.891028685,2.506039473,-0.380902631,4.999578586,1.881005971,0.146542059,0.294775513,-0.044250416,-0.010022715
16.07,2.382535851,-0.669944487,5.046257903,1.882948685,2.519047788,-0.373696235,4.999677153,1.872488924,0.136511937,0.296248253,-0.046580749,-0.010459761
16.11,2.413273367,-0.662381408,5.045458133,1.871257576,2.535245259,-0.36450899,4.999850892,1.86140582,0.121971893,0.297872417,-0.045607241,-0.009851756
16.14,2.436340437,-0.656754914,5.048506468,1.863832157,2.546465677,-0.357950801,4.999998405,1.852851543,0.11012524,0.298804112,-0.048508063,-0.010980614
16.17,2.459414348,-0.651186414,5.051110509,1.855364657,2.556965427,-0.351627907,5.000137572,1.84405483,0.09755108,0.299558507,-0.050972937,-0.011309826
16.21,2.490203476,-0.643861559,5.043868781,1.844452753,2.569561631,-0.343568814,5.000306736,1.832480736,0.079358156,0.300292746,-0.043562044,-0.011972017
16.24,2.513310583,-0.63844429,5.037618791,1.836321706,2.577922149,-0.337759245,5.000398287,1.824173555,0.064611566,0.300685045,-0.037220504,-0.012148151
16.27,2.536437327,-0.633086693,5.039851872,1.828526706,2.58549469,-0.332112624,5.00046731,1.815844102,0.049057363,0.300974068,-0.039384561,-0.012682604
16.31,2.567287795,-0.62605733,5.030556782,1.818133652,2.594175917,-0.324855868,5.000517685,1.804274595,0.026888122,0.301201462,-0.030039097,-0.013859056
16.34,2.590446943,-0.620872426,5.024669263,1.80934052,2.599651494,-0.319552559,5.000537343,1.795614448,0.009204551,0.301319867,-0.02413192,-0.013726072
16.37,2.613625298,-0.615750026,5.026493241,1.80123552,2.604394253,-0.314305406,5.000544041,1.787235893,-0.009231046,0.301444621,-0.0259492,-0.013999627
16.41,2.644566084,-0.608995465,5.022546777,1.78971517,2.609424084,-0.307379363,5.000526834,1.776248883,-0.035142,0.301616102,-0.022019943,-0.013466288
16.44,2.667788412,-0.603993207,5.028160978,1.781722182,2.612269955,-0.30222273,5.000502926,1.767728448,-0.055518457,0.301770478,-0.027658052,-0.013993733
16.47,2.691036802,-0.599052563,5.030092883,1.773402182,2.614465311,-0.297062957,5.000467653,1.759093279,-0.07657149,0.301989606,-0.02962523,-0.014308902
16.51,2.642179086,-0.563748154,5.024415072,1.763977466,2.616235339,-0.290095497,5.000398316,1.74788189,-0.025943747,0.273652657,-0.024016756,-0.016095575
16.54,2.664440435,-0.558568457,5.026774764,1.756142749,2.616733042,-0.284766826,5.000310026,1.73967411,-0.047707393,0.273801631,-0.026464738,-0.016468639
16.57,2.686738987,-0.553454009,5.02863939,1.747785249,2.61665314,-0.279360482,5.000204343,1.731341203,-0.070085846,0.274093526,-0.028435047,-0.016444046
16.61,2.716536646,-0.546776801,5.030352031,1.735570014,2.615534065,-0.271977336,5.000029289,1.719917922,-0.101002581,0.274799465,-0.030322742,-0.015652092
16.64,2.738920453,-0.54185882,5.037441972,1.727070925,2.613977773,-0.266243103,4.999884884,1.711470085,-0.124942681,0.275615716,-0.037557088,-0.015600839
16.67,2.761329024,-0.53699464,5.039616457,1.718498425,2.6119352,-0.260331746,4.999720549,1.703218461,-0.149393824,0.276662894,-0.039895908,-0.015279964
16.71,2.791290269,-0.530601191,5.030990725,1.707954123,2.608391051,-0.252117801,4.999470375,1.692220395,-0.182899218,0.278483389,-0.03152035,-0.015733728
16.74,2.813830677,-0.525876374,5.02462642,1.700484883,2.605167327,-0.245702764,4.999247744,1.683770079,-0.20866335,0.28017361,-0.025378676,-0.016714804
16.77,2.83641989,-0.521227596,5.026307274,1.692152383,2.601550884,-0.239074304,4.999002826,1.675293059,-0.234869005,0.282153292,-0.027304448,-0.016859324
16.81,2.866637366,-0.515130127,5.024689865,1.680436608,2.596027608,-0.229784732,4.99865556,1.6642133,-0.270609758,0.285345395,-0.026034305,-0.016223308
16.84,2.889368389,-0.510636875,5.03114932,1.671329669,2.591374736,-0.222469616,4.99838682,1.655961016,-0.297993653,0.28816726,-0.0327625,-0.015368654
16.87,2.912147415,-0.506200017,5.033017352,1.663077169,2.586360446,-0.21490944,4.998117692,1.647586175,-0.325786969,0.291290577,-0.034899659,-0.015490995
16.91,2.942608142,-0.500395306,5.036400307,1.651141272,2.579028665,-0.204353238,4.997732798,1.636254988,-0.363579477,0.296042068,-0.038667509,-0.014886284
16.94,2.965514438,-0.496125221,5.035115985,1.642097381,2.573060402,-0.196030011,4.997420231,1.62787692,-0.392454036,0.30009521,-0.037695754,-0.014220461
16.97,2.98847633,-0.491926501,5.03704266,1.633874881,2.566764255,-0.187398354,4.997074751,1.619606517,-0.421712075,0.304528146,-0.039967909,-0.014268364
17.01,2.794313623,-0.371679416,5.019396785,1.622280465,2.557794038,-0.175343952,4.996568719,1.608487631,-0.236519586,0.196335464,-0.022828066,-0.013792834
17.04,2.814500903,-0.366176176,5.01068892,1.613345548,2.550654226,-0.16589263,4.996148025,1.60000417,-0.263846677,0.200283546,-0.014540896,-0.013341378
17.07,2.83475143,-0.360757502,5.011820352,1.604825548,2.543223142,-0.156116162,4.995709663,1.591557225,-0.291528288,0.20464134,-0.016110689,-0.013268323
17.11,2.86186427,-0.353661711,5.000913293,1.593124119,2.532801827,-0.142447166,4.995102164,1.580480771,-0.329062444,0.211214544,-0.005811129,-0.012643348
17.14,2.882260745,-0.34842192,4.996646677,1.583719756,2.524637227,-0.131724847,4.994648282,1.572169351,-0.357623518,0.216697073,-0.001998395,-0.011550406
17.17,2.902713869,-0.343266879,4.997394639,1.575327256,2.516253322,-0.120665171,4.994201247,1.563771924,-0.386460547,0.222601708,-0.003193392,-0.011555332
17.21,2.930096687,-0.336543953,4.99057561,1.563673261,2.504738557,-0.105269285,4.993613911,1.552547405,-0.42535813,0.231274668,0.003038301,-0.011125856
17.24,2.950701274,-0.331617589,4.988381527,1.554764312,2.495889892,-0.093208341,4.993170865,1.544200212,-0.454811382,0.238409249,0.004789338,-0.0105641
17.27,2.971378176,-0.326773805,4.988976609,1.546559312,2.486897219,-0.080779086,4.992724869,1.53586356,-0.484480956,0.24599472,0.00374826,-0.010695752
17.31,2.999057375,-0.320440516,4.999007875,1.53406989,2.474641111,-0.063558077,4.992124739,1.524646305,-0.524416264,0.256882439,-0.006883136,-0.009423585
17.34,3.019902572,-0.315797105,4.989131719,1.524863868,2.46524151,-0.05014649,4.991665343,1.516189051,-0.554661062,0.265650615,0.002533624,-0.008674817
17.37,3.040826793,-0.311256773,4.989839224,1.516561368,2.455685761,-0.036354786,4.991196783,1.507781926,-0.585141032,0.274901987,0.001357559,-0.008779442
17.41,3.06883343,-0.305361184,4.987404718,1.504869753,2.44265185,-0.017268907,4.990511985,1.496672807,-0.62618158,0.288092278,0.003107267,-0.008196945
17.44,3.089928981,-0.301057449,4.996969249,1.496094945,2.432652539,-0.002456075,4.989964239,1.48828689,-0.657276442,0.298601373,-0.00700501,-0.007808055
17.47,3.111108379,-0.296871918,4.997949789,1.487642445,2.422490788,0.012714365,4.989390715,1.479833867,-0.688617591,0.309586283,-0.008559074,-0.007808578
17.51,2.860457341,-0.246526547,4.993650051,1.47619228,2.408650122,0.033626855,4.988595301,1.468598686,-0.451807219,0.280153402,-0.00505475,-0.007593594
17.54,2.878236025,-0.242028932,4.994245409,1.467947629,2.398057789,0.049834584,4.987956533,1.460264717,-0.480178236,0.291863517,-0.006288876,-0.007682912
17.57,2.896097536,-0.237630918,4.995126129,1.459722629,2.387313897,0.066407155,4.987292699,1.451909315,-0.508783639,0.304038074,-0.00783343,-0.007813314
17.61,2.920033848,-0.231936809,4.991813215,1.447914837,2.372725588,0.089150212,4.986377128,1.440619524,-0.54730826,0.321087021,-0.005436087,-0.007295313
17.64,2.938071237,-0.227816756,4.989396801,1.439828081,2.361629443,0.106713157,4.98567903,1.432156463,-0.576441794,0.334529913,-0.003717771,-0.007671618
17.67,2.956167631,-0.223822357,4.99018533,1.431490581,2.350463182,0.124659501,4.984976712,1.423771078,-0.605704448,0.348481858,-0.005208617,-0.007719503
17.71,2.980395099,-0.218683699,4.985369638,1.420303737,2.335521047,0.149260206,4.984037832,1.412633572,-0.644874052,0.367943905,-0.001331806,-0.007670165
17.74,2.998643291,-0.214974259,4.979315791,1.411025162,2.32431253,0.168168794,4.983342016,1.404220885,-0.674330761,0.383143053,0.004026225,-0.006804277
17.77,3.016968996,-0.211381765,4.979882854,1.402625162,2.313112337,0.187405723,4.982649368,1.395783897,-0.703856659,0.398787488,0.002766514,-0.006841264
17.81,3.041510336,-0.206780119,4.985241962,1.390719282,2.298193041,0.213692876,4.981746348,1.384583322,-0.743317295,0.420472995,-0.003495614,-0.00613596
17.84,3.060003029,-0.203467863,4.986292229,1.382146086,2.28699904,0.233886773,4.981072657,1.376238612,-0.773003989,0.437354637,-0.005219572,-0.005907474
17.87,3.078576098,-0.200291229,4.987194074,1.373903586,2.27578611,0.254403635,4.980410642,1.367877626,-0.802789988,0.454694864,-0.006783432,-0.00602596
17.91,3.103467009,-0.196290158,4.981385951,1.3618186,2.260780342,0.28232552,4.979514371,1.356632015,-0.842686667,0.478615677,-0.00187158,-0.005186585
17.94,3.122241477,-0.193454347,4.990858451,1.354023697,2.249480556,0.303712658,4.978833895,1.348215098,-0.872760921,0.497167005,-0.012024556,-0.005808598
17.97,3.141101356,-0.190749804,4.991946036,1.345621197,2.23814736,0.325432679,4.978138554,1.339868709,-0.902953996,0.516182483,-0.013807483,-0.005752488
18.01,2.843525214,-0.141364922,4.993789529,1.333101929,2.222965359,0.354963211,4.977205926,1.32876209,-0.620559855,0.496328133,-0.016583603,-0.004339839
18.04,2.858408458,-0.138374386,5.004441709,1.323839742,2.211518637,0.377501806,4.976498013,1.320347852,-0.646889821,0.515876192,-0.027943696,-0.00349189
18.07,2.873355973,-0.135522601,5.00594852,1.315304742,2.200030995,0.40032799,4.975780865,1.311920538,-0.673324978,0.535850591,-0.030167655,-0.003384204
18.11,2.893375829,-0.131906023,5.020093197,1.303523774,2.184660578,0.431315551,4.974805355,1.300777875,-0.708715251,0.563221573,-0.045287842,-0.002745899
18.14,2.908463,-0.12935876,5.020680083,1.294676305,2.173128798,0.454954213,4.974038427,1.292460049,-0.735334202,0.584312973,-0.046641656,-0.002216257
18.17,2.923606514,-0.126959052,5.022608682,1.286608805,2.161627935,0.478853051,4.973254936,1.284111547,-0.761978579,0.605812103,-0.049353747,-0.002497258
18.21,2.943901517,-0.123992606,5.019101129,1.275119607,2.146422751,0.511162541,4.972180947,1.272930737,-0.797478765,0.635155148,-0.046920182,-0.00218887
18.24,2.959186898,-0.12194841,5.022833179,1.267040378,2.135160234,0.53572362,4.971350167,1.26454345,-0.824026664,0.65767203,-0.051483012,-0.002496928
18.27,2.974543197,-0.120058104,5.024713666,1.258750378,2.124006739,0.560515792,4.970500486,1.256151179,-0.850536459,0.680573896,-0.054213181,-0.002599199
18.31,2.995137102,-0.117771394,5.023569138,1.246639416,2.109311511,0.593961464,4.969370582,1.244950683,-0.885825591,0.711732858,-0.054198555,-0.001688732
18.34,3.010670869,-0.116232706,5.0093993,1.238575043,2.098396641,0.619324265,4.968524564,1.236542831,-0.912274228,0.735556971,-0.040874735,-0.002032213
18.37,3.026289658,-0.11485034,5.010837118,1.230305043,2.087548151,0.644898057,4.967683144,1.228141921,-0.938741507,0.759748398,-0.043153975,-0.002163122
18.41,3.047247004,-0.113271935,5.004978003,1.21916798,2.073186929,0.679388028,4.96655542,1.216987191,-0.974060075,0.792659963,-0.038422583,-0.00218079
18.44,3.063056411,-0.112261779,4.993074529,1.210941085,2.062472503,0.705525259,4.965720511,1.208629851,-1.000583908,0.817787039,-0.027354018,-0.002311234
18.47,3.078935426,-0.111416276,4.994032249,1.202453585,2.051786587,0.731841507,4.964898506,1.200249284,-1.027148839,0.843257783,-0.029133743,-0.002204301
18.51,2.63364664,0.109049549,4.985034194,1.191162401,2.037581697,0.76725902,4.963824814,1.189059702,-0.596064944,0.658209471,-0.02120938,-0.0021027
18.54,2.643686836,0.112311837,4.978609734,1.183173024,2.026957458,0.794076097,4.963046051,1.180702894,-0.616729378,0.68176426,-0.015563683,-0.00247013
18.57,2.653798034,0.115416236,4.979242876,1.174690524,2.016348382,0.821066072,4.962291131,1.172347381,-0.637449652,0.705649836,-0.016951745,-0.002343142
18.61,2.667380037,0.119293809,4.978892663,1.163064496,2.002227007,0.857331845,4.961338354,1.161143781,-0.66515303,0.738038035,-0.017554309,-0.001920715
18.64,2.677612044,0.12200221,4.979580096,1.154683705,1.991692568,0.884731544,4.960668783,1.152726138,-0.685919476,0.762729334,-0.018911313,-0.001957568
18.67,2.687891425,0.12455017,4.980437697,1.146296205,1.981245715,0.912278071,4.960044432,1.144323979,-0.70664571,0.787727901,-0.020393265,-0.001972226
18.71,2.701684886,0.127728771,4.995395836,1.135384088,1.967548247,0.949231736,4.959278695,1.133108096,-0.734136638,0.821502966,-0.036117142,-0.002275992
18.74,2.712096011,0.129933636,4.990845841,1.126378667,1.957469521,0.977051856,4.958759684,1.12468469,-0.75462649,0.84711822,-0.032086156,-0.001693977
18.77,2.722561859,0.13196978,4.992242771,1.117936167,1.947530933,1.004928464,4.958269904,1.116279911,-0.775030926,0.872958684,-0.033972867,-0.001656256
18.81,2.736621882,0.134400354,4.992553601,1.106569921,1.934531798,1.042230283,4.957665493,1.10508181,-0.802090084,0.907829929,-0.034888108,-0.001488111
18.84,2.747240677,0.136020601,4.991359864,1.097779891,1.924951642,1.070324082,4.957230849,1.096688794,-0.822289035,0.934303481,-0.034129015,-0.001091097
18.87,2.757918082,0.137501478,4.992818939,1.089624891,1.915466685,1.098487102,4.956817129,1.088308793,-0.842451396,0.960985623,-0.03600181,-0.001316099
18.91,2.772250828,0.139213963,4.994420093,1.078633275,1.902946948,1.136132348,4.956308934,1.077122599,-0.86930388,0.996918386,-0.038111159,-0.001510676
18.94,2.783063208,0.140302933,4.997563556,1.070384686,1.893639766,1.164451809,4.955965766,1.068725938,-0.889423442,1.024148876,-0.041597789,-0.001658748
18.97,2.79392276,0.141229253,4.999302796,1.061959686,1.884392369,1.192849741,4.955647261,1.060354056,-0.909530391,1.051620488,-0.043655535,-0.001605629
19.01,2.436706987,0.545119054,4.991929517,1.050827885,1.872148331,1.230834575,4.955250045,1.049226256,-0.564558656,0.685715521,-0.036679472,-0.001601629
19.04,2.442903261,0.550850222,4.991861917,1.041936471,1.863000288,1.259374126,4.954976596,1.040850764,-0.579902973,0.708523904,-0.036885321,-0.001085707
19.07,2.449139923,0.556417272,4.993452336,1.033848971,1.853871924,1.287946657,4.954714408,1.032456254,-0.595267999,0.731529385,-0.038737928,-0.001392717
19.11,2.45752082,0.563562798,4.995231979,1.022405088,1.84175478,1.326133928,4.954417173,1.021292943,-0.61576604,0.76257113,-0.040814806,-0.001112146
19.14,2.463852531,0.568730829,4.990856654,1.013468377,1.832720604,1.354838482,4.954221729,1.01295133,-0.631131927,0.786107653,-0.036634925,-0.000517047
19.17,2.47024643,0.573724221,4.992487502,1.005270877,1.823726462,1.383560627,4.954052715,1.00460345,-0.646519968,0.809836406,-0.038434787,-0.000667427
19.21,2.478851471,0.580099787,4.993567106,0.994074916,1.811818987,1.421846488,4.953853147,0.993440435,-0.667032485,0.841746701,-0.039713959,-0.000634481
19.24,2.485343851,0.584672426,4.985485506,0.984530352,1.802973123,1.450554199,4.953733886,0.985065537,-0.682370727,0.865881772,-0.031751621,0.000535184
19.27,2.491879821,0.58907946,4.987007293,0.976302852,1.794194324,1.479260977,4.953632333,0.976693509,-0.697685497,0.890181517,-0.03337496,0.000390657
19.31,2.500683872,0.594694781,4.989904796,0.965354414,1.782585351,1.517508691,4.95353133,0.965529993,-0.718098521,0.92281391,-0.036373466,0.000175579
19.34,2.507344971,0.598703295,4.987613562,0.95720708,1.773921885,1.546151168,4.953488097,0.957144502,-0.733423085,0.947447872,-0.034125466,-6.2578e-05
19.37,2.514056561,0.602524837,4.989206424,0.94875708,1.765284797,1.57476833,4.953469829,0.948752619,-0.748771764,0.972243493,-0.035736594,-4.461e-06
19.41,2.523075378,0.607334929,4.986652385,0.937143612,1.753820129,1.612903235,4.953480326,0.937587566,-0.769255249,1.005568306,-0.03317206,0.000443954
19.44,2.529895344,0.610750726,4.981928312,0.92962929,1.745243931,1.641479833,4.953502764,0.929230282,-0.784651413,1.030729106,-0.028425548,-0.000399007
19.47,2.536775249,0.614008432,4.983367388,0.92145929,1.736665089,1.670019866,4.953543316,0.920859146,-0.80011016,1.056011434,-0.029824072,-0.000600144
19.51,2.266734607,0.928335294,4.974876256,0.90975752,1.725209868,1.708000364,4.953622052,0.909665624,-0.541524739,0.77966507,-0.021254204,-9.1896e-05
19.54,2.270108438,0.9351936,4.980628435,0.901861812,1.716614131,1.736449062,4.953714169,0.901286206,-0.553494307,0.801255463,-0.026914266,-0.000575606
19.57,2.273531485,0.941886102,4.982124636,0.893481812,1.708013272,1.764872192,4.953824157,0.89292411,-0.565518213,0.82298609,-0.028300479,-0.000557701
19.61,2.278176674,0.950580311,4.986886961,0.882506215,1.696509698,1.802690826,4.954025113,0.881755949,-0.581666976,0.852110514,-0.032861848,-0.000750266
19.64,2.281729097,0.956914103,4.992727766,0.87398743,1.687851587,1.830980045,4.954203547,0.87335046,-0.593877509,0.874065942,-0.038524219,-0.00063697
19.67,2.2853166,0.963067913,4.994651449,0.86571493,1.679188706,1.859221864,4.954406244,0.864947283,-0.606127893,0.896153951,-0.040245205,-0.000767646
19.71,2.290163787,0.971013484,4.985143718,0.854192075,1.667654202,1.89679169,4.954695617,0.853771207,-0.622509585,0.925778206,-0.030448101,-0.000420868
19.74,2.293845721,0.976786726,4.980872311,0.846728943,1.659001848,1.924874396,4.954925013,0.845385748,-0.634843873,0.948087669,-0.025947298,-0.001343196
19.77,2.297582056,0.98238962,4.982428079,0.838228943,1.650334002,1.952870653,4.955162497,0.836986053,-0.647248053,0.970481033,-0.027265581,-0.001242891
19.81,2.302615625,0.989582853,4.96580325,0.827882597,1.638753726,1.990055727,4.955519708,0.825779949,-0.663861899,1.000472874,-0.010283542,-0.002102648
19.84,2.306427877,0.994773942,4.961388493,0.82005573,1.63006121,2.017860215,4.955828054,0.817398632,-0.676366668,1.023086273,-0.005560439,-0.002657098
19.87,2.310270816,0.999800569,4.962426162,0.81171573,1.621351913,2.045599006,4.956163958,0.809030419,-0.688918903,1.045798437,-0.006262204,-0.002685311
19.91,2.315445226,1.006242232,4.954037444,0.800919582,1.609669153,2.082434687,4.956681944,0.797847259,-0.705776074,1.076192454,0.0026445,-0.003072323
19.94,2.319350848,1.010878687,4.945547749,0.793785902,1.600847609,2.109951838,4.95711984,0.789439378,-0.718503239,1.099073151,0.011572091,-0.004346524
19.97,2.323281652,1.015345472,4.946256619,0.785578402,1.591993942,2.137405503,4.957600978,0.781046405,-0.731287711,1.122060031,0.011344359,-0.004531997
20.01,2.02075803,1.414056034,4.949022741,0.774963899,1.580127279,2.173897847,4.958289453,0.769896663,-0.440630751,0.759841813,0.009266713,-0.005067236
20.04,2.020828091,1.423217144,4.940485481,0.76778637,1.571151906,2.20115933,4.95885594,0.761519342,-0.449676184,0.777942186,0.018370458,-0.006267027
20.07,2.020934207,1.432210058,4.941154256,0.75959887,1.562111401,2.228335531,4.959449896,0.753116935,-0.458822806,0.796125473,0.018295639,-0.006481934
20.11,2.021134241,1.443913608,4.932261271,0.748186362,1.549961869,2.264439187,4.960295476,0.741915276,-0.471172372,0.820525579,0.028034205,-0.006271086
20.14,2.021332953,1.452496384,4.939144961,0.738506349,1.540799136,2.291432507,4.960966317,0.733548756,-0.480533817,0.838936122,0.021821356,-0.004957593
20.17,2.021558407,1.460915338,4.93993335,0.730111349,1.531594109,2.318351392,4.961668924,0.725188087,-0.489964297,0.857436054,0.021735575,-0.004923261
20.21,2.021904543,1.471898748,4.936658504,0.718480606,1.519224785,2.354074217,4.962664636,0.714007721,-0.502679758,0.882175469,0.026006131,-0.004472885
20.24,2.022200137,1.479941923,4.937064498,0.709966248,1.509886902,2.380741621,4.963446299,0.705612189,-0.512313235,0.900799698,0.026381801,-0.004354059
20.27,2.022527421,1.487836134,4.937946854,0.701723748,1.500519181,2.407330852,4.964253447,0.697229686,-0.52200824,0.919494719,0.026306593,-0.004494062
20.31,2.023040704,1.498104431,4.954067539,0.691140699,1.487964886,2.442638977,4.965362732,0.686072161,-0.535075819,0.944534546,0.011295193,-0.005068537
20.34,2.023474673,1.505624128,4.968651674,0.682251265,1.478471612,2.468996545,4.966226401,0.677685849,-0.545003061,0.963372417,-0.002425272,-0.004565416
20.37,2.023944846,1.512964384,4.970595196,0.673988765,1.468916045,2.495265937,4.967098433,0.669280529,-0.555028802,0.982301553,-0.003496763,-0.004708235
20.41,2.024626338,1.522485443,4.977495456,0.662395993,1.456084443,2.530159893,4.96826333,0.658086131,-0.568541895,1.007674451,-0.009232127,-0.004309862
20.44,2.025176213,1.529449638,4.980258077,0.655486673,1.446397385,2.556243232,4.969103918,0.649719734,-0.578778828,1.026793593,-0.011154159,-0.005766938
20.47,2.025773695,1.536251667,4.982438578,0.647189173,1.436647077,2.582254389,4.969922161,0.641348928,-0.589126618,1.046002722,-0.012516417,-0.005840245
20.51,1.835687461,1.912531933,4.994239484,0.635887995,1.42350853,2.616794115,4.970973012,0.630140797,-0.412178931,0.704262182,-0.023266472,-0.005747198
20.54,1.833897213,1.923699418,4.998508251,0.626951855,1.41356612,2.642609648,4.971738338,0.62173428,-0.420331094,0.718910229,-0.026769913,-0.005217575
20.57,1.832134869,1.934711071,5.001109606,0.618381855,1.403570895,2.6683722,4.972481308,0.613355789,-0.428563973,0.733661128,-0.028628298,-0.005026066
20.61,1.829840136,1.9491512,5.006225226,0.606297327,1.390126688,2.702616422,4.973429736,0.602199795,-0.439713448,0.753465222,-0.03279549,-0.004097532
20.64,1.82816749,1.959795759,5.005369392,0.597946338,1.379932399,2.728207791,4.974105843,0.593795407,-0.448235091,0.768412031,-0.031263549,-0.004150931
20.67,1.826511146,1.970279484,5.007935614,0.589623838,1.369663627,2.753738344,4.974753136,0.585375784,-0.456847519,0.78345886,-0.033182479,-0.004248055
20.71,1.824348243,1.984015616,5.011151383,0.578608668,1.355867307,2.787691169,4.975575066,0.574191618,-0.468480936,0.803675553,-0.035576317,-0.00441705
20.74,1.822776532,1.994136513,5.008739747,0.569955139,1.345437894,2.81308941,4.976155173,0.56582824,-0.477338638,0.818952897,-0.032584574,-0.004126899
20.77,1.821252061,2.004100271,5.011161529,0.561570139,1.334930102,2.838429202,4.976717376,0.55744336,-0.48632196,0.834328931,-0.034444153,-0.00412678
20.81,1.819271299,2.017136607,5.005041448,0.550350651,1.320772618,2.872110361,4.977415877,0.546216321,-0.498498681,0.854973754,-0.027625571,-0.00413433
20.84,1.817830607,2.026731567,4.99772999,0.542330325,1.310069816,2.897312185,4.977916252,0.537818038,-0.507760791,0.870580618,-0.019813738,-0.004512287
20.87,1.816421504,2.036165403,4.999605857,0.534100325,1.299311779,2.922477276,4.978393588,0.529451135,-0.517109725,0.886311873,-0.021212269,-0.004649189
20.91,1.814610983,2.048504405,4.990568837,0.522635053,1.284835439,2.955949284,4.979014953,0.518285014,-0.529775544,0.90744488,-0.011553884,-0.00435004
20.94,1.813280722,2.057572624,4.993960987,0.51404918,1.273863874,2.980986909,4.979471523,0.509866754,-0.539416848,0.923414285,-0.014489464,-0.004182426
20.97,1.81196035,2.066475802,4.99568331,0.50553918,1.262823451,3.00598658,4.979932545,0.501448588,-0.549136899,0.939510777,-0.015750765,-0.004090592
21.01,1.63679997,2.457384606,4.996808834,0.494732267,1.248002691,3.039267779,4.980550602,0.490284424,-0.388797279,0.581883173,-0.016258232,-0.004447843
21.04,1.633295933,2.470820346,5.002399107,0.485401978,1.236796158,3.064184014,4.981014978,0.481919586,-0.396499776,0.593363668,-0.021384129,-0.003482393
21.07,1.629824,2.484111014,5.004356786,0.477049478,1.225506798,3.0890606,4.981476929,0.473520039,-0.404317202,0.604949586,-0.022879857,-0.003529439
21.11,1.625234425,2.5015937,5.018201901,0.4659329,1.210317376,3.122167504,4.982076615,0.462286928,-0.414917048,0.620573803,-0.036125286,-0.003645973
21.14,1.621825076,2.514506436,5.014729192,0.456966886,1.198852168,3.146968746,4.982513176,0.453902546,-0.422972908,0.63246231,-0.032216016,-0.003064341
21.17,1.618454142,2.52727418,5.016941593,0.448756886,1.187333168,3.171749858,4.982926161,0.445544206,-0.431120974,0.644475678,-0.034015432,-0.003212681
21.21,1.614011914,2.544054502,5.014491857,0.437405158,1.171841526,3.204740089,4.98343022,0.434361941,-0.442170388,0.660685587,-0.031061637,-0.003043216
21.24,1.610723875,2.556467937,5.00367077,0.428671346,1.160120209,3.229444975,4.983761803,0.4259351,-0.450603666,0.672977038,-0.019908967,-0.002736246
21.27,1.607466816,2.568734123,5.005349718,0.420216346,1.148344276,3.254133092,4.984073422,0.417524415,-0.45912254,0.685398969,-0.021276296,-0.002691931
21.31,1.603172906,2.584868977,5.012129788,0.409247621,1.132559129,3.287029295,4.984446064,0.406374597,-0.470613777,0.702160318,-0.027683724,-0.002873024
21.34,1.600016654,2.596806152,5.01478477,0.40043021,1.120633505,3.311676974,4.984717411,0.397999187,-0.479383149,0.714870822,-0.030067359,-0.002431022
21.37,1.596889025,2.608597984,5.016694466,0.39217021,1.108633929,3.336303318,4.98497882,0.389584121,-0.488255096,0.727705334,-0.031715646,-0.002586089
21.41,1.592763529,2.624061217,5.014488775,0.38117246,1.092529271,3.369114064,4.985303348,0.378357054,-0.500234258,0.745052847,-0.029185427,-0.002815406
21.44,1.589714609,2.635457363,5.009886937,0.372272495,1.080397512,3.393715737,4.98551837,0.369987676,-0.509317097,0.758258374,-0.024368566,-0.002284819
21.47,1.58669657,2.646711193,5.011499613,0.364107495,1.068217685,3.418309913,4.985713754,0.361629744,-0.518478885,0.77159872,-0.025785859,-0.002477751
21.51,1.233701415,2.909927801,5.009064207,0.352223503,1.051858414,3.451077948,4.98594728,0.35042456,-0.181843001,0.541150148,-0.023116927,-0.001798943
21.54,1.22624604,2.924023802,5.004937502,0.343414424,1.03951127,3.475641651,4.986104728,0.341997552,-0.18673477,0.551617849,-0.018832774,-0.001416872
21.57,1.218824375,2.937960308,5.006290581,0.335066924,1.027129525,3.500205184,4.986256095,0.333601261,-0.191694851,0.562244876,-0.020034487,-0.001465663
21.61,1.208968591,2.956312954,5.004020768,0.324538668,1.010560391,3.532958524,4.986431394,0.322446648,-0.1984082,0.57664557,-0.017589375,-0.002092021
21.64,1.201602962,2.969908164,5.000645326,0.315089364,0.99807159,3.557520731,4.986552466,0.314045667,-0.203531372,0.587612567,-0.014092861,-0.001043697
21.67,1.1942445,2.983361052,5.001804884,0.307114364,0.985544046,3.582084252,4.98666131,0.30561796,-0.208700454,0.5987232,-0.015143574,-0.001496404
21.71,1.184449618,3.001065066,4.998922881,0.296080412,0.968815317,3.614855798,4.986802634,0.294414395,-0.215634301,0.613790732,-0.012120247,-0.001666017
21.74,1.177127539,3.014167752,5.005326206,0.287923194,0.956266146,3.639457363,4.986900542,0.28605359,-0.220861393,0.625289611,-0.018425664,-0.001869605
21.77,1.169830091,3.027139524,5.006656525,0.279918194,0.94370376,3.664074108,4.987003677,0.277679764,-0.226126331,0.636934583,-0.019652848,-0.00223843
21.81,1.160120084,3.044206835,4.998523315,0.269154738,0.926925824,3.69692666,4.987137925,0.266450067,-0.23319426,0.652719825,-0.011385389,-0.002704671
21.84,1.15285841,3.056838158,4.979133372,0.259788652,0.914354046,3.721601152,4.987237943,0.258035851,-0.238504364,0.664762994,0.008104572,-0.0017528
21.87,1.145650255,3.069311945,4.979653345,0.251686152,0.901810001,3.746308229,4.987330875,0.249659701,-0.243840253,0.676996284,0.00767753,-0.002026451
21.91,1.136104684,3.085711436,4.970781439,0.239971717,0.885124912,3.779309883,4.987458739,0.238503654,-0.250979773,0.693598448,0.0166773,-0.001468063
21.94,1.128975453,3.097825012,4.980228127,0.231266118,0.872630712,3.804100075,4.987577609,0.23008758,-0.25634474,0.706275063,0.007349482,-0.001178538
21.97,1.121863179,3.109778167,4.980944157,0.222853618,0.860168063,3.82891796,4.987725751,0.2216624,-0.261695115,0.719139793,0.006781594,-0.001191218
22.01,1.007635755,3.377203153,4.982958228,0.211740259,0.843658117,3.862055646,4.987996731,0.210486011,-0.163977638,0.484852494,0.005038504,-0.001254249
22.04,0.999248795,3.392099272,4.990827907,0.203368611,0.831363586,3.886927774,4.988244574,0.202123953,-0.167885209,0.494828502,-0.002583333,-0.001244657
22.07,0.99088877,3.406846035,4.992033693,0.194988611,0.819123866,3.911797337,4.988532033,0.193741054,-0.171764904,0.504951301,-0.00350166,-0.001247557
22.11,0.979756286,3.426285234,4.99719074,0.184000778,0.802931142,3.944914624,4.988980208,0.182565533,-0.176825144,0.51862939,-0.008210532,-0.001435245
22.14,0.971399316,3.44072487,5.001766578,0.175051977,0.790946101,3.969661806,4.989362224,0.174211721,-0.180453215,0.528936937,-0.012404354,-0.000840255
22.17,0.963051268,3.45504486,5.003456791,0.166601977,0.779108071,3.994283032,4.989768649,0.165848274,-0.183943197,0.539238172,-0.013688142,-0.000753703
22.21,0.951969763,3.47395041,4.981872415,0.155681056,0.763597691,4.026745906,4.990369431,0.154722816,-0.188372072,0.552795496,0.008497016,-0.000958241
22.24,0.943678257,3.487986208,4.977873256,0.148519824,0.752183583,4.050712028,4.990855372,0.146510977,-0.191494674,0.562725821,0.012982115,-0.002008847
22.27,0.935374943,3.501895834,4.978924125,0.140234824,0.740963776,4.074346966,4.991380362,0.138323246,-0.194411166,0.572451133,0.012456237,-0.001911578
22.31,0.924315564,3.520225626,4.973887218,0.129407238,0.726418266,4.105178148,4.992178245,0.1271843,-0.197897297,0.584952522,0.018291027,-0.002222938
22.34,0.916046322,3.533817042,4.980863581,0.121184038,0.715819042,4.127737672,4.992866141,0.118788582,-0.200227279,0.59392063,0.01200256,-0.002395456
22.37,0.907779621,3.547250391,4.98234293,0.112854038,0.705435001,4.149863266,4.993621069,0.110541936,-0.202344621,0.602612875,0.011278139,-0.002312101
22.41,0.896737854,3.564937774,4.985069746,0.102134324,0.692016656,4.178546505,4.994745115,0.099688486,-0.204721198,0.613608731,0.00967537,-0.002445838
22.44,0.888464837,3.578040562,4.990257051,0.093012459,0.682318103,4.19943658,4.995669578,0.091349975,-0.206146735,0.621396018,0.005412527,-0.001662484
22.47,0.880190268,3.591024923,4.992256681,0.084744959,0.672888543,4.219869998,4.996637403,0.082889889,-0.207301725,0.628845075,0.004380722,-0.00185507
22.51,0.795687758,3.795808712,4.99599924,0.073282389,0.66077702,4.246271179,4.998009903,0.071789774,-0.134910738,0.450462467,0.002010663,-0.001492616
22.54,0.786471646,3.810936184,4.992308446,0.066181878,0.652043244,4.265442256,4.999076106,0.063635609,-0.134428402,0.454506071,0.00676766,-0.00254627
22.57,0.777254112,3.825940508,4.994497355,0.058269378,0.643591977,4.284159939,5.00017233,0.055405175,-0.133662135,0.458219431,0.005674975,-0.002864203
22.61,0.764979987,3.845754088,4.996004222,0.047275222,0.632867095,4.308288728,5.001659775,0.044180953,-0.132112892,0.46253464,0.005655553,-0.003094269
22.64,0.755767795,3.86049193,4.994499368,0.039615692,0.625217715,4.325741631,5.002793298,0.035846021,-0.130550079,0.465249701,0.00829393,-0.003769671
22.67,0.746531267,3.875122945,4.996783089,0.031198192,0.617853764,4.342698609,5.003943092,0.02767772,-0.128677503,0.467575664,0.007160003,-0.003520472
22.71,0.734189952,3.894495079,4.997544888,0.019466723,0.608597728,4.364306025,5.005477911,0.016690551,-0.125592224,0.469810946,0.007933023,-0.002776172
22.74,0.724932281,3.908952549,4.999001675,0.011824638,0.602092323,4.379593862,5.006578224,0.008116779,-0.122839958,0.470641314,0.007576549,-0.003707859
22.77,0.715686071,3.9233777,5.001362798,0.003622138,0.595885576,4.394056966,5.007628575,-0.000466282,-0.119800495,0.470679267,0.006265777,-0.004088419
22.81,0.703350124,3.942582089,4.99903385,-0.006351932,0.588122338,4.41151348,5.008878734,-0.011315892,-0.115227786,0.468931391,0.009844884,-0.004963961
22.84,0.694082536,3.956940556,4.996879195,-0.015131993,0.582691778,4.422989081,5.00964482,-0.019396925,-0.111390758,0.466048525,0.012765625,-0.004264932
22.87,0.684798183,3.9712625,4.998981051,-0.023476993,0.577553237,4.433163129,5.010248125,-0.027969428,-0.107244946,0.461900629,0.011267074,-0.004492435
22.91,0.672396469,3.990310332,4.99694859,-0.034025658,0.571197563,4.444174669,5.010713879,-0.039874327,-0.101198906,0.453864337,0.013765289,-0.005848669
22.94,0.663082381,4.004559544,4.990184097,-0.041346563,0.566753732,4.450418059,5.010794847,-0.048167514,-0.09632865,0.445858515,0.02061075,-0.006820951
22.97,0.653728215,4.018776374,4.991807896,-0.049736563,0.562536182,4.455154083,5.010668961,-0.05609776,-0.091192033,0.436377709,0.018861065,-0.006361197
23.01,0.594863815,4.178291583,4.989886446,-0.0604206,0.557343558,4.458652567,5.010113945,-0.067403825,-0.037520257,0.280360984,0.020227499,-0.006983225
23.04,0.584859943,4.194250356,4.995057013,-0.067687122,0.55375202,4.459144665,5.00938412,-0.076498469,-0.031107923,0.264894309,0.014327107,-0.008811347
23.07,0.574850421,4.21017643,4.996549098,-0.075909622,0.550345838,4.458086829,5.008430255,-0.085259193,-0.024504583,0.247910399,0.011881157,-0.009349572
23.11,0.561467445,4.231385668,4.997592016,-0.086485315,0.546109577,4.453871714,5.00671833,-0.095839861,-0.015357868,0.222486046,0.009126314,-0.009354546
23.14,0.55137879,4.24727559,4.996249043,-0.094138996,0.543177567,4.448650443,5.005110353,-0.104035724,-0.008201223,0.201374852,0.00886131,-0.009896728
23.17,0.541264087,4.263141788,4.997393054,-0.102276496,0.540429847,4.441972666,5.003263246,-0.112892603,-0.00083424,0.178830878,0.005870192,-0.010616106
23.21,0.527740649,4.284281732,5.01093842,-0.112777162,0.537058485,4.430492944,5.00040185,-0.124859148,0.009317837,0.146211213,-0.01053657,-0.012081986
23.24,0.517553816,4.300113486,5.019301127,-0.120451369,0.534708231,4.420047716,4.997989339,-0.133051042,0.017154416,0.11993423,-0.021311788,-0.012599673
23.27,0.507314475,4.315941741,5.020875299,-0.128841369,0.53249179,4.408332893,4.995401531,-0.141043212,0.025177316,0.092391151,-0.025473768,-0.012201843
23.31,0.49358079,4.3370729,5.019136337,-0.140046253,0.529813073,4.390509544,4.991660187,-0.152524419,0.036232283,0.053436644,-0.02747615,-0.012478166
23.34,0.483230856,4.352923673,5.024495524,-0.14821241,0.527995117,4.37560567,4.988654642,-0.161439067,0.044764261,0.022681996,-0.035840881,-0.013226657
23.37,0.472842386,4.368797337,5.02600499,-0.15624741,0.526287845,4.359658393,4.985537599,-0.169944446,0.053445459,-0.009138944,-0.040467391,-0.013697036
23.41,0.458926156,4.389989614,5.030726588,-0.166768898,0.524209222,4.336609387,4.981232531,-0.180672512,0.065283066,-0.053380227,-0.049494056,-0.013903614
23.44,0.448438366,4.405920373,5.015012565,-0.174750468,0.522829678,4.318082062,4.977939616,-0.189083014,0.074391312,-0.087838311,-0.037072949,-0.014332546
23.47,0.437916005,4.421884082,5.01617525,-0.182802968,0.521583087,4.298718494,4.974605255,-0.197816635,0.083667083,-0.123165588,-0.041569995,-0.015013667
23.51,0.443853141,4.383520421,4.997082135,-0.193193908,0.520117397,4.271487699,4.970134271,-0.209205759,0.076264257,-0.112032722,-0.026947865,-0.01601185
23.54,0.433496579,4.398798465,4.99055134,-0.201086121,0.51914548,4.250100569,4.9667923,-0.21733852,0.085648901,-0.148697897,-0.02375904,-0.016252399
23.57,0.423074756,4.414123405,4.991159151,-0.209343621,0.518284102,4.22806189,4.963492465,-0.225543381,0.095209346,-0.186061515,-0.027666687,-0.016199761
23.61,0.409106401,4.434605102,4.991740073,-0.219263502,0.517359718,4.197572049,4.959192974,-0.236984811,0.108253317,-0.237033053,-0.032547099,-0.017721309
23.64,0.398596116,4.450022955,4.99702217,-0.227275591,0.516802062,4.173958411,4.956075828,-0.245533286,0.118205946,-0.276064544,-0.040946342,-0.018257695
23.67,0.388039504,4.465507137,4.998242683,-0.235323091,0.516318549,4.149853437,4.9530411,-0.253820261,0.128279045,-0.315653701,-0.045201583,-0.018497169
23.71,0.373852802,4.486251471,4.992003256,-0.24649419,0.515827002,4.116886651,4.949127108,-0.264738715,0.1419742,-0.36936482,-0.042876148,-0.018244525
23.74,0.363132272,4.501880162,4.994027551,-0.25388411,0.515601332,4.091594519,4.946284662,-0.273190335,0.15246906,-0.410285643,-0.047742889,-0.019306226
23.77,0.352363877,4.517570479,4.995482799,-0.26200161,0.515468373,4.065927854,4.943507057,-0.28173487,0.163104496,-0.451642625,-0.051975742,-0.01973326
23.81,0.337944528,4.538604375,4.982037868,-0.273572935,0.515406726,4.031089772,4.939958124,-0.292875818,0.177462197,-0.507514603,-0.042079744,-0.019302883
23.84,0.327055699,4.554479683,4.981444165,-0.282770515,0.515441291,4.004545422,4.937408352,-0.30109393,0.188385592,-0.549934261,-0.044035813,-0.018323415
23.87,0.316114819,4.570428852,4.982846857,-0.291140515,0.515555054,3.977717189,4.934953401,-0.309418669,0.199440235,-0.592711663,-0.047893456,-0.018278154
23.91,0.301470543,4.591819953,4.975489495,-0.302364102,0.515850069,3.941467779,4.931844327,-0.320739859,0.214379526,-0.650352174,-0.043645167,-0.018375757
23.94,0.290457691,4.60796678,4.977368615,-0.310721044,0.516134108,3.913967279,4.929654548,-0.329140546,0.225676417,-0.693999501,-0.047714067,-0.018419502
23.97,0.279415082,4.624197175,4.978995979,-0.318953544,0.516446645,3.886262919,4.927557182,-0.337417863,0.237031563,-0.737934256,-0.051438797,-0.018464319
24.01,0.407199112,4.346369461,4.967633764,-0.32873828,0.516944827,3.84896916,4.924937841,-0.348488557,0.109745715,-0.4974003,-0.042695923,-0.019750277
24.04,0.397878548,4.358938745,4.961668105,-0.338138078,0.517393273,3.820750698,4.923087999,-0.356939222,0.119514724,-0.538188048,-0.038580106,-0.018801144
24.07,0.388525375,4.371584333,4.963118876,-0.346395578,0.51787226,3.79237287,4.921323117,-0.365395733,0.129346885,-0.579211463,-0.041795759,-0.019000155
24.11,0.375972274,4.388575641,4.956709596,-0.358012661,0.518513439,3.754284301,4.919125276,-0.376522395,0.142541166,-0.634291339,-0.03758432,-0.018509733
24.14,0.366484705,4.401420695,4.959939689,-0.365926426,0.51899078,3.72554795,4.91759708,-0.384834519,0.152506075,-0.675872744,-0.042342609,-0.018908093
24.17,0.356937066,4.414344602,4.961624189,-0.374341426,0.519472791,3.696694692,4.916157644,-0.393210589,0.162535725,-0.71764991,-0.045466544,-0.018869163
24.21,0.344136665,4.431696838,4.960665705,-0.38574155,0.520097055,3.6580355,4.914374492,-0.40443518,0.17596039,-0.773661338,-0.046291214,-0.01869363
24.24,0.334482003,4.444823453,4.957103005,-0.393457162,0.520513815,3.628925551,4.913131725,-0.412784576,0.186031812,-0.815897902,-0.04397128,-0.019327414
24.27,0.324766043,4.458043875,4.958921294,-0.401962162,0.520888072,3.59973862,4.911947522,-0.421097672,0.196122029,-0.858305255,-0.046973772,-0.01913551
24.31,0.311737946,4.475829702,4.966354033,-0.412957453,0.521328563,3.560679418,4.91048132,-0.432253998,0.209590617,-0.915150284,-0.055872713,-0.019296545
24.34,0.301903193,4.489286603,4.96594926,-0.422190426,0.521605898,3.531286353,4.909453917,-0.440683276,0.219702705,-0.95800025,-0.056495344,-0.01849285
24.37,0.292010507,4.502847778,4.968191414,-0.430505426,0.521819621,3.501835513,4.908484162,-0.449085369,0.229809114,-1.001012265,-0.059707252,-0.018579943
24.41,0.278735822,4.521104387,4.965508192,-0.441885066,0.521964068,3.462478231,4.907263175,-0.460196599,0.243228247,-1.058626156,-0.058245018,-0.018311533
24.44,0.268721419,4.534925751,4.954952858,-0.450809361,0.521979222,3.43289091,4.906403579,-0.468554374,0.253257803,-1.102034841,-0.048549279,-0.017745014
24.47,0.25866344,4.548855279,4.956904086,-0.459014361,0.521930445,3.403253584,4.90557769,-0.47696953,0.263267005,-1.145601695,-0.051326395,-0.01795517
24.51,0.31688603,4.063940374,4.948837689,-0.471044778,0.521712704,3.363667193,4.904555763,-0.488197326,0.204826675,-0.700273181,-0.044281926,-0.017152548
24.54,0.307643459,4.071651422,4.946745082,-0.479943297,0.521406371,3.333943019,4.903857586,-0.496548015,0.213762912,-0.737708403,-0.042887496,-0.016604718
24.57,0.298342886,4.079485214,4.948558851,-0.488168297,0.520999862,3.30419391,4.903217652,-0.504886003,0.222656976,-0.775291304,-0.045341199,-0.016717706
24.61,0.28586453,4.090120507,4.944673652,-0.498729737,0.52028809,3.264477678,4.902473272,-0.516105357,0.234423561,-0.825642829,-0.04220038,-0.017375619
24.64,0.276446542,4.098220241,4.92659059,-0.507939722,0.519597064,3.234667372,4.901992846,-0.524549577,0.243150522,-0.863552869,-0.024597744,-0.016609856
24.67,0.266983783,4.106444866,4.927947433,-0.515814722,0.518759847,3.204854728,4.901571552,-0.532932663,0.251776063,-0.901590139,-0.026375882,-0.017117942
24.71,0.254292233,4.117602658,4.937495175,-0.527163854,0.51736482,3.165099285,4.901093154,-0.544014481,0.263072587,-0.952503373,-0.036402021,-0.016850627
24.74,0.244717769,4.126121516,4.933224089,-0.535658424,0.516132029,3.135261686,4.900820249,-0.55239691,0.27141426,-0.99085983,-0.032403839,-0.016738486
24.77,0.235116597,4.134742102,4.934959597,-0.543973424,0.514763194,3.105410225,4.900595948,-0.560851224,0.279646597,-1.029331878,-0.034363649,-0.0168778
24.81,0.222271302,4.14640572,4.932452687,-0.554628475,0.512642477,3.065618374,4.900363414,-0.572079088,0.290371176,-1.080787346,-0.032089273,-0.017450613
24.84,0.212585259,4.155284209,4.929243861,-0.562939527,0.510812199,3.035801637,4.900218168,-0.580404263,0.29822694,-1.119482572,-0.029025693,-0.017464736
24.87,0.202847314,4.164283019,4.930933433,-0.571169527,0.508824186,3.005999126,4.900107397,-0.588742354,0.305976872,-1.158283893,-0.030826036,-0.017572827
24.91,0.189807469,4.176435293,4.920394154,-0.582342229,0.505907319,2.966282893,4.900016379,-0.599990159,0.31609985,-1.2101524,-0.020377775,-0.017647931
24.94,0.179987546,4.185673814,4.919355798,-0.591024352,0.503494771,2.936535228,4.899999954,-0.608427185,0.323507224,-1.249138586,-0.019355844,-0.017402832
24.97,0.170124354,4.195025216,4.920822272,-0.599336852,0.500899127,2.90683413,4.900021495,-0.616791957,0.330774773,-1.288191086,-0.020800777,-0.017455105
25.01,0.262334256,3.776693973,4.917578751,-0.610517952,0.497120589,2.86731316,4.900130407,-0.62789938,0.234786333,-0.909380813,-0.017448345,-0.017381428
25.04,0.253743336,3.780789692,4.912553478,-0.618579473,0.494076005,2.837719037,4.900276244,-0.636315534,0.240332669,-0.943070655,-0.012277234,-0.017736061
25.07,0.245126252,3.784993235,4.91395756,-0.627029473,0.490871627,2.80816719,4.900458169,-0.644774748,0.245745375,-0.976826046,-0.013499391,-0.017745275
25.11,0.233571672,3.790797452,4.917968379,-0.638438109,0.4862607,2.768879086,4.900771221,-0.655985073,0.252689028,-1.021918366,-0.017197157,-0.017546965
25.14,0.224851546,3.795302204,4.927913279,-0.646961806,0.482534017,2.739504816,4.901048416,-0.664329153,0.257682472,-1.055797388,-0.026864863,-0.017367347
25.17,0.216116828,3.799945894,4.929901711,-0.655381806,0.478620114,2.710182553,4.901362293,-0.672704562,0.262503286,-1.089763341,-0.028539418,-0.017322756
25.21,0.204454226,3.806320621,4.926847388,-0.667405743,0.473054578,2.67116797,4.90179864,-0.683969336,0.268600351,-1.135152651,-0.025048747,-0.016563592
25.24,0.195684867,3.81123534,4.938692553,-0.676229146,0.468592924,2.641983733,4.902125738,-0.692392063,0.272908057,-1.169251607,-0.036566815,-0.016162917
25.27,0.186888612,3.816267301,4.940965236,-0.684664146,0.463913866,2.612865196,4.902442492,-0.700752528,0.277025253,-1.203402105,-0.038522744,-0.016088382
25.31,0.175110812,3.82317424,4.943906201,-0.696191824,0.457302925,2.574154211,4.902876307,-0.711897547,0.282192113,-1.249020029,-0.041029894,-0.015705723
25.34,0.166239823,3.828492234,4.934361108,-0.704658988,0.452088185,2.545204928,4.903199054,-0.72032797,0.285848362,-1.283287306,-0.031162054,-0.015668982
25.37,0.157327439,3.833912554,4.936409505,-0.713058988,0.44668289,2.516331952,4.903517684,-0.728765551,0.28935545,-1.317580601,-0.03289182,-0.015706563
25.41,0.145383891,3.841323771,4.917447293,-0.725089421,0.43911232,2.478007185,4.903942518,-0.739931237,0.293728429,-1.363316586,-0.013504775,-0.014841816
25.44,0.136390878,3.847031614,4.933110096,-0.734618153,0.433177306,2.449394536,4.904273495,-0.7482845,0.296786428,-1.397637078,-0.028836601,-0.013666348
25.47,0.127360727,3.852850284,4.935074157,-0.742940653,0.427072984,2.420869614,4.90462641,-0.756678481,0.299712257,-1.43198067,-0.030447747,-0.013737829
25.51,0.153889312,3.25201771,4.930465043,-0.755285401,0.418625343,2.383010021,4.905145585,-0.767918449,0.264736031,-0.869007689,-0.025319458,-0.012633049
25.54,0.145311591,3.250278126,4.927026305,-0.763915272,0.412044006,2.35477121,4.905567084,-0.776303043,0.266732414,-0.895506916,-0.021459221,-0.012387771
25.57,0.13670155,3.248651352,4.92882484,-0.772040272,0.405288016,2.326650419,4.906000748,-0.784650083,0.268586465,-0.922000934,-0.022824092,-0.012609811
25.61,0.12516675,3.246646446,4.927115379,-0.78417662,0.395988278,2.289354422,4.906632718,-0.795821329,0.270821528,-0.957292024,-0.020482662,-0.011644709
25.64,0.116501434,3.24527375,4.92975507,-0.792010245,0.388789909,2.261528564,4.90714168,-0.804248067,0.272288475,-0.983745187,-0.02261339,-0.012237822
25.67,0.10783073,3.244019184,4.931704454,-0.800245245,0.381403428,2.233819318,4.907683917,-0.812646548,0.273572698,-1.010199866,-0.024020537,-0.012401303
25.71,0.096230068,3.242541266,4.93846857,-0.811231785,0.37118165,2.197083345,4.908433834,-0.823737971,0.274951582,-1.045457921,-0.030034736,-0.012506186
25.74,0.08750482,3.241571842,4.937873986,-0.820669669,0.363250359,2.169656954,4.909017478,-0.832079498,0.275745539,-1.071914888,-0.028856508,-0.011409829
25.77,0.078766104,3.240722261,4.940049851,-0.829032169,0.355139524,2.142309895,4.909602427,-0.840498928,0.27637342,-1.098412366,-0.030447424,-0.01146676
25.81,0.067069941,3.239764155,4.944302508,-0.840668423,0.343986056,2.106024798,4.910380709,-0.851746875,0.276916115,-1.133739356,-0.033921799,-0.011078452
25.84,0.058277864,3.239190156,4.948848875,-0.848867096,0.335361078,2.078976259,4.910959928,-0.860098272,0.277083214,-1.160213897,-0.037888947,-0.011231175
25.87,0.049474011,3.238731494,4.951242623,-0.857082096,0.32656513,2.052044902,4.911539081,-0.86843214,0.277091119,-1.186686592,-0.039703542,-0.011350044
25.91,0.037708179,3.238311148,4.952240009,-0.867695354,0.314568955,2.016328041,4.912319408,-0.879631282,0.276860776,-1.221983107,-0.039920601,-0.011935928
25.94,0.028870314,3.238130181,4.954643992,-0.877046489,0.305377674,1.989697994,4.9129003,-0.888061297,0.27650736,-1.248432187,-0.041743692,-0.011014808
25.97,0.020008621,3.238048819,4.957093853,-0.885476489,0.296036396,1.963205263,4.913485433,-0.896450668,0.276027775,-1.274843556,-0.04360842,-0.010974179
26.01,0.095228167,2.71723597,4.957050702,-0.89605816,0.283320597,1.928135683,4.914267641,-0.907574846,0.18809243,-0.789100287,-0.042783062,-0.011516686
26.04,0.087417144,2.710699754,4.955859142,-0.903922011,0.273621861,1.901996909,4.914869537,-0.915957933,0.186204718,-0.808702846,-0.040989605,-0.012035922
26.07,0.079604312,2.704275495,4.958266501,-0.912157011,0.263815747,1.875972965,4.915469204,-0.924387355,0.184211435,-0.828302531,-0.042797297,-0.012230344
26.11,0.069184862,2.69588902,4.97213953,-0.923743785,0.250521457,1.841520848,4.916290032,-0.935614517,0.181336595,-0.854368173,-0.055849498,-0.011870732
26.14,0.061353747,2.689745314,4.974574419,-0.933286823,0.240363764,1.81587737,4.916916118,-0.943977396,0.179010018,-0.873867944,-0.057658301,-0.010690573
26.17,0.053512101,2.683737349,4.977427476,-0.941574323,0.230066681,1.790352708,4.917550392,-0.952339796,0.176554581,-0.893384641,-0.059877084,-0.010765473
26.21,0.043052699,2.675933718,4.968433096,-0.952145511,0.216075046,1.756488789,4.918368203,-0.963578628,0.173022347,-0.919444928,-0.050064893,-0.011433117
26.24,0.035218361,2.6702178,4.957094725,-0.960727868,0.205364743,1.73121736,4.918944069,-0.972030509,0.170146382,-0.93900044,-0.038150656,-0.011302642
26.27,0.027384387,2.66462456,4.959151476,-0.968857868,0.19448778,1.706051756,4.919497068,-0.980428456,0.167103393,-0.958572805,-0.039654407,-0.011570588
26.31,0.016926437,2.657357497,4.956578073,-0.980219898,0.179702359,1.672687028,4.920220915,-0.991564931,0.162775922,-0.98467047,-0.036357158,-0.011345032
26.34,0.009071257,2.652038384,4.943632403,-0.989259006,0.168436733,1.647787784,4.920782953,-0.999969756,0.159365476,-1.0042506,-0.02284945,-0.01071075
26.37,0.001225167,2.646819919,4.945206676,-0.997479006,0.157055063,1.622984536,4.921356105,-1.008403727,0.155829896,-1.023835383,-0.023850571,-0.010924721
26.41,-0.009238286,2.64003727,4.946619629,-1.008722033,0.141667483,1.590128795,4.922143903,-1.019601154,0.150905769,-1.049908475,-0.024475726,-0.010879122
26.44,-0.017094346,2.635081306,4.942540421,-1.017432865,0.129981093,1.565656687,4.922751146,-1.027959209,0.147075439,-1.069424619,-0.019789275,-0.010526344
26.47,-0.024954713,2.63025386,4.944074767,-1.025710365,0.118208304,1.541292115,4.923382866,-1.036332817,0.143163017,-1.088961745,-0.020691901,-0.010622452
26.51,0.005190036,2.084451909,4.944323632,-1.036948339,0.102377131,1.508989982,4.924234625,-1.047549822,0.097187095,-0.575461927,-0.020089007,-0.010601483
26.54,-0.002127353,2.072937762,4.932156006,-1.045139886,0.090402375,1.484923559,4.924887165,-1.0559503,0.092529729,-0.588014203,-0.00726884,-0.010810414
26.57,-0.00944195,2.061538639,4.933369997,-1.053497386,0.078354515,1.460984692,4.92554928,-1.064315893,0.087796464,-0.600553947,-0.007820718,-0.010818507
26.61,-0.019188174,2.046518223,4.928726567,-1.064886518,0.06217475,1.429274477,4.926464226,-1.07546073,0.081362924,-0.617243746,-0.002262341,-0.010574212
26.64,-0.026486977,2.035384462,4.930600618,-1.072855335,0.049950269,1.405621491,4.927177253,-1.083855269,0.076437245,-0.629762971,-0.003423366,-0.010999934
26.67,-0.03377543,2.024361709,4.931854254,-1.081295335,0.037636465,1.382064084,4.927914638,-1.0922513,0.071411895,-0.642297625,-0.003939616,-0.010955965
26.71,-0.043485665,2.009846235,4.921735662,-1.091622306,0.021003415,1.35083588,4.928928242,-1.103364054,0.06448908,-0.659010355,0.00719258,-0.011741748
26.74,-0.05077491,1.999100776,4.927452417,-1.098879297,0.008358042,1.327523255,4.929700807,-1.11167475,0.059132952,-0.671577521,0.00224839,-0.012795453
26.77,-0.058059346,1.988472652,4.928659101,-1.107539297,-0.00440101,1.304266207,4.930483127,-1.120044204,0.053658336,-0.684206445,0.001824026,-0.012504907
26.81,-0.067752836,1.974492266,4.933313188,-1.11868818,-0.021609124,1.273368421,4.931539604,-1.131279916,0.046143712,-0.701123845,-0.001773584,-0.012591736
26.84,-0.075014889,1.964134677,4.93167164,-1.12745919,-0.034656748,1.250313707,4.932349148,-1.139655732,0.040358141,-0.71382097,0.000677508,-0.012196543
26.87,-0.082277136,1.953890217,4.932994214,-1.13579919,-0.047793817,1.227349231,4.933159475,-1.147996359,0.03448332,-0.726540986,0.00016526,-0.012197169
26.91,-0.091957244,1.940399664,4.934268077,-1.14785777,-0.06543346,1.196860123,4.934249468,-1.159157623,0.026523784,-0.743539541,-1.8609e-05,-0.011299853
26.94,-0.099220794,1.930393446,4.942884933,-1.15600306,-0.078735082,1.174082622,4.935060078,-1.167571115,0.020485712,-0.756310824,-0.007824855,-0.011568055
26.97,-0.106475561,1.920489261,4.944502335,-1.16437306,-0.092088924,1.151389207,4.935876765,-1.175970983,0.014386637,-0.769100054,-0.00862557,-0.011597923
27.01,-0.156513727,1.548928454,4.935518569,-1.175663668,-0.109984816,1.121303601,4.936965331,-1.187115674,0.046528911,-0.427624853,0.001446762,-0.011452006
27.04,-0.164285366,1.534647533,4.941151603,-1.183775842,-0.123454111,1.098841654,4.937783652,-1.195481276,0.040831255,-0.435805879,-0.003367951,-0.011705433
27.07,-0.172051344,1.520489425,4.942684975,-1.192205842,-0.136945339,1.076436591,4.93859929,-1.203878464,0.035106006,-0.444052834,-0.004085685,-0.011672621
27.11,-0.182381876,1.501788101,4.956221014,-1.204834418,-0.154977146,1.046687752,4.939711755,-1.215087664,0.02740473,-0.455100349,-0.016509259,-0.010253246
27.14,-0.190110563,1.487902308,4.953711867,-1.213283983,-0.168548988,1.024491917,4.940567654,-1.223457315,0.021561576,-0.463410392,-0.013144213,-0.010173332
27.17,-0.197828577,1.474140422,4.955604326,-1.221593983,-0.182161844,1.002367158,4.941427967,-1.231813597,0.015666733,-0.471773264,-0.014176358,-0.010219614
27.21,-0.208101832,1.455985099,4.962071292,-1.232753772,-0.200392274,0.97294642,4.942559432,-1.243005785,0.007709559,-0.48303868,-0.019511861,-0.010252013
27.24,-0.215794736,1.442514063,4.956850695,-1.241416007,-0.214133817,0.950933503,4.94337636,-1.251438467,0.001660919,-0.49158056,-0.013474335,-0.01002246
27.27,-0.223466703,1.429159126,4.958691261,-1.249758507,-0.227931364,0.928977035,4.944179754,-1.259847808,-0.00446466,-0.500182091,-0.014511507,-0.0100893
27.31,-0.233663515,1.411542233,4.951933231,-1.261714713,-0.24642132,0.899809996,4.945214813,-1.270998566,-0.012757805,-0.511732237,-0.006718418,-0.009283853
27.34,-0.241309912,1.398470964,4.948667659,-1.270944843,-0.260335878,0.877985592,4.945983728,-1.279381655,-0.019025966,-0.520485372,-0.002683931,-0.008436813
27.37,-0.248944402,1.385512074,4.950151841,-1.279072343,-0.274272997,0.856188519,4.946742955,-1.287792811,-0.025328595,-0.529323554,-0.003408886,-0.008720468
27.41,-0.259106671,1.368418165,4.944740907,-1.290597707,-0.292893061,0.827207708,4.947765063,-1.298996959,-0.03378639,-0.541210457,0.003024156,-0.008399252
27.44,-0.266708404,1.35574103,4.948866986,-1.297936901,-0.306881029,0.805550693,4.948540576,-1.307366761,-0.040172625,-0.550190337,-0.00032641,-0.00942986
27.47,-0.274288696,1.3431964,4.950346699,-1.306236901,-0.320875872,0.783934143,4.949330878,-1.315736901,-0.046587176,-0.559262257,-0.00101582,-0.0095
27.51,-0.313949432,1.094389988,4.958293678,-1.3170543,-0.339531561,0.755151834,4.950403406,-1.326933621,-0.02558213,-0.339238153,-0.007890272,-0.009879322
27.54,-0.32185216,1.079115092,4.957548112,-1.324769893,-0.353517972,0.733607719,4.951215342,-1.335336333,-0.031665813,-0.345507374,-0.006332771,-0.01056644
27.57,-0.329746955,1.063964194,4.959286385,-1.332982393,-0.367501776,0.712112237,4.952031574,-1.343720706,-0.037754821,-0.351851957,-0.007254811,-0.010738313
27.61,-0.340270522,1.043996917,4.961474234,-1.343443975,-0.386136136,0.683524385,4.953111363,-1.354877135,-0.045865614,-0.360472533,-0.008362871,-0.01143316
27.64,-0.348122946,1.029171485,4.958059058,-1.351826886,-0.400101955,0.662102005,4.953916846,-1.363263078,-0.051979009,-0.367069479,-0.004142212,-0.011436192
27.67,-0.355931223,1.014447484,4.959749869,-1.360169386,-0.414068957,0.640689997,4.954709502,-1.371661818,-0.058137734,-0.373757487,-0.005040367,-0.011492432
27.71,-0.366311779,0.994973409,4.947618894,-1.371272385,-0.432719947,0.612191391,4.955759477,-1.382836617,-0.066408168,-0.382782018,0.008140582,-0.011564231
27.74,-0.374074535,0.980514821,4.94912352,-1.379712624,-0.446739972,0.590855383,4.956535388,-1.391187671,-0.072665437,-0.389659437,0.007411869,-0.011475047
27.77,-0.381835984,0.96618158,4.950516,-1.388055124,-0.460780402,0.569523443,4.957317152,-1.399552998,-0.078944418,-0.396658137,0.006801152,-0.011497874
27.81,-0.392181577,0.947250286,4.954343628,-1.398707326,-0.479530781,0.541069466,4.958365741,-1.41076122,-0.087349204,-0.40618082,0.004022114,-0.012053894
27.84,-0.399918961,0.9331842,4.951242655,-1.407457028,-0.493613274,0.519746247,4.959167469,-1.419158943,-0.093694313,-0.413437953,0.007924814,-0.011701915
27.87,-0.407631868,0.919242325,4.952724686,-1.416004528,-0.507706561,0.498448124,4.959970905,-1.427531656,-0.100074693,-0.420794201,0.007246219,-0.011527128
27.91,-0.417914344,0.900868418,4.953995917,-1.427054411,-0.526502739,0.470064612,4.96104197,-1.43869263,-0.108588396,-0.430803806,0.007046053,-0.011638219
27.94,-0.425617037,0.887250467,4.955544494,-1.43526355,-0.540592944,0.448759233,4.961838646,-1.447090716,-0.114975907,-0.438491234,0.006294152,-0.011827166
27.97,-0.433304132,0.873750264,4.957144703,-1.44372105,-0.554676446,0.42745063,4.96263103,-1.455492866,-0.121372315,-0.446299634,0.005486327,-0.011771816
28.01,-0.424997063,0.705570286,4.95776578,-1.454557813,-0.573443029,0.399067634,4.963686087,-1.466667328,-0.148445965,-0.306502652,0.005920307,-0.012109516
28.04,-0.432413204,0.69042366,4.957083851,-1.463232481,-0.587505667,0.377789311,4.964472276,-1.475037852,-0.155092463,-0.312634349,0.007388425,-0.011805371
28.07,-0.439813763,0.675408489,4.958697739,-1.471799981,-0.601555679,0.356493235,4.965260072,-1.483419908,-0.161741916,-0.318915254,0.006562333,-0.011619927
28.11,-0.449640329,0.65558448,4.955934545,-1.483215238,-0.620267668,0.328065536,4.966298053,-1.494618206,-0.170627339,-0.327518944,0.010363508,-0.011402968
28.14,-0.456975243,0.640858776,4.949664285,-1.491788072,-0.634298657,0.306750796,4.967080191,-1.502999726,-0.177323414,-0.33410798,0.017415906,-0.011211654
28.17,-0.4642857,0.626259438,4.950989148,-1.500080572,-0.648339727,0.285443536,4.967857351,-1.511364273,-0.184054027,-0.340815903,0.016868203,-0.011283701
28.21,-0.473989451,0.607012958,4.958205672,-1.511661376,-0.667101525,0.257003724,4.968902974,-1.522536419,-0.193112074,-0.350009235,0.010697302,-0.010875043
28.24,-0.481238061,0.592705891,4.952153305,-1.521082506,-0.681215967,0.235633883,4.969684202,-1.53096133,-0.199977907,-0.357072008,0.017530898,-0.009878823
28.27,-0.48846255,0.578514702,4.95352658,-1.529335006,-0.695365446,0.214252886,4.970469717,-1.539384071,-0.206902896,-0.364261816,0.016943136,-0.010049065
28.31,-0.498070311,0.559803292,4.962794581,-1.540360887,-0.714292566,0.185750564,4.971499078,-1.550556061,-0.216222255,-0.374052728,0.008704497,-0.010195174
28.34,-0.505246692,0.545916286,4.960749192,-1.549528364,-0.728525699,0.164354758,4.972265497,-1.558931744,-0.223279008,-0.381561528,0.011516304,-0.00940338
28.37,-0.512386096,0.532140423,4.962350554,-1.557895864,-0.74278056,0.142925531,4.973025596,-1.567334598,-0.230394464,-0.389214892,0.010675041,-0.009438734
28.41,-0.521850315,0.513976766,4.969927535,-1.569674367,-0.761818533,0.114311019,4.974012426,-1.578553195,-0.239968219,-0.399665747,0.004084891,-0.008878827
28.44,-0.528915673,0.500507579,4.976522777,-1.579065028,-0.776114633,0.092848817,4.974737591,-1.58693679,-0.24719896,-0.407658762,-0.001785187,-0.007871762
28.47,-0.535953232,0.487191945,4.978472882,-1.587452528,-0.790420467,0.071379879,4.975449398,-1.595308611,-0.254467234,-0.415812066,-0.003023484,-0.007856083
28.51,-0.687978528,0.281955763,4.98174849,-1.598328404,-0.809509228,0.042699256,4.976381916,-1.606498154,-0.1215307,-0.239256507,-0.005366575,-0.00816975
28.54,-0.696779602,0.26651947,4.978166903,-1.606112591,-0.823833116,0.021146121,4.977048078,-1.614907662,-0.127053514,-0.245373349,-0.001118825,-0.008795072
28.57,-0.705550078,0.25120271,4.979995583,-1.614412591,-0.838159585,-0.000415957,4.977699456,-1.623303878,-0.132609507,-0.251618667,-0.002296127,-0.008891288
28.61,-0.717195258,0.230979457,4.988554849,-1.625775736,-0.857261325,-0.029172759,4.978537735,-1.634473148,-0.140066067,-0.260152217,-0.010017114,-0.008697412
28.64,-0.725906996,0.215971603,4.99306211,-1.633833311,-0.871582231,-0.050778723,4.97916288,-1.642860492,-0.145675235,-0.266750326,-0.01389923,-0.009027181
28.67,-0.734603349,0.201095778,4.995242707,-1.642033311,-0.88589351,-0.072424631,4.979774095,-1.65126061,-0.151290161,-0.273520409,-0.015468613,-0.009227299
28.71,-0.746170651,0.181448112,4.9973516,-1.652305815,-0.904942558,-0.101325708,4.980564177,-1.66245718,-0.158771908,-0.282773821,-0.016787423,-0.010151365
28.74,-0.754816587,0.166875078,4.994439115,-1.660355755,-0.919194954,-0.123009533,4.98112807,-1.670845404,-0.164378367,-0.289884611,-0.013311045,-0.010489649
28.77,-0.763430684,0.152432251,4.996501821,-1.668703255,-0.933421237,-0.144714644,4.981676148,-1.679234136,-0.169990554,-0.297146895,-0.014825673,-0.010530881
28.81,-0.774859252,0.133376683,4.992655047,-1.680657214,-0.952345471,-0.173729868,4.982380097,-1.690425353,-0.177486218,-0.30710655,-0.010274949,-0.009768139
28.84,-0.783388385,0.119225152,4.984429008,-1.688431569,-0.966505858,-0.195533041,4.982889252,-1.698819673,-0.183117474,-0.314758194,-0.001539755,-0.010388104
28.87,-0.791876981,0.105198507,4.986057482,-1.696804069,-0.980641525,-0.217344924,4.983392671,-1.70721021,-0.188764545,-0.322543432,-0.002664811,-0.010406141
28.91,-0.803120935,0.086721579,4.987414844,-1.707943432,-0.99944833,-0.246453205,4.984052733,-1.718392443,-0.196327395,-0.333174785,-0.003362111,-0.01044901
28.94,-0.811508824,0.073032795,4.986827393,-1.716654428,-1.01352976,-0.268337607,4.984557082,-1.726783747,-0.202020935,-0.341370402,-0.002270311,-0.010129319
28.97,-0.819859202,0.059454519,4.988507697,-1.724884428,-1.027595207,-0.290261318,4.985058918,-1.735178441,-0.207736005,-0.349715837,-0.003448779,-0.010294012
29.01,-1.047299323,-0.105176596,4.995503597,-1.736307311,-1.046314986,-0.319522652,4.985730927,-1.746367832,0.000984337,-0.214346056,-0.009772669,-0.010060521
29.04,-1.058356603,-0.12035507,4.997385446,-1.744364955,-1.060328742,-0.34148159,4.98622634,-1.754755429,-0.001972139,-0.22112652,-0.011159105,-0.010390474
29.07,-1.069380451,-0.135382298,4.999345129,-1.752689955,-1.074327957,-0.363471208,4.986724453,-1.763153293,-0.004947506,-0.22808891,-0.012620676,-0.010463338
29.11,-1.084033457,-0.155184848,4.994443674,-1.764118176,-1.092966806,-0.39286762,4.987363788,-1.774363499,-0.008933349,-0.237682772,-0.007079886,-0.010245324
29.14,-1.094989907,-0.169892322,4.997613332,-1.771952803,-1.10690291,-0.414947964,4.987828512,-1.782772608,-0.011913003,-0.245055642,-0.00978482,-0.010819805
29.17,-1.105908349,-0.184461323,4.999464301,-1.780172803,-1.120784612,-0.437039286,4.988282801,-1.791188418,-0.014876262,-0.252577963,-0.0111815,-0.011015614
29.21,-1.120416465,-0.20365932,5.007307009,-1.790642012,-1.139159553,-0.46655015,4.988890827,-1.802413363,-0.018743088,-0.262890829,-0.018416182,-0.011771351
29.24,-1.131264643,-0.217901784,5.012601398,-1.799107437,-1.152821704,-0.488760362,4.98934495,-1.810789317,-0.021557061,-0.270858579,-0.023256448,-0.01168188
29.27,-1.14209589,-0.232015469,5.014810893,-1.807549937,-1.166387372,-0.511019826,4.989789774,-1.819142119,-0.024291482,-0.279004357,-0.025021119,-0.011592182
29.31,-1.156492339,-0.250618109,5.021637214,-1.819172763,-1.184286727,-0.540750127,4.990363291,-1.830324917,-0.027794388,-0.290132019,-0.031273923,-0.011152153
29.34,-1.167248209,-0.264394597,5.021890111,-1.827475347,-1.197576196,-0.563090774,4.990766273,-1.838740453,-0.030327987,-0.298696176,-0.031123838,-0.011265105
29.37,-1.177972041,-0.278033196,5.02422136,-1.835412847,-1.210778063,-0.585484805,4.991153771,-1.847133438,-0.032806022,-0.307451609,-0.033067588,-0.01172059
29.41,-1.192224503,-0.296023806,5.02521076,-1.846095017,-1.228229726,-0.615442743,4.991615276,-1.858280735,-0.036005224,-0.319418936,-0.033595484,-0.012185718
29.44,-1.202884918,-0.309366093,5.013198523,-1.854136903,-1.241201876,-0.637952,4.991932947,-1.866665464,-0.038316958,-0.328585907,-0.021265576,-0.012528561
29.47,-1.213518293,-0.322562078,5.015053837,-1.862454403,-1.25408978,-0.660482406,4.992223842,-1.875079082,-0.040571487,-0.337920328,-0.022829996,-0.012624679
29.51,-1.292088735,-0.529177308,5.012051081,-1.873682528,-1.271134872,-0.690598494,4.992584698,-1.886286031,0.020953864,-0.161421186,-0.019466382,-0.012603502
29.54,-1.303463052,-0.544491899,5.009276468,-1.882404666,-1.283823615,-0.713259653,4.992834555,-1.894655223,0.019639436,-0.168767754,-0.016441912,-0.012250558
29.57,-1.314796143,-0.559684492,5.010871279,-1.890617166,-1.296439567,-0.735957227,4.993081379,-1.903026051,0.018356576,-0.176272735,-0.017789899,-0.012408885
29.61,-1.329853009,-0.579730887,5.007733487,-1.901790051,-1.313122038,-0.766256126,4.993398915,-1.914234187,0.016730971,-0.186525239,-0.014334572,-0.012444136
29.64,-1.341096494,-0.594594152,5.022657892,-1.909250763,-1.325542692,-0.789024642,4.993635533,-1.922643473,0.015553802,-0.19443049,-0.029022359,-0.013392709
29.67,-1.352303061,-0.609311109,5.024621813,-1.917510763,-1.337909503,-0.811843571,4.993870653,-1.931027842,0.014393558,-0.202532462,-0.03075116,-0.013517079
29.71,-1.367222672,-0.628746228,5.0238582,-1.928890394,-1.354304863,-0.842341614,4.994171556,-1.942189356,0.012917809,-0.213595386,-0.029686644,-0.013298962
29.74,-1.378387228,-0.643175862,5.006550038,-1.938200601,-1.366526263,-0.865234985,4.994381351,-1.950585341,0.011860965,-0.222059123,-0.012168687,-0.01238474
29.77,-1.389520019,-0.657447963,5.007884264,-1.946690601,-1.378696996,-0.888143747,4.994567756,-1.95899469,0.010823023,-0.230695783,-0.013316508,-0.012304089
29.81,-1.404296402,-0.676239353,5.015238703,-1.957047697,-1.394851244,-0.91875617,4.994793039,-1.970186814,0.009445158,-0.242516817,-0.020445664,-0.013139117
29.84,-1.415333551,-0.690164697,5.011150348,-1.966084227,-1.406914679,-0.941769496,4.994947058,-1.978562043,0.008418873,-0.251604798,-0.01620329,-0.012477816
29.87,-1.426331038,-0.703950306,5.012559663,-1.974564227,-1.418931184,-0.964801059,4.995107306,-1.986945547,0.007399854,-0.260850753,-0.017452356,-0.012381319
29.91,-1.440941641,-0.722095718,5.022333017,-1.98573553,-1.434860534,-0.995529239,4.995303604,-1.998155496,0.006081107,-0.273433522,-0.027029412,-0.012419966
29.94,-1.451849745,-0.735537134,5.007152202,-1.994479576,-1.446749053,-1.018617804,4.995448911,-2.0065552,0.005100692,-0.28308067,-0.011703291,-0.012075624
29.97,-1.462719374,-0.748845889,5.008382585,-2.003069576,-1.458599897,-1.041749711,4.995581023,-2.014932229,0.004119477,-0.292903821,-0.012801562,-0.011862653
30.01,-1.505119488,-0.946345396,5.025004185,-2.013870932,-1.474316661,-1.072642592,4.995728209,-2.026097922,0.030802827,-0.126297196,-0.029275976,-0.01222699
30.04,-1.516276189,-0.96163871,5.016974456,-2.022764211,-1.486027376,-1.095826872,4.995828483,-2.034501867,0.030248813,-0.134188162,-0.021145972,-0.011737656
30.07,-1.527377797,-0.976792875,5.018416994,-2.030966711,-1.497686106,-1.119033932,4.995927919,-2.04291088,0.029691691,-0.142241057,-0.022489075,-0.011944169
30.11,-1.542126054,-0.996775076,5.006405231,-2.041996438,-1.513152241,-1.150053534,4.996031074,-2.054081339,0.028973814,-0.153278458,-0.010374156,-0.012084901
30.14,-1.553163425,-1.011611274,5.006050546,-2.050792185,-1.52469134,-1.173365104,4.996078548,-2.062443624,0.028472085,-0.16175383,-0.009971998,-0.011651439
30.17,-1.564182921,-1.026317042,5.007039729,-2.058994685,-1.536180608,-1.196688389,4.996118736,-2.070824315,0.028002313,-0.170371347,-0.010920993,-0.011829631
30.21,-1.578825976,-1.04568754,5.011200288,-2.068705956,-1.551421134,-1.227805282,4.996167953,-2.082025936,0.027404842,-0.182117743,-0.015032334,-0.01331998
30.24,-1.589759097,-1.060049208,5.012303188,-2.077447726,-1.562817204,-1.251182359,4.996216944,-2.090412903,0.026941893,-0.19113315,-0.016086244,-0.012965177
30.27,-1.60064737,-1.074284825,5.013534564,-2.085532726,-1.57419411,-1.274589062,4.996261225,-2.098787539,0.02645326,-0.200304237,-0.017273339,-0.013254814
30.31,-1.6151224,-1.093056694,5.007746431,-2.097510004,-1.589311704,-1.305813999,4.996321968,-2.10996669,0.025810696,-0.212757306,-0.011424463,-0.012456686
30.34,-1.625954668,-1.106958408,5.009483031,-2.105917529,-1.600604751,-1.329231884,4.996358162,-2.11836963,0.025349918,-0.222273476,-0.013124869,-0.012452101
30.37,-1.63675843,-1.120714084,5.010617774,-2.114417529,-1.61187412,-1.352666229,4.996398268,-2.12677101,0.02488431,-0.231952145,-0.014219506,-0.012353481
30.41,-1.651106185,-1.138848048,4.99653283,-2.126265534,-1.626866795,-1.383964453,4.996448315,-2.137944671,0.02423939,-0.245116405,-8.4515e-05,-0.011679137
30.44,-1.661820722,-1.152272327,4.990311912,-2.13430472,-1.638069352,-1.407457341,4.996487608,-2.146324199,0.02375137,-0.255185014,0.006175695,-0.012019479
30.47,-1.672502638,-1.16554728,4.990886211,-2.14258972,-1.649228206,-1.430948767,4.996530339,-2.154723895,0.023274431,-0.265401487,0.005644128,-0.012134176
30.51,-1.729462646,-1.384058887,4.986135069,-2.153929453,-1.664033136,-1.462286799,4.996617486,-2.165935736,0.065429509,-0.078227912,0.010482417,-0.012006283
30.54,-1.74059629,-1.399555455,4.981018484,-2.162780709,-1.675093709,-1.485826675,4.996715632,-2.174316891,0.065502581,-0.08627122,0.015697148,-0.011536181
30.57,-1.751705612,-1.414916051,4.981435909,-2.171038209,-1.686116097,-1.509385541,4.996834304,-2.182687735,0.065589514,-0.09446949,0.015398395,-0.011649526
30.61,-1.766450866,-1.435162378,4.983099263,-2.18287302,-1.700716138,-1.540789051,4.997046814,-2.193870423,0.065734727,-0.105626673,0.01394755,-0.010997403
30.64,-1.777454748,-1.450167963,4.983217299,-2.192053905,-1.711597851,-1.564316936,4.997246662,-2.202271113,0.065856897,-0.114148973,0.014029363,-0.010217208
30.67,-1.788412735,-1.465015853,4.983933291,-2.200478905,-1.722449952,-1.587827273,4.997486631,-2.210664903,0.065962783,-0.122811421,0.01355334,-0.010185998
30.71,-1.802961025,-1.484595764,4.986682884,-2.211147086,-1.736891053,-1.619115841,4.997858367,-2.221854404,0.066069972,-0.134520078,0.011175483,-0.010707318
30.74,-1.813823693,-1.499125039,4.989611307,-2.219694429,-1.747700099,-1.642486454,4.99818464,-2.230253366,0.066123595,-0.143361416,0.008573332,-0.010558937
30.77,-1.824648834,-1.513498987,4.990654408,-2.228124429,-1.758494705,-1.665761387,4.99853936,-2.238643859,0.06615413,-0.1522624,0.007884952,-0.01051943
30.81,-1.839024239,-1.532432042,5.002827699,-2.239245841,-1.772888402,-1.696614319,4.999072569,-2.249828374,0.066135837,-0.164182277,-0.00375513,-0.010582533
30.84,-1.849743923,-1.546476084,4.996372996,-2.248400997,-1.783699961,-1.719612914,4.999504355,-2.258243884,0.066043962,-0.173136829,0.003131359,-0.009842887
30.87,-1.860410601,-1.560385749,4.997707466,-2.256923497,-1.794514781,-1.742486174,4.999955433,-2.266665305,0.06589582,-0.182100425,0.002247966,-0.009741808
30.91,-1.874553813,-1.578696453,4.994769368,-2.268152962,-1.808916115,-1.772708462,5.000573612,-2.277853861,0.065637698,-0.19401201,0.005804244,-0.009700899
30.94,-1.88511167,-1.592249389,4.984971067,-2.276425032,-1.819705351,-1.79516053,5.001052347,-2.28623032,0.065406319,-0.202911141,0.01608128,-0.009805289
30.97,-1.895630796,-1.605663657,4.9859932,-2.284987532,-1.830494099,-1.817460584,5.001549103,-2.294629802,0.065136698,-0.211796927,0.015555903,-0.00964227
31.01,-1.911910871,-1.665724899,4.992644164,-2.296857182,-1.844864308,-1.846891732,5.002236194,-2.305862965,0.067046563,-0.181166833,0.00959203,-0.009005783
31.04,-1.922366666,-1.679384446,4.989085414,-2.30663098,-1.85560218,-1.868700644,5.002790593,-2.314256349,0.066764485,-0.189316198,0.013705179,-0.007625369
31.07,-1.932790978,-1.692912802,4.990303982,-2.31485598,-1.866303801,-1.890306831,5.003371276,-2.322620161,0.066487177,-0.197394029,0.013067294,-0.007764181
31.11,-1.94663337,-1.710748479,4.99889166,-2.326232809,-1.880519928,-1.918752938,5.004200922,-2.333796665,0.066113443,-0.208004459,0.005309262,-0.007563857
31.14,-1.956965294,-1.723970967,5.003650441,-2.334754238,-1.891140305,-1.939804776,5.004851126,-2.342220621,0.06582499,-0.215833808,0.001200685,-0.007466383
31.17,-1.967259276,-1.737049524,5.00542935,-2.342841738,-1.901713306,-1.960624603,5.005528232,-2.350634116,0.06554597,-0.22357508,9.8882e-05,-0.007792378
31.21,-1.980915558,-1.754245061,5.003010921,-2.353487985,-1.915704022,-1.987922358,5.006452978,-2.361784157,0.065211536,-0.233677297,0.003442057,-0.008296171
31.24,-1.991102959,-1.766990282,5.006287809,-2.362566678,-1.92612718,-2.008045952,5.007163358,-2.370151432,0.064975779,-0.24105567,0.000875549,-0.007584754
31.27,-2.001254686,-1.779604142,5.008132328,-2.370851678,-1.936504998,-2.027913813,5.007883754,-2.378554468,0.064749688,-0.248309671,-0.000248574,-0.00770279
31.31,-2.014733646,-1.796217594,5.020257072,-2.381131784,-1.950216858,-2.05388485,5.008863773,-2.389818245,0.064516788,-0.257667256,-0.0113933,-0.008686461
31.34,-2.024805111,-1.808538353,5.016302773,-2.389694897,-1.960331926,-2.072893943,5.009637377,-2.398175594,0.064473185,-0.26435559,-0.006665396,-0.008480697
31.37,-2.034830338,-1.820735553,5.018476149,-2.397729897,-1.970290959,-2.091525519,5.010422569,-2.40642696,0.06453938,-0.270789966,-0.00805358,-0.008697063
31.41,-2.048118018,-1.83679948,5.023683684,-2.40903245,-1.983282597,-2.115659905,5.011501509,-2.417432327,0.064835421,-0.278860426,-0.012182175,-0.008399878
31.44,-2.058042402,-1.848717726,5.022071141,-2.417262379,-1.992799309,-2.13320375,5.012319291,-2.42581521,0.065243093,-0.284486024,-0.009751851,-0.00855283
31.47,-2.067934915,-1.860535143,5.02438438,-2.425474879,-2.002111883,-2.15029592,5.013151474,-2.434202549,0.065823031,-0.289760776,-0.011232906,-0.008727669
31.51,-2.069380978,-1.997487903,5.028367176,-2.436147286,-2.014083733,-2.172175545,5.01427621,-2.445183789,0.055297244,-0.174687642,-0.014090965,-0.009036503
31.54,-2.079007764,-2.010577629,5.022484848,-2.443947603,-2.022718806,-2.187879454,5.015135506,-2.453387449,0.056288958,-0.177301825,-0.007349342,-0.009439846
31.57,-2.088585262,-2.023577224,5.024791844,-2.452225103,-2.031106133,-2.203065948,5.016007839,-2.461725579,0.05747913,-0.179488724,-0.008784005,-0.009500475
31.61,-2.101309807,-2.040789735,5.029619773,-2.463000067,-2.04177919,-2.222311859,5.017180175,-2.472990837,0.059530617,-0.181522124,-0.012439597,-0.00999077
31.64,-2.110816306,-2.053593213,5.036053833,-2.470704447,-2.049336274,-2.23592514,5.018070251,-2.481286219,0.061480032,-0.182331927,-0.017983582,-0.010581772
31.67,-2.120294427,-2.066283005,5.038751069,-2.478804447,-2.056557941,-2.248917577,5.018954712,-2.489481791,0.063736485,-0.182634572,-0.019796357,-0.010677344
31.71,-2.132865683,-2.083058178,5.045424462,-2.490247329,-2.065597973,-2.265092795,5.020131238,-2.500615288,0.06726771,-0.182034617,-0.025293224,-0.010367959
31.74,-2.142272055,-2.095534526,5.044844301,-2.497966437,-2.071915305,-2.276337812,5.02097765,-2.509166107,0.07035675,-0.180803286,-0.023866652,-0.01119967
31.77,-2.151657976,-2.107934538,5.047703988,-2.506306437,-2.077846857,-2.28690547,5.021801865,-2.517626362,0.073811119,-0.178970932,-0.025902124,-0.011319925
31.81,-2.164098131,-2.124320224,5.046745773,-2.51851279,-2.084987004,-2.29973484,5.022823799,-2.528584848,0.079111127,-0.175414616,-0.023921974,-0.010072058
31.84,-2.173383113,-2.136496189,5.045807199,-2.527611389,-2.089762101,-2.30843449,5.02354739,-2.536876262,0.083621012,-0.171938301,-0.022259809,-0.009264873
31.87,-2.182651989,-2.148589699,5.048534527,-2.535683889,-2.094108173,-2.316476077,5.024228914,-2.545352157,0.088543816,-0.167886378,-0.024305613,-0.009668268
31.91,-2.19499658,-2.164589844,5.039834819,-2.548044785,-2.099033358,-2.325963344,5.025075584,-2.556668336,0.095963221,-0.1613735,-0.014759235,-0.008623551
31.94,-2.204229776,-2.176492677,5.041165988,-2.556868949,-2.102010868,-2.332133317,5.025647244,-2.564934359,0.102218908,-0.15564064,-0.015518744,-0.008065411
31.97,-2.213440153,-2.188320014,5.043641502,-2.564801449,-2.104463641,-2.337627207,5.026173825,-2.573162639,0.108976512,-0.149307192,-0.017467676,-0.00836119
32.01,-2.148221473,-2.302762399,5.035987385,-2.575311717,-2.106785672,-2.34374558,5.026802891,-2.584410908,0.041435801,-0.040983181,-0.009184494,-0.009099191
32.04,-2.156404718,-2.315692499,5.03175707,-2.583915282,-2.107775739,-2.347423244,5.027207534,-2.59294383,0.048628979,-0.031730744,-0.004549536,-0.009028548
32.07,-2.164575154,-2.328562395,5.033826923,-2.592242782,-2.108174991,-2.350422239,5.027563616,-2.601343642,0.056400164,-0.021859843,-0.006263306,-0.00910086
32.11,-2.175433586,-2.345619126,5.046803665,-2.603878838,-2.107611119,-2.353184966,5.027921448,-2.612326669,0.067822468,-0.007565839,-0.018882218,-0.008447831
32.14,-2.183564631,-2.35834283,5.047538,-2.612896423,-2.106402395,-2.354346767,5.028122354,-2.620734283,0.077162236,0.003996064,-0.019415646,-0.00783786
32.17,-2.191692849,-2.371037286,5.049986486,-2.621083923,-2.104629821,-2.354838796,5.028253415,-2.62931946,0.087063028,0.016198489,-0.021733071,-0.008235537
32.21,-2.202526155,-2.387926692,5.04216461,-2.633038073,-2.101180415,-2.354210762,5.02827882,-2.640667348,0.101345739,0.03371593,-0.013885791,-0.007629275
32.24,-2.2106461,-2.400537034,5.028545599,-2.641874427,-2.097757209,-2.352758265,5.028143839,-2.648906461,0.112888892,0.04777877,-0.00040176,-0.007032035
32.27,-2.218758486,-2.413110724,5.030160619,-2.650171927,-2.093743882,-2.350608159,5.027913812,-2.657174157,0.125014605,0.062502564,-0.002246807,-0.00700223
32.31,-2.229601977,-2.429819044,5.026729337,-2.662362284,-2.087328584,-2.346502042,5.027452378,-2.668580003,0.142273393,0.083317002,0.000723041,-0.00621772
32.34,-2.237762926,-2.442318135,5.046913504,-2.670761374,-2.081667694,-2.342498968,5.027016973,-2.677137663,0.156095232,0.099819166,-0.019896531,-0.006376289
32.37,-2.245938742,-2.45479851,5.048977455,-2.678971374,-2.075352903,-2.337829528,5.026509993,-2.685489698,0.170585839,0.116968982,-0.022467462,-0.006518324
32.41,-2.256823037,-2.471391732,5.058697598,-2.690226991,-2.065749867,-2.330433597,5.025679431,-2.696500654,0.19107317,0.140958135,-0.033018167,-0.006273664
32.44,-2.265000159,-2.483810085,5.065782749,-2.698722849,-2.057694482,-2.324060952,5.02492789,-2.704988112,0.207305677,0.159749133,-0.040854859,-0.006265262
32.47,-2.27319753,-2.496217291,5.068153975,-2.707402849,-2.049006511,-2.317102965,5.02406774,-2.71357503,0.224191019,0.179114326,-0.044086235,-0.00617218
32.51,-2.211157362,-2.516165886,5.070426911,-2.718810581,-2.036194278,-2.306755947,5.022734354,-2.724801519,0.174963083,0.209409939,-0.047692556,-0.005990938
32.54,-2.218460223,-2.528577547,5.069720536,-2.726915965,-2.025661608,-2.298223557,5.021568155,-2.733068696,0.192798615,0.23035399,-0.048152381,-0.006152731
32.57,-2.225777888,-2.540963172,5.071892264,-2.735298465,-2.014486409,-2.289160968,5.020302238,-2.741432634,0.211291479,0.251802204,-0.051590026,-0.006134169
32.61,-2.235602285,-2.557479096,5.065742641,-2.746342004,-1.998421313,-2.276143425,5.018431793,-2.752828589,0.237180972,0.28133567,-0.047310848,-0.006486585
32.64,-2.243007665,-2.569886294,5.066670343,-2.75488851,-1.985455489,-2.265682035,5.01691479,-2.761286463,0.257552176,0.304204259,-0.049755553,-0.006397953
32.67,-2.250433278,-2.582297503,5.068487855,-2.76325101,-1.971813389,-2.254719537,5.015300255,-2.769595592,0.278619889,0.327577966,-0.053187599,-0.006344583
32.71,-2.260368055,-2.598829897,5.075302661,-2.775002676,-1.952441381,-2.239223586,5.013012895,-2.780698371,0.307926674,0.359606311,-0.062289766,-0.005695696
32.74,-2.267881518,-2.611232747,5.062820535,-2.783547659,-1.937063373,-2.22697732,5.011201834,-2.789213675,0.330818146,0.384255428,-0.051618701,-0.005666015
32.77,-2.27546885,-2.623657197,5.064336382,-2.791817659,-1.921048515,-2.214286788,5.009328448,-2.797736831,0.354420335,0.409370409,-0.055007935,-0.005919171
32.81,-2.285662482,-2.640222842,5.055574088,-2.80389836,-1.898488554,-2.196575508,5.006684559,-2.808869845,0.387173928,0.443647334,-0.048889529,-0.004971485
32.84,-2.293349252,-2.652644904,5.04337619,-2.81255606,-1.880694147,-2.182743117,5.004600975,-2.817179891,0.412655105,0.469901787,-0.038775216,-0.004623832
32.87,-2.301093437,-2.66508847,5.04416307,-2.82089106,-1.862298996,-2.168543545,5.002465827,-2.82560076,0.438794441,0.496544925,-0.041697244,-0.004709701
32.91,-2.311513878,-2.681706066,5.028981566,-2.831931739,-1.836665129,-2.148970036,4.999535297,-2.836934179,0.474848749,0.53273603,-0.029446269,-0.00500244
32.94,-2.319384268,-2.694176909,5.006095104,-2.839213525,-1.816571416,-2.133823915,4.997298749,-2.845317761,0.502812852,0.560352993,-0.008796355,-0.006104237
32.97,-2.327297197,-2.706660817,5.005763325,-2.847343525,-1.795857248,-2.118359043,4.995025506,-2.8536283,0.531439949,0.588301774,-0.010737819,-0.006284776
33.01,-2.199821017,-2.52114233,5.006428574,-2.858168547,-1.767179293,-2.0972068,4.991969217,-2.864801187,0.432641724,0.423935529,-0.014459358,-0.00663264
33.04,-2.206113947,-2.53107101,5.01327008,-2.866933146,-1.744902527,-2.080974233,4.989676541,-2.873271045,0.46121142,0.450096778,-0.02359354,-0.006337899
33.07,-2.212487437,-2.541029052,5.013386138,-2.875293146,-1.722044595,-2.064481728,4.98740321,-2.881700171,0.490442841,0.476547324,-0.025982928,-0.006407025
33.11,-2.221068738,-2.554345187,5.017268547,-2.885263985,-1.690501965,-2.042046418,4.984328764,-2.892813012,0.530566773,0.51229877,-0.032939783,-0.007549027
33.14,-2.227572189,-2.564368705,5.02119058,-2.893403581,-1.666102221,-2.024934841,4.981989268,-2.901172264,0.561469967,0.539433864,-0.039201313,-0.007768683
33.17,-2.234168627,-2.574410977,5.021644518,-2.901901081,-1.641193156,-2.007650067,4.979623883,-2.909591784,0.592975471,0.56676091,-0.042020635,-0.007690703
33.21,-2.243113852,-2.58784625,5.02605278,-2.912744388,-1.607023639,-1.984327749,4.976448134,-2.920825942,0.636090213,0.603518501,-0.049604646,-0.008081554
33.24,-2.249917075,-2.597948101,5.014085274,-2.922048341,-1.580664515,-1.966654242,4.974037844,-2.929212246,0.66925256,0.631293859,-0.04004743,-0.007163905
33.27,-2.256765834,-2.608070943,5.014362823,-2.930050841,-1.553806736,-1.948865169,4.971608463,-2.937588374,0.702959098,0.659205774,-0.04275436,-0.007537533
33.31,-2.266014622,-2.621640867,5.018969113,-2.942007895,-1.517168032,-1.924957405,4.968362325,-2.948790039,0.74884659,0.696683462,-0.050606788,-0.006782144
33.34,-2.273052736,-2.631864115,5.02843782,-2.949258277,-1.489081288,-1.906887408,4.965942239,-2.957200525,0.783971448,0.724976707,-0.062495581,-0.007942248
33.37,-2.280171241,-2.642124293,5.029320886,-2.957415777,-1.460538738,-1.888713533,4.963543271,-2.965575864,0.819632504,0.75341076,-0.065777614,-0.008160087
33.41,-2.289769321,-2.655840059,5.025425651,-2.970276349,-1.4216892,-1.86430298,4.960344006,-2.976680472,0.868080121,0.791537079,-0.065081645,-0.006404123
33.44,-2.297045214,-2.66618958,5.028252588,-2.979456705,-1.392034463,-1.845880333,4.957955367,-2.985034933,0.905010752,0.820309247,-0.070297221,-0.005578227
33.47,-2.304413908,-2.67659545,5.029190174,-2.987821705,-1.362028215,-1.827383632,4.955569616,-2.993420197,0.942385693,0.849211818,-0.073620558,-0.005598491
33.51,-2.011898335,-2.426120607,5.009809453,-2.999920884,-1.321348837,-1.802593031,4.952444934,-3.004573818,0.690549498,0.623527576,-0.05736452,-0.004652934
33.54,-2.015589642,-2.433245056,5.010100059,-3.009522955,-1.290347202,-1.783916555,4.950125739,-3.012895593,0.72524244,0.6493285,-0.059974319,-0.003372638
33.57,-2.019373935,-2.440400089,5.010670248,-3.017785455,-1.259033428,-1.765192783,4.947843708,-3.021223606,0.760340506,0.675207306,-0.06282654,-0.00343815
33.61,-2.024583421,-2.449992056,5.00836709,-3.028540779,-1.216777458,-1.740162922,4.944892519,-3.032379045,0.807805963,0.709829135,-0.06347457,-0.003838266
33.64,-2.028625041,-2.457222344,4.994841545,-3.036661981,-1.184699603,-1.721352755,4.942771378,-3.040742796,0.843925438,0.735869588,-0.052070167,-0.004080815
33.67,-2.032762143,-2.464474431,4.995225031,-3.044956981,-1.152334032,-1.702522246,4.940706014,-3.049080142,0.880428112,0.761952185,-0.054519017,-0.004123161
33.71,-2.038417284,-2.474195512,4.984251937,-3.055265262,-1.10872098,-1.67739912,4.938038411,-3.060184822,0.929696303,0.796796392,-0.046213527,-0.00491956
33.74,-2.042779565,-2.481535003,4.977507711,-3.064045892,-1.075739996,-1.658562762,4.936124364,-3.068537891,0.967039569,0.822972241,-0.041383347,-0.004491999
33.77,-2.047253601,-2.488923423,4.977642077,-3.072233392,-1.042569716,-1.639737707,4.934281655,-3.076899006,1.004683886,0.849185717,-0.043360422,-0.004665614
33.81,-2.053390045,-2.498829487,4.978872923,-3.083942884,-0.997968307,-1.614666997,4.93196822,-3.088026135,1.055421737,0.884162491,-0.046904704,-0.004083251
33.84,-2.058102016,-2.50630865,4.987987833,-3.093459013,-0.964269907,-1.595896687,4.930326634,-3.096360746,1.09383211,0.910411962,-0.057661199,-0.002901733
33.87,-2.062897598,-2.51382801,4.988817976,-3.101754013,-0.930443241,-1.577158148,4.928767798,-3.104702759,1.132454357,0.936669861,-0.060050177,-0.002948746
33.91,-2.069459834,-2.523941638,4.981688446,-3.114638665,-0.885149282,-1.552242693,4.92680363,-3.115839784,1.184310552,0.971698945,-0.054884816,-0.001201119
33.94,-2.074523973,-2.53159638,4.980956534,-3.123808347,-0.851015928,-1.533614784,4.925419629,-3.124188301,1.223508045,0.997981597,-0.055536906,-0.000379954
33.97,-2.079684529,-2.539294049,4.981814931,-3.132293347,-0.816768292,-1.515034137,4.924080216,-3.132531364,1.262916236,1.024259912,-0.057734715,-0.000238017
34.01,-1.646023515,-2.21641576,4.967246029,3.139061728,-0.770979395,-1.490355749,4.922418041,3.139528216,0.875044121,0.726060011,-0.044827988,0.000466487
34.04,-1.645724516,-2.219918867,4.960490102,3.13132768,-0.736600663,-1.471924685,4.921267474,3.131180326,0.909123853,0.747994182,-0.039222628,-0.000147354
34.07,-1.645556902,-2.223464563,4.961054213,3.12319018,-0.702188648,-1.453552779,4.920201778,3.122831123,0.943368253,0.769911784,-0.040852435,-0.000359057
34.11,-1.645483766,-2.228260621,4.967192386,3.112118261,-0.65622985,-1.429167855,4.918937857,3.111699944,0.989253915,0.799092767,-0.048254529,-0.000418316
34.14,-1.645534788,-2.231908475,4.961652509,3.104045632,-0.621757028,-1.410960375,4.918113869,3.103354472,1.02377776,0.8209481,-0.04353864,-0.00069116
34.17,-1.645694711,-2.235607144,4.962606066,3.095885632,-0.587328712,-1.392808515,4.917381989,3.0950074,1.058366,0.842798629,-0.045224077,-0.000878232
34.21,-1.646058883,-2.240609101,4.960241217,3.084347474,-0.541514865,-1.368703251,4.916535724,3.08387301,1.104544019,0.87190585,-0.043705493,-0.000474464
34.24,-1.646450793,-2.244415998,4.957202443,3.076154064,-0.507198465,-1.350695376,4.915997907,3.075528982,1.139252328,0.893720622,-0.041204536,-0.000625082
34.27,-1.646935606,-2.248269064,4.958283385,3.067936564,-0.472931501,-1.332737095,4.915515846,3.067191839,1.174004105,0.91553197,-0.042767539,-0.000744726
34.31,-1.647730175,-2.253501518,4.961762525,3.05652047,-0.427422242,-1.30887713,4.915006158,3.056067878,1.220307933,0.944624389,-0.046756367,-0.000452593
34.34,-1.648453745,-2.257504814,4.95553887,3.047986888,-0.393456098,-1.291043431,4.914717945,3.047714787,1.254997647,0.966461383,-0.040820926,-0.000272101
34.37,-1.649299631,-2.261552554,4.956822902,3.039506888,-0.359592177,-1.273256558,4.914511769,3.039362433,1.289707454,0.988295995,-0.042311133,-0.000144455
34.41,-1.650575485,-2.267014635,4.952195166,3.027936647,-0.31462797,-1.249628316,4.914339101,3.02823302,1.335947515,1.017386319,-0.037856065,0.000296372
34.44,-1.651620621,-2.271172961,4.947799082,3.019166597,-0.28110895,-1.231967433,4.914298793,3.019881968,1.37051167,1.039205528,-0.033500289,0.000715371
34.47,-1.652751459,-2.275381518,4.949060741,3.010609097,-0.247772062,-1.214346922,4.914319733,3.011524234,1.404979397,1.061034597,-0.034741007,0.000915137
34.51,-1.153557123,-1.924141751,4.946938402,2.999979047,-0.203634814,-1.19092991,4.914481387,3.000376748,0.949922309,0.73321184,-0.032457016,0.0003977
34.54,-1.148469295,-1.923893287,4.946922269,2.991868766,-0.170745344,-1.173427611,4.914695535,2.992018698,0.977723951,0.750465676,-0.032226734,0.000149932
34.57,-1.143465021,-1.92371166,4.948381825,2.983281266,-0.138039294,-1.155965235,4.914974608,2.983664377,1.005425727,0.767746425,-0.033407217,0.000383112
34.61,-1.136936978,-1.923557924,4.946043791,2.972696051,-0.094844223,-1.132740916,4.915472643,2.972521215,1.042092755,0.790817008,-0.030571147,-0.000174836
34.64,-1.13216306,-1.923495059,4.941856312,2.963961427,-0.062762721,-1.115357532,4.915936064,2.964158901,1.06940034,0.808137527,-0.025920248,0.000197474
34.67,-1.12748113,-1.923482383,4.943404263,2.955643927,-0.030888789,-1.097994459,4.916469408,2.955802582,1.096592341,0.825487924,-0.026934854,0.000158655
34.71,-1.12136208,-1.923539074,4.93970447,2.943802807,0.011212279,-1.074861117,4.917268587,2.944680255,1.132574359,0.848677957,-0.022435883,0.000877448
34.74,-1.116882891,-1.923647551,4.939947403,2.935208151,0.042432518,-1.057503139,4.917944928,2.936326246,1.159315409,0.866144413,-0.022002474,0.001118095
34.77,-1.112502538,-1.923805163,4.941585788,2.926915651,0.073380194,-1.040133613,4.918666071,2.927953717,1.185882731,0.88367155,-0.022919716,0.001038066
34.81,-1.106829403,-1.924100648,4.944553767,2.915683358,0.114182836,-1.016960898,4.919730128,2.916793797,1.221012239,0.90713975,-0.024823639,0.001110439
34.84,-1.102655205,-1.924381759,4.939911182,2.907632569,0.14444719,-0.999574644,4.920580986,2.908438248,1.247102396,0.924807115,-0.019330196,0.00080568
34.87,-1.098540257,-1.924713548,4.941681257,2.899365069,0.174433123,-0.982177,4.92147642,2.900077421,1.27297338,0.942536549,-0.020204836,0.000712353
34.91,-1.093162184,-1.925232814,4.935279736,2.888209057,0.213857655,-0.958948585,4.922728282,2.88890468,1.307019838,0.966284229,-0.012551454,0.000695623
34.94,-1.089221764,-1.925668324,4.931689068,2.880246004,0.243029358,-0.941507708,4.923720997,2.880522444,1.332251121,0.984160616,-0.007968071,0.00027644
34.97,-1.085362048,-1.926162035,4.933292081,2.871828504,0.27193219,-0.924056323,4.924750018,2.872149269,1.357294237,1.002105711,-0.008542063,0.000320765
35.01,-0.598110513,-1.587937604,4.921694518,2.861283241,0.30994061,-0.900755724,4.926187226,2.860989877,0.908051123,0.68718188,0.004492708,-0.000293364
35.04,-0.588211831,-1.58423352,4.926324235,2.853135091,0.338003187,-0.883239422,4.927319453,2.852606426,0.926215018,0.700994097,0.000995218,-0.000528665
35.07,-0.578394801,-1.580580104,4.927898419,2.844755091,0.365746793,-0.865691441,4.928490856,2.844213716,0.944141594,0.714888664,0.000592436,-0.000541375
35.11,-0.565416372,-1.575801626,4.932957287,2.833970003,0.402199225,-0.842241356,4.930159381,2.833035534,0.967615597,0.73356027,-0.002797906,-0.000934469
35.14,-0.555734504,-1.572290286,4.927897382,2.824536003,0.429126199,-0.82459944,4.931470891,2.824666707,0.984860702,0.747690846,0.003573509,0.000130705
35.17,-0.546098037,-1.568835884,4.929683504,2.816383503,0.455720065,-0.806896701,4.93282821,2.816288005,1.001818101,0.761939184,0.003144705,-9.5498e-05
35.21,-0.533369688,-1.564324567,4.935492361,2.805600043,0.490558396,-0.78315673,4.934668394,2.805077398,1.023928084,0.781167837,-0.000823967,-0.000522645
35.24,-0.523915509,-1.561008647,4.937958868,2.797317234,0.516263938,-0.765246438,4.936083754,2.796684536,1.040179447,0.79576221,-0.001875114,-0.000632698
35.27,-0.514521778,-1.557749748,4.94005126,2.788764734,0.541675316,-0.747255191,4.937507715,2.788326539,1.056197093,0.810494557,-0.002543544,-0.000438195
35.31,-0.502068317,-1.553485128,4.927674036,2.778030011,0.574968616,-0.7230874,4.939426197,2.777179221,1.077036933,0.830397729,0.011752161,-0.00085079
35.34,-0.492783594,-1.550355299,4.927807621,2.768964132,0.599468696,-0.704807195,4.940861613,2.768767038,1.09225229,0.845548104,0.013053992,-0.000197094
35.37,-0.4835624,-1.547298389,4.929578093,2.760489132,0.623647136,-0.686417481,4.942305072,2.760349049,1.107209535,0.860880907,0.012726979,-0.000140083
35.41,-0.471352734,-1.543309529,4.93082062,2.749511316,0.655339185,-0.661706874,4.944263494,2.749191437,1.126691919,0.881602655,0.013442874,-0.000319878
35.44,-0.46225215,-1.540372617,4.934111126,2.740983482,0.678676915,-0.643016304,4.945759576,2.740835983,1.140929065,0.897356314,0.01164845,-0.000147499
35.47,-0.453199861,-1.537494308,4.936123305,2.732913482,0.70167372,-0.624196483,4.947273265,2.732441302,1.154873581,0.913297825,0.01114996,-0.000472179
35.51,-0.067373098,-1.224053923,4.951149491,2.720709461,0.731730059,-0.598868631,4.949293343,2.72120367,0.799103157,0.625185292,-0.001856148,0.000494209
35.54,-0.053644971,-1.217326645,4.948825116,2.712737586,0.753863483,-0.579711517,4.950812467,2.712818263,0.807508455,0.637615128,0.001987351,8.0677e-05
35.57,-0.039956779,-1.210683898,4.951192714,2.704390086,0.775701489,-0.560434922,4.952316311,2.704465328,0.815658267,0.650248976,0.001123596,7.5242e-05
35.61,-0.021772018,-1.20195751,4.944254675,2.693372564,0.804224766,-0.534482746,4.954305989,2.69329293,0.825996784,0.667474763,0.010051314,-7.9634e-05
35.64,-0.008195687,-1.195492632,4.949582498,2.685056621,0.825162187,-0.51481849,4.955771676,2.684864376,0.833357874,0.680674142,0.006189178,-0.000192245
35.67,0.005331178,-1.1890868,4.951841199,2.676724121,0.84579601,-0.495015336,4.957236228,2.676448048,0.840464833,0.694071464,0.005395029,-0.000276074
35.71,0.02328526,-1.180667643,4.950847593,2.665712249,0.872782717,-0.468360372,4.959176226,2.665300084,0.849497457,0.712307271,0.008328632,-0.000412165
35.74,0.036720569,-1.174454168,4.947466678,2.657105166,0.892602818,-0.448159229,4.960627093,2.656930915,0.85588225,0.726294939,0.013160416,-0.00017425
35.77,0.050120213,-1.168316236,4.949541511,2.648955166,0.912102562,-0.427793384,4.962062472,2.648514245,0.861982348,0.740522852,0.012520961,-0.000440921
35.81,0.067921065,-1.160250627,4.956703099,2.636884728,0.937552808,-0.400350595,4.963952187,2.637272298,0.869631743,0.759900032,0.007249088,0.00038757
35.84,0.081225774,-1.154296774,4.962405089,2.628930823,0.956267289,-0.379568589,4.965352061,2.628898909,0.875041515,0.774728186,0.002946972,-3.1914e-05
35.87,0.094498336,-1.148439566,4.964825485,2.620568323,0.974702877,-0.358634286,4.966735012,2.620543957,0.880204541,0.78980528,0.001909528,-2.4366e-05
35.91,0.112119926,-1.140767503,4.95709015,2.608930251,0.99873287,-0.330414675,4.968543751,2.60933622,0.886612944,0.810352828,0.011453601,0.000405969
35.94,0.125283961,-1.135112969,4.951850267,2.59940967,1.016357031,-0.309022951,4.969855629,2.600895277,0.89107307,0.826090018,0.018005362,0.001485607
35.97,0.138412812,-1.12955104,4.953713427,2.59098467,1.033722749,-0.287481044,4.971147633,2.592488155,0.895309937,0.842069995,0.017434206,0.001503485
36.01,0.443179854,-0.812999062,4.945782002,2.580097615,1.056414691,-0.258484052,4.972832611,2.581346355,0.613234837,0.55451501,0.027050608,0.00124874
36.04,0.459997758,-0.803646561,4.944135732,2.571660069,1.073055829,-0.236505846,4.974093391,2.57295483,0.61305807,0.567140715,0.029957659,0.001294762
36.07,0.476794599,-0.794379359,4.945669086,2.563645069,1.089419518,-0.214354866,4.9753433,2.564519431,0.612624919,0.580024493,0.029674214,0.000874362
36.11,0.499118464,-0.782145297,4.962336658,2.553059854,1.110781503,-0.184530295,4.977027602,2.553295194,0.611663039,0.597615002,0.014690944,0.00023534
36.14,0.515833616,-0.77304769,4.977815442,2.544921969,1.126486646,-0.161956409,4.978294616,2.544937248,0.61065303,0.611091281,0.000479175,1.528e-05
36.17,0.532519033,-0.76403715,4.980353371,2.536726969,1.141944807,-0.139218902,4.979567182,2.53657408,0.609425774,0.624818248,-0.000786189,-0.000152888
36.21,0.554721455,-0.75217888,4.986110872,2.524084679,1.162078654,-0.108581566,4.981216868,2.525343265,0.607357199,0.643597315,-0.004894003,0.001258586
36.24,0.571337844,-0.743369443,4.995373123,2.51564432,1.176848756,-0.085380055,4.98239745,2.516913394,0.605510912,0.657989389,-0.012975673,0.001269075
36.27,0.58793036,-0.7346581,4.99822055,2.50719932,1.191402462,-0.062032598,4.983530845,2.508525733,0.603472103,0.672625502,-0.014689704,0.001326414
36.31,0.61003949,-0.723205184,5.00073584,2.496274633,1.210395977,-0.03062508,4.984962677,2.497375177,0.600356488,0.692580104,-0.015773163,0.001100544
36.34,0.62660824,-0.714717704,4.997559328,2.487975532,1.224302126,-0.006839448,4.985978121,2.488965793,0.597693886,0.707878256,-0.011581207,0.000990262
36.37,0.643155342,-0.706318737,5.000132617,2.479683032,1.237967943,0.017108585,4.986939588,2.48053289,0.594812601,0.723427322,-0.013193028,0.000849858
36.41,0.665179529,-0.695268933,5.003743463,2.468081417,1.255795651,0.04930125,4.988152851,2.46933186,0.590616122,0.744570183,-0.015590612,0.001250443
36.44,0.681687095,-0.687106601,5.014232733,2.458719775,1.268878417,0.073637089,4.989006283,2.460965209,0.587191322,0.76074369,-0.02522645,0.002245434
36.47,0.698186753,-0.679049218,5.017026075,2.450049775,1.281731515,0.098128762,4.98983306,2.452579821,0.583544763,0.77717798,-0.027193016,0.002530047
36.51,0.876955956,-0.452715526,5.017346534,2.439513706,1.298441835,0.131076388,4.990854764,2.44134574,0.421485879,0.583791914,-0.02649177,0.001832034
36.54,0.895462512,-0.442079005,5.021904682,2.432120313,1.310689514,0.155978327,4.991566208,2.43293477,0.415227002,0.598057332,-0.030338475,0.000814457
36.57,0.913972076,-0.431541188,5.024607296,2.423897813,1.322745924,0.181006446,4.992225508,2.424552717,0.408773848,0.612547633,-0.032381788,0.000654904
36.61,0.938641829,-0.41766026,5.025433691,2.411972687,1.338442578,0.214632442,4.993028755,2.413377363,0.399800749,0.632292702,-0.032404935,0.001404676
36.64,0.957137803,-0.407350172,5.022199805,2.403208572,1.349908169,0.24005947,4.993564006,2.404960992,0.392770366,0.647409641,-0.028635799,0.00175242
36.67,0.975610982,-0.397118038,5.024599339,2.394666072,1.361162529,0.265622215,4.994051595,2.396541251,0.385551547,0.662740254,-0.030547744,0.001875179
36.71,1.000236445,-0.383632618,5.030118979,2.384190762,1.375815694,0.299913526,4.994625608,2.385347849,0.37557925,0.683546144,-0.035493372,0.001157087
36.74,1.018727892,-0.373643416,5.034319797,2.375833299,1.386529919,0.325790451,4.995000604,2.376959542,0.367802026,0.699433867,-0.039319192,0.001126243
36.77,1.037229702,-0.363768043,5.036811843,2.367220799,1.39702229,0.351798378,4.995342505,2.368559828,0.359792588,0.71556642,-0.041469338,0.001339029
36.81,1.06191866,-0.350761077,5.035661021,2.356424974,1.410610558,0.386703684,4.995712985,2.357350695,0.348691897,0.73746476,-0.039948037,0.00092572
36.84,1.080425553,-0.34112043,5.023102129,2.348790063,1.420532624,0.413017679,4.995940125,2.348952689,0.340107071,0.754138109,-0.027162004,0.000162626
36.87,1.098927098,-0.331598933,5.024971609,2.340535063,1.430264259,0.439422934,4.996120429,2.340557641,0.331337161,0.771021867,-0.028851181,2.2578e-05
36.91,1.123632243,-0.319104484,5.01955432,2.329508621,1.442856817,0.474830304,4.99630228,2.329360503,0.319224574,0.793934788,-0.023252039,-0.000148118
36.94,1.142168875,-0.309870702,5.020474863,2.321143155,1.452004853,0.501544272,4.996392103,2.320961906,0.309835978,0.811414974,-0.02408276,-0.000181249
36.97,1.16071357,-0.30074918,5.022094565,2.312630655,1.460955675,0.528352658,4.996468422,2.312565739,0.300242105,0.829101838,-0.025626143,-6.4916e-05
37.01,1.240069876,0.00999292,5.014154326,2.301455091,1.472552427,0.564240744,4.996538726,2.301366502,0.232482551,0.554247824,-0.0176156,-8.8589e-05
37.04,1.259344298,0.022709661,5.010691349,2.2921506,1.480975991,0.591282085,4.996576611,2.292964652,0.221631693,0.568572424,-0.014114738,0.000814052
37.07,1.278610546,0.035314786,5.011909468,2.2836456,1.489184093,0.618427669,4.996597475,2.284571368,0.210573547,0.583112884,-0.015311993,0.000925767
37.11,1.304297417,0.05196204,5.016582619,2.271476018,1.49974981,0.654782295,4.996598494,2.273391659,0.195452393,0.602820255,-0.019984126,0.001915641
37.14,1.323586335,0.064302945,5.01313902,2.262736132,1.507414413,0.682131349,4.9965925,2.264988738,0.183828078,0.617828404,-0.01654652,0.002252606
37.17,1.342901191,0.076507432,5.014364368,2.254186132,1.514884604,0.709543267,4.996579517,2.256566797,0.171983413,0.633035835,-0.01778485,0.002380665
37.21,1.36867945,0.092590621,5.01559078,2.242546279,1.524451145,0.746240971,4.99655369,2.245356595,0.155771695,0.653650349,-0.01903709,0.002810316
37.24,1.388032987,0.104521102,5.021033866,2.233680059,1.531319658,0.773861374,4.996513526,2.236978828,0.143286671,0.669340273,-0.024520341,0.003298769
37.27,1.407410372,0.116327013,5.022467626,2.225367559,1.537969264,0.801517425,4.996473599,2.228584184,0.130558893,0.685190412,-0.025994027,0.003216625
37.31,1.433292861,0.131876601,5.028344383,2.214684521,1.546409773,0.838421236,4.996404301,2.217306698,0.113116912,0.706544636,-0.031940082,0.002622177
37.34,1.452737436,0.143403718,5.028514018,2.206512362,1.552367478,0.86612833,4.996351662,2.208882974,0.099630042,0.722724612,-0.032162356,0.002370612
37.37,1.472210432,0.154811291,5.030125008,2.198137362,1.558029367,0.893852943,4.996281042,2.200549444,0.085818936,0.739041652,-0.033843965,0.002412083
37.41,1.498218176,0.169855627,5.019327614,2.187351901,1.56503455,0.930793025,4.996163034,2.189442711,0.066816374,0.760937398,-0.023164581,0.00209081
37.44,1.517758282,0.181005716,5.019239736,2.178544738,1.569875217,0.958438954,4.996051757,2.18097279,0.052116935,0.777433237,-0.023187979,0.002428052
37.47,1.537346782,0.192022183,5.020507124,2.170087238,1.574391352,0.986048059,4.995934789,2.172481626,0.03704457,0.794025875,-0.024572335,0.002394388
37.51,1.542499667,0.449495938,5.021412801,2.158035541,1.579773021,1.022812352,4.995774033,2.161370821,0.037273354,0.573316414,-0.025638768,0.00333528
37.54,1.561912043,0.463369587,5.026916985,2.150332345,1.583323583,1.050319055,4.9956506,2.153096449,0.02141154,0.586949468,-0.031266385,0.002764104
37.57,1.581351897,0.477121623,5.028413639,2.141964845,1.586524516,1.077745827,4.995534262,2.14469464,0.005172619,0.600624204,-0.032879377,0.002729795
37.61,1.607324153,0.495261577,5.020936223,2.1302997,1.590121948,1.114157655,4.995385529,2.133377154,-0.017202205,0.618896078,-0.025550693,0.003077454
37.64,1.626860326,0.508736017,5.02250465,2.121731576,1.592270445,1.141347148,4.995267171,2.12508251,-0.03458988,0.632611131,-0.027237478,0.003350934
37.67,1.646438404,0.522105287,5.023810476,2.113336576,1.593998361,1.168420676,4.995133147,2.116914563,-0.052440043,0.646315389,-0.028677329,0.003577987
37.71,1.672603506,0.539783139,5.032071433,2.103621644,1.595506434,1.204217052,4.99495124,2.105816772,-0.077097072,0.664433913,-0.037120193,0.002195128
37.74,1.69227573,0.552906397,5.036245684,2.096291784,1.596001157,1.230798512,4.9948055,2.09729025,-0.096274573,0.677892115,-0.041440184,0.000998467
37.77,1.711994885,0.565902217,5.037985227,2.087921784,1.595997408,1.257187777,4.994659552,2.088887776,-0.115997477,0.69128556,-0.043325675,0.000965993
37.81,1.738349097,0.58304919,5.025943336,2.076709146,1.595045435,1.292001375,4.994421342,2.07809966,-0.143303662,0.708952185,-0.031521995,0.001390514
37.84,1.758178879,0.595768932,5.031318944,2.068735327,1.593620576,1.317777924,4.994213339,2.069894607,-0.164558303,0.722008992,-0.037105605,0.001159281
37.87,1.778059741,0.608367859,5.032846437,2.060265327,1.591678259,1.343287501,4.993977514,2.061417813,-0.186381482,0.734919642,-0.038868923,0.001152486
37.91,1.80464466,0.624965591,5.025851078,2.049101628,1.588111411,1.376826486,4.993641022,2.050120411,-0.216533249,0.751860895,-0.032210056,0.001018783
37.94,1.824648953,0.637283006,5.017730721,2.040606896,1.584688005,1.401636212,4.993357508,2.042004906,-0.239960948,0.764353206,-0.024373213,0.00139801
37.97,1.844713704,0.649498209,5.018814426,2.032354396,1.580727353,1.42617344,4.993051208,2.033940728,-0.263986351,0.776675231,-0.025763218,0.001586332
38.01,1.778206906,0.978112632,5.009033935,2.021198612,1.57448156,1.458341596,4.992610598,2.022730896,-0.203725346,0.480228965,-0.016423338,0.001532284
38.04,1.797210531,0.994083926,5.001008042,2.013209551,1.569068233,1.482061272,4.99226614,2.014200437,-0.228142297,0.487977346,-0.008741902,0.000990885
38.07,1.816283872,1.009940543,5.00167161,2.004869551,1.563115485,1.505502153,4.991922779,2.005939602,-0.253168387,0.495561609,-0.009748831,0.001070051
38.11,1.841796577,1.030921592,5.009418892,1.993673492,1.554202454,1.536221454,4.991462054,1.99540254,-0.287594124,0.505299862,-0.017956838,0.001729047
38.14,1.860991013,1.046521625,4.997960779,1.985502888,1.546809668,1.558794413,4.991144044,1.98722208,-0.314181345,0.512272787,-0.006816735,0.001719192
38.17,1.880254573,1.061992296,4.99868251,1.976932888,1.538907982,1.581006326,4.990836287,1.9787173,-0.341346591,0.519014029,-0.007846223,0.001784412
38.21,1.906065024,1.082409993,5.003470514,1.965671096,1.527418406,1.609985983,4.990454875,1.967511119,-0.378646618,0.527575991,-0.013015639,0.001840023
38.24,1.925519983,1.097600317,5.009585332,1.957638035,1.518077227,1.63124838,4.990176395,1.959552149,-0.407442756,0.533648063,-0.019408937,0.001914114
38.27,1.945038975,1.112701517,5.010836326,1.949515535,1.508219114,1.652133628,4.989912922,1.951576489,-0.436819862,0.539432111,-0.020923403,0.002060954
38.31,1.971185197,1.132680429,5.006487838,1.939022811,1.494148812,1.679234072,4.989569785,1.940337712,-0.477036385,0.546553643,-0.016918053,0.001314902
38.34,1.99089079,1.147547665,5.015428524,1.930802863,1.482897486,1.699010395,4.989313162,1.931837773,-0.507993304,0.55146273,-0.026115362,0.00103491
38.37,2.010689048,1.162317607,5.016937102,1.922575363,1.471133453,1.718405042,4.989050934,1.923675313,-0.539555595,0.556087434,-0.027886168,0.001099951
38.41,2.037217141,1.181884566,5.007290801,1.911625651,1.454528388,1.743531327,4.988679917,1.913095688,-0.582688753,0.561646761,-0.018610884,0.001470037
38.44,2.057218382,1.196458953,4.999136723,1.903348087,1.441410567,1.761773099,4.988384523,1.904758679,-0.615807815,0.565314146,-0.0107522,0.001410592
38.47,2.077312749,1.210921163,5.000141241,1.895133087,1.427816231,1.779573271,4.988065797,1.896180471,-0.649496518,0.568652107,-0.012075444,0.001047384
38.51,1.863008282,1.415575783,4.988797059,1.884828865,1.408809485,1.802538236,4.987631049,1.885118831,-0.454198796,0.386962453,-0.001166011,0.000289966
38.54,1.880246853,1.43224704,4.997632566,1.876676675,1.39390334,1.819181011,4.987288705,1.877164518,-0.486343513,0.386933971,-0.010343861,0.000487842
38.57,1.897586124,1.448835655,4.998679374,1.868331675,1.378538428,1.835365294,4.98695263,1.869034296,-0.519047696,0.386529638,-0.011726743,0.000702621
38.61,1.920856604,1.470815408,4.994778546,1.856942968,1.357238307,1.856075545,4.986508574,1.857709216,-0.563618297,0.385260137,-0.008269973,0.000766248
38.64,1.938443199,1.487191083,4.992804292,1.848813232,1.34068267,1.870985862,4.986187177,1.84935047,-0.597760529,0.383794779,-0.006617115,0.000537238
38.67,1.956116412,1.503488883,4.99381691,1.840765732,1.323741002,1.885458487,4.985861903,1.841252493,-0.63237541,0.381969604,-0.007955007,0.000486761
38.71,1.979844572,1.525103212,4.987890186,1.829810344,1.300539019,1.903915618,4.98544507,1.830410748,-0.679305553,0.378812406,-0.002445116,0.000600404
38.74,1.997782841,1.54122204,4.975411581,1.823159941,1.282753826,1.917101045,4.985149764,1.821975651,-0.715029015,0.375879005,0.009738183,-0.00118429
38.77,2.015840549,1.557239873,4.976015933,1.814797441,1.264721919,1.929821792,4.984879381,1.8135055,-0.75111863,0.372581919,0.008863448,-0.00129194
38.81,2.040093277,1.578480339,4.970507771,1.80382801,1.240267588,1.945964406,4.984580229,1.802512394,-0.799825689,0.367484067,0.014072458,-0.001315616
38.84,2.058397617,1.594340844,4.973645477,1.795705004,1.221652612,1.957430488,4.984412657,1.794328445,-0.836745004,0.363089645,0.01076718,-0.001376559
38.87,2.076838705,1.610138878,4.974458532,1.787297504,1.202856602,1.968395948,4.984297214,1.785989185,-0.873982103,0.35825707,0.009838682,-0.001308319
38.91,2.101639653,1.631087159,4.980931063,1.776998828,1.177475018,1.98209338,4.984230083,1.774688972,-0.924164636,0.351006221,0.00329902,-0.002309856
38.94,2.120372605,1.646710072,4.974506656,1.767836336,1.158195324,1.991698644,4.984251089,1.766378312,-0.962177281,0.344988572,0.009744432,-0.001458023
38.97,2.139208643,1.66228461,4.975586507,1.759636336,1.138739329,2.000811433,4.984304354,1.758196737,-1.000469313,0.338526823,0.008717846,-0.001439599
39.01,1.80018603,1.812554284,4.979900326,1.748594132,1.112481782,2.011991761,4.984432426,1.747157909,-0.687704248,0.199437477,0.0045321,-0.001436223
39.04,1.814594328,1.829658665,4.980277876,1.740629332,1.09254846,2.019622778,4.984551929,1.738691075,-0.722045868,0.189964114,0.004274053,-0.001938257
39.07,1.829135094,1.84669534,4.981709504,1.732221832,1.072430461,2.026719349,4.984701192,1.730285325,-0.756704634,0.180024009,0.002991688,-0.001936507
39.11,1.848698145,1.869320503,4.977853292,1.721528463,1.04526926,2.035214535,4.984932606,1.719360206,-0.803428885,0.165894031,0.007079314,-0.002168257
39.14,1.863491589,1.886234874,4.964279961,1.713267071,1.024696407,2.040822383,4.985125528,1.711118698,-0.838795182,0.154587509,0.020845567,-0.002148373
39.17,1.878376944,1.90309188,4.965302334,1.705289571,1.004034576,2.0458542,4.985329503,1.702726171,-0.874342368,0.142762321,0.02002717,-0.0025634
39.21,1.898387481,1.925470648,4.97271421,1.694498461,0.976437842,2.051542069,4.985642323,1.691481238,-0.921949639,0.126071421,0.012928113,-0.003017223
39.24,1.913529557,1.942191539,4.965459837,1.68647238,0.955790555,2.055082623,4.985930446,1.683102361,-0.957739003,0.112891084,0.02047061,-0.003370019
39.27,1.92877991,1.958877814,4.966662328,1.67797238,0.935223478,2.058086288,4.986260314,1.674711801,-0.993556432,0.099208474,0.019597985,-0.003260579
39.31,1.94927187,1.981048463,4.962384317,1.666385705,0.907998265,2.061049532,4.986777,1.663489707,-1.041273606,0.080001068,0.024392684,-0.002895998
39.34,1.964764412,1.997625959,4.963240369,1.657937218,0.887741824,2.062487015,4.987210583,1.655081625,-1.077022588,0.064861057,0.023970214,-0.002855593
39.37,1.980375397,2.014155922,4.964602848,1.649539718,0.867599377,2.063376071,4.987691744,1.646676819,-1.11277602,0.049220149,0.023088896,-0.002862899
39.41,2.001383134,2.036164014,4.964478882,1.638477457,0.840935079,2.063556272,4.988396657,1.635474272,-1.160448056,0.027392258,0.023917775,-0.003003185
39.44,2.017268022,2.05264136,4.969448443,1.631099888,0.821063439,2.062887181,4.988976096,1.627073825,-1.196204583,0.010245821,0.019527653,-0.004026063
39.47,2.033271636,2.069082461,4.971190452,1.622604888,0.801268387,2.061616264,4.989571848,1.618662071,-1.232003249,-0.007466197,0.018381396,-0.003942818
39.51,1.547931083,1.976574221,4.984150532,1.611636137,0.774979502,2.058854566,4.990402685,1.607446175,-0.77295158,0.082280345,0.006252153,-0.004189962
39.54,1.557695001,1.99147545,4.993248234,1.603485458,0.755308929,2.056004325,4.991031275,1.599066984,-0.802386072,0.064528875,-0.002216959,-0.004418473
39.57,1.567572011,2.006391526,4.99570094,1.595102958,0.735652204,2.052563694,4.991663442,1.590669563,-0.831919808,0.046172168,-0.004037499,-0.004433395
39.61,1.580920085,2.026259712,5.00863838,1.584993257,0.709456672,2.046856537,4.992477851,1.579388613,-0.871463413,0.020596825,-0.016160529,-0.005604644
39.64,1.591031187,2.041132437,5.007753717,1.577956192,0.689870439,2.041777157,4.99304483,1.570942519,-0.901160748,0.00064472,-0.014708887,-0.007013673
39.67,1.601222803,2.05597835,5.010492804,1.569676192,0.670397986,2.036155456,4.993579986,1.562486685,-0.930824817,-0.019822894,-0.016912819,-0.007189507
39.71,1.614931423,2.075784353,5.004813868,1.558628975,0.644802748,2.027651709,4.99422118,1.551101454,-0.970128675,-0.048132644,-0.010592689,-0.007527521
39.74,1.625305284,2.090639025,5.009211831,1.551106479,0.626009026,2.020470148,4.994650636,1.542721527,-0.999296259,-0.070168877,-0.014561195,-0.008384952
39.77,1.635765655,2.105478363,5.011778537,1.542713979,0.60757058,2.012709447,4.995033288,1.53451373,-1.028195075,-0.092768916,-0.016745249,-0.008200249
39.81,1.649850003,2.125256587,5.026997195,1.532927201,0.583711639,2.001366042,4.995498459,1.523362494,-1.066138364,-0.123890545,-0.031498736,-0.009564707
39.84,1.66053219,2.14010564,5.026008735,1.525534872,0.566388549,1.992122098,4.995799432,1.514726078,-1.09414364,-0.147983542,-0.030209303,-0.010808794
39.87,1.671324421,2.154970884,5.028930763,1.516802372,0.54947975,1.982308798,4.996071402,1.506205301,-1.121844671,-0.172662086,-0.032859361,-0.010597071
39.91,1.685871756,2.174787864,5.032651613,1.506425828,0.527667251,1.968165485,4.996316412,1.495268192,-1.158204505,-0.206622379,-0.036335201,-0.011157636
39.94,1.696923483,2.189653504,5.024788443,1.497599993,0.511828893,1.956813535,4.996422768,1.486970692,-1.18509459,-0.232839969,-0.028365675,-0.010629301
39.97,1.708088242,2.204525847,5.027379154,1.489362493,0.496345386,1.944946139,4.996463998,1.478438834,-1.211742856,-0.259579708,-0.030915156,-0.010923659
40.01,1.250575123,2.094895245,5.018782118,1.478840393,0.47629479,1.928137028,4.996406777,1.467042862,-0.774280333,-0.166758217,-0.022375342,-0.011797531
