time_sec,est_x,est_y,est_z,est_yaw,true_x,true_y,true_z,true_yaw,err_x,err_y,err_z,err_yaw
0.000000000,-1.999978644,-1.999980590,0.042098244,0.007526236,-2.000000000,-2.000000000,0.050029904,-0.000000000,-0.000021356,-0.000019410,0.007931660,-0.007526236
0.030000000,-1.999914414,-1.999943360,0.043342322,0.006074093,-2.000000000,-2.000000000,0.050069776,-0.000000000,-0.000085586,-0.000056640,0.006727453,-0.006074093
0.060000000,-1.999817522,-1.999851167,0.043028276,0.005941593,-2.000000000,-2.000000000,0.050099738,-0.000000000,-0.000182478,-0.000148833,0.007071461,-0.005941593
0.100000000,-1.999616262,-1.999626248,0.032333814,0.008790407,-2.000000000,-2.000000000,0.050139732,-0.000000000,-0.000383738,-0.000373752,0.017805918,-0.008790407
0.130000000,-1.999407323,-1.999406422,0.030972751,0.007917358,-2.000000000,-2.000000000,0.050169731,-0.000153768,-0.000592677,-0.000593578,0.019196980,-0.008071126
0.160000000,-1.999155256,-1.999140244,0.030308761,0.007067358,-1.999999870,-1.999999965,0.050686455,-0.001591795,-0.000844614,-0.000859721,0.020377694,-0.008659153
0.200000000,-1.998728056,-1.998710893,0.036879661,0.001272068,-1.999997463,-1.999999313,0.052571902,-0.005211881,-0.001269407,-0.001288421,0.015692241,-0.006483949
0.230000000,-1.998343928,-1.998330663,0.035321582,-0.009723461,-1.999992399,-1.999997829,0.054860377,-0.008996514,-0.001648472,-0.001667166,0.019538795,0.000726948
0.260000000,-1.997914129,-1.997895060,0.037169863,-0.014103461,-1.999984600,-1.999995066,0.057980372,-0.013645700,-0.002070470,-0.002100006,0.020810509,0.000457762
0.300000000,-1.997262891,-1.997260667,0.043423908,-0.024821068,-1.999972482,-1.999989587,0.063175684,-0.020774218,-0.002709591,-0.002728920,0.019751776,0.004046850
0.330000000,-1.996715836,-1.996726788,0.052998634,-0.030181998,-1.999961540,-1.999984113,0.067799994,-0.026699162,-0.003245704,-0.003257325,0.014801360,0.003482836
0.360000000,-1.996126156,-1.996146615,0.057388385,-0.036681998,-1.999946923,-1.999977655,0.073098161,-0.033088758,-0.003820767,-0.003831040,0.015709776,0.003593240
0.400000000,-1.995258400,-1.995296593,0.061887152,-0.046014297,-1.999922715,-1.999968906,0.080994691,-0.042106409,-0.004664316,-0.004672314,0.019107539,0.003907888
0.430000000,-1.994543548,-1.994591373,0.074093263,-0.051873240,-1.999902467,-1.999962952,0.087502109,-0.049179464,-0.005358919,-0.005371579,0.013408846,0.002693776
0.460000000,-1.993769391,-1.993836609,0.080454250,-0.059083240,-1.999880494,-1.999958112,0.094552377,-0.056501306,-0.006111103,-0.006121503,0.014098127,0.002581934
0.500000000,-2.184427840,-1.887150518,0.087510093,-0.072007978,-1.999847056,-1.999953825,0.104625146,-0.066530544,0.184580784,-0.112803306,0.017115052,0.005477434
0.530000000,-2.187301578,-1.884216857,0.094967556,-0.081355970,-1.999818533,-1.999952889,0.112653505,-0.074218896,0.187483045,-0.115736032,0.017685949,0.007137074
0.560000000,-2.190111473,-1.881243706,0.102520082,-0.088918470,-1.999787670,-1.999955330,0.121125701,-0.082040655,0.190323803,-0.118711624,0.018605619,0.006877816
0.600000000,-2.193762663,-1.877213194,0.120473099,-0.100784948,-1.999737020,-1.999971495,0.132973605,-0.092605740,0.194025644,-0.122758301,0.012500506,0.008179207
0.630000000,-2.196450271,-1.874140864,0.124409854,-0.107075282,-1.999679828,-2.000007037,0.142251171,-0.100615413,0.196770443,-0.125866173,0.017841318,0.006459869
0.660000000,-2.199092108,-1.871016333,0.133162039,-0.115317782,-1.999591506,-2.000089259,0.151898134,-0.108700781,0.199500602,-0.129072927,0.018736095,0.006617001
0.700000000,-2.202521035,-1.866780654,0.152657548,-0.123226558,-1.999438074,-2.000288796,0.165223632,-0.119560896,0.203082960,-0.133508142,0.012566084,0.003665662
0.730000000,-2.205020555,-1.863568960,0.164084031,-0.130977003,-1.999307232,-2.000515050,0.175545833,-0.127746853,0.205713323,-0.136946090,0.011461802,0.003230150
0.760000000,-2.207474260,-1.860325419,0.174303225,-0.139129503,-1.999161638,-2.000819778,0.186170797,-0.135958421,0.208312622,-0.140494359,0.011867572,0.003171081
0.800000000,-2.210686507,-1.855916901,0.188705872,-0.149210669,-1.998930675,-2.001325696,0.200719127,-0.146952716,0.211755832,-0.145408795,0.012013255,0.002257953
0.830000000,-2.213038286,-1.852559541,0.203826889,-0.158639442,-1.998724493,-2.001773674,0.211896945,-0.155233221,0.214313792,-0.149214133,0.008070056,0.003406221
0.860000000,-2.215337323,-1.849158410,0.215049318,-0.166979442,-1.998493293,-2.002280982,0.223327401,-0.163532326,0.216844030,-0.153122572,0.008278084,0.003447116
0.900000000,-2.218314100,-1.844566326,0.240568969,-0.177252995,-1.998158401,-2.003026139,0.238879522,-0.174611040,0.220155699,-0.158459814,-0.001689447,0.002641955
0.930000000,-2.220475811,-1.841069353,0.253572529,-0.184540691,-1.997878951,-2.003633074,0.250765775,-0.182933844,0.222596860,-0.162563720,-0.002806755,0.001606847
0.960000000,-2.222586011,-1.837522184,0.266086841,-0.192718191,-1.997560021,-2.004285695,0.262859304,-0.191274105,0.225025990,-0.166763511,-0.003227537,0.001444086
1.000000000,-2.245060849,-1.846850912,0.290119972,-0.201880378,-1.997088035,-2.005211129,0.279241959,-0.202408296,0.247972815,-0.158360217,-0.010878013,-0.000527918
1.030000000,-2.247346817,-1.843411465,0.296809796,-0.210267486,-1.996707812,-2.005942134,0.291713170,-0.210762915,0.250639005,-0.162530668,-0.005096626,-0.000495429
1.060000000,-2.249579753,-1.839928065,0.309746616,-0.218707486,-1.996298846,-2.006707325,0.304353786,-0.219122622,0.253280907,-0.166779260,-0.005392830,-0.000415136
1.100000000,-2.252467617,-1.835224887,0.325012776,-0.229596733,-1.995697733,-2.007771464,0.321423830,-0.230279461,0.256769884,-0.172546578,-0.003588947,-0.000682727
1.130000000,-2.254561655,-1.831665332,0.332590850,-0.239724552,-1.995201969,-2.008598243,0.334375816,-0.238654297,0.259359686,-0.176932911,0.001784965,0.001070254
1.160000000,-2.256608091,-1.828085657,0.345306426,-0.248114552,-1.994669735,-2.009444969,0.347471450,-0.247032483,0.261938356,-0.181359312,0.002165023,0.001082068
1.200000000,-2.259274620,-1.823250464,0.365612432,-0.258558739,-1.993914030,-2.010592047,0.365106300,-0.258205327,0.265360590,-0.187341583,-0.000506132,0.000353412
1.230000000,-2.261230882,-1.819583234,0.380637624,-0.267087792,-1.993302995,-2.011465425,0.378458609,-0.266587610,0.267927887,-0.191882191,-0.002179014,0.000500181
1.260000000,-2.263136115,-1.815877842,0.393925363,-0.275552792,-1.992639512,-2.012353218,0.391926257,-0.274971299,0.270496603,-0.196475377,-0.001999106,0.000581493
1.300000000,-2.265604762,-1.810884918,0.405626482,-0.284877238,-1.991695189,-2.013554751,0.410029320,-0.286150527,0.273909573,-0.202669833,0.004402839,-0.001273289
1.330000000,-2.267393187,-1.807090518,0.425213500,-0.293314884,-1.990950205,-2.014468251,0.423709437,-0.294535569,0.276442982,-0.207377733,-0.001504062,-0.001220685
1.360000000,-2.269126683,-1.803260875,0.438674508,-0.301744884,-1.990163900,-2.015396921,0.437485472,-0.302921415,0.278962783,-0.212136046,-0.001189036,-0.001176531
1.400000000,-2.271360479,-1.798115396,0.453795013,-0.313768068,-1.989046827,-2.016661226,0.455974952,-0.314104755,0.282313652,-0.218545830,0.002179939,-0.000336687
1.430000000,-2.272975029,-1.794221690,0.472093953,-0.324000217,-1.988159635,-2.017629281,0.469926001,-0.322493709,0.284815394,-0.223407591,-0.002167953,0.001506508
1.460000000,-2.274529904,-1.790300742,0.485821008,-0.332777717,-1.987233957,-2.018614684,0.483958514,-0.330882596,0.287295947,-0.228313942,-0.001862494,0.001895121
1.500000000,-2.223758026,-1.946652791,0.507552332,-0.344073089,-1.985948469,-2.019953342,0.502765281,-0.342067163,0.237809556,-0.073300551,-0.004787052,0.002005926
1.530000000,-2.224498872,-1.944761782,0.513314340,-0.352144632,-1.984936520,-2.020980507,0.516942381,-0.350456824,0.239562353,-0.076218725,0.003628041,0.001687808
1.560000000,-2.225171252,-1.942847373,0.526767625,-0.360619632,-1.983873326,-2.022033481,0.531189560,-0.358844578,0.241297926,-0.079186108,0.004421935,0.001775053
1.600000000,-2.225964018,-1.940254152,0.540552320,-0.372471216,-1.982402879,-2.023456174,0.550276357,-0.370026203,0.243561139,-0.083202021,0.009724037,0.002445013
1.630000000,-2.226500728,-1.938280145,0.553299898,-0.380957623,-1.981267277,-2.024514451,0.564653036,-0.378412687,0.245233451,-0.086234306,0.011353138,0.002544936
1.660000000,-2.226988665,-1.936283067,0.566469117,-0.389460123,-1.980086887,-2.025533210,0.579089642,-0.386796776,0.246901779,-0.089250143,0.012620525,0.002663346
1.700000000,-2.227554571,-1.933577398,0.586694790,-0.400120892,-1.978425218,-2.026806383,0.598410027,-0.397964730,0.249129353,-0.093228986,0.011715237,0.002156162
1.730000000,-2.227916497,-1.931510221,0.601520827,-0.407682286,-1.977107277,-2.027684945,0.612944310,-0.406328281,0.250809219,-0.096174724,0.011423484,0.001354005
1.760000000,-2.228233599,-1.929419866,0.614964159,-0.416177286,-1.975726949,-2.028482412,0.627522947,-0.414697592,0.252506650,-0.099062546,0.012558788,0.001479694
1.800000000,-2.228576225,-1.926589353,0.633456836,-0.428519973,-1.973812712,-2.029449113,0.647012908,-0.425878185,0.254763513,-0.102859760,0.013556072,0.002641787
1.830000000,-2.228777168,-1.924426876,0.647984781,-0.437392237,-1.972319193,-2.030116880,0.661669612,-0.434265144,0.256457975,-0.105690004,0.013684831,0.003127093
1.860000000,-2.228922622,-1.922242299,0.661498253,-0.445727237,-1.970768526,-2.030743796,0.676359506,-0.442645317,0.258154096,-0.108501497,0.014861253,0.003081920
1.900000000,-2.229029954,-1.919307620,0.684365737,-0.457658111,-1.968642548,-2.031536290,0.695990543,-0.453823135,0.260387405,-0.112228670,0.011624806,0.003834976
1.930000000,-2.229040901,-1.917084513,0.695167968,-0.465178716,-1.967014831,-2.032103268,0.710744102,-0.462213220,0.262026070,-0.115018755,0.015576134,0.002965496
1.960000000,-2.228983969,-1.914832482,0.708726867,-0.473361216,-1.965353051,-2.032653062,0.725526679,-0.470604180,0.263630918,-0.117820580,0.016799811,0.002757035
2.000000000,-2.145844566,-1.980160857,0.728064679,-0.484216173,-1.963085831,-2.033377254,0.745273301,-0.481788539,0.182758735,-0.053216397,0.017208622,0.002427634
2.030000000,-2.144614228,-1.978692906,0.742012973,-0.493021471,-1.961352551,-2.033917098,0.760107956,-0.490176408,0.183261677,-0.055224191,0.018094983,0.002845063
2.060000000,-2.143313689,-1.977182837,0.755581154,-0.501491471,-1.959598989,-2.034453765,0.774966277,-0.498565700,0.183714700,-0.057270928,0.019385123,0.002925771
2.100000000,-2.141490475,-1.975125141,0.774872267,-0.512670489,-1.957239162,-2.035168919,0.794802519,-0.509752100,0.184251313,-0.060043778,0.019930252,0.002918389
2.130000000,-2.140067096,-1.973560157,0.791744444,-0.521499607,-1.955451406,-2.035707952,0.809698461,-0.518141274,0.184615690,-0.062147795,0.017954017,0.003358333
2.160000000,-2.138597276,-1.971985511,0.805520440,-0.529969607,-1.953649692,-2.036248034,0.824611173,-0.526532034,0.184947584,-0.064262524,0.019090733,0.003437573
2.200000000,-2.136545574,-1.969860871,0.832311631,-0.540230893,-1.951240236,-2.036963607,0.844518100,-0.537721500,0.185305338,-0.067102737,0.012206469,0.002509393
2.230000000,-2.134947057,-1.968254491,0.847472917,-0.547276913,-1.949429046,-2.037497732,0.859462701,-0.546114527,0.185518011,-0.069243241,0.011989784,0.001162386
2.260000000,-2.133298432,-1.966630260,0.861815783,-0.555769413,-1.947609228,-2.038035593,0.874423562,-0.554507801,0.185689203,-0.071405333,0.012607779,0.001261612
2.300000000,-2.131026142,-1.964430168,0.876911080,-0.567503473,-1.945174306,-2.038762271,0.894387622,-0.565698800,0.185851835,-0.074332102,0.017476542,0.001804673
2.330000000,-2.129267063,-1.962770834,0.896628217,-0.575104842,-1.943350709,-2.039313130,0.909374951,-0.574092015,0.185916353,-0.076542296,0.012746734,0.001012828
2.360000000,-2.127443947,-1.961091597,0.910976162,-0.583519842,-1.941536287,-2.039870382,0.924372887,-0.582484482,0.185907660,-0.078778785,0.013396725,0.001035361
2.400000000,-2.124924233,-1.958828795,0.931090816,-0.595358993,-1.939125041,-2.040630230,0.944386815,-0.593674472,0.185799192,-0.081801435,0.013295999,0.001684521
2.430000000,-2.122980255,-1.957106203,0.947363244,-0.603110448,-1.937320964,-2.041216884,0.959407232,-0.602068512,0.185659291,-0.084110681,0.012043988,0.001041935
2.460000000,-2.120979249,-1.955362431,0.961796459,-0.611512948,-1.935528344,-2.041818635,0.974438283,-0.610462849,0.185450904,-0.086456204,0.012641825,0.001050098
2.500000000,-2.152772522,-1.927878552,0.982221839,-0.622151228,-1.933163704,-2.042637564,0.994491988,-0.621652505,0.219608818,-0.114759011,0.012270148,0.000498723
2.530000000,-2.151057457,-1.925793042,0.995662336,-0.629321430,-1.931408162,-2.043266964,1.009540943,-0.630043814,0.219649296,-0.117473922,0.013878607,-0.000722383
2.560000000,-2.149280538,-1.923678924,1.009935077,-0.637766430,-1.929666031,-2.043916854,1.024598136,-0.638437248,0.219614507,-0.120237929,0.014663059,-0.000670818
2.600000000,-2.146838418,-1.920839208,1.031708511,-0.649745022,-1.927364891,-2.044810132,1.044682321,-0.649630167,0.219473526,-0.123970925,0.012973810,0.000114855
2.630000000,-2.144953523,-1.918701319,1.042528223,-0.658504843,-1.925660679,-2.045497140,1.059752231,-0.658023310,0.219292844,-0.126795822,0.017224008,0.000481532
2.660000000,-2.143016718,-1.916545671,1.056571384,-0.666844843,-1.923978006,-2.046202232,1.074827110,-0.666415007,0.219038712,-0.129656562,0.018255726,0.000429835
2.700000000,-2.140358446,-1.913654197,1.076550183,-0.677862616,-1.921756585,-2.047172893,1.094935878,-0.677606570,0.218601861,-0.133518696,0.018385695,0.000256046
2.730000000,-2.138305958,-1.911484162,1.097794287,-0.685741866,-1.920107867,-2.047923978,1.110021471,-0.686002322,0.218198091,-0.136439815,0.012227184,-0.000260457
2.760000000,-2.136184889,-1.909315605,1.112317502,-0.694431866,-1.918483396,-2.048693505,1.125113525,-0.694396340,0.217701493,-0.139377900,0.012796023,0.000035526
2.800000000,-2.133250652,-1.906415305,1.136718592,-0.705156626,-1.916352794,-2.049742627,1.145240810,-0.705584872,0.216897858,-0.143327322,0.008522217,-0.000428246
2.830000000,-2.130975580,-1.904234290,1.150062732,-0.714516431,-1.914777237,-2.050550710,1.160341919,-0.713976935,0.216198343,-0.146316420,0.010279187,0.000539496
2.860000000,-2.128644888,-1.902043206,1.164708857,-0.722818931,-1.913221678,-2.051382575,1.175445904,-0.722371880,0.215423209,-0.149339369,0.010737047,0.000447051
2.900000000,-2.125436870,-1.899117831,1.185902793,-0.732683912,-1.911181603,-2.052517673,1.195590712,-0.733564767,0.214255267,-0.153399842,0.009687919,-0.000880854
2.930000000,-2.122940231,-1.896924094,1.198319297,-0.740643820,-1.909681134,-2.053385040,1.210702348,-0.741956594,0.213259098,-0.156460946,0.012383051,-0.001312774
2.960000000,-2.120374964,-1.894713743,1.212790475,-0.749076320,-1.908207508,-2.054271154,1.225817679,-0.750348042,0.212167455,-0.159557411,0.013027204,-0.001271722
3.000000000,-2.104876436,-1.934856754,1.233180301,-0.760288454,-1.906273012,-2.055482970,1.245975718,-0.761540877,0.198603425,-0.120626215,0.012795417,-0.001252423
3.030000000,-2.101990652,-1.933171764,1.247849349,-0.768581067,-1.904847364,-2.056412393,1.261096727,-0.769936529,0.197143288,-0.123240629,0.013247378,-0.001355462
3.060000000,-2.099040344,-1.931483319,1.260848170,-0.776983567,-1.903452766,-2.057356894,1.276220956,-0.778328803,0.195587578,-0.125873576,0.015372785,-0.001345236
3.100000000,-2.095001539,-1.929217909,1.276569673,-0.788019957,-1.901633497,-2.058634809,1.296388226,-0.789516689,0.193368042,-0.129416900,0.019818554,-0.001496732
3.130000000,-2.091900725,-1.927511765,1.290686975,-0.796474218,-1.900294072,-2.059607241,1.311515600,-0.797909082,0.191606653,-0.132095476,0.020828625,-0.001434864
3.160000000,-2.088754941,-1.925798998,1.307866147,-0.805031718,-1.898976885,-2.060587891,1.326643553,-0.806304744,0.189778057,-0.134788893,0.018777406,-0.001273026
3.200000000,-2.084468995,-1.923511696,1.322965686,-0.815662351,-1.897251871,-2.061894130,1.346816945,-0.817497941,0.187217124,-0.138382434,0.023851259,-0.001835590
3.230000000,-2.081180000,-1.921803576,1.337076113,-0.823074475,-1.895980227,-2.062870367,1.361946926,-0.825892301,0.185199773,-0.141066791,0.024870813,-0.002817826
3.260000000,-2.077825959,-1.920102208,1.359741695,-0.831379475,-1.894726454,-2.063847275,1.377079316,-0.834287834,0.183099506,-0.143745067,0.017337621,-0.002908359
3.300000000,-2.073264804,-1.917822391,1.369162297,-0.841919360,-1.893079504,-2.065153366,1.397255817,-0.845482480,0.180185300,-0.147330975,0.028093520,-0.003563121
3.330000000,-2.069760959,-1.916095837,1.383445546,-0.850363474,-1.891868526,-2.066132689,1.412390161,-0.853877580,0.177892433,-0.150036852,0.028944615,-0.003514105
3.360000000,-2.066189314,-1.914372519,1.395097785,-0.859003474,-1.890686689,-2.067110367,1.427524271,-0.862270896,0.175502625,-0.152737848,0.032426486,-0.003267422
3.400000000,-2.061325294,-1.912067654,1.414567189,-0.870162625,-1.889147994,-2.068418835,1.447705069,-0.873461783,0.172177300,-0.156351180,0.033137880,-0.003299158
3.430000000,-2.057602254,-1.910356848,1.427865596,-0.878765546,-1.888020721,-2.069407829,1.462840921,-0.881856822,0.169581534,-0.159050981,0.034975325,-0.003091276
3.460000000,-2.053807486,-1.908645922,1.456865690,-0.887150546,-1.886924391,-2.070402294,1.477977584,-0.890252202,0.166883095,-0.161756372,0.021111895,-0.003101656
3.500000000,-2.046599042,-2.046002554,1.477390967,-0.898433470,-1.885510637,-2.071730667,1.498160547,-0.901442587,0.161088405,-0.025728112,0.020769581,-0.003009118
3.530000000,-2.042619783,-2.046122280,1.490766073,-0.907841599,-1.884486040,-2.072731016,1.513297861,-0.909835289,0.158133743,-0.026608736,0.022531788,-0.001993690
3.560000000,-2.038578689,-2.046247223,1.506983850,-0.916281599,-1.883494471,-2.073740580,1.528440429,-0.918234926,0.155084217,-0.027493357,0.021456579,-0.001953327
3.600000000,-2.033096707,-2.046407376,1.531104141,-0.926663316,-1.882217107,-2.075088874,1.548637174,-0.929435984,0.150879599,-0.028681498,0.017533033,-0.002772668
3.630000000,-2.028912551,-2.046528343,1.545544187,-0.935782602,-1.881292181,-2.076083168,1.563792454,-0.937835446,0.147620370,-0.029554825,0.018248267,-0.002052843
3.660000000,-2.024669390,-2.046662230,1.562266509,-0.944382602,-1.880389224,-2.077041427,1.578954574,-0.946230667,0.144280166,-0.030379197,0.016688064,-0.001848065
3.700000000,-2.018955706,-2.046855150,1.586368978,-0.955130998,-1.879187711,-2.078264667,1.599182539,-0.957421996,0.139767995,-0.031409516,0.012813561,-0.002290999
3.730000000,-2.014609853,-2.047001375,1.601768098,-0.963676863,-1.878277282,-2.079140906,1.614358240,-0.965809623,0.136332571,-0.032139531,0.012590142,-0.002132761
3.760000000,-2.010193877,-2.047138060,1.614068114,-0.972026863,-1.877360499,-2.079968736,1.629538917,-0.974193548,0.132833378,-0.032830676,0.015470803,-0.002166685
3.800000000,-2.004197138,-2.047333558,1.641471482,-0.982941921,-1.876143280,-2.081000303,1.649785907,-0.985378321,0.128053858,-0.033666745,0.008314425,-0.002436399
3.830000000,-1.999630300,-2.047473503,1.657343410,-0.991438084,-1.875238031,-2.081726307,1.664974824,-0.993769989,0.124392268,-0.034252803,0.007631414,-0.002331905
3.860000000,-1.995003255,-2.047611329,1.669963435,-0.999978084,-1.874341815,-2.082417614,1.680168779,-1.002160679,0.120661440,-0.034806285,0.010205344,-0.002182595
3.900000000,-1.988743375,-2.047799078,1.694372468,-1.011865485,-1.873169625,-2.083294757,1.700429909,-1.013349337,0.115573750,-0.035495679,0.006057441,-0.001483852
3.930000000,-1.983976444,-2.047935108,1.709784553,-1.020318032,-1.872317901,-2.083912803,1.715630645,-1.021741952,0.111658543,-0.035977695,0.005846091,-0.001423921
3.960000000,-1.979138543,-2.048089639,1.718267441,-1.028675532,-1.871499281,-2.084491835,1.730832338,-1.030133661,0.107639262,-0.036402195,0.012564897,-0.001458129
4.000000000,-1.924592392,-2.023203215,1.734496946,-1.039878687,-1.870449949,-2.085226779,1.751107650,-1.041323293,0.054142443,-0.062023563,0.016610705,-0.001444607
4.030000000,-1.918980670,-2.023026903,1.749928778,-1.047450900,-1.869696321,-2.085754197,1.766314903,-1.049719020,0.049284349,-0.062727294,0.016386126,-0.002268120
4.060000000,-1.913298142,-2.022877202,1.767977924,-1.055840900,-1.868985102,-2.086250691,1.781526961,-1.058118834,0.044313040,-0.063373489,0.013549037,-0.002277935
4.100000000,-1.905624471,-2.022692033,1.792722279,-1.067990122,-1.868105931,-2.086869792,1.801811598,-1.069313194,0.037518540,-0.064177758,0.009089319,-0.001323071
4.130000000,-1.899796189,-2.022561052,1.806656156,-1.077897372,-1.867504524,-2.087314894,1.817029080,-1.077709440,0.032291666,-0.064753841,0.010372924,0.000187932
4.160000000,-1.893909017,-2.022454005,1.818964405,-1.086507372,-1.866972675,-2.087757325,1.832250463,-1.086113244,0.026936342,-0.065303320,0.013286058,0.000394128
4.200000000,-1.885951023,-2.022352756,1.834868761,-1.097465703,-1.866381763,-2.088344757,1.852551005,-1.097320422,0.019569260,-0.065992001,0.017682244,0.000145281
4.230000000,-1.879913267,-2.022312350,1.850267016,-1.105193138,-1.866040673,-2.088778751,1.867779211,-1.105713036,0.013872594,-0.066466401,0.017512195,-0.000519898
4.260000000,-1.873813883,-2.022301909,1.865057799,-1.113635638,-1.865804815,-2.089211066,1.883008317,-1.114095843,0.008009068,-0.066909157,0.017950517,-0.000460205
4.300000000,-1.865594237,-2.022308778,1.885857456,-1.124793531,-1.865624311,-2.089798345,1.903317634,-1.125288813,-0.000030074,-0.067489567,0.017460179,-0.000495282
4.330000000,-1.859374617,-2.022339816,1.900551019,-1.132302505,-1.865588599,-2.090244428,1.918549436,-1.133694629,-0.006213982,-0.067904612,0.017998417,-0.001392124
4.360000000,-1.853091727,-2.022396085,1.922932417,-1.140525005,-1.865655828,-2.090683222,1.933784715,-1.142090450,-0.012564102,-0.068287138,0.010852298,-0.001565445
4.400000000,-1.844640090,-2.022512104,1.950066058,-1.151030169,-1.865880829,-2.091255105,1.954096909,-1.153269212,-0.021240738,-0.068743000,0.004030851,-0.002239043
4.430000000,-1.838231993,-2.022602511,1.965165376,-1.159098060,-1.866145704,-2.091682531,1.969333964,-1.161658722,-0.027913712,-0.069080020,0.004168588,-0.002560661
4.460000000,-1.831768643,-2.022708815,1.978249405,-1.167455560,-1.866504290,-2.092112306,1.984569391,-1.170061198,-0.034735647,-0.069403492,0.006319987,-0.002605638
4.500000000,-1.868762530,-2.019044100,1.991253210,-1.178206451,-1.867113618,-2.092674326,2.004886435,-1.181259080,0.001648913,-0.073630226,0.013633225,-0.003052629
4.530000000,-1.862815395,-2.019138094,2.005666286,-1.186210538,-1.867671440,-2.093081115,2.020123493,-1.189644455,-0.004856045,-0.073943020,0.014457207,-0.003433917
4.560000000,-1.856821458,-2.019241670,2.022707900,-1.194503038,-1.868326236,-2.093480094,2.035362175,-1.198033075,-0.011504779,-0.074238423,0.012654276,-0.003530037
4.600000000,-1.848750597,-2.019402775,2.044824685,-1.205549090,-1.869319199,-2.094010050,2.055680422,-1.209237198,-0.020568602,-0.074607274,0.010855736,-0.003688108
4.630000000,-1.842611635,-2.019562869,2.059472452,-1.214346881,-1.870148689,-2.094397325,2.070919541,-1.217645212,-0.027537054,-0.074834456,0.011447089,-0.003298331
4.660000000,-1.836404545,-2.019751610,2.074798053,-1.222799381,-1.871055013,-2.094759090,2.086160438,-1.226043104,-0.034650468,-0.075007481,0.011362385,-0.003243724
4.700000000,-1.828044537,-2.020043534,2.098846543,-1.233857003,-1.872348613,-2.095207174,2.106482219,-1.237233080,-0.044304076,-0.075163640,0.007635676,-0.003376077
4.730000000,-1.821703138,-2.020280920,2.114326976,-1.242818964,-1.873372789,-2.095525177,2.121725778,-1.245631212,-0.051669651,-0.075244257,0.007398802,-0.002812247
4.760000000,-1.815303204,-2.020559867,2.130870656,-1.251131464,-1.874448224,-2.095823829,2.136968085,-1.254032339,-0.059145020,-0.075263962,0.006097429,-0.002900874
4.800000000,-1.806667053,-2.020984039,2.147164132,-1.262998279,-1.875956777,-2.096181310,2.157294579,-1.265225424,-0.069289724,-0.075197271,0.010130447,-0.002227145
4.830000000,-1.800102704,-2.021332279,2.162087463,-1.270182009,-1.877146759,-2.096417914,2.172537958,-1.273613393,-0.077044055,-0.075085635,0.010450495,-0.003431384
4.860000000,-1.793478098,-2.021696577,2.173691014,-1.278589509,-1.878394834,-2.096634894,2.187784115,-1.282004825,-0.084916736,-0.074938317,0.014093101,-0.003415317
4.900000000,-1.784547960,-2.022208489,2.182488179,-1.289543920,-1.880138439,-2.096904866,2.208110437,-1.293204893,-0.095590479,-0.074696377,0.025622258,-0.003660973
4.930000000,-1.777759847,-2.022628709,2.196577407,-1.297208204,-1.881510524,-2.097084692,2.223357023,-1.301603806,-0.103750677,-0.074455983,0.026779616,-0.004395602
4.960000000,-1.770896931,-2.023086749,2.214641852,-1.305845704,-1.882951307,-2.097235048,2.238601953,-1.309992262,-0.112054376,-0.074148299,0.023960102,-0.004146558
5.000000000,-1.792760473,-2.038231939,2.244801119,-1.317406790,-1.884963545,-2.097408544,2.258929264,-1.321176032,-0.092203072,-0.059176604,0.014128145,-0.003769242
5.030000000,-1.786216544,-2.038986254,2.259982517,-1.326041359,-1.886540650,-2.097527142,2.274174050,-1.329573261,-0.100324106,-0.058540888,0.014191533,-0.003531901
5.060000000,-1.779620235,-2.039780798,2.274025496,-1.334563859,-1.888189059,-2.097629325,2.289417877,-1.337971478,-0.108568824,-0.057848527,0.015392381,-0.003407618
5.100000000,-1.770734202,-2.040900822,2.291806834,-1.345930837,-1.890485416,-2.097729075,2.309743027,-1.349155179,-0.119751214,-0.056828253,0.017936192,-0.003224342
5.130000000,-1.763996589,-2.041762233,2.306559838,-1.354216055,-1.892277795,-2.097777684,2.324984979,-1.357535360,-0.128281206,-0.056015451,0.018425140,-0.003319305
5.160000000,-1.757189460,-2.042641549,2.322738549,-1.362468555,-1.894131853,-2.097809524,2.340227868,-1.365922110,-0.136942393,-0.055167975,0.017489319,-0.003453555
5.200000000,-1.748029009,-2.043851426,2.341604618,-1.373787069,-1.896679250,-2.097827368,2.360548232,-1.377114233,-0.148650241,-0.053975942,0.018943614,-0.003327164
5.230000000,-1.741108405,-2.044803351,2.351674706,-1.382211057,-1.898646050,-2.097812263,2.375789382,-1.385504389,-0.157537645,-0.053008912,0.024114675,-0.003293331
5.260000000,-1.734132928,-2.045795683,2.365655001,-1.390628557,-1.900669976,-2.097765778,2.391027150,-1.393888355,-0.166537048,-0.051970096,0.025372149,-0.003259798
5.300000000,-1.724733901,-2.047162908,2.391097217,-1.402237050,-1.903445601,-2.097676697,2.411345168,-1.405072932,-0.178711700,-0.050513789,0.020247951,-0.002835882
5.330000000,-1.717612826,-2.048211142,2.405210584,-1.410245306,-1.905587342,-2.097594804,2.426581008,-1.413470663,-0.187974516,-0.049383662,0.021370424,-0.003225356
5.360000000,-1.710439582,-2.049288837,2.418481316,-1.418727806,-1.907794429,-2.097489909,2.441817299,-1.421867397,-0.197354847,-0.048201073,0.023335984,-0.003139591
5.400000000,-1.700782156,-2.050796771,2.446452575,-1.430753881,-1.910830386,-2.097311018,2.462129577,-1.433048828,-0.210048231,-0.046514247,0.015677002,-0.002294947
5.430000000,-1.693466793,-2.051964626,2.460902010,-1.440168680,-1.913178685,-2.097154449,2.477363069,-1.441432599,-0.219711892,-0.045189823,0.016461059,-0.001263919
5.460000000,-1.686094377,-2.053170767,2.485673117,-1.448661180,-1.915599353,-2.096985359,2.492595359,-1.449827818,-0.229504975,-0.043814592,0.006922242,-0.001166638
5.500000000,-1.782078183,-2.046167166,2.502749896,-1.459925931,-1.918927541,-2.096736575,2.512902805,-1.461027317,-0.136849358,-0.050569410,0.010152910,-0.001101386
5.530000000,-1.776067801,-2.047364267,2.517139508,-1.468521905,-1.921502669,-2.096523738,2.528132727,-1.469418376,-0.145434868,-0.049159471,0.010993219,-0.000896470
5.560000000,-1.770003922,-2.048587442,2.534806018,-1.476936905,-1.924159510,-2.096287012,2.543362644,-1.477809916,-0.154155589,-0.047699570,0.008556626,-0.000873011
5.600000000,-1.761838013,-2.050289719,2.560292736,-1.487861384,-1.927804627,-2.095952493,2.563671319,-1.489013037,-0.165966614,-0.045662774,0.003378582,-0.001151653
5.630000000,-1.755663345,-2.051620025,2.577648673,-1.496523035,-1.930601992,-2.095684945,2.578901224,-1.497425905,-0.174938647,-0.044064920,0.001252552,-0.000902870
5.660000000,-1.749440901,-2.052987880,2.593145604,-1.504905535,-1.933438927,-2.095386740,2.594135079,-1.505836756,-0.183998026,-0.042398860,0.000989476,-0.000931221
5.700000000,-1.741057234,-2.054871602,2.615392431,-1.514816156,-1.937241720,-2.094944145,2.614449167,-1.517042955,-0.196184486,-0.040072543,-0.000943264,-0.002226799
5.730000000,-1.734702737,-2.056328354,2.630863843,-1.523017759,-1.940095335,-2.094588212,2.629688624,-1.525448659,-0.205392598,-0.038259858,-0.001175219,-0.002430900
5.760000000,-1.728280551,-2.057833376,2.643808225,-1.531390259,-1.942945866,-2.094214292,2.644927502,-1.533851290,-0.214665315,-0.036380916,0.001119277,-0.002461031
5.800000000,-1.719626758,-2.059920584,2.658461611,-1.542816909,-1.946749039,-2.093679020,2.665249592,-1.545049377,-0.227122281,-0.033758436,0.006787981,-0.002232468
5.830000000,-1.713065777,-2.061528295,2.673444884,-1.551197957,-1.949610733,-2.093244156,2.680490857,-1.553444148,-0.236544955,-0.031715861,0.007045972,-0.002246191
5.860000000,-1.706456866,-2.063180234,2.686345028,-1.559850457,-1.952491156,-2.092784560,2.695733557,-1.561837276,-0.246034290,-0.029604327,0.009388529,-0.001986819
5.900000000,-1.697556629,-2.065457796,2.712390310,-1.570438408,-1.956368750,-2.092152013,2.716057118,-1.573035300,-0.258812121,-0.026694218,0.003666807,-0.002596893
5.930000000,-1.690812432,-2.067218777,2.727694274,-1.578897704,-1.959311871,-2.091658145,2.731299488,-1.581436788,-0.268499440,-0.024439368,0.003605214,-0.002539084
5.960000000,-1.684024319,-2.069036078,2.738974468,-1.587655204,-1.962297336,-2.091134189,2.746542445,-1.589830709,-0.278273017,-0.022098111,0.007567977,-0.002175505
6.000000000,-1.783831005,-2.017937160,2.749320300,-1.598562313,-1.966343529,-2.090400920,2.766863895,-1.601014653,-0.182512525,-0.072463761,0.017543595,-0.002452340
6.030000000,-1.778389744,-2.019119640,2.762521162,-1.606367083,-1.969433171,-2.089835650,2.782105759,-1.609408340,-0.191043426,-0.070716010,0.019584598,-0.003041257
6.060000000,-1.772886525,-2.020356026,2.776355411,-1.614744583,-1.972583788,-2.089255686,2.797348445,-1.617803778,-0.199697263,-0.068899660,0.020993034,-0.003059195
6.100000000,-1.765462216,-2.022077886,2.798810494,-1.625912480,-1.976863053,-2.088447660,2.817675831,-1.628988732,-0.211400838,-0.066369775,0.018865337,-0.003076252
6.130000000,-1.759828429,-2.023438678,2.813534641,-1.633465975,-1.980118414,-2.087813997,2.832919653,-1.637366222,-0.220289985,-0.064375319,0.019385013,-0.003900247
6.160000000,-1.754144965,-2.024847369,2.836156712,-1.641820975,-1.983395537,-2.087165337,2.848166258,-1.645740941,-0.229250572,-0.062317967,0.012009547,-0.003919966
6.200000000,-1.746486623,-2.026805459,2.852456896,-1.652820677,-1.987761813,-2.086290528,2.868494897,-1.656913332,-0.241275190,-0.059485069,0.016038000,-0.004092654
6.230000000,-1.740682244,-2.028336098,2.868012881,-1.661943441,-1.991020421,-2.085620703,2.883743359,-1.665292515,-0.250338177,-0.057284605,0.015730478,-0.003349074
6.260000000,-1.734829767,-2.029923521,2.882365053,-1.670518441,-1.994257832,-2.084930814,2.898991180,-1.673675963,-0.259428065,-0.055007293,0.016626126,-0.003157522
6.300000000,-1.726918450,-2.032107786,2.903937039,-1.682187218,-1.998553094,-2.083995790,2.919322701,-1.684859249,-0.271634644,-0.051888004,0.015385662,-0.002672031
6.330000000,-1.720915060,-2.033795154,2.918439812,-1.690863091,-2.001766896,-2.083291849,2.934571276,-1.693248835,-0.280851836,-0.049496695,0.016131464,-0.002385744
6.360000000,-1.714858507,-2.035539197,2.934575427,-1.699835591,-2.004982560,-2.082580816,2.949819309,-1.701640310,-0.290124054,-0.047041619,0.015243882,-0.001804720
6.400000000,-1.706689469,-2.037946540,2.947167548,-1.710223168,-2.009283938,-2.081609486,2.970150662,-1.712825372,-0.302594469,-0.043662946,0.022983114,-0.002602204
6.430000000,-1.700484563,-2.039815118,2.961589806,-1.717953187,-2.012528409,-2.080865705,2.985397380,-1.721210715,-0.312043846,-0.041050587,0.023807574,-0.003257528
6.460000000,-1.694234513,-2.041732262,2.985741371,-1.726558187,-2.015801354,-2.080117772,3.000645049,-1.729600045,-0.321566841,-0.038385510,0.014903677,-0.003041858
6.500000000,-1.838539546,-2.003169153,3.009175053,-1.736978523,-2.020213911,-2.079114597,3.020971330,-1.740794106,-0.181674365,-0.075945444,0.011796277,-0.003815584
6.530000000,-1.834289479,-2.004622779,3.019899400,-1.745328241,-2.023565023,-2.078347882,3.036216567,-1.749187042,-0.189275544,-0.073725103,0.016317167,-0.003858800
6.560000000,-1.829971847,-2.006115351,3.034342642,-1.753863241,-2.026964431,-2.077563075,3.051466816,-1.757579576,-0.196992584,-0.071447723,0.017124174,-0.003716335
6.600000000,-1.824147177,-2.008171360,3.053017469,-1.765458192,-2.031558961,-2.076506044,3.071806658,-1.768775340,-0.207411784,-0.068334684,0.018789189,-0.003317148
6.630000000,-1.819723235,-2.009769869,3.075209586,-1.774710632,-2.035033208,-2.075711399,3.087060809,-1.777180919,-0.215309974,-0.065941530,0.011851223,-0.002470286
6.660000000,-1.815262826,-2.011430719,3.090056618,-1.783190632,-2.038498470,-2.074911915,3.102319934,-1.785591677,-0.223235643,-0.063481196,0.012263316,-0.002401044
6.700000000,-1.809258744,-2.013732385,3.112308887,-1.794292791,-2.043057934,-2.073842623,3.122668950,-1.796808701,-0.233799190,-0.060110238,0.010360063,-0.002515909
6.730000000,-1.804698428,-2.015516680,3.127053908,-1.803200246,-2.046413527,-2.073051321,3.137933599,-1.805223100,-0.241715099,-0.057534641,0.010879691,-0.002022854
6.760000000,-1.800078137,-2.017340760,3.147497932,-1.811747746,-2.049698203,-2.072282873,3.153198491,-1.813624619,-0.249620066,-0.054942113,0.005700559,-0.001876873
6.800000000,-1.793852212,-2.019865751,3.162052193,-1.823092648,-2.053985318,-2.071280138,3.173552856,-1.824817134,-0.260133106,-0.051414388,0.011500664,-0.001724486
6.830000000,-1.789130974,-2.021822071,3.180953602,-1.831955445,-2.057137125,-2.070534783,3.188819339,-1.833216542,-0.268006152,-0.048712712,0.007865736,-0.001261096
6.860000000,-1.784358941,-2.023852865,3.195935723,-1.840392945,-2.060237995,-2.069797992,3.204085085,-1.841617410,-0.275879054,-0.045945127,0.008149362,-0.001224465
6.900000000,-1.777927017,-2.026663407,3.215779281,-1.851763253,-2.064324288,-2.068838814,3.224440745,-1.852812318,-0.286397272,-0.042175407,0.008661464,-0.001049065
6.930000000,-1.773040896,-2.028836687,3.230978766,-1.860529124,-2.067362236,-2.068134062,3.239705586,-1.861206814,-0.294321340,-0.039297375,0.008726820,-0.000677690
6.960000000,-1.768102182,-2.031081355,3.245800121,-1.868979124,-2.070380779,-2.067431031,3.254972071,-1.869602806,-0.302278597,-0.036349676,0.009171950,-0.000623682
7.000000000,-1.902160001,-2.032539372,3.268362805,-1.881191463,-2.074392822,-2.066492362,3.275323742,-1.880795265,-0.172232821,-0.033952989,0.006960937,0.000396199
7.030000000,-1.899065879,-2.034887350,3.282978723,-1.889816779,-2.077403997,-2.065795228,3.290588546,-1.889189296,-0.178338118,-0.030907878,0.007609824,0.000627483
7.060000000,-1.895929367,-2.037293725,3.286984984,-1.898224279,-2.080428438,-2.065107432,3.305857310,-1.897583071,-0.184499071,-0.027813707,0.018872326,0.000641208
7.100000000,-1.891684425,-2.040584992,3.308437722,-1.909313697,-2.084474907,-2.064186822,3.326222516,-1.908774835,-0.192790483,-0.023601830,0.017784794,0.000538861
7.130000000,-1.888454745,-2.043126047,3.323462420,-1.916711837,-2.087505061,-2.063487389,3.341497633,-1.917164891,-0.199050316,-0.020361341,0.018035212,-0.000453053
7.160000000,-1.885178778,-2.045724640,3.335377804,-1.925224337,-2.090507214,-2.062791103,3.356774385,-1.925548504,-0.205328435,-0.017066463,0.021396581,-0.000324167
7.200000000,-1.880766243,-2.049275454,3.355441277,-1.937234265,-2.094443634,-2.061891848,3.377144355,-1.936719765,-0.213677391,-0.012616394,0.021703078,0.000514499
7.230000000,-1.877401460,-2.052010905,3.374189025,-1.945891084,-2.097330716,-2.061242271,3.392420006,-1.945092766,-0.219929256,-0.009231366,0.018230980,0.000798318
7.260000000,-1.873991925,-2.054821888,3.388539948,-1.954088584,-2.100141751,-2.060609377,3.407696692,-1.953473485,-0.226149826,-0.005787489,0.019156744,0.000615099
7.300000000,-1.869387998,-2.058668591,3.411596084,-1.965440456,-2.103791818,-2.059786898,3.428062458,-1.964662564,-0.234403819,-0.001118307,0.016466374,0.000777892
7.330000000,-1.865898168,-2.061634667,3.426719583,-1.973057471,-2.106465910,-2.059192911,3.443337976,-1.973052781,-0.240567742,0.002441755,0.016618393,0.000004690
7.360000000,-1.862354473,-2.064666486,3.437241145,-1.981534971,-2.109087320,-2.058621122,3.458610396,-1.981437770,-0.246732847,0.006045364,0.021369252,0.000097201
7.400000000,-1.857569998,-2.068816133,3.459147968,-1.993255838,-2.112520005,-2.057869434,3.478974805,-1.992622975,-0.254950008,0.010946699,0.019826837,0.000632863
7.430000000,-1.853932910,-2.072000043,3.481174543,-2.001530785,-2.115054285,-2.057305434,3.494245400,-2.001016417,-0.261121375,0.014694609,0.013070857,0.000514368
7.460000000,-1.850254786,-2.075249223,3.496010917,-2.010080785,-2.117562212,-2.056744811,3.509516446,-2.009408876,-0.267307427,0.018504412,0.013505529,0.000671909
7.500000000,-2.008154211,-1.973481007,3.518610327,-2.020779982,-2.120889036,-2.056004447,3.529875446,-2.020598502,-0.112734825,-0.082523441,0.011265119,0.000181480
7.530000000,-2.006645477,-1.975428290,3.530963653,-2.029469177,-2.123377430,-2.055444425,3.545144092,-2.028991485,-0.116731953,-0.080016135,0.014180439,0.000477693
7.560000000,-2.005100565,-1.977447636,3.545658725,-2.038081677,-2.125864027,-2.054866076,3.560423631,-2.037384511,-0.120763462,-0.077418440,0.014764906,0.000697167
7.600000000,-2.003013742,-1.980227778,3.556246901,-2.049311331,-2.129175783,-2.054076478,3.580805139,-2.048572806,-0.126162041,-0.073848700,0.024558239,0.000738526
7.630000000,-2.001417378,-1.982376414,3.573613532,-2.058035455,-2.131640172,-2.053485732,3.596092908,-2.056961821,-0.130222794,-0.071109318,0.022479375,0.001073634
7.660000000,-1.999796840,-1.984580464,3.587813464,-2.066757955,-2.134045145,-2.052911717,3.611384800,-2.065354273,-0.134248305,-0.068331253,0.023571336,0.001403682
7.700000000,-1.997593380,-1.987609704,3.611566208,-2.078464621,-2.137112257,-2.052184713,3.631774622,-2.076559088,-0.139518877,-0.064575010,0.020208414,0.001905533
7.730000000,-1.995909116,-1.989948373,3.629275725,-2.087528062,-2.139281825,-2.051683510,3.647062752,-2.084975151,-0.143372709,-0.061735137,0.017787027,0.002552911
7.760000000,-1.994195053,-1.992338403,3.643909725,-2.096160562,-2.141307128,-2.051245450,3.662348787,-2.093379064,-0.147112076,-0.058907047,0.018439062,0.002781498
7.800000000,-1.991846145,-1.995611954,3.660245544,-2.107114240,-2.143807515,-2.050751104,3.682723273,-2.104557113,-0.151961370,-0.055139150,0.022477730,0.002557128
7.830000000,-1.990049379,-1.998135766,3.673411860,-2.115334248,-2.145529477,-2.050439754,3.698001843,-2.112946207,-0.155480098,-0.052303988,0.024589982,0.002388040
7.860000000,-1.988227488,-2.000722929,3.686162657,-2.123534248,-2.147101525,-2.050181688,3.713274324,-2.121354357,-0.158874037,-0.049458760,0.027111667,0.002179891
7.900000000,-1.985755989,-2.004282007,3.706933283,-2.134379856,-2.149014147,-2.049913800,3.733634396,-2.132556964,-0.163258157,-0.045631793,0.026701113,0.001822893
7.930000000,-1.983871134,-2.007037631,3.720963384,-2.142348126,-2.150321062,-2.049770350,3.748899604,-2.140941320,-0.166449928,-0.042732719,0.027936220,0.001406806
7.960000000,-1.981969969,-2.009859550,3.748680171,-2.150715626,-2.151505623,-2.049673211,3.764162492,-2.149326848,-0.169535653,-0.039813661,0.015482321,0.001388778
8.000000000,-2.122389928,-2.104085520,3.774311088,-2.161171352,-2.152929556,-2.049590056,3.784508185,-2.160527139,-0.030539628,0.054495463,0.010197097,0.000644213
8.030000000,-2.122424454,-2.108310432,3.789099566,-2.169840566,-2.153892397,-2.049561649,3.799764669,-2.168931319,-0.031467943,0.058748783,0.010665103,0.000909247
8.060000000,-2.122432695,-2.112581630,3.798005619,-2.178595566,-2.154765444,-2.049568373,3.815022527,-2.177322290,-0.032332750,0.063013257,0.017016908,0.001273276
8.100000000,-2.122422807,-2.118370060,3.818034925,-2.189268332,-2.155812836,-2.049608166,3.835368073,-2.188497816,-0.033390028,0.068761894,0.017333147,0.000770515
8.130000000,-2.122411957,-2.122793239,3.831577210,-2.197326648,-2.156501964,-2.049645149,3.850632749,-2.196889680,-0.034090007,0.073148090,0.019055539,0.000436969
8.160000000,-2.122395740,-2.127272124,3.846143552,-2.205914148,-2.157087818,-2.049683991,3.865897357,-2.205291383,-0.034692078,0.077588132,0.019753805,0.000622765
8.200000000,-2.122364614,-2.133352836,3.865592648,-2.217917840,-2.157734641,-2.049751100,3.886256854,-2.216480999,-0.035370027,0.083601736,0.020664206,0.001436841
8.230000000,-2.122333420,-2.138008757,3.879874602,-2.225568845,-2.158118893,-2.049814473,3.901526401,-2.224857166,-0.035785473,0.088194284,0.021651799,0.000711679
8.260000000,-2.122283856,-2.142731627,3.894311008,-2.234233845,-2.158393870,-2.049876382,3.916799709,-2.233236696,-0.036110014,0.092855245,0.022488701,0.000997149
8.300000000,-2.122183921,-2.149119810,3.913695588,-2.244764733,-2.158610102,-2.049938540,3.937163708,-2.244429361,-0.036426181,0.099181269,0.023468120,0.000335372
8.330000000,-2.122086488,-2.153991497,3.928300554,-2.252292448,-2.158667701,-2.049969166,3.952438569,-2.252825800,-0.036581213,0.104022331,0.024138015,-0.000533353
8.360000000,-2.121974670,-2.158926863,3.942631218,-2.260767448,-2.158632480,-2.049983027,3.967714059,-2.261211136,-0.036657810,0.108943836,0.025082842,-0.000443688
8.400000000,-2.121836418,-2.165609951,3.962485757,-2.271984182,-2.158462619,-2.049957386,3.988082207,-2.272391307,-0.036626202,0.115652564,0.025596450,-0.000407125
8.430000000,-2.121743544,-2.170695083,3.976203587,-2.280411289,-2.158240984,-2.049886904,4.003359644,-2.280784470,-0.036497440,0.120808179,0.027156057,-0.000373182
8.460000000,-2.121640466,-2.175838676,3.990389026,-2.289463789,-2.157933817,-2.049756184,4.018636057,-2.289179854,-0.036293352,0.126082492,0.028247031,0.000283935
8.500000000,-2.168404513,-2.109492652,4.017866569,-2.301251742,-2.157431305,-2.049499545,4.039007390,-2.300371051,0.010973208,0.059993107,0.021140821,0.000880692
8.530000000,-2.168951293,-2.113737531,4.032705932,-2.309593232,-2.156990364,-2.049234958,4.054284075,-2.308764051,0.011960929,0.064502573,0.021578143,0.000829180
8.560000000,-2.169492684,-2.118054566,4.047178064,-2.318183232,-2.156482341,-2.048876938,4.069563358,-2.317151228,0.013010343,0.069177628,0.022385294,0.001032004
8.600000000,-2.170206569,-2.123908020,4.074063148,-2.330556011,-2.155715035,-2.048263332,4.089932358,-2.328328939,0.014491534,0.075644688,0.015869210,0.002227072
8.630000000,-2.170746904,-2.128361825,4.087256782,-2.339336802,-2.155074080,-2.047708803,4.105210339,-2.336710510,0.015672824,0.080653023,0.017953558,0.002626292
8.660000000,-2.171298015,-2.132884062,4.101866441,-2.347534302,-2.154359901,-2.047070033,4.120485823,-2.345095802,0.016938114,0.085814029,0.018619382,0.002438500
8.700000000,-2.172068287,-2.139022358,4.122168741,-2.358508917,-2.153280700,-2.046105829,4.140853836,-2.356278155,0.018787587,0.092916529,0.018685095,0.002230762
8.730000000,-2.172657188,-2.143721674,4.139581707,-2.365658690,-2.152360088,-2.045299144,4.156126683,-2.364668772,0.020297099,0.098422530,0.016544976,0.000989918
8.760000000,-2.173245957,-2.148491366,4.154191668,-2.373721190,-2.151324618,-2.044419626,4.171398237,-2.373060944,0.021921340,0.104071740,0.017206570,0.000660246
8.800000000,-2.174010194,-2.154936108,4.178348006,-2.385909970,-2.149792848,-2.043161249,4.191757324,-2.384244088,0.024217346,0.111774859,0.013409318,0.001665882
8.830000000,-2.174592135,-2.159864566,4.195591768,-2.393551115,-2.148524249,-2.042148190,4.207024152,-2.392629155,0.026067887,0.117716376,0.011432384,0.000921961
8.860000000,-2.175182900,-2.164861335,4.210328201,-2.402071115,-2.147126201,-2.041054153,4.222289360,-2.401020211,0.028056699,0.123807182,0.011961159,0.001050904
8.900000000,-2.176000739,-2.171624619,4.217172784,-2.412647772,-2.145094588,-2.039484726,4.242637081,-2.412211643,0.030906150,0.132139893,0.025464297,0.000436129
8.930000000,-2.176630534,-2.176775429,4.225768676,-2.421205828,-2.143455425,-2.038227264,4.257896846,-2.420603513,0.033175109,0.138548165,0.032128170,0.000602315
8.960000000,-2.177287531,-2.181997806,4.239651816,-2.429528328,-2.141704243,-2.036882891,4.273151782,-2.428995285,0.035583288,0.145114915,0.033499965,0.000533043
9.000000000,-2.238215052,-2.166126522,4.266286498,-2.441937999,-2.139211881,-2.034952961,4.293490886,-2.440185872,0.099003171,0.131173561,0.027204388,0.001752127
9.030000000,-2.239728240,-2.171188664,4.282515660,-2.449564931,-2.137225911,-2.033394164,4.308740042,-2.448578774,0.102502328,0.137794500,0.026224382,0.000986157
9.060000000,-2.241239326,-2.176318256,4.296619308,-2.457922431,-2.135135921,-2.031724346,4.323989820,-2.456975684,0.106103405,0.144593909,0.027370512,0.000946747
9.100000000,-2.243269851,-2.183275226,4.325045242,-2.468953549,-2.132216139,-2.029347447,4.344318981,-2.468178009,0.111053712,0.153927779,0.019273739,0.000775541
9.130000000,-2.244811745,-2.188566971,4.332824530,-2.476803496,-2.129914378,-2.027444294,4.359566632,-2.476580275,0.114897367,0.161122677,0.026742102,0.000223221
9.160000000,-2.246372375,-2.193912580,4.346902176,-2.485493496,-2.127486087,-2.025417264,4.374811176,-2.484976569,0.118886288,0.168495316,0.027909000,0.000516927
9.200000000,-2.248467311,-2.201125769,4.369097513,-2.496330042,-2.124080686,-2.022563568,4.395135722,-2.496169185,0.124386625,0.178562201,0.026038209,0.000160857
9.230000000,-2.250050831,-2.206609553,4.392245831,-2.504767127,-2.121403839,-2.020319567,4.410376921,-2.504564806,0.128646991,0.186289987,0.018131090,0.000202321
9.260000000,-2.251664607,-2.212163723,4.406570422,-2.512939627,-2.118594264,-2.017969995,4.425615570,-2.512960920,0.133070343,0.194193728,0.019045148,-0.000021293
9.300000000,-2.253857355,-2.219684079,4.433750281,-2.524167745,-2.114652833,-2.014685590,4.445931482,-2.524153636,0.139204522,0.204998489,0.012181201,0.000014110
9.330000000,-2.255515834,-2.225408963,4.460276966,-2.532281891,-2.111551769,-2.012108537,4.461163771,-2.532547254,0.143964065,0.213300426,0.000886805,-0.000265363
9.360000000,-2.257182190,-2.231205870,4.475119013,-2.540899391,-2.108317822,-2.009422067,4.476395501,-2.540942796,0.148864368,0.221783803,0.001276488,-0.000043405
9.400000000,-2.259444228,-2.239026053,4.496685273,-2.552644097,-2.103829981,-2.005686320,4.496697817,-2.552140867,0.155614247,0.233339732,0.000012544,0.000503230
9.430000000,-2.261162163,-2.244971538,4.507476719,-2.562035410,-2.100323186,-2.002756583,4.511923570,-2.560536792,0.160838977,0.242214955,0.004446851,0.001498618
9.460000000,-2.262903452,-2.250990675,4.522108552,-2.570267910,-2.096674032,-1.999690588,4.527141940,-2.568925128,0.166229420,0.251300087,0.005033388,0.001342782
9.500000000,-2.201246569,-2.162796132,4.536946270,-2.581700805,-2.091636743,-1.995422968,4.547427847,-2.580113478,0.109609826,0.167373165,0.010481577,0.001587327
9.530000000,-2.202155632,-2.167653676,4.559163178,-2.590932730,-2.087737248,-1.992085721,4.562627427,-2.588513975,0.114418384,0.175567955,0.003464249,0.002418755
9.560000000,-2.203101620,-2.172596541,4.573735731,-2.599345230,-2.083709304,-1.988600263,4.577793316,-2.596910200,0.119392316,0.183996278,0.004057585,0.002435030
9.600000000,-2.204431309,-2.179286421,4.580928415,-2.610467916,-2.078159850,-1.983746586,4.597924084,-2.608085443,0.126271460,0.195539836,0.016995669,0.002382473
9.630000000,-2.205445104,-2.184384720,4.606225389,-2.619949798,-2.073871959,-1.979959812,4.612933745,-2.616462954,0.131573145,0.204424908,0.006708356,0.003486844
9.660000000,-2.206480959,-2.189545881,4.620428610,-2.628504798,-2.069469090,-1.976042309,4.627833703,-2.624855433,0.137011869,0.213503572,0.007405094,0.003649365
9.700000000,-2.207923077,-2.196556669,4.643595360,-2.641058965,-2.063433286,-1.970653422,4.647523529,-2.636054858,0.144489791,0.225903246,0.003928169,0.005004107
9.730000000,-2.209064575,-2.201910792,4.655525189,-2.649008818,-2.058768095,-1.966488570,4.662138995,-2.644447824,0.150296480,0.235422222,0.006613806,0.004560994
9.760000000,-2.210240038,-2.207328396,4.669224941,-2.657688818,-2.053964762,-1.962208664,4.676566103,-2.652835508,0.156275276,0.245119732,0.007341162,0.004853311
9.800000000,-2.211837367,-2.214670907,4.690525280,-2.668549526,-2.047397528,-1.956366076,4.695523780,-2.664029120,0.164439838,0.258304831,0.004998500,0.004520405
9.830000000,-2.213073326,-2.220267832,4.694709879,-2.676632749,-2.042354646,-1.951885536,4.709521471,-2.672432807,0.170718680,0.268382296,0.014811592,0.004199942
9.860000000,-2.214363530,-2.225944962,4.707442503,-2.684942749,-2.037183506,-1.947299887,4.723285572,-2.680834512,0.177180024,0.278645075,0.015843069,0.004108236
9.900000000,-2.216129836,-2.233656217,4.734395495,-2.696465536,-2.030114201,-1.941040606,4.741291802,-2.692024209,0.186015635,0.292615611,0.006896307,0.004441328
9.930000000,-2.217475626,-2.239530630,4.759630157,-2.704985242,-2.024695378,-1.936241061,4.754544460,-2.700417155,0.192780248,0.303289569,-0.005085697,0.004568087
9.960000000,-2.218852783,-2.245468847,4.772158370,-2.713350242,-2.019174658,-1.931339547,4.767530136,-2.708823725,0.199678126,0.314129300,-0.004628234,0.004526517
10.000000000,-2.240917732,-2.211972619,4.786024453,-2.724562298,-2.011670587,-1.924659046,4.784451180,-2.720036489,0.229247145,0.287313573,-0.001573274,0.004525808
10.030000000,-2.242673622,-2.217511209,4.809767841,-2.732947614,-2.005928077,-1.919532379,4.796818029,-2.728433697,0.236745545,0.297978830,-0.012949812,0.004513917
10.060000000,-2.244479151,-2.223128068,4.821502548,-2.741510114,-2.000081234,-1.914288268,4.808847428,-2.736826835,0.244397917,0.308839800,-0.012655120,0.004683279
10.100000000,-2.246963038,-2.230752885,4.843081810,-2.752283354,-1.992169462,-1.907145430,4.824440601,-2.748038937,0.254793576,0.323607454,-0.018641209,0.004244418
10.130000000,-2.248878590,-2.236559443,4.858035374,-2.760782136,-1.986147065,-1.901677042,4.835792132,-2.756460674,0.262731525,0.334882401,-0.022243242,0.004321462
10.160000000,-2.250846758,-2.242436210,4.868929949,-2.769182136,-1.980019947,-1.896098747,4.846789113,-2.764870982,0.270826811,0.346337463,-0.022140836,0.004311154
10.200000000,-2.253543726,-2.250378467,4.885355949,-2.779698158,-1.971708465,-1.888527342,4.860952009,-2.776067362,0.281835261,0.361851125,-0.024403940,0.003630796
10.230000000,-2.255625418,-2.256434093,4.890253305,-2.788382964,-1.965380895,-1.882761095,4.871205289,-2.784471182,0.290244523,0.373672998,-0.019048017,0.003911782
10.260000000,-2.257757348,-2.262572846,4.899799914,-2.797047964,-1.958965476,-1.876915893,4.881080877,-2.792887610,0.298791871,0.385656952,-0.018719036,0.004160354
10.300000000,-2.260686295,-2.270878283,4.907355671,-2.808275328,-1.950277264,-1.869014723,4.893747677,-2.804102875,0.310409031,0.401863560,-0.013607994,0.004172452
10.330000000,-2.262945685,-2.277216221,4.907676389,-2.818007514,-1.943654737,-1.863006337,4.902877559,-2.812500952,0.319290948,0.414209884,-0.004798829,0.005506562
10.360000000,-2.265247481,-2.283634741,4.915591750,-2.826477514,-1.936940448,-1.856918799,4.911648898,-2.820898004,0.328307032,0.426715942,-0.003942852,0.005579510
10.400000000,-2.268372998,-2.292328749,4.921800926,-2.837355281,-1.927885102,-1.848698535,4.922872319,-2.832113186,0.340487896,0.443630215,0.001071393,0.005242095
10.430000000,-2.270785392,-2.298949642,4.916356181,-2.846092135,-1.921011297,-1.842449813,4.930953578,-2.840528212,0.349774095,0.456499829,0.014597398,0.005563923
10.460000000,-2.273256777,-2.305663157,4.922632899,-2.854194635,-1.914045254,-1.836109025,4.938708717,-2.848926162,0.359211523,0.469554133,0.016075818,0.005268472
10.500000000,-2.124261806,-2.174520472,4.929370041,-2.865799713,-1.904648904,-1.827528717,4.948624028,-2.860112748,0.219612902,0.346991755,0.019253987,0.005686965
10.530000000,-2.124727719,-2.179493743,4.932483527,-2.874959927,-1.897536902,-1.820998393,4.955764240,-2.868516825,0.227190817,0.358495350,0.023280713,0.006443102
10.560000000,-2.125253695,-2.184567461,4.937578313,-2.883704927,-1.890361584,-1.814367299,4.962620493,-2.876921979,0.234892112,0.370200162,0.025042180,0.006782947
10.600000000,-2.126045700,-2.191484582,4.960997006,-2.894530246,-1.880696596,-1.805389133,4.971396103,-2.888097168,0.245349104,0.386095449,0.010399097,0.006433078
10.630000000,-2.126697026,-2.196752172,4.970652192,-2.902741576,-1.873380318,-1.798565936,4.977709537,-2.896459802,0.253316708,0.398186236,0.007057346,0.006281775
10.660000000,-2.127397921,-2.202098034,4.975437566,-2.911041576,-1.866015018,-1.791680579,4.983737786,-2.904831958,0.261382902,0.410417455,0.008300219,0.006209619
10.700000000,-2.128430424,-2.209348135,4.984481471,-2.921933933,-1.856106578,-1.782438525,4.991325676,-2.916017998,0.272323846,0.426909610,0.006844205,0.005915935
10.730000000,-2.129295322,-2.214877369,5.005456866,-2.929548333,-1.848558692,-1.775454723,4.996688565,-2.924396045,0.280736630,0.439422645,-0.008768301,0.005152288
10.760000000,-2.130215179,-2.220497837,5.009713172,-2.937920833,-1.840856796,-1.768403998,5.001727266,-2.932749477,0.289358383,0.452093839,-0.007985906,0.005171356
10.800000000,-2.131525836,-2.228119241,4.996361169,-2.948931085,-1.830405757,-1.758898158,5.008061913,-2.943898268,0.301120079,0.469221083,0.011700744,0.005032817
10.830000000,-2.132592906,-2.233941455,5.008800925,-2.958389208,-1.822442231,-1.751676625,5.012516157,-2.952310033,0.310150674,0.482264830,0.003715232,0.006079174
10.860000000,-2.133748070,-2.239874742,5.011762097,-2.966876708,-1.814314743,-1.744337090,5.016709775,-2.960737404,0.319433326,0.495537652,0.004947679,0.006139304
10.900000000,-2.135401484,-2.247927994,5.015588099,-2.978583168,-1.803200292,-1.734362446,5.021998621,-2.971887839,0.332201192,0.513565549,0.006410523,0.006695329
10.930000000,-2.136717657,-2.254060531,5.026268386,-2.986471265,-1.794661653,-1.726731007,5.025742188,-2.980219574,0.342056004,0.527329524,-0.000526198,0.006251691
10.960000000,-2.138111846,-2.260274433,5.028681892,-2.995123765,-1.785943127,-1.718943820,5.029271879,-2.988626136,0.352168719,0.541330613,0.000589987,0.006497629
11.000000000,-1.991001255,-2.061200507,5.033663044,-3.006751551,-1.774043384,-1.708338096,5.033690324,-2.999896603,0.216957871,0.352862411,0.000027281,0.006854949
11.030000000,-1.990523700,-2.064737072,5.026460527,-3.015759441,-1.764866245,-1.700204563,5.036793692,-3.008287461,0.225657455,0.364532509,0.010333165,0.007471980
11.060000000,-1.990127042,-2.068342735,5.027880747,-3.024316941,-1.755423470,-1.691885760,5.039680315,-3.016613398,0.234703572,0.376456976,0.011799568,0.007703543
11.100000000,-1.989709779,-2.073260616,5.038355014,-3.035386040,-1.742509558,-1.680555942,5.043279478,-3.027792651,0.247200221,0.392704673,0.004924465,0.007593389
11.130000000,-1.989497562,-2.077041608,5.047156901,-3.044547267,-1.732571577,-1.671893525,5.045797290,-3.036246500,0.256925985,0.405148082,-0.001359611,0.008300767
11.160000000,-1.989380595,-2.080913913,5.048397427,-3.052864767,-1.722324829,-1.663086782,5.048155067,-3.044657374,0.267055766,0.417827131,-0.000242360,0.008207393
11.200000000,-1.989337653,-2.086185932,5.045540275,-3.064103298,-1.708214203,-1.651186595,5.051061514,-3.055789660,0.281123450,0.434999337,0.005521239,0.008313638
11.230000000,-1.989389443,-2.090218580,5.046887050,-3.071773072,-1.697316009,-1.642163140,5.053075043,-3.064154947,0.292073434,0.448055440,0.006187992,0.007618125
11.260000000,-1.989540358,-2.094319899,5.047409289,-3.080273072,-1.686117108,-1.633054338,5.054930032,-3.072575571,0.303423250,0.461265561,0.007520744,0.007697501
11.300000000,-1.989915211,-2.099911732,5.056082288,-3.090923516,-1.670727886,-1.620795629,5.057234163,-3.083799930,0.319187325,0.479116103,0.001151874,0.007123586
11.330000000,-1.990288620,-2.104203174,5.058030213,-3.099952085,-1.658808202,-1.611513513,5.058833252,-3.092166062,0.331480417,0.492689662,0.000803039,0.007786022
11.360000000,-1.990732432,-2.108580494,5.058317839,-3.108389585,-1.646524656,-1.602142097,5.060303102,-3.100515823,0.344207776,0.506438397,0.001985262,0.007873762
11.400000000,-1.991460141,-2.114584355,5.057250195,-3.118875217,-1.629700179,-1.589527008,5.062093253,-3.111728686,0.361759961,0.525057347,0.004843058,0.007146531
11.430000000,-1.992131491,-2.119198069,5.057801124,-3.127572115,-1.616729120,-1.579973831,5.063307701,-3.120175789,0.375402370,0.539224238,0.005506577,0.007396326
11.460000000,-1.992902165,-2.123905357,5.057580664,-3.136064615,-1.603358089,-1.570326648,5.064410355,-3.128568262,0.389544076,0.553578709,0.006829691,0.007496353
11.500000000,-1.802397296,-1.900033647,5.045397759,3.135691822,-1.584999001,-1.557338771,5.065729591,-3.139697217,0.217398295,0.342694876,0.020331832,0.007796268
11.530000000,-1.800747955,-1.901769044,5.046786490,3.126417498,-1.570864195,-1.547504661,5.066625442,3.135099599,0.229883760,0.354264384,0.019838952,0.008682101
11.560000000,-1.799207604,-1.903576723,5.045870657,3.118152498,-1.556367675,-1.537578398,5.067426427,3.126656801,0.242839929,0.365998325,0.021555769,0.008504303
11.600000000,-1.797335277,-1.906110488,5.054105842,3.107293061,-1.536493312,-1.524233077,5.068399549,3.115450041,0.260841964,0.381877410,0.014293707,0.008156980
11.630000000,-1.796060328,-1.908109237,5.057002313,3.098531827,-1.521158400,-1.514162044,5.069044075,3.107111760,0.274901928,0.393947193,0.012041762,0.008579933
11.660000000,-1.794884448,-1.910186222,5.056122610,3.090149327,-1.505424020,-1.504062333,5.069608396,3.098765973,0.289460428,0.406123889,0.013485787,0.008616646
11.700000000,-1.793478877,-1.913089620,5.062334360,3.079874730,-1.483945249,-1.490599359,5.070237561,3.087586502,0.309533628,0.422490260,0.007903202,0.007711772
11.730000000,-1.792557457,-1.915367567,5.056885769,3.072205002,-1.467438236,-1.480521854,5.070623374,3.079194625,0.325119221,0.434845713,0.013737605,0.006989623
11.760000000,-1.791754048,-1.917733696,5.055738730,3.063927502,-1.450500644,-1.470470968,5.070921029,3.070819120,0.341253405,0.447262728,0.015182299,0.006891618
11.800000000,-1.790846801,-1.921008883,5.061401736,3.053300342,-1.427370258,-1.457096573,5.071205498,3.059657713,0.363476542,0.463912310,0.009803763,0.006357371
11.830000000,-1.790289656,-1.923546776,5.068019856,3.045243968,-1.409644684,-1.447075476,5.071350001,3.051256355,0.380644972,0.476471301,0.003330145,0.006012388
11.860000000,-1.789858525,-1.926171097,5.066982155,3.037021468,-1.391534407,-1.437055553,5.071425952,3.042825624,0.398324118,0.489115545,0.004443796,0.005804156
11.900000000,-1.789472705,-1.929798185,5.050426117,3.026247254,-1.366824653,-1.423693026,5.071442325,3.031630775,0.422648052,0.506105158,0.021016207,0.005383520
11.930000000,-1.789310528,-1.932606596,5.045197831,3.018547635,-1.347873388,-1.413665666,5.071371360,3.023277484,0.441437140,0.518940930,0.026173529,0.004729849
11.960000000,-1.789266053,-1.935489732,5.043241379,3.009865135,-1.328543299,-1.403626526,5.071250354,3.014894496,0.460722754,0.531863206,0.028008975,0.005029362
12.000000000,-1.667368352,-1.696625818,5.039424088,2.999511552,-1.302277574,-1.390223569,5.071045235,3.003650008,0.365090778,0.306402250,0.031621147,0.004138456
12.030000000,-1.665948397,-1.696335807,5.032897219,2.989887896,-1.282178390,-1.380162760,5.070881449,2.995233697,0.383770007,0.316173048,0.037984230,0.005345801
12.060000000,-1.664666254,-1.696141282,5.030582160,2.981465396,-1.261665478,-1.370097743,5.070690797,2.986867565,0.403000775,0.326043539,0.040108637,0.005402169
12.100000000,-1.663168338,-1.696000925,5.026304698,2.971626692,-1.233812434,-1.356682857,5.070399958,2.975698456,0.429355904,0.339318068,0.044095261,0.004071763
12.130000000,-1.662212116,-1.695974782,5.031188464,2.963351977,-1.212569596,-1.346649448,5.070152246,2.967281103,0.449642520,0.349325333,0.038963782,0.003929126
12.160000000,-1.661403572,-1.696004761,5.028838709,2.954846977,-1.190953551,-1.336693614,5.069891882,2.958862806,0.470450021,0.359311147,0.041053173,0.004015829
12.200000000,-1.660554029,-1.696152568,5.031599673,2.943843059,-1.161614699,-1.323586269,5.069517067,2.947635105,0.498939331,0.372566299,0.037917394,0.003792046
12.230000000,-1.660066553,-1.696351165,5.033311839,2.935263838,-1.139254022,-1.313900749,5.069215970,2.939200125,0.520812530,0.382450416,0.035904131,0.003936286
12.260000000,-1.659721941,-1.696625239,5.031095246,2.926903838,-1.116581771,-1.304363675,5.068899634,2.930778881,0.543140171,0.392261564,0.037804388,0.003875043
12.300000000,-1.659525083,-1.697118644,5.027824638,2.915530305,-1.085921450,-1.291846212,5.068457527,2.919561769,0.573603633,0.405272432,0.040632890,0.004031464
12.330000000,-1.659570865,-1.697570698,5.036151061,2.907375635,-1.062572876,-1.282606567,5.068114326,2.911146048,0.596997989,0.414964131,0.031963265,0.003770414
12.360000000,-1.659748533,-1.698104286,5.034112235,2.899080635,-1.038881260,-1.273502970,5.067748665,2.902739854,0.620867273,0.424601317,0.033636430,0.003659220
12.400000000,-1.660196113,-1.698949584,5.024881982,2.888163590,-1.006895590,-1.261520075,5.067255355,2.891534143,0.653300523,0.437429509,0.042373373,0.003370554
12.430000000,-1.660708607,-1.699677694,5.018592004,2.880155595,-0.982617500,-1.252641525,5.066866541,2.883119799,0.678091107,0.447036168,0.048274538,0.002964203
12.460000000,-1.661394761,-1.700488696,5.016080834,2.872143095,-0.958017356,-1.243876303,5.066479579,2.874712692,0.703377406,0.456612393,0.050398744,0.002569597
12.500000000,-1.480418002,-1.498838157,5.013721873,2.861261698,-0.924784030,-1.232339498,5.065958355,2.863532620,0.555633972,0.266498659,0.052236482,0.002270922
12.530000000,-1.478939897,-1.496983993,5.017898388,2.853011105,-0.899573336,-1.223788225,5.065585185,2.855145925,0.579366561,0.273195767,0.047686797,0.002134820
12.560000000,-1.477619551,-1.495198743,5.015513830,2.844873605,-0.874108736,-1.215329512,5.065223032,2.846740232,0.603510815,0.279869231,0.049709202,0.001866627
12.600000000,-1.476133012,-1.492906007,5.007217786,2.833520048,-0.839783182,-1.204195342,5.064757891,2.835539847,0.636349830,0.288710664,0.057540105,0.002019799
12.630000000,-1.475218494,-1.491263422,5.005196973,2.825218530,-0.813740506,-1.195976795,5.064406091,2.827158014,0.661477988,0.295286628,0.059209119,0.001939483
12.660000000,-1.474455013,-1.489686529,5.002549078,2.816833530,-0.787434588,-1.187910733,5.064054150,2.818774497,0.687020425,0.301775796,0.061505072,0.001940967
12.700000000,-1.473674149,-1.487673425,5.018652123,2.804549145,-0.752079564,-1.177376105,5.063610897,2.807599457,0.721594585,0.310297319,0.044958774,0.003050312
12.730000000,-1.473287730,-1.486227887,5.009483883,2.796578393,-0.725354863,-1.169654785,5.063301680,2.799226759,0.747932867,0.316573103,0.053817796,0.002648366
12.760000000,-1.473091577,-1.484835347,5.007134148,2.788000893,-0.698392800,-1.162127979,5.063010515,2.790834189,0.774698777,0.322707368,0.055876366,0.002833296
12.800000000,-1.473071633,-1.483074581,5.007443967,2.776364278,-0.662142952,-1.152338687,5.062601265,2.779627987,0.810928681,0.330735895,0.055157298,0.003263709
12.830000000,-1.473230030,-1.481829184,5.015448488,2.767829270,-0.634770116,-1.145158761,5.062298377,2.771233578,0.838459913,0.336670423,0.046849888,0.003404308
12.860000000,-1.473554256,-1.480632536,5.013369943,2.759426770,-0.607227788,-1.138124851,5.061998202,2.762842927,0.866326468,0.342507684,0.048628258,0.003416157
12.900000000,-1.474244732,-1.479111939,5.014419760,2.748201498,-0.570236848,-1.128946484,5.061624320,2.751652888,0.904007884,0.350165455,0.047204560,0.003451390
12.930000000,-1.474956584,-1.478035382,5.009942711,2.740429604,-0.542284849,-1.122210743,5.061338145,2.743268017,0.932671735,0.355824639,0.051395434,0.002838413
12.960000000,-1.475835139,-1.477018622,5.007808667,2.731852104,-0.514163203,-1.115602824,5.061057598,2.734887743,0.961671935,0.361415797,0.053248931,0.003035639
13.000000000,-1.167572220,-1.333122398,5.013066129,2.720787624,-0.476483257,-1.106941344,5.060694037,2.723699464,0.691088963,0.226181054,0.047627908,0.002911840
13.030000000,-1.164601497,-1.330267794,5.013575110,2.712129952,-0.448068530,-1.100562264,5.060443292,2.715305253,0.716532967,0.229705530,0.046868181,0.003175300
13.060000000,-1.161810935,-1.327450268,5.011653702,2.703642452,-0.419476411,-1.094309027,5.060203238,2.706926953,0.742334524,0.233141242,0.048549536,0.003284501
13.100000000,-1.158365501,-1.323783279,5.023995828,2.693338918,-0.381156082,-1.086124747,5.059884086,2.695762970,0.777209419,0.237658533,0.035888259,0.002424052
13.130000000,-1.155965841,-1.321093823,5.028504810,2.685090074,-0.352306695,-1.080090280,5.059650280,2.687377508,0.803659146,0.241003543,0.031145470,0.002287434
13.160000000,-1.153747245,-1.318452354,5.027080441,2.676787574,-0.323351643,-1.074170445,5.059416920,2.678984349,0.830395602,0.244281908,0.032336479,0.002196775
13.200000000,-1.151090326,-1.315003495,5.029835465,2.665881193,-0.284574171,-1.066462680,5.059106748,2.667795188,0.866516155,0.248540814,0.029271283,0.001913995
13.230000000,-1.149297913,-1.312462521,5.014646559,2.657936586,-0.255375928,-1.060823431,5.058856490,2.659400767,0.893921986,0.251639090,0.044209931,0.001464181
13.260000000,-1.147668667,-1.309961941,5.012777544,2.649311586,-0.226109436,-1.055308631,5.058608855,2.651007149,0.921559231,0.254653311,0.045831311,0.001695563
13.300000000,-1.145788455,-1.306685943,5.018241113,2.637475491,-0.187015235,-1.048115587,5.058286309,2.639819514,0.958773220,0.258570356,0.040045196,0.002344022
13.330000000,-1.144593117,-1.304267226,5.026397026,2.629685881,-0.157616658,-1.042854080,5.058079610,2.631428319,0.986976459,0.261413146,0.031682584,0.001742438
13.360000000,-1.143572819,-1.301884272,5.024989646,2.620965881,-0.128132349,-1.037729534,5.057889513,2.623037818,1.015440470,0.264154737,0.032899868,0.002071937
13.400000000,-1.142491953,-1.298788840,5.034732250,2.609173764,-0.088757985,-1.031048826,5.057659352,2.611853583,1.053733968,0.267740014,0.022927102,0.002679819
13.430000000,-1.141876013,-1.296527991,5.041769315,2.601556013,-0.059206746,-1.026136250,5.057490082,2.603464668,1.082669267,0.270391741,0.015720767,0.001908655
13.460000000,-1.141455921,-1.294279032,5.040870024,2.592983513,-0.029618446,-1.021330211,5.057329542,2.595073492,1.111837475,0.272948822,0.016459518,0.002089979
13.500000000,-0.736144343,-1.094376204,5.053908800,2.581930385,0.009908203,-1.015078503,5.057112530,2.583890288,0.746052546,0.079297701,0.003203730,0.001959903
13.530000000,-0.730569681,-1.089475496,5.047834489,2.573918383,0.039587900,-1.010492453,5.056939406,2.575505218,0.770157581,0.078983043,0.009104917,0.001586835
13.560000000,-0.725164331,-1.084602505,5.047029745,2.565438383,0.069262942,-1.005983552,5.056757137,2.567113572,0.794427273,0.078618954,0.009727392,0.001675189
13.600000000,-0.718254688,-1.078141551,5.049943924,2.555051561,0.108829576,-1.000084872,5.056493160,2.555926148,0.827084264,0.078056679,0.006549237,0.000874586
13.630000000,-0.713306267,-1.073295202,5.035808435,2.547416801,0.138527548,-0.995773832,5.056293765,2.547537433,0.851833815,0.077521371,0.020485330,0.000120633
13.660000000,-0.708519533,-1.068478954,5.034535066,2.538731801,0.168235281,-0.991590178,5.056081717,2.539141286,0.876754814,0.076888776,0.021546651,0.000409486
13.700000000,-0.702411553,-1.062101690,5.033563659,2.528117251,0.207789633,-0.986164996,5.055819789,2.527952565,0.910201186,0.075936694,0.022256130,-0.000164686
13.730000000,-0.698054568,-1.057343082,5.043297430,2.519577500,0.237394706,-0.982208966,5.055645335,2.519582667,0.935449274,0.075134116,0.012347905,0.000005168
13.760000000,-0.693885186,-1.052598776,5.042314595,2.511152500,0.266964238,-0.978386664,5.055514302,2.511202271,0.960849424,0.074212113,0.013199707,0.000049771
13.800000000,-0.688631800,-1.046310553,5.036701359,2.500638532,0.306359929,-0.973473899,5.055364454,2.499995688,0.994991729,0.072836654,0.018663094,-0.000642844
13.830000000,-0.684899353,-1.041637109,5.033361725,2.491839246,0.335857621,-0.969900348,5.055269208,2.491594594,1.020756974,0.071736761,0.021907483,-0.000244652
13.860000000,-0.681343674,-1.037004104,5.032112670,2.483321746,0.365279960,-0.966408733,5.055187848,2.483212004,1.046623633,0.070595371,0.023075178,-0.000109742
13.900000000,-0.676911232,-1.030882276,5.036451436,2.472466244,0.404439052,-0.961873943,5.055119984,2.472033557,1.081350284,0.069008333,0.018668548,-0.000432687
13.930000000,-0.673812218,-1.026311969,5.038872361,2.464713429,0.433780331,-0.958576447,5.055099169,2.463641047,1.107592548,0.067735523,0.016226808,-0.001072382
13.960000000,-0.670881216,-1.021766561,5.037853617,2.456273429,0.463078645,-0.955364596,5.055096895,2.455250398,1.133959861,0.066401965,0.017243278,-0.001023031
14.000000000,-0.284265172,-0.935591973,5.026620359,2.446049825,0.502040513,-0.951152638,5.055117682,2.444068742,0.786305685,-0.015560665,0.028497324,-0.001981083
14.030000000,-0.276471376,-0.930004152,5.029876693,2.438026107,0.531189069,-0.948045259,5.055141561,2.435681782,0.807660445,-0.018041107,0.025264868,-0.002344325
14.060000000,-0.268865414,-0.924448670,5.028596184,2.429771107,0.560296905,-0.945011684,5.055190351,2.427294505,0.829162319,-0.020563014,0.026594167,-0.002476602
14.100000000,-0.259000133,-0.917077512,5.026322174,2.418244222,0.599050990,-0.941059729,5.055273425,2.416115832,0.858051122,-0.023982217,0.028951252,-0.002128390
14.130000000,-0.251800984,-0.911578963,5.025668420,2.409113837,0.628043139,-0.938138096,5.055360218,2.407731696,0.879844123,-0.026559133,0.029691797,-0.001382140
14.160000000,-0.244784247,-0.906092104,5.024317928,2.400766337,0.656947003,-0.935247275,5.055457739,2.399344606,0.901731251,-0.029155170,0.031139812,-0.001421731
14.200000000,-0.235726347,-0.898797068,5.025864151,2.389309743,0.695402211,-0.931469690,5.055625911,2.388161003,0.931128557,-0.032672623,0.029761760,-0.001148739
14.230000000,-0.229142129,-0.893337454,5.021786005,2.381142831,0.724192346,-0.928708148,5.055766060,2.379772297,0.953334475,-0.035370693,0.033980055,-0.001370535
14.260000000,-0.222712889,-0.887902800,5.020345950,2.372377831,0.752903060,-0.925996609,5.055927464,2.371383516,0.975615948,-0.038093809,0.035581514,-0.000994316
14.300000000,-0.214395395,-0.880669193,5.018143986,2.361750718,0.791044480,-0.922420452,5.056164224,2.360202134,1.005439875,-0.041751258,0.038020239,-0.001548584
14.330000000,-0.208376816,-0.875240095,5.018596593,2.353590724,0.819560025,-0.919783238,5.056366807,2.351816351,1.027936841,-0.044543142,0.037770214,-0.001774373
14.360000000,-0.202534700,-0.869805143,5.017139023,2.345145724,0.848010342,-0.917216703,5.056594645,2.343425008,1.050545042,-0.047411560,0.039455622,-0.001720716
14.400000000,-0.195006749,-0.862577039,5.025633051,2.334473383,0.885837825,-0.913868466,5.056923316,2.332235200,1.080844573,-0.051291427,0.031290265,-0.002238183
14.430000000,-0.189569869,-0.857167800,5.028711015,2.325862933,0.914102551,-0.911383794,5.057195259,2.323846023,1.103672420,-0.054215995,0.028484244,-0.002016910
14.460000000,-0.184331943,-0.851765879,5.027614057,2.317400433,0.942264790,-0.908925914,5.057478185,2.315456596,1.126596732,-0.057160034,0.029864128,-0.001943836
14.500000000,0.247903173,-0.870887095,5.021957567,2.306094035,0.979718299,-0.905722731,5.057874100,2.304267886,0.731815126,-0.034835636,0.035916533,-0.001826149
14.530000000,0.258599464,-0.865837819,5.025354849,2.297181759,1.007739708,-0.903375660,5.058164444,2.295878505,0.749140243,-0.037537841,0.032809595,-0.001303254
14.560000000,0.269132951,-0.860811006,5.024161057,2.288934259,1.035665645,-0.901049110,5.058464986,2.287492152,0.766532694,-0.040238104,0.034303928,-0.001442107
14.600000000,0.282899534,-0.854152417,5.021677399,2.277970249,1.072765064,-0.897953702,5.058868152,2.276301383,0.789865530,-0.043801284,0.037190753,-0.001668865
14.630000000,0.293012791,-0.849142676,5.026291110,2.270054717,1.100514502,-0.895655235,5.059183054,2.267907262,0.807501711,-0.046512560,0.032891944,-0.002147455
14.660000000,0.302927777,-0.844129751,5.025106686,2.261367217,1.128211964,-0.893389368,5.059494999,2.259529156,0.825284187,-0.049259617,0.034388313,-0.001838062
14.700000000,0.315877600,-0.837462178,5.022618955,2.251250610,1.165054170,-0.890366374,5.059918753,2.248361929,0.849176569,-0.052904195,0.037299799,-0.002888681
14.730000000,0.325395919,-0.832462425,5.020055486,2.243291819,1.192607855,-0.888070761,5.060233120,2.239961327,0.867211936,-0.055608336,0.040177634,-0.003330491
14.760000000,0.334734167,-0.827460253,5.018653878,2.234869319,1.220101761,-0.885759707,5.060548970,2.231550675,0.885367595,-0.058299454,0.041895092,-0.003318644
14.800000000,0.346892282,-0.820787192,5.021923981,2.224099979,1.256712608,-0.882691115,5.060973746,2.220376005,0.909820326,-0.061903923,0.039049765,-0.003723974
14.830000000,0.355816938,-0.815790338,5.026946228,2.215805380,1.284127369,-0.880386861,5.061291488,2.212012730,0.928310432,-0.064596523,0.034345260,-0.003792650
14.860000000,0.364562159,-0.810807975,5.025744088,2.207665380,1.311474728,-0.878046094,5.061615538,2.203621418,0.946912569,-0.067238119,0.035871450,-0.004043962
14.900000000,0.375938105,-0.804158389,5.031798393,2.195983582,1.347854929,-0.874883445,5.062038425,2.192404401,0.971916824,-0.070725056,0.030240032,-0.003579182
14.930000000,0.384251541,-0.799172145,5.041492998,2.186179112,1.375100359,-0.872509417,5.062354578,2.184012263,0.990848818,-0.073337271,0.020861580,-0.002166849
14.960000000,0.392386522,-0.794195789,5.040747056,2.177766612,1.402310650,-0.870138258,5.062647977,2.175650303,1.009924128,-0.075942469,0.021900921,-0.002116309
15.000000000,0.767471748,-0.828868909,5.048832067,2.166442451,1.438514062,-0.866935360,5.063023237,2.164477446,0.671042314,-0.038066451,0.014191169,-0.001965005
15.030000000,0.780257390,-0.824462407,5.047036843,2.157478817,1.465602340,-0.864490878,5.063273619,2.156062582,0.685344949,-0.040028471,0.016236776,-0.001416235
15.060000000,0.792860257,-0.820045864,5.046295273,2.148686317,1.492647550,-0.862032819,5.063497837,2.147653305,0.699787293,-0.041986955,0.017202563,-0.001033012
15.100000000,0.809373097,-0.814143624,5.051927707,2.137156896,1.528669306,-0.858758248,5.063733034,2.136492185,0.719296209,-0.044614624,0.011805327,-0.000664711
15.130000000,0.821536202,-0.809724753,5.044811417,2.128390283,1.555645032,-0.856276495,5.063870841,2.128125377,0.734108829,-0.046551743,0.019059425,-0.000264907
15.160000000,0.833524749,-0.805306333,5.043812245,2.120205283,1.582568590,-0.853735060,5.063969663,2.119710007,0.749043842,-0.048428727,0.020157419,-0.000495276
15.200000000,0.849249248,-0.799389907,5.040992798,2.109250701,1.618424650,-0.850290373,5.064060669,2.108473844,0.769175402,-0.050900467,0.023067872,-0.000776857
15.230000000,0.860845176,-0.794938004,5.041425363,2.100565057,1.645307565,-0.847691682,5.064106157,2.100096849,0.784462389,-0.052753679,0.022680793,-0.000468208
15.260000000,0.872272331,-0.790490994,5.040199931,2.091640057,1.672177690,-0.845065496,5.064127402,2.091751443,0.799905359,-0.054574503,0.023927471,0.000111386
15.300000000,0.887241581,-0.784576715,5.044506361,2.080086930,1.707960822,-0.841478800,5.064139748,2.080559463,0.820719242,-0.056902085,0.019633387,0.000472533
15.330000000,0.898275156,-0.780125941,5.041843749,2.071393500,1.734767683,-0.838728994,5.064129219,2.072123487,0.836492527,-0.058603053,0.022285470,0.000729986
15.360000000,0.909135473,-0.775670186,5.040573944,2.062956000,1.761565233,-0.835958289,5.064110314,2.063725248,0.852429760,-0.060288102,0.023536370,0.000769248
15.400000000,0.923344937,-0.769715430,5.043375209,2.051377717,1.797285209,-0.832242941,5.064047029,2.052589136,0.873940272,-0.062527511,0.020671820,0.001211420
15.430000000,0.933813260,-0.765263307,5.042144183,2.042924800,1.824050146,-0.829408800,5.063988490,2.044214600,0.890236885,-0.064145493,0.021844307,0.001289800
15.460000000,0.944116912,-0.760808211,5.040840418,2.034904800,1.850781814,-0.826512273,5.063906285,2.035784054,0.906664902,-0.065704062,0.023065867,0.000879254
15.500000000,1.244632945,-0.791431803,5.051815855,2.023254267,1.886404040,-0.822615435,5.063784900,2.024563703,0.641771096,-0.031183633,0.011969045,0.001309436
15.530000000,1.258510863,-0.787439010,5.053225473,2.015096670,1.913116169,-0.819688513,5.063674388,2.016205238,0.654605306,-0.032249503,0.010448915,0.001108568
15.560000000,1.272219180,-0.783432780,5.052168302,2.006479170,1.939810756,-0.816731508,5.063538946,2.007851242,0.667591575,-0.033298728,0.011370644,0.001372072
15.600000000,1.290222446,-0.778063181,5.050137620,1.995763524,1.975362563,-0.812709739,5.063297873,1.996638731,0.685140117,-0.034646558,0.013160252,0.000875207
15.630000000,1.303511499,-0.774002920,5.051737359,1.986836532,2.002006011,-0.809650856,5.063070439,1.988207965,0.698494512,-0.035647936,0.011333080,0.001371433
15.660000000,1.316625625,-0.769938738,5.050499791,1.978091532,2.028649069,-0.806584201,5.062801606,1.979830814,0.712023443,-0.036645463,0.012301815,0.001739282
15.700000000,1.333836868,-0.764526674,5.049966890,1.965917436,2.064170345,-0.802466449,5.062382218,1.968701170,0.730333477,-0.037939776,0.012415328,0.002783733
15.730000000,1.346555472,-0.760469034,5.056430805,1.956687193,2.090797742,-0.799321819,5.062032552,1.960307743,0.744242270,-0.038852785,0.005601748,0.003620550
15.760000000,1.359103237,-0.756383673,5.055223460,1.948542193,2.117414656,-0.796120951,5.061639263,1.951865408,0.758311419,-0.039737279,0.006415804,0.003323215
15.800000000,1.375563411,-0.750896982,5.046859297,1.937424729,2.152914248,-0.791831148,5.061078094,1.940664399,0.777350837,-0.040934166,0.014218797,0.003239670
15.830000000,1.387704317,-0.746781957,5.041775541,1.929320166,2.179550394,-0.788604976,5.060610908,1.932321891,0.791846078,-0.041823018,0.018835368,0.003001725
15.860000000,1.399670960,-0.742673739,5.039987271,1.920875166,2.206184288,-0.785334380,5.060117621,1.923950055,0.806513328,-0.042660641,0.020130350,0.003074889
15.900000000,1.415359527,-0.737197946,5.039225836,1.908903712,2.241683469,-0.780898217,5.059422956,1.912709225,0.826323942,-0.043700272,0.020197120,0.003805513
15.930000000,1.426917745,-0.733054797,5.036607748,1.900703449,2.268304976,-0.777548349,5.058894196,1.904288501,0.841387231,-0.044493551,0.022286447,0.003585052
15.960000000,1.438317317,-0.728889520,5.034640824,1.892445949,2.294923866,-0.774207760,5.058352457,1.895925565,0.856606550,-0.045318240,0.023711633,0.003479616
16.000000000,1.753510942,-0.710123817,5.032874444,1.881829379,2.330381443,-0.769735884,5.057630309,1.884771539,0.576870501,-0.059612067,0.024755865,0.002942160
16.030000000,1.768678543,-0.705761099,5.035155376,1.873191345,2.356926000,-0.766347079,5.057090543,1.876373240,0.588247457,-0.060585980,0.021935167,0.003181895
16.060000000,1.783679638,-0.701367786,5.033214497,1.864938845,2.383409825,-0.762951084,5.056562838,1.868001470,0.599730187,-0.061583298,0.023348341,0.003062625
16.100000000,1.803402456,-0.695460619,5.023892227,1.852497555,2.418605925,-0.758483218,5.055884228,1.856860855,0.615203469,-0.063022598,0.031992001,0.004363300
16.130000000,1.818019894,-0.691010261,5.027341083,1.843955786,2.444853040,-0.755190618,5.055388492,1.848481879,0.626833146,-0.064180357,0.028047408,0.004526094
16.160000000,1.832502629,-0.686544609,5.025297644,1.835558286,2.470843800,-0.751948979,5.054940396,1.840150895,0.638341171,-0.065404370,0.029642752,0.004592610
16.200000000,1.851598393,-0.680538911,5.015793970,1.825615024,2.505041119,-0.747734391,5.054419375,1.829159105,0.653442726,-0.067195480,0.038625405,0.003544081
16.230000000,1.865741601,-0.675988792,5.016505925,1.817128692,2.530310703,-0.744701068,5.054092116,1.820837345,0.664569102,-0.068712276,0.037586191,0.003708652
16.260000000,1.879731164,-0.671408377,5.014419304,1.808808692,2.555189555,-0.741808900,5.053821462,1.812353211,0.675458391,-0.070400523,0.039402157,0.003544519
16.300000000,1.898135346,-0.665281125,5.005366602,1.798147814,2.587843139,-0.738088441,5.053562536,1.801125869,0.689707793,-0.072807316,0.048195934,0.002978055
16.330000000,1.911755333,-0.660656306,5.006360960,1.789412026,2.611959830,-0.735381628,5.053429891,1.792845127,0.700204496,-0.074725322,0.047068930,0.003433102
16.360000000,1.925219265,-0.656000304,5.004243834,1.780974526,2.635730430,-0.732786307,5.053371781,1.784533520,0.710511166,-0.076786003,0.049127947,0.003558994
16.400000000,1.942951086,-0.649763452,4.997499803,1.769341464,2.666988750,-0.729502203,5.053383566,1.773277304,0.724037664,-0.079738752,0.055883763,0.003935840
16.430000000,1.956081798,-0.645090340,5.007174008,1.760427302,2.690106382,-0.727147293,5.053461077,1.764822853,0.734024584,-0.082056953,0.046287069,0.004395551
16.460000000,1.969056504,-0.640399052,5.005409005,1.751929802,2.712893614,-0.724869414,5.053605116,1.756497226,0.743837110,-0.084470362,0.048196110,0.004567424
16.500000000,2.219856498,-0.734286399,5.003357250,1.740047390,2.742840137,-0.721965401,5.053887099,1.745438570,0.522983640,0.012320998,0.050529848,0.005391181
16.530000000,2.235722145,-0.730912241,5.014233499,1.731627886,2.764976500,-0.719921112,5.054157542,1.737025579,0.529254355,0.010991129,0.039924042,0.005397693
16.560000000,2.251441770,-0.727509819,5.012942805,1.723032886,2.786784154,-0.718004130,5.054475478,1.728518215,0.535342383,0.009505688,0.041532673,0.005485329
16.600000000,2.272190760,-0.722932507,5.008939884,1.711999545,2.815389568,-0.715572087,5.054968852,1.717321852,0.543198808,0.007360419,0.046028968,0.005322306
16.630000000,2.287606371,-0.719449912,5.005517362,1.702248756,2.836453298,-0.713846991,5.055368202,1.709055733,0.548846926,0.005602921,0.049850840,0.006806977
16.660000000,2.302905190,-0.715925682,5.004102770,1.693836256,2.857069224,-0.712267964,5.055805782,1.700690409,0.554164034,0.003657718,0.051703012,0.006854153
16.700000000,2.323131857,-0.711169431,4.985831329,1.682346940,2.883869340,-0.710378400,5.056427001,1.689275614,0.560737483,0.000791031,0.070595672,0.006928675
16.730000000,2.338168300,-0.707585290,4.992755821,1.674439739,2.903393754,-0.709097072,5.056935988,1.680780219,0.565225454,-0.001511782,0.064180167,0.006340479
16.760000000,2.353096994,-0.703963249,4.991148426,1.665844739,2.922288801,-0.707936220,5.057487644,1.672574411,0.569191807,-0.003972970,0.066339219,0.006729672
16.800000000,2.372824216,-0.699059627,4.982402427,1.654461984,2.946598236,-0.706594913,5.058311838,1.661574797,0.573774020,-0.007535286,0.075909411,0.007112812
16.830000000,2.387467598,-0.695349871,4.992360752,1.645664451,2.964150232,-0.705765757,5.058981022,1.653015394,0.576682634,-0.010415886,0.066620270,0.007350944
16.860000000,2.401977226,-0.691625009,4.991002466,1.637286951,2.981002960,-0.705086808,5.059716337,1.644282969,0.579025734,-0.013461800,0.068713871,0.006996018
16.900000000,2.421163017,-0.686627896,5.005835878,1.626200732,3.002482470,-0.704312786,5.060762646,1.632818224,0.581319453,-0.017684890,0.054926768,0.006617492
16.930000000,2.435453769,-0.682838024,5.001648183,1.618685760,3.017769363,-0.703808361,5.061562117,1.624383324,0.582315594,-0.020970337,0.059913934,0.005697564
16.960000000,2.449681517,-0.678998694,5.000785527,1.610265760,3.032101743,-0.703380811,5.062349991,1.615776509,0.582420226,-0.024382116,0.061564464,0.005510749
17.000000000,2.662403252,-0.647793369,5.017865370,1.598759458,3.049750952,-0.702889824,5.063338293,1.603863666,0.387347701,-0.055096455,0.045472923,0.005104209
17.030000000,2.679170052,-0.643530741,5.013627236,1.589832274,3.061785970,-0.702538282,5.064016750,1.594962113,0.382615919,-0.059007541,0.050389515,0.005129839
17.060000000,2.695868032,-0.639239534,5.013068405,1.581539774,3.072530498,-0.702158845,5.064606458,1.586499831,0.376662466,-0.062919311,0.051538053,0.004960057
17.100000000,2.718021203,-0.633466298,5.018678286,1.570855003,3.085059599,-0.701603101,5.065246576,1.575300399,0.367038396,-0.068136803,0.046568290,0.004445396
17.130000000,2.734572128,-0.629097233,5.011644340,1.562712783,3.093070799,-0.701144748,5.065600927,1.566471989,0.358498671,-0.072047515,0.053956587,0.003759206
17.160000000,2.751066202,-0.624703020,5.010884371,1.554210283,3.099661242,-0.700606380,5.065816693,1.557425651,0.348595040,-0.075903360,0.054932322,0.003215368
17.200000000,2.772957882,-0.618787432,5.009671492,1.544873417,3.106535956,-0.699706168,5.065917806,1.545888728,0.333578075,-0.080918736,0.056246314,0.001015311
17.230000000,2.789301893,-0.614306750,5.007151451,1.535179255,3.110272557,-0.698867383,5.065850254,1.537603203,0.320970664,-0.084560634,0.058698803,0.002423947
17.260000000,2.805554023,-0.609791149,5.006076756,1.526699255,3.112631670,-0.697857246,5.065653859,1.529074626,0.307077648,-0.088066096,0.059577102,0.002375371
17.300000000,2.827108671,-0.603735269,5.009177245,1.516174693,3.114027591,-0.696247173,5.065223173,1.517291590,0.286918920,-0.092511904,0.056045927,0.001116897
17.330000000,2.843198256,-0.599164655,5.009134169,1.505861528,3.113825202,-0.694797767,5.064792906,1.508644262,0.270626946,-0.095633112,0.055658737,0.002782735
17.360000000,2.859218268,-0.594569367,5.008015813,1.497666528,3.112451436,-0.693069833,5.064255704,1.500402991,0.253233168,-0.098500466,0.056239891,0.002736463
17.400000000,2.880484799,-0.588395719,5.002879125,1.486302549,3.109155018,-0.690390343,5.063418544,1.489311982,0.228670219,-0.101994624,0.060539419,0.003009433
17.430000000,2.896361387,-0.583740884,5.008174805,1.478170629,3.105645745,-0.688092867,5.062704489,1.480673944,0.209284358,-0.104351983,0.054529684,0.002503315
17.460000000,2.912196090,-0.579058636,5.006946185,1.469820629,3.101169135,-0.685469652,5.061925492,1.472058299,0.188973046,-0.106411016,0.054979307,0.002237670
17.500000000,2.987826390,-0.571821389,5.019510102,1.458655214,3.094000818,-0.681487673,5.060815621,1.460992236,0.106174428,-0.109666284,0.041305519,0.002337022
17.530000000,3.004327505,-0.567049134,5.015404769,1.450143424,3.087779051,-0.678133612,5.059934592,1.452789060,0.083451546,-0.111084478,0.044529822,0.002645636
17.560000000,3.020798863,-0.562237539,5.014327688,1.441773424,3.080771449,-0.674417632,5.059005186,1.444339185,0.059972586,-0.112180093,0.044677498,0.002565761
17.600000000,3.042716929,-0.555776677,5.011629919,1.429934963,3.070457797,-0.668950548,5.057693570,1.432947438,0.027740868,-0.113173871,0.046063651,0.003012475
17.630000000,3.059128053,-0.550916716,5.005903365,1.421772069,3.062039330,-0.664434227,5.056666354,1.424592261,0.002911277,-0.113517510,0.050762989,0.002820192
17.660000000,3.075530511,-0.546021832,5.004491610,1.413419569,3.052980825,-0.659489996,5.055603136,1.416377375,-0.022549685,-0.113468163,0.051111526,0.002957806
17.700000000,3.097383366,-0.539421996,5.011333195,1.402126635,3.040098525,-0.652339203,5.054167446,1.405208777,-0.057284841,-0.112917207,0.042834251,0.003082142
17.730000000,3.113772049,-0.534447237,5.015975826,1.393776848,3.029870246,-0.646548974,5.053080448,1.396669977,-0.083901803,-0.112101737,0.037104623,0.002893129
17.760000000,3.130156696,-0.529459537,5.014927164,1.385479348,3.019123815,-0.640299442,5.051988369,1.388240553,-0.111032881,-0.110839906,0.037061205,0.002761204
17.800000000,3.151990523,-0.522781640,5.021385821,1.373740392,3.004167837,-0.631336302,5.050500341,1.377220511,-0.147822686,-0.108554663,0.029114520,0.003480119
17.830000000,3.168381276,-0.517755591,5.016082595,1.364921975,2.992514725,-0.624153214,5.049364862,1.368915761,-0.175866551,-0.106397623,0.033282268,0.003993786
17.860000000,3.184783717,-0.512712565,5.015021402,1.356491975,2.980464566,-0.616517247,5.048207603,1.360446297,-0.204319151,-0.103804682,0.033186201,0.003954323
17.900000000,3.206664341,-0.505977903,5.014216329,1.344959160,2.963923276,-0.605701097,5.046651652,1.349176719,-0.242741065,-0.099723195,0.032435323,0.004217559
17.930000000,3.223083698,-0.500914281,5.011956000,1.337625334,2.951194705,-0.597094304,5.045477879,1.340867673,-0.271888993,-0.096180023,0.033521879,0.003242339
17.960000000,3.239516875,-0.495825950,5.010764084,1.329112834,2.938172720,-0.588001032,5.044305210,1.332583693,-0.301344154,-0.092175082,0.033541127,0.003470859
18.000000000,3.048179023,-0.546431453,5.009983539,1.317895543,2.920451372,-0.575249346,5.042751786,1.321363901,-0.127727652,-0.028817893,0.032768247,0.003468358
18.030000000,3.061730553,-0.542101824,5.015372806,1.308849676,2.906916221,-0.565205561,5.041596018,1.312891761,-0.154814332,-0.023103737,0.026223212,0.004042085
18.060000000,3.075290035,-0.537775328,5.014341150,1.300414676,2.893168011,-0.554657844,5.040455960,1.304519620,-0.182122024,-0.016882516,0.026114809,0.004104945
18.100000000,3.093398216,-0.532007002,5.005183476,1.289049618,2.874598352,-0.539924705,5.038942611,1.293423620,-0.218799864,-0.007917703,0.033759135,0.004374002
18.130000000,3.107011438,-0.527664554,5.013994365,1.279967479,2.860531605,-0.528389260,5.037808746,1.285049012,-0.246479833,-0.000724705,0.023814381,0.005081533
18.160000000,3.120649396,-0.523315090,5.012976703,1.271514979,2.846386999,-0.516373489,5.036687609,1.276628194,-0.274262397,0.006941601,0.023710906,0.005113215
18.200000000,3.138845792,-0.517531879,5.019818624,1.259823255,2.827504221,-0.499701770,5.035227180,1.265459693,-0.311341572,0.017830108,0.015408556,0.005636438
18.230000000,3.152515659,-0.513200374,5.023468349,1.251639204,2.813355670,-0.486717451,5.034147930,1.257113406,-0.339159989,0.026482924,0.010679581,0.005474202
18.260000000,3.166216986,-0.508864505,5.022772993,1.243201704,2.799230145,-0.473274373,5.033085814,1.248726846,-0.366986841,0.035590131,0.010312822,0.005525141
18.300000000,3.184551323,-0.503076478,5.024657197,1.231310836,2.780424279,-0.454742727,5.031674774,1.237486381,-0.404127044,0.048333751,0.007017577,0.006175545
18.330000000,3.198343293,-0.498730796,5.021635635,1.222536584,2.766340804,-0.440369971,5.030618543,1.229071579,-0.432002489,0.058360826,0.008982907,0.006534995
18.360000000,3.212153590,-0.494382186,5.020826998,1.213884084,2.752275482,-0.425510975,5.029553795,1.220715684,-0.459878108,0.068871210,0.008726797,0.006831600
18.400000000,3.230620990,-0.488588050,5.016795618,1.202396816,2.733533929,-0.405069957,5.028135423,1.209566519,-0.497087061,0.083518093,0.011339805,0.007169703
18.430000000,3.244505173,-0.484262806,5.012363478,1.194062024,2.719482431,-0.389279912,5.027072583,1.201144309,-0.525022742,0.094982895,0.014709105,0.007082285
18.460000000,3.258426338,-0.479950842,5.011247579,1.185707024,2.705441723,-0.373021721,5.026015942,1.192711235,-0.552984615,0.106929120,0.014768363,0.007004211
18.500000000,3.036357627,-0.407859266,5.008201236,1.173429281,2.686747595,-0.350704915,5.024614961,1.181548057,-0.349610032,0.057154351,0.016413725,0.008118776
18.530000000,3.047064385,-0.402682941,5.019365053,1.165454189,2.672747835,-0.333498969,5.023571818,1.173201959,-0.374316551,0.069183972,0.004206765,0.007747770
18.560000000,3.057815555,-0.397513955,5.018499947,1.157146689,2.658766304,-0.315847516,5.022544172,1.164788302,-0.399049251,0.081666439,0.004044225,0.007641613
18.600000000,3.072228273,-0.390672837,5.010026393,1.146329182,2.640169049,-0.291719089,5.021183232,1.153515663,-0.432059225,0.098953749,0.011156839,0.007186482
18.630000000,3.083059857,-0.385577012,5.007142011,1.137971968,2.626285990,-0.273165954,5.020164472,1.145104260,-0.456773867,0.112411058,0.013022461,0.007132292
18.660000000,3.093928246,-0.380491555,5.005887826,1.129644468,2.612504915,-0.254165602,5.019146496,1.136754315,-0.481423330,0.126325953,0.013258670,0.007109847
18.700000000,3.108474193,-0.373715658,5.000846810,1.117345105,2.594293354,-0.228287393,5.017823749,1.125593067,-0.514180840,0.145428265,0.016976939,0.008247962
18.730000000,3.119420022,-0.368643124,5.005052878,1.108840099,2.580766188,-0.208494049,5.016859313,1.117178680,-0.538653833,0.160149074,0.011806435,0.008338581
18.760000000,3.130398587,-0.363604692,5.003857407,1.100392599,2.567381719,-0.188308647,5.015928567,1.108767674,-0.563016868,0.175296044,0.012071160,0.008375075
18.800000000,3.145082620,-0.356925092,4.995371211,1.088716180,2.549727809,-0.160858315,5.014717012,1.097612193,-0.595354811,0.196066778,0.019345801,0.008896012
18.830000000,3.156138869,-0.351942938,4.992548333,1.080073442,2.536617300,-0.139883100,5.013824726,1.089261294,-0.619521569,0.212059839,0.021276393,0.009187852
18.860000000,3.167214445,-0.346986659,4.991064505,1.071618442,2.523616660,-0.118544694,5.012952293,1.080863124,-0.643597785,0.228441965,0.021887788,0.009244682
18.900000000,3.182023484,-0.340437594,4.999363341,1.060956537,2.506425408,-0.089604810,5.011818948,1.069633893,-0.675598076,0.250832784,0.012455607,0.008677356
18.930000000,3.193178564,-0.335577985,4.991205310,1.053018783,2.493645826,-0.067520079,5.010996553,1.061255993,-0.699532737,0.268057906,0.019791243,0.008237211
18.960000000,3.204378028,-0.330735535,4.989785528,1.044653783,2.480977033,-0.045066621,5.010181631,1.052922250,-0.723400995,0.285668914,0.020396103,0.008268467
19.000000000,2.907488267,-0.171690302,4.993850578,1.033027771,2.464214522,-0.014680841,5.009103051,1.041760597,-0.443273745,0.157009461,0.015252473,0.008732826
19.030000000,2.914466752,-0.164826906,4.992774291,1.024337853,2.451736547,0.008431871,5.008299074,1.033340923,-0.462730206,0.173258777,0.015524782,0.009003070
19.060000000,2.921477238,-0.158003919,4.991391449,1.016085353,2.439363787,0.031878423,5.007507185,1.024948102,-0.482113451,0.189882342,0.016115735,0.008862749
19.100000000,2.930873233,-0.148934835,4.986282407,1.005158996,2.423024064,0.063582171,5.006447464,1.013813296,-0.507849169,0.212517006,0.020165056,0.008654300
19.130000000,2.937965350,-0.142173063,4.980782291,0.996866178,2.410896893,0.087665729,5.005655366,1.005458673,-0.527068457,0.229838792,0.024873075,0.008592495
19.160000000,2.945086640,-0.135441680,4.979048775,0.988393678,2.398917981,0.112022920,5.004879144,0.997066638,-0.546168659,0.247464600,0.025830369,0.008672960
19.200000000,2.954603613,-0.126547643,4.979897566,0.977264392,2.383183252,0.144846761,5.003880992,0.985875522,-0.571420361,0.271394404,0.023983426,0.008611130
19.230000000,2.961762642,-0.119926260,4.970032552,0.968608541,2.371573814,0.169716667,5.003161029,0.977493759,-0.590188828,0.289642927,0.033128477,0.008885218
19.260000000,2.968962479,-0.113340490,4.968095721,0.959928541,2.360147862,0.194816652,5.002470803,0.969109753,-0.608814618,0.308157142,0.034375082,0.009181212
19.300000000,2.978623345,-0.104650743,4.966984236,0.948712147,2.345133921,0.228566001,5.001584544,0.957912008,-0.633489424,0.333216744,0.034600309,0.009199861
19.330000000,2.985902689,-0.098210442,4.965065665,0.940621913,2.334031759,0.254092358,5.000952599,0.949510933,-0.651870930,0.352302800,0.035886934,0.008889020
19.360000000,2.993203594,-0.091830645,4.963150163,0.932384413,2.323083948,0.279841244,5.000351394,0.941133464,-0.670119646,0.371671888,0.037201230,0.008749051
19.400000000,3.003017232,-0.083413911,4.963965370,0.921731315,2.308673790,0.314455282,4.999575999,0.929985181,-0.694343442,0.397869193,0.035610629,0.008253866
19.430000000,3.010437165,-0.077137373,4.955919275,0.913897338,2.297990178,0.340608851,4.999018314,0.921609081,-0.712446987,0.417746225,0.043099039,0.007711743
19.460000000,3.017893040,-0.070900175,4.953870672,0.905354838,2.287423257,0.366945745,4.998479109,0.913213431,-0.730469783,0.437845920,0.044608438,0.007858593
19.500000000,2.679905112,0.128289302,4.959231149,0.894287776,2.273495590,0.402310490,4.997791173,0.902041176,-0.406409521,0.274021189,0.038560024,0.007753400
19.530000000,2.682607724,0.137057125,4.961666999,0.886253356,2.263168500,0.429014124,4.997298597,0.893684450,-0.419439224,0.291956999,0.035631598,0.007431095
19.560000000,2.685335967,0.145770879,4.959954643,0.877933356,2.252945730,0.455874831,4.996839948,0.885305650,-0.432390237,0.310103952,0.036885304,0.007372294
19.600000000,2.689005098,0.157320094,4.957246878,0.867486258,2.239453453,0.491877503,4.996263387,0.874092811,-0.449551645,0.334557409,0.039016508,0.006606553
19.630000000,2.691779567,0.165920844,4.957251878,0.858889563,2.229460050,0.519021163,4.995861540,0.865685850,-0.462319517,0.353100319,0.038609662,0.006796287
19.660000000,2.694589015,0.174459491,4.955547428,0.850369563,2.219620560,0.546297289,4.995491461,0.857304126,-0.474968455,0.371837798,0.039944034,0.006934562
19.700000000,2.698393740,0.185757470,4.956612647,0.838925461,2.206708965,0.582793374,4.995055575,0.846127444,-0.491684774,0.397035904,0.038442928,0.007201983
19.730000000,2.701285444,0.194169561,4.953243768,0.829297795,2.197170313,0.610230708,4.994775706,0.837731587,-0.504115132,0.416061147,0.041531937,0.008433792
19.760000000,2.704205412,0.202512166,4.951575932,0.820825295,2.187776359,0.637729202,4.994540663,0.829333949,-0.516429053,0.435217036,0.042964731,0.008508655
19.800000000,2.708136794,0.213532058,4.954952986,0.810356009,2.175450691,0.674494592,4.994287858,0.818157507,-0.532686103,0.460962534,0.039334872,0.007801498
19.830000000,2.711129967,0.221735342,4.956216543,0.802332886,2.166342279,0.702140300,4.994136165,0.809791473,-0.544787687,0.480404957,0.037919623,0.007458587
19.860000000,2.714179139,0.229881863,4.954794873,0.793837886,2.157337932,0.729836458,4.994027038,0.801415992,-0.556841206,0.499954595,0.039232165,0.007578105
19.900000000,2.718300657,0.240654860,4.954409042,0.782761339,2.145451700,0.766824915,4.993919782,0.790223757,-0.572848957,0.526170055,0.039510740,0.007462418
19.930000000,2.721417248,0.248667441,4.940083741,0.774830503,2.136632697,0.794623614,4.993874402,0.781839355,-0.584784551,0.545956173,0.053790661,0.007008853
19.960000000,2.724572298,0.256631548,4.938309466,0.766415503,2.127906662,0.822481724,4.993852245,0.773483439,-0.596665636,0.565850176,0.055542779,0.007067937
20.000000000,2.461152761,0.508567213,4.955607283,0.755264733,2.116361329,0.859675214,4.993871868,0.762334056,-0.344791433,0.351108002,0.038264585,0.007069323
20.030000000,2.460710367,0.519765084,4.954894326,0.746968070,2.107752535,0.887592701,4.993931076,0.753943303,-0.352957832,0.367827617,0.039036750,0.006975233
20.060000000,2.460319872,0.530892741,4.953681289,0.738870570,2.099200121,0.915539025,4.994028728,0.745551061,-0.361119750,0.384646284,0.040347439,0.006680491
20.100000000,2.459841402,0.545641991,4.949235572,0.727708161,2.087888071,0.952848331,4.994175047,0.734394873,-0.371953331,0.407206340,0.044939475,0.006686712
20.130000000,2.459519970,0.556637627,4.947109314,0.719051755,2.079467385,0.980851585,4.994291016,0.726037821,-0.380052585,0.424213957,0.047181702,0.006986066
20.160000000,2.459228025,0.567585311,4.945689197,0.710434255,2.071098003,1.008849164,4.994425445,0.717662315,-0.388130022,0.441263853,0.048736248,0.007228060
20.200000000,2.458901780,0.582101961,4.949712855,0.699612103,2.060015267,1.046159372,4.994642977,0.706481121,-0.398886512,0.464057411,0.044930122,0.006869018
20.230000000,2.458702618,0.592920818,4.964743152,0.690908365,2.051771663,1.074130021,4.994842804,0.698104732,-0.406930955,0.481209203,0.030099652,0.007196366
20.260000000,2.458544980,0.603675084,4.963955147,0.682520865,2.043589965,1.102081979,4.995067760,0.689737080,-0.414955014,0.498406895,0.031112613,0.007216214
20.300000000,2.458406068,0.617914418,4.970023674,0.671718550,2.032730913,1.139304259,4.995395815,0.678566581,-0.425675155,0.521389841,0.025372141,0.006848030
20.330000000,2.458352229,0.628522445,4.952498579,0.662920742,2.024613133,1.167181784,4.995641515,0.670174435,-0.433739096,0.538659340,0.043142936,0.007253693
20.360000000,2.458335838,0.639064842,4.951310450,0.654105742,2.016527494,1.195030512,4.995890436,0.661788680,-0.441808344,0.555965670,0.044579986,0.007682937
20.400000000,2.458363876,0.653023879,4.960373790,0.644474851,2.005786359,1.232127520,4.996228759,0.650631980,-0.452577517,0.579103641,0.035854969,0.006157129
20.430000000,2.458445312,0.663434126,4.959559171,0.637227992,1.997741328,1.259912716,4.996509289,0.642263157,-0.460703985,0.596478590,0.036950118,0.005035165
20.460000000,2.458564893,0.673782419,4.958597429,0.628715492,1.989689237,1.287649409,4.996810513,0.633873435,-0.468875656,0.613866990,0.038213084,0.005157943
20.500000000,2.302511856,0.832454716,4.968792572,0.618779198,1.978950893,1.324574961,4.997225951,0.622685587,-0.323560963,0.492120246,0.028433379,0.003906389
20.530000000,2.300566845,0.844655516,4.970553631,0.609493255,1.970901530,1.352232359,4.997542316,0.614313907,-0.329665315,0.507576843,0.026988685,0.004820652
20.560000000,2.298667673,0.856797783,4.969901247,0.601370755,1.962842479,1.379844141,4.997862737,0.605946314,-0.335825194,0.523046358,0.027961489,0.004575559
20.600000000,2.296211990,0.872886693,4.970070404,0.588733847,1.952059031,1.416581417,4.998295073,0.594759726,-0.344152959,0.543694724,0.028224669,0.006025879
20.630000000,2.294411957,0.884886649,4.977474098,0.579700358,1.943946972,1.444076749,4.998619986,0.586357111,-0.350464985,0.559190100,0.021145888,0.006656753
20.660000000,2.292645241,0.896819039,4.976955619,0.571040358,1.935827200,1.471522530,4.998955061,0.577972570,-0.356818041,0.574703491,0.021999443,0.006932212
20.700000000,2.290359295,0.912662288,4.970042160,0.560610279,1.924982317,1.508041479,4.999412555,0.566812557,-0.365376978,0.595379190,0.029370394,0.006202278
20.730000000,2.288705322,0.924500111,4.972102871,0.552570886,1.916813029,1.535359206,4.999765670,0.558429384,-0.371892293,0.610859095,0.027662799,0.005858498
20.760000000,2.287095471,0.936277066,4.971360594,0.544053386,1.908598885,1.562600757,5.000125812,0.550027388,-0.378496586,0.626323691,0.028765218,0.005974002
20.800000000,2.285011951,0.951895970,4.972740332,0.534041269,1.897605746,1.598836660,5.000638807,0.538838966,-0.387406205,0.646940690,0.027898475,0.004797697
20.830000000,2.283517183,0.963564236,4.986585351,0.523852552,1.889332465,1.625953041,5.001038650,0.530469714,-0.394184719,0.662388805,0.014453299,0.006617161
20.860000000,2.282093135,0.975179867,4.986307331,0.515282552,1.881008142,1.652998512,5.001455669,0.522096397,-0.401084994,0.677818645,0.015148339,0.006813844
20.900000000,2.280286753,0.990576181,4.978039911,0.504163505,1.869818956,1.688955565,5.002014962,0.510900071,-0.410467797,0.698379384,0.023975050,0.006736567
20.930000000,2.278976680,1.002053584,4.979810959,0.495664460,1.861368644,1.715853160,5.002427526,0.502498997,-0.417608035,0.713799576,0.022616567,0.006834537
20.960000000,2.277707674,1.013458487,4.979246870,0.487351960,1.852872592,1.742690025,5.002836051,0.494123416,-0.424835082,0.729231538,0.023589181,0.006771456
21.000000000,2.030777772,1.289456476,4.991010174,0.476281479,1.841461906,1.778382590,5.003395030,0.482965125,-0.189315866,0.488926114,0.012384856,0.006683646
21.030000000,2.026248129,1.304345982,4.994900480,0.467657060,1.832820977,1.805075156,5.003827690,0.474573698,-0.193427152,0.500729173,0.008927210,0.006916638
21.060000000,2.021769350,1.319174357,4.994734380,0.459422060,1.824098849,1.831693773,5.004257520,0.466165298,-0.197670501,0.512519416,0.009523139,0.006743238
21.100000000,2.015886788,1.338847168,5.002241309,0.448683272,1.812389320,1.867102917,5.004817848,0.454977034,-0.203497468,0.528255748,0.002576539,0.006293762
21.130000000,2.011542679,1.353551596,5.006180309,0.441487085,1.803550121,1.893599668,5.005215265,0.446606900,-0.207992558,0.540048072,-0.000965044,0.005119815
21.160000000,2.007246097,1.368198858,5.006195999,0.433194585,1.794635212,1.920026828,5.005595215,0.438226526,-0.212610885,0.551827969,-0.000600784,0.005031941
21.200000000,2.001622381,1.387629460,5.005546030,0.422737810,1.782638587,1.955165947,5.006067617,0.427025135,-0.218983794,0.567536487,0.000521587,0.004287325
21.230000000,1.997451289,1.402139417,5.005410204,0.413780131,1.773572029,1.981454794,5.006400102,0.418627267,-0.223879259,0.579315377,0.000989898,0.004847136
21.260000000,1.993316982,1.416611177,5.005239238,0.405280131,1.764446282,2.007684943,5.006708968,0.410251594,-0.228870700,0.591073767,0.001469730,0.004971463
21.300000000,1.987910907,1.435831275,5.019023401,0.395012483,1.752177704,2.042574634,5.007105378,0.399082771,-0.235733203,0.606743360,-0.011918023,0.004070287
21.330000000,1.983928225,1.450168998,5.020526124,0.387709197,1.742886266,2.068675782,5.007390015,0.390683284,-0.241041959,0.618506784,-0.013136110,0.002974086
21.360000000,1.979991139,1.464458124,5.020598348,0.379416697,1.733513022,2.094717685,5.007654257,0.382276258,-0.246478117,0.630259561,-0.012944091,0.002859561
21.400000000,1.974822222,1.483435810,5.018972984,0.369030971,1.720927184,2.129374011,5.007964822,0.371096689,-0.253895038,0.645938201,-0.011008163,0.002065718
21.430000000,1.971021195,1.497625274,5.023701945,0.360582747,1.711415292,2.155316526,5.008161056,0.362725831,-0.259605902,0.657691252,-0.015540889,0.002143083
21.460000000,1.967288375,1.511763049,5.023636252,0.352250247,1.701810719,2.181204340,5.008332368,0.354333941,-0.265477656,0.669441291,-0.015303884,0.002083694
21.500000000,1.875882722,1.803782516,5.012532248,0.341396964,1.688883543,2.215653088,5.008532014,0.343121794,-0.186999179,0.411870572,-0.004000234,0.001724830
21.530000000,1.871121210,1.821569127,5.015004451,0.333084140,1.679114252,2.241446852,5.008665070,0.334727409,-0.192006958,0.419877725,-0.006339380,0.001643270
21.560000000,1.866437641,1.839300506,5.014474006,0.324551640,1.669274785,2.267201572,5.008779282,0.326356264,-0.197162856,0.427901066,-0.005694723,0.001804624
21.600000000,1.860299517,1.862860816,5.005786700,0.312816664,1.656035740,2.301483178,5.008927790,0.315179038,-0.204263777,0.438622362,0.003141090,0.002362373
21.630000000,1.855772066,1.880470956,5.000660138,0.303749284,1.646009118,2.327150040,5.009028850,0.306770066,-0.209762949,0.446679084,0.008368712,0.003020782
21.660000000,1.851307909,1.898022400,4.999632075,0.295221784,1.635900878,2.352779555,5.009129490,0.298365683,-0.215407031,0.454757155,0.009497415,0.003143899
21.700000000,1.845458783,1.921325755,5.006091796,0.284542107,1.622329395,2.386909371,5.009265289,0.287195229,-0.223129387,0.465583616,0.003173493,0.002653122
21.730000000,1.841154010,1.938750054,5.003086123,0.276319729,1.612068125,2.412472243,5.009377206,0.278820764,-0.229085885,0.473722189,0.006291083,0.002501035
21.760000000,1.836930315,1.956125200,5.002132917,0.268017229,1.601708584,2.437997679,5.009490110,0.270418790,-0.235221731,0.481872479,0.007357192,0.002401561
21.800000000,1.831395672,1.979196341,4.991591661,0.256654777,1.587779906,2.471988244,5.009627598,0.259206918,-0.243615766,0.492791903,0.018035937,0.002552141
21.830000000,1.827313486,1.996422252,4.996689342,0.248315503,1.577262636,2.497454557,5.009722970,0.250821657,-0.250050850,0.501032305,0.013033627,0.002506154
21.860000000,1.823301485,2.013589439,4.995490862,0.239820503,1.566670357,2.522894756,5.009817694,0.242451040,-0.256631128,0.509305317,0.014326832,0.002630537
21.900000000,1.818080004,2.036400722,5.001395992,0.229217606,1.552422908,2.556776151,5.009961677,0.231260863,-0.265657096,0.520375428,0.008565685,0.002043257
21.930000000,1.814242934,2.053439099,5.004110975,0.219733898,1.541645882,2.582159709,5.010074244,0.222847787,-0.272597052,0.528720610,0.005963269,0.003113889
21.960000000,1.810487225,2.070416574,5.003161526,0.211348898,1.530797772,2.607521955,5.010189976,0.214451759,-0.279689453,0.537105382,0.007028450,0.003102861
22.000000000,1.618347169,2.324919283,5.004579671,0.200422704,1.516244220,2.641312602,5.010327930,0.203287473,-0.102102949,0.316393319,0.005748259,0.002864769
22.030000000,1.612172892,2.344960050,4.997786342,0.191956508,1.505246291,2.666633920,5.010422100,0.194905352,-0.106926601,0.321673871,0.012635758,0.002948844
22.060000000,1.606074235,2.364954189,4.996595289,0.183399008,1.494157448,2.691933029,5.010499521,0.186493503,-0.111916787,0.326978841,0.013904232,0.003094494
22.100000000,1.598075128,2.391549135,4.993847048,0.172624756,1.479277374,2.725643723,5.010594846,0.175282096,-0.118797754,0.334094587,0.016747798,0.002657340
22.130000000,1.592171102,2.411419105,4.993777669,0.163803368,1.468061333,2.750916944,5.010664537,0.166901986,-0.124109768,0.339497839,0.016886869,0.003098617
22.160000000,1.586353119,2.431221574,4.992436693,0.155395868,1.456780411,2.776184390,5.010738993,0.158527556,-0.129572708,0.344962816,0.018302300,0.003131688
22.200000000,1.578718023,2.457521766,4.985567697,0.145032082,1.441633404,2.809871173,5.010844490,0.147322833,-0.137084619,0.352349407,0.025276792,0.002290751
22.230000000,1.573091851,2.477185599,4.982192635,0.136614256,1.430202603,2.835139350,5.010925574,0.138903497,-0.142889248,0.357953750,0.028732939,0.002289240
22.260000000,1.567533927,2.496797587,4.980535069,0.128019256,1.418723019,2.860417195,5.011016892,0.130512080,-0.148810908,0.363619607,0.030481822,0.002492823
22.300000000,1.560251336,2.522848725,4.971324788,0.117103206,1.403350332,2.894136195,5.011154958,0.119350722,-0.156901004,0.371287470,0.039830170,0.002247516
22.330000000,1.554899354,2.542305916,4.971419180,0.108143631,1.391755618,2.919435857,5.011279652,0.110959213,-0.163143736,0.377129941,0.039860472,0.002815582
22.360000000,1.549625091,2.561713062,4.969510760,0.099656131,1.380096151,2.944746717,5.011424106,0.102541088,-0.169528940,0.383033655,0.041913345,0.002884957
22.400000000,1.542714028,2.587491017,4.973496421,0.088297700,1.364494025,2.978513635,5.011659616,0.091340964,-0.178220003,0.391022618,0.038163195,0.003043264
22.430000000,1.537629792,2.606743513,4.977322488,0.079983140,1.352758523,3.003854213,5.011862360,0.082971476,-0.184871269,0.397110700,0.034539872,0.002988336
22.460000000,1.532634478,2.625933018,4.975724874,0.071450640,1.340974591,3.029209173,5.012093099,0.074592631,-0.191659886,0.403276155,0.036368225,0.003141991
22.500000000,1.441955818,2.858649007,4.989550913,0.060171430,1.325188963,3.063034404,5.012419311,0.063379475,-0.116766855,0.204385397,0.022868398,0.003208046
22.530000000,1.436010872,2.880541141,4.995303797,0.051900723,1.313310438,3.088418506,5.012676553,0.054968207,-0.122700434,0.207877364,0.017372756,0.003067484
22.560000000,1.430149126,2.902367091,4.994287151,0.043675723,1.301411007,3.113818808,5.012936903,0.046589377,-0.128738118,0.211451717,0.018649752,0.002913654
22.600000000,1.422485012,2.931393072,5.000363053,0.032559267,1.285505218,3.147706575,5.013280104,0.035425476,-0.136979794,0.216313503,0.012917051,0.002866209
22.630000000,1.416831010,2.953094756,4.990954453,0.024889560,1.273532899,3.173137152,5.013528051,0.027024347,-0.143298111,0.220042397,0.022573598,0.002134787
22.660000000,1.411261308,2.974738871,4.989711665,0.016324560,1.261526439,3.198582673,5.013759082,0.018608309,-0.149734869,0.223843802,0.024047417,0.002283749
22.700000000,1.403970413,3.003541354,4.979002667,0.005052082,1.245501457,3.232530488,5.014051168,0.007421499,-0.158468957,0.228989134,0.035048500,0.002369417
22.730000000,1.398593139,3.025078358,4.975175628,-0.004105088,1.233470964,3.258006293,5.014263437,-0.000946798,-0.165122175,0.232927935,0.039087809,0.003158290
22.760000000,1.393301922,3.046550848,4.973444430,-0.012760088,1.221411724,3.283496444,5.014489000,-0.009336293,-0.171890198,0.236945596,0.041044570,0.003423795
22.800000000,1.386401220,3.075100276,4.979464140,-0.024005013,1.205296029,3.317501468,5.014813436,-0.020553051,-0.181105192,0.242401192,0.035349296,0.003451963
22.830000000,1.381326377,3.096457703,4.985242710,-0.031785170,1.193200768,3.343017758,5.015086349,-0.028953358,-0.188125609,0.246560055,0.029843639,0.002831812
22.860000000,1.376327448,3.117752511,4.983946844,-0.040320170,1.181107100,3.368544969,5.015381125,-0.037325962,-0.195220347,0.250792458,0.031434281,0.002994207
22.900000000,1.369807881,3.146071540,4.989093519,-0.051647538,1.164963159,3.402594369,5.015805005,-0.048501934,-0.204844722,0.256522829,0.026711486,0.003145604
22.930000000,1.365042848,3.167242988,4.982772422,-0.059575031,1.152832628,3.428139565,5.016133420,-0.056911569,-0.212210220,0.260896577,0.033360999,0.002663462
22.960000000,1.360361311,3.188346964,4.981423230,-0.068045031,1.140696060,3.453687849,5.016468977,-0.065318681,-0.219665251,0.265340886,0.035045747,0.002726351
23.000000000,1.201924241,3.260014125,4.988604027,-0.080034623,1.124530053,3.487742183,5.016921950,-0.076498375,-0.077394188,0.227728058,0.028317923,0.003536248
23.030000000,1.195395343,3.281592317,4.980204954,-0.088684276,1.112411367,3.513261782,5.017273230,-0.084877606,-0.082983977,0.231669465,0.037068276,0.003806670
23.060000000,1.188977698,3.303111403,4.978788022,-0.097094276,1.100283681,3.538739316,5.017640949,-0.093272805,-0.088694017,0.235627913,0.038852927,0.003821471
23.100000000,1.180557133,3.331687810,4.978611165,-0.108914136,1.084119872,3.572613292,5.018149150,-0.104460271,-0.096437261,0.240925482,0.039537985,0.004453865
23.130000000,1.174367414,3.353055044,4.987670392,-0.117804024,1.072029359,3.597913679,5.018561689,-0.112842418,-0.102338054,0.244858635,0.030891297,0.004961606
23.160000000,1.168301381,3.374362791,4.986560415,-0.126289024,1.059980468,3.623068959,5.019009869,-0.121232452,-0.108320914,0.248706168,0.032449453,0.005056572
23.200000000,1.160395085,3.402690438,4.997158723,-0.136964209,1.043948259,3.656364868,5.019669887,-0.132394463,-0.116446826,0.253674431,0.022511164,0.004569746
23.230000000,1.154578136,3.423874952,4.987646353,-0.146435239,1.031948418,3.681119885,5.020197349,-0.140722334,-0.122629718,0.257244933,0.032550997,0.005712905
23.260000000,1.148850212,3.445009832,4.986628736,-0.155085239,1.020000106,3.705617520,5.020755931,-0.149049531,-0.128850106,0.260607688,0.034127195,0.006035708
23.300000000,1.141380430,3.473103230,4.982623451,-0.164790519,1.004160535,3.737889995,5.021528398,-0.160220872,-0.137219895,0.264786765,0.038904948,0.004569647
23.330000000,1.135896640,3.494099424,4.978800878,-0.173290267,0.992338814,3.761775257,5.022143294,-0.168598657,-0.143557826,0.267675833,0.043342415,0.004691609
23.360000000,1.130516634,3.515029889,4.977603695,-0.181642767,0.980564493,3.785314398,5.022798145,-0.176896178,-0.149952142,0.270284509,0.045194450,0.004746589
23.400000000,1.123513348,3.542848191,4.964794813,-0.192367297,0.964957031,3.816198883,5.023735450,-0.187937377,-0.158556317,0.273350691,0.058940636,0.004429920
23.430000000,1.118368397,3.563635403,4.962452861,-0.201003589,0.953342891,3.838961598,5.024490829,-0.196299905,-0.165025506,0.275326194,0.062037968,0.004703684
23.460000000,1.113322809,3.584366574,4.960912027,-0.209756089,0.941817880,3.861301999,5.025309510,-0.204704237,-0.171504929,0.276935425,0.064397483,0.005051851
23.500000000,1.021399418,3.773516644,4.975660291,-0.220982728,0.926550301,3.890503784,5.026503287,-0.215786802,-0.094849117,0.116987140,0.050842996,0.005195926
23.530000000,1.015391474,3.796339269,4.972310220,-0.229318001,0.915183710,3.911948963,5.027471278,-0.224026974,-0.100207764,0.115609693,0.055161059,0.005291027
23.560000000,1.009475582,3.819102806,4.971321776,-0.237715501,0.903930570,3.932915620,5.028509360,-0.232326618,-0.105545012,0.113812815,0.057187583,0.005388883
23.600000000,1.001726939,3.849382155,4.987517814,-0.249146345,0.889088804,3.960201778,5.029956087,-0.243467928,-0.112638135,0.110819624,0.042438272,0.005678417
23.630000000,0.996016641,3.872037564,4.984191968,-0.257304103,0.878069443,3.980135021,5.031087272,-0.251753480,-0.117947198,0.108097457,0.046895304,0.005550623
23.660000000,0.990391638,3.894651528,4.983724742,-0.265514103,0.867161343,3.999487075,5.032259595,-0.259895286,-0.123230295,0.104835546,0.048534853,0.005618817
23.700000000,0.983040861,3.924769484,4.977905155,-0.275952648,0.852776793,4.024382227,5.033791666,-0.270752270,-0.130264068,0.099612743,0.055886511,0.005200378
23.730000000,0.977641121,3.947377160,4.980317695,-0.284212775,0.842091816,4.042223118,5.034887369,-0.279022859,-0.135549305,0.094845958,0.054569674,0.005189916
23.760000000,0.972338078,3.969996023,4.979656638,-0.292582775,0.831451184,4.059011576,5.035921375,-0.287279024,-0.140886895,0.089015554,0.056264738,0.005303750
23.800000000,0.965442921,4.000180772,4.967580609,-0.302877329,0.817232583,4.079691281,5.037166420,-0.297914080,-0.148210338,0.079510509,0.069585810,0.004963249
23.830000000,0.960398408,4.022831598,4.971062109,-0.309757440,0.806508367,4.093749609,5.037949877,-0.305742068,-0.153890042,0.070918010,0.066887768,0.004015372
23.860000000,0.955448310,4.045480661,4.969959782,-0.317877440,0.795697065,4.106195741,5.038539740,-0.313858446,-0.159751246,0.060715080,0.068579957,0.004018994
23.900000000,0.949007770,4.075678610,4.982929196,-0.329387265,0.781121105,4.120499312,5.039034579,-0.324947449,-0.167886665,0.044820702,0.056105383,0.004439816
23.930000000,0.944294626,4.098329226,4.991508876,-0.337005519,0.770038728,4.129451461,5.039173412,-0.333013866,-0.174255898,0.031122235,0.047664535,0.003991652
23.960000000,0.939679521,4.120964173,4.990802293,-0.345458019,0.758794433,4.136584966,5.039053885,-0.340779895,-0.180885088,0.015620792,0.048251593,0.004678123
24.000000000,0.829248216,4.112569788,5.004392889,-0.355236514,0.743599787,4.143629288,5.038528486,-0.351454344,-0.085648429,0.031059500,0.034135597,0.003782170
24.030000000,0.823415951,4.134677316,4.996341026,-0.362546373,0.732053981,4.147048499,5.037840030,-0.359852540,-0.091361970,0.012371183,0.041499004,0.002693833
24.060000000,0.817702985,4.156786525,4.995424226,-0.371011373,0.720344219,4.148600919,5.036854037,-0.368149339,-0.097358766,-0.008185606,0.041429811,0.002862034
24.100000000,0.810230281,4.186280841,4.994465711,-0.382173338,0.704508978,4.148197443,5.035137977,-0.378714035,-0.105721303,-0.038083397,0.040672265,0.003459303
24.130000000,0.804725154,4.208427072,5.001170213,-0.389682339,0.692486185,4.146056071,5.033562316,-0.386684300,-0.112238968,-0.062371001,0.032392103,0.002998039
24.160000000,0.799312685,4.230591064,5.000003489,-0.398179839,0.680345858,4.142114828,5.031712132,-0.395135957,-0.118966826,-0.088476236,0.031708643,0.003043883
24.200000000,0.792244992,4.260190693,5.004812559,-0.407435032,0.664017380,4.134547837,5.028910703,-0.406538505,-0.128227612,-0.125642857,0.024098144,0.000896528
24.230000000,0.787061366,4.282424871,5.008090856,-0.414893218,0.651674241,4.127208580,5.026575209,-0.414746407,-0.135387125,-0.155216291,0.018484353,0.000146811
24.260000000,0.781960635,4.304704831,5.006862882,-0.423133218,0.639269256,4.118285911,5.024027013,-0.422807304,-0.142691379,-0.186418920,0.017164131,0.000325915
24.300000000,0.775307910,4.334474908,5.010384815,-0.433095536,0.622710918,4.104383195,5.020387856,-0.433995913,-0.152596992,-0.230091712,0.010003041,-0.000900376
24.330000000,0.770449142,4.356856825,5.004632639,-0.441262567,0.610304787,4.092529452,5.017496411,-0.442617648,-0.160144355,-0.264327373,0.012863772,-0.001355081
24.360000000,0.765673428,4.379296090,5.003092448,-0.449927567,0.597928110,4.079343840,5.014481018,-0.451014375,-0.167745318,-0.299952250,0.011388570,-0.001086808
24.400000000,0.759460769,4.409292480,5.000477619,-0.461165386,0.581508639,4.060103518,5.010331543,-0.461949007,-0.177952130,-0.349188961,0.009853924,-0.000783621
24.430000000,0.754915654,4.431877744,4.995939153,-0.469675301,0.569298057,4.044492668,5.007156556,-0.470295878,-0.185617597,-0.387385077,0.011217403,-0.000620577
24.460000000,0.750471230,4.454532532,4.994116183,-0.478087801,0.557227771,4.027780519,5.003939609,-0.478866730,-0.193243459,-0.426752013,0.009823426,-0.000778929
24.500000000,0.618844246,4.289301865,4.995096818,-0.488619709,0.541340075,4.004141859,4.999637047,-0.490163645,-0.077504172,-0.285160006,0.004540229,-0.001543935
24.530000000,0.612896366,4.309423546,5.001258463,-0.496359044,0.529595655,3.985462995,4.996416701,-0.498439672,-0.083300711,-0.323960551,-0.004841762,-0.002080628
24.560000000,0.607042561,4.329620013,4.999771922,-0.504784044,0.518061241,3.965897154,4.993220409,-0.506751339,-0.088981320,-0.363722859,-0.006551513,-0.001967294
24.600000000,0.599385739,4.356679801,4.992151568,-0.515032534,0.503007425,3.938707551,4.988991311,-0.518052507,-0.096378313,-0.417972250,-0.003160257,-0.003019973
24.630000000,0.593765848,4.377086761,4.998170606,-0.523859143,0.491971073,3.917546811,4.985850018,-0.526546474,-0.101794776,-0.459539950,-0.012320588,-0.002687331
24.660000000,0.588252915,4.397602387,4.996818046,-0.532076643,0.481195782,3.895681916,4.982757356,-0.534902371,-0.107057133,-0.501920471,-0.014060690,-0.002825727
24.700000000,0.581066352,4.425102261,4.997086123,-0.543081940,0.467210712,3.865653112,4.978724463,-0.546009007,-0.113855640,-0.559449149,-0.018361660,-0.002927067
24.730000000,0.575794136,4.445866118,5.000397507,-0.550557577,0.457033326,3.842508810,4.975770602,-0.554435527,-0.118760810,-0.603357308,-0.024626905,-0.003877949
24.760000000,0.570619899,4.466732682,4.999374654,-0.559047577,0.447175883,3.818787974,4.972884923,-0.562909124,-0.123444016,-0.647944709,-0.026489731,-0.003861547
24.800000000,0.563884950,4.494711890,4.985869976,-0.570241011,0.434451681,3.786455755,4.969137249,-0.574107375,-0.129433269,-0.708256135,-0.016732728,-0.003866364
24.830000000,0.558941098,4.515818350,4.989021339,-0.578199638,0.425228441,3.761709206,4.966395863,-0.582446693,-0.133712657,-0.754109144,-0.022625476,-0.004247056
24.860000000,0.554083266,4.537038582,4.987897244,-0.586572138,0.416344868,3.736487398,4.963740225,-0.590833324,-0.137738397,-0.800551184,-0.024157019,-0.004261187
24.900000000,0.547737201,4.565499557,4.993470132,-0.597043866,0.404959946,3.702260903,4.960322028,-0.602084748,-0.142777255,-0.863238653,-0.033148104,-0.005040882
24.930000000,0.543075948,4.586985676,4.987191600,-0.604624229,0.396754345,3.676173912,4.957856473,-0.610498158,-0.146321602,-0.910811764,-0.029335127,-0.005873929
24.960000000,0.538502136,4.608603086,4.986306065,-0.612911729,0.388873047,3.649699782,4.955473114,-0.618856183,-0.149629089,-0.958903304,-0.030832951,-0.005944454
25.000000000,0.451190670,4.214855238,4.967053012,-0.624802725,0.378810101,3.613902235,4.952393551,-0.630016402,-0.072380570,-0.600953003,-0.014659462,-0.005213677
25.030000000,0.445695457,4.230896372,4.965970533,-0.632638266,0.371601957,3.586690763,4.950153742,-0.638433645,-0.074093500,-0.644205609,-0.015816791,-0.005795379
25.060000000,0.440310096,4.247038978,4.964671193,-0.641195766,0.364718315,3.559139996,4.947999468,-0.646854452,-0.075591781,-0.687898982,-0.016671726,-0.005658686
25.100000000,0.433280372,4.268755611,4.951207750,-0.652020806,0.355945896,3.521985054,4.945261569,-0.658030983,-0.077334476,-0.746770557,-0.005946181,-0.006010177
25.130000000,0.428108555,4.285197014,4.951185148,-0.660186956,0.349665570,3.493810546,4.943309776,-0.666398874,-0.078442985,-0.791386468,-0.007875372,-0.006211917
25.160000000,0.423024670,4.301766323,4.949773529,-0.668906956,0.343682526,3.465328190,4.941454228,-0.674798672,-0.079342144,-0.836438133,-0.008319301,-0.005891715
25.200000000,0.416393172,4.324050943,4.945554715,-0.680576690,0.336077943,3.426956834,4.939090888,-0.686019904,-0.080315229,-0.897094109,-0.006463826,-0.005443214
25.230000000,0.411519042,4.340921622,4.941222264,-0.687829493,0.330632147,3.397899275,4.937401257,-0.694413643,-0.080886895,-0.943022346,-0.003821007,-0.006584150
25.260000000,0.406730411,4.357919038,4.939792966,-0.696664493,0.325430968,3.368575282,4.935781622,-0.702781990,-0.081299443,-0.989343756,-0.004011344,-0.006117497
25.300000000,0.400457299,4.380773172,4.928445424,-0.707410619,0.318823509,3.329124542,4.933711161,-0.713961872,-0.081633791,-1.051648630,0.005265737,-0.006551253
25.330000000,0.395847306,4.398053801,4.929126633,-0.716671666,0.314106883,3.299280632,4.932219129,-0.722372307,-0.081740423,-1.098773169,0.003092496,-0.005700641
25.360000000,0.391324030,4.415455220,4.927571163,-0.725021666,0.309607120,3.269201781,4.930796453,-0.730772020,-0.081716910,-1.146253439,0.003225291,-0.005750354
25.400000000,0.385413033,4.438873269,4.924854601,-0.737057957,0.303872853,3.228804788,4.928989726,-0.741936686,-0.081540181,-1.210068482,0.004135125,-0.004878729
25.430000000,0.381065434,4.456593806,4.917985279,-0.744892041,0.299768534,3.198289529,4.927704237,-0.750310589,-0.081296900,-1.258304277,0.009718958,-0.005418548
25.460000000,0.376808995,4.474436324,4.916310827,-0.753374541,0.295855739,3.167558989,4.926476973,-0.758711202,-0.080953256,-1.306877334,0.010166146,-0.005336661
25.500000000,0.282735570,3.955573346,4.927744251,-0.764773605,0.290865702,3.126320041,4.924911505,-0.769915919,0.008130132,-0.829253306,-0.002832746,-0.005142314
25.530000000,0.277467011,3.966176348,4.915185221,-0.773430490,0.287272911,3.095208353,4.923795418,-0.778294048,0.009805901,-0.870967995,0.008610197,-0.004863558
25.560000000,0.272262258,3.976915512,4.913629461,-0.782060490,0.283819946,3.063919494,4.922731779,-0.786657931,0.011557688,-0.912996018,0.009102318,-0.004597441
25.600000000,0.265416080,3.991455265,4.918151767,-0.792461897,0.279393963,3.021961837,4.921373294,-0.797843132,0.013977883,-0.969493428,0.003221527,-0.005381235
25.630000000,0.260364352,4.002526812,4.913045002,-0.801119330,0.276187545,2.990321304,4.920403477,-0.806250241,0.015823193,-1.012205508,0.007358476,-0.005130911
25.660000000,0.255388663,4.013737094,4.911568038,-0.809504330,0.273059529,2.958523730,4.919484522,-0.814632323,0.017670866,-1.055213364,0.007916484,-0.005127994
25.700000000,0.248892586,4.028881722,4.905029386,-0.821197625,0.268965998,2.915921625,4.918307720,-0.825778561,0.020073412,-1.112960097,0.013278335,-0.004580937
25.730000000,0.244101686,4.040387689,4.907362201,-0.829182480,0.265949988,2.883809796,4.917467523,-0.834159245,0.021848302,-1.156577894,0.010105322,-0.004976765
25.760000000,0.239379634,4.052023437,4.905823931,-0.837579980,0.262978682,2.851543510,4.916665887,-0.842578110,0.023599048,-1.200479927,0.010841956,-0.004998131
25.800000000,0.233196701,4.067720277,4.914183325,-0.848415737,0.259047890,2.808348687,4.915663290,-0.853783348,0.025851189,-1.259371590,0.001479965,-0.005367611
25.830000000,0.228641415,4.079641491,4.900891149,-0.856961211,0.256110444,2.775840006,4.914957586,-0.862148671,0.027469029,-1.303801485,0.014066436,-0.005187460
25.860000000,0.224157008,4.091696089,4.899315636,-0.865536211,0.253185389,2.743221722,4.914294286,-0.870515861,0.029028380,-1.348474368,0.014978649,-0.004979650
25.900000000,0.218279775,4.107974832,4.889455950,-0.876102844,0.249302319,2.699590196,4.913448478,-0.881718108,0.031022543,-1.408384635,0.023992528,-0.005615264
25.930000000,0.213953059,4.120360513,4.888972964,-0.884200907,0.246389102,2.666779274,4.912853984,-0.890126427,0.032436043,-1.453581239,0.023881021,-0.005925520
25.960000000,0.209699384,4.132886840,4.887186798,-0.892923407,0.243455675,2.633904463,4.912310819,-0.898499948,0.033756291,-1.498982377,0.025124021,-0.005576541
26.000000000,0.180218064,3.637893232,4.888845440,-0.903121077,0.239511568,2.589991355,4.911663005,-0.909650489,0.059293504,-1.047901877,0.022817565,-0.006529412
26.030000000,0.175795411,3.643633849,4.882944256,-0.911151066,0.236529857,2.556993222,4.911235958,-0.918044509,0.060734447,-1.086640627,0.028291702,-0.006893443
26.060000000,0.171437405,3.649515305,4.881205861,-0.919496066,0.233512948,2.523943990,4.910858445,-0.926468425,0.062075543,-1.125571315,0.029652583,-0.006972359
26.100000000,0.165764940,3.657566974,4.886171282,-0.929638432,0.229409012,2.479841018,4.910427935,-0.937668578,0.063644072,-1.177725956,0.024256654,-0.008030147
26.130000000,0.161602732,3.663753115,4.877091897,-0.937883593,0.226249443,2.446741734,4.910159446,-0.946038374,0.064646712,-1.217011382,0.033067550,-0.008154781
26.160000000,0.157510268,3.670065101,4.875351546,-0.946123593,0.222991022,2.413607715,4.909940181,-0.954431429,0.065480753,-1.256457386,0.034588636,-0.008307836
26.200000000,0.152169793,3.678671710,4.883740692,-0.957911477,0.218488310,2.369375580,4.909681833,-0.965679893,0.066318517,-1.309296129,0.025941141,-0.007768416
26.230000000,0.148267884,3.685265597,4.889458771,-0.965734585,0.214972650,2.336174588,4.909518783,-0.974117976,0.066704766,-1.349091009,0.020060012,-0.008383391
26.260000000,0.144441534,3.691991909,4.888221681,-0.974129585,0.211305230,2.302965983,4.909379375,-0.982510141,0.066863695,-1.389025926,0.021157693,-0.008380556
26.300000000,0.139416542,3.701175188,4.888559906,-0.985703807,0.206220035,2.258685986,4.909214326,-0.993688271,0.066803493,-1.442489202,0.020654420,-0.007984465
26.330000000,0.135739299,3.708215586,4.902236774,-0.994424596,0.202267628,2.225479140,4.909098105,-1.002104226,0.066528329,-1.482736446,0.006861331,-0.007679630
26.360000000,0.132146512,3.715378232,4.901418703,-1.002952096,0.198175802,2.192295869,4.908994285,-1.010529123,0.066029289,-1.523082362,0.007575582,-0.007577027
26.400000000,0.127459266,3.725112166,4.915515953,-1.014550766,0.192526343,2.148116878,4.908887306,-1.021715886,0.065067077,-1.576995288,-0.006628647,-0.007165119
26.430000000,0.124011012,3.732556853,4.908655180,-1.022826135,0.188146269,2.115040086,4.908820735,-1.030084169,0.064135257,-1.617516767,0.000165555,-0.007258034
26.460000000,0.120650188,3.740125427,4.908047953,-1.031516135,0.183630678,2.082019969,4.908763808,-1.038477965,0.062980490,-1.658105458,0.000715855,-0.006961830
26.500000000,0.109405387,3.102716284,4.900644141,-1.041713099,0.177427925,2.038084030,4.908692311,-1.049697609,0.068022538,-1.064632253,0.008048170,-0.007984510
26.530000000,0.106105764,3.101614316,4.908488990,-1.050433138,0.172632170,2.005220538,4.908654464,-1.058093418,0.066526406,-1.096393778,0.000165474,-0.007660280
26.560000000,0.102888890,3.100653334,4.907869453,-1.058928138,0.167690230,1.972459617,4.908655388,-1.066453541,0.064801340,-1.128193717,0.000785935,-0.007525403
26.600000000,0.098731379,3.099570491,4.903061012,-1.070048716,0.160903138,1.928910596,4.908734537,-1.077620727,0.062171759,-1.170659895,0.005673525,-0.007572011
26.630000000,0.095711840,3.098907836,4.906097512,-1.078987667,0.155646550,1.896346704,4.908839660,-1.086025061,0.059934711,-1.202561131,0.002742148,-0.007037394
26.660000000,0.092785295,3.098370987,4.905486508,-1.087115167,0.150183875,1.863888694,4.908989618,-1.094410164,0.057398580,-1.234482293,0.003503110,-0.007294997
26.700000000,0.089014539,3.097853252,4.912775503,-1.098379283,0.142581784,1.820752943,4.909236360,-1.105538361,0.053567244,-1.277100309,-0.003539143,-0.007159078
26.730000000,0.086287368,3.097626263,4.915491081,-1.107244911,0.136633599,1.788496701,4.909452899,-1.113895572,0.050346231,-1.309129562,-0.006038182,-0.006650661
26.760000000,0.083633044,3.097509948,4.915221091,-1.115607411,0.130443425,1.756333664,4.909684655,-1.122320380,0.046810381,-1.341176284,-0.005536437,-0.006712969
26.800000000,0.080202102,3.097529547,4.914048669,-1.126341744,0.121873880,1.713606915,4.910003940,-1.133561547,0.041671779,-1.383922632,-0.004044728,-0.007219803
26.830000000,0.077707655,3.097675485,4.918396356,-1.134312552,0.115217084,1.681704433,4.910248526,-1.141940651,0.037509429,-1.415971052,-0.008147830,-0.007628099
26.860000000,0.075293304,3.097922145,4.918182687,-1.142940052,0.108348828,1.649952495,4.910506924,-1.150301617,0.033055524,-1.447969650,-0.007675763,-0.007361565
26.900000000,0.072194793,3.098418445,4.920101116,-1.153449265,0.098935061,1.607815049,4.910883520,-1.161500676,0.026740268,-1.490603396,-0.009217595,-0.008051411
26.930000000,0.069966803,3.098918150,4.922019890,-1.162186863,0.091690250,1.576373626,4.911184779,-1.169921393,0.021723447,-1.522544524,-0.010835111,-0.007734530
26.960000000,0.067824429,3.099525150,4.921884880,-1.170764363,0.084262285,1.545119170,4.911509279,-1.178308639,0.016437856,-1.554405979,-0.010375601,-0.007544276
27.000000000,0.057463931,2.561847853,4.925194292,-1.182408885,0.074123785,1.503705159,4.911968685,-1.189457871,0.016659854,-1.058142694,-0.013225606,-0.007048986
27.030000000,0.055441586,2.555257930,4.931854745,-1.191729959,0.066355098,1.472830382,4.912337633,-1.197840006,0.010913512,-1.082427548,-0.019517112,-0.006110046
27.060000000,0.053508717,2.548774079,4.931993618,-1.200334959,0.058428725,1.442142964,4.912730465,-1.206260382,0.004920008,-1.106631116,-0.019263153,-0.005925422
27.100000000,0.051074117,2.540282110,4.936388850,-1.212201529,0.047636642,1.401502908,4.913293944,-1.217468324,-0.003437475,-1.138779202,-0.023094906,-0.005266795
27.130000000,0.049349423,2.534054140,4.916167585,-1.220700688,0.039356081,1.371238210,4.913735275,-1.225836728,-0.009993341,-1.162815930,-0.002432310,-0.005136040
27.160000000,0.047717564,2.527944112,4.915761728,-1.229288188,0.030864019,1.341172830,4.914193544,-1.234214070,-0.016853545,-1.186771282,-0.001568185,-0.004925881
27.200000000,0.045679494,2.519965811,4.927517290,-1.241534512,0.019230602,1.301328122,4.914818340,-1.245455970,-0.026448893,-1.218637689,-0.012698950,-0.003921458
27.230000000,0.044247171,2.514083570,4.921176645,-1.250391350,0.010260653,1.271632247,4.915308731,-1.253913802,-0.033986517,-1.242451323,-0.005867915,-0.003522452
27.260000000,0.042896827,2.508287439,4.920911494,-1.259216350,0.001046043,1.242142094,4.915814800,-1.262328168,-0.041850784,-1.266145345,-0.005096693,-0.003111818
27.300000000,0.041227859,2.500699980,4.920459919,-1.270035477,-0.011541957,1.203101128,4.916485452,-1.273507082,-0.052769816,-1.297598852,-0.003974468,-0.003471605
27.330000000,0.040064875,2.495122667,4.911521846,-1.278166012,-0.021187647,1.174024970,4.916991489,-1.281913659,-0.061252521,-1.321097697,0.005469642,-0.003747647
27.360000000,0.038993257,2.489634348,4.910893493,-1.286723512,-0.031017455,1.145160583,4.917503044,-1.290341400,-0.070010712,-1.344473765,0.006609551,-0.003617888
27.400000000,0.037724120,2.482446478,4.907230659,-1.298813662,-0.044351877,1.106984241,4.918210805,-1.301543712,-0.082075997,-1.375462236,0.010980146,-0.002730050
27.430000000,0.036877411,2.477151554,4.897066451,-1.307137159,-0.054512047,1.078591041,4.918767470,-1.309915993,-0.091389458,-1.398560512,0.021701019,-0.002778834
27.460000000,0.036123967,2.471944357,4.896007863,-1.315452159,-0.064816127,1.050427391,4.919359075,-1.318300253,-0.100940095,-1.421516967,0.023351212,-0.002848094
27.500000000,0.037704252,1.911096230,4.900333284,-1.326235338,-0.078731290,1.013177299,4.920186397,-1.329510840,-0.116435542,-0.897918931,0.019853113,-0.003275502
27.530000000,0.037192146,1.898431773,4.903853987,-1.334854306,-0.089294880,0.985477855,4.920846872,-1.337914665,-0.126487025,-0.912953917,0.016992886,-0.003060360
27.560000000,0.036772877,1.885869501,4.903071066,-1.343454306,-0.099980205,0.958027286,4.921554072,-1.346286088,-0.136753082,-0.927842215,0.018483006,-0.002831782
27.600000000,0.036357150,1.869242500,4.909880271,-1.354729570,-0.114391544,0.921744714,4.922547502,-1.357441385,-0.150748694,-0.947497786,0.012667231,-0.002711815
27.630000000,0.036158891,1.856866429,4.910976133,-1.363003614,-0.125341276,0.894759236,4.923317118,-1.365829453,-0.161500167,-0.962107193,0.012340985,-0.002825839
27.660000000,0.036074772,1.844576434,4.910449966,-1.371571114,-0.136472324,0.868000410,4.924105884,-1.374217398,-0.172547095,-0.976576024,0.013655917,-0.002646284
27.700000000,0.036107254,1.828295832,4.913098091,-1.382853175,-0.151606008,0.832628786,4.925162511,-1.385355613,-0.187713262,-0.995667046,0.012064420,-0.002502438
27.730000000,0.036237708,1.816187088,4.926758200,-1.391930009,-0.163188952,0.806320910,4.925949466,-1.393693644,-0.199426660,-1.009866178,-0.000808734,-0.001763636
27.760000000,0.036471829,1.804159024,4.926647848,-1.400302509,-0.174999328,0.780219674,4.926730985,-1.402081441,-0.211471157,-1.023939350,0.000083137,-0.001778933
27.800000000,0.036951912,1.788222732,4.919516161,-1.411702481,-0.191026639,0.745701207,4.927760147,-1.413308873,-0.227978551,-1.042521525,0.008243986,-0.001606392
27.830000000,0.037418193,1.776354385,4.925719685,-1.421316456,-0.203238646,0.720039865,4.928515267,-1.421702688,-0.240656839,-1.056314520,0.002795582,-0.000386231
27.860000000,0.037960633,1.764567171,4.925437073,-1.429481456,-0.215618520,0.694609949,4.929259490,-1.430066258,-0.253579153,-1.069957222,0.003822416,-0.000584802
27.900000000,0.038824608,1.748988234,4.925982676,-1.441931761,-0.232318949,0.660995337,4.930267022,-1.441243125,-0.271143556,-1.087992897,0.004284346,0.000688636
27.930000000,0.039593064,1.737403743,4.932348304,-1.449833563,-0.244974303,0.635999692,4.931027465,-1.449651103,-0.284567367,-1.101404050,-0.001320839,0.000182460
27.960000000,0.040458864,1.725883623,4.932175457,-1.458356063,-0.257747389,0.611230944,4.931794836,-1.458046077,-0.298206253,-1.114652679,-0.000380622,0.000309986
28.000000000,-0.113858399,1.218690941,4.945179046,-1.470677101,-0.274920781,0.578514746,4.932819921,-1.469205383,-0.161062382,-0.640176195,-0.012359125,0.001471718
28.030000000,-0.114915007,1.200547056,4.947435940,-1.477977410,-0.287897706,0.554197448,4.933588783,-1.477574900,-0.172982699,-0.646349608,-0.013847157,0.000402509
28.060000000,-0.115875971,1.182483460,4.947619760,-1.486519910,-0.300961338,0.530086945,4.934354241,-1.485969124,-0.185085367,-0.652396515,-0.013265519,0.000550785
28.100000000,-0.116988540,1.158490650,4.952098690,-1.497888495,-0.318491907,0.498223806,4.935369449,-1.497162391,-0.201503367,-0.660266844,-0.016729242,0.000726104
28.130000000,-0.117708701,1.140553825,4.954307422,-1.507102895,-0.331729966,0.474547764,4.936124296,-1.505533126,-0.214021265,-0.666006060,-0.018183126,0.001569768
28.160000000,-0.118326596,1.122693082,4.954503862,-1.515585395,-0.345070997,0.451084255,4.936871010,-1.513898259,-0.226744401,-0.671608826,-0.017632852,0.001687136
28.200000000,-0.119014245,1.098989342,4.946106061,-1.527375319,-0.363012483,0.420058915,4.937855619,-1.525090680,-0.243998238,-0.678930427,-0.008250442,0.002284639
28.230000000,-0.119410127,1.081280421,4.939403580,-1.535569367,-0.376588215,0.396982268,4.938577853,-1.533511381,-0.257178088,-0.684298154,-0.000825727,0.002057986
28.260000000,-0.119695529,1.063620580,4.939007269,-1.543816867,-0.390281641,0.374108718,4.939295982,-1.541911590,-0.270586113,-0.689511862,0.000288713,0.001905276
28.300000000,-0.119929207,1.040177009,4.947300398,-1.555099723,-0.408684681,0.343878402,4.940261660,-1.553075865,-0.288755474,-0.696298608,-0.007038737,0.002023858
28.330000000,-0.120001982,1.022669119,4.950953902,-1.563207529,-0.422585704,0.321391182,4.941005624,-1.561458399,-0.302583721,-0.701277937,-0.009948278,0.001749130
28.360000000,-0.119983804,1.005222288,4.950837649,-1.571560029,-0.436574098,0.299079910,4.941755272,-1.569864439,-0.316590295,-0.706142378,-0.009082377,0.001695589
28.400000000,-0.119815965,0.982037624,4.960779966,-1.583744817,-0.455329374,0.269578189,4.942745924,-1.581060000,-0.335513410,-0.712459436,-0.018034042,0.002684817
28.430000000,-0.119595501,0.964717485,4.956728858,-1.591959841,-0.469467089,0.247640546,4.943473335,-1.589431282,-0.349871588,-0.717076939,-0.013255523,0.002528558
28.460000000,-0.119267963,0.947461698,4.956627881,-1.600679841,-0.483670053,0.225876725,4.944186278,-1.597803455,-0.364402090,-0.721584973,-0.012441604,0.002876386
28.500000000,-0.248265376,0.582301095,4.948348147,-1.611419343,-0.502688154,0.197069474,4.945114006,-1.608996934,-0.254422779,-0.385231621,-0.003234142,0.002422409
28.530000000,-0.249500589,0.560447422,4.947442771,-1.620003658,-0.517008298,0.175625350,4.945796356,-1.617399535,-0.267507709,-0.384822072,-0.001646415,0.002604122
28.560000000,-0.250639402,0.538647664,4.946935111,-1.628408658,-0.531380985,0.154351102,4.946481102,-1.625780386,-0.280741583,-0.384296562,-0.000454009,0.002628272
28.600000000,-0.252000771,0.509674848,4.950098482,-1.639909014,-0.550616718,0.126198668,4.947417082,-1.636937773,-0.298615947,-0.383476180,-0.002681400,0.002971241
28.630000000,-0.252903851,0.488002021,4.952887900,-1.648215198,-0.565105779,0.105228532,4.948141666,-1.645321204,-0.312201928,-0.382773489,-0.004746234,0.002893994
28.660000000,-0.253696155,0.466368347,4.952524078,-1.657017698,-0.579670933,0.084400208,4.948876006,-1.653717535,-0.325974778,-0.381968139,-0.003648072,0.003300163
28.700000000,-0.254585770,0.437560484,4.940286084,-1.668404250,-0.599208673,0.056833129,4.949854936,-1.664889516,-0.344622903,-0.380727355,0.009568851,0.003514734
28.730000000,-0.255133494,0.416006087,4.923457361,-1.677361174,-0.613955946,0.036309422,4.950578912,-1.673243626,-0.358822451,-0.379696665,0.027121551,0.004117548
28.760000000,-0.255583926,0.394496728,4.922130652,-1.685703674,-0.628799768,0.015919601,4.951306670,-1.681613864,-0.373215842,-0.378577127,0.029176018,0.004089810
28.800000000,-0.256038623,0.365891053,4.910984331,-1.696811762,-0.648716404,-0.011100091,4.952297877,-1.692814224,-0.392677781,-0.376991143,0.041313546,0.003997538
28.830000000,-0.256260427,0.344473360,4.923242735,-1.705322099,-0.663741593,-0.031232323,4.953078237,-1.701209304,-0.407481166,-0.375705683,0.029835501,0.004112795
28.860000000,-0.256374913,0.323090456,4.922020445,-1.714029599,-0.678847890,-0.051228668,4.953896460,-1.709576014,-0.422472977,-0.374319123,0.031876015,0.004453585
28.900000000,-0.256356431,0.294636454,4.922939666,-1.724920184,-0.699093849,-0.077731347,4.955031198,-1.720734705,-0.442737418,-0.372367802,0.032091531,0.004185479
28.930000000,-0.256220621,0.273344149,4.920783488,-1.733165505,-0.714354678,-0.097502678,4.955897701,-1.729129192,-0.458134057,-0.370846826,0.035114213,0.004036313
28.960000000,-0.255989456,0.252091808,4.919542702,-1.741775505,-0.729688481,-0.117165257,4.956771641,-1.737528360,-0.473699026,-0.369257065,0.037228939,0.004247145
29.000000000,-0.520515235,0.109964384,4.923802723,-1.753200992,-0.750226633,-0.143226269,4.957947222,-1.748694128,-0.229711398,-0.253190653,0.034144499,0.004506864
29.030000000,-0.523736159,0.087211580,4.923006239,-1.761067300,-0.765699932,-0.162663238,4.958837376,-1.757056531,-0.241963773,-0.249874818,0.035831136,0.004010769
29.060000000,-0.526842173,0.064497858,4.921825205,-1.769412300,-0.781244659,-0.182009481,4.959745470,-1.765448991,-0.254402486,-0.246507339,0.037920265,0.003963309
29.100000000,-0.530841576,0.034301215,4.925347216,-1.780767232,-0.802053935,-0.207687323,4.960975037,-1.776667721,-0.271212359,-0.241988537,0.035627821,0.004099511
29.130000000,-0.533743748,0.011727148,4.922444686,-1.789315742,-0.817700764,-0.226852020,4.961915782,-1.785074319,-0.283957015,-0.238579168,0.039471095,0.004241423
29.160000000,-0.536556540,-0.010807268,4.921294262,-1.797703242,-0.833354261,-0.245931551,4.962873515,-1.793461386,-0.296797720,-0.235124283,0.041579253,0.004241856
29.200000000,-0.540153689,-0.040787191,4.931287189,-1.807527219,-0.854198226,-0.271291452,4.964171900,-1.804642269,-0.314044537,-0.230504260,0.032884711,0.002884950
29.230000000,-0.542731706,-0.063230014,4.937383453,-1.816227222,-0.869796004,-0.290264367,4.965156135,-1.813024349,-0.327064298,-0.227034353,0.027772682,0.003202873
29.260000000,-0.545204048,-0.085648916,4.936679445,-1.824597222,-0.885350763,-0.309184125,4.966150220,-1.821397936,-0.340146715,-0.223535210,0.029470776,0.003199286
29.300000000,-0.548353212,-0.115496777,4.935868399,-1.835918054,-0.906038323,-0.334333327,4.967473352,-1.832558709,-0.357685112,-0.218836550,0.031604952,0.003359344
29.330000000,-0.550609636,-0.137845140,4.940171407,-1.844203447,-0.921526320,-0.353148230,4.968459318,-1.840930440,-0.370916684,-0.215303090,0.028287911,0.003273008
29.360000000,-0.552777058,-0.160167502,4.939515942,-1.852895947,-0.937001848,-0.371929282,4.969439032,-1.849310920,-0.384224790,-0.211761780,0.029923090,0.003585028
29.400000000,-0.555470170,-0.189900803,4.940748480,-1.863839003,-0.957631560,-0.396916673,4.970744932,-1.860491861,-0.402161391,-0.207015870,0.029996451,0.003347142
29.430000000,-0.557384098,-0.212170257,4.948563264,-1.872532068,-0.973105595,-0.415606330,4.971722730,-1.868870324,-0.415721497,-0.203436074,0.023159466,0.003661744
29.460000000,-0.559219402,-0.234398673,4.948101974,-1.880709568,-0.988591112,-0.434250032,4.972696203,-1.877242404,-0.429371710,-0.199851359,0.024594229,0.003467164
29.500000000,-0.799161897,-0.357720329,4.962694504,-1.892037287,-1.009270237,-0.459067548,4.973990067,-1.888419727,-0.210108340,-0.101347219,0.011295564,0.003617559
29.530000000,-0.804099352,-0.381166512,4.968644556,-1.900853747,-1.024809579,-0.477650897,4.974944606,-1.896813179,-0.220710227,-0.096484385,0.006300050,0.004040568
29.560000000,-0.808953854,-0.404577853,4.968647154,-1.909553747,-1.040381410,-0.496191894,4.975882997,-1.905193844,-0.231427556,-0.091614041,0.007235842,0.004359903
29.600000000,-0.815277189,-0.435754763,4.964075456,-1.919831484,-1.061185953,-0.520858260,4.977099694,-1.916359523,-0.245908764,-0.085103496,0.013024237,0.003471961
29.630000000,-0.819913363,-0.459107459,4.963483882,-1.927797474,-1.076813729,-0.539334859,4.977983952,-1.924740615,-0.256900366,-0.080227400,0.014500071,0.003056859
29.660000000,-0.824453145,-0.482440482,4.963106502,-1.936287474,-1.092445735,-0.557806033,4.978845057,-1.933134861,-0.267992589,-0.075365551,0.015738554,0.003152612
29.700000000,-0.830367079,-0.513506906,4.971690046,-1.946857185,-1.113258969,-0.582427445,4.979981676,-1.944322935,-0.282891889,-0.068920539,0.008291631,0.002534250
29.730000000,-0.834706102,-0.536770653,4.989261371,-1.955155786,-1.128832755,-0.600888827,4.980825504,-1.952711150,-0.294126653,-0.064118174,-0.008435867,0.002444636
29.760000000,-0.838948714,-0.560009912,4.989559764,-1.963638286,-1.144371552,-0.619359353,4.981658609,-1.961100352,-0.305422838,-0.059349441,-0.007901154,0.002537934
29.800000000,-0.844433655,-0.590958265,4.982921728,-1.975046134,-1.165057911,-0.644013883,4.982734950,-1.972284221,-0.320624256,-0.053055618,-0.000186778,0.002761913
29.830000000,-0.848452938,-0.614146182,4.986488346,-1.982777395,-1.180555822,-0.662518398,4.983498327,-1.980671133,-0.332102884,-0.048372216,-0.002990019,0.002106262
29.860000000,-0.852392452,-0.637321933,4.986430793,-1.991134895,-1.196044503,-0.681021879,4.984224061,-1.989054403,-0.343652051,-0.043699946,-0.002206733,0.002080492
29.900000000,-0.857502809,-0.668165333,4.974433223,-2.002013503,-1.216703562,-0.705694501,4.985159650,-2.000227085,-0.359200752,-0.037529168,0.010726427,0.001786418
29.930000000,-0.861244621,-0.691254990,4.978437210,-2.010018059,-1.232219012,-0.724210068,4.985840184,-2.008611073,-0.370974390,-0.032955078,0.007402974,0.001406986
29.960000000,-0.864899824,-0.714308238,4.977972683,-2.018410559,-1.247767085,-0.742735029,4.986500283,-2.017003163,-0.382867261,-0.028426791,0.008527600,0.001407396
30.000000000,-1.060346642,-0.798019750,4.988807128,-2.029291030,-1.268547668,-0.767427153,4.987372060,-2.028184879,-0.208201026,0.030592597,-0.001435068,0.001106151
30.030000000,-1.066407524,-0.821728468,4.985070983,-2.037296428,-1.284178129,-0.785935979,4.988014468,-2.036560801,-0.217770605,0.035792489,0.002943485,0.000735627
30.060000000,-1.072374541,-0.845407349,4.984691779,-2.045703928,-1.299869593,-0.804444196,4.988642889,-2.044953358,-0.227495051,0.040963153,0.003951110,0.000750570
30.100000000,-1.080202371,-0.876913167,4.981798592,-2.057400146,-1.320881451,-0.829127360,4.989441624,-2.056171854,-0.240679080,0.047785807,0.007643032,0.001228293
30.130000000,-1.085974582,-0.900501743,4.980990127,-2.064951194,-1.336696998,-0.847637957,4.990017058,-2.064589565,-0.250722416,0.052863786,0.009026931,0.000361629
30.160000000,-1.091665005,-0.924062741,4.980349079,-2.073203694,-1.352550104,-0.866146655,4.990575508,-2.072991011,-0.260885099,0.057916086,0.010226429,0.000212683
30.200000000,-1.099137766,-0.955438517,4.988553928,-2.084150856,-1.373724338,-0.890848393,4.991308969,-2.084184764,-0.274586572,0.064590124,0.002755041,-0.000033908
30.230000000,-1.104633955,-0.978929535,4.983181115,-2.093055175,-1.389629413,-0.909408251,4.991849549,-2.092579646,-0.284995457,0.069521284,0.008668434,0.000475529
30.260000000,-1.110035775,-1.002381607,4.982483429,-2.101510175,-1.405552968,-0.927999483,4.992374549,-2.100969830,-0.295517192,0.074382124,0.009891120,0.000540345
30.300000000,-1.117101485,-1.033613619,4.975102478,-2.112403099,-1.426805163,-0.952812918,4.993051000,-2.112148723,-0.309703678,0.080800701,0.017948522,0.000254375
30.330000000,-1.122317080,-1.057015478,4.964595891,-2.120978299,-1.442768320,-0.971442110,4.993543421,-2.120529494,-0.320451240,0.085573368,0.028947530,0.000448805
30.360000000,-1.127462067,-1.080391984,4.963216115,-2.129775799,-1.458773453,-0.990099117,4.994033927,-2.128915977,-0.331311386,0.090292867,0.030817812,0.000859822
30.400000000,-1.134171591,-1.111551576,4.980734729,-2.140757478,-1.480183732,-1.015004562,4.994691799,-2.140107965,-0.346012141,0.096547014,0.013957070,0.000649513
30.430000000,-1.139090980,-1.134890323,4.978463124,-2.148156844,-1.496296373,-1.033689935,4.995203808,-2.148497165,-0.357205393,0.101200388,0.016740684,-0.000340321
30.460000000,-1.143914261,-1.158208616,4.977506720,-2.156699344,-1.512472385,-1.052372745,4.995722861,-2.156873102,-0.368558124,0.105835871,0.018216141,-0.000173758
30.500000000,-1.350383918,-1.199044369,4.978576387,-2.168041387,-1.534150136,-1.077288564,4.996410680,-2.168047725,-0.183766218,0.121755805,0.017834293,-0.000006338
30.530000000,-1.357805603,-1.222446687,4.989220533,-2.176216349,-1.550503937,-1.095979355,4.996915171,-2.176444744,-0.192698333,0.126467332,0.007694638,-0.000228395
30.560000000,-1.365150179,-1.245846006,4.988564797,-2.184528849,-1.566957800,-1.114656968,4.997416493,-2.184835342,-0.201807621,0.131189038,0.008851696,-0.000306493
30.600000000,-1.374822102,-1.277001614,4.999447826,-2.196219703,-1.589027792,-1.139527260,4.998079202,-2.196002820,-0.214205690,0.137474354,-0.001368624,0.000216883
30.630000000,-1.381985006,-1.300327592,5.002340021,-2.203995078,-1.605676710,-1.158165601,4.998565078,-2.204376066,-0.223691704,0.142161991,-0.003774943,-0.000380988
30.660000000,-1.389071993,-1.323629849,5.002020352,-2.212492578,-1.622412351,-1.176811219,4.999028251,-2.212766419,-0.233340357,0.146818630,-0.002992101,-0.000273841
30.700000000,-1.398420747,-1.354676947,5.007808019,-2.223256478,-1.644809059,-1.201692187,4.999600954,-2.223959909,-0.246388312,0.152984760,-0.008207065,-0.000703430
30.730000000,-1.405342353,-1.377938880,5.005978791,-2.231516943,-1.661644634,-1.220366897,4.999996745,-2.232347268,-0.256302281,0.157571983,-0.005982046,-0.000830325
30.760000000,-1.412197687,-1.401178149,5.005562629,-2.239906943,-1.678505551,-1.239062916,5.000353927,-2.240731764,-0.266307863,0.162115233,-0.005208702,-0.000824821
30.800000000,-1.421230137,-1.432124557,4.991010944,-2.251245913,-1.701024098,-1.264035834,5.000781794,-2.251912465,-0.279793960,0.168088723,0.009770850,-0.000666552
30.830000000,-1.427901094,-1.455302834,4.985991417,-2.260124865,-1.717940576,-1.282796241,5.001063380,-2.260297731,-0.290039482,0.172506593,0.015071963,-0.000172866
30.860000000,-1.434497761,-1.478472954,4.984807007,-2.268442365,-1.734877912,-1.301567566,5.001324878,-2.268682272,-0.300380151,0.176905387,0.016517871,-0.000239907
30.900000000,-1.443174998,-1.509334040,4.991871404,-2.278819448,-1.757492420,-1.326590596,5.001664541,-2.279858300,-0.314317422,0.182743444,0.009793137,-0.001038852
30.930000000,-1.449567335,-1.532432328,4.997307723,-2.286538694,-1.774490482,-1.345350884,5.001926078,-2.288243416,-0.324923147,0.187081445,0.004618355,-0.001704723
30.960000000,-1.455870442,-1.555492152,4.996451018,-2.294911194,-1.791538525,-1.364094567,5.002188151,-2.296641451,-0.335668083,0.191397586,0.005737132,-0.001730258
31.000000000,-1.572907186,-1.487912232,5.002518182,-2.307850467,-1.814335436,-1.389028300,5.002535606,-2.307842628,-0.241428251,0.098883932,0.000017424,0.000007839
31.030000000,-1.580510700,-1.509587922,4.999896355,-2.315523563,-1.831482987,-1.407661740,5.002788548,-2.316232595,-0.250972288,0.101926182,0.002892193,-0.000709032
31.060000000,-1.588039700,-1.531247934,4.999087733,-2.323818563,-1.848693594,-1.426214993,5.003033639,-2.324633281,-0.260653894,0.105032941,0.003945906,-0.000814718
31.100000000,-1.597947043,-1.560105258,4.992092744,-2.334701299,-1.871735428,-1.450837822,5.003344331,-2.335873915,-0.273788385,0.109267436,0.011251588,-0.001172616
31.130000000,-1.605286233,-1.581727471,5.004031153,-2.343508323,-1.889071050,-1.469209510,5.003567172,-2.344315854,-0.283784817,0.112517962,-0.000463981,-0.000807532
31.160000000,-1.612551115,-1.603315562,5.003298142,-2.351913323,-1.906426917,-1.487478246,5.003792775,-2.352731926,-0.293875802,0.115837316,0.000494634,-0.000818603
31.200000000,-1.622126393,-1.632038387,5.015739133,-2.363161046,-1.929564906,-1.511713743,5.004104704,-2.363926757,-0.307438514,0.120324645,-0.011634429,-0.000765711
31.230000000,-1.629241489,-1.653547862,5.029769949,-2.372040284,-1.946906549,-1.529812472,5.004340861,-2.372320961,-0.317665060,0.123735390,-0.025429087,-0.000280676
31.260000000,-1.636290441,-1.675043977,5.029757531,-2.380360284,-1.964219487,-1.547832861,5.004558929,-2.380713126,-0.327929047,0.127211117,-0.025198602,-0.000352841
31.300000000,-1.645575644,-1.703681536,5.029871736,-2.391670977,-1.987234793,-1.571729191,5.004817978,-2.391891720,-0.341659149,0.131952345,-0.025053758,-0.000220743
31.330000000,-1.652447962,-1.725131275,5.016196367,-2.400213131,-2.004436938,-1.589538320,5.004972557,-2.400268852,-0.351988976,0.135592954,-0.011223810,-0.000055721
31.360000000,-1.659227956,-1.746569176,5.015565479,-2.408540631,-2.021588737,-1.607225331,5.005089444,-2.408650524,-0.362360782,0.139343846,-0.010476036,-0.000109893
31.400000000,-1.668149241,-1.775142366,5.017725501,-2.418937728,-2.044399794,-1.630622150,5.005194901,-2.419848206,-0.376250553,0.144520216,-0.012530600,-0.000910478
31.430000000,-1.674756022,-1.796563554,5.017878626,-2.426763324,-2.061458348,-1.648002082,5.005254963,-2.428250805,-0.386702326,0.148561472,-0.012623663,-0.001487481
31.460000000,-1.681298148,-1.817979831,5.017145220,-2.435323324,-2.078461398,-1.665182427,5.005303437,-2.436634102,-0.397163250,0.152797404,-0.011841783,-0.001310778
31.500000000,-1.863124740,-1.775625019,5.012357125,-2.446056584,-2.101072419,-1.687799717,5.005359685,-2.447811534,-0.237947679,0.087825303,-0.006997440,-0.001754950
31.530000000,-1.871893744,-1.796014768,5.014003476,-2.455138516,-2.117996685,-1.704530860,5.005394936,-2.456224835,-0.246102941,0.091483909,-0.008608540,-0.001086318
31.560000000,-1.880603674,-1.816402789,5.013088941,-2.463913516,-2.134883486,-1.721000310,5.005429088,-2.464651562,-0.254279812,0.095402479,-0.007659853,-0.000738046
31.600000000,-1.892121634,-1.843596141,5.008807964,-2.474964503,-2.157322915,-1.742571473,5.005482072,-2.475857150,-0.265201281,0.101024668,-0.003325892,-0.000892647
31.630000000,-1.900668231,-1.863964211,5.009095882,-2.483205982,-2.174076578,-1.758452717,5.005524290,-2.484219818,-0.273408347,0.105511494,-0.003571592,-0.001013836
31.660000000,-1.909142809,-1.884319090,5.007996501,-2.491458482,-2.190733723,-1.774047232,5.005601568,-2.492564148,-0.281590914,0.110271859,-0.002394933,-0.001105667
31.700000000,-1.920369906,-1.911455353,5.009740422,-2.503159033,-2.212760391,-1.794437137,5.005774721,-2.503730695,-0.292390486,0.117018216,-0.003965701,-0.000571662
31.730000000,-1.928722209,-1.931822017,5.008150453,-2.510756350,-2.229091956,-1.809373149,5.005971231,-2.512075195,-0.300369747,0.122448869,-0.002179222,-0.001318845
31.760000000,-1.936997558,-1.952203639,5.007203938,-2.518968850,-2.245203237,-1.823880980,5.006219736,-2.520335346,-0.308205679,0.128322659,-0.000984202,-0.001366496
31.800000000,-1.947894054,-1.979388045,5.005304620,-2.530492774,-2.266415340,-1.842585038,5.006626020,-2.531389678,-0.318521285,0.136803007,0.001321400,-0.000896904
31.830000000,-1.956005083,-1.999788684,5.006486483,-2.538626614,-2.282134974,-1.856088854,5.006976141,-2.539851402,-0.326129890,0.143699830,0.000489657,-0.001224788
31.860000000,-1.964054651,-2.020216790,5.005631936,-2.547104114,-2.297634275,-1.868994746,5.007370528,-2.548373927,-0.333579624,0.151222044,0.001738592,-0.001269813
31.900000000,-1.974675102,-2.047477930,5.015674983,-2.559130896,-2.317945773,-1.885316118,5.007947309,-2.559496848,-0.343270671,0.162161812,-0.007727674,-0.000365952
31.930000000,-1.982562615,-2.067919494,5.016601877,-2.567749193,-2.332904048,-1.896866550,5.008411693,-2.567739716,-0.350341433,0.171052945,-0.008190184,0.000009477
31.960000000,-1.990392895,-2.088372148,5.016180951,-2.576101693,-2.347588653,-1.907715514,5.008900974,-2.576166451,-0.357195758,0.180656635,-0.007279977,-0.000064758
32.000000000,-2.149625847,-1.972561257,5.018619711,-2.586683634,-2.366751196,-1.921209521,5.009551114,-2.587568475,-0.217125349,0.051351736,-0.009068597,-0.000884840
32.030000000,-2.159440960,-1.991084075,5.014325000,-2.595946513,-2.380752094,-1.930567527,5.010037671,-2.595971512,-0.221311134,0.060516548,-0.004287328,-0.000024998
32.060000000,-2.169219670,-2.009629237,5.013838265,-2.604394013,-2.394342218,-1.939148155,5.010509095,-2.604195398,-0.225122548,0.070481082,-0.003329170,0.000198616
32.100000000,-2.182203967,-2.034380804,5.012306008,-2.615710740,-2.411900504,-1.949575614,5.011137957,-2.615302309,-0.229696536,0.084805190,-0.001168051,0.000408431
32.130000000,-2.191927565,-2.052971038,5.012117359,-2.624629344,-2.424613981,-1.956656931,5.011599870,-2.623802889,-0.232686415,0.096314106,-0.000517489,0.000826454
32.160000000,-2.201642151,-2.071575996,5.011599202,-2.632636844,-2.436786510,-1.963011874,5.012062838,-2.632230549,-0.235144359,0.108564122,0.000463637,0.000406294
32.200000000,-2.214554346,-2.096413262,5.022497619,-2.643258498,-2.452203579,-1.970544277,5.012665499,-2.643242233,-0.237649234,0.125868986,-0.009832120,0.000016265
32.230000000,-2.224191474,-2.115069184,5.027301217,-2.651412056,-2.463142016,-1.975512209,5.013114674,-2.651504894,-0.238950541,0.139556975,-0.014186542,-0.000092838
32.260000000,-2.233807279,-2.133751089,5.027304272,-2.659584556,-2.473449358,-1.979812226,5.013545934,-2.659922161,-0.239642078,0.153938863,-0.013758339,-0.000337605
32.300000000,-2.246644141,-2.158724012,5.033916959,-2.670914014,-2.486289408,-1.984626992,5.014075074,-2.671185067,-0.239645267,0.174097020,-0.019841885,-0.000271054
32.330000000,-2.256269853,-2.177509381,5.029582749,-2.680099962,-2.495195736,-1.987526381,5.014423607,-2.679501150,-0.238925883,0.189983000,-0.015159143,0.000598812
32.360000000,-2.265868505,-2.196318687,5.029578494,-2.688202462,-2.503363779,-1.989712178,5.014717306,-2.687749740,-0.237495274,0.206606508,-0.014861188,0.000452723
32.400000000,-2.278636126,-2.221452498,5.048014791,-2.699455819,-2.513275892,-1.991692525,5.015050177,-2.698930314,-0.234639766,0.229759972,-0.032964614,0.000525504
32.430000000,-2.288207263,-2.240350512,5.045578176,-2.707372913,-2.519950083,-1.992477621,5.015247621,-2.707425924,-0.231742820,0.247872891,-0.030330555,-0.000053011
32.460000000,-2.297780067,-2.259288188,5.045937284,-2.715855413,-2.525806688,-1.992551390,5.015384682,-2.715822112,-0.228026621,0.266736798,-0.030552602,0.000033300
32.500000000,-2.452496973,-2.238244745,5.038165928,-2.726490563,-2.532495576,-1.991709781,5.015441120,-2.726869333,-0.079998604,0.246534964,-0.022724807,-0.000378769
32.530000000,-2.464002376,-2.256642571,5.039850699,-2.734588098,-2.536682394,-1.990390053,5.015399365,-2.735220360,-0.072680018,0.266252517,-0.024451335,-0.000632262
32.560000000,-2.475514402,-2.275093061,5.039788305,-2.742600598,-2.540033802,-1.988392597,5.015278109,-2.743711868,-0.064519400,0.286700464,-0.024510195,-0.001111270
32.600000000,-2.490898088,-2.299786165,5.031197373,-2.754548473,-2.543317669,-1.984821894,5.015038109,-2.754986043,-0.052419581,0.314964270,-0.016159263,-0.000437570
32.630000000,-2.502458234,-2.318380170,5.025203504,-2.763459170,-2.544853600,-1.981477339,5.014783532,-2.763303751,-0.042395366,0.336902831,-0.010419972,0.000155419
32.660000000,-2.514039154,-2.337023892,5.024573192,-2.771694170,-2.545458346,-1.977509130,5.014458239,-2.771608672,-0.031419193,0.359514762,-0.010114953,0.000085498
32.700000000,-2.529510203,-2.361952012,5.033321287,-2.783374034,-2.545028941,-1.971443961,5.013933321,-2.782829713,-0.015518738,0.390508051,-0.019387966,0.000544321
32.730000000,-2.541136339,-2.380714978,5.035761916,-2.791593508,-2.543753944,-1.966327227,5.013473882,-2.791287912,-0.002617605,0.414387751,-0.022288033,0.000305596
32.760000000,-2.552791154,-2.399536377,5.035370973,-2.799931008,-2.541489628,-1.960641311,5.012932304,-2.799667073,0.011301526,0.438895066,-0.022438669,0.000263935
32.800000000,-2.568372091,-2.424728552,5.028952625,-2.811472907,-2.537164964,-1.952309051,5.012060617,-2.810781759,0.031207126,0.472419501,-0.016892008,0.000691148
32.830000000,-2.580082953,-2.443711589,5.031529863,-2.820299980,-2.532970591,-1.945504983,5.011298376,-2.819198177,0.047112361,0.498206606,-0.020231486,0.001101803
32.860000000,-2.591831041,-2.462788254,5.030800630,-2.828704980,-2.527828368,-1.938146221,5.010427212,-2.827707689,0.064002674,0.524642033,-0.020373417,0.000997291
32.900000000,-2.607563355,-2.488357062,5.031797330,-2.838977283,-2.519665307,-1.927583417,5.009144428,-2.838966186,0.087898049,0.560773645,-0.022652902,0.000011097
32.930000000,-2.619392410,-2.507618777,5.026076207,-2.847205991,-2.512559485,-1.919102392,5.008075685,-2.847301870,0.106832925,0.588516385,-0.018000522,-0.000095879
32.960000000,-2.631268457,-2.526948385,5.025015914,-2.855825991,-2.504502206,-1.910079739,5.006910405,-2.855679949,0.126766251,0.616868646,-0.018105509,0.000146042
33.000000000,-2.598823708,-2.297394312,5.020018443,-2.868017378,-2.492516173,-1.897347273,5.005217179,-2.867007933,0.106307535,0.400047039,-0.014801264,0.001009445
33.030000000,-2.610167022,-2.313367316,5.013756551,-2.876616339,-2.482573400,-1.887274342,5.003854367,-2.875496524,0.127593622,0.426092975,-0.009902184,0.001119816
33.060000000,-2.621584878,-2.329428088,5.012226956,-2.885083839,-2.471659233,-1.876687287,5.002395417,-2.883868898,0.149925645,0.452740801,-0.009831539,0.001214941
33.100000000,-2.636904933,-2.350976760,5.014079835,-2.897021428,-2.455841224,-1.861931132,5.000327718,-2.895031364,0.181063709,0.489045628,-0.013752118,0.001990065
33.130000000,-2.648474807,-2.367240247,5.010035503,-2.905305779,-2.443045175,-1.850430346,4.998691675,-2.903499864,0.205429632,0.516809901,-0.011343827,0.001805916
33.160000000,-2.660143570,-2.383590163,5.008331885,-2.913670779,-2.429293856,-1.838553818,4.996976150,-2.911995574,0.230849714,0.545036345,-0.011355735,0.001675205
33.200000000,-2.675863557,-2.405516299,5.013861693,-2.924747184,-2.409649885,-1.822285822,4.994571897,-2.923249219,0.266213672,0.583230477,-0.019289796,0.001497965
33.230000000,-2.687758505,-2.422072904,5.013203208,-2.933738093,-2.393954605,-1.809793825,4.992683136,-2.931672543,0.293803900,0.612279079,-0.020520072,0.002065550
33.260000000,-2.699749302,-2.438737809,5.011558356,-2.942395593,-2.377344508,-1.797030971,4.990723161,-2.940135883,0.322404793,0.641706838,-0.020835194,0.002259711
33.300000000,-2.715894430,-2.461153180,5.002918472,-2.954343863,-2.353995891,-1.779647267,4.988006961,-2.951447725,0.361898539,0.681505913,-0.014911512,0.002896138
33.330000000,-2.728125568,-2.478098064,5.001395738,-2.962110479,-2.335570213,-1.766321967,4.985898781,-2.959876467,0.392555354,0.711776096,-0.015496956,0.002234012
33.360000000,-2.740435020,-2.495144207,4.999361233,-2.970787979,-2.316247641,-1.752703439,4.983712905,-2.968224701,0.424187378,0.742440768,-0.015648328,0.002563279
33.400000000,-2.756989035,-2.518041020,4.980247767,-2.982504666,-2.289357562,-1.734162088,4.980735815,-2.979395311,0.467631472,0.783878932,0.000488049,0.003109355
33.430000000,-2.769539561,-2.535337535,4.967379583,-2.990305835,-2.268372527,-1.719975255,4.978457037,-2.987846618,0.501167035,0.815362280,0.011077454,0.002459217
33.460000000,-2.782223259,-2.552742030,4.964364584,-2.998763335,-2.246558613,-1.705512148,4.976155315,-2.996269368,0.535664646,0.847229882,0.011790731,0.002493967
33.500000000,-2.601747855,-2.281777172,4.944398647,-3.010453610,-2.216373973,-1.685874465,4.973054921,-3.007380061,0.385373882,0.595902706,0.028656274,0.003073549
33.530000000,-2.611971373,-2.295353135,4.956458908,-3.019076237,-2.192950933,-1.670896990,4.970730271,-3.015710071,0.419020440,0.624456145,0.014271363,0.003366166
33.560000000,-2.622322101,-2.309022514,4.953375747,-3.027688737,-2.168789452,-1.655690057,4.968418867,-3.024126743,0.453532648,0.653332457,0.015043120,0.003561993
33.600000000,-2.636325773,-2.327400955,4.949927248,-3.039354605,-2.135584441,-1.635135868,4.965358024,-3.035363890,0.500741332,0.692265087,0.015430776,0.003990715
33.630000000,-2.647004971,-2.341293920,4.941976045,-3.047351961,-2.109925713,-1.619539199,4.963063518,-3.043725371,0.537079257,0.721754721,0.021087473,0.003626590
33.660000000,-2.657830428,-2.355274819,4.938689201,-3.055754461,-2.083541335,-1.603807784,4.960754393,-3.052058898,0.574289093,0.751467035,0.022065192,0.003695563
33.700000000,-2.672449416,-2.374077107,4.921441340,-3.065994324,-2.047468324,-1.582713416,4.957680237,-3.063229663,0.624981092,0.791363691,0.036238897,0.002764661
33.730000000,-2.683576315,-2.388299902,4.914437490,-3.074924705,-2.019762532,-1.566828333,4.955387034,-3.071632273,0.663813783,0.821471569,0.040949544,0.003292433
33.760000000,-2.694851336,-2.402632056,4.910633515,-3.083422205,-1.991395074,-1.550892339,4.953131195,-3.080012371,0.703456262,0.851739716,0.042497680,0.003409834
33.800000000,-2.710091479,-2.421896896,4.907444686,-3.094966081,-1.952718704,-1.529585102,4.950166900,-3.091147039,0.757372775,0.892311794,0.042722214,0.003819042
33.830000000,-2.721677979,-2.436466630,4.887895308,-3.103037719,-1.923123214,-1.513564694,4.947999657,-3.099500986,0.798554764,0.922901936,0.060104349,0.003536733
33.860000000,-2.733418237,-2.451139323,4.883728759,-3.111550219,-1.892984185,-1.497508611,4.945880283,-3.107882336,0.840434052,0.953630712,0.062151523,0.003667883
33.900000000,-2.749319388,-2.470863145,4.890848012,-3.122726145,-1.852069294,-1.476058319,4.943124317,-3.119042738,0.897250093,0.994804826,0.052276305,0.003683407
33.930000000,-2.761442692,-2.485782233,4.897525747,-3.130982392,-1.820839612,-1.459944525,4.941113154,-3.127373941,0.940603080,1.025837708,0.043587407,0.003608452
33.960000000,-2.773729094,-2.500822315,4.894136588,-3.139567392,-1.789118196,-1.443813903,4.939156468,-3.135697798,0.984610898,1.057008413,0.045019880,0.003869595
34.000000000,-2.475312701,-2.162885972,4.895057864,3.132897184,-1.746243364,-1.422297070,4.936599214,3.136347734,0.729069337,0.740588902,0.041541350,0.003450550
34.030000000,-2.483625772,-2.173221089,4.896822368,3.125143004,-1.713661508,-1.406160444,4.934716759,3.127982969,0.769964264,0.767060645,0.037894391,0.002839965
34.060000000,-2.492098598,-2.183653553,4.893768625,3.116845504,-1.680647388,-1.390034621,4.932881062,3.119646182,0.811451210,0.793618932,0.039112438,0.002800677
34.100000000,-2.503646196,-2.197721419,4.900335763,3.106067871,-1.636100454,-1.368567412,4.930507254,3.108540257,0.867545742,0.829154007,0.030171491,0.002472385
34.130000000,-2.512496244,-2.208391634,4.904109743,3.097830207,-1.602344641,-1.352511963,4.928796658,3.100191378,0.910151603,0.855879671,0.024686915,0.002361171
34.160000000,-2.521524595,-2.219148098,4.901652714,3.089180207,-1.568268689,-1.336531241,4.927150206,3.091826512,0.953255906,0.882616857,0.025497492,0.002646305
34.200000000,-2.533834000,-2.233624242,4.897936760,3.077249105,-1.522399849,-1.315360288,4.925042010,3.080661065,1.011434151,0.918263954,0.027105250,0.003411960
34.230000000,-2.543246987,-2.244589821,4.897558369,3.068335722,-1.487694766,-1.299597442,4.923508783,3.072272880,1.055552221,0.944992378,0.025950414,0.003937158
34.260000000,-2.552814302,-2.255669639,4.895210495,3.059890722,-1.452747046,-1.283951558,4.922047091,3.063893650,1.100067256,0.971718081,0.026836597,0.004002927
34.300000000,-2.565824958,-2.270608910,4.892361886,3.048439942,-1.405876207,-1.263238606,4.920204001,3.052743881,1.159948751,1.007370304,0.027842115,0.004303939
34.330000000,-2.575800686,-2.281932369,4.879391383,3.039815773,-1.370512371,-1.247810303,4.918916016,3.044387528,1.205288315,1.034122066,0.039524633,0.004571755
34.360000000,-2.585957984,-2.293374756,4.876830237,3.031698273,-1.334944041,-1.232482206,4.917706881,3.036037385,1.251013944,1.060892550,0.040876644,0.004339111
34.400000000,-2.599761129,-2.308798574,4.859970006,3.020706910,-1.287318126,-1.212166902,4.916212855,3.024914856,1.312443003,1.096631672,0.056242850,0.004207946
34.430000000,-2.610324016,-2.320493376,4.865831937,3.011883989,-1.251492291,-1.197016127,4.915192872,3.016574349,1.358831725,1.123477249,0.049360935,0.004690360
34.460000000,-2.621083450,-2.332281232,4.863288693,3.003381489,-1.215566231,-1.181950832,4.914290350,3.008232518,1.405517218,1.150330400,0.051001657,0.004851029
34.500000000,-2.098921698,-1.918866042,4.869649349,2.992124041,-1.167525401,-1.161980780,4.913240847,2.997114280,0.931396296,0.756885262,0.043591498,0.004990239
34.530000000,-2.102678610,-1.924927305,4.860110138,2.983681423,-1.131423609,-1.147088370,4.912556426,2.988777309,0.971255001,0.777838934,0.052446288,0.005095886
34.560000000,-2.106619307,-1.931067164,4.857784980,2.975436423,-1.095309339,-1.132275118,4.911982540,2.980436674,1.011309968,0.798792045,0.054197560,0.005000251
34.600000000,-2.112176989,-1.939382591,4.850314711,2.964256988,-1.047162809,-1.112631308,4.911364483,2.969312821,1.065014180,0.826751283,0.061049771,0.005055833
34.630000000,-2.116567941,-1.945719732,4.855086385,2.956113034,-1.011045121,-1.097986137,4.911028226,2.960967774,1.105522820,0.847733595,0.055941841,0.004854740
34.660000000,-2.121134601,-1.952157672,4.853053393,2.947653034,-0.974937223,-1.083433325,4.910797554,2.952618584,1.146197377,0.868724347,0.057744161,0.004965549
34.700000000,-2.127480125,-1.960897954,4.851871286,2.935933240,-0.926884224,-1.064147893,4.910635848,2.941485513,1.200595900,0.896750061,0.058764562,0.005552273
34.730000000,-2.132451567,-1.967554983,4.854117979,2.927448715,-0.890943709,-1.049770089,4.910610295,2.933141510,1.241507858,0.917784894,0.056492315,0.005692795
34.760000000,-2.137616955,-1.974295178,4.852416867,2.918961215,-0.855093338,-1.035482034,4.910689390,2.924793687,1.282523617,0.938813143,0.058272523,0.005832472
34.800000000,-2.144765472,-1.983444750,4.846170440,2.908005982,-0.807413649,-1.016550112,4.910909693,2.913650326,1.337351823,0.966894638,0.064739253,0.005644344
34.830000000,-2.150323152,-1.990416729,4.853773803,2.899460423,-0.771784044,-1.002430264,4.911161295,2.905292243,1.378539108,0.987986465,0.057387492,0.005831820
34.860000000,-2.156062217,-1.997473160,4.852399396,2.890882923,-0.736331764,-0.988376802,4.911501050,2.896942323,1.419730453,1.009096358,0.059101654,0.006059400
34.900000000,-2.164012126,-2.007046501,4.859056471,2.879393339,-0.689294970,-0.969725965,4.912081114,2.885808569,1.474717156,1.037320536,0.053024642,0.006415230
34.930000000,-2.170185966,-2.014332176,4.860331053,2.870628852,-0.654178321,-0.955805207,4.912602960,2.877449957,1.516007645,1.058526968,0.052271907,0.006821105
34.960000000,-2.176550907,-2.021709547,4.859417298,2.862281352,-0.619248445,-0.941943531,4.913191587,2.869087643,1.557302462,1.079766015,0.053774289,0.006806291
35.000000000,-1.589822055,-1.599026247,4.849044379,2.851303928,-0.572991461,-0.923519705,4.914067247,2.857943784,1.016830594,0.675506542,0.065022868,0.006639856
35.030000000,-1.588365784,-1.600615464,4.849251349,2.842376816,-0.538546953,-0.909740747,4.914783109,2.849588802,1.049818831,0.690874717,0.065531760,0.007211986
35.060000000,-1.587106895,-1.602290575,4.848175899,2.834124316,-0.504331099,-0.896004464,4.915595380,2.841226987,1.082775796,0.706286111,0.067419481,0.007102671
35.100000000,-1.585697930,-1.604664871,4.861032392,2.822446369,-0.459028301,-0.877739186,4.916826833,2.830070030,1.126669629,0.726925686,0.055794441,0.007623661
35.130000000,-1.584843646,-1.606553674,4.861800750,2.816130872,-0.425331798,-0.864062154,4.917875722,2.821703924,1.159511847,0.742491521,0.056074972,0.005573052
35.160000000,-1.584169754,-1.608531050,4.861443359,2.807750872,-0.391942760,-0.850394895,4.919013888,2.813340030,1.192226993,0.758136155,0.057570529,0.005589158
35.200000000,-1.583574223,-1.611255632,4.878785714,2.797003482,-0.347806618,-0.832187304,4.920615830,2.802183241,1.235767605,0.779068328,0.041830116,0.005179759
35.230000000,-1.583340764,-1.613385292,4.881453396,2.788618091,-0.314981517,-0.818539964,4.921857458,2.793812859,1.268359248,0.794845328,0.040404061,0.005194768
35.260000000,-1.583270980,-1.615592352,4.881762092,2.780253091,-0.282467265,-0.804879378,4.923133606,2.785445316,1.300803715,0.810712975,0.041371514,0.005192225
35.300000000,-1.583430401,-1.618651241,4.884285740,2.769480745,-0.239575125,-0.786616900,4.924865375,2.774283046,1.343855276,0.832034341,0.040579635,0.004802301
35.330000000,-1.583763658,-1.621036491,4.885974345,2.760430020,-0.207741056,-0.772878861,4.926185467,2.765906627,1.376022602,0.848157630,0.040211122,0.005476608
35.360000000,-1.584277753,-1.623500595,4.886328232,2.751817520,-0.176216889,-0.759100519,4.927532894,2.757538296,1.408060864,0.864400076,0.041204662,0.005720776
35.400000000,-1.585225583,-1.626915251,4.896979399,2.740561750,-0.134623321,-0.740655957,4.929364373,2.746389357,1.450602261,0.886259294,0.032384974,0.005827608
35.430000000,-1.586130951,-1.629563257,4.903016055,2.732104035,-0.103793414,-0.726747371,4.930771020,2.738016625,1.482337537,0.902815886,0.027754965,0.005912590
35.460000000,-1.587221118,-1.632290925,4.903811690,2.723851535,-0.073333654,-0.712756031,4.932195685,2.729630079,1.513887464,0.919534894,0.028383996,0.005778544
35.500000000,-1.073339613,-1.219545879,4.915552255,2.713298555,-0.033174943,-0.694000797,4.934123570,2.718458404,1.040164670,0.525545082,0.018571315,0.005159848
35.530000000,-1.067746162,-1.216716699,4.915626327,2.704534530,-0.003394453,-0.679856215,4.935568006,2.710092807,1.064351709,0.536860484,0.019941678,0.005558278
35.560000000,-1.062332286,-1.213980169,4.916641704,2.696107030,0.026010253,-0.665612159,4.937029609,2.701719416,1.088342540,0.548368010,0.020387905,0.005612386
35.600000000,-1.055379817,-1.210457693,4.917882665,2.684457562,0.064694014,-0.646471253,4.939005255,2.690530846,1.120073831,0.563986439,0.021122590,0.006073284
35.630000000,-1.050382702,-1.207904500,4.916772861,2.676336521,0.093338308,-0.632010882,4.940520489,2.682139740,1.143721010,0.575893618,0.023747627,0.005803219
35.660000000,-1.045567735,-1.205431011,4.917669800,2.667704021,0.121634727,-0.617451100,4.942053675,2.673766439,1.167202462,0.587979911,0.024383875,0.006062418
35.700000000,-1.039399480,-1.202252252,4.930900051,2.656009169,0.158863897,-0.597881617,4.944122130,2.662601451,1.198263376,0.604370635,0.013222079,0.006592281
35.730000000,-1.034958108,-1.199964143,4.936337152,2.647053999,0.186386655,-0.583070380,4.945687504,2.654207678,1.221344763,0.616893764,0.009350352,0.007153679
35.760000000,-1.030681081,-1.197761098,4.937684476,2.638708999,0.213526139,-0.568128035,4.947259414,2.645805308,1.244207220,0.629633064,0.009574938,0.007096309
35.800000000,-1.025240751,-1.194960862,4.941057184,2.627449608,0.249242882,-0.548045217,4.949348940,2.634625589,1.274483633,0.646915645,0.008291757,0.007175982
35.830000000,-1.021348031,-1.192965695,4.956855320,2.618382067,0.275671764,-0.532854956,4.950895571,2.626252955,1.297019795,0.660110739,-0.005959749,0.007870888
35.860000000,-1.017607857,-1.191057858,4.958585287,2.609717067,0.301709907,-0.517512941,4.952432141,2.617862364,1.319317763,0.673544917,-0.006153146,0.008145297
35.900000000,-1.012885074,-1.188648170,4.951700302,2.598782030,0.335913581,-0.496850376,4.954457918,2.606651980,1.348798656,0.691797794,0.002757615,0.007869950
35.930000000,-1.009543077,-1.186944694,4.953881413,2.590881661,0.361213025,-0.481211643,4.955959355,2.598255449,1.370756102,0.705733051,0.002077942,0.007373789
35.960000000,-1.006351431,-1.185324421,4.955186624,2.582546661,0.386172141,-0.465432313,4.957431616,2.589881489,1.392523572,0.719892108,0.002244992,0.007334829
36.000000000,-0.506148621,-0.917383188,4.956009960,2.570952413,0.418960475,-0.444174612,4.959391916,2.578702050,0.925109096,0.473208576,0.003381955,0.007749637
36.030000000,-0.496445539,-0.912251327,4.953347164,2.563246700,0.443175350,-0.428056104,4.960849357,2.570290302,0.939620889,0.484195224,0.007502193,0.007043603
36.060000000,-0.486909860,-0.907198439,4.954367136,2.554746700,0.467044106,-0.411774250,4.962309448,2.561880251,0.953953965,0.495424189,0.007942312,0.007133552
36.100000000,-0.474435994,-0.900588101,4.959606887,2.542845480,0.498438997,-0.389855765,4.964251256,2.550709115,0.972874991,0.510732336,0.004644369,0.007863635
36.130000000,-0.465262858,-0.895734447,4.961810391,2.533727653,0.521645273,-0.373238371,4.965710713,2.542336765,0.986908130,0.522496077,0.003900322,0.008609112
36.160000000,-0.456239381,-0.890961063,4.962860329,2.525437653,0.544490321,-0.356413951,4.967161821,2.533924702,1.000729702,0.534547112,0.004301492,0.008487049
36.200000000,-0.444450214,-0.884712183,4.973064869,2.514751534,0.574503399,-0.333709265,4.969071872,2.522690349,1.018953613,0.551002918,-0.003992996,0.007938816
36.230000000,-0.435783640,-0.880131404,4.973511446,2.506874952,0.596711815,-0.316488342,4.970484066,2.514305045,1.032495455,0.563643062,-0.003027380,0.007430094
36.260000000,-0.427244799,-0.875640109,4.974614340,2.498654952,0.618618856,-0.299062909,4.971860848,2.505950832,1.045863656,0.576577200,-0.002753492,0.007295880
36.300000000,-0.416069509,-0.869780551,4.964881855,2.487089117,0.647391835,-0.275517478,4.973651866,2.494755136,1.063461344,0.594263074,0.008770012,0.007666020
36.330000000,-0.407862485,-0.865470707,4.964380597,2.478825705,0.668650638,-0.257621986,4.974948844,2.486314145,1.076513123,0.607848722,0.010568247,0.007488440
36.360000000,-0.399813952,-0.861247246,4.964917776,2.470380705,0.689626067,-0.239510675,4.976226393,2.477906692,1.089440019,0.621736571,0.011308617,0.007525986
36.400000000,-0.389316794,-0.855761158,4.966470553,2.459154796,0.717230585,-0.215077583,4.977903594,2.466763016,1.106547379,0.640683575,0.011433041,0.007608221
36.430000000,-0.381598921,-0.851746371,4.969995945,2.450753388,0.737639379,-0.196516407,4.979157266,2.458385889,1.119238300,0.655229964,0.009161320,0.007632501
36.460000000,-0.374023485,-0.847818270,4.970514278,2.442403388,0.757744686,-0.177706251,4.980387968,2.449948305,1.131768171,0.670112019,0.009873690,0.007544917
36.500000000,-0.020991301,-0.603001488,4.973792476,2.431568975,0.784192476,-0.152323916,4.982005833,2.438713774,0.805183777,0.450677572,0.008213357,0.007144800
36.530000000,-0.008958861,-0.595957300,4.967845735,2.423303536,0.803783080,-0.133076499,4.983189533,2.430348132,0.812741941,0.462880801,0.015343798,0.007044595
36.560000000,0.002943938,-0.589017687,4.968046414,2.414846036,0.823114677,-0.113601884,4.984348645,2.421990240,0.820170739,0.475415803,0.016302231,0.007144204
36.600000000,0.018614023,-0.579891066,4.961626677,2.404389819,0.848519019,-0.087304311,4.985861329,2.410769827,0.829904996,0.492586755,0.024234653,0.006380008
36.630000000,0.030215744,-0.573138483,4.971911845,2.395916645,0.867309662,-0.067342810,4.986975980,2.402329953,0.837093918,0.505795673,0.015064135,0.006413308
36.660000000,0.041662936,-0.566466875,4.972082971,2.387464145,0.885870157,-0.047168414,4.988082497,2.393941344,0.844207220,0.519298461,0.015999526,0.006477199
36.700000000,0.056716524,-0.557727142,4.975731392,2.375690199,0.910307859,-0.019978499,4.989536886,2.382796003,0.853591334,0.537748643,0.013805493,0.007105804
36.730000000,0.067861401,-0.551281926,4.979211781,2.367109670,0.928384226,0.000653637,4.990611353,2.374397556,0.860522825,0.551935563,0.011399571,0.007287886
36.760000000,0.078876877,-0.544908155,4.979455218,2.358699670,0.946214039,0.021524789,4.991650520,2.365955313,0.867337162,0.566432944,0.012195303,0.007255643
36.800000000,0.093340134,-0.536531501,4.980611385,2.348454536,0.969704381,0.049633920,4.993005638,2.354743785,0.876364247,0.586165421,0.012394254,0.006289249
36.830000000,0.104040771,-0.530357421,4.985331569,2.340010594,0.987122822,0.070917955,4.993985171,2.346386866,0.883082050,0.601275376,0.008653602,0.006376272
36.860000000,0.114625786,-0.524279948,4.985543471,2.332020594,1.004324319,0.092426885,4.994940871,2.338010088,0.889698532,0.616706832,0.009397401,0.005989495
36.900000000,0.128530737,-0.516306789,4.986568875,2.320475823,1.026964835,0.121417540,4.996166317,2.326768689,0.898434098,0.637724329,0.009597443,0.006292867
36.930000000,0.138787528,-0.510431131,4.988783401,2.311526749,1.043749583,0.143372359,4.997055631,2.318339701,0.904962055,0.653803489,0.008272229,0.006812952
36.960000000,0.148907264,-0.504652794,4.988869809,2.303221749,1.060365316,0.165515486,4.997909433,2.309969676,0.911458052,0.670168280,0.009039624,0.006747927
37.000000000,0.448557190,-0.222291528,5.004789307,2.292311608,1.082280690,0.195311713,4.999010300,2.298817537,0.633723500,0.417603242,-0.005779006,0.006505929
37.030000000,0.462357943,-0.212940006,5.006185545,2.284323638,1.098525194,0.217881130,4.999804287,2.290399409,0.636167251,0.430821135,-0.006381259,0.006075770
37.060000000,0.476025499,-0.203670723,5.006574683,2.276006138,1.114595455,0.240657541,5.000556713,2.281959369,0.638569957,0.444328264,-0.006017969,0.005953231
37.100000000,0.494060319,-0.191438279,4.994917084,2.264433507,1.135830791,0.271260637,5.001501797,2.270775713,0.641770473,0.462698916,0.006584713,0.006342206
37.130000000,0.507448613,-0.182376701,4.990197498,2.256680670,1.151613543,0.294390412,5.002159906,2.262424242,0.644164930,0.476767113,0.011962408,0.005743573
37.160000000,0.520718778,-0.173400099,4.989824878,2.248453170,1.167231801,0.317723122,5.002788010,2.254027909,0.646513023,0.491123221,0.012963132,0.005574740
37.200000000,0.538220518,-0.161558964,4.999130265,2.237232297,1.187840468,0.349096062,5.003589056,2.242784247,0.649619950,0.510655026,0.004458791,0.005551950
37.230000000,0.551202958,-0.152775783,4.988711292,2.228404241,1.203155270,0.372791727,5.004183992,2.234377872,0.651952311,0.525567509,0.015472700,0.005973631
37.260000000,0.564070846,-0.144080713,4.988142383,2.220146741,1.218332998,0.396636289,5.004756138,2.226012335,0.654262152,0.540717002,0.016613755,0.005865594
37.300000000,0.581050816,-0.132646705,4.972620797,2.209146232,1.238353809,0.428654407,5.005497899,2.214834911,0.657302993,0.561301112,0.032877102,0.005688679
37.330000000,0.593659184,-0.124172509,4.975719880,2.200942693,1.253195778,0.452842896,5.006034247,2.206417452,0.659536594,0.577015405,0.030314367,0.005474759
37.360000000,0.606148673,-0.115775020,4.974621459,2.192497693,1.267880851,0.477175788,5.006579550,2.198007815,0.661732178,0.592950807,0.031958091,0.005510122
37.400000000,0.622628931,-0.104713607,4.965974108,2.180595217,1.287270901,0.509778807,5.007331560,2.186834708,0.664641970,0.614492415,0.041357452,0.006239492
37.430000000,0.634876067,-0.096531692,4.966692136,2.171516192,1.301658459,0.534364635,5.007920337,2.178458577,0.666782391,0.630896327,0.041228202,0.006942385
37.460000000,0.647010569,-0.088447169,4.965391306,2.163033692,1.315874361,0.559106183,5.008532329,2.170056049,0.668863793,0.647553351,0.043141023,0.007022357
37.500000000,0.847576084,0.161351481,4.974299758,2.152243681,1.334618892,0.592275395,5.009381915,2.158844512,0.487042808,0.430923914,0.035082158,0.006600831
37.530000000,0.861977025,0.172549500,4.965492040,2.143591326,1.348540311,0.617257732,5.010049152,2.150455675,0.486563286,0.444708232,0.044557111,0.006864350
37.560000000,0.876262317,0.183639942,4.964214099,2.135296326,1.362323637,0.642347461,5.010738394,2.142077364,0.486061319,0.458707520,0.046524295,0.006781039
37.600000000,0.895146615,0.198261081,4.966039171,2.124767337,1.380491443,0.675980894,5.011697159,2.130884371,0.485344827,0.477719812,0.045657989,0.006117034
37.630000000,0.909182355,0.209109226,4.978850728,2.116672239,1.393959159,0.701337362,5.012438952,2.122476314,0.484776805,0.492228136,0.033588224,0.005804076
37.660000000,0.923114699,0.219856037,4.978075892,2.108369739,1.407286709,0.726787649,5.013221256,2.114079240,0.484172010,0.506931611,0.035145364,0.005709502
37.700000000,0.941538025,0.234018289,4.975076490,2.096888681,1.424872250,0.760828221,5.014298924,2.102895154,0.483334225,0.526809932,0.039222434,0.006006472
37.730000000,0.955235542,0.244516189,4.974181859,2.087924897,1.437903959,0.786460818,5.015133142,2.094504620,0.482668417,0.541944629,0.040951282,0.006579723
37.760000000,0.968830190,0.254911026,4.973293201,2.079479897,1.450765542,0.812207546,5.015973059,2.086113333,0.481935352,0.557296521,0.042679858,0.006633437
37.800000000,0.986781439,0.268648569,4.975156029,2.067750988,1.467706153,0.846644726,5.017116582,2.074928561,0.480924714,0.577996157,0.041960554,0.007177573
37.830000000,1.000107094,0.278843982,4.972842816,2.058580350,1.480265214,0.872527876,5.017988817,2.066535942,0.480158120,0.593683894,0.045146001,0.007955592
37.860000000,1.013323955,0.288934700,4.971923566,2.050637850,1.492663296,0.898479448,5.018882288,2.058136329,0.479339342,0.609544748,0.046958723,0.007498478
37.900000000,1.030799514,0.302261776,4.968771101,2.040311027,1.508951658,0.933197733,5.020095715,2.046955569,0.478152144,0.630935957,0.051324614,0.006644541
37.930000000,1.043790425,0.312149104,4.972234848,2.031001763,1.520984967,0.959301018,5.021020626,2.038584230,0.477194542,0.647151914,0.048785777,0.007582466
37.960000000,1.056677574,0.321939596,4.971344147,2.022359263,1.532840190,0.985423592,5.021973024,2.030191822,0.476162616,0.663483996,0.050628877,0.007832558
38.000000000,1.212654467,0.630186752,4.983576104,2.011853116,1.548385127,1.020272576,5.023277438,2.018968749,0.335730661,0.390085824,0.039701334,0.007115632
38.030000000,1.227247219,0.643817084,4.980857945,2.002873221,1.559818662,1.046441797,5.024288985,2.010587860,0.332571443,0.402624713,0.043431040,0.007714640
38.060000000,1.241748683,0.657359678,4.980268538,1.994543221,1.571009635,1.072631088,5.025315719,2.002297211,0.329260952,0.415271410,0.045047182,0.007753991
38.100000000,1.260944788,0.675309287,4.981118323,1.984459034,1.585593531,1.107491112,5.026709951,1.991233975,0.324648743,0.432181825,0.045591628,0.006774941
38.130000000,1.275260772,0.688679611,4.982799317,1.976665970,1.596242244,1.133538669,5.027768845,1.982842376,0.320981472,0.444859059,0.044969528,0.006176405
38.160000000,1.289513154,0.701965596,4.982263989,1.968405970,1.606519977,1.159465003,5.028854237,1.974447721,0.317006823,0.457499408,0.046590248,0.006041751
38.200000000,1.308420360,0.719533914,4.979637759,1.956666479,1.619613204,1.193839116,5.030326911,1.963515655,0.311192844,0.474305202,0.050689152,0.006849176
38.230000000,1.322514711,0.732626655,4.986270372,1.948445123,1.628920609,1.219419480,5.031451170,1.955408013,0.306405898,0.486792825,0.045180798,0.006962890
38.260000000,1.336540535,0.745664352,4.985859932,1.940125123,1.637668011,1.244733023,5.032599592,1.947069274,0.301127475,0.499068672,0.046739659,0.006944151
38.300000000,1.355141827,0.762927445,5.006345888,1.929569799,1.648519620,1.278108251,5.034161654,1.935794766,0.293377793,0.515180806,0.027815765,0.006224966
38.330000000,1.369005646,0.775772084,5.012400063,1.922579341,1.656012985,1.302866082,5.035352674,1.927565926,0.287007339,0.527093997,0.022952612,0.004986585
38.360000000,1.382786254,0.788541079,5.012773595,1.914059341,1.662845440,1.327330366,5.036530353,1.919553879,0.280059186,0.538789287,0.023756757,0.005494538
38.400000000,1.401040609,0.805443575,5.018351246,1.903137183,1.671079315,1.359495298,5.038071367,1.908577107,0.270038706,0.554051723,0.019720120,0.005439924
38.430000000,1.414662210,0.818022742,5.013855507,1.894856344,1.676597370,1.383264968,5.039187648,1.900062899,0.261935160,0.565242226,0.025332141,0.005206556
38.460000000,1.428208040,0.830512207,5.014080234,1.886523844,1.681448125,1.406703067,5.040269977,1.891689115,0.253240086,0.576190860,0.026189743,0.005165271
38.500000000,1.491021005,1.061371755,5.027670886,1.874955578,1.687030671,1.437517611,5.041642115,1.880913322,0.196009666,0.376145857,0.013971229,0.005957744
38.530000000,1.505019546,1.076671471,5.021644206,1.866980264,1.690568783,1.460269095,5.042631031,1.872770106,0.185549237,0.383597624,0.020986825,0.005789843
38.560000000,1.518948961,1.091903956,5.021889729,1.858277764,1.693476087,1.482634003,5.043573145,1.864322084,0.174527126,0.390730047,0.021683416,0.006044320
38.600000000,1.537433461,1.112104562,5.026982222,1.848367665,1.696513047,1.511956156,5.044761123,1.853150090,0.159079586,0.399851595,0.017778900,0.004782425
38.630000000,1.551218986,1.127174487,5.026054819,1.840611556,1.698156413,1.533577727,5.045593181,1.845069177,0.146937426,0.406403240,0.019538362,0.004457621
38.660000000,1.564937639,1.142188191,5.026199273,1.832059056,1.699163348,1.554789535,5.046395891,1.836855196,0.134225709,0.412601344,0.020196617,0.004796140
38.700000000,1.583142646,1.162097980,5.028604434,1.821406933,1.699664887,1.582506409,5.047442373,1.825230186,0.116522241,0.420408428,0.018837939,0.003823252
38.730000000,1.596730505,1.176915224,5.027691574,1.812663517,1.699421269,1.602926714,5.048227243,1.816501150,0.102690764,0.426011490,0.020535669,0.003837633
38.760000000,1.610273215,1.191651978,5.027797271,1.804191017,1.698597015,1.623055913,5.049005661,1.808276595,0.088323800,0.431403935,0.021208390,0.004085578
38.800000000,1.628231502,1.211213682,5.039694802,1.793649176,1.696820713,1.649508258,5.050035472,1.797419916,0.068589211,0.438294577,0.010340670,0.003770740
38.830000000,1.641628722,1.225817040,5.038818950,1.785753969,1.695046697,1.669039446,5.050808947,1.788938600,0.053417975,0.443222406,0.011989997,0.003184631
38.860000000,1.654971371,1.240343667,5.039148100,1.776936469,1.692885463,1.688306924,5.051575215,1.780319710,0.037914091,0.447963257,0.012427115,0.003383240
38.900000000,1.672696602,1.259594398,5.031505673,1.766573528,1.689532876,1.713752716,5.052589935,1.769171742,0.016836274,0.454158317,0.021084262,0.002598214
38.930000000,1.685936333,1.273975839,5.032700463,1.759103559,1.686697919,1.732670367,5.053325938,1.760991440,0.000761586,0.458694528,0.020625475,0.001887881
38.960000000,1.699131016,1.288326690,5.032695724,1.750358559,1.683581367,1.751384664,5.054066431,1.752641650,-0.015549650,0.463057974,0.021370707,0.002283091
39.000000000,1.721371635,1.449712921,5.040488366,1.740259946,1.679081232,1.776080503,5.055055532,1.741276400,-0.042290403,0.326367582,0.014567166,0.001016455
39.030000000,1.734575916,1.465869890,5.041102019,1.731806635,1.675452977,1.794472751,5.055819221,1.732839246,-0.059122939,0.328602861,0.014717202,0.001032611
39.060000000,1.747741242,1.481971091,5.041247770,1.723224135,1.671582091,1.812776960,5.056569854,1.724595455,-0.076159151,0.330805869,0.015322084,0.001371319
39.100000000,1.765248985,1.503390720,5.050218462,1.712181788,1.666120252,1.837015767,5.057558380,1.713533758,-0.099128733,0.333625048,0.007339918,0.001351971
39.130000000,1.778341261,1.519396105,5.057833735,1.703600021,1.661805581,1.855047830,5.058278175,1.705045515,-0.116535681,0.335651725,0.000444440,0.001445494
39.160000000,1.791404572,1.535328171,5.058307585,1.695137521,1.657263506,1.872981968,5.058985230,1.696542119,-0.134141066,0.337653798,0.000677645,0.001404598
39.200000000,1.808791817,1.556478805,5.055534135,1.685048823,1.650889755,1.896837379,5.059889436,1.685455560,-0.157902062,0.340358574,0.004355301,0.000406736
39.230000000,1.821813417,1.572295200,5.062660601,1.676871130,1.645871696,1.914670582,5.060526996,1.677213660,-0.175941721,0.342375382,-0.002133606,0.000342529
39.260000000,1.834820311,1.588077835,5.063034249,1.668361130,1.640620874,1.932402161,5.061136775,1.668787937,-0.194199437,0.344324326,-0.001897474,0.000426806
39.300000000,1.852147960,1.609029298,5.074679051,1.657076239,1.633307833,1.955947814,5.061916214,1.657421971,-0.218840127,0.346918516,-0.012762838,0.000345733
39.330000000,1.865133911,1.624670367,5.071049451,1.649039087,1.627584865,1.973594596,5.062482424,1.649038452,-0.237549045,0.348924230,-0.008567026,-0.000000635
39.360000000,1.878098179,1.640266277,5.071430530,1.640604087,1.621623046,1.991239298,5.062998231,1.640801296,-0.256475133,0.350973021,-0.008432299,0.000197209
39.400000000,1.895360960,1.661029574,5.083124282,1.629258042,1.613356994,2.014697321,5.063637771,1.629643868,-0.282003966,0.353667747,-0.019486511,0.000385826
39.430000000,1.908287520,1.676547650,5.081828588,1.620543948,1.606919315,2.032237337,5.064069628,1.621092956,-0.301368205,0.355689688,-0.017758960,0.000549009
39.460000000,1.921203837,1.692002096,5.082262575,1.612148948,1.600240534,2.049788580,5.064472651,1.612624961,-0.320963303,0.357786484,-0.017789924,0.000476014
39.500000000,1.828917144,1.923949473,5.064362394,1.601581313,1.591016325,2.073247884,5.064931350,1.601594451,-0.237900819,0.149298411,0.000568957,0.000013138
39.530000000,1.840301852,1.942265996,5.056064064,1.594370307,1.583861391,2.090848752,5.065231640,1.593300613,-0.256440462,0.148582756,0.009167576,-0.001069694
39.560000000,1.851684581,1.960530443,5.055459028,1.586017807,1.576470789,2.108424107,5.065492061,1.584792088,-0.275213792,0.147893664,0.010033033,-0.001225719
39.600000000,1.866865602,1.984799135,5.051936050,1.575148265,1.566300251,2.131892147,5.065826896,1.573439705,-0.300565350,0.147093013,0.013890846,-0.001708561
39.630000000,1.878235256,2.002939569,5.057737944,1.565974121,1.558436319,2.149568496,5.066070457,1.565128572,-0.319798937,0.146628926,0.008332513,-0.000845549
39.660000000,1.889594321,2.021046759,5.057105297,1.557366621,1.550340456,2.167300943,5.066301927,1.556890631,-0.339253864,0.146254184,0.009196631,-0.000475990
39.700000000,1.904732708,2.045150670,5.045861597,1.545248149,1.539241197,2.190955505,5.066598281,1.545649445,-0.365491511,0.145804835,0.020736685,0.000401296
39.730000000,1.916087323,2.063164859,5.047844959,1.536828219,1.530690305,2.208724115,5.066799776,1.537093531,-0.385397017,0.145559256,0.018954817,0.000265312
39.760000000,1.927453144,2.081123898,5.046831139,1.528383219,1.521914177,2.226586552,5.066998328,1.528702021,-0.405538967,0.145462654,0.020167189,0.000318802
39.800000000,1.942600490,2.105027529,5.046278572,1.517243016,1.509910527,2.250530138,5.067240554,1.517712666,-0.432689964,0.145502608,0.020961982,0.000469650
39.830000000,1.953938687,2.122925413,5.042176104,1.508868443,1.500676047,2.268534491,5.067424110,1.509354791,-0.453262640,0.145609078,0.025248005,0.000486348
39.860000000,1.965265526,2.140784647,5.040912078,1.500270943,1.491206190,2.286574018,5.067588481,1.500792777,-0.474059336,0.145789371,0.026676403,0.000521834
39.900000000,1.980355144,2.164506468,5.048739134,1.488519733,1.478265915,2.310756967,5.067806436,1.489502131,-0.502089230,0.146250499,0.019067302,0.000982398
39.930000000,1.991676404,2.182237152,5.051857743,1.480522483,1.468325445,2.329019521,5.067947879,1.481260625,-0.523350959,0.146782369,0.016090136,0.000738142
39.960000000,2.003013903,2.199958127,5.050890584,1.472162483,1.458143570,2.347363178,5.068077277,1.472991300,-0.544870333,0.147405051,0.017186694,0.000828817
40.000000000,1.805182050,2.267486828,5.062709434,1.461428174,1.444239653,2.371883949,5.068210675,1.461648087,-0.360942397,0.104397120,0.005501241,0.000219913
