time_sec,est_x,est_y,est_z,est_yaw,true_x,true_y,true_z,true_yaw,err_x,err_y,err_z,err_yaw
0.000000000,-1.999991987,-1.999974262,0.041266467,-0.003288569,-2.000000000,-2.000000000,0.050029904,-0.000000000,-0.000008013,-0.000025738,0.008763437,0.003288569
0.040000000,-1.999944885,-1.999909903,0.034838703,-0.003079379,-2.000000000,-2.000000000,0.050059808,-0.000000000,-0.000055115,-0.000090097,0.015221104,0.003079379
0.070000000,-1.999851651,-1.999803188,0.034549522,-0.002911879,-2.000000000,-2.000000000,0.050089742,-0.000000000,-0.000148349,-0.000196812,0.015540220,0.002911879
0.110000000,-1.999656702,-1.999609013,0.040631165,-0.002314626,-2.000000000,-2.000000000,0.050129732,-0.000000000,-0.000343298,-0.000390987,0.009498567,0.002314626
0.140000000,-1.999458506,-1.999415058,0.045350491,-0.000427540,-2.000000000,-2.000000000,0.050159731,-0.000076884,-0.000541494,-0.000584942,0.004809240,0.000350656
0.170000000,-1.999205791,-1.999199647,0.045662044,-0.001572540,-1.999999999,-1.999999999,0.050394148,-0.000927459,-0.000794208,-0.000800352,0.004732104,0.000645082
0.210000000,-1.998796841,-1.998843225,0.054412143,-0.001361638,-1.999998666,-1.999999646,0.051923650,-0.004080179,-0.001201825,-0.001156422,-0.002488493,-0.002718540
0.240000000,-1.998453777,-1.998545143,0.060715972,-0.006902465,-1.999994327,-1.999998402,0.054040266,-0.007670048,-0.001540551,-0.001453260,-0.006675706,-0.000767583
0.270000000,-1.998070909,-1.998201029,0.064113199,-0.011179965,-1.999987408,-1.999996155,0.056833562,-0.011994324,-0.001916499,-0.001795126,-0.007279637,-0.000814359
0.310000000,-1.997497549,-1.997678450,0.066501497,-0.017858343,-1.999975758,-1.999991202,0.061728103,-0.018869218,-0.002478209,-0.002312752,-0.004773394,-0.001010875
0.340000000,-1.997016177,-1.997228217,0.068239268,-0.019736077,-1.999965340,-1.999985931,0.066211629,-0.024689191,-0.002949163,-0.002757714,-0.002027639,-0.004953114
0.370000000,-1.996482263,-1.996737762,0.073754965,-0.025846077,-1.999952312,-1.999979663,0.071246152,-0.030904388,-0.003470049,-0.003241901,-0.002508813,-0.005058312
0.410000000,-1.995686799,-1.995998243,0.082785439,-0.034215856,-1.999929218,-1.999970449,0.078901046,-0.039786191,-0.004242419,-0.003972206,-0.003884393,-0.005570335
0.440000000,-1.995042170,-1.995380854,0.094152513,-0.040279165,-1.999909237,-1.999963846,0.085295222,-0.046803042,-0.004867066,-0.004582992,-0.008857291,-0.006523877
0.470000000,-1.994358063,-1.994720239,0.101935716,-0.047661665,-1.999888044,-1.999957831,0.092132930,-0.054031506,-0.005529981,-0.005237593,-0.009802786,-0.006369841
0.510000000,-1.651911695,-2.296767987,0.114459665,-0.056520404,-1.999855979,-1.999951383,0.102010242,-0.063987997,-0.347944285,0.296816604,-0.012449423,-0.007467592
0.540000000,-1.644224635,-2.302172200,0.116396284,-0.064071824,-1.999828008,-1.999948431,0.109946777,-0.071645872,-0.355603374,0.302223769,-0.006449507,-0.007574048
0.570000000,-1.636475480,-2.307540496,0.125371119,-0.071556824,-1.999797954,-1.999947409,0.118251553,-0.079415570,-0.363322474,0.307593087,-0.007119566,-0.007858746
0.610000000,-1.626038803,-2.314657212,0.136519073,-0.082368022,-1.999764297,-1.999936830,0.129972103,-0.089924168,-0.373725494,0.314720383,-0.006546971,-0.007556146
0.640000000,-1.618134866,-2.319955494,0.139402867,-0.090353247,-1.999768852,-1.999875967,0.139207240,-0.097887865,-0.381633986,0.320079527,-0.000195627,-0.007534618
0.670000000,-1.610176973,-2.325239492,0.149145944,-0.098480747,-1.999812058,-1.999726162,0.148754728,-0.105919674,-0.389635086,0.325513330,-0.000391216,-0.007438927
0.710000000,-1.599503815,-2.332260574,0.165279044,-0.112393471,-1.999939165,-1.999265989,0.162035707,-0.116773226,-0.400435350,0.332994585,-0.003243337,-0.004379755
0.740000000,-1.591447833,-2.337493054,0.180319435,-0.121837198,-2.000060778,-1.998675112,0.172373347,-0.124952793,-0.408612945,0.338817942,-0.007946088,-0.003115595
0.770000000,-1.583354751,-2.342691478,0.191782343,-0.130149698,-2.000193924,-1.997897843,0.182960294,-0.133113262,-0.416839173,0.344793634,-0.008822050,-0.002963564
0.810000000,-1.572466722,-2.349557777,0.206460182,-0.141080020,-2.000419991,-1.996536377,0.197510928,-0.144039371,-0.427953269,0.353021400,-0.008949254,-0.002959351
0.840000000,-1.564229133,-2.354666532,0.215894425,-0.149823034,-2.000647124,-1.995300042,0.208722764,-0.152319698,-0.436417990,0.359366490,-0.007171661,-0.002496664
0.870000000,-1.555956120,-2.359754763,0.228035732,-0.158005534,-2.000910902,-1.993929909,0.220141334,-0.160622865,-0.444954781,0.365824854,-0.007894397,-0.002617331
0.910000000,-1.544867660,-2.366477390,0.238442905,-0.169398302,-2.001313490,-1.991896222,0.235722641,-0.171674657,-0.456445830,0.374581167,-0.002720265,-0.002276355
0.940000000,-1.536491077,-2.371479118,0.243435430,-0.177307399,-2.001668036,-1.990238767,0.247656588,-0.179973557,-0.465176959,0.381240351,0.004221158,-0.002666157
0.970000000,-1.528062545,-2.376471543,0.255447107,-0.185874899,-2.002078829,-1.988494682,0.259763503,-0.188303366,-0.474016284,0.387976860,0.004316396,-0.002428466
1.010000000,-1.837643878,-2.165155542,0.264282502,-0.197507162,-2.002731300,-1.986028472,0.276196913,-0.199445346,-0.165087423,0.179127069,0.011914411,-0.001938185
1.040000000,-1.834475511,-2.166501694,0.279194986,-0.205730804,-2.003281534,-1.984090125,0.288732925,-0.207795940,-0.168806023,0.182411569,0.009537939,-0.002065135
1.070000000,-1.831237894,-2.167820324,0.291578677,-0.214095804,-2.003876635,-1.982094926,0.301411771,-0.216149566,-0.172638741,0.185725398,0.009833094,-0.002053762
1.110000000,-1.826806587,-2.169539316,0.316832306,-0.226576241,-2.004776989,-1.979344665,0.318580420,-0.227312961,-0.177970402,0.190194651,0.001748114,-0.000736720
1.140000000,-1.823403225,-2.170790280,0.322644007,-0.234145900,-2.005522929,-1.977250099,0.331635686,-0.235684493,-0.182119703,0.193540182,0.008991679,-0.001538594
1.170000000,-1.819946408,-2.172009722,0.335692239,-0.242543400,-2.006296120,-1.975169149,0.344825822,-0.244057378,-0.186349712,0.196840573,0.009133583,-0.001513978
1.210000000,-1.815237372,-2.173602422,0.357424123,-0.253179652,-2.007372970,-1.972479434,0.362636538,-0.255261953,-0.192135599,0.201122988,0.005212416,-0.002082301
1.240000000,-1.811629511,-2.174771710,0.373084029,-0.261968715,-2.008259228,-1.970548656,0.376165527,-0.263663280,-0.196629717,0.204223053,0.003081498,-0.001694566
1.270000000,-1.807962828,-2.175914488,0.387134802,-0.270181215,-2.009220411,-1.968684062,0.389801676,-0.272023377,-0.201257584,0.207230426,0.002666874,-0.001842162
1.310000000,-1.803013321,-2.177406304,0.406879269,-0.281352081,-2.010599281,-1.966325515,0.408180716,-0.283163241,-0.207585959,0.211080789,0.001301448,-0.001811160
1.340000000,-1.799228763,-2.178497738,0.417129930,-0.289415851,-2.011672718,-1.964649974,0.422097544,-0.291565455,-0.212443955,0.213847764,0.004967615,-0.002149604
1.370000000,-1.795372337,-2.179584934,0.431457738,-0.297808351,-2.012787251,-1.963029785,0.436107083,-0.299974098,-0.217414914,0.216555149,0.004649344,-0.002165748
1.410000000,-1.790152656,-2.181023988,0.457276938,-0.310639057,-2.014388764,-1.960943798,0.454949139,-0.311142994,-0.224236108,0.220080190,-0.002327798,-0.000503937
1.430000000,-1.786173431,-2.182082536,0.469671407,-0.319112103,-2.015231118,-1.959927588,0.464428051,-0.316718966,-0.229057688,0.222154948,-0.005243356,0.002393137
1.470000000,-1.782121627,-2.183129161,0.484714649,-0.327352103,-2.016952187,-1.957954859,0.483511568,-0.327898424,-0.234830559,0.225174302,-0.001203081,-0.000546321
1.510000000,-1.813416032,-2.248328271,0.501805890,-0.338018053,-2.018718624,-1.956052737,0.502731652,-0.339104241,-0.205302593,0.292275534,0.000925763,-0.001086188
1.540000000,-1.809707889,-2.250652716,0.523776304,-0.346929086,-2.020112872,-1.954654614,0.517245794,-0.347493364,-0.210404982,0.295998102,-0.006530510,-0.000564278
1.570000000,-1.805934056,-2.252947332,0.539448148,-0.355544086,-2.021560560,-1.953271957,0.531816283,-0.355875859,-0.215626504,0.299675375,-0.007631865,-0.000331773
1.580000000,-1.800815124,-2.255978510,0.563795537,-0.366363031,-2.022053682,-1.952817494,0.536695154,-0.358672155,-0.221238558,0.303161016,-0.027100382,0.007690877
1.640000000,-1.796901218,-2.258243370,0.579677643,-0.374854427,-2.025035203,-1.950123563,0.566090694,-0.375466853,-0.228133984,0.308119807,-0.013586949,-0.000612426
1.670000000,-1.792922647,-2.260505070,0.595892896,-0.383441927,-2.026560015,-1.948769195,0.580877532,-0.383865241,-0.233637368,0.311735875,-0.015015364,-0.000423314
1.710000000,-1.787543629,-2.263478815,0.613325335,-0.394376499,-2.028659711,-1.946896144,0.600678424,-0.395081988,-0.241116081,0.316582671,-0.012646911,-0.000705489
1.740000000,-1.783471034,-2.265687800,0.624437676,-0.402994126,-2.030247999,-1.945434484,0.615596166,-0.403498547,-0.246776965,0.320253316,-0.008841510,-0.000504420
1.770000000,-1.779348579,-2.267880502,0.640289031,-0.411314126,-2.031822703,-1.943935634,0.630555612,-0.411892883,-0.252474123,0.323944868,-0.009733419,-0.000578756
1.810000000,-1.773742032,-2.270783224,0.659155121,-0.424389583,-2.033923127,-1.941859013,0.650575042,-0.423067368,-0.260181094,0.328924211,-0.008580079,0.001322215
1.840000000,-1.769458981,-2.272950225,0.666694133,-0.433566468,-2.035535489,-1.940232413,0.665643231,-0.431470817,-0.266076509,0.332717812,-0.001050902,0.002095651
1.870000000,-1.765117481,-2.275093244,0.682081346,-0.441761468,-2.037168248,-1.938562808,0.680743176,-0.439881311,-0.272050767,0.336530436,-0.001338170,0.001880156
1.910000000,-1.759236665,-2.277919471,0.707524887,-0.452738650,-2.039337874,-1.936285760,0.700944867,-0.451073073,-0.280101209,0.341633711,-0.006580019,0.001665578
1.940000000,-1.754760222,-2.280029198,0.722236848,-0.462029695,-2.040963220,-1.934543192,0.716132903,-0.459456066,-0.286202998,0.345486006,-0.006103945,0.002573629
1.970000000,-1.750219993,-2.282121161,0.738114768,-0.470477195,-2.042613577,-1.932765050,0.731357063,-0.467847467,-0.292393583,0.349356110,-0.006757706,0.002629728
2.010000000,-1.819280091,-2.261670067,0.764386935,-0.481014307,-2.044868633,-1.930328199,0.751695288,-0.479051695,-0.225588542,0.331341867,-0.012691647,0.001962612
2.040000000,-1.815939675,-2.263366455,0.777377556,-0.488842805,-2.046565946,-1.928471588,0.766991160,-0.487447450,-0.230626271,0.334894866,-0.010386396,0.001395354
2.070000000,-1.812540260,-2.265059358,0.793584445,-0.497300305,-2.048257155,-1.926601233,0.782305770,-0.495833167,-0.235716894,0.338458125,-0.011278674,0.001467138
2.110000000,-1.807902684,-2.267319372,0.807275883,-0.508686533,-2.050539974,-1.924063804,0.802776285,-0.507016249,-0.242637289,0.343255567,-0.004499598,0.001670284
2.140000000,-1.804352674,-2.269018387,0.827647391,-0.517763329,-2.052291481,-1.922117062,0.818153587,-0.515414416,-0.247938807,0.346901325,-0.009493803,0.002348913
2.170000000,-1.800757756,-2.270709237,0.843864593,-0.526098329,-2.054050488,-1.920147873,0.833555117,-0.523812059,-0.253292733,0.350561364,-0.010309476,0.002286269
2.210000000,-1.795860468,-2.272957112,0.862557962,-0.536012643,-2.056370295,-1.917498366,0.854126530,-0.534990566,-0.260509827,0.355458747,-0.008431433,0.001022077
2.240000000,-1.792088050,-2.274654451,0.867957331,-0.545185321,-2.058110040,-1.915480062,0.869582796,-0.543371499,-0.266021990,0.359174389,0.001625464,0.001813822
2.270000000,-1.788244595,-2.276347345,0.883419904,-0.553235321,-2.059872563,-1.913425949,0.885058576,-0.551764018,-0.271627968,0.362921397,0.001638671,0.001471303
2.310000000,-1.783037260,-2.278600123,0.902329871,-0.563899971,-2.062248750,-1.910634170,0.905717244,-0.562964328,-0.279211490,0.367965954,0.003387373,0.000935642
2.340000000,-1.779067116,-2.280289201,0.918292979,-0.571196305,-2.064015200,-1.908526389,0.921237105,-0.571354219,-0.284948084,0.371762812,0.002944126,-0.000157914
2.370000000,-1.775030619,-2.281973912,0.933861250,-0.579518805,-2.065772943,-1.906409510,0.936765365,-0.579739213,-0.290742324,0.375564402,0.002904115,-0.000220408
2.410000000,-1.769530613,-2.284216611,0.960821090,-0.591112545,-2.068147980,-1.903544267,0.957505431,-0.590927727,-0.298617368,0.380672344,-0.003315659,0.000184818
2.440000000,-1.765340670,-2.285893446,0.975321385,-0.600306797,-2.069959189,-1.901362193,0.973070979,-0.599324628,-0.304618519,0.384531253,-0.002250406,0.000982170
2.470000000,-1.761092206,-2.287556380,0.991360897,-0.608729297,-2.071768865,-1.899173359,0.988656270,-0.607718724,-0.310676659,0.388383022,-0.002704627,0.001010573
2.510000000,-1.852269454,-2.236602797,1.005043094,-0.620506557,-2.074162803,-1.896256553,1.009449772,-0.618904428,-0.221893349,0.340346244,0.004406678,0.001602130
2.540000000,-1.849681937,-2.237298968,1.025698591,-0.629444009,-2.075975746,-1.894050382,1.025066760,-0.627295836,-0.226293809,0.343248586,-0.000631831,0.002148173
2.570000000,-1.847029091,-2.237983521,1.041728084,-0.637699009,-2.077816575,-1.891821161,1.040687901,-0.635691254,-0.230787484,0.346162361,-0.001040183,0.002007755
2.610000000,-1.843387120,-2.238898857,1.058735038,-0.649377070,-2.080288456,-1.888832061,1.061533418,-0.646885759,-0.236901335,0.350066795,0.002798380,0.002491310
2.630000000,-1.840567678,-2.239591078,1.071821578,-0.657089394,-2.081513172,-1.887343298,1.071963797,-0.652480935,-0.240945494,0.352247780,0.000142218,0.004608460
2.670000000,-1.837667483,-2.240295599,1.087513859,-0.665256894,-2.083946580,-1.884367270,1.092830524,-0.663668706,-0.246279096,0.355928329,0.005316665,0.001588188
2.710000000,-1.833686884,-2.241251973,1.116486188,-0.676540551,-2.086398171,-1.881353956,1.113717937,-0.674864891,-0.252711286,0.359898017,-0.002768251,0.001675660
2.740000000,-1.830642580,-2.241984925,1.132616298,-0.685081009,-2.088240942,-1.879070574,1.129387306,-0.683267198,-0.257598362,0.362914351,-0.003228992,0.001813812
2.770000000,-1.827526349,-2.242717471,1.148996580,-0.693618509,-2.090063897,-1.876788187,1.145067977,-0.691664348,-0.262537547,0.365929284,-0.003928602,0.001954162
2.810000000,-1.823258743,-2.243711383,1.174598777,-0.705281960,-2.092457668,-1.873750614,1.165975748,-0.702850602,-0.269198925,0.369960769,-0.008623029,0.002431359
2.840000000,-1.819977591,-2.244475596,1.191670600,-0.713309171,-2.094257795,-1.871453785,1.181670127,-0.711244365,-0.274280204,0.373021811,-0.010000473,0.002064806
2.870000000,-1.816633357,-2.245251634,1.200666733,-0.721499171,-2.096068531,-1.869140046,1.197361340,-0.719641339,-0.279435174,0.376111588,-0.003305393,0.001857831
2.910000000,-1.812083728,-2.246304086,1.215383264,-0.733664762,-2.098467722,-1.866058455,1.218298014,-0.730834333,-0.286383994,0.380245631,0.002914749,0.002830429
2.940000000,-1.808597667,-2.247110222,1.230757954,-0.740830498,-2.100241306,-1.863766055,1.233999222,-0.739226449,-0.291643639,0.383344168,0.003241269,0.001604050
2.970000000,-1.805047649,-2.247948233,1.240427348,-0.749090498,-2.102013296,-1.861474108,1.249708694,-0.747619091,-0.296965647,0.386474125,0.009281346,0.001471407
3.010000000,-1.950369919,-2.124147535,1.257093775,-0.760278652,-2.104400595,-1.858397480,1.270658352,-0.758810125,-0.154030676,0.265750055,0.013564576,0.001468527
3.040000000,-1.949672141,-2.122478380,1.272452178,-0.767929641,-2.106191695,-1.856093934,1.286377091,-0.767202537,-0.156519554,0.266384445,0.013924913,0.000727104
3.070000000,-1.948905737,-2.120820514,1.290933593,-0.776337141,-2.107966294,-1.853810903,1.302099798,-0.775594351,-0.159060556,0.267009611,0.011166204,0.000742790
3.110000000,-1.947772876,-2.118645369,1.310362799,-0.787729791,-2.110315698,-1.850792623,1.323068706,-0.786781983,-0.162542823,0.267852746,0.012705907,0.000947808
3.140000000,-1.946849389,-2.117033553,1.326047907,-0.796446017,-2.112083027,-1.848526953,1.338798898,-0.795172023,-0.165233638,0.268506600,0.012750991,0.001273994
3.170000000,-1.945867557,-2.115421198,1.346676829,-0.804908517,-2.113841982,-1.846266695,1.354528244,-0.803562577,-0.167974425,0.269154504,0.007851414,0.001345940
3.210000000,-1.944453706,-2.113278582,1.365091189,-0.816476568,-2.116127944,-1.843296480,1.375513726,-0.814746204,-0.171674238,0.269982102,0.010422537,0.001730364
3.240000000,-1.943300007,-2.111697564,1.380860226,-0.824773622,-2.117797391,-1.841095771,1.391253558,-0.823129275,-0.174497384,0.270601793,0.010393332,0.001644347
3.270000000,-1.942077703,-2.110140508,1.399210994,-0.833431122,-2.119452651,-1.838893992,1.407003883,-0.831516819,-0.177374947,0.271246516,0.007792890,0.001914303
3.280000000,-1.940379292,-2.108097297,1.415600308,-0.844633125,-2.120001246,-1.838158310,1.412252352,-0.834315074,-0.179621954,0.269938987,-0.003347956,0.010318051
3.340000000,-1.939026540,-2.106594182,1.431706999,-0.853870480,-2.123229235,-1.833785138,1.443758329,-0.851102322,-0.184202695,0.272809044,0.012051330,0.002768158
3.370000000,-1.937594185,-2.105114458,1.444781487,-0.862132980,-2.124783333,-1.831648048,1.459512237,-0.859490760,-0.187189148,0.273466411,0.014730750,0.002642220
3.410000000,-1.935570914,-2.103178487,1.471804653,-0.873109830,-2.126817132,-1.828828479,1.480530517,-0.870677716,-0.191246218,0.274350008,0.008725865,0.002432114
3.440000000,-1.933982103,-2.101757230,1.487348898,-0.881484530,-2.128329953,-1.826721044,1.496292149,-0.879071127,-0.194347850,0.275036186,0.008943251,0.002413403
3.470000000,-1.932334501,-2.100365544,1.504915161,-0.890117030,-2.129819832,-1.824637269,1.512060274,-0.887464120,-0.197485331,0.275728275,0.007145113,0.002652911
3.510000000,-1.919798122,-2.203666538,1.528837721,-0.900662363,-2.131739956,-1.821935279,1.533087052,-0.898652924,-0.211941834,0.381731259,0.004249331,0.002009439
3.540000000,-1.917352983,-2.204964586,1.546172824,-0.908374587,-2.133146195,-1.819949406,1.548861744,-0.907044830,-0.215793212,0.385015180,0.002688920,0.001329757
3.570000000,-1.914840114,-2.206283059,1.560872427,-0.916537087,-2.134544242,-1.817974138,1.564640262,-0.915438814,-0.219704127,0.388308921,0.003767836,0.001098273
3.610000000,-1.911394575,-2.208059745,1.579959528,-0.927355102,-2.136380984,-1.815374804,1.585679220,-0.926633102,-0.224986409,0.392684941,0.005719692,0.000722000
3.640000000,-1.908746238,-2.209402616,1.596814759,-0.935690061,-2.137710935,-1.813475011,1.601462236,-0.935025198,-0.228964697,0.395927605,0.004647477,0.000664863
3.670000000,-1.906028265,-2.210777930,1.612291913,-0.944147561,-2.139004143,-1.811600098,1.617241505,-0.943413443,-0.232975878,0.399177833,0.004949592,0.000734118
3.680000000,-1.902315363,-2.212656805,1.635435512,-0.954760273,-2.139425891,-1.810975080,1.622504605,-0.946211001,-0.237110528,0.401681724,-0.012930906,0.008549272
3.740000000,-1.899463223,-2.214092791,1.652802804,-0.962449517,-2.141889844,-1.807199268,1.654074874,-0.963027428,-0.242426621,0.406893523,0.001272069,-0.000577911
3.770000000,-1.896541321,-2.215535282,1.664943013,-0.970502017,-2.143049747,-1.805320459,1.669866862,-0.971433428,-0.246508425,0.410214823,0.004923848,-0.000931411
3.810000000,-1.892495059,-2.217513288,1.683993145,-0.980992863,-2.144499295,-1.802852809,1.690914947,-0.982611996,-0.252004236,0.414660479,0.006921802,-0.001619133
3.840000000,-1.889372870,-2.219023948,1.701344485,-0.988822862,-2.145541595,-1.800999877,1.706710325,-0.991003984,-0.256168725,0.418024071,0.005365841,-0.002181122
3.870000000,-1.886190111,-2.220546479,1.711356224,-0.996770362,-2.146562943,-1.799135772,1.722501295,-0.999408019,-0.260372832,0.421410706,0.011145071,-0.002637657
3.910000000,-1.881829431,-2.222572731,1.737992567,-1.008078775,-2.147868599,-1.796670838,1.743564747,-1.010608913,-0.266039169,0.425901893,0.005572180,-0.002530138
3.940000000,-1.878463261,-2.224110768,1.754219494,-1.017937605,-2.148795793,-1.794864137,1.759359414,-1.018998008,-0.270332531,0.429246631,0.005139920,-0.001060403
3.970000000,-1.875031134,-2.225671749,1.767104453,-1.026397605,-2.149698378,-1.793073239,1.775157230,-1.027387412,-0.274667243,0.432598510,0.008052777,-0.000989807
3.980000000,-1.874561758,-2.081120911,1.783508457,-1.037425561,-2.149995843,-1.792475232,1.780425197,-1.030185820,-0.275434085,0.288645679,-0.003083260,0.007239741
4.040000000,-1.870929106,-2.079374883,1.800387197,-1.045514449,-2.151756642,-1.788895684,1.812022919,-1.046979048,-0.280827536,0.290479199,0.011635722,-0.001464599
4.070000000,-1.867238282,-2.077657749,1.826673836,-1.053821949,-2.152603739,-1.787146599,1.827826313,-1.055373326,-0.285365457,0.290511150,0.001152477,-0.001551378
4.110000000,-1.862204459,-2.075419426,1.840006835,-1.066101639,-2.153701029,-1.784870802,1.848893818,-1.066568564,-0.291496570,0.290548623,0.008886983,-0.000466925
4.140000000,-1.858348177,-2.073767366,1.856409816,-1.074256971,-2.154529602,-1.783183748,1.864697089,-1.074959505,-0.296181425,0.290583618,0.008287273,-0.000702534
4.170000000,-1.854440919,-2.072127421,1.868356893,-1.082826971,-2.155372086,-1.781522900,1.880494177,-1.083342287,-0.300931167,0.290604521,0.012137284,-0.000515316
4.210000000,-1.849132367,-2.069978990,1.886144905,-1.094310818,-2.156520479,-1.779417267,1.901565696,-1.094538420,-0.307388112,0.290561723,0.015420791,-0.000227603
4.240000000,-1.845070546,-2.068415986,1.901525418,-1.102699463,-2.157414962,-1.777931206,1.917362174,-1.102965164,-0.312344416,0.290484780,0.015836755,-0.000265701
4.270000000,-1.840939610,-2.066890264,1.911219851,-1.111259463,-2.158352450,-1.776490559,1.933166322,-1.111378309,-0.317412840,0.290399705,0.021946470,-0.000118846
4.310000000,-1.835333001,-2.064885908,1.929835960,-1.122437108,-2.159692218,-1.774639811,1.954229973,-1.122540290,-0.324359217,0.290246097,0.024394013,-0.000103182
4.340000000,-1.831058964,-2.063403897,1.945778193,-1.132336005,-2.160747316,-1.773338522,1.970034805,-1.130924168,-0.329688351,0.290065375,0.024256613,0.001411837
4.370000000,-1.826713007,-2.061959083,1.967080197,-1.140456005,-2.161831039,-1.772113880,1.985834178,-1.139339186,-0.335118031,0.289845204,0.018753981,0.001116819
4.410000000,-1.820801653,-2.060087833,1.989186522,-1.150794364,-2.163344211,-1.770582552,2.006904752,-1.150558962,-0.342542558,0.289505281,0.017718230,0.000235402
4.440000000,-1.816294180,-2.058705523,2.005411637,-1.160637093,-2.164541650,-1.769480730,2.022704060,-1.158934869,-0.348247469,0.289224793,0.017292423,0.001702223
4.470000000,-1.811726204,-2.057336889,2.021465738,-1.168802093,-2.165777075,-1.768427505,2.038503785,-1.167305120,-0.354050871,0.288909384,0.017038047,0.001496972
4.510000000,-1.920279929,-2.096202372,2.037307901,-1.180172733,-2.167475265,-1.767153090,2.059571062,-1.178512217,-0.247195336,0.329049281,0.022263161,0.001660516
4.540000000,-1.918066582,-2.096111194,2.053747916,-1.188981025,-2.168793305,-1.766279030,2.075368503,-1.186930788,-0.250726723,0.329832164,0.021620587,0.002050237
4.570000000,-1.915784700,-2.096041417,2.070480882,-1.197641025,-2.170154631,-1.765438172,2.091171527,-1.195323903,-0.254369931,0.330603245,0.020690644,0.002317121
4.580000000,-1.912680912,-2.095974123,2.095489679,-1.209005445,-2.170622682,-1.765168270,2.096437695,-1.198114865,-0.257941770,0.330805853,0.000948016,0.010890580
4.640000000,-1.910305742,-2.095951048,2.111672833,-1.217517540,-2.173478572,-1.763668064,2.128046047,-1.214884218,-0.263172830,0.332282985,0.016373214,0.002633322
4.670000000,-1.907878807,-2.095995179,2.126980980,-1.225667540,-2.174909984,-1.763002101,2.143845122,-1.223287357,-0.267031176,0.332993079,0.016864142,0.002380183
4.710000000,-1.904549378,-2.096128687,2.154697280,-1.236328966,-2.176783637,-1.762136457,2.164919922,-1.234488329,-0.272234259,0.333992230,0.010222642,0.001840636
4.740000000,-1.901977063,-2.096252918,2.171576950,-1.245276611,-2.178139737,-1.761482475,2.180718894,-1.242909499,-0.276162675,0.334770443,0.009141944,0.002367112
4.770000000,-1.899344843,-2.096416741,2.185724378,-1.253669111,-2.179443537,-1.760846611,2.196524569,-1.251328156,-0.280098694,0.335570130,0.010800191,0.002340955
4.810000000,-1.895744240,-2.096711914,2.209688234,-1.264169226,-2.181078385,-1.760055277,2.217590952,-1.262512196,-0.285334145,0.336656637,0.007902718,0.001657030
4.840000000,-1.892968146,-2.096985526,2.225572535,-1.272760885,-2.182244157,-1.759473614,2.233395679,-1.270901890,-0.289276010,0.337511911,0.007823145,0.001858995
4.870000000,-1.890136046,-2.097290500,2.242050880,-1.281393385,-2.183378017,-1.758882636,2.249196981,-1.279306862,-0.293241971,0.338407863,0.007146102,0.002086523
4.900000000,-1.887259666,-2.097616148,2.258130655,-1.288943604,-2.184472669,-1.758301095,2.264997357,-1.287713272,-0.297213003,0.339315053,0.006866702,0.001230332
4.940000000,-1.883334969,-2.098112217,2.276132547,-1.300534302,-2.185877028,-1.757581994,2.286066718,-1.298904874,-0.302542059,0.340530222,0.009934171,0.001629428
4.970000000,-1.880331934,-2.098538723,2.299267723,-1.308794302,-2.186897202,-1.757076540,2.301865315,-1.307294394,-0.306565268,0.341462183,0.002597592,0.001499908
4.980000000,-1.900762129,-2.072667889,2.311561340,-1.320107611,-2.187232272,-1.756908468,2.307134141,-1.310092674,-0.286470143,0.315759421,-0.004427199,0.010014936
5.040000000,-1.897914933,-2.072590432,2.326747887,-1.327397083,-2.189220454,-1.755899351,2.338734921,-1.326886146,-0.291305521,0.316691081,0.011987034,0.000510936
5.070000000,-1.895010710,-2.072530984,2.350363946,-1.335762083,-2.190194562,-1.755430984,2.354539390,-1.335281151,-0.295183852,0.317099999,0.004175443,0.000480932
5.080000000,-1.891022464,-2.072522197,2.373129553,-1.347661942,-2.190515293,-1.755287693,2.359804634,-1.338079382,-0.299492829,0.317234504,-0.013324920,0.009582560
5.140000000,-1.887945362,-2.072574966,2.389736130,-1.354431153,-2.192433351,-1.754453871,2.391403456,-1.354869904,-0.304487989,0.318121094,0.001667326,-0.000438750
5.170000000,-1.884807014,-2.072651073,2.398877729,-1.362856153,-2.193392989,-1.754036305,2.407197734,-1.363262069,-0.308585975,0.318614768,0.008320004,-0.000405916
5.210000000,-1.880523073,-2.072791563,2.421600528,-1.375318250,-2.194664138,-1.753519537,2.428263405,-1.374451047,-0.314141064,0.319272026,0.006662877,0.000867203
5.240000000,-1.877250814,-2.072939518,2.435000350,-1.383729856,-2.195608561,-1.753181236,2.444054721,-1.382844988,-0.318357747,0.319758282,0.009054372,0.000884868
5.270000000,-1.873931737,-2.073133020,2.454483849,-1.392149856,-2.196553166,-1.752856751,2.459849871,-1.391239379,-0.322621429,0.320276268,0.005366022,0.000910477
5.310000000,-1.869427829,-2.073462634,2.475578612,-1.403901170,-2.197825457,-1.752414822,2.480906080,-1.402425157,-0.328397628,0.321047812,0.005327468,0.001476013
5.340000000,-1.866003053,-2.073746885,2.492954229,-1.412180937,-2.198790613,-1.752101987,2.496699728,-1.410812606,-0.332787560,0.321644898,0.003745499,0.001368331
5.370000000,-1.862532661,-2.074069116,2.512542084,-1.420455937,-2.199763638,-1.751826252,2.512492979,-1.419208022,-0.337230978,0.322242865,-0.000049105,0.001247915
5.410000000,-1.857827210,-2.074571434,2.538177227,-1.431672501,-2.201085982,-1.751504160,2.533546190,-1.430411687,-0.343258772,0.323067274,-0.004631037,0.001260814
5.440000000,-1.854239814,-2.075017943,2.555103963,-1.439187076,-2.202107687,-1.751257808,2.549338018,-1.438801551,-0.347867873,0.323760135,-0.005765945,0.000385525
5.470000000,-1.850604447,-2.075500410,2.564435885,-1.447574576,-2.203153511,-1.751012523,2.565123713,-1.447182036,-0.352549064,0.324487886,0.000687828,0.000392540
5.510000000,-2.024807003,-1.986725738,2.579570438,-1.457497239,-2.204590911,-1.750737105,2.586177749,-1.458372524,-0.179783907,0.235988633,0.006607311,-0.000875285
5.540000000,-2.024904106,-1.985362441,2.595685530,-1.465603323,-2.205705320,-1.750570487,2.601959989,-1.466780526,-0.180801214,0.234791954,0.006274459,-0.001177203
5.570000000,-2.024952336,-1.984063540,2.614747659,-1.473868323,-2.206852005,-1.750405162,2.617749368,-1.475171348,-0.181899669,0.233658378,0.003001710,-0.001303024
5.610000000,-2.024962405,-1.982412188,2.639796020,-1.486026150,-2.208437390,-1.750171800,2.638796943,-1.486335708,-0.183474985,0.232240387,-0.000999078,-0.000309558
5.640000000,-2.024947225,-1.981204215,2.656409452,-1.494421662,-2.209639388,-1.750022356,2.654590377,-1.494717118,-0.184692163,0.231181859,-0.001819075,-0.000295456
5.670000000,-2.024911977,-1.980038824,2.678682092,-1.502774162,-2.210819258,-1.749903894,2.670380577,-1.503098307,-0.185907281,0.230134930,-0.008301515,-0.000324145
5.710000000,-2.024807393,-1.978573596,2.696999259,-1.513750134,-2.212291593,-1.749757478,2.691442090,-1.514265690,-0.187484200,0.228816118,-0.005557169,-0.000515555
5.730000000,-2.024684044,-1.977518095,2.709170208,-1.522505563,-2.212967411,-1.749670845,2.701971150,-1.519877779,-0.188283367,0.227847250,-0.007199058,0.002627784
5.770000000,-2.024515496,-1.976505921,2.725813964,-1.531165563,-2.214175034,-1.749492295,2.723025246,-1.531137572,-0.189659538,0.227013625,-0.002788718,0.000027992
5.810000000,-2.024202403,-1.975231149,2.744062464,-1.543080887,-2.215183307,-1.749360095,2.744080361,-1.542319382,-0.190980904,0.225871055,0.000017897,0.000761505
5.830000000,-2.023917273,-1.974343608,2.761727204,-1.550846129,-2.215616019,-1.749307514,2.754604239,-1.547889201,-0.191698746,0.225036095,-0.007122964,0.002956928
5.870000000,-2.023597958,-1.973510857,2.778310347,-1.559171129,-2.216350573,-1.749186036,2.775659235,-1.559079897,-0.192752615,0.224324821,-0.002651112,0.000091232
5.910000000,-2.023100051,-1.972454789,2.793582325,-1.570803617,-2.216925555,-1.749048703,2.796703892,-1.570320281,-0.193825504,0.223406086,0.003121567,0.000483336
5.930000000,-2.022663900,-1.971707055,2.806117399,-1.579123849,-2.217157936,-1.748996053,2.807231082,-1.575921674,-0.194494037,0.222711002,0.001113683,0.003202174
5.970000000,-2.022186340,-1.971011801,2.822062479,-1.587516349,-2.217521502,-1.748933674,2.828272931,-1.587080198,-0.195335162,0.222078127,0.006210452,0.000436151
6.010000000,-2.043715446,-2.050709650,2.853598843,-1.598494095,-2.217759890,-1.748874199,2.849321929,-1.598262917,-0.174044444,0.301835451,-0.004276914,0.000231178
6.040000000,-2.043171750,-2.052136641,2.870205275,-1.606370094,-2.217860020,-1.748816832,2.865100578,-1.606681813,-0.174688270,0.303319809,-0.005104697,-0.000311719
6.070000000,-2.042576333,-2.053601195,2.889222228,-1.614605094,-2.217908050,-1.748775464,2.880885609,-1.615091488,-0.175331717,0.304825731,-0.008336619,-0.000486393
6.110000000,-2.041709305,-2.055631438,2.907879141,-1.624879684,-2.217885289,-1.748775190,2.901927036,-1.626259447,-0.176175984,0.306856248,-0.005952105,-0.001379764
6.130000000,-2.041021928,-2.057205109,2.919473606,-1.633823445,-2.217839940,-1.748781483,2.912450810,-1.631842251,-0.176818013,0.308423626,-0.007022796,0.001981194
6.170000000,-2.040287824,-2.058825500,2.935870083,-1.642140945,-2.217681487,-1.748764256,2.933501523,-1.643043837,-0.177393664,0.310061245,-0.002368560,-0.000902892
6.210000000,-2.039263950,-2.061047922,2.959223773,-1.652834205,-2.217436835,-1.748735561,2.954552877,-1.654259341,-0.178172885,0.312312361,-0.004670895,-0.001425136
6.240000000,-2.038457252,-2.062771845,2.975862308,-1.661152785,-2.217200044,-1.748745878,2.970344911,-1.662643107,-0.178742792,0.314025967,-0.005517397,-0.001490321
6.270000000,-2.037603373,-2.064538123,2.984109143,-1.669717785,-2.216926685,-1.748768809,2.986135234,-1.671017608,-0.179323312,0.315769314,0.002026091,-0.001299822
6.310000000,-2.036411813,-2.066978124,3.004034947,-1.681737022,-2.216496957,-1.748767649,3.007199241,-1.682210419,-0.180085144,0.318210475,0.003164295,-0.000473398
6.330000000,-2.035488090,-2.068859165,3.021860611,-1.691011158,-2.216258305,-1.748752125,3.017726999,-1.687815819,-0.180770215,0.320107039,-0.004133612,0.003195339
6.370000000,-2.034539169,-2.070775689,3.038090675,-1.699443658,-2.215745060,-1.748736318,3.038796200,-1.699012750,-0.181205891,0.322039371,0.000705525,0.000430909
6.410000000,-2.033234399,-2.073443690,3.051349945,-1.709752993,-2.215194298,-1.748752415,3.059857054,-1.710191062,-0.181959900,0.324691275,0.008507109,-0.000438069
6.440000000,-2.032211158,-2.075504140,3.065869339,-1.718451542,-2.214756187,-1.748742323,3.075661419,-1.718582774,-0.182545029,0.326761818,0.009792080,-0.000131232
6.470000000,-2.031141773,-2.077614833,3.082173741,-1.726691542,-2.214301706,-1.748703363,3.091459894,-1.726981016,-0.183159932,0.328911469,0.009286152,-0.000289474
6.510000000,-2.006981756,-1.959364710,3.105948133,-1.738627750,-2.213678572,-1.748643367,3.112534066,-1.738174891,-0.206696816,0.210721344,0.006585934,0.000452859
6.540000000,-2.005083129,-1.958786327,3.123208175,-1.746268078,-2.213207156,-1.748615702,3.128335478,-1.746565899,-0.208124027,0.210170625,0.005127303,-0.000297820
6.570000000,-2.003157939,-1.958273286,3.145537098,-1.754780578,-2.212732074,-1.748578376,3.144142376,-1.754957847,-0.209574134,0.209694909,-0.001394722,-0.000177269
6.610000000,-2.000541950,-1.957680085,3.163278772,-1.765759932,-2.212089469,-1.748470385,3.165223730,-1.766147863,-0.211547520,0.209209700,0.001944958,-0.000387931
6.640000000,-1.998541824,-1.957286109,3.179558431,-1.774241941,-2.211609366,-1.748374414,3.181041560,-1.774538532,-0.213067542,0.208911694,0.001483129,-0.000296591
6.670000000,-1.996530744,-1.956938284,3.190662802,-1.782514441,-2.211138341,-1.748298073,3.196864965,-1.782930789,-0.214607597,0.208640210,0.006202163,-0.000416348
6.710000000,-1.993809628,-1.956577376,3.208444119,-1.794182270,-2.210526165,-1.748215209,3.217962494,-1.794124321,-0.216716537,0.208362168,0.009518375,0.000057948
6.740000000,-1.991730003,-1.956382426,3.224564943,-1.802942555,-2.210071382,-1.748122208,3.233796416,-1.802516019,-0.218341379,0.208260218,0.009231473,0.000426536
6.770000000,-1.989605225,-1.956229399,3.242626771,-1.811357555,-2.209621710,-1.748009024,3.249626752,-1.810903860,-0.220016484,0.208220375,0.006999982,0.000453695
6.810000000,-1.986721750,-1.956103210,3.261911759,-1.822350148,-2.209048524,-1.747880502,3.270751219,-1.822092577,-0.222326775,0.208222707,0.008839460,0.000257571
6.840000000,-1.984546810,-1.956079019,3.277294929,-1.830463323,-2.208643329,-1.747810336,3.286591062,-1.830491643,-0.224096519,0.208268683,0.009296133,-0.000028320
6.870000000,-1.982352858,-1.956112120,3.301002769,-1.838998323,-2.208250044,-1.747729627,3.302442389,-1.838888155,-0.225897186,0.208382494,0.001439620,0.000110167
6.910000000,-1.979366887,-1.956223896,3.328589224,-1.850590226,-2.207743845,-1.747580585,3.323574174,-1.850069360,-0.228376957,0.208643311,-0.005015049,0.000520866
6.940000000,-1.977098304,-1.956360295,3.345256185,-1.858935880,-2.207390782,-1.747477979,3.339433752,-1.858457492,-0.230292479,0.208882316,-0.005822433,0.000478387
6.970000000,-1.974818341,-1.956559720,3.353979907,-1.867298380,-2.207064077,-1.747402532,3.355290351,-1.866855637,-0.232245736,0.209157188,0.001310445,0.000442743
7.010000000,-2.100075522,-1.902124031,3.374451922,-1.878039121,-2.206667146,-1.747312211,3.376439199,-1.878055900,-0.106591624,0.154811819,0.001987277,-0.000016779
7.040000000,-2.100542527,-1.901433379,3.390761518,-1.886034519,-2.206389134,-1.747217017,3.392301263,-1.886443688,-0.105846607,0.154216362,0.001539744,-0.000409169
7.070000000,-2.100984986,-1.900795116,3.412828052,-1.894289519,-2.206131319,-1.747117783,3.408164596,-1.894836903,-0.105146334,0.153677334,-0.004663456,-0.000547384
7.110000000,-2.101519955,-1.900035504,3.429534317,-1.905003750,-2.205836426,-1.747031827,3.429325144,-1.906048199,-0.104316471,0.153003677,-0.000209173,-0.001044450
7.140000000,-2.101886433,-1.899539446,3.446429806,-1.913884455,-2.205625251,-1.746994742,3.445196106,-1.914450306,-0.103738818,0.152544704,-0.001233700,-0.000565851
7.170000000,-2.102230826,-1.899097126,3.459812999,-1.922229455,-2.205386055,-1.746954250,3.461076624,-1.922858114,-0.103155229,0.152142876,0.001263625,-0.000628659
7.210000000,-2.102644890,-1.898564411,3.475317632,-1.934279572,-2.204966176,-1.746916866,3.482246912,-1.934115494,-0.102321286,0.151647545,0.006929280,0.000164078
7.240000000,-2.102947267,-1.898208218,3.491562980,-1.943095892,-2.204556502,-1.746962129,3.498135667,-1.942523612,-0.101609235,0.151246089,0.006572687,0.000572280
7.270000000,-2.103252429,-1.897909460,3.503536916,-1.951578392,-2.204065625,-1.747073834,3.514017220,-1.950871203,-0.100813195,0.150835626,0.010480304,0.000707189
7.310000000,-2.103621482,-1.897625965,3.515996947,-1.962443083,-2.203226644,-1.747296871,3.535204944,-1.962030254,-0.099605162,0.150329094,0.019207997,0.000412829
7.340000000,-2.103876379,-1.897476647,3.530711992,-1.971340870,-2.202446871,-1.747503560,3.551087626,-1.970484758,-0.098570492,0.149973086,0.020375634,0.000856112
7.370000000,-2.104117393,-1.897358685,3.552271424,-1.979743370,-2.201567984,-1.747766113,3.566976611,-1.978928434,-0.097450592,0.149592572,0.014705187,0.000814936
7.410000000,-2.104409637,-1.897291249,3.577165185,-1.991155625,-2.200231910,-1.748254950,3.588156069,-1.990065080,-0.095822273,0.149036299,0.010990884,0.001090545
7.440000000,-2.104618196,-1.897321830,3.593910991,-1.998910746,-2.199095731,-1.748694950,3.604044494,-1.998416786,-0.094477535,0.148626880,0.010133502,0.000493960
7.470000000,-2.104803515,-1.897408279,3.617773340,-2.007445746,-2.197852985,-1.749163668,3.619932063,-2.006836698,-0.093049470,0.148244611,0.002158723,0.000609048
7.510000000,-2.024036065,-1.928540750,3.638679485,-2.019243131,-2.196018018,-1.749869784,3.641113315,-2.018104785,-0.171981953,0.178670966,0.002433830,0.001138345
7.540000000,-2.022061119,-1.929616638,3.654325687,-2.028228721,-2.194532082,-1.750501090,3.657001381,-2.026476396,-0.172470963,0.179115548,0.002675694,0.001752325
7.570000000,-2.020078128,-1.930753853,3.679656414,-2.036518721,-2.192966112,-1.751198022,3.672884898,-2.034819995,-0.172887985,0.179555831,-0.006771516,0.001698726
7.610000000,-2.017421524,-1.932371195,3.696096355,-2.048138630,-2.190715606,-1.752191077,3.694073336,-2.046029435,-0.173294082,0.180180117,-0.002023019,0.002109195
7.640000000,-2.015408986,-1.933634470,3.712911217,-2.056388668,-2.188927051,-1.752979799,3.709958592,-2.054476077,-0.173518066,0.180654671,-0.002952625,0.001912591
7.670000000,-2.013376940,-1.934949768,3.725165985,-2.064776168,-2.187099529,-1.753823612,3.725853360,-2.062889898,-0.173722589,0.181126157,0.000687375,0.001886270
7.710000000,-2.010662205,-1.936794282,3.741896425,-2.075724674,-2.184635554,-1.755042892,3.747038025,-2.074066384,-0.173973349,0.181751390,0.005141600,0.001658291
7.740000000,-2.008607192,-1.938258831,3.757815551,-2.084557113,-2.182774231,-1.755972471,3.762938525,-2.082464575,-0.174167039,0.182286360,0.005122974,0.002092538
7.770000000,-2.006540193,-1.939767371,3.769229189,-2.092752113,-2.180911051,-1.756893011,3.778833944,-2.090861758,-0.174370858,0.182874360,0.009604755,0.001890355
7.810000000,-2.003766269,-1.941847035,3.787122630,-2.104311502,-2.178470371,-1.758141483,3.800040376,-2.102046405,-0.174704102,0.183705552,0.012917746,0.002265097
7.840000000,-2.001677878,-1.943457041,3.802865549,-2.112967488,-2.176701742,-1.759115617,3.815943064,-2.110449160,-0.175023863,0.184341424,0.013077515,0.002518327
7.870000000,-1.999592634,-1.945137788,3.818741533,-2.121369988,-2.174972874,-1.760094330,3.831851487,-2.118856594,-0.175380240,0.185043458,0.013109954,0.002513393
7.910000000,-1.996772976,-1.947466337,3.839808243,-2.132442456,-2.172724430,-1.761361250,3.853066797,-2.130036088,-0.175951454,0.186105086,0.013258554,0.002406368
7.940000000,-1.994615877,-1.949248954,3.857076499,-2.141204142,-2.171100475,-1.762301318,3.868980661,-2.138410485,-0.176484598,0.186947635,0.011904161,0.002793656
7.970000000,-1.992456236,-1.951081787,3.873169056,-2.149409142,-2.169542574,-1.763259419,3.884898955,-2.146806518,-0.177086339,0.187822368,0.011729899,0.002602623
8.010000000,-1.958091641,-2.044396512,3.894887108,-2.161011151,-2.167582941,-1.764552602,3.906118179,-2.158029430,-0.209491300,0.279843910,0.011231070,0.002981721
8.040000000,-1.955245027,-2.048416290,3.913253613,-2.169331290,-2.166178589,-1.765491637,3.922040561,-2.166416883,-0.210933562,0.282924653,0.008786948,0.002914407
8.070000000,-1.952380842,-2.052480032,3.929634178,-2.177661290,-2.164823845,-1.766408265,3.937956619,-2.174776140,-0.212443003,0.286071767,0.008322441,0.002885150
8.110000000,-1.948542020,-2.057992530,3.952402214,-2.188856522,-2.163149324,-1.767637814,3.959192049,-2.185947825,-0.214607304,0.290354716,0.006789836,0.002908697
8.140000000,-1.945659193,-2.062220171,3.969042813,-2.196420026,-2.162010869,-1.768564811,3.975112139,-2.194371146,-0.216351676,0.293655361,0.006069326,0.002048879
8.170000000,-1.942780633,-2.066522665,3.985609918,-2.204977526,-2.160952458,-1.769459272,3.991041969,-2.202781923,-0.218171825,0.297063393,0.005432051,0.002195603
8.210000000,-1.938919098,-2.072338368,4.005161239,-2.216357487,-2.159700201,-1.770549770,4.012273524,-2.213896431,-0.220781103,0.301788598,0.007112285,0.002461055
8.240000000,-1.936000060,-2.076748400,4.022922758,-2.224390445,-2.158928573,-1.771306702,4.028204436,-2.222246395,-0.222928513,0.305441697,0.005281678,0.002144051
8.270000000,-1.933079049,-2.081208083,4.039546225,-2.232840445,-2.158304541,-1.772026660,4.044129679,-2.230683355,-0.225225492,0.309181423,0.004583454,0.002157091
8.310000000,-1.929209055,-2.087236451,4.061844049,-2.243376382,-2.157734422,-1.772868320,4.065363981,-2.241966530,-0.228525367,0.314368131,0.003519932,0.001409852
8.340000000,-1.926305741,-2.091816792,4.080255275,-2.251934372,-2.157489263,-1.773368471,4.081285335,-2.250304738,-0.231183522,0.318448321,0.001030060,0.001629633
8.370000000,-1.923404467,-2.096444993,4.097074788,-2.260106872,-2.157391478,-1.773780657,4.097203235,-2.258605379,-0.233987012,0.322664335,0.000128446,0.001501493
8.410000000,-1.919521324,-2.102700587,4.125742235,-2.271244013,-2.157572898,-1.774205854,4.118428439,-2.269832087,-0.238051574,0.328494733,-0.007313796,0.001411926
8.440000000,-1.916602852,-2.107470240,4.143181343,-2.280415039,-2.157937150,-1.774415747,4.134339765,-2.278323194,-0.241334298,0.333054493,-0.008841578,0.002091844
8.470000000,-1.913696681,-2.112305365,4.160404888,-2.288880039,-2.158446659,-1.774517517,4.150254999,-2.286729199,-0.244749978,0.337787849,-0.010149890,0.002150840
8.510000000,-1.936737653,-2.092266136,4.184129165,-2.299482298,-2.159393146,-1.774452801,4.171459736,-2.297787233,-0.222655492,0.317813336,-0.012669428,0.001695066
8.540000000,-1.934512389,-2.096415843,4.192588765,-2.308741551,-2.160335409,-1.774288045,4.187367232,-2.306173651,-0.225823020,0.322127798,-0.005221533,0.002567899
8.570000000,-1.932293931,-2.100618029,4.209579046,-2.317176551,-2.161450976,-1.774043009,4.203262334,-2.314658268,-0.229157045,0.326575019,-0.006316712,0.002518283
8.610000000,-1.929363308,-2.106325053,4.238009706,-2.328218448,-2.163213799,-1.773523243,4.224459096,-2.325909165,-0.233850491,0.332801810,-0.013550610,0.002309283
8.640000000,-1.927168366,-2.110678744,4.250943801,-2.336863581,-2.164719185,-1.772973855,4.240343263,-2.334212970,-0.237550819,0.337704889,-0.010600538,0.002650611
8.670000000,-1.924972353,-2.115094125,4.268112036,-2.345273581,-2.166369375,-1.772331912,4.256229952,-2.342533671,-0.241397022,0.342762213,-0.011882084,0.002739910
8.710000000,-1.922028516,-2.121092658,4.293693948,-2.355850546,-2.168846306,-1.771344737,4.277401790,-2.353799835,-0.246817790,0.349747920,-0.016292158,0.002050711
8.740000000,-1.919821057,-2.125664489,4.309300561,-2.364234014,-2.170874936,-1.770490629,4.293280380,-2.362250792,-0.251053879,0.355173861,-0.016020181,0.001983222
8.770000000,-1.917611424,-2.130305876,4.326623906,-2.372596514,-2.173000053,-1.769538683,4.309156717,-2.370614420,-0.255388629,0.360767193,-0.017467189,0.001982094
8.810000000,-1.914623478,-2.136582461,4.348742648,-2.382723952,-2.176018387,-1.768117390,4.330319645,-2.381713219,-0.261394909,0.368465072,-0.018423003,0.001010734
8.840000000,-1.912378951,-2.141354139,4.360364614,-2.391464669,-2.178444929,-1.766973310,4.346192780,-2.390132714,-0.266065978,0.374380828,-0.014171834,0.001331955
8.870000000,-1.910130276,-2.146200980,4.377562247,-2.399942169,-2.180979809,-1.765768869,4.362058889,-2.398594739,-0.270849533,0.380432111,-0.015503358,0.001347429
8.910000000,-1.907119236,-2.152784554,4.398200494,-2.409566487,-2.184506846,-1.764012021,4.383220890,-2.409784908,-0.277387609,0.388772534,-0.014979604,-0.000218422
8.940000000,-1.904865825,-2.157807232,4.408941489,-2.417998886,-2.187256938,-1.762581262,4.399083191,-2.418112218,-0.282391113,0.395225970,-0.009858298,-0.000113332
8.970000000,-1.902621244,-2.162870840,4.425964499,-2.426738886,-2.190105204,-1.761089775,4.414952703,-2.426481638,-0.287483960,0.401781065,-0.011011795,0.000257248
9.010000000,-1.946850015,-2.183007225,4.445306073,-2.438386128,-2.194089156,-1.758997891,4.436097894,-2.437753974,-0.247239140,0.424009334,-0.009208179,0.000632154
9.040000000,-1.945636144,-2.188439231,4.459211604,-2.447378945,-2.197179559,-1.757319480,4.451963380,-2.446170159,-0.251543414,0.431119751,-0.007248224,0.001208786
9.070000000,-1.944430069,-2.193936332,4.476171439,-2.455891445,-2.200330316,-1.755549393,4.467821829,-2.454517060,-0.255900247,0.438386939,-0.008349609,0.001374385
9.110000000,-1.942835549,-2.201363083,4.509269798,-2.466931353,-2.204676741,-1.753049687,4.488973181,-2.465657563,-0.261841191,0.448313396,-0.020296617,0.001273790
9.140000000,-1.941645642,-2.207016204,4.529886333,-2.476009637,-2.208064839,-1.751087720,4.504830004,-2.474105535,-0.266419197,0.455928484,-0.025056329,0.001904102
9.170000000,-1.940457717,-2.212738709,4.547418688,-2.484594637,-2.211524867,-1.749047430,4.520685879,-2.482560162,-0.271067150,0.463691278,-0.026732809,0.002034474
9.210000000,-1.938879490,-2.220468705,4.577953094,-2.495273360,-2.216223147,-1.746152275,4.541805779,-2.493717165,-0.277343657,0.474316430,-0.036147316,0.001556195
9.240000000,-1.937676051,-2.226333800,4.586977652,-2.504110410,-2.219822364,-1.743863008,4.557604957,-2.502059525,-0.282146314,0.482470791,-0.029372694,0.002050884
9.270000000,-1.936448634,-2.232262606,4.604458042,-2.512577910,-2.223498111,-1.741505746,4.573356759,-2.510464061,-0.287049477,0.490756860,-0.031101284,0.002113848
9.310000000,-1.934822511,-2.240288441,4.624722423,-2.523507437,-2.228521782,-1.738226180,4.594187363,-2.521745916,-0.293699271,0.502062262,-0.030535060,0.001761520
9.340000000,-1.933614093,-2.246394664,4.637363168,-2.531711636,-2.232338471,-1.735631065,4.609668677,-2.530137452,-0.298724378,0.510763599,-0.027694491,0.001574184
9.370000000,-1.932398814,-2.252558996,4.654353228,-2.540506636,-2.236187485,-1.732933577,4.625022129,-2.538472305,-0.303788671,0.519625419,-0.029331099,0.002034331
9.410000000,-1.930749144,-2.260890838,4.674770063,-2.551955310,-2.241425607,-1.729177573,4.645238184,-2.549645190,-0.310676463,0.531713265,-0.029531879,0.002310120
9.440000000,-1.929523453,-2.267238189,4.682839782,-2.560063519,-2.245443710,-1.726243104,4.660175114,-2.558113652,-0.315920257,0.540995085,-0.022664668,0.001949867
9.470000000,-1.928303096,-2.273657359,4.699071837,-2.568453519,-2.249500762,-1.723201852,4.674951532,-2.566561295,-0.321197667,0.550455508,-0.024120305,0.001892225
9.510000000,-2.041013184,-2.102939329,4.719146687,-2.580244992,-2.254952656,-1.718926591,4.694293565,-2.577689476,-0.213939472,0.384012738,-0.024853122,0.002555515
9.540000000,-2.042190113,-2.105418897,4.727718818,-2.588524581,-2.259102945,-1.715567785,4.708533134,-2.586044414,-0.216912832,0.389851112,-0.019185685,0.002480167
9.570000000,-2.043365766,-2.107990229,4.743093802,-2.596774581,-2.263317385,-1.712106446,4.722571581,-2.594479184,-0.219951620,0.395883783,-0.020522221,0.002295397
9.610000000,-2.044956946,-2.111544290,4.760998075,-2.607995672,-2.269014373,-1.707283596,4.740890950,-2.605760163,-0.224057427,0.404260695,-0.020107124,0.002235509
9.640000000,-2.046154036,-2.114283280,4.766829959,-2.616764134,-2.273283994,-1.703508888,4.754323902,-2.614124128,-0.227129959,0.410774392,-0.012506057,0.002640005
9.670000000,-2.047346718,-2.117063624,4.781144267,-2.625051634,-2.277536415,-1.699653315,4.767481036,-2.622449808,-0.230189697,0.417410309,-0.013663231,0.002601826
9.710000000,-2.048955351,-2.120862530,4.805640539,-2.636330028,-2.283162762,-1.694456612,4.784243599,-2.633512444,-0.234207411,0.426405918,-0.021396940,0.002817584
9.740000000,-2.050202340,-2.123804502,4.823115322,-2.644689913,-2.287256696,-1.690556916,4.796157593,-2.641685228,-0.237054355,0.433247586,-0.026957729,0.003004685
9.770000000,-2.051482888,-2.126816556,4.836166314,-2.652697413,-2.291165040,-1.686662292,4.807620615,-2.649852097,-0.239682152,0.440154263,-0.028545699,0.002845316
9.810000000,-2.053214975,-2.130920208,4.851988530,-2.663506639,-2.295954516,-1.681527413,4.822067258,-2.660896561,-0.242739542,0.449392794,-0.029921272,0.002610078
9.840000000,-2.054533386,-2.134076774,4.858971148,-2.670441357,-2.299234803,-1.677782659,4.832317738,-2.669064363,-0.244701416,0.456294115,-0.026653410,0.001376994
9.870000000,-2.055875341,-2.137319169,4.870330626,-2.678616357,-2.302269456,-1.674129513,4.842137973,-2.677060677,-0.246394116,0.463189655,-0.028192653,0.001555680
9.910000000,-2.057711377,-2.141783370,4.875659516,-2.690733720,-2.305738448,-1.669385965,4.854535153,-2.687829395,-0.248027072,0.472397405,-0.021124363,0.002904325
9.940000000,-2.059106100,-2.145217582,4.877048546,-2.699261650,-2.307845278,-1.665895929,4.863313774,-2.696162563,-0.248739178,0.479321654,-0.013734772,0.003099087
9.970000000,-2.060500369,-2.148707508,4.886669831,-2.707239150,-2.309611625,-1.662460359,4.871752927,-2.704477897,-0.249111256,0.486247149,-0.014916903,0.002761254
10.010000000,-2.159127180,-2.036686133,4.886358023,-2.717808500,-2.311370266,-1.657974359,4.882406310,-2.715293358,-0.152243085,0.378711774,-0.003951713,0.002515141
10.040000000,-2.162421166,-2.038077326,4.900444686,-2.726425129,-2.312175034,-1.654629321,4.889987014,-2.723438961,-0.149753867,0.383448005,-0.010457672,0.002986168
10.070000000,-2.165741203,-2.039535026,4.908857485,-2.734717629,-2.312556997,-1.651260758,4.897280156,-2.731747969,-0.146815795,0.388274268,-0.011577330,0.002969660
10.110000000,-2.170175353,-2.041580895,4.917605931,-2.745591148,-2.312313067,-1.646712877,4.906506544,-2.742904660,-0.142137714,0.394868018,-0.011099388,0.002686488
10.140000000,-2.173543581,-2.043191750,4.929660988,-2.753706780,-2.311603218,-1.643273992,4.913057775,-2.751126993,-0.138059637,0.399917758,-0.016603213,0.002579787
10.170000000,-2.176974076,-2.044867628,4.937274904,-2.761904280,-2.310478468,-1.639811113,4.919334537,-2.759292853,-0.133504392,0.405056515,-0.017940366,0.002611427
10.210000000,-2.181611203,-2.047207124,4.939192671,-2.773377191,-2.308096831,-1.635125205,4.927245996,-2.770372242,-0.126485629,0.412081920,-0.011946675,0.003004949
10.240000000,-2.185114100,-2.049034227,4.934837091,-2.782097528,-2.305632778,-1.631562436,4.932820474,-2.778806835,-0.120518678,0.417471792,-0.002016618,0.003290694
10.270000000,-2.188644404,-2.050923204,4.941096858,-2.790635028,-2.302711411,-1.627975711,4.938165161,-2.787161339,-0.114067007,0.422947493,-0.002931696,0.003473690
10.310000000,-2.193433426,-2.053554116,4.944950862,-2.801247468,-2.297978062,-1.623128406,4.944870320,-2.798150283,-0.104544636,0.430425710,-0.000080542,0.003097185
10.340000000,-2.197097946,-2.055606138,4.960374088,-2.810215264,-2.293720180,-1.619390770,4.949630615,-2.806485985,-0.096622234,0.436215368,-0.010743473,0.003729278
10.370000000,-2.200807115,-2.057724983,4.966206162,-2.818622764,-2.288925828,-1.615553634,4.954178870,-2.814898466,-0.088118713,0.442171349,-0.012027292,0.003724298
10.410000000,-2.205802781,-2.060655919,4.978040329,-2.829806576,-2.281620693,-1.610249692,4.959899048,-2.826087698,-0.075817912,0.450406226,-0.018141281,0.003718878
10.440000000,-2.209608001,-2.062926103,4.984088959,-2.837722383,-2.275496733,-1.606120081,4.963913470,-2.834446726,-0.065888732,0.456806022,-0.020175489,0.003275657
10.470000000,-2.213481138,-2.065269545,4.989512281,-2.846132383,-2.268864120,-1.601853771,4.967739371,-2.842828660,-0.055382981,0.463415774,-0.021772910,0.003303722
10.510000000,-2.104452274,-2.032077171,4.992111092,-2.857466439,-2.259014479,-1.595870534,4.972482706,-2.854023072,-0.154562206,0.436206637,-0.019628386,0.003443367
10.540000000,-2.105490158,-2.034153828,4.993572736,-2.865916979,-2.250908484,-1.591157159,4.975778288,-2.862405002,-0.145418325,0.442996669,-0.017794448,0.003511977
10.570000000,-2.106597846,-2.036301184,4.998255138,-2.874346979,-2.242321944,-1.586283101,4.978897577,-2.870812362,-0.135724098,0.450018083,-0.019357561,0.003534617
10.610000000,-2.108203205,-2.039305032,5.017066676,-2.887036146,-2.229956193,-1.579465307,4.982749600,-2.882081979,-0.121752988,0.459839726,-0.034317076,0.004954167
10.640000000,-2.109492933,-2.041653568,5.014096036,-2.894874090,-2.219919269,-1.574080485,4.985422438,-2.890485016,-0.110426337,0.467573083,-0.028673598,0.004389074
10.670000000,-2.110844511,-2.044072707,5.018513450,-2.903461590,-2.209333516,-1.568492808,4.987915699,-2.898835193,-0.098489004,0.475579899,-0.030597750,0.004626397
10.710000000,-2.112740279,-2.047413268,5.032098773,-2.915051770,-2.194303800,-1.560681324,4.990949588,-2.910040682,-0.081563522,0.486731944,-0.041149186,0.005011088
10.740000000,-2.114256413,-2.050004505,5.026786556,-2.923368639,-2.182356690,-1.554546805,4.992997442,-2.918546490,-0.068100277,0.495457700,-0.033789115,0.004822150
10.770000000,-2.115862921,-2.052680984,5.030756389,-2.931703639,-2.169867678,-1.548196607,4.994906000,-2.927014104,-0.054004757,0.504484376,-0.035850389,0.004689535
10.810000000,-2.118126939,-2.056371242,5.037184829,-2.943238023,-2.152192191,-1.539328294,4.997149369,-2.938124932,-0.034065252,0.517042948,-0.040035460,0.005113091
10.840000000,-2.119913343,-2.059228495,5.046521013,-2.951063643,-2.138232719,-1.532392026,4.998645222,-2.946492814,-0.018319375,0.526836469,-0.047875791,0.004570829
10.870000000,-2.121799253,-2.062175313,5.050367224,-2.959478643,-2.123794141,-1.525257634,5.000003841,-2.954976458,-0.001994888,0.536917679,-0.050363383,0.004502185
10.910000000,-2.124483746,-2.066230100,5.064346824,-2.970412457,-2.103593899,-1.515374208,5.001596594,-2.966307174,0.020889846,0.550855892,-0.062750230,0.004105283
10.940000000,-2.126598251,-2.069355957,5.074116639,-2.979160204,-2.087679554,-1.507681008,5.002602079,-2.974652826,0.038918697,0.561674949,-0.071514559,0.004507378
10.970000000,-2.128802634,-2.072551395,5.078130055,-2.987825204,-2.071240468,-1.499794303,5.003470232,-2.982964779,0.057562166,0.572757092,-0.074659823,0.004860425
11.010000000,-2.030351100,-1.898801645,5.061166811,-2.998719268,-2.048448819,-1.488948229,5.004399273,-2.994230792,-0.018097719,0.409853417,-0.056767538,0.004488477
11.040000000,-2.030529189,-1.898450802,5.077000327,-3.007280920,-2.030681119,-1.480571221,5.004920486,-3.002745413,-0.000151930,0.417879581,-0.072079840,0.004535507
11.070000000,-2.030830882,-1.898196077,5.080494501,-3.015503420,-2.012375363,-1.472016229,5.005328210,-3.011158226,0.018455518,0.426179848,-0.075166291,0.004345193
11.110000000,-2.031397942,-1.897974120,5.070317148,-3.027126889,-1.986999157,-1.460303234,5.005672873,-3.022239444,0.044398785,0.437670886,-0.064644275,0.004887445
11.140000000,-2.031970752,-1.897891154,5.069086494,-3.035385589,-1.967317374,-1.451328370,5.005815252,-3.030645579,0.064653378,0.446562784,-0.063271241,0.004740010
11.170000000,-2.032690272,-1.897874565,5.071849508,-3.043798089,-1.947172284,-1.442244842,5.005861465,-3.039113838,0.085517988,0.455629724,-0.065988042,0.004684252
11.210000000,-2.033857499,-1.897955067,5.075236956,-3.055649649,-1.919371371,-1.429981271,5.005807975,-3.050353190,0.114486129,0.467973796,-0.069428981,0.005296459
11.240000000,-2.034870179,-1.898084778,5.075963889,-3.064431022,-1.897799784,-1.420709146,5.005656447,-3.058759183,0.137070395,0.477375632,-0.070307442,0.005671839
11.270000000,-2.035990115,-1.898292156,5.078593806,-3.073021022,-1.875755267,-1.411405741,5.005448932,-3.067180079,0.160234848,0.486886416,-0.073144874,0.005840944
11.310000000,-2.037684243,-1.898691349,5.079003488,-3.083656012,-1.845562533,-1.398968955,5.005042719,-3.078423426,0.192121711,0.499722394,-0.073960769,0.005232586
11.340000000,-2.039141770,-1.899068177,5.076500220,-3.091481935,-1.822272104,-1.389623312,5.004661261,-3.086851318,0.216869666,0.509444864,-0.071838959,0.004630617
11.370000000,-2.040749278,-1.899508338,5.078809868,-3.099739435,-1.798483943,-1.380266585,5.004207920,-3.095266558,0.242265335,0.519241753,-0.074601948,0.004472877
11.410000000,-2.043087656,-1.900227230,5.073151912,-3.110830204,-1.765928350,-1.367780867,5.003484851,-3.106472462,0.277159305,0.532446363,-0.069667060,0.004357743
11.440000000,-2.045018498,-1.900871987,5.064744484,-3.119366466,-1.740964283,-1.358417707,5.002876960,-3.114887490,0.304054214,0.542454281,-0.061867524,0.004478976
11.470000000,-2.047106069,-1.901603741,5.066446679,-3.127803966,-1.715592979,-1.349058504,5.002228676,-3.123308646,0.331513090,0.552545236,-0.064218003,0.004495320
11.510000000,-1.811216167,-1.909908522,5.051929811,-3.140964165,-1.680944384,-1.336592198,5.001311862,-3.134517159,0.130271784,0.573316324,-0.050617949,0.006447006
11.540000000,-1.808429537,-1.911461965,5.044941385,3.134662556,-1.654372883,-1.327258802,5.000571751,3.140278088,0.154056655,0.584203163,-0.044369633,0.005615532
11.570000000,-1.805778296,-1.913088881,5.045983943,3.126342556,-1.627437978,-1.317941587,4.999823047,3.131885112,0.178340318,0.595147294,-0.046160896,0.005542556
11.610000000,-1.802530661,-1.915384145,5.035743183,3.115162751,-1.590889349,-1.305551354,4.998792030,3.120668039,0.211641312,0.609832791,-0.036951153,0.005505288
11.640000000,-1.800303670,-1.917199375,5.029082506,3.106869187,-1.562947529,-1.296276482,4.998026159,3.112271447,0.237356141,0.620922893,-0.031056347,0.005402260
11.670000000,-1.798230962,-1.919087524,5.029674998,3.098241687,-1.534618943,-1.287004317,4.997240081,3.103916153,0.263612019,0.632083207,-0.032434917,0.005674465
11.710000000,-1.795676802,-1.921740616,5.035662941,3.087083391,-1.496245918,-1.274622044,4.996195825,3.092780328,0.299430884,0.647118573,-0.039467116,0.005696937
11.740000000,-1.793964134,-1.923822606,5.039064292,3.079336506,-1.467072590,-1.265308011,4.995414637,3.084354095,0.326891544,0.658514596,-0.043649655,0.005017589
11.770000000,-1.792434783,-1.925977788,5.040047538,3.071091506,-1.437584017,-1.255975018,4.994654137,3.075930543,0.354850767,0.670002770,-0.045393401,0.004839037
11.810000000,-1.790675597,-1.928951663,5.046552579,3.060585166,-1.397648969,-1.243508403,4.993620187,3.064814790,0.393026627,0.685443260,-0.052932392,0.004229624
11.840000000,-1.789549226,-1.931260000,5.040437579,3.052763966,-1.367303178,-1.234148899,4.992824765,3.056486027,0.422246048,0.697111100,-0.047612814,0.003722062
11.870000000,-1.788592771,-1.933643034,5.041445078,3.044516466,-1.336728214,-1.224786198,4.992021241,3.048098322,0.451864556,0.708856837,-0.049423837,0.003581856
11.910000000,-1.787597472,-1.936928725,5.034837079,3.033019791,-1.295525997,-1.212312399,4.990943756,3.036873380,0.492071475,0.724616326,-0.043893323,0.003853589
11.940000000,-1.787052380,-1.939483778,5.020604684,3.025238153,-1.264246926,-1.202980384,4.990143030,3.028511500,0.522805454,0.736503393,-0.030461654,0.003273347
11.970000000,-1.786646674,-1.942101764,5.021013517,3.016608153,-1.232716392,-1.193669544,4.989334434,3.020177785,0.553930282,0.748432219,-0.031679083,0.003569632
12.010000000,-1.487806405,-1.700096422,5.013275377,3.005131181,-1.190331228,-1.181291091,4.988301574,3.009015177,0.297475177,0.518805331,-0.024973803,0.003883997
12.040000000,-1.481710207,-1.697594470,5.006348979,2.996630017,-1.158309164,-1.172039243,4.987571316,3.000606797,0.323401043,0.525555227,-0.018777663,0.003976780
12.070000000,-1.475800108,-1.695165382,5.006513950,2.988125017,-1.126080219,-1.162820375,4.986899059,2.992224091,0.349719889,0.532345007,-0.019614891,0.004099073
12.110000000,-1.468195094,-1.692023920,5.006227222,2.977188709,-1.082728931,-1.150603237,4.986042020,2.981096298,0.385466163,0.541420683,-0.020185201,0.003907589
12.140000000,-1.462679939,-1.689752710,5.005547690,2.968549821,-1.050016021,-1.141507900,4.985456370,2.972731695,0.412663918,0.548244811,-0.020091320,0.004181874
12.170000000,-1.457352355,-1.687537476,5.005921815,2.959849821,-1.017196821,-1.132478632,4.984905541,2.964358959,0.440155534,0.555058843,-0.021016275,0.004509138
12.210000000,-1.450559739,-1.684678171,4.990173510,2.948052151,-0.973197587,-1.120615197,4.984259454,2.953195179,0.477362152,0.564062974,-0.005914056,0.005143028
12.240000000,-1.445658510,-1.682609815,4.987601669,2.939509568,-0.939994610,-1.111884634,4.983814908,2.944763985,0.505663899,0.570725182,-0.003786762,0.005254417
12.270000000,-1.440903960,-1.680622858,4.987668728,2.931062068,-0.906688983,-1.103279018,4.983409680,2.936318444,0.534214976,0.577343841,-0.004259048,0.005256376
12.310000000,-1.434842722,-1.678073088,4.990402682,2.920096489,-0.862189117,-1.092023794,4.982973246,2.925141522,0.572653605,0.586049293,-0.007429436,0.005045033
12.340000000,-1.430529325,-1.676237444,4.997819482,2.911592846,-0.828730535,-1.083750020,4.982739134,2.916781048,0.601798790,0.592487425,-0.015080348,0.005188201
12.370000000,-1.426426099,-1.674467929,4.998527871,2.903210346,-0.795176702,-1.075603746,4.982570132,2.908379705,0.631249397,0.598864183,-0.015957739,0.005169359
12.410000000,-1.421223148,-1.672214894,5.001790290,2.892590363,-0.750306040,-1.064961367,4.982405992,2.897139965,0.670917108,0.607253527,-0.019384297,0.004549602
12.440000000,-1.417529174,-1.670600981,5.012702410,2.884650583,-0.716640789,-1.057119818,4.982338157,2.888757960,0.700888385,0.613481163,-0.030364253,0.004107377
12.470000000,-1.414041804,-1.669044939,5.014061088,2.876158083,-0.682978837,-1.049375053,4.982296084,2.880404967,0.731062967,0.619669886,-0.031765003,0.004246884
12.510000000,-1.047007429,-1.619327990,5.011886156,2.865893279,-0.638033767,-1.039241423,4.982325825,2.869233371,0.408973662,0.580086568,-0.029560331,0.003340092
12.540000000,-1.036715562,-1.617453931,4.999834157,2.857559358,-0.604276552,-1.031783509,4.982367928,2.860820137,0.432439010,0.585670422,-0.017466229,0.003260779
12.570000000,-1.026593136,-1.615631650,5.000891697,2.849356858,-0.570538053,-1.024412675,4.982440150,2.852425589,0.456055083,0.591218975,-0.018451547,0.003068731
12.610000000,-1.013398925,-1.613288812,4.999417782,2.837540450,-0.525646816,-1.014721650,4.982581641,2.841280249,0.487752109,0.598567162,-0.016836142,0.003739799
12.640000000,-1.003746647,-1.611592394,4.994701954,2.829763727,-0.492007857,-1.007556304,4.982760086,2.832911515,0.511738790,0.604036090,-0.011941868,0.003147788
12.670000000,-0.994266990,-1.609965869,4.995769561,2.821641227,-0.458366865,-1.000461242,4.982977024,2.824533068,0.535900126,0.609504627,-0.012792536,0.002891841
12.710000000,-0.981878166,-1.607910954,4.996368734,2.810352617,-0.413576638,-0.991084949,4.983334011,2.813379742,0.568301528,0.616826005,-0.013034722,0.003027124
12.740000000,-0.972791737,-1.606459880,4.979169393,2.800493763,-0.380097162,-0.984078940,4.983654814,2.805008093,0.592694574,0.622380941,0.004485422,0.004514330
12.770000000,-0.963920122,-1.605055682,4.979926678,2.792186263,-0.346686407,-0.977091195,4.984018271,2.796626873,0.617233715,0.627964487,0.004091592,0.004440610
12.810000000,-0.952386412,-1.603241906,4.982550374,2.781117729,-0.302201586,-0.967827127,4.984581775,2.785472079,0.650184826,0.635414779,0.002031401,0.004354350
12.840000000,-0.943935539,-1.601941396,4.978671283,2.771709953,-0.268914460,-0.960908688,4.985056810,2.777117182,0.675021079,0.641032707,0.006385527,0.005407229
12.870000000,-0.935665350,-1.600713191,4.979653520,2.763444953,-0.235736242,-0.953992805,4.985590340,2.768749700,0.699929107,0.646720385,0.005936820,0.005304747
12.910000000,-0.924961670,-1.599160469,4.966184244,2.752820858,-0.191711316,-0.944771917,4.986369235,2.757569606,0.733250354,0.654388552,0.020184991,0.004748747
12.940000000,-0.917164417,-1.598040242,4.972749032,2.744845311,-0.158798958,-0.937877008,4.987023800,2.749194063,0.758365459,0.660163234,0.014274768,0.004348752
12.970000000,-0.909531055,-1.596966754,4.973738816,2.736445311,-0.125959696,-0.930998185,4.987706723,2.740832471,0.783571359,0.665968569,0.013967907,0.004387160
13.010000000,-0.495822304,-1.310555579,4.978565961,2.725541472,-0.082396397,-0.921817371,4.988719433,2.729676161,0.413425907,0.388738208,0.010153471,0.004134689
13.040000000,-0.480739372,-1.303625346,4.976988629,2.717732630,-0.049929928,-0.914905844,4.989536567,2.721287789,0.430809444,0.388719502,0.012547937,0.003555159
13.070000000,-0.465863839,-1.296736947,4.978313660,2.709405130,-0.017583435,-0.907986923,4.990407844,2.712905227,0.448280405,0.388750025,0.012094184,0.003500097
13.110000000,-0.446342843,-1.287619441,4.991795152,2.698480529,0.025368521,-0.898770281,4.991625449,2.701758229,0.471711364,0.388849160,-0.000169703,0.003277700
13.140000000,-0.431911070,-1.280842196,4.999300843,2.690271919,0.057400340,-0.891857056,4.992580948,2.693393455,0.489311411,0.388985140,-0.006719895,0.003121537
13.170000000,-0.417657448,-1.274102098,5.001402625,2.681646919,0.089256466,-0.884940363,4.993563900,2.685027542,0.506913914,0.389161734,-0.007838725,0.003380624
13.210000000,-0.398962589,-1.265164972,5.005556357,2.670465308,0.131424352,-0.875755340,4.994906129,2.673888063,0.530386941,0.389409632,-0.010650228,0.003422754
13.240000000,-0.385181937,-1.258511031,5.011100098,2.663076753,0.162859892,-0.868939432,4.995926976,2.665488307,0.548041829,0.389571599,-0.015173122,0.002411554
13.270000000,-0.371585440,-1.251914414,5.013507808,2.654574253,0.194141058,-0.862178600,4.996941633,2.657055492,0.565726498,0.389735813,-0.016566175,0.002481239
13.310000000,-0.353733833,-1.243196938,5.015391046,2.643266128,0.235485682,-0.853231598,4.998319370,2.645862461,0.589219515,0.389965340,-0.017071676,0.002596333
13.340000000,-0.340568695,-1.236700177,5.011517915,2.635080320,0.266217223,-0.846569003,4.999355918,2.637512861,0.606785918,0.390131174,-0.012161998,0.002432541
13.370000000,-0.327597317,-1.230239124,5.013887074,2.626737820,0.296784591,-0.839958509,5.000411891,2.629134241,0.624381908,0.390280615,-0.013475184,0.002396421
13.410000000,-0.310577461,-1.221705982,5.012070647,2.615655709,0.337256326,-0.831241284,5.001814432,2.617891880,0.647833787,0.390464698,-0.010256215,0.002236171
13.440000000,-0.298013639,-1.215362276,5.024016918,2.606960256,0.367343014,-0.824738507,5.002886994,2.609486460,0.665356653,0.390623769,-0.021129924,0.002526204
13.470000000,-0.285642294,-1.209064280,5.026667918,2.598682756,0.397217224,-0.818245286,5.003963160,2.601120403,0.682859517,0.390818994,-0.022704758,0.002437647
13.510000000,0.022919365,-1.079156514,5.018427440,2.587342634,0.436719474,-0.809630499,5.005432834,2.589957245,0.413800109,0.269526015,-0.012994607,0.002614611
13.540000000,0.039958178,-1.071050119,5.018863787,2.579404517,0.466138699,-0.803216249,5.006529795,2.581541124,0.426180521,0.267833870,-0.012333992,0.002136607
13.570000000,0.056835688,-1.062973495,5.021246709,2.571004517,0.495384126,-0.796815999,5.007622762,2.573124128,0.438548438,0.266157496,-0.013623947,0.002119611
13.610000000,0.079074666,-1.052268144,5.023614997,2.559892361,0.534005723,-0.788264516,5.009083153,2.561951526,0.454931057,0.264003627,-0.014531844,0.002059165
13.640000000,0.095526430,-1.044280666,5.037966057,2.551209666,0.562720587,-0.781851129,5.010186330,2.553582112,0.467194157,0.262429537,-0.027779726,0.002372447
13.670000000,0.111797873,-1.036332739,5.040879230,2.542897166,0.591289032,-0.775461807,5.011298005,2.545186888,0.479491160,0.260870932,-0.029581225,0.002289722
13.710000000,0.133236003,-1.025793422,5.042657844,2.531710910,0.629095436,-0.766977866,5.012758159,2.533961551,0.495859433,0.258815556,-0.029899685,0.002250641
13.740000000,0.149140114,-1.017902475,5.038468976,2.523580402,0.657182136,-0.760603029,5.013838941,2.525572295,0.508042022,0.257299446,-0.024630034,0.001991893
13.770000000,0.164859484,-1.010012278,5.041177150,2.515270402,0.685074363,-0.754216184,5.014889342,2.517204207,0.520214879,0.255796093,-0.026287808,0.001933804
13.810000000,0.185526992,-0.999537942,5.039564734,2.504020882,0.721980619,-0.745720285,5.016273519,2.506020491,0.536453628,0.253817657,-0.023291216,0.001999609
13.840000000,0.200832838,-0.991736239,5.036668589,2.496044655,0.749469174,-0.739367728,5.017274199,2.497610509,0.548636336,0.252368511,-0.019394390,0.001565854
13.870000000,0.215977526,-0.984001336,5.039098182,2.487752155,0.776789217,-0.733000138,5.018266980,2.489210921,0.560811691,0.251001199,-0.020831202,0.001458766
13.910000000,0.235888156,-0.973732739,5.046366117,2.475645039,0.812883537,-0.724450439,5.019552918,2.478033873,0.576995380,0.249282300,-0.026813199,0.002388835
13.940000000,0.250601581,-0.966067625,5.054498360,2.467264534,0.839754721,-0.718019890,5.020513132,2.469645219,0.589153140,0.248047735,-0.033985228,0.002380685
13.970000000,0.265149294,-0.958438379,5.057282961,2.459102034,0.866510790,-0.711592504,5.021454680,2.461252189,0.601361496,0.246845876,-0.035828281,0.002150154
14.010000000,0.594366911,-0.932750541,5.047142266,2.448629234,0.901940963,-0.702990376,5.022664603,2.450067102,0.307574052,0.229760165,-0.024477663,0.001437868
14.040000000,0.614185838,-0.925516826,5.026790838,2.440959427,0.928293377,-0.696475170,5.023524215,2.441675822,0.314107540,0.229041656,-0.003266623,0.000716396
14.070000000,0.633824424,-0.918300950,5.028472560,2.432736927,0.954504716,-0.689923478,5.024345770,2.433277320,0.320680292,0.228377472,-0.004126790,0.000540393
14.110000000,0.659745794,-0.908731869,5.029524201,2.421913676,0.989263514,-0.681167436,5.025397202,2.422087186,0.329517720,0.227564433,-0.004126999,0.000173510
14.140000000,0.679018363,-0.901597042,5.027634786,2.413749232,1.015188749,-0.674570136,5.026159266,2.413708816,0.336170386,0.227026906,-0.001475519,-0.000040416
14.170000000,0.698118927,-0.894491251,5.029255418,2.405479232,1.040981274,-0.667915519,5.026927227,2.405318215,0.342862347,0.226575732,-0.002328191,-0.000161018
14.210000000,0.723280883,-0.885039885,5.012730031,2.394176769,1.075140322,-0.658930130,5.027929079,2.394094021,0.351859439,0.226109755,0.015199047,-0.000082748
14.240000000,0.741950609,-0.877971056,5.006382436,2.384993595,1.100645444,-0.652152503,5.028687463,2.385697410,0.358694836,0.225818553,0.022305026,0.000703815
14.270000000,0.760454183,-0.870941603,5.007308778,2.376553595,1.126081080,-0.645360287,5.029431408,2.377330568,0.365626897,0.225581316,0.022122630,0.000776973
14.310000000,0.784873457,-0.861612360,5.003729394,2.365146307,1.159811775,-0.636232522,5.030452087,2.366164887,0.374938318,0.225379838,0.026722693,0.001018580
14.340000000,0.802994683,-0.854629669,5.008177309,2.356917820,1.184947807,-0.629317423,5.031234298,2.357763738,0.381953124,0.225312247,0.023056989,0.000845918
14.370000000,0.820944574,-0.847634817,5.009265004,2.348715320,1.209993553,-0.622382877,5.032048244,2.349365158,0.389048979,0.225251941,0.022783240,0.000649837
14.400000000,0.838734831,-0.840658417,5.015107360,2.340317603,1.234958090,-0.615458483,5.032885899,2.340986637,0.396223259,0.225199934,0.017778539,0.000669034
14.440000000,0.862228329,-0.831430013,5.016781354,2.329134248,1.268110434,-0.606214586,5.034022731,2.329821983,0.405882105,0.225215427,0.017241377,0.000687736
14.470000000,0.879661988,-0.824553161,5.018220237,2.320779248,1.292843995,-0.599240260,5.034890183,2.321431274,0.413182007,0.225312902,0.016669946,0.000652026
14.510000000,1.022352340,-0.979954139,5.017306843,2.308531095,1.325657313,-0.589904034,5.036047993,2.310227293,0.303304973,0.390050105,0.018741150,0.001696197
14.540000000,1.040831501,-0.977135125,5.019476989,2.300616724,1.350196176,-0.582926114,5.036918881,2.301845830,0.309364675,0.394209011,0.017441891,0.001229106
14.570000000,1.059176754,-0.974342499,5.020936055,2.292266724,1.374683021,-0.575962657,5.037771830,2.293484268,0.315506268,0.398379842,0.016835775,0.001217544
14.610000000,1.083410018,-0.970668023,5.020890190,2.281460724,1.407188250,-0.566638885,5.038902914,2.282313600,0.323778232,0.404029137,0.018012723,0.000852876
14.640000000,1.101380236,-0.967933060,5.031997591,2.273218170,1.431466723,-0.559599572,5.039724217,2.273894374,0.330086487,0.408333488,0.007726626,0.000676203
14.670000000,1.119156793,-0.965214890,5.033762045,2.264965670,1.455713352,-0.552548438,5.040542850,2.265485015,0.336556560,0.412666452,0.006780805,0.000519345
14.710000000,1.142613605,-0.961660319,5.026419485,2.254894375,1.488030824,-0.543126214,5.041585717,2.254376808,0.345417219,0.418534105,0.015166232,-0.000517566
14.740000000,1.160036104,-0.959032551,5.029726148,2.247239487,1.512247120,-0.535981976,5.042335724,2.246029296,0.352211016,0.423050575,0.012609575,-0.001210191
14.770000000,1.177282877,-0.956413642,5.031272600,2.238946987,1.536443534,-0.528751189,5.043043507,2.237586767,0.359160657,0.427662453,0.011770908,-0.001360219
14.810000000,1.199997431,-0.952927282,5.031154118,2.227554471,1.568725731,-0.518985757,5.043934889,2.226299860,0.368728300,0.433941525,0.012780771,-0.001254611
14.840000000,1.216833554,-0.950356848,5.037044433,2.218387845,1.592995663,-0.511600968,5.044551358,2.217975947,0.376162109,0.438755880,0.007506925,-0.000411898
14.870000000,1.233522563,-0.947826134,5.038618307,2.209970345,1.617299234,-0.504150822,5.045129239,2.209686963,0.383776671,0.443675312,0.006510932,-0.000283382
14.910000000,1.255510260,-0.944485530,5.048823404,2.198542162,1.649728278,-0.494037708,5.045835447,2.198454641,0.394218018,0.450447822,-0.002987957,-0.000087521
14.940000000,1.271798835,-0.941984593,5.048959683,2.189756375,1.674081707,-0.486337091,5.046304822,2.189965233,0.402282873,0.455647502,-0.002654861,0.000208858
14.970000000,1.287928159,-0.939493917,5.050697458,2.181541375,1.698480859,-0.478591446,5.046736200,2.181571608,0.410552700,0.460902472,-0.003961258,0.000030233
15.010000000,1.650328936,-0.923980642,5.066771531,2.169266370,1.731078935,-0.468187811,5.047201995,2.170511742,0.080749999,0.455792831,-0.019569537,0.001245372
15.040000000,1.672853527,-0.921115601,5.070308077,2.160586792,1.755523705,-0.460288289,5.047491691,2.162128461,0.082670178,0.460827312,-0.022816385,0.001541669
15.070000000,1.695208687,-0.918252883,5.072405119,2.152371792,1.779949005,-0.452322163,5.047721779,2.153702543,0.084740318,0.465930720,-0.024683340,0.001330751
15.110000000,1.724758133,-0.914440188,5.081595644,2.141825304,1.812486056,-0.441670525,5.047937691,2.142546730,0.087727923,0.472769663,-0.033657953,0.000721426
15.140000000,1.746753921,-0.911586316,5.092451506,2.133703133,1.836812633,-0.433723955,5.048007944,2.134183687,0.090058712,0.477862361,-0.044443562,0.000480555
15.170000000,1.768606894,-0.908757398,5.094946805,2.125363133,1.860999045,-0.425815853,5.048032485,2.125792412,0.092392151,0.482941545,-0.046914320,0.000429279
15.210000000,1.797529327,-0.905015163,5.101842138,2.114740272,1.892838852,-0.415380227,5.047966237,2.114785201,0.095309525,0.489634936,-0.053875901,0.000044929
15.240000000,1.819050252,-0.902207488,5.089349027,2.106315354,1.916349287,-0.407727591,5.047857562,2.106553615,0.097299035,0.494479897,-0.041491466,0.000238261
15.270000000,1.840428914,-0.899394555,5.091453712,2.097770354,1.939573430,-0.400250742,5.047697902,2.098099450,0.099144517,0.499143813,-0.043755811,0.000329095
15.310000000,1.868727535,-0.895670438,5.084031077,2.086351446,1.969956625,-0.390579697,5.047390257,2.086659020,0.101229090,0.505090741,-0.036640821,0.000307574
15.340000000,1.889778590,-0.892886026,5.086169679,2.078703867,1.992261959,-0.383503622,5.047106135,2.078371855,0.102483369,0.509382404,-0.039063544,-0.000332012
15.370000000,1.910690639,-0.890094175,5.087992205,2.070376367,2.014217700,-0.376569617,5.046788231,2.070213482,0.103527061,0.513524558,-0.041203974,-0.000162885
15.410000000,1.938358408,-0.886359909,5.092632604,2.058933633,2.042877957,-0.367656867,5.046335952,2.058989672,0.104519548,0.518703042,-0.046296652,0.000056039
15.440000000,1.958963635,-0.883583426,5.087860106,2.049960405,2.063897228,-0.361217792,5.045959309,2.050350249,0.104933593,0.522365634,-0.041900798,0.000389844
15.470000000,1.979428870,-0.880815709,5.089645226,2.041477905,2.084538857,-0.354919580,5.045570350,2.041885908,0.105109987,0.525896129,-0.044074876,0.000408003
15.510000000,2.095265147,-0.758362509,5.089281181,2.029863457,2.111347346,-0.346773323,5.044985927,2.031027064,0.016082199,0.411589185,-0.044295254,0.001163607
15.540000000,2.116274513,-0.752852270,5.090456367,2.023069595,2.130929882,-0.340912551,5.044526075,2.022691112,0.014655369,0.411939719,-0.045930292,-0.000378483
15.570000000,2.137158119,-0.747335747,5.092199944,2.014692095,2.150130010,-0.335249679,5.044035440,2.014054335,0.012971891,0.412086068,-0.048164504,-0.000637760
15.610000000,2.164811040,-0.740009777,5.102806109,2.003310496,2.174974770,-0.328003102,5.043356106,2.002649708,0.010163730,0.412006675,-0.059450003,-0.000660788
15.640000000,2.185406542,-0.734507507,5.107400577,1.993828282,2.192996855,-0.322777359,5.042806789,1.994539330,0.007590313,0.411730148,-0.064593789,0.000711048
15.670000000,2.205886816,-0.728984104,5.109591027,1.985555782,2.210559195,-0.317749439,5.042267129,1.986389001,0.004672379,0.411234664,-0.067323898,0.000833219
15.710000000,2.233027093,-0.721621690,5.096016625,1.975438453,2.233083020,-0.311472123,5.041654096,1.974481895,0.000055927,0.410149567,-0.054362530,-0.000956557
15.740000000,2.253269349,-0.716144757,5.086695233,1.966661905,2.249201909,-0.307012453,5.041306558,1.965424859,-0.004067441,0.409132304,-0.045388675,-0.001237046
15.770000000,2.273401805,-0.710663765,5.088482342,1.958161905,2.264685716,-0.302670376,5.041035819,1.957057304,-0.008716090,0.407993388,-0.047446523,-0.001104601
15.810000000,2.300074549,-0.703305345,5.090734775,1.947227678,2.284107484,-0.297130022,5.040829460,1.946532795,-0.015967065,0.406175323,-0.049905315,-0.000694882
15.840000000,2.319949147,-0.697762708,5.088928486,1.938418241,2.297739769,-0.293228512,5.040812513,1.937714502,-0.022209378,0.404534196,-0.048115973,-0.000703739
15.870000000,2.339717998,-0.692218396,5.091141254,1.929808241,2.310668735,-0.289478771,5.040870387,1.928396661,-0.029049263,0.402739625,-0.050270867,-0.001411580
15.910000000,2.365903903,-0.684820264,5.096376912,1.918569925,2.326553162,-0.284595366,5.041076352,1.916975871,-0.039350741,0.400224898,-0.055300561,-0.001594054
15.940000000,2.385414618,-0.679239909,5.108655352,1.909215081,2.337448103,-0.280975957,5.041274717,1.909228118,-0.047966514,0.398263952,-0.067380635,0.000013038
15.970000000,2.404815763,-0.673642346,5.111672066,1.900900081,2.347624701,-0.277426928,5.041528211,1.901033230,-0.057191062,0.396215418,-0.070143854,0.000133150
16.010000000,2.305460707,-0.676953546,5.105466177,1.889583540,2.359901694,-0.272808458,5.041897288,1.888810340,0.054440987,0.404145088,-0.063568889,-0.000773200
16.040000000,2.321179163,-0.671872392,5.108121982,1.880934037,2.368120601,-0.269299353,5.042205558,1.880057015,0.046941438,0.402573039,-0.065916424,-0.000877023
16.070000000,2.336809604,-0.666782797,5.111129491,1.872611537,2.375621636,-0.265696157,5.042502856,1.872096183,0.038812032,0.401086640,-0.068626635,-0.000515355
16.110000000,2.357509372,-0.659955460,5.096711980,1.860719914,2.384360714,-0.260764890,5.042933702,1.861443196,0.026851342,0.399190570,-0.053778278,0.000723283
16.140000000,2.372940776,-0.654835834,5.095691522,1.852221680,2.390031069,-0.256990264,5.043268300,1.852539799,0.017090293,0.397845570,-0.052423222,0.000318119
16.170000000,2.388305531,-0.649737677,5.098248021,1.843901680,2.395081603,-0.253085939,5.043622114,1.843587240,0.006776072,0.396651738,-0.054625907,-0.000314440
16.210000000,2.408684558,-0.642939407,5.088650203,1.832481085,2.400722121,-0.247482276,5.044130736,1.832733751,-0.007962437,0.395457131,-0.044519467,0.000252666
16.230000000,2.418824982,-0.639538828,5.077293135,1.827195903,2.403125003,-0.244511864,5.044393117,1.827519949,-0.015699979,0.395026964,-0.032900019,0.000324046
16.270000000,2.439027929,-0.632709773,5.079989218,1.816508403,2.407159776,-0.238303720,5.044971406,1.816384790,-0.031868154,0.394406053,-0.035017812,-0.000123613
16.310000000,2.459137809,-0.625879975,5.077492978,1.805889322,2.410196305,-0.231681272,5.045569445,1.804568712,-0.048941503,0.394198703,-0.031923533,-0.001320610
16.340000000,2.474167780,-0.620764702,5.078631548,1.796543701,2.411777813,-0.226295658,5.046053833,1.796239669,-0.062389966,0.394469044,-0.032577715,-0.000304032
16.370000000,2.489149784,-0.615622772,5.080740002,1.788161201,2.412863164,-0.220586856,5.046532133,1.788310112,-0.076286619,0.395035916,-0.034207869,0.000148910
16.410000000,2.509027874,-0.608771159,5.071245613,1.776903113,2.413442125,-0.212479006,5.047195820,1.777285662,-0.095585749,0.396292153,-0.024049793,0.000382549
16.440000000,2.523885687,-0.603650864,5.079403393,1.768203634,2.413248513,-0.206031840,5.047674894,1.768452770,-0.110637175,0.397619024,-0.031728499,0.000249136
16.470000000,2.538698461,-0.598542170,5.081545516,1.759961134,2.412595194,-0.199238692,5.048164726,1.759793021,-0.126103266,0.399303478,-0.033380790,-0.000168113
16.510000000,2.479771673,-0.532831843,5.082152035,1.749119595,2.410897632,-0.189461193,5.048783222,1.749063391,-0.068874041,0.343370650,-0.033368813,-0.000056203
16.540000000,2.492679987,-0.526466655,5.087627857,1.740164450,2.409043315,-0.181648127,5.049241832,1.740914536,-0.083636671,0.344818528,-0.038386026,0.000750085
16.570000000,2.505551887,-0.520102701,5.089938102,1.731749450,2.406791354,-0.173523643,5.049680809,1.732317452,-0.098760534,0.346579058,-0.040257293,0.000568002
16.610000000,2.522668392,-0.511646549,5.089340542,1.720354817,2.403074087,-0.162015681,5.050237854,1.720708757,-0.119594305,0.349630868,-0.039102688,0.000353940
16.630000000,2.531208704,-0.507415163,5.086245257,1.714812690,2.400929758,-0.155928180,5.050498162,1.715197104,-0.130278945,0.351486984,-0.035747095,0.000384414
16.670000000,2.548234774,-0.498930956,5.089061062,1.703680190,2.396113211,-0.143101513,5.050945243,1.704476044,-0.152121563,0.355829443,-0.038115819,0.000795854
16.710000000,2.565200722,-0.490423344,5.089275436,1.691162536,2.390660923,-0.129524442,5.051354284,1.693225390,-0.174539799,0.360898902,-0.037921152,0.002062853
16.740000000,2.577898311,-0.484078907,5.085992723,1.682625473,2.386166048,-0.118799312,5.051625623,1.684554128,-0.191732263,0.365279595,-0.034367100,0.001928655
16.770000000,2.590564643,-0.477771191,5.087986801,1.674380473,2.381381662,-0.107602007,5.051888006,1.676116064,-0.209182981,0.370169184,-0.036098795,0.001735590
16.810000000,2.607385514,-0.469349360,5.093817196,1.662442246,2.374494206,-0.091795295,5.052150851,1.665295072,-0.232891308,0.377554065,-0.041666345,0.002852826
16.840000000,2.619982619,-0.463022627,5.094375637,1.653877165,2.368970108,-0.079375210,5.052324566,1.656948501,-0.251012511,0.383647416,-0.042051070,0.003071336
16.870000000,2.632562224,-0.456720712,5.096484624,1.645519665,2.363194905,-0.066564728,5.052458535,1.648321013,-0.269367319,0.390155984,-0.044026089,0.002801347
16.910000000,2.649306746,-0.448378490,5.081288939,1.633302919,2.355034700,-0.048643534,5.052599069,1.636938733,-0.294272046,0.399734956,-0.028689869,0.003635814
16.940000000,2.661837080,-0.442131373,5.074204746,1.624623050,2.348578487,-0.034518428,5.052627991,1.628775851,-0.313258593,0.407612945,-0.021576755,0.004152800
16.970000000,2.674352941,-0.435890063,5.075535837,1.616203050,2.341889085,-0.019947997,5.052627771,1.620593457,-0.332463855,0.415942066,-0.022908066,0.004390407
17.010000000,2.594871057,-0.367709016,5.076118496,1.605692699,2.332562635,0.000206049,5.052596587,1.609182802,-0.262308422,0.367915065,-0.023521909,0.003490103
17.040000000,2.605337750,-0.360400624,5.068001855,1.597008997,2.325272175,0.015932112,5.052578938,1.600584702,-0.280065575,0.376332736,-0.015422917,0.003575705
17.070000000,2.615793208,-0.353110905,5.069134127,1.588651497,2.317773498,0.032161972,5.052553611,1.592257802,-0.298019710,0.385272877,-0.016580516,0.003606305
17.110000000,2.629726292,-0.343413603,5.067291567,1.576746062,2.307415849,0.054664388,5.052461041,1.581361463,-0.322310443,0.398077990,-0.014830527,0.004615400
17.140000000,2.640172174,-0.336158754,5.064092913,1.568132508,2.299403425,0.072088744,5.052372469,1.572887299,-0.340768748,0.408247499,-0.011720444,0.004754791
17.170000000,2.650613962,-0.328961392,5.065092339,1.559940008,2.291233252,0.089921994,5.052262762,1.564274413,-0.359380711,0.418883386,-0.012829577,0.004334405
17.210000000,2.664527011,-0.319443598,5.066056958,1.548153756,2.280087382,0.114575764,5.052106477,1.553064992,-0.384439629,0.434019362,-0.013950481,0.004911235
17.240000000,2.674979697,-0.312323092,5.060581314,1.538757447,2.271565103,0.133717317,5.051938909,1.544844738,-0.403414594,0.446040408,-0.008642405,0.006087291
17.270000000,2.685441420,-0.305209068,5.061456351,1.530197447,2.262932878,0.153258679,5.051771225,1.536511779,-0.422508541,0.458467747,-0.009685126,0.006314332
17.310000000,2.699377749,-0.295820178,5.068899907,1.519210265,2.251231072,0.179999458,5.051506241,1.525087632,-0.448146677,0.475819636,-0.017393666,0.005877367
17.340000000,2.709810160,-0.288865956,5.071895660,1.510077631,2.242318416,0.200659634,5.051313936,1.516618555,-0.467491744,0.489525590,-0.020581724,0.006540924
17.370000000,2.720254239,-0.281944520,5.073125808,1.501920131,2.233311587,0.221787515,5.051089176,1.508352362,-0.486942652,0.503732035,-0.022036632,0.006432231
17.410000000,2.734206536,-0.272714871,5.062578131,1.490536621,2.221129767,0.250696765,5.050753303,1.497331628,-0.513076769,0.523411636,-0.011824828,0.006795007
17.440000000,2.744680547,-0.265854244,5.066848196,1.482371278,2.211865329,0.272847300,5.050464370,1.488804680,-0.532815218,0.538701544,-0.016383827,0.006433402
17.470000000,2.755160200,-0.259069663,5.067892816,1.473861278,2.202515167,0.295376941,5.050168076,1.480246857,-0.552645032,0.554446604,-0.017724739,0.006385579
17.510000000,2.571313593,-0.004669976,5.067417625,1.461717475,2.189909339,0.326207107,5.049764131,1.469165799,-0.381404253,0.330877083,-0.017653495,0.007448324
17.540000000,2.577699619,0.007310781,5.072274883,1.453656579,2.180355179,0.349862670,5.049444268,1.460941036,-0.397344440,0.342551888,-0.022830615,0.007284457
17.570000000,2.584093468,0.019253405,5.073532210,1.445291579,2.170726529,0.373829076,5.049129600,1.452541348,-0.413366939,0.354575671,-0.024402611,0.007249769
17.610000000,2.592609524,0.035058505,5.079901586,1.433786924,2.157768148,0.406365818,5.048691118,1.441133897,-0.434841376,0.371307313,-0.031210468,0.007346973
17.640000000,2.598991932,0.046833686,5.082833414,1.425618369,2.147992214,0.431298653,5.048362244,1.432759642,-0.450999719,0.384464967,-0.034471169,0.007141273
17.670000000,2.605382105,0.058580209,5.084379502,1.416913369,2.138194212,0.456610259,5.047993479,1.424506901,-0.467187893,0.398030050,-0.036386023,0.007593532
17.710000000,2.613908403,0.074186194,5.090490271,1.405098724,2.125106165,0.490904027,5.047494170,1.413372095,-0.488802238,0.416717834,-0.042996101,0.008273371
17.740000000,2.620320805,0.085794312,5.081366268,1.397342419,2.115288351,0.516981098,5.047096294,1.404884721,-0.505032454,0.431186785,-0.034269974,0.007542302
17.770000000,2.626734324,0.097321070,5.082797979,1.389007419,2.105485260,0.543372638,5.046711230,1.396433228,-0.521249064,0.446051568,-0.036086750,0.007425810
17.810000000,2.635298300,0.112603664,5.078150251,1.377755471,2.092452131,0.579182676,5.046157266,1.385359477,-0.542846168,0.466579012,-0.031992985,0.007604006
17.850000000,2.643908974,0.127814554,5.077985749,1.367069226,2.079431013,0.615521330,5.045611803,1.374255611,-0.564477962,0.487706776,-0.032373946,0.007186385
17.870000000,2.648222749,0.135362150,5.078843505,1.361539226,2.072916186,0.633845204,5.045339204,1.368609220,-0.575306563,0.498483054,-0.033504300,0.007069994
17.910000000,2.656855155,0.150320088,5.078328583,1.349488058,2.059892764,0.670871258,5.044840316,1.357305869,-0.596962392,0.520551171,-0.033488267,0.007817811
17.940000000,2.663345748,0.161478100,5.072209102,1.341260050,2.050147904,0.699047169,5.044485859,1.348989548,-0.613197844,0.537569069,-0.027723243,0.007729498
17.970000000,2.669862484,0.172588471,5.073341290,1.332812550,2.040415451,0.727478441,5.044132933,1.340729159,-0.629447033,0.554889970,-0.029208358,0.007916609
18.010000000,2.355109089,0.227229057,5.063604706,1.322333551,2.027436812,0.765710448,5.043702015,1.329538313,-0.327672277,0.538481391,-0.019902691,0.007204762
18.040000000,2.354994474,0.238438754,5.057031488,1.314549938,2.017707976,0.794627719,5.043407281,1.321057687,-0.337286498,0.556188965,-0.013624206,0.006507749
18.070000000,2.354894715,0.249558510,5.057827321,1.305914938,2.008001337,0.823782070,5.043155188,1.312666869,-0.346893378,0.574223559,-0.014672134,0.006751931
18.110000000,2.354800189,0.264316052,5.050402069,1.294215019,1.995114706,0.863073792,5.042833198,1.301612615,-0.359685483,0.598757740,-0.007568872,0.007397597
18.140000000,2.354748706,0.275330756,5.056166905,1.285624547,1.985505261,0.892742796,5.042644391,1.293248725,-0.369243444,0.617412040,-0.013522514,0.007624178
18.170000000,2.354702654,0.286274090,5.057059953,1.277584547,1.975973046,0.922523551,5.042482103,1.284866802,-0.378729608,0.636249461,-0.014577851,0.007282255
18.210000000,2.354622697,0.300739191,5.059369911,1.266528410,1.963518785,0.962515700,5.042366942,1.273689669,-0.391103912,0.661776509,-0.017002969,0.007161259
18.240000000,2.354551574,0.311518956,5.060366350,1.256656045,1.954423310,0.992733657,5.042303781,1.265186560,-0.400128264,0.681214701,-0.018062569,0.008530515
18.270000000,2.354497051,0.322253437,5.061569598,1.248356045,1.945495492,1.023043936,5.042280568,1.256691734,-0.409001559,0.700790499,-0.019289030,0.008335688
18.310000000,2.354424505,0.336462350,5.056601467,1.237848026,1.933856729,1.063534931,5.042301442,1.245522743,-0.420567776,0.727072581,-0.014300025,0.007674717
18.340000000,2.354383730,0.347008595,5.054251770,1.229258739,1.925322676,1.094022367,5.042376896,1.237138978,-0.429061054,0.747013773,-0.011874874,0.007880239
18.370000000,2.354371083,0.357474597,5.055398608,1.220838739,1.916930110,1.124645433,5.042477569,1.228719186,-0.437440973,0.767170836,-0.012921039,0.007880446
18.410000000,2.354415625,0.371334939,5.052441590,1.209287068,1.905947622,1.165650639,5.042654565,1.217518697,-0.448468003,0.794315701,-0.009787025,0.008231629
18.440000000,2.354482812,0.381638964,5.047424188,1.200791626,1.897813729,1.196435733,5.042840809,1.209138169,-0.456669083,0.814796769,-0.004583379,0.008346543
18.470000000,2.354556786,0.391853016,5.048483702,1.192224126,1.889750996,1.227255104,5.043061299,1.200747062,-0.464805790,0.835402088,-0.005422403,0.008522936
18.510000000,2.311358283,0.709355046,5.056718802,1.181477476,1.879161954,1.268517638,5.043439284,1.189571392,-0.432196328,0.559162592,-0.013279518,0.008093915
18.540000000,2.311530529,0.725771062,5.050136780,1.174131478,1.871327775,1.299574615,5.043745192,1.181219211,-0.440202754,0.573803553,-0.006391588,0.007087733
18.570000000,2.311737774,0.742130233,5.051418027,1.165441478,1.863538976,1.330638222,5.044094043,1.172858448,-0.448198798,0.588507990,-0.007323984,0.007416970
18.610000000,2.312045857,0.763794901,5.047428042,1.154130058,1.853213734,1.372031988,5.044571612,1.161652883,-0.458832123,0.608237087,-0.002856430,0.007522825
18.640000000,2.312290045,0.779932872,5.033901878,1.146251528,1.845535657,1.403137813,5.044972169,1.153267753,-0.466754388,0.623204941,0.011070291,0.007016225
18.670000000,2.312565901,0.796016234,5.034723458,1.137931528,1.837904122,1.434308703,5.045373357,1.144944661,-0.474661780,0.638292469,0.010649899,0.007013134
18.710000000,2.313011799,0.817367852,5.029040009,1.126497482,1.827745151,1.475879130,5.045962933,1.133852193,-0.485266648,0.658511278,0.016922925,0.007354711
18.740000000,2.313366794,0.833288298,5.028767294,1.117435898,1.820095960,1.506998704,5.046448486,1.125425696,-0.493270835,0.673710406,0.017681192,0.007989798
18.770000000,2.313727076,0.849109731,5.029610445,1.109180898,1.812438952,1.538114776,5.046991531,1.116989222,-0.501288125,0.689005045,0.017381086,0.007808324
18.810000000,2.314241315,0.870080866,5.042375224,1.098523292,1.802251214,1.579672234,5.047783300,1.105893177,-0.511990101,0.709591367,0.005408076,0.007369885
18.840000000,2.314663608,0.885748913,5.046727645,1.090039382,1.794598653,1.610830301,5.048417586,1.097598196,-0.520064955,0.725081388,0.001689940,0.007558815
18.870000000,2.315113076,0.901355512,5.048247651,1.081699382,1.786906424,1.641915242,5.049084897,1.089217939,-0.528206652,0.740559730,0.000837246,0.007518557
18.910000000,2.315727510,0.922002053,5.050718131,1.071380253,1.776591931,1.683249910,5.049999346,1.077956758,-0.539135579,0.761247857,-0.000718784,0.006576505
18.940000000,2.316199789,0.937369955,5.055421994,1.063098308,1.768855560,1.714244816,5.050721365,1.069601959,-0.547344228,0.776874861,-0.004700629,0.006503652
18.970000000,2.316688432,0.952664738,5.057231231,1.054728308,1.761114993,1.745224381,5.051441151,1.061307653,-0.555573439,0.792559643,-0.005790081,0.006579345
19.010000000,2.127151659,1.218224407,5.071624043,1.044299864,1.750720558,1.786375646,5.052445965,1.050164510,-0.376431101,0.568151239,-0.019178078,0.005864646
19.040000000,2.124053675,1.238018703,5.075832112,1.034856945,1.742856764,1.817096384,5.053205608,1.041720277,-0.381196911,0.579077680,-0.022626504,0.006863333
19.070000000,2.120978805,1.257734190,5.078258033,1.026359445,1.734973753,1.847765029,5.053992988,1.033309245,-0.386005053,0.590030839,-0.024265045,0.006949800
19.110000000,2.116922005,1.283921470,5.075469095,1.014011840,1.724450924,1.888594569,5.055005480,1.022218691,-0.392471082,0.604673099,-0.020463616,0.008206851
19.140000000,2.113923533,1.303499599,5.066532291,1.006040462,1.716507560,1.919086187,5.055751657,1.013872996,-0.397415974,0.615586589,-0.010780634,0.007832534
19.170000000,2.110953658,1.322991048,5.068519575,0.997620462,1.708508575,1.949438967,5.056476359,1.005462736,-0.402445082,0.626447919,-0.012043216,0.007842274
19.210000000,2.107018125,1.348820588,5.086536403,0.986166527,1.697795805,1.989715310,5.057464940,0.994243421,-0.409222320,0.640894722,-0.029071463,0.008076893
19.240000000,2.104102836,1.368108203,5.091248123,0.978253589,1.689768761,2.019830086,5.058222013,0.985880826,-0.414334075,0.651721883,-0.033026110,0.007627237
19.270000000,2.101233974,1.387340233,5.093933165,0.969771089,1.681725750,2.049841892,5.058988333,0.977528068,-0.419508223,0.662501660,-0.034944833,0.007756979
19.300000000,2.098399700,1.406519293,5.098205467,0.962261237,1.673616340,2.079658700,5.059755019,0.969134519,-0.424783361,0.673139407,-0.038450448,0.006873282
19.340000000,2.094629703,1.431963941,5.103437800,0.951609784,1.662719548,2.119172408,5.060742479,0.957901319,-0.431910155,0.687208467,-0.042695320,0.006291535
19.370000000,2.091825012,1.450954088,5.106312017,0.943499784,1.654520790,2.148688328,5.061477783,0.949510180,-0.437304221,0.697734239,-0.044834234,0.006010396
19.410000000,2.088134399,1.476195545,5.097735817,0.933113901,1.643544006,2.187871737,5.062414070,0.938394248,-0.444590393,0.711676192,-0.035321747,0.005280347
19.440000000,2.085418782,1.495055457,5.110753850,0.925341597,1.635211323,2.217047171,5.063112245,0.930012267,-0.450207459,0.721991714,-0.047641605,0.004670671
19.470000000,2.082734922,1.513818636,5.113618053,0.917029097,1.626794161,2.246057320,5.063785976,0.921578644,-0.455940761,0.732238684,-0.049832076,0.004549547
19.510000000,1.953088486,1.661205560,5.097314602,0.906234288,1.615479710,2.284527440,5.064711451,0.910367649,-0.337608776,0.623321880,-0.032603151,0.004133362
19.540000000,1.948405217,1.681604777,5.090007859,0.898209097,1.606942845,2.313251893,5.065377765,0.902035030,-0.341462372,0.631647117,-0.024630094,0.003825932
19.570000000,1.943779342,1.701958062,5.092075567,0.889931597,1.598329004,2.341835784,5.066043703,0.893690061,-0.345450337,0.639877721,-0.026031864,0.003758463
19.610000000,1.937669654,1.729001104,5.085124344,0.877771471,1.586652085,2.379631747,5.066912352,0.882449256,-0.351017569,0.650630642,-0.018211992,0.004677784
19.640000000,1.933112355,1.749189461,5.083563000,0.868832667,1.577795793,2.407797305,5.067585421,0.874021081,-0.355316562,0.658607845,-0.015977579,0.005188414
19.670000000,1.928589000,1.769306331,5.085358280,0.860270167,1.568904092,2.435871021,5.068265600,0.865655255,-0.359684909,0.666564690,-0.017092680,0.005385089
19.710000000,1.922632426,1.796065064,5.084653584,0.848855541,1.556941902,2.473074888,5.069180194,0.854531157,-0.365690524,0.677009824,-0.015473390,0.005675616
19.740000000,1.918215871,1.816057366,5.087977984,0.840056679,1.547829500,2.500732456,5.069881012,0.846122354,-0.370386370,0.684675090,-0.018096972,0.006065675
19.770000000,1.913817672,1.835971909,5.089892004,0.831606679,1.538626464,2.528226860,5.070584218,0.837684905,-0.375191207,0.692254951,-0.019307786,0.006078226
19.810000000,1.908006974,1.862429854,5.088533325,0.820928071,1.526267664,2.564683385,5.071550404,0.826502055,-0.381739309,0.702253531,-0.016982921,0.005573984
19.840000000,1.903708127,1.882215373,5.085665121,0.812112180,1.516922512,2.591872082,5.072255918,0.818168387,-0.386785615,0.709656708,-0.013409203,0.006056208
19.870000000,1.899463535,1.901951353,5.087430133,0.803637180,1.507470339,2.618899662,5.072971085,0.809798499,-0.391993196,0.716948309,-0.014459048,0.006161319
19.910000000,1.893833798,1.928147506,5.075624809,0.792288717,1.494650464,2.654631515,5.073892524,0.798532039,-0.399183334,0.726484009,-0.001732285,0.006243322
19.940000000,1.889647689,1.947710078,5.078308562,0.783781038,1.484934909,2.681276837,5.074600888,0.790121884,-0.404712780,0.733566759,-0.003707675,0.006340846
19.970000000,1.885510593,1.967229979,5.079776832,0.775438538,1.475164017,2.707834241,5.075294109,0.781786913,-0.410346576,0.740604261,-0.004482723,0.006348374
20.010000000,1.889252141,2.092472597,5.075556933,0.764475639,1.461950441,2.743007507,5.076242791,0.770662374,-0.427301701,0.650534910,0.000685858,0.006186734
20.040000000,1.886108886,2.113367685,5.074318579,0.756545062,1.451852226,2.769169923,5.076950105,0.762211047,-0.434256661,0.655802237,0.002631526,0.005665985
20.070000000,1.882986183,2.134185835,5.075644518,0.748245062,1.441650163,2.795211325,5.077670027,0.753750755,-0.441336020,0.661025490,0.002025509,0.005505692
20.110000000,1.878882895,2.161863651,5.086219113,0.737816685,1.427925322,2.829785608,5.078627181,0.742621263,-0.450957572,0.667921957,-0.007591932,0.004804578
20.140000000,1.875890196,2.182582584,5.096598442,0.728982189,1.417494414,2.855572604,5.079338689,0.734308580,-0.458395782,0.672990020,-0.017259753,0.005326391
20.170000000,1.872977682,2.203240852,5.098599071,0.720559689,1.406911099,2.881214442,5.080045778,0.725902837,-0.466066582,0.677973590,-0.018553293,0.005343148
20.210000000,1.869150832,2.230652434,5.106694504,0.708986068,1.392544680,2.915173213,5.080939486,0.714581990,-0.476606153,0.684520778,-0.025755018,0.005595922
20.240000000,1.866338349,2.251135352,5.107033055,0.701461118,1.381651008,2.940544248,5.081581190,0.706208922,-0.484687341,0.689408896,-0.025451866,0.004747803
20.270000000,1.863583125,2.271589388,5.109147825,0.693223618,1.370667161,2.965845366,5.082169400,0.697924337,-0.492915963,0.694255977,-0.026978425,0.004700719
20.310000000,1.860015985,2.298816514,5.116021647,0.682450065,1.355753069,2.999371466,5.082904921,0.686764592,-0.504262916,0.700554952,-0.033116725,0.004314527
20.340000000,1.857381396,2.319167364,5.115160624,0.674090751,1.344349342,3.024350957,5.083389219,0.678261166,-0.513032053,0.705183593,-0.031771405,0.004170415
20.370000000,1.854792686,2.339450134,5.117315343,0.665545751,1.332838313,3.049255830,5.083855991,0.669806810,-0.521954374,0.709805696,-0.033459351,0.004261059
20.410000000,1.851447484,2.366432063,5.113749952,0.654463984,1.317335516,3.082363082,5.084385954,0.658746151,-0.534111969,0.715931019,-0.029363998,0.004282166
20.440000000,1.849027878,2.386626202,5.121143835,0.646606778,1.305520967,3.107066727,5.084742290,0.650413828,-0.543506911,0.720440525,-0.036401545,0.003807050
20.470000000,1.846658485,2.406765616,5.123224820,0.638344278,1.293533938,3.131652582,5.085049825,0.641951027,-0.553124547,0.724886966,-0.038174995,0.003606749
20.510000000,1.711087765,2.582211212,5.118400638,0.627422842,1.277308326,3.164278384,5.085406443,0.630636822,-0.433779439,0.582067172,-0.032994195,0.003213980
20.540000000,1.706138342,2.604982836,5.124144199,0.618445416,1.265023850,3.188684262,5.085619650,0.622316804,-0.441114492,0.583701426,-0.038524549,0.003871389
20.570000000,1.701288692,2.627725193,5.126107046,0.609970416,1.252627049,3.213024871,5.085788883,0.614038115,-0.448661643,0.585299679,-0.040318164,0.004067700
20.610000000,1.694938292,2.657969494,5.104685173,0.597859315,1.235795847,3.245293765,5.085934171,0.602797927,-0.459142444,0.587324271,-0.018751002,0.004938612
20.640000000,1.690226757,2.680583098,5.097093798,0.589622131,1.222974284,3.269378417,5.085962732,0.594287140,-0.467252473,0.588795319,-0.011131067,0.004665008
20.670000000,1.685570466,2.703144000,5.098005641,0.581204631,1.210069442,3.293420850,5.085957975,0.585881621,-0.475501024,0.590276850,-0.012047666,0.004676989
20.710000000,1.679500097,2.733154429,5.089305399,0.569959315,1.192706522,3.325397910,5.085880514,0.574848358,-0.486793576,0.592243480,-0.003424885,0.004889043
20.740000000,1.675052156,2.755611950,5.097293935,0.562503421,1.179478536,3.349264196,5.085819694,0.566460809,-0.495573621,0.593652246,-0.011474242,0.003957387
20.770000000,1.670675142,2.778004086,5.098148194,0.554110921,1.166090092,3.373039903,5.085730638,0.557959007,-0.504585050,0.595035817,-0.012417556,0.003848086
20.810000000,1.664920923,2.807769559,5.094658220,0.542655418,1.148054716,3.404648028,5.085615506,0.546700477,-0.516866207,0.596878468,-0.009042714,0.004045059
20.840000000,1.660706035,2.830043924,5.093831786,0.534299839,1.134431152,3.428311896,5.085488123,0.538416540,-0.526274884,0.598267973,-0.008343663,0.004116700
20.870000000,1.656598976,2.852284676,5.094536149,0.525647339,1.120685175,3.451915069,5.085353233,0.530110219,-0.535913802,0.599630393,-0.009182916,0.004462880
20.910000000,1.651206512,2.881861030,5.088552886,0.513598660,1.102065080,3.483236984,5.085117427,0.518807359,-0.549141432,0.601375954,-0.003435459,0.005208699
20.940000000,1.647226144,2.903963022,5.089270862,0.504849345,1.087947772,3.506658266,5.084919353,0.510328271,-0.559278371,0.602695244,-0.004351509,0.005478926
20.970000000,1.643327359,2.926005558,5.089857094,0.496404345,1.073772481,3.530059737,5.084700154,0.501980890,-0.569554878,0.604054179,-0.005156940,0.005576546
21.010000000,1.436259905,2.979837849,5.089077737,0.485357884,1.054707228,3.561194299,5.084373664,0.490936452,-0.381552677,0.581356449,-0.004704074,0.005578568
21.040000000,1.428467118,3.001751287,5.085139680,0.477209215,1.040199913,3.584449957,5.084109533,0.482493034,-0.388267205,0.582698669,-0.001030147,0.005283819
21.070000000,1.420742348,3.023616130,5.085605931,0.468834215,1.025560652,3.607647707,5.083811771,0.473977349,-0.395181695,0.584031577,-0.001794159,0.005143134
21.110000000,1.410562116,3.052693174,5.085648776,0.457603589,1.005922912,3.638537965,5.083368273,0.462781386,-0.404639205,0.585844791,-0.002280503,0.005177798
21.140000000,1.403040723,3.074458626,5.082224208,0.449728685,0.991111941,3.661680439,5.082970486,0.454501240,-0.411928783,0.587221813,0.000746278,0.004772555
21.170000000,1.395606502,3.096188029,5.082550465,0.441598685,0.976181694,3.684777108,5.082556302,0.446146023,-0.419424808,0.588589079,0.000005837,0.004547338
21.210000000,1.385795402,3.125089975,5.086641522,0.430745037,0.956040331,3.715485260,5.081916453,0.434801823,-0.429755070,0.590395285,-0.004725069,0.004056786
21.240000000,1.378496557,3.146700394,5.085792688,0.423474862,0.940853025,3.738500357,5.081414538,0.426365256,-0.437643532,0.591799963,-0.004378150,0.002890395
21.270000000,1.371286409,3.168260330,5.086162481,0.414789862,0.925640684,3.761521884,5.080873776,0.418058955,-0.445645725,0.593261554,-0.005288706,0.003269093
21.310000000,1.361850672,3.196952983,5.077692938,0.404251532,0.905219448,3.792189496,5.080122055,0.406963507,-0.456631224,0.595236513,0.002429117,0.002711975
21.340000000,1.354880471,3.218414043,5.069316264,0.396198936,0.889748880,3.815141957,5.079510593,0.398476767,-0.465131591,0.596727914,0.010194330,0.002277831
21.370000000,1.347980403,3.239797181,5.069131728,0.387756436,0.874218477,3.838074148,5.078882557,0.389991944,-0.473761926,0.598276966,0.009750828,0.002235508
21.410000000,1.338919720,3.268244890,5.079037824,0.377089931,0.853518417,3.868637175,5.078025361,0.378859393,-0.485401302,0.600392285,-0.001012463,0.001769461
21.440000000,1.332251752,3.289549552,5.086663223,0.368955868,0.837971429,3.891507703,5.077385726,0.370519244,-0.494280323,0.601958151,-0.009277497,0.001563376
21.470000000,1.325670320,3.310810885,5.087134040,0.360615868,0.822360648,3.914298188,5.076758915,0.362130589,-0.503309672,0.603487303,-0.010375125,0.001514720
21.510000000,1.141271540,3.382860313,5.084638585,0.349363491,0.801490911,3.944515928,5.075908700,0.350970414,-0.339780629,0.561655615,-0.008729885,0.001606923
21.540000000,1.131514104,3.404640554,5.075045191,0.341521387,0.785917946,3.967054357,5.075281759,0.342594537,-0.345596158,0.562413803,0.000236568,0.001073150
21.570000000,1.121854467,3.426374952,5.075234888,0.333196387,0.770416563,3.989478957,5.074642139,0.334153587,-0.351437904,0.563104005,-0.000592750,0.000957200
21.610000000,1.109129763,3.455294318,5.070760850,0.321709390,0.749787105,4.019080693,5.073829946,0.322983179,-0.359342658,0.563786374,0.003069097,0.001273789
21.640000000,1.099662749,3.476929652,5.060534113,0.313944712,0.734362388,4.041005878,5.073228487,0.314817430,-0.365300361,0.564076226,0.012694374,0.000872717
21.670000000,1.090263993,3.498525138,5.060476110,0.305662212,0.719064153,4.062715573,5.072674673,0.306607859,-0.371199840,0.564190435,0.012198564,0.000945646
21.710000000,1.077872190,3.527297175,5.056097028,0.293997654,0.698989717,4.091212475,5.071987794,0.295195745,-0.378882472,0.563915299,0.015890767,0.001198091
21.740000000,1.068699448,3.548853329,5.060517176,0.286084983,0.684120192,4.112159027,5.071561187,0.286723828,-0.384579256,0.563305698,0.011044010,0.000638845
21.770000000,1.059602832,3.570389303,5.060805276,0.277647483,0.669362309,4.132750290,5.071180565,0.278666408,-0.390240523,0.562360987,0.010375289,0.001018925
21.810000000,1.047545933,3.599064114,5.056381460,0.266596866,0.650019886,4.159531631,5.070792190,0.268046273,-0.397526046,0.560467517,0.014410730,0.001449407
21.840000000,1.038595404,3.620543654,5.049867173,0.258603940,0.635869203,4.179100910,5.070573621,0.259460877,-0.402726201,0.558557256,0.020706448,0.000856937
21.870000000,1.029762196,3.641996437,5.050154189,0.250268940,0.621952523,4.198265332,5.070410896,0.250715426,-0.407809673,0.556268895,0.020256707,0.000446486
21.910000000,1.018130922,3.670546182,5.053995436,0.238707514,0.603728812,4.223018130,5.070305356,0.239881569,-0.414402110,0.552471947,0.016309920,0.001174055
21.940000000,1.009491639,3.691911252,5.037835019,0.231217993,0.590362004,4.240974124,5.070295754,0.232082914,-0.419129635,0.549062872,0.032460735,0.000864921
21.970000000,1.000918117,3.713242800,5.038094383,0.222952993,0.577296538,4.258494446,5.070353100,0.223807651,-0.423621579,0.545251646,0.032258717,0.000854658
22.010000000,0.873296442,3.927973059,5.048919648,0.212599194,0.560428395,4.281040901,5.070502127,0.212017838,-0.312868046,0.353067843,0.021582479,-0.000581356
22.040000000,0.863036349,3.953138601,5.049112162,0.204638274,0.548097985,4.297303358,5.070710359,0.203720492,-0.314938364,0.344164756,0.021598197,-0.000917781
22.070000000,0.852845076,3.978258351,5.050060397,0.196430774,0.535995900,4.313089281,5.070955975,0.195980244,-0.316849175,0.334830931,0.020895578,-0.000450530
22.110000000,0.839339408,4.011687966,5.058635743,0.185558836,0.520429989,4.333272753,5.071381354,0.185311925,-0.318909419,0.321584787,0.012745611,-0.000246911
22.140000000,0.829299182,4.036756846,5.051649911,0.177264334,0.509250729,4.347735202,5.071726210,0.176490751,-0.320048453,0.310978356,0.020076299,-0.000773582
22.170000000,0.819367438,4.061841268,5.052899417,0.168951834,0.498388629,4.361654463,5.072114875,0.167697445,-0.320978809,0.299813195,0.019215457,-0.001254389
22.210000000,0.806230823,4.095322358,5.056958677,0.157744181,0.484431574,4.379094757,5.072680549,0.157186825,-0.321799249,0.283772399,0.015721872,-0.000557356
22.240000000,0.796435148,4.120487616,5.071067544,0.148807312,0.474450029,4.391180822,5.073140754,0.149390003,-0.321985119,0.270693207,0.002073210,0.000582690
22.270000000,0.786705069,4.145710526,5.073153225,0.140607312,0.464892271,4.402410862,5.073602765,0.140580278,-0.321812797,0.256700336,0.000449541,-0.000027034
22.310000000,0.773899447,4.179448436,5.067499868,0.130312054,0.452892328,4.415528136,5.074169550,0.127877329,-0.321007120,0.236079700,0.006669682,-0.002434725
22.340000000,0.764383419,4.204821004,5.064276405,0.122547730,0.444379020,4.423751893,5.074498795,0.119966031,-0.320004399,0.218930889,0.010222391,-0.002581699
22.370000000,0.754913455,4.230248447,5.066195726,0.114200230,0.436241304,4.430698379,5.074713883,0.112960002,-0.318672151,0.200449931,0.008518157,-0.001240229
22.410000000,0.742363229,4.264207076,5.065045212,0.104124817,0.426198955,4.437479596,5.074807642,0.101587177,-0.316164274,0.173272521,0.009762431,-0.002537640
22.440000000,0.733053107,4.289726178,5.049145839,0.096062272,0.419260304,4.440623216,5.074686864,0.091516148,-0.313792802,0.150897038,0.025541025,-0.004546124
22.470000000,0.723837853,4.315274413,5.050569077,0.087934772,0.412680945,4.442311048,5.074433668,0.082481999,-0.311156908,0.127036635,0.023864591,-0.005452773
22.510000000,0.678747018,4.201375141,5.051720292,0.076920128,0.404520541,4.441879343,5.073764289,0.073165243,-0.274226478,0.240504202,0.022043997,-0.003754885
22.540000000,0.669486117,4.223127138,5.052807167,0.069250711,0.398929508,4.439550833,5.073041757,0.065122666,-0.270556609,0.216423695,0.020234590,-0.004128045
22.570000000,0.660308733,4.244906518,5.054214478,0.061073211,0.393735649,4.435791565,5.072134151,0.055374868,-0.266573084,0.190885047,0.017919673,-0.005698343
22.610000000,0.648212534,4.273991992,5.056852484,0.049963166,0.387407188,4.428212164,5.070614277,0.042678615,-0.260805347,0.154220172,0.013761793,-0.007284551
22.640000000,0.639193958,4.295860937,5.058967731,0.043509487,0.383016761,4.420679793,5.069232517,0.035309740,-0.256177198,0.124818856,0.010264786,-0.008199747
22.670000000,0.630213058,4.317789104,5.060371223,0.035141987,0.378910625,4.411861633,5.067699373,0.028056468,-0.251302433,0.094072529,0.007328150,-0.007085519
22.710000000,0.618360717,4.347111298,5.064248572,0.023904057,0.374021282,4.397868456,5.065396764,0.015902596,-0.244339434,0.050757158,0.001148192,-0.008001461
22.740000000,0.609587935,4.369178989,5.071520459,0.016326299,0.370723782,4.385799714,5.063503782,0.006365376,-0.238864152,0.016620724,-0.008016677,-0.009960923
22.770000000,0.600895439,4.391316876,5.073184428,0.008238799,0.367620032,4.372650311,5.061517646,-0.001921936,-0.233275408,-0.018666565,-0.011666781,-0.010160735
22.810000000,0.589378239,4.420942612,5.068585937,-0.002462256,0.363841193,4.353260000,5.058708851,-0.011739917,-0.225537045,-0.067682612,-0.009877086,-0.009277660
22.830000000,0.583650719,4.435804738,5.070733101,-0.007507038,0.362137073,4.342850590,5.057265664,-0.017290128,-0.221513646,-0.092954148,-0.013467437,-0.009783090
22.870000000,0.572294146,4.465614884,5.072825636,-0.018637038,0.359090114,4.320708214,5.054275400,-0.029725450,-0.213204032,-0.144906670,-0.018550236,-0.011088413
22.910000000,0.561061728,4.495562814,5.086092174,-0.028674387,0.356369638,4.296923007,5.051263133,-0.041169971,-0.204692090,-0.198639807,-0.034829041,-0.012495583
22.940000000,0.552687316,4.518129144,5.088315081,-0.036649997,0.354508235,4.278055679,5.048991006,-0.048758422,-0.198179081,-0.240073466,-0.039324074,-0.012108425
22.970000000,0.544338250,4.540775376,5.090509382,-0.044934997,0.352826936,4.258492506,5.046746666,-0.056746954,-0.191511313,-0.282282870,-0.043762716,-0.011811957
23.010000000,0.517491650,4.316379505,5.083759502,-0.054656980,0.350944038,4.231235288,5.043754018,-0.068737157,-0.166547612,-0.085144217,-0.040005484,-0.014080177
23.040000000,0.509303264,4.333580459,5.080704265,-0.063076265,0.349706212,4.209996383,5.041541164,-0.077452637,-0.159597052,-0.123584076,-0.039163101,-0.014376372
23.070000000,0.501162619,4.350893251,5.082737915,-0.071083765,0.348543881,4.188230148,5.039347616,-0.085472151,-0.152618738,-0.162663102,-0.043390299,-0.014388385
23.110000000,0.490347351,4.374159377,5.075124739,-0.082801221,0.347196869,4.158314292,5.036520966,-0.096106724,-0.143150481,-0.215845085,-0.038603774,-0.013305503
23.140000000,0.482304423,4.391751517,5.080550700,-0.091556208,0.346394280,4.135268593,5.034473773,-0.104812732,-0.135910143,-0.256482924,-0.046076927,-0.013256524
23.170000000,0.474346316,4.409451720,5.082785043,-0.099578708,0.345700802,4.111823776,5.032488726,-0.113621984,-0.128645513,-0.297627944,-0.050296316,-0.014043276
23.210000000,0.463827542,4.433246127,5.082939310,-0.110599293,0.344857878,4.079909684,5.029988030,-0.124584056,-0.118969664,-0.353336443,-0.052951280,-0.013984762
23.240000000,0.455970561,4.451223107,5.072905047,-0.118805671,0.344304421,4.055532286,5.028214819,-0.132587132,-0.111666140,-0.395690821,-0.044690228,-0.013781461
23.270000000,0.448142718,4.469333349,5.075109775,-0.127040671,0.343862386,4.030854145,5.026528718,-0.140946267,-0.104280331,-0.438479204,-0.048581058,-0.013905596
23.310000000,0.437790562,4.493701765,5.073477740,-0.137665873,0.343450308,3.997448433,5.024398910,-0.152555373,-0.094340254,-0.496253332,-0.049078831,-0.014889499
23.340000000,0.430106621,4.512118949,5.075474432,-0.145483058,0.343169196,3.972065791,5.022930532,-0.160922444,-0.086937424,-0.540053159,-0.052543899,-0.015439385
23.370000000,0.422443656,4.530677165,5.077953844,-0.154018058,0.342890145,3.946467560,5.021535192,-0.169013349,-0.079553512,-0.584209605,-0.056418652,-0.014995291
23.410000000,0.412263920,4.555662421,5.073098949,-0.165129570,0.342620325,3.911956300,5.019845215,-0.180037830,-0.069643594,-0.643706122,-0.053253734,-0.014908260
23.440000000,0.404698017,4.574556991,5.090118292,-0.173927413,0.342518236,3.885809344,5.018663717,-0.188656851,-0.062179781,-0.688747647,-0.071454575,-0.014729439
23.470000000,0.397195073,4.593585713,5.093238646,-0.182502413,0.342427308,3.859495389,5.017567935,-0.197202627,-0.054767766,-0.734090324,-0.075670712,-0.014700214
23.510000000,0.567051106,4.078342175,5.079087439,-0.193998785,0.342245679,3.824143427,5.016233997,-0.208136936,-0.224805427,-0.254198748,-0.062853442,-0.014138151
23.540000000,0.563805885,4.086106831,5.086540060,-0.203252598,0.342119850,3.797435968,5.015329642,-0.216359479,-0.221686035,-0.288670863,-0.071210418,-0.013106882
23.570000000,0.560598687,4.093999908,5.089636026,-0.211392598,0.342043858,3.770588956,5.014478424,-0.224826620,-0.218554829,-0.323410952,-0.075157603,-0.013434022
23.610000000,0.556433092,4.104727067,5.082037471,-0.222381875,0.341952347,3.734574282,5.013460292,-0.236261042,-0.214480745,-0.370152785,-0.068577179,-0.013879167
23.640000000,0.553380803,4.112923397,5.085647735,-0.230366098,0.341778359,3.707451171,5.012800111,-0.244563803,-0.211602445,-0.405472226,-0.072847624,-0.014197705
23.670000000,0.550353947,4.121252952,5.088794166,-0.238646098,0.341527211,3.680269437,5.012195257,-0.252749187,-0.208826737,-0.440983515,-0.076598909,-0.014103089
23.710000000,0.546368469,4.132565994,5.087512470,-0.248561835,0.341153131,3.643933249,5.011535162,-0.263850305,-0.205215339,-0.488632745,-0.075977308,-0.015288470
23.740000000,0.543439410,4.141188721,5.079816589,-0.257480170,0.340845962,3.616631610,5.011115264,-0.272317663,-0.202593448,-0.524557111,-0.068701325,-0.014837493
23.770000000,0.540583594,4.149935150,5.082809273,-0.265520170,0.340454499,3.589315020,5.010772270,-0.280723869,-0.200129095,-0.560620131,-0.072037003,-0.015203699
23.810000000,0.536868864,4.161822438,5.072646224,-0.276304646,0.339724691,3.552874956,5.010403679,-0.291714209,-0.197144173,-0.608947483,-0.062242545,-0.015409563
23.840000000,0.534117619,4.170907259,5.069990327,-0.284436569,0.339082788,3.525503045,5.010222471,-0.300014949,-0.195034831,-0.645404215,-0.059767855,-0.015578380
23.870000000,0.531420424,4.180126003,5.064145538,-0.292911569,0.338397595,3.498086179,5.010089528,-0.308477624,-0.193022829,-0.682039824,-0.054056010,-0.015566055
23.910000000,0.527947980,4.192625447,5.067563050,-0.304998434,0.337307379,3.461467134,5.010021679,-0.319796463,-0.190640601,-0.731158313,-0.057541371,-0.014798029
23.940000000,0.525399782,4.202155463,5.054773883,-0.314076459,0.336280187,3.433974331,5.010037275,-0.328074625,-0.189119595,-0.768181132,-0.044736608,-0.013998167
23.970000000,0.522880991,4.211826785,5.057064390,-0.322431459,0.335124953,3.406450614,5.010103801,-0.336307595,-0.187756037,-0.805376171,-0.046960588,-0.013876137
24.010000000,0.442895266,3.734281554,5.058095988,-0.333236776,0.333432082,3.369665593,5.010278820,-0.347556282,-0.109463185,-0.364615962,-0.047817168,-0.014319505
24.040000000,0.438465753,3.734710254,5.062482549,-0.341248005,0.332009912,3.342024402,5.010468042,-0.356091486,-0.106455841,-0.392685852,-0.052014507,-0.014843481
24.070000000,0.434081852,3.735268686,5.065075986,-0.349878005,0.330414863,3.314367340,5.010710749,-0.364485678,-0.103666989,-0.420901346,-0.054365237,-0.014607672
24.110000000,0.428292333,3.736245706,5.061444093,-0.362519298,0.327972733,3.277463992,5.011067760,-0.375469005,-0.100319600,-0.458781715,-0.050376332,-0.012949707
24.140000000,0.424003118,3.737149411,5.056016868,-0.371792314,0.325973756,3.249741277,5.011370098,-0.383864951,-0.098029363,-0.487408134,-0.044646770,-0.012072638
24.170000000,0.419781225,3.738187883,5.058316311,-0.380194814,0.323853468,3.221987493,5.011672055,-0.392401560,-0.095927757,-0.516200390,-0.046644256,-0.012206746
24.210000000,0.414256472,3.739759674,5.062185027,-0.392055590,0.320694876,3.184972101,5.012130214,-0.403652249,-0.093561595,-0.554787573,-0.050054813,-0.011596659
24.240000000,0.410174838,3.741087288,5.062647483,-0.401073011,0.318045891,3.157219217,5.012491629,-0.411890642,-0.092128947,-0.583868071,-0.050155854,-0.010817632
24.270000000,0.406133368,3.742531184,5.065119844,-0.409395511,0.315238593,3.129454627,5.012891351,-0.420178000,-0.090894775,-0.613076558,-0.052228493,-0.010782490
24.310000000,0.400848426,3.744638055,5.083908454,-0.420111618,0.311253405,3.092396279,5.013441528,-0.431524638,-0.089595021,-0.652241775,-0.070466926,-0.011413021
24.340000000,0.396973354,3.746346836,5.074198290,-0.428811193,0.308016194,3.064605657,5.013881119,-0.440014733,-0.088957160,-0.681741179,-0.060317171,-0.011203540
24.370000000,0.393165156,3.748180106,5.076907632,-0.437343693,0.304556042,3.036839150,5.014323565,-0.448331143,-0.088609114,-0.711340957,-0.062584066,-0.010987449
24.410000000,0.388167907,3.750845385,5.083148250,-0.449386379,0.299590314,2.999839467,5.014906390,-0.459338688,-0.088577593,-0.751005918,-0.068241860,-0.009952309
24.440000000,0.384476470,3.753002042,5.084181958,-0.457711207,0.295668348,2.972078328,5.015341532,-0.467809253,-0.088808122,-0.780923714,-0.068840426,-0.010098046
24.470000000,0.380861956,3.755261522,5.086994959,-0.466093707,0.291581265,2.944322184,5.015772639,-0.476355916,-0.089280690,-0.810939338,-0.071222320,-0.010262209
24.510000000,0.356942390,3.287054230,5.065832616,-0.477349816,0.285731459,2.907377792,5.016365854,-0.487515782,-0.071210931,-0.379676437,-0.049466762,-0.010165966
24.540000000,0.353007800,3.280829684,5.067094676,-0.486035285,0.281054855,2.879717286,5.016806493,-0.495756208,-0.071952946,-0.401112398,-0.050288183,-0.009720923
24.570000000,0.349124371,3.274721657,5.069279297,-0.494445285,0.276220411,2.852066706,5.017272077,-0.504114835,-0.072903960,-0.422654951,-0.052007220,-0.009669550
24.610000000,0.344103878,3.266754834,5.061363200,-0.505590238,0.269489881,2.815220569,5.017919676,-0.515513520,-0.074613997,-0.451534264,-0.043443524,-0.009923282
24.640000000,0.340467606,3.260914945,5.049662779,-0.514199035,0.264142727,2.787652159,5.018460710,-0.523946232,-0.076324880,-0.473262786,-0.031202069,-0.009747197
24.670000000,0.336901198,3.255198761,5.051291632,-0.522481535,0.258554497,2.760146918,5.019012377,-0.532211218,-0.078346701,-0.495051843,-0.032279255,-0.009729683
24.710000000,0.332215202,3.247740924,5.043474746,-0.533484219,0.250746340,2.723541230,5.019810119,-0.543271710,-0.081468862,-0.524199694,-0.023664627,-0.009787492
24.740000000,0.328804190,3.242278183,5.035269038,-0.541394061,0.244670342,2.696112540,5.020440774,-0.551791336,-0.084133848,-0.546165643,-0.014828264,-0.010397275
24.770000000,0.325484825,3.236934834,5.036525820,-0.550064061,0.238395796,2.668728462,5.021110802,-0.560318769,-0.087089029,-0.568206372,-0.015415018,-0.010254708
24.810000000,0.321187843,3.229999479,5.037217597,-0.561285495,0.229592002,2.632351779,5.022050558,-0.571399091,-0.091595842,-0.597647700,-0.015167039,-0.010113596
24.840000000,0.318040928,3.224956532,5.036688696,-0.569989486,0.222704830,2.605150760,5.022798326,-0.579661642,-0.095336097,-0.619805772,-0.013890370,-0.009672156
24.870000000,0.314968975,3.220033255,5.038120782,-0.578639486,0.215661307,2.577981427,5.023580185,-0.588078723,-0.099307668,-0.642051828,-0.014540597,-0.009439237
24.910000000,0.311034294,3.213638975,5.046731806,-0.589893219,0.205956728,2.541840298,5.024639857,-0.599456811,-0.105077567,-0.671798677,-0.022091949,-0.009563592
24.940000000,0.308188496,3.208986894,5.033991479,-0.599028441,0.198370887,2.514853540,5.025459584,-0.607816929,-0.109817609,-0.694133354,-0.008531895,-0.008788488
24.970000000,0.305419285,3.204455384,5.035304964,-0.607555941,0.190567646,2.487954320,5.026274823,-0.616064983,-0.114851639,-0.716501064,-0.009030141,-0.008509042
25.010000000,0.306280217,2.782958373,5.033460151,-0.619746284,0.179864330,2.452187596,5.027390006,-0.627218215,-0.126415887,-0.330770777,-0.006070145,-0.007471931
25.040000000,0.303794742,2.771337316,5.038169470,-0.628080550,0.171630829,2.425430959,5.028223351,-0.635745126,-0.132163913,-0.345906357,-0.009946118,-0.007664576
25.070000000,0.301415416,2.759823695,5.039632451,-0.636215550,0.163200676,2.398761942,5.029084504,-0.644210693,-0.138214740,-0.361061752,-0.010547947,-0.007995143
25.120000000,0.297625708,2.740871198,5.029934856,-0.649665023,0.148591145,2.354583970,5.030526873,-0.658023381,-0.149034563,-0.386287227,0.000592017,-0.008358359
25.140000000,0.296160350,2.733384821,5.039046769,-0.654332349,0.142603973,2.336972836,5.031116132,-0.663590303,-0.153556377,-0.396411985,-0.007930637,-0.009257954
25.170000000,0.294039459,2.722239877,5.040556621,-0.662889849,0.133495042,2.310600976,5.031995951,-0.672066209,-0.160544417,-0.411638901,-0.008560670,-0.009176360
25.210000000,0.291366522,2.707545886,5.040078859,-0.674308627,0.121013474,2.275578821,5.033200775,-0.683386233,-0.170353048,-0.431967064,-0.006878084,-0.009077606
25.240000000,0.289469116,2.696676773,5.043964515,-0.683529075,0.111350599,2.249456207,5.034107618,-0.691679356,-0.178118517,-0.447220567,-0.009856897,-0.008150281
25.270000000,0.287643692,2.685946269,5.045657246,-0.691911575,0.101496729,2.223418210,5.035018312,-0.699936527,-0.186146963,-0.462528059,-0.010638934,-0.008024952
25.310000000,0.285338960,2.671833857,5.044226217,-0.703949269,0.088088563,2.188799123,5.036241013,-0.711182673,-0.197250397,-0.483034733,-0.007985204,-0.007233404
25.340000000,0.283736028,2.661360411,5.032229824,-0.712657147,0.077813896,2.162933091,5.037148737,-0.719692180,-0.205922132,-0.498427319,0.004918913,-0.007035033
25.370000000,0.282245808,2.650997471,5.033495922,-0.720997147,0.067340835,2.137179451,5.038061994,-0.728081550,-0.214904973,-0.513818020,0.004566073,-0.007084403
25.410000000,0.280368731,2.637380251,5.045192621,-0.733193080,0.053033969,2.103042157,5.039267288,-0.739100035,-0.227334763,-0.534338094,-0.005925333,-0.005906954
25.440000000,0.279051834,2.627290792,5.039385076,-0.741113500,0.042118828,2.077534749,5.040204080,-0.747489417,-0.236933007,-0.549756043,0.000819004,-0.006375916
25.470000000,0.277840838,2.617292485,5.040856016,-0.749356000,0.031079955,2.052092921,5.041140100,-0.755987325,-0.246760884,-0.565199564,0.000284085,-0.006631324
25.500000000,0.232229906,2.327545899,5.037640072,-0.757984651,0.019840293,2.026781825,5.042085440,-0.764432051,-0.212389613,-0.300764074,0.004445367,-0.006447400
25.540000000,0.229529249,2.308594151,5.039476290,-0.768665478,0.004561787,1.993241321,5.043322058,-0.775503545,-0.224967461,-0.315352830,0.003845768,-0.006838066
25.570000000,0.227616555,2.294509616,5.040910692,-0.777142978,-0.007071448,1.968204265,5.044258309,-0.783813093,-0.234688002,-0.326305351,0.003347617,-0.006670115
25.610000000,0.225234032,2.275881510,5.034373019,-0.787568585,-0.022773676,1.934940066,5.045505081,-0.795107961,-0.248007708,-0.340941444,0.011132062,-0.007539376
25.640000000,0.223569379,2.262024570,5.039804770,-0.794986953,-0.034740071,1.910127678,5.046455990,-0.803571167,-0.258309450,-0.351896892,0.006651220,-0.008584214
25.670000000,0.222005873,2.248274455,5.041209463,-0.803524453,-0.046877410,1.885445495,5.047408334,-0.811904495,-0.268883283,-0.362828960,0.006198871,-0.008380042
25.710000000,0.220060655,2.230128315,5.040627700,-0.814841276,-0.063329009,1.852722629,5.048699235,-0.822937767,-0.283389664,-0.377405687,0.008071535,-0.008096491
25.740000000,0.218711275,2.216631866,5.035855159,-0.822967357,-0.075810239,1.828257432,5.049683748,-0.831379393,-0.294521514,-0.388374435,0.013828588,-0.008412036
25.770000000,0.217486666,2.203233307,5.037115165,-0.831602357,-0.088405012,1.803861710,5.050665625,-0.839888480,-0.305891678,-0.399371597,0.013550461,-0.008286123
25.810000000,0.216021400,2.185525741,5.042431369,-0.843015835,-0.105473130,1.771544292,5.051995850,-0.851056254,-0.321494529,-0.413981449,0.009564482,-0.008040419
25.840000000,0.215016657,2.172377955,5.044017879,-0.852073196,-0.118465954,1.747458715,5.052993226,-0.859327074,-0.333482611,-0.424919240,0.008975347,-0.007253878
25.870000000,0.214095409,2.159332012,5.045536723,-0.860748196,-0.131552216,1.723438206,5.054013898,-0.867681312,-0.345647625,-0.435893805,0.008477175,-0.006933116
25.910000000,0.213031882,2.142076665,5.049128467,-0.872217677,-0.149151574,1.691518474,5.055350786,-0.879000147,-0.362183456,-0.450558192,0.006222319,-0.006782471
25.940000000,0.212363297,2.129255431,5.036733338,-0.881478593,-0.162513425,1.667725865,5.056361037,-0.887412716,-0.374876722,-0.461529566,0.019627699,-0.005934123
25.970000000,0.211801322,2.116530506,5.037960326,-0.889793593,-0.176003773,1.644058513,5.057352600,-0.895715609,-0.387805095,-0.472471993,0.019392274,-0.005922016
26.010000000,0.090699919,1.768990355,5.042086748,-0.901344867,-0.194156202,1.612653279,5.058687689,-0.906816135,-0.284856120,-0.156337076,0.016600941,-0.005471269
26.050000000,0.086717717,1.744508023,5.036581944,-0.912284671,-0.212431769,1.581351754,5.060015369,-0.918113998,-0.299149486,-0.163156269,0.023433425,-0.005829328
26.070000000,0.084799581,1.732310734,5.037405803,-0.917857171,-0.221636120,1.565768804,5.060693338,-0.923753274,-0.306435702,-0.166541930,0.023287535,-0.005896103
26.110000000,0.081095990,1.708073260,5.032745091,-0.928516579,-0.240213162,1.534789513,5.062038434,-0.934868103,-0.321309152,-0.173283747,0.029293342,-0.006351524
26.140000000,0.078436379,1.690042038,5.027618834,-0.937860892,-0.254265090,1.511679337,5.063051703,-0.943172103,-0.332701469,-0.178362701,0.035432869,-0.005311211
26.170000000,0.075890884,1.672107833,5.028595055,-0.946508392,-0.268370681,1.488611978,5.064073622,-0.951575997,-0.344261565,-0.183495855,0.035478568,-0.005067605
26.210000000,0.072700343,1.648304247,5.030071654,-0.957292888,-0.287298664,1.457957352,5.065437265,-0.962887474,-0.359999007,-0.190346894,0.035365610,-0.005594586
26.240000000,0.070447079,1.630532252,5.030184737,-0.965915160,-0.301633573,1.435108726,5.066484327,-0.971249076,-0.372080652,-0.195423526,0.036299590,-0.005333916
26.270000000,0.068290686,1.612866348,5.031271324,-0.974407660,-0.316063429,1.412357561,5.067531502,-0.979531706,-0.384354115,-0.200508787,0.036260178,-0.005124045
26.310000000,0.065579898,1.589457901,5.017251597,-0.984826768,-0.335407479,1.382106797,5.068958396,-0.990690446,-0.400987377,-0.207351104,0.051706799,-0.005863678
26.340000000,0.063674111,1.571962187,5.019005448,-0.992661357,-0.349978966,1.359468930,5.070014700,-0.999171939,-0.413653077,-0.212493257,0.051009253,-0.006510582
26.370000000,0.061887747,1.554527844,5.019806519,-1.001036357,-0.364624723,1.336915542,5.071089918,-1.007604815,-0.426512470,-0.217612302,0.051283399,-0.006568458
26.410000000,0.059669720,1.531429475,5.036247025,-1.012234139,-0.384303393,1.307031863,5.072538978,-1.018675489,-0.443973112,-0.224397612,0.036291954,-0.006441349
26.440000000,0.058126722,1.514220124,5.036686901,-1.019999087,-0.399128476,1.284691195,5.073670216,-1.027015129,-0.457255198,-0.229528929,0.036983315,-0.007016041
26.470000000,0.056680664,1.497076398,5.038079851,-1.028311587,-0.413978861,1.262369574,5.074803760,-1.035455376,-0.470659525,-0.234706823,0.036723909,-0.007143789
26.510000000,-0.223645152,1.213887642,5.053719335,-1.039364937,-0.433863786,1.232709849,5.076303296,-1.046725423,-0.210218633,0.018822207,0.022583962,-0.007360486
26.540000000,-0.230792671,1.192633056,5.044203841,-1.047547227,-0.448871561,1.210598763,5.077399944,-1.055052215,-0.218078890,0.017965707,0.033196103,-0.007504989
26.570000000,-0.237844350,1.171471499,5.045716929,-1.056134727,-0.463928604,1.188555059,5.078478803,-1.063356110,-0.226084254,0.017083560,0.032761875,-0.007221383
26.610000000,-0.247076641,1.143397057,5.053326695,-1.066513303,-0.484037155,1.159195341,5.079881076,-1.074574963,-0.236960514,0.015798283,0.026554381,-0.008061660
26.640000000,-0.253844088,1.122398878,5.049186750,-1.074842163,-0.499142020,1.137222551,5.080896727,-1.083033819,-0.245297932,0.014823673,0.031709977,-0.008191656
26.670000000,-0.260491547,1.101450752,5.050701445,-1.083154663,-0.514279675,1.115337717,5.081907899,-1.091432255,-0.253788127,0.013886965,0.031206454,-0.008277592
26.710000000,-0.269202982,1.073673309,5.049184620,-1.093715752,-0.534495119,1.086314826,5.083221210,-1.102561257,-0.265292137,0.012641517,0.034036589,-0.008845505
26.740000000,-0.275617978,1.052934393,5.057767862,-1.102466050,-0.549626679,1.064588377,5.084213697,-1.110951552,-0.274008701,0.011653984,0.026445834,-0.008485503
26.770000000,-0.281913246,1.032253460,5.059473038,-1.111071050,-0.564728088,1.042880126,5.085188213,-1.119374941,-0.282814842,0.010626666,0.025715175,-0.008303891
26.810000000,-0.290134473,1.004791813,5.062955102,-1.122379517,-0.584855681,1.014056405,5.086504908,-1.130577378,-0.294721208,0.009264593,0.023549807,-0.008197862
26.840000000,-0.296184741,0.984307991,5.055460448,-1.130993779,-0.599963669,0.992552282,5.087472520,-1.138917937,-0.303778929,0.008244291,0.032012073,-0.007924158
26.870000000,-0.302121595,0.963911223,5.057024046,-1.139331279,-0.615061311,0.971079524,5.088444980,-1.147265808,-0.312939716,0.007168301,0.031420934,-0.007934529
26.910000000,-0.309881143,0.936805957,5.059334676,-1.150019677,-0.635149984,0.942439624,5.089708813,-1.158497579,-0.325268842,0.005633667,0.030374137,-0.008477902
26.940000000,-0.315565930,0.916530891,5.068675518,-1.158439056,-0.650213687,0.921003471,5.090652804,-1.166924177,-0.334647757,0.004472580,0.021977286,-0.008485122
26.970000000,-0.321146636,0.896308071,5.070570925,-1.167086556,-0.665294918,0.899638469,5.091591117,-1.175287029,-0.344148282,0.003330398,0.021020192,-0.008200473
27.010000000,-0.413650533,0.702171011,5.073898463,-1.177626456,-0.685412518,0.871220906,5.092832538,-1.186395375,-0.271761985,0.169049895,0.018934074,-0.008768918
27.040000000,-0.420208999,0.679702343,5.074229152,-1.186110370,-0.700477631,0.849881139,5.093745758,-1.194808690,-0.280268632,0.170178795,0.019516607,-0.008698321
27.070000000,-0.426639435,0.657293829,5.076141488,-1.194450370,-0.715533005,0.828535493,5.094627433,-1.203258956,-0.288893571,0.171241664,0.018485946,-0.008808587
27.110000000,-0.435057762,0.627515195,5.065790661,-1.205050959,-0.735629607,0.800158348,5.095774848,-1.214436040,-0.300571846,0.172643153,0.029984187,-0.009385081
27.140000000,-0.441276126,0.605276882,5.074962007,-1.213768303,-0.750718248,0.778928122,5.096596625,-1.222755405,-0.309442122,0.173651240,0.021634618,-0.008987101
27.170000000,-0.447403166,0.583113879,5.076782472,-1.222263303,-0.765799397,0.757677349,5.097417164,-1.231121368,-0.318396231,0.174563471,0.020634692,-0.008858065
27.210000000,-0.455386966,0.553665437,5.080274780,-1.233774710,-0.785891336,0.729284244,5.098476308,-1.242394542,-0.330504370,0.175618808,0.018201528,-0.008619832
27.240000000,-0.461243186,0.531636502,5.089429722,-1.242784911,-0.800977717,0.708020417,5.099272497,-1.250803385,-0.339734531,0.176383915,0.009842775,-0.008018474
27.270000000,-0.467000416,0.509682082,5.091560625,-1.251194911,-0.816084872,0.686800515,5.100044087,-1.259135080,-0.349084456,0.177118433,0.008483462,-0.007940169
27.310000000,-0.474536360,0.480530824,5.101771904,-1.263275891,-0.836235947,0.658493361,5.101058661,-1.270260626,-0.361699587,0.177962538,-0.000713243,-0.006984734
27.340000000,-0.480068099,0.458756520,5.100716675,-1.271701335,-0.851339007,0.637198543,5.101770726,-1.278708328,-0.371270908,0.178442023,0.001054051,-0.007006993
27.370000000,-0.485491856,0.437034005,5.102991253,-1.279996335,-0.866447484,0.615895013,5.102453069,-1.287161098,-0.380955628,0.178861007,-0.000538185,-0.007164763
27.410000000,-0.492557491,0.408173767,5.101973698,-1.290592083,-0.886627748,0.587553200,5.103298057,-1.298294669,-0.394070257,0.179379433,0.001324360,-0.007702585
27.440000000,-0.497744258,0.386652807,5.109422697,-1.298432974,-0.901777891,0.566297761,5.103891074,-1.306618844,-0.404033633,0.179644953,-0.005531623,-0.008185871
27.470000000,-0.502833277,0.365212517,5.111786607,-1.306795474,-0.916924898,0.544988516,5.104458137,-1.315019762,-0.414091620,0.179775999,-0.007328470,-0.008224288
27.510000000,-0.647115778,0.334576131,5.117216768,-1.317015469,-0.937125908,0.516507731,5.105147642,-1.326304807,-0.290010130,0.181931600,-0.012069126,-0.009289338
27.540000000,-0.654517315,0.314208849,5.116149116,-1.325342902,-0.952303563,0.495177020,5.105634145,-1.334680498,-0.297786248,0.180968171,-0.010514971,-0.009337596
27.570000000,-0.661832363,0.293930331,5.118471662,-1.333790402,-0.967500811,0.473864321,5.106077905,-1.343000229,-0.305668448,0.179933990,-0.012393757,-0.009209826
27.610000000,-0.671427598,0.267040925,5.120698671,-1.346445374,-0.987772354,0.445371273,5.106624463,-1.354181638,-0.316344756,0.178330348,-0.014074208,-0.007736264
27.640000000,-0.678516103,0.246928105,5.132292142,-1.354995258,-1.002966600,0.423927897,5.106964618,-1.362644695,-0.324450497,0.176999792,-0.025327524,-0.007649436
27.670000000,-0.685498666,0.226851671,5.134858413,-1.363520258,-1.018152474,0.402486985,5.107282269,-1.371075691,-0.332653809,0.175635314,-0.027576144,-0.007555432
27.710000000,-0.694627399,0.200179732,5.143366959,-1.375641116,-1.038366039,0.373950972,5.107637413,-1.382243879,-0.343738640,0.173771240,-0.035729546,-0.006602763
27.740000000,-0.701350903,0.180269380,5.143282395,-1.383671066,-1.053468911,0.352516764,5.107873583,-1.390632967,-0.352118009,0.172247384,-0.035408812,-0.006961901
27.770000000,-0.707953260,0.160424097,5.145906363,-1.392146066,-1.068518916,0.331021440,5.108060367,-1.399038598,-0.360565656,0.170597342,-0.037845996,-0.006892532
27.810000000,-0.716572181,0.134036314,5.143245483,-1.403908075,-1.088505095,0.302320750,5.108232966,-1.410247891,-0.371932914,0.168284436,-0.035012517,-0.006339816
27.840000000,-0.722918661,0.114316152,5.134558635,-1.411480987,-1.103452626,0.280830377,5.108305949,-1.418622482,-0.380533965,0.166514225,-0.026252686,-0.007141495
27.870000000,-0.729156833,0.094693559,5.136599354,-1.419880987,-1.118369978,0.259335070,5.108345657,-1.426983835,-0.389213145,0.164641512,-0.028253697,-0.007102848
27.910000000,-0.737332817,0.068614944,5.140796775,-1.431180992,-1.138198969,0.230564011,5.108354127,-1.438183584,-0.400866152,0.161949067,-0.032442648,-0.007002592
27.940000000,-0.743341404,0.049083573,5.146197953,-1.439854975,-1.153035511,0.208924609,5.108318998,-1.446612263,-0.409694107,0.159841036,-0.037878955,-0.006757288
27.970000000,-0.749252322,0.029595718,5.148411674,-1.448269975,-1.167857991,0.187297713,5.108277010,-1.455009445,-0.418605668,0.157701994,-0.040134664,-0.006739470
28.010000000,-0.827817045,-0.059390996,5.138168504,-1.460644186,-1.187601095,0.158477048,5.108165442,-1.466141705,-0.359784050,0.217868044,-0.030003063,-0.005497518
28.040000000,-0.834544519,-0.079619060,5.143168728,-1.469189356,-1.202388943,0.136784902,5.108052982,-1.474530259,-0.367844424,0.216403962,-0.035115746,-0.005340903
28.070000000,-0.841176739,-0.099813376,5.145116037,-1.477666856,-1.217164796,0.115023788,5.107887315,-1.482964329,-0.375988057,0.214837165,-0.037228722,-0.005297473
28.110000000,-0.849864537,-0.126694436,5.143164811,-1.489228735,-1.236859050,0.085984050,5.107625686,-1.494181436,-0.386994514,0.212678486,-0.035539125,-0.004952702
28.140000000,-0.856263396,-0.146783455,5.131820023,-1.497576587,-1.251628137,0.064222381,5.107379093,-1.502528625,-0.395364742,0.211005837,-0.024440930,-0.004952039
28.170000000,-0.862549968,-0.166811692,5.133229206,-1.506206587,-1.266390477,0.042423887,5.107118739,-1.510886020,-0.403840509,0.209235579,-0.026110467,-0.004679434
28.210000000,-0.870770633,-0.193433842,5.136471654,-1.519210589,-1.286052891,0.013224453,5.106707099,-1.522112823,-0.415282259,0.206658295,-0.029764555,-0.002902234
28.240000000,-0.876810691,-0.213346307,5.125483206,-1.527365418,-1.300786342,-0.008716083,5.106373417,-1.530532164,-0.423975651,0.204630224,-0.019109790,-0.003166746
28.270000000,-0.882743753,-0.233200660,5.126597419,-1.535690418,-1.315513247,-0.030638388,5.106024753,-1.538905667,-0.432769494,0.202562272,-0.020572666,-0.003215250
28.310000000,-0.890507425,-0.259546862,5.135410413,-1.546860707,-1.335139395,-0.059891349,5.105527098,-1.550038207,-0.444631970,0.199655513,-0.029883316,-0.003177500
28.350000000,-0.898113821,-0.285790759,5.136383233,-1.556411406,-1.354759297,-0.089287428,5.104998339,-1.561261080,-0.456645476,0.196503330,-0.031384893,-0.004849673
28.370000000,-0.901857742,-0.298891449,5.137289352,-1.562213906,-1.364570001,-0.104021872,5.104715243,-1.566890638,-0.462712259,0.194869578,-0.032574109,-0.004676731
28.410000000,-0.909210084,-0.325029412,5.139953706,-1.573027918,-1.384198933,-0.133470194,5.104120754,-1.578077593,-0.474988849,0.191559218,-0.035832952,-0.005049675
28.440000000,-0.914616506,-0.344557343,5.131180226,-1.582329652,-1.398930861,-0.155552260,5.103628594,-1.586414155,-0.484314355,0.189005083,-0.027551632,-0.004084502
28.470000000,-0.919931107,-0.363998924,5.132283188,-1.590972152,-1.413673374,-0.177690657,5.103125516,-1.594786982,-0.493742268,0.186308267,-0.029157672,-0.003814830
28.510000000,-1.032949890,-0.400101077,5.132797202,-1.602091016,-1.433355217,-0.207330918,5.102374686,-1.606050810,-0.400405327,0.192770159,-0.030422516,-0.003959793
28.540000000,-1.040011585,-0.419288620,5.128096298,-1.610106500,-1.448138581,-0.229568648,5.101793348,-1.614463367,-0.408126997,0.189719972,-0.026302951,-0.004356866
28.570000000,-1.046976646,-0.438403042,5.128989046,-1.618484000,-1.462940161,-0.251784195,5.101184734,-1.622813488,-0.415963515,0.186618847,-0.027804312,-0.004329488
28.610000000,-1.056121796,-0.463765546,5.134605129,-1.628932627,-1.482716316,-0.281457649,5.100349942,-1.633965353,-0.426594520,0.182307897,-0.034255187,-0.005032726
28.640000000,-1.062876910,-0.482743262,5.128734142,-1.637105297,-1.497575584,-0.303807712,5.099678325,-1.642414001,-0.434698674,0.178935550,-0.029055816,-0.005308704
28.670000000,-1.069554823,-0.501685659,5.129561580,-1.645600297,-1.512442716,-0.326185739,5.098984499,-1.650859130,-0.442887893,0.175499920,-0.030577081,-0.005258833
28.710000000,-1.078318549,-0.526874836,5.122024322,-1.656544411,-1.532253040,-0.355986000,5.098014960,-1.662041755,-0.453934491,0.170888836,-0.024009361,-0.005497344
28.740000000,-1.084784208,-0.545682494,5.121467366,-1.663376095,-1.547091702,-0.378352005,5.097268502,-1.670421697,-0.462307493,0.167330489,-0.024198864,-0.007045603
28.770000000,-1.091154761,-0.564424069,5.122049512,-1.671523595,-1.561917964,-0.400785147,5.096514569,-1.678822392,-0.470763202,0.163638922,-0.025534942,-0.007298797
28.810000000,-1.099493292,-0.589335128,5.112261852,-1.683576625,-1.581661998,-0.430786206,5.095470085,-1.690042512,-0.482168706,0.158548922,-0.016791767,-0.006465886
28.840000000,-1.105639004,-0.607951143,5.108982698,-1.692640640,-1.596447080,-0.453266023,5.094686905,-1.698430635,-0.490808076,0.154685120,-0.014295793,-0.005789994
28.870000000,-1.111690922,-0.626489074,5.109204717,-1.700940640,-1.611219786,-0.475730502,5.093891727,-1.706794818,-0.499528863,0.150758572,-0.015312991,-0.005854178
28.910000000,-1.119634765,-0.651121470,5.099487929,-1.712213882,-1.630917288,-0.505763252,5.092858215,-1.717975656,-0.511282524,0.145358219,-0.006629714,-0.005761773
28.940000000,-1.125496099,-0.669551016,5.100602473,-1.720512679,-1.645700568,-0.528363415,5.092066608,-1.726406000,-0.520204469,0.141187602,-0.008535865,-0.005893321
28.970000000,-1.131265119,-0.687959991,5.100648597,-1.728962679,-1.660487256,-0.550960379,5.091290228,-1.734821999,-0.529222137,0.136999612,-0.009358369,-0.005859320
29.010000000,-1.447910966,-0.684146690,5.096160718,-1.739778999,-1.680208596,-0.581034048,5.090254538,-1.745962715,-0.232297630,0.103112641,-0.005906180,-0.006183716
29.040000000,-1.459984372,-0.701604332,5.096876679,-1.748312324,-1.695021765,-0.603619409,5.089504665,-1.754328074,-0.235037393,0.097984923,-0.007372014,-0.006015750
29.070000000,-1.471963649,-0.719017785,5.096928419,-1.756582324,-1.709861174,-0.626263773,5.088749793,-1.762735424,-0.237897525,0.092754012,-0.008178626,-0.006153100
29.110000000,-1.487811534,-0.742191044,5.100767939,-1.767778885,-1.729675343,-0.656487167,5.087734453,-1.773956077,-0.241863809,0.085703877,-0.013033486,-0.006177191
29.140000000,-1.499596890,-0.759531316,5.097747361,-1.775824498,-1.744506019,-0.679110356,5.086962998,-1.782354702,-0.244909129,0.080420960,-0.010784364,-0.006530204
29.160000000,-1.507403860,-0.771048585,5.097865953,-1.781536998,-1.754359287,-0.694191469,5.086445296,-1.787977528,-0.246955428,0.076857116,-0.011420658,-0.006440530
29.210000000,-1.526783107,-0.799716631,5.097992414,-1.794999747,-1.778791674,-0.732022486,5.085148457,-1.801942712,-0.252008568,0.067694144,-0.012843957,-0.006942965
29.230000000,-1.534483386,-0.811150579,5.087693532,-1.800816376,-1.788441671,-0.747218568,5.084609476,-1.807419921,-0.253958286,0.063932011,-0.003084056,-0.006603545
29.270000000,-1.549774067,-0.833959522,5.087599671,-1.811888876,-1.807455281,-0.777633328,5.083539755,-1.818505170,-0.257681215,0.056326194,-0.004059916,-0.006616294
29.310000000,-1.564899570,-0.856665015,5.079980805,-1.823637094,-1.826049316,-0.808076393,5.082444949,-1.829906539,-0.261149746,0.048588621,0.002464144,-0.006269445
29.340000000,-1.576148348,-0.873625513,5.076339188,-1.831448098,-1.839715302,-0.831017985,5.081642037,-1.838297388,-0.263566953,0.042607528,0.005302849,-0.006849290
29.370000000,-1.587323652,-0.890544991,5.076060938,-1.839823098,-1.853181625,-0.854053832,5.080824788,-1.846495270,-0.265857972,0.036491159,0.004763851,-0.006672172
29.410000000,-1.602109241,-0.913048861,5.072596615,-1.851022213,-1.870746779,-0.884842201,5.079758190,-1.857541059,-0.268637538,0.028206661,0.007161574,-0.006518846
29.440000000,-1.613118070,-0.929872162,5.067733323,-1.859368680,-1.883622050,-0.907949183,5.078962992,-1.866088239,-0.270503980,0.021922980,0.011229669,-0.006719559
29.470000000,-1.624039702,-0.946624497,5.067390630,-1.867953680,-1.896296488,-0.931114295,5.078195845,-1.874608663,-0.272256787,0.015510202,0.010805216,-0.006654983
29.510000000,-1.598689278,-1.069957727,5.068361078,-1.877533170,-1.912856012,-0.962174709,5.077181390,-1.885615824,-0.314166734,0.107783018,0.008820311,-0.008082654
29.540000000,-1.607708613,-1.088883167,5.068761849,-1.886634046,-1.925008991,-0.985543927,5.076435279,-1.893861275,-0.317300379,0.103339239,0.007673430,-0.007227229
29.570000000,-1.616660716,-1.107742658,5.068631688,-1.895259046,-1.936956416,-1.008918778,5.075702015,-1.902305438,-0.320295700,0.098823880,0.007070327,-0.007046391
29.610000000,-1.628481767,-1.132786940,5.075411487,-1.906591272,-1.952536810,-1.040143383,5.074742452,-1.913690817,-0.324055043,0.092643556,-0.000669035,-0.007099545
29.640000000,-1.637268424,-1.151497320,5.073105960,-1.914484252,-1.964004853,-1.063679804,5.074033657,-1.922006191,-0.326736428,0.087817517,0.000927697,-0.007521939
29.660000000,-1.643092751,-1.163953367,5.073147158,-1.920129252,-1.971565914,-1.079412406,5.073550518,-1.927491666,-0.328473163,0.084540960,0.000403359,-0.007362414
29.710000000,-1.657504547,-1.195059728,5.074185370,-1.934533389,-1.990160067,-1.118768608,5.072341018,-1.941395526,-0.332655520,0.076291120,-0.001844352,-0.006862137
29.740000000,-1.666053876,-1.213667241,5.053217744,-1.943836357,-2.001113929,-1.142373552,5.071600388,-1.949870869,-0.335060054,0.071293690,0.018382643,-0.006034511
29.770000000,-1.674520720,-1.232203024,5.052738654,-1.952298857,-2.011982425,-1.166019685,5.070874384,-1.958280939,-0.337461704,0.066183339,0.018135730,-0.005982081
29.810000000,-1.685702836,-1.256820780,5.047479949,-1.963580674,-2.026354292,-1.197634667,5.069874778,-1.969373870,-0.340651456,0.059186113,0.022394829,-0.005793196
29.840000000,-1.694030445,-1.275244127,5.045368453,-1.972357807,-2.037029674,-1.221324289,5.069151083,-1.977743307,-0.342999229,0.053919838,0.023782630,-0.005385501
29.870000000,-1.702274742,-1.293606672,5.044841280,-1.980947807,-2.047626246,-1.244963374,5.068445316,-1.986169428,-0.345351504,0.048643298,0.023604036,-0.005221621
29.910000000,-1.713149543,-1.317977686,5.044910538,-1.991234587,-2.061657803,-1.276460150,5.067587301,-1.997390127,-0.348508260,0.041517536,0.022676763,-0.006155539
29.940000000,-1.721250051,-1.336191838,5.046459177,-1.999777750,-2.072140873,-1.300109890,5.066981784,-2.005754938,-0.350890822,0.036081948,0.020522607,-0.005977188
29.970000000,-1.729312406,-1.354381356,5.046243432,-2.008047750,-2.082582711,-1.323737031,5.066409365,-2.014120442,-0.353270305,0.030644325,0.020165933,-0.006072692
30.010000000,-1.835221494,-1.488184025,5.042478354,-2.018964319,-2.096397187,-1.355101832,5.065709323,-2.025320202,-0.261175693,0.133082193,0.023230969,-0.006355884
30.040000000,-1.844945180,-1.508487637,5.039489223,-2.027477425,-2.106698272,-1.378544994,5.065233353,-2.033722458,-0.261753092,0.129942643,0.025744130,-0.006245032
30.070000000,-1.854580158,-1.528736159,5.039326238,-2.035632425,-2.116983398,-1.401972888,5.064798285,-2.042110295,-0.262403240,0.126763272,0.025472047,-0.006477870
30.110000000,-1.867360123,-1.555700377,5.044137489,-2.046865104,-2.130658037,-1.433142132,5.064258293,-2.053285093,-0.263297914,0.122558245,0.020120804,-0.006419989
30.140000000,-1.876904981,-1.575883976,5.042836205,-2.055011321,-2.140838267,-1.456369409,5.063917449,-2.061671832,-0.263933286,0.119514567,0.021081245,-0.006660511
30.170000000,-1.886392687,-1.595998528,5.043012746,-2.063768821,-2.150955254,-1.479473306,5.063606879,-2.070059916,-0.264562567,0.116525223,0.020594133,-0.006291095
30.210000000,-1.898947095,-1.622724366,5.052304483,-2.074648412,-2.164370045,-1.510134865,5.063289480,-2.081234684,-0.265422951,0.112589501,0.010984997,-0.006586272
30.240000000,-1.908311466,-1.642729412,5.060951458,-2.083777296,-2.174379469,-1.533033191,5.063080784,-2.089604684,-0.266068003,0.109696221,0.002129326,-0.005827388
30.270000000,-1.917632855,-1.662695801,5.061905264,-2.092514796,-2.184318437,-1.555800156,5.062913812,-2.097975790,-0.266685581,0.106895645,0.001008547,-0.005460994
30.310000000,-1.929973939,-1.689217311,5.061273627,-2.104005128,-2.197404487,-1.585843125,5.062720803,-2.109139638,-0.267430548,0.103374187,0.001447177,-0.005134511
30.340000000,-1.939164643,-1.709022206,5.062549369,-2.113664560,-2.207125601,-1.608182182,5.062612518,-2.117508745,-0.267960958,0.100840024,0.000063148,-0.003844186
30.370000000,-1.948295837,-1.728786747,5.063622043,-2.121699560,-2.216800285,-1.630407211,5.062507782,-2.125887650,-0.268504449,0.098379536,-0.001114261,-0.004188090
30.420000000,-1.963403132,-1.761683312,5.066489045,-2.135827328,-2.232732613,-1.666998479,5.062348542,-2.139868011,-0.269329480,0.094684834,-0.004140503,-0.004040683
30.440000000,-1.969408652,-1.774820573,5.061025186,-2.142536940,-2.239020835,-1.681442838,5.062290096,-2.145440302,-0.269612183,0.093377736,0.001264909,-0.002903362
30.470000000,-1.978366146,-1.794467148,5.062087605,-2.150929440,-2.248377051,-1.702919056,5.062211326,-2.153781192,-0.270010905,0.091548091,0.000123721,-0.002851751
30.510000000,-1.945431621,-1.865588724,5.060251849,-2.162273909,-2.260747222,-1.731217865,5.062138667,-2.164961848,-0.315315601,0.134370859,0.001886818,-0.002687940
30.540000000,-1.952911084,-1.885825688,5.070692163,-2.171032540,-2.269936709,-1.752155477,5.062084522,-2.173395043,-0.317025625,0.133670211,-0.008607641,-0.002362503
30.570000000,-1.960350306,-1.906038318,5.072119238,-2.179377540,-2.279025347,-1.772817139,5.062067217,-2.181761902,-0.318675041,0.133221179,-0.010052022,-0.002384362
30.610000000,-1.970214894,-1.932919055,5.068618377,-2.190706653,-2.290928313,-1.799817993,5.062151168,-2.192779373,-0.320713418,0.133101062,-0.006467209,-0.002072720
30.640000000,-1.977586465,-1.953036166,5.084778119,-2.199237676,-2.299668158,-1.819683757,5.062300478,-2.200997242,-0.322081693,0.133352409,-0.022477640,-0.001759566
30.670000000,-1.984956757,-1.973144653,5.086825958,-2.207435176,-2.308213629,-1.839263245,5.062489415,-2.209139014,-0.323256872,0.133881408,-0.024336543,-0.001703838
30.710000000,-1.994752659,-1.999940147,5.088737912,-2.217956524,-2.319082414,-1.864772137,5.062850215,-2.219905397,-0.324329755,0.135168010,-0.025887697,-0.001948873
30.740000000,-2.002057024,-2.019996147,5.081362955,-2.226271257,-2.326741078,-1.883443697,5.063161866,-2.228040495,-0.324684054,0.136552450,-0.018201089,-0.001769238
30.770000000,-2.009327896,-2.040011291,5.083409928,-2.234683757,-2.334020050,-1.901809676,5.063514427,-2.236135665,-0.324692154,0.138201614,-0.019895502,-0.001451908
30.810000000,-2.019002189,-2.066687023,5.088215224,-2.244596955,-2.342989814,-1.925742418,5.064027481,-2.246713024,-0.323987625,0.140944605,-0.024187744,-0.002116069
30.840000000,-2.026243808,-2.086699238,5.096153294,-2.252862846,-2.349090027,-1.943195455,5.064463683,-2.254701698,-0.322846219,0.143503783,-0.031689611,-0.001838851
30.870000000,-2.033456109,-2.106686892,5.098703066,-2.261097846,-2.354700170,-1.960237449,5.064920222,-2.262840013,-0.321244061,0.146449443,-0.033782843,-0.001742167
30.910000000,-2.043011298,-2.133270109,5.087651975,-2.271363639,-2.361305045,-1.982199153,5.065568249,-2.273753275,-0.318293747,0.151070956,-0.022083726,-0.002389636
30.940000000,-2.050149154,-2.153182786,5.083746668,-2.278883029,-2.365633126,-1.998095118,5.066063579,-2.281862679,-0.315483972,0.155087668,-0.017683088,-0.002979649
30.970000000,-2.057290306,-2.173097301,5.085910339,-2.287023029,-2.369489965,-2.013523473,5.066560190,-2.289995373,-0.312199658,0.159573828,-0.019350149,-0.002972343
31.010000000,-2.030842068,-2.187671182,5.075212429,-2.297863743,-2.373711675,-2.033116676,5.067252541,-2.300969699,-0.342869607,0.154554506,-0.007959887,-0.003105956
31.040000000,-2.037096602,-2.207051060,5.064229470,-2.307324091,-2.376198773,-2.047045803,5.067790275,-2.309226792,-0.339102171,0.160005257,0.003560805,-0.001902702
31.070000000,-2.043321549,-2.226420556,5.065876354,-2.315749091,-2.378222009,-2.060424807,5.068356219,-2.317494285,-0.334900460,0.165995750,0.002479865,-0.001745194
31.110000000,-2.051616949,-2.252267874,5.063964435,-2.327175882,-2.380067227,-2.077206808,5.069119723,-2.328601402,-0.328450279,0.175061066,0.005155288,-0.001425520
31.140000000,-2.057838896,-2.271691530,5.070755610,-2.336300875,-2.380761003,-2.088908678,5.069714844,-2.336935933,-0.322922106,0.182782852,-0.001040766,-0.000635058
31.170000000,-2.064043744,-2.291127737,5.072721832,-2.344350875,-2.380945951,-2.099937857,5.070301685,-2.345220262,-0.316902207,0.191189879,-0.002420148,-0.000869387
31.210000000,-2.072305542,-2.317052967,5.071048698,-2.356230551,-2.380315927,-2.113430734,5.071079634,-2.356313333,-0.308010385,0.203622233,0.000030937,-0.000082783
31.240000000,-2.078506779,-2.336521887,5.064416437,-2.364665880,-2.379209811,-2.122636204,5.071614283,-2.364785150,-0.300703032,0.213885683,0.007197846,-0.000119271
31.270000000,-2.084729001,-2.356035399,5.066142185,-2.373215880,-2.377613773,-2.131129662,5.072117993,-2.373267395,-0.292884772,0.224905737,0.005975808,-0.000051516
31.310000000,-2.093044350,-2.382072382,5.059424136,-2.384266960,-2.374546813,-2.141081664,5.072697804,-2.384352434,-0.281502463,0.240990718,0.013273668,-0.000085474
31.340000000,-2.099285037,-2.401615083,5.056948467,-2.393421690,-2.371573102,-2.147525931,5.073077248,-2.392651926,-0.272288065,0.254089152,0.016128780,0.000769763
31.370000000,-2.105540600,-2.421192454,5.058399670,-2.401664190,-2.368136105,-2.153244482,5.073417154,-2.401124584,-0.262595505,0.267947972,0.015017484,0.000539606
31.410000000,-2.113919016,-2.447345873,5.078811901,-2.412670337,-2.362667217,-2.159494055,5.073786226,-2.412573024,-0.248748201,0.287851818,-0.005025675,0.000097314
31.440000000,-2.120238021,-2.466999521,5.074266749,-2.420711654,-2.357845583,-2.163096142,5.073990860,-2.420937850,-0.237607563,0.303903379,-0.000275890,-0.000226196
31.470000000,-2.126573502,-2.486684378,5.076207920,-2.429256654,-2.352505229,-2.165915321,5.074118952,-2.429182447,-0.225931726,0.320769056,-0.002088968,0.000074207
31.510000000,-2.125169261,-2.502456004,5.080288055,-2.441143586,-2.344491136,-2.168295869,5.074141730,-2.440424219,-0.219321876,0.334160134,-0.006146325,0.000719367
31.540000000,-2.131418170,-2.521890334,5.079675296,-2.449329557,-2.337804657,-2.169052035,5.074020637,-2.449059193,-0.206386487,0.352838299,-0.005654659,0.000270363
31.570000000,-2.137711713,-2.541379298,5.081564120,-2.457979557,-2.330583468,-2.169029696,5.073814906,-2.457574895,-0.192871755,0.372349602,-0.007749214,0.000404662
31.610000000,-2.146179339,-2.567449219,5.076470682,-2.469427191,-2.319950740,-2.167571497,5.073345502,-2.468579655,-0.173771402,0.399877722,-0.003125179,0.000847536
31.640000000,-2.152580962,-2.587046542,5.075843853,-2.476927851,-2.311262964,-2.165455555,5.072879667,-2.476944076,-0.158682002,0.421590987,-0.002964186,-0.000016225
31.670000000,-2.159040513,-2.606700093,5.077409165,-2.485007851,-2.302070518,-2.162620027,5.072322951,-2.485524892,-0.143030004,0.444080065,-0.005086213,-0.000517041
31.710000000,-2.167757843,-2.633014425,5.081623940,-2.495581700,-2.288819535,-2.157489346,5.071448871,-2.496947651,-0.121061692,0.475525079,-0.010175069,-0.001365951
31.740000000,-2.174355226,-2.652805367,5.075869412,-2.505169614,-2.278090969,-2.152619924,5.070670010,-2.505236545,-0.103735744,0.500185443,-0.005199402,-0.000066930
31.770000000,-2.180999360,-2.672647843,5.077276516,-2.513469614,-2.266806807,-2.147039258,5.069806296,-2.513496377,-0.085807448,0.525608585,-0.007470221,-0.000026763
31.810000000,-2.189941532,-2.699206182,5.068323477,-2.524819940,-2.250793789,-2.138365270,5.068498463,-2.524843394,-0.060852257,0.560840912,0.000174987,-0.000023454
31.840000000,-2.196752181,-2.719201407,5.064671216,-2.533584758,-2.238027164,-2.130940940,5.067403872,-2.533431699,-0.041274983,0.588260467,0.002732655,0.000153059
31.860000000,-2.201326912,-2.732580373,5.065273451,-2.539137258,-2.229171888,-2.125595254,5.066629058,-2.539058834,-0.027844976,0.606985119,0.001355607,0.000078424
31.910000000,-2.212883924,-2.766153781,5.067030823,-2.553286672,-2.205790280,-2.110832700,5.064500344,-2.552856855,0.007093644,0.655321082,-0.002530479,0.000429818
31.940000000,-2.219901010,-2.786396744,5.068723449,-2.562641065,-2.190884091,-2.100991002,5.063118367,-2.561297413,0.029016919,0.685405742,-0.005605082,0.001343653
31.970000000,-2.226989091,-2.806737036,5.069663381,-2.571158565,-2.175438462,-2.090557916,5.061664940,-2.569875030,0.051550629,0.716179120,-0.007998441,0.001283535
32.010000000,-2.047848098,-2.630223448,5.066586830,-2.582040401,-2.153784158,-2.075542508,5.059609370,-2.581154474,-0.105936060,0.554680939,-0.006977459,0.000885927
32.040000000,-2.050924856,-2.646157381,5.063810682,-2.590935953,-2.136739523,-2.063471297,5.057938610,-2.589416912,-0.085814667,0.582686084,-0.005872072,0.001519041
32.070000000,-2.054078422,-2.662169177,5.064481791,-2.599325953,-2.119149500,-2.050850504,5.056199126,-2.597736657,-0.065071078,0.611318673,-0.008282666,0.001589295
32.110000000,-2.058426626,-2.683649601,5.063853452,-2.611565708,-2.094740103,-2.033072691,5.053748153,-2.609104926,-0.036313477,0.650576910,-0.010105299,0.002460782
32.140000000,-2.061832819,-2.699885134,5.056450890,-2.620891267,-2.075667899,-2.019029361,5.051838334,-2.617593288,-0.013835080,0.680855773,-0.004612556,0.003297979
32.170000000,-2.065337381,-2.716224892,5.056789323,-2.629628767,-2.056011855,-2.004478283,5.049859124,-2.625931803,0.009325526,0.711746609,-0.006930200,0.003696964
32.210000000,-2.070155518,-2.738158546,5.061854257,-2.640600983,-2.028786532,-1.984220982,5.047106068,-2.637004407,0.041368986,0.753937565,-0.014748190,0.003596575
32.240000000,-2.073885792,-2.754730818,5.068172867,-2.650003047,-2.007665700,-1.968448863,5.044982676,-2.645462595,0.066220092,0.786281955,-0.023190191,0.004540451
32.270000000,-2.077735990,-2.771420609,5.068882697,-2.658325547,-1.986026277,-1.952262190,5.042823941,-2.653964987,0.091709713,0.819158419,-0.026058756,0.004360560
32.310000000,-2.083055420,-2.793866580,5.071848976,-2.670431298,-1.956169855,-1.929903674,5.039873380,-2.665122234,0.126885565,0.863962906,-0.031975596,0.005309063
32.340000000,-2.087149684,-2.810827465,5.067426870,-2.678812806,-1.933058967,-1.912579928,5.037574764,-2.673390953,0.154090717,0.898247537,-0.029852106,0.005421853
32.370000000,-2.091338275,-2.827887597,5.068089928,-2.687327806,-1.909480967,-1.894886823,5.035238963,-2.681741111,0.181857307,0.933000774,-0.032850966,0.005586695
32.410000000,-2.097094236,-2.850820461,5.062067297,-2.698991732,-1.877215968,-1.870646894,5.032054760,-2.693043802,0.219878267,0.980173568,-0.030012536,0.005947930
32.430000000,-2.100069660,-2.862371150,5.056335757,-2.705380691,-1.860721698,-1.858256110,5.030456108,-2.698655412,0.239347963,1.004115040,-0.025879650,0.006725279
32.470000000,-2.106177532,-2.885634029,5.056798288,-2.716418191,-1.827001260,-1.832946124,5.027203564,-2.709698341,0.279176272,1.052687905,-0.029594724,0.006719850
32.510000000,-1.969027813,-2.492000593,5.050349647,-2.727486068,-1.792408888,-1.807003694,5.023932418,-2.720771729,0.176618925,0.684996899,-0.026417229,0.006714339
32.540000000,-1.971049201,-2.500792524,5.051064577,-2.736181083,-1.765923746,-1.787158248,5.021480155,-2.729210775,0.205125455,0.713634276,-0.029584421,0.006970308
32.570000000,-1.973206930,-2.509717207,5.051381331,-2.744171083,-1.739021686,-1.767031413,5.019050861,-2.737630025,0.234185244,0.742685793,-0.032330470,0.006541058
32.610000000,-1.976308601,-2.521798554,5.046570578,-2.755195485,-1.702350092,-1.739697493,5.015810711,-2.748698074,0.273958509,0.782101061,-0.030759867,0.006497411
32.640000000,-1.978792696,-2.530995430,5.050337008,-2.763474064,-1.674286505,-1.718896966,5.013380903,-2.757013808,0.304506192,0.812098464,-0.036956105,0.006460256
32.670000000,-1.981418553,-2.540299086,5.050768759,-2.771844064,-1.645849345,-1.697943141,5.010969107,-2.765383954,0.335569208,0.842355945,-0.039799652,0.006460110
32.710000000,-1.985170527,-2.552885628,5.047238013,-2.782724696,-1.607211460,-1.669806344,5.007808405,-2.776552646,0.377959068,0.883079284,-0.039429608,0.006172050
32.740000000,-1.988138476,-2.562470166,5.055416812,-2.790601749,-1.577643881,-1.648593765,5.005473771,-2.784982710,0.410494595,0.913876401,-0.049943041,0.005619039
32.770000000,-1.991230031,-2.572174155,5.056191742,-2.799179249,-1.547671863,-1.627326265,5.003149073,-2.793449561,0.443558168,0.944847891,-0.053042668,0.005729689
32.810000000,-1.995564445,-2.585291103,5.054126574,-2.810982482,-1.507079335,-1.598910386,5.000114544,-2.804672209,0.488485110,0.986380717,-0.054012030,0.006310273
32.840000000,-1.998995613,-2.595277676,5.049561966,-2.819856747,-1.476198741,-1.577554983,4.997879771,-2.813042517,0.522796872,1.017722693,-0.051682195,0.006814230
32.870000000,-2.002595278,-2.605413794,5.050319260,-2.828096747,-1.444979528,-1.556151521,4.995691132,-2.821422473,0.557615750,1.049262272,-0.054628128,0.006674274
32.910000000,-2.007593740,-2.619148985,5.048175813,-2.837656993,-1.402754955,-1.527520602,4.992814952,-2.832599526,0.604838785,1.091628384,-0.055360861,0.005057466
32.940000000,-2.011492553,-2.629601327,5.029091381,-2.845392841,-1.370727593,-1.506001798,4.990723803,-2.840959070,0.640764960,1.123599529,-0.038367578,0.004433771
32.970000000,-2.015549234,-2.640191193,5.029390246,-2.853852841,-1.338480683,-1.484461893,4.988677984,-2.849308157,0.677068550,1.155729300,-0.040712262,0.004544684
33.010000000,-1.554068576,-2.439246898,5.014877847,-2.864332653,-1.295049117,-1.455694581,4.986065776,-2.860440960,0.259019459,0.983552317,-0.028812071,0.003891693
33.030000000,-1.550345087,-2.443989180,5.009729354,-2.869843425,-1.273143062,-1.441289294,4.984803384,-2.866009707,0.277202026,1.002699886,-0.024925970,0.003833718
33.070000000,-1.543078686,-2.453650084,5.009754173,-2.880870925,-1.229017246,-1.412458877,4.982379140,-2.877131240,0.314061439,1.041191208,-0.027375032,0.003739684
33.110000000,-1.536068427,-2.463548875,5.004787193,-2.891928743,-1.184596076,-1.383636236,4.980105465,-2.888238148,0.351472351,1.079912639,-0.024681729,0.003690595
33.140000000,-1.531025839,-2.471137862,5.007333288,-2.900387035,-1.151091606,-1.362012690,4.978514102,-2.896571586,0.379934233,1.109125173,-0.028819186,0.003815449
33.170000000,-1.526142719,-2.478865044,5.007677302,-2.908954535,-1.117435210,-1.340362131,4.977007994,-2.904881411,0.408707510,1.138502912,-0.030669307,0.004073124
33.210000000,-1.519855845,-2.489371858,5.013912699,-2.919731583,-1.072345053,-1.311423677,4.975111097,-2.915888769,0.447510793,1.177948181,-0.038801602,0.003842814
33.240000000,-1.515307892,-2.497416029,5.011552248,-2.927836284,-1.038461966,-1.289666036,4.973783984,-2.924181771,0.476845926,1.207749993,-0.037768264,0.003654513
33.270000000,-1.510933790,-2.505592060,5.012281760,-2.936118784,-1.004552784,-1.267867334,4.972514099,-2.932525928,0.506381006,1.237724726,-0.039767661,0.003592856
33.310000000,-1.505366790,-2.516697599,5.011645790,-2.947592350,-0.959248582,-1.238717803,4.970944697,-2.943606203,0.546118208,1.277979796,-0.040701094,0.003986147
33.340000000,-1.501364009,-2.525164787,5.022611666,-2.957249842,-0.925211667,-1.216801935,4.969829780,-2.951854684,0.576152342,1.308362853,-0.052781886,0.005395158
33.370000000,-1.497524083,-2.533754857,5.023939323,-2.965367342,-0.891186465,-1.194864835,4.968780848,-2.960129313,0.606337617,1.338890022,-0.055158475,0.005238029
33.410000000,-1.492681357,-2.545405149,5.011065348,-2.976026081,-0.845906474,-1.165602727,4.967490394,-2.971259281,0.646774883,1.379802423,-0.043574954,0.004766800
33.440000000,-1.489262988,-2.554298437,5.009592882,-2.983980405,-0.811986227,-1.143652628,4.966616220,-2.979601492,0.677276760,1.410645808,-0.042976661,0.004378913
33.470000000,-1.486010590,-2.563336384,5.010757267,-2.992312905,-0.778081051,-1.121703432,4.965793221,-2.987905345,0.707929539,1.441632952,-0.044964046,0.004407560
33.510000000,-1.065690692,-2.124680103,5.001024724,-3.003458770,-0.732979418,-1.092460781,4.964822207,-2.998972926,0.332711274,1.032219322,-0.036202517,0.004485844
33.540000000,-1.054693203,-2.128184905,5.003960655,-3.011318103,-0.699307174,-1.070563807,4.964204222,-3.007322181,0.355386028,1.057621098,-0.039756434,0.003995922
33.570000000,-1.043872294,-2.131828307,5.005223028,-3.019683103,-0.665743609,-1.048695395,4.963670683,-3.015684284,0.378128685,1.083132912,-0.041552345,0.003998819
33.610000000,-1.029729365,-2.136881364,5.003110079,-3.030594714,-0.621144327,-1.019590878,4.963115194,-3.026794741,0.408585038,1.117290486,-0.039994886,0.003799973
33.640000000,-1.019299117,-2.140807672,5.011798958,-3.038388596,-0.587842039,-0.997814972,4.962787729,-3.035116378,0.431457077,1.142992700,-0.049011229,0.003272218
33.670000000,-1.009047629,-2.144853457,5.013568423,-3.046781096,-0.554701478,-0.976089831,4.962536397,-3.043457624,0.454346151,1.168763626,-0.051032026,0.003323472
33.710000000,-0.995670499,-2.150444200,5.021035941,-3.057802738,-0.510835800,-0.947229557,4.962316508,-3.054605289,0.484834698,1.203214643,-0.058719433,0.003197449
33.740000000,-0.985850144,-2.154781509,5.031214876,-3.066477407,-0.478137893,-0.925667007,4.962248284,-3.062961261,0.507712251,1.229114502,-0.068966592,0.003516146
33.770000000,-0.976207006,-2.159250572,5.033735078,-3.074897407,-0.445586339,-0.904166550,4.962219235,-3.071312793,0.530620667,1.255084022,-0.071515843,0.003584614
33.810000000,-0.963578461,-2.165427376,5.042927982,-3.085753661,-0.402545434,-0.875620763,4.962271959,-3.082454757,0.561033027,1.289806613,-0.080656023,0.003298904
33.840000000,-0.954300148,-2.170199502,5.037736484,-3.094002739,-0.370584909,-0.854304235,4.962357227,-3.090821262,0.583715239,1.315895268,-0.075379257,0.003181477
33.870000000,-0.945203734,-2.175105702,5.040442117,-3.102160239,-0.338836356,-0.833052351,4.962487163,-3.099189070,0.606367378,1.342053351,-0.077954955,0.002971169
33.910000000,-0.933337954,-2.181836840,5.036626221,-3.112821995,-0.296860359,-0.804830109,4.962720607,-3.110335263,0.636477595,1.377006730,-0.073905614,0.002486732
33.940000000,-0.924602734,-2.187024324,5.038706868,-3.121588559,-0.265699205,-0.783747980,4.962945665,-3.118693778,0.658903528,1.403276344,-0.075761203,0.002894782
33.970000000,-0.916031549,-2.192329275,5.041430393,-3.129993559,-0.234817286,-0.762726735,4.963211841,-3.127061579,0.681214262,1.429602540,-0.078218552,0.002931981
34.010000000,-0.546743573,-1.813461683,5.022471591,-3.141122044,-0.194138351,-0.734805646,4.963652315,-3.138228834,0.352605222,1.078656037,-0.058819276,0.002893210
34.040000000,-0.532109326,-1.813187464,5.023133755,3.133552026,-0.163957956,-0.713941209,4.964051329,3.136588782,0.368151371,1.099246255,-0.059082426,0.003036756
34.070000000,-0.517607594,-1.813030372,5.025414568,3.125594526,-0.134031641,-0.693130023,4.964484560,3.128227089,0.383575953,1.119900349,-0.060930009,0.002632563
34.110000000,-0.498520370,-1.813011050,5.020211076,3.114353670,-0.094686944,-0.665474036,4.965166174,3.117064972,0.403833426,1.147537015,-0.055044902,0.002711302
34.140000000,-0.484411735,-1.813111670,5.012744251,3.107322258,-0.065610853,-0.644796145,4.965744438,3.108680124,0.418800882,1.168315525,-0.046999813,0.001357865
34.170000000,-0.470475411,-1.813323990,5.014784052,3.099089758,-0.036815763,-0.624162420,4.966386931,3.100298391,0.433659648,1.189161570,-0.048397121,0.001208632
34.210000000,-0.452126099,-1.813794955,5.017306585,3.088585977,0.001073276,-0.596724782,4.967310039,3.089144162,0.453199375,1.217070173,-0.049996545,0.000558185
34.240000000,-0.438534017,-1.814280634,5.006954166,3.079700013,0.029044393,-0.576189995,4.968070324,3.080772803,0.467578410,1.238090639,-0.038883842,0.001072789
34.270000000,-0.425093815,-1.814883596,5.008867851,3.071680013,0.056663033,-0.555677563,4.968866439,3.072379750,0.481756848,1.259206033,-0.040001413,0.000699736
34.310000000,-0.407445802,-1.815859409,5.004065758,3.059520117,0.092893096,-0.528356281,4.970000312,3.061183408,0.500338898,1.287503128,-0.034065446,0.001663291
34.340000000,-0.394385312,-1.816719486,4.995113241,3.051139630,0.119657252,-0.507876703,4.970891269,3.052825550,0.514042564,1.308842783,-0.024221972,0.001685920
34.370000000,-0.381456272,-1.817696572,4.996724896,3.042824630,0.146095013,-0.487395716,4.971815036,3.044478456,0.527551285,1.330300856,-0.024909861,0.001653825
34.410000000,-0.364451131,-1.819183844,4.987235060,3.031780428,0.180673129,-0.460066439,4.973105345,3.033288738,0.545124260,1.359117405,-0.014129715,0.001508310
34.440000000,-0.351910198,-1.820440482,4.994636332,3.023801385,0.206121179,-0.439546077,4.974121934,3.024873353,0.558031377,1.380894406,-0.020514398,0.001071968
34.470000000,-0.339529143,-1.821820162,4.996366153,3.015538885,0.231253573,-0.419007491,4.975183881,3.016492372,0.570782716,1.402812671,-0.021182272,0.000953487
34.510000000,-0.026962878,-1.393858489,4.999542105,3.004814019,0.264168444,-0.391578896,4.976649343,3.005370787,0.291131322,1.002279593,-0.022892762,0.000556768
34.540000000,-0.009802315,-1.388186852,4.985851946,2.995777776,0.288343187,-0.370959147,4.977790183,2.996985469,0.298145502,1.017227706,-0.008061764,0.001207692
34.570000000,0.007194984,-1.382635720,4.987374528,2.987072776,0.312140845,-0.350299128,4.978939609,2.988559991,0.304945861,1.032336593,-0.008434919,0.001487215
34.610000000,0.029623226,-1.375408028,4.987644745,2.976243240,0.343253053,-0.322682122,4.980512174,2.977358391,0.313629826,1.052725906,-0.007132571,0.001115151
34.640000000,0.046288073,-1.370124738,4.992025185,2.968257540,0.366145963,-0.301916148,4.981704456,2.969012885,0.319857890,1.068208590,-0.010320729,0.000755344
34.670000000,0.062840727,-1.364970151,4.993763067,2.959862540,0.388681206,-0.281103919,4.982923880,2.960655289,0.325840479,1.083866231,-0.010839187,0.000792748
34.710000000,0.084703567,-1.358296572,5.000944786,2.948635116,0.418032337,-0.253260036,4.984562989,2.949430601,0.333328770,1.105036536,-0.016381797,0.000795485
34.740000000,0.100934056,-1.353420350,5.009773616,2.939174933,0.439568788,-0.232311071,4.985808896,2.941013794,0.338634732,1.121109279,-0.023964720,0.001838860
34.770000000,0.117046686,-1.348650522,5.012033529,2.930597433,0.460790959,-0.211316947,4.987053715,2.932641561,0.343744273,1.137333576,-0.024979814,0.002044128
34.810000000,0.138345271,-1.342473842,5.009092903,2.918917671,0.488472410,-0.183226113,4.988700005,2.921503743,0.350127139,1.159247728,-0.020392897,0.002586072
34.840000000,0.154165441,-1.337972833,4.997942475,2.910844863,0.508723272,-0.162065539,4.989913774,2.913089769,0.354557831,1.175907294,-0.008028702,0.002244906
34.870000000,0.169850263,-1.333580928,4.999690307,2.902362363,0.528618849,-0.140835857,4.991106070,2.904649282,0.358768587,1.192745071,-0.008584237,0.002286919
34.910000000,0.190561292,-1.327912569,4.993500556,2.891218149,0.554570271,-0.112410558,4.992691481,2.893462821,0.364008979,1.215502011,-0.000809075,0.002244672
34.940000000,0.205964875,-1.323806778,5.002765306,2.882111934,0.573601189,-0.090993941,4.993873189,2.885118170,0.367636313,1.232812837,-0.008892116,0.003006237
34.970000000,0.221261430,-1.319832238,5.004613358,2.873574434,0.592280608,-0.069491702,4.995067719,2.876737089,0.371019179,1.250340536,-0.009545639,0.003162655
35.010000000,0.395371712,-0.929320601,5.005727052,2.862639516,0.616541718,-0.040655633,4.996647921,2.865474992,0.221170006,0.888664968,-0.009079131,0.002835476
35.040000000,0.412467059,-0.919006516,5.012568488,2.854089429,0.634315873,-0.018912710,4.997835076,2.857064500,0.221848814,0.900093806,-0.014733411,0.002975071
35.070000000,0.429448947,-0.908796397,5.014613475,2.845736929,0.651803986,0.002913336,4.999000180,2.848710424,0.222355038,0.911709733,-0.015613296,0.002973495
35.100000000,0.446324734,-0.898700921,5.016910580,2.836962100,0.668900393,0.024858151,5.000152225,2.840348775,0.222575658,0.923559073,-0.016758355,0.003386675
35.140000000,0.468627785,-0.885414828,5.012674467,2.825731673,0.691143354,0.054288755,5.001647381,2.829105799,0.222515569,0.939703583,-0.011027086,0.003374127
35.170000000,0.485183559,-0.875568946,5.014564560,2.817351673,0.707448336,0.076477992,5.002743320,2.820661317,0.222264777,0.952046938,-0.011821239,0.003309644
35.210000000,0.507081849,-0.862606704,5.017510819,2.806549990,0.728708807,0.106209035,5.004166774,2.809506155,0.221626958,0.968815739,-0.013344044,0.002956165
35.240000000,0.523404735,-0.853041812,5.019260122,2.797703519,0.744263768,0.128630676,5.005214962,2.801151930,0.220859033,0.981672488,-0.014045160,0.003448411
35.270000000,0.539624032,-0.843604493,5.021215722,2.789441019,0.759502565,0.151159600,5.006249269,2.792735861,0.219878533,0.994764093,-0.014966453,0.003294842
35.310000000,0.561051027,-0.831207122,5.022682000,2.776917489,0.779283026,0.181396498,5.007586760,2.781451266,0.218231999,1.012603620,-0.015095240,0.004533777
35.340000000,0.576975545,-0.822044885,5.017080104,2.769107494,0.793784257,0.204212594,5.008564521,2.773070308,0.216808712,1.026257479,-0.008515583,0.003962814
35.370000000,0.592810211,-0.813008102,5.018803154,2.760732494,0.808044198,0.227137541,5.009507574,2.764746094,0.215233987,1.040145642,-0.009295580,0.004013600
35.410000000,0.613772729,-0.801141062,5.032477992,2.749272084,0.826548881,0.257944051,5.010732323,2.753556712,0.212776152,1.059085113,-0.021745669,0.004284629
35.440000000,0.629355839,-0.792377843,5.035806341,2.740269054,0.840050268,0.281237411,5.011610499,2.745073344,0.210694429,1.073615254,-0.024195842,0.004804290
35.470000000,0.644815861,-0.783726057,5.037974053,2.731961554,0.853323734,0.304654356,5.012478834,2.736632858,0.208507873,1.088380413,-0.025495220,0.004671304
35.510000000,0.797527869,-0.355937467,5.030264571,2.719768653,0.870641438,0.336094597,5.013560347,2.725533177,0.073113569,0.692032064,-0.016704224,0.005764524
35.540000000,0.814747804,-0.340077061,5.031438963,2.711329525,0.883298966,0.359863230,5.014323755,2.717171620,0.068551161,0.699940291,-0.017115208,0.005842095
35.570000000,0.831873109,-0.324326801,5.033237947,2.703334525,0.895698246,0.383779883,5.015035752,2.708714171,0.063825137,0.708106684,-0.018202196,0.005379646
35.610000000,0.854547475,-0.303489762,5.037035569,2.691864246,0.911825453,0.415914792,5.015923583,2.697423777,0.057277978,0.719404553,-0.021111985,0.005559530
35.640000000,0.871441197,-0.287988054,5.039062427,2.683245091,0.923674871,0.440176967,5.016541272,2.689078902,0.052233674,0.728165021,-0.022521155,0.005833811
35.670000000,0.888243388,-0.272609079,5.040913527,2.674952591,0.935331312,0.464564421,5.017125252,2.680761144,0.047087924,0.737173500,-0.023788275,0.005808553
35.710000000,0.910497730,-0.252276785,5.036802323,2.664290962,0.950465718,0.497339628,5.017839060,2.669528306,0.039967988,0.749616413,-0.018963263,0.005237344
35.740000000,0.927051103,-0.237151949,5.026425584,2.655771584,0.961539729,0.522103186,5.018314334,2.661050834,0.034488626,0.759255135,-0.008111250,0.005279250
35.770000000,0.943502848,-0.222153634,5.027666380,2.647391584,0.972457866,0.546978135,5.018760062,2.652647373,0.028955017,0.769131769,-0.008906318,0.005255789
35.810000000,0.965308487,-0.202367175,5.036713936,2.636545985,0.986736614,0.580348848,5.019282618,2.641562134,0.021428127,0.782716023,-0.017431318,0.005016149
35.830000000,0.976155596,-0.192556000,5.035652522,2.631228914,0.993737743,0.597132506,5.019535092,2.635982562,0.017582148,0.789688506,-0.016117430,0.004753648
35.870000000,0.997694610,-0.173079624,5.037560803,2.620038914,1.007455563,0.630904346,5.019992409,2.624692072,0.009760952,0.803983970,-0.017568394,0.004653158
35.910000000,1.019045713,-0.153797075,5.047420046,2.608550373,1.020883660,0.664903980,5.020404351,2.613450285,0.001837946,0.818701055,-0.027015695,0.004899912
35.940000000,1.034955510,-0.139479735,5.040746938,2.600361784,1.030793471,0.690541822,5.020660755,2.605132190,-0.004162040,0.830021557,-0.020086183,0.004770405
35.970000000,1.050780647,-0.125294962,5.042176878,2.592051784,1.040559499,0.716297581,5.020894158,2.596796038,-0.010221148,0.841592543,-0.021282720,0.004744254
36.010000000,1.148361189,-0.120964211,5.041618716,2.581239970,1.053287616,0.750875572,5.021119840,2.585521007,-0.095073573,0.871839783,-0.020498876,0.004281037
36.040000000,1.164899498,-0.109050685,5.039101745,2.572061944,1.062662634,0.776959916,5.021239231,2.577065392,-0.102236864,0.886010601,-0.017862514,0.005003449
36.070000000,1.181349274,-0.097241467,5.040297745,2.563641944,1.071949266,0.803133056,5.021324647,2.568702178,-0.109400009,0.900374523,-0.018973098,0.005060234
36.110000000,1.203174556,-0.081701156,5.035777781,2.551567160,1.084142292,0.838211937,5.021381119,2.557611714,-0.119032264,0.919913093,-0.014396662,0.006044553
36.140000000,1.219449758,-0.070189630,5.034914696,2.544467431,1.093099297,0.864685850,5.021388923,2.549184120,-0.126350461,0.934875480,-0.013525773,0.004716689
36.170000000,1.235625721,-0.058782053,5.035860012,2.535562431,1.101931743,0.891269282,5.021364580,2.540712574,-0.133693978,0.950051335,-0.014495431,0.005150143
36.210000000,1.257035569,-0.043747052,5.038272634,2.523550615,1.113547986,0.926860685,5.021304894,2.529531149,-0.143487584,0.970607737,-0.016967740,0.005980534
36.240000000,1.272991795,-0.032624133,5.031444290,2.515950394,1.122133594,0.953655218,5.021227814,2.521208631,-0.150858201,0.986279351,-0.010216476,0.005258237
36.270000000,1.288852907,-0.021631103,5.032243462,2.507470394,1.130585233,0.980541183,5.021146361,2.512836239,-0.158267673,1.002172286,-0.011097101,0.005365846
36.310000000,1.309873003,-0.007143118,5.033017452,2.496733620,1.141588369,1.016547466,5.020987118,2.501586599,-0.168284634,1.023690585,-0.012030334,0.004852979
36.340000000,1.325542871,0.003594541,5.029569049,2.487629889,1.149684613,1.043618856,5.020864424,2.493185211,-0.175858259,1.040024316,-0.008704626,0.005555322
36.370000000,1.341155483,0.014227123,5.030287213,2.479132389,1.157678224,1.070718035,5.020729074,2.484817184,-0.183477259,1.056490912,-0.009558139,0.005684796
36.410000000,1.361868652,0.028209759,5.034833902,2.467918950,1.168081069,1.106931495,5.020558753,2.473643428,-0.193787583,1.078721736,-0.014275149,0.005724478
36.440000000,1.377305043,0.038566741,5.043095141,2.460353569,1.175651672,1.134167427,5.020423973,2.465239293,-0.201653370,1.095600686,-0.022671168,0.004885724
36.470000000,1.392647132,0.048828927,5.044262460,2.451801069,1.183074693,1.161432621,5.020294678,2.456843048,-0.209572439,1.112603694,-0.023967782,0.005041978
36.510000000,1.354545100,0.417582266,5.038514186,2.440590341,1.192746103,1.197786207,5.020122588,2.445655418,-0.161798997,0.780203941,-0.018391598,0.005065077
36.540000000,1.367908382,0.434619859,5.021828236,2.432179324,1.199795506,1.225060019,5.019987924,2.437252277,-0.168112876,0.790440160,-0.001840312,0.005072952
36.570000000,1.381212617,0.451555381,5.022340277,2.423784324,1.206656864,1.252357704,5.019854090,2.428867264,-0.174555753,0.800802322,-0.002486187,0.005082940
36.610000000,1.398823663,0.473983467,5.024506900,2.412092187,1.215464508,1.288748409,5.019668617,2.417783475,-0.183359155,0.814764943,-0.004838283,0.005691288
36.640000000,1.411944195,0.490684557,5.023034774,2.404166939,1.221843250,1.315929138,5.019570479,2.409425723,-0.190100945,0.825244582,-0.003464295,0.005258784
36.670000000,1.425014758,0.507279061,5.023675010,2.395774439,1.228030967,1.342973697,5.019498776,2.400944456,-0.196983792,0.835694635,-0.004176234,0.005170017
36.710000000,1.442357381,0.529223196,5.009269361,2.385141439,1.235793807,1.378743241,5.019497060,2.389759378,-0.206563574,0.849520045,0.010227700,0.004617939
36.740000000,1.455272250,0.545558517,5.013637203,2.376815822,1.241177254,1.405286774,5.019540303,2.381726562,-0.214094995,0.859728256,0.005903100,0.004910739
36.770000000,1.468135083,0.561799296,5.014279679,2.368510822,1.246244102,1.431545566,5.019643436,2.373653788,-0.221890980,0.869746270,0.005363757,0.005142966
36.810000000,1.485188778,0.583280405,5.016887597,2.358226558,1.252414279,1.465933297,5.019884886,2.362260333,-0.232774498,0.882652892,0.002997289,0.004033775
36.840000000,1.497932219,0.599265459,5.012589695,2.350478680,1.256533675,1.491250561,5.020162998,2.353744439,-0.241398544,0.891985101,0.007573303,0.003265759
36.870000000,1.510595738,0.615167497,5.013513603,2.341973680,1.260246402,1.516228676,5.020492376,2.345665101,-0.250349336,0.901061179,0.006978772,0.003691421
36.910000000,1.527374589,0.636260926,5.003087228,2.331247367,1.264481418,1.548839502,5.021018863,2.335119124,-0.262893171,0.912578575,0.017931635,0.003871756
36.940000000,1.539889745,0.651982354,5.013903586,2.322959514,1.267163140,1.572708479,5.021480936,2.326626835,-0.272726605,0.920726125,0.007577350,0.003667321
36.970000000,1.552367407,0.667603795,5.015114075,2.314442014,1.269471282,1.596151849,5.021990984,2.317912621,-0.282896125,0.928548054,0.006876909,0.003470608
37.010000000,1.606434183,0.899569218,5.021066622,2.303846329,1.271802423,1.626680118,5.022783718,2.306961034,-0.334631760,0.727110899,0.001717096,0.003114704
37.040000000,1.619489231,0.918561744,5.026458733,2.296286427,1.273004905,1.649011351,5.023425290,2.299125573,-0.346484326,0.730449607,-0.003033443,0.002839146
37.070000000,1.632471459,0.937493549,5.028265728,2.288251427,1.273848658,1.670885749,5.024107777,2.290962617,-0.358622801,0.733392200,-0.004157951,0.002711190
37.110000000,1.649724610,0.962609146,5.028582423,2.278538042,1.274327152,1.699191081,5.025042912,2.279405633,-0.375397458,0.736581936,-0.003539510,0.000867591
37.140000000,1.662627599,0.981347494,5.031643769,2.270814953,1.274145946,1.719796651,5.025770250,2.271105432,-0.388481653,0.738449158,-0.005873519,0.000290479
37.170000000,1.675488847,1.000010986,5.033639470,2.262437453,1.273550768,1.739935820,5.026487310,2.263268788,-0.401938079,0.739924834,-0.007152160,0.000831335
37.210000000,1.692564269,1.024812418,5.029756657,2.251437968,1.272018202,1.765822493,5.027447285,2.252506232,-0.420546067,0.741010074,-0.002309372,0.001068265
37.240000000,1.705324418,1.043347569,5.022840743,2.243807430,1.270308163,1.784459965,5.028137334,2.243700574,-0.435016255,0.741112396,0.005296591,-0.000106855
37.270000000,1.718042235,1.061817191,5.024539350,2.235294930,1.268149066,1.802549568,5.028821496,2.234984024,-0.449893169,0.740732377,0.004282146,-0.000310906
37.310000000,1.734927729,1.086365459,5.019550930,2.224173521,1.264399868,1.825695877,5.029689994,2.224447681,-0.470527861,0.739330418,0.010139064,0.000274160
37.340000000,1.747551762,1.104731692,5.027304214,2.215723890,1.260962931,1.842275225,5.030320506,2.216554669,-0.486588831,0.737543533,0.003016291,0.000830778
37.370000000,1.760131688,1.123038073,5.029132147,2.207146390,1.257098076,1.858251839,5.030933698,2.208012312,-0.503033612,0.735213766,0.001801550,0.000865921
37.410000000,1.776864880,1.147326402,5.026084580,2.196711759,1.251138470,1.878488403,5.031726116,2.196215289,-0.525726410,0.731162001,0.005641536,-0.000496470
37.440000000,1.789390011,1.165469118,5.045747647,2.188355950,1.246032114,1.892925710,5.032296941,2.188132757,-0.543357897,0.727456593,-0.013450706,-0.000223193
37.470000000,1.801877606,1.183569769,5.048084552,2.179898450,1.240478838,1.906817430,5.032832644,2.180381094,-0.561398768,0.723247661,-0.015251908,0.000482644
37.510000000,1.599830429,1.353668522,5.056161215,2.169661015,1.232322028,1.924268150,5.033504364,2.169243162,-0.367508401,0.570599628,-0.022656851,-0.000417853
37.540000000,1.607286420,1.373834991,5.053713201,2.160918694,1.225653188,1.936562524,5.033937801,2.160347468,-0.381633232,0.562727534,-0.019775399,-0.000571226
37.570000000,1.614729940,1.393937664,5.056160519,2.152471194,1.218562260,1.948325275,5.034330676,2.151844416,-0.396167680,0.554387611,-0.021829843,-0.000626778
37.610000000,1.624603744,1.420700632,5.055459831,2.142533433,1.208349903,1.963061842,5.034722259,2.141512179,-0.416253841,0.542361209,-0.020737572,-0.001021254
37.640000000,1.631979762,1.440765061,5.053791669,2.134258736,1.200196700,1.973349195,5.034945099,2.133413974,-0.431783062,0.532584135,-0.018846569,-0.000844762
37.670000000,1.639343727,1.460795259,5.055955799,2.125971236,1.191729141,1.983069035,5.035102455,2.124722170,-0.447614587,0.522273776,-0.020853344,-0.001249067
37.710000000,1.649119747,1.487430320,5.064099654,2.114706405,1.179877695,1.995081231,5.035235892,2.113214703,-0.469242052,0.507650911,-0.028863762,-0.001491702
37.740000000,1.656444518,1.507375447,5.079396941,2.106495355,1.170591162,2.003446330,5.035270491,2.105238880,-0.485853356,0.496070883,-0.044126450,-0.001256476
37.770000000,1.663740695,1.527325652,5.082121985,2.098102855,1.161063063,2.011321917,5.035266983,2.097293769,-0.502677632,0.483996266,-0.046855002,-0.000809087
37.800000000,1.671006699,1.547266917,5.084441393,2.090543337,1.151292022,2.018545761,5.035207409,2.088827630,-0.519714678,0.471278844,-0.049233984,-0.001715706
37.840000000,1.680704411,1.573810491,5.072852996,2.080087265,1.137962464,2.027347683,5.035027458,2.077256953,-0.542741947,0.453537191,-0.037825537,-0.002830312
37.870000000,1.687995264,1.593690741,5.075077319,2.071549765,1.127729074,2.033383234,5.034824445,2.068950824,-0.560266190,0.439692492,-0.040252874,-0.002598941
37.910000000,1.697699861,1.620187410,5.071336316,2.060268510,1.113774752,2.040597800,5.034421372,2.058293195,-0.583925109,0.420410390,-0.036914944,-0.001975315
37.940000000,1.704970560,1.640055563,5.056751838,2.053364143,1.103134380,2.045310307,5.034052898,2.049902181,-0.601836180,0.405254743,-0.022698940,-0.003461962
37.970000000,1.712247910,1.659880871,5.058164087,2.045074143,1.092379112,2.049512174,5.033625979,2.041225503,-0.619868798,0.389631304,-0.024538108,-0.003848640
38.010000000,1.506771383,1.701082622,5.060776275,2.033660454,1.077797640,2.054261627,5.033005661,2.029987884,-0.428973743,0.353179005,-0.027770614,-0.003672570
38.040000000,1.509666285,1.720406188,5.049322515,2.025098767,1.066683622,2.057198791,5.032490933,2.021946305,-0.442982663,0.336792604,-0.016831583,-0.003152462
38.070000000,1.512534621,1.739751546,5.050412329,2.016833767,1.055468859,2.059630127,5.031968128,2.013764494,-0.457065762,0.319878582,-0.018444201,-0.003069273
38.110000000,1.516344191,1.765556975,5.044561568,2.005255632,1.040370696,2.061901151,5.031211431,2.002291149,-0.475973495,0.296344176,-0.013350138,-0.002964483
38.140000000,1.519181455,1.784903497,5.049033312,1.997052276,1.028946266,2.062940398,5.030635078,1.993775292,-0.490235189,0.278036902,-0.018398234,-0.003276984
38.170000000,1.521999336,1.804266175,5.050165053,1.988292276,1.017469294,2.063540937,5.030051490,1.985520786,-0.504530042,0.259274762,-0.020113563,-0.002771490
38.210000000,1.525728431,1.830138234,5.052783643,1.976943056,1.002172531,2.063499661,5.029287287,1.974509409,-0.523555900,0.233361427,-0.023496356,-0.002433647
38.240000000,1.528510792,1.849579215,5.048939795,1.969382720,0.990784516,2.062799699,5.028711778,1.966019443,-0.537726276,0.213220484,-0.020228017,-0.003363277
38.270000000,1.531291566,1.869033603,5.050129884,1.961077720,0.979472989,2.061646651,5.028134948,1.957508673,-0.551818577,0.192613048,-0.021994936,-0.003569046
38.310000000,1.535011274,1.895011631,5.050264857,1.949849250,0.964525389,2.059369965,5.027377761,1.946359241,-0.570485885,0.164358334,-0.022887096,-0.003490010
38.340000000,1.537797369,1.914558560,5.046070081,1.941373467,0.953437659,2.057087909,5.026808824,1.938049732,-0.584359710,0.142529349,-0.019261257,-0.003323734
38.370000000,1.540575043,1.934150313,5.047208316,1.933125967,0.942462709,2.054335040,5.026250338,1.929655076,-0.598112335,0.120184726,-0.020957978,-0.003470891
38.410000000,1.544276855,1.960282344,5.049544667,1.922830378,0.928033113,2.049805016,5.025483304,1.918339962,-0.616243742,0.089522671,-0.024061363,-0.004490416
38.440000000,1.547072217,1.979922106,5.048842549,1.914242951,0.917332913,2.045831368,5.024922302,1.909939076,-0.629739304,0.065909263,-0.023920246,-0.004303875
38.470000000,1.549879618,1.999630529,5.050071683,1.905922951,0.906714611,2.041446768,5.024350057,1.901622549,-0.643165007,0.041816240,-0.025721626,-0.004300402
38.510000000,1.389778360,1.763204218,5.043989027,1.893961417,0.892732380,2.034747940,5.023594217,1.890476221,-0.497045980,0.271543723,-0.020394810,-0.003485196
38.540000000,1.389649265,1.776679351,5.039290434,1.884916523,0.882380706,2.029047777,5.022995927,1.881996985,-0.507268559,0.252368426,-0.016294507,-0.002919538
38.570000000,1.389538614,1.790197045,5.040246992,1.876514023,0.872107417,2.022894507,5.022393096,1.873545792,-0.517431197,0.232697462,-0.017853896,-0.002968231
38.610000000,1.389386874,1.808310352,5.054158123,1.865346618,0.858532535,2.013921370,5.021561247,1.862425328,-0.530854339,0.205611018,-0.032596876,-0.002921290
38.640000000,1.389258232,1.821985879,5.043471631,1.857700104,0.848482198,2.006584269,5.020931952,1.854069874,-0.540776034,0.184598390,-0.022539679,-0.003630230
38.670000000,1.389116975,1.835712700,5.044553933,1.848905104,0.838569905,1.998785601,5.020288753,1.845678659,-0.550547069,0.163072901,-0.024265180,-0.003226445
38.710000000,1.388901588,1.854075998,5.033103374,1.837358002,0.825666358,1.987619105,5.019390458,1.834537197,-0.563235230,0.133543106,-0.013712916,-0.002820805
38.740000000,1.388699836,1.867909817,5.020117040,1.828986296,0.816265227,1.978753391,5.018704424,1.826128801,-0.572434609,0.110843574,-0.001412616,-0.002857495
38.770000000,1.388481306,1.881829144,5.020487303,1.820651296,0.807098409,1.969529926,5.018013300,1.817654720,-0.581382897,0.087700782,-0.002474002,-0.002996576
38.810000000,1.388181347,1.900512108,5.014763960,1.809697343,0.795362484,1.956508196,5.017117646,1.806478108,-0.592818864,0.055996088,0.002353686,-0.003219234
38.840000000,1.387975062,1.914581836,5.012352418,1.801405102,0.786938366,1.946214423,5.016459041,1.798209671,-0.601036696,0.031632587,0.004106624,-0.003195431
38.870000000,1.387769482,1.928699798,5.012703257,1.792780102,0.778780462,1.935586474,5.015838884,1.789862472,-0.608989020,0.006886676,0.003135627,-0.002917630
38.910000000,1.387485569,1.947652607,5.010047132,1.781279736,0.768380823,1.920823596,5.015058542,1.778528210,-0.619104746,-0.026829011,0.005011410,-0.002751526
38.940000000,1.387274855,1.961977229,5.014575117,1.773354993,0.760943596,1.909244200,5.014530976,1.770107281,-0.626331259,-0.052733029,-0.000044141,-0.003247712
38.970000000,1.387081924,1.976368827,5.015235711,1.764789993,0.753763908,1.897279424,5.014021127,1.761807671,-0.633318016,-0.079089403,-0.001214583,-0.002982322
39.010000000,1.242067757,1.844438469,5.017605554,1.753145415,0.744628435,1.880696436,5.013405390,1.750704450,-0.497439322,0.036257968,-0.004200164,-0.002440964
39.040000000,1.239387984,1.855917881,5.010054596,1.744474466,0.738077440,1.867832057,5.012973850,1.742227795,-0.501310543,0.011914176,0.002919254,-0.002246671
39.070000000,1.236705788,1.867492811,5.010740460,1.736031966,0.731738570,1.854624927,5.012571867,1.733743645,-0.504967218,-0.012867883,0.001831407,-0.002288322
39.110000000,1.233135032,1.883061147,5.009788438,1.724632290,0.723669119,1.836328807,5.012065049,1.722620436,-0.509465913,-0.046732340,0.002276612,-0.002011854
39.140000000,1.230437087,1.894816584,5.008687308,1.716040108,0.717901802,1.822146557,5.011711402,1.714321905,-0.512535285,-0.072670026,0.003024094,-0.001718203
39.170000000,1.227715069,1.906661504,5.009493326,1.707865108,0.712350162,1.807687328,5.011387899,1.705907865,-0.515364907,-0.098974177,0.001894573,-0.001957243
39.210000000,1.224050895,1.922614304,5.014366164,1.696684682,0.705384856,1.787893425,5.011002752,1.694547821,-0.518666039,-0.134720879,-0.003363413,-0.002136861
39.240000000,1.221293591,1.934690460,5.007578626,1.688746372,0.700522932,1.772610758,5.010753492,1.686234568,-0.520770659,-0.162079702,0.003174866,-0.002511804
39.270000000,1.218520430,1.946833465,5.008454132,1.680331372,0.695930027,1.757028640,5.010511126,1.678064463,-0.522590403,-0.189804824,0.002056994,-0.002266909
39.310000000,1.214795089,1.963138227,5.010601700,1.669963164,0.690286844,1.735814828,5.010234005,1.666962319,-0.524508245,-0.227323399,-0.000367695,-0.003000844
39.340000000,1.211971267,1.975493595,5.008211153,1.662250853,0.686401844,1.719600445,5.010047432,1.658432855,-0.525569423,-0.255893151,0.001836279,-0.003817998
39.370000000,1.209113749,1.987973385,5.009222408,1.654020853,0.682763680,1.703123478,5.009899236,1.649996702,-0.526350069,-0.284849907,0.000676828,-0.004024151
39.410000000,1.205280444,2.004752323,5.015764960,1.643574768,0.678341708,1.680658249,5.009718511,1.639043046,-0.526938735,-0.324094074,-0.006046449,-0.004531722
39.440000000,1.202380501,2.017433131,5.008527359,1.636213373,0.675320554,1.663515840,5.009619834,1.630747008,-0.527059947,-0.353917291,0.001092475,-0.005466365
39.470000000,1.199465034,2.030222915,5.009633879,1.628243373,0.672498151,1.646198145,5.009534865,1.622283275,-0.526966883,-0.384024770,-0.000099014,-0.005960098
39.510000000,0.977289585,1.741334660,5.006316590,1.617699700,0.669079392,1.622729880,5.009461802,1.610988349,-0.308210193,-0.118604780,0.003145211,-0.006711351
39.540000000,0.970197431,1.748037721,5.016201398,1.609242893,0.666755710,1.604801293,5.009422456,1.602705444,-0.303441721,-0.143236428,-0.006778942,-0.006537449
39.570000000,0.963097016,1.754834536,5.017596219,1.600900393,0.664592941,1.586670400,5.009395872,1.594474507,-0.298504075,-0.168164137,-0.008200347,-0.006425886
39.610000000,0.953593331,1.764031645,5.011480568,1.589260674,0.661990273,1.562230121,5.009394878,1.583343977,-0.291603058,-0.201801524,-0.002085689,-0.005916697
39.640000000,0.946433982,1.771058044,5.023818715,1.581553933,0.660268418,1.543712309,5.009405190,1.574923512,-0.286165564,-0.227345735,-0.014413525,-0.006630421
39.670000000,0.939251361,1.778210231,5.025446451,1.573241433,0.658744302,1.525032904,5.009429704,1.566622905,-0.280507059,-0.253177328,-0.016016747,-0.006618528
39.710000000,0.929619330,1.787917194,5.030872951,1.562792685,0.657142498,1.499865618,5.009457641,1.555834251,-0.272476833,-0.288051576,-0.021415311,-0.006958434
39.740000000,0.922350296,1.795323259,5.027436679,1.554254238,0.656320539,1.480881188,5.009486112,1.547595550,-0.266029757,-0.314442072,-0.017950567,-0.006658688
39.770000000,0.915048341,1.802866087,5.029101890,1.545816738,0.655801925,1.461842205,5.009496917,1.539141246,-0.259246416,-0.341023882,-0.019604973,-0.006675492
39.810000000,0.905241390,1.813126196,5.024149098,1.533154236,0.655698743,1.436307027,5.009500005,1.527989964,-0.249542647,-0.376819169,-0.014649094,-0.005164272
39.840000000,0.897844930,1.820938166,5.030253219,1.524297620,0.656075518,1.417035870,5.009468009,1.519950845,-0.241769413,-0.403902296,-0.020785210,-0.004346775
39.870000000,0.890412743,1.828839087,5.031919294,1.516167620,0.656787702,1.397725495,5.009429169,1.511871251,-0.233625041,-0.431113592,-0.022490125,-0.004296369
39.910000000,0.880446600,1.839566042,5.025358458,1.505445107,0.658351149,1.371979390,5.009358872,1.500622216,-0.222095450,-0.467586652,-0.015999586,-0.004822891
39.940000000,0.872931750,1.847767826,5.040196597,1.496314843,0.659975188,1.352646610,5.009302894,1.492164839,-0.212956562,-0.495121216,-0.030893703,-0.004150004
39.970000000,0.865379295,1.856103937,5.042103590,1.487974843,0.661918603,1.333272994,5.009237315,1.483962916,-0.203460692,-0.522830943,-0.032866275,-0.004011926
40.010000000,1.041586941,1.502424378,5.029784374,1.477056869,0.665084660,1.307425742,5.009134412,1.473182815,-0.376502280,-0.194998635,-0.020649962,-0.003874054
