time_sec,est_x,est_y,est_z,est_yaw,true_x,true_y,true_z,true_yaw,err_x,err_y,err_z,err_yaw
0.000000000,-2.000027438,-2.000017584,0.035091990,-0.024372898,-2.000000000,-2.000000000,0.050029904,-0.000000000,0.000027438,0.000017584,0.014937914,0.024372898
0.030000000,-2.000105173,-2.000059308,0.033648870,0.012456945,-2.000000000,-2.000000000,0.050069776,-0.000000000,0.000105173,0.000059308,0.016420905,-0.012456945
0.060000000,-2.000209625,-2.000137013,0.033116583,0.012669445,-2.000000000,-2.000000000,0.050099738,-0.000000000,0.000209625,0.000137013,0.016983155,-0.012669445
0.100000000,-2.000413474,-2.000317160,0.025379018,0.015346626,-2.000000000,-2.000000000,0.050139732,-0.000000000,0.000413474,0.000317160,0.024760714,-0.015346626
0.130000000,-2.000615539,-2.000490839,0.034424643,0.009596148,-2.000000000,-2.000000000,0.050169731,-0.000153768,0.000615539,0.000490839,0.015745088,-0.009749916
0.160000000,-2.000849045,-2.000715617,0.033959636,0.008666148,-1.999999870,-1.999999963,0.050686455,-0.001591795,0.000849175,0.000715654,0.016726819,-0.010257943
0.200000000,-2.001225477,-2.001080150,0.031798223,0.000362065,-1.999997463,-1.999999246,0.052571904,-0.005211882,0.001228014,0.001080904,0.020773681,-0.005573947
0.230000000,-2.001544653,-2.001399285,0.035598729,-0.004662162,-1.999992388,-1.999997559,0.054860379,-0.008996513,0.001552266,0.001401725,0.019261650,-0.004334351
0.260000000,-2.001877776,-2.001767627,0.037519816,-0.009199662,-1.999984526,-1.999994220,0.057980375,-0.013645693,0.001893251,0.001773407,0.020460560,-0.004446030
0.300000000,-2.002357280,-2.002327131,0.052087802,-0.021039754,-1.999972205,-1.999987044,0.063175688,-0.020774218,0.002385076,0.002340086,0.011087886,0.000265536
0.330000000,-2.002772897,-2.002793780,0.059355800,-0.021767785,-1.999960991,-1.999979254,0.067799998,-0.026699185,0.002811906,0.002814526,0.008444198,-0.004931400
0.360000000,-2.003246535,-2.003296472,0.063981026,-0.028025285,-1.999945929,-1.999968944,0.073098164,-0.033088784,0.003300607,0.003327528,0.009117138,-0.005063499
0.400000000,-2.003950451,-2.004010213,0.073552578,-0.037766373,-1.999920787,-1.999952251,0.080994693,-0.042106396,0.004029664,0.004057962,0.007442115,-0.004340024
0.430000000,-2.004520283,-2.004586186,0.079504666,-0.045938286,-1.999899506,-1.999937707,0.087502109,-0.049179446,0.004620777,0.004648479,0.007997443,-0.003241160
0.460000000,-2.005128733,-2.005197455,0.085897564,-0.053255786,-1.999876060,-1.999920971,0.094552375,-0.056501339,0.005252673,0.005276484,0.008654811,-0.003245553
0.500000000,-2.113695248,-2.224862492,0.100477256,-0.060961140,-1.999839895,-1.999895452,0.104625140,-0.066530603,0.113855353,0.224967040,0.004147883,-0.005569463
0.530000000,-2.116500402,-2.229849205,0.108886169,-0.067864678,-1.999808630,-1.999873933,0.112653490,-0.074217680,0.116691772,0.229975271,0.003767320,-0.006353002
0.560000000,-2.119356997,-2.234874823,0.116949981,-0.075897178,-1.999774325,-1.999849141,0.121137274,-0.082034140,0.119582672,0.235025682,0.004187293,-0.006136962
0.600000000,-2.123247752,-2.241603612,0.129998324,-0.084855158,-1.999723386,-1.999790402,0.133013306,-0.092596825,0.123524366,0.241813210,0.003014983,-0.007741666
0.630000000,-2.126217049,-2.246701452,0.132868836,-0.091716680,-1.999677316,-1.999690942,0.142314783,-0.100603971,0.126539733,0.247010510,0.009445947,-0.008887291
0.660000000,-2.129233712,-2.251859463,0.141694850,-0.100241680,-1.999617858,-1.999473618,0.152000273,-0.108680452,0.129615854,0.252385845,0.010305423,-0.008438772
0.700000000,-2.133325517,-2.258782318,0.138946745,-0.112441844,-1.999514580,-1.998948803,0.165385531,-0.119532229,0.133810936,0.259833515,0.026438785,-0.007090385
0.730000000,-2.136436452,-2.264009379,0.153827313,-0.120658407,-1.999414766,-1.998351041,0.175743250,-0.127726138,0.137021686,0.265658337,0.021915937,-0.007067731
0.760000000,-2.139602586,-2.269274635,0.162933525,-0.128980907,-1.999287377,-1.997544347,0.186396893,-0.135956775,0.140315208,0.271730288,0.023463367,-0.006975867
0.800000000,-2.143917892,-2.276358298,0.182120802,-0.141984138,-1.999079046,-1.996212071,0.200971503,-0.146960288,0.144838846,0.280146227,0.018850701,-0.004976150
0.830000000,-2.147215067,-2.281708544,0.198826775,-0.150938374,-1.998896815,-1.995041378,0.212162406,-0.155235761,0.148318252,0.286667166,0.013335630,-0.004297387
0.860000000,-2.150559991,-2.287105969,0.209514789,-0.159185874,-1.998692249,-1.993724137,0.223592508,-0.163535751,0.151867742,0.293381831,0.014077719,-0.004349876
0.900000000,-2.155088232,-2.294331130,0.213379349,-0.170339448,-1.998390033,-1.991800935,0.239128176,-0.174624772,0.156698199,0.302530195,0.025748826,-0.004285325
0.930000000,-2.158554744,-2.299772703,0.234586241,-0.179331216,-1.998140357,-1.990247910,0.250989026,-0.182952194,0.160414387,0.309524793,0.016402785,-0.003620978
0.960000000,-2.162065440,-2.305257978,0.245826784,-0.187786216,-1.997868832,-1.988596634,0.263045291,-0.191289918,0.164196608,0.316661344,0.017218507,-0.003503702
1.000000000,-2.122042121,-2.100862631,0.268816613,-0.198588576,-1.997481525,-1.986275477,0.279364696,-0.202422612,0.124560596,0.114587154,0.010548083,-0.003834037
1.030000000,-2.124968555,-2.103223947,0.276103280,-0.207896452,-1.997172724,-1.984451371,0.291776883,-0.210781916,0.127795831,0.118772576,0.015673603,-0.002885464
1.060000000,-2.127944918,-2.105623617,0.287871577,-0.215848952,-1.996843423,-1.982551781,0.304366902,-0.219146252,0.131101495,0.123071836,0.016495325,-0.003297300
1.100000000,-2.131990714,-2.108887038,0.315045690,-0.227034766,-1.996376110,-1.979947285,0.321375226,-0.230301643,0.135614605,0.128939752,0.006329536,-0.003266877
1.130000000,-2.135090816,-2.111367273,0.331351526,-0.236126634,-1.996008428,-1.977979457,0.334285124,-0.238668820,0.139082388,0.133387816,0.002933598,-0.002542186
1.160000000,-2.138239448,-2.113856016,0.344466539,-0.244456634,-1.995634095,-1.976060194,0.347355115,-0.247039689,0.142605353,0.137795822,0.002888576,-0.002583054
1.200000000,-2.142494960,-2.117199921,0.354583883,-0.254871482,-1.995144416,-1.973641890,0.364975701,-0.258208290,0.147350543,0.143558031,0.010391818,-0.003336808
1.230000000,-2.145744543,-2.119718666,0.363037034,-0.262947640,-1.994793614,-1.971960928,0.378315510,-0.266587686,0.150950929,0.147757738,0.015278476,-0.003640045
1.260000000,-2.149031274,-2.122269676,0.375564225,-0.271625140,-1.994462162,-1.970418935,0.391771047,-0.274963544,0.154569113,0.151850741,0.016206823,-0.003338403
1.300000000,-2.153498971,-2.125736933,0.393763836,-0.283202234,-1.994038477,-1.968531172,0.409856571,-0.286133406,0.159460494,0.157205761,0.016092735,-0.002931172
1.330000000,-2.156908706,-2.128381983,0.407209346,-0.290999735,-1.993728275,-1.967223651,0.423520117,-0.294516771,0.163180431,0.161158333,0.016310770,-0.003517036
1.360000000,-2.160370744,-2.131067758,0.420020912,-0.299522235,-1.993420991,-1.966001909,0.437272943,-0.302902776,0.166949753,0.165065849,0.017252031,-0.003380541
1.400000000,-2.165077768,-2.134699050,0.435240499,-0.311728645,-1.993009730,-1.964461420,0.455717761,-0.314084191,0.172068038,0.170237629,0.020477263,-0.002355546
1.430000000,-2.168647492,-2.137450226,0.447394909,-0.317763614,-1.992694924,-1.963359871,0.469627239,-0.322472009,0.175952568,0.174090355,0.022232329,-0.004708395
1.460000000,-2.172267232,-2.140224743,0.460096589,-0.326131114,-1.992367573,-1.962300963,0.483607735,-0.330861830,0.179899659,0.177923779,0.023511146,-0.004730716
1.500000000,-2.086086121,-1.900666677,0.475208821,-0.339491186,-1.991910670,-1.960932986,0.502336351,-0.342048216,0.094175451,-0.060266309,0.027127531,-0.002557030
1.530000000,-2.088653133,-1.900262024,0.502469914,-0.348540954,-1.991552087,-1.959932146,0.516445620,-0.350437931,0.097101046,-0.059670123,0.013975706,-0.001896977
1.560000000,-2.091274021,-1.899888708,0.516123371,-0.356753454,-1.991175133,-1.958949734,0.530632583,-0.358826689,0.100098889,-0.059061025,0.014509212,-0.002073235
1.600000000,-2.094852277,-1.899427098,0.529572897,-0.366857515,-1.990645507,-1.957680567,0.549646109,-0.370009308,0.104206770,-0.058253468,0.020073213,-0.003151793
1.630000000,-2.097591489,-1.899093094,0.542466924,-0.374733603,-1.990233505,-1.956795113,0.563970772,-0.378396467,0.107357984,-0.057702019,0.021503848,-0.003662864
1.660000000,-2.100364991,-1.898766388,0.555759824,-0.383278603,-1.989826260,-1.956037494,0.578374020,-0.386788630,0.110538731,-0.057271107,0.022614196,-0.003510027
1.700000000,-2.104106327,-1.898333221,0.575104166,-0.395319191,-1.989323911,-1.955269438,0.597667731,-0.397979877,0.114782416,-0.056936217,0.022563564,-0.002660686
1.730000000,-2.106962756,-1.898007797,0.589696471,-0.403401063,-1.988991667,-1.954897601,0.612185052,-0.406362951,0.117971089,-0.056889804,0.022488580,-0.002961887
1.760000000,-2.109876227,-1.897708455,0.603168048,-0.411788563,-1.988703500,-1.954730560,0.626744745,-0.414737971,0.121172727,-0.057022106,0.023576697,-0.002949408
1.800000000,-2.113822553,-1.897344477,0.617895086,-0.422867776,-1.988362507,-1.954754903,0.646210825,-0.425918381,0.125460047,-0.057410426,0.028315739,-0.003050605
1.830000000,-2.116842060,-1.897086690,0.638075071,-0.430249375,-1.988130024,-1.954933358,0.660845137,-0.434312833,0.128712036,-0.057846669,0.022770066,-0.004063457
1.860000000,-2.119922887,-1.896850649,0.651775990,-0.438811875,-1.987912771,-1.955241465,0.675508340,-0.442703521,0.132010116,-0.058390816,0.023732350,-0.003891645
1.900000000,-2.124119536,-1.896537552,0.668078644,-0.451454657,-1.987629514,-1.955792664,0.695091968,-0.453887686,0.136490022,-0.059255112,0.027013324,-0.002433029
1.930000000,-2.127334521,-1.896300216,0.679392231,-0.459276884,-1.987411272,-1.956296300,0.709804288,-0.462279654,0.139923249,-0.059996084,0.030412057,-0.003002770
1.960000000,-2.130610761,-1.896068349,0.692688049,-0.468036884,-1.987179122,-1.956875435,0.724538399,-0.470673947,0.143431639,-0.060807086,0.031850349,-0.002637063
2.000000000,-1.940551126,-1.891661055,0.718737789,-0.480716688,-1.986848458,-1.957729679,0.744213116,-0.481863666,-0.046297332,-0.066068624,0.025475327,-0.001146978
2.030000000,-1.941470208,-1.891421850,0.734863206,-0.488686421,-1.986582370,-1.958422017,0.758988808,-0.490252771,-0.045112162,-0.067000167,0.024125602,-0.001566350
2.060000000,-1.942449345,-1.891203099,0.748763608,-0.497291421,-1.986291531,-1.959158383,0.773789194,-0.498637065,-0.043842186,-0.067955284,0.025025586,-0.001345643
2.100000000,-1.943857631,-1.890908196,0.769674418,-0.508528890,-1.985870794,-1.960195866,0.793552798,-0.509818007,-0.042013163,-0.069287670,0.023878380,-0.001289117
2.130000000,-1.944965094,-1.890673720,0.784213662,-0.517176936,-1.985543126,-1.961019392,0.808397160,-0.518201604,-0.040578032,-0.070345672,0.024183499,-0.001024668
2.160000000,-1.946105822,-1.890439092,0.798236094,-0.525449436,-1.985222600,-1.961901118,0.823268046,-0.526581290,-0.039116778,-0.071462026,0.025031952,-0.001131854
2.200000000,-1.947679692,-1.890131980,0.823111641,-0.535575865,-1.984815532,-1.963178356,0.843128932,-0.537754227,-0.037135839,-0.073046376,0.020017290,-0.002178362
2.230000000,-1.948913503,-1.889897534,0.836985830,-0.544298854,-1.984524132,-1.964222221,0.858045038,-0.546142796,-0.035610629,-0.074324686,0.021059208,-0.001843942
2.260000000,-1.950195572,-1.889671962,0.851262979,-0.552568854,-1.984247911,-1.965348458,0.872977078,-0.554542398,-0.034052339,-0.075676496,0.021714100,-0.001973543
2.300000000,-1.951977108,-1.889396786,0.867702339,-0.563885462,-1.983905157,-1.966939979,0.892909053,-0.565736167,-0.031928049,-0.077543193,0.025206714,-0.001850705
2.330000000,-1.953393966,-1.889215230,0.892067988,-0.570750282,-1.983663391,-1.968189697,0.907871540,-0.574124625,-0.030269425,-0.078974467,0.015803552,-0.003374343
2.360000000,-1.954880677,-1.889047747,0.906757434,-0.579152782,-1.983424224,-1.969488085,0.922849659,-0.582515805,-0.028543546,-0.080440337,0.016092225,-0.003363024
2.400000000,-1.956951237,-1.888843086,0.927745803,-0.590752397,-1.983099773,-1.971272900,0.942835914,-0.593708151,-0.026148536,-0.082429814,0.015090111,-0.002955754
2.430000000,-1.958556567,-1.888686281,0.939508388,-0.599370180,-1.982855387,-1.972641039,0.957839199,-0.602100708,-0.024298820,-0.083954758,0.018330811,-0.002730528
2.460000000,-1.960207909,-1.888540189,0.953959071,-0.607720180,-1.982612297,-1.974029217,0.972852801,-0.610491116,-0.022404388,-0.085489028,0.018893730,-0.002770936
2.500000000,-1.966374085,-1.907076830,0.972705868,-0.619684116,-1.982280295,-1.975905309,0.992886368,-0.621679536,-0.015906210,-0.068828479,0.020180500,-0.001995420
2.530000000,-1.968191089,-1.907182957,0.995459720,-0.628356902,-1.982019438,-1.977331109,1.007921292,-0.630072094,-0.013828350,-0.070148152,0.012461572,-0.001715191
2.560000000,-1.970064591,-1.907292933,1.010321273,-0.636881902,-1.981749490,-1.978769206,1.022965397,-0.638463136,-0.011684899,-0.071476273,0.012644124,-0.001581233
2.600000000,-1.972677275,-1.907436354,1.030452638,-0.647732075,-1.981384531,-1.980690803,1.043036422,-0.649650395,-0.008707255,-0.073254449,0.012583784,-0.001918320
2.630000000,-1.974720841,-1.907536080,1.048134985,-0.656536006,-1.981103657,-1.982131384,1.058097170,-0.658040449,-0.006382816,-0.074595304,0.009962185,-0.001504443
2.660000000,-1.976827663,-1.907617199,1.063076740,-0.664923506,-1.980806122,-1.983569944,1.073166732,-0.666429071,-0.003978459,-0.075952745,0.010089993,-0.001505565
2.700000000,-1.979708385,-1.907707097,1.081326858,-0.676061057,-1.980384507,-1.985477266,1.093267076,-0.677613287,-0.000676122,-0.077770169,0.011940218,-0.001552230
2.730000000,-1.981910040,-1.907759530,1.096143805,-0.683313161,-1.980054220,-1.986892046,1.108350113,-0.686002578,0.001855820,-0.079132516,0.012206308,-0.002689418
2.760000000,-1.984157136,-1.907802450,1.110804082,-0.692203161,-1.979711509,-1.988288116,1.123437489,-0.694394901,0.004445627,-0.080485667,0.012633407,-0.002191741
2.800000000,-1.987221828,-1.907887770,1.126235973,-0.702356022,-1.979231424,-1.990130908,1.143563273,-0.705584706,0.007990404,-0.082243138,0.017327299,-0.003228684
2.830000000,-1.989567033,-1.907953593,1.146479618,-0.709535929,-1.978853052,-1.991501375,1.158661537,-0.713975420,0.010713981,-0.083547782,0.012181919,-0.004439491
2.860000000,-1.991961946,-1.908020985,1.161145736,-0.717905929,-1.978463213,-1.992856400,1.173765866,-0.722366578,0.013498733,-0.084835415,0.012620130,-0.004460649
2.900000000,-1.995233445,-1.908095283,1.181439972,-0.728888936,-1.977935178,-1.994638641,1.193910135,-0.733557318,0.017298267,-0.086543358,0.012470163,-0.004668382
2.930000000,-1.997761460,-1.908145339,1.195678138,-0.736585234,-1.977530349,-1.995960377,1.209023231,-0.741950612,0.020231112,-0.087815038,0.013345093,-0.005365378
2.960000000,-2.000351344,-1.908207524,1.208327419,-0.745135234,-1.977112723,-1.997271668,1.224140314,-0.750342574,0.023238621,-0.089064145,0.015812895,-0.005207340
3.000000000,-2.033866345,-1.943713867,1.228991400,-0.756161177,-1.976544304,-1.999002021,1.244301198,-0.761531518,0.057322041,-0.055288154,0.015309798,-0.005370342
3.030000000,-2.037009457,-1.944226804,1.243713206,-0.765163846,-1.976114986,-2.000281476,1.259425978,-0.769925420,0.060894472,-0.056054672,0.015712772,-0.004761574
3.060000000,-2.040219605,-1.944716121,1.256075671,-0.773861346,-1.975682142,-2.001543450,1.274553882,-0.778323855,0.064537463,-0.056827329,0.018478212,-0.004462508
3.100000000,-2.044584359,-1.945360042,1.269867658,-0.785045920,-1.975091329,-2.003206168,1.294730521,-0.789520034,0.069493030,-0.057846126,0.024862863,-0.004474114
3.130000000,-2.047923271,-1.945836122,1.282201813,-0.795100659,-1.974634425,-2.004431910,1.309865226,-0.797916764,0.073288846,-0.058595789,0.027663413,-0.002816105
3.160000000,-2.051321012,-1.946288745,1.308168696,-0.803985659,-1.974161929,-2.005620829,1.325005126,-0.806318554,0.077159083,-0.059332084,0.016836430,-0.002332895
3.200000000,-2.055935784,-1.946857395,1.327966721,-0.814679610,-1.973501446,-2.007144820,1.345195403,-0.817524628,0.082434338,-0.060287426,0.017228681,-0.002845018
3.230000000,-2.059458281,-1.947283142,1.341634036,-0.823702179,-1.972973968,-2.008243285,1.360343178,-0.825926804,0.086484312,-0.060960142,0.018709143,-0.002224625
3.260000000,-2.063043775,-1.947685898,1.356146313,-0.832044679,-1.972410798,-2.009299028,1.375492322,-0.834320459,0.090632977,-0.061613131,0.019346009,-0.002275780
3.300000000,-2.067923684,-1.948192366,1.379718375,-0.843789808,-1.971622094,-2.010644127,1.395696376,-0.845511200,0.096301590,-0.062451761,0.015978000,-0.001721392
3.330000000,-2.071643157,-1.948565160,1.394205988,-0.852438330,-1.971008165,-2.011604724,1.410851104,-0.853909293,0.100634992,-0.063039565,0.016645116,-0.001470963
3.360000000,-2.075404069,-1.948913111,1.408841336,-0.860873330,-1.970371032,-2.012524321,1.426009039,-0.862307176,0.105033038,-0.063611210,0.017167702,-0.001433846
3.400000000,-2.080494602,-1.949357058,1.432789134,-0.872567187,-1.969488269,-2.013705583,1.446222207,-0.873497580,0.111006333,-0.064348525,0.013433073,-0.000930393
3.430000000,-2.084386708,-1.949681601,1.447418828,-0.881706196,-1.968805706,-2.014556325,1.461383966,-0.881888925,0.115581002,-0.064874724,0.013965138,-0.000182730
3.460000000,-2.088336753,-1.949994022,1.462929155,-0.890063696,-1.968109506,-2.015366834,1.476548203,-0.890284206,0.120227247,-0.065372812,0.013619048,-0.000220510
3.500000000,-2.003695112,-1.925092766,1.490677784,-0.901274711,-1.967161983,-2.016398267,1.496768342,-0.901480010,0.036533129,-0.091305502,0.006090558,-0.000205299
3.530000000,-2.006539603,-1.925029015,1.505428948,-0.909113941,-1.966432796,-2.017141665,1.511936093,-0.909874551,0.040106807,-0.092112651,0.006507145,-0.000760610
3.560000000,-2.009429801,-1.924961950,1.521829708,-0.917451441,-1.965686008,-2.017855878,1.527106929,-0.918271801,0.043743793,-0.092893929,0.005277221,-0.000820361
3.600000000,-2.013358371,-1.924864529,1.545671845,-0.928475382,-1.964681086,-2.018766065,1.547340657,-0.929470649,0.048677285,-0.093901536,0.001668812,-0.000995267
3.630000000,-2.016363560,-1.924776505,1.560205488,-0.936659962,-1.963932760,-2.019425175,1.562516964,-0.937873079,0.052430800,-0.094648670,0.002311476,-0.001213117
3.660000000,-2.019418092,-1.924651879,1.567986969,-0.945217462,-1.963204247,-2.020082227,1.577698593,-0.946279708,0.056213845,-0.095430348,0.009711625,-0.001062247
3.700000000,-2.023563026,-1.924451771,1.583236911,-0.956703689,-1.962281488,-2.020976905,1.597943989,-0.957491035,0.061281538,-0.096525134,0.014707079,-0.000787346
3.730000000,-2.026717070,-1.924274515,1.597159239,-0.965273250,-1.961639443,-2.021662814,1.613131008,-0.965899381,0.065077627,-0.097388300,0.015971769,-0.000626131
3.760000000,-2.029912497,-1.924085496,1.601641157,-0.973725750,-1.961053406,-2.022360291,1.628318435,-0.974298117,0.068859091,-0.098274795,0.026677278,-0.000572367
3.800000000,-2.034254722,-1.923821408,1.616192409,-0.984886738,-1.960336281,-2.023308854,1.648570526,-0.985491175,0.073918440,-0.099487446,0.032378116,-0.000604437
3.830000000,-2.037573353,-1.923606018,1.629968232,-0.991627770,-1.959837442,-2.024035416,1.663759818,-0.993889375,0.077735911,-0.100429399,0.033791586,-0.002261604
3.860000000,-2.040947825,-1.923358813,1.641306480,-1.000205270,-1.959372985,-2.024768889,1.678949357,-1.002288127,0.081574840,-0.101410077,0.037642877,-0.002082856
3.900000000,-2.045523119,-1.922992061,1.656120094,-1.010931812,-1.958797318,-2.025741828,1.699203177,-1.013481966,0.086725801,-0.102749768,0.043083083,-0.002550155
3.930000000,-2.049009485,-1.922687752,1.669921714,-1.019133589,-1.958392864,-2.026467050,1.714393088,-1.021876296,0.090616621,-0.103779298,0.044471374,-0.002742707
3.960000000,-2.052545920,-1.922358513,1.695982229,-1.027363589,-1.958007020,-2.027192891,1.729584635,-1.030272325,0.094538900,-0.104834378,0.033602405,-0.002908736
4.000000000,-2.093726266,-1.972633817,1.723189141,-1.038972472,-1.957513135,-2.028157901,1.749838621,-1.041466816,0.136213131,-0.055524084,0.026649480,-0.002494343
4.030000000,-2.097907691,-1.972991141,1.737296088,-1.047521739,-1.957159047,-2.028871107,1.765030820,-1.049861983,0.140748645,-0.055879966,0.027734731,-0.002340244
4.060000000,-2.102146649,-1.973335291,1.750691032,-1.055829239,-1.956818070,-2.029569546,1.780223431,-1.058260120,0.145328578,-0.056234254,0.029532400,-0.002430881
4.100000000,-2.107890163,-1.973759108,1.775989447,-1.066036432,-1.956365978,-2.030483706,1.800483275,-1.069456644,0.151524185,-0.056724598,0.024493828,-0.003420212
4.130000000,-2.112281608,-1.974074861,1.789805166,-1.075226820,-1.956017440,-2.031151132,1.815677059,-1.077853426,0.156264168,-0.057076271,0.025871893,-0.002626606
4.160000000,-2.116720132,-1.974382029,1.810001737,-1.083641820,-1.955647427,-2.031783179,1.830873288,-1.086254576,0.161072705,-0.057401150,0.020871551,-0.002612756
4.200000000,-2.122699694,-1.974783765,1.840086561,-1.095211722,-1.955107240,-2.032562921,1.851134919,-1.097463523,0.167592454,-0.057779156,0.011048358,-0.002251801
4.230000000,-2.127253605,-1.975060451,1.854950286,-1.102396288,-1.954654419,-2.033102448,1.866333424,-1.105870244,0.172599186,-0.058041997,0.011383139,-0.003473956
4.260000000,-2.131872339,-1.975305539,1.870105999,-1.111156288,-1.954145388,-2.033600857,1.881531890,-1.114265787,0.177726951,-0.058295318,0.011425891,-0.003109499
4.300000000,-2.138109298,-1.975592125,1.889193827,-1.122403267,-1.953394362,-2.034202697,1.901798004,-1.125454968,0.184714936,-0.058610571,0.012604177,-0.003051700
4.330000000,-2.142840470,-1.975790942,1.903821483,-1.131360227,-1.952780798,-2.034601416,1.916998074,-1.133854170,0.190059672,-0.058810473,0.013176591,-0.002493943
4.360000000,-2.147632943,-1.975976960,1.916421796,-1.140032727,-1.952116480,-2.034952400,1.932198174,-1.142256344,0.195516464,-0.058975440,0.015776377,-0.002223617
4.400000000,-2.154091160,-1.976204291,1.934367681,-1.151511989,-1.951159114,-2.035369449,1.952466526,-1.153448211,0.202932046,-0.059165158,0.018098845,-0.001936223
4.430000000,-2.158987758,-1.976361258,1.949273569,-1.159919949,-1.950388567,-2.035643281,1.967667058,-1.161836579,0.208599190,-0.059282023,0.018393489,-0.001916630
4.460000000,-2.163921879,-1.976511715,1.963591714,-1.168187449,-1.949569516,-2.035870021,1.982869568,-1.170231202,0.214352362,-0.059358306,0.019277854,-0.002043752
4.500000000,-2.114511730,-1.963374531,1.990977552,-1.179627126,-1.948412329,-2.036110797,2.003137784,-1.181431885,0.166099401,-0.072736267,0.012160233,-0.001804758
4.530000000,-2.118761049,-1.963316251,2.006372692,-1.189137111,-1.947491934,-2.036253838,2.018340690,-1.189828460,0.171269115,-0.072937587,0.011967998,-0.000691349
4.560000000,-2.123062077,-1.963219251,2.020860795,-1.197352111,-1.946517629,-2.036363248,2.033543925,-1.198220928,0.176544448,-0.073143997,0.012683130,-0.000868817
4.600000000,-2.128857149,-1.963043332,2.044486548,-1.208200896,-1.945155363,-2.036456771,2.053818175,-1.209414426,0.183701786,-0.073413439,0.009331627,-0.001213530
4.630000000,-2.133251680,-1.962884371,2.059928122,-1.216373742,-1.944095691,-2.036488577,2.069022988,-1.217817209,0.189155988,-0.073604206,0.009094866,-0.001443467
4.660000000,-2.137704212,-1.962701372,2.078352738,-1.224513742,-1.943009267,-2.036496132,2.084229598,-1.226222655,0.194694945,-0.073794760,0.005876860,-0.001708913
4.700000000,-2.143700640,-1.962398516,2.093397072,-1.235667276,-1.941540188,-2.036489440,2.104504762,-1.237424441,0.202160452,-0.074090924,0.011107690,-0.001757165
4.730000000,-2.148250622,-1.962141051,2.107508298,-1.244291891,-1.940432054,-2.036469451,2.119712359,-1.245825603,0.207818567,-0.074328400,0.012204061,-0.001533712
4.760000000,-2.152857301,-1.961869886,2.124426082,-1.252556891,-1.939322555,-2.036428166,2.134920503,-1.254226898,0.213534745,-0.074558280,0.010494421,-0.001670007
4.800000000,-2.159079685,-1.961464721,2.144235916,-1.263665286,-1.937835817,-2.036351212,2.155198380,-1.265425745,0.221243867,-0.074886490,0.010962464,-0.001760459
4.830000000,-2.163812679,-1.961117603,2.158973404,-1.272063008,-1.936708750,-2.036284389,2.170407828,-1.273821836,0.227103929,-0.075166786,0.011434424,-0.001758828
4.860000000,-2.168582683,-1.960753159,2.176508480,-1.280585508,-1.935565204,-2.036205921,2.185616388,-1.282215578,0.233017479,-0.075452762,0.009107908,-0.001630070
4.900000000,-2.174999830,-1.960202397,2.188706191,-1.291350948,-1.934015949,-2.036072661,2.205896482,-1.293410215,0.240983881,-0.075870264,0.017190290,-0.002059266
4.930000000,-2.179880325,-1.959734020,2.203488992,-1.299829357,-1.932831998,-2.035951034,2.221105104,-1.301809264,0.247048327,-0.076217014,0.017616112,-0.001979907
4.960000000,-2.184816796,-1.959227055,2.215743945,-1.308336857,-1.931619578,-2.035817026,2.236315690,-1.310205503,0.253197218,-0.076589972,0.020571745,-0.001868646
5.000000000,-2.157007794,-1.994917861,2.243017566,-1.319750218,-1.929959938,-2.035624544,2.256594258,-1.321393955,0.227047856,-0.040706684,0.013576692,-0.001643736
5.030000000,-2.161539058,-1.994873591,2.256723315,-1.327291283,-1.928682470,-2.035462156,2.271804729,-1.329786160,0.232856588,-0.040588565,0.015081414,-0.002494877
5.060000000,-2.166109863,-1.994822741,2.266929051,-1.335741283,-1.927370854,-2.035277183,2.287014234,-1.338182009,0.238739009,-0.040454442,0.020085183,-0.002440726
5.100000000,-2.172250113,-1.994725489,2.284468022,-1.346251106,-1.925572697,-2.035011148,2.307295172,-1.349374996,0.246677416,-0.040285659,0.022827150,-0.003123890
5.130000000,-2.176909516,-1.994618597,2.298221932,-1.354023596,-1.924187569,-2.034802456,2.322504464,-1.357763797,0.252721947,-0.040183858,0.024282533,-0.003740201
5.160000000,-2.181625521,-1.994501446,2.314833087,-1.362493596,-1.922771320,-2.034579045,2.337714481,-1.366150494,0.258854202,-0.040077599,0.022881395,-0.003656898
5.200000000,-2.187989951,-1.994317538,2.339101938,-1.374041135,-1.920848177,-2.034253732,2.357994107,-1.377339512,0.267141775,-0.039936194,0.018892169,-0.003298376
5.230000000,-2.192813227,-1.994145317,2.353729299,-1.381361044,-1.919379677,-2.033994599,2.373203967,-1.385732726,0.273433550,-0.039849282,0.019474668,-0.004371683
5.260000000,-2.197676834,-1.993943471,2.364199992,-1.389983544,-1.917881732,-2.033729562,2.388414466,-1.394122066,0.279795103,-0.039786091,0.024214474,-0.004138523
5.300000000,-2.204246566,-1.993618145,2.392099906,-1.401316494,-1.915841402,-2.033363289,2.408694057,-1.405306142,0.288405164,-0.039745145,0.016594151,-0.003989649
5.330000000,-2.209236768,-1.993346418,2.411904889,-1.409596604,-1.914276631,-2.033070202,2.423904756,-1.413698999,0.294960138,-0.039723785,0.011999868,-0.004102394
5.360000000,-2.214273567,-1.993034470,2.426746955,-1.418046604,-1.912672805,-2.032758975,2.439113592,-1.422096729,0.301600762,-0.039724506,0.012366637,-0.004050125
5.400000000,-2.221058976,-1.992559510,2.451075579,-1.429699884,-1.910474620,-2.032332924,2.459393841,-1.433288222,0.310584356,-0.039773415,0.008318262,-0.003588338
5.430000000,-2.226205658,-1.992168861,2.465849564,-1.437795247,-1.908777733,-2.032006552,2.474602173,-1.441675576,0.317427925,-0.039837690,0.008752608,-0.003880329
5.460000000,-2.231402729,-1.991734070,2.486796701,-1.446275247,-1.907030351,-2.031664177,2.489812133,-1.450066037,0.324372379,-0.039930107,0.003015432,-0.003790791
5.500000000,-2.042640518,-2.041439806,2.508688801,-1.457744093,-1.904629307,-2.031182083,2.510089539,-1.461263770,0.138011211,0.010257723,0.001400738,-0.003519677
5.530000000,-2.045135927,-2.041641288,2.524362932,-1.466454258,-1.902771406,-2.030809156,2.525298409,-1.469661054,0.142364521,0.010832132,0.000935477,-0.003206795
5.560000000,-2.047676428,-2.041799077,2.534315055,-1.474936758,-1.900853185,-2.030431688,2.540518639,-1.478053353,0.146823243,0.011367390,0.006203584,-0.003116595
5.600000000,-2.051123421,-2.041935217,2.551058733,-1.487250276,-1.898229979,-2.029915616,2.560824204,-1.489242838,0.152893442,0.012019601,0.009765471,-0.001992562
5.630000000,-2.053746024,-2.042000611,2.565825426,-1.496175329,-1.896242067,-2.029516227,2.576057027,-1.497638964,0.157503957,0.012484385,0.010231601,-0.001463636
5.660000000,-2.056394919,-2.042040423,2.569844768,-1.504557829,-1.894282805,-2.029114487,2.591301070,-1.506040225,0.162112114,0.012925936,0.021456302,-0.001482396
5.700000000,-2.059977040,-2.042057003,2.597639841,-1.515271891,-1.891772644,-2.028591106,2.611635220,-1.517252609,0.168204396,0.013465897,0.013995379,-0.001980718
5.730000000,-2.062705555,-2.042022848,2.613034214,-1.524684194,-1.889993952,-2.028205679,2.626885910,-1.525670770,0.172711603,0.013817170,0.013851696,-0.000986576
5.760000000,-2.065485422,-2.041945293,2.627507928,-1.533164194,-1.888331771,-2.027817765,2.642136777,-1.534077333,0.177153652,0.014127528,0.014628849,-0.000913139
5.800000000,-2.069253346,-2.041768237,2.642424090,-1.544288555,-1.886265505,-2.027298455,2.662469392,-1.545266496,0.182987841,0.014469781,0.020045302,-0.000977942
5.830000000,-2.072133577,-2.041577455,2.659151128,-1.551669964,-1.884818392,-2.026915005,2.677718659,-1.553662790,0.187315185,0.014662450,0.018567531,-0.001992826
5.860000000,-2.075067366,-2.041362279,2.673333663,-1.559977464,-1.883460556,-2.026537954,2.692964054,-1.562067181,0.191606810,0.014824325,0.019630391,-0.002089717
5.900000000,-2.079053021,-2.041032532,2.691151035,-1.571149149,-1.881752644,-2.026029951,2.713290621,-1.573264721,0.197300377,0.015002581,0.022139586,-0.002115572
5.930000000,-2.082091208,-2.040736114,2.705192995,-1.579508384,-1.880539162,-2.025641443,2.728532025,-1.581655574,0.201552046,0.015094670,0.023339030,-0.002147190
5.960000000,-2.085177373,-2.040400308,2.730871909,-1.587625884,-1.879383471,-2.025253111,2.743773147,-1.590048957,0.205793902,0.015147197,0.012901238,-0.002423073
6.000000000,-2.001363855,-2.038434307,2.755350441,-1.598129517,-1.877907949,-2.024741520,2.764090645,-1.601246390,0.123455906,0.013692787,0.008740204,-0.003116873
6.030000000,-2.003281537,-2.037966749,2.770605041,-1.606810054,-1.876843003,-2.024355712,2.779327823,-1.609644164,0.126438534,0.013611037,0.008722782,-0.002834110
6.060000000,-2.005240289,-2.037457707,2.774818912,-1.615057554,-1.875811514,-2.023960099,2.794567895,-1.618037188,0.129428775,0.013497609,0.019748983,-0.002979634
6.100000000,-2.007935384,-2.036728869,2.801867229,-1.624911866,-1.874478280,-2.023428568,2.814891393,-1.629226891,0.133457104,0.013300302,0.013024164,-0.004315025
6.130000000,-2.009993886,-2.036143427,2.816680721,-1.632557620,-1.873517404,-2.023036219,2.830135305,-1.637623182,0.136476481,0.013107209,0.013454584,-0.005065562
6.160000000,-2.012081168,-2.035532953,2.830259825,-1.641005120,-1.872611535,-2.022648022,2.845379371,-1.646017502,0.139469633,0.012884931,0.015119546,-0.005012382
6.200000000,-2.014892877,-2.034663031,2.848104619,-1.651733461,-1.871497624,-2.022120691,2.865706067,-1.657200370,0.143395253,0.012542340,0.017601449,-0.005466910
6.230000000,-2.017023404,-2.033969877,2.861771366,-1.660514571,-1.870740422,-2.021716286,2.880948015,-1.665578813,0.146282982,0.012253591,0.019176649,-0.005064243
6.260000000,-2.019181442,-2.033238898,2.871183602,-1.669239571,-1.870063361,-2.021312133,2.896190422,-1.673961721,0.149118081,0.011926765,0.025006820,-0.004722150
6.300000000,-2.022098750,-2.032202631,2.888725505,-1.681080745,-1.869260235,-2.020777188,2.916509760,-1.685153281,0.152838515,0.011425443,0.027784254,-0.004072536
6.330000000,-2.024324236,-2.031371123,2.903180727,-1.690357565,-1.868724269,-2.020371216,2.931749472,-1.693546648,0.155599967,0.010999907,0.028568745,-0.003189083
6.360000000,-2.026574579,-2.030484047,2.923214036,-1.698965065,-1.868244354,-2.019955372,2.946986387,-1.701933337,0.158330225,0.010528675,0.023772351,-0.002968272
6.400000000,-2.029601494,-2.029221489,2.951565339,-1.710418746,-1.867668180,-2.019399283,2.967301892,-1.713117976,0.161933314,0.009822206,0.015736553,-0.002699229
6.430000000,-2.031910353,-2.028232941,2.966454703,-1.717893343,-1.867277493,-2.018987959,2.982536635,-1.721511902,0.164632861,0.009244981,0.016081932,-0.003618559
6.460000000,-2.034235997,-2.027210860,2.979093253,-1.726478343,-1.866919856,-2.018577545,2.997770465,-1.729906044,0.167316141,0.008633315,0.018677212,-0.003427701
6.500000000,-2.006943504,-1.967936368,3.000247703,-1.737658446,-1.866476034,-2.018021319,3.018081114,-1.741094460,0.140467470,-0.050084951,0.017833410,-0.003436014
6.530000000,-2.008870400,-1.965940286,3.014717827,-1.746545711,-1.866162767,-2.017601317,3.033312416,-1.749485011,0.142707633,-0.051661030,0.018594589,-0.002939299
6.560000000,-2.010833361,-1.963907892,3.026005805,-1.755048211,-1.865864458,-2.017188879,3.048542780,-1.757876510,0.144968903,-0.053280987,0.022536974,-0.002828298
6.600000000,-2.013492598,-1.961142436,3.049915771,-1.766530266,-1.865480137,-2.016649946,3.068845191,-1.769065584,0.148012461,-0.055507509,0.018929420,-0.002535318
6.630000000,-2.015513366,-1.959008419,3.063726493,-1.775724074,-1.865198664,-2.016249253,3.084070128,-1.777456907,0.150314701,-0.057240835,0.020343635,-0.001732833
6.660000000,-2.017555031,-1.956829528,3.075744432,-1.783869074,-1.864923245,-2.015854080,3.099291377,-1.785849776,0.152631786,-0.059024552,0.023546945,-0.001980702
6.700000000,-2.020319854,-1.953858285,3.098866803,-1.795066196,-1.864565545,-2.015346898,3.119584860,-1.797041378,0.155754310,-0.061488613,0.020718057,-0.001975182
6.730000000,-2.022417748,-1.951564838,3.112991975,-1.803823885,-1.864303214,-2.014983336,3.134801278,-1.805435383,0.158114534,-0.063418498,0.021809303,-0.001611498
6.760000000,-2.024533873,-1.949219838,3.126756637,-1.812266385,-1.864042149,-2.014630422,3.150017265,-1.813829462,0.160491724,-0.065410584,0.023260629,-0.001563077
6.800000000,-2.027392207,-1.946033321,3.142810413,-1.824286295,-1.863689701,-2.014173212,3.170300983,-1.825022213,0.163702506,-0.068139891,0.027490570,-0.000735918
6.830000000,-2.029565194,-1.943581709,3.158670663,-1.832186226,-1.863419942,-2.013848413,3.185513065,-1.833416532,0.166145253,-0.070266704,0.026842402,-0.001230306
6.860000000,-2.031747529,-1.941097111,3.172631467,-1.840471226,-1.863141726,-2.013548813,3.200722086,-1.841809082,0.168605803,-0.072451702,0.028090619,-0.001337856
6.900000000,-2.034701815,-1.937723052,3.188711799,-1.852876201,-1.862751803,-2.013177529,3.220999304,-1.852998867,0.171950012,-0.075454478,0.032287506,-0.000122666
6.930000000,-2.036949113,-1.935160924,3.207786484,-1.861212324,-1.862440315,-2.012916624,3.236205068,-1.861393718,0.174508797,-0.077755700,0.028418584,-0.000181395
6.960000000,-2.039214114,-1.932573161,3.221783840,-1.869614824,-1.862107331,-2.012679421,3.251409135,-1.869789846,0.177106783,-0.080106260,0.029625295,-0.000175023
7.000000000,-2.036789814,-1.925344649,3.235867494,-1.879589063,-1.861632954,-2.012406719,3.271679439,-1.880980347,0.175156860,-0.087062071,0.035811945,-0.001391284
7.030000000,-2.039008091,-1.922589694,3.249028508,-1.889072748,-1.861250907,-2.012234288,3.286879967,-1.889371074,0.177757184,-0.089644594,0.037851460,-0.000298326
7.060000000,-2.041243936,-1.919790265,3.276335329,-1.897365248,-1.860837083,-2.012088247,3.302080366,-1.897765450,0.180406853,-0.092297982,0.025745037,-0.000400202
7.100000000,-2.044252526,-1.916013401,3.295137556,-1.908394579,-1.860240078,-2.011933039,3.322344410,-1.908962572,0.184012448,-0.095919638,0.027206854,-0.000567993
7.130000000,-2.046542060,-1.913125916,3.308559030,-1.916850552,-1.859759127,-2.011855120,3.337542600,-1.917357763,0.186782933,-0.098729204,0.028983570,-0.000507211
7.160000000,-2.048843850,-1.910183845,3.322721024,-1.925298052,-1.859243858,-2.011819316,3.352737863,-1.925747936,0.189599992,-0.101635471,0.030016839,-0.000449884
7.200000000,-2.051952175,-1.906182567,3.345446323,-1.936926139,-1.858504949,-2.011820052,3.372998555,-1.936938098,0.193447227,-0.105637484,0.027552232,-0.000011959
7.230000000,-2.054303812,-1.903110997,3.364007703,-1.946019044,-1.857909190,-2.011855802,3.388191539,-1.945336274,0.196394622,-0.108744805,0.024183837,0.000682770
7.260000000,-2.056673391,-1.899982978,3.378561389,-1.954304044,-1.857272476,-2.011935237,3.403384591,-1.953733685,0.199400915,-0.111952259,0.024823202,0.000570359
7.300000000,-2.059873756,-1.895761210,3.397914052,-1.965837480,-1.856368884,-2.012108089,3.423639253,-1.964921468,0.203504872,-0.116346880,0.025725200,0.000916012
7.330000000,-2.062297579,-1.892537015,3.412019017,-1.975437093,-1.855646620,-2.012284812,3.438829679,-1.973311411,0.206650959,-0.119747797,0.026810662,0.002125682
7.360000000,-2.064717516,-1.889259098,3.425482554,-1.983834593,-1.854875284,-2.012504374,3.454018759,-1.981708350,0.209842233,-0.123245275,0.028536206,0.002126243
7.400000000,-2.067975197,-1.884818358,3.448094239,-1.994616604,-1.853781353,-2.012862713,3.474269138,-1.992906909,0.214193844,-0.128044356,0.026174900,0.001709695
7.430000000,-2.070440123,-1.881429707,3.462848704,-2.002082151,-1.852912955,-2.013188742,3.489456165,-2.001299060,0.217527168,-0.131759035,0.026607461,0.000783091
7.460000000,-2.072920626,-1.878000634,3.478127906,-2.010424651,-1.851994045,-2.013572327,3.504641148,-2.009686382,0.220926581,-0.135571694,0.026513242,0.000738269
7.500000000,-1.969054154,-1.917834383,3.496671252,-2.021597391,-1.850694558,-2.014153541,3.524887513,-2.020878527,0.118359596,-0.096319158,0.028216261,0.000718864
7.530000000,-1.970018161,-1.914948270,3.513833643,-2.029702204,-1.849662749,-2.014643969,3.540069701,-2.029278288,0.120355412,-0.099695699,0.026236059,0.000423916
7.560000000,-1.971000875,-1.912008948,3.528274351,-2.037879704,-1.848575854,-2.015198534,3.555256572,-2.037669891,0.122425021,-0.103189585,0.026982221,0.000209813
7.600000000,-1.972339811,-1.908012628,3.557530279,-2.048153406,-1.847062158,-2.016025152,3.575506732,-2.048848874,0.125277653,-0.108012524,0.017976453,-0.000695468
7.630000000,-1.973368238,-1.904967902,3.572684729,-2.056557102,-1.845891568,-2.016700845,3.590693517,-2.057231812,0.127476670,-0.111732943,0.018008788,-0.000674710
7.660000000,-1.974399875,-1.901863837,3.597216388,-2.064709602,-1.844711371,-2.017419275,3.605881755,-2.065620875,0.129688504,-0.115555438,0.008665367,-0.000911273
7.700000000,-1.975791249,-1.897631492,3.614987987,-2.074396583,-1.843165824,-2.018424632,3.626133944,-2.076808677,0.132625425,-0.120793139,0.011145956,-0.002412094
7.730000000,-1.976870557,-1.894398488,3.630687155,-2.083085151,-1.842047938,-2.019208567,3.641319622,-2.085201918,0.134822619,-0.124810079,0.010632467,-0.002116768
7.760000000,-1.977970365,-1.891111023,3.643787249,-2.091615151,-1.840983182,-2.020012510,3.656502988,-2.093597448,0.136987183,-0.128901487,0.012715739,-0.001982297
7.800000000,-1.979453575,-1.886651571,3.663245460,-2.103313501,-1.839640239,-2.021103494,3.676743608,-2.104786946,0.139813336,-0.134451923,0.013498148,-0.001473445
7.830000000,-1.980593089,-1.883257496,3.678136135,-2.112000500,-1.838693938,-2.021939385,3.691921693,-2.113176569,0.141899151,-0.138681889,0.013785558,-0.001176068
7.860000000,-1.981748765,-1.879797523,3.692995151,-2.120363000,-1.837810885,-2.022799781,3.707097366,-2.121569354,0.143937880,-0.143002258,0.014102216,-0.001206354
7.900000000,-1.983312293,-1.875094630,3.708621401,-2.131206153,-1.836713264,-2.023980473,3.727327604,-2.132761688,0.146599029,-0.148885843,0.018706202,-0.001555535
7.930000000,-1.984504771,-1.871496385,3.725356438,-2.139255548,-1.835944607,-2.024889476,3.742498353,-2.141154358,0.148560164,-0.153393091,0.017141914,-0.001898809
7.960000000,-1.985700073,-1.867850426,3.739914678,-2.147790548,-1.835227377,-2.025826160,3.757665668,-2.149546472,0.150472696,-0.157975735,0.017750990,-0.001755924
8.000000000,-2.023650929,-1.941589628,3.749771688,-2.158584139,-1.834338829,-2.027124422,3.777886871,-2.160737790,0.189312100,-0.085534794,0.028115183,-0.002153651
8.030000000,-2.025379449,-1.938946276,3.765297430,-2.166554106,-1.833719687,-2.028139474,3.793049500,-2.169132563,0.191659762,-0.089193199,0.027752070,-0.002578457
8.060000000,-2.027113109,-1.936248436,3.779140233,-2.175031606,-1.833139562,-2.029195574,3.808209711,-2.177528027,0.193973546,-0.092947138,0.029069478,-0.002496421
8.100000000,-2.029448295,-1.932564878,3.804177127,-2.185183800,-1.832409289,-2.030659797,3.828416511,-2.188721965,0.197039005,-0.098094919,0.024239384,-0.003538165
8.130000000,-2.031216458,-1.929732798,3.817357582,-2.192409846,-1.831891929,-2.031803609,3.843567506,-2.197117519,0.199324529,-0.102070811,0.026209924,-0.004707673
8.160000000,-2.032982359,-1.926830456,3.831373612,-2.200862346,-1.831403141,-2.032995478,3.858714020,-2.205511562,0.201579218,-0.106165023,0.027340409,-0.004649217
8.200000000,-2.035326929,-1.922871369,3.849301444,-2.212448439,-1.830783628,-2.034645893,3.878904437,-2.216702687,0.204543300,-0.111774524,0.029602993,-0.004254248
8.230000000,-2.037079916,-1.919852599,3.862528990,-2.220501018,-1.830338979,-2.035928321,3.894042875,-2.225096637,0.206740936,-0.116075723,0.031513885,-0.004595619
8.260000000,-2.038829995,-1.916787722,3.876271935,-2.228996018,-1.829911752,-2.037258417,3.909177442,-2.233491476,0.208918243,-0.120470694,0.032905507,-0.004495458
8.300000000,-2.041174178,-1.912617087,3.894152976,-2.240261116,-1.829361473,-2.039101801,3.929351958,-2.244682848,0.211812705,-0.126484714,0.035198983,-0.004421731
8.330000000,-2.042948888,-1.909406310,3.907082330,-2.248098158,-1.828957373,-2.040538395,3.944479001,-2.253075810,0.213991514,-0.131132085,0.037396671,-0.004977653
8.360000000,-2.044720669,-1.906127106,3.920568982,-2.256435658,-1.828553042,-2.042029770,3.959603034,-2.261469948,0.216167627,-0.135902663,0.039034052,-0.005034290
8.400000000,-2.047069618,-1.901681861,3.938646489,-2.267512837,-1.828005459,-2.044097264,3.979763238,-2.272663387,0.219064159,-0.142415403,0.041116749,-0.005150550
8.430000000,-2.048821600,-1.898276619,3.950251772,-2.276302064,-1.827585095,-2.045713072,3.994880621,-2.281056263,0.221236505,-0.147436453,0.044628848,-0.004754199
8.460000000,-2.050591740,-1.894811612,3.963486518,-2.284734564,-1.827149507,-2.047398046,4.009993951,-2.289445886,0.223442234,-0.152586433,0.046507433,-0.004711322
8.500000000,-1.958614354,-1.949329234,3.986845625,-2.296182365,-1.826538023,-2.049737394,4.030141603,-2.300634213,0.132076331,-0.100408161,0.043295978,-0.004451847
8.530000000,-1.959031177,-1.946571459,4.000763576,-2.304149492,-1.826051387,-2.051563142,4.045248555,-2.309028582,0.132979789,-0.104991683,0.044484978,-0.004879090
8.560000000,-1.959457950,-1.943750305,4.014155987,-2.312624492,-1.825534812,-2.053465173,4.060358739,-2.317421338,0.133923138,-0.109714869,0.046202752,-0.004796846
8.600000000,-1.960022581,-1.939889457,4.031759384,-2.323580490,-1.824811812,-2.056103161,4.080507177,-2.328607464,0.135210769,-0.116213703,0.048747793,-0.005026974
8.630000000,-1.960439562,-1.936939309,4.046236779,-2.332058313,-1.824254193,-2.058149181,4.095617406,-2.336994763,0.136185369,-0.121209872,0.049380627,-0.004936450
8.660000000,-1.960860558,-1.933942943,4.059515921,-2.340558313,-1.823699782,-2.060244737,4.110728774,-2.345383096,0.137160776,-0.126301793,0.051212853,-0.004824783
8.700000000,-1.961425919,-1.929866779,4.081420861,-2.350715509,-1.822994833,-2.063079115,4.130877301,-2.356570360,0.138431086,-0.133212336,0.049456440,-0.005854851
8.730000000,-1.961846455,-1.926746172,4.099942232,-2.358852130,-1.822509875,-2.065220450,4.145986072,-2.364962114,0.139336580,-0.138474277,0.046043840,-0.006109984
8.760000000,-1.962251657,-1.923541432,4.113461841,-2.367052130,-1.822084052,-2.067362646,4.161090305,-2.373355354,0.140167604,-0.143821214,0.047628463,-0.006303223
8.800000000,-1.962792675,-1.919184125,4.132240721,-2.378505329,-1.821606989,-2.070205440,4.181223908,-2.384546837,0.141185686,-0.151021315,0.048983186,-0.006041509
8.830000000,-1.963197026,-1.915844163,4.146345883,-2.386930229,-1.821322226,-2.072322165,4.196320044,-2.392938678,0.141874800,-0.156478002,0.049974162,-0.006008448
8.860000000,-1.963584074,-1.912449000,4.159727766,-2.395365229,-1.821114745,-2.074421498,4.211412686,-2.401330843,0.142469328,-0.161972497,0.051684920,-0.005965614
8.900000000,-1.964083257,-1.907848847,4.181120975,-2.407000307,-1.820942621,-2.077196972,4.231531007,-2.412522658,0.143140636,-0.169348126,0.050410033,-0.005522350
8.930000000,-1.964444786,-1.904344917,4.197455056,-2.415879649,-1.820890156,-2.079260813,4.246616423,-2.420916993,0.143554631,-0.174915896,0.049161367,-0.005037344
8.960000000,-1.964779922,-1.900788692,4.210900616,-2.424202149,-1.820911407,-2.081308402,4.261698333,-2.429310188,0.143868516,-0.180519710,0.050797717,-0.005108038
9.000000000,-1.968768828,-1.960153872,4.233079384,-2.435336511,-1.821035059,-2.084022492,4.281803498,-2.440500957,0.147733769,-0.123868620,0.048724113,-0.005164446
9.030000000,-1.969134936,-1.957391388,4.237402142,-2.444695674,-1.821196716,-2.086050532,4.296879296,-2.448895251,0.147938219,-0.128659144,0.059477155,-0.004199577
9.060000000,-1.969487002,-1.954571403,4.250509804,-2.453380674,-1.821422164,-2.088075447,4.311954725,-2.457291079,0.148064838,-0.133504043,0.061444921,-0.003910405
9.100000000,-1.969946847,-1.950732031,4.274149314,-2.465003990,-1.821801820,-2.090773612,4.332054485,-2.468485121,0.148145028,-0.140041581,0.057905170,-0.003481131
9.130000000,-1.970277524,-1.947794680,4.288689972,-2.472894050,-1.822145515,-2.092794942,4.347127627,-2.476880984,0.148132009,-0.145000262,0.058437655,-0.003986933
9.160000000,-1.970591756,-1.944801563,4.301905537,-2.481336550,-1.822551088,-2.094810628,4.362199471,-2.485277803,0.148040668,-0.150009065,0.060293934,-0.003941252
9.200000000,-1.970999670,-1.940697438,4.320686196,-2.492884934,-1.823178036,-2.097483935,4.382292664,-2.496472967,0.147821634,-0.156786497,0.061606467,-0.003588033
9.230000000,-1.971293965,-1.937540078,4.333694345,-2.501461802,-1.823713576,-2.099473742,4.397360150,-2.504868592,0.147580389,-0.161933664,0.063665806,-0.003406790
9.260000000,-1.971561997,-1.934335629,4.346810606,-2.509544302,-1.824314321,-2.101445139,4.412424731,-2.513263232,0.147247676,-0.167109510,0.065614125,-0.003718929
9.300000000,-1.971916388,-1.929989576,4.369076034,-2.521776133,-1.825201675,-2.104049087,4.432507409,-2.524455463,0.146714713,-0.174059511,0.063431375,-0.002679330
9.330000000,-1.972181586,-1.926646402,4.392138392,-2.529193023,-1.825930291,-2.105985112,4.447566803,-2.532850327,0.146251295,-0.179338710,0.055428411,-0.003657304
9.360000000,-1.972448024,-1.923249347,4.405543848,-2.537788023,-1.826717718,-2.107906399,4.462623873,-2.541245173,0.145730306,-0.184657053,0.057080024,-0.003457151
9.400000000,-1.972813531,-1.918637227,4.417418158,-2.548219067,-1.827838987,-2.110452789,4.482696887,-2.552437375,0.144974544,-0.191815562,0.065278729,-0.004218308
9.430000000,-1.973084891,-1.915116660,4.426632626,-2.556003080,-1.828729632,-2.112355343,4.497749406,-2.560830820,0.144355259,-0.197238683,0.071116781,-0.004827740
9.460000000,-1.973346959,-1.911540092,4.439558934,-2.564460580,-1.829665846,-2.114256447,4.512800022,-2.569224718,0.143681113,-0.202716354,0.073241088,-0.004764137
9.500000000,-1.967708522,-1.998815678,4.470830395,-2.575748788,-1.830967519,-2.116796394,4.532864740,-2.580416699,0.136741003,-0.117980716,0.062034345,-0.004667910
9.530000000,-1.967871028,-1.996426093,4.487645333,-2.584266960,-1.831978274,-2.118709590,4.547911643,-2.588810492,0.135892755,-0.122283498,0.060266310,-0.004543531
9.560000000,-1.968010381,-1.993978747,4.500985450,-2.592986960,-1.833018298,-2.120636643,4.562962442,-2.597202927,0.134992083,-0.126657897,0.061976993,-0.004215967
9.600000000,-1.968173827,-1.990627255,4.516151508,-2.604184642,-1.834442472,-2.123226650,4.583034860,-2.608392339,0.133731355,-0.132599395,0.066883352,-0.004207697
9.630000000,-1.968283299,-1.988049231,4.545656396,-2.612995550,-1.835541268,-2.125178462,4.598090859,-2.616783985,0.132742031,-0.137129231,0.052434463,-0.003788435
9.660000000,-1.968369583,-1.985416777,4.559261608,-2.621435550,-1.836676121,-2.127125042,4.613138841,-2.625175408,0.131693462,-0.141708265,0.053877233,-0.003739858
9.700000000,-1.968445251,-1.981855053,4.572157346,-2.632632472,-1.838246803,-2.129690767,4.633163531,-2.636364684,0.130198448,-0.147835714,0.061006184,-0.003732213
9.730000000,-1.968475487,-1.979141024,4.576487507,-2.640642285,-1.839474310,-2.131579924,4.648123969,-2.644757610,0.129001178,-0.152438900,0.071636462,-0.004115326
9.760000000,-1.968484699,-1.976388409,4.589360536,-2.648967285,-1.840756632,-2.133422383,4.662993923,-2.653152677,0.127728067,-0.157033974,0.073633387,-0.004185392
9.800000000,-1.968467106,-1.972632883,4.615390366,-2.659855612,-1.842540950,-2.135806376,4.682667778,-2.664348811,0.125926156,-0.163173494,0.067277412,-0.004493199
9.830000000,-1.968429278,-1.969745460,4.636349470,-2.669017652,-1.843933553,-2.137536226,4.697303409,-2.672746156,0.124495725,-0.167790766,0.060953940,-0.003728504
9.860000000,-1.968369007,-1.966781847,4.649235219,-2.677405152,-1.845378172,-2.139207366,4.711799277,-2.681142801,0.122990835,-0.172425519,0.062564059,-0.003737649
9.900000000,-1.968270084,-1.962737178,4.670322918,-2.689317529,-1.847370718,-2.141360765,4.730898169,-2.692339273,0.120899365,-0.178623587,0.060575250,-0.003021744
9.930000000,-1.968185052,-1.959636557,4.683340287,-2.697670791,-1.848911890,-2.142922965,4.745031823,-2.700738346,0.119273162,-0.183286409,0.061691535,-0.003067555
9.960000000,-1.968093782,-1.956483969,4.695639884,-2.706213291,-1.850494237,-2.144436321,4.758951229,-2.709137840,0.117599545,-0.187952352,0.063311345,-0.002924548
10.000000000,-1.987202294,-2.053230585,4.723147025,-2.717238714,-1.852651032,-2.146395383,4.777193009,-2.720336228,0.134551263,-0.093164798,0.054045984,-0.003097514
10.030000000,-1.987345674,-2.051435578,4.736671659,-2.725379451,-1.854300061,-2.147825846,4.790629057,-2.728734353,0.133045613,-0.096390268,0.053957398,-0.003354902
10.060000000,-1.987471433,-2.049590094,4.748445149,-2.733819451,-1.855976775,-2.149224021,4.803804762,-2.737133131,0.131494659,-0.099633927,0.055359613,-0.003313681
10.100000000,-1.987629404,-2.047019324,4.768985718,-2.744742395,-1.858244453,-2.151046785,4.820992835,-2.748332797,0.129384952,-0.104027461,0.052007117,-0.003590402
10.130000000,-1.987733099,-2.045027922,4.783296227,-2.753291578,-1.859968065,-2.152375643,4.833592595,-2.756729168,0.127765034,-0.107347721,0.050296368,-0.003437590
10.160000000,-1.987828028,-2.042993436,4.794256229,-2.761394078,-1.861715930,-2.153651309,4.845785057,-2.765117363,0.126112098,-0.110657874,0.051528828,-0.003723285
10.200000000,-1.987943128,-2.040217072,4.801929833,-2.772724486,-1.864057242,-2.155246134,4.861274596,-2.776320527,0.123885886,-0.115029062,0.059344763,-0.003596041
10.230000000,-1.988012188,-2.038092343,4.816497203,-2.781571757,-1.865780201,-2.156327603,4.872299567,-2.784717121,0.122231987,-0.118235260,0.055802365,-0.003145365
10.260000000,-1.988044942,-2.035928563,4.825615846,-2.790006757,-1.867423115,-2.157255525,4.882755777,-2.793060484,0.120621827,-0.121326962,0.057139932,-0.003053727
10.300000000,-1.988023027,-2.032958718,4.825762309,-2.801159275,-1.869491694,-2.158258053,4.895998219,-2.804163636,0.118531333,-0.125299336,0.070235911,-0.003004361
10.330000000,-1.987967886,-2.030679488,4.829554565,-2.810071582,-1.870947375,-2.158819324,4.905422230,-2.812541387,0.117020512,-0.128139835,0.075867665,-0.002469805
10.360000000,-1.987894206,-2.028352807,4.836485660,-2.818566582,-1.872268877,-2.159163725,4.914370165,-2.820945824,0.115625328,-0.130810918,0.077884506,-0.002379241
10.400000000,-1.987770549,-2.025185906,4.852601165,-2.830771230,-1.873781695,-2.159295895,4.925721602,-2.832068542,0.113988854,-0.134109989,0.073120436,-0.001297312
10.430000000,-1.987651457,-2.022753307,4.865475980,-2.838542213,-1.874710781,-2.159136267,4.933816895,-2.840363854,0.112940676,-0.136382960,0.068340916,-0.001821641
10.460000000,-1.987511407,-2.020274026,4.871426311,-2.846839713,-1.875432692,-2.158710378,4.941515693,-2.848716974,0.112078715,-0.138436352,0.070089382,-0.001877260
10.500000000,-1.920474468,-2.047539176,4.900840002,-2.858057101,-1.876080916,-2.157769092,4.951249532,-2.859930520,0.044393551,-0.110229916,0.050409531,-0.001873420
10.530000000,-1.919350094,-2.045433527,4.910387686,-2.867218003,-1.876285059,-2.156765443,4.958164033,-2.868299278,0.043065035,-0.111331916,0.047776347,-0.001081275
10.560000000,-1.918209017,-2.043299774,4.915787624,-2.875825503,-1.876174213,-2.155451947,4.964687710,-2.876589500,0.042034804,-0.112152172,0.048900086,-0.000763997
10.600000000,-1.916633774,-2.040391800,4.925973312,-2.887339384,-1.875607726,-2.153281287,4.972890918,-2.887696931,0.041026048,-0.112889487,0.046917606,-0.000357547
10.630000000,-1.915419646,-2.038169321,4.931052709,-2.895072238,-1.874862036,-2.151328894,4.978671228,-2.896125459,0.040557610,-0.113159572,0.047618519,-0.001053221
10.660000000,-1.914205725,-2.035922668,4.935314405,-2.903227238,-1.873753884,-2.149027869,4.984110837,-2.904548783,0.040451841,-0.113105201,0.048796431,-0.001321545
10.700000000,-1.912564524,-2.032916174,4.946144816,-2.914352246,-1.871743885,-2.145468122,4.990937524,-2.915650757,0.040820639,-0.112551948,0.044792708,-0.001298512
10.730000000,-1.911317698,-2.030640073,4.948007221,-2.923007800,-1.869834427,-2.142425006,4.995753569,-2.923961470,0.041483271,-0.111784933,0.047746349,-0.000953669
10.760000000,-1.910071029,-2.028329963,4.951348750,-2.931195300,-1.867523206,-2.139011387,5.000278052,-2.932381955,0.042547823,-0.110681424,0.048929302,-0.001186654
10.800000000,-1.908378435,-2.025203202,4.951826304,-2.942331923,-1.863857744,-2.133966663,5.005938711,-2.943647910,0.044520691,-0.108763460,0.054112407,-0.001315988
10.830000000,-1.907096645,-2.022835365,4.959661406,-2.951200569,-1.860630926,-2.129814369,5.009914953,-2.952006217,0.046465719,-0.106979004,0.050253547,-0.000805648
10.860000000,-1.905795913,-2.020423386,4.962110179,-2.959700569,-1.856912085,-2.125302780,5.013633713,-2.960310349,0.048883827,-0.104879394,0.051523534,-0.000609780
10.900000000,-1.904037950,-2.017168639,4.947633546,-2.971012535,-1.851305427,-2.118825762,5.018282719,-2.971494201,0.052732523,-0.101657123,0.070649172,-0.000481666
10.930000000,-1.902699303,-2.014710983,4.971395414,-2.979253789,-1.846598293,-2.113629299,5.021535316,-2.979954904,0.056101010,-0.098918316,0.050139901,-0.000701114
10.960000000,-1.901339379,-2.012239433,4.973208192,-2.987706289,-1.841345148,-2.108097768,5.024581709,-2.988354590,0.059994231,-0.095858335,0.051373517,-0.000648301
11.000000000,-1.783220337,-2.058626398,4.978273498,-2.998767866,-1.833588812,-2.100287354,5.028380451,-2.999454369,-0.050368474,-0.041660956,0.050106954,-0.000686502
11.030000000,-1.780132502,-2.056848294,4.979055759,-3.007398927,-1.827219307,-2.094115174,5.031031994,-3.007818821,-0.047086805,-0.037266880,0.051976234,-0.000419894
11.060000000,-1.777035368,-2.055055319,4.980211883,-3.015773927,-1.820297937,-2.087640460,5.033481004,-3.016282358,-0.043262569,-0.032585142,0.053269121,-0.000508431
11.100000000,-1.772902525,-2.052667827,4.979142744,-3.027516048,-1.810289234,-2.078606238,5.036493008,-3.027534938,-0.037386709,-0.025938411,0.057350264,-0.000018890
11.130000000,-1.769791782,-2.050872733,4.988511107,-3.036731835,-1.802179863,-2.071524683,5.038556540,-3.035887769,-0.032388082,-0.020651950,0.050045433,0.000844066
11.160000000,-1.766676484,-2.049077887,4.989185056,-3.045349335,-1.793481846,-2.064128285,5.040442252,-3.044255513,-0.026805362,-0.015050399,0.051257196,0.001093822
11.200000000,-1.762537631,-2.046695941,4.998927552,-3.056459483,-1.781115765,-2.053839849,5.042729059,-3.055560222,-0.018578134,-0.007143908,0.043801507,0.000899261
11.230000000,-1.759447319,-2.044892360,4.995821655,-3.065251567,-1.771242299,-2.045807143,5.044274496,-3.064061024,-0.011794980,-0.000914784,0.048452841,0.001190542
11.260000000,-1.756351282,-2.043061994,4.996060477,-3.073559067,-1.760737387,-2.037475172,5.045645945,-3.072446631,-0.004386105,0.005586822,0.049585468,0.001112435
11.300000000,-1.752239138,-2.040601471,4.992160479,-3.083720712,-1.745897969,-2.026005558,5.047244599,-3.083574441,0.006341169,0.014595913,0.055084120,0.000146271
11.330000000,-1.749145613,-2.038740813,4.996031621,-3.092139051,-1.734163082,-2.017159860,5.048287585,-3.091999316,0.014982531,0.021580953,0.052255964,0.000139735
11.360000000,-1.746064258,-2.036871738,4.995686619,-3.100256551,-1.721814207,-2.008098151,5.049187019,-3.100474338,0.024250051,0.028773587,0.053500400,-0.000217787
11.400000000,-1.741978374,-2.034368936,4.995284692,-3.111391784,-1.704487314,-1.995757906,5.050220668,-3.111689302,0.037491060,0.038611031,0.054935976,-0.000297518
11.430000000,-1.738922772,-2.032487880,4.985036951,-3.118951996,-1.690844806,-1.986327391,5.050863680,-3.120042729,0.048077966,0.046160490,0.065826729,-0.001090733
11.460000000,-1.735879280,-2.030614825,4.983919666,-3.127399496,-1.676582781,-1.976740579,5.051392255,-3.128437769,0.059296499,0.053874246,0.067472588,-0.001038273
11.500000000,-1.832404524,-2.038071628,5.000600026,-3.138435182,-1.656751462,-1.963771720,5.051948109,-3.139707715,0.175653062,0.074299908,0.051348084,-0.001272534
11.530000000,-1.830883957,-2.036354884,5.006094577,3.136738438,-1.641243335,-1.953917229,5.052276820,3.135045478,0.189640622,0.082437655,0.046182244,-0.001692959
11.560000000,-1.829396478,-2.034658297,5.005340918,3.128450938,-1.625090456,-1.943948710,5.052499193,3.126673667,0.204306023,0.090709588,0.047158275,-0.001777270
11.600000000,-1.827454364,-2.032439369,5.006181817,3.116791960,-1.602733157,-1.930524213,5.052641184,3.115496693,0.224721208,0.101915156,0.046459367,-0.001295267
11.630000000,-1.826004343,-2.030798778,5.009891346,3.109159669,-1.585372112,-1.920370122,5.052625107,3.107058106,0.240632231,0.110428656,0.042733761,-0.002101563
11.660000000,-1.824594803,-2.029182151,5.008889447,3.100287169,-1.567404270,-1.910149716,5.052505211,3.098613426,0.257190533,0.119032435,0.043615764,-0.001673742
11.700000000,-1.822769532,-2.027047634,5.014923823,3.088742739,-1.542616054,-1.896460137,5.052222356,3.087416320,0.280153479,0.130587498,0.037298533,-0.001326420
11.730000000,-1.821444659,-2.025450665,5.010009661,3.080899041,-1.523421362,-1.886158996,5.051920419,3.079033684,0.298023297,0.139291668,0.041910758,-0.001865358
11.760000000,-1.820151801,-2.023865824,5.008779753,3.072376541,-1.503659416,-1.875834574,5.051538162,3.070613068,0.316492385,0.148031250,0.042758410,-0.001763473
11.800000000,-1.818463060,-2.021778498,5.015863513,3.060897521,-1.476554026,-1.862050677,5.050923278,3.059362471,0.341909034,0.159727821,0.035059765,-0.001535050
11.830000000,-1.817253644,-2.020233183,5.012525430,3.052425554,-1.455639733,-1.851707516,5.050395314,3.050956037,0.361613911,0.168525667,0.037869885,-0.001469517
11.860000000,-1.816082349,-2.018719169,5.011142948,3.044275554,-1.434150998,-1.841366185,5.049790522,3.042581938,0.381931352,0.177352984,0.038647574,-0.001693616
11.900000000,-1.814582440,-2.016729755,5.008760427,3.032785352,-1.404787061,-1.827585653,5.048900528,3.031385857,0.409795379,0.189144101,0.040140101,-0.001399495
11.930000000,-1.813516163,-2.015259705,5.008178078,3.024255598,-1.382245736,-1.817261270,5.048170977,3.022955866,0.431270427,0.197998435,0.039992899,-0.001299732
11.960000000,-1.812500162,-2.013810485,5.006496233,3.015670598,-1.359169601,-1.806957705,5.047399376,3.014541338,0.453330561,0.206852780,0.040903143,-0.001129260
12.000000000,-1.679236350,-1.930250918,5.015414915,3.004676002,-1.327690455,-1.793258361,5.046307727,3.003370282,0.351545895,0.136992557,0.030892811,-0.001305721
12.030000000,-1.676413561,-1.927640481,5.015395558,2.996121842,-1.303581066,-1.783015566,5.045454816,2.994989630,0.372832495,0.144624916,0.030059258,-0.001132212
12.060000000,-1.673640563,-1.925035463,5.013860258,2.987769342,-1.279005934,-1.772808000,5.044562498,2.986574535,0.394634629,0.152227462,0.030702240,-0.001194807
12.100000000,-1.670023435,-1.921578643,5.012845235,2.976355272,-1.245608043,-1.759259077,5.043321234,2.975354463,0.424415392,0.162319566,0.030475999,-0.001000809
12.130000000,-1.667389973,-1.918996009,5.015075889,2.967508728,-1.220077281,-1.749154791,5.042347290,2.966970960,0.447312692,0.169841217,0.027271401,-0.000537768
12.160000000,-1.664809033,-1.916421781,5.013418330,2.958958728,-1.194092132,-1.739116915,5.041336827,2.958597714,0.470716901,0.177304866,0.027918496,-0.000361014
12.200000000,-1.661443394,-1.913045808,5.010959505,2.948198307,-1.158895607,-1.725830837,5.039965223,2.947401236,0.502547786,0.187214970,0.029005719,-0.000797071
12.230000000,-1.658994229,-1.910552381,5.003464071,2.939380477,-1.132092937,-1.715950193,5.038919685,2.938991134,0.526901292,0.194602188,0.035455614,-0.000389343
12.260000000,-1.656628496,-1.908082812,5.001445330,2.931310477,-1.104871025,-1.706169248,5.037868258,2.930596138,0.551757470,0.201913565,0.036422929,-0.000714339
12.300000000,-1.653565532,-1.904833362,4.998841200,2.919544621,-1.068041386,-1.693271226,5.036452606,2.919417510,0.585524146,0.211562136,0.037611406,-0.000127111
12.330000000,-1.651353303,-1.902425863,5.006374095,2.911558277,-1.040058619,-1.683705064,5.035402049,2.911025150,0.611294684,0.218720799,0.029027953,-0.000533127
12.360000000,-1.649217012,-1.900036892,5.004498644,2.903218277,-1.011739707,-1.674249423,5.034360685,2.902621541,0.637477305,0.225787468,0.029862041,-0.000596737
12.400000000,-1.646480692,-1.896857856,4.999497129,2.891943090,-0.973516292,-1.661803304,5.032995349,2.891425542,0.672964400,0.235054552,0.033498220,-0.000517548
12.430000000,-1.644510791,-1.894488533,5.008995340,2.883842197,-0.944503416,-1.652594677,5.031968812,2.883040663,0.700007375,0.241893856,0.022973472,-0.000801534
12.460000000,-1.642597976,-1.892147697,5.007250852,2.875614697,-0.915185299,-1.643508052,5.030952410,2.874656835,0.727412677,0.248639645,0.023701558,-0.000957862
12.500000000,-1.405851139,-1.753723266,5.017881081,2.864574637,-0.875733118,-1.631550720,5.029617284,2.863467160,0.530118021,0.122172547,0.011736203,-0.001107477
12.530000000,-1.400741428,-1.749480293,5.009022539,2.856341890,-0.845869048,-1.622706807,5.028632032,2.855075040,0.554872380,0.126773486,0.019609493,-0.001266850
12.560000000,-1.395712261,-1.745248253,5.007273014,2.847889390,-0.815722063,-1.613994383,5.027649022,2.846692748,0.579990198,0.131253870,0.020376007,-0.001196642
12.600000000,-1.389096620,-1.739626041,5.010012207,2.835970956,-0.775191035,-1.602550476,5.026333684,2.835519718,0.613905585,0.137075565,0.016321477,-0.000451238
12.630000000,-1.384219213,-1.735423024,5.014257256,2.828280584,-0.744578960,-1.594095148,5.025357749,2.827134813,0.639640253,0.141327877,0.011100493,-0.001145771
12.660000000,-1.379437594,-1.731229574,5.012685333,2.819998084,-0.713763952,-1.585778193,5.024399115,2.818745516,0.665673642,0.145451381,0.011713782,-0.001252569
12.700000000,-1.373190662,-1.725645999,5.018852535,2.808716254,-0.672393964,-1.574895559,5.023152028,2.807554371,0.700796698,0.150750441,0.004299493,-0.001161883
12.730000000,-1.368617352,-1.721478970,5.019865628,2.801336396,-0.641171549,-1.566890465,5.022227142,2.799155851,0.727445804,0.154588505,0.002361514,-0.002180544
12.760000000,-1.364122708,-1.717331412,5.018507831,2.792778896,-0.609798984,-1.559031497,5.021323152,2.790762703,0.754323724,0.158299915,0.002815321,-0.002016193
12.800000000,-1.358239691,-1.711818891,5.009247994,2.782639950,-0.567793562,-1.548740189,5.020137269,2.779581043,0.790446130,0.163078702,0.010889275,-0.003058907
12.830000000,-1.353938584,-1.707703362,5.013382118,2.774379315,-0.536145649,-1.541166266,5.019272933,2.771195299,0.817792935,0.166537096,0.005890815,-0.003184016
12.860000000,-1.349716434,-1.703594854,5.011888231,2.765974315,-0.504355309,-1.533735699,5.018428271,2.762809759,0.845361124,0.169859155,0.006540040,-0.003164556
12.900000000,-1.344185770,-1.698144308,5.006161592,2.755037382,-0.461829552,-1.523999518,5.017358017,2.751633828,0.882356218,0.174144790,0.011196425,-0.003403554
12.930000000,-1.340138798,-1.694081184,5.008932369,2.746066891,-0.429858587,-1.516815115,5.016593319,2.743254755,0.910280211,0.177266069,0.007660949,-0.002812136
12.960000000,-1.336180643,-1.690044212,5.007391182,2.737774391,-0.397805865,-1.509751465,5.015875379,2.734874771,0.938374778,0.180292746,0.008484197,-0.002899619
13.000000000,-1.044053960,-1.641053083,5.008034926,2.726728699,-0.354950506,-1.500499851,5.014973633,2.723700584,0.689103454,0.140553232,0.006938708,-0.003028115
13.030000000,-1.036138742,-1.636418148,4.996130070,2.717441610,-0.322744875,-1.493676315,5.014335027,2.715321876,0.713393867,0.142741834,0.018204957,-0.002119734
13.060000000,-1.028300557,-1.631800959,4.994287592,2.709236610,-0.290514211,-1.486951397,5.013734947,2.706946270,0.737786347,0.144849562,0.019447355,-0.002290340
13.100000000,-1.017960269,-1.625670985,4.991970691,2.697715230,-0.247511682,-1.478111318,5.012985053,2.695777253,0.770448587,0.147559667,0.021014362,-0.001937978
13.130000000,-1.010303469,-1.621081248,4.983693718,2.690120051,-0.215225485,-1.471576449,5.012474113,2.687403060,0.795077984,0.149504799,0.028780395,-0.002716991
13.160000000,-1.002723050,-1.616516845,4.981607387,2.681847551,-0.182916156,-1.465121732,5.012007040,2.679033804,0.819806894,0.151395113,0.030399654,-0.002813747
13.200000000,-0.992704349,-1.610482449,4.985832215,2.670796033,-0.139852298,-1.456589565,5.011454077,2.667870189,0.852852051,0.153892883,0.025621862,-0.002925844
13.230000000,-0.985281137,-1.605994686,4.994668602,2.662177859,-0.107576845,-1.450238975,5.011091576,2.659488267,0.877704291,0.155755711,0.016422974,-0.002689592
13.260000000,-0.977949886,-1.601527878,4.993099936,2.653957859,-0.075310454,-1.443947964,5.010788580,2.651108886,0.902639432,0.157579914,0.017688645,-0.002848973
13.300000000,-0.968322626,-1.595583923,4.993839512,2.642020573,-0.032308588,-1.435645942,5.010430022,2.639943863,0.936014038,0.159937981,0.016590509,-0.002076710
13.330000000,-0.961185834,-1.591143859,5.001894965,2.633276466,-0.000104638,-1.429473840,5.010193442,2.631566807,0.961081196,0.161670019,0.008298477,-0.001709659
13.360000000,-0.954142462,-1.586719074,5.000675178,2.624836466,0.032022950,-1.423347656,5.009984770,2.623184921,0.986165412,0.163371418,0.009309592,-0.001651544
13.400000000,-0.944896295,-1.580871346,5.011167895,2.613263485,0.074769102,-1.415253981,5.009761489,2.612008269,1.019665398,0.165617366,-0.001406406,-0.001255217
13.430000000,-0.938053486,-1.576506493,5.015165127,2.605126369,0.106768760,-1.409246928,5.009622342,2.603625054,1.044822246,0.167259565,-0.005542785,-0.001501315
13.460000000,-0.931291759,-1.572174902,5.014426304,2.596711369,0.138685640,-1.403291380,5.009503133,2.595242035,1.069977399,0.168883522,-0.004923171,-0.001469334
13.500000000,-0.488805319,-1.452668916,5.008037225,2.585638071,0.181090064,-1.395395114,5.009368060,2.584064606,0.669895384,0.057273802,0.001330835,-0.001573465
13.530000000,-0.475968645,-1.446721614,5.003273902,2.576274716,0.212780409,-1.389505912,5.009279906,2.575680987,0.688749054,0.057215702,0.006006003,-0.000593729
13.560000000,-0.463227038,-1.440802122,5.002158462,2.567802216,0.244375010,-1.383659294,5.009218531,2.567295705,0.707602048,0.057142828,0.007060069,-0.000506511
13.600000000,-0.446361416,-1.432926735,4.992997002,2.555997994,0.286359218,-1.375908152,5.009175180,2.556117402,0.732720634,0.057018583,0.016178178,0.000119408
13.630000000,-0.433800488,-1.427043411,4.984110030,2.548029976,0.317713146,-1.370105845,5.009187199,2.547733522,0.751513634,0.056937565,0.025077169,-0.000296454
13.660000000,-0.421321761,-1.421184651,4.982446173,2.539619976,0.348923255,-1.364301528,5.009240922,2.539346528,0.770245016,0.056883123,0.026794749,-0.000273447
13.700000000,-0.404807408,-1.413409736,4.972529213,2.528418712,0.390372717,-1.356569347,5.009389205,2.528167371,0.795180125,0.056840389,0.036859992,-0.000251341
13.730000000,-0.392511202,-1.407603639,4.956446278,2.520492115,0.421342238,-1.350774179,5.009551863,2.519791429,0.813853440,0.056829459,0.053105585,-0.000700686
13.760000000,-0.380285514,-1.401815066,4.954088626,2.511944615,0.452169040,-1.344961128,5.009776565,2.511415973,0.832454554,0.056853938,0.055687938,-0.000528642
13.800000000,-0.364111507,-1.394138400,4.953942274,2.499919637,0.493056813,-1.337165120,5.010155027,2.500235603,0.857168320,0.056973280,0.056212753,0.000315966
13.830000000,-0.352094204,-1.388413023,4.967279106,2.491876272,0.523573477,-1.331290584,5.010517182,2.491848150,0.875667681,0.057122439,0.043238076,-0.000028121
13.860000000,-0.340164143,-1.382722565,4.965555735,2.483266272,0.553956366,-1.325397685,5.010948594,2.483469990,0.894120509,0.057324880,0.045392859,0.000203718
13.900000000,-0.324379555,-1.375185641,4.962059612,2.471412701,0.594265776,-1.317495423,5.011591463,2.472302606,0.918645331,0.057690218,0.049531851,0.000889905
13.930000000,-0.312619370,-1.369560190,4.962307212,2.463435352,0.624325207,-1.311515424,5.012110172,2.463916826,0.936944577,0.058044766,0.049802960,0.000481474
13.960000000,-0.300948251,-1.363952948,4.960565559,2.455150352,0.654215164,-1.305481255,5.012661618,2.455523273,0.955163415,0.058471692,0.052096059,0.000372921
14.000000000,0.117306038,-1.378782430,4.963682674,2.444745024,0.693869560,-1.297380612,5.013457054,2.444343913,0.576563523,0.081401818,0.049774380,-0.000401111
14.030000000,0.134629971,-1.373561040,4.973610329,2.436485896,0.723458750,-1.291258540,5.014088094,2.435970543,0.588828778,0.082302500,0.040477765,-0.000515353
14.060000000,0.151883857,-1.368383497,4.972311528,2.428008396,0.752872406,-1.285065650,5.014758757,2.427595609,0.600988549,0.083317847,0.042447229,-0.000412787
14.100000000,0.174755802,-1.361546188,4.976466006,2.415945253,0.791850749,-1.276695978,5.015687884,2.416413109,0.617094947,0.084850209,0.039221878,0.000467856
14.130000000,0.191810492,-1.356459067,4.979756998,2.407464670,0.820923246,-1.270333982,5.016409513,2.408031484,0.629112754,0.086125085,0.036652515,0.000566813
14.160000000,0.208794227,-1.351399274,4.978692234,2.399012170,0.849850354,-1.263875764,5.017139555,2.399666907,0.641056127,0.087523509,0.038447320,0.000654736
14.200000000,0.231346112,-1.344702819,4.982177234,2.387944071,0.888216467,-1.255097210,5.018122267,2.388505883,0.656870355,0.089605609,0.035945033,0.000561812
14.230000000,0.248179743,-1.339706993,4.987277153,2.379645904,0.916834577,-1.248372690,5.018854066,2.380105888,0.668654834,0.091334303,0.031576913,0.000459984
14.260000000,0.264952178,-1.334734048,4.986381475,2.371213404,0.945309351,-1.241516861,5.019584988,2.371703953,0.680357173,0.093217188,0.033203513,0.000490549
14.300000000,0.287206809,-1.328160777,4.988978331,2.359961953,0.983095994,-1.232217563,5.020550342,2.360538372,0.695889185,0.095943214,0.031572011,0.000576420
14.330000000,0.303823525,-1.323276549,4.986642648,2.351531190,1.011288189,-1.225117567,5.021264465,2.352169952,0.707464663,0.098158982,0.034621817,0.000638761
14.360000000,0.320372545,-1.318443719,4.985637133,2.343188690,1.039313530,-1.217879111,5.021969205,2.343775494,0.718940985,0.100564608,0.036332072,0.000586804
14.400000000,0.342347883,-1.312055420,4.985917190,2.331416311,1.076464852,-1.208054653,5.022899277,2.332570664,0.734116969,0.104000767,0.036982087,0.001154352
14.430000000,0.358753477,-1.307290887,4.991236103,2.322736510,1.104179875,-1.200571140,5.023596009,2.324185227,0.745426398,0.106719747,0.032359906,0.001448717
14.460000000,0.375098179,-1.302576247,4.990275920,2.314539010,1.131744763,-1.192970057,5.024286615,2.315814182,0.756646584,0.109606190,0.034010695,0.001275172
14.500000000,0.663486060,-1.235068575,5.009418064,2.303984870,1.168277298,-1.182653663,5.025208323,2.304630115,0.504791238,0.052414911,0.015790259,0.000645245
14.530000000,0.683538587,-1.229592289,5.007039301,2.295914274,1.195511558,-1.174777693,5.025888940,2.296222404,0.511972972,0.054814596,0.018849638,0.000308130
14.560000000,0.703511482,-1.224142666,5.006442252,2.287411774,1.222598471,-1.166778887,5.026555942,2.287824537,0.519086989,0.057363778,0.020113690,0.000412763
14.600000000,0.730037960,-1.216943138,5.006336567,2.276279450,1.258527972,-1.155954835,5.027398557,2.276656400,0.528490013,0.060988303,0.021061989,0.000376950
14.630000000,0.749861549,-1.211602315,5.008038526,2.267028123,1.285325456,-1.147700270,5.028002700,2.268275539,0.535463907,0.063902046,0.019964174,0.001247416
14.660000000,0.769639127,-1.206294510,5.007294584,2.258773123,1.311968004,-1.139294650,5.028577266,2.259867553,0.542328877,0.066999859,0.021282683,0.001094430
14.700000000,0.795895580,-1.199292656,5.005263544,2.248084938,1.347307473,-1.127901115,5.029318966,2.248658089,0.551411894,0.071391542,0.024055422,0.000573150
14.730000000,0.815504958,-1.194118596,5.010274864,2.238939512,1.373688567,-1.119227022,5.029852711,2.240278843,0.558183610,0.074891574,0.019577848,0.001339331
14.760000000,0.835039488,-1.188999396,5.009488614,2.230712012,1.399942537,-1.110412114,5.030365922,2.231908099,0.564903050,0.078587281,0.020877308,0.001196086
14.800000000,0.861001714,-1.182254196,5.017155130,2.219085784,1.434766512,-1.098447218,5.031025940,2.220709063,0.573764798,0.083806978,0.013870810,0.001623279
14.830000000,0.880393168,-1.177259308,5.018505130,2.210539525,1.460756737,-1.089319903,5.031497099,2.212292771,0.580363569,0.087939405,0.012991969,0.001753246
14.860000000,0.899716202,-1.172314877,5.017819756,2.202067025,1.486637969,-1.080057524,5.031943393,2.203902201,0.586921767,0.092257353,0.014123637,0.001835176
14.900000000,0.925367280,-1.165805711,5.028595042,2.191751157,1.521003701,-1.067523521,5.032487967,2.192742734,0.595636421,0.098282190,0.003892925,0.000991577
14.930000000,0.944552064,-1.161000971,5.012158115,2.182379732,1.546661784,-1.057966888,5.032863947,2.184353549,0.602109720,0.103034083,0.020705832,0.001973816
14.960000000,0.963680194,-1.156240332,5.011094258,2.174082232,1.572205278,-1.048250261,5.033193422,2.175934081,0.608525084,0.107990070,0.022099164,0.001851849
15.000000000,1.211972473,-1.106684923,5.019669200,2.162639032,1.606134816,-1.035107724,5.033580647,2.164729991,0.394162343,0.071577199,0.013911447,0.002090959
15.030000000,1.234162260,-1.101400725,5.023531950,2.154436514,1.631494156,-1.025117644,5.033839157,2.156361285,0.397331896,0.076283082,0.010307207,0.001924771
15.060000000,1.256306985,-1.096179347,5.022650074,2.145706514,1.656758136,-1.014977173,5.034074294,2.147986919,0.400451152,0.081202174,0.011424219,0.002280404
15.100000000,1.285761423,-1.089306869,5.025712179,2.134702756,1.690311472,-1.001240078,5.034335631,2.136775415,0.404550049,0.088066791,0.008623452,0.002072659
15.130000000,1.307775344,-1.084240839,5.022822917,2.127130612,1.715389267,-0.990786604,5.034492607,2.128361941,0.407613922,0.093454235,0.011669690,0.001231330
15.160000000,1.329710535,-1.079230434,5.021749859,2.118710612,1.740394408,-0.980198950,5.034605834,2.119983290,0.410683873,0.099031484,0.012855975,0.001272678
15.200000000,1.358872458,-1.072641841,5.010327977,2.107278141,1.773634077,-0.965891492,5.034698586,2.108821863,0.414761619,0.106750349,0.024370609,0.001543722
15.230000000,1.380669204,-1.067776946,5.006911283,2.100144181,1.798482335,-0.955005194,5.034728850,2.100419157,0.417813132,0.112771753,0.027817568,0.000274976
15.260000000,1.402400080,-1.062967793,5.005149979,2.091889181,1.823255981,-0.943971970,5.034729920,2.091998982,0.420855901,0.118995823,0.029579941,0.000109801
15.300000000,1.431277498,-1.056645068,5.001860972,2.080012643,1.856207084,-0.929093801,5.034716563,2.080812029,0.424929587,0.127551267,0.032855590,0.000799385
15.330000000,1.452859411,-1.051980787,4.991165105,2.071244949,1.880861950,-0.917810207,5.034696103,2.072445570,0.428002539,0.134170580,0.043530998,0.001200621
15.360000000,1.474378223,-1.047389604,4.988934121,2.062992449,1.905451351,-0.906385072,5.034677730,2.064053333,0.431073129,0.141004532,0.045743610,0.001060884
15.400000000,1.502978101,-1.041360334,4.988393633,2.051867739,1.938152945,-0.890966583,5.034655094,2.052830720,0.435174844,0.150393751,0.046261461,0.000962981
15.430000000,1.524363641,-1.036907857,4.984267635,2.043484446,1.962625206,-0.879285449,5.034657780,2.044429247,0.438261565,0.157622408,0.050390145,0.000944801
15.460000000,1.545692203,-1.032515854,4.981904618,2.034951946,1.987043823,-0.867502131,5.034680021,2.036055381,0.441351620,0.165013723,0.052775403,0.001103434
15.500000000,1.780397870,-0.918982019,4.993735845,2.024057114,2.019505754,-0.851644960,5.034750994,2.024878835,0.239107885,0.067337058,0.041015149,0.000821722
15.530000000,1.804606221,-0.913199363,4.997977018,2.015594140,2.043762203,-0.839644822,5.034833758,2.016479803,0.239155983,0.073554541,0.036856740,0.000885664
15.560000000,1.828750661,-0.907477760,4.996190485,2.007274140,2.067915052,-0.827568441,5.034954250,2.008107820,0.239164391,0.079909318,0.038763765,0.000833681
15.600000000,1.860866388,-0.899948344,4.992851792,1.995708804,2.099939754,-0.811420026,5.035146706,1.996964837,0.239073365,0.088528318,0.042294914,0.001256033
15.630000000,1.884903330,-0.894374625,5.004459014,1.987669597,2.123764974,-0.799300433,5.035310501,1.988611944,0.238861644,0.095074192,0.030851488,0.000942347
15.660000000,1.908898991,-0.888852648,5.002999900,1.979307097,2.147304909,-0.787204593,5.035504346,1.980299150,0.238405918,0.101648055,0.032504445,0.000992053
15.700000000,1.940828288,-0.881573066,5.001630058,1.969073432,2.178191775,-0.771182252,5.035814473,1.969269297,0.237363487,0.110390813,0.034184415,0.000195866
15.730000000,1.964727769,-0.876173133,5.002651344,1.961072946,2.200913965,-0.759298395,5.036084722,1.960940208,0.236186196,0.116874738,0.033433378,-0.000132738
15.760000000,1.988599986,-0.870829106,5.001223033,1.952822946,2.223118209,-0.747585335,5.036388534,1.952523391,0.234518224,0.123243771,0.035165501,-0.000299555
15.800000000,2.020396099,-0.863808112,4.997865183,1.941918136,2.251944032,-0.732213234,5.036850704,1.941400720,0.231547933,0.131594878,0.038985522,-0.000517416
15.830000000,2.044201993,-0.858602822,5.001391338,1.934114482,2.272937368,-0.720886224,5.037233213,1.933180223,0.228735375,0.137716599,0.035841875,-0.000934258
15.860000000,2.067968487,-0.853434487,5.000087666,1.925471982,2.293273803,-0.709796752,5.037659534,1.924901877,0.225305315,0.143637735,0.037571868,-0.000570105
15.900000000,2.099599121,-0.846655229,5.004455422,1.914862153,2.319479447,-0.695354742,5.038277879,1.913668204,0.219880326,0.151300487,0.033822458,-0.001193950
15.930000000,2.123291433,-0.841641971,5.007719108,1.905894354,2.338427072,-0.684778016,5.038778273,1.905259649,0.215135639,0.156863956,0.031059165,-0.000634706
15.960000000,2.146944200,-0.836670069,5.006768041,1.897346854,2.356647039,-0.674454042,5.039302968,1.897022085,0.209702840,0.162216027,0.032534927,-0.000324769
16.000000000,2.278777812,-0.680479953,5.014826904,1.885784971,2.379959042,-0.661053186,5.040027989,1.886037287,0.101181231,0.019426767,0.025201086,0.000252316
16.030000000,2.303807465,-0.673460234,5.013283136,1.877534060,2.396702893,-0.651293479,5.040581243,1.877626904,0.092895428,0.022166755,0.027298107,0.000092844
16.060000000,2.328800616,-0.666517992,5.012542342,1.869424060,2.412693990,-0.641820489,5.041153624,1.869022482,0.083893375,0.024697503,0.028611282,-0.000401578
16.100000000,2.362107264,-0.657377862,5.012993643,1.859149159,2.432961134,-0.629536108,5.041932721,1.857490839,0.070853870,0.027841753,0.028939078,-0.001658319
16.130000000,2.387094964,-0.650596337,5.011390569,1.850712635,2.447307045,-0.620564725,5.042514520,1.848998641,0.060212081,0.030031612,0.031123951,-0.001713994
16.160000000,2.412096958,-0.643876008,5.010644982,1.842417635,2.460699320,-0.611844532,5.043095381,1.840562363,0.048602362,0.032031476,0.032450399,-0.001855272
16.200000000,2.445439004,-0.635025092,5.012551818,1.831941538,2.477155528,-0.600574432,5.043847009,1.828976123,0.031716524,0.034450661,0.031295191,-0.002965415
16.230000000,2.470437499,-0.628446173,5.007313833,1.823024041,2.488383774,-0.592376339,5.044372886,1.820109974,0.017946275,0.036069833,0.037059052,-0.002914068
16.260000000,2.495421204,-0.621917843,5.006431759,1.814726541,2.498454847,-0.584392978,5.044849844,1.811480137,0.003033643,0.037524864,0.038418085,-0.003246405
16.300000000,2.528727820,-0.613316832,5.003475165,1.802295346,2.510337201,-0.573996132,5.045401257,1.800302553,-0.018390619,0.039320700,0.041926092,-0.001992793
16.330000000,2.553700827,-0.606953161,5.007700939,1.794136853,2.518108086,-0.566372177,5.045758282,1.791812477,-0.035592741,0.040580984,0.038057342,-0.002324377
16.360000000,2.578654700,-0.600662824,5.006778658,1.785859353,2.524767100,-0.558893407,5.046052558,1.783090173,-0.053887601,0.041769417,0.039273900,-0.002769180
16.400000000,2.611920164,-0.592381824,4.993407628,1.775514435,2.532198816,-0.549045382,5.046368888,1.771610019,-0.079721348,0.043336442,0.052961260,-0.003904416
16.430000000,2.636870907,-0.586263283,4.995212087,1.767548101,2.536716618,-0.541712803,5.046540404,1.763274819,-0.100154289,0.044550480,0.051328318,-0.004273282
16.460000000,2.661825721,-0.580220658,4.993856341,1.759380601,2.540218395,-0.534412801,5.046660105,1.754942479,-0.121607326,0.045807857,0.052803764,-0.004438121
16.500000000,2.598382131,-0.576341579,5.001078154,1.748757503,2.543589875,-0.524695204,5.046767057,1.743531301,-0.054792256,0.051646375,0.045688903,-0.005226201
16.530000000,2.621954313,-0.570539416,4.999594840,1.738556454,2.545180493,-0.517380382,5.046812159,1.734937949,-0.076773820,0.053159034,0.047217319,-0.003618505
16.560000000,2.645557283,-0.564823553,4.998331510,1.730556454,2.545875331,-0.509990261,5.046814339,1.726572662,-0.099681953,0.054833292,0.048482828,-0.003983793
16.600000000,2.677054720,-0.557321508,5.004397319,1.717979134,2.545676769,-0.500004253,5.046742317,1.715518219,-0.131377951,0.057317256,0.042344998,-0.002460915
16.630000000,2.700693757,-0.551763196,5.003330822,1.709875610,2.544736609,-0.492402036,5.046635382,1.707085920,-0.155957148,0.059361160,0.043304560,-0.002789689
16.660000000,2.724366149,-0.546276469,5.002090109,1.701718110,2.543069376,-0.484651792,5.046479244,1.698571177,-0.181296773,0.061624677,0.044389136,-0.003146933
16.700000000,2.755983911,-0.539066363,5.016389463,1.689763245,2.539954654,-0.474059008,5.046215540,1.687404467,-0.216029257,0.065007355,0.029826077,-0.002358778
16.730000000,2.779755876,-0.533726378,5.016611302,1.680350117,2.536992563,-0.465899435,5.045975349,1.679138261,-0.242763314,0.067826943,0.029364048,-0.001211856
16.760000000,2.803568798,-0.528454259,5.015677582,1.672110117,2.533443295,-0.457521508,5.045696671,1.670775991,-0.270125503,0.070932752,0.030019089,-0.001334126
16.800000000,2.835387625,-0.521541294,5.019024369,1.661189961,2.527965031,-0.446038663,5.045257944,1.659477052,-0.307422594,0.075502631,0.026233575,-0.001712909
16.830000000,2.859299140,-0.516445453,5.022079995,1.652337151,2.523314253,-0.437161275,5.044883180,1.651049435,-0.335984887,0.079284178,0.022803185,-0.001287717
16.860000000,2.883262412,-0.511432598,5.021171489,1.644032151,2.518141399,-0.427992919,5.044460235,1.642747085,-0.365121013,0.083439679,0.023288746,-0.001285066
16.900000000,2.915297052,-0.504881140,5.023865237,1.633431098,2.510576417,-0.415380589,5.043850131,1.631639801,-0.404720634,0.089500551,0.019984894,-0.001791297
16.930000000,2.939375014,-0.500073069,5.013446703,1.624646601,2.504421017,-0.405628745,5.043354477,1.623191949,-0.434953996,0.094444324,0.029907774,-0.001454652
16.960000000,2.963521232,-0.495362364,5.012127466,1.616444101,2.497804235,-0.395558964,5.042825174,1.614735488,-0.465716997,0.099803400,0.030697708,-0.001708613
17.000000000,2.771647674,-0.373180974,5.023780361,1.605044518,2.488393322,-0.381673137,5.042077433,1.603605260,-0.283254352,-0.008492162,0.018297071,-0.001439257
17.030000000,2.792695177,-0.366978946,5.021839330,1.596894677,2.480911329,-0.370911874,5.041494603,1.595293808,-0.311783848,-0.003932928,0.019655273,-0.001600869
17.060000000,2.813816699,-0.360859435,5.020704015,1.588449677,2.473026082,-0.359810285,5.040892822,1.586875892,-0.340790617,0.001049151,0.020188807,-0.001573785
17.100000000,2.842065142,-0.352856127,5.026720324,1.577629119,2.462012801,-0.344530782,5.040044815,1.575581498,-0.380052342,0.008325345,0.013324491,-0.002047621
17.130000000,2.863307919,-0.346973636,5.034338452,1.568809265,2.453415390,-0.332682969,5.039377393,1.567190466,-0.409892529,0.014290667,0.005038942,-0.001618799
17.160000000,2.884595131,-0.341186161,5.033489764,1.560646765,2.444535683,-0.320433044,5.038679925,1.558889040,-0.440059448,0.020753118,0.005190161,-0.001757725
17.200000000,2.913047715,-0.333607392,5.038659999,1.549299504,2.432387265,-0.303582641,5.037722641,1.547764122,-0.480660450,0.030024750,-0.000937359,-0.001535382
17.230000000,2.934445192,-0.328028327,5.039324773,1.540168356,2.423073394,-0.290562139,5.036973159,1.539348641,-0.511371798,0.037466188,-0.002351614,-0.000819715
17.260000000,2.955907083,-0.322546985,5.038520729,1.531628356,2.413572195,-0.277138193,5.036199619,1.530943104,-0.542334888,0.045408793,-0.002321110,-0.000685252
17.300000000,2.984646946,-0.315375564,5.035068158,1.519898395,2.400655968,-0.258680555,5.035134061,1.519817112,-0.583990978,0.056695009,0.000065903,-0.000081283
17.330000000,3.006295396,-0.310112596,5.040448069,1.511387258,2.390778612,-0.244428074,5.034311026,1.511479061,-0.615516783,0.065684522,-0.006137043,0.000091802
17.360000000,3.028027154,-0.304937368,5.039548853,1.502979758,2.380705165,-0.229781572,5.033468812,1.503066426,-0.647321989,0.075155797,-0.006080042,0.000086668
17.400000000,3.057120505,-0.298210655,5.030018043,1.490353563,2.367009505,-0.209711067,5.032326834,1.491816120,-0.690111000,0.088499588,0.002308791,0.001462558
17.430000000,3.079023921,-0.293299614,5.016760328,1.482091124,2.356541035,-0.194233999,5.031452256,1.483441757,-0.722482887,0.099065615,0.014691927,0.001350633
17.460000000,3.101001109,-0.288489134,5.015074731,1.473611124,2.345878131,-0.178336892,5.030558332,1.475112778,-0.755122978,0.110152242,0.015483601,0.001501653
17.500000000,2.927251121,-0.165608171,5.015920944,1.461885554,2.331404236,-0.156608031,5.029366525,1.463926964,-0.595846885,0.009000140,0.013445582,0.002041410
17.530000000,2.946443355,-0.159351778,5.016840985,1.454030060,2.320360489,-0.139912691,5.028482062,1.455480398,-0.626082866,0.019439087,0.011641078,0.001450338
17.560000000,2.965683656,-0.153197366,5.015210637,1.445327560,2.309136365,-0.122800646,5.027605927,1.447081535,-0.656547291,0.030396720,0.012395290,0.001753976
17.600000000,2.991417968,-0.145144897,5.012963948,1.433946524,2.293949380,-0.099426702,5.026412505,1.435957241,-0.697468588,0.045718195,0.013448557,0.002010717
17.630000000,3.010785270,-0.139239092,5.018957540,1.425479008,2.282413499,-0.081493805,5.025498531,1.427599196,-0.728371771,0.057745287,0.006540991,0.002120187
17.660000000,3.030212738,-0.133451635,5.017428721,1.416946508,2.270765583,-0.063171059,5.024572360,1.419186588,-0.759447155,0.070280576,0.007143639,0.002240080
17.700000000,3.056194381,-0.125921564,5.018953456,1.404767790,2.255130936,-0.038212271,5.023330113,1.407982030,-0.801063444,0.087709292,0.004376657,0.003214240
17.730000000,3.075751649,-0.120416002,5.014246362,1.397166540,2.243345052,-0.019096589,5.022382225,1.399610731,-0.832406597,0.101319413,0.008135863,0.002444191
17.760000000,3.095380524,-0.115026722,5.012597785,1.388654040,2.231503878,0.000397340,5.021421746,1.391232394,-0.863876646,0.115424062,0.008823961,0.002578355
17.800000000,3.121678030,-0.108027899,5.013558265,1.377928938,2.215635013,0.026871893,5.020129414,1.380009021,-0.906043018,0.134899792,0.006571149,0.002080083
17.830000000,3.141493888,-0.102928746,5.011333301,1.368661161,2.203668276,0.047094107,5.019159862,1.371587086,-0.937825612,0.150022853,0.007826561,0.002925925
17.860000000,3.161386336,-0.097960978,5.009612697,1.360113661,2.191630338,0.067690014,5.018185845,1.363210259,-0.969755999,0.165650993,0.008573148,0.003096599
17.900000000,3.188014408,-0.091549286,5.017285175,1.349398154,2.175474000,0.095631252,5.016871873,1.352062634,-1.012540408,0.187180538,-0.000413302,0.002664479
17.930000000,3.208074290,-0.086881099,5.019247607,1.340960219,2.163273505,0.116929496,5.015877012,1.343667030,-1.044800785,0.203810594,-0.003370596,0.002706810
17.960000000,3.228194540,-0.082361432,5.017766891,1.332540219,2.150993522,0.138565323,5.014868434,1.335246843,-1.077201018,0.220926755,-0.002898456,0.002706624
18.000000000,2.832155677,0.034763453,5.010614240,1.321053843,2.134525846,0.167870015,5.013501789,1.324069197,-0.697629831,0.133106562,0.002887549,0.003015354
18.030000000,2.846322781,0.040556213,5.016131289,1.311749808,2.122108805,0.190181900,5.012453871,1.315717338,-0.724213976,0.149625687,-0.003677418,0.003967531
18.060000000,2.860566259,0.046228770,5.014554549,1.303469808,2.109626540,0.212803377,5.011410219,1.307316555,-0.750939719,0.166574607,-0.003144331,0.003846748
18.100000000,2.879665944,0.053566458,5.002443038,1.292840353,2.092923766,0.243367624,5.010039992,1.296060381,-0.786742178,0.189801166,0.007596954,0.003220028
18.130000000,2.894069689,0.058898149,4.998785037,1.284079848,2.080397985,0.266602487,5.009032505,1.287642659,-0.813671704,0.207704338,0.010247468,0.003562811
18.160000000,2.908534033,0.064102378,4.996760077,1.275657348,2.067942621,0.290142873,5.008059542,1.279261063,-0.840591412,0.226040495,0.011299465,0.003603714
18.200000000,2.927926229,0.070839476,4.991090034,1.263474038,2.051498468,0.321878549,5.006834202,1.268062967,-0.876427761,0.251039073,0.015744168,0.004588929
18.230000000,2.942540455,0.075714413,4.997808557,1.255339021,2.039307439,0.345905883,5.005971805,1.259652740,-0.903233016,0.270191470,0.008163248,0.004313719
18.260000000,2.957220434,0.080437332,4.995974892,1.246791521,2.027263550,0.370158249,5.005165923,1.251249352,-0.929956884,0.289720918,0.009191031,0.004457832
18.300000000,2.976914817,0.086489740,4.982708229,1.235938642,2.011386272,0.402819289,5.004155225,1.240062304,-0.965528545,0.316329549,0.021446996,0.004123662
18.330000000,2.991755957,0.090872526,4.975551380,1.226769816,1.999590109,0.427550457,5.003427889,1.231689983,-0.992165847,0.336677930,0.027876510,0.004920167
18.360000000,3.006680309,0.095116520,4.973209905,1.218222316,1.987871338,0.452488782,5.002742400,1.223308035,-1.018808971,0.357372263,0.029532495,0.005085719
18.400000000,3.026690459,0.100544432,4.969423229,1.207058740,1.972321884,0.486011992,5.001889896,1.212101213,-1.054368575,0.385467560,0.032466667,0.005042473
18.430000000,3.041781776,0.104417777,4.959712547,1.198859036,1.960711144,0.511376726,5.001310329,1.203715460,-1.081070632,0.406958949,0.041597782,0.004856424
18.460000000,3.056926016,0.108145046,4.957122296,1.190556536,1.949142793,0.536963583,5.000768556,1.195374017,-1.107783223,0.428818537,0.043646260,0.004817482
18.500000000,2.530753702,0.327667214,4.961775582,1.179233195,1.933751304,0.571331547,5.000096187,1.184233341,-0.597002398,0.243664334,0.038320605,0.005000146
18.530000000,2.538139070,0.334165341,4.970089889,1.169468500,1.922223221,0.597277839,4.999629202,1.175833600,-0.615915849,0.263112498,0.029539312,0.006365100
18.560000000,2.545580935,0.340508814,4.968008259,1.160778500,1.910715866,0.623405408,4.999207040,1.167449306,-0.634865069,0.282896594,0.031198781,0.006670805
18.600000000,2.555586278,0.348735390,4.958137843,1.150477484,1.895432950,0.658494429,4.998671069,1.156326787,-0.660153328,0.309759039,0.040533226,0.005849303
18.630000000,2.563153674,0.354751879,4.961689156,1.141434427,1.884053455,0.684978077,4.998273659,1.148000422,-0.679100218,0.330226198,0.036584504,0.006565995
18.660000000,2.570761932,0.360625530,4.959482039,1.132849427,1.872816886,0.711584918,4.997913966,1.139651382,-0.697945046,0.350959387,0.038431927,0.006801955
18.700000000,2.580965883,0.368231079,4.968471872,1.121319689,1.858103536,0.747185261,4.997503956,1.128492005,-0.722862347,0.378954181,0.029032084,0.007172316
18.730000000,2.588667402,0.373757878,4.967849922,1.113535291,1.847296039,0.773966669,4.997238551,1.120097393,-0.741371363,0.400208791,0.029388629,0.006562102
18.760000000,2.596436091,0.379126938,4.966014299,1.104945291,1.836710201,0.800816319,4.997003957,1.111682958,-0.759725890,0.421689381,0.030989658,0.006737666
18.800000000,2.606891207,0.386034367,4.965289357,1.093580985,1.822849274,0.836694148,4.996716567,1.100475341,-0.784041933,0.450659781,0.031427210,0.006894356
18.830000000,2.614804218,0.391028066,4.949212246,1.084345795,1.812614561,0.863665710,4.996514408,1.092082578,-0.802189657,0.472637644,0.047302162,0.007736783
18.860000000,2.622781085,0.395852235,4.946888130,1.075843295,1.802512888,0.890715442,4.996328248,1.083695792,-0.820268197,0.494863207,0.049440118,0.007852497
18.900000000,2.633506787,0.402036239,4.937158493,1.064252950,1.789186206,0.926891781,4.996102880,1.072528729,-0.844320581,0.524855542,0.058944387,0.008275779
18.930000000,2.641613696,0.406499362,4.938235359,1.055542621,1.779275174,0.954098545,4.995967886,1.064157720,-0.862338522,0.547599183,0.057732527,0.008615099
18.960000000,2.649794779,0.410810030,4.935740719,1.047097621,1.769428980,0.981373209,4.995869447,1.055777887,-0.880365800,0.570563179,0.060128729,0.008680266
19.000000000,2.318673305,0.662379120,4.939400139,1.034543628,1.756376004,1.017836124,4.995787476,1.044606622,-0.562297301,0.355457004,0.056387337,0.010062994
19.030000000,2.322036930,0.669880893,4.935553418,1.025994047,1.746636076,1.045256904,4.995756370,1.036238200,-0.575400854,0.375376011,0.060202952,0.010244154
19.060000000,2.325449679,0.677212542,4.933137443,1.017601547,1.736932543,1.072739503,4.995755578,1.027859451,-0.588517136,0.395526961,0.062618135,0.010257904
19.100000000,2.330047411,0.686725584,4.935438468,1.007214237,1.724038033,1.109449155,4.995789810,1.016663619,-0.606009377,0.422723572,0.060351342,0.009449383
19.130000000,2.333540984,0.693656732,4.940813714,0.999012069,1.714416498,1.137030408,4.995847534,1.008262324,-0.619124487,0.443373676,0.055033820,0.009250255
19.160000000,2.337074253,0.700431687,4.938745405,0.990854569,1.704873723,1.164655892,4.995940907,0.999870354,-0.632200531,0.464224205,0.057195502,0.009015785
19.200000000,2.341854080,0.709218216,4.934874647,0.980004173,1.692273184,1.201512544,4.996108421,0.988680686,-0.649580896,0.492294329,0.061233774,0.008676513
19.230000000,2.345486113,0.715623829,4.933507542,0.971731840,1.682911430,1.229145020,4.996265929,0.980281939,-0.662574683,0.513521191,0.062758387,0.008550100
19.260000000,2.349159359,0.721881628,4.931320810,0.963261840,1.673633209,1.256760889,4.996455199,0.971885134,-0.675526150,0.534879261,0.065134389,0.008623294
19.300000000,2.354122396,0.729998592,4.917392338,0.952854442,1.661369869,1.293580400,4.996764438,0.960699978,-0.692752527,0.563581807,0.079372099,0.007845536
19.330000000,2.357891448,0.735898327,4.927601350,0.944484892,1.652240978,1.321197477,4.997031563,0.952322477,-0.705650470,0.585299150,0.069430213,0.007837585
19.360000000,2.361704279,0.741647180,4.925445025,0.936044892,1.643155145,1.348803439,4.997345839,0.943944472,-0.718549135,0.607156259,0.071900814,0.007899580
19.400000000,2.366864489,0.749070994,4.932614283,0.925363694,1.631075726,1.385588825,4.997826086,0.932755044,-0.735788763,0.636517830,0.065211804,0.007391350
19.430000000,2.370783635,0.754428239,4.949943296,0.917863506,1.622042199,1.413171628,4.998227706,0.924364169,-0.748741436,0.658743389,0.048284411,0.006500663
19.460000000,2.374729617,0.759604986,4.948651578,0.909413506,1.613033882,1.440755901,4.998649909,0.915994170,-0.761695735,0.681150916,0.049998332,0.006580664
19.500000000,2.052221671,1.027121206,4.967723722,0.898217649,1.601035611,1.477517186,4.999221691,0.904837335,-0.451186060,0.450395981,0.031497969,0.006619686
19.530000000,2.051506208,1.035705297,4.958816503,0.890093699,1.592032484,1.505060302,4.999637983,0.896451194,-0.459473724,0.469355004,0.040821480,0.006357495
19.560000000,2.050827372,1.044125473,4.957699285,0.881636199,1.583024643,1.532578003,5.000033040,0.888060883,-0.467802730,0.488452530,0.042333756,0.006424684
19.600000000,2.049982850,1.055086037,4.954722615,0.870266142,1.571027179,1.569247935,5.000541135,0.876893738,-0.478955671,0.514161898,0.045818520,0.006627596
19.630000000,2.049397240,1.063117996,4.969811696,0.861802337,1.562050482,1.596727637,5.000911900,0.868532994,-0.487346757,0.533609640,0.031100204,0.006730658
19.660000000,2.048851608,1.070989083,4.968979657,0.853422337,1.553104131,1.624157709,5.001290285,0.860168524,-0.495747477,0.553168626,0.032310627,0.006746187
19.700000000,2.048177976,1.081242268,4.966257480,0.842909627,1.541232580,1.660638526,5.001806679,0.849001864,-0.506945396,0.579396258,0.035549199,0.006092237
19.730000000,2.047699575,1.088734461,4.970944796,0.834921363,1.532382928,1.687927507,5.002194463,0.840624490,-0.515316647,0.599193046,0.031249667,0.005703127
19.760000000,2.047240590,1.096044033,4.970090843,0.826528863,1.523589053,1.715146129,5.002579373,0.832243770,-0.523651536,0.619102096,0.032488530,0.005714907
19.800000000,2.046698248,1.105519694,4.966840372,0.817431083,1.511918078,1.751337007,5.003102495,0.821064893,-0.534780170,0.645817313,0.036262124,0.003633809
19.830000000,2.046339942,1.112438497,4.967574749,0.809411151,1.503190828,1.778402917,5.003497637,0.812676481,-0.543149114,0.665964420,0.035922887,0.003265330
19.860000000,2.046005684,1.119189231,4.966523841,0.801113651,1.494482883,1.805401126,5.003897279,0.804286382,-0.551522800,0.686211895,0.037373438,0.003172731
19.900000000,2.045597700,1.127947388,4.974503290,0.789980910,1.482894084,1.841323144,5.004438144,0.793109372,-0.562703617,0.713375756,0.029934854,0.003128462
19.930000000,2.045331682,1.134329669,4.973840245,0.781571711,1.474208974,1.868207435,5.004847208,0.784731936,-0.571122708,0.733877767,0.031006964,0.003160226
19.960000000,2.045114080,1.140547417,4.972954068,0.773154211,1.465515547,1.895028266,5.005254361,0.776347164,-0.579598533,0.754480849,0.032300293,0.003192954
20.000000000,1.772010778,1.533365926,4.968756547,0.762176700,1.453907536,1.930708370,5.005780235,0.765157901,-0.318103242,0.397342444,0.037023688,0.002981201
20.030000000,1.767929985,1.544755852,4.974671767,0.753712458,1.445191612,1.957415562,5.006164006,0.756770755,-0.322738373,0.412659711,0.031492239,0.003058297
20.060000000,1.763884511,1.555991911,4.973687866,0.745067458,1.436462397,1.984071928,5.006543830,0.748387450,-0.327422114,0.428080018,0.032855964,0.003319992
20.100000000,1.758560894,1.570733884,4.987113541,0.733944157,1.424795649,2.019537284,5.007061748,0.737198968,-0.333765245,0.448803400,0.019948207,0.003254810
20.130000000,1.754610261,1.581604451,4.985436787,0.725366966,1.416028823,2.046076712,5.007453460,0.728797873,-0.338581438,0.464472261,0.022016673,0.003430906
20.160000000,1.750687852,1.592312755,4.984711410,0.716744466,1.407261343,2.072558824,5.007842073,0.720399510,-0.343426510,0.480246068,0.023130664,0.003655044
20.200000000,1.745503317,1.606353773,4.987997101,0.705090583,1.395580427,2.107785425,5.008335399,0.709212788,-0.349922890,0.501431652,0.020338297,0.004122205
20.230000000,1.741650710,1.616705458,4.995557569,0.697171069,1.386819490,2.134132559,5.008692480,0.700819636,-0.354831220,0.517427101,0.013134911,0.003648567
20.260000000,1.737830360,1.626897808,4.995036675,0.688783569,1.378050814,2.160402015,5.009036849,0.692418749,-0.359779547,0.533504207,0.014000174,0.003635180
20.300000000,1.732783387,1.640228028,4.992036618,0.677149433,1.366355111,2.195338545,5.009486152,0.681220658,-0.366428276,0.555110517,0.017449533,0.004071224
20.330000000,1.729026470,1.650029842,4.991887983,0.668696501,1.357582881,2.221483379,5.009807022,0.672833015,-0.371443589,0.571453537,0.017919039,0.004136514
20.360000000,1.725297930,1.659683146,4.991125337,0.660501501,1.348799331,2.247570477,5.010115157,0.664449049,-0.376498599,0.587887331,0.018989820,0.003947548
20.400000000,1.720375354,1.672327171,4.986875888,0.649508916,1.337055330,2.282272679,5.010519104,0.653254497,-0.383320023,0.609945509,0.023643216,0.003745581
20.430000000,1.716694674,1.681638784,4.982448857,0.641370706,1.328223945,2.308245302,5.010817742,0.644851872,-0.388470729,0.626606518,0.028368885,0.003481166
20.460000000,1.713034306,1.690815652,4.981319618,0.633050706,1.319377234,2.334175305,5.011116426,0.636461665,-0.393657072,0.643359653,0.029796808,0.003410959
20.500000000,1.565238655,1.955074507,4.982215633,0.622301697,1.307555087,2.368692877,5.011514271,0.625287760,-0.257683568,0.413618370,0.029298638,0.002986063
20.530000000,1.559556439,1.967589032,4.993397032,0.614349731,1.298656879,2.394533971,5.011820498,0.616897734,-0.260899560,0.426944940,0.018423467,0.002548003
20.560000000,1.553905292,1.979948856,4.992562988,0.606104731,1.289724416,2.420329572,5.012129305,0.608494450,-0.264180876,0.440380715,0.019566317,0.002389719
20.600000000,1.546387325,1.996174269,4.990912958,0.593948978,1.277785194,2.454677271,5.012544711,0.597300151,-0.268602131,0.458503002,0.021631753,0.003351173
20.630000000,1.540774837,2.008162129,4.995233786,0.585000875,1.268815265,2.480407189,5.012843080,0.588920981,-0.271959572,0.472245061,0.017609294,0.003920105
20.660000000,1.535192821,2.019986229,4.994367730,0.576423375,1.259823638,2.506099718,5.013130347,0.580541161,-0.275369183,0.486113489,0.018762617,0.004117786
20.700000000,1.527778560,2.035505298,4.998827148,0.564878677,1.247800154,2.540299655,5.013500686,0.569348102,-0.279978407,0.504794357,0.014673538,0.004469425
20.730000000,1.522231398,2.046963600,4.989809047,0.556881366,1.238764516,2.565911683,5.013768827,0.560950319,-0.283466882,0.518948083,0.023959780,0.004068953
20.760000000,1.516697409,2.058268563,4.988665937,0.548588866,1.229721095,2.591493498,5.014023382,0.552566292,-0.286976314,0.533224935,0.025357445,0.003977425
20.800000000,1.509375776,2.073099988,4.996519533,0.537502890,1.217645558,2.625561355,5.014344192,0.541392975,-0.291730219,0.552461368,0.017824659,0.003890085
20.830000000,1.503906321,2.084037352,5.009276917,0.528983478,1.208566181,2.651078566,5.014580455,0.532999280,-0.295340140,0.567041214,0.005303538,0.004015801
20.860000000,1.498452333,2.094815973,5.008672324,0.520625978,1.199466385,2.676567134,5.014808790,0.524595295,-0.298985948,0.581751161,0.006136466,0.003969317
20.900000000,1.491215255,2.108934715,5.006479146,0.509338413,1.187321697,2.710527367,5.015093431,0.513406876,-0.303893559,0.601592652,0.008614285,0.004068463
20.930000000,1.485818457,2.119322890,5.014450402,0.501151527,1.178204868,2.735981932,5.015275368,0.505029334,-0.307613590,0.616659042,0.000824966,0.003877807
20.960000000,1.480450287,2.129546819,5.013837683,0.492786527,1.169068616,2.761417440,5.015431802,0.496641734,-0.311381671,0.631870621,0.001594119,0.003855207
21.000000000,1.281015388,2.438446274,5.025867805,0.480644421,1.156858970,2.795308345,5.015610982,0.485436820,-0.124156418,0.356862071,-0.010256822,0.004792398
21.030000000,1.272901455,2.452572924,5.030054361,0.472475958,1.147691541,2.820717108,5.015723401,0.477037967,-0.125209914,0.368144184,-0.014330960,0.004562009
21.060000000,1.264809249,2.466542720,5.029752484,0.463913458,1.138521547,2.846122530,5.015800305,0.468655215,-0.126287702,0.379579810,-0.013952179,0.004741758
21.100000000,1.254057314,2.484937701,5.030259322,0.452743243,1.126283863,2.879988320,5.015845426,0.457470971,-0.127773450,0.395050619,-0.014413896,0.004727728
21.130000000,1.246001646,2.498559433,5.033489599,0.443875142,1.117097742,2.905379279,5.015828027,0.449065104,-0.128903904,0.406819847,-0.017661572,0.005189961
21.160000000,1.237964028,2.512031326,5.033047767,0.435385142,1.107920714,2.930764888,5.015767709,0.440660341,-0.130043314,0.418733562,-0.017280059,0.005275199
21.200000000,1.227256153,2.529771883,5.028418486,0.423962274,1.095716663,2.964607265,5.015635533,0.429478791,-0.131539490,0.434835382,-0.012782952,0.005516517
21.230000000,1.219259524,2.542913238,5.041011398,0.415205140,1.086584787,2.989980669,5.015500267,0.421096019,-0.132674738,0.447067431,-0.025511131,0.005890878
21.260000000,1.211277676,2.555895779,5.040588773,0.406695140,1.077467639,3.015341350,5.015333245,0.412696025,-0.133810037,0.459445570,-0.025255527,0.006000885
21.300000000,1.200633281,2.572976814,5.052789658,0.396205104,1.065345803,3.049146154,5.015072373,0.401489649,-0.135287478,0.476169341,-0.037717285,0.005284546
21.330000000,1.192644650,2.585611314,5.051331660,0.388531367,1.056294736,3.074500517,5.014840250,0.393099812,-0.136349914,0.488889204,-0.036491410,0.004568445
21.360000000,1.184680158,2.598087824,5.050980783,0.380378867,1.047285429,3.099858393,5.014556232,0.384721521,-0.137394729,0.501770570,-0.036424551,0.004342654
21.400000000,1.174100699,2.614516301,5.050484594,0.369319024,1.035315656,3.133671223,5.014103945,0.373531853,-0.138785044,0.519154922,-0.036380649,0.004212829
21.430000000,1.166182036,2.626671301,5.047860769,0.361832288,1.026372891,3.159035550,5.013706997,0.365123386,-0.139809146,0.532364249,-0.034153772,0.003291099
21.460000000,1.158269947,2.638668089,5.047103481,0.353379788,1.017482085,3.184413470,5.013262874,0.356725030,-0.140787862,0.545745381,-0.033840607,0.003345242
21.500000000,1.041352350,2.919218851,5.038201085,0.342886717,1.005706924,3.218274958,5.012608197,0.345551466,-0.035645427,0.299056107,-0.025592888,0.002664748
21.530000000,1.031924677,2.934690985,5.038150848,0.334353212,0.996927263,3.243687879,5.012080147,0.337166285,-0.034997414,0.308996894,-0.026070701,0.002813073
21.560000000,1.022493115,2.950003461,5.036908844,0.325843212,0.988196150,3.269117959,5.011512696,0.328759102,-0.034296964,0.319114498,-0.025396148,0.002915890
21.600000000,1.009927542,2.970175758,5.022173927,0.314661818,0.976643772,3.303056684,5.010709655,0.317550526,-0.033283769,0.332880926,-0.011464272,0.002888708
21.630000000,1.000526220,2.985139198,5.018596246,0.305459495,0.968063242,3.328539137,5.010072272,0.309166721,-0.032462979,0.343399939,-0.008523974,0.003707225
21.660000000,0.991154178,2.999954033,5.016640625,0.297151995,0.959567604,3.354047476,5.009413629,0.300790403,-0.031586574,0.354093443,-0.007226996,0.003638408
21.700000000,0.978694127,3.019507185,5.011402669,0.285431016,0.948347765,3.388086660,5.008530712,0.289596100,-0.030346362,0.368579475,-0.002871956,0.004165084
21.730000000,0.969343184,3.034001250,4.994309332,0.277252531,0.940025536,3.413637824,5.007870276,0.281190548,-0.029317648,0.379636574,0.013560944,0.003938018
21.760000000,0.959986750,3.048349922,4.991627490,0.268767531,0.931818966,3.439214676,5.007222554,0.272804384,-0.028167784,0.390864754,0.015595064,0.004036853
21.800000000,0.947533675,3.067241243,4.995069690,0.257206072,0.921039146,3.473348920,5.006385199,0.261638433,-0.026494528,0.406107678,0.011315510,0.004432361
21.830000000,0.938206400,3.081243247,4.992260341,0.249302066,0.913070928,3.498967298,5.005797789,0.253252791,-0.025135472,0.417724051,0.013537448,0.003950724
21.860000000,0.928880437,3.095088976,4.989691273,0.240949566,0.905227535,3.524597183,5.005253267,0.244855973,-0.023652902,0.429508207,0.015561994,0.003906406
21.900000000,0.916437193,3.113317741,4.993029935,0.229992317,0.894970965,3.558777984,5.004591967,0.233674781,-0.021466228,0.445460243,0.011562033,0.003682464
21.930000000,0.907113129,3.126811456,4.981673724,0.221730937,0.887443954,3.584408597,5.004140959,0.225303276,-0.019669175,0.457597141,0.022467236,0.003572339
21.960000000,0.897805379,3.140176850,4.979003814,0.213205937,0.880081304,3.610014482,5.003740849,0.216928430,-0.017724074,0.469837632,0.024737035,0.003722493
22.000000000,0.818647471,3.292819751,4.976997817,0.202041331,0.870490116,3.644095250,5.003273273,0.205759047,0.051842645,0.351275499,0.026275455,0.003717717
22.030000000,0.808357087,3.307835095,4.976555748,0.193924319,0.863487621,3.669595058,5.002987794,0.197386433,0.055130535,0.361759963,0.026432046,0.003462113
22.060000000,0.798054298,3.322708393,4.974036063,0.185619319,0.856700591,3.695013720,5.002781293,0.189013350,0.058646293,0.372305328,0.028745230,0.003394031
22.100000000,0.784284490,3.342338613,4.977155594,0.175048454,0.847948021,3.728751833,5.002610639,0.177859114,0.063663531,0.386413221,0.025455045,0.002810661
22.130000000,0.773942904,3.356924018,4.980056524,0.165991495,0.841614026,3.753898214,5.002557376,0.169517849,0.067671122,0.396974197,0.022500852,0.003526354
22.160000000,0.763588175,3.371377190,4.977988804,0.157478995,0.835538725,3.778831120,5.002579115,0.161194737,0.071950550,0.407453930,0.024590311,0.003715742
22.200000000,0.749750926,3.390453747,4.972049000,0.146713549,0.827826420,3.811713474,5.002707215,0.150060242,0.078075494,0.421259727,0.030658215,0.003346693
22.230000000,0.739345389,3.404609135,4.972940550,0.137314943,0.822344882,3.836056118,5.002875773,0.141687259,0.082999493,0.431446984,0.029935224,0.004372316
22.260000000,0.728932488,3.418652672,4.970947471,0.129009943,0.817168729,3.860030146,5.003123283,0.133361825,0.088236241,0.441377474,0.032175812,0.004351882
22.300000000,0.715004795,3.437181184,4.955788143,0.119025691,0.810695458,3.891455153,5.003558140,0.122318916,0.095690664,0.454273970,0.047769997,0.003293226
22.330000000,0.704524753,3.450930736,4.972371848,0.111123277,0.806184070,3.914596299,5.003964269,0.113995405,0.101659316,0.463665563,0.031592421,0.002872128
22.360000000,0.694024828,3.464551222,4.970690056,0.102700777,0.802028451,3.937290378,5.004453022,0.105607183,0.108003623,0.472739156,0.033762966,0.002906406
22.400000000,0.680004303,3.482531559,4.956127550,0.090510363,0.796955591,3.966933804,5.005228449,0.094468707,0.116951288,0.484402245,0.049100899,0.003958344
22.430000000,0.669470632,3.495878471,4.959871252,0.081871141,0.793503336,3.988698208,5.005881019,0.086180820,0.124032704,0.492819737,0.046009767,0.004309678
22.460000000,0.658912935,3.509116792,4.958096260,0.073418641,0.790421904,4.009990483,5.006604948,0.077871950,0.131508969,0.500873691,0.048508688,0.004453308
22.500000000,0.616661492,3.728745416,4.962935746,0.061768519,0.786825229,4.037748188,5.007667163,0.066693508,0.170163738,0.309002772,0.044731417,0.004924989
22.530000000,0.605643354,3.744605210,4.962189592,0.053498758,0.784507173,4.058091232,5.008533160,0.058302973,0.178863818,0.313486021,0.046343568,0.004804215
22.560000000,0.594607006,3.760345852,4.960772754,0.045048758,0.782563265,4.077958457,5.009471501,0.050001169,0.187956259,0.317612605,0.048698747,0.004952412
22.600000000,0.579852685,3.781167799,4.962068537,0.034979359,0.780492553,4.103800176,5.010803886,0.038980568,0.200639868,0.322632377,0.048735350,0.004001209
22.630000000,0.568744085,3.796675296,4.963140626,0.027434118,0.779352961,4.122668006,5.011854390,0.030639626,0.210608876,0.325992710,0.048713763,0.003205508
22.660000000,0.557611038,3.812093020,4.961937274,0.019474118,0.778634649,4.140972700,5.012946375,0.022235277,0.221023610,0.328879680,0.051009101,0.002761159
22.700000000,0.542735356,3.832498114,4.965472152,0.008228428,0.778227883,4.164554171,5.014451846,0.011146449,0.235492528,0.332056057,0.048979695,0.002918021
22.730000000,0.531535797,3.847689431,4.968275392,0.001439302,0.778340342,4.181579721,5.015607065,0.002935740,0.246804545,0.333890291,0.047331673,0.001496438
22.760000000,0.520294758,3.862786144,4.967379424,-0.006758198,0.778891803,4.197907083,5.016784503,-0.005339672,0.258597045,0.335120939,0.049405079,0.001418525
22.800000000,0.505249650,3.882782048,4.974976749,-0.018351030,0.780224437,4.218715916,5.018363151,-0.016548398,0.274974787,0.335933868,0.043386402,0.001802632
22.830000000,0.493930566,3.897663531,4.980354608,-0.025829000,0.781662687,4.233591262,5.019551217,-0.024938765,0.287732121,0.335927731,0.039196609,0.000890235
22.860000000,0.482578713,3.912442071,4.979883624,-0.034319000,0.783532671,4.247732641,5.020729667,-0.033190167,0.300953959,0.335290570,0.040846043,0.001128832
22.900000000,0.467360851,3.932016224,4.975885240,-0.044493002,0.786621996,4.265613777,5.022276496,-0.044203148,0.319261146,0.333597553,0.046391256,0.000289854
22.930000000,0.455879376,3.946594535,4.977316892,-0.051300523,0.789399522,4.278300528,5.023405914,-0.052604195,0.333520147,0.331705993,0.046089022,-0.001303673
22.960000000,0.444342478,3.961087028,4.976702935,-0.059788023,0.792632853,4.290273525,5.024502293,-0.061051588,0.348290375,0.329186497,0.047799359,-0.001263566
23.000000000,0.545520643,4.094857044,4.981949511,-0.069946005,0.797536490,4.305302734,5.025924820,-0.072152357,0.252015847,0.210445690,0.043975309,-0.002206352
23.030000000,0.535525824,4.110813780,4.966849880,-0.078704470,0.801665195,4.315884951,5.026958276,-0.080411545,0.266139371,0.205071171,0.060108396,-0.001707075
23.060000000,0.525473048,4.126692491,4.965804657,-0.087159470,0.806263537,4.325790116,5.027960091,-0.088783409,0.280790489,0.199097625,0.062155434,-0.001623938
23.100000000,0.511975345,4.147748996,4.960967708,-0.098741141,0.813018233,4.338103957,5.029243481,-0.100066780,0.301042889,0.190354961,0.068275773,-0.001325639
23.130000000,0.501791814,4.163470937,4.949354817,-0.106960179,0.818535977,4.346663274,5.030181266,-0.108449082,0.316744163,0.183192337,0.080826449,-0.001488903
23.160000000,0.491553250,4.179136118,4.947761405,-0.115370179,0.824498659,4.354527772,5.031097481,-0.116715923,0.332945409,0.175391654,0.083336076,-0.001345745
23.200000000,0.477809851,4.199941726,4.960082924,-0.126752949,0.833059504,4.364053529,5.032302725,-0.127835874,0.355249654,0.164111803,0.072219801,-0.001082925
23.230000000,0.467424317,4.215490183,4.962019985,-0.136661405,0.839940446,4.370459800,5.033194784,-0.136324822,0.372516130,0.154969617,0.071174799,0.000336583
23.260000000,0.456971758,4.230994542,4.960887515,-0.144893905,0.847262471,4.376116860,5.034075161,-0.144791990,0.390290713,0.145122317,0.073187646,0.000101916
23.300000000,0.442914352,4.251599797,4.960923350,-0.157113537,0.857592961,4.382657943,5.035212278,-0.155880960,0.414678609,0.131058146,0.074288928,0.001232577
23.330000000,0.432282690,4.267014375,4.973347135,-0.164445013,0.865774536,4.386812304,5.036034092,-0.164180790,0.433491846,0.119797929,0.062686956,0.000264223
23.360000000,0.421588026,4.282391177,4.972545690,-0.172750013,0.874401335,4.390219492,5.036818506,-0.172637458,0.452813309,0.107828314,0.064272816,0.000112555
23.400000000,0.407234180,4.302830379,4.989135322,-0.183047662,0.886481136,4.393781954,5.037808234,-0.183966318,0.479246955,0.090951574,0.048672913,-0.000918656
23.430000000,0.396376751,4.318122808,5.006390920,-0.191231531,0.895957136,4.395731800,5.038499409,-0.192339409,0.499580385,0.077608992,0.032108488,-0.001107878
23.460000000,0.385430753,4.333386185,5.006480594,-0.199529031,0.905849532,4.396973492,5.039119235,-0.200632145,0.520418779,0.063587307,0.032638641,-0.001103114
23.500000000,0.535608040,4.370059641,5.008952730,-0.211476454,0.919614164,4.397699790,5.039831350,-0.211833430,0.384006124,0.027640149,0.030878620,-0.000356975
23.530000000,0.526859498,4.385497120,5.007470649,-0.219049193,0.930366752,4.397560666,5.040256921,-0.220346343,0.403507255,0.012063546,0.032786272,-0.001297150
23.560000000,0.518017620,4.400908635,5.007245453,-0.227746693,0.941528873,4.396755330,5.040570628,-0.228807749,0.423511253,-0.004153305,0.033325176,-0.001061056
23.600000000,0.506099239,4.421423172,5.012909328,-0.238774110,0.956942543,4.394809379,5.040833954,-0.239966753,0.450843304,-0.026613793,0.027924626,-0.001192643
23.630000000,0.497057273,4.436798491,5.017631325,-0.247436184,0.968904670,4.392695979,5.040923588,-0.248364181,0.471847398,-0.044102512,0.023292263,-0.000927998
23.660000000,0.487929342,4.452155780,5.017349165,-0.255821184,0.981265627,4.389925714,5.040900864,-0.256865161,0.493336285,-0.062230066,0.023551699,-0.001043977
23.700000000,0.475610945,4.472638919,5.018995838,-0.267320250,0.998248408,4.385355320,5.040722459,-0.268178977,0.522637463,-0.087283599,0.021726621,-0.000858727
23.730000000,0.466267180,4.488006526,5.021101350,-0.275195268,1.011343144,4.381270182,5.040474508,-0.276563393,0.545075964,-0.106736344,0.019373157,-0.001368125
23.760000000,0.456823901,4.503372233,5.020559008,-0.283460268,1.024792637,4.376525212,5.040114440,-0.284929844,0.567968736,-0.126847021,0.019555431,-0.001469576
23.800000000,0.444043311,4.523859056,5.011527186,-0.295122866,1.043200055,4.369318504,5.039485179,-0.296214566,0.599156744,-0.154540552,0.027957993,-0.001091700
23.830000000,0.434335063,4.539236422,5.002654922,-0.303257872,1.057349028,4.363259391,5.038901427,-0.304724536,0.623013965,-0.175977031,0.036246505,-0.001466664
23.860000000,0.424508486,4.554619767,5.001246686,-0.311470372,1.071820145,4.356556484,5.038220875,-0.313145178,0.647311659,-0.198063282,0.036974189,-0.001674806
23.900000000,0.411240266,4.575147581,5.011039616,-0.322304243,1.091538243,4.346769887,5.037202683,-0.324295970,0.680297978,-0.228377695,0.026163066,-0.001991727
23.930000000,0.401167820,4.590548763,5.000521885,-0.329900915,1.106650296,4.338795604,5.036372264,-0.332726546,0.705482476,-0.251753159,0.035850379,-0.002825630
23.960000000,0.390989889,4.605959744,4.998888972,-0.338520915,1.122079205,4.330196275,5.035471967,-0.341233644,0.731089317,-0.275763469,0.036582995,-0.002712729
24.000000000,0.607121444,4.477446369,5.022901440,-0.349757676,1.143045295,4.317916051,5.034185602,-0.352495133,0.535923852,-0.159530318,0.011284162,-0.002737458
24.030000000,0.600030883,4.490742612,5.017795448,-0.358667259,1.159056294,4.308103980,5.033164247,-0.360854177,0.559025411,-0.182638632,0.015368798,-0.002186918
24.060000000,0.592836554,4.504071967,5.016532875,-0.367224759,1.175359037,4.297695061,5.032089306,-0.369274762,0.582522484,-0.206376906,0.015556431,-0.002050004
24.100000000,0.583088616,4.521862452,5.015863710,-0.378744897,1.197475084,4.283039545,5.030559515,-0.380665018,0.614386469,-0.238822907,0.014695806,-0.001920120
24.130000000,0.575654554,4.535229266,5.015811945,-0.388053565,1.214319852,4.271488522,5.029352887,-0.389184645,0.638665298,-0.263740745,0.013540942,-0.001131080
24.160000000,0.568109544,4.548613193,5.014350364,-0.396468565,1.231396940,4.259408043,5.028095068,-0.397563016,0.663287396,-0.289205150,0.013744704,-0.001094451
24.200000000,0.557867299,4.566515127,5.017867816,-0.407207708,1.254483012,4.242619169,5.026367445,-0.408720463,0.696615713,-0.323895957,0.008499629,-0.001512756
24.230000000,0.550056056,4.579982625,5.007871008,-0.415973311,1.272041413,4.229529622,5.025034922,-0.417193283,0.721985357,-0.350453003,0.017163914,-0.001219971
24.260000000,0.542135069,4.593475718,5.006088307,-0.424523311,1.289823393,4.215966160,5.023668008,-0.425694961,0.747688324,-0.377509558,0.017579702,-0.001171649
24.300000000,0.531406299,4.611519023,5.020467527,-0.435787370,1.313789654,4.197282342,5.021813559,-0.436891442,0.782383355,-0.414236682,0.001346032,-0.001104072
24.330000000,0.523217113,4.625098878,5.008734386,-0.443899851,1.331951360,4.182828943,5.020409558,-0.445228509,0.808734248,-0.442269935,0.011675172,-0.001328658
24.360000000,0.514909017,4.638729554,5.006972567,-0.452744851,1.350307641,4.167936542,5.018995978,-0.453645518,0.835398624,-0.470793012,0.012023411,-0.000900667
24.400000000,0.503643715,4.656978612,5.003514011,-0.464675364,1.375021937,4.147509292,5.017078822,-0.464953249,0.871378223,-0.509469320,0.013564811,-0.000277884
24.430000000,0.495069094,4.670711028,5.016045179,-0.472419980,1.393708250,4.131775914,5.015635566,-0.473379184,0.898639155,-0.538935115,-0.000409613,-0.000959204
24.460000000,0.486367626,4.684490681,5.014523275,-0.480877480,1.412526836,4.115639660,5.014192874,-0.481721018,0.926159210,-0.568851021,-0.000330401,-0.000843538
24.500000000,0.783598210,4.501276235,5.011364413,-0.493048313,1.437802927,4.093583239,5.012285822,-0.492898038,0.654204717,-0.407692997,0.000921409,0.000150275
24.530000000,0.779084075,4.512315588,5.017400986,-0.501744019,1.456895084,4.076637316,5.010848256,-0.501368764,0.677811009,-0.435678272,-0.006552730,0.000375255
24.560000000,0.774437883,4.523416294,5.015931874,-0.510154019,1.476093694,4.059303069,5.009400533,-0.509843046,0.701655810,-0.464113226,-0.006531341,0.000310973
24.600000000,0.768052749,4.538296208,5.012587708,-0.521229581,1.501790168,4.035697808,5.007458819,-0.521061434,0.733737419,-0.502598400,-0.005128890,0.000168147
24.630000000,0.763105226,4.549526227,5.015746441,-0.529576562,1.521121567,4.017634282,5.005992388,-0.529443312,0.758016341,-0.531891945,-0.009754053,0.000133250
24.660000000,0.758040521,4.560811879,5.014198987,-0.538024062,1.540502187,3.999219451,5.004521641,-0.537865277,0.782461666,-0.561592428,-0.009677346,0.000158784
24.700000000,0.751124433,4.575964742,5.021910250,-0.549363167,1.566378261,3.974218797,5.002558651,-0.549125930,0.815253828,-0.601745945,-0.019351599,0.000237237
24.730000000,0.745791327,4.587428753,5.024861802,-0.558458230,1.585784678,3.955149551,5.001090578,-0.557533546,0.839993351,-0.632279201,-0.023771224,0.000924683
24.760000000,0.740322693,4.598968881,5.023606599,-0.566765730,1.605169140,3.935774252,4.999621719,-0.565898061,0.864846447,-0.663194629,-0.023984880,0.000867668
24.800000000,0.732836792,4.614472600,5.014701414,-0.577683809,1.630973999,3.909537121,4.997664713,-0.577086959,0.898137207,-0.704935478,-0.017036701,0.000596850
24.830000000,0.727088580,4.626188910,5.010282363,-0.584646438,1.650283241,3.889563112,4.996191208,-0.585526241,0.923194661,-0.736625799,-0.014091155,-0.000879803
24.860000000,0.721225893,4.637994534,5.008552627,-0.592976438,1.669519290,3.869307910,4.994724971,-0.593949848,0.948293398,-0.768686624,-0.013827655,-0.000973411
24.900000000,0.713213883,4.653859470,5.006084283,-0.604502702,1.695038275,3.841942023,4.992794265,-0.605112990,0.981824392,-0.811917447,-0.013290018,-0.000610288
24.930000000,0.707050309,4.665855313,5.002481174,-0.612532373,1.714073380,3.821150181,4.991375584,-0.613487027,1.007023070,-0.844705132,-0.011105590,-0.000954654
24.960000000,0.700765680,4.677943306,5.000616393,-0.620907373,1.732995531,3.800093874,4.989988665,-0.621916547,1.032229851,-0.877849432,-0.010627728,-0.001009175
25.000000000,1.088866278,4.440686571,4.996860109,-0.631757147,1.758043605,3.771684132,4.988190046,-0.633161672,0.669177327,-0.669002438,-0.008670063,-0.001404525
25.030000000,1.087999693,4.449306780,4.986333194,-0.639659424,1.776672864,3.750138719,4.986883888,-0.641542395,0.688673170,-0.699168060,0.000550693,-0.001882971
25.060000000,1.087010187,4.458012587,4.984168947,-0.648146924,1.795134872,3.728360484,4.985635435,-0.649918467,0.708124684,-0.729652103,0.001466489,-0.001771543
25.100000000,1.085509285,4.469766257,4.986062944,-0.658441384,1.819507079,3.699019576,4.984059779,-0.661199909,0.733997793,-0.770746682,-0.002003164,-0.002758525
25.130000000,1.084267848,4.478678463,4.976693843,-0.666362075,1.837566621,3.676802028,4.982959422,-0.669676110,0.753298773,-0.801876436,0.006265579,-0.003314035
25.160000000,1.082924974,4.487674403,4.974560953,-0.674537075,1.855357986,3.654389926,4.981945765,-0.678052517,0.772433012,-0.833284476,0.007384812,-0.003515442
25.200000000,1.080979300,4.499836447,4.957064747,-0.685286106,1.878689278,3.624243296,4.980710042,-0.689178666,0.797709979,-0.875593151,0.023645294,-0.003892559
25.230000000,1.079407091,4.509066233,4.956514261,-0.692183108,1.895882178,3.601427077,4.979876705,-0.697620388,0.816475087,-0.907639156,0.023362444,-0.005437280
25.260000000,1.077740263,4.518385624,4.954123284,-0.700590608,1.912736833,3.578413761,4.979144469,-0.706133892,0.834996570,-0.939971863,0.025021186,-0.005543284
25.300000000,1.075352690,4.530949493,4.964193424,-0.711943383,1.934700738,3.547497616,4.978329524,-0.717360305,0.859348049,-0.983451877,0.014136099,-0.005416923
25.330000000,1.073427486,4.540487193,4.948405832,-0.720628953,1.950772730,3.524146413,4.977834839,-0.725685386,0.877345244,-1.016340780,0.029429007,-0.005056433
25.360000000,1.071388701,4.550118680,4.946225964,-0.728701453,1.966440368,3.500629339,4.977454581,-0.734080925,0.895051667,-1.049489342,0.031228617,-0.005379472
25.400000000,1.068483542,4.563119479,4.940242595,-0.740192390,1.986772688,3.469067408,4.977074887,-0.745411068,0.918289146,-1.094052070,0.036832292,-0.005218678
25.430000000,1.066189378,4.572990260,4.933920381,-0.747859668,2.001575371,3.445266149,4.976901036,-0.753868990,0.935385993,-1.127724111,0.042980655,-0.006009322
25.460000000,1.063789376,4.582972283,4.931710211,-0.756342168,2.015908881,3.421357650,4.976840664,-0.762202816,0.952119505,-1.161614633,0.045130453,-0.005860648
25.500000000,1.409772745,4.263162799,4.940051869,-0.766425681,2.034395834,3.389339749,4.976928556,-0.773342467,0.624623089,-0.873823051,0.036876687,-0.006916786
25.530000000,1.412179138,4.268566538,4.943144996,-0.774846120,2.047793186,3.365225769,4.977117147,-0.781816801,0.635614048,-0.903340770,0.033972151,-0.006970680
25.560000000,1.414498850,4.274066096,4.941616927,-0.783283620,2.060703516,3.341037457,4.977414288,-0.790338193,0.646204666,-0.933028638,0.035797361,-0.007054573
25.600000000,1.417448742,4.281565094,4.930195080,-0.795004139,2.077227494,3.308736193,4.977942355,-0.801607477,0.659778752,-0.972828902,0.047747275,-0.006603338
25.630000000,1.419546044,4.287319148,4.935009297,-0.804223683,2.089084229,3.284494556,4.978425795,-0.809980499,0.669538184,-1.002824592,0.043416498,-0.005756816
25.660000000,1.421554474,4.293188918,4.933557063,-0.812358683,2.100392058,3.260249016,4.979004990,-0.818383913,0.678837584,-1.032939901,0.045447927,-0.006025231
25.700000000,1.424092297,4.301185590,4.929722818,-0.823034573,2.114713143,3.227938494,4.979903462,-0.829682073,0.690620847,-1.073247096,0.050180644,-0.006647500
25.730000000,1.425908521,4.307303822,4.927032337,-0.832871231,2.124861924,3.203742996,4.980668418,-0.838140365,0.698953403,-1.103560826,0.053636081,-0.005269134
25.760000000,1.427642823,4.313534543,4.925642780,-0.841268731,2.134394090,3.179611089,4.981517248,-0.846510595,0.706751267,-1.133923454,0.055874469,-0.005241864
25.800000000,1.429810993,4.322024550,4.913711330,-0.852025125,2.146269019,3.147535403,4.982765641,-0.857668528,0.716458026,-1.174489147,0.069054310,-0.005643403
25.830000000,1.431341213,4.328491741,4.937426750,-0.861086092,2.154543918,3.123562975,4.983785964,-0.866119198,0.723202705,-1.204928766,0.046359214,-0.005033107
25.860000000,1.432806021,4.335051337,4.936661979,-0.869456092,2.162170456,3.099699909,4.984894635,-0.874594467,0.729364435,-1.235351428,0.048232656,-0.005138375
25.900000000,1.434657188,4.343955121,4.933586726,-0.880813841,2.171450127,3.068067510,4.986492770,-0.885784062,0.736792940,-1.275887612,0.052906044,-0.004970221
25.930000000,1.435971154,4.350751348,4.934943117,-0.889208754,2.177740266,3.044495099,4.987756587,-0.894127084,0.741769111,-1.306256249,0.052813470,-0.004918330
25.960000000,1.437209757,4.357649332,4.934321860,-0.897663754,2.183364306,3.021082035,4.989073610,-0.902541606,0.746154548,-1.336567298,0.054751750,-0.004877852
26.000000000,1.673059619,3.791536490,4.956583092,-0.908857688,2.189967858,2.990103322,4.990888409,-0.913837820,0.516908240,-0.801433168,0.034305317,-0.004980131
26.030000000,1.677551519,3.790324491,4.951624169,-0.918112900,2.194238026,2.967074110,4.992292956,-0.922259174,0.516686506,-0.823250381,0.040668787,-0.004146274
26.060000000,1.681977222,3.789206656,4.951599958,-0.926530400,2.197822040,2.944271186,4.993728961,-0.930651334,0.515844818,-0.844935470,0.042129003,-0.004120934
26.100000000,1.687771795,3.787853267,4.949134056,-0.938064299,2.201693722,2.914202571,4.995660142,-0.941979246,0.513921927,-0.873650696,0.046526087,-0.003914947
26.130000000,1.692052706,3.786936127,4.955878885,-0.945775806,2.203917568,2.891951960,4.997119130,-0.950498412,0.511864862,-0.894984167,0.041240244,-0.004722606
26.160000000,1.696277484,3.786111065,4.955991530,-0.954150806,2.205465084,2.870075816,4.998596871,-0.958876736,0.509187600,-0.916035250,0.042605341,-0.004725930
26.200000000,1.701814262,3.785159757,4.968406454,-0.966196803,2.206661214,2.841474006,5.000591511,-0.969937083,0.504846952,-0.943685751,0.032185056,-0.003740280
26.230000000,1.705894792,3.784551140,4.974866023,-0.974587693,2.206937416,2.820473639,5.002107762,-0.978281190,0.501042625,-0.964077500,0.027241739,-0.003693497
26.260000000,1.709932196,3.784034683,4.975542949,-0.982712693,2.206610538,2.799965983,5.003623794,-0.986681977,0.496678342,-0.984068700,0.028080845,-0.003969284
26.300000000,1.715266280,3.783464383,4.975017904,-0.994223963,2.205364473,2.773355235,5.005635266,-0.997814674,0.490098193,-1.010109148,0.030617363,-0.003590710
26.330000000,1.719215122,3.783146831,4.978502752,-1.002971717,2.203822176,2.753978269,5.007119386,-1.006097763,0.484607054,-1.029168563,0.028616634,-0.003126046
26.360000000,1.723128472,3.782929681,4.979131124,-1.011321717,2.201682688,2.735191473,5.008582639,-1.014410291,0.478554216,-1.047738208,0.029451515,-0.003088574
26.400000000,1.728320970,3.782794036,4.977501311,-1.021981733,2.198038726,2.710945444,5.010490938,-1.025599640,0.469717756,-1.071848591,0.032989627,-0.003617907
26.430000000,1.732180837,3.782785179,4.976177088,-1.030694130,2.194699684,2.693394239,5.011887898,-1.034001977,0.462518847,-1.089390939,0.035710810,-0.003307847
26.460000000,1.736008245,3.782844347,4.976532657,-1.038874130,2.190740636,2.676509475,5.013240968,-1.042335852,0.454732390,-1.106334872,0.036708311,-0.003461722
26.500000000,1.935537718,3.335584182,4.984698063,-1.051341791,2.184638844,2.654889269,5.014987977,-1.053440235,0.249101126,-0.680694914,0.030289914,-0.002098443
26.530000000,1.942107445,3.329349365,4.986380924,-1.060271244,2.179450496,2.639339693,5.016256076,-1.061845862,0.237343051,-0.690009671,0.029875153,-0.001574618
26.560000000,1.948652179,3.323191083,4.986854658,-1.068643744,2.173642958,2.624474914,5.017465314,-1.070300625,0.224990779,-0.698716169,0.030610656,-0.001656881
26.600000000,1.957361433,3.315077622,4.979942717,-1.078685949,2.165055506,2.605626578,5.018986241,-1.081514091,0.207694073,-0.709451044,0.039043524,-0.002828142
26.630000000,1.963865365,3.309077081,4.980004042,-1.087410066,2.157985510,2.592250342,5.020039264,-1.089851786,0.194120146,-0.716826739,0.040035223,-0.002441720
26.660000000,1.970346041,3.303156137,4.980010342,-1.095780066,2.150312097,2.579656894,5.021011592,-1.098188187,0.179966055,-0.723499243,0.041001251,-0.002408121
26.700000000,1.978974566,3.295375356,4.991012319,-1.107489204,2.139316434,2.563946826,5.022206269,-1.109358137,0.160341868,-0.731428530,0.031193949,-0.001868933
26.730000000,1.985439895,3.289607335,4.992916789,-1.115696291,2.130510641,2.553013120,5.023029121,-1.117735849,0.145070746,-0.736594215,0.030112332,-0.002039558
26.760000000,1.991888541,3.283903814,4.993141225,-1.123971291,2.121156991,2.542965086,5.023764584,-1.126082637,0.129268450,-0.740938728,0.030623359,-0.002111346
26.800000000,2.000490533,3.276396751,4.990705811,-1.136517173,2.107974300,2.530760949,5.024613421,-1.137217498,0.107483767,-0.745635801,0.033907610,-0.000700325
26.830000000,2.006932260,3.270833027,4.984297861,-1.146014054,2.097564025,2.522503131,5.025148227,-1.145609400,0.090631765,-0.748329896,0.040850366,0.000404654
26.860000000,2.013363760,3.265319039,4.983947512,-1.154491554,2.086630999,2.515157528,5.025578832,-1.154027656,0.073267240,-0.750161510,0.041631320,0.000463898
26.900000000,2.021936825,3.258034455,4.978266063,-1.165720919,2.071349845,2.506614116,5.026018819,-1.165221948,0.049413020,-0.751420339,0.047752756,0.000498970
26.930000000,2.028369816,3.252628256,4.974226945,-1.174995980,2.059363926,2.501150302,5.026247613,-1.173597607,0.030994110,-0.751477953,0.052020667,0.001398372
26.960000000,2.034808061,3.247264402,4.973360648,-1.183360980,2.046862483,2.496622493,5.026387079,-1.182003523,0.012054423,-0.750641910,0.053026432,0.001357457
27.000000000,2.044808146,2.970401607,4.980603371,-1.194964204,2.029513192,2.491838741,5.026451310,-1.193259977,-0.015294954,-0.478562866,0.045847939,0.001704227
27.030000000,2.051303218,2.961179125,4.978702682,-1.203585750,2.015989057,2.489208849,5.026414689,-1.201691556,-0.035314161,-0.471970275,0.047712007,0.001894194
27.060000000,2.057809434,2.951986156,4.977813309,-1.211848250,2.001957203,2.487546177,5.026286275,-1.210099945,-0.055852231,-0.464439979,0.048472966,0.001748306
27.100000000,2.066500683,2.939795900,4.988133315,-1.222943436,1.982602571,2.486613350,5.025981425,-1.221334179,-0.083898112,-0.453182550,0.037848110,0.001609257
27.130000000,2.073039507,2.930696004,4.984416614,-1.231550208,1.967635913,2.486887416,5.025652395,-1.229789221,-0.105403594,-0.443808588,0.041235781,0.001760986
27.160000000,2.079595046,2.921609490,4.983569419,-1.239990208,1.952262019,2.488165892,5.025217998,-1.238236464,-0.127333027,-0.433443598,0.041648578,0.001753744
27.200000000,2.088345734,2.909501669,4.978781567,-1.251738590,1.931281217,2.491235559,5.024478942,-1.249482685,-0.157064517,-0.418266110,0.045697375,0.002255905
27.230000000,2.094920174,2.900436783,4.980983505,-1.260858075,1.915221589,2.494560207,5.023813917,-1.257923079,-0.179698585,-0.405876577,0.042830413,0.002934995
27.260000000,2.101527846,2.891393331,4.979804433,-1.269068075,1.898872713,2.498902669,5.023047339,-1.266368834,-0.202655133,-0.392490663,0.043242906,0.002699241
27.300000000,2.110386414,2.879337820,4.986619195,-1.280899381,1.876714819,2.506064990,5.021903720,-1.277628331,-0.233671595,-0.373272830,0.035284525,0.003271051
27.330000000,2.117064100,2.870311111,4.977631470,-1.290559762,1.859838852,2.512473559,5.020952043,-1.286073027,-0.257225248,-0.357837552,0.043320572,0.004486735
27.360000000,2.123778062,2.861294845,4.976202151,-1.298977262,1.842721824,2.519906136,5.019900809,-1.294517768,-0.281056238,-0.341388709,0.043698657,0.004459494
27.400000000,2.132779811,2.849273528,4.982864072,-1.310023781,1.819599216,2.531152396,5.018368980,-1.305777376,-0.313180594,-0.318121132,0.035504909,0.004246405
27.430000000,2.139571157,2.840255686,4.989119271,-1.318655519,1.802040663,2.540584144,5.017129409,-1.314221888,-0.337530494,-0.299671541,0.028010138,0.004433631
27.460000000,2.146402406,2.831221342,4.987946906,-1.326940519,1.784271685,2.551016798,5.015803460,-1.322664941,-0.362130721,-0.280204544,0.027856553,0.004275578
27.500000000,2.051123289,2.791779810,4.993704980,-1.338424783,1.760312793,2.566242587,5.013905215,-1.333916263,-0.290810496,-0.225537223,0.020200235,0.004508520
27.530000000,2.056539055,2.782338820,4.999352959,-1.347201109,1.742154732,2.578623722,5.012386188,-1.342352974,-0.314384323,-0.203715098,0.013033229,0.004848134
27.560000000,2.061999240,2.772874179,4.998357023,-1.355721109,1.723818575,2.591946598,5.010771049,-1.350787750,-0.338180665,-0.180927581,0.012414026,0.004933359
27.600000000,2.069338647,2.760211876,5.001343955,-1.367512996,1.699146986,2.610968083,5.008496681,-1.362031108,-0.370191661,-0.149243793,0.007152726,0.005481888
27.630000000,2.074889873,2.750678736,4.995589629,-1.376862152,1.680492935,2.626175256,5.006691682,-1.370459174,-0.394396938,-0.124503480,0.011102053,0.006402978
27.660000000,2.080469652,2.741122182,4.994308941,-1.385059652,1.661719071,2.642302604,5.004792016,-1.378884247,-0.418750581,-0.098819578,0.010483075,0.006175405
27.700000000,2.087956282,2.728310126,4.989132078,-1.396591739,1.636569454,2.665000196,5.002146765,-1.390116699,-0.451386828,-0.063309931,0.013014687,0.006475040
27.730000000,2.093614044,2.718645570,4.986545036,-1.405546501,1.617638534,2.682912623,5.000090351,-1.398539711,-0.475975510,-0.035732947,0.013545314,0.007006790
27.760000000,2.099313845,2.708937391,4.984901666,-1.414279001,1.598654760,2.701710935,4.997973366,-1.406969141,-0.500659085,-0.007226456,0.013071700,0.007309860
27.800000000,2.106999715,2.695913837,4.980499770,-1.426382452,1.573290812,2.727924849,4.995079165,-1.418211411,-0.533708902,0.032011012,0.014579394,0.008171041
27.830000000,2.112825713,2.686093698,4.981835182,-1.435285697,1.554238962,2.748417484,4.992868027,-1.426634447,-0.558586751,0.062323787,0.011032845,0.008651251
27.860000000,2.118698072,2.676235511,4.980049991,-1.443760697,1.535166490,2.769720342,4.990622547,-1.435048710,-0.583531583,0.093484830,0.010572556,0.008711988
27.900000000,2.126620923,2.663003803,4.982762326,-1.455869473,1.509716507,2.799194319,4.987595191,-1.446266592,-0.616904416,0.136190516,0.004832865,0.009602881
27.930000000,2.132607409,2.653012224,4.979267233,-1.465051146,1.490620190,2.822084388,4.985295340,-1.454678814,-0.641987219,0.169072164,0.006028107,0.010372333
27.960000000,2.138634310,2.642960366,4.977430038,-1.473526146,1.471524447,2.845721899,4.982973730,-1.463082393,-0.667109863,0.202761533,0.005543692,0.010443753
28.000000000,1.892118254,2.748327011,4.975214126,-1.485367516,1.446075409,2.878194755,4.979850946,-1.474277197,-0.446042845,0.129867744,0.004636820,0.011090319
28.030000000,1.894580567,2.739860994,4.976175811,-1.493095486,1.427002702,2.903256601,4.977500742,-1.482670527,-0.467577865,0.163395607,0.001324932,0.010424959
28.060000000,1.897089159,2.731323153,4.974344233,-1.501380486,1.407950307,2.929010194,4.975151049,-1.491067776,-0.489138852,0.197687041,0.000806816,0.010312711
28.100000000,1.900498366,2.719822989,4.974600900,-1.511847819,1.382592069,2.964227082,4.972029303,-1.502259656,-0.517906297,0.244404093,-0.002571598,0.009588163
28.130000000,1.903094417,2.711096841,4.970186741,-1.519919857,1.363627263,2.991272769,4.969697296,-1.510651360,-0.539467154,0.280175927,-0.000489445,0.009268497
28.160000000,1.905721388,2.702277623,4.968304198,-1.528329857,1.344746801,3.018938812,4.967380416,-1.519052303,-0.560974587,0.316661189,-0.000923782,0.009277554
28.200000000,1.909284867,2.690392875,4.960130164,-1.539951167,1.319727596,3.056637107,4.964312353,-1.530279307,-0.589557270,0.366244232,0.004182189,0.009671860
28.230000000,1.912018980,2.681388226,4.946478330,-1.549807352,1.301102619,3.085491674,4.962034876,-1.538710082,-0.610916361,0.404103448,0.015556545,0.011097270
28.260000000,1.914807176,2.672302532,4.944021840,-1.558044852,1.282637107,3.114890016,4.959797428,-1.547122130,-0.632170068,0.442587484,0.015775589,0.010922722
28.300000000,1.918603340,2.660060781,4.936642996,-1.569091480,1.258245162,3.154786422,4.956887842,-1.558319839,-0.660358178,0.494725641,0.020244845,0.010771642
28.330000000,1.921505183,2.650778603,4.936577438,-1.577543916,1.240129125,3.185223246,4.954778247,-1.566729067,-0.681376058,0.534444643,0.018200809,0.010814850
28.360000000,1.924443328,2.641409235,4.934140666,-1.585903916,1.222195980,3.216147278,4.952744878,-1.575146555,-0.702247348,0.574738043,0.018604212,0.010757361
28.400000000,1.928419584,2.628798152,4.934595017,-1.597627051,1.198533638,3.257975304,4.950146656,-1.586343825,-0.729885945,0.629177153,0.015551639,0.011283226
28.430000000,1.931440031,2.619232895,4.938101459,-1.605958411,1.180975331,3.289768858,4.948281421,-1.594720301,-0.750464700,0.670535963,0.010179962,0.011238110
28.460000000,1.934508244,2.609586679,4.936077714,-1.614420911,1.163607819,3.321972157,4.946503381,-1.603103327,-0.770900424,0.712385478,0.010425668,0.011317584
28.500000000,1.709320250,2.869136474,4.933495394,-1.625084255,1.140707615,3.365426362,4.944235535,-1.614299403,-0.568612635,0.496289889,0.010740141,0.010784852
28.530000000,1.709205067,2.863230013,4.934789835,-1.634008488,1.123725205,3.398370575,4.942612852,-1.622689809,-0.585479862,0.535140563,0.007823017,0.011318679
28.560000000,1.709125601,2.857224942,4.932976498,-1.642313488,1.106935828,3.431633557,4.941080116,-1.631056842,-0.602189773,0.574408615,0.008103618,0.011256647
28.600000000,1.709061678,2.849065134,4.928957243,-1.653588196,1.084811152,3.476391185,4.939183786,-1.642210949,-0.624250526,0.627326051,0.010226543,0.011377247
28.630000000,1.709056140,2.842822434,4.918459275,-1.661779790,1.068418024,3.510253459,4.937869746,-1.650594677,-0.640638115,0.667431025,0.019410471,0.011185113
28.660000000,1.709093479,2.836484254,4.916495187,-1.670177290,1.052231234,3.544377842,4.936660557,-1.658983886,-0.656862245,0.707893589,0.020165370,0.011193404
28.700000000,1.709217524,2.827898518,4.918137005,-1.680905835,1.030931169,3.590175425,4.935194126,-1.670145628,-0.678286355,0.762276907,0.017057122,0.010760206
28.730000000,1.709352931,2.821343396,4.928617424,-1.689279117,1.015172221,3.624729460,4.934211947,-1.678505068,-0.694180710,0.803386064,0.005594523,0.010774049
28.760000000,1.709531358,2.814668181,4.927325557,-1.697644117,0.999633389,3.659479130,4.933351444,-1.686882529,-0.709897969,0.844810948,0.006025887,0.010761588
28.800000000,1.709844887,2.805586719,4.916908587,-1.707529271,0.979208529,3.706039241,4.932347315,-1.698073326,-0.730636358,0.900452522,0.015438727,0.009455945
28.830000000,1.710134888,2.798664712,4.914331289,-1.715823384,0.964107421,3.741096647,4.931695083,-1.706454639,-0.746027467,0.942431935,0.017363794,0.009368745
28.860000000,1.710475255,2.791640432,4.912935295,-1.724178384,0.949221119,3.776263644,4.931143574,-1.714815286,-0.761254136,0.984623212,0.018208278,0.009363097
28.900000000,1.710998413,2.782112123,4.914366295,-1.734755962,0.929658181,3.823286644,4.930563169,-1.725973114,-0.781340232,1.041174521,0.016196874,0.008782848
28.930000000,1.711450729,2.774848352,4.908668925,-1.743705396,0.915198083,3.858640975,4.930240719,-1.734360937,-0.796252646,1.083792623,0.021571794,0.009344458
28.960000000,1.711939285,2.767484930,4.907459190,-1.752287896,0.900944842,3.894049896,4.930030205,-1.742744767,-0.810994444,1.126564966,0.022571015,0.009543129
29.000000000,1.333448592,3.194812443,4.920850434,-1.762862281,0.882208892,3.941294208,4.929891481,-1.753896009,-0.451239700,0.746481764,0.009041047,0.008966273
29.030000000,1.328523112,3.193543554,4.922893142,-1.771061053,0.868355735,3.976741653,4.929898950,-1.762254916,-0.460167377,0.783198098,0.007005808,0.008806137
29.060000000,1.323643584,3.192167219,4.922408866,-1.779283553,0.854699655,4.012195048,4.930034386,-1.770631619,-0.468943929,0.820027828,0.007625520,0.008651934
29.100000000,1.317187784,3.190192702,4.923371759,-1.790145234,0.836762023,4.059438544,4.930388709,-1.781804801,-0.480425761,0.869245842,0.007016950,0.008340434
29.130000000,1.312388136,3.188590664,4.925412070,-1.798419350,0.823531797,4.094819793,4.930779551,-1.790168991,-0.488856339,0.906229129,0.005367481,0.008250359
29.160000000,1.307630551,3.186892746,4.925293783,-1.806874350,0.810565475,4.130125394,4.931292174,-1.798532748,-0.497065075,0.943232648,0.005998391,0.008341602
29.200000000,1.301327544,3.184460644,4.928677699,-1.818392421,0.793692476,4.177077132,4.932134597,-1.809745434,-0.507635068,0.992616488,0.003456898,0.008646987
29.230000000,1.296611661,3.182500860,4.915352144,-1.827013759,0.781383587,4.212175458,4.932877679,-1.818204112,-0.515228075,1.029674597,0.017525535,0.008809647
29.260000000,1.291930401,3.180432850,4.915130748,-1.835461259,0.769448330,4.247120833,4.933731085,-1.826644897,-0.522482070,1.066687983,0.018600337,0.008816361
29.300000000,1.285729531,3.177521353,4.914435843,-1.845587901,0.754056633,4.293477570,4.935010356,-1.837840827,-0.531672898,1.115956216,0.020574514,0.007747074
29.330000000,1.281124064,3.175218528,4.905249301,-1.854422190,0.742915156,4.328059934,4.936089399,-1.846253805,-0.538208908,1.152841406,0.030840098,0.008168385
29.360000000,1.276554977,3.172815886,4.904956285,-1.862817190,0.732179158,4.362445331,4.937285997,-1.854722904,-0.544375820,1.189629445,0.032329712,0.008094286
29.400000000,1.270520380,3.169449893,4.899620502,-1.874060797,0.718395731,4.407995823,4.939041690,-1.865996572,-0.552124649,1.238545930,0.039421188,0.008064225
29.430000000,1.266016898,3.166797372,4.898076171,-1.881398523,0.708447842,4.441917514,4.940481699,-1.874390262,-0.557569056,1.275120141,0.042405528,0.007008261
29.460000000,1.261528947,3.164046393,4.897824513,-1.889661023,0.698881537,4.475593169,4.942051259,-1.882775455,-0.562647410,1.311546776,0.044226746,0.006885568
29.500000000,0.970271661,3.639387490,4.922959931,-1.901117250,0.686621740,4.520163731,4.944313680,-1.894024308,-0.283649921,0.880776241,0.021353749,0.007092942
29.530000000,0.961738277,3.643366566,4.929143345,-1.908885943,0.677783978,4.553330588,4.946133226,-1.902477986,-0.283954299,0.909964022,0.016989881,0.006407957
29.560000000,0.953213085,3.647253280,4.930113468,-1.917185943,0.669285469,4.586215642,4.948085361,-1.910879404,-0.283927616,0.938962362,0.017971893,0.006306539
29.600000000,0.941857911,3.652285772,4.931219445,-1.928312152,0.658420870,4.629664190,4.950817099,-1.922050372,-0.283437041,0.977378418,0.019597654,0.006261781
29.630000000,0.933344075,3.655968008,4.926516225,-1.936324702,0.650673547,4.661926974,4.952936736,-1.930480776,-0.282670529,1.005958966,0.026420510,0.005843926
29.660000000,0.924814768,3.659579600,4.927471628,-1.944754702,0.643419978,4.693811871,4.955119792,-1.938976752,-0.281394789,1.034232270,0.027648164,0.005777950
29.700000000,0.913428929,3.664273460,4.925543735,-1.956259977,0.634542529,4.735730486,4.958099687,-1.950272021,-0.278886401,1.071457026,0.032555952,0.005987957
29.730000000,0.904881489,3.667716604,4.925434567,-1.964884689,0.628560586,4.766674821,4.960377237,-1.958701852,-0.276320903,1.098958217,0.034942669,0.006182837
29.760000000,0.896339431,3.671096330,4.926346745,-1.973329689,0.623329634,4.797084299,4.962689716,-1.967204720,-0.273009797,1.125987969,0.036342971,0.006124970
29.800000000,0.884962762,3.675488775,4.933893298,-1.984453151,0.617414137,4.836868975,4.965804283,-1.978688977,-0.267548626,1.161380200,0.031910985,0.005764174
29.830000000,0.876444313,3.678700716,4.931874838,-1.991932783,0.613786621,4.866103999,4.968160519,-1.987279813,-0.262657692,1.187403284,0.036285681,0.004652971
29.860000000,0.867940191,3.681833176,4.932976832,-2.000565283,0.610968761,4.894709196,4.970525033,-1.995744696,-0.256971430,1.212876020,0.037548201,0.004820587
29.900000000,0.856624551,3.685881942,4.945211616,-2.010837318,0.608280652,4.931999023,4.973677512,-2.007030384,-0.248343898,1.246117081,0.028465897,0.003806934
29.930000000,0.848156380,3.688834700,4.952906825,-2.019626330,0.607052678,4.959324751,4.976036783,-2.015597754,-0.241103701,1.270490051,0.023129958,0.004028575
29.960000000,0.839700750,3.691722369,4.954522825,-2.028108830,0.606585636,4.985996630,4.978380397,-2.024180587,-0.233115114,1.294274261,0.023857572,0.003928243
30.000000000,0.789412192,4.190317433,4.965438058,-2.038700276,0.606933205,5.020671571,4.981466394,-2.035463933,-0.182478987,0.830354138,0.016028336,0.003236343
30.030000000,0.780397915,4.200206335,4.973258566,-2.046553680,0.607895323,5.046012906,4.983742816,-2.043853228,-0.172502591,0.845806571,0.010484249,0.002700452
30.060000000,0.771377881,4.210029351,4.975247627,-2.055081180,0.609530865,5.070696055,4.985990758,-2.052366443,-0.161847016,0.860666704,0.010743131,0.002714737
30.100000000,0.759334644,4.223060305,4.965174158,-2.066321144,0.612577700,5.102709775,4.988928695,-2.063899761,-0.146756943,0.879649469,0.023754538,0.002421384
30.130000000,0.750270322,4.232794092,4.947483073,-2.074071118,0.615508026,5.126008476,4.991074000,-2.072454097,-0.134762296,0.893214384,0.043590927,0.001617020
30.160000000,0.741169912,4.242485514,4.948351031,-2.082626118,0.619102613,5.148549033,4.993148332,-2.080925840,-0.122067299,0.906063520,0.044797301,0.001700278
30.200000000,0.728991524,4.255338194,4.952071422,-2.094108547,0.624782133,5.177556521,4.995748651,-2.092545154,-0.104209391,0.922218327,0.043677229,0.001563393
30.230000000,0.719861131,4.264936868,4.958482060,-2.101225838,0.629655437,5.198505550,4.997566396,-2.101378048,-0.090205694,0.933568681,0.039084336,-0.000152210
30.260000000,0.710750245,4.274494589,4.959277792,-2.109468338,0.635030255,5.218633336,4.999261983,-2.109911859,-0.075719990,0.944138747,0.039984191,-0.000443521
30.300000000,0.698608168,4.287142150,4.964842515,-2.119418822,0.642699670,5.244408216,5.001354550,-2.120959126,-0.055908498,0.957266066,0.036512035,-0.001540304
30.330000000,0.689491193,4.296555118,4.979023567,-2.127994541,0.648734797,5.262981456,5.002807065,-2.129281090,-0.040756395,0.966426338,0.023783497,-0.001286548
30.360000000,0.680366133,4.305932810,4.979977601,-2.136037041,0.654950297,5.280820861,5.004148846,-2.137694593,-0.025415836,0.974888051,0.024171245,-0.001657552
30.400000000,0.668167587,4.318398834,4.988411528,-2.146095822,0.663352643,5.303611391,5.005816869,-2.148781370,-0.004814944,0.985212557,0.017405341,-0.002685549
30.430000000,0.659007009,4.327725904,4.983821952,-2.154424280,0.669681433,5.319948071,5.006966850,-2.156966897,0.010674424,0.992222168,0.023144898,-0.002542618
30.460000000,0.649811149,4.337037600,4.984470366,-2.162559280,0.675999585,5.335531562,5.008030291,-2.165184073,0.026188436,0.998493962,0.023559925,-0.002624793
30.500000000,0.603903047,4.807247155,4.994785421,-2.172503072,0.684372285,5.355297044,5.009346209,-2.176309602,0.080469239,0.548049889,0.014560788,-0.003806531
30.530000000,0.594177556,4.823155996,4.984956990,-2.180611264,0.690580345,5.369332408,5.010267800,-2.184683929,0.096402789,0.546176412,0.025310810,-0.004072665
30.560000000,0.584433326,4.839054155,4.985315854,-2.188521264,0.696682200,5.382541966,5.011124744,-2.192950581,0.112248874,0.543487811,0.025808891,-0.004429317
30.600000000,0.571384234,4.860240900,4.984311818,-2.198894987,0.704674784,5.399035570,5.012173074,-2.203929028,0.133290550,0.538794670,0.027861256,-0.005034041
30.630000000,0.561556862,4.876121719,4.984860928,-2.207190737,0.710584115,5.410554499,5.012899691,-2.212314990,0.149027254,0.534432780,0.028038763,-0.005124253
30.660000000,0.551691597,4.891996597,4.984955374,-2.215533237,0.716430378,5.421174836,5.013569123,-2.220855624,0.164738782,0.529178239,0.028613750,-0.005322388
30.700000000,0.538501193,4.913158163,4.975423032,-2.225941328,0.724146588,5.434043977,5.014390899,-2.232138727,0.185645395,0.520885814,0.038967867,-0.006197400
30.730000000,0.528580982,4.929041502,4.988315037,-2.233145423,0.729876021,5.442691231,5.014939841,-2.240432197,0.201295039,0.513649728,0.026624803,-0.007286774
30.760000000,0.518636424,4.944937102,4.988373205,-2.241212923,0.735554266,5.450324316,5.015436384,-2.248793075,0.216917842,0.505387213,0.027063180,-0.007580152
30.800000000,0.505358566,4.966168530,4.994056932,-2.251066750,0.743044104,5.459137375,5.016026362,-2.260214502,0.237685538,0.492968845,0.021969431,-0.009147753
30.830000000,0.495395344,4.982121210,4.995497406,-2.259202892,0.748572876,5.464696402,5.016409340,-2.268776471,0.253177532,0.482575192,0.020911935,-0.009573579
30.860000000,0.485418183,4.998108962,4.995608495,-2.267392892,0.753986269,5.469175454,5.016716757,-2.277125255,0.268568086,0.471066492,0.021108262,-0.009732363
30.900000000,0.472059875,5.019449166,4.991321705,-2.277894411,0.761051459,5.473700989,5.017024595,-2.288243045,0.288991583,0.454251823,0.025702891,-0.010348633
30.930000000,0.462015007,5.035502861,4.997211055,-2.285739127,0.766240489,5.476009298,5.017172996,-2.296790764,0.304225482,0.440506437,0.019961941,-0.011051638
30.960000000,0.451948097,5.051596836,4.997183112,-2.294091627,0.771302413,5.477207563,5.017238080,-2.305419235,0.319354315,0.425610727,0.020054968,-0.011327609
31.000000000,0.509923269,5.283608545,4.995094750,-2.304262081,0.777842655,5.477287164,5.017215452,-2.316647712,0.267919386,0.193678619,0.022120701,-0.012385631
31.030000000,0.500866415,5.302893743,4.992695722,-2.312533168,0.782579115,5.476209764,5.017103701,-2.324924484,0.281712700,0.173316021,0.024407979,-0.012391315
31.060000000,0.491797236,5.322243708,4.992336584,-2.320870668,0.787142201,5.474014503,5.016902781,-2.333369912,0.295344965,0.151770795,0.024566197,-0.012499244
31.100000000,0.479703011,5.348133275,4.988688805,-2.332441738,0.792961268,5.469605058,5.016507570,-2.344834405,0.313258256,0.121471783,0.027818766,-0.012392667
31.130000000,0.470642911,5.367619074,4.984920957,-2.340159651,0.797088195,5.465177205,5.016122710,-2.353313818,0.326445285,0.097558131,0.031201753,-0.013154167
31.160000000,0.461575541,5.387156757,4.984134455,-2.348579651,0.800945630,5.459637211,5.015637152,-2.361593483,0.339370089,0.072480454,0.031502697,-0.013013832
31.200000000,0.449479793,5.413295114,4.966359552,-2.359153561,0.805716064,5.450809727,5.014872676,-2.372740971,0.356236271,0.037514613,0.048513124,-0.013587410
31.230000000,0.440402198,5.432965162,4.975340383,-2.367043911,0.808999288,5.443131553,5.014210044,-2.381293958,0.368597090,0.010166392,0.038869662,-0.014250047
31.260000000,0.431318150,5.452716060,4.974138699,-2.375148911,0.811946877,5.434399158,5.013474540,-2.389814626,0.380628727,-0.018316902,0.039335841,-0.014665715
31.300000000,0.419221220,5.479197143,4.979041743,-2.385491090,0.815380598,5.421363630,5.012396007,-2.400921203,0.396159377,-0.057833513,0.033354264,-0.015430113
31.330000000,0.410155878,5.499160010,4.984531077,-2.393149488,0.817574263,5.410572993,5.011511657,-2.409219174,0.407418385,-0.088587018,0.026980580,-0.016069686
31.360000000,0.401108358,5.519221075,4.983549261,-2.401526988,0.819380584,5.398808353,5.010543651,-2.417691497,0.418272226,-0.120412722,0.026994390,-0.016164509
31.400000000,0.389079971,5.546093445,4.984052589,-2.413260503,0.821232414,5.381846871,5.009125702,-2.429054460,0.432152443,-0.164246574,0.025073113,-0.015793957
31.430000000,0.380071894,5.566351419,4.989484425,-2.421207625,0.822170451,5.368177275,5.007961394,-2.437438268,0.442098557,-0.198174143,0.018476969,-0.016230643
31.460000000,0.371083460,5.586706973,4.988498923,-2.429400125,0.822642217,5.353588505,5.006694263,-2.445728754,0.451558757,-0.233118468,0.018195340,-0.016328629
31.500000000,0.587312512,5.598390627,4.989268883,-2.439732273,0.822652235,5.332967002,5.004894838,-2.456935307,0.235339723,-0.265423625,0.015625956,-0.017203034
31.530000000,0.581656805,5.618760425,5.005824392,-2.448647521,0.822183524,5.316648050,5.003457351,-2.465446523,0.240526718,-0.302112375,-0.002367041,-0.016799002
31.560000000,0.576015668,5.639244788,5.005211355,-2.457027521,0.821204479,5.299487144,5.001943322,-2.473877991,0.245188811,-0.339757644,-0.003268033,-0.016850470
31.600000000,0.568535014,5.666706083,5.002048555,-2.467989015,0.819182065,5.275526422,4.999807651,-2.485000753,0.250647050,-0.391179661,-0.002240904,-0.017011738
31.630000000,0.562951881,5.687422037,5.003779476,-2.475473591,0.817109845,5.256801268,4.998112402,-2.493365845,0.254157965,-0.430620769,-0.005667074,-0.017892255
31.660000000,0.557401552,5.708248202,5.002891331,-2.483781091,0.814446022,5.237390637,4.996346329,-2.501804494,0.257044471,-0.470857565,-0.006545002,-0.018023403
31.700000000,0.550048684,5.736204123,5.008615235,-2.495406351,0.810041500,5.210663781,4.993925318,-2.513041765,0.259992817,-0.525540342,-0.014689917,-0.017635413
31.730000000,0.544577014,5.757302965,5.013852419,-2.504224677,0.806079063,5.190017574,4.992054226,-2.521442151,0.261502049,-0.567285391,-0.021798192,-0.017217475
31.760000000,0.539137256,5.778535810,5.013192758,-2.513007177,0.801470188,5.168803204,4.990132469,-2.529853939,0.262332932,-0.609732606,-0.023060289,-0.016846762
31.800000000,0.531918685,5.807038813,5.001572278,-2.524318816,0.794493631,5.139782907,4.987498057,-2.541111306,0.262574946,-0.667255905,-0.014074221,-0.016792490
31.830000000,0.526552298,5.828564725,4.989038819,-2.532685029,0.788643180,5.117465011,4.985466302,-2.549552640,0.262090882,-0.711099714,-0.003572517,-0.016867612
31.860000000,0.521229763,5.850219553,4.987494126,-2.540972529,0.782177096,5.094590492,4.983386911,-2.557939542,0.260947334,-0.755629061,-0.004107215,-0.016967014
31.900000000,0.514176445,5.879306632,4.986981769,-2.551646225,0.772763021,5.063367548,4.980579045,-2.569087921,0.258586577,-0.815939084,-0.006402724,-0.017441697
31.930000000,0.508922398,5.901281830,4.974867754,-2.560188443,0.765131156,5.039427302,4.978468020,-2.577483915,0.256208758,-0.861854528,0.003600266,-0.017295472
31.960000000,0.503709647,5.923393829,4.972937587,-2.568583443,0.756936919,5.014979692,4.976344614,-2.585907138,0.253227272,-0.908414137,0.003407027,-0.017323696
32.000000000,0.559414725,5.649663845,4.971164739,-2.579734564,0.745253948,4.981719596,4.973484329,-2.597084535,0.185839224,-0.667944249,0.002319590,-0.017349970
32.030000000,0.555213860,5.667691320,4.968402867,-2.587755382,0.735931330,4.956295259,4.971319314,-2.605427310,0.180717470,-0.711396061,0.002916447,-0.017671928
32.060000000,0.551049100,5.685851763,4.966377798,-2.596115382,0.726073572,4.930424112,4.969150632,-2.613807778,0.175024472,-0.755427652,0.002772834,-0.017692397
32.100000000,0.545582907,5.710307389,4.952673506,-2.607271073,0.712227425,4.895374087,4.966250502,-2.625041176,0.166644517,-0.814933302,0.013576996,-0.017770103
32.130000000,0.541564486,5.728813641,4.955757492,-2.615202215,0.701297098,4.868692204,4.964080812,-2.633455979,0.159732612,-0.860121437,0.008323320,-0.018253763
32.160000000,0.537596062,5.747452086,4.953479872,-2.623767215,0.689804621,4.841654026,4.961923298,-2.641832353,0.152208558,-0.905798059,0.008443426,-0.018065137
32.200000000,0.532387461,5.772532749,4.937684011,-2.635442559,0.673754301,4.805197359,4.959085746,-2.653009801,0.141366840,-0.967335390,0.021401734,-0.017567242
32.230000000,0.528557990,5.791521796,4.929053631,-2.642568607,0.661194639,4.777586088,4.956989724,-2.661414430,0.132636649,-1.013935709,0.027936094,-0.018845823
32.260000000,0.524797433,5.810675585,4.926212189,-2.650983607,0.648119121,4.749720107,4.954935479,-2.669816366,0.123321689,-1.060955479,0.028723290,-0.018832759
32.300000000,0.519870001,5.836457293,4.930460362,-2.661628101,0.629999595,4.712226944,4.952262240,-2.680979819,0.110129593,-1.124230349,0.021801878,-0.019351718
32.330000000,0.516246545,5.855984308,4.923141038,-2.670011794,0.615921059,4.683863121,4.950310225,-2.689329575,0.099674515,-1.172121187,0.027169188,-0.019317782
32.360000000,0.512678284,5.875672936,4.920468254,-2.678604294,0.601398329,4.655275099,4.948407370,-2.697691930,0.088720045,-1.220397837,0.027939116,-0.019087637
32.400000000,0.508035092,5.902202351,4.919920932,-2.690279123,0.581470761,4.616873508,4.945905780,-2.708862061,0.073435668,-1.285328843,0.025984848,-0.018582938
32.430000000,0.504656435,5.922295634,4.914266579,-2.698505976,0.566100579,4.587861459,4.944065920,-2.717220877,0.061444145,-1.334434175,0.029799341,-0.018714901
32.460000000,0.501353649,5.942543010,4.911594940,-2.706698476,0.550321011,4.558651559,4.942253266,-2.725549552,0.048967362,-1.383891450,0.030658326,-0.018851076
32.500000000,0.494173284,5.366340742,4.908185129,-2.718285090,0.528789148,4.519475167,4.939889865,-2.736667453,0.034615864,-0.846865574,0.031704736,-0.018382363
32.530000000,0.491025579,5.378220374,4.907421646,-2.727460921,0.512296064,4.489938434,4.938161330,-2.745029945,0.021270485,-0.888281940,0.030739683,-0.017569024
32.560000000,0.487984502,5.390260219,4.904808397,-2.735743421,0.495459742,4.460256368,4.936489888,-2.753383507,0.007475240,-0.930003851,0.031681491,-0.017640086
32.600000000,0.484064730,5.406565224,4.911525790,-2.746551835,0.472552770,4.420508701,4.934332356,-2.764496685,-0.011511960,-0.986056523,0.022806565,-0.017944850
32.630000000,0.481224068,5.418970640,4.913376840,-2.755865009,0.455043876,4.390601866,4.932770534,-2.772833655,-0.026180192,-1.028368774,0.019393694,-0.016968646
32.660000000,0.478463866,5.431514418,4.911226911,-2.764480009,0.437225916,4.360647101,4.931267042,-2.781189974,-0.041237950,-1.070867317,0.020040130,-0.016709965
32.700000000,0.474939107,5.448484242,4.908835371,-2.776364609,0.413058911,4.320693226,4.929325377,-2.792347016,-0.061880195,-1.127791016,0.020490007,-0.015982407
32.730000000,0.472409369,5.461405157,4.906989514,-2.785327360,0.394628271,4.290736058,4.927910337,-2.800724885,-0.077781099,-1.170669099,0.020920823,-0.015397525
32.760000000,0.469973979,5.474505733,4.904871242,-2.793614860,0.375918192,4.260801819,4.926541157,-2.809107542,-0.094055788,-1.213703915,0.021669915,-0.015492682
32.800000000,0.466864562,5.492263876,4.907725460,-2.805401140,0.350651307,4.220929890,4.924797647,-2.820272082,-0.116213256,-1.271333986,0.017072187,-0.014870942
32.830000000,0.464663551,5.505783685,4.913952206,-2.813448176,0.331481725,4.191054009,4.923553667,-2.828635444,-0.133181826,-1.314729676,0.009601460,-0.015187268
32.860000000,0.462569084,5.519470960,4.912367399,-2.821945676,0.312102926,4.161199213,4.922374157,-2.836991804,-0.150466158,-1.358271747,0.010006758,-0.015046128
32.900000000,0.459915445,5.537973228,4.896143623,-2.834700139,0.286017057,4.121421112,4.920866314,-2.848121214,-0.173898388,-1.416552116,0.024722691,-0.013421075
32.930000000,0.458053162,5.552037863,4.894664260,-2.842623322,0.266300485,4.091615382,4.919783130,-2.856464955,-0.191752678,-1.460422481,0.025118870,-0.013841633
32.960000000,0.456297048,5.566259183,4.892701303,-2.850948322,0.246460645,4.061844222,4.918758516,-2.864812867,-0.209836403,-1.504414961,0.026057213,-0.013864545
33.000000000,0.347918569,4.992031293,4.906873312,-2.862623469,0.219853377,4.022198011,4.917505749,-2.875941892,-0.128065192,-0.969833282,0.010632436,-0.013318423
33.030000000,0.344884317,4.998029475,4.902414312,-2.871177080,0.199792677,3.992503151,4.916650220,-2.884284141,-0.145091640,-1.005526324,0.014235907,-0.013107061
33.060000000,0.341954095,5.004185376,4.900963930,-2.879592080,0.179658187,3.962857677,4.915867476,-2.892631567,-0.162295908,-1.041327699,0.014903546,-0.013039487
33.100000000,0.338191039,5.012651312,4.898999711,-2.890936473,0.152752252,3.923412130,4.914895390,-2.903773367,-0.185438787,-1.089239182,0.015895679,-0.012836894
33.130000000,0.335485257,5.019193602,4.895487636,-2.899806916,0.132531514,3.893898720,4.914223039,-2.912135594,-0.202953743,-1.125294883,0.018735403,-0.012328678
33.160000000,0.332896697,5.025891422,4.894012698,-2.908339416,0.112267590,3.864469472,4.913612569,-2.920501546,-0.220629107,-1.161421950,0.019599871,-0.012162130
33.200000000,0.329602203,5.035045061,4.888715011,-2.919319672,0.085222258,3.825366601,4.912884231,-2.931660761,-0.244379945,-1.209678459,0.024169220,-0.012341089
33.230000000,0.327256190,5.042079983,4.888236434,-2.927837770,0.064949960,3.796154318,4.912411534,-2.940030428,-0.262306230,-1.245925665,0.024175100,-0.012192658
33.260000000,0.325016342,5.049265058,4.886783410,-2.936695270,0.044707466,3.767061210,4.912012725,-2.948396087,-0.280308876,-1.282203848,0.025229316,-0.011700818
33.300000000,0.322203133,5.059081448,4.890421598,-2.947944969,0.017756776,3.728423840,4.911588290,-2.959549111,-0.304446357,-1.330657608,0.021166693,-0.011604142
33.330000000,0.320242413,5.066617310,4.898624277,-2.956902188,-0.002413459,3.699558462,4.911341028,-2.967912428,-0.322655873,-1.367058847,0.012716751,-0.011010240
33.360000000,0.318389590,5.074297657,4.897721519,-2.965072188,-0.022504238,3.670806629,4.911163158,-2.976272907,-0.340893828,-1.403491028,0.013441639,-0.011200719
33.400000000,0.316101613,5.084779754,4.887955766,-2.976646391,-0.049152926,3.632621207,4.910996182,-2.987421928,-0.365254539,-1.452158547,0.023040417,-0.010775537
33.430000000,0.314527889,5.092813510,4.894511841,-2.985424605,-0.069035329,3.604091366,4.910919155,-2.995784444,-0.383563218,-1.488722145,0.016407314,-0.010359838
33.460000000,0.313069427,5.101004574,4.893610224,-2.993614605,-0.088810576,3.575668018,4.910891433,-3.004143955,-0.401880003,-1.525336556,0.017281209,-0.010529350
33.500000000,0.113469840,4.577265058,4.899410535,-3.004083383,-0.114995170,3.537914576,4.910941243,-3.015289441,-0.228465009,-1.039350481,0.011530709,-0.011206058
33.530000000,0.109405510,4.578093852,4.896711247,-3.012461803,-0.134470025,3.509709327,4.911038403,-3.023653112,-0.243875535,-1.068384524,0.014327156,-0.011191309
33.560000000,0.105459252,4.579066246,4.896015118,-3.020864303,-0.153775426,3.481612302,4.911192469,-3.032020379,-0.259234678,-1.097453944,0.015177350,-0.011156077
33.600000000,0.100385504,4.580592836,4.891663197,-3.032390383,-0.179294407,3.444289660,4.911472373,-3.043172649,-0.279679911,-1.136303176,0.019809177,-0.010782266
33.630000000,0.096692373,4.581904102,4.900584759,-3.041648556,-0.198250477,3.416401432,4.911734086,-3.051534454,-0.294942850,-1.165502669,0.011149327,-0.009885897
33.660000000,0.093094651,4.583369557,4.900090873,-3.050133556,-0.216989922,3.388615974,4.912052787,-3.059901524,-0.310084573,-1.194753582,0.011961914,-0.009767968
33.700000000,0.088455384,4.585555537,4.902059690,-3.061914582,-0.241672914,3.351701355,4.912543006,-3.071065307,-0.330128298,-1.233854181,0.010483317,-0.009150724
33.730000000,0.085101019,4.587352025,4.911307250,-3.070354918,-0.259966263,3.324111317,4.912956081,-3.079436202,-0.345067282,-1.263240708,0.001648831,-0.009081284
33.760000000,0.081847582,4.589284215,4.911198400,-3.078934918,-0.278035914,3.296615040,4.913398019,-3.087801253,-0.359883496,-1.292669175,0.002199619,-0.008866335
33.800000000,0.077666806,4.592079768,4.912283043,-3.090739979,-0.301790804,3.260078114,4.914028996,-3.098959788,-0.379457611,-1.332001654,0.001745954,-0.008219809
33.830000000,0.074666788,4.594349323,4.913558988,-3.098650369,-0.319336687,3.232768044,4.914518577,-3.107337314,-0.394003475,-1.361581280,0.000959589,-0.008686945
33.860000000,0.071780892,4.596764370,4.913458449,-3.106725369,-0.336618746,3.205547989,4.915031053,-3.115716225,-0.408399638,-1.391216381,0.001572605,-0.008990856
33.900000000,0.068102150,4.600208178,4.906646818,-3.118156761,-0.359315514,3.169370836,4.915744995,-3.126880566,-0.427417665,-1.430837342,0.009098177,-0.008723806
33.930000000,0.065470098,4.602952362,4.905376281,-3.127775460,-0.376059810,3.142323007,4.916303780,-3.135253424,-0.441529908,-1.460629355,0.010927499,-0.007477964
33.960000000,0.062940831,4.605826855,4.904944847,-3.136100460,-0.392500662,3.115357216,4.916889529,3.139550467,-0.455441493,-1.490469639,0.011944682,-0.007534380
34.000000000,-0.057196614,3.992964559,4.907284792,3.136288495,-0.414021451,3.079507330,4.917715260,3.128369895,-0.356824837,-0.913457229,0.010430468,-0.007918601
34.030000000,-0.061168522,3.987238314,4.900786250,3.127784329,-0.429873511,3.052695077,4.918371037,3.119989438,-0.368704988,-0.934543237,0.017584786,-0.007794892
34.060000000,-0.065048486,3.981646429,4.900186866,3.119086829,-0.445427999,3.025954000,4.919058015,3.111611442,-0.380379513,-0.955692429,0.018871149,-0.007475388
34.100000000,-0.070058510,3.974407323,4.903167848,3.107387321,-0.465739293,2.990389554,4.920021292,3.100430262,-0.395680783,-0.984017769,0.016853444,-0.006957059
34.130000000,-0.073690960,3.969144069,4.908662360,3.098657885,-0.480651327,2.963782979,4.920778362,3.092036597,-0.406960367,-1.005361091,0.012116002,-0.006621288
34.160000000,-0.077217165,3.964028560,4.908375448,3.090477885,-0.495261576,2.937244165,4.921571028,3.083645226,-0.418044411,-1.026784395,0.013195580,-0.006832658
34.200000000,-0.081778996,3.957430248,4.903528570,3.078910654,-0.514340886,2.901948847,4.922644763,3.072463853,-0.432561890,-1.055481401,0.019116193,-0.006446801
34.230000000,-0.085088703,3.952634391,4.908648623,3.069927975,-0.528327930,2.875540938,4.923461316,3.064074674,-0.443239227,-1.077093453,0.014812693,-0.005853302
34.260000000,-0.088298231,3.947969865,4.908317051,3.061497975,-0.541979364,2.849190336,4.924284520,3.055677468,-0.453681133,-1.098779528,0.015967469,-0.005820507
34.300000000,-0.092414352,3.941976170,4.910655355,3.049436315,-0.559757786,2.814125026,4.925410723,3.044482945,-0.467343434,-1.127851144,0.014755368,-0.004953370
34.330000000,-0.095395387,3.937644877,4.918852386,3.040851308,-0.572786852,2.787872162,4.926267120,3.036097167,-0.477391465,-1.149772715,0.007414735,-0.004754141
34.360000000,-0.098290406,3.933437893,4.918802489,3.032423808,-0.585496691,2.761656287,4.927131274,3.027713901,-0.487206284,-1.171781606,0.008328785,-0.004709907
34.400000000,-0.102003316,3.928036444,4.929080036,3.021573970,-0.601994496,2.726738713,4.928282198,3.016518980,-0.499991180,-1.201297731,-0.000797838,-0.005054990
34.430000000,-0.104666797,3.924140257,4.939513813,3.013023391,-0.614041810,2.700573305,4.929135087,3.008115612,-0.509375012,-1.223566952,-0.010378726,-0.004907779
34.460000000,-0.107239499,3.920366549,4.939972272,3.004635891,-0.625786359,2.674426818,4.929974624,2.999724992,-0.518546860,-1.245939731,-0.009997648,-0.004910899
34.500000000,-0.289761263,3.504455512,4.938611076,2.993897382,-0.641036934,2.639580733,4.931061609,2.988550014,-0.351275671,-0.864874779,-0.007549467,-0.005347368
34.530000000,-0.294740910,3.495052978,4.942171211,2.985278412,-0.652150073,2.613449954,4.931847953,2.980157030,-0.357409163,-0.881603023,-0.010323258,-0.005121383
34.560000000,-0.299619558,3.485778892,4.942472076,2.976598412,-0.662938899,2.587316569,4.932609127,2.971749028,-0.363319341,-0.898462322,-0.009862949,-0.004849384
34.600000000,-0.305983966,3.473626991,4.946363853,2.966666939,-0.676922614,2.552464805,4.933623937,2.960553509,-0.370938648,-0.921162186,-0.012739916,-0.006113430
34.630000000,-0.310651367,3.464676900,4.952498315,2.958557592,-0.687115515,2.526315731,4.934377002,2.952174879,-0.376464148,-0.938361169,-0.018121313,-0.006382713
34.660000000,-0.315261361,3.455859397,4.952965875,2.950022592,-0.696995437,2.500146029,4.935123986,2.943787702,-0.381734076,-0.955713368,-0.017841888,-0.006234890
34.700000000,-0.321285487,3.444304180,4.944827279,2.938457978,-0.709745710,2.465215317,4.936091852,2.932574729,-0.388460223,-0.979088864,-0.008735427,-0.005883249
34.730000000,-0.325707976,3.435796586,4.948869833,2.930351157,-0.719012613,2.438987737,4.936796594,2.924165924,-0.393304637,-0.996808849,-0.012073239,-0.006185234
34.760000000,-0.330060447,3.427415144,4.948986118,2.921923657,-0.728004759,2.412729162,4.937482751,2.915783346,-0.397944312,-1.014685982,-0.011503367,-0.006140311
34.800000000,-0.335746321,3.416429038,4.943508350,2.911268223,-0.739612714,2.377665627,4.938394102,2.904609467,-0.403866393,-1.038763411,-0.005114248,-0.006658756
34.830000000,-0.339915804,3.408345697,4.940381092,2.903161392,-0.748020641,2.351321570,4.939070945,2.896203497,-0.408104837,-1.057024127,-0.001310148,-0.006957896
34.860000000,-0.343989896,3.400389983,4.940082680,2.894726392,-0.756146473,2.324929623,4.939740435,2.887786892,-0.412156577,-1.075460360,-0.000342245,-0.006939500
34.900000000,-0.349286292,3.389987447,4.933994343,2.883451466,-0.766641222,2.289678667,4.940630356,2.876598701,-0.417354930,-1.100308780,0.006636012,-0.006852765
34.930000000,-0.353181146,3.382326642,4.921077660,2.875532383,-0.774258207,2.263189921,4.941294336,2.868225582,-0.421077061,-1.119136721,0.020216675,-0.007306801
34.960000000,-0.357016649,3.374787270,4.920105120,2.867197383,-0.781605044,2.236641040,4.941960755,2.859829729,-0.424588395,-1.138146230,0.021855634,-0.007367654
35.000000000,-0.549612420,2.896020913,4.916735124,2.855427115,-0.791052033,2.201158584,4.942845108,2.848606591,-0.241439613,-0.694862330,0.026109985,-0.006820524
35.030000000,-0.555988537,2.881995406,4.921676616,2.846287077,-0.797901530,2.174486774,4.943524078,2.840205036,-0.241912993,-0.707508631,0.021847462,-0.006082041
35.060000000,-0.562294895,2.868090894,4.920710006,2.837929577,-0.804529121,2.147754159,4.944211873,2.831832925,-0.242234226,-0.720336735,0.023501867,-0.006096651
35.100000000,-0.570583837,2.849756464,4.929049506,2.826761752,-0.813050166,2.112016995,4.945145264,2.820654672,-0.242466329,-0.737739469,0.016095758,-0.006107080
35.130000000,-0.576721171,2.836160035,4.932583320,2.818142662,-0.819199969,2.085138786,4.945843601,2.812238235,-0.242478798,-0.751021248,0.013260281,-0.005904427
35.160000000,-0.582780670,2.822696566,4.931931854,2.809642662,-0.825132867,2.058189186,4.946533874,2.803822334,-0.242352196,-0.764507380,0.014602020,-0.005820328
35.200000000,-0.590751811,2.804943705,4.923636136,2.798746797,-0.832785236,2.022166682,4.947422466,2.792644593,-0.242033426,-0.782777023,0.023786330,-0.006102203
35.230000000,-0.596668409,2.791775222,4.910447554,2.791081309,-0.838326503,1.995077392,4.948061821,2.784270699,-0.241658094,-0.796697830,0.037614268,-0.006810610
35.260000000,-0.602515081,2.778724935,4.908996584,2.782703809,-0.843658585,1.967906940,4.948683928,2.775863600,-0.241143504,-0.810817995,0.039687344,-0.006840210
35.300000000,-0.610206161,2.761502563,4.907957388,2.772178759,-0.850512461,1.931573581,4.949512705,2.764636593,-0.240306300,-0.829928982,0.041555316,-0.007542166
35.330000000,-0.615910015,2.748714761,4.912197146,2.763583994,-0.855486568,1.904249541,4.950153042,2.756245119,-0.239576553,-0.844465220,0.037955896,-0.007338875
35.360000000,-0.621558054,2.736047662,4.910817767,2.755301494,-0.860300533,1.876849397,4.950803726,2.747877791,-0.238742479,-0.859198264,0.039985960,-0.007423703
35.400000000,-0.628986706,2.719332474,4.900612616,2.744682579,-0.866488620,1.840201651,4.951674717,2.736686108,-0.237501914,-0.879130823,0.051062101,-0.007996470
35.430000000,-0.634467571,2.706931184,4.900168308,2.736713880,-0.870962774,1.812629090,4.952315447,2.728260373,-0.236495203,-0.894302094,0.052147139,-0.008453507
35.460000000,-0.639875522,2.694654815,4.898457902,2.728368880,-0.875299468,1.784978107,4.952959078,2.719854052,-0.235423946,-0.909676707,0.054501175,-0.008514829
35.500000000,-0.814462850,2.279777962,4.913601977,2.716846413,-0.880918175,1.748008955,4.953826948,2.708693161,-0.066455325,-0.531769007,0.040224972,-0.008153251
35.530000000,-0.822134113,2.262053369,4.904875199,2.708355725,-0.884999690,1.720198472,4.954494336,2.700314416,-0.062865577,-0.541854898,0.049619137,-0.008041309
35.560000000,-0.829733279,2.244449975,4.903369747,2.699815725,-0.888945252,1.692299251,4.955161176,2.691895622,-0.059211974,-0.552150724,0.051791429,-0.007920103
35.600000000,-0.839756516,2.221193313,4.909459153,2.688521180,-0.894058043,1.654994048,4.956041362,2.680677114,-0.054301527,-0.566199265,0.046582209,-0.007844065
35.630000000,-0.847213647,2.203903445,4.911321893,2.680283072,-0.897800443,1.626943507,4.956696805,2.672303773,-0.050586796,-0.576959938,0.045374912,-0.007979299
35.660000000,-0.854608201,2.186743799,4.910031572,2.672055572,-0.901444112,1.598818140,4.957351025,2.663937617,-0.046835911,-0.587925659,0.047319453,-0.008117955
35.700000000,-0.864368775,2.164054320,4.913755375,2.662214667,-0.906156465,1.561210791,4.958212758,2.652730137,-0.041787690,-0.602843529,0.044457383,-0.009484530
35.730000000,-0.871625763,2.147171434,4.927467482,2.653281123,-0.909596063,1.532931765,4.958849928,2.644306606,-0.037970300,-0.614239669,0.031382446,-0.008974516
35.760000000,-0.878825476,2.130394023,4.926646974,2.644716123,-0.912969890,1.504591804,4.959483911,2.635919872,-0.034144414,-0.625802218,0.032836937,-0.008796251
35.800000000,-0.888339366,2.108225268,4.915183307,2.633766135,-0.917385168,1.466721473,4.960314661,2.624768715,-0.029045802,-0.641503795,0.045131354,-0.008997420
35.830000000,-0.895418938,2.091759858,4.921841052,2.625245825,-0.920622450,1.438245986,4.960920697,2.616377107,-0.025203512,-0.653513871,0.039079644,-0.008868718
35.860000000,-0.902444654,2.075428225,4.920768961,2.616610825,-0.923791308,1.409697164,4.961510988,2.607950292,-0.021346655,-0.665731062,0.040742028,-0.008660533
35.900000000,-0.911709542,2.053847500,4.920577230,2.606492403,-0.927963034,1.371551496,4.962314481,2.596746319,-0.016253492,-0.682296004,0.041737252,-0.009746083
35.930000000,-0.918566639,2.037813100,4.922157871,2.598510374,-0.931063699,1.342886756,4.962920776,2.588383177,-0.012497060,-0.694926345,0.040762905,-0.010127197
35.960000000,-0.925357444,2.021909241,4.921075491,2.590085374,-0.934125570,1.314157797,4.963533987,2.580006652,-0.008768126,-0.707751445,0.042458496,-0.010078723
36.000000000,-0.963503659,1.785134551,4.921284344,2.579752393,-0.938153307,1.275762539,4.964344091,2.568781869,0.025350352,-0.509372012,0.043059746,-0.010970524
36.030000000,-0.970578500,1.766399333,4.930821885,2.570674504,-0.941153082,1.246909721,4.964949347,2.560362708,0.029425418,-0.519489612,0.034127462,-0.010311796
36.060000000,-0.977582040,1.747791178,4.929973921,2.562074504,-0.944153704,1.218012980,4.965552377,2.551988210,0.033428336,-0.529778198,0.035578455,-0.010086294
36.100000000,-0.986797579,1.723189572,4.925879220,2.550416011,-0.948148855,1.179417880,4.966360911,2.540829913,0.038648723,-0.543771692,0.040481691,-0.009586098
36.130000000,-0.993631180,1.704901082,4.934397505,2.542126547,-0.951133206,1.150413939,4.966961526,2.532420498,0.042497974,-0.554487142,0.032564022,-0.009706050
36.160000000,-1.000405251,1.686739948,4.933620640,2.533964047,-0.954120969,1.121358645,4.967555652,2.523993104,0.046284281,-0.565381303,0.033935012,-0.009970943
36.200000000,-1.009357521,1.662704631,4.942913258,2.523736820,-0.958143346,1.082568370,4.968352109,2.512810094,0.051214176,-0.580136261,0.025438851,-0.010926726
36.230000000,-1.016002667,1.644824976,4.952301921,2.516216406,-0.961191537,1.053438189,4.968943382,2.504452864,0.054811130,-0.591386787,0.016641461,-0.011763542
36.260000000,-1.022591798,1.627084284,4.952040023,2.507748906,-0.964258063,1.024260281,4.969526665,2.496060810,0.058333736,-0.602824003,0.017486642,-0.011688096
36.300000000,-1.031284480,1.603620225,4.951531113,2.496284961,-0.968378112,0.985298644,4.970271341,2.484824908,0.062906368,-0.618321581,0.018740227,-0.011460053
36.330000000,-1.037735293,1.586146319,4.954290319,2.487404492,-0.971512249,0.956050481,4.970804618,2.476418639,0.066223043,-0.630095838,0.016514299,-0.010985854
36.360000000,-1.044134262,1.568771882,4.953935664,2.478909492,-0.974701873,0.926785216,4.971311570,2.468054891,0.069432389,-0.641986666,0.017375906,-0.010854601
36.400000000,-1.052573620,1.545783921,4.960367314,2.467446389,-0.979012752,0.887730345,4.971980980,2.456883336,0.073560868,-0.658053577,0.011613666,-0.010563053
36.430000000,-1.058823899,1.528673838,4.967990727,2.458307848,-0.982284845,0.858410401,4.972471406,2.448461034,0.076539054,-0.670263436,0.004480680,-0.009846814
36.460000000,-1.065017166,1.511677249,4.967910886,2.449815348,-0.985613542,0.829076845,4.972952313,2.440041371,0.079403624,-0.682600403,0.005041427,-0.009773976
36.500000000,-1.012239798,1.298039141,4.969573952,2.438732054,-0.990148823,0.789966624,4.973570980,2.428873370,0.022090975,-0.508072518,0.003997028,-0.009858684
36.530000000,-1.017424718,1.278544322,4.962930396,2.429986822,-0.993616856,0.760630688,4.974014517,2.420509870,0.023807863,-0.517913634,0.011084121,-0.009476952
36.560000000,-1.022555453,1.259170386,4.962544163,2.421781822,-0.997139628,0.731282159,4.974442673,2.412103333,0.025415826,-0.527888227,0.011898510,-0.009678488
36.600000000,-1.029298233,1.233510423,4.949152672,2.411460390,-1.001928960,0.692147172,4.975004193,2.400868081,0.027369273,-0.541363251,0.025851521,-0.010592309
36.630000000,-1.034280133,1.214401640,4.936116173,2.403257102,-1.005615143,0.662807483,4.975432101,2.392479043,0.028664990,-0.551594157,0.039315928,-0.010778059
36.660000000,-1.039204885,1.195424696,4.934860435,2.395114602,-1.009407120,0.633475590,4.975870752,2.384123822,0.029797766,-0.561949106,0.041010317,-0.010990780
36.700000000,-1.045698443,1.170335647,4.940675265,2.383131567,-1.014595398,0.594350055,4.976494528,2.372933686,0.031103045,-0.575985592,0.035819263,-0.010197881
36.730000000,-1.050502964,1.151658057,4.932953779,2.372935512,-1.018589921,0.564990951,4.976993567,2.364489046,0.031913043,-0.586667106,0.044039788,-0.008446467
36.760000000,-1.055242353,1.133093790,4.931689478,2.364423012,-1.022708855,0.535636368,4.977521960,2.356067312,0.032533498,-0.597457423,0.045832483,-0.008355700
36.800000000,-1.061484721,1.108508941,4.937509231,2.353027361,-1.028377317,0.496520184,4.978233206,2.344910812,0.033107404,-0.611988758,0.040723975,-0.008116550
36.830000000,-1.066100283,1.090190784,4.940634494,2.345154828,-1.032748392,0.467193821,4.978783244,2.336539515,0.033351892,-0.622996963,0.038148750,-0.008615313
36.860000000,-1.070644495,1.071991629,4.939638585,2.336777328,-1.037226897,0.437874072,4.979341321,2.328114679,0.033417597,-0.634117556,0.039702736,-0.008662650
36.900000000,-1.076612842,1.047888320,4.937529208,2.325847549,-1.043356238,0.398816099,4.980090830,2.316881570,0.033256604,-0.649072220,0.042561622,-0.008965979
36.930000000,-1.081006903,1.029949724,4.935232780,2.317218944,-1.048083025,0.369567204,4.980653634,2.308506243,0.032923878,-0.660382520,0.045420854,-0.008712701
36.960000000,-1.085351906,1.012130374,4.934015055,2.308836444,-1.052931920,0.340361044,4.981223573,2.300147690,0.032419986,-0.671769330,0.047208518,-0.008688754
37.000000000,-1.084909844,0.710773699,4.940861337,2.297966451,-1.059540136,0.301461984,4.982005562,2.288944408,0.025369709,-0.409311714,0.041144225,-0.009022044
37.030000000,-1.089052073,0.689220005,4.938459429,2.288780305,-1.064607395,0.272328023,4.982606775,2.280513895,0.024444678,-0.416891982,0.044147347,-0.008266410
37.060000000,-1.093138565,0.667777987,4.937373722,2.280382805,-1.069802264,0.243256917,4.983228336,2.272117742,0.023336301,-0.424521070,0.045854614,-0.008265062
37.100000000,-1.098507581,0.639358300,4.939793987,2.268944510,-1.076902127,0.204581680,4.984074634,2.260965965,0.021605454,-0.434776620,0.044280647,-0.007978545
37.130000000,-1.102458800,0.618187792,4.936322134,2.259643763,-1.082350475,0.175624391,4.984730607,2.252577900,0.020108325,-0.442563401,0.048408473,-0.007065863
37.160000000,-1.106326213,0.597124185,4.935190789,2.251291263,-1.087928855,0.146709418,4.985396182,2.244149218,0.018397358,-0.450414767,0.050205393,-0.007142045
37.200000000,-1.111370070,0.569189158,4.950974258,2.240324941,-1.095571369,0.108231628,4.986301261,2.232940113,0.015798700,-0.460957530,0.035327003,-0.007384828
37.230000000,-1.115075626,0.548367020,4.939150446,2.232197497,-1.101466878,0.079436070,4.986988233,2.224584435,0.013608749,-0.468930950,0.047837787,-0.007613062
37.260000000,-1.118718089,0.527663602,4.938077579,2.224189997,-1.107516473,0.050690634,4.987681138,2.216218818,0.011201616,-0.476972968,0.049603558,-0.007971179
37.300000000,-1.123472246,0.500233457,4.940742033,2.212479114,-1.115775652,0.012421871,4.988589015,2.204993892,0.007696594,-0.487811586,0.047846982,-0.007485221
37.330000000,-1.126970784,0.479785836,4.952924780,2.203807624,-1.122121276,-0.016220196,4.989269284,2.196568342,0.004849508,-0.496006032,0.036344504,-0.007239282
37.360000000,-1.130412350,0.459432889,4.952251844,2.195297624,-1.128626478,-0.044782498,4.989955356,2.188194728,0.001785872,-0.504215387,0.037703512,-0.007102895
37.400000000,-1.134901225,0.432462406,4.959176943,2.184667060,-1.137499897,-0.082765940,4.990878831,2.177047012,-0.002598672,-0.515228346,0.031701888,-0.007620048
37.430000000,-1.138174156,0.412349224,4.961311413,2.174852311,-1.144292027,-0.111190125,4.991568512,2.168644475,-0.006117871,-0.523539348,0.030257099,-0.006207836
37.460000000,-1.141378747,0.392333236,4.960807065,2.166387311,-1.151221921,-0.139543070,4.992245720,2.160216389,-0.009843174,-0.531876307,0.031438655,-0.006170921
37.500000000,-1.129912310,0.164810686,4.957118967,2.155831002,-1.160659759,-0.177223186,4.993141938,2.149028845,-0.030747449,-0.342033872,0.036022971,-0.006802158
37.530000000,-1.132736064,0.142143408,4.966487732,2.146709973,-1.167884692,-0.205387934,4.993803609,2.140674302,-0.035148628,-0.347531342,0.027315878,-0.006035671
37.560000000,-1.135497368,0.119580425,4.966047013,2.138482473,-1.175242788,-0.233472678,4.994472195,2.132294134,-0.039745420,-0.353053103,0.028425182,-0.006188339
37.600000000,-1.139083173,0.089640237,4.953803696,2.127201501,-1.185230672,-0.270813512,4.995372244,2.121067671,-0.046147500,-0.360453749,0.041568547,-0.006133830
37.630000000,-1.141685615,0.067308954,4.966835612,2.117808994,-1.192870255,-0.298723629,4.996054561,2.112663897,-0.051184640,-0.366032583,0.029218949,-0.005145098
37.660000000,-1.144219750,0.045095601,4.966375402,2.109343994,-1.200674358,-0.326530982,4.996743415,2.104310480,-0.056454607,-0.371626583,0.030368013,-0.005033514
37.700000000,-1.147484135,0.015648919,4.973146482,2.097247231,-1.211298178,-0.363497712,4.997689320,2.093158924,-0.063814043,-0.379146631,0.024542837,-0.004088307
37.730000000,-1.149831276,-0.006312596,4.977960413,2.089153619,-1.219427178,-0.391154037,4.998401367,2.084735355,-0.069595903,-0.384841441,0.020440954,-0.004418264
37.760000000,-1.152094204,-0.028184723,4.977754968,2.080731119,-1.227726125,-0.418728629,4.999105599,2.076299918,-0.075631920,-0.390543906,0.021350630,-0.004431201
37.800000000,-1.154979440,-0.057189667,4.972803700,2.070321570,-1.239028624,-0.455359878,5.000024876,2.065128818,-0.084049184,-0.398170211,0.027221176,-0.005192752
37.830000000,-1.157065751,-0.078818185,4.964729474,2.062824730,-1.247676300,-0.482737028,5.000695230,2.056777665,-0.090610549,-0.403918843,0.035965756,-0.006047065
37.860000000,-1.159072589,-0.100359097,4.963963710,2.054109730,-1.256480593,-0.510034581,5.001356119,2.048375319,-0.097408004,-0.409675484,0.037392409,-0.005734411
37.900000000,-1.161641574,-0.128949259,4.970482267,2.042911009,-1.268427887,-0.546314392,5.002232333,2.037131587,-0.106786314,-0.417365133,0.031750066,-0.005779422
37.930000000,-1.163477632,-0.150289654,4.971346161,2.034659168,-1.277551967,-0.573415520,5.002902503,2.028737683,-0.114074335,-0.423125865,0.031556342,-0.005921485
37.960000000,-1.165244622,-0.171536353,4.970756636,2.026144168,-1.286837919,-0.600404055,5.003576701,2.020388192,-0.121593297,-0.428867702,0.032820066,-0.005755975
38.000000000,-1.131616631,-0.397868589,4.979994762,2.014790843,-1.299418174,-0.636265149,5.004479878,2.009213019,-0.167801543,-0.238396560,0.024485115,-0.005577823
38.030000000,-1.132685340,-0.421743351,4.981228296,2.006683848,-1.308998083,-0.663072566,5.005148279,2.000779200,-0.176312743,-0.241329215,0.023919982,-0.005904648
38.060000000,-1.133679495,-0.445525623,4.980866923,1.998183848,-1.318730557,-0.689770574,5.005812229,1.992357169,-0.185051062,-0.244244951,0.024945306,-0.005826679
38.100000000,-1.134864837,-0.477103430,4.993676940,1.986663029,-1.331921122,-0.725207157,5.006680818,1.981199718,-0.197056286,-0.248103728,0.013003878,-0.005463311
38.130000000,-1.135660334,-0.500678074,5.001968249,1.978365925,-1.341977006,-0.751680111,5.007324291,1.972834018,-0.206316672,-0.251002037,0.005356041,-0.005531907
38.160000000,-1.136382082,-0.524153194,5.002124110,1.969948425,-1.352204690,-0.778068701,5.007948192,1.964407769,-0.215822608,-0.253915507,0.005824082,-0.005540656
38.200000000,-1.137208441,-0.555313373,5.003666337,1.958853899,-1.366100047,-0.813129787,5.008737745,1.953156866,-0.228891607,-0.257816414,0.005071408,-0.005697033
38.230000000,-1.137717483,-0.578580932,5.013479297,1.950852837,-1.376732504,-0.839319550,5.009287450,1.944780037,-0.239015021,-0.260738619,-0.004191847,-0.006072800
38.260000000,-1.138127767,-0.601756855,5.013740406,1.942490337,-1.387580626,-0.865411270,5.009794271,1.936436333,-0.249452859,-0.263654415,-0.003946135,-0.006054004
38.300000000,-1.138547571,-0.632496579,5.011865745,1.930550486,-1.402326435,-0.900094332,5.010422083,1.925227434,-0.263778864,-0.267597753,-0.001443662,-0.005323051
38.330000000,-1.138745547,-0.655432739,5.012520129,1.921857220,-1.413598081,-0.926022654,5.010844411,1.916770242,-0.274852535,-0.270589915,-0.001675718,-0.005086977
38.360000000,-1.138867688,-0.678281857,5.012479560,1.913264720,-1.425089043,-0.951843644,5.011226062,1.908366293,-0.286221354,-0.273561787,-0.001253498,-0.004898426
38.400000000,-1.138918770,-0.708619458,5.011052865,1.902418813,-1.440701389,-0.986124144,5.011681780,1.897237346,-0.301782620,-0.277504686,0.000628915,-0.005181468
38.430000000,-1.138865466,-0.731265080,5.018888549,1.893857678,-1.452621638,-1.011740204,5.011994031,1.888858727,-0.313756172,-0.280475124,-0.006894518,-0.004998951
38.460000000,-1.138726760,-0.753827413,5.018822370,1.885565178,-1.464749068,-1.037267524,5.012269031,1.880410959,-0.326022308,-0.283440111,-0.006553339,-0.005154219
38.500000000,-1.303780224,-0.786582135,5.022675491,1.873962062,-1.481203134,-1.071156584,5.012596980,1.869179454,-0.177422911,-0.284574448,-0.010078511,-0.004782608
38.530000000,-1.305830659,-0.809003449,5.026464076,1.864338019,-1.493759228,-1.096450757,5.012803999,1.860826682,-0.187928569,-0.287447308,-0.013660078,-0.003511337
38.560000000,-1.307789878,-0.831340576,5.026436881,1.855773019,-1.506525166,-1.121635865,5.012973085,1.852465550,-0.198735288,-0.290295289,-0.013463796,-0.003307470
38.600000000,-1.310248143,-0.861017515,5.023437974,1.844713021,-1.523811062,-1.155087667,5.013138232,1.841223252,-0.213562920,-0.294070152,-0.010299742,-0.003489769
38.630000000,-1.311979732,-0.883190146,5.027782438,1.834495125,-1.536962505,-1.180066550,5.013215302,1.832770139,-0.224982773,-0.296876403,-0.014567136,-0.001724985
38.660000000,-1.313625019,-0.905278949,5.027578627,1.825930125,-1.550282158,-1.204910650,5.013253752,1.824374782,-0.236657139,-0.299631701,-0.014324875,-0.001555342
38.700000000,-1.315670731,-0.934605904,5.023721903,1.813974795,-1.568229623,-1.237858205,5.013263649,1.813214866,-0.252558892,-0.303252300,-0.010458254,-0.000759929
38.730000000,-1.317098316,-0.956498385,5.027187531,1.805585669,-1.581809083,-1.262448803,5.013244130,1.804812892,-0.264710767,-0.305950418,-0.013943401,-0.000772777
38.760000000,-1.318439235,-0.978319367,5.026799779,1.797305669,-1.595493744,-1.286915464,5.013194654,1.796388747,-0.277054509,-0.308596096,-0.013605125,-0.000916922
38.800000000,-1.320072800,-1.007292872,5.031487163,1.785855438,-1.613877155,-1.319344255,5.013104763,1.785198272,-0.293804355,-0.312051383,-0.018382400,-0.000657166
38.830000000,-1.321182741,-1.028928967,5.026725140,1.778489068,-1.627765441,-1.343518617,5.013013751,1.776839167,-0.306582700,-0.314589650,-0.013711390,-0.001649901
38.860000000,-1.322190501,-1.050490225,5.026194409,1.769934068,-1.641750053,-1.367565908,5.012903202,1.768461702,-0.319559552,-0.317075683,-0.013291207,-0.001472366
38.900000000,-1.323404385,-1.079148119,5.039186133,1.758908010,-1.660524920,-1.399470147,5.012714121,1.757243041,-0.337120536,-0.320322027,-0.026472012,-0.001664970
38.930000000,-1.324223268,-1.100562148,5.050030559,1.750837953,-1.674708269,-1.423264585,5.012550695,1.748835154,-0.350485001,-0.322702437,-0.037479864,-0.002002799
38.960000000,-1.324958933,-1.121917217,5.050033763,1.742645453,-1.688999670,-1.446914165,5.012354806,1.740470430,-0.364040738,-0.324996948,-0.037678957,-0.002175023
39.000000000,-1.469765180,-1.264464714,5.048321961,1.731410422,-1.708200969,-1.478276670,5.012036551,1.729317317,-0.238435788,-0.213811956,-0.036285409,-0.002093105
39.030000000,-1.472379495,-1.287281386,5.039188656,1.722984186,-1.722713282,-1.501686332,5.011739652,1.720910670,-0.250333787,-0.214404946,-0.027449004,-0.002073516
39.060000000,-1.474901022,-1.310039126,5.038603017,1.714631686,-1.737343753,-1.524975200,5.011378914,1.712491431,-0.262442732,-0.214936074,-0.027224104,-0.002140255
39.100000000,-1.478121051,-1.340286471,5.040146261,1.702334507,-1.757012324,-1.555839089,5.010824224,1.701312410,-0.278891273,-0.215552618,-0.029322038,-0.001022097
39.130000000,-1.480424195,-1.362888501,5.043106470,1.694163106,-1.771875319,-1.578845837,5.010362576,1.692951359,-0.291451124,-0.215957336,-0.032743895,-0.001211747
39.160000000,-1.482653585,-1.385417534,5.042460239,1.685723106,-1.786828255,-1.601723938,5.009869949,1.684559131,-0.304174669,-0.216306404,-0.032590290,-0.001163975
39.200000000,-1.485484685,-1.415354134,5.043296591,1.675334979,-1.806852632,-1.632045364,5.009168120,1.673340600,-0.321367948,-0.216691230,-0.034128471,-0.001994379
39.230000000,-1.487494163,-1.437744934,5.037430728,1.665455672,-1.821916297,-1.654625429,5.008616206,1.664943278,-0.334422133,-0.216880495,-0.028814523,-0.000512394
39.260000000,-1.489420337,-1.460082740,5.036455170,1.657035672,-1.837002470,-1.677031253,5.008037514,1.656564092,-0.347582133,-0.216948513,-0.028417656,-0.000471580
39.300000000,-1.491847319,-1.489748220,5.023965061,1.646570985,-1.857119185,-1.706687751,5.007247545,1.645382982,-0.365271866,-0.216939532,-0.016717516,-0.001188003
39.330000000,-1.493560515,-1.511920124,5.035357225,1.638475388,-1.872193732,-1.728767813,5.006642553,1.636989256,-0.378633218,-0.216847689,-0.028714671,-0.001486133
39.360000000,-1.495195270,-1.534041481,5.034279205,1.630312888,-1.887243649,-1.750661998,5.006045146,1.628601578,-0.392048379,-0.216620517,-0.028234059,-0.001711311
39.400000000,-1.497237305,-1.563441079,5.026234423,1.620993676,-1.907264967,-1.779580715,5.005269158,1.617425969,-0.410027662,-0.216139636,-0.020965264,-0.003567707
39.430000000,-1.498668356,-1.585409162,5.029601286,1.612685406,-1.922239333,-1.801069977,5.004699670,1.609044675,-0.423570977,-0.215660814,-0.024901616,-0.003640731
39.460000000,-1.500006057,-1.607325651,5.028401554,1.604295406,-1.937165049,-1.822367887,5.004142305,1.600661784,-0.437158992,-0.215042236,-0.024259249,-0.003633622
39.500000000,-1.703010140,-1.706940492,5.017711133,1.592697492,-1.956995972,-1.850484587,5.003422898,1.589485202,-0.253985832,-0.143544095,-0.014288235,-0.003212290
39.530000000,-1.707051868,-1.729747640,5.014895565,1.583596712,-1.971814685,-1.871337594,5.002902126,1.581101040,-0.264762817,-0.141589954,-0.011993439,-0.002495672
39.560000000,-1.711004467,-1.752508029,5.013316490,1.575311712,-1.986576665,-1.891950783,5.002411719,1.572704534,-0.275572198,-0.139442754,-0.010904771,-0.002607178
39.600000000,-1.716139427,-1.782752902,5.013382216,1.563512332,-2.006164933,-1.919122503,5.001814669,1.561516024,-0.290025506,-0.136369601,-0.011567548,-0.001996308
39.630000000,-1.719915973,-1.805381343,5.014402854,1.554741209,-2.020754769,-1.939249376,5.001407762,1.553140804,-0.300838796,-0.133868033,-0.012995092,-0.001600405
39.660000000,-1.723620357,-1.827983869,5.012997193,1.546523709,-2.035190971,-1.959087035,5.001051161,1.544764639,-0.311570614,-0.131103166,-0.011946032,-0.001759070
39.700000000,-1.728458685,-1.858069011,5.003239275,1.533945781,-2.054158799,-1.985134774,5.000639896,1.533580212,-0.325700114,-0.127065763,-0.002599379,-0.000365569
39.730000000,-1.732021636,-1.880572606,5.013575674,1.524853919,-2.068131404,-2.004377308,5.000385614,1.525230078,-0.336109768,-0.123804702,-0.013190059,0.000376159
39.760000000,-1.735498249,-1.903024247,5.012344904,1.516523919,-2.081812405,-2.023321192,5.000181109,1.516953325,-0.346314156,-0.120296945,-0.012163795,0.000429407
39.800000000,-1.739989414,-1.932892419,5.010317465,1.505383514,-2.099630993,-2.048136977,4.999992349,1.505894659,-0.359641579,-0.115244558,-0.010325115,0.000511145
39.830000000,-1.743267006,-1.955242650,5.010725744,1.496892948,-2.112666896,-2.066396710,4.999898630,1.497532010,-0.369399890,-0.111154060,-0.010827114,0.000639062
39.860000000,-1.746456773,-1.977546589,5.009616727,1.488410448,-2.125367199,-2.084305454,4.999904516,1.489274615,-0.378910425,-0.106758866,-0.009712211,0.000864167
39.900000000,-1.750624490,-2.007242306,5.000519463,1.477272527,-2.141779901,-2.107686695,5.000037954,1.478684745,-0.391155411,-0.100444389,-0.000481509,0.001412218
39.930000000,-1.753716396,-2.029517095,4.996025931,1.468078095,-2.153569628,-2.124782828,5.000221459,1.470917109,-0.399853232,-0.095265734,0.004195528,0.002839014
39.960000000,-1.756815997,-2.051774238,4.994796359,1.459968095,-2.164623278,-2.141375437,5.000481065,1.462868182,-0.407807282,-0.089601199,0.005684706,0.002900087
40.000000000,-1.898470531,-2.032912808,4.993319133,1.448607846,-2.178080575,-2.162849380,5.000911238,1.452104923,-0.279610043,-0.129936573,0.007592106,0.003497077
