[INFO] [launch]: All log files can be found below /root/.ros/log/2026-04-04-16-37-56-231190-liuyi-23507
[INFO] [launch]: Default logging verbosity is set to INFO
[INFO] [gazebo-1]: process started with pid [23525]
[INFO] [robot_state_publisher-2]: process started with pid [23526]
[INFO] [robot_state_publisher-3]: process started with pid [23527]
[INFO] [parameter_bridge-4]: process started with pid [23528]
[INFO] [create-5]: process started with pid [23530]
[INFO] [static_transform_publisher-6]: process started with pid [23531]
[INFO] [create-7]: process started with pid [23532]
[INFO] [static_transform_publisher-8]: process started with pid [23533]
[INFO] [static_transform_publisher-9]: process started with pid [23534]
[INFO] [rviz2-10]: process started with pid [23541]
[INFO] [component_container-11]: process started with pid [23546]
[INFO] [component_container-12]: process started with pid [23547]
[static_transform_publisher-9] [INFO] [1775320676.580465015] [drone.drone_static_tf2]: Spinning until stopped - publishing transform
[static_transform_publisher-9] translation: ('0.000000', '0.000000', '0.000000')
[static_transform_publisher-9] rotation: ('0.000000', '0.000000', '0.000000', '1.000000')
[static_transform_publisher-9] from 'drone/base_footprint' to 'drone/base_link'
[rviz2-10] QStandardPaths: XDG_RUNTIME_DIR not set, defaulting to '/tmp/runtime-root'
[static_transform_publisher-6] [INFO] [1775320676.584802233] [turtle.turtle_static_tf]: Spinning until stopped - publishing transform
[static_transform_publisher-6] translation: ('0.000000', '0.000000', '0.000000')
[static_transform_publisher-6] rotation: ('0.000000', '0.000000', '0.000000', '1.000000')
[static_transform_publisher-6] from 'map' to 'turtle/odom'
[create-7] [INFO] [1775320676.591754719] [drone.ros_gz_sim]: Requesting list of world names.
[static_transform_publisher-8] [INFO] [1775320676.604003543] [drone.drone_static_tf]: Spinning until stopped - publishing transform
[static_transform_publisher-8] translation: ('0.000000', '0.000000', '0.000000')
[static_transform_publisher-8] rotation: ('0.000000', '0.000000', '0.000000', '1.000000')
[static_transform_publisher-8] from 'map' to 'drone/odom'
[robot_state_publisher-3] [WARN] [1775320676.611423265] [kdl_parser]: The root link base_link has an inertia specified in the URDF, but KDL does not support a root link with an inertia.  As a workaround, you can add an extra dummy link to your URDF.
[robot_state_publisher-3] [INFO] [1775320676.611503230] [drone.robot_state_publisher]: Robot initialized
[create-5] [INFO] [1775320676.617941451] [turtle.ros_gz_sim]: Requesting list of world names.
[robot_state_publisher-2] [INFO] [1775320676.623257721] [turtle.robot_state_publisher]: Robot initialized
[gazebo-1] [1;33mWarning [Utils.cc:132][0m [/sdf/world[@name="default"]/gui/camera[@name="user_camera"]/pose[@frame=""]:/ws/ee4308/install/ee4308_bringup/share/ee4308_bringup/worlds/turtlebot3_house.world:L10]: XML Attribute[frame] in element[pose] not defined in SDF.
[component_container-11] [INFO] [1775320676.760865083] [drone.drone]: Load Library: /ws/ee4308/install/ee4308_drone/lib/libbehavior_component.so
[component_container-11] [INFO] [1775320676.763102979] [drone.drone]: Found class: rclcpp_components::NodeFactoryTemplate<ee4308::drone::Behavior>
[component_container-11] [INFO] [1775320676.763122309] [drone.drone]: Instantiate class: rclcpp_components::NodeFactoryTemplate<ee4308::drone::Behavior>
[rviz2-10] [INFO] [1775320676.769614345] [rviz2]: Stereo is NOT SUPPORTED
[rviz2-10] [INFO] [1775320676.769673624] [rviz2]: OpenGl version: 4.5 (GLSL 4.5)
[rviz2-10] [INFO] [1775320676.810306243] [rviz2]: Stereo is NOT SUPPORTED
[component_container-11] [INFO] [1775320677.115988488] [drone.behavior]: [Parameter] reached_thres: {"name": "reached_thres", "type": "double", "value": "0.300000"}
[component_container-11] [INFO] [1775320677.116079767] [drone.behavior]: [Parameter] cruise_height: {"name": "cruise_height", "type": "double", "value": "5.000000"}
[component_container-11] [INFO] [1775320677.116136440] [drone.behavior]: [Parameter] frequency: {"name": "frequency", "type": "double", "value": "10.000000"}
[component_container-11] [INFO] [1775320677.116191947] [drone.behavior]: [Parameter] topic_turtle_plan: {"name": "topic_turtle_plan", "type": "string", "value": "/turtle/plan"}
[component_container-11] [INFO] [1775320677.116244195] [drone.behavior]: [Parameter] topic_turtle_stop: {"name": "topic_turtle_stop", "type": "string", "value": "/turtle/stop"}
[component_container-11] [INFO] [1775320677.116286881] [drone.behavior]: [Parameter] map_frame_id: {"name": "map_frame_id", "type": "string", "value": "map"}
[component_container-11] [INFO] [1775320677.116333866] [drone.behavior]: [Parameter] initial_x: {"name": "initial_x", "type": "double", "value": "-2.000000"}
[component_container-11] [INFO] [1775320677.116398717] [drone.behavior]: [Parameter] initial_y: {"name": "initial_y", "type": "double", "value": "-2.000000"}
[component_container-11] [INFO] [1775320677.116440717] [drone.behavior]: [Parameter] initial_z: {"name": "initial_z", "type": "double", "value": "0.050000"}
[component_container-11] [INFO] [1775320677.126535146] [drone.behavior]: Behavior transition BEGIN -> TAKEOFF | turtle_stop=false | waypoint=(0.00, 0.00, 0.00)
[component_container-11] [INFO] [1775320677.126802889] [drone.behavior]: Behavior target TAKEOFF | new_waypoint=(-2.00, -2.00, 5.00)
[INFO] [launch_ros.actions.load_composable_nodes]: Loaded node '/drone/behavior' in container '/drone/drone'
[component_container-11] [INFO] [1775320677.129196615] [drone.drone]: Load Library: /ws/ee4308/install/ee4308_drone/lib/libplanner_component.so
[component_container-11] [INFO] [1775320677.129752936] [drone.drone]: Found class: rclcpp_components::NodeFactoryTemplate<ee4308::drone::Planner>
[component_container-11] [INFO] [1775320677.129764591] [drone.drone]: Instantiate class: rclcpp_components::NodeFactoryTemplate<ee4308::drone::Planner>
[component_container-11] [INFO] [1775320677.136150098] [drone.planner]: [Parameter] interpolation_distance: {"name": "interpolation_distance", "type": "double", "value": "0.100000"}
[INFO] [launch_ros.actions.load_composable_nodes]: Loaded node '/drone/planner' in container '/drone/drone'
[component_container-11] [INFO] [1775320677.140862062] [drone.drone]: Load Library: /ws/ee4308/install/ee4308_drone/lib/libcontroller_component.so
[component_container-11] [INFO] [1775320677.142326964] [drone.drone]: Found class: rclcpp_components::NodeFactoryTemplate<ee4308::drone::Controller>
[component_container-11] [INFO] [1775320677.142341634] [drone.drone]: Instantiate class: rclcpp_components::NodeFactoryTemplate<ee4308::drone::Controller>
[component_container-11] [INFO] [1775320677.148631002] [drone.controller]: [Parameter] frequency: {"name": "frequency", "type": "double", "value": "20.000000"}
[component_container-11] [INFO] [1775320677.148704599] [drone.controller]: [Parameter] enable: {"name": "enable", "type": "bool", "value": "true"}
[component_container-11] [INFO] [1775320677.148754085] [drone.controller]: [Parameter] lookahead_distance: {"name": "lookahead_distance", "type": "double", "value": "1.000000"}
[component_container-11] [INFO] [1775320677.148810813] [drone.controller]: [Parameter] max_xy_vel: {"name": "max_xy_vel", "type": "double", "value": "1.000000"}
[component_container-11] [INFO] [1775320677.148861649] [drone.controller]: [Parameter] max_z_vel: {"name": "max_z_vel", "type": "double", "value": "0.500000"}
[component_container-11] [INFO] [1775320677.148918244] [drone.controller]: [Parameter] yaw_vel: {"name": "yaw_vel", "type": "double", "value": "-0.300000"}
[component_container-11] [INFO] [1775320677.148967649] [drone.controller]: [Parameter] kp_xy: {"name": "kp_xy", "type": "double", "value": "1.000000"}
[component_container-11] [INFO] [1775320677.149017222] [drone.controller]: [Parameter] kp_z: {"name": "kp_z", "type": "double", "value": "1.000000"}
[INFO] [launch_ros.actions.load_composable_nodes]: Loaded node '/drone/controller' in container '/drone/drone'
[component_container-11] [INFO] [1775320677.153694104] [drone.drone]: Load Library: /ws/ee4308/install/ee4308_drone/lib/libestimator_component.so
[component_container-11] [INFO] [1775320677.156575452] [drone.drone]: Found class: rclcpp_components::NodeFactoryTemplate<ee4308::drone::Estimator>
[component_container-11] [INFO] [1775320677.156587694] [drone.drone]: Instantiate class: rclcpp_components::NodeFactoryTemplate<ee4308::drone::Estimator>
[component_container-11] [INFO] [1775320677.165577430] [drone.estimator]: [Parameter] frequency: {"name": "frequency", "type": "double", "value": "30.000000"}
[component_container-11] [INFO] [1775320677.165664563] [drone.estimator]: [Parameter] var_imu_x: {"name": "var_imu_x", "type": "double", "value": "2.000000"}
[component_container-11] [INFO] [1775320677.165718547] [drone.estimator]: [Parameter] var_imu_y: {"name": "var_imu_y", "type": "double", "value": "2.000000"}
[component_container-11] [INFO] [1775320677.165774653] [drone.estimator]: [Parameter] var_imu_z: {"name": "var_imu_z", "type": "double", "value": "20.000000"}
[component_container-11] [INFO] [1775320677.165842685] [drone.estimator]: [Parameter] var_imu_a: {"name": "var_imu_a", "type": "double", "value": "1.000000"}
[component_container-11] [INFO] [1775320677.165903382] [drone.estimator]: [Parameter] var_gps_x: {"name": "var_gps_x", "type": "double", "value": "0.700000"}
[component_container-11] [INFO] [1775320677.165970521] [drone.estimator]: [Parameter] var_gps_y: {"name": "var_gps_y", "type": "double", "value": "0.700000"}
[component_container-11] [INFO] [1775320677.166042361] [drone.estimator]: [Parameter] var_gps_z: {"name": "var_gps_z", "type": "double", "value": "0.500000"}
[component_container-11] [INFO] [1775320677.166106202] [drone.estimator]: [Parameter] var_baro: {"name": "var_baro", "type": "double", "value": "1.000000"}
[component_container-11] [INFO] [1775320677.166155581] [drone.estimator]: [Parameter] var_sonar: {"name": "var_sonar", "type": "double", "value": "0.030000"}
[component_container-11] [INFO] [1775320677.166217813] [drone.estimator]: [Parameter] var_magnet: {"name": "var_magnet", "type": "double", "value": "1.000000"}
[component_container-11] [INFO] [1775320677.166277485] [drone.estimator]: [Parameter] verbose: {"name": "verbose", "type": "bool", "value": "true"}
[component_container-11] [INFO] [1775320677.166340702] [drone.estimator]: [Parameter] map_frame_id: {"name": "map_frame_id", "type": "string", "value": "map"}
[component_container-11] [INFO] [1775320677.166404826] [drone.estimator]: [Parameter] drone_frame_id: {"name": "drone_frame_id", "type": "string", "value": "drone/base_link"}
[component_container-11] [INFO] [1775320677.166466726] [drone.estimator]: [Parameter] use_ground_truth: {"name": "use_ground_truth", "type": "bool", "value": "false"}
[component_container-11] [INFO] [1775320677.166525793] [drone.estimator]: [Parameter] initial_x: {"name": "initial_x", "type": "double", "value": "-2.000000"}
[component_container-11] [INFO] [1775320677.166578138] [drone.estimator]: [Parameter] initial_y: {"name": "initial_y", "type": "double", "value": "-2.000000"}
[component_container-11] [INFO] [1775320677.166633470] [drone.estimator]: [Parameter] initial_z: {"name": "initial_z", "type": "double", "value": "0.050000"}
[INFO] [launch_ros.actions.load_composable_nodes]: Loaded node '/drone/estimator' in container '/drone/drone'
[create-7] [INFO] [1775320677.334394078] [drone.ros_gz_sim]: Entity creation successful.
[create-5] [INFO] [1775320677.334826944] [turtle.ros_gz_sim]: Entity creation successful.
[component_container-12] [INFO] [1775320677.413063102] [turtle.turtle2]: Load Library: /ws/ee4308/install/ee4308_turtle2/lib/libbehavior_component.so
[component_container-12] [INFO] [1775320677.425675070] [turtle.turtle2]: Found class: rclcpp_components::NodeFactoryTemplate<ee4308::turtle2::Behavior>
[component_container-12] [INFO] [1775320677.425794442] [turtle.turtle2]: Instantiate class: rclcpp_components::NodeFactoryTemplate<ee4308::turtle2::Behavior>
[INFO] [create-5]: process has finished cleanly [pid 23530]
[component_container-12] [INFO] [1775320677.466566385] [turtle.behavior]: [Parameter] frequency: {"name": "frequency", "type": "double", "value": "1.000000"}
[component_container-12] [INFO] [1775320677.466766484] [turtle.behavior]: [Parameter] reached_thres: {"name": "reached_thres", "type": "double", "value": "0.050000"}
[component_container-12] [INFO] [1775320677.467049666] [turtle.behavior]: [Parameter] waypoints: {"name": "waypoints", "type": "double_array", "value": "[1, 4, -4.5, -2]"}
[component_container-12] [INFO] [1775320677.467246584] [turtle.behavior]: [Parameter] frame_id_turtle_: {"name": "frame_id_turtle_", "type": "string", "value": "turtle/base_link"}
[component_container-12] [INFO] [1775320677.467452867] [turtle.behavior]: [Parameter] frame_id_map_: {"name": "frame_id_map_", "type": "string", "value": "map"}
[INFO] [launch_ros.actions.load_composable_nodes]: Loaded node '/turtle/behavior' in container '/turtle/turtle2'
[component_container-12] [INFO] [1775320677.481794293] [turtle.turtle2]: Load Library: /ws/ee4308/install/ee4308_turtle2/lib/libplanner_component.so
[component_container-12] [INFO] [1775320677.482829691] [turtle.turtle2]: Found class: rclcpp_components::NodeFactoryTemplate<ee4308::turtle2::Planner>
[component_container-12] [INFO] [1775320677.482842717] [turtle.turtle2]: Instantiate class: rclcpp_components::NodeFactoryTemplate<ee4308::turtle2::Planner>
[component_container-12] [INFO] [1775320677.493183467] [turtle.planner]: [Parameter] max_access_cost: {"name": "max_access_cost", "type": "integer", "value": "90"}
[INFO] [launch_ros.actions.load_composable_nodes]: Loaded node '/turtle/planner' in container '/turtle/turtle2'
[component_container-12] [INFO] [1775320677.498618524] [turtle.turtle2]: Load Library: /ws/ee4308/install/ee4308_turtle2/lib/libcontroller_component.so
[component_container-12] [INFO] [1775320677.500258003] [turtle.turtle2]: Found class: rclcpp_components::NodeFactoryTemplate<ee4308::turtle2::Controller>
[component_container-12] [INFO] [1775320677.500278567] [turtle.turtle2]: Instantiate class: rclcpp_components::NodeFactoryTemplate<ee4308::turtle2::Controller>
[component_container-12] [INFO] [1775320677.510838839] [turtle.controller]: [Parameter] frequency: {"name": "frequency", "type": "double", "value": "10.000000"}
[component_container-12] [INFO] [1775320677.511043557] [turtle.controller]: [Parameter] kp_lin: {"name": "kp_lin", "type": "double", "value": "0.800000"}
[component_container-12] [INFO] [1775320677.511231339] [turtle.controller]: [Parameter] kp_ang: {"name": "kp_ang", "type": "double", "value": "1.000000"}
[component_container-12] [INFO] [1775320677.511415938] [turtle.controller]: [Parameter] max_lin_vel: {"name": "max_lin_vel", "type": "double", "value": "0.220000"}
[component_container-12] [INFO] [1775320677.511578809] [turtle.controller]: [Parameter] max_ang_vel: {"name": "max_ang_vel", "type": "double", "value": "1.000000"}
[component_container-12] [INFO] [1775320677.511734727] [turtle.controller]: [Parameter] xy_tolerance: {"name": "xy_tolerance", "type": "double", "value": "0.050000"}
[component_container-12] [INFO] [1775320677.511883171] [turtle.controller]: [Parameter] yaw_tolerance: {"name": "yaw_tolerance", "type": "double", "value": "0.780000"}
[component_container-12] [INFO] [1775320677.512040284] [turtle.controller]: [Parameter] lookahead_distance: {"name": "lookahead_distance", "type": "double", "value": "0.300000"}
[component_container-12] [INFO] [1775320677.512213980] [turtle.controller]: [Parameter] enable: {"name": "enable", "type": "bool", "value": "true"}
[component_container-12] [INFO] [1775320677.512415720] [turtle.controller]: [Parameter] frame_id_turtle_: {"name": "frame_id_turtle_", "type": "string", "value": "turtle/base_link"}
[component_container-12] [INFO] [1775320677.512619727] [turtle.controller]: [Parameter] frame_id_map_: {"name": "frame_id_map_", "type": "string", "value": "map"}
[INFO] [launch_ros.actions.load_composable_nodes]: Loaded node '/turtle/controller' in container '/turtle/turtle2'
[component_container-12] [INFO] [1775320677.524980661] [turtle.turtle2]: Load Library: /ws/ee4308/install/ee4308_turtle2/lib/libmap_loader_component.so
[component_container-12] [INFO] [1775320677.526006766] [turtle.turtle2]: Found class: rclcpp_components::NodeFactoryTemplate<ee4308::turtle2::MapLoader>
[component_container-12] [INFO] [1775320677.526035570] [turtle.turtle2]: Instantiate class: rclcpp_components::NodeFactoryTemplate<ee4308::turtle2::MapLoader>
[component_container-12] [INFO] [1775320677.537637293] [turtle.map_loader]: [Parameter] max_cost: {"name": "max_cost", "type": "integer", "value": "99"}
[component_container-12] [INFO] [1775320677.537820517] [turtle.map_loader]: [Parameter] min_cost: {"name": "min_cost", "type": "integer", "value": "0"}
[component_container-12] [INFO] [1775320677.538029531] [turtle.map_loader]: [Parameter] inflation_radius: {"name": "inflation_radius", "type": "double", "value": "0.800000"}
[component_container-12] [INFO] [1775320677.538186324] [turtle.map_loader]: [Parameter] circumscribed_radius: {"name": "circumscribed_radius", "type": "double", "value": "0.200000"}
[component_container-12] [INFO] [1775320677.538330680] [turtle.map_loader]: [Parameter] cost_exponent: {"name": "cost_exponent", "type": "double", "value": "8.000000"}
[component_container-12] [INFO] [1775320677.538517763] [turtle.map_loader]: [Parameter] topic_map: {"name": "topic_map", "type": "string", "value": "map"}
[component_container-12] [INFO] [1775320677.538675964] [turtle.map_loader]: [Parameter] topic_global_costmap: {"name": "topic_global_costmap", "type": "string", "value": "global_costmap"}
[component_container-12] [INFO] [1775320677.538843595] [turtle.map_loader]: [Parameter] filepath: {"name": "filepath", "type": "string", "value": "/ws/ee4308/install/ee4308_bringup/share/ee4308_bringup/maps/proj2_sim"}
[component_container-12] [INFO] [1775320677.538984569] [turtle.map_loader]: [Parameter] frame_id: {"name": "frame_id", "type": "string", "value": "/map"}
[INFO] [launch_ros.actions.load_composable_nodes]: Loaded node '/turtle/map_loader' in container '/turtle/turtle2'
[INFO] [create-7]: process has finished cleanly [pid 23532]
[parameter_bridge-4] [INFO] [1775320677.623028163] [ros_gz_bridge]: Creating GZ->ROS Bridge: [clock (gz.msgs.Clock) -> clock (rosgraph_msgs/msg/Clock)] (Lazy 0)
[parameter_bridge-4] [INFO] [1775320677.625023867] [ros_gz_bridge]: Creating GZ->ROS Bridge: [turtle/joint_states (gz.msgs.Model) -> turtle/joint_states (sensor_msgs/msg/JointState)] (Lazy 0)
[parameter_bridge-4] [INFO] [1775320677.629252501] [ros_gz_bridge]: Creating GZ->ROS Bridge: [tf (gz.msgs.Pose_V) -> tf (tf2_msgs/msg/TFMessage)] (Lazy 0)
[parameter_bridge-4] [INFO] [1775320677.631423235] [ros_gz_bridge]: Creating ROS->GZ Bridge: [turtle/cmd_vel (geometry_msgs/msg/TwistStamped) -> turtle/cmd_vel (gz.msgs.Twist)] (Lazy 0)
[parameter_bridge-4] [INFO] [1775320677.632643784] [ros_gz_bridge]: Creating GZ->ROS Bridge: [drone/joint_states (gz.msgs.Model) -> drone/joint_states (sensor_msgs/msg/JointState)] (Lazy 0)
[parameter_bridge-4] [INFO] [1775320677.633647604] [ros_gz_bridge]: Creating GZ->ROS Bridge: [model/drone/pose (gz.msgs.Pose_V) -> tf (tf2_msgs/msg/TFMessage)] (Lazy 0)
[parameter_bridge-4] [INFO] [1775320677.634297170] [ros_gz_bridge]: Creating GZ->ROS Bridge: [model/drone/odometry (gz.msgs.Odometry) -> drone/true_odom (nav_msgs/msg/Odometry)] (Lazy 0)
[parameter_bridge-4] [INFO] [1775320677.639091365] [ros_gz_bridge]: Creating ROS->GZ Bridge: [drone/enable (std_msgs/msg/Bool) -> drone/enable (gz.msgs.Boolean)] (Lazy 0)
[parameter_bridge-4] [INFO] [1775320677.641407387] [ros_gz_bridge]: Creating GZ->ROS Bridge: [drone/air_pressure (gz.msgs.FluidPressure) -> drone/air_pressure (sensor_msgs/msg/FluidPressure)] (Lazy 0)
[parameter_bridge-4] [INFO] [1775320677.643031116] [ros_gz_bridge]: Creating GZ->ROS Bridge: [drone/magnetometer (gz.msgs.Magnetometer) -> drone/magnetic (sensor_msgs/msg/MagneticField)] (Lazy 0)
[parameter_bridge-4] [INFO] [1775320677.644990176] [ros_gz_bridge]: Creating GZ->ROS Bridge: [drone/imu (gz.msgs.IMU) -> drone/imu (sensor_msgs/msg/Imu)] (Lazy 0)
[parameter_bridge-4] [INFO] [1775320677.647407822] [ros_gz_bridge]: Creating GZ->ROS Bridge: [drone/sonar (gz.msgs.LaserScan) -> drone/sonar (sensor_msgs/msg/LaserScan)] (Lazy 0)
[parameter_bridge-4] [INFO] [1775320677.649598390] [ros_gz_bridge]: Creating GZ->ROS Bridge: [drone/fix (gz.msgs.NavSat) -> drone/fix (sensor_msgs/msg/NavSatFix)] (Lazy 0)
[parameter_bridge-4] [INFO] [1775320677.651262284] [ros_gz_bridge]: Creating ROS->GZ Bridge: [drone/cmd_vel (geometry_msgs/msg/Twist) -> drone/command/twist (gz.msgs.Twist)] (Lazy 0)
[component_container-12] [INFO] [1775320678.542974928] [turtle.map_loader]: Published occupancy grid to /turtle/map
[rviz2-10] [INFO] [1775320678.598539394] [rviz2]: Trying to create a map of size 312 x 226 using 1 swatches
[rviz2-10] [ERROR] [1775320678.603599621] [rviz2]: rviz/glsl120/indexed_8bit_image.vert
[rviz2-10] rviz/glsl120/indexed_8bit_image.frag
[rviz2-10]  GLSL link result : 
[rviz2-10] active samplers with a different type refer to the same texture image unit
[component_container-12] [INFO] [1775320678.785912084] [turtle.map_loader]: Published global costmap to /turtle/global_costmap
[component_container-11] [INFO] [1775320678.818500335] [drone.estimator]: TMP LOG baro bias initialized: baro=-0.297 est_z=0.050 bias=-0.347
[rviz2-10] [INFO] [1775320678.819684570] [rviz2]: Trying to create a map of size 312 x 226 using 1 swatches
[gazebo-1] libEGL warning: Not allowed to force software rendering when API explicitly selects a hardware device.
[gazebo-1] libEGL warning: Not allowed to force software rendering when API explicitly selects a hardware device.
[gazebo-1] [1;31m[Err] [SystemPaths.cc:525] [0m[1;31mCould not resolve file [[0m[1;31mWood_Floor_Dark.jpg[0m[1;31m][0m[1;31m[0m
[gazebo-1] [1;31m[Err] [SystemPaths.cc:525] [0m[1;31mCould not resolve file [[0m[1;31mMaple.jpg[0m[1;31m][0m[1;31m[0m
[component_container-11] 	  0.040	   Pose	 -2.000	 -2.000	  0.042	  0.002
[component_container-11] 	  0.040	  Twist	  0.002	  0.001	 -0.009	 -0.011
[component_container-11] 	  0.040	ErrPose	 -0.000	 -0.000	  0.008	 -0.002
[component_container-11] 	  0.040	ErrTwis	-200.002	-200.001	  5.012	  0.011
[component_container-11] 	  0.040	    GPS	 -2.000	 -2.000	  0.050	     --
[component_container-11] 	  0.040	   Baro	     --	     --	 -0.297	     --
[component_container-11] 	  0.040	  BBias	     --	     --	 -0.339	     --
[component_container-11] 	  0.040	  Sonar	     --	     --	  0.042	     --
[component_container-11] 	  0.040	  Magnt	     --	     --	     --	  0.002
[component_container-11] 
[parameter_bridge-4] [INFO] [1775320679.512941361] [ros_gz_bridge]: Passing message from ROS geometry_msgs/msg/Twist to Gazebo gz.msgs.Twist (showing msg only once per type)
[component_container-11] 	  0.070	   Pose	 -2.000	 -2.000	  0.069	  0.000
[component_container-11] 	  0.070	  Twist	  0.003	  0.003	  0.016	  0.016
[component_container-11] 	  0.070	ErrPose	 -0.000	 -0.000	 -0.019	 -0.000
[component_container-11] 	  0.070	ErrTwis	-66.670	-66.669	  1.653	 -0.016
[component_container-11] 	  0.070	    GPS	 -2.000	 -2.000	  0.050	     --
[component_container-11] 	  0.070	   Baro	     --	     --	 -0.251	     --
[component_container-11] 	  0.070	  BBias	     --	     --	 -0.342	     --
[component_container-11] 	  0.070	  Sonar	     --	     --	  0.095	     --
[component_container-11] 	  0.070	  Magnt	     --	     --	     --	 -0.002
[component_container-11] 
[parameter_bridge-4] [INFO] [1775320679.563065618] [ros_gz_bridge]: Passing message from ROS geometry_msgs/msg/TwistStamped to Gazebo gz.msgs.Twist (showing msg only once per type)
[component_container-11] 	  0.100	   Pose	 -2.000	 -2.000	  0.069	  0.000
[component_container-11] 	  0.100	  Twist	  0.005	  0.004	  0.014	  0.013
[component_container-11] 	  0.100	ErrPose	 -0.000	 -0.000	 -0.019	 -0.000
[component_container-11] 	  0.100	ErrTwis	-28.577	-28.576	  0.702	 -0.013
[component_container-11] 	  0.100	    GPS	 -2.000	 -2.000	  0.050	     --
[component_container-11] 	  0.100	   Baro	     --	     --	 -0.251	     --
[component_container-11] 	  0.100	  BBias	     --	     --	 -0.342	     --
[component_container-11] 	  0.100	  Sonar	     --	     --	  0.095	     --
[component_container-11] 	  0.100	  Magnt	     --	     --	     --	 -0.002
[component_container-11] 
[component_container-11] 	  0.140	   Pose	 -1.999	 -2.000	  0.072	  0.014
[component_container-11] 	  0.140	  Twist	  0.008	  0.006	  0.013	  0.005
[component_container-11] 	  0.140	ErrPose	 -0.001	 -0.000	 -0.022	 -0.014
[component_container-11] 	  0.140	ErrTwis	 -0.008	 -0.006	 -0.012	 -0.005
[component_container-11] 	  0.140	    GPS	 -2.000	 -2.000	  0.050	     --
[component_container-11] 	  0.140	   Baro	     --	     --	 -0.267	     --
[component_container-11] 	  0.140	  BBias	     --	     --	 -0.342	     --
[component_container-11] 	  0.140	  Sonar	     --	     --	  0.075	     --
[component_container-11] 	  0.140	  Magnt	     --	     --	     --	  0.041
[component_container-11] 
[component_container-11] 	  0.170	   Pose	 -1.999	 -1.999	  0.060	 -0.005
[component_container-11] 	  0.170	  Twist	  0.009	  0.008	 -0.001	  0.009
[component_container-11] 	  0.170	ErrPose	 -0.001	 -0.001	 -0.010	  0.005
[component_container-11] 	  0.170	ErrTwis	 -0.009	 -0.008	  0.002	 -0.009
[component_container-11] 	  0.170	    GPS	 -2.000	 -2.000	  0.050	     --
[component_container-11] 	  0.170	   Baro	     --	     --	 -0.396	     --
[component_container-11] 	  0.170	  BBias	     --	     --	 -0.363	     --
[component_container-11] 	  0.170	  Sonar	     --	     --	  0.030	     --
[component_container-11] 	  0.170	  Magnt	     --	     --	     --	 -0.064
[component_container-11] 
[component_container-11] 	  0.200	   Pose	 -1.999	 -1.999	  0.060	 -0.006
[component_container-11] 	  0.200	  Twist	  0.010	  0.009	  0.011	 -0.053
[component_container-11] 	  0.200	ErrPose	 -0.001	 -0.001	 -0.010	  0.005
[component_container-11] 	  0.200	ErrTwis	 -0.010	 -0.009	 -0.008	  0.044
[component_container-11] 	  0.200	    GPS	 -2.000	 -2.000	  0.050	     --
[component_container-11] 	  0.200	   Baro	     --	     --	 -0.396	     --
[component_container-11] 	  0.200	  BBias	     --	     --	 -0.363	     --
[component_container-11] 	  0.200	  Sonar	     --	     --	  0.030	     --
[component_container-11] 	  0.200	  Magnt	     --	     --	     --	 -0.064
[component_container-11] 
[component_container-11] 	  0.240	   Pose	 -1.998	 -1.999	  0.062	 -0.005
[component_container-11] 	  0.240	  Twist	  0.012	  0.011	  0.045	 -0.095
[component_container-11] 	  0.240	ErrPose	 -0.002	 -0.001	 -0.010	  0.001
[component_container-11] 	  0.240	ErrTwis	 -0.012	 -0.011	 -0.027	  0.054
[component_container-11] 	  0.240	    GPS	 -2.000	 -2.000	  0.050	     --
[component_container-11] 	  0.240	   Baro	     --	     --	 -0.210	     --
[component_container-11] 	  0.240	  BBias	     --	     --	 -0.345	     --
[component_container-11] 	  0.240	  Sonar	     --	     --	  0.062	     --
[component_container-11] 	  0.240	  Magnt	     --	     --	     --	  0.016
[component_container-11] 
[component_container-11] 	  0.270	   Pose	 -1.998	 -1.998	  0.066	 -0.009
[component_container-11] 	  0.270	  Twist	  0.014	  0.013	  0.073	 -0.123
[component_container-11] 	  0.270	ErrPose	 -0.002	 -0.002	 -0.013	  0.003
[component_container-11] 	  0.270	ErrTwis	 -0.014	 -0.013	 -0.042	  0.059
[component_container-11] 	  0.270	    GPS	 -2.000	 -2.000	  0.050	     --
[component_container-11] 	  0.270	   Baro	     --	     --	 -0.155	     --
[component_container-11] 	  0.270	  BBias	     --	     --	 -0.326	     --
[component_container-11] 	  0.270	  Sonar	     --	     --	  0.076	     --
[component_container-11] 	  0.270	  Magnt	     --	     --	     --	 -0.009
[component_container-11] 
[component_container-11] 	  0.300	   Pose	 -1.998	 -1.998	  0.069	 -0.013
[component_container-11] 	  0.300	  Twist	  0.016	  0.014	  0.096	 -0.143
[component_container-11] 	  0.300	ErrPose	 -0.002	 -0.002	 -0.012	  0.001
[component_container-11] 	  0.300	ErrTwis	 -0.016	 -0.014	 -0.031	  0.032
[component_container-11] 	  0.300	    GPS	 -2.000	 -2.000	  0.050	     --
[component_container-11] 	  0.300	   Baro	     --	     --	 -0.155	     --
[component_container-11] 	  0.300	  BBias	     --	     --	 -0.326	     --
[component_container-11] 	  0.300	  Sonar	     --	     --	  0.076	     --
[component_container-11] 	  0.300	  Magnt	     --	     --	     --	 -0.009
[component_container-11] 
[component_container-11] 	  0.340	   Pose	 -1.997	 -1.997	  0.077	 -0.018
[component_container-11] 	  0.340	  Twist	  0.019	  0.016	  0.129	 -0.179
[component_container-11] 	  0.340	ErrPose	 -0.003	 -0.003	 -0.015	 -0.001
[component_container-11] 	  0.340	ErrTwis	 -0.018	 -0.016	 -0.031	  0.031
[component_container-11] 	  0.340	    GPS	 -2.000	 -2.000	  0.050	     --
[component_container-11] 	  0.340	   Baro	     --	     --	 -0.231	     --
[component_container-11] 	  0.340	  BBias	     --	     --	 -0.325	     --
[component_container-11] 	  0.340	  Sonar	     --	     --	  0.087	     --
[component_container-11] 	  0.340	  Magnt	     --	     --	     --	  0.001
[component_container-11] 
[component_container-11] 	  0.370	   Pose	 -1.996	 -1.997	  0.079	 -0.020
[component_container-11] 	  0.370	  Twist	  0.020	  0.018	  0.145	 -0.203
[component_container-11] 	  0.370	ErrPose	 -0.004	 -0.003	 -0.014	 -0.003
[component_container-11] 	  0.370	ErrTwis	 -0.020	 -0.018	 -0.031	  0.040
[component_container-11] 	  0.370	    GPS	 -2.000	 -2.000	  0.050	     --
[component_container-11] 	  0.370	   Baro	     --	     --	 -0.237	     --
[component_container-11] 	  0.370	  BBias	     --	     --	 -0.322	     --
[component_container-11] 	  0.370	  Sonar	     --	     --	  0.067	     --
[component_container-11] 	  0.370	  Magnt	     --	     --	     --	  0.007
[component_container-11] 
[component_container-11] 	  0.400	   Pose	 -1.996	 -1.996	  0.083	 -0.026
[component_container-11] 	  0.400	  Twist	  0.022	  0.019	  0.164	 -0.234
[component_container-11] 	  0.400	ErrPose	 -0.004	 -0.004	 -0.012	 -0.004
[component_container-11] 	  0.400	ErrTwis	 -0.021	 -0.019	 -0.020	  0.045
[component_container-11] 	  0.400	    GPS	 -2.000	 -2.000	  0.050	     --
[component_container-11] 	  0.400	   Baro	     --	     --	 -0.237	     --
[component_container-11] 	  0.400	  BBias	     --	     --	 -0.322	     --
[component_container-11] 	  0.400	  Sonar	     --	     --	  0.067	     --
[component_container-11] 	  0.400	  Magnt	     --	     --	     --	  0.007
[component_container-11] 
[component_container-11] 	  0.440	   Pose	 -1.995	 -1.996	  0.088	 -0.037
[component_container-11] 	  0.440	  Twist	  0.024	  0.022	  0.182	 -0.231
[component_container-11] 	  0.440	ErrPose	 -0.005	 -0.004	 -0.009	 -0.002
[component_container-11] 	  0.440	ErrTwis	 -0.024	 -0.021	 -0.010	  0.021
[component_container-11] 	  0.440	    GPS	 -2.000	 -2.000	  0.050	     --
[component_container-11] 	  0.440	   Baro	     --	     --	 -0.451	     --
[component_container-11] 	  0.440	  BBias	     --	     --	 -0.344	     --
[component_container-11] 	  0.440	  Sonar	     --	     --	  0.074	     --
[component_container-11] 	  0.440	  Magnt	     --	     --	     --	 -0.045
[component_container-11] 
[component_container-11] 	  0.470	   Pose	 -1.994	 -1.995	  0.083	 -0.047
[component_container-11] 	  0.470	  Twist	  0.026	  0.023	  0.176	 -0.235
[component_container-11] 	  0.470	ErrPose	 -0.006	 -0.005	  0.000	  0.003
[component_container-11] 	  0.470	ErrTwis	 -0.025	 -0.023	  0.008	  0.018
[component_container-11] 	  0.470	    GPS	 -2.000	 -2.000	  0.050	     --
[component_container-11] 	  0.470	   Baro	     --	     --	 -0.032	     --
[component_container-11] 	  0.470	  BBias	     --	     --	 -0.315	     --
[component_container-11] 	  0.470	  Sonar	     --	     --	  0.032	     --
[component_container-11] 	  0.470	  Magnt	     --	     --	     --	 -0.070
[component_container-11] 
[component_container-11] 	  0.500	   Pose	 -1.993	 -1.994	  0.088	 -0.054
[component_container-11] 	  0.500	  Twist	  0.027	  0.024	  0.192	 -0.239
[component_container-11] 	  0.500	ErrPose	 -0.007	 -0.006	  0.004	 -0.000
[component_container-11] 	  0.500	ErrTwis	 -0.027	 -0.024	  0.017	  0.007
[component_container-11] 	  0.500	    GPS	 -2.000	 -2.000	  0.050	     --
[component_container-11] 	  0.500	   Baro	     --	     --	 -0.032	     --
[component_container-11] 	  0.500	  BBias	     --	     --	 -0.315	     --
[component_container-11] 	  0.500	  Sonar	     --	     --	  0.032	     --
[component_container-11] 	  0.500	  Magnt	     --	     --	     --	 -0.070
[component_container-11] 
[component_container-11] 	  0.540	   Pose	 -2.297	 -2.325	  0.094	 -0.062
[component_container-11] 	  0.540	  Twist	 -0.170	 -0.190	  0.204	 -0.244
[component_container-11] 	  0.540	ErrPose	  0.297	  0.325	  0.008	 -0.002
[component_container-11] 	  0.540	ErrTwis	  0.170	  0.191	  0.027	  0.002
[component_container-11] 	  0.540	    GPS	 -2.292	 -2.319	  0.095	     --
[component_container-11] 	  0.540	   Baro	     --	     --	 -0.179	     --
[component_container-11] 	  0.540	  BBias	     --	     --	 -0.310	     --
[component_container-11] 	  0.540	  Sonar	     --	     --	  0.075	     --
[component_container-11] 	  0.540	  Magnt	     --	     --	     --	 -0.039
[component_container-11] 
[component_container-11] 	  0.570	   Pose	 -2.302	 -2.331	  0.101	 -0.069
[component_container-11] 	  0.570	  Twist	 -0.168	 -0.189	  0.220	 -0.257
[component_container-11] 	  0.570	ErrPose	  0.303	  0.331	  0.006	  0.000
[component_container-11] 	  0.570	ErrTwis	  0.168	  0.189	  0.022	  0.011
[component_container-11] 	  0.570	    GPS	 -2.292	 -2.319	  0.095	     --
[component_container-11] 	  0.570	   Baro	     --	     --	 -0.141	     --
[component_container-11] 	  0.570	  BBias	     --	     --	 -0.305	     --
[component_container-11] 	  0.570	  Sonar	     --	     --	  0.105	     --
[component_container-11] 	  0.570	  Magnt	     --	     --	     --	 -0.062
[component_container-11] 
[component_container-11] 	  0.600	   Pose	 -2.307	 -2.336	  0.108	 -0.077
[component_container-11] 	  0.600	  Twist	 -0.166	 -0.186	  0.231	 -0.241
[component_container-11] 	  0.600	ErrPose	  0.308	  0.336	  0.010	 -0.003
[component_container-11] 	  0.600	ErrTwis	  0.167	  0.187	  0.030	 -0.012
[component_container-11] 	  0.600	    GPS	 -2.292	 -2.319	  0.095	     --
[component_container-11] 	  0.600	   Baro	     --	     --	 -0.141	     --
[component_container-11] 	  0.600	  BBias	     --	     --	 -0.305	     --
[component_container-11] 	  0.600	  Sonar	     --	     --	  0.105	     --
[component_container-11] 	  0.600	  Magnt	     --	     --	     --	 -0.062
[component_container-11] 
[component_container-11] 	  0.640	   Pose	 -2.314	 -2.344	  0.118	 -0.087
[component_container-11] 	  0.640	  Twist	 -0.164	 -0.185	  0.247	 -0.255
[component_container-11] 	  0.640	ErrPose	  0.314	  0.344	  0.012	 -0.003
[component_container-11] 	  0.640	ErrTwis	  0.165	  0.185	  0.033	 -0.005
[component_container-11] 	  0.640	    GPS	 -2.292	 -2.319	  0.095	     --
[component_container-11] 	  0.640	   Baro	     --	     --	 -0.253	     --
[component_container-11] 	  0.640	  BBias	     --	     --	 -0.309	     --
[component_container-11] 	  0.640	  Sonar	     --	     --	  0.114	     --
[component_container-11] 	  0.640	  Magnt	     --	     --	     --	 -0.076
[component_container-11] 
[component_container-11] 	  0.670	   Pose	 -2.319	 -2.349	  0.130	 -0.096
[component_container-11] 	  0.670	  Twist	 -0.162	 -0.184	  0.268	 -0.250
[component_container-11] 	  0.670	ErrPose	  0.319	  0.349	  0.006	  0.001
[component_container-11] 	  0.670	ErrTwis	  0.163	  0.183	  0.021	 -0.012
[component_container-11] 	  0.670	    GPS	 -2.292	 -2.319	  0.095	     --
[component_container-11] 	  0.670	   Baro	     --	     --	 -0.207	     --
[component_container-11] 	  0.670	  BBias	     --	     --	 -0.312	     --
[component_container-11] 	  0.670	  Sonar	     --	     --	  0.147	     --
[component_container-11] 	  0.670	  Magnt	     --	     --	     --	 -0.111
[component_container-11] 
[component_container-11] 	  0.700	   Pose	 -2.324	 -2.355	  0.139	 -0.104
[component_container-11] 	  0.700	  Twist	 -0.160	 -0.184	  0.279	 -0.277
[component_container-11] 	  0.700	ErrPose	  0.324	  0.355	  0.010	 -0.002
[component_container-11] 	  0.700	ErrTwis	  0.161	  0.183	  0.027	  0.011
[component_container-11] 	  0.700	    GPS	 -2.292	 -2.319	  0.095	     --
[component_container-11] 	  0.700	   Baro	     --	     --	 -0.207	     --
[component_container-11] 	  0.700	  BBias	     --	     --	 -0.312	     --
[component_container-11] 	  0.700	  Sonar	     --	     --	  0.147	     --
[component_container-11] 	  0.700	  Magnt	     --	     --	     --	 -0.111
[component_container-11] 
[component_container-11] 	  0.740	   Pose	 -2.330	 -2.362	  0.145	 -0.117
[component_container-11] 	  0.740	  Twist	 -0.158	 -0.182	  0.278	 -0.252
[component_container-11] 	  0.740	ErrPose	  0.331	  0.363	  0.017	  0.000
[component_container-11] 	  0.740	ErrTwis	  0.159	  0.184	  0.043	 -0.017
[component_container-11] 	  0.740	    GPS	 -2.292	 -2.319	  0.095	     --
[component_container-11] 	  0.740	   Baro	     --	     --	 -0.310	     --
[component_container-11] 	  0.740	  BBias	     --	     --	 -0.320	     --
[component_container-11] 	  0.740	  Sonar	     --	     --	  0.120	     --
[component_container-11] 	  0.740	  Magnt	     --	     --	     --	 -0.138
[component_container-11] 
[component_container-11] 	  0.770	   Pose	 -2.335	 -2.367	  0.153	 -0.123
[component_container-11] 	  0.770	  Twist	 -0.155	 -0.181	  0.285	 -0.263
[component_container-11] 	  0.770	ErrPose	  0.335	  0.369	  0.016	  0.000
[component_container-11] 	  0.770	ErrTwis	  0.157	  0.186	  0.045	 -0.007
[component_container-11] 	  0.770	    GPS	 -2.292	 -2.319	  0.095	     --
[component_container-11] 	  0.770	   Baro	     --	     --	 -0.221	     --
[component_container-11] 	  0.770	  BBias	     --	     --	 -0.323	     --
[component_container-11] 	  0.770	  Sonar	     --	     --	  0.149	     --
[component_container-11] 	  0.770	  Magnt	     --	     --	     --	 -0.091
[component_container-11] 
[component_container-11] 	  0.800	   Pose	 -2.339	 -2.373	  0.161	 -0.131
[component_container-11] 	  0.800	  Twist	 -0.153	 -0.179	  0.292	 -0.274
[component_container-11] 	  0.800	ErrPose	  0.340	  0.376	  0.022	 -0.002
[component_container-11] 	  0.800	ErrTwis	  0.155	  0.194	  0.051	  0.001
[component_container-11] 	  0.800	    GPS	 -2.292	 -2.319	  0.095	     --
[component_container-11] 	  0.800	   Baro	     --	     --	 -0.221	     --
[component_container-11] 	  0.800	  BBias	     --	     --	 -0.323	     --
[component_container-11] 	  0.800	  Sonar	     --	     --	  0.149	     --
[component_container-11] 	  0.800	  Magnt	     --	     --	     --	 -0.091
[component_container-11] 
[component_container-11] 	  0.840	   Pose	 -2.345	 -2.380	  0.181	 -0.141
[component_container-11] 	  0.840	  Twist	 -0.151	 -0.176	  0.320	 -0.261
[component_container-11] 	  0.840	ErrPose	  0.347	  0.385	  0.016	 -0.003
[component_container-11] 	  0.840	ErrTwis	  0.153	  0.203	  0.036	 -0.013
[component_container-11] 	  0.840	    GPS	 -2.292	 -2.319	  0.095	     --
[component_container-11] 	  0.840	   Baro	     --	     --	 -0.130	     --
[component_container-11] 	  0.840	  BBias	     --	     --	 -0.324	     --
[component_container-11] 	  0.840	  Sonar	     --	     --	  0.200	     --
[component_container-11] 	  0.840	  Magnt	     --	     --	     --	 -0.121
[component_container-11] 
[component_container-11] 	  0.870	   Pose	 -2.350	 -2.385	  0.189	 -0.150
[component_container-11] 	  0.870	  Twist	 -0.149	 -0.175	  0.321	 -0.281
[component_container-11] 	  0.870	ErrPose	  0.351	  0.391	  0.016	  0.001
[component_container-11] 	  0.870	ErrTwis	  0.151	  0.208	  0.040	  0.006
[component_container-11] 	  0.870	    GPS	 -2.292	 -2.319	  0.095	     --
[component_container-11] 	  0.870	   Baro	     --	     --	 -0.164	     --
[component_container-11] 	  0.870	  BBias	     --	     --	 -0.325	     --
[component_container-11] 	  0.870	  Sonar	     --	     --	  0.180	     --
[component_container-11] 	  0.870	  Magnt	     --	     --	     --	 -0.167
[component_container-11] 
[component_container-11] 	  0.900	   Pose	 -2.354	 -2.390	  0.199	 -0.159
[component_container-11] 	  0.900	  Twist	 -0.147	 -0.173	  0.326	 -0.276
[component_container-11] 	  0.900	ErrPose	  0.356	  0.399	  0.021	 -0.002
[component_container-11] 	  0.900	ErrTwis	  0.149	  0.219	  0.046	  0.000
[component_container-11] 	  0.900	    GPS	 -2.292	 -2.319	  0.095	     --
[component_container-11] 	  0.900	   Baro	     --	     --	 -0.164	     --
[component_container-11] 	  0.900	  BBias	     --	     --	 -0.325	     --
[component_container-11] 	  0.900	  Sonar	     --	     --	  0.180	     --
[component_container-11] 	  0.900	  Magnt	     --	     --	     --	 -0.167
[component_container-11] 
[component_container-11] 	  0.940	   Pose	 -2.360	 -2.397	  0.224	 -0.169
[component_container-11] 	  0.940	  Twist	 -0.145	 -0.171	  0.359	 -0.271
[component_container-11] 	  0.940	ErrPose	  0.363	  0.408	  0.012	 -0.002
[component_container-11] 	  0.940	ErrTwis	  0.147	  0.228	  0.023	 -0.006
[component_container-11] 	  0.940	    GPS	 -2.292	 -2.319	  0.095	     --
[component_container-11] 	  0.940	   Baro	     --	     --	 -0.074	     --
[component_container-11] 	  0.940	  BBias	     --	     --	 -0.325	     --
[component_container-11] 	  0.940	  Sonar	     --	     --	  0.253	     --
[component_container-11] 	  0.940	  Magnt	     --	     --	     --	 -0.157
[component_container-11] 
[component_container-11] 	  0.970	   Pose	 -2.365	 -2.402	  0.242	 -0.176
[component_container-11] 	  0.970	  Twist	 -0.144	 -0.170	  0.380	 -0.271
[component_container-11] 	  0.970	ErrPose	  0.367	  0.415	  0.002	 -0.001
[component_container-11] 	  0.970	ErrTwis	  0.146	  0.231	  0.007	 -0.005
[component_container-11] 	  0.970	    GPS	 -2.292	 -2.319	  0.095	     --
[component_container-11] 	  0.970	   Baro	     --	     --	 -0.023	     --
[component_container-11] 	  0.970	  BBias	     --	     --	 -0.323	     --
[component_container-11] 	  0.970	  Sonar	     --	     --	  0.261	     --
[component_container-11] 	  0.970	  Magnt	     --	     --	     --	 -0.147
[component_container-11] 
[component_container-11] [INFO] [1775320680.474941697] [drone.controller]: cmd_vel body=(0.074, 0.120, 0.500) yaw=-0.300 | odom_received=true | plan_points=49
[component_container-11] 	  1.000	   Pose	 -2.369	 -2.408	  0.253	 -0.184
[component_container-11] 	  1.000	  Twist	 -0.142	 -0.169	  0.383	 -0.277
[component_container-11] 	  1.000	ErrPose	  0.372	  0.423	  0.007	 -0.004
[component_container-11] 	  1.000	ErrTwis	  0.144	  0.238	  0.012	 -0.001
[component_container-11] 	  1.000	    GPS	 -2.292	 -2.319	  0.095	     --
[component_container-11] 	  1.000	   Baro	     --	     --	 -0.023	     --
[component_container-11] 	  1.000	  BBias	     --	     --	 -0.323	     --
[component_container-11] 	  1.000	  Sonar	     --	     --	  0.261	     --
[component_container-11] 	  1.000	  Magnt	     --	     --	     --	 -0.147
[component_container-11] 
[component_container-11] [INFO] [1775320680.475198903] [drone.estimator]: TMP LOG err_xyz=(0.372, 0.423, 0.007) | z_est=0.253 vz_est=0.383 bias=-0.323 | gps_z=0.095 sonar=0.261 baro=-0.023
[component_container-11] 	  1.040	   Pose	 -2.399	 -2.233	  0.279	 -0.194
[component_container-11] 	  1.040	  Twist	 -0.153	 -0.078	  0.412	 -0.289
[component_container-11] 	  1.040	ErrPose	  0.404	  0.252	 -0.003	 -0.005
[component_container-11] 	  1.040	ErrTwis	  0.154	  0.154	 -0.009	  0.011
[component_container-11] 	  1.040	    GPS	 -2.407	 -2.129	  0.264	     --
[component_container-11] 	  1.040	   Baro	     --	     --	  0.032	     --
[component_container-11] 	  1.040	  BBias	     --	     --	 -0.320	     --
[component_container-11] 	  1.040	  Sonar	     --	     --	  0.301	     --
[component_container-11] 	  1.040	  Magnt	     --	     --	     --	 -0.157
[component_container-11] 
[component_container-11] 	  1.070	   Pose	 -2.404	 -2.235	  0.287	 -0.204
[component_container-11] 	  1.070	  Twist	 -0.150	 -0.077	  0.406	 -0.263
[component_container-11] 	  1.070	ErrPose	  0.408	  0.256	 -0.003	 -0.001
[component_container-11] 	  1.070	ErrTwis	  0.152	  0.156	  0.001	 -0.015
[component_container-11] 	  1.070	    GPS	 -2.407	 -2.129	  0.264	     --
[component_container-11] 	  1.070	   Baro	     --	     --	 -0.100	     --
[component_container-11] 	  1.070	  BBias	     --	     --	 -0.322	     --
[component_container-11] 	  1.070	  Sonar	     --	     --	  0.269	     --
[component_container-11] 	  1.070	  Magnt	     --	     --	     --	 -0.233
[component_container-11] 
[component_container-11] 	  1.100	   Pose	 -2.408	 -2.237	  0.299	 -0.212
[component_container-11] 	  1.100	  Twist	 -0.148	 -0.076	  0.409	 -0.270
[component_container-11] 	  1.100	ErrPose	  0.414	  0.262	  0.002	 -0.004
[component_container-11] 	  1.100	ErrTwis	  0.150	  0.161	  0.005	 -0.009
[component_container-11] 	  1.100	    GPS	 -2.407	 -2.129	  0.264	     --
[component_container-11] 	  1.100	   Baro	     --	     --	 -0.100	     --
[component_container-11] 	  1.100	  BBias	     --	     --	 -0.322	     --
[component_container-11] 	  1.100	  Sonar	     --	     --	  0.269	     --
[component_container-11] 	  1.100	  Magnt	     --	     --	     --	 -0.233
[component_container-11] 
[component_container-11] 	  1.140	   Pose	 -2.414	 -2.240	  0.321	 -0.222
[component_container-11] 	  1.140	  Twist	 -0.146	 -0.075	  0.424	 -0.265
[component_container-11] 	  1.140	ErrPose	  0.421	  0.269	 -0.003	 -0.005
[component_container-11] 	  1.140	ErrTwis	  0.147	  0.164	 -0.003	 -0.014
[component_container-11] 	  1.140	    GPS	 -2.407	 -2.129	  0.264	     --
[component_container-11] 	  1.140	   Baro	     --	     --	  0.068	     --
[component_container-11] 	  1.140	  BBias	     --	     --	 -0.319	     --
[component_container-11] 	  1.140	  Sonar	     --	     --	  0.323	     --
[component_container-11] 	  1.140	  Magnt	     --	     --	     --	 -0.199
[component_container-11] 
[component_container-11] 	  1.170	   Pose	 -2.418	 -2.243	  0.338	 -0.231
[component_container-11] 	  1.170	  Twist	 -0.145	 -0.073	  0.437	 -0.262
[component_container-11] 	  1.170	ErrPose	  0.426	  0.273	 -0.011	 -0.002
[component_container-11] 	  1.170	ErrTwis	  0.145	  0.164	 -0.013	 -0.017
[component_container-11] 	  1.170	    GPS	 -2.407	 -2.129	  0.264	     --
[component_container-11] 	  1.170	   Baro	     --	     --	  0.051	     --
[component_container-11] 	  1.170	  BBias	     --	     --	 -0.318	     --
[component_container-11] 	  1.170	  Sonar	     --	     --	  0.348	     --
[component_container-11] 	  1.170	  Magnt	     --	     --	     --	 -0.250
[component_container-11] 
[component_container-11] 	  1.200	   Pose	 -2.423	 -2.245	  0.351	 -0.240
[component_container-11] 	  1.200	  Twist	 -0.143	 -0.071	  0.440	 -0.265
[component_container-11] 	  1.200	ErrPose	  0.431	  0.279	 -0.007	 -0.005
[component_container-11] 	  1.200	ErrTwis	  0.144	  0.167	 -0.010	 -0.014
[component_container-11] 	  1.200	    GPS	 -2.407	 -2.129	  0.264	     --
[component_container-11] 	  1.200	   Baro	     --	     --	  0.051	     --
[component_container-11] 	  1.200	  BBias	     --	     --	 -0.318	     --
[component_container-11] 	  1.200	  Sonar	     --	     --	  0.348	     --
[component_container-11] 	  1.200	  Magnt	     --	     --	     --	 -0.250
[component_container-11] 
[component_container-11] 	  1.240	   Pose	 -2.428	 -2.248	  0.371	 -0.251
[component_container-11] 	  1.240	  Twist	 -0.141	 -0.069	  0.448	 -0.266
[component_container-11] 	  1.240	ErrPose	  0.438	  0.285	 -0.009	 -0.004
[component_container-11] 	  1.240	ErrTwis	  0.143	  0.168	 -0.013	 -0.012
[component_container-11] 	  1.240	    GPS	 -2.407	 -2.129	  0.264	     --
[component_container-11] 	  1.240	   Baro	     --	     --	  0.047	     --
[component_container-11] 	  1.240	  BBias	     --	     --	 -0.318	     --
[component_container-11] 	  1.240	  Sonar	     --	     --	  0.365	     --
[component_container-11] 	  1.240	  Magnt	     --	     --	     --	 -0.259
[component_container-11] 
[component_container-11] 	  1.270	   Pose	 -2.433	 -2.250	  0.379	 -0.258
[component_container-11] 	  1.270	  Twist	 -0.140	 -0.069	  0.438	 -0.280
[component_container-11] 	  1.270	ErrPose	  0.443	  0.289	 -0.009	 -0.003
[component_container-11] 	  1.270	ErrTwis	  0.141	  0.168	  0.000	  0.001
[component_container-11] 	  1.270	    GPS	 -2.407	 -2.129	  0.264	     --
[component_container-11] 	  1.270	   Baro	     --	     --	 -0.054	     --
[component_container-11] 	  1.270	  BBias	     --	     --	 -0.322	     --
[component_container-11] 	  1.270	  Sonar	     --	     --	  0.359	     --
[component_container-11] 	  1.270	  Magnt	     --	     --	     --	 -0.226
[component_container-11] 
[component_container-11] 	  1.300	   Pose	 -2.437	 -2.252	  0.392	 -0.266
[component_container-11] 	  1.300	  Twist	 -0.138	 -0.068	  0.439	 -0.278
[component_container-11] 	  1.300	ErrPose	  0.448	  0.295	 -0.004	 -0.006
[component_container-11] 	  1.300	ErrTwis	  0.141	  0.166	  0.004	 -0.001
[component_container-11] 	  1.300	    GPS	 -2.407	 -2.129	  0.264	     --
[component_container-11] 	  1.300	   Baro	     --	     --	 -0.054	     --
[component_container-11] 	  1.300	  BBias	     --	     --	 -0.322	     --
[component_container-11] 	  1.300	  Sonar	     --	     --	  0.359	     --
[component_container-11] 	  1.300	  Magnt	     --	     --	     --	 -0.226
[component_container-11] 
[component_container-11] 	  1.340	   Pose	 -2.442	 -2.254	  0.405	 -0.278
[component_container-11] 	  1.340	  Twist	 -0.136	 -0.067	  0.430	 -0.279
[component_container-11] 	  1.340	ErrPose	  0.455	  0.301	  0.001	 -0.005
[component_container-11] 	  1.340	ErrTwis	  0.139	  0.163	  0.017	  0.000
[component_container-11] 	  1.340	    GPS	 -2.407	 -2.129	  0.264	     --
[component_container-11] 	  1.340	   Baro	     --	     --	  0.255	     --
[component_container-11] 	  1.340	  BBias	     --	     --	 -0.314	     --
[component_container-11] 	  1.340	  Sonar	     --	     --	  0.370	     --
[component_container-11] 	  1.340	  Magnt	     --	     --	     --	 -0.296
[component_container-11] 
[component_container-11] 	  1.370	   Pose	 -2.446	 -2.256	  0.420	 -0.287
[component_container-11] 	  1.370	  Twist	 -0.134	 -0.066	  0.436	 -0.273
[component_container-11] 	  1.370	ErrPose	  0.459	  0.304	 -0.005	 -0.002
[component_container-11] 	  1.370	ErrTwis	  0.138	  0.159	  0.013	 -0.006
[component_container-11] 	  1.370	    GPS	 -2.407	 -2.129	  0.264	     --
[component_container-11] 	  1.370	   Baro	     --	     --	  0.028	     --
[component_container-11] 	  1.370	  BBias	     --	     --	 -0.317	     --
[component_container-11] 	  1.370	  Sonar	     --	     --	  0.426	     --
[component_container-11] 	  1.370	  Magnt	     --	     --	     --	 -0.296
[component_container-11] 
[component_container-11] 	  1.400	   Pose	 -2.450	 -2.258	  0.433	 -0.296
[component_container-11] 	  1.400	  Twist	 -0.133	 -0.065	  0.437	 -0.294
[component_container-11] 	  1.400	ErrPose	  0.465	  0.310	  0.000	 -0.004
[component_container-11] 	  1.400	ErrTwis	  0.137	  0.155	  0.017	  0.015
[component_container-11] 	  1.400	    GPS	 -2.407	 -2.129	  0.264	     --
[component_container-11] 	  1.400	   Baro	     --	     --	  0.028	     --
[component_container-11] 	  1.400	  BBias	     --	     --	 -0.317	     --
[component_container-11] 	  1.400	  Sonar	     --	     --	  0.426	     --
[component_container-11] 	  1.400	  Magnt	     --	     --	     --	 -0.296
[component_container-11] 
[component_container-11] 	  1.440	   Pose	 -2.456	 -2.261	  0.450	 -0.307
[component_container-11] 	  1.440	  Twist	 -0.130	 -0.064	  0.435	 -0.255
[component_container-11] 	  1.440	ErrPose	  0.471	  0.315	  0.002	 -0.004
[component_container-11] 	  1.440	ErrTwis	  0.136	  0.151	  0.022	 -0.025
[component_container-11] 	  1.440	    GPS	 -2.407	 -2.129	  0.264	     --
[component_container-11] 	  1.440	   Baro	     --	     --	  0.130	     --
[component_container-11] 	  1.440	  BBias	     --	     --	 -0.317	     --
[component_container-11] 	  1.440	  Sonar	     --	     --	  0.434	     --
[component_container-11] 	  1.440	  Magnt	     --	     --	     --	 -0.312
[component_container-11] 
[component_container-11] 	  1.470	   Pose	 -2.459	 -2.263	  0.462	 -0.316
[component_container-11] 	  1.470	  Twist	 -0.128	 -0.063	  0.435	 -0.270
[component_container-11] 	  1.470	ErrPose	  0.476	  0.319	 -0.001	 -0.001
[component_container-11] 	  1.470	ErrTwis	  0.134	  0.149	  0.024	 -0.010
[component_container-11] 	  1.470	    GPS	 -2.407	 -2.129	  0.264	     --
[component_container-11] 	  1.470	   Baro	     --	     --	  0.291	     --
[component_container-11] 	  1.470	  BBias	     --	     --	 -0.312	     --
[component_container-11] 	  1.470	  Sonar	     --	     --	  0.452	     --
[component_container-11] 	  1.470	  Magnt	     --	     --	     --	 -0.338
[component_container-11] 
[component_container-11] 	  1.500	   Pose	 -2.463	 -2.265	  0.475	 -0.324
[component_container-11] 	  1.500	  Twist	 -0.126	 -0.062	  0.435	 -0.286
[component_container-11] 	  1.500	ErrPose	  0.481	  0.324	  0.005	 -0.004
[component_container-11] 	  1.500	ErrTwis	  0.134	  0.146	  0.028	  0.006
[component_container-11] 	  1.500	    GPS	 -2.407	 -2.129	  0.264	     --
[component_container-11] 	  1.500	   Baro	     --	     --	  0.291	     --
[component_container-11] 	  1.500	  BBias	     --	     --	 -0.312	     --
[component_container-11] 	  1.500	  Sonar	     --	     --	  0.452	     --
[component_container-11] 	  1.500	  Magnt	     --	     --	     --	 -0.338
[component_container-11] 
[component_container-11] 	  1.540	   Pose	 -2.294	 -2.176	  0.489	 -0.336
[component_container-11] 	  1.540	  Twist	 -0.054	 -0.024	  0.426	 -0.273
[component_container-11] 	  1.540	ErrPose	  0.313	  0.238	  0.010	 -0.003
[component_container-11] 	  1.540	ErrTwis	  0.062	  0.106	  0.039	 -0.007
[component_container-11] 	  1.540	    GPS	 -2.123	 -2.087	  0.484	     --
[component_container-11] 	  1.540	   Baro	     --	     --	  0.199	     --
[component_container-11] 	  1.540	  BBias	     --	     --	 -0.310	     --
[component_container-11] 	  1.540	  Sonar	     --	     --	  0.461	     --
[component_container-11] 	  1.540	  Magnt	     --	     --	     --	 -0.343
[component_container-11] 
[component_container-11] 	  1.570	   Pose	 -2.296	 -2.177	  0.501	 -0.345
[component_container-11] 	  1.570	  Twist	 -0.052	 -0.023	  0.425	 -0.277
[component_container-11] 	  1.570	ErrPose	  0.316	  0.240	  0.007	 -0.000
[component_container-11] 	  1.570	ErrTwis	  0.061	  0.105	  0.042	 -0.003
[component_container-11] 	  1.570	    GPS	 -2.123	 -2.087	  0.484	     --
[component_container-11] 	  1.570	   Baro	     --	     --	  0.126	     --
[component_container-11] 	  1.570	  BBias	     --	     --	 -0.312	     --
[component_container-11] 	  1.570	  Sonar	     --	     --	  0.461	     --
[component_container-11] 	  1.570	  Magnt	     --	     --	     --	 -0.361
[component_container-11] 
[component_container-11] 	  1.600	   Pose	 -2.297	 -2.178	  0.516	 -0.353
[component_container-11] 	  1.600	  Twist	 -0.050	 -0.022	  0.429	 -0.280
[component_container-11] 	  1.600	ErrPose	  0.319	  0.244	  0.011	 -0.003
[component_container-11] 	  1.600	ErrTwis	  0.061	  0.104	  0.040	  0.000
[component_container-11] 	  1.600	    GPS	 -2.123	 -2.087	  0.484	     --
[component_container-11] 	  1.600	   Baro	     --	     --	  0.126	     --
[component_container-11] 	  1.600	  BBias	     --	     --	 -0.312	     --
[component_container-11] 	  1.600	  Sonar	     --	     --	  0.514	     --
[component_container-11] 	  1.600	  Magnt	     --	     --	     --	 -0.361
[component_container-11] 
[component_container-11] 	  1.640	   Pose	 -2.299	 -2.179	  0.535	 -0.363
[component_container-11] 	  1.640	  Twist	 -0.047	 -0.020	  0.434	 -0.276
[component_container-11] 	  1.640	ErrPose	  0.323	  0.247	  0.011	 -0.004
[component_container-11] 	  1.640	ErrTwis	  0.060	  0.102	  0.038	 -0.004
[component_container-11] 	  1.640	    GPS	 -2.123	 -2.087	  0.484	     --
[component_container-11] 	  1.640	   Baro	     --	     --	  0.146	     --
[component_container-11] 	  1.640	  BBias	     --	     --	 -0.314	     --
[component_container-11] 	  1.640	  Sonar	     --	     --	  0.530	     --
[component_container-11] 	  1.640	  Magnt	     --	     --	     --	 -0.324
[component_container-11] 
[component_container-11] 	  1.670	   Pose	 -2.300	 -2.179	  0.552	 -0.372
[component_container-11] 	  1.670	  Twist	 -0.045	 -0.019	  0.444	 -0.287
[component_container-11] 	  1.670	ErrPose	  0.325	  0.249	  0.003	 -0.001
[component_container-11] 	  1.670	ErrTwis	  0.058	  0.101	  0.030	  0.008
[component_container-11] 	  1.670	    GPS	 -2.123	 -2.087	  0.484	     --
[component_container-11] 	  1.670	   Baro	     --	     --	  0.233	     --
[component_container-11] 	  1.670	  BBias	     --	     --	 -0.315	     --
[component_container-11] 	  1.670	  Sonar	     --	     --	  0.564	     --
[component_container-11] 	  1.670	  Magnt	     --	     --	     --	 -0.397
[component_container-11] 
[component_container-11] 	  1.700	   Pose	 -2.302	 -2.180	  0.565	 -0.380
[component_container-11] 	  1.700	  Twist	 -0.043	 -0.018	  0.444	 -0.270
[component_container-11] 	  1.700	ErrPose	  0.328	  0.253	  0.009	 -0.004
[component_container-11] 	  1.700	ErrTwis	  0.058	  0.101	  0.031	 -0.010
[component_container-11] 	  1.700	    GPS	 -2.123	 -2.087	  0.484	     --
[component_container-11] 	  1.700	   Baro	     --	     --	  0.233	     --
[component_container-11] 	  1.700	  BBias	     --	     --	 -0.315	     --
[component_container-11] 	  1.700	  Sonar	     --	     --	  0.564	     --
[component_container-11] 	  1.700	  Magnt	     --	     --	     --	 -0.397
[component_container-11] 
[component_container-11] 	  1.740	   Pose	 -2.303	 -2.180	  0.583	 -0.391
[component_container-11] 	  1.740	  Twist	 -0.041	 -0.018	  0.444	 -0.264
[component_container-11] 	  1.740	ErrPose	  0.332	  0.256	  0.010	 -0.004
[component_container-11] 	  1.740	ErrTwis	  0.057	  0.101	  0.034	 -0.015
[component_container-11] 	  1.740	    GPS	 -2.123	 -2.087	  0.484	     --
[component_container-11] 	  1.740	   Baro	     --	     --	  0.483	     --
[component_container-11] 	  1.740	  BBias	     --	     --	 -0.308	     --
[component_container-11] 	  1.740	  Sonar	     --	     --	  0.564	     --
[component_container-11] 	  1.740	  Magnt	     --	     --	     --	 -0.399
[component_container-11] 
[component_container-11] 	  1.770	   Pose	 -2.305	 -2.181	  0.603	 -0.399
[component_container-11] 	  1.770	  Twist	 -0.039	 -0.017	  0.459	 -0.275
[component_container-11] 	  1.770	ErrPose	  0.334	  0.258	  0.000	 -0.002
[component_container-11] 	  1.770	ErrTwis	  0.056	  0.099	  0.020	 -0.004
[component_container-11] 	  1.770	    GPS	 -2.123	 -2.087	  0.484	     --
[component_container-11] 	  1.770	   Baro	     --	     --	  0.347	     --
[component_container-11] 	  1.770	  BBias	     --	     --	 -0.307	     --
[component_container-11] 	  1.770	  Sonar	     --	     --	  0.621	     --
[component_container-11] 	  1.770	  Magnt	     --	     --	     --	 -0.368
[component_container-11] 
[component_container-11] 	  1.800	   Pose	 -2.306	 -2.181	  0.617	 -0.407
[component_container-11] 	  1.800	  Twist	 -0.037	 -0.017	  0.458	 -0.273
[component_container-11] 	  1.800	ErrPose	  0.337	  0.261	  0.006	 -0.005
[component_container-11] 	  1.800	ErrTwis	  0.055	  0.096	  0.023	 -0.006
[component_container-11] 	  1.800	    GPS	 -2.123	 -2.087	  0.484	     --
[component_container-11] 	  1.800	   Baro	     --	     --	  0.347	     --
[component_container-11] 	  1.800	  BBias	     --	     --	 -0.307	     --
[component_container-11] 	  1.800	  Sonar	     --	     --	  0.621	     --
[component_container-11] 	  1.800	  Magnt	     --	     --	     --	 -0.368
[component_container-11] 
[component_container-11] 	  1.840	   Pose	 -2.307	 -2.182	  0.634	 -0.418
[component_container-11] 	  1.840	  Twist	 -0.034	 -0.016	  0.455	 -0.297
[component_container-11] 	  1.840	ErrPose	  0.340	  0.263	  0.008	 -0.005
[component_container-11] 	  1.840	ErrTwis	  0.054	  0.092	  0.028	  0.017
[component_container-11] 	  1.840	    GPS	 -2.123	 -2.087	  0.484	     --
[component_container-11] 	  1.840	   Baro	     --	     --	  0.397	     --
[component_container-11] 	  1.840	  BBias	     --	     --	 -0.304	     --
[component_container-11] 	  1.840	  Sonar	     --	     --	  0.614	     --
[component_container-11] 	  1.840	  Magnt	     --	     --	     --	 -0.408
[component_container-11] 
[component_container-11] 	  1.870	   Pose	 -2.308	 -2.183	  0.646	 -0.426
[component_container-11] 	  1.870	  Twist	 -0.033	 -0.016	  0.451	 -0.267
[component_container-11] 	  1.870	ErrPose	  0.342	  0.265	  0.005	 -0.003
[component_container-11] 	  1.870	ErrTwis	  0.053	  0.089	  0.033	 -0.013
[component_container-11] 	  1.870	    GPS	 -2.123	 -2.087	  0.484	     --
[component_container-11] 	  1.870	   Baro	     --	     --	  0.351	     --
[component_container-11] 	  1.870	  BBias	     --	     --	 -0.304	     --
[component_container-11] 	  1.870	  Sonar	     --	     --	  0.636	     --
[component_container-11] 	  1.870	  Magnt	     --	     --	     --	 -0.416
[component_container-11] 
[component_container-11] 	  1.900	   Pose	 -2.309	 -2.183	  0.660	 -0.434
[component_container-11] 	  1.900	  Twist	 -0.030	 -0.015	  0.450	 -0.276
[component_container-11] 	  1.900	ErrPose	  0.345	  0.267	  0.011	 -0.006
[component_container-11] 	  1.900	ErrTwis	  0.052	  0.085	  0.035	 -0.004
[component_container-11] 	  1.900	    GPS	 -2.123	 -2.087	  0.484	     --
[component_container-11] 	  1.900	   Baro	     --	     --	  0.351	     --
[component_container-11] 	  1.900	  BBias	     --	     --	 -0.304	     --
[component_container-11] 	  1.900	  Sonar	     --	     --	  0.636	     --
[component_container-11] 	  1.900	  Magnt	     --	     --	     --	 -0.416
[component_container-11] 
[component_container-11] 	  1.940	   Pose	 -2.310	 -2.184	  0.675	 -0.445
[component_container-11] 	  1.940	  Twist	 -0.028	 -0.014	  0.443	 -0.269
[component_container-11] 	  1.940	ErrPose	  0.349	  0.270	  0.015	 -0.006
[component_container-11] 	  1.940	ErrTwis	  0.051	  0.081	  0.044	 -0.011
[component_container-11] 	  1.940	    GPS	 -2.123	 -2.087	  0.484	     --
[component_container-11] 	  1.940	   Baro	     --	     --	  0.434	     --
[component_container-11] 	  1.940	  BBias	     --	     --	 -0.302	     --
[component_container-11] 	  1.940	  Sonar	     --	     --	  0.651	     --
[component_container-11] 	  1.940	  Magnt	     --	     --	     --	 -0.442
[component_container-11] 
[component_container-11] 	  1.970	   Pose	 -2.311	 -2.184	  0.692	 -0.454
[component_container-11] 	  1.970	  Twist	 -0.026	 -0.014	  0.451	 -0.287
[component_container-11] 	  1.970	ErrPose	  0.351	  0.271	  0.008	 -0.003
[component_container-11] 	  1.970	ErrTwis	  0.050	  0.079	  0.036	  0.007
[component_container-11] 	  1.970	    GPS	 -2.123	 -2.087	  0.484	     --
[component_container-11] 	  1.970	   Baro	     --	     --	  0.299	     --
[component_container-11] 	  1.970	  BBias	     --	     --	 -0.304	     --
[component_container-11] 	  1.970	  Sonar	     --	     --	  0.704	     --
[component_container-11] 	  1.970	  Magnt	     --	     --	     --	 -0.449
[component_container-11] 
[component_container-11] [INFO] [1775320681.480197107] [drone.controller]: cmd_vel body=(0.046, 0.070, 0.500) yaw=-0.300 | odom_received=true | plan_points=44
[component_container-11] 	  2.000	   Pose	 -2.312	 -2.184	  0.706	 -0.462
[component_container-11] 	  2.000	  Twist	 -0.024	 -0.013	  0.450	 -0.288
[component_container-11] 	  2.000	ErrPose	  0.353	  0.273	  0.014	 -0.006
[component_container-11] 	  2.000	ErrTwis	  0.050	  0.076	  0.039	  0.008
[component_container-11] 	  2.000	    GPS	 -2.123	 -2.087	  0.484	     --
[component_container-11] 	  2.000	   Baro	     --	     --	  0.299	     --
[component_container-11] 	  2.000	  BBias	     --	     --	 -0.304	     --
[component_container-11] 	  2.000	  Sonar	     --	     --	  0.704	     --
[component_container-11] 	  2.000	  Magnt	     --	     --	     --	 -0.449
[component_container-11] 
[component_container-11] [INFO] [1775320681.480532887] [drone.estimator]: TMP LOG err_xyz=(0.353, 0.273, 0.014) | z_est=0.706 vz_est=0.450 bias=-0.304 | gps_z=0.484 sonar=0.704 baro=0.299
[component_container-11] 	  2.040	   Pose	 -2.198	 -2.124	  0.737	 -0.473
[component_container-11] 	  2.040	  Twist	  0.018	  0.010	  0.478	 -0.271
[component_container-11] 	  2.040	ErrPose	  0.242	  0.214	  0.003	 -0.006
[component_container-11] 	  2.040	ErrTwis	  0.009	  0.052	  0.012	 -0.009
[component_container-11] 	  2.040	    GPS	 -2.046	 -2.042	  0.725	     --
[component_container-11] 	  2.040	   Baro	     --	     --	  0.428	     --
[component_container-11] 	  2.040	  BBias	     --	     --	 -0.305	     --
[component_container-11] 	  2.040	  Sonar	     --	     --	  0.769	     --
[component_container-11] 	  2.040	  Magnt	     --	     --	     --	 -0.458
[component_container-11] 
[component_container-11] 	  2.070	   Pose	 -2.198	 -2.123	  0.754	 -0.482
[component_container-11] 	  2.070	  Twist	  0.021	  0.010	  0.484	 -0.268
[component_container-11] 	  2.070	ErrPose	  0.243	  0.214	 -0.005	 -0.003
[component_container-11] 	  2.070	ErrTwis	  0.007	  0.052	  0.006	 -0.012
[component_container-11] 	  2.070	    GPS	 -2.046	 -2.042	  0.725	     --
[component_container-11] 	  2.070	   Baro	     --	     --	  0.413	     --
[component_container-11] 	  2.070	  BBias	     --	     --	 -0.306	     --
[component_container-11] 	  2.070	  Sonar	     --	     --	  0.763	     --
[component_container-11] 	  2.070	  Magnt	     --	     --	     --	 -0.499
[component_container-11] 
[component_container-11] 	  2.100	   Pose	 -2.197	 -2.123	  0.769	 -0.490
[component_container-11] 	  2.100	  Twist	  0.022	  0.010	  0.483	 -0.271
[component_container-11] 	  2.100	ErrPose	  0.244	  0.215	 -0.000	 -0.006
[component_container-11] 	  2.100	ErrTwis	  0.007	  0.051	  0.009	 -0.009
[component_container-11] 	  2.100	    GPS	 -2.046	 -2.042	  0.725	     --
[component_container-11] 	  2.100	   Baro	     --	     --	  0.413	     --
[component_container-11] 	  2.100	  BBias	     --	     --	 -0.306	     --
[component_container-11] 	  2.100	  Sonar	     --	     --	  0.763	     --
[component_container-11] 	  2.100	  Magnt	     --	     --	     --	 -0.499
[component_container-11] 
[component_container-11] 	  2.140	   Pose	 -2.196	 -2.123	  0.787	 -0.502
[component_container-11] 	  2.140	  Twist	  0.025	  0.011	  0.479	 -0.279
[component_container-11] 	  2.140	ErrPose	  0.246	  0.216	  0.001	 -0.005
[component_container-11] 	  2.140	ErrTwis	  0.006	  0.050	  0.013	 -0.001
[component_container-11] 	  2.140	    GPS	 -2.046	 -2.042	  0.725	     --
[component_container-11] 	  2.140	   Baro	     --	     --	  0.563	     --
[component_container-11] 	  2.140	  BBias	     --	     --	 -0.304	     --
[component_container-11] 	  2.140	  Sonar	     --	     --	  0.768	     --
[component_container-11] 	  2.140	  Magnt	     --	     --	     --	 -0.516
[component_container-11] 
[component_container-11] 	  2.170	   Pose	 -2.195	 -2.122	  0.798	 -0.510
[component_container-11] 	  2.170	  Twist	  0.026	  0.013	  0.470	 -0.288
[component_container-11] 	  2.170	ErrPose	  0.246	  0.217	  0.000	 -0.002
[component_container-11] 	  2.170	ErrTwis	  0.005	  0.049	  0.022	  0.008
[component_container-11] 	  2.170	    GPS	 -2.046	 -2.042	  0.725	     --
[component_container-11] 	  2.170	   Baro	     --	     --	  0.543	     --
[component_container-11] 	  2.170	  BBias	     --	     --	 -0.302	     --
[component_container-11] 	  2.170	  Sonar	     --	     --	  0.779	     --
[component_container-11] 	  2.170	  Magnt	     --	     --	     --	 -0.497
[component_container-11] 
[component_container-11] 	  2.200	   Pose	 -2.194	 -2.122	  0.812	 -0.518
[component_container-11] 	  2.200	  Twist	  0.028	  0.014	  0.470	 -0.275
[component_container-11] 	  2.200	ErrPose	  0.248	  0.218	  0.006	 -0.005
[component_container-11] 	  2.200	ErrTwis	  0.005	  0.049	  0.024	 -0.005
[component_container-11] 	  2.200	    GPS	 -2.046	 -2.042	  0.725	     --
[component_container-11] 	  2.200	   Baro	     --	     --	  0.543	     --
[component_container-11] 	  2.200	  BBias	     --	     --	 -0.302	     --
[component_container-11] 	  2.200	  Sonar	     --	     --	  0.779	     --
[component_container-11] 	  2.200	  Magnt	     --	     --	     --	 -0.497
[component_container-11] 
[component_container-11] 	  2.240	   Pose	 -2.193	 -2.121	  0.837	 -0.531
[component_container-11] 	  2.240	  Twist	  0.031	  0.015	  0.482	 -0.280
[component_container-11] 	  2.240	ErrPose	  0.249	  0.219	  0.001	 -0.004
[component_container-11] 	  2.240	ErrTwis	  0.004	  0.048	  0.012	  0.000
[component_container-11] 	  2.240	    GPS	 -2.046	 -2.042	  0.725	     --
[component_container-11] 	  2.240	   Baro	     --	     --	  0.667	     --
[component_container-11] 	  2.240	  BBias	     --	     --	 -0.299	     --
[component_container-11] 	  2.240	  Sonar	     --	     --	  0.840	     --
[component_container-11] 	  2.240	  Magnt	     --	     --	     --	 -0.553
[component_container-11] 
[component_container-11] 	  2.270	   Pose	 -2.192	 -2.121	  0.855	 -0.539
[component_container-11] 	  2.270	  Twist	  0.033	  0.016	  0.489	 -0.273
[component_container-11] 	  2.270	ErrPose	  0.250	  0.219	 -0.007	 -0.001
[component_container-11] 	  2.270	ErrTwis	  0.002	  0.047	  0.005	 -0.007
[component_container-11] 	  2.270	    GPS	 -2.046	 -2.042	  0.725	     --
[component_container-11] 	  2.270	   Baro	     --	     --	  0.424	     --
[component_container-11] 	  2.270	  BBias	     --	     --	 -0.302	     --
[component_container-11] 	  2.270	  Sonar	     --	     --	  0.867	     --
[component_container-11] 	  2.270	  Magnt	     --	     --	     --	 -0.556
[component_container-11] 
[component_container-11] 	  2.300	   Pose	 -2.191	 -2.120	  0.870	 -0.548
[component_container-11] 	  2.300	  Twist	  0.034	  0.016	  0.488	 -0.271
[component_container-11] 	  2.300	ErrPose	  0.251	  0.219	 -0.002	 -0.004
[component_container-11] 	  2.300	ErrTwis	  0.002	  0.044	  0.007	 -0.009
[component_container-11] 	  2.300	    GPS	 -2.046	 -2.042	  0.725	     --
[component_container-11] 	  2.300	   Baro	     --	     --	  0.424	     --
[component_container-11] 	  2.300	  BBias	     --	     --	 -0.302	     --
[component_container-11] 	  2.300	  Sonar	     --	     --	  0.867	     --
[component_container-11] 	  2.300	  Magnt	     --	     --	     --	 -0.556
[component_container-11] 
[component_container-11] 	  2.340	   Pose	 -2.190	 -2.120	  0.887	 -0.559
[component_container-11] 	  2.340	  Twist	  0.037	  0.016	  0.480	 -0.273
[component_container-11] 	  2.340	ErrPose	  0.252	  0.219	  0.001	 -0.004
[component_container-11] 	  2.340	ErrTwis	  0.000	  0.041	  0.016	 -0.007
[component_container-11] 	  2.340	    GPS	 -2.046	 -2.042	  0.725	     --
[component_container-11] 	  2.340	   Baro	     --	     --	  0.446	     --
[component_container-11] 	  2.340	  BBias	     --	     --	 -0.305	     --
[component_container-11] 	  2.340	  Sonar	     --	     --	  0.868	     --
[component_container-11] 	  2.340	  Magnt	     --	     --	     --	 -0.572
[component_container-11] 
[component_container-11] 	  2.370	   Pose	 -2.189	 -2.119	  0.906	 -0.567
[component_container-11] 	  2.370	  Twist	  0.039	  0.017	  0.491	 -0.284
[component_container-11] 	  2.370	ErrPose	  0.252	  0.219	 -0.009	 -0.001
[component_container-11] 	  2.370	ErrTwis	 -0.001	  0.039	  0.006	  0.004
[component_container-11] 	  2.370	    GPS	 -2.046	 -2.042	  0.725	     --
[component_container-11] 	  2.370	   Baro	     --	     --	  0.647	     --
[component_container-11] 	  2.370	  BBias	     --	     --	 -0.304	     --
[component_container-11] 	  2.370	  Sonar	     --	     --	  0.918	     --
[component_container-11] 	  2.370	  Magnt	     --	     --	     --	 -0.545
[component_container-11] 
[component_container-11] 	  2.400	   Pose	 -2.188	 -2.119	  0.921	 -0.576
[component_container-11] 	  2.400	  Twist	  0.041	  0.017	  0.489	 -0.267
[component_container-11] 	  2.400	ErrPose	  0.254	  0.220	 -0.004	 -0.004
[component_container-11] 	  2.400	ErrTwis	 -0.002	  0.036	  0.008	 -0.013
[component_container-11] 	  2.400	    GPS	 -2.046	 -2.042	  0.725	     --
[component_container-11] 	  2.400	   Baro	     --	     --	  0.647	     --
[component_container-11] 	  2.400	  BBias	     --	     --	 -0.304	     --
[component_container-11] 	  2.400	  Sonar	     --	     --	  0.918	     --
[component_container-11] 	  2.400	  Magnt	     --	     --	     --	 -0.545
[component_container-11] 
[component_container-11] 	  2.440	   Pose	 -2.186	 -2.118	  0.937	 -0.587
[component_container-11] 	  2.440	  Twist	  0.044	  0.018	  0.478	 -0.290
[component_container-11] 	  2.440	ErrPose	  0.254	  0.220	  0.001	 -0.004
[component_container-11] 	  2.440	ErrTwis	 -0.004	  0.033	  0.020	  0.010
[component_container-11] 	  2.440	    GPS	 -2.046	 -2.042	  0.725	     --
[component_container-11] 	  2.440	   Baro	     --	     --	  0.546	     --
[component_container-11] 	  2.440	  BBias	     --	     --	 -0.305	     --
[component_container-11] 	  2.440	  Sonar	     --	     --	  0.911	     --
[component_container-11] 	  2.440	  Magnt	     --	     --	     --	 -0.584
[component_container-11] 
[component_container-11] 	  2.470	   Pose	 -2.185	 -2.117	  0.952	 -0.595
[component_container-11] 	  2.470	  Twist	  0.046	  0.019	  0.478	 -0.290
[component_container-11] 	  2.470	ErrPose	  0.254	  0.219	 -0.004	 -0.002
[component_container-11] 	  2.470	ErrTwis	 -0.005	  0.031	  0.020	  0.010
[component_container-11] 	  2.470	    GPS	 -2.046	 -2.042	  0.725	     --
[component_container-11] 	  2.470	   Baro	     --	     --	  0.620	     --
[component_container-11] 	  2.470	  BBias	     --	     --	 -0.306	     --
[component_container-11] 	  2.470	  Sonar	     --	     --	  0.950	     --
[component_container-11] 	  2.470	  Magnt	     --	     --	     --	 -0.570
[component_container-11] 
[component_container-11] 	  2.500	   Pose	 -2.183	 -2.117	  0.966	 -0.603
[component_container-11] 	  2.500	  Twist	  0.047	  0.019	  0.477	 -0.276
[component_container-11] 	  2.500	ErrPose	  0.255	  0.219	  0.001	 -0.005
[component_container-11] 	  2.500	ErrTwis	 -0.006	  0.029	  0.021	 -0.004
[component_container-11] 	  2.500	    GPS	 -2.046	 -2.042	  0.725	     --
[component_container-11] 	  2.500	   Baro	     --	     --	  0.620	     --
[component_container-11] 	  2.500	  BBias	     --	     --	 -0.306	     --
[component_container-11] 	  2.500	  Sonar	     --	     --	  0.950	     --
[component_container-11] 	  2.500	  Magnt	     --	     --	     --	 -0.570
[component_container-11] 
[component_container-11] 	  2.540	   Pose	 -2.209	 -2.077	  0.989	 -0.615
[component_container-11] 	  2.540	  Twist	  0.041	  0.033	  0.485	 -0.278
[component_container-11] 	  2.540	ErrPose	  0.284	  0.180	 -0.002	 -0.004
[component_container-11] 	  2.540	ErrTwis	  0.001	  0.015	  0.014	 -0.002
[component_container-11] 	  2.540	    GPS	 -2.257	 -2.014	  0.972	     --
[component_container-11] 	  2.540	   Baro	     --	     --	  0.685	     --
[component_container-11] 	  2.540	  BBias	     --	     --	 -0.306	     --
[component_container-11] 	  2.540	  Sonar	     --	     --	  0.990	     --
[component_container-11] 	  2.540	  Magnt	     --	     --	     --	 -0.653
[component_container-11] 
[component_container-11] 	  2.570	   Pose	 -2.208	 -2.076	  1.008	 -0.624
[component_container-11] 	  2.570	  Twist	  0.043	  0.033	  0.493	 -0.291
[component_container-11] 	  2.570	ErrPose	  0.284	  0.179	 -0.011	 -0.000
[component_container-11] 	  2.570	ErrTwis	 -0.001	  0.014	  0.006	  0.011
[component_container-11] 	  2.570	    GPS	 -2.257	 -2.014	  0.972	     --
[component_container-11] 	  2.570	   Baro	     --	     --	  0.612	     --
[component_container-11] 	  2.570	  BBias	     --	     --	 -0.308	     --
[component_container-11] 	  2.570	  Sonar	     --	     --	  1.023	     --
[component_container-11] 	  2.570	  Magnt	     --	     --	     --	 -0.633
[component_container-11] 
[component_container-11] 	  2.600	   Pose	 -2.207	 -2.075	  1.023	 -0.632
[component_container-11] 	  2.600	  Twist	  0.045	  0.033	  0.490	 -0.283
[component_container-11] 	  2.600	ErrPose	  0.285	  0.179	 -0.006	 -0.003
[component_container-11] 	  2.600	ErrTwis	 -0.002	  0.013	  0.008	  0.003
[component_container-11] 	  2.600	    GPS	 -2.257	 -2.014	  0.972	     --
[component_container-11] 	  2.600	   Baro	     --	     --	  0.612	     --
[component_container-11] 	  2.600	  BBias	     --	     --	 -0.308	     --
[component_container-11] 	  2.600	  Sonar	     --	     --	  1.023	     --
[component_container-11] 	  2.600	  Magnt	     --	     --	     --	 -0.633
[component_container-11] 
[component_container-11] 	  2.640	   Pose	 -2.205	 -2.074	  1.039	 -0.645
[component_container-11] 	  2.640	  Twist	  0.049	  0.034	  0.479	 -0.275
[component_container-11] 	  2.640	ErrPose	  0.286	  0.178	 -0.001	 -0.002
[component_container-11] 	  2.640	ErrTwis	 -0.005	  0.013	  0.020	 -0.005
[component_container-11] 	  2.640	    GPS	 -2.257	 -2.014	  0.972	     --
[component_container-11] 	  2.640	   Baro	     --	     --	  0.640	     --
[component_container-11] 	  2.640	  BBias	     --	     --	 -0.309	     --
[component_container-11] 	  2.640	  Sonar	     --	     --	  1.017	     --
[component_container-11] 	  2.640	  Magnt	     --	     --	     --	 -0.686
[component_container-11] 
[component_container-11] 	  2.670	   Pose	 -2.203	 -2.073	  1.055	 -0.653
[component_container-11] 	  2.670	  Twist	  0.050	  0.035	  0.483	 -0.279
[component_container-11] 	  2.670	ErrPose	  0.286	  0.177	 -0.008	  0.001
[component_container-11] 	  2.670	ErrTwis	 -0.006	  0.012	  0.016	 -0.001
[component_container-11] 	  2.670	    GPS	 -2.257	 -2.014	  0.972	     --
[component_container-11] 	  2.670	   Baro	     --	     --	  0.890	     --
[component_container-11] 	  2.670	  BBias	     --	     --	 -0.306	     --
[component_container-11] 	  2.670	  Sonar	     --	     --	  1.060	     --
[component_container-11] 	  2.670	  Magnt	     --	     --	     --	 -0.661
[component_container-11] 
[component_container-11] 	  2.700	   Pose	 -2.202	 -2.072	  1.070	 -0.662
[component_container-11] 	  2.700	  Twist	  0.052	  0.036	  0.480	 -0.272
[component_container-11] 	  2.700	ErrPose	  0.287	  0.176	 -0.003	 -0.002
[component_container-11] 	  2.700	ErrTwis	 -0.007	  0.011	  0.019	 -0.008
[component_container-11] 	  2.700	    GPS	 -2.257	 -2.014	  0.972	     --
[component_container-11] 	  2.700	   Baro	     --	     --	  0.890	     --
[component_container-11] 	  2.700	  BBias	     --	     --	 -0.306	     --
[component_container-11] 	  2.700	  Sonar	     --	     --	  1.060	     --
[component_container-11] 	  2.700	  Magnt	     --	     --	     --	 -0.661
[component_container-11] 
[component_container-11] 	  2.740	   Pose	 -2.200	 -2.070	  1.089	 -0.671
[component_container-11] 	  2.740	  Twist	  0.055	  0.037	  0.480	 -0.280
[component_container-11] 	  2.740	ErrPose	  0.287	  0.175	 -0.002	 -0.003
[component_container-11] 	  2.740	ErrTwis	 -0.010	  0.010	  0.019	 -0.000
[component_container-11] 	  2.740	    GPS	 -2.257	 -2.014	  0.972	     --
[component_container-11] 	  2.740	   Baro	     --	     --	  0.779	     --
[component_container-11] 	  2.740	  BBias	     --	     --	 -0.306	     --
[component_container-11] 	  2.740	  Sonar	     --	     --	  1.081	     --
[component_container-11] 	  2.740	  Magnt	     --	     --	     --	 -0.619
[component_container-11] 
[component_container-11] 	  2.770	   Pose	 -2.198	 -2.069	  1.105	 -0.680
[component_container-11] 	  2.770	  Twist	  0.057	  0.037	  0.479	 -0.266
[component_container-11] 	  2.770	ErrPose	  0.287	  0.174	 -0.008	 -0.001
[component_container-11] 	  2.770	ErrTwis	 -0.012	  0.010	  0.020	 -0.013
[component_container-11] 	  2.770	    GPS	 -2.257	 -2.014	  0.972	     --
[component_container-11] 	  2.770	   Baro	     --	     --	  0.807	     --
[component_container-11] 	  2.770	  BBias	     --	     --	 -0.306	     --
[component_container-11] 	  2.770	  Sonar	     --	     --	  1.107	     --
[component_container-11] 	  2.770	  Magnt	     --	     --	     --	 -0.683
[component_container-11] 
[component_container-11] 	  2.800	   Pose	 -2.196	 -2.068	  1.119	 -0.688
[component_container-11] 	  2.800	  Twist	  0.060	  0.037	  0.478	 -0.274
[component_container-11] 	  2.800	ErrPose	  0.288	  0.173	 -0.002	 -0.004
[component_container-11] 	  2.800	ErrTwis	 -0.014	  0.009	  0.022	 -0.006
[component_container-11] 	  2.800	    GPS	 -2.257	 -2.014	  0.972	     --
[component_container-11] 	  2.800	   Baro	     --	     --	  0.807	     --
[component_container-11] 	  2.800	  BBias	     --	     --	 -0.306	     --
[component_container-11] 	  2.800	  Sonar	     --	     --	  1.107	     --
[component_container-11] 	  2.800	  Magnt	     --	     --	     --	 -0.683
[component_container-11] 
[component_container-11] 	  2.840	   Pose	 -2.194	 -2.067	  1.139	 -0.699
[component_container-11] 	  2.840	  Twist	  0.061	  0.038	  0.478	 -0.282
[component_container-11] 	  2.840	ErrPose	  0.288	  0.172	 -0.002	 -0.004
[component_container-11] 	  2.840	ErrTwis	 -0.015	  0.009	  0.022	  0.002
[component_container-11] 	  2.840	    GPS	 -2.257	 -2.014	  0.972	     --
[component_container-11] 	  2.840	   Baro	     --	     --	  0.795	     --
[component_container-11] 	  2.840	  BBias	     --	     --	 -0.306	     --
[component_container-11] 	  2.840	  Sonar	     --	     --	  1.134	     --
[component_container-11] 	  2.840	  Magnt	     --	     --	     --	 -0.695
[component_container-11] 
[component_container-11] 	  2.870	   Pose	 -2.192	 -2.065	  1.153	 -0.707
[component_container-11] 	  2.870	  Twist	  0.063	  0.039	  0.476	 -0.273
[component_container-11] 	  2.870	ErrPose	  0.287	  0.171	 -0.006	 -0.001
[component_container-11] 	  2.870	ErrTwis	 -0.016	  0.007	  0.023	 -0.007
[component_container-11] 	  2.870	    GPS	 -2.257	 -2.014	  0.972	     --
[component_container-11] 	  2.870	   Baro	     --	     --	  0.831	     --
[component_container-11] 	  2.870	  BBias	     --	     --	 -0.307	     --
[component_container-11] 	  2.870	  Sonar	     --	     --	  1.134	     --
[component_container-11] 	  2.870	  Magnt	     --	     --	     --	 -0.712
[component_container-11] 
[component_container-11] 	  2.900	   Pose	 -2.190	 -2.064	  1.169	 -0.715
[component_container-11] 	  2.900	  Twist	  0.065	  0.040	  0.478	 -0.264
[component_container-11] 	  2.900	ErrPose	  0.288	  0.170	 -0.002	 -0.004
[component_container-11] 	  2.900	ErrTwis	 -0.018	  0.007	  0.021	 -0.016
[component_container-11] 	  2.900	    GPS	 -2.257	 -2.014	  0.972	     --
[component_container-11] 	  2.900	   Baro	     --	     --	  0.831	     --
[component_container-11] 	  2.900	  BBias	     --	     --	 -0.307	     --
[component_container-11] 	  2.900	  Sonar	     --	     --	  1.164	     --
[component_container-11] 	  2.900	  Magnt	     --	     --	     --	 -0.712
[component_container-11] 
[component_container-11] 	  2.940	   Pose	 -2.187	 -2.063	  1.182	 -0.727
[component_container-11] 	  2.940	  Twist	  0.068	  0.040	  0.462	 -0.275
[component_container-11] 	  2.940	ErrPose	  0.288	  0.168	  0.005	 -0.004
[component_container-11] 	  2.940	ErrTwis	 -0.020	  0.006	  0.038	 -0.005
[component_container-11] 	  2.940	    GPS	 -2.257	 -2.014	  0.972	     --
[component_container-11] 	  2.940	   Baro	     --	     --	  0.720	     --
[component_container-11] 	  2.940	  BBias	     --	     --	 -0.309	     --
[component_container-11] 	  2.940	  Sonar	     --	     --	  1.161	     --
[component_container-11] 	  2.940	  Magnt	     --	     --	     --	 -0.729
[component_container-11] 
[component_container-11] 	  2.970	   Pose	 -2.185	 -2.062	  1.197	 -0.735
[component_container-11] 	  2.970	  Twist	  0.070	  0.040	  0.463	 -0.285
[component_container-11] 	  2.970	ErrPose	  0.288	  0.167	 -0.000	 -0.001
[component_container-11] 	  2.970	ErrTwis	 -0.022	  0.006	  0.037	  0.005
[component_container-11] 	  2.970	    GPS	 -2.257	 -2.014	  0.972	     --
[component_container-11] 	  2.970	   Baro	     --	     --	  1.035	     --
[component_container-11] 	  2.970	  BBias	     --	     --	 -0.306	     --
[component_container-11] 	  2.970	  Sonar	     --	     --	  1.161	     --
[component_container-11] 	  2.970	  Magnt	     --	     --	     --	 -0.741
[component_container-11] 
[component_container-11] [INFO] [1775320682.487960772] [drone.controller]: cmd_vel body=(0.026, 0.043, 0.500) yaw=-0.300 | odom_received=true | plan_points=39
[component_container-11] 	  3.000	   Pose	 -2.183	 -2.060	  1.209	 -0.744
[component_container-11] 	  3.000	  Twist	  0.072	  0.040	  0.457	 -0.275
[component_container-11] 	  3.000	ErrPose	  0.288	  0.166	  0.008	 -0.004
[component_container-11] 	  3.000	ErrTwis	 -0.024	  0.006	  0.043	 -0.005
[component_container-11] 	  3.000	    GPS	 -2.257	 -2.014	  0.972	     --
[component_container-11] 	  3.000	   Baro	     --	     --	  1.035	     --
[component_container-11] 	  3.000	  BBias	     --	     --	 -0.306	     --
[component_container-11] 	  3.000	  Sonar	     --	     --	  1.194	     --
[component_container-11] 	  3.000	  Magnt	     --	     --	     --	 -0.741
[component_container-11] 
[component_container-11] [INFO] [1775320682.488237563] [drone.estimator]: TMP LOG err_xyz=(0.288, 0.166, 0.008) | z_est=1.209 vz_est=0.457 bias=-0.306 | gps_z=0.972 sonar=1.194 baro=1.035
[component_container-11] 	  3.040	   Pose	 -2.181	 -2.021	  1.228	 -0.754
[component_container-11] 	  3.040	  Twist	  0.074	  0.052	  0.456	 -0.282
[component_container-11] 	  3.040	ErrPose	  0.289	  0.127	  0.009	 -0.005
[component_container-11] 	  3.040	ErrTwis	 -0.026	 -0.005	  0.044	  0.002
[component_container-11] 	  3.040	    GPS	 -2.185	 -1.951	  1.222	     --
[component_container-11] 	  3.040	   Baro	     --	     --	  0.985	     --
[component_container-11] 	  3.040	  BBias	     --	     --	 -0.305	     --
[component_container-11] 	  3.040	  Sonar	     --	     --	  1.223	     --
[component_container-11] 	  3.040	  Magnt	     --	     --	     --	 -0.712
[component_container-11] 
[component_container-11] 	  3.070	   Pose	 -2.179	 -2.020	  1.242	 -0.763
[component_container-11] 	  3.070	  Twist	  0.075	  0.053	  0.454	 -0.279
[component_container-11] 	  3.070	ErrPose	  0.288	  0.125	  0.005	 -0.002
[component_container-11] 	  3.070	ErrTwis	 -0.027	 -0.006	  0.046	 -0.001
[component_container-11] 	  3.070	    GPS	 -2.185	 -1.951	  1.222	     --
[component_container-11] 	  3.070	   Baro	     --	     --	  0.969	     --
[component_container-11] 	  3.070	  BBias	     --	     --	 -0.304	     --
[component_container-11] 	  3.070	  Sonar	     --	     --	  1.223	     --
[component_container-11] 	  3.070	  Magnt	     --	     --	     --	 -0.781
[component_container-11] 
[component_container-11] 	  3.100	   Pose	 -2.176	 -2.018	  1.261	 -0.771
[component_container-11] 	  3.100	  Twist	  0.077	  0.053	  0.464	 -0.269
[component_container-11] 	  3.100	ErrPose	  0.288	  0.124	  0.006	 -0.005
[component_container-11] 	  3.100	ErrTwis	 -0.029	 -0.005	  0.037	 -0.011
[component_container-11] 	  3.100	    GPS	 -2.185	 -1.951	  1.222	     --
[component_container-11] 	  3.100	   Baro	     --	     --	  0.969	     --
[component_container-11] 	  3.100	  BBias	     --	     --	 -0.305	     --
[component_container-11] 	  3.100	  Sonar	     --	     --	  1.266	     --
[component_container-11] 	  3.100	  Magnt	     --	     --	     --	 -0.781
[component_container-11] 
[component_container-11] 	  3.140	   Pose	 -2.173	 -2.016	  1.286	 -0.782
[component_container-11] 	  3.140	  Twist	  0.080	  0.052	  0.476	 -0.265
[component_container-11] 	  3.140	ErrPose	  0.288	  0.121	  0.001	 -0.005
[component_container-11] 	  3.140	ErrTwis	 -0.032	 -0.005	  0.025	 -0.015
[component_container-11] 	  3.140	    GPS	 -2.185	 -1.951	  1.222	     --
[component_container-11] 	  3.140	   Baro	     --	     --	  1.026	     --
[component_container-11] 	  3.140	  BBias	     --	     --	 -0.304	     --
[component_container-11] 	  3.140	  Sonar	     --	     --	  1.298	     --
[component_container-11] 	  3.140	  Magnt	     --	     --	     --	 -0.751
[component_container-11] 
[component_container-11] 	  3.170	   Pose	 -2.171	 -2.014	  1.300	 -0.788
[component_container-11] 	  3.170	  Twist	  0.082	  0.053	  0.475	 -0.264
[component_container-11] 	  3.170	ErrPose	  0.287	  0.120	 -0.003	 -0.004
[component_container-11] 	  3.170	ErrTwis	 -0.034	 -0.005	  0.025	 -0.016
[component_container-11] 	  3.170	    GPS	 -2.185	 -1.951	  1.222	     --
[component_container-11] 	  3.170	   Baro	     --	     --	  1.087	     --
[component_container-11] 	  3.170	  BBias	     --	     --	 -0.303	     --
[component_container-11] 	  3.170	  Sonar	     --	     --	  1.298	     --
[component_container-11] 	  3.170	  Magnt	     --	     --	     --	 -0.722
[component_container-11] 
[component_container-11] 	  3.200	   Pose	 -2.168	 -2.013	  1.315	 -0.797
[component_container-11] 	  3.200	  Twist	  0.084	  0.053	  0.475	 -0.272
[component_container-11] 	  3.200	ErrPose	  0.287	  0.118	  0.002	 -0.007
[component_container-11] 	  3.200	ErrTwis	 -0.036	 -0.006	  0.026	 -0.008
[component_container-11] 	  3.200	    GPS	 -2.185	 -1.951	  1.222	     --
[component_container-11] 	  3.200	   Baro	     --	     --	  1.087	     --
[component_container-11] 	  3.200	  BBias	     --	     --	 -0.303	     --
[component_container-11] 	  3.200	  Sonar	     --	     --	  1.308	     --
[component_container-11] 	  3.200	  Magnt	     --	     --	     --	 -0.722
[component_container-11] 
[component_container-11] 	  3.240	   Pose	 -2.165	 -2.011	  1.328	 -0.808
[component_container-11] 	  3.240	  Twist	  0.087	  0.054	  0.457	 -0.269
[component_container-11] 	  3.240	ErrPose	  0.286	  0.116	  0.009	 -0.006
[component_container-11] 	  3.240	ErrTwis	 -0.039	 -0.007	  0.043	 -0.011
[component_container-11] 	  3.240	    GPS	 -2.185	 -1.951	  1.222	     --
[component_container-11] 	  3.240	   Baro	     --	     --	  0.962	     --
[component_container-11] 	  3.240	  BBias	     --	     --	 -0.303	     --
[component_container-11] 	  3.240	  Sonar	     --	     --	  1.303	     --
[component_container-11] 	  3.240	  Magnt	     --	     --	     --	 -0.833
[component_container-11] 
[component_container-11] 	  3.270	   Pose	 -2.162	 -2.009	  1.342	 -0.816
[component_container-11] 	  3.270	  Twist	  0.089	  0.054	  0.456	 -0.265
[component_container-11] 	  3.270	ErrPose	  0.285	  0.114	  0.005	 -0.004
[component_container-11] 	  3.270	ErrTwis	 -0.041	 -0.007	  0.044	 -0.015
[component_container-11] 	  3.270	    GPS	 -2.185	 -1.951	  1.222	     --
[component_container-11] 	  3.270	   Baro	     --	     --	  1.042	     --
[component_container-11] 	  3.270	  BBias	     --	     --	 -0.303	     --
[component_container-11] 	  3.270	  Sonar	     --	     --	  1.303	     --
[component_container-11] 	  3.270	  Magnt	     --	     --	     --	 -0.791
[component_container-11] 
[component_container-11] 	  3.300	   Pose	 -2.160	 -2.007	  1.354	 -0.824
[component_container-11] 	  3.300	  Twist	  0.091	  0.054	  0.450	 -0.285
[component_container-11] 	  3.300	ErrPose	  0.285	  0.112	  0.013	 -0.007
[component_container-11] 	  3.300	ErrTwis	 -0.044	 -0.007	  0.051	  0.005
[component_container-11] 	  3.300	    GPS	 -2.185	 -1.951	  1.222	     --
[component_container-11] 	  3.300	   Baro	     --	     --	  1.042	     --
[component_container-11] 	  3.300	  BBias	     --	     --	 -0.303	     --
[component_container-11] 	  3.300	  Sonar	     --	     --	  1.333	     --
[component_container-11] 	  3.300	  Magnt	     --	     --	     --	 -0.791
[component_container-11] 
[component_container-11] 	  3.340	   Pose	 -2.156	 -2.005	  1.372	 -0.835
[component_container-11] 	  3.340	  Twist	  0.093	  0.055	  0.448	 -0.276
[component_container-11] 	  3.340	ErrPose	  0.284	  0.110	  0.015	 -0.008
[component_container-11] 	  3.340	ErrTwis	 -0.046	 -0.009	  0.052	 -0.004
[component_container-11] 	  3.340	    GPS	 -2.185	 -1.951	  1.222	     --
[component_container-11] 	  3.340	   Baro	     --	     --	  1.056	     --
[component_container-11] 	  3.340	  BBias	     --	     --	 -0.303	     --
[component_container-11] 	  3.340	  Sonar	     --	     --	  1.370	     --
[component_container-11] 	  3.340	  Magnt	     --	     --	     --	 -0.825
[component_container-11] 
[component_container-11] 	  3.370	   Pose	 -2.153	 -2.004	  1.386	 -0.843
[component_container-11] 	  3.370	  Twist	  0.095	  0.054	  0.446	 -0.277
[component_container-11] 	  3.370	ErrPose	  0.282	  0.108	  0.011	 -0.005
[component_container-11] 	  3.370	ErrTwis	 -0.048	 -0.009	  0.054	 -0.003
[component_container-11] 	  3.370	    GPS	 -2.185	 -1.951	  1.222	     --
[component_container-11] 	  3.370	   Baro	     --	     --	  1.072	     --
[component_container-11] 	  3.370	  BBias	     --	     --	 -0.303	     --
[component_container-11] 	  3.370	  Sonar	     --	     --	  1.370	     --
[component_container-11] 	  3.370	  Magnt	     --	     --	     --	 -0.852
[component_container-11] 
[component_container-11] 	  3.400	   Pose	 -2.150	 -2.002	  1.405	 -0.852
[component_container-11] 	  3.400	  Twist	  0.097	  0.054	  0.458	 -0.283
[component_container-11] 	  3.400	ErrPose	  0.282	  0.106	  0.012	 -0.008
[component_container-11] 	  3.400	ErrTwis	 -0.049	 -0.009	  0.043	  0.003
[component_container-11] 	  3.400	    GPS	 -2.185	 -1.951	  1.222	     --
[component_container-11] 	  3.400	   Baro	     --	     --	  1.072	     --
[component_container-11] 	  3.400	  BBias	     --	     --	 -0.303	     --
[component_container-11] 	  3.400	  Sonar	     --	     --	  1.411	     --
[component_container-11] 	  3.400	  Magnt	     --	     --	     --	 -0.852
[component_container-11] 
[component_container-11] 	  3.440	   Pose	 -2.146	 -2.000	  1.424	 -0.863
[component_container-11] 	  3.440	  Twist	  0.100	  0.054	  0.459	 -0.285
[component_container-11] 	  3.440	ErrPose	  0.280	  0.104	  0.013	 -0.008
[component_container-11] 	  3.440	ErrTwis	 -0.053	 -0.011	  0.042	  0.005
[component_container-11] 	  3.440	    GPS	 -2.185	 -1.951	  1.222	     --
[component_container-11] 	  3.440	   Baro	     --	     --	  1.258	     --
[component_container-11] 	  3.440	  BBias	     --	     --	 -0.301	     --
[component_container-11] 	  3.440	  Sonar	     --	     --	  1.421	     --
[component_container-11] 	  3.440	  Magnt	     --	     --	     --	 -0.839
[component_container-11] 
[component_container-11] 	  3.470	   Pose	 -2.143	 -1.998	  1.438	 -0.871
[component_container-11] 	  3.470	  Twist	  0.102	  0.054	  0.456	 -0.274
[component_container-11] 	  3.470	ErrPose	  0.279	  0.102	  0.010	 -0.005
[component_container-11] 	  3.470	ErrTwis	 -0.055	 -0.011	  0.045	 -0.006
[component_container-11] 	  3.470	    GPS	 -2.185	 -1.951	  1.222	     --
[component_container-11] 	  3.470	   Baro	     --	     --	  1.055	     --
[component_container-11] 	  3.470	  BBias	     --	     --	 -0.302	     --
[component_container-11] 	  3.470	  Sonar	     --	     --	  1.421	     --
[component_container-11] 	  3.470	  Magnt	     --	     --	     --	 -0.876
[component_container-11] 
[component_container-11] 	  3.500	   Pose	 -2.140	 -1.997	  1.455	 -0.880
[component_container-11] 	  3.500	  Twist	  0.104	  0.054	  0.463	 -0.274
[component_container-11] 	  3.500	ErrPose	  0.278	  0.100	  0.012	 -0.008
[component_container-11] 	  3.500	ErrTwis	 -0.057	 -0.012	  0.038	 -0.006
[component_container-11] 	  3.500	    GPS	 -2.185	 -1.951	  1.222	     --
[component_container-11] 	  3.500	   Baro	     --	     --	  1.055	     --
[component_container-11] 	  3.500	  BBias	     --	     --	 -0.302	     --
[component_container-11] 	  3.500	  Sonar	     --	     --	  1.460	     --
[component_container-11] 	  3.500	  Magnt	     --	     --	     --	 -0.876
[component_container-11] 
[component_container-11] 	  3.540	   Pose	 -2.160	 -2.036	  1.473	 -0.890
[component_container-11] 	  3.540	  Twist	  0.100	  0.041	  0.460	 -0.276
[component_container-11] 	  3.540	ErrPose	  0.300	  0.138	  0.014	 -0.008
[component_container-11] 	  3.540	ErrTwis	 -0.054	  0.000	  0.041	 -0.004
[component_container-11] 	  3.540	    GPS	 -2.214	 -2.125	  1.472	     --
[component_container-11] 	  3.540	   Baro	     --	     --	  1.091	     --
[component_container-11] 	  3.540	  BBias	     --	     --	 -0.303	     --
[component_container-11] 	  3.540	  Sonar	     --	     --	  1.460	     --
[component_container-11] 	  3.540	  Magnt	     --	     --	     --	 -0.875
[component_container-11] 
[component_container-11] 	  3.570	   Pose	 -2.157	 -2.034	  1.488	 -0.898
[component_container-11] 	  3.570	  Twist	  0.102	  0.041	  0.460	 -0.272
[component_container-11] 	  3.570	ErrPose	  0.298	  0.137	  0.009	 -0.006
[component_container-11] 	  3.570	ErrTwis	 -0.056	 -0.000	  0.041	 -0.008
[component_container-11] 	  3.570	    GPS	 -2.214	 -2.125	  1.472	     --
[component_container-11] 	  3.570	   Baro	     --	     --	  1.206	     --
[component_container-11] 	  3.570	  BBias	     --	     --	 -0.303	     --
[component_container-11] 	  3.570	  Sonar	     --	     --	  1.480	     --
[component_container-11] 	  3.570	  Magnt	     --	     --	     --	 -0.872
[component_container-11] 
[component_container-11] 	  3.600	   Pose	 -2.154	 -2.033	  1.505	 -0.906
[component_container-11] 	  3.600	  Twist	  0.104	  0.041	  0.465	 -0.278
[component_container-11] 	  3.600	ErrPose	  0.297	  0.135	  0.012	 -0.009
[component_container-11] 	  3.600	ErrTwis	 -0.058	 -0.001	  0.036	 -0.002
[component_container-11] 	  3.600	    GPS	 -2.214	 -2.125	  1.472	     --
[component_container-11] 	  3.600	   Baro	     --	     --	  1.206	     --
[component_container-11] 	  3.600	  BBias	     --	     --	 -0.303	     --
[component_container-11] 	  3.600	  Sonar	     --	     --	  1.507	     --
[component_container-11] 	  3.600	  Magnt	     --	     --	     --	 -0.872
[component_container-11] 
[component_container-11] 	  3.640	   Pose	 -2.149	 -2.032	  1.521	 -0.917
[component_container-11] 	  3.640	  Twist	  0.107	  0.040	  0.458	 -0.282
[component_container-11] 	  3.640	ErrPose	  0.295	  0.133	  0.016	 -0.010
[component_container-11] 	  3.640	ErrTwis	 -0.061	 -0.001	  0.043	  0.002
[component_container-11] 	  3.640	    GPS	 -2.214	 -2.125	  1.472	     --
[component_container-11] 	  3.640	   Baro	     --	     --	  1.207	     --
[component_container-11] 	  3.640	  BBias	     --	     --	 -0.303	     --
[component_container-11] 	  3.640	  Sonar	     --	     --	  1.509	     --
[component_container-11] 	  3.640	  Magnt	     --	     --	     --	 -0.898
[component_container-11] 
[component_container-11] 	  3.670	   Pose	 -2.146	 -2.030	  1.536	 -0.925
[component_container-11] 	  3.670	  Twist	  0.109	  0.040	  0.460	 -0.274
[component_container-11] 	  3.670	ErrPose	  0.293	  0.131	  0.011	 -0.007
[component_container-11] 	  3.670	ErrTwis	 -0.064	 -0.001	  0.041	 -0.006
[component_container-11] 	  3.670	    GPS	 -2.214	 -2.125	  1.472	     --
[component_container-11] 	  3.670	   Baro	     --	     --	  1.424	     --
[component_container-11] 	  3.670	  BBias	     --	     --	 -0.300	     --
[component_container-11] 	  3.670	  Sonar	     --	     --	  1.509	     --
[component_container-11] 	  3.670	  Magnt	     --	     --	     --	 -0.918
[component_container-11] 
[component_container-11] 	  3.700	   Pose	 -2.143	 -2.029	  1.549	 -0.933
[component_container-11] 	  3.700	  Twist	  0.112	  0.039	  0.456	 -0.276
[component_container-11] 	  3.700	ErrPose	  0.292	  0.130	  0.018	 -0.010
[component_container-11] 	  3.700	ErrTwis	 -0.067	 -0.002	  0.045	 -0.004
[component_container-11] 	  3.700	    GPS	 -2.214	 -2.125	  1.472	     --
[component_container-11] 	  3.700	   Baro	     --	     --	  1.424	     --
[component_container-11] 	  3.700	  BBias	     --	     --	 -0.300	     --
[component_container-11] 	  3.700	  Sonar	     --	     --	  1.536	     --
[component_container-11] 	  3.700	  Magnt	     --	     --	     --	 -0.918
[component_container-11] 
[component_container-11] 	  3.740	   Pose	 -2.138	 -2.028	  1.570	 -0.945
[component_container-11] 	  3.740	  Twist	  0.114	  0.039	  0.461	 -0.277
[component_container-11] 	  3.740	ErrPose	  0.290	  0.127	  0.017	 -0.010
[component_container-11] 	  3.740	ErrTwis	 -0.069	 -0.002	  0.040	 -0.003
[component_container-11] 	  3.740	    GPS	 -2.214	 -2.125	  1.472	     --
[component_container-11] 	  3.740	   Baro	     --	     --	  1.387	     --
[component_container-11] 	  3.740	  BBias	     --	     --	 -0.299	     --
[component_container-11] 	  3.740	  Sonar	     --	     --	  1.573	     --
[component_container-11] 	  3.740	  Magnt	     --	     --	     --	 -0.951
[component_container-11] 
[component_container-11] 	  3.770	   Pose	 -2.135	 -2.026	  1.585	 -0.953
[component_container-11] 	  3.770	  Twist	  0.116	  0.038	  0.462	 -0.268
[component_container-11] 	  3.770	ErrPose	  0.288	  0.126	  0.012	 -0.007
[component_container-11] 	  3.770	ErrTwis	 -0.072	 -0.002	  0.039	 -0.012
[component_container-11] 	  3.770	    GPS	 -2.214	 -2.125	  1.472	     --
[component_container-11] 	  3.770	   Baro	     --	     --	  1.408	     --
[component_container-11] 	  3.770	  BBias	     --	     --	 -0.297	     --
[component_container-11] 	  3.770	  Sonar	     --	     --	  1.573	     --
[component_container-11] 	  3.770	  Magnt	     --	     --	     --	 -0.970
[component_container-11] 
[component_container-11] 	  3.800	   Pose	 -2.131	 -2.025	  1.594	 -0.961
[component_container-11] 	  3.800	  Twist	  0.119	  0.038	  0.450	 -0.288
[component_container-11] 	  3.800	ErrPose	  0.286	  0.124	  0.023	 -0.010
[component_container-11] 	  3.800	ErrTwis	 -0.075	 -0.001	  0.051	  0.008
[component_container-11] 	  3.800	    GPS	 -2.214	 -2.125	  1.472	     --
[component_container-11] 	  3.800	   Baro	     --	     --	  1.408	     --
[component_container-11] 	  3.800	  BBias	     --	     --	 -0.297	     --
[component_container-11] 	  3.800	  Sonar	     --	     --	  1.569	     --
[component_container-11] 	  3.800	  Magnt	     --	     --	     --	 -0.970
[component_container-11] 
[component_container-11] 	  3.840	   Pose	 -2.127	 -2.024	  1.615	 -0.973
[component_container-11] 	  3.840	  Twist	  0.122	  0.038	  0.454	 -0.272
[component_container-11] 	  3.840	ErrPose	  0.284	  0.122	  0.023	 -0.009
[component_container-11] 	  3.840	ErrTwis	 -0.079	 -0.000	  0.048	 -0.008
[component_container-11] 	  3.840	    GPS	 -2.214	 -2.125	  1.472	     --
[component_container-11] 	  3.840	   Baro	     --	     --	  1.079	     --
[component_container-11] 	  3.840	  BBias	     --	     --	 -0.300	     --
[component_container-11] 	  3.840	  Sonar	     --	     --	  1.626	     --
[component_container-11] 	  3.840	  Magnt	     --	     --	     --	 -1.007
[component_container-11] 
[component_container-11] 	  3.870	   Pose	 -2.123	 -2.023	  1.630	 -0.983
[component_container-11] 	  3.870	  Twist	  0.124	  0.038	  0.456	 -0.284
[component_container-11] 	  3.870	ErrPose	  0.281	  0.121	  0.018	 -0.006
[component_container-11] 	  3.870	ErrTwis	 -0.081	  0.001	  0.046	  0.004
[component_container-11] 	  3.870	    GPS	 -2.214	 -2.125	  1.472	     --
[component_container-11] 	  3.870	   Baro	     --	     --	  1.529	     --
[component_container-11] 	  3.870	  BBias	     --	     --	 -0.297	     --
[component_container-11] 	  3.870	  Sonar	     --	     --	  1.626	     --
[component_container-11] 	  3.870	  Magnt	     --	     --	     --	 -1.023
[component_container-11] 
[component_container-11] 	  3.900	   Pose	 -2.119	 -2.022	  1.649	 -0.991
[component_container-11] 	  3.900	  Twist	  0.125	  0.038	  0.466	 -0.275
[component_container-11] 	  3.900	ErrPose	  0.280	  0.119	  0.019	 -0.008
[component_container-11] 	  3.900	ErrTwis	 -0.083	  0.001	  0.036	 -0.005
[component_container-11] 	  3.900	    GPS	 -2.214	 -2.125	  1.472	     --
[component_container-11] 	  3.900	   Baro	     --	     --	  1.529	     --
[component_container-11] 	  3.900	  BBias	     --	     --	 -0.297	     --
[component_container-11] 	  3.900	  Sonar	     --	     --	  1.654	     --
[component_container-11] 	  3.900	  Magnt	     --	     --	     --	 -1.023
[component_container-11] 
[component_container-11] 	  3.940	   Pose	 -2.114	 -2.020	  1.667	 -1.002
[component_container-11] 	  3.940	  Twist	  0.128	  0.037	  0.464	 -0.275
[component_container-11] 	  3.940	ErrPose	  0.277	  0.117	  0.020	 -0.009
[component_container-11] 	  3.940	ErrTwis	 -0.087	  0.002	  0.038	 -0.005
[component_container-11] 	  3.940	    GPS	 -2.214	 -2.125	  1.472	     --
[component_container-11] 	  3.940	   Baro	     --	     --	  1.148	     --
[component_container-11] 	  3.940	  BBias	     --	     --	 -0.300	     --
[component_container-11] 	  3.940	  Sonar	     --	     --	  1.668	     --
[component_container-11] 	  3.940	  Magnt	     --	     --	     --	 -0.997
[component_container-11] 
[component_container-11] 	  3.970	   Pose	 -2.110	 -2.019	  1.682	 -1.010
[component_container-11] 	  3.970	  Twist	  0.130	  0.037	  0.464	 -0.268
[component_container-11] 	  3.970	ErrPose	  0.274	  0.116	  0.016	 -0.006
[component_container-11] 	  3.970	ErrTwis	 -0.089	  0.002	  0.037	 -0.012
[component_container-11] 	  3.970	    GPS	 -2.214	 -2.125	  1.472	     --
[component_container-11] 	  3.970	   Baro	     --	     --	  1.480	     --
[component_container-11] 	  3.970	  BBias	     --	     --	 -0.299	     --
[component_container-11] 	  3.970	  Sonar	     --	     --	  1.668	     --
[component_container-11] 	  3.970	  Magnt	     --	     --	     --	 -1.007
[component_container-11] 
[component_container-11] [INFO] [1775320683.489945630] [drone.controller]: cmd_vel body=(0.011, 0.025, 0.500) yaw=-0.300 | odom_received=true | plan_points=34
[component_container-11] 	  4.000	   Pose	 -2.106	 -2.018	  1.703	 -1.019
[component_container-11] 	  4.000	  Twist	  0.132	  0.037	  0.480	 -0.269
[component_container-11] 	  4.000	ErrPose	  0.272	  0.114	  0.014	 -0.009
[component_container-11] 	  4.000	ErrTwis	 -0.092	  0.003	  0.022	 -0.011
[component_container-11] 	  4.000	    GPS	 -2.214	 -2.125	  1.472	     --
[component_container-11] 	  4.000	   Baro	     --	     --	  1.480	     --
[component_container-11] 	  4.000	  BBias	     --	     --	 -0.299	     --
[component_container-11] 	  4.000	  Sonar	     --	     --	  1.721	     --
[component_container-11] 	  4.000	  Magnt	     --	     --	     --	 -1.007
[component_container-11] 
[component_container-11] [INFO] [1775320683.490208732] [drone.estimator]: TMP LOG err_xyz=(0.272, 0.114, 0.014) | z_est=1.703 vz_est=0.480 bias=-0.299 | gps_z=1.472 sonar=1.721 baro=1.480
[component_container-11] 	  4.040	   Pose	 -2.115	 -1.994	  1.722	 -1.030
[component_container-11] 	  4.040	  Twist	  0.130	  0.045	  0.476	 -0.281
[component_container-11] 	  4.040	ErrPose	  0.283	  0.089	  0.016	 -0.009
[component_container-11] 	  4.040	ErrTwis	 -0.091	 -0.005	  0.025	  0.001
[component_container-11] 	  4.040	    GPS	 -2.152	 -1.943	  1.723	     --
[component_container-11] 	  4.040	   Baro	     --	     --	  1.451	     --
[component_container-11] 	  4.040	  BBias	     --	     --	 -0.299	     --
[component_container-11] 	  4.040	  Sonar	     --	     --	  1.714	     --
[component_container-11] 	  4.040	  Magnt	     --	     --	     --	 -1.034
[component_container-11] 
[component_container-11] 	  4.070	   Pose	 -2.111	 -1.992	  1.736	 -1.039
[component_container-11] 	  4.070	  Twist	  0.132	  0.044	  0.474	 -0.275
[component_container-11] 	  4.070	ErrPose	  0.280	  0.088	  0.012	 -0.005
[component_container-11] 	  4.070	ErrTwis	 -0.093	 -0.004	  0.028	 -0.005
[component_container-11] 	  4.070	    GPS	 -2.152	 -1.943	  1.723	     --
[component_container-11] 	  4.070	   Baro	     --	     --	  1.409	     --
[component_container-11] 	  4.070	  BBias	     --	     --	 -0.299	     --
[component_container-11] 	  4.070	  Sonar	     --	     --	  1.714	     --
[component_container-11] 	  4.070	  Magnt	     --	     --	     --	 -1.078
[component_container-11] 
[component_container-11] 	  4.100	   Pose	 -2.107	 -1.991	  1.748	 -1.047
[component_container-11] 	  4.100	  Twist	  0.134	  0.044	  0.466	 -0.272
[component_container-11] 	  4.100	ErrPose	  0.278	  0.086	  0.020	 -0.008
[component_container-11] 	  4.100	ErrTwis	 -0.096	 -0.004	  0.035	 -0.008
[component_container-11] 	  4.100	    GPS	 -2.152	 -1.943	  1.723	     --
[component_container-11] 	  4.100	   Baro	     --	     --	  1.409	     --
[component_container-11] 	  4.100	  BBias	     --	     --	 -0.299	     --
[component_container-11] 	  4.100	  Sonar	     --	     --	  1.728	     --
[component_container-11] 	  4.100	  Magnt	     --	     --	     --	 -1.078
[component_container-11] 
[component_container-11] 	  4.140	   Pose	 -2.101	 -1.989	  1.768	 -1.059
[component_container-11] 	  4.140	  Twist	  0.136	  0.044	  0.467	 -0.279
[component_container-11] 	  4.140	ErrPose	  0.275	  0.084	  0.020	 -0.008
[component_container-11] 	  4.140	ErrTwis	 -0.100	 -0.004	  0.034	 -0.001
[component_container-11] 	  4.140	    GPS	 -2.152	 -1.943	  1.723	     --
[component_container-11] 	  4.140	   Baro	     --	     --	  1.540	     --
[component_container-11] 	  4.140	  BBias	     --	     --	 -0.298	     --
[component_container-11] 	  4.140	  Sonar	     --	     --	  1.767	     --
[component_container-11] 	  4.140	  Magnt	     --	     --	     --	 -1.095
[component_container-11] 
[component_container-11] 	  4.170	   Pose	 -2.097	 -1.988	  1.784	 -1.067
[component_container-11] 	  4.170	  Twist	  0.138	  0.043	  0.469	 -0.287
[component_container-11] 	  4.170	ErrPose	  0.272	  0.082	  0.014	 -0.005
[component_container-11] 	  4.170	ErrTwis	 -0.102	 -0.004	  0.032	  0.007
[component_container-11] 	  4.170	    GPS	 -2.152	 -1.943	  1.723	     --
[component_container-11] 	  4.170	   Baro	     --	     --	  1.710	     --
[component_container-11] 	  4.170	  BBias	     --	     --	 -0.295	     --
[component_container-11] 	  4.170	  Sonar	     --	     --	  1.767	     --
[component_container-11] 	  4.170	  Magnt	     --	     --	     --	 -1.049
[component_container-11] 
[component_container-11] 	  4.200	   Pose	 -2.093	 -1.987	  1.796	 -1.075
[component_container-11] 	  4.200	  Twist	  0.141	  0.043	  0.465	 -0.278
[component_container-11] 	  4.200	ErrPose	  0.269	  0.080	  0.022	 -0.008
[component_container-11] 	  4.200	ErrTwis	 -0.106	 -0.005	  0.037	 -0.002
[component_container-11] 	  4.200	    GPS	 -2.152	 -1.943	  1.723	     --
[component_container-11] 	  4.200	   Baro	     --	     --	  1.710	     --
[component_container-11] 	  4.200	  BBias	     --	     --	 -0.295	     --
[component_container-11] 	  4.200	  Sonar	     --	     --	  1.782	     --
[component_container-11] 	  4.200	  Magnt	     --	     --	     --	 -1.049
[component_container-11] 
[component_container-11] 	  4.240	   Pose	 -2.087	 -1.985	  1.816	 -1.087
[component_container-11] 	  4.240	  Twist	  0.144	  0.042	  0.465	 -0.284
[component_container-11] 	  4.240	ErrPose	  0.265	  0.078	  0.022	 -0.008
[component_container-11] 	  4.240	ErrTwis	 -0.110	 -0.004	  0.036	  0.004
[component_container-11] 	  4.240	    GPS	 -2.152	 -1.943	  1.723	     --
[component_container-11] 	  4.240	   Baro	     --	     --	  1.536	     --
[component_container-11] 	  4.240	  BBias	     --	     --	 -0.295	     --
[component_container-11] 	  4.240	  Sonar	     --	     --	  1.814	     --
[component_container-11] 	  4.240	  Magnt	     --	     --	     --	 -1.087
[component_container-11] 
[component_container-11] 	  4.270	   Pose	 -2.083	 -1.984	  1.832	 -1.095
[component_container-11] 	  4.270	  Twist	  0.146	  0.042	  0.468	 -0.278
[component_container-11] 	  4.270	ErrPose	  0.262	  0.077	  0.017	 -0.005
[component_container-11] 	  4.270	ErrTwis	 -0.112	 -0.004	  0.033	 -0.002
[component_container-11] 	  4.270	    GPS	 -2.152	 -1.943	  1.723	     --
[component_container-11] 	  4.270	   Baro	     --	     --	  1.816	     --
[component_container-11] 	  4.270	  BBias	     --	     --	 -0.291	     --
[component_container-11] 	  4.270	  Sonar	     --	     --	  1.814	     --
[component_container-11] 	  4.270	  Magnt	     --	     --	     --	 -1.108
[component_container-11] 
[component_container-11] 	  4.300	   Pose	 -2.079	 -1.982	  1.849	 -1.103
[component_container-11] 	  4.300	  Twist	  0.148	  0.042	  0.473	 -0.278
[component_container-11] 	  4.300	ErrPose	  0.259	  0.075	  0.020	 -0.008
[component_container-11] 	  4.300	ErrTwis	 -0.115	 -0.005	  0.028	 -0.002
[component_container-11] 	  4.300	    GPS	 -2.152	 -1.943	  1.723	     --
[component_container-11] 	  4.300	   Baro	     --	     --	  1.816	     --
[component_container-11] 	  4.300	  BBias	     --	     --	 -0.291	     --
[component_container-11] 	  4.300	  Sonar	     --	     --	  1.850	     --
[component_container-11] 	  4.300	  Magnt	     --	     --	     --	 -1.108
[component_container-11] 
[component_container-11] 	  4.340	   Pose	 -2.073	 -1.981	  1.874	 -1.115
[component_container-11] 	  4.340	  Twist	  0.150	  0.041	  0.486	 -0.272
[component_container-11] 	  4.340	ErrPose	  0.255	  0.073	  0.014	 -0.008
[component_container-11] 	  4.340	ErrTwis	 -0.119	 -0.005	  0.016	 -0.008
[component_container-11] 	  4.340	    GPS	 -2.152	 -1.943	  1.723	     --
[component_container-11] 	  4.340	   Baro	     --	     --	  1.567	     --
[component_container-11] 	  4.340	  BBias	     --	     --	 -0.292	     --
[component_container-11] 	  4.340	  Sonar	     --	     --	  1.894	     --
[component_container-11] 	  4.340	  Magnt	     --	     --	     --	 -1.115
[component_container-11] 
[component_container-11] 	  4.370	   Pose	 -2.068	 -1.979	  1.889	 -1.123
[component_container-11] 	  4.370	  Twist	  0.152	  0.041	  0.484	 -0.269
[component_container-11] 	  4.370	ErrPose	  0.252	  0.071	  0.010	 -0.005
[component_container-11] 	  4.370	ErrTwis	 -0.121	 -0.005	  0.018	 -0.011
[component_container-11] 	  4.370	    GPS	 -2.152	 -1.943	  1.723	     --
[component_container-11] 	  4.370	   Baro	     --	     --	  1.598	     --
[component_container-11] 	  4.370	  BBias	     --	     --	 -0.292	     --
[component_container-11] 	  4.370	  Sonar	     --	     --	  1.894	     --
[component_container-11] 	  4.370	  Magnt	     --	     --	     --	 -1.123
[component_container-11] 
[component_container-11] 	  4.400	   Pose	 -2.064	 -1.978	  1.910	 -1.131
[component_container-11] 	  4.400	  Twist	  0.155	  0.040	  0.497	 -0.285
[component_container-11] 	  4.400	ErrPose	  0.249	  0.070	  0.009	 -0.008
[component_container-11] 	  4.400	ErrTwis	 -0.124	 -0.005	  0.005	  0.005
[component_container-11] 	  4.400	    GPS	 -2.152	 -1.943	  1.723	     --
[component_container-11] 	  4.400	   Baro	     --	     --	  1.598	     --
[component_container-11] 	  4.400	  BBias	     --	     --	 -0.292	     --
[component_container-11] 	  4.400	  Sonar	     --	     --	  1.918	     --
[component_container-11] 	  4.400	  Magnt	     --	     --	     --	 -1.123
[component_container-11] 
[component_container-11] 	  4.440	   Pose	 -2.057	 -1.977	  1.937	 -1.143
[component_container-11] 	  4.440	  Twist	  0.157	  0.039	  0.511	 -0.290
[component_container-11] 	  4.440	ErrPose	  0.244	  0.067	  0.002	 -0.008
[component_container-11] 	  4.440	ErrTwis	 -0.128	 -0.006	 -0.010	  0.011
[component_container-11] 	  4.440	    GPS	 -2.152	 -1.943	  1.723	     --
[component_container-11] 	  4.440	   Baro	     --	     --	  1.520	     --
[component_container-11] 	  4.440	  BBias	     --	     --	 -0.293	     --
[component_container-11] 	  4.440	  Sonar	     --	     --	  1.961	     --
[component_container-11] 	  4.440	  Magnt	     --	     --	     --	 -1.161
[component_container-11] 
[component_container-11] 	  4.470	   Pose	 -2.053	 -1.975	  1.953	 -1.151
[component_container-11] 	  4.470	  Twist	  0.159	  0.039	  0.511	 -0.263
[component_container-11] 	  4.470	ErrPose	  0.240	  0.066	 -0.004	 -0.005
[component_container-11] 	  4.470	ErrTwis	 -0.130	 -0.006	 -0.009	 -0.017
[component_container-11] 	  4.470	    GPS	 -2.152	 -1.943	  1.723	     --
[component_container-11] 	  4.470	   Baro	     --	     --	  1.724	     --
[component_container-11] 	  4.470	  BBias	     --	     --	 -0.293	     --
[component_container-11] 	  4.470	  Sonar	     --	     --	  1.961	     --
[component_container-11] 	  4.470	  Magnt	     --	     --	     --	 -1.150
[component_container-11] 
[component_container-11] 	  4.500	   Pose	 -2.048	 -1.974	  1.970	 -1.159
[component_container-11] 	  4.500	  Twist	  0.161	  0.038	  0.513	 -0.279
[component_container-11] 	  4.500	ErrPose	  0.237	  0.064	 -0.001	 -0.008
[component_container-11] 	  4.500	ErrTwis	 -0.133	 -0.006	 -0.012	 -0.001
[component_container-11] 	  4.500	    GPS	 -2.152	 -1.943	  1.723	     --
[component_container-11] 	  4.500	   Baro	     --	     --	  1.724	     --
[component_container-11] 	  4.500	  BBias	     --	     --	 -0.293	     --
[component_container-11] 	  4.500	  Sonar	     --	     --	  1.962	     --
[component_container-11] 	  4.500	  Magnt	     --	     --	     --	 -1.150
[component_container-11] 
[component_container-11] 	  4.540	   Pose	 -2.021	 -2.049	  1.990	 -1.172
[component_container-11] 	  4.540	  Twist	  0.170	  0.013	  0.511	 -0.289
[component_container-11] 	  4.540	ErrPose	  0.211	  0.138	 -0.002	 -0.007
[component_container-11] 	  4.540	ErrTwis	 -0.143	  0.018	 -0.009	  0.009
[component_container-11] 	  4.540	    GPS	 -1.977	 -2.229	  1.974	     --
[component_container-11] 	  4.540	   Baro	     --	     --	  1.677	     --
[component_container-11] 	  4.540	  BBias	     --	     --	 -0.293	     --
[component_container-11] 	  4.540	  Sonar	     --	     --	  1.986	     --
[component_container-11] 	  4.540	  Magnt	     --	     --	     --	 -1.213
[component_container-11] 
[component_container-11] 	  4.570	   Pose	 -2.016	 -2.048	  2.005	 -1.179
[component_container-11] 	  4.570	  Twist	  0.172	  0.012	  0.509	 -0.268
[component_container-11] 	  4.570	ErrPose	  0.207	  0.138	 -0.007	 -0.005
[component_container-11] 	  4.570	ErrTwis	 -0.145	  0.018	 -0.007	 -0.012
[component_container-11] 	  4.570	    GPS	 -1.977	 -2.229	  1.974	     --
[component_container-11] 	  4.570	   Baro	     --	     --	  1.658	     --
[component_container-11] 	  4.570	  BBias	     --	     --	 -0.293	     --
[component_container-11] 	  4.570	  Sonar	     --	     --	  1.986	     --
[component_container-11] 	  4.570	  Magnt	     --	     --	     --	 -1.163
[component_container-11] 
[component_container-11] 	  4.600	   Pose	 -2.010	 -2.048	  2.024	 -1.188
[component_container-11] 	  4.600	  Twist	  0.174	  0.011	  0.515	 -0.274
[component_container-11] 	  4.600	ErrPose	  0.203	  0.137	 -0.005	 -0.008
[component_container-11] 	  4.600	ErrTwis	 -0.148	  0.018	 -0.013	 -0.006
[component_container-11] 	  4.600	    GPS	 -1.977	 -2.229	  1.974	     --
[component_container-11] 	  4.600	   Baro	     --	     --	  1.658	     --
[component_container-11] 	  4.600	  BBias	     --	     --	 -0.293	     --
[component_container-11] 	  4.600	  Sonar	     --	     --	  2.025	     --
[component_container-11] 	  4.600	  Magnt	     --	     --	     --	 -1.163
[component_container-11] 
[component_container-11] 	  4.640	   Pose	 -2.003	 -2.048	  2.041	 -1.199
[component_container-11] 	  4.640	  Twist	  0.176	  0.009	  0.504	 -0.287
[component_container-11] 	  4.640	ErrPose	  0.197	  0.136	 -0.002	 -0.007
[component_container-11] 	  4.640	ErrTwis	 -0.151	  0.018	 -0.002	  0.007
[component_container-11] 	  4.640	    GPS	 -1.977	 -2.229	  1.974	     --
[component_container-11] 	  4.640	   Baro	     --	     --	  1.800	     --
[component_container-11] 	  4.640	  BBias	     --	     --	 -0.293	     --
[component_container-11] 	  4.640	  Sonar	     --	     --	  2.021	     --
[component_container-11] 	  4.640	  Magnt	     --	     --	     --	 -1.222
[component_container-11] 
[component_container-11] 	  4.670	   Pose	 -1.998	 -2.047	  2.055	 -1.207
[component_container-11] 	  4.670	  Twist	  0.178	  0.009	  0.501	 -0.277
[component_container-11] 	  4.670	ErrPose	  0.192	  0.135	 -0.006	 -0.005
[component_container-11] 	  4.670	ErrTwis	 -0.154	  0.018	  0.001	 -0.003
[component_container-11] 	  4.670	    GPS	 -1.977	 -2.229	  1.974	     --
[component_container-11] 	  4.670	   Baro	     --	     --	  1.649	     --
[component_container-11] 	  4.670	  BBias	     --	     --	 -0.294	     --
[component_container-11] 	  4.670	  Sonar	     --	     --	  2.021	     --
[component_container-11] 	  4.670	  Magnt	     --	     --	     --	 -1.164
[component_container-11] 
[component_container-11] 	  4.700	   Pose	 -1.993	 -2.047	  2.068	 -1.215
[component_container-11] 	  4.700	  Twist	  0.180	  0.009	  0.494	 -0.279
[component_container-11] 	  4.700	ErrPose	  0.188	  0.134	  0.001	 -0.008
[component_container-11] 	  4.700	ErrTwis	 -0.156	  0.016	  0.008	 -0.001
[component_container-11] 	  4.700	    GPS	 -1.977	 -2.229	  1.974	     --
[component_container-11] 	  4.700	   Baro	     --	     --	  1.649	     --
[component_container-11] 	  4.700	  BBias	     --	     --	 -0.294	     --
[component_container-11] 	  4.700	  Sonar	     --	     --	  2.049	     --
[component_container-11] 	  4.700	  Magnt	     --	     --	     --	 -1.164
[component_container-11] 
[component_container-11] 	  4.740	   Pose	 -1.985	 -2.047	  2.085	 -1.227
[component_container-11] 	  4.740	  Twist	  0.183	  0.008	  0.486	 -0.270
[component_container-11] 	  4.740	ErrPose	  0.182	  0.134	  0.004	 -0.008
[component_container-11] 	  4.740	ErrTwis	 -0.160	  0.016	  0.016	 -0.010
[component_container-11] 	  4.740	    GPS	 -1.977	 -2.229	  1.974	     --
[component_container-11] 	  4.740	   Baro	     --	     --	  1.847	     --
[component_container-11] 	  4.740	  BBias	     --	     --	 -0.293	     --
[component_container-11] 	  4.740	  Sonar	     --	     --	  2.069	     --
[component_container-11] 	  4.740	  Magnt	     --	     --	     --	 -1.245
[component_container-11] 
[component_container-11] 	  4.770	   Pose	 -1.980	 -2.047	  2.098	 -1.236
[component_container-11] 	  4.770	  Twist	  0.184	  0.007	  0.481	 -0.263
[component_container-11] 	  4.770	ErrPose	  0.177	  0.133	  0.001	 -0.004
[component_container-11] 	  4.770	ErrTwis	 -0.161	  0.015	  0.022	 -0.017
[component_container-11] 	  4.770	    GPS	 -1.977	 -2.229	  1.974	     --
[component_container-11] 	  4.770	   Baro	     --	     --	  1.609	     --
[component_container-11] 	  4.770	  BBias	     --	     --	 -0.295	     --
[component_container-11] 	  4.770	  Sonar	     --	     --	  2.069	     --
[component_container-11] 	  4.770	  Magnt	     --	     --	     --	 -1.265
[component_container-11] 
[component_container-11] 	  4.800	   Pose	 -1.974	 -2.046	  2.107	 -1.244
[component_container-11] 	  4.800	  Twist	  0.186	  0.007	  0.466	 -0.279
[component_container-11] 	  4.800	ErrPose	  0.172	  0.132	  0.012	 -0.007
[component_container-11] 	  4.800	ErrTwis	 -0.165	  0.014	  0.036	 -0.001
[component_container-11] 	  4.800	    GPS	 -1.977	 -2.229	  1.974	     --
[component_container-11] 	  4.800	   Baro	     --	     --	  1.609	     --
[component_container-11] 	  4.800	  BBias	     --	     --	 -0.295	     --
[component_container-11] 	  4.800	  Sonar	     --	     --	  2.073	     --
[component_container-11] 	  4.800	  Magnt	     --	     --	     --	 -1.265
[component_container-11] 
[component_container-11] 	  4.840	   Pose	 -1.967	 -2.046	  2.129	 -1.255
[component_container-11] 	  4.840	  Twist	  0.189	  0.006	  0.471	 -0.271
[component_container-11] 	  4.840	ErrPose	  0.165	  0.132	  0.011	 -0.008
[component_container-11] 	  4.840	ErrTwis	 -0.169	  0.014	  0.032	 -0.009
[component_container-11] 	  4.840	    GPS	 -1.977	 -2.229	  1.974	     --
[component_container-11] 	  4.840	   Baro	     --	     --	  1.766	     --
[component_container-11] 	  4.840	  BBias	     --	     --	 -0.295	     --
[component_container-11] 	  4.840	  Sonar	     --	     --	  2.136	     --
[component_container-11] 	  4.840	  Magnt	     --	     --	     --	 -1.218
[component_container-11] 
[component_container-11] 	  4.870	   Pose	 -1.961	 -2.046	  2.143	 -1.262
[component_container-11] 	  4.870	  Twist	  0.191	  0.005	  0.470	 -0.284
[component_container-11] 	  4.870	ErrPose	  0.160	  0.131	  0.007	 -0.006
[component_container-11] 	  4.870	ErrTwis	 -0.171	  0.014	  0.033	  0.004
[component_container-11] 	  4.870	    GPS	 -1.977	 -2.229	  1.974	     --
[component_container-11] 	  4.870	   Baro	     --	     --	  1.865	     --
[component_container-11] 	  4.870	  BBias	     --	     --	 -0.295	     --
[component_container-11] 	  4.870	  Sonar	     --	     --	  2.136	     --
[component_container-11] 	  4.870	  Magnt	     --	     --	     --	 -1.237
[component_container-11] 
[component_container-11] 	  4.900	   Pose	 -1.955	 -2.046	  2.163	 -1.270
[component_container-11] 	  4.900	  Twist	  0.193	  0.004	  0.484	 -0.274
[component_container-11] 	  4.900	ErrPose	  0.155	  0.131	  0.006	 -0.009
[component_container-11] 	  4.900	ErrTwis	 -0.174	  0.014	  0.019	 -0.006
[component_container-11] 	  4.900	    GPS	 -1.977	 -2.229	  1.974	     --
[component_container-11] 	  4.900	   Baro	     --	     --	  1.865	     --
[component_container-11] 	  4.900	  BBias	     --	     --	 -0.295	     --
[component_container-11] 	  4.900	  Sonar	     --	     --	  2.176	     --
[component_container-11] 	  4.900	  Magnt	     --	     --	     --	 -1.237
[component_container-11] 
[component_container-11] 	  4.940	   Pose	 -1.948	 -2.046	  2.173	 -1.282
[component_container-11] 	  4.940	  Twist	  0.196	  0.002	  0.459	 -0.290
[component_container-11] 	  4.940	ErrPose	  0.148	  0.130	  0.016	 -0.009
[component_container-11] 	  4.940	ErrTwis	 -0.179	  0.013	  0.044	  0.011
[component_container-11] 	  4.940	    GPS	 -1.977	 -2.229	  1.974	     --
[component_container-11] 	  4.940	   Baro	     --	     --	  1.844	     --
[component_container-11] 	  4.940	  BBias	     --	     --	 -0.295	     --
[component_container-11] 	  4.940	  Sonar	     --	     --	  2.136	     --
[component_container-11] 	  4.940	  Magnt	     --	     --	     --	 -1.280
[component_container-11] 
[component_container-11] 	  4.970	   Pose	 -1.942	 -2.046	  2.187	 -1.291
[component_container-11] 	  4.970	  Twist	  0.198	  0.001	  0.456	 -0.276
[component_container-11] 	  4.970	ErrPose	  0.142	  0.130	  0.013	 -0.005
[component_container-11] 	  4.970	ErrTwis	 -0.181	  0.014	  0.046	 -0.004
[component_container-11] 	  4.970	    GPS	 -1.977	 -2.229	  1.974	     --
[component_container-11] 	  4.970	   Baro	     --	     --	  1.835	     --
[component_container-11] 	  4.970	  BBias	     --	     --	 -0.296	     --
[component_container-11] 	  4.970	  Sonar	     --	     --	  2.136	     --
[component_container-11] 	  4.970	  Magnt	     --	     --	     --	 -1.314
[component_container-11] 
[component_container-11] [INFO] [1775320684.491377153] [drone.controller]: cmd_vel body=(-0.026, -0.028, 0.500) yaw=-0.300 | odom_received=true | plan_points=29
[component_container-11] 	  5.000	   Pose	 -1.936	 -2.046	  2.198	 -1.299
[component_container-11] 	  5.000	  Twist	  0.200	 -0.000	  0.449	 -0.278
[component_container-11] 	  5.000	ErrPose	  0.137	  0.129	  0.022	 -0.008
[component_container-11] 	  5.000	ErrTwis	 -0.184	  0.013	  0.054	 -0.002
[component_container-11] 	  5.000	    GPS	 -1.977	 -2.229	  1.974	     --
[component_container-11] 	  5.000	   Baro	     --	     --	  1.835	     --
[component_container-11] 	  5.000	  BBias	     --	     --	 -0.296	     --
[component_container-11] 	  5.000	  Sonar	     --	     --	  2.176	     --
[component_container-11] 	  5.000	  Magnt	     --	     --	     --	 -1.314
[component_container-11] 
[component_container-11] [INFO] [1775320684.491759707] [drone.estimator]: TMP LOG err_xyz=(0.137, 0.129, 0.022) | z_est=2.198 vz_est=0.449 bias=-0.296 | gps_z=1.974 sonar=2.176 baro=1.835
[component_container-11] 	  5.040	   Pose	 -2.000	 -2.084	  2.221	 -1.311
[component_container-11] 	  5.040	  Twist	  0.180	 -0.014	  0.457	 -0.271
[component_container-11] 	  5.040	ErrPose	  0.201	  0.167	  0.019	 -0.008
[component_container-11] 	  5.040	ErrTwis	 -0.165	  0.025	  0.046	 -0.009
[component_container-11] 	  5.040	    GPS	 -2.181	 -2.177	  2.225	     --
[component_container-11] 	  5.040	   Baro	     --	     --	  1.984	     --
[component_container-11] 	  5.040	  BBias	     --	     --	 -0.295	     --
[component_container-11] 	  5.040	  Sonar	     --	     --	  2.225	     --
[component_container-11] 	  5.040	  Magnt	     --	     --	     --	 -1.318
[component_container-11] 
[component_container-11] 	  5.070	   Pose	 -1.995	 -2.084	  2.235	 -1.320
[component_container-11] 	  5.070	  Twist	  0.182	 -0.014	  0.456	 -0.273
[component_container-11] 	  5.070	ErrPose	  0.196	  0.167	  0.016	 -0.004
[component_container-11] 	  5.070	ErrTwis	 -0.167	  0.024	  0.047	 -0.007
[component_container-11] 	  5.070	    GPS	 -2.181	 -2.177	  2.225	     --
[component_container-11] 	  5.070	   Baro	     --	     --	  1.973	     --
[component_container-11] 	  5.070	  BBias	     --	     --	 -0.295	     --
[component_container-11] 	  5.070	  Sonar	     --	     --	  2.225	     --
[component_container-11] 	  5.070	  Magnt	     --	     --	     --	 -1.366
[component_container-11] 
[component_container-11] 	  5.100	   Pose	 -1.989	 -2.085	  2.253	 -1.328
[component_container-11] 	  5.100	  Twist	  0.183	 -0.016	  0.466	 -0.290
[component_container-11] 	  5.100	ErrPose	  0.191	  0.168	  0.017	 -0.007
[component_container-11] 	  5.100	ErrTwis	 -0.170	  0.023	  0.037	  0.010
[component_container-11] 	  5.100	    GPS	 -2.181	 -2.177	  2.225	     --
[component_container-11] 	  5.100	   Baro	     --	     --	  1.973	     --
[component_container-11] 	  5.100	  BBias	     --	     --	 -0.295	     --
[component_container-11] 	  5.100	  Sonar	     --	     --	  2.258	     --
[component_container-11] 	  5.100	  Magnt	     --	     --	     --	 -1.366
[component_container-11] 
[component_container-11] 	  5.140	   Pose	 -1.982	 -2.086	  2.277	 -1.339
[component_container-11] 	  5.140	  Twist	  0.186	 -0.017	  0.476	 -0.288
[component_container-11] 	  5.140	ErrPose	  0.184	  0.168	  0.013	 -0.007
[component_container-11] 	  5.140	ErrTwis	 -0.174	  0.023	  0.028	  0.008
[component_container-11] 	  5.140	    GPS	 -2.181	 -2.177	  2.225	     --
[component_container-11] 	  5.140	   Baro	     --	     --	  1.906	     --
[component_container-11] 	  5.140	  BBias	     --	     --	 -0.296	     --
[component_container-11] 	  5.140	  Sonar	     --	     --	  2.288	     --
[component_container-11] 	  5.140	  Magnt	     --	     --	     --	 -1.306
[component_container-11] 
[component_container-11] 	  5.170	   Pose	 -1.976	 -2.086	  2.291	 -1.347
[component_container-11] 	  5.170	  Twist	  0.187	 -0.018	  0.473	 -0.287
[component_container-11] 	  5.170	ErrPose	  0.178	  0.168	  0.010	 -0.005
[component_container-11] 	  5.170	ErrTwis	 -0.175	  0.022	  0.030	  0.007
[component_container-11] 	  5.170	    GPS	 -2.181	 -2.177	  2.225	     --
[component_container-11] 	  5.170	   Baro	     --	     --	  1.958	     --
[component_container-11] 	  5.170	  BBias	     --	     --	 -0.296	     --
[component_container-11] 	  5.170	  Sonar	     --	     --	  2.288	     --
[component_container-11] 	  5.170	  Magnt	     --	     --	     --	 -1.329
[component_container-11] 
[component_container-11] 	  5.200	   Pose	 -1.970	 -2.087	  2.312	 -1.355
[component_container-11] 	  5.200	  Twist	  0.189	 -0.019	  0.486	 -0.257
[component_container-11] 	  5.200	ErrPose	  0.172	  0.168	  0.009	 -0.008
[component_container-11] 	  5.200	ErrTwis	 -0.178	  0.020	  0.017	 -0.023
[component_container-11] 	  5.200	    GPS	 -2.181	 -2.177	  2.225	     --
[component_container-11] 	  5.200	   Baro	     --	     --	  1.958	     --
[component_container-11] 	  5.200	  BBias	     --	     --	 -0.296	     --
[component_container-11] 	  5.200	  Sonar	     --	     --	  2.320	     --
[component_container-11] 	  5.200	  Magnt	     --	     --	     --	 -1.329
[component_container-11] 
[component_container-11] 	  5.240	   Pose	 -1.963	 -2.087	  2.331	 -1.366
[component_container-11] 	  5.240	  Twist	  0.192	 -0.020	  0.482	 -0.275
[component_container-11] 	  5.240	ErrPose	  0.165	  0.169	  0.010	 -0.008
[component_container-11] 	  5.240	ErrTwis	 -0.182	  0.019	  0.022	 -0.004
[component_container-11] 	  5.240	    GPS	 -2.181	 -2.177	  2.225	     --
[component_container-11] 	  5.240	   Baro	     --	     --	  1.996	     --
[component_container-11] 	  5.240	  BBias	     --	     --	 -0.296	     --
[component_container-11] 	  5.240	  Sonar	     --	     --	  2.320	     --
[component_container-11] 	  5.240	  Magnt	     --	     --	     --	 -1.359
[component_container-11] 
[component_container-11] 	  5.270	   Pose	 -1.957	 -2.088	  2.344	 -1.375
[component_container-11] 	  5.270	  Twist	  0.193	 -0.022	  0.478	 -0.284
[component_container-11] 	  5.270	ErrPose	  0.159	  0.169	  0.007	 -0.005
[component_container-11] 	  5.270	ErrTwis	 -0.185	  0.020	  0.026	  0.005
[component_container-11] 	  5.270	    GPS	 -2.181	 -2.177	  2.225	     --
[component_container-11] 	  5.270	   Baro	     --	     --	  1.922	     --
[component_container-11] 	  5.270	  BBias	     --	     --	 -0.297	     --
[component_container-11] 	  5.270	  Sonar	     --	     --	  2.320	     --
[component_container-11] 	  5.270	  Magnt	     --	     --	     --	 -1.377
[component_container-11] 
[component_container-11] 	  5.300	   Pose	 -1.951	 -2.089	  2.362	 -1.383
[component_container-11] 	  5.300	  Twist	  0.195	 -0.022	  0.484	 -0.277
[component_container-11] 	  5.300	ErrPose	  0.153	  0.170	  0.009	 -0.008
[component_container-11] 	  5.300	ErrTwis	 -0.188	  0.020	  0.020	 -0.002
[component_container-11] 	  5.300	    GPS	 -2.181	 -2.177	  2.225	     --
[component_container-11] 	  5.300	   Baro	     --	     --	  1.922	     --
[component_container-11] 	  5.300	  BBias	     --	     --	 -0.298	     --
[component_container-11] 	  5.300	  Sonar	     --	     --	  2.366	     --
[component_container-11] 	  5.300	  Magnt	     --	     --	     --	 -1.377
[component_container-11] 
[component_container-11] 	  5.340	   Pose	 -1.943	 -2.090	  2.385	 -1.394
[component_container-11] 	  5.340	  Twist	  0.199	 -0.023	  0.490	 -0.273
[component_container-11] 	  5.340	ErrPose	  0.145	  0.171	  0.006	 -0.008
[component_container-11] 	  5.340	ErrTwis	 -0.192	  0.021	  0.014	 -0.007
[component_container-11] 	  5.340	    GPS	 -2.181	 -2.177	  2.225	     --
[component_container-11] 	  5.340	   Baro	     --	     --	  2.092	     --
[component_container-11] 	  5.340	  BBias	     --	     --	 -0.297	     --
[component_container-11] 	  5.340	  Sonar	     --	     --	  2.387	     --
[component_container-11] 	  5.340	  Magnt	     --	     --	     --	 -1.367
[component_container-11] 
[component_container-11] 	  5.370	   Pose	 -1.937	 -2.090	  2.404	 -1.402
[component_container-11] 	  5.370	  Twist	  0.201	 -0.025	  0.497	 -0.285
[component_container-11] 	  5.370	ErrPose	  0.139	  0.171	 -0.002	 -0.006
[component_container-11] 	  5.370	ErrTwis	 -0.195	  0.023	  0.006	  0.006
[component_container-11] 	  5.370	    GPS	 -2.181	 -2.177	  2.225	     --
[component_container-11] 	  5.370	   Baro	     --	     --	  2.115	     --
[component_container-11] 	  5.370	  BBias	     --	     --	 -0.297	     --
[component_container-11] 	  5.370	  Sonar	     --	     --	  2.419	     --
[component_container-11] 	  5.370	  Magnt	     --	     --	     --	 -1.373
[component_container-11] 
[component_container-11] 	  5.400	   Pose	 -1.931	 -2.091	  2.419	 -1.410
[component_container-11] 	  5.400	  Twist	  0.203	 -0.026	  0.496	 -0.265
[component_container-11] 	  5.400	ErrPose	  0.133	  0.172	  0.003	 -0.009
[component_container-11] 	  5.400	ErrTwis	 -0.199	  0.024	  0.008	 -0.015
[component_container-11] 	  5.400	    GPS	 -2.181	 -2.177	  2.225	     --
[component_container-11] 	  5.400	   Baro	     --	     --	  2.115	     --
[component_container-11] 	  5.400	  BBias	     --	     --	 -0.297	     --
[component_container-11] 	  5.400	  Sonar	     --	     --	  2.419	     --
[component_container-11] 	  5.400	  Magnt	     --	     --	     --	 -1.373
[component_container-11] 
[component_container-11] 	  5.440	   Pose	 -1.923	 -2.092	  2.439	 -1.422
[component_container-11] 	  5.440	  Twist	  0.205	 -0.028	  0.494	 -0.278
[component_container-11] 	  5.440	ErrPose	  0.125	  0.173	  0.003	 -0.009
[component_container-11] 	  5.440	ErrTwis	 -0.202	  0.026	  0.010	 -0.002
[component_container-11] 	  5.440	    GPS	 -2.181	 -2.177	  2.225	     --
[component_container-11] 	  5.440	   Baro	     --	     --	  2.203	     --
[component_container-11] 	  5.440	  BBias	     --	     --	 -0.297	     --
[component_container-11] 	  5.440	  Sonar	     --	     --	  2.419	     --
[component_container-11] 	  5.440	  Magnt	     --	     --	     --	 -1.442
[component_container-11] 
[component_container-11] 	  5.470	   Pose	 -1.917	 -2.093	  2.459	 -1.429
[component_container-11] 	  5.470	  Twist	  0.207	 -0.029	  0.503	 -0.274
[component_container-11] 	  5.470	ErrPose	  0.118	  0.174	 -0.007	 -0.007
[component_container-11] 	  5.470	ErrTwis	 -0.205	  0.027	  0.001	 -0.006
[component_container-11] 	  5.470	    GPS	 -2.181	 -2.177	  2.225	     --
[component_container-11] 	  5.470	   Baro	     --	     --	  2.191	     --
[component_container-11] 	  5.470	  BBias	     --	     --	 -0.297	     --
[component_container-11] 	  5.470	  Sonar	     --	     --	  2.459	     --
[component_container-11] 	  5.470	  Magnt	     --	     --	     --	 -1.407
[component_container-11] 
[component_container-11] 	  5.500	   Pose	 -1.911	 -2.094	  2.472	 -1.438
[component_container-11] 	  5.500	  Twist	  0.209	 -0.030	  0.497	 -0.279
[component_container-11] 	  5.500	ErrPose	  0.112	  0.175	  0.000	 -0.009
[component_container-11] 	  5.500	ErrTwis	 -0.208	  0.027	  0.007	 -0.001
[component_container-11] 	  5.500	    GPS	 -2.181	 -2.177	  2.225	     --
[component_container-11] 	  5.500	   Baro	     --	     --	  2.191	     --
[component_container-11] 	  5.500	  BBias	     --	     --	 -0.296	     --
[component_container-11] 	  5.500	  Sonar	     --	     --	  2.449	     --
[component_container-11] 	  5.500	  Magnt	     --	     --	     --	 -1.407
[component_container-11] 
[component_container-11] 	  5.540	   Pose	 -1.960	 -2.131	  2.498	 -1.449
[component_container-11] 	  5.540	  Twist	  0.192	 -0.044	  0.511	 -0.259
[component_container-11] 	  5.540	ErrPose	  0.161	  0.212	 -0.006	 -0.010
[component_container-11] 	  5.540	ErrTwis	 -0.193	  0.041	 -0.007	 -0.021
[component_container-11] 	  5.540	    GPS	 -2.106	 -2.218	  2.477	     --
[component_container-11] 	  5.540	   Baro	     --	     --	  2.175	     --
[component_container-11] 	  5.540	  BBias	     --	     --	 -0.297	     --
[component_container-11] 	  5.540	  Sonar	     --	     --	  2.519	     --
[component_container-11] 	  5.540	  Magnt	     --	     --	     --	 -1.444
[component_container-11] 
[component_container-11] 	  5.570	   Pose	 -1.954	 -2.133	  2.510	 -1.458
[component_container-11] 	  5.570	  Twist	  0.194	 -0.046	  0.499	 -0.281
[component_container-11] 	  5.570	ErrPose	  0.155	  0.214	 -0.008	 -0.005
[component_container-11] 	  5.570	ErrTwis	 -0.196	  0.042	  0.004	  0.001
[component_container-11] 	  5.570	    GPS	 -2.106	 -2.218	  2.477	     --
[component_container-11] 	  5.570	   Baro	     --	     --	  2.079	     --
[component_container-11] 	  5.570	  BBias	     --	     --	 -0.298	     --
[component_container-11] 	  5.570	  Sonar	     --	     --	  2.498	     --
[component_container-11] 	  5.570	  Magnt	     --	     --	     --	 -1.520
[component_container-11] 
[component_container-11] 	  5.600	   Pose	 -1.948	 -2.134	  2.525	 -1.467
[component_container-11] 	  5.600	  Twist	  0.196	 -0.048	  0.497	 -0.269
[component_container-11] 	  5.600	ErrPose	  0.148	  0.215	 -0.003	 -0.008
[component_container-11] 	  5.600	ErrTwis	 -0.199	  0.043	  0.007	 -0.011
[component_container-11] 	  5.600	    GPS	 -2.106	 -2.218	  2.477	     --
[component_container-11] 	  5.600	   Baro	     --	     --	  2.079	     --
[component_container-11] 	  5.600	  BBias	     --	     --	 -0.298	     --
[component_container-11] 	  5.600	  Sonar	     --	     --	  2.498	     --
[component_container-11] 	  5.600	  Magnt	     --	     --	     --	 -1.520
[component_container-11] 
[component_container-11] 	  5.640	   Pose	 -1.940	 -2.136	  2.545	 -1.478
[component_container-11] 	  5.640	  Twist	  0.198	 -0.050	  0.495	 -0.288
[component_container-11] 	  5.640	ErrPose	  0.140	  0.217	 -0.002	 -0.008
[component_container-11] 	  5.640	ErrTwis	 -0.202	  0.043	  0.009	  0.008
[component_container-11] 	  5.640	    GPS	 -2.106	 -2.218	  2.477	     --
[component_container-11] 	  5.640	   Baro	     --	     --	  2.215	     --
[component_container-11] 	  5.640	  BBias	     --	     --	 -0.298	     --
[component_container-11] 	  5.640	  Sonar	     --	     --	  2.535	     --
[component_container-11] 	  5.640	  Magnt	     --	     --	     --	 -1.481
[component_container-11] 
[component_container-11] 	  5.670	   Pose	 -1.934	 -2.137	  2.559	 -1.487
[component_container-11] 	  5.670	  Twist	  0.199	 -0.051	  0.492	 -0.281
[component_container-11] 	  5.670	ErrPose	  0.134	  0.219	 -0.007	 -0.004
[component_container-11] 	  5.670	ErrTwis	 -0.204	  0.044	  0.011	  0.001
[component_container-11] 	  5.670	    GPS	 -2.106	 -2.218	  2.477	     --
[component_container-11] 	  5.670	   Baro	     --	     --	  2.223	     --
[component_container-11] 	  5.670	  BBias	     --	     --	 -0.298	     --
[component_container-11] 	  5.670	  Sonar	     --	     --	  2.535	     --
[component_container-11] 	  5.670	  Magnt	     --	     --	     --	 -1.529
[component_container-11] 
[component_container-11] 	  5.700	   Pose	 -1.928	 -2.139	  2.566	 -1.496
[component_container-11] 	  5.700	  Twist	  0.201	 -0.053	  0.474	 -0.282
[component_container-11] 	  5.700	ErrPose	  0.127	  0.221	  0.006	 -0.007
[component_container-11] 	  5.700	ErrTwis	 -0.208	  0.043	  0.029	  0.002
[component_container-11] 	  5.700	    GPS	 -2.106	 -2.218	  2.477	     --
[component_container-11] 	  5.700	   Baro	     --	     --	  2.223	     --
[component_container-11] 	  5.700	  BBias	     --	     --	 -0.298	     --
[component_container-11] 	  5.700	  Sonar	     --	     --	  2.531	     --
[component_container-11] 	  5.700	  Magnt	     --	     --	     --	 -1.529
[component_container-11] 
[component_container-11] 	  5.740	   Pose	 -1.920	 -2.141	  2.588	 -1.507
[component_container-11] 	  5.740	  Twist	  0.204	 -0.054	  0.478	 -0.293
[component_container-11] 	  5.740	ErrPose	  0.119	  0.224	  0.005	 -0.007
[component_container-11] 	  5.740	ErrTwis	 -0.212	  0.043	  0.026	  0.013
[component_container-11] 	  5.740	    GPS	 -2.106	 -2.218	  2.477	     --
[component_container-11] 	  5.740	   Baro	     --	     --	  2.308	     --
[component_container-11] 	  5.740	  BBias	     --	     --	 -0.298	     --
[component_container-11] 	  5.740	  Sonar	     --	     --	  2.587	     --
[component_container-11] 	  5.740	  Magnt	     --	     --	     --	 -1.488
[component_container-11] 
[component_container-11] 	  5.770	   Pose	 -1.914	 -2.143	  2.602	 -1.516
[component_container-11] 	  5.770	  Twist	  0.206	 -0.055	  0.476	 -0.271
[component_container-11] 	  5.770	ErrPose	  0.112	  0.225	  0.000	 -0.004
[component_container-11] 	  5.770	ErrTwis	 -0.215	  0.043	  0.028	 -0.009
[component_container-11] 	  5.770	    GPS	 -2.106	 -2.218	  2.477	     --
[component_container-11] 	  5.770	   Baro	     --	     --	  2.305	     --
[component_container-11] 	  5.770	  BBias	     --	     --	 -0.298	     --
[component_container-11] 	  5.770	  Sonar	     --	     --	  2.587	     --
[component_container-11] 	  5.770	  Magnt	     --	     --	     --	 -1.514
[component_container-11] 
[component_container-11] 	  5.800	   Pose	 -1.908	 -2.144	  2.615	 -1.524
[component_container-11] 	  5.800	  Twist	  0.208	 -0.057	  0.471	 -0.292
[component_container-11] 	  5.800	ErrPose	  0.105	  0.228	  0.008	 -0.007
[component_container-11] 	  5.800	ErrTwis	 -0.219	  0.043	  0.033	  0.012
[component_container-11] 	  5.800	    GPS	 -2.106	 -2.218	  2.477	     --
[component_container-11] 	  5.800	   Baro	     --	     --	  2.305	     --
[component_container-11] 	  5.800	  BBias	     --	     --	 -0.298	     --
[component_container-11] 	  5.800	  Sonar	     --	     --	  2.595	     --
[component_container-11] 	  5.800	  Magnt	     --	     --	     --	 -1.514
[component_container-11] 
[component_container-11] 	  5.840	   Pose	 -1.899	 -2.147	  2.643	 -1.536
[component_container-11] 	  5.840	  Twist	  0.211	 -0.059	  0.491	 -0.254
[component_container-11] 	  5.840	ErrPose	  0.096	  0.231	 -0.000	 -0.006
[component_container-11] 	  5.840	ErrTwis	 -0.223	  0.045	  0.013	 -0.026
[component_container-11] 	  5.840	    GPS	 -2.106	 -2.218	  2.477	     --
[component_container-11] 	  5.840	   Baro	     --	     --	  2.329	     --
[component_container-11] 	  5.840	  BBias	     --	     --	 -0.298	     --
[component_container-11] 	  5.840	  Sonar	     --	     --	  2.669	     --
[component_container-11] 	  5.840	  Magnt	     --	     --	     --	 -1.582
[component_container-11] 
[component_container-11] 	  5.870	   Pose	 -1.893	 -2.149	  2.657	 -1.544
[component_container-11] 	  5.870	  Twist	  0.213	 -0.060	  0.486	 -0.275
[component_container-11] 	  5.870	ErrPose	  0.090	  0.233	 -0.004	 -0.004
[component_container-11] 	  5.870	ErrTwis	 -0.225	  0.046	  0.017	 -0.005
[component_container-11] 	  5.870	    GPS	 -2.106	 -2.218	  2.477	     --
[component_container-11] 	  5.870	   Baro	     --	     --	  2.209	     --
[component_container-11] 	  5.870	  BBias	     --	     --	 -0.299	     --
[component_container-11] 	  5.870	  Sonar	     --	     --	  2.669	     --
[component_container-11] 	  5.870	  Magnt	     --	     --	     --	 -1.523
[component_container-11] 
[component_container-11] 	  5.900	   Pose	 -1.887	 -2.150	  2.676	 -1.552
[component_container-11] 	  5.900	  Twist	  0.215	 -0.061	  0.496	 -0.282
[component_container-11] 	  5.900	ErrPose	  0.083	  0.235	 -0.003	 -0.007
[component_container-11] 	  5.900	ErrTwis	 -0.229	  0.046	  0.008	  0.002
[component_container-11] 	  5.900	    GPS	 -2.106	 -2.218	  2.477	     --
[component_container-11] 	  5.900	   Baro	     --	     --	  2.209	     --
[component_container-11] 	  5.900	  BBias	     --	     --	 -0.299	     --
[component_container-11] 	  5.900	  Sonar	     --	     --	  2.687	     --
[component_container-11] 	  5.900	  Magnt	     --	     --	     --	 -1.523
[component_container-11] 
[component_container-11] 	  5.940	   Pose	 -1.878	 -2.153	  2.689	 -1.563
[component_container-11] 	  5.940	  Twist	  0.217	 -0.064	  0.476	 -0.255
[component_container-11] 	  5.940	ErrPose	  0.073	  0.238	  0.005	 -0.007
[component_container-11] 	  5.940	ErrTwis	 -0.233	  0.048	  0.028	 -0.025
[component_container-11] 	  5.940	    GPS	 -2.106	 -2.218	  2.477	     --
[component_container-11] 	  5.940	   Baro	     --	     --	  2.356	     --
[component_container-11] 	  5.940	  BBias	     --	     --	 -0.299	     --
[component_container-11] 	  5.940	  Sonar	     --	     --	  2.658	     --
[component_container-11] 	  5.940	  Magnt	     --	     --	     --	 -1.556
[component_container-11] 
[component_container-11] 	  5.970	   Pose	 -1.871	 -2.155	  2.703	 -1.572
[component_container-11] 	  5.970	  Twist	  0.218	 -0.065	  0.475	 -0.265
[component_container-11] 	  5.970	ErrPose	  0.066	  0.241	  0.000	 -0.004
[component_container-11] 	  5.970	ErrTwis	 -0.235	  0.049	  0.028	 -0.015
[component_container-11] 	  5.970	    GPS	 -2.106	 -2.218	  2.477	     --
[component_container-11] 	  5.970	   Baro	     --	     --	  2.428	     --
[component_container-11] 	  5.970	  BBias	     --	     --	 -0.299	     --
[component_container-11] 	  5.970	  Sonar	     --	     --	  2.658	     --
[component_container-11] 	  5.970	  Magnt	     --	     --	     --	 -1.576
[component_container-11] 
[component_container-11] [INFO] [1775320685.500105510] [drone.controller]: cmd_vel body=(-0.076, -0.072, 0.500) yaw=-0.300 | odom_received=true | plan_points=24
[component_container-11] 	  6.000	   Pose	 -1.865	 -2.157	  2.724	 -1.580
[component_container-11] 	  6.000	  Twist	  0.220	 -0.067	  0.487	 -0.291
[component_container-11] 	  6.000	ErrPose	  0.059	  0.244	  0.000	 -0.007
[component_container-11] 	  6.000	ErrTwis	 -0.238	  0.049	  0.016	  0.011
[component_container-11] 	  6.000	    GPS	 -2.106	 -2.218	  2.477	     --
[component_container-11] 	  6.000	   Baro	     --	     --	  2.428	     --
[component_container-11] 	  6.000	  BBias	     --	     --	 -0.299	     --
[component_container-11] 	  6.000	  Sonar	     --	     --	  2.732	     --
[component_container-11] 	  6.000	  Magnt	     --	     --	     --	 -1.576
[component_container-11] 
[component_container-11] [INFO] [1775320685.500513485] [drone.estimator]: TMP LOG err_xyz=(0.059, 0.244, 0.000) | z_est=2.724 vz_est=0.487 bias=-0.299 | gps_z=2.477 sonar=2.732 baro=2.428
[component_container-11] 	  6.040	   Pose	 -1.885	 -2.137	  2.748	 -1.592
[component_container-11] 	  6.040	  Twist	  0.212	 -0.062	  0.497	 -0.282
[component_container-11] 	  6.040	ErrPose	  0.078	  0.225	 -0.004	 -0.006
[component_container-11] 	  6.040	ErrTwis	 -0.232	  0.042	  0.007	  0.002
[component_container-11] 	  6.040	    GPS	 -1.966	 -2.081	  2.729	     --
[component_container-11] 	  6.040	   Baro	     --	     --	  2.384	     --
[component_container-11] 	  6.040	  BBias	     --	     --	 -0.300	     --
[component_container-11] 	  6.040	  Sonar	     --	     --	  2.765	     --
[component_container-11] 	  6.040	  Magnt	     --	     --	     --	 -1.591
[component_container-11] 
[component_container-11] 	  6.070	   Pose	 -1.879	 -2.139	  2.757	 -1.601
[component_container-11] 	  6.070	  Twist	  0.214	 -0.064	  0.482	 -0.272
[component_container-11] 	  6.070	ErrPose	  0.071	  0.228	 -0.003	 -0.003
[component_container-11] 	  6.070	ErrTwis	 -0.234	  0.043	  0.022	 -0.008
[component_container-11] 	  6.070	    GPS	 -1.966	 -2.081	  2.729	     --
[component_container-11] 	  6.070	   Baro	     --	     --	  2.518	     --
[component_container-11] 	  6.070	  BBias	     --	     --	 -0.299	     --
[component_container-11] 	  6.070	  Sonar	     --	     --	  2.733	     --
[component_container-11] 	  6.070	  Magnt	     --	     --	     --	 -1.632
[component_container-11] 
[component_container-11] 	  6.100	   Pose	 -1.872	 -2.141	  2.772	 -1.609
[component_container-11] 	  6.100	  Twist	  0.216	 -0.065	  0.480	 -0.268
[component_container-11] 	  6.100	ErrPose	  0.064	  0.231	  0.002	 -0.006
[component_container-11] 	  6.100	ErrTwis	 -0.238	  0.042	  0.024	 -0.012
[component_container-11] 	  6.100	    GPS	 -1.966	 -2.081	  2.729	     --
[component_container-11] 	  6.100	   Baro	     --	     --	  2.518	     --
[component_container-11] 	  6.100	  BBias	     --	     --	 -0.299	     --
[component_container-11] 	  6.100	  Sonar	     --	     --	  2.733	     --
[component_container-11] 	  6.100	  Magnt	     --	     --	     --	 -1.632
[component_container-11] 
[component_container-11] 	  6.140	   Pose	 -1.864	 -2.144	  2.789	 -1.621
[component_container-11] 	  6.140	  Twist	  0.218	 -0.067	  0.475	 -0.284
[component_container-11] 	  6.140	ErrPose	  0.054	  0.235	  0.005	 -0.006
[component_container-11] 	  6.140	ErrTwis	 -0.242	  0.041	  0.029	  0.004
[component_container-11] 	  6.140	    GPS	 -1.966	 -2.081	  2.729	     --
[component_container-11] 	  6.140	   Baro	     --	     --	  2.463	     --
[component_container-11] 	  6.140	  BBias	     --	     --	 -0.299	     --
[component_container-11] 	  6.140	  Sonar	     --	     --	  2.781	     --
[component_container-11] 	  6.140	  Magnt	     --	     --	     --	 -1.636
[component_container-11] 
[component_container-11] 	  6.170	   Pose	 -1.857	 -2.146	  2.803	 -1.629
[component_container-11] 	  6.170	  Twist	  0.220	 -0.069	  0.471	 -0.284
[component_container-11] 	  6.170	ErrPose	  0.047	  0.237	  0.002	 -0.003
[component_container-11] 	  6.170	ErrTwis	 -0.244	  0.041	  0.033	  0.004
[component_container-11] 	  6.170	    GPS	 -1.966	 -2.081	  2.729	     --
[component_container-11] 	  6.170	   Baro	     --	     --	  2.368	     --
[component_container-11] 	  6.170	  BBias	     --	     --	 -0.300	     --
[component_container-11] 	  6.170	  Sonar	     --	     --	  2.781	     --
[component_container-11] 	  6.170	  Magnt	     --	     --	     --	 -1.623
[component_container-11] 
[component_container-11] 	  6.200	   Pose	 -1.850	 -2.148	  2.815	 -1.637
[component_container-11] 	  6.200	  Twist	  0.222	 -0.071	  0.464	 -0.279
[component_container-11] 	  6.200	ErrPose	  0.039	  0.241	  0.010	 -0.006
[component_container-11] 	  6.200	ErrTwis	 -0.248	  0.040	  0.040	 -0.000
[component_container-11] 	  6.200	    GPS	 -1.966	 -2.081	  2.729	     --
[component_container-11] 	  6.200	   Baro	     --	     --	  2.368	     --
[component_container-11] 	  6.200	  BBias	     --	     --	 -0.300	     --
[component_container-11] 	  6.200	  Sonar	     --	     --	  2.793	     --
[component_container-11] 	  6.200	  Magnt	     --	     --	     --	 -1.623
[component_container-11] 
[component_container-11] 	  6.240	   Pose	 -1.842	 -2.151	  2.828	 -1.648
[component_container-11] 	  6.240	  Twist	  0.224	 -0.073	  0.449	 -0.286
[component_container-11] 	  6.240	ErrPose	  0.028	  0.245	  0.017	 -0.006
[component_container-11] 	  6.240	ErrTwis	 -0.251	  0.039	  0.055	  0.007
[component_container-11] 	  6.240	    GPS	 -1.966	 -2.081	  2.729	     --
[component_container-11] 	  6.240	   Baro	     --	     --	  2.490	     --
[component_container-11] 	  6.240	  BBias	     --	     --	 -0.300	     --
[component_container-11] 	  6.240	  Sonar	     --	     --	  2.800	     --
[component_container-11] 	  6.240	  Magnt	     --	     --	     --	 -1.644
[component_container-11] 
[component_container-11] 	  6.270	   Pose	 -1.835	 -2.153	  2.844	 -1.656
[component_container-11] 	  6.270	  Twist	  0.225	 -0.074	  0.453	 -0.275
[component_container-11] 	  6.270	ErrPose	  0.021	  0.248	  0.011	 -0.003
[component_container-11] 	  6.270	ErrTwis	 -0.253	  0.039	  0.051	 -0.005
[component_container-11] 	  6.270	    GPS	 -1.966	 -2.081	  2.729	     --
[component_container-11] 	  6.270	   Baro	     --	     --	  2.684	     --
[component_container-11] 	  6.270	  BBias	     --	     --	 -0.299	     --
[component_container-11] 	  6.270	  Sonar	     --	     --	  2.849	     --
[component_container-11] 	  6.270	  Magnt	     --	     --	     --	 -1.662
[component_container-11] 
[component_container-11] 	  6.300	   Pose	 -1.828	 -2.155	  2.857	 -1.665
[component_container-11] 	  6.300	  Twist	  0.228	 -0.076	  0.451	 -0.265
[component_container-11] 	  6.300	ErrPose	  0.012	  0.251	  0.017	 -0.006
[component_container-11] 	  6.300	ErrTwis	 -0.257	  0.038	  0.052	 -0.015
[component_container-11] 	  6.300	    GPS	 -1.966	 -2.081	  2.729	     --
[component_container-11] 	  6.300	   Baro	     --	     --	  2.684	     --
[component_container-11] 	  6.300	  BBias	     --	     --	 -0.299	     --
[component_container-11] 	  6.300	  Sonar	     --	     --	  2.849	     --
[component_container-11] 	  6.300	  Magnt	     --	     --	     --	 -1.662
[component_container-11] 
[component_container-11] 	  6.340	   Pose	 -1.819	 -2.158	  2.883	 -1.677
[component_container-11] 	  6.340	  Twist	  0.230	 -0.079	  0.467	 -0.270
[component_container-11] 	  6.340	ErrPose	  0.002	  0.256	  0.012	 -0.005
[component_container-11] 	  6.340	ErrTwis	 -0.260	  0.038	  0.037	 -0.010
[component_container-11] 	  6.340	    GPS	 -1.966	 -2.081	  2.729	     --
[component_container-11] 	  6.340	   Baro	     --	     --	  2.579	     --
[component_container-11] 	  6.340	  BBias	     --	     --	 -0.299	     --
[component_container-11] 	  6.340	  Sonar	     --	     --	  2.902	     --
[component_container-11] 	  6.340	  Magnt	     --	     --	     --	 -1.721
[component_container-11] 
[component_container-11] 	  6.370	   Pose	 -1.812	 -2.161	  2.895	 -1.686
[component_container-11] 	  6.370	  Twist	  0.231	 -0.080	  0.461	 -0.280
[component_container-11] 	  6.370	ErrPose	 -0.006	  0.259	  0.009	 -0.002
[component_container-11] 	  6.370	ErrTwis	 -0.262	  0.039	  0.043	  0.000
[component_container-11] 	  6.370	    GPS	 -1.966	 -2.081	  2.729	     --
[component_container-11] 	  6.370	   Baro	     --	     --	  2.429	     --
[component_container-11] 	  6.370	  BBias	     --	     --	 -0.300	     --
[component_container-11] 	  6.370	  Sonar	     --	     --	  2.893	     --
[component_container-11] 	  6.370	  Magnt	     --	     --	     --	 -1.717
[component_container-11] 
[component_container-11] 	  6.400	   Pose	 -1.805	 -2.163	  2.909	 -1.694
[component_container-11] 	  6.400	  Twist	  0.233	 -0.083	  0.459	 -0.272
[component_container-11] 	  6.400	ErrPose	 -0.015	  0.263	  0.016	 -0.005
[component_container-11] 	  6.400	ErrTwis	 -0.265	  0.038	  0.045	 -0.007
[component_container-11] 	  6.400	    GPS	 -1.966	 -2.081	  2.729	     --
[component_container-11] 	  6.400	   Baro	     --	     --	  2.429	     --
[component_container-11] 	  6.400	  BBias	     --	     --	 -0.300	     --
[component_container-11] 	  6.400	  Sonar	     --	     --	  2.893	     --
[component_container-11] 	  6.400	  Magnt	     --	     --	     --	 -1.717
[component_container-11] 
[component_container-11] 	  6.440	   Pose	 -1.796	 -2.167	  2.930	 -1.705
[component_container-11] 	  6.440	  Twist	  0.235	 -0.086	  0.463	 -0.279
[component_container-11] 	  6.440	ErrPose	 -0.026	  0.268	  0.015	 -0.005
[component_container-11] 	  6.440	ErrTwis	 -0.268	  0.038	  0.041	 -0.001
[component_container-11] 	  6.440	    GPS	 -1.966	 -2.081	  2.729	     --
[component_container-11] 	  6.440	   Baro	     --	     --	  2.622	     --
[component_container-11] 	  6.440	  BBias	     --	     --	 -0.300	     --
[component_container-11] 	  6.440	  Sonar	     --	     --	  2.932	     --
[component_container-11] 	  6.440	  Magnt	     --	     --	     --	 -1.683
[component_container-11] 
[component_container-11] 	  6.470	   Pose	 -1.789	 -2.169	  2.945	 -1.714
[component_container-11] 	  6.470	  Twist	  0.237	 -0.088	  0.461	 -0.276
[component_container-11] 	  6.470	ErrPose	 -0.035	  0.272	  0.011	 -0.002
[component_container-11] 	  6.470	ErrTwis	 -0.270	  0.038	  0.043	 -0.004
[component_container-11] 	  6.470	    GPS	 -1.966	 -2.081	  2.729	     --
[component_container-11] 	  6.470	   Baro	     --	     --	  2.684	     --
[component_container-11] 	  6.470	  BBias	     --	     --	 -0.300	     --
[component_container-11] 	  6.470	  Sonar	     --	     --	  2.932	     --
[component_container-11] 	  6.470	  Magnt	     --	     --	     --	 -1.736
[component_container-11] 
[component_container-11] 	  6.500	   Pose	 -1.781	 -2.172	  2.959	 -1.722
[component_container-11] 	  6.500	  Twist	  0.239	 -0.090	  0.462	 -0.282
[component_container-11] 	  6.500	ErrPose	 -0.044	  0.276	  0.016	 -0.005
[component_container-11] 	  6.500	ErrTwis	 -0.273	  0.037	  0.042	  0.002
[component_container-11] 	  6.500	    GPS	 -1.966	 -2.081	  2.729	     --
[component_container-11] 	  6.500	   Baro	     --	     --	  2.684	     --
[component_container-11] 	  6.500	  BBias	     --	     --	 -0.300	     --
[component_container-11] 	  6.500	  Sonar	     --	     --	  2.949	     --
[component_container-11] 	  6.500	  Magnt	     --	     --	     --	 -1.736
[component_container-11] 
[component_container-11] 	  6.540	   Pose	 -1.825	 -2.150	  2.978	 -1.733
[component_container-11] 	  6.540	  Twist	  0.223	 -0.083	  0.460	 -0.272
[component_container-11] 	  6.540	ErrPose	 -0.002	  0.256	  0.018	 -0.005
[component_container-11] 	  6.540	ErrTwis	 -0.258	  0.027	  0.044	 -0.008
[component_container-11] 	  6.540	    GPS	 -1.962	 -2.085	  2.980	     --
[component_container-11] 	  6.540	   Baro	     --	     --	  2.654	     --
[component_container-11] 	  6.540	  BBias	     --	     --	 -0.300	     --
[component_container-11] 	  6.540	  Sonar	     --	     --	  2.968	     --
[component_container-11] 	  6.540	  Magnt	     --	     --	     --	 -1.724
[component_container-11] 
[component_container-11] 	  6.570	   Pose	 -1.819	 -2.152	  2.992	 -1.740
[component_container-11] 	  6.570	  Twist	  0.223	 -0.085	  0.458	 -0.290
[component_container-11] 	  6.570	ErrPose	 -0.010	  0.260	  0.014	 -0.003
[component_container-11] 	  6.570	ErrTwis	 -0.259	  0.027	  0.045	  0.010
[component_container-11] 	  6.570	    GPS	 -1.962	 -2.085	  2.980	     --
[component_container-11] 	  6.570	   Baro	     --	     --	  2.704	     --
[component_container-11] 	  6.570	  BBias	     --	     --	 -0.300	     --
[component_container-11] 	  6.570	  Sonar	     --	     --	  2.968	     --
[component_container-11] 	  6.570	  Magnt	     --	     --	     --	 -1.687
[component_container-11] 
[component_container-11] 	  6.600	   Pose	 -1.812	 -2.155	  3.007	 -1.748
[component_container-11] 	  6.600	  Twist	  0.225	 -0.087	  0.458	 -0.261
[component_container-11] 	  6.600	ErrPose	 -0.020	  0.264	  0.019	 -0.006
[component_container-11] 	  6.600	ErrTwis	 -0.262	  0.024	  0.045	 -0.019
[component_container-11] 	  6.600	    GPS	 -1.962	 -2.085	  2.980	     --
[component_container-11] 	  6.600	   Baro	     --	     --	  2.704	     --
[component_container-11] 	  6.600	  BBias	     --	     --	 -0.300	     --
[component_container-11] 	  6.600	  Sonar	     --	     --	  3.001	     --
[component_container-11] 	  6.600	  Magnt	     --	     --	     --	 -1.687
[component_container-11] 
[component_container-11] 	  6.640	   Pose	 -1.803	 -2.159	  3.029	 -1.759
[component_container-11] 	  6.640	  Twist	  0.226	 -0.089	  0.466	 -0.264
[component_container-11] 	  6.640	ErrPose	 -0.031	  0.270	  0.017	 -0.007
[component_container-11] 	  6.640	ErrTwis	 -0.264	  0.023	  0.038	 -0.016
[component_container-11] 	  6.640	    GPS	 -1.962	 -2.085	  2.980	     --
[component_container-11] 	  6.640	   Baro	     --	     --	  2.703	     --
[component_container-11] 	  6.640	  BBias	     --	     --	 -0.300	     --
[component_container-11] 	  6.640	  Sonar	     --	     --	  3.036	     --
[component_container-11] 	  6.640	  Magnt	     --	     --	     --	 -1.751
[component_container-11] 
[component_container-11] 	  6.670	   Pose	 -1.796	 -2.161	  3.044	 -1.768
[component_container-11] 	  6.670	  Twist	  0.228	 -0.091	  0.466	 -0.274
[component_container-11] 	  6.670	ErrPose	 -0.039	  0.274	  0.012	 -0.003
[component_container-11] 	  6.670	ErrTwis	 -0.265	  0.022	  0.038	 -0.006
[component_container-11] 	  6.670	    GPS	 -1.962	 -2.085	  2.980	     --
[component_container-11] 	  6.670	   Baro	     --	     --	  2.818	     --
[component_container-11] 	  6.670	  BBias	     --	     --	 -0.300	     --
[component_container-11] 	  6.670	  Sonar	     --	     --	  3.036	     --
[component_container-11] 	  6.670	  Magnt	     --	     --	     --	 -1.802
[component_container-11] 
[component_container-11] 	  6.700	   Pose	 -1.789	 -2.164	  3.050	 -1.777
[component_container-11] 	  6.700	  Twist	  0.229	 -0.093	  0.446	 -0.275
[component_container-11] 	  6.700	ErrPose	 -0.049	  0.279	  0.026	 -0.006
[component_container-11] 	  6.700	ErrTwis	 -0.267	  0.019	  0.058	 -0.005
[component_container-11] 	  6.700	    GPS	 -1.962	 -2.085	  2.980	     --
[component_container-11] 	  6.700	   Baro	     --	     --	  2.818	     --
[component_container-11] 	  6.700	  BBias	     --	     --	 -0.299	     --
[component_container-11] 	  6.700	  Sonar	     --	     --	  3.008	     --
[component_container-11] 	  6.700	  Magnt	     --	     --	     --	 -1.802
[component_container-11] 
[component_container-11] 	  6.740	   Pose	 -1.780	 -2.168	  3.065	 -1.789
[component_container-11] 	  6.740	  Twist	  0.231	 -0.096	  0.438	 -0.259
[component_container-11] 	  6.740	ErrPose	 -0.061	  0.285	  0.031	 -0.005
[component_container-11] 	  6.740	ErrTwis	 -0.269	  0.017	  0.065	 -0.021
[component_container-11] 	  6.740	    GPS	 -1.962	 -2.085	  2.980	     --
[component_container-11] 	  6.740	   Baro	     --	     --	  2.812	     --
[component_container-11] 	  6.740	  BBias	     --	     --	 -0.299	     --
[component_container-11] 	  6.740	  Sonar	     --	     --	  3.046	     --
[component_container-11] 	  6.740	  Magnt	     --	     --	     --	 -1.822
[component_container-11] 
[component_container-11] 	  6.770	   Pose	 -1.773	 -2.171	  3.080	 -1.796
[component_container-11] 	  6.770	  Twist	  0.232	 -0.098	  0.440	 -0.279
[component_container-11] 	  6.770	ErrPose	 -0.070	  0.289	  0.026	 -0.003
[component_container-11] 	  6.770	ErrTwis	 -0.271	  0.017	  0.063	 -0.001
[component_container-11] 	  6.770	    GPS	 -1.962	 -2.085	  2.980	     --
[component_container-11] 	  6.770	   Baro	     --	     --	  2.652	     --
[component_container-11] 	  6.770	  BBias	     --	     --	 -0.300	     --
[component_container-11] 	  6.770	  Sonar	     --	     --	  3.089	     --
[component_container-11] 	  6.770	  Magnt	     --	     --	     --	 -1.775
[component_container-11] 
[component_container-11] 	  6.800	   Pose	 -1.766	 -2.174	  3.093	 -1.805
[component_container-11] 	  6.800	  Twist	  0.233	 -0.100	  0.438	 -0.264
[component_container-11] 	  6.800	ErrPose	 -0.080	  0.295	  0.033	 -0.006
[component_container-11] 	  6.800	ErrTwis	 -0.272	  0.016	  0.065	 -0.016
[component_container-11] 	  6.800	    GPS	 -1.962	 -2.085	  2.980	     --
[component_container-11] 	  6.800	   Baro	     --	     --	  2.652	     --
[component_container-11] 	  6.800	  BBias	     --	     --	 -0.300	     --
[component_container-11] 	  6.800	  Sonar	     --	     --	  3.089	     --
[component_container-11] 	  6.800	  Magnt	     --	     --	     --	 -1.775
[component_container-11] 
[component_container-11] 	  6.840	   Pose	 -1.757	 -2.178	  3.115	 -1.816
[component_container-11] 	  6.840	  Twist	  0.236	 -0.103	  0.447	 -0.287
[component_container-11] 	  6.840	ErrPose	 -0.093	  0.301	  0.031	 -0.006
[component_container-11] 	  6.840	ErrTwis	 -0.275	  0.016	  0.057	  0.007
[component_container-11] 	  6.840	    GPS	 -1.962	 -2.085	  2.980	     --
[component_container-11] 	  6.840	   Baro	     --	     --	  2.822	     --
[component_container-11] 	  6.840	  BBias	     --	     --	 -0.300	     --
[component_container-11] 	  6.840	  Sonar	     --	     --	  3.123	     --
[component_container-11] 	  6.840	  Magnt	     --	     --	     --	 -1.825
[component_container-11] 
[component_container-11] 	  6.870	   Pose	 -1.749	 -2.181	  3.129	 -1.825
[component_container-11] 	  6.870	  Twist	  0.238	 -0.106	  0.445	 -0.271
[component_container-11] 	  6.870	ErrPose	 -0.101	  0.306	  0.028	 -0.002
[component_container-11] 	  6.870	ErrTwis	 -0.277	  0.017	  0.058	 -0.009
[component_container-11] 	  6.870	    GPS	 -1.962	 -2.085	  2.980	     --
[component_container-11] 	  6.870	   Baro	     --	     --	  2.841	     --
[component_container-11] 	  6.870	  BBias	     --	     --	 -0.300	     --
[component_container-11] 	  6.870	  Sonar	     --	     --	  3.123	     --
[component_container-11] 	  6.870	  Magnt	     --	     --	     --	 -1.862
[component_container-11] 
[component_container-11] 	  6.900	   Pose	 -1.742	 -2.184	  3.145	 -1.834
[component_container-11] 	  6.900	  Twist	  0.239	 -0.108	  0.450	 -0.259
[component_container-11] 	  6.900	ErrPose	 -0.112	  0.311	  0.032	 -0.005
[component_container-11] 	  6.900	ErrTwis	 -0.278	  0.016	  0.054	 -0.021
[component_container-11] 	  6.900	    GPS	 -1.962	 -2.085	  2.980	     --
[component_container-11] 	  6.900	   Baro	     --	     --	  2.841	     --
[component_container-11] 	  6.900	  BBias	     --	     --	 -0.300	     --
[component_container-11] 	  6.900	  Sonar	     --	     --	  3.141	     --
[component_container-11] 	  6.900	  Magnt	     --	     --	     --	 -1.862
[component_container-11] 
[component_container-11] 	  6.940	   Pose	 -1.733	 -2.188	  3.164	 -1.844
[component_container-11] 	  6.940	  Twist	  0.241	 -0.110	  0.449	 -0.277
[component_container-11] 	  6.940	ErrPose	 -0.125	  0.318	  0.033	 -0.006
[component_container-11] 	  6.940	ErrTwis	 -0.281	  0.015	  0.055	 -0.003
[component_container-11] 	  6.940	    GPS	 -1.962	 -2.085	  2.980	     --
[component_container-11] 	  6.940	   Baro	     --	     --	  2.841	     --
[component_container-11] 	  6.940	  BBias	     --	     --	 -0.300	     --
[component_container-11] 	  6.940	  Sonar	     --	     --	  3.159	     --
[component_container-11] 	  6.940	  Magnt	     --	     --	     --	 -1.805
[component_container-11] 
[component_container-11] 	  6.970	   Pose	 -1.725	 -2.192	  3.178	 -1.853
[component_container-11] 	  6.970	  Twist	  0.243	 -0.112	  0.449	 -0.295
[component_container-11] 	  6.970	ErrPose	 -0.134	  0.323	  0.029	 -0.003
[component_container-11] 	  6.970	ErrTwis	 -0.283	  0.015	  0.055	  0.015
[component_container-11] 	  6.970	    GPS	 -1.962	 -2.085	  2.980	     --
[component_container-11] 	  6.970	   Baro	     --	     --	  2.980	     --
[component_container-11] 	  6.970	  BBias	     --	     --	 -0.299	     --
[component_container-11] 	  6.970	  Sonar	     --	     --	  3.159	     --
[component_container-11] 	  6.970	  Magnt	     --	     --	     --	 -1.878
[component_container-11] 
[component_container-11] 	  7.000	   Pose	 -1.718	 -2.195	  3.195	 -1.861
[component_container-11] 	  7.000	  Twist	  0.245	 -0.114	  0.456	 -0.264
[component_container-11] 	  7.000	ErrPose	 -0.145	  0.329	  0.032	 -0.006
[component_container-11] 	  7.000	ErrTwis	 -0.284	  0.013	  0.048	 -0.016
[component_container-11] 	  7.000	    GPS	 -1.962	 -2.085	  2.980	     --
[component_container-11] 	  7.000	   Baro	     --	     --	  2.980	     --
[component_container-11] 	  7.000	  BBias	     --	     --	 -0.299	     --
[component_container-11] 	  7.000	  Sonar	     --	     --	  3.195	     --
[component_container-11] 	  7.000	  Magnt	     --	     --	     --	 -1.878
[component_container-11] 
[component_container-11] [INFO] [1775320686.502541070] [drone.estimator]: TMP LOG err_xyz=(-0.145, 0.329, 0.032) | z_est=3.195 vz_est=0.456 bias=-0.299 | gps_z=2.980 sonar=3.195 baro=2.980
[component_container-11] [INFO] [1775320686.502709082] [drone.controller]: cmd_vel body=(-0.064, -0.203, 0.500) yaw=-0.300 | odom_received=true | plan_points=19
[component_container-11] 	  7.040	   Pose	 -1.838	 -2.169	  3.214	 -1.872
[component_container-11] 	  7.040	  Twist	  0.203	 -0.107	  0.454	 -0.263
[component_container-11] 	  7.040	ErrPose	 -0.030	  0.306	  0.033	 -0.006
[component_container-11] 	  7.040	ErrTwis	 -0.242	  0.002	  0.049	 -0.017
[component_container-11] 	  7.040	    GPS	 -2.157	 -2.092	  3.232	     --
[component_container-11] 	  7.040	   Baro	     --	     --	  2.924	     --
[component_container-11] 	  7.040	  BBias	     --	     --	 -0.299	     --
[component_container-11] 	  7.040	  Sonar	     --	     --	  3.209	     --
[component_container-11] 	  7.040	  Magnt	     --	     --	     --	 -1.850
[component_container-11] 
[component_container-11] 	  7.070	   Pose	 -1.832	 -2.173	  3.239	 -1.880
[component_container-11] 	  7.070	  Twist	  0.205	 -0.109	  0.480	 -0.283
[component_container-11] 	  7.070	ErrPose	 -0.038	  0.311	  0.018	 -0.003
[component_container-11] 	  7.070	ErrTwis	 -0.243	  0.002	  0.024	  0.003
[component_container-11] 	  7.070	    GPS	 -2.157	 -2.092	  3.232	     --
[component_container-11] 	  7.070	   Baro	     --	     --	  3.011	     --
[component_container-11] 	  7.070	  BBias	     --	     --	 -0.299	     --
[component_container-11] 	  7.070	  Sonar	     --	     --	  3.280	     --
[component_container-11] 	  7.070	  Magnt	     --	     --	     --	 -1.879
[component_container-11] 
[component_container-11] 	  7.100	   Pose	 -1.825	 -2.176	  3.253	 -1.889
[component_container-11] 	  7.100	  Twist	  0.206	 -0.112	  0.478	 -0.273
[component_container-11] 	  7.100	ErrPose	 -0.048	  0.317	  0.024	 -0.006
[component_container-11] 	  7.100	ErrTwis	 -0.245	  0.001	  0.026	 -0.007
[component_container-11] 	  7.100	    GPS	 -2.157	 -2.092	  3.232	     --
[component_container-11] 	  7.100	   Baro	     --	     --	  3.011	     --
[component_container-11] 	  7.100	  BBias	     --	     --	 -0.299	     --
[component_container-11] 	  7.100	  Sonar	     --	     --	  3.280	     --
[component_container-11] 	  7.100	  Magnt	     --	     --	     --	 -1.879
[component_container-11] 
[component_container-11] 	  7.140	   Pose	 -1.817	 -2.180	  3.275	 -1.901
[component_container-11] 	  7.140	  Twist	  0.208	 -0.115	  0.481	 -0.272
[component_container-11] 	  7.140	ErrPose	 -0.060	  0.325	  0.022	 -0.005
[component_container-11] 	  7.140	ErrTwis	 -0.246	 -0.001	  0.023	 -0.008
[component_container-11] 	  7.140	    GPS	 -2.157	 -2.092	  3.232	     --
[component_container-11] 	  7.140	   Baro	     --	     --	  3.073	     --
[component_container-11] 	  7.140	  BBias	     --	     --	 -0.298	     --
[component_container-11] 	  7.140	  Sonar	     --	     --	  3.271	     --
[component_container-11] 	  7.140	  Magnt	     --	     --	     --	 -1.966
[component_container-11] 
[component_container-11] 	  7.170	   Pose	 -1.811	 -2.184	  3.289	 -1.911
[component_container-11] 	  7.170	  Twist	  0.209	 -0.118	  0.479	 -0.288
[component_container-11] 	  7.170	ErrPose	 -0.069	  0.330	  0.018	 -0.001
[component_container-11] 	  7.170	ErrTwis	 -0.247	 -0.001	  0.025	  0.008
[component_container-11] 	  7.170	    GPS	 -2.157	 -2.092	  3.232	     --
[component_container-11] 	  7.170	   Baro	     --	     --	  2.953	     --
[component_container-11] 	  7.170	  BBias	     --	     --	 -0.298	     --
[component_container-11] 	  7.170	  Sonar	     --	     --	  3.271	     --
[component_container-11] 	  7.170	  Magnt	     --	     --	     --	 -1.965
[component_container-11] 
[component_container-11] 	  7.200	   Pose	 -1.805	 -2.187	  3.315	 -1.919
[component_container-11] 	  7.200	  Twist	  0.210	 -0.119	  0.504	 -0.284
[component_container-11] 	  7.200	ErrPose	 -0.080	  0.337	  0.013	 -0.004
[component_container-11] 	  7.200	ErrTwis	 -0.247	 -0.005	  0.000	  0.004
[component_container-11] 	  7.200	    GPS	 -2.157	 -2.092	  3.232	     --
[component_container-11] 	  7.200	   Baro	     --	     --	  2.953	     --
[component_container-11] 	  7.200	  BBias	     --	     --	 -0.299	     --
[component_container-11] 	  7.200	  Sonar	     --	     --	  3.345	     --
[component_container-11] 	  7.200	  Magnt	     --	     --	     --	 -1.965
[component_container-11] 
[component_container-11] 	  7.240	   Pose	 -1.796	 -2.192	  3.337	 -1.929
[component_container-11] 	  7.240	  Twist	  0.212	 -0.122	  0.507	 -0.279
[component_container-11] 	  7.240	ErrPose	 -0.093	  0.345	  0.010	 -0.004
[component_container-11] 	  7.240	ErrTwis	 -0.248	 -0.007	 -0.003	 -0.000
[component_container-11] 	  7.240	    GPS	 -2.157	 -2.092	  3.232	     --
[component_container-11] 	  7.240	   Baro	     --	     --	  3.049	     --
[component_container-11] 	  7.240	  BBias	     --	     --	 -0.298	     --
[component_container-11] 	  7.240	  Sonar	     --	     --	  3.334	     --
[component_container-11] 	  7.240	  Magnt	     --	     --	     --	 -1.890
[component_container-11] 
[component_container-11] 	  7.270	   Pose	 -1.790	 -2.196	  3.357	 -1.937
[component_container-11] 	  7.270	  Twist	  0.213	 -0.124	  0.516	 -0.276
[component_container-11] 	  7.270	ErrPose	 -0.101	  0.350	  0.001	 -0.003
[component_container-11] 	  7.270	ErrTwis	 -0.249	 -0.006	 -0.012	 -0.003
[component_container-11] 	  7.270	    GPS	 -2.157	 -2.092	  3.232	     --
[component_container-11] 	  7.270	   Baro	     --	     --	  3.056	     --
[component_container-11] 	  7.270	  BBias	     --	     --	 -0.299	     --
[component_container-11] 	  7.270	  Sonar	     --	     --	  3.373	     --
[component_container-11] 	  7.270	  Magnt	     --	     --	     --	 -1.907
[component_container-11] 
[component_container-11] 	  7.300	   Pose	 -1.783	 -2.200	  3.372	 -1.945
[component_container-11] 	  7.300	  Twist	  0.215	 -0.126	  0.514	 -0.277
[component_container-11] 	  7.300	ErrPose	 -0.112	  0.357	  0.005	 -0.006
[component_container-11] 	  7.300	ErrTwis	 -0.250	 -0.007	 -0.010	 -0.002
[component_container-11] 	  7.300	    GPS	 -2.157	 -2.092	  3.232	     --
[component_container-11] 	  7.300	   Baro	     --	     --	  3.056	     --
[component_container-11] 	  7.300	  BBias	     --	     --	 -0.299	     --
[component_container-11] 	  7.300	  Sonar	     --	     --	  3.373	     --
[component_container-11] 	  7.300	  Magnt	     --	     --	     --	 -1.907
[component_container-11] 
[component_container-11] 	  7.340	   Pose	 -1.775	 -2.205	  3.393	 -1.956
[component_container-11] 	  7.340	  Twist	  0.217	 -0.130	  0.512	 -0.269
[component_container-11] 	  7.340	ErrPose	 -0.125	  0.366	  0.005	 -0.006
[component_container-11] 	  7.340	ErrTwis	 -0.252	 -0.005	 -0.008	 -0.011
[component_container-11] 	  7.340	    GPS	 -2.157	 -2.092	  3.232	     --
[component_container-11] 	  7.340	   Baro	     --	     --	  3.067	     --
[component_container-11] 	  7.340	  BBias	     --	     --	 -0.299	     --
[component_container-11] 	  7.340	  Sonar	     --	     --	  3.385	     --
[component_container-11] 	  7.340	  Magnt	     --	     --	     --	 -1.951
[component_container-11] 
[component_container-11] 	  7.370	   Pose	 -1.768	 -2.209	  3.408	 -1.964
[component_container-11] 	  7.370	  Twist	  0.219	 -0.132	  0.511	 -0.273
[component_container-11] 	  7.370	ErrPose	 -0.134	  0.371	 -0.001	 -0.003
[component_container-11] 	  7.370	ErrTwis	 -0.253	 -0.003	 -0.007	 -0.006
[component_container-11] 	  7.370	    GPS	 -2.157	 -2.092	  3.232	     --
[component_container-11] 	  7.370	   Baro	     --	     --	  3.092	     --
[component_container-11] 	  7.370	  BBias	     --	     --	 -0.299	     --
[component_container-11] 	  7.370	  Sonar	     --	     --	  3.385	     --
[component_container-11] 	  7.370	  Magnt	     --	     --	     --	 -1.972
[component_container-11] 
[component_container-11] 	  7.400	   Pose	 -1.761	 -2.213	  3.425	 -1.973
[component_container-11] 	  7.400	  Twist	  0.221	 -0.134	  0.513	 -0.289
[component_container-11] 	  7.400	ErrPose	 -0.145	  0.379	  0.002	 -0.006
[component_container-11] 	  7.400	ErrTwis	 -0.255	 -0.002	 -0.009	  0.010
[component_container-11] 	  7.400	    GPS	 -2.157	 -2.092	  3.232	     --
[component_container-11] 	  7.400	   Baro	     --	     --	  3.092	     --
[component_container-11] 	  7.400	  BBias	     --	     --	 -0.299	     --
[component_container-11] 	  7.400	  Sonar	     --	     --	  3.416	     --
[component_container-11] 	  7.400	  Magnt	     --	     --	     --	 -1.972
[component_container-11] 
[component_container-11] 	  7.440	   Pose	 -1.753	 -2.218	  3.447	 -1.983
[component_container-11] 	  7.440	  Twist	  0.223	 -0.137	  0.513	 -0.264
[component_container-11] 	  7.440	ErrPose	 -0.159	  0.388	  0.001	 -0.007
[component_container-11] 	  7.440	ErrTwis	 -0.256	  0.000	 -0.009	 -0.015
[component_container-11] 	  7.440	    GPS	 -2.157	 -2.092	  3.232	     --
[component_container-11] 	  7.440	   Baro	     --	     --	  3.088	     --
[component_container-11] 	  7.440	  BBias	     --	     --	 -0.299	     --
[component_container-11] 	  7.440	  Sonar	     --	     --	  3.440	     --
[component_container-11] 	  7.440	  Magnt	     --	     --	     --	 -1.956
[component_container-11] 
[component_container-11] 	  7.470	   Pose	 -1.746	 -2.222	  3.462	 -1.991
[component_container-11] 	  7.470	  Twist	  0.224	 -0.139	  0.511	 -0.273
[component_container-11] 	  7.470	ErrPose	 -0.168	  0.394	 -0.004	 -0.004
[component_container-11] 	  7.470	ErrTwis	 -0.257	  0.002	 -0.007	 -0.007
[component_container-11] 	  7.470	    GPS	 -2.157	 -2.092	  3.232	     --
[component_container-11] 	  7.470	   Baro	     --	     --	  3.155	     --
[component_container-11] 	  7.470	  BBias	     --	     --	 -0.299	     --
[component_container-11] 	  7.470	  Sonar	     --	     --	  3.440	     --
[component_container-11] 	  7.470	  Magnt	     --	     --	     --	 -1.994
[component_container-11] 
[component_container-11] 	  7.500	   Pose	 -1.739	 -2.226	  3.475	 -1.999
[component_container-11] 	  7.500	  Twist	  0.226	 -0.142	  0.504	 -0.273
[component_container-11] 	  7.500	ErrPose	 -0.179	  0.401	  0.003	 -0.007
[component_container-11] 	  7.500	ErrTwis	 -0.257	  0.004	  0.000	 -0.007
[component_container-11] 	  7.500	    GPS	 -2.157	 -2.092	  3.232	     --
[component_container-11] 	  7.500	   Baro	     --	     --	  3.155	     --
[component_container-11] 	  7.500	  BBias	     --	     --	 -0.299	     --
[component_container-11] 	  7.500	  Sonar	     --	     --	  3.457	     --
[component_container-11] 	  7.500	  Magnt	     --	     --	     --	 -1.994
[component_container-11] 
[component_container-11] 	  7.540	   Pose	 -1.872	 -2.170	  3.498	 -2.009
[component_container-11] 	  7.540	  Twist	  0.180	 -0.124	  0.508	 -0.281
[component_container-11] 	  7.540	ErrPose	 -0.051	  0.349	  0.000	 -0.009
[component_container-11] 	  7.540	ErrTwis	 -0.211	 -0.016	 -0.003	  0.001
[component_container-11] 	  7.540	    GPS	 -2.221	 -2.017	  3.483	     --
[component_container-11] 	  7.540	   Baro	     --	     --	  3.218	     --
[component_container-11] 	  7.540	  BBias	     --	     --	 -0.299	     --
[component_container-11] 	  7.540	  Sonar	     --	     --	  3.498	     --
[component_container-11] 	  7.540	  Magnt	     --	     --	     --	 -1.953
[component_container-11] 
[component_container-11] 	  7.570	   Pose	 -1.867	 -2.174	  3.512	 -2.019
[component_container-11] 	  7.570	  Twist	  0.181	 -0.126	  0.503	 -0.270
[component_container-11] 	  7.570	ErrPose	 -0.059	  0.355	 -0.003	 -0.005
[component_container-11] 	  7.570	ErrTwis	 -0.212	 -0.014	  0.002	 -0.009
[component_container-11] 	  7.570	    GPS	 -2.221	 -2.017	  3.483	     --
[component_container-11] 	  7.570	   Baro	     --	     --	  3.015	     --
[component_container-11] 	  7.570	  BBias	     --	     --	 -0.300	     --
[component_container-11] 	  7.570	  Sonar	     --	     --	  3.498	     --
[component_container-11] 	  7.570	  Magnt	     --	     --	     --	 -2.069
[component_container-11] 
[component_container-11] 	  7.600	   Pose	 -1.861	 -2.178	  3.522	 -2.027
[component_container-11] 	  7.600	  Twist	  0.184	 -0.128	  0.490	 -0.279
[component_container-11] 	  7.600	ErrPose	 -0.069	  0.362	  0.007	 -0.008
[component_container-11] 	  7.600	ErrTwis	 -0.214	 -0.015	  0.015	 -0.000
[component_container-11] 	  7.600	    GPS	 -2.221	 -2.017	  3.483	     --
[component_container-11] 	  7.600	   Baro	     --	     --	  3.015	     --
[component_container-11] 	  7.600	  BBias	     --	     --	 -0.300	     --
[component_container-11] 	  7.600	  Sonar	     --	     --	  3.494	     --
[component_container-11] 	  7.600	  Magnt	     --	     --	     --	 -2.069
[component_container-11] 
[component_container-11] 	  7.640	   Pose	 -1.854	 -2.183	  3.543	 -2.039
[component_container-11] 	  7.640	  Twist	  0.186	 -0.132	  0.492	 -0.279
[component_container-11] 	  7.640	ErrPose	 -0.081	  0.371	  0.006	 -0.007
[component_container-11] 	  7.640	ErrTwis	 -0.214	 -0.015	  0.013	 -0.001
[component_container-11] 	  7.640	    GPS	 -2.221	 -2.017	  3.483	     --
[component_container-11] 	  7.640	   Baro	     --	     --	  3.131	     --
[component_container-11] 	  7.640	  BBias	     --	     --	 -0.301	     --
[component_container-11] 	  7.640	  Sonar	     --	     --	  3.546	     --
[component_container-11] 	  7.640	  Magnt	     --	     --	     --	 -2.051
[component_container-11] 
[component_container-11] 	  7.670	   Pose	 -1.848	 -2.187	  3.558	 -2.047
[component_container-11] 	  7.670	  Twist	  0.188	 -0.134	  0.492	 -0.279
[component_container-11] 	  7.670	ErrPose	 -0.090	  0.377	  0.000	 -0.004
[component_container-11] 	  7.670	ErrTwis	 -0.216	 -0.015	  0.013	 -0.001
[component_container-11] 	  7.670	    GPS	 -2.221	 -2.017	  3.483	     --
[component_container-11] 	  7.670	   Baro	     --	     --	  3.337	     --
[component_container-11] 	  7.670	  BBias	     --	     --	 -0.300	     --
[component_container-11] 	  7.670	  Sonar	     --	     --	  3.546	     --
[component_container-11] 	  7.670	  Magnt	     --	     --	     --	 -2.073
[component_container-11] 
[component_container-11] 	  7.700	   Pose	 -1.843	 -2.191	  3.572	 -2.056
[component_container-11] 	  7.700	  Twist	  0.189	 -0.137	  0.487	 -0.288
[component_container-11] 	  7.700	ErrPose	 -0.100	  0.385	  0.007	 -0.007
[component_container-11] 	  7.700	ErrTwis	 -0.216	 -0.016	  0.018	  0.009
[component_container-11] 	  7.700	    GPS	 -2.221	 -2.017	  3.483	     --
[component_container-11] 	  7.700	   Baro	     --	     --	  3.337	     --
[component_container-11] 	  7.700	  BBias	     --	     --	 -0.300	     --
[component_container-11] 	  7.700	  Sonar	     --	     --	  3.557	     --
[component_container-11] 	  7.700	  Magnt	     --	     --	     --	 -2.073
[component_container-11] 
[component_container-11] 	  7.740	   Pose	 -1.835	 -2.197	  3.596	 -2.066
[component_container-11] 	  7.740	  Twist	  0.191	 -0.140	  0.498	 -0.273
[component_container-11] 	  7.740	ErrPose	 -0.113	  0.395	  0.003	 -0.008
[component_container-11] 	  7.740	ErrTwis	 -0.217	 -0.017	  0.007	 -0.007
[component_container-11] 	  7.740	    GPS	 -2.221	 -2.017	  3.483	     --
[component_container-11] 	  7.740	   Baro	     --	     --	  3.196	     --
[component_container-11] 	  7.740	  BBias	     --	     --	 -0.301	     --
[component_container-11] 	  7.740	  Sonar	     --	     --	  3.609	     --
[component_container-11] 	  7.740	  Magnt	     --	     --	     --	 -2.043
[component_container-11] 
[component_container-11] 	  7.770	   Pose	 -1.829	 -2.201	  3.612	 -2.075
[component_container-11] 	  7.770	  Twist	  0.192	 -0.142	  0.499	 -0.281
[component_container-11] 	  7.770	ErrPose	 -0.121	  0.401	 -0.003	 -0.004
[component_container-11] 	  7.770	ErrTwis	 -0.218	 -0.016	  0.006	  0.001
[component_container-11] 	  7.770	    GPS	 -2.221	 -2.017	  3.483	     --
[component_container-11] 	  7.770	   Baro	     --	     --	  3.457	     --
[component_container-11] 	  7.770	  BBias	     --	     --	 -0.300	     --
[component_container-11] 	  7.770	  Sonar	     --	     --	  3.609	     --
[component_container-11] 	  7.770	  Magnt	     --	     --	     --	 -2.099
[component_container-11] 
[component_container-11] 	  7.800	   Pose	 -1.824	 -2.205	  3.633	 -2.083
[component_container-11] 	  7.800	  Twist	  0.193	 -0.145	  0.509	 -0.268
[component_container-11] 	  7.800	ErrPose	 -0.132	  0.409	 -0.003	 -0.007
[component_container-11] 	  7.800	ErrTwis	 -0.218	 -0.015	 -0.005	 -0.012
[component_container-11] 	  7.800	    GPS	 -2.221	 -2.017	  3.483	     --
[component_container-11] 	  7.800	   Baro	     --	     --	  3.457	     --
[component_container-11] 	  7.800	  BBias	     --	     --	 -0.300	     --
[component_container-11] 	  7.800	  Sonar	     --	     --	  3.636	     --
[component_container-11] 	  7.800	  Magnt	     --	     --	     --	 -2.099
[component_container-11] 
[component_container-11] 	  7.840	   Pose	 -1.816	 -2.211	  3.652	 -2.094
[component_container-11] 	  7.840	  Twist	  0.195	 -0.148	  0.505	 -0.281
[component_container-11] 	  7.840	ErrPose	 -0.145	  0.419	 -0.002	 -0.007
[component_container-11] 	  7.840	ErrTwis	 -0.220	 -0.012	 -0.001	 62.753
[component_container-11] 	  7.840	    GPS	 -2.221	 -2.017	  3.483	     --
[component_container-11] 	  7.840	   Baro	     --	     --	  3.395	     --
[component_container-11] 	  7.840	  BBias	     --	     --	 -0.300	     --
[component_container-11] 	  7.840	  Sonar	     --	     --	  3.637	     --
[component_container-11] 	  7.840	  Magnt	     --	     --	     --	 -2.094
[component_container-11] 
[component_container-11] 	  7.870	   Pose	 -1.810	 -2.216	  3.661	 -2.103
[component_container-11] 	  7.870	  Twist	  0.197	 -0.150	  0.489	 -0.278
[component_container-11] 	  7.870	ErrPose	 -0.153	  0.426	 -0.002	 -0.005
[component_container-11] 	  7.870	ErrTwis	 -0.221	 -0.009	  0.015	 62.750
[component_container-11] 	  7.870	    GPS	 -2.221	 -2.017	  3.483	     --
[component_container-11] 	  7.870	   Baro	     --	     --	  3.353	     --
[component_container-11] 	  7.870	  BBias	     --	     --	 -0.299	     --
[component_container-11] 	  7.870	  Sonar	     --	     --	  3.639	     --
[component_container-11] 	  7.870	  Magnt	     --	     --	     --	 -2.097
[component_container-11] 
[component_container-11] 	  7.900	   Pose	 -1.804	 -2.220	  3.676	 -2.111
[component_container-11] 	  7.900	  Twist	  0.198	 -0.153	  0.487	 -0.279
[component_container-11] 	  7.900	ErrPose	 -0.164	  0.435	  0.004	 -0.008
[component_container-11] 	  7.900	ErrTwis	 -0.221	 -0.005	  0.017	 62.751
[component_container-11] 	  7.900	    GPS	 -2.221	 -2.017	  3.483	     --
[component_container-11] 	  7.900	   Baro	     --	     --	  3.353	     --
[component_container-11] 	  7.900	  BBias	     --	     --	 -0.299	     --
[component_container-11] 	  7.900	  Sonar	     --	     --	  3.639	     --
[component_container-11] 	  7.900	  Magnt	     --	     --	     --	 -2.097
[component_container-11] 
[component_container-11] 	  7.940	   Pose	 -1.796	 -2.226	  3.699	 -2.122
[component_container-11] 	  7.940	  Twist	  0.200	 -0.156	  0.493	 -0.272
[component_container-11] 	  7.940	ErrPose	 -0.177	  0.445	  0.001	 -0.008
[component_container-11] 	  7.940	ErrTwis	 -0.222	 -0.001	  0.011	 -0.008
[component_container-11] 	  7.940	    GPS	 -2.221	 -2.017	  3.483	     --
[component_container-11] 	  7.940	   Baro	     --	     --	  3.452	     --
[component_container-11] 	  7.940	  BBias	     --	     --	 -0.299	     --
[component_container-11] 	  7.940	  Sonar	     --	     --	  3.700	     --
[component_container-11] 	  7.940	  Magnt	     --	     --	     --	 -2.129
[component_container-11] 
[component_container-11] 	  7.970	   Pose	 -1.790	 -2.231	  3.712	 -2.130
[component_container-11] 	  7.970	  Twist	  0.200	 -0.160	  0.488	 -0.277
[component_container-11] 	  7.970	ErrPose	 -0.185	  0.452	 -0.002	 -0.006
[component_container-11] 	  7.970	ErrTwis	 -0.222	  0.002	  0.017	 -0.003
[component_container-11] 	  7.970	    GPS	 -2.221	 -2.017	  3.483	     --
[component_container-11] 	  7.970	   Baro	     --	     --	  3.318	     --
[component_container-11] 	  7.970	  BBias	     --	     --	 -0.300	     --
[component_container-11] 	  7.970	  Sonar	     --	     --	  3.710	     --
[component_container-11] 	  7.970	  Magnt	     --	     --	     --	 -2.095
[component_container-11] 
[component_container-11] [INFO] [1775320687.506916097] [drone.controller]: cmd_vel body=(-0.069, -0.246, 0.500) yaw=-0.300 | odom_received=true | plan_points=14
[component_container-11] 	  8.000	   Pose	 -1.784	 -2.236	  3.727	 -2.138
[component_container-11] 	  8.000	  Twist	  0.202	 -0.163	  0.485	 -0.273
[component_container-11] 	  8.000	ErrPose	 -0.196	  0.461	  0.003	 -0.009
[component_container-11] 	  8.000	ErrTwis	 -0.223	  0.005	  0.019	 -0.007
[component_container-11] 	  8.000	    GPS	 -2.221	 -2.017	  3.483	     --
[component_container-11] 	  8.000	   Baro	     --	     --	  3.318	     --
[component_container-11] 	  8.000	  BBias	     --	     --	 -0.300	     --
[component_container-11] 	  8.000	  Sonar	     --	     --	  3.710	     --
[component_container-11] 	  8.000	  Magnt	     --	     --	     --	 -2.095
[component_container-11] 
[component_container-11] [INFO] [1775320687.507152924] [drone.estimator]: TMP LOG err_xyz=(-0.196, 0.461, 0.003) | z_est=3.727 vz_est=0.485 bias=-0.300 | gps_z=3.483 sonar=3.710 baro=3.318
[component_container-11] 	  8.040	   Pose	 -1.924	 -2.137	  3.745	 -2.148
[component_container-11] 	  8.040	  Twist	  0.153	 -0.131	  0.480	 -0.265
[component_container-11] 	  8.040	ErrPose	 -0.061	  0.366	  0.005	 -0.010
[component_container-11] 	  8.040	ErrTwis	 -0.174	 -0.027	  0.024	 -0.015
[component_container-11] 	  8.040	    GPS	 -2.289	 -1.877	  3.735	     --
[component_container-11] 	  8.040	   Baro	     --	     --	  3.447	     --
[component_container-11] 	  8.040	  BBias	     --	     --	 -0.299	     --
[component_container-11] 	  8.040	  Sonar	     --	     --	  3.729	     --
[component_container-11] 	  8.040	  Magnt	     --	     --	     --	 -2.125
[component_container-11] 
[component_container-11] 	  8.070	   Pose	 -1.920	 -2.141	  3.758	 -2.156
[component_container-11] 	  8.070	  Twist	  0.154	 -0.134	  0.477	 -0.287
[component_container-11] 	  8.070	ErrPose	 -0.068	  0.372	  0.002	 -0.007
[component_container-11] 	  8.070	ErrTwis	 -0.174	 -0.025	  0.028	  0.007
[component_container-11] 	  8.070	    GPS	 -2.289	 -1.877	  3.735	     --
[component_container-11] 	  8.070	   Baro	     --	     --	  3.341	     --
[component_container-11] 	  8.070	  BBias	     --	     --	 -0.300	     --
[component_container-11] 	  8.070	  Sonar	     --	     --	  3.729	     --
[component_container-11] 	  8.070	  Magnt	     --	     --	     --	 -2.153
[component_container-11] 
[component_container-11] 	  8.100	   Pose	 -1.915	 -2.145	  3.771	 -2.164
[component_container-11] 	  8.100	  Twist	  0.155	 -0.137	  0.473	 -0.270
[component_container-11] 	  8.100	ErrPose	 -0.078	  0.381	  0.009	 -0.010
[component_container-11] 	  8.100	ErrTwis	 -0.175	 -0.024	  0.032	 -0.010
[component_container-11] 	  8.100	    GPS	 -2.289	 -1.877	  3.735	     --
[component_container-11] 	  8.100	   Baro	     --	     --	  3.341	     --
[component_container-11] 	  8.100	  BBias	     --	     --	 -0.300	     --
[component_container-11] 	  8.100	  Sonar	     --	     --	  3.757	     --
[component_container-11] 	  8.100	  Magnt	     --	     --	     --	 -2.153
[component_container-11] 
[component_container-11] 	  8.140	   Pose	 -1.909	 -2.151	  3.796	 -2.176
[component_container-11] 	  8.140	  Twist	  0.156	 -0.141	  0.485	 -0.290
[component_container-11] 	  8.140	ErrPose	 -0.089	  0.391	  0.004	 -0.010
[component_container-11] 	  8.140	ErrTwis	 -0.175	 -0.022	  0.020	  0.010
[component_container-11] 	  8.140	    GPS	 -2.289	 -1.877	  3.735	     --
[component_container-11] 	  8.140	   Baro	     --	     --	  3.579	     --
[component_container-11] 	  8.140	  BBias	     --	     --	 -0.300	     --
[component_container-11] 	  8.140	  Sonar	     --	     --	  3.807	     --
[component_container-11] 	  8.140	  Magnt	     --	     --	     --	 -2.168
[component_container-11] 
[component_container-11] 	  8.170	   Pose	 -1.904	 -2.155	  3.811	 -2.184
[component_container-11] 	  8.170	  Twist	  0.157	 -0.143	  0.484	 -0.266
[component_container-11] 	  8.170	ErrPose	 -0.096	  0.397	 -0.001	 -0.007
[component_container-11] 	  8.170	ErrTwis	 -0.175	 -0.021	  0.021	 -0.014
[component_container-11] 	  8.170	    GPS	 -2.289	 -1.877	  3.735	     --
[component_container-11] 	  8.170	   Baro	     --	     --	  3.540	     --
[component_container-11] 	  8.170	  BBias	     --	     --	 -0.299	     --
[component_container-11] 	  8.170	  Sonar	     --	     --	  3.807	     --
[component_container-11] 	  8.170	  Magnt	     --	     --	     --	 -2.183
[component_container-11] 
[component_container-11] [INFO] [1775320687.679419205] [drone.estimator]: TMP LOG sonar rejected: meas=3.779 est_z=3.811 innov=-0.033
[component_container-11] 	  8.200	   Pose	 -1.899	 -2.159	  3.826	 -2.193
[component_container-11] 	  8.200	  Twist	  0.158	 -0.146	  0.483	 -0.303
[component_container-11] 	  8.200	ErrPose	 -0.106	  0.406	  0.005	 -0.010
[component_container-11] 	  8.200	ErrTwis	 -0.175	 -0.022	  0.022	  0.023
[component_container-11] 	  8.200	    GPS	 -2.289	 -1.877	  3.735	     --
[component_container-11] 	  8.200	   Baro	     --	     --	  3.540	     --
[component_container-11] 	  8.200	  BBias	     --	     --	 -0.299	     --
[component_container-11] 	  8.200	  Sonar	     --	     --	  3.779	     --
[component_container-11] 	  8.200	  Magnt	     --	     --	     --	 -2.183
[component_container-11] 
[component_container-11] 	  8.240	   Pose	 -1.893	 -2.165	  3.844	 -2.204
[component_container-11] 	  8.240	  Twist	  0.159	 -0.148	  0.479	 -0.290
[component_container-11] 	  8.240	ErrPose	 -0.118	  0.417	  0.007	 -0.010
[component_container-11] 	  8.240	ErrTwis	 -0.175	 -0.023	  0.025	  0.010
[component_container-11] 	  8.240	    GPS	 -2.289	 -1.877	  3.735	     --
[component_container-11] 	  8.240	   Baro	     --	     --	  3.473	     --
[component_container-11] 	  8.240	  BBias	     --	     --	 -0.300	     --
[component_container-11] 	  8.240	  Sonar	     --	     --	  3.835	     --
[component_container-11] 	  8.240	  Magnt	     --	     --	     --	 -2.186
[component_container-11] 
[component_container-11] 	  8.270	   Pose	 -1.888	 -2.170	  3.859	 -2.212
[component_container-11] 	  8.270	  Twist	  0.160	 -0.151	  0.478	 -0.284
[component_container-11] 	  8.270	ErrPose	 -0.125	  0.424	  0.002	 -0.007
[component_container-11] 	  8.270	ErrTwis	 -0.175	 -0.022	  0.027	  0.004
[component_container-11] 	  8.270	    GPS	 -2.289	 -1.877	  3.735	     --
[component_container-11] 	  8.270	   Baro	     --	     --	  3.556	     --
[component_container-11] 	  8.270	  BBias	     --	     --	 -0.300	     --
[component_container-11] 	  8.270	  Sonar	     --	     --	  3.835	     --
[component_container-11] 	  8.270	  Magnt	     --	     --	     --	 -2.208
[component_container-11] 
[component_container-11] 	  8.300	   Pose	 -1.883	 -2.174	  3.873	 -2.220
[component_container-11] 	  8.300	  Twist	  0.161	 -0.154	  0.476	 -0.272
[component_container-11] 	  8.300	ErrPose	 -0.135	  0.433	  0.008	 -0.010
[component_container-11] 	  8.300	ErrTwis	 -0.176	 -0.020	  0.028	 -0.008
[component_container-11] 	  8.300	    GPS	 -2.289	 -1.877	  3.735	     --
[component_container-11] 	  8.300	   Baro	     --	     --	  3.556	     --
[component_container-11] 	  8.300	  BBias	     --	     --	 -0.300	     --
[component_container-11] 	  8.300	  Sonar	     --	     --	  3.886	     --
[component_container-11] 	  8.300	  Magnt	     --	     --	     --	 -2.208
[component_container-11] 
[component_container-11] 	  8.340	   Pose	 -1.877	 -2.180	  3.892	 -2.232
[component_container-11] 	  8.340	  Twist	  0.161	 -0.158	  0.473	 -0.272
[component_container-11] 	  8.340	ErrPose	 -0.146	  0.444	  0.010	 -0.010
[component_container-11] 	  8.340	ErrTwis	 -0.175	 -0.015	  0.031	 -0.008
[component_container-11] 	  8.340	    GPS	 -2.289	 -1.877	  3.735	     --
[component_container-11] 	  8.340	   Baro	     --	     --	  3.546	     --
[component_container-11] 	  8.340	  BBias	     --	     --	 -0.300	     --
[component_container-11] 	  8.340	  Sonar	     --	     --	  3.844	     --
[component_container-11] 	  8.340	  Magnt	     --	     --	     --	 -2.235
[component_container-11] 
[component_container-11] 	  8.370	   Pose	 -1.872	 -2.185	  3.904	 -2.240
[component_container-11] 	  8.370	  Twist	  0.162	 -0.160	  0.468	 -0.280
[component_container-11] 	  8.370	ErrPose	 -0.154	  0.451	  0.007	 -0.007
[component_container-11] 	  8.370	ErrTwis	 -0.176	 -0.011	  0.035	 -0.000
[component_container-11] 	  8.370	    GPS	 -2.289	 -1.877	  3.735	     --
[component_container-11] 	  8.370	   Baro	     --	     --	  3.523	     --
[component_container-11] 	  8.370	  BBias	     --	     --	 -0.300	     --
[component_container-11] 	  8.370	  Sonar	     --	     --	  3.844	     --
[component_container-11] 	  8.370	  Magnt	     --	     --	     --	 -2.256
[component_container-11] 
[component_container-11] 	  8.400	   Pose	 -1.867	 -2.190	  3.919	 -2.249
[component_container-11] 	  8.400	  Twist	  0.163	 -0.163	  0.467	 -0.284
[component_container-11] 	  8.400	ErrPose	 -0.163	  0.461	  0.013	 -0.010
[component_container-11] 	  8.400	ErrTwis	 -0.176	 -0.006	  0.037	  0.004
[component_container-11] 	  8.400	    GPS	 -2.289	 -1.877	  3.735	     --
[component_container-11] 	  8.400	   Baro	     --	     --	  3.523	     --
[component_container-11] 	  8.400	  BBias	     --	     --	 -0.300	     --
[component_container-11] 	  8.400	  Sonar	     --	     --	  3.901	     --
[component_container-11] 	  8.400	  Magnt	     --	     --	     --	 -2.256
[component_container-11] 
[component_container-11] 	  8.440	   Pose	 -1.861	 -2.197	  3.936	 -2.259
[component_container-11] 	  8.440	  Twist	  0.164	 -0.167	  0.463	 -0.270
[component_container-11] 	  8.440	ErrPose	 -0.175	  0.472	  0.016	 -0.010
[component_container-11] 	  8.440	ErrTwis	 -0.177	  0.001	  0.041	 -0.010
[component_container-11] 	  8.440	    GPS	 -2.289	 -1.877	  3.735	     --
[component_container-11] 	  8.440	   Baro	     --	     --	  3.557	     --
[component_container-11] 	  8.440	  BBias	     --	     --	 -0.301	     --
[component_container-11] 	  8.440	  Sonar	     --	     --	  3.991	     --
[component_container-11] 	  8.440	  Magnt	     --	     --	     --	 -2.249
[component_container-11] 
[component_container-11] 	  8.470	   Pose	 -1.856	 -2.202	  3.951	 -2.269
[component_container-11] 	  8.470	  Twist	  0.165	 -0.170	  0.465	 -0.277
[component_container-11] 	  8.470	ErrPose	 -0.182	  0.479	  0.011	 -0.007
[component_container-11] 	  8.470	ErrTwis	 -0.178	  0.005	  0.040	 -0.003
[component_container-11] 	  8.470	    GPS	 -2.289	 -1.877	  3.735	     --
[component_container-11] 	  8.470	   Baro	     --	     --	  3.710	     --
[component_container-11] 	  8.470	  BBias	     --	     --	 -0.300	     --
[component_container-11] 	  8.470	  Sonar	     --	     --	  3.964	     --
[component_container-11] 	  8.470	  Magnt	     --	     --	     --	 -2.305
[component_container-11] 
[component_container-11] 	  8.500	   Pose	 -1.851	 -2.207	  3.965	 -2.277
[component_container-11] 	  8.500	  Twist	  0.166	 -0.173	  0.463	 -0.264
[component_container-11] 	  8.500	ErrPose	 -0.191	  0.489	  0.017	 -0.010
[component_container-11] 	  8.500	ErrTwis	 -0.179	  0.010	  0.042	 -0.015
[component_container-11] 	  8.500	    GPS	 -2.289	 -1.877	  3.735	     --
[component_container-11] 	  8.500	   Baro	     --	     --	  3.710	     --
[component_container-11] 	  8.500	  BBias	     --	     --	 -0.300	     --
[component_container-11] 	  8.500	  Sonar	     --	     --	  3.964	     --
[component_container-11] 	  8.500	  Magnt	     --	     --	     --	 -2.305
[component_container-11] 
[component_container-11] 	  8.540	   Pose	 -1.996	 -2.112	  3.985	 -2.288
[component_container-11] 	  8.540	  Twist	  0.115	 -0.142	  0.462	 -0.301
[component_container-11] 	  8.540	ErrPose	 -0.051	  0.399	  0.018	 -0.009
[component_container-11] 	  8.540	ErrTwis	 -0.127	 -0.020	  0.043	  0.021
[component_container-11] 	  8.540	    GPS	 -2.363	 -1.865	  3.987	     --
[component_container-11] 	  8.540	   Baro	     --	     --	  3.662	     --
[component_container-11] 	  8.540	  BBias	     --	     --	 -0.300	     --
[component_container-11] 	  8.540	  Sonar	     --	     --	  3.994	     --
[component_container-11] 	  8.540	  Magnt	     --	     --	     --	 -2.291
[component_container-11] 
[component_container-11] 	  8.570	   Pose	 -1.993	 -2.116	  3.999	 -2.297
[component_container-11] 	  8.570	  Twist	  0.116	 -0.145	  0.462	 -0.288
[component_container-11] 	  8.570	ErrPose	 -0.056	  0.406	  0.013	 -0.006
[component_container-11] 	  8.570	ErrTwis	 -0.128	 -0.017	  0.043	  0.008
[component_container-11] 	  8.570	    GPS	 -2.363	 -1.865	  3.987	     --
[component_container-11] 	  8.570	   Baro	     --	     --	  3.720	     --
[component_container-11] 	  8.570	  BBias	     --	     --	 -0.300	     --
[component_container-11] 	  8.570	  Sonar	     --	     --	  3.994	     --
[component_container-11] 	  8.570	  Magnt	     --	     --	     --	 -2.312
[component_container-11] 
[component_container-11] 	  8.600	   Pose	 -1.989	 -2.121	  4.013	 -2.305
[component_container-11] 	  8.600	  Twist	  0.117	 -0.147	  0.460	 -0.262
[component_container-11] 	  8.600	ErrPose	 -0.064	  0.415	  0.019	 -0.009
[component_container-11] 	  8.600	ErrTwis	 -0.128	 -0.014	  0.045	 -0.018
[component_container-11] 	  8.600	    GPS	 -2.363	 -1.865	  3.987	     --
[component_container-11] 	  8.600	   Baro	     --	     --	  3.720	     --
[component_container-11] 	  8.600	  BBias	     --	     --	 -0.300	     --
[component_container-11] 	  8.600	  Sonar	     --	     --	    inf	     --
[component_container-11] 	  8.600	  Magnt	     --	     --	     --	 -2.312
[component_container-11] 
[component_container-11] 	  8.640	   Pose	 -1.984	 -2.127	  4.032	 -2.316
[component_container-11] 	  8.640	  Twist	  0.118	 -0.151	  0.457	 -0.268
[component_container-11] 	  8.640	ErrPose	 -0.074	  0.426	  0.021	 -0.009
[component_container-11] 	  8.640	ErrTwis	 -0.129	 -0.012	  0.049	 -0.012
[component_container-11] 	  8.640	    GPS	 -2.363	 -1.865	  3.987	     --
[component_container-11] 	  8.640	   Baro	     --	     --	  3.718	     --
[component_container-11] 	  8.640	  BBias	     --	     --	 -0.300	     --
[component_container-11] 	  8.640	  Sonar	     --	     --	    inf	     --
[component_container-11] 	  8.640	  Magnt	     --	     --	     --	 -2.308
[component_container-11] 
[component_container-11] 	  8.670	   Pose	 -1.981	 -2.131	  4.049	 -2.326
[component_container-11] 	  8.670	  Twist	  0.118	 -0.154	  0.462	 -0.283
[component_container-11] 	  8.670	ErrPose	 -0.079	  0.433	  0.014	 -0.005
[component_container-11] 	  8.670	ErrTwis	 -0.129	 -0.010	  0.044	  0.003
[component_container-11] 	  8.670	    GPS	 -2.363	 -1.865	  3.987	     --
[component_container-11] 	  8.670	   Baro	     --	     --	  3.834	     --
[component_container-11] 	  8.670	  BBias	     --	     --	 -0.300	     --
[component_container-11] 	  8.670	  Sonar	     --	     --	    inf	     --
[component_container-11] 	  8.670	  Magnt	     --	     --	     --	 -2.362
[component_container-11] 
[component_container-11] 	  8.700	   Pose	 -1.977	 -2.136	  4.063	 -2.334
[component_container-11] 	  8.700	  Twist	  0.119	 -0.156	  0.460	 -0.289
[component_container-11] 	  8.700	ErrPose	 -0.088	  0.443	  0.020	 -0.008
[component_container-11] 	  8.700	ErrTwis	 -0.129	 -0.011	  0.046	  0.009
[component_container-11] 	  8.700	    GPS	 -2.363	 -1.865	  3.987	     --
[component_container-11] 	  8.700	   Baro	     --	     --	  3.834	     --
[component_container-11] 	  8.700	  BBias	     --	     --	 -0.300	     --
[component_container-11] 	  8.700	  Sonar	     --	     --	    inf	     --
[component_container-11] 	  8.700	  Magnt	     --	     --	     --	 -2.362
[component_container-11] 
[component_container-11] 	  8.740	   Pose	 -1.973	 -2.142	  4.079	 -2.346
[component_container-11] 	  8.740	  Twist	  0.119	 -0.159	  0.455	 -0.283
[component_container-11] 	  8.740	ErrPose	 -0.097	  0.454	  0.024	 -0.008
[component_container-11] 	  8.740	ErrTwis	 -0.129	 -0.010	  0.050	  0.003
[component_container-11] 	  8.740	    GPS	 -2.363	 -1.865	  3.987	     --
[component_container-11] 	  8.740	   Baro	     --	     --	  3.722	     --
[component_container-11] 	  8.740	  BBias	     --	     --	 -0.300	     --
[component_container-11] 	  8.740	  Sonar	     --	     --	    inf	     --
[component_container-11] 	  8.740	  Magnt	     --	     --	     --	 -2.355
[component_container-11] 
[component_container-11] 	  8.770	   Pose	 -1.969	 -2.147	  4.093	 -2.354
[component_container-11] 	  8.770	  Twist	  0.119	 -0.161	  0.453	 -0.277
[component_container-11] 	  8.770	ErrPose	 -0.103	  0.462	  0.020	 -0.005
[component_container-11] 	  8.770	ErrTwis	 -0.128	 -0.008	  0.052	 -0.003
[component_container-11] 	  8.770	    GPS	 -2.363	 -1.865	  3.987	     --
[component_container-11] 	  8.770	   Baro	     --	     --	  3.795	     --
[component_container-11] 	  8.770	  BBias	     --	     --	 -0.300	     --
[component_container-11] 	  8.770	  Sonar	     --	     --	    inf	     --
[component_container-11] 	  8.770	  Magnt	     --	     --	     --	 -2.333
[component_container-11] 
[component_container-11] 	  8.800	   Pose	 -1.965	 -2.152	  4.107	 -2.362
[component_container-11] 	  8.800	  Twist	  0.120	 -0.164	  0.451	 -0.283
[component_container-11] 	  8.800	ErrPose	 -0.110	  0.471	  0.027	 -0.008
[component_container-11] 	  8.800	ErrTwis	 -0.129	 -0.006	  0.053	  0.003
[component_container-11] 	  8.800	    GPS	 -2.363	 -1.865	  3.987	     --
[component_container-11] 	  8.800	   Baro	     --	     --	  3.795	     --
[component_container-11] 	  8.800	  BBias	     --	     --	 -0.300	     --
[component_container-11] 	  8.800	  Sonar	     --	     --	    inf	     --
[component_container-11] 	  8.800	  Magnt	     --	     --	     --	 -2.333
[component_container-11] 
[component_container-11] 	  8.840	   Pose	 -1.961	 -2.159	  4.121	 -2.373
[component_container-11] 	  8.840	  Twist	  0.120	 -0.168	  0.443	 -0.281
[component_container-11] 	  8.840	ErrPose	 -0.119	  0.483	  0.033	 -0.008
[component_container-11] 	  8.840	ErrTwis	 -0.130	 -0.000	  0.061	  0.001
[component_container-11] 	  8.840	    GPS	 -2.363	 -1.865	  3.987	     --
[component_container-11] 	  8.840	   Baro	     --	     --	  3.740	     --
[component_container-11] 	  8.840	  BBias	     --	     --	 -0.300	     --
[component_container-11] 	  8.840	  Sonar	     --	     --	    inf	     --
[component_container-11] 	  8.840	  Magnt	     --	     --	     --	 -2.354
[component_container-11] 
[component_container-11] 	  8.870	   Pose	 -1.957	 -2.164	  4.140	 -2.381
[component_container-11] 	  8.870	  Twist	  0.120	 -0.171	  0.449	 -0.268
[component_container-11] 	  8.870	ErrPose	 -0.125	  0.491	  0.024	 -0.006
[component_container-11] 	  8.870	ErrTwis	 -0.130	  0.004	  0.054	 -0.012
[component_container-11] 	  8.870	    GPS	 -2.363	 -1.865	  3.987	     --
[component_container-11] 	  8.870	   Baro	     --	     --	  3.929	     --
[component_container-11] 	  8.870	  BBias	     --	     --	 -0.300	     --
[component_container-11] 	  8.870	  Sonar	     --	     --	    inf	     --
[component_container-11] 	  8.870	  Magnt	     --	     --	     --	 -2.376
[component_container-11] 
[component_container-11] 	  8.900	   Pose	 -1.953	 -2.169	  4.154	 -2.389
[component_container-11] 	  8.900	  Twist	  0.120	 -0.173	  0.448	 -0.280
[component_container-11] 	  8.900	ErrPose	 -0.132	  0.501	  0.030	 -0.009
[component_container-11] 	  8.900	ErrTwis	 -0.130	  0.010	  0.056	  0.000
[component_container-11] 	  8.900	    GPS	 -2.363	 -1.865	  3.987	     --
[component_container-11] 	  8.900	   Baro	     --	     --	  3.929	     --
[component_container-11] 	  8.900	  BBias	     --	     --	 -0.300	     --
[component_container-11] 	  8.900	  Sonar	     --	     --	    inf	     --
[component_container-11] 	  8.900	  Magnt	     --	     --	     --	 -2.376
[component_container-11] 
[component_container-11] 	  8.940	   Pose	 -1.949	 -2.176	  4.176	 -2.401
[component_container-11] 	  8.940	  Twist	  0.121	 -0.176	  0.451	 -0.279
[component_container-11] 	  8.940	ErrPose	 -0.141	  0.513	  0.028	 -0.009
[component_container-11] 	  8.940	ErrTwis	 -0.131	  0.018	  0.053	 -0.001
[component_container-11] 	  8.940	    GPS	 -2.363	 -1.865	  3.987	     --
[component_container-11] 	  8.940	   Baro	     --	     --	  3.924	     --
[component_container-11] 	  8.940	  BBias	     --	     --	 -0.300	     --
[component_container-11] 	  8.940	  Sonar	     --	     --	    inf	     --
[component_container-11] 	  8.940	  Magnt	     --	     --	     --	 -2.393
[component_container-11] 
[component_container-11] 	  8.970	   Pose	 -1.945	 -2.181	  4.194	 -2.409
[component_container-11] 	  8.970	  Twist	  0.121	 -0.178	  0.454	 -0.292
[component_container-11] 	  8.970	ErrPose	 -0.146	  0.520	  0.020	 -0.006
[component_container-11] 	  8.970	ErrTwis	 -0.132	  0.022	  0.049	  0.013
[component_container-11] 	  8.970	    GPS	 -2.363	 -1.865	  3.987	     --
[component_container-11] 	  8.970	   Baro	     --	     --	  3.946	     --
[component_container-11] 	  8.970	  BBias	     --	     --	 -0.300	     --
[component_container-11] 	  8.970	  Sonar	     --	     --	    inf	     --
[component_container-11] 	  8.970	  Magnt	     --	     --	     --	 -2.384
[component_container-11] 
[component_container-11] [INFO] [1775320688.508894103] [drone.controller]: cmd_vel body=(-0.080, -0.171, 0.500) yaw=-0.300 | odom_received=true | plan_points=9
[component_container-11] 	  9.000	   Pose	 -1.941	 -2.187	  4.207	 -2.417
[component_container-11] 	  9.000	  Twist	  0.122	 -0.181	  0.452	 -0.270
[component_container-11] 	  9.000	ErrPose	 -0.153	  0.531	  0.027	 -0.009
[component_container-11] 	  9.000	ErrTwis	 -0.133	  0.029	  0.051	 -0.010
[component_container-11] 	  9.000	    GPS	 -2.363	 -1.865	  3.987	     --
[component_container-11] 	  9.000	   Baro	     --	     --	  3.946	     --
[component_container-11] 	  9.000	  BBias	     --	     --	 -0.300	     --
[component_container-11] 	  9.000	  Sonar	     --	     --	    inf	     --
[component_container-11] 	  9.000	  Magnt	     --	     --	     --	 -2.384
[component_container-11] 
[component_container-11] [INFO] [1775320688.509326402] [drone.estimator]: TMP LOG err_xyz=(-0.153, 0.531, 0.027) | z_est=4.207 vz_est=0.452 bias=-0.300 | gps_z=3.987 sonar=inf baro=3.946
[component_container-11] 	  9.040	   Pose	 -2.051	 -2.115	  4.229	 -2.429
[component_container-11] 	  9.040	  Twist	  0.083	 -0.158	  0.454	 -0.286
[component_container-11] 	  9.040	ErrPose	 -0.047	  0.463	  0.026	 -0.009
[component_container-11] 	  9.040	ErrTwis	 -0.095	  0.010	  0.050	  0.006
[component_container-11] 	  9.040	    GPS	 -2.327	 -1.921	  4.239	     --
[component_container-11] 	  9.040	   Baro	     --	     --	  3.904	     --
[component_container-11] 	  9.040	  BBias	     --	     --	 -0.300	     --
[component_container-11] 	  9.040	  Sonar	     --	     --	    inf	     --
[component_container-11] 	  9.040	  Magnt	     --	     --	     --	 -2.448
[component_container-11] 
[component_container-11] 	  9.070	   Pose	 -2.048	 -2.120	  4.241	 -2.438
[component_container-11] 	  9.070	  Twist	  0.083	 -0.160	  0.450	 -0.281
[component_container-11] 	  9.070	ErrPose	 -0.051	  0.471	  0.024	 -0.005
[component_container-11] 	  9.070	ErrTwis	 -0.096	  0.014	  0.054	  0.001
[component_container-11] 	  9.070	    GPS	 -2.327	 -1.921	  4.239	     --
[component_container-11] 	  9.070	   Baro	     --	     --	  3.914	     --
[component_container-11] 	  9.070	  BBias	     --	     --	 -0.300	     --
[component_container-11] 	  9.070	  Sonar	     --	     --	    inf	     --
[component_container-11] 	  9.070	  Magnt	     --	     --	     --	 -2.467
[component_container-11] 
[component_container-11] 	  9.100	   Pose	 -2.046	 -2.124	  4.254	 -2.446
[component_container-11] 	  9.100	  Twist	  0.083	 -0.163	  0.449	 -0.268
[component_container-11] 	  9.100	ErrPose	 -0.057	  0.480	  0.031	 -0.008
[component_container-11] 	  9.100	ErrTwis	 -0.096	  0.020	  0.055	 -0.012
[component_container-11] 	  9.100	    GPS	 -2.327	 -1.921	  4.239	     --
[component_container-11] 	  9.100	   Baro	     --	     --	  3.914	     --
[component_container-11] 	  9.100	  BBias	     --	     --	 -0.300	     --
[component_container-11] 	  9.100	  Sonar	     --	     --	    inf	     --
[component_container-11] 	  9.100	  Magnt	     --	     --	     --	 -2.467
[component_container-11] 
[component_container-11] 	  9.140	   Pose	 -2.043	 -2.131	  4.279	 -2.458
[component_container-11] 	  9.140	  Twist	  0.084	 -0.166	  0.454	 -0.279
[component_container-11] 	  9.140	ErrPose	 -0.063	  0.491	  0.026	 -0.008
[component_container-11] 	  9.140	ErrTwis	 -0.098	  0.025	  0.050	 -0.001
[component_container-11] 	  9.140	    GPS	 -2.327	 -1.921	  4.239	     --
[component_container-11] 	  9.140	   Baro	     --	     --	  4.051	     --
[component_container-11] 	  9.140	  BBias	     --	     --	 -0.300	     --
[component_container-11] 	  9.140	  Sonar	     --	     --	    inf	     --
[component_container-11] 	  9.140	  Magnt	     --	     --	     --	 -2.480
[component_container-11] 
[component_container-11] 	  9.170	   Pose	 -2.040	 -2.136	  4.292	 -2.467
[component_container-11] 	  9.170	  Twist	  0.083	 -0.169	  0.452	 -0.279
[component_container-11] 	  9.170	ErrPose	 -0.067	  0.499	  0.023	 -0.004
[component_container-11] 	  9.170	ErrTwis	 -0.098	  0.029	  0.052	 -0.001
[component_container-11] 	  9.170	    GPS	 -2.327	 -1.921	  4.239	     --
[component_container-11] 	  9.170	   Baro	     --	     --	  3.987	     --
[component_container-11] 	  9.170	  BBias	     --	     --	 -0.300	     --
[component_container-11] 	  9.170	  Sonar	     --	     --	    inf	     --
[component_container-11] 	  9.170	  Magnt	     --	     --	     --	 -2.506
[component_container-11] 
[component_container-11] 	  9.200	   Pose	 -2.038	 -2.141	  4.306	 -2.475
[component_container-11] 	  9.200	  Twist	  0.083	 -0.171	  0.451	 -0.267
[component_container-11] 	  9.200	ErrPose	 -0.072	  0.509	  0.029	 -0.007
[component_container-11] 	  9.200	ErrTwis	 -0.098	  0.032	  0.053	 -0.013
[component_container-11] 	  9.200	    GPS	 -2.327	 -1.921	  4.239	     --
[component_container-11] 	  9.200	   Baro	     --	     --	  3.987	     --
[component_container-11] 	  9.200	  BBias	     --	     --	 -0.300	     --
[component_container-11] 	  9.200	  Sonar	     --	     --	    inf	     --
[component_container-11] 	  9.200	  Magnt	     --	     --	     --	 -2.506
[component_container-11] 
[component_container-11] 	  9.240	   Pose	 -2.034	 -2.148	  4.326	 -2.485
[component_container-11] 	  9.240	  Twist	  0.083	 -0.175	  0.451	 -0.287
[component_container-11] 	  9.240	ErrPose	 -0.078	  0.521	  0.029	 -0.008
[component_container-11] 	  9.240	ErrTwis	 -0.100	  0.036	  0.053	  0.007
[component_container-11] 	  9.240	    GPS	 -2.327	 -1.921	  4.239	     --
[component_container-11] 	  9.240	   Baro	     --	     --	  4.037	     --
[component_container-11] 	  9.240	  BBias	     --	     --	 -0.300	     --
[component_container-11] 	  9.240	  Sonar	     --	     --	    inf	     --
[component_container-11] 	  9.240	  Magnt	     --	     --	     --	 -2.437
[component_container-11] 
[component_container-11] 	  9.270	   Pose	 -2.032	 -2.153	  4.333	 -2.493
[component_container-11] 	  9.270	  Twist	  0.083	 -0.177	  0.442	 -0.253
[component_container-11] 	  9.270	ErrPose	 -0.082	  0.528	  0.032	 -0.006
[component_container-11] 	  9.270	ErrTwis	 -0.100	  0.039	  0.061	 -0.027
[component_container-11] 	  9.270	    GPS	 -2.327	 -1.921	  4.239	     --
[component_container-11] 	  9.270	   Baro	     --	     --	  3.957	     --
[component_container-11] 	  9.270	  BBias	     --	     --	 -0.300	     --
[component_container-11] 	  9.270	  Sonar	     --	     --	    inf	     --
[component_container-11] 	  9.270	  Magnt	     --	     --	     --	 -2.469
[component_container-11] 
[component_container-11] 	  9.300	   Pose	 -2.029	 -2.159	  4.347	 -2.501
[component_container-11] 	  9.300	  Twist	  0.083	 -0.180	  0.441	 -0.281
[component_container-11] 	  9.300	ErrPose	 -0.087	  0.538	  0.039	 -0.009
[component_container-11] 	  9.300	ErrTwis	 -0.101	  0.044	  0.063	  0.001
[component_container-11] 	  9.300	    GPS	 -2.327	 -1.921	  4.239	     --
[component_container-11] 	  9.300	   Baro	     --	     --	  3.957	     --
[component_container-11] 	  9.300	  BBias	     --	     --	 -0.300	     --
[component_container-11] 	  9.300	  Sonar	     --	     --	    inf	     --
[component_container-11] 	  9.300	  Magnt	     --	     --	     --	 -2.469
[component_container-11] 
[component_container-11] 	  9.340	   Pose	 -2.026	 -2.166	  4.369	 -2.512
[component_container-11] 	  9.340	  Twist	  0.083	 -0.183	  0.444	 -0.286
[component_container-11] 	  9.340	ErrPose	 -0.092	  0.550	  0.036	 -0.009
[component_container-11] 	  9.340	ErrTwis	 -0.102	  0.051	  0.059	  0.006
[component_container-11] 	  9.340	    GPS	 -2.327	 -1.921	  4.239	     --
[component_container-11] 	  9.340	   Baro	     --	     --	  4.114	     --
[component_container-11] 	  9.340	  BBias	     --	     --	 -0.300	     --
[component_container-11] 	  9.340	  Sonar	     --	     --	    inf	     --
[component_container-11] 	  9.340	  Magnt	     --	     --	     --	 -2.497
[component_container-11] 
[component_container-11] 	  9.370	   Pose	 -2.023	 -2.171	  4.377	 -2.521
[component_container-11] 	  9.370	  Twist	  0.083	 -0.186	  0.436	 -0.285
[component_container-11] 	  9.370	ErrPose	 -0.095	  0.558	  0.039	 -0.006
[component_container-11] 	  9.370	ErrTwis	 -0.104	  0.055	  0.067	  0.005
[component_container-11] 	  9.370	    GPS	 -2.327	 -1.921	  4.239	     --
[component_container-11] 	  9.370	   Baro	     --	     --	  4.010	     --
[component_container-11] 	  9.370	  BBias	     --	     --	 -0.300	     --
[component_container-11] 	  9.370	  Sonar	     --	     --	    inf	     --
[component_container-11] 	  9.370	  Magnt	     --	     --	     --	 -2.512
[component_container-11] 
[component_container-11] 	  9.400	   Pose	 -2.021	 -2.177	  4.390	 -2.529
[component_container-11] 	  9.400	  Twist	  0.083	 -0.189	  0.435	 -0.287
[component_container-11] 	  9.400	ErrPose	 -0.100	  0.568	  0.046	 -0.009
[component_container-11] 	  9.400	ErrTwis	 -0.106	  0.062	  0.069	  0.007
[component_container-11] 	  9.400	    GPS	 -2.327	 -1.921	  4.239	     --
[component_container-11] 	  9.400	   Baro	     --	     --	  4.010	     --
[component_container-11] 	  9.400	  BBias	     --	     --	 -0.300	     --
[component_container-11] 	  9.400	  Sonar	     --	     --	    inf	     --
[component_container-11] 	  9.400	  Magnt	     --	     --	     --	 -2.512
[component_container-11] 
[component_container-11] 	  9.440	   Pose	 -2.018	 -2.185	  4.419	 -2.540
[component_container-11] 	  9.440	  Twist	  0.083	 -0.193	  0.443	 -0.284
[component_container-11] 	  9.440	ErrPose	 -0.105	  0.580	  0.038	 -0.009
[component_container-11] 	  9.440	ErrTwis	 -0.107	  0.071	  0.060	  0.004
[component_container-11] 	  9.440	    GPS	 -2.327	 -1.921	  4.239	     --
[component_container-11] 	  9.440	   Baro	     --	     --	  4.226	     --
[component_container-11] 	  9.440	  BBias	     --	     --	 -0.300	     --
[component_container-11] 	  9.440	  Sonar	     --	     --	    inf	     --
[component_container-11] 	  9.440	  Magnt	     --	     --	     --	 -2.510
[component_container-11] 
[component_container-11] 	  9.470	   Pose	 -2.015	 -2.190	  4.436	 -2.549
[component_container-11] 	  9.470	  Twist	  0.083	 -0.196	  0.446	 -0.285
[component_container-11] 	  9.470	ErrPose	 -0.108	  0.588	  0.030	 -0.006
[component_container-11] 	  9.470	ErrTwis	 -0.108	  0.076	  0.058	  0.005
[component_container-11] 	  9.470	    GPS	 -2.327	 -1.921	  4.239	     --
[component_container-11] 	  9.470	   Baro	     --	     --	  4.175	     --
[component_container-11] 	  9.470	  BBias	     --	     --	 -0.300	     --
[component_container-11] 	  9.470	  Sonar	     --	     --	    inf	     --
[component_container-11] 	  9.470	  Magnt	     --	     --	     --	 -2.547
[component_container-11] 
[component_container-11] 	  9.500	   Pose	 -2.013	 -2.196	  4.449	 -2.557
[component_container-11] 	  9.500	  Twist	  0.083	 -0.199	  0.445	 -0.274
[component_container-11] 	  9.500	ErrPose	 -0.112	  0.599	  0.037	 -0.009
[component_container-11] 	  9.500	ErrTwis	 -0.110	  0.082	  0.059	 -0.006
[component_container-11] 	  9.500	    GPS	 -2.327	 -1.921	  4.239	     --
[component_container-11] 	  9.500	   Baro	     --	     --	  4.175	     --
[component_container-11] 	  9.500	  BBias	     --	     --	 -0.300	     --
[component_container-11] 	  9.500	  Sonar	     --	     --	    inf	     --
[component_container-11] 	  9.500	  Magnt	     --	     --	     --	 -2.547
[component_container-11] 
[component_container-11] 	  9.540	   Pose	 -2.129	 -2.066	  4.485	 -2.568
[component_container-11] 	  9.540	  Twist	  0.042	 -0.154	  0.461	 -0.283
[component_container-11] 	  9.540	ErrPose	  0.004	  0.473	  0.022	 -0.009
[component_container-11] 	  9.540	ErrTwis	 -0.072	  0.041	  0.043	  0.003
[component_container-11] 	  9.540	    GPS	 -2.418	 -1.732	  4.492	     --
[component_container-11] 	  9.540	   Baro	     --	     --	  4.305	     --
[component_container-11] 	  9.540	  BBias	     --	     --	 -0.300	     --
[component_container-11] 	  9.540	  Sonar	     --	     --	    inf	     --
[component_container-11] 	  9.540	  Magnt	     --	     --	     --	 -2.573
[component_container-11] 
[component_container-11] 	  9.570	   Pose	 -2.128	 -2.071	  4.508	 -2.577
[component_container-11] 	  9.570	  Twist	  0.042	 -0.157	  0.468	 -0.286
[component_container-11] 	  9.570	ErrPose	  0.002	  0.480	  0.009	 -0.006
[component_container-11] 	  9.570	ErrTwis	 -0.073	  0.045	  0.037	  0.006
[component_container-11] 	  9.570	    GPS	 -2.418	 -1.732	  4.492	     --
[component_container-11] 	  9.570	   Baro	     --	     --	  4.304	     --
[component_container-11] 	  9.570	  BBias	     --	     --	 -0.300	     --
[component_container-11] 	  9.570	  Sonar	     --	     --	    inf	     --
[component_container-11] 	  9.570	  Magnt	     --	     --	     --	 -2.568
[component_container-11] 
[component_container-11] 	  9.600	   Pose	 -2.127	 -2.076	  4.522	 -2.585
[component_container-11] 	  9.600	  Twist	  0.042	 -0.160	  0.466	 -0.275
[component_container-11] 	  9.600	ErrPose	 -0.000	  0.490	  0.015	 -0.009
[component_container-11] 	  9.600	ErrTwis	 -0.075	  0.050	  0.038	 -0.004
[component_container-11] 	  9.600	    GPS	 -2.418	 -1.732	  4.492	     --
[component_container-11] 	  9.600	   Baro	     --	     --	  4.304	     --
[component_container-11] 	  9.600	  BBias	     --	     --	 -0.300	     --
[component_container-11] 	  9.600	  Sonar	     --	     --	    inf	     --
[component_container-11] 	  9.600	  Magnt	     --	     --	     --	 -2.568
[component_container-11] 
[component_container-11] 	  9.640	   Pose	 -2.125	 -2.082	  4.533	 -2.596
[component_container-11] 	  9.640	  Twist	  0.041	 -0.164	  0.457	 -0.271
[component_container-11] 	  9.640	ErrPose	 -0.003	  0.501	  0.024	 -0.009
[component_container-11] 	  9.640	ErrTwis	 -0.076	  0.054	  0.048	 -0.009
[component_container-11] 	  9.640	    GPS	 -2.418	 -1.732	  4.492	     --
[component_container-11] 	  9.640	   Baro	     --	     --	  4.140	     --
[component_container-11] 	  9.640	  BBias	     --	     --	 -0.300	     --
[component_container-11] 	  9.640	  Sonar	     --	     --	    inf	     --
[component_container-11] 	  9.640	  Magnt	     --	     --	     --	 -2.600
[component_container-11] 
[component_container-11] 	  9.670	   Pose	 -2.124	 -2.087	  4.548	 -2.604
[component_container-11] 	  9.670	  Twist	  0.041	 -0.166	  0.456	 -0.269
[component_container-11] 	  9.670	ErrPose	 -0.004	  0.508	  0.019	 -0.007
[component_container-11] 	  9.670	ErrTwis	 -0.077	  0.057	  0.049	 -0.010
[component_container-11] 	  9.670	    GPS	 -2.418	 -1.732	  4.492	     --
[component_container-11] 	  9.670	   Baro	     --	     --	  4.261	     --
[component_container-11] 	  9.670	  BBias	     --	     --	 -0.300	     --
[component_container-11] 	  9.670	  Sonar	     --	     --	    inf	     --
[component_container-11] 	  9.670	  Magnt	     --	     --	     --	 -2.589
[component_container-11] 
[component_container-11] 	  9.700	   Pose	 -2.123	 -2.092	  4.562	 -2.613
[component_container-11] 	  9.700	  Twist	  0.042	 -0.168	  0.454	 -0.265
[component_container-11] 	  9.700	ErrPose	 -0.006	  0.518	  0.025	 -0.009
[component_container-11] 	  9.700	ErrTwis	 -0.080	  0.058	  0.051	 -0.015
[component_container-11] 	  9.700	    GPS	 -2.418	 -1.732	  4.492	     --
[component_container-11] 	  9.700	   Baro	     --	     --	  4.261	     --
[component_container-11] 	  9.700	  BBias	     --	     --	 -0.300	     --
[component_container-11] 	  9.700	  Sonar	     --	     --	    inf	     --
[component_container-11] 	  9.700	  Magnt	     --	     --	     --	 -2.589
[component_container-11] 
[component_container-11] 	  9.740	   Pose	 -2.121	 -2.099	  4.577	 -2.623
[component_container-11] 	  9.740	  Twist	  0.040	 -0.171	  0.446	 -0.272
[component_container-11] 	  9.740	ErrPose	 -0.008	  0.529	  0.030	 -0.010
[component_container-11] 	  9.740	ErrTwis	 -0.080	  0.061	  0.057	 -0.008
[component_container-11] 	  9.740	    GPS	 -2.418	 -1.732	  4.492	     --
[component_container-11] 	  9.740	   Baro	     --	     --	  4.231	     --
[component_container-11] 	  9.740	  BBias	     --	     --	 -0.300	     --
[component_container-11] 	  9.740	  Sonar	     --	     --	    inf	     --
[component_container-11] 	  9.740	  Magnt	     --	     --	     --	 -2.608
[component_container-11] 
[component_container-11] 	  9.770	   Pose	 -2.120	 -2.104	  4.592	 -2.632
[component_container-11] 	  9.770	  Twist	  0.039	 -0.174	  0.443	 -0.282
[component_container-11] 	  9.770	ErrPose	 -0.009	  0.537	  0.026	 -0.006
[component_container-11] 	  9.770	ErrTwis	 -0.081	  0.064	  0.060	  0.003
[component_container-11] 	  9.770	    GPS	 -2.418	 -1.732	  4.492	     --
[component_container-11] 	  9.770	   Baro	     --	     --	  4.304	     --
[component_container-11] 	  9.770	  BBias	     --	     --	 -0.300	     --
[component_container-11] 	  9.770	  Sonar	     --	     --	    inf	     --
[component_container-11] 	  9.770	  Magnt	     --	     --	     --	 -2.659
[component_container-11] 
[component_container-11] 	  9.800	   Pose	 -2.119	 -2.110	  4.605	 -2.641
[component_container-11] 	  9.800	  Twist	  0.040	 -0.177	  0.439	 -0.275
[component_container-11] 	  9.800	ErrPose	 -0.011	  0.546	  0.032	 -0.009
[component_container-11] 	  9.800	ErrTwis	 -0.084	  0.068	  0.061	 -0.004
[component_container-11] 	  9.800	    GPS	 -2.418	 -1.732	  4.492	     --
[component_container-11] 	  9.800	   Baro	     --	     --	  4.304	     --
[component_container-11] 	  9.800	  BBias	     --	     --	 -0.300	     --
[component_container-11] 	  9.800	  Sonar	     --	     --	    inf	     --
[component_container-11] 	  9.800	  Magnt	     --	     --	     --	 -2.659
[component_container-11] 
[component_container-11] 	  9.840	   Pose	 -2.117	 -2.117	  4.635	 -2.652
[component_container-11] 	  9.840	  Twist	  0.038	 -0.181	  0.444	 -0.275
[component_container-11] 	  9.840	ErrPose	 -0.012	  0.558	  0.022	 -0.009
[component_container-11] 	  9.840	ErrTwis	 -0.086	  0.076	  0.052	 -0.005
[component_container-11] 	  9.840	    GPS	 -2.418	 -1.732	  4.492	     --
[component_container-11] 	  9.840	   Baro	     --	     --	  4.453	     --
[component_container-11] 	  9.840	  BBias	     --	     --	 -0.300	     --
[component_container-11] 	  9.840	  Sonar	     --	     --	    inf	     --
[component_container-11] 	  9.840	  Magnt	     --	     --	     --	 -2.666
[component_container-11] 
[component_container-11] 	  9.870	   Pose	 -2.116	 -2.122	  4.661	 -2.661
[component_container-11] 	  9.870	  Twist	  0.038	 -0.184	  0.451	 -0.268
[component_container-11] 	  9.870	ErrPose	 -0.013	  0.565	  0.006	 -0.006
[component_container-11] 	  9.870	ErrTwis	 -0.087	  0.081	  0.042	 -0.011
[component_container-11] 	  9.870	    GPS	 -2.418	 -1.732	  4.492	     --
[component_container-11] 	  9.870	   Baro	     --	     --	  4.495	     --
[component_container-11] 	  9.870	  BBias	     --	     --	 -0.300	     --
[component_container-11] 	  9.870	  Sonar	     --	     --	    inf	     --
[component_container-11] 	  9.870	  Magnt	     --	     --	     --	 -2.682
[component_container-11] 
[component_container-11] 	  9.900	   Pose	 -2.115	 -2.128	  4.675	 -2.669
[component_container-11] 	  9.900	  Twist	  0.037	 -0.186	  0.444	 -0.272
[component_container-11] 	  9.900	ErrPose	 -0.013	  0.575	  0.011	 -0.009
[component_container-11] 	  9.900	ErrTwis	 -0.090	  0.089	  0.044	 -0.008
[component_container-11] 	  9.900	    GPS	 -2.418	 -1.732	  4.492	     --
[component_container-11] 	  9.900	   Baro	     --	     --	  4.495	     --
[component_container-11] 	  9.900	  BBias	     --	     --	 -0.300	     --
[component_container-11] 	  9.900	  Sonar	     --	     --	    inf	     --
[component_container-11] 	  9.900	  Magnt	     --	     --	     --	 -2.682
[component_container-11] 
[component_container-11] 	  9.940	   Pose	 -2.113	 -2.135	  4.680	 -2.680
[component_container-11] 	  9.940	  Twist	  0.036	 -0.190	  0.421	 -0.279
[component_container-11] 	  9.940	ErrPose	 -0.014	  0.587	  0.026	 -0.009
[component_container-11] 	  9.940	ErrTwis	 -0.092	  0.099	  0.061	 -0.001
[component_container-11] 	  9.940	    GPS	 -2.418	 -1.732	  4.492	     --
[component_container-11] 	  9.940	   Baro	     --	     --	  4.232	     --
[component_container-11] 	  9.940	  BBias	     --	     --	 -0.300	     --
[component_container-11] 	  9.940	  Sonar	     --	     --	    inf	     --
[component_container-11] 	  9.940	  Magnt	     --	     --	     --	 -2.682
[component_container-11] 
[component_container-11] 	  9.970	   Pose	 -2.112	 -2.141	  4.688	 -2.688
[component_container-11] 	  9.970	  Twist	  0.037	 -0.192	  0.408	 -0.273
[component_container-11] 	  9.970	ErrPose	 -0.015	  0.594	  0.027	 -0.007
[component_container-11] 	  9.970	ErrTwis	 -0.094	  0.104	  0.070	 -0.007
[component_container-11] 	  9.970	    GPS	 -2.418	 -1.732	  4.492	     --
[component_container-11] 	  9.970	   Baro	     --	     --	  4.339	     --
[component_container-11] 	  9.970	  BBias	     --	     --	 -0.300	     --
[component_container-11] 	  9.970	  Sonar	     --	     --	    inf	     --
[component_container-11] 	  9.970	  Magnt	     --	     --	     --	 -2.668
[component_container-11] 
[component_container-11] [INFO] [1775320689.514005485] [drone.controller]: cmd_vel body=(-0.163, -0.078, 0.312) yaw=-0.300 | odom_received=true | plan_points=4
[component_container-11] 	 10.000	   Pose	 -2.111	 -2.147	  4.700	 -2.696
[component_container-11] 	 10.000	  Twist	  0.036	 -0.195	  0.399	 -0.281
[component_container-11] 	 10.000	ErrPose	 -0.014	  0.604	  0.033	 -0.010
[component_container-11] 	 10.000	ErrTwis	 -0.097	  0.112	  0.071	  0.001
[component_container-11] 	 10.000	    GPS	 -2.418	 -1.732	  4.492	     --
[component_container-11] 	 10.000	   Baro	     --	     --	  4.339	     --
[component_container-11] 	 10.000	  BBias	     --	     --	 -0.300	     --
[component_container-11] 	 10.000	  Sonar	     --	     --	    inf	     --
[component_container-11] 	 10.000	  Magnt	     --	     --	     --	 -2.668
[component_container-11] 
[component_container-11] [INFO] [1775320689.514493807] [drone.estimator]: TMP LOG err_xyz=(-0.014, 0.604, 0.033) | z_est=4.700 vz_est=0.399 bias=-0.300 | gps_z=4.492 sonar=inf baro=4.339
[component_container-11] 	 10.040	   Pose	 -2.186	 -2.050	  4.714	 -2.707
[component_container-11] 	 10.040	  Twist	  0.010	 -0.163	  0.384	 -0.279
[component_container-11] 	 10.040	ErrPose	  0.062	  0.511	  0.037	 -0.010
[component_container-11] 	 10.040	ErrTwis	 -0.074	  0.086	  0.076	 -0.001
[component_container-11] 	 10.040	    GPS	 -2.369	 -1.794	  4.738	     --
[component_container-11] 	 10.040	   Baro	     --	     --	  4.298	     --
[component_container-11] 	 10.040	  BBias	     --	     --	 -0.300	     --
[component_container-11] 	 10.040	  Sonar	     --	     --	    inf	     --
[component_container-11] 	 10.040	  Magnt	     --	     --	     --	 -2.692
[component_container-11] 
[component_container-11] 	 10.070	   Pose	 -2.186	 -2.055	  4.722	 -2.716
[component_container-11] 	 10.070	  Twist	  0.008	 -0.166	  0.371	 -0.266
[component_container-11] 	 10.070	ErrPose	  0.062	  0.518	  0.038	 -0.007
[component_container-11] 	 10.070	ErrTwis	 -0.075	  0.091	  0.084	 -0.014
[component_container-11] 	 10.070	    GPS	 -2.369	 -1.794	  4.738	     --
[component_container-11] 	 10.070	   Baro	     --	     --	  4.372	     --
[component_container-11] 	 10.070	  BBias	     --	     --	 -0.300	     --
[component_container-11] 	 10.070	  Sonar	     --	     --	    inf	     --
[component_container-11] 	 10.070	  Magnt	     --	     --	     --	 -2.718
[component_container-11] 
[component_container-11] 	 10.100	   Pose	 -2.185	 -2.060	  4.733	 -2.724
[component_container-11] 	 10.100	  Twist	  0.008	 -0.170	  0.362	 -0.281
[component_container-11] 	 10.100	ErrPose	  0.064	  0.527	  0.045	 -0.010
[component_container-11] 	 10.100	ErrTwis	 -0.079	  0.098	  0.084	  0.001
[component_container-11] 	 10.100	    GPS	 -2.369	 -1.794	  4.738	     --
[component_container-11] 	 10.100	   Baro	     --	     --	  4.372	     --
[component_container-11] 	 10.100	  BBias	     --	     --	 -0.300	     --
[component_container-11] 	 10.100	  Sonar	     --	     --	    inf	     --
[component_container-11] 	 10.100	  Magnt	     --	     --	     --	 -2.718
[component_container-11] 
[component_container-11] 	 10.140	   Pose	 -2.185	 -2.067	  4.757	 -2.736
[component_container-11] 	 10.140	  Twist	  0.007	 -0.173	  0.359	 -0.284
[component_container-11] 	 10.140	ErrPose	  0.066	  0.538	  0.038	 -0.009
[component_container-11] 	 10.140	ErrTwis	 -0.081	  0.104	  0.077	  0.004
[component_container-11] 	 10.140	    GPS	 -2.369	 -1.794	  4.738	     --
[component_container-11] 	 10.140	   Baro	     --	     --	  4.564	     --
[component_container-11] 	 10.140	  BBias	     --	     --	 -0.300	     --
[component_container-11] 	 10.140	  Sonar	     --	     --	    inf	     --
[component_container-11] 	 10.140	  Magnt	     --	     --	     --	 -2.744
[component_container-11] 
[component_container-11] 	 10.170	   Pose	 -2.185	 -2.073	  4.768	 -2.744
[component_container-11] 	 10.170	  Twist	  0.006	 -0.174	  0.350	 -0.282
[component_container-11] 	 10.170	ErrPose	  0.067	  0.545	  0.035	 -0.007
[component_container-11] 	 10.170	ErrTwis	 -0.082	  0.107	  0.081	  0.002
[component_container-11] 	 10.170	    GPS	 -2.369	 -1.794	  4.738	     --
[component_container-11] 	 10.170	   Baro	     --	     --	  4.469	     --
[component_container-11] 	 10.170	  BBias	     --	     --	 -0.300	     --
[component_container-11] 	 10.170	  Sonar	     --	     --	    inf	     --
[component_container-11] 	 10.170	  Magnt	     --	     --	     --	 -2.725
[component_container-11] 
[component_container-11] 	 10.200	   Pose	 -2.185	 -2.078	  4.779	 -2.752
[component_container-11] 	 10.200	  Twist	  0.005	 -0.177	  0.340	 -0.274
[component_container-11] 	 10.200	ErrPose	  0.069	  0.554	  0.041	 -0.010
[component_container-11] 	 10.200	ErrTwis	 -0.086	  0.111	  0.080	 -0.006
[component_container-11] 	 10.200	    GPS	 -2.369	 -1.794	  4.738	     --
[component_container-11] 	 10.200	   Baro	     --	     --	  4.469	     --
[component_container-11] 	 10.200	  BBias	     --	     --	 -0.300	     --
[component_container-11] 	 10.200	  Sonar	     --	     --	    inf	     --
[component_container-11] 	 10.200	  Magnt	     --	     --	     --	 -2.725
[component_container-11] 
[component_container-11] 	 10.240	   Pose	 -2.184	 -2.085	  4.777	 -2.762
[component_container-11] 	 10.240	  Twist	  0.004	 -0.180	  0.311	 -0.283
[component_container-11] 	 10.240	ErrPose	  0.071	  0.564	  0.059	 -0.011
[component_container-11] 	 10.240	ErrTwis	 -0.089	  0.115	  0.099	  0.003
[component_container-11] 	 10.240	    GPS	 -2.369	 -1.794	  4.738	     --
[component_container-11] 	 10.240	   Baro	     --	     --	  4.301	     --
[component_container-11] 	 10.240	  BBias	     --	     --	 -0.300	     --
[component_container-11] 	 10.240	  Sonar	     --	     --	    inf	     --
[component_container-11] 	 10.240	  Magnt	     --	     --	     --	 -2.731
[component_container-11] 
[component_container-11] 	 10.270	   Pose	 -2.184	 -2.090	  4.796	 -2.770
[component_container-11] 	 10.270	  Twist	  0.004	 -0.182	  0.311	 -0.280
[component_container-11] 	 10.270	ErrPose	  0.072	  0.571	  0.047	 -0.009
[component_container-11] 	 10.270	ErrTwis	 -0.090	  0.118	  0.094	 -0.000
[component_container-11] 	 10.270	    GPS	 -2.369	 -1.794	  4.738	     --
[component_container-11] 	 10.270	   Baro	     --	     --	  4.604	     --
[component_container-11] 	 10.270	  BBias	     --	     --	 -0.300	     --
[component_container-11] 	 10.270	  Sonar	     --	     --	    inf	     --
[component_container-11] 	 10.270	  Magnt	     --	     --	     --	 -2.739
[component_container-11] 
[component_container-11] [INFO] [1775320689.814034318] [drone.behavior]: Behavior transition TAKEOFF -> TURTLE_POSITION | turtle_stop=false | waypoint=(-2.00, -2.00, 5.00)
[component_container-11] [INFO] [1775320689.814101171] [drone.behavior]: Behavior target TURTLE_POSITION | new_waypoint=(1.29, -0.61, 5.00)
[component_container-11] 	 10.300	   Pose	 -2.184	 -2.096	  4.805	 -2.778
[component_container-11] 	 10.300	  Twist	  0.003	 -0.184	  0.300	 -0.274
[component_container-11] 	 10.300	ErrPose	  0.075	  0.580	  0.054	 -0.012
[component_container-11] 	 10.300	ErrTwis	 -0.093	  0.122	  0.092	 -0.006
[component_container-11] 	 10.300	    GPS	 -2.369	 -1.794	  4.738	     --
[component_container-11] 	 10.300	   Baro	     --	     --	  4.604	     --
[component_container-11] 	 10.300	  BBias	     --	     --	 -0.300	     --
[component_container-11] 	 10.300	  Sonar	     --	     --	    inf	     --
[component_container-11] 	 10.300	  Magnt	     --	     --	     --	 -2.739
[component_container-11] 
[component_container-11] 	 10.340	   Pose	 -2.184	 -2.103	  4.821	 -2.790
[component_container-11] 	 10.340	  Twist	  0.002	 -0.186	  0.292	 -0.289
[component_container-11] 	 10.340	ErrPose	  0.078	  0.591	  0.052	 -0.011
[component_container-11] 	 10.340	ErrTwis	 -0.097	  0.128	  0.089	  0.009
[component_container-11] 	 10.340	    GPS	 -2.369	 -1.794	  4.738	     --
[component_container-11] 	 10.340	   Baro	     --	     --	  4.557	     --
[component_container-11] 	 10.340	  BBias	     --	     --	 -0.300	     --
[component_container-11] 	 10.340	  Sonar	     --	     --	    inf	     --
[component_container-11] 	 10.340	  Magnt	     --	     --	     --	 -2.798
[component_container-11] 
[component_container-11] 	 10.370	   Pose	 -2.184	 -2.109	  4.838	 -2.799
[component_container-11] 	 10.370	  Twist	  0.000	 -0.189	  0.288	 -0.299
[component_container-11] 	 10.370	ErrPose	  0.080	  0.598	  0.043	 -0.008
[component_container-11] 	 10.370	ErrTwis	 -0.098	  0.132	  0.087	  0.019
[component_container-11] 	 10.370	    GPS	 -2.369	 -1.794	  4.738	     --
[component_container-11] 	 10.370	   Baro	     --	     --	  4.616	     --
[component_container-11] 	 10.370	  BBias	     --	     --	 -0.300	     --
[component_container-11] 	 10.370	  Sonar	     --	     --	    inf	     --
[component_container-11] 	 10.370	  Magnt	     --	     --	     --	 -2.822
[component_container-11] 
[component_container-11] 	 10.400	   Pose	 -2.184	 -2.115	  4.846	 -2.807
[component_container-11] 	 10.400	  Twist	 -0.000	 -0.192	  0.274	 -0.265
[component_container-11] 	 10.400	ErrPose	  0.084	  0.607	  0.049	 -0.011
[component_container-11] 	 10.400	ErrTwis	 -0.102	  0.139	  0.088	 -0.015
[component_container-11] 	 10.400	    GPS	 -2.369	 -1.794	  4.738	     --
[component_container-11] 	 10.400	   Baro	     --	     --	  4.616	     --
[component_container-11] 	 10.400	  BBias	     --	     --	 -0.300	     --
[component_container-11] 	 10.400	  Sonar	     --	     --	    inf	     --
[component_container-11] 	 10.400	  Magnt	     --	     --	     --	 -2.822
[component_container-11] 
[component_container-11] 	 10.440	   Pose	 -2.184	 -2.122	  4.869	 -2.818
[component_container-11] 	 10.440	  Twist	 -0.002	 -0.196	  0.264	 -0.269
[component_container-11] 	 10.440	ErrPose	  0.088	  0.618	  0.039	 -0.011
[component_container-11] 	 10.440	ErrTwis	 -0.104	  0.147	  0.084	 -0.011
[component_container-11] 	 10.440	    GPS	 -2.369	 -1.794	  4.738	     --
[component_container-11] 	 10.440	   Baro	     --	     --	  4.688	     --
[component_container-11] 	 10.440	  BBias	     --	     --	 -0.301	     --
[component_container-11] 	 10.440	  Sonar	     --	     --	    inf	     --
[component_container-11] 	 10.440	  Magnt	     --	     --	     --	 -2.838
[component_container-11] 
[component_container-11] 	 10.470	   Pose	 -2.184	 -2.128	  4.878	 -2.827
[component_container-11] 	 10.470	  Twist	 -0.003	 -0.199	  0.247	 -0.283
[component_container-11] 	 10.470	ErrPose	  0.090	  0.626	  0.037	 -0.007
[component_container-11] 	 10.470	ErrTwis	 -0.105	  0.152	  0.092	  0.003
[component_container-11] 	 10.470	    GPS	 -2.369	 -1.794	  4.738	     --
[component_container-11] 	 10.470	   Baro	     --	     --	  4.583	     --
[component_container-11] 	 10.470	  BBias	     --	     --	 -0.301	     --
[component_container-11] 	 10.470	  Sonar	     --	     --	    inf	     --
[component_container-11] 	 10.470	  Magnt	     --	     --	     --	 -2.852
[component_container-11] 
[component_container-11] 	 10.500	   Pose	 -2.184	 -2.134	  4.885	 -2.836
[component_container-11] 	 10.500	  Twist	 -0.005	 -0.203	  0.230	 -0.295
[component_container-11] 	 10.500	ErrPose	  0.094	  0.635	  0.042	 -0.010
[component_container-11] 	 10.500	ErrTwis	 -0.109	  0.158	  0.090	  0.016
[component_container-11] 	 10.500	    GPS	 -2.369	 -1.794	  4.738	     --
[component_container-11] 	 10.500	   Baro	     --	     --	  4.583	     --
[component_container-11] 	 10.500	  BBias	     --	     --	 -0.301	     --
[component_container-11] 	 10.500	  Sonar	     --	     --	    inf	     --
[component_container-11] 	 10.500	  Magnt	     --	     --	     --	 -2.852
[component_container-11] 
[component_container-11] 	 10.540	   Pose	 -2.250	 -2.067	  4.904	 -2.848
[component_container-11] 	 10.540	  Twist	 -0.028	 -0.180	  0.218	 -0.260
[component_container-11] 	 10.540	ErrPose	  0.164	  0.570	  0.034	 -0.009
[component_container-11] 	 10.540	ErrTwis	 -0.092	  0.137	  0.082	 -0.020
[component_container-11] 	 10.540	    GPS	 -2.404	 -1.881	  4.930	     --
[component_container-11] 	 10.540	   Baro	     --	     --	  4.626	     --
[component_container-11] 	 10.540	  BBias	     --	     --	 -0.301	     --
[component_container-11] 	 10.540	  Sonar	     --	     --	    inf	     --
[component_container-11] 	 10.540	  Magnt	     --	     --	     --	 -2.882
[component_container-11] 
[component_container-11] 	 10.570	   Pose	 -2.250	 -2.072	  4.911	 -2.856
[component_container-11] 	 10.570	  Twist	 -0.029	 -0.183	  0.201	 -0.259
[component_container-11] 	 10.570	ErrPose	  0.167	  0.578	  0.033	 -0.007
[component_container-11] 	 10.570	ErrTwis	 -0.095	  0.140	  0.088	 -0.020
[component_container-11] 	 10.570	    GPS	 -2.404	 -1.881	  4.930	     --
[component_container-11] 	 10.570	   Baro	     --	     --	  4.616	     --
[component_container-11] 	 10.570	  BBias	     --	     --	 -0.301	     --
[component_container-11] 	 10.570	  Sonar	     --	     --	    inf	     --
[component_container-11] 	 10.570	  Magnt	     --	     --	     --	 -2.864
[component_container-11] 
[component_container-11] 	 10.600	   Pose	 -2.251	 -2.078	  4.917	 -2.864
[component_container-11] 	 10.600	  Twist	 -0.030	 -0.186	  0.186	 -0.279
[component_container-11] 	 10.600	ErrPose	  0.173	  0.587	  0.037	 -0.010
[component_container-11] 	 10.600	ErrTwis	 -0.103	  0.141	  0.084	 -0.000
[component_container-11] 	 10.600	    GPS	 -2.404	 -1.881	  4.930	     --
[component_container-11] 	 10.600	   Baro	     --	     --	  4.616	     --
[component_container-11] 	 10.600	  BBias	     --	     --	 -0.301	     --
[component_container-11] 	 10.600	  Sonar	     --	     --	    inf	     --
[component_container-11] 	 10.600	  Magnt	     --	     --	     --	 -2.864
[component_container-11] 
[component_container-11] 	 10.640	   Pose	 -2.253	 -2.085	  4.925	 -2.876
[component_container-11] 	 10.640	  Twist	 -0.032	 -0.189	  0.168	 -0.279
[component_container-11] 	 10.640	ErrPose	  0.180	  0.598	  0.038	 -0.009
[component_container-11] 	 10.640	ErrTwis	 -0.111	  0.140	  0.084	  0.000
[component_container-11] 	 10.640	    GPS	 -2.404	 -1.881	  4.930	     --
[component_container-11] 	 10.640	   Baro	     --	     --	  4.637	     --
[component_container-11] 	 10.640	  BBias	     --	     --	 -0.301	     --
[component_container-11] 	 10.640	  Sonar	     --	     --	    inf	     --
[component_container-11] 	 10.640	  Magnt	     --	     --	     --	 -2.899
[component_container-11] 
[component_container-11] 	 10.670	   Pose	 -2.254	 -2.091	  4.929	 -2.885
[component_container-11] 	 10.670	  Twist	 -0.033	 -0.191	  0.152	 -0.276
[component_container-11] 	 10.670	ErrPose	  0.184	  0.606	  0.039	 -0.006
[component_container-11] 	 10.670	ErrTwis	 -0.115	  0.140	  0.092	 -0.002
[component_container-11] 	 10.670	    GPS	 -2.404	 -1.881	  4.930	     --
[component_container-11] 	 10.670	   Baro	     --	     --	  4.611	     --
[component_container-11] 	 10.670	  BBias	     --	     --	 -0.301	     --
[component_container-11] 	 10.670	  Sonar	     --	     --	    inf	     --
[component_container-11] 	 10.670	  Magnt	     --	     --	     --	 -2.911
[component_container-11] 
[component_container-11] 	 10.700	   Pose	 -2.255	 -2.097	  4.933	 -2.893
[component_container-11] 	 10.700	  Twist	 -0.035	 -0.193	  0.139	 -0.286
[component_container-11] 	 10.700	ErrPose	  0.191	  0.616	  0.043	 -0.009
[component_container-11] 	 10.700	ErrTwis	 -0.125	  0.136	  0.089	  0.008
[component_container-11] 	 10.700	    GPS	 -2.404	 -1.881	  4.930	     --
[component_container-11] 	 10.700	   Baro	     --	     --	  4.611	     --
[component_container-11] 	 10.700	  BBias	     --	     --	 -0.301	     --
[component_container-11] 	 10.700	  Sonar	     --	     --	    inf	     --
[component_container-11] 	 10.700	  Magnt	     --	     --	     --	 -2.911
[component_container-11] 
[component_container-11] 	 10.740	   Pose	 -2.256	 -2.105	  4.947	 -2.905
[component_container-11] 	 10.740	  Twist	 -0.038	 -0.196	  0.131	 -0.268
[component_container-11] 	 10.740	ErrPose	  0.200	  0.628	  0.036	 -0.008
[component_container-11] 	 10.740	ErrTwis	 -0.135	  0.132	  0.082	 -0.010
[component_container-11] 	 10.740	    GPS	 -2.404	 -1.881	  4.930	     --
[component_container-11] 	 10.740	   Baro	     --	     --	  4.738	     --
[component_container-11] 	 10.740	  BBias	     --	     --	 -0.301	     --
[component_container-11] 	 10.740	  Sonar	     --	     --	    inf	     --
[component_container-11] 	 10.740	  Magnt	     --	     --	     --	 -2.926
[component_container-11] 
[component_container-11] 	 10.770	   Pose	 -2.257	 -2.110	  4.950	 -2.913
[component_container-11] 	 10.770	  Twist	 -0.039	 -0.199	  0.119	 -0.269
[component_container-11] 	 10.770	ErrPose	  0.204	  0.636	  0.037	 -0.006
[component_container-11] 	 10.770	ErrTwis	 -0.140	  0.132	  0.087	 -0.009
[component_container-11] 	 10.770	    GPS	 -2.404	 -1.881	  4.930	     --
[component_container-11] 	 10.770	   Baro	     --	     --	  4.643	     --
[component_container-11] 	 10.770	  BBias	     --	     --	 -0.301	     --
[component_container-11] 	 10.770	  Sonar	     --	     --	    inf	     --
[component_container-11] 	 10.770	  Magnt	     --	     --	     --	 -2.909
[component_container-11] 
[component_container-11] 	 10.800	   Pose	 -2.258	 -2.117	  4.954	 -2.921
[component_container-11] 	 10.800	  Twist	 -0.041	 -0.202	  0.108	 -0.278
[component_container-11] 	 10.800	ErrPose	  0.213	  0.647	  0.040	 -0.009
[component_container-11] 	 10.800	ErrTwis	 -0.152	  0.127	  0.086	  0.000
[component_container-11] 	 10.800	    GPS	 -2.404	 -1.881	  4.930	     --
[component_container-11] 	 10.800	   Baro	     --	     --	  4.643	     --
[component_container-11] 	 10.800	  BBias	     --	     --	 -0.301	     --
[component_container-11] 	 10.800	  Sonar	     --	     --	    inf	     --
[component_container-11] 	 10.800	  Magnt	     --	     --	     --	 -2.909
[component_container-11] 
[component_container-11] 	 10.840	   Pose	 -2.260	 -2.125	  4.962	 -2.933
[component_container-11] 	 10.840	  Twist	 -0.043	 -0.206	  0.097	 -0.290
[component_container-11] 	 10.840	ErrPose	  0.223	  0.661	  0.039	 -0.007
[component_container-11] 	 10.840	ErrTwis	 -0.165	  0.124	  0.084	  0.012
[component_container-11] 	 10.840	    GPS	 -2.404	 -1.881	  4.930	     --
[component_container-11] 	 10.840	   Baro	     --	     --	  4.701	     --
[component_container-11] 	 10.840	  BBias	     --	     --	 -0.301	     --
[component_container-11] 	 10.840	  Sonar	     --	     --	    inf	     --
[component_container-11] 	 10.840	  Magnt	     --	     --	     --	 -2.976
[component_container-11] 
[component_container-11] 	 10.870	   Pose	 -2.261	 -2.131	  4.967	 -2.942
[component_container-11] 	 10.870	  Twist	 -0.045	 -0.208	  0.090	 -0.271
[component_container-11] 	 10.870	ErrPose	  0.228	  0.670	  0.036	 -0.005
[component_container-11] 	 10.870	ErrTwis	 -0.170	  0.122	  0.086	 -0.007
[component_container-11] 	 10.870	    GPS	 -2.404	 -1.881	  4.930	     --
[component_container-11] 	 10.870	   Baro	     --	     --	  4.690	     --
[component_container-11] 	 10.870	  BBias	     --	     --	 -0.301	     --
[component_container-11] 	 10.870	  Sonar	     --	     --	    inf	     --
[component_container-11] 	 10.870	  Magnt	     --	     --	     --	 -2.942
[component_container-11] 
[component_container-11] 	 10.900	   Pose	 -2.263	 -2.137	  4.969	 -2.950
[component_container-11] 	 10.900	  Twist	 -0.048	 -0.211	  0.079	 -0.289
[component_container-11] 	 10.900	ErrPose	  0.239	  0.682	  0.040	 -0.007
[component_container-11] 	 10.900	ErrTwis	 -0.183	  0.117	  0.086	  0.010
[component_container-11] 	 10.900	    GPS	 -2.404	 -1.881	  4.930	     --
[component_container-11] 	 10.900	   Baro	     --	     --	  4.690	     --
[component_container-11] 	 10.900	  BBias	     --	     --	 -0.301	     --
[component_container-11] 	 10.900	  Sonar	     --	     --	    inf	     --
[component_container-11] 	 10.900	  Magnt	     --	     --	     --	 -2.942
[component_container-11] 
[component_container-11] 	 10.940	   Pose	 -2.265	 -2.146	  4.969	 -2.961
[component_container-11] 	 10.940	  Twist	 -0.050	 -0.214	  0.062	 -0.293
[component_container-11] 	 10.940	ErrPose	  0.251	  0.697	  0.046	 -0.008
[component_container-11] 	 10.940	ErrTwis	 -0.197	  0.110	  0.093	  0.015
[component_container-11] 	 10.940	    GPS	 -2.404	 -1.881	  4.930	     --
[component_container-11] 	 10.940	   Baro	     --	     --	  4.629	     --
[component_container-11] 	 10.940	  BBias	     --	     --	 -0.301	     --
[component_container-11] 	 10.940	  Sonar	     --	     --	    inf	     --
[component_container-11] 	 10.940	  Magnt	     --	     --	     --	 -2.936
[component_container-11] 
[component_container-11] 	 10.970	   Pose	 -2.266	 -2.152	  4.975	 -2.969
[component_container-11] 	 10.970	  Twist	 -0.052	 -0.216	  0.057	 -0.272
[component_container-11] 	 10.970	ErrPose	  0.257	  0.707	  0.042	 -0.006
[component_container-11] 	 10.970	ErrTwis	 -0.203	  0.108	  0.093	 -0.007
[component_container-11] 	 10.970	    GPS	 -2.404	 -1.881	  4.930	     --
[component_container-11] 	 10.970	   Baro	     --	     --	  4.715	     --
[component_container-11] 	 10.970	  BBias	     --	     --	 -0.301	     --
[component_container-11] 	 10.970	  Sonar	     --	     --	    inf	     --
[component_container-11] 	 10.970	  Magnt	     --	     --	     --	 -2.941
[component_container-11] 
[component_container-11] [INFO] [1775320690.517691362] [drone.controller]: cmd_vel body=(-0.969, -0.247, 0.001) yaw=-0.300 | odom_received=true | plan_points=39
[component_container-11] 	 11.000	   Pose	 -2.268	 -2.159	  4.976	 -2.977
[component_container-11] 	 11.000	  Twist	 -0.055	 -0.219	  0.047	 -0.270
[component_container-11] 	 11.000	ErrPose	  0.269	  0.720	  0.045	 -0.009
[component_container-11] 	 11.000	ErrTwis	 -0.217	  0.100	  0.093	 -0.009
[component_container-11] 	 11.000	    GPS	 -2.404	 -1.881	  4.930	     --
[component_container-11] 	 11.000	   Baro	     --	     --	  4.715	     --
[component_container-11] 	 11.000	  BBias	     --	     --	 -0.301	     --
[component_container-11] 	 11.000	  Sonar	     --	     --	    inf	     --
[component_container-11] 	 11.000	  Magnt	     --	     --	     --	 -2.941
[component_container-11] 
[component_container-11] [INFO] [1775320690.518004858] [drone.estimator]: TMP LOG err_xyz=(0.269, 0.720, 0.045) | z_est=4.976 vz_est=0.047 bias=-0.301 | gps_z=4.930 sonar=inf baro=4.715
[component_container-11] 	 11.040	   Pose	 -2.263	 -2.016	  4.996	 -2.988
[component_container-11] 	 11.040	  Twist	 -0.056	 -0.171	  0.055	 -0.286
[component_container-11] 	 11.040	ErrPose	  0.276	  0.586	  0.029	 -0.009
[component_container-11] 	 11.040	ErrTwis	 -0.234	  0.040	  0.076	  0.007
[component_container-11] 	 11.040	    GPS	 -2.245	 -1.650	  5.023	     --
[component_container-11] 	 11.040	   Baro	     --	     --	  4.818	     --
[component_container-11] 	 11.040	  BBias	     --	     --	 -0.301	     --
[component_container-11] 	 11.040	  Sonar	     --	     --	    inf	     --
[component_container-11] 	 11.040	  Magnt	     --	     --	     --	 -2.981
[component_container-11] 
[component_container-11] 	 11.070	   Pose	 -2.265	 -2.021	  4.999	 -2.997
[component_container-11] 	 11.070	  Twist	 -0.058	 -0.173	  0.048	 -0.272
[component_container-11] 	 11.070	ErrPose	  0.284	  0.595	  0.029	 -0.006
[component_container-11] 	 11.070	ErrTwis	 -0.240	  0.036	  0.079	 -0.007
[component_container-11] 	 11.070	    GPS	 -2.245	 -1.650	  5.023	     --
[component_container-11] 	 11.070	   Baro	     --	     --	  4.709	     --
[component_container-11] 	 11.070	  BBias	     --	     --	 -0.301	     --
[component_container-11] 	 11.070	  Sonar	     --	     --	    inf	     --
[component_container-11] 	 11.070	  Magnt	     --	     --	     --	 -3.003
[component_container-11] 
[component_container-11] 	 11.100	   Pose	 -2.267	 -2.027	  5.000	 -3.005
[component_container-11] 	 11.100	  Twist	 -0.060	 -0.175	  0.039	 -0.286
[component_container-11] 	 11.100	ErrPose	  0.298	  0.608	  0.031	 -0.009
[component_container-11] 	 11.100	ErrTwis	 -0.255	  0.026	  0.081	  0.007
[component_container-11] 	 11.100	    GPS	 -2.245	 -1.650	  5.023	     --
[component_container-11] 	 11.100	   Baro	     --	     --	  4.709	     --
[component_container-11] 	 11.100	  BBias	     --	     --	 -0.301	     --
[component_container-11] 	 11.100	  Sonar	     --	     --	    inf	     --
[component_container-11] 	 11.100	  Magnt	     --	     --	     --	 -3.003
[component_container-11] 
[component_container-11] 	 11.140	   Pose	 -2.269	 -2.034	  5.000	 -3.016
[component_container-11] 	 11.140	  Twist	 -0.064	 -0.178	  0.026	 -0.285
[component_container-11] 	 11.140	ErrPose	  0.313	  0.624	  0.035	 -0.009
[component_container-11] 	 11.140	ErrTwis	 -0.270	  0.017	  0.087	  0.006
[component_container-11] 	 11.140	    GPS	 -2.245	 -1.650	  5.023	     --
[component_container-11] 	 11.140	   Baro	     --	     --	  4.673	     --
[component_container-11] 	 11.140	  BBias	     --	     --	 -0.301	     --
[component_container-11] 	 11.140	  Sonar	     --	     --	    inf	     --
[component_container-11] 	 11.140	  Magnt	     --	     --	     --	 -3.008
[component_container-11] 
[component_container-11] 	 11.170	   Pose	 -2.271	 -2.039	  5.002	 -3.025
[component_container-11] 	 11.170	  Twist	 -0.066	 -0.181	  0.020	 -0.277
[component_container-11] 	 11.170	ErrPose	  0.322	  0.633	  0.034	 -0.006
[component_container-11] 	 11.170	ErrTwis	 -0.277	  0.013	  0.088	 -0.002
[component_container-11] 	 11.170	    GPS	 -2.245	 -1.650	  5.023	     --
[component_container-11] 	 11.170	   Baro	     --	     --	  4.720	     --
[component_container-11] 	 11.170	  BBias	     --	     --	 -0.301	     --
[component_container-11] 	 11.170	  Sonar	     --	     --	    inf	     --
[component_container-11] 	 11.170	  Magnt	     --	     --	     --	 -3.040
[component_container-11] 
[component_container-11] 	 11.200	   Pose	 -2.273	 -2.045	  5.002	 -3.033
[component_container-11] 	 11.200	  Twist	 -0.068	 -0.184	  0.013	 -0.279
[component_container-11] 	 11.200	ErrPose	  0.339	  0.648	  0.037	 -0.008
[component_container-11] 	 11.200	ErrTwis	 -0.293	  0.004	  0.088	  0.000
[component_container-11] 	 11.200	    GPS	 -2.245	 -1.650	  5.023	     --
[component_container-11] 	 11.200	   Baro	     --	     --	  4.720	     --
[component_container-11] 	 11.200	  BBias	     --	     --	 -0.301	     --
[component_container-11] 	 11.200	  Sonar	     --	     --	    inf	     --
[component_container-11] 	 11.200	  Magnt	     --	     --	     --	 -3.040
[component_container-11] 
[component_container-11] 	 11.240	   Pose	 -2.276	 -2.052	  5.006	 -3.044
[component_container-11] 	 11.240	  Twist	 -0.072	 -0.188	  0.008	 -0.266
[component_container-11] 	 11.240	ErrPose	  0.357	  0.665	  0.035	 -0.009
[component_container-11] 	 11.240	ErrTwis	 -0.308	 -0.004	  0.086	 -0.013
[component_container-11] 	 11.240	    GPS	 -2.245	 -1.650	  5.023	     --
[component_container-11] 	 11.240	   Baro	     --	     --	  4.745	     --
[component_container-11] 	 11.240	  BBias	     --	     --	 -0.301	     --
[component_container-11] 	 11.240	  Sonar	     --	     --	    inf	     --
[component_container-11] 	 11.240	  Magnt	     --	     --	     --	 -3.023
[component_container-11] 
[component_container-11] 	 11.270	   Pose	 -2.278	 -2.058	  5.018	 -3.053
[component_container-11] 	 11.270	  Twist	 -0.075	 -0.190	  0.013	 -0.276
[component_container-11] 	 11.270	ErrPose	  0.367	  0.676	  0.025	 -0.006
[component_container-11] 	 11.270	ErrTwis	 -0.315	 -0.007	  0.078	 -0.003
[component_container-11] 	 11.270	    GPS	 -2.245	 -1.650	  5.023	     --
[component_container-11] 	 11.270	   Baro	     --	     --	  4.837	     --
[component_container-11] 	 11.270	  BBias	     --	     --	 -0.301	     --
[component_container-11] 	 11.270	  Sonar	     --	     --	    inf	     --
[component_container-11] 	 11.270	  Magnt	     --	     --	     --	 -3.055
[component_container-11] 
[component_container-11] 	 11.300	   Pose	 -2.280	 -2.063	  5.018	 -3.061
[component_container-11] 	 11.300	  Twist	 -0.079	 -0.193	  0.007	 -0.274
[component_container-11] 	 11.300	ErrPose	  0.385	  0.691	  0.027	 -0.009
[component_container-11] 	 11.300	ErrTwis	 -0.330	 -0.013	  0.077	 -0.006
[component_container-11] 	 11.300	    GPS	 -2.245	 -1.650	  5.023	     --
[component_container-11] 	 11.300	   Baro	     --	     --	  4.837	     --
[component_container-11] 	 11.300	  BBias	     --	     --	 -0.301	     --
[component_container-11] 	 11.300	  Sonar	     --	     --	    inf	     --
[component_container-11] 	 11.300	  Magnt	     --	     --	     --	 -3.055
[component_container-11] 
[component_container-11] 	 11.340	   Pose	 -2.284	 -2.071	  5.019	 -3.072
[component_container-11] 	 11.340	  Twist	 -0.084	 -0.197	  0.000	 -0.289
[component_container-11] 	 11.340	ErrPose	  0.406	  0.709	  0.028	 -0.009
[component_container-11] 	 11.340	ErrTwis	 -0.344	 -0.018	  0.079	  0.009
[component_container-11] 	 11.340	    GPS	 -2.245	 -1.650	  5.023	     --
[component_container-11] 	 11.340	   Baro	     --	     --	  4.722	     --
[component_container-11] 	 11.340	  BBias	     --	     --	 -0.301	     --
[component_container-11] 	 11.340	  Sonar	     --	     --	    inf	     --
[component_container-11] 	 11.340	  Magnt	     --	     --	     --	 -3.088
[component_container-11] 
[component_container-11] 	 11.370	   Pose	 -2.286	 -2.077	  5.022	 -3.081
[component_container-11] 	 11.370	  Twist	 -0.087	 -0.200	 -0.003	 -0.270
[component_container-11] 	 11.370	ErrPose	  0.417	  0.720	  0.025	 -0.006
[component_container-11] 	 11.370	ErrTwis	 -0.350	 -0.020	  0.080	 -0.010
[component_container-11] 	 11.370	    GPS	 -2.245	 -1.650	  5.023	     --
[component_container-11] 	 11.370	   Baro	     --	     --	  4.756	     --
[component_container-11] 	 11.370	  BBias	     --	     --	 -0.301	     --
[component_container-11] 	 11.370	  Sonar	     --	     --	    inf	     --
[component_container-11] 	 11.370	  Magnt	     --	     --	     --	 -3.102
[component_container-11] 
[component_container-11] 	 11.400	   Pose	 -2.289	 -2.083	  5.022	 -3.089
[component_container-11] 	 11.400	  Twist	 -0.089	 -0.202	 -0.009	 -0.281
[component_container-11] 	 11.400	ErrPose	  0.438	  0.736	  0.027	 -0.008
[component_container-11] 	 11.400	ErrTwis	 -0.367	 -0.026	  0.081	  0.001
[component_container-11] 	 11.400	    GPS	 -2.245	 -1.650	  5.023	     --
[component_container-11] 	 11.400	   Baro	     --	     --	  4.756	     --
[component_container-11] 	 11.400	  BBias	     --	     --	 -0.301	     --
[component_container-11] 	 11.400	  Sonar	     --	     --	    inf	     --
[component_container-11] 	 11.400	  Magnt	     --	     --	     --	 -3.102
[component_container-11] 
[component_container-11] 	 11.440	   Pose	 -2.292	 -2.091	  5.027	 -3.101
[component_container-11] 	 11.440	  Twist	 -0.094	 -0.205	 -0.010	 -0.273
[component_container-11] 	 11.440	ErrPose	  0.461	  0.755	  0.023	 -0.008
[component_container-11] 	 11.440	ErrTwis	 -0.382	 -0.032	  0.078	 -0.006
[component_container-11] 	 11.440	    GPS	 -2.245	 -1.650	  5.023	     --
[component_container-11] 	 11.440	   Baro	     --	     --	  4.784	     --
[component_container-11] 	 11.440	  BBias	     --	     --	 -0.301	     --
[component_container-11] 	 11.440	  Sonar	     --	     --	    inf	     --
[component_container-11] 	 11.440	  Magnt	     --	     --	     --	 -3.107
[component_container-11] 
[component_container-11] 	 11.470	   Pose	 -2.295	 -2.098	  5.021	 -3.109
[component_container-11] 	 11.470	  Twist	 -0.098	 -0.208	 -0.021	 -0.282
[component_container-11] 	 11.470	ErrPose	  0.474	  0.767	  0.029	 -0.005
[component_container-11] 	 11.470	ErrTwis	 -0.387	 -0.035	  0.086	  0.002
[component_container-11] 	 11.470	    GPS	 -2.245	 -1.650	  5.023	     --
[component_container-11] 	 11.470	   Baro	     --	     --	  4.666	     --
[component_container-11] 	 11.470	  BBias	     --	     --	 -0.301	     --
[component_container-11] 	 11.470	  Sonar	     --	     --	    inf	     --
[component_container-11] 	 11.470	  Magnt	     --	     --	     --	 -3.117
[component_container-11] 
[component_container-11] 	 11.500	   Pose	 -2.298	 -2.104	  5.020	 -3.117
[component_container-11] 	 11.500	  Twist	 -0.101	 -0.210	 -0.027	 -0.264
[component_container-11] 	 11.500	ErrPose	  0.498	  0.784	  0.031	 -0.009
[component_container-11] 	 11.500	ErrTwis	 -0.403	 -0.042	  0.088	 -0.016
[component_container-11] 	 11.500	    GPS	 -2.245	 -1.650	  5.023	     --
[component_container-11] 	 11.500	   Baro	     --	     --	  4.666	     --
[component_container-11] 	 11.500	  BBias	     --	     --	 -0.301	     --
[component_container-11] 	 11.500	  Sonar	     --	     --	    inf	     --
[component_container-11] 	 11.500	  Magnt	     --	     --	     --	 -3.117
[component_container-11] 
[component_container-11] 	 11.540	   Pose	 -2.206	 -1.901	  5.020	 -3.128
[component_container-11] 	 11.540	  Twist	 -0.073	 -0.142	 -0.034	 -0.285
[component_container-11] 	 11.540	ErrPose	  0.427	  0.592	  0.032	 -0.009
[component_container-11] 	 11.540	ErrTwis	 -0.449	 -0.120	  0.092	  0.005
[component_container-11] 	 11.540	    GPS	 -1.975	 -1.390	  5.051	     --
[component_container-11] 	 11.540	   Baro	     --	     --	  4.664	     --
[component_container-11] 	 11.540	  BBias	     --	     --	 -0.301	     --
[component_container-11] 	 11.540	  Sonar	     --	     --	    inf	     --
[component_container-11] 	 11.540	  Magnt	     --	     --	     --	 -3.123
[component_container-11] 
[component_container-11] 	 11.570	   Pose	 -2.209	 -1.905	  5.020	 -3.136
[component_container-11] 	 11.570	  Twist	 -0.076	 -0.145	 -0.037	 -0.276
[component_container-11] 	 11.570	ErrPose	  0.441	  0.601	  0.032	 -0.006
[component_container-11] 	 11.570	ErrTwis	 -0.456	 -0.123	  0.093	 -0.004
[component_container-11] 	 11.570	    GPS	 -1.975	 -1.390	  5.051	     --
[component_container-11] 	 11.570	   Baro	     --	     --	  4.735	     --
[component_container-11] 	 11.570	  BBias	     --	     --	 -0.301	     --
[component_container-11] 	 11.570	  Sonar	     --	     --	    inf	     --
[component_container-11] 	 11.570	  Magnt	     --	     --	     --	 -3.129
[component_container-11] 
[component_container-11] 	 11.600	   Pose	 -2.211	 -1.909	  5.019	  3.139
[component_container-11] 	 11.600	  Twist	 -0.080	 -0.148	 -0.041	 -0.284
[component_container-11] 	 11.600	ErrPose	  0.466	  0.617	  0.034	 -0.009
[component_container-11] 	 11.600	ErrTwis	 -0.470	 -0.130	  0.093	  0.004
[component_container-11] 	 11.600	    GPS	 -1.975	 -1.390	  5.051	     --
[component_container-11] 	 11.600	   Baro	     --	     --	  4.735	     --
[component_container-11] 	 11.600	  BBias	     --	     --	 -0.301	     --
[component_container-11] 	 11.600	  Sonar	     --	     --	    inf	     --
[component_container-11] 	 11.600	  Magnt	     --	     --	     --	 -3.129
[component_container-11] 
[component_container-11] 	 11.640	   Pose	 -2.214	 -1.915	  5.023	  3.127
[component_container-11] 	 11.640	  Twist	 -0.086	 -0.151	 -0.040	 -0.267
[component_container-11] 	 11.640	ErrPose	  0.493	  0.635	  0.030	 -0.009
[component_container-11] 	 11.640	ErrTwis	 -0.483	 -0.137	  0.089	 -0.012
[component_container-11] 	 11.640	    GPS	 -1.975	 -1.390	  5.051	     --
[component_container-11] 	 11.640	   Baro	     --	     --	  4.790	     --
[component_container-11] 	 11.640	  BBias	     --	     --	 -0.301	     --
[component_container-11] 	 11.640	  Sonar	     --	     --	    inf	     --
[component_container-11] 	 11.640	  Magnt	     --	     --	     --	  3.102
[component_container-11] 
[component_container-11] 	 11.670	   Pose	 -2.217	 -1.920	  5.026	  3.119
[component_container-11] 	 11.670	  Twist	 -0.089	 -0.154	 -0.040	 -0.272
[component_container-11] 	 11.670	ErrPose	  0.507	  0.645	  0.027	 -0.006
[component_container-11] 	 11.670	ErrTwis	 -0.489	 -0.140	  0.088	 -0.007
[component_container-11] 	 11.670	    GPS	 -1.975	 -1.390	  5.051	     --
[component_container-11] 	 11.670	   Baro	     --	     --	  4.766	     --
[component_container-11] 	 11.670	  BBias	     --	     --	 -0.301	     --
[component_container-11] 	 11.670	  Sonar	     --	     --	    inf	     --
[component_container-11] 	 11.670	  Magnt	     --	     --	     --	  3.117
[component_container-11] 
[component_container-11] 	 11.700	   Pose	 -2.220	 -1.925	  5.024	  3.110
[component_container-11] 	 11.700	  Twist	 -0.093	 -0.156	 -0.044	 -0.279
[component_container-11] 	 11.700	ErrPose	  0.535	  0.661	  0.029	 -0.009
[component_container-11] 	 11.700	ErrTwis	 -0.503	 -0.148	  0.088	  0.000
[component_container-11] 	 11.700	    GPS	 -1.975	 -1.390	  5.051	     --
[component_container-11] 	 11.700	   Baro	     --	     --	  4.766	     --
[component_container-11] 	 11.700	  BBias	     --	     --	 -0.301	     --
[component_container-11] 	 11.700	  Sonar	     --	     --	    inf	     --
[component_container-11] 	 11.700	  Magnt	     --	     --	     --	  3.117
[component_container-11] 
[component_container-11] 	 11.740	   Pose	 -2.223	 -1.931	  5.021	  3.099
[component_container-11] 	 11.740	  Twist	 -0.099	 -0.159	 -0.052	 -0.300
[component_container-11] 	 11.740	ErrPose	  0.564	  0.679	  0.032	 -0.009
[component_container-11] 	 11.740	ErrTwis	 -0.515	 -0.154	  0.091	  0.022
[component_container-11] 	 11.740	    GPS	 -1.975	 -1.390	  5.051	     --
[component_container-11] 	 11.740	   Baro	     --	     --	  4.703	     --
[component_container-11] 	 11.740	  BBias	     --	     --	 -0.301	     --
[component_container-11] 	 11.740	  Sonar	     --	     --	    inf	     --
[component_container-11] 	 11.740	  Magnt	     --	     --	     --	  3.136
[component_container-11] 
[component_container-11] 	 11.770	   Pose	 -2.226	 -1.936	  5.023	  3.090
[component_container-11] 	 11.770	  Twist	 -0.103	 -0.161	 -0.052	 -0.273
[component_container-11] 	 11.770	ErrPose	  0.581	  0.690	  0.030	 -0.005
[component_container-11] 	 11.770	ErrTwis	 -0.519	 -0.156	  0.089	 -0.006
[component_container-11] 	 11.770	    GPS	 -1.975	 -1.390	  5.051	     --
[component_container-11] 	 11.770	   Baro	     --	     --	  4.764	     --
[component_container-11] 	 11.770	  BBias	     --	     --	 -0.301	     --
[component_container-11] 	 11.770	  Sonar	     --	     --	    inf	     --
[component_container-11] 	 11.770	  Magnt	     --	     --	     --	  3.042
[component_container-11] 
[component_container-11] 	 11.800	   Pose	 -2.230	 -1.941	  5.021	  3.082
[component_container-11] 	 11.800	  Twist	 -0.107	 -0.164	 -0.056	 -0.259
[component_container-11] 	 11.800	ErrPose	  0.611	  0.706	  0.031	 -0.008
[component_container-11] 	 11.800	ErrTwis	 -0.532	 -0.159	  0.091	 -0.020
[component_container-11] 	 11.800	    GPS	 -1.975	 -1.390	  5.051	     --
[component_container-11] 	 11.800	   Baro	     --	     --	  4.764	     --
[component_container-11] 	 11.800	  BBias	     --	     --	 -0.301	     --
[component_container-11] 	 11.800	  Sonar	     --	     --	    inf	     --
[component_container-11] 	 11.800	  Magnt	     --	     --	     --	  3.042
[component_container-11] 
[component_container-11] 	 11.840	   Pose	 -2.234	 -1.947	  5.019	  3.071
[component_container-11] 	 11.840	  Twist	 -0.113	 -0.168	 -0.061	 -0.270
[component_container-11] 	 11.840	ErrPose	  0.643	  0.724	  0.033	 -0.008
[component_container-11] 	 11.840	ErrTwis	 -0.544	 -0.162	  0.094	 -0.009
[component_container-11] 	 11.840	    GPS	 -1.975	 -1.390	  5.051	     --
[component_container-11] 	 11.840	   Baro	     --	     --	  4.717	     --
[component_container-11] 	 11.840	  BBias	     --	     --	 -0.301	     --
[component_container-11] 	 11.840	  Sonar	     --	     --	    inf	     --
[component_container-11] 	 11.840	  Magnt	     --	     --	     --	  3.083
[component_container-11] 
[component_container-11] 	 11.870	   Pose	 -2.238	 -1.952	  5.027	  3.063
[component_container-11] 	 11.870	  Twist	 -0.118	 -0.171	 -0.054	 -0.271
[component_container-11] 	 11.870	ErrPose	  0.660	  0.735	  0.025	 -0.006
[component_container-11] 	 11.870	ErrTwis	 -0.547	 -0.163	  0.085	 -0.009
[component_container-11] 	 11.870	    GPS	 -1.975	 -1.390	  5.051	     --
[component_container-11] 	 11.870	   Baro	     --	     --	  4.828	     --
[component_container-11] 	 11.870	  BBias	     --	     --	 -0.301	     --
[component_container-11] 	 11.870	  Sonar	     --	     --	    inf	     --
[component_container-11] 	 11.870	  Magnt	     --	     --	     --	  3.056
[component_container-11] 
[component_container-11] 	 11.900	   Pose	 -2.241	 -1.957	  5.025	  3.054
[component_container-11] 	 11.900	  Twist	 -0.122	 -0.174	 -0.058	 -0.286
[component_container-11] 	 11.900	ErrPose	  0.693	  0.751	  0.026	 -0.008
[component_container-11] 	 11.900	ErrTwis	 -0.559	 -0.167	  0.087	  0.007
[component_container-11] 	 11.900	    GPS	 -1.975	 -1.390	  5.051	     --
[component_container-11] 	 11.900	   Baro	     --	     --	  4.828	     --
[component_container-11] 	 11.900	  BBias	     --	     --	 -0.301	     --
[component_container-11] 	 11.900	  Sonar	     --	     --	    inf	     --
[component_container-11] 	 11.900	  Magnt	     --	     --	     --	  3.056
[component_container-11] 
[component_container-11] 	 11.940	   Pose	 -2.246	 -1.964	  5.023	  3.043
[component_container-11] 	 11.940	  Twist	 -0.128	 -0.177	 -0.061	 -0.281
[component_container-11] 	 11.940	ErrPose	  0.728	  0.769	  0.027	 -0.009
[component_container-11] 	 11.940	ErrTwis	 -0.568	 -0.172	  0.089	  0.001
[component_container-11] 	 11.940	    GPS	 -1.975	 -1.390	  5.051	     --
[component_container-11] 	 11.940	   Baro	     --	     --	  4.730	     --
[component_container-11] 	 11.940	  BBias	     --	     --	 -0.301	     --
[component_container-11] 	 11.940	  Sonar	     --	     --	    inf	     --
[component_container-11] 	 11.940	  Magnt	     --	     --	     --	  3.071
[component_container-11] 
[component_container-11] 	 11.970	   Pose	 -2.250	 -1.970	  5.037	  3.035
[component_container-11] 	 11.970	  Twist	 -0.133	 -0.180	 -0.048	 -0.275
[component_container-11] 	 11.970	ErrPose	  0.747	  0.780	  0.013	 -0.007
[component_container-11] 	 11.970	ErrTwis	 -0.571	 -0.174	  0.076	 -0.005
[component_container-11] 	 11.970	    GPS	 -1.975	 -1.390	  5.051	     --
[component_container-11] 	 11.970	   Baro	     --	     --	  4.890	     --
[component_container-11] 	 11.970	  BBias	     --	     --	 -0.301	     --
[component_container-11] 	 11.970	  Sonar	     --	     --	    inf	     --
[component_container-11] 	 11.970	  Magnt	     --	     --	     --	  3.057
[component_container-11] 
[component_container-11] [INFO] [1775320691.520976511] [drone.controller]: cmd_vel body=(-0.899, -0.437, -0.017) yaw=-0.300 | odom_received=true | plan_points=40
[component_container-11] 	 12.000	   Pose	 -2.254	 -1.975	  5.035	  3.027
[component_container-11] 	 12.000	  Twist	 -0.137	 -0.182	 -0.051	 -0.280
[component_container-11] 	 12.000	ErrPose	  0.781	  0.797	  0.014	 -0.009
[component_container-11] 	 12.000	ErrTwis	 -0.582	 -0.181	  0.076	 -0.000
[component_container-11] 	 12.000	    GPS	 -1.975	 -1.390	  5.051	     --
[component_container-11] 	 12.000	   Baro	     --	     --	  4.890	     --
[component_container-11] 	 12.000	  BBias	     --	     --	 -0.301	     --
[component_container-11] 	 12.000	  Sonar	     --	     --	    inf	     --
[component_container-11] 	 12.000	  Magnt	     --	     --	     --	  3.057
[component_container-11] 
[component_container-11] [INFO] [1775320691.521374693] [drone.estimator]: TMP LOG err_xyz=(0.781, 0.797, 0.014) | z_est=5.035 vz_est=-0.051 bias=-0.301 | gps_z=5.051 sonar=inf baro=4.890
[component_container-11] 	 12.040	   Pose	 -2.090	 -1.743	  5.031	  3.016
[component_container-11] 	 12.040	  Twist	 -0.087	 -0.104	 -0.056	 -0.279
[component_container-11] 	 12.040	ErrPose	  0.649	  0.575	  0.017	 -0.009
[component_container-11] 	 12.040	ErrTwis	 -0.647	 -0.269	  0.079	 -0.001
[component_container-11] 	 12.040	    GPS	 -1.681	 -1.165	  5.049	     --
[component_container-11] 	 12.040	   Baro	     --	     --	  4.683	     --
[component_container-11] 	 12.040	  BBias	     --	     --	 -0.301	     --
[component_container-11] 	 12.040	  Sonar	     --	     --	    inf	     --
[component_container-11] 	 12.040	  Magnt	     --	     --	     --	  3.013
[component_container-11] 
[component_container-11] 	 12.070	   Pose	 -2.092	 -1.746	  5.022	  3.006
[component_container-11] 	 12.070	  Twist	 -0.091	 -0.106	 -0.067	 -0.278
[component_container-11] 	 12.070	ErrPose	  0.667	  0.584	  0.025	 -0.006
[component_container-11] 	 12.070	ErrTwis	 -0.649	 -0.271	  0.089	 -0.002
[component_container-11] 	 12.070	    GPS	 -1.681	 -1.165	  5.049	     --
[component_container-11] 	 12.070	   Baro	     --	     --	  4.635	     --
[component_container-11] 	 12.070	  BBias	     --	     --	 -0.301	     --
[component_container-11] 	 12.070	  Sonar	     --	     --	    inf	     --
[component_container-11] 	 12.070	  Magnt	     --	     --	     --	  2.968
[component_container-11] 
[component_container-11] 	 12.100	   Pose	 -2.095	 -1.749	  5.020	  2.998
[component_container-11] 	 12.100	  Twist	 -0.096	 -0.110	 -0.071	 -0.260
[component_container-11] 	 12.100	ErrPose	  0.703	  0.599	  0.026	 -0.008
[component_container-11] 	 12.100	ErrTwis	 -0.658	 -0.278	  0.092	 -0.020
[component_container-11] 	 12.100	    GPS	 -1.681	 -1.165	  5.049	     --
[component_container-11] 	 12.100	   Baro	     --	     --	  4.635	     --
[component_container-11] 	 12.100	  BBias	     --	     --	 -0.301	     --
[component_container-11] 	 12.100	  Sonar	     --	     --	    inf	     --
[component_container-11] 	 12.100	  Magnt	     --	     --	     --	  2.968
[component_container-11] 
[component_container-11] 	 12.140	   Pose	 -2.099	 -1.753	  5.027	  2.987
[component_container-11] 	 12.140	  Twist	 -0.102	 -0.113	 -0.065	 -0.290
[component_container-11] 	 12.140	ErrPose	  0.740	  0.614	  0.019	 -0.009
[component_container-11] 	 12.140	ErrTwis	 -0.665	 -0.286	  0.084	  0.011
[component_container-11] 	 12.140	    GPS	 -1.681	 -1.165	  5.049	     --
[component_container-11] 	 12.140	   Baro	     --	     --	  4.831	     --
[component_container-11] 	 12.140	  BBias	     --	     --	 -0.301	     --
[component_container-11] 	 12.140	  Sonar	     --	     --	    inf	     --
[component_container-11] 	 12.140	  Magnt	     --	     --	     --	  3.013
[component_container-11] 
[component_container-11] 	 12.170	   Pose	 -2.102	 -1.757	  5.025	  2.979
[component_container-11] 	 12.170	  Twist	 -0.107	 -0.114	 -0.068	 -0.276
[component_container-11] 	 12.170	ErrPose	  0.760	  0.623	  0.020	 -0.007
[component_container-11] 	 12.170	ErrTwis	 -0.666	 -0.289	  0.085	 -0.004
[component_container-11] 	 12.170	    GPS	 -1.681	 -1.165	  5.049	     --
[component_container-11] 	 12.170	   Baro	     --	     --	  4.725	     --
[component_container-11] 	 12.170	  BBias	     --	     --	 -0.301	     --
[component_container-11] 	 12.170	  Sonar	     --	     --	    inf	     --
[component_container-11] 	 12.170	  Magnt	     --	     --	     --	  2.992
[component_container-11] 
[component_container-11] 	 12.200	   Pose	 -2.106	 -1.760	  5.023	  2.971
[component_container-11] 	 12.200	  Twist	 -0.113	 -0.116	 -0.070	 -0.275
[component_container-11] 	 12.200	ErrPose	  0.797	  0.638	  0.021	 -0.009
[component_container-11] 	 12.200	ErrTwis	 -0.673	 -0.297	  0.084	 -0.005
[component_container-11] 	 12.200	    GPS	 -1.681	 -1.165	  5.049	     --
[component_container-11] 	 12.200	   Baro	     --	     --	  4.725	     --
[component_container-11] 	 12.200	  BBias	     --	     --	 -0.301	     --
[component_container-11] 	 12.200	  Sonar	     --	     --	    inf	     --
[component_container-11] 	 12.200	  Magnt	     --	     --	     --	  2.992
[component_container-11] 
[component_container-11] 	 12.240	   Pose	 -2.110	 -1.765	  5.014	  2.960
[component_container-11] 	 12.240	  Twist	 -0.120	 -0.120	 -0.079	 -0.276
[component_container-11] 	 12.240	ErrPose	  0.837	  0.653	  0.028	 -0.009
[component_container-11] 	 12.240	ErrTwis	 -0.677	 -0.302	  0.091	 -0.004
[component_container-11] 	 12.240	    GPS	 -1.681	 -1.165	  5.049	     --
[component_container-11] 	 12.240	   Baro	     --	     --	  4.656	     --
[component_container-11] 	 12.240	  BBias	     --	     --	 -0.301	     --
[component_container-11] 	 12.240	  Sonar	     --	     --	    inf	     --
[component_container-11] 	 12.240	  Magnt	     --	     --	     --	  2.958
[component_container-11] 
[component_container-11] 	 12.270	   Pose	 -2.114	 -1.769	  5.006	  2.951
[component_container-11] 	 12.270	  Twist	 -0.126	 -0.122	 -0.087	 -0.269
[component_container-11] 	 12.270	ErrPose	  0.858	  0.662	  0.036	 -0.007
[component_container-11] 	 12.270	ErrTwis	 -0.677	 -0.303	  0.098	 -0.011
[component_container-11] 	 12.270	    GPS	 -1.681	 -1.165	  5.049	     --
[component_container-11] 	 12.270	   Baro	     --	     --	  4.639	     --
[component_container-11] 	 12.270	  BBias	     --	     --	 -0.301	     --
[component_container-11] 	 12.270	  Sonar	     --	     --	    inf	     --
[component_container-11] 	 12.270	  Magnt	     --	     --	     --	  2.952
[component_container-11] 
[component_container-11] 	 12.300	   Pose	 -2.118	 -1.772	  5.003	  2.943
[component_container-11] 	 12.300	  Twist	 -0.132	 -0.124	 -0.090	 -0.271
[component_container-11] 	 12.300	ErrPose	  0.898	  0.676	  0.037	 -0.010
[component_container-11] 	 12.300	ErrTwis	 -0.682	 -0.308	  0.098	 -0.010
[component_container-11] 	 12.300	    GPS	 -1.681	 -1.165	  5.049	     --
[component_container-11] 	 12.300	   Baro	     --	     --	  4.639	     --
[component_container-11] 	 12.300	  BBias	     --	     --	 -0.301	     --
[component_container-11] 	 12.300	  Sonar	     --	     --	    inf	     --
[component_container-11] 	 12.300	  Magnt	     --	     --	     --	  2.952
[component_container-11] 
[component_container-11] 	 12.340	   Pose	 -2.123	 -1.777	  5.017	  2.932
[component_container-11] 	 12.340	  Twist	 -0.139	 -0.128	 -0.074	 -0.290
[component_container-11] 	 12.340	ErrPose	  0.940	  0.692	  0.022	 -0.010
[component_container-11] 	 12.340	ErrTwis	 -0.685	 -0.311	  0.081	  0.010
[component_container-11] 	 12.340	    GPS	 -1.681	 -1.165	  5.049	     --
[component_container-11] 	 12.340	   Baro	     --	     --	  4.896	     --
[component_container-11] 	 12.340	  BBias	     --	     --	 -0.301	     --
[component_container-11] 	 12.340	  Sonar	     --	     --	    inf	     --
[component_container-11] 	 12.340	  Magnt	     --	     --	     --	  2.963
[component_container-11] 
[component_container-11] 	 12.370	   Pose	 -2.128	 -1.781	  5.019	  2.925
[component_container-11] 	 12.370	  Twist	 -0.145	 -0.130	 -0.071	 -0.289
[component_container-11] 	 12.370	ErrPose	  0.962	  0.700	  0.019	 -0.008
[component_container-11] 	 12.370	ErrTwis	 -0.684	 -0.312	  0.078	  0.008
[component_container-11] 	 12.370	    GPS	 -1.681	 -1.165	  5.049	     --
[component_container-11] 	 12.370	   Baro	     --	     --	  4.764	     --
[component_container-11] 	 12.370	  BBias	     --	     --	 -0.301	     --
[component_container-11] 	 12.370	  Sonar	     --	     --	    inf	     --
[component_container-11] 	 12.370	  Magnt	     --	     --	     --	  2.963
[component_container-11] 
[component_container-11] 	 12.400	   Pose	 -2.132	 -1.785	  5.017	  2.916
[component_container-11] 	 12.400	  Twist	 -0.150	 -0.132	 -0.072	 -0.296
[component_container-11] 	 12.400	ErrPose	  1.004	  0.714	  0.020	 -0.011
[component_container-11] 	 12.400	ErrTwis	 -0.689	 -0.316	  0.080	  0.016
[component_container-11] 	 12.400	    GPS	 -1.681	 -1.165	  5.049	     --
[component_container-11] 	 12.400	   Baro	     --	     --	  4.764	     --
[component_container-11] 	 12.400	  BBias	     --	     --	 -0.301	     --
[component_container-11] 	 12.400	  Sonar	     --	     --	    inf	     --
[component_container-11] 	 12.400	  Magnt	     --	     --	     --	  2.963
[component_container-11] 
[component_container-11] 	 12.440	   Pose	 -2.138	 -1.791	  5.014	  2.906
[component_container-11] 	 12.440	  Twist	 -0.159	 -0.135	 -0.075	 -0.279
[component_container-11] 	 12.440	ErrPose	  1.047	  0.729	  0.021	 -0.011
[component_container-11] 	 12.440	ErrTwis	 -0.689	 -0.320	  0.081	 -0.001
[component_container-11] 	 12.440	    GPS	 -1.681	 -1.165	  5.049	     --
[component_container-11] 	 12.440	   Baro	     --	     --	  4.722	     --
[component_container-11] 	 12.440	  BBias	     --	     --	 -0.301	     --
[component_container-11] 	 12.440	  Sonar	     --	     --	    inf	     --
[component_container-11] 	 12.440	  Magnt	     --	     --	     --	  2.938
[component_container-11] 
[component_container-11] 	 12.470	   Pose	 -2.143	 -1.795	  5.019	  2.897
[component_container-11] 	 12.470	  Twist	 -0.164	 -0.137	 -0.070	 -0.286
[component_container-11] 	 12.470	ErrPose	  1.071	  0.738	  0.016	 -0.008
[component_container-11] 	 12.470	ErrTwis	 -0.687	 -0.322	  0.076	  0.006
[component_container-11] 	 12.470	    GPS	 -1.681	 -1.165	  5.049	     --
[component_container-11] 	 12.470	   Baro	     --	     --	  4.786	     --
[component_container-11] 	 12.470	  BBias	     --	     --	 -0.301	     --
[component_container-11] 	 12.470	  Sonar	     --	     --	    inf	     --
[component_container-11] 	 12.470	  Magnt	     --	     --	     --	  2.890
[component_container-11] 
[component_container-11] 	 12.500	   Pose	 -2.148	 -1.799	  5.017	  2.889
[component_container-11] 	 12.500	  Twist	 -0.169	 -0.139	 -0.072	 -0.273
[component_container-11] 	 12.500	ErrPose	  1.114	  0.752	  0.017	 -0.011
[component_container-11] 	 12.500	ErrTwis	 -0.689	 -0.328	  0.077	 -0.007
[component_container-11] 	 12.500	    GPS	 -1.681	 -1.165	  5.049	     --
[component_container-11] 	 12.500	   Baro	     --	     --	  4.786	     --
[component_container-11] 	 12.500	  BBias	     --	     --	 -0.301	     --
[component_container-11] 	 12.500	  Sonar	     --	     --	    inf	     --
[component_container-11] 	 12.500	  Magnt	     --	     --	     --	  2.890
[component_container-11] 
[component_container-11] 	 12.540	   Pose	 -1.859	 -1.689	  5.015	  2.878
[component_container-11] 	 12.540	  Twist	 -0.076	 -0.102	 -0.073	 -0.285
[component_container-11] 	 12.540	ErrPose	  0.864	  0.651	  0.017	 -0.012
[component_container-11] 	 12.540	ErrTwis	 -0.789	 -0.373	  0.078	  0.006
[component_container-11] 	 12.540	    GPS	 -1.149	 -1.411	  5.033	     --
[component_container-11] 	 12.540	   Baro	     --	     --	  4.693	     --
[component_container-11] 	 12.540	  BBias	     --	     --	 -0.301	     --
[component_container-11] 	 12.540	  Sonar	     --	     --	    inf	     --
[component_container-11] 	 12.540	  Magnt	     --	     --	     --	  2.900
[component_container-11] 
[component_container-11] 	 12.570	   Pose	 -1.862	 -1.692	  4.997	  2.869
[component_container-11] 	 12.570	  Twist	 -0.081	 -0.105	 -0.090	 -0.278
[component_container-11] 	 12.570	ErrPose	  0.886	  0.659	  0.035	 -0.008
[component_container-11] 	 12.570	ErrTwis	 -0.787	 -0.374	  0.095	 -0.002
[component_container-11] 	 12.570	    GPS	 -1.149	 -1.411	  5.033	     --
[component_container-11] 	 12.570	   Baro	     --	     --	  4.508	     --
[component_container-11] 	 12.570	  BBias	     --	     --	 -0.302	     --
[component_container-11] 	 12.570	  Sonar	     --	     --	    inf	     --
[component_container-11] 	 12.570	  Magnt	     --	     --	     --	  2.846
[component_container-11] 
[component_container-11] 	 12.600	   Pose	 -1.864	 -1.696	  4.994	  2.861
[component_container-11] 	 12.600	  Twist	 -0.087	 -0.107	 -0.092	 -0.284
[component_container-11] 	 12.600	ErrPose	  0.928	  0.671	  0.036	 -0.011
[component_container-11] 	 12.600	ErrTwis	 -0.787	 -0.380	  0.095	  0.005
[component_container-11] 	 12.600	    GPS	 -1.149	 -1.411	  5.033	     --
[component_container-11] 	 12.600	   Baro	     --	     --	  4.508	     --
[component_container-11] 	 12.600	  BBias	     --	     --	 -0.302	     --
[component_container-11] 	 12.600	  Sonar	     --	     --	    inf	     --
[component_container-11] 	 12.600	  Magnt	     --	     --	     --	  2.846
[component_container-11] 
[component_container-11] 	 12.640	   Pose	 -1.868	 -1.700	  4.984	  2.850
[component_container-11] 	 12.640	  Twist	 -0.095	 -0.110	 -0.100	 -0.274
[component_container-11] 	 12.640	ErrPose	  0.971	  0.684	  0.045	 -0.011
[component_container-11] 	 12.640	ErrTwis	 -0.785	 -0.386	  0.102	 -0.006
[component_container-11] 	 12.640	    GPS	 -1.149	 -1.411	  5.033	     --
[component_container-11] 	 12.640	   Baro	     --	     --	  4.610	     --
[component_container-11] 	 12.640	  BBias	     --	     --	 -0.302	     --
[component_container-11] 	 12.640	  Sonar	     --	     --	    inf	     --
[component_container-11] 	 12.640	  Magnt	     --	     --	     --	  2.857
[component_container-11] 
[component_container-11] 	 12.670	   Pose	 -1.871	 -1.703	  4.980	  2.841
[component_container-11] 	 12.670	  Twist	 -0.101	 -0.112	 -0.102	 -0.270
[component_container-11] 	 12.670	ErrPose	  0.994	  0.692	  0.048	 -0.008
[component_container-11] 	 12.670	ErrTwis	 -0.781	 -0.388	  0.104	 -0.010
[component_container-11] 	 12.670	    GPS	 -1.149	 -1.411	  5.033	     --
[component_container-11] 	 12.670	   Baro	     --	     --	  4.669	     --
[component_container-11] 	 12.670	  BBias	     --	     --	 -0.302	     --
[component_container-11] 	 12.670	  Sonar	     --	     --	    inf	     --
[component_container-11] 	 12.670	  Magnt	     --	     --	     --	  2.796
[component_container-11] 
[component_container-11] 	 12.700	   Pose	 -1.874	 -1.707	  4.977	  2.832
[component_container-11] 	 12.700	  Twist	 -0.106	 -0.114	 -0.102	 -0.269
[component_container-11] 	 12.700	ErrPose	  1.038	  0.704	  0.050	 -0.011
[component_container-11] 	 12.700	ErrTwis	 -0.780	 -0.395	  0.105	 -0.010
[component_container-11] 	 12.700	    GPS	 -1.149	 -1.411	  5.033	     --
[component_container-11] 	 12.700	   Baro	     --	     --	  4.669	     --
[component_container-11] 	 12.700	  BBias	     --	     --	 -0.302	     --
[component_container-11] 	 12.700	  Sonar	     --	     --	    inf	     --
[component_container-11] 	 12.700	  Magnt	     --	     --	     --	  2.796
[component_container-11] 
[component_container-11] 	 12.740	   Pose	 -1.878	 -1.711	  4.986	  2.821
[component_container-11] 	 12.740	  Twist	 -0.114	 -0.117	 -0.089	 -0.262
[component_container-11] 	 12.740	ErrPose	  1.082	  0.717	  0.040	 -0.011
[component_container-11] 	 12.740	ErrTwis	 -0.776	 -0.400	  0.091	 -0.018
[component_container-11] 	 12.740	    GPS	 -1.149	 -1.411	  5.033	     --
[component_container-11] 	 12.740	   Baro	     --	     --	  4.832	     --
[component_container-11] 	 12.740	  BBias	     --	     --	 -0.302	     --
[component_container-11] 	 12.740	  Sonar	     --	     --	    inf	     --
[component_container-11] 	 12.740	  Magnt	     --	     --	     --	  2.802
[component_container-11] 
[component_container-11] 	 12.770	   Pose	 -1.882	 -1.715	  4.986	  2.813
[component_container-11] 	 12.770	  Twist	 -0.120	 -0.119	 -0.086	 -0.269
[component_container-11] 	 12.770	ErrPose	  1.106	  0.725	  0.039	 -0.008
[component_container-11] 	 12.770	ErrTwis	 -0.771	 -0.403	  0.088	 -0.010
[component_container-11] 	 12.770	    GPS	 -1.149	 -1.411	  5.033	     --
[component_container-11] 	 12.770	   Baro	     --	     --	  4.716	     --
[component_container-11] 	 12.770	  BBias	     --	     --	 -0.302	     --
[component_container-11] 	 12.770	  Sonar	     --	     --	    inf	     --
[component_container-11] 	 12.770	  Magnt	     --	     --	     --	  2.796
[component_container-11] 
[component_container-11] 	 12.800	   Pose	 -1.886	 -1.718	  4.984	  2.804
[component_container-11] 	 12.800	  Twist	 -0.127	 -0.121	 -0.086	 -0.270
[component_container-11] 	 12.800	ErrPose	  1.151	  0.736	  0.041	 -0.011
[component_container-11] 	 12.800	ErrTwis	 -0.767	 -0.410	  0.089	 -0.010
[component_container-11] 	 12.800	    GPS	 -1.149	 -1.411	  5.033	     --
[component_container-11] 	 12.800	   Baro	     --	     --	  4.716	     --
[component_container-11] 	 12.800	  BBias	     --	     --	 -0.302	     --
[component_container-11] 	 12.800	  Sonar	     --	     --	    inf	     --
[component_container-11] 	 12.800	  Magnt	     --	     --	     --	  2.796
[component_container-11] 
[component_container-11] 	 12.840	   Pose	 -1.891	 -1.723	  4.996	  2.793
[component_container-11] 	 12.840	  Twist	 -0.134	 -0.124	 -0.072	 -0.269
[component_container-11] 	 12.840	ErrPose	  1.197	  0.749	  0.027	 -0.011
[component_container-11] 	 12.840	ErrTwis	 -0.761	 -0.415	  0.076	 -0.011
[component_container-11] 	 12.840	    GPS	 -1.149	 -1.411	  5.033	     --
[component_container-11] 	 12.840	   Baro	     --	     --	  4.861	     --
[component_container-11] 	 12.840	  BBias	     --	     --	 -0.301	     --
[component_container-11] 	 12.840	  Sonar	     --	     --	    inf	     --
[component_container-11] 	 12.840	  Magnt	     --	     --	     --	  2.786
[component_container-11] 
[component_container-11] 	 12.870	   Pose	 -1.895	 -1.727	  4.988	  2.785
[component_container-11] 	 12.870	  Twist	 -0.139	 -0.125	 -0.079	 -0.275
[component_container-11] 	 12.870	ErrPose	  1.222	  0.757	  0.035	 -0.008
[component_container-11] 	 12.870	ErrTwis	 -0.756	 -0.418	  0.083	 -0.005
[component_container-11] 	 12.870	    GPS	 -1.149	 -1.411	  5.033	     --
[component_container-11] 	 12.870	   Baro	     --	     --	  4.627	     --
[component_container-11] 	 12.870	  BBias	     --	     --	 -0.301	     --
[component_container-11] 	 12.870	  Sonar	     --	     --	    inf	     --
[component_container-11] 	 12.870	  Magnt	     --	     --	     --	  2.782
[component_container-11] 
[component_container-11] 	 12.900	   Pose	 -1.899	 -1.731	  4.986	  2.777
[component_container-11] 	 12.900	  Twist	 -0.145	 -0.127	 -0.081	 -0.275
[component_container-11] 	 12.900	ErrPose	  1.268	  0.769	  0.036	 -0.011
[component_container-11] 	 12.900	ErrTwis	 -0.750	 -0.425	  0.083	 -0.005
[component_container-11] 	 12.900	    GPS	 -1.149	 -1.411	  5.033	     --
[component_container-11] 	 12.900	   Baro	     --	     --	  4.627	     --
[component_container-11] 	 12.900	  BBias	     --	     --	 -0.301	     --
[component_container-11] 	 12.900	  Sonar	     --	     --	    inf	     --
[component_container-11] 	 12.900	  Magnt	     --	     --	     --	  2.782
[component_container-11] 
[component_container-11] 	 12.940	   Pose	 -1.905	 -1.736	  4.983	  2.765
[component_container-11] 	 12.940	  Twist	 -0.153	 -0.129	 -0.082	 -0.280
[component_container-11] 	 12.940	ErrPose	  1.315	  0.781	  0.038	 -0.011
[component_container-11] 	 12.940	ErrTwis	 -0.742	 -0.432	  0.084	  0.000
[component_container-11] 	 12.940	    GPS	 -1.149	 -1.411	  5.033	     --
[component_container-11] 	 12.940	   Baro	     --	     --	  4.694	     --
[component_container-11] 	 12.940	  BBias	     --	     --	 -0.301	     --
[component_container-11] 	 12.940	  Sonar	     --	     --	    inf	     --
[component_container-11] 	 12.940	  Magnt	     --	     --	     --	  2.755
[component_container-11] 
[component_container-11] 	 12.970	   Pose	 -1.910	 -1.740	  4.978	  2.757
[component_container-11] 	 12.970	  Twist	 -0.159	 -0.131	 -0.086	 -0.279
[component_container-11] 	 12.970	ErrPose	  1.341	  0.789	  0.042	 -0.008
[component_container-11] 	 12.970	ErrTwis	 -0.736	 -0.434	  0.089	 -0.000
[component_container-11] 	 12.970	    GPS	 -1.149	 -1.411	  5.033	     --
[component_container-11] 	 12.970	   Baro	     --	     --	  4.649	     --
[component_container-11] 	 12.970	  BBias	     --	     --	 -0.301	     --
[component_container-11] 	 12.970	  Sonar	     --	     --	    inf	     --
[component_container-11] 	 12.970	  Magnt	     --	     --	     --	  2.760
[component_container-11] 
[component_container-11] [INFO] [1775320692.528170879] [drone.controller]: cmd_vel body=(-0.776, -0.630, 0.013) yaw=-0.300 | odom_received=true | plan_points=38
[component_container-11] 	 13.000	   Pose	 -1.915	 -1.744	  4.975	  2.748
[component_container-11] 	 13.000	  Twist	 -0.165	 -0.133	 -0.086	 -0.277
[component_container-11] 	 13.000	ErrPose	  1.388	  0.800	  0.044	 -0.011
[component_container-11] 	 13.000	ErrTwis	 -0.729	 -0.441	  0.089	 -0.002
[component_container-11] 	 13.000	    GPS	 -1.149	 -1.411	  5.033	     --
[component_container-11] 	 13.000	   Baro	     --	     --	  4.649	     --
[component_container-11] 	 13.000	  BBias	     --	     --	 -0.301	     --
[component_container-11] 	 13.000	  Sonar	     --	     --	    inf	     --
[component_container-11] 	 13.000	  Magnt	     --	     --	     --	  2.760
[component_container-11] 
[component_container-11] [INFO] [1775320692.528644406] [drone.estimator]: TMP LOG err_xyz=(1.388, 0.800, 0.044) | z_est=4.975 vz_est=-0.086 bias=-0.301 | gps_z=5.033 sonar=inf baro=4.649
[component_container-11] 	 13.040	   Pose	 -1.584	 -1.551	  4.986	  2.737
[component_container-11] 	 13.040	  Twist	 -0.059	 -0.067	 -0.074	 -0.270
[component_container-11] 	 13.040	ErrPose	  1.099	  0.616	  0.033	 -0.010
[component_container-11] 	 13.040	ErrTwis	 -0.833	 -0.516	  0.075	 -0.009
[component_container-11] 	 13.040	    GPS	 -0.775	 -1.076	  5.019	     --
[component_container-11] 	 13.040	   Baro	     --	     --	  4.757	     --
[component_container-11] 	 13.040	  BBias	     --	     --	 -0.302	     --
[component_container-11] 	 13.040	  Sonar	     --	     --	    inf	     --
[component_container-11] 	 13.040	  Magnt	     --	     --	     --	  2.722
[component_container-11] 
[component_container-11] 	 13.070	   Pose	 -1.586	 -1.553	  4.975	  2.728
[component_container-11] 	 13.070	  Twist	 -0.065	 -0.069	 -0.082	 -0.268
[component_container-11] 	 13.070	ErrPose	  1.122	  0.621	  0.043	 -0.007
[component_container-11] 	 13.070	ErrTwis	 -0.826	 -0.518	  0.083	 -0.011
[component_container-11] 	 13.070	    GPS	 -0.775	 -1.076	  5.019	     --
[component_container-11] 	 13.070	   Baro	     --	     --	  4.575	     --
[component_container-11] 	 13.070	  BBias	     --	     --	 -0.302	     --
[component_container-11] 	 13.070	  Sonar	     --	     --	    inf	     --
[component_container-11] 	 13.070	  Magnt	     --	     --	     --	  2.705
[component_container-11] 
[component_container-11] 	 13.100	   Pose	 -1.588	 -1.556	  4.973	  2.720
[component_container-11] 	 13.100	  Twist	 -0.071	 -0.070	 -0.083	 -0.260
[component_container-11] 	 13.100	ErrPose	  1.167	  0.631	  0.045	 -0.010
[component_container-11] 	 13.100	ErrTwis	 -0.817	 -0.526	  0.085	 -0.020
[component_container-11] 	 13.100	    GPS	 -0.775	 -1.076	  5.019	     --
[component_container-11] 	 13.100	   Baro	     --	     --	  4.575	     --
[component_container-11] 	 13.100	  BBias	     --	     --	 -0.302	     --
[component_container-11] 	 13.100	  Sonar	     --	     --	    inf	     --
[component_container-11] 	 13.100	  Magnt	     --	     --	     --	  2.705
[component_container-11] 
[component_container-11] 	 13.140	   Pose	 -1.591	 -1.558	  4.975	  2.708
[component_container-11] 	 13.140	  Twist	 -0.079	 -0.072	 -0.077	 -0.304
[component_container-11] 	 13.140	ErrPose	  1.212	  0.641	  0.041	 -0.010
[component_container-11] 	 13.140	ErrTwis	 -0.806	 -0.532	  0.080	  0.025
[component_container-11] 	 13.140	    GPS	 -0.775	 -1.076	  5.019	     --
[component_container-11] 	 13.140	   Baro	     --	     --	  4.746	     --
[component_container-11] 	 13.140	  BBias	     --	     --	 -0.302	     --
[component_container-11] 	 13.140	  Sonar	     --	     --	    inf	     --
[component_container-11] 	 13.140	  Magnt	     --	     --	     --	  2.717
[component_container-11] 
[component_container-11] 	 13.170	   Pose	 -1.594	 -1.561	  4.971	  2.700
[component_container-11] 	 13.170	  Twist	 -0.084	 -0.073	 -0.081	 -0.280
[component_container-11] 	 13.170	ErrPose	  1.235	  0.646	  0.046	 -0.007
[component_container-11] 	 13.170	ErrTwis	 -0.798	 -0.536	  0.083	  0.001
[component_container-11] 	 13.170	    GPS	 -0.775	 -1.076	  5.019	     --
[component_container-11] 	 13.170	   Baro	     --	     --	  4.641	     --
[component_container-11] 	 13.170	  BBias	     --	     --	 -0.302	     --
[component_container-11] 	 13.170	  Sonar	     --	     --	    inf	     --
[component_container-11] 	 13.170	  Magnt	     --	     --	     --	  2.682
[component_container-11] 
[component_container-11] 	 13.200	   Pose	 -1.596	 -1.563	  4.968	  2.691
[component_container-11] 	 13.200	  Twist	 -0.091	 -0.074	 -0.082	 -0.277
[component_container-11] 	 13.200	ErrPose	  1.280	  0.656	  0.048	 -0.010
[component_container-11] 	 13.200	ErrTwis	 -0.787	 -0.543	  0.083	 -0.003
[component_container-11] 	 13.200	    GPS	 -0.775	 -1.076	  5.019	     --
[component_container-11] 	 13.200	   Baro	     --	     --	  4.641	     --
[component_container-11] 	 13.200	  BBias	     --	     --	 -0.302	     --
[component_container-11] 	 13.200	  Sonar	     --	     --	    inf	     --
[component_container-11] 	 13.200	  Magnt	     --	     --	     --	  2.682
[component_container-11] 
[component_container-11] 	 13.240	   Pose	 -1.600	 -1.566	  4.961	  2.681
[component_container-11] 	 13.240	  Twist	 -0.100	 -0.075	 -0.086	 -0.274
[component_container-11] 	 13.240	ErrPose	  1.327	  0.665	  0.054	 -0.010
[component_container-11] 	 13.240	ErrTwis	 -0.773	 -0.550	  0.087	 -0.006
[component_container-11] 	 13.240	    GPS	 -0.775	 -1.076	  5.019	     --
[component_container-11] 	 13.240	   Baro	     --	     --	  4.623	     --
[component_container-11] 	 13.240	  BBias	     --	     --	 -0.302	     --
[component_container-11] 	 13.240	  Sonar	     --	     --	    inf	     --
[component_container-11] 	 13.240	  Magnt	     --	     --	     --	  2.707
[component_container-11] 
[component_container-11] 	 13.270	   Pose	 -1.603	 -1.568	  4.965	  2.672
[component_container-11] 	 13.270	  Twist	 -0.107	 -0.076	 -0.079	 -0.297
[component_container-11] 	 13.270	ErrPose	  1.351	  0.671	  0.050	 -0.007
[component_container-11] 	 13.270	ErrTwis	 -0.763	 -0.551	  0.080	  0.018
[component_container-11] 	 13.270	    GPS	 -0.775	 -1.076	  5.019	     --
[component_container-11] 	 13.270	   Baro	     --	     --	  4.737	     --
[component_container-11] 	 13.270	  BBias	     --	     --	 -0.302	     --
[component_container-11] 	 13.270	  Sonar	     --	     --	    inf	     --
[component_container-11] 	 13.270	  Magnt	     --	     --	     --	  2.664
[component_container-11] 
[component_container-11] 	 13.300	   Pose	 -1.606	 -1.570	  4.963	  2.664
[component_container-11] 	 13.300	  Twist	 -0.114	 -0.078	 -0.079	 -0.292
[component_container-11] 	 13.300	ErrPose	  1.397	  0.680	  0.052	 -0.010
[component_container-11] 	 13.300	ErrTwis	 -0.751	 -0.556	  0.080	  0.012
[component_container-11] 	 13.300	    GPS	 -0.775	 -1.076	  5.019	     --
[component_container-11] 	 13.300	   Baro	     --	     --	  4.737	     --
[component_container-11] 	 13.300	  BBias	     --	     --	 -0.302	     --
[component_container-11] 	 13.300	  Sonar	     --	     --	    inf	     --
[component_container-11] 	 13.300	  Magnt	     --	     --	     --	  2.664
[component_container-11] 
[component_container-11] 	 13.340	   Pose	 -1.611	 -1.574	  4.969	  2.652
[component_container-11] 	 13.340	  Twist	 -0.123	 -0.080	 -0.070	 -0.290
[component_container-11] 	 13.340	ErrPose	  1.444	  0.690	  0.045	 -0.009
[component_container-11] 	 13.340	ErrTwis	 -0.735	 -0.560	  0.070	  0.010
[component_container-11] 	 13.340	    GPS	 -0.775	 -1.076	  5.019	     --
[component_container-11] 	 13.340	   Baro	     --	     --	  4.771	     --
[component_container-11] 	 13.340	  BBias	     --	     --	 -0.302	     --
[component_container-11] 	 13.340	  Sonar	     --	     --	    inf	     --
[component_container-11] 	 13.340	  Magnt	     --	     --	     --	  2.632
[component_container-11] 
[component_container-11] 	 13.370	   Pose	 -1.615	 -1.576	  4.970	  2.644
[component_container-11] 	 13.370	  Twist	 -0.130	 -0.082	 -0.068	 -0.274
[component_container-11] 	 13.370	ErrPose	  1.468	  0.695	  0.044	 -0.007
[component_container-11] 	 13.370	ErrTwis	 -0.725	 -0.560	  0.069	 -0.006
[component_container-11] 	 13.370	    GPS	 -0.775	 -1.076	  5.019	     --
[component_container-11] 	 13.370	   Baro	     --	     --	  4.693	     --
[component_container-11] 	 13.370	  BBias	     --	     --	 -0.302	     --
[component_container-11] 	 13.370	  Sonar	     --	     --	    inf	     --
[component_container-11] 	 13.370	  Magnt	     --	     --	     --	  2.653
[component_container-11] 
[component_container-11] 	 13.400	   Pose	 -1.619	 -1.578	  4.968	  2.636
[component_container-11] 	 13.400	  Twist	 -0.137	 -0.085	 -0.069	 -0.267
[component_container-11] 	 13.400	ErrPose	  1.515	  0.704	  0.046	 -0.010
[component_container-11] 	 13.400	ErrTwis	 -0.711	 -0.564	  0.073	 -0.012
[component_container-11] 	 13.400	    GPS	 -0.775	 -1.076	  5.019	     --
[component_container-11] 	 13.400	   Baro	     --	     --	  4.693	     --
[component_container-11] 	 13.400	  BBias	     --	     --	 -0.302	     --
[component_container-11] 	 13.400	  Sonar	     --	     --	    inf	     --
[component_container-11] 	 13.400	  Magnt	     --	     --	     --	  2.653
[component_container-11] 
[component_container-11] 	 13.440	   Pose	 -1.625	 -1.582	  4.977	  2.624
[component_container-11] 	 13.440	  Twist	 -0.145	 -0.087	 -0.058	 -0.277
[component_container-11] 	 13.440	ErrPose	  1.562	  0.714	  0.037	 -0.009
[component_container-11] 	 13.440	ErrTwis	 -0.696	 -0.567	  0.062	 -0.003
[component_container-11] 	 13.440	    GPS	 -0.775	 -1.076	  5.019	     --
[component_container-11] 	 13.440	   Baro	     --	     --	  4.798	     --
[component_container-11] 	 13.440	  BBias	     --	     --	 -0.302	     --
[component_container-11] 	 13.440	  Sonar	     --	     --	    inf	     --
[component_container-11] 	 13.440	  Magnt	     --	     --	     --	  2.583
[component_container-11] 
[component_container-11] 	 13.470	   Pose	 -1.629	 -1.585	  4.988	  2.615
[component_container-11] 	 13.470	  Twist	 -0.151	 -0.088	 -0.045	 -0.276
[component_container-11] 	 13.470	ErrPose	  1.588	  0.719	  0.025	 -0.006
[component_container-11] 	 13.470	ErrTwis	 -0.685	 -0.569	  0.049	 -0.004
[component_container-11] 	 13.470	    GPS	 -0.775	 -1.076	  5.019	     --
[component_container-11] 	 13.470	   Baro	     --	     --	  4.822	     --
[component_container-11] 	 13.470	  BBias	     --	     --	 -0.301	     --
[component_container-11] 	 13.470	  Sonar	     --	     --	    inf	     --
[component_container-11] 	 13.470	  Magnt	     --	     --	     --	  2.604
[component_container-11] 
[component_container-11] 	 13.500	   Pose	 -1.634	 -1.587	  4.987	  2.607
[component_container-11] 	 13.500	  Twist	 -0.158	 -0.090	 -0.045	 -0.278
[component_container-11] 	 13.500	ErrPose	  1.634	  0.728	  0.027	 -0.009
[component_container-11] 	 13.500	ErrTwis	 -0.670	 -0.573	  0.050	 -0.002
[component_container-11] 	 13.500	    GPS	 -0.775	 -1.076	  5.019	     --
[component_container-11] 	 13.500	   Baro	     --	     --	  4.822	     --
[component_container-11] 	 13.500	  BBias	     --	     --	 -0.301	     --
[component_container-11] 	 13.500	  Sonar	     --	     --	    inf	     --
[component_container-11] 	 13.500	  Magnt	     --	     --	     --	  2.604
[component_container-11] 
[component_container-11] 	 13.540	   Pose	 -1.217	 -1.461	  5.001	  2.596
[component_container-11] 	 13.540	  Twist	 -0.022	 -0.047	 -0.030	 -0.269
[component_container-11] 	 13.540	ErrPose	  1.259	  0.607	  0.013	 -0.009
[component_container-11] 	 13.540	ErrTwis	 -0.797	 -0.622	  0.037	 -0.010
[component_container-11] 	 13.540	    GPS	 -0.202	 -1.147	  5.013	     --
[component_container-11] 	 13.540	   Baro	     --	     --	  4.829	     --
[component_container-11] 	 13.540	  BBias	     --	     --	 -0.302	     --
[component_container-11] 	 13.540	  Sonar	     --	     --	    inf	     --
[component_container-11] 	 13.540	  Magnt	     --	     --	     --	  2.609
[component_container-11] 
[component_container-11] 	 13.570	   Pose	 -1.218	 -1.462	  5.015	  2.587
[component_container-11] 	 13.570	  Twist	 -0.029	 -0.048	 -0.015	 -0.273
[component_container-11] 	 13.570	ErrPose	  1.281	  0.612	 -0.002	 -0.006
[component_container-11] 	 13.570	ErrTwis	 -0.786	 -0.624	  0.021	 -0.006
[component_container-11] 	 13.570	    GPS	 -0.202	 -1.147	  5.013	     --
[component_container-11] 	 13.570	   Baro	     --	     --	  4.899	     --
[component_container-11] 	 13.570	  BBias	     --	     --	 -0.301	     --
[component_container-11] 	 13.570	  Sonar	     --	     --	    inf	     --
[component_container-11] 	 13.570	  Magnt	     --	     --	     --	  2.579
[component_container-11] 
[component_container-11] 	 13.600	   Pose	 -1.219	 -1.464	  5.015	  2.579
[component_container-11] 	 13.600	  Twist	 -0.035	 -0.050	 -0.017	 -0.275
[component_container-11] 	 13.600	ErrPose	  1.324	  0.619	 -0.001	 -0.009
[component_container-11] 	 13.600	ErrTwis	 -0.770	 -0.628	  0.022	 -0.005
[component_container-11] 	 13.600	    GPS	 -0.202	 -1.147	  5.013	     --
[component_container-11] 	 13.600	   Baro	     --	     --	  4.899	     --
[component_container-11] 	 13.600	  BBias	     --	     --	 -0.301	     --
[component_container-11] 	 13.600	  Sonar	     --	     --	    inf	     --
[component_container-11] 	 13.600	  Magnt	     --	     --	     --	  2.579
[component_container-11] 
[component_container-11] 	 13.640	   Pose	 -1.220	 -1.466	  5.028	  2.568
[component_container-11] 	 13.640	  Twist	 -0.044	 -0.051	 -0.004	 -0.279
[component_container-11] 	 13.640	ErrPose	  1.367	  0.627	 -0.015	 -0.009
[component_container-11] 	 13.640	ErrTwis	 -0.751	 -0.634	  0.009	 -0.001
[component_container-11] 	 13.640	    GPS	 -0.202	 -1.147	  5.013	     --
[component_container-11] 	 13.640	   Baro	     --	     --	  4.886	     --
[component_container-11] 	 13.640	  BBias	     --	     --	 -0.301	     --
[component_container-11] 	 13.640	  Sonar	     --	     --	    inf	     --
[component_container-11] 	 13.640	  Magnt	     --	     --	     --	  2.577
[component_container-11] 
[component_container-11] 	 13.670	   Pose	 -1.222	 -1.467	  5.030	  2.559
[component_container-11] 	 13.670	  Twist	 -0.050	 -0.052	 -0.004	 -0.281
[component_container-11] 	 13.670	ErrPose	  1.389	  0.631	 -0.017	 -0.006
[component_container-11] 	 13.670	ErrTwis	 -0.740	 -0.636	  0.009	  0.001
[component_container-11] 	 13.670	    GPS	 -0.202	 -1.147	  5.013	     --
[component_container-11] 	 13.670	   Baro	     --	     --	  4.755	     --
[component_container-11] 	 13.670	  BBias	     --	     --	 -0.301	     --
[component_container-11] 	 13.670	  Sonar	     --	     --	    inf	     --
[component_container-11] 	 13.670	  Magnt	     --	     --	     --	  2.562
[component_container-11] 
[component_container-11] 	 13.700	   Pose	 -1.223	 -1.469	  5.030	  2.551
[component_container-11] 	 13.700	  Twist	 -0.056	 -0.053	 -0.006	 -0.257
[component_container-11] 	 13.700	ErrPose	  1.432	  0.639	 -0.017	 -0.009
[component_container-11] 	 13.700	ErrTwis	 -0.723	 -0.641	  0.011	 -0.022
[component_container-11] 	 13.700	    GPS	 -0.202	 -1.147	  5.013	     --
[component_container-11] 	 13.700	   Baro	     --	     --	  4.755	     --
[component_container-11] 	 13.700	  BBias	     --	     --	 -0.301	     --
[component_container-11] 	 13.700	  Sonar	     --	     --	    inf	     --
[component_container-11] 	 13.700	  Magnt	     --	     --	     --	  2.562
[component_container-11] 
[component_container-11] 	 13.740	   Pose	 -1.226	 -1.471	  5.032	  2.540
[component_container-11] 	 13.740	  Twist	 -0.065	 -0.054	 -0.006	 -0.275
[component_container-11] 	 13.740	ErrPose	  1.475	  0.647	 -0.018	 -0.010
[component_container-11] 	 13.740	ErrTwis	 -0.704	 -0.645	  0.009	 -0.004
[component_container-11] 	 13.740	    GPS	 -0.202	 -1.147	  5.013	     --
[component_container-11] 	 13.740	   Baro	     --	     --	  4.750	     --
[component_container-11] 	 13.740	  BBias	     --	     --	 -0.301	     --
[component_container-11] 	 13.740	  Sonar	     --	     --	    inf	     --
[component_container-11] 	 13.740	  Magnt	     --	     --	     --	  2.558
[component_container-11] 
[component_container-11] 	 13.770	   Pose	 -1.228	 -1.472	  5.038	  2.532
[component_container-11] 	 13.770	  Twist	 -0.071	 -0.055	 -0.001	 -0.267
[component_container-11] 	 13.770	ErrPose	  1.498	  0.651	 -0.025	 -0.007
[component_container-11] 	 13.770	ErrTwis	 -0.693	 -0.647	  0.004	 -0.013
[component_container-11] 	 13.770	    GPS	 -0.202	 -1.147	  5.013	     --
[component_container-11] 	 13.770	   Baro	     --	     --	  4.809	     --
[component_container-11] 	 13.770	  BBias	     --	     --	 -0.301	     --
[component_container-11] 	 13.770	  Sonar	     --	     --	    inf	     --
[component_container-11] 	 13.770	  Magnt	     --	     --	     --	  2.547
[component_container-11] 
[component_container-11] 	 13.800	   Pose	 -1.230	 -1.474	  5.038	  2.524
[component_container-11] 	 13.800	  Twist	 -0.078	 -0.056	 -0.002	 -0.285
[component_container-11] 	 13.800	ErrPose	  1.541	  0.659	 -0.025	 -0.010
[component_container-11] 	 13.800	ErrTwis	 -0.674	 -0.652	  0.004	  0.006
[component_container-11] 	 13.800	    GPS	 -0.202	 -1.147	  5.013	     --
[component_container-11] 	 13.800	   Baro	     --	     --	  4.809	     --
[component_container-11] 	 13.800	  BBias	     --	     --	 -0.301	     --
[component_container-11] 	 13.800	  Sonar	     --	     --	    inf	     --
[component_container-11] 	 13.800	  Magnt	     --	     --	     --	  2.547
[component_container-11] 
[component_container-11] 	 13.840	   Pose	 -1.233	 -1.476	  5.032	  2.513
[component_container-11] 	 13.840	  Twist	 -0.086	 -0.057	 -0.011	 -0.279
[component_container-11] 	 13.840	ErrPose	  1.584	  0.667	 -0.019	 -0.010
[component_container-11] 	 13.840	ErrTwis	 -0.654	 -0.656	  0.013	 -0.001
[component_container-11] 	 13.840	    GPS	 -0.202	 -1.147	  5.013	     --
[component_container-11] 	 13.840	   Baro	     --	     --	  4.673	     --
[component_container-11] 	 13.840	  BBias	     --	     --	 -0.301	     --
[component_container-11] 	 13.840	  Sonar	     --	     --	    inf	     --
[component_container-11] 	 13.840	  Magnt	     --	     --	     --	  2.523
[component_container-11] 
[component_container-11] 	 13.870	   Pose	 -1.236	 -1.478	  5.016	  2.504
[component_container-11] 	 13.870	  Twist	 -0.092	 -0.059	 -0.028	 -0.278
[component_container-11] 	 13.870	ErrPose	  1.607	  0.671	 -0.003	 -0.007
[component_container-11] 	 13.870	ErrTwis	 -0.642	 -0.658	  0.030	 -0.002
[component_container-11] 	 13.870	    GPS	 -0.202	 -1.147	  5.013	     --
[component_container-11] 	 13.870	   Baro	     --	     --	  4.554	     --
[component_container-11] 	 13.870	  BBias	     --	     --	 -0.301	     --
[component_container-11] 	 13.870	  Sonar	     --	     --	    inf	     --
[component_container-11] 	 13.870	  Magnt	     --	     --	     --	  2.483
[component_container-11] 
[component_container-11] 	 13.900	   Pose	 -1.239	 -1.480	  5.016	  2.496
[component_container-11] 	 13.900	  Twist	 -0.099	 -0.060	 -0.030	 -0.286
[component_container-11] 	 13.900	ErrPose	  1.651	  0.679	 -0.003	 -0.010
[component_container-11] 	 13.900	ErrTwis	 -0.623	 -0.663	  0.031	  0.007
[component_container-11] 	 13.900	    GPS	 -0.202	 -1.147	  5.013	     --
[component_container-11] 	 13.900	   Baro	     --	     --	  4.554	     --
[component_container-11] 	 13.900	  BBias	     --	     --	 -0.301	     --
[component_container-11] 	 13.900	  Sonar	     --	     --	    inf	     --
[component_container-11] 	 13.900	  Magnt	     --	     --	     --	  2.483
[component_container-11] 
[component_container-11] 	 13.940	   Pose	 -1.243	 -1.482	  5.034	  2.484
[component_container-11] 	 13.940	  Twist	 -0.108	 -0.061	 -0.012	 -0.282
[component_container-11] 	 13.940	ErrPose	  1.695	  0.687	 -0.021	 -0.009
[component_container-11] 	 13.940	ErrTwis	 -0.601	 -0.668	  0.013	  0.002
[component_container-11] 	 13.940	    GPS	 -0.202	 -1.147	  5.013	     --
[component_container-11] 	 13.940	   Baro	     --	     --	  4.933	     --
[component_container-11] 	 13.940	  BBias	     --	     --	 -0.301	     --
[component_container-11] 	 13.940	  Sonar	     --	     --	    inf	     --
[component_container-11] 	 13.940	  Magnt	     --	     --	     --	  2.453
[component_container-11] 
[component_container-11] 	 13.970	   Pose	 -1.246	 -1.484	  5.022	  2.476
[component_container-11] 	 13.970	  Twist	 -0.114	 -0.062	 -0.024	 -0.296
[component_container-11] 	 13.970	ErrPose	  1.718	  0.692	 -0.009	 -0.007
[component_container-11] 	 13.970	ErrTwis	 -0.588	 -0.669	  0.026	  0.017
[component_container-11] 	 13.970	    GPS	 -0.202	 -1.147	  5.013	     --
[component_container-11] 	 13.970	   Baro	     --	     --	  4.601	     --
[component_container-11] 	 13.970	  BBias	     --	     --	 -0.301	     --
[component_container-11] 	 13.970	  Sonar	     --	     --	    inf	     --
[component_container-11] 	 13.970	  Magnt	     --	     --	     --	  2.533
[component_container-11] 
[component_container-11] [INFO] [1775320693.533206023] [drone.controller]: cmd_vel body=(-0.605, -0.796, -0.010) yaw=-0.300 | odom_received=true | plan_points=33
[component_container-11] 	 14.000	   Pose	 -1.250	 -1.486	  5.021	  2.468
[component_container-11] 	 14.000	  Twist	 -0.121	 -0.063	 -0.025	 -0.282
[component_container-11] 	 14.000	ErrPose	  1.761	  0.700	 -0.008	 -0.010
[component_container-11] 	 14.000	ErrTwis	 -0.569	 -0.674	  0.028	  0.002
[component_container-11] 	 14.000	    GPS	 -0.202	 -1.147	  5.013	     --
[component_container-11] 	 14.000	   Baro	     --	     --	  4.601	     --
[component_container-11] 	 14.000	  BBias	     --	     --	 -0.301	     --
[component_container-11] 	 14.000	  Sonar	     --	     --	    inf	     --
[component_container-11] 	 14.000	  Magnt	     --	     --	     --	  2.533
[component_container-11] 
[component_container-11] [INFO] [1775320693.533500692] [drone.estimator]: TMP LOG err_xyz=(1.761, 0.700, -0.008) | z_est=5.021 vz_est=-0.025 bias=-0.301 | gps_z=5.013 sonar=inf baro=4.601
[component_container-11] 	 14.040	   Pose	 -0.766	 -1.347	  5.020	  2.455
[component_container-11] 	 14.040	  Twist	  0.037	 -0.015	 -0.027	 -0.270
[component_container-11] 	 14.040	ErrPose	  1.317	  0.567	 -0.007	 -0.008
[component_container-11] 	 14.040	ErrTwis	 -0.714	 -0.727	  0.030	 -0.009
[component_container-11] 	 14.040	    GPS	  0.405	 -1.006	  5.013	     --
[component_container-11] 	 14.040	   Baro	     --	     --	  4.739	     --
[component_container-11] 	 14.040	  BBias	     --	     --	 -0.301	     --
[component_container-11] 	 14.040	  Sonar	     --	     --	    inf	     --
[component_container-11] 	 14.040	  Magnt	     --	     --	     --	  2.400
[component_container-11] 
[component_container-11] 	 14.070	   Pose	 -0.765	 -1.347	  5.012	  2.446
[component_container-11] 	 14.070	  Twist	  0.031	 -0.017	 -0.037	 -0.264
[component_container-11] 	 14.070	ErrPose	  1.336	  0.570	  0.001	 -0.005
[component_container-11] 	 14.070	ErrTwis	 -0.700	 -0.728	  0.039	 -0.016
[component_container-11] 	 14.070	    GPS	  0.405	 -1.006	  5.013	     --
[component_container-11] 	 14.070	   Baro	     --	     --	  4.622	     --
[component_container-11] 	 14.070	  BBias	     --	     --	 -0.301	     --
[component_container-11] 	 14.070	  Sonar	     --	     --	    inf	     --
[component_container-11] 	 14.070	  Magnt	     --	     --	     --	  2.402
[component_container-11] 
[component_container-11] 	 14.100	   Pose	 -0.764	 -1.348	  5.011	  2.438
[component_container-11] 	 14.100	  Twist	  0.024	 -0.018	 -0.038	 -0.280
[component_container-11] 	 14.100	ErrPose	  1.374	  0.577	  0.003	 -0.008
[component_container-11] 	 14.100	ErrTwis	 -0.679	 -0.733	  0.042	 -0.000
[component_container-11] 	 14.100	    GPS	  0.405	 -1.006	  5.013	     --
[component_container-11] 	 14.100	   Baro	     --	     --	  4.622	     --
[component_container-11] 	 14.100	  BBias	     --	     --	 -0.301	     --
[component_container-11] 	 14.100	  Sonar	     --	     --	    inf	     --
[component_container-11] 	 14.100	  Magnt	     --	     --	     --	  2.402
[component_container-11] 
[component_container-11] 	 14.140	   Pose	 -0.763	 -1.348	  5.021	  2.427
[component_container-11] 	 14.140	  Twist	  0.016	 -0.019	 -0.028	 -0.265
[component_container-11] 	 14.140	ErrPose	  1.412	  0.584	 -0.008	 -0.007
[component_container-11] 	 14.140	ErrTwis	 -0.657	 -0.737	  0.032	 -0.015
[component_container-11] 	 14.140	    GPS	  0.405	 -1.006	  5.013	     --
[component_container-11] 	 14.140	   Baro	     --	     --	  4.854	     --
[component_container-11] 	 14.140	  BBias	     --	     --	 -0.301	     --
[component_container-11] 	 14.140	  Sonar	     --	     --	    inf	     --
[component_container-11] 	 14.140	  Magnt	     --	     --	     --	  2.419
[component_container-11] 
[component_container-11] 	 14.170	   Pose	 -0.763	 -1.349	  5.039	  2.418
[component_container-11] 	 14.170	  Twist	  0.009	 -0.020	 -0.010	 -0.276
[component_container-11] 	 14.170	ErrPose	  1.431	  0.588	 -0.026	 -0.005
[component_container-11] 	 14.170	ErrTwis	 -0.644	 -0.739	  0.013	 -0.003
[component_container-11] 	 14.170	    GPS	  0.405	 -1.006	  5.013	     --
[component_container-11] 	 14.170	   Baro	     --	     --	  4.956	     --
[component_container-11] 	 14.170	  BBias	     --	     --	 -0.301	     --
[component_container-11] 	 14.170	  Sonar	     --	     --	    inf	     --
[component_container-11] 	 14.170	  Magnt	     --	     --	     --	  2.413
[component_container-11] 
[component_container-11] 	 14.200	   Pose	 -0.763	 -1.350	  5.039	  2.410
[component_container-11] 	 14.200	  Twist	  0.003	 -0.022	 -0.011	 -0.277
[component_container-11] 	 14.200	ErrPose	  1.470	  0.595	 -0.025	 -0.007
[component_container-11] 	 14.200	ErrTwis	 -0.624	 -0.743	  0.014	 -0.003
[component_container-11] 	 14.200	    GPS	  0.405	 -1.006	  5.013	     --
[component_container-11] 	 14.200	   Baro	     --	     --	  4.956	     --
[component_container-11] 	 14.200	  BBias	     --	     --	 -0.301	     --
[component_container-11] 	 14.200	  Sonar	     --	     --	    inf	     --
[component_container-11] 	 14.200	  Magnt	     --	     --	     --	  2.413
[component_container-11] 
[component_container-11] 	 14.240	   Pose	 -0.763	 -1.351	  5.049	  2.398
[component_container-11] 	 14.240	  Twist	 -0.005	 -0.023	 -0.002	 -0.282
[component_container-11] 	 14.240	ErrPose	  1.508	  0.602	 -0.036	 -0.007
[component_container-11] 	 14.240	ErrTwis	 -0.601	 -0.747	  0.006	  0.002
[component_container-11] 	 14.240	    GPS	  0.405	 -1.006	  5.013	     --
[component_container-11] 	 14.240	   Baro	     --	     --	  4.866	     --
[component_container-11] 	 14.240	  BBias	     --	     --	 -0.301	     --
[component_container-11] 	 14.240	  Sonar	     --	     --	    inf	     --
[component_container-11] 	 14.240	  Magnt	     --	     --	     --	  2.385
[component_container-11] 
[component_container-11] 	 14.270	   Pose	 -0.763	 -1.351	  5.046	  2.390
[component_container-11] 	 14.270	  Twist	 -0.010	 -0.024	 -0.007	 -0.275
[component_container-11] 	 14.270	ErrPose	  1.528	  0.606	 -0.033	 -0.004
[component_container-11] 	 14.270	ErrTwis	 -0.588	 -0.748	  0.011	 -0.005
[component_container-11] 	 14.270	    GPS	  0.405	 -1.006	  5.013	     --
[component_container-11] 	 14.270	   Baro	     --	     --	  4.715	     --
[component_container-11] 	 14.270	  BBias	     --	     --	 -0.301	     --
[component_container-11] 	 14.270	  Sonar	     --	     --	    inf	     --
[component_container-11] 	 14.270	  Magnt	     --	     --	     --	  2.392
[component_container-11] 
[component_container-11] 	 14.300	   Pose	 -0.763	 -1.352	  5.046	  2.382
[component_container-11] 	 14.300	  Twist	 -0.016	 -0.025	 -0.010	 -0.254
[component_container-11] 	 14.300	ErrPose	  1.566	  0.614	 -0.032	 -0.008
[component_container-11] 	 14.300	ErrTwis	 -0.568	 -0.752	  0.013	 -0.026
[component_container-11] 	 14.300	    GPS	  0.405	 -1.006	  5.013	     --
[component_container-11] 	 14.300	   Baro	     --	     --	  4.715	     --
[component_container-11] 	 14.300	  BBias	     --	     --	 -0.301	     --
[component_container-11] 	 14.300	  Sonar	     --	     --	    inf	     --
[component_container-11] 	 14.300	  Magnt	     --	     --	     --	  2.392
[component_container-11] 
[component_container-11] 	 14.340	   Pose	 -0.764	 -1.353	  5.043	  2.371
[component_container-11] 	 14.340	  Twist	 -0.025	 -0.027	 -0.016	 -0.264
[component_container-11] 	 14.340	ErrPose	  1.605	  0.622	 -0.029	 -0.008
[component_container-11] 	 14.340	ErrTwis	 -0.545	 -0.754	  0.017	 -0.015
[component_container-11] 	 14.340	    GPS	  0.405	 -1.006	  5.013	     --
[component_container-11] 	 14.340	   Baro	     --	     --	  4.711	     --
[component_container-11] 	 14.340	  BBias	     --	     --	 -0.301	     --
[component_container-11] 	 14.340	  Sonar	     --	     --	    inf	     --
[component_container-11] 	 14.340	  Magnt	     --	     --	     --	  2.381
[component_container-11] 
[component_container-11] 	 14.370	   Pose	 -0.765	 -1.354	  5.035	  2.363
[component_container-11] 	 14.370	  Twist	 -0.031	 -0.028	 -0.025	 -0.277
[component_container-11] 	 14.370	ErrPose	  1.625	  0.626	 -0.021	 -0.005
[component_container-11] 	 14.370	ErrTwis	 -0.531	 -0.756	  0.026	 -0.003
[component_container-11] 	 14.370	    GPS	  0.405	 -1.006	  5.013	     --
[component_container-11] 	 14.370	   Baro	     --	     --	  4.663	     --
[component_container-11] 	 14.370	  BBias	     --	     --	 -0.301	     --
[component_container-11] 	 14.370	  Sonar	     --	     --	    inf	     --
[component_container-11] 	 14.370	  Magnt	     --	     --	     --	  2.367
[component_container-11] 
[component_container-11] 	 14.400	   Pose	 -0.766	 -1.355	  5.034	  2.355
[component_container-11] 	 14.400	  Twist	 -0.037	 -0.029	 -0.027	 -0.288
[component_container-11] 	 14.400	ErrPose	  1.663	  0.634	 -0.021	 -0.009
[component_container-11] 	 14.400	ErrTwis	 -0.509	 -0.759	  0.028	  0.008
[component_container-11] 	 14.400	    GPS	  0.405	 -1.006	  5.013	     --
[component_container-11] 	 14.400	   Baro	     --	     --	  4.663	     --
[component_container-11] 	 14.400	  BBias	     --	     --	 -0.301	     --
[component_container-11] 	 14.400	  Sonar	     --	     --	    inf	     --
[component_container-11] 	 14.400	  Magnt	     --	     --	     --	  2.367
[component_container-11] 
[component_container-11] 	 14.440	   Pose	 -0.768	 -1.356	  5.027	  2.344
[component_container-11] 	 14.440	  Twist	 -0.045	 -0.030	 -0.034	 -0.269
[component_container-11] 	 14.440	ErrPose	  1.702	  0.642	 -0.014	 -0.009
[component_container-11] 	 14.440	ErrTwis	 -0.487	 -0.762	  0.036	 -0.011
[component_container-11] 	 14.440	    GPS	  0.405	 -1.006	  5.013	     --
[component_container-11] 	 14.440	   Baro	     --	     --	  4.668	     --
[component_container-11] 	 14.440	  BBias	     --	     --	 -0.301	     --
[component_container-11] 	 14.440	  Sonar	     --	     --	    inf	     --
[component_container-11] 	 14.440	  Magnt	     --	     --	     --	  2.339
[component_container-11] 
[component_container-11] 	 14.470	   Pose	 -0.769	 -1.357	  5.023	  2.336
[component_container-11] 	 14.470	  Twist	 -0.051	 -0.031	 -0.039	 -0.263
[component_container-11] 	 14.470	ErrPose	  1.722	  0.647	 -0.010	 -0.006
[component_container-11] 	 14.470	ErrTwis	 -0.473	 -0.762	  0.040	 -0.016
[component_container-11] 	 14.470	    GPS	  0.405	 -1.006	  5.013	     --
[component_container-11] 	 14.470	   Baro	     --	     --	  4.694	     --
[component_container-11] 	 14.470	  BBias	     --	     --	 -0.301	     --
[component_container-11] 	 14.470	  Sonar	     --	     --	    inf	     --
[component_container-11] 	 14.470	  Magnt	     --	     --	     --	  2.327
[component_container-11] 
[component_container-11] 	 14.500	   Pose	 -0.771	 -1.358	  5.022	  2.327
[component_container-11] 	 14.500	  Twist	 -0.058	 -0.033	 -0.040	 -0.288
[component_container-11] 	 14.500	ErrPose	  1.761	  0.655	 -0.008	 -0.009
[component_container-11] 	 14.500	ErrTwis	 -0.452	 -0.765	  0.041	  0.009
[component_container-11] 	 14.500	    GPS	  0.405	 -1.006	  5.013	     --
[component_container-11] 	 14.500	   Baro	     --	     --	  4.694	     --
[component_container-11] 	 14.500	  BBias	     --	     --	 -0.301	     --
[component_container-11] 	 14.500	  Sonar	     --	     --	    inf	     --
[component_container-11] 	 14.500	  Magnt	     --	     --	     --	  2.327
[component_container-11] 
[component_container-11] 	 14.540	   Pose	 -0.293	 -1.259	  5.027	  2.317
[component_container-11] 	 14.540	  Twist	  0.098	 -0.000	 -0.035	 -0.270
[component_container-11] 	 14.540	ErrPose	  1.320	  0.564	 -0.013	 -0.009
[component_container-11] 	 14.540	ErrTwis	 -0.592	 -0.801	  0.038	 -0.010
[component_container-11] 	 14.540	    GPS	  0.855	 -1.019	  5.014	     --
[component_container-11] 	 14.540	   Baro	     --	     --	  4.824	     --
[component_container-11] 	 14.540	  BBias	     --	     --	 -0.301	     --
[component_container-11] 	 14.540	  Sonar	     --	     --	    inf	     --
[component_container-11] 	 14.540	  Magnt	     --	     --	     --	  2.342
[component_container-11] 
[component_container-11] 	 14.570	   Pose	 -0.290	 -1.259	  5.017	  2.309
[component_container-11] 	 14.570	  Twist	  0.092	 -0.001	 -0.046	 -0.258
[component_container-11] 	 14.570	ErrPose	  1.335	  0.568	 -0.003	 -0.007
[component_container-11] 	 14.570	ErrTwis	 -0.579	 -0.802	  0.049	 -0.022
[component_container-11] 	 14.570	    GPS	  0.855	 -1.019	  5.014	     --
[component_container-11] 	 14.570	   Baro	     --	     --	  4.610	     --
[component_container-11] 	 14.570	  BBias	     --	     --	 -0.301	     --
[component_container-11] 	 14.570	  Sonar	     --	     --	    inf	     --
[component_container-11] 	 14.570	  Magnt	     --	     --	     --	  2.309
[component_container-11] 
[component_container-11] 	 14.600	   Pose	 -0.287	 -1.259	  5.016	  2.300
[component_container-11] 	 14.600	  Twist	  0.086	 -0.001	 -0.048	 -0.279
[component_container-11] 	 14.600	ErrPose	  1.369	  0.575	 -0.002	 -0.010
[component_container-11] 	 14.600	ErrTwis	 -0.558	 -0.805	  0.052	 -0.001
[component_container-11] 	 14.600	    GPS	  0.855	 -1.019	  5.014	     --
[component_container-11] 	 14.600	   Baro	     --	     --	  4.610	     --
[component_container-11] 	 14.600	  BBias	     --	     --	 -0.301	     --
[component_container-11] 	 14.600	  Sonar	     --	     --	    inf	     --
[component_container-11] 	 14.600	  Magnt	     --	     --	     --	  2.309
[component_container-11] 
[component_container-11] 	 14.640	   Pose	 -0.284	 -1.259	  5.013	  2.289
[component_container-11] 	 14.640	  Twist	  0.078	 -0.002	 -0.052	 -0.285
[component_container-11] 	 14.640	ErrPose	  1.402	  0.583	  0.002	 -0.009
[component_container-11] 	 14.640	ErrTwis	 -0.535	 -0.808	  0.056	  0.005
[component_container-11] 	 14.640	    GPS	  0.855	 -1.019	  5.014	     --
[component_container-11] 	 14.640	   Baro	     --	     --	  4.701	     --
[component_container-11] 	 14.640	  BBias	     --	     --	 -0.301	     --
[component_container-11] 	 14.640	  Sonar	     --	     --	    inf	     --
[component_container-11] 	 14.640	  Magnt	     --	     --	     --	  2.266
[component_container-11] 
[component_container-11] 	 14.670	   Pose	 -0.282	 -1.259	  5.015	  2.280
[component_container-11] 	 14.670	  Twist	  0.072	 -0.003	 -0.049	 -0.273
[component_container-11] 	 14.670	ErrPose	  1.418	  0.587	 -0.001	 -0.006
[component_container-11] 	 14.670	ErrTwis	 -0.521	 -0.808	  0.055	 -0.006
[component_container-11] 	 14.670	    GPS	  0.855	 -1.019	  5.014	     --
[component_container-11] 	 14.670	   Baro	     --	     --	  4.757	     --
[component_container-11] 	 14.670	  BBias	     --	     --	 -0.301	     --
[component_container-11] 	 14.670	  Sonar	     --	     --	    inf	     --
[component_container-11] 	 14.670	  Magnt	     --	     --	     --	  2.266
[component_container-11] 
[component_container-11] 	 14.700	   Pose	 -0.280	 -1.259	  5.013	  2.271
[component_container-11] 	 14.700	  Twist	  0.066	 -0.004	 -0.051	 -0.286
[component_container-11] 	 14.700	ErrPose	  1.452	  0.595	  0.001	 -0.009
[component_container-11] 	 14.700	ErrTwis	 -0.501	 -0.811	  0.057	  0.007
[component_container-11] 	 14.700	    GPS	  0.855	 -1.019	  5.014	     --
[component_container-11] 	 14.700	   Baro	     --	     --	  4.757	     --
[component_container-11] 	 14.700	  BBias	     --	     --	 -0.301	     --
[component_container-11] 	 14.700	  Sonar	     --	     --	    inf	     --
[component_container-11] 	 14.700	  Magnt	     --	     --	     --	  2.266
[component_container-11] 
[component_container-11] 	 14.740	   Pose	 -0.277	 -1.260	  5.019	  2.261
[component_container-11] 	 14.740	  Twist	  0.059	 -0.007	 -0.045	 -0.273
[component_container-11] 	 14.740	ErrPose	  1.485	  0.603	 -0.004	 -0.009
[component_container-11] 	 14.740	ErrTwis	 -0.478	 -0.811	  0.052	 -0.006
[component_container-11] 	 14.740	    GPS	  0.855	 -1.019	  5.014	     --
[component_container-11] 	 14.740	   Baro	     --	     --	  4.797	     --
[component_container-11] 	 14.740	  BBias	     --	     --	 -0.301	     --
[component_container-11] 	 14.740	  Sonar	     --	     --	    inf	     --
[component_container-11] 	 14.740	  Magnt	     --	     --	     --	  2.279
[component_container-11] 
[component_container-11] 	 14.770	   Pose	 -0.276	 -1.260	  5.021	  2.252
[component_container-11] 	 14.770	  Twist	  0.052	 -0.007	 -0.044	 -0.271
[component_container-11] 	 14.770	ErrPose	  1.501	  0.608	 -0.006	 -0.007
[component_container-11] 	 14.770	ErrTwis	 -0.464	 -0.813	  0.051	 -0.008
[component_container-11] 	 14.770	    GPS	  0.855	 -1.019	  5.014	     --
[component_container-11] 	 14.770	   Baro	     --	     --	  4.763	     --
[component_container-11] 	 14.770	  BBias	     --	     --	 -0.301	     --
[component_container-11] 	 14.770	  Sonar	     --	     --	    inf	     --
[component_container-11] 	 14.770	  Magnt	     --	     --	     --	  2.248
[component_container-11] 
[component_container-11] 	 14.800	   Pose	 -0.274	 -1.260	  5.020	  2.244
[component_container-11] 	 14.800	  Twist	  0.046	 -0.008	 -0.045	 -0.285
[component_container-11] 	 14.800	ErrPose	  1.535	  0.616	 -0.005	 -0.010
[component_container-11] 	 14.800	ErrTwis	 -0.443	 -0.816	  0.053	  0.006
[component_container-11] 	 14.800	    GPS	  0.855	 -1.019	  5.014	     --
[component_container-11] 	 14.800	   Baro	     --	     --	  4.763	     --
[component_container-11] 	 14.800	  BBias	     --	     --	 -0.301	     --
[component_container-11] 	 14.800	  Sonar	     --	     --	    inf	     --
[component_container-11] 	 14.800	  Magnt	     --	     --	     --	  2.248
[component_container-11] 
[component_container-11] 	 14.840	   Pose	 -0.273	 -1.260	  5.005	  2.233
[component_container-11] 	 14.840	  Twist	  0.038	 -0.008	 -0.060	 -0.276
[component_container-11] 	 14.840	ErrPose	  1.569	  0.625	  0.010	 -0.010
[component_container-11] 	 14.840	ErrTwis	 -0.419	 -0.819	  0.069	 -0.004
[component_container-11] 	 14.840	    GPS	  0.855	 -1.019	  5.014	     --
[component_container-11] 	 14.840	   Baro	     --	     --	  4.578	     --
[component_container-11] 	 14.840	  BBias	     --	     --	 -0.301	     --
[component_container-11] 	 14.840	  Sonar	     --	     --	    inf	     --
[component_container-11] 	 14.840	  Magnt	     --	     --	     --	  2.244
[component_container-11] 
[component_container-11] 	 14.870	   Pose	 -0.271	 -1.261	  5.002	  2.225
[component_container-11] 	 14.870	  Twist	  0.032	 -0.009	 -0.063	 -0.281
[component_container-11] 	 14.870	ErrPose	  1.586	  0.630	  0.013	 -0.007
[component_container-11] 	 14.870	ErrTwis	 -0.406	 -0.820	  0.072	  0.001
[component_container-11] 	 14.870	    GPS	  0.855	 -1.019	  5.014	     --
[component_container-11] 	 14.870	   Baro	     --	     --	  4.686	     --
[component_container-11] 	 14.870	  BBias	     --	     --	 -0.301	     --
[component_container-11] 	 14.870	  Sonar	     --	     --	    inf	     --
[component_container-11] 	 14.870	  Magnt	     --	     --	     --	  2.221
[component_container-11] 
[component_container-11] 	 14.900	   Pose	 -0.271	 -1.261	  5.000	  2.217
[component_container-11] 	 14.900	  Twist	  0.025	 -0.009	 -0.064	 -0.274
[component_container-11] 	 14.900	ErrPose	  1.620	  0.639	  0.015	 -0.010
[component_container-11] 	 14.900	ErrTwis	 -0.385	 -0.823	  0.074	 -0.005
[component_container-11] 	 14.900	    GPS	  0.855	 -1.019	  5.014	     --
[component_container-11] 	 14.900	   Baro	     --	     --	  4.686	     --
[component_container-11] 	 14.900	  BBias	     --	     --	 -0.301	     --
[component_container-11] 	 14.900	  Sonar	     --	     --	    inf	     --
[component_container-11] 	 14.900	  Magnt	     --	     --	     --	  2.221
[component_container-11] 
[component_container-11] 	 14.940	   Pose	 -0.270	 -1.261	  5.001	  2.205
[component_container-11] 	 14.940	  Twist	  0.018	 -0.009	 -0.063	 -0.279
[component_container-11] 	 14.940	ErrPose	  1.654	  0.648	  0.015	 -0.010
[component_container-11] 	 14.940	ErrTwis	 -0.363	 -0.826	  0.072	 -0.001
[component_container-11] 	 14.940	    GPS	  0.855	 -1.019	  5.014	     --
[component_container-11] 	 14.940	   Baro	     --	     --	  4.732	     --
[component_container-11] 	 14.940	  BBias	     --	     --	 -0.301	     --
[component_container-11] 	 14.940	  Sonar	     --	     --	    inf	     --
[component_container-11] 	 14.940	  Magnt	     --	     --	     --	  2.202
[component_container-11] 
[component_container-11] 	 14.970	   Pose	 -0.269	 -1.262	  5.004	  2.197
[component_container-11] 	 14.970	  Twist	  0.012	 -0.010	 -0.058	 -0.274
[component_container-11] 	 14.970	ErrPose	  1.671	  0.653	  0.012	 -0.007
[component_container-11] 	 14.970	ErrTwis	 -0.349	 -0.827	  0.069	 -0.006
[component_container-11] 	 14.970	    GPS	  0.855	 -1.019	  5.014	     --
[component_container-11] 	 14.970	   Baro	     --	     --	  4.757	     --
[component_container-11] 	 14.970	  BBias	     --	     --	 -0.301	     --
[component_container-11] 	 14.970	  Sonar	     --	     --	    inf	     --
[component_container-11] 	 14.970	  Magnt	     --	     --	     --	  2.210
[component_container-11] 
[component_container-11] [INFO] [1775320694.538149127] [drone.controller]: cmd_vel body=(-0.389, -0.921, -0.003) yaw=-0.300 | odom_received=true | plan_points=25
[component_container-11] 	 15.000	   Pose	 -0.269	 -1.262	  5.002	  2.189
[component_container-11] 	 15.000	  Twist	  0.006	 -0.012	 -0.060	 -0.278
[component_container-11] 	 15.000	ErrPose	  1.705	  0.662	  0.014	 -0.010
[component_container-11] 	 15.000	ErrTwis	 -0.329	 -0.828	  0.072	 -0.002
[component_container-11] 	 15.000	    GPS	  0.855	 -1.019	  5.014	     --
[component_container-11] 	 15.000	   Baro	     --	     --	  4.757	     --
[component_container-11] 	 15.000	  BBias	     --	     --	 -0.301	     --
[component_container-11] 	 15.000	  Sonar	     --	     --	    inf	     --
[component_container-11] 	 15.000	  Magnt	     --	     --	     --	  2.210
[component_container-11] 
[component_container-11] [INFO] [1775320694.538571622] [drone.estimator]: TMP LOG err_xyz=(1.705, 0.662, 0.014) | z_est=5.002 vz_est=-0.060 bias=-0.301 | gps_z=5.014 sonar=inf baro=4.757
[component_container-11] 	 15.040	   Pose	  0.083	 -1.067	  5.010	  2.178
[component_container-11] 	 15.040	  Twist	  0.118	  0.053	 -0.051	 -0.282
[component_container-11] 	 15.040	ErrPose	  1.387	  0.477	  0.006	 -0.010
[component_container-11] 	 15.040	ErrTwis	 -0.427	 -0.897	  0.063	  0.002
[component_container-11] 	 15.040	    GPS	  0.926	 -0.600	  5.016	     --
[component_container-11] 	 15.040	   Baro	     --	     --	  4.805	     --
[component_container-11] 	 15.040	  BBias	     --	     --	 -0.301	     --
[component_container-11] 	 15.040	  Sonar	     --	     --	    inf	     --
[component_container-11] 	 15.040	  Magnt	     --	     --	     --	  2.204
[component_container-11] 
[component_container-11] 	 15.070	   Pose	  0.087	 -1.066	  5.008	  2.168
[component_container-11] 	 15.070	  Twist	  0.113	  0.053	 -0.053	 -0.282
[component_container-11] 	 15.070	ErrPose	  1.401	  0.480	  0.008	 -0.007
[component_container-11] 	 15.070	ErrTwis	 -0.414	 -0.898	  0.066	  0.003
[component_container-11] 	 15.070	    GPS	  0.926	 -0.600	  5.016	     --
[component_container-11] 	 15.070	   Baro	     --	     --	  4.704	     --
[component_container-11] 	 15.070	  BBias	     --	     --	 -0.301	     --
[component_container-11] 	 15.070	  Sonar	     --	     --	    inf	     --
[component_container-11] 	 15.070	  Magnt	     --	     --	     --	  2.123
[component_container-11] 
[component_container-11] 	 15.100	   Pose	  0.090	 -1.064	  5.007	  2.160
[component_container-11] 	 15.100	  Twist	  0.107	  0.052	 -0.054	 -0.288
[component_container-11] 	 15.100	ErrPose	  1.432	  0.488	  0.010	 -0.009
[component_container-11] 	 15.100	ErrTwis	 -0.394	 -0.900	  0.068	  0.008
[component_container-11] 	 15.100	    GPS	  0.926	 -0.600	  5.016	     --
[component_container-11] 	 15.100	   Baro	     --	     --	  4.704	     --
[component_container-11] 	 15.100	  BBias	     --	     --	 -0.301	     --
[component_container-11] 	 15.100	  Sonar	     --	     --	    inf	     --
[component_container-11] 	 15.100	  Magnt	     --	     --	     --	  2.123
[component_container-11] 
[component_container-11] 	 15.140	   Pose	  0.094	 -1.062	  5.007	  2.149
[component_container-11] 	 15.140	  Twist	  0.099	  0.051	 -0.054	 -0.282
[component_container-11] 	 15.140	ErrPose	  1.463	  0.496	  0.009	 -0.010
[component_container-11] 	 15.140	ErrTwis	 -0.372	 -0.902	  0.068	  0.002
[component_container-11] 	 15.140	    GPS	  0.926	 -0.600	  5.016	     --
[component_container-11] 	 15.140	   Baro	     --	     --	  4.743	     --
[component_container-11] 	 15.140	  BBias	     --	     --	 -0.301	     --
[component_container-11] 	 15.140	  Sonar	     --	     --	    inf	     --
[component_container-11] 	 15.140	  Magnt	     --	     --	     --	  2.167
[component_container-11] 
[component_container-11] 	 15.170	   Pose	  0.097	 -1.061	  5.004	  2.140
[component_container-11] 	 15.170	  Twist	  0.094	  0.051	 -0.058	 -0.270
[component_container-11] 	 15.170	ErrPose	  1.477	  0.499	  0.013	 -0.006
[component_container-11] 	 15.170	ErrTwis	 -0.359	 -0.903	  0.072	 -0.009
[component_container-11] 	 15.170	    GPS	  0.926	 -0.600	  5.016	     --
[component_container-11] 	 15.170	   Baro	     --	     --	  4.684	     --
[component_container-11] 	 15.170	  BBias	     --	     --	 -0.301	     --
[component_container-11] 	 15.170	  Sonar	     --	     --	    inf	     --
[component_container-11] 	 15.170	  Magnt	     --	     --	     --	  2.099
[component_container-11] 
[component_container-11] 	 15.200	   Pose	  0.100	 -1.059	  5.002	  2.132
[component_container-11] 	 15.200	  Twist	  0.088	  0.050	 -0.060	 -0.282
[component_container-11] 	 15.200	ErrPose	  1.508	  0.508	  0.015	 -0.009
[component_container-11] 	 15.200	ErrTwis	 -0.340	 -0.905	  0.073	  0.002
[component_container-11] 	 15.200	    GPS	  0.926	 -0.600	  5.016	     --
[component_container-11] 	 15.200	   Baro	     --	     --	  4.684	     --
[component_container-11] 	 15.200	  BBias	     --	     --	 -0.301	     --
[component_container-11] 	 15.200	  Sonar	     --	     --	    inf	     --
[component_container-11] 	 15.200	  Magnt	     --	     --	     --	  2.099
[component_container-11] 
[component_container-11] 	 15.240	   Pose	  0.103	 -1.057	  5.001	  2.121
[component_container-11] 	 15.240	  Twist	  0.081	  0.049	 -0.061	 -0.275
[component_container-11] 	 15.240	ErrPose	  1.539	  0.516	  0.016	 -0.010
[component_container-11] 	 15.240	ErrTwis	 -0.319	 -0.907	  0.074	 -0.004
[component_container-11] 	 15.240	    GPS	  0.926	 -0.600	  5.016	     --
[component_container-11] 	 15.240	   Baro	     --	     --	  4.718	     --
[component_container-11] 	 15.240	  BBias	     --	     --	 -0.301	     --
[component_container-11] 	 15.240	  Sonar	     --	     --	    inf	     --
[component_container-11] 	 15.240	  Magnt	     --	     --	     --	  2.152
[component_container-11] 
[component_container-11] 	 15.270	   Pose	  0.106	 -1.056	  5.006	  2.112
[component_container-11] 	 15.270	  Twist	  0.075	  0.048	 -0.056	 -0.271
[component_container-11] 	 15.270	ErrPose	  1.554	  0.519	  0.011	 -0.006
[component_container-11] 	 15.270	ErrTwis	 -0.307	 -0.906	  0.068	 -0.008
[component_container-11] 	 15.270	    GPS	  0.926	 -0.600	  5.016	     --
[component_container-11] 	 15.270	   Baro	     --	     --	  4.780	     --
[component_container-11] 	 15.270	  BBias	     --	     --	 -0.301	     --
[component_container-11] 	 15.270	  Sonar	     --	     --	    inf	     --
[component_container-11] 	 15.270	  Magnt	     --	     --	     --	  2.067
[component_container-11] 
[component_container-11] 	 15.300	   Pose	  0.108	 -1.054	  5.004	  2.104
[component_container-11] 	 15.300	  Twist	  0.070	  0.047	 -0.058	 -0.271
[component_container-11] 	 15.300	ErrPose	  1.586	  0.528	  0.013	 -0.009
[component_container-11] 	 15.300	ErrTwis	 -0.288	 -0.907	  0.070	 -0.009
[component_container-11] 	 15.300	    GPS	  0.926	 -0.600	  5.016	     --
[component_container-11] 	 15.300	   Baro	     --	     --	  4.780	     --
[component_container-11] 	 15.300	  BBias	     --	     --	 -0.301	     --
[component_container-11] 	 15.300	  Sonar	     --	     --	    inf	     --
[component_container-11] 	 15.300	  Magnt	     --	     --	     --	  2.067
[component_container-11] 
[component_container-11] 	 15.340	   Pose	  0.111	 -1.052	  5.008	  2.091
[component_container-11] 	 15.340	  Twist	  0.062	  0.047	 -0.053	 -0.279
[component_container-11] 	 15.340	ErrPose	  1.617	  0.536	  0.009	 -0.007
[component_container-11] 	 15.340	ErrTwis	 -0.268	 -0.908	  0.065	 -0.000
[component_container-11] 	 15.340	    GPS	  0.926	 -0.600	  5.016	     --
[component_container-11] 	 15.340	   Baro	     --	     --	  4.775	     --
[component_container-11] 	 15.340	  BBias	     --	     --	 -0.300	     --
[component_container-11] 	 15.340	  Sonar	     --	     --	    inf	     --
[component_container-11] 	 15.340	  Magnt	     --	     --	     --	  2.034
[component_container-11] 
[component_container-11] 	 15.370	   Pose	  0.112	 -1.051	  5.008	  2.081
[component_container-11] 	 15.370	  Twist	  0.057	  0.046	 -0.053	 -0.285
[component_container-11] 	 15.370	ErrPose	  1.632	  0.540	  0.010	 -0.003
[component_container-11] 	 15.370	ErrTwis	 -0.256	 -0.907	  0.066	  0.005
[component_container-11] 	 15.370	    GPS	  0.926	 -0.600	  5.016	     --
[component_container-11] 	 15.370	   Baro	     --	     --	  4.723	     --
[component_container-11] 	 15.370	  BBias	     --	     --	 -0.300	     --
[component_container-11] 	 15.370	  Sonar	     --	     --	    inf	     --
[component_container-11] 	 15.370	  Magnt	     --	     --	     --	  2.036
[component_container-11] 
[component_container-11] 	 15.400	   Pose	  0.114	 -1.050	  5.006	  2.073
[component_container-11] 	 15.400	  Twist	  0.052	  0.045	 -0.055	 -0.277
[component_container-11] 	 15.400	ErrPose	  1.664	  0.549	  0.012	 -0.006
[component_container-11] 	 15.400	ErrTwis	 -0.238	 -0.908	  0.068	 -0.003
[component_container-11] 	 15.400	    GPS	  0.926	 -0.600	  5.016	     --
[component_container-11] 	 15.400	   Baro	     --	     --	  4.723	     --
[component_container-11] 	 15.400	  BBias	     --	     --	 -0.300	     --
[component_container-11] 	 15.400	  Sonar	     --	     --	    inf	     --
[component_container-11] 	 15.400	  Magnt	     --	     --	     --	  2.036
[component_container-11] 
[component_container-11] 	 15.440	   Pose	  0.116	 -1.048	  5.009	  2.060
[component_container-11] 	 15.440	  Twist	  0.044	  0.044	 -0.053	 -0.293
[component_container-11] 	 15.440	ErrPose	  1.696	  0.558	  0.009	 -0.005
[component_container-11] 	 15.440	ErrTwis	 -0.218	 -0.908	  0.066	  0.013
[component_container-11] 	 15.440	    GPS	  0.926	 -0.600	  5.016	     --
[component_container-11] 	 15.440	   Baro	     --	     --	  4.759	     --
[component_container-11] 	 15.440	  BBias	     --	     --	 -0.300	     --
[component_container-11] 	 15.440	  Sonar	     --	     --	    inf	     --
[component_container-11] 	 15.440	  Magnt	     --	     --	     --	  2.007
[component_container-11] 
[component_container-11] 	 15.470	   Pose	  0.117	 -1.047	  4.999	  2.051
[component_container-11] 	 15.470	  Twist	  0.039	  0.043	 -0.063	 -0.282
[component_container-11] 	 15.470	ErrPose	  1.711	  0.562	  0.020	 -0.001
[component_container-11] 	 15.470	ErrTwis	 -0.207	 -0.907	  0.077	  0.002
[component_container-11] 	 15.470	    GPS	  0.926	 -0.600	  5.016	     --
[component_container-11] 	 15.470	   Baro	     --	     --	  4.608	     --
[component_container-11] 	 15.470	  BBias	     --	     --	 -0.300	     --
[component_container-11] 	 15.470	  Sonar	     --	     --	    inf	     --
[component_container-11] 	 15.470	  Magnt	     --	     --	     --	  2.020
[component_container-11] 
[component_container-11] 	 15.500	   Pose	  0.118	 -1.045	  4.997	  2.043
[component_container-11] 	 15.500	  Twist	  0.033	  0.042	 -0.066	 -0.268
[component_container-11] 	 15.500	ErrPose	  1.744	  0.571	  0.022	 -0.004
[component_container-11] 	 15.500	ErrTwis	 -0.189	 -0.908	  0.079	 -0.011
[component_container-11] 	 15.500	    GPS	  0.926	 -0.600	  5.016	     --
[component_container-11] 	 15.500	   Baro	     --	     --	  4.608	     --
[component_container-11] 	 15.500	  BBias	     --	     --	 -0.300	     --
[component_container-11] 	 15.500	  Sonar	     --	     --	    inf	     --
[component_container-11] 	 15.500	  Magnt	     --	     --	     --	  2.020
[component_container-11] 
[component_container-11] 	 15.540	   Pose	  0.532	 -0.895	  5.006	  2.032
[component_container-11] 	 15.540	  Twist	  0.166	  0.093	 -0.056	 -0.281
[component_container-11] 	 15.540	ErrPose	  1.364	  0.431	  0.012	 -0.005
[component_container-11] 	 15.540	ErrTwis	 -0.310	 -0.959	  0.070	  0.001
[component_container-11] 	 15.540	    GPS	  1.513	 -0.541	  5.019	     --
[component_container-11] 	 15.540	   Baro	     --	     --	  4.809	     --
[component_container-11] 	 15.540	  BBias	     --	     --	 -0.301	     --
[component_container-11] 	 15.540	  Sonar	     --	     --	    inf	     --
[component_container-11] 	 15.540	  Magnt	     --	     --	     --	  2.054
[component_container-11] 
[component_container-11] 	 15.570	   Pose	  0.537	 -0.892	  5.005	  2.023
[component_container-11] 	 15.570	  Twist	  0.160	  0.092	 -0.057	 -0.260
[component_container-11] 	 15.570	ErrPose	  1.376	  0.433	  0.014	 -0.001
[component_container-11] 	 15.570	ErrTwis	 -0.299	 -0.959	  0.072	 -0.020
[component_container-11] 	 15.570	    GPS	  1.513	 -0.541	  5.019	     --
[component_container-11] 	 15.570	   Baro	     --	     --	  4.709	     --
[component_container-11] 	 15.570	  BBias	     --	     --	 -0.301	     --
[component_container-11] 	 15.570	  Sonar	     --	     --	    inf	     --
[component_container-11] 	 15.570	  Magnt	     --	     --	     --	  2.005
[component_container-11] 
[component_container-11] 	 15.600	   Pose	  0.541	 -0.889	  5.003	  2.015
[component_container-11] 	 15.600	  Twist	  0.155	  0.092	 -0.059	 -0.286
[component_container-11] 	 15.600	ErrPose	  1.404	  0.441	  0.016	 -0.004
[component_container-11] 	 15.600	ErrTwis	 -0.283	 -0.961	  0.074	  0.006
[component_container-11] 	 15.600	    GPS	  1.513	 -0.541	  5.019	     --
[component_container-11] 	 15.600	   Baro	     --	     --	  4.709	     --
[component_container-11] 	 15.600	  BBias	     --	     --	 -0.301	     --
[component_container-11] 	 15.600	  Sonar	     --	     --	    inf	     --
[component_container-11] 	 15.600	  Magnt	     --	     --	     --	  2.005
[component_container-11] 
[component_container-11] 	 15.640	   Pose	  0.547	 -0.885	  5.012	  2.003
[component_container-11] 	 15.640	  Twist	  0.148	  0.091	 -0.052	 -0.283
[component_container-11] 	 15.640	ErrPose	  1.432	  0.448	  0.007	 -0.004
[component_container-11] 	 15.640	ErrTwis	 -0.265	 -0.962	  0.067	  0.004
[component_container-11] 	 15.640	    GPS	  1.513	 -0.541	  5.019	     --
[component_container-11] 	 15.640	   Baro	     --	     --	  4.834	     --
[component_container-11] 	 15.640	  BBias	     --	     --	 -0.300	     --
[component_container-11] 	 15.640	  Sonar	     --	     --	    inf	     --
[component_container-11] 	 15.640	  Magnt	     --	     --	     --	  2.010
[component_container-11] 
[component_container-11] 	 15.670	   Pose	  0.552	 -0.883	  5.013	  1.996
[component_container-11] 	 15.670	  Twist	  0.142	  0.091	 -0.050	 -0.280
[component_container-11] 	 15.670	ErrPose	  1.444	  0.451	  0.006	 -0.002
[component_container-11] 	 15.670	ErrTwis	 -0.253	 -0.962	  0.065	  0.000
[component_container-11] 	 15.670	    GPS	  1.513	 -0.541	  5.019	     --
[component_container-11] 	 15.670	   Baro	     --	     --	  4.745	     --
[component_container-11] 	 15.670	  BBias	     --	     --	 -0.300	     --
[component_container-11] 	 15.670	  Sonar	     --	     --	    inf	     --
[component_container-11] 	 15.670	  Magnt	     --	     --	     --	  2.043
[component_container-11] 
[component_container-11] 	 15.700	   Pose	  0.556	 -0.880	  5.011	  1.988
[component_container-11] 	 15.700	  Twist	  0.136	  0.090	 -0.052	 -0.261
[component_container-11] 	 15.700	ErrPose	  1.473	  0.459	  0.008	 -0.005
[component_container-11] 	 15.700	ErrTwis	 -0.237	 -0.962	  0.067	 -0.018
[component_container-11] 	 15.700	    GPS	  1.513	 -0.541	  5.019	     --
[component_container-11] 	 15.700	   Baro	     --	     --	  4.745	     --
[component_container-11] 	 15.700	  BBias	     --	     --	 -0.300	     --
[component_container-11] 	 15.700	  Sonar	     --	     --	    inf	     --
[component_container-11] 	 15.700	  Magnt	     --	     --	     --	  2.043
[component_container-11] 
[component_container-11] 	 15.740	   Pose	  0.561	 -0.876	  5.013	  1.977
[component_container-11] 	 15.740	  Twist	  0.129	  0.089	 -0.051	 -0.282
[component_container-11] 	 15.740	ErrPose	  1.502	  0.466	  0.007	 -0.005
[component_container-11] 	 15.740	ErrTwis	 -0.219	 -0.962	  0.066	  0.002
[component_container-11] 	 15.740	    GPS	  1.513	 -0.541	  5.019	     --
[component_container-11] 	 15.740	   Baro	     --	     --	  4.750	     --
[component_container-11] 	 15.740	  BBias	     --	     --	 -0.300	     --
[component_container-11] 	 15.740	  Sonar	     --	     --	    inf	     --
[component_container-11] 	 15.740	  Magnt	     --	     --	     --	  1.975
[component_container-11] 
[component_container-11] 	 15.770	   Pose	  0.565	 -0.874	  5.015	  1.969
[component_container-11] 	 15.770	  Twist	  0.124	  0.088	 -0.049	 -0.270
[component_container-11] 	 15.770	ErrPose	  1.514	  0.469	  0.004	 -0.002
[component_container-11] 	 15.770	ErrTwis	 -0.209	 -0.962	  0.063	 -0.010
[component_container-11] 	 15.770	    GPS	  1.513	 -0.541	  5.019	     --
[component_container-11] 	 15.770	   Baro	     --	     --	  4.764	     --
[component_container-11] 	 15.770	  BBias	     --	     --	 -0.300	     --
[component_container-11] 	 15.770	  Sonar	     --	     --	    inf	     --
[component_container-11] 	 15.770	  Magnt	     --	     --	     --	  1.984
[component_container-11] 
[component_container-11] 	 15.800	   Pose	  0.569	 -0.871	  5.014	  1.960
[component_container-11] 	 15.800	  Twist	  0.118	  0.088	 -0.051	 -0.281
[component_container-11] 	 15.800	ErrPose	  1.544	  0.477	  0.006	 -0.006
[component_container-11] 	 15.800	ErrTwis	 -0.194	 -0.963	  0.064	  0.002
[component_container-11] 	 15.800	    GPS	  1.513	 -0.541	  5.019	     --
[component_container-11] 	 15.800	   Baro	     --	     --	  4.764	     --
[component_container-11] 	 15.800	  BBias	     --	     --	 -0.300	     --
[component_container-11] 	 15.800	  Sonar	     --	     --	    inf	     --
[component_container-11] 	 15.800	  Magnt	     --	     --	     --	  1.984
[component_container-11] 
[component_container-11] 	 15.840	   Pose	  0.573	 -0.868	  5.014	  1.949
[component_container-11] 	 15.840	  Twist	  0.111	  0.088	 -0.052	 -0.280
[component_container-11] 	 15.840	ErrPose	  1.573	  0.484	  0.006	 -0.005
[component_container-11] 	 15.840	ErrTwis	 -0.177	 -0.964	  0.065	  0.000
[component_container-11] 	 15.840	    GPS	  1.513	 -0.541	  5.019	     --
[component_container-11] 	 15.840	   Baro	     --	     --	  4.733	     --
[component_container-11] 	 15.840	  BBias	     --	     --	 -0.300	     --
[component_container-11] 	 15.840	  Sonar	     --	     --	    inf	     --
[component_container-11] 	 15.840	  Magnt	     --	     --	     --	  1.937
[component_container-11] 
[component_container-11] 	 15.870	   Pose	  0.576	 -0.865	  5.009	  1.941
[component_container-11] 	 15.870	  Twist	  0.105	  0.088	 -0.057	 -0.271
[component_container-11] 	 15.870	ErrPose	  1.587	  0.487	  0.011	 -0.003
[component_container-11] 	 15.870	ErrTwis	 -0.167	 -0.964	  0.070	 -0.009
[component_container-11] 	 15.870	    GPS	  1.513	 -0.541	  5.019	     --
[component_container-11] 	 15.870	   Baro	     --	     --	  4.680	     --
[component_container-11] 	 15.870	  BBias	     --	     --	 -0.300	     --
[component_container-11] 	 15.870	  Sonar	     --	     --	    inf	     --
[component_container-11] 	 15.870	  Magnt	     --	     --	     --	  1.953
[component_container-11] 
[component_container-11] 	 15.900	   Pose	  0.580	 -0.862	  5.007	  1.933
[component_container-11] 	 15.900	  Twist	  0.100	  0.088	 -0.059	 -0.280
[component_container-11] 	 15.900	ErrPose	  1.617	  0.495	  0.012	 -0.006
[component_container-11] 	 15.900	ErrTwis	 -0.153	 -0.964	  0.072	  0.000
[component_container-11] 	 15.900	    GPS	  1.513	 -0.541	  5.019	     --
[component_container-11] 	 15.900	   Baro	     --	     --	  4.680	     --
[component_container-11] 	 15.900	  BBias	     --	     --	 -0.300	     --
[component_container-11] 	 15.900	  Sonar	     --	     --	    inf	     --
[component_container-11] 	 15.900	  Magnt	     --	     --	     --	  1.953
[component_container-11] 
[component_container-11] 	 15.940	   Pose	  0.583	 -0.859	  4.999	  1.922
[component_container-11] 	 15.940	  Twist	  0.093	  0.087	 -0.068	 -0.275
[component_container-11] 	 15.940	ErrPose	  1.647	  0.502	  0.021	 -0.006
[component_container-11] 	 15.940	ErrTwis	 -0.137	 -0.965	  0.081	 -0.004
[component_container-11] 	 15.940	    GPS	  1.513	 -0.541	  5.019	     --
[component_container-11] 	 15.940	   Baro	     --	     --	  4.643	     --
[component_container-11] 	 15.940	  BBias	     --	     --	 -0.300	     --
[component_container-11] 	 15.940	  Sonar	     --	     --	    inf	     --
[component_container-11] 	 15.940	  Magnt	     --	     --	     --	  1.917
[component_container-11] 
[component_container-11] 	 15.970	   Pose	  0.586	 -0.856	  5.002	  1.913
[component_container-11] 	 15.970	  Twist	  0.087	  0.087	 -0.065	 -0.279
[component_container-11] 	 15.970	ErrPose	  1.661	  0.504	  0.018	 -0.003
[component_container-11] 	 15.970	ErrTwis	 -0.127	 -0.964	  0.078	 -0.000
[component_container-11] 	 15.970	    GPS	  1.513	 -0.541	  5.019	     --
[component_container-11] 	 15.970	   Baro	     --	     --	  4.749	     --
[component_container-11] 	 15.970	  BBias	     --	     --	 -0.300	     --
[component_container-11] 	 15.970	  Sonar	     --	     --	    inf	     --
[component_container-11] 	 15.970	  Magnt	     --	     --	     --	  1.898
[component_container-11] 
[component_container-11] [INFO] [1775320695.540747834] [drone.controller]: cmd_vel body=(-0.258, -0.966, 0.002) yaw=-0.300 | odom_received=true | plan_points=18
[component_container-11] 	 16.000	   Pose	  0.589	 -0.854	  5.000	  1.905
[component_container-11] 	 16.000	  Twist	  0.082	  0.086	 -0.068	 -0.263
[component_container-11] 	 16.000	ErrPose	  1.692	  0.512	  0.020	 -0.006
[component_container-11] 	 16.000	ErrTwis	 -0.113	 -0.965	  0.081	 -0.016
[component_container-11] 	 16.000	    GPS	  1.513	 -0.541	  5.019	     --
[component_container-11] 	 16.000	   Baro	     --	     --	  4.749	     --
[component_container-11] 	 16.000	  BBias	     --	     --	 -0.300	     --
[component_container-11] 	 16.000	  Sonar	     --	     --	    inf	     --
[component_container-11] 	 16.000	  Magnt	     --	     --	     --	  1.898
[component_container-11] 
[component_container-11] [INFO] [1775320695.540983964] [drone.estimator]: TMP LOG err_xyz=(1.692, 0.512, 0.020) | z_est=5.000 vz_est=-0.068 bias=-0.300 | gps_z=5.019 sonar=inf baro=4.749
[component_container-11] 	 16.040	   Pose	  1.073	 -0.755	  5.000	  1.893
[component_container-11] 	 16.040	  Twist	  0.239	  0.119	 -0.066	 -0.265
[component_container-11] 	 16.040	ErrPose	  1.241	  0.424	  0.020	 -0.005
[component_container-11] 	 16.040	ErrTwis	 -0.262	 -0.998	  0.080	 -0.015
[component_container-11] 	 16.040	    GPS	  2.218	 -0.530	  5.020	     --
[component_container-11] 	 16.040	   Baro	     --	     --	  4.694	     --
[component_container-11] 	 16.040	  BBias	     --	     --	 -0.300	     --
[component_container-11] 	 16.040	  Sonar	     --	     --	    inf	     --
[component_container-11] 	 16.040	  Magnt	     --	     --	     --	  1.880
[component_container-11] 
[component_container-11] 	 16.070	   Pose	  1.080	 -0.751	  4.997	  1.884
[component_container-11] 	 16.070	  Twist	  0.233	  0.119	 -0.069	 -0.274
[component_container-11] 	 16.070	ErrPose	  1.250	  0.426	  0.022	 -0.002
[component_container-11] 	 16.070	ErrTwis	 -0.252	 -0.999	  0.082	 -0.006
[component_container-11] 	 16.070	    GPS	  2.218	 -0.530	  5.020	     --
[component_container-11] 	 16.070	   Baro	     --	     --	  4.691	     --
[component_container-11] 	 16.070	  BBias	     --	     --	 -0.300	     --
[component_container-11] 	 16.070	  Sonar	     --	     --	    inf	     --
[component_container-11] 	 16.070	  Magnt	     --	     --	     --	  1.857
[component_container-11] 
[component_container-11] 	 16.100	   Pose	  1.087	 -0.748	  4.995	  1.876
[component_container-11] 	 16.100	  Twist	  0.228	  0.120	 -0.069	 -0.279
[component_container-11] 	 16.100	ErrPose	  1.277	  0.433	  0.025	 -0.005
[component_container-11] 	 16.100	ErrTwis	 -0.239	 -1.001	  0.084	 -0.001
[component_container-11] 	 16.100	    GPS	  2.218	 -0.530	  5.020	     --
[component_container-11] 	 16.100	   Baro	     --	     --	  4.691	     --
[component_container-11] 	 16.100	  BBias	     --	     --	 -0.300	     --
[component_container-11] 	 16.100	  Sonar	     --	     --	    inf	     --
[component_container-11] 	 16.100	  Magnt	     --	     --	     --	  1.857
[component_container-11] 
[component_container-11] 	 16.140	   Pose	  1.096	 -0.743	  5.000	  1.865
[component_container-11] 	 16.140	  Twist	  0.221	  0.119	 -0.064	 -0.291
[component_container-11] 	 16.140	ErrPose	  1.302	  0.438	  0.020	 -0.005
[component_container-11] 	 16.140	ErrTwis	 -0.224	 -1.001	  0.078	  0.012
[component_container-11] 	 16.140	    GPS	  2.218	 -0.530	  5.020	     --
[component_container-11] 	 16.140	   Baro	     --	     --	  4.790	     --
[component_container-11] 	 16.140	  BBias	     --	     --	 -0.300	     --
[component_container-11] 	 16.140	  Sonar	     --	     --	    inf	     --
[component_container-11] 	 16.140	  Magnt	     --	     --	     --	  1.866
[component_container-11] 
[component_container-11] 	 16.170	   Pose	  1.103	 -0.739	  5.007	  1.856
[component_container-11] 	 16.170	  Twist	  0.215	  0.120	 -0.057	 -0.279
[component_container-11] 	 16.170	ErrPose	  1.312	  0.440	  0.013	 -0.001
[component_container-11] 	 16.170	ErrTwis	 -0.215	 -1.002	  0.072	 -0.001
[component_container-11] 	 16.170	    GPS	  2.218	 -0.530	  5.020	     --
[component_container-11] 	 16.170	   Baro	     --	     --	  4.799	     --
[component_container-11] 	 16.170	  BBias	     --	     --	 -0.300	     --
[component_container-11] 	 16.170	  Sonar	     --	     --	    inf	     --
[component_container-11] 	 16.170	  Magnt	     --	     --	     --	  1.834
[component_container-11] 
[component_container-11] 	 16.200	   Pose	  1.109	 -0.736	  5.005	  1.847
[component_container-11] 	 16.200	  Twist	  0.211	  0.119	 -0.059	 -0.280
[component_container-11] 	 16.200	ErrPose	  1.340	  0.446	  0.015	 -0.004
[component_container-11] 	 16.200	ErrTwis	 -0.204	 -1.003	  0.074	  0.001
[component_container-11] 	 16.200	    GPS	  2.218	 -0.530	  5.020	     --
[component_container-11] 	 16.200	   Baro	     --	     --	  4.799	     --
[component_container-11] 	 16.200	  BBias	     --	     --	 -0.300	     --
[component_container-11] 	 16.200	  Sonar	     --	     --	    inf	     --
[component_container-11] 	 16.200	  Magnt	     --	     --	     --	  1.834
[component_container-11] 
[component_container-11] 	 16.240	   Pose	  1.118	 -0.731	  5.008	  1.837
[component_container-11] 	 16.240	  Twist	  0.203	  0.119	 -0.056	 -0.266
[component_container-11] 	 16.240	ErrPose	  1.366	  0.451	  0.013	 -0.005
[component_container-11] 	 16.240	ErrTwis	 -0.189	 -1.003	  0.071	 -0.014
[component_container-11] 	 16.240	    GPS	  2.218	 -0.530	  5.020	     --
[component_container-11] 	 16.240	   Baro	     --	     --	  4.764	     --
[component_container-11] 	 16.240	  BBias	     --	     --	 -0.300	     --
[component_container-11] 	 16.240	  Sonar	     --	     --	    inf	     --
[component_container-11] 	 16.240	  Magnt	     --	     --	     --	  1.871
[component_container-11] 
[component_container-11] 	 16.270	   Pose	  1.124	 -0.727	  5.008	  1.829
[component_container-11] 	 16.270	  Twist	  0.198	  0.118	 -0.056	 -0.269
[component_container-11] 	 16.270	ErrPose	  1.377	  0.453	  0.013	 -0.003
[component_container-11] 	 16.270	ErrTwis	 -0.181	 -1.003	  0.071	 -0.010
[component_container-11] 	 16.270	    GPS	  2.218	 -0.530	  5.020	     --
[component_container-11] 	 16.270	   Baro	     --	     --	  4.726	     --
[component_container-11] 	 16.270	  BBias	     --	     --	 -0.300	     --
[component_container-11] 	 16.270	  Sonar	     --	     --	    inf	     --
[component_container-11] 	 16.270	  Magnt	     --	     --	     --	  1.824
[component_container-11] 
[component_container-11] 	 16.300	   Pose	  1.129	 -0.724	  5.006	  1.820
[component_container-11] 	 16.300	  Twist	  0.193	  0.118	 -0.058	 -0.273
[component_container-11] 	 16.300	ErrPose	  1.405	  0.459	  0.014	 -0.005
[component_container-11] 	 16.300	ErrTwis	 -0.169	 -1.004	  0.073	 -0.006
[component_container-11] 	 16.300	    GPS	  2.218	 -0.530	  5.020	     --
[component_container-11] 	 16.300	   Baro	     --	     --	  4.726	     --
[component_container-11] 	 16.300	  BBias	     --	     --	 -0.300	     --
[component_container-11] 	 16.300	  Sonar	     --	     --	    inf	     --
[component_container-11] 	 16.300	  Magnt	     --	     --	     --	  1.824
[component_container-11] 
[component_container-11] 	 16.340	   Pose	  1.137	 -0.719	  4.991	  1.809
[component_container-11] 	 16.340	  Twist	  0.186	  0.119	 -0.075	 -0.269
[component_container-11] 	 16.340	ErrPose	  1.431	  0.464	  0.030	 -0.005
[component_container-11] 	 16.340	ErrTwis	 -0.157	 -1.005	  0.089	 -0.011
[component_container-11] 	 16.340	    GPS	  2.218	 -0.530	  5.020	     --
[component_container-11] 	 16.340	   Baro	     --	     --	  4.558	     --
[component_container-11] 	 16.340	  BBias	     --	     --	 -0.300	     --
[component_container-11] 	 16.340	  Sonar	     --	     --	    inf	     --
[component_container-11] 	 16.340	  Magnt	     --	     --	     --	  1.795
[component_container-11] 
[component_container-11] 	 16.370	   Pose	  1.143	 -0.715	  4.998	  1.800
[component_container-11] 	 16.370	  Twist	  0.181	  0.120	 -0.067	 -0.278
[component_container-11] 	 16.370	ErrPose	  1.443	  0.465	  0.022	 -0.002
[component_container-11] 	 16.370	ErrTwis	 -0.149	 -1.006	  0.080	 -0.001
[component_container-11] 	 16.370	    GPS	  2.218	 -0.530	  5.020	     --
[component_container-11] 	 16.370	   Baro	     --	     --	  4.797	     --
[component_container-11] 	 16.370	  BBias	     --	     --	 -0.300	     --
[component_container-11] 	 16.370	  Sonar	     --	     --	    inf	     --
[component_container-11] 	 16.370	  Magnt	     --	     --	     --	  1.770
[component_container-11] 
[component_container-11] 	 16.400	   Pose	  1.148	 -0.712	  4.996	  1.792
[component_container-11] 	 16.400	  Twist	  0.176	  0.120	 -0.068	 -0.278
[component_container-11] 	 16.400	ErrPose	  1.472	  0.471	  0.024	 -0.005
[component_container-11] 	 16.400	ErrTwis	 -0.138	 -1.007	  0.081	 -0.001
[component_container-11] 	 16.400	    GPS	  2.218	 -0.530	  5.020	     --
[component_container-11] 	 16.400	   Baro	     --	     --	  4.797	     --
[component_container-11] 	 16.400	  BBias	     --	     --	 -0.300	     --
[component_container-11] 	 16.400	  Sonar	     --	     --	    inf	     --
[component_container-11] 	 16.400	  Magnt	     --	     --	     --	  1.770
[component_container-11] 
[component_container-11] 	 16.440	   Pose	  1.155	 -0.707	  5.003	  1.781
[component_container-11] 	 16.440	  Twist	  0.169	  0.120	 -0.059	 -0.274
[component_container-11] 	 16.440	ErrPose	  1.499	  0.475	  0.018	 -0.006
[component_container-11] 	 16.440	ErrTwis	 -0.125	 -1.008	  0.073	 -0.005
[component_container-11] 	 16.440	    GPS	  2.218	 -0.530	  5.020	     --
[component_container-11] 	 16.440	   Baro	     --	     --	  4.802	     --
[component_container-11] 	 16.440	  BBias	     --	     --	 -0.300	     --
[component_container-11] 	 16.440	  Sonar	     --	     --	    inf	     --
[component_container-11] 	 16.440	  Magnt	     --	     --	     --	  1.813
[component_container-11] 
[component_container-11] 	 16.470	   Pose	  1.160	 -0.703	  5.006	  1.773
[component_container-11] 	 16.470	  Twist	  0.162	  0.120	 -0.055	 -0.267
[component_container-11] 	 16.470	ErrPose	  1.512	  0.476	  0.014	 -0.003
[component_container-11] 	 16.470	ErrTwis	 -0.116	 -1.008	  0.069	 -0.013
[component_container-11] 	 16.470	    GPS	  2.218	 -0.530	  5.020	     --
[component_container-11] 	 16.470	   Baro	     --	     --	  4.761	     --
[component_container-11] 	 16.470	  BBias	     --	     --	 -0.300	     --
[component_container-11] 	 16.470	  Sonar	     --	     --	    inf	     --
[component_container-11] 	 16.470	  Magnt	     --	     --	     --	  1.778
[component_container-11] 
[component_container-11] 	 16.500	   Pose	  1.164	 -0.700	  5.004	  1.765
[component_container-11] 	 16.500	  Twist	  0.156	  0.121	 -0.058	 -0.275
[component_container-11] 	 16.500	ErrPose	  1.541	  0.482	  0.016	 -0.006
[component_container-11] 	 16.500	ErrTwis	 -0.105	 -1.009	  0.072	 -0.005
[component_container-11] 	 16.500	    GPS	  2.218	 -0.530	  5.020	     --
[component_container-11] 	 16.500	   Baro	     --	     --	  4.761	     --
[component_container-11] 	 16.500	  BBias	     --	     --	 -0.300	     --
[component_container-11] 	 16.500	  Sonar	     --	     --	    inf	     --
[component_container-11] 	 16.500	  Magnt	     --	     --	     --	  1.778
[component_container-11] 
[component_container-11] [INFO] [1775320696.048080864] [drone.estimator]: TMP LOG sonar rejected: meas=2.544 est_z=5.008 innov=-2.464
[component_container-11] 	 16.540	   Pose	  1.557	 -0.623	  5.007	  1.755
[component_container-11] 	 16.540	  Twist	  0.281	  0.146	 -0.055	 -0.284
[component_container-11] 	 16.540	ErrPose	  1.183	  0.413	  0.013	 -0.007
[component_container-11] 	 16.540	ErrTwis	 -0.225	 -1.034	  0.070	  0.004
[component_container-11] 	 16.540	    GPS	  2.474	 -0.454	  5.020	     --
[component_container-11] 	 16.540	   Baro	     --	     --	  4.730	     --
[component_container-11] 	 16.540	  BBias	     --	     --	 -0.300	     --
[component_container-11] 	 16.540	  Sonar	     --	     --	  2.544	     --
[component_container-11] 	 16.540	  Magnt	     --	     --	     --	  1.784
[component_container-11] 
[component_container-11] 	 16.570	   Pose	  1.565	 -0.618	  5.013	  1.746
[component_container-11] 	 16.570	  Twist	  0.276	  0.146	 -0.050	 -0.285
[component_container-11] 	 16.570	ErrPose	  1.192	  0.413	  0.008	 -0.003
[component_container-11] 	 16.570	ErrTwis	 -0.218	 -1.035	  0.064	  0.005
[component_container-11] 	 16.570	    GPS	  2.474	 -0.454	  5.020	     --
[component_container-11] 	 16.570	   Baro	     --	     --	  4.802	     --
[component_container-11] 	 16.570	  BBias	     --	     --	 -0.300	     --
[component_container-11] 	 16.570	  Sonar	     --	     --	  2.531	     --
[component_container-11] 	 16.570	  Magnt	     --	     --	     --	  1.721
[component_container-11] 
[component_container-11] 	 16.600	   Pose	  1.574	 -0.614	  5.011	  1.737
[component_container-11] 	 16.600	  Twist	  0.271	  0.145	 -0.052	 -0.293
[component_container-11] 	 16.600	ErrPose	  1.219	  0.417	  0.009	 -0.006
[component_container-11] 	 16.600	ErrTwis	 -0.208	 -1.035	  0.066	  0.013
[component_container-11] 	 16.600	    GPS	  2.474	 -0.454	  5.020	     --
[component_container-11] 	 16.600	   Baro	     --	     --	  4.802	     --
[component_container-11] 	 16.600	  BBias	     --	     --	 -0.300	     --
[component_container-11] 	 16.600	  Sonar	     --	     --	  2.531	     --
[component_container-11] 	 16.600	  Magnt	     --	     --	     --	  1.721
[component_container-11] 
[component_container-11] 	 16.640	   Pose	  1.584	 -0.608	  5.011	  1.728
[component_container-11] 	 16.640	  Twist	  0.263	  0.147	 -0.053	 -0.261
[component_container-11] 	 16.640	ErrPose	  1.243	  0.420	  0.009	 -0.008
[component_container-11] 	 16.640	ErrTwis	 -0.196	 -1.037	  0.067	 -0.019
[component_container-11] 	 16.640	    GPS	  2.474	 -0.454	  5.020	     --
[component_container-11] 	 16.640	   Baro	     --	     --	  4.736	     --
[component_container-11] 	 16.640	  BBias	     --	     --	 -0.300	     --
[component_container-11] 	 16.640	  Sonar	     --	     --	  2.515	     --
[component_container-11] 	 16.640	  Magnt	     --	     --	     --	  1.782
[component_container-11] 
[component_container-11] 	 16.670	   Pose	  1.592	 -0.604	  5.009	  1.720
[component_container-11] 	 16.670	  Twist	  0.258	  0.147	 -0.056	 -0.252
[component_container-11] 	 16.670	ErrPose	  1.252	  0.419	  0.011	 -0.006
[component_container-11] 	 16.670	ErrTwis	 -0.189	 -1.038	  0.070	 -0.028
[component_container-11] 	 16.670	    GPS	  2.474	 -0.454	  5.020	     --
[component_container-11] 	 16.670	   Baro	     --	     --	  4.703	     --
[component_container-11] 	 16.670	  BBias	     --	     --	 -0.300	     --
[component_container-11] 	 16.670	  Sonar	     --	     --	  2.532	     --
[component_container-11] 	 16.670	  Magnt	     --	     --	     --	  1.760
[component_container-11] 
[component_container-11] 	 16.700	   Pose	  1.600	 -0.599	  5.007	  1.712
[component_container-11] 	 16.700	  Twist	  0.252	  0.148	 -0.059	 -0.273
[component_container-11] 	 16.700	ErrPose	  1.280	  0.423	  0.013	 -0.009
[component_container-11] 	 16.700	ErrTwis	 -0.179	 -1.039	  0.072	 -0.007
[component_container-11] 	 16.700	    GPS	  2.474	 -0.454	  5.020	     --
[component_container-11] 	 16.700	   Baro	     --	     --	  4.703	     --
[component_container-11] 	 16.700	  BBias	     --	     --	 -0.300	     --
[component_container-11] 	 16.700	  Sonar	     --	     --	  2.532	     --
[component_container-11] 	 16.700	  Magnt	     --	     --	     --	  1.760
[component_container-11] 
[component_container-11] 	 16.740	   Pose	  1.610	 -0.593	  5.011	  1.702
[component_container-11] 	 16.740	  Twist	  0.245	  0.148	 -0.055	 -0.259
[component_container-11] 	 16.740	ErrPose	  1.305	  0.424	  0.009	 -0.010
[component_container-11] 	 16.740	ErrTwis	 -0.169	 -1.040	  0.066	 -0.021
[component_container-11] 	 16.740	    GPS	  2.474	 -0.454	  5.020	     --
[component_container-11] 	 16.740	   Baro	     --	     --	  4.784	     --
[component_container-11] 	 16.740	  BBias	     --	     --	 -0.300	     --
[component_container-11] 	 16.740	  Sonar	     --	     --	  2.531	     --
[component_container-11] 	 16.740	  Magnt	     --	     --	     --	  1.713
[component_container-11] 
[component_container-11] 	 16.770	   Pose	  1.617	 -0.589	  5.017	  1.694
[component_container-11] 	 16.770	  Twist	  0.240	  0.149	 -0.049	 -0.261
[component_container-11] 	 16.770	ErrPose	  1.315	  0.424	  0.003	 -0.008
[component_container-11] 	 16.770	ErrTwis	 -0.162	 -1.041	  0.061	 -0.019
[component_container-11] 	 16.770	    GPS	  2.474	 -0.454	  5.020	     --
[component_container-11] 	 16.770	   Baro	     --	     --	  4.796	     --
[component_container-11] 	 16.770	  BBias	     --	     --	 -0.300	     --
[component_container-11] 	 16.770	  Sonar	     --	     --	  2.517	     --
[component_container-11] 	 16.770	  Magnt	     --	     --	     --	  1.734
[component_container-11] 
[component_container-11] 	 16.800	   Pose	  1.624	 -0.585	  5.015	  1.686
[component_container-11] 	 16.800	  Twist	  0.235	  0.149	 -0.052	 -0.287
[component_container-11] 	 16.800	ErrPose	  1.343	  0.426	  0.005	 -0.011
[component_container-11] 	 16.800	ErrTwis	 -0.154	 -1.041	  0.062	  0.008
[component_container-11] 	 16.800	    GPS	  2.474	 -0.454	  5.020	     --
[component_container-11] 	 16.800	   Baro	     --	     --	  4.796	     --
[component_container-11] 	 16.800	  BBias	     --	     --	 -0.300	     --
[component_container-11] 	 16.800	  Sonar	     --	     --	  2.517	     --
[component_container-11] 	 16.800	  Magnt	     --	     --	     --	  1.734
[component_container-11] 
[component_container-11] 	 16.840	   Pose	  1.633	 -0.579	  5.009	  1.675
[component_container-11] 	 16.840	  Twist	  0.227	  0.150	 -0.058	 -0.274
[component_container-11] 	 16.840	ErrPose	  1.369	  0.427	  0.011	 -0.011
[component_container-11] 	 16.840	ErrTwis	 -0.143	 -1.043	  0.068	 -0.005
[component_container-11] 	 16.840	    GPS	  2.474	 -0.454	  5.020	     --
[component_container-11] 	 16.840	   Baro	     --	     --	  4.666	     --
[component_container-11] 	 16.840	  BBias	     --	     --	 -0.300	     --
[component_container-11] 	 16.840	  Sonar	     --	     --	  2.547	     --
[component_container-11] 	 16.840	  Magnt	     --	     --	     --	  1.685
[component_container-11] 
[component_container-11] 	 16.870	   Pose	  1.640	 -0.574	  5.004	  1.667
[component_container-11] 	 16.870	  Twist	  0.222	  0.151	 -0.064	 -0.275
[component_container-11] 	 16.870	ErrPose	  1.380	  0.426	  0.016	 -0.008
[component_container-11] 	 16.870	ErrTwis	 -0.137	 -1.043	  0.073	 -0.005
[component_container-11] 	 16.870	    GPS	  2.474	 -0.454	  5.020	     --
[component_container-11] 	 16.870	   Baro	     --	     --	  4.674	     --
[component_container-11] 	 16.870	  BBias	     --	     --	 -0.300	     --
[component_container-11] 	 16.870	  Sonar	     --	     --	  2.506	     --
[component_container-11] 	 16.870	  Magnt	     --	     --	     --	  1.683
[component_container-11] 
[component_container-11] 	 16.900	   Pose	  1.647	 -0.570	  5.002	  1.658
[component_container-11] 	 16.900	  Twist	  0.217	  0.151	 -0.067	 -0.279
[component_container-11] 	 16.900	ErrPose	  1.409	  0.428	  0.017	 -0.011
[component_container-11] 	 16.900	ErrTwis	 -0.129	 -1.044	  0.075	 -0.000
[component_container-11] 	 16.900	    GPS	  2.474	 -0.454	  5.020	     --
[component_container-11] 	 16.900	   Baro	     --	     --	  4.674	     --
[component_container-11] 	 16.900	  BBias	     --	     --	 -0.300	     --
[component_container-11] 	 16.900	  Sonar	     --	     --	  2.506	     --
[component_container-11] 	 16.900	  Magnt	     --	     --	     --	  1.683
[component_container-11] 
[component_container-11] 	 16.940	   Pose	  1.655	 -0.563	  4.997	  1.647
[component_container-11] 	 16.940	  Twist	  0.209	  0.153	 -0.072	 -0.268
[component_container-11] 	 16.940	ErrPose	  1.435	  0.428	  0.022	 -0.011
[component_container-11] 	 16.940	ErrTwis	 -0.120	 -1.045	  0.079	 -0.011
[component_container-11] 	 16.940	    GPS	  2.474	 -0.454	  5.020	     --
[component_container-11] 	 16.940	   Baro	     --	     --	  4.675	     --
[component_container-11] 	 16.940	  BBias	     --	     --	 -0.300	     --
[component_container-11] 	 16.940	  Sonar	     --	     --	  2.529	     --
[component_container-11] 	 16.940	  Magnt	     --	     --	     --	  1.630
[component_container-11] 
[component_container-11] 	 16.970	   Pose	  1.661	 -0.559	  4.981	  1.639
[component_container-11] 	 16.970	  Twist	  0.204	  0.154	 -0.087	 -0.281
[component_container-11] 	 16.970	ErrPose	  1.447	  0.426	  0.038	 -0.008
[component_container-11] 	 16.970	ErrTwis	 -0.113	 -1.046	  0.094	  0.002
[component_container-11] 	 16.970	    GPS	  2.474	 -0.454	  5.020	     --
[component_container-11] 	 16.970	   Baro	     --	     --	  4.545	     --
[component_container-11] 	 16.970	  BBias	     --	     --	 -0.300	     --
[component_container-11] 	 16.970	  Sonar	     --	     --	  2.512	     --
[component_container-11] 	 16.970	  Magnt	     --	     --	     --	  1.650
[component_container-11] 
[component_container-11] [INFO] [1775320696.544960918] [drone.controller]: cmd_vel body=(-0.212, -0.919, 0.019) yaw=-0.300 | odom_received=true | plan_points=10
[component_container-11] 	 17.000	   Pose	  1.667	 -0.554	  4.979	  1.630
[component_container-11] 	 17.000	  Twist	  0.199	  0.154	 -0.089	 -0.277
[component_container-11] 	 17.000	ErrPose	  1.476	  0.427	  0.041	 -0.011
[component_container-11] 	 17.000	ErrTwis	 -0.107	 -1.045	  0.094	 -0.002
[component_container-11] 	 17.000	    GPS	  2.474	 -0.454	  5.020	     --
[component_container-11] 	 17.000	   Baro	     --	     --	  4.545	     --
[component_container-11] 	 17.000	  BBias	     --	     --	 -0.300	     --
[component_container-11] 	 17.000	  Sonar	     --	     --	  2.512	     --
[component_container-11] 	 17.000	  Magnt	     --	     --	     --	  1.650
[component_container-11] 
[component_container-11] [INFO] [1775320696.545262994] [drone.estimator]: TMP LOG err_xyz=(1.476, 0.427, 0.041) | z_est=4.979 vz_est=-0.089 bias=-0.300 | gps_z=5.020 sonar=2.512 baro=4.545
[component_container-11] 	 17.040	   Pose	  2.086	 -0.420	  4.985	  1.617
[component_container-11] 	 17.040	  Twist	  0.332	  0.199	 -0.081	 -0.272
[component_container-11] 	 17.040	ErrPose	  1.093	  0.298	  0.034	 -0.009
[component_container-11] 	 17.040	ErrTwis	 -0.238	 -1.089	  0.086	 -0.008
[component_container-11] 	 17.040	    GPS	  3.059	 -0.118	  5.019	     --
[component_container-11] 	 17.040	   Baro	     --	     --	  4.718	     --
[component_container-11] 	 17.040	  BBias	     --	     --	 -0.300	     --
[component_container-11] 	 17.040	  Sonar	     --	     --	  2.516	     --
[component_container-11] 	 17.040	  Magnt	     --	     --	     --	  1.550
[component_container-11] 
[component_container-11] 	 17.070	   Pose	  2.096	 -0.414	  4.985	  1.609
[component_container-11] 	 17.070	  Twist	  0.326	  0.200	 -0.079	 -0.279
[component_container-11] 	 17.070	ErrPose	  1.101	  0.295	  0.034	 -0.006
[component_container-11] 	 17.070	ErrTwis	 -0.233	 -1.089	  0.084	 -0.000
[component_container-11] 	 17.070	    GPS	  3.059	 -0.118	  5.019	     --
[component_container-11] 	 17.070	   Baro	     --	     --	  4.709	     --
[component_container-11] 	 17.070	  BBias	     --	     --	 -0.300	     --
[component_container-11] 	 17.070	  Sonar	     --	     --	  2.560	     --
[component_container-11] 	 17.070	  Magnt	     --	     --	     --	  1.602
[component_container-11] 
[component_container-11] 	 17.100	   Pose	  2.105	 -0.408	  4.982	  1.600
[component_container-11] 	 17.100	  Twist	  0.321	  0.201	 -0.079	 -0.296
[component_container-11] 	 17.100	ErrPose	  1.127	  0.293	  0.037	 -0.009
[component_container-11] 	 17.100	ErrTwis	 -0.226	 -1.089	  0.084	  0.017
[component_container-11] 	 17.100	    GPS	  3.059	 -0.118	  5.019	     --
[component_container-11] 	 17.100	   Baro	     --	     --	  4.709	     --
[component_container-11] 	 17.100	  BBias	     --	     --	 -0.300	     --
[component_container-11] 	 17.100	  Sonar	     --	     --	  2.560	     --
[component_container-11] 	 17.100	  Magnt	     --	     --	     --	  1.602
[component_container-11] 
[component_container-11] 	 17.140	   Pose	  2.118	 -0.400	  4.981	  1.589
[component_container-11] 	 17.140	  Twist	  0.315	  0.203	 -0.077	 -0.271
[component_container-11] 	 17.140	ErrPose	  1.149	  0.290	  0.038	 -0.009
[component_container-11] 	 17.140	ErrTwis	 -0.219	 -1.089	  0.081	 -0.008
[component_container-11] 	 17.140	    GPS	  3.059	 -0.118	  5.019	     --
[component_container-11] 	 17.140	   Baro	     --	     --	  4.704	     --
[component_container-11] 	 17.140	  BBias	     --	     --	 -0.300	     --
[component_container-11] 	 17.140	  Sonar	     --	     --	  2.536	     --
[component_container-11] 	 17.140	  Magnt	     --	     --	     --	  1.589
[component_container-11] 
[component_container-11] 	 17.170	   Pose	  2.127	 -0.394	  4.990	  1.581
[component_container-11] 	 17.170	  Twist	  0.312	  0.203	 -0.065	 -0.288
[component_container-11] 	 17.170	ErrPose	  1.158	  0.285	  0.029	 -0.006
[component_container-11] 	 17.170	ErrTwis	 -0.216	 -1.087	  0.068	  0.010
[component_container-11] 	 17.170	    GPS	  3.059	 -0.118	  5.019	     --
[component_container-11] 	 17.170	   Baro	     --	     --	  4.823	     --
[component_container-11] 	 17.170	  BBias	     --	     --	 -0.300	     --
[component_container-11] 	 17.170	  Sonar	     --	     --	    inf	     --
[component_container-11] 	 17.170	  Magnt	     --	     --	     --	  1.597
[component_container-11] 
[component_container-11] 	 17.200	   Pose	  2.137	 -0.387	  4.988	  1.572
[component_container-11] 	 17.200	  Twist	  0.308	  0.204	 -0.065	 -0.271
[component_container-11] 	 17.200	ErrPose	  1.183	  0.283	  0.031	 -0.009
[component_container-11] 	 17.200	ErrTwis	 -0.212	 -1.083	  0.060	 -0.007
[component_container-11] 	 17.200	    GPS	  3.059	 -0.118	  5.019	     --
[component_container-11] 	 17.200	   Baro	     --	     --	  4.823	     --
[component_container-11] 	 17.200	  BBias	     --	     --	 -0.300	     --
[component_container-11] 	 17.200	  Sonar	     --	     --	    inf	     --
[component_container-11] 	 17.200	  Magnt	     --	     --	     --	  1.597
[component_container-11] 
[component_container-11] 	 17.240	   Pose	  2.149	 -0.379	  4.991	  1.561
[component_container-11] 	 17.240	  Twist	  0.302	  0.206	 -0.057	 -0.276
[component_container-11] 	 17.240	ErrPose	  1.205	  0.278	  0.029	 -0.009
[component_container-11] 	 17.240	ErrTwis	 -0.208	 -1.075	  0.044	 -0.002
[component_container-11] 	 17.240	    GPS	  3.059	 -0.118	  5.019	     --
[component_container-11] 	 17.240	   Baro	     --	     --	  4.749	     --
[component_container-11] 	 17.240	  BBias	     --	     --	 -0.300	     --
[component_container-11] 	 17.240	  Sonar	     --	     --	    inf	     --
[component_container-11] 	 17.240	  Magnt	     --	     --	     --	  1.576
[component_container-11] 
[component_container-11] 	 17.270	   Pose	  2.158	 -0.373	  4.985	  1.553
[component_container-11] 	 17.270	  Twist	  0.297	  0.207	 -0.062	 -0.271
[component_container-11] 	 17.270	ErrPose	  1.213	  0.273	  0.035	 -0.006
[component_container-11] 	 17.270	ErrTwis	 -0.204	 -1.069	  0.045	 -0.006
[component_container-11] 	 17.270	    GPS	  3.059	 -0.118	  5.019	     --
[component_container-11] 	 17.270	   Baro	     --	     --	  4.640	     --
[component_container-11] 	 17.270	  BBias	     --	     --	 -0.300	     --
[component_container-11] 	 17.270	  Sonar	     --	     --	    inf	     --
[component_container-11] 	 17.270	  Magnt	     --	     --	     --	  1.528
[component_container-11] 
[component_container-11] 	 17.300	   Pose	  2.167	 -0.367	  4.983	  1.544
[component_container-11] 	 17.300	  Twist	  0.292	  0.207	 -0.062	 -0.288
[component_container-11] 	 17.300	ErrPose	  1.238	  0.270	  0.037	 -0.008
[component_container-11] 	 17.300	ErrTwis	 -0.201	 -1.052	  0.041	  0.011
[component_container-11] 	 17.300	    GPS	  3.059	 -0.118	  5.019	     --
[component_container-11] 	 17.300	   Baro	     --	     --	  4.640	     --
[component_container-11] 	 17.300	  BBias	     --	     --	 -0.300	     --
[component_container-11] 	 17.300	  Sonar	     --	     --	    inf	     --
[component_container-11] 	 17.300	  Magnt	     --	     --	     --	  1.528
[component_container-11] 
[component_container-11] 	 17.340	   Pose	  2.178	 -0.359	  4.977	  1.534
[component_container-11] 	 17.340	  Twist	  0.285	  0.209	 -0.064	 -0.275
[component_container-11] 	 17.340	ErrPose	  1.259	  0.263	  0.043	 -0.009
[component_container-11] 	 17.340	ErrTwis	 -0.197	 -1.035	  0.044	 -0.003
[component_container-11] 	 17.340	    GPS	  3.059	 -0.118	  5.019	     --
[component_container-11] 	 17.340	   Baro	     --	     --	  4.644	     --
[component_container-11] 	 17.340	  BBias	     --	     --	 -0.300	     --
[component_container-11] 	 17.340	  Sonar	     --	     --	    inf	     --
[component_container-11] 	 17.340	  Magnt	     --	     --	     --	  1.542
[component_container-11] 
[component_container-11] 	 17.370	   Pose	  2.187	 -0.352	  4.980	  1.525
[component_container-11] 	 17.370	  Twist	  0.279	  0.210	 -0.060	 -0.273
[component_container-11] 	 17.370	ErrPose	  1.267	  0.258	  0.042	 -0.006
[component_container-11] 	 17.370	ErrTwis	 -0.194	 -1.026	  0.040	 -0.006
[component_container-11] 	 17.370	    GPS	  3.059	 -0.118	  5.019	     --
[component_container-11] 	 17.370	   Baro	     --	     --	  4.723	     --
[component_container-11] 	 17.370	  BBias	     --	     --	 -0.300	     --
[component_container-11] 	 17.370	  Sonar	     --	     --	    inf	     --
[component_container-11] 	 17.370	  Magnt	     --	     --	     --	  1.512
[component_container-11] 
[component_container-11] 	 17.400	   Pose	  2.195	 -0.346	  4.978	  1.517
[component_container-11] 	 17.400	  Twist	  0.274	  0.212	 -0.059	 -0.252
[component_container-11] 	 17.400	ErrPose	  1.290	  0.253	  0.044	 -0.009
[component_container-11] 	 17.400	ErrTwis	 -0.193	 -1.009	  0.044	 -0.026
[component_container-11] 	 17.400	    GPS	  3.059	 -0.118	  5.019	     --
[component_container-11] 	 17.400	   Baro	     --	     --	  4.723	     --
[component_container-11] 	 17.400	  BBias	     --	     --	 -0.300	     --
[component_container-11] 	 17.400	  Sonar	     --	     --	    inf	     --
[component_container-11] 	 17.400	  Magnt	     --	     --	     --	  1.512
[component_container-11] 
[component_container-11] 	 17.440	   Pose	  2.206	 -0.337	  4.987	  1.506
[component_container-11] 	 17.440	  Twist	  0.268	  0.214	 -0.048	 -0.277
[component_container-11] 	 17.440	ErrPose	  1.309	  0.245	  0.036	 -0.009
[component_container-11] 	 17.440	ErrTwis	 -0.191	 -0.992	  0.036	 -0.002
[component_container-11] 	 17.440	    GPS	  3.059	 -0.118	  5.019	     --
[component_container-11] 	 17.440	   Baro	     --	     --	  4.805	     --
[component_container-11] 	 17.440	  BBias	     --	     --	 -0.300	     --
[component_container-11] 	 17.440	  Sonar	     --	     --	    inf	     --
[component_container-11] 	 17.440	  Magnt	     --	     --	     --	  1.503
[component_container-11] 
[component_container-11] 	 17.470	   Pose	  2.214	 -0.331	  4.987	  1.497
[component_container-11] 	 17.470	  Twist	  0.264	  0.216	 -0.047	 -0.276
[component_container-11] 	 17.470	ErrPose	  1.317	  0.239	  0.036	 -0.006
[component_container-11] 	 17.470	ErrTwis	 -0.189	 -0.985	  0.037	 -0.003
[component_container-11] 	 17.470	    GPS	  3.059	 -0.118	  5.019	     --
[component_container-11] 	 17.470	   Baro	     --	     --	  4.702	     --
[component_container-11] 	 17.470	  BBias	     --	     --	 -0.300	     --
[component_container-11] 	 17.470	  Sonar	     --	     --	    inf	     --
[component_container-11] 	 17.470	  Magnt	     --	     --	     --	  1.491
[component_container-11] 
[component_container-11] 	 17.500	   Pose	  2.222	 -0.324	  4.986	  1.489
[component_container-11] 	 17.500	  Twist	  0.259	  0.218	 -0.047	 -0.280
[component_container-11] 	 17.500	ErrPose	  1.338	  0.232	  0.038	 -0.009
[component_container-11] 	 17.500	ErrTwis	 -0.190	 -0.969	  0.041	  0.001
[component_container-11] 	 17.500	    GPS	  3.059	 -0.118	  5.019	     --
[component_container-11] 	 17.500	   Baro	     --	     --	  4.702	     --
[component_container-11] 	 17.500	  BBias	     --	     --	 -0.300	     --
[component_container-11] 	 17.500	  Sonar	     --	     --	    inf	     --
[component_container-11] 	 17.500	  Magnt	     --	     --	     --	  1.491
[component_container-11] 
[component_container-11] 	 17.540	   Pose	  2.550	 -0.215	  4.990	  1.477
[component_container-11] 	 17.540	  Twist	  0.361	  0.255	 -0.041	 -0.277
[component_container-11] 	 17.540	ErrPose	  1.039	  0.122	  0.035	 -0.008
[component_container-11] 	 17.540	ErrTwis	 -0.298	 -0.990	  0.039	 -0.002
[component_container-11] 	 17.540	    GPS	  3.300	  0.018	  5.024	     --
[component_container-11] 	 17.540	   Baro	     --	     --	  4.687	     --
[component_container-11] 	 17.540	  BBias	     --	     --	 -0.300	     --
[component_container-11] 	 17.540	  Sonar	     --	     --	    inf	     --
[component_container-11] 	 17.540	  Magnt	     --	     --	     --	  1.479
[component_container-11] 
[component_container-11] 	 17.570	   Pose	  2.561	 -0.207	  4.988	  1.468
[component_container-11] 	 17.570	  Twist	  0.356	  0.256	 -0.044	 -0.286
[component_container-11] 	 17.570	ErrPose	  1.043	  0.114	  0.038	 -0.005
[component_container-11] 	 17.570	ErrTwis	 -0.297	 -0.983	  0.043	  0.007
[component_container-11] 	 17.570	    GPS	  3.300	  0.018	  5.024	     --
[component_container-11] 	 17.570	   Baro	     --	     --	  4.673	     --
[component_container-11] 	 17.570	  BBias	     --	     --	 -0.300	     --
[component_container-11] 	 17.570	  Sonar	     --	     --	    inf	     --
[component_container-11] 	 17.570	  Magnt	     --	     --	     --	  1.444
[component_container-11] 
[component_container-11] 	 17.600	   Pose	  2.571	 -0.199	  4.986	  1.460
[component_container-11] 	 17.600	  Twist	  0.352	  0.257	 -0.045	 -0.283
[component_container-11] 	 17.600	ErrPose	  1.060	  0.105	  0.040	 -0.008
[component_container-11] 	 17.600	ErrTwis	 -0.299	 -0.969	  0.047	  0.004
[component_container-11] 	 17.600	    GPS	  3.300	  0.018	  5.024	     --
[component_container-11] 	 17.600	   Baro	     --	     --	  4.673	     --
[component_container-11] 	 17.600	  BBias	     --	     --	 -0.300	     --
[component_container-11] 	 17.600	  Sonar	     --	     --	    inf	     --
[component_container-11] 	 17.600	  Magnt	     --	     --	     --	  1.444
[component_container-11] 
[component_container-11] 	 17.640	   Pose	  2.585	 -0.189	  4.982	  1.449
[component_container-11] 	 17.640	  Twist	  0.347	  0.260	 -0.048	 -0.257
[component_container-11] 	 17.640	ErrPose	  1.074	  0.092	  0.045	 -0.008
[component_container-11] 	 17.640	ErrTwis	 -0.302	 -0.957	  0.052	 -0.023
[component_container-11] 	 17.640	    GPS	  3.300	  0.018	  5.024	     --
[component_container-11] 	 17.640	   Baro	     --	     --	  4.661	     --
[component_container-11] 	 17.640	  BBias	     --	     --	 -0.300	     --
[component_container-11] 	 17.640	  Sonar	     --	     --	    inf	     --
[component_container-11] 	 17.640	  Magnt	     --	     --	     --	  1.459
[component_container-11] 
[component_container-11] 	 17.670	   Pose	  2.596	 -0.181	  4.996	  1.441
[component_container-11] 	 17.670	  Twist	  0.344	  0.262	 -0.033	 -0.280
[component_container-11] 	 17.670	ErrPose	  1.077	  0.083	  0.032	 -0.006
[component_container-11] 	 17.670	ErrTwis	 -0.302	 -0.952	  0.037	 -0.000
[component_container-11] 	 17.670	    GPS	  3.300	  0.018	  5.024	     --
[component_container-11] 	 17.670	   Baro	     --	     --	  4.859	     --
[component_container-11] 	 17.670	  BBias	     --	     --	 -0.300	     --
[component_container-11] 	 17.670	  Sonar	     --	     --	    inf	     --
[component_container-11] 	 17.670	  Magnt	     --	     --	     --	  1.453
[component_container-11] 
[component_container-11] 	 17.700	   Pose	  2.606	 -0.173	  4.995	  1.433
[component_container-11] 	 17.700	  Twist	  0.340	  0.265	 -0.034	 -0.270
[component_container-11] 	 17.700	ErrPose	  1.093	  0.073	  0.034	 -0.008
[component_container-11] 	 17.700	ErrTwis	 -0.307	 -0.939	  0.036	 -0.010
[component_container-11] 	 17.700	    GPS	  3.300	  0.018	  5.024	     --
[component_container-11] 	 17.700	   Baro	     --	     --	  4.859	     --
[component_container-11] 	 17.700	  BBias	     --	     --	 -0.300	     --
[component_container-11] 	 17.700	  Sonar	     --	     --	    inf	     --
[component_container-11] 	 17.700	  Magnt	     --	     --	     --	  1.453
[component_container-11] 
[component_container-11] 	 17.740	   Pose	  2.619	 -0.162	  5.002	  1.422
[component_container-11] 	 17.740	  Twist	  0.335	  0.268	 -0.026	 -0.257
[component_container-11] 	 17.740	ErrPose	  1.105	  0.059	  0.028	 -0.008
[component_container-11] 	 17.740	ErrTwis	 -0.312	 -0.924	  0.024	 -0.023
[component_container-11] 	 17.740	    GPS	  3.300	  0.018	  5.024	     --
[component_container-11] 	 17.740	   Baro	     --	     --	  4.794	     --
[component_container-11] 	 17.740	  BBias	     --	     --	 -0.300	     --
[component_container-11] 	 17.740	  Sonar	     --	     --	    inf	     --
[component_container-11] 	 17.740	  Magnt	     --	     --	     --	  1.410
[component_container-11] 
[component_container-11] 	 17.770	   Pose	  2.629	 -0.154	  5.001	  1.414
[component_container-11] 	 17.770	  Twist	  0.331	  0.269	 -0.027	 -0.270
[component_container-11] 	 17.770	ErrPose	  1.107	  0.049	  0.029	 -0.006
[component_container-11] 	 17.770	ErrTwis	 -0.313	 -0.916	  0.023	 -0.010
[component_container-11] 	 17.770	    GPS	  3.300	  0.018	  5.024	     --
[component_container-11] 	 17.770	   Baro	     --	     --	  4.705	     --
[component_container-11] 	 17.770	  BBias	     --	     --	 -0.300	     --
[component_container-11] 	 17.770	  Sonar	     --	     --	    inf	     --
[component_container-11] 	 17.770	  Magnt	     --	     --	     --	  1.433
[component_container-11] 
[component_container-11] 	 17.800	   Pose	  2.639	 -0.146	  5.000	  1.406
[component_container-11] 	 17.800	  Twist	  0.328	  0.272	 -0.028	 -0.276
[component_container-11] 	 17.800	ErrPose	  1.121	  0.036	  0.031	 -0.009
[component_container-11] 	 17.800	ErrTwis	 -0.321	 -0.897	  0.022	 -0.003
[component_container-11] 	 17.800	    GPS	  3.300	  0.018	  5.024	     --
[component_container-11] 	 17.800	   Baro	     --	     --	  4.705	     --
[component_container-11] 	 17.800	  BBias	     --	     --	 -0.300	     --
[component_container-11] 	 17.800	  Sonar	     --	     --	    inf	     --
[component_container-11] 	 17.800	  Magnt	     --	     --	     --	  1.433
[component_container-11] 
[component_container-11] 	 17.840	   Pose	  2.652	 -0.135	  4.999	  1.395
[component_container-11] 	 17.840	  Twist	  0.323	  0.275	 -0.030	 -0.267
[component_container-11] 	 17.840	ErrPose	  1.131	  0.021	  0.033	 -0.009
[component_container-11] 	 17.840	ErrTwis	 -0.328	 -0.875	  0.022	 -0.012
[component_container-11] 	 17.840	    GPS	  3.300	  0.018	  5.024	     --
[component_container-11] 	 17.840	   Baro	     --	     --	  4.698	     --
[component_container-11] 	 17.840	  BBias	     --	     --	 -0.300	     --
[component_container-11] 	 17.840	  Sonar	     --	     --	    inf	     --
[component_container-11] 	 17.840	  Magnt	     --	     --	     --	  1.397
[component_container-11] 
[component_container-11] 	 17.870	   Pose	  2.662	 -0.127	  5.002	  1.386
[component_container-11] 	 17.870	  Twist	  0.319	  0.277	 -0.027	 -0.267
[component_container-11] 	 17.870	ErrPose	  1.132	  0.010	  0.030	 -0.006
[component_container-11] 	 17.870	ErrTwis	 -0.330	 -0.865	  0.019	 -0.012
[component_container-11] 	 17.870	    GPS	  3.300	  0.018	  5.024	     --
[component_container-11] 	 17.870	   Baro	     --	     --	  4.748	     --
[component_container-11] 	 17.870	  BBias	     --	     --	 -0.300	     --
[component_container-11] 	 17.870	  Sonar	     --	     --	    inf	     --
[component_container-11] 	 17.870	  Magnt	     --	     --	     --	  1.375
[component_container-11] 
[component_container-11] 	 17.900	   Pose	  2.671	 -0.119	  5.002	  1.378
[component_container-11] 	 17.900	  Twist	  0.316	  0.279	 -0.029	 -0.281
[component_container-11] 	 17.900	ErrPose	  1.143	 -0.004	  0.032	 -0.009
[component_container-11] 	 17.900	ErrTwis	 -0.340	 -0.840	  0.021	  0.002
[component_container-11] 	 17.900	    GPS	  3.300	  0.018	  5.024	     --
[component_container-11] 	 17.900	   Baro	     --	     --	  4.748	     --
[component_container-11] 	 17.900	  BBias	     --	     --	 -0.300	     --
[component_container-11] 	 17.900	  Sonar	     --	     --	    inf	     --
[component_container-11] 	 17.900	  Magnt	     --	     --	     --	  1.375
[component_container-11] 
[component_container-11] 	 17.940	   Pose	  2.684	 -0.108	  4.996	  1.367
[component_container-11] 	 17.940	  Twist	  0.312	  0.282	 -0.036	 -0.272
[component_container-11] 	 17.940	ErrPose	  1.151	 -0.022	  0.038	 -0.009
[component_container-11] 	 17.940	ErrTwis	 -0.350	 -0.817	  0.029	 -0.007
[component_container-11] 	 17.940	    GPS	  3.300	  0.018	  5.024	     --
[component_container-11] 	 17.940	   Baro	     --	     --	  4.653	     --
[component_container-11] 	 17.940	  BBias	     --	     --	 -0.300	     --
[component_container-11] 	 17.940	  Sonar	     --	     --	    inf	     --
[component_container-11] 	 17.940	  Magnt	     --	     --	     --	  1.397
[component_container-11] 
[component_container-11] 	 17.970	   Pose	  2.693	 -0.099	  4.999	  1.359
[component_container-11] 	 17.970	  Twist	  0.308	  0.285	 -0.033	 -0.287
[component_container-11] 	 17.970	ErrPose	  1.151	 -0.033	  0.036	 -0.007
[component_container-11] 	 17.970	ErrTwis	 -0.353	 -0.808	  0.027	  0.008
[component_container-11] 	 17.970	    GPS	  3.300	  0.018	  5.024	     --
[component_container-11] 	 17.970	   Baro	     --	     --	  4.740	     --
[component_container-11] 	 17.970	  BBias	     --	     --	 -0.300	     --
[component_container-11] 	 17.970	  Sonar	     --	     --	    inf	     --
[component_container-11] 	 17.970	  Magnt	     --	     --	     --	  1.384
[component_container-11] 
[component_container-11] [INFO] [1775320697.549225596] [drone.controller]: cmd_vel body=(-0.574, -0.225, 0.001) yaw=-0.300 | odom_received=true | plan_points=7
[component_container-11] 	 18.000	   Pose	  2.703	 -0.090	  4.998	  1.351
[component_container-11] 	 18.000	  Twist	  0.305	  0.287	 -0.035	 -0.268
[component_container-11] 	 18.000	ErrPose	  1.160	 -0.049	  0.038	 -0.010
[component_container-11] 	 18.000	ErrTwis	 -0.365	 -0.785	  0.030	 -0.011
[component_container-11] 	 18.000	    GPS	  3.300	  0.018	  5.024	     --
[component_container-11] 	 18.000	   Baro	     --	     --	  4.740	     --
[component_container-11] 	 18.000	  BBias	     --	     --	 -0.300	     --
[component_container-11] 	 18.000	  Sonar	     --	     --	    inf	     --
[component_container-11] 	 18.000	  Magnt	     --	     --	     --	  1.384
[component_container-11] 
[component_container-11] [INFO] [1775320697.549714622] [drone.estimator]: TMP LOG err_xyz=(1.160, -0.049, 0.038) | z_est=4.998 vz_est=-0.035 bias=-0.300 | gps_z=5.024 sonar=inf baro=4.740
[component_container-11] 	 18.040	   Pose	  2.985	 -0.114	  5.003	  1.340
[component_container-11] 	 18.040	  Twist	  0.393	  0.278	 -0.030	 -0.277
[component_container-11] 	 18.040	ErrPose	  0.894	 -0.033	  0.033	 -0.010
[component_container-11] 	 18.040	ErrTwis	 -0.469	 -0.752	  0.028	 -0.002
[component_container-11] 	 18.040	    GPS	  3.621	 -0.208	  5.036	     --
[component_container-11] 	 18.040	   Baro	     --	     --	  4.704	     --
[component_container-11] 	 18.040	  BBias	     --	     --	 -0.300	     --
[component_container-11] 	 18.040	  Sonar	     --	     --	    inf	     --
[component_container-11] 	 18.040	  Magnt	     --	     --	     --	  1.348
[component_container-11] 
[component_container-11] [INFO] [1775320697.604607639] [drone.estimator]: TMP LOG sonar rejected: meas=2.528 est_z=5.012 innov=-2.485
[component_container-11] 	 18.070	   Pose	  2.997	 -0.106	  5.012	  1.332
[component_container-11] 	 18.070	  Twist	  0.390	  0.281	 -0.022	 -0.283
[component_container-11] 	 18.070	ErrPose	  0.890	 -0.045	  0.025	 -0.007
[component_container-11] 	 18.070	ErrTwis	 -0.474	 -0.744	  0.020	  0.003
[component_container-11] 	 18.070	    GPS	  3.621	 -0.208	  5.036	     --
[component_container-11] 	 18.070	   Baro	     --	     --	  4.825	     --
[component_container-11] 	 18.070	  BBias	     --	     --	 -0.300	     --
[component_container-11] 	 18.070	  Sonar	     --	     --	  2.528	     --
[component_container-11] 	 18.070	  Magnt	     --	     --	     --	  1.344
[component_container-11] 
[component_container-11] 	 18.100	   Pose	  3.009	 -0.098	  5.011	  1.324
[component_container-11] 	 18.100	  Twist	  0.388	  0.284	 -0.024	 -0.276
[component_container-11] 	 18.100	ErrPose	  0.893	 -0.062	  0.026	 -0.010
[component_container-11] 	 18.100	ErrTwis	 -0.488	 -0.724	  0.024	 -0.004
[component_container-11] 	 18.100	    GPS	  3.621	 -0.208	  5.036	     --
[component_container-11] 	 18.100	   Baro	     --	     --	  4.825	     --
[component_container-11] 	 18.100	  BBias	     --	     --	 -0.300	     --
[component_container-11] 	 18.100	  Sonar	     --	     --	  2.528	     --
[component_container-11] 	 18.100	  Magnt	     --	     --	     --	  1.344
[component_container-11] 
[component_container-11] 	 18.140	   Pose	  3.024	 -0.086	  5.018	  1.312
[component_container-11] 	 18.140	  Twist	  0.385	  0.287	 -0.017	 -0.265
[component_container-11] 	 18.140	ErrPose	  0.892	 -0.083	  0.020	 -0.010
[component_container-11] 	 18.140	ErrTwis	 -0.502	 -0.707	  0.020	 -0.014
[component_container-11] 	 18.140	    GPS	  3.621	 -0.208	  5.036	     --
[component_container-11] 	 18.140	   Baro	     --	     --	  4.809	     --
[component_container-11] 	 18.140	  BBias	     --	     --	 -0.300	     --
[component_container-11] 	 18.140	  Sonar	     --	     --	  2.548	     --
[component_container-11] 	 18.140	  Magnt	     --	     --	     --	  1.305
[component_container-11] 
[component_container-11] 	 18.170	   Pose	  3.036	 -0.078	  5.017	  1.304
[component_container-11] 	 18.170	  Twist	  0.383	  0.290	 -0.020	 -0.273
[component_container-11] 	 18.170	ErrPose	  0.887	 -0.097	  0.021	 -0.008
[component_container-11] 	 18.170	ErrTwis	 -0.509	 -0.699	  0.023	 -0.006
[component_container-11] 	 18.170	    GPS	  3.621	 -0.208	  5.036	     --
[component_container-11] 	 18.170	   Baro	     --	     --	  4.713	     --
[component_container-11] 	 18.170	  BBias	     --	     --	 -0.300	     --
[component_container-11] 	 18.170	  Sonar	     --	     --	  2.525	     --
[component_container-11] 	 18.170	  Magnt	     --	     --	     --	  1.333
[component_container-11] 
[component_container-11] 	 18.200	   Pose	  3.047	 -0.069	  5.017	  1.296
[component_container-11] 	 18.200	  Twist	  0.380	  0.293	 -0.023	 -0.286
[component_container-11] 	 18.200	ErrPose	  0.889	 -0.116	  0.022	 -0.011
[component_container-11] 	 18.200	ErrTwis	 -0.525	 -0.682	  0.025	  0.007
[component_container-11] 	 18.200	    GPS	  3.621	 -0.208	  5.036	     --
[component_container-11] 	 18.200	   Baro	     --	     --	  4.713	     --
[component_container-11] 	 18.200	  BBias	     --	     --	 -0.300	     --
[component_container-11] 	 18.200	  Sonar	     --	     --	  2.525	     --
[component_container-11] 	 18.200	  Magnt	     --	     --	     --	  1.333
[component_container-11] 
[component_container-11] 	 18.240	   Pose	  3.062	 -0.057	  5.009	  1.285
[component_container-11] 	 18.240	  Twist	  0.377	  0.297	 -0.033	 -0.270
[component_container-11] 	 18.240	ErrPose	  0.885	 -0.138	  0.030	 -0.011
[component_container-11] 	 18.240	ErrTwis	 -0.542	 -0.665	  0.034	 -0.009
[component_container-11] 	 18.240	    GPS	  3.621	 -0.208	  5.036	     --
[component_container-11] 	 18.240	   Baro	     --	     --	  4.641	     --
[component_container-11] 	 18.240	  BBias	     --	     --	 -0.300	     --
[component_container-11] 	 18.240	  Sonar	     --	     --	  2.571	     --
[component_container-11] 	 18.240	  Magnt	     --	     --	     --	  1.306
[component_container-11] 
[component_container-11] 	 18.270	   Pose	  3.074	 -0.048	  5.008	  1.278
[component_container-11] 	 18.270	  Twist	  0.375	  0.299	 -0.037	 -0.273
[component_container-11] 	 18.270	ErrPose	  0.879	 -0.153	  0.032	 -0.009
[component_container-11] 	 18.270	ErrTwis	 -0.549	 -0.656	  0.036	 -0.006
[component_container-11] 	 18.270	    GPS	  3.621	 -0.208	  5.036	     --
[component_container-11] 	 18.270	   Baro	     --	     --	  4.703	     --
[component_container-11] 	 18.270	  BBias	     --	     --	 -0.300	     --
[component_container-11] 	 18.270	  Sonar	     --	     --	  2.553	     --
[component_container-11] 	 18.270	  Magnt	     --	     --	     --	  1.310
[component_container-11] 
[component_container-11] 	 18.300	   Pose	  3.085	 -0.039	  5.007	  1.270
[component_container-11] 	 18.300	  Twist	  0.373	  0.302	 -0.039	 -0.281
[component_container-11] 	 18.300	ErrPose	  0.877	 -0.174	  0.033	 -0.012
[component_container-11] 	 18.300	ErrTwis	 -0.566	 -0.636	  0.038	  0.002
[component_container-11] 	 18.300	    GPS	  3.621	 -0.208	  5.036	     --
[component_container-11] 	 18.300	   Baro	     --	     --	  4.703	     --
[component_container-11] 	 18.300	  BBias	     --	     --	 -0.300	     --
[component_container-11] 	 18.300	  Sonar	     --	     --	  2.553	     --
[component_container-11] 	 18.300	  Magnt	     --	     --	     --	  1.310
[component_container-11] 
[component_container-11] 	 18.340	   Pose	  3.100	 -0.027	  5.008	  1.258
[component_container-11] 	 18.340	  Twist	  0.369	  0.306	 -0.041	 -0.283
[component_container-11] 	 18.340	ErrPose	  0.870	 -0.199	  0.031	 -0.012
[component_container-11] 	 18.340	ErrTwis	 -0.582	 -0.618	  0.040	  0.004
[component_container-11] 	 18.340	    GPS	  3.621	 -0.208	  5.036	     --
[component_container-11] 	 18.340	   Baro	     --	     --	  4.742	     --
[component_container-11] 	 18.340	  BBias	     --	     --	 -0.300	     --
[component_container-11] 	 18.340	  Sonar	     --	     --	  2.539	     --
[component_container-11] 	 18.340	  Magnt	     --	     --	     --	  1.262
[component_container-11] 
[component_container-11] 	 18.370	   Pose	  3.111	 -0.018	  5.015	  1.250
[component_container-11] 	 18.370	  Twist	  0.367	  0.310	 -0.034	 -0.273
[component_container-11] 	 18.370	ErrPose	  0.863	 -0.214	  0.024	 -0.009
[component_container-11] 	 18.370	ErrTwis	 -0.590	 -0.610	  0.034	 -0.006
[component_container-11] 	 18.370	    GPS	  3.621	 -0.208	  5.036	     --
[component_container-11] 	 18.370	   Baro	     --	     --	  4.805	     --
[component_container-11] 	 18.370	  BBias	     --	     --	 -0.300	     --
[component_container-11] 	 18.370	  Sonar	     --	     --	  2.510	     --
[component_container-11] 	 18.370	  Magnt	     --	     --	     --	  1.231
[component_container-11] 
[component_container-11] 	 18.400	   Pose	  3.122	 -0.008	  5.014	  1.241
[component_container-11] 	 18.400	  Twist	  0.364	  0.312	 -0.037	 -0.283
[component_container-11] 	 18.400	ErrPose	  0.859	 -0.237	  0.025	 -0.012
[component_container-11] 	 18.400	ErrTwis	 -0.608	 -0.593	  0.037	  0.003
[component_container-11] 	 18.400	    GPS	  3.621	 -0.208	  5.036	     --
[component_container-11] 	 18.400	   Baro	     --	     --	  4.805	     --
[component_container-11] 	 18.400	  BBias	     --	     --	 -0.300	     --
[component_container-11] 	 18.400	  Sonar	     --	     --	  2.510	     --
[component_container-11] 	 18.400	  Magnt	     --	     --	     --	  1.231
[component_container-11] 
[component_container-11] 	 18.440	   Pose	  3.136	  0.004	  5.010	  1.231
[component_container-11] 	 18.440	  Twist	  0.362	  0.317	 -0.043	 -0.259
[component_container-11] 	 18.440	ErrPose	  0.850	 -0.263	  0.030	 -0.012
[component_container-11] 	 18.440	ErrTwis	 -0.627	 -0.580	  0.045	 -0.021
[component_container-11] 	 18.440	    GPS	  3.621	 -0.208	  5.036	     --
[component_container-11] 	 18.440	   Baro	     --	     --	  4.679	     --
[component_container-11] 	 18.440	  BBias	     --	     --	 -0.300	     --
[component_container-11] 	 18.440	  Sonar	     --	     --	  2.544	     --
[component_container-11] 	 18.440	  Magnt	     --	     --	     --	  1.254
[component_container-11] 
[component_container-11] 	 18.470	   Pose	  3.147	  0.014	  5.006	  1.223
[component_container-11] 	 18.470	  Twist	  0.360	  0.320	 -0.049	 -0.276
[component_container-11] 	 18.470	ErrPose	  0.841	 -0.280	  0.033	 -0.010
[component_container-11] 	 18.470	ErrTwis	 -0.635	 -0.575	  0.051	 -0.004
[component_container-11] 	 18.470	    GPS	  3.621	 -0.208	  5.036	     --
[component_container-11] 	 18.470	   Baro	     --	     --	  4.686	     --
[component_container-11] 	 18.470	  BBias	     --	     --	 -0.300	     --
[component_container-11] 	 18.470	  Sonar	     --	     --	  2.558	     --
[component_container-11] 	 18.470	  Magnt	     --	     --	     --	  1.271
[component_container-11] 
[component_container-11] 	 18.500	   Pose	  3.158	  0.023	  5.005	  1.215
[component_container-11] 	 18.500	  Twist	  0.358	  0.324	 -0.051	 -0.283
[component_container-11] 	 18.500	ErrPose	  0.835	 -0.305	  0.034	 -0.013
[component_container-11] 	 18.500	ErrTwis	 -0.654	 -0.564	  0.054	  0.003
[component_container-11] 	 18.500	    GPS	  3.621	 -0.208	  5.036	     --
[component_container-11] 	 18.500	   Baro	     --	     --	  4.686	     --
[component_container-11] 	 18.500	  BBias	     --	     --	 -0.300	     --
[component_container-11] 	 18.500	  Sonar	     --	     --	  2.558	     --
[component_container-11] 	 18.500	  Magnt	     --	     --	     --	  1.271
[component_container-11] 
[component_container-11] 	 18.540	   Pose	  3.388	 -0.126	  5.009	  1.203
[component_container-11] 	 18.540	  Twist	  0.430	  0.273	 -0.049	 -0.284
[component_container-11] 	 18.540	ErrPose	  0.608	 -0.171	  0.029	 -0.013
[component_container-11] 	 18.540	ErrTwis	 -0.747	 -0.501	  0.051	  0.005
[component_container-11] 	 18.540	    GPS	  3.890	 -0.522	  5.039	     --
[component_container-11] 	 18.540	   Baro	     --	     --	  4.719	     --
[component_container-11] 	 18.540	  BBias	     --	     --	 -0.301	     --
[component_container-11] 	 18.540	  Sonar	     --	     --	  2.536	     --
[component_container-11] 	 18.540	  Magnt	     --	     --	     --	  1.200
[component_container-11] 
[component_container-11] 	 18.570	   Pose	  3.401	 -0.117	  5.013	  1.194
[component_container-11] 	 18.570	  Twist	  0.429	  0.276	 -0.046	 -0.287
[component_container-11] 	 18.570	ErrPose	  0.597	 -0.188	  0.025	 -0.009
[component_container-11] 	 18.570	ErrTwis	 -0.757	 -0.499	  0.048	  0.008
[component_container-11] 	 18.570	    GPS	  3.890	 -0.522	  5.039	     --
[component_container-11] 	 18.570	   Baro	     --	     --	  4.771	     --
[component_container-11] 	 18.570	  BBias	     --	     --	 -0.300	     --
[component_container-11] 	 18.570	  Sonar	     --	     --	  2.540	     --
[component_container-11] 	 18.570	  Magnt	     --	     --	     --	  1.157
[component_container-11] 
[component_container-11] 	 18.600	   Pose	  3.413	 -0.109	  5.011	  1.186
[component_container-11] 	 18.600	  Twist	  0.428	  0.280	 -0.047	 -0.266
[component_container-11] 	 18.600	ErrPose	  0.586	 -0.212	  0.026	 -0.012
[component_container-11] 	 18.600	ErrTwis	 -0.776	 -0.492	  0.050	 -0.014
[component_container-11] 	 18.600	    GPS	  3.890	 -0.522	  5.039	     --
[component_container-11] 	 18.600	   Baro	     --	     --	  4.771	     --
[component_container-11] 	 18.600	  BBias	     --	     --	 -0.300	     --
[component_container-11] 	 18.600	  Sonar	     --	     --	  2.540	     --
[component_container-11] 	 18.600	  Magnt	     --	     --	     --	  1.157
[component_container-11] 
[component_container-11] 	 18.640	   Pose	  3.430	 -0.098	  5.007	  1.174
[component_container-11] 	 18.640	  Twist	  0.426	  0.284	 -0.053	 -0.281
[component_container-11] 	 18.640	ErrPose	  0.570	 -0.241	  0.030	 -0.012
[component_container-11] 	 18.640	ErrTwis	 -0.796	 -0.487	  0.056	  0.001
[component_container-11] 	 18.640	    GPS	  3.890	 -0.522	  5.039	     --
[component_container-11] 	 18.640	   Baro	     --	     --	  4.678	     --
[component_container-11] 	 18.640	  BBias	     --	     --	 -0.300	     --
[component_container-11] 	 18.640	  Sonar	     --	     --	  3.071	     --
[component_container-11] 	 18.640	  Magnt	     --	     --	     --	  1.138
[component_container-11] 
[component_container-11] 	 18.670	   Pose	  3.443	 -0.089	  5.005	  1.165
[component_container-11] 	 18.670	  Twist	  0.426	  0.288	 -0.056	 -0.274
[component_container-11] 	 18.670	ErrPose	  0.558	 -0.258	  0.032	 -0.008
[component_container-11] 	 18.670	ErrTwis	 -0.806	 -0.487	  0.059	 -0.006
[component_container-11] 	 18.670	    GPS	  3.890	 -0.522	  5.039	     --
[component_container-11] 	 18.670	   Baro	     --	     --	  4.700	     --
[component_container-11] 	 18.670	  BBias	     --	     --	 -0.300	     --
[component_container-11] 	 18.670	  Sonar	     --	     --	    inf	     --
[component_container-11] 	 18.670	  Magnt	     --	     --	     --	  1.119
[component_container-11] 
[component_container-11] 	 18.700	   Pose	  3.456	 -0.080	  5.003	  1.156
[component_container-11] 	 18.700	  Twist	  0.425	  0.292	 -0.059	 -0.272
[component_container-11] 	 18.700	ErrPose	  0.545	 -0.285	  0.033	 -0.011
[component_container-11] 	 18.700	ErrTwis	 -0.826	 -0.481	  0.060	 -0.008
[component_container-11] 	 18.700	    GPS	  3.890	 -0.522	  5.039	     --
[component_container-11] 	 18.700	   Baro	     --	     --	  4.700	     --
[component_container-11] 	 18.700	  BBias	     --	     --	 -0.300	     --
[component_container-11] 	 18.700	  Sonar	     --	     --	    inf	     --
[component_container-11] 	 18.700	  Magnt	     --	     --	     --	  1.119
[component_container-11] 
[component_container-11] 	 18.740	   Pose	  3.473	 -0.069	  5.010	  1.146
[component_container-11] 	 18.740	  Twist	  0.425	  0.296	 -0.052	 -0.280
[component_container-11] 	 18.740	ErrPose	  0.526	 -0.316	  0.024	 -0.011
[component_container-11] 	 18.740	ErrTwis	 -0.847	 -0.475	  0.053	  0.000
[component_container-11] 	 18.740	    GPS	  3.890	 -0.522	  5.039	     --
[component_container-11] 	 18.740	   Baro	     --	     --	  4.820	     --
[component_container-11] 	 18.740	  BBias	     --	     --	 -0.300	     --
[component_container-11] 	 18.740	  Sonar	     --	     --	    inf	     --
[component_container-11] 	 18.740	  Magnt	     --	     --	     --	  1.167
[component_container-11] 
[component_container-11] 	 18.770	   Pose	  3.486	 -0.060	  5.006	  1.137
[component_container-11] 	 18.770	  Twist	  0.424	  0.300	 -0.058	 -0.268
[component_container-11] 	 18.770	ErrPose	  0.513	 -0.334	  0.028	 -0.009
[component_container-11] 	 18.770	ErrTwis	 -0.858	 -0.473	  0.058	 -0.012
[component_container-11] 	 18.770	    GPS	  3.890	 -0.522	  5.039	     --
[component_container-11] 	 18.770	   Baro	     --	     --	  4.676	     --
[component_container-11] 	 18.770	  BBias	     --	     --	 -0.300	     --
[component_container-11] 	 18.770	  Sonar	     --	     --	    inf	     --
[component_container-11] 	 18.770	  Magnt	     --	     --	     --	  1.138
[component_container-11] 
[component_container-11] 	 18.800	   Pose	  3.498	 -0.051	  5.004	  1.129
[component_container-11] 	 18.800	  Twist	  0.424	  0.304	 -0.060	 -0.261
[component_container-11] 	 18.800	ErrPose	  0.497	 -0.363	  0.029	 -0.012
[component_container-11] 	 18.800	ErrTwis	 -0.879	 -0.463	  0.059	 -0.019
[component_container-11] 	 18.800	    GPS	  3.890	 -0.522	  5.039	     --
[component_container-11] 	 18.800	   Baro	     --	     --	  4.676	     --
[component_container-11] 	 18.800	  BBias	     --	     --	 -0.300	     --
[component_container-11] 	 18.800	  Sonar	     --	     --	    inf	     --
[component_container-11] 	 18.800	  Magnt	     --	     --	     --	  1.138
[component_container-11] 
[component_container-11] 	 18.840	   Pose	  3.515	 -0.038	  4.994	  1.119
[component_container-11] 	 18.840	  Twist	  0.425	  0.309	 -0.072	 -0.274
[component_container-11] 	 18.840	ErrPose	  0.476	 -0.395	  0.038	 -0.012
[component_container-11] 	 18.840	ErrTwis	 -0.901	 -0.451	  0.070	 -0.006
[component_container-11] 	 18.840	    GPS	  3.890	 -0.522	  5.039	     --
[component_container-11] 	 18.840	   Baro	     --	     --	  4.617	     --
[component_container-11] 	 18.840	  BBias	     --	     --	 -0.300	     --
[component_container-11] 	 18.840	  Sonar	     --	     --	    inf	     --
[component_container-11] 	 18.840	  Magnt	     --	     --	     --	  1.161
[component_container-11] 
[component_container-11] 	 18.870	   Pose	  3.528	 -0.029	  5.001	  1.110
[component_container-11] 	 18.870	  Twist	  0.424	  0.314	 -0.064	 -0.277
[component_container-11] 	 18.870	ErrPose	  0.461	 -0.415	  0.030	 -0.010
[component_container-11] 	 18.870	ErrTwis	 -0.911	 -0.448	  0.062	 -0.003
[component_container-11] 	 18.870	    GPS	  3.890	 -0.522	  5.039	     --
[component_container-11] 	 18.870	   Baro	     --	     --	  4.799	     --
[component_container-11] 	 18.870	  BBias	     --	     --	 -0.300	     --
[component_container-11] 	 18.870	  Sonar	     --	     --	    inf	     --
[component_container-11] 	 18.870	  Magnt	     --	     --	     --	  1.113
[component_container-11] 
[component_container-11] 	 18.900	   Pose	  3.541	 -0.020	  4.999	  1.102
[component_container-11] 	 18.900	  Twist	  0.424	  0.318	 -0.066	 -0.297
[component_container-11] 	 18.900	ErrPose	  0.442	 -0.445	  0.031	 -0.013
[component_container-11] 	 18.900	ErrTwis	 -0.933	 -0.435	  0.064	  0.017
[component_container-11] 	 18.900	    GPS	  3.890	 -0.522	  5.039	     --
[component_container-11] 	 18.900	   Baro	     --	     --	  4.799	     --
[component_container-11] 	 18.900	  BBias	     --	     --	 -0.300	     --
[component_container-11] 	 18.900	  Sonar	     --	     --	    inf	     --
[component_container-11] 	 18.900	  Magnt	     --	     --	     --	  1.113
[component_container-11] 
[component_container-11] 	 18.940	   Pose	  3.558	 -0.007	  4.996	  1.092
[component_container-11] 	 18.940	  Twist	  0.424	  0.323	 -0.070	 -0.288
[component_container-11] 	 18.940	ErrPose	  0.418	 -0.478	  0.033	 -0.014
[component_container-11] 	 18.940	ErrTwis	 -0.954	 -0.423	  0.067	  0.008
[component_container-11] 	 18.940	    GPS	  3.890	 -0.522	  5.039	     --
[component_container-11] 	 18.940	   Baro	     --	     --	  4.693	     --
[component_container-11] 	 18.940	  BBias	     --	     --	 -0.300	     --
[component_container-11] 	 18.940	  Sonar	     --	     --	    inf	     --
[component_container-11] 	 18.940	  Magnt	     --	     --	     --	  1.154
[component_container-11] 
[component_container-11] 	 18.970	   Pose	  3.571	  0.003	  5.004	  1.084
[component_container-11] 	 18.970	  Twist	  0.424	  0.328	 -0.063	 -0.279
[component_container-11] 	 18.970	ErrPose	  0.401	 -0.499	  0.025	 -0.011
[component_container-11] 	 18.970	ErrTwis	 -0.965	 -0.419	  0.060	 -0.002
[component_container-11] 	 18.970	    GPS	  3.890	 -0.522	  5.039	     --
[component_container-11] 	 18.970	   Baro	     --	     --	  4.802	     --
[component_container-11] 	 18.970	  BBias	     --	     --	 -0.300	     --
[component_container-11] 	 18.970	  Sonar	     --	     --	    inf	     --
[component_container-11] 	 18.970	  Magnt	     --	     --	     --	  1.081
[component_container-11] 
[component_container-11] [INFO] [1775320698.552110379] [drone.controller]: cmd_vel body=(-0.854, 0.201, -0.004) yaw=-0.300 | odom_received=true | plan_points=9
[component_container-11] 	 19.000	   Pose	  3.583	  0.013	  5.002	  1.075
[component_container-11] 	 19.000	  Twist	  0.424	  0.332	 -0.065	 -0.284
[component_container-11] 	 19.000	ErrPose	  0.379	 -0.530	  0.025	 -0.014
[component_container-11] 	 19.000	ErrTwis	 -0.987	 -0.406	  0.062	  0.004
[component_container-11] 	 19.000	    GPS	  3.890	 -0.522	  5.039	     --
[component_container-11] 	 19.000	   Baro	     --	     --	  4.802	     --
[component_container-11] 	 19.000	  BBias	     --	     --	 -0.300	     --
[component_container-11] 	 19.000	  Sonar	     --	     --	    inf	     --
[component_container-11] 	 19.000	  Magnt	     --	     --	     --	  1.081
[component_container-11] 
[component_container-11] [INFO] [1775320698.552523265] [drone.estimator]: TMP LOG err_xyz=(0.379, -0.530, 0.025) | z_est=5.002 vz_est=-0.065 bias=-0.300 | gps_z=5.039 sonar=inf baro=4.802
[component_container-11] 	 19.040	   Pose	  3.620	 -0.155	  5.013	  1.064
[component_container-11] 	 19.040	  Twist	  0.431	  0.277	 -0.054	 -0.269
[component_container-11] 	 19.040	ErrPose	  0.333	 -0.384	  0.012	 -0.014
[component_container-11] 	 19.040	ErrTwis	 -1.016	 -0.336	  0.052	 -0.011
[component_container-11] 	 19.040	    GPS	  3.653	 -0.596	  5.026	     --
[component_container-11] 	 19.040	   Baro	     --	     --	  4.824	     --
[component_container-11] 	 19.040	  BBias	     --	     --	 -0.300	     --
[component_container-11] 	 19.040	  Sonar	     --	     --	    inf	     --
[component_container-11] 	 19.040	  Magnt	     --	     --	     --	  1.055
[component_container-11] 
[component_container-11] 	 19.070	   Pose	  3.633	 -0.146	  5.008	  1.055
[component_container-11] 	 19.070	  Twist	  0.431	  0.282	 -0.060	 -0.277
[component_container-11] 	 19.070	ErrPose	  0.314	 -0.404	  0.016	 -0.010
[component_container-11] 	 19.070	ErrTwis	 -1.027	 -0.333	  0.058	 -0.003
[component_container-11] 	 19.070	    GPS	  3.653	 -0.596	  5.026	     --
[component_container-11] 	 19.070	   Baro	     --	     --	  4.670	     --
[component_container-11] 	 19.070	  BBias	     --	     --	 -0.300	     --
[component_container-11] 	 19.070	  Sonar	     --	     --	    inf	     --
[component_container-11] 	 19.070	  Magnt	     --	     --	     --	  1.035
[component_container-11] 
[component_container-11] 	 19.100	   Pose	  3.646	 -0.138	  5.006	  1.046
[component_container-11] 	 19.100	  Twist	  0.432	  0.286	 -0.062	 -0.277
[component_container-11] 	 19.100	ErrPose	  0.289	 -0.434	  0.017	 -0.013
[component_container-11] 	 19.100	ErrTwis	 -1.050	 -0.323	  0.060	 -0.003
[component_container-11] 	 19.100	    GPS	  3.653	 -0.596	  5.026	     --
[component_container-11] 	 19.100	   Baro	     --	     --	  4.670	     --
[component_container-11] 	 19.100	  BBias	     --	     --	 -0.300	     --
[component_container-11] 	 19.100	  Sonar	     --	     --	    inf	     --
[component_container-11] 	 19.100	  Magnt	     --	     --	     --	  1.035
[component_container-11] 
[component_container-11] 	 19.140	   Pose	  3.663	 -0.126	  5.004	  1.036
[component_container-11] 	 19.140	  Twist	  0.433	  0.292	 -0.065	 -0.259
[component_container-11] 	 19.140	ErrPose	  0.259	 -0.469	  0.017	 -0.014
[component_container-11] 	 19.140	ErrTwis	 -1.072	 -0.316	  0.062	 -0.021
[component_container-11] 	 19.140	    GPS	  3.653	 -0.596	  5.026	     --
[component_container-11] 	 19.140	   Baro	     --	     --	  4.713	     --
[component_container-11] 	 19.140	  BBias	     --	     --	 -0.300	     --
[component_container-11] 	 19.140	  Sonar	     --	     --	    inf	     --
[component_container-11] 	 19.140	  Magnt	     --	     --	     --	  1.043
[component_container-11] 
[component_container-11] 	 19.170	   Pose	  3.676	 -0.117	  5.005	  1.027
[component_container-11] 	 19.170	  Twist	  0.433	  0.296	 -0.064	 -0.278
[component_container-11] 	 19.170	ErrPose	  0.239	 -0.489	  0.015	 -0.011
[component_container-11] 	 19.170	ErrTwis	 -1.084	 -0.314	  0.062	 -0.002
[component_container-11] 	 19.170	    GPS	  3.653	 -0.596	  5.026	     --
[component_container-11] 	 19.170	   Baro	     --	     --	  4.741	     --
[component_container-11] 	 19.170	  BBias	     --	     --	 -0.300	     --
[component_container-11] 	 19.170	  Sonar	     --	     --	    inf	     --
[component_container-11] 	 19.170	  Magnt	     --	     --	     --	  1.008
[component_container-11] 
[component_container-11] 	 19.200	   Pose	  3.689	 -0.109	  5.003	  1.019
[component_container-11] 	 19.200	  Twist	  0.434	  0.300	 -0.066	 -0.265
[component_container-11] 	 19.200	ErrPose	  0.211	 -0.521	  0.015	 -0.014
[component_container-11] 	 19.200	ErrTwis	 -1.106	 -0.306	  0.063	 -0.014
[component_container-11] 	 19.200	    GPS	  3.653	 -0.596	  5.026	     --
[component_container-11] 	 19.200	   Baro	     --	     --	  4.741	     --
[component_container-11] 	 19.200	  BBias	     --	     --	 -0.300	     --
[component_container-11] 	 19.200	  Sonar	     --	     --	    inf	     --
[component_container-11] 	 19.200	  Magnt	     --	     --	     --	  1.008
[component_container-11] 
[component_container-11] 	 19.240	   Pose	  3.706	 -0.096	  5.013	  1.007
[component_container-11] 	 19.240	  Twist	  0.436	  0.306	 -0.057	 -0.278
[component_container-11] 	 19.240	ErrPose	  0.178	 -0.557	  0.004	 -0.013
[component_container-11] 	 19.240	ErrTwis	 -1.129	 -0.300	  0.053	 -0.002
[component_container-11] 	 19.240	    GPS	  3.653	 -0.596	  5.026	     --
[component_container-11] 	 19.240	   Baro	     --	     --	  4.841	     --
[component_container-11] 	 19.240	  BBias	     --	     --	 -0.300	     --
[component_container-11] 	 19.240	  Sonar	     --	     --	    inf	     --
[component_container-11] 	 19.240	  Magnt	     --	     --	     --	  0.978
[component_container-11] 
[component_container-11] 	 19.270	   Pose	  3.719	 -0.087	  4.998	  0.999
[component_container-11] 	 19.270	  Twist	  0.437	  0.310	 -0.073	 -0.283
[component_container-11] 	 19.270	ErrPose	  0.157	 -0.578	  0.017	 -0.011
[component_container-11] 	 19.270	ErrTwis	 -1.140	 -0.299	  0.068	  0.004
[component_container-11] 	 19.270	    GPS	  3.653	 -0.596	  5.026	     --
[component_container-11] 	 19.270	   Baro	     --	     --	  4.560	     --
[component_container-11] 	 19.270	  BBias	     --	     --	 -0.300	     --
[component_container-11] 	 19.270	  Sonar	     --	     --	    inf	     --
[component_container-11] 	 19.270	  Magnt	     --	     --	     --	  1.004
[component_container-11] 
[component_container-11] 	 19.300	   Pose	  3.732	 -0.078	  4.996	  0.990
[component_container-11] 	 19.300	  Twist	  0.438	  0.315	 -0.076	 -0.290
[component_container-11] 	 19.300	ErrPose	  0.126	 -0.611	  0.017	 -0.014
[component_container-11] 	 19.300	ErrTwis	 -1.162	 -0.292	  0.070	  0.011
[component_container-11] 	 19.300	    GPS	  3.653	 -0.596	  5.026	     --
[component_container-11] 	 19.300	   Baro	     --	     --	  4.560	     --
[component_container-11] 	 19.300	  BBias	     --	     --	 -0.300	     --
[component_container-11] 	 19.300	  Sonar	     --	     --	    inf	     --
[component_container-11] 	 19.300	  Magnt	     --	     --	     --	  1.004
[component_container-11] 
[component_container-11] 	 19.340	   Pose	  3.750	 -0.065	  4.994	  0.980
[component_container-11] 	 19.340	  Twist	  0.440	  0.321	 -0.079	 -0.258
[component_container-11] 	 19.340	ErrPose	  0.090	 -0.648	  0.017	 -0.014
[component_container-11] 	 19.340	ErrTwis	 -1.183	 -0.287	  0.072	 -0.022
[component_container-11] 	 19.340	    GPS	  3.653	 -0.596	  5.026	     --
[component_container-11] 	 19.340	   Baro	     --	     --	  4.705	     --
[component_container-11] 	 19.340	  BBias	     --	     --	 -0.300	     --
[component_container-11] 	 19.340	  Sonar	     --	     --	    inf	     --
[component_container-11] 	 19.340	  Magnt	     --	     --	     --	  1.000
[component_container-11] 
[component_container-11] 	 19.370	   Pose	  3.763	 -0.055	  4.996	  0.971
[component_container-11] 	 19.370	  Twist	  0.441	  0.325	 -0.075	 -0.280
[component_container-11] 	 19.370	ErrPose	  0.067	 -0.669	  0.014	 -0.011
[component_container-11] 	 19.370	ErrTwis	 -1.194	 -0.287	  0.068	  0.001
[component_container-11] 	 19.370	    GPS	  3.653	 -0.596	  5.026	     --
[component_container-11] 	 19.370	   Baro	     --	     --	  4.750	     --
[component_container-11] 	 19.370	  BBias	     --	     --	 -0.300	     --
[component_container-11] 	 19.370	  Sonar	     --	     --	    inf	     --
[component_container-11] 	 19.370	  Magnt	     --	     --	     --	  0.952
[component_container-11] 
[component_container-11] 	 19.400	   Pose	  3.776	 -0.046	  4.994	  0.963
[component_container-11] 	 19.400	  Twist	  0.442	  0.330	 -0.077	 -0.270
[component_container-11] 	 19.400	ErrPose	  0.034	 -0.704	  0.014	 -0.014
[component_container-11] 	 19.400	ErrTwis	 -1.214	 -0.284	  0.068	 -0.009
[component_container-11] 	 19.400	    GPS	  3.653	 -0.596	  5.026	     --
[component_container-11] 	 19.400	   Baro	     --	     --	  4.750	     --
[component_container-11] 	 19.400	  BBias	     --	     --	 -0.300	     --
[component_container-11] 	 19.400	  Sonar	     --	     --	    inf	     --
[component_container-11] 	 19.400	  Magnt	     --	     --	     --	  0.952
[component_container-11] 
[component_container-11] 	 19.440	   Pose	  3.794	 -0.032	  4.979	  0.951
[component_container-11] 	 19.440	  Twist	  0.443	  0.336	 -0.091	 -0.270
[component_container-11] 	 19.440	ErrPose	 -0.004	 -0.742	  0.027	 -0.014
[component_container-11] 	 19.440	ErrTwis	 -1.234	 -0.283	  0.081	 -0.009
[component_container-11] 	 19.440	    GPS	  3.653	 -0.596	  5.026	     --
[component_container-11] 	 19.440	   Baro	     --	     --	  4.557	     --
[component_container-11] 	 19.440	  BBias	     --	     --	 -0.300	     --
[component_container-11] 	 19.440	  Sonar	     --	     --	    inf	     --
[component_container-11] 	 19.440	  Magnt	     --	     --	     --	  0.935
[component_container-11] 
[component_container-11] 	 19.470	   Pose	  3.807	 -0.022	  4.975	  0.942
[component_container-11] 	 19.470	  Twist	  0.444	  0.340	 -0.093	 -0.277
[component_container-11] 	 19.470	ErrPose	 -0.028	 -0.764	  0.030	 -0.011
[component_container-11] 	 19.470	ErrTwis	 -1.244	 -0.285	  0.084	 -0.002
[component_container-11] 	 19.470	    GPS	  3.653	 -0.596	  5.026	     --
[component_container-11] 	 19.470	   Baro	     --	     --	  4.662	     --
[component_container-11] 	 19.470	  BBias	     --	     --	 -0.300	     --
[component_container-11] 	 19.470	  Sonar	     --	     --	    inf	     --
[component_container-11] 	 19.470	  Magnt	     --	     --	     --	  0.931
[component_container-11] 
[component_container-11] 	 19.500	   Pose	  3.821	 -0.012	  4.972	  0.934
[component_container-11] 	 19.500	  Twist	  0.446	  0.345	 -0.094	 -0.279
[component_container-11] 	 19.500	ErrPose	 -0.063	 -0.799	  0.030	 -0.014
[component_container-11] 	 19.500	ErrTwis	 -1.264	 -0.285	  0.085	 -0.000
[component_container-11] 	 19.500	    GPS	  3.653	 -0.596	  5.026	     --
[component_container-11] 	 19.500	   Baro	     --	     --	  4.662	     --
[component_container-11] 	 19.500	  BBias	     --	     --	 -0.300	     --
[component_container-11] 	 19.500	  Sonar	     --	     --	    inf	     --
[component_container-11] 	 19.500	  Magnt	     --	     --	     --	  0.931
[component_container-11] 
[component_container-11] 	 19.540	   Pose	  3.736	 -0.296	  4.978	  0.922
[component_container-11] 	 19.540	  Twist	  0.413	  0.250	 -0.085	 -0.266
[component_container-11] 	 19.540	ErrPose	 -0.002	 -0.540	  0.022	 -0.013
[component_container-11] 	 19.540	ErrTwis	 -1.248	 -0.187	  0.075	 -0.013
[component_container-11] 	 19.540	    GPS	  3.474	 -1.023	  5.001	     --
[component_container-11] 	 19.540	   Baro	     --	     --	  4.734	     --
[component_container-11] 	 19.540	  BBias	     --	     --	 -0.301	     --
[component_container-11] 	 19.540	  Sonar	     --	     --	    inf	     --
[component_container-11] 	 19.540	  Magnt	     --	     --	     --	  0.895
[component_container-11] 
[component_container-11] 	 19.570	   Pose	  3.749	 -0.289	  4.972	  0.914
[component_container-11] 	 19.570	  Twist	  0.415	  0.255	 -0.088	 -0.270
[component_container-11] 	 19.570	ErrPose	 -0.026	 -0.560	  0.027	 -0.010
[component_container-11] 	 19.570	ErrTwis	 -1.259	 -0.191	  0.079	 -0.009
[component_container-11] 	 19.570	    GPS	  3.474	 -1.023	  5.001	     --
[component_container-11] 	 19.570	   Baro	     --	     --	  4.636	     --
[component_container-11] 	 19.570	  BBias	     --	     --	 -0.301	     --
[component_container-11] 	 19.570	  Sonar	     --	     --	    inf	     --
[component_container-11] 	 19.570	  Magnt	     --	     --	     --	  0.900
[component_container-11] 
[component_container-11] 	 19.600	   Pose	  3.761	 -0.281	  4.969	  0.905
[component_container-11] 	 19.600	  Twist	  0.418	  0.260	 -0.089	 -0.268
[component_container-11] 	 19.600	ErrPose	 -0.062	 -0.594	  0.027	 -0.013
[component_container-11] 	 19.600	ErrTwis	 -1.277	 -0.194	  0.081	 -0.011
[component_container-11] 	 19.600	    GPS	  3.474	 -1.023	  5.001	     --
[component_container-11] 	 19.600	   Baro	     --	     --	  4.636	     --
[component_container-11] 	 19.600	  BBias	     --	     --	 -0.301	     --
[component_container-11] 	 19.600	  Sonar	     --	     --	    inf	     --
[component_container-11] 	 19.600	  Magnt	     --	     --	     --	  0.900
[component_container-11] 
[component_container-11] 	 19.640	   Pose	  3.778	 -0.271	  4.981	  0.894
[component_container-11] 	 19.640	  Twist	  0.420	  0.267	 -0.074	 -0.268
[component_container-11] 	 19.640	ErrPose	 -0.103	 -0.630	  0.014	 -0.013
[component_container-11] 	 19.640	ErrTwis	 -1.296	 -0.200	  0.067	 -0.010
[component_container-11] 	 19.640	    GPS	  3.474	 -1.023	  5.001	     --
[component_container-11] 	 19.640	   Baro	     --	     --	  4.852	     --
[component_container-11] 	 19.640	  BBias	     --	     --	 -0.300	     --
[component_container-11] 	 19.640	  Sonar	     --	     --	    inf	     --
[component_container-11] 	 19.640	  Magnt	     --	     --	     --	  0.905
[component_container-11] 
[component_container-11] 	 19.670	   Pose	  3.791	 -0.262	  4.979	  0.885
[component_container-11] 	 19.670	  Twist	  0.423	  0.271	 -0.073	 -0.273
[component_container-11] 	 19.670	ErrPose	 -0.128	 -0.651	  0.014	 -0.009
[component_container-11] 	 19.670	ErrTwis	 -1.305	 -0.204	  0.067	 -0.006
[component_container-11] 	 19.670	    GPS	  3.474	 -1.023	  5.001	     --
[component_container-11] 	 19.670	   Baro	     --	     --	  4.686	     --
[component_container-11] 	 19.670	  BBias	     --	     --	 -0.300	     --
[component_container-11] 	 19.670	  Sonar	     --	     --	    inf	     --
[component_container-11] 	 19.670	  Magnt	     --	     --	     --	  0.846
[component_container-11] 
[component_container-11] 	 19.700	   Pose	  3.804	 -0.254	  4.977	  0.877
[component_container-11] 	 19.700	  Twist	  0.425	  0.276	 -0.074	 -0.283
[component_container-11] 	 19.700	ErrPose	 -0.167	 -0.685	  0.015	 -0.012
[component_container-11] 	 19.700	ErrTwis	 -1.323	 -0.208	  0.068	  0.005
[component_container-11] 	 19.700	    GPS	  3.474	 -1.023	  5.001	     --
[component_container-11] 	 19.700	   Baro	     --	     --	  4.686	     --
[component_container-11] 	 19.700	  BBias	     --	     --	 -0.300	     --
[component_container-11] 	 19.700	  Sonar	     --	     --	    inf	     --
[component_container-11] 	 19.700	  Magnt	     --	     --	     --	  0.846
[component_container-11] 
[component_container-11] 	 19.740	   Pose	  3.821	 -0.243	  4.976	  0.866
[component_container-11] 	 19.740	  Twist	  0.429	  0.282	 -0.072	 -0.262
[component_container-11] 	 19.740	ErrPose	 -0.210	 -0.722	  0.014	 -0.013
[component_container-11] 	 19.740	ErrTwis	 -1.340	 -0.214	  0.067	 -0.017
[component_container-11] 	 19.740	    GPS	  3.474	 -1.023	  5.001	     --
[component_container-11] 	 19.740	   Baro	     --	     --	  4.696	     --
[component_container-11] 	 19.740	  BBias	     --	     --	 -0.300	     --
[component_container-11] 	 19.740	  Sonar	     --	     --	    inf	     --
[component_container-11] 	 19.740	  Magnt	     --	     --	     --	  0.859
[component_container-11] 
[component_container-11] 	 19.770	   Pose	  3.834	 -0.235	  4.964	  0.858
[component_container-11] 	 19.770	  Twist	  0.432	  0.287	 -0.083	 -0.270
[component_container-11] 	 19.770	ErrPose	 -0.236	 -0.744	  0.025	 -0.010
[component_container-11] 	 19.770	ErrTwis	 -1.349	 -0.217	  0.078	 -0.008
[component_container-11] 	 19.770	    GPS	  3.474	 -1.023	  5.001	     --
[component_container-11] 	 19.770	   Baro	     --	     --	  4.564	     --
[component_container-11] 	 19.770	  BBias	     --	     --	 -0.301	     --
[component_container-11] 	 19.770	  Sonar	     --	     --	    inf	     --
[component_container-11] 	 19.770	  Magnt	     --	     --	     --	  0.850
[component_container-11] 
[component_container-11] 	 19.800	   Pose	  3.847	 -0.226	  4.962	  0.849
[component_container-11] 	 19.800	  Twist	  0.435	  0.291	 -0.084	 -0.273
[component_container-11] 	 19.800	ErrPose	 -0.276	 -0.778	  0.025	 -0.013
[component_container-11] 	 19.800	ErrTwis	 -1.364	 -0.219	  0.080	 -0.005
[component_container-11] 	 19.800	    GPS	  3.474	 -1.023	  5.001	     --
[component_container-11] 	 19.800	   Baro	     --	     --	  4.564	     --
[component_container-11] 	 19.800	  BBias	     --	     --	 -0.301	     --
[component_container-11] 	 19.800	  Sonar	     --	     --	    inf	     --
[component_container-11] 	 19.800	  Magnt	     --	     --	     --	  0.850
[component_container-11] 
[component_container-11] 	 19.840	   Pose	  3.864	 -0.214	  4.965	  0.838
[component_container-11] 	 19.840	  Twist	  0.437	  0.297	 -0.077	 -0.292
[component_container-11] 	 19.840	ErrPose	 -0.322	 -0.816	  0.020	 -0.013
[component_container-11] 	 19.840	ErrTwis	 -1.379	 -0.222	  0.074	  0.014
[component_container-11] 	 19.840	    GPS	  3.474	 -1.023	  5.001	     --
[component_container-11] 	 19.840	   Baro	     --	     --	  4.736	     --
[component_container-11] 	 19.840	  BBias	     --	     --	 -0.300	     --
[component_container-11] 	 19.840	  Sonar	     --	     --	    inf	     --
[component_container-11] 	 19.840	  Magnt	     --	     --	     --	  0.842
[component_container-11] 
[component_container-11] 	 19.870	   Pose	  3.877	 -0.205	  4.967	  0.831
[component_container-11] 	 19.870	  Twist	  0.440	  0.302	 -0.073	 -0.270
[component_container-11] 	 19.870	ErrPose	 -0.349	 -0.838	  0.018	 -0.011
[component_container-11] 	 19.870	ErrTwis	 -1.387	 -0.225	  0.069	 -0.009
[component_container-11] 	 19.870	    GPS	  3.474	 -1.023	  5.001	     --
[component_container-11] 	 19.870	   Baro	     --	     --	  4.709	     --
[component_container-11] 	 19.870	  BBias	     --	     --	 -0.300	     --
[component_container-11] 	 19.870	  Sonar	     --	     --	    inf	     --
[component_container-11] 	 19.870	  Magnt	     --	     --	     --	  0.866
[component_container-11] 
[component_container-11] 	 19.900	   Pose	  3.890	 -0.196	  4.964	  0.822
[component_container-11] 	 19.900	  Twist	  0.443	  0.307	 -0.072	 -0.268
[component_container-11] 	 19.900	ErrPose	 -0.391	 -0.873	  0.019	 -0.014
[component_container-11] 	 19.900	ErrTwis	 -1.400	 -0.227	  0.070	 -0.011
[component_container-11] 	 19.900	    GPS	  3.474	 -1.023	  5.001	     --
[component_container-11] 	 19.900	   Baro	     --	     --	  4.709	     --
[component_container-11] 	 19.900	  BBias	     --	     --	 -0.300	     --
[component_container-11] 	 19.900	  Sonar	     --	     --	    inf	     --
[component_container-11] 	 19.900	  Magnt	     --	     --	     --	  0.866
[component_container-11] 
[component_container-11] 	 19.940	   Pose	  3.908	 -0.184	  4.963	  0.811
[component_container-11] 	 19.940	  Twist	  0.446	  0.313	 -0.071	 -0.271
[component_container-11] 	 19.940	ErrPose	 -0.439	 -0.911	  0.018	 -0.014
[component_container-11] 	 19.940	ErrTwis	 -1.414	 -0.229	  0.070	 -0.008
[component_container-11] 	 19.940	    GPS	  3.474	 -1.023	  5.001	     --
[component_container-11] 	 19.940	   Baro	     --	     --	  4.680	     --
[component_container-11] 	 19.940	  BBias	     --	     --	 -0.300	     --
[component_container-11] 	 19.940	  Sonar	     --	     --	    inf	     --
[component_container-11] 	 19.940	  Magnt	     --	     --	     --	  0.811
[component_container-11] 
[component_container-11] 	 19.970	   Pose	  3.922	 -0.174	  4.969	  0.802
[component_container-11] 	 19.970	  Twist	  0.450	  0.318	 -0.063	 -0.260
[component_container-11] 	 19.970	ErrPose	 -0.467	 -0.933	  0.012	 -0.010
[component_container-11] 	 19.970	ErrTwis	 -1.422	 -0.232	  0.062	 -0.020
[component_container-11] 	 19.970	    GPS	  3.474	 -1.023	  5.001	     --
[component_container-11] 	 19.970	   Baro	     --	     --	  4.746	     --
[component_container-11] 	 19.970	  BBias	     --	     --	 -0.300	     --
[component_container-11] 	 19.970	  Sonar	     --	     --	    inf	     --
[component_container-11] 	 19.970	  Magnt	     --	     --	     --	  0.747
[component_container-11] 
[component_container-11] [INFO] [1775320699.552977867] [drone.controller]: cmd_vel body=(-0.853, 0.258, 0.031) yaw=-0.300 | odom_received=true | plan_points=9
[component_container-11] 	 20.000	   Pose	  3.935	 -0.165	  4.967	  0.794
[component_container-11] 	 20.000	  Twist	  0.453	  0.323	 -0.063	 -0.263
[component_container-11] 	 20.000	ErrPose	 -0.511	 -0.968	  0.013	 -0.014
[component_container-11] 	 20.000	ErrTwis	 -1.434	 -0.234	  0.063	 -0.017
[component_container-11] 	 20.000	    GPS	  3.474	 -1.023	  5.001	     --
[component_container-11] 	 20.000	   Baro	     --	     --	  4.746	     --
[component_container-11] 	 20.000	  BBias	     --	     --	 -0.300	     --
[component_container-11] 	 20.000	  Sonar	     --	     --	    inf	     --
[component_container-11] 	 20.000	  Magnt	     --	     --	     --	  0.747
[component_container-11] 
[component_container-11] [INFO] [1775320699.553237853] [drone.estimator]: TMP LOG err_xyz=(-0.511, -0.968, 0.013) | z_est=4.967 vz_est=-0.063 bias=-0.300 | gps_z=5.001 sonar=inf baro=4.746
[component_container-11] 	 20.040	   Pose	  3.708	 -0.489	  4.983	  0.783
[component_container-11] 	 20.040	  Twist	  0.374	  0.214	 -0.043	 -0.256
[component_container-11] 	 20.040	ErrPose	 -0.315	 -0.668	 -0.005	 -0.014
[component_container-11] 	 20.040	ErrTwis	 -1.363	 -0.122	  0.045	 -0.023
[component_container-11] 	 20.040	    GPS	  3.111	 -1.302	  4.979	     --
[component_container-11] 	 20.040	   Baro	     --	     --	  4.881	     --
[component_container-11] 	 20.040	  BBias	     --	     --	 -0.300	     --
[component_container-11] 	 20.040	  Sonar	     --	     --	    inf	     --
[component_container-11] 	 20.040	  Magnt	     --	     --	     --	  0.802
[component_container-11] 
[component_container-11] 	 20.070	   Pose	  3.720	 -0.483	  4.979	  0.776
[component_container-11] 	 20.070	  Twist	  0.376	  0.218	 -0.046	 -0.267
[component_container-11] 	 20.070	ErrPose	 -0.342	 -0.687	 -0.002	 -0.013
[component_container-11] 	 20.070	ErrTwis	 -1.369	 -0.125	  0.049	 -0.012
[component_container-11] 	 20.070	    GPS	  3.111	 -1.302	  4.979	     --
[component_container-11] 	 20.070	   Baro	     --	     --	  4.648	     --
[component_container-11] 	 20.070	  BBias	     --	     --	 -0.300	     --
[component_container-11] 	 20.070	  Sonar	     --	     --	    inf	     --
[component_container-11] 	 20.070	  Magnt	     --	     --	     --	  0.801
[component_container-11] 
[component_container-11] 	 20.100	   Pose	  3.731	 -0.476	  4.978	  0.768
[component_container-11] 	 20.100	  Twist	  0.379	  0.224	 -0.046	 -0.278
[component_container-11] 	 20.100	ErrPose	 -0.386	 -0.719	 -0.001	 -0.015
[component_container-11] 	 20.100	ErrTwis	 -1.380	 -0.128	  0.049	 -0.001
[component_container-11] 	 20.100	    GPS	  3.111	 -1.302	  4.979	     --
[component_container-11] 	 20.100	   Baro	     --	     --	  4.648	     --
[component_container-11] 	 20.100	  BBias	     --	     --	 -0.300	     --
[component_container-11] 	 20.100	  Sonar	     --	     --	    inf	     --
[component_container-11] 	 20.100	  Magnt	     --	     --	     --	  0.801
[component_container-11] 
[component_container-11] 	 20.140	   Pose	  3.746	 -0.467	  4.963	  0.756
[component_container-11] 	 20.140	  Twist	  0.383	  0.230	 -0.060	 -0.286
[component_container-11] 	 20.140	ErrPose	 -0.433	 -0.752	  0.012	 -0.015
[component_container-11] 	 20.140	ErrTwis	 -1.390	 -0.132	  0.063	  0.007
[component_container-11] 	 20.140	    GPS	  3.111	 -1.302	  4.979	     --
[component_container-11] 	 20.140	   Baro	     --	     --	  4.523	     --
[component_container-11] 	 20.140	  BBias	     --	     --	 -0.300	     --
[component_container-11] 	 20.140	  Sonar	     --	     --	    inf	     --
[component_container-11] 	 20.140	  Magnt	     --	     --	     --	  0.747
[component_container-11] 
[component_container-11] 	 20.170	   Pose	  3.758	 -0.460	  4.959	  0.747
[component_container-11] 	 20.170	  Twist	  0.386	  0.234	 -0.064	 -0.258
[component_container-11] 	 20.170	ErrPose	 -0.461	 -0.771	  0.016	 -0.012
[component_container-11] 	 20.170	ErrTwis	 -1.397	 -0.136	  0.066	 -0.021
[component_container-11] 	 20.170	    GPS	  3.111	 -1.302	  4.979	     --
[component_container-11] 	 20.170	   Baro	     --	     --	  4.628	     --
[component_container-11] 	 20.170	  BBias	     --	     --	 -0.300	     --
[component_container-11] 	 20.170	  Sonar	     --	     --	    inf	     --
[component_container-11] 	 20.170	  Magnt	     --	     --	     --	  0.719
[component_container-11] 
[component_container-11] 	 20.200	   Pose	  3.769	 -0.453	  4.957	  0.739
[component_container-11] 	 20.200	  Twist	  0.390	  0.238	 -0.064	 -0.281
[component_container-11] 	 20.200	ErrPose	 -0.506	 -0.803	  0.017	 -0.015
[component_container-11] 	 20.200	ErrTwis	 -1.406	 -0.138	  0.065	  0.002
[component_container-11] 	 20.200	    GPS	  3.111	 -1.302	  4.979	     --
[component_container-11] 	 20.200	   Baro	     --	     --	  4.628	     --
[component_container-11] 	 20.200	  BBias	     --	     --	 -0.300	     --
[component_container-11] 	 20.200	  Sonar	     --	     --	    inf	     --
[component_container-11] 	 20.200	  Magnt	     --	     --	     --	  0.719
[component_container-11] 
[component_container-11] 	 20.240	   Pose	  3.785	 -0.443	  4.943	  0.727
[component_container-11] 	 20.240	  Twist	  0.395	  0.244	 -0.075	 -0.270
[component_container-11] 	 20.240	ErrPose	 -0.555	 -0.836	  0.030	 -0.015
[component_container-11] 	 20.240	ErrTwis	 -1.415	 -0.142	  0.075	 -0.008
[component_container-11] 	 20.240	    GPS	  3.111	 -1.302	  4.979	     --
[component_container-11] 	 20.240	   Baro	     --	     --	  4.523	     --
[component_container-11] 	 20.240	  BBias	     --	     --	 -0.301	     --
[component_container-11] 	 20.240	  Sonar	     --	     --	    inf	     --
[component_container-11] 	 20.240	  Magnt	     --	     --	     --	  0.709
[component_container-11] 
[component_container-11] 	 20.270	   Pose	  3.797	 -0.436	  4.939	  0.720
[component_container-11] 	 20.270	  Twist	  0.398	  0.248	 -0.076	 -0.263
[component_container-11] 	 20.270	ErrPose	 -0.584	 -0.855	  0.033	 -0.012
[component_container-11] 	 20.270	ErrTwis	 -1.420	 -0.145	  0.075	 -0.015
[component_container-11] 	 20.270	    GPS	  3.111	 -1.302	  4.979	     --
[component_container-11] 	 20.270	   Baro	     --	     --	  4.625	     --
[component_container-11] 	 20.270	  BBias	     --	     --	 -0.301	     --
[component_container-11] 	 20.270	  Sonar	     --	     --	    inf	     --
[component_container-11] 	 20.270	  Magnt	     --	     --	     --	  0.738
[component_container-11] 
[component_container-11] 	 20.300	   Pose	  3.809	 -0.428	  4.937	  0.711
[component_container-11] 	 20.300	  Twist	  0.402	  0.252	 -0.075	 -0.280
[component_container-11] 	 20.300	ErrPose	 -0.630	 -0.886	  0.035	 -0.015
[component_container-11] 	 20.300	ErrTwis	 -1.426	 -0.147	  0.074	  0.002
[component_container-11] 	 20.300	    GPS	  3.111	 -1.302	  4.979	     --
[component_container-11] 	 20.300	   Baro	     --	     --	  4.625	     --
[component_container-11] 	 20.300	  BBias	     --	     --	 -0.301	     --
[component_container-11] 	 20.300	  Sonar	     --	     --	    inf	     --
[component_container-11] 	 20.300	  Magnt	     --	     --	     --	  0.738
[component_container-11] 
[component_container-11] 	 20.340	   Pose	  3.825	 -0.418	  4.937	  0.700
[component_container-11] 	 20.340	  Twist	  0.407	  0.258	 -0.070	 -0.268
[component_container-11] 	 20.340	ErrPose	 -0.681	 -0.919	  0.034	 -0.015
[component_container-11] 	 20.340	ErrTwis	 -1.432	 -0.150	  0.068	 -0.010
[component_container-11] 	 20.340	    GPS	  3.111	 -1.302	  4.979	     --
[component_container-11] 	 20.340	   Baro	     --	     --	  4.672	     --
[component_container-11] 	 20.340	  BBias	     --	     --	 -0.301	     --
[component_container-11] 	 20.340	  Sonar	     --	     --	    inf	     --
[component_container-11] 	 20.340	  Magnt	     --	     --	     --	  0.688
[component_container-11] 
[component_container-11] 	 20.370	   Pose	  3.837	 -0.410	  4.936	  0.691
[component_container-11] 	 20.370	  Twist	  0.409	  0.263	 -0.067	 -0.269
[component_container-11] 	 20.370	ErrPose	 -0.710	 -0.938	  0.035	 -0.012
[component_container-11] 	 20.370	ErrTwis	 -1.435	 -0.153	  0.067	 -0.009
[component_container-11] 	 20.370	    GPS	  3.111	 -1.302	  4.979	     --
[component_container-11] 	 20.370	   Baro	     --	     --	  4.646	     --
[component_container-11] 	 20.370	  BBias	     --	     --	 -0.301	     --
[component_container-11] 	 20.370	  Sonar	     --	     --	    inf	     --
[component_container-11] 	 20.370	  Magnt	     --	     --	     --	  0.671
[component_container-11] 
[component_container-11] 	 20.400	   Pose	  3.850	 -0.402	  4.934	  0.683
[component_container-11] 	 20.400	  Twist	  0.413	  0.267	 -0.066	 -0.273
[component_container-11] 	 20.400	ErrPose	 -0.758	 -0.967	  0.036	 -0.015
[component_container-11] 	 20.400	ErrTwis	 -1.438	 -0.154	  0.066	 -0.005
[component_container-11] 	 20.400	    GPS	  3.111	 -1.302	  4.979	     --
[component_container-11] 	 20.400	   Baro	     --	     --	  4.646	     --
[component_container-11] 	 20.400	  BBias	     --	     --	 -0.301	     --
[component_container-11] 	 20.400	  Sonar	     --	     --	    inf	     --
[component_container-11] 	 20.400	  Magnt	     --	     --	     --	  0.671
[component_container-11] 
[component_container-11] 	 20.440	   Pose	  3.866	 -0.392	  4.942	  0.672
[component_container-11] 	 20.440	  Twist	  0.417	  0.273	 -0.053	 -0.275
[component_container-11] 	 20.440	ErrPose	 -0.809	 -1.000	  0.028	 -0.015
[component_container-11] 	 20.440	ErrTwis	 -1.441	 -0.158	  0.055	 -0.002
[component_container-11] 	 20.440	    GPS	  3.111	 -1.302	  4.979	     --
[component_container-11] 	 20.440	   Baro	     --	     --	  4.747	     --
[component_container-11] 	 20.440	  BBias	     --	     --	 -0.300	     --
[component_container-11] 	 20.440	  Sonar	     --	     --	    inf	     --
[component_container-11] 	 20.440	  Magnt	     --	     --	     --	  0.644
[component_container-11] 
[component_container-11] 	 20.470	   Pose	  3.879	 -0.383	  4.943	  0.663
[component_container-11] 	 20.470	  Twist	  0.421	  0.277	 -0.048	 -0.286
[component_container-11] 	 20.470	ErrPose	 -0.840	 -1.018	  0.027	 -0.011
[component_container-11] 	 20.470	ErrTwis	 -1.444	 -0.160	  0.051	  0.008
[component_container-11] 	 20.470	    GPS	  3.111	 -1.302	  4.979	     --
[component_container-11] 	 20.470	   Baro	     --	     --	  4.673	     --
[component_container-11] 	 20.470	  BBias	     --	     --	 -0.300	     --
[component_container-11] 	 20.470	  Sonar	     --	     --	    inf	     --
[component_container-11] 	 20.470	  Magnt	     --	     --	     --	  0.640
[component_container-11] 
[component_container-11] 	 20.500	   Pose	  3.892	 -0.375	  4.942	  0.654
[component_container-11] 	 20.500	  Twist	  0.425	  0.281	 -0.047	 -0.295
[component_container-11] 	 20.500	ErrPose	 -0.888	 -1.047	  0.028	 -0.014
[component_container-11] 	 20.500	ErrTwis	 -1.444	 -0.161	  0.052	  0.017
[component_container-11] 	 20.500	    GPS	  3.111	 -1.302	  4.979	     --
[component_container-11] 	 20.500	   Baro	     --	     --	  4.673	     --
[component_container-11] 	 20.500	  BBias	     --	     --	 -0.300	     --
[component_container-11] 	 20.500	  Sonar	     --	     --	    inf	     --
[component_container-11] 	 20.500	  Magnt	     --	     --	     --	  0.640
[component_container-11] 
[component_container-11] 	 20.540	   Pose	  3.547	 -0.708	  4.939	  0.643
[component_container-11] 	 20.540	  Twist	  0.307	  0.169	 -0.047	 -0.278
[component_container-11] 	 20.540	ErrPose	 -0.579	 -0.734	  0.032	 -0.014
[component_container-11] 	 20.540	ErrTwis	 -1.322	 -0.048	  0.053	  0.000
[component_container-11] 	 20.540	    GPS	  2.674	 -1.538	  4.970	     --
[component_container-11] 	 20.540	   Baro	     --	     --	  4.563	     --
[component_container-11] 	 20.540	  BBias	     --	     --	 -0.301	     --
[component_container-11] 	 20.540	  Sonar	     --	     --	    inf	     --
[component_container-11] 	 20.540	  Magnt	     --	     --	     --	  0.637
[component_container-11] 
[component_container-11] 	 20.570	   Pose	  3.556	 -0.703	  4.930	  0.633
[component_container-11] 	 20.570	  Twist	  0.310	  0.173	 -0.053	 -0.271
[component_container-11] 	 20.570	ErrPose	 -0.606	 -0.749	  0.040	 -0.010
[component_container-11] 	 20.570	ErrTwis	 -1.324	 -0.050	  0.060	 -0.007
[component_container-11] 	 20.570	    GPS	  2.674	 -1.538	  4.970	     --
[component_container-11] 	 20.570	   Baro	     --	     --	  4.547	     --
[component_container-11] 	 20.570	  BBias	     --	     --	 -0.301	     --
[component_container-11] 	 20.570	  Sonar	     --	     --	    inf	     --
[component_container-11] 	 20.570	  Magnt	     --	     --	     --	  0.582
[component_container-11] 
[component_container-11] 	 20.600	   Pose	  3.566	 -0.698	  4.929	  0.625
[component_container-11] 	 20.600	  Twist	  0.313	  0.177	 -0.051	 -0.253
[component_container-11] 	 20.600	ErrPose	 -0.651	 -0.773	  0.042	 -0.013
[component_container-11] 	 20.600	ErrTwis	 -1.322	 -0.053	  0.059	 -0.025
[component_container-11] 	 20.600	    GPS	  2.674	 -1.538	  4.970	     --
[component_container-11] 	 20.600	   Baro	     --	     --	  4.547	     --
[component_container-11] 	 20.600	  BBias	     --	     --	 -0.301	     --
[component_container-11] 	 20.600	  Sonar	     --	     --	    inf	     --
[component_container-11] 	 20.600	  Magnt	     --	     --	     --	  0.582
[component_container-11] 
[component_container-11] 	 20.640	   Pose	  3.578	 -0.691	  4.937	  0.614
[component_container-11] 	 20.640	  Twist	  0.318	  0.181	 -0.039	 -0.272
[component_container-11] 	 20.640	ErrPose	 -0.700	 -0.799	  0.035	 -0.014
[component_container-11] 	 20.640	ErrTwis	 -1.321	 -0.057	  0.048	 -0.006
[component_container-11] 	 20.640	    GPS	  2.674	 -1.538	  4.970	     --
[component_container-11] 	 20.640	   Baro	     --	     --	  4.749	     --
[component_container-11] 	 20.640	  BBias	     --	     --	 -0.301	     --
[component_container-11] 	 20.640	  Sonar	     --	     --	    inf	     --
[component_container-11] 	 20.640	  Magnt	     --	     --	     --	  0.640
[component_container-11] 
[component_container-11] 	 20.670	   Pose	  3.588	 -0.685	  4.942	  0.606
[component_container-11] 	 20.670	  Twist	  0.321	  0.185	 -0.029	 -0.261
[component_container-11] 	 20.670	ErrPose	 -0.727	 -0.813	  0.030	 -0.011
[component_container-11] 	 20.670	ErrTwis	 -1.321	 -0.060	  0.039	 -0.017
[component_container-11] 	 20.670	    GPS	  2.674	 -1.538	  4.970	     --
[component_container-11] 	 20.670	   Baro	     --	     --	  4.719	     --
[component_container-11] 	 20.670	  BBias	     --	     --	 -0.301	     --
[component_container-11] 	 20.670	  Sonar	     --	     --	    inf	     --
[component_container-11] 	 20.670	  Magnt	     --	     --	     --	  0.579
[component_container-11] 
[component_container-11] 	 20.700	   Pose	  3.598	 -0.680	  4.941	  0.598
[component_container-11] 	 20.700	  Twist	  0.326	  0.190	 -0.028	 -0.259
[component_container-11] 	 20.700	ErrPose	 -0.772	 -0.837	  0.031	 -0.014
[component_container-11] 	 20.700	ErrTwis	 -1.318	 -0.063	  0.038	 -0.018
[component_container-11] 	 20.700	    GPS	  2.674	 -1.538	  4.970	     --
[component_container-11] 	 20.700	   Baro	     --	     --	  4.719	     --
[component_container-11] 	 20.700	  BBias	     --	     --	 -0.301	     --
[component_container-11] 	 20.700	  Sonar	     --	     --	    inf	     --
[component_container-11] 	 20.700	  Magnt	     --	     --	     --	  0.579
[component_container-11] 
[component_container-11] 	 20.740	   Pose	  3.611	 -0.672	  4.954	  0.587
[component_container-11] 	 20.740	  Twist	  0.330	  0.195	 -0.012	 -0.282
[component_container-11] 	 20.740	ErrPose	 -0.821	 -0.861	  0.020	 -0.014
[component_container-11] 	 20.740	ErrTwis	 -1.313	 -0.067	  0.023	  0.006
[component_container-11] 	 20.740	    GPS	  2.674	 -1.538	  4.970	     --
[component_container-11] 	 20.740	   Baro	     --	     --	  4.797	     --
[component_container-11] 	 20.740	  BBias	     --	     --	 -0.301	     --
[component_container-11] 	 20.740	  Sonar	     --	     --	    inf	     --
[component_container-11] 	 20.740	  Magnt	     --	     --	     --	  0.595
[component_container-11] 
[component_container-11] 	 20.770	   Pose	  3.621	 -0.666	  4.959	  0.578
[component_container-11] 	 20.770	  Twist	  0.334	  0.199	 -0.005	 -0.278
[component_container-11] 	 20.770	ErrPose	 -0.849	 -0.875	  0.015	 -0.010
[component_container-11] 	 20.770	ErrTwis	 -1.312	 -0.070	  0.016	  0.001
[component_container-11] 	 20.770	    GPS	  2.674	 -1.538	  4.970	     --
[component_container-11] 	 20.770	   Baro	     --	     --	  4.722	     --
[component_container-11] 	 20.770	  BBias	     --	     --	 -0.300	     --
[component_container-11] 	 20.770	  Sonar	     --	     --	    inf	     --
[component_container-11] 	 20.770	  Magnt	     --	     --	     --	  0.552
[component_container-11] 
[component_container-11] 	 20.800	   Pose	  3.631	 -0.660	  4.959	  0.569
[component_container-11] 	 20.800	  Twist	  0.338	  0.203	 -0.003	 -0.281
[component_container-11] 	 20.800	ErrPose	 -0.894	 -0.897	  0.016	 -0.013
[component_container-11] 	 20.800	ErrTwis	 -1.305	 -0.071	  0.017	  0.004
[component_container-11] 	 20.800	    GPS	  2.674	 -1.538	  4.970	     --
[component_container-11] 	 20.800	   Baro	     --	     --	  4.722	     --
[component_container-11] 	 20.800	  BBias	     --	     --	 -0.300	     --
[component_container-11] 	 20.800	  Sonar	     --	     --	    inf	     --
[component_container-11] 	 20.800	  Magnt	     --	     --	     --	  0.552
[component_container-11] 
[component_container-11] 	 20.840	   Pose	  3.644	 -0.652	  4.964	  0.558
[component_container-11] 	 20.840	  Twist	  0.343	  0.208	  0.002	 -0.272
[component_container-11] 	 20.840	ErrPose	 -0.943	 -0.920	  0.013	 -0.013
[component_container-11] 	 20.840	ErrTwis	 -1.298	 -0.071	  0.012	 -0.005
[component_container-11] 	 20.840	    GPS	  2.674	 -1.538	  4.970	     --
[component_container-11] 	 20.840	   Baro	     --	     --	  4.714	     --
[component_container-11] 	 20.840	  BBias	     --	     --	 -0.300	     --
[component_container-11] 	 20.840	  Sonar	     --	     --	    inf	     --
[component_container-11] 	 20.840	  Magnt	     --	     --	     --	  0.535
[component_container-11] 
[component_container-11] 	 20.870	   Pose	  3.655	 -0.646	  4.966	  0.549
[component_container-11] 	 20.870	  Twist	  0.348	  0.211	  0.005	 -0.265
[component_container-11] 	 20.870	ErrPose	 -0.971	 -0.934	  0.011	 -0.010
[component_container-11] 	 20.870	ErrTwis	 -1.297	 -0.073	  0.009	 -0.013
[component_container-11] 	 20.870	    GPS	  2.674	 -1.538	  4.970	     --
[component_container-11] 	 20.870	   Baro	     --	     --	  4.689	     --
[component_container-11] 	 20.870	  BBias	     --	     --	 -0.300	     --
[component_container-11] 	 20.870	  Sonar	     --	     --	    inf	     --
[component_container-11] 	 20.870	  Magnt	     --	     --	     --	  0.528
[component_container-11] 
[component_container-11] 	 20.900	   Pose	  3.665	 -0.639	  4.966	  0.541
[component_container-11] 	 20.900	  Twist	  0.351	  0.215	  0.006	 -0.260
[component_container-11] 	 20.900	ErrPose	 -1.016	 -0.954	  0.013	 -0.013
[component_container-11] 	 20.900	ErrTwis	 -1.287	 -0.073	  0.008	 -0.017
[component_container-11] 	 20.900	    GPS	  2.674	 -1.538	  4.970	     --
[component_container-11] 	 20.900	   Baro	     --	     --	  4.689	     --
[component_container-11] 	 20.900	  BBias	     --	     --	 -0.300	     --
[component_container-11] 	 20.900	  Sonar	     --	     --	    inf	     --
[component_container-11] 	 20.900	  Magnt	     --	     --	     --	  0.528
[component_container-11] 
[component_container-11] 	 20.940	   Pose	  3.679	 -0.631	  4.960	  0.529
[component_container-11] 	 20.940	  Twist	  0.356	  0.220	 -0.001	 -0.263
[component_container-11] 	 20.940	ErrPose	 -1.065	 -0.976	  0.020	 -0.013
[component_container-11] 	 20.940	ErrTwis	 -1.278	 -0.074	  0.016	 -0.015
[component_container-11] 	 20.940	    GPS	  2.674	 -1.538	  4.970	     --
[component_container-11] 	 20.940	   Baro	     --	     --	  4.595	     --
[component_container-11] 	 20.940	  BBias	     --	     --	 -0.300	     --
[component_container-11] 	 20.940	  Sonar	     --	     --	    inf	     --
[component_container-11] 	 20.940	  Magnt	     --	     --	     --	  0.535
[component_container-11] 
[component_container-11] 	 20.970	   Pose	  3.690	 -0.624	  4.950	  0.521
[component_container-11] 	 20.970	  Twist	  0.361	  0.223	 -0.013	 -0.262
[component_container-11] 	 20.970	ErrPose	 -1.093	 -0.988	  0.031	 -0.010
[component_container-11] 	 20.970	ErrTwis	 -1.276	 -0.074	  0.027	 -0.015
[component_container-11] 	 20.970	    GPS	  2.674	 -1.538	  4.970	     --
[component_container-11] 	 20.970	   Baro	     --	     --	  4.543	     --
[component_container-11] 	 20.970	  BBias	     --	     --	 -0.301	     --
[component_container-11] 	 20.970	  Sonar	     --	     --	    inf	     --
[component_container-11] 	 20.970	  Magnt	     --	     --	     --	  0.516
[component_container-11] 
[component_container-11] [INFO] [1775320700.560214022] [drone.controller]: cmd_vel body=(-0.287, 0.298, 0.050) yaw=-0.300 | odom_received=true | plan_points=4
[component_container-11] 	 21.000	   Pose	  3.701	 -0.617	  4.949	  0.513
[component_container-11] 	 21.000	  Twist	  0.364	  0.227	 -0.013	 -0.267
[component_container-11] 	 21.000	ErrPose	 -1.138	 -1.007	  0.033	 -0.013
[component_container-11] 	 21.000	ErrTwis	 -1.264	 -0.074	  0.027	 -0.011
[component_container-11] 	 21.000	    GPS	  2.674	 -1.538	  4.970	     --
[component_container-11] 	 21.000	   Baro	     --	     --	  4.543	     --
[component_container-11] 	 21.000	  BBias	     --	     --	 -0.301	     --
[component_container-11] 	 21.000	  Sonar	     --	     --	    inf	     --
[component_container-11] 	 21.000	  Magnt	     --	     --	     --	  0.516
[component_container-11] 
[component_container-11] [INFO] [1775320700.560762355] [drone.estimator]: TMP LOG err_xyz=(-1.138, -1.007, 0.033) | z_est=4.949 vz_est=-0.013 bias=-0.301 | gps_z=4.970 sonar=inf baro=4.543
[component_container-11] 	 21.040	   Pose	  3.340	 -0.947	  4.955	  0.503
[component_container-11] 	 21.040	  Twist	  0.242	  0.115	 -0.007	 -0.255
[component_container-11] 	 21.040	ErrPose	 -0.810	 -0.687	  0.029	 -0.014
[component_container-11] 	 21.040	ErrTwis	 -1.125	  0.042	  0.021	 -0.023
[component_container-11] 	 21.040	    GPS	  2.434	 -1.763	  4.983	     --
[component_container-11] 	 21.040	   Baro	     --	     --	  4.654	     --
[component_container-11] 	 21.040	  BBias	     --	     --	 -0.301	     --
[component_container-11] 	 21.040	  Sonar	     --	     --	    inf	     --
[component_container-11] 	 21.040	  Magnt	     --	     --	     --	  0.525
[component_container-11] 
[component_container-11] 	 21.070	   Pose	  3.347	 -0.944	  4.963	  0.493
[component_container-11] 	 21.070	  Twist	  0.246	  0.119	  0.003	 -0.280
[component_container-11] 	 21.070	ErrPose	 -0.834	 -0.696	  0.021	 -0.009
[component_container-11] 	 21.070	ErrTwis	 -1.121	  0.040	  0.012	  0.002
[component_container-11] 	 21.070	    GPS	  2.434	 -1.763	  4.983	     --
[component_container-11] 	 21.070	   Baro	     --	     --	  4.768	     --
[component_container-11] 	 21.070	  BBias	     --	     --	 -0.301	     --
[component_container-11] 	 21.070	  Sonar	     --	     --	    inf	     --
[component_container-11] 	 21.070	  Magnt	     --	     --	     --	  0.425
[component_container-11] 
[component_container-11] 	 21.100	   Pose	  3.355	 -0.940	  4.963	  0.484
[component_container-11] 	 21.100	  Twist	  0.250	  0.122	  0.003	 -0.279
[component_container-11] 	 21.100	ErrPose	 -0.875	 -0.709	  0.023	 -0.012
[component_container-11] 	 21.100	ErrTwis	 -1.108	  0.041	  0.012	  0.001
[component_container-11] 	 21.100	    GPS	  2.434	 -1.763	  4.983	     --
[component_container-11] 	 21.100	   Baro	     --	     --	  4.768	     --
[component_container-11] 	 21.100	  BBias	     --	     --	 -0.301	     --
[component_container-11] 	 21.100	  Sonar	     --	     --	    inf	     --
[component_container-11] 	 21.100	  Magnt	     --	     --	     --	  0.425
[component_container-11] 
[component_container-11] 	 21.140	   Pose	  3.365	 -0.935	  4.957	  0.473
[component_container-11] 	 21.140	  Twist	  0.254	  0.126	 -0.004	 -0.284
[component_container-11] 	 21.140	ErrPose	 -0.918	 -0.723	  0.032	 -0.012
[component_container-11] 	 21.140	ErrTwis	 -1.096	  0.040	  0.019	  0.006
[component_container-11] 	 21.140	    GPS	  2.434	 -1.763	  4.983	     --
[component_container-11] 	 21.140	   Baro	     --	     --	  4.577	     --
[component_container-11] 	 21.140	  BBias	     --	     --	 -0.301	     --
[component_container-11] 	 21.140	  Sonar	     --	     --	    inf	     --
[component_container-11] 	 21.140	  Magnt	     --	     --	     --	  0.454
[component_container-11] 
[component_container-11] 	 21.170	   Pose	  3.373	 -0.931	  4.959	  0.464
[component_container-11] 	 21.170	  Twist	  0.258	  0.130	 -0.002	 -0.259
[component_container-11] 	 21.170	ErrPose	 -0.941	 -0.731	  0.030	 -0.009
[component_container-11] 	 21.170	ErrTwis	 -1.090	  0.038	  0.017	 -0.018
[component_container-11] 	 21.170	    GPS	  2.434	 -1.763	  4.983	     --
[component_container-11] 	 21.170	   Baro	     --	     --	  4.689	     --
[component_container-11] 	 21.170	  BBias	     --	     --	 -0.301	     --
[component_container-11] 	 21.170	  Sonar	     --	     --	    inf	     --
[component_container-11] 	 21.170	  Magnt	     --	     --	     --	  0.423
[component_container-11] 
[component_container-11] 	 21.200	   Pose	  3.380	 -0.927	  4.959	  0.456
[component_container-11] 	 21.200	  Twist	  0.262	  0.132	 -0.002	 -0.273
[component_container-11] 	 21.200	ErrPose	 -0.981	 -0.742	  0.032	 -0.012
[component_container-11] 	 21.200	ErrTwis	 -1.075	  0.040	  0.017	 -0.005
[component_container-11] 	 21.200	    GPS	  2.434	 -1.763	  4.983	     --
[component_container-11] 	 21.200	   Baro	     --	     --	  4.689	     --
[component_container-11] 	 21.200	  BBias	     --	     --	 -0.301	     --
[component_container-11] 	 21.200	  Sonar	     --	     --	    inf	     --
[component_container-11] 	 21.200	  Magnt	     --	     --	     --	  0.423
[component_container-11] 
[component_container-11] 	 21.240	   Pose	  3.391	 -0.922	  4.969	  0.444
[component_container-11] 	 21.240	  Twist	  0.266	  0.135	  0.008	 -0.282
[component_container-11] 	 21.240	ErrPose	 -1.023	 -0.754	  0.024	 -0.011
[component_container-11] 	 21.240	ErrTwis	 -1.060	  0.042	  0.009	  0.004
[component_container-11] 	 21.240	    GPS	  2.434	 -1.763	  4.983	     --
[component_container-11] 	 21.240	   Baro	     --	     --	  4.777	     --
[component_container-11] 	 21.240	  BBias	     --	     --	 -0.301	     --
[component_container-11] 	 21.240	  Sonar	     --	     --	    inf	     --
[component_container-11] 	 21.240	  Magnt	     --	     --	     --	  0.423
[component_container-11] 
[component_container-11] 	 21.270	   Pose	  3.399	 -0.918	  4.963	  0.434
[component_container-11] 	 21.270	  Twist	  0.270	  0.137	 -0.000	 -0.267
[component_container-11] 	 21.270	ErrPose	 -1.046	 -0.761	  0.031	 -0.007
[component_container-11] 	 21.270	ErrTwis	 -1.053	  0.043	  0.017	 -0.011
[component_container-11] 	 21.270	    GPS	  2.434	 -1.763	  4.983	     --
[component_container-11] 	 21.270	   Baro	     --	     --	  4.591	     --
[component_container-11] 	 21.270	  BBias	     --	     --	 -0.301	     --
[component_container-11] 	 21.270	  Sonar	     --	     --	    inf	     --
[component_container-11] 	 21.270	  Magnt	     --	     --	     --	  0.377
[component_container-11] 
[component_container-11] 	 21.300	   Pose	  3.407	 -0.914	  4.963	  0.426
[component_container-11] 	 21.300	  Twist	  0.273	  0.139	 -0.000	 -0.268
[component_container-11] 	 21.300	ErrPose	 -1.085	 -0.770	  0.033	 -0.010
[component_container-11] 	 21.300	ErrTwis	 -1.035	  0.049	  0.018	 -0.010
[component_container-11] 	 21.300	    GPS	  2.434	 -1.763	  4.983	     --
[component_container-11] 	 21.300	   Baro	     --	     --	  4.591	     --
[component_container-11] 	 21.300	  BBias	     --	     --	 -0.301	     --
[component_container-11] 	 21.300	  Sonar	     --	     --	    inf	     --
[component_container-11] 	 21.300	  Magnt	     --	     --	     --	  0.377
[component_container-11] 
[component_container-11] 	 21.340	   Pose	  3.418	 -0.908	  4.958	  0.414
[component_container-11] 	 21.340	  Twist	  0.278	  0.142	 -0.007	 -0.266
[component_container-11] 	 21.340	ErrPose	 -1.126	 -0.780	  0.039	 -0.010
[component_container-11] 	 21.340	ErrTwis	 -1.018	  0.055	  0.025	 -0.012
[component_container-11] 	 21.340	    GPS	  2.434	 -1.763	  4.983	     --
[component_container-11] 	 21.340	   Baro	     --	     --	  4.610	     --
[component_container-11] 	 21.340	  BBias	     --	     --	 -0.301	     --
[component_container-11] 	 21.340	  Sonar	     --	     --	    inf	     --
[component_container-11] 	 21.340	  Magnt	     --	     --	     --	  0.395
[component_container-11] 
[component_container-11] 	 21.370	   Pose	  3.426	 -0.904	  4.967	  0.406
[component_container-11] 	 21.370	  Twist	  0.281	  0.144	  0.001	 -0.274
[component_container-11] 	 21.370	ErrPose	 -1.149	 -0.786	  0.032	 -0.007
[component_container-11] 	 21.370	ErrTwis	 -1.010	  0.059	  0.017	 -0.004
[component_container-11] 	 21.370	    GPS	  2.434	 -1.763	  4.983	     --
[component_container-11] 	 21.370	   Baro	     --	     --	  4.756	     --
[component_container-11] 	 21.370	  BBias	     --	     --	 -0.301	     --
[component_container-11] 	 21.370	  Sonar	     --	     --	    inf	     --
[component_container-11] 	 21.370	  Magnt	     --	     --	     --	  0.391
[component_container-11] 
[component_container-11] 	 21.400	   Pose	  3.435	 -0.900	  4.967	  0.397
[component_container-11] 	 21.400	  Twist	  0.284	  0.146	  0.000	 -0.270
[component_container-11] 	 21.400	ErrPose	 -1.186	 -0.792	  0.034	 -0.010
[component_container-11] 	 21.400	ErrTwis	 -0.990	  0.069	  0.019	 -0.009
[component_container-11] 	 21.400	    GPS	  2.434	 -1.763	  4.983	     --
[component_container-11] 	 21.400	   Baro	     --	     --	  4.756	     --
[component_container-11] 	 21.400	  BBias	     --	     --	 -0.301	     --
[component_container-11] 	 21.400	  Sonar	     --	     --	    inf	     --
[component_container-11] 	 21.400	  Magnt	     --	     --	     --	  0.391
[component_container-11] 
[component_container-11] 	 21.440	   Pose	  3.446	 -0.894	  4.971	  0.386
[component_container-11] 	 21.440	  Twist	  0.288	  0.149	  0.004	 -0.284
[component_container-11] 	 21.440	ErrPose	 -1.226	 -0.799	  0.031	 -0.010
[component_container-11] 	 21.440	ErrTwis	 -0.971	  0.079	  0.015	  0.005
[component_container-11] 	 21.440	    GPS	  2.434	 -1.763	  4.983	     --
[component_container-11] 	 21.440	   Baro	     --	     --	  4.712	     --
[component_container-11] 	 21.440	  BBias	     --	     --	 -0.301	     --
[component_container-11] 	 21.440	  Sonar	     --	     --	    inf	     --
[component_container-11] 	 21.440	  Magnt	     --	     --	     --	  0.386
[component_container-11] 
[component_container-11] 	 21.470	   Pose	  3.455	 -0.889	  4.970	  0.378
[component_container-11] 	 21.470	  Twist	  0.291	  0.152	  0.003	 -0.265
[component_container-11] 	 21.470	ErrPose	 -1.248	 -0.804	  0.033	 -0.007
[component_container-11] 	 21.470	ErrTwis	 -0.962	  0.083	  0.017	 -0.014
[component_container-11] 	 21.470	    GPS	  2.434	 -1.763	  4.983	     --
[component_container-11] 	 21.470	   Baro	     --	     --	  4.664	     --
[component_container-11] 	 21.470	  BBias	     --	     --	 -0.301	     --
[component_container-11] 	 21.470	  Sonar	     --	     --	    inf	     --
[component_container-11] 	 21.470	  Magnt	     --	     --	     --	  0.366
[component_container-11] 
[component_container-11] 	 21.500	   Pose	  3.464	 -0.885	  4.970	  0.369
[component_container-11] 	 21.500	  Twist	  0.295	  0.153	  0.001	 -0.265
[component_container-11] 	 21.500	ErrPose	 -1.284	 -0.807	  0.034	 -0.010
[component_container-11] 	 21.500	ErrTwis	 -0.941	  0.096	  0.018	 -0.014
[component_container-11] 	 21.500	    GPS	  2.434	 -1.763	  4.983	     --
[component_container-11] 	 21.500	   Baro	     --	     --	  4.664	     --
[component_container-11] 	 21.500	  BBias	     --	     --	 -0.301	     --
[component_container-11] 	 21.500	  Sonar	     --	     --	    inf	     --
[component_container-11] 	 21.500	  Magnt	     --	     --	     --	  0.366
[component_container-11] 
[component_container-11] 	 21.540	   Pose	  2.984	 -1.126	  4.973	  0.358
[component_container-11] 	 21.540	  Twist	  0.133	  0.072	  0.002	 -0.272
[component_container-11] 	 21.540	ErrPose	 -0.830	 -0.564	  0.033	 -0.010
[component_container-11] 	 21.540	ErrTwis	 -0.755	  0.191	  0.018	 -0.006
[component_container-11] 	 21.540	    GPS	  1.801	 -1.721	  5.005	     --
[component_container-11] 	 21.540	   Baro	     --	     --	  4.638	     --
[component_container-11] 	 21.540	  BBias	     --	     --	 -0.301	     --
[component_container-11] 	 21.540	  Sonar	     --	     --	    inf	     --
[component_container-11] 	 21.540	  Magnt	     --	     --	     --	  0.353
[component_container-11] 
[component_container-11] 	 21.570	   Pose	  2.988	 -1.124	  4.965	  0.349
[component_container-11] 	 21.570	  Twist	  0.136	  0.074	 -0.009	 -0.285
[component_container-11] 	 21.570	ErrPose	 -0.847	 -0.565	  0.042	 -0.007
[component_container-11] 	 21.570	ErrTwis	 -0.746	  0.195	  0.029	  0.006
[component_container-11] 	 21.570	    GPS	  1.801	 -1.721	  5.005	     --
[component_container-11] 	 21.570	   Baro	     --	     --	  4.558	     --
[component_container-11] 	 21.570	  BBias	     --	     --	 -0.301	     --
[component_container-11] 	 21.570	  Sonar	     --	     --	    inf	     --
[component_container-11] 	 21.570	  Magnt	     --	     --	     --	  0.339
[component_container-11] 
[component_container-11] 	 21.600	   Pose	  2.992	 -1.121	  4.964	  0.341
[component_container-11] 	 21.600	  Twist	  0.139	  0.075	 -0.011	 -0.274
[component_container-11] 	 21.600	ErrPose	 -0.876	 -0.564	  0.044	 -0.010
[component_container-11] 	 21.600	ErrTwis	 -0.724	  0.208	  0.029	 -0.004
[component_container-11] 	 21.600	    GPS	  1.801	 -1.721	  5.005	     --
[component_container-11] 	 21.600	   Baro	     --	     --	  4.558	     --
[component_container-11] 	 21.600	  BBias	     --	     --	 -0.301	     --
[component_container-11] 	 21.600	  Sonar	     --	     --	    inf	     --
[component_container-11] 	 21.600	  Magnt	     --	     --	     --	  0.339
[component_container-11] 
[component_container-11] 	 21.640	   Pose	  2.998	 -1.118	  4.966	  0.330
[component_container-11] 	 21.640	  Twist	  0.144	  0.078	 -0.010	 -0.271
[component_container-11] 	 21.640	ErrPose	 -0.906	 -0.562	  0.044	 -0.010
[component_container-11] 	 21.640	ErrTwis	 -0.704	  0.218	  0.028	 -0.007
[component_container-11] 	 21.640	    GPS	  1.801	 -1.721	  5.005	     --
[component_container-11] 	 21.640	   Baro	     --	     --	  4.695	     --
[component_container-11] 	 21.640	  BBias	     --	     --	 -0.301	     --
[component_container-11] 	 21.640	  Sonar	     --	     --	    inf	     --
[component_container-11] 	 21.640	  Magnt	     --	     --	     --	  0.311
[component_container-11] 
[component_container-11] 	 21.670	   Pose	  3.002	 -1.116	  4.969	  0.322
[component_container-11] 	 21.670	  Twist	  0.147	  0.079	 -0.009	 -0.271
[component_container-11] 	 21.670	ErrPose	 -0.923	 -0.561	  0.042	 -0.008
[component_container-11] 	 21.670	ErrTwis	 -0.694	  0.223	  0.026	 -0.006
[component_container-11] 	 21.670	    GPS	  1.801	 -1.721	  5.005	     --
[component_container-11] 	 21.670	   Baro	     --	     --	  4.702	     --
[component_container-11] 	 21.670	  BBias	     --	     --	 -0.301	     --
[component_container-11] 	 21.670	  Sonar	     --	     --	    inf	     --
[component_container-11] 	 21.670	  Magnt	     --	     --	     --	  0.324
[component_container-11] 
[component_container-11] 	 21.700	   Pose	  3.006	 -1.114	  4.969	  0.314
[component_container-11] 	 21.700	  Twist	  0.150	  0.080	 -0.010	 -0.270
[component_container-11] 	 21.700	ErrPose	 -0.950	 -0.558	  0.044	 -0.011
[component_container-11] 	 21.700	ErrTwis	 -0.672	  0.235	  0.028	 -0.007
[component_container-11] 	 21.700	    GPS	  1.801	 -1.721	  5.005	     --
[component_container-11] 	 21.700	   Baro	     --	     --	  4.702	     --
[component_container-11] 	 21.700	  BBias	     --	     --	 -0.301	     --
[component_container-11] 	 21.700	  Sonar	     --	     --	    inf	     --
[component_container-11] 	 21.700	  Magnt	     --	     --	     --	  0.324
[component_container-11] 
[component_container-11] 	 21.740	   Pose	  3.012	 -1.110	  4.970	  0.301
[component_container-11] 	 21.740	  Twist	  0.154	  0.081	 -0.010	 -0.290
[component_container-11] 	 21.740	ErrPose	 -0.978	 -0.553	  0.043	 -0.009
[component_container-11] 	 21.740	ErrTwis	 -0.649	  0.246	  0.027	  0.013
[component_container-11] 	 21.740	    GPS	  1.801	 -1.721	  5.005	     --
[component_container-11] 	 21.740	   Baro	     --	     --	  4.694	     --
[component_container-11] 	 21.740	  BBias	     --	     --	 -0.301	     --
[component_container-11] 	 21.740	  Sonar	     --	     --	    inf	     --
[component_container-11] 	 21.740	  Magnt	     --	     --	     --	  0.237
[component_container-11] 
[component_container-11] 	 21.770	   Pose	  3.017	 -1.108	  4.959	  0.291
[component_container-11] 	 21.770	  Twist	  0.158	  0.082	 -0.023	 -0.280
[component_container-11] 	 21.770	ErrPose	 -0.993	 -0.552	  0.055	 -0.005
[component_container-11] 	 21.770	ErrTwis	 -0.638	  0.252	  0.041	  0.002
[component_container-11] 	 21.770	    GPS	  1.801	 -1.721	  5.005	     --
[component_container-11] 	 21.770	   Baro	     --	     --	  4.537	     --
[component_container-11] 	 21.770	  BBias	     --	     --	 -0.301	     --
[component_container-11] 	 21.770	  Sonar	     --	     --	    inf	     --
[component_container-11] 	 21.770	  Magnt	     --	     --	     --	  0.239
[component_container-11] 
[component_container-11] 	 21.800	   Pose	  3.022	 -1.106	  4.958	  0.283
[component_container-11] 	 21.800	  Twist	  0.160	  0.083	 -0.025	 -0.282
[component_container-11] 	 21.800	ErrPose	 -1.019	 -0.545	  0.057	 -0.008
[component_container-11] 	 21.800	ErrTwis	 -0.613	  0.265	  0.043	  0.005
[component_container-11] 	 21.800	    GPS	  1.801	 -1.721	  5.005	     --
[component_container-11] 	 21.800	   Baro	     --	     --	  4.537	     --
[component_container-11] 	 21.800	  BBias	     --	     --	 -0.301	     --
[component_container-11] 	 21.800	  Sonar	     --	     --	    inf	     --
[component_container-11] 	 21.800	  Magnt	     --	     --	     --	  0.239
[component_container-11] 
[component_container-11] 	 21.840	   Pose	  3.028	 -1.102	  4.963	  0.270
[component_container-11] 	 21.840	  Twist	  0.164	  0.085	 -0.020	 -0.278
[component_container-11] 	 21.840	ErrPose	 -1.045	 -0.538	  0.054	 -0.007
[component_container-11] 	 21.840	ErrTwis	 -0.588	  0.277	  0.039	  0.000
[component_container-11] 	 21.840	    GPS	  1.801	 -1.721	  5.005	     --
[component_container-11] 	 21.840	   Baro	     --	     --	  4.720	     --
[component_container-11] 	 21.840	  BBias	     --	     --	 -0.301	     --
[component_container-11] 	 21.840	  Sonar	     --	     --	    inf	     --
[component_container-11] 	 21.840	  Magnt	     --	     --	     --	  0.226
[component_container-11] 
[component_container-11] 	 21.870	   Pose	  3.033	 -1.100	  4.959	  0.261
[component_container-11] 	 21.870	  Twist	  0.167	  0.085	 -0.025	 -0.260
[component_container-11] 	 21.870	ErrPose	 -1.059	 -0.535	  0.059	 -0.003
[component_container-11] 	 21.870	ErrTwis	 -0.577	  0.283	  0.044	 -0.017
[component_container-11] 	 21.870	    GPS	  1.801	 -1.721	  5.005	     --
[component_container-11] 	 21.870	   Baro	     --	     --	  4.625	     --
[component_container-11] 	 21.870	  BBias	     --	     --	 -0.301	     --
[component_container-11] 	 21.870	  Sonar	     --	     --	    inf	     --
[component_container-11] 	 21.870	  Magnt	     --	     --	     --	  0.220
[component_container-11] 
[component_container-11] 	 21.900	   Pose	  3.038	 -1.097	  4.958	  0.253
[component_container-11] 	 21.900	  Twist	  0.170	  0.087	 -0.026	 -0.261
[component_container-11] 	 21.900	ErrPose	 -1.082	 -0.526	  0.060	 -0.006
[component_container-11] 	 21.900	ErrTwis	 -0.551	  0.296	  0.045	 -0.017
[component_container-11] 	 21.900	    GPS	  1.801	 -1.721	  5.005	     --
[component_container-11] 	 21.900	   Baro	     --	     --	  4.625	     --
[component_container-11] 	 21.900	  BBias	     --	     --	 -0.301	     --
[component_container-11] 	 21.900	  Sonar	     --	     --	    inf	     --
[component_container-11] 	 21.900	  Magnt	     --	     --	     --	  0.220
[component_container-11] 
[component_container-11] 	 21.940	   Pose	  3.045	 -1.094	  4.960	  0.241
[component_container-11] 	 21.940	  Twist	  0.174	  0.088	 -0.026	 -0.270
[component_container-11] 	 21.940	ErrPose	 -1.105	 -0.517	  0.060	 -0.005
[component_container-11] 	 21.940	ErrTwis	 -0.526	  0.309	  0.045	 -0.008
[component_container-11] 	 21.940	    GPS	  1.801	 -1.721	  5.005	     --
[component_container-11] 	 21.940	   Baro	     --	     --	  4.684	     --
[component_container-11] 	 21.940	  BBias	     --	     --	 -0.301	     --
[component_container-11] 	 21.940	  Sonar	     --	     --	    inf	     --
[component_container-11] 	 21.940	  Magnt	     --	     --	     --	  0.182
[component_container-11] 
[component_container-11] 	 21.970	   Pose	  3.051	 -1.091	  4.963	  0.232
[component_container-11] 	 21.970	  Twist	  0.176	  0.087	 -0.023	 -0.275
[component_container-11] 	 21.970	ErrPose	 -1.118	 -0.513	  0.058	 -0.002
[component_container-11] 	 21.970	ErrTwis	 -0.513	  0.316	  0.043	 -0.003
[component_container-11] 	 21.970	    GPS	  1.801	 -1.721	  5.005	     --
[component_container-11] 	 21.970	   Baro	     --	     --	  4.701	     --
[component_container-11] 	 21.970	  BBias	     --	     --	 -0.301	     --
[component_container-11] 	 21.970	  Sonar	     --	     --	    inf	     --
[component_container-11] 	 21.970	  Magnt	     --	     --	     --	  0.189
[component_container-11] 
[component_container-11] [INFO] [1775320701.565080699] [drone.controller]: cmd_vel body=(0.442, 0.597, 0.037) yaw=-0.300 | odom_received=true | plan_points=8
[component_container-11] 	 22.000	   Pose	  3.056	 -1.088	  4.962	  0.224
[component_container-11] 	 22.000	  Twist	  0.178	  0.088	 -0.024	 -0.274
[component_container-11] 	 22.000	ErrPose	 -1.139	 -0.502	  0.059	 -0.005
[component_container-11] 	 22.000	ErrTwis	 -0.485	  0.329	  0.044	 -0.004
[component_container-11] 	 22.000	    GPS	  1.801	 -1.721	  5.005	     --
[component_container-11] 	 22.000	   Baro	     --	     --	  4.701	     --
[component_container-11] 	 22.000	  BBias	     --	     --	 -0.301	     --
[component_container-11] 	 22.000	  Sonar	     --	     --	    inf	     --
[component_container-11] 	 22.000	  Magnt	     --	     --	     --	  0.189
[component_container-11] 
[component_container-11] [INFO] [1775320701.565369392] [drone.estimator]: TMP LOG err_xyz=(-1.139, -0.502, 0.059) | z_est=4.962 vz_est=-0.024 bias=-0.301 | gps_z=5.005 sonar=inf baro=4.701
[component_container-11] 	 22.040	   Pose	  2.642	 -1.315	  4.982	  0.213
[component_container-11] 	 22.040	  Twist	  0.037	  0.010	 -0.005	 -0.269
[component_container-11] 	 22.040	ErrPose	 -0.739	 -0.259	  0.041	 -0.005
[component_container-11] 	 22.040	ErrTwis	 -0.315	  0.419	  0.026	 -0.009
[component_container-11] 	 22.040	    GPS	  1.633	 -1.868	  5.022	     --
[component_container-11] 	 22.040	   Baro	     --	     --	  4.800	     --
[component_container-11] 	 22.040	  BBias	     --	     --	 -0.301	     --
[component_container-11] 	 22.040	  Sonar	     --	     --	    inf	     --
[component_container-11] 	 22.040	  Magnt	     --	     --	     --	  0.232
[component_container-11] 
[component_container-11] 	 22.070	   Pose	  2.643	 -1.315	  4.988	  0.204
[component_container-11] 	 22.070	  Twist	  0.039	  0.010	  0.002	 -0.270
[component_container-11] 	 22.070	ErrPose	 -0.746	 -0.252	  0.034	 -0.002
[component_container-11] 	 22.070	ErrTwis	 -0.302	  0.426	  0.020	 -0.009
[component_container-11] 	 22.070	    GPS	  1.633	 -1.868	  5.022	     --
[component_container-11] 	 22.070	   Baro	     --	     --	  4.770	     --
[component_container-11] 	 22.070	  BBias	     --	     --	 -0.301	     --
[component_container-11] 	 22.070	  Sonar	     --	     --	    inf	     --
[component_container-11] 	 22.070	  Magnt	     --	     --	     --	  0.177
[component_container-11] 
[component_container-11] 	 22.100	   Pose	  2.645	 -1.315	  4.988	  0.196
[component_container-11] 	 22.100	  Twist	  0.042	  0.011	 -0.001	 -0.270
[component_container-11] 	 22.100	ErrPose	 -0.759	 -0.236	  0.035	 -0.005
[component_container-11] 	 22.100	ErrTwis	 -0.274	  0.437	  0.022	 -0.008
[component_container-11] 	 22.100	    GPS	  1.633	 -1.868	  5.022	     --
[component_container-11] 	 22.100	   Baro	     --	     --	  4.770	     --
[component_container-11] 	 22.100	  BBias	     --	     --	 -0.301	     --
[component_container-11] 	 22.100	  Sonar	     --	     --	    inf	     --
[component_container-11] 	 22.100	  Magnt	     --	     --	     --	  0.177
[component_container-11] 
[component_container-11] 	 22.140	   Pose	  2.646	 -1.314	  4.982	  0.185
[component_container-11] 	 22.140	  Twist	  0.045	  0.010	 -0.011	 -0.281
[component_container-11] 	 22.140	ErrPose	 -0.771	 -0.219	  0.042	 -0.005
[component_container-11] 	 22.140	ErrTwis	 -0.249	  0.450	  0.032	  0.003
[component_container-11] 	 22.140	    GPS	  1.633	 -1.868	  5.022	     --
[component_container-11] 	 22.140	   Baro	     --	     --	  4.612	     --
[component_container-11] 	 22.140	  BBias	     --	     --	 -0.301	     --
[component_container-11] 	 22.140	  Sonar	     --	     --	    inf	     --
[component_container-11] 	 22.140	  Magnt	     --	     --	     --	  0.180
[component_container-11] 
[component_container-11] 	 22.170	   Pose	  2.648	 -1.314	  4.980	  0.176
[component_container-11] 	 22.170	  Twist	  0.048	  0.010	 -0.016	 -0.277
[component_container-11] 	 22.170	ErrPose	 -0.778	 -0.211	  0.045	 -0.002
[component_container-11] 	 22.170	ErrTwis	 -0.236	  0.455	  0.036	 -0.001
[component_container-11] 	 22.170	    GPS	  1.633	 -1.868	  5.022	     --
[component_container-11] 	 22.170	   Baro	     --	     --	  4.656	     --
[component_container-11] 	 22.170	  BBias	     --	     --	 -0.301	     --
[component_container-11] 	 22.170	  Sonar	     --	     --	    inf	     --
[component_container-11] 	 22.170	  Magnt	     --	     --	     --	  0.167
[component_container-11] 
[component_container-11] 	 22.200	   Pose	  2.649	 -1.314	  4.979	  0.168
[component_container-11] 	 22.200	  Twist	  0.050	  0.011	 -0.019	 -0.276
[component_container-11] 	 22.200	ErrPose	 -0.788	 -0.193	  0.046	 -0.005
[component_container-11] 	 22.200	ErrTwis	 -0.207	  0.466	  0.038	 -0.002
[component_container-11] 	 22.200	    GPS	  1.633	 -1.868	  5.022	     --
[component_container-11] 	 22.200	   Baro	     --	     --	  4.656	     --
[component_container-11] 	 22.200	  BBias	     --	     --	 -0.301	     --
[component_container-11] 	 22.200	  Sonar	     --	     --	    inf	     --
[component_container-11] 	 22.200	  Magnt	     --	     --	     --	  0.167
[component_container-11] 
[component_container-11] 	 22.240	   Pose	  2.651	 -1.313	  4.995	  0.156
[component_container-11] 	 22.240	  Twist	  0.052	  0.011	 -0.005	 -0.281
[component_container-11] 	 22.240	ErrPose	 -0.797	 -0.174	  0.030	 -0.004
[component_container-11] 	 22.240	ErrTwis	 -0.179	  0.477	  0.023	  0.002
[component_container-11] 	 22.240	    GPS	  1.633	 -1.868	  5.022	     --
[component_container-11] 	 22.240	   Baro	     --	     --	  4.878	     --
[component_container-11] 	 22.240	  BBias	     --	     --	 -0.301	     --
[component_container-11] 	 22.240	  Sonar	     --	     --	    inf	     --
[component_container-11] 	 22.240	  Magnt	     --	     --	     --	  0.122
[component_container-11] 
[component_container-11] 	 22.270	   Pose	  2.653	 -1.313	  5.000	  0.147
[component_container-11] 	 22.270	  Twist	  0.054	  0.010	 -0.003	 -0.259
[component_container-11] 	 22.270	ErrPose	 -0.801	 -0.165	  0.025	 -0.002
[component_container-11] 	 22.270	ErrTwis	 -0.165	  0.483	  0.021	 -0.020
[component_container-11] 	 22.270	    GPS	  1.633	 -1.868	  5.022	     --
[component_container-11] 	 22.270	   Baro	     --	     --	  4.753	     --
[component_container-11] 	 22.270	  BBias	     --	     --	 -0.301	     --
[component_container-11] 	 22.270	  Sonar	     --	     --	    inf	     --
[component_container-11] 	 22.270	  Magnt	     --	     --	     --	  0.135
[component_container-11] 
[component_container-11] 	 22.300	   Pose	  2.654	 -1.313	  5.000	  0.139
[component_container-11] 	 22.300	  Twist	  0.055	  0.010	 -0.005	 -0.273
[component_container-11] 	 22.300	ErrPose	 -0.808	 -0.145	  0.025	 -0.004
[component_container-11] 	 22.300	ErrTwis	 -0.136	  0.495	  0.024	 -0.005
[component_container-11] 	 22.300	    GPS	  1.633	 -1.868	  5.022	     --
[component_container-11] 	 22.300	   Baro	     --	     --	  4.753	     --
[component_container-11] 	 22.300	  BBias	     --	     --	 -0.301	     --
[component_container-11] 	 22.300	  Sonar	     --	     --	    inf	     --
[component_container-11] 	 22.300	  Magnt	     --	     --	     --	  0.135
[component_container-11] 
[component_container-11] 	 22.340	   Pose	  2.657	 -1.312	  5.002	  0.127
[component_container-11] 	 22.340	  Twist	  0.057	  0.009	 -0.008	 -0.279
[component_container-11] 	 22.340	ErrPose	 -0.814	 -0.124	  0.024	 -0.004
[component_container-11] 	 22.340	ErrTwis	 -0.108	  0.509	  0.027	  0.000
[component_container-11] 	 22.340	    GPS	  1.633	 -1.868	  5.022	     --
[component_container-11] 	 22.340	   Baro	     --	     --	  4.722	     --
[component_container-11] 	 22.340	  BBias	     --	     --	 -0.301	     --
[component_container-11] 	 22.340	  Sonar	     --	     --	    inf	     --
[component_container-11] 	 22.340	  Magnt	     --	     --	     --	  0.109
[component_container-11] 
[component_container-11] 	 22.370	   Pose	  2.658	 -1.312	  5.003	  0.119
[component_container-11] 	 22.370	  Twist	  0.059	  0.008	 -0.010	 -0.277
[component_container-11] 	 22.370	ErrPose	 -0.817	 -0.114	  0.022	 -0.001
[component_container-11] 	 22.370	ErrTwis	 -0.094	  0.516	  0.029	 -0.002
[component_container-11] 	 22.370	    GPS	  1.633	 -1.868	  5.022	     --
[component_container-11] 	 22.370	   Baro	     --	     --	  4.719	     --
[component_container-11] 	 22.370	  BBias	     --	     --	 -0.301	     --
[component_container-11] 	 22.370	  Sonar	     --	     --	    inf	     --
[component_container-11] 	 22.370	  Magnt	     --	     --	     --	  0.114
[component_container-11] 
[component_container-11] 	 22.400	   Pose	  2.660	 -1.312	  5.003	  0.110
[component_container-11] 	 22.400	  Twist	  0.060	  0.008	 -0.014	 -0.280
[component_container-11] 	 22.400	ErrPose	 -0.821	 -0.092	  0.022	 -0.004
[component_container-11] 	 22.400	ErrTwis	 -0.064	  0.530	  0.033	  0.001
[component_container-11] 	 22.400	    GPS	  1.633	 -1.868	  5.022	     --
[component_container-11] 	 22.400	   Baro	     --	     --	  4.719	     --
[component_container-11] 	 22.400	  BBias	     --	     --	 -0.301	     --
[component_container-11] 	 22.400	  Sonar	     --	     --	    inf	     --
[component_container-11] 	 22.400	  Magnt	     --	     --	     --	  0.114
[component_container-11] 
[component_container-11] 	 22.440	   Pose	  2.663	 -1.311	  5.010	  0.099
[component_container-11] 	 22.440	  Twist	  0.062	  0.007	 -0.010	 -0.262
[component_container-11] 	 22.440	ErrPose	 -0.824	 -0.070	  0.014	 -0.003
[component_container-11] 	 22.440	ErrTwis	 -0.037	  0.546	  0.028	 -0.018
[component_container-11] 	 22.440	    GPS	  1.633	 -1.868	  5.022	     --
[component_container-11] 	 22.440	   Baro	     --	     --	  4.793	     --
[component_container-11] 	 22.440	  BBias	     --	     --	 -0.301	     --
[component_container-11] 	 22.440	  Sonar	     --	     --	    inf	     --
[component_container-11] 	 22.440	  Magnt	     --	     --	     --	  0.075
[component_container-11] 
[component_container-11] 	 22.470	   Pose	  2.665	 -1.311	  5.023	  0.091
[component_container-11] 	 22.470	  Twist	  0.063	  0.007	 -0.001	 -0.272
[component_container-11] 	 22.470	ErrPose	 -0.825	 -0.059	  0.002	 -0.001
[component_container-11] 	 22.470	ErrTwis	 -0.023	  0.554	  0.019	 -0.007
[component_container-11] 	 22.470	    GPS	  1.633	 -1.868	  5.022	     --
[component_container-11] 	 22.470	   Baro	     --	     --	  4.850	     --
[component_container-11] 	 22.470	  BBias	     --	     --	 -0.301	     --
[component_container-11] 	 22.470	  Sonar	     --	     --	    inf	     --
[component_container-11] 	 22.470	  Magnt	     --	     --	     --	  0.114
[component_container-11] 
[component_container-11] 	 22.500	   Pose	  2.666	 -1.311	  5.023	  0.083
[component_container-11] 	 22.500	  Twist	  0.064	  0.006	 -0.005	 -0.268
[component_container-11] 	 22.500	ErrPose	 -0.825	 -0.035	  0.001	 -0.004
[component_container-11] 	 22.500	ErrTwis	  0.005	  0.570	  0.021	 -0.012
[component_container-11] 	 22.500	    GPS	  1.633	 -1.868	  5.022	     --
[component_container-11] 	 22.500	   Baro	     --	     --	  4.850	     --
[component_container-11] 	 22.500	  BBias	     --	     --	 -0.301	     --
[component_container-11] 	 22.500	  Sonar	     --	     --	    inf	     --
[component_container-11] 	 22.500	  Magnt	     --	     --	     --	  0.114
[component_container-11] 
[component_container-11] 	 22.540	   Pose	  2.337	 -1.402	  5.029	  0.072
[component_container-11] 	 22.540	  Twist	 -0.048	 -0.025	 -0.004	 -0.286
[component_container-11] 	 22.540	ErrPose	 -0.493	  0.080	 -0.006	 -0.005
[component_container-11] 	 22.540	ErrTwis	  0.147	  0.617	  0.018	  0.007
[component_container-11] 	 22.540	    GPS	  1.543	 -1.618	  5.023	     --
[component_container-11] 	 22.540	   Baro	     --	     --	  4.803	     --
[component_container-11] 	 22.540	  BBias	     --	     --	 -0.301	     --
[component_container-11] 	 22.540	  Sonar	     --	     --	    inf	     --
[component_container-11] 	 22.540	  Magnt	     --	     --	     --	  0.086
[component_container-11] 
[component_container-11] 	 22.570	   Pose	  2.336	 -1.402	  5.024	  0.063
[component_container-11] 	 22.570	  Twist	 -0.048	 -0.026	 -0.013	 -0.272
[component_container-11] 	 22.570	ErrPose	 -0.490	  0.093	 -0.002	 -0.001
[component_container-11] 	 22.570	ErrTwis	  0.162	  0.626	  0.025	 -0.008
[component_container-11] 	 22.570	    GPS	  1.543	 -1.618	  5.023	     --
[component_container-11] 	 22.570	   Baro	     --	     --	  4.670	     --
[component_container-11] 	 22.570	  BBias	     --	     --	 -0.301	     --
[component_container-11] 	 22.570	  Sonar	     --	     --	    inf	     --
[component_container-11] 	 22.570	  Magnt	     --	     --	     --	  0.055
[component_container-11] 
[component_container-11] 	 22.600	   Pose	  2.334	 -1.403	  5.024	  0.055
[component_container-11] 	 22.600	  Twist	 -0.048	 -0.028	 -0.017	 -0.277
[component_container-11] 	 22.600	ErrPose	 -0.483	  0.119	 -0.003	 -0.004
[component_container-11] 	 22.600	ErrTwis	  0.189	  0.642	  0.026	 -0.003
[component_container-11] 	 22.600	    GPS	  1.543	 -1.618	  5.023	     --
[component_container-11] 	 22.600	   Baro	     --	     --	  4.670	     --
[component_container-11] 	 22.600	  BBias	     --	     --	 -0.301	     --
[component_container-11] 	 22.600	  Sonar	     --	     --	    inf	     --
[component_container-11] 	 22.600	  Magnt	     --	     --	     --	  0.055
[component_container-11] 
[component_container-11] 	 22.640	   Pose	  2.332	 -1.404	  5.036	  0.043
[component_container-11] 	 22.640	  Twist	 -0.046	 -0.029	 -0.009	 -0.272
[component_container-11] 	 22.640	ErrPose	 -0.475	  0.146	 -0.017	 -0.004
[component_container-11] 	 22.640	ErrTwis	  0.215	  0.659	  0.015	 -0.007
[component_container-11] 	 22.640	    GPS	  1.543	 -1.618	  5.023	     --
[component_container-11] 	 22.640	   Baro	     --	     --	  4.887	     --
[component_container-11] 	 22.640	  BBias	     --	     --	 -0.301	     --
[component_container-11] 	 22.640	  Sonar	     --	     --	    inf	     --
[component_container-11] 	 22.640	  Magnt	     --	     --	     --	  0.030
[component_container-11] 
[component_container-11] 	 22.670	   Pose	  2.331	 -1.405	  5.041	  0.034
[component_container-11] 	 22.670	  Twist	 -0.045	 -0.030	 -0.008	 -0.297
[component_container-11] 	 22.670	ErrPose	 -0.470	  0.160	 -0.023	 -0.000
[component_container-11] 	 22.670	ErrTwis	  0.229	  0.667	  0.012	  0.018
[component_container-11] 	 22.670	    GPS	  1.543	 -1.618	  5.023	     --
[component_container-11] 	 22.670	   Baro	     --	     --	  4.793	     --
[component_container-11] 	 22.670	  BBias	     --	     --	 -0.301	     --
[component_container-11] 	 22.670	  Sonar	     --	     --	    inf	     --
[component_container-11] 	 22.670	  Magnt	     --	     --	     --	 -0.004
[component_container-11] 
[component_container-11] 	 22.700	   Pose	  2.329	 -1.406	  5.040	  0.026
[component_container-11] 	 22.700	  Twist	 -0.045	 -0.030	 -0.012	 -0.272
[component_container-11] 	 22.700	ErrPose	 -0.460	  0.188	 -0.024	 -0.003
[component_container-11] 	 22.700	ErrTwis	  0.255	  0.681	  0.012	 -0.008
[component_container-11] 	 22.700	    GPS	  1.543	 -1.618	  5.023	     --
[component_container-11] 	 22.700	   Baro	     --	     --	  4.793	     --
[component_container-11] 	 22.700	  BBias	     --	     --	 -0.301	     --
[component_container-11] 	 22.700	  Sonar	     --	     --	    inf	     --
[component_container-11] 	 22.700	  Magnt	     --	     --	     --	 -0.004
[component_container-11] 
[component_container-11] 	 22.740	   Pose	  2.328	 -1.407	  5.037	  0.015
[component_container-11] 	 22.740	  Twist	 -0.044	 -0.031	 -0.020	 -0.265
[component_container-11] 	 22.740	ErrPose	 -0.448	  0.216	 -0.023	 -0.004
[component_container-11] 	 22.740	ErrTwis	  0.282	  0.694	  0.014	 -0.014
[component_container-11] 	 22.740	    GPS	  1.543	 -1.618	  5.023	     --
[component_container-11] 	 22.740	   Baro	     --	     --	  4.709	     --
[component_container-11] 	 22.740	  BBias	     --	     --	 -0.301	     --
[component_container-11] 	 22.740	  Sonar	     --	     --	    inf	     --
[component_container-11] 	 22.740	  Magnt	     --	     --	     --	  0.048
[component_container-11] 
[component_container-11] 	 22.770	   Pose	  2.326	 -1.408	  5.037	  0.008
[component_container-11] 	 22.770	  Twist	 -0.043	 -0.032	 -0.023	 -0.264
[component_container-11] 	 22.770	ErrPose	 -0.442	  0.230	 -0.023	 -0.002
[component_container-11] 	 22.770	ErrTwis	  0.294	  0.700	  0.015	 -0.016
[component_container-11] 	 22.770	    GPS	  1.543	 -1.618	  5.023	     --
[component_container-11] 	 22.770	   Baro	     --	     --	  4.737	     --
[component_container-11] 	 22.770	  BBias	     --	     --	 -0.301	     --
[component_container-11] 	 22.770	  Sonar	     --	     --	    inf	     --
[component_container-11] 	 22.770	  Magnt	     --	     --	     --	  0.020
[component_container-11] 
[component_container-11] 	 22.800	   Pose	  2.325	 -1.409	  5.036	 -0.000
[component_container-11] 	 22.800	  Twist	 -0.043	 -0.033	 -0.026	 -0.277
[component_container-11] 	 22.800	ErrPose	 -0.429	  0.259	 -0.025	 -0.005
[component_container-11] 	 22.800	ErrTwis	  0.321	  0.710	  0.013	 -0.003
[component_container-11] 	 22.800	    GPS	  1.543	 -1.618	  5.023	     --
[component_container-11] 	 22.800	   Baro	     --	     --	  4.737	     --
[component_container-11] 	 22.800	  BBias	     --	     --	 -0.301	     --
[component_container-11] 	 22.800	  Sonar	     --	     --	    inf	     --
[component_container-11] 	 22.800	  Magnt	     --	     --	     --	  0.020
[component_container-11] 
[component_container-11] 	 22.840	   Pose	  2.323	 -1.411	  5.034	 -0.012
[component_container-11] 	 22.840	  Twist	 -0.043	 -0.035	 -0.031	 -0.280
[component_container-11] 	 22.840	ErrPose	 -0.414	  0.288	 -0.025	 -0.005
[component_container-11] 	 22.840	ErrTwis	  0.346	  0.719	  0.014	 -0.000
[component_container-11] 	 22.840	    GPS	  1.543	 -1.618	  5.023	     --
[component_container-11] 	 22.840	   Baro	     --	     --	  4.727	     --
[component_container-11] 	 22.840	  BBias	     --	     --	 -0.301	     --
[component_container-11] 	 22.840	  Sonar	     --	     --	    inf	     --
[component_container-11] 	 22.840	  Magnt	     --	     --	     --	 -0.033
[component_container-11] 
[component_container-11] 	 22.870	   Pose	  2.322	 -1.412	  5.028	 -0.022
[component_container-11] 	 22.870	  Twist	 -0.043	 -0.037	 -0.038	 -0.277
[component_container-11] 	 22.870	ErrPose	 -0.406	  0.302	 -0.020	 -0.001
[component_container-11] 	 22.870	ErrTwis	  0.359	  0.725	  0.020	 -0.003
[component_container-11] 	 22.870	    GPS	  1.543	 -1.618	  5.023	     --
[component_container-11] 	 22.870	   Baro	     --	     --	  4.671	     --
[component_container-11] 	 22.870	  BBias	     --	     --	 -0.301	     --
[component_container-11] 	 22.870	  Sonar	     --	     --	    inf	     --
[component_container-11] 	 22.870	  Magnt	     --	     --	     --	 -0.085
[component_container-11] 
[component_container-11] 	 22.900	   Pose	  2.321	 -1.413	  5.027	 -0.030
[component_container-11] 	 22.900	  Twist	 -0.043	 -0.038	 -0.041	 -0.277
[component_container-11] 	 22.900	ErrPose	 -0.389	  0.331	 -0.022	 -0.004
[component_container-11] 	 22.900	ErrTwis	  0.384	  0.732	  0.020	 -0.003
[component_container-11] 	 22.900	    GPS	  1.543	 -1.618	  5.023	     --
[component_container-11] 	 22.900	   Baro	     --	     --	  4.671	     --
[component_container-11] 	 22.900	  BBias	     --	     --	 -0.301	     --
[component_container-11] 	 22.900	  Sonar	     --	     --	    inf	     --
[component_container-11] 	 22.900	  Magnt	     --	     --	     --	 -0.085
[component_container-11] 
[component_container-11] 	 22.940	   Pose	  2.319	 -1.414	  5.025	 -0.042
[component_container-11] 	 22.940	  Twist	 -0.043	 -0.040	 -0.043	 -0.283
[component_container-11] 	 22.940	ErrPose	 -0.371	  0.360	 -0.023	 -0.003
[component_container-11] 	 22.940	ErrTwis	  0.409	  0.741	  0.022	  0.003
[component_container-11] 	 22.940	    GPS	  1.543	 -1.618	  5.023	     --
[component_container-11] 	 22.940	   Baro	     --	     --	  4.730	     --
[component_container-11] 	 22.940	  BBias	     --	     --	 -0.301	     --
[component_container-11] 	 22.940	  Sonar	     --	     --	    inf	     --
[component_container-11] 	 22.940	  Magnt	     --	     --	     --	 -0.058
[component_container-11] 
[component_container-11] 	 22.970	   Pose	  2.318	 -1.416	  5.022	 -0.050
[component_container-11] 	 22.970	  Twist	 -0.044	 -0.041	 -0.048	 -0.261
[component_container-11] 	 22.970	ErrPose	 -0.361	  0.375	 -0.021	 -0.001
[component_container-11] 	 22.970	ErrTwis	  0.421	  0.745	  0.025	 -0.019
[component_container-11] 	 22.970	    GPS	  1.543	 -1.618	  5.023	     --
[component_container-11] 	 22.970	   Baro	     --	     --	  4.698	     --
[component_container-11] 	 22.970	  BBias	     --	     --	 -0.301	     --
[component_container-11] 	 22.970	  Sonar	     --	     --	    inf	     --
[component_container-11] 	 22.970	  Magnt	     --	     --	     --	 -0.028
[component_container-11] 
[component_container-11] [INFO] [1775320702.565129102] [drone.controller]: cmd_vel body=(0.625, 0.780, -0.012) yaw=-0.300 | odom_received=true | plan_points=16
[component_container-11] 	 23.000	   Pose	  2.316	 -1.417	  5.020	 -0.058
[component_container-11] 	 23.000	  Twist	 -0.044	 -0.043	 -0.050	 -0.269
[component_container-11] 	 23.000	ErrPose	 -0.342	  0.404	 -0.022	 -0.004
[component_container-11] 	 23.000	ErrTwis	  0.445	  0.753	  0.026	 -0.011
[component_container-11] 	 23.000	    GPS	  1.543	 -1.618	  5.023	     --
[component_container-11] 	 23.000	   Baro	     --	     --	  4.698	     --
[component_container-11] 	 23.000	  BBias	     --	     --	 -0.301	     --
[component_container-11] 	 23.000	  Sonar	     --	     --	    inf	     --
[component_container-11] 	 23.000	  Magnt	     --	     --	     --	 -0.028
[component_container-11] 
[component_container-11] [INFO] [1775320702.565524078] [drone.estimator]: TMP LOG err_xyz=(-0.342, 0.404, -0.022) | z_est=5.020 vz_est=-0.050 bias=-0.301 | gps_z=5.023 sonar=inf baro=4.698
[component_container-11] 	 23.040	   Pose	  2.098	 -1.356	  5.005	 -0.069
[component_container-11] 	 23.040	  Twist	 -0.118	 -0.023	 -0.065	 -0.272
[component_container-11] 	 23.040	ErrPose	 -0.104	  0.371	 -0.010	 -0.004
[component_container-11] 	 23.040	ErrTwis	  0.541	  0.740	  0.041	 -0.008
[component_container-11] 	 23.040	    GPS	  1.582	 -1.206	  4.997	     --
[component_container-11] 	 23.040	   Baro	     --	     --	  4.598	     --
[component_container-11] 	 23.040	  BBias	     --	     --	 -0.301	     --
[component_container-11] 	 23.040	  Sonar	     --	     --	    inf	     --
[component_container-11] 	 23.040	  Magnt	     --	     --	     --	 -0.072
[component_container-11] 
[component_container-11] 	 23.070	   Pose	  2.094	 -1.357	  5.012	 -0.077
[component_container-11] 	 23.070	  Twist	 -0.118	 -0.024	 -0.057	 -0.270
[component_container-11] 	 23.070	ErrPose	 -0.090	  0.385	 -0.019	 -0.002
[component_container-11] 	 23.070	ErrTwis	  0.552	  0.744	  0.032	 -0.010
[component_container-11] 	 23.070	    GPS	  1.582	 -1.206	  4.997	     --
[component_container-11] 	 23.070	   Baro	     --	     --	  4.823	     --
[component_container-11] 	 23.070	  BBias	     --	     --	 -0.301	     --
[component_container-11] 	 23.070	  Sonar	     --	     --	    inf	     --
[component_container-11] 	 23.070	  Magnt	     --	     --	     --	 -0.058
[component_container-11] 
[component_container-11] 	 23.100	   Pose	  2.091	 -1.358	  5.011	 -0.085
[component_container-11] 	 23.100	  Twist	 -0.118	 -0.026	 -0.058	 -0.274
[component_container-11] 	 23.100	ErrPose	 -0.066	  0.414	 -0.020	 -0.005
[component_container-11] 	 23.100	ErrTwis	  0.574	  0.752	  0.033	 -0.006
[component_container-11] 	 23.100	    GPS	  1.582	 -1.206	  4.997	     --
[component_container-11] 	 23.100	   Baro	     --	     --	  4.823	     --
[component_container-11] 	 23.100	  BBias	     --	     --	 -0.301	     --
[component_container-11] 	 23.100	  Sonar	     --	     --	    inf	     --
[component_container-11] 	 23.100	  Magnt	     --	     --	     --	 -0.058
[component_container-11] 
[component_container-11] 	 23.140	   Pose	  2.086	 -1.359	  4.996	 -0.097
[component_container-11] 	 23.140	  Twist	 -0.119	 -0.028	 -0.071	 -0.272
[component_container-11] 	 23.140	ErrPose	 -0.039	  0.442	 -0.008	 -0.004
[component_container-11] 	 23.140	ErrTwis	  0.596	  0.759	  0.045	 -0.007
[component_container-11] 	 23.140	    GPS	  1.582	 -1.206	  4.997	     --
[component_container-11] 	 23.140	   Baro	     --	     --	  4.559	     --
[component_container-11] 	 23.140	  BBias	     --	     --	 -0.301	     --
[component_container-11] 	 23.140	  Sonar	     --	     --	    inf	     --
[component_container-11] 	 23.140	  Magnt	     --	     --	     --	 -0.113
[component_container-11] 
[component_container-11] 	 23.170	   Pose	  2.083	 -1.360	  4.993	 -0.105
[component_container-11] 	 23.170	  Twist	 -0.120	 -0.029	 -0.073	 -0.276
[component_container-11] 	 23.170	ErrPose	 -0.023	  0.457	 -0.006	 -0.002
[component_container-11] 	 23.170	ErrTwis	  0.607	  0.764	  0.048	 -0.004
[component_container-11] 	 23.170	    GPS	  1.582	 -1.206	  4.997	     --
[component_container-11] 	 23.170	   Baro	     --	     --	  4.682	     --
[component_container-11] 	 23.170	  BBias	     --	     --	 -0.301	     --
[component_container-11] 	 23.170	  Sonar	     --	     --	    inf	     --
[component_container-11] 	 23.170	  Magnt	     --	     --	     --	 -0.110
[component_container-11] 
[component_container-11] 	 23.200	   Pose	  2.079	 -1.360	  4.991	 -0.113
[component_container-11] 	 23.200	  Twist	 -0.120	 -0.030	 -0.073	 -0.268
[component_container-11] 	 23.200	ErrPose	  0.004	  0.485	 -0.007	 -0.005
[component_container-11] 	 23.200	ErrTwis	  0.628	  0.770	  0.048	 -0.012
[component_container-11] 	 23.200	    GPS	  1.582	 -1.206	  4.997	     --
[component_container-11] 	 23.200	   Baro	     --	     --	  4.682	     --
[component_container-11] 	 23.200	  BBias	     --	     --	 -0.301	     --
[component_container-11] 	 23.200	  Sonar	     --	     --	    inf	     --
[component_container-11] 	 23.200	  Magnt	     --	     --	     --	 -0.110
[component_container-11] 
[component_container-11] 	 23.240	   Pose	  2.074	 -1.362	  4.988	 -0.125
[component_container-11] 	 23.240	  Twist	 -0.122	 -0.031	 -0.073	 -0.277
[component_container-11] 	 23.240	ErrPose	  0.034	  0.513	 -0.007	 -0.004
[component_container-11] 	 23.240	ErrTwis	  0.649	  0.775	  0.046	 -0.003
[component_container-11] 	 23.240	    GPS	  1.582	 -1.206	  4.997	     --
[component_container-11] 	 23.240	   Baro	     --	     --	  4.686	     --
[component_container-11] 	 23.240	  BBias	     --	     --	 -0.301	     --
[component_container-11] 	 23.240	  Sonar	     --	     --	    inf	     --
[component_container-11] 	 23.240	  Magnt	     --	     --	     --	 -0.132
[component_container-11] 
[component_container-11] 	 23.270	   Pose	  2.071	 -1.363	  4.987	 -0.132
[component_container-11] 	 23.270	  Twist	 -0.122	 -0.033	 -0.071	 -0.263
[component_container-11] 	 23.270	ErrPose	  0.051	  0.527	 -0.008	 -0.002
[component_container-11] 	 23.270	ErrTwis	  0.658	  0.779	  0.043	 -0.016
[component_container-11] 	 23.270	    GPS	  1.582	 -1.206	  4.997	     --
[component_container-11] 	 23.270	   Baro	     --	     --	  4.706	     --
[component_container-11] 	 23.270	  BBias	     --	     --	 -0.301	     --
[component_container-11] 	 23.270	  Sonar	     --	     --	    inf	     --
[component_container-11] 	 23.270	  Magnt	     --	     --	     --	 -0.115
[component_container-11] 
[component_container-11] 	 23.300	   Pose	  2.067	 -1.364	  4.985	 -0.141
[component_container-11] 	 23.300	  Twist	 -0.124	 -0.034	 -0.071	 -0.258
[component_container-11] 	 23.300	ErrPose	  0.081	  0.555	 -0.008	 -0.005
[component_container-11] 	 23.300	ErrTwis	  0.678	  0.782	  0.043	 -0.021
[component_container-11] 	 23.300	    GPS	  1.582	 -1.206	  4.997	     --
[component_container-11] 	 23.300	   Baro	     --	     --	  4.706	     --
[component_container-11] 	 23.300	  BBias	     --	     --	 -0.301	     --
[component_container-11] 	 23.300	  Sonar	     --	     --	    inf	     --
[component_container-11] 	 23.300	  Magnt	     --	     --	     --	 -0.115
[component_container-11] 
[component_container-11] 	 23.340	   Pose	  2.062	 -1.365	  4.995	 -0.152
[component_container-11] 	 23.340	  Twist	 -0.125	 -0.036	 -0.058	 -0.279
[component_container-11] 	 23.340	ErrPose	  0.113	  0.582	 -0.021	 -0.006
[component_container-11] 	 23.340	ErrTwis	  0.697	  0.787	  0.032	 -0.001
[component_container-11] 	 23.340	    GPS	  1.582	 -1.206	  4.997	     --
[component_container-11] 	 23.340	   Baro	     --	     --	  4.830	     --
[component_container-11] 	 23.340	  BBias	     --	     --	 -0.301	     --
[component_container-11] 	 23.340	  Sonar	     --	     --	    inf	     --
[component_container-11] 	 23.340	  Magnt	     --	     --	     --	 -0.153
[component_container-11] 
[component_container-11] 	 23.370	   Pose	  2.058	 -1.366	  4.977	 -0.160
[component_container-11] 	 23.370	  Twist	 -0.126	 -0.038	 -0.074	 -0.292
[component_container-11] 	 23.370	ErrPose	  0.131	  0.596	 -0.004	 -0.003
[component_container-11] 	 23.370	ErrTwis	  0.706	  0.790	  0.050	  0.013
[component_container-11] 	 23.370	    GPS	  1.582	 -1.206	  4.997	     --
[component_container-11] 	 23.370	   Baro	     --	     --	  4.509	     --
[component_container-11] 	 23.370	  BBias	     --	     --	 -0.301	     --
[component_container-11] 	 23.370	  Sonar	     --	     --	    inf	     --
[component_container-11] 	 23.370	  Magnt	     --	     --	     --	 -0.157
[component_container-11] 
[component_container-11] 	 23.400	   Pose	  2.054	 -1.367	  4.975	 -0.168
[component_container-11] 	 23.400	  Twist	 -0.128	 -0.040	 -0.074	 -0.286
[component_container-11] 	 23.400	ErrPose	  0.164	  0.623	 -0.005	 -0.005
[component_container-11] 	 23.400	ErrTwis	  0.724	  0.795	  0.052	  0.007
[component_container-11] 	 23.400	    GPS	  1.582	 -1.206	  4.997	     --
[component_container-11] 	 23.400	   Baro	     --	     --	  4.509	     --
[component_container-11] 	 23.400	  BBias	     --	     --	 -0.301	     --
[component_container-11] 	 23.400	  Sonar	     --	     --	    inf	     --
[component_container-11] 	 23.400	  Magnt	     --	     --	     --	 -0.157
[component_container-11] 
[component_container-11] 	 23.440	   Pose	  2.049	 -1.369	  4.969	 -0.179
[component_container-11] 	 23.440	  Twist	 -0.130	 -0.041	 -0.079	 -0.271
[component_container-11] 	 23.440	ErrPose	  0.199	  0.651	 -0.001	 -0.006
[component_container-11] 	 23.440	ErrTwis	  0.740	  0.801	  0.058	 -0.008
[component_container-11] 	 23.440	    GPS	  1.582	 -1.206	  4.997	     --
[component_container-11] 	 23.440	   Baro	     --	     --	  4.638	     --
[component_container-11] 	 23.440	  BBias	     --	     --	 -0.301	     --
[component_container-11] 	 23.440	  Sonar	     --	     --	    inf	     --
[component_container-11] 	 23.440	  Magnt	     --	     --	     --	 -0.137
[component_container-11] 
[component_container-11] 	 23.470	   Pose	  2.045	 -1.370	  4.957	 -0.187
[component_container-11] 	 23.470	  Twist	 -0.131	 -0.043	 -0.088	 -0.288
[component_container-11] 	 23.470	ErrPose	  0.218	  0.665	  0.010	 -0.003
[component_container-11] 	 23.470	ErrTwis	  0.749	  0.805	  0.069	  0.009
[component_container-11] 	 23.470	    GPS	  1.582	 -1.206	  4.997	     --
[component_container-11] 	 23.470	   Baro	     --	     --	  4.558	     --
[component_container-11] 	 23.470	  BBias	     --	     --	 -0.301	     --
[component_container-11] 	 23.470	  Sonar	     --	     --	    inf	     --
[component_container-11] 	 23.470	  Magnt	     --	     --	     --	 -0.194
[component_container-11] 
[component_container-11] 	 23.500	   Pose	  2.041	 -1.372	  4.954	 -0.195
[component_container-11] 	 23.500	  Twist	 -0.133	 -0.045	 -0.089	 -0.268
[component_container-11] 	 23.500	ErrPose	  0.253	  0.691	  0.010	 -0.006
[component_container-11] 	 23.500	ErrTwis	  0.765	  0.811	  0.071	 -0.011
[component_container-11] 	 23.500	    GPS	  1.582	 -1.206	  4.997	     --
[component_container-11] 	 23.500	   Baro	     --	     --	  4.558	     --
[component_container-11] 	 23.500	  BBias	     --	     --	 -0.301	     --
[component_container-11] 	 23.500	  Sonar	     --	     --	    inf	     --
[component_container-11] 	 23.500	  Magnt	     --	     --	     --	 -0.194
[component_container-11] 
[component_container-11] 	 23.540	   Pose	  2.043	 -1.274	  4.959	 -0.207
[component_container-11] 	 23.540	  Twist	 -0.133	 -0.013	 -0.079	 -0.276
[component_container-11] 	 23.540	ErrPose	  0.283	  0.619	  0.002	 -0.006
[component_container-11] 	 23.540	ErrTwis	  0.777	  0.785	  0.063	 -0.003
[component_container-11] 	 23.540	    GPS	  2.067	 -1.036	  4.963	     --
[component_container-11] 	 23.540	   Baro	     --	     --	  4.750	     --
[component_container-11] 	 23.540	  BBias	     --	     --	 -0.301	     --
[component_container-11] 	 23.540	  Sonar	     --	     --	    inf	     --
[component_container-11] 	 23.540	  Magnt	     --	     --	     --	 -0.206
[component_container-11] 
[component_container-11] 	 23.570	   Pose	  2.039	 -1.275	  4.962	 -0.216
[component_container-11] 	 23.570	  Twist	 -0.135	 -0.015	 -0.075	 -0.270
[component_container-11] 	 23.570	ErrPose	  0.303	  0.632	 -0.002	 -0.003
[component_container-11] 	 23.570	ErrTwis	  0.785	  0.790	  0.058	 -0.009
[component_container-11] 	 23.570	    GPS	  2.067	 -1.036	  4.963	     --
[component_container-11] 	 23.570	   Baro	     --	     --	  4.718	     --
[component_container-11] 	 23.570	  BBias	     --	     --	 -0.301	     --
[component_container-11] 	 23.570	  Sonar	     --	     --	    inf	     --
[component_container-11] 	 23.570	  Magnt	     --	     --	     --	 -0.253
[component_container-11] 
[component_container-11] 	 23.600	   Pose	  2.035	 -1.275	  4.959	 -0.224
[component_container-11] 	 23.600	  Twist	 -0.137	 -0.016	 -0.074	 -0.297
[component_container-11] 	 23.600	ErrPose	  0.340	  0.657	 -0.002	 -0.006
[component_container-11] 	 23.600	ErrTwis	  0.798	  0.797	  0.060	  0.018
[component_container-11] 	 23.600	    GPS	  2.067	 -1.036	  4.963	     --
[component_container-11] 	 23.600	   Baro	     --	     --	  4.718	     --
[component_container-11] 	 23.600	  BBias	     --	     --	 -0.301	     --
[component_container-11] 	 23.600	  Sonar	     --	     --	    inf	     --
[component_container-11] 	 23.600	  Magnt	     --	     --	     --	 -0.253
[component_container-11] 
[component_container-11] 	 23.640	   Pose	  2.030	 -1.276	  4.955	 -0.235
[component_container-11] 	 23.640	  Twist	 -0.139	 -0.018	 -0.076	 -0.277
[component_container-11] 	 23.640	ErrPose	  0.380	  0.682	  0.001	 -0.006
[component_container-11] 	 23.640	ErrTwis	  0.810	  0.804	  0.063	 -0.002
[component_container-11] 	 23.640	    GPS	  2.067	 -1.036	  4.963	     --
[component_container-11] 	 23.640	   Baro	     --	     --	  4.634	     --
[component_container-11] 	 23.640	  BBias	     --	     --	 -0.301	     --
[component_container-11] 	 23.640	  Sonar	     --	     --	    inf	     --
[component_container-11] 	 23.640	  Magnt	     --	     --	     --	 -0.241
[component_container-11] 
[component_container-11] 	 23.670	   Pose	  2.026	 -1.277	  4.956	 -0.244
[component_container-11] 	 23.670	  Twist	 -0.141	 -0.019	 -0.072	 -0.292
[component_container-11] 	 23.670	ErrPose	  0.401	  0.694	 -0.001	 -0.003
[component_container-11] 	 23.670	ErrTwis	  0.817	  0.809	  0.060	  0.013
[component_container-11] 	 23.670	    GPS	  2.067	 -1.036	  4.963	     --
[component_container-11] 	 23.670	   Baro	     --	     --	  4.697	     --
[component_container-11] 	 23.670	  BBias	     --	     --	 -0.301	     --
[component_container-11] 	 23.670	  Sonar	     --	     --	    inf	     --
[component_container-11] 	 23.670	  Magnt	     --	     --	     --	 -0.253
[component_container-11] 
[component_container-11] 	 23.700	   Pose	  2.021	 -1.277	  4.954	 -0.252
[component_container-11] 	 23.700	  Twist	 -0.143	 -0.021	 -0.072	 -0.259
[component_container-11] 	 23.700	ErrPose	  0.440	  0.719	 -0.001	 -0.006
[component_container-11] 	 23.700	ErrTwis	  0.828	  0.816	  0.060	 -0.020
[component_container-11] 	 23.700	    GPS	  2.067	 -1.036	  4.963	     --
[component_container-11] 	 23.700	   Baro	     --	     --	  4.697	     --
[component_container-11] 	 23.700	  BBias	     --	     --	 -0.301	     --
[component_container-11] 	 23.700	  Sonar	     --	     --	    inf	     --
[component_container-11] 	 23.700	  Magnt	     --	     --	     --	 -0.253
[component_container-11] 
[component_container-11] 	 23.740	   Pose	  2.015	 -1.278	  4.950	 -0.262
[component_container-11] 	 23.740	  Twist	 -0.145	 -0.022	 -0.072	 -0.275
[component_container-11] 	 23.740	ErrPose	  0.481	  0.744	  0.001	 -0.007
[component_container-11] 	 23.740	ErrTwis	  0.838	  0.822	  0.061	 -0.004
[component_container-11] 	 23.740	    GPS	  2.067	 -1.036	  4.963	     --
[component_container-11] 	 23.740	   Baro	     --	     --	  4.639	     --
[component_container-11] 	 23.740	  BBias	     --	     --	 -0.301	     --
[component_container-11] 	 23.740	  Sonar	     --	     --	    inf	     --
[component_container-11] 	 23.740	  Magnt	     --	     --	     --	 -0.211
[component_container-11] 
[component_container-11] 	 23.770	   Pose	  2.011	 -1.279	  4.954	 -0.271
[component_container-11] 	 23.770	  Twist	 -0.146	 -0.024	 -0.065	 -0.278
[component_container-11] 	 23.770	ErrPose	  0.503	  0.756	 -0.005	 -0.004
[component_container-11] 	 23.770	ErrTwis	  0.842	  0.826	  0.054	 -0.001
[component_container-11] 	 23.770	    GPS	  2.067	 -1.036	  4.963	     --
[component_container-11] 	 23.770	   Baro	     --	     --	  4.728	     --
[component_container-11] 	 23.770	  BBias	     --	     --	 -0.301	     --
[component_container-11] 	 23.770	  Sonar	     --	     --	    inf	     --
[component_container-11] 	 23.770	  Magnt	     --	     --	     --	 -0.287
[component_container-11] 
[component_container-11] 	 23.800	   Pose	  2.007	 -1.279	  4.952	 -0.279
[component_container-11] 	 23.800	  Twist	 -0.148	 -0.025	 -0.064	 -0.276
[component_container-11] 	 23.800	ErrPose	  0.544	  0.780	 -0.004	 -0.006
[component_container-11] 	 23.800	ErrTwis	  0.850	  0.833	  0.054	 -0.003
[component_container-11] 	 23.800	    GPS	  2.067	 -1.036	  4.963	     --
[component_container-11] 	 23.800	   Baro	     --	     --	  4.728	     --
[component_container-11] 	 23.800	  BBias	     --	     --	 -0.301	     --
[component_container-11] 	 23.800	  Sonar	     --	     --	    inf	     --
[component_container-11] 	 23.800	  Magnt	     --	     --	     --	 -0.287
[component_container-11] 
[component_container-11] 	 23.840	   Pose	  2.001	 -1.280	  4.948	 -0.290
[component_container-11] 	 23.840	  Twist	 -0.150	 -0.027	 -0.066	 -0.277
[component_container-11] 	 23.840	ErrPose	  0.586	  0.804	 -0.002	 -0.007
[component_container-11] 	 23.840	ErrTwis	  0.858	  0.840	  0.056	 -0.002
[component_container-11] 	 23.840	    GPS	  2.067	 -1.036	  4.963	     --
[component_container-11] 	 23.840	   Baro	     --	     --	  4.631	     --
[component_container-11] 	 23.840	  BBias	     --	     --	 -0.301	     --
[component_container-11] 	 23.840	  Sonar	     --	     --	    inf	     --
[component_container-11] 	 23.840	  Magnt	     --	     --	     --	 -0.280
[component_container-11] 
[component_container-11] 	 23.870	   Pose	  1.996	 -1.281	  4.948	 -0.299
[component_container-11] 	 23.870	  Twist	 -0.152	 -0.029	 -0.063	 -0.279
[component_container-11] 	 23.870	ErrPose	  0.609	  0.817	 -0.002	 -0.004
[component_container-11] 	 23.870	ErrTwis	  0.862	  0.843	  0.054	  0.000
[component_container-11] 	 23.870	    GPS	  2.067	 -1.036	  4.963	     --
[component_container-11] 	 23.870	   Baro	     --	     --	  4.666	     --
[component_container-11] 	 23.870	  BBias	     --	     --	 -0.301	     --
[component_container-11] 	 23.870	  Sonar	     --	     --	    inf	     --
[component_container-11] 	 23.870	  Magnt	     --	     --	     --	 -0.301
[component_container-11] 
[component_container-11] 	 23.900	   Pose	  1.992	 -1.282	  4.946	 -0.307
[component_container-11] 	 23.900	  Twist	 -0.154	 -0.030	 -0.063	 -0.288
[component_container-11] 	 23.900	ErrPose	  0.651	  0.840	 -0.002	 -0.006
[component_container-11] 	 23.900	ErrTwis	  0.868	  0.849	  0.055	  0.010
[component_container-11] 	 23.900	    GPS	  2.067	 -1.036	  4.963	     --
[component_container-11] 	 23.900	   Baro	     --	     --	  4.666	     --
[component_container-11] 	 23.900	  BBias	     --	     --	 -0.301	     --
[component_container-11] 	 23.900	  Sonar	     --	     --	    inf	     --
[component_container-11] 	 23.900	  Magnt	     --	     --	     --	 -0.301
[component_container-11] 
[component_container-11] 	 23.940	   Pose	  1.985	 -1.283	  4.955	 -0.318
[component_container-11] 	 23.940	  Twist	 -0.157	 -0.031	 -0.051	 -0.277
[component_container-11] 	 23.940	ErrPose	  0.695	  0.864	 -0.012	 -0.006
[component_container-11] 	 23.940	ErrTwis	  0.874	  0.855	  0.044	 -0.002
[component_container-11] 	 23.940	    GPS	  2.067	 -1.036	  4.963	     --
[component_container-11] 	 23.940	   Baro	     --	     --	  4.770	     --
[component_container-11] 	 23.940	  BBias	     --	     --	 -0.301	     --
[component_container-11] 	 23.940	  Sonar	     --	     --	    inf	     --
[component_container-11] 	 23.940	  Magnt	     --	     --	     --	 -0.329
[component_container-11] 
[component_container-11] 	 23.970	   Pose	  1.981	 -1.284	  4.961	 -0.327
[component_container-11] 	 23.970	  Twist	 -0.159	 -0.033	 -0.042	 -0.298
[component_container-11] 	 23.970	ErrPose	  0.719	  0.876	 -0.019	 -0.003
[component_container-11] 	 23.970	ErrTwis	  0.877	  0.859	  0.036	  0.019
[component_container-11] 	 23.970	    GPS	  2.067	 -1.036	  4.963	     --
[component_container-11] 	 23.970	   Baro	     --	     --	  4.740	     --
[component_container-11] 	 23.970	  BBias	     --	     --	 -0.301	     --
[component_container-11] 	 23.970	  Sonar	     --	     --	    inf	     --
[component_container-11] 	 23.970	  Magnt	     --	     --	     --	 -0.328
[component_container-11] 
[component_container-11] [INFO] [1775320703.566730254] [drone.controller]: cmd_vel body=(0.494, 0.870, 0.017) yaw=-0.300 | odom_received=true | plan_points=18
[component_container-11] 	 24.000	   Pose	  1.976	 -1.285	  4.960	 -0.335
[component_container-11] 	 24.000	  Twist	 -0.161	 -0.034	 -0.042	 -0.281
[component_container-11] 	 24.000	ErrPose	  0.762	  0.899	 -0.019	 -0.006
[component_container-11] 	 24.000	ErrTwis	  0.881	  0.865	  0.036	  0.002
[component_container-11] 	 24.000	    GPS	  2.067	 -1.036	  4.963	     --
[component_container-11] 	 24.000	   Baro	     --	     --	  4.740	     --
[component_container-11] 	 24.000	  BBias	     --	     --	 -0.301	     --
[component_container-11] 	 24.000	  Sonar	     --	     --	    inf	     --
[component_container-11] 	 24.000	  Magnt	     --	     --	     --	 -0.328
[component_container-11] 
[component_container-11] [INFO] [1775320703.566982076] [drone.estimator]: TMP LOG err_xyz=(0.762, 0.899, -0.019) | z_est=4.960 vz_est=-0.042 bias=-0.301 | gps_z=4.963 sonar=inf baro=4.740
[component_container-11] 	 24.040	   Pose	  2.136	 -1.067	  4.959	 -0.346
[component_container-11] 	 24.040	  Twist	 -0.107	  0.039	 -0.040	 -0.286
[component_container-11] 	 24.040	ErrPose	  0.641	  0.702	 -0.020	 -0.006
[component_container-11] 	 24.040	ErrTwis	  0.828	  0.796	  0.036	  0.007
[component_container-11] 	 24.040	    GPS	  2.539	 -0.540	  4.940	     --
[component_container-11] 	 24.040	   Baro	     --	     --	  4.716	     --
[component_container-11] 	 24.040	  BBias	     --	     --	 -0.300	     --
[component_container-11] 	 24.040	  Sonar	     --	     --	    inf	     --
[component_container-11] 	 24.040	  Magnt	     --	     --	     --	 -0.327
[component_container-11] 
[component_container-11] 	 24.070	   Pose	  2.132	 -1.066	  4.958	 -0.355
[component_container-11] 	 24.070	  Twist	 -0.109	  0.038	 -0.041	 -0.285
[component_container-11] 	 24.070	ErrPose	  0.663	  0.711	 -0.019	 -0.003
[component_container-11] 	 24.070	ErrTwis	  0.829	  0.800	  0.038	  0.006
[component_container-11] 	 24.070	    GPS	  2.539	 -0.540	  4.940	     --
[component_container-11] 	 24.070	   Baro	     --	     --	  4.650	     --
[component_container-11] 	 24.070	  BBias	     --	     --	 -0.300	     --
[component_container-11] 	 24.070	  Sonar	     --	     --	    inf	     --
[component_container-11] 	 24.070	  Magnt	     --	     --	     --	 -0.391
[component_container-11] 
[component_container-11] 	 24.100	   Pose	  2.129	 -1.064	  4.956	 -0.363
[component_container-11] 	 24.100	  Twist	 -0.110	  0.036	 -0.041	 -0.268
[component_container-11] 	 24.100	ErrPose	  0.705	  0.732	 -0.019	 -0.006
[component_container-11] 	 24.100	ErrTwis	  0.830	  0.806	  0.037	 -0.011
[component_container-11] 	 24.100	    GPS	  2.539	 -0.540	  4.940	     --
[component_container-11] 	 24.100	   Baro	     --	     --	  4.650	     --
[component_container-11] 	 24.100	  BBias	     --	     --	 -0.300	     --
[component_container-11] 	 24.100	  Sonar	     --	     --	    inf	     --
[component_container-11] 	 24.100	  Magnt	     --	     --	     --	 -0.391
[component_container-11] 
[component_container-11] 	 24.140	   Pose	  2.125	 -1.063	  4.966	 -0.375
[component_container-11] 	 24.140	  Twist	 -0.114	  0.034	 -0.029	 -0.274
[component_container-11] 	 24.140	ErrPose	  0.749	  0.751	 -0.029	 -0.006
[component_container-11] 	 24.140	ErrTwis	  0.832	  0.811	  0.026	 -0.005
[component_container-11] 	 24.140	    GPS	  2.539	 -0.540	  4.940	     --
[component_container-11] 	 24.140	   Baro	     --	     --	  4.788	     --
[component_container-11] 	 24.140	  BBias	     --	     --	 -0.300	     --
[component_container-11] 	 24.140	  Sonar	     --	     --	    inf	     --
[component_container-11] 	 24.140	  Magnt	     --	     --	     --	 -0.384
[component_container-11] 
[component_container-11] 	 24.170	   Pose	  2.121	 -1.062	  4.967	 -0.384
[component_container-11] 	 24.170	  Twist	 -0.116	  0.033	 -0.026	 -0.282
[component_container-11] 	 24.170	ErrPose	  0.772	  0.761	 -0.031	 -0.001
[component_container-11] 	 24.170	ErrTwis	  0.833	  0.815	  0.023	  0.003
[component_container-11] 	 24.170	    GPS	  2.539	 -0.540	  4.940	     --
[component_container-11] 	 24.170	   Baro	     --	     --	  4.698	     --
[component_container-11] 	 24.170	  BBias	     --	     --	 -0.300	     --
[component_container-11] 	 24.170	  Sonar	     --	     --	    inf	     --
[component_container-11] 	 24.170	  Magnt	     --	     --	     --	 -0.446
[component_container-11] 
[component_container-11] 	 24.200	   Pose	  2.118	 -1.061	  4.967	 -0.393
[component_container-11] 	 24.200	  Twist	 -0.118	  0.032	 -0.026	 -0.274
[component_container-11] 	 24.200	ErrPose	  0.815	  0.780	 -0.031	 -0.004
[component_container-11] 	 24.200	ErrTwis	  0.833	  0.820	  0.024	 -0.005
[component_container-11] 	 24.200	    GPS	  2.539	 -0.540	  4.940	     --
[component_container-11] 	 24.200	   Baro	     --	     --	  4.698	     --
[component_container-11] 	 24.200	  BBias	     --	     --	 -0.300	     --
[component_container-11] 	 24.200	  Sonar	     --	     --	    inf	     --
[component_container-11] 	 24.200	  Magnt	     --	     --	     --	 -0.446
[component_container-11] 
[component_container-11] [INFO] [1775320703.774536968] [drone.estimator]: TMP LOG sonar rejected: meas=2.498 est_z=4.961 innov=-2.463
[component_container-11] 	 24.240	   Pose	  2.113	 -1.060	  4.960	 -0.404
[component_container-11] 	 24.240	  Twist	 -0.121	  0.030	 -0.032	 -0.280
[component_container-11] 	 24.240	ErrPose	  0.859	  0.800	 -0.025	 -0.004
[component_container-11] 	 24.240	ErrTwis	  0.831	  0.825	  0.030	  0.001
[component_container-11] 	 24.240	    GPS	  2.539	 -0.540	  4.940	     --
[component_container-11] 	 24.240	   Baro	     --	     --	  4.600	     --
[component_container-11] 	 24.240	  BBias	     --	     --	 -0.300	     --
[component_container-11] 	 24.240	  Sonar	     --	     --	  2.498	     --
[component_container-11] 	 24.240	  Magnt	     --	     --	     --	 -0.420
[component_container-11] 
[component_container-11] 	 24.270	   Pose	  2.109	 -1.059	  4.949	 -0.413
[component_container-11] 	 24.270	  Twist	 -0.123	  0.028	 -0.042	 -0.257
[component_container-11] 	 24.270	ErrPose	  0.883	  0.809	 -0.015	 -0.001
[component_container-11] 	 24.270	ErrTwis	  0.832	  0.829	  0.041	 -0.022
[component_container-11] 	 24.270	    GPS	  2.539	 -0.540	  4.940	     --
[component_container-11] 	 24.270	   Baro	     --	     --	  4.546	     --
[component_container-11] 	 24.270	  BBias	     --	     --	 -0.300	     --
[component_container-11] 	 24.270	  Sonar	     --	     --	  2.419	     --
[component_container-11] 	 24.270	  Magnt	     --	     --	     --	 -0.450
[component_container-11] 
[component_container-11] 	 24.300	   Pose	  2.106	 -1.058	  4.948	 -0.421
[component_container-11] 	 24.300	  Twist	 -0.125	  0.028	 -0.042	 -0.261
[component_container-11] 	 24.300	ErrPose	  0.926	  0.828	 -0.014	 -0.004
[component_container-11] 	 24.300	ErrTwis	  0.828	  0.833	  0.041	 -0.018
[component_container-11] 	 24.300	    GPS	  2.539	 -0.540	  4.940	     --
[component_container-11] 	 24.300	   Baro	     --	     --	  4.546	     --
[component_container-11] 	 24.300	  BBias	     --	     --	 -0.300	     --
[component_container-11] 	 24.300	  Sonar	     --	     --	  2.419	     --
[component_container-11] 	 24.300	  Magnt	     --	     --	     --	 -0.450
[component_container-11] 
[component_container-11] 	 24.340	   Pose	  2.100	 -1.057	  4.943	 -0.431
[component_container-11] 	 24.340	  Twist	 -0.128	  0.026	 -0.045	 -0.272
[component_container-11] 	 24.340	ErrPose	  0.971	  0.847	 -0.010	 -0.005
[component_container-11] 	 24.340	ErrTwis	  0.825	  0.839	  0.046	 -0.006
[component_container-11] 	 24.340	    GPS	  2.539	 -0.540	  4.940	     --
[component_container-11] 	 24.340	   Baro	     --	     --	  4.613	     --
[component_container-11] 	 24.340	  BBias	     --	     --	 -0.300	     --
[component_container-11] 	 24.340	  Sonar	     --	     --	  2.430	     --
[component_container-11] 	 24.340	  Magnt	     --	     --	     --	 -0.411
[component_container-11] 
[component_container-11] 	 24.370	   Pose	  2.097	 -1.056	  4.946	 -0.441
[component_container-11] 	 24.370	  Twist	 -0.130	  0.024	 -0.041	 -0.267
[component_container-11] 	 24.370	ErrPose	  0.995	  0.856	 -0.013	 -0.001
[component_container-11] 	 24.370	ErrTwis	  0.824	  0.842	  0.042	 -0.012
[component_container-11] 	 24.370	    GPS	  2.539	 -0.540	  4.940	     --
[component_container-11] 	 24.370	   Baro	     --	     --	  4.688	     --
[component_container-11] 	 24.370	  BBias	     --	     --	 -0.300	     --
[component_container-11] 	 24.370	  Sonar	     --	     --	  2.442	     --
[component_container-11] 	 24.370	  Magnt	     --	     --	     --	 -0.475
[component_container-11] 
[component_container-11] 	 24.400	   Pose	  2.093	 -1.056	  4.945	 -0.449
[component_container-11] 	 24.400	  Twist	 -0.132	  0.023	 -0.040	 -0.278
[component_container-11] 	 24.400	ErrPose	  1.038	  0.875	 -0.012	 -0.004
[component_container-11] 	 24.400	ErrTwis	  0.819	  0.847	  0.044	 -0.001
[component_container-11] 	 24.400	    GPS	  2.539	 -0.540	  4.940	     --
[component_container-11] 	 24.400	   Baro	     --	     --	  4.688	     --
[component_container-11] 	 24.400	  BBias	     --	     --	 -0.300	     --
[component_container-11] 	 24.400	  Sonar	     --	     --	  2.442	     --
[component_container-11] 	 24.400	  Magnt	     --	     --	     --	 -0.475
[component_container-11] 
[component_container-11] 	 24.440	   Pose	  2.087	 -1.055	  4.935	 -0.459
[component_container-11] 	 24.440	  Twist	 -0.135	  0.022	 -0.049	 -0.270
[component_container-11] 	 24.440	ErrPose	  1.083	  0.894	 -0.003	 -0.005
[component_container-11] 	 24.440	ErrTwis	  0.813	  0.853	  0.054	 -0.009
[component_container-11] 	 24.440	    GPS	  2.539	 -0.540	  4.940	     --
[component_container-11] 	 24.440	   Baro	     --	     --	  4.556	     --
[component_container-11] 	 24.440	  BBias	     --	     --	 -0.300	     --
[component_container-11] 	 24.440	  Sonar	     --	     --	  2.454	     --
[component_container-11] 	 24.440	  Magnt	     --	     --	     --	 -0.423
[component_container-11] 
[component_container-11] 	 24.470	   Pose	  2.083	 -1.054	  4.921	 -0.468
[component_container-11] 	 24.470	  Twist	 -0.137	  0.020	 -0.062	 -0.272
[component_container-11] 	 24.470	ErrPose	  1.107	  0.903	  0.012	 -0.002
[component_container-11] 	 24.470	ErrTwis	  0.811	  0.857	  0.068	 -0.007
[component_container-11] 	 24.470	    GPS	  2.539	 -0.540	  4.940	     --
[component_container-11] 	 24.470	   Baro	     --	     --	  4.486	     --
[component_container-11] 	 24.470	  BBias	     --	     --	 -0.300	     --
[component_container-11] 	 24.470	  Sonar	     --	     --	  2.454	     --
[component_container-11] 	 24.470	  Magnt	     --	     --	     --	 -0.484
[component_container-11] 
[component_container-11] 	 24.500	   Pose	  2.079	 -1.053	  4.919	 -0.476
[component_container-11] 	 24.500	  Twist	 -0.140	  0.018	 -0.062	 -0.268
[component_container-11] 	 24.500	ErrPose	  1.151	  0.922	  0.014	 -0.005
[component_container-11] 	 24.500	ErrTwis	  0.804	  0.864	  0.071	 -0.011
[component_container-11] 	 24.500	    GPS	  2.539	 -0.540	  4.940	     --
[component_container-11] 	 24.500	   Baro	     --	     --	  4.486	     --
[component_container-11] 	 24.500	  BBias	     --	     --	 -0.300	     --
[component_container-11] 	 24.500	  Sonar	     --	     --	  2.463	     --
[component_container-11] 	 24.500	  Magnt	     --	     --	     --	 -0.484
[component_container-11] 
[component_container-11] 	 24.540	   Pose	  2.371	 -0.833	  4.916	 -0.488
[component_container-11] 	 24.540	  Twist	 -0.041	  0.091	 -0.061	 -0.276
[component_container-11] 	 24.540	ErrPose	  0.899	  0.721	  0.016	 -0.004
[component_container-11] 	 24.540	ErrTwis	  0.695	  0.796	  0.071	 -0.002
[component_container-11] 	 24.540	    GPS	  3.081	 -0.312	  4.933	     --
[component_container-11] 	 24.540	   Baro	     --	     --	  4.587	     --
[component_container-11] 	 24.540	  BBias	     --	     --	 -0.301	     --
[component_container-11] 	 24.540	  Sonar	     --	     --	  2.453	     --
[component_container-11] 	 24.540	  Magnt	     --	     --	     --	 -0.508
[component_container-11] 
[component_container-11] 	 24.570	   Pose	  2.369	 -0.830	  4.917	 -0.497
[component_container-11] 	 24.570	  Twist	 -0.044	  0.090	 -0.057	 -0.269
[component_container-11] 	 24.570	ErrPose	  0.920	  0.728	  0.016	 -0.000
[component_container-11] 	 24.570	ErrTwis	  0.692	  0.799	  0.067	 -0.010
[component_container-11] 	 24.570	    GPS	  3.081	 -0.312	  4.933	     --
[component_container-11] 	 24.570	   Baro	     --	     --	  4.648	     --
[component_container-11] 	 24.570	  BBias	     --	     --	 -0.301	     --
[component_container-11] 	 24.570	  Sonar	     --	     --	  2.458	     --
[component_container-11] 	 24.570	  Magnt	     --	     --	     --	 -0.540
[component_container-11] 
[component_container-11] 	 24.600	   Pose	  2.368	 -0.828	  4.915	 -0.505
[component_container-11] 	 24.600	  Twist	 -0.046	  0.089	 -0.055	 -0.283
[component_container-11] 	 24.600	ErrPose	  0.960	  0.744	  0.018	 -0.003
[component_container-11] 	 24.600	ErrTwis	  0.682	  0.805	  0.068	  0.004
[component_container-11] 	 24.600	    GPS	  3.081	 -0.312	  4.933	     --
[component_container-11] 	 24.600	   Baro	     --	     --	  4.648	     --
[component_container-11] 	 24.600	  BBias	     --	     --	 -0.301	     --
[component_container-11] 	 24.600	  Sonar	     --	     --	  2.458	     --
[component_container-11] 	 24.600	  Magnt	     --	     --	     --	 -0.540
[component_container-11] 
[component_container-11] 	 24.640	   Pose	  2.366	 -0.824	  4.911	 -0.518
[component_container-11] 	 24.640	  Twist	 -0.048	  0.086	 -0.056	 -0.278
[component_container-11] 	 24.640	ErrPose	  1.001	  0.760	  0.023	 -0.002
[component_container-11] 	 24.640	ErrTwis	  0.673	  0.812	  0.071	 -0.001
[component_container-11] 	 24.640	    GPS	  3.081	 -0.312	  4.933	     --
[component_container-11] 	 24.640	   Baro	     --	     --	  4.582	     --
[component_container-11] 	 24.640	  BBias	     --	     --	 -0.301	     --
[component_container-11] 	 24.640	  Sonar	     --	     --	    inf	     --
[component_container-11] 	 24.640	  Magnt	     --	     --	     --	 -0.565
[component_container-11] 
[component_container-11] 	 24.670	   Pose	  2.365	 -0.822	  4.912	 -0.527
[component_container-11] 	 24.670	  Twist	 -0.050	  0.084	 -0.051	 -0.262
[component_container-11] 	 24.670	ErrPose	  1.022	  0.767	  0.022	  0.002
[component_container-11] 	 24.670	ErrTwis	  0.668	  0.816	  0.068	 -0.017
[component_container-11] 	 24.670	    GPS	  3.081	 -0.312	  4.933	     --
[component_container-11] 	 24.670	   Baro	     --	     --	  4.643	     --
[component_container-11] 	 24.670	  BBias	     --	     --	 -0.301	     --
[component_container-11] 	 24.670	  Sonar	     --	     --	    inf	     --
[component_container-11] 	 24.670	  Magnt	     --	     --	     --	 -0.565
[component_container-11] 
[component_container-11] 	 24.700	   Pose	  2.363	 -0.819	  4.910	 -0.535
[component_container-11] 	 24.700	  Twist	 -0.053	  0.083	 -0.050	 -0.278
[component_container-11] 	 24.700	ErrPose	  1.063	  0.784	  0.025	 -0.001
[component_container-11] 	 24.700	ErrTwis	  0.657	  0.822	  0.070	 -0.001
[component_container-11] 	 24.700	    GPS	  3.081	 -0.312	  4.933	     --
[component_container-11] 	 24.700	   Baro	     --	     --	  4.643	     --
[component_container-11] 	 24.700	  BBias	     --	     --	 -0.301	     --
[component_container-11] 	 24.700	  Sonar	     --	     --	    inf	     --
[component_container-11] 	 24.700	  Magnt	     --	     --	     --	 -0.565
[component_container-11] 
[component_container-11] 	 24.740	   Pose	  2.361	 -0.816	  4.910	 -0.547
[component_container-11] 	 24.740	  Twist	 -0.055	  0.080	 -0.045	 -0.251
[component_container-11] 	 24.740	ErrPose	  1.104	  0.800	  0.026	 -0.001
[component_container-11] 	 24.740	ErrTwis	  0.645	  0.828	  0.068	 -0.028
[component_container-11] 	 24.740	    GPS	  3.081	 -0.312	  4.933	     --
[component_container-11] 	 24.740	   Baro	     --	     --	  4.630	     --
[component_container-11] 	 24.740	  BBias	     --	     --	 -0.301	     --
[component_container-11] 	 24.740	  Sonar	     --	     --	    inf	     --
[component_container-11] 	 24.740	  Magnt	     --	     --	     --	 -0.566
[component_container-11] 
[component_container-11] 	 24.770	   Pose	  2.359	 -0.814	  4.902	 -0.555
[component_container-11] 	 24.770	  Twist	 -0.058	  0.078	 -0.049	 -0.272
[component_container-11] 	 24.770	ErrPose	  1.125	  0.807	  0.034	  0.002
[component_container-11] 	 24.770	ErrTwis	  0.640	  0.832	  0.075	 -0.007
[component_container-11] 	 24.770	    GPS	  3.081	 -0.312	  4.933	     --
[component_container-11] 	 24.770	   Baro	     --	     --	  4.530	     --
[component_container-11] 	 24.770	  BBias	     --	     --	 -0.301	     --
[component_container-11] 	 24.770	  Sonar	     --	     --	    inf	     --
[component_container-11] 	 24.770	  Magnt	     --	     --	     --	 -0.543
[component_container-11] 
[component_container-11] 	 24.800	   Pose	  2.358	 -0.811	  4.900	 -0.563
[component_container-11] 	 24.800	  Twist	 -0.060	  0.076	 -0.048	 -0.268
[component_container-11] 	 24.800	ErrPose	  1.165	  0.824	  0.037	 -0.001
[component_container-11] 	 24.800	ErrTwis	  0.627	  0.837	  0.078	 -0.011
[component_container-11] 	 24.800	    GPS	  3.081	 -0.312	  4.933	     --
[component_container-11] 	 24.800	   Baro	     --	     --	  4.530	     --
[component_container-11] 	 24.800	  BBias	     --	     --	 -0.301	     --
[component_container-11] 	 24.800	  Sonar	     --	     --	    inf	     --
[component_container-11] 	 24.800	  Magnt	     --	     --	     --	 -0.543
[component_container-11] 
[component_container-11] 	 24.840	   Pose	  2.355	 -0.808	  4.885	 -0.574
[component_container-11] 	 24.840	  Twist	 -0.062	  0.073	 -0.061	 -0.266
[component_container-11] 	 24.840	ErrPose	  1.205	  0.840	  0.054	 -0.001
[component_container-11] 	 24.840	ErrTwis	  0.613	  0.844	  0.094	 -0.013
[component_container-11] 	 24.840	    GPS	  3.081	 -0.312	  4.933	     --
[component_container-11] 	 24.840	   Baro	     --	     --	  4.442	     --
[component_container-11] 	 24.840	  BBias	     --	     --	 -0.301	     --
[component_container-11] 	 24.840	  Sonar	     --	     --	    inf	     --
[component_container-11] 	 24.840	  Magnt	     --	     --	     --	 -0.582
[component_container-11] 
[component_container-11] 	 24.870	   Pose	  2.353	 -0.806	  4.905	 -0.582
[component_container-11] 	 24.870	  Twist	 -0.064	  0.071	 -0.037	 -0.284
[component_container-11] 	 24.870	ErrPose	  1.226	  0.848	  0.035	  0.001
[component_container-11] 	 24.870	ErrTwis	  0.607	  0.848	  0.071	  0.005
[component_container-11] 	 24.870	    GPS	  3.081	 -0.312	  4.933	     --
[component_container-11] 	 24.870	   Baro	     --	     --	  4.837	     --
[component_container-11] 	 24.870	  BBias	     --	     --	 -0.301	     --
[component_container-11] 	 24.870	  Sonar	     --	     --	    inf	     --
[component_container-11] 	 24.870	  Magnt	     --	     --	     --	 -0.564
[component_container-11] 
[component_container-11] 	 24.900	   Pose	  2.351	 -0.804	  4.904	 -0.590
[component_container-11] 	 24.900	  Twist	 -0.066	  0.069	 -0.035	 -0.260
[component_container-11] 	 24.900	ErrPose	  1.265	  0.865	  0.037	 -0.002
[component_container-11] 	 24.900	ErrTwis	  0.592	  0.853	  0.073	 -0.019
[component_container-11] 	 24.900	    GPS	  3.081	 -0.312	  4.933	     --
[component_container-11] 	 24.900	   Baro	     --	     --	  4.837	     --
[component_container-11] 	 24.900	  BBias	     --	     --	 -0.301	     --
[component_container-11] 	 24.900	  Sonar	     --	     --	    inf	     --
[component_container-11] 	 24.900	  Magnt	     --	     --	     --	 -0.564
[component_container-11] 
[component_container-11] 	 24.940	   Pose	  2.349	 -0.801	  4.897	 -0.602
[component_container-11] 	 24.940	  Twist	 -0.068	  0.067	 -0.037	 -0.272
[component_container-11] 	 24.940	ErrPose	  1.305	  0.882	  0.046	 -0.001
[component_container-11] 	 24.940	ErrTwis	  0.576	  0.858	  0.079	 -0.007
[component_container-11] 	 24.940	    GPS	  3.081	 -0.312	  4.933	     --
[component_container-11] 	 24.940	   Baro	     --	     --	  4.544	     --
[component_container-11] 	 24.940	  BBias	     --	     --	 -0.301	     --
[component_container-11] 	 24.940	  Sonar	     --	     --	    inf	     --
[component_container-11] 	 24.940	  Magnt	     --	     --	     --	 -0.616
[component_container-11] 
[component_container-11] 	 24.970	   Pose	  2.347	 -0.799	  4.898	 -0.611
[component_container-11] 	 24.970	  Twist	 -0.070	  0.065	 -0.033	 -0.273
[component_container-11] 	 24.970	ErrPose	  1.326	  0.890	  0.046	  0.002
[component_container-11] 	 24.970	ErrTwis	  0.569	  0.861	  0.077	 -0.006
[component_container-11] 	 24.970	    GPS	  3.081	 -0.312	  4.933	     --
[component_container-11] 	 24.970	   Baro	     --	     --	  4.622	     --
[component_container-11] 	 24.970	  BBias	     --	     --	 -0.301	     --
[component_container-11] 	 24.970	  Sonar	     --	     --	    inf	     --
[component_container-11] 	 24.970	  Magnt	     --	     --	     --	 -0.643
[component_container-11] 
[component_container-11] [INFO] [1775320704.574128818] [drone.controller]: cmd_vel body=(0.178, 0.981, 0.081) yaw=-0.300 | odom_received=true | plan_points=13
[component_container-11] 	 25.000	   Pose	  2.344	 -0.797	  4.897	 -0.619
[component_container-11] 	 25.000	  Twist	 -0.072	  0.064	 -0.033	 -0.270
[component_container-11] 	 25.000	ErrPose	  1.365	  0.907	  0.049	 -0.001
[component_container-11] 	 25.000	ErrTwis	  0.552	  0.865	  0.079	 -0.009
[component_container-11] 	 25.000	    GPS	  3.081	 -0.312	  4.933	     --
[component_container-11] 	 25.000	   Baro	     --	     --	  4.622	     --
[component_container-11] 	 25.000	  BBias	     --	     --	 -0.301	     --
[component_container-11] 	 25.000	  Sonar	     --	     --	    inf	     --
[component_container-11] 	 25.000	  Magnt	     --	     --	     --	 -0.643
[component_container-11] 
[component_container-11] [INFO] [1775320704.574524799] [drone.estimator]: TMP LOG err_xyz=(1.365, 0.907, 0.049) | z_est=4.897 vz_est=-0.033 bias=-0.301 | gps_z=4.933 sonar=inf baro=4.622
[component_container-11] 	 25.040	   Pose	  2.692	 -0.599	  4.902	 -0.630
[component_container-11] 	 25.040	  Twist	  0.046	  0.129	 -0.027	 -0.273
[component_container-11] 	 25.040	ErrPose	  1.054	  0.729	  0.046	 -0.001
[component_container-11] 	 25.040	ErrTwis	  0.416	  0.802	  0.076	 -0.006
[component_container-11] 	 25.040	    GPS	  3.528	 -0.134	  4.947	     --
[component_container-11] 	 25.040	   Baro	     --	     --	  4.566	     --
[component_container-11] 	 25.040	  BBias	     --	     --	 -0.301	     --
[component_container-11] 	 25.040	  Sonar	     --	     --	    inf	     --
[component_container-11] 	 25.040	  Magnt	     --	     --	     --	 -0.604
[component_container-11] 
[component_container-11] 	 25.070	   Pose	  2.693	 -0.595	  4.901	 -0.638
[component_container-11] 	 25.070	  Twist	  0.044	  0.127	 -0.026	 -0.287
[component_container-11] 	 25.070	ErrPose	  1.070	  0.735	  0.049	  0.001
[component_container-11] 	 25.070	ErrTwis	  0.408	  0.805	  0.077	  0.008
[component_container-11] 	 25.070	    GPS	  3.528	 -0.134	  4.947	     --
[component_container-11] 	 25.070	   Baro	     --	     --	  4.594	     --
[component_container-11] 	 25.070	  BBias	     --	     --	 -0.301	     --
[component_container-11] 	 25.070	  Sonar	     --	     --	    inf	     --
[component_container-11] 	 25.070	  Magnt	     --	     --	     --	 -0.608
[component_container-11] 
[component_container-11] 	 25.100	   Pose	  2.695	 -0.591	  4.900	 -0.646
[component_container-11] 	 25.100	  Twist	  0.043	  0.125	 -0.025	 -0.279
[component_container-11] 	 25.100	ErrPose	  1.105	  0.751	  0.052	 -0.002
[component_container-11] 	 25.100	ErrTwis	  0.390	  0.808	  0.078	 -0.001
[component_container-11] 	 25.100	    GPS	  3.528	 -0.134	  4.947	     --
[component_container-11] 	 25.100	   Baro	     --	     --	  4.594	     --
[component_container-11] 	 25.100	  BBias	     --	     --	 -0.301	     --
[component_container-11] 	 25.100	  Sonar	     --	     --	    inf	     --
[component_container-11] 	 25.100	  Magnt	     --	     --	     --	 -0.608
[component_container-11] 
[component_container-11] 	 25.140	   Pose	  2.696	 -0.586	  4.921	 -0.657
[component_container-11] 	 25.140	  Twist	  0.041	  0.122	 -0.001	 -0.273
[component_container-11] 	 25.140	ErrPose	  1.139	  0.766	  0.033	 -0.002
[component_container-11] 	 25.140	ErrTwis	  0.373	  0.813	  0.056	 -0.006
[component_container-11] 	 25.140	    GPS	  3.528	 -0.134	  4.947	     --
[component_container-11] 	 25.140	   Baro	     --	     --	  4.875	     --
[component_container-11] 	 25.140	  BBias	     --	     --	 -0.301	     --
[component_container-11] 	 25.140	  Sonar	     --	     --	    inf	     --
[component_container-11] 	 25.140	  Magnt	     --	     --	     --	 -0.647
[component_container-11] 
[component_container-11] 	 25.170	   Pose	  2.697	 -0.582	  4.924	 -0.666
[component_container-11] 	 25.170	  Twist	  0.039	  0.120	  0.003	 -0.269
[component_container-11] 	 25.170	ErrPose	  1.155	  0.772	  0.032	  0.001
[component_container-11] 	 25.170	ErrTwis	  0.364	  0.815	  0.053	 -0.011
[component_container-11] 	 25.170	    GPS	  3.528	 -0.134	  4.947	     --
[component_container-11] 	 25.170	   Baro	     --	     --	  4.655	     --
[component_container-11] 	 25.170	  BBias	     --	     --	 -0.301	     --
[component_container-11] 	 25.170	  Sonar	     --	     --	    inf	     --
[component_container-11] 	 25.170	  Magnt	     --	     --	     --	 -0.672
[component_container-11] 
[component_container-11] 	 25.200	   Pose	  2.699	 -0.579	  4.924	 -0.674
[component_container-11] 	 25.200	  Twist	  0.037	  0.119	  0.004	 -0.285
[component_container-11] 	 25.200	ErrPose	  1.188	  0.789	  0.034	 -0.002
[component_container-11] 	 25.200	ErrTwis	  0.345	  0.817	  0.053	  0.005
[component_container-11] 	 25.200	    GPS	  3.528	 -0.134	  4.947	     --
[component_container-11] 	 25.200	   Baro	     --	     --	  4.655	     --
[component_container-11] 	 25.200	  BBias	     --	     --	 -0.301	     --
[component_container-11] 	 25.200	  Sonar	     --	     --	    inf	     --
[component_container-11] 	 25.200	  Magnt	     --	     --	     --	 -0.672
[component_container-11] 
[component_container-11] 	 25.240	   Pose	  2.700	 -0.574	  4.927	 -0.686
[component_container-11] 	 25.240	  Twist	  0.035	  0.116	  0.007	 -0.273
[component_container-11] 	 25.240	ErrPose	  1.221	  0.804	  0.034	 -0.001
[component_container-11] 	 25.240	ErrTwis	  0.326	  0.819	  0.051	 -0.007
[component_container-11] 	 25.240	    GPS	  3.528	 -0.134	  4.947	     --
[component_container-11] 	 25.240	   Baro	     --	     --	  4.652	     --
[component_container-11] 	 25.240	  BBias	     --	     --	 -0.301	     --
[component_container-11] 	 25.240	  Sonar	     --	     --	    inf	     --
[component_container-11] 	 25.240	  Magnt	     --	     --	     --	 -0.700
[component_container-11] 
[component_container-11] 	 25.270	   Pose	  2.701	 -0.571	  4.922	 -0.694
[component_container-11] 	 25.270	  Twist	  0.035	  0.114	  0.003	 -0.270
[component_container-11] 	 25.270	ErrPose	  1.237	  0.811	  0.040	  0.002
[component_container-11] 	 25.270	ErrTwis	  0.317	  0.820	  0.055	 -0.010
[component_container-11] 	 25.270	    GPS	  3.528	 -0.134	  4.947	     --
[component_container-11] 	 25.270	   Baro	     --	     --	  4.574	     --
[component_container-11] 	 25.270	  BBias	     --	     --	 -0.301	     --
[component_container-11] 	 25.270	  Sonar	     --	     --	    inf	     --
[component_container-11] 	 25.270	  Magnt	     --	     --	     --	 -0.707
[component_container-11] 
[component_container-11] 	 25.300	   Pose	  2.702	 -0.567	  4.923	 -0.703
[component_container-11] 	 25.300	  Twist	  0.033	  0.112	  0.002	 -0.283
[component_container-11] 	 25.300	ErrPose	  1.269	  0.828	  0.043	 -0.001
[component_container-11] 	 25.300	ErrTwis	  0.296	  0.819	  0.056	  0.003
[component_container-11] 	 25.300	    GPS	  3.528	 -0.134	  4.947	     --
[component_container-11] 	 25.300	   Baro	     --	     --	  4.574	     --
[component_container-11] 	 25.300	  BBias	     --	     --	 -0.301	     --
[component_container-11] 	 25.300	  Sonar	     --	     --	    inf	     --
[component_container-11] 	 25.300	  Magnt	     --	     --	     --	 -0.707
[component_container-11] 
[component_container-11] 	 25.340	   Pose	  2.703	 -0.563	  4.933	 -0.714
[component_container-11] 	 25.340	  Twist	  0.032	  0.110	  0.014	 -0.276
[component_container-11] 	 25.340	ErrPose	  1.301	  0.844	  0.035	 -0.001
[component_container-11] 	 25.340	ErrTwis	  0.275	  0.817	  0.046	 -0.004
[component_container-11] 	 25.340	    GPS	  3.528	 -0.134	  4.947	     --
[component_container-11] 	 25.340	   Baro	     --	     --	  4.740	     --
[component_container-11] 	 25.340	  BBias	     --	     --	 -0.301	     --
[component_container-11] 	 25.340	  Sonar	     --	     --	    inf	     --
[component_container-11] 	 25.340	  Magnt	     --	     --	     --	 -0.721
[component_container-11] 
[component_container-11] 	 25.370	   Pose	  2.704	 -0.560	  4.943	 -0.722
[component_container-11] 	 25.370	  Twist	  0.032	  0.108	  0.022	 -0.275
[component_container-11] 	 25.370	ErrPose	  1.316	  0.851	  0.027	  0.002
[component_container-11] 	 25.370	ErrTwis	  0.263	  0.817	  0.039	 -0.005
[component_container-11] 	 25.370	    GPS	  3.528	 -0.134	  4.947	     --
[component_container-11] 	 25.370	   Baro	     --	     --	  4.737	     --
[component_container-11] 	 25.370	  BBias	     --	     --	 -0.301	     --
[component_container-11] 	 25.370	  Sonar	     --	     --	    inf	     --
[component_container-11] 	 25.370	  Magnt	     --	     --	     --	 -0.718
[component_container-11] 
[component_container-11] 	 25.400	   Pose	  2.705	 -0.556	  4.943	 -0.731
[component_container-11] 	 25.400	  Twist	  0.031	  0.106	  0.022	 -0.269
[component_container-11] 	 25.400	ErrPose	  1.347	  0.869	  0.030	 -0.001
[component_container-11] 	 25.400	ErrTwis	  0.241	  0.815	  0.042	 -0.010
[component_container-11] 	 25.400	    GPS	  3.528	 -0.134	  4.947	     --
[component_container-11] 	 25.400	   Baro	     --	     --	  4.737	     --
[component_container-11] 	 25.400	  BBias	     --	     --	 -0.301	     --
[component_container-11] 	 25.400	  Sonar	     --	     --	    inf	     --
[component_container-11] 	 25.400	  Magnt	     --	     --	     --	 -0.718
[component_container-11] 
[component_container-11] 	 25.440	   Pose	  2.706	 -0.552	  4.946	 -0.742
[component_container-11] 	 25.440	  Twist	  0.029	  0.103	  0.022	 -0.280
[component_container-11] 	 25.440	ErrPose	  1.377	  0.885	  0.030	 -0.001
[component_container-11] 	 25.440	ErrTwis	  0.220	  0.814	  0.044	  0.001
[component_container-11] 	 25.440	    GPS	  3.528	 -0.134	  4.947	     --
[component_container-11] 	 25.440	   Baro	     --	     --	  4.668	     --
[component_container-11] 	 25.440	  BBias	     --	     --	 -0.301	     --
[component_container-11] 	 25.440	  Sonar	     --	     --	    inf	     --
[component_container-11] 	 25.440	  Magnt	     --	     --	     --	 -0.751
[component_container-11] 
[component_container-11] 	 25.470	   Pose	  2.707	 -0.549	  4.947	 -0.750
[component_container-11] 	 25.470	  Twist	  0.028	  0.101	  0.020	 -0.297
[component_container-11] 	 25.470	ErrPose	  1.392	  0.893	  0.031	  0.002
[component_container-11] 	 25.470	ErrTwis	  0.208	  0.814	  0.046	  0.018
[component_container-11] 	 25.470	    GPS	  3.528	 -0.134	  4.947	     --
[component_container-11] 	 25.470	   Baro	     --	     --	  4.647	     --
[component_container-11] 	 25.470	  BBias	     --	     --	 -0.301	     --
[component_container-11] 	 25.470	  Sonar	     --	     --	    inf	     --
[component_container-11] 	 25.470	  Magnt	     --	     --	     --	 -0.715
[component_container-11] 
[component_container-11] 	 25.500	   Pose	  2.708	 -0.546	  4.948	 -0.758
[component_container-11] 	 25.500	  Twist	  0.027	  0.099	  0.019	 -0.287
[component_container-11] 	 25.500	ErrPose	  1.422	  0.911	  0.033	 -0.001
[component_container-11] 	 25.500	ErrTwis	  0.185	  0.812	  0.049	  0.007
[component_container-11] 	 25.500	    GPS	  3.528	 -0.134	  4.947	     --
[component_container-11] 	 25.500	   Baro	     --	     --	  4.647	     --
[component_container-11] 	 25.500	  BBias	     --	     --	 -0.301	     --
[component_container-11] 	 25.500	  Sonar	     --	     --	    inf	     --
[component_container-11] 	 25.500	  Magnt	     --	     --	     --	 -0.715
[component_container-11] 
[component_container-11] 	 25.540	   Pose	  3.085	 -0.318	  4.961	 -0.770
[component_container-11] 	 25.540	  Twist	  0.154	  0.172	  0.029	 -0.267
[component_container-11] 	 25.540	ErrPose	  1.074	  0.704	  0.023	 -0.001
[component_container-11] 	 25.540	ErrTwis	  0.033	  0.735	  0.039	 -0.012
[component_container-11] 	 25.540	    GPS	  3.980	  0.213	  4.982	     --
[component_container-11] 	 25.540	   Baro	     --	     --	  4.743	     --
[component_container-11] 	 25.540	  BBias	     --	     --	 -0.301	     --
[component_container-11] 	 25.540	  Sonar	     --	     --	    inf	     --
[component_container-11] 	 25.540	  Magnt	     --	     --	     --	 -0.773
[component_container-11] 
[component_container-11] 	 25.570	   Pose	  3.090	 -0.313	  4.964	 -0.778
[component_container-11] 	 25.570	  Twist	  0.153	  0.170	  0.030	 -0.275
[component_container-11] 	 25.570	ErrPose	  1.084	  0.710	  0.022	  0.002
[component_container-11] 	 25.570	ErrTwis	  0.022	  0.734	  0.039	 -0.004
[component_container-11] 	 25.570	    GPS	  3.980	  0.213	  4.982	     --
[component_container-11] 	 25.570	   Baro	     --	     --	  4.685	     --
[component_container-11] 	 25.570	  BBias	     --	     --	 -0.301	     --
[component_container-11] 	 25.570	  Sonar	     --	     --	    inf	     --
[component_container-11] 	 25.570	  Magnt	     --	     --	     --	 -0.806
[component_container-11] 
[component_container-11] 	 25.600	   Pose	  3.094	 -0.308	  4.965	 -0.786
[component_container-11] 	 25.600	  Twist	  0.151	  0.168	  0.028	 -0.266
[component_container-11] 	 25.600	ErrPose	  1.109	  0.727	  0.024	 -0.001
[component_container-11] 	 25.600	ErrTwis	 -0.002	  0.731	  0.040	 -0.013
[component_container-11] 	 25.600	    GPS	  3.980	  0.213	  4.982	     --
[component_container-11] 	 25.600	   Baro	     --	     --	  4.685	     --
[component_container-11] 	 25.600	  BBias	     --	     --	 -0.301	     --
[component_container-11] 	 25.600	  Sonar	     --	     --	    inf	     --
[component_container-11] 	 25.600	  Magnt	     --	     --	     --	 -0.806
[component_container-11] 
[component_container-11] 	 25.640	   Pose	  3.101	 -0.301	  4.959	 -0.797
[component_container-11] 	 25.640	  Twist	  0.151	  0.166	  0.019	 -0.282
[component_container-11] 	 25.640	ErrPose	  1.131	  0.742	  0.032	 -0.002
[component_container-11] 	 25.640	ErrTwis	 -0.028	  0.729	  0.048	  0.003
[component_container-11] 	 25.640	    GPS	  3.980	  0.213	  4.982	     --
[component_container-11] 	 25.640	   Baro	     --	     --	  4.587	     --
[component_container-11] 	 25.640	  BBias	     --	     --	 -0.301	     --
[component_container-11] 	 25.640	  Sonar	     --	     --	    inf	     --
[component_container-11] 	 25.640	  Magnt	     --	     --	     --	 -0.788
[component_container-11] 
[component_container-11] 	 25.670	   Pose	  3.105	 -0.296	  4.962	 -0.806
[component_container-11] 	 25.670	  Twist	  0.151	  0.164	  0.019	 -0.273
[component_container-11] 	 25.670	ErrPose	  1.140	  0.748	  0.031	  0.002
[component_container-11] 	 25.670	ErrTwis	 -0.040	  0.727	  0.045	 -0.006
[component_container-11] 	 25.670	    GPS	  3.980	  0.213	  4.982	     --
[component_container-11] 	 25.670	   Baro	     --	     --	  4.684	     --
[component_container-11] 	 25.670	  BBias	     --	     --	 -0.301	     --
[component_container-11] 	 25.670	  Sonar	     --	     --	    inf	     --
[component_container-11] 	 25.670	  Magnt	     --	     --	     --	 -0.840
[component_container-11] 
[component_container-11] 	 25.700	   Pose	  3.110	 -0.291	  4.963	 -0.815
[component_container-11] 	 25.700	  Twist	  0.151	  0.163	  0.017	 -0.283
[component_container-11] 	 25.700	ErrPose	  1.163	  0.766	  0.033	 -0.001
[component_container-11] 	 25.700	ErrTwis	 -0.066	  0.720	  0.039	  0.004
[component_container-11] 	 25.700	    GPS	  3.980	  0.213	  4.982	     --
[component_container-11] 	 25.700	   Baro	     --	     --	  4.684	     --
[component_container-11] 	 25.700	  BBias	     --	     --	 -0.301	     --
[component_container-11] 	 25.700	  Sonar	     --	     --	    inf	     --
[component_container-11] 	 25.700	  Magnt	     --	     --	     --	 -0.840
[component_container-11] 
[component_container-11] 	 25.740	   Pose	  3.116	 -0.285	  4.977	 -0.826
[component_container-11] 	 25.740	  Twist	  0.151	  0.162	  0.029	 -0.269
[component_container-11] 	 25.740	ErrPose	  1.183	  0.781	  0.022	 -0.001
[component_container-11] 	 25.740	ErrTwis	 -0.091	  0.708	  0.016	 -0.010
[component_container-11] 	 25.740	    GPS	  3.980	  0.213	  4.982	     --
[component_container-11] 	 25.740	   Baro	     --	     --	  4.824	     --
[component_container-11] 	 25.740	  BBias	     --	     --	 -0.301	     --
[component_container-11] 	 25.740	  Sonar	     --	     --	    inf	     --
[component_container-11] 	 25.740	  Magnt	     --	     --	     --	 -0.810
[component_container-11] 
[component_container-11] 	 25.770	   Pose	  3.120	 -0.280	  4.982	 -0.834
[component_container-11] 	 25.770	  Twist	  0.150	  0.161	  0.032	 -0.268
[component_container-11] 	 25.770	ErrPose	  1.191	  0.788	  0.018	  0.002
[component_container-11] 	 25.770	ErrTwis	 -0.103	  0.701	  0.006	 -0.011
[component_container-11] 	 25.770	    GPS	  3.980	  0.213	  4.982	     --
[component_container-11] 	 25.770	   Baro	     --	     --	  4.728	     --
[component_container-11] 	 25.770	  BBias	     --	     --	 -0.301	     --
[component_container-11] 	 25.770	  Sonar	     --	     --	    inf	     --
[component_container-11] 	 25.770	  Magnt	     --	     --	     --	 -0.846
[component_container-11] 
[component_container-11] 	 25.800	   Pose	  3.125	 -0.275	  4.983	 -0.842
[component_container-11] 	 25.800	  Twist	  0.149	  0.158	  0.031	 -0.285
[component_container-11] 	 25.800	ErrPose	  1.211	  0.805	  0.020	 -0.001
[component_container-11] 	 25.800	ErrTwis	 -0.128	  0.682	 -0.003	  0.006
[component_container-11] 	 25.800	    GPS	  3.980	  0.213	  4.982	     --
[component_container-11] 	 25.800	   Baro	     --	     --	  4.728	     --
[component_container-11] 	 25.800	  BBias	     --	     --	 -0.301	     --
[component_container-11] 	 25.800	  Sonar	     --	     --	    inf	     --
[component_container-11] 	 25.800	  Magnt	     --	     --	     --	 -0.846
[component_container-11] 
[component_container-11] 	 25.840	   Pose	  3.131	 -0.269	  4.985	 -0.853
[component_container-11] 	 25.840	  Twist	  0.149	  0.155	  0.030	 -0.294
[component_container-11] 	 25.840	ErrPose	  1.228	  0.820	  0.021	 -0.001
[component_container-11] 	 25.840	ErrTwis	 -0.152	  0.658	 -0.008	  0.014
[component_container-11] 	 25.840	    GPS	  3.980	  0.213	  4.982	     --
[component_container-11] 	 25.840	   Baro	     --	     --	  4.696	     --
[component_container-11] 	 25.840	  BBias	     --	     --	 -0.301	     --
[component_container-11] 	 25.840	  Sonar	     --	     --	    inf	     --
[component_container-11] 	 25.840	  Magnt	     --	     --	     --	 -0.852
[component_container-11] 
[component_container-11] 	 25.870	   Pose	  3.135	 -0.264	  4.991	 -0.861
[component_container-11] 	 25.870	  Twist	  0.148	  0.153	  0.034	 -0.291
[component_container-11] 	 25.870	ErrPose	  1.234	  0.826	  0.017	  0.001
[component_container-11] 	 25.870	ErrTwis	 -0.164	  0.646	 -0.013	  0.011
[component_container-11] 	 25.870	    GPS	  3.980	  0.213	  4.982	     --
[component_container-11] 	 25.870	   Baro	     --	     --	  4.741	     --
[component_container-11] 	 25.870	  BBias	     --	     --	 -0.301	     --
[component_container-11] 	 25.870	  Sonar	     --	     --	    inf	     --
[component_container-11] 	 25.870	  Magnt	     --	     --	     --	 -0.836
[component_container-11] 
[component_container-11] 	 25.900	   Pose	  3.139	 -0.260	  4.992	 -0.869
[component_container-11] 	 25.900	  Twist	  0.148	  0.150	  0.031	 -0.253
[component_container-11] 	 25.900	ErrPose	  1.251	  0.842	  0.018	 -0.002
[component_container-11] 	 25.900	ErrTwis	 -0.187	  0.617	 -0.013	 -0.027
[component_container-11] 	 25.900	    GPS	  3.980	  0.213	  4.982	     --
[component_container-11] 	 25.900	   Baro	     --	     --	  4.741	     --
[component_container-11] 	 25.900	  BBias	     --	     --	 -0.301	     --
[component_container-11] 	 25.900	  Sonar	     --	     --	    inf	     --
[component_container-11] 	 25.900	  Magnt	     --	     --	     --	 -0.836
[component_container-11] 
[component_container-11] 	 25.940	   Pose	  3.145	 -0.254	  4.983	 -0.881
[component_container-11] 	 25.940	  Twist	  0.148	  0.148	  0.018	 -0.268
[component_container-11] 	 25.940	ErrPose	  1.265	  0.857	  0.030	 -0.002
[component_container-11] 	 25.940	ErrTwis	 -0.211	  0.587	 -0.000	 -0.012
[component_container-11] 	 25.940	    GPS	  3.980	  0.213	  4.982	     --
[component_container-11] 	 25.940	   Baro	     --	     --	  4.576	     --
[component_container-11] 	 25.940	  BBias	     --	     --	 -0.301	     --
[component_container-11] 	 25.940	  Sonar	     --	     --	    inf	     --
[component_container-11] 	 25.940	  Magnt	     --	     --	     --	 -0.880
[component_container-11] 
[component_container-11] 	 25.970	   Pose	  3.150	 -0.250	  4.988	 -0.890
[component_container-11] 	 25.970	  Twist	  0.148	  0.145	  0.021	 -0.282
[component_container-11] 	 25.970	ErrPose	  1.270	  0.863	  0.027	  0.001
[component_container-11] 	 25.970	ErrTwis	 -0.223	  0.572	 -0.002	  0.003
[component_container-11] 	 25.970	    GPS	  3.980	  0.213	  4.982	     --
[component_container-11] 	 25.970	   Baro	     --	     --	  4.734	     --
[component_container-11] 	 25.970	  BBias	     --	     --	 -0.301	     --
[component_container-11] 	 25.970	  Sonar	     --	     --	    inf	     --
[component_container-11] 	 25.970	  Magnt	     --	     --	     --	 -0.910
[component_container-11] 
[component_container-11] [INFO] [1775320705.577112148] [drone.controller]: cmd_vel body=(-0.425, 0.336, 0.012) yaw=-0.300 | odom_received=true | plan_points=6
[component_container-11] 	 26.000	   Pose	  3.154	 -0.245	  4.989	 -0.898
[component_container-11] 	 26.000	  Twist	  0.147	  0.143	  0.019	 -0.280
[component_container-11] 	 26.000	ErrPose	  1.283	  0.878	  0.029	 -0.002
[component_container-11] 	 26.000	ErrTwis	 -0.245	  0.541	  0.001	  0.000
[component_container-11] 	 26.000	    GPS	  3.980	  0.213	  4.982	     --
[component_container-11] 	 26.000	   Baro	     --	     --	  4.734	     --
[component_container-11] 	 26.000	  BBias	     --	     --	 -0.301	     --
[component_container-11] 	 26.000	  Sonar	     --	     --	    inf	     --
[component_container-11] 	 26.000	  Magnt	     --	     --	     --	 -0.910
[component_container-11] 
[component_container-11] [INFO] [1775320705.577326238] [drone.estimator]: TMP LOG err_xyz=(1.283, 0.878, 0.029) | z_est=4.989 vz_est=0.019 bias=-0.301 | gps_z=4.982 sonar=inf baro=4.734
[component_container-11] 	 26.040	   Pose	  3.486	 -0.005	  4.997	 -0.908
[component_container-11] 	 26.040	  Twist	  0.258	  0.219	  0.024	 -0.279
[component_container-11] 	 26.040	ErrPose	  0.967	  0.658	  0.023	 -0.003
[component_container-11] 	 26.040	ErrTwis	 -0.379	  0.431	 -0.002	 -0.001
[component_container-11] 	 26.040	    GPS	  4.258	  0.549	  5.018	     --
[component_container-11] 	 26.040	   Baro	     --	     --	  4.728	     --
[component_container-11] 	 26.040	  BBias	     --	     --	 -0.301	     --
[component_container-11] 	 26.040	  Sonar	     --	     --	    inf	     --
[component_container-11] 	 26.040	  Magnt	     --	     --	     --	 -0.853
[component_container-11] 
[component_container-11] 	 26.070	   Pose	  3.494	  0.001	  4.989	 -0.917
[component_container-11] 	 26.070	  Twist	  0.258	  0.216	  0.012	 -0.281
[component_container-11] 	 26.070	ErrPose	  0.967	  0.661	  0.032	  0.000
[component_container-11] 	 26.070	ErrTwis	 -0.390	  0.417	  0.010	  0.002
[component_container-11] 	 26.070	    GPS	  4.258	  0.549	  5.018	     --
[component_container-11] 	 26.070	   Baro	     --	     --	  4.579	     --
[component_container-11] 	 26.070	  BBias	     --	     --	 -0.301	     --
[component_container-11] 	 26.070	  Sonar	     --	     --	    inf	     --
[component_container-11] 	 26.070	  Magnt	     --	     --	     --	 -0.919
[component_container-11] 
[component_container-11] 	 26.100	   Pose	  3.501	  0.008	  4.989	 -0.925
[component_container-11] 	 26.100	  Twist	  0.259	  0.214	  0.010	 -0.264
[component_container-11] 	 26.100	ErrPose	  0.973	  0.674	  0.034	 -0.003
[component_container-11] 	 26.100	ErrTwis	 -0.412	  0.387	  0.014	 -0.016
[component_container-11] 	 26.100	    GPS	  4.258	  0.549	  5.018	     --
[component_container-11] 	 26.100	   Baro	     --	     --	  4.579	     --
[component_container-11] 	 26.100	  BBias	     --	     --	 -0.301	     --
[component_container-11] 	 26.100	  Sonar	     --	     --	    inf	     --
[component_container-11] 	 26.100	  Magnt	     --	     --	     --	 -0.919
[component_container-11] 
[component_container-11] 	 26.140	   Pose	  3.512	  0.016	  4.979	 -0.935
[component_container-11] 	 26.140	  Twist	  0.260	  0.212	 -0.004	 -0.270
[component_container-11] 	 26.140	ErrPose	  0.976	  0.685	  0.047	 -0.004
[component_container-11] 	 26.140	ErrTwis	 -0.434	  0.357	  0.029	 -0.010
[component_container-11] 	 26.140	    GPS	  4.258	  0.549	  5.018	     --
[component_container-11] 	 26.140	   Baro	     --	     --	  4.559	     --
[component_container-11] 	 26.140	  BBias	     --	     --	 -0.301	     --
[component_container-11] 	 26.140	  Sonar	     --	     --	    inf	     --
[component_container-11] 	 26.140	  Magnt	     --	     --	     --	 -0.912
[component_container-11] 
[component_container-11] 	 26.170	   Pose	  3.520	  0.023	  4.971	 -0.943
[component_container-11] 	 26.170	  Twist	  0.261	  0.210	 -0.014	 -0.288
[component_container-11] 	 26.170	ErrPose	  0.974	  0.688	  0.055	 -0.002
[component_container-11] 	 26.170	ErrTwis	 -0.445	  0.343	  0.039	  0.008
[component_container-11] 	 26.170	    GPS	  4.258	  0.549	  5.018	     --
[component_container-11] 	 26.170	   Baro	     --	     --	  4.586	     --
[component_container-11] 	 26.170	  BBias	     --	     --	 -0.301	     --
[component_container-11] 	 26.170	  Sonar	     --	     --	    inf	     --
[component_container-11] 	 26.170	  Magnt	     --	     --	     --	 -0.907
[component_container-11] 
[component_container-11] 	 26.200	   Pose	  3.527	  0.029	  4.971	 -0.951
[component_container-11] 	 26.200	  Twist	  0.262	  0.208	 -0.016	 -0.274
[component_container-11] 	 26.200	ErrPose	  0.977	  0.700	  0.058	 -0.004
[component_container-11] 	 26.200	ErrTwis	 -0.466	  0.312	  0.039	 -0.007
[component_container-11] 	 26.200	    GPS	  4.258	  0.549	  5.018	     --
[component_container-11] 	 26.200	   Baro	     --	     --	  4.586	     --
[component_container-11] 	 26.200	  BBias	     --	     --	 -0.301	     --
[component_container-11] 	 26.200	  Sonar	     --	     --	    inf	     --
[component_container-11] 	 26.200	  Magnt	     --	     --	     --	 -0.907
[component_container-11] 
[component_container-11] 	 26.240	   Pose	  3.538	  0.037	  4.979	 -0.963
[component_container-11] 	 26.240	  Twist	  0.265	  0.206	 -0.009	 -0.272
[component_container-11] 	 26.240	ErrPose	  0.976	  0.710	  0.052	 -0.004
[component_container-11] 	 26.240	ErrTwis	 -0.488	  0.278	  0.028	 -0.008
[component_container-11] 	 26.240	    GPS	  4.258	  0.549	  5.018	     --
[component_container-11] 	 26.240	   Baro	     --	     --	  4.773	     --
[component_container-11] 	 26.240	  BBias	     --	     --	 -0.301	     --
[component_container-11] 	 26.240	  Sonar	     --	     --	    inf	     --
[component_container-11] 	 26.240	  Magnt	     --	     --	     --	 -0.989
[component_container-11] 
[component_container-11] 	 26.270	   Pose	  3.546	  0.043	  4.981	 -0.972
[component_container-11] 	 26.270	  Twist	  0.267	  0.203	 -0.008	 -0.277
[component_container-11] 	 26.270	ErrPose	  0.972	  0.713	  0.051	 -0.001
[component_container-11] 	 26.270	ErrTwis	 -0.499	  0.262	  0.026	 -0.004
[component_container-11] 	 26.270	    GPS	  4.258	  0.549	  5.018	     --
[component_container-11] 	 26.270	   Baro	     --	     --	  4.705	     --
[component_container-11] 	 26.270	  BBias	     --	     --	 -0.301	     --
[component_container-11] 	 26.270	  Sonar	     --	     --	    inf	     --
[component_container-11] 	 26.270	  Magnt	     --	     --	     --	 -0.985
[component_container-11] 
[component_container-11] 	 26.300	   Pose	  3.554	  0.049	  4.981	 -0.980
[component_container-11] 	 26.300	  Twist	  0.269	  0.201	 -0.010	 -0.287
[component_container-11] 	 26.300	ErrPose	  0.971	  0.724	  0.053	 -0.004
[component_container-11] 	 26.300	ErrTwis	 -0.518	  0.223	  0.027	  0.007
[component_container-11] 	 26.300	    GPS	  4.258	  0.549	  5.018	     --
[component_container-11] 	 26.300	   Baro	     --	     --	  4.705	     --
[component_container-11] 	 26.300	  BBias	     --	     --	 -0.301	     --
[component_container-11] 	 26.300	  Sonar	     --	     --	    inf	     --
[component_container-11] 	 26.300	  Magnt	     --	     --	     --	 -0.985
[component_container-11] 
[component_container-11] 	 26.340	   Pose	  3.565	  0.057	  4.983	 -0.991
[component_container-11] 	 26.340	  Twist	  0.270	  0.198	 -0.010	 -0.282
[component_container-11] 	 26.340	ErrPose	  0.965	  0.733	  0.053	 -0.004
[component_container-11] 	 26.340	ErrTwis	 -0.537	  0.181	  0.028	  0.001
[component_container-11] 	 26.340	    GPS	  4.258	  0.549	  5.018	     --
[component_container-11] 	 26.340	   Baro	     --	     --	  4.708	     --
[component_container-11] 	 26.340	  BBias	     --	     --	 -0.301	     --
[component_container-11] 	 26.340	  Sonar	     --	     --	    inf	     --
[component_container-11] 	 26.340	  Magnt	     --	     --	     --	 -0.964
[component_container-11] 
[component_container-11] 	 26.370	   Pose	  3.573	  0.063	  4.985	 -0.999
[component_container-11] 	 26.370	  Twist	  0.272	  0.196	 -0.009	 -0.285
[component_container-11] 	 26.370	ErrPose	  0.959	  0.735	  0.051	 -0.001
[component_container-11] 	 26.370	ErrTwis	 -0.547	  0.162	  0.028	  0.005
[component_container-11] 	 26.370	    GPS	  4.258	  0.549	  5.018	     --
[component_container-11] 	 26.370	   Baro	     --	     --	  4.719	     --
[component_container-11] 	 26.370	  BBias	     --	     --	 -0.301	     --
[component_container-11] 	 26.370	  Sonar	     --	     --	    inf	     --
[component_container-11] 	 26.370	  Magnt	     --	     --	     --	 -0.993
[component_container-11] 
[component_container-11] 	 26.400	   Pose	  3.581	  0.069	  4.985	 -1.007
[component_container-11] 	 26.400	  Twist	  0.274	  0.193	 -0.012	 -0.269
[component_container-11] 	 26.400	ErrPose	  0.954	  0.746	  0.053	 -0.005
[component_container-11] 	 26.400	ErrTwis	 -0.565	  0.120	  0.032	 -0.011
[component_container-11] 	 26.400	    GPS	  4.258	  0.549	  5.018	     --
[component_container-11] 	 26.400	   Baro	     --	     --	  4.719	     --
[component_container-11] 	 26.400	  BBias	     --	     --	 -0.301	     --
[component_container-11] 	 26.400	  Sonar	     --	     --	    inf	     --
[component_container-11] 	 26.400	  Magnt	     --	     --	     --	 -0.993
[component_container-11] 
[component_container-11] 	 26.440	   Pose	  3.592	  0.077	  4.986	 -1.017
[component_container-11] 	 26.440	  Twist	  0.276	  0.191	 -0.014	 -0.273
[component_container-11] 	 26.440	ErrPose	  0.944	  0.754	  0.053	 -0.006
[component_container-11] 	 26.440	ErrTwis	 -0.581	  0.078	  0.037	 -0.007
[component_container-11] 	 26.440	    GPS	  4.258	  0.549	  5.018	     --
[component_container-11] 	 26.440	   Baro	     --	     --	  4.700	     --
[component_container-11] 	 26.440	  BBias	     --	     --	 -0.301	     --
[component_container-11] 	 26.440	  Sonar	     --	     --	    inf	     --
[component_container-11] 	 26.440	  Magnt	     --	     --	     --	 -0.974
[component_container-11] 
[component_container-11] 	 26.470	   Pose	  3.600	  0.082	  4.998	 -1.025
[component_container-11] 	 26.470	  Twist	  0.278	  0.188	 -0.004	 -0.290
[component_container-11] 	 26.470	ErrPose	  0.936	  0.756	  0.042	 -0.003
[component_container-11] 	 26.470	ErrTwis	 -0.591	  0.059	  0.029	  0.010
[component_container-11] 	 26.470	    GPS	  4.258	  0.549	  5.018	     --
[component_container-11] 	 26.470	   Baro	     --	     --	  4.820	     --
[component_container-11] 	 26.470	  BBias	     --	     --	 -0.301	     --
[component_container-11] 	 26.470	  Sonar	     --	     --	    inf	     --
[component_container-11] 	 26.470	  Magnt	     --	     --	     --	 -1.004
[component_container-11] 
[component_container-11] 	 26.500	   Pose	  3.609	  0.088	  4.998	 -1.033
[component_container-11] 	 26.500	  Twist	  0.280	  0.186	 -0.006	 -0.277
[component_container-11] 	 26.500	ErrPose	  0.927	  0.765	  0.043	 -0.006
[component_container-11] 	 26.500	ErrTwis	 -0.607	  0.019	  0.033	 -0.003
[component_container-11] 	 26.500	    GPS	  4.258	  0.549	  5.018	     --
[component_container-11] 	 26.500	   Baro	     --	     --	  4.820	     --
[component_container-11] 	 26.500	  BBias	     --	     --	 -0.301	     --
[component_container-11] 	 26.500	  Sonar	     --	     --	    inf	     --
[component_container-11] 	 26.500	  Magnt	     --	     --	     --	 -1.004
[component_container-11] 
[component_container-11] 	 26.540	   Pose	  3.811	  0.309	  5.011	 -1.044
[component_container-11] 	 26.540	  Twist	  0.347	  0.255	  0.003	 -0.282
[component_container-11] 	 26.540	ErrPose	  0.722	  0.559	  0.032	 -0.007
[component_container-11] 	 26.540	ErrTwis	 -0.688	 -0.091	  0.024	  0.002
[component_container-11] 	 26.540	    GPS	  4.258	  0.814	  5.041	     --
[component_container-11] 	 26.540	   Baro	     --	     --	  4.777	     --
[component_container-11] 	 26.540	  BBias	     --	     --	 -0.301	     --
[component_container-11] 	 26.540	  Sonar	     --	     --	    inf	     --
[component_container-11] 	 26.540	  Magnt	     --	     --	     --	 -1.022
[component_container-11] 
[component_container-11] 	 26.570	   Pose	  3.821	  0.317	  5.020	 -1.052
[component_container-11] 	 26.570	  Twist	  0.350	  0.252	  0.009	 -0.286
[component_container-11] 	 26.570	ErrPose	  0.710	  0.559	  0.023	 -0.004
[component_container-11] 	 26.570	ErrTwis	 -0.697	 -0.108	  0.018	  0.006
[component_container-11] 	 26.570	    GPS	  4.258	  0.814	  5.041	     --
[component_container-11] 	 26.570	   Baro	     --	     --	  4.824	     --
[component_container-11] 	 26.570	  BBias	     --	     --	 -0.301	     --
[component_container-11] 	 26.570	  Sonar	     --	     --	    inf	     --
[component_container-11] 	 26.570	  Magnt	     --	     --	     --	 -1.032
[component_container-11] 
[component_container-11] 	 26.600	   Pose	  3.832	  0.325	  5.020	 -1.061
[component_container-11] 	 26.600	  Twist	  0.353	  0.251	  0.006	 -0.279
[component_container-11] 	 26.600	ErrPose	  0.695	  0.565	  0.024	 -0.007
[component_container-11] 	 26.600	ErrTwis	 -0.712	 -0.145	  0.023	 -0.000
[component_container-11] 	 26.600	    GPS	  4.258	  0.814	  5.041	     --
[component_container-11] 	 26.600	   Baro	     --	     --	  4.824	     --
[component_container-11] 	 26.600	  BBias	     --	     --	 -0.301	     --
[component_container-11] 	 26.600	  Sonar	     --	     --	    inf	     --
[component_container-11] 	 26.600	  Magnt	     --	     --	     --	 -1.032
[component_container-11] 
[component_container-11] 	 26.640	   Pose	  3.846	  0.335	  5.024	 -1.072
[component_container-11] 	 26.640	  Twist	  0.355	  0.249	  0.004	 -0.281
[component_container-11] 	 26.640	ErrPose	  0.675	  0.570	  0.021	 -0.007
[component_container-11] 	 26.640	ErrTwis	 -0.727	 -0.180	  0.024	  0.002
[component_container-11] 	 26.640	    GPS	  4.258	  0.814	  5.041	     --
[component_container-11] 	 26.640	   Baro	     --	     --	  4.767	     --
[component_container-11] 	 26.640	  BBias	     --	     --	 -0.301	     --
[component_container-11] 	 26.640	  Sonar	     --	     --	    inf	     --
[component_container-11] 	 26.640	  Magnt	     --	     --	     --	 -1.058
[component_container-11] 
[component_container-11] 	 26.670	   Pose	  3.857	  0.342	  5.026	 -1.079
[component_container-11] 	 26.670	  Twist	  0.359	  0.246	  0.002	 -0.268
[component_container-11] 	 26.670	ErrPose	  0.660	  0.569	  0.019	 -0.005
[component_container-11] 	 26.670	ErrTwis	 -0.736	 -0.196	  0.026	 -0.012
[component_container-11] 	 26.670	    GPS	  4.258	  0.814	  5.041	     --
[component_container-11] 	 26.670	   Baro	     --	     --	  4.747	     --
[component_container-11] 	 26.670	  BBias	     --	     --	 -0.301	     --
[component_container-11] 	 26.670	  Sonar	     --	     --	    inf	     --
[component_container-11] 	 26.670	  Magnt	     --	     --	     --	 -1.050
[component_container-11] 
[component_container-11] 	 26.700	   Pose	  3.868	  0.349	  5.026	 -1.088
[component_container-11] 	 26.700	  Twist	  0.362	  0.244	 -0.002	 -0.271
[component_container-11] 	 26.700	ErrPose	  0.642	  0.575	  0.019	 -0.008
[component_container-11] 	 26.700	ErrTwis	 -0.749	 -0.231	  0.028	 -0.009
[component_container-11] 	 26.700	    GPS	  4.258	  0.814	  5.041	     --
[component_container-11] 	 26.700	   Baro	     --	     --	  4.747	     --
[component_container-11] 	 26.700	  BBias	     --	     --	 -0.301	     --
[component_container-11] 	 26.700	  Sonar	     --	     --	    inf	     --
[component_container-11] 	 26.700	  Magnt	     --	     --	     --	 -1.050
[component_container-11] 
[component_container-11] 	 26.740	   Pose	  3.882	  0.359	  5.031	 -1.099
[component_container-11] 	 26.740	  Twist	  0.367	  0.242	 -0.002	 -0.283
[component_container-11] 	 26.740	ErrPose	  0.618	  0.579	  0.014	 -0.007
[component_container-11] 	 26.740	ErrTwis	 -0.763	 -0.266	  0.026	  0.003
[component_container-11] 	 26.740	    GPS	  4.258	  0.814	  5.041	     --
[component_container-11] 	 26.740	   Baro	     --	     --	  4.792	     --
[component_container-11] 	 26.740	  BBias	     --	     --	 -0.301	     --
[component_container-11] 	 26.740	  Sonar	     --	     --	    inf	     --
[component_container-11] 	 26.740	  Magnt	     --	     --	     --	 -1.123
[component_container-11] 
[component_container-11] 	 26.770	   Pose	  3.893	  0.366	  5.031	 -1.109
[component_container-11] 	 26.770	  Twist	  0.371	  0.241	 -0.007	 -0.273
[component_container-11] 	 26.770	ErrPose	  0.602	  0.578	  0.015	 -0.003
[component_container-11] 	 26.770	ErrTwis	 -0.771	 -0.285	  0.031	 -0.007
[component_container-11] 	 26.770	    GPS	  4.258	  0.814	  5.041	     --
[component_container-11] 	 26.770	   Baro	     --	     --	  4.724	     --
[component_container-11] 	 26.770	  BBias	     --	     --	 -0.301	     --
[component_container-11] 	 26.770	  Sonar	     --	     --	    inf	     --
[component_container-11] 	 26.770	  Magnt	     --	     --	     --	 -1.155
[component_container-11] 
[component_container-11] 	 26.800	   Pose	  3.904	  0.373	  5.030	 -1.117
[component_container-11] 	 26.800	  Twist	  0.374	  0.239	 -0.011	 -0.281
[component_container-11] 	 26.800	ErrPose	  0.579	  0.584	  0.015	 -0.006
[component_container-11] 	 26.800	ErrTwis	 -0.781	 -0.323	  0.033	  0.001
[component_container-11] 	 26.800	    GPS	  4.258	  0.814	  5.041	     --
[component_container-11] 	 26.800	   Baro	     --	     --	  4.724	     --
[component_container-11] 	 26.800	  BBias	     --	     --	 -0.301	     --
[component_container-11] 	 26.800	  Sonar	     --	     --	    inf	     --
[component_container-11] 	 26.800	  Magnt	     --	     --	     --	 -1.155
[component_container-11] 
[component_container-11] 	 26.840	   Pose	  3.919	  0.383	  5.032	 -1.129
[component_container-11] 	 26.840	  Twist	  0.378	  0.236	 -0.016	 -0.276
[component_container-11] 	 26.840	ErrPose	  0.551	  0.587	  0.013	 -0.005
[component_container-11] 	 26.840	ErrTwis	 -0.792	 -0.363	  0.035	 -0.003
[component_container-11] 	 26.840	    GPS	  4.258	  0.814	  5.041	     --
[component_container-11] 	 26.840	   Baro	     --	     --	  4.752	     --
[component_container-11] 	 26.840	  BBias	     --	     --	 -0.301	     --
[component_container-11] 	 26.840	  Sonar	     --	     --	    inf	     --
[component_container-11] 	 26.840	  Magnt	     --	     --	     --	 -1.155
[component_container-11] 
[component_container-11] 	 26.870	   Pose	  3.931	  0.390	  5.025	 -1.137
[component_container-11] 	 26.870	  Twist	  0.382	  0.234	 -0.026	 -0.259
[component_container-11] 	 26.870	ErrPose	  0.533	  0.586	  0.020	 -0.003
[component_container-11] 	 26.870	ErrTwis	 -0.798	 -0.382	  0.044	 -0.020
[component_container-11] 	 26.870	    GPS	  4.258	  0.814	  5.041	     --
[component_container-11] 	 26.870	   Baro	     --	     --	  4.660	     --
[component_container-11] 	 26.870	  BBias	     --	     --	 -0.301	     --
[component_container-11] 	 26.870	  Sonar	     --	     --	    inf	     --
[component_container-11] 	 26.870	  Magnt	     --	     --	     --	 -1.142
[component_container-11] 
[component_container-11] 	 26.900	   Pose	  3.942	  0.397	  5.024	 -1.146
[component_container-11] 	 26.900	  Twist	  0.385	  0.233	 -0.031	 -0.275
[component_container-11] 	 26.900	ErrPose	  0.506	  0.591	  0.020	 -0.005
[component_container-11] 	 26.900	ErrTwis	 -0.806	 -0.423	  0.047	 -0.005
[component_container-11] 	 26.900	    GPS	  4.258	  0.814	  5.041	     --
[component_container-11] 	 26.900	   Baro	     --	     --	  4.660	     --
[component_container-11] 	 26.900	  BBias	     --	     --	 -0.301	     --
[component_container-11] 	 26.900	  Sonar	     --	     --	    inf	     --
[component_container-11] 	 26.900	  Magnt	     --	     --	     --	 -1.142
[component_container-11] 
[component_container-11] 	 26.940	   Pose	  3.958	  0.406	  5.036	 -1.156
[component_container-11] 	 26.940	  Twist	  0.389	  0.230	 -0.023	 -0.288
[component_container-11] 	 26.940	ErrPose	  0.474	  0.593	  0.007	 -0.006
[component_container-11] 	 26.940	ErrTwis	 -0.814	 -0.463	  0.037	  0.008
[component_container-11] 	 26.940	    GPS	  4.258	  0.814	  5.041	     --
[component_container-11] 	 26.940	   Baro	     --	     --	  4.869	     --
[component_container-11] 	 26.940	  BBias	     --	     --	 -0.301	     --
[component_container-11] 	 26.940	  Sonar	     --	     --	    inf	     --
[component_container-11] 	 26.940	  Magnt	     --	     --	     --	 -1.109
[component_container-11] 
[component_container-11] 	 26.970	   Pose	  3.970	  0.413	  5.047	 -1.165
[component_container-11] 	 26.970	  Twist	  0.393	  0.228	 -0.016	 -0.265
[component_container-11] 	 26.970	ErrPose	  0.454	  0.592	 -0.004	 -0.003
[component_container-11] 	 26.970	ErrTwis	 -0.819	 -0.482	  0.028	 -0.015
[component_container-11] 	 26.970	    GPS	  4.258	  0.814	  5.041	     --
[component_container-11] 	 26.970	   Baro	     --	     --	  4.861	     --
[component_container-11] 	 26.970	  BBias	     --	     --	 -0.301	     --
[component_container-11] 	 26.970	  Sonar	     --	     --	    inf	     --
[component_container-11] 	 26.970	  Magnt	     --	     --	     --	 -1.176
[component_container-11] 
[component_container-11] [INFO] [1775320706.588006278] [drone.controller]: cmd_vel body=(-0.419, -0.774, -0.047) yaw=-0.300 | odom_received=true | plan_points=9
[component_container-11] [INFO] [1775320706.588531345] [drone.estimator]: TMP LOG err_xyz=(0.423, 0.596, -0.004) | z_est=5.046 vz_est=-0.020 bias=-0.301 | gps_z=5.041 sonar=inf baro=4.861
[component_container-11] 	 27.000	   Pose	  3.981	  0.420	  5.046	 -1.173
[component_container-11] 	 27.000	  Twist	  0.396	  0.225	 -0.020	 -0.283
[component_container-11] 	 27.000	ErrPose	  0.423	  0.596	 -0.004	 -0.006
[component_container-11] 	 27.000	ErrTwis	 -0.825	 -0.520	  0.029	  0.003
[component_container-11] 	 27.000	    GPS	  4.258	  0.814	  5.041	     --
[component_container-11] 	 27.000	   Baro	     --	     --	  4.861	     --
[component_container-11] 	 27.000	  BBias	     --	     --	 -0.301	     --
[component_container-11] 	 27.000	  Sonar	     --	     --	    inf	     --
[component_container-11] 	 27.000	  Magnt	     --	     --	     --	 -1.176
[component_container-11] 
[component_container-11] 	 27.040	   Pose	  4.060	  0.622	  5.039	 -1.184
[component_container-11] 	 27.040	  Twist	  0.423	  0.288	 -0.031	 -0.280
[component_container-11] 	 27.040	ErrPose	  0.325	  0.404	  0.001	 -0.006
[component_container-11] 	 27.040	ErrTwis	 -0.852	 -0.623	  0.038	  0.000
[component_container-11] 	 27.040	    GPS	  4.197	  1.075	  5.041	     --
[component_container-11] 	 27.040	   Baro	     --	     --	  4.681	     --
[component_container-11] 	 27.040	  BBias	     --	     --	 -0.301	     --
[component_container-11] 	 27.040	  Sonar	     --	     --	    inf	     --
[component_container-11] 	 27.040	  Magnt	     --	     --	     --	 -1.189
[component_container-11] 
[component_container-11] 	 27.070	   Pose	  4.073	  0.630	  5.030	 -1.193
[component_container-11] 	 27.070	  Twist	  0.426	  0.286	 -0.044	 -0.273
[component_container-11] 	 27.070	ErrPose	  0.302	  0.401	  0.010	 -0.002
[component_container-11] 	 27.070	ErrTwis	 -0.855	 -0.640	  0.050	 -0.007
[component_container-11] 	 27.070	    GPS	  4.197	  1.075	  5.041	     --
[component_container-11] 	 27.070	   Baro	     --	     --	  4.629	     --
[component_container-11] 	 27.070	  BBias	     --	     --	 -0.301	     --
[component_container-11] 	 27.070	  Sonar	     --	     --	    inf	     --
[component_container-11] 	 27.070	  Magnt	     --	     --	     --	 -1.199
[component_container-11] 
[component_container-11] 	 27.100	   Pose	  4.085	  0.639	  5.029	 -1.201
[component_container-11] 	 27.100	  Twist	  0.430	  0.285	 -0.048	 -0.279
[component_container-11] 	 27.100	ErrPose	  0.267	  0.402	  0.009	 -0.005
[component_container-11] 	 27.100	ErrTwis	 -0.858	 -0.677	  0.051	 -0.001
[component_container-11] 	 27.100	    GPS	  4.197	  1.075	  5.041	     --
[component_container-11] 	 27.100	   Baro	     --	     --	  4.629	     --
[component_container-11] 	 27.100	  BBias	     --	     --	 -0.301	     --
[component_container-11] 	 27.100	  Sonar	     --	     --	    inf	     --
[component_container-11] 	 27.100	  Magnt	     --	     --	     --	 -1.199
[component_container-11] 
[component_container-11] 	 27.140	   Pose	  4.103	  0.650	  5.036	 -1.213
[component_container-11] 	 27.140	  Twist	  0.435	  0.283	 -0.043	 -0.264
[component_container-11] 	 27.140	ErrPose	  0.227	  0.400	  0.000	 -0.005
[component_container-11] 	 27.140	ErrTwis	 -0.862	 -0.711	  0.042	 -0.016
[component_container-11] 	 27.140	    GPS	  4.197	  1.075	  5.041	     --
[component_container-11] 	 27.140	   Baro	     --	     --	  4.840	     --
[component_container-11] 	 27.140	  BBias	     --	     --	 -0.301	     --
[component_container-11] 	 27.140	  Sonar	     --	     --	    inf	     --
[component_container-11] 	 27.140	  Magnt	     --	     --	     --	 -1.217
[component_container-11] 
[component_container-11] 	 27.170	   Pose	  4.116	  0.659	  5.033	 -1.220
[component_container-11] 	 27.170	  Twist	  0.439	  0.281	 -0.047	 -0.272
[component_container-11] 	 27.170	ErrPose	  0.202	  0.397	  0.002	 -0.003
[component_container-11] 	 27.170	ErrTwis	 -0.864	 -0.727	  0.045	 -0.008
[component_container-11] 	 27.170	    GPS	  4.197	  1.075	  5.041	     --
[component_container-11] 	 27.170	   Baro	     --	     --	  4.722	     --
[component_container-11] 	 27.170	  BBias	     --	     --	 -0.301	     --
[component_container-11] 	 27.170	  Sonar	     --	     --	    inf	     --
[component_container-11] 	 27.170	  Magnt	     --	     --	     --	 -1.195
[component_container-11] 
[component_container-11] 	 27.200	   Pose	  4.129	  0.667	  5.032	 -1.228
[component_container-11] 	 27.200	  Twist	  0.443	  0.280	 -0.051	 -0.283
[component_container-11] 	 27.200	ErrPose	  0.164	  0.397	  0.001	 -0.005
[component_container-11] 	 27.200	ErrTwis	 -0.865	 -0.760	  0.046	  0.003
[component_container-11] 	 27.200	    GPS	  4.197	  1.075	  5.041	     --
[component_container-11] 	 27.200	   Baro	     --	     --	  4.722	     --
[component_container-11] 	 27.200	  BBias	     --	     --	 -0.301	     --
[component_container-11] 	 27.200	  Sonar	     --	     --	    inf	     --
[component_container-11] 	 27.200	  Magnt	     --	     --	     --	 -1.195
[component_container-11] 
[component_container-11] 	 27.240	   Pose	  4.147	  0.678	  5.022	 -1.240
[component_container-11] 	 27.240	  Twist	  0.449	  0.278	 -0.062	 -0.281
[component_container-11] 	 27.240	ErrPose	  0.120	  0.395	  0.009	 -0.005
[component_container-11] 	 27.240	ErrTwis	 -0.867	 -0.793	  0.056	  0.001
[component_container-11] 	 27.240	    GPS	  4.197	  1.075	  5.041	     --
[component_container-11] 	 27.240	   Baro	     --	     --	  4.642	     --
[component_container-11] 	 27.240	  BBias	     --	     --	 -0.301	     --
[component_container-11] 	 27.240	  Sonar	     --	     --	    inf	     --
[component_container-11] 	 27.240	  Magnt	     --	     --	     --	 -1.237
[component_container-11] 
[component_container-11] 	 27.270	   Pose	  4.161	  0.687	  5.021	 -1.248
[component_container-11] 	 27.270	  Twist	  0.454	  0.276	 -0.064	 -0.275
[component_container-11] 	 27.270	ErrPose	  0.093	  0.390	  0.009	 -0.003
[component_container-11] 	 27.270	ErrTwis	 -0.869	 -0.809	  0.058	 -0.005
[component_container-11] 	 27.270	    GPS	  4.197	  1.075	  5.041	     --
[component_container-11] 	 27.270	   Baro	     --	     --	  4.727	     --
[component_container-11] 	 27.270	  BBias	     --	     --	 -0.301	     --
[component_container-11] 	 27.270	  Sonar	     --	     --	    inf	     --
[component_container-11] 	 27.270	  Magnt	     --	     --	     --	 -1.251
[component_container-11] 
[component_container-11] 	 27.300	   Pose	  4.174	  0.695	  5.019	 -1.256
[component_container-11] 	 27.300	  Twist	  0.459	  0.274	 -0.067	 -0.283
[component_container-11] 	 27.300	ErrPose	  0.052	  0.390	  0.008	 -0.005
[component_container-11] 	 27.300	ErrTwis	 -0.867	 -0.842	  0.060	  0.003
[component_container-11] 	 27.300	    GPS	  4.197	  1.075	  5.041	     --
[component_container-11] 	 27.300	   Baro	     --	     --	  4.727	     --
[component_container-11] 	 27.300	  BBias	     --	     --	 -0.301	     --
[component_container-11] 	 27.300	  Sonar	     --	     --	    inf	     --
[component_container-11] 	 27.300	  Magnt	     --	     --	     --	 -1.251
[component_container-11] 
[component_container-11] 	 27.340	   Pose	  4.193	  0.706	  5.021	 -1.268
[component_container-11] 	 27.340	  Twist	  0.465	  0.273	 -0.066	 -0.282
[component_container-11] 	 27.340	ErrPose	  0.005	  0.387	  0.004	 -0.004
[component_container-11] 	 27.340	ErrTwis	 -0.865	 -0.874	  0.057	  0.002
[component_container-11] 	 27.340	    GPS	  4.197	  1.075	  5.041	     --
[component_container-11] 	 27.340	   Baro	     --	     --	  4.772	     --
[component_container-11] 	 27.340	  BBias	     --	     --	 -0.301	     --
[component_container-11] 	 27.340	  Sonar	     --	     --	    inf	     --
[component_container-11] 	 27.340	  Magnt	     --	     --	     --	 -1.289
[component_container-11] 
[component_container-11] 	 27.370	   Pose	  4.207	  0.714	  5.028	 -1.277
[component_container-11] 	 27.370	  Twist	  0.470	  0.271	 -0.058	 -0.276
[component_container-11] 	 27.370	ErrPose	 -0.023	  0.383	 -0.004	 -0.001
[component_container-11] 	 27.370	ErrTwis	 -0.867	 -0.889	  0.049	 -0.004
[component_container-11] 	 27.370	    GPS	  4.197	  1.075	  5.041	     --
[component_container-11] 	 27.370	   Baro	     --	     --	  4.821	     --
[component_container-11] 	 27.370	  BBias	     --	     --	 -0.301	     --
[component_container-11] 	 27.370	  Sonar	     --	     --	    inf	     --
[component_container-11] 	 27.370	  Magnt	     --	     --	     --	 -1.290
[component_container-11] 
[component_container-11] 	 27.400	   Pose	  4.221	  0.722	  5.026	 -1.285
[component_container-11] 	 27.400	  Twist	  0.474	  0.268	 -0.060	 -0.278
[component_container-11] 	 27.400	ErrPose	 -0.067	  0.381	 -0.005	 -0.004
[component_container-11] 	 27.400	ErrTwis	 -0.862	 -0.918	  0.048	 -0.002
[component_container-11] 	 27.400	    GPS	  4.197	  1.075	  5.041	     --
[component_container-11] 	 27.400	   Baro	     --	     --	  4.821	     --
[component_container-11] 	 27.400	  BBias	     --	     --	 -0.301	     --
[component_container-11] 	 27.400	  Sonar	     --	     --	    inf	     --
[component_container-11] 	 27.400	  Magnt	     --	     --	     --	 -1.290
[component_container-11] 
[component_container-11] 	 27.440	   Pose	  4.240	  0.733	  5.018	 -1.296
[component_container-11] 	 27.440	  Twist	  0.481	  0.266	 -0.067	 -0.292
[component_container-11] 	 27.440	ErrPose	 -0.117	  0.378	  0.001	 -0.005
[component_container-11] 	 27.440	ErrTwis	 -0.859	 -0.946	  0.053	  0.013
[component_container-11] 	 27.440	    GPS	  4.197	  1.075	  5.041	     --
[component_container-11] 	 27.440	   Baro	     --	     --	  4.661	     --
[component_container-11] 	 27.440	  BBias	     --	     --	 -0.301	     --
[component_container-11] 	 27.440	  Sonar	     --	     --	    inf	     --
[component_container-11] 	 27.440	  Magnt	     --	     --	     --	 -1.264
[component_container-11] 
[component_container-11] 	 27.470	   Pose	  4.254	  0.741	  5.027	 -1.304
[component_container-11] 	 27.470	  Twist	  0.486	  0.264	 -0.058	 -0.280
[component_container-11] 	 27.470	ErrPose	 -0.148	  0.373	 -0.009	 -0.003
[component_container-11] 	 27.470	ErrTwis	 -0.859	 -0.958	  0.043	  0.000
[component_container-11] 	 27.470	    GPS	  4.197	  1.075	  5.041	     --
[component_container-11] 	 27.470	   Baro	     --	     --	  4.834	     --
[component_container-11] 	 27.470	  BBias	     --	     --	 -0.301	     --
[component_container-11] 	 27.470	  Sonar	     --	     --	    inf	     --
[component_container-11] 	 27.470	  Magnt	     --	     --	     --	 -1.272
[component_container-11] 
[component_container-11] 	 27.500	   Pose	  4.269	  0.749	  5.025	 -1.312
[component_container-11] 	 27.500	  Twist	  0.490	  0.263	 -0.059	 -0.289
[component_container-11] 	 27.500	ErrPose	 -0.195	  0.371	 -0.010	 -0.005
[component_container-11] 	 27.500	ErrTwis	 -0.853	 -0.984	  0.042	  0.010
[component_container-11] 	 27.500	    GPS	  4.197	  1.075	  5.041	     --
[component_container-11] 	 27.500	   Baro	     --	     --	  4.834	     --
[component_container-11] 	 27.500	  BBias	     --	     --	 -0.301	     --
[component_container-11] 	 27.500	  Sonar	     --	     --	    inf	     --
[component_container-11] 	 27.500	  Magnt	     --	     --	     --	 -1.272
[component_container-11] 
[component_container-11] 	 27.540	   Pose	  4.161	  0.814	  5.020	 -1.323
[component_container-11] 	 27.540	  Twist	  0.454	  0.278	 -0.063	 -0.295
[component_container-11] 	 27.540	ErrPose	 -0.120	  0.312	 -0.007	 -0.005
[component_container-11] 	 27.540	ErrTwis	 -0.804	 -1.024	  0.043	  0.015
[component_container-11] 	 27.540	    GPS	  3.842	  0.937	  5.014	     --
[component_container-11] 	 27.540	   Baro	     --	     --	  4.710	     --
[component_container-11] 	 27.540	  BBias	     --	     --	 -0.301	     --
[component_container-11] 	 27.540	  Sonar	     --	     --	    inf	     --
[component_container-11] 	 27.540	  Magnt	     --	     --	     --	 -1.305
[component_container-11] 
[component_container-11] 	 27.570	   Pose	  4.175	  0.822	  5.013	 -1.332
[component_container-11] 	 27.570	  Twist	  0.459	  0.276	 -0.069	 -0.292
[component_container-11] 	 27.570	ErrPose	 -0.150	  0.306	 -0.002	 -0.002
[component_container-11] 	 27.570	ErrTwis	 -0.803	 -1.034	  0.047	  0.012
[component_container-11] 	 27.570	    GPS	  3.842	  0.937	  5.014	     --
[component_container-11] 	 27.570	   Baro	     --	     --	  4.658	     --
[component_container-11] 	 27.570	  BBias	     --	     --	 -0.301	     --
[component_container-11] 	 27.570	  Sonar	     --	     --	    inf	     --
[component_container-11] 	 27.570	  Magnt	     --	     --	     --	 -1.336
[component_container-11] 
[component_container-11] 	 27.600	   Pose	  4.189	  0.830	  5.011	 -1.340
[component_container-11] 	 27.600	  Twist	  0.464	  0.275	 -0.070	 -0.296
[component_container-11] 	 27.600	ErrPose	 -0.198	  0.303	 -0.003	 -0.005
[component_container-11] 	 27.600	ErrTwis	 -0.796	 -1.054	  0.046	  0.016
[component_container-11] 	 27.600	    GPS	  3.842	  0.937	  5.014	     --
[component_container-11] 	 27.600	   Baro	     --	     --	  4.658	     --
[component_container-11] 	 27.600	  BBias	     --	     --	 -0.301	     --
[component_container-11] 	 27.600	  Sonar	     --	     --	    inf	     --
[component_container-11] 	 27.600	  Magnt	     --	     --	     --	 -1.336
[component_container-11] 
[component_container-11] 	 27.640	   Pose	  4.207	  0.841	  5.002	 -1.352
[component_container-11] 	 27.640	  Twist	  0.470	  0.273	 -0.077	 -0.273
[component_container-11] 	 27.640	ErrPose	 -0.251	  0.297	  0.005	 -0.004
[component_container-11] 	 27.640	ErrTwis	 -0.789	 -1.073	  0.052	 -0.007
[component_container-11] 	 27.640	    GPS	  3.842	  0.937	  5.014	     --
[component_container-11] 	 27.640	   Baro	     --	     --	  4.626	     --
[component_container-11] 	 27.640	  BBias	     --	     --	 -0.301	     --
[component_container-11] 	 27.640	  Sonar	     --	     --	    inf	     --
[component_container-11] 	 27.640	  Magnt	     --	     --	     --	 -1.356
[component_container-11] 
[component_container-11] 	 27.670	   Pose	  4.222	  0.850	  5.007	 -1.360
[component_container-11] 	 27.670	  Twist	  0.476	  0.272	 -0.069	 -0.276
[component_container-11] 	 27.670	ErrPose	 -0.282	  0.291	 -0.002	 -0.001
[component_container-11] 	 27.670	ErrTwis	 -0.787	 -1.080	  0.043	 -0.004
[component_container-11] 	 27.670	    GPS	  3.842	  0.937	  5.014	     --
[component_container-11] 	 27.670	   Baro	     --	     --	  4.791	     --
[component_container-11] 	 27.670	  BBias	     --	     --	 -0.301	     --
[component_container-11] 	 27.670	  Sonar	     --	     --	    inf	     --
[component_container-11] 	 27.670	  Magnt	     --	     --	     --	 -1.376
[component_container-11] 
[component_container-11] 	 27.700	   Pose	  4.236	  0.858	  5.005	 -1.369
[component_container-11] 	 27.700	  Twist	  0.481	  0.271	 -0.069	 -0.255
[component_container-11] 	 27.700	ErrPose	 -0.332	  0.288	 -0.002	 -0.004
[component_container-11] 	 27.700	ErrTwis	 -0.778	 -1.096	  0.042	 -0.025
[component_container-11] 	 27.700	    GPS	  3.842	  0.937	  5.014	     --
[component_container-11] 	 27.700	   Baro	     --	     --	  4.791	     --
[component_container-11] 	 27.700	  BBias	     --	     --	 -0.301	     --
[component_container-11] 	 27.700	  Sonar	     --	     --	    inf	     --
[component_container-11] 	 27.700	  Magnt	     --	     --	     --	 -1.376
[component_container-11] 
[component_container-11] 	 27.740	   Pose	  4.255	  0.868	  5.009	 -1.379
[component_container-11] 	 27.740	  Twist	  0.488	  0.269	 -0.061	 -0.281
[component_container-11] 	 27.740	ErrPose	 -0.386	  0.281	 -0.009	 -0.005
[component_container-11] 	 27.740	ErrTwis	 -0.770	 -1.110	  0.033	  0.001
[component_container-11] 	 27.740	    GPS	  3.842	  0.937	  5.014	     --
[component_container-11] 	 27.740	   Baro	     --	     --	  4.784	     --
[component_container-11] 	 27.740	  BBias	     --	     --	 -0.301	     --
[component_container-11] 	 27.740	  Sonar	     --	     --	    inf	     --
[component_container-11] 	 27.740	  Magnt	     --	     --	     --	 -1.346
[component_container-11] 
[component_container-11] 	 27.770	   Pose	  4.270	  0.877	  4.997	 -1.387
[component_container-11] 	 27.770	  Twist	  0.492	  0.268	 -0.070	 -0.268
[component_container-11] 	 27.770	ErrPose	 -0.419	  0.275	  0.002	 -0.003
[component_container-11] 	 27.770	ErrTwis	 -0.767	 -1.116	  0.042	 -0.012
[component_container-11] 	 27.770	    GPS	  3.842	  0.937	  5.014	     --
[component_container-11] 	 27.770	   Baro	     --	     --	  4.593	     --
[component_container-11] 	 27.770	  BBias	     --	     --	 -0.301	     --
[component_container-11] 	 27.770	  Sonar	     --	     --	    inf	     --
[component_container-11] 	 27.770	  Magnt	     --	     --	     --	 -1.372
[component_container-11] 
[component_container-11] 	 27.800	   Pose	  4.285	  0.885	  4.995	 -1.395
[component_container-11] 	 27.800	  Twist	  0.497	  0.267	 -0.069	 -0.269
[component_container-11] 	 27.800	ErrPose	 -0.470	  0.271	  0.002	 -0.006
[component_container-11] 	 27.800	ErrTwis	 -0.756	 -1.128	  0.041	 -0.011
[component_container-11] 	 27.800	    GPS	  3.842	  0.937	  5.014	     --
[component_container-11] 	 27.800	   Baro	     --	     --	  4.593	     --
[component_container-11] 	 27.800	  BBias	     --	     --	 -0.301	     --
[component_container-11] 	 27.800	  Sonar	     --	     --	    inf	     --
[component_container-11] 	 27.800	  Magnt	     --	     --	     --	 -1.372
[component_container-11] 
[component_container-11] 	 27.840	   Pose	  4.305	  0.895	  4.997	 -1.407
[component_container-11] 	 27.840	  Twist	  0.504	  0.265	 -0.064	 -0.275
[component_container-11] 	 27.840	ErrPose	 -0.526	  0.264	 -0.002	 -0.005
[component_container-11] 	 27.840	ErrTwis	 -0.747	 -1.137	  0.037	 -0.005
[component_container-11] 	 27.840	    GPS	  3.842	  0.937	  5.014	     --
[component_container-11] 	 27.840	   Baro	     --	     --	  4.741	     --
[component_container-11] 	 27.840	  BBias	     --	     --	 -0.301	     --
[component_container-11] 	 27.840	  Sonar	     --	     --	    inf	     --
[component_container-11] 	 27.840	  Magnt	     --	     --	     --	 -1.408
[component_container-11] 
[component_container-11] 	 27.870	   Pose	  4.320	  0.903	  4.996	 -1.416
[component_container-11] 	 27.870	  Twist	  0.510	  0.264	 -0.061	 -0.282
[component_container-11] 	 27.870	ErrPose	 -0.559	  0.257	 -0.002	 -0.002
[component_container-11] 	 27.870	ErrTwis	 -0.743	 -1.141	  0.034	  0.002
[component_container-11] 	 27.870	    GPS	  3.842	  0.937	  5.014	     --
[component_container-11] 	 27.870	   Baro	     --	     --	  4.712	     --
[component_container-11] 	 27.870	  BBias	     --	     --	 -0.301	     --
[component_container-11] 	 27.870	  Sonar	     --	     --	    inf	     --
[component_container-11] 	 27.870	  Magnt	     --	     --	     --	 -1.439
[component_container-11] 
[component_container-11] 	 27.900	   Pose	  4.336	  0.911	  4.994	 -1.424
[component_container-11] 	 27.900	  Twist	  0.516	  0.262	 -0.060	 -0.276
[component_container-11] 	 27.900	ErrPose	 -0.611	  0.252	 -0.002	 -0.005
[component_container-11] 	 27.900	ErrTwis	 -0.732	 -1.149	  0.034	 -0.004
[component_container-11] 	 27.900	    GPS	  3.842	  0.937	  5.014	     --
[component_container-11] 	 27.900	   Baro	     --	     --	  4.712	     --
[component_container-11] 	 27.900	  BBias	     --	     --	 -0.301	     --
[component_container-11] 	 27.900	  Sonar	     --	     --	    inf	     --
[component_container-11] 	 27.900	  Magnt	     --	     --	     --	 -1.439
[component_container-11] 
[component_container-11] 	 27.940	   Pose	  4.356	  0.921	  4.991	 -1.434
[component_container-11] 	 27.940	  Twist	  0.523	  0.260	 -0.060	 -0.270
[component_container-11] 	 27.940	ErrPose	 -0.669	  0.244	 -0.000	 -0.006
[component_container-11] 	 27.940	ErrTwis	 -0.722	 -1.155	  0.035	 -0.010
[component_container-11] 	 27.940	    GPS	  3.842	  0.937	  5.014	     --
[component_container-11] 	 27.940	   Baro	     --	     --	  4.682	     --
[component_container-11] 	 27.940	  BBias	     --	     --	 -0.301	     --
[component_container-11] 	 27.940	  Sonar	     --	     --	    inf	     --
[component_container-11] 	 27.940	  Magnt	     --	     --	     --	 -1.408
[component_container-11] 
[component_container-11] 	 27.970	   Pose	  4.372	  0.929	  4.964	 -1.444
[component_container-11] 	 27.970	  Twist	  0.529	  0.259	 -0.085	 -0.270
[component_container-11] 	 27.970	ErrPose	 -0.703	  0.238	  0.026	 -0.002
[component_container-11] 	 27.970	ErrTwis	 -0.719	 -1.157	  0.060	 -0.010
[component_container-11] 	 27.970	    GPS	  3.842	  0.937	  5.014	     --
[component_container-11] 	 27.970	   Baro	     --	     --	  4.409	     --
[component_container-11] 	 27.970	  BBias	     --	     --	 -0.301	     --
[component_container-11] 	 27.970	  Sonar	     --	     --	    inf	     --
[component_container-11] 	 27.970	  Magnt	     --	     --	     --	 -1.481
[component_container-11] 
[component_container-11] [INFO] [1775320707.587847079] [drone.controller]: cmd_vel body=(0.082, -0.997, 0.035) yaw=-0.300 | odom_received=true | plan_points=14
[component_container-11] 	 28.000	   Pose	  4.388	  0.937	  4.961	 -1.452
[component_container-11] 	 28.000	  Twist	  0.534	  0.257	 -0.084	 -0.265
[component_container-11] 	 28.000	ErrPose	 -0.755	  0.232	  0.027	 -0.005
[component_container-11] 	 28.000	ErrTwis	 -0.706	 -1.161	  0.061	 -0.015
[component_container-11] 	 28.000	    GPS	  3.842	  0.937	  5.014	     --
[component_container-11] 	 28.000	   Baro	     --	     --	  4.409	     --
[component_container-11] 	 28.000	  BBias	     --	     --	 -0.301	     --
[component_container-11] 	 28.000	  Sonar	     --	     --	    inf	     --
[component_container-11] 	 28.000	  Magnt	     --	     --	     --	 -1.481
[component_container-11] 
[component_container-11] [INFO] [1775320707.588259475] [drone.estimator]: TMP LOG err_xyz=(-0.755, 0.232, 0.027) | z_est=4.961 vz_est=-0.084 bias=-0.301 | gps_z=5.014 sonar=inf baro=4.409
[component_container-11] 	 28.040	   Pose	  4.107	  0.954	  4.980	 -1.462
[component_container-11] 	 28.040	  Twist	  0.438	  0.257	 -0.061	 -0.273
[component_container-11] 	 28.040	ErrPose	 -0.511	  0.217	  0.007	 -0.006
[component_container-11] 	 28.040	ErrTwis	 -0.592	 -1.166	  0.039	 -0.007
[component_container-11] 	 28.040	    GPS	  3.369	  0.963	  4.988	     --
[component_container-11] 	 28.040	   Baro	     --	     --	  4.888	     --
[component_container-11] 	 28.040	  BBias	     --	     --	 -0.301	     --
[component_container-11] 	 28.040	  Sonar	     --	     --	    inf	     --
[component_container-11] 	 28.040	  Magnt	     --	     --	     --	 -1.408
[component_container-11] 
[component_container-11] 	 28.070	   Pose	  4.120	  0.962	  4.977	 -1.471
[component_container-11] 	 28.070	  Twist	  0.444	  0.256	 -0.060	 -0.273
[component_container-11] 	 28.070	ErrPose	 -0.543	  0.210	  0.009	 -0.003
[component_container-11] 	 28.070	ErrTwis	 -0.588	 -1.167	  0.040	 -0.006
[component_container-11] 	 28.070	    GPS	  3.369	  0.963	  4.988	     --
[component_container-11] 	 28.070	   Baro	     --	     --	  4.658	     --
[component_container-11] 	 28.070	  BBias	     --	     --	 -0.301	     --
[component_container-11] 	 28.070	  Sonar	     --	     --	    inf	     --
[component_container-11] 	 28.070	  Magnt	     --	     --	     --	 -1.490
[component_container-11] 
[component_container-11] 	 28.100	   Pose	  4.134	  0.969	  4.975	 -1.479
[component_container-11] 	 28.100	  Twist	  0.449	  0.256	 -0.059	 -0.277
[component_container-11] 	 28.100	ErrPose	 -0.593	  0.203	  0.010	 -0.005
[component_container-11] 	 28.100	ErrTwis	 -0.574	 -1.170	  0.041	 -0.003
[component_container-11] 	 28.100	    GPS	  3.369	  0.963	  4.988	     --
[component_container-11] 	 28.100	   Baro	     --	     --	  4.658	     --
[component_container-11] 	 28.100	  BBias	     --	     --	 -0.301	     --
[component_container-11] 	 28.100	  Sonar	     --	     --	    inf	     --
[component_container-11] 	 28.100	  Magnt	     --	     --	     --	 -1.490
[component_container-11] 
[component_container-11] 	 28.140	   Pose	  4.152	  0.980	  4.973	 -1.489
[component_container-11] 	 28.140	  Twist	  0.456	  0.254	 -0.057	 -0.267
[component_container-11] 	 28.140	ErrPose	 -0.648	  0.194	  0.011	 -0.007
[component_container-11] 	 28.140	ErrTwis	 -0.562	 -1.171	  0.043	 -0.013
[component_container-11] 	 28.140	    GPS	  3.369	  0.963	  4.988	     --
[component_container-11] 	 28.140	   Baro	     --	     --	  4.681	     --
[component_container-11] 	 28.140	  BBias	     --	     --	 -0.301	     --
[component_container-11] 	 28.140	  Sonar	     --	     --	    inf	     --
[component_container-11] 	 28.140	  Magnt	     --	     --	     --	 -1.437
[component_container-11] 
[component_container-11] 	 28.170	   Pose	  4.165	  0.987	  4.967	 -1.498
[component_container-11] 	 28.170	  Twist	  0.461	  0.253	 -0.061	 -0.284
[component_container-11] 	 28.170	ErrPose	 -0.680	  0.186	  0.017	 -0.003
[component_container-11] 	 28.170	ErrTwis	 -0.557	 -1.171	  0.048	  0.005
[component_container-11] 	 28.170	    GPS	  3.369	  0.963	  4.988	     --
[component_container-11] 	 28.170	   Baro	     --	     --	  4.612	     --
[component_container-11] 	 28.170	  BBias	     --	     --	 -0.301	     --
[component_container-11] 	 28.170	  Sonar	     --	     --	    inf	     --
[component_container-11] 	 28.170	  Magnt	     --	     --	     --	 -1.513
[component_container-11] 
[component_container-11] 	 28.200	   Pose	  4.179	  0.995	  4.965	 -1.506
[component_container-11] 	 28.200	  Twist	  0.467	  0.252	 -0.060	 -0.286
[component_container-11] 	 28.200	ErrPose	 -0.731	  0.179	  0.018	 -0.006
[component_container-11] 	 28.200	ErrTwis	 -0.543	 -1.172	  0.049	  0.006
[component_container-11] 	 28.200	    GPS	  3.369	  0.963	  4.988	     --
[component_container-11] 	 28.200	   Baro	     --	     --	  4.612	     --
[component_container-11] 	 28.200	  BBias	     --	     --	 -0.301	     --
[component_container-11] 	 28.200	  Sonar	     --	     --	    inf	     --
[component_container-11] 	 28.200	  Magnt	     --	     --	     --	 -1.513
[component_container-11] 
[component_container-11] 	 28.240	   Pose	  4.198	  1.005	  4.968	 -1.517
[component_container-11] 	 28.240	  Twist	  0.474	  0.250	 -0.052	 -0.273
[component_container-11] 	 28.240	ErrPose	 -0.787	  0.169	  0.014	 -0.007
[component_container-11] 	 28.240	ErrTwis	 -0.531	 -1.171	  0.045	 -0.007
[component_container-11] 	 28.240	    GPS	  3.369	  0.963	  4.988	     --
[component_container-11] 	 28.240	   Baro	     --	     --	  4.728	     --
[component_container-11] 	 28.240	  BBias	     --	     --	 -0.301	     --
[component_container-11] 	 28.240	  Sonar	     --	     --	    inf	     --
[component_container-11] 	 28.240	  Magnt	     --	     --	     --	 -1.475
[component_container-11] 
[component_container-11] 	 28.270	   Pose	  4.213	  1.012	  4.971	 -1.526
[component_container-11] 	 28.270	  Twist	  0.480	  0.248	 -0.048	 -0.273
[component_container-11] 	 28.270	ErrPose	 -0.820	  0.161	  0.012	 -0.003
[component_container-11] 	 28.270	ErrTwis	 -0.527	 -1.168	  0.041	 -0.006
[component_container-11] 	 28.270	    GPS	  3.369	  0.963	  4.988	     --
[component_container-11] 	 28.270	   Baro	     --	     --	  4.713	     --
[component_container-11] 	 28.270	  BBias	     --	     --	 -0.301	     --
[component_container-11] 	 28.270	  Sonar	     --	     --	    inf	     --
[component_container-11] 	 28.270	  Magnt	     --	     --	     --	 -1.570
[component_container-11] 
[component_container-11] 	 28.300	   Pose	  4.227	  1.020	  4.969	 -1.534
[component_container-11] 	 28.300	  Twist	  0.486	  0.247	 -0.046	 -0.276
[component_container-11] 	 28.300	ErrPose	 -0.871	  0.153	  0.013	 -0.006
[component_container-11] 	 28.300	ErrTwis	 -0.512	 -1.166	  0.043	 -0.003
[component_container-11] 	 28.300	    GPS	  3.369	  0.963	  4.988	     --
[component_container-11] 	 28.300	   Baro	     --	     --	  4.713	     --
[component_container-11] 	 28.300	  BBias	     --	     --	 -0.301	     --
[component_container-11] 	 28.300	  Sonar	     --	     --	    inf	     --
[component_container-11] 	 28.300	  Magnt	     --	     --	     --	 -1.570
[component_container-11] 
[component_container-11] 	 28.340	   Pose	  4.247	  1.030	  4.990	 -1.545
[component_container-11] 	 28.340	  Twist	  0.492	  0.245	 -0.023	 -0.275
[component_container-11] 	 28.340	ErrPose	 -0.927	  0.142	 -0.009	 -0.007
[component_container-11] 	 28.340	ErrTwis	 -0.499	 -1.164	  0.022	 -0.005
[component_container-11] 	 28.340	    GPS	  3.369	  0.963	  4.988	     --
[component_container-11] 	 28.340	   Baro	     --	     --	  4.930	     --
[component_container-11] 	 28.340	  BBias	     --	     --	 -0.301	     --
[component_container-11] 	 28.340	  Sonar	     --	     --	    inf	     --
[component_container-11] 	 28.340	  Magnt	     --	     --	     --	 -1.537
[component_container-11] 
[component_container-11] 	 28.370	   Pose	  4.261	  1.037	  5.007	 -1.553
[component_container-11] 	 28.370	  Twist	  0.498	  0.245	 -0.003	 -0.282
[component_container-11] 	 28.370	ErrPose	 -0.960	  0.134	 -0.026	 -0.004
[component_container-11] 	 28.370	ErrTwis	 -0.494	 -1.163	  0.005	  0.002
[component_container-11] 	 28.370	    GPS	  3.369	  0.963	  4.988	     --
[component_container-11] 	 28.370	   Baro	     --	     --	  4.893	     --
[component_container-11] 	 28.370	  BBias	     --	     --	 -0.300	     --
[component_container-11] 	 28.370	  Sonar	     --	     --	    inf	     --
[component_container-11] 	 28.370	  Magnt	     --	     --	     --	 -1.512
[component_container-11] 
[component_container-11] 	 28.400	   Pose	  4.276	  1.044	  5.007	 -1.561
[component_container-11] 	 28.400	  Twist	  0.504	  0.244	 -0.003	 -0.278
[component_container-11] 	 28.400	ErrPose	 -1.012	  0.125	 -0.026	 -0.008
[component_container-11] 	 28.400	ErrTwis	 -0.480	 -1.160	  0.008	 -0.002
[component_container-11] 	 28.400	    GPS	  3.369	  0.963	  4.988	     --
[component_container-11] 	 28.400	   Baro	     --	     --	  4.893	     --
[component_container-11] 	 28.400	  BBias	     --	     --	 -0.300	     --
[component_container-11] 	 28.400	  Sonar	     --	     --	    inf	     --
[component_container-11] 	 28.400	  Magnt	     --	     --	     --	 -1.512
[component_container-11] 
[component_container-11] 	 28.440	   Pose	  4.297	  1.054	  5.006	 -1.572
[component_container-11] 	 28.440	  Twist	  0.511	  0.242	 -0.006	 -0.285
[component_container-11] 	 28.440	ErrPose	 -1.069	  0.113	 -0.025	 -0.008
[component_container-11] 	 28.440	ErrTwis	 -0.468	 -1.157	  0.013	  0.005
[component_container-11] 	 28.440	    GPS	  3.369	  0.963	  4.988	     --
[component_container-11] 	 28.440	   Baro	     --	     --	  4.694	     --
[component_container-11] 	 28.440	  BBias	     --	     --	 -0.300	     --
[component_container-11] 	 28.440	  Sonar	     --	     --	    inf	     --
[component_container-11] 	 28.440	  Magnt	     --	     --	     --	 -1.554
[component_container-11] 
[component_container-11] 	 28.470	   Pose	  4.312	  1.061	  5.014	 -1.580
[component_container-11] 	 28.470	  Twist	  0.517	  0.242	  0.001	 -0.275
[component_container-11] 	 28.470	ErrPose	 -1.102	  0.104	 -0.032	 -0.005
[component_container-11] 	 28.470	ErrTwis	 -0.463	 -1.155	  0.008	 -0.005
[component_container-11] 	 28.470	    GPS	  3.369	  0.963	  4.988	     --
[component_container-11] 	 28.470	   Baro	     --	     --	  4.794	     --
[component_container-11] 	 28.470	  BBias	     --	     --	 -0.300	     --
[component_container-11] 	 28.470	  Sonar	     --	     --	    inf	     --
[component_container-11] 	 28.470	  Magnt	     --	     --	     --	 -1.595
[component_container-11] 
[component_container-11] 	 28.500	   Pose	  4.328	  1.068	  5.014	 -1.589
[component_container-11] 	 28.500	  Twist	  0.522	  0.241	 -0.001	 -0.272
[component_container-11] 	 28.500	ErrPose	 -1.155	  0.094	 -0.032	 -0.008
[component_container-11] 	 28.500	ErrTwis	 -0.449	 -1.153	  0.010	 -0.008
[component_container-11] 	 28.500	    GPS	  3.369	  0.963	  4.988	     --
[component_container-11] 	 28.500	   Baro	     --	     --	  4.794	     --
[component_container-11] 	 28.500	  BBias	     --	     --	 -0.300	     --
[component_container-11] 	 28.500	  Sonar	     --	     --	    inf	     --
[component_container-11] 	 28.500	  Magnt	     --	     --	     --	 -1.595
[component_container-11] 
[component_container-11] 	 28.540	   Pose	  3.954	  1.058	  5.007	 -1.600
[component_container-11] 	 28.540	  Twist	  0.395	  0.233	 -0.010	 -0.284
[component_container-11] 	 28.540	ErrPose	 -0.818	  0.101	 -0.026	 -0.008
[component_container-11] 	 28.540	ErrTwis	 -0.301	 -1.142	  0.020	  0.005
[component_container-11] 	 28.540	    GPS	  2.997	  1.004	  4.981	     --
[component_container-11] 	 28.540	   Baro	     --	     --	  4.694	     --
[component_container-11] 	 28.540	  BBias	     --	     --	 -0.300	     --
[component_container-11] 	 28.540	  Sonar	     --	     --	    inf	     --
[component_container-11] 	 28.540	  Magnt	     --	     --	     --	 -1.596
[component_container-11] 
[component_container-11] 	 28.570	   Pose	  3.966	  1.065	  5.008	 -1.609
[component_container-11] 	 28.570	  Twist	  0.400	  0.232	 -0.010	 -0.261
[component_container-11] 	 28.570	ErrPose	 -0.848	  0.092	 -0.026	 -0.005
[component_container-11] 	 28.570	ErrTwis	 -0.297	 -1.139	  0.020	 -0.019
[component_container-11] 	 28.570	    GPS	  2.997	  1.004	  4.981	     --
[component_container-11] 	 28.570	   Baro	     --	     --	  4.722	     --
[component_container-11] 	 28.570	  BBias	     --	     --	 -0.300	     --
[component_container-11] 	 28.570	  Sonar	     --	     --	    inf	     --
[component_container-11] 	 28.570	  Magnt	     --	     --	     --	 -1.631
[component_container-11] 
[component_container-11] 	 28.600	   Pose	  3.978	  1.072	  5.007	 -1.617
[component_container-11] 	 28.600	  Twist	  0.406	  0.231	 -0.012	 -0.264
[component_container-11] 	 28.600	ErrPose	 -0.896	  0.082	 -0.026	 -0.008
[component_container-11] 	 28.600	ErrTwis	 -0.282	 -1.136	  0.022	 -0.016
[component_container-11] 	 28.600	    GPS	  2.997	  1.004	  4.981	     --
[component_container-11] 	 28.600	   Baro	     --	     --	  4.722	     --
[component_container-11] 	 28.600	  BBias	     --	     --	 -0.300	     --
[component_container-11] 	 28.600	  Sonar	     --	     --	    inf	     --
[component_container-11] 	 28.600	  Magnt	     --	     --	     --	 -1.631
[component_container-11] 
[component_container-11] 	 28.640	   Pose	  3.995	  1.081	  5.000	 -1.628
[component_container-11] 	 28.640	  Twist	  0.413	  0.231	 -0.020	 -0.270
[component_container-11] 	 28.640	ErrPose	 -0.949	  0.068	 -0.019	 -0.008
[component_container-11] 	 28.640	ErrTwis	 -0.269	 -1.132	  0.030	 -0.010
[component_container-11] 	 28.640	    GPS	  2.997	  1.004	  4.981	     --
[component_container-11] 	 28.640	   Baro	     --	     --	  4.627	     --
[component_container-11] 	 28.640	  BBias	     --	     --	 -0.300	     --
[component_container-11] 	 28.640	  Sonar	     --	     --	    inf	     --
[component_container-11] 	 28.640	  Magnt	     --	     --	     --	 -1.638
[component_container-11] 
[component_container-11] 	 28.670	   Pose	  4.007	  1.088	  4.999	 -1.636
[component_container-11] 	 28.670	  Twist	  0.419	  0.229	 -0.022	 -0.287
[component_container-11] 	 28.670	ErrPose	 -0.979	  0.059	 -0.018	 -0.006
[component_container-11] 	 28.670	ErrTwis	 -0.265	 -1.129	  0.032	  0.007
[component_container-11] 	 28.670	    GPS	  2.997	  1.004	  4.981	     --
[component_container-11] 	 28.670	   Baro	     --	     --	  4.690	     --
[component_container-11] 	 28.670	  BBias	     --	     --	 -0.300	     --
[component_container-11] 	 28.670	  Sonar	     --	     --	    inf	     --
[component_container-11] 	 28.670	  Magnt	     --	     --	     --	 -1.594
[component_container-11] 
[component_container-11] 	 28.700	   Pose	  4.020	  1.095	  4.998	 -1.644
[component_container-11] 	 28.700	  Twist	  0.424	  0.228	 -0.024	 -0.268
[component_container-11] 	 28.700	ErrPose	 -1.028	  0.048	 -0.017	 -0.009
[component_container-11] 	 28.700	ErrTwis	 -0.250	 -1.124	  0.035	 -0.011
[component_container-11] 	 28.700	    GPS	  2.997	  1.004	  4.981	     --
[component_container-11] 	 28.700	   Baro	     --	     --	  4.690	     --
[component_container-11] 	 28.700	  BBias	     --	     --	 -0.300	     --
[component_container-11] 	 28.700	  Sonar	     --	     --	    inf	     --
[component_container-11] 	 28.700	  Magnt	     --	     --	     --	 -1.594
[component_container-11] 
[component_container-11] 	 28.740	   Pose	  4.037	  1.104	  4.990	 -1.655
[component_container-11] 	 28.740	  Twist	  0.430	  0.226	 -0.032	 -0.279
[component_container-11] 	 28.740	ErrPose	 -1.081	  0.033	 -0.009	 -0.009
[component_container-11] 	 28.740	ErrTwis	 -0.236	 -1.118	  0.043	 -0.001
[component_container-11] 	 28.740	    GPS	  2.997	  1.004	  4.981	     --
[component_container-11] 	 28.740	   Baro	     --	     --	  4.615	     --
[component_container-11] 	 28.740	  BBias	     --	     --	 -0.300	     --
[component_container-11] 	 28.740	  Sonar	     --	     --	    inf	     --
[component_container-11] 	 28.740	  Magnt	     --	     --	     --	 -1.649
[component_container-11] 
[component_container-11] 	 28.770	   Pose	  4.050	  1.111	  5.001	 -1.663
[component_container-11] 	 28.770	  Twist	  0.435	  0.225	 -0.021	 -0.276
[component_container-11] 	 28.770	ErrPose	 -1.112	  0.024	 -0.020	 -0.006
[component_container-11] 	 28.770	ErrTwis	 -0.232	 -1.115	  0.031	 -0.004
[component_container-11] 	 28.770	    GPS	  2.997	  1.004	  4.981	     --
[component_container-11] 	 28.770	   Baro	     --	     --	  4.827	     --
[component_container-11] 	 28.770	  BBias	     --	     --	 -0.300	     --
[component_container-11] 	 28.770	  Sonar	     --	     --	    inf	     --
[component_container-11] 	 28.770	  Magnt	     --	     --	     --	 -1.659
[component_container-11] 
[component_container-11] 	 28.800	   Pose	  4.063	  1.118	  5.000	 -1.672
[component_container-11] 	 28.800	  Twist	  0.441	  0.225	 -0.022	 -0.276
[component_container-11] 	 28.800	ErrPose	 -1.162	  0.011	 -0.019	 -0.009
[component_container-11] 	 28.800	ErrTwis	 -0.218	 -1.109	  0.033	 -0.004
[component_container-11] 	 28.800	    GPS	  2.997	  1.004	  4.981	     --
[component_container-11] 	 28.800	   Baro	     --	     --	  4.827	     --
[component_container-11] 	 28.800	  BBias	     --	     --	 -0.300	     --
[component_container-11] 	 28.800	  Sonar	     --	     --	    inf	     --
[component_container-11] 	 28.800	  Magnt	     --	     --	     --	 -1.659
[component_container-11] 
[component_container-11] 	 28.840	   Pose	  4.081	  1.127	  4.986	 -1.683
[component_container-11] 	 28.840	  Twist	  0.447	  0.223	 -0.036	 -0.280
[component_container-11] 	 28.840	ErrPose	 -1.215	 -0.004	 -0.005	 -0.008
[component_container-11] 	 28.840	ErrTwis	 -0.205	 -1.102	  0.048	 -0.000
[component_container-11] 	 28.840	    GPS	  2.997	  1.004	  4.981	     --
[component_container-11] 	 28.840	   Baro	     --	     --	  4.550	     --
[component_container-11] 	 28.840	  BBias	     --	     --	 -0.300	     --
[component_container-11] 	 28.840	  Sonar	     --	     --	    inf	     --
[component_container-11] 	 28.840	  Magnt	     --	     --	     --	 -1.684
[component_container-11] 
[component_container-11] 	 28.870	   Pose	  4.094	  1.133	  4.985	 -1.692
[component_container-11] 	 28.870	  Twist	  0.453	  0.222	 -0.038	 -0.265
[component_container-11] 	 28.870	ErrPose	 -1.247	 -0.014	 -0.004	 -0.005
[component_container-11] 	 28.870	ErrTwis	 -0.201	 -1.099	  0.050	 -0.014
[component_container-11] 	 28.870	    GPS	  2.997	  1.004	  4.981	     --
[component_container-11] 	 28.870	   Baro	     --	     --	  4.684	     --
[component_container-11] 	 28.870	  BBias	     --	     --	 -0.300	     --
[component_container-11] 	 28.870	  Sonar	     --	     --	    inf	     --
[component_container-11] 	 28.870	  Magnt	     --	     --	     --	 -1.719
[component_container-11] 
[component_container-11] 	 28.900	   Pose	  4.108	  1.140	  4.984	 -1.700
[component_container-11] 	 28.900	  Twist	  0.458	  0.221	 -0.039	 -0.279
[component_container-11] 	 28.900	ErrPose	 -1.296	 -0.027	 -0.003	 -0.008
[component_container-11] 	 28.900	ErrTwis	 -0.186	 -1.091	  0.052	 -0.001
[component_container-11] 	 28.900	    GPS	  2.997	  1.004	  4.981	     --
[component_container-11] 	 28.900	   Baro	     --	     --	  4.684	     --
[component_container-11] 	 28.900	  BBias	     --	     --	 -0.300	     --
[component_container-11] 	 28.900	  Sonar	     --	     --	    inf	     --
[component_container-11] 	 28.900	  Magnt	     --	     --	     --	 -1.719
[component_container-11] 
[component_container-11] 	 28.940	   Pose	  4.126	  1.149	  4.986	 -1.711
[component_container-11] 	 28.940	  Twist	  0.465	  0.221	 -0.036	 -0.285
[component_container-11] 	 28.940	ErrPose	 -1.351	 -0.043	 -0.005	 -0.009
[component_container-11] 	 28.940	ErrTwis	 -0.174	 -1.086	  0.050	  0.005
[component_container-11] 	 28.940	    GPS	  2.997	  1.004	  4.981	     --
[component_container-11] 	 28.940	   Baro	     --	     --	  4.720	     --
[component_container-11] 	 28.940	  BBias	     --	     --	 -0.300	     --
[component_container-11] 	 28.940	  Sonar	     --	     --	    inf	     --
[component_container-11] 	 28.940	  Magnt	     --	     --	     --	 -1.680
[component_container-11] 
[component_container-11] 	 28.970	   Pose	  4.140	  1.156	  4.981	 -1.719
[component_container-11] 	 28.970	  Twist	  0.471	  0.220	 -0.041	 -0.289
[component_container-11] 	 28.970	ErrPose	 -1.382	 -0.053	  0.000	 -0.006
[component_container-11] 	 28.970	ErrTwis	 -0.171	 -1.081	  0.056	  0.009
[component_container-11] 	 28.970	    GPS	  2.997	  1.004	  4.981	     --
[component_container-11] 	 28.970	   Baro	     --	     --	  4.644	     --
[component_container-11] 	 28.970	  BBias	     --	     --	 -0.300	     --
[component_container-11] 	 28.970	  Sonar	     --	     --	    inf	     --
[component_container-11] 	 28.970	  Magnt	     --	     --	     --	 -1.700
[component_container-11] 
[component_container-11] [INFO] [1775320708.590665141] [drone.controller]: cmd_vel body=(0.452, -0.892, 0.016) yaw=-0.300 | odom_received=true | plan_points=13
[component_container-11] 	 29.000	   Pose	  4.155	  1.162	  4.980	 -1.727
[component_container-11] 	 29.000	  Twist	  0.476	  0.219	 -0.042	 -0.285
[component_container-11] 	 29.000	ErrPose	 -1.432	 -0.068	  0.002	 -0.009
[component_container-11] 	 29.000	ErrTwis	 -0.156	 -1.074	  0.059	  0.005
[component_container-11] 	 29.000	    GPS	  2.997	  1.004	  4.981	     --
[component_container-11] 	 29.000	   Baro	     --	     --	  4.644	     --
[component_container-11] 	 29.000	  BBias	     --	     --	 -0.300	     --
[component_container-11] 	 29.000	  Sonar	     --	     --	    inf	     --
[component_container-11] 	 29.000	  Magnt	     --	     --	     --	 -1.700
[component_container-11] 
[component_container-11] [INFO] [1775320708.590953793] [drone.estimator]: TMP LOG err_xyz=(-1.432, -0.068, 0.002) | z_est=4.980 vz_est=-0.042 bias=-0.300 | gps_z=4.981 sonar=inf baro=4.644
[component_container-11] 	 29.040	   Pose	  3.695	  1.078	  4.978	 -1.737
[component_container-11] 	 29.040	  Twist	  0.320	  0.186	 -0.043	 -0.273
[component_container-11] 	 29.040	ErrPose	 -1.008	  0.009	  0.003	 -0.010
[component_container-11] 	 29.040	ErrTwis	  0.018	 -1.034	  0.061	 -0.007
[component_container-11] 	 29.040	    GPS	  2.530	  0.846	  4.981	     --
[component_container-11] 	 29.040	   Baro	     --	     --	  4.677	     --
[component_container-11] 	 29.040	  BBias	     --	     --	 -0.300	     --
[component_container-11] 	 29.040	  Sonar	     --	     --	    inf	     --
[component_container-11] 	 29.040	  Magnt	     --	     --	     --	 -1.702
[component_container-11] 
[component_container-11] 	 29.070	   Pose	  3.704	  1.083	  4.993	 -1.746
[component_container-11] 	 29.070	  Twist	  0.325	  0.185	 -0.028	 -0.269
[component_container-11] 	 29.070	ErrPose	 -1.035	 -0.001	 -0.011	 -0.007
[component_container-11] 	 29.070	ErrTwis	  0.022	 -1.029	  0.046	 -0.011
[component_container-11] 	 29.070	    GPS	  2.530	  0.846	  4.981	     --
[component_container-11] 	 29.070	   Baro	     --	     --	  4.879	     --
[component_container-11] 	 29.070	  BBias	     --	     --	 -0.300	     --
[component_container-11] 	 29.070	  Sonar	     --	     --	    inf	     --
[component_container-11] 	 29.070	  Magnt	     --	     --	     --	 -1.781
[component_container-11] 
[component_container-11] 	 29.100	   Pose	  3.714	  1.089	  4.992	 -1.755
[component_container-11] 	 29.100	  Twist	  0.330	  0.184	 -0.027	 -0.290
[component_container-11] 	 29.100	ErrPose	 -1.081	 -0.015	 -0.010	 -0.010
[component_container-11] 	 29.100	ErrTwis	  0.036	 -1.021	  0.048	  0.011
[component_container-11] 	 29.100	    GPS	  2.530	  0.846	  4.981	     --
[component_container-11] 	 29.100	   Baro	     --	     --	  4.879	     --
[component_container-11] 	 29.100	  BBias	     --	     --	 -0.300	     --
[component_container-11] 	 29.100	  Sonar	     --	     --	    inf	     --
[component_container-11] 	 29.100	  Magnt	     --	     --	     --	 -1.781
[component_container-11] 
[component_container-11] 	 29.140	   Pose	  3.727	  1.096	  5.005	 -1.765
[component_container-11] 	 29.140	  Twist	  0.336	  0.182	 -0.014	 -0.275
[component_container-11] 	 29.140	ErrPose	 -1.130	 -0.031	 -0.023	 -0.011
[component_container-11] 	 29.140	ErrTwis	  0.048	 -1.012	  0.036	 -0.005
[component_container-11] 	 29.140	    GPS	  2.530	  0.846	  4.981	     --
[component_container-11] 	 29.140	   Baro	     --	     --	  4.867	     --
[component_container-11] 	 29.140	  BBias	     --	     --	 -0.300	     --
[component_container-11] 	 29.140	  Sonar	     --	     --	    inf	     --
[component_container-11] 	 29.140	  Magnt	     --	     --	     --	 -1.708
[component_container-11] 
[component_container-11] 	 29.170	   Pose	  3.738	  1.101	  4.997	 -1.773
[component_container-11] 	 29.170	  Twist	  0.340	  0.181	 -0.023	 -0.272
[component_container-11] 	 29.170	ErrPose	 -1.158	 -0.042	 -0.014	 -0.008
[component_container-11] 	 29.170	ErrTwis	  0.053	 -1.007	  0.045	 -0.008
[component_container-11] 	 29.170	    GPS	  2.530	  0.846	  4.981	     --
[component_container-11] 	 29.170	   Baro	     --	     --	  4.612	     --
[component_container-11] 	 29.170	  BBias	     --	     --	 -0.300	     --
[component_container-11] 	 29.170	  Sonar	     --	     --	    inf	     --
[component_container-11] 	 29.170	  Magnt	     --	     --	     --	 -1.758
[component_container-11] 
[component_container-11] 	 29.200	   Pose	  3.748	  1.107	  4.996	 -1.782
[component_container-11] 	 29.200	  Twist	  0.345	  0.181	 -0.025	 -0.294
[component_container-11] 	 29.200	ErrPose	 -1.203	 -0.056	 -0.013	 -0.011
[component_container-11] 	 29.200	ErrTwis	  0.066	 -0.999	  0.044	  0.014
[component_container-11] 	 29.200	    GPS	  2.530	  0.846	  4.981	     --
[component_container-11] 	 29.200	   Baro	     --	     --	  4.612	     --
[component_container-11] 	 29.200	  BBias	     --	     --	 -0.300	     --
[component_container-11] 	 29.200	  Sonar	     --	     --	    inf	     --
[component_container-11] 	 29.200	  Magnt	     --	     --	     --	 -1.758
[component_container-11] 
[component_container-11] 	 29.240	   Pose	  3.762	  1.114	  5.002	 -1.793
[component_container-11] 	 29.240	  Twist	  0.352	  0.180	 -0.020	 -0.261
[component_container-11] 	 29.240	ErrPose	 -1.252	 -0.074	 -0.019	 -0.011
[component_container-11] 	 29.240	ErrTwis	  0.076	 -0.989	  0.037	 -0.019
[component_container-11] 	 29.240	    GPS	  2.530	  0.846	  4.981	     --
[component_container-11] 	 29.240	   Baro	     --	     --	  4.776	     --
[component_container-11] 	 29.240	  BBias	     --	     --	 -0.300	     --
[component_container-11] 	 29.240	  Sonar	     --	     --	    inf	     --
[component_container-11] 	 29.240	  Magnt	     --	     --	     --	 -1.785
[component_container-11] 
[component_container-11] 	 29.270	   Pose	  3.772	  1.119	  5.011	 -1.800
[component_container-11] 	 29.270	  Twist	  0.357	  0.180	 -0.011	 -0.267
[component_container-11] 	 29.270	ErrPose	 -1.280	 -0.084	 -0.027	 -0.009
[component_container-11] 	 29.270	ErrTwis	  0.080	 -0.983	  0.029	 -0.013
[component_container-11] 	 29.270	    GPS	  2.530	  0.846	  4.981	     --
[component_container-11] 	 29.270	   Baro	     --	     --	  4.810	     --
[component_container-11] 	 29.270	  BBias	     --	     --	 -0.300	     --
[component_container-11] 	 29.270	  Sonar	     --	     --	    inf	     --
[component_container-11] 	 29.270	  Magnt	     --	     --	     --	 -1.778
[component_container-11] 
[component_container-11] 	 29.300	   Pose	  3.783	  1.125	  5.010	 -1.808
[component_container-11] 	 29.300	  Twist	  0.362	  0.178	 -0.012	 -0.279
[component_container-11] 	 29.300	ErrPose	 -1.326	 -0.100	 -0.026	 -0.012
[component_container-11] 	 29.300	ErrTwis	  0.092	 -0.970	  0.031	 -0.001
[component_container-11] 	 29.300	    GPS	  2.530	  0.846	  4.981	     --
[component_container-11] 	 29.300	   Baro	     --	     --	  4.810	     --
[component_container-11] 	 29.300	  BBias	     --	     --	 -0.300	     --
[component_container-11] 	 29.300	  Sonar	     --	     --	    inf	     --
[component_container-11] 	 29.300	  Magnt	     --	     --	     --	 -1.778
[component_container-11] 
[component_container-11] 	 29.340	   Pose	  3.798	  1.132	  5.005	 -1.820
[component_container-11] 	 29.340	  Twist	  0.369	  0.178	 -0.019	 -0.271
[component_container-11] 	 29.340	ErrPose	 -1.376	 -0.118	 -0.021	 -0.011
[component_container-11] 	 29.340	ErrTwis	  0.102	 -0.959	  0.039	 -0.008
[component_container-11] 	 29.340	    GPS	  2.530	  0.846	  4.981	     --
[component_container-11] 	 29.340	   Baro	     --	     --	  4.656	     --
[component_container-11] 	 29.340	  BBias	     --	     --	 -0.300	     --
[component_container-11] 	 29.340	  Sonar	     --	     --	    inf	     --
[component_container-11] 	 29.340	  Magnt	     --	     --	     --	 -1.852
[component_container-11] 
[component_container-11] 	 29.370	   Pose	  3.809	  1.137	  5.001	 -1.829
[component_container-11] 	 29.370	  Twist	  0.374	  0.178	 -0.024	 -0.277
[component_container-11] 	 29.370	ErrPose	 -1.404	 -0.129	 -0.016	 -0.008
[component_container-11] 	 29.370	ErrTwis	  0.105	 -0.953	  0.046	 -0.002
[component_container-11] 	 29.370	    GPS	  2.530	  0.846	  4.981	     --
[component_container-11] 	 29.370	   Baro	     --	     --	  4.663	     --
[component_container-11] 	 29.370	  BBias	     --	     --	 -0.300	     --
[component_container-11] 	 29.370	  Sonar	     --	     --	    inf	     --
[component_container-11] 	 29.370	  Magnt	     --	     --	     --	 -1.842
[component_container-11] 
[component_container-11] 	 29.400	   Pose	  3.820	  1.143	  5.000	 -1.837
[component_container-11] 	 29.400	  Twist	  0.379	  0.177	 -0.027	 -0.277
[component_container-11] 	 29.400	ErrPose	 -1.450	 -0.145	 -0.015	 -0.011
[component_container-11] 	 29.400	ErrTwis	  0.115	 -0.943	  0.051	 -0.003
[component_container-11] 	 29.400	    GPS	  2.530	  0.846	  4.981	     --
[component_container-11] 	 29.400	   Baro	     --	     --	  4.663	     --
[component_container-11] 	 29.400	  BBias	     --	     --	 -0.300	     --
[component_container-11] 	 29.400	  Sonar	     --	     --	    inf	     --
[component_container-11] 	 29.400	  Magnt	     --	     --	     --	 -1.842
[component_container-11] 
[component_container-11] 	 29.440	   Pose	  3.836	  1.150	  5.002	 -1.848
[component_container-11] 	 29.440	  Twist	  0.386	  0.176	 -0.026	 -0.267
[component_container-11] 	 29.440	ErrPose	 -1.500	 -0.164	 -0.017	 -0.011
[component_container-11] 	 29.440	ErrTwis	  0.124	 -0.933	  0.053	 -0.013
[component_container-11] 	 29.440	    GPS	  2.530	  0.846	  4.981	     --
[component_container-11] 	 29.440	   Baro	     --	     --	  4.737	     --
[component_container-11] 	 29.440	  BBias	     --	     --	 -0.300	     --
[component_container-11] 	 29.440	  Sonar	     --	     --	    inf	     --
[component_container-11] 	 29.440	  Magnt	     --	     --	     --	 -1.841
[component_container-11] 
[component_container-11] [INFO] [1775320709.047562767] [drone.estimator]: TMP LOG sonar rejected: meas=2.486 est_z=4.994 innov=-2.509
[component_container-11] 	 29.470	   Pose	  3.847	  1.155	  4.994	 -1.856
[component_container-11] 	 29.470	  Twist	  0.391	  0.176	 -0.036	 -0.273
[component_container-11] 	 29.470	ErrPose	 -1.529	 -0.175	 -0.009	 -0.009
[component_container-11] 	 29.470	ErrTwis	  0.127	 -0.929	  0.063	 -0.007
[component_container-11] 	 29.470	    GPS	  2.530	  0.846	  4.981	     --
[component_container-11] 	 29.470	   Baro	     --	     --	  4.620	     --
[component_container-11] 	 29.470	  BBias	     --	     --	 -0.300	     --
[component_container-11] 	 29.470	  Sonar	     --	     --	  2.486	     --
[component_container-11] 	 29.470	  Magnt	     --	     --	     --	 -1.839
[component_container-11] 
[component_container-11] 	 29.500	   Pose	  3.859	  1.160	  4.993	 -1.865
[component_container-11] 	 29.500	  Twist	  0.396	  0.176	 -0.038	 -0.302
[component_container-11] 	 29.500	ErrPose	 -1.576	 -0.193	 -0.007	 -0.012
[component_container-11] 	 29.500	ErrTwis	  0.137	 -0.922	  0.065	  0.023
[component_container-11] 	 29.500	    GPS	  2.530	  0.846	  4.981	     --
[component_container-11] 	 29.500	   Baro	     --	     --	  4.620	     --
[component_container-11] 	 29.500	  BBias	     --	     --	 -0.300	     --
[component_container-11] 	 29.500	  Sonar	     --	     --	  2.486	     --
[component_container-11] 	 29.500	  Magnt	     --	     --	     --	 -1.839
[component_container-11] 
[component_container-11] 	 29.540	   Pose	  3.383	  1.115	  4.985	 -1.876
[component_container-11] 	 29.540	  Twist	  0.236	  0.158	 -0.046	 -0.263
[component_container-11] 	 29.540	ErrPose	 -1.134	 -0.160	  0.001	 -0.012
[component_container-11] 	 29.540	ErrTwis	  0.312	 -0.898	  0.075	 -0.017
[component_container-11] 	 29.540	    GPS	  2.193	  0.983	  4.986	     --
[component_container-11] 	 29.540	   Baro	     --	     --	  4.623	     --
[component_container-11] 	 29.540	  BBias	     --	     --	 -0.300	     --
[component_container-11] 	 29.540	  Sonar	     --	     --	  2.513	     --
[component_container-11] 	 29.540	  Magnt	     --	     --	     --	 -1.874
[component_container-11] 
[component_container-11] 	 29.570	   Pose	  3.390	  1.120	  4.981	 -1.884
[component_container-11] 	 29.570	  Twist	  0.240	  0.156	 -0.051	 -0.281
[component_container-11] 	 29.570	ErrPose	 -1.159	 -0.171	  0.005	 -0.009
[component_container-11] 	 29.570	ErrTwis	  0.315	 -0.893	  0.080	  0.001
[component_container-11] 	 29.570	    GPS	  2.193	  0.983	  4.986	     --
[component_container-11] 	 29.570	   Baro	     --	     --	  4.660	     --
[component_container-11] 	 29.570	  BBias	     --	     --	 -0.300	     --
[component_container-11] 	 29.570	  Sonar	     --	     --	  2.480	     --
[component_container-11] 	 29.570	  Magnt	     --	     --	     --	 -1.877
[component_container-11] 
[component_container-11] 	 29.600	   Pose	  3.397	  1.124	  4.980	 -1.892
[component_container-11] 	 29.600	  Twist	  0.245	  0.156	 -0.052	 -0.267
[component_container-11] 	 29.600	ErrPose	 -1.201	 -0.188	  0.007	 -0.012
[component_container-11] 	 29.600	ErrTwis	  0.325	 -0.886	  0.081	 -0.013
[component_container-11] 	 29.600	    GPS	  2.193	  0.983	  4.986	     --
[component_container-11] 	 29.600	   Baro	     --	     --	  4.660	     --
[component_container-11] 	 29.600	  BBias	     --	     --	 -0.300	     --
[component_container-11] 	 29.600	  Sonar	     --	     --	  2.480	     --
[component_container-11] 	 29.600	  Magnt	     --	     --	     --	 -1.877
[component_container-11] 
[component_container-11] 	 29.640	   Pose	  3.407	  1.131	  4.990	 -1.903
[component_container-11] 	 29.640	  Twist	  0.251	  0.155	 -0.041	 -0.278
[component_container-11] 	 29.640	ErrPose	 -1.246	 -0.207	 -0.003	 -0.012
[component_container-11] 	 29.640	ErrTwis	  0.333	 -0.880	  0.069	 -0.002
[component_container-11] 	 29.640	    GPS	  2.193	  0.983	  4.986	     --
[component_container-11] 	 29.640	   Baro	     --	     --	  4.829	     --
[component_container-11] 	 29.640	  BBias	     --	     --	 -0.300	     --
[component_container-11] 	 29.640	  Sonar	     --	     --	  2.470	     --
[component_container-11] 	 29.640	  Magnt	     --	     --	     --	 -1.894
[component_container-11] 
[component_container-11] 	 29.670	   Pose	  3.415	  1.135	  4.991	 -1.910
[component_container-11] 	 29.670	  Twist	  0.255	  0.155	 -0.039	 -0.278
[component_container-11] 	 29.670	ErrPose	 -1.271	 -0.218	 -0.005	 -0.011
[component_container-11] 	 29.670	ErrTwis	  0.336	 -0.876	  0.065	 -0.001
[component_container-11] 	 29.670	    GPS	  2.193	  0.983	  4.986	     --
[component_container-11] 	 29.670	   Baro	     --	     --	  4.722	     --
[component_container-11] 	 29.670	  BBias	     --	     --	 -0.300	     --
[component_container-11] 	 29.670	  Sonar	     --	     --	    inf	     --
[component_container-11] 	 29.670	  Magnt	     --	     --	     --	 -1.847
[component_container-11] 
[component_container-11] 	 29.700	   Pose	  3.423	  1.140	  4.990	 -1.918
[component_container-11] 	 29.700	  Twist	  0.259	  0.154	 -0.039	 -0.266
[component_container-11] 	 29.700	ErrPose	 -1.314	 -0.236	 -0.003	 -0.014
[component_container-11] 	 29.700	ErrTwis	  0.345	 -0.868	  0.062	 -0.013
[component_container-11] 	 29.700	    GPS	  2.193	  0.983	  4.986	     --
[component_container-11] 	 29.700	   Baro	     --	     --	  4.722	     --
[component_container-11] 	 29.700	  BBias	     --	     --	 -0.300	     --
[component_container-11] 	 29.700	  Sonar	     --	     --	    inf	     --
[component_container-11] 	 29.700	  Magnt	     --	     --	     --	 -1.847
[component_container-11] 
[component_container-11] 	 29.740	   Pose	  3.433	  1.146	  4.989	 -1.930
[component_container-11] 	 29.740	  Twist	  0.264	  0.153	 -0.039	 -0.257
[component_container-11] 	 29.740	ErrPose	 -1.360	 -0.255	 -0.002	 -0.013
[component_container-11] 	 29.740	ErrTwis	  0.352	 -0.856	  0.056	 -0.022
[component_container-11] 	 29.740	    GPS	  2.193	  0.983	  4.986	     --
[component_container-11] 	 29.740	   Baro	     --	     --	  4.696	     --
[component_container-11] 	 29.740	  BBias	     --	     --	 -0.300	     --
[component_container-11] 	 29.740	  Sonar	     --	     --	    inf	     --
[component_container-11] 	 29.740	  Magnt	     --	     --	     --	 -1.970
[component_container-11] 
[component_container-11] 	 29.770	   Pose	  3.441	  1.151	  4.995	 -1.939
[component_container-11] 	 29.770	  Twist	  0.268	  0.153	 -0.033	 -0.286
[component_container-11] 	 29.770	ErrPose	 -1.385	 -0.267	 -0.008	 -0.010
[component_container-11] 	 29.770	ErrTwis	  0.354	 -0.849	  0.046	  0.007
[component_container-11] 	 29.770	    GPS	  2.193	  0.983	  4.986	     --
[component_container-11] 	 29.770	   Baro	     --	     --	  4.774	     --
[component_container-11] 	 29.770	  BBias	     --	     --	 -0.300	     --
[component_container-11] 	 29.770	  Sonar	     --	     --	  2.476	     --
[component_container-11] 	 29.770	  Magnt	     --	     --	     --	 -1.940
[component_container-11] 
[component_container-11] 	 29.800	   Pose	  3.449	  1.155	  4.994	 -1.947
[component_container-11] 	 29.800	  Twist	  0.272	  0.153	 -0.034	 -0.268
[component_container-11] 	 29.800	ErrPose	 -1.427	 -0.285	 -0.006	 -0.013
[component_container-11] 	 29.800	ErrTwis	  0.361	 -0.832	  0.041	 -0.011
[component_container-11] 	 29.800	    GPS	  2.193	  0.983	  4.986	     --
[component_container-11] 	 29.800	   Baro	     --	     --	  4.774	     --
[component_container-11] 	 29.800	  BBias	     --	     --	 -0.300	     --
[component_container-11] 	 29.800	  Sonar	     --	     --	  2.476	     --
[component_container-11] 	 29.800	  Magnt	     --	     --	     --	 -1.940
[component_container-11] 
[component_container-11] 	 29.840	   Pose	  3.460	  1.161	  4.994	 -1.959
[component_container-11] 	 29.840	  Twist	  0.278	  0.152	 -0.034	 -0.274
[component_container-11] 	 29.840	ErrPose	 -1.472	 -0.305	 -0.005	 -0.012
[component_container-11] 	 29.840	ErrTwis	  0.366	 -0.813	  0.039	 -0.005
[component_container-11] 	 29.840	    GPS	  2.193	  0.983	  4.986	     --
[component_container-11] 	 29.840	   Baro	     --	     --	  4.703	     --
[component_container-11] 	 29.840	  BBias	     --	     --	 -0.300	     --
[component_container-11] 	 29.840	  Sonar	     --	     --	  2.491	     --
[component_container-11] 	 29.840	  Magnt	     --	     --	     --	 -1.986
[component_container-11] 
[component_container-11] 	 29.870	   Pose	  3.468	  1.166	  4.991	 -1.966
[component_container-11] 	 29.870	  Twist	  0.281	  0.151	 -0.036	 -0.271
[component_container-11] 	 29.870	ErrPose	 -1.497	 -0.317	 -0.003	 -0.010
[component_container-11] 	 29.870	ErrTwis	  0.367	 -0.802	  0.041	 -0.008
[component_container-11] 	 29.870	    GPS	  2.193	  0.983	  4.986	     --
[component_container-11] 	 29.870	   Baro	     --	     --	  4.680	     --
[component_container-11] 	 29.870	  BBias	     --	     --	 -0.300	     --
[component_container-11] 	 29.870	  Sonar	     --	     --	  2.479	     --
[component_container-11] 	 29.870	  Magnt	     --	     --	     --	 -1.941
[component_container-11] 
[component_container-11] 	 29.900	   Pose	  3.477	  1.170	  4.990	 -1.975
[component_container-11] 	 29.900	  Twist	  0.286	  0.150	 -0.037	 -0.263
[component_container-11] 	 29.900	ErrPose	 -1.539	 -0.336	 -0.001	 -0.013
[component_container-11] 	 29.900	ErrTwis	  0.373	 -0.779	  0.042	 -0.016
[component_container-11] 	 29.900	    GPS	  2.193	  0.983	  4.986	     --
[component_container-11] 	 29.900	   Baro	     --	     --	  4.680	     --
[component_container-11] 	 29.900	  BBias	     --	     --	 -0.300	     --
[component_container-11] 	 29.900	  Sonar	     --	     --	  2.479	     --
[component_container-11] 	 29.900	  Magnt	     --	     --	     --	 -1.941
[component_container-11] 
[component_container-11] 	 29.940	   Pose	  3.489	  1.176	  5.000	 -1.986
[component_container-11] 	 29.940	  Twist	  0.291	  0.150	 -0.028	 -0.286
[component_container-11] 	 29.940	ErrPose	 -1.583	 -0.357	 -0.010	 -0.013
[component_container-11] 	 29.940	ErrTwis	  0.376	 -0.758	  0.033	  0.007
[component_container-11] 	 29.940	    GPS	  2.193	  0.983	  4.986	     --
[component_container-11] 	 29.940	   Baro	     --	     --	  4.809	     --
[component_container-11] 	 29.940	  BBias	     --	     --	 -0.300	     --
[component_container-11] 	 29.940	  Sonar	     --	     --	  2.471	     --
[component_container-11] 	 29.940	  Magnt	     --	     --	     --	 -2.010
[component_container-11] 
[component_container-11] 	 29.970	   Pose	  3.497	  1.181	  4.996	 -1.995
[component_container-11] 	 29.970	  Twist	  0.296	  0.151	 -0.031	 -0.279
[component_container-11] 	 29.970	ErrPose	 -1.608	 -0.369	 -0.006	 -0.009
[component_container-11] 	 29.970	ErrTwis	  0.376	 -0.748	  0.038	  0.001
[component_container-11] 	 29.970	    GPS	  2.193	  0.983	  4.986	     --
[component_container-11] 	 29.970	   Baro	     --	     --	  4.666	     --
[component_container-11] 	 29.970	  BBias	     --	     --	 -0.300	     --
[component_container-11] 	 29.970	  Sonar	     --	     --	  2.485	     --
[component_container-11] 	 29.970	  Magnt	     --	     --	     --	 -1.999
[component_container-11] 
[component_container-11] [INFO] [1775320709.595132825] [drone.controller]: cmd_vel body=(0.665, -0.527, 0.004) yaw=-0.300 | odom_received=true | plan_points=9
[component_container-11] 	 30.000	   Pose	  3.506	  1.185	  4.995	 -2.004
[component_container-11] 	 30.000	  Twist	  0.300	  0.150	 -0.032	 -0.275
[component_container-11] 	 30.000	ErrPose	 -1.649	 -0.389	 -0.004	 -0.012
[component_container-11] 	 30.000	ErrTwis	  0.379	 -0.726	  0.042	 -0.004
[component_container-11] 	 30.000	    GPS	  2.193	  0.983	  4.986	     --
[component_container-11] 	 30.000	   Baro	     --	     --	  4.666	     --
[component_container-11] 	 30.000	  BBias	     --	     --	 -0.300	     --
[component_container-11] 	 30.000	  Sonar	     --	     --	  2.485	     --
[component_container-11] 	 30.000	  Magnt	     --	     --	     --	 -1.999
[component_container-11] 
[component_container-11] [INFO] [1775320709.595543272] [drone.estimator]: TMP LOG err_xyz=(-1.649, -0.389, -0.004) | z_est=4.995 vz_est=-0.032 bias=-0.300 | gps_z=4.986 sonar=2.485 baro=4.666
[component_container-11] 	 30.040	   Pose	  2.969	  1.055	  5.003	 -2.016
[component_container-11] 	 30.040	  Twist	  0.118	  0.104	 -0.024	 -0.270
[component_container-11] 	 30.040	ErrPose	 -1.143	 -0.274	 -0.011	 -0.011
[component_container-11] 	 30.040	ErrTwis	  0.568	 -0.660	  0.036	 -0.009
[component_container-11] 	 30.040	    GPS	  1.655	  0.728	  4.991	     --
[component_container-11] 	 30.040	   Baro	     --	     --	  4.821	     --
[component_container-11] 	 30.040	  BBias	     --	     --	 -0.300	     --
[component_container-11] 	 30.040	  Sonar	     --	     --	  2.504	     --
[component_container-11] 	 30.040	  Magnt	     --	     --	     --	 -2.048
[component_container-11] 
[component_container-11] 	 30.070	   Pose	  2.973	  1.058	  5.006	 -2.024
[component_container-11] 	 30.070	  Twist	  0.123	  0.103	 -0.022	 -0.285
[component_container-11] 	 30.070	ErrPose	 -1.163	 -0.285	 -0.014	 -0.008
[component_container-11] 	 30.070	ErrTwis	  0.568	 -0.649	  0.034	  0.006
[component_container-11] 	 30.070	    GPS	  1.655	  0.728	  4.991	     --
[component_container-11] 	 30.070	   Baro	     --	     --	  4.747	     --
[component_container-11] 	 30.070	  BBias	     --	     --	 -0.300	     --
[component_container-11] 	 30.070	  Sonar	     --	     --	  2.515	     --
[component_container-11] 	 30.070	  Magnt	     --	     --	     --	 -2.043
[component_container-11] 
[component_container-11] 	 30.100	   Pose	  2.976	  1.062	  5.005	 -2.033
[component_container-11] 	 30.100	  Twist	  0.127	  0.102	 -0.022	 -0.275
[component_container-11] 	 30.100	ErrPose	 -1.197	 -0.304	 -0.012	 -0.011
[component_container-11] 	 30.100	ErrTwis	  0.570	 -0.630	  0.036	 -0.005
[component_container-11] 	 30.100	    GPS	  1.655	  0.728	  4.991	     --
[component_container-11] 	 30.100	   Baro	     --	     --	  4.747	     --
[component_container-11] 	 30.100	  BBias	     --	     --	 -0.300	     --
[component_container-11] 	 30.100	  Sonar	     --	     --	  2.515	     --
[component_container-11] 	 30.100	  Magnt	     --	     --	     --	 -2.043
[component_container-11] 
[component_container-11] 	 30.140	   Pose	  2.982	  1.066	  4.999	 -2.043
[component_container-11] 	 30.140	  Twist	  0.132	  0.102	 -0.028	 -0.270
[component_container-11] 	 30.140	ErrPose	 -1.233	 -0.324	 -0.006	 -0.012
[component_container-11] 	 30.140	ErrTwis	  0.571	 -0.612	  0.044	 -0.010
[component_container-11] 	 30.140	    GPS	  1.655	  0.728	  4.991	     --
[component_container-11] 	 30.140	   Baro	     --	     --	  4.648	     --
[component_container-11] 	 30.140	  BBias	     --	     --	 -0.300	     --
[component_container-11] 	 30.140	  Sonar	     --	     --	  2.475	     --
[component_container-11] 	 30.140	  Magnt	     --	     --	     --	 -2.006
[component_container-11] 
[component_container-11] 	 30.170	   Pose	  2.986	  1.069	  4.988	 -2.052
[component_container-11] 	 30.170	  Twist	  0.135	  0.101	 -0.040	 -0.253
[component_container-11] 	 30.170	ErrPose	 -1.252	 -0.335	  0.006	 -0.008
[component_container-11] 	 30.170	ErrTwis	  0.570	 -0.603	  0.055	 -0.028
[component_container-11] 	 30.170	    GPS	  1.655	  0.728	  4.991	     --
[component_container-11] 	 30.170	   Baro	     --	     --	  4.568	     --
[component_container-11] 	 30.170	  BBias	     --	     --	 -0.300	     --
[component_container-11] 	 30.170	  Sonar	     --	     --	  3.142	     --
[component_container-11] 	 30.170	  Magnt	     --	     --	     --	 -2.080
[component_container-11] 
[component_container-11] 	 30.200	   Pose	  2.990	  1.072	  4.987	 -2.060
[component_container-11] 	 30.200	  Twist	  0.138	  0.102	 -0.040	 -0.273
[component_container-11] 	 30.200	ErrPose	 -1.287	 -0.354	  0.008	 -0.011
[component_container-11] 	 30.200	ErrTwis	  0.572	 -0.585	  0.050	 -0.007
[component_container-11] 	 30.200	    GPS	  1.655	  0.728	  4.991	     --
[component_container-11] 	 30.200	   Baro	     --	     --	  4.568	     --
[component_container-11] 	 30.200	  BBias	     --	     --	 -0.300	     --
[component_container-11] 	 30.200	  Sonar	     --	     --	  3.142	     --
[component_container-11] 	 30.200	  Magnt	     --	     --	     --	 -2.080
[component_container-11] 
[component_container-11] 	 30.240	   Pose	  2.995	  1.076	  4.980	 -2.070
[component_container-11] 	 30.240	  Twist	  0.142	  0.103	 -0.046	 -0.278
[component_container-11] 	 30.240	ErrPose	 -1.322	 -0.374	  0.015	 -0.013
[component_container-11] 	 30.240	ErrTwis	  0.570	 -0.566	  0.051	 -0.002
[component_container-11] 	 30.240	    GPS	  1.655	  0.728	  4.991	     --
[component_container-11] 	 30.240	   Baro	     --	     --	  4.624	     --
[component_container-11] 	 30.240	  BBias	     --	     --	 -0.300	     --
[component_container-11] 	 30.240	  Sonar	     --	     --	  3.265	     --
[component_container-11] 	 30.240	  Magnt	     --	     --	     --	 -2.019
[component_container-11] 
[component_container-11] 	 30.270	   Pose	  3.000	  1.079	  4.977	 -2.079
[component_container-11] 	 30.270	  Twist	  0.146	  0.103	 -0.047	 -0.280
[component_container-11] 	 30.270	ErrPose	 -1.340	 -0.386	  0.019	 -0.009
[component_container-11] 	 30.270	ErrTwis	  0.568	 -0.553	  0.052	  0.000
[component_container-11] 	 30.270	    GPS	  1.655	  0.728	  4.991	     --
[component_container-11] 	 30.270	   Baro	     --	     --	  4.658	     --
[component_container-11] 	 30.270	  BBias	     --	     --	 -0.300	     --
[component_container-11] 	 30.270	  Sonar	     --	     --	  3.260	     --
[component_container-11] 	 30.270	  Magnt	     --	     --	     --	 -2.101
[component_container-11] 
[component_container-11] 	 30.300	   Pose	  3.004	  1.082	  4.975	 -2.088
[component_container-11] 	 30.300	  Twist	  0.150	  0.102	 -0.046	 -0.282
[component_container-11] 	 30.300	ErrPose	 -1.373	 -0.406	  0.021	 -0.012
[component_container-11] 	 30.300	ErrTwis	  0.565	 -0.527	  0.052	 51.710
[component_container-11] 	 30.300	    GPS	  1.655	  0.728	  4.991	     --
[component_container-11] 	 30.300	   Baro	     --	     --	  4.658	     --
[component_container-11] 	 30.300	  BBias	     --	     --	 -0.300	     --
[component_container-11] 	 30.300	  Sonar	     --	     --	  3.260	     --
[component_container-11] 	 30.300	  Magnt	     --	     --	     --	 -2.101
[component_container-11] 
[component_container-11] 	 30.340	   Pose	  3.010	  1.086	  4.974	 -2.098
[component_container-11] 	 30.340	  Twist	  0.154	  0.101	 -0.044	 -0.245
[component_container-11] 	 30.340	ErrPose	 -1.407	 -0.426	  0.024	 -0.012
[component_container-11] 	 30.340	ErrTwis	  0.561	 -0.499	  0.051	 51.674
[component_container-11] 	 30.340	    GPS	  1.655	  0.728	  4.991	     --
[component_container-11] 	 30.340	   Baro	     --	     --	  4.680	     --
[component_container-11] 	 30.340	  BBias	     --	     --	 -0.300	     --
[component_container-11] 	 30.340	  Sonar	     --	     --	    inf	     --
[component_container-11] 	 30.340	  Magnt	     --	     --	     --	 -2.068
[component_container-11] 
[component_container-11] 	 30.370	   Pose	  3.015	  1.089	  4.981	 -2.105
[component_container-11] 	 30.370	  Twist	  0.158	  0.101	 -0.035	 -0.264
[component_container-11] 	 30.370	ErrPose	 -1.425	 -0.438	  0.017	 -0.010
[component_container-11] 	 30.370	ErrTwis	  0.557	 -0.486	  0.042	 51.694
[component_container-11] 	 30.370	    GPS	  1.655	  0.728	  4.991	     --
[component_container-11] 	 30.370	   Baro	     --	     --	  4.775	     --
[component_container-11] 	 30.370	  BBias	     --	     --	 -0.300	     --
[component_container-11] 	 30.370	  Sonar	     --	     --	    inf	     --
[component_container-11] 	 30.370	  Magnt	     --	     --	     --	 -2.078
[component_container-11] 
[component_container-11] 	 30.400	   Pose	  3.020	  1.092	  4.980	 -2.114
[component_container-11] 	 30.400	  Twist	  0.161	  0.101	 -0.033	 -0.272
[component_container-11] 	 30.400	ErrPose	 -1.456	 -0.458	  0.019	 -0.013
[component_container-11] 	 30.400	ErrTwis	  0.552	 -0.461	  0.045	 -0.006
[component_container-11] 	 30.400	    GPS	  1.655	  0.728	  4.991	     --
[component_container-11] 	 30.400	   Baro	     --	     --	  4.775	     --
[component_container-11] 	 30.400	  BBias	     --	     --	 -0.300	     --
[component_container-11] 	 30.400	  Sonar	     --	     --	    inf	     --
[component_container-11] 	 30.400	  Magnt	     --	     --	     --	 -2.078
[component_container-11] 
[component_container-11] 	 30.440	   Pose	  3.026	  1.096	  4.974	 -2.125
[component_container-11] 	 30.440	  Twist	  0.166	  0.101	 -0.038	 -0.280
[component_container-11] 	 30.440	ErrPose	 -1.489	 -0.479	  0.027	 -0.013
[component_container-11] 	 30.440	ErrTwis	  0.545	 -0.437	  0.056	  0.001
[component_container-11] 	 30.440	    GPS	  1.655	  0.728	  4.991	     --
[component_container-11] 	 30.440	   Baro	     --	     --	  4.625	     --
[component_container-11] 	 30.440	  BBias	     --	     --	 -0.300	     --
[component_container-11] 	 30.440	  Sonar	     --	     --	    inf	     --
[component_container-11] 	 30.440	  Magnt	     --	     --	     --	 -2.140
[component_container-11] 
[component_container-11] 	 30.470	   Pose	  3.031	  1.099	  4.974	 -2.135
[component_container-11] 	 30.470	  Twist	  0.171	  0.100	 -0.037	 -0.271
[component_container-11] 	 30.470	ErrPose	 -1.507	 -0.491	  0.027	 -0.009
[component_container-11] 	 30.470	ErrTwis	  0.540	 -0.426	  0.056	 -0.008
[component_container-11] 	 30.470	    GPS	  1.655	  0.728	  4.991	     --
[component_container-11] 	 30.470	   Baro	     --	     --	  4.685	     --
[component_container-11] 	 30.470	  BBias	     --	     --	 -0.300	     --
[component_container-11] 	 30.470	  Sonar	     --	     --	    inf	     --
[component_container-11] 	 30.470	  Magnt	     --	     --	     --	 -2.173
[component_container-11] 
[component_container-11] 	 30.500	   Pose	  3.036	  1.102	  4.973	 -2.143
[component_container-11] 	 30.500	  Twist	  0.174	  0.099	 -0.037	 -0.284
[component_container-11] 	 30.500	ErrPose	 -1.537	 -0.511	  0.030	 -0.012
[component_container-11] 	 30.500	ErrTwis	  0.534	 -0.406	  0.059	  0.004
[component_container-11] 	 30.500	    GPS	  1.655	  0.728	  4.991	     --
[component_container-11] 	 30.500	   Baro	     --	     --	  4.685	     --
[component_container-11] 	 30.500	  BBias	     --	     --	 -0.300	     --
[component_container-11] 	 30.500	  Sonar	     --	     --	    inf	     --
[component_container-11] 	 30.500	  Magnt	     --	     --	     --	 -2.173
[component_container-11] 
[component_container-11] 	 30.540	   Pose	  2.482	  0.942	  4.978	 -2.154
[component_container-11] 	 30.540	  Twist	 -0.012	  0.043	 -0.030	 -0.267
[component_container-11] 	 30.540	ErrPose	 -1.008	 -0.368	  0.026	 -0.012
[component_container-11] 	 30.540	ErrTwis	  0.716	 -0.332	  0.054	 -0.013
[component_container-11] 	 30.540	    GPS	  1.142	  0.547	  5.003	     --
[component_container-11] 	 30.540	   Baro	     --	     --	  4.693	     --
[component_container-11] 	 30.540	  BBias	     --	     --	 -0.300	     --
[component_container-11] 	 30.540	  Sonar	     --	     --	    inf	     --
[component_container-11] 	 30.540	  Magnt	     --	     --	     --	 -2.146
[component_container-11] 
[component_container-11] 	 30.570	   Pose	  2.482	  0.943	  4.980	 -2.162
[component_container-11] 	 30.570	  Twist	 -0.009	  0.042	 -0.027	 -0.281
[component_container-11] 	 30.570	ErrPose	 -1.020	 -0.378	  0.025	 -0.009
[component_container-11] 	 30.570	ErrTwis	  0.711	 -0.322	  0.054	  0.001
[component_container-11] 	 30.570	    GPS	  1.142	  0.547	  5.003	     --
[component_container-11] 	 30.570	   Baro	     --	     --	  4.716	     --
[component_container-11] 	 30.570	  BBias	     --	     --	 -0.300	     --
[component_container-11] 	 30.570	  Sonar	     --	     --	    inf	     --
[component_container-11] 	 30.570	  Magnt	     --	     --	     --	 -2.144
[component_container-11] 
[component_container-11] [INFO] [1775320710.196973453] [drone.behavior]: Behavior transition TURTLE_POSITION -> TURTLE_WAYPOINT | turtle_stop=false | waypoint=(2.54, 0.84, 5.00)
[component_container-11] [INFO] [1775320710.197036626] [drone.behavior]: Behavior target TURTLE_WAYPOINT | new_waypoint=(1.00, 4.00, 5.00)
[component_container-11] 	 30.600	   Pose	  2.482	  0.944	  4.979	 -2.170
[component_container-11] 	 30.600	  Twist	 -0.006	  0.042	 -0.027	 -0.281
[component_container-11] 	 30.600	ErrPose	 -1.043	 -0.396	  0.027	 -0.012
[component_container-11] 	 30.600	ErrTwis	  0.704	 -0.306	  0.057	  0.002
[component_container-11] 	 30.600	    GPS	  1.142	  0.547	  5.003	     --
[component_container-11] 	 30.600	   Baro	     --	     --	  4.716	     --
[component_container-11] 	 30.600	  BBias	     --	     --	 -0.300	     --
[component_container-11] 	 30.600	  Sonar	     --	     --	    inf	     --
[component_container-11] 	 30.600	  Magnt	     --	     --	     --	 -2.144
[component_container-11] 
[component_container-11] 	 30.640	   Pose	  2.482	  0.946	  4.975	 -2.181
[component_container-11] 	 30.640	  Twist	 -0.003	  0.042	 -0.031	 -0.268
[component_container-11] 	 30.640	ErrPose	 -1.067	 -0.414	  0.034	 -0.012
[component_container-11] 	 30.640	ErrTwis	  0.696	 -0.292	  0.061	 -0.011
[component_container-11] 	 30.640	    GPS	  1.142	  0.547	  5.003	     --
[component_container-11] 	 30.640	   Baro	     --	     --	  4.638	     --
[component_container-11] 	 30.640	  BBias	     --	     --	 -0.300	     --
[component_container-11] 	 30.640	  Sonar	     --	     --	    inf	     --
[component_container-11] 	 30.640	  Magnt	     --	     --	     --	 -2.180
[component_container-11] 
[component_container-11] 	 30.670	   Pose	  2.481	  0.947	  4.984	 -2.191
[component_container-11] 	 30.670	  Twist	 -0.001	  0.042	 -0.022	 -0.277
[component_container-11] 	 30.670	ErrPose	 -1.079	 -0.424	  0.026	 -0.009
[component_container-11] 	 30.670	ErrTwis	  0.690	 -0.285	  0.050	 -0.001
[component_container-11] 	 30.670	    GPS	  1.142	  0.547	  5.003	     --
[component_container-11] 	 30.670	   Baro	     --	     --	  4.794	     --
[component_container-11] 	 30.670	  BBias	     --	     --	 -0.300	     --
[component_container-11] 	 30.670	  Sonar	     --	     --	    inf	     --
[component_container-11] 	 30.670	  Magnt	     --	     --	     --	 -2.232
[component_container-11] 
[component_container-11] 	 30.700	   Pose	  2.481	  0.948	  4.983	 -2.199
[component_container-11] 	 30.700	  Twist	  0.001	  0.042	 -0.021	 -0.258
[component_container-11] 	 30.700	ErrPose	 -1.102	 -0.442	  0.028	 -0.012
[component_container-11] 	 30.700	ErrTwis	  0.681	 -0.271	  0.048	 -0.020
[component_container-11] 	 30.700	    GPS	  1.142	  0.547	  5.003	     --
[component_container-11] 	 30.700	   Baro	     --	     --	  4.794	     --
[component_container-11] 	 30.700	  BBias	     --	     --	 -0.300	     --
[component_container-11] 	 30.700	  Sonar	     --	     --	    inf	     --
[component_container-11] 	 30.700	  Magnt	     --	     --	     --	 -2.232
[component_container-11] 
[component_container-11] 	 30.740	   Pose	  2.482	  0.950	  4.987	 -2.210
[component_container-11] 	 30.740	  Twist	  0.006	  0.040	 -0.014	 -0.284
[component_container-11] 	 30.740	ErrPose	 -1.124	 -0.460	  0.026	 -0.011
[component_container-11] 	 30.740	ErrTwis	  0.668	 -0.254	  0.042	  0.006
[component_container-11] 	 30.740	    GPS	  1.142	  0.547	  5.003	     --
[component_container-11] 	 30.740	   Baro	     --	     --	  4.742	     --
[component_container-11] 	 30.740	  BBias	     --	     --	 -0.300	     --
[component_container-11] 	 30.740	  Sonar	     --	     --	    inf	     --
[component_container-11] 	 30.740	  Magnt	     --	     --	     --	 -2.229
[component_container-11] 
[component_container-11] 	 30.770	   Pose	  2.482	  0.951	  4.980	 -2.219
[component_container-11] 	 30.770	  Twist	  0.010	  0.039	 -0.023	 -0.263
[component_container-11] 	 30.770	ErrPose	 -1.136	 -0.469	  0.034	 -0.008
[component_container-11] 	 30.770	ErrTwis	  0.659	 -0.244	  0.051	 -0.014
[component_container-11] 	 30.770	    GPS	  1.142	  0.547	  5.003	     --
[component_container-11] 	 30.770	   Baro	     --	     --	  4.612	     --
[component_container-11] 	 30.770	  BBias	     --	     --	 -0.300	     --
[component_container-11] 	 30.770	  Sonar	     --	     --	    inf	     --
[component_container-11] 	 30.770	  Magnt	     --	     --	     --	 -2.231
[component_container-11] 
[component_container-11] 	 30.800	   Pose	  2.482	  0.952	  4.980	 -2.227
[component_container-11] 	 30.800	  Twist	  0.014	  0.037	 -0.023	 -0.265
[component_container-11] 	 30.800	ErrPose	 -1.158	 -0.486	  0.036	 -0.011
[component_container-11] 	 30.800	ErrTwis	  0.645	 -0.227	  0.053	 -0.012
[component_container-11] 	 30.800	    GPS	  1.142	  0.547	  5.003	     --
[component_container-11] 	 30.800	   Baro	     --	     --	  4.612	     --
[component_container-11] 	 30.800	  BBias	     --	     --	 -0.300	     --
[component_container-11] 	 30.800	  Sonar	     --	     --	    inf	     --
[component_container-11] 	 30.800	  Magnt	     --	     --	     --	 -2.231
[component_container-11] 
[component_container-11] 	 30.840	   Pose	  2.483	  0.954	  4.993	 -2.239
[component_container-11] 	 30.840	  Twist	  0.020	  0.035	 -0.010	 -0.266
[component_container-11] 	 30.840	ErrPose	 -1.180	 -0.503	  0.025	 -0.010
[component_container-11] 	 30.840	ErrTwis	  0.627	 -0.215	  0.044	 -0.012
[component_container-11] 	 30.840	    GPS	  1.142	  0.547	  5.003	     --
[component_container-11] 	 30.840	   Baro	     --	     --	  4.844	     --
[component_container-11] 	 30.840	  BBias	     --	     --	 -0.300	     --
[component_container-11] 	 30.840	  Sonar	     --	     --	    inf	     --
[component_container-11] 	 30.840	  Magnt	     --	     --	     --	 -2.282
[component_container-11] 
[component_container-11] 	 30.870	   Pose	  2.484	  0.955	  4.993	 -2.248
[component_container-11] 	 30.870	  Twist	  0.024	  0.032	 -0.012	 -0.265
[component_container-11] 	 30.870	ErrPose	 -1.191	 -0.512	  0.026	 -0.006
[component_container-11] 	 30.870	ErrTwis	  0.617	 -0.212	  0.048	 -0.013
[component_container-11] 	 30.870	    GPS	  1.142	  0.547	  5.003	     --
[component_container-11] 	 30.870	   Baro	     --	     --	  4.696	     --
[component_container-11] 	 30.870	  BBias	     --	     --	 -0.300	     --
[component_container-11] 	 30.870	  Sonar	     --	     --	    inf	     --
[component_container-11] 	 30.870	  Magnt	     --	     --	     --	 -2.307
[component_container-11] 
[component_container-11] 	 30.900	   Pose	  2.484	  0.956	  4.993	 -2.257
[component_container-11] 	 30.900	  Twist	  0.028	  0.030	 -0.015	 -0.276
[component_container-11] 	 30.900	ErrPose	 -1.214	 -0.527	  0.028	 -0.009
[component_container-11] 	 30.900	ErrTwis	  0.601	 -0.215	  0.054	 -0.004
[component_container-11] 	 30.900	    GPS	  1.142	  0.547	  5.003	     --
[component_container-11] 	 30.900	   Baro	     --	     --	  4.696	     --
[component_container-11] 	 30.900	  BBias	     --	     --	 -0.300	     --
[component_container-11] 	 30.900	  Sonar	     --	     --	    inf	     --
[component_container-11] 	 30.900	  Magnt	     --	     --	     --	 -2.307
[component_container-11] 
[component_container-11] 	 30.940	   Pose	  2.486	  0.957	  4.990	 -2.269
[component_container-11] 	 30.940	  Twist	  0.032	  0.029	 -0.023	 -0.270
[component_container-11] 	 30.940	ErrPose	 -1.237	 -0.541	  0.032	 -0.009
[component_container-11] 	 30.940	ErrTwis	  0.584	 -0.229	  0.062	 -0.012
[component_container-11] 	 30.940	    GPS	  1.142	  0.547	  5.003	     --
[component_container-11] 	 30.940	   Baro	     --	     --	  4.670	     --
[component_container-11] 	 30.940	  BBias	     --	     --	 -0.300	     --
[component_container-11] 	 30.940	  Sonar	     --	     --	    inf	     --
[component_container-11] 	 30.940	  Magnt	     --	     --	     --	 -2.291
[component_container-11] 
[component_container-11] 	 30.970	   Pose	  2.487	  0.958	  4.990	 -2.278
[component_container-11] 	 30.970	  Twist	  0.036	  0.028	 -0.027	 -0.278
[component_container-11] 	 30.970	ErrPose	 -1.250	 -0.547	  0.033	 -0.006
[component_container-11] 	 30.970	ErrTwis	  0.573	 -0.238	  0.066	 -0.004
[component_container-11] 	 30.970	    GPS	  1.142	  0.547	  5.003	     --
[component_container-11] 	 30.970	   Baro	     --	     --	  4.695	     --
[component_container-11] 	 30.970	  BBias	     --	     --	 -0.300	     --
[component_container-11] 	 30.970	  Sonar	     --	     --	    inf	     --
[component_container-11] 	 30.970	  Magnt	     --	     --	     --	 -2.294
[component_container-11] 
[component_container-11] [INFO] [1775320710.598214041] [drone.controller]: cmd_vel body=(-0.396, -0.918, 0.006) yaw=-0.300 | odom_received=true | plan_points=34
[component_container-11] 	 31.000	   Pose	  2.488	  0.958	  4.989	 -2.286
[component_container-11] 	 31.000	  Twist	  0.039	  0.026	 -0.031	 -0.268
[component_container-11] 	 31.000	ErrPose	 -1.274	 -0.559	  0.035	 -0.009
[component_container-11] 	 31.000	ErrTwis	  0.556	 -0.262	  0.070	 -0.014
[component_container-11] 	 31.000	    GPS	  1.142	  0.547	  5.003	     --
[component_container-11] 	 31.000	   Baro	     --	     --	  4.695	     --
[component_container-11] 	 31.000	  BBias	     --	     --	 -0.300	     --
[component_container-11] 	 31.000	  Sonar	     --	     --	    inf	     --
[component_container-11] 	 31.000	  Magnt	     --	     --	     --	 -2.294
[component_container-11] 
[component_container-11] [INFO] [1775320710.598646470] [drone.estimator]: TMP LOG err_xyz=(-1.274, -0.559, 0.035) | z_est=4.989 vz_est=-0.031 bias=-0.300 | gps_z=5.003 sonar=inf baro=4.695
[component_container-11] 	 31.040	   Pose	  2.012	  0.759	  4.989	 -2.298
[component_container-11] 	 31.040	  Twist	 -0.121	 -0.044	 -0.035	 -0.273
[component_container-11] 	 31.040	ErrPose	 -0.823	 -0.369	  0.036	 -0.009
[component_container-11] 	 31.040	ErrTwis	  0.701	 -0.221	  0.073	 -0.009
[component_container-11] 	 31.040	    GPS	  0.873	  0.280	  5.025	     --
[component_container-11] 	 31.040	   Baro	     --	     --	  4.641	     --
[component_container-11] 	 31.040	  BBias	     --	     --	 -0.300	     --
[component_container-11] 	 31.040	  Sonar	     --	     --	    inf	     --
[component_container-11] 	 31.040	  Magnt	     --	     --	     --	 -2.329
[component_container-11] 
[component_container-11] 	 31.070	   Pose	  2.009	  0.758	  4.986	 -2.307
[component_container-11] 	 31.070	  Twist	 -0.118	 -0.046	 -0.042	 -0.286
[component_container-11] 	 31.070	ErrPose	 -0.831	 -0.371	  0.040	 -0.006
[component_container-11] 	 31.070	ErrTwis	  0.691	 -0.235	  0.078	  0.005
[component_container-11] 	 31.070	    GPS	  0.873	  0.280	  5.025	     --
[component_container-11] 	 31.070	   Baro	     --	     --	  4.656	     --
[component_container-11] 	 31.070	  BBias	     --	     --	 -0.300	     --
[component_container-11] 	 31.070	  Sonar	     --	     --	    inf	     --
[component_container-11] 	 31.070	  Magnt	     --	     --	     --	 -2.330
[component_container-11] 
[component_container-11] 	 31.100	   Pose	  2.005	  0.756	  4.985	 -2.315
[component_container-11] 	 31.100	  Twist	 -0.115	 -0.047	 -0.046	 -0.278
[component_container-11] 	 31.100	ErrPose	 -0.853	 -0.377	  0.042	 -0.009
[component_container-11] 	 31.100	ErrTwis	  0.673	 -0.267	  0.080	 -0.003
[component_container-11] 	 31.100	    GPS	  0.873	  0.280	  5.025	     --
[component_container-11] 	 31.100	   Baro	     --	     --	  4.656	     --
[component_container-11] 	 31.100	  BBias	     --	     --	 -0.300	     --
[component_container-11] 	 31.100	  Sonar	     --	     --	    inf	     --
[component_container-11] 	 31.100	  Magnt	     --	     --	     --	 -2.330
[component_container-11] 
[component_container-11] 	 31.140	   Pose	  2.001	  0.754	  4.987	 -2.327
[component_container-11] 	 31.140	  Twist	 -0.112	 -0.049	 -0.045	 -0.282
[component_container-11] 	 31.140	ErrPose	 -0.874	 -0.380	  0.040	 -0.009
[component_container-11] 	 31.140	ErrTwis	  0.655	 -0.301	  0.077	  0.002
[component_container-11] 	 31.140	    GPS	  0.873	  0.280	  5.025	     --
[component_container-11] 	 31.140	   Baro	     --	     --	  4.744	     --
[component_container-11] 	 31.140	  BBias	     --	     --	 -0.300	     --
[component_container-11] 	 31.140	  Sonar	     --	     --	    inf	     --
[component_container-11] 	 31.140	  Magnt	     --	     --	     --	 -2.343
[component_container-11] 
[component_container-11] 	 31.170	   Pose	  1.998	  0.753	  4.990	 -2.336
[component_container-11] 	 31.170	  Twist	 -0.111	 -0.051	 -0.044	 -0.272
[component_container-11] 	 31.170	ErrPose	 -0.883	 -0.380	  0.037	 -0.006
[component_container-11] 	 31.170	ErrTwis	  0.645	 -0.316	  0.075	 -0.007
[component_container-11] 	 31.170	    GPS	  0.873	  0.280	  5.025	     --
[component_container-11] 	 31.170	   Baro	     --	     --	  4.740	     --
[component_container-11] 	 31.170	  BBias	     --	     --	 -0.300	     --
[component_container-11] 	 31.170	  Sonar	     --	     --	    inf	     --
[component_container-11] 	 31.170	  Magnt	     --	     --	     --	 -2.364
[component_container-11] 
[component_container-11] 	 31.200	   Pose	  1.994	  0.751	  4.989	 -2.344
[component_container-11] 	 31.200	  Twist	 -0.109	 -0.053	 -0.046	 -0.294
[component_container-11] 	 31.200	ErrPose	 -0.906	 -0.381	  0.039	 -0.009
[component_container-11] 	 31.200	ErrTwis	  0.627	 -0.349	  0.071	  0.017
[component_container-11] 	 31.200	    GPS	  0.873	  0.280	  5.025	     --
[component_container-11] 	 31.200	   Baro	     --	     --	  4.740	     --
[component_container-11] 	 31.200	  BBias	     --	     --	 -0.300	     --
[component_container-11] 	 31.200	  Sonar	     --	     --	    inf	     --
[component_container-11] 	 31.200	  Magnt	     --	     --	     --	 -2.364
[component_container-11] 
[component_container-11] 	 31.240	   Pose	  1.990	  0.749	  4.982	 -2.356
[component_container-11] 	 31.240	  Twist	 -0.106	 -0.056	 -0.054	 -0.274
[component_container-11] 	 31.240	ErrPose	 -0.929	 -0.379	  0.045	 -0.009
[component_container-11] 	 31.240	ErrTwis	  0.606	 -0.377	  0.072	 -0.003
[component_container-11] 	 31.240	    GPS	  0.873	  0.280	  5.025	     --
[component_container-11] 	 31.240	   Baro	     --	     --	  4.633	     --
[component_container-11] 	 31.240	  BBias	     --	     --	 -0.300	     --
[component_container-11] 	 31.240	  Sonar	     --	     --	    inf	     --
[component_container-11] 	 31.240	  Magnt	     --	     --	     --	 -2.376
[component_container-11] 
[component_container-11] 	 31.270	   Pose	  1.987	  0.747	  4.956	 -2.364
[component_container-11] 	 31.270	  Twist	 -0.104	 -0.057	 -0.082	 -0.273
[component_container-11] 	 31.270	ErrPose	 -0.939	 -0.377	  0.072	 -0.005
[component_container-11] 	 31.270	ErrTwis	  0.595	 -0.391	  0.098	 -0.003
[component_container-11] 	 31.270	    GPS	  0.873	  0.280	  5.025	     --
[component_container-11] 	 31.270	   Baro	     --	     --	  4.385	     --
[component_container-11] 	 31.270	  BBias	     --	     --	 -0.300	     --
[component_container-11] 	 31.270	  Sonar	     --	     --	    inf	     --
[component_container-11] 	 31.270	  Magnt	     --	     --	     --	 -2.389
[component_container-11] 
[component_container-11] 	 31.300	   Pose	  1.984	  0.746	  4.953	 -2.373
[component_container-11] 	 31.300	  Twist	 -0.102	 -0.060	 -0.084	 -0.278
[component_container-11] 	 31.300	ErrPose	 -0.963	 -0.374	  0.074	 -0.008
[component_container-11] 	 31.300	ErrTwis	  0.573	 -0.415	  0.098	  0.002
[component_container-11] 	 31.300	    GPS	  0.873	  0.280	  5.025	     --
[component_container-11] 	 31.300	   Baro	     --	     --	  4.385	     --
[component_container-11] 	 31.300	  BBias	     --	     --	 -0.300	     --
[component_container-11] 	 31.300	  Sonar	     --	     --	    inf	     --
[component_container-11] 	 31.300	  Magnt	     --	     --	     --	 -2.389
[component_container-11] 
[component_container-11] 	 31.340	   Pose	  1.980	  0.743	  4.966	 -2.384
[component_container-11] 	 31.340	  Twist	 -0.099	 -0.064	 -0.068	 -0.263
[component_container-11] 	 31.340	ErrPose	 -0.986	 -0.369	  0.061	 -0.008
[component_container-11] 	 31.340	ErrTwis	  0.552	 -0.435	  0.081	 -0.013
[component_container-11] 	 31.340	    GPS	  0.873	  0.280	  5.025	     --
[component_container-11] 	 31.340	   Baro	     --	     --	  4.840	     --
[component_container-11] 	 31.340	  BBias	     --	     --	 -0.300	     --
[component_container-11] 	 31.340	  Sonar	     --	     --	    inf	     --
[component_container-11] 	 31.340	  Magnt	     --	     --	     --	 -2.415
[component_container-11] 
[component_container-11] 	 31.370	   Pose	  1.977	  0.741	  4.974	 -2.394
[component_container-11] 	 31.370	  Twist	 -0.097	 -0.067	 -0.059	 -0.279
[component_container-11] 	 31.370	ErrPose	 -0.996	 -0.365	  0.053	 -0.005
[component_container-11] 	 31.370	ErrTwis	  0.540	 -0.445	  0.071	  0.002
[component_container-11] 	 31.370	    GPS	  0.873	  0.280	  5.025	     --
[component_container-11] 	 31.370	   Baro	     --	     --	  4.777	     --
[component_container-11] 	 31.370	  BBias	     --	     --	 -0.300	     --
[component_container-11] 	 31.370	  Sonar	     --	     --	    inf	     --
[component_container-11] 	 31.370	  Magnt	     --	     --	     --	 -2.439
[component_container-11] 
[component_container-11] 	 31.400	   Pose	  1.974	  0.739	  4.972	 -2.402
[component_container-11] 	 31.400	  Twist	 -0.094	 -0.069	 -0.059	 -0.276
[component_container-11] 	 31.400	ErrPose	 -1.020	 -0.357	  0.055	 -0.007
[component_container-11] 	 31.400	ErrTwis	  0.516	 -0.467	  0.072	 -0.001
[component_container-11] 	 31.400	    GPS	  0.873	  0.280	  5.025	     --
[component_container-11] 	 31.400	   Baro	     --	     --	  4.777	     --
[component_container-11] 	 31.400	  BBias	     --	     --	 -0.300	     --
[component_container-11] 	 31.400	  Sonar	     --	     --	    inf	     --
[component_container-11] 	 31.400	  Magnt	     --	     --	     --	 -2.439
[component_container-11] 
[component_container-11] 	 31.440	   Pose	  1.970	  0.736	  4.967	 -2.414
[component_container-11] 	 31.440	  Twist	 -0.091	 -0.073	 -0.064	 -0.286
[component_container-11] 	 31.440	ErrPose	 -1.043	 -0.347	  0.060	 -0.007
[component_container-11] 	 31.440	ErrTwis	  0.493	 -0.487	  0.080	  0.009
[component_container-11] 	 31.440	    GPS	  0.873	  0.280	  5.025	     --
[component_container-11] 	 31.440	   Baro	     --	     --	  4.638	     --
[component_container-11] 	 31.440	  BBias	     --	     --	 -0.300	     --
[component_container-11] 	 31.440	  Sonar	     --	     --	    inf	     --
[component_container-11] 	 31.440	  Magnt	     --	     --	     --	 -2.447
[component_container-11] 
[component_container-11] 	 31.470	   Pose	  1.967	  0.734	  4.973	 -2.422
[component_container-11] 	 31.470	  Twist	 -0.089	 -0.076	 -0.058	 -0.271
[component_container-11] 	 31.470	ErrPose	 -1.054	 -0.341	  0.054	 -0.004
[component_container-11] 	 31.470	ErrTwis	  0.481	 -0.496	  0.073	 -0.006
[component_container-11] 	 31.470	    GPS	  0.873	  0.280	  5.025	     --
[component_container-11] 	 31.470	   Baro	     --	     --	  4.753	     --
[component_container-11] 	 31.470	  BBias	     --	     --	 -0.300	     --
[component_container-11] 	 31.470	  Sonar	     --	     --	    inf	     --
[component_container-11] 	 31.470	  Magnt	     --	     --	     --	 -2.438
[component_container-11] 
[component_container-11] 	 31.500	   Pose	  1.965	  0.732	  4.971	 -2.431
[component_container-11] 	 31.500	  Twist	 -0.086	 -0.079	 -0.059	 -0.272
[component_container-11] 	 31.500	ErrPose	 -1.078	 -0.329	  0.055	 -0.007
[component_container-11] 	 31.500	ErrTwis	  0.459	 -0.517	  0.073	 -0.005
[component_container-11] 	 31.500	    GPS	  0.873	  0.280	  5.025	     --
[component_container-11] 	 31.500	   Baro	     --	     --	  4.753	     --
[component_container-11] 	 31.500	  BBias	     --	     --	 -0.300	     --
[component_container-11] 	 31.500	  Sonar	     --	     --	    inf	     --
[component_container-11] 	 31.500	  Magnt	     --	     --	     --	 -2.438
[component_container-11] 
[component_container-11] 	 31.540	   Pose	  1.608	  0.533	  4.974	 -2.443
[component_container-11] 	 31.540	  Twist	 -0.202	 -0.149	 -0.056	 -0.279
[component_container-11] 	 31.540	ErrPose	 -0.748	 -0.120	  0.052	 -0.006
[component_container-11] 	 31.540	ErrTwis	  0.554	 -0.469	  0.068	  0.001
[component_container-11] 	 31.540	    GPS	  0.770	  0.071	  5.026	     --
[component_container-11] 	 31.540	   Baro	     --	     --	  4.619	     --
[component_container-11] 	 31.540	  BBias	     --	     --	 -0.300	     --
[component_container-11] 	 31.540	  Sonar	     --	     --	    inf	     --
[component_container-11] 	 31.540	  Magnt	     --	     --	     --	 -2.485
[component_container-11] 
[component_container-11] 	 31.570	   Pose	  1.602	  0.529	  4.965	 -2.451
[component_container-11] 	 31.570	  Twist	 -0.200	 -0.152	 -0.064	 -0.282
[component_container-11] 	 31.570	ErrPose	 -0.756	 -0.110	  0.060	 -0.002
[component_container-11] 	 31.570	ErrTwis	  0.541	 -0.477	  0.076	  0.005
[component_container-11] 	 31.570	    GPS	  0.770	  0.071	  5.026	     --
[component_container-11] 	 31.570	   Baro	     --	     --	  4.585	     --
[component_container-11] 	 31.570	  BBias	     --	     --	 -0.301	     --
[component_container-11] 	 31.570	  Sonar	     --	     --	    inf	     --
[component_container-11] 	 31.570	  Magnt	     --	     --	     --	 -2.454
[component_container-11] 
[component_container-11] 	 31.600	   Pose	  1.596	  0.524	  4.963	 -2.460
[component_container-11] 	 31.600	  Twist	 -0.199	 -0.156	 -0.066	 -0.281
[component_container-11] 	 31.600	ErrPose	 -0.776	 -0.092	  0.062	 -0.006
[component_container-11] 	 31.600	ErrTwis	  0.519	 -0.495	  0.078	  0.004
[component_container-11] 	 31.600	    GPS	  0.770	  0.071	  5.026	     --
[component_container-11] 	 31.600	   Baro	     --	     --	  4.585	     --
[component_container-11] 	 31.600	  BBias	     --	     --	 -0.301	     --
[component_container-11] 	 31.600	  Sonar	     --	     --	    inf	     --
[component_container-11] 	 31.600	  Magnt	     --	     --	     --	 -2.454
[component_container-11] 
[component_container-11] 	 31.640	   Pose	  1.588	  0.518	  4.963	 -2.471
[component_container-11] 	 31.640	  Twist	 -0.196	 -0.160	 -0.064	 -0.275
[component_container-11] 	 31.640	ErrPose	 -0.794	 -0.071	  0.061	 -0.006
[component_container-11] 	 31.640	ErrTwis	  0.496	 -0.510	  0.073	 -0.001
[component_container-11] 	 31.640	    GPS	  0.770	  0.071	  5.026	     --
[component_container-11] 	 31.640	   Baro	     --	     --	  4.695	     --
[component_container-11] 	 31.640	  BBias	     --	     --	 -0.301	     --
[component_container-11] 	 31.640	  Sonar	     --	     --	    inf	     --
[component_container-11] 	 31.640	  Magnt	     --	     --	     --	 -2.498
[component_container-11] 
[component_container-11] 	 31.670	   Pose	  1.582	  0.513	  4.960	 -2.479
[component_container-11] 	 31.670	  Twist	 -0.195	 -0.162	 -0.068	 -0.271
[component_container-11] 	 31.670	ErrPose	 -0.801	 -0.059	  0.064	 -0.004
[component_container-11] 	 31.670	ErrTwis	  0.484	 -0.517	  0.075	 -0.005
[component_container-11] 	 31.670	    GPS	  0.770	  0.071	  5.026	     --
[component_container-11] 	 31.670	   Baro	     --	     --	  4.641	     --
[component_container-11] 	 31.670	  BBias	     --	     --	 -0.301	     --
[component_container-11] 	 31.670	  Sonar	     --	     --	    inf	     --
[component_container-11] 	 31.670	  Magnt	     --	     --	     --	 -2.452
[component_container-11] 
[component_container-11] 	 31.700	   Pose	  1.577	  0.508	  4.958	 -2.487
[component_container-11] 	 31.700	  Twist	 -0.192	 -0.166	 -0.068	 -0.275
[component_container-11] 	 31.700	ErrPose	 -0.820	 -0.038	  0.066	 -0.006
[component_container-11] 	 31.700	ErrTwis	  0.460	 -0.530	  0.070	 -0.001
[component_container-11] 	 31.700	    GPS	  0.770	  0.071	  5.026	     --
[component_container-11] 	 31.700	   Baro	     --	     --	  4.641	     --
[component_container-11] 	 31.700	  BBias	     --	     --	 -0.301	     --
[component_container-11] 	 31.700	  Sonar	     --	     --	    inf	     --
[component_container-11] 	 31.700	  Magnt	     --	     --	     --	 -2.452
[component_container-11] 
[component_container-11] 	 31.740	   Pose	  1.569	  0.501	  4.965	 -2.499
[component_container-11] 	 31.740	  Twist	 -0.190	 -0.170	 -0.058	 -0.261
[component_container-11] 	 31.740	ErrPose	 -0.837	 -0.013	  0.058	 -0.006
[component_container-11] 	 31.740	ErrTwis	  0.434	 -0.539	  0.056	 -0.014
[component_container-11] 	 31.740	    GPS	  0.770	  0.071	  5.026	     --
[component_container-11] 	 31.740	   Baro	     --	     --	  4.776	     --
[component_container-11] 	 31.740	  BBias	     --	     --	 -0.300	     --
[component_container-11] 	 31.740	  Sonar	     --	     --	    inf	     --
[component_container-11] 	 31.740	  Magnt	     --	     --	     --	 -2.514
[component_container-11] 
[component_container-11] 	 31.770	   Pose	  1.563	  0.496	  4.973	 -2.507
[component_container-11] 	 31.770	  Twist	 -0.188	 -0.174	 -0.047	 -0.269
[component_container-11] 	 31.770	ErrPose	 -0.843	  0.001	  0.049	 -0.003
[component_container-11] 	 31.770	ErrTwis	  0.421	 -0.541	  0.044	 -0.007
[component_container-11] 	 31.770	    GPS	  0.770	  0.071	  5.026	     --
[component_container-11] 	 31.770	   Baro	     --	     --	  4.779	     --
[component_container-11] 	 31.770	  BBias	     --	     --	 -0.300	     --
[component_container-11] 	 31.770	  Sonar	     --	     --	    inf	     --
[component_container-11] 	 31.770	  Magnt	     --	     --	     --	 -2.511
[component_container-11] 
[component_container-11] 	 31.800	   Pose	  1.558	  0.491	  4.972	 -2.515
[component_container-11] 	 31.800	  Twist	 -0.185	 -0.178	 -0.047	 -0.284
[component_container-11] 	 31.800	ErrPose	 -0.861	  0.025	  0.050	 -0.006
[component_container-11] 	 31.800	ErrTwis	  0.396	 -0.546	  0.042	  0.009
[component_container-11] 	 31.800	    GPS	  0.770	  0.071	  5.026	     --
[component_container-11] 	 31.800	   Baro	     --	     --	  4.779	     --
[component_container-11] 	 31.800	  BBias	     --	     --	 -0.300	     --
[component_container-11] 	 31.800	  Sonar	     --	     --	    inf	     --
[component_container-11] 	 31.800	  Magnt	     --	     --	     --	 -2.511
[component_container-11] 
[component_container-11] 	 31.840	   Pose	  1.550	  0.484	  4.974	 -2.527
[component_container-11] 	 31.840	  Twist	 -0.182	 -0.183	 -0.043	 -0.269
[component_container-11] 	 31.840	ErrPose	 -0.876	  0.053	  0.047	 -0.006
[component_container-11] 	 31.840	ErrTwis	  0.370	 -0.548	  0.037	 -0.007
[component_container-11] 	 31.840	    GPS	  0.770	  0.071	  5.026	     --
[component_container-11] 	 31.840	   Baro	     --	     --	  4.723	     --
[component_container-11] 	 31.840	  BBias	     --	     --	 -0.300	     --
[component_container-11] 	 31.840	  Sonar	     --	     --	    inf	     --
[component_container-11] 	 31.840	  Magnt	     --	     --	     --	 -2.545
[component_container-11] 
[component_container-11] 	 31.870	   Pose	  1.545	  0.478	  4.983	 -2.536
[component_container-11] 	 31.870	  Twist	 -0.180	 -0.187	 -0.034	 -0.275
[component_container-11] 	 31.870	ErrPose	 -0.882	  0.069	  0.038	 -0.002
[component_container-11] 	 31.870	ErrTwis	  0.356	 -0.548	  0.030	 -0.002
[component_container-11] 	 31.870	    GPS	  0.770	  0.071	  5.026	     --
[component_container-11] 	 31.870	   Baro	     --	     --	  4.787	     --
[component_container-11] 	 31.870	  BBias	     --	     --	 -0.300	     --
[component_container-11] 	 31.870	  Sonar	     --	     --	    inf	     --
[component_container-11] 	 31.870	  Magnt	     --	     --	     --	 -2.591
[component_container-11] 
[component_container-11] 	 31.900	   Pose	  1.539	  0.472	  4.982	 -2.544
[component_container-11] 	 31.900	  Twist	 -0.179	 -0.192	 -0.036	 -0.263
[component_container-11] 	 31.900	ErrPose	 -0.898	  0.096	  0.038	 -0.005
[component_container-11] 	 31.900	ErrTwis	  0.332	 -0.550	  0.033	 -0.015
[component_container-11] 	 31.900	    GPS	  0.770	  0.071	  5.026	     --
[component_container-11] 	 31.900	   Baro	     --	     --	  4.787	     --
[component_container-11] 	 31.900	  BBias	     --	     --	 -0.300	     --
[component_container-11] 	 31.900	  Sonar	     --	     --	    inf	     --
[component_container-11] 	 31.900	  Magnt	     --	     --	     --	 -2.591
[component_container-11] 
[component_container-11] 	 31.940	   Pose	  1.532	  0.465	  4.992	 -2.555
[component_container-11] 	 31.940	  Twist	 -0.177	 -0.198	 -0.025	 -0.290
[component_container-11] 	 31.940	ErrPose	 -0.911	  0.126	  0.027	 -0.005
[component_container-11] 	 31.940	ErrTwis	  0.308	 -0.552	  0.024	  0.013
[component_container-11] 	 31.940	    GPS	  0.770	  0.071	  5.026	     --
[component_container-11] 	 31.940	   Baro	     --	     --	  4.813	     --
[component_container-11] 	 31.940	  BBias	     --	     --	 -0.300	     --
[component_container-11] 	 31.940	  Sonar	     --	     --	    inf	     --
[component_container-11] 	 31.940	  Magnt	     --	     --	     --	 -2.550
[component_container-11] 
[component_container-11] 	 31.970	   Pose	  1.527	  0.459	  4.995	 -2.565
[component_container-11] 	 31.970	  Twist	 -0.175	 -0.202	 -0.024	 -0.281
[component_container-11] 	 31.970	ErrPose	 -0.916	  0.144	  0.024	 -0.001
[component_container-11] 	 31.970	ErrTwis	  0.295	 -0.552	  0.023	  0.003
[component_container-11] 	 31.970	    GPS	  0.770	  0.071	  5.026	     --
[component_container-11] 	 31.970	   Baro	     --	     --	  4.730	     --
[component_container-11] 	 31.970	  BBias	     --	     --	 -0.300	     --
[component_container-11] 	 31.970	  Sonar	     --	     --	    inf	     --
[component_container-11] 	 31.970	  Magnt	     --	     --	     --	 -2.591
[component_container-11] 
[component_container-11] [INFO] [1775320711.601730541] [drone.controller]: cmd_vel body=(-0.425, -0.905, -0.008) yaw=-0.300 | odom_received=true | plan_points=36
[component_container-11] 	 32.000	   Pose	  1.522	  0.453	  4.994	 -2.573
[component_container-11] 	 32.000	  Twist	 -0.173	 -0.205	 -0.024	 -0.276
[component_container-11] 	 32.000	ErrPose	 -0.930	  0.174	  0.024	 -0.004
[component_container-11] 	 32.000	ErrTwis	  0.269	 -0.556	  0.024	 -0.003
[component_container-11] 	 32.000	    GPS	  0.770	  0.071	  5.026	     --
[component_container-11] 	 32.000	   Baro	     --	     --	  4.730	     --
[component_container-11] 	 32.000	  BBias	     --	     --	 -0.300	     --
[component_container-11] 	 32.000	  Sonar	     --	     --	    inf	     --
[component_container-11] 	 32.000	  Magnt	     --	     --	     --	 -2.591
[component_container-11] 
[component_container-11] [INFO] [1775320711.602162859] [drone.estimator]: TMP LOG err_xyz=(-0.930, 0.174, 0.024) | z_est=4.994 vz_est=-0.024 bias=-0.300 | gps_z=5.026 sonar=inf baro=4.730
[component_container-11] 	 32.040	   Pose	  1.107	  0.452	  5.000	 -2.585
[component_container-11] 	 32.040	  Twist	 -0.310	 -0.208	 -0.020	 -0.277
[component_container-11] 	 32.040	ErrPose	 -0.533	  0.199	  0.018	 -0.003
[component_container-11] 	 32.040	ErrTwis	  0.384	 -0.561	  0.021	 -0.002
[component_container-11] 	 32.040	    GPS	  0.140	  0.480	  5.018	     --
[component_container-11] 	 32.040	   Baro	     --	     --	  4.731	     --
[component_container-11] 	 32.040	  BBias	     --	     --	 -0.300	     --
[component_container-11] 	 32.040	  Sonar	     --	     --	    inf	     --
[component_container-11] 	 32.040	  Magnt	     --	     --	     --	 -2.620
[component_container-11] 
[component_container-11] 	 32.070	   Pose	  1.097	  0.446	  5.005	 -2.593
[component_container-11] 	 32.070	  Twist	 -0.309	 -0.213	 -0.015	 -0.262
[component_container-11] 	 32.070	ErrPose	 -0.533	  0.219	  0.012	 -0.001
[component_container-11] 	 32.070	ErrTwis	  0.372	 -0.559	  0.016	 -0.016
[component_container-11] 	 32.070	    GPS	  0.140	  0.480	  5.018	     --
[component_container-11] 	 32.070	   Baro	     --	     --	  4.773	     --
[component_container-11] 	 32.070	  BBias	     --	     --	 -0.300	     --
[component_container-11] 	 32.070	  Sonar	     --	     --	    inf	     --
[component_container-11] 	 32.070	  Magnt	     --	     --	     --	 -2.596
[component_container-11] 
[component_container-11] 	 32.100	   Pose	  1.088	  0.440	  5.005	 -2.601
[component_container-11] 	 32.100	  Twist	 -0.307	 -0.218	 -0.017	 -0.253
[component_container-11] 	 32.100	ErrPose	 -0.541	  0.251	  0.012	 -0.004
[component_container-11] 	 32.100	ErrTwis	  0.348	 -0.562	  0.018	 -0.026
[component_container-11] 	 32.100	    GPS	  0.140	  0.480	  5.018	     --
[component_container-11] 	 32.100	   Baro	     --	     --	  4.773	     --
[component_container-11] 	 32.100	  BBias	     --	     --	 -0.300	     --
[component_container-11] 	 32.100	  Sonar	     --	     --	    inf	     --
[component_container-11] 	 32.100	  Magnt	     --	     --	     --	 -2.596
[component_container-11] 
[component_container-11] 	 32.140	   Pose	  1.076	  0.431	  5.006	 -2.612
[component_container-11] 	 32.140	  Twist	 -0.306	 -0.224	 -0.017	 -0.278
[component_container-11] 	 32.140	ErrPose	 -0.545	  0.288	  0.010	 -0.004
[component_container-11] 	 32.140	ErrTwis	  0.324	 -0.563	  0.017	 -0.001
[component_container-11] 	 32.140	    GPS	  0.140	  0.480	  5.018	     --
[component_container-11] 	 32.140	   Baro	     --	     --	  4.727	     --
[component_container-11] 	 32.140	  BBias	     --	     --	 -0.300	     --
[component_container-11] 	 32.140	  Sonar	     --	     --	    inf	     --
[component_container-11] 	 32.140	  Magnt	     --	     --	     --	 -2.620
[component_container-11] 
[component_container-11] 	 32.170	   Pose	  1.067	  0.424	  4.995	 -2.621
[component_container-11] 	 32.170	  Twist	 -0.306	 -0.229	 -0.030	 -0.263
[component_container-11] 	 32.170	ErrPose	 -0.543	  0.308	  0.020	 -0.001
[component_container-11] 	 32.170	ErrTwis	  0.313	 -0.561	  0.029	 -0.017
[component_container-11] 	 32.170	    GPS	  0.140	  0.480	  5.018	     --
[component_container-11] 	 32.170	   Baro	     --	     --	  4.574	     --
[component_container-11] 	 32.170	  BBias	     --	     --	 -0.300	     --
[component_container-11] 	 32.170	  Sonar	     --	     --	    inf	     --
[component_container-11] 	 32.170	  Magnt	     --	     --	     --	 -2.619
[component_container-11] 
[component_container-11] 	 32.200	   Pose	  1.058	  0.417	  4.994	 -2.629
[component_container-11] 	 32.200	  Twist	 -0.305	 -0.234	 -0.030	 -0.280
[component_container-11] 	 32.200	ErrPose	 -0.549	  0.344	  0.020	 -0.005
[component_container-11] 	 32.200	ErrTwis	  0.290	 -0.562	  0.026	  0.001
[component_container-11] 	 32.200	    GPS	  0.140	  0.480	  5.018	     --
[component_container-11] 	 32.200	   Baro	     --	     --	  4.574	     --
[component_container-11] 	 32.200	  BBias	     --	     --	 -0.300	     --
[component_container-11] 	 32.200	  Sonar	     --	     --	    inf	     --
[component_container-11] 	 32.200	  Magnt	     --	     --	     --	 -2.619
[component_container-11] 
[component_container-11] 	 32.240	   Pose	  1.045	  0.408	  4.997	 -2.640
[component_container-11] 	 32.240	  Twist	 -0.303	 -0.240	 -0.027	 -0.271
[component_container-11] 	 32.240	ErrPose	 -0.550	  0.382	  0.016	 -0.005
[component_container-11] 	 32.240	ErrTwis	  0.266	 -0.559	  0.018	 -0.009
[component_container-11] 	 32.240	    GPS	  0.140	  0.480	  5.018	     --
[component_container-11] 	 32.240	   Baro	     --	     --	  4.743	     --
[component_container-11] 	 32.240	  BBias	     --	     --	 -0.300	     --
[component_container-11] 	 32.240	  Sonar	     --	     --	    inf	     --
[component_container-11] 	 32.240	  Magnt	     --	     --	     --	 -2.646
[component_container-11] 
[component_container-11] 	 32.270	   Pose	  1.036	  0.400	  4.994	 -2.648
[component_container-11] 	 32.270	  Twist	 -0.303	 -0.245	 -0.029	 -0.284
[component_container-11] 	 32.270	ErrPose	 -0.547	  0.404	  0.019	 -0.002
[component_container-11] 	 32.270	ErrTwis	  0.254	 -0.554	  0.018	  0.004
[component_container-11] 	 32.270	    GPS	  0.140	  0.480	  5.018	     --
[component_container-11] 	 32.270	   Baro	     --	     --	  4.669	     --
[component_container-11] 	 32.270	  BBias	     --	     --	 -0.300	     --
[component_container-11] 	 32.270	  Sonar	     --	     --	    inf	     --
[component_container-11] 	 32.270	  Magnt	     --	     --	     --	 -2.630
[component_container-11] 
[component_container-11] 	 32.300	   Pose	  1.027	  0.393	  4.993	 -2.656
[component_container-11] 	 32.300	  Twist	 -0.302	 -0.251	 -0.029	 -0.292
[component_container-11] 	 32.300	ErrPose	 -0.550	  0.442	  0.019	 -0.005
[component_container-11] 	 32.300	ErrTwis	  0.231	 -0.549	  0.018	  0.012
[component_container-11] 	 32.300	    GPS	  0.140	  0.480	  5.018	     --
[component_container-11] 	 32.300	   Baro	     --	     --	  4.669	     --
[component_container-11] 	 32.300	  BBias	     --	     --	 -0.300	     --
[component_container-11] 	 32.300	  Sonar	     --	     --	    inf	     --
[component_container-11] 	 32.300	  Magnt	     --	     --	     --	 -2.630
[component_container-11] 
[component_container-11] 	 32.340	   Pose	  1.015	  0.383	  4.984	 -2.668
[component_container-11] 	 32.340	  Twist	 -0.302	 -0.259	 -0.037	 -0.292
[component_container-11] 	 32.340	ErrPose	 -0.549	  0.482	  0.026	 -0.005
[component_container-11] 	 32.340	ErrTwis	  0.209	 -0.541	  0.028	  0.013
[component_container-11] 	 32.340	    GPS	  0.140	  0.480	  5.018	     --
[component_container-11] 	 32.340	   Baro	     --	     --	  4.611	     --
[component_container-11] 	 32.340	  BBias	     --	     --	 -0.300	     --
[component_container-11] 	 32.340	  Sonar	     --	     --	    inf	     --
[component_container-11] 	 32.340	  Magnt	     --	     --	     --	 -2.673
[component_container-11] 
[component_container-11] 	 32.370	   Pose	  1.006	  0.375	  4.995	 -2.676
[component_container-11] 	 32.370	  Twist	 -0.301	 -0.264	 -0.025	 -0.265
[component_container-11] 	 32.370	ErrPose	 -0.545	  0.505	  0.016	 -0.002
[component_container-11] 	 32.370	ErrTwis	  0.198	 -0.536	  0.019	 -0.015
[component_container-11] 	 32.370	    GPS	  0.140	  0.480	  5.018	     --
[component_container-11] 	 32.370	   Baro	     --	     --	  4.815	     --
[component_container-11] 	 32.370	  BBias	     --	     --	 -0.300	     --
[component_container-11] 	 32.370	  Sonar	     --	     --	    inf	     --
[component_container-11] 	 32.370	  Magnt	     --	     --	     --	 -2.682
[component_container-11] 
[component_container-11] 	 32.400	   Pose	  0.997	  0.367	  4.994	 -2.684
[component_container-11] 	 32.400	  Twist	 -0.301	 -0.269	 -0.026	 -0.287
[component_container-11] 	 32.400	ErrPose	 -0.545	  0.545	  0.016	 -0.005
[component_container-11] 	 32.400	ErrTwis	  0.176	 -0.531	  0.023	  0.008
[component_container-11] 	 32.400	    GPS	  0.140	  0.480	  5.018	     --
[component_container-11] 	 32.400	   Baro	     --	     --	  4.815	     --
[component_container-11] 	 32.400	  BBias	     --	     --	 -0.300	     --
[component_container-11] 	 32.400	  Sonar	     --	     --	    inf	     --
[component_container-11] 	 32.400	  Magnt	     --	     --	     --	 -2.682
[component_container-11] 
[component_container-11] 	 32.440	   Pose	  0.985	  0.356	  4.997	 -2.695
[component_container-11] 	 32.440	  Twist	 -0.300	 -0.276	 -0.021	 -0.266
[component_container-11] 	 32.440	ErrPose	 -0.541	  0.587	  0.011	 -0.005
[component_container-11] 	 32.440	ErrTwis	  0.153	 -0.525	  0.021	 -0.014
[component_container-11] 	 32.440	    GPS	  0.140	  0.480	  5.018	     --
[component_container-11] 	 32.440	   Baro	     --	     --	  4.743	     --
[component_container-11] 	 32.440	  BBias	     --	     --	 -0.300	     --
[component_container-11] 	 32.440	  Sonar	     --	     --	    inf	     --
[component_container-11] 	 32.440	  Magnt	     --	     --	     --	 -2.698
[component_container-11] 
[component_container-11] [INFO] [1775320712.059246915] [drone.estimator]: TMP LOG sonar rejected: meas=2.543 est_z=4.996 innov=-2.453
[component_container-11] 	 32.470	   Pose	  0.976	  0.348	  4.996	 -2.704
[component_container-11] 	 32.470	  Twist	 -0.300	 -0.282	 -0.023	 -0.275
[component_container-11] 	 32.470	ErrPose	 -0.535	  0.612	  0.013	 -0.002
[component_container-11] 	 32.470	ErrTwis	  0.143	 -0.521	  0.025	 -0.005
[component_container-11] 	 32.470	    GPS	  0.140	  0.480	  5.018	     --
[component_container-11] 	 32.470	   Baro	     --	     --	  4.686	     --
[component_container-11] 	 32.470	  BBias	     --	     --	 -0.300	     --
[component_container-11] 	 32.470	  Sonar	     --	     --	  2.543	     --
[component_container-11] 	 32.470	  Magnt	     --	     --	     --	 -2.709
[component_container-11] 
[component_container-11] 	 32.500	   Pose	  0.967	  0.339	  4.995	 -2.712
[component_container-11] 	 32.500	  Twist	 -0.300	 -0.287	 -0.023	 -0.273
[component_container-11] 	 32.500	ErrPose	 -0.533	  0.653	  0.012	 -0.005
[component_container-11] 	 32.500	ErrTwis	  0.123	 -0.519	  0.028	 -0.007
[component_container-11] 	 32.500	    GPS	  0.140	  0.480	  5.018	     --
[component_container-11] 	 32.500	   Baro	     --	     --	  4.686	     --
[component_container-11] 	 32.500	  BBias	     --	     --	 -0.300	     --
[component_container-11] 	 32.500	  Sonar	     --	     --	  2.543	     --
[component_container-11] 	 32.500	  Magnt	     --	     --	     --	 -2.709
[component_container-11] 
[component_container-11] 	 32.540	   Pose	  0.701	  0.479	  4.986	 -2.723
[component_container-11] 	 32.540	  Twist	 -0.386	 -0.241	 -0.033	 -0.272
[component_container-11] 	 32.540	ErrPose	 -0.272	  0.546	  0.020	 -0.005
[component_container-11] 	 32.540	ErrTwis	  0.189	 -0.568	  0.040	 -0.008
[component_container-11] 	 32.540	    GPS	  0.105	  0.847	  5.007	     --
[component_container-11] 	 32.540	   Baro	     --	     --	  4.569	     --
[component_container-11] 	 32.540	  BBias	     --	     --	 -0.301	     --
[component_container-11] 	 32.540	  Sonar	     --	     --	  2.470	     --
[component_container-11] 	 32.540	  Magnt	     --	     --	     --	 -2.707
[component_container-11] 
[component_container-11] 	 32.570	   Pose	  0.689	  0.471	  4.986	 -2.732
[component_container-11] 	 32.570	  Twist	 -0.385	 -0.247	 -0.033	 -0.270
[component_container-11] 	 32.570	ErrPose	 -0.263	  0.570	  0.020	 -0.002
[component_container-11] 	 32.570	ErrTwis	  0.178	 -0.564	  0.041	 -0.009
[component_container-11] 	 32.570	    GPS	  0.105	  0.847	  5.007	     --
[component_container-11] 	 32.570	   Baro	     --	     --	  4.698	     --
[component_container-11] 	 32.570	  BBias	     --	     --	 -0.300	     --
[component_container-11] 	 32.570	  Sonar	     --	     --	  2.518	     --
[component_container-11] 	 32.570	  Magnt	     --	     --	     --	 -2.750
[component_container-11] 
[component_container-11] 	 32.600	   Pose	  0.678	  0.464	  4.985	 -2.740
[component_container-11] 	 32.600	  Twist	 -0.385	 -0.253	 -0.034	 -0.273
[component_container-11] 	 32.600	ErrPose	 -0.255	  0.612	  0.020	 -0.005
[component_container-11] 	 32.600	ErrTwis	  0.159	 -0.562	  0.042	 -0.007
[component_container-11] 	 32.600	    GPS	  0.105	  0.847	  5.007	     --
[component_container-11] 	 32.600	   Baro	     --	     --	  4.698	     --
[component_container-11] 	 32.600	  BBias	     --	     --	 -0.300	     --
[component_container-11] 	 32.600	  Sonar	     --	     --	  2.518	     --
[component_container-11] 	 32.600	  Magnt	     --	     --	     --	 -2.750
[component_container-11] 
[component_container-11] 	 32.640	   Pose	  0.662	  0.454	  4.973	 -2.752
[component_container-11] 	 32.640	  Twist	 -0.386	 -0.260	 -0.046	 -0.271
[component_container-11] 	 32.640	ErrPose	 -0.243	  0.656	  0.032	 -0.005
[component_container-11] 	 32.640	ErrTwis	  0.142	 -0.559	  0.055	 -0.008
[component_container-11] 	 32.640	    GPS	  0.105	  0.847	  5.007	     --
[component_container-11] 	 32.640	   Baro	     --	     --	  4.545	     --
[component_container-11] 	 32.640	  BBias	     --	     --	 -0.301	     --
[component_container-11] 	 32.640	  Sonar	     --	     --	  3.186	     --
[component_container-11] 	 32.640	  Magnt	     --	     --	     --	 -2.760
[component_container-11] 
[component_container-11] 	 32.670	   Pose	  0.651	  0.446	  4.978	 -2.760
[component_container-11] 	 32.670	  Twist	 -0.386	 -0.265	 -0.039	 -0.273
[component_container-11] 	 32.670	ErrPose	 -0.232	  0.681	  0.026	 -0.002
[component_container-11] 	 32.670	ErrTwis	  0.133	 -0.556	  0.049	 -0.006
[component_container-11] 	 32.670	    GPS	  0.105	  0.847	  5.007	     --
[component_container-11] 	 32.670	   Baro	     --	     --	  4.761	     --
[component_container-11] 	 32.670	  BBias	     --	     --	 -0.301	     --
[component_container-11] 	 32.670	  Sonar	     --	     --	    inf	     --
[component_container-11] 	 32.670	  Magnt	     --	     --	     --	 -2.753
[component_container-11] 
[component_container-11] 	 32.700	   Pose	  0.639	  0.438	  4.977	 -2.768
[component_container-11] 	 32.700	  Twist	 -0.386	 -0.270	 -0.040	 -0.265
[component_container-11] 	 32.700	ErrPose	 -0.222	  0.724	  0.026	 -0.005
[component_container-11] 	 32.700	ErrTwis	  0.114	 -0.555	  0.050	 -0.014
[component_container-11] 	 32.700	    GPS	  0.105	  0.847	  5.007	     --
[component_container-11] 	 32.700	   Baro	     --	     --	  4.761	     --
[component_container-11] 	 32.700	  BBias	     --	     --	 -0.301	     --
[component_container-11] 	 32.700	  Sonar	     --	     --	    inf	     --
[component_container-11] 	 32.700	  Magnt	     --	     --	     --	 -2.753
[component_container-11] 
[component_container-11] 	 32.740	   Pose	  0.624	  0.427	  4.989	 -2.778
[component_container-11] 	 32.740	  Twist	 -0.387	 -0.278	 -0.028	 -0.266
[component_container-11] 	 32.740	ErrPose	 -0.207	  0.771	  0.014	 -0.006
[component_container-11] 	 32.740	ErrTwis	  0.097	 -0.549	  0.035	 -0.013
[component_container-11] 	 32.740	    GPS	  0.105	  0.847	  5.007	     --
[component_container-11] 	 32.740	   Baro	     --	     --	  4.831	     --
[component_container-11] 	 32.740	  BBias	     --	     --	 -0.300	     --
[component_container-11] 	 32.740	  Sonar	     --	     --	    inf	     --
[component_container-11] 	 32.740	  Magnt	     --	     --	     --	 -2.750
[component_container-11] 
[component_container-11] 	 32.770	   Pose	  0.612	  0.418	  4.986	 -2.786
[component_container-11] 	 32.770	  Twist	 -0.388	 -0.284	 -0.030	 -0.282
[component_container-11] 	 32.770	ErrPose	 -0.195	  0.797	  0.016	 -0.004
[component_container-11] 	 32.770	ErrTwis	  0.089	 -0.544	  0.036	  0.003
[component_container-11] 	 32.770	    GPS	  0.105	  0.847	  5.007	     --
[component_container-11] 	 32.770	   Baro	     --	     --	  4.666	     --
[component_container-11] 	 32.770	  BBias	     --	     --	 -0.300	     --
[component_container-11] 	 32.770	  Sonar	     --	     --	    inf	     --
[component_container-11] 	 32.770	  Magnt	     --	     --	     --	 -2.776
[component_container-11] 
[component_container-11] 	 32.800	   Pose	  0.600	  0.410	  4.985	 -2.795
[component_container-11] 	 32.800	  Twist	 -0.388	 -0.290	 -0.030	 -0.289
[component_container-11] 	 32.800	ErrPose	 -0.182	  0.841	  0.016	 -0.006
[component_container-11] 	 32.800	ErrTwis	  0.073	 -0.538	  0.037	  0.010
[component_container-11] 	 32.800	    GPS	  0.105	  0.847	  5.007	     --
[component_container-11] 	 32.800	   Baro	     --	     --	  4.666	     --
[component_container-11] 	 32.800	  BBias	     --	     --	 -0.300	     --
[component_container-11] 	 32.800	  Sonar	     --	     --	    inf	     --
[component_container-11] 	 32.800	  Magnt	     --	     --	     --	 -2.776
[component_container-11] 
[component_container-11] 	 32.840	   Pose	  0.585	  0.398	  5.004	 -2.805
[component_container-11] 	 32.840	  Twist	 -0.389	 -0.298	 -0.012	 -0.274
[component_container-11] 	 32.840	ErrPose	 -0.165	  0.889	 -0.004	 -0.007
[component_container-11] 	 32.840	ErrTwis	  0.057	 -0.532	  0.020	 -0.006
[component_container-11] 	 32.840	    GPS	  0.105	  0.847	  5.007	     --
[component_container-11] 	 32.840	   Baro	     --	     --	  4.915	     --
[component_container-11] 	 32.840	  BBias	     --	     --	 -0.300	     --
[component_container-11] 	 32.840	  Sonar	     --	     --	    inf	     --
[component_container-11] 	 32.840	  Magnt	     --	     --	     --	 -2.775
[component_container-11] 
[component_container-11] 	 32.870	   Pose	  0.573	  0.389	  5.015	 -2.814
[component_container-11] 	 32.870	  Twist	 -0.390	 -0.303	 -0.001	 -0.281
[component_container-11] 	 32.870	ErrPose	 -0.152	  0.916	 -0.015	 -0.004
[component_container-11] 	 32.870	ErrTwis	  0.050	 -0.527	  0.010	  0.002
[component_container-11] 	 32.870	    GPS	  0.105	  0.847	  5.007	     --
[component_container-11] 	 32.870	   Baro	     --	     --	  4.833	     --
[component_container-11] 	 32.870	  BBias	     --	     --	 -0.300	     --
[component_container-11] 	 32.870	  Sonar	     --	     --	    inf	     --
[component_container-11] 	 32.870	  Magnt	     --	     --	     --	 -2.830
[component_container-11] 
[component_container-11] 	 32.900	   Pose	  0.561	  0.380	  5.015	 -2.822
[component_container-11] 	 32.900	  Twist	 -0.392	 -0.309	 -0.002	 -0.271
[component_container-11] 	 32.900	ErrPose	 -0.136	  0.961	 -0.016	 -0.007
[component_container-11] 	 32.900	ErrTwis	  0.036	 -0.522	  0.011	 -0.008
[component_container-11] 	 32.900	    GPS	  0.105	  0.847	  5.007	     --
[component_container-11] 	 32.900	   Baro	     --	     --	  4.833	     --
[component_container-11] 	 32.900	  BBias	     --	     --	 -0.300	     --
[component_container-11] 	 32.900	  Sonar	     --	     --	    inf	     --
[component_container-11] 	 32.900	  Magnt	     --	     --	     --	 -2.830
[component_container-11] 
[component_container-11] 	 32.940	   Pose	  0.546	  0.367	  5.017	 -2.835
[component_container-11] 	 32.940	  Twist	 -0.393	 -0.317	 -0.003	 -0.287
[component_container-11] 	 32.940	ErrPose	 -0.116	  1.010	 -0.018	 -0.005
[component_container-11] 	 32.940	ErrTwis	  0.024	 -0.517	  0.014	  0.008
[component_container-11] 	 32.940	    GPS	  0.105	  0.847	  5.007	     --
[component_container-11] 	 32.940	   Baro	     --	     --	  4.737	     --
[component_container-11] 	 32.940	  BBias	     --	     --	 -0.300	     --
[component_container-11] 	 32.940	  Sonar	     --	     --	    inf	     --
[component_container-11] 	 32.940	  Magnt	     --	     --	     --	 -2.885
[component_container-11] 
[component_container-11] 	 32.970	   Pose	  0.534	  0.358	  5.017	 -2.843
[component_container-11] 	 32.970	  Twist	 -0.394	 -0.322	 -0.006	 -0.271
[component_container-11] 	 32.970	ErrPose	 -0.102	  1.038	 -0.018	 -0.002
[component_container-11] 	 32.970	ErrTwis	  0.017	 -0.513	  0.017	 -0.009
[component_container-11] 	 32.970	    GPS	  0.105	  0.847	  5.007	     --
[component_container-11] 	 32.970	   Baro	     --	     --	  4.714	     --
[component_container-11] 	 32.970	  BBias	     --	     --	 -0.300	     --
[component_container-11] 	 32.970	  Sonar	     --	     --	    inf	     --
[component_container-11] 	 32.970	  Magnt	     --	     --	     --	 -2.851
[component_container-11] 
[component_container-11] [INFO] [1775320712.603754683] [drone.controller]: cmd_vel body=(-0.428, -0.904, -0.006) yaw=-0.300 | odom_received=true | plan_points=37
[component_container-11] 	 33.000	   Pose	  0.522	  0.348	  5.016	 -2.852
[component_container-11] 	 33.000	  Twist	 -0.395	 -0.328	 -0.008	 -0.282
[component_container-11] 	 33.000	ErrPose	 -0.084	  1.085	 -0.019	 -0.005
[component_container-11] 	 33.000	ErrTwis	  0.004	 -0.510	  0.019	  0.002
[component_container-11] 	 33.000	    GPS	  0.105	  0.847	  5.007	     --
[component_container-11] 	 33.000	   Baro	     --	     --	  4.714	     --
[component_container-11] 	 33.000	  BBias	     --	     --	 -0.300	     --
[component_container-11] 	 33.000	  Sonar	     --	     --	    inf	     --
[component_container-11] 	 33.000	  Magnt	     --	     --	     --	 -2.851
[component_container-11] 
[component_container-11] [INFO] [1775320712.604012080] [drone.estimator]: TMP LOG err_xyz=(-0.084, 1.085, -0.019) | z_est=5.016 vz_est=-0.008 bias=-0.300 | gps_z=5.007 sonar=inf baro=4.714
[component_container-11] 	 33.040	   Pose	  0.447	  0.586	  5.006	 -2.864
[component_container-11] 	 33.040	  Twist	 -0.418	 -0.250	 -0.020	 -0.277
[component_container-11] 	 33.040	ErrPose	 -0.002	  0.883	 -0.009	 -0.005
[component_container-11] 	 33.040	ErrTwis	  0.014	 -0.591	  0.029	 -0.003
[component_container-11] 	 33.040	    GPS	  0.318	  1.196	  4.997	     --
[component_container-11] 	 33.040	   Baro	     --	     --	  4.624	     --
[component_container-11] 	 33.040	  BBias	     --	     --	 -0.300	     --
[component_container-11] 	 33.040	  Sonar	     --	     --	    inf	     --
[component_container-11] 	 33.040	  Magnt	     --	     --	     --	 -2.890
[component_container-11] 
[component_container-11] 	 33.070	   Pose	  0.434	  0.579	  4.990	 -2.873
[component_container-11] 	 33.070	  Twist	 -0.421	 -0.255	 -0.036	 -0.288
[component_container-11] 	 33.070	ErrPose	  0.014	  0.909	  0.006	 -0.001
[component_container-11] 	 33.070	ErrTwis	  0.010	 -0.587	  0.045	  0.009
[component_container-11] 	 33.070	    GPS	  0.318	  1.196	  4.997	     --
[component_container-11] 	 33.070	   Baro	     --	     --	  4.515	     --
[component_container-11] 	 33.070	  BBias	     --	     --	 -0.300	     --
[component_container-11] 	 33.070	  Sonar	     --	     --	    inf	     --
[component_container-11] 	 33.070	  Magnt	     --	     --	     --	 -2.893
[component_container-11] 
[component_container-11] 	 33.100	   Pose	  0.422	  0.571	  4.989	 -2.881
[component_container-11] 	 33.100	  Twist	 -0.422	 -0.261	 -0.038	 -0.265
[component_container-11] 	 33.100	ErrPose	  0.034	  0.954	  0.006	 -0.004
[component_container-11] 	 33.100	ErrTwis	 -0.000	 -0.585	  0.047	 -0.014
[component_container-11] 	 33.100	    GPS	  0.318	  1.196	  4.997	     --
[component_container-11] 	 33.100	   Baro	     --	     --	  4.515	     --
[component_container-11] 	 33.100	  BBias	     --	     --	 -0.300	     --
[component_container-11] 	 33.100	  Sonar	     --	     --	    inf	     --
[component_container-11] 	 33.100	  Magnt	     --	     --	     --	 -2.893
[component_container-11] 
[component_container-11] 	 33.140	   Pose	  0.405	  0.561	  4.993	 -2.891
[component_container-11] 	 33.140	  Twist	 -0.424	 -0.268	 -0.032	 -0.269
[component_container-11] 	 33.140	ErrPose	  0.060	  1.002	  0.001	 -0.005
[component_container-11] 	 33.140	ErrTwis	 -0.009	 -0.581	  0.042	 -0.011
[component_container-11] 	 33.140	    GPS	  0.318	  1.196	  4.997	     --
[component_container-11] 	 33.140	   Baro	     --	     --	  4.757	     --
[component_container-11] 	 33.140	  BBias	     --	     --	 -0.300	     --
[component_container-11] 	 33.140	  Sonar	     --	     --	    inf	     --
[component_container-11] 	 33.140	  Magnt	     --	     --	     --	 -2.848
[component_container-11] 
[component_container-11] 	 33.170	   Pose	  0.392	  0.552	  4.991	 -2.901
[component_container-11] 	 33.170	  Twist	 -0.425	 -0.274	 -0.034	 -0.294
[component_container-11] 	 33.170	ErrPose	  0.077	  1.029	  0.003	 -0.001
[component_container-11] 	 33.170	ErrTwis	 -0.013	 -0.578	  0.043	  0.015
[component_container-11] 	 33.170	    GPS	  0.318	  1.196	  4.997	     --
[component_container-11] 	 33.170	   Baro	     --	     --	  4.672	     --
[component_container-11] 	 33.170	  BBias	     --	     --	 -0.300	     --
[component_container-11] 	 33.170	  Sonar	     --	     --	    inf	     --
[component_container-11] 	 33.170	  Magnt	     --	     --	     --	 -2.968
[component_container-11] 
[component_container-11] 	 33.200	   Pose	  0.379	  0.544	  4.990	 -2.909
[component_container-11] 	 33.200	  Twist	 -0.428	 -0.280	 -0.034	 -0.270
[component_container-11] 	 33.200	ErrPose	  0.100	  1.075	  0.003	 -0.004
[component_container-11] 	 33.200	ErrTwis	 -0.020	 -0.575	  0.043	 -0.009
[component_container-11] 	 33.200	    GPS	  0.318	  1.196	  4.997	     --
[component_container-11] 	 33.200	   Baro	     --	     --	  4.672	     --
[component_container-11] 	 33.200	  BBias	     --	     --	 -0.300	     --
[component_container-11] 	 33.200	  Sonar	     --	     --	    inf	     --
[component_container-11] 	 33.200	  Magnt	     --	     --	     --	 -2.968
[component_container-11] 
[component_container-11] 	 33.240	   Pose	  0.362	  0.533	  4.989	 -2.921
[component_container-11] 	 33.240	  Twist	 -0.430	 -0.289	 -0.034	 -0.273
[component_container-11] 	 33.240	ErrPose	  0.128	  1.124	  0.003	 -0.003
[component_container-11] 	 33.240	ErrTwis	 -0.027	 -0.569	  0.043	 -0.007
[component_container-11] 	 33.240	    GPS	  0.318	  1.196	  4.997	     --
[component_container-11] 	 33.240	   Baro	     --	     --	  4.698	     --
[component_container-11] 	 33.240	  BBias	     --	     --	 -0.300	     --
[component_container-11] 	 33.240	  Sonar	     --	     --	    inf	     --
[component_container-11] 	 33.240	  Magnt	     --	     --	     --	 -2.945
[component_container-11] 
[component_container-11] 	 33.270	   Pose	  0.349	  0.524	  4.998	 -2.929
[component_container-11] 	 33.270	  Twist	 -0.432	 -0.294	 -0.025	 -0.289
[component_container-11] 	 33.270	ErrPose	  0.146	  1.151	 -0.007	 -0.000
[component_container-11] 	 33.270	ErrTwis	 -0.030	 -0.566	  0.034	  0.010
[component_container-11] 	 33.270	    GPS	  0.318	  1.196	  4.997	     --
[component_container-11] 	 33.270	   Baro	     --	     --	  4.805	     --
[component_container-11] 	 33.270	  BBias	     --	     --	 -0.300	     --
[component_container-11] 	 33.270	  Sonar	     --	     --	    inf	     --
[component_container-11] 	 33.270	  Magnt	     --	     --	     --	 -2.935
[component_container-11] 
[component_container-11] 	 33.300	   Pose	  0.336	  0.515	  4.997	 -2.938
[component_container-11] 	 33.300	  Twist	 -0.433	 -0.299	 -0.024	 -0.262
[component_container-11] 	 33.300	ErrPose	  0.171	  1.198	 -0.007	 -0.003
[component_container-11] 	 33.300	ErrTwis	 -0.037	 -0.563	  0.033	 -0.018
[component_container-11] 	 33.300	    GPS	  0.318	  1.196	  4.997	     --
[component_container-11] 	 33.300	   Baro	     --	     --	  4.805	     --
[component_container-11] 	 33.300	  BBias	     --	     --	 -0.300	     --
[component_container-11] 	 33.300	  Sonar	     --	     --	    inf	     --
[component_container-11] 	 33.300	  Magnt	     --	     --	     --	 -2.935
[component_container-11] 
[component_container-11] 	 33.340	   Pose	  0.319	  0.503	  4.988	 -2.948
[component_container-11] 	 33.340	  Twist	 -0.436	 -0.307	 -0.033	 -0.275
[component_container-11] 	 33.340	ErrPose	  0.200	  1.248	  0.002	 -0.004
[component_container-11] 	 33.340	ErrTwis	 -0.041	 -0.559	  0.042	 -0.004
[component_container-11] 	 33.340	    GPS	  0.318	  1.196	  4.997	     --
[component_container-11] 	 33.340	   Baro	     --	     --	  4.604	     --
[component_container-11] 	 33.340	  BBias	     --	     --	 -0.300	     --
[component_container-11] 	 33.340	  Sonar	     --	     --	    inf	     --
[component_container-11] 	 33.340	  Magnt	     --	     --	     --	 -2.915
[component_container-11] 
[component_container-11] 	 33.370	   Pose	  0.306	  0.494	  5.003	 -2.956
[component_container-11] 	 33.370	  Twist	 -0.439	 -0.312	 -0.018	 -0.265
[component_container-11] 	 33.370	ErrPose	  0.220	  1.276	 -0.013	 -0.001
[component_container-11] 	 33.370	ErrTwis	 -0.042	 -0.555	  0.026	 -0.015
[component_container-11] 	 33.370	    GPS	  0.318	  1.196	  4.997	     --
[component_container-11] 	 33.370	   Baro	     --	     --	  4.867	     --
[component_container-11] 	 33.370	  BBias	     --	     --	 -0.300	     --
[component_container-11] 	 33.370	  Sonar	     --	     --	    inf	     --
[component_container-11] 	 33.370	  Magnt	     --	     --	     --	 -2.937
[component_container-11] 
[component_container-11] 	 33.400	   Pose	  0.292	  0.484	  5.002	 -2.964
[component_container-11] 	 33.400	  Twist	 -0.440	 -0.318	 -0.019	 -0.279
[component_container-11] 	 33.400	ErrPose	  0.246	  1.323	 -0.013	 -0.005
[component_container-11] 	 33.400	ErrTwis	 -0.046	 -0.552	  0.029	 -0.001
[component_container-11] 	 33.400	    GPS	  0.318	  1.196	  4.997	     --
[component_container-11] 	 33.400	   Baro	     --	     --	  4.867	     --
[component_container-11] 	 33.400	  BBias	     --	     --	 -0.300	     --
[component_container-11] 	 33.400	  Sonar	     --	     --	    inf	     --
[component_container-11] 	 33.400	  Magnt	     --	     --	     --	 -2.937
[component_container-11] 
[component_container-11] 	 33.440	   Pose	  0.275	  0.471	  4.989	 -2.977
[component_container-11] 	 33.440	  Twist	 -0.443	 -0.325	 -0.032	 -0.272
[component_container-11] 	 33.440	ErrPose	  0.278	  1.374	 -0.000	 -0.003
[component_container-11] 	 33.440	ErrTwis	 -0.049	 -0.548	  0.042	 -0.007
[component_container-11] 	 33.440	    GPS	  0.318	  1.196	  4.997	     --
[component_container-11] 	 33.440	   Baro	     --	     --	  4.560	     --
[component_container-11] 	 33.440	  BBias	     --	     --	 -0.300	     --
[component_container-11] 	 33.440	  Sonar	     --	     --	    inf	     --
[component_container-11] 	 33.440	  Magnt	     --	     --	     --	 -3.033
[component_container-11] 
[component_container-11] 	 33.470	   Pose	  0.261	  0.462	  4.977	 -2.985
[component_container-11] 	 33.470	  Twist	 -0.445	 -0.331	 -0.044	 -0.267
[component_container-11] 	 33.470	ErrPose	  0.298	  1.403	  0.011	 -0.001
[component_container-11] 	 33.470	ErrTwis	 -0.049	 -0.543	  0.054	 -0.012
[component_container-11] 	 33.470	    GPS	  0.318	  1.196	  4.997	     --
[component_container-11] 	 33.470	   Baro	     --	     --	  4.569	     --
[component_container-11] 	 33.470	  BBias	     --	     --	 -0.300	     --
[component_container-11] 	 33.470	  Sonar	     --	     --	    inf	     --
[component_container-11] 	 33.470	  Magnt	     --	     --	     --	 -2.981
[component_container-11] 
[component_container-11] 	 33.500	   Pose	  0.248	  0.452	  4.976	 -2.993
[component_container-11] 	 33.500	  Twist	 -0.449	 -0.336	 -0.044	 -0.273
[component_container-11] 	 33.500	ErrPose	  0.326	  1.450	  0.012	 -0.004
[component_container-11] 	 33.500	ErrTwis	 -0.050	 -0.541	  0.054	 -0.007
[component_container-11] 	 33.500	    GPS	  0.318	  1.196	  4.997	     --
[component_container-11] 	 33.500	   Baro	     --	     --	  4.569	     --
[component_container-11] 	 33.500	  BBias	     --	     --	 -0.300	     --
[component_container-11] 	 33.500	  Sonar	     --	     --	    inf	     --
[component_container-11] 	 33.500	  Magnt	     --	     --	     --	 -2.981
[component_container-11] 
[component_container-11] 	 33.540	   Pose	  0.204	  0.817	  4.976	 -3.004
[component_container-11] 	 33.540	  Twist	 -0.461	 -0.215	 -0.042	 -0.282
[component_container-11] 	 33.540	ErrPose	  0.385	  1.123	  0.010	 -0.004
[component_container-11] 	 33.540	ErrTwis	 -0.041	 -0.665	  0.053	  0.003
[component_container-11] 	 33.540	    GPS	  0.155	  1.730	  4.987	     --
[component_container-11] 	 33.540	   Baro	     --	     --	  4.682	     --
[component_container-11] 	 33.540	  BBias	     --	     --	 -0.300	     --
[component_container-11] 	 33.540	  Sonar	     --	     --	    inf	     --
[component_container-11] 	 33.540	  Magnt	     --	     --	     --	 -3.013
[component_container-11] 
[component_container-11] 	 33.570	   Pose	  0.190	  0.810	  4.976	 -3.013
[component_container-11] 	 33.570	  Twist	 -0.463	 -0.221	 -0.041	 -0.280
[component_container-11] 	 33.570	ErrPose	  0.407	  1.148	  0.011	 -0.001
[component_container-11] 	 33.570	ErrTwis	 -0.041	 -0.661	  0.053	  0.001
[component_container-11] 	 33.570	    GPS	  0.155	  1.730	  4.987	     --
[component_container-11] 	 33.570	   Baro	     --	     --	  4.681	     --
[component_container-11] 	 33.570	  BBias	     --	     --	 -0.300	     --
[component_container-11] 	 33.570	  Sonar	     --	     --	    inf	     --
[component_container-11] 	 33.570	  Magnt	     --	     --	     --	 -3.010
[component_container-11] 
[component_container-11] 	 33.600	   Pose	  0.176	  0.804	  4.974	 -3.021
[component_container-11] 	 33.600	  Twist	 -0.466	 -0.226	 -0.041	 -0.280
[component_container-11] 	 33.600	ErrPose	  0.437	  1.192	  0.012	 -0.004
[component_container-11] 	 33.600	ErrTwis	 -0.040	 -0.659	  0.052	  0.000
[component_container-11] 	 33.600	    GPS	  0.155	  1.730	  4.987	     --
[component_container-11] 	 33.600	   Baro	     --	     --	  4.681	     --
[component_container-11] 	 33.600	  BBias	     --	     --	 -0.300	     --
[component_container-11] 	 33.600	  Sonar	     --	     --	    inf	     --
[component_container-11] 	 33.600	  Magnt	     --	     --	     --	 -3.010
[component_container-11] 
[component_container-11] 	 33.640	   Pose	  0.157	  0.795	  4.980	 -3.032
[component_container-11] 	 33.640	  Twist	 -0.471	 -0.234	 -0.033	 -0.271
[component_container-11] 	 33.640	ErrPose	  0.472	  1.239	  0.006	 -0.004
[component_container-11] 	 33.640	ErrTwis	 -0.036	 -0.654	  0.046	 -0.009
[component_container-11] 	 33.640	    GPS	  0.155	  1.730	  4.987	     --
[component_container-11] 	 33.640	   Baro	     --	     --	  4.762	     --
[component_container-11] 	 33.640	  BBias	     --	     --	 -0.300	     --
[component_container-11] 	 33.640	  Sonar	     --	     --	    inf	     --
[component_container-11] 	 33.640	  Magnt	     --	     --	     --	 -3.030
[component_container-11] 
[component_container-11] 	 33.670	   Pose	  0.143	  0.788	  4.979	 -3.041
[component_container-11] 	 33.670	  Twist	 -0.473	 -0.239	 -0.033	 -0.282
[component_container-11] 	 33.670	ErrPose	  0.494	  1.265	  0.007	 -0.001
[component_container-11] 	 33.670	ErrTwis	 -0.034	 -0.650	  0.047	  0.002
[component_container-11] 	 33.670	    GPS	  0.155	  1.730	  4.987	     --
[component_container-11] 	 33.670	   Baro	     --	     --	  4.680	     --
[component_container-11] 	 33.670	  BBias	     --	     --	 -0.300	     --
[component_container-11] 	 33.670	  Sonar	     --	     --	    inf	     --
[component_container-11] 	 33.670	  Magnt	     --	     --	     --	 -3.049
[component_container-11] 
[component_container-11] 	 33.700	   Pose	  0.129	  0.780	  4.978	 -3.049
[component_container-11] 	 33.700	  Twist	 -0.475	 -0.245	 -0.035	 -0.279
[component_container-11] 	 33.700	ErrPose	  0.525	  1.310	  0.007	 -0.004
[component_container-11] 	 33.700	ErrTwis	 -0.033	 -0.647	  0.049	 -0.000
[component_container-11] 	 33.700	    GPS	  0.155	  1.730	  4.987	     --
[component_container-11] 	 33.700	   Baro	     --	     --	  4.680	     --
[component_container-11] 	 33.700	  BBias	     --	     --	 -0.300	     --
[component_container-11] 	 33.700	  Sonar	     --	     --	    inf	     --
[component_container-11] 	 33.700	  Magnt	     --	     --	     --	 -3.049
[component_container-11] 
[component_container-11] 	 33.740	   Pose	  0.110	  0.770	  4.991	 -3.061
[component_container-11] 	 33.740	  Twist	 -0.479	 -0.252	 -0.020	 -0.293
[component_container-11] 	 33.740	ErrPose	  0.562	  1.357	 -0.006	 -0.003
[component_container-11] 	 33.740	ErrTwis	 -0.029	 -0.642	  0.034	  0.013
[component_container-11] 	 33.740	    GPS	  0.155	  1.730	  4.987	     --
[component_container-11] 	 33.740	   Baro	     --	     --	  4.845	     --
[component_container-11] 	 33.740	  BBias	     --	     --	 -0.300	     --
[component_container-11] 	 33.740	  Sonar	     --	     --	    inf	     --
[component_container-11] 	 33.740	  Magnt	     --	     --	     --	 -3.082
[component_container-11] 
[component_container-11] 	 33.770	   Pose	  0.095	  0.763	  4.984	 -3.070
[component_container-11] 	 33.770	  Twist	 -0.482	 -0.257	 -0.028	 -0.274
[component_container-11] 	 33.770	ErrPose	  0.585	  1.383	  0.001	  0.001
[component_container-11] 	 33.770	ErrTwis	 -0.026	 -0.637	  0.040	 -0.005
[component_container-11] 	 33.770	    GPS	  0.155	  1.730	  4.987	     --
[component_container-11] 	 33.770	   Baro	     --	     --	  4.619	     --
[component_container-11] 	 33.770	  BBias	     --	     --	 -0.300	     --
[component_container-11] 	 33.770	  Sonar	     --	     --	    inf	     --
[component_container-11] 	 33.770	  Magnt	     --	     --	     --	 -3.092
[component_container-11] 
[component_container-11] 	 33.800	   Pose	  0.081	  0.755	  4.984	 -3.078
[component_container-11] 	 33.800	  Twist	 -0.486	 -0.263	 -0.027	 -0.282
[component_container-11] 	 33.800	ErrPose	  0.617	  1.428	  0.002	 -0.002
[component_container-11] 	 33.800	ErrTwis	 -0.021	 -0.633	  0.040	  0.002
[component_container-11] 	 33.800	    GPS	  0.155	  1.730	  4.987	     --
[component_container-11] 	 33.800	   Baro	     --	     --	  4.619	     --
[component_container-11] 	 33.800	  BBias	     --	     --	 -0.300	     --
[component_container-11] 	 33.800	  Sonar	     --	     --	    inf	     --
[component_container-11] 	 33.800	  Magnt	     --	     --	     --	 -3.092
[component_container-11] 
[component_container-11] 	 33.840	   Pose	  0.061	  0.744	  4.991	 -3.090
[component_container-11] 	 33.840	  Twist	 -0.489	 -0.270	 -0.019	 -0.283
[component_container-11] 	 33.840	ErrPose	  0.655	  1.476	 -0.006	 -0.002
[component_container-11] 	 33.840	ErrTwis	 -0.016	 -0.627	  0.033	  0.004
[component_container-11] 	 33.840	    GPS	  0.155	  1.730	  4.987	     --
[component_container-11] 	 33.840	   Baro	     --	     --	  4.784	     --
[component_container-11] 	 33.840	  BBias	     --	     --	 -0.300	     --
[component_container-11] 	 33.840	  Sonar	     --	     --	    inf	     --
[component_container-11] 	 33.840	  Magnt	     --	     --	     --	 -3.088
[component_container-11] 
[component_container-11] 	 33.870	   Pose	  0.047	  0.736	  4.979	 -3.098
[component_container-11] 	 33.870	  Twist	 -0.492	 -0.276	 -0.032	 -0.272
[component_container-11] 	 33.870	ErrPose	  0.679	  1.502	  0.006	  0.000
[component_container-11] 	 33.870	ErrTwis	 -0.012	 -0.623	  0.046	 -0.008
[component_container-11] 	 33.870	    GPS	  0.155	  1.730	  4.987	     --
[component_container-11] 	 33.870	   Baro	     --	     --	  4.557	     --
[component_container-11] 	 33.870	  BBias	     --	     --	 -0.300	     --
[component_container-11] 	 33.870	  Sonar	     --	     --	    inf	     --
[component_container-11] 	 33.870	  Magnt	     --	     --	     --	 -3.080
[component_container-11] 
[component_container-11] 	 33.900	   Pose	  0.032	  0.728	  4.978	 -3.106
[component_container-11] 	 33.900	  Twist	 -0.495	 -0.281	 -0.033	 -0.270
[component_container-11] 	 33.900	ErrPose	  0.712	  1.548	  0.007	 -0.003
[component_container-11] 	 33.900	ErrTwis	 -0.006	 -0.619	  0.046	 -0.010
[component_container-11] 	 33.900	    GPS	  0.155	  1.730	  4.987	     --
[component_container-11] 	 33.900	   Baro	     --	     --	  4.557	     --
[component_container-11] 	 33.900	  BBias	     --	     --	 -0.300	     --
[component_container-11] 	 33.900	  Sonar	     --	     --	    inf	     --
[component_container-11] 	 33.900	  Magnt	     --	     --	     --	 -3.080
[component_container-11] 
[component_container-11] 	 33.940	   Pose	  0.012	  0.716	  4.969	 -3.117
[component_container-11] 	 33.940	  Twist	 -0.500	 -0.288	 -0.043	 -0.293
[component_container-11] 	 33.940	ErrPose	  0.751	  1.596	  0.016	 -0.002
[component_container-11] 	 33.940	ErrTwis	  0.003	 -0.613	  0.056	  0.014
[component_container-11] 	 33.940	    GPS	  0.155	  1.730	  4.987	     --
[component_container-11] 	 33.940	   Baro	     --	     --	  4.590	     --
[component_container-11] 	 33.940	  BBias	     --	     --	 -0.300	     --
[component_container-11] 	 33.940	  Sonar	     --	     --	    inf	     --
[component_container-11] 	 33.940	  Magnt	     --	     --	     --	 -3.115
[component_container-11] 
[component_container-11] 	 33.970	   Pose	 -0.003	  0.708	  4.969	 -3.126
[component_container-11] 	 33.970	  Twist	 -0.503	 -0.293	 -0.042	 -0.262
[component_container-11] 	 33.970	ErrPose	  0.776	  1.623	  0.016	  0.000
[component_container-11] 	 33.970	ErrTwis	  0.008	 -0.609	  0.056	 -0.017
[component_container-11] 	 33.970	    GPS	  0.155	  1.730	  4.987	     --
[component_container-11] 	 33.970	   Baro	     --	     --	  4.688	     --
[component_container-11] 	 33.970	  BBias	     --	     --	 -0.300	     --
[component_container-11] 	 33.970	  Sonar	     --	     --	    inf	     --
[component_container-11] 	 33.970	  Magnt	     --	     --	     --	 -3.126
[component_container-11] 
[component_container-11] [INFO] [1775320713.607211759] [drone.controller]: cmd_vel body=(-0.325, -0.946, 0.015) yaw=-0.300 | odom_received=true | plan_points=35
[component_container-11] 	 34.000	   Pose	 -0.018	  0.699	  4.968	 -3.134
[component_container-11] 	 34.000	  Twist	 -0.505	 -0.299	 -0.042	 -0.273
[component_container-11] 	 34.000	ErrPose	  0.810	  1.668	  0.017	 -0.003
[component_container-11] 	 34.000	ErrTwis	  0.014	 -0.605	  0.057	 -0.006
[component_container-11] 	 34.000	    GPS	  0.155	  1.730	  4.987	     --
[component_container-11] 	 34.000	   Baro	     --	     --	  4.688	     --
[component_container-11] 	 34.000	  BBias	     --	     --	 -0.300	     --
[component_container-11] 	 34.000	  Sonar	     --	     --	    inf	     --
[component_container-11] 	 34.000	  Magnt	     --	     --	     --	 -3.126
[component_container-11] 
[component_container-11] [INFO] [1775320713.607602512] [drone.estimator]: TMP LOG err_xyz=(0.810, 1.668, 0.017) | z_est=4.968 vz_est=-0.042 bias=-0.300 | gps_z=4.987 sonar=inf baro=4.688
[component_container-11] 	 34.040	   Pose	  0.126	  1.122	  4.975	  3.138
[component_container-11] 	 34.040	  Twist	 -0.454	 -0.158	 -0.032	 -0.262
[component_container-11] 	 34.040	ErrPose	  0.685	  1.281	  0.010	 -0.003
[component_container-11] 	 34.040	ErrTwis	 -0.033	 -0.747	  0.048	 -0.017
[component_container-11] 	 34.040	    GPS	  0.534	  2.168	  4.985	     --
[component_container-11] 	 34.040	   Baro	     --	     --	  4.749	     --
[component_container-11] 	 34.040	  BBias	     --	     --	 -0.300	     --
[component_container-11] 	 34.040	  Sonar	     --	     --	    inf	     --
[component_container-11] 	 34.040	  Magnt	     --	     --	     --	  3.139
[component_container-11] 
[component_container-11] 	 34.070	   Pose	  0.112	  1.117	  4.973	  3.131
[component_container-11] 	 34.070	  Twist	 -0.459	 -0.163	 -0.034	 -0.270
[component_container-11] 	 34.070	ErrPose	  0.708	  1.304	  0.013	 -0.001
[component_container-11] 	 34.070	ErrTwis	 -0.025	 -0.743	  0.050	 -0.010
[component_container-11] 	 34.070	    GPS	  0.534	  2.168	  4.985	     --
[component_container-11] 	 34.070	   Baro	     --	     --	  4.650	     --
[component_container-11] 	 34.070	  BBias	     --	     --	 -0.300	     --
[component_container-11] 	 34.070	  Sonar	     --	     --	    inf	     --
[component_container-11] 	 34.070	  Magnt	     --	     --	     --	 -3.126
[component_container-11] 
[component_container-11] 	 34.100	   Pose	  0.099	  1.112	  4.972	  3.122
[component_container-11] 	 34.100	  Twist	 -0.462	 -0.169	 -0.035	 -0.278
[component_container-11] 	 34.100	ErrPose	  0.742	  1.345	  0.014	 -0.003
[component_container-11] 	 34.100	ErrTwis	 -0.016	 -0.739	  0.052	 -0.002
[component_container-11] 	 34.100	    GPS	  0.534	  2.168	  4.985	     --
[component_container-11] 	 34.100	   Baro	     --	     --	  4.650	     --
[component_container-11] 	 34.100	  BBias	     --	     --	 -0.300	     --
[component_container-11] 	 34.100	  Sonar	     --	     --	    inf	     --
[component_container-11] 	 34.100	  Magnt	     --	     --	     --	 -3.126
[component_container-11] 
[component_container-11] 	 34.140	   Pose	  0.080	  1.105	  4.963	  3.111
[component_container-11] 	 34.140	  Twist	 -0.467	 -0.175	 -0.044	 -0.284
[component_container-11] 	 34.140	ErrPose	  0.780	  1.388	  0.023	 -0.003
[component_container-11] 	 34.140	ErrTwis	 -0.005	 -0.734	  0.063	  0.005
[component_container-11] 	 34.140	    GPS	  0.534	  2.168	  4.985	     --
[component_container-11] 	 34.140	   Baro	     --	     --	  4.582	     --
[component_container-11] 	 34.140	  BBias	     --	     --	 -0.300	     --
[component_container-11] 	 34.140	  Sonar	     --	     --	    inf	     --
[component_container-11] 	 34.140	  Magnt	     --	     --	     --	  3.125
[component_container-11] 
[component_container-11] 	 34.170	   Pose	  0.066	  1.100	  4.973	  3.103
[component_container-11] 	 34.170	  Twist	 -0.470	 -0.181	 -0.032	 -0.257
[component_container-11] 	 34.170	ErrPose	  0.804	  1.411	  0.013	 -0.001
[component_container-11] 	 34.170	ErrTwis	  0.002	 -0.729	  0.051	 -0.023
[component_container-11] 	 34.170	    GPS	  0.534	  2.168	  4.985	     --
[component_container-11] 	 34.170	   Baro	     --	     --	  4.806	     --
[component_container-11] 	 34.170	  BBias	     --	     --	 -0.300	     --
[component_container-11] 	 34.170	  Sonar	     --	     --	    inf	     --
[component_container-11] 	 34.170	  Magnt	     --	     --	     --	  3.102
[component_container-11] 
[component_container-11] 	 34.200	   Pose	  0.052	  1.094	  4.972	  3.095
[component_container-11] 	 34.200	  Twist	 -0.473	 -0.187	 -0.033	 -0.270
[component_container-11] 	 34.200	ErrPose	  0.838	  1.452	  0.015	 -0.004
[component_container-11] 	 34.200	ErrTwis	  0.012	 -0.725	  0.052	 -0.010
[component_container-11] 	 34.200	    GPS	  0.534	  2.168	  4.985	     --
[component_container-11] 	 34.200	   Baro	     --	     --	  4.806	     --
[component_container-11] 	 34.200	  BBias	     --	     --	 -0.300	     --
[component_container-11] 	 34.200	  Sonar	     --	     --	    inf	     --
[component_container-11] 	 34.200	  Magnt	     --	     --	     --	  3.102
[component_container-11] 
[component_container-11] 	 34.240	   Pose	  0.033	  1.086	  4.972	  3.085
[component_container-11] 	 34.240	  Twist	 -0.478	 -0.194	 -0.031	 -0.278
[component_container-11] 	 34.240	ErrPose	  0.877	  1.495	  0.015	 -0.005
[component_container-11] 	 34.240	ErrTwis	  0.025	 -0.719	  0.052	 -0.001
[component_container-11] 	 34.240	    GPS	  0.534	  2.168	  4.985	     --
[component_container-11] 	 34.240	   Baro	     --	     --	  4.686	     --
[component_container-11] 	 34.240	  BBias	     --	     --	 -0.300	     --
[component_container-11] 	 34.240	  Sonar	     --	     --	    inf	     --
[component_container-11] 	 34.240	  Magnt	     --	     --	     --	  3.133
[component_container-11] 
[component_container-11] 	 34.270	   Pose	  0.018	  1.081	  4.976	  3.076
[component_container-11] 	 34.270	  Twist	 -0.481	 -0.199	 -0.028	 -0.265
[component_container-11] 	 34.270	ErrPose	  0.902	  1.519	  0.012	 -0.002
[component_container-11] 	 34.270	ErrTwis	  0.032	 -0.715	  0.050	 -0.014
[component_container-11] 	 34.270	    GPS	  0.534	  2.168	  4.985	     --
[component_container-11] 	 34.270	   Baro	     --	     --	  4.724	     --
[component_container-11] 	 34.270	  BBias	     --	     --	 -0.300	     --
[component_container-11] 	 34.270	  Sonar	     --	     --	    inf	     --
[component_container-11] 	 34.270	  Magnt	     --	     --	     --	  3.079
[component_container-11] 
[component_container-11] 	 34.300	   Pose	  0.004	  1.075	  4.975	  3.068
[component_container-11] 	 34.300	  Twist	 -0.485	 -0.204	 -0.027	 -0.268
[component_container-11] 	 34.300	ErrPose	  0.936	  1.560	  0.014	 -0.005
[component_container-11] 	 34.300	ErrTwis	  0.044	 -0.712	  0.051	 -0.011
[component_container-11] 	 34.300	    GPS	  0.534	  2.168	  4.985	     --
[component_container-11] 	 34.300	   Baro	     --	     --	  4.724	     --
[component_container-11] 	 34.300	  BBias	     --	     --	 -0.300	     --
[component_container-11] 	 34.300	  Sonar	     --	     --	    inf	     --
[component_container-11] 	 34.300	  Magnt	     --	     --	     --	  3.079
[component_container-11] 
[component_container-11] 	 34.340	   Pose	 -0.016	  1.066	  4.981	  3.057
[component_container-11] 	 34.340	  Twist	 -0.490	 -0.210	 -0.021	 -0.267
[component_container-11] 	 34.340	ErrPose	  0.976	  1.603	  0.008	 -0.005
[component_container-11] 	 34.340	ErrTwis	  0.058	 -0.707	  0.044	 -0.012
[component_container-11] 	 34.340	    GPS	  0.534	  2.168	  4.985	     --
[component_container-11] 	 34.340	   Baro	     --	     --	  4.753	     --
[component_container-11] 	 34.340	  BBias	     --	     --	 -0.300	     --
[component_container-11] 	 34.340	  Sonar	     --	     --	    inf	     --
[component_container-11] 	 34.340	  Magnt	     --	     --	     --	  3.046
[component_container-11] 
[component_container-11] 	 34.370	   Pose	 -0.030	  1.060	  4.965	  3.048
[component_container-11] 	 34.370	  Twist	 -0.493	 -0.215	 -0.037	 -0.278
[component_container-11] 	 34.370	ErrPose	  1.000	  1.627	  0.025	 -0.002
[component_container-11] 	 34.370	ErrTwis	  0.066	 -0.703	  0.060	 -0.001
[component_container-11] 	 34.370	    GPS	  0.534	  2.168	  4.985	     --
[component_container-11] 	 34.370	   Baro	     --	     --	  4.505	     --
[component_container-11] 	 34.370	  BBias	     --	     --	 -0.300	     --
[component_container-11] 	 34.370	  Sonar	     --	     --	    inf	     --
[component_container-11] 	 34.370	  Magnt	     --	     --	     --	  3.030
[component_container-11] 
[component_container-11] 	 34.400	   Pose	 -0.045	  1.053	  4.964	  3.040
[component_container-11] 	 34.400	  Twist	 -0.496	 -0.220	 -0.037	 -0.271
[component_container-11] 	 34.400	ErrPose	  1.035	  1.669	  0.026	 -0.004
[component_container-11] 	 34.400	ErrTwis	  0.080	 -0.699	  0.062	 -0.008
[component_container-11] 	 34.400	    GPS	  0.534	  2.168	  4.985	     --
[component_container-11] 	 34.400	   Baro	     --	     --	  4.505	     --
[component_container-11] 	 34.400	  BBias	     --	     --	 -0.300	     --
[component_container-11] 	 34.400	  Sonar	     --	     --	    inf	     --
[component_container-11] 	 34.400	  Magnt	     --	     --	     --	  3.030
[component_container-11] 
[component_container-11] 	 34.440	   Pose	 -0.065	  1.044	  4.954	  3.027
[component_container-11] 	 34.440	  Twist	 -0.500	 -0.228	 -0.046	 -0.277
[component_container-11] 	 34.440	ErrPose	  1.075	  1.713	  0.037	 -0.003
[component_container-11] 	 34.440	ErrTwis	  0.094	 -0.693	  0.071	 -0.003
[component_container-11] 	 34.440	    GPS	  0.534	  2.168	  4.985	     --
[component_container-11] 	 34.440	   Baro	     --	     --	  4.576	     --
[component_container-11] 	 34.440	  BBias	     --	     --	 -0.300	     --
[component_container-11] 	 34.440	  Sonar	     --	     --	    inf	     --
[component_container-11] 	 34.440	  Magnt	     --	     --	     --	  2.991
[component_container-11] 
[component_container-11] 	 34.470	   Pose	 -0.080	  1.038	  4.960	  3.019
[component_container-11] 	 34.470	  Twist	 -0.503	 -0.232	 -0.038	 -0.277
[component_container-11] 	 34.470	ErrPose	  1.100	  1.737	  0.031	 -0.001
[component_container-11] 	 34.470	ErrTwis	  0.102	 -0.689	  0.064	 -0.003
[component_container-11] 	 34.470	    GPS	  0.534	  2.168	  4.985	     --
[component_container-11] 	 34.470	   Baro	     --	     --	  4.734	     --
[component_container-11] 	 34.470	  BBias	     --	     --	 -0.300	     --
[component_container-11] 	 34.470	  Sonar	     --	     --	    inf	     --
[component_container-11] 	 34.470	  Magnt	     --	     --	     --	  3.007
[component_container-11] 
[component_container-11] 	 34.500	   Pose	 -0.095	  1.030	  4.959	  3.010
[component_container-11] 	 34.500	  Twist	 -0.507	 -0.238	 -0.039	 -0.279
[component_container-11] 	 34.500	ErrPose	  1.135	  1.779	  0.033	 -0.003
[component_container-11] 	 34.500	ErrTwis	  0.117	 -0.684	  0.064	 -0.001
[component_container-11] 	 34.500	    GPS	  0.534	  2.168	  4.985	     --
[component_container-11] 	 34.500	   Baro	     --	     --	  4.734	     --
[component_container-11] 	 34.500	  BBias	     --	     --	 -0.300	     --
[component_container-11] 	 34.500	  Sonar	     --	     --	    inf	     --
[component_container-11] 	 34.500	  Magnt	     --	     --	     --	  3.007
[component_container-11] 
[component_container-11] 	 34.540	   Pose	  0.140	  1.493	  4.964	  3.000
[component_container-11] 	 34.540	  Twist	 -0.425	 -0.084	 -0.032	 -0.276
[component_container-11] 	 34.540	ErrPose	  0.920	  1.351	  0.029	 -0.004
[component_container-11] 	 34.540	ErrTwis	  0.047	 -0.839	  0.060	 -0.003
[component_container-11] 	 34.540	    GPS	  0.764	  2.626	  4.992	     --
[component_container-11] 	 34.540	   Baro	     --	     --	  4.678	     --
[component_container-11] 	 34.540	  BBias	     --	     --	 -0.300	     --
[component_container-11] 	 34.540	  Sonar	     --	     --	    inf	     --
[component_container-11] 	 34.540	  Magnt	     --	     --	     --	  3.035
[component_container-11] 
[component_container-11] 	 34.570	   Pose	  0.127	  1.490	  4.963	  2.992
[component_container-11] 	 34.570	  Twist	 -0.428	 -0.088	 -0.034	 -0.275
[component_container-11] 	 34.570	ErrPose	  0.943	  1.371	  0.031	 -0.001
[component_container-11] 	 34.570	ErrTwis	  0.056	 -0.835	  0.062	 -0.004
[component_container-11] 	 34.570	    GPS	  0.764	  2.626	  4.992	     --
[component_container-11] 	 34.570	   Baro	     --	     --	  4.651	     --
[component_container-11] 	 34.570	  BBias	     --	     --	 -0.301	     --
[component_container-11] 	 34.570	  Sonar	     --	     --	    inf	     --
[component_container-11] 	 34.570	  Magnt	     --	     --	     --	  3.008
[component_container-11] 
[component_container-11] 	 34.600	   Pose	  0.114	  1.487	  4.962	  2.983
[component_container-11] 	 34.600	  Twist	 -0.432	 -0.094	 -0.033	 -0.290
[component_container-11] 	 34.600	ErrPose	  0.975	  1.408	  0.033	 -0.004
[component_container-11] 	 34.600	ErrTwis	  0.070	 -0.830	  0.062	  0.010
[component_container-11] 	 34.600	    GPS	  0.764	  2.626	  4.992	     --
[component_container-11] 	 34.600	   Baro	     --	     --	  4.651	     --
[component_container-11] 	 34.600	  BBias	     --	     --	 -0.301	     --
[component_container-11] 	 34.600	  Sonar	     --	     --	    inf	     --
[component_container-11] 	 34.600	  Magnt	     --	     --	     --	  3.008
[component_container-11] 
[component_container-11] 	 34.640	   Pose	  0.097	  1.484	  4.959	  2.971
[component_container-11] 	 34.640	  Twist	 -0.437	 -0.100	 -0.036	 -0.287
[component_container-11] 	 34.640	ErrPose	  1.012	  1.446	  0.037	 -0.003
[component_container-11] 	 34.640	ErrTwis	  0.088	 -0.824	  0.066	  0.007
[component_container-11] 	 34.640	    GPS	  0.764	  2.626	  4.992	     --
[component_container-11] 	 34.640	   Baro	     --	     --	  4.644	     --
[component_container-11] 	 34.640	  BBias	     --	     --	 -0.301	     --
[component_container-11] 	 34.640	  Sonar	     --	     --	    inf	     --
[component_container-11] 	 34.640	  Magnt	     --	     --	     --	  2.939
[component_container-11] 
[component_container-11] 	 34.670	   Pose	  0.084	  1.480	  4.973	  2.963
[component_container-11] 	 34.670	  Twist	 -0.441	 -0.105	 -0.020	 -0.286
[component_container-11] 	 34.670	ErrPose	  1.035	  1.466	  0.023	 -0.000
[component_container-11] 	 34.670	ErrTwis	  0.098	 -0.820	  0.051	  0.007
[component_container-11] 	 34.670	    GPS	  0.764	  2.626	  4.992	     --
[component_container-11] 	 34.670	   Baro	     --	     --	  4.847	     --
[component_container-11] 	 34.670	  BBias	     --	     --	 -0.300	     --
[component_container-11] 	 34.670	  Sonar	     --	     --	    inf	     --
[component_container-11] 	 34.670	  Magnt	     --	     --	     --	  2.957
[component_container-11] 
[component_container-11] 	 34.700	   Pose	  0.070	  1.477	  4.973	  2.955
[component_container-11] 	 34.700	  Twist	 -0.444	 -0.110	 -0.022	 -0.275
[component_container-11] 	 34.700	ErrPose	  1.068	  1.503	  0.025	 -0.003
[component_container-11] 	 34.700	ErrTwis	  0.114	 -0.816	  0.054	 -0.005
[component_container-11] 	 34.700	    GPS	  0.764	  2.626	  4.992	     --
[component_container-11] 	 34.700	   Baro	     --	     --	  4.847	     --
[component_container-11] 	 34.700	  BBias	     --	     --	 -0.300	     --
[component_container-11] 	 34.700	  Sonar	     --	     --	    inf	     --
[component_container-11] 	 34.700	  Magnt	     --	     --	     --	  2.957
[component_container-11] 
[component_container-11] 	 34.740	   Pose	  0.052	  1.473	  4.971	  2.943
[component_container-11] 	 34.740	  Twist	 -0.449	 -0.116	 -0.024	 -0.284
[component_container-11] 	 34.740	ErrPose	  1.105	  1.541	  0.028	 -0.003
[component_container-11] 	 34.740	ErrTwis	  0.131	 -0.810	  0.057	  0.004
[component_container-11] 	 34.740	    GPS	  0.764	  2.626	  4.992	     --
[component_container-11] 	 34.740	   Baro	     --	     --	  4.660	     --
[component_container-11] 	 34.740	  BBias	     --	     --	 -0.300	     --
[component_container-11] 	 34.740	  Sonar	     --	     --	    inf	     --
[component_container-11] 	 34.740	  Magnt	     --	     --	     --	  2.965
[component_container-11] 
[component_container-11] 	 34.770	   Pose	  0.039	  1.469	  4.986	  2.935
[component_container-11] 	 34.770	  Twist	 -0.453	 -0.120	 -0.008	 -0.284
[component_container-11] 	 34.770	ErrPose	  1.128	  1.562	  0.013	 -0.001
[component_container-11] 	 34.770	ErrTwis	  0.142	 -0.806	  0.042	  0.004
[component_container-11] 	 34.770	    GPS	  0.764	  2.626	  4.992	     --
[component_container-11] 	 34.770	   Baro	     --	     --	  4.862	     --
[component_container-11] 	 34.770	  BBias	     --	     --	 -0.300	     --
[component_container-11] 	 34.770	  Sonar	     --	     --	    inf	     --
[component_container-11] 	 34.770	  Magnt	     --	     --	     --	  2.954
[component_container-11] 
[component_container-11] 	 34.800	   Pose	  0.025	  1.466	  4.986	  2.927
[component_container-11] 	 34.800	  Twist	 -0.457	 -0.124	 -0.010	 -0.278
[component_container-11] 	 34.800	ErrPose	  1.161	  1.599	  0.014	 -0.003
[component_container-11] 	 34.800	ErrTwis	  0.160	 -0.803	  0.044	 -0.002
[component_container-11] 	 34.800	    GPS	  0.764	  2.626	  4.992	     --
[component_container-11] 	 34.800	   Baro	     --	     --	  4.862	     --
[component_container-11] 	 34.800	  BBias	     --	     --	 -0.300	     --
[component_container-11] 	 34.800	  Sonar	     --	     --	    inf	     --
[component_container-11] 	 34.800	  Magnt	     --	     --	     --	  2.954
[component_container-11] 
[component_container-11] 	 34.840	   Pose	  0.007	  1.460	  4.995	  2.915
[component_container-11] 	 34.840	  Twist	 -0.461	 -0.131	 -0.002	 -0.275
[component_container-11] 	 34.840	ErrPose	  1.198	  1.638	  0.007	 -0.003
[component_container-11] 	 34.840	ErrTwis	  0.178	 -0.797	  0.037	 -0.004
[component_container-11] 	 34.840	    GPS	  0.764	  2.626	  4.992	     --
[component_container-11] 	 34.840	   Baro	     --	     --	  4.793	     --
[component_container-11] 	 34.840	  BBias	     --	     --	 -0.300	     --
[component_container-11] 	 34.840	  Sonar	     --	     --	    inf	     --
[component_container-11] 	 34.840	  Magnt	     --	     --	     --	  2.912
[component_container-11] 
[component_container-11] 	 34.870	   Pose	 -0.007	  1.456	  4.997	  2.908
[component_container-11] 	 34.870	  Twist	 -0.465	 -0.136	 -0.001	 -0.273
[component_container-11] 	 34.870	ErrPose	  1.222	  1.659	  0.005	 -0.001
[component_container-11] 	 34.870	ErrTwis	  0.189	 -0.792	  0.036	 -0.007
[component_container-11] 	 34.870	    GPS	  0.764	  2.626	  4.992	     --
[component_container-11] 	 34.870	   Baro	     --	     --	  4.718	     --
[component_container-11] 	 34.870	  BBias	     --	     --	 -0.300	     --
[component_container-11] 	 34.870	  Sonar	     --	     --	    inf	     --
[component_container-11] 	 34.870	  Magnt	     --	     --	     --	  2.929
[component_container-11] 
[component_container-11] 	 34.900	   Pose	 -0.021	  1.452	  4.997	  2.900
[component_container-11] 	 34.900	  Twist	 -0.468	 -0.139	 -0.002	 -0.276
[component_container-11] 	 34.900	ErrPose	  1.254	  1.697	  0.006	 -0.004
[component_container-11] 	 34.900	ErrTwis	  0.206	 -0.789	  0.037	 -0.004
[component_container-11] 	 34.900	    GPS	  0.764	  2.626	  4.992	     --
[component_container-11] 	 34.900	   Baro	     --	     --	  4.718	     --
[component_container-11] 	 34.900	  BBias	     --	     --	 -0.300	     --
[component_container-11] 	 34.900	  Sonar	     --	     --	    inf	     --
[component_container-11] 	 34.900	  Magnt	     --	     --	     --	  2.929
[component_container-11] 
[component_container-11] 	 34.940	   Pose	 -0.040	  1.447	  5.002	  2.888
[component_container-11] 	 34.940	  Twist	 -0.473	 -0.146	 -0.001	 -0.277
[component_container-11] 	 34.940	ErrPose	  1.291	  1.736	  0.003	 -0.004
[component_container-11] 	 34.940	ErrTwis	  0.226	 -0.783	  0.035	 -0.002
[component_container-11] 	 34.940	    GPS	  0.764	  2.626	  4.992	     --
[component_container-11] 	 34.940	   Baro	     --	     --	  4.752	     --
[component_container-11] 	 34.940	  BBias	     --	     --	 -0.300	     --
[component_container-11] 	 34.940	  Sonar	     --	     --	    inf	     --
[component_container-11] 	 34.940	  Magnt	     --	     --	     --	  2.872
[component_container-11] 
[component_container-11] 	 34.970	   Pose	 -0.054	  1.442	  4.994	  2.879
[component_container-11] 	 34.970	  Twist	 -0.477	 -0.150	 -0.010	 -0.281
[component_container-11] 	 34.970	ErrPose	  1.315	  1.757	  0.011	 -0.001
[component_container-11] 	 34.970	ErrTwis	  0.237	 -0.779	  0.044	  0.001
[component_container-11] 	 34.970	    GPS	  0.764	  2.626	  4.992	     --
[component_container-11] 	 34.970	   Baro	     --	     --	  4.618	     --
[component_container-11] 	 34.970	  BBias	     --	     --	 -0.300	     --
[component_container-11] 	 34.970	  Sonar	     --	     --	    inf	     --
[component_container-11] 	 34.970	  Magnt	     --	     --	     --	  2.860
[component_container-11] 
[component_container-11] [INFO] [1775320714.611132924] [drone.controller]: cmd_vel body=(-0.145, -0.989, 0.004) yaw=-0.300 | odom_received=true | plan_points=28
[component_container-11] 	 35.000	   Pose	 -0.068	  1.438	  4.994	  2.871
[component_container-11] 	 35.000	  Twist	 -0.480	 -0.155	 -0.013	 -0.278
[component_container-11] 	 35.000	ErrPose	  1.347	  1.796	  0.012	 -0.003
[component_container-11] 	 35.000	ErrTwis	  0.255	 -0.774	  0.047	 -0.001
[component_container-11] 	 35.000	    GPS	  0.764	  2.626	  4.992	     --
[component_container-11] 	 35.000	   Baro	     --	     --	  4.618	     --
[component_container-11] 	 35.000	  BBias	     --	     --	 -0.300	     --
[component_container-11] 	 35.000	  Sonar	     --	     --	    inf	     --
[component_container-11] 	 35.000	  Magnt	     --	     --	     --	  2.860
[component_container-11] 
[component_container-11] [INFO] [1775320714.611592517] [drone.estimator]: TMP LOG err_xyz=(1.347, 1.796, 0.012) | z_est=4.994 vz_est=-0.013 bias=-0.300 | gps_z=4.992 sonar=inf baro=4.618
[component_container-11] 	 35.040	   Pose	  0.264	  1.924	  4.998	  2.860
[component_container-11] 	 35.040	  Twist	 -0.365	  0.006	 -0.010	 -0.258
[component_container-11] 	 35.040	ErrPose	  1.033	  1.343	  0.009	 -0.003
[component_container-11] 	 35.040	ErrTwis	  0.154	 -0.935	  0.043	 -0.022
[component_container-11] 	 35.040	    GPS	  1.117	  3.104	  5.006	     --
[component_container-11] 	 35.040	   Baro	     --	     --	  4.733	     --
[component_container-11] 	 35.040	  BBias	     --	     --	 -0.300	     --
[component_container-11] 	 35.040	  Sonar	     --	     --	    inf	     --
[component_container-11] 	 35.040	  Magnt	     --	     --	     --	  2.849
[component_container-11] 
[component_container-11] 	 35.070	   Pose	  0.253	  1.924	  4.994	  2.851
[component_container-11] 	 35.070	  Twist	 -0.369	  0.001	 -0.016	 -0.275
[component_container-11] 	 35.070	ErrPose	  1.053	  1.359	  0.014	 -0.000
[component_container-11] 	 35.070	ErrTwis	  0.165	 -0.930	  0.049	 -0.004
[component_container-11] 	 35.070	    GPS	  1.117	  3.104	  5.006	     --
[component_container-11] 	 35.070	   Baro	     --	     --	  4.647	     --
[component_container-11] 	 35.070	  BBias	     --	     --	 -0.300	     --
[component_container-11] 	 35.070	  Sonar	     --	     --	    inf	     --
[component_container-11] 	 35.070	  Magnt	     --	     --	     --	  2.846
[component_container-11] 
[component_container-11] 	 35.100	   Pose	  0.242	  1.924	  4.994	  2.843
[component_container-11] 	 35.100	  Twist	 -0.373	 -0.003	 -0.017	 -0.279
[component_container-11] 	 35.100	ErrPose	  1.082	  1.393	  0.015	 -0.003
[component_container-11] 	 35.100	ErrTwis	  0.184	 -0.926	  0.050	 -0.001
[component_container-11] 	 35.100	    GPS	  1.117	  3.104	  5.006	     --
[component_container-11] 	 35.100	   Baro	     --	     --	  4.647	     --
[component_container-11] 	 35.100	  BBias	     --	     --	 -0.300	     --
[component_container-11] 	 35.100	  Sonar	     --	     --	    inf	     --
[component_container-11] 	 35.100	  Magnt	     --	     --	     --	  2.846
[component_container-11] 
[component_container-11] 	 35.140	   Pose	  0.227	  1.924	  4.989	  2.831
[component_container-11] 	 35.140	  Twist	 -0.377	 -0.010	 -0.024	 -0.266
[component_container-11] 	 35.140	ErrPose	  1.114	  1.427	  0.021	 -0.002
[component_container-11] 	 35.140	ErrTwis	  0.204	 -0.919	  0.057	 -0.014
[component_container-11] 	 35.140	    GPS	  1.117	  3.104	  5.006	     --
[component_container-11] 	 35.140	   Baro	     --	     --	  4.652	     --
[component_container-11] 	 35.140	  BBias	     --	     --	 -0.300	     --
[component_container-11] 	 35.140	  Sonar	     --	     --	    inf	     --
[component_container-11] 	 35.140	  Magnt	     --	     --	     --	  2.785
[component_container-11] 
[component_container-11] 	 35.170	   Pose	  0.215	  1.923	  5.002	  2.822
[component_container-11] 	 35.170	  Twist	 -0.381	 -0.015	 -0.011	 -0.275
[component_container-11] 	 35.170	ErrPose	  1.134	  1.444	  0.008	  0.001
[component_container-11] 	 35.170	ErrTwis	  0.215	 -0.914	  0.044	 -0.005
[component_container-11] 	 35.170	    GPS	  1.117	  3.104	  5.006	     --
[component_container-11] 	 35.170	   Baro	     --	     --	  4.854	     --
[component_container-11] 	 35.170	  BBias	     --	     --	 -0.300	     --
[component_container-11] 	 35.170	  Sonar	     --	     --	    inf	     --
[component_container-11] 	 35.170	  Magnt	     --	     --	     --	  2.800
[component_container-11] 
[component_container-11] 	 35.200	   Pose	  0.204	  1.923	  5.002	  2.814
[component_container-11] 	 35.200	  Twist	 -0.384	 -0.019	 -0.013	 -0.256
[component_container-11] 	 35.200	ErrPose	  1.163	  1.477	  0.010	 -0.002
[component_container-11] 	 35.200	ErrTwis	  0.233	 -0.909	  0.046	 -0.024
[component_container-11] 	 35.200	    GPS	  1.117	  3.104	  5.006	     --
[component_container-11] 	 35.200	   Baro	     --	     --	  4.854	     --
[component_container-11] 	 35.200	  BBias	     --	     --	 -0.300	     --
[component_container-11] 	 35.200	  Sonar	     --	     --	    inf	     --
[component_container-11] 	 35.200	  Magnt	     --	     --	     --	  2.800
[component_container-11] 
[component_container-11] 	 35.240	   Pose	  0.188	  1.922	  4.994	  2.803
[component_container-11] 	 35.240	  Twist	 -0.389	 -0.025	 -0.022	 -0.284
[component_container-11] 	 35.240	ErrPose	  1.195	  1.512	  0.019	 -0.003
[component_container-11] 	 35.240	ErrTwis	  0.254	 -0.903	  0.056	  0.005
[component_container-11] 	 35.240	    GPS	  1.117	  3.104	  5.006	     --
[component_container-11] 	 35.240	   Baro	     --	     --	  4.611	     --
[component_container-11] 	 35.240	  BBias	     --	     --	 -0.300	     --
[component_container-11] 	 35.240	  Sonar	     --	     --	    inf	     --
[component_container-11] 	 35.240	  Magnt	     --	     --	     --	  2.814
[component_container-11] 
[component_container-11] 	 35.270	   Pose	  0.177	  1.921	  4.996	  2.795
[component_container-11] 	 35.270	  Twist	 -0.392	 -0.030	 -0.021	 -0.278
[component_container-11] 	 35.270	ErrPose	  1.216	  1.529	  0.017	 -0.000
[component_container-11] 	 35.270	ErrTwis	  0.265	 -0.898	  0.055	 -0.001
[component_container-11] 	 35.270	    GPS	  1.117	  3.104	  5.006	     --
[component_container-11] 	 35.270	   Baro	     --	     --	  4.729	     --
[component_container-11] 	 35.270	  BBias	     --	     --	 -0.300	     --
[component_container-11] 	 35.270	  Sonar	     --	     --	    inf	     --
[component_container-11] 	 35.270	  Magnt	     --	     --	     --	  2.817
[component_container-11] 
[component_container-11] 	 35.300	   Pose	  0.165	  1.920	  4.995	  2.787
[component_container-11] 	 35.300	  Twist	 -0.396	 -0.035	 -0.023	 -0.272
[component_container-11] 	 35.300	ErrPose	  1.244	  1.564	  0.019	 -0.003
[component_container-11] 	 35.300	ErrTwis	  0.284	 -0.892	  0.058	 -0.007
[component_container-11] 	 35.300	    GPS	  1.117	  3.104	  5.006	     --
[component_container-11] 	 35.300	   Baro	     --	     --	  4.729	     --
[component_container-11] 	 35.300	  BBias	     --	     --	 -0.300	     --
[component_container-11] 	 35.300	  Sonar	     --	     --	    inf	     --
[component_container-11] 	 35.300	  Magnt	     --	     --	     --	  2.817
[component_container-11] 
[component_container-11] 	 35.340	   Pose	  0.149	  1.919	  4.987	  2.775
[component_container-11] 	 35.340	  Twist	 -0.400	 -0.041	 -0.033	 -0.275
[component_container-11] 	 35.340	ErrPose	  1.276	  1.599	  0.028	 -0.003
[component_container-11] 	 35.340	ErrTwis	  0.304	 -0.886	  0.068	 -0.005
[component_container-11] 	 35.340	    GPS	  1.117	  3.104	  5.006	     --
[component_container-11] 	 35.340	   Baro	     --	     --	  4.611	     --
[component_container-11] 	 35.340	  BBias	     --	     --	 -0.300	     --
[component_container-11] 	 35.340	  Sonar	     --	     --	    inf	     --
[component_container-11] 	 35.340	  Magnt	     --	     --	     --	  2.765
[component_container-11] 
[component_container-11] 	 35.370	   Pose	  0.137	  1.917	  4.989	  2.767
[component_container-11] 	 35.370	  Twist	 -0.405	 -0.046	 -0.031	 -0.289
[component_container-11] 	 35.370	ErrPose	  1.296	  1.617	  0.027	 -0.001
[component_container-11] 	 35.370	ErrTwis	  0.316	 -0.881	  0.066	  0.009
[component_container-11] 	 35.370	    GPS	  1.117	  3.104	  5.006	     --
[component_container-11] 	 35.370	   Baro	     --	     --	  4.725	     --
[component_container-11] 	 35.370	  BBias	     --	     --	 -0.300	     --
[component_container-11] 	 35.370	  Sonar	     --	     --	    inf	     --
[component_container-11] 	 35.370	  Magnt	     --	     --	     --	  2.789
[component_container-11] 
[component_container-11] 	 35.400	   Pose	  0.125	  1.916	  4.988	  2.759
[component_container-11] 	 35.400	  Twist	 -0.408	 -0.051	 -0.032	 -0.282
[component_container-11] 	 35.400	ErrPose	  1.325	  1.652	  0.029	 -0.003
[component_container-11] 	 35.400	ErrTwis	  0.336	 -0.875	  0.068	  0.002
[component_container-11] 	 35.400	    GPS	  1.117	  3.104	  5.006	     --
[component_container-11] 	 35.400	   Baro	     --	     --	  4.725	     --
[component_container-11] 	 35.400	  BBias	     --	     --	 -0.300	     --
[component_container-11] 	 35.400	  Sonar	     --	     --	    inf	     --
[component_container-11] 	 35.400	  Magnt	     --	     --	     --	  2.789
[component_container-11] 
[component_container-11] 	 35.440	   Pose	  0.108	  1.914	  4.992	  2.748
[component_container-11] 	 35.440	  Twist	 -0.411	 -0.057	 -0.029	 -0.277
[component_container-11] 	 35.440	ErrPose	  1.357	  1.687	  0.026	 -0.003
[component_container-11] 	 35.440	ErrTwis	  0.355	 -0.868	  0.065	 -0.003
[component_container-11] 	 35.440	    GPS	  1.117	  3.104	  5.006	     --
[component_container-11] 	 35.440	   Baro	     --	     --	  4.743	     --
[component_container-11] 	 35.440	  BBias	     --	     --	 -0.300	     --
[component_container-11] 	 35.440	  Sonar	     --	     --	    inf	     --
[component_container-11] 	 35.440	  Magnt	     --	     --	     --	  2.747
[component_container-11] 
[component_container-11] 	 35.470	   Pose	  0.096	  1.912	  4.994	  2.739
[component_container-11] 	 35.470	  Twist	 -0.415	 -0.061	 -0.028	 -0.284
[component_container-11] 	 35.470	ErrPose	  1.377	  1.706	  0.025	 -0.000
[component_container-11] 	 35.470	ErrTwis	  0.366	 -0.863	  0.064	  0.004
[component_container-11] 	 35.470	    GPS	  1.117	  3.104	  5.006	     --
[component_container-11] 	 35.470	   Baro	     --	     --	  4.721	     --
[component_container-11] 	 35.470	  BBias	     --	     --	 -0.300	     --
[component_container-11] 	 35.470	  Sonar	     --	     --	    inf	     --
[component_container-11] 	 35.470	  Magnt	     --	     --	     --	  2.731
[component_container-11] 
[component_container-11] 	 35.500	   Pose	  0.083	  1.910	  4.993	  2.731
[component_container-11] 	 35.500	  Twist	 -0.419	 -0.066	 -0.030	 -0.255
[component_container-11] 	 35.500	ErrPose	  1.405	  1.741	  0.027	 -0.003
[component_container-11] 	 35.500	ErrTwis	  0.386	 -0.858	  0.067	 -0.024
[component_container-11] 	 35.500	    GPS	  1.117	  3.104	  5.006	     --
[component_container-11] 	 35.500	   Baro	     --	     --	  4.721	     --
[component_container-11] 	 35.500	  BBias	     --	     --	 -0.300	     --
[component_container-11] 	 35.500	  Sonar	     --	     --	    inf	     --
[component_container-11] 	 35.500	  Magnt	     --	     --	     --	  2.731
[component_container-11] 
[component_container-11] 	 35.540	   Pose	  0.422	  2.348	  4.996	  2.720
[component_container-11] 	 35.540	  Twist	 -0.303	  0.078	 -0.027	 -0.297
[component_container-11] 	 35.540	ErrPose	  1.082	  1.337	  0.025	 -0.004
[component_container-11] 	 35.540	ErrTwis	  0.286	 -1.001	  0.065	  0.017
[component_container-11] 	 35.540	    GPS	  1.282	  3.400	  5.020	     --
[component_container-11] 	 35.540	   Baro	     --	     --	  4.690	     --
[component_container-11] 	 35.540	  BBias	     --	     --	 -0.300	     --
[component_container-11] 	 35.540	  Sonar	     --	     --	    inf	     --
[component_container-11] 	 35.540	  Magnt	     --	     --	     --	  2.760
[component_container-11] 
[component_container-11] 	 35.570	   Pose	  0.413	  2.350	  4.993	  2.712
[component_container-11] 	 35.570	  Twist	 -0.306	  0.073	 -0.032	 -0.269
[component_container-11] 	 35.570	ErrPose	  1.098	  1.352	  0.029	 -0.001
[component_container-11] 	 35.570	ErrTwis	  0.297	 -0.996	  0.070	 -0.010
[component_container-11] 	 35.570	    GPS	  1.282	  3.400	  5.020	     --
[component_container-11] 	 35.570	   Baro	     --	     --	  4.668	     --
[component_container-11] 	 35.570	  BBias	     --	     --	 -0.300	     --
[component_container-11] 	 35.570	  Sonar	     --	     --	    inf	     --
[component_container-11] 	 35.570	  Magnt	     --	     --	     --	  2.708
[component_container-11] 
[component_container-11] 	 35.600	   Pose	  0.403	  2.352	  4.992	  2.704
[component_container-11] 	 35.600	  Twist	 -0.310	  0.068	 -0.032	 -0.278
[component_container-11] 	 35.600	ErrPose	  1.123	  1.384	  0.031	 -0.004
[component_container-11] 	 35.600	ErrTwis	  0.316	 -0.990	  0.071	 -0.002
[component_container-11] 	 35.600	    GPS	  1.282	  3.400	  5.020	     --
[component_container-11] 	 35.600	   Baro	     --	     --	  4.668	     --
[component_container-11] 	 35.600	  BBias	     --	     --	 -0.300	     --
[component_container-11] 	 35.600	  Sonar	     --	     --	    inf	     --
[component_container-11] 	 35.600	  Magnt	     --	     --	     --	  2.708
[component_container-11] 
[component_container-11] 	 35.640	   Pose	  0.391	  2.355	  5.002	  2.692
[component_container-11] 	 35.640	  Twist	 -0.314	  0.061	 -0.023	 -0.278
[component_container-11] 	 35.640	ErrPose	  1.150	  1.415	  0.022	 -0.004
[component_container-11] 	 35.640	ErrTwis	  0.335	 -0.982	  0.061	 -0.002
[component_container-11] 	 35.640	    GPS	  1.282	  3.400	  5.020	     --
[component_container-11] 	 35.640	   Baro	     --	     --	  4.831	     --
[component_container-11] 	 35.640	  BBias	     --	     --	 -0.300	     --
[component_container-11] 	 35.640	  Sonar	     --	     --	    inf	     --
[component_container-11] 	 35.640	  Magnt	     --	     --	     --	  2.706
[component_container-11] 
[component_container-11] 	 35.670	   Pose	  0.382	  2.356	  5.001	  2.684
[component_container-11] 	 35.670	  Twist	 -0.317	  0.057	 -0.025	 -0.273
[component_container-11] 	 35.670	ErrPose	  1.167	  1.430	  0.023	 -0.001
[component_container-11] 	 35.670	ErrTwis	  0.346	 -0.977	  0.063	 -0.007
[component_container-11] 	 35.670	    GPS	  1.282	  3.400	  5.020	     --
[component_container-11] 	 35.670	   Baro	     --	     --	  4.697	     --
[component_container-11] 	 35.670	  BBias	     --	     --	 -0.300	     --
[component_container-11] 	 35.670	  Sonar	     --	     --	    inf	     --
[component_container-11] 	 35.670	  Magnt	     --	     --	     --	  2.674
[component_container-11] 
[component_container-11] 	 35.700	   Pose	  0.372	  2.358	  5.000	  2.676
[component_container-11] 	 35.700	  Twist	 -0.320	  0.053	 -0.027	 -0.268
[component_container-11] 	 35.700	ErrPose	  1.191	  1.462	  0.025	 -0.004
[component_container-11] 	 35.700	ErrTwis	  0.365	 -0.972	  0.064	 -0.012
[component_container-11] 	 35.700	    GPS	  1.282	  3.400	  5.020	     --
[component_container-11] 	 35.700	   Baro	     --	     --	  4.697	     --
[component_container-11] 	 35.700	  BBias	     --	     --	 -0.300	     --
[component_container-11] 	 35.700	  Sonar	     --	     --	    inf	     --
[component_container-11] 	 35.700	  Magnt	     --	     --	     --	  2.674
[component_container-11] 
[component_container-11] 	 35.740	   Pose	  0.359	  2.360	  5.008	  2.665
[component_container-11] 	 35.740	  Twist	 -0.324	  0.047	 -0.020	 -0.278
[component_container-11] 	 35.740	ErrPose	  1.218	  1.494	  0.018	 -0.004
[component_container-11] 	 35.740	ErrTwis	  0.384	 -0.964	  0.057	 -0.002
[component_container-11] 	 35.740	    GPS	  1.282	  3.400	  5.020	     --
[component_container-11] 	 35.740	   Baro	     --	     --	  4.807	     --
[component_container-11] 	 35.740	  BBias	     --	     --	 -0.300	     --
[component_container-11] 	 35.740	  Sonar	     --	     --	    inf	     --
[component_container-11] 	 35.740	  Magnt	     --	     --	     --	  2.667
[component_container-11] 
[component_container-11] 	 35.770	   Pose	  0.349	  2.361	  5.015	  2.656
[component_container-11] 	 35.770	  Twist	 -0.328	  0.042	 -0.014	 -0.282
[component_container-11] 	 35.770	ErrPose	  1.235	  1.509	  0.012	 -0.001
[component_container-11] 	 35.770	ErrTwis	  0.396	 -0.959	  0.051	  0.002
[component_container-11] 	 35.770	    GPS	  1.282	  3.400	  5.020	     --
[component_container-11] 	 35.770	   Baro	     --	     --	  4.797	     --
[component_container-11] 	 35.770	  BBias	     --	     --	 -0.300	     --
[component_container-11] 	 35.770	  Sonar	     --	     --	    inf	     --
[component_container-11] 	 35.770	  Magnt	     --	     --	     --	  2.661
[component_container-11] 
[component_container-11] 	 35.800	   Pose	  0.339	  2.363	  5.015	  2.648
[component_container-11] 	 35.800	  Twist	 -0.333	  0.038	 -0.017	 -0.282
[component_container-11] 	 35.800	ErrPose	  1.258	  1.542	  0.013	 -0.004
[component_container-11] 	 35.800	ErrTwis	  0.416	 -0.953	  0.053	  0.002
[component_container-11] 	 35.800	    GPS	  1.282	  3.400	  5.020	     --
[component_container-11] 	 35.800	   Baro	     --	     --	  4.797	     --
[component_container-11] 	 35.800	  BBias	     --	     --	 -0.300	     --
[component_container-11] 	 35.800	  Sonar	     --	     --	    inf	     --
[component_container-11] 	 35.800	  Magnt	     --	     --	     --	  2.661
[component_container-11] 
[component_container-11] 	 35.840	   Pose	  0.326	  2.364	  5.027	  2.636
[component_container-11] 	 35.840	  Twist	 -0.338	  0.033	 -0.006	 -0.274
[component_container-11] 	 35.840	ErrPose	  1.286	  1.575	  0.002	 -0.003
[component_container-11] 	 35.840	ErrTwis	  0.437	 -0.946	  0.042	 -0.006
[component_container-11] 	 35.840	    GPS	  1.282	  3.400	  5.020	     --
[component_container-11] 	 35.840	   Baro	     --	     --	  4.862	     --
[component_container-11] 	 35.840	  BBias	     --	     --	 -0.300	     --
[component_container-11] 	 35.840	  Sonar	     --	     --	    inf	     --
[component_container-11] 	 35.840	  Magnt	     --	     --	     --	  2.613
[component_container-11] 
[component_container-11] 	 35.870	   Pose	  0.316	  2.365	  5.031	  2.627
[component_container-11] 	 35.870	  Twist	 -0.340	  0.028	 -0.005	 -0.287
[component_container-11] 	 35.870	ErrPose	  1.303	  1.591	 -0.002	  0.000
[component_container-11] 	 35.870	ErrTwis	  0.447	 -0.940	  0.040	  0.007
[component_container-11] 	 35.870	    GPS	  1.282	  3.400	  5.020	     --
[component_container-11] 	 35.870	   Baro	     --	     --	  4.777	     --
[component_container-11] 	 35.870	  BBias	     --	     --	 -0.300	     --
[component_container-11] 	 35.870	  Sonar	     --	     --	    inf	     --
[component_container-11] 	 35.870	  Magnt	     --	     --	     --	  2.604
[component_container-11] 
[component_container-11] 	 35.900	   Pose	  0.306	  2.366	  5.031	  2.619
[component_container-11] 	 35.900	  Twist	 -0.343	  0.024	 -0.007	 -0.277
[component_container-11] 	 35.900	ErrPose	  1.326	  1.624	 -0.001	 -0.003
[component_container-11] 	 35.900	ErrTwis	  0.464	 -0.933	  0.042	 -0.003
[component_container-11] 	 35.900	    GPS	  1.282	  3.400	  5.020	     --
[component_container-11] 	 35.900	   Baro	     --	     --	  4.777	     --
[component_container-11] 	 35.900	  BBias	     --	     --	 -0.300	     --
[component_container-11] 	 35.900	  Sonar	     --	     --	    inf	     --
[component_container-11] 	 35.900	  Magnt	     --	     --	     --	  2.604
[component_container-11] 
[component_container-11] 	 35.940	   Pose	  0.292	  2.366	  5.020	  2.607
[component_container-11] 	 35.940	  Twist	 -0.347	  0.018	 -0.021	 -0.292
[component_container-11] 	 35.940	ErrPose	  1.353	  1.658	  0.011	 -0.003
[component_container-11] 	 35.940	ErrTwis	  0.484	 -0.926	  0.055	  0.013
[component_container-11] 	 35.940	    GPS	  1.282	  3.400	  5.020	     --
[component_container-11] 	 35.940	   Baro	     --	     --	  4.618	     --
[component_container-11] 	 35.940	  BBias	     --	     --	 -0.300	     --
[component_container-11] 	 35.940	  Sonar	     --	     --	    inf	     --
[component_container-11] 	 35.940	  Magnt	     --	     --	     --	  2.600
[component_container-11] 
[component_container-11] 	 35.970	   Pose	  0.281	  2.367	  5.027	  2.598
[component_container-11] 	 35.970	  Twist	 -0.351	  0.015	 -0.016	 -0.270
[component_container-11] 	 35.970	ErrPose	  1.371	  1.675	  0.005	  0.001
[component_container-11] 	 35.970	ErrTwis	  0.495	 -0.922	  0.050	 -0.010
[component_container-11] 	 35.970	    GPS	  1.282	  3.400	  5.020	     --
[component_container-11] 	 35.970	   Baro	     --	     --	  4.799	     --
[component_container-11] 	 35.970	  BBias	     --	     --	 -0.300	     --
[component_container-11] 	 35.970	  Sonar	     --	     --	    inf	     --
[component_container-11] 	 35.970	  Magnt	     --	     --	     --	  2.559
[component_container-11] 
[component_container-11] [INFO] [1775320715.616125630] [drone.controller]: cmd_vel body=(0.115, -0.993, -0.013) yaw=-0.300 | odom_received=true | plan_points=18
[component_container-11] 	 36.000	   Pose	  0.271	  2.367	  5.026	  2.590
[component_container-11] 	 36.000	  Twist	 -0.354	  0.010	 -0.020	 -0.278
[component_container-11] 	 36.000	ErrPose	  1.394	  1.709	  0.006	 -0.002
[component_container-11] 	 36.000	ErrTwis	  0.513	 -0.915	  0.051	 -0.001
[component_container-11] 	 36.000	    GPS	  1.282	  3.400	  5.020	     --
[component_container-11] 	 36.000	   Baro	     --	     --	  4.799	     --
[component_container-11] 	 36.000	  BBias	     --	     --	 -0.300	     --
[component_container-11] 	 36.000	  Sonar	     --	     --	    inf	     --
[component_container-11] 	 36.000	  Magnt	     --	     --	     --	  2.559
[component_container-11] 
[component_container-11] [INFO] [1775320715.616592990] [drone.estimator]: TMP LOG err_xyz=(1.394, 1.709, 0.006) | z_est=5.026 vz_est=-0.020 bias=-0.300 | gps_z=5.020 sonar=inf baro=4.799
[component_container-11] 	 36.040	   Pose	  0.594	  2.871	  5.021	  2.578
[component_container-11] 	 36.040	  Twist	 -0.243	  0.175	 -0.027	 -0.286
[component_container-11] 	 36.040	ErrPose	  1.084	  1.240	  0.012	 -0.002
[component_container-11] 	 36.040	ErrTwis	  0.417	 -1.078	  0.058	  0.006
[component_container-11] 	 36.040	    GPS	  1.411	  4.071	  5.032	     --
[component_container-11] 	 36.040	   Baro	     --	     --	  4.656	     --
[component_container-11] 	 36.040	  BBias	     --	     --	 -0.300	     --
[component_container-11] 	 36.040	  Sonar	     --	     --	    inf	     --
[component_container-11] 	 36.040	  Magnt	     --	     --	     --	  2.576
[component_container-11] 
[component_container-11] 	 36.070	   Pose	  0.587	  2.876	  5.024	  2.570
[component_container-11] 	 36.070	  Twist	 -0.246	  0.171	 -0.026	 -0.266
[component_container-11] 	 36.070	ErrPose	  1.097	  1.252	  0.009	  0.001
[component_container-11] 	 36.070	ErrTwis	  0.427	 -1.073	  0.056	 -0.014
[component_container-11] 	 36.070	    GPS	  1.411	  4.071	  5.032	     --
[component_container-11] 	 36.070	   Baro	     --	     --	  4.773	     --
[component_container-11] 	 36.070	  BBias	     --	     --	 -0.300	     --
[component_container-11] 	 36.070	  Sonar	     --	     --	    inf	     --
[component_container-11] 	 36.070	  Magnt	     --	     --	     --	  2.596
[component_container-11] 
[component_container-11] 	 36.100	   Pose	  0.579	  2.881	  5.023	  2.562
[component_container-11] 	 36.100	  Twist	 -0.250	  0.167	 -0.028	 -0.277
[component_container-11] 	 36.100	ErrPose	  1.118	  1.281	  0.010	 -0.002
[component_container-11] 	 36.100	ErrTwis	  0.445	 -1.067	  0.058	 -0.003
[component_container-11] 	 36.100	    GPS	  1.411	  4.071	  5.032	     --
[component_container-11] 	 36.100	   Baro	     --	     --	  4.773	     --
[component_container-11] 	 36.100	  BBias	     --	     --	 -0.300	     --
[component_container-11] 	 36.100	  Sonar	     --	     --	    inf	     --
[component_container-11] 	 36.100	  Magnt	     --	     --	     --	  2.596
[component_container-11] 
[component_container-11] 	 36.140	   Pose	  0.569	  2.887	  5.017	  2.551
[component_container-11] 	 36.140	  Twist	 -0.254	  0.161	 -0.037	 -0.281
[component_container-11] 	 36.140	ErrPose	  1.140	  1.310	  0.017	 -0.002
[component_container-11] 	 36.140	ErrTwis	  0.464	 -1.059	  0.066	  0.001
[component_container-11] 	 36.140	    GPS	  1.411	  4.071	  5.032	     --
[component_container-11] 	 36.140	   Baro	     --	     --	  4.654	     --
[component_container-11] 	 36.140	  BBias	     --	     --	 -0.300	     --
[component_container-11] 	 36.140	  Sonar	     --	     --	    inf	     --
[component_container-11] 	 36.140	  Magnt	     --	     --	     --	  2.560
[component_container-11] 
[component_container-11] 	 36.170	   Pose	  0.562	  2.892	  5.028	  2.543
[component_container-11] 	 36.170	  Twist	 -0.257	  0.157	 -0.027	 -0.268
[component_container-11] 	 36.170	ErrPose	  1.154	  1.322	  0.007	  0.000
[component_container-11] 	 36.170	ErrTwis	  0.474	 -1.054	  0.055	 -0.012
[component_container-11] 	 36.170	    GPS	  1.411	  4.071	  5.032	     --
[component_container-11] 	 36.170	   Baro	     --	     --	  4.864	     --
[component_container-11] 	 36.170	  BBias	     --	     --	 -0.300	     --
[component_container-11] 	 36.170	  Sonar	     --	     --	    inf	     --
[component_container-11] 	 36.170	  Magnt	     --	     --	     --	  2.558
[component_container-11] 
[component_container-11] 	 36.200	   Pose	  0.554	  2.897	  5.027	  2.535
[component_container-11] 	 36.200	  Twist	 -0.261	  0.153	 -0.029	 -0.272
[component_container-11] 	 36.200	ErrPose	  1.174	  1.352	  0.008	 -0.003
[component_container-11] 	 36.200	ErrTwis	  0.491	 -1.048	  0.056	 -0.008
[component_container-11] 	 36.200	    GPS	  1.411	  4.071	  5.032	     --
[component_container-11] 	 36.200	   Baro	     --	     --	  4.864	     --
[component_container-11] 	 36.200	  BBias	     --	     --	 -0.300	     --
[component_container-11] 	 36.200	  Sonar	     --	     --	    inf	     --
[component_container-11] 	 36.200	  Magnt	     --	     --	     --	  2.558
[component_container-11] 
[component_container-11] 	 36.240	   Pose	  0.543	  2.903	  5.009	  2.522
[component_container-11] 	 36.240	  Twist	 -0.265	  0.148	 -0.049	 -0.284
[component_container-11] 	 36.240	ErrPose	  1.197	  1.381	  0.026	 -0.001
[component_container-11] 	 36.240	ErrTwis	  0.510	 -1.041	  0.075	  0.004
[component_container-11] 	 36.240	    GPS	  1.411	  4.071	  5.032	     --
[component_container-11] 	 36.240	   Baro	     --	     --	  4.534	     --
[component_container-11] 	 36.240	  BBias	     --	     --	 -0.300	     --
[component_container-11] 	 36.240	  Sonar	     --	     --	    inf	     --
[component_container-11] 	 36.240	  Magnt	     --	     --	     --	  2.469
[component_container-11] 
[component_container-11] 	 36.270	   Pose	  0.535	  2.907	  5.001	  2.513
[component_container-11] 	 36.270	  Twist	 -0.269	  0.144	 -0.059	 -0.282
[component_container-11] 	 36.270	ErrPose	  1.211	  1.395	  0.035	  0.002
[component_container-11] 	 36.270	ErrTwis	  0.520	 -1.035	  0.084	  0.003
[component_container-11] 	 36.270	    GPS	  1.411	  4.071	  5.032	     --
[component_container-11] 	 36.270	   Baro	     --	     --	  4.624	     --
[component_container-11] 	 36.270	  BBias	     --	     --	 -0.300	     --
[component_container-11] 	 36.270	  Sonar	     --	     --	    inf	     --
[component_container-11] 	 36.270	  Magnt	     --	     --	     --	  2.468
[component_container-11] 
[component_container-11] 	 36.300	   Pose	  0.527	  2.912	  4.999	  2.504
[component_container-11] 	 36.300	  Twist	 -0.271	  0.139	 -0.062	 -0.278
[component_container-11] 	 36.300	ErrPose	  1.231	  1.425	  0.037	 -0.001
[component_container-11] 	 36.300	ErrTwis	  0.536	 -1.028	  0.085	 -0.002
[component_container-11] 	 36.300	    GPS	  1.411	  4.071	  5.032	     --
[component_container-11] 	 36.300	   Baro	     --	     --	  4.624	     --
[component_container-11] 	 36.300	  BBias	     --	     --	 -0.300	     --
[component_container-11] 	 36.300	  Sonar	     --	     --	    inf	     --
[component_container-11] 	 36.300	  Magnt	     --	     --	     --	  2.468
[component_container-11] 
[component_container-11] 	 36.340	   Pose	  0.516	  2.917	  4.995	  2.493
[component_container-11] 	 36.340	  Twist	 -0.276	  0.134	 -0.065	 -0.288
[component_container-11] 	 36.340	ErrPose	  1.254	  1.455	  0.041	  0.000
[component_container-11] 	 36.340	ErrTwis	  0.554	 -1.019	  0.087	  0.008
[component_container-11] 	 36.340	    GPS	  1.411	  4.071	  5.032	     --
[component_container-11] 	 36.340	   Baro	     --	     --	  4.687	     --
[component_container-11] 	 36.340	  BBias	     --	     --	 -0.300	     --
[component_container-11] 	 36.340	  Sonar	     --	     --	    inf	     --
[component_container-11] 	 36.340	  Magnt	     --	     --	     --	  2.476
[component_container-11] 
[component_container-11] 	 36.370	   Pose	  0.508	  2.921	  4.995	  2.485
[component_container-11] 	 36.370	  Twist	 -0.280	  0.131	 -0.064	 -0.263
[component_container-11] 	 36.370	ErrPose	  1.269	  1.469	  0.041	  0.003
[component_container-11] 	 36.370	ErrTwis	  0.564	 -1.014	  0.087	 -0.016
[component_container-11] 	 36.370	    GPS	  1.411	  4.071	  5.032	     --
[component_container-11] 	 36.370	   Baro	     --	     --	  4.716	     --
[component_container-11] 	 36.370	  BBias	     --	     --	 -0.300	     --
[component_container-11] 	 36.370	  Sonar	     --	     --	    inf	     --
[component_container-11] 	 36.370	  Magnt	     --	     --	     --	  2.484
[component_container-11] 
[component_container-11] 	 36.400	   Pose	  0.499	  2.925	  4.993	  2.476
[component_container-11] 	 36.400	  Twist	 -0.285	  0.127	 -0.065	 -0.272
[component_container-11] 	 36.400	ErrPose	  1.289	  1.500	  0.043	 -0.000
[component_container-11] 	 36.400	ErrTwis	  0.582	 -1.008	  0.088	 -0.007
[component_container-11] 	 36.400	    GPS	  1.411	  4.071	  5.032	     --
[component_container-11] 	 36.400	   Baro	     --	     --	  4.716	     --
[component_container-11] 	 36.400	  BBias	     --	     --	 -0.300	     --
[component_container-11] 	 36.400	  Sonar	     --	     --	    inf	     --
[component_container-11] 	 36.400	  Magnt	     --	     --	     --	  2.484
[component_container-11] 
[component_container-11] 	 36.440	   Pose	  0.488	  2.930	  4.990	  2.465
[component_container-11] 	 36.440	  Twist	 -0.288	  0.123	 -0.068	 -0.297
[component_container-11] 	 36.440	ErrPose	  1.312	  1.530	  0.047	 -0.001
[component_container-11] 	 36.440	ErrTwis	  0.599	 -1.000	  0.091	  0.018
[component_container-11] 	 36.440	    GPS	  1.411	  4.071	  5.032	     --
[component_container-11] 	 36.440	   Baro	     --	     --	  4.682	     --
[component_container-11] 	 36.440	  BBias	     --	     --	 -0.300	     --
[component_container-11] 	 36.440	  Sonar	     --	     --	    inf	     --
[component_container-11] 	 36.440	  Magnt	     --	     --	     --	  2.494
[component_container-11] 
[component_container-11] 	 36.470	   Pose	  0.479	  2.933	  4.995	  2.458
[component_container-11] 	 36.470	  Twist	 -0.292	  0.119	 -0.060	 -0.281
[component_container-11] 	 36.470	ErrPose	  1.327	  1.545	  0.042	  0.002
[component_container-11] 	 36.470	ErrTwis	  0.609	 -0.994	  0.084	  0.001
[component_container-11] 	 36.470	    GPS	  1.411	  4.071	  5.032	     --
[component_container-11] 	 36.470	   Baro	     --	     --	  4.773	     --
[component_container-11] 	 36.470	  BBias	     --	     --	 -0.300	     --
[component_container-11] 	 36.470	  Sonar	     --	     --	    inf	     --
[component_container-11] 	 36.470	  Magnt	     --	     --	     --	  2.493
[component_container-11] 
[component_container-11] 	 36.500	   Pose	  0.471	  2.937	  4.993	  2.449
[component_container-11] 	 36.500	  Twist	 -0.295	  0.115	 -0.061	 -0.281
[component_container-11] 	 36.500	ErrPose	  1.347	  1.577	  0.044	 -0.001
[component_container-11] 	 36.500	ErrTwis	  0.624	 -0.987	  0.086	  0.001
[component_container-11] 	 36.500	    GPS	  1.411	  4.071	  5.032	     --
[component_container-11] 	 36.500	   Baro	     --	     --	  4.773	     --
[component_container-11] 	 36.500	  BBias	     --	     --	 -0.300	     --
[component_container-11] 	 36.500	  Sonar	     --	     --	    inf	     --
[component_container-11] 	 36.500	  Magnt	     --	     --	     --	  2.493
[component_container-11] 
[component_container-11] 	 36.540	   Pose	  0.786	  3.267	  4.996	  2.438
[component_container-11] 	 36.540	  Twist	 -0.188	  0.221	 -0.057	 -0.268
[component_container-11] 	 36.540	ErrPose	  1.044	  1.283	  0.042	 -0.001
[component_container-11] 	 36.540	ErrTwis	  0.529	 -1.091	  0.083	 -0.012
[component_container-11] 	 36.540	    GPS	  1.574	  4.039	  5.037	     --
[component_container-11] 	 36.540	   Baro	     --	     --	  4.663	     --
[component_container-11] 	 36.540	  BBias	     --	     --	 -0.301	     --
[component_container-11] 	 36.540	  Sonar	     --	     --	    inf	     --
[component_container-11] 	 36.540	  Magnt	     --	     --	     --	  2.440
[component_container-11] 
[component_container-11] 	 36.570	   Pose	  0.780	  3.273	  5.013	  2.430
[component_container-11] 	 36.570	  Twist	 -0.191	  0.217	 -0.038	 -0.281
[component_container-11] 	 36.570	ErrPose	  1.056	  1.294	  0.025	  0.001
[component_container-11] 	 36.570	ErrTwis	  0.539	 -1.085	  0.065	  0.001
[component_container-11] 	 36.570	    GPS	  1.574	  4.039	  5.037	     --
[component_container-11] 	 36.570	   Baro	     --	     --	  4.938	     --
[component_container-11] 	 36.570	  BBias	     --	     --	 -0.300	     --
[component_container-11] 	 36.570	  Sonar	     --	     --	    inf	     --
[component_container-11] 	 36.570	  Magnt	     --	     --	     --	  2.431
[component_container-11] 
[component_container-11] 	 36.600	   Pose	  0.774	  3.280	  5.012	  2.421
[component_container-11] 	 36.600	  Twist	 -0.194	  0.212	 -0.039	 -0.272
[component_container-11] 	 36.600	ErrPose	  1.073	  1.323	  0.026	 -0.001
[component_container-11] 	 36.600	ErrTwis	  0.554	 -1.078	  0.067	 -0.008
[component_container-11] 	 36.600	    GPS	  1.574	  4.039	  5.037	     --
[component_container-11] 	 36.600	   Baro	     --	     --	  4.938	     --
[component_container-11] 	 36.600	  BBias	     --	     --	 -0.300	     --
[component_container-11] 	 36.600	  Sonar	     --	     --	    inf	     --
[component_container-11] 	 36.600	  Magnt	     --	     --	     --	  2.431
[component_container-11] 
[component_container-11] 	 36.640	   Pose	  0.766	  3.288	  5.016	  2.410
[component_container-11] 	 36.640	  Twist	 -0.198	  0.207	 -0.034	 -0.279
[component_container-11] 	 36.640	ErrPose	  1.092	  1.350	  0.023	 -0.001
[component_container-11] 	 36.640	ErrTwis	  0.568	 -1.070	  0.062	 -0.002
[component_container-11] 	 36.640	    GPS	  1.574	  4.039	  5.037	     --
[component_container-11] 	 36.640	   Baro	     --	     --	  4.781	     --
[component_container-11] 	 36.640	  BBias	     --	     --	 -0.300	     --
[component_container-11] 	 36.640	  Sonar	     --	     --	    inf	     --
[component_container-11] 	 36.640	  Magnt	     --	     --	     --	  2.409
[component_container-11] 
[component_container-11] 	 36.670	   Pose	  0.760	  3.294	  5.020	  2.402
[component_container-11] 	 36.670	  Twist	 -0.201	  0.204	 -0.031	 -0.272
[component_container-11] 	 36.670	ErrPose	  1.104	  1.362	  0.019	  0.001
[component_container-11] 	 36.670	ErrTwis	  0.577	 -1.065	  0.058	 -0.009
[component_container-11] 	 36.670	    GPS	  1.574	  4.039	  5.037	     --
[component_container-11] 	 36.670	   Baro	     --	     --	  4.778	     --
[component_container-11] 	 36.670	  BBias	     --	     --	 -0.300	     --
[component_container-11] 	 36.670	  Sonar	     --	     --	    inf	     --
[component_container-11] 	 36.670	  Magnt	     --	     --	     --	  2.405
[component_container-11] 
[component_container-11] 	 36.700	   Pose	  0.754	  3.300	  5.019	  2.394
[component_container-11] 	 36.700	  Twist	 -0.204	  0.201	 -0.033	 -0.277
[component_container-11] 	 36.700	ErrPose	  1.122	  1.392	  0.020	 -0.002
[component_container-11] 	 36.700	ErrTwis	  0.592	 -1.057	  0.054	 -0.004
[component_container-11] 	 36.700	    GPS	  1.574	  4.039	  5.037	     --
[component_container-11] 	 36.700	   Baro	     --	     --	  4.778	     --
[component_container-11] 	 36.700	  BBias	     --	     --	 -0.300	     --
[component_container-11] 	 36.700	  Sonar	     --	     --	    inf	     --
[component_container-11] 	 36.700	  Magnt	     --	     --	     --	  2.405
[component_container-11] 
[component_container-11] 	 36.740	   Pose	  0.746	  3.308	  5.021	  2.382
[component_container-11] 	 36.740	  Twist	 -0.207	  0.196	 -0.032	 -0.294
[component_container-11] 	 36.740	ErrPose	  1.141	  1.420	  0.019	 -0.001
[component_container-11] 	 36.740	ErrTwis	  0.605	 -1.046	  0.046	  0.014
[component_container-11] 	 36.740	    GPS	  1.574	  4.039	  5.037	     --
[component_container-11] 	 36.740	   Baro	     --	     --	  4.753	     --
[component_container-11] 	 36.740	  BBias	     --	     --	 -0.300	     --
[component_container-11] 	 36.740	  Sonar	     --	     --	    inf	     --
[component_container-11] 	 36.740	  Magnt	     --	     --	     --	  2.377
[component_container-11] 
[component_container-11] 	 36.770	   Pose	  0.740	  3.314	  5.015	  2.374
[component_container-11] 	 36.770	  Twist	 -0.209	  0.192	 -0.039	 -0.281
[component_container-11] 	 36.770	ErrPose	  1.153	  1.431	  0.025	  0.002
[component_container-11] 	 36.770	ErrTwis	  0.612	 -1.037	  0.048	  0.000
[component_container-11] 	 36.770	    GPS	  1.574	  4.039	  5.037	     --
[component_container-11] 	 36.770	   Baro	     --	     --	  4.660	     --
[component_container-11] 	 36.770	  BBias	     --	     --	 -0.300	     --
[component_container-11] 	 36.770	  Sonar	     --	     --	    inf	     --
[component_container-11] 	 36.770	  Magnt	     --	     --	     --	  2.357
[component_container-11] 
[component_container-11] 	 36.800	   Pose	  0.733	  3.320	  5.014	  2.365
[component_container-11] 	 36.800	  Twist	 -0.212	  0.189	 -0.040	 -0.280
[component_container-11] 	 36.800	ErrPose	  1.171	  1.461	  0.027	 -0.001
[component_container-11] 	 36.800	ErrTwis	  0.624	 -1.021	  0.044	  0.000
[component_container-11] 	 36.800	    GPS	  1.574	  4.039	  5.037	     --
[component_container-11] 	 36.800	   Baro	     --	     --	  4.660	     --
[component_container-11] 	 36.800	  BBias	     --	     --	 -0.300	     --
[component_container-11] 	 36.800	  Sonar	     --	     --	    inf	     --
[component_container-11] 	 36.800	  Magnt	     --	     --	     --	  2.357
[component_container-11] 
[component_container-11] 	 36.840	   Pose	  0.725	  3.327	  5.011	  2.354
[component_container-11] 	 36.840	  Twist	 -0.217	  0.185	 -0.042	 -0.270
[component_container-11] 	 36.840	ErrPose	  1.190	  1.488	  0.030	 -0.001
[component_container-11] 	 36.840	ErrTwis	  0.638	 -1.001	  0.041	 -0.010
[component_container-11] 	 36.840	    GPS	  1.574	  4.039	  5.037	     --
[component_container-11] 	 36.840	   Baro	     --	     --	  4.700	     --
[component_container-11] 	 36.840	  BBias	     --	     --	 -0.300	     --
[component_container-11] 	 36.840	  Sonar	     --	     --	    inf	     --
[component_container-11] 	 36.840	  Magnt	     --	     --	     --	  2.368
[component_container-11] 
[component_container-11] 	 36.870	   Pose	  0.718	  3.333	  5.006	  2.346
[component_container-11] 	 36.870	  Twist	 -0.220	  0.181	 -0.047	 -0.280
[component_container-11] 	 36.870	ErrPose	  1.201	  1.500	  0.035	  0.001
[component_container-11] 	 36.870	ErrTwis	  0.646	 -0.989	  0.043	  0.000
[component_container-11] 	 36.870	    GPS	  1.574	  4.039	  5.037	     --
[component_container-11] 	 36.870	   Baro	     --	     --	  4.671	     --
[component_container-11] 	 36.870	  BBias	     --	     --	 -0.300	     --
[component_container-11] 	 36.870	  Sonar	     --	     --	    inf	     --
[component_container-11] 	 36.870	  Magnt	     --	     --	     --	  2.350
[component_container-11] 
[component_container-11] 	 36.900	   Pose	  0.712	  3.338	  5.005	  2.338
[component_container-11] 	 36.900	  Twist	 -0.222	  0.177	 -0.046	 -0.280
[component_container-11] 	 36.900	ErrPose	  1.218	  1.529	  0.037	 -0.002
[component_container-11] 	 36.900	ErrTwis	  0.656	 -0.967	  0.041	  0.001
[component_container-11] 	 36.900	    GPS	  1.574	  4.039	  5.037	     --
[component_container-11] 	 36.900	   Baro	     --	     --	  4.671	     --
[component_container-11] 	 36.900	  BBias	     --	     --	 -0.300	     --
[component_container-11] 	 36.900	  Sonar	     --	     --	    inf	     --
[component_container-11] 	 36.900	  Magnt	     --	     --	     --	  2.350
[component_container-11] 
[component_container-11] 	 36.940	   Pose	  0.703	  3.345	  5.006	  2.327
[component_container-11] 	 36.940	  Twist	 -0.227	  0.172	 -0.043	 -0.277
[component_container-11] 	 36.940	ErrPose	  1.237	  1.556	  0.037	 -0.002
[component_container-11] 	 36.940	ErrTwis	  0.667	 -0.944	  0.040	 -0.003
[component_container-11] 	 36.940	    GPS	  1.574	  4.039	  5.037	     --
[component_container-11] 	 36.940	   Baro	     --	     --	  4.739	     --
[component_container-11] 	 36.940	  BBias	     --	     --	 -0.300	     --
[component_container-11] 	 36.940	  Sonar	     --	     --	    inf	     --
[component_container-11] 	 36.940	  Magnt	     --	     --	     --	  2.348
[component_container-11] 
[component_container-11] 	 36.970	   Pose	  0.696	  3.350	  5.003	  2.319
[component_container-11] 	 36.970	  Twist	 -0.230	  0.168	 -0.044	 -0.269
[component_container-11] 	 36.970	ErrPose	  1.248	  1.567	  0.040	  0.000
[component_container-11] 	 36.970	ErrTwis	  0.674	 -0.931	  0.042	 -0.011
[component_container-11] 	 36.970	    GPS	  1.574	  4.039	  5.037	     --
[component_container-11] 	 36.970	   Baro	     --	     --	  4.685	     --
[component_container-11] 	 36.970	  BBias	     --	     --	 -0.300	     --
[component_container-11] 	 36.970	  Sonar	     --	     --	    inf	     --
[component_container-11] 	 36.970	  Magnt	     --	     --	     --	  2.322
[component_container-11] 
[component_container-11] [INFO] [1775320716.619716490] [drone.controller]: cmd_vel body=(0.269, -0.665, -0.003) yaw=-0.300 | odom_received=true | plan_points=8
[component_container-11] 	 37.000	   Pose	  0.689	  3.355	  5.002	  2.311
[component_container-11] 	 37.000	  Twist	 -0.233	  0.165	 -0.045	 -0.265
[component_container-11] 	 37.000	ErrPose	  1.265	  1.596	  0.042	 -0.002
[component_container-11] 	 37.000	ErrTwis	  0.684	 -0.909	  0.044	 -0.015
[component_container-11] 	 37.000	    GPS	  1.574	  4.039	  5.037	     --
[component_container-11] 	 37.000	   Baro	     --	     --	  4.685	     --
[component_container-11] 	 37.000	  BBias	     --	     --	 -0.300	     --
[component_container-11] 	 37.000	  Sonar	     --	     --	    inf	     --
[component_container-11] 	 37.000	  Magnt	     --	     --	     --	  2.322
[component_container-11] 
[component_container-11] [INFO] [1775320716.619946362] [drone.estimator]: TMP LOG err_xyz=(1.265, 1.596, 0.042) | z_est=5.002 vz_est=-0.045 bias=-0.300 | gps_z=5.037 sonar=inf baro=4.685
[component_container-11] 	 37.040	   Pose	  0.898	  3.754	  5.013	  2.299
[component_container-11] 	 37.040	  Twist	 -0.163	  0.294	 -0.032	 -0.285
[component_container-11] 	 37.040	ErrPose	  1.065	  1.229	  0.031	 -0.002
[component_container-11] 	 37.040	ErrTwis	  0.619	 -1.020	  0.033	  0.006
[component_container-11] 	 37.040	    GPS	  1.425	  4.686	  5.044	     --
[component_container-11] 	 37.040	   Baro	     --	     --	  4.787	     --
[component_container-11] 	 37.040	  BBias	     --	     --	 -0.300	     --
[component_container-11] 	 37.040	  Sonar	     --	     --	    inf	     --
[component_container-11] 	 37.040	  Magnt	     --	     --	     --	  2.292
[component_container-11] 
[component_container-11] 	 37.070	   Pose	  0.893	  3.763	  5.013	  2.291
[component_container-11] 	 37.070	  Twist	 -0.165	  0.290	 -0.032	 -0.288
[component_container-11] 	 37.070	ErrPose	  1.074	  1.237	  0.032	  0.000
[component_container-11] 	 37.070	ErrTwis	  0.624	 -1.007	  0.035	  0.009
[component_container-11] 	 37.070	    GPS	  1.425	  4.686	  5.044	     --
[component_container-11] 	 37.070	   Baro	     --	     --	  4.720	     --
[component_container-11] 	 37.070	  BBias	     --	     --	 -0.300	     --
[component_container-11] 	 37.070	  Sonar	     --	     --	    inf	     --
[component_container-11] 	 37.070	  Magnt	     --	     --	     --	  2.292
[component_container-11] 
[component_container-11] [INFO] [1775320716.719882755] [drone.behavior]: Behavior transition TURTLE_WAYPOINT -> INITIAL | turtle_stop=false | waypoint=(1.00, 4.00, 5.00)
[component_container-11] [INFO] [1775320716.719928943] [drone.behavior]: Behavior target INITIAL | new_waypoint=(-2.00, -2.00, 5.00)
[component_container-11] 	 37.100	   Pose	  0.888	  3.772	  5.012	  2.283
[component_container-11] 	 37.100	  Twist	 -0.169	  0.287	 -0.033	 -0.284
[component_container-11] 	 37.100	ErrPose	  1.088	  1.260	  0.034	 -0.002
[component_container-11] 	 37.100	ErrTwis	  0.633	 -0.987	  0.039	  0.005
[component_container-11] 	 37.100	    GPS	  1.425	  4.686	  5.044	     --
[component_container-11] 	 37.100	   Baro	     --	     --	  4.720	     --
[component_container-11] 	 37.100	  BBias	     --	     --	 -0.300	     --
[component_container-11] 	 37.100	  Sonar	     --	     --	    inf	     --
[component_container-11] 	 37.100	  Magnt	     --	     --	     --	  2.292
[component_container-11] 
[component_container-11] 	 37.140	   Pose	  0.881	  3.783	  4.997	  2.271
[component_container-11] 	 37.140	  Twist	 -0.172	  0.283	 -0.047	 -0.275
[component_container-11] 	 37.140	ErrPose	  1.103	  1.281	  0.050	 -0.002
[component_container-11] 	 37.140	ErrTwis	  0.641	 -0.966	  0.054	 -0.004
[component_container-11] 	 37.140	    GPS	  1.425	  4.686	  5.044	     --
[component_container-11] 	 37.140	   Baro	     --	     --	  4.541	     --
[component_container-11] 	 37.140	  BBias	     --	     --	 -0.301	     --
[component_container-11] 	 37.140	  Sonar	     --	     --	    inf	     --
[component_container-11] 	 37.140	  Magnt	     --	     --	     --	  2.256
[component_container-11] 
[component_container-11] 	 37.170	   Pose	  0.876	  3.791	  4.986	  2.262
[component_container-11] 	 37.170	  Twist	 -0.174	  0.280	 -0.058	 -0.281
[component_container-11] 	 37.170	ErrPose	  1.112	  1.288	  0.060	  0.001
[component_container-11] 	 37.170	ErrTwis	  0.645	 -0.955	  0.064	  0.002
[component_container-11] 	 37.170	    GPS	  1.425	  4.686	  5.044	     --
[component_container-11] 	 37.170	   Baro	     --	     --	  4.587	     --
[component_container-11] 	 37.170	  BBias	     --	     --	 -0.301	     --
[component_container-11] 	 37.170	  Sonar	     --	     --	    inf	     --
[component_container-11] 	 37.170	  Magnt	     --	     --	     --	  2.246
[component_container-11] 
[component_container-11] 	 37.200	   Pose	  0.870	  3.800	  4.985	  2.254
[component_container-11] 	 37.200	  Twist	 -0.175	  0.277	 -0.058	 -0.274
[component_container-11] 	 37.200	ErrPose	  1.125	  1.310	  0.063	 -0.001
[component_container-11] 	 37.200	ErrTwis	  0.649	 -0.935	  0.059	 -0.005
[component_container-11] 	 37.200	    GPS	  1.425	  4.686	  5.044	     --
[component_container-11] 	 37.200	   Baro	     --	     --	  4.587	     --
[component_container-11] 	 37.200	  BBias	     --	     --	 -0.301	     --
[component_container-11] 	 37.200	  Sonar	     --	     --	    inf	     --
[component_container-11] 	 37.200	  Magnt	     --	     --	     --	  2.246
[component_container-11] 
[component_container-11] [INFO] [1775320716.828933687] [drone.estimator]: TMP LOG sonar rejected: meas=3.530 est_z=4.987 innov=-1.458
[component_container-11] 	 37.240	   Pose	  0.863	  3.811	  4.986	  2.243
[component_container-11] 	 37.240	  Twist	 -0.178	  0.275	 -0.054	 -0.285
[component_container-11] 	 37.240	ErrPose	  1.140	  1.330	  0.063	 -0.001
[component_container-11] 	 37.240	ErrTwis	  0.652	 -0.912	  0.048	  0.007
[component_container-11] 	 37.240	    GPS	  1.425	  4.686	  5.044	     --
[component_container-11] 	 37.240	   Baro	     --	     --	  4.722	     --
[component_container-11] 	 37.240	  BBias	     --	     --	 -0.301	     --
[component_container-11] 	 37.240	  Sonar	     --	     --	  3.530	     --
[component_container-11] 	 37.240	  Magnt	     --	     --	     --	  2.262
[component_container-11] 
[component_container-11] 	 37.270	   Pose	  0.858	  3.819	  4.990	  2.235
[component_container-11] 	 37.270	  Twist	 -0.179	  0.273	 -0.046	 -0.297
[component_container-11] 	 37.270	ErrPose	  1.148	  1.336	  0.059	  0.001
[component_container-11] 	 37.270	ErrTwis	  0.654	 -0.897	  0.034	  0.020
[component_container-11] 	 37.270	    GPS	  1.425	  4.686	  5.044	     --
[component_container-11] 	 37.270	   Baro	     --	     --	  4.757	     --
[component_container-11] 	 37.270	  BBias	     --	     --	 -0.301	     --
[component_container-11] 	 37.270	  Sonar	     --	     --	  2.588	     --
[component_container-11] 	 37.270	  Magnt	     --	     --	     --	  2.269
[component_container-11] 
[component_container-11] 	 37.300	   Pose	  0.853	  3.827	  4.989	  2.227
[component_container-11] 	 37.300	  Twist	 -0.179	  0.272	 -0.046	 -0.270
[component_container-11] 	 37.300	ErrPose	  1.160	  1.357	  0.061	 -0.001
[component_container-11] 	 37.300	ErrTwis	  0.652	 -0.863	  0.018	 -0.006
[component_container-11] 	 37.300	    GPS	  1.425	  4.686	  5.044	     --
[component_container-11] 	 37.300	   Baro	     --	     --	  4.757	     --
[component_container-11] 	 37.300	  BBias	     --	     --	 -0.301	     --
[component_container-11] 	 37.300	  Sonar	     --	     --	  2.588	     --
[component_container-11] 	 37.300	  Magnt	     --	     --	     --	  2.269
[component_container-11] 
[component_container-11] 	 37.340	   Pose	  0.845	  3.838	  4.993	  2.216
[component_container-11] 	 37.340	  Twist	 -0.179	  0.269	 -0.040	 -0.271
[component_container-11] 	 37.340	ErrPose	  1.172	  1.373	  0.058	 -0.002
[component_container-11] 	 37.340	ErrTwis	  0.649	 -0.815	 -0.002	 -0.003
[component_container-11] 	 37.340	    GPS	  1.425	  4.686	  5.044	     --
[component_container-11] 	 37.340	   Baro	     --	     --	  4.758	     --
[component_container-11] 	 37.340	  BBias	     --	     --	 -0.301	     --
[component_container-11] 	 37.340	  Sonar	     --	     --	    inf	     --
[component_container-11] 	 37.340	  Magnt	     --	     --	     --	  2.232
[component_container-11] 
[component_container-11] 	 37.370	   Pose	  0.840	  3.846	  4.991	  2.209
[component_container-11] 	 37.370	  Twist	 -0.181	  0.268	 -0.043	 -0.268
[component_container-11] 	 37.370	ErrPose	  1.180	  1.378	  0.061	  0.000
[component_container-11] 	 37.370	ErrTwis	  0.647	 -0.787	 -0.005	 -0.006
[component_container-11] 	 37.370	    GPS	  1.425	  4.686	  5.044	     --
[component_container-11] 	 37.370	   Baro	     --	     --	  4.683	     --
[component_container-11] 	 37.370	  BBias	     --	     --	 -0.301	     --
[component_container-11] 	 37.370	  Sonar	     --	     --	    inf	     --
[component_container-11] 	 37.370	  Magnt	     --	     --	     --	  2.266
[component_container-11] 
[component_container-11] 	 37.400	   Pose	  0.835	  3.854	  4.990	  2.201
[component_container-11] 	 37.400	  Twist	 -0.182	  0.267	 -0.045	 -0.274
[component_container-11] 	 37.400	ErrPose	  1.188	  1.394	  0.063	 -0.001
[component_container-11] 	 37.400	ErrTwis	  0.641	 -0.725	 -0.012	  0.000
[component_container-11] 	 37.400	    GPS	  1.425	  4.686	  5.044	     --
[component_container-11] 	 37.400	   Baro	     --	     --	  4.683	     --
[component_container-11] 	 37.400	  BBias	     --	     --	 -0.301	     --
[component_container-11] 	 37.400	  Sonar	     --	     --	    inf	     --
[component_container-11] 	 37.400	  Magnt	     --	     --	     --	  2.266
[component_container-11] 
[component_container-11] 	 37.440	   Pose	  0.827	  3.865	  4.995	  2.191
[component_container-11] 	 37.440	  Twist	 -0.184	  0.265	 -0.042	 -0.271
[component_container-11] 	 37.440	ErrPose	  1.196	  1.406	  0.058	 -0.001
[component_container-11] 	 37.440	ErrTwis	  0.635	 -0.654	 -0.020	 -0.002
[component_container-11] 	 37.440	    GPS	  1.425	  4.686	  5.044	     --
[component_container-11] 	 37.440	   Baro	     --	     --	  4.765	     --
[component_container-11] 	 37.440	  BBias	     --	     --	 -0.301	     --
[component_container-11] 	 37.440	  Sonar	     --	     --	    inf	     --
[component_container-11] 	 37.440	  Magnt	     --	     --	     --	  2.222
[component_container-11] 
[component_container-11] 	 37.470	   Pose	  0.822	  3.873	  5.007	  2.185
[component_container-11] 	 37.470	  Twist	 -0.186	  0.263	 -0.031	 -0.270
[component_container-11] 	 37.470	ErrPose	  1.201	  1.408	  0.046	 -0.000
[component_container-11] 	 37.470	ErrTwis	  0.630	 -0.615	 -0.032	 -0.002
[component_container-11] 	 37.470	    GPS	  1.425	  4.686	  5.044	     --
[component_container-11] 	 37.470	   Baro	     --	     --	  4.848	     --
[component_container-11] 	 37.470	  BBias	     --	     --	 -0.300	     --
[component_container-11] 	 37.470	  Sonar	     --	     --	    inf	     --
[component_container-11] 	 37.470	  Magnt	     --	     --	     --	  2.255
[component_container-11] 
[component_container-11] 	 37.500	   Pose	  0.816	  3.880	  5.006	  2.176
[component_container-11] 	 37.500	  Twist	 -0.187	  0.262	 -0.034	 -0.252
[component_container-11] 	 37.500	ErrPose	  1.204	  1.419	  0.047	 -0.003
[component_container-11] 	 37.500	ErrTwis	  0.619	 -0.538	 -0.028	 -0.021
[component_container-11] 	 37.500	    GPS	  1.425	  4.686	  5.044	     --
[component_container-11] 	 37.500	   Baro	     --	     --	  4.848	     --
[component_container-11] 	 37.500	  BBias	     --	     --	 -0.300	     --
[component_container-11] 	 37.500	  Sonar	     --	     --	    inf	     --
[component_container-11] 	 37.500	  Magnt	     --	     --	     --	  2.255
[component_container-11] 
[component_container-11] 	 37.540	   Pose	  1.118	  4.255	  5.005	  2.166
[component_container-11] 	 37.540	  Twist	 -0.084	  0.385	 -0.039	 -0.277
[component_container-11] 	 37.540	ErrPose	  0.898	  1.061	  0.047	 -0.003
[component_container-11] 	 37.540	ErrTwis	  0.500	 -0.585	 -0.019	  0.003
[component_container-11] 	 37.540	    GPS	  1.862	  5.118	  5.053	     --
[component_container-11] 	 37.540	   Baro	     --	     --	  4.613	     --
[component_container-11] 	 37.540	  BBias	     --	     --	 -0.301	     --
[component_container-11] 	 37.540	  Sonar	     --	     --	    inf	     --
[component_container-11] 	 37.540	  Magnt	     --	     --	     --	  2.204
[component_container-11] 
[component_container-11] 	 37.570	   Pose	  1.116	  4.267	  5.008	  2.159
[component_container-11] 	 37.570	  Twist	 -0.086	  0.383	 -0.038	 -0.270
[component_container-11] 	 37.570	ErrPose	  0.898	  1.057	  0.044	  0.000
[component_container-11] 	 37.570	ErrTwis	  0.494	 -0.545	 -0.018	 -0.004
[component_container-11] 	 37.570	    GPS	  1.862	  5.118	  5.053	     --
[component_container-11] 	 37.570	   Baro	     --	     --	  4.757	     --
[component_container-11] 	 37.570	  BBias	     --	     --	 -0.301	     --
[component_container-11] 	 37.570	  Sonar	     --	     --	    inf	     --
[component_container-11] 	 37.570	  Magnt	     --	     --	     --	  2.181
[component_container-11] 
[component_container-11] 	 37.600	   Pose	  1.113	  4.278	  5.007	  2.150
[component_container-11] 	 37.600	  Twist	 -0.087	  0.382	 -0.041	 -0.281
[component_container-11] 	 37.600	ErrPose	  0.894	  1.059	  0.044	 -0.003
[component_container-11] 	 37.600	ErrTwis	  0.476	 -0.469	 -0.012	  0.006
[component_container-11] 	 37.600	    GPS	  1.862	  5.118	  5.053	     --
[component_container-11] 	 37.600	   Baro	     --	     --	  4.757	     --
[component_container-11] 	 37.600	  BBias	     --	     --	 -0.301	     --
[component_container-11] 	 37.600	  Sonar	     --	     --	    inf	     --
[component_container-11] 	 37.600	  Magnt	     --	     --	     --	  2.181
[component_container-11] 
[component_container-11] 	 37.640	   Pose	  1.109	  4.294	  5.011	  2.141
[component_container-11] 	 37.640	  Twist	 -0.089	  0.380	 -0.038	 -0.282
[component_container-11] 	 37.640	ErrPose	  0.888	  1.055	  0.039	 -0.005
[component_container-11] 	 37.640	ErrTwis	  0.457	 -0.394	 -0.011	  0.006
[component_container-11] 	 37.640	    GPS	  1.862	  5.118	  5.053	     --
[component_container-11] 	 37.640	   Baro	     --	     --	  4.770	     --
[component_container-11] 	 37.640	  BBias	     --	     --	 -0.301	     --
[component_container-11] 	 37.640	  Sonar	     --	     --	    inf	     --
[component_container-11] 	 37.640	  Magnt	     --	     --	     --	  2.205
[component_container-11] 
[component_container-11] 	 37.670	   Pose	  1.107	  4.305	  5.008	  2.133
[component_container-11] 	 37.670	  Twist	 -0.091	  0.380	 -0.042	 -0.274
[component_container-11] 	 37.670	ErrPose	  0.886	  1.049	  0.041	 -0.002
[component_container-11] 	 37.670	ErrTwis	  0.447	 -0.358	 -0.005	 -0.003
[component_container-11] 	 37.670	    GPS	  1.862	  5.118	  5.053	     --
[component_container-11] 	 37.670	   Baro	     --	     --	  4.692	     --
[component_container-11] 	 37.670	  BBias	     --	     --	 -0.301	     --
[component_container-11] 	 37.670	  Sonar	     --	     --	    inf	     --
[component_container-11] 	 37.670	  Magnt	     --	     --	     --	  2.169
[component_container-11] 
[component_container-11] 	 37.700	   Pose	  1.104	  4.317	  5.007	  2.125
[component_container-11] 	 37.700	  Twist	 -0.093	  0.380	 -0.043	 -0.280
[component_container-11] 	 37.700	ErrPose	  0.878	  1.045	  0.041	 -0.003
[component_container-11] 	 37.700	ErrTwis	  0.425	 -0.289	  0.001	  0.002
[component_container-11] 	 37.700	    GPS	  1.862	  5.118	  5.053	     --
[component_container-11] 	 37.700	   Baro	     --	     --	  4.692	     --
[component_container-11] 	 37.700	  BBias	     --	     --	 -0.301	     --
[component_container-11] 	 37.700	  Sonar	     --	     --	    inf	     --
[component_container-11] 	 37.700	  Magnt	     --	     --	     --	  2.169
[component_container-11] 
[component_container-11] 	 37.740	   Pose	  1.100	  4.332	  5.010	  2.116
[component_container-11] 	 37.740	  Twist	 -0.094	  0.379	 -0.041	 -0.271
[component_container-11] 	 37.740	ErrPose	  0.869	  1.036	  0.035	 -0.005
[component_container-11] 	 37.740	ErrTwis	  0.400	 -0.220	  0.003	 -0.007
[component_container-11] 	 37.740	    GPS	  1.862	  5.118	  5.053	     --
[component_container-11] 	 37.740	   Baro	     --	     --	  4.769	     --
[component_container-11] 	 37.740	  BBias	     --	     --	 -0.301	     --
[component_container-11] 	 37.740	  Sonar	     --	     --	    inf	     --
[component_container-11] 	 37.740	  Magnt	     --	     --	     --	  2.187
[component_container-11] 
[component_container-11] 	 37.770	   Pose	  1.097	  4.343	  5.018	  2.107
[component_container-11] 	 37.770	  Twist	 -0.095	  0.378	 -0.034	 -0.292
[component_container-11] 	 37.770	ErrPose	  0.864	  1.026	  0.027	 -0.003
[component_container-11] 	 37.770	ErrTwis	  0.386	 -0.187	 -0.004	  0.013
[component_container-11] 	 37.770	    GPS	  1.862	  5.118	  5.053	     --
[component_container-11] 	 37.770	   Baro	     --	     --	  4.814	     --
[component_container-11] 	 37.770	  BBias	     --	     --	 -0.301	     --
[component_container-11] 	 37.770	  Sonar	     --	     --	    inf	     --
[component_container-11] 	 37.770	  Magnt	     --	     --	     --	  2.115
[component_container-11] 
[component_container-11] 	 37.800	   Pose	  1.095	  4.354	  5.017	  2.099
[component_container-11] 	 37.800	  Twist	 -0.096	  0.378	 -0.035	 -0.277
[component_container-11] 	 37.800	ErrPose	  0.852	  1.018	  0.025	 -0.006
[component_container-11] 	 37.800	ErrTwis	  0.358	 -0.124	  0.002	 -0.002
[component_container-11] 	 37.800	    GPS	  1.862	  5.118	  5.053	     --
[component_container-11] 	 37.800	   Baro	     --	     --	  4.814	     --
[component_container-11] 	 37.800	  BBias	     --	     --	 -0.301	     --
[component_container-11] 	 37.800	  Sonar	     --	     --	    inf	     --
[component_container-11] 	 37.800	  Magnt	     --	     --	     --	  2.115
[component_container-11] 
[component_container-11] 	 37.840	   Pose	  1.091	  4.370	  5.018	  2.088
[component_container-11] 	 37.840	  Twist	 -0.098	  0.379	 -0.036	 -0.271
[component_container-11] 	 37.840	ErrPose	  0.840	  1.003	  0.022	 -0.004
[component_container-11] 	 37.840	ErrTwis	  0.329	 -0.066	  0.004	 -0.009
[component_container-11] 	 37.840	    GPS	  1.862	  5.118	  5.053	     --
[component_container-11] 	 37.840	   Baro	     --	     --	  4.743	     --
[component_container-11] 	 37.840	  BBias	     --	     --	 -0.301	     --
[component_container-11] 	 37.840	  Sonar	     --	     --	    inf	     --
[component_container-11] 	 37.840	  Magnt	     --	     --	     --	  2.086
[component_container-11] 
[component_container-11] 	 37.870	   Pose	  1.088	  4.381	  5.019	  2.081
[component_container-11] 	 37.870	  Twist	 -0.099	  0.379	 -0.035	 -0.276
[component_container-11] 	 37.870	ErrPose	  0.834	  0.991	  0.019	 -0.003
[component_container-11] 	 37.870	ErrTwis	  0.314	 -0.038	  0.004	 -0.003
[component_container-11] 	 37.870	    GPS	  1.862	  5.118	  5.053	     --
[component_container-11] 	 37.870	   Baro	     --	     --	  4.744	     --
[component_container-11] 	 37.870	  BBias	     --	     --	 -0.301	     --
[component_container-11] 	 37.870	  Sonar	     --	     --	    inf	     --
[component_container-11] 	 37.870	  Magnt	     --	     --	     --	  2.150
[component_container-11] 
[component_container-11] 	 37.900	   Pose	  1.085	  4.392	  5.018	  2.072
[component_container-11] 	 37.900	  Twist	 -0.100	  0.379	 -0.037	 -0.288
[component_container-11] 	 37.900	ErrPose	  0.819	  0.977	  0.017	 -0.006
[component_container-11] 	 37.900	ErrTwis	  0.281	  0.014	  0.005	  0.008
[component_container-11] 	 37.900	    GPS	  1.862	  5.118	  5.053	     --
[component_container-11] 	 37.900	   Baro	     --	     --	  4.744	     --
[component_container-11] 	 37.900	  BBias	     --	     --	 -0.301	     --
[component_container-11] 	 37.900	  Sonar	     --	     --	    inf	     --
[component_container-11] 	 37.900	  Magnt	     --	     --	     --	  2.150
[component_container-11] 
[component_container-11] 	 37.940	   Pose	  1.081	  4.407	  5.019	  2.062
[component_container-11] 	 37.940	  Twist	 -0.102	  0.380	 -0.035	 -0.267
[component_container-11] 	 37.940	ErrPose	  0.805	  0.958	  0.013	 -0.007
[component_container-11] 	 37.940	ErrTwis	  0.248	  0.060	  0.002	 -0.013
[component_container-11] 	 37.940	    GPS	  1.862	  5.118	  5.053	     --
[component_container-11] 	 37.940	   Baro	     --	     --	  4.745	     --
[component_container-11] 	 37.940	  BBias	     --	     --	 -0.301	     --
[component_container-11] 	 37.940	  Sonar	     --	     --	    inf	     --
[component_container-11] 	 37.940	  Magnt	     --	     --	     --	  2.096
[component_container-11] 
[component_container-11] 	 37.970	   Pose	  1.078	  4.419	  5.018	  2.054
[component_container-11] 	 37.970	  Twist	 -0.103	  0.381	 -0.036	 -0.278
[component_container-11] 	 37.970	ErrPose	  0.798	  0.943	  0.013	 -0.004
[component_container-11] 	 37.970	ErrTwis	  0.230	  0.079	  0.003	 -0.002
[component_container-11] 	 37.970	    GPS	  1.862	  5.118	  5.053	     --
[component_container-11] 	 37.970	   Baro	     --	     --	  4.714	     --
[component_container-11] 	 37.970	  BBias	     --	     --	 -0.301	     --
[component_container-11] 	 37.970	  Sonar	     --	     --	    inf	     --
[component_container-11] 	 37.970	  Magnt	     --	     --	     --	  2.071
[component_container-11] 
[component_container-11] [INFO] [1775320717.627256792] [drone.controller]: cmd_vel body=(-0.615, 0.789, -0.001) yaw=-0.300 | odom_received=true | plan_points=71
[component_container-11] 	 38.000	   Pose	  1.075	  4.430	  5.017	  2.045
[component_container-11] 	 38.000	  Twist	 -0.103	  0.383	 -0.037	 -0.281
[component_container-11] 	 38.000	ErrPose	  0.781	  0.925	  0.011	 -0.006
[component_container-11] 	 38.000	ErrTwis	  0.195	  0.117	  0.003	  0.001
[component_container-11] 	 38.000	    GPS	  1.862	  5.118	  5.053	     --
[component_container-11] 	 38.000	   Baro	     --	     --	  4.714	     --
[component_container-11] 	 38.000	  BBias	     --	     --	 -0.301	     --
[component_container-11] 	 38.000	  Sonar	     --	     --	    inf	     --
[component_container-11] 	 38.000	  Magnt	     --	     --	     --	  2.071
[component_container-11] 
[component_container-11] [INFO] [1775320717.627847517] [drone.estimator]: TMP LOG err_xyz=(0.781, 0.925, 0.011) | z_est=5.017 vz_est=-0.037 bias=-0.301 | gps_z=5.053 sonar=inf baro=4.714
[component_container-11] 	 38.040	   Pose	  1.237	  4.705	  5.025	  2.035
[component_container-11] 	 38.040	  Twist	 -0.046	  0.472	 -0.027	 -0.292
[component_container-11] 	 38.040	ErrPose	  0.598	  0.642	 -0.000	 -0.007
[component_container-11] 	 38.040	ErrTwis	  0.100	  0.061	 -0.008	  0.012
[component_container-11] 	 38.040	    GPS	  1.641	  5.310	  5.027	     --
[component_container-11] 	 38.040	   Baro	     --	     --	  4.823	     --
[component_container-11] 	 38.040	  BBias	     --	     --	 -0.301	     --
[component_container-11] 	 38.040	  Sonar	     --	     --	    inf	     --
[component_container-11] 	 38.040	  Magnt	     --	     --	     --	  2.087
[component_container-11] 
[component_container-11] 	 38.070	   Pose	  1.236	  4.719	  5.012	  2.027
[component_container-11] 	 38.070	  Twist	 -0.047	  0.473	 -0.038	 -0.281
[component_container-11] 	 38.070	ErrPose	  0.589	  0.623	  0.012	 -0.005
[component_container-11] 	 38.070	ErrTwis	  0.081	  0.075	  0.003	  0.001
[component_container-11] 	 38.070	    GPS	  1.641	  5.310	  5.027	     --
[component_container-11] 	 38.070	   Baro	     --	     --	  4.563	     --
[component_container-11] 	 38.070	  BBias	     --	     --	 -0.301	     --
[component_container-11] 	 38.070	  Sonar	     --	     --	    inf	     --
[component_container-11] 	 38.070	  Magnt	     --	     --	     --	  2.044
[component_container-11] 
[component_container-11] 	 38.100	   Pose	  1.235	  4.733	  5.011	  2.018
[component_container-11] 	 38.100	  Twist	 -0.047	  0.474	 -0.038	 -0.274
[component_container-11] 	 38.100	ErrPose	  0.570	  0.597	  0.010	 -0.008
[component_container-11] 	 38.100	ErrTwis	  0.043	  0.101	  0.003	 -0.006
[component_container-11] 	 38.100	    GPS	  1.641	  5.310	  5.027	     --
[component_container-11] 	 38.100	   Baro	     --	     --	  4.563	     --
[component_container-11] 	 38.100	  BBias	     --	     --	 -0.301	     --
[component_container-11] 	 38.100	  Sonar	     --	     --	    inf	     --
[component_container-11] 	 38.100	  Magnt	     --	     --	     --	  2.044
[component_container-11] 
[component_container-11] 	 38.140	   Pose	  1.233	  4.752	  5.004	  2.008
[component_container-11] 	 38.140	  Twist	 -0.048	  0.477	 -0.043	 -0.268
[component_container-11] 	 38.140	ErrPose	  0.551	  0.566	  0.013	 -0.008
[component_container-11] 	 38.140	ErrTwis	  0.005	  0.120	  0.007	 -0.012
[component_container-11] 	 38.140	    GPS	  1.641	  5.310	  5.027	     --
[component_container-11] 	 38.140	   Baro	     --	     --	  4.645	     --
[component_container-11] 	 38.140	  BBias	     --	     --	 -0.301	     --
[component_container-11] 	 38.140	  Sonar	     --	     --	    inf	     --
[component_container-11] 	 38.140	  Magnt	     --	     --	     --	  2.062
[component_container-11] 
[component_container-11] 	 38.170	   Pose	  1.231	  4.767	  5.010	  2.000
[component_container-11] 	 38.170	  Twist	 -0.047	  0.478	 -0.035	 -0.276
[component_container-11] 	 38.170	ErrPose	  0.541	  0.544	  0.006	 -0.006
[component_container-11] 	 38.170	ErrTwis	 -0.015	  0.129	 -0.001	 -0.004
[component_container-11] 	 38.170	    GPS	  1.641	  5.310	  5.027	     --
[component_container-11] 	 38.170	   Baro	     --	     --	  4.792	     --
[component_container-11] 	 38.170	  BBias	     --	     --	 -0.301	     --
[component_container-11] 	 38.170	  Sonar	     --	     --	    inf	     --
[component_container-11] 	 38.170	  Magnt	     --	     --	     --	  2.028
[component_container-11] 
[component_container-11] 	 38.200	   Pose	  1.230	  4.781	  5.009	  1.992
[component_container-11] 	 38.200	  Twist	 -0.047	  0.480	 -0.032	 -0.263
[component_container-11] 	 38.200	ErrPose	  0.522	  0.515	  0.004	 -0.009
[component_container-11] 	 38.200	ErrTwis	 -0.056	  0.145	 -0.002	 -0.018
[component_container-11] 	 38.200	    GPS	  1.641	  5.310	  5.027	     --
[component_container-11] 	 38.200	   Baro	     --	     --	  4.792	     --
[component_container-11] 	 38.200	  BBias	     --	     --	 -0.301	     --
[component_container-11] 	 38.200	  Sonar	     --	     --	    inf	     --
[component_container-11] 	 38.200	  Magnt	     --	     --	     --	  2.028
[component_container-11] 
[component_container-11] 	 38.240	   Pose	  1.228	  4.800	  5.007	  1.982
[component_container-11] 	 38.240	  Twist	 -0.048	  0.483	 -0.031	 -0.282
[component_container-11] 	 38.240	ErrPose	  0.502	  0.479	  0.003	 -0.010
[component_container-11] 	 38.240	ErrTwis	 -0.095	  0.156	 -0.002	  0.003
[component_container-11] 	 38.240	    GPS	  1.641	  5.310	  5.027	     --
[component_container-11] 	 38.240	   Baro	     --	     --	  4.702	     --
[component_container-11] 	 38.240	  BBias	     --	     --	 -0.301	     --
[component_container-11] 	 38.240	  Sonar	     --	     --	    inf	     --
[component_container-11] 	 38.240	  Magnt	     --	     --	     --	  2.024
[component_container-11] 
[component_container-11] 	 38.270	   Pose	  1.227	  4.815	  5.003	  1.974
[component_container-11] 	 38.270	  Twist	 -0.048	  0.485	 -0.034	 -0.283
[component_container-11] 	 38.270	ErrPose	  0.493	  0.456	  0.006	 -0.008
[component_container-11] 	 38.270	ErrTwis	 -0.115	  0.159	  0.002	  0.003
[component_container-11] 	 38.270	    GPS	  1.641	  5.310	  5.027	     --
[component_container-11] 	 38.270	   Baro	     --	     --	  4.666	     --
[component_container-11] 	 38.270	  BBias	     --	     --	 -0.301	     --
[component_container-11] 	 38.270	  Sonar	     --	     --	    inf	     --
[component_container-11] 	 38.270	  Magnt	     --	     --	     --	  1.981
[component_container-11] 
[component_container-11] 	 38.300	   Pose	  1.225	  4.830	  5.002	  1.965
[component_container-11] 	 38.300	  Twist	 -0.047	  0.488	 -0.033	 -0.277
[component_container-11] 	 38.300	ErrPose	  0.474	  0.423	  0.004	 -0.010
[component_container-11] 	 38.300	ErrTwis	 -0.155	  0.166	  0.004	 -0.003
[component_container-11] 	 38.300	    GPS	  1.641	  5.310	  5.027	     --
[component_container-11] 	 38.300	   Baro	     --	     --	  4.666	     --
[component_container-11] 	 38.300	  BBias	     --	     --	 -0.301	     --
[component_container-11] 	 38.300	  Sonar	     --	     --	    inf	     --
[component_container-11] 	 38.300	  Magnt	     --	     --	     --	  1.981
[component_container-11] 
[component_container-11] 	 38.340	   Pose	  1.223	  4.849	  4.995	  1.954
[component_container-11] 	 38.340	  Twist	 -0.047	  0.491	 -0.038	 -0.287
[component_container-11] 	 38.340	ErrPose	  0.455	  0.384	  0.008	 -0.011
[component_container-11] 	 38.340	ErrTwis	 -0.196	  0.170	  0.010	  0.008
[component_container-11] 	 38.340	    GPS	  1.641	  5.310	  5.027	     --
[component_container-11] 	 38.340	   Baro	     --	     --	  4.637	     --
[component_container-11] 	 38.340	  BBias	     --	     --	 -0.301	     --
[component_container-11] 	 38.340	  Sonar	     --	     --	    inf	     --
[component_container-11] 	 38.340	  Magnt	     --	     --	     --	  1.971
[component_container-11] 
[component_container-11] 	 38.370	   Pose	  1.222	  4.864	  4.993	  1.946
[component_container-11] 	 38.370	  Twist	 -0.046	  0.493	 -0.038	 -0.271
[component_container-11] 	 38.370	ErrPose	  0.446	  0.359	  0.009	 -0.008
[component_container-11] 	 38.370	ErrTwis	 -0.217	  0.170	  0.011	 -0.008
[component_container-11] 	 38.370	    GPS	  1.641	  5.310	  5.027	     --
[component_container-11] 	 38.370	   Baro	     --	     --	  4.684	     --
[component_container-11] 	 38.370	  BBias	     --	     --	 -0.301	     --
[component_container-11] 	 38.370	  Sonar	     --	     --	    inf	     --
[component_container-11] 	 38.370	  Magnt	     --	     --	     --	  1.971
[component_container-11] 
[component_container-11] 	 38.400	   Pose	  1.220	  4.879	  4.992	  1.938
[component_container-11] 	 38.400	  Twist	 -0.046	  0.496	 -0.037	 -0.276
[component_container-11] 	 38.400	ErrPose	  0.427	  0.322	  0.007	 -0.011
[component_container-11] 	 38.400	ErrTwis	 -0.257	  0.170	  0.012	 -0.004
[component_container-11] 	 38.400	    GPS	  1.641	  5.310	  5.027	     --
[component_container-11] 	 38.400	   Baro	     --	     --	  4.684	     --
[component_container-11] 	 38.400	  BBias	     --	     --	 -0.301	     --
[component_container-11] 	 38.400	  Sonar	     --	     --	    inf	     --
[component_container-11] 	 38.400	  Magnt	     --	     --	     --	  1.971
[component_container-11] 
[component_container-11] 	 38.440	   Pose	  1.219	  4.899	  4.996	  1.927
[component_container-11] 	 38.440	  Twist	 -0.046	  0.501	 -0.029	 -0.272
[component_container-11] 	 38.440	ErrPose	  0.409	  0.279	  0.000	 -0.012
[component_container-11] 	 38.440	ErrTwis	 -0.296	  0.167	  0.007	 -0.007
[component_container-11] 	 38.440	    GPS	  1.641	  5.310	  5.027	     --
[component_container-11] 	 38.440	   Baro	     --	     --	  4.757	     --
[component_container-11] 	 38.440	  BBias	     --	     --	 -0.301	     --
[component_container-11] 	 38.440	  Sonar	     --	     --	    inf	     --
[component_container-11] 	 38.440	  Magnt	     --	     --	     --	  1.964
[component_container-11] 
[component_container-11] [INFO] [1775320718.087070738] [drone.estimator]: TMP LOG sonar rejected: meas=2.542 est_z=4.986 innov=-2.444
[component_container-11] 	 38.470	   Pose	  1.217	  4.914	  4.985	  1.920
[component_container-11] 	 38.470	  Twist	 -0.045	  0.503	 -0.040	 -0.274
[component_container-11] 	 38.470	ErrPose	  0.400	  0.252	  0.010	 -0.010
[component_container-11] 	 38.470	ErrTwis	 -0.316	  0.164	  0.020	 -0.006
[component_container-11] 	 38.470	    GPS	  1.641	  5.310	  5.027	     --
[component_container-11] 	 38.470	   Baro	     --	     --	  4.580	     --
[component_container-11] 	 38.470	  BBias	     --	     --	 -0.301	     --
[component_container-11] 	 38.470	  Sonar	     --	     --	  2.542	     --
[component_container-11] 	 38.470	  Magnt	     --	     --	     --	  1.951
[component_container-11] 
[component_container-11] 	 38.500	   Pose	  1.216	  4.929	  4.984	  1.912
[component_container-11] 	 38.500	  Twist	 -0.046	  0.506	 -0.039	 -0.265
[component_container-11] 	 38.500	ErrPose	  0.382	  0.213	  0.009	 -0.013
[component_container-11] 	 38.500	ErrTwis	 -0.355	  0.159	  0.021	 -0.014
[component_container-11] 	 38.500	    GPS	  1.641	  5.310	  5.027	     --
[component_container-11] 	 38.500	   Baro	     --	     --	  4.580	     --
[component_container-11] 	 38.500	  BBias	     --	     --	 -0.301	     --
[component_container-11] 	 38.500	  Sonar	     --	     --	  2.542	     --
[component_container-11] 	 38.500	  Magnt	     --	     --	     --	  1.951
[component_container-11] 
[component_container-11] 	 38.540	   Pose	  1.214	  4.910	  4.987	  1.901
[component_container-11] 	 38.540	  Twist	 -0.046	  0.497	 -0.034	 -0.275
[component_container-11] 	 38.540	ErrPose	  0.365	  0.206	  0.004	 -0.014
[component_container-11] 	 38.540	ErrTwis	 -0.394	  0.164	  0.018	 -0.004
[component_container-11] 	 38.540	    GPS	  1.217	  4.800	  4.993	     --
[component_container-11] 	 38.540	   Baro	     --	     --	  4.719	     --
[component_container-11] 	 38.540	  BBias	     --	     --	 -0.301	     --
[component_container-11] 	 38.540	  Sonar	     --	     --	  2.501	     --
[component_container-11] 	 38.540	  Magnt	     --	     --	     --	  1.954
[component_container-11] 
[component_container-11] 	 38.570	   Pose	  1.213	  4.924	  4.987	  1.893
[component_container-11] 	 38.570	  Twist	 -0.046	  0.501	 -0.031	 -0.288
[component_container-11] 	 38.570	ErrPose	  0.357	  0.178	  0.002	 -0.011
[component_container-11] 	 38.570	ErrTwis	 -0.412	  0.158	  0.017	  0.009
[component_container-11] 	 38.570	    GPS	  1.217	  4.800	  4.993	     --
[component_container-11] 	 38.570	   Baro	     --	     --	  4.705	     --
[component_container-11] 	 38.570	  BBias	     --	     --	 -0.301	     --
[component_container-11] 	 38.570	  Sonar	     --	     --	  2.488	     --
[component_container-11] 	 38.570	  Magnt	     --	     --	     --	  1.882
[component_container-11] 
[component_container-11] 	 38.600	   Pose	  1.212	  4.940	  4.986	  1.884
[component_container-11] 	 38.600	  Twist	 -0.045	  0.505	 -0.031	 -0.272
[component_container-11] 	 38.600	ErrPose	  0.339	  0.135	  0.001	 -0.014
[component_container-11] 	 38.600	ErrTwis	 -0.450	  0.149	  0.021	 -0.007
[component_container-11] 	 38.600	    GPS	  1.217	  4.800	  4.993	     --
[component_container-11] 	 38.600	   Baro	     --	     --	  4.705	     --
[component_container-11] 	 38.600	  BBias	     --	     --	 -0.301	     --
[component_container-11] 	 38.600	  Sonar	     --	     --	  2.488	     --
[component_container-11] 	 38.600	  Magnt	     --	     --	     --	  1.882
[component_container-11] 
[component_container-11] 	 38.640	   Pose	  1.210	  4.960	  4.991	  1.873
[component_container-11] 	 38.640	  Twist	 -0.045	  0.509	 -0.025	 -0.285
[component_container-11] 	 38.640	ErrPose	  0.323	  0.086	 -0.005	 -0.014
[component_container-11] 	 38.640	ErrTwis	 -0.488	  0.139	  0.018	  0.005
[component_container-11] 	 38.640	    GPS	  1.217	  4.800	  4.993	     --
[component_container-11] 	 38.640	   Baro	     --	     --	  4.753	     --
[component_container-11] 	 38.640	  BBias	     --	     --	 -0.301	     --
[component_container-11] 	 38.640	  Sonar	     --	     --	  2.527	     --
[component_container-11] 	 38.640	  Magnt	     --	     --	     --	  1.882
[component_container-11] 
[component_container-11] 	 38.670	   Pose	  1.209	  4.975	  4.986	  1.865
[component_container-11] 	 38.670	  Twist	 -0.045	  0.513	 -0.029	 -0.284
[component_container-11] 	 38.670	ErrPose	  0.316	  0.056	 -0.002	 -0.011
[component_container-11] 	 38.670	ErrTwis	 -0.506	  0.131	  0.022	  0.005
[component_container-11] 	 38.670	    GPS	  1.217	  4.800	  4.993	     --
[component_container-11] 	 38.670	   Baro	     --	     --	  4.649	     --
[component_container-11] 	 38.670	  BBias	     --	     --	 -0.301	     --
[component_container-11] 	 38.670	  Sonar	     --	     --	  2.936	     --
[component_container-11] 	 38.670	  Magnt	     --	     --	     --	  1.862
[component_container-11] 
[component_container-11] 	 38.700	   Pose	  1.207	  4.991	  4.986	  1.856
[component_container-11] 	 38.700	  Twist	 -0.045	  0.517	 -0.029	 -0.253
[component_container-11] 	 38.700	ErrPose	  0.299	  0.010	 -0.004	 -0.014
[component_container-11] 	 38.700	ErrTwis	 -0.542	  0.119	  0.024	 -0.027
[component_container-11] 	 38.700	    GPS	  1.217	  4.800	  4.993	     --
[component_container-11] 	 38.700	   Baro	     --	     --	  4.649	     --
[component_container-11] 	 38.700	  BBias	     --	     --	 -0.301	     --
[component_container-11] 	 38.700	  Sonar	     --	     --	  2.936	     --
[component_container-11] 	 38.700	  Magnt	     --	     --	     --	  1.862
[component_container-11] 
[component_container-11] 	 38.740	   Pose	  1.205	  5.011	  4.987	  1.847
[component_container-11] 	 38.740	  Twist	 -0.045	  0.522	 -0.026	 -0.276
[component_container-11] 	 38.740	ErrPose	  0.284	 -0.042	 -0.008	 -0.015
[component_container-11] 	 38.740	ErrTwis	 -0.576	  0.105	  0.024	 -0.003
[component_container-11] 	 38.740	    GPS	  1.217	  4.800	  4.993	     --
[component_container-11] 	 38.740	   Baro	     --	     --	  4.719	     --
[component_container-11] 	 38.740	  BBias	     --	     --	 -0.301	     --
[component_container-11] 	 38.740	  Sonar	     --	     --	  3.295	     --
[component_container-11] 	 38.740	  Magnt	     --	     --	     --	  1.908
[component_container-11] 
[component_container-11] 	 38.770	   Pose	  1.204	  5.027	  4.982	  1.838
[component_container-11] 	 38.770	  Twist	 -0.045	  0.525	 -0.031	 -0.278
[component_container-11] 	 38.770	ErrPose	  0.277	 -0.074	 -0.003	 -0.012
[component_container-11] 	 38.770	ErrTwis	 -0.594	  0.097	  0.032	 -0.001
[component_container-11] 	 38.770	    GPS	  1.217	  4.800	  4.993	     --
[component_container-11] 	 38.770	   Baro	     --	     --	  4.633	     --
[component_container-11] 	 38.770	  BBias	     --	     --	 -0.301	     --
[component_container-11] 	 38.770	  Sonar	     --	     --	    inf	     --
[component_container-11] 	 38.770	  Magnt	     --	     --	     --	  1.818
[component_container-11] 
[component_container-11] 	 38.800	   Pose	  1.203	  5.043	  4.981	  1.829
[component_container-11] 	 38.800	  Twist	 -0.045	  0.529	 -0.031	 -0.265
[component_container-11] 	 38.800	ErrPose	  0.262	 -0.123	 -0.005	 -0.015
[component_container-11] 	 38.800	ErrTwis	 -0.629	  0.084	  0.032	 -0.015
[component_container-11] 	 38.800	    GPS	  1.217	  4.800	  4.993	     --
[component_container-11] 	 38.800	   Baro	     --	     --	  4.633	     --
[component_container-11] 	 38.800	  BBias	     --	     --	 -0.301	     --
[component_container-11] 	 38.800	  Sonar	     --	     --	    inf	     --
[component_container-11] 	 38.800	  Magnt	     --	     --	     --	  1.818
[component_container-11] 
[component_container-11] 	 38.840	   Pose	  1.201	  5.064	  4.990	  1.819
[component_container-11] 	 38.840	  Twist	 -0.044	  0.536	 -0.020	 -0.260
[component_container-11] 	 38.840	ErrPose	  0.247	 -0.178	 -0.016	 -0.016
[component_container-11] 	 38.840	ErrTwis	 -0.662	  0.068	  0.022	 -0.020
[component_container-11] 	 38.840	    GPS	  1.217	  4.800	  4.993	     --
[component_container-11] 	 38.840	   Baro	     --	     --	  4.799	     --
[component_container-11] 	 38.840	  BBias	     --	     --	 -0.301	     --
[component_container-11] 	 38.840	  Sonar	     --	     --	    inf	     --
[component_container-11] 	 38.840	  Magnt	     --	     --	     --	  1.862
[component_container-11] 
[component_container-11] 	 38.870	   Pose	  1.200	  5.080	  4.989	  1.811
[component_container-11] 	 38.870	  Twist	 -0.044	  0.541	 -0.021	 -0.268
[component_container-11] 	 38.870	ErrPose	  0.240	 -0.212	 -0.016	 -0.013
[component_container-11] 	 38.870	ErrTwis	 -0.679	  0.058	  0.024	 -0.012
[component_container-11] 	 38.870	    GPS	  1.217	  4.800	  4.993	     --
[component_container-11] 	 38.870	   Baro	     --	     --	  4.684	     --
[component_container-11] 	 38.870	  BBias	     --	     --	 -0.301	     --
[component_container-11] 	 38.870	  Sonar	     --	     --	    inf	     --
[component_container-11] 	 38.870	  Magnt	     --	     --	     --	  1.813
[component_container-11] 
[component_container-11] 	 38.900	   Pose	  1.198	  5.097	  4.989	  1.803
[component_container-11] 	 38.900	  Twist	 -0.044	  0.545	 -0.022	 -0.259
[component_container-11] 	 38.900	ErrPose	  0.226	 -0.263	 -0.017	 -0.016
[component_container-11] 	 38.900	ErrTwis	 -0.710	  0.044	  0.029	 -0.020
[component_container-11] 	 38.900	    GPS	  1.217	  4.800	  4.993	     --
[component_container-11] 	 38.900	   Baro	     --	     --	  4.684	     --
[component_container-11] 	 38.900	  BBias	     --	     --	 -0.301	     --
[component_container-11] 	 38.900	  Sonar	     --	     --	    inf	     --
[component_container-11] 	 38.900	  Magnt	     --	     --	     --	  1.813
[component_container-11] 
[component_container-11] 	 38.940	   Pose	  1.196	  5.119	  4.983	  1.792
[component_container-11] 	 38.940	  Twist	 -0.043	  0.550	 -0.028	 -0.270
[component_container-11] 	 38.940	ErrPose	  0.212	 -0.321	 -0.014	 -0.017
[component_container-11] 	 38.940	ErrTwis	 -0.742	  0.028	  0.036	 -0.009
[component_container-11] 	 38.940	    GPS	  1.217	  4.800	  4.993	     --
[component_container-11] 	 38.940	   Baro	     --	     --	  4.637	     --
[component_container-11] 	 38.940	  BBias	     --	     --	 -0.301	     --
[component_container-11] 	 38.940	  Sonar	     --	     --	    inf	     --
[component_container-11] 	 38.940	  Magnt	     --	     --	     --	  1.820
[component_container-11] 
[component_container-11] 	 38.970	   Pose	  1.195	  5.135	  4.977	  1.784
[component_container-11] 	 38.970	  Twist	 -0.044	  0.555	 -0.035	 -0.281
[component_container-11] 	 38.970	ErrPose	  0.205	 -0.356	 -0.008	 -0.014
[component_container-11] 	 38.970	ErrTwis	 -0.757	  0.017	  0.042	  0.001
[component_container-11] 	 38.970	    GPS	  1.217	  4.800	  4.993	     --
[component_container-11] 	 38.970	   Baro	     --	     --	  4.621	     --
[component_container-11] 	 38.970	  BBias	     --	     --	 -0.301	     --
[component_container-11] 	 38.970	  Sonar	     --	     --	    inf	     --
[component_container-11] 	 38.970	  Magnt	     --	     --	     --	  1.797
[component_container-11] 
[component_container-11] [INFO] [1775320718.630793164] [drone.controller]: cmd_vel body=(-0.818, 0.575, 0.014) yaw=-0.300 | odom_received=true | plan_points=78
[component_container-11] 	 39.000	   Pose	  1.194	  5.152	  4.976	  1.776
[component_container-11] 	 39.000	  Twist	 -0.044	  0.560	 -0.034	 -0.291
[component_container-11] 	 39.000	ErrPose	  0.192	 -0.411	 -0.009	 -0.017
[component_container-11] 	 39.000	ErrTwis	 -0.785	  0.000	  0.041	  0.012
[component_container-11] 	 39.000	    GPS	  1.217	  4.800	  4.993	     --
[component_container-11] 	 39.000	   Baro	     --	     --	  4.621	     --
[component_container-11] 	 39.000	  BBias	     --	     --	 -0.301	     --
[component_container-11] 	 39.000	  Sonar	     --	     --	    inf	     --
[component_container-11] 	 39.000	  Magnt	     --	     --	     --	  1.797
[component_container-11] 
[component_container-11] [INFO] [1775320718.631206467] [drone.estimator]: TMP LOG err_xyz=(0.192, -0.411, -0.009) | z_est=4.976 vz_est=-0.034 bias=-0.301 | gps_z=4.993 sonar=inf baro=4.621
[component_container-11] 	 39.040	   Pose	  1.175	  4.945	  4.979	  1.764
[component_container-11] 	 39.040	  Twist	 -0.049	  0.489	 -0.030	 -0.286
[component_container-11] 	 39.040	ErrPose	  0.195	 -0.242	 -0.015	 -0.017
[component_container-11] 	 39.040	ErrTwis	 -0.808	  0.060	  0.040	  0.007
[component_container-11] 	 39.040	    GPS	  1.136	  4.375	  4.966	     --
[component_container-11] 	 39.040	   Baro	     --	     --	  4.757	     --
[component_container-11] 	 39.040	  BBias	     --	     --	 -0.301	     --
[component_container-11] 	 39.040	  Sonar	     --	     --	    inf	     --
[component_container-11] 	 39.040	  Magnt	     --	     --	     --	  1.775
[component_container-11] 
[component_container-11] 	 39.070	   Pose	  1.174	  4.960	  4.974	  1.755
[component_container-11] 	 39.070	  Twist	 -0.049	  0.493	 -0.034	 -0.268
[component_container-11] 	 39.070	ErrPose	  0.189	 -0.277	 -0.011	 -0.013
[component_container-11] 	 39.070	ErrTwis	 -0.822	  0.051	  0.046	 -0.011
[component_container-11] 	 39.070	    GPS	  1.136	  4.375	  4.966	     --
[component_container-11] 	 39.070	   Baro	     --	     --	  4.626	     --
[component_container-11] 	 39.070	  BBias	     --	     --	 -0.301	     --
[component_container-11] 	 39.070	  Sonar	     --	     --	    inf	     --
[component_container-11] 	 39.070	  Magnt	     --	     --	     --	  1.721
[component_container-11] 
[component_container-11] 	 39.100	   Pose	  1.172	  4.975	  4.973	  1.747
[component_container-11] 	 39.100	  Twist	 -0.049	  0.498	 -0.035	 -0.280
[component_container-11] 	 39.100	ErrPose	  0.176	 -0.331	 -0.012	 -0.016
[component_container-11] 	 39.100	ErrTwis	 -0.849	  0.034	  0.046	  0.001
[component_container-11] 	 39.100	    GPS	  1.136	  4.375	  4.966	     --
[component_container-11] 	 39.100	   Baro	     --	     --	  4.626	     --
[component_container-11] 	 39.100	  BBias	     --	     --	 -0.301	     --
[component_container-11] 	 39.100	  Sonar	     --	     --	    inf	     --
[component_container-11] 	 39.100	  Magnt	     --	     --	     --	  1.721
[component_container-11] 
[component_container-11] 	 39.140	   Pose	  1.170	  4.995	  4.969	  1.735
[component_container-11] 	 39.140	  Twist	 -0.050	  0.506	 -0.039	 -0.271
[component_container-11] 	 39.140	ErrPose	  0.164	 -0.392	 -0.010	 -0.016
[component_container-11] 	 39.140	ErrTwis	 -0.874	  0.014	  0.050	 -0.008
[component_container-11] 	 39.140	    GPS	  1.136	  4.375	  4.966	     --
[component_container-11] 	 39.140	   Baro	     --	     --	  4.643	     --
[component_container-11] 	 39.140	  BBias	     --	     --	 -0.301	     --
[component_container-11] 	 39.140	  Sonar	     --	     --	    inf	     --
[component_container-11] 	 39.140	  Magnt	     --	     --	     --	  1.699
[component_container-11] 
[component_container-11] 	 39.170	   Pose	  1.169	  5.010	  4.966	  1.727
[component_container-11] 	 39.170	  Twist	 -0.050	  0.511	 -0.041	 -0.269
[component_container-11] 	 39.170	ErrPose	  0.158	 -0.427	 -0.007	 -0.013
[component_container-11] 	 39.170	ErrTwis	 -0.886	  0.003	  0.054	 -0.010
[component_container-11] 	 39.170	    GPS	  1.136	  4.375	  4.966	     --
[component_container-11] 	 39.170	   Baro	     --	     --	  4.637	     --
[component_container-11] 	 39.170	  BBias	     --	     --	 -0.301	     --
[component_container-11] 	 39.170	  Sonar	     --	     --	    inf	     --
[component_container-11] 	 39.170	  Magnt	     --	     --	     --	  1.720
[component_container-11] 
[component_container-11] 	 39.200	   Pose	  1.167	  5.025	  4.964	  1.718
[component_container-11] 	 39.200	  Twist	 -0.050	  0.516	 -0.042	 -0.293
[component_container-11] 	 39.200	ErrPose	  0.145	 -0.484	 -0.007	 -0.016
[component_container-11] 	 39.200	ErrTwis	 -0.910	 -0.013	  0.059	  0.014
[component_container-11] 	 39.200	    GPS	  1.136	  4.375	  4.966	     --
[component_container-11] 	 39.200	   Baro	     --	     --	  4.637	     --
[component_container-11] 	 39.200	  BBias	     --	     --	 -0.301	     --
[component_container-11] 	 39.200	  Sonar	     --	     --	    inf	     --
[component_container-11] 	 39.200	  Magnt	     --	     --	     --	  1.720
[component_container-11] 
[component_container-11] 	 39.240	   Pose	  1.165	  5.046	  4.959	  1.707
[component_container-11] 	 39.240	  Twist	 -0.050	  0.523	 -0.047	 -0.283
[component_container-11] 	 39.240	ErrPose	  0.133	 -0.547	 -0.004	 -0.016
[component_container-11] 	 39.240	ErrTwis	 -0.934	 -0.031	  0.062	  0.004
[component_container-11] 	 39.240	    GPS	  1.136	  4.375	  4.966	     --
[component_container-11] 	 39.240	   Baro	     --	     --	  4.620	     --
[component_container-11] 	 39.240	  BBias	     --	     --	 -0.301	     --
[component_container-11] 	 39.240	  Sonar	     --	     --	    inf	     --
[component_container-11] 	 39.240	  Magnt	     --	     --	     --	  1.710
[component_container-11] 
[component_container-11] 	 39.270	   Pose	  1.164	  5.062	  4.959	  1.698
[component_container-11] 	 39.270	  Twist	 -0.051	  0.528	 -0.046	 -0.267
[component_container-11] 	 39.270	ErrPose	  0.127	 -0.584	 -0.005	 -0.012
[component_container-11] 	 39.270	ErrTwis	 -0.945	 -0.042	  0.060	 -0.012
[component_container-11] 	 39.270	    GPS	  1.136	  4.375	  4.966	     --
[component_container-11] 	 39.270	   Baro	     --	     --	  4.675	     --
[component_container-11] 	 39.270	  BBias	     --	     --	 -0.301	     --
[component_container-11] 	 39.270	  Sonar	     --	     --	    inf	     --
[component_container-11] 	 39.270	  Magnt	     --	     --	     --	  1.683
[component_container-11] 
[component_container-11] 	 39.300	   Pose	  1.162	  5.078	  4.958	  1.690
[component_container-11] 	 39.300	  Twist	 -0.051	  0.534	 -0.045	 -0.261
[component_container-11] 	 39.300	ErrPose	  0.115	 -0.643	 -0.005	 -0.016
[component_container-11] 	 39.300	ErrTwis	 -0.966	 -0.057	  0.062	 -0.018
[component_container-11] 	 39.300	    GPS	  1.136	  4.375	  4.966	     --
[component_container-11] 	 39.300	   Baro	     --	     --	  4.675	     --
[component_container-11] 	 39.300	  BBias	     --	     --	 -0.301	     --
[component_container-11] 	 39.300	  Sonar	     --	     --	    inf	     --
[component_container-11] 	 39.300	  Magnt	     --	     --	     --	  1.683
[component_container-11] 
[component_container-11] 	 39.340	   Pose	  1.160	  5.099	  4.954	  1.679
[component_container-11] 	 39.340	  Twist	 -0.051	  0.541	 -0.048	 -0.276
[component_container-11] 	 39.340	ErrPose	  0.103	 -0.708	 -0.003	 -0.016
[component_container-11] 	 39.340	ErrTwis	 -0.985	 -0.074	  0.067	 -0.003
[component_container-11] 	 39.340	    GPS	  1.136	  4.375	  4.966	     --
[component_container-11] 	 39.340	   Baro	     --	     --	  4.638	     --
[component_container-11] 	 39.340	  BBias	     --	     --	 -0.301	     --
[component_container-11] 	 39.340	  Sonar	     --	     --	    inf	     --
[component_container-11] 	 39.340	  Magnt	     --	     --	     --	  1.692
[component_container-11] 
[component_container-11] 	 39.370	   Pose	  1.159	  5.116	  4.952	  1.670
[component_container-11] 	 39.370	  Twist	 -0.051	  0.547	 -0.049	 -0.283
[component_container-11] 	 39.370	ErrPose	  0.097	 -0.746	 -0.002	 -0.012
[component_container-11] 	 39.370	ErrTwis	 -0.996	 -0.085	  0.068	  0.004
[component_container-11] 	 39.370	    GPS	  1.136	  4.375	  4.966	     --
[component_container-11] 	 39.370	   Baro	     --	     --	  4.643	     --
[component_container-11] 	 39.370	  BBias	     --	     --	 -0.301	     --
[component_container-11] 	 39.370	  Sonar	     --	     --	    inf	     --
[component_container-11] 	 39.370	  Magnt	     --	     --	     --	  1.644
[component_container-11] 
[component_container-11] 	 39.400	   Pose	  1.157	  5.132	  4.951	  1.661
[component_container-11] 	 39.400	  Twist	 -0.051	  0.553	 -0.050	 -0.284
[component_container-11] 	 39.400	ErrPose	  0.084	 -0.807	 -0.002	 -0.015
[component_container-11] 	 39.400	ErrTwis	 -1.015	 -0.102	  0.065	  0.005
[component_container-11] 	 39.400	    GPS	  1.136	  4.375	  4.966	     --
[component_container-11] 	 39.400	   Baro	     --	     --	  4.643	     --
[component_container-11] 	 39.400	  BBias	     --	     --	 -0.301	     --
[component_container-11] 	 39.400	  Sonar	     --	     --	    inf	     --
[component_container-11] 	 39.400	  Magnt	     --	     --	     --	  1.644
[component_container-11] 
[component_container-11] 	 39.440	   Pose	  1.155	  5.154	  4.952	  1.650
[component_container-11] 	 39.440	  Twist	 -0.050	  0.561	 -0.046	 -0.253
[component_container-11] 	 39.440	ErrPose	  0.072	 -0.874	 -0.004	 -0.015
[component_container-11] 	 39.440	ErrTwis	 -1.033	 -0.121	  0.062	 -0.026
[component_container-11] 	 39.440	    GPS	  1.136	  4.375	  4.966	     --
[component_container-11] 	 39.440	   Baro	     --	     --	  4.683	     --
[component_container-11] 	 39.440	  BBias	     --	     --	 -0.301	     --
[component_container-11] 	 39.440	  Sonar	     --	     --	    inf	     --
[component_container-11] 	 39.440	  Magnt	     --	     --	     --	  1.657
[component_container-11] 
[component_container-11] 	 39.470	   Pose	  1.153	  5.171	  4.944	  1.641
[component_container-11] 	 39.470	  Twist	 -0.050	  0.567	 -0.053	 -0.280
[component_container-11] 	 39.470	ErrPose	  0.067	 -0.914	  0.002	 -0.011
[component_container-11] 	 39.470	ErrTwis	 -1.041	 -0.132	  0.070	  0.001
[component_container-11] 	 39.470	    GPS	  1.136	  4.375	  4.966	     --
[component_container-11] 	 39.470	   Baro	     --	     --	  4.586	     --
[component_container-11] 	 39.470	  BBias	     --	     --	 -0.301	     --
[component_container-11] 	 39.470	  Sonar	     --	     --	    inf	     --
[component_container-11] 	 39.470	  Magnt	     --	     --	     --	  1.603
[component_container-11] 
[component_container-11] 	 39.500	   Pose	  1.152	  5.188	  4.943	  1.633
[component_container-11] 	 39.500	  Twist	 -0.050	  0.572	 -0.053	 -0.273
[component_container-11] 	 39.500	ErrPose	  0.054	 -0.977	  0.002	 -0.014
[component_container-11] 	 39.500	ErrTwis	 -1.058	 -0.149	  0.071	 -0.005
[component_container-11] 	 39.500	    GPS	  1.136	  4.375	  4.966	     --
[component_container-11] 	 39.500	   Baro	     --	     --	  4.586	     --
[component_container-11] 	 39.500	  BBias	     --	     --	 -0.301	     --
[component_container-11] 	 39.500	  Sonar	     --	     --	    inf	     --
[component_container-11] 	 39.500	  Magnt	     --	     --	     --	  1.603
[component_container-11] 
[component_container-11] 	 39.540	   Pose	  1.089	  4.898	  4.949	  1.622
[component_container-11] 	 39.540	  Twist	 -0.071	  0.474	 -0.045	 -0.287
[component_container-11] 	 39.540	ErrPose	  0.102	 -0.733	 -0.006	 -0.014
[component_container-11] 	 39.540	ErrTwis	 -1.053	 -0.062	  0.060	  0.008
[component_container-11] 	 39.540	    GPS	  0.947	  4.136	  4.945	     --
[component_container-11] 	 39.540	   Baro	     --	     --	  4.748	     --
[component_container-11] 	 39.540	  BBias	     --	     --	 -0.301	     --
[component_container-11] 	 39.540	  Sonar	     --	     --	    inf	     --
[component_container-11] 	 39.540	  Magnt	     --	     --	     --	  1.616
[component_container-11] 
[component_container-11] 	 39.570	   Pose	  1.087	  4.913	  4.957	  1.613
[component_container-11] 	 39.570	  Twist	 -0.071	  0.480	 -0.035	 -0.271
[component_container-11] 	 39.570	ErrPose	  0.097	 -0.770	 -0.014	 -0.011
[component_container-11] 	 39.570	ErrTwis	 -1.060	 -0.074	  0.049	 -0.008
[component_container-11] 	 39.570	    GPS	  0.947	  4.136	  4.945	     --
[component_container-11] 	 39.570	   Baro	     --	     --	  4.762	     --
[component_container-11] 	 39.570	  BBias	     --	     --	 -0.301	     --
[component_container-11] 	 39.570	  Sonar	     --	     --	    inf	     --
[component_container-11] 	 39.570	  Magnt	     --	     --	     --	  1.586
[component_container-11] 
[component_container-11] 	 39.600	   Pose	  1.085	  4.927	  4.956	  1.605
[component_container-11] 	 39.600	  Twist	 -0.072	  0.486	 -0.035	 -0.271
[component_container-11] 	 39.600	ErrPose	  0.085	 -0.831	 -0.014	 -0.014
[component_container-11] 	 39.600	ErrTwis	 -1.072	 -0.092	  0.051	 -0.007
[component_container-11] 	 39.600	    GPS	  0.947	  4.136	  4.945	     --
[component_container-11] 	 39.600	   Baro	     --	     --	  4.762	     --
[component_container-11] 	 39.600	  BBias	     --	     --	 -0.301	     --
[component_container-11] 	 39.600	  Sonar	     --	     --	    inf	     --
[component_container-11] 	 39.600	  Magnt	     --	     --	     --	  1.586
[component_container-11] 
[component_container-11] 	 39.640	   Pose	  1.082	  4.947	  4.950	  1.593
[component_container-11] 	 39.640	  Twist	 -0.072	  0.493	 -0.041	 -0.279
[component_container-11] 	 39.640	ErrPose	  0.073	 -0.897	 -0.009	 -0.013
[component_container-11] 	 39.640	ErrTwis	 -1.085	 -0.111	  0.058	  0.000
[component_container-11] 	 39.640	    GPS	  0.947	  4.136	  4.945	     --
[component_container-11] 	 39.640	   Baro	     --	     --	  4.604	     --
[component_container-11] 	 39.640	  BBias	     --	     --	 -0.301	     --
[component_container-11] 	 39.640	  Sonar	     --	     --	    inf	     --
[component_container-11] 	 39.640	  Magnt	     --	     --	     --	  1.575
[component_container-11] 
[component_container-11] 	 39.670	   Pose	  1.080	  4.962	  4.938	  1.584
[component_container-11] 	 39.670	  Twist	 -0.072	  0.500	 -0.053	 -0.265
[component_container-11] 	 39.670	ErrPose	  0.068	 -0.936	  0.003	 -0.010
[component_container-11] 	 39.670	ErrTwis	 -1.090	 -0.123	  0.069	 -0.014
[component_container-11] 	 39.670	    GPS	  0.947	  4.136	  4.945	     --
[component_container-11] 	 39.670	   Baro	     --	     --	  4.509	     --
[component_container-11] 	 39.670	  BBias	     --	     --	 -0.301	     --
[component_container-11] 	 39.670	  Sonar	     --	     --	    inf	     --
[component_container-11] 	 39.670	  Magnt	     --	     --	     --	  1.565
[component_container-11] 
[component_container-11] 	 39.700	   Pose	  1.078	  4.977	  4.936	  1.576
[component_container-11] 	 39.700	  Twist	 -0.072	  0.506	 -0.054	 -0.280
[component_container-11] 	 39.700	ErrPose	  0.056	 -0.998	  0.003	 -0.013
[component_container-11] 	 39.700	ErrTwis	 -1.101	 -0.141	  0.067	  0.001
[component_container-11] 	 39.700	    GPS	  0.947	  4.136	  4.945	     --
[component_container-11] 	 39.700	   Baro	     --	     --	  4.509	     --
[component_container-11] 	 39.700	  BBias	     --	     --	 -0.301	     --
[component_container-11] 	 39.700	  Sonar	     --	     --	    inf	     --
[component_container-11] 	 39.700	  Magnt	     --	     --	     --	  1.565
[component_container-11] 
[component_container-11] 	 39.740	   Pose	  1.075	  4.997	  4.938	  1.564
[component_container-11] 	 39.740	  Twist	 -0.073	  0.515	 -0.050	 -0.284
[component_container-11] 	 39.740	ErrPose	  0.044	 -1.066	  0.001	 -0.013
[component_container-11] 	 39.740	ErrTwis	 -1.110	 -0.160	  0.064	  0.005
[component_container-11] 	 39.740	    GPS	  0.947	  4.136	  4.945	     --
[component_container-11] 	 39.740	   Baro	     --	     --	  4.676	     --
[component_container-11] 	 39.740	  BBias	     --	     --	 -0.301	     --
[component_container-11] 	 39.740	  Sonar	     --	     --	    inf	     --
[component_container-11] 	 39.740	  Magnt	     --	     --	     --	  1.554
[component_container-11] 
[component_container-11] 	 39.770	   Pose	  1.073	  5.013	  4.925	  1.555
[component_container-11] 	 39.770	  Twist	 -0.072	  0.521	 -0.061	 -0.270
[component_container-11] 	 39.770	ErrPose	  0.039	 -1.105	  0.013	 -0.009
[component_container-11] 	 39.770	ErrTwis	 -1.115	 -0.171	  0.078	 -0.009
[component_container-11] 	 39.770	    GPS	  0.947	  4.136	  4.945	     --
[component_container-11] 	 39.770	   Baro	     --	     --	  4.505	     --
[component_container-11] 	 39.770	  BBias	     --	     --	 -0.301	     --
[component_container-11] 	 39.770	  Sonar	     --	     --	    inf	     --
[component_container-11] 	 39.770	  Magnt	     --	     --	     --	  1.538
[component_container-11] 
[component_container-11] 	 39.800	   Pose	  1.071	  5.028	  4.923	  1.547
[component_container-11] 	 39.800	  Twist	 -0.072	  0.526	 -0.061	 -0.284
[component_container-11] 	 39.800	ErrPose	  0.027	 -1.168	  0.014	 -0.012
[component_container-11] 	 39.800	ErrTwis	 -1.124	 -0.187	  0.078	  0.005
[component_container-11] 	 39.800	    GPS	  0.947	  4.136	  4.945	     --
[component_container-11] 	 39.800	   Baro	     --	     --	  4.505	     --
[component_container-11] 	 39.800	  BBias	     --	     --	 -0.301	     --
[component_container-11] 	 39.800	  Sonar	     --	     --	    inf	     --
[component_container-11] 	 39.800	  Magnt	     --	     --	     --	  1.538
[component_container-11] 
[component_container-11] 	 39.840	   Pose	  1.068	  5.049	  4.924	  1.535
[component_container-11] 	 39.840	  Twist	 -0.071	  0.534	 -0.058	 -0.271
[component_container-11] 	 39.840	ErrPose	  0.014	 -1.237	  0.013	 -0.011
[component_container-11] 	 39.840	ErrTwis	 -1.132	 -0.205	  0.071	 -0.009
[component_container-11] 	 39.840	    GPS	  0.947	  4.136	  4.945	     --
[component_container-11] 	 39.840	   Baro	     --	     --	  4.656	     --
[component_container-11] 	 39.840	  BBias	     --	     --	 -0.301	     --
[component_container-11] 	 39.840	  Sonar	     --	     --	    inf	     --
[component_container-11] 	 39.840	  Magnt	     --	     --	     --	  1.489
[component_container-11] 
[component_container-11] 	 39.870	   Pose	  1.066	  5.066	  4.915	  1.526
[component_container-11] 	 39.870	  Twist	 -0.071	  0.541	 -0.065	 -0.291
[component_container-11] 	 39.870	ErrPose	  0.009	 -1.277	  0.021	 -0.008
[component_container-11] 	 39.870	ErrTwis	 -1.136	 -0.216	  0.078	  0.012
[component_container-11] 	 39.870	    GPS	  0.947	  4.136	  4.945	     --
[component_container-11] 	 39.870	   Baro	     --	     --	  4.540	     --
[component_container-11] 	 39.870	  BBias	     --	     --	 -0.301	     --
[component_container-11] 	 39.870	  Sonar	     --	     --	    inf	     --
[component_container-11] 	 39.870	  Magnt	     --	     --	     --	  1.510
[component_container-11] 
[component_container-11] 	 39.900	   Pose	  1.064	  5.082	  4.913	  1.518
[component_container-11] 	 39.900	  Twist	 -0.071	  0.547	 -0.064	 -0.276
[component_container-11] 	 39.900	ErrPose	 -0.004	 -1.341	  0.023	 -0.011
[component_container-11] 	 39.900	ErrTwis	 -1.141	 -0.233	  0.080	 -0.003
[component_container-11] 	 39.900	    GPS	  0.947	  4.136	  4.945	     --
[component_container-11] 	 39.900	   Baro	     --	     --	  4.540	     --
[component_container-11] 	 39.900	  BBias	     --	     --	 -0.301	     --
[component_container-11] 	 39.900	  Sonar	     --	     --	    inf	     --
[component_container-11] 	 39.900	  Magnt	     --	     --	     --	  1.510
[component_container-11] 
[component_container-11] 	 39.940	   Pose	  1.061	  5.104	  4.914	  1.507
[component_container-11] 	 39.940	  Twist	 -0.072	  0.555	 -0.060	 -0.275
[component_container-11] 	 39.940	ErrPose	 -0.016	 -1.411	  0.022	 -0.011
[component_container-11] 	 39.940	ErrTwis	 -1.146	 -0.251	  0.076	 -0.004
[component_container-11] 	 39.940	    GPS	  0.947	  4.136	  4.945	     --
[component_container-11] 	 39.940	   Baro	     --	     --	  4.647	     --
[component_container-11] 	 39.940	  BBias	     --	     --	 -0.301	     --
[component_container-11] 	 39.940	  Sonar	     --	     --	    inf	     --
[component_container-11] 	 39.940	  Magnt	     --	     --	     --	  1.507
[component_container-11] 
[component_container-11] 	 39.970	   Pose	  1.059	  5.121	  4.909	  1.499
[component_container-11] 	 39.970	  Twist	 -0.072	  0.561	 -0.062	 -0.270
[component_container-11] 	 39.970	ErrPose	 -0.022	 -1.452	  0.026	 -0.009
[component_container-11] 	 39.970	ErrTwis	 -1.148	 -0.264	  0.077	 -0.009
[component_container-11] 	 39.970	    GPS	  0.947	  4.136	  4.945	     --
[component_container-11] 	 39.970	   Baro	     --	     --	  4.585	     --
[component_container-11] 	 39.970	  BBias	     --	     --	 -0.301	     --
[component_container-11] 	 39.970	  Sonar	     --	     --	    inf	     --
[component_container-11] 	 39.970	  Magnt	     --	     --	     --	  1.513
[component_container-11] 
[component_container-11] [INFO] [1775320719.634980892] [drone.controller]: cmd_vel body=(-0.952, 0.305, 0.017) yaw=-0.300 | odom_received=true | plan_points=78
[component_container-11] 	 40.000	   Pose	  1.056	  5.138	  4.908	  1.491
[component_container-11] 	 40.000	  Twist	 -0.072	  0.568	 -0.062	 -0.284
[component_container-11] 	 40.000	ErrPose	 -0.035	 -1.517	  0.027	 -0.012
[component_container-11] 	 40.000	ErrTwis	 -1.152	 -0.282	  0.074	  0.005
[component_container-11] 	 40.000	    GPS	  0.947	  4.136	  4.945	     --
[component_container-11] 	 40.000	   Baro	     --	     --	  4.585	     --
[component_container-11] 	 40.000	  BBias	     --	     --	 -0.301	     --
[component_container-11] 	 40.000	  Sonar	     --	     --	    inf	     --
[component_container-11] 	 40.000	  Magnt	     --	     --	     --	  1.513
[component_container-11] 
[component_container-11] [INFO] [1775320719.635336393] [drone.estimator]: TMP LOG err_xyz=(-0.035, -1.517, 0.027) | z_est=4.908 vz_est=-0.062 bias=-0.301 | gps_z=4.945 sonar=inf baro=4.585
[component_container-11] 	 40.040	   Pose	  0.956	  4.630	  4.909	  1.480
[component_container-11] 	 40.040	  Twist	 -0.105	  0.396	 -0.058	 -0.282
[component_container-11] 	 40.040	ErrPose	  0.050	 -1.057	  0.026	 -0.012
[component_container-11] 	 40.040	ErrTwis	 -1.121	 -0.121	  0.073	  0.003
[component_container-11] 	 40.040	    GPS	  0.727	  3.351	  4.935	     --
[component_container-11] 	 40.040	   Baro	     --	     --	  4.592	     --
[component_container-11] 	 40.040	  BBias	     --	     --	 -0.301	     --
[component_container-11] 	 40.040	  Sonar	     --	     --	    inf	     --
[component_container-11] 	 40.040	  Magnt	     --	     --	     --	  1.507
[component_container-11] 
[component_container-11] 	 40.070	   Pose	  0.953	  4.642	  4.903	  1.471
[component_container-11] 	 40.070	  Twist	 -0.104	  0.402	 -0.061	 -0.269
[component_container-11] 	 40.070	ErrPose	  0.045	 -1.093	  0.032	 -0.009
[component_container-11] 	 40.070	ErrTwis	 -1.122	 -0.132	  0.078	 -0.010
[component_container-11] 	 40.070	    GPS	  0.727	  3.351	  4.935	     --
[component_container-11] 	 40.070	   Baro	     --	     --	  4.558	     --
[component_container-11] 	 40.070	  BBias	     --	     --	 -0.301	     --
[component_container-11] 	 40.070	  Sonar	     --	     --	    inf	     --
[component_container-11] 	 40.070	  Magnt	     --	     --	     --	  1.432
[component_container-11] 
[component_container-11] 	 40.100	   Pose	  0.950	  4.654	  4.901	  1.463
[component_container-11] 	 40.100	  Twist	 -0.104	  0.408	 -0.060	 -0.277
[component_container-11] 	 40.100	ErrPose	  0.033	 -1.153	  0.033	 -0.012
[component_container-11] 	 40.100	ErrTwis	 -1.125	 -0.150	  0.076	 -0.002
[component_container-11] 	 40.100	    GPS	  0.727	  3.351	  4.935	     --
[component_container-11] 	 40.100	   Baro	     --	     --	  4.558	     --
[component_container-11] 	 40.100	  BBias	     --	     --	 -0.301	     --
[component_container-11] 	 40.100	  Sonar	     --	     --	    inf	     --
[component_container-11] 	 40.100	  Magnt	     --	     --	     --	  1.432
[component_container-11] 
[component_container-11] 	 40.140	   Pose	  0.946	  4.671	  4.900	  1.452
[component_container-11] 	 40.140	  Twist	 -0.104	  0.418	 -0.058	 -0.277
[component_container-11] 	 40.140	ErrPose	  0.021	 -1.217	  0.034	 -0.012
[component_container-11] 	 40.140	ErrTwis	 -1.126	 -0.171	  0.072	 -0.002
[component_container-11] 	 40.140	    GPS	  0.727	  3.351	  4.935	     --
[component_container-11] 	 40.140	   Baro	     --	     --	  4.619	     --
[component_container-11] 	 40.140	  BBias	     --	     --	 -0.301	     --
[component_container-11] 	 40.140	  Sonar	     --	     --	    inf	     --
[component_container-11] 	 40.140	  Magnt	     --	     --	     --	  1.494
[component_container-11] 
[component_container-11] 	 40.170	   Pose	  0.943	  4.684	  4.906	  1.444
[component_container-11] 	 40.170	  Twist	 -0.103	  0.424	 -0.048	 -0.281
[component_container-11] 	 40.170	ErrPose	  0.016	 -1.254	  0.028	 -0.010
[component_container-11] 	 40.170	ErrTwis	 -1.126	 -0.183	  0.063	  0.002
[component_container-11] 	 40.170	    GPS	  0.727	  3.351	  4.935	     --
[component_container-11] 	 40.170	   Baro	     --	     --	  4.694	     --
[component_container-11] 	 40.170	  BBias	     --	     --	 -0.301	     --
[component_container-11] 	 40.170	  Sonar	     --	     --	    inf	     --
[component_container-11] 	 40.170	  Magnt	     --	     --	     --	  1.467
[component_container-11] 
[component_container-11] 	 40.200	   Pose	  0.940	  4.696	  4.905	  1.436
[component_container-11] 	 40.200	  Twist	 -0.103	  0.430	 -0.048	 -0.272
[component_container-11] 	 40.200	ErrPose	  0.003	 -1.314	  0.030	 -0.013
[component_container-11] 	 40.200	ErrTwis	 -1.126	 -0.200	  0.068	 -0.007
[component_container-11] 	 40.200	    GPS	  0.727	  3.351	  4.935	     --
[component_container-11] 	 40.200	   Baro	     --	     --	  4.694	     --
[component_container-11] 	 40.200	  BBias	     --	     --	 -0.301	     --
[component_container-11] 	 40.200	  Sonar	     --	     --	    inf	     --
[component_container-11] 	 40.200	  Magnt	     --	     --	     --	  1.467
[component_container-11] 
[component_container-11] 	 40.240	   Pose	  0.936	  4.714	  4.903	  1.424
[component_container-11] 	 40.240	  Twist	 -0.103	  0.439	 -0.048	 -0.264
[component_container-11] 	 40.240	ErrPose	 -0.008	 -1.378	  0.032	 -0.012
[component_container-11] 	 40.240	ErrTwis	 -1.125	 -0.218	  0.068	 -0.015
[component_container-11] 	 40.240	    GPS	  0.727	  3.351	  4.935	     --
[component_container-11] 	 40.240	   Baro	     --	     --	  4.604	     --
[component_container-11] 	 40.240	  BBias	     --	     --	 -0.301	     --
[component_container-11] 	 40.240	  Sonar	     --	     --	    inf	     --
[component_container-11] 	 40.240	  Magnt	     --	     --	     --	  1.374
[component_container-11] 
[component_container-11] 	 40.270	   Pose	  0.933	  4.727	  4.898	  1.416
[component_container-11] 	 40.270	  Twist	 -0.103	  0.445	 -0.053	 -0.269
[component_container-11] 	 40.270	ErrPose	 -0.013	 -1.415	  0.038	 -0.010
[component_container-11] 	 40.270	ErrTwis	 -1.124	 -0.230	  0.072	 -0.010
[component_container-11] 	 40.270	    GPS	  0.727	  3.351	  4.935	     --
[component_container-11] 	 40.270	   Baro	     --	     --	  4.554	     --
[component_container-11] 	 40.270	  BBias	     --	     --	 -0.301	     --
[component_container-11] 	 40.270	  Sonar	     --	     --	    inf	     --
[component_container-11] 	 40.270	  Magnt	     --	     --	     --	  1.411
[component_container-11] 
[component_container-11] 	 40.300	   Pose	  0.929	  4.741	  4.896	  1.408
[component_container-11] 	 40.300	  Twist	 -0.103	  0.452	 -0.052	 -0.253
[component_container-11] 	 40.300	ErrPose	 -0.027	 -1.475	  0.040	 -0.013
[component_container-11] 	 40.300	ErrTwis	 -1.121	 -0.245	  0.071	 -0.026
[component_container-11] 	 40.300	    GPS	  0.727	  3.351	  4.935	     --
[component_container-11] 	 40.300	   Baro	     --	     --	  4.554	     --
[component_container-11] 	 40.300	  BBias	     --	     --	 -0.301	     --
[component_container-11] 	 40.300	  Sonar	     --	     --	    inf	     --
[component_container-11] 	 40.300	  Magnt	     --	     --	     --	  1.411
[component_container-11] 
[component_container-11] 	 40.340	   Pose	  0.925	  4.759	  4.899	  1.396
[component_container-11] 	 40.340	  Twist	 -0.103	  0.460	 -0.047	 -0.271
[component_container-11] 	 40.340	ErrPose	 -0.039	 -1.540	  0.037	 -0.012
[component_container-11] 	 40.340	ErrTwis	 -1.118	 -0.260	  0.068	 -0.008
[component_container-11] 	 40.340	    GPS	  0.727	  3.351	  4.935	     --
[component_container-11] 	 40.340	   Baro	     --	     --	  4.659	     --
[component_container-11] 	 40.340	  BBias	     --	     --	 -0.301	     --
[component_container-11] 	 40.340	  Sonar	     --	     --	    inf	     --
[component_container-11] 	 40.340	  Magnt	     --	     --	     --	  1.385
[component_container-11] 
[component_container-11] 	 40.370	   Pose	  0.922	  4.773	  4.895	  1.388
[component_container-11] 	 40.370	  Twist	 -0.103	  0.465	 -0.049	 -0.275
[component_container-11] 	 40.370	ErrPose	 -0.044	 -1.577	  0.042	 -0.010
[component_container-11] 	 40.370	ErrTwis	 -1.117	 -0.270	  0.072	 -0.005
[component_container-11] 	 40.370	    GPS	  0.727	  3.351	  4.935	     --
[component_container-11] 	 40.370	   Baro	     --	     --	  4.564	     --
[component_container-11] 	 40.370	  BBias	     --	     --	 -0.301	     --
[component_container-11] 	 40.370	  Sonar	     --	     --	    inf	     --
[component_container-11] 	 40.370	  Magnt	     --	     --	     --	  1.405
[component_container-11] 
[component_container-11] 	 40.400	   Pose	  0.919	  4.787	  4.894	  1.380
[component_container-11] 	 40.400	  Twist	 -0.102	  0.472	 -0.050	 -0.274
[component_container-11] 	 40.400	ErrPose	 -0.058	 -1.637	  0.044	 -0.013
[component_container-11] 	 40.400	ErrTwis	 -1.114	 -0.285	  0.070	 -0.005
[component_container-11] 	 40.400	    GPS	  0.727	  3.351	  4.935	     --
[component_container-11] 	 40.400	   Baro	     --	     --	  4.564	     --
[component_container-11] 	 40.400	  BBias	     --	     --	 -0.301	     --
[component_container-11] 	 40.400	  Sonar	     --	     --	    inf	     --
[component_container-11] 	 40.400	  Magnt	     --	     --	     --	  1.405
[component_container-11] 
[component_container-11] 	 40.440	   Pose	  0.915	  4.806	  4.896	  1.368
[component_container-11] 	 40.440	  Twist	 -0.101	  0.482	 -0.045	 -0.264
[component_container-11] 	 40.440	ErrPose	 -0.071	 -1.702	  0.043	 -0.012
[component_container-11] 	 40.440	ErrTwis	 -1.110	 -0.304	  0.063	 -0.015
[component_container-11] 	 40.440	    GPS	  0.727	  3.351	  4.935	     --
[component_container-11] 	 40.440	   Baro	     --	     --	  4.638	     --
[component_container-11] 	 40.440	  BBias	     --	     --	 -0.301	     --
[component_container-11] 	 40.440	  Sonar	     --	     --	    inf	     --
[component_container-11] 	 40.440	  Magnt	     --	     --	     --	  1.349
[component_container-11] 
[component_container-11] 	 40.470	   Pose	  0.912	  4.820	  4.900	  1.360
[component_container-11] 	 40.470	  Twist	 -0.100	  0.488	 -0.039	 -0.288
[component_container-11] 	 40.470	ErrPose	 -0.076	 -1.739	  0.039	 -0.009
[component_container-11] 	 40.470	ErrTwis	 -1.108	 -0.315	  0.059	  0.009
[component_container-11] 	 40.470	    GPS	  0.727	  3.351	  4.935	     --
[component_container-11] 	 40.470	   Baro	     --	     --	  4.655	     --
[component_container-11] 	 40.470	  BBias	     --	     --	 -0.301	     --
[component_container-11] 	 40.470	  Sonar	     --	     --	    inf	     --
[component_container-11] 	 40.470	  Magnt	     --	     --	     --	  1.370
[component_container-11] 
[component_container-11] 	 40.500	   Pose	  0.909	  4.835	  4.899	  1.351
[component_container-11] 	 40.500	  Twist	 -0.100	  0.494	 -0.040	 -0.288
[component_container-11] 	 40.500	ErrPose	 -0.090	 -1.800	  0.041	 -0.012
[component_container-11] 	 40.500	ErrTwis	 -1.103	 -0.331	  0.063	  0.009
[component_container-11] 	 40.500	    GPS	  0.727	  3.351	  4.935	     --
[component_container-11] 	 40.500	   Baro	     --	     --	  4.655	     --
[component_container-11] 	 40.500	  BBias	     --	     --	 -0.301	     --
[component_container-11] 	 40.500	  Sonar	     --	     --	    inf	     --
[component_container-11] 	 40.500	  Magnt	     --	     --	     --	  1.370
[component_container-11] 
[component_container-11] 	 40.540	   Pose	  0.882	  4.269	  4.901	  1.340
[component_container-11] 	 40.540	  Twist	 -0.107	  0.304	 -0.036	 -0.290
[component_container-11] 	 40.540	ErrPose	 -0.080	 -1.279	  0.040	 -0.012
[component_container-11] 	 40.540	ErrTwis	 -1.090	 -0.152	  0.058	  0.011
[component_container-11] 	 40.540	    GPS	  0.832	  2.851	  4.940	     --
[component_container-11] 	 40.540	   Baro	     --	     --	  4.559	     --
[component_container-11] 	 40.540	  BBias	     --	     --	 -0.301	     --
[component_container-11] 	 40.540	  Sonar	     --	     --	    inf	     --
[component_container-11] 	 40.540	  Magnt	     --	     --	     --	  1.324
[component_container-11] 
[component_container-11] 	 40.570	   Pose	  0.879	  4.279	  4.915	  1.332
[component_container-11] 	 40.570	  Twist	 -0.106	  0.310	 -0.021	 -0.282
[component_container-11] 	 40.570	ErrPose	 -0.085	 -1.310	  0.027	 -0.009
[component_container-11] 	 40.570	ErrTwis	 -1.088	 -0.164	  0.041	  0.003
[component_container-11] 	 40.570	    GPS	  0.832	  2.851	  4.940	     --
[component_container-11] 	 40.570	   Baro	     --	     --	  4.794	     --
[component_container-11] 	 40.570	  BBias	     --	     --	 -0.301	     --
[component_container-11] 	 40.570	  Sonar	     --	     --	    inf	     --
[component_container-11] 	 40.570	  Magnt	     --	     --	     --	  1.342
[component_container-11] 
[component_container-11] 	 40.600	   Pose	  0.876	  4.288	  4.914	  1.324
[component_container-11] 	 40.600	  Twist	 -0.106	  0.318	 -0.020	 -0.271
[component_container-11] 	 40.600	ErrPose	 -0.099	 -1.364	  0.028	 -0.012
[component_container-11] 	 40.600	ErrTwis	 -1.081	 -0.182	  0.041	 -0.008
[component_container-11] 	 40.600	    GPS	  0.832	  2.851	  4.940	     --
[component_container-11] 	 40.600	   Baro	     --	     --	  4.794	     --
[component_container-11] 	 40.600	  BBias	     --	     --	 -0.301	     --
[component_container-11] 	 40.600	  Sonar	     --	     --	    inf	     --
[component_container-11] 	 40.600	  Magnt	     --	     --	     --	  1.342
[component_container-11] 
[component_container-11] 	 40.640	   Pose	  0.872	  4.301	  4.926	  1.313
[component_container-11] 	 40.640	  Twist	 -0.106	  0.326	 -0.008	 -0.277
[component_container-11] 	 40.640	ErrPose	 -0.111	 -1.421	  0.018	 -0.013
[component_container-11] 	 40.640	ErrTwis	 -1.074	 -0.201	  0.033	 -0.002
[component_container-11] 	 40.640	    GPS	  0.832	  2.851	  4.940	     --
[component_container-11] 	 40.640	   Baro	     --	     --	  4.760	     --
[component_container-11] 	 40.640	  BBias	     --	     --	 -0.301	     --
[component_container-11] 	 40.640	  Sonar	     --	     --	    inf	     --
[component_container-11] 	 40.640	  Magnt	     --	     --	     --	  1.343
[component_container-11] 
[component_container-11] 	 40.670	   Pose	  0.868	  4.311	  4.925	  1.303
[component_container-11] 	 40.670	  Twist	 -0.105	  0.332	 -0.009	 -0.288
[component_container-11] 	 40.670	ErrPose	 -0.117	 -1.453	  0.019	 -0.009
[component_container-11] 	 40.670	ErrTwis	 -1.071	 -0.212	  0.034	  0.010
[component_container-11] 	 40.670	    GPS	  0.832	  2.851	  4.940	     --
[component_container-11] 	 40.670	   Baro	     --	     --	  4.622	     --
[component_container-11] 	 40.670	  BBias	     --	     --	 -0.301	     --
[component_container-11] 	 40.670	  Sonar	     --	     --	    inf	     --
[component_container-11] 	 40.670	  Magnt	     --	     --	     --	  1.264
[component_container-11] 
[component_container-11] 	 40.700	   Pose	  0.865	  4.321	  4.925	  1.295
[component_container-11] 	 40.700	  Twist	 -0.103	  0.338	 -0.010	 -0.281
[component_container-11] 	 40.700	ErrPose	 -0.131	 -1.506	  0.021	 -0.012
[component_container-11] 	 40.700	ErrTwis	 -1.065	 -0.228	  0.033	  0.003
[component_container-11] 	 40.700	    GPS	  0.832	  2.851	  4.940	     --
[component_container-11] 	 40.700	   Baro	     --	     --	  4.622	     --
[component_container-11] 	 40.700	  BBias	     --	     --	 -0.301	     --
[component_container-11] 	 40.700	  Sonar	     --	     --	    inf	     --
[component_container-11] 	 40.700	  Magnt	     --	     --	     --	  1.264
[component_container-11] 
[component_container-11] 	 40.740	   Pose	  0.861	  4.335	  4.915	  1.284
[component_container-11] 	 40.740	  Twist	 -0.102	  0.347	 -0.020	 -0.259
[component_container-11] 	 40.740	ErrPose	 -0.144	 -1.563	  0.033	 -0.011
[component_container-11] 	 40.740	ErrTwis	 -1.057	 -0.245	  0.044	 -0.020
[component_container-11] 	 40.740	    GPS	  0.832	  2.851	  4.940	     --
[component_container-11] 	 40.740	   Baro	     --	     --	  4.508	     --
[component_container-11] 	 40.740	  BBias	     --	     --	 -0.301	     --
[component_container-11] 	 40.740	  Sonar	     --	     --	    inf	     --
[component_container-11] 	 40.740	  Magnt	     --	     --	     --	  1.283
[component_container-11] 
[component_container-11] 	 40.770	   Pose	  0.858	  4.345	  4.914	  1.276
[component_container-11] 	 40.770	  Twist	 -0.101	  0.354	 -0.021	 -0.273
[component_container-11] 	 40.770	ErrPose	 -0.149	 -1.595	  0.034	 -0.009
[component_container-11] 	 40.770	ErrTwis	 -1.053	 -0.255	  0.047	 -0.006
[component_container-11] 	 40.770	    GPS	  0.832	  2.851	  4.940	     --
[component_container-11] 	 40.770	   Baro	     --	     --	  4.617	     --
[component_container-11] 	 40.770	  BBias	     --	     --	 -0.301	     --
[component_container-11] 	 40.770	  Sonar	     --	     --	    inf	     --
[component_container-11] 	 40.770	  Magnt	     --	     --	     --	  1.290
[component_container-11] 
[component_container-11] 	 40.800	   Pose	  0.855	  4.356	  4.914	  1.267
[component_container-11] 	 40.800	  Twist	 -0.100	  0.360	 -0.022	 -0.285
[component_container-11] 	 40.800	ErrPose	 -0.164	 -1.648	  0.036	 -0.012
[component_container-11] 	 40.800	ErrTwis	 -1.046	 -0.266	  0.050	  0.005
[component_container-11] 	 40.800	    GPS	  0.832	  2.851	  4.940	     --
[component_container-11] 	 40.800	   Baro	     --	     --	  4.617	     --
[component_container-11] 	 40.800	  BBias	     --	     --	 -0.301	     --
[component_container-11] 	 40.800	  Sonar	     --	     --	    inf	     --
[component_container-11] 	 40.800	  Magnt	     --	     --	     --	  1.290
[component_container-11] 
[component_container-11] 	 40.840	   Pose	  0.851	  4.370	  4.926	  1.256
[component_container-11] 	 40.840	  Twist	 -0.099	  0.368	 -0.009	 -0.271
[component_container-11] 	 40.840	ErrPose	 -0.177	 -1.704	  0.024	 -0.012
[component_container-11] 	 40.840	ErrTwis	 -1.038	 -0.280	  0.034	 -0.009
[component_container-11] 	 40.840	    GPS	  0.832	  2.851	  4.940	     --
[component_container-11] 	 40.840	   Baro	     --	     --	  4.768	     --
[component_container-11] 	 40.840	  BBias	     --	     --	 -0.301	     --
[component_container-11] 	 40.840	  Sonar	     --	     --	    inf	     --
[component_container-11] 	 40.840	  Magnt	     --	     --	     --	  1.254
[component_container-11] 
[component_container-11] 	 40.870	   Pose	  0.848	  4.381	  4.929	  1.247
[component_container-11] 	 40.870	  Twist	 -0.099	  0.375	 -0.007	 -0.262
[component_container-11] 	 40.870	ErrPose	 -0.183	 -1.736	  0.023	 -0.009
[component_container-11] 	 40.870	ErrTwis	 -1.033	 -0.289	  0.031	 -0.019
[component_container-11] 	 40.870	    GPS	  0.832	  2.851	  4.940	     --
[component_container-11] 	 40.870	   Baro	     --	     --	  4.654	     --
[component_container-11] 	 40.870	  BBias	     --	     --	 -0.301	     --
[component_container-11] 	 40.870	  Sonar	     --	     --	    inf	     --
[component_container-11] 	 40.870	  Magnt	     --	     --	     --	  1.224
[component_container-11] 
[component_container-11] 	 40.900	   Pose	  0.845	  4.393	  4.928	  1.239
[component_container-11] 	 40.900	  Twist	 -0.098	  0.381	 -0.006	 -0.270
[component_container-11] 	 40.900	ErrPose	 -0.198	 -1.788	  0.025	 -0.012
[component_container-11] 	 40.900	ErrTwis	 -1.024	 -0.301	  0.033	 -0.010
[component_container-11] 	 40.900	    GPS	  0.832	  2.851	  4.940	     --
[component_container-11] 	 40.900	   Baro	     --	     --	  4.654	     --
[component_container-11] 	 40.900	  BBias	     --	     --	 -0.301	     --
[component_container-11] 	 40.900	  Sonar	     --	     --	    inf	     --
[component_container-11] 	 40.900	  Magnt	     --	     --	     --	  1.224
[component_container-11] 
[component_container-11] 	 40.940	   Pose	  0.841	  4.408	  4.944	  1.228
[component_container-11] 	 40.940	  Twist	 -0.097	  0.389	  0.006	 -0.269
[component_container-11] 	 40.940	ErrPose	 -0.211	 -1.844	  0.011	 -0.012
[component_container-11] 	 40.940	ErrTwis	 -1.015	 -0.316	  0.023	 -0.012
[component_container-11] 	 40.940	    GPS	  0.832	  2.851	  4.940	     --
[component_container-11] 	 40.940	   Baro	     --	     --	  4.797	     --
[component_container-11] 	 40.940	  BBias	     --	     --	 -0.301	     --
[component_container-11] 	 40.940	  Sonar	     --	     --	    inf	     --
[component_container-11] 	 40.940	  Magnt	     --	     --	     --	  1.221
[component_container-11] 
[component_container-11] 	 40.970	   Pose	  0.838	  4.420	  4.946	  1.220
[component_container-11] 	 40.970	  Twist	 -0.097	  0.394	  0.008	 -0.282
[component_container-11] 	 40.970	ErrPose	 -0.217	 -1.876	  0.009	 -0.009
[component_container-11] 	 40.970	ErrTwis	 -1.011	 -0.326	  0.021	  0.002
[component_container-11] 	 40.970	    GPS	  0.832	  2.851	  4.940	     --
[component_container-11] 	 40.970	   Baro	     --	     --	  4.671	     --
[component_container-11] 	 40.970	  BBias	     --	     --	 -0.301	     --
[component_container-11] 	 40.970	  Sonar	     --	     --	    inf	     --
[component_container-11] 	 40.970	  Magnt	     --	     --	     --	  1.235
[component_container-11] 
[component_container-11] [INFO] [1775320720.636706938] [drone.controller]: cmd_vel body=(-0.999, 0.045, -0.007) yaw=-0.300 | odom_received=true | plan_points=70
[component_container-11] 	 41.000	   Pose	  0.836	  4.432	  4.946	  1.212
[component_container-11] 	 41.000	  Twist	 -0.097	  0.401	  0.006	 -0.267
[component_container-11] 	 41.000	ErrPose	 -0.232	 -1.928	  0.011	 -0.012
[component_container-11] 	 41.000	ErrTwis	 -1.001	 -0.341	  0.019	 -0.012
[component_container-11] 	 41.000	    GPS	  0.832	  2.851	  4.940	     --
[component_container-11] 	 41.000	   Baro	     --	     --	  4.671	     --
[component_container-11] 	 41.000	  BBias	     --	     --	 -0.301	     --
[component_container-11] 	 41.000	  Sonar	     --	     --	    inf	     --
[component_container-11] 	 41.000	  Magnt	     --	     --	     --	  1.235
[component_container-11] 
[component_container-11] [INFO] [1775320720.637138170] [drone.estimator]: TMP LOG err_xyz=(-0.232, -1.928, 0.011) | z_est=4.946 vz_est=0.006 bias=-0.301 | gps_z=4.940 sonar=inf baro=4.671
[component_container-11] 	 41.040	   Pose	  0.704	  3.806	  4.943	  1.200
[component_container-11] 	 41.040	  Twist	 -0.138	  0.190	  0.001	 -0.280
[component_container-11] 	 41.040	ErrPose	 -0.118	 -1.341	  0.016	 -0.012
[component_container-11] 	 41.040	ErrTwis	 -0.948	 -0.140	  0.026	  0.001
[component_container-11] 	 41.040	    GPS	  0.402	  2.266	  4.958	     --
[component_container-11] 	 41.040	   Baro	     --	     --	  4.575	     --
[component_container-11] 	 41.040	  BBias	     --	     --	 -0.301	     --
[component_container-11] 	 41.040	  Sonar	     --	     --	    inf	     --
[component_container-11] 	 41.040	  Magnt	     --	     --	     --	  1.206
[component_container-11] 
[component_container-11] 	 41.070	   Pose	  0.699	  3.812	  4.951	  1.192
[component_container-11] 	 41.070	  Twist	 -0.138	  0.196	  0.008	 -0.293
[component_container-11] 	 41.070	ErrPose	 -0.122	 -1.367	  0.008	 -0.009
[component_container-11] 	 41.070	ErrTwis	 -0.943	 -0.151	  0.020	  0.013
[component_container-11] 	 41.070	    GPS	  0.402	  2.266	  4.958	     --
[component_container-11] 	 41.070	   Baro	     --	     --	  4.749	     --
[component_container-11] 	 41.070	  BBias	     --	     --	 -0.301	     --
[component_container-11] 	 41.070	  Sonar	     --	     --	    inf	     --
[component_container-11] 	 41.070	  Magnt	     --	     --	     --	  1.184
[component_container-11] 
[component_container-11] 	 41.100	   Pose	  0.695	  3.818	  4.951	  1.184
[component_container-11] 	 41.100	  Twist	 -0.137	  0.201	  0.008	 -0.287
[component_container-11] 	 41.100	ErrPose	 -0.135	 -1.412	  0.010	 -0.012
[component_container-11] 	 41.100	ErrTwis	 -0.934	 -0.167	  0.020	  0.007
[component_container-11] 	 41.100	    GPS	  0.402	  2.266	  4.958	     --
[component_container-11] 	 41.100	   Baro	     --	     --	  4.749	     --
[component_container-11] 	 41.100	  BBias	     --	     --	 -0.301	     --
[component_container-11] 	 41.100	  Sonar	     --	     --	    inf	     --
[component_container-11] 	 41.100	  Magnt	     --	     --	     --	  1.184
[component_container-11] 
[component_container-11] 	 41.140	   Pose	  0.690	  3.826	  4.942	  1.172
[component_container-11] 	 41.140	  Twist	 -0.135	  0.209	 -0.004	 -0.288
[component_container-11] 	 41.140	ErrPose	 -0.147	 -1.458	  0.021	 -0.012
[component_container-11] 	 41.140	ErrTwis	 -0.925	 -0.185	  0.029	  0.008
[component_container-11] 	 41.140	    GPS	  0.402	  2.266	  4.958	     --
[component_container-11] 	 41.140	   Baro	     --	     --	  4.525	     --
[component_container-11] 	 41.140	  BBias	     --	     --	 -0.301	     --
[component_container-11] 	 41.140	  Sonar	     --	     --	    inf	     --
[component_container-11] 	 41.140	  Magnt	     --	     --	     --	  1.181
[component_container-11] 
[component_container-11] 	 41.170	   Pose	  0.686	  3.832	  4.939	  1.163
[component_container-11] 	 41.170	  Twist	 -0.134	  0.215	 -0.006	 -0.288
[component_container-11] 	 41.170	ErrPose	 -0.152	 -1.483	  0.025	 -0.008
[component_container-11] 	 41.170	ErrTwis	 -0.919	 -0.197	  0.031	  0.008
[component_container-11] 	 41.170	    GPS	  0.402	  2.266	  4.958	     --
[component_container-11] 	 41.170	   Baro	     --	     --	  4.613	     --
[component_container-11] 	 41.170	  BBias	     --	     --	 -0.301	     --
[component_container-11] 	 41.170	  Sonar	     --	     --	    inf	     --
[component_container-11] 	 41.170	  Magnt	     --	     --	     --	  1.123
[component_container-11] 
[component_container-11] 	 41.200	   Pose	  0.682	  3.839	  4.939	  1.154
[component_container-11] 	 41.200	  Twist	 -0.133	  0.221	 -0.006	 -0.278
[component_container-11] 	 41.200	ErrPose	 -0.165	 -1.528	  0.027	 -0.011
[component_container-11] 	 41.200	ErrTwis	 -0.909	 -0.212	  0.036	 -0.001
[component_container-11] 	 41.200	    GPS	  0.402	  2.266	  4.958	     --
[component_container-11] 	 41.200	   Baro	     --	     --	  4.613	     --
[component_container-11] 	 41.200	  BBias	     --	     --	 -0.301	     --
[component_container-11] 	 41.200	  Sonar	     --	     --	    inf	     --
[component_container-11] 	 41.200	  Magnt	     --	     --	     --	  1.123
[component_container-11] 
[component_container-11] 	 41.240	   Pose	  0.676	  3.848	  4.943	  1.143
[component_container-11] 	 41.240	  Twist	 -0.132	  0.227	 -0.002	 -0.280
[component_container-11] 	 41.240	ErrPose	 -0.176	 -1.574	  0.024	 -0.011
[component_container-11] 	 41.240	ErrTwis	 -0.900	 -0.227	  0.034	  0.001
[component_container-11] 	 41.240	    GPS	  0.402	  2.266	  4.958	     --
[component_container-11] 	 41.240	   Baro	     --	     --	  4.689	     --
[component_container-11] 	 41.240	  BBias	     --	     --	 -0.301	     --
[component_container-11] 	 41.240	  Sonar	     --	     --	    inf	     --
[component_container-11] 	 41.240	  Magnt	     --	     --	     --	  1.135
[component_container-11] 
[component_container-11] 	 41.270	   Pose	  0.673	  3.855	  4.937	  1.134
[component_container-11] 	 41.270	  Twist	 -0.130	  0.233	 -0.009	 -0.284
[component_container-11] 	 41.270	ErrPose	 -0.181	 -1.599	  0.031	 -0.008
[component_container-11] 	 41.270	ErrTwis	 -0.896	 -0.237	  0.040	  0.005
[component_container-11] 	 41.270	    GPS	  0.402	  2.266	  4.958	     --
[component_container-11] 	 41.270	   Baro	     --	     --	  4.574	     --
[component_container-11] 	 41.270	  BBias	     --	     --	 -0.301	     --
[component_container-11] 	 41.270	  Sonar	     --	     --	    inf	     --
[component_container-11] 	 41.270	  Magnt	     --	     --	     --	  1.112
[component_container-11] 
[component_container-11] 	 41.300	   Pose	  0.669	  3.862	  4.937	  1.126
[component_container-11] 	 41.300	  Twist	 -0.129	  0.240	 -0.009	 -0.280
[component_container-11] 	 41.300	ErrPose	 -0.194	 -1.643	  0.033	 -0.010
[component_container-11] 	 41.300	ErrTwis	 -0.886	 -0.251	  0.040	  0.000
[component_container-11] 	 41.300	    GPS	  0.402	  2.266	  4.958	     --
[component_container-11] 	 41.300	   Baro	     --	     --	  4.574	     --
[component_container-11] 	 41.300	  BBias	     --	     --	 -0.301	     --
[component_container-11] 	 41.300	  Sonar	     --	     --	    inf	     --
[component_container-11] 	 41.300	  Magnt	     --	     --	     --	  1.112
[component_container-11] 
[component_container-11] 	 41.340	   Pose	  0.663	  3.871	  4.946	  1.115
[component_container-11] 	 41.340	  Twist	 -0.128	  0.247	  0.000	 -0.283
[component_container-11] 	 41.340	ErrPose	 -0.206	 -1.688	  0.026	 -0.010
[component_container-11] 	 41.340	ErrTwis	 -0.875	 -0.265	  0.034	  0.003
[component_container-11] 	 41.340	    GPS	  0.402	  2.266	  4.958	     --
[component_container-11] 	 41.340	   Baro	     --	     --	  4.746	     --
[component_container-11] 	 41.340	  BBias	     --	     --	 -0.301	     --
[component_container-11] 	 41.340	  Sonar	     --	     --	    inf	     --
[component_container-11] 	 41.340	  Magnt	     --	     --	     --	  1.115
[component_container-11] 
[component_container-11] 	 41.370	   Pose	  0.660	  3.879	  4.943	  1.106
[component_container-11] 	 41.370	  Twist	 -0.128	  0.253	 -0.005	 -0.271
[component_container-11] 	 41.370	ErrPose	 -0.210	 -1.714	  0.031	 -0.007
[component_container-11] 	 41.370	ErrTwis	 -0.869	 -0.274	  0.041	 -0.009
[component_container-11] 	 41.370	    GPS	  0.402	  2.266	  4.958	     --
[component_container-11] 	 41.370	   Baro	     --	     --	  4.605	     --
[component_container-11] 	 41.370	  BBias	     --	     --	 -0.301	     --
[component_container-11] 	 41.370	  Sonar	     --	     --	    inf	     --
[component_container-11] 	 41.370	  Magnt	     --	     --	     --	  1.091
[component_container-11] 
[component_container-11] 	 41.400	   Pose	  0.656	  3.887	  4.943	  1.098
[component_container-11] 	 41.400	  Twist	 -0.127	  0.258	 -0.006	 -0.289
[component_container-11] 	 41.400	ErrPose	 -0.223	 -1.757	  0.033	 -0.010
[component_container-11] 	 41.400	ErrTwis	 -0.859	 -0.287	  0.041	  0.009
[component_container-11] 	 41.400	    GPS	  0.402	  2.266	  4.958	     --
[component_container-11] 	 41.400	   Baro	     --	     --	  4.605	     --
[component_container-11] 	 41.400	  BBias	     --	     --	 -0.301	     --
[component_container-11] 	 41.400	  Sonar	     --	     --	    inf	     --
[component_container-11] 	 41.400	  Magnt	     --	     --	     --	  1.091
[component_container-11] 
[component_container-11] 	 41.440	   Pose	  0.651	  3.897	  4.933	  1.086
[component_container-11] 	 41.440	  Twist	 -0.126	  0.267	 -0.018	 -0.297
[component_container-11] 	 41.440	ErrPose	 -0.235	 -1.802	  0.045	 -0.009
[component_container-11] 	 41.440	ErrTwis	 -0.849	 -0.304	  0.052	  0.017
[component_container-11] 	 41.440	    GPS	  0.402	  2.266	  4.958	     --
[component_container-11] 	 41.440	   Baro	     --	     --	  4.535	     --
[component_container-11] 	 41.440	  BBias	     --	     --	 -0.301	     --
[component_container-11] 	 41.440	  Sonar	     --	     --	    inf	     --
[component_container-11] 	 41.440	  Magnt	     --	     --	     --	  1.070
[component_container-11] 
[component_container-11] 	 41.470	   Pose	  0.647	  3.905	  4.929	  1.077
[component_container-11] 	 41.470	  Twist	 -0.125	  0.273	 -0.021	 -0.289
[component_container-11] 	 41.470	ErrPose	 -0.239	 -1.827	  0.049	 -0.007
[component_container-11] 	 41.470	ErrTwis	 -0.844	 -0.314	  0.056	  0.010
[component_container-11] 	 41.470	    GPS	  0.402	  2.266	  4.958	     --
[component_container-11] 	 41.470	   Baro	     --	     --	  4.600	     --
[component_container-11] 	 41.470	  BBias	     --	     --	 -0.301	     --
[component_container-11] 	 41.470	  Sonar	     --	     --	    inf	     --
[component_container-11] 	 41.470	  Magnt	     --	     --	     --	  1.086
[component_container-11] 
[component_container-11] 	 41.500	   Pose	  0.643	  3.913	  4.929	  1.069
[component_container-11] 	 41.500	  Twist	 -0.125	  0.279	 -0.022	 -0.289
[component_container-11] 	 41.500	ErrPose	 -0.252	 -1.870	  0.052	 -0.009
[component_container-11] 	 41.500	ErrTwis	 -0.832	 -0.330	  0.060	  0.010
[component_container-11] 	 41.500	    GPS	  0.402	  2.266	  4.958	     --
[component_container-11] 	 41.500	   Baro	     --	     --	  4.600	     --
[component_container-11] 	 41.500	  BBias	     --	     --	 -0.301	     --
[component_container-11] 	 41.500	  Sonar	     --	     --	    inf	     --
[component_container-11] 	 41.500	  Magnt	     --	     --	     --	  1.086
[component_container-11] 
[component_container-11] 	 41.540	   Pose	  0.524	  3.317	  4.936	  1.058
[component_container-11] 	 41.540	  Twist	 -0.163	  0.079	 -0.015	 -0.271
[component_container-11] 	 41.540	ErrPose	 -0.149	 -1.307	  0.046	 -0.010
[component_container-11] 	 41.540	ErrTwis	 -0.783	 -0.140	  0.053	 -0.009
[component_container-11] 	 41.540	    GPS	  0.256	  1.855	  4.981	     --
[component_container-11] 	 41.540	   Baro	     --	     --	  4.627	     --
[component_container-11] 	 41.540	  BBias	     --	     --	 -0.301	     --
[component_container-11] 	 41.540	  Sonar	     --	     --	    inf	     --
[component_container-11] 	 41.540	  Magnt	     --	     --	     --	  1.073
[component_container-11] 
[component_container-11] 	 41.570	   Pose	  0.519	  3.319	  4.936	  1.050
[component_container-11] 	 41.570	  Twist	 -0.161	  0.085	 -0.015	 -0.263
[component_container-11] 	 41.570	ErrPose	 -0.152	 -1.327	  0.047	 -0.007
[component_container-11] 	 41.570	ErrTwis	 -0.779	 -0.151	  0.053	 -0.017
[component_container-11] 	 41.570	    GPS	  0.256	  1.855	  4.981	     --
[component_container-11] 	 41.570	   Baro	     --	     --	  4.641	     --
[component_container-11] 	 41.570	  BBias	     --	     --	 -0.301	     --
[component_container-11] 	 41.570	  Sonar	     --	     --	    inf	     --
[component_container-11] 	 41.570	  Magnt	     --	     --	     --	  1.046
[component_container-11] 
[component_container-11] 	 41.600	   Pose	  0.514	  3.322	  4.936	  1.042
[component_container-11] 	 41.600	  Twist	 -0.160	  0.091	 -0.015	 -0.288
[component_container-11] 	 41.600	ErrPose	 -0.163	 -1.363	  0.050	 -0.010
[component_container-11] 	 41.600	ErrTwis	 -0.768	 -0.168	  0.053	  0.009
[component_container-11] 	 41.600	    GPS	  0.256	  1.855	  4.981	     --
[component_container-11] 	 41.600	   Baro	     --	     --	  4.641	     --
[component_container-11] 	 41.600	  BBias	     --	     --	 -0.301	     --
[component_container-11] 	 41.600	  Sonar	     --	     --	    inf	     --
[component_container-11] 	 41.600	  Magnt	     --	     --	     --	  1.046
[component_container-11] 
[component_container-11] 	 41.640	   Pose	  0.508	  3.326	  4.941	  1.030
[component_container-11] 	 41.640	  Twist	 -0.159	  0.099	 -0.011	 -0.281
[component_container-11] 	 41.640	ErrPose	 -0.172	 -1.399	  0.047	 -0.009
[component_container-11] 	 41.640	ErrTwis	 -0.757	 -0.186	  0.053	  0.001
[component_container-11] 	 41.640	    GPS	  0.256	  1.855	  4.981	     --
[component_container-11] 	 41.640	   Baro	     --	     --	  4.709	     --
[component_container-11] 	 41.640	  BBias	     --	     --	 -0.301	     --
[component_container-11] 	 41.640	  Sonar	     --	     --	    inf	     --
[component_container-11] 	 41.640	  Magnt	     --	     --	     --	  0.998
[component_container-11] 
[component_container-11] 	 41.670	   Pose	  0.503	  3.329	  4.931	  1.021
[component_container-11] 	 41.670	  Twist	 -0.158	  0.104	 -0.022	 -0.269
[component_container-11] 	 41.670	ErrPose	 -0.175	 -1.419	  0.058	 -0.006
[component_container-11] 	 41.670	ErrTwis	 -0.753	 -0.196	  0.066	 -0.010
[component_container-11] 	 41.670	    GPS	  0.256	  1.855	  4.981	     --
[component_container-11] 	 41.670	   Baro	     --	     --	  4.522	     --
[component_container-11] 	 41.670	  BBias	     --	     --	 -0.301	     --
[component_container-11] 	 41.670	  Sonar	     --	     --	    inf	     --
[component_container-11] 	 41.670	  Magnt	     --	     --	     --	  0.993
[component_container-11] 
[component_container-11] 	 41.700	   Pose	  0.499	  3.332	  4.931	  1.012
[component_container-11] 	 41.700	  Twist	 -0.156	  0.109	 -0.024	 -0.280
[component_container-11] 	 41.700	ErrPose	 -0.186	 -1.454	  0.060	 -0.009
[component_container-11] 	 41.700	ErrTwis	 -0.744	 -0.211	  0.066	  0.001
[component_container-11] 	 41.700	    GPS	  0.256	  1.855	  4.981	     --
[component_container-11] 	 41.700	   Baro	     --	     --	  4.522	     --
[component_container-11] 	 41.700	  BBias	     --	     --	 -0.301	     --
[component_container-11] 	 41.700	  Sonar	     --	     --	    inf	     --
[component_container-11] 	 41.700	  Magnt	     --	     --	     --	  0.993
[component_container-11] 
[component_container-11] 	 41.740	   Pose	  0.492	  3.336	  4.932	  1.001
[component_container-11] 	 41.740	  Twist	 -0.154	  0.116	 -0.024	 -0.280
[component_container-11] 	 41.740	ErrPose	 -0.195	 -1.491	  0.062	 -0.009
[component_container-11] 	 41.740	ErrTwis	 -0.734	 -0.227	  0.066	  0.002
[component_container-11] 	 41.740	    GPS	  0.256	  1.855	  4.981	     --
[component_container-11] 	 41.740	   Baro	     --	     --	  4.652	     --
[component_container-11] 	 41.740	  BBias	     --	     --	 -0.301	     --
[component_container-11] 	 41.740	  Sonar	     --	     --	    inf	     --
[component_container-11] 	 41.740	  Magnt	     --	     --	     --	  0.999
[component_container-11] 
[component_container-11] 	 41.770	   Pose	  0.488	  3.340	  4.942	  0.992
[component_container-11] 	 41.770	  Twist	 -0.153	  0.122	 -0.013	 -0.283
[component_container-11] 	 41.770	ErrPose	 -0.198	 -1.510	  0.052	 -0.006
[component_container-11] 	 41.770	ErrTwis	 -0.730	 -0.236	  0.056	  0.004
[component_container-11] 	 41.770	    GPS	  0.256	  1.855	  4.981	     --
[component_container-11] 	 41.770	   Baro	     --	     --	  4.763	     --
[component_container-11] 	 41.770	  BBias	     --	     --	 -0.301	     --
[component_container-11] 	 41.770	  Sonar	     --	     --	    inf	     --
[component_container-11] 	 41.770	  Magnt	     --	     --	     --	  0.989
[component_container-11] 
[component_container-11] 	 41.800	   Pose	  0.483	  3.344	  4.942	  0.984
[component_container-11] 	 41.800	  Twist	 -0.152	  0.127	 -0.015	 -0.279
[component_container-11] 	 41.800	ErrPose	 -0.209	 -1.546	  0.055	 -0.009
[component_container-11] 	 41.800	ErrTwis	 -0.720	 -0.249	  0.060	 -0.001
[component_container-11] 	 41.800	    GPS	  0.256	  1.855	  4.981	     --
[component_container-11] 	 41.800	   Baro	     --	     --	  4.763	     --
[component_container-11] 	 41.800	  BBias	     --	     --	 -0.301	     --
[component_container-11] 	 41.800	  Sonar	     --	     --	    inf	     --
[component_container-11] 	 41.800	  Magnt	     --	     --	     --	  0.989
[component_container-11] 
[component_container-11] 	 41.840	   Pose	  0.477	  3.349	  4.944	  0.974
[component_container-11] 	 41.840	  Twist	 -0.152	  0.135	 -0.013	 -0.260
[component_container-11] 	 41.840	ErrPose	 -0.217	 -1.582	  0.054	 -0.009
[component_container-11] 	 41.840	ErrTwis	 -0.710	 -0.262	  0.058	 -0.019
[component_container-11] 	 41.840	    GPS	  0.256	  1.855	  4.981	     --
[component_container-11] 	 41.840	   Baro	     --	     --	  4.680	     --
[component_container-11] 	 41.840	  BBias	     --	     --	 -0.301	     --
[component_container-11] 	 41.840	  Sonar	     --	     --	    inf	     --
[component_container-11] 	 41.840	  Magnt	     --	     --	     --	  0.978
[component_container-11] 
[component_container-11] 	 41.870	   Pose	  0.473	  3.353	  4.949	  0.965
[component_container-11] 	 41.870	  Twist	 -0.150	  0.140	 -0.010	 -0.287
[component_container-11] 	 41.870	ErrPose	 -0.220	 -1.602	  0.051	 -0.006
[component_container-11] 	 41.870	ErrTwis	 -0.706	 -0.271	  0.054	  0.007
[component_container-11] 	 41.870	    GPS	  0.256	  1.855	  4.981	     --
[component_container-11] 	 41.870	   Baro	     --	     --	  4.702	     --
[component_container-11] 	 41.870	  BBias	     --	     --	 -0.301	     --
[component_container-11] 	 41.870	  Sonar	     --	     --	    inf	     --
[component_container-11] 	 41.870	  Magnt	     --	     --	     --	  0.951
[component_container-11] 
[component_container-11] 	 41.900	   Pose	  0.468	  3.357	  4.949	  0.957
[component_container-11] 	 41.900	  Twist	 -0.149	  0.147	 -0.011	 -0.265
[component_container-11] 	 41.900	ErrPose	 -0.231	 -1.636	  0.053	 -0.009
[component_container-11] 	 41.900	ErrTwis	 -0.696	 -0.285	  0.055	 -0.014
[component_container-11] 	 41.900	    GPS	  0.256	  1.855	  4.981	     --
[component_container-11] 	 41.900	   Baro	     --	     --	  4.702	     --
[component_container-11] 	 41.900	  BBias	     --	     --	 -0.301	     --
[component_container-11] 	 41.900	  Sonar	     --	     --	    inf	     --
[component_container-11] 	 41.900	  Magnt	     --	     --	     --	  0.951
[component_container-11] 
[component_container-11] 	 41.940	   Pose	  0.462	  3.363	  4.947	  0.946
[component_container-11] 	 41.940	  Twist	 -0.148	  0.153	 -0.016	 -0.277
[component_container-11] 	 41.940	ErrPose	 -0.239	 -1.673	  0.057	 -0.009
[component_container-11] 	 41.940	ErrTwis	 -0.687	 -0.299	  0.063	 -0.003
[component_container-11] 	 41.940	    GPS	  0.256	  1.855	  4.981	     --
[component_container-11] 	 41.940	   Baro	     --	     --	  4.629	     --
[component_container-11] 	 41.940	  BBias	     --	     --	 -0.301	     --
[component_container-11] 	 41.940	  Sonar	     --	     --	    inf	     --
[component_container-11] 	 41.940	  Magnt	     --	     --	     --	  0.960
[component_container-11] 
[component_container-11] 	 41.970	   Pose	  0.458	  3.368	  4.954	  0.937
[component_container-11] 	 41.970	  Twist	 -0.147	  0.158	 -0.008	 -0.291
[component_container-11] 	 41.970	ErrPose	 -0.242	 -1.693	  0.051	 -0.006
[component_container-11] 	 41.970	ErrTwis	 -0.683	 -0.309	  0.055	  0.012
[component_container-11] 	 41.970	    GPS	  0.256	  1.855	  4.981	     --
[component_container-11] 	 41.970	   Baro	     --	     --	  4.737	     --
[component_container-11] 	 41.970	  BBias	     --	     --	 -0.301	     --
[component_container-11] 	 41.970	  Sonar	     --	     --	    inf	     --
[component_container-11] 	 41.970	  Magnt	     --	     --	     --	  0.893
[component_container-11] 
[component_container-11] [INFO] [1775320721.641297462] [drone.controller]: cmd_vel body=(-0.977, -0.215, 0.003) yaw=-0.300 | odom_received=true | plan_points=59
[component_container-11] 	 42.000	   Pose	  0.453	  3.373	  4.954	  0.928
[component_container-11] 	 42.000	  Twist	 -0.146	  0.163	 -0.011	 -0.278
[component_container-11] 	 42.000	ErrPose	 -0.252	 -1.727	  0.053	 -0.008
[component_container-11] 	 42.000	ErrTwis	 -0.674	 -0.323	  0.056	 -0.001
[component_container-11] 	 42.000	    GPS	  0.256	  1.855	  4.981	     --
[component_container-11] 	 42.000	   Baro	     --	     --	  4.737	     --
[component_container-11] 	 42.000	  BBias	     --	     --	 -0.301	     --
[component_container-11] 	 42.000	  Sonar	     --	     --	    inf	     --
[component_container-11] 	 42.000	  Magnt	     --	     --	     --	  0.893
[component_container-11] 
[component_container-11] [INFO] [1775320721.641571869] [drone.estimator]: TMP LOG err_xyz=(-0.252, -1.727, 0.053) | z_est=4.954 vz_est=-0.011 bias=-0.301 | gps_z=4.981 sonar=inf baro=4.737
[component_container-11] 	 42.040	   Pose	  0.263	  2.793	  4.970	  0.916
[component_container-11] 	 42.040	  Twist	 -0.207	 -0.028	  0.005	 -0.279
[component_container-11] 	 42.040	ErrPose	 -0.075	 -1.177	  0.039	 -0.008
[component_container-11] 	 42.040	ErrTwis	 -0.603	 -0.142	  0.041	 -0.001
[component_container-11] 	 42.040	    GPS	 -0.171	  1.390	  5.008	     --
[component_container-11] 	 42.040	   Baro	     --	     --	  4.756	     --
[component_container-11] 	 42.040	  BBias	     --	     --	 -0.301	     --
[component_container-11] 	 42.040	  Sonar	     --	     --	    inf	     --
[component_container-11] 	 42.040	  Magnt	     --	     --	     --	  0.899
[component_container-11] 
[component_container-11] 	 42.070	   Pose	  0.257	  2.792	  4.979	  0.908
[component_container-11] 	 42.070	  Twist	 -0.205	 -0.023	  0.012	 -0.273
[component_container-11] 	 42.070	ErrPose	 -0.076	 -1.191	  0.031	 -0.005
[component_container-11] 	 42.070	ErrTwis	 -0.599	 -0.151	  0.035	 -0.006
[component_container-11] 	 42.070	    GPS	 -0.171	  1.390	  5.008	     --
[component_container-11] 	 42.070	   Baro	     --	     --	  4.780	     --
[component_container-11] 	 42.070	  BBias	     --	     --	 -0.301	     --
[component_container-11] 	 42.070	  Sonar	     --	     --	    inf	     --
[component_container-11] 	 42.070	  Magnt	     --	     --	     --	  0.904
[component_container-11] 
[component_container-11] 	 42.100	   Pose	  0.251	  2.792	  4.979	  0.900
[component_container-11] 	 42.100	  Twist	 -0.204	 -0.018	  0.010	 -0.275
[component_container-11] 	 42.100	ErrPose	 -0.084	 -1.220	  0.033	 -0.008
[component_container-11] 	 42.100	ErrTwis	 -0.590	 -0.167	  0.038	 -0.004
[component_container-11] 	 42.100	    GPS	 -0.171	  1.390	  5.008	     --
[component_container-11] 	 42.100	   Baro	     --	     --	  4.780	     --
[component_container-11] 	 42.100	  BBias	     --	     --	 -0.301	     --
[component_container-11] 	 42.100	  Sonar	     --	     --	    inf	     --
[component_container-11] 	 42.100	  Magnt	     --	     --	     --	  0.904
[component_container-11] 
[component_container-11] 	 42.140	   Pose	  0.243	  2.791	  4.981	  0.888
[component_container-11] 	 42.140	  Twist	 -0.203	 -0.011	  0.008	 -0.278
[component_container-11] 	 42.140	ErrPose	 -0.089	 -1.249	  0.034	 -0.007
[component_container-11] 	 42.140	ErrTwis	 -0.583	 -0.184	  0.038	 -0.002
[component_container-11] 	 42.140	    GPS	 -0.171	  1.390	  5.008	     --
[component_container-11] 	 42.140	   Baro	     --	     --	  4.692	     --
[component_container-11] 	 42.140	  BBias	     --	     --	 -0.301	     --
[component_container-11] 	 42.140	  Sonar	     --	     --	    inf	     --
[component_container-11] 	 42.140	  Magnt	     --	     --	     --	  0.880
[component_container-11] 
[component_container-11] 	 42.170	   Pose	  0.237	  2.791	  4.977	  0.880
[component_container-11] 	 42.170	  Twist	 -0.201	 -0.005	  0.001	 -0.282
[component_container-11] 	 42.170	ErrPose	 -0.089	 -1.263	  0.039	 -0.005
[component_container-11] 	 42.170	ErrTwis	 -0.579	 -0.195	  0.045	  0.002
[component_container-11] 	 42.170	    GPS	 -0.171	  1.390	  5.008	     --
[component_container-11] 	 42.170	   Baro	     --	     --	  4.627	     --
[component_container-11] 	 42.170	  BBias	     --	     --	 -0.301	     --
[component_container-11] 	 42.170	  Sonar	     --	     --	    inf	     --
[component_container-11] 	 42.170	  Magnt	     --	     --	     --	  0.883
[component_container-11] 
[component_container-11] 	 42.200	   Pose	  0.231	  2.791	  4.977	  0.872
[component_container-11] 	 42.200	  Twist	 -0.200	 -0.001	 -0.001	 -0.278
[component_container-11] 	 42.200	ErrPose	 -0.097	 -1.292	  0.041	 -0.008
[component_container-11] 	 42.200	ErrTwis	 -0.570	 -0.210	  0.046	 -0.002
[component_container-11] 	 42.200	    GPS	 -0.171	  1.390	  5.008	     --
[component_container-11] 	 42.200	   Baro	     --	     --	  4.627	     --
[component_container-11] 	 42.200	  BBias	     --	     --	 -0.301	     --
[component_container-11] 	 42.200	  Sonar	     --	     --	    inf	     --
[component_container-11] 	 42.200	  Magnt	     --	     --	     --	  0.883
[component_container-11] 
[component_container-11] 	 42.240	   Pose	  0.223	  2.791	  4.997	  0.859
[component_container-11] 	 42.240	  Twist	 -0.200	  0.004	  0.018	 -0.275
[component_container-11] 	 42.240	ErrPose	 -0.101	 -1.321	  0.022	 -0.007
[component_container-11] 	 42.240	ErrTwis	 -0.562	 -0.224	  0.029	 -0.005
[component_container-11] 	 42.240	    GPS	 -0.171	  1.390	  5.008	     --
[component_container-11] 	 42.240	   Baro	     --	     --	  4.916	     --
[component_container-11] 	 42.240	  BBias	     --	     --	 -0.301	     --
[component_container-11] 	 42.240	  Sonar	     --	     --	    inf	     --
[component_container-11] 	 42.240	  Magnt	     --	     --	     --	  0.825
[component_container-11] 
[component_container-11] 	 42.270	   Pose	  0.217	  2.791	  4.998	  0.851
[component_container-11] 	 42.270	  Twist	 -0.198	  0.009	  0.018	 -0.280
[component_container-11] 	 42.270	ErrPose	 -0.102	 -1.335	  0.022	 -0.004
[component_container-11] 	 42.270	ErrTwis	 -0.559	 -0.233	  0.028	 -0.000
[component_container-11] 	 42.270	    GPS	 -0.171	  1.390	  5.008	     --
[component_container-11] 	 42.270	   Baro	     --	     --	  4.702	     --
[component_container-11] 	 42.270	  BBias	     --	     --	 -0.301	     --
[component_container-11] 	 42.270	  Sonar	     --	     --	    inf	     --
[component_container-11] 	 42.270	  Magnt	     --	     --	     --	  0.826
[component_container-11] 
[component_container-11] 	 42.300	   Pose	  0.211	  2.791	  4.999	  0.842
[component_container-11] 	 42.300	  Twist	 -0.196	  0.013	  0.015	 -0.265
[component_container-11] 	 42.300	ErrPose	 -0.109	 -1.364	  0.024	 -0.007
[component_container-11] 	 42.300	ErrTwis	 -0.553	 -0.246	  0.029	 -0.015
[component_container-11] 	 42.300	    GPS	 -0.171	  1.390	  5.008	     --
[component_container-11] 	 42.300	   Baro	     --	     --	  4.702	     --
[component_container-11] 	 42.300	  BBias	     --	     --	 -0.301	     --
[component_container-11] 	 42.300	  Sonar	     --	     --	    inf	     --
[component_container-11] 	 42.300	  Magnt	     --	     --	     --	  0.826
[component_container-11] 
[component_container-11] 	 42.340	   Pose	  0.203	  2.792	  5.010	  0.830
[component_container-11] 	 42.340	  Twist	 -0.194	  0.020	  0.023	 -0.281
[component_container-11] 	 42.340	ErrPose	 -0.113	 -1.393	  0.014	 -0.006
[component_container-11] 	 42.340	ErrTwis	 -0.546	 -0.262	  0.021	  0.001
[component_container-11] 	 42.340	    GPS	 -0.171	  1.390	  5.008	     --
[component_container-11] 	 42.340	   Baro	     --	     --	  4.822	     --
[component_container-11] 	 42.340	  BBias	     --	     --	 -0.301	     --
[component_container-11] 	 42.340	  Sonar	     --	     --	    inf	     --
[component_container-11] 	 42.340	  Magnt	     --	     --	     --	  0.820
[component_container-11] 
[component_container-11] [INFO] [1775320721.998668978] [drone.estimator]: TMP LOG sonar rejected: meas=3.933 est_z=5.013 innov=-1.080
[component_container-11] 	 42.370	   Pose	  0.197	  2.793	  5.013	  0.823
[component_container-11] 	 42.370	  Twist	 -0.193	  0.026	  0.022	 -0.276
[component_container-11] 	 42.370	ErrPose	 -0.114	 -1.408	  0.012	 -0.004
[component_container-11] 	 42.370	ErrTwis	 -0.542	 -0.271	  0.023	 -0.004
[component_container-11] 	 42.370	    GPS	 -0.171	  1.390	  5.008	     --
[component_container-11] 	 42.370	   Baro	     --	     --	  4.738	     --
[component_container-11] 	 42.370	  BBias	     --	     --	 -0.301	     --
[component_container-11] 	 42.370	  Sonar	     --	     --	  3.933	     --
[component_container-11] 	 42.370	  Magnt	     --	     --	     --	  0.853
[component_container-11] 
[component_container-11] 	 42.400	   Pose	  0.191	  2.794	  5.014	  0.815
[component_container-11] 	 42.400	  Twist	 -0.192	  0.030	  0.020	 -0.276
[component_container-11] 	 42.400	ErrPose	 -0.120	 -1.437	  0.013	 -0.007
[component_container-11] 	 42.400	ErrTwis	 -0.535	 -0.285	  0.025	 -0.004
[component_container-11] 	 42.400	    GPS	 -0.171	  1.390	  5.008	     --
[component_container-11] 	 42.400	   Baro	     --	     --	  4.738	     --
[component_container-11] 	 42.400	  BBias	     --	     --	 -0.301	     --
[component_container-11] 	 42.400	  Sonar	     --	     --	  3.933	     --
[component_container-11] 	 42.400	  Magnt	     --	     --	     --	  0.853
[component_container-11] 
[component_container-11] 	 42.440	   Pose	  0.184	  2.795	  5.022	  0.803
[component_container-11] 	 42.440	  Twist	 -0.190	  0.037	  0.023	 -0.278
[component_container-11] 	 42.440	ErrPose	 -0.125	 -1.466	  0.007	 -0.006
[component_container-11] 	 42.440	ErrTwis	 -0.529	 -0.300	  0.019	 -0.002
[component_container-11] 	 42.440	    GPS	 -0.171	  1.390	  5.008	     --
[component_container-11] 	 42.440	   Baro	     --	     --	  4.790	     --
[component_container-11] 	 42.440	  BBias	     --	     --	 -0.301	     --
[component_container-11] 	 42.440	  Sonar	     --	     --	  2.535	     --
[component_container-11] 	 42.440	  Magnt	     --	     --	     --	  0.788
[component_container-11] 
[component_container-11] 	 42.470	   Pose	  0.178	  2.796	  5.024	  0.795
[component_container-11] 	 42.470	  Twist	 -0.188	  0.042	  0.023	 -0.279
[component_container-11] 	 42.470	ErrPose	 -0.125	 -1.481	  0.005	 -0.003
[component_container-11] 	 42.470	ErrTwis	 -0.527	 -0.311	  0.019	 -0.001
[component_container-11] 	 42.470	    GPS	 -0.171	  1.390	  5.008	     --
[component_container-11] 	 42.470	   Baro	     --	     --	  4.740	     --
[component_container-11] 	 42.470	  BBias	     --	     --	 -0.301	     --
[component_container-11] 	 42.470	  Sonar	     --	     --	  2.547	     --
[component_container-11] 	 42.470	  Magnt	     --	     --	     --	  0.787
[component_container-11] 
[component_container-11] 	 42.500	   Pose	  0.172	  2.797	  5.025	  0.786
[component_container-11] 	 42.500	  Twist	 -0.187	  0.047	  0.020	 -0.283
[component_container-11] 	 42.500	ErrPose	 -0.131	 -1.511	  0.006	 -0.006
[component_container-11] 	 42.500	ErrTwis	 -0.520	 -0.325	  0.023	  0.004
[component_container-11] 	 42.500	    GPS	 -0.171	  1.390	  5.008	     --
[component_container-11] 	 42.500	   Baro	     --	     --	  4.740	     --
[component_container-11] 	 42.500	  BBias	     --	     --	 -0.301	     --
[component_container-11] 	 42.500	  Sonar	     --	     --	  2.547	     --
[component_container-11] 	 42.500	  Magnt	     --	     --	     --	  0.787
[component_container-11] 
[component_container-11] 	 42.540	   Pose	  0.003	  2.288	  5.033	  0.776
[component_container-11] 	 42.540	  Twist	 -0.241	 -0.122	  0.025	 -0.274
[component_container-11] 	 42.540	ErrPose	  0.026	 -1.029	 -0.001	 -0.007
[component_container-11] 	 42.540	ErrTwis	 -0.459	 -0.167	  0.018	 -0.005
[component_container-11] 	 42.540	    GPS	 -0.375	  1.073	  5.031	     --
[component_container-11] 	 42.540	   Baro	     --	     --	  4.811	     --
[component_container-11] 	 42.540	  BBias	     --	     --	 -0.301	     --
[component_container-11] 	 42.540	  Sonar	     --	     --	  2.549	     --
[component_container-11] 	 42.540	  Magnt	     --	     --	     --	  0.798
[component_container-11] 
[component_container-11] 	 42.570	   Pose	 -0.004	  2.285	  5.020	  0.767
[component_container-11] 	 42.570	  Twist	 -0.240	 -0.117	  0.009	 -0.281
[component_container-11] 	 42.570	ErrPose	  0.028	 -1.040	  0.013	 -0.004
[component_container-11] 	 42.570	ErrTwis	 -0.456	 -0.177	  0.033	  0.001
[component_container-11] 	 42.570	    GPS	 -0.375	  1.073	  5.031	     --
[component_container-11] 	 42.570	   Baro	     --	     --	  4.559	     --
[component_container-11] 	 42.570	  BBias	     --	     --	 -0.301	     --
[component_container-11] 	 42.570	  Sonar	     --	     --	  2.530	     --
[component_container-11] 	 42.570	  Magnt	     --	     --	     --	  0.754
[component_container-11] 
[component_container-11] 	 42.600	   Pose	 -0.011	  2.281	  5.021	  0.758
[component_container-11] 	 42.600	  Twist	 -0.239	 -0.111	  0.006	 -0.286
[component_container-11] 	 42.600	ErrPose	  0.024	 -1.064	  0.014	 -0.007
[component_container-11] 	 42.600	ErrTwis	 -0.450	 -0.193	  0.034	  0.006
[component_container-11] 	 42.600	    GPS	 -0.375	  1.073	  5.031	     --
[component_container-11] 	 42.600	   Baro	     --	     --	  4.559	     --
[component_container-11] 	 42.600	  BBias	     --	     --	 -0.301	     --
[component_container-11] 	 42.600	  Sonar	     --	     --	  2.530	     --
[component_container-11] 	 42.600	  Magnt	     --	     --	     --	  0.754
[component_container-11] 
[component_container-11] 	 42.640	   Pose	 -0.021	  2.277	  5.027	  0.748
[component_container-11] 	 42.640	  Twist	 -0.237	 -0.104	  0.009	 -0.279
[component_container-11] 	 42.640	ErrPose	  0.022	 -1.087	  0.009	 -0.007
[component_container-11] 	 42.640	ErrTwis	 -0.444	 -0.211	  0.031	 -0.000
[component_container-11] 	 42.640	    GPS	 -0.375	  1.073	  5.031	     --
[component_container-11] 	 42.640	   Baro	     --	     --	  4.801	     --
[component_container-11] 	 42.640	  BBias	     --	     --	 -0.301	     --
[component_container-11] 	 42.640	  Sonar	     --	     --	  2.516	     --
[component_container-11] 	 42.640	  Magnt	     --	     --	     --	  0.782
[component_container-11] 
[component_container-11] 	 42.670	   Pose	 -0.028	  2.274	  5.022	  0.739
[component_container-11] 	 42.670	  Twist	 -0.235	 -0.100	  0.001	 -0.286
[component_container-11] 	 42.670	ErrPose	  0.024	 -1.098	  0.015	 -0.003
[component_container-11] 	 42.670	ErrTwis	 -0.442	 -0.220	  0.040	  0.007
[component_container-11] 	 42.670	    GPS	 -0.375	  1.073	  5.031	     --
[component_container-11] 	 42.670	   Baro	     --	     --	  4.660	     --
[component_container-11] 	 42.670	  BBias	     --	     --	 -0.301	     --
[component_container-11] 	 42.670	  Sonar	     --	     --	  2.551	     --
[component_container-11] 	 42.670	  Magnt	     --	     --	     --	  0.695
[component_container-11] 
[component_container-11] 	 42.700	   Pose	 -0.035	  2.271	  5.022	  0.730
[component_container-11] 	 42.700	  Twist	 -0.235	 -0.096	 -0.001	 -0.268
[component_container-11] 	 42.700	ErrPose	  0.020	 -1.123	  0.016	 -0.006
[component_container-11] 	 42.700	ErrTwis	 -0.436	 -0.234	  0.041	 -0.011
[component_container-11] 	 42.700	    GPS	 -0.375	  1.073	  5.031	     --
[component_container-11] 	 42.700	   Baro	     --	     --	  4.660	     --
[component_container-11] 	 42.700	  BBias	     --	     --	 -0.301	     --
[component_container-11] 	 42.700	  Sonar	     --	     --	  2.551	     --
[component_container-11] 	 42.700	  Magnt	     --	     --	     --	  0.695
[component_container-11] 
[component_container-11] 	 42.740	   Pose	 -0.044	  2.267	  5.009	  0.719
[component_container-11] 	 42.740	  Twist	 -0.232	 -0.090	 -0.017	 -0.280
[component_container-11] 	 42.740	ErrPose	  0.018	 -1.147	  0.030	 -0.006
[component_container-11] 	 42.740	ErrTwis	 -0.432	 -0.250	  0.055	  0.001
[component_container-11] 	 42.740	    GPS	 -0.375	  1.073	  5.031	     --
[component_container-11] 	 42.740	   Baro	     --	     --	  4.571	     --
[component_container-11] 	 42.740	  BBias	     --	     --	 -0.301	     --
[component_container-11] 	 42.740	  Sonar	     --	     --	  2.520	     --
[component_container-11] 	 42.740	  Magnt	     --	     --	     --	  0.730
[component_container-11] 
[component_container-11] 	 42.770	   Pose	 -0.051	  2.265	  5.012	  0.712
[component_container-11] 	 42.770	  Twist	 -0.231	 -0.084	 -0.015	 -0.275
[component_container-11] 	 42.770	ErrPose	  0.020	 -1.158	  0.028	 -0.005
[component_container-11] 	 42.770	ErrTwis	 -0.430	 -0.260	  0.053	 -0.004
[component_container-11] 	 42.770	    GPS	 -0.375	  1.073	  5.031	     --
[component_container-11] 	 42.770	   Baro	     --	     --	  4.746	     --
[component_container-11] 	 42.770	  BBias	     --	     --	 -0.301	     --
[component_container-11] 	 42.770	  Sonar	     --	     --	  2.561	     --
[component_container-11] 	 42.770	  Magnt	     --	     --	     --	  0.771
[component_container-11] 
[component_container-11] 	 42.800	   Pose	 -0.058	  2.262	  5.012	  0.703
[component_container-11] 	 42.800	  Twist	 -0.231	 -0.079	 -0.017	 -0.293
[component_container-11] 	 42.800	ErrPose	  0.016	 -1.184	  0.030	 -0.007
[component_container-11] 	 42.800	ErrTwis	 -0.423	 -0.274	  0.056	  0.014
[component_container-11] 	 42.800	    GPS	 -0.375	  1.073	  5.031	     --
[component_container-11] 	 42.800	   Baro	     --	     --	  4.746	     --
[component_container-11] 	 42.800	  BBias	     --	     --	 -0.301	     --
[component_container-11] 	 42.800	  Sonar	     --	     --	  2.561	     --
[component_container-11] 	 42.800	  Magnt	     --	     --	     --	  0.771
[component_container-11] 
[component_container-11] 	 42.840	   Pose	 -0.067	  2.259	  5.011	  0.692
[component_container-11] 	 42.840	  Twist	 -0.230	 -0.074	 -0.018	 -0.263
[component_container-11] 	 42.840	ErrPose	  0.015	 -1.208	  0.031	 -0.007
[component_container-11] 	 42.840	ErrTwis	 -0.419	 -0.288	  0.057	 -0.017
[component_container-11] 	 42.840	    GPS	 -0.375	  1.073	  5.031	     --
[component_container-11] 	 42.840	   Baro	     --	     --	  4.716	     --
[component_container-11] 	 42.840	  BBias	     --	     --	 -0.301	     --
[component_container-11] 	 42.840	  Sonar	     --	     --	  2.603	     --
[component_container-11] 	 42.840	  Magnt	     --	     --	     --	  0.691
[component_container-11] 
[component_container-11] 	 42.870	   Pose	 -0.074	  2.257	  5.017	  0.684
[component_container-11] 	 42.870	  Twist	 -0.229	 -0.069	 -0.013	 -0.269
[component_container-11] 	 42.870	ErrPose	  0.017	 -1.220	  0.026	 -0.005
[component_container-11] 	 42.870	ErrTwis	 -0.416	 -0.297	  0.052	 -0.011
[component_container-11] 	 42.870	    GPS	 -0.375	  1.073	  5.031	     --
[component_container-11] 	 42.870	   Baro	     --	     --	  4.780	     --
[component_container-11] 	 42.870	  BBias	     --	     --	 -0.301	     --
[component_container-11] 	 42.870	  Sonar	     --	     --	  2.542	     --
[component_container-11] 	 42.870	  Magnt	     --	     --	     --	  0.705
[component_container-11] 
[component_container-11] 	 42.900	   Pose	 -0.081	  2.255	  5.017	  0.676
[component_container-11] 	 42.900	  Twist	 -0.228	 -0.064	 -0.014	 -0.272
[component_container-11] 	 42.900	ErrPose	  0.013	 -1.246	  0.028	 -0.008
[component_container-11] 	 42.900	ErrTwis	 -0.411	 -0.311	  0.052	 -0.008
[component_container-11] 	 42.900	    GPS	 -0.375	  1.073	  5.031	     --
[component_container-11] 	 42.900	   Baro	     --	     --	  4.780	     --
[component_container-11] 	 42.900	  BBias	     --	     --	 -0.301	     --
[component_container-11] 	 42.900	  Sonar	     --	     --	  2.542	     --
[component_container-11] 	 42.900	  Magnt	     --	     --	     --	  0.705
[component_container-11] 
[component_container-11] 	 42.940	   Pose	 -0.090	  2.253	  5.020	  0.664
[component_container-11] 	 42.940	  Twist	 -0.226	 -0.057	 -0.013	 -0.273
[component_container-11] 	 42.940	ErrPose	  0.012	 -1.271	  0.026	 -0.007
[component_container-11] 	 42.940	ErrTwis	 -0.407	 -0.327	  0.053	 -0.007
[component_container-11] 	 42.940	    GPS	 -0.375	  1.073	  5.031	     --
[component_container-11] 	 42.940	   Baro	     --	     --	  4.758	     --
[component_container-11] 	 42.940	  BBias	     --	     --	 -0.301	     --
[component_container-11] 	 42.940	  Sonar	     --	     --	  2.534	     --
[component_container-11] 	 42.940	  Magnt	     --	     --	     --	  0.631
[component_container-11] 
[component_container-11] 	 42.970	   Pose	 -0.097	  2.251	  5.031	  0.655
[component_container-11] 	 42.970	  Twist	 -0.226	 -0.053	 -0.003	 -0.283
[component_container-11] 	 42.970	ErrPose	  0.014	 -1.284	  0.015	 -0.003
[component_container-11] 	 42.970	ErrTwis	 -0.404	 -0.336	  0.044	  0.003
[component_container-11] 	 42.970	    GPS	 -0.375	  1.073	  5.031	     --
[component_container-11] 	 42.970	   Baro	     --	     --	  4.850	     --
[component_container-11] 	 42.970	  BBias	     --	     --	 -0.301	     --
[component_container-11] 	 42.970	  Sonar	     --	     --	    inf	     --
[component_container-11] 	 42.970	  Magnt	     --	     --	     --	  0.621
[component_container-11] 
[component_container-11] 	 43.000	   Pose	 -0.103	  2.249	  5.031	  0.646
[component_container-11] 	 43.000	  Twist	 -0.224	 -0.048	 -0.005	 -0.275
[component_container-11] 	 43.000	ErrPose	  0.010	 -1.310	  0.017	 -0.006
[component_container-11] 	 43.000	ErrTwis	 -0.401	 -0.350	  0.045	 -0.005
[component_container-11] 	 43.000	    GPS	 -0.375	  1.073	  5.031	     --
[component_container-11] 	 43.000	   Baro	     --	     --	  4.850	     --
[component_container-11] 	 43.000	  BBias	     --	     --	 -0.301	     --
[component_container-11] 	 43.000	  Sonar	     --	     --	    inf	     --
[component_container-11] 	 43.000	  Magnt	     --	     --	     --	  0.621
[component_container-11] 
[component_container-11] [INFO] [1775320722.645403491] [drone.estimator]: TMP LOG err_xyz=(0.010, -1.310, 0.017) | z_est=5.031 vz_est=-0.005 bias=-0.301 | gps_z=5.031 sonar=inf baro=4.850
[component_container-11] [INFO] [1775320722.645640062] [drone.controller]: cmd_vel body=(-0.867, -0.498, -0.018) yaw=-0.300 | odom_received=true | plan_points=47
[component_container-11] 	 43.040	   Pose	 -0.181	  1.832	  5.039	  0.636
[component_container-11] 	 43.040	  Twist	 -0.245	 -0.183	  0.001	 -0.270
[component_container-11] 	 43.040	ErrPose	  0.078	 -0.920	  0.010	 -0.007
[component_container-11] 	 43.040	ErrTwis	 -0.374	 -0.225	  0.038	 -0.009
[component_container-11] 	 43.040	    GPS	 -0.336	  0.844	  5.048	     --
[component_container-11] 	 43.040	   Baro	     --	     --	  4.801	     --
[component_container-11] 	 43.040	  BBias	     --	     --	 -0.301	     --
[component_container-11] 	 43.040	  Sonar	     --	     --	    inf	     --
[component_container-11] 	 43.040	  Magnt	     --	     --	     --	  0.656
[component_container-11] 
[component_container-11] 	 43.070	   Pose	 -0.188	  1.826	  5.040	  0.628
[component_container-11] 	 43.070	  Twist	 -0.244	 -0.178	 -0.000	 -0.266
[component_container-11] 	 43.070	ErrPose	  0.080	 -0.929	  0.009	 -0.004
[component_container-11] 	 43.070	ErrTwis	 -0.371	 -0.234	  0.040	 -0.013
[component_container-11] 	 43.070	    GPS	 -0.336	  0.844	  5.048	     --
[component_container-11] 	 43.070	   Baro	     --	     --	  4.753	     --
[component_container-11] 	 43.070	  BBias	     --	     --	 -0.301	     --
[component_container-11] 	 43.070	  Sonar	     --	     --	    inf	     --
[component_container-11] 	 43.070	  Magnt	     --	     --	     --	  0.639
[component_container-11] 
[component_container-11] 	 43.100	   Pose	 -0.195	  1.821	  5.040	  0.619
[component_container-11] 	 43.100	  Twist	 -0.244	 -0.174	 -0.003	 -0.283
[component_container-11] 	 43.100	ErrPose	  0.077	 -0.952	  0.010	 -0.007
[component_container-11] 	 43.100	ErrTwis	 -0.367	 -0.249	  0.044	  0.003
[component_container-11] 	 43.100	    GPS	 -0.336	  0.844	  5.048	     --
[component_container-11] 	 43.100	   Baro	     --	     --	  4.753	     --
[component_container-11] 	 43.100	  BBias	     --	     --	 -0.301	     --
[component_container-11] 	 43.100	  Sonar	     --	     --	    inf	     --
[component_container-11] 	 43.100	  Magnt	     --	     --	     --	  0.639
[component_container-11] 
[component_container-11] 	 43.140	   Pose	 -0.205	  1.814	  5.027	  0.608
[component_container-11] 	 43.140	  Twist	 -0.242	 -0.167	 -0.020	 -0.264
[component_container-11] 	 43.140	ErrPose	  0.077	 -0.973	  0.025	 -0.007
[component_container-11] 	 43.140	ErrTwis	 -0.364	 -0.265	  0.059	 -0.016
[component_container-11] 	 43.140	    GPS	 -0.336	  0.844	  5.048	     --
[component_container-11] 	 43.140	   Baro	     --	     --	  4.580	     --
[component_container-11] 	 43.140	  BBias	     --	     --	 -0.301	     --
[component_container-11] 	 43.140	  Sonar	     --	     --	    inf	     --
[component_container-11] 	 43.140	  Magnt	     --	     --	     --	  0.594
[component_container-11] 
[component_container-11] 	 43.170	   Pose	 -0.212	  1.809	  5.028	  0.598
[component_container-11] 	 43.170	  Twist	 -0.241	 -0.162	 -0.021	 -0.283
[component_container-11] 	 43.170	ErrPose	  0.080	 -0.982	  0.024	 -0.003
[component_container-11] 	 43.170	ErrTwis	 -0.363	 -0.275	  0.059	  0.003
[component_container-11] 	 43.170	    GPS	 -0.336	  0.844	  5.048	     --
[component_container-11] 	 43.170	   Baro	     --	     --	  4.744	     --
[component_container-11] 	 43.170	  BBias	     --	     --	 -0.301	     --
[component_container-11] 	 43.170	  Sonar	     --	     --	    inf	     --
[component_container-11] 	 43.170	  Magnt	     --	     --	     --	  0.571
[component_container-11] 
[component_container-11] 	 43.200	   Pose	 -0.219	  1.804	  5.027	  0.590
[component_container-11] 	 43.200	  Twist	 -0.239	 -0.156	 -0.023	 -0.277
[component_container-11] 	 43.200	ErrPose	  0.077	 -1.006	  0.026	 -0.006
[component_container-11] 	 43.200	ErrTwis	 -0.359	 -0.290	  0.059	 -0.002
[component_container-11] 	 43.200	    GPS	 -0.336	  0.844	  5.048	     --
[component_container-11] 	 43.200	   Baro	     --	     --	  4.744	     --
[component_container-11] 	 43.200	  BBias	     --	     --	 -0.301	     --
[component_container-11] 	 43.200	  Sonar	     --	     --	    inf	     --
[component_container-11] 	 43.200	  Magnt	     --	     --	     --	  0.571
[component_container-11] 
[component_container-11] 	 43.240	   Pose	 -0.229	  1.798	  5.021	  0.580
[component_container-11] 	 43.240	  Twist	 -0.238	 -0.150	 -0.030	 -0.279
[component_container-11] 	 43.240	ErrPose	  0.077	 -1.028	  0.033	 -0.007
[component_container-11] 	 43.240	ErrTwis	 -0.355	 -0.305	  0.067	 -0.000
[component_container-11] 	 43.240	    GPS	 -0.336	  0.844	  5.048	     --
[component_container-11] 	 43.240	   Baro	     --	     --	  4.663	     --
[component_container-11] 	 43.240	  BBias	     --	     --	 -0.301	     --
[component_container-11] 	 43.240	  Sonar	     --	     --	    inf	     --
[component_container-11] 	 43.240	  Magnt	     --	     --	     --	  0.615
[component_container-11] 
[component_container-11] 	 43.270	   Pose	 -0.236	  1.794	  5.028	  0.571
[component_container-11] 	 43.270	  Twist	 -0.238	 -0.146	 -0.022	 -0.286
[component_container-11] 	 43.270	ErrPose	  0.079	 -1.038	  0.026	 -0.003
[component_container-11] 	 43.270	ErrTwis	 -0.354	 -0.313	  0.058	  0.006
[component_container-11] 	 43.270	    GPS	 -0.336	  0.844	  5.048	     --
[component_container-11] 	 43.270	   Baro	     --	     --	  4.820	     --
[component_container-11] 	 43.270	  BBias	     --	     --	 -0.301	     --
[component_container-11] 	 43.270	  Sonar	     --	     --	    inf	     --
[component_container-11] 	 43.270	  Magnt	     --	     --	     --	  0.544
[component_container-11] 
[component_container-11] 	 43.300	   Pose	 -0.243	  1.790	  5.028	  0.562
[component_container-11] 	 43.300	  Twist	 -0.236	 -0.140	 -0.023	 -0.288
[component_container-11] 	 43.300	ErrPose	  0.077	 -1.062	  0.028	 -0.006
[component_container-11] 	 43.300	ErrTwis	 -0.352	 -0.327	  0.057	  0.008
[component_container-11] 	 43.300	    GPS	 -0.336	  0.844	  5.048	     --
[component_container-11] 	 43.300	   Baro	     --	     --	  4.820	     --
[component_container-11] 	 43.300	  BBias	     --	     --	 -0.301	     --
[component_container-11] 	 43.300	  Sonar	     --	     --	    inf	     --
[component_container-11] 	 43.300	  Magnt	     --	     --	     --	  0.544
[component_container-11] 
[component_container-11] 	 43.340	   Pose	 -0.253	  1.784	  5.018	  0.552
[component_container-11] 	 43.340	  Twist	 -0.234	 -0.133	 -0.033	 -0.282
[component_container-11] 	 43.340	ErrPose	  0.076	 -1.085	  0.039	 -0.007
[component_container-11] 	 43.340	ErrTwis	 -0.349	 -0.340	  0.068	  0.002
[component_container-11] 	 43.340	    GPS	 -0.336	  0.844	  5.048	     --
[component_container-11] 	 43.340	   Baro	     --	     --	  4.622	     --
[component_container-11] 	 43.340	  BBias	     --	     --	 -0.301	     --
[component_container-11] 	 43.340	  Sonar	     --	     --	    inf	     --
[component_container-11] 	 43.340	  Magnt	     --	     --	     --	  0.597
[component_container-11] 
[component_container-11] 	 43.370	   Pose	 -0.260	  1.780	  5.026	  0.543
[component_container-11] 	 43.370	  Twist	 -0.233	 -0.128	 -0.025	 -0.288
[component_container-11] 	 43.370	ErrPose	  0.078	 -1.095	  0.031	 -0.004
[component_container-11] 	 43.370	ErrTwis	 -0.347	 -0.349	  0.061	  0.009
[component_container-11] 	 43.370	    GPS	 -0.336	  0.844	  5.048	     --
[component_container-11] 	 43.370	   Baro	     --	     --	  4.829	     --
[component_container-11] 	 43.370	  BBias	     --	     --	 -0.301	     --
[component_container-11] 	 43.370	  Sonar	     --	     --	    inf	     --
[component_container-11] 	 43.370	  Magnt	     --	     --	     --	  0.539
[component_container-11] 
[component_container-11] 	 43.400	   Pose	 -0.267	  1.776	  5.026	  0.535
[component_container-11] 	 43.400	  Twist	 -0.232	 -0.123	 -0.026	 -0.274
[component_container-11] 	 43.400	ErrPose	  0.076	 -1.120	  0.033	 -0.007
[component_container-11] 	 43.400	ErrTwis	 -0.344	 -0.361	  0.064	 -0.006
[component_container-11] 	 43.400	    GPS	 -0.336	  0.844	  5.048	     --
[component_container-11] 	 43.400	   Baro	     --	     --	  4.829	     --
[component_container-11] 	 43.400	  BBias	     --	     --	 -0.301	     --
[component_container-11] 	 43.400	  Sonar	     --	     --	    inf	     --
[component_container-11] 	 43.400	  Magnt	     --	     --	     --	  0.539
[component_container-11] 
[component_container-11] 	 43.440	   Pose	 -0.276	  1.772	  5.043	  0.524
[component_container-11] 	 43.440	  Twist	 -0.230	 -0.117	 -0.009	 -0.267
[component_container-11] 	 43.440	ErrPose	  0.075	 -1.144	  0.016	 -0.007
[component_container-11] 	 43.440	ErrTwis	 -0.342	 -0.376	  0.046	 -0.013
[component_container-11] 	 43.440	    GPS	 -0.336	  0.844	  5.048	     --
[component_container-11] 	 43.440	   Baro	     --	     --	  4.927	     --
[component_container-11] 	 43.440	  BBias	     --	     --	 -0.301	     --
[component_container-11] 	 43.440	  Sonar	     --	     --	    inf	     --
[component_container-11] 	 43.440	  Magnt	     --	     --	     --	  0.545
[component_container-11] 
[component_container-11] 	 43.470	   Pose	 -0.283	  1.768	  5.047	  0.516
[component_container-11] 	 43.470	  Twist	 -0.228	 -0.111	 -0.006	 -0.270
[component_container-11] 	 43.470	ErrPose	  0.077	 -1.155	  0.013	 -0.005
[component_container-11] 	 43.470	ErrTwis	 -0.342	 -0.385	  0.043	 -0.009
[component_container-11] 	 43.470	    GPS	 -0.336	  0.844	  5.048	     --
[component_container-11] 	 43.470	   Baro	     --	     --	  4.787	     --
[component_container-11] 	 43.470	  BBias	     --	     --	 -0.301	     --
[component_container-11] 	 43.470	  Sonar	     --	     --	    inf	     --
[component_container-11] 	 43.470	  Magnt	     --	     --	     --	  0.519
[component_container-11] 
[component_container-11] 	 43.500	   Pose	 -0.289	  1.765	  5.047	  0.508
[component_container-11] 	 43.500	  Twist	 -0.227	 -0.106	 -0.008	 -0.286
[component_container-11] 	 43.500	ErrPose	  0.074	 -1.180	  0.014	 -0.008
[component_container-11] 	 43.500	ErrTwis	 -0.339	 -0.399	  0.046	  0.006
[component_container-11] 	 43.500	    GPS	 -0.336	  0.844	  5.048	     --
[component_container-11] 	 43.500	   Baro	     --	     --	  4.787	     --
[component_container-11] 	 43.500	  BBias	     --	     --	 -0.301	     --
[component_container-11] 	 43.500	  Sonar	     --	     --	    inf	     --
[component_container-11] 	 43.500	  Magnt	     --	     --	     --	  0.519
[component_container-11] 
[component_container-11] 	 43.540	   Pose	 -0.366	  1.390	  5.046	  0.497
[component_container-11] 	 43.540	  Twist	 -0.248	 -0.225	 -0.011	 -0.272
[component_container-11] 	 43.540	ErrPose	  0.140	 -0.834	  0.016	 -0.008
[component_container-11] 	 43.540	ErrTwis	 -0.314	 -0.288	  0.051	 -0.008
[component_container-11] 	 43.540	    GPS	 -0.518	  0.510	  5.061	     --
[component_container-11] 	 43.540	   Baro	     --	     --	  4.715	     --
[component_container-11] 	 43.540	  BBias	     --	     --	 -0.301	     --
[component_container-11] 	 43.540	  Sonar	     --	     --	    inf	     --
[component_container-11] 	 43.540	  Magnt	     --	     --	     --	  0.533
[component_container-11] 
[component_container-11] 	 43.570	   Pose	 -0.373	  1.383	  5.043	  0.489
[component_container-11] 	 43.570	  Twist	 -0.248	 -0.221	 -0.016	 -0.260
[component_container-11] 	 43.570	ErrPose	  0.143	 -0.842	  0.019	 -0.006
[component_container-11] 	 43.570	ErrTwis	 -0.313	 -0.297	  0.055	 -0.020
[component_container-11] 	 43.570	    GPS	 -0.518	  0.510	  5.061	     --
[component_container-11] 	 43.570	   Baro	     --	     --	  4.708	     --
[component_container-11] 	 43.570	  BBias	     --	     --	 -0.301	     --
[component_container-11] 	 43.570	  Sonar	     --	     --	    inf	     --
[component_container-11] 	 43.570	  Magnt	     --	     --	     --	  0.506
[component_container-11] 
[component_container-11] 	 43.600	   Pose	 -0.380	  1.377	  5.042	  0.481
[component_container-11] 	 43.600	  Twist	 -0.246	 -0.216	 -0.020	 -0.284
[component_container-11] 	 43.600	ErrPose	  0.140	 -0.865	  0.021	 -0.009
[component_container-11] 	 43.600	ErrTwis	 -0.311	 -0.310	  0.055	  0.005
[component_container-11] 	 43.600	    GPS	 -0.518	  0.510	  5.061	     --
[component_container-11] 	 43.600	   Baro	     --	     --	  4.708	     --
[component_container-11] 	 43.600	  BBias	     --	     --	 -0.301	     --
[component_container-11] 	 43.600	  Sonar	     --	     --	    inf	     --
[component_container-11] 	 43.600	  Magnt	     --	     --	     --	  0.506
[component_container-11] 
[component_container-11] 	 43.640	   Pose	 -0.390	  1.368	  5.050	  0.471
[component_container-11] 	 43.640	  Twist	 -0.244	 -0.208	 -0.013	 -0.278
[component_container-11] 	 43.640	ErrPose	  0.140	 -0.885	  0.013	 -0.010
[component_container-11] 	 43.640	ErrTwis	 -0.309	 -0.327	  0.048	 -0.001
[component_container-11] 	 43.640	    GPS	 -0.518	  0.510	  5.061	     --
[component_container-11] 	 43.640	   Baro	     --	     --	  4.849	     --
[component_container-11] 	 43.640	  BBias	     --	     --	 -0.301	     --
[component_container-11] 	 43.640	  Sonar	     --	     --	    inf	     --
[component_container-11] 	 43.640	  Magnt	     --	     --	     --	  0.481
[component_container-11] 
[component_container-11] 	 43.670	   Pose	 -0.398	  1.362	  5.052	  0.462
[component_container-11] 	 43.670	  Twist	 -0.243	 -0.204	 -0.014	 -0.276
[component_container-11] 	 43.670	ErrPose	  0.142	 -0.894	  0.013	 -0.007
[component_container-11] 	 43.670	ErrTwis	 -0.308	 -0.335	  0.049	 -0.004
[component_container-11] 	 43.670	    GPS	 -0.518	  0.510	  5.061	     --
[component_container-11] 	 43.670	   Baro	     --	     --	  4.770	     --
[component_container-11] 	 43.670	  BBias	     --	     --	 -0.301	     --
[component_container-11] 	 43.670	  Sonar	     --	     --	    inf	     --
[component_container-11] 	 43.670	  Magnt	     --	     --	     --	  0.464
[component_container-11] 
[component_container-11] 	 43.700	   Pose	 -0.405	  1.356	  5.051	  0.454
[component_container-11] 	 43.700	  Twist	 -0.242	 -0.199	 -0.016	 -0.268
[component_container-11] 	 43.700	ErrPose	  0.139	 -0.917	  0.014	 -0.010
[component_container-11] 	 43.700	ErrTwis	 -0.306	 -0.348	  0.051	 -0.011
[component_container-11] 	 43.700	    GPS	 -0.518	  0.510	  5.061	     --
[component_container-11] 	 43.700	   Baro	     --	     --	  4.770	     --
[component_container-11] 	 43.700	  BBias	     --	     --	 -0.301	     --
[component_container-11] 	 43.700	  Sonar	     --	     --	    inf	     --
[component_container-11] 	 43.700	  Magnt	     --	     --	     --	  0.464
[component_container-11] 
[component_container-11] 	 43.740	   Pose	 -0.414	  1.348	  5.044	  0.444
[component_container-11] 	 43.740	  Twist	 -0.240	 -0.193	 -0.027	 -0.278
[component_container-11] 	 43.740	ErrPose	  0.139	 -0.939	  0.022	 -0.011
[component_container-11] 	 43.740	ErrTwis	 -0.304	 -0.363	  0.058	 -0.002
[component_container-11] 	 43.740	    GPS	 -0.518	  0.510	  5.061	     --
[component_container-11] 	 43.740	   Baro	     --	     --	  4.673	     --
[component_container-11] 	 43.740	  BBias	     --	     --	 -0.301	     --
[component_container-11] 	 43.740	  Sonar	     --	     --	    inf	     --
[component_container-11] 	 43.740	  Magnt	     --	     --	     --	  0.483
[component_container-11] 
[component_container-11] 	 43.770	   Pose	 -0.422	  1.342	  5.053	  0.436
[component_container-11] 	 43.770	  Twist	 -0.237	 -0.188	 -0.018	 -0.278
[component_container-11] 	 43.770	ErrPose	  0.141	 -0.948	  0.013	 -0.008
[component_container-11] 	 43.770	ErrTwis	 -0.305	 -0.371	  0.048	 -0.001
[component_container-11] 	 43.770	    GPS	 -0.518	  0.510	  5.061	     --
[component_container-11] 	 43.770	   Baro	     --	     --	  4.863	     --
[component_container-11] 	 43.770	  BBias	     --	     --	 -0.301	     --
[component_container-11] 	 43.770	  Sonar	     --	     --	    inf	     --
[component_container-11] 	 43.770	  Magnt	     --	     --	     --	  0.442
[component_container-11] 
[component_container-11] 	 43.800	   Pose	 -0.429	  1.337	  5.053	  0.427
[component_container-11] 	 43.800	  Twist	 -0.235	 -0.184	 -0.020	 -0.264
[component_container-11] 	 43.800	ErrPose	  0.138	 -0.972	  0.014	 -0.011
[component_container-11] 	 43.800	ErrTwis	 -0.303	 -0.383	  0.050	 -0.015
[component_container-11] 	 43.800	    GPS	 -0.518	  0.510	  5.061	     --
[component_container-11] 	 43.800	   Baro	     --	     --	  4.863	     --
[component_container-11] 	 43.800	  BBias	     --	     --	 -0.301	     --
[component_container-11] 	 43.800	  Sonar	     --	     --	    inf	     --
[component_container-11] 	 43.800	  Magnt	     --	     --	     --	  0.442
[component_container-11] 
[component_container-11] 	 43.840	   Pose	 -0.438	  1.330	  5.060	  0.417
[component_container-11] 	 43.840	  Twist	 -0.233	 -0.177	 -0.014	 -0.267
[component_container-11] 	 43.840	ErrPose	  0.137	 -0.995	  0.007	 -0.012
[component_container-11] 	 43.840	ErrTwis	 -0.302	 -0.396	  0.044	 -0.012
[component_container-11] 	 43.840	    GPS	 -0.518	  0.510	  5.061	     --
[component_container-11] 	 43.840	   Baro	     --	     --	  4.840	     --
[component_container-11] 	 43.840	  BBias	     --	     --	 -0.301	     --
[component_container-11] 	 43.840	  Sonar	     --	     --	    inf	     --
[component_container-11] 	 43.840	  Magnt	     --	     --	     --	  0.456
[component_container-11] 
[component_container-11] 	 43.870	   Pose	 -0.445	  1.324	  5.074	  0.410
[component_container-11] 	 43.870	  Twist	 -0.232	 -0.172	  0.000	 -0.271
[component_container-11] 	 43.870	ErrPose	  0.139	 -1.004	 -0.007	 -0.010
[component_container-11] 	 43.870	ErrTwis	 -0.302	 -0.405	  0.030	 -0.008
[component_container-11] 	 43.870	    GPS	 -0.518	  0.510	  5.061	     --
[component_container-11] 	 43.870	   Baro	     --	     --	  4.932	     --
[component_container-11] 	 43.870	  BBias	     --	     --	 -0.301	     --
[component_container-11] 	 43.870	  Sonar	     --	     --	    inf	     --
[component_container-11] 	 43.870	  Magnt	     --	     --	     --	  0.441
[component_container-11] 
[component_container-11] 	 43.900	   Pose	 -0.452	  1.319	  5.074	  0.401
[component_container-11] 	 43.900	  Twist	 -0.230	 -0.166	 -0.002	 -0.275
[component_container-11] 	 43.900	ErrPose	  0.135	 -1.029	 -0.006	 -0.013
[component_container-11] 	 43.900	ErrTwis	 -0.300	 -0.417	  0.031	 -0.005
[component_container-11] 	 43.900	    GPS	 -0.518	  0.510	  5.061	     --
[component_container-11] 	 43.900	   Baro	     --	     --	  4.932	     --
[component_container-11] 	 43.900	  BBias	     --	     --	 -0.301	     --
[component_container-11] 	 43.900	  Sonar	     --	     --	    inf	     --
[component_container-11] 	 43.900	  Magnt	     --	     --	     --	  0.441
[component_container-11] 
[component_container-11] 	 43.940	   Pose	 -0.461	  1.313	  5.075	  0.390
[component_container-11] 	 43.940	  Twist	 -0.228	 -0.160	 -0.003	 -0.270
[component_container-11] 	 43.940	ErrPose	  0.134	 -1.052	 -0.007	 -0.013
[component_container-11] 	 43.940	ErrTwis	 -0.298	 -0.431	  0.033	 -0.010
[component_container-11] 	 43.940	    GPS	 -0.518	  0.510	  5.061	     --
[component_container-11] 	 43.940	   Baro	     --	     --	  4.786	     --
[component_container-11] 	 43.940	  BBias	     --	     --	 -0.301	     --
[component_container-11] 	 43.940	  Sonar	     --	     --	    inf	     --
[component_container-11] 	 43.940	  Magnt	     --	     --	     --	  0.381
[component_container-11] 
[component_container-11] 	 43.970	   Pose	 -0.468	  1.308	  5.070	  0.382
[component_container-11] 	 43.970	  Twist	 -0.227	 -0.155	 -0.012	 -0.286
[component_container-11] 	 43.970	ErrPose	  0.135	 -1.063	 -0.001	 -0.010
[component_container-11] 	 43.970	ErrTwis	 -0.298	 -0.439	  0.042	  0.007
[component_container-11] 	 43.970	    GPS	 -0.518	  0.510	  5.061	     --
[component_container-11] 	 43.970	   Baro	     --	     --	  4.718	     --
[component_container-11] 	 43.970	  BBias	     --	     --	 -0.301	     --
[component_container-11] 	 43.970	  Sonar	     --	     --	    inf	     --
[component_container-11] 	 43.970	  Magnt	     --	     --	     --	  0.391
[component_container-11] 
[component_container-11] [INFO] [1775320723.648640865] [drone.controller]: cmd_vel body=(-0.722, -0.692, -0.018) yaw=-0.300 | odom_received=true | plan_points=37
[component_container-11] 	 44.000	   Pose	 -0.475	  1.304	  5.070	  0.374
[component_container-11] 	 44.000	  Twist	 -0.225	 -0.150	 -0.014	 -0.267
[component_container-11] 	 44.000	ErrPose	  0.131	 -1.088	 -0.001	 -0.013
[component_container-11] 	 44.000	ErrTwis	 -0.297	 -0.452	  0.043	 -0.012
[component_container-11] 	 44.000	    GPS	 -0.518	  0.510	  5.061	     --
[component_container-11] 	 44.000	   Baro	     --	     --	  4.718	     --
[component_container-11] 	 44.000	  BBias	     --	     --	 -0.301	     --
[component_container-11] 	 44.000	  Sonar	     --	     --	    inf	     --
[component_container-11] 	 44.000	  Magnt	     --	     --	     --	  0.391
[component_container-11] 
[component_container-11] [INFO] [1775320723.649096945] [drone.estimator]: TMP LOG err_xyz=(0.131, -1.088, -0.001) | z_est=5.070 vz_est=-0.014 bias=-0.301 | gps_z=5.061 sonar=inf baro=4.718
[component_container-11] 	 44.040	   Pose	 -0.552	  0.907	  5.077	  0.363
[component_container-11] 	 44.040	  Twist	 -0.246	 -0.275	 -0.009	 -0.260
[component_container-11] 	 44.040	ErrPose	  0.197	 -0.722	 -0.008	 -0.014
[component_container-11] 	 44.040	ErrTwis	 -0.273	 -0.334	  0.035	 -0.019
[component_container-11] 	 44.040	    GPS	 -0.707	 -0.018	  5.069	     --
[component_container-11] 	 44.040	   Baro	     --	     --	  4.876	     --
[component_container-11] 	 44.040	  BBias	     --	     --	 -0.301	     --
[component_container-11] 	 44.040	  Sonar	     --	     --	    inf	     --
[component_container-11] 	 44.040	  Magnt	     --	     --	     --	  0.377
[component_container-11] 
[component_container-11] 	 44.070	   Pose	 -0.559	  0.899	  5.086	  0.355
[component_container-11] 	 44.070	  Twist	 -0.243	 -0.270	 -0.002	 -0.260
[component_container-11] 	 44.070	ErrPose	  0.199	 -0.729	 -0.016	 -0.011
[component_container-11] 	 44.070	ErrTwis	 -0.273	 -0.343	  0.028	 -0.020
[component_container-11] 	 44.070	    GPS	 -0.707	 -0.018	  5.069	     --
[component_container-11] 	 44.070	   Baro	     --	     --	  4.888	     --
[component_container-11] 	 44.070	  BBias	     --	     --	 -0.301	     --
[component_container-11] 	 44.070	  Sonar	     --	     --	    inf	     --
[component_container-11] 	 44.070	  Magnt	     --	     --	     --	  0.362
[component_container-11] 
[component_container-11] 	 44.100	   Pose	 -0.566	  0.891	  5.086	  0.346
[component_container-11] 	 44.100	  Twist	 -0.241	 -0.266	 -0.004	 -0.273
[component_container-11] 	 44.100	ErrPose	  0.196	 -0.752	 -0.016	 -0.014
[component_container-11] 	 44.100	ErrTwis	 -0.272	 -0.355	  0.031	 -0.007
[component_container-11] 	 44.100	    GPS	 -0.707	 -0.018	  5.069	     --
[component_container-11] 	 44.100	   Baro	     --	     --	  4.888	     --
[component_container-11] 	 44.100	  BBias	     --	     --	 -0.301	     --
[component_container-11] 	 44.100	  Sonar	     --	     --	    inf	     --
[component_container-11] 	 44.100	  Magnt	     --	     --	     --	  0.362
[component_container-11] 
[component_container-11] 	 44.140	   Pose	 -0.576	  0.881	  5.090	  0.335
[component_container-11] 	 44.140	  Twist	 -0.239	 -0.260	 -0.003	 -0.286
[component_container-11] 	 44.140	ErrPose	  0.194	 -0.772	 -0.020	 -0.014
[component_container-11] 	 44.140	ErrTwis	 -0.271	 -0.369	  0.029	  0.007
[component_container-11] 	 44.140	    GPS	 -0.707	 -0.018	  5.069	     --
[component_container-11] 	 44.140	   Baro	     --	     --	  4.841	     --
[component_container-11] 	 44.140	  BBias	     --	     --	 -0.301	     --
[component_container-11] 	 44.140	  Sonar	     --	     --	    inf	     --
[component_container-11] 	 44.140	  Magnt	     --	     --	     --	  0.341
[component_container-11] 
[component_container-11] 	 44.170	   Pose	 -0.583	  0.873	  5.081	  0.327
[component_container-11] 	 44.170	  Twist	 -0.236	 -0.255	 -0.016	 -0.284
[component_container-11] 	 44.170	ErrPose	  0.196	 -0.779	 -0.010	 -0.011
[component_container-11] 	 44.170	ErrTwis	 -0.272	 -0.378	  0.040	  0.004
[component_container-11] 	 44.170	    GPS	 -0.707	 -0.018	  5.069	     --
[component_container-11] 	 44.170	   Baro	     --	     --	  4.676	     --
[component_container-11] 	 44.170	  BBias	     --	     --	 -0.301	     --
[component_container-11] 	 44.170	  Sonar	     --	     --	    inf	     --
[component_container-11] 	 44.170	  Magnt	     --	     --	     --	  0.331
[component_container-11] 
[component_container-11] 	 44.200	   Pose	 -0.590	  0.865	  5.080	  0.319
[component_container-11] 	 44.200	  Twist	 -0.234	 -0.250	 -0.018	 -0.272
[component_container-11] 	 44.200	ErrPose	  0.191	 -0.802	 -0.009	 -0.014
[component_container-11] 	 44.200	ErrTwis	 -0.270	 -0.390	  0.039	 -0.008
[component_container-11] 	 44.200	    GPS	 -0.707	 -0.018	  5.069	     --
[component_container-11] 	 44.200	   Baro	     --	     --	  4.676	     --
[component_container-11] 	 44.200	  BBias	     --	     --	 -0.301	     --
[component_container-11] 	 44.200	  Sonar	     --	     --	    inf	     --
[component_container-11] 	 44.200	  Magnt	     --	     --	     --	  0.331
[component_container-11] 
[component_container-11] 	 44.240	   Pose	 -0.599	  0.855	  5.087	  0.307
[component_container-11] 	 44.240	  Twist	 -0.231	 -0.244	 -0.014	 -0.263
[component_container-11] 	 44.240	ErrPose	  0.189	 -0.823	 -0.016	 -0.014
[component_container-11] 	 44.240	ErrTwis	 -0.270	 -0.402	  0.033	 -0.017
[component_container-11] 	 44.240	    GPS	 -0.707	 -0.018	  5.069	     --
[component_container-11] 	 44.240	   Baro	     --	     --	  4.864	     --
[component_container-11] 	 44.240	  BBias	     --	     --	 -0.301	     --
[component_container-11] 	 44.240	  Sonar	     --	     --	    inf	     --
[component_container-11] 	 44.240	  Magnt	     --	     --	     --	  0.295
[component_container-11] 
[component_container-11] 	 44.270	   Pose	 -0.606	  0.848	  5.092	  0.299
[component_container-11] 	 44.270	  Twist	 -0.230	 -0.240	 -0.010	 -0.271
[component_container-11] 	 44.270	ErrPose	  0.190	 -0.831	 -0.021	 -0.011
[component_container-11] 	 44.270	ErrTwis	 -0.269	 -0.410	  0.029	 -0.009
[component_container-11] 	 44.270	    GPS	 -0.707	 -0.018	  5.069	     --
[component_container-11] 	 44.270	   Baro	     --	     --	  4.850	     --
[component_container-11] 	 44.270	  BBias	     --	     --	 -0.301	     --
[component_container-11] 	 44.270	  Sonar	     --	     --	    inf	     --
[component_container-11] 	 44.270	  Magnt	     --	     --	     --	  0.298
[component_container-11] 
[component_container-11] 	 44.300	   Pose	 -0.613	  0.841	  5.091	  0.291
[component_container-11] 	 44.300	  Twist	 -0.228	 -0.234	 -0.011	 -0.269
[component_container-11] 	 44.300	ErrPose	  0.186	 -0.855	 -0.020	 -0.014
[component_container-11] 	 44.300	ErrTwis	 -0.268	 -0.421	  0.028	 -0.011
[component_container-11] 	 44.300	    GPS	 -0.707	 -0.018	  5.069	     --
[component_container-11] 	 44.300	   Baro	     --	     --	  4.850	     --
[component_container-11] 	 44.300	  BBias	     --	     --	 -0.301	     --
[component_container-11] 	 44.300	  Sonar	     --	     --	    inf	     --
[component_container-11] 	 44.300	  Magnt	     --	     --	     --	  0.298
[component_container-11] 
[component_container-11] 	 44.340	   Pose	 -0.622	  0.832	  5.098	  0.280
[component_container-11] 	 44.340	  Twist	 -0.225	 -0.228	 -0.008	 -0.267
[component_container-11] 	 44.340	ErrPose	  0.183	 -0.877	 -0.027	 -0.015
[component_container-11] 	 44.340	ErrTwis	 -0.268	 -0.433	  0.023	 -0.013
[component_container-11] 	 44.340	    GPS	 -0.707	 -0.018	  5.069	     --
[component_container-11] 	 44.340	   Baro	     --	     --	  4.867	     --
[component_container-11] 	 44.340	  BBias	     --	     --	 -0.301	     --
[component_container-11] 	 44.340	  Sonar	     --	     --	    inf	     --
[component_container-11] 	 44.340	  Magnt	     --	     --	     --	  0.310
[component_container-11] 
[component_container-11] 	 44.370	   Pose	 -0.629	  0.825	  5.090	  0.271
[component_container-11] 	 44.370	  Twist	 -0.222	 -0.223	 -0.018	 -0.288
[component_container-11] 	 44.370	ErrPose	  0.184	 -0.885	 -0.019	 -0.012
[component_container-11] 	 44.370	ErrTwis	 -0.268	 -0.441	  0.033	  0.008
[component_container-11] 	 44.370	    GPS	 -0.707	 -0.018	  5.069	     --
[component_container-11] 	 44.370	   Baro	     --	     --	  4.709	     --
[component_container-11] 	 44.370	  BBias	     --	     --	 -0.301	     --
[component_container-11] 	 44.370	  Sonar	     --	     --	    inf	     --
[component_container-11] 	 44.370	  Magnt	     --	     --	     --	  0.272
[component_container-11] 
