time_sec,est_x,est_y,est_z,est_yaw,true_x,true_y,true_z,true_yaw,err_x,err_y,err_z,err_yaw
0.0,-2.00003375,-1.9999865,0.0500225,0.004879987,-2.0,-2.0,0.050029904,-0.0,3.375e-05,-1.35e-05,7.404e-06,-0.004879987
0.03,-2.000118085,-1.999947609,0.036198264,0.013257067,-2.0,-2.0,0.050069776,-0.0,0.000118085,-5.2391e-05,0.013871511,-0.013257067
0.06,-2.000252027,-1.999879059,0.035922315,0.013422067,-2.0,-2.0,0.050099738,-0.0,0.000252027,-0.000120941,0.014177422,-0.013422067
0.1,-2.00048771,-1.999740447,0.042116464,0.010710093,-2.0,-2.0,0.050139732,-0.0,0.00048771,-0.000259553,0.008023267,-0.010710093
0.13,-2.000728144,-1.999609318,0.038947436,0.00422959,-2.0,-2.0,0.050169731,-0.000153768,0.000728144,-0.000390682,0.011222296,-0.004383358
0.16,-2.0010345,-1.999448796,0.039025482,0.00320709,-1.999999869,-1.999999965,0.050686455,-0.001591795,0.001034631,-0.000551169,0.011660973,-0.004798885
0.2,-2.001512479,-1.999170674,0.037752138,-0.002241599,-1.999997437,-1.9999993,0.052571903,-0.005211881,0.001515042,-0.000828625,0.014819765,-0.002970282
0.23,-2.001930198,-1.998920731,0.037442619,-0.001386198,-1.999992302,-1.999997773,0.054860377,-0.008996514,0.001937896,-0.001077043,0.017417759,-0.007610316
0.26,-2.002401386,-1.998629985,0.040015398,-0.005751198,-1.99998432,-1.999994887,0.057980373,-0.013645699,0.002417066,-0.001364902,0.017964975,-0.007894501
0.3,-2.003086895,-1.998171191,0.047125637,-0.011763708,-1.999971746,-1.99998903,0.063175685,-0.020774219,0.003115149,-0.001817839,0.016050048,-0.009010511
0.33,-2.003649129,-1.997783491,0.055272146,-0.018113082,-1.999960251,-1.999983025,0.067799995,-0.02669917,0.003688878,-0.002199534,0.012527849,-0.008586088
0.36,-2.004254382,-1.997353772,0.060567355,-0.024293082,-1.999944777,-1.999975661,0.073098161,-0.033088768,0.004309605,-0.002621889,0.012530807,-0.008795686
0.4,-2.005135605,-1.996734341,0.067952096,-0.030981558,-1.999918869,-1.999965017,0.080994691,-0.042106408,0.005216736,-0.003230677,0.013042595,-0.01112485
0.43,-2.005845944,-1.996230375,0.08081975,-0.041385703,-1.999896832,-1.999957005,0.087502108,-0.049179461,0.005949113,-0.00372663,0.006682357,-0.007793758
0.46,-2.006608091,-1.99570057,0.088427306,-0.048720703,-1.999872427,-1.999949322,0.094552374,-0.056501314,0.006735664,-0.004248752,0.006125068,-0.007780611
0.5,-1.959464233,-1.732455967,0.101863303,-0.058807899,-1.999834669,-1.999939993,0.104625141,-0.066530555,-0.040370436,-0.267484026,0.002761839,-0.007722656
0.53,-1.95939683,-1.72669564,0.119524255,-0.067591971,-1.999801954,-1.999934205,0.112653498,-0.074218275,-0.040405125,-0.273238565,-0.006870757,-0.006626304
0.56,-1.959380769,-1.720894123,0.129521042,-0.075189471,-1.999766074,-1.999931291,0.121139901,-0.082037761,-0.040385305,-0.279037168,-0.008381142,-0.006848291
0.6,-1.959437431,-1.713056003,0.137340186,-0.086296942,-1.999714262,-1.999956632,0.133022376,-0.092601596,-0.040276831,-0.286900629,-0.00431781,-0.006304654
0.63,-1.959546484,-1.707114288,0.147642147,-0.096429262,-1.999670578,-2.000040229,0.142330081,-0.100608919,-0.040124094,-0.292925941,-0.005312066,-0.004179657
0.66,-1.959713532,-1.701111828,0.158588226,-0.104614262,-1.999622223,-2.000261572,0.152026314,-0.108692673,-0.039908691,-0.299149744,-0.006561912,-0.004078411
0.7,-1.959999172,-1.693007021,0.169024651,-0.114101024,-1.999562655,-2.0008301,0.165431546,-0.119560742,-0.039563482,-0.307823079,-0.003593104,-0.005459719
0.73,-1.960259751,-1.686853382,0.179923097,-0.121536151,-1.99953173,-2.00149294,0.175806525,-0.127754492,-0.039271979,-0.314639558,-0.004116572,-0.006218341
0.76,-1.960555558,-1.680651186,0.191669765,-0.129798651,-1.999519137,-2.002397476,0.186477684,-0.135966316,-0.038963579,-0.32174629,-0.005192081,-0.006167664
0.8,-1.961016075,-1.672329021,0.202618011,-0.139508259,-1.999519588,-2.00390132,0.201075273,-0.146957367,-0.038503513,-0.331572299,-0.001542738,-0.007449108
0.83,-1.961414695,-1.666041396,0.20904442,-0.148096753,-1.99952857,-2.005228362,0.212282487,-0.155239731,-0.038113876,-0.339186966,0.003238067,-0.007142978
0.86,-1.961853084,-1.659723875,0.220939541,-0.156399253,-1.999547313,-2.006725089,0.223729605,-0.163542308,-0.037694229,-0.347001213,0.002790064,-0.007143055
0.9,-1.96249255,-1.651244542,0.243767786,-0.169452309,-1.999586833,-2.00891387,0.239288879,-0.174622156,-0.037094283,-0.357669329,-0.004478908,-0.005169847
0.93,-1.963013815,-1.644834644,0.252582379,-0.180139153,-1.999623139,-2.010684452,0.251168501,-0.182944457,-0.036609324,-0.365849808,-0.001413878,-0.002805303
0.96,-1.963573472,-1.638375942,0.265440164,-0.188486653,-1.999659565,-2.012570593,0.263245591,-0.191286022,-0.036086093,-0.374194651,-0.002194573,-0.002799369
1.0,-1.895066408,-1.771340021,0.280900126,-0.199938418,-1.999708631,-2.015224805,0.279594052,-0.202423937,-0.104642224,-0.243884783,-0.001306074,-0.002485518
1.03,-1.894653561,-1.766892536,0.295915742,-0.208328,-1.999749662,-2.017311212,0.292030693,-0.210780881,-0.105096101,-0.250418675,-0.003885049,-0.002452881
1.06,-1.894276709,-1.762398676,0.309446823,-0.2163105,-1.999795001,-2.019484493,0.304637256,-0.219146998,-0.105518292,-0.257085817,-0.004809568,-0.002836497
1.1,-1.893823325,-1.756330741,0.327826305,-0.227267467,-1.99985676,-2.022477245,0.321657626,-0.230316191,-0.106033435,-0.266146505,-0.006168679,-0.003048724
1.13,-1.893517066,-1.751717577,0.336712776,-0.235440703,-1.999905571,-2.024767123,0.334571079,-0.238700307,-0.106388504,-0.273049547,-0.002141696,-0.003259604
1.16,-1.89323932,-1.747062414,0.350521553,-0.243785703,-1.999960351,-2.027062349,0.347630929,-0.247086419,-0.106721031,-0.279999935,-0.002890624,-0.003300716
1.2,-1.892940152,-1.740765106,0.375987553,-0.255850712,-2.000031801,-2.03008473,0.365227095,-0.258270772,-0.10709165,-0.289319625,-0.010760458,-0.002420061
1.23,-1.892769489,-1.735959166,0.388597824,-0.263871952,-2.000071547,-2.032308236,0.378553412,-0.266660864,-0.107302058,-0.29634907,-0.010044412,-0.002788912
1.26,-1.892628205,-1.731078536,0.403276524,-0.272484452,-2.000092559,-2.034484553,0.391997264,-0.275042481,-0.107464354,-0.303406017,-0.01127926,-0.002558028
1.3,-1.892473272,-1.724460638,0.423660541,-0.28575469,-2.000110399,-2.037328423,0.410071898,-0.28621662,-0.107637127,-0.312867785,-0.013588643,-0.00046193
1.33,-1.892397324,-1.719438341,0.437071781,-0.293113119,-2.000124284,-2.039425216,0.42373067,-0.294602131,-0.10772696,-0.319986874,-0.01334111,-0.001489012
1.36,-1.892351416,-1.714360577,0.452152349,-0.301173119,-2.000135561,-2.041498402,0.437487167,-0.302988827,-0.107784146,-0.327137825,-0.014665182,-0.001815708
1.4,-1.892319445,-1.707507295,0.470805417,-0.311086669,-2.00014141,-2.044246021,0.455949546,-0.314171757,-0.107821965,-0.336738727,-0.014855872,-0.003085089
1.43,-1.89232142,-1.702306739,0.485971715,-0.319728115,-2.000145596,-2.046298865,0.469881547,-0.322560881,-0.107824176,-0.343992126,-0.016090168,-0.002832766
1.46,-1.892356341,-1.697047958,0.50136779,-0.328090615,-2.000160986,-2.048346507,0.483893842,-0.330950248,-0.107804645,-0.351298549,-0.017473947,-0.002859633
1.5,-1.882479278,-1.844095893,0.521770491,-0.339166943,-2.000195181,-2.051077417,0.502674341,-0.342134621,-0.117715904,-0.206981524,-0.01909615,-0.002967678
1.53,-1.882456566,-1.840661953,0.53479179,-0.348761056,-2.000224224,-2.053132778,0.516831097,-0.350523977,-0.117767659,-0.212470825,-0.017960693,-0.001762921
1.56,-1.88245037,-1.837178172,0.550316447,-0.357046056,-2.000258101,-2.05519918,0.531058022,-0.358910608,-0.117807731,-0.218021008,-0.019258424,-0.001864552
1.6,-1.882498277,-1.83244877,0.571871578,-0.367975229,-2.00032482,-2.057956151,0.550116832,-0.370090997,-0.117826542,-0.225507381,-0.021754746,-0.002115769
1.63,-1.882572696,-1.828845011,0.57884495,-0.376468309,-2.000393475,-2.060004528,0.564470412,-0.378473555,-0.117820779,-0.231159517,-0.014374537,-0.002005245
1.66,-1.88269256,-1.825192224,0.59410713,-0.384950809,-2.00046633,-2.062003156,0.578885605,-0.386851929,-0.11777377,-0.236810932,-0.015221526,-0.00190112
1.7,-1.882890235,-1.820245725,0.612056583,-0.397572274,-2.000545775,-2.064566509,0.598177483,-0.398015322,-0.117655539,-0.244320784,-0.0138791,-0.000443047
1.73,-1.883078722,-1.816461623,0.621717589,-0.405962004,-2.000588888,-2.066399625,0.612691348,-0.406382142,-0.117510166,-0.249938002,-0.009026241,-0.000420138
1.76,-1.883298762,-1.812615327,0.636704787,-0.414194504,-2.000622554,-2.068140887,0.627247974,-0.414756208,-0.117323792,-0.25552556,-0.009456813,-0.000561704
1.8,-1.883633554,-1.807391865,0.654369087,-0.424705993,-2.00066032,-2.070356143,0.646708912,-0.425936048,-0.117026766,-0.262964279,-0.007660176,-0.001230055
1.83,-1.8839313,-1.803403173,0.671229064,-0.43348373,-2.000682979,-2.071953963,0.661342144,-0.43432156,-0.116751679,-0.26855079,-0.00988692,-0.000837831
1.86,-1.884269905,-1.799356838,0.686457305,-0.44220873,-2.000705165,-2.073504624,0.67600724,-0.442705348,-0.11643526,-0.274147785,-0.010450065,-0.000496618
1.9,-1.884758131,-1.793876338,0.708051452,-0.452403521,-2.000750877,-2.075523082,0.695603518,-0.453888076,-0.115992746,-0.281646744,-0.012447934,-0.001484555
1.93,-1.885131194,-1.789706732,0.719316498,-0.460800431,-2.000804243,-2.07700807,0.710328813,-0.462276959,-0.115673049,-0.287301339,-0.008987684,-0.001476528
1.96,-1.885526018,-1.785486468,0.734562072,-0.469230431,-2.000875399,-2.078475591,0.725082357,-0.470665509,-0.115349381,-0.292989123,-0.009479715,-0.001435077
2.0,-1.964616517,-1.766936312,0.758157273,-0.479980081,-2.000992929,-2.080421383,0.74478681,-0.481852164,-0.036376412,-0.313485071,-0.013370463,-0.001872083
2.03,-1.965963626,-1.762438011,0.764576833,-0.488917926,-2.001104522,-2.08187587,0.759589425,-0.490242964,-0.035140896,-0.31943786,-0.004987408,-0.001325038
2.06,-1.967346929,-1.757879776,0.779591031,-0.497542926,-2.001247733,-2.08332807,0.774415494,-0.498631107,-0.033900804,-0.325448294,-0.005175537,-0.001088181
2.1,-1.969230974,-1.751716578,0.792674156,-0.509635607,-2.00147623,-2.08526902,0.794212783,-0.509813904,-0.032245256,-0.333552442,0.001538627,-0.000178297
2.13,-1.970686575,-1.747018968,0.808257158,-0.516731868,-2.001666871,-2.086732614,0.809082993,-0.518203083,-0.030980296,-0.339713646,0.000825834,-0.001471215
2.16,-1.972165081,-1.742271053,0.823036923,-0.525021868,-2.001873018,-2.088202092,0.823971151,-0.526597288,-0.029707937,-0.34593104,0.000934228,-0.00157542
2.2,-1.974147729,-1.735874,0.845616045,-0.535240091,-2.002174627,-2.090160038,0.843848223,-0.537789429,-0.028026898,-0.354286037,-0.001767823,-0.002549338
2.23,-1.975657379,-1.73099915,0.858040155,-0.542933143,-2.002421656,-2.091625849,0.8587718,-0.546182638,-0.026764277,-0.360626699,0.000731646,-0.003249495
2.26,-1.977196184,-1.726053932,0.873031475,-0.551548143,-2.002683059,-2.093095003,0.873712906,-0.554576973,-0.025486876,-0.367041071,0.00068143,-0.00302883
2.3,-1.979276105,-1.719356695,0.89657682,-0.563247844,-2.003047311,-2.095066701,0.893653104,-0.565771464,-0.023771206,-0.375710006,-0.002923716,-0.00252362
2.33,-1.980833466,-1.714261506,0.905823793,-0.572167483,-2.00333842,-2.096555927,0.908623207,-0.574166783,-0.022504954,-0.382294421,0.002799414,-0.0019993
2.36,-1.982411606,-1.70909827,0.920817419,-0.580459983,-2.003654234,-2.098056387,0.923605814,-0.582558607,-0.021242628,-0.388958116,0.002788396,-0.002098624
2.4,-1.984534732,-1.702112192,0.941303505,-0.591534151,-2.004103575,-2.100080617,0.943598938,-0.593746157,-0.019568843,-0.397968425,0.002295433,-0.002212006
2.43,-1.986169399,-1.696795945,0.951550658,-0.598749099,-2.004456663,-2.101622654,0.958605353,-0.602139923,-0.018287263,-0.404826709,0.007054695,-0.003390824
2.46,-1.987824625,-1.691400124,0.966425489,-0.607116599,-2.004828199,-2.103189473,0.973621677,-0.610535599,-0.017003575,-0.411789349,0.007196188,-0.003419
2.5,-1.975621664,-1.875736457,0.984361216,-0.617820147,-2.005356825,-2.105308132,0.993657638,-0.621724987,-0.029735161,-0.229571674,0.009296422,-0.00390484
2.53,-1.977196619,-1.872342181,1.000704116,-0.626191019,-2.005777151,-2.106921187,1.008692677,-0.630115632,-0.028580532,-0.234579006,0.007988561,-0.003924613
2.56,-1.978783812,-1.868894395,1.015729154,-0.634758519,-2.006213911,-2.108564062,1.023745043,-0.638517519,-0.027430099,-0.239669667,0.008015889,-0.003759
2.6,-1.980919357,-1.864211668,1.036161139,-0.646026296,-2.006814828,-2.110781479,1.04383571,-0.649723505,-0.025895471,-0.24656981,0.007674571,-0.003697209
2.63,-1.982530546,-1.860623577,1.049900103,-0.654664191,-2.00727963,-2.112436954,1.058921686,-0.658126601,-0.024749084,-0.251813377,0.009021583,-0.00346241
2.66,-1.984166662,-1.856982466,1.065030462,-0.663321691,-2.00774465,-2.114047627,1.074028467,-0.666530086,-0.023577988,-0.257065162,0.008998005,-0.003208395
2.7,-1.986366108,-1.852043697,1.086618293,-0.674634568,-2.008323395,-2.116107673,1.094199411,-0.677735039,-0.021957287,-0.264063976,0.007581118,-0.003100472
2.73,-1.988016095,-1.848257283,1.091770518,-0.68325232,-2.008706243,-2.117581076,1.109342429,-0.686122178,-0.020690149,-0.269323793,0.017571911,-0.002869859
2.76,-1.989666049,-1.84440264,1.106487459,-0.69148232,-2.009039945,-2.118976475,1.124497909,-0.694497507,-0.019373896,-0.274573834,0.018010451,-0.003015187
2.8,-1.991869782,-1.839154837,1.136917022,-0.701969242,-2.009440199,-2.120731036,1.144722139,-0.705683195,-0.017570416,-0.281576199,0.007805117,-0.003713953
2.83,-1.993524838,-1.835137706,1.146048103,-0.710472289,-2.009711054,-2.121979406,1.159899827,-0.714082129,-0.016186216,-0.2868417,0.013851724,-0.00360984
2.86,-1.995181311,-1.831055788,1.161205182,-0.719099789,-2.009949104,-2.123181927,1.175090113,-0.722472805,-0.014767793,-0.292126139,0.013884932,-0.003373015
2.9,-1.997414068,-1.825517125,1.179311222,-0.73121991,-2.010233062,-2.124737155,1.195353006,-0.733654806,-0.012818994,-0.299220031,0.016041784,-0.002434895
2.93,-1.999076882,-1.821289321,1.202994171,-0.739297343,-2.010436096,-2.125865523,1.210561523,-0.742046334,-0.011359214,-0.304576202,0.007567351,-0.002748991
2.96,-2.000752493,-1.817000165,1.218757234,-0.747719843,-2.010637053,-2.126959635,1.225774851,-0.750441432,-0.00988456,-0.30995947,0.007017617,-0.002721589
3.0,-1.903518805,-1.906207706,1.241617902,-0.75886851,-2.010892572,-2.12839354,1.246072572,-0.7616317,-0.107373767,-0.222185835,0.00445467,-0.002763189
3.03,-1.904083374,-1.9028378,1.249625211,-0.766689569,-2.01107275,-2.129459142,1.261300513,-0.770022488,-0.106989376,-0.226621342,0.011675302,-0.003332919
3.06,-1.904645229,-1.899410147,1.265105851,-0.774889569,-2.011253147,-2.130511177,1.276534316,-0.778414752,-0.106607917,-0.23110103,0.011428465,-0.003525184
3.1,-1.905387654,-1.894738543,1.289448103,-0.786062834,-2.011510828,-2.131889369,1.296848504,-0.789605166,-0.106123174,-0.237150826,0.007400401,-0.003542332
3.13,-1.905944792,-1.891159875,1.304185511,-0.79505639,-2.011718631,-2.132909922,1.312085601,-0.797997832,-0.105773839,-0.241750047,0.007900089,-0.002941443
3.16,-1.906502959,-1.887533095,1.320576385,-0.80346389,-2.011939922,-2.133927157,1.327323258,-0.806391838,-0.105436963,-0.246394062,0.006746873,-0.002927948
3.2,-1.90727013,-1.882595922,1.337849024,-0.814477155,-2.012262774,-2.135279776,1.347638078,-0.817584911,-0.104992644,-0.252683853,0.009789054,-0.003107755
3.23,-1.907843619,-1.878815802,1.353933488,-0.822565699,-2.012533984,-2.136288308,1.362873353,-0.825977771,-0.104690364,-0.257472506,0.008939865,-0.003412072
3.26,-1.908423823,-1.874975269,1.366936838,-0.830770699,-2.012835195,-2.137294428,1.378105839,-0.834368348,-0.104411371,-0.262319159,0.011169001,-0.003597649
3.3,-1.909209476,-1.869769131,1.392836023,-0.842082468,-2.013270007,-2.138644095,1.398415474,-0.84555884,-0.104060531,-0.268874964,0.005579451,-0.003476373
3.33,-1.909802468,-1.865792243,1.408919701,-0.850584614,-2.013621676,-2.139663582,1.413644578,-0.853954647,-0.103819208,-0.273871339,0.004724877,-0.003370033
3.36,-1.910397772,-1.861751449,1.421907815,-0.858724614,-2.014005825,-2.140684229,1.428874111,-0.862348497,-0.103608053,-0.27893278,0.006966296,-0.003623883
3.4,-1.911204097,-1.856265983,1.447338988,-0.870002224,-2.01456366,-2.142045831,1.44917613,-0.873535908,-0.103359563,-0.285779848,0.001837143,-0.003533683
3.43,-1.911807483,-1.852095225,1.4633083,-0.877838113,-2.015011409,-2.143074315,1.464402785,-0.881927476,-0.103203926,-0.29097909,0.001094485,-0.004089362
3.46,-1.912388786,-1.847856008,1.484193521,-0.886498113,-2.015485492,-2.144114802,1.479626549,-0.89032305,-0.103096706,-0.296258794,-0.004566972,-0.003824936
3.5,-1.892195253,-2.018155506,1.490972062,-0.897913395,-2.01615962,-2.145510918,1.499924708,-0.901516414,-0.123964367,-0.127355412,0.008952646,-0.003603019
3.53,-1.892513384,-2.015821943,1.506596913,-0.906810202,-2.016700314,-2.14656066,1.515146484,-0.909908985,-0.124186931,-0.130738717,0.008549571,-0.003098783
3.56,-1.892829354,-2.01343327,1.516506662,-0.915220202,-2.017272266,-2.147617761,1.530371472,-0.918308208,-0.124442912,-0.134184491,0.013864809,-0.003088006
3.6,-1.893253758,-2.010167608,1.536514808,-0.926368617,-2.018067892,-2.149035323,1.550675978,-0.929512749,-0.124814133,-0.138867715,0.01416117,-0.003144132
3.63,-1.893575481,-2.007652564,1.550588356,-0.935166665,-2.018686826,-2.150085466,1.565910085,-0.937916005,-0.125111345,-0.142432902,0.015321729,-0.00274934
3.66,-1.893887251,-2.005069844,1.565951643,-0.943524165,-2.019320238,-2.151094297,1.581153274,-0.946320123,-0.125432987,-0.146024453,0.015201631,-0.002795958
3.7,-1.89429841,-2.001523668,1.586071367,-0.954011334,-2.020156154,-2.15237323,1.601489495,-0.957527548,-0.125857744,-0.150849562,0.015418129,-0.003516214
3.73,-1.8946011,-1.99878015,1.601314407,-0.963407901,-2.02075883,-2.153288678,1.616752252,-0.965926605,-0.12615773,-0.154508528,0.015437845,-0.002518704
3.76,-1.894894404,-1.995979801,1.609261092,-0.971805401,-2.021334887,-2.154158393,1.632019778,-0.974314365,-0.126440482,-0.158178592,0.022758687,-0.002508964
3.8,-1.89526467,-1.992155357,1.627796993,-0.982826655,-2.022085468,-2.155241023,1.652389617,-0.985503586,-0.126820797,-0.163085666,0.024592624,-0.002676931
3.83,-1.895539326,-1.989200218,1.643144256,-0.991922332,-2.022642077,-2.155996444,1.667670733,-0.993902332,-0.127102751,-0.166796225,0.024526477,-0.00198
3.86,-1.895809584,-1.986167468,1.652822357,-1.000339832,-2.023189766,-2.156713323,1.682961368,-1.002297854,-0.127380182,-0.170545855,0.030139012,-0.001958023
3.9,-1.896166524,-1.982026768,1.669613717,-1.011308888,-2.023910906,-2.157630401,1.703353266,-1.013487068,-0.127744382,-0.175603633,0.033739549,-0.00217818
3.93,-1.896412174,-1.978856392,1.684832719,-1.019919134,-2.024456015,-2.158280755,1.718654899,-1.021880286,-0.128043841,-0.179424363,0.03382218,-0.001961152
3.96,-1.896650518,-1.975623923,1.698478616,-1.028146634,-2.025015252,-2.158886502,1.733959112,-1.030275192,-0.128364734,-0.183262578,0.035480496,-0.002128558
4.0,-1.934189812,-1.963498646,1.71906737,-1.039574564,-2.025775074,-2.15965203,1.754371821,-1.041467144,-0.091585263,-0.196153384,0.03530445,-0.00189258
4.03,-1.934870347,-1.960023603,1.733999272,-1.048401385,-2.026351578,-2.160206994,1.769684872,-1.049859984,-0.091481231,-0.200183391,0.0356856,-0.001458599
4.06,-1.935538543,-1.956493492,1.758881646,-1.056886385,-2.026941148,-2.160737933,1.785001551,-1.058250872,-0.091402605,-0.204244441,0.026119904,-0.001364488
4.1,-1.936403992,-1.951718708,1.782443438,-1.068107227,-2.027755438,-2.161397295,1.805430151,-1.069437832,-0.091351446,-0.209678586,0.022986713,-0.001330605
4.13,-1.937053121,-1.948084751,1.798101815,-1.076499425,-2.028382586,-2.161858823,1.820753561,-1.077827085,-0.091329465,-0.213774073,0.022651746,-0.001327661
4.16,-1.937681182,-1.944399354,1.813880274,-1.084774425,-2.029012318,-2.162300964,1.836083254,-1.086214687,-0.091331135,-0.21790161,0.022202981,-0.001440262
4.2,-1.93849197,-1.939404579,1.840339931,-1.096036679,-2.029849287,-2.162860695,1.856524264,-1.09739781,-0.091357317,-0.223456116,0.016184332,-0.001361131
4.23,-1.939085254,-1.935603324,1.855825237,-1.103902661,-2.030479757,-2.163244044,1.871861286,-1.105786882,-0.091394503,-0.22764072,0.016036049,-0.001884221
4.26,-1.939654011,-1.931735887,1.874101651,-1.112400161,-2.031114708,-2.163588197,1.887197524,-1.114179627,-0.091460697,-0.23185231,0.013095873,-0.001779466
4.3,-1.940392349,-1.926510036,1.891562569,-1.122801067,-2.031959517,-2.16401807,1.907653247,-1.12536974,-0.091567168,-0.237508034,0.016090678,-0.002568673
4.33,-1.940936911,-1.922536654,1.907902798,-1.131233064,-2.032590935,-2.164327285,1.922994981,-1.133761318,-0.091654024,-0.24179063,0.015092183,-0.002528255
4.36,-1.941469846,-1.918515262,1.92516541,-1.139790564,-2.033228849,-2.164613163,1.938341698,-1.142153497,-0.091759004,-0.246097901,0.013176287,-0.002362933
4.4,-1.942157899,-1.913068266,1.947906845,-1.150697842,-2.034096737,-2.164953726,1.958804604,-1.153342658,-0.091938838,-0.25188546,0.010897759,-0.002644815
4.43,-1.942651136,-1.908903895,1.964071298,-1.158733617,-2.034757561,-2.165190307,1.974154664,-1.161733997,-0.092106425,-0.256286413,0.010083366,-0.003000381
4.46,-1.9431252,-1.904686326,1.983257111,-1.167298617,-2.035423433,-2.165423732,1.989506597,-1.170126745,-0.092298233,-0.260737406,0.006249486,-0.002828128
4.5,-1.959351607,-1.99594412,2.001314166,-1.177706384,-2.036323933,-2.165722309,2.009977872,-1.181318254,-0.076972326,-0.169778189,0.008663706,-0.003611871
4.53,-1.959978856,-1.99279923,2.01947609,-1.186648503,-2.037014894,-2.16592513,2.025334234,-1.189711336,-0.077036038,-0.1731259,0.005858144,-0.003062833
4.56,-1.960581143,-1.989581598,2.040329314,-1.195113503,-2.037720317,-2.166112052,2.040692332,-1.198107127,-0.077139174,-0.176530455,0.000363018,-0.002993624
4.6,-1.9613688,-1.985204274,2.067414713,-1.207159383,-2.038669342,-2.16635881,2.061176951,-1.209303917,-0.077300541,-0.181154536,-0.006237762,-0.002144534
4.63,-1.961957345,-1.981865555,2.08406599,-1.215548357,-2.039382836,-2.166535268,2.076541832,-1.217702158,-0.077425491,-0.184669713,-0.007524157,-0.002153801
4.66,-1.962530592,-1.978473431,2.096899715,-1.223930857,-2.040094205,-2.166679179,2.091914797,-1.226103463,-0.077563613,-0.188205748,-0.004984919,-0.002172606
4.7,-1.963253752,-1.973875062,2.109040988,-1.235926589,-2.041025374,-2.166822027,2.11241444,-1.237309842,-0.077771623,-0.192946965,0.003373452,-0.001383253
4.73,-1.963781681,-1.97037693,2.125530685,-1.244138421,-2.041698535,-2.16690846,2.127797856,-1.245711913,-0.077916854,-0.19653153,0.002267172,-0.001573492
4.76,-1.964300004,-1.966834887,2.134035846,-1.252863421,-2.042341609,-2.166982321,2.14318194,-1.254103866,-0.078041605,-0.200147434,0.009146094,-0.001240445
4.8,-1.964959027,-1.962045496,2.158858474,-1.263109507,-2.043169087,-2.167041816,2.163704243,-1.265294132,-0.07821006,-0.204996319,0.004845769,-0.002184624
4.83,-1.965438269,-1.958397916,2.174887783,-1.271475024,-2.043773063,-2.167049019,2.179097723,-1.273693134,-0.078334795,-0.208651103,0.004209939,-0.002218109
4.86,-1.965900865,-1.954693372,2.193222507,-1.279865024,-2.044359087,-2.167035627,2.194497388,-1.282091143,-0.078458223,-0.212342255,0.001274881,-0.002226119
4.9,-1.966476356,-1.949666813,2.217008278,-1.291203066,-2.045114524,-2.167012628,2.215034314,-1.293281494,-0.078638168,-0.217345814,-0.001973964,-0.002078428
4.93,-1.966897318,-1.945845559,2.23409418,-1.298460284,-2.045666748,-2.166983104,2.230440987,-1.301673334,-0.078769431,-0.221137545,-0.003653193,-0.00321305
4.96,-1.967298239,-1.941982851,2.23601126,-1.307147784,-2.046211738,-2.16692491,2.245851675,-1.310068572,-0.078913499,-0.224942059,0.009840415,-0.002920788
5.0,-1.946342308,-1.957993777,2.257451837,-1.317994334,-2.04692782,-2.166822272,2.266400671,-1.321262943,-0.100585511,-0.208828496,0.008948834,-0.00326861
5.03,-1.946428219,-1.954263434,2.273343942,-1.326813527,-2.047453449,-2.166745662,2.281817083,-1.329656713,-0.101025231,-0.212482229,0.008473141,-0.002843187
5.06,-1.946487903,-1.950481381,2.289835484,-1.334953527,-2.047969359,-2.166670022,2.297232059,-1.338050641,-0.101481457,-0.216188641,0.007396576,-0.003097114
5.1,-1.946515927,-1.945348901,2.308325627,-1.346661206,-2.048654154,-2.166545602,2.31779248,-1.34924382,-0.102138227,-0.221196701,0.009466854,-0.002582614
5.13,-1.94650361,-1.941432978,2.324286311,-1.35525455,-2.049169739,-2.166433456,2.3332114,-1.357638817,-0.102666129,-0.225000477,0.008925088,-0.002384267
5.16,-1.946479575,-1.937463304,2.338754089,-1.36354705,-2.049688548,-2.166323955,2.348636156,-1.366034422,-0.103208973,-0.228860652,0.009882067,-0.002487372
5.2,-1.946396801,-1.932087211,2.36355736,-1.374307035,-2.050389661,-2.166194209,2.369200591,-1.377231585,-0.10399286,-0.234106998,0.005643232,-0.00292455
5.23,-1.946301781,-1.928028549,2.3790154,-1.382359511,-2.050928808,-2.166095532,2.384628067,-1.385629164,-0.104627026,-0.238066982,0.005612667,-0.003269653
5.26,-1.946171601,-1.923931346,2.396903122,-1.390612011,-2.051485497,-2.165984294,2.400053779,-1.394021426,-0.105313896,-0.242052948,0.003150657,-0.003409415
5.3,-1.945938325,-1.918399023,2.42240306,-1.401430006,-2.052247622,-2.165841096,2.4206243,-1.405209963,-0.106309297,-0.247442073,-0.00177876,-0.003779958
5.33,-1.945723682,-1.914176291,2.4388409,-1.410939546,-2.052831225,-2.165752632,2.436052053,-1.413605499,-0.107107543,-0.251576341,-0.002788847,-0.002665953
5.36,-1.945486694,-1.909907598,2.454680708,-1.419189546,-2.053427739,-2.165674859,2.451480171,-1.422002127,-0.107941046,-0.255767261,-0.003200537,-0.002812581
5.4,-1.94513466,-1.904168165,2.481432846,-1.430435114,-2.05424306,-2.165563538,2.472053195,-1.433192164,-0.1091084,-0.261395374,-0.009379651,-0.00275705
5.43,-1.94482729,-1.899805748,2.492734802,-1.438745459,-2.054868132,-2.165480925,2.487481834,-1.441582327,-0.110040842,-0.265675178,-0.005252968,-0.002836868
5.46,-1.944485767,-1.895385752,2.509338074,-1.446987959,-2.055503443,-2.165420668,2.502914135,-1.449975807,-0.111017676,-0.270034915,-0.006423939,-0.002987848
5.5,-1.938321135,-1.997484817,2.533468434,-1.458133113,-2.056363885,-2.165369423,2.523487512,-1.461170346,-0.11804275,-0.167884606,-0.009980922,-0.003037233
5.53,-1.937872301,-1.994346721,2.550249285,-1.466639565,-2.057020919,-2.165336364,2.538921377,-1.469563929,-0.119148618,-0.170989642,-0.011327908,-0.002924363
5.56,-1.937406373,-1.991177655,2.558146995,-1.474884565,-2.057689584,-2.165305418,2.554353655,-1.477954531,-0.120283212,-0.174127763,-0.00379334,-0.003069965
5.6,-1.936729581,-1.986885001,2.575224743,-1.48557188,-2.058593586,-2.165290921,2.574935804,-1.489144771,-0.121864005,-0.178405921,-0.000288939,-0.003572891
5.63,-1.93618069,-1.983613629,2.59089465,-1.49387991,-2.059280251,-2.165303179,2.590369734,-1.497540521,-0.123099561,-0.18168955,-0.000524915,-0.003660611
5.66,-1.935608048,-1.980299771,2.613044441,-1.50232991,-2.059976804,-2.165318271,2.60580902,-1.505934887,-0.124368756,-0.1850185,-0.007235421,-0.003604977
5.7,-1.934784429,-1.975799576,2.627067743,-1.513901942,-2.06091913,-2.16532947,2.626393675,-1.517123,-0.126134702,-0.189529894,-0.000674068,-0.003221058
5.73,-1.93411766,-1.972367231,2.644041412,-1.522475034,-2.061634798,-2.165347186,2.64183684,-1.525514328,-0.127517139,-0.192979955,-0.002204572,-0.003039294
5.76,-1.933418355,-1.968885687,2.66015138,-1.530720034,-2.062358398,-2.165390261,2.657279777,-1.533909183,-0.128940042,-0.196504574,-0.002871604,-0.003189149
5.8,-1.932444127,-1.964205288,2.66836239,-1.542291765,-2.063334599,-2.165462168,2.677873747,-1.545102603,-0.130890473,-0.20125688,0.009511357,-0.002810837
5.83,-1.931662947,-1.960661933,2.683758946,-1.549118616,-2.064075854,-2.165510913,2.693321015,-1.553494545,-0.132412907,-0.204848981,0.009562069,-0.004375929
5.86,-1.930834868,-1.957068751,2.696128218,-1.557553616,-2.064825976,-2.165563571,2.708769048,-1.561885135,-0.133991108,-0.20849482,0.01264083,-0.00433152
5.9,-1.929663979,-1.952203165,2.717310604,-1.568733513,-2.065837673,-2.165666981,2.729371164,-1.573076661,-0.136173694,-0.213463816,0.012060561,-0.004343148
5.93,-1.928729128,-1.948509542,2.732564617,-1.576188937,-2.066605331,-2.165765943,2.744822049,-1.581472389,-0.137876203,-0.2172564,0.012257432,-0.005283451
5.96,-1.927759866,-1.944778555,2.744612309,-1.584418937,-2.067382076,-2.165864963,2.760278189,-1.589865607,-0.139622209,-0.221086409,0.01566588,-0.00544667
6.0,-1.937388379,-2.02670094,2.771669999,-1.595351634,-2.068430117,-2.165998105,2.780883517,-1.601053176,-0.131041739,-0.139297165,0.009213518,-0.005701542
6.03,-1.936465155,-2.023949007,2.782307662,-1.604107898,-2.069226051,-2.166118548,2.796342228,-1.609445547,-0.132760896,-0.142169541,0.014034566,-0.00533765
6.06,-1.935501455,-2.021143097,2.79764574,-1.612412898,-2.070032436,-2.1662674,2.811795915,-1.617841137,-0.134530981,-0.145124303,0.014150174,-0.005428239
6.1,-1.934143549,-2.017335276,2.818357234,-1.623670516,-2.071120502,-2.16647438,2.832405917,-1.62903391,-0.136976952,-0.149139104,0.014048682,-0.005363394
6.13,-1.933080709,-2.014425476,2.832645214,-1.632323347,-2.0719452,-2.166622081,2.84786248,-1.637424967,-0.13886449,-0.152196604,0.015217266,-0.00510162
6.16,-1.931977831,-2.011474542,2.847321459,-1.640765847,-2.072778605,-2.166775041,2.86332135,-1.645815563,-0.140800774,-0.155300499,0.015999892,-0.005049717
6.2,-1.930450109,-2.007456442,2.87091674,-1.651414792,-2.073902202,-2.167007006,2.883932596,-1.657007197,-0.143452093,-0.159550565,0.013015857,-0.005592405
6.23,-1.929271206,-2.004382444,2.886610373,-1.659651661,-2.074753425,-2.167192568,2.899390366,-1.665401987,-0.145482219,-0.162810123,0.012779993,-0.005750326
6.26,-1.928052653,-2.001279307,2.902947415,-1.667358811,-2.075611865,-2.167369929,2.91484919,-1.673794149,-0.147559211,-0.166090622,0.011901774,-0.006435337
6.3,-1.926372514,-1.997083422,2.930349513,-1.678688811,-2.076767808,-2.167603656,2.935457101,-1.684981782,-0.150395294,-0.170520234,0.005107588,-0.00629297
6.33,-1.92550545,-1.99495201,2.939957442,-1.684384346,-2.077645964,-2.167794695,2.950914946,-1.693375091,-0.152140514,-0.172842686,0.010957504,-0.008990745
6.36,-1.923726962,-1.990640389,2.957752179,-1.695911846,-2.078536315,-2.168001556,2.966368599,-1.70177127,-0.154809353,-0.177361167,0.00861642,-0.005859423
6.4,-1.921877759,-1.986252714,2.980655587,-1.707658289,-2.079737543,-2.168270788,2.986977425,-1.712963043,-0.157859785,-0.182018074,0.006321838,-0.005304754
6.43,-1.920439261,-1.982908211,2.995945922,-1.715623469,-2.080649206,-2.168463713,3.002430311,-1.721353191,-0.160209945,-0.185555502,0.00648439,-0.005729722
6.46,-1.918934374,-1.979532382,3.01430146,-1.724328469,-2.081575127,-2.168666457,3.017886673,-1.729744816,-0.162640753,-0.189134076,0.003585212,-0.005416347
6.51,-1.955939015,-2.049149659,3.021547602,-1.73494074,-2.083148725,-2.169036319,3.043641479,-1.743738304,-0.12720971,-0.11988666,0.022093877,-0.008797564
6.53,-1.95481242,-2.046638493,3.036984387,-1.744185683,-2.083788513,-2.169184505,3.053945689,-1.74933482,-0.128976093,-0.122546013,0.016961303,-0.005149137
6.56,-1.953253085,-2.043240479,3.063010469,-1.755353705,-2.084758701,-2.169397521,3.069397396,-1.757725411,-0.131505616,-0.126157042,0.006386928,-0.002371706
6.6,-1.952034373,-2.040637153,3.074083059,-1.763706205,-2.086074295,-2.169686222,3.090000194,-1.768913523,-0.134039922,-0.129049069,0.015917135,-0.005207318
6.63,-1.950757522,-2.037993923,3.09078011,-1.772542724,-2.087080626,-2.169920436,3.105452685,-1.777310886,-0.136323104,-0.131926513,0.014672575,-0.004768162
6.66,-1.949430409,-2.035334083,3.101158925,-1.781115224,-2.088103165,-2.170161116,3.120906775,-1.785710644,-0.138672756,-0.134827033,0.01974785,-0.00459542
6.7,-1.947599487,-2.031765784,3.116150583,-1.792325114,-2.08947766,-2.170462035,3.141518179,-1.796904364,-0.141878173,-0.138696252,0.025367596,-0.00457925
6.73,-1.946178538,-2.029038045,3.134402027,-1.801309459,-2.090514503,-2.170677318,3.156977172,-1.805297023,-0.144335966,-0.141639274,0.022575145,-0.003987564
6.76,-1.944716624,-2.026273424,3.149696584,-1.809699459,-2.091559291,-2.170904699,3.172442866,-1.813691728,-0.146842667,-0.144631275,0.022746282,-0.00399227
6.8,-1.942693305,-2.02252772,3.171050334,-1.820040665,-2.092959912,-2.171222131,3.193062766,-1.824885602,-0.150266607,-0.148694411,0.022012432,-0.004844937
6.83,-1.941123688,-2.019684404,3.186575896,-1.828789506,-2.094010177,-2.171450462,3.208533993,-1.833279523,-0.152886489,-0.151766057,0.021958097,-0.004490017
6.86,-1.939504652,-2.016801576,3.209450314,-1.837357006,-2.095058072,-2.17166165,3.224002103,-1.841671833,-0.15555342,-0.154860074,0.014551789,-0.004314827
6.9,-1.937260451,-2.012900164,3.233774691,-1.848536794,-2.096459914,-2.171947781,3.244633592,-1.852862518,-0.159199463,-0.159047618,0.010858901,-0.004325724
6.93,-1.935518077,-2.009936361,3.244730834,-1.857996075,-2.097517875,-2.172174726,3.260105697,-1.861257422,-0.161999798,-0.162238366,0.015374863,-0.003261346
6.96,-1.900843828,-2.042725155,3.266203104,-1.868923694,-2.098578029,-2.172395884,3.275582633,-1.869652205,-0.197734201,-0.129670729,0.009379529,-0.000728511
7.0,-1.898576952,-2.040188206,3.282633611,-1.877321194,-2.099989769,-2.172663235,3.296218431,-1.880841907,-0.201412816,-0.132475028,0.013584819,-0.003520713
7.03,-1.896280225,-2.037611359,3.298524143,-1.886326255,-2.101051924,-2.172855433,3.311697924,-1.889232554,-0.204771699,-0.135244074,0.013173781,-0.002906299
7.06,-1.893944334,-2.035007058,3.311715586,-1.894701255,-2.102124739,-2.173057874,3.327179395,-1.897625478,-0.208180404,-0.138050816,0.015463809,-0.002924223
7.1,-1.890761709,-2.031489754,3.332917747,-1.906032675,-2.103570071,-2.173325198,3.347822154,-1.908819288,-0.212808363,-0.141835443,0.014904407,-0.002786613
7.13,-1.888330718,-2.028838333,3.352315467,-1.913416326,-2.104666586,-2.173502554,3.363307199,-1.91720991,-0.216335868,-0.144664221,0.010991731,-0.003793585
7.16,-1.885861065,-2.026161921,3.36863057,-1.921768826,-2.105789323,-2.173655744,3.378790077,-1.925594938,-0.219928258,-0.147493824,0.010159506,-0.003826113
7.2,-1.882479544,-2.022531385,3.385467461,-1.932377683,-2.107348809,-2.173850366,3.399439202,-1.936788818,-0.224869265,-0.151318981,0.013971741,-0.004411136
7.23,-1.879865797,-2.019778108,3.401538673,-1.940761201,-2.108574208,-2.173986543,3.414922704,-1.945199468,-0.228708411,-0.154208435,0.013384032,-0.004438267
7.26,-1.877195621,-2.017011256,3.419283731,-1.949413701,-2.109853895,-2.174089178,3.43041101,-1.953600673,-0.232658274,-0.157077922,0.011127279,-0.004186972
7.3,-1.87354481,-2.013280157,3.443527145,-1.960461907,-2.111634222,-2.174172786,3.451057352,-1.964775606,-0.238089413,-0.160892629,0.007530207,-0.0043137
7.33,-1.870741386,-2.010455344,3.461614524,-1.968408188,-2.1130336,-2.174212657,3.466545972,-1.973161376,-0.242292214,-0.163757313,0.004931448,-0.004753188
7.36,-1.867893263,-2.007615642,3.477438959,-1.976698188,-2.114502748,-2.174241216,3.482031144,-1.98156955,-0.246609485,-0.166625574,0.004592185,-0.004871362
7.4,-1.864008309,-2.003813502,3.499715004,-1.988116234,-2.116545268,-2.17424094,3.502681262,-1.992776124,-0.252536959,-0.170427437,0.002966258,-0.004659891
7.43,-1.861047471,-2.000942237,3.516238057,-1.996551942,-2.11813432,-2.174199001,3.518166921,-2.001158532,-0.257086849,-0.173256764,0.001928864,-0.00460659
7.46,-1.858031099,-1.99804043,3.531563929,-2.004939442,-2.119786224,-2.17412807,3.53365316,-2.009536685,-0.261755125,-0.17608764,0.002089231,-0.004597243
7.5,-1.88988162,-2.049430107,3.544653344,-2.016450443,-2.122083358,-2.17401864,3.554301127,-2.020736363,-0.232201738,-0.124588533,0.009647783,-0.00428592
7.53,-1.887185554,-2.047141552,3.55760215,-2.025249607,-2.123873697,-2.173918382,3.569785213,-2.029145885,-0.236688142,-0.12677683,0.012183063,-0.003896278
7.56,-1.884423255,-2.044823823,3.573490231,-2.033604607,-2.125721797,-2.173780651,3.585269928,-2.037536413,-0.241298542,-0.128956828,0.011779697,-0.003931806
7.6,-1.880627741,-2.041696064,3.599131265,-2.043965358,-2.128264155,-2.1735525,3.605909677,-2.048709174,-0.247636414,-0.131856436,0.006778412,-0.004743815
7.63,-1.877706876,-2.039317905,3.615767094,-2.052495115,-2.130236393,-2.17336427,3.621390002,-2.057103018,-0.252529517,-0.134046364,0.005622908,-0.004607903
7.66,-1.874720197,-2.036932005,3.628006681,-2.060850115,-2.132272375,-2.173159978,3.636864526,-2.065512174,-0.257552178,-0.136227972,0.008857845,-0.004662059
7.7,-1.870643989,-2.033700593,3.649085329,-2.072341025,-2.13505594,-2.172841692,3.657499257,-2.076708086,-0.264411951,-0.139141099,0.008413928,-0.004367061
7.73,-1.86753493,-2.031253369,3.66469197,-2.080730216,-2.137191531,-2.172564965,3.672970107,-2.085087904,-0.269656601,-0.141311596,0.008278138,-0.004357688
7.76,-1.864369057,-2.028794046,3.680857912,-2.089360216,-2.139383128,-2.172267744,3.688443238,-2.093474528,-0.275014071,-0.143473698,0.007585326,-0.004114312
7.8,-1.860050153,-2.025497937,3.702102684,-2.101175542,-2.142384688,-2.171855046,3.709067601,-2.104679335,-0.282334535,-0.14635711,0.006964917,-0.003503793
7.83,-1.856736779,-2.023016052,3.719183888,-2.108877345,-2.144687461,-2.171520077,3.724536286,-2.113081486,-0.287950682,-0.148504025,0.005352398,-0.004204141
7.86,-1.853357431,-2.020519598,3.732059321,-2.117224845,-2.147034077,-2.171146997,3.740000809,-2.121464963,-0.293676646,-0.150627398,0.007941487,-0.004240118
7.9,-1.848770459,-2.01716137,3.754949988,-2.128473922,-2.150231541,-2.170615669,3.760618937,-2.132641211,-0.301461082,-0.153454299,0.005668949,-0.00416729
7.93,-1.845270779,-2.014609067,3.771686514,-2.136492703,-2.152689684,-2.170205265,3.776080665,-2.141040798,-0.307418906,-0.155596198,0.004394151,-0.004548095
7.96,-1.841710264,-2.012041455,3.784337929,-2.145122703,-2.155203828,-2.169775965,3.791539924,-2.149447513,-0.313493564,-0.15773451,0.007201995,-0.004324811
8.0,-1.939904245,-1.987502678,3.805855887,-2.156460724,-2.15861745,-2.169156853,3.812152727,-2.160634028,-0.218713204,-0.181654175,0.006296839,-0.004173304
8.03,-1.937507496,-1.984660474,3.821385187,-2.16474273,-2.161226758,-2.168661343,3.827609073,-2.169014092,-0.223719262,-0.184000868,0.006223885,-0.004271362
8.06,-1.935052025,-1.981807182,3.837648642,-2.17323023,-2.163897613,-2.168152751,3.843069378,-2.177415848,-0.228845587,-0.18634557,0.005420736,-0.004185618
8.1,-1.9316779,-1.977975147,3.858992274,-2.184021589,-2.167532651,-2.167459628,3.863679922,-2.188634188,-0.235854751,-0.189484481,0.004687648,-0.0046126
8.13,-1.929089124,-1.975086104,3.875658093,-2.192526903,-2.170289787,-2.166918727,3.879143493,-2.197039412,-0.241200663,-0.191832623,0.0034854,-0.004512509
8.16,-1.926448948,-1.972171147,3.892038296,-2.200774403,-2.173051537,-2.166363868,3.894605208,-2.205434286,-0.246602589,-0.194192721,0.002566912,-0.004659884
8.2,-1.92282831,-1.968241832,3.911564482,-2.211707583,-2.176726893,-2.165649988,3.915229055,-2.216629024,-0.253898583,-0.197408155,0.003664573,-0.004921441
8.23,-1.920013445,-1.965277117,3.926686967,-2.220073488,-2.179468517,-2.165154914,3.930696231,-2.225016118,-0.259455073,-0.199877796,0.004009264,-0.00494263
8.26,-1.917147263,-1.962302575,3.94296221,-2.228498488,-2.18217093,-2.164697037,3.946168466,-2.233399152,-0.265023667,-0.202394462,0.003206256,-0.004900664
8.3,-1.91323562,-1.958295193,3.964241929,-2.240710888,-2.185697484,-2.164128614,3.966800057,-2.244599019,-0.272461864,-0.205833422,0.002558128,-0.00388813
8.33,-1.910225776,-1.955275031,3.98145043,-2.249446611,-2.188288457,-2.163747789,3.982277051,-2.253006011,-0.278062681,-0.208472758,0.000826621,-0.0035594
8.36,-1.907149486,-1.952257577,3.99793858,-2.257931611,-2.190836232,-2.163431837,3.997757004,-2.261394122,-0.283686746,-0.21117426,-0.000181576,-0.003462511
8.4,-1.902946822,-1.948246039,4.014742244,-2.26971398,-2.194166665,-2.163089265,4.018397339,-2.272567132,-0.291219842,-0.214843227,0.003655096,-0.002853152
8.43,-1.899727177,-1.945232295,4.034034362,-2.278978722,-2.196602302,-2.162877177,4.033881283,-2.28096357,-0.296875125,-0.217644882,-0.000153079,-0.001984848
8.46,-1.896447893,-1.942225732,4.050553583,-2.287473722,-2.198978631,-2.162712606,4.04936303,-2.289373635,-0.302530738,-0.220486874,-0.001190554,-0.001899913
8.5,-2.000712773,-2.001107836,4.075553287,-2.29811968,-2.202090967,-2.162580536,4.070011601,-2.300567365,-0.201378195,-0.1614727,-0.005541687,-0.002447686
8.53,-1.999346173,-1.999615132,4.084665449,-2.303742643,-2.20438694,-2.162548559,4.085495128,-2.308945518,-0.205040767,-0.162933426,0.00082968,-0.005202874
8.56,-1.996551474,-1.996630637,4.106916108,-2.314957643,-2.206632866,-2.162566849,4.100981445,-2.317329189,-0.210081392,-0.165936212,-0.005934664,-0.002371546
8.6,-1.993648727,-1.993618016,4.125274008,-2.325464036,-2.209553955,-2.162649313,4.121621503,-2.328526278,-0.215905228,-0.169031296,-0.003652504,-0.003062242
8.63,-1.991386059,-1.991326479,4.141256162,-2.334312813,-2.211696729,-2.162765687,4.137100556,-2.336920325,-0.220310669,-0.171439208,-0.004155606,-0.002607512
8.66,-1.989046335,-1.989012432,4.157882849,-2.342652813,-2.213794017,-2.1629465,4.152572922,-2.345297637,-0.224747682,-0.173934068,-0.005309926,-0.002644824
8.7,-1.985832801,-1.985923278,4.174653258,-2.353507491,-2.21650879,-2.163262417,4.173199765,-2.356470105,-0.230675989,-0.177339139,-0.001453494,-0.002962614
8.73,-1.983360395,-1.983591122,4.198571716,-2.362873255,-2.218471259,-2.163548181,4.188664922,-2.364869646,-0.235110863,-0.179957059,-0.009906794,-0.001996391
8.76,-1.980810573,-1.98123337,4.215384064,-2.371140755,-2.220364464,-2.163890553,4.204126643,-2.37327488,-0.239553891,-0.182657183,-0.011257421,-0.002134125
8.8,-1.977278444,-1.978069994,4.230381845,-2.382603492,-2.222810555,-2.164436411,4.224738198,-2.384456139,-0.245532111,-0.186366417,-0.005643647,-0.001852647
8.83,-1.974546304,-1.975688588,4.23913931,-2.390551708,-2.224582638,-2.164906948,4.240192007,-2.392832012,-0.250036334,-0.18921836,0.001052696,-0.002280304
8.86,-1.97176131,-1.973302562,4.255489666,-2.398824208,-2.226280352,-2.165423217,4.255645145,-2.401225352,-0.254519042,-0.192120655,0.000155479,-0.002401144
8.9,-1.967966082,-1.970130669,4.277000065,-2.408686556,-2.228450969,-2.166170957,4.2762424,-2.412432093,-0.260484887,-0.196040288,-0.000757665,-0.003745536
8.93,-1.965075011,-1.967740916,4.286632854,-2.417167361,-2.230023894,-2.166784477,4.291690735,-2.420825796,-0.264948883,-0.199043561,0.005057881,-0.003658435
8.96,-1.962120441,-1.965355358,4.302872317,-2.425852361,-2.231547323,-2.167449021,4.30713306,-2.429205768,-0.269426882,-0.202093663,0.004260743,-0.003353407
9.0,-2.049212055,-1.926654153,4.326001675,-2.437490799,-2.233498548,-2.16838186,4.327723839,-2.440391042,-0.184286492,-0.241727707,0.001722164,-0.002900243
9.03,-2.047258613,-1.923857879,4.341283523,-2.446693089,-2.23490038,-2.16910943,4.343161665,-2.448795505,-0.187641767,-0.24525155,0.001878141,-0.002102416
9.06,-2.045247301,-1.921071559,4.357669065,-2.455173089,-2.236256042,-2.169871789,4.358602155,-2.457201651,-0.191008741,-0.24880023,0.000933089,-0.002028563
9.1,-2.042473502,-1.917354846,4.380694309,-2.466740747,-2.238009437,-2.170942369,4.379186696,-2.468390012,-0.195535935,-0.253587523,-0.001507612,-0.001649265
9.13,-2.04033023,-1.91455797,4.408343221,-2.47524112,-2.239265268,-2.171782764,4.394627711,-2.476780812,-0.198935038,-0.257224794,-0.01371551,-0.001539691
9.16,-2.038135911,-1.911760036,4.425263593,-2.48380612,-2.240436192,-2.17266369,4.410068112,-2.485192469,-0.202300281,-0.260903654,-0.015195481,-0.001386348
9.2,-2.035128968,-1.908017962,4.430955283,-2.494801383,-2.241878873,-2.173923999,4.430656418,-2.496412763,-0.206749906,-0.265906036,-0.000298865,-0.00161138
9.23,-2.032805431,-1.905207062,4.445560176,-2.503998296,-2.242874213,-2.174955844,4.446098011,-2.504796958,-0.210068783,-0.269748783,0.000537835,-0.000798662
9.26,-2.03043737,-1.902382659,4.462029528,-2.512390796,-2.243768005,-2.176081441,4.461537422,-2.513160787,-0.213330634,-0.273698782,-0.000492107,-0.000769991
9.3,-2.02720384,-1.898596427,4.477646458,-2.522900333,-2.244795016,-2.177701167,4.482124504,-2.524356561,-0.217591176,-0.27910474,0.004478046,-0.001456228
9.33,-2.024703884,-1.895735242,4.495419327,-2.531649457,-2.245441071,-2.179010124,4.49756071,-2.532782946,-0.220737187,-0.283274883,0.002141383,-0.00113349
9.36,-2.022144155,-1.892864461,4.511845753,-2.540019457,-2.245978871,-2.180427061,4.512999116,-2.541180935,-0.223834716,-0.287562601,0.001153363,-0.001161479
9.4,-2.018647783,-1.889062584,4.531991774,-2.551204041,-2.246554227,-2.182460687,4.533576332,-2.552335172,-0.227906444,-0.293398103,0.001584558,-0.001131132
9.43,-2.015956345,-1.886205174,4.536977802,-2.559539102,-2.246866197,-2.184082871,4.549010571,-2.560718488,-0.230909851,-0.297877697,0.012032769,-0.001179386
9.46,-2.013210223,-1.883345788,4.553136722,-2.567831602,-2.24705477,-2.18579497,4.564418607,-2.569141318,-0.233844546,-0.302449182,0.011281885,-0.001309716
9.5,-2.084246516,-2.036619601,4.58108636,-2.579549305,-2.247167874,-2.188207568,4.584898046,-2.580356444,-0.162921358,-0.151587967,0.003811686,-0.000807139
9.53,-2.082286561,-2.035729387,4.601166973,-2.588250756,-2.24716175,-2.190117423,4.600195455,-2.588731074,-0.164875189,-0.154388037,-0.000971518,-0.000480318
9.56,-2.08027394,-2.034828304,4.617604622,-2.596478256,-2.247056831,-2.192115587,4.615403345,-2.597110083,-0.166782891,-0.157287283,-0.002201277,-0.000631827
9.6,-2.077530497,-2.033634724,4.64057586,-2.607330649,-2.246774665,-2.194870491,4.635499242,-2.608324385,-0.169244168,-0.161235767,-0.005076618,-0.000993736
9.63,-2.075432105,-2.032741866,4.644517373,-2.615315901,-2.246472004,-2.196989246,4.650399612,-2.616747812,-0.171039898,-0.16424738,0.00588224,-0.001431911
9.66,-2.073278726,-2.031851097,4.660287408,-2.623818401,-2.246110394,-2.199140115,4.66510444,-2.625155143,-0.172831668,-0.167289018,0.004817032,-0.001336742
9.7,-2.070312058,-2.030693828,4.670240909,-2.634849451,-2.245569421,-2.202004449,4.684426653,-2.636359439,-0.175257363,-0.171310621,0.014185744,-0.001509987
9.73,-2.068040271,-2.029836597,4.680823438,-2.64364546,-2.245118623,-2.204114959,4.698713374,-2.64476527,-0.177078352,-0.174278362,0.017889935,-0.00111981
9.76,-2.065709158,-2.028995185,4.695642082,-2.65217796,-2.244632644,-2.206159364,4.712780594,-2.653160767,-0.178923485,-0.177164179,0.017138512,-0.000982807
9.8,-2.062499852,-2.027883003,4.716614041,-2.662204142,-2.243971915,-2.208781354,4.731238168,-2.664358697,-0.181472063,-0.18089835,0.014624127,-0.002154555
9.83,-2.060037518,-2.027052713,4.734145395,-2.671470395,-2.243478007,-2.210659552,4.744848816,-2.67277589,-0.18344049,-0.183606839,0.010703421,-0.001305495
9.86,-2.057537439,-2.02623093,4.748550798,-2.679810395,-2.24297559,-2.212430602,4.758215774,-2.681192096,-0.185438151,-0.186199672,0.009664976,-0.001381701
9.9,-2.054128059,-2.025161407,4.76333513,-2.691634307,-2.242283776,-2.214632159,4.775676855,-2.692381515,-0.188155717,-0.189470751,0.012341725,-0.000747208
9.93,-2.051513883,-2.024363517,4.781356687,-2.700647731,-2.241759711,-2.216163965,4.788496321,-2.700765943,-0.190245827,-0.191800448,0.007139635,-0.000118212
9.96,-2.048845981,-2.023554044,4.795095758,-2.709060231,-2.241243786,-2.217580597,4.800921181,-2.7091777,-0.192397805,-0.194026553,0.005825422,-0.000117469
10.0,-2.061817383,-2.000550967,4.819856332,-2.721011683,-2.240527956,-2.219294926,4.816736696,-2.720432323,-0.178710573,-0.218743959,-0.003119636,0.00057936
10.03,-2.059272298,-1.999483769,4.833616529,-2.729616305,-2.239914086,-2.22041782,4.828019506,-2.728832588,-0.180641788,-0.220934051,-0.005597023,0.000783717
10.06,-2.056688182,-1.998435247,4.846071057,-2.737631305,-2.239183515,-2.221349382,4.838718884,-2.737155861,-0.182495333,-0.222914135,-0.007352172,0.000475444
10.1,-2.053161408,-1.997050036,4.85753096,-2.748678896,-2.238064739,-2.222325438,4.85225763,-2.748276435,-0.184903331,-0.225275403,-0.00527333,0.000402461
10.13,-2.050463955,-1.996022469,4.865777759,-2.756823869,-2.237112567,-2.222848553,4.861869833,-2.756695751,-0.186648613,-0.226826084,-0.003907926,0.000128118
10.16,-2.047748795,-1.995021153,4.876539188,-2.765516369,-2.235992216,-2.223134116,4.87098151,-2.765105792,-0.188243422,-0.228112963,-0.005557678,0.000410577
10.2,-2.044090022,-1.993721898,4.888816288,-2.777444735,-2.234204197,-2.223168324,4.882498331,-2.776189456,-0.190114174,-0.229446426,-0.006317957,0.001255279
10.23,-2.041320458,-1.992768605,4.8908776,-2.786267392,-2.232639708,-2.222935018,4.890684481,-2.784477856,-0.191319251,-0.230166413,-0.000193119,0.001789536
10.26,-2.038522307,-1.99184041,4.900122106,-2.794679892,-2.230856761,-2.222449441,4.898441627,-2.792855935,-0.192334454,-0.230609031,-0.00168048,0.001823957
10.3,-2.034767755,-1.990660765,4.904215108,-2.805444425,-2.228127499,-2.221450255,4.908240588,-2.80406522,-0.193359744,-0.230789491,0.00402548,0.001379205
10.33,-2.03192675,-1.989822987,4.909592415,-2.81352356,-2.225762278,-2.220421178,4.915202377,-2.812395598,-0.193835528,-0.230598191,0.005609962,0.001127961
10.36,-2.029049332,-1.988997309,4.917504031,-2.82183106,-2.223061356,-2.219109765,4.921790887,-2.820674215,-0.194012024,-0.230112457,0.004286856,0.001156845
10.4,-2.025165845,-1.987901058,4.933547025,-2.832897887,-2.219031533,-2.216993813,4.930121852,-2.831813564,-0.193865689,-0.229092755,-0.003425173,0.001084323
10.43,-2.022224568,-1.987091533,4.943046723,-2.840512334,-2.215669942,-2.215126682,4.936023771,-2.840246589,-0.193445374,-0.22803515,-0.007022952,0.000265745
10.46,-2.019260091,-1.986308579,4.950308007,-2.848609834,-2.211910341,-2.212960682,4.941600741,-2.848627805,-0.19265025,-0.226652103,-0.008707266,-1.7972e-05
10.5,-2.021539135,-1.982435441,4.955972233,-2.860597921,-2.206332822,-2.209664409,4.948594939,-2.85969587,-0.184793687,-0.227228967,-0.007377294,0.00090205
10.53,-2.018564981,-1.981642097,4.966674038,-2.868325882,-2.201742408,-2.206891496,4.953529031,-2.868031916,-0.183177427,-0.225249399,-0.013145007,0.000293966
10.56,-2.015559296,-1.980861136,4.973183239,-2.876458382,-2.196746459,-2.203820769,4.958157722,-2.876475923,-0.181187163,-0.222959633,-0.015025517,-1.7541e-05
10.6,-2.011522463,-1.97987234,4.975873216,-2.88784514,-2.189475273,-2.199314773,4.963965129,-2.887712059,-0.17795281,-0.219442432,-0.011908087,0.000133081
10.63,-2.008461828,-1.979189315,4.979163995,-2.895304221,-2.18352847,-2.195621616,4.968039444,-2.896037486,-0.175066641,-0.216432301,-0.011124551,-0.000733265
10.66,-2.00537441,-1.978545926,4.984785425,-2.903601721,-2.177097202,-2.191623269,4.97185148,-2.904354843,-0.171722791,-0.213077343,-0.012933945,-0.000753122
10.7,-2.001219601,-1.977745752,5.002901309,-2.914350822,-2.167896742,-2.185898861,4.976607233,-2.915585035,-0.166677141,-0.208153109,-0.026294075,-0.001234214
10.73,-1.998080339,-1.977207116,4.99724676,-2.923312055,-2.160498624,-2.181308836,4.979937523,-2.924049564,-0.162418285,-0.20410172,-0.017309237,-0.000737508
10.76,-1.994937254,-1.976709373,5.002333694,-2.931292055,-2.152553673,-2.176416959,4.98303297,-2.932420855,-0.157616419,-0.199707586,-0.019300724,-0.0011288
10.8,-1.990727921,-1.976097548,4.995404421,-2.942480523,-2.141233939,-2.169501518,4.986836892,-2.943517803,-0.150506018,-0.19340397,-0.00856753,-0.00103728
10.83,-1.987552688,-1.975683029,5.003812663,-2.949934602,-2.13222396,-2.164030599,4.989472209,-2.951919636,-0.144671272,-0.188347571,-0.014340454,-0.001985035
10.86,-1.984370073,-1.975314154,5.008102982,-2.958212102,-2.122684651,-2.158280238,4.991901174,-2.96040201,-0.138314578,-0.182966084,-0.016201807,-0.002189908
10.9,-1.980150632,-1.974898177,5.012677477,-2.970060856,-2.109194535,-2.150237195,4.994901019,-2.97162311,-0.129043903,-0.175339018,-0.017776458,-0.001562255
10.93,-1.977002374,-1.974637158,5.020995292,-2.978932278,-2.098487128,-2.143927845,4.996956432,-2.979948804,-0.121484754,-0.169290688,-0.02403886,-0.001016526
10.96,-1.973843947,-1.974443641,5.025017298,-2.987377278,-2.08722005,-2.137354593,4.998834321,-2.988317928,-0.113376102,-0.162910952,-0.026182977,-0.000940651
11.0,-1.962243818,-1.976315202,5.02316889,-2.998081061,-2.071465036,-2.128252333,5.001091044,-2.999605627,-0.109221219,-0.151937131,-0.022077846,-0.001524565
11.03,-1.959015262,-1.976282579,5.030417669,-3.006514769,-2.059065688,-2.121174209,5.002607028,-3.008060654,-0.100050426,-0.14489163,-0.027810641,-0.001545885
11.06,-1.955795255,-1.976285189,5.033986812,-3.015002269,-2.046054115,-2.11384956,5.0039409,-3.016412575,-0.09025886,-0.137564371,-0.030045912,-0.001410306
11.1,-1.951516511,-1.976383964,5.033638008,-3.025288927,-2.027923525,-2.10377087,5.005503587,-3.027546403,-0.076407013,-0.127386906,-0.028134421,-0.002257476
11.13,-1.948323984,-1.976531238,5.033109587,-3.033172044,-2.01376691,-2.095987992,5.006512816,-3.035991191,-0.065442926,-0.119456754,-0.026596771,-0.002819148
11.16,-1.945170031,-1.976743847,5.036113174,-3.041364544,-1.999033272,-2.087986393,5.007368521,-3.044465571,-0.053863241,-0.111242546,-0.028744653,-0.003101028
11.2,-1.941050027,-1.977115018,5.041829224,-3.053304661,-1.978570895,-2.07703333,5.008319936,-3.055645067,-0.037520868,-0.099918313,-0.033509288,-0.002340406
11.23,-1.937976774,-1.97746106,5.045316691,-3.06127308,-1.962620756,-2.068618781,5.008889846,-3.063976072,-0.024643982,-0.091157721,-0.036426845,-0.002702991
11.26,-1.934906454,-1.977869003,5.048183206,-3.06957308,-1.946106027,-2.060026516,5.009332564,-3.072376647,-0.011199573,-0.082157512,-0.038850643,-0.002803566
11.3,-1.93085255,-1.978520378,5.051079017,-3.08073396,-1.923332793,-2.048361258,5.009744092,-3.083648972,0.007519757,-0.069840879,-0.041334925,-0.002915012
11.33,-1.927849567,-1.979091695,5.039061323,-3.088953571,-1.905654979,-2.039470672,5.009930534,-3.09206271,0.022194588,-0.060378977,-0.029130789,-0.003109139
11.36,-1.924889232,-1.979721905,5.041264413,-3.097361071,-1.887374119,-2.030457117,5.00998049,-3.100419382,0.037515113,-0.050735212,-0.031283923,-0.003058311
11.4,-1.920990099,-1.98068032,5.044228186,-3.109911498,-1.862249759,-2.018298833,5.009903726,-3.111601781,0.05874034,-0.037618513,-0.03432446,-0.001690283
11.43,-1.91812618,-1.981471726,5.041057537,-3.119459255,-1.842863939,-2.009087235,5.009749523,-3.120044955,0.075262241,-0.027615509,-0.031308014,-0.000585699
11.46,-1.915325063,-1.982337639,5.04298752,-3.127874255,-1.822909688,-1.999793594,5.009516445,-3.128478875,0.092415375,-0.017455955,-0.033471075,-0.00060462
11.5,-1.845164838,-1.952371923,5.052370446,-3.13929533,-1.795526676,-1.9873064,5.009077809,-3.139652879,0.049638162,-0.034934477,-0.043292637,-0.000357549
11.53,-1.841603862,-1.953037226,5.058150086,3.135503594,-1.774437162,-1.977877492,5.008663627,3.135159682,0.0671667,-0.024840266,-0.049486459,-0.000343912
11.56,-1.838082475,-1.953774073,5.060346067,3.127303594,-1.752837378,-1.96839362,5.008167346,3.126736653,0.085245098,-0.014619547,-0.052178722,-0.000566941
11.6,-1.833475354,-1.954859781,5.05410706,3.116434186,-1.723343305,-1.955686111,5.007393173,3.115489044,0.110132048,-0.00082633,-0.046713888,-0.000945142
11.63,-1.830115385,-1.955754528,5.041992827,3.109238196,-1.7006791,-1.946116078,5.006724556,3.107096602,0.129436285,0.00963845,-0.035268271,-0.002141595
11.66,-1.826807828,-1.956733204,5.043404691,3.100598196,-1.677490525,-1.936514621,5.005970704,3.098733065,0.149317303,0.020218583,-0.037433987,-0.001865131
11.7,-1.823548242,-1.957787306,5.051084806,3.092925876,-1.645936735,-1.923679232,5.004901493,3.087533947,0.177611506,0.034108074,-0.046183313,-0.005391929
11.73,-1.819295187,-1.959315457,5.059809767,3.082004306,-1.621803469,-1.914033758,5.004064203,3.079101734,0.197491719,0.045281699,-0.055745565,-0.002902572
11.76,-1.816194332,-1.960546013,5.061668586,3.073604306,-1.597176374,-1.904378233,5.003197923,3.070696705,0.219017958,0.056167781,-0.058470663,-0.002907601
11.8,-1.812163387,-1.962275543,5.055346425,3.061886531,-1.563693405,-1.891500563,5.001954301,3.05954032,0.248469983,0.070774979,-0.053392123,-0.002346211
11.83,-1.809202203,-1.963659536,5.045440353,3.052961924,-1.538139634,-1.881842751,5.000961516,3.051161033,0.271062569,0.081816785,-0.044478837,-0.001800891
11.86,-1.806301072,-1.965125346,5.046652166,3.044569424,-1.512177451,-1.872189843,4.99991402,3.042741262,0.294123621,0.092935503,-0.046738146,-0.001828162
11.9,-1.802543404,-1.967193629,5.049157079,3.033068329,-1.476990407,-1.859337152,4.998491445,3.031526858,0.325552996,0.107856477,-0.050665633,-0.001541472
11.93,-1.799789458,-1.968831299,5.042674378,3.024391776,-1.450162752,-1.849717621,4.9974076,3.023156638,0.349626706,0.119113679,-0.045266778,-0.001235139
11.96,-1.797106294,-1.970551806,5.043786365,3.015861776,-1.422937306,-1.840120173,4.996309378,3.014793374,0.374168988,0.130431633,-0.047476987,-0.001068403
12.0,-1.589878924,-1.868994773,5.029276744,3.004083589,-1.386167417,-1.827353764,4.994819881,3.003594068,0.203711507,0.041641009,-0.034456863,-0.000489521
12.03,-1.584817201,-1.86960652,5.01652865,2.995937048,-1.358235381,-1.817806582,4.993692936,2.995181165,0.226581819,0.051799939,-0.022835714,-0.000755883
12.06,-1.579832216,-1.87029808,5.016860882,2.987417048,-1.329928339,-1.808295261,4.992568242,2.986803285,0.249903877,0.062002818,-0.024292639,-0.000613763
12.1,-1.573305502,-1.871341594,5.018777357,2.976845729,-1.29172122,-1.795664788,4.99107504,2.97565976,0.281584283,0.075676806,-0.027702317,-0.001185969
12.13,-1.568503036,-1.872233927,5.005698258,2.969377957,-1.262763101,-1.786229953,4.989986983,2.967278718,0.305739935,0.086003973,-0.015711275,-0.002099239
12.16,-1.563786217,-1.873203792,5.005871048,2.960727957,-1.233519863,-1.776838839,4.988921464,2.958873972,0.330266354,0.096364953,-0.016949585,-0.001853985
12.2,-1.557656185,-1.87459609,5.001466571,2.949043947,-1.194120221,-1.764392802,4.987533179,2.947692845,0.363535964,0.110203288,-0.013933392,-0.001351102
12.23,-1.553171305,-1.875729315,5.005625601,2.940284205,-1.164270571,-1.755122216,4.986509362,2.939331249,0.388900735,0.120607099,-0.019116239,-0.000952956
12.26,-1.548767353,-1.876942099,5.005984667,2.931986705,-1.134171695,-1.745916137,4.985522323,2.930959993,0.414595658,0.131025963,-0.020462344,-0.001026712
12.3,-1.543039036,-1.878688049,4.998296904,2.921077534,-1.093751514,-1.733731869,4.9842451,2.91977106,0.449287523,0.14495618,-0.014051803,-0.001306474
12.33,-1.53887083,-1.880091311,4.98898833,2.912172124,-1.063207184,-1.724671981,4.983324212,2.911380742,0.475663645,0.15541933,-0.005664118,-0.000791382
12.36,-1.53478288,-1.88157736,4.989019014,2.903952124,-1.032424575,-1.715700245,4.982430337,2.90300672,0.502358304,0.165877115,-0.006588677,-0.000945404
12.4,-1.529473112,-1.883678087,4.986445927,2.89319622,-0.991119095,-1.703850835,4.981292152,2.891842807,0.538354017,0.179827253,-0.005153775,-0.001353413
12.43,-1.525598557,-1.885352801,4.991214704,2.883448127,-0.95998416,-1.695042764,4.980491929,2.883457433,0.565614397,0.190310037,-0.010722775,9.306e-06
12.46,-1.521821506,-1.887097786,4.991597103,2.875303127,-0.928693532,-1.686317733,4.979748149,2.875067252,0.593127974,0.200780053,-0.011848954,-0.000235875
12.5,-1.34326803,-1.818871966,4.980698908,2.864795952,-0.886740399,-1.674806225,4.97882129,2.863897065,0.456527631,0.144065741,-0.001877618,-0.000898887
12.53,-1.337513968,-1.819890734,4.974964619,2.855859179,-0.855122625,-1.666260485,4.978157773,2.855529009,0.482391344,0.153630249,0.003193154,-0.00033017
12.56,-1.331845864,-1.820995038,4.975099229,2.847379179,-0.823404167,-1.657789308,4.97754507,2.847152398,0.508441698,0.16320573,0.002445841,-0.000226782
12.6,-1.324454731,-1.822588841,4.977870151,2.83528539,-0.780996511,-1.646589462,4.976803139,2.835971262,0.54345822,0.175999378,-0.001067013,0.000685873
12.63,-1.319040819,-1.823858021,4.974164471,2.827596501,-0.74908258,-1.638268176,4.976321511,2.827592779,0.569958239,0.185589845,0.002157039,-3.722e-06
12.66,-1.313740397,-1.825189594,4.974571032,2.818984001,-0.717064098,-1.630026303,4.975886818,2.819229518,0.596676299,0.195163291,0.001315786,0.000245517
12.7,-1.306813567,-1.827090013,4.971412894,2.808025632,-0.674300008,-1.619124354,4.975374068,2.808072425,0.632513558,0.207965659,0.003961174,4.6793e-05
12.73,-1.301743623,-1.828614772,4.961185144,2.800395906,-0.642201039,-1.611005147,4.975033927,2.799690498,0.659542583,0.217609625,0.013848783,-0.000705408
12.76,-1.296774219,-1.83022354,4.961373965,2.792025906,-0.610060789,-1.602949827,4.974754206,2.791308418,0.68671343,0.227273713,0.013380241,-0.000717488
12.8,-1.290327327,-1.832499242,4.964636631,2.780865847,-0.567137437,-1.592301018,4.9744514,2.780152047,0.72318989,0.240198224,0.009814769,-0.0007138
12.83,-1.285595682,-1.834296783,4.964170939,2.772616664,-0.534924919,-1.584371668,4.974287625,2.77178889,0.750670763,0.249925114,0.010116686,-0.000827774
12.86,-1.280957115,-1.836176025,4.964717964,2.764111664,-0.502737133,-1.576482859,4.97418543,2.763411198,0.778219982,0.259693166,0.009467465,-0.000700467
12.9,-1.2749552,-1.838791569,4.960126223,2.752557873,-0.459846253,-1.56602114,4.974118489,2.752232462,0.815108948,0.272770429,0.013992265,-0.000325411
12.93,-1.270584741,-1.840832556,4.957961299,2.743824212,-0.427677154,-1.558225471,4.974119813,2.743861183,0.842907587,0.282607085,0.016158513,3.697e-05
12.96,-1.266315059,-1.84296149,4.958519248,2.735251712,-0.395524439,-1.550473188,4.974162341,2.735501585,0.87079062,0.292488303,0.015643093,0.000249872
13.0,-0.906334998,-1.681146233,4.954196333,2.724037155,-0.352738737,-1.540167739,4.974297342,2.724338855,0.553596261,0.140978494,0.02010101,0.0003017
13.03,-0.897849328,-1.681412217,4.947172051,2.716136078,-0.320723617,-1.532456494,4.97445173,2.715952143,0.577125711,0.148955723,0.027279679,-0.000183935
13.06,-0.889475006,-1.68176016,4.947640078,2.707581078,-0.288757997,-1.524773154,4.974675826,2.707574594,0.600717009,0.156987006,0.027035748,-6.484e-06
13.1,-0.878482636,-1.682355887,4.955744125,2.696372696,-0.246205334,-1.514564985,4.975048056,2.69642573,0.632277303,0.167790902,0.019303931,5.3034e-05
13.13,-0.870355865,-1.682888252,4.952681882,2.687969764,-0.214379366,-1.506919943,4.975400003,2.68805928,0.655976499,0.175968309,0.022718122,8.9516e-05
13.16,-0.862346246,-1.683499841,4.953572578,2.679552264,-0.18267102,-1.49927471,4.975806465,2.679674983,0.679675226,0.184225131,0.022233887,0.000122719
13.2,-0.851870059,-1.684423226,4.958698846,2.668657769,-0.140524604,-1.489098253,4.976412481,2.66849652,0.711345455,0.195324973,0.017713636,-0.00016125
13.23,-0.844146476,-1.685193628,4.960248164,2.660312932,-0.108999703,-1.481489616,4.976903358,2.66012387,0.735146773,0.203704013,0.016655193,-0.000189061
13.26,-0.836511288,-1.686043443,4.961517514,2.651987932,-0.077589624,-1.47389433,4.977429597,2.651751633,0.758921665,0.212149114,0.015912083,-0.000236299
13.3,-0.826504951,-1.687305698,4.948652093,2.641911696,-0.035913419,-1.463763656,4.978177029,2.640574785,0.790591533,0.223542042,0.029524936,-0.001336911
13.33,-0.819140094,-1.688327056,4.942676539,2.632950827,-0.004804062,-1.456167618,4.978770127,2.632187592,0.814336032,0.232159437,0.036093588,-0.000763236
13.36,-0.811901084,-1.689408107,4.943518478,2.624605827,0.026183477,-1.448588641,4.979411477,2.623804926,0.838084561,0.240819466,0.035892999,-0.000800901
13.4,-0.802436526,-1.690999395,4.94851815,2.612870485,0.067319049,-1.438494759,4.980333396,2.612633183,0.869755574,0.252504636,0.031815247,-0.000237301
13.43,-0.795487754,-1.692303434,4.954472932,2.603867084,0.097999376,-1.430910939,4.981092697,2.604249788,0.893487131,0.261392495,0.026619765,0.000382704
13.46,-0.78865988,-1.693692954,4.955875759,2.595382084,0.128499775,-1.423305628,4.981900195,2.59585841,0.917159654,0.270387326,0.026024436,0.000476326
13.5,-0.40918364,-1.578343558,4.973967547,2.583796011,0.168967265,-1.413155457,4.983036043,2.58467494,0.578150905,0.165188102,0.009068495,0.000878929
13.53,-0.39796406,-1.578450198,4.975156476,2.574999051,0.199174901,-1.40553582,4.98390602,2.576297797,0.597138961,0.172914378,0.008749544,0.001298746
13.56,-0.38685683,-1.578639211,4.977303862,2.566481551,0.229206573,-1.397883714,4.984795505,2.567920467,0.616063403,0.180755497,0.007491643,0.001438916
13.6,-0.372206405,-1.579017248,4.974803471,2.554995278,0.26898818,-1.387612498,4.985985764,2.556731165,0.641194585,0.19140475,0.011182293,0.001735887
13.63,-0.361362235,-1.579383449,4.967311706,2.545762107,0.298649811,-1.379864169,4.986889242,2.548336626,0.660012047,0.199519281,0.019577536,0.002574519
13.66,-0.350638724,-1.579832299,4.969162619,2.537307107,0.328161502,-1.372077725,4.987799579,2.539962477,0.678800225,0.207754575,0.01863696,0.002655371
13.7,-0.336501533,-1.580544612,4.975978902,2.526139296,0.367283495,-1.361614042,4.989034294,2.528805746,0.703785028,0.21893057,0.013055392,0.00266645
13.73,-0.326036989,-1.58117739,4.97754216,2.517470008,0.396429528,-1.353680039,4.989985203,2.520414788,0.722466517,0.22749735,0.012443043,0.00294478
13.76,-0.315690301,-1.581896712,4.979701603,2.509012508,0.425390696,-1.345659721,4.990955164,2.512007744,0.741080996,0.236236991,0.011253561,0.002995236
13.8,-0.302073434,-1.582971862,4.98172752,2.497386265,0.463799768,-1.33487168,4.992266029,2.500832308,0.765873203,0.248100182,0.010538508,0.003446043
13.83,-0.29198912,-1.583862181,4.985844416,2.489080829,0.49244828,-1.32670238,4.993246211,2.492474322,0.7844374,0.257159802,0.007401794,0.003393493
13.86,-0.28202041,-1.584831636,4.988201871,2.480450829,0.52090635,-1.318425578,4.994233243,2.484093978,0.80292676,0.266406058,0.006031372,0.00364315
13.9,-0.268911347,-1.586254692,4.983750073,2.469113276,0.558593692,-1.307237219,4.995541637,2.472881354,0.827505038,0.279017472,0.011791564,0.003768078
13.93,-0.259213506,-1.587409402,4.98235202,2.459572028,0.586693674,-1.298747432,4.996527079,2.464485504,0.84590718,0.288661971,0.014175059,0.004913476
13.96,-0.249621732,-1.588637153,4.984512573,2.451152028,0.614641388,-1.290163839,4.997501001,2.456127026,0.86426312,0.298473315,0.012988427,0.004974998
14.0,0.108675162,-1.518449331,4.988837179,2.440251352,0.651666269,-1.27855724,4.998808513,2.444968368,0.542991107,0.239892092,0.009971334,0.004717016
14.03,0.122369686,-1.518996254,4.987128019,2.432750192,0.679241532,-1.26971396,4.999789954,2.436557176,0.556871846,0.249282294,0.012661936,0.003806984
14.06,0.135934354,-1.519619603,4.989341985,2.424270192,0.706646209,-1.260745215,5.000780124,2.428142908,0.570711855,0.258874388,0.011438139,0.003872715
14.1,0.153840071,-1.520584615,4.99615686,2.413013946,0.742988949,-1.248635171,5.002095665,2.416985866,0.589148878,0.271949444,0.005938805,0.00397192
14.13,0.167142076,-1.52143866,5.000828462,2.404967828,0.770084785,-1.239417148,5.003079362,2.4086338,0.602942709,0.282021512,0.002250899,0.003665972
14.16,0.180343121,-1.522375619,5.003354742,2.396412828,0.796996012,-1.23002892,5.004057122,2.400226804,0.616652891,0.292346698,0.00070238,0.003813976
14.2,0.197753194,-1.523754016,5.001427175,2.386400537,0.832655693,-1.21729045,5.005336736,2.388980084,0.634902499,0.306463566,0.003909561,0.002579546
14.23,0.210681677,-1.524878694,4.998077498,2.378037487,0.859264611,-1.207594255,5.006280722,2.380592667,0.648582934,0.317284439,0.008203224,0.00255518
14.26,0.223510658,-1.526082296,5.000371911,2.369874987,0.885737579,-1.197756084,5.007195854,2.372252057,0.662226921,0.328326211,0.006823943,0.00237707
14.3,0.240490588,-1.527838928,4.996955143,2.357986111,0.920810311,-1.184412658,5.008405969,2.361076566,0.680319722,0.34342627,0.011450826,0.003090456
14.33,0.253110688,-1.529269304,5.007721454,2.350701881,0.946940984,-1.174233825,5.009299111,2.352644037,0.693830297,0.355035479,0.001577657,0.001942156
14.36,0.265624574,-1.530778939,5.010206022,2.342321881,0.972926229,-1.163914482,5.010198184,2.344236042,0.707301655,0.366864457,-7.838e-06,0.001914161
14.4,0.282136855,-1.532939341,5.015646251,2.330735825,1.007394914,-1.149985031,5.011381717,2.333092548,0.725258058,0.38295431,-0.004264534,0.002356723
14.43,0.294398343,-1.534673552,5.024500497,2.321433804,1.03309096,-1.139386881,5.012259463,2.324726883,0.738692617,0.395286671,-0.012241034,0.003293079
14.46,0.306556885,-1.536513639,5.027367752,2.313106304,1.058614798,-1.128617574,5.013108764,2.316304323,0.752057913,0.407896065,-0.014258987,0.00319802
14.5,0.610384549,-1.320271764,5.025419361,2.301406521,1.09245067,-1.114060946,5.014207075,2.305073168,0.482066121,0.206210818,-0.011212286,0.003666647
14.53,0.625871882,-1.319577388,5.02434937,2.293209452,1.117704472,-1.103017326,5.014991754,2.296702757,0.49183259,0.216560062,-0.009357617,0.003493305
14.56,0.641271378,-1.318983025,5.026989939,2.284801952,1.142825664,-1.091831897,5.015736794,2.288348127,0.501554286,0.227151128,-0.011253145,0.003546175
14.6,0.6616685,-1.318360766,5.027556619,2.273513476,1.176116042,-1.076692765,5.016686718,2.277135253,0.514447542,0.241668001,-0.010869902,0.003621777
14.63,0.676837601,-1.317992339,5.039965122,2.264972437,1.200942258,-1.065182891,5.017365466,2.268694934,0.524104657,0.252809448,-0.022599656,0.003722496
14.66,0.691900989,-1.317705638,5.042879097,2.256284937,1.225657894,-1.053556342,5.018022289,2.26030242,0.533756905,0.264149296,-0.024856808,0.004017482
14.7,0.711827161,-1.317481701,5.050731826,2.246204851,1.25846153,-1.037898748,5.018846547,2.249161745,0.546634368,0.279582953,-0.031885279,0.002956894
14.73,0.726656845,-1.317436271,5.050547652,2.237968274,1.282927599,-1.026009789,5.019429276,2.240773617,0.556270754,0.291426483,-0.031118375,0.002805343
14.76,0.7413545,-1.317475691,5.053495423,2.229615774,1.307255413,-1.013969474,5.019951908,2.232336131,0.565900912,0.303506217,-0.033543514,0.002720357
14.8,0.760766781,-1.317637166,5.051198628,2.218474247,1.339552888,-0.997761393,5.020586049,2.221120841,0.578786107,0.319875773,-0.030612579,0.002646594
14.83,0.775206111,-1.317861052,5.046133553,2.210169933,1.363687182,-0.985503199,5.021000378,2.2127671,0.588481071,0.332357853,-0.025133174,0.002597167
14.86,0.789542723,-1.318211132,5.04867218,2.201762433,1.387716189,-0.973112309,5.021370043,2.204403311,0.598173466,0.345098823,-0.027302137,0.002640878
14.9,0.808510758,-1.318855291,5.058456561,2.190992717,1.419602663,-0.95638642,5.021793899,2.193167292,0.611091905,0.362468872,-0.036662662,0.002174575
14.93,0.822585004,-1.319423232,5.034181641,2.182531101,1.443426205,-0.943711828,5.022075144,2.184731229,0.620841201,0.375711404,-0.012106497,0.002200128
14.96,0.836540518,-1.320075011,5.036129123,2.174071101,1.467186747,-0.930938215,5.022310443,2.176363767,0.630646229,0.389136795,-0.01381868,0.002292665
15.0,1.089917169,-1.163927521,5.042051097,2.163077086,1.498772064,-0.913748016,5.022557542,2.165231899,0.408854896,0.250179505,-0.019493555,0.002154813
15.03,1.106585653,-1.162862864,5.04216167,2.15389279,1.52237355,-0.900706149,5.022716588,2.156819685,0.415787897,0.262156716,-0.019445082,0.002926895
15.06,1.123142659,-1.161886971,5.044159637,2.14557529,1.545900305,-0.887526329,5.022842256,2.148366113,0.422757646,0.274360641,-0.021317381,0.002790823
15.1,1.145037468,-1.160716472,5.042381618,2.135333518,1.577211111,-0.869823137,5.022959977,2.137174689,0.432173643,0.290893335,-0.019421641,0.001841171
15.13,1.161326297,-1.159958056,5.043579431,2.12715409,1.600654422,-0.856449839,5.022996355,2.128839959,0.439328125,0.303508216,-0.020583076,0.001685869
15.16,1.177521467,-1.15931258,5.045453303,2.11878909,1.624038434,-0.842945361,5.023003058,2.120456902,0.446516966,0.316367219,-0.022450245,0.001667812
15.2,1.198958251,-1.158596267,5.03610913,2.107671487,1.655139905,-0.824763378,5.022960129,2.109190667,0.456181654,0.333832889,-0.013149001,0.00151918
15.23,1.21490206,-1.158159104,5.030463045,2.100288425,1.678432989,-0.811033982,5.02290744,2.100767712,0.463530928,0.347125122,-0.007555606,0.000479287
15.26,1.230740762,-1.157825956,5.031810697,2.091793425,1.701708842,-0.797237731,5.022823916,2.092425657,0.470968081,0.360588225,-0.008986781,0.000632232
15.3,1.251708702,-1.157554928,5.027514022,2.08171167,1.732697608,-0.778713415,5.022702492,2.081282249,0.480988907,0.378841513,-0.00481153,-0.000429421
15.33,1.26730842,-1.157456498,5.030346094,2.073076749,1.755894894,-0.764704084,5.02260033,2.072845601,0.488586475,0.392752414,-0.007745764,-0.000231148
15.36,1.282785448,-1.157449358,5.031649804,2.064576749,1.779067702,-0.750610663,5.022498937,2.064400541,0.496282254,0.406838696,-0.009150867,-0.000176208
15.4,1.303246259,-1.15758304,5.028384563,2.054275298,1.8099626,-0.731757478,5.022360141,2.053247548,0.506716341,0.425825562,-0.006024422,-0.00102775
15.43,1.31846256,-1.157819484,5.032603531,2.046036456,1.833126428,-0.717556449,5.022250663,2.044914935,0.514663867,0.440263035,-0.010352869,-0.001121521
15.46,1.33357146,-1.158177537,5.03398075,2.037913956,1.856266883,-0.703258177,5.022137284,2.036505623,0.522695424,0.454919361,-0.011843467,-0.001408333
15.5,1.569500769,-0.976093414,5.027306892,2.027289282,1.887105157,-0.684087027,5.021964846,2.025235707,0.317604387,0.292006386,-0.005342046,-0.002053575
15.53,1.587034597,-0.974411793,5.031343531,2.019437222,1.910245086,-0.669669626,5.021827699,2.01684065,0.32321049,0.304742167,-0.009515832,-0.002596572
15.56,1.604460796,-0.972862672,5.032653941,2.011204722,1.933400605,-0.655219026,5.021673649,2.008493472,0.328939809,0.317643647,-0.010980292,-0.00271125
15.6,1.627528297,-0.97097181,5.024864569,2.000333054,1.9642603,-0.635867399,5.021470564,1.997295254,0.336732003,0.33510441,-0.003394005,-0.0030378
15.63,1.644702072,-0.969656953,5.02948698,1.991736285,1.987370221,-0.621305253,5.02130319,1.988857814,0.342668148,0.3483517,-0.00818379,-0.002878471
15.66,1.656096651,-0.968824721,5.030312312,1.986073785,2.010423088,-0.606767288,5.021147509,1.980463056,0.354326437,0.362057432,-0.009164803,-0.005610729
15.7,1.684387086,-0.966949028,5.035956045,1.972838842,2.041024771,-0.587478449,5.020951676,1.969266392,0.356637686,0.379470579,-0.015004369,-0.003572451
15.73,1.701244975,-0.965980216,5.026037487,1.964467562,2.063814617,-0.573074802,5.020832273,1.960865255,0.362569642,0.392905414,-0.005205214,-0.003602306
15.76,1.712430994,-0.965390909,5.026824149,1.958717562,2.086385284,-0.558734075,5.020726564,1.95255345,0.37395429,0.406656834,-0.006097586,-0.006164111
15.8,1.740201229,-0.964085595,5.02686361,1.944658281,2.116155476,-0.539775626,5.020620319,1.941493239,0.375954248,0.42430997,-0.006243291,-0.003165042
15.83,1.756721634,-0.963434186,5.031244766,1.935631893,2.138224944,-0.525726664,5.020571907,1.933074999,0.38150331,0.437707522,-0.01067286,-0.002556894
15.86,1.773150851,-0.962906677,5.032707439,1.927384393,2.159999175,-0.511840602,5.0205656,1.924605438,0.386848324,0.451066076,-0.012141839,-0.002778955
15.9,1.794919659,-0.962391561,5.035827738,1.916059443,2.188586766,-0.493508757,5.020614618,1.913521302,0.393667108,0.468882803,-0.01521312,-0.002538141
15.93,1.811117607,-0.962126912,5.041805313,1.907564121,2.209682604,-0.479922196,5.020684384,1.905309653,0.398564997,0.482204716,-0.021120929,-0.002254468
15.96,1.827222333,-0.961949941,5.043716999,1.899191621,2.23043388,-0.46655505,5.020792268,1.896935705,0.403211547,0.495394891,-0.02292473,-0.002255916
16.0,1.961239064,-0.676860578,5.044837524,1.888154845,2.257622817,-0.449026214,5.020961748,1.885588798,0.296383752,0.227834364,-0.023875776,-0.002566047
16.03,1.9785211,-0.673389531,5.036550032,1.879394946,2.277630919,-0.436064459,5.02111527,1.877206008,0.299109818,0.237325072,-0.015434762,-0.002188938
16.06,1.99572296,-0.670017997,5.038326916,1.871327446,2.29724353,-0.423285019,5.021272641,1.869063016,0.30152057,0.246732978,-0.017054275,-0.00226443
16.1,2.018489704,-0.665657499,5.043470172,1.860361274,2.322862595,-0.406574777,5.021506239,1.858121881,0.304372891,0.259082722,-0.021963933,-0.002239393
16.13,2.035450505,-0.662501059,5.039686974,1.852232762,2.341655083,-0.394333974,5.021689677,1.849664904,0.306204578,0.268167085,-0.017997297,-0.002567858
16.16,2.052346177,-0.659441092,5.041553054,1.843845262,2.359964032,-0.382378665,5.021890833,1.841214293,0.307617855,0.277062427,-0.019662221,-0.002630969
16.2,2.074722009,-0.655488164,5.045223065,1.832318932,2.383665777,-0.366802623,5.022167328,1.830366698,0.308943769,0.288685541,-0.023055737,-0.001952233
16.23,2.09136743,-0.652617223,5.047317492,1.823859224,2.400910271,-0.355427305,5.022386055,1.822319054,0.30954284,0.297189918,-0.024931437,-0.00154017
16.26,2.107907514,-0.649816067,5.049466965,1.815691724,2.417660911,-0.344403039,5.022616571,1.813952395,0.309753397,0.305413028,-0.026850394,-0.001739329
16.3,2.129792328,-0.646241278,5.044115813,1.804836216,2.439394727,-0.330141945,5.022925818,1.802629913,0.309602399,0.316099333,-0.021189995,-0.002206303
16.33,2.146083457,-0.643680154,5.046611877,1.796569073,2.455278571,-0.319730426,5.023161124,1.794334248,0.309195114,0.323949728,-0.023450753,-0.002234824
16.36,2.16225234,-0.641207354,5.048680308,1.787949073,2.470792401,-0.309603522,5.023383595,1.78617119,0.308540061,0.331603832,-0.025296712,-0.001777883
16.4,2.18365063,-0.63803972,5.048799333,1.777149617,2.491042834,-0.296544945,5.023681278,1.775065749,0.307392204,0.341494775,-0.025118055,-0.002083868
16.43,2.199590209,-0.635760193,5.057191458,1.768806555,2.505925878,-0.287091742,5.023885049,1.76656986,0.306335669,0.348668451,-0.033306409,-0.002236695
16.46,2.215447414,-0.633585596,5.059496984,1.760661555,2.520507834,-0.277939302,5.024084023,1.758164663,0.30506042,0.355646294,-0.035412962,-0.002496892
16.5,2.308434027,-0.442683393,5.039544123,1.748910294,2.539554332,-0.266123377,5.024316363,1.747171933,0.231120305,0.176560016,-0.01522776,-0.001738361
16.53,2.324990332,-0.43832739,5.036637977,1.740474211,2.553551821,-0.257594429,5.024470723,1.738890286,0.228561489,0.180732961,-0.012167254,-0.001583925
16.56,2.341465194,-0.434046373,5.038215468,1.731711711,2.567269294,-0.249434639,5.024604145,1.730432431,0.2258041,0.184611734,-0.013611324,-0.00127928
16.6,2.36330186,-0.428490851,5.040099075,1.720610567,2.585171766,-0.239015986,5.024785763,1.71919723,0.221869906,0.189474864,-0.015313312,-0.001413337
16.63,2.379579661,-0.424437881,5.046153138,1.711791626,2.59829045,-0.231533231,5.024919199,1.710956419,0.218710789,0.19290465,-0.021233939,-0.000835206
16.66,2.395769499,-0.420452844,5.047985631,1.703366626,2.611080295,-0.224425907,5.025052845,1.702755381,0.215310796,0.196026938,-0.022932786,-0.000611244
16.7,2.417222528,-0.415245648,5.049633776,1.691600615,2.627663775,-0.215519625,5.025218389,1.691548317,0.210441247,0.199726023,-0.024415387,-5.2297e-05
16.73,2.433216028,-0.411415248,5.050154632,1.683378742,2.639723208,-0.209261125,5.025324647,1.683039507,0.20650718,0.202154123,-0.024829985,-0.000339235
16.76,2.449125422,-0.407650306,5.052091927,1.675038742,2.651376053,-0.203391645,5.025414774,1.674746405,0.202250631,0.204258662,-0.026677153,-0.000292337
16.8,2.464949615,-0.403944715,5.05885284,1.666153898,2.666351069,-0.196113209,5.025493442,1.663878282,0.201401455,0.207831506,-0.033359398,-0.002275616
16.83,2.485959642,-0.399097546,5.054686643,1.654458384,2.677153813,-0.191114509,5.025529965,1.655546392,0.191194171,0.207983037,-0.029156678,0.001088007
16.86,2.501626317,-0.395539947,5.056644029,1.645920884,2.687520546,-0.186586919,5.025521335,1.646993238,0.185894229,0.208953028,-0.031122694,0.001072353
16.9,2.522401972,-0.390901665,5.059140088,1.634868682,2.700748472,-0.18112569,5.025464983,1.635794467,0.1783465,0.209775975,-0.033675105,0.000925785
16.93,2.53792196,-0.387482296,5.055773488,1.627916278,2.710220293,-0.177454153,5.025377069,1.627642479,0.172298333,0.210028143,-0.030396419,-0.000273799
16.96,2.553389914,-0.384102474,5.057646653,1.619568778,2.719242992,-0.174254877,5.025255978,1.619398372,0.165853078,0.209847597,-0.032390675,-0.000170406
17.0,2.697182986,-0.297109291,5.044929516,1.609049456,2.730675,-0.170652919,5.025022777,1.608050278,0.033492014,0.126456372,-0.019906739,-0.000999178
17.03,2.714039746,-0.292839257,5.049423932,1.600371429,2.738796526,-0.168420419,5.024806762,1.599540982,0.02475678,0.124418838,-0.024617171,-0.000830447
17.06,2.730823577,-0.288626996,5.051001696,1.591653929,2.746460896,-0.166626568,5.024556219,1.5913271,0.015637319,0.122000428,-0.026445477,-0.00032683
17.1,2.753119111,-0.283049403,5.054022148,1.580791269,2.756055706,-0.164870891,5.024193608,1.580446619,0.002936595,0.118178512,-0.02982854,-0.000344651
17.13,2.76975771,-0.278897993,5.048441167,1.573576943,2.762763228,-0.164075831,5.023893343,1.572012854,-0.006994482,0.114822162,-0.024547824,-0.001564089
17.16,2.786343664,-0.274779339,5.049946468,1.565246943,2.768949556,-0.163792284,5.023548723,1.563419721,-0.017394108,0.110987055,-0.026397745,-0.001827221
17.2,2.80836546,-0.269363607,5.040068354,1.554454646,2.776473676,-0.164035975,5.023039388,1.55230947,-0.031891784,0.105327632,-0.017028965,-0.002145176
17.23,2.824796769,-0.265346855,5.052291522,1.545837172,2.781578489,-0.1646879,5.022612514,1.544205103,-0.04321828,0.100658954,-0.029679009,-0.001632069
17.26,2.841149612,-0.261359751,5.053888363,1.537407172,2.786172597,-0.165858403,5.022162747,1.535889178,-0.054977015,0.095501348,-0.031725616,-0.001517994
17.3,2.862845428,-0.256093244,5.053637796,1.526649807,2.791675293,-0.168119301,5.021516233,1.524498372,-0.071170135,0.087973943,-0.032121562,-0.002151435
17.33,2.879042265,-0.252183704,5.058307854,1.519604671,2.795373127,-0.170301039,5.021004649,1.516053874,-0.083669138,0.081882664,-0.037303204,-0.003550797
17.36,2.895179373,-0.248301956,5.06002743,1.511134671,2.798679263,-0.172947178,5.020445979,1.507821255,-0.09650011,0.075354778,-0.039581451,-0.003313417
17.4,2.91662374,-0.243149459,5.051317321,1.500536591,2.802594357,-0.177152415,5.019653471,1.496756898,-0.114029383,0.065997044,-0.03166385,-0.003779693
17.43,2.93266042,-0.239313777,5.045172504,1.492391383,2.805172477,-0.180840178,5.019005692,1.488258894,-0.127487942,0.058473599,-0.026166813,-0.004132489
17.46,2.94865093,-0.235520133,5.046391543,1.483821383,2.807401917,-0.185030237,5.018316217,1.479752346,-0.141249013,0.050489896,-0.028075326,-0.004069037
17.5,2.959467281,-0.159553269,5.04515831,1.47305776,2.809915834,-0.191236722,5.017350657,1.468651148,-0.149551447,-0.031683453,-0.027807653,-0.004406611
17.53,2.975210067,-0.154915517,5.042436399,1.46397685,2.811453362,-0.196376465,5.01659932,1.46038464,-0.163756704,-0.041460948,-0.025837079,-0.003592209
17.56,2.990893672,-0.150287586,5.043566356,1.45588185,2.81263425,-0.202043043,5.015822332,1.451947033,-0.178259421,-0.051755457,-0.027744024,-0.003934816
17.6,3.011740643,-0.144150692,5.047684799,1.444886858,2.813729983,-0.210277208,5.014739032,1.440590588,-0.19801066,-0.066126517,-0.032945766,-0.00429627
17.63,3.027344714,-0.139579609,5.0412983,1.435458306,2.814194066,-0.216921536,5.013905183,1.432205952,-0.213150648,-0.077341926,-0.027393117,-0.003252354
17.66,3.042921595,-0.135004369,5.042400988,1.426945806,2.814298575,-0.224033175,5.01303593,1.423947721,-0.228623019,-0.089028806,-0.029365058,-0.002998085
17.7,3.063643803,-0.128907317,5.031415565,1.415758327,2.813946158,-0.234197789,5.011842341,1.412777216,-0.249697644,-0.105290472,-0.019573224,-0.002981112
17.73,3.079131945,-0.124345296,5.033206556,1.40704152,2.813309211,-0.242337486,5.010907724,1.404244109,-0.265822733,-0.117992191,-0.022298832,-0.002797411
17.76,3.094596012,-0.119804921,5.034072902,1.39882402,2.81230052,-0.250948371,5.009961823,1.395785837,-0.282295492,-0.13114345,-0.024111079,-0.003038182
17.8,3.115158383,-0.113745164,5.024489284,1.386991153,2.810455501,-0.263029931,5.008680898,1.384728428,-0.304702882,-0.149284767,-0.015808386,-0.002262724
17.83,3.130547919,-0.109180867,5.02689283,1.37854369,2.808683269,-0.272573267,5.007716006,1.376409267,-0.32186465,-0.1633924,-0.019176824,-0.002134423
17.86,3.145920221,-0.104598725,5.027649092,1.37029869,2.806508952,-0.282622971,5.006732833,1.367898768,-0.339411269,-0.178024246,-0.020916259,-0.002399922
17.9,3.166378016,-0.098511038,5.035880743,1.359849214,2.803070303,-0.29664549,5.005415472,1.356550866,-0.363307713,-0.198134452,-0.030465271,-0.003298349
17.93,3.181695361,-0.093942279,5.042266544,1.351587427,2.800085794,-0.307592038,5.004419382,1.348221932,-0.381609567,-0.21364976,-0.037847162,-0.003365495
17.96,3.196991822,-0.089340724,5.043560918,1.343129927,2.796682533,-0.318982874,5.003408434,1.339953805,-0.400309289,-0.22964215,-0.040152484,-0.003176122
18.0,3.073407393,-0.170357982,5.044222004,1.333306661,2.791563121,-0.334807447,5.002023774,1.328684274,-0.281844272,-0.164449465,-0.04219823,-0.004622387
18.03,3.086843005,-0.166803145,5.041623052,1.324873862,2.787283169,-0.347134672,5.000939853,1.320117557,-0.299559836,-0.180331527,-0.040683199,-0.004756305
18.06,3.100262479,-0.163233483,5.042893376,1.316446362,2.782565829,-0.359867671,4.999816798,1.311704989,-0.317696651,-0.196634188,-0.043076578,-0.004741373
18.1,3.118116658,-0.158433324,5.042199795,1.304549719,2.7756936,-0.377375537,4.99825193,1.300641377,-0.342423058,-0.218942213,-0.043947865,-0.003908342
18.13,3.131483001,-0.154792125,5.042391304,1.296119843,2.770104169,-0.390933433,4.997041146,1.29224125,-0.361378832,-0.236141308,-0.045350158,-0.003878593
18.16,3.144829324,-0.151124284,5.043637183,1.287564843,2.764102054,-0.404919957,4.995777625,1.283713013,-0.38072727,-0.253795673,-0.047859558,-0.00385183
18.2,3.162561003,-0.146194196,5.040908864,1.276181564,2.755616227,-0.424080719,4.994050988,1.272437874,-0.406944776,-0.277886522,-0.046857876,-0.00374369
18.23,3.175801285,-0.142454975,5.040796501,1.268188325,2.748943571,-0.438814913,4.992722663,1.264102485,-0.426857714,-0.296359938,-0.048073838,-0.00408584
18.26,3.189004958,-0.13864735,5.041937722,1.259975825,2.742017261,-0.453945316,4.991378395,1.255755995,-0.446987696,-0.315297966,-0.050559326,-0.00421983
18.3,3.20657383,-0.133523416,5.026815614,1.249684611,2.73251391,-0.474684961,4.989555355,1.244589141,-0.474059921,-0.341161544,-0.037260259,-0.00509547
18.33,3.219727495,-0.129659878,5.03123571,1.241392742,2.725234493,-0.490641979,4.98817118,1.23623573,-0.494493001,-0.360982101,-0.04306453,-0.005157012
18.36,3.23287221,-0.12576374,5.032096261,1.233012742,2.717849442,-0.506962762,4.986787207,1.227883274,-0.515022768,-0.381199021,-0.045309054,-0.005129468
18.4,3.250389437,-0.120486241,5.025898333,1.221545954,2.707878515,-0.529221765,4.984960088,1.21672549,-0.542510922,-0.408735524,-0.040938245,-0.004820464
18.43,3.263525859,-0.116460855,5.032689362,1.214716132,2.700301196,-0.546312344,4.983604845,1.208368696,-0.563224664,-0.429851489,-0.049084518,-0.006347435
18.46,3.276660049,-0.11240185,5.033673336,1.206571132,2.692625446,-0.563778202,4.982253473,1.200020938,-0.584034603,-0.451376352,-0.051419863,-0.006550193
18.5,3.126574187,-0.178251106,5.032005804,1.19567662,2.682269213,-0.58749224,4.980481255,1.188866704,-0.444304974,-0.409241134,-0.051524549,-0.006809915
18.53,3.137595258,-0.175000957,5.029064995,1.187283473,2.674401954,-0.605578917,4.979161196,1.18048809,-0.463193304,-0.43057796,-0.049903799,-0.006795383
18.56,3.148608211,-0.17170604,5.03005644,1.179058473,2.666406164,-0.623985669,4.977865028,1.172102339,-0.482202047,-0.452279629,-0.052191412,-0.006956133
18.6,3.163267118,-0.167254271,5.019405584,1.166980685,2.655561366,-0.648937783,4.976145853,1.160911851,-0.507705751,-0.481683512,-0.043259731,-0.006068834
18.63,3.174238467,-0.163874713,5.011905059,1.15774319,2.647310508,-0.667909148,4.974883062,1.152520068,-0.526927959,-0.504034435,-0.037021997,-0.005223121
18.66,3.185192134,-0.160449497,5.012469717,1.14933569,2.638969097,-0.687100126,4.973648126,1.144131071,-0.546223038,-0.52665063,-0.038821591,-0.005204618
18.7,3.199759308,-0.155783931,5.008056895,1.137406805,2.627730258,-0.7130143,4.972072227,1.132951798,-0.572029049,-0.557230369,-0.035984669,-0.004455008
18.73,3.210664253,-0.152215593,5.00922918,1.128078278,2.619214093,-0.73271156,4.970938418,1.124592301,-0.59145016,-0.580495967,-0.038290762,-0.003485977
18.76,3.221560196,-0.148599061,5.009946994,1.119463278,2.610631549,-0.752631861,4.969860858,1.116242157,-0.610928647,-0.6040328,-0.040086136,-0.003221121
18.8,3.236070908,-0.143678597,5.023897473,1.10850188,2.599124899,-0.779419929,4.968508329,1.105078268,-0.636946009,-0.635741332,-0.055389144,-0.003423612
18.83,3.246957879,-0.139897106,5.014751868,1.099365926,2.590436721,-0.799681253,4.967556492,1.096696529,-0.656521158,-0.659784147,-0.047195375,-0.002669397
18.86,3.257852987,-0.136043783,5.015847637,1.091138426,2.58166233,-0.820133739,4.966658963,1.088322988,-0.676190658,-0.684089956,-0.049188674,-0.002815438
18.9,3.272383086,-0.130820741,5.016716481,1.080491157,2.569841661,-0.847617264,4.965497086,1.077148742,-0.702541425,-0.716796523,-0.051219395,-0.003342415
18.93,3.283274995,-0.12682949,5.01248101,1.071306042,2.560894965,-0.868334816,4.964672226,1.068765618,-0.72238003,-0.741505326,-0.047808785,-0.002540424
18.96,3.294158046,-0.122747825,5.013630993,1.063041042,2.551858578,-0.88913096,4.963886612,1.060399395,-0.742299468,-0.766383134,-0.049744381,-0.002641647
19.0,3.020229954,-0.377175851,4.997010848,1.051472455,2.539645101,-0.916991291,4.96291159,1.049224572,-0.480584854,-0.53981544,-0.034099258,-0.002247883
19.03,3.027499014,-0.376186076,4.989423697,1.042804907,2.53034562,-0.937979286,4.96221678,1.040803766,-0.497153393,-0.561793209,-0.027206916,-0.002001141
19.06,3.034767277,-0.375144942,4.990042852,1.034527407,2.520917689,-0.959003429,4.961577352,1.032396373,-0.513849588,-0.583858487,-0.0284655,-0.002131034
19.1,3.044450842,-0.373654215,5.001069094,1.023744794,2.508195183,-0.98702314,4.960804058,1.021249315,-0.536255659,-0.613368924,-0.040265036,-0.002495478
19.13,3.051696493,-0.372453941,4.998250178,1.016186655,2.498540221,-1.00803049,4.960300416,1.012899667,-0.553156272,-0.635576549,-0.037949762,-0.003286989
19.16,3.0589328,-0.371181242,4.999387643,1.007824155,2.48877757,-1.029038005,4.959908945,1.004503639,-0.570155229,-0.657856763,-0.039478698,-0.003320516
19.2,3.068603711,-0.369408906,4.994676587,0.996811853,2.475611379,-1.056970984,4.95949917,0.993267655,-0.592992332,-0.687562078,-0.035177417,-0.003544199
19.23,3.075887691,-0.368042601,4.987462593,0.988452075,2.465567338,-1.077764664,4.959253169,0.984883836,-0.610320352,-0.709722063,-0.028209424,-0.00356824
19.26,3.083204857,-0.366636721,4.988504276,0.979992075,2.455209404,-1.098286667,4.95906065,0.976556587,-0.627995454,-0.731649946,-0.029443626,-0.003435488
19.3,3.093027269,-0.364692838,4.987095037,0.968603365,2.440744102,-1.125141187,4.958846232,0.965082128,-0.652283167,-0.760448349,-0.028248805,-0.003521237
19.33,3.100425715,-0.363205791,4.982416076,0.959536837,2.429283931,-1.144787305,4.958685971,0.956105886,-0.671141783,-0.781581515,-0.023730106,-0.003430951
19.36,3.107821258,-0.361677079,4.983464597,0.950761837,2.417124863,-1.163797623,4.95849828,0.947304112,-0.690696395,-0.802120543,-0.024966317,-0.003457724
19.4,3.1177245,-0.35955404,4.980619206,0.939542751,2.399899166,-1.188177038,4.958151085,0.936100643,-0.717825334,-0.828622998,-0.02246812,-0.003442108
19.43,3.125167032,-0.357879353,4.982300194,0.930076504,2.38617088,-1.205702214,4.957812931,0.927568011,-0.738996152,-0.847822862,-0.024487263,-0.002508494
19.46,3.132619395,-0.356152842,4.983367171,0.921726504,2.371609428,-1.222432491,4.957371341,0.918504702,-0.761009967,-0.866279649,-0.02599583,-0.003221802
19.5,2.888531565,-0.636672055,4.989355705,0.9113898,2.351108761,-1.243594817,4.956644803,0.906532489,-0.537422805,-0.606922762,-0.032710902,-0.004857311
19.53,2.892801144,-0.638399285,4.988645551,0.902375676,2.334943697,-1.258564046,4.955987819,0.898112155,-0.557857447,-0.620164761,-0.032657733,-0.004263521
19.56,2.897084881,-0.640058411,4.989806139,0.894155676,2.3179975,-1.272620514,4.955219429,0.88971594,-0.579087381,-0.632562103,-0.03458671,-0.004439735
19.6,2.902799845,-0.642188352,4.97953887,0.882268175,2.294398496,-1.29015205,4.954034068,0.877711028,-0.608401349,-0.647963697,-0.025504803,-0.004557147
19.63,2.907073055,-0.643730432,4.97643107,0.873468662,2.276020193,-1.302376969,4.953036201,0.868586688,-0.631052862,-0.658646537,-0.023394869,-0.004881974
19.66,2.911337955,-0.645232977,4.977155345,0.865431162,2.257073862,-1.313662204,4.951980322,0.860179763,-0.654264094,-0.668429226,-0.025175023,-0.005251399
19.7,2.91707199,-0.647143267,4.970514581,0.853721071,2.23114436,-1.327499896,4.950554837,0.849431587,-0.685927629,-0.680356629,-0.019959744,-0.004289484
19.73,2.921402669,-0.648510533,4.955270429,0.846448006,2.2112152,-1.337008494,4.949499852,0.840908874,-0.71018747,-0.688497961,-0.005770576,-0.005539132
19.76,2.925752403,-0.649833911,4.955529538,0.838268006,2.19083797,-1.345637104,4.948448996,0.831925927,-0.734914433,-0.695803193,-0.007080542,-0.006342079
19.8,2.931576909,-0.651560899,4.936373587,0.826666012,2.163138037,-1.355882238,4.94707482,0.820484376,-0.768438871,-0.704321339,0.010701233,-0.006181636
19.83,2.935985986,-0.652826892,4.937490284,0.817593628,2.141982528,-1.362588819,4.946061099,0.812470732,-0.794003458,-0.709761926,0.008570815,-0.005122896
19.86,2.940443731,-0.654063481,4.93755582,0.808971128,2.120426936,-1.368321119,4.945089039,0.804186171,-0.820016794,-0.714257639,0.00753322,-0.004784957
19.9,2.946442552,-0.655711575,4.923121572,0.797198489,2.091159153,-1.374653985,4.943820594,0.792301281,-0.855283399,-0.71894241,0.020699022,-0.004897208
19.93,2.950981208,-0.656943052,4.921173734,0.788504322,2.068857248,-1.378375951,4.942893809,0.78345711,-0.88212396,-0.7214329,0.021720075,-0.005047212
19.96,2.95556649,-0.658169761,4.921121803,0.780279322,2.046254152,-1.381033124,4.941971512,0.775308475,-0.909312339,-0.722863363,0.020849709,-0.004970846
20.0,2.675740702,-0.881585877,4.920109881,0.768202004,2.015721375,-1.383178898,4.940757163,0.764470372,-0.660019327,-0.501593022,0.020647282,-0.003731632
20.03,2.676843756,-0.885567491,4.920668937,0.75941064,1.992530201,-1.383764895,4.939852934,0.755723006,-0.684313555,-0.498197404,0.019183997,-0.003687635
20.06,2.677977788,-0.889547901,4.920919705,0.75120814,1.969105036,-1.383318503,4.938936513,0.746737231,-0.708872752,-0.493770602,0.018016807,-0.004470909
20.1,2.679524945,-0.89487667,4.91438278,0.741013127,1.937681974,-1.381321238,4.937693189,0.735433849,-0.741842971,-0.486444568,0.023310409,-0.005579278
20.13,2.68074322,-0.898881512,4.914542919,0.733116451,1.914033727,-1.378798473,4.936739594,0.727366147,-0.766709493,-0.479916961,0.022196675,-0.005750304
20.16,2.681989731,-0.902873619,4.914854314,0.725018951,1.890353409,-1.375319268,4.935793084,0.719049556,-0.791636322,-0.472445648,0.02093877,-0.005969394
20.2,2.684140632,-0.909566092,4.920356346,0.711813748,1.858828497,-1.369470567,4.934546656,0.707623436,-0.825312135,-0.459904475,0.01419031,-0.004190313
20.23,2.685024486,-0.912259793,4.92471314,0.705481731,1.835293421,-1.364184651,4.9336412,0.699208716,-0.849731066,-0.451924859,0.00892806,-0.006273015
20.26,2.686389314,-0.916318624,4.925622861,0.697381731,1.811919872,-1.358012346,4.932751367,0.6910775,-0.874469441,-0.441693723,0.007128506,-0.006304231
20.3,2.688294958,-0.921774139,4.915453902,0.686316079,1.780978712,-1.348643029,4.931592904,0.68009396,-0.907316246,-0.42686889,0.016139002,-0.006222119
20.33,2.689773428,-0.925894158,4.921308406,0.677198246,1.757948706,-1.340781066,4.930730305,0.671556301,-0.931824722,-0.414886908,0.009421899,-0.005641945
20.36,2.69128676,-0.930065367,4.922336519,0.668660746,1.735140193,-1.332075237,4.929888134,0.663014459,-0.956146567,-0.40200987,0.007551615,-0.005646286
20.4,2.693376761,-0.935704606,4.927174748,0.656730036,1.705086682,-1.319335748,4.92880123,0.651993753,-0.988290078,-0.383631142,0.001626482,-0.004736283
20.43,2.694989467,-0.939981541,4.924082868,0.648091538,1.68282366,-1.308956826,4.92801326,0.643799199,-1.012165807,-0.368975285,0.003930392,-0.004292339
20.46,2.696638221,-0.944289811,4.925388852,0.639451538,1.660838399,-1.297792159,4.927246137,0.63534793,-1.035799822,-0.353502348,0.001857285,-0.004103608
20.5,2.417260737,-1.045316155,4.923039477,0.627118122,1.631944806,-1.281874506,4.926232545,0.6239442,-0.785315932,-0.236558351,0.003193068,-0.003173922
20.53,2.415428307,-1.05092417,4.919535075,0.618693316,1.610636716,-1.269160953,4.925485188,0.615582103,-0.804791591,-0.218236784,0.005950113,-0.003111213
20.56,2.413631007,-1.056577142,4.920834935,0.610528316,1.589712834,-1.255694379,4.92474786,0.607353436,-0.823918173,-0.199117238,0.003912925,-0.003174879
20.6,2.41128731,-1.064190806,4.914701215,0.599264645,1.562326856,-1.236789121,4.92380765,0.59611402,-0.848960454,-0.172598315,0.009106435,-0.003150624
20.63,2.409543067,-1.069946802,4.915434011,0.590671768,1.542205019,-1.221921236,4.923129222,0.587517584,-0.867338048,-0.151974434,0.007695211,-0.003154184
20.66,2.407813997,-1.075764279,4.916825856,0.582349268,1.522578321,-1.206375529,4.922498903,0.579084977,-0.885235675,-0.130611249,0.005673047,-0.00326429
20.7,2.405555074,-1.083605522,4.908178779,0.571344465,1.497120839,-1.184793039,4.921711392,0.568089476,-0.908434235,-0.101187517,0.013532612,-0.003254989
20.73,2.403917057,-1.089556841,4.89833186,0.562149509,1.47854661,-1.168013273,4.921181812,0.559764936,-0.925370448,-0.078456433,0.022849951,-0.002384573
20.76,2.402298068,-1.095576555,4.899452192,0.553942009,1.460483586,-1.150674759,4.920701166,0.551246175,-0.941814481,-0.055098204,0.021248974,-0.002695834
20.8,2.400166501,-1.103706737,4.898686474,0.542187512,1.437140436,-1.126795577,4.920144821,0.539941252,-0.963026065,-0.02308884,0.021458347,-0.002246261
20.83,2.398588198,-1.109864021,4.899136368,0.532758254,1.420216779,-1.108308064,4.919783317,0.531652477,-0.978371419,0.001555958,0.020646949,-0.001105777
20.86,2.397035125,-1.116075815,4.90059846,0.524403254,1.403852189,-1.089268296,4.919476306,0.523383462,-0.993182936,0.026807519,0.018877846,-0.001019792
20.9,2.395003374,-1.124471046,4.915966776,0.513153228,1.382734574,-1.063188668,4.919116199,0.512111696,-1.0122688,0.061282378,0.003149423,-0.001041531
20.93,2.393493015,-1.130872232,4.911264856,0.504520975,1.367442383,-1.043110207,4.918874617,0.503581121,-1.026050632,0.087762025,0.00760976,-0.000939853
20.96,2.391987025,-1.137360759,4.913252292,0.495798475,1.352739996,-1.022504665,4.91864869,0.495215935,-1.03924703,0.114856095,0.005396397,-0.00058254
21.0,2.097279464,-1.080619898,4.911964148,0.48486886,1.333908558,-0.994359764,4.918333583,0.484187322,-0.763370906,0.086260134,0.006369435,-0.000681537
21.03,2.092165086,-1.086426867,4.91285987,0.476139953,1.320327004,-0.972782153,4.918104291,0.475797296,-0.771838082,0.113644714,0.00524442,-0.000342658
21.06,2.087057415,-1.092308851,4.914903634,0.467697453,1.307284864,-0.950754624,4.917872382,0.467268991,-0.779772551,0.141554227,0.002968748,-0.000428462
21.1,2.080217707,-1.100277445,4.910368162,0.455964398,1.290688067,-0.920776979,4.917594308,0.456001658,-0.789529641,0.179500466,0.007226146,3.726e-05
21.13,2.075089227,-1.10635188,4.904278249,0.447504296,1.27886256,-0.897853033,4.917391634,0.447692248,-0.796226667,0.208498847,0.013113385,0.000187953
21.16,2.069979055,-1.112520214,4.906068841,0.439229296,1.267639331,-0.874537986,4.917209405,0.439367884,-0.802339724,0.237982228,0.011140564,0.000138588
21.2,2.063191132,-1.120877066,4.916834618,0.428791001,1.25345282,-0.842990819,4.916989954,0.428138351,-0.809738312,0.277886247,0.000155335,-0.00065265
21.23,2.058085052,-1.127241782,4.915282068,0.420269082,1.243419608,-0.818995438,4.916855083,0.419703403,-0.814665443,0.308246344,0.001573015,-0.000565679
21.26,2.052973479,-1.133687095,4.917478456,0.411981582,1.23402018,-0.794666058,4.916735568,0.411351559,-0.818953299,0.339021037,-0.000742888,-0.000630023
21.3,2.046156999,-1.142403027,4.92729472,0.400519954,1.222293701,-0.761805556,4.916571821,0.400252336,-0.823863298,0.380597471,-0.010722899,-0.000267617
21.33,2.041051238,-1.149034024,4.924356351,0.39229295,1.214061485,-0.736863694,4.916449085,0.391855352,-0.826989753,0.41217033,-0.007907266,-0.000437598
21.36,2.035927263,-1.155750227,4.92676248,0.38386295,1.206386336,-0.711629589,4.916315918,0.3834013,-0.829540927,0.444120638,-0.010446562,-0.00046165
21.4,2.029054781,-1.164856206,4.926000553,0.372980356,1.196933399,-0.677584055,4.916132212,0.372222353,-0.832121382,0.487272151,-0.009868341,-0.000758003
21.43,2.023897376,-1.171781175,4.921101351,0.364560223,1.190420717,-0.651758922,4.915977096,0.363914793,-0.833476658,0.520022253,-0.005124255,-0.00064543
21.46,2.018734638,-1.178788736,4.923330836,0.356322723,1.184437459,-0.62566939,4.915828327,0.355558224,-0.834297179,0.553119346,-0.007502509,-0.000764499
21.5,1.812753231,-0.956148809,4.912861132,0.345533753,1.177139376,-0.590553504,4.915632762,0.344311838,-0.635613855,0.365595305,0.00277163,-0.001221915
21.53,1.805027709,-0.960467744,4.915832335,0.337312307,1.172199722,-0.563968597,4.91550604,0.335901141,-0.632827987,0.396499147,-0.000326295,-0.001411166
21.56,1.797293735,-0.964869505,4.917896884,0.329134807,1.167804136,-0.537142598,4.91539294,0.327570208,-0.629489599,0.427726907,-0.002503944,-0.001564599
21.6,1.786961027,-0.970877228,4.911376198,0.317700429,1.162616611,-0.501087389,4.915287563,0.316435466,-0.624344415,0.469789839,0.003911365,-0.001264963
21.63,1.779182794,-0.975496342,4.917040605,0.309173792,1.159204306,-0.473852588,4.915235159,0.308006342,-0.619978488,0.501643754,-0.001805446,-0.00116745
21.66,1.771366435,-0.980202766,4.919181705,0.300498792,1.156291481,-0.446434668,4.915215765,0.299577345,-0.615074954,0.533768099,-0.00396594,-0.000921446
21.7,1.760905512,-0.986613996,4.917627094,0.28940329,1.153100026,-0.409647133,4.915218162,0.288434048,-0.607805487,0.576966862,-0.002408932,-0.000969242
21.73,1.755669983,-0.989870381,4.917975111,0.283004997,1.151194537,-0.381904658,4.915238053,0.28009793,-0.604475446,0.607965724,-0.002737058,-0.002907067
21.76,1.745159453,-0.996488284,4.920880806,0.271969997,1.149725131,-0.354035303,4.915279836,0.271701765,-0.595434322,0.64245298,-0.005600969,-0.000268233
21.8,1.734576618,-1.003271597,4.916728791,0.261073883,1.148349535,-0.316715401,4.915359409,0.260474489,-0.586227083,0.686556196,-0.001369383,-0.000599393
21.83,1.726584731,-1.008471516,4.916880232,0.252684484,1.147779941,-0.288603081,4.915442022,0.252104061,-0.57880479,0.719868435,-0.001438209,-0.000580423
21.86,1.718562915,-1.013768876,4.919025874,0.244506984,1.147654972,-0.260379007,4.915533875,0.243780439,-0.570907943,0.753389869,-0.003491999,-0.000726544
21.9,1.707829302,-1.02097095,4.916275112,0.233798817,1.148005395,-0.222625524,4.915695045,0.232629914,-0.559823907,0.798345426,-0.000580067,-0.001168903
21.93,1.699722474,-1.026498208,4.910388005,0.225373103,1.14863682,-0.194229768,4.915835012,0.224215835,-0.551085654,0.832268441,0.005447007,-0.001157267
21.96,1.691552307,-1.03213118,4.912340466,0.217125603,1.149663119,-0.165753955,4.91600909,0.215828909,-0.541889188,0.866377226,0.003668624,-0.001296694
22.0,1.546395927,-0.713512953,4.921823563,0.205575572,1.15155646,-0.127689504,4.916264134,0.204718397,-0.394839467,0.58582345,-0.005559428,-0.000857175
22.03,1.536443575,-0.715271536,4.925745874,0.197709529,1.153324008,-0.099084693,4.916489863,0.196378016,-0.383119567,0.616186842,-0.009256011,-0.001331513
22.06,1.5264511,-0.717159846,4.928201041,0.189084529,1.155395727,-0.070439317,4.916739766,0.187980811,-0.371055373,0.646720528,-0.011461275,-0.001103718
22.1,1.513031593,-0.719831271,4.927336089,0.177865615,1.158589482,-0.032195454,4.917109486,0.176782146,-0.354442111,0.687635816,-0.010226603,-0.001083469
22.13,1.502914029,-0.721950902,4.917837908,0.170795544,1.161328422,-0.003477649,4.917402516,0.168430871,-0.341585607,0.718473253,-0.000435392,-0.002364673
22.16,1.492766336,-0.724156976,4.919984955,0.162465544,1.164377783,0.025261416,4.917709549,0.160097549,-0.328388552,0.749418392,-0.002275406,-0.002367995
22.2,1.479154131,-0.727247665,4.922930061,0.150257431,1.168784822,0.063586687,4.918155508,0.148932974,-0.310369309,0.790834351,-0.004774553,-0.001324457
22.23,1.468863414,-0.729669954,4.926297516,0.14244081,1.172342201,0.092329662,4.918521632,0.14053388,-0.296521213,0.821999616,-0.007775884,-0.00190693
22.26,1.45851113,-0.73218528,4.928716823,0.13407331,1.176179832,0.12107056,4.918927078,0.132166495,-0.282331298,0.85325584,-0.009789745,-0.001906815
22.3,1.444613088,-0.735674675,4.930916409,0.123415695,1.181646455,0.15937932,4.919485421,0.12104885,-0.262966633,0.895053995,-0.011430988,-0.002366845
22.33,1.434134765,-0.738402279,4.926703785,0.114635901,1.185957297,0.188091208,4.919927925,0.112691368,-0.248177468,0.926493487,-0.006775861,-0.001944532
22.36,1.423613094,-0.741218001,4.929086811,0.106130901,1.190450282,0.216776077,4.920380354,0.104299084,-0.233162812,0.957994078,-0.008706457,-0.001831817
22.4,1.409488621,-0.745105611,4.932554163,0.095165676,1.196718856,0.254985621,4.921021124,0.093128061,-0.212769765,1.000091232,-0.011533039,-0.002037615
22.43,1.398827606,-0.748118578,4.939815312,0.085877793,1.201633898,0.283612466,4.921518751,0.084785083,-0.197193708,1.031731044,-0.018296561,-0.001092711
22.46,1.388118773,-0.751210531,4.942554051,0.077587793,1.206713408,0.312200918,4.922043865,0.076438846,-0.181405364,1.063411449,-0.020510185,-0.001148947
22.5,1.39275329,-0.368032859,4.940003133,0.066173359,1.213648133,0.350258734,4.922763517,0.065265177,-0.179105157,0.718291593,-0.017239616,-0.000908182
22.53,1.382140922,-0.366461131,4.944226432,0.058243437,1.218983208,0.378755528,4.923316479,0.056877351,-0.163157714,0.745216659,-0.020909953,-0.001366085
22.56,1.37147918,-0.3649813,4.947027799,0.049640937,1.224475792,0.407204621,4.923887267,0.048523092,-0.147003388,0.772185921,-0.023140532,-0.001117845
22.6,1.357198229,-0.363141558,4.958606014,0.038490123,1.231960396,0.445066763,4.924684101,0.037400835,-0.125237833,0.808208321,-0.033921913,-0.001089288
22.63,1.346436239,-0.361868701,4.962099463,0.030659317,1.237643076,0.473406023,4.925314621,0.029033251,-0.108793163,0.835274724,-0.036784842,-0.001626066
22.66,1.335599129,-0.360694552,4.965338424,0.022341817,1.243385664,0.501684798,4.925957536,0.020644566,-0.092213464,0.86237935,-0.039380888,-0.001697251
22.71,1.321072948,-0.359278536,4.960832554,0.011612962,1.253127437,0.548699972,4.927046763,0.00670291,-0.067945511,0.907978507,-0.033785791,-0.004910052
22.73,1.310130428,-0.35832472,4.957073438,0.002978787,1.257080053,0.567459858,4.927476944,0.001140817,-0.053050374,0.925784578,-0.029596494,-0.00183797
22.76,1.299152771,-0.357453547,4.959968907,-0.005321213,1.263022364,0.595547049,4.928136602,-0.007219015,-0.036130408,0.953000596,-0.031832305,-0.001897801
22.8,1.284427946,-0.356394879,4.967461768,-0.016138948,1.270946688,0.632908649,4.929029939,-0.01839986,-0.013481258,0.989303528,-0.038431829,-0.002260912
22.83,1.273288986,-0.355686016,4.959667584,-0.025196239,1.276916225,0.660863504,4.92973336,-0.026781041,0.003627239,1.01654952,-0.029934225,-0.001584802
22.86,1.262096673,-0.355044216,4.962525647,-0.033533739,1.282925722,0.68875178,4.930450688,-0.035134379,0.020829049,1.043795996,-0.032074959,-0.00160064
22.9,1.247109925,-0.354314424,4.969077602,-0.044431706,1.290927932,0.725849346,4.931424871,-0.046274628,0.043818007,1.08016377,-0.037652731,-0.001842921
22.93,1.235810001,-0.353854124,4.961899975,-0.052964561,1.296882837,0.753609249,4.932166584,-0.054658221,0.061072836,1.107463373,-0.029733391,-0.00169366
22.96,1.224450626,-0.353473617,4.96466264,-0.061377061,1.302805087,0.781305864,4.93292215,-0.063049752,0.07835446,1.134779482,-0.03174049,-0.001672691
23.0,1.289464208,0.108948111,4.965313573,-0.072101091,1.310695333,0.818149205,4.933941415,-0.07420339,0.021231125,0.709201094,-0.031372157,-0.002102299
23.03,1.278995173,0.114924651,4.973771229,-0.080750742,1.316584703,0.845719753,4.934715127,-0.082554526,0.03758953,0.730795102,-0.039056102,-0.001803784
23.06,1.268486675,0.12082033,4.976774638,-0.089360742,1.322392055,0.873233325,4.935508831,-0.090930398,0.053905379,0.752412995,-0.041265807,-0.001569656
23.1,1.254398987,0.128580864,4.969619555,-0.100972139,1.330021885,0.909842426,4.936577583,-0.102119434,0.075622898,0.781261562,-0.033041972,-0.001147295
23.13,1.243776744,0.134317247,4.960432962,-0.109880648,1.335686747,0.93723795,4.937390647,-0.110495507,0.091910004,0.802920703,-0.023042315,-0.000614858
23.16,1.233114055,0.139969007,4.962878132,-0.118210648,1.341287738,0.964568862,4.938204222,-0.118853264,0.108173682,0.824599855,-0.02467391,-0.000642616
23.2,1.218817616,0.147355864,4.967450924,-0.12918043,1.348601794,1.000927234,4.939322864,-0.130014529,0.129784178,0.853571371,-0.028128061,-0.000834099
23.23,1.208029141,0.152808565,4.964234386,-0.136682259,1.353954212,1.028135518,4.940183,-0.138404396,0.145925071,0.875326952,-0.024051386,-0.001722137
23.26,1.197171646,0.158186418,4.966740029,-0.145144759,1.359204138,1.055281439,4.941072241,-0.146789048,0.162032492,0.897095021,-0.025667788,-0.001644289
23.3,1.18259778,0.165227374,4.975668625,-0.157266459,1.366084895,1.091396012,4.942259116,-0.157942143,0.183487114,0.926168638,-0.033409509,-0.000675684
23.33,1.17160933,0.170426939,4.971393953,-0.166133044,1.371120838,1.118431441,4.943158692,-0.166306307,0.199511508,0.948004502,-0.028235261,-0.000173263
23.36,1.160561487,0.175566417,4.973976543,-0.174330544,1.375995669,1.145427498,4.944052332,-0.174697209,0.215434182,0.969861081,-0.029924212,-0.000366665
23.4,1.145752303,0.182314502,4.98684556,-0.185585724,1.38231064,1.181371539,4.945232769,-0.185892968,0.236558337,0.999057037,-0.041612791,-0.000307244
23.43,1.134586755,0.187289242,4.983817032,-0.194247075,1.386935796,1.208290604,4.946111642,-0.194264911,0.252349041,1.021001362,-0.03770539,-1.7836e-05
23.46,1.123392788,0.19219795,4.986605138,-0.202664575,1.391429966,1.235178739,4.946975836,-0.20262338,0.268037178,1.042980789,-0.039629302,4.1195e-05
23.5,1.201267368,0.651974005,4.973150493,-0.214484658,1.397189674,1.271005503,4.948104666,-0.213805087,0.195922305,0.619031497,-0.025045827,0.000679571
23.53,1.191118117,0.662409086,4.970438983,-0.222796445,1.401338507,1.297860417,4.948925716,-0.222214422,0.210220389,0.63545133,-0.021513267,0.000582024
23.56,1.180914639,0.672774067,4.972654218,-0.231003945,1.4053545,1.324696091,4.949752689,-0.230596568,0.224439861,0.651922024,-0.022901529,0.000407378
23.6,1.167267011,0.686467856,4.988631105,-0.242183316,1.410525498,1.360455108,4.95087176,-0.241737049,0.243258487,0.673987251,-0.037759345,0.000446267
23.63,1.15699541,0.696638621,4.983788813,-0.250340686,1.414221473,1.387266421,4.951743134,-0.25010867,0.257226063,0.6906278,-0.032045679,0.000232016
23.66,1.143240526,0.710084403,4.984625344,-0.261262847,1.417713444,1.414069918,4.952610776,-0.258512533,0.274472918,0.703985516,-0.032014568,0.002750314
23.7,1.13284663,0.720068667,4.987130091,-0.269655347,1.422146359,1.449778962,4.953753328,-0.269707558,0.289299729,0.729710294,-0.033376762,-5.2211e-05
23.73,1.122398078,0.729971943,4.997891789,-0.277138004,1.425323795,1.476533125,4.954589171,-0.278079759,0.302925716,0.746561182,-0.043302617,-0.000941755
23.76,1.111933053,0.739786839,5.000720195,-0.285608004,1.428320335,1.503272799,4.955420159,-0.286452068,0.316387282,0.763485961,-0.045300036,-0.000844065
23.8,1.097956592,0.752759128,4.990097725,-0.297043535,1.432032375,1.53892845,4.956513429,-0.297654088,0.334075783,0.786169322,-0.033584296,-0.000610553
23.83,1.087425673,0.762406599,4.972295462,-0.305297708,1.434627321,1.565672881,4.957314954,-0.306067852,0.347201648,0.803266282,-0.014980508,-0.000770143
23.86,1.076853175,0.771959938,4.97416721,-0.313717708,1.437074889,1.59241619,4.958107152,-0.314447908,0.360221714,0.820456252,-0.016060058,-0.0007302
23.9,1.062737183,0.784571905,4.974395189,-0.324609909,1.440120531,1.628090319,4.959169142,-0.325595918,0.377383348,0.843518414,-0.015226047,-0.000986009
23.93,1.052135314,0.793930408,4.976019867,-0.333172142,1.442204329,1.654876904,4.959994867,-0.333989732,0.390069015,0.860946496,-0.016025,-0.00081759
23.96,1.041501772,0.803216814,4.97795977,-0.341552142,1.444093952,1.681699467,4.960830749,-0.342417295,0.40259218,0.878482653,-0.017129021,-0.000865153
24.0,1.171192774,1.170138959,4.981429058,-0.349501573,1.44641794,1.717497728,4.961956675,-0.353611603,0.275225166,0.547358768,-0.019472383,-0.00411003
24.03,1.159251134,1.188350246,4.976250989,-0.360664812,1.44802208,1.744374994,4.962790805,-0.361964144,0.288770946,0.556024749,-0.013460184,-0.001299332
24.06,1.150264955,1.20192265,4.978133326,-0.369114812,1.449447508,1.77130157,4.963625998,-0.37034485,0.299182553,0.56937892,-0.014507329,-0.001230038
24.1,1.138260043,1.219913978,4.981047043,-0.380929893,1.451090489,1.807278662,4.964714228,-0.381581663,0.312830446,0.587364684,-0.016332815,-0.000651771
24.13,1.129215608,1.233335716,4.982455379,-0.388430277,1.452158284,1.834300887,4.96552725,-0.39000202,0.322942676,0.600965171,-0.01692813,-0.001571743
24.16,1.120135,1.246707099,4.984420618,-0.396905277,1.453082112,1.861341938,4.966327917,-0.398380275,0.332947112,0.614634838,-0.018092701,-0.001474998
24.2,1.107993346,1.264417536,4.972824354,-0.408195401,1.454075112,1.897425904,4.967388577,-0.409554339,0.346081765,0.633008368,-0.005435777,-0.001358938
24.23,1.098846394,1.277606413,4.973737334,-0.416298506,1.454613706,1.924518412,4.968169451,-0.417959813,0.355767312,0.646911999,-0.005567882,-0.001661307
24.26,1.089665836,1.290726491,4.975324926,-0.424818506,1.454969927,1.951633498,4.968946937,-0.426369532,0.365304091,0.660907007,-0.006377989,-0.001551026
24.3,1.077379069,1.308099211,4.983564785,-0.435915618,1.455253867,1.987806248,4.969996359,-0.437544998,0.377874798,0.679707037,-0.013568426,-0.00162938
24.33,1.068155314,1.32102383,4.979770526,-0.444629897,1.455315908,2.014963552,4.970784863,-0.445907838,0.387160594,0.693939722,-0.008985662,-0.001277941
24.36,1.058921698,1.333874013,4.981530024,-0.453224897,1.45519404,2.0421752,4.971570946,-0.454303275,0.396272342,0.708301187,-0.009959078,-0.001078379
24.4,1.046581007,1.350895971,4.981878883,-0.464245807,1.454804262,2.078534572,4.972586149,-0.465537445,0.408223255,0.727638601,-0.009292734,-0.001291639
24.43,1.037297027,1.363579834,4.990791259,-0.471966618,1.454382073,2.105850008,4.973338083,-0.47393796,0.417085046,0.742270174,-0.017453177,-0.001971343
24.46,1.028006379,1.376187134,4.992806943,-0.480236618,1.453843993,2.133213321,4.97407051,-0.482294875,0.425837614,0.757026187,-0.018736433,-0.002058257
24.5,1.217654114,1.722845743,4.994078565,-0.4913438,1.452929892,2.16979537,4.975040443,-0.49347085,0.235275778,0.446949627,-0.019038122,-0.002127051
24.53,1.210877766,1.739405826,4.99656053,-0.50042478,1.45209065,2.197315838,4.975737404,-0.501905209,0.241212885,0.457910012,-0.020823126,-0.001480429
24.56,1.204072009,1.75588628,4.998612636,-0.50890978,1.45113773,2.224907108,4.976417951,-0.510318162,0.247065721,0.469020828,-0.022194685,-0.001408382
24.6,1.194970256,1.777754233,5.002912868,-0.520164468,1.44974487,2.261772193,4.977296382,-0.521460592,0.254774613,0.48401796,-0.025616486,-0.001296124
24.63,1.188140526,1.794077907,4.988274779,-0.528847159,1.448575138,2.289482301,4.977942245,-0.529820036,0.260434612,0.495404395,-0.010332533,-0.000972877
24.66,1.181302983,1.810339898,4.989902545,-0.537037159,1.447236369,2.317249068,4.978568381,-0.538220188,0.265933387,0.506909169,-0.011334164,-0.001183028
24.7,1.172168298,1.831955144,4.996599412,-0.54877225,1.445243943,2.354296777,4.979387423,-0.549414385,0.273075645,0.522341633,-0.017211989,-0.000642135
24.73,1.165294419,1.848092185,4.989098075,-0.557311034,1.443621821,2.382069794,4.980010354,-0.557796566,0.278327402,0.533977609,-0.009087721,-0.000485531
24.76,1.158423949,1.864131424,4.990683056,-0.565936034,1.441860728,2.409833926,4.98064083,-0.566178627,0.283436779,0.545702502,-0.010042226,-0.000242593
24.8,1.149256557,1.88536873,4.996852797,-0.57736544,1.439283026,2.446880994,4.981489582,-0.577365453,0.290026469,0.561512263,-0.015363216,-1.3e-08
24.83,1.142370182,1.901220299,4.997076367,-0.585739877,1.437189131,2.474692885,4.982120482,-0.585769176,0.294818949,0.573472586,-0.014955885,-2.9299e-05
24.86,1.135460829,1.917001333,4.998912563,-0.594024877,1.434985129,2.502514742,4.98275918,-0.594163397,0.2995243,0.585513409,-0.016153383,-0.00013852
24.9,1.126230838,1.937926619,4.993972455,-0.60521812,1.431919286,2.539631132,4.983593175,-0.605322923,0.305688448,0.601704513,-0.01037928,-0.000104803
24.93,1.119310599,1.953527358,4.990575877,-0.612886428,1.429498334,2.56751327,4.984218946,-0.613702472,0.310187736,0.613985912,-0.006356932,-0.000816044
24.96,1.112388204,1.96907226,4.992117772,-0.621156428,1.426948031,2.595458161,4.984826125,-0.622122695,0.314559826,0.626385901,-0.007291647,-0.000966267
25.0,1.227195981,2.175102362,4.999421409,-0.631537236,1.423433514,2.632776081,4.985640394,-0.63334045,0.196237534,0.457673719,-0.013781014,-0.001803215
25.03,1.221781101,2.192860774,4.986628033,-0.640051472,1.420740427,2.660796813,4.986251497,-0.641707822,0.198959326,0.467936038,-0.000376536,-0.001656349
25.06,1.216365399,2.210539725,4.988001049,-0.648361472,1.417971612,2.688873475,4.986867429,-0.65007887,0.201606213,0.478333751,-0.001133621,-0.001717397
25.1,1.209140028,2.233968642,4.976241404,-0.659903042,1.414145746,2.726411856,4.987672403,-0.661311143,0.205005718,0.492443214,0.011430999,-0.001408101
25.13,1.203712781,2.251471626,4.978186501,-0.668058665,1.411190247,2.754622617,4.988271508,-0.669751081,0.207477466,0.503150991,0.010085008,-0.001692415
25.16,1.198287436,2.268910376,4.979275954,-0.676646165,1.408175151,2.782848921,4.988886461,-0.678153716,0.209887714,0.513938545,0.009610508,-0.001507551
25.2,1.191068274,2.292039978,4.9871543,-0.687638864,1.404047973,2.820497307,4.989736111,-0.689338948,0.212979699,0.528457329,0.00258181,-0.001700084
25.23,1.185660132,2.309305657,4.98086866,-0.695565105,1.400837002,2.848760105,4.990403434,-0.697738301,0.21517687,0.539454449,0.009534773,-0.002173195
25.26,1.180242913,2.32650183,4.982135113,-0.703897605,1.397512136,2.877044258,4.99107376,-0.706141656,0.217269222,0.550542427,0.008938647,-0.002244051
25.3,1.173024707,2.349352444,4.988431451,-0.715167209,1.392981888,2.91474546,4.99198305,-0.717331493,0.219957181,0.565393016,0.0035516,-0.002164283
25.33,1.167626827,2.366411004,4.992773432,-0.723874738,1.389523547,2.943010512,4.992669924,-0.725707715,0.22189672,0.576599508,-0.000103508,-0.001832977
25.36,1.162231283,2.383376558,4.994437027,-0.732589738,1.38597945,2.971297731,4.993376808,-0.734091509,0.223748166,0.587921173,-0.001060219,-0.001501772
25.4,1.155032299,2.40589018,4.995515816,-0.743615938,1.381133707,3.009064245,4.994308784,-0.745304245,0.226101408,0.603174065,-0.001207032,-0.001688307
25.43,1.149633594,2.422704417,4.996050526,-0.752235853,1.377442386,3.037405853,4.995005831,-0.753714191,0.227808792,0.614701436,-0.001044695,-0.001478338
25.46,1.144234679,2.439430872,4.997768971,-0.760588353,1.373724982,3.065745428,4.99569189,-0.762090717,0.229490303,0.626314556,-0.002077081,-0.001502364
25.5,1.180796574,2.740217162,4.998267171,-0.770698765,1.368710659,3.103562825,4.996606849,-0.773254927,0.187914085,0.363345663,-0.001660323,-0.002556162
25.53,1.175992372,2.760267036,5.001534015,-0.778809884,1.364888974,3.131974021,4.997284747,-0.781663656,0.188896602,0.371706985,-0.004249267,-0.002853772
25.56,1.17118967,2.780265014,5.003353883,-0.787204884,1.361029043,3.160420288,4.99795068,-0.790084749,0.189839373,0.380155274,-0.005403204,-0.002879865
25.6,1.164773217,2.806829668,5.004017014,-0.799543196,1.355877893,3.198354848,4.998832691,-0.801263461,0.191104676,0.39152518,-0.005184322,-0.001720265
25.63,1.159986279,2.826665999,5.011808732,-0.807030589,1.352002968,3.226814437,4.999484767,-0.809625117,0.192016689,0.400148437,-0.012323964,-0.002594528
25.66,1.155229634,2.846425009,5.013872309,-0.815255589,1.348080492,3.255308552,5.000134986,-0.818016775,0.192850859,0.408883543,-0.013737323,-0.002761186
25.7,1.148918083,2.872694193,5.018197017,-0.826740468,1.342785232,3.293330971,5.000970967,-0.82922968,0.193867149,0.420636778,-0.01722605,-0.002489212
25.73,1.14419154,2.892336072,5.020858557,-0.834761169,1.338790771,3.321833357,5.001584543,-0.837623139,0.194599231,0.429497285,-0.019274014,-0.00286197
25.76,1.139472451,2.911912075,5.023059572,-0.843033669,1.3347808,3.350306823,5.002166057,-0.845998629,0.195308349,0.438394747,-0.020893515,-0.002964959
25.8,1.133220361,2.937895607,5.034355107,-0.854160843,1.32937527,3.38827415,5.002915682,-0.857178022,0.196154909,0.450378543,-0.031439424,-0.00301718
25.83,1.128552928,2.957298453,5.051361544,-0.862775002,1.325267561,3.416764573,5.003437035,-0.865582143,0.196714633,0.45946612,-0.047924509,-0.002807141
25.86,1.123892317,2.976644246,5.054295767,-0.870915002,1.321135913,3.445240853,5.003920758,-0.873984033,0.197243597,0.468596607,-0.050375009,-0.003069031
25.9,1.117688145,3.00235417,5.054327518,-0.882073047,1.315627566,3.483160893,5.00449002,-0.885156774,0.197939421,0.480806723,-0.049837498,-0.003083727
25.93,1.113055621,3.021548576,5.042048588,-0.891444595,1.311483311,3.511586725,5.004854436,-0.893530514,0.198427691,0.490038148,-0.037194152,-0.002085919
25.96,1.108421716,3.040661758,5.044364989,-0.899934595,1.307306271,3.540030462,5.005143652,-0.901931852,0.198884555,0.499368704,-0.039221337,-0.001997257
26.0,1.144899338,3.30687236,5.03195183,-0.911235443,1.30172177,3.577955806,5.005424517,-0.913147431,0.156822433,0.271083446,-0.026527312,-0.001911988
26.03,1.140820777,3.328852048,5.029722838,-0.918958153,1.29755193,3.606369481,5.005575373,-0.921536391,0.156731153,0.277517433,-0.024147466,-0.002578237
26.06,1.136773128,3.350756257,5.03139944,-0.927270653,1.293399959,3.634757282,5.00568556,-0.92992471,0.156626831,0.284001024,-0.02571388,-0.002654057
26.1,1.131417969,3.379833988,5.03157865,-0.93973052,1.287847629,3.672598729,5.00580929,-0.941139516,0.15642966,0.29276474,-0.02576936,-0.001408995
26.13,1.127413434,3.401584222,5.028948456,-0.948125806,1.283658537,3.700939654,5.00587611,-0.949536986,0.156245103,0.299355432,-0.023072346,-0.00141118
26.16,1.123433158,3.423286612,5.03048122,-0.956500806,1.279440876,3.729156257,5.005940958,-0.957922076,0.156007718,0.305869646,-0.024540262,-0.00142127
26.2,1.11689046,3.459309422,5.03110163,-0.970587382,1.273728511,3.766547318,5.006019342,-0.969157284,0.156838051,0.307237897,-0.025082288,0.001430098
26.23,1.11430375,3.473674783,5.036312997,-0.976424283,1.269320828,3.794415769,5.00609595,-0.977539454,0.155017078,0.320740986,-0.030217047,-0.001115171
26.26,1.110443455,3.495183853,5.038076458,-0.984651783,1.264750887,3.822088944,5.006169107,-0.985771884,0.154307432,0.326905091,-0.031907351,-0.001120101
26.3,1.10532614,3.523773229,5.04099567,-0.995010668,1.258452076,3.858634913,5.006284752,-0.996779225,0.153125936,0.334861684,-0.034710918,-0.001768557
26.33,1.101529416,3.545140556,5.034850446,-1.003191141,1.253579622,3.885738604,5.006373791,-1.005196124,0.152050206,0.340598048,-0.028476655,-0.002004984
26.36,1.097770026,3.566423492,5.036526891,-1.011746141,1.248535058,3.912547159,5.006476272,-1.013618213,0.150765031,0.346123667,-0.030050619,-0.001872073
26.4,1.092795559,3.594693631,5.024330365,-1.022291188,1.241555956,3.947918655,5.006613422,-1.02460181,0.148760397,0.353225024,-0.017716944,-0.002310622
26.43,1.089079575,3.615846343,5.027259702,-1.030391406,1.236149812,3.97413254,5.006719823,-1.032783325,0.147070237,0.358286196,-0.020539878,-0.002391919
26.46,1.085396371,3.636955725,5.028715331,-1.039083906,1.230602805,3.999976964,5.006845946,-1.041147205,0.145206433,0.36302124,-0.021869385,-0.0020633
26.5,1.181870424,3.762428565,5.012089472,-1.051203336,1.223016216,4.033948943,5.007052363,-1.052404582,0.041145792,0.271520378,-0.005037109,-0.001201246
26.53,1.17954853,3.784630042,5.028398692,-1.058982291,1.217169369,4.059091063,5.007243575,-1.060700361,0.03762084,0.274461021,-0.021155117,-0.001718071
26.56,1.177267716,3.806785222,5.029994836,-1.067169791,1.211179317,4.083883674,5.007458237,-1.068853569,0.033911601,0.277098453,-0.022536599,-0.001683779
26.6,1.17428217,3.836271229,5.036135023,-1.076783045,1.2030445,4.116391516,5.007809749,-1.079881201,0.02876233,0.280120288,-0.028325274,-0.003098157
26.63,1.172082137,3.858346918,5.034145704,-1.084672224,1.196832551,4.14033266,5.00809527,-1.088318069,0.024750413,0.281985742,-0.026050434,-0.003645845
26.66,1.169933854,3.880371933,5.036015168,-1.093179724,1.190470695,4.163843092,5.008420617,-1.096633287,0.020536841,0.283471159,-0.027594551,-0.003453563
26.7,1.167156372,3.909671385,5.040226993,-1.104430005,1.181722066,4.194560948,5.008881971,-1.107231507,0.014565695,0.284889562,-0.031345022,-0.002801502
26.73,1.165152538,3.931633619,5.034831084,-1.111635377,1.174910954,4.217010208,5.009258694,-1.115118565,0.009758416,0.285376589,-0.025572391,-0.003483188
26.76,1.163235639,3.9535854,5.036801926,-1.119975377,1.167755371,4.238739139,5.009635889,-1.12347368,0.004519732,0.28515374,-0.027166037,-0.003498303
26.8,1.160791476,3.982781543,5.039841592,-1.130226847,1.15756931,4.266687417,5.010129129,-1.134608548,-0.003222166,0.283905874,-0.029712462,-0.004381701
26.83,1.159023712,4.004637757,5.046164061,-1.138236464,1.149342314,4.286855819,5.010467735,-1.142208114,-0.009681398,0.282218062,-0.035696327,-0.00397165
26.86,1.157309247,4.02649194,5.048478751,-1.146726464,1.14047112,4.306140471,5.010752249,-1.14949803,-0.016838128,0.279648531,-0.037726502,-0.002771566
26.9,1.155096929,4.055610297,5.03921144,-1.156696072,1.127766551,4.330544371,5.011033307,-1.160291404,-0.027330378,0.274934074,-0.028178133,-0.003595332
26.93,1.153491361,4.077394998,5.045466733,-1.164419536,1.117564663,4.347855504,5.011148674,-1.168916606,-0.035926698,0.270460506,-0.034318059,-0.00449707
26.96,1.151938092,4.099148892,5.047635121,-1.172324536,1.106669574,4.364210446,5.011190723,-1.176833395,-0.045268518,0.265061554,-0.036444398,-0.00450886
27.0,1.132992539,4.239626301,5.038563298,-1.182725465,1.091255346,4.384714404,5.011139079,-1.186667656,-0.041737193,0.145088103,-0.027424219,-0.00394219
27.03,1.131341625,4.262785347,5.029654121,-1.19013531,1.079079487,4.399050613,5.011035196,-1.194585283,-0.052262139,0.136265266,-0.018618926,-0.004449972
27.06,1.129746815,4.285919272,5.031241429,-1.19859281,1.066335998,4.412325761,5.010848005,-1.203254395,-0.063410817,0.12640649,-0.020393424,-0.004661585
27.1,1.127701045,4.316728865,5.023515338,-1.208570047,1.048618635,4.428680501,5.010545549,-1.214334105,-0.07908241,0.111951636,-0.012969789,-0.005764058
27.13,1.126211675,4.339845934,5.015408144,-1.216007644,1.03482679,4.439960058,5.01027785,-1.221970965,-0.091384885,0.100114123,-0.005130294,-0.005963321
27.16,1.124762274,4.362972472,5.016595976,-1.224415144,1.020611513,4.450200379,5.009997436,-1.229809591,-0.10415076,0.087227907,-0.00659854,-0.005394447
27.2,1.12294447,4.393824139,5.014505221,-1.234291176,1.001192232,4.462422957,5.009592353,-1.241137999,-0.121752238,0.068598818,-0.004912868,-0.006846824
27.23,1.121668154,4.416948569,4.996318491,-1.24308777,0.986309543,4.470551098,5.009294201,-1.249687572,-0.135358611,0.053602529,0.012975711,-0.006599802
27.26,1.120475281,4.440063956,4.997103466,-1.25138527,0.971136895,4.477686328,5.009002401,-1.257691724,-0.149338385,0.037622372,0.011898934,-0.006306454
27.3,1.118981272,4.470917948,4.99768956,-1.26255162,0.950588741,4.485820346,5.008617051,-1.26826733,-0.168392531,0.014902397,0.010927491,-0.00571571
27.33,1.117937887,4.494092856,5.001252519,-1.270606916,0.934986977,4.490827601,5.008344311,-1.276667696,-0.182950911,-0.003265255,0.007091792,-0.00606078
27.36,1.116963131,4.517277612,5.002411809,-1.278964416,0.919226916,4.494753906,5.008073272,-1.285305941,-0.197736215,-0.022523706,0.005661462,-0.006341525
27.4,1.115785473,4.548208407,5.024307652,-1.290235627,0.898028196,4.498626084,5.007717097,-1.296376933,-0.217757277,-0.049582323,-0.016590554,-0.006141305
27.43,1.114987108,4.571456238,5.013584073,-1.297824326,0.882024864,4.500506249,5.007428924,-1.304432882,-0.232962244,-0.070949989,-0.006155149,-0.006608556
27.46,1.114272182,4.594749876,5.015237317,-1.306204326,0.86597415,4.501298623,5.007116405,-1.312748598,-0.248298032,-0.093451253,-0.008120912,-0.006544271
27.5,1.115738068,4.625821977,5.032208094,-1.316798095,0.844565253,4.500898837,5.006609568,-1.324174259,-0.271172815,-0.12492314,-0.025598526,-0.007376163
27.53,1.115263458,4.649211159,5.033046069,-1.32585896,0.828520296,4.499558403,5.006195185,-1.332640327,-0.286743162,-0.149652756,-0.026850884,-0.006781367
27.56,1.11486368,4.672653461,5.035246841,-1.33408146,0.812514611,4.497211522,5.005730419,-1.340897881,-0.302349069,-0.175441939,-0.029516422,-0.006816421
27.6,1.114451536,4.704024045,5.022804565,-1.344659703,0.791286559,4.492668283,5.005053461,-1.352011941,-0.323164977,-0.211355762,-0.017751104,-0.007352237
27.63,1.114233847,4.727628757,5.010061145,-1.352777899,0.775482706,4.488169128,5.004478217,-1.360522541,-0.338751141,-0.239459629,-0.005582928,-0.007744642
27.66,1.114108214,4.751279069,5.011496142,-1.361020399,0.759812118,4.48262104,5.003864847,-1.36902393,-0.354296096,-0.268658029,-0.007631295,-0.008003531
27.7,1.114085184,4.782908605,5.012100872,-1.372197543,0.739111418,4.473892773,5.00303279,-1.380221548,-0.374973766,-0.309015832,-0.009068082,-0.008024005
27.73,1.114158406,4.80672691,5.000551486,-1.380149101,0.723753744,4.466322179,5.00241053,-1.38861121,-0.390404662,-0.340404731,0.001859044,-0.008462109
27.76,1.114300222,4.830629874,5.00181989,-1.388514101,0.708593136,4.457673782,5.001774201,-1.397066832,-0.405707086,-0.372956091,-4.5688e-05,-0.008552732
27.8,1.114610057,4.862588831,5.000986895,-1.39890744,0.688655499,4.444746847,5.000864273,-1.408346478,-0.425954558,-0.417841984,-0.000122622,-0.009439039
27.83,1.114946401,4.886611177,5.000754756,-1.405451404,0.67390911,4.43406446,5.000162904,-1.416782532,-0.441037291,-0.452546717,-0.000591852,-0.011331128
27.86,1.115367507,4.910731412,5.002085613,-1.413676404,0.659375114,4.422404212,4.999425441,-1.425225184,-0.455992393,-0.4883272,-0.002660172,-0.01154878
27.9,1.116053103,4.943051508,4.998935822,-1.424390818,0.640296089,4.405475877,4.998397939,-1.436485152,-0.475757014,-0.537575631,-0.000537884,-0.012094334
27.93,1.116658254,4.967384125,4.999154131,-1.432461832,0.626212548,4.391742533,4.997561654,-1.444909172,-0.490445706,-0.575641592,-0.001592477,-0.01244734
27.96,1.117354523,4.99179772,5.000468493,-1.440891832,0.612345439,4.377039944,4.996686421,-1.453334133,-0.505009084,-0.614757776,-0.003782073,-0.012442301
28.0,0.920901867,4.849844737,5.013390754,-1.451364296,0.594136048,4.356194463,4.995452983,-1.464611511,-0.32676582,-0.493650275,-0.017937772,-0.013247215
28.03,0.919304901,4.872343785,5.017188702,-1.45933154,0.580691337,4.339588247,4.994491762,-1.473069741,-0.338613565,-0.532755538,-0.02269694,-0.0137382
28.06,0.917789462,4.894971326,5.019058845,-1.46773654,0.567457396,4.321981636,4.993457752,-1.48147324,-0.350332067,-0.57298969,-0.025601093,-0.013736699
28.1,0.915887169,4.925290713,5.023905924,-1.478018169,0.550085243,4.297255148,4.991974615,-1.492660835,-0.365801926,-0.628035565,-0.03193131,-0.014642666
28.13,0.914546717,4.948146559,5.026958993,-1.486077773,0.537264377,4.277833274,4.990784035,-1.50111263,-0.377282339,-0.670313285,-0.036174958,-0.015034857
28.16,0.913270124,4.971137886,5.02895937,-1.494460273,0.524670601,4.257521318,4.989526049,-1.509597598,-0.388599524,-0.713616569,-0.039433321,-0.015137325
28.2,0.911661093,5.001989897,5.03004382,-1.504990802,0.508203736,4.229193957,4.987764559,-1.520765037,-0.403457357,-0.77279594,-0.042279261,-0.015774235
28.23,0.910550178,5.025254793,5.019554262,-1.513083954,0.496094716,4.207046147,4.986364852,-1.52905639,-0.414455462,-0.818208646,-0.03318941,-0.015972436
28.26,0.90952654,5.048619789,5.021172104,-1.521256454,0.484209177,4.184076039,4.984917619,-1.537442418,-0.425317364,-0.86454375,-0.036254485,-0.016185964
28.3,0.908278566,5.08000083,5.015279505,-1.53307541,0.468627133,4.152370165,4.98292468,-1.548727467,-0.439651432,-0.927630666,-0.032354825,-0.015652057
28.33,0.907438169,5.103715884,5.017955274,-1.540205332,0.457117978,4.127736106,4.981408372,-1.557137253,-0.450320191,-0.975979778,-0.036546902,-0.016931921
28.36,0.906691994,5.127566248,5.019499932,-1.548745332,0.445758623,4.102252448,4.979838336,-1.565480187,-0.460933371,-1.0253138,-0.039661596,-0.016734854
28.4,0.905834568,5.159556349,5.020937599,-1.55980481,0.430778933,4.067250513,4.977711066,-1.576655045,-0.475055635,-1.092305836,-0.043226533,-0.016850235
28.43,0.905277027,5.183719067,5.02979991,-1.567803515,0.419649964,4.040276787,4.976081694,-1.585092938,-0.485627064,-1.143442281,-0.053718217,-0.017289424
28.46,0.90478153,5.208043285,5.031661564,-1.576388515,0.408607281,4.012547806,4.974436268,-1.593518118,-0.496174249,-1.195495479,-0.057225296,-0.017129604
28.5,0.684714325,4.897155159,5.007994064,-1.58784731,0.393973998,3.974548899,4.972177212,-1.604695248,-0.290740328,-0.922606259,-0.035816852,-0.016847938
28.53,0.681646617,4.917476911,5.006222911,-1.596000904,0.383053307,3.94533985,4.970434504,-1.613073409,-0.29859331,-0.972137061,-0.035788407,-0.017072505
28.56,0.678654753,4.937946621,5.007316706,-1.604743404,0.372173322,3.915499212,4.968673474,-1.621478004,-0.306481431,-1.022447408,-0.038643232,-0.0167346
28.6,0.674797741,4.965496472,5.000361836,-1.615841107,0.357705643,3.874852519,4.966350724,-1.632692655,-0.317092098,-1.090643954,-0.034011112,-0.016851548
28.63,0.671994661,4.986351356,5.004170689,-1.624133539,0.346880012,3.843689102,4.964632686,-1.641077955,-0.325114648,-1.142662254,-0.039538003,-0.016944416
28.66,0.669270037,5.00734835,5.005306562,-1.632676039,0.336085462,3.811888596,4.962912526,-1.649433704,-0.333184575,-1.195459754,-0.042394035,-0.016757665
28.7,0.665754186,5.035570218,4.999112033,-1.643548966,0.321746084,3.768757875,4.960638673,-1.660605469,-0.344008102,-1.266812343,-0.038473359,-0.017056503
28.73,0.663197692,5.05692247,4.995666678,-1.651006462,0.311028482,3.735883329,4.958939392,-1.669014733,-0.35216921,-1.321039141,-0.036727285,-0.018008271
28.76,0.660732761,5.078446004,4.996644266,-1.659243962,0.300330368,3.702440836,4.957267873,-1.677396544,-0.360402393,-1.376005168,-0.039376393,-0.018152582
28.8,0.657582665,5.107402025,4.992782717,-1.670237275,0.28606769,3.657117223,4.955034533,-1.688541602,-0.371514974,-1.450284803,-0.037748184,-0.018304327
28.83,0.655311606,5.129297855,4.995214982,-1.679218299,0.27536178,3.622652415,4.95338685,-1.696914319,-0.379949825,-1.50664544,-0.041828132,-0.017696019
28.86,0.653105627,5.151366219,4.996286263,-1.687523299,0.264633362,3.587776337,4.951762258,-1.705293751,-0.388472266,-1.563589882,-0.044524005,-0.017770452
28.9,0.650270228,5.181098642,4.998552493,-1.698903619,0.25026875,3.540685278,4.949654495,-1.716462607,-0.400001479,-1.640413363,-0.048897998,-0.017558989
28.93,0.648247982,5.20360032,5.00575235,-1.70683895,0.23943414,3.504911531,4.948090444,-1.724854295,-0.408813842,-1.698688788,-0.057661906,-0.018015345
28.96,0.64630657,5.226266653,5.00725017,-1.71554645,0.228534101,3.468752949,4.946547344,-1.733252534,-0.417772468,-1.757513705,-0.060702826,-0.017706084
29.0,0.529757954,4.662182218,4.986287278,-1.726257988,0.213912736,3.420134731,4.944527071,-1.744414737,-0.315845218,-1.242047487,-0.041760208,-0.018156749
29.03,0.526575761,4.677790446,4.991187684,-1.734527283,0.202869489,3.383361009,4.943042694,-1.75276929,-0.323706272,-1.294429437,-0.048144989,-0.018242007
29.06,0.523487512,4.693581128,4.992369806,-1.743227283,0.191731819,3.346240933,4.941605534,-1.761154747,-0.331755693,-1.347340194,-0.050764272,-0.017927464
29.1,0.519514663,4.714918893,4.986222135,-1.754493301,0.176747284,3.296349657,4.939757499,-1.772371894,-0.342767379,-1.418569236,-0.046464636,-0.017878593
29.13,0.5166249,4.731113842,4.976776666,-1.763237259,0.165402299,3.258715226,4.938446254,-1.78074564,-0.351222601,-1.472398616,-0.038330412,-0.017508381
29.16,0.513819889,4.747491282,4.977667902,-1.771522259,0.153924512,3.22089704,4.937199377,-1.789060499,-0.359895377,-1.526594242,-0.040468525,-0.01753824
29.2,0.510217745,4.769627929,4.98559776,-1.782043303,0.138393638,3.170180234,4.935642431,-1.800245902,-0.371824107,-1.599447695,-0.049955328,-0.018202599
29.23,0.507612128,4.78644508,4.97593297,-1.790745532,0.126563453,3.131936708,4.934528423,-1.808752677,-0.381048674,-1.654508371,-0.041404547,-0.018007145
29.26,0.505075624,4.803431778,4.977037442,-1.799270532,0.114567036,3.093574643,4.933482929,-1.817206025,-0.390508588,-1.709857136,-0.043554512,-0.017935493
29.3,0.501802466,4.826360981,4.985997483,-1.809890212,0.098374107,3.042333457,4.932152391,-1.828317642,-0.403428359,-1.784027524,-0.053845092,-0.018427431
29.33,0.499431945,4.843795556,4.985338152,-1.818258341,0.086080846,3.003803121,4.931231049,-1.836658695,-0.413351099,-1.839992436,-0.054107103,-0.018400355
29.36,0.49714195,4.861426645,4.986923839,-1.826658341,0.073642314,2.965151079,4.930356986,-1.845095421,-0.423499635,-1.896275565,-0.056566853,-0.01843708
29.4,0.494214213,4.885191601,4.989682839,-1.837864531,0.056897738,2.91354362,4.929253017,-1.856331085,-0.437316475,-1.971647981,-0.060429822,-0.018466554
29.43,0.492104124,4.90321936,4.986275794,-1.846765033,0.044241609,2.874849183,4.928477499,-1.864666442,-0.447862514,-2.028370176,-0.057798294,-0.017901409
29.46,0.490073681,4.921444135,4.987981897,-1.855447533,0.031488342,2.836157926,4.927770502,-1.872975302,-0.458585339,-2.085286209,-0.060211395,-0.017527769
29.5,0.336923226,4.217454975,4.971356196,-1.863504002,0.014341508,2.784523349,4.926924498,-1.884154535,-0.322581718,-1.432931626,-0.044431698,-0.020650533
29.53,0.331912317,4.230173274,4.968963253,-1.874872275,0.001386202,2.745795968,4.926347196,-1.892584882,-0.330526115,-1.484377305,-0.042616057,-0.017712607
29.56,0.328251523,4.239908509,4.970358866,-1.883477275,-0.011636531,2.707151398,4.925864365,-1.900953545,-0.339888054,-1.532757112,-0.044494501,-0.017476271
29.6,0.323512257,4.253211661,4.964487595,-1.895025189,-0.029091859,2.655756192,4.925358854,-1.91202601,-0.352604116,-1.597455469,-0.039128741,-0.01700082
29.63,0.320062949,4.263434815,4.961758018,-1.903378688,-0.04228199,2.617270217,4.925107359,-1.920380658,-0.362344939,-1.646164597,-0.03665066,-0.017001971
29.66,0.316699993,4.273840053,4.963240319,-1.911626188,-0.055595101,2.578854511,4.924938135,-1.928851651,-0.372295094,-1.694985542,-0.038302184,-0.017225463
29.7,0.312339549,4.28797414,4.958147046,-1.923562269,-0.073499863,2.527846044,4.924836927,-1.940097176,-0.385839412,-1.760128096,-0.03331012,-0.016534907
29.73,0.309189596,4.29879331,4.961680204,-1.931721158,-0.08703559,2.489794158,4.92484349,-1.948391936,-0.396225187,-1.808999152,-0.036836714,-0.016670778
29.76,0.306157649,4.309822638,4.963380907,-1.940383658,-0.100688115,2.451911619,4.924956207,-1.956709079,-0.406845764,-1.857911019,-0.0384247,-0.016325421
29.8,0.302274798,4.324835965,4.961782575,-1.952593059,-0.119041761,2.401589286,4.925208475,-1.967973101,-0.421316559,-1.923246679,-0.0365741,-0.015380042
29.83,0.299472228,4.336301955,4.958478464,-1.961212566,-0.13288452,2.364035031,4.925471978,-1.97642753,-0.432356748,-1.972266924,-0.033006487,-0.015214964
29.86,0.296756311,4.347935867,4.960258525,-1.969757566,-0.146759573,2.326732058,4.925811463,-1.984764298,-0.443515884,-2.021203809,-0.034447062,-0.015006732
29.9,0.293284074,4.363735221,4.956873958,-1.980490881,-0.165294665,2.277299222,4.926375343,-1.995848299,-0.458578739,-2.086435999,-0.030498615,-0.015357418
29.93,0.290773098,4.375809187,4.959074639,-1.989528764,-0.179230872,2.240408177,4.926885547,-2.004238348,-0.47000397,-2.13540101,-0.032189092,-0.014709585
29.96,0.288337756,4.388056324,4.96103598,-1.997913764,-0.193181294,2.203722359,4.927459173,-2.012667851,-0.48151905,-2.184333965,-0.033576807,-0.014754087
30.0,0.21348157,3.613986047,4.956299298,-2.0097495,-0.211745002,2.155177911,4.928333639,-2.023826469,-0.425226572,-1.458808137,-0.027965659,-0.014076969
30.03,0.210356129,3.61674377,4.961854385,-2.017703147,-0.225629994,2.119055346,4.929059019,-2.032140984,-0.435986123,-1.497688424,-0.032795366,-0.014437837
30.06,0.207341048,3.619688466,4.964073924,-2.026195647,-0.239497493,2.083166876,4.92987892,-2.040480953,-0.44683854,-1.53652159,-0.034195004,-0.014285306
30.1,0.203468295,3.62387213,4.975073833,-2.036915097,-0.257976379,2.035627429,4.931052413,-2.051682341,-0.461444674,-1.588244701,-0.04402142,-0.014767243
30.13,0.200661313,3.627179396,4.974847,-2.046169511,-0.271821219,2.000274789,4.932004316,-2.06006962,-0.472482532,-1.626904608,-0.042842684,-0.013900109
30.16,0.197962659,3.630647394,4.977551077,-2.054509511,-0.285671407,1.965282496,4.933008755,-2.06834907,-0.483634066,-1.665364898,-0.044542322,-0.013839559
30.2,0.194540179,3.635547718,4.979185628,-2.066403448,-0.304220833,1.91907721,4.934421942,-2.079442056,-0.498761012,-1.716470508,-0.044763686,-0.013038608
30.23,0.192076236,3.639428857,4.96999124,-2.075574497,-0.318220388,1.884742157,4.935509747,-2.08795858,-0.510296624,-1.7546867,-0.034481493,-0.012384084
30.26,0.189701672,3.643463654,4.972524714,-2.084036997,-0.332274514,1.850768715,4.936630841,-2.096494633,-0.521976187,-1.79269494,-0.035893873,-0.012457636
30.3,0.186687269,3.649073869,4.96938099,-2.096326332,-0.351015157,1.806007829,4.938181617,-2.107657094,-0.537702426,-1.843066041,-0.031199372,-0.011330762
30.33,0.184559461,3.653480496,4.972030212,-2.105515397,-0.36505811,1.772808585,4.939400531,-2.115980539,-0.549617571,-1.880671911,-0.032629681,-0.010465142
30.36,0.182547114,3.658048891,4.974652582,-2.113940397,-0.379088323,1.739917922,4.940680787,-2.124406231,-0.561635437,-1.918130969,-0.033971795,-0.010465834
30.4,0.180011334,3.664360525,4.975704107,-2.125444833,-0.397727299,1.696486793,4.942437645,-2.135673055,-0.577738633,-1.967873732,-0.033266462,-0.010228222
30.43,0.178209984,3.669250681,4.981154899,-2.134493531,-0.411605533,1.664275441,4.943802489,-2.144056,-0.589815517,-2.004975239,-0.037352409,-0.00956247
30.46,0.176506446,3.674312904,4.984062918,-2.142948531,-0.425363587,1.632423297,4.945198741,-2.152397302,-0.601870033,-2.041889607,-0.038864177,-0.009448771
30.5,-0.01375972,2.998098142,4.970301059,-2.154285728,-0.443575679,1.590355202,4.94712721,-2.163569265,-0.429815959,-1.40774294,-0.023173849,-0.009283536
30.53,-0.017556484,2.994929074,4.955960654,-2.162057695,-0.457132582,1.559091057,4.948588117,-2.171985865,-0.439576097,-1.435838017,-0.007372537,-0.00992817
30.56,-0.021260438,2.991896395,4.95808864,-2.170207695,-0.470541868,1.528162734,4.950092916,-2.180385104,-0.44928143,-1.463733661,-0.007995724,-0.010177409
30.6,-0.026019544,2.988065911,4.964661646,-2.18128153,-0.488195786,1.487401053,4.952166602,-2.191535188,-0.462176242,-1.500664858,-0.012495045,-0.010253658
30.63,-0.029455063,2.98537481,4.96949074,-2.189011427,-0.50129691,1.457149025,4.953808514,-2.199898104,-0.471841847,-1.528225785,-0.015682227,-0.010886677
30.66,-0.032783786,2.982820077,4.972126631,-2.197428927,-0.514292547,1.427184372,4.95550159,-2.208310153,-0.481508761,-1.555635704,-0.016625041,-0.010881226
30.7,-0.037102305,2.97960546,4.965375257,-2.20821818,-0.531449748,1.387674694,4.957791262,-2.219542658,-0.494347443,-1.591930765,-0.007583994,-0.011324478
30.73,-0.04024292,2.977346427,4.964993816,-2.217021711,-0.544160043,1.35841631,4.959520244,-2.227914213,-0.503917123,-1.618930117,-0.005473572,-0.010892502
30.76,-0.043265943,2.975234165,4.96741467,-2.225571711,-0.55672352,1.329505851,4.961273196,-2.236269008,-0.513457577,-1.645728315,-0.006141475,-0.010697297
30.8,-0.047130512,2.972648032,4.974262094,-2.236489988,-0.573315634,1.291347162,4.963663254,-2.247470461,-0.526185122,-1.681300869,-0.010598839,-0.010980474
30.83,-0.049936317,2.970852043,4.972919894,-2.244153155,-0.585621272,1.263022901,4.96547774,-2.255889222,-0.535684955,-1.707829141,-0.007442153,-0.011736067
30.86,-0.052665671,2.969174154,4.975560393,-2.252440655,-0.597734471,1.23503737,4.967320849,-2.26427885,-0.5450688,-1.734136784,-0.008239544,-0.011838195
30.9,-0.056167363,2.967134723,4.973770483,-2.265095623,-0.613619215,1.198158772,4.969781429,-2.275451236,-0.557451852,-1.76897595,-0.003989055,-0.010355613
30.93,-0.058684928,2.965779531,4.985566813,-2.273810281,-0.625364478,1.170773475,4.971648795,-2.283840548,-0.56667955,-1.795006057,-0.013918019,-0.010030267
30.96,-0.061112582,2.964550951,4.988489618,-2.282087781,-0.636948664,1.143638148,4.973507097,-2.292231167,-0.575836083,-1.820912803,-0.01498252,-0.010143386
31.0,-0.198656512,2.34352166,4.980678646,-2.293676666,-0.652116436,1.107846347,4.976002271,-2.303414131,-0.453459924,-1.235675313,-0.004676376,-0.009737465
31.03,-0.202579145,2.334806224,4.984088841,-2.302603925,-0.663261644,1.081308289,4.977861249,-2.311805001,-0.460682498,-1.253497934,-0.006227592,-0.009201076
31.06,-0.206393369,2.326214502,4.986815739,-2.310713925,-0.674207913,1.055029351,4.979734866,-2.320188879,-0.467814544,-1.271185151,-0.007080873,-0.009474954
31.1,-0.211330415,2.31493971,4.990128838,-2.322634153,-0.688580381,1.020287272,4.982242844,-2.331350236,-0.477249966,-1.294652438,-0.007885993,-0.008716083
31.13,-0.214949445,2.306615006,4.993487387,-2.331288773,-0.699176336,0.994482234,4.984132067,-2.339721037,-0.484226891,-1.312132772,-0.00935532,-0.008432264
31.16,-0.218490453,2.298402708,4.99636453,-2.339683773,-0.709566249,0.968976708,4.986023041,-2.348081308,-0.491075796,-1.329426001,-0.010341489,-0.008397534
31.2,-0.223067366,2.287628522,5.000673787,-2.351772343,-0.72319364,0.935346854,4.988541393,-2.359219883,-0.500126273,-1.352281668,-0.012132394,-0.00744754
31.23,-0.226404714,2.279694846,4.991595645,-2.359981204,-0.733288509,0.910369095,4.990428165,-2.367608463,-0.506883796,-1.369325751,-0.00116748,-0.007627259
31.26,-0.229658252,2.271857685,4.994239082,-2.368533704,-0.743249064,0.885635935,4.992290143,-2.37601924,-0.513590812,-1.386221749,-0.001948939,-0.007485536
31.3,-0.233861311,2.261539698,4.987971246,-2.380556533,-0.756281273,0.85302608,4.994762919,-2.387208338,-0.522419962,-1.408513619,0.006791672,-0.006651805
31.33,-0.236908834,2.253916093,4.988550329,-2.388874028,-0.765861578,0.828830803,4.996604672,-2.395594745,-0.528952743,-1.42508529,0.008054343,-0.006720717
31.36,-0.239857274,2.246410914,4.990986242,-2.397311528,-0.775286799,0.804838126,4.998462914,-2.40398858,-0.535429524,-1.441572788,0.007476672,-0.006677052
31.4,-0.243663592,2.236585795,4.988311728,-2.408737998,-0.787653888,0.773085322,5.000925235,-2.41516179,-0.543990296,-1.463500472,0.012613506,-0.006423792
31.43,-0.246439898,2.229345963,4.991357787,-2.418212186,-0.796736129,0.749473396,5.002777661,-2.423540984,-0.55029623,-1.479872566,0.011419874,-0.005328798
31.46,-0.249151083,2.2222015,4.993771589,-2.426667186,-0.805598168,0.726073848,5.004617055,-2.431949388,-0.556447086,-1.496127652,0.010845466,-0.005282202
31.5,-0.439486476,1.691726713,4.993076507,-2.438434881,-0.817174405,0.695094457,5.007075269,-2.44315942,-0.377687929,-0.996632256,0.013998762,-0.004724539
31.53,-0.444334483,1.678288331,4.995454277,-2.445906119,-0.825707092,0.671989723,5.008902865,-2.451528987,-0.381372609,-1.006298608,0.013448588,-0.005622868
31.56,-0.449098452,1.664935332,4.997839462,-2.454338619,-0.83406091,0.649029703,5.010716677,-2.459888544,-0.384962457,-1.015905628,0.012877215,-0.005549925
31.6,-0.455328583,1.647268796,4.99845276,-2.466663313,-0.844910433,0.618640975,5.013115558,-2.47109416,-0.38958185,-1.028627822,0.014662798,-0.004430847
31.63,-0.459901079,1.634146505,5.003081517,-2.474108919,-0.852855221,0.595994836,5.01489977,-2.479518751,-0.392954141,-1.038151669,0.011818253,-0.005409832
31.66,-0.46437461,1.621139747,5.00554849,-2.482493919,-0.860663271,0.573449472,5.016674906,-2.48790099,-0.39628866,-1.047690275,0.011126415,-0.005407071
31.7,-0.470256082,1.603923632,4.998877689,-2.494995436,-0.870882629,0.543530382,5.019001902,-2.499041784,-0.400626547,-1.06039325,0.020124214,-0.004046348
31.73,-0.474612206,1.591105224,5.00625173,-2.504333197,-0.878361142,0.521226739,5.020730749,-2.507431818,-0.403748936,-1.069878485,0.014479019,-0.003098621
31.76,-0.478896935,1.578381479,5.008652796,-2.512920697,-0.885653332,0.499052862,5.022432617,-2.515865515,-0.406756397,-1.079328617,0.013779821,-0.002944818
31.8,-0.484470781,1.561578692,5.006784569,-2.524932972,-0.895201855,0.46959554,5.024705292,-2.527068481,-0.410731073,-1.091983152,0.017920723,-0.002135508
31.83,-0.488557664,1.549089324,4.998065975,-2.533739782,-0.902248026,0.447565117,5.02638133,-2.535412585,-0.413690362,-1.101524207,0.028315355,-0.001672803
31.86,-0.492583265,1.536682082,5.000070588,-2.542472282,-0.909133233,0.425621386,5.028045838,-2.543774742,-0.416549968,-1.111060695,0.02797525,-0.001302461
31.9,-0.497838818,1.520254547,4.995961308,-2.554017007,-0.918071408,0.39648776,5.030231358,-2.555015414,-0.420232589,-1.123766786,0.034270049,-0.000998407
31.93,-0.501678154,1.50805538,4.990176557,-2.562443673,-0.924635165,0.374696518,5.031871276,-2.563445769,-0.422957011,-1.133358862,0.041694719,-0.001002095
31.96,-0.505441511,1.495969214,4.991835365,-2.570906173,-0.931102935,0.352929221,5.033496094,-2.571795509,-0.425661423,-1.143039993,0.041660729,-0.000889335
32.0,-0.607970168,1.130807866,4.997416232,-2.582787525,-0.939555808,0.323959138,5.035646641,-2.582914576,-0.33158564,-0.806848728,0.038230409,-0.00012705
32.03,-0.612838371,1.114524429,5.006631689,-2.5910213,-0.945730232,0.302290613,5.037252676,-2.591332445,-0.332891861,-0.812233816,0.030620987,-0.000311145
32.06,-0.617621064,1.098329993,5.008705083,-2.5992538,-0.951766958,0.280659533,5.038846769,-2.599784107,-0.334145894,-0.81767046,0.030141686,-0.000530307
32.1,-0.623850503,1.076892051,5.01542928,-2.610271833,-0.959713509,0.251817499,5.04094883,-2.610947108,-0.335863006,-0.825074552,0.02551955,-0.000675276
32.13,-0.628439709,1.060907536,5.020529555,-2.618419613,-0.965596926,0.230189653,5.042481267,-2.619262494,-0.337157217,-0.830717883,0.021951711,-0.000842881
32.16,-0.632988864,1.044997587,5.022852443,-2.627024613,-0.971359622,0.208599795,5.043984689,-2.627635765,-0.338370758,-0.836397792,0.021132245,-0.000611152
32.2,-0.638927785,1.023907443,5.035013376,-2.6378561,-0.978896323,0.179866257,5.045928804,-2.638872798,-0.339968538,-0.844041186,0.010915429,-0.001016698
32.23,-0.643272672,1.008183202,5.041120339,-2.645879029,-0.984495279,0.158326701,5.047359875,-2.647268469,-0.341222607,-0.849856501,0.006239536,-0.00138944
32.26,-0.648990113,0.987322199,5.045125405,-2.656616253,-0.990067409,0.136782414,5.048730429,-2.655599507,-0.341077296,-0.850539785,0.003605023,0.001016746
32.3,-0.6532135,0.971757681,5.047830467,-2.665016253,-0.997398685,0.108078598,5.050500927,-2.666741433,-0.344185185,-0.863679082,0.00267046,-0.00172518
32.33,-0.65737483,0.956288049,5.045364821,-2.673170122,-1.002801516,0.086574103,5.051767382,-2.675175301,-0.345426685,-0.869713946,0.006402561,-0.002005179
32.36,-0.661462365,0.940923748,5.047858958,-2.681330122,-1.008157072,0.065062657,5.052994495,-2.683609107,-0.346694706,-0.875861092,0.005135536,-0.002278985
32.4,-0.666790787,0.920572255,5.04073154,-2.692177044,-1.015294559,0.036335953,5.054569707,-2.694742664,-0.348503772,-0.884236302,0.013838168,-0.00256562
32.43,-0.670738093,0.905403577,5.037793488,-2.699960594,-1.020618784,0.014767436,5.055713398,-2.703069996,-0.349880691,-0.890636141,0.01791991,-0.003109402
32.46,-0.674636708,0.89030251,5.039824636,-2.708445594,-1.025869029,-0.006805624,5.056829001,-2.711485198,-0.351232321,-0.897108134,0.017004366,-0.003039604
32.5,-0.72553276,0.596844074,5.045504175,-2.719515675,-1.032814663,-0.035598979,5.058287961,-2.722751213,-0.307281903,-0.632443053,0.012783786,-0.003235538
32.53,-0.729826889,0.578503197,5.04495282,-2.727359621,-1.038038397,-0.057242725,5.059371664,-2.731126431,-0.308211508,-0.635745922,0.014418843,-0.00376681
32.56,-0.734069549,0.560229047,5.047057628,-2.735784621,-1.043275915,-0.078935337,5.060417626,-2.739443544,-0.309206366,-0.639164383,0.013359998,-0.003658923
32.6,-0.739652242,0.535969337,5.047653928,-2.747108899,-1.05021192,-0.107891482,5.061770468,-2.750623067,-0.310559679,-0.64386082,0.01411654,-0.003514167
32.63,-0.743744869,0.51786369,5.045399592,-2.75523311,-1.05538638,-0.12962876,5.062737291,-2.759074655,-0.311641511,-0.64749245,0.017337699,-0.003841545
32.66,-0.747757562,0.499828787,5.047312011,-2.76366811,-1.060606209,-0.151402846,5.063685647,-2.767479856,-0.312848647,-0.651231633,0.016373637,-0.003811746
32.7,-0.753001805,0.475887596,5.040125225,-2.775146283,-1.067661671,-0.180480153,5.064898731,-2.778606682,-0.314659867,-0.656367749,0.024773506,-0.003460399
32.73,-0.756872137,0.458021378,5.032619044,-2.783818724,-1.072982435,-0.20229852,5.065795635,-2.786972369,-0.316110298,-0.660319898,0.033176591,-0.003153645
32.76,-0.760679113,0.440238999,5.033968316,-2.792136224,-1.0783057,-0.224114656,5.066669422,-2.795403206,-0.317626587,-0.664353655,0.032701105,-0.003266982
32.8,-0.765640821,0.416683316,5.044232224,-2.804093196,-1.085484393,-0.25323108,5.067839026,-2.80663416,-0.319843572,-0.669914397,0.023606802,-0.002540964
32.83,-0.769271028,0.399126726,5.041110357,-2.812247611,-1.090972614,-0.275108159,5.068711398,-2.814988988,-0.321701587,-0.674234884,0.027601041,-0.002741378
32.86,-0.7728412,0.381653976,5.042627848,-2.820637611,-1.096532484,-0.297017215,5.069573443,-2.823327056,-0.323691284,-0.678671191,0.026945596,-0.002689445
32.9,-0.777514644,0.358480759,5.038429655,-2.831549686,-1.103977702,-0.32625466,5.070688255,-2.834543007,-0.326463059,-0.684735418,0.0322586,-0.002993321
32.93,-0.780928035,0.341209669,5.036092214,-2.840529244,-1.109613534,-0.348213307,5.071497058,-2.842993943,-0.3286855,-0.689422975,0.035404844,-0.002464699
32.96,-0.784267521,0.324027182,5.037398183,-2.849041744,-1.115368558,-0.37022581,5.072294034,-2.851373844,-0.331101037,-0.694252992,0.034895851,-0.0023321
33.0,-0.884010098,0.099304729,5.045165319,-2.860226865,-1.123187777,-0.399644945,5.073325572,-2.862478814,-0.239177679,-0.498949674,0.028160253,-0.002251949
33.03,-0.88842904,0.079762907,5.05059822,-2.867709563,-1.129108429,-0.42174672,5.074096327,-2.870864229,-0.240679389,-0.501509627,0.023498107,-0.003154667
33.06,-0.892771909,0.06029574,5.05224658,-2.876367063,-1.135082389,-0.443887094,5.074838014,-2.879325698,-0.24231048,-0.504182833,0.022591434,-0.002958635
33.1,-0.898398767,0.034458357,5.061184631,-2.887753761,-1.143211547,-0.473487425,5.075802852,-2.89054112,-0.244812779,-0.507945782,0.014618221,-0.002787359
33.13,-0.902524025,0.015167764,5.075683069,-2.895509369,-1.149453439,-0.495753515,5.076476078,-2.898862502,-0.246929414,-0.510921279,0.000793009,-0.003353133
33.16,-0.90658979,-0.00405624,5.077954605,-2.903659369,-1.155788515,-0.518070786,5.077116572,-2.907209858,-0.249198724,-0.514014546,-0.000838033,-0.003550489
33.2,-0.911923689,-0.029554744,5.08193017,-2.913811581,-1.164323642,-0.547882903,5.077899609,-2.918463636,-0.252399953,-0.518328159,-0.004030561,-0.004652054
33.23,-0.915814564,-0.048565832,5.090053235,-2.922198771,-1.170840788,-0.570293242,5.078437811,-2.926906791,-0.255026224,-0.521727409,-0.011615424,-0.004708021
33.26,-0.919626545,-0.06749025,5.092512678,-2.930601271,-1.177528393,-0.592764202,5.078911119,-2.935254308,-0.257901848,-0.525273952,-0.013601559,-0.004653037
33.3,-0.924614963,-0.09261364,5.098540614,-2.941661689,-1.186623818,-0.622791883,5.079468146,-2.946364816,-0.262008856,-0.530178243,-0.019072467,-0.004703127
33.33,-0.928289594,-0.111357015,5.087410693,-2.950446807,-1.193532073,-0.645350516,5.079830971,-2.954783669,-0.265242479,-0.533993501,-0.007579722,-0.004336862
33.36,-0.931873389,-0.130024105,5.089453079,-2.958869307,-1.200553697,-0.667949856,5.080134691,-2.963245766,-0.268680308,-0.537925751,-0.009318388,-0.00437646
33.4,-0.936517184,-0.154788043,5.105426445,-2.969345818,-1.210157202,-0.698150204,5.080475557,-2.974423305,-0.273640017,-0.543362161,-0.024950888,-0.005077487
33.43,-0.939927793,-0.173279276,5.098898995,-2.977855114,-1.21753548,-0.72084811,5.080677017,-2.982743588,-0.277607687,-0.547568834,-0.018221978,-0.004888474
33.46,-0.943282719,-0.191701702,5.101018279,-2.986400114,-1.225027015,-0.743580595,5.080840444,-2.991127189,-0.281744296,-0.551878893,-0.020177835,-0.004727075
33.5,-0.993958594,-0.413816002,5.099433058,-2.99754703,-1.235166349,-0.773932995,5.080964657,-3.00239791,-0.241207755,-0.360116993,-0.018468401,-0.004850879
33.53,-0.997698089,-0.434537898,5.099261494,-3.005713926,-1.242944405,-0.796736272,5.081013986,-3.010813601,-0.245246316,-0.362198374,-0.018247508,-0.005099674
33.56,-1.001367747,-0.455180686,5.10112968,-3.014003926,-1.250923893,-0.819579346,5.080992864,-3.01914719,-0.249556146,-0.36439866,-0.020136815,-0.005143263
33.6,-1.006192741,-0.482576341,5.089073891,-3.024723359,-1.261757923,-0.850073327,5.080900071,-3.03029544,-0.255565182,-0.367496985,-0.00817382,-0.005572081
33.63,-1.009736953,-0.503018282,5.098953661,-3.033166307,-1.270002785,-0.872960336,5.080770428,-3.038734649,-0.260265832,-0.369942054,-0.018183232,-0.005568342
33.66,-1.01318775,-0.52339286,5.100643489,-3.041748807,-1.278423112,-0.895858325,5.080611843,-3.047166808,-0.265235362,-0.372465465,-0.020031646,-0.005418001
33.7,-1.017672214,-0.550426184,5.103778365,-3.052971962,-1.2899507,-0.926394124,5.08035753,-3.058323728,-0.272278486,-0.37596794,-0.023420835,-0.005351766
33.73,-1.020972965,-0.57060282,5.103351304,-3.061275466,-1.298787615,-0.949288495,5.080135052,-3.066679997,-0.277814649,-0.378685675,-0.023216252,-0.005404531
33.76,-1.024215418,-0.590719771,5.105040077,-3.069657966,-1.307758629,-0.972164457,5.07987746,-3.075090879,-0.28354321,-0.381444686,-0.025162616,-0.005432913
33.8,-1.02839411,-0.617442216,5.117635881,-3.080502974,-1.319943165,-1.00263981,5.079477749,-3.086330627,-0.291549054,-0.385197593,-0.038158132,-0.005827653
33.83,-1.031418132,-0.637402509,5.121683233,-3.088457724,-1.329309351,-1.025478732,5.079142483,-3.094717486,-0.297891219,-0.388076223,-0.04254075,-0.006259762
33.86,-1.034383538,-0.657299457,5.123716546,-3.096745224,-1.33889678,-1.048297166,5.078743381,-3.10306844,-0.304513242,-0.390997709,-0.044973165,-0.006323216
33.9,-1.038251288,-0.683743725,5.119660115,-3.108256282,-1.351887663,-1.078686959,5.078141899,-3.114253501,-0.313636375,-0.394943234,-0.041518216,-0.005997219
33.93,-1.041060282,-0.703504224,5.118459922,-3.116493125,-1.361783274,-1.101450876,5.07761868,-3.122686242,-0.320722992,-0.397946652,-0.040841242,-0.006193117
33.96,-1.043766081,-0.723203224,5.120131578,-3.125143125,-1.371900618,-1.124185437,5.077052607,-3.131093684,-0.328134537,-0.400982213,-0.043078971,-0.005950559
34.0,-1.161111349,-0.821536248,5.114014875,-3.136699229,-1.385712443,-1.154455135,5.076214571,3.140943023,-0.224601095,-0.332918888,-0.037800304,-0.005543055
34.03,-1.165106601,-0.841976105,5.114167163,3.138523389,-1.396259325,-1.17712198,5.075549874,3.132570971,-0.231152724,-0.335145875,-0.038617288,-0.005952418
34.06,-1.169020945,-0.862333329,5.115547573,3.130153389,-1.406956051,-1.199750492,5.074833195,3.124145801,-0.237935106,-0.337417163,-0.040714378,-0.006007588
34.1,-1.174100344,-0.889365067,5.121632747,3.118624487,-1.421493279,-1.229868231,5.073826964,3.112916529,-0.247392935,-0.340503164,-0.047805783,-0.005707959
34.13,-1.177801569,-0.909556429,5.111405137,3.109904565,-1.432644681,-1.252416807,5.073018362,3.104546379,-0.254843112,-0.342860378,-0.038386775,-0.005358186
34.16,-1.181437669,-0.929679247,5.112527644,3.101447065,-1.444004328,-1.274930481,5.072155062,3.096191547,-0.262566659,-0.345251234,-0.040372582,-0.005255518
34.2,-1.186164362,-0.95639568,5.111349361,3.090227239,-1.459352233,-1.304910592,5.07092765,3.084971463,-0.273187871,-0.348514912,-0.040421711,-0.005255776
34.23,-1.189588984,-0.976348651,5.10675101,3.081283485,-1.471039864,-1.327368323,5.069957857,3.07652248,-0.28145088,-0.351019671,-0.036793153,-0.004761005
34.26,-1.192916793,-0.99623942,5.107598745,3.072788485,-1.482970981,-1.349795392,5.068950667,3.068134463,-0.290054188,-0.353555972,-0.038648078,-0.004654021
34.3,-1.197248086,-1.022663249,5.096761484,3.061485399,-1.499182185,-1.379655895,5.067532427,3.057007891,-0.301934099,-0.356992645,-0.029229057,-0.004477508
34.33,-1.200418942,-1.042403788,5.089882972,3.054156895,-1.511507426,-1.402021433,5.066439053,3.048617068,-0.311088485,-0.359617645,-0.023443919,-0.005539827
34.36,-1.203493894,-1.062062087,5.090143384,3.045659395,-1.523991837,-1.424353777,5.065306948,3.040169963,-0.320497944,-0.362291689,-0.024836436,-0.005489432
34.4,-1.207431877,-1.088171018,5.09236522,3.034306101,-1.54094135,-1.454071379,5.063787444,3.02895809,-0.333509473,-0.36590036,-0.028577776,-0.005348011
34.43,-1.210287902,-1.107669237,5.090950944,3.023976851,-1.553898222,-1.476309277,5.062622322,3.02060992,-0.34361032,-0.36864004,-0.028328621,-0.003366931
34.46,-1.213090288,-1.127093899,5.091296469,3.015651851,-1.567038466,-1.498498512,5.061454072,3.012242181,-0.353948178,-0.371404613,-0.029842397,-0.00340967
34.5,-1.320840527,-1.225381746,5.083097086,3.003707445,-1.584758661,-1.528017441,5.059862523,3.001008956,-0.263918133,-0.302635696,-0.023234563,-0.002698489
34.53,-1.324710234,-1.245567911,5.076131613,2.995733113,-1.598246365,-1.550095587,5.058661035,2.992584511,-0.273536131,-0.304527676,-0.017470578,-0.003148602
34.56,-1.328485874,-1.265683843,5.076056868,2.987438113,-1.611980803,-1.572099909,5.057434251,2.98421529,-0.283494929,-0.306416066,-0.018622617,-0.003222822
34.6,-1.333395029,-1.292404438,5.057229483,2.976094053,-1.630561151,-1.601343141,5.055773577,2.973065904,-0.297166121,-0.308938703,-0.001455906,-0.003028149
34.63,-1.336989648,-1.312361921,5.048030317,2.966639021,-1.6446438,-1.623209588,5.054520549,2.964657008,-0.307654152,-0.310847667,0.006490233,-0.001982012
34.66,-1.340480789,-1.332273608,5.047195334,2.958224021,-1.6588978,-1.645004084,5.053276621,2.956228012,-0.318417011,-0.312730477,0.006081287,-0.001996009
34.7,-1.344977519,-1.358726448,5.046759617,2.947469859,-1.678216771,-1.673947382,5.051664425,2.945047269,-0.333239252,-0.315220935,0.004904808,-0.00242259
34.73,-1.348248119,-1.3784907,5.051437851,2.939575171,-1.692928413,-1.69556353,5.050483273,2.936690047,-0.344680294,-0.31707283,-0.000954578,-0.002885124
34.76,-1.351442881,-1.398206881,5.051023691,2.931040171,-1.707791635,-1.717089973,5.049357695,2.928301879,-0.356348754,-0.318883092,-0.001665996,-0.002738291
34.8,-1.355538197,-1.424422684,5.0389592,2.919525666,-1.727803951,-1.745649319,5.047905505,2.917103559,-0.372265754,-0.321226635,0.008946306,-0.002422107
34.83,-1.358483348,-1.444031669,5.036969622,2.911815536,-1.743014405,-1.766929232,5.046869426,2.908714638,-0.384531057,-0.322897563,0.009899804,-0.003100898
34.86,-1.361343538,-1.463591108,5.036417248,2.903310536,-1.758442482,-1.788038004,5.045861683,2.90030219,-0.397098945,-0.324446896,0.009444436,-0.003008346
34.9,-1.365058251,-1.489577934,5.044589399,2.892013451,-1.779210469,-1.815935666,5.044605004,2.889089382,-0.414152218,-0.326357732,1.5605e-05,-0.002924069
34.93,-1.367744808,-1.50901313,5.049730682,2.883205247,-1.794895742,-1.836655445,5.043717318,2.880748239,-0.427150934,-0.327642315,-0.006013364,-0.002457008
34.96,-1.370327016,-1.528399491,5.049890324,2.874752747,-1.810732639,-1.857127976,5.042898937,2.872419863,-0.440405623,-0.328728485,-0.006991386,-0.002332884
35.0,-1.463992946,-1.64521026,5.04892582,2.862616722,-1.832098396,-1.884039307,5.041866915,2.861154187,-0.36810545,-0.238829046,-0.007058904,-0.001462535
35.03,-1.467482819,-1.665627452,5.057913615,2.853670798,-1.848265083,-1.903918006,5.041135373,2.852653342,-0.380782263,-0.238290554,-0.016778242,-0.001017456
35.06,-1.470903726,-1.685994615,5.058608246,2.845115798,-1.864504355,-1.923478456,5.040447826,2.844316145,-0.39360063,-0.237483841,-0.01816042,-0.000799653
35.1,-1.475309954,-1.713092277,5.063582121,2.834581413,-1.886275548,-1.949073853,5.039583579,2.83332827,-0.410965593,-0.235981575,-0.023998542,-0.001253143
35.13,-1.478500096,-1.733389827,5.06445627,2.825907214,-1.902735077,-1.967848201,5.03897297,2.824898037,-0.424234981,-0.234458375,-0.0254833,-0.001009177
35.16,-1.481621193,-1.753657713,5.065481588,2.817244714,-1.919297181,-1.986149739,5.038372254,2.816249376,-0.437675987,-0.232492026,-0.027109334,-0.000995338
35.2,-1.485694222,-1.780643459,5.058877174,2.805564879,-1.941400588,-2.009877408,5.037608463,2.805032214,-0.455706367,-0.229233948,-0.021268711,-0.000532664
35.23,-1.488652244,-1.800878288,5.05906763,2.796970006,-1.957971428,-2.027127779,5.037045578,2.796954959,-0.469319184,-0.226249491,-0.022022051,-1.5047e-05
35.26,-1.491506415,-1.821095224,5.060065492,2.788420006,-1.974581171,-2.043767892,5.036519652,2.788669437,-0.483074756,-0.222672668,-0.023545839,0.000249432
35.3,-1.495190549,-1.848010004,5.064163604,2.777138448,-1.996780794,-2.065092472,5.035834238,2.777058241,-0.501590245,-0.217082468,-0.028329366,-8.0207e-05
35.33,-1.497883408,-1.868164268,5.071233053,2.768074762,-2.013405417,-2.08043655,5.035352859,2.768449889,-0.515522009,-0.212272282,-0.035880195,0.000375127
35.36,-1.500499887,-1.888300868,5.072734197,2.759754762,-2.029955346,-2.095128815,5.034882676,2.76036246,-0.529455459,-0.206827947,-0.037851521,0.000607698
35.4,-1.503825008,-1.91513929,5.069083465,2.747555924,-2.051978643,-2.11380412,5.034282283,2.749516497,-0.548153634,-0.19866483,-0.034801182,0.001960573
35.43,-1.506211056,-1.93524977,5.066544059,2.738851548,-2.068497428,-2.127101329,5.033826222,2.740854445,-0.562286373,-0.191851559,-0.032717837,0.002002897
35.46,-1.508515536,-1.95534085,5.067937005,2.730226548,-2.084972997,-2.139697466,5.033363553,2.732076129,-0.57645746,-0.184356616,-0.034573452,0.001849581
35.5,-1.733330391,-1.981235312,5.056975353,2.718345622,-2.106800364,-2.155582723,5.032743603,2.721077141,-0.373469973,-0.174347411,-0.02423175,0.002731519
35.53,-1.738181951,-2.001301885,5.045613038,2.709214324,-2.123082094,-2.166802887,5.032274694,2.713094199,-0.384900143,-0.165501002,-0.013338343,0.003879874
35.56,-1.742931658,-2.021376696,5.046423798,2.700756824,-2.139330827,-2.177299225,5.031819497,2.704608084,-0.39639917,-0.155922529,-0.014604301,0.003851259
35.6,-1.749160758,-2.04814407,5.05310532,2.689099285,-2.160917671,-2.190333371,5.031216271,2.692806558,-0.411756912,-0.142189302,-0.021889049,0.003707273
35.63,-1.753750793,-2.068208943,5.042711555,2.680816263,-2.176973619,-2.199403045,5.030799391,2.684344341,-0.423222826,-0.131194103,-0.011912164,0.003528078
35.66,-1.758248306,-2.088298148,5.043580647,2.672583763,-2.192860832,-2.207745813,5.030460386,2.676486825,-0.434612526,-0.119447665,-0.013120261,0.003903062
35.7,-1.764108983,-2.115146068,5.044043453,2.66192993,-2.213835205,-2.217745392,5.030138871,2.665541118,-0.449726222,-0.102599324,-0.013904582,0.003611188
35.73,-1.768437589,-2.135345378,5.040459371,2.652983299,-2.229342709,-2.224243065,5.029954104,2.656387152,-0.46090512,-0.088897687,-0.010505266,0.003403853
35.76,-1.772742277,-2.155615901,5.041641834,2.644678299,-2.244428899,-2.229529889,5.029798531,2.647287786,-0.471686623,-0.073913988,-0.011843303,0.002609488
35.8,-1.778423151,-2.182774002,5.051002908,2.633352999,-2.2637343,-2.234670316,5.029525567,2.636904256,-0.485311148,-0.051896315,-0.021477342,0.003551257
35.83,-1.782617476,-2.203240831,5.051232242,2.623944114,-2.277530114,-2.23689553,5.029224369,2.629279637,-0.494912638,-0.033654699,-0.022007872,0.005335523
35.86,-1.786758836,-2.223773883,5.052953584,2.615614114,-2.29058568,-2.237324087,5.028734743,2.619751983,-0.503826844,-0.013550205,-0.024218841,0.00413787
35.9,-1.792232958,-2.251206077,5.051646751,2.602326405,-2.30685468,-2.235428227,5.027744457,2.606335724,-0.514621722,0.01577785,-0.023902294,0.004009319
35.93,-1.796289473,-2.271823367,5.060839622,2.591940893,-2.318106534,-2.232159722,5.026722266,2.59801679,-0.521817061,0.039663645,-0.034117356,0.006075897
35.96,-1.800263232,-2.292488826,5.062664465,2.583548393,-2.32839138,-2.227040598,5.025399375,2.590763238,-0.528128148,0.065448227,-0.03726509,0.007214845
36.0,-1.988786381,-2.2338967,5.070659066,2.571443283,-2.340869795,-2.217738268,5.023247789,2.578900184,-0.352083413,0.016158432,-0.047411277,0.007456901
36.03,-1.994909333,-2.253639219,5.076601528,2.562460418,-2.34929603,-2.208955297,5.021317283,2.568600741,-0.354386697,0.044683923,-0.055284245,0.006140323
36.06,-2.001003767,-2.273433154,5.078554143,2.553962918,-2.356730107,-2.198466465,5.019097463,2.55954825,-0.35572634,0.074966689,-0.05945668,0.005585332
36.1,-2.009076001,-2.299947556,5.071391141,2.543566131,-2.365324429,-2.182328939,5.015745588,2.549391041,-0.356248429,0.117618617,-0.055645553,0.00582491
36.13,-2.015060059,-2.319922157,5.076423227,2.533678787,-2.370842721,-2.16865839,5.012976523,2.541168823,-0.355782662,0.151263767,-0.063446704,0.007490035
36.16,-2.021009289,-2.339964943,5.078025287,2.525541287,-2.375484412,-2.153507713,5.00997233,2.531534615,-0.354475124,0.18645723,-0.068052957,0.005993328
36.2,-2.028922538,-2.36679915,5.08250693,2.514115471,-2.38047904,-2.131506051,5.005748453,2.519434721,-0.351556501,0.235293099,-0.076758477,0.00531925
36.23,-2.034842614,-2.387035628,5.082524598,2.506000308,-2.383333216,-2.11375887,5.002432206,2.511751401,-0.348490601,0.273276758,-0.080092393,0.005751092
36.26,-2.040717646,-2.407378853,5.084184262,2.497910308,-2.385366486,-2.094831039,4.999011204,2.503978204,-0.34464884,0.312547814,-0.085173058,0.006067896
36.3,-2.048491844,-2.434676282,5.083825451,2.486517145,-2.387076879,-2.06810846,4.994323579,2.492020736,-0.338585036,0.366567822,-0.089501873,0.005503591
36.33,-2.054321179,-2.455263771,5.071376226,2.477187091,-2.387608964,-2.047049045,4.990739296,2.482830312,-0.333287785,0.408214726,-0.080636929,0.005643221
36.36,-2.060151506,-2.475944745,5.072686672,2.468929591,-2.387375974,-2.025093627,4.987118841,2.474731845,-0.327224469,0.450851118,-0.085567831,0.005802254
36.4,-2.06789357,-2.503685249,5.072955263,2.457790252,-2.386118832,-1.994714157,4.982282254,2.464387745,-0.318225262,0.508971093,-0.090673009,0.006597493
36.43,-2.073672732,-2.524631291,5.070659277,2.44943365,-2.38453673,-1.971134008,4.978687333,2.455848534,-0.310863998,0.553497283,-0.091971945,0.006414884
36.46,-2.079446304,-2.545703242,5.072119165,2.44110865,-2.382342759,-1.946843536,4.975126049,2.446798438,-0.302896455,0.598859706,-0.096993116,0.005689788
36.5,-2.196524354,-2.269137267,5.057553306,2.430796543,-2.378574559,-1.913662859,4.970462926,2.435583771,-0.182050204,0.355474409,-0.08709038,0.004787228
36.53,-2.203677745,-2.286660922,5.034174959,2.422658256,-2.375139765,-1.888246814,4.967027401,2.427783269,-0.17146202,0.398414108,-0.067147558,0.005125013
36.56,-2.21080744,-2.30432201,5.03479029,2.414445756,-2.371171527,-1.862323423,4.963706237,2.419532484,-0.160364087,0.441998587,-0.071084053,0.005086728
36.6,-2.22031807,-2.328048267,5.027399953,2.402852816,-2.365216181,-1.827161015,4.959435257,2.407724979,-0.144898111,0.500887252,-0.067964697,0.004872163
36.63,-2.227471351,-2.345978376,5.020523473,2.394743372,-2.360221735,-1.800439149,4.956403757,2.399102421,-0.132750384,0.545539227,-0.064119716,0.004359049
36.66,-2.234634504,-2.364047765,5.021251241,2.386350872,-2.354692202,-1.773463202,4.953530206,2.391143855,-0.120057698,0.590584564,-0.067721035,0.004792983
36.7,-2.244177331,-2.388390614,5.014977156,2.374977964,-2.34669959,-1.737177541,4.949925745,2.380441668,-0.102522259,0.651213073,-0.065051411,0.005463704
36.73,-2.251343215,-2.406840688,5.021862767,2.367078758,-2.340297008,-1.709731864,4.947385505,2.371872005,-0.088953794,0.697108824,-0.074477262,0.004793246
36.76,-2.258541985,-2.425432595,5.02316478,2.358931258,-2.333473339,-1.682125438,4.945008727,2.363196706,-0.074931354,0.743307157,-0.078156054,0.004265447
36.8,-2.26817529,-2.450423007,5.011728853,2.348616029,-2.323765541,-1.645214665,4.942052969,2.352234843,-0.055590252,0.805208342,-0.069675884,0.003618814
36.83,-2.275430327,-2.469358686,5.001262325,2.340743967,-2.316054165,-1.617466875,4.939982259,2.344227843,-0.040623838,0.851891811,-0.061280066,0.003483876
36.86,-2.282716106,-2.488470714,5.002422337,2.332433967,-2.307975345,-1.589629809,4.938074662,2.335842418,-0.025259238,0.898840905,-0.064347675,0.003408451
36.9,-2.292512643,-2.514188173,4.990038587,2.321748152,-2.296714751,-1.55244426,4.935726868,2.324332347,-0.004202108,0.961743913,-0.05431172,0.002584195
36.93,-2.299915656,-2.533645892,4.986522297,2.313782238,-2.287860474,-1.524576134,4.934140506,2.315945152,0.012055182,1.009069758,-0.052381791,0.002162914
36.96,-2.336259523,-2.191657121,4.979478581,2.302599738,-2.278597601,-1.49676437,4.932703609,2.307861795,0.057661921,0.69489275,-0.046774972,0.005262057
37.0,-2.344009654,-2.206823233,4.980684678,2.293937249,-2.265782032,-1.459712338,4.931017026,2.296824761,0.078227621,0.747110895,-0.049667651,0.002887512
37.03,-2.351797785,-2.222143157,4.988163944,2.28671706,-2.255845792,-1.431946024,4.929893508,2.288229217,0.095951993,0.790197133,-0.058270436,0.001512157
37.06,-2.359650268,-2.237600775,4.989913336,2.27830706,-2.24554585,-1.404273791,4.92891922,2.279706705,0.114104418,0.833326985,-0.060994116,0.001399644
37.1,-2.370194968,-2.258450853,4.979181992,2.267152838,-2.231294289,-1.367578628,4.927772785,2.268713794,0.138900678,0.890872225,-0.051409206,0.001560956
37.13,-2.378134225,-2.27429476,4.970002552,2.258327972,-2.220247099,-1.340195442,4.92702967,2.260492511,0.157887126,0.934099318,-0.042972882,0.002164539
37.16,-2.386124594,-2.290298692,4.971498224,2.249807972,-2.208880211,-1.312929576,4.926391078,2.252022093,0.177244383,0.977369116,-0.045107146,0.002214121
37.2,-2.396856272,-2.311854577,4.97164072,2.238328962,-2.19326985,-1.276795361,4.925685166,2.240682437,0.203586422,1.035059217,-0.045955555,0.002353474
37.23,-2.40495649,-2.328200147,4.955607033,2.229511404,-2.181192514,-1.249911955,4.92527101,2.232383386,0.223763976,1.078288193,-0.030336023,0.002871981
37.26,-2.413103398,-2.344711783,4.956929237,2.221253904,-2.168764809,-1.223239457,4.92495836,2.224176733,0.244338589,1.121472325,-0.031970877,0.002922829
37.3,-2.424038831,-2.36698877,4.962466365,2.210014042,-2.151785633,-1.187902985,4.92467234,2.212981659,0.272253197,1.179085786,-0.037794025,0.002967618
37.33,-2.432315618,-2.383877971,4.965670928,2.202911715,-2.138743226,-1.161585164,4.924545855,2.2044401,0.293572392,1.222292806,-0.041125073,0.001528386
37.36,-2.44066977,-2.400907674,4.967594421,2.194379215,-2.125356326,-1.135514659,4.924515755,2.196041159,0.315313444,1.265393015,-0.043078667,0.001661944
37.4,-2.451898415,-2.423841838,4.964395861,2.183698026,-2.107053009,-1.101098343,4.924548273,2.185046323,0.344845406,1.322743495,-0.039847588,0.001348297
37.43,-2.46038457,-2.441226472,4.955748851,2.175806004,-2.093022701,-1.075504357,4.924642006,2.17671499,0.367361868,1.365722115,-0.031106845,0.000908986
37.46,-2.468943888,-2.458772243,4.957448321,2.167373504,-2.078711172,-1.050113544,4.924779827,2.168198205,0.390232716,1.408658699,-0.032668493,0.000824701
37.5,-2.37209171,-1.97060327,4.943991482,2.156061209,-2.059214689,-1.016605606,4.925059099,2.156918694,0.312877021,0.953997663,-0.018932384,0.000857485
37.53,-2.37946036,-1.982076186,4.948300241,2.147412805,-2.04426834,-0.991767094,4.925331429,2.148642754,0.335192021,0.990309092,-0.022968812,0.001229949
37.56,-2.386878015,-1.993721963,4.949933491,2.139335305,-2.029030023,-0.967187051,4.92569558,2.140354758,0.357847991,1.026534912,-0.02423791,0.001019453
37.6,-2.396868093,-2.009482408,4.949633226,2.128223902,-2.008358916,-0.934718089,4.926293914,2.129043734,0.388509177,1.074764318,-0.023339312,0.000819832
37.63,-2.404449966,-2.021455516,4.958684126,2.1198762,-1.992566066,-0.910637113,4.926825159,2.120514065,0.411883899,1.110818403,-0.031858967,0.000637866
37.66,-2.412092535,-2.033562993,4.96083326,2.1113962,-1.976444838,-0.886889104,4.927425472,2.112191315,0.435647696,1.146673888,-0.033407788,0.000795115
37.7,-2.422361079,-2.04995534,4.956173941,2.100720169,-1.954534815,-0.855632475,4.928291895,2.101214776,0.467826264,1.194322865,-0.027882047,0.000494608
37.73,-2.430141911,-2.062432092,4.95729348,2.093167052,-1.93782794,-0.832437897,4.928992481,2.092808584,0.492313971,1.229994195,-0.028300999,-0.000358468
37.76,-2.438004364,-2.075054972,4.959438429,2.085072052,-1.920849904,-0.809497248,4.929719931,2.084250428,0.51715446,1.265557724,-0.029718498,-0.000821624
37.8,-2.448613151,-2.092082925,4.962628513,2.074207608,-1.89780778,-0.779343811,4.930763242,2.07304121,0.550805371,1.312739115,-0.031865271,-0.001166399
37.83,-2.456672981,-2.105035862,4.965215423,2.065225575,-1.880227153,-0.757063805,4.931577132,2.064812673,0.576445828,1.347972058,-0.033638292,-0.000412902
37.86,-2.464808647,-2.118150671,4.967657631,2.056713075,-1.862392875,-0.735055851,4.932446661,2.056483637,0.602415772,1.38309482,-0.035210971,-0.000229438
37.9,-2.47576825,-2.135853821,4.958410231,2.046260734,-1.838305532,-0.706046597,4.933632634,2.045138053,0.637462718,1.429807224,-0.024777597,-0.001122681
37.93,-2.484090415,-2.149268505,4.959341382,2.037475142,-1.819987698,-0.684596666,4.934557102,2.036665431,0.664102717,1.464671839,-0.02478428,-0.000809712
37.96,-2.492507615,-2.162816107,4.961612824,2.029035142,-1.801405406,-0.663496971,4.935499556,2.028386033,0.691102209,1.499319137,-0.026113269,-0.000649109
38.0,-2.206017791,-1.656432636,4.962321538,2.018366567,-1.776324284,-0.635759913,4.93682074,2.017333407,0.429693507,1.020672724,-0.025500798,-0.00103316
38.03,-2.210923046,-1.663743766,4.9588754,2.009938251,-1.757316485,-0.615205837,4.937850319,2.00886841,0.453606561,1.048537929,-0.021025081,-0.00106984
38.06,-2.215935245,-1.67116337,4.961130638,2.001640751,-1.738103575,-0.594935911,4.938913319,2.000351469,0.47783167,1.076227458,-0.022217319,-0.001289281
38.1,-2.222786241,-1.681225165,4.964210081,1.98937916,-1.712180993,-0.568372346,4.940373046,1.989201985,0.510605248,1.11285282,-0.023837035,-0.000177175
38.13,-2.228039446,-1.68892436,4.963240143,1.981335334,-1.692518474,-0.548778789,4.941492191,1.98093801,0.535520972,1.140145571,-0.021747952,-0.000397324
38.16,-2.233380453,-1.69676912,4.965600655,1.972965334,-1.672661995,-0.529444237,4.942644992,1.972539588,0.560718458,1.167324883,-0.022955663,-0.000425747
38.2,-2.240658389,-1.707411827,4.969443664,1.962275799,-1.645923931,-0.504010592,4.944180537,1.961192442,0.594734459,1.203401235,-0.025263126,-0.001083357
38.23,-2.246226461,-1.715519324,4.968626557,1.95334642,-1.625652528,-0.48524882,4.94534643,1.952780153,0.620573933,1.230270504,-0.023280128,-0.000566267
38.26,-2.251886894,-1.723756596,4.971040014,1.94477892,-1.605168567,-0.466811169,4.946499316,1.944515216,0.646718327,1.256945427,-0.024540698,-0.000263704
38.3,-2.259581379,-1.734967576,4.966939153,1.934100305,-1.577625569,-0.442573333,4.948054181,1.933393022,0.68195581,1.292394243,-0.018884972,-0.000707283
38.33,-2.265465914,-1.743523838,4.965945798,1.926257877,-1.556817938,-0.424628481,4.949212109,1.924908933,0.708647976,1.318895357,-0.016733689,-0.001348945
38.36,-2.27146044,-1.752157922,4.968153628,1.917832877,-1.535853517,-0.406970327,4.950387247,1.916458733,0.735606923,1.345187595,-0.017766381,-0.001374144
38.4,-2.279622108,-1.76385353,4.986303232,1.907529752,-1.50769221,-0.383854025,4.951962241,1.905366956,0.771929898,1.379999505,-0.034340991,-0.002162796
38.43,-2.285860035,-1.772771715,4.988838251,1.899152268,-1.486440659,-0.366792142,4.953166766,1.897058605,0.799419375,1.405979573,-0.035671486,-0.002093663
38.46,-2.292202765,-1.781821461,4.991676923,1.890452268,-1.465089407,-0.349945883,4.95437438,1.888628554,0.827113358,1.431875578,-0.037302543,-0.001823715
38.5,-1.843762254,-1.316208754,4.98790855,1.878823397,-1.436485705,-0.327814002,4.955961067,1.877356405,0.407276549,0.988394753,-0.031947483,-0.001466992
38.53,-1.844604025,-1.319515796,4.989476723,1.870741543,-1.414922349,-0.311511666,4.957131456,1.869000905,0.429681675,1.00800413,-0.032345267,-0.001740638
38.56,-1.845549973,-1.322945278,4.992138479,1.862226543,-1.393263428,-0.295482827,4.958289011,1.860700986,0.452286545,1.027462451,-0.033849468,-0.001525557
38.6,-1.846957682,-1.327729852,4.997800566,1.850316579,-1.364292989,-0.27438152,4.959860947,1.849520835,0.482664693,1.053348332,-0.03793962,-0.000795743
38.63,-1.848161255,-1.331435033,5.000687658,1.841505412,-1.342497949,-0.258757401,4.961044201,1.841061683,0.505663307,1.072677632,-0.039643458,-0.000443729
38.66,-1.849494274,-1.335253217,5.00357922,1.833120412,-1.320617067,-0.243395713,4.962246199,1.832672718,0.528877207,1.091857505,-0.041333021,-0.000447695
38.7,-1.851434963,-1.340546035,5.004598861,1.822751996,-1.291328119,-0.223260987,4.963829363,1.821606542,0.560106844,1.117285048,-0.040769498,-0.001145454
38.73,-1.853018073,-1.344669066,5.008933018,1.814151396,-1.269295095,-0.208354407,4.965023179,1.813266519,0.583722979,1.136314659,-0.04390984,-0.000884878
38.76,-1.855282255,-1.350328861,5.0128622,1.802236955,-1.247211213,-0.19360349,4.966198247,1.804821473,0.608071042,1.156725371,-0.046663953,0.002584518
38.8,-1.857110521,-1.354680841,5.016657383,1.793926955,-1.21768995,-0.174216648,4.96777342,1.793596491,0.639420571,1.180464193,-0.048883963,-0.000330464
38.83,-1.859050054,-1.359139799,5.013728702,1.785696666,-1.195491908,-0.159918466,4.968943349,1.785272999,0.663558145,1.199221333,-0.044785353,-0.000423667
38.86,-1.861096545,-1.363725898,5.016606034,1.777429166,-1.173257492,-0.145806811,4.970115514,1.776950066,0.687839052,1.217919088,-0.04649052,-0.000479101
38.9,-1.864003664,-1.370017676,5.010070798,1.765922122,-1.143590295,-0.12715889,4.971669485,1.765740804,0.720413369,1.242858786,-0.038401314,-0.000181319
38.93,-1.866321955,-1.374843002,5.017009693,1.757112459,-1.121324015,-0.113324568,4.97283096,1.757308562,0.744997941,1.261518434,-0.044178734,0.000196103
38.96,-1.868754191,-1.379763815,5.019817478,1.748642459,-1.099036344,-0.099698967,4.974000444,1.748949122,0.769717847,1.280064848,-0.045817034,0.000306663
39.0,-1.55746352,-0.831752403,5.010874581,1.738165113,-1.069306603,-0.081764906,4.975566165,1.737845389,0.488156917,0.749987497,-0.035308416,-0.000319724
39.03,-1.556196041,-0.829976758,5.005067799,1.73112918,-1.047016248,-0.068420182,4.976754599,1.729462817,0.509179793,0.761556576,-0.0283132,-0.001666363
39.06,-1.555044459,-0.828294929,5.007349302,1.72275418,-1.024738239,-0.055173793,4.977932067,1.721022271,0.530306219,0.773121136,-0.029417235,-0.001731909
39.1,-1.553692894,-0.826162911,5.008506359,1.711598269,-0.995032636,-0.037730779,4.979529859,1.709824555,0.558660258,0.788432132,-0.0289765,-0.001773714
39.13,-1.552820673,-0.824684893,5.003046633,1.702398412,-0.972738234,-0.024821599,4.980734539,1.701503999,0.580082439,0.799863294,-0.022312093,-0.000894413
39.16,-1.552060635,-0.823331354,5.005173744,1.693738412,-0.950414726,-0.01201343,4.981961524,1.693156997,0.601645909,0.811317924,-0.023212221,-0.000581415
39.2,-1.551248027,-0.821685824,5.00201776,1.682458126,-0.920590003,0.004982803,4.9835757,1.68188147,0.630658024,0.826668627,-0.01844206,-0.000576655
39.23,-1.550924241,-0.820923301,5.004450667,1.677017288,-0.898164272,0.017628685,4.984784807,1.673424984,0.65275997,0.838551986,-0.019665859,-0.003592304
39.26,-1.550433488,-0.819519089,5.007194912,1.665652288,-0.875682313,0.030134058,4.985980415,1.665092587,0.674751174,0.849653147,-0.021214497,-0.000559702
39.3,-1.550146199,-0.818305374,5.014356745,1.653788701,-0.845658061,0.046690209,4.987572131,1.653988935,0.704488137,0.864995583,-0.026784614,0.000200233
39.33,-1.550060058,-0.817520912,4.995455309,1.645345253,-0.823123595,0.059073697,4.988758886,1.645570311,0.726936463,0.876594608,-0.006696423,0.000225058
39.36,-1.550082572,-0.816817442,4.997085208,1.636960253,-0.800587302,0.071403119,4.989929306,1.637129571,0.74949527,0.888220561,-0.007155902,0.000169317
39.4,-1.550280006,-0.816001749,4.99368529,1.625861727,-0.770548423,0.087697223,4.991479644,1.625964452,0.779731583,0.903698973,-0.002205646,0.000102725
39.43,-1.550576862,-0.815487502,4.991649828,1.617689459,-0.748036644,0.099828384,4.992642875,1.617625965,0.802540218,0.915315886,0.000993047,-6.3493e-05
39.46,-1.551005346,-0.815088485,4.993104267,1.608989459,-0.725554175,0.111944179,4.993831837,1.609242482,0.825451171,0.927032664,0.000727571,0.000253023
39.5,-1.2506126,-0.439757259,4.992568787,1.598162619,-0.695624761,0.128085542,4.995416348,1.598020353,0.55498784,0.5678428,0.002847561,-0.000142266
39.53,-1.247541455,-0.434830183,4.990594363,1.588951158,-0.673215302,0.140129654,4.996626081,1.589629619,0.574326152,0.574959837,0.006031718,0.000678461
39.56,-1.244597957,-0.429984904,4.992041249,1.580588658,-0.650846967,0.152099135,4.997835045,1.581282716,0.59375099,0.582084039,0.005793796,0.000694057
39.6,-1.24086679,-0.423677436,4.984663817,1.569337759,-0.621077385,0.168050577,4.999474705,1.570133128,0.619789405,0.591728013,0.014810889,0.00079537
39.63,-1.238224496,-0.419045771,4.973948202,1.561666944,-0.59878382,0.18004018,5.000702179,1.561723679,0.639440675,0.599085951,0.026753977,5.6734e-05
39.66,-1.235713462,-0.414479104,4.974826732,1.553106944,-0.576508832,0.192007954,5.001947592,1.55331807,0.65920463,0.606487058,0.027120861,0.000211126
39.7,-1.232567438,-0.40851307,4.973651778,1.542422657,-0.546814757,0.207887821,5.003624062,1.542205886,0.685752682,0.616400891,0.029972284,-0.000216772
39.73,-1.230344072,-0.404161644,4.984434317,1.533840818,-0.524540546,0.219785016,5.004912516,1.533887189,0.705803525,0.623946659,0.020478199,4.6371e-05
39.76,-1.228233786,-0.399895494,4.985716426,1.525115818,-0.502258964,0.231732021,5.006220677,1.525483381,0.725974822,0.631627516,0.020504251,0.000367563
39.8,-1.225613578,-0.394310895,4.981856802,1.513864949,-0.472545939,0.247688747,5.007967571,1.514244448,0.753067638,0.641999641,0.026110768,0.000379499
39.83,-1.223796871,-0.390204279,4.972221777,1.505373063,-0.450264858,0.259625518,5.009275541,1.50587823,0.773532012,0.649829798,0.037053763,0.000505167
39.86,-1.222104515,-0.38618438,4.973059694,1.496998063,-0.427991831,0.271549657,5.010573163,1.497549101,0.794112684,0.657734037,0.037513468,0.000551038
39.9,-1.220056669,-0.380978976,4.977306477,1.48620395,-0.398304294,0.287526536,5.012322579,1.486372699,0.821752374,0.668505512,0.035016102,0.000168749
39.93,-1.218668207,-0.377149342,4.981739934,1.477386159,-0.376048296,0.29957193,5.013636465,1.477942717,0.842619912,0.676721272,0.031896531,0.000556559
39.96,-1.217404801,-0.373384739,4.982935377,1.469128659,-0.353808987,0.311619019,5.014972018,1.469548644,0.863595814,0.685003758,0.032036642,0.000419986
40.0,-0.899349959,-0.207633136,4.985136195,1.458170184,-0.324181843,0.327672404,5.016739192,1.458420827,0.575168115,0.53530554,0.031602997,0.000250644
