[INFO] [launch]: All log files can be found below /root/.ros/log/2026-04-05-06-12-41-269614-liuyi-47462
[INFO] [launch]: Default logging verbosity is set to INFO
[INFO] [gazebo-1]: process started with pid [47480]
[INFO] [robot_state_publisher-2]: process started with pid [47481]
[INFO] [robot_state_publisher-3]: process started with pid [47482]
[INFO] [parameter_bridge-4]: process started with pid [47484]
[INFO] [create-5]: process started with pid [47485]
[INFO] [static_transform_publisher-6]: process started with pid [47486]
[INFO] [create-7]: process started with pid [47487]
[INFO] [static_transform_publisher-8]: process started with pid [47488]
[INFO] [static_transform_publisher-9]: process started with pid [47489]
[INFO] [rviz2-10]: process started with pid [47502]
[INFO] [component_container-11]: process started with pid [47503]
[INFO] [component_container-12]: process started with pid [47504]
[static_transform_publisher-8] [INFO] [1775369561.602287319] [drone.drone_static_tf]: Spinning until stopped - publishing transform
[static_transform_publisher-8] translation: ('0.000000', '0.000000', '0.000000')
[static_transform_publisher-8] rotation: ('0.000000', '0.000000', '0.000000', '1.000000')
[static_transform_publisher-8] from 'map' to 'drone/odom'
[rviz2-10] QStandardPaths: XDG_RUNTIME_DIR not set, defaulting to '/tmp/runtime-root'
[gazebo-1] [1;33mWarning [Utils.cc:132][0m [/sdf/world[@name="default"]/gui/camera[@name="user_camera"]/pose[@frame=""]:/ws/ee4308/install/ee4308_bringup/share/ee4308_bringup/worlds/turtlebot3_house.world:L10]: XML Attribute[frame] in element[pose] not defined in SDF.
[create-7] [INFO] [1775369562.072387261] [drone.ros_gz_sim]: Requesting list of world names.
[static_transform_publisher-6] [INFO] [1775369562.090657338] [turtle.turtle_static_tf]: Spinning until stopped - publishing transform
[static_transform_publisher-6] translation: ('0.000000', '0.000000', '0.000000')
[static_transform_publisher-6] rotation: ('0.000000', '0.000000', '0.000000', '1.000000')
[static_transform_publisher-6] from 'map' to 'turtle/odom'
[static_transform_publisher-9] [INFO] [1775369562.094321874] [drone.drone_static_tf2]: Spinning until stopped - publishing transform
[static_transform_publisher-9] translation: ('0.000000', '0.000000', '0.000000')
[static_transform_publisher-9] rotation: ('0.000000', '0.000000', '0.000000', '1.000000')
[static_transform_publisher-9] from 'drone/base_footprint' to 'drone/base_link'
[create-5] [INFO] [1775369562.097381250] [turtle.ros_gz_sim]: Requesting list of world names.
[robot_state_publisher-2] [INFO] [1775369562.097365667] [turtle.robot_state_publisher]: Robot initialized
[robot_state_publisher-3] [WARN] [1775369562.099362540] [kdl_parser]: The root link base_link has an inertia specified in the URDF, but KDL does not support a root link with an inertia.  As a workaround, you can add an extra dummy link to your URDF.
[robot_state_publisher-3] [INFO] [1775369562.099451828] [drone.robot_state_publisher]: Robot initialized
[rviz2-10] [INFO] [1775369562.221494380] [rviz2]: Stereo is NOT SUPPORTED
[rviz2-10] [INFO] [1775369562.221559877] [rviz2]: OpenGl version: 4.5 (GLSL 4.5)
[rviz2-10] [INFO] [1775369562.253494275] [rviz2]: Stereo is NOT SUPPORTED
[component_container-11] [INFO] [1775369562.288059060] [drone.drone]: Load Library: /ws/ee4308/install/ee4308_drone/lib/libbehavior_component.so
[component_container-11] [INFO] [1775369562.290220565] [drone.drone]: Found class: rclcpp_components::NodeFactoryTemplate<ee4308::drone::Behavior>
[component_container-11] [INFO] [1775369562.290238534] [drone.drone]: Instantiate class: rclcpp_components::NodeFactoryTemplate<ee4308::drone::Behavior>
[component_container-11] [INFO] [1775369562.299453483] [drone.behavior]: [Parameter] reached_thres: {"name": "reached_thres", "type": "double", "value": "0.300000"}
[component_container-11] [INFO] [1775369562.299625237] [drone.behavior]: [Parameter] cruise_height: {"name": "cruise_height", "type": "double", "value": "5.000000"}
[component_container-11] [INFO] [1775369562.299755194] [drone.behavior]: [Parameter] frequency: {"name": "frequency", "type": "double", "value": "10.000000"}
[component_container-11] [INFO] [1775369562.299889960] [drone.behavior]: [Parameter] topic_turtle_plan: {"name": "topic_turtle_plan", "type": "string", "value": "/turtle/plan"}
[component_container-11] [INFO] [1775369562.300019413] [drone.behavior]: [Parameter] topic_turtle_stop: {"name": "topic_turtle_stop", "type": "string", "value": "/turtle/stop"}
[component_container-11] [INFO] [1775369562.300170794] [drone.behavior]: [Parameter] map_frame_id: {"name": "map_frame_id", "type": "string", "value": "map"}
[component_container-11] [INFO] [1775369562.300275917] [drone.behavior]: [Parameter] initial_x: {"name": "initial_x", "type": "double", "value": "-2.000000"}
[component_container-11] [INFO] [1775369562.300347902] [drone.behavior]: [Parameter] initial_y: {"name": "initial_y", "type": "double", "value": "-2.000000"}
[component_container-11] [INFO] [1775369562.300415200] [drone.behavior]: [Parameter] initial_z: {"name": "initial_z", "type": "double", "value": "0.050000"}
[component_container-12] [INFO] [1775369562.304616989] [turtle.turtle2]: Load Library: /ws/ee4308/install/ee4308_turtle2/lib/libbehavior_component.so
[component_container-12] [INFO] [1775369562.306944285] [turtle.turtle2]: Found class: rclcpp_components::NodeFactoryTemplate<ee4308::turtle2::Behavior>
[component_container-12] [INFO] [1775369562.306978323] [turtle.turtle2]: Instantiate class: rclcpp_components::NodeFactoryTemplate<ee4308::turtle2::Behavior>
[component_container-11] [INFO] [1775369562.307115322] [drone.behavior]: Behavior transition BEGIN -> TAKEOFF | turtle_stop=false | waypoint=(0.00, 0.00, 0.00)
[component_container-11] [INFO] [1775369562.307292192] [drone.behavior]: Behavior target TAKEOFF | new_waypoint=(-2.00, -2.00, 5.00)
[INFO] [launch_ros.actions.load_composable_nodes]: Loaded node '/drone/behavior' in container '/drone/drone'
[component_container-11] [INFO] [1775369562.308765139] [drone.drone]: Load Library: /ws/ee4308/install/ee4308_drone/lib/libplanner_component.so
[component_container-11] [INFO] [1775369562.309307825] [drone.drone]: Found class: rclcpp_components::NodeFactoryTemplate<ee4308::drone::Planner>
[component_container-11] [INFO] [1775369562.309324193] [drone.drone]: Instantiate class: rclcpp_components::NodeFactoryTemplate<ee4308::drone::Planner>
[component_container-11] [INFO] [1775369562.318120897] [drone.planner]: [Parameter] interpolation_distance: {"name": "interpolation_distance", "type": "double", "value": "0.100000"}
[INFO] [launch_ros.actions.load_composable_nodes]: Loaded node '/drone/planner' in container '/drone/drone'
[component_container-12] [INFO] [1775369562.320749808] [turtle.behavior]: [Parameter] frequency: {"name": "frequency", "type": "double", "value": "1.000000"}
[component_container-12] [INFO] [1775369562.320857434] [turtle.behavior]: [Parameter] reached_thres: {"name": "reached_thres", "type": "double", "value": "0.050000"}
[component_container-12] [INFO] [1775369562.320986682] [turtle.behavior]: [Parameter] waypoints: {"name": "waypoints", "type": "double_array", "value": "[1, 4, -4.5, -2]"}
[component_container-12] [INFO] [1775369562.321059682] [turtle.behavior]: [Parameter] frame_id_turtle_: {"name": "frame_id_turtle_", "type": "string", "value": "turtle/base_link"}
[component_container-12] [INFO] [1775369562.321133237] [turtle.behavior]: [Parameter] frame_id_map_: {"name": "frame_id_map_", "type": "string", "value": "map"}
[component_container-11] [INFO] [1775369562.322100447] [drone.drone]: Load Library: /ws/ee4308/install/ee4308_drone/lib/libcontroller_component.so
[component_container-11] [INFO] [1775369562.323773177] [drone.drone]: Found class: rclcpp_components::NodeFactoryTemplate<ee4308::drone::Controller>
[component_container-11] [INFO] [1775369562.323803004] [drone.drone]: Instantiate class: rclcpp_components::NodeFactoryTemplate<ee4308::drone::Controller>
[INFO] [launch_ros.actions.load_composable_nodes]: Loaded node '/turtle/behavior' in container '/turtle/turtle2'
[component_container-12] [INFO] [1775369562.330602684] [turtle.turtle2]: Load Library: /ws/ee4308/install/ee4308_turtle2/lib/libplanner_component.so
[component_container-12] [INFO] [1775369562.331793819] [turtle.turtle2]: Found class: rclcpp_components::NodeFactoryTemplate<ee4308::turtle2::Planner>
[component_container-12] [INFO] [1775369562.331818020] [turtle.turtle2]: Instantiate class: rclcpp_components::NodeFactoryTemplate<ee4308::turtle2::Planner>
[component_container-11] [INFO] [1775369562.337522294] [drone.controller]: [Parameter] frequency: {"name": "frequency", "type": "double", "value": "20.000000"}
[component_container-11] [INFO] [1775369562.337669625] [drone.controller]: [Parameter] enable: {"name": "enable", "type": "bool", "value": "true"}
[component_container-11] [INFO] [1775369562.337778719] [drone.controller]: [Parameter] lookahead_distance: {"name": "lookahead_distance", "type": "double", "value": "1.000000"}
[component_container-11] [INFO] [1775369562.337865509] [drone.controller]: [Parameter] max_xy_vel: {"name": "max_xy_vel", "type": "double", "value": "1.000000"}
[component_container-11] [INFO] [1775369562.337949302] [drone.controller]: [Parameter] max_z_vel: {"name": "max_z_vel", "type": "double", "value": "0.500000"}
[component_container-11] [INFO] [1775369562.338024046] [drone.controller]: [Parameter] yaw_vel: {"name": "yaw_vel", "type": "double", "value": "-0.300000"}
[component_container-11] [INFO] [1775369562.338109975] [drone.controller]: [Parameter] kp_xy: {"name": "kp_xy", "type": "double", "value": "1.000000"}
[component_container-11] [INFO] [1775369562.338186854] [drone.controller]: [Parameter] kp_z: {"name": "kp_z", "type": "double", "value": "1.000000"}
[component_container-12] [INFO] [1775369562.343703252] [turtle.planner]: [Parameter] max_access_cost: {"name": "max_access_cost", "type": "integer", "value": "90"}
[INFO] [launch_ros.actions.load_composable_nodes]: Loaded node '/drone/controller' in container '/drone/drone'
[component_container-11] [INFO] [1775369562.346243916] [drone.drone]: Load Library: /ws/ee4308/install/ee4308_drone/lib/libestimator_component.so
[INFO] [launch_ros.actions.load_composable_nodes]: Loaded node '/turtle/planner' in container '/turtle/turtle2'
[component_container-11] [INFO] [1775369562.350052060] [drone.drone]: Found class: rclcpp_components::NodeFactoryTemplate<ee4308::drone::Estimator>
[component_container-11] [INFO] [1775369562.350090657] [drone.drone]: Instantiate class: rclcpp_components::NodeFactoryTemplate<ee4308::drone::Estimator>
[component_container-12] [INFO] [1775369562.351261665] [turtle.turtle2]: Load Library: /ws/ee4308/install/ee4308_turtle2/lib/libcontroller_component.so
[component_container-12] [INFO] [1775369562.353114221] [turtle.turtle2]: Found class: rclcpp_components::NodeFactoryTemplate<ee4308::turtle2::Controller>
[component_container-12] [INFO] [1775369562.353143628] [turtle.turtle2]: Instantiate class: rclcpp_components::NodeFactoryTemplate<ee4308::turtle2::Controller>
[component_container-11] [INFO] [1775369562.361927915] [drone.estimator]: [Parameter] frequency: {"name": "frequency", "type": "double", "value": "30.000000"}
[component_container-11] [INFO] [1775369562.362160013] [drone.estimator]: [Parameter] var_imu_x: {"name": "var_imu_x", "type": "double", "value": "2.500000"}
[component_container-11] [INFO] [1775369562.362330952] [drone.estimator]: [Parameter] var_imu_y: {"name": "var_imu_y", "type": "double", "value": "2.500000"}
[component_container-11] [INFO] [1775369562.362470564] [drone.estimator]: [Parameter] var_imu_z: {"name": "var_imu_z", "type": "double", "value": "20.000000"}
[component_container-11] [INFO] [1775369562.362635693] [drone.estimator]: [Parameter] var_imu_a: {"name": "var_imu_a", "type": "double", "value": "1.000000"}
[component_container-11] [INFO] [1775369562.362817956] [drone.estimator]: [Parameter] var_gps_x: {"name": "var_gps_x", "type": "double", "value": "0.150000"}
[component_container-11] [INFO] [1775369562.362990262] [drone.estimator]: [Parameter] var_gps_y: {"name": "var_gps_y", "type": "double", "value": "0.150000"}
[component_container-11] [INFO] [1775369562.363129492] [drone.estimator]: [Parameter] var_gps_z: {"name": "var_gps_z", "type": "double", "value": "0.500000"}
[component_container-11] [INFO] [1775369562.363265912] [drone.estimator]: [Parameter] var_baro: {"name": "var_baro", "type": "double", "value": "1.000000"}
[component_container-11] [INFO] [1775369562.363484951] [drone.estimator]: [Parameter] var_sonar: {"name": "var_sonar", "type": "double", "value": "0.030000"}
[component_container-11] [INFO] [1775369562.363666491] [drone.estimator]: [Parameter] var_magnet: {"name": "var_magnet", "type": "double", "value": "1.000000"}
[component_container-11] [INFO] [1775369562.363780491] [drone.estimator]: [Parameter] gps_position_max_innovation_xy: {"name": "gps_position_max_innovation_xy", "type": "double", "value": "1000.000000"}
[component_container-11] [INFO] [1775369562.363852799] [drone.estimator]: [Parameter] gps_position_max_innovation_z: {"name": "gps_position_max_innovation_z", "type": "double", "value": "1000.000000"}
[component_container-11] [INFO] [1775369562.363918771] [drone.estimator]: [Parameter] gps_position_max_sigma: {"name": "gps_position_max_sigma", "type": "double", "value": "1000.000000"}
[component_container-11] [INFO] [1775369562.364110761] [drone.estimator]: [Parameter] gps_forward_compensation_enable: {"name": "gps_forward_compensation_enable", "type": "bool", "value": "true"}
[component_container-11] [INFO] [1775369562.364365267] [drone.estimator]: [Parameter] gps_forward_compensation_max_dt: {"name": "gps_forward_compensation_max_dt", "type": "double", "value": "0.500000"}
[component_container-11] [INFO] [1775369562.364583328] [drone.estimator]: [Parameter] gps_velocity_alpha: {"name": "gps_velocity_alpha", "type": "double", "value": "0.900000"}
[component_container-11] [INFO] [1775369562.364756560] [drone.estimator]: [Parameter] gps_velocity_variance_scale: {"name": "gps_velocity_variance_scale", "type": "double", "value": "0.100000"}
[component_container-11] [INFO] [1775369562.364900705] [drone.estimator]: [Parameter] gps_velocity_min_variance: {"name": "gps_velocity_min_variance", "type": "double", "value": "0.040000"}
[component_container-11] [INFO] [1775369562.365082052] [drone.estimator]: [Parameter] gps_velocity_max_innovation: {"name": "gps_velocity_max_innovation", "type": "double", "value": "1.500000"}
[component_container-11] [INFO] [1775369562.365237094] [drone.estimator]: [Parameter] gps_velocity_min_dt: {"name": "gps_velocity_min_dt", "type": "double", "value": "0.200000"}
[component_container-11] [INFO] [1775369562.365410477] [drone.estimator]: [Parameter] gps_velocity_max_dt: {"name": "gps_velocity_max_dt", "type": "double", "value": "2.000000"}
[component_container-11] [INFO] [1775369562.365576342] [drone.estimator]: [Parameter] magnet_max_innovation: {"name": "magnet_max_innovation", "type": "double", "value": "3.140000"}
[component_container-11] [INFO] [1775369562.365725338] [drone.estimator]: [Parameter] magnet_max_sigma: {"name": "magnet_max_sigma", "type": "double", "value": "1000.000000"}
[component_container-11] [INFO] [1775369562.365862492] [drone.estimator]: [Parameter] baro_max_innovation: {"name": "baro_max_innovation", "type": "double", "value": "1000.000000"}
[component_container-11] [INFO] [1775369562.366020801] [drone.estimator]: [Parameter] baro_max_sigma: {"name": "baro_max_sigma", "type": "double", "value": "1000.000000"}
[component_container-11] [INFO] [1775369562.366162629] [drone.estimator]: [Parameter] verbose: {"name": "verbose", "type": "bool", "value": "true"}
[component_container-11] [INFO] [1775369562.366374660] [drone.estimator]: [Parameter] map_frame_id: {"name": "map_frame_id", "type": "string", "value": "map"}
[component_container-11] [INFO] [1775369562.366536579] [drone.estimator]: [Parameter] drone_frame_id: {"name": "drone_frame_id", "type": "string", "value": "drone/base_link"}
[component_container-11] [INFO] [1775369562.366827377] [drone.estimator]: [Parameter] use_ground_truth: {"name": "use_ground_truth", "type": "bool", "value": "false"}
[component_container-11] [INFO] [1775369562.366986806] [drone.estimator]: [Parameter] initial_x: {"name": "initial_x", "type": "double", "value": "-2.000000"}
[component_container-11] [INFO] [1775369562.367219445] [drone.estimator]: [Parameter] initial_y: {"name": "initial_y", "type": "double", "value": "-2.000000"}
[component_container-11] [INFO] [1775369562.367441583] [drone.estimator]: [Parameter] initial_z: {"name": "initial_z", "type": "double", "value": "0.050000"}
[component_container-12] [INFO] [1775369562.369214054] [turtle.controller]: [Parameter] frequency: {"name": "frequency", "type": "double", "value": "10.000000"}
[component_container-12] [INFO] [1775369562.369352047] [turtle.controller]: [Parameter] kp_lin: {"name": "kp_lin", "type": "double", "value": "0.800000"}
[component_container-12] [INFO] [1775369562.369484375] [turtle.controller]: [Parameter] kp_ang: {"name": "kp_ang", "type": "double", "value": "1.000000"}
[component_container-12] [INFO] [1775369562.369584038] [turtle.controller]: [Parameter] max_lin_vel: {"name": "max_lin_vel", "type": "double", "value": "0.220000"}
[component_container-12] [INFO] [1775369562.369666488] [turtle.controller]: [Parameter] max_ang_vel: {"name": "max_ang_vel", "type": "double", "value": "1.000000"}
[component_container-12] [INFO] [1775369562.369749365] [turtle.controller]: [Parameter] xy_tolerance: {"name": "xy_tolerance", "type": "double", "value": "0.050000"}
[component_container-12] [INFO] [1775369562.369831800] [turtle.controller]: [Parameter] yaw_tolerance: {"name": "yaw_tolerance", "type": "double", "value": "0.780000"}
[component_container-12] [INFO] [1775369562.369910047] [turtle.controller]: [Parameter] lookahead_distance: {"name": "lookahead_distance", "type": "double", "value": "0.300000"}
[component_container-12] [INFO] [1775369562.370009189] [turtle.controller]: [Parameter] enable: {"name": "enable", "type": "bool", "value": "true"}
[component_container-12] [INFO] [1775369562.370114006] [turtle.controller]: [Parameter] frame_id_turtle_: {"name": "frame_id_turtle_", "type": "string", "value": "turtle/base_link"}
[component_container-12] [INFO] [1775369562.370208909] [turtle.controller]: [Parameter] frame_id_map_: {"name": "frame_id_map_", "type": "string", "value": "map"}
[INFO] [launch_ros.actions.load_composable_nodes]: Loaded node '/turtle/controller' in container '/turtle/turtle2'
[component_container-12] [INFO] [1775369562.378262432] [turtle.turtle2]: Load Library: /ws/ee4308/install/ee4308_turtle2/lib/libmap_loader_component.so
[component_container-12] [INFO] [1775369562.379314880] [turtle.turtle2]: Found class: rclcpp_components::NodeFactoryTemplate<ee4308::turtle2::MapLoader>
[component_container-12] [INFO] [1775369562.379345420] [turtle.turtle2]: Instantiate class: rclcpp_components::NodeFactoryTemplate<ee4308::turtle2::MapLoader>
[INFO] [launch_ros.actions.load_composable_nodes]: Loaded node '/drone/estimator' in container '/drone/drone'
[component_container-12] [INFO] [1775369562.390962000] [turtle.map_loader]: [Parameter] max_cost: {"name": "max_cost", "type": "integer", "value": "99"}
[component_container-12] [INFO] [1775369562.391187176] [turtle.map_loader]: [Parameter] min_cost: {"name": "min_cost", "type": "integer", "value": "0"}
[component_container-12] [INFO] [1775369562.391408330] [turtle.map_loader]: [Parameter] inflation_radius: {"name": "inflation_radius", "type": "double", "value": "0.800000"}
[component_container-12] [INFO] [1775369562.391549797] [turtle.map_loader]: [Parameter] circumscribed_radius: {"name": "circumscribed_radius", "type": "double", "value": "0.200000"}
[component_container-12] [INFO] [1775369562.391681069] [turtle.map_loader]: [Parameter] cost_exponent: {"name": "cost_exponent", "type": "double", "value": "8.000000"}
[component_container-12] [INFO] [1775369562.391829297] [turtle.map_loader]: [Parameter] topic_map: {"name": "topic_map", "type": "string", "value": "map"}
[component_container-12] [INFO] [1775369562.391982289] [turtle.map_loader]: [Parameter] topic_global_costmap: {"name": "topic_global_costmap", "type": "string", "value": "global_costmap"}
[component_container-12] [INFO] [1775369562.392137310] [turtle.map_loader]: [Parameter] filepath: {"name": "filepath", "type": "string", "value": "/ws/ee4308/install/ee4308_bringup/share/ee4308_bringup/maps/proj2_sim"}
[component_container-12] [INFO] [1775369562.392290461] [turtle.map_loader]: [Parameter] frame_id: {"name": "frame_id", "type": "string", "value": "/map"}
[INFO] [launch_ros.actions.load_composable_nodes]: Loaded node '/turtle/map_loader' in container '/turtle/turtle2'
[create-7] [INFO] [1775369562.431558609] [drone.ros_gz_sim]: Entity creation successful.
[create-5] [INFO] [1775369562.432307242] [turtle.ros_gz_sim]: Entity creation successful.
[INFO] [create-7]: process has finished cleanly [pid 47487]
[INFO] [create-5]: process has finished cleanly [pid 47485]
[parameter_bridge-4] [INFO] [1775369563.090408288] [ros_gz_bridge]: Creating GZ->ROS Bridge: [clock (gz.msgs.Clock) -> clock (rosgraph_msgs/msg/Clock)] (Lazy 0)
[parameter_bridge-4] [INFO] [1775369563.091586030] [ros_gz_bridge]: Creating GZ->ROS Bridge: [turtle/joint_states (gz.msgs.Model) -> turtle/joint_states (sensor_msgs/msg/JointState)] (Lazy 0)
[parameter_bridge-4] [INFO] [1775369563.094205906] [ros_gz_bridge]: Creating GZ->ROS Bridge: [tf (gz.msgs.Pose_V) -> tf (tf2_msgs/msg/TFMessage)] (Lazy 0)
[parameter_bridge-4] [INFO] [1775369563.095639512] [ros_gz_bridge]: Creating ROS->GZ Bridge: [turtle/cmd_vel (geometry_msgs/msg/TwistStamped) -> turtle/cmd_vel (gz.msgs.Twist)] (Lazy 0)
[parameter_bridge-4] [INFO] [1775369563.096432718] [ros_gz_bridge]: Creating GZ->ROS Bridge: [drone/joint_states (gz.msgs.Model) -> drone/joint_states (sensor_msgs/msg/JointState)] (Lazy 0)
[parameter_bridge-4] [INFO] [1775369563.096922786] [ros_gz_bridge]: Creating GZ->ROS Bridge: [model/drone/pose (gz.msgs.Pose_V) -> tf (tf2_msgs/msg/TFMessage)] (Lazy 0)
[parameter_bridge-4] [INFO] [1775369563.097316624] [ros_gz_bridge]: Creating GZ->ROS Bridge: [model/drone/odometry (gz.msgs.Odometry) -> drone/true_odom (nav_msgs/msg/Odometry)] (Lazy 0)
[parameter_bridge-4] [INFO] [1775369563.098732804] [ros_gz_bridge]: Creating ROS->GZ Bridge: [drone/enable (std_msgs/msg/Bool) -> drone/enable (gz.msgs.Boolean)] (Lazy 0)
[parameter_bridge-4] [INFO] [1775369563.100259672] [ros_gz_bridge]: Creating GZ->ROS Bridge: [drone/air_pressure (gz.msgs.FluidPressure) -> drone/air_pressure (sensor_msgs/msg/FluidPressure)] (Lazy 0)
[parameter_bridge-4] [INFO] [1775369563.101342488] [ros_gz_bridge]: Creating GZ->ROS Bridge: [drone/magnetometer (gz.msgs.Magnetometer) -> drone/magnetic (sensor_msgs/msg/MagneticField)] (Lazy 0)
[parameter_bridge-4] [INFO] [1775369563.102195284] [ros_gz_bridge]: Creating GZ->ROS Bridge: [drone/imu (gz.msgs.IMU) -> drone/imu (sensor_msgs/msg/Imu)] (Lazy 0)
[parameter_bridge-4] [INFO] [1775369563.103052369] [ros_gz_bridge]: Creating GZ->ROS Bridge: [drone/sonar (gz.msgs.LaserScan) -> drone/sonar (sensor_msgs/msg/LaserScan)] (Lazy 0)
[parameter_bridge-4] [INFO] [1775369563.104223637] [ros_gz_bridge]: Creating GZ->ROS Bridge: [drone/fix (gz.msgs.NavSat) -> drone/fix (sensor_msgs/msg/NavSatFix)] (Lazy 0)
[parameter_bridge-4] [INFO] [1775369563.105771604] [ros_gz_bridge]: Creating ROS->GZ Bridge: [drone/cmd_vel (geometry_msgs/msg/Twist) -> drone/command/twist (gz.msgs.Twist)] (Lazy 0)
[component_container-12] [INFO] [1775369563.396756778] [turtle.map_loader]: Published occupancy grid to /turtle/map
[rviz2-10] [INFO] [1775369563.449280801] [rviz2]: Trying to create a map of size 312 x 226 using 1 swatches
[rviz2-10] [ERROR] [1775369563.457404224] [rviz2]: rviz/glsl120/indexed_8bit_image.vert
[rviz2-10] rviz/glsl120/indexed_8bit_image.frag
[rviz2-10]  GLSL link result : 
[rviz2-10] active samplers with a different type refer to the same texture image unit
[component_container-12] [INFO] [1775369563.636836982] [turtle.map_loader]: Published global costmap to /turtle/global_costmap
[rviz2-10] [INFO] [1775369563.679743672] [rviz2]: Trying to create a map of size 312 x 226 using 1 swatches
[component_container-11] [INFO] [1775369563.838413834] [drone.estimator]: TMP LOG baro bias initialized: baro=0.522 est_z=0.050 bias=0.472
[gazebo-1] libEGL warning: Not allowed to force software rendering when API explicitly selects a hardware device.
[gazebo-1] libEGL warning: Not allowed to force software rendering when API explicitly selects a hardware device.
[gazebo-1] [1;31m[Err] [SystemPaths.cc:525] [0m[1;31mCould not resolve file [[0m[1;31mWood_Floor_Dark.jpg[0m[1;31m][0m[1;31m[0m
[gazebo-1] [1;31m[Err] [SystemPaths.cc:525] [0m[1;31mCould not resolve file [[0m[1;31mMaple.jpg[0m[1;31m][0m[1;31m[0m
[component_container-11] 	  0.040	   Pose	 -2.000	 -2.000	  0.050	  0.017
[component_container-11] 	  0.040	  Twist	 -0.001	 -0.001	 -0.001	 -0.022
[component_container-11] 	  0.040	ErrPose	  0.000	  0.000	  0.000	 -0.017
[component_container-11] 	  0.040	ErrTwis	-199.999	-199.999	  5.004	  0.022
[component_container-11] 	  0.040	    GPS	 -2.000	 -2.000	  0.050	     --
[component_container-11] 	  0.040	   Baro	     --	     --	  0.522	     --
[component_container-11] 	  0.040	  BBias	     --	     --	  0.472	     --
[component_container-11] 	  0.040	  Sonar	     --	     --	    nan	     --
[component_container-11] 	  0.040	  Magnt	     --	     --	     --	  0.017
[component_container-11] 
[parameter_bridge-4] [INFO] [1775369564.509347482] [ros_gz_bridge]: Passing message from ROS geometry_msgs/msg/Twist to Gazebo gz.msgs.Twist (showing msg only once per type)
[component_container-11] 	  0.070	   Pose	 -2.000	 -2.000	  0.072	 -0.009
[component_container-11] 	  0.070	  Twist	 -0.002	 -0.002	  0.018	  0.000
[component_container-11] 	  0.070	ErrPose	  0.000	  0.000	 -0.022	  0.009
[component_container-11] 	  0.070	ErrTwis	-66.664	-66.665	  1.651	 -0.000
[component_container-11] 	  0.070	    GPS	 -2.000	 -2.000	  0.050	     --
[component_container-11] 	  0.070	   Baro	     --	     --	  0.646	     --
[component_container-11] 	  0.070	  BBias	     --	     --	  0.513	     --
[component_container-11] 	  0.070	  Sonar	     --	     --	  0.082	     --
[component_container-11] 	  0.070	  Magnt	     --	     --	     --	 -0.035
[component_container-11] 
[parameter_bridge-4] [INFO] [1775369564.559668425] [ros_gz_bridge]: Passing message from ROS geometry_msgs/msg/TwistStamped to Gazebo gz.msgs.Twist (showing msg only once per type)
[component_container-11] 	  0.100	   Pose	 -2.000	 -2.000	  0.072	 -0.009
[component_container-11] 	  0.100	  Twist	 -0.003	 -0.003	  0.017	 -0.014
[component_container-11] 	  0.100	ErrPose	  0.000	  0.000	 -0.022	  0.009
[component_container-11] 	  0.100	ErrTwis	-28.568	-28.569	  0.699	  0.014
[component_container-11] 	  0.100	    GPS	 -2.000	 -2.000	  0.050	     --
[component_container-11] 	  0.100	   Baro	     --	     --	  0.646	     --
[component_container-11] 	  0.100	  BBias	     --	     --	  0.513	     --
[component_container-11] 	  0.100	  Sonar	     --	     --	  0.082	     --
[component_container-11] 	  0.100	  Magnt	     --	     --	     --	 -0.035
[component_container-11] 
[component_container-11] 	  0.190	   Pose	 -2.000	 -2.000	  0.067	  0.005
[component_container-11] 	  0.190	  Twist	 -0.004	 -0.003	  0.010	 -0.017
[component_container-11] 	  0.190	ErrPose	  0.000	  0.000	 -0.017	 -0.005
[component_container-11] 	  0.190	ErrTwis	-22.218	-22.219	  0.547	  0.017
[component_container-11] 	  0.190	    GPS	 -2.000	 -2.000	  0.050	     --
[component_container-11] 	  0.190	   Baro	     --	     --	  0.613	     --
[component_container-11] 	  0.190	  BBias	     --	     --	  0.528	     --
[component_container-11] 	  0.190	  Sonar	     --	     --	  0.056	     --
[component_container-11] 	  0.190	  Magnt	     --	     --	     --	  0.034
[component_container-11] 
[component_container-11] 	  0.230	   Pose	 -2.001	 -2.001	  0.068	  0.016
[component_container-11] 	  0.230	  Twist	 -0.005	 -0.005	  0.005	  0.008
[component_container-11] 	  0.230	ErrPose	  0.001	  0.001	 -0.017	 -0.016
[component_container-11] 	  0.230	ErrTwis	  0.005	  0.005	 -0.004	 -0.008
[component_container-11] 	  0.230	    GPS	 -2.000	 -2.000	  0.050	     --
[component_container-11] 	  0.230	   Baro	     --	     --	  0.614	     --
[component_container-11] 	  0.230	  BBias	     --	     --	  0.533	     --
[component_container-11] 	  0.230	  Sonar	     --	     --	  0.056	     --
[component_container-11] 	  0.230	  Magnt	     --	     --	     --	  0.045
[component_container-11] 
[component_container-11] 	  0.290	   Pose	 -2.001	 -2.001	  0.061	  0.016
[component_container-11] 	  0.290	  Twist	 -0.006	 -0.009	 -0.007	  0.000
[component_container-11] 	  0.290	ErrPose	  0.001	  0.001	 -0.011	 -0.016
[component_container-11] 	  0.290	ErrTwis	  0.006	  0.009	  0.008	  0.000
[component_container-11] 	  0.290	    GPS	 -2.000	 -2.000	  0.050	     --
[component_container-11] 	  0.290	   Baro	     --	     --	  0.614	     --
[component_container-11] 	  0.290	  BBias	     --	     --	  0.538	     --
[component_container-11] 	  0.290	  Sonar	     --	     --	  0.048	     --
[component_container-11] 	  0.290	  Magnt	     --	     --	     --	  0.045
[component_container-11] 
[component_container-11] [WARN] [1775369564.913328064] [drone.behavior]: No request is made as there is no response yet from previous request.
[component_container-11] 	  0.390	   Pose	 -2.001	 -2.001	  0.055	  0.016
[component_container-11] 	  0.390	  Twist	 -0.007	 -0.009	 -0.022	 -0.005
[component_container-11] 	  0.390	ErrPose	  0.001	  0.001	 -0.005	 -0.016
[component_container-11] 	  0.390	ErrTwis	  0.007	  0.009	  0.023	  0.005
[component_container-11] 	  0.390	    GPS	 -2.000	 -2.000	  0.050	     --
[component_container-11] 	  0.390	   Baro	     --	     --	  0.660	     --
[component_container-11] 	  0.390	  BBias	     --	     --	  0.554	     --
[component_container-11] 	  0.390	  Sonar	     --	     --	  0.042	     --
[component_container-11] 	  0.390	  Magnt	     --	     --	     --	  0.019
[component_container-11] 
[component_container-11] 	  0.440	   Pose	 -2.002	 -2.002	  0.050	  0.019
[component_container-11] 	  0.440	  Twist	 -0.009	 -0.013	 -0.035	 -0.005
[component_container-11] 	  0.440	ErrPose	  0.002	  0.002	  0.001	 -0.019
[component_container-11] 	  0.440	ErrTwis	  0.009	  0.013	  0.036	  0.005
[component_container-11] 	  0.440	    GPS	 -2.000	 -2.000	  0.050	     --
[component_container-11] 	  0.440	   Baro	     --	     --	  0.707	     --
[component_container-11] 	  0.440	  BBias	     --	     --	  0.573	     --
[component_container-11] 	  0.440	  Sonar	     --	     --	  0.042	     --
[component_container-11] 	  0.440	  Magnt	     --	     --	     --	  0.038
[component_container-11] 
[component_container-11] 	  0.470	   Pose	 -2.003	 -2.003	  0.052	  0.010
[component_container-11] 	  0.470	  Twist	 -0.011	 -0.015	 -0.019	 -0.030
[component_container-11] 	  0.470	ErrPose	  0.003	  0.003	 -0.002	 -0.010
[component_container-11] 	  0.470	ErrTwis	  0.011	  0.015	  0.020	  0.030
[component_container-11] 	  0.470	    GPS	 -2.000	 -2.000	  0.050	     --
[component_container-11] 	  0.470	   Baro	     --	     --	  0.618	     --
[component_container-11] 	  0.470	  BBias	     --	     --	  0.570	     --
[component_container-11] 	  0.470	  Sonar	     --	     --	  0.063	     --
[component_container-11] 	  0.470	  Magnt	     --	     --	     --	 -0.035
[component_container-11] 
[component_container-11] 	  0.500	   Pose	 -2.003	 -2.004	  0.052	  0.009
[component_container-11] 	  0.500	  Twist	 -0.011	 -0.016	  0.003	 -0.056
[component_container-11] 	  0.500	ErrPose	  0.003	  0.004	 -0.001	 -0.010
[component_container-11] 	  0.500	ErrTwis	  0.011	  0.016	  0.002	  0.040
[component_container-11] 	  0.500	    GPS	 -2.000	 -2.000	  0.050	     --
[component_container-11] 	  0.500	   Baro	     --	     --	  0.618	     --
[component_container-11] 	  0.500	  BBias	     --	     --	  0.570	     --
[component_container-11] 	  0.500	  Sonar	     --	     --	  0.063	     --
[component_container-11] 	  0.500	  Magnt	     --	     --	     --	 -0.035
[component_container-11] 
[component_container-11] 	  0.540	   Pose	 -2.131	 -1.797	  0.057	  0.002
[component_container-11] 	  0.540	  Twist	 -0.115	  0.152	  0.051	 -0.116
[component_container-11] 	  0.540	ErrPose	  0.131	 -0.203	 -0.004	 -0.007
[component_container-11] 	  0.540	ErrTwis	  0.115	 -0.152	 -0.027	  0.063
[component_container-11] 	  0.540	    GPS	 -2.082	 -1.880	  0.051	     --
[component_container-11] 	  0.540	   Baro	     --	     --	  0.624	     --
[component_container-11] 	  0.540	  BBias	     --	     --	  0.569	     --
[component_container-11] 	  0.540	  Sonar	     --	     --	  0.064	     --
[component_container-11] 	  0.540	  Magnt	     --	     --	     --	 -0.016
[component_container-11] 
[component_container-11] 	  0.570	   Pose	 -2.134	 -1.793	  0.062	 -0.007
[component_container-11] 	  0.570	  Twist	 -0.116	  0.151	  0.088	 -0.148
[component_container-11] 	  0.570	ErrPose	  0.134	 -0.207	 -0.008	 -0.001
[component_container-11] 	  0.570	ErrTwis	  0.116	 -0.151	 -0.050	  0.071
[component_container-11] 	  0.570	    GPS	 -2.082	 -1.880	  0.051	     --
[component_container-11] 	  0.570	   Baro	     --	     --	  0.754	     --
[component_container-11] 	  0.570	  BBias	     --	     --	  0.582	     --
[component_container-11] 	  0.570	  Sonar	     --	     --	  0.066	     --
[component_container-11] 	  0.570	  Magnt	     --	     --	     --	 -0.037
[component_container-11] 
[component_container-11] 	  0.600	   Pose	 -2.138	 -1.788	  0.065	 -0.012
[component_container-11] 	  0.600	  Twist	 -0.117	  0.150	  0.111	 -0.166
[component_container-11] 	  0.600	ErrPose	  0.138	 -0.212	 -0.007	 -0.002
[component_container-11] 	  0.600	ErrTwis	  0.117	 -0.150	 -0.038	  0.044
[component_container-11] 	  0.600	    GPS	 -2.082	 -1.880	  0.051	     --
[component_container-11] 	  0.600	   Baro	     --	     --	  0.754	     --
[component_container-11] 	  0.600	  BBias	     --	     --	  0.582	     --
[component_container-11] 	  0.600	  Sonar	     --	     --	  0.066	     --
[component_container-11] 	  0.600	  Magnt	     --	     --	     --	 -0.037
[component_container-11] 
[component_container-11] 	  0.640	   Pose	 -2.143	 -1.782	  0.064	 -0.019
[component_container-11] 	  0.640	  Twist	 -0.118	  0.149	  0.117	 -0.199
[component_container-11] 	  0.640	ErrPose	  0.143	 -0.218	 -0.000	 -0.002
[component_container-11] 	  0.640	ErrTwis	  0.118	 -0.149	 -0.011	  0.042
[component_container-11] 	  0.640	    GPS	 -2.082	 -1.880	  0.051	     --
[component_container-11] 	  0.640	   Baro	     --	     --	  0.464	     --
[component_container-11] 	  0.640	  BBias	     --	     --	  0.565	     --
[component_container-11] 	  0.640	  Sonar	     --	     --	  0.051	     --
[component_container-11] 	  0.640	  Magnt	     --	     --	     --	 -0.012
[component_container-11] 
[component_container-11] 	  0.670	   Pose	 -2.146	 -1.778	  0.065	 -0.026
[component_container-11] 	  0.670	  Twist	 -0.119	  0.147	  0.130	 -0.222
[component_container-11] 	  0.670	ErrPose	  0.146	 -0.222	  0.001	  0.001
[component_container-11] 	  0.670	ErrTwis	  0.119	 -0.147	 -0.008	  0.051
[component_container-11] 	  0.670	    GPS	 -2.082	 -1.880	  0.051	     --
[component_container-11] 	  0.670	   Baro	     --	     --	  0.694	     --
[component_container-11] 	  0.670	  BBias	     --	     --	  0.572	     --
[component_container-11] 	  0.670	  Sonar	     --	     --	  0.058	     --
[component_container-11] 	  0.670	  Magnt	     --	     --	     --	 -0.029
[component_container-11] 
[component_container-11] 	  0.700	   Pose	 -2.150	 -1.774	  0.069	 -0.033
[component_container-11] 	  0.700	  Twist	 -0.121	  0.147	  0.149	 -0.227
[component_container-11] 	  0.700	ErrPose	  0.150	 -0.226	  0.004	 -0.001
[component_container-11] 	  0.700	ErrTwis	  0.121	 -0.147	  0.003	  0.032
[component_container-11] 	  0.700	    GPS	 -2.082	 -1.880	  0.051	     --
[component_container-11] 	  0.700	   Baro	     --	     --	  0.694	     --
[component_container-11] 	  0.700	  BBias	     --	     --	  0.572	     --
[component_container-11] 	  0.700	  Sonar	     --	     --	  0.058	     --
[component_container-11] 	  0.700	  Magnt	     --	     --	     --	 -0.029
[component_container-11] 
[component_container-11] 	  0.740	   Pose	 -2.155	 -1.768	  0.080	 -0.044
[component_container-11] 	  0.740	  Twist	 -0.122	  0.146	  0.184	 -0.232
[component_container-11] 	  0.740	ErrPose	  0.155	 -0.233	  0.002	  0.002
[component_container-11] 	  0.740	ErrTwis	  0.123	 -0.149	 -0.005	  0.019
[component_container-11] 	  0.740	    GPS	 -2.082	 -1.880	  0.051	     --
[component_container-11] 	  0.740	   Baro	     --	     --	  0.801	     --
[component_container-11] 	  0.740	  BBias	     --	     --	  0.584	     --
[component_container-11] 	  0.740	  Sonar	     --	     --	  0.080	     --
[component_container-11] 	  0.740	  Magnt	     --	     --	     --	 -0.065
[component_container-11] 
[component_container-11] 	  0.770	   Pose	 -2.158	 -1.763	  0.084	 -0.050
[component_container-11] 	  0.770	  Twist	 -0.123	  0.146	  0.195	 -0.259
[component_container-11] 	  0.770	ErrPose	  0.159	 -0.237	  0.002	  0.004
[component_container-11] 	  0.770	ErrTwis	  0.125	 -0.150	 -0.004	  0.038
[component_container-11] 	  0.770	    GPS	 -2.082	 -1.880	  0.051	     --
[component_container-11] 	  0.770	   Baro	     --	     --	  0.651	     --
[component_container-11] 	  0.770	  BBias	     --	     --	  0.583	     --
[component_container-11] 	  0.770	  Sonar	     --	     --	  0.079	     --
[component_container-11] 	  0.770	  Magnt	     --	     --	     --	 -0.032
[component_container-11] 
[component_container-11] 	  0.800	   Pose	 -2.162	 -1.759	  0.090	 -0.058
[component_container-11] 	  0.800	  Twist	 -0.123	  0.145	  0.209	 -0.252
[component_container-11] 	  0.800	ErrPose	  0.162	 -0.242	  0.005	  0.001
[component_container-11] 	  0.800	ErrTwis	  0.126	 -0.154	  0.006	  0.018
[component_container-11] 	  0.800	    GPS	 -2.082	 -1.880	  0.051	     --
[component_container-11] 	  0.800	   Baro	     --	     --	  0.651	     --
[component_container-11] 	  0.800	  BBias	     --	     --	  0.583	     --
[component_container-11] 	  0.800	  Sonar	     --	     --	  0.079	     --
[component_container-11] 	  0.800	  Magnt	     --	     --	     --	 -0.032
[component_container-11] 
[component_container-11] 	  0.840	   Pose	 -2.167	 -1.753	  0.101	 -0.067
[component_container-11] 	  0.840	  Twist	 -0.124	  0.143	  0.232	 -0.258
[component_container-11] 	  0.840	ErrPose	  0.168	 -0.249	  0.004	  0.001
[component_container-11] 	  0.840	ErrTwis	  0.129	 -0.159	  0.006	  0.014
[component_container-11] 	  0.840	    GPS	 -2.082	 -1.880	  0.051	     --
[component_container-11] 	  0.840	   Baro	     --	     --	  0.637	     --
[component_container-11] 	  0.840	  BBias	     --	     --	  0.580	     --
[component_container-11] 	  0.840	  Sonar	     --	     --	  0.100	     --
[component_container-11] 	  0.840	  Magnt	     --	     --	     --	 -0.045
[component_container-11] 
[component_container-11] 	  0.870	   Pose	 -2.171	 -1.749	  0.109	 -0.078
[component_container-11] 	  0.870	  Twist	 -0.126	  0.142	  0.247	 -0.269
[component_container-11] 	  0.870	ErrPose	  0.171	 -0.254	  0.001	  0.006
[component_container-11] 	  0.870	ErrTwis	  0.131	 -0.161	  0.000	  0.021
[component_container-11] 	  0.870	    GPS	 -2.082	 -1.880	  0.051	     --
[component_container-11] 	  0.870	   Baro	     --	     --	  0.595	     --
[component_container-11] 	  0.870	  BBias	     --	     --	  0.574	     --
[component_container-11] 	  0.870	  Sonar	     --	     --	  0.113	     --
[component_container-11] 	  0.870	  Magnt	     --	     --	     --	 -0.113
[component_container-11] 
[component_container-11] 	  0.900	   Pose	 -2.175	 -1.745	  0.117	 -0.086
[component_container-11] 	  0.900	  Twist	 -0.128	  0.140	  0.259	 -0.272
[component_container-11] 	  0.900	ErrPose	  0.175	 -0.260	  0.005	  0.004
[component_container-11] 	  0.900	ErrTwis	  0.134	 -0.166	  0.008	  0.017
[component_container-11] 	  0.900	    GPS	 -2.082	 -1.880	  0.051	     --
[component_container-11] 	  0.900	   Baro	     --	     --	  0.595	     --
[component_container-11] 	  0.900	  BBias	     --	     --	  0.574	     --
[component_container-11] 	  0.900	  Sonar	     --	     --	  0.113	     --
[component_container-11] 	  0.900	  Magnt	     --	     --	     --	 -0.113
[component_container-11] 
[component_container-11] 	  0.940	   Pose	 -2.180	 -1.739	  0.126	 -0.097
[component_container-11] 	  0.940	  Twist	 -0.130	  0.140	  0.270	 -0.281
[component_container-11] 	  0.940	ErrPose	  0.181	 -0.267	  0.007	  0.004
[component_container-11] 	  0.940	ErrTwis	  0.138	 -0.170	  0.015	  0.020
[component_container-11] 	  0.940	    GPS	 -2.082	 -1.880	  0.051	     --
[component_container-11] 	  0.940	   Baro	     --	     --	  0.596	     --
[component_container-11] 	  0.940	  BBias	     --	     --	  0.568	     --
[component_container-11] 	  0.940	  Sonar	     --	     --	  0.117	     --
[component_container-11] 	  0.940	  Magnt	     --	     --	     --	 -0.084
[component_container-11] 
[component_container-11] 	  0.970	   Pose	 -2.184	 -1.735	  0.143	 -0.103
[component_container-11] 	  0.970	  Twist	 -0.130	  0.139	  0.300	 -0.284
[component_container-11] 	  0.970	ErrPose	  0.185	 -0.272	 -0.004	  0.005
[component_container-11] 	  0.970	ErrTwis	  0.140	 -0.172	 -0.007	  0.021
[component_container-11] 	  0.970	    GPS	 -2.082	 -1.880	  0.051	     --
[component_container-11] 	  0.970	   Baro	     --	     --	  0.714	     --
[component_container-11] 	  0.970	  BBias	     --	     --	  0.567	     --
[component_container-11] 	  0.970	  Sonar	     --	     --	  0.166	     --
[component_container-11] 	  0.970	  Magnt	     --	     --	     --	 -0.063
[component_container-11] 
[component_container-11] [INFO] [1775369565.471659178] [drone.controller]: cmd_vel body=(0.058, -0.065, 0.500) yaw=-0.300 | odom_received=true | plan_points=50
[component_container-11] 	  1.000	   Pose	 -2.187	 -1.731	  0.152	 -0.111
[component_container-11] 	  1.000	  Twist	 -0.131	  0.138	  0.310	 -0.267
[component_container-11] 	  1.000	ErrPose	  0.189	 -0.278	  0.000	  0.002
[component_container-11] 	  1.000	ErrTwis	  0.142	 -0.175	 -0.001	  0.000
[component_container-11] 	  1.000	    GPS	 -2.082	 -1.880	  0.051	     --
[component_container-11] 	  1.000	   Baro	     --	     --	  0.714	     --
[component_container-11] 	  1.000	  BBias	     --	     --	  0.567	     --
[component_container-11] 	  1.000	  Sonar	     --	     --	  0.166	     --
[component_container-11] 	  1.000	  Magnt	     --	     --	     --	 -0.063
[component_container-11] 
[component_container-11] [INFO] [1775369565.472036884] [drone.estimator]: TMP LOG err_xyz=(0.189, -0.278, 0.000) | z_est=0.152 vz_est=0.310 bias=0.567 | gps_z=0.051 sonar=0.166 baro=0.714
[component_container-11] [INFO] [1775369565.475293057] [drone.estimator]: TMP LOG gps innov_xy=(0.150, -0.329) est_xy=(-2.189, -1.729) gps_xy=(-2.039, -2.058) corr_xy=(-2.039, -2.058) vel_xy=(-0.131, 0.138)
[component_container-11] [INFO] [1775369565.475899042] [drone.estimator]: TMP LOG gps vel pseudo raw=(0.086, -0.357) filt=(0.060, -0.297) innov_v=(0.151, -0.347) apply=(1,1)
[component_container-11] 	  1.040	   Pose	 -2.073	 -1.992	  0.170	 -0.123
[component_container-11] 	  1.040	  Twist	 -0.047	 -0.052	  0.331	 -0.288
[component_container-11] 	  1.040	ErrPose	  0.075	 -0.018	 -0.004	  0.003
[component_container-11] 	  1.040	ErrTwis	  0.060	  0.012	 -0.008	  0.019
[component_container-11] 	  1.040	    GPS	 -2.039	 -2.058	  0.156	     --
[component_container-11] 	  1.040	   Baro	     --	     --	  0.631	     --
[component_container-11] 	  1.040	  BBias	     --	     --	  0.561	     --
[component_container-11] 	  1.040	  Sonar	     --	     --	  0.177	     --
[component_container-11] 	  1.040	  Magnt	     --	     --	     --	 -0.130
[component_container-11] 
[component_container-11] 	  1.070	   Pose	 -2.074	 -1.994	  0.175	 -0.132
[component_container-11] 	  1.070	  Twist	 -0.048	 -0.052	  0.328	 -0.273
[component_container-11] 	  1.070	ErrPose	  0.077	 -0.017	 -0.003	  0.007
[component_container-11] 	  1.070	ErrTwis	  0.062	  0.011	  0.002	  0.002
[component_container-11] 	  1.070	    GPS	 -2.039	 -2.058	  0.156	     --
[component_container-11] 	  1.070	   Baro	     --	     --	  0.807	     --
[component_container-11] 	  1.070	  BBias	     --	     --	  0.566	     --
[component_container-11] 	  1.070	  Sonar	     --	     --	  0.155	     --
[component_container-11] 	  1.070	  Magnt	     --	     --	     --	 -0.141
[component_container-11] 
[component_container-11] 	  1.100	   Pose	 -2.076	 -1.995	  0.185	 -0.141
[component_container-11] 	  1.100	  Twist	 -0.050	 -0.053	  0.336	 -0.289
[component_container-11] 	  1.100	ErrPose	  0.079	 -0.018	  0.002	  0.005
[component_container-11] 	  1.100	ErrTwis	  0.066	  0.009	  0.007	  0.016
[component_container-11] 	  1.100	    GPS	 -2.039	 -2.058	  0.156	     --
[component_container-11] 	  1.100	   Baro	     --	     --	  0.807	     --
[component_container-11] 	  1.100	  BBias	     --	     --	  0.566	     --
[component_container-11] 	  1.100	  Sonar	     --	     --	  0.155	     --
[component_container-11] 	  1.100	  Magnt	     --	     --	     --	 -0.141
[component_container-11] 
[component_container-11] 	  1.140	   Pose	 -2.078	 -1.998	  0.202	 -0.150
[component_container-11] 	  1.140	  Twist	 -0.051	 -0.055	  0.353	 -0.288
[component_container-11] 	  1.140	ErrPose	  0.081	 -0.018	 -0.001	  0.003
[component_container-11] 	  1.140	ErrTwis	  0.069	  0.009	  0.002	  0.013
[component_container-11] 	  1.140	    GPS	 -2.039	 -2.058	  0.156	     --
[component_container-11] 	  1.140	   Baro	     --	     --	  0.848	     --
[component_container-11] 	  1.140	  BBias	     --	     --	  0.570	     --
[component_container-11] 	  1.140	  Sonar	     --	     --	  0.199	     --
[component_container-11] 	  1.140	  Magnt	     --	     --	     --	 -0.119
[component_container-11] 
[component_container-11] 	  1.170	   Pose	 -2.079	 -1.999	  0.206	 -0.156
[component_container-11] 	  1.170	  Twist	 -0.052	 -0.057	  0.344	 -0.290
[component_container-11] 	  1.170	ErrPose	  0.083	 -0.017	  0.003	  0.004
[component_container-11] 	  1.170	ErrTwis	  0.070	  0.009	  0.018	  0.016
[component_container-11] 	  1.170	    GPS	 -2.039	 -2.058	  0.156	     --
[component_container-11] 	  1.170	   Baro	     --	     --	  0.751	     --
[component_container-11] 	  1.170	  BBias	     --	     --	  0.570	     --
[component_container-11] 	  1.170	  Sonar	     --	     --	  0.179	     --
[component_container-11] 	  1.170	  Magnt	     --	     --	     --	 -0.107
[component_container-11] 
[component_container-11] 	  1.200	   Pose	 -2.081	 -2.001	  0.216	 -0.165
[component_container-11] 	  1.200	  Twist	 -0.052	 -0.059	  0.350	 -0.292
[component_container-11] 	  1.200	ErrPose	  0.085	 -0.017	  0.008	  0.001
[component_container-11] 	  1.200	ErrTwis	  0.073	  0.009	  0.022	  0.016
[component_container-11] 	  1.200	    GPS	 -2.039	 -2.058	  0.156	     --
[component_container-11] 	  1.200	   Baro	     --	     --	  0.751	     --
[component_container-11] 	  1.200	  BBias	     --	     --	  0.570	     --
[component_container-11] 	  1.200	  Sonar	     --	     --	  0.179	     --
[component_container-11] 	  1.200	  Magnt	     --	     --	     --	 -0.107
[component_container-11] 
[component_container-11] 	  1.240	   Pose	 -2.083	 -2.003	  0.241	 -0.174
[component_container-11] 	  1.240	  Twist	 -0.055	 -0.060	  0.382	 -0.285
[component_container-11] 	  1.240	ErrPose	  0.088	 -0.017	 -0.001	 -0.001
[component_container-11] 	  1.240	ErrTwis	  0.076	  0.011	  0.001	  0.008
[component_container-11] 	  1.240	    GPS	 -2.039	 -2.058	  0.156	     --
[component_container-11] 	  1.240	   Baro	     --	     --	  0.784	     --
[component_container-11] 	  1.240	  BBias	     --	     --	  0.568	     --
[component_container-11] 	  1.240	  Sonar	     --	     --	  0.266	     --
[component_container-11] 	  1.240	  Magnt	     --	     --	     --	 -0.124
[component_container-11] 
[component_container-11] 	  1.270	   Pose	 -2.085	 -2.005	  0.251	 -0.182
[component_container-11] 	  1.270	  Twist	 -0.056	 -0.061	  0.382	 -0.264
[component_container-11] 	  1.270	ErrPose	  0.090	 -0.016	 -0.003	  0.002
[component_container-11] 	  1.270	ErrTwis	  0.078	  0.013	  0.005	 -0.013
[component_container-11] 	  1.270	    GPS	 -2.039	 -2.058	  0.156	     --
[component_container-11] 	  1.270	   Baro	     --	     --	  0.726	     --
[component_container-11] 	  1.270	  BBias	     --	     --	  0.564	     --
[component_container-11] 	  1.270	  Sonar	     --	     --	  0.243	     --
[component_container-11] 	  1.270	  Magnt	     --	     --	     --	 -0.177
[component_container-11] 
[component_container-11] 	  1.300	   Pose	 -2.086	 -2.007	  0.262	 -0.191
[component_container-11] 	  1.300	  Twist	 -0.057	 -0.062	  0.387	 -0.287
[component_container-11] 	  1.300	ErrPose	  0.092	 -0.015	  0.001	 -0.001
[component_container-11] 	  1.300	ErrTwis	  0.079	  0.018	  0.010	  0.009
[component_container-11] 	  1.300	    GPS	 -2.039	 -2.058	  0.156	     --
[component_container-11] 	  1.300	   Baro	     --	     --	  0.726	     --
[component_container-11] 	  1.300	  BBias	     --	     --	  0.564	     --
[component_container-11] 	  1.300	  Sonar	     --	     --	  0.243	     --
[component_container-11] 	  1.300	  Magnt	     --	     --	     --	 -0.177
[component_container-11] 
[component_container-11] 	  1.340	   Pose	 -2.089	 -2.009	  0.281	 -0.202
[component_container-11] 	  1.340	  Twist	 -0.058	 -0.062	  0.400	 -0.292
[component_container-11] 	  1.340	ErrPose	  0.095	 -0.014	 -0.001	 -0.000
[component_container-11] 	  1.340	ErrTwis	  0.082	  0.026	  0.006	  0.014
[component_container-11] 	  1.340	    GPS	 -2.039	 -2.058	  0.156	     --
[component_container-11] 	  1.340	   Baro	     --	     --	  0.908	     --
[component_container-11] 	  1.340	  BBias	     --	     --	  0.567	     --
[component_container-11] 	  1.340	  Sonar	     --	     --	  0.277	     --
[component_container-11] 	  1.340	  Magnt	     --	     --	     --	 -0.196
[component_container-11] 
[component_container-11] 	  1.370	   Pose	 -2.091	 -2.011	  0.292	 -0.212
[component_container-11] 	  1.370	  Twist	 -0.059	 -0.062	  0.400	 -0.274
[component_container-11] 	  1.370	ErrPose	  0.098	 -0.012	 -0.003	  0.004
[component_container-11] 	  1.370	ErrTwis	  0.083	  0.030	  0.010	 -0.005
[component_container-11] 	  1.370	    GPS	 -2.039	 -2.058	  0.156	     --
[component_container-11] 	  1.370	   Baro	     --	     --	  0.766	     --
[component_container-11] 	  1.370	  BBias	     --	     --	  0.563	     --
[component_container-11] 	  1.370	  Sonar	     --	     --	  0.285	     --
[component_container-11] 	  1.370	  Magnt	     --	     --	     --	 -0.231
[component_container-11] 
[component_container-11] 	  1.400	   Pose	 -2.092	 -2.013	  0.304	 -0.220
[component_container-11] 	  1.400	  Twist	 -0.060	 -0.062	  0.403	 -0.297
[component_container-11] 	  1.400	ErrPose	  0.100	 -0.011	  0.002	  0.001
[component_container-11] 	  1.400	ErrTwis	  0.085	  0.038	  0.014	  0.019
[component_container-11] 	  1.400	    GPS	 -2.039	 -2.058	  0.156	     --
[component_container-11] 	  1.400	   Baro	     --	     --	  0.766	     --
[component_container-11] 	  1.400	  BBias	     --	     --	  0.563	     --
[component_container-11] 	  1.400	  Sonar	     --	     --	  0.285	     --
[component_container-11] 	  1.400	  Magnt	     --	     --	     --	 -0.231
[component_container-11] 
[component_container-11] 	  1.440	   Pose	 -2.095	 -2.016	  0.324	 -0.233
[component_container-11] 	  1.440	  Twist	 -0.062	 -0.064	  0.418	 -0.288
[component_container-11] 	  1.440	ErrPose	  0.104	 -0.009	 -0.002	  0.002
[component_container-11] 	  1.440	ErrTwis	  0.086	  0.047	  0.006	  0.009
[component_container-11] 	  1.440	    GPS	 -2.039	 -2.058	  0.156	     --
[component_container-11] 	  1.440	   Baro	     --	     --	  0.961	     --
[component_container-11] 	  1.440	  BBias	     --	     --	  0.566	     --
[component_container-11] 	  1.440	  Sonar	     --	     --	  0.325	     --
[component_container-11] 	  1.440	  Magnt	     --	     --	     --	 -0.242
[component_container-11] 
[component_container-11] 	  1.470	   Pose	 -2.097	 -2.018	  0.337	 -0.243
[component_container-11] 	  1.470	  Twist	 -0.063	 -0.064	  0.423	 -0.292
[component_container-11] 	  1.470	ErrPose	  0.106	 -0.008	 -0.006	  0.007
[component_container-11] 	  1.470	ErrTwis	  0.087	  0.050	  0.004	  0.013
[component_container-11] 	  1.470	    GPS	 -2.039	 -2.058	  0.156	     --
[component_container-11] 	  1.470	   Baro	     --	     --	  1.074	     --
[component_container-11] 	  1.470	  BBias	     --	     --	  0.573	     --
[component_container-11] 	  1.470	  Sonar	     --	     --	  0.331	     --
[component_container-11] 	  1.470	  Magnt	     --	     --	     --	 -0.287
[component_container-11] 
[component_container-11] 	  1.500	   Pose	 -2.099	 -2.020	  0.350	 -0.252
[component_container-11] 	  1.500	  Twist	 -0.065	 -0.065	  0.426	 -0.284
[component_container-11] 	  1.500	ErrPose	  0.109	 -0.006	 -0.001	  0.005
[component_container-11] 	  1.500	ErrTwis	  0.090	  0.056	  0.008	  0.005
[component_container-11] 	  1.500	    GPS	 -2.039	 -2.058	  0.156	     --
[component_container-11] 	  1.500	   Baro	     --	     --	  1.074	     --
[component_container-11] 	  1.500	  BBias	     --	     --	  0.573	     --
[component_container-11] 	  1.500	  Sonar	     --	     --	  0.331	     --
[component_container-11] 	  1.500	  Magnt	     --	     --	     --	 -0.287
[component_container-11] 
[component_container-11] 	  1.540	   Pose	 -2.145	 -2.026	  0.364	 -0.263
[component_container-11] 	  1.540	  Twist	 -0.106	 -0.059	  0.423	 -0.286
[component_container-11] 	  1.540	ErrPose	  0.157	  0.000	  0.002	  0.005
[component_container-11] 	  1.540	ErrTwis	  0.131	  0.054	  0.016	  0.007
[component_container-11] 	  1.540	    GPS	 -2.151	 -2.052	  0.353	     --
[component_container-11] 	  1.540	   Baro	     --	     --	  1.007	     --
[component_container-11] 	  1.540	  BBias	     --	     --	  0.576	     --
[component_container-11] 	  1.540	  Sonar	     --	     --	  0.340	     --
[component_container-11] 	  1.540	  Magnt	     --	     --	     --	 -0.246
[component_container-11] 
[component_container-11] 	  1.570	   Pose	 -2.149	 -2.028	  0.376	 -0.273
[component_container-11] 	  1.570	  Twist	 -0.108	 -0.061	  0.423	 -0.296
[component_container-11] 	  1.570	ErrPose	  0.160	  0.002	 -0.001	  0.009
[component_container-11] 	  1.570	ErrTwis	  0.133	  0.058	  0.019	  0.017
[component_container-11] 	  1.570	    GPS	 -2.151	 -2.052	  0.353	     --
[component_container-11] 	  1.570	   Baro	     --	     --	  0.930	     --
[component_container-11] 	  1.570	  BBias	     --	     --	  0.576	     --
[component_container-11] 	  1.570	  Sonar	     --	     --	  0.369	     --
[component_container-11] 	  1.570	  Magnt	     --	     --	     --	 -0.286
[component_container-11] 
[component_container-11] 	  1.600	   Pose	 -2.152	 -2.029	  0.389	 -0.281
[component_container-11] 	  1.600	  Twist	 -0.109	 -0.061	  0.425	 -0.298
[component_container-11] 	  1.600	ErrPose	  0.165	  0.004	  0.005	  0.006
[component_container-11] 	  1.600	ErrTwis	  0.133	  0.062	  0.022	  0.019
[component_container-11] 	  1.600	    GPS	 -2.151	 -2.052	  0.353	     --
[component_container-11] 	  1.600	   Baro	     --	     --	  0.930	     --
[component_container-11] 	  1.600	  BBias	     --	     --	  0.576	     --
[component_container-11] 	  1.600	  Sonar	     --	     --	  0.369	     --
[component_container-11] 	  1.600	  Magnt	     --	     --	     --	 -0.286
[component_container-11] 
[component_container-11] 	  1.640	   Pose	 -2.156	 -2.032	  0.413	 -0.293
[component_container-11] 	  1.640	  Twist	 -0.110	 -0.062	  0.443	 -0.286
[component_container-11] 	  1.640	ErrPose	  0.170	  0.006	 -0.001	  0.007
[component_container-11] 	  1.640	ErrTwis	  0.135	  0.066	  0.009	  0.006
[component_container-11] 	  1.640	    GPS	 -2.151	 -2.052	  0.353	     --
[component_container-11] 	  1.640	   Baro	     --	     --	  1.032	     --
[component_container-11] 	  1.640	  BBias	     --	     --	  0.577	     --
[component_container-11] 	  1.640	  Sonar	     --	     --	  0.422	     --
[component_container-11] 	  1.640	  Magnt	     --	     --	     --	 -0.290
[component_container-11] 
[component_container-11] 	  1.670	   Pose	 -2.159	 -2.034	  0.431	 -0.301
[component_container-11] 	  1.670	  Twist	 -0.111	 -0.062	  0.455	 -0.288
[component_container-11] 	  1.670	ErrPose	  0.174	  0.008	 -0.010	  0.009
[component_container-11] 	  1.670	ErrTwis	  0.137	  0.068	 -0.001	  0.009
[component_container-11] 	  1.670	    GPS	 -2.151	 -2.052	  0.353	     --
[component_container-11] 	  1.670	   Baro	     --	     --	  0.823	     --
[component_container-11] 	  1.670	  BBias	     --	     --	  0.570	     --
[component_container-11] 	  1.670	  Sonar	     --	     --	  0.448	     --
[component_container-11] 	  1.670	  Magnt	     --	     --	     --	 -0.280
[component_container-11] 
[component_container-11] 	  1.700	   Pose	 -2.163	 -2.036	  0.445	 -0.309
[component_container-11] 	  1.700	  Twist	 -0.113	 -0.062	  0.457	 -0.282
[component_container-11] 	  1.700	ErrPose	  0.178	  0.010	 -0.005	  0.006
[component_container-11] 	  1.700	ErrTwis	  0.138	  0.071	  0.001	  0.003
[component_container-11] 	  1.700	    GPS	 -2.151	 -2.052	  0.353	     --
[component_container-11] 	  1.700	   Baro	     --	     --	  0.823	     --
[component_container-11] 	  1.700	  BBias	     --	     --	  0.570	     --
[component_container-11] 	  1.700	  Sonar	     --	     --	  0.448	     --
[component_container-11] 	  1.700	  Magnt	     --	     --	     --	 -0.280
[component_container-11] 
[component_container-11] 	  1.740	   Pose	 -2.167	 -2.038	  0.465	 -0.321
[component_container-11] 	  1.740	  Twist	 -0.114	 -0.063	  0.464	 -0.298
[component_container-11] 	  1.740	ErrPose	  0.184	  0.013	 -0.007	  0.007
[component_container-11] 	  1.740	ErrTwis	  0.139	  0.074	 -0.002	  0.019
[component_container-11] 	  1.740	    GPS	 -2.151	 -2.052	  0.353	     --
[component_container-11] 	  1.740	   Baro	     --	     --	  0.968	     --
[component_container-11] 	  1.740	  BBias	     --	     --	  0.568	     --
[component_container-11] 	  1.740	  Sonar	     --	     --	  0.461	     --
[component_container-11] 	  1.740	  Magnt	     --	     --	     --	 -0.311
[component_container-11] 
[component_container-11] 	  1.770	   Pose	 -2.171	 -2.040	  0.481	 -0.329
[component_container-11] 	  1.770	  Twist	 -0.116	 -0.064	  0.470	 -0.271
[component_container-11] 	  1.770	ErrPose	  0.188	  0.015	 -0.014	  0.010
[component_container-11] 	  1.770	ErrTwis	  0.140	  0.075	 -0.006	 -0.009
[component_container-11] 	  1.770	    GPS	 -2.151	 -2.052	  0.353	     --
[component_container-11] 	  1.770	   Baro	     --	     --	  1.125	     --
[component_container-11] 	  1.770	  BBias	     --	     --	  0.571	     --
[component_container-11] 	  1.770	  Sonar	     --	     --	  0.481	     --
[component_container-11] 	  1.770	  Magnt	     --	     --	     --	 -0.316
[component_container-11] 
[component_container-11] 	  1.800	   Pose	 -2.174	 -2.042	  0.495	 -0.338
[component_container-11] 	  1.800	  Twist	 -0.117	 -0.064	  0.471	 -0.281
[component_container-11] 	  1.800	ErrPose	  0.193	  0.017	 -0.009	  0.007
[component_container-11] 	  1.800	ErrTwis	  0.142	  0.078	 -0.003	  0.002
[component_container-11] 	  1.800	    GPS	 -2.151	 -2.052	  0.353	     --
[component_container-11] 	  1.800	   Baro	     --	     --	  1.125	     --
[component_container-11] 	  1.800	  BBias	     --	     --	  0.571	     --
[component_container-11] 	  1.800	  Sonar	     --	     --	  0.481	     --
[component_container-11] 	  1.800	  Magnt	     --	     --	     --	 -0.316
[component_container-11] 
[component_container-11] 	  1.840	   Pose	 -2.179	 -2.045	  0.515	 -0.350
[component_container-11] 	  1.840	  Twist	 -0.120	 -0.064	  0.473	 -0.283
[component_container-11] 	  1.840	ErrPose	  0.199	  0.020	 -0.010	  0.008
[component_container-11] 	  1.840	ErrTwis	  0.145	  0.081	 -0.002	  0.004
[component_container-11] 	  1.840	    GPS	 -2.151	 -2.052	  0.353	     --
[component_container-11] 	  1.840	   Baro	     --	     --	  1.059	     --
[component_container-11] 	  1.840	  BBias	     --	     --	  0.570	     --
[component_container-11] 	  1.840	  Sonar	     --	     --	  0.504	     --
[component_container-11] 	  1.840	  Magnt	     --	     --	     --	 -0.367
[component_container-11] 
[component_container-11] 	  1.870	   Pose	 -2.183	 -2.047	  0.530	 -0.360
[component_container-11] 	  1.870	  Twist	 -0.121	 -0.065	  0.475	 -0.297
[component_container-11] 	  1.870	ErrPose	  0.203	  0.022	 -0.015	  0.012
[component_container-11] 	  1.870	ErrTwis	  0.146	  0.082	 -0.003	  0.017
[component_container-11] 	  1.870	    GPS	 -2.151	 -2.052	  0.353	     --
[component_container-11] 	  1.870	   Baro	     --	     --	  1.062	     --
[component_container-11] 	  1.870	  BBias	     --	     --	  0.570	     --
[component_container-11] 	  1.870	  Sonar	     --	     --	  0.528	     --
[component_container-11] 	  1.870	  Magnt	     --	     --	     --	 -0.369
[component_container-11] 
[component_container-11] 	  1.900	   Pose	 -2.186	 -2.049	  0.544	 -0.369
[component_container-11] 	  1.900	  Twist	 -0.122	 -0.067	  0.476	 -0.294
[component_container-11] 	  1.900	ErrPose	  0.208	  0.025	 -0.010	  0.010
[component_container-11] 	  1.900	ErrTwis	  0.147	  0.086	 -0.000	  0.014
[component_container-11] 	  1.900	    GPS	 -2.151	 -2.052	  0.353	     --
[component_container-11] 	  1.900	   Baro	     --	     --	  1.062	     --
[component_container-11] 	  1.900	  BBias	     --	     --	  0.570	     --
[component_container-11] 	  1.900	  Sonar	     --	     --	  0.528	     --
[component_container-11] 	  1.900	  Magnt	     --	     --	     --	 -0.369
[component_container-11] 
[component_container-11] 	  1.940	   Pose	 -2.191	 -2.051	  0.563	 -0.380
[component_container-11] 	  1.940	  Twist	 -0.124	 -0.067	  0.476	 -0.287
[component_container-11] 	  1.940	ErrPose	  0.214	  0.028	 -0.010	  0.010
[component_container-11] 	  1.940	ErrTwis	  0.149	  0.088	  0.002	  0.007
[component_container-11] 	  1.940	    GPS	 -2.151	 -2.052	  0.353	     --
[component_container-11] 	  1.940	   Baro	     --	     --	  1.048	     --
[component_container-11] 	  1.940	  BBias	     --	     --	  0.568	     --
[component_container-11] 	  1.940	  Sonar	     --	     --	  0.550	     --
[component_container-11] 	  1.940	  Magnt	     --	     --	     --	 -0.372
[component_container-11] 
[component_container-11] 	  1.970	   Pose	 -2.195	 -2.053	  0.577	 -0.387
[component_container-11] 	  1.970	  Twist	 -0.125	 -0.067	  0.477	 -0.291
[component_container-11] 	  1.970	ErrPose	  0.218	  0.030	 -0.015	  0.012
[component_container-11] 	  1.970	ErrTwis	  0.150	  0.089	  0.003	  0.011
[component_container-11] 	  1.970	    GPS	 -2.151	 -2.052	  0.353	     --
[component_container-11] 	  1.970	   Baro	     --	     --	  1.182	     --
[component_container-11] 	  1.970	  BBias	     --	     --	  0.569	     --
[component_container-11] 	  1.970	  Sonar	     --	     --	  0.550	     --
[component_container-11] 	  1.970	  Magnt	     --	     --	     --	 -0.353
[component_container-11] 
[component_container-11] [INFO] [1775369566.481524725] [drone.controller]: cmd_vel body=(0.046, 0.038, 0.500) yaw=-0.300 | odom_received=true | plan_points=45
[component_container-11] 	  2.000	   Pose	 -2.199	 -2.055	  0.591	 -0.396
[component_container-11] 	  2.000	  Twist	 -0.127	 -0.068	  0.474	 -0.275
[component_container-11] 	  2.000	ErrPose	  0.223	  0.033	 -0.009	  0.009
[component_container-11] 	  2.000	ErrTwis	  0.151	  0.091	  0.007	 -0.005
[component_container-11] 	  2.000	    GPS	 -2.151	 -2.052	  0.353	     --
[component_container-11] 	  2.000	   Baro	     --	     --	  1.182	     --
[component_container-11] 	  2.000	  BBias	     --	     --	  0.569	     --
[component_container-11] 	  2.000	  Sonar	     --	     --	  0.583	     --
[component_container-11] 	  2.000	  Magnt	     --	     --	     --	 -0.353
[component_container-11] 
[component_container-11] [INFO] [1775369566.481829451] [drone.estimator]: TMP LOG err_xyz=(0.223, 0.033, -0.009) | z_est=0.591 vz_est=0.474 bias=0.569 | gps_z=0.353 sonar=0.583 baro=1.182
[component_container-11] [INFO] [1775369566.486522310] [drone.estimator]: TMP LOG gps innov_xy=(0.207, 0.017) est_xy=(-2.200, -2.056) gps_xy=(-1.993, -2.039) corr_xy=(-1.993, -2.039) vel_xy=(-0.127, -0.068)
[component_container-11] [INFO] [1775369566.486644131] [drone.estimator]: TMP LOG gps vel pseudo raw=(0.314, 0.026) filt=(0.264, 0.021) innov_v=(0.357, 0.086) apply=(1,1)
[component_container-11] 	  2.040	   Pose	 -2.067	 -2.037	  0.606	 -0.407
[component_container-11] 	  2.040	  Twist	 -0.014	 -0.046	  0.467	 -0.282
[component_container-11] 	  2.040	ErrPose	  0.093	  0.016	 -0.005	  0.009
[component_container-11] 	  2.040	ErrTwis	  0.038	  0.070	  0.017	  0.002
[component_container-11] 	  2.040	    GPS	 -1.993	 -2.039	  0.587	     --
[component_container-11] 	  2.040	   Baro	     --	     --	  1.310	     --
[component_container-11] 	  2.040	  BBias	     --	     --	  0.573	     --
[component_container-11] 	  2.040	  Sonar	     --	     --	  0.577	     --
[component_container-11] 	  2.040	  Magnt	     --	     --	     --	 -0.393
[component_container-11] 
[component_container-11] 	  2.070	   Pose	 -2.068	 -2.039	  0.622	 -0.415
[component_container-11] 	  2.070	  Twist	 -0.015	 -0.047	  0.471	 -0.295
[component_container-11] 	  2.070	ErrPose	  0.094	  0.017	 -0.011	  0.011
[component_container-11] 	  2.070	ErrTwis	  0.039	  0.072	  0.014	  0.015
[component_container-11] 	  2.070	    GPS	 -1.993	 -2.039	  0.587	     --
[component_container-11] 	  2.070	   Baro	     --	     --	  1.204	     --
[component_container-11] 	  2.070	  BBias	     --	     --	  0.574	     --
[component_container-11] 	  2.070	  Sonar	     --	     --	  0.624	     --
[component_container-11] 	  2.070	  Magnt	     --	     --	     --	 -0.378
[component_container-11] 
[component_container-11] 	  2.100	   Pose	 -2.068	 -2.040	  0.636	 -0.423
[component_container-11] 	  2.100	  Twist	 -0.016	 -0.048	  0.472	 -0.293
[component_container-11] 	  2.100	ErrPose	  0.096	  0.019	 -0.006	  0.009
[component_container-11] 	  2.100	ErrTwis	  0.041	  0.074	  0.015	  0.013
[component_container-11] 	  2.100	    GPS	 -1.993	 -2.039	  0.587	     --
[component_container-11] 	  2.100	   Baro	     --	     --	  1.204	     --
[component_container-11] 	  2.100	  BBias	     --	     --	  0.574	     --
[component_container-11] 	  2.100	  Sonar	     --	     --	  0.624	     --
[component_container-11] 	  2.100	  Magnt	     --	     --	     --	 -0.378
[component_container-11] 
[component_container-11] 	  2.140	   Pose	 -2.069	 -2.042	  0.659	 -0.436
[component_container-11] 	  2.140	  Twist	 -0.018	 -0.049	  0.479	 -0.304
[component_container-11] 	  2.140	ErrPose	  0.098	  0.022	 -0.008	  0.010
[component_container-11] 	  2.140	ErrTwis	  0.042	  0.076	  0.010	  0.024
[component_container-11] 	  2.140	    GPS	 -1.993	 -2.039	  0.587	     --
[component_container-11] 	  2.140	   Baro	     --	     --	  1.205	     --
[component_container-11] 	  2.140	  BBias	     --	     --	  0.573	     --
[component_container-11] 	  2.140	  Sonar	     --	     --	  0.656	     --
[component_container-11] 	  2.140	  Magnt	     --	     --	     --	 -0.458
[component_container-11] 
[component_container-11] 	  2.170	   Pose	 -2.069	 -2.044	  0.673	 -0.444
[component_container-11] 	  2.170	  Twist	 -0.019	 -0.049	  0.480	 -0.290
[component_container-11] 	  2.170	ErrPose	  0.099	  0.024	 -0.014	  0.013
[component_container-11] 	  2.170	ErrTwis	  0.043	  0.077	  0.010	  0.011
[component_container-11] 	  2.170	    GPS	 -1.993	 -2.039	  0.587	     --
[component_container-11] 	  2.170	   Baro	     --	     --	  1.153	     --
[component_container-11] 	  2.170	  BBias	     --	     --	  0.571	     --
[component_container-11] 	  2.170	  Sonar	     --	     --	  0.673	     --
[component_container-11] 	  2.170	  Magnt	     --	     --	     --	 -0.418
[component_container-11] 
[component_container-11] 	  2.200	   Pose	 -2.070	 -2.045	  0.688	 -0.453
[component_container-11] 	  2.200	  Twist	 -0.020	 -0.049	  0.479	 -0.286
[component_container-11] 	  2.200	ErrPose	  0.101	  0.026	 -0.008	  0.010
[component_container-11] 	  2.200	ErrTwis	  0.043	  0.078	  0.012	  0.007
[component_container-11] 	  2.200	    GPS	 -1.993	 -2.039	  0.587	     --
[component_container-11] 	  2.200	   Baro	     --	     --	  1.153	     --
[component_container-11] 	  2.200	  BBias	     --	     --	  0.571	     --
[component_container-11] 	  2.200	  Sonar	     --	     --	  0.673	     --
[component_container-11] 	  2.200	  Magnt	     --	     --	     --	 -0.418
[component_container-11] 
[component_container-11] 	  2.240	   Pose	 -2.071	 -2.047	  0.703	 -0.463
[component_container-11] 	  2.240	  Twist	 -0.021	 -0.050	  0.469	 -0.269
[component_container-11] 	  2.240	ErrPose	  0.103	  0.028	 -0.003	  0.009
[component_container-11] 	  2.240	ErrTwis	  0.045	  0.079	  0.024	 -0.011
[component_container-11] 	  2.240	    GPS	 -1.993	 -2.039	  0.587	     --
[component_container-11] 	  2.240	   Baro	     --	     --	  1.271	     --
[component_container-11] 	  2.240	  BBias	     --	     --	  0.571	     --
[component_container-11] 	  2.240	  Sonar	     --	     --	  0.673	     --
[component_container-11] 	  2.240	  Magnt	     --	     --	     --	 -0.424
[component_container-11] 
[component_container-11] 	  2.270	   Pose	 -2.071	 -2.048	  0.711	 -0.472
[component_container-11] 	  2.270	  Twist	 -0.023	 -0.050	  0.455	 -0.280
[component_container-11] 	  2.270	ErrPose	  0.105	  0.030	 -0.002	  0.012
[component_container-11] 	  2.270	ErrTwis	  0.046	  0.080	  0.038	  0.001
[component_container-11] 	  2.270	    GPS	 -1.993	 -2.039	  0.587	     --
[component_container-11] 	  2.270	   Baro	     --	     --	  1.391	     --
[component_container-11] 	  2.270	  BBias	     --	     --	  0.575	     --
[component_container-11] 	  2.270	  Sonar	     --	     --	  0.683	     --
[component_container-11] 	  2.270	  Magnt	     --	     --	     --	 -0.481
[component_container-11] 
[component_container-11] 	  2.300	   Pose	 -2.072	 -2.050	  0.725	 -0.481
[component_container-11] 	  2.300	  Twist	 -0.024	 -0.050	  0.454	 -0.283
[component_container-11] 	  2.300	ErrPose	  0.107	  0.032	  0.004	  0.010
[component_container-11] 	  2.300	ErrTwis	  0.047	  0.079	  0.041	  0.004
[component_container-11] 	  2.300	    GPS	 -1.993	 -2.039	  0.587	     --
[component_container-11] 	  2.300	   Baro	     --	     --	  1.391	     --
[component_container-11] 	  2.300	  BBias	     --	     --	  0.575	     --
[component_container-11] 	  2.300	  Sonar	     --	     --	  0.683	     --
[component_container-11] 	  2.300	  Magnt	     --	     --	     --	 -0.481
[component_container-11] 
[component_container-11] 	  2.340	   Pose	 -2.073	 -2.052	  0.737	 -0.491
[component_container-11] 	  2.340	  Twist	 -0.025	 -0.051	  0.439	 -0.290
[component_container-11] 	  2.340	ErrPose	  0.109	  0.035	  0.012	  0.009
[component_container-11] 	  2.340	ErrTwis	  0.048	  0.078	  0.057	  0.011
[component_container-11] 	  2.340	    GPS	 -1.993	 -2.039	  0.587	     --
[component_container-11] 	  2.340	   Baro	     --	     --	  1.298	     --
[component_container-11] 	  2.340	  BBias	     --	     --	  0.575	     --
[component_container-11] 	  2.340	  Sonar	     --	     --	  0.701	     --
[component_container-11] 	  2.340	  Magnt	     --	     --	     --	 -0.434
[component_container-11] 
[component_container-11] 	  2.370	   Pose	 -2.074	 -2.054	  0.763	 -0.500
[component_container-11] 	  2.370	  Twist	 -0.027	 -0.052	  0.470	 -0.285
[component_container-11] 	  2.370	ErrPose	  0.110	  0.036	 -0.004	  0.013
[component_container-11] 	  2.370	ErrTwis	  0.050	  0.078	  0.026	  0.006
[component_container-11] 	  2.370	    GPS	 -1.993	 -2.039	  0.587	     --
[component_container-11] 	  2.370	   Baro	     --	     --	  1.388	     --
[component_container-11] 	  2.370	  BBias	     --	     --	  0.575	     --
[component_container-11] 	  2.370	  Sonar	     --	     --	  0.806	     --
[component_container-11] 	  2.370	  Magnt	     --	     --	     --	 -0.540
[component_container-11] 
[component_container-11] 	  2.400	   Pose	 -2.075	 -2.055	  0.777	 -0.509
[component_container-11] 	  2.400	  Twist	 -0.028	 -0.052	  0.470	 -0.286
[component_container-11] 	  2.400	ErrPose	  0.112	  0.038	  0.002	  0.010
[component_container-11] 	  2.400	ErrTwis	  0.051	  0.076	  0.028	  0.006
[component_container-11] 	  2.400	    GPS	 -1.993	 -2.039	  0.587	     --
[component_container-11] 	  2.400	   Baro	     --	     --	  1.388	     --
[component_container-11] 	  2.400	  BBias	     --	     --	  0.575	     --
[component_container-11] 	  2.400	  Sonar	     --	     --	  0.806	     --
[component_container-11] 	  2.400	  Magnt	     --	     --	     --	 -0.540
[component_container-11] 
[component_container-11] 	  2.440	   Pose	 -2.076	 -2.057	  0.795	 -0.522
[component_container-11] 	  2.440	  Twist	 -0.030	 -0.053	  0.466	 -0.305
[component_container-11] 	  2.440	ErrPose	  0.115	  0.041	  0.004	  0.012
[component_container-11] 	  2.440	ErrTwis	  0.052	  0.075	  0.033	  0.026
[component_container-11] 	  2.440	    GPS	 -1.993	 -2.039	  0.587	     --
[component_container-11] 	  2.440	   Baro	     --	     --	  1.486	     --
[component_container-11] 	  2.440	  BBias	     --	     --	  0.578	     --
[component_container-11] 	  2.440	  Sonar	     --	     --	  0.773	     --
[component_container-11] 	  2.440	  Magnt	     --	     --	     --	 -0.534
[component_container-11] 
[component_container-11] 	  2.470	   Pose	 -2.077	 -2.059	  0.810	 -0.529
[component_container-11] 	  2.470	  Twist	 -0.032	 -0.053	  0.470	 -0.285
[component_container-11] 	  2.470	ErrPose	  0.116	  0.042	 -0.002	  0.014
[component_container-11] 	  2.470	ErrTwis	  0.053	  0.075	  0.030	  0.006
[component_container-11] 	  2.470	    GPS	 -1.993	 -2.039	  0.587	     --
[component_container-11] 	  2.470	   Baro	     --	     --	  1.330	     --
[component_container-11] 	  2.470	  BBias	     --	     --	  0.577	     --
[component_container-11] 	  2.470	  Sonar	     --	     --	  0.813	     --
[component_container-11] 	  2.470	  Magnt	     --	     --	     --	 -0.497
[component_container-11] 
[component_container-11] 	  2.500	   Pose	 -2.078	 -2.060	  0.825	 -0.538
[component_container-11] 	  2.500	  Twist	 -0.034	 -0.054	  0.470	 -0.276
[component_container-11] 	  2.500	ErrPose	  0.118	  0.044	  0.004	  0.011
[component_container-11] 	  2.500	ErrTwis	  0.055	  0.075	  0.030	 -0.004
[component_container-11] 	  2.500	    GPS	 -1.993	 -2.039	  0.587	     --
[component_container-11] 	  2.500	   Baro	     --	     --	  1.330	     --
[component_container-11] 	  2.500	  BBias	     --	     --	  0.577	     --
[component_container-11] 	  2.500	  Sonar	     --	     --	  0.813	     --
[component_container-11] 	  2.500	  Magnt	     --	     --	     --	 -0.497
[component_container-11] 
[component_container-11] 	  2.540	   Pose	 -2.141	 -1.994	  0.849	 -0.550
[component_container-11] 	  2.540	  Twist	 -0.097	  0.005	  0.483	 -0.297
[component_container-11] 	  2.540	ErrPose	  0.183	 -0.022	 -0.000	  0.012
[component_container-11] 	  2.540	ErrTwis	  0.118	  0.015	  0.018	  0.017
[component_container-11] 	  2.540	    GPS	 -2.155	 -1.953	  0.834	     --
[component_container-11] 	  2.540	   Baro	     --	     --	  1.366	     --
[component_container-11] 	  2.540	  BBias	     --	     --	  0.576	     --
[component_container-11] 	  2.540	  Sonar	     --	     --	  0.857	     --
[component_container-11] 	  2.540	  Magnt	     --	     --	     --	 -0.530
[component_container-11] 
[component_container-11] 	  2.570	   Pose	 -2.144	 -1.994	  0.868	 -0.558
[component_container-11] 	  2.570	  Twist	 -0.099	  0.005	  0.493	 -0.293
[component_container-11] 	  2.570	ErrPose	  0.186	 -0.022	 -0.009	  0.014
[component_container-11] 	  2.570	ErrTwis	  0.119	  0.015	  0.009	  0.013
[component_container-11] 	  2.570	    GPS	 -2.155	 -1.953	  0.834	     --
[component_container-11] 	  2.570	   Baro	     --	     --	  1.461	     --
[component_container-11] 	  2.570	  BBias	     --	     --	  0.576	     --
[component_container-11] 	  2.570	  Sonar	     --	     --	  0.880	     --
[component_container-11] 	  2.570	  Magnt	     --	     --	     --	 -0.539
[component_container-11] 
[component_container-11] 	  2.600	   Pose	 -2.147	 -1.994	  0.883	 -0.566
[component_container-11] 	  2.600	  Twist	 -0.101	  0.005	  0.492	 -0.278
[component_container-11] 	  2.600	ErrPose	  0.190	 -0.022	 -0.004	  0.012
[component_container-11] 	  2.600	ErrTwis	  0.120	  0.015	  0.010	 -0.001
[component_container-11] 	  2.600	    GPS	 -2.155	 -1.953	  0.834	     --
[component_container-11] 	  2.600	   Baro	     --	     --	  1.461	     --
[component_container-11] 	  2.600	  BBias	     --	     --	  0.576	     --
[component_container-11] 	  2.600	  Sonar	     --	     --	  0.880	     --
[component_container-11] 	  2.600	  Magnt	     --	     --	     --	 -0.539
[component_container-11] 
[component_container-11] 	  2.640	   Pose	 -2.151	 -1.994	  0.907	 -0.578
[component_container-11] 	  2.640	  Twist	 -0.103	  0.005	  0.501	 -0.285
[component_container-11] 	  2.640	ErrPose	  0.195	 -0.022	 -0.008	  0.012
[component_container-11] 	  2.640	ErrTwis	  0.122	  0.015	  0.003	  0.006
[component_container-11] 	  2.640	    GPS	 -2.155	 -1.953	  0.834	     --
[component_container-11] 	  2.640	   Baro	     --	     --	  1.339	     --
[component_container-11] 	  2.640	  BBias	     --	     --	  0.573	     --
[component_container-11] 	  2.640	  Sonar	     --	     --	  0.910	     --
[component_container-11] 	  2.640	  Magnt	     --	     --	     --	 -0.563
[component_container-11] 
[component_container-11] 	  2.670	   Pose	 -2.154	 -1.993	  0.916	 -0.586
[component_container-11] 	  2.670	  Twist	 -0.105	  0.004	  0.486	 -0.286
[component_container-11] 	  2.670	ErrPose	  0.199	 -0.022	 -0.007	  0.015
[component_container-11] 	  2.670	ErrTwis	  0.124	  0.015	  0.018	  0.006
[component_container-11] 	  2.670	    GPS	 -2.155	 -1.953	  0.834	     --
[component_container-11] 	  2.670	   Baro	     --	     --	  1.541	     --
[component_container-11] 	  2.670	  BBias	     --	     --	  0.574	     --
[component_container-11] 	  2.670	  Sonar	     --	     --	  0.888	     --
[component_container-11] 	  2.670	  Magnt	     --	     --	     --	 -0.578
[component_container-11] 
[component_container-11] 	  2.700	   Pose	 -2.158	 -1.993	  0.931	 -0.595
[component_container-11] 	  2.700	  Twist	 -0.106	  0.005	  0.485	 -0.286
[component_container-11] 	  2.700	ErrPose	  0.203	 -0.021	 -0.001	  0.012
[component_container-11] 	  2.700	ErrTwis	  0.124	  0.015	  0.019	  0.006
[component_container-11] 	  2.700	    GPS	 -2.155	 -1.953	  0.834	     --
[component_container-11] 	  2.700	   Baro	     --	     --	  1.541	     --
[component_container-11] 	  2.700	  BBias	     --	     --	  0.574	     --
[component_container-11] 	  2.700	  Sonar	     --	     --	  0.888	     --
[component_container-11] 	  2.700	  Magnt	     --	     --	     --	 -0.578
[component_container-11] 
[component_container-11] 	  2.740	   Pose	 -2.162	 -1.993	  0.945	 -0.607
[component_container-11] 	  2.740	  Twist	 -0.108	  0.004	  0.472	 -0.294
[component_container-11] 	  2.740	ErrPose	  0.209	 -0.021	  0.005	  0.013
[component_container-11] 	  2.740	ErrTwis	  0.126	  0.015	  0.033	  0.014
[component_container-11] 	  2.740	    GPS	 -2.155	 -1.953	  0.834	     --
[component_container-11] 	  2.740	   Baro	     --	     --	  1.695	     --
[component_container-11] 	  2.740	  BBias	     --	     --	  0.579	     --
[component_container-11] 	  2.740	  Sonar	     --	     --	  0.906	     --
[component_container-11] 	  2.740	  Magnt	     --	     --	     --	 -0.625
[component_container-11] 
[component_container-11] 	  2.770	   Pose	 -2.165	 -1.993	  0.961	 -0.615
[component_container-11] 	  2.770	  Twist	 -0.109	  0.005	  0.476	 -0.281
[component_container-11] 	  2.770	ErrPose	  0.212	 -0.021	 -0.001	  0.016
[component_container-11] 	  2.770	ErrTwis	  0.127	  0.015	  0.029	  0.001
[component_container-11] 	  2.770	    GPS	 -2.155	 -1.953	  0.834	     --
[component_container-11] 	  2.770	   Baro	     --	     --	  1.540	     --
[component_container-11] 	  2.770	  BBias	     --	     --	  0.579	     --
[component_container-11] 	  2.770	  Sonar	     --	     --	  0.963	     --
[component_container-11] 	  2.770	  Magnt	     --	     --	     --	 -0.584
[component_container-11] 
[component_container-11] 	  2.800	   Pose	 -2.168	 -1.993	  0.975	 -0.624
[component_container-11] 	  2.800	  Twist	 -0.111	  0.005	  0.475	 -0.290
[component_container-11] 	  2.800	ErrPose	  0.217	 -0.021	  0.005	  0.013
[component_container-11] 	  2.800	ErrTwis	  0.129	  0.015	  0.031	  0.010
[component_container-11] 	  2.800	    GPS	 -2.155	 -1.953	  0.834	     --
[component_container-11] 	  2.800	   Baro	     --	     --	  1.540	     --
[component_container-11] 	  2.800	  BBias	     --	     --	  0.579	     --
[component_container-11] 	  2.800	  Sonar	     --	     --	  0.963	     --
[component_container-11] 	  2.800	  Magnt	     --	     --	     --	 -0.584
[component_container-11] 
[component_container-11] 	  2.840	   Pose	 -2.173	 -1.993	  1.000	 -0.636
[component_container-11] 	  2.840	  Twist	 -0.113	  0.004	  0.488	 -0.286
[component_container-11] 	  2.840	ErrPose	  0.222	 -0.021	  0.000	  0.014
[component_container-11] 	  2.840	ErrTwis	  0.131	  0.016	  0.018	  0.006
[component_container-11] 	  2.840	    GPS	 -2.155	 -1.953	  0.834	     --
[component_container-11] 	  2.840	   Baro	     --	     --	  1.623	     --
[component_container-11] 	  2.840	  BBias	     --	     --	  0.579	     --
[component_container-11] 	  2.840	  Sonar	     --	     --	  1.006	     --
[component_container-11] 	  2.840	  Magnt	     --	     --	     --	 -0.632
[component_container-11] 
[component_container-11] 	  2.870	   Pose	 -2.176	 -1.993	  1.016	 -0.644
[component_container-11] 	  2.870	  Twist	 -0.114	  0.004	  0.490	 -0.291
[component_container-11] 	  2.870	ErrPose	  0.226	 -0.021	 -0.006	  0.016
[component_container-11] 	  2.870	ErrTwis	  0.132	  0.016	  0.017	  0.011
[component_container-11] 	  2.870	    GPS	 -2.155	 -1.953	  0.834	     --
[component_container-11] 	  2.870	   Baro	     --	     --	  1.717	     --
[component_container-11] 	  2.870	  BBias	     --	     --	  0.582	     --
[component_container-11] 	  2.870	  Sonar	     --	     --	  1.012	     --
[component_container-11] 	  2.870	  Magnt	     --	     --	     --	 -0.625
[component_container-11] 
[component_container-11] 	  2.900	   Pose	 -2.180	 -1.992	  1.031	 -0.652
[component_container-11] 	  2.900	  Twist	 -0.116	  0.004	  0.488	 -0.285
[component_container-11] 	  2.900	ErrPose	  0.231	 -0.021	  0.000	  0.014
[component_container-11] 	  2.900	ErrTwis	  0.134	  0.015	  0.019	  0.005
[component_container-11] 	  2.900	    GPS	 -2.155	 -1.953	  0.834	     --
[component_container-11] 	  2.900	   Baro	     --	     --	  1.717	     --
[component_container-11] 	  2.900	  BBias	     --	     --	  0.582	     --
[component_container-11] 	  2.900	  Sonar	     --	     --	  1.012	     --
[component_container-11] 	  2.900	  Magnt	     --	     --	     --	 -0.625
[component_container-11] 
[component_container-11] 	  2.940	   Pose	 -2.184	 -1.992	  1.045	 -0.664
[component_container-11] 	  2.940	  Twist	 -0.118	  0.003	  0.476	 -0.275
[component_container-11] 	  2.940	ErrPose	  0.236	 -0.021	  0.006	  0.014
[component_container-11] 	  2.940	ErrTwis	  0.136	  0.016	  0.032	 -0.005
[component_container-11] 	  2.940	    GPS	 -2.155	 -1.953	  0.834	     --
[component_container-11] 	  2.940	   Baro	     --	     --	  1.575	     --
[component_container-11] 	  2.940	  BBias	     --	     --	  0.582	     --
[component_container-11] 	  2.940	  Sonar	     --	     --	  1.014	     --
[component_container-11] 	  2.940	  Magnt	     --	     --	     --	 -0.650
[component_container-11] 
[component_container-11] 	  2.970	   Pose	 -2.188	 -1.992	  1.054	 -0.672
[component_container-11] 	  2.970	  Twist	 -0.120	  0.004	  0.461	 -0.282
[component_container-11] 	  2.970	ErrPose	  0.240	 -0.021	  0.007	  0.017
[component_container-11] 	  2.970	ErrTwis	  0.138	  0.016	  0.047	  0.002
[component_container-11] 	  2.970	    GPS	 -2.155	 -1.953	  0.834	     --
[component_container-11] 	  2.970	   Baro	     --	     --	  1.640	     --
[component_container-11] 	  2.970	  BBias	     --	     --	  0.582	     --
[component_container-11] 	  2.970	  Sonar	     --	     --	  1.035	     --
[component_container-11] 	  2.970	  Magnt	     --	     --	     --	 -0.670
[component_container-11] 
[component_container-11] [INFO] [1775369567.483136636] [drone.controller]: cmd_vel body=(0.049, 0.036, 0.500) yaw=-0.300 | odom_received=true | plan_points=40
[component_container-11] 	  3.000	   Pose	 -2.192	 -1.992	  1.068	 -0.681
[component_container-11] 	  3.000	  Twist	 -0.121	  0.004	  0.460	 -0.288
[component_container-11] 	  3.000	ErrPose	  0.245	 -0.021	  0.014	  0.014
[component_container-11] 	  3.000	ErrTwis	  0.139	  0.015	  0.048	  0.008
[component_container-11] 	  3.000	    GPS	 -2.155	 -1.953	  0.834	     --
[component_container-11] 	  3.000	   Baro	     --	     --	  1.640	     --
[component_container-11] 	  3.000	  BBias	     --	     --	  0.582	     --
[component_container-11] 	  3.000	  Sonar	     --	     --	  1.035	     --
[component_container-11] 	  3.000	  Magnt	     --	     --	     --	 -0.670
[component_container-11] 
[component_container-11] [INFO] [1775369567.483348276] [drone.estimator]: TMP LOG err_xyz=(0.245, -0.021, 0.014) | z_est=1.068 vz_est=0.460 bias=0.582 | gps_z=0.834 sonar=1.035 baro=1.640
[component_container-11] [INFO] [1775369567.485921516] [drone.estimator]: TMP LOG gps innov_xy=(0.098, -0.141) est_xy=(-2.193, -1.992) gps_xy=(-2.095, -2.133) corr_xy=(-2.095, -2.133) vel_xy=(-0.122, 0.004)
[component_container-11] [INFO] [1775369567.486038648] [drone.estimator]: TMP LOG gps vel pseudo raw=(0.121, -0.361) filt=(0.082, -0.309) innov_v=(0.189, -0.291) apply=(1,1)
[component_container-11] 	  3.040	   Pose	 -2.134	 -2.085	  1.093	 -0.693
[component_container-11] 	  3.040	  Twist	 -0.067	 -0.082	  0.472	 -0.273
[component_container-11] 	  3.040	ErrPose	  0.188	  0.072	  0.009	  0.015
[component_container-11] 	  3.040	ErrTwis	  0.084	  0.102	  0.036	 -0.007
[component_container-11] 	  3.040	    GPS	 -2.095	 -2.133	  1.087	     --
[component_container-11] 	  3.040	   Baro	     --	     --	  1.783	     --
[component_container-11] 	  3.040	  BBias	     --	     --	  0.584	     --
[component_container-11] 	  3.040	  Sonar	     --	     --	  1.096	     --
[component_container-11] 	  3.040	  Magnt	     --	     --	     --	 -0.709
[component_container-11] 
[component_container-11] 	  3.070	   Pose	 -2.136	 -2.088	  1.104	 -0.701
[component_container-11] 	  3.070	  Twist	 -0.068	 -0.083	  0.465	 -0.292
[component_container-11] 	  3.070	ErrPose	  0.191	  0.075	  0.008	  0.017
[component_container-11] 	  3.070	ErrTwis	  0.086	  0.104	  0.044	  0.012
[component_container-11] 	  3.070	    GPS	 -2.095	 -2.133	  1.087	     --
[component_container-11] 	  3.070	   Baro	     --	     --	  1.438	     --
[component_container-11] 	  3.070	  BBias	     --	     --	  0.580	     --
[component_container-11] 	  3.070	  Sonar	     --	     --	  1.096	     --
[component_container-11] 	  3.070	  Magnt	     --	     --	     --	 -0.684
[component_container-11] 
[component_container-11] 	  3.100	   Pose	 -2.138	 -2.090	  1.118	 -0.709
[component_container-11] 	  3.100	  Twist	 -0.070	 -0.083	  0.464	 -0.291
[component_container-11] 	  3.100	ErrPose	  0.194	  0.078	  0.015	  0.015
[component_container-11] 	  3.100	ErrTwis	  0.088	  0.104	  0.045	  0.011
[component_container-11] 	  3.100	    GPS	 -2.095	 -2.133	  1.087	     --
[component_container-11] 	  3.100	   Baro	     --	     --	  1.438	     --
[component_container-11] 	  3.100	  BBias	     --	     --	  0.580	     --
[component_container-11] 	  3.100	  Sonar	     --	     --	  1.096	     --
[component_container-11] 	  3.100	  Magnt	     --	     --	     --	 -0.684
[component_container-11] 
[component_container-11] 	  3.140	   Pose	 -2.141	 -2.094	  1.133	 -0.721
[component_container-11] 	  3.140	  Twist	 -0.072	 -0.083	  0.453	 -0.282
[component_container-11] 	  3.140	ErrPose	  0.198	  0.081	  0.020	  0.015
[component_container-11] 	  3.140	ErrTwis	  0.090	  0.104	  0.056	  0.002
[component_container-11] 	  3.140	    GPS	 -2.095	 -2.133	  1.087	     --
[component_container-11] 	  3.140	   Baro	     --	     --	  1.646	     --
[component_container-11] 	  3.140	  BBias	     --	     --	  0.579	     --
[component_container-11] 	  3.140	  Sonar	     --	     --	  1.112	     --
[component_container-11] 	  3.140	  Magnt	     --	     --	     --	 -0.694
[component_container-11] 
[component_container-11] 	  3.170	   Pose	 -2.143	 -2.096	  1.161	 -0.729
[component_container-11] 	  3.170	  Twist	 -0.074	 -0.083	  0.488	 -0.280
[component_container-11] 	  3.170	ErrPose	  0.201	  0.084	  0.002	  0.018
[component_container-11] 	  3.170	ErrTwis	  0.092	  0.105	  0.021	 -0.000
[component_container-11] 	  3.170	    GPS	 -2.095	 -2.133	  1.087	     --
[component_container-11] 	  3.170	   Baro	     --	     --	  1.792	     --
[component_container-11] 	  3.170	  BBias	     --	     --	  0.579	     --
[component_container-11] 	  3.170	  Sonar	     --	     --	  1.214	     --
[component_container-11] 	  3.170	  Magnt	     --	     --	     --	 -0.741
[component_container-11] 
[component_container-11] 	  3.200	   Pose	 -2.145	 -2.099	  1.176	 -0.738
[component_container-11] 	  3.200	  Twist	 -0.076	 -0.083	  0.487	 -0.274
[component_container-11] 	  3.200	ErrPose	  0.204	  0.087	  0.008	  0.015
[component_container-11] 	  3.200	ErrTwis	  0.093	  0.106	  0.023	 -0.006
[component_container-11] 	  3.200	    GPS	 -2.095	 -2.133	  1.087	     --
[component_container-11] 	  3.200	   Baro	     --	     --	  1.792	     --
[component_container-11] 	  3.200	  BBias	     --	     --	  0.579	     --
[component_container-11] 	  3.200	  Sonar	     --	     --	  1.214	     --
[component_container-11] 	  3.200	  Magnt	     --	     --	     --	 -0.741
[component_container-11] 
[component_container-11] 	  3.240	   Pose	 -2.148	 -2.102	  1.188	 -0.748
[component_container-11] 	  3.240	  Twist	 -0.077	 -0.082	  0.469	 -0.305
[component_container-11] 	  3.240	ErrPose	  0.209	  0.090	  0.016	  0.015
[component_container-11] 	  3.240	ErrTwis	  0.095	  0.106	  0.041	  0.025
[component_container-11] 	  3.240	    GPS	 -2.095	 -2.133	  1.087	     --
[component_container-11] 	  3.240	   Baro	     --	     --	  1.862	     --
[component_container-11] 	  3.240	  BBias	     --	     --	  0.581	     --
[component_container-11] 	  3.240	  Sonar	     --	     --	  1.151	     --
[component_container-11] 	  3.240	  Magnt	     --	     --	     --	 -0.702
[component_container-11] 
[component_container-11] 	  3.270	   Pose	 -2.150	 -2.104	  1.202	 -0.757
[component_container-11] 	  3.270	  Twist	 -0.079	 -0.083	  0.467	 -0.283
[component_container-11] 	  3.270	ErrPose	  0.212	  0.093	  0.012	  0.018
[component_container-11] 	  3.270	ErrTwis	  0.097	  0.108	  0.043	  0.003
[component_container-11] 	  3.270	    GPS	 -2.095	 -2.133	  1.087	     --
[component_container-11] 	  3.270	   Baro	     --	     --	  1.770	     --
[component_container-11] 	  3.270	  BBias	     --	     --	  0.581	     --
[component_container-11] 	  3.270	  Sonar	     --	     --	  1.151	     --
[component_container-11] 	  3.270	  Magnt	     --	     --	     --	 -0.770
[component_container-11] 
[component_container-11] 	  3.300	   Pose	 -2.153	 -2.107	  1.218	 -0.766
[component_container-11] 	  3.300	  Twist	 -0.080	 -0.084	  0.470	 -0.282
[component_container-11] 	  3.300	ErrPose	  0.215	  0.096	  0.017	  0.016
[component_container-11] 	  3.300	ErrTwis	  0.097	  0.110	  0.040	  0.002
[component_container-11] 	  3.300	    GPS	 -2.095	 -2.133	  1.087	     --
[component_container-11] 	  3.300	   Baro	     --	     --	  1.770	     --
[component_container-11] 	  3.300	  BBias	     --	     --	  0.581	     --
[component_container-11] 	  3.300	  Sonar	     --	     --	  1.215	     --
[component_container-11] 	  3.300	  Magnt	     --	     --	     --	 -0.770
[component_container-11] 
[component_container-11] 	  3.340	   Pose	 -2.156	 -2.110	  1.245	 -0.776
[component_container-11] 	  3.340	  Twist	 -0.083	 -0.083	  0.487	 -0.268
[component_container-11] 	  3.340	ErrPose	  0.220	  0.100	  0.010	  0.014
[component_container-11] 	  3.340	ErrTwis	  0.099	  0.111	  0.024	 -0.012
[component_container-11] 	  3.340	    GPS	 -2.095	 -2.133	  1.087	     --
[component_container-11] 	  3.340	   Baro	     --	     --	  1.788	     --
[component_container-11] 	  3.340	  BBias	     --	     --	  0.580	     --
[component_container-11] 	  3.340	  Sonar	     --	     --	  1.265	     --
[component_container-11] 	  3.340	  Magnt	     --	     --	     --	 -0.707
[component_container-11] 
[component_container-11] 	  3.370	   Pose	 -2.159	 -2.113	  1.259	 -0.783
[component_container-11] 	  3.370	  Twist	 -0.084	 -0.084	  0.484	 -0.293
[component_container-11] 	  3.370	ErrPose	  0.223	  0.103	  0.006	  0.015
[component_container-11] 	  3.370	ErrTwis	  0.101	  0.113	  0.027	  0.014
[component_container-11] 	  3.370	    GPS	 -2.095	 -2.133	  1.087	     --
[component_container-11] 	  3.370	   Baro	     --	     --	  1.735	     --
[component_container-11] 	  3.370	  BBias	     --	     --	  0.579	     --
[component_container-11] 	  3.370	  Sonar	     --	     --	  1.265	     --
[component_container-11] 	  3.370	  Magnt	     --	     --	     --	 -0.707
[component_container-11] 
[component_container-11] 	  3.400	   Pose	 -2.161	 -2.115	  1.268	 -0.791
[component_container-11] 	  3.400	  Twist	 -0.086	 -0.084	  0.469	 -0.298
[component_container-11] 	  3.400	ErrPose	  0.227	  0.106	  0.018	  0.013
[component_container-11] 	  3.400	ErrTwis	  0.102	  0.116	  0.042	  0.018
[component_container-11] 	  3.400	    GPS	 -2.095	 -2.133	  1.087	     --
[component_container-11] 	  3.400	   Baro	     --	     --	  1.735	     --
[component_container-11] 	  3.400	  BBias	     --	     --	  0.579	     --
[component_container-11] 	  3.400	  Sonar	     --	     --	  1.239	     --
[component_container-11] 	  3.400	  Magnt	     --	     --	     --	 -0.707
[component_container-11] 
[component_container-11] 	  3.440	   Pose	 -2.165	 -2.119	  1.293	 -0.802
[component_container-11] 	  3.440	  Twist	 -0.087	 -0.084	  0.483	 -0.295
[component_container-11] 	  3.440	ErrPose	  0.232	  0.110	  0.013	  0.012
[component_container-11] 	  3.440	ErrTwis	  0.102	  0.118	  0.028	  0.016
[component_container-11] 	  3.440	    GPS	 -2.095	 -2.133	  1.087	     --
[component_container-11] 	  3.440	   Baro	     --	     --	  1.909	     --
[component_container-11] 	  3.440	  BBias	     --	     --	  0.580	     --
[component_container-11] 	  3.440	  Sonar	     --	     --	  1.310	     --
[component_container-11] 	  3.440	  Magnt	     --	     --	     --	 -0.765
[component_container-11] 
[component_container-11] 	  3.470	   Pose	 -2.167	 -2.121	  1.308	 -0.810
[component_container-11] 	  3.470	  Twist	 -0.088	 -0.084	  0.482	 -0.291
[component_container-11] 	  3.470	ErrPose	  0.236	  0.113	  0.009	  0.015
[component_container-11] 	  3.470	ErrTwis	  0.103	  0.119	  0.029	  0.011
[component_container-11] 	  3.470	    GPS	 -2.095	 -2.133	  1.087	     --
[component_container-11] 	  3.470	   Baro	     --	     --	  1.926	     --
[component_container-11] 	  3.470	  BBias	     --	     --	  0.580	     --
[component_container-11] 	  3.470	  Sonar	     --	     --	  1.310	     --
[component_container-11] 	  3.470	  Magnt	     --	     --	     --	 -0.787
[component_container-11] 
[component_container-11] 	  3.500	   Pose	 -2.170	 -2.124	  1.314	 -0.818
[component_container-11] 	  3.500	  Twist	 -0.090	 -0.084	  0.464	 -0.284
[component_container-11] 	  3.500	ErrPose	  0.240	  0.116	  0.022	  0.012
[component_container-11] 	  3.500	ErrTwis	  0.104	  0.121	  0.048	  0.004
[component_container-11] 	  3.500	    GPS	 -2.095	 -2.133	  1.087	     --
[component_container-11] 	  3.500	   Baro	     --	     --	  1.926	     --
[component_container-11] 	  3.500	  BBias	     --	     --	  0.581	     --
[component_container-11] 	  3.500	  Sonar	     --	     --	  1.278	     --
[component_container-11] 	  3.500	  Magnt	     --	     --	     --	 -0.787
[component_container-11] 
[component_container-11] 	  3.540	   Pose	 -2.186	 -1.906	  1.336	 -0.830
[component_container-11] 	  3.540	  Twist	 -0.105	  0.113	  0.469	 -0.299
[component_container-11] 	  3.540	ErrPose	  0.257	 -0.101	  0.021	  0.013
[component_container-11] 	  3.540	ErrTwis	  0.119	 -0.074	  0.043	  0.019
[component_container-11] 	  3.540	    GPS	 -2.181	 -1.769	  1.342	     --
[component_container-11] 	  3.540	   Baro	     --	     --	  1.763	     --
[component_container-11] 	  3.540	  BBias	     --	     --	  0.579	     --
[component_container-11] 	  3.540	  Sonar	     --	     --	  1.346	     --
[component_container-11] 	  3.540	  Magnt	     --	     --	     --	 -0.835
[component_container-11] 
[component_container-11] 	  3.570	   Pose	 -2.189	 -1.903	  1.350	 -0.838
[component_container-11] 	  3.570	  Twist	 -0.107	  0.113	  0.465	 -0.288
[component_container-11] 	  3.570	ErrPose	  0.261	 -0.104	  0.018	  0.015
[component_container-11] 	  3.570	ErrTwis	  0.120	 -0.073	  0.046	  0.008
[component_container-11] 	  3.570	    GPS	 -2.181	 -1.769	  1.342	     --
[component_container-11] 	  3.570	   Baro	     --	     --	  1.799	     --
[component_container-11] 	  3.570	  BBias	     --	     --	  0.577	     --
[component_container-11] 	  3.570	  Sonar	     --	     --	  1.346	     --
[component_container-11] 	  3.570	  Magnt	     --	     --	     --	 -0.792
[component_container-11] 
[component_container-11] 	  3.600	   Pose	 -2.192	 -1.899	  1.364	 -0.847
[component_container-11] 	  3.600	  Twist	 -0.108	  0.113	  0.465	 -0.288
[component_container-11] 	  3.600	ErrPose	  0.266	 -0.106	  0.024	  0.012
[component_container-11] 	  3.600	ErrTwis	  0.120	 -0.072	  0.047	  0.008
[component_container-11] 	  3.600	    GPS	 -2.181	 -1.769	  1.342	     --
[component_container-11] 	  3.600	   Baro	     --	     --	  1.799	     --
[component_container-11] 	  3.600	  BBias	     --	     --	  0.577	     --
[component_container-11] 	  3.600	  Sonar	     --	     --	  1.356	     --
[component_container-11] 	  3.600	  Magnt	     --	     --	     --	 -0.792
[component_container-11] 
[component_container-11] 	  3.640	   Pose	 -2.197	 -1.895	  1.392	 -0.856
[component_container-11] 	  3.640	  Twist	 -0.111	  0.114	  0.487	 -0.289
[component_container-11] 	  3.640	ErrPose	  0.272	 -0.110	  0.016	  0.011
[component_container-11] 	  3.640	ErrTwis	  0.121	 -0.070	  0.025	  0.010
[component_container-11] 	  3.640	    GPS	 -2.181	 -1.769	  1.342	     --
[component_container-11] 	  3.640	   Baro	     --	     --	  2.021	     --
[component_container-11] 	  3.640	  BBias	     --	     --	  0.577	     --
[component_container-11] 	  3.640	  Sonar	     --	     --	  1.422	     --
[component_container-11] 	  3.640	  Magnt	     --	     --	     --	 -0.772
[component_container-11] 
[component_container-11] 	  3.670	   Pose	 -2.200	 -1.891	  1.408	 -0.864
[component_container-11] 	  3.670	  Twist	 -0.113	  0.114	  0.489	 -0.299
[component_container-11] 	  3.670	ErrPose	  0.277	 -0.113	  0.010	  0.013
[component_container-11] 	  3.670	ErrTwis	  0.123	 -0.069	  0.023	  0.019
[component_container-11] 	  3.670	    GPS	 -2.181	 -1.769	  1.342	     --
[component_container-11] 	  3.670	   Baro	     --	     --	  2.176	     --
[component_container-11] 	  3.670	  BBias	     --	     --	  0.580	     --
[component_container-11] 	  3.670	  Sonar	     --	     --	  1.422	     --
[component_container-11] 	  3.670	  Magnt	     --	     --	     --	 -0.849
[component_container-11] 
[component_container-11] 	  3.700	   Pose	 -2.204	 -1.888	  1.420	 -0.873
[component_container-11] 	  3.700	  Twist	 -0.114	  0.114	  0.481	 -0.293
[component_container-11] 	  3.700	ErrPose	  0.282	 -0.115	  0.019	  0.011
[component_container-11] 	  3.700	ErrTwis	  0.124	 -0.067	  0.032	  0.014
[component_container-11] 	  3.700	    GPS	 -2.181	 -1.769	  1.342	     --
[component_container-11] 	  3.700	   Baro	     --	     --	  2.176	     --
[component_container-11] 	  3.700	  BBias	     --	     --	  0.580	     --
[component_container-11] 	  3.700	  Sonar	     --	     --	  1.400	     --
[component_container-11] 	  3.700	  Magnt	     --	     --	     --	 -0.849
[component_container-11] 
[component_container-11] 	  3.740	   Pose	 -2.208	 -1.883	  1.436	 -0.885
[component_container-11] 	  3.740	  Twist	 -0.116	  0.114	  0.471	 -0.293
[component_container-11] 	  3.740	ErrPose	  0.288	 -0.119	  0.024	  0.011
[component_container-11] 	  3.740	ErrTwis	  0.124	 -0.065	  0.042	  0.013
[component_container-11] 	  3.740	    GPS	 -2.181	 -1.769	  1.342	     --
[component_container-11] 	  3.740	   Baro	     --	     --	  1.999	     --
[component_container-11] 	  3.740	  BBias	     --	     --	  0.580	     --
[component_container-11] 	  3.740	  Sonar	     --	     --	  1.419	     --
[component_container-11] 	  3.740	  Magnt	     --	     --	     --	 -0.880
[component_container-11] 
[component_container-11] 	  3.770	   Pose	 -2.212	 -1.880	  1.450	 -0.893
[component_container-11] 	  3.770	  Twist	 -0.117	  0.114	  0.470	 -0.293
[component_container-11] 	  3.770	ErrPose	  0.292	 -0.122	  0.020	  0.014
[component_container-11] 	  3.770	ErrTwis	  0.126	 -0.065	  0.042	  0.013
[component_container-11] 	  3.770	    GPS	 -2.181	 -1.769	  1.342	     --
[component_container-11] 	  3.770	   Baro	     --	     --	  2.047	     --
[component_container-11] 	  3.770	  BBias	     --	     --	  0.581	     --
[component_container-11] 	  3.770	  Sonar	     --	     --	  1.419	     --
[component_container-11] 	  3.770	  Magnt	     --	     --	     --	 -0.859
[component_container-11] 
[component_container-11] 	  3.800	   Pose	 -2.215	 -1.876	  1.469	 -0.902
[component_container-11] 	  3.800	  Twist	 -0.118	  0.114	  0.478	 -0.296
[component_container-11] 	  3.800	ErrPose	  0.297	 -0.125	  0.022	  0.011
[component_container-11] 	  3.800	ErrTwis	  0.128	 -0.067	  0.034	  0.016
[component_container-11] 	  3.800	    GPS	 -2.181	 -1.769	  1.342	     --
[component_container-11] 	  3.800	   Baro	     --	     --	  2.047	     --
[component_container-11] 	  3.800	  BBias	     --	     --	  0.581	     --
[component_container-11] 	  3.800	  Sonar	     --	     --	  1.475	     --
[component_container-11] 	  3.800	  Magnt	     --	     --	     --	 -0.859
[component_container-11] 
[component_container-11] 	  3.840	   Pose	 -2.220	 -1.872	  1.492	 -0.913
[component_container-11] 	  3.840	  Twist	 -0.120	  0.114	  0.486	 -0.304
[component_container-11] 	  3.840	ErrPose	  0.304	 -0.129	  0.019	  0.011
[component_container-11] 	  3.840	ErrTwis	  0.130	 -0.070	  0.026	  0.024
[component_container-11] 	  3.840	    GPS	 -2.181	 -1.769	  1.342	     --
[component_container-11] 	  3.840	   Baro	     --	     --	  2.037	     --
[component_container-11] 	  3.840	  BBias	     --	     --	  0.580	     --
[component_container-11] 	  3.840	  Sonar	     --	     --	  1.503	     --
[component_container-11] 	  3.840	  Magnt	     --	     --	     --	 -0.884
[component_container-11] 
[component_container-11] 	  3.870	   Pose	 -2.224	 -1.868	  1.506	 -0.923
[component_container-11] 	  3.870	  Twist	 -0.121	  0.115	  0.484	 -0.305
[component_container-11] 	  3.870	ErrPose	  0.308	 -0.132	  0.015	  0.015
[component_container-11] 	  3.870	ErrTwis	  0.131	 -0.071	  0.028	  0.025
[component_container-11] 	  3.870	    GPS	 -2.181	 -1.769	  1.342	     --
[component_container-11] 	  3.870	   Baro	     --	     --	  2.057	     --
[component_container-11] 	  3.870	  BBias	     --	     --	  0.580	     --
[component_container-11] 	  3.870	  Sonar	     --	     --	  1.503	     --
[component_container-11] 	  3.870	  Magnt	     --	     --	     --	 -0.951
[component_container-11] 
[component_container-11] 	  3.900	   Pose	 -2.227	 -1.865	  1.521	 -0.932
[component_container-11] 	  3.900	  Twist	 -0.124	  0.114	  0.483	 -0.292
[component_container-11] 	  3.900	ErrPose	  0.313	 -0.135	  0.021	  0.013
[component_container-11] 	  3.900	ErrTwis	  0.133	 -0.074	  0.030	  0.012
[component_container-11] 	  3.900	    GPS	 -2.181	 -1.769	  1.342	     --
[component_container-11] 	  3.900	   Baro	     --	     --	  2.057	     --
[component_container-11] 	  3.900	  BBias	     --	     --	  0.580	     --
[component_container-11] 	  3.900	  Sonar	     --	     --	  1.510	     --
[component_container-11] 	  3.900	  Magnt	     --	     --	     --	 -0.951
[component_container-11] 
[component_container-11] 	  3.940	   Pose	 -2.232	 -1.860	  1.550	 -0.943
[component_container-11] 	  3.940	  Twist	 -0.125	  0.113	  0.505	 -0.274
[component_container-11] 	  3.940	ErrPose	  0.319	 -0.139	  0.012	  0.013
[component_container-11] 	  3.940	ErrTwis	  0.136	 -0.076	  0.008	 -0.006
[component_container-11] 	  3.940	    GPS	 -2.181	 -1.769	  1.342	     --
[component_container-11] 	  3.940	   Baro	     --	     --	  2.112	     --
[component_container-11] 	  3.940	  BBias	     --	     --	  0.579	     --
[component_container-11] 	  3.940	  Sonar	     --	     --	  1.581	     --
[component_container-11] 	  3.940	  Magnt	     --	     --	     --	 -0.917
[component_container-11] 
[component_container-11] 	  3.970	   Pose	 -2.236	 -1.857	  1.565	 -0.950
[component_container-11] 	  3.970	  Twist	 -0.127	  0.114	  0.505	 -0.299
[component_container-11] 	  3.970	ErrPose	  0.324	 -0.142	  0.007	  0.015
[component_container-11] 	  3.970	ErrTwis	  0.138	 -0.078	  0.009	  0.019
[component_container-11] 	  3.970	    GPS	 -2.181	 -1.769	  1.342	     --
[component_container-11] 	  3.970	   Baro	     --	     --	  2.178	     --
[component_container-11] 	  3.970	  BBias	     --	     --	  0.580	     --
[component_container-11] 	  3.970	  Sonar	     --	     --	  1.581	     --
[component_container-11] 	  3.970	  Magnt	     --	     --	     --	 -0.913
[component_container-11] 
[component_container-11] [INFO] [1775369568.483912179] [drone.controller]: cmd_vel body=(0.091, 0.037, 0.500) yaw=-0.300 | odom_received=true | plan_points=36
[component_container-11] 	  4.000	   Pose	 -2.240	 -1.854	  1.580	 -0.959
[component_container-11] 	  4.000	  Twist	 -0.129	  0.114	  0.502	 -0.291
[component_container-11] 	  4.000	ErrPose	  0.329	 -0.145	  0.013	  0.013
[component_container-11] 	  4.000	ErrTwis	  0.140	 -0.080	  0.011	  0.012
[component_container-11] 	  4.000	    GPS	 -2.181	 -1.769	  1.342	     --
[component_container-11] 	  4.000	   Baro	     --	     --	  2.178	     --
[component_container-11] 	  4.000	  BBias	     --	     --	  0.580	     --
[component_container-11] 	  4.000	  Sonar	     --	     --	  1.568	     --
[component_container-11] 	  4.000	  Magnt	     --	     --	     --	 -0.913
[component_container-11] 
[component_container-11] [INFO] [1775369568.484314878] [drone.estimator]: TMP LOG err_xyz=(0.329, -0.145, 0.013) | z_est=1.580 vz_est=0.502 bias=0.580 | gps_z=1.342 sonar=1.568 baro=2.178
[component_container-11] [INFO] [1775369568.487145138] [drone.estimator]: TMP LOG gps innov_xy=(0.082, -0.138) est_xy=(-2.241, -1.852) gps_xy=(-2.159, -1.990) corr_xy=(-2.159, -1.990) vel_xy=(-0.130, 0.114)
[component_container-11] [INFO] [1775369568.487311683] [drone.estimator]: TMP LOG gps vel pseudo raw=(0.044, -0.443) filt=(0.025, -0.337) innov_v=(0.142, -0.429) apply=(1,1)
[component_container-11] 	  4.040	   Pose	 -2.195	 -1.963	  1.597	 -0.969
[component_container-11] 	  4.040	  Twist	 -0.087	 -0.001	  0.494	 -0.293
[component_container-11] 	  4.040	ErrPose	  0.286	 -0.036	  0.017	  0.012
[component_container-11] 	  4.040	ErrTwis	  0.098	  0.033	  0.020	  0.013
[component_container-11] 	  4.040	    GPS	 -2.159	 -1.990	  1.598	     --
[component_container-11] 	  4.040	   Baro	     --	     --	  2.231	     --
[component_container-11] 	  4.040	  BBias	     --	     --	  0.581	     --
[component_container-11] 	  4.040	  Sonar	     --	     --	  1.579	     --
[component_container-11] 	  4.040	  Magnt	     --	     --	     --	 -0.904
[component_container-11] 
[component_container-11] 	  4.070	   Pose	 -2.198	 -1.963	  1.612	 -0.978
[component_container-11] 	  4.070	  Twist	 -0.089	 -0.000	  0.493	 -0.268
[component_container-11] 	  4.070	ErrPose	  0.289	 -0.036	  0.012	  0.015
[component_container-11] 	  4.070	ErrTwis	  0.101	  0.032	  0.021	 -0.012
[component_container-11] 	  4.070	    GPS	 -2.159	 -1.990	  1.598	     --
[component_container-11] 	  4.070	   Baro	     --	     --	  2.197	     --
[component_container-11] 	  4.070	  BBias	     --	     --	  0.581	     --
[component_container-11] 	  4.070	  Sonar	     --	     --	  1.579	     --
[component_container-11] 	  4.070	  Magnt	     --	     --	     --	 -0.988
[component_container-11] 
[component_container-11] 	  4.100	   Pose	 -2.201	 -1.963	  1.633	 -0.987
[component_container-11] 	  4.100	  Twist	 -0.090	 -0.000	  0.505	 -0.270
[component_container-11] 	  4.100	ErrPose	  0.293	 -0.036	  0.012	  0.012
[component_container-11] 	  4.100	ErrTwis	  0.104	  0.031	  0.009	 -0.010
[component_container-11] 	  4.100	    GPS	 -2.159	 -1.990	  1.598	     --
[component_container-11] 	  4.100	   Baro	     --	     --	  2.197	     --
[component_container-11] 	  4.100	  BBias	     --	     --	  0.581	     --
[component_container-11] 	  4.100	  Sonar	     --	     --	  1.644	     --
[component_container-11] 	  4.100	  Magnt	     --	     --	     --	 -0.988
[component_container-11] 
[component_container-11] 	  4.140	   Pose	 -2.204	 -1.963	  1.649	 -0.997
[component_container-11] 	  4.140	  Twist	 -0.092	 -0.000	  0.495	 -0.290
[component_container-11] 	  4.140	ErrPose	  0.298	 -0.036	  0.016	  0.011
[component_container-11] 	  4.140	ErrTwis	  0.107	  0.031	  0.019	  0.011
[component_container-11] 	  4.140	    GPS	 -2.159	 -1.990	  1.598	     --
[component_container-11] 	  4.140	   Baro	     --	     --	  2.160	     --
[component_container-11] 	  4.140	  BBias	     --	     --	  0.580	     --
[component_container-11] 	  4.140	  Sonar	     --	     --	  1.632	     --
[component_container-11] 	  4.140	  Magnt	     --	     --	     --	 -0.942
[component_container-11] 
[component_container-11] 	  4.170	   Pose	 -2.207	 -1.963	  1.664	 -1.004
[component_container-11] 	  4.170	  Twist	 -0.093	 -0.001	  0.494	 -0.306
[component_container-11] 	  4.170	ErrPose	  0.302	 -0.036	  0.011	  0.013
[component_container-11] 	  4.170	ErrTwis	  0.108	  0.031	  0.021	  0.026
[component_container-11] 	  4.170	    GPS	 -2.159	 -1.990	  1.598	     --
[component_container-11] 	  4.170	   Baro	     --	     --	  2.294	     --
[component_container-11] 	  4.170	  BBias	     --	     --	  0.581	     --
[component_container-11] 	  4.170	  Sonar	     --	     --	  1.632	     --
[component_container-11] 	  4.170	  Magnt	     --	     --	     --	 -0.946
[component_container-11] 
[component_container-11] 	  4.200	   Pose	 -2.210	 -1.963	  1.682	 -1.013
[component_container-11] 	  4.200	  Twist	 -0.095	 -0.001	  0.498	 -0.284
[component_container-11] 	  4.200	ErrPose	  0.306	 -0.036	  0.014	  0.011
[component_container-11] 	  4.200	ErrTwis	  0.111	  0.030	  0.016	  0.004
[component_container-11] 	  4.200	    GPS	 -2.159	 -1.990	  1.598	     --
[component_container-11] 	  4.200	   Baro	     --	     --	  2.294	     --
[component_container-11] 	  4.200	  BBias	     --	     --	  0.581	     --
[component_container-11] 	  4.200	  Sonar	     --	     --	  1.680	     --
[component_container-11] 	  4.200	  Magnt	     --	     --	     --	 -0.946
[component_container-11] 
[component_container-11] 	  4.240	   Pose	 -2.214	 -1.963	  1.708	 -1.025
[component_container-11] 	  4.240	  Twist	 -0.096	 -0.000	  0.512	 -0.289
[component_container-11] 	  4.240	ErrPose	  0.311	 -0.035	  0.009	  0.011
[component_container-11] 	  4.240	ErrTwis	  0.114	  0.030	  0.003	  0.009
[component_container-11] 	  4.240	    GPS	 -2.159	 -1.990	  1.598	     --
[component_container-11] 	  4.240	   Baro	     --	     --	  2.311	     --
[component_container-11] 	  4.240	  BBias	     --	     --	  0.581	     --
[component_container-11] 	  4.240	  Sonar	     --	     --	  1.724	     --
[component_container-11] 	  4.240	  Magnt	     --	     --	     --	 -1.026
[component_container-11] 
[component_container-11] 	  4.270	   Pose	 -2.217	 -1.963	  1.724	 -1.034
[component_container-11] 	  4.270	  Twist	 -0.097	  0.000	  0.512	 -0.288
[component_container-11] 	  4.270	ErrPose	  0.315	 -0.035	  0.003	  0.015
[component_container-11] 	  4.270	ErrTwis	  0.115	  0.030	  0.002	  0.008
[component_container-11] 	  4.270	    GPS	 -2.159	 -1.990	  1.598	     --
[component_container-11] 	  4.270	   Baro	     --	     --	  2.388	     --
[component_container-11] 	  4.270	  BBias	     --	     --	  0.582	     --
[component_container-11] 	  4.270	  Sonar	     --	     --	  1.724	     --
[component_container-11] 	  4.270	  Magnt	     --	     --	     --	 -1.069
[component_container-11] 
[component_container-11] 	  4.300	   Pose	 -2.220	 -1.963	  1.736	 -1.043
[component_container-11] 	  4.300	  Twist	 -0.099	 -0.000	  0.504	 -0.272
[component_container-11] 	  4.300	ErrPose	  0.319	 -0.035	  0.011	  0.012
[component_container-11] 	  4.300	ErrTwis	  0.117	  0.031	  0.011	 -0.008
[component_container-11] 	  4.300	    GPS	 -2.159	 -1.990	  1.598	     --
[component_container-11] 	  4.300	   Baro	     --	     --	  2.388	     --
[component_container-11] 	  4.300	  BBias	     --	     --	  0.582	     --
[component_container-11] 	  4.300	  Sonar	     --	     --	  1.716	     --
[component_container-11] 	  4.300	  Magnt	     --	     --	     --	 -1.069
[component_container-11] 
[component_container-11] 	  4.340	   Pose	 -2.224	 -1.963	  1.752	 -1.053
[component_container-11] 	  4.340	  Twist	 -0.100	  0.000	  0.491	 -0.288
[component_container-11] 	  4.340	ErrPose	  0.325	 -0.036	  0.016	  0.011
[component_container-11] 	  4.340	ErrTwis	  0.119	  0.032	  0.024	  0.008
[component_container-11] 	  4.340	    GPS	 -2.159	 -1.990	  1.598	     --
[component_container-11] 	  4.340	   Baro	     --	     --	  2.343	     --
[component_container-11] 	  4.340	  BBias	     --	     --	  0.583	     --
[component_container-11] 	  4.340	  Sonar	     --	     --	  1.730	     --
[component_container-11] 	  4.340	  Magnt	     --	     --	     --	 -1.005
[component_container-11] 
[component_container-11] 	  4.370	   Pose	 -2.227	 -1.963	  1.767	 -1.060
[component_container-11] 	  4.370	  Twist	 -0.102	  0.000	  0.492	 -0.274
[component_container-11] 	  4.370	ErrPose	  0.329	 -0.036	  0.011	  0.013
[component_container-11] 	  4.370	ErrTwis	  0.121	  0.032	  0.023	 -0.006
[component_container-11] 	  4.370	    GPS	 -2.159	 -1.990	  1.598	     --
[component_container-11] 	  4.370	   Baro	     --	     --	  2.458	     --
[component_container-11] 	  4.370	  BBias	     --	     --	  0.584	     --
[component_container-11] 	  4.370	  Sonar	     --	     --	  1.730	     --
[component_container-11] 	  4.370	  Magnt	     --	     --	     --	 -1.011
[component_container-11] 
[component_container-11] 	  4.400	   Pose	 -2.230	 -1.963	  1.794	 -1.069
[component_container-11] 	  4.400	  Twist	 -0.103	  0.001	  0.518	 -0.289
[component_container-11] 	  4.400	ErrPose	  0.334	 -0.036	  0.005	  0.011
[component_container-11] 	  4.400	ErrTwis	  0.123	  0.033	 -0.003	  0.010
[component_container-11] 	  4.400	    GPS	 -2.159	 -1.990	  1.598	     --
[component_container-11] 	  4.400	   Baro	     --	     --	  2.458	     --
[component_container-11] 	  4.400	  BBias	     --	     --	  0.584	     --
[component_container-11] 	  4.400	  Sonar	     --	     --	  1.827	     --
[component_container-11] 	  4.400	  Magnt	     --	     --	     --	 -1.011
[component_container-11] 
[component_container-11] 	  4.440	   Pose	 -2.234	 -1.963	  1.810	 -1.081
[component_container-11] 	  4.440	  Twist	 -0.105	  0.002	  0.505	 -0.300
[component_container-11] 	  4.440	ErrPose	  0.340	 -0.036	  0.010	  0.012
[component_container-11] 	  4.440	ErrTwis	  0.125	  0.034	  0.010	  0.020
[component_container-11] 	  4.440	    GPS	 -2.159	 -1.990	  1.598	     --
[component_container-11] 	  4.440	   Baro	     --	     --	  2.448	     --
[component_container-11] 	  4.440	  BBias	     --	     --	  0.585	     --
[component_container-11] 	  4.440	  Sonar	     --	     --	  1.786	     --
[component_container-11] 	  4.440	  Magnt	     --	     --	     --	 -1.097
[component_container-11] 
[component_container-11] 	  4.470	   Pose	 -2.237	 -1.963	  1.825	 -1.089
[component_container-11] 	  4.470	  Twist	 -0.106	  0.002	  0.503	 -0.285
[component_container-11] 	  4.470	ErrPose	  0.344	 -0.036	  0.005	  0.014
[component_container-11] 	  4.470	ErrTwis	  0.126	  0.035	  0.012	  0.005
[component_container-11] 	  4.470	    GPS	 -2.159	 -1.990	  1.598	     --
[component_container-11] 	  4.470	   Baro	     --	     --	  2.385	     --
[component_container-11] 	  4.470	  BBias	     --	     --	  0.584	     --
[component_container-11] 	  4.470	  Sonar	     --	     --	  1.786	     --
[component_container-11] 	  4.470	  Magnt	     --	     --	     --	 -1.062
[component_container-11] 
[component_container-11] 	  4.500	   Pose	 -2.240	 -1.963	  1.843	 -1.098
[component_container-11] 	  4.500	  Twist	 -0.108	  0.003	  0.510	 -0.292
[component_container-11] 	  4.500	ErrPose	  0.349	 -0.036	  0.007	  0.012
[component_container-11] 	  4.500	ErrTwis	  0.129	  0.036	  0.006	  0.012
[component_container-11] 	  4.500	    GPS	 -2.159	 -1.990	  1.598	     --
[component_container-11] 	  4.500	   Baro	     --	     --	  2.385	     --
[component_container-11] 	  4.500	  BBias	     --	     --	  0.584	     --
[component_container-11] 	  4.500	  Sonar	     --	     --	  1.845	     --
[component_container-11] 	  4.500	  Magnt	     --	     --	     --	 -1.062
[component_container-11] 
[component_container-11] 	  4.540	   Pose	 -2.090	 -1.984	  1.865	 -1.108
[component_container-11] 	  4.540	  Twist	  0.022	 -0.015	  0.512	 -0.277
[component_container-11] 	  4.540	ErrPose	  0.201	 -0.015	  0.006	  0.011
[component_container-11] 	  4.540	ErrTwis	  0.000	  0.055	  0.003	 -0.003
[component_container-11] 	  4.540	    GPS	 -1.969	 -2.002	  1.856	     --
[component_container-11] 	  4.540	   Baro	     --	     --	  2.496	     --
[component_container-11] 	  4.540	  BBias	     --	     --	  0.585	     --
[component_container-11] 	  4.540	  Sonar	     --	     --	  1.864	     --
[component_container-11] 	  4.540	  Magnt	     --	     --	     --	 -1.049
[component_container-11] 
[component_container-11] 	  4.570	   Pose	 -2.090	 -1.984	  1.881	 -1.117
[component_container-11] 	  4.570	  Twist	  0.021	 -0.014	  0.511	 -0.292
[component_container-11] 	  4.570	ErrPose	  0.201	 -0.014	  0.001	  0.014
[component_container-11] 	  4.570	ErrTwis	  0.002	  0.056	  0.005	  0.012
[component_container-11] 	  4.570	    GPS	 -1.969	 -2.002	  1.856	     --
[component_container-11] 	  4.570	   Baro	     --	     --	  2.472	     --
[component_container-11] 	  4.570	  BBias	     --	     --	  0.585	     --
[component_container-11] 	  4.570	  Sonar	     --	     --	  1.864	     --
[component_container-11] 	  4.570	  Magnt	     --	     --	     --	 -1.110
[component_container-11] 
[component_container-11] 	  4.600	   Pose	 -2.089	 -1.984	  1.897	 -1.125
[component_container-11] 	  4.600	  Twist	  0.019	 -0.015	  0.512	 -0.288
[component_container-11] 	  4.600	ErrPose	  0.203	 -0.014	  0.005	  0.011
[component_container-11] 	  4.600	ErrTwis	  0.003	  0.058	  0.004	  0.008
[component_container-11] 	  4.600	    GPS	 -1.969	 -2.002	  1.856	     --
[component_container-11] 	  4.600	   Baro	     --	     --	  2.472	     --
[component_container-11] 	  4.600	  BBias	     --	     --	  0.585	     --
[component_container-11] 	  4.600	  Sonar	     --	     --	  1.884	     --
[component_container-11] 	  4.600	  Magnt	     --	     --	     --	 -1.110
[component_container-11] 
[component_container-11] 	  4.640	   Pose	 -2.088	 -1.985	  1.917	 -1.137
[component_container-11] 	  4.640	  Twist	  0.018	 -0.014	  0.511	 -0.304
[component_container-11] 	  4.640	ErrPose	  0.204	 -0.014	  0.005	  0.011
[component_container-11] 	  4.640	ErrTwis	  0.006	  0.059	  0.005	  0.024
[component_container-11] 	  4.640	    GPS	 -1.969	 -2.002	  1.856	     --
[component_container-11] 	  4.640	   Baro	     --	     --	  2.494	     --
[component_container-11] 	  4.640	  BBias	     --	     --	  0.585	     --
[component_container-11] 	  4.640	  Sonar	     --	     --	  1.884	     --
[component_container-11] 	  4.640	  Magnt	     --	     --	     --	 -1.118
[component_container-11] 
[component_container-11] 	  4.670	   Pose	 -2.088	 -1.985	  1.925	 -1.145
[component_container-11] 	  4.670	  Twist	  0.017	 -0.013	  0.492	 -0.284
[component_container-11] 	  4.670	ErrPose	  0.205	 -0.013	  0.007	  0.014
[component_container-11] 	  4.670	ErrTwis	  0.007	  0.059	  0.024	  0.004
[component_container-11] 	  4.670	    GPS	 -1.969	 -2.002	  1.856	     --
[component_container-11] 	  4.670	   Baro	     --	     --	  2.285	     --
[component_container-11] 	  4.670	  BBias	     --	     --	  0.583	     --
[component_container-11] 	  4.670	  Sonar	     --	     --	  1.899	     --
[component_container-11] 	  4.670	  Magnt	     --	     --	     --	 -1.141
[component_container-11] 
[component_container-11] 	  4.700	   Pose	 -2.087	 -1.986	  1.929	 -1.153
[component_container-11] 	  4.700	  Twist	  0.015	 -0.013	  0.466	 -0.278
[component_container-11] 	  4.700	ErrPose	  0.207	 -0.013	  0.024	  0.011
[component_container-11] 	  4.700	ErrTwis	  0.009	  0.062	  0.050	 -0.002
[component_container-11] 	  4.700	    GPS	 -1.969	 -2.002	  1.856	     --
[component_container-11] 	  4.700	   Baro	     --	     --	  2.285	     --
[component_container-11] 	  4.700	  BBias	     --	     --	  0.583	     --
[component_container-11] 	  4.700	  Sonar	     --	     --	  1.887	     --
[component_container-11] 	  4.700	  Magnt	     --	     --	     --	 -1.141
[component_container-11] 
[component_container-11] 	  4.740	   Pose	 -2.087	 -1.986	  1.948	 -1.165
[component_container-11] 	  4.740	  Twist	  0.014	 -0.012	  0.465	 -0.297
[component_container-11] 	  4.740	ErrPose	  0.208	 -0.013	  0.026	  0.011
[component_container-11] 	  4.740	ErrTwis	  0.010	  0.063	  0.051	  0.017
[component_container-11] 	  4.740	    GPS	 -1.969	 -2.002	  1.856	     --
[component_container-11] 	  4.740	   Baro	     --	     --	  2.584	     --
[component_container-11] 	  4.740	  BBias	     --	     --	  0.584	     --
[component_container-11] 	  4.740	  Sonar	     --	     --	  1.943	     --
[component_container-11] 	  4.740	  Magnt	     --	     --	     --	 -1.148
[component_container-11] 
[component_container-11] 	  4.770	   Pose	 -2.086	 -1.987	  1.962	 -1.173
[component_container-11] 	  4.770	  Twist	  0.013	 -0.012	  0.463	 -0.271
[component_container-11] 	  4.770	ErrPose	  0.209	 -0.012	  0.022	  0.014
[component_container-11] 	  4.770	ErrTwis	  0.011	  0.063	  0.053	 -0.010
[component_container-11] 	  4.770	    GPS	 -1.969	 -2.002	  1.856	     --
[component_container-11] 	  4.770	   Baro	     --	     --	  2.497	     --
[component_container-11] 	  4.770	  BBias	     --	     --	  0.584	     --
[component_container-11] 	  4.770	  Sonar	     --	     --	  1.943	     --
[component_container-11] 	  4.770	  Magnt	     --	     --	     --	 -1.154
[component_container-11] 
[component_container-11] 	  4.800	   Pose	 -2.086	 -1.987	  1.980	 -1.182
[component_container-11] 	  4.800	  Twist	  0.012	 -0.012	  0.470	 -0.276
[component_container-11] 	  4.800	ErrPose	  0.211	 -0.012	  0.026	  0.011
[component_container-11] 	  4.800	ErrTwis	  0.013	  0.062	  0.046	 -0.004
[component_container-11] 	  4.800	    GPS	 -1.969	 -2.002	  1.856	     --
[component_container-11] 	  4.800	   Baro	     --	     --	  2.497	     --
[component_container-11] 	  4.800	  BBias	     --	     --	  0.583	     --
[component_container-11] 	  4.800	  Sonar	     --	     --	  1.979	     --
[component_container-11] 	  4.800	  Magnt	     --	     --	     --	 -1.154
[component_container-11] 
[component_container-11] 	  4.840	   Pose	 -2.086	 -1.987	  2.002	 -1.193
[component_container-11] 	  4.840	  Twist	  0.009	 -0.011	  0.476	 -0.293
[component_container-11] 	  4.840	ErrPose	  0.212	 -0.012	  0.024	  0.012
[component_container-11] 	  4.840	ErrTwis	  0.017	  0.058	  0.040	  0.013
[component_container-11] 	  4.840	    GPS	 -1.969	 -2.002	  1.856	     --
[component_container-11] 	  4.840	   Baro	     --	     --	  2.617	     --
[component_container-11] 	  4.840	  BBias	     --	     --	  0.584	     --
[component_container-11] 	  4.840	  Sonar	     --	     --	  2.008	     --
[component_container-11] 	  4.840	  Magnt	     --	     --	     --	 -1.191
[component_container-11] 
[component_container-11] 	  4.870	   Pose	 -2.085	 -1.988	  2.016	 -1.201
[component_container-11] 	  4.870	  Twist	  0.007	 -0.009	  0.475	 -0.287
[component_container-11] 	  4.870	ErrPose	  0.213	 -0.012	  0.020	  0.014
[component_container-11] 	  4.870	ErrTwis	  0.019	  0.055	  0.040	  0.006
[component_container-11] 	  4.870	    GPS	 -1.969	 -2.002	  1.856	     --
[component_container-11] 	  4.870	   Baro	     --	     --	  2.648	     --
[component_container-11] 	  4.870	  BBias	     --	     --	  0.584	     --
[component_container-11] 	  4.870	  Sonar	     --	     --	  2.008	     --
[component_container-11] 	  4.870	  Magnt	     --	     --	     --	 -1.150
[component_container-11] 
[component_container-11] 	  4.900	   Pose	 -2.085	 -1.988	  2.034	 -1.209
[component_container-11] 	  4.900	  Twist	  0.005	 -0.010	  0.483	 -0.288
[component_container-11] 	  4.900	ErrPose	  0.215	 -0.012	  0.022	  0.011
[component_container-11] 	  4.900	ErrTwis	  0.020	  0.053	  0.033	  0.008
[component_container-11] 	  4.900	    GPS	 -1.969	 -2.002	  1.856	     --
[component_container-11] 	  4.900	   Baro	     --	     --	  2.648	     --
[component_container-11] 	  4.900	  BBias	     --	     --	  0.584	     --
[component_container-11] 	  4.900	  Sonar	     --	     --	  2.038	     --
[component_container-11] 	  4.900	  Magnt	     --	     --	     --	 -1.150
[component_container-11] 
[component_container-11] 	  4.940	   Pose	 -2.085	 -1.988	  2.055	 -1.220
[component_container-11] 	  4.940	  Twist	  0.004	 -0.009	  0.484	 -0.288
[component_container-11] 	  4.940	ErrPose	  0.216	 -0.012	  0.023	  0.011
[component_container-11] 	  4.940	ErrTwis	  0.023	  0.049	  0.032	  0.008
[component_container-11] 	  4.940	    GPS	 -1.969	 -2.002	  1.856	     --
[component_container-11] 	  4.940	   Baro	     --	     --	  2.581	     --
[component_container-11] 	  4.940	  BBias	     --	     --	  0.584	     --
[component_container-11] 	  4.940	  Sonar	     --	     --	  2.055	     --
[component_container-11] 	  4.940	  Magnt	     --	     --	     --	 -1.178
[component_container-11] 
[component_container-11] 	  4.970	   Pose	 -2.085	 -1.989	  2.071	 -1.230
[component_container-11] 	  4.970	  Twist	  0.002	 -0.008	  0.486	 -0.299
[component_container-11] 	  4.970	ErrPose	  0.217	 -0.012	  0.017	  0.014
[component_container-11] 	  4.970	ErrTwis	  0.025	  0.047	  0.030	  0.019
[component_container-11] 	  4.970	    GPS	 -1.969	 -2.002	  1.856	     --
[component_container-11] 	  4.970	   Baro	     --	     --	  2.848	     --
[component_container-11] 	  4.970	  BBias	     --	     --	  0.586	     --
[component_container-11] 	  4.970	  Sonar	     --	     --	  2.055	     --
[component_container-11] 	  4.970	  Magnt	     --	     --	     --	 -1.244
[component_container-11] 
[component_container-11] [INFO] [1775369569.488815494] [drone.controller]: cmd_vel body=(0.014, 0.028, 0.500) yaw=-0.300 | odom_received=true | plan_points=30
[component_container-11] 	  5.000	   Pose	 -2.085	 -1.989	  2.087	 -1.238
[component_container-11] 	  5.000	  Twist	  0.001	 -0.008	  0.490	 -0.290
[component_container-11] 	  5.000	ErrPose	  0.219	 -0.013	  0.021	  0.012
[component_container-11] 	  5.000	ErrTwis	  0.026	  0.045	  0.026	  0.011
[component_container-11] 	  5.000	    GPS	 -1.969	 -2.002	  1.856	     --
[component_container-11] 	  5.000	   Baro	     --	     --	  2.848	     --
[component_container-11] 	  5.000	  BBias	     --	     --	  0.586	     --
[component_container-11] 	  5.000	  Sonar	     --	     --	  2.081	     --
[component_container-11] 	  5.000	  Magnt	     --	     --	     --	 -1.244
[component_container-11] 
[component_container-11] [INFO] [1775369569.489125565] [drone.estimator]: TMP LOG err_xyz=(0.219, -0.013, 0.021) | z_est=2.087 vz_est=0.490 bias=0.586 | gps_z=1.856 sonar=2.081 baro=2.848
[component_container-11] [INFO] [1775369569.500488805] [drone.estimator]: TMP LOG gps innov_xy=(0.057, 0.002) est_xy=(-2.085, -1.989) gps_xy=(-2.027, -1.987) corr_xy=(-2.027, -1.987) vel_xy=(0.001, -0.008)
[component_container-11] [INFO] [1775369569.500664798] [drone.estimator]: TMP LOG gps vel pseudo raw=(-0.117, 0.030) filt=(-0.071, 0.022) innov_v=(-0.081, 0.029) apply=(1,1)
[component_container-11] 	  5.040	   Pose	 -2.079	 -1.984	  2.107	 -1.249
[component_container-11] 	  5.040	  Twist	 -0.009	 -0.001	  0.489	 -0.276
[component_container-11] 	  5.040	ErrPose	  0.214	 -0.018	  0.021	  0.011
[component_container-11] 	  5.040	ErrTwis	  0.035	  0.036	  0.027	 -0.004
[component_container-11] 	  5.040	    GPS	 -2.027	 -1.987	  2.113	     --
[component_container-11] 	  5.040	   Baro	     --	     --	  2.715	     --
[component_container-11] 	  5.040	  BBias	     --	     --	  0.586	     --
[component_container-11] 	  5.040	  Sonar	     --	     --	  2.081	     --
[component_container-11] 	  5.040	  Magnt	     --	     --	     --	 -1.211
[component_container-11] 
[component_container-11] 	  5.070	   Pose	 -2.079	 -1.984	  2.126	 -1.256
[component_container-11] 	  5.070	  Twist	 -0.010	 -0.000	  0.497	 -0.277
[component_container-11] 	  5.070	ErrPose	  0.216	 -0.019	  0.013	  0.013
[component_container-11] 	  5.070	ErrTwis	  0.037	  0.034	  0.019	 -0.003
[component_container-11] 	  5.070	    GPS	 -2.027	 -1.987	  2.113	     --
[component_container-11] 	  5.070	   Baro	     --	     --	  2.790	     --
[component_container-11] 	  5.070	  BBias	     --	     --	  0.587	     --
[component_container-11] 	  5.070	  Sonar	     --	     --	  2.121	     --
[component_container-11] 	  5.070	  Magnt	     --	     --	     --	 -1.218
[component_container-11] 
[component_container-11] 	  5.100	   Pose	 -2.080	 -1.984	  2.147	 -1.265
[component_container-11] 	  5.100	  Twist	 -0.011	  0.001	  0.510	 -0.285
[component_container-11] 	  5.100	ErrPose	  0.217	 -0.019	  0.013	  0.011
[component_container-11] 	  5.100	ErrTwis	  0.039	  0.032	  0.006	  0.005
[component_container-11] 	  5.100	    GPS	 -2.027	 -1.987	  2.113	     --
[component_container-11] 	  5.100	   Baro	     --	     --	  2.790	     --
[component_container-11] 	  5.100	  BBias	     --	     --	  0.587	     --
[component_container-11] 	  5.100	  Sonar	     --	     --	  2.159	     --
[component_container-11] 	  5.100	  Magnt	     --	     --	     --	 -1.218
[component_container-11] 
[component_container-11] 	  5.140	   Pose	 -2.080	 -1.984	  2.170	 -1.277
[component_container-11] 	  5.140	  Twist	 -0.013	  0.002	  0.515	 -0.289
[component_container-11] 	  5.140	ErrPose	  0.219	 -0.020	  0.010	  0.011
[component_container-11] 	  5.140	ErrTwis	  0.041	  0.029	  0.001	  0.009
[component_container-11] 	  5.140	    GPS	 -2.027	 -1.987	  2.113	     --
[component_container-11] 	  5.140	   Baro	     --	     --	  2.839	     --
[component_container-11] 	  5.140	  BBias	     --	     --	  0.588	     --
[component_container-11] 	  5.140	  Sonar	     --	     --	  2.173	     --
[component_container-11] 	  5.140	  Magnt	     --	     --	     --	 -1.272
[component_container-11] 
[component_container-11] 	  5.170	   Pose	 -2.081	 -1.984	  2.185	 -1.285
[component_container-11] 	  5.170	  Twist	 -0.013	  0.002	  0.514	 -0.262
[component_container-11] 	  5.170	ErrPose	  0.220	 -0.021	  0.005	  0.014
[component_container-11] 	  5.170	ErrTwis	  0.041	  0.029	  0.002	 -0.018
[component_container-11] 	  5.170	    GPS	 -2.027	 -1.987	  2.113	     --
[component_container-11] 	  5.170	   Baro	     --	     --	  2.753	     --
[component_container-11] 	  5.170	  BBias	     --	     --	  0.587	     --
[component_container-11] 	  5.170	  Sonar	     --	     --	  2.173	     --
[component_container-11] 	  5.170	  Magnt	     --	     --	     --	 -1.262
[component_container-11] 
[component_container-11] 	  5.200	   Pose	 -2.081	 -1.984	  2.208	 -1.293
[component_container-11] 	  5.200	  Twist	 -0.014	  0.003	  0.529	 -0.296
[component_container-11] 	  5.200	ErrPose	  0.222	 -0.022	  0.003	  0.011
[component_container-11] 	  5.200	ErrTwis	  0.042	  0.027	 -0.013	  0.017
[component_container-11] 	  5.200	    GPS	 -2.027	 -1.987	  2.113	     --
[component_container-11] 	  5.200	   Baro	     --	     --	  2.753	     --
[component_container-11] 	  5.200	  BBias	     --	     --	  0.587	     --
[component_container-11] 	  5.200	  Sonar	     --	     --	  2.224	     --
[component_container-11] 	  5.200	  Magnt	     --	     --	     --	 -1.262
[component_container-11] 
[component_container-11] 	  5.240	   Pose	 -2.082	 -1.984	  2.231	 -1.305
[component_container-11] 	  5.240	  Twist	 -0.016	  0.005	  0.531	 -0.303
[component_container-11] 	  5.240	ErrPose	  0.224	 -0.023	  0.001	  0.011
[component_container-11] 	  5.240	ErrTwis	  0.045	  0.024	 -0.015	  0.023
[component_container-11] 	  5.240	    GPS	 -2.027	 -1.987	  2.113	     --
[component_container-11] 	  5.240	   Baro	     --	     --	  2.797	     --
[component_container-11] 	  5.240	  BBias	     --	     --	  0.587	     --
[component_container-11] 	  5.240	  Sonar	     --	     --	  2.231	     --
[component_container-11] 	  5.240	  Magnt	     --	     --	     --	 -1.302
[component_container-11] 
[component_container-11] 	  5.270	   Pose	 -2.082	 -1.983	  2.247	 -1.312
[component_container-11] 	  5.270	  Twist	 -0.018	  0.006	  0.530	 -0.294
[component_container-11] 	  5.270	ErrPose	  0.225	 -0.023	 -0.004	  0.013
[component_container-11] 	  5.270	ErrTwis	  0.046	  0.023	 -0.014	  0.014
[component_container-11] 	  5.270	    GPS	 -2.027	 -1.987	  2.113	     --
[component_container-11] 	  5.270	   Baro	     --	     --	  2.833	     --
[component_container-11] 	  5.270	  BBias	     --	     --	  0.587	     --
[component_container-11] 	  5.270	  Sonar	     --	     --	  2.231	     --
[component_container-11] 	  5.270	  Magnt	     --	     --	     --	 -1.229
[component_container-11] 
[component_container-11] 	  5.300	   Pose	 -2.083	 -1.983	  2.265	 -1.321
[component_container-11] 	  5.300	  Twist	 -0.018	  0.006	  0.536	 -0.296
[component_container-11] 	  5.300	ErrPose	  0.227	 -0.024	 -0.002	  0.011
[component_container-11] 	  5.300	ErrTwis	  0.047	  0.022	 -0.020	  0.016
[component_container-11] 	  5.300	    GPS	 -2.027	 -1.987	  2.113	     --
[component_container-11] 	  5.300	   Baro	     --	     --	  2.833	     --
[component_container-11] 	  5.300	  BBias	     --	     --	  0.587	     --
[component_container-11] 	  5.300	  Sonar	     --	     --	  2.265	     --
[component_container-11] 	  5.300	  Magnt	     --	     --	     --	 -1.229
[component_container-11] 
[component_container-11] 	  5.340	   Pose	 -2.083	 -1.983	  2.283	 -1.332
[component_container-11] 	  5.340	  Twist	 -0.019	  0.008	  0.524	 -0.286
[component_container-11] 	  5.340	ErrPose	  0.229	 -0.025	  0.001	  0.010
[component_container-11] 	  5.340	ErrTwis	  0.048	  0.020	 -0.008	  0.006
[component_container-11] 	  5.340	    GPS	 -2.027	 -1.987	  2.113	     --
[component_container-11] 	  5.340	   Baro	     --	     --	  2.872	     --
[component_container-11] 	  5.340	  BBias	     --	     --	  0.587	     --
[component_container-11] 	  5.340	  Sonar	     --	     --	  2.267	     --
[component_container-11] 	  5.340	  Magnt	     --	     --	     --	 -1.302
[component_container-11] 
[component_container-11] 	  5.370	   Pose	 -2.084	 -1.983	  2.298	 -1.340
[component_container-11] 	  5.370	  Twist	 -0.020	  0.008	  0.522	 -0.289
[component_container-11] 	  5.370	ErrPose	  0.231	 -0.026	 -0.004	  0.013
[component_container-11] 	  5.370	ErrTwis	  0.049	  0.019	 -0.006	  0.009
[component_container-11] 	  5.370	    GPS	 -2.027	 -1.987	  2.113	     --
[component_container-11] 	  5.370	   Baro	     --	     --	  2.866	     --
[component_container-11] 	  5.370	  BBias	     --	     --	  0.587	     --
[component_container-11] 	  5.370	  Sonar	     --	     --	  2.297	     --
[component_container-11] 	  5.370	  Magnt	     --	     --	     --	 -1.323
[component_container-11] 
[component_container-11] 	  5.400	   Pose	 -2.085	 -1.983	  2.314	 -1.349
[component_container-11] 	  5.400	  Twist	 -0.022	  0.008	  0.520	 -0.293
[component_container-11] 	  5.400	ErrPose	  0.233	 -0.027	  0.001	  0.010
[component_container-11] 	  5.400	ErrTwis	  0.051	  0.019	 -0.004	  0.013
[component_container-11] 	  5.400	    GPS	 -2.027	 -1.987	  2.113	     --
[component_container-11] 	  5.400	   Baro	     --	     --	  2.866	     --
[component_container-11] 	  5.400	  BBias	     --	     --	  0.587	     --
[component_container-11] 	  5.400	  Sonar	     --	     --	  2.297	     --
[component_container-11] 	  5.400	  Magnt	     --	     --	     --	 -1.323
[component_container-11] 
[component_container-11] 	  5.440	   Pose	 -2.086	 -1.982	  2.332	 -1.360
[component_container-11] 	  5.440	  Twist	 -0.023	  0.009	  0.512	 -0.279
[component_container-11] 	  5.440	ErrPose	  0.235	 -0.028	  0.004	  0.010
[component_container-11] 	  5.440	ErrTwis	  0.052	  0.017	  0.005	 -0.001
[component_container-11] 	  5.440	    GPS	 -2.027	 -1.987	  2.113	     --
[component_container-11] 	  5.440	   Baro	     --	     --	  2.871	     --
[component_container-11] 	  5.440	  BBias	     --	     --	  0.587	     --
[component_container-11] 	  5.440	  Sonar	     --	     --	  2.312	     --
[component_container-11] 	  5.440	  Magnt	     --	     --	     --	 -1.333
[component_container-11] 
[component_container-11] 	  5.470	   Pose	 -2.086	 -1.982	  2.346	 -1.368
[component_container-11] 	  5.470	  Twist	 -0.024	  0.010	  0.508	 -0.295
[component_container-11] 	  5.470	ErrPose	  0.236	 -0.029	 -0.000	  0.013
[component_container-11] 	  5.470	ErrTwis	  0.053	  0.016	  0.008	  0.015
[component_container-11] 	  5.470	    GPS	 -2.027	 -1.987	  2.113	     --
[component_container-11] 	  5.470	   Baro	     --	     --	  2.761	     --
[component_container-11] 	  5.470	  BBias	     --	     --	  0.585	     --
[component_container-11] 	  5.470	  Sonar	     --	     --	  2.312	     --
[component_container-11] 	  5.470	  Magnt	     --	     --	     --	 -1.337
[component_container-11] 
[component_container-11] 	  5.500	   Pose	 -2.087	 -1.982	  2.363	 -1.376
[component_container-11] 	  5.500	  Twist	 -0.026	  0.011	  0.511	 -0.289
[component_container-11] 	  5.500	ErrPose	  0.238	 -0.030	  0.004	  0.010
[component_container-11] 	  5.500	ErrTwis	  0.054	  0.015	  0.005	  0.009
[component_container-11] 	  5.500	    GPS	 -2.027	 -1.987	  2.113	     --
[component_container-11] 	  5.500	   Baro	     --	     --	  2.761	     --
[component_container-11] 	  5.500	  BBias	     --	     --	  0.585	     --
[component_container-11] 	  5.500	  Sonar	     --	     --	  2.353	     --
[component_container-11] 	  5.500	  Magnt	     --	     --	     --	 -1.337
[component_container-11] 
[component_container-11] 	  5.540	   Pose	 -1.989	 -2.039	  2.379	 -1.387
[component_container-11] 	  5.540	  Twist	  0.051	 -0.038	  0.499	 -0.309
[component_container-11] 	  5.540	ErrPose	  0.141	  0.026	  0.008	  0.010
[component_container-11] 	  5.540	ErrTwis	 -0.022	  0.064	  0.017	  0.029
[component_container-11] 	  5.540	    GPS	 -1.894	 -2.080	  2.371	     --
[component_container-11] 	  5.540	   Baro	     --	     --	  3.044	     --
[component_container-11] 	  5.540	  BBias	     --	     --	  0.586	     --
[component_container-11] 	  5.540	  Sonar	     --	     --	  2.349	     --
[component_container-11] 	  5.540	  Magnt	     --	     --	     --	 -1.336
[component_container-11] 
[component_container-11] 	  5.570	   Pose	 -1.987	 -2.040	  2.395	 -1.395
[component_container-11] 	  5.570	  Twist	  0.050	 -0.037	  0.500	 -0.291
[component_container-11] 	  5.570	ErrPose	  0.140	  0.027	  0.003	  0.012
[component_container-11] 	  5.570	ErrTwis	 -0.021	  0.063	  0.016	  0.012
[component_container-11] 	  5.570	    GPS	 -1.894	 -2.080	  2.371	     --
[component_container-11] 	  5.570	   Baro	     --	     --	  2.901	     --
[component_container-11] 	  5.570	  BBias	     --	     --	  0.586	     --
[component_container-11] 	  5.570	  Sonar	     --	     --	  2.400	     --
[component_container-11] 	  5.570	  Magnt	     --	     --	     --	 -1.347
[component_container-11] 
[component_container-11] 	  5.600	   Pose	 -1.986	 -2.041	  2.410	 -1.403
[component_container-11] 	  5.600	  Twist	  0.049	 -0.036	  0.498	 -0.294
[component_container-11] 	  5.600	ErrPose	  0.140	  0.027	  0.008	  0.009
[component_container-11] 	  5.600	ErrTwis	 -0.020	  0.063	  0.018	  0.015
[component_container-11] 	  5.600	    GPS	 -1.894	 -2.080	  2.371	     --
[component_container-11] 	  5.600	   Baro	     --	     --	  2.901	     --
[component_container-11] 	  5.600	  BBias	     --	     --	  0.586	     --
[component_container-11] 	  5.600	  Sonar	     --	     --	  2.400	     --
[component_container-11] 	  5.600	  Magnt	     --	     --	     --	 -1.347
[component_container-11] 
[component_container-11] 	  5.640	   Pose	 -1.984	 -2.043	  2.422	 -1.415
[component_container-11] 	  5.640	  Twist	  0.047	 -0.036	  0.481	 -0.295
[component_container-11] 	  5.640	ErrPose	  0.139	  0.028	  0.016	  0.009
[component_container-11] 	  5.640	ErrTwis	 -0.019	  0.063	  0.035	  0.015
[component_container-11] 	  5.640	    GPS	 -1.894	 -2.080	  2.371	     --
[component_container-11] 	  5.640	   Baro	     --	     --	  2.997	     --
[component_container-11] 	  5.640	  BBias	     --	     --	  0.586	     --
[component_container-11] 	  5.640	  Sonar	     --	     --	  2.388	     --
[component_container-11] 	  5.640	  Magnt	     --	     --	     --	 -1.388
[component_container-11] 
[component_container-11] 	  5.670	   Pose	 -1.982	 -2.044	  2.441	 -1.423
[component_container-11] 	  5.670	  Twist	  0.046	 -0.035	  0.490	 -0.300
[component_container-11] 	  5.670	ErrPose	  0.139	  0.028	  0.008	  0.012
[component_container-11] 	  5.670	ErrTwis	 -0.018	  0.062	  0.026	  0.021
[component_container-11] 	  5.670	    GPS	 -1.894	 -2.080	  2.371	     --
[component_container-11] 	  5.670	   Baro	     --	     --	  3.044	     --
[component_container-11] 	  5.670	  BBias	     --	     --	  0.586	     --
[component_container-11] 	  5.670	  Sonar	     --	     --	  2.457	     --
[component_container-11] 	  5.670	  Magnt	     --	     --	     --	 -1.417
[component_container-11] 
[component_container-11] 	  5.700	   Pose	 -1.981	 -2.045	  2.456	 -1.432
[component_container-11] 	  5.700	  Twist	  0.045	 -0.034	  0.489	 -0.301
[component_container-11] 	  5.700	ErrPose	  0.138	  0.028	  0.014	  0.010
[component_container-11] 	  5.700	ErrTwis	 -0.016	  0.063	  0.027	  0.021
[component_container-11] 	  5.700	    GPS	 -1.894	 -2.080	  2.371	     --
[component_container-11] 	  5.700	   Baro	     --	     --	  3.044	     --
[component_container-11] 	  5.700	  BBias	     --	     --	  0.586	     --
[component_container-11] 	  5.700	  Sonar	     --	     --	  2.457	     --
[component_container-11] 	  5.700	  Magnt	     --	     --	     --	 -1.417
[component_container-11] 
[component_container-11] 	  5.740	   Pose	 -1.979	 -2.046	  2.475	 -1.445
[component_container-11] 	  5.740	  Twist	  0.043	 -0.033	  0.486	 -0.284
[component_container-11] 	  5.740	ErrPose	  0.138	  0.029	  0.015	  0.012
[component_container-11] 	  5.740	ErrTwis	 -0.016	  0.062	  0.030	  0.004
[component_container-11] 	  5.740	    GPS	 -1.894	 -2.080	  2.371	     --
[component_container-11] 	  5.740	   Baro	     --	     --	  3.175	     --
[component_container-11] 	  5.740	  BBias	     --	     --	  0.587	     --
[component_container-11] 	  5.740	  Sonar	     --	     --	  2.464	     --
[component_container-11] 	  5.740	  Magnt	     --	     --	     --	 -1.485
[component_container-11] 
[component_container-11] 	  5.770	   Pose	 -1.978	 -2.047	  2.491	 -1.454
[component_container-11] 	  5.770	  Twist	  0.042	 -0.032	  0.490	 -0.275
[component_container-11] 	  5.770	ErrPose	  0.137	  0.029	  0.009	  0.015
[component_container-11] 	  5.770	ErrTwis	 -0.016	  0.061	  0.026	 -0.005
[component_container-11] 	  5.770	    GPS	 -1.894	 -2.080	  2.371	     --
[component_container-11] 	  5.770	   Baro	     --	     --	  2.990	     --
[component_container-11] 	  5.770	  BBias	     --	     --	  0.586	     --
[component_container-11] 	  5.770	  Sonar	     --	     --	  2.502	     --
[component_container-11] 	  5.770	  Magnt	     --	     --	     --	 -1.460
[component_container-11] 
[component_container-11] 	  5.800	   Pose	 -1.977	 -2.048	  2.506	 -1.462
[component_container-11] 	  5.800	  Twist	  0.041	 -0.032	  0.488	 -0.288
[component_container-11] 	  5.800	ErrPose	  0.137	  0.029	  0.015	  0.012
[component_container-11] 	  5.800	ErrTwis	 -0.014	  0.058	  0.028	  0.008
[component_container-11] 	  5.800	    GPS	 -1.894	 -2.080	  2.371	     --
[component_container-11] 	  5.800	   Baro	     --	     --	  2.990	     --
[component_container-11] 	  5.800	  BBias	     --	     --	  0.586	     --
[component_container-11] 	  5.800	  Sonar	     --	     --	  2.502	     --
[component_container-11] 	  5.800	  Magnt	     --	     --	     --	 -1.460
[component_container-11] 
[component_container-11] 	  5.840	   Pose	 -1.975	 -2.049	  2.522	 -1.473
[component_container-11] 	  5.840	  Twist	  0.039	 -0.030	  0.477	 -0.276
[component_container-11] 	  5.840	ErrPose	  0.136	  0.030	  0.020	  0.012
[component_container-11] 	  5.840	ErrTwis	 -0.013	  0.054	  0.039	 -0.004
[component_container-11] 	  5.840	    GPS	 -1.894	 -2.080	  2.371	     --
[component_container-11] 	  5.840	   Baro	     --	     --	  3.056	     --
[component_container-11] 	  5.840	  BBias	     --	     --	  0.586	     --
[component_container-11] 	  5.840	  Sonar	     --	     --	  2.501	     --
[component_container-11] 	  5.840	  Magnt	     --	     --	     --	 -1.445
[component_container-11] 
[component_container-11] 	  5.870	   Pose	 -1.974	 -2.050	  2.538	 -1.482
[component_container-11] 	  5.870	  Twist	  0.038	 -0.029	  0.479	 -0.284
[component_container-11] 	  5.870	ErrPose	  0.135	  0.030	  0.015	  0.015
[component_container-11] 	  5.870	ErrTwis	 -0.012	  0.052	  0.037	  0.004
[component_container-11] 	  5.870	    GPS	 -1.894	 -2.080	  2.371	     --
[component_container-11] 	  5.870	   Baro	     --	     --	  3.290	     --
[component_container-11] 	  5.870	  BBias	     --	     --	  0.588	     --
[component_container-11] 	  5.870	  Sonar	     --	     --	  2.501	     --
[component_container-11] 	  5.870	  Magnt	     --	     --	     --	 -1.456
[component_container-11] 
[component_container-11] 	  5.900	   Pose	 -1.973	 -2.051	  2.559	 -1.490
[component_container-11] 	  5.900	  Twist	  0.037	 -0.028	  0.493	 -0.277
[component_container-11] 	  5.900	ErrPose	  0.135	  0.030	  0.014	  0.012
[component_container-11] 	  5.900	ErrTwis	 -0.012	  0.047	  0.024	 -0.003
[component_container-11] 	  5.900	    GPS	 -1.894	 -2.080	  2.371	     --
[component_container-11] 	  5.900	   Baro	     --	     --	  3.290	     --
[component_container-11] 	  5.900	  BBias	     --	     --	  0.587	     --
[component_container-11] 	  5.900	  Sonar	     --	     --	  2.567	     --
[component_container-11] 	  5.900	  Magnt	     --	     --	     --	 -1.456
[component_container-11] 
[component_container-11] 	  5.940	   Pose	 -1.971	 -2.052	  2.576	 -1.501
[component_container-11] 	  5.940	  Twist	  0.036	 -0.027	  0.486	 -0.299
[component_container-11] 	  5.940	ErrPose	  0.134	  0.030	  0.017	  0.011
[component_container-11] 	  5.940	ErrTwis	 -0.011	  0.043	  0.030	  0.019
[component_container-11] 	  5.940	    GPS	 -1.894	 -2.080	  2.371	     --
[component_container-11] 	  5.940	   Baro	     --	     --	  3.063	     --
[component_container-11] 	  5.940	  BBias	     --	     --	  0.587	     --
[component_container-11] 	  5.940	  Sonar	     --	     --	  2.563	     --
[component_container-11] 	  5.940	  Magnt	     --	     --	     --	 -1.449
[component_container-11] 
[component_container-11] 	  5.970	   Pose	 -1.970	 -2.053	  2.593	 -1.509
[component_container-11] 	  5.970	  Twist	  0.035	 -0.026	  0.490	 -0.281
[component_container-11] 	  5.970	ErrPose	  0.133	  0.031	  0.011	  0.014
[component_container-11] 	  5.970	ErrTwis	 -0.010	  0.040	  0.026	  0.001
[component_container-11] 	  5.970	    GPS	 -1.894	 -2.080	  2.371	     --
[component_container-11] 	  5.970	   Baro	     --	     --	  3.192	     --
[component_container-11] 	  5.970	  BBias	     --	     --	  0.587	     --
[component_container-11] 	  5.970	  Sonar	     --	     --	  2.598	     --
[component_container-11] 	  5.970	  Magnt	     --	     --	     --	 -1.487
[component_container-11] 
[component_container-11] [INFO] [1775369570.491850504] [drone.controller]: cmd_vel body=(-0.026, -0.014, 0.500) yaw=-0.300 | odom_received=true | plan_points=25
[component_container-11] 	  6.000	   Pose	 -1.969	 -2.054	  2.607	 -1.518
[component_container-11] 	  6.000	  Twist	  0.033	 -0.024	  0.488	 -0.296
[component_container-11] 	  6.000	ErrPose	  0.132	  0.030	  0.017	  0.012
[component_container-11] 	  6.000	ErrTwis	 -0.009	  0.037	  0.028	  0.016
[component_container-11] 	  6.000	    GPS	 -1.894	 -2.080	  2.371	     --
[component_container-11] 	  6.000	   Baro	     --	     --	  3.192	     --
[component_container-11] 	  6.000	  BBias	     --	     --	  0.587	     --
[component_container-11] 	  6.000	  Sonar	     --	     --	  2.598	     --
[component_container-11] 	  6.000	  Magnt	     --	     --	     --	 -1.487
[component_container-11] 
[component_container-11] [INFO] [1775369570.492257135] [drone.estimator]: TMP LOG err_xyz=(0.132, 0.030, 0.017) | z_est=2.607 vz_est=0.488 bias=0.587 | gps_z=2.371 sonar=2.598 baro=3.192
[component_container-11] 	  6.040	   Pose	 -2.058	 -2.041	  2.630	 -1.529
[component_container-11] 	  6.040	  Twist	 -0.059	 -0.008	  0.494	 -0.280
[component_container-11] 	  6.040	ErrPose	  0.221	  0.017	  0.015	  0.012
[component_container-11] 	  6.040	ErrTwis	  0.082	  0.018	  0.023	 -0.000
[component_container-11] 	  6.040	    GPS	 -2.083	 -2.047	  2.630	     --
[component_container-11] 	  6.040	   Baro	     --	     --	  3.271	     --
[component_container-11] 	  6.040	  BBias	     --	     --	  0.587	     --
[component_container-11] 	  6.040	  Sonar	     --	     --	  2.630	     --
[component_container-11] 	  6.040	  Magnt	     --	     --	     --	 -1.502
[component_container-11] 
[component_container-11] 	  6.070	   Pose	 -2.060	 -2.042	  2.645	 -1.537
[component_container-11] 	  6.070	  Twist	 -0.059	 -0.007	  0.492	 -0.291
[component_container-11] 	  6.070	ErrPose	  0.223	  0.017	  0.010	  0.014
[component_container-11] 	  6.070	ErrTwis	  0.082	  0.016	  0.024	  0.012
[component_container-11] 	  6.070	    GPS	 -2.083	 -2.047	  2.630	     --
[component_container-11] 	  6.070	   Baro	     --	     --	  3.237	     --
[component_container-11] 	  6.070	  BBias	     --	     --	  0.587	     --
[component_container-11] 	  6.070	  Sonar	     --	     --	  2.630	     --
[component_container-11] 	  6.070	  Magnt	     --	     --	     --	 -1.508
[component_container-11] 
[component_container-11] 	  6.100	   Pose	 -2.062	 -2.042	  2.664	 -1.546
[component_container-11] 	  6.100	  Twist	 -0.060	 -0.007	  0.501	 -0.290
[component_container-11] 	  6.100	ErrPose	  0.225	  0.016	  0.012	  0.011
[component_container-11] 	  6.100	ErrTwis	  0.083	  0.013	  0.015	  0.011
[component_container-11] 	  6.100	    GPS	 -2.083	 -2.047	  2.630	     --
[component_container-11] 	  6.100	   Baro	     --	     --	  3.237	     --
[component_container-11] 	  6.100	  BBias	     --	     --	  0.587	     --
[component_container-11] 	  6.100	  Sonar	     --	     --	  2.669	     --
[component_container-11] 	  6.100	  Magnt	     --	     --	     --	 -1.508
[component_container-11] 
[component_container-11] 	  6.140	   Pose	 -2.064	 -2.042	  2.684	 -1.558
[component_container-11] 	  6.140	  Twist	 -0.062	 -0.005	  0.500	 -0.280
[component_container-11] 	  6.140	ErrPose	  0.227	  0.016	  0.012	  0.012
[component_container-11] 	  6.140	ErrTwis	  0.084	  0.009	  0.016	  0.001
[component_container-11] 	  6.140	    GPS	 -2.083	 -2.047	  2.630	     --
[component_container-11] 	  6.140	   Baro	     --	     --	  3.190	     --
[component_container-11] 	  6.140	  BBias	     --	     --	  0.587	     --
[component_container-11] 	  6.140	  Sonar	     --	     --	  2.688	     --
[component_container-11] 	  6.140	  Magnt	     --	     --	     --	 -1.562
[component_container-11] 
[component_container-11] 	  6.170	   Pose	 -2.066	 -2.042	  2.703	 -1.565
[component_container-11] 	  6.170	  Twist	 -0.063	 -0.005	  0.508	 -0.284
[component_container-11] 	  6.170	ErrPose	  0.229	  0.015	  0.004	  0.014
[component_container-11] 	  6.170	ErrTwis	  0.085	  0.007	  0.009	  0.004
[component_container-11] 	  6.170	    GPS	 -2.083	 -2.047	  2.630	     --
[component_container-11] 	  6.170	   Baro	     --	     --	  3.294	     --
[component_container-11] 	  6.170	  BBias	     --	     --	  0.587	     --
[component_container-11] 	  6.170	  Sonar	     --	     --	  2.716	     --
[component_container-11] 	  6.170	  Magnt	     --	     --	     --	 -1.510
[component_container-11] 
[component_container-11] 	  6.200	   Pose	 -2.068	 -2.042	  2.718	 -1.574
[component_container-11] 	  6.200	  Twist	 -0.064	 -0.004	  0.506	 -0.287
[component_container-11] 	  6.200	ErrPose	  0.231	  0.015	  0.010	  0.012
[component_container-11] 	  6.200	ErrTwis	  0.085	  0.005	  0.010	  0.007
[component_container-11] 	  6.200	    GPS	 -2.083	 -2.047	  2.630	     --
[component_container-11] 	  6.200	   Baro	     --	     --	  3.294	     --
[component_container-11] 	  6.200	  BBias	     --	     --	  0.587	     --
[component_container-11] 	  6.200	  Sonar	     --	     --	  2.716	     --
[component_container-11] 	  6.200	  Magnt	     --	     --	     --	 -1.510
[component_container-11] 
[component_container-11] 	  6.240	   Pose	 -2.071	 -2.043	  2.735	 -1.585
[component_container-11] 	  6.240	  Twist	 -0.066	 -0.003	  0.496	 -0.266
[component_container-11] 	  6.240	ErrPose	  0.234	  0.014	  0.013	  0.012
[component_container-11] 	  6.240	ErrTwis	  0.086	  0.002	  0.020	 -0.014
[component_container-11] 	  6.240	    GPS	 -2.083	 -2.047	  2.630	     --
[component_container-11] 	  6.240	   Baro	     --	     --	  3.268	     --
[component_container-11] 	  6.240	  BBias	     --	     --	  0.587	     --
[component_container-11] 	  6.240	  Sonar	     --	     --	  2.713	     --
[component_container-11] 	  6.240	  Magnt	     --	     --	     --	 -1.561
[component_container-11] 
[component_container-11] 	  6.270	   Pose	 -2.073	 -2.043	  2.751	 -1.594
[component_container-11] 	  6.270	  Twist	 -0.066	 -0.002	  0.498	 -0.297
[component_container-11] 	  6.270	ErrPose	  0.236	  0.014	  0.007	  0.015
[component_container-11] 	  6.270	ErrTwis	  0.086	  0.000	  0.018	  0.018
[component_container-11] 	  6.270	    GPS	 -2.083	 -2.047	  2.630	     --
[component_container-11] 	  6.270	   Baro	     --	     --	  3.409	     --
[component_container-11] 	  6.270	  BBias	     --	     --	  0.587	     --
[component_container-11] 	  6.270	  Sonar	     --	     --	  2.755	     --
[component_container-11] 	  6.270	  Magnt	     --	     --	     --	 -1.587
[component_container-11] 
[component_container-11] 	  6.300	   Pose	 -2.075	 -2.043	  2.766	 -1.602
[component_container-11] 	  6.300	  Twist	 -0.068	 -0.001	  0.498	 -0.286
[component_container-11] 	  6.300	ErrPose	  0.238	  0.013	  0.013	  0.012
[component_container-11] 	  6.300	ErrTwis	  0.086	 -0.001	  0.019	  0.006
[component_container-11] 	  6.300	    GPS	 -2.083	 -2.047	  2.630	     --
[component_container-11] 	  6.300	   Baro	     --	     --	  3.409	     --
[component_container-11] 	  6.300	  BBias	     --	     --	  0.587	     --
[component_container-11] 	  6.300	  Sonar	     --	     --	  2.755	     --
[component_container-11] 	  6.300	  Magnt	     --	     --	     --	 -1.587
[component_container-11] 
[component_container-11] 	  6.340	   Pose	 -2.077	 -2.043	  2.794	 -1.613
[component_container-11] 	  6.340	  Twist	 -0.068	  0.001	  0.512	 -0.278
[component_container-11] 	  6.340	ErrPose	  0.241	  0.013	  0.006	  0.012
[component_container-11] 	  6.340	ErrTwis	  0.085	 -0.000	  0.004	 -0.002
[component_container-11] 	  6.340	    GPS	 -2.083	 -2.047	  2.630	     --
[component_container-11] 	  6.340	   Baro	     --	     --	  3.359	     --
[component_container-11] 	  6.340	  BBias	     --	     --	  0.587	     --
[component_container-11] 	  6.340	  Sonar	     --	     --	  2.810	     --
[component_container-11] 	  6.340	  Magnt	     --	     --	     --	 -1.584
[component_container-11] 
[component_container-11] 	  6.370	   Pose	 -2.079	 -2.043	  2.809	 -1.623
[component_container-11] 	  6.370	  Twist	 -0.069	  0.002	  0.511	 -0.279
[component_container-11] 	  6.370	ErrPose	  0.243	  0.012	  0.002	  0.016
[component_container-11] 	  6.370	ErrTwis	  0.085	  0.000	  0.006	 -0.001
[component_container-11] 	  6.370	    GPS	 -2.083	 -2.047	  2.630	     --
[component_container-11] 	  6.370	   Baro	     --	     --	  3.342	     --
[component_container-11] 	  6.370	  BBias	     --	     --	  0.587	     --
[component_container-11] 	  6.370	  Sonar	     --	     --	  2.810	     --
[component_container-11] 	  6.370	  Magnt	     --	     --	     --	 -1.664
[component_container-11] 
[component_container-11] 	  6.400	   Pose	 -2.081	 -2.043	  2.825	 -1.632
[component_container-11] 	  6.400	  Twist	 -0.069	  0.002	  0.512	 -0.294
[component_container-11] 	  6.400	ErrPose	  0.245	  0.012	  0.006	  0.014
[component_container-11] 	  6.400	ErrTwis	  0.085	  0.002	  0.004	  0.014
[component_container-11] 	  6.400	    GPS	 -2.083	 -2.047	  2.630	     --
[component_container-11] 	  6.400	   Baro	     --	     --	  3.342	     --
[component_container-11] 	  6.400	  BBias	     --	     --	  0.587	     --
[component_container-11] 	  6.400	  Sonar	     --	     --	  2.819	     --
[component_container-11] 	  6.400	  Magnt	     --	     --	     --	 -1.664
[component_container-11] 
[component_container-11] 	  6.440	   Pose	 -2.084	 -2.042	  2.847	 -1.644
[component_container-11] 	  6.440	  Twist	 -0.071	  0.004	  0.512	 -0.269
[component_container-11] 	  6.440	ErrPose	  0.249	  0.011	  0.005	  0.015
[component_container-11] 	  6.440	ErrTwis	  0.086	  0.002	  0.004	 -0.011
[component_container-11] 	  6.440	    GPS	 -2.083	 -2.047	  2.630	     --
[component_container-11] 	  6.440	   Baro	     --	     --	  3.501	     --
[component_container-11] 	  6.440	  BBias	     --	     --	  0.587	     --
[component_container-11] 	  6.440	  Sonar	     --	     --	  2.837	     --
[component_container-11] 	  6.440	  Magnt	     --	     --	     --	 -1.676
[component_container-11] 
[component_container-11] 	  6.470	   Pose	 -2.086	 -2.042	  2.861	 -1.652
[component_container-11] 	  6.470	  Twist	 -0.072	  0.005	  0.509	 -0.287
[component_container-11] 	  6.470	ErrPose	  0.251	  0.011	  0.001	  0.018
[component_container-11] 	  6.470	ErrTwis	  0.085	  0.003	  0.007	  0.007
[component_container-11] 	  6.470	    GPS	 -2.083	 -2.047	  2.630	     --
[component_container-11] 	  6.470	   Baro	     --	     --	  3.368	     --
[component_container-11] 	  6.470	  BBias	     --	     --	  0.587	     --
[component_container-11] 	  6.470	  Sonar	     --	     --	  2.837	     --
[component_container-11] 	  6.470	  Magnt	     --	     --	     --	 -1.648
[component_container-11] 
[component_container-11] 	  6.500	   Pose	 -2.088	 -2.042	  2.873	 -1.661
[component_container-11] 	  6.500	  Twist	 -0.073	  0.006	  0.500	 -0.291
[component_container-11] 	  6.500	ErrPose	  0.254	  0.010	  0.009	  0.015
[component_container-11] 	  6.500	ErrTwis	  0.085	  0.005	  0.016	  0.011
[component_container-11] 	  6.500	    GPS	 -2.083	 -2.047	  2.630	     --
[component_container-11] 	  6.500	   Baro	     --	     --	  3.368	     --
[component_container-11] 	  6.500	  BBias	     --	     --	  0.587	     --
[component_container-11] 	  6.500	  Sonar	     --	     --	  2.847	     --
[component_container-11] 	  6.500	  Magnt	     --	     --	     --	 -1.648
[component_container-11] 
[component_container-11] [INFO] [1775369570.997962919] [drone.estimator]: TMP LOG gps innov_xy=(0.302, -0.002) est_xy=(-2.088, -2.042) gps_xy=(-1.787, -2.044) corr_xy=(-1.787, -2.044) vel_xy=(-0.073, 0.006)
[component_container-11] [INFO] [1775369570.998138767] [drone.estimator]: TMP LOG gps vel pseudo raw=(0.591, 0.006) filt=(0.501, 0.010) innov_v=(0.526, 0.004) apply=(1,1)
[component_container-11] 	  6.540	   Pose	 -1.909	 -2.042	  2.890	 -1.674
[component_container-11] 	  6.540	  Twist	  0.087	  0.008	  0.491	 -0.285
[component_container-11] 	  6.540	ErrPose	  0.075	  0.010	  0.013	  0.017
[component_container-11] 	  6.540	ErrTwis	 -0.076	  0.005	  0.025	  0.005
[component_container-11] 	  6.540	    GPS	 -1.787	 -2.044	  2.888	     --
[component_container-11] 	  6.540	   Baro	     --	     --	  3.347	     --
[component_container-11] 	  6.540	  BBias	     --	     --	  0.586	     --
[component_container-11] 	  6.540	  Sonar	     --	     --	  2.871	     --
[component_container-11] 	  6.540	  Magnt	     --	     --	     --	 -1.711
[component_container-11] 
[component_container-11] 	  6.570	   Pose	 -1.906	 -2.041	  2.904	 -1.683
[component_container-11] 	  6.570	  Twist	  0.085	  0.009	  0.488	 -0.294
[component_container-11] 	  6.570	ErrPose	  0.073	  0.009	  0.009	  0.020
[component_container-11] 	  6.570	ErrTwis	 -0.075	  0.005	  0.028	  0.014
[component_container-11] 	  6.570	    GPS	 -1.787	 -2.044	  2.888	     --
[component_container-11] 	  6.570	   Baro	     --	     --	  3.465	     --
[component_container-11] 	  6.570	  BBias	     --	     --	  0.586	     --
[component_container-11] 	  6.570	  Sonar	     --	     --	  2.902	     --
[component_container-11] 	  6.570	  Magnt	     --	     --	     --	 -1.701
[component_container-11] 
[component_container-11] 	  6.600	   Pose	 -1.904	 -2.041	  2.919	 -1.692
[component_container-11] 	  6.600	  Twist	  0.084	  0.010	  0.487	 -0.296
[component_container-11] 	  6.600	ErrPose	  0.071	  0.009	  0.015	  0.017
[component_container-11] 	  6.600	ErrTwis	 -0.076	  0.006	  0.029	  0.017
[component_container-11] 	  6.600	    GPS	 -1.787	 -2.044	  2.888	     --
[component_container-11] 	  6.600	   Baro	     --	     --	  3.465	     --
[component_container-11] 	  6.600	  BBias	     --	     --	  0.586	     --
[component_container-11] 	  6.600	  Sonar	     --	     --	  2.902	     --
[component_container-11] 	  6.600	  Magnt	     --	     --	     --	 -1.701
[component_container-11] 
[component_container-11] 	  6.640	   Pose	 -1.900	 -2.041	  2.943	 -1.702
[component_container-11] 	  6.640	  Twist	  0.083	  0.012	  0.495	 -0.278
[component_container-11] 	  6.640	ErrPose	  0.068	  0.008	  0.012	  0.017
[component_container-11] 	  6.640	ErrTwis	 -0.077	  0.006	  0.021	 -0.001
[component_container-11] 	  6.640	    GPS	 -1.787	 -2.044	  2.888	     --
[component_container-11] 	  6.640	   Baro	     --	     --	  3.675	     --
[component_container-11] 	  6.640	  BBias	     --	     --	  0.587	     --
[component_container-11] 	  6.640	  Sonar	     --	     --	  2.945	     --
[component_container-11] 	  6.640	  Magnt	     --	     --	     --	 -1.663
[component_container-11] 
[component_container-11] 	  6.670	   Pose	 -1.898	 -2.040	  2.957	 -1.711
[component_container-11] 	  6.670	  Twist	  0.083	  0.013	  0.493	 -0.272
[component_container-11] 	  6.670	ErrPose	  0.066	  0.007	  0.008	  0.020
[component_container-11] 	  6.670	ErrTwis	 -0.077	  0.007	  0.023	 -0.008
[component_container-11] 	  6.670	    GPS	 -1.787	 -2.044	  2.888	     --
[component_container-11] 	  6.670	   Baro	     --	     --	  3.491	     --
[component_container-11] 	  6.670	  BBias	     --	     --	  0.587	     --
[component_container-11] 	  6.670	  Sonar	     --	     --	  2.945	     --
[component_container-11] 	  6.670	  Magnt	     --	     --	     --	 -1.698
[component_container-11] 
[component_container-11] 	  6.700	   Pose	 -1.895	 -2.040	  2.969	 -1.719
[component_container-11] 	  6.700	  Twist	  0.082	  0.014	  0.484	 -0.293
[component_container-11] 	  6.700	ErrPose	  0.065	  0.007	  0.017	  0.017
[component_container-11] 	  6.700	ErrTwis	 -0.078	  0.008	  0.031	  0.013
[component_container-11] 	  6.700	    GPS	 -1.787	 -2.044	  2.888	     --
[component_container-11] 	  6.700	   Baro	     --	     --	  3.491	     --
[component_container-11] 	  6.700	  BBias	     --	     --	  0.587	     --
[component_container-11] 	  6.700	  Sonar	     --	     --	  2.948	     --
[component_container-11] 	  6.700	  Magnt	     --	     --	     --	 -1.698
[component_container-11] 
[component_container-11] 	  6.740	   Pose	 -1.892	 -2.039	  2.991	 -1.730
[component_container-11] 	  6.740	  Twist	  0.081	  0.016	  0.490	 -0.264
[component_container-11] 	  6.740	ErrPose	  0.062	  0.006	  0.015	  0.017
[component_container-11] 	  6.740	ErrTwis	 -0.079	  0.008	  0.026	 -0.015
[component_container-11] 	  6.740	    GPS	 -1.787	 -2.044	  2.888	     --
[component_container-11] 	  6.740	   Baro	     --	     --	  3.590	     --
[component_container-11] 	  6.740	  BBias	     --	     --	  0.587	     --
[component_container-11] 	  6.740	  Sonar	     --	     --	  2.992	     --
[component_container-11] 	  6.740	  Magnt	     --	     --	     --	 -1.707
[component_container-11] 
[component_container-11] 	  6.770	   Pose	 -1.890	 -2.039	  3.008	 -1.739
[component_container-11] 	  6.770	  Twist	  0.080	  0.017	  0.493	 -0.275
[component_container-11] 	  6.770	ErrPose	  0.060	  0.006	  0.009	  0.020
[component_container-11] 	  6.770	ErrTwis	 -0.079	  0.007	  0.023	 -0.005
[component_container-11] 	  6.770	    GPS	 -1.787	 -2.044	  2.888	     --
[component_container-11] 	  6.770	   Baro	     --	     --	  3.631	     --
[component_container-11] 	  6.770	  BBias	     --	     --	  0.587	     --
[component_container-11] 	  6.770	  Sonar	     --	     --	  3.014	     --
[component_container-11] 	  6.770	  Magnt	     --	     --	     --	 -1.717
[component_container-11] 
[component_container-11] 	  6.800	   Pose	 -1.887	 -2.038	  3.023	 -1.747
[component_container-11] 	  6.800	  Twist	  0.079	  0.018	  0.492	 -0.286
[component_container-11] 	  6.800	ErrPose	  0.058	  0.005	  0.015	  0.017
[component_container-11] 	  6.800	ErrTwis	 -0.079	  0.004	  0.023	  0.006
[component_container-11] 	  6.800	    GPS	 -1.787	 -2.044	  2.888	     --
[component_container-11] 	  6.800	   Baro	     --	     --	  3.631	     --
[component_container-11] 	  6.800	  BBias	     --	     --	  0.587	     --
[component_container-11] 	  6.800	  Sonar	     --	     --	  3.014	     --
[component_container-11] 	  6.800	  Magnt	     --	     --	     --	 -1.717
[component_container-11] 
[component_container-11] 	  6.840	   Pose	 -1.884	 -2.038	  3.044	 -1.759
[component_container-11] 	  6.840	  Twist	  0.078	  0.020	  0.495	 -0.277
[component_container-11] 	  6.840	ErrPose	  0.055	  0.004	  0.014	  0.018
[component_container-11] 	  6.840	ErrTwis	 -0.078	 -0.002	  0.021	 -0.003
[component_container-11] 	  6.840	    GPS	 -1.787	 -2.044	  2.888	     --
[component_container-11] 	  6.840	   Baro	     --	     --	  3.777	     --
[component_container-11] 	  6.840	  BBias	     --	     --	  0.588	     --
[component_container-11] 	  6.840	  Sonar	     --	     --	  3.037	     --
[component_container-11] 	  6.840	  Magnt	     --	     --	     --	 -1.763
[component_container-11] 
[component_container-11] 	  6.870	   Pose	 -1.882	 -2.037	  3.059	 -1.767
[component_container-11] 	  6.870	  Twist	  0.077	  0.022	  0.493	 -0.286
[component_container-11] 	  6.870	ErrPose	  0.053	  0.004	  0.010	  0.021
[component_container-11] 	  6.870	ErrTwis	 -0.078	 -0.007	  0.023	  0.006
[component_container-11] 	  6.870	    GPS	 -1.787	 -2.044	  2.888	     --
[component_container-11] 	  6.870	   Baro	     --	     --	  3.606	     --
[component_container-11] 	  6.870	  BBias	     --	     --	  0.588	     --
[component_container-11] 	  6.870	  Sonar	     --	     --	  3.037	     --
[component_container-11] 	  6.870	  Magnt	     --	     --	     --	 -1.744
[component_container-11] 
[component_container-11] 	  6.900	   Pose	 -1.880	 -2.036	  3.077	 -1.776
[component_container-11] 	  6.900	  Twist	  0.076	  0.022	  0.500	 -0.287
[component_container-11] 	  6.900	ErrPose	  0.051	  0.003	  0.011	  0.018
[component_container-11] 	  6.900	ErrTwis	 -0.078	 -0.013	  0.015	  0.007
[component_container-11] 	  6.900	    GPS	 -1.787	 -2.044	  2.888	     --
[component_container-11] 	  6.900	   Baro	     --	     --	  3.606	     --
[component_container-11] 	  6.900	  BBias	     --	     --	  0.588	     --
[component_container-11] 	  6.900	  Sonar	     --	     --	  3.076	     --
[component_container-11] 	  6.900	  Magnt	     --	     --	     --	 -1.744
[component_container-11] 
[component_container-11] 	  6.940	   Pose	 -1.877	 -2.035	  3.095	 -1.786
[component_container-11] 	  6.940	  Twist	  0.075	  0.024	  0.493	 -0.287
[component_container-11] 	  6.940	ErrPose	  0.047	  0.003	  0.014	  0.017
[component_container-11] 	  6.940	ErrTwis	 -0.078	 -0.021	  0.022	  0.007
[component_container-11] 	  6.940	    GPS	 -1.787	 -2.044	  2.888	     --
[component_container-11] 	  6.940	   Baro	     --	     --	  3.764	     --
[component_container-11] 	  6.940	  BBias	     --	     --	  0.589	     --
[component_container-11] 	  6.940	  Sonar	     --	     --	  3.075	     --
[component_container-11] 	  6.940	  Magnt	     --	     --	     --	 -1.725
[component_container-11] 
[component_container-11] 	  6.970	   Pose	 -1.874	 -2.035	  3.122	 -1.794
[component_container-11] 	  6.970	  Twist	  0.074	  0.024	  0.520	 -0.277
[component_container-11] 	  6.970	ErrPose	  0.045	  0.002	 -0.002	  0.020
[component_container-11] 	  6.970	ErrTwis	 -0.078	 -0.025	 -0.005	 -0.003
[component_container-11] 	  6.970	    GPS	 -1.787	 -2.044	  2.888	     --
[component_container-11] 	  6.970	   Baro	     --	     --	  3.740	     --
[component_container-11] 	  6.970	  BBias	     --	     --	  0.589	     --
[component_container-11] 	  6.970	  Sonar	     --	     --	  3.166	     --
[component_container-11] 	  6.970	  Magnt	     --	     --	     --	 -1.782
[component_container-11] 
[component_container-11] 	  7.000	   Pose	 -1.872	 -2.034	  3.138	 -1.803
[component_container-11] 	  7.000	  Twist	  0.073	  0.026	  0.518	 -0.302
[component_container-11] 	  7.000	ErrPose	  0.042	  0.002	  0.003	  0.017
[component_container-11] 	  7.000	ErrTwis	 -0.077	 -0.032	 -0.004	  0.023
[component_container-11] 	  7.000	    GPS	 -1.787	 -2.044	  2.888	     --
[component_container-11] 	  7.000	   Baro	     --	     --	  3.740	     --
[component_container-11] 	  7.000	  BBias	     --	     --	  0.589	     --
[component_container-11] 	  7.000	  Sonar	     --	     --	  3.166	     --
[component_container-11] 	  7.000	  Magnt	     --	     --	     --	 -1.782
[component_container-11] 
[component_container-11] [INFO] [1775369571.495402062] [drone.estimator]: TMP LOG err_xyz=(0.042, 0.002, 0.003) | z_est=3.138 vz_est=0.518 bias=0.589 | gps_z=2.888 sonar=3.166 baro=3.740
[component_container-11] [INFO] [1775369571.495653251] [drone.controller]: cmd_vel body=(0.000, -0.079, 0.500) yaw=-0.300 | odom_received=true | plan_points=20
[component_container-11] 	  7.040	   Pose	 -1.869	 -1.985	  3.156	 -1.813
[component_container-11] 	  7.040	  Twist	  0.059	  0.069	  0.511	 -0.287
[component_container-11] 	  7.040	ErrPose	  0.038	 -0.047	  0.005	  0.016
[component_container-11] 	  7.040	ErrTwis	 -0.064	 -0.081	  0.003	  0.007
[component_container-11] 	  7.040	    GPS	 -1.823	 -1.950	  3.145	     --
[component_container-11] 	  7.040	   Baro	     --	     --	  3.734	     --
[component_container-11] 	  7.040	  BBias	     --	     --	  0.589	     --
[component_container-11] 	  7.040	  Sonar	     --	     --	  3.138	     --
[component_container-11] 	  7.040	  Magnt	     --	     --	     --	 -1.730
[component_container-11] 
[component_container-11] 	  7.070	   Pose	 -1.867	 -1.982	  3.178	 -1.822
[component_container-11] 	  7.070	  Twist	  0.059	  0.070	  0.526	 -0.285
[component_container-11] 	  7.070	ErrPose	  0.036	 -0.049	 -0.007	  0.019
[component_container-11] 	  7.070	ErrTwis	 -0.065	 -0.085	 -0.012	  0.005
[component_container-11] 	  7.070	    GPS	 -1.823	 -1.950	  3.145	     --
[component_container-11] 	  7.070	   Baro	     --	     --	  3.693	     --
[component_container-11] 	  7.070	  BBias	     --	     --	  0.588	     --
[component_container-11] 	  7.070	  Sonar	     --	     --	  3.206	     --
[component_container-11] 	  7.070	  Magnt	     --	     --	     --	 -1.819
[component_container-11] 
[component_container-11] 	  7.100	   Pose	 -1.865	 -1.980	  3.194	 -1.830
[component_container-11] 	  7.100	  Twist	  0.058	  0.071	  0.525	 -0.286
[component_container-11] 	  7.100	ErrPose	  0.033	 -0.051	 -0.002	  0.016
[component_container-11] 	  7.100	ErrTwis	 -0.064	 -0.091	 -0.010	  0.006
[component_container-11] 	  7.100	    GPS	 -1.823	 -1.950	  3.145	     --
[component_container-11] 	  7.100	   Baro	     --	     --	  3.693	     --
[component_container-11] 	  7.100	  BBias	     --	     --	  0.588	     --
[component_container-11] 	  7.100	  Sonar	     --	     --	  3.206	     --
[component_container-11] 	  7.100	  Magnt	     --	     --	     --	 -1.819
[component_container-11] 
[component_container-11] 	  7.140	   Pose	 -1.863	 -1.978	  3.217	 -1.841
[component_container-11] 	  7.140	  Twist	  0.057	  0.072	  0.527	 -0.274
[component_container-11] 	  7.140	ErrPose	  0.029	 -0.053	 -0.004	  0.016
[component_container-11] 	  7.140	ErrTwis	 -0.063	 -0.098	 -0.012	 -0.005
[component_container-11] 	  7.140	    GPS	 -1.823	 -1.950	  3.145	     --
[component_container-11] 	  7.140	   Baro	     --	     --	  3.778	     --
[component_container-11] 	  7.140	  BBias	     --	     --	  0.588	     --
[component_container-11] 	  7.140	  Sonar	     --	     --	  3.213	     --
[component_container-11] 	  7.140	  Magnt	     --	     --	     --	 -1.799
[component_container-11] 
[component_container-11] 	  7.170	   Pose	 -1.861	 -1.975	  3.221	 -1.849
[component_container-11] 	  7.170	  Twist	  0.057	  0.074	  0.497	 -0.281
[component_container-11] 	  7.170	ErrPose	  0.027	 -0.055	  0.002	  0.018
[component_container-11] 	  7.170	ErrTwis	 -0.063	 -0.102	  0.017	  0.001
[component_container-11] 	  7.170	    GPS	 -1.823	 -1.950	  3.145	     --
[component_container-11] 	  7.170	   Baro	     --	     --	  3.764	     --
[component_container-11] 	  7.170	  BBias	     --	     --	  0.588	     --
[component_container-11] 	  7.170	  Sonar	     --	     --	  3.177	     --
[component_container-11] 	  7.170	  Magnt	     --	     --	     --	 -1.819
[component_container-11] 
[component_container-11] 	  7.200	   Pose	 -1.860	 -1.973	  3.236	 -1.857
[component_container-11] 	  7.200	  Twist	  0.057	  0.075	  0.495	 -0.273
[component_container-11] 	  7.200	ErrPose	  0.023	 -0.056	  0.007	  0.016
[component_container-11] 	  7.200	ErrTwis	 -0.063	 -0.108	  0.019	 -0.007
[component_container-11] 	  7.200	    GPS	 -1.823	 -1.950	  3.145	     --
[component_container-11] 	  7.200	   Baro	     --	     --	  3.764	     --
[component_container-11] 	  7.200	  BBias	     --	     --	  0.588	     --
[component_container-11] 	  7.200	  Sonar	     --	     --	  3.177	     --
[component_container-11] 	  7.200	  Magnt	     --	     --	     --	 -1.819
[component_container-11] 
[component_container-11] 	  7.240	   Pose	 -1.857	 -1.970	  3.262	 -1.869
[component_container-11] 	  7.240	  Twist	  0.055	  0.076	  0.509	 -0.300
[component_container-11] 	  7.240	ErrPose	  0.019	 -0.059	  0.002	  0.016
[component_container-11] 	  7.240	ErrTwis	 -0.061	 -0.114	  0.005	  0.020
[component_container-11] 	  7.240	    GPS	 -1.823	 -1.950	  3.145	     --
[component_container-11] 	  7.240	   Baro	     --	     --	  3.882	     --
[component_container-11] 	  7.240	  BBias	     --	     --	  0.588	     --
[component_container-11] 	  7.240	  Sonar	     --	     --	  3.274	     --
[component_container-11] 	  7.240	  Magnt	     --	     --	     --	 -1.856
[component_container-11] 
[component_container-11] 	  7.270	   Pose	 -1.856	 -1.968	  3.275	 -1.878
[component_container-11] 	  7.270	  Twist	  0.055	  0.077	  0.502	 -0.294
[component_container-11] 	  7.270	ErrPose	  0.017	 -0.060	 -0.001	  0.020
[component_container-11] 	  7.270	ErrTwis	 -0.060	 -0.117	  0.012	  0.014
[component_container-11] 	  7.270	    GPS	 -1.823	 -1.950	  3.145	     --
[component_container-11] 	  7.270	   Baro	     --	     --	  3.960	     --
[component_container-11] 	  7.270	  BBias	     --	     --	  0.589	     --
[component_container-11] 	  7.270	  Sonar	     --	     --	  3.265	     --
[component_container-11] 	  7.270	  Magnt	     --	     --	     --	 -1.898
[component_container-11] 
[component_container-11] 	  7.300	   Pose	 -1.854	 -1.965	  3.290	 -1.887
[component_container-11] 	  7.300	  Twist	  0.055	  0.078	  0.501	 -0.302
[component_container-11] 	  7.300	ErrPose	  0.013	 -0.062	  0.004	  0.018
[component_container-11] 	  7.300	ErrTwis	 -0.060	 -0.122	  0.013	  0.023
[component_container-11] 	  7.300	    GPS	 -1.823	 -1.950	  3.145	     --
[component_container-11] 	  7.300	   Baro	     --	     --	  3.960	     --
[component_container-11] 	  7.300	  BBias	     --	     --	  0.589	     --
[component_container-11] 	  7.300	  Sonar	     --	     --	  3.265	     --
[component_container-11] 	  7.300	  Magnt	     --	     --	     --	 -1.898
[component_container-11] 
[component_container-11] 	  7.340	   Pose	 -1.852	 -1.962	  3.301	 -1.899
[component_container-11] 	  7.340	  Twist	  0.054	  0.080	  0.477	 -0.279
[component_container-11] 	  7.340	ErrPose	  0.009	 -0.064	  0.014	  0.018
[component_container-11] 	  7.340	ErrTwis	 -0.059	 -0.127	  0.037	 -0.001
[component_container-11] 	  7.340	    GPS	 -1.823	 -1.950	  3.145	     --
[component_container-11] 	  7.340	   Baro	     --	     --	  3.902	     --
[component_container-11] 	  7.340	  BBias	     --	     --	  0.589	     --
[component_container-11] 	  7.340	  Sonar	     --	     --	  3.262	     --
[component_container-11] 	  7.340	  Magnt	     --	     --	     --	 -1.885
[component_container-11] 
[component_container-11] 	  7.370	   Pose	 -1.850	 -1.960	  3.313	 -1.907
[component_container-11] 	  7.370	  Twist	  0.054	  0.081	  0.471	 -0.291
[component_container-11] 	  7.370	ErrPose	  0.006	 -0.066	  0.012	  0.020
[component_container-11] 	  7.370	ErrTwis	 -0.058	 -0.130	  0.043	  0.011
[component_container-11] 	  7.370	    GPS	 -1.823	 -1.950	  3.145	     --
[component_container-11] 	  7.370	   Baro	     --	     --	  3.960	     --
[component_container-11] 	  7.370	  BBias	     --	     --	  0.590	     --
[component_container-11] 	  7.370	  Sonar	     --	     --	  3.305	     --
[component_container-11] 	  7.370	  Magnt	     --	     --	     --	 -1.882
[component_container-11] 
[component_container-11] 	  7.400	   Pose	 -1.849	 -1.957	  3.327	 -1.916
[component_container-11] 	  7.400	  Twist	  0.054	  0.082	  0.469	 -0.292
[component_container-11] 	  7.400	ErrPose	  0.003	 -0.068	  0.018	  0.018
[component_container-11] 	  7.400	ErrTwis	 -0.057	 -0.134	  0.045	  0.012
[component_container-11] 	  7.400	    GPS	 -1.823	 -1.950	  3.145	     --
[component_container-11] 	  7.400	   Baro	     --	     --	  3.960	     --
[component_container-11] 	  7.400	  BBias	     --	     --	  0.590	     --
[component_container-11] 	  7.400	  Sonar	     --	     --	  3.305	     --
[component_container-11] 	  7.400	  Magnt	     --	     --	     --	 -1.882
[component_container-11] 
[component_container-11] 	  7.440	   Pose	 -1.847	 -1.954	  3.354	 -1.927
[component_container-11] 	  7.440	  Twist	  0.053	  0.084	  0.485	 -0.286
[component_container-11] 	  7.440	ErrPose	 -0.002	 -0.071	  0.012	  0.018
[component_container-11] 	  7.440	ErrTwis	 -0.055	 -0.139	  0.029	  0.006
[component_container-11] 	  7.440	    GPS	 -1.823	 -1.950	  3.145	     --
[component_container-11] 	  7.440	   Baro	     --	     --	  4.031	     --
[component_container-11] 	  7.440	  BBias	     --	     --	  0.590	     --
[component_container-11] 	  7.440	  Sonar	     --	     --	  3.369	     --
[component_container-11] 	  7.440	  Magnt	     --	     --	     --	 -1.894
[component_container-11] 
[component_container-11] 	  7.470	   Pose	 -1.845	 -1.952	  3.368	 -1.935
[component_container-11] 	  7.470	  Twist	  0.052	  0.085	  0.483	 -0.277
[component_container-11] 	  7.470	ErrPose	 -0.005	 -0.073	  0.008	  0.020
[component_container-11] 	  7.470	ErrTwis	 -0.054	 -0.142	  0.030	 -0.003
[component_container-11] 	  7.470	    GPS	 -1.823	 -1.950	  3.145	     --
[component_container-11] 	  7.470	   Baro	     --	     --	  3.943	     --
[component_container-11] 	  7.470	  BBias	     --	     --	  0.590	     --
[component_container-11] 	  7.470	  Sonar	     --	     --	  3.369	     --
[component_container-11] 	  7.470	  Magnt	     --	     --	     --	 -1.915
[component_container-11] 
[component_container-11] 	  7.500	   Pose	 -1.843	 -1.949	  3.382	 -1.943
[component_container-11] 	  7.500	  Twist	  0.052	  0.086	  0.479	 -0.295
[component_container-11] 	  7.500	ErrPose	 -0.009	 -0.074	  0.015	  0.018
[component_container-11] 	  7.500	ErrTwis	 -0.053	 -0.145	  0.034	  0.015
[component_container-11] 	  7.500	    GPS	 -1.823	 -1.950	  3.145	     --
[component_container-11] 	  7.500	   Baro	     --	     --	  3.943	     --
[component_container-11] 	  7.500	  BBias	     --	     --	  0.590	     --
[component_container-11] 	  7.500	  Sonar	     --	     --	  3.369	     --
[component_container-11] 	  7.500	  Magnt	     --	     --	     --	 -1.915
[component_container-11] 
[component_container-11] [INFO] [1775369572.000307268] [drone.estimator]: TMP LOG gps innov_xy=(-0.250, -0.156) est_xy=(-1.843, -1.948) gps_xy=(-2.093, -2.104) corr_xy=(-2.093, -2.104) vel_xy=(0.052, 0.086)
[component_container-11] [INFO] [1775369572.000680488] [drone.estimator]: TMP LOG gps vel pseudo raw=(-0.539, -0.308) filt=(-0.487, -0.260) innov_v=(-0.500, -0.322) apply=(1,1)
[component_container-11] 	  7.540	   Pose	 -2.002	 -2.048	  3.404	 -1.955
[component_container-11] 	  7.540	  Twist	 -0.095	 -0.006	  0.485	 -0.290
[component_container-11] 	  7.540	ErrPose	  0.148	  0.025	  0.013	  0.018
[component_container-11] 	  7.540	ErrTwis	  0.096	 -0.054	  0.029	  0.010
[component_container-11] 	  7.540	    GPS	 -2.093	 -2.104	  3.402	     --
[component_container-11] 	  7.540	   Baro	     --	     --	  3.934	     --
[component_container-11] 	  7.540	  BBias	     --	     --	  0.590	     --
[component_container-11] 	  7.540	  Sonar	     --	     --	  3.407	     --
[component_container-11] 	  7.540	  Magnt	     --	     --	     --	 -1.948
[component_container-11] 
[component_container-11] 	  7.570	   Pose	 -2.005	 -2.048	  3.416	 -1.963
[component_container-11] 	  7.570	  Twist	 -0.096	 -0.005	  0.475	 -0.288
[component_container-11] 	  7.570	ErrPose	  0.150	  0.026	  0.012	  0.021
[component_container-11] 	  7.570	ErrTwis	  0.097	 -0.057	  0.039	  0.009
[component_container-11] 	  7.570	    GPS	 -2.093	 -2.104	  3.402	     --
[component_container-11] 	  7.570	   Baro	     --	     --	  4.068	     --
[component_container-11] 	  7.570	  BBias	     --	     --	  0.591	     --
[component_container-11] 	  7.570	  Sonar	     --	     --	  3.401	     --
[component_container-11] 	  7.570	  Magnt	     --	     --	     --	 -1.943
[component_container-11] 
[component_container-11] 	  7.600	   Pose	 -2.008	 -2.048	  3.430	 -1.972
[component_container-11] 	  7.600	  Twist	 -0.096	 -0.004	  0.475	 -0.285
[component_container-11] 	  7.600	ErrPose	  0.150	  0.027	  0.019	  0.018
[component_container-11] 	  7.600	ErrTwis	  0.099	 -0.060	  0.039	  0.005
[component_container-11] 	  7.600	    GPS	 -2.093	 -2.104	  3.402	     --
[component_container-11] 	  7.600	   Baro	     --	     --	  4.068	     --
[component_container-11] 	  7.600	  BBias	     --	     --	  0.591	     --
[component_container-11] 	  7.600	  Sonar	     --	     --	  3.401	     --
[component_container-11] 	  7.600	  Magnt	     --	     --	     --	 -1.943
[component_container-11] 
[component_container-11] 	  7.640	   Pose	 -2.012	 -2.048	  3.453	 -1.984
[component_container-11] 	  7.640	  Twist	 -0.096	 -0.002	  0.482	 -0.296
[component_container-11] 	  7.640	ErrPose	  0.151	  0.028	  0.016	  0.019
[component_container-11] 	  7.640	ErrTwis	  0.100	 -0.063	  0.031	  0.016
[component_container-11] 	  7.640	    GPS	 -2.093	 -2.104	  3.402	     --
[component_container-11] 	  7.640	   Baro	     --	     --	  3.969	     --
[component_container-11] 	  7.640	  BBias	     --	     --	  0.590	     --
[component_container-11] 	  7.640	  Sonar	     --	     --	  3.460	     --
[component_container-11] 	  7.640	  Magnt	     --	     --	     --	 -1.995
[component_container-11] 
[component_container-11] 	  7.670	   Pose	 -2.015	 -2.048	  3.465	 -1.993
[component_container-11] 	  7.670	  Twist	 -0.096	 -0.001	  0.475	 -0.271
[component_container-11] 	  7.670	ErrPose	  0.153	  0.028	  0.015	  0.022
[component_container-11] 	  7.670	ErrTwis	  0.102	 -0.065	  0.039	 -0.009
[component_container-11] 	  7.670	    GPS	 -2.093	 -2.104	  3.402	     --
[component_container-11] 	  7.670	   Baro	     --	     --	  3.958	     --
[component_container-11] 	  7.670	  BBias	     --	     --	  0.589	     --
[component_container-11] 	  7.670	  Sonar	     --	     --	  3.457	     --
[component_container-11] 	  7.670	  Magnt	     --	     --	     --	 -1.988
[component_container-11] 
[component_container-11] 	  7.700	   Pose	 -2.018	 -2.048	  3.479	 -2.001
[component_container-11] 	  7.700	  Twist	 -0.097	 -0.000	  0.474	 -0.287
[component_container-11] 	  7.700	ErrPose	  0.153	  0.029	  0.021	  0.019
[component_container-11] 	  7.700	ErrTwis	  0.105	 -0.068	  0.040	  0.007
[component_container-11] 	  7.700	    GPS	 -2.093	 -2.104	  3.402	     --
[component_container-11] 	  7.700	   Baro	     --	     --	  3.958	     --
[component_container-11] 	  7.700	  BBias	     --	     --	  0.589	     --
[component_container-11] 	  7.700	  Sonar	     --	     --	  3.457	     --
[component_container-11] 	  7.700	  Magnt	     --	     --	     --	 -1.988
[component_container-11] 
[component_container-11] 	  7.740	   Pose	 -2.022	 -2.048	  3.503	 -2.012
[component_container-11] 	  7.740	  Twist	 -0.097	  0.002	  0.484	 -0.289
[component_container-11] 	  7.740	ErrPose	  0.154	  0.029	  0.017	  0.019
[component_container-11] 	  7.740	ErrTwis	  0.106	 -0.071	  0.030	  0.010
[component_container-11] 	  7.740	    GPS	 -2.093	 -2.104	  3.402	     --
[component_container-11] 	  7.740	   Baro	     --	     --	  3.981	     --
[component_container-11] 	  7.740	  BBias	     --	     --	  0.589	     --
[component_container-11] 	  7.740	  Sonar	     --	     --	  3.515	     --
[component_container-11] 	  7.740	  Magnt	     --	     --	     --	 -1.973
[component_container-11] 
[component_container-11] 	  7.770	   Pose	 -2.025	 -2.048	  3.518	 -2.021
[component_container-11] 	  7.770	  Twist	 -0.098	  0.003	  0.483	 -0.282
[component_container-11] 	  7.770	ErrPose	  0.156	  0.030	  0.013	  0.022
[component_container-11] 	  7.770	ErrTwis	  0.107	 -0.072	  0.031	  0.002
[component_container-11] 	  7.770	    GPS	 -2.093	 -2.104	  3.402	     --
[component_container-11] 	  7.770	   Baro	     --	     --	  4.101	     --
[component_container-11] 	  7.770	  BBias	     --	     --	  0.589	     --
[component_container-11] 	  7.770	  Sonar	     --	     --	  3.515	     --
[component_container-11] 	  7.770	  Magnt	     --	     --	     --	 -2.004
[component_container-11] 
[component_container-11] 	  7.800	   Pose	 -2.028	 -2.048	  3.536	 -2.029
[component_container-11] 	  7.800	  Twist	 -0.099	  0.004	  0.490	 -0.283
[component_container-11] 	  7.800	ErrPose	  0.157	  0.030	  0.016	  0.019
[component_container-11] 	  7.800	ErrTwis	  0.108	 -0.071	  0.024	  0.003
[component_container-11] 	  7.800	    GPS	 -2.093	 -2.104	  3.402	     --
[component_container-11] 	  7.800	   Baro	     --	     --	  4.101	     --
[component_container-11] 	  7.800	  BBias	     --	     --	  0.589	     --
[component_container-11] 	  7.800	  Sonar	     --	     --	  3.534	     --
[component_container-11] 	  7.800	  Magnt	     --	     --	     --	 -2.004
[component_container-11] 
[component_container-11] 	  7.840	   Pose	 -2.032	 -2.048	  3.563	 -2.039
[component_container-11] 	  7.840	  Twist	 -0.099	  0.005	  0.505	 -0.272
[component_container-11] 	  7.840	ErrPose	  0.158	  0.031	  0.009	  0.019
[component_container-11] 	  7.840	ErrTwis	  0.110	 -0.069	  0.009	 -0.008
[component_container-11] 	  7.840	    GPS	 -2.093	 -2.104	  3.402	     --
[component_container-11] 	  7.840	   Baro	     --	     --	  4.140	     --
[component_container-11] 	  7.840	  BBias	     --	     --	  0.588	     --
[component_container-11] 	  7.840	  Sonar	     --	     --	  3.578	     --
[component_container-11] 	  7.840	  Magnt	     --	     --	     --	 -1.986
[component_container-11] 
[component_container-11] 	  7.870	   Pose	 -2.035	 -2.048	  3.578	 -2.048
[component_container-11] 	  7.870	  Twist	 -0.099	  0.006	  0.504	 -0.292
[component_container-11] 	  7.870	ErrPose	  0.160	  0.031	  0.004	  0.022
[component_container-11] 	  7.870	ErrTwis	  0.111	 -0.068	  0.010	  0.012
[component_container-11] 	  7.870	    GPS	 -2.093	 -2.104	  3.402	     --
[component_container-11] 	  7.870	   Baro	     --	     --	  4.218	     --
[component_container-11] 	  7.870	  BBias	     --	     --	  0.589	     --
[component_container-11] 	  7.870	  Sonar	     --	     --	  3.578	     --
[component_container-11] 	  7.870	  Magnt	     --	     --	     --	 -2.036
[component_container-11] 
[component_container-11] 	  7.900	   Pose	 -2.038	 -2.047	  3.598	 -2.057
[component_container-11] 	  7.900	  Twist	 -0.100	  0.007	  0.515	 -0.301
[component_container-11] 	  7.900	ErrPose	  0.161	  0.031	  0.005	  0.019
[component_container-11] 	  7.900	ErrTwis	  0.111	 -0.066	 -0.000	  0.022
[component_container-11] 	  7.900	    GPS	 -2.093	 -2.104	  3.402	     --
[component_container-11] 	  7.900	   Baro	     --	     --	  4.218	     --
[component_container-11] 	  7.900	  BBias	     --	     --	  0.589	     --
[component_container-11] 	  7.900	  Sonar	     --	     --	  3.601	     --
[component_container-11] 	  7.900	  Magnt	     --	     --	     --	 -2.036
[component_container-11] 
[component_container-11] 	  7.940	   Pose	 -2.042	 -2.047	  3.624	 -2.068
[component_container-11] 	  7.940	  Twist	 -0.100	  0.008	  0.523	 -0.296
[component_container-11] 	  7.940	ErrPose	  0.163	  0.031	  0.000	  0.019
[component_container-11] 	  7.940	ErrTwis	  0.112	 -0.062	 -0.008	  0.017
[component_container-11] 	  7.940	    GPS	 -2.093	 -2.104	  3.402	     --
[component_container-11] 	  7.940	   Baro	     --	     --	  4.183	     --
[component_container-11] 	  7.940	  BBias	     --	     --	  0.589	     --
[component_container-11] 	  7.940	  Sonar	     --	     --	  3.630	     --
[component_container-11] 	  7.940	  Magnt	     --	     --	     --	 -2.026
[component_container-11] 
[component_container-11] 	  7.970	   Pose	 -2.045	 -2.047	  3.640	 -2.077
[component_container-11] 	  7.970	  Twist	 -0.100	  0.009	  0.524	 -0.287
[component_container-11] 	  7.970	ErrPose	  0.165	  0.031	 -0.006	  0.022
[component_container-11] 	  7.970	ErrTwis	  0.112	 -0.061	 -0.009	  0.007
[component_container-11] 	  7.970	    GPS	 -2.093	 -2.104	  3.402	     --
[component_container-11] 	  7.970	   Baro	     --	     --	  4.183	     --
[component_container-11] 	  7.970	  BBias	     --	     --	  0.588	     --
[component_container-11] 	  7.970	  Sonar	     --	     --	  3.643	     --
[component_container-11] 	  7.970	  Magnt	     --	     --	     --	 -2.086
[component_container-11] 
[component_container-11] [INFO] [1775369572.502418370] [drone.controller]: cmd_vel body=(-0.049, 0.015, 0.500) yaw=-0.300 | odom_received=true | plan_points=15
[component_container-11] 	  8.000	   Pose	 -2.048	 -2.047	  3.656	 -2.086
[component_container-11] 	  8.000	  Twist	 -0.100	  0.011	  0.522	 -0.291
[component_container-11] 	  8.000	ErrPose	  0.167	  0.031	 -0.001	  0.020
[component_container-11] 	  8.000	ErrTwis	  0.113	 -0.058	 -0.007	  0.011
[component_container-11] 	  8.000	    GPS	 -2.093	 -2.104	  3.402	     --
[component_container-11] 	  8.000	   Baro	     --	     --	  4.183	     --
[component_container-11] 	  8.000	  BBias	     --	     --	  0.588	     --
[component_container-11] 	  8.000	  Sonar	     --	     --	  3.643	     --
[component_container-11] 	  8.000	  Magnt	     --	     --	     --	 -2.086
[component_container-11] 
[component_container-11] [INFO] [1775369572.502865927] [drone.estimator]: TMP LOG err_xyz=(0.167, 0.031, -0.001) | z_est=3.656 vz_est=0.522 bias=0.588 | gps_z=3.402 sonar=3.643 baro=4.183
[component_container-11] 	  8.040	   Pose	 -1.978	 -2.009	  3.676	 -2.097
[component_container-11] 	  8.040	  Twist	 -0.026	  0.051	  0.519	 -0.283
[component_container-11] 	  8.040	ErrPose	  0.096	 -0.007	 -0.000	  0.020
[component_container-11] 	  8.040	ErrTwis	  0.038	 -0.094	 -0.004	  0.003
[component_container-11] 	  8.040	    GPS	 -1.958	 -2.001	  3.660	     --
[component_container-11] 	  8.040	   Baro	     --	     --	  4.152	     --
[component_container-11] 	  8.040	  BBias	     --	     --	  0.588	     --
[component_container-11] 	  8.040	  Sonar	     --	     --	  3.665	     --
[component_container-11] 	  8.040	  Magnt	     --	     --	     --	 -2.076
[component_container-11] 
[component_container-11] 	  8.070	   Pose	 -1.978	 -2.007	  3.695	 -2.105
[component_container-11] 	  8.070	  Twist	 -0.027	  0.052	  0.527	 -0.271
[component_container-11] 	  8.070	ErrPose	  0.096	 -0.008	 -0.009	  0.023
[component_container-11] 	  8.070	ErrTwis	  0.039	 -0.092	 -0.011	 -0.009
[component_container-11] 	  8.070	    GPS	 -1.958	 -2.001	  3.660	     --
[component_container-11] 	  8.070	   Baro	     --	     --	  4.109	     --
[component_container-11] 	  8.070	  BBias	     --	     --	  0.586	     --
[component_container-11] 	  8.070	  Sonar	     --	     --	  3.713	     --
[component_container-11] 	  8.070	  Magnt	     --	     --	     --	 -2.099
[component_container-11] 
[component_container-11] 	  8.100	   Pose	 -1.979	 -2.006	  3.711	 -2.114
[component_container-11] 	  8.100	  Twist	 -0.027	  0.052	  0.525	 -0.296
[component_container-11] 	  8.100	ErrPose	  0.095	 -0.009	 -0.004	  0.020
[component_container-11] 	  8.100	ErrTwis	  0.039	 -0.088	 -0.009	  0.016
[component_container-11] 	  8.100	    GPS	 -1.958	 -2.001	  3.660	     --
[component_container-11] 	  8.100	   Baro	     --	     --	  4.109	     --
[component_container-11] 	  8.100	  BBias	     --	     --	  0.586	     --
[component_container-11] 	  8.100	  Sonar	     --	     --	  3.713	     --
[component_container-11] 	  8.100	  Magnt	     --	     --	     --	 -2.099
[component_container-11] 
[component_container-11] 	  8.140	   Pose	 -1.980	 -2.003	  3.727	 -2.124
[component_container-11] 	  8.140	  Twist	 -0.028	  0.054	  0.512	 -0.297
[component_container-11] 	  8.140	ErrPose	  0.096	 -0.011	  0.000	  0.019
[component_container-11] 	  8.140	ErrTwis	  0.040	 -0.085	  0.004	 62.102
[component_container-11] 	  8.140	    GPS	 -1.958	 -2.001	  3.660	     --
[component_container-11] 	  8.140	   Baro	     --	     --	  4.371	     --
[component_container-11] 	  8.140	  BBias	     --	     --	  0.587	     --
[component_container-11] 	  8.140	  Sonar	     --	     --	  3.696	     --
[component_container-11] 	  8.140	  Magnt	     --	     --	     --	 -2.075
[component_container-11] 
[component_container-11] 	  8.170	   Pose	 -1.981	 -2.002	  3.742	 -2.130
[component_container-11] 	  8.170	  Twist	 -0.028	  0.055	  0.512	 -0.281
[component_container-11] 	  8.170	ErrPose	  0.096	 -0.013	 -0.005	  0.020
[component_container-11] 	  8.170	ErrTwis	  0.039	 -0.084	  0.004	 62.085
[component_container-11] 	  8.170	    GPS	 -1.958	 -2.001	  3.660	     --
[component_container-11] 	  8.170	   Baro	     --	     --	  4.380	     --
[component_container-11] 	  8.170	  BBias	     --	     --	  0.587	     --
[component_container-11] 	  8.170	  Sonar	     --	     --	  3.696	     --
[component_container-11] 	  8.170	  Magnt	     --	     --	     --	 -2.016
[component_container-11] 
[component_container-11] 	  8.200	   Pose	 -1.982	 -2.000	  3.753	 -2.139
[component_container-11] 	  8.200	  Twist	 -0.028	  0.056	  0.500	 -0.287
[component_container-11] 	  8.200	ErrPose	  0.096	 -0.015	  0.005	  0.017
[component_container-11] 	  8.200	ErrTwis	  0.038	 -0.080	  0.017	 62.092
[component_container-11] 	  8.200	    GPS	 -1.958	 -2.001	  3.660	     --
[component_container-11] 	  8.200	   Baro	     --	     --	  4.380	     --
[component_container-11] 	  8.200	  BBias	     --	     --	  0.588	     --
[component_container-11] 	  8.200	  Sonar	     --	     --	  3.720	     --
[component_container-11] 	  8.200	  Magnt	     --	     --	     --	 -2.016
[component_container-11] 
[component_container-11] 	  8.240	   Pose	 -1.983	 -1.998	  3.771	 -2.151
[component_container-11] 	  8.240	  Twist	 -0.028	  0.057	  0.494	 -0.298
[component_container-11] 	  8.240	ErrPose	  0.096	 -0.017	  0.008	  0.018
[component_container-11] 	  8.240	ErrTwis	  0.037	 -0.078	  0.022	  0.019
[component_container-11] 	  8.240	    GPS	 -1.958	 -2.001	  3.660	     --
[component_container-11] 	  8.240	   Baro	     --	     --	  4.325	     --
[component_container-11] 	  8.240	  BBias	     --	     --	  0.587	     --
[component_container-11] 	  8.240	  Sonar	     --	     --	  3.755	     --
[component_container-11] 	  8.240	  Magnt	     --	     --	     --	 -2.161
[component_container-11] 
[component_container-11] 	  8.270	   Pose	 -1.984	 -1.996	  3.787	 -2.160
[component_container-11] 	  8.270	  Twist	 -0.029	  0.058	  0.497	 -0.295
[component_container-11] 	  8.270	ErrPose	  0.097	 -0.018	  0.002	  0.021
[component_container-11] 	  8.270	ErrTwis	  0.038	 -0.076	  0.020	  0.015
[component_container-11] 	  8.270	    GPS	 -1.958	 -2.001	  3.660	     --
[component_container-11] 	  8.270	   Baro	     --	     --	  4.572	     --
[component_container-11] 	  8.270	  BBias	     --	     --	  0.589	     --
[component_container-11] 	  8.270	  Sonar	     --	     --	  3.755	     --
[component_container-11] 	  8.270	  Magnt	     --	     --	     --	 -2.160
[component_container-11] 
[component_container-11] 	  8.300	   Pose	 -1.985	 -1.994	  3.800	 -2.168
[component_container-11] 	  8.300	  Twist	 -0.029	  0.059	  0.491	 -0.286
[component_container-11] 	  8.300	ErrPose	  0.097	 -0.020	  0.010	  0.019
[component_container-11] 	  8.300	ErrTwis	  0.038	 -0.075	  0.027	  0.006
[component_container-11] 	  8.300	    GPS	 -1.958	 -2.001	  3.660	     --
[component_container-11] 	  8.300	   Baro	     --	     --	  4.572	     --
[component_container-11] 	  8.300	  BBias	     --	     --	  0.589	     --
[component_container-11] 	  8.300	  Sonar	     --	     --	  3.782	     --
[component_container-11] 	  8.300	  Magnt	     --	     --	     --	 -2.160
[component_container-11] 
[component_container-11] [INFO] [1775369572.819019336] [drone.estimator]: TMP LOG sonar rejected: meas=3.810 est_z=3.810 innov=0.001
[component_container-11] 	  8.340	   Pose	 -1.986	 -1.992	  3.819	 -2.179
[component_container-11] 	  8.340	  Twist	 -0.028	  0.061	  0.489	 -0.268
[component_container-11] 	  8.340	ErrPose	  0.098	 -0.023	  0.011	  0.018
[component_container-11] 	  8.340	ErrTwis	  0.036	 -0.074	  0.028	 -0.012
[component_container-11] 	  8.340	    GPS	 -1.958	 -2.001	  3.660	     --
[component_container-11] 	  8.340	   Baro	     --	     --	  4.400	     --
[component_container-11] 	  8.340	  BBias	     --	     --	  0.589	     --
[component_container-11] 	  8.340	  Sonar	     --	     --	  3.810	     --
[component_container-11] 	  8.340	  Magnt	     --	     --	     --	 -2.124
[component_container-11] 
[component_container-11] 	  8.370	   Pose	 -1.987	 -1.990	  3.835	 -2.187
[component_container-11] 	  8.370	  Twist	 -0.028	  0.062	  0.490	 -0.289
[component_container-11] 	  8.370	ErrPose	  0.099	 -0.024	  0.006	  0.021
[component_container-11] 	  8.370	ErrTwis	  0.035	 -0.075	  0.028	  0.009
[component_container-11] 	  8.370	    GPS	 -1.958	 -2.001	  3.660	     --
[component_container-11] 	  8.370	   Baro	     --	     --	  4.512	     --
[component_container-11] 	  8.370	  BBias	     --	     --	  0.589	     --
[component_container-11] 	  8.370	  Sonar	     --	     --	  3.810	     --
[component_container-11] 	  8.370	  Magnt	     --	     --	     --	 -2.189
[component_container-11] 
[component_container-11] 	  8.400	   Pose	 -1.988	 -1.988	  3.850	 -2.196
[component_container-11] 	  8.400	  Twist	 -0.028	  0.064	  0.489	 -0.290
[component_container-11] 	  8.400	ErrPose	  0.099	 -0.026	  0.012	  0.018
[component_container-11] 	  8.400	ErrTwis	  0.035	 -0.075	  0.029	  0.010
[component_container-11] 	  8.400	    GPS	 -1.958	 -2.001	  3.660	     --
[component_container-11] 	  8.400	   Baro	     --	     --	  4.512	     --
[component_container-11] 	  8.400	  BBias	     --	     --	  0.589	     --
[component_container-11] 	  8.400	  Sonar	     --	     --	  3.832	     --
[component_container-11] 	  8.400	  Magnt	     --	     --	     --	 -2.189
[component_container-11] 
[component_container-11] 	  8.440	   Pose	 -1.989	 -1.986	  3.869	 -2.207
[component_container-11] 	  8.440	  Twist	 -0.028	  0.065	  0.487	 -0.285
[component_container-11] 	  8.440	ErrPose	  0.100	 -0.029	  0.013	  0.018
[component_container-11] 	  8.440	ErrTwis	  0.035	 -0.075	  0.030	  0.005
[component_container-11] 	  8.440	    GPS	 -1.958	 -2.001	  3.660	     --
[component_container-11] 	  8.440	   Baro	     --	     --	  4.457	     --
[component_container-11] 	  8.440	  BBias	     --	     --	  0.589	     --
[component_container-11] 	  8.440	  Sonar	     --	     --	  3.844	     --
[component_container-11] 	  8.440	  Magnt	     --	     --	     --	 -2.171
[component_container-11] 
[component_container-11] 	  8.470	   Pose	 -1.990	 -1.984	  3.881	 -2.214
[component_container-11] 	  8.470	  Twist	 -0.028	  0.067	  0.481	 -0.274
[component_container-11] 	  8.470	ErrPose	  0.100	 -0.031	  0.011	  0.020
[component_container-11] 	  8.470	ErrTwis	  0.034	 -0.076	  0.037	 -0.006
[component_container-11] 	  8.470	    GPS	 -1.958	 -2.001	  3.660	     --
[component_container-11] 	  8.470	   Baro	     --	     --	  4.296	     --
[component_container-11] 	  8.470	  BBias	     --	     --	  0.588	     --
[component_container-11] 	  8.470	  Sonar	     --	     --	  3.904	     --
[component_container-11] 	  8.470	  Magnt	     --	     --	     --	 -2.140
[component_container-11] 
[component_container-11] 	  8.500	   Pose	 -1.991	 -1.982	  3.896	 -2.223
[component_container-11] 	  8.500	  Twist	 -0.027	  0.068	  0.479	 -0.286
[component_container-11] 	  8.500	ErrPose	  0.101	 -0.033	  0.017	  0.017
[component_container-11] 	  8.500	ErrTwis	  0.032	 -0.077	  0.039	  0.006
[component_container-11] 	  8.500	    GPS	 -1.958	 -2.001	  3.660	     --
[component_container-11] 	  8.500	   Baro	     --	     --	  4.296	     --
[component_container-11] 	  8.500	  BBias	     --	     --	  0.588	     --
[component_container-11] 	  8.500	  Sonar	     --	     --	  3.904	     --
[component_container-11] 	  8.500	  Magnt	     --	     --	     --	 -2.140
[component_container-11] 
[component_container-11] [INFO] [1775369573.005176591] [drone.estimator]: TMP LOG gps innov_xy=(-0.134, 0.086) est_xy=(-1.991, -1.981) gps_xy=(-2.124, -1.895) corr_xy=(-2.124, -1.895) vel_xy=(-0.028, 0.069)
[component_container-11] [INFO] [1775369573.005733742] [drone.estimator]: TMP LOG gps vel pseudo raw=(-0.332, 0.210) filt=(-0.279, 0.205) innov_v=(-0.231, 0.123) apply=(1,1)
[component_container-11] 	  8.540	   Pose	 -2.072	 -1.932	  3.916	 -2.234
[component_container-11] 	  8.540	  Twist	 -0.098	  0.110	  0.479	 -0.285
[component_container-11] 	  8.540	ErrPose	  0.182	 -0.083	  0.018	  0.017
[component_container-11] 	  8.540	ErrTwis	  0.102	 -0.118	  0.039	  0.005
[component_container-11] 	  8.540	    GPS	 -2.124	 -1.895	  3.918	     --
[component_container-11] 	  8.540	   Baro	     --	     --	  4.492	     --
[component_container-11] 	  8.540	  BBias	     --	     --	  0.588	     --
[component_container-11] 	  8.540	  Sonar	     --	     --	  3.948	     --
[component_container-11] 	  8.540	  Magnt	     --	     --	     --	 -2.219
[component_container-11] 
[component_container-11] 	  8.570	   Pose	 -2.075	 -1.928	  3.929	 -2.243
[component_container-11] 	  8.570	  Twist	 -0.097	  0.112	  0.475	 -0.284
[component_container-11] 	  8.570	ErrPose	  0.185	 -0.086	  0.016	  0.021
[component_container-11] 	  8.570	ErrTwis	  0.102	 -0.120	  0.043	  0.004
[component_container-11] 	  8.570	    GPS	 -2.124	 -1.895	  3.918	     --
[component_container-11] 	  8.570	   Baro	     --	     --	  4.446	     --
[component_container-11] 	  8.570	  BBias	     --	     --	  0.588	     --
[component_container-11] 	  8.570	  Sonar	     --	     --	  3.948	     --
[component_container-11] 	  8.570	  Magnt	     --	     --	     --	 -2.274
[component_container-11] 
[component_container-11] 	  8.600	   Pose	 -2.078	 -1.925	  3.943	 -2.252
[component_container-11] 	  8.600	  Twist	 -0.097	  0.113	  0.473	 -0.289
[component_container-11] 	  8.600	ErrPose	  0.187	 -0.089	  0.022	  0.018
[component_container-11] 	  8.600	ErrTwis	  0.100	 -0.120	  0.045	  0.009
[component_container-11] 	  8.600	    GPS	 -2.124	 -1.895	  3.918	     --
[component_container-11] 	  8.600	   Baro	     --	     --	  4.446	     --
[component_container-11] 	  8.600	  BBias	     --	     --	  0.588	     --
[component_container-11] 	  8.600	  Sonar	     --	     --	  3.951	     --
[component_container-11] 	  8.600	  Magnt	     --	     --	     --	 -2.274
[component_container-11] 
[component_container-11] 	  8.640	   Pose	 -2.081	 -1.920	  3.961	 -2.262
[component_container-11] 	  8.640	  Twist	 -0.098	  0.115	  0.470	 -0.281
[component_container-11] 	  8.640	ErrPose	  0.191	 -0.094	  0.024	  0.017
[component_container-11] 	  8.640	ErrTwis	  0.100	 -0.121	  0.049	  0.001
[component_container-11] 	  8.640	    GPS	 -2.124	 -1.895	  3.918	     --
[component_container-11] 	  8.640	   Baro	     --	     --	  4.517	     --
[component_container-11] 	  8.640	  BBias	     --	     --	  0.588	     --
[component_container-11] 	  8.640	  Sonar	     --	     --	  3.945	     --
[component_container-11] 	  8.640	  Magnt	     --	     --	     --	 -2.211
[component_container-11] 
[component_container-11] 	  8.670	   Pose	 -2.084	 -1.917	  3.981	 -2.270
[component_container-11] 	  8.670	  Twist	 -0.098	  0.116	  0.478	 -0.294
[component_container-11] 	  8.670	ErrPose	  0.194	 -0.097	  0.015	  0.020
[component_container-11] 	  8.670	ErrTwis	  0.099	 -0.123	  0.040	  0.014
[component_container-11] 	  8.670	    GPS	 -2.124	 -1.895	  3.918	     --
[component_container-11] 	  8.670	   Baro	     --	     --	  4.754	     --
[component_container-11] 	  8.670	  BBias	     --	     --	  0.589	     --
[component_container-11] 	  8.670	  Sonar	     --	     --	  3.983	     --
[component_container-11] 	  8.670	  Magnt	     --	     --	     --	 -2.239
[component_container-11] 
[component_container-11] 	  8.700	   Pose	 -2.087	 -1.913	  3.995	 -2.279
[component_container-11] 	  8.700	  Twist	 -0.097	  0.117	  0.477	 -0.294
[component_container-11] 	  8.700	ErrPose	  0.197	 -0.101	  0.022	  0.017
[component_container-11] 	  8.700	ErrTwis	  0.100	 -0.124	  0.042	  0.014
[component_container-11] 	  8.700	    GPS	 -2.124	 -1.895	  3.918	     --
[component_container-11] 	  8.700	   Baro	     --	     --	  4.754	     --
[component_container-11] 	  8.700	  BBias	     --	     --	  0.589	     --
[component_container-11] 	  8.700	  Sonar	     --	     --	  3.983	     --
[component_container-11] 	  8.700	  Magnt	     --	     --	     --	 -2.239
[component_container-11] 
[component_container-11] 	  8.740	   Pose	 -2.091	 -1.909	  4.017	 -2.290
[component_container-11] 	  8.740	  Twist	 -0.097	  0.118	  0.479	 -0.268
[component_container-11] 	  8.740	ErrPose	  0.201	 -0.105	  0.021	  0.017
[component_container-11] 	  8.740	ErrTwis	  0.099	 -0.124	  0.040	 -0.012
[component_container-11] 	  8.740	    GPS	 -2.124	 -1.895	  3.918	     --
[component_container-11] 	  8.740	   Baro	     --	     --	  4.655	     --
[component_container-11] 	  8.740	  BBias	     --	     --	  0.589	     --
[component_container-11] 	  8.740	  Sonar	     --	     --	    inf	     --
[component_container-11] 	  8.740	  Magnt	     --	     --	     --	 -2.266
[component_container-11] 
[component_container-11] 	  8.770	   Pose	 -2.094	 -1.905	  4.028	 -2.298
[component_container-11] 	  8.770	  Twist	 -0.097	  0.120	  0.473	 -0.285
[component_container-11] 	  8.770	ErrPose	  0.204	 -0.109	  0.020	  0.020
[component_container-11] 	  8.770	ErrTwis	  0.098	 -0.125	  0.046	  0.005
[component_container-11] 	  8.770	    GPS	 -2.124	 -1.895	  3.918	     --
[component_container-11] 	  8.770	   Baro	     --	     --	  4.529	     --
[component_container-11] 	  8.770	  BBias	     --	     --	  0.589	     --
[component_container-11] 	  8.770	  Sonar	     --	     --	    inf	     --
[component_container-11] 	  8.770	  Magnt	     --	     --	     --	 -2.262
[component_container-11] 
[component_container-11] 	  8.800	   Pose	 -2.097	 -1.901	  4.042	 -2.307
[component_container-11] 	  8.800	  Twist	 -0.097	  0.121	  0.471	 -0.304
[component_container-11] 	  8.800	ErrPose	  0.207	 -0.113	  0.027	  0.017
[component_container-11] 	  8.800	ErrTwis	  0.097	 -0.123	  0.048	  0.025
[component_container-11] 	  8.800	    GPS	 -2.124	 -1.895	  3.918	     --
[component_container-11] 	  8.800	   Baro	     --	     --	  4.529	     --
[component_container-11] 	  8.800	  BBias	     --	     --	  0.589	     --
[component_container-11] 	  8.800	  Sonar	     --	     --	    inf	     --
[component_container-11] 	  8.800	  Magnt	     --	     --	     --	 -2.262
[component_container-11] 
[component_container-11] 	  8.840	   Pose	 -2.101	 -1.897	  4.064	 -2.318
[component_container-11] 	  8.840	  Twist	 -0.098	  0.124	  0.474	 -0.287
[component_container-11] 	  8.840	ErrPose	  0.211	 -0.118	  0.026	  0.017
[component_container-11] 	  8.840	ErrTwis	  0.097	 -0.121	  0.045	  0.007
[component_container-11] 	  8.840	    GPS	 -2.124	 -1.895	  3.918	     --
[component_container-11] 	  8.840	   Baro	     --	     --	  4.709	     --
[component_container-11] 	  8.840	  BBias	     --	     --	  0.589	     --
[component_container-11] 	  8.840	  Sonar	     --	     --	    inf	     --
[component_container-11] 	  8.840	  Magnt	     --	     --	     --	 -2.271
[component_container-11] 
[component_container-11] 	  8.870	   Pose	 -2.104	 -1.893	  4.079	 -2.325
[component_container-11] 	  8.870	  Twist	 -0.097	  0.125	  0.474	 -0.299
[component_container-11] 	  8.870	ErrPose	  0.215	 -0.122	  0.021	  0.019
[component_container-11] 	  8.870	ErrTwis	  0.096	 -0.120	  0.045	  0.020
[component_container-11] 	  8.870	    GPS	 -2.124	 -1.895	  3.918	     --
[component_container-11] 	  8.870	   Baro	     --	     --	  4.689	     --
[component_container-11] 	  8.870	  BBias	     --	     --	  0.589	     --
[component_container-11] 	  8.870	  Sonar	     --	     --	    inf	     --
[component_container-11] 	  8.870	  Magnt	     --	     --	     --	 -2.270
[component_container-11] 
[component_container-11] 	  8.900	   Pose	 -2.107	 -1.889	  4.094	 -2.334
[component_container-11] 	  8.900	  Twist	 -0.098	  0.126	  0.473	 -0.287
[component_container-11] 	  8.900	ErrPose	  0.219	 -0.126	  0.027	  0.016
[component_container-11] 	  8.900	ErrTwis	  0.095	 -0.115	  0.046	  0.007
[component_container-11] 	  8.900	    GPS	 -2.124	 -1.895	  3.918	     --
[component_container-11] 	  8.900	   Baro	     --	     --	  4.689	     --
[component_container-11] 	  8.900	  BBias	     --	     --	  0.589	     --
[component_container-11] 	  8.900	  Sonar	     --	     --	    inf	     --
[component_container-11] 	  8.900	  Magnt	     --	     --	     --	 -2.270
[component_container-11] 
[component_container-11] 	  8.940	   Pose	 -2.111	 -1.884	  4.113	 -2.345
[component_container-11] 	  8.940	  Twist	 -0.098	  0.128	  0.471	 -0.292
[component_container-11] 	  8.940	ErrPose	  0.224	 -0.132	  0.029	  0.016
[component_container-11] 	  8.940	ErrTwis	  0.093	 -0.110	  0.049	  0.012
[component_container-11] 	  8.940	    GPS	 -2.124	 -1.895	  3.918	     --
[component_container-11] 	  8.940	   Baro	     --	     --	  4.693	     --
[component_container-11] 	  8.940	  BBias	     --	     --	  0.589	     --
[component_container-11] 	  8.940	  Sonar	     --	     --	    inf	     --
[component_container-11] 	  8.940	  Magnt	     --	     --	     --	 -2.335
[component_container-11] 
[component_container-11] 	  8.970	   Pose	 -2.114	 -1.880	  4.135	 -2.353
[component_container-11] 	  8.970	  Twist	 -0.098	  0.129	  0.482	 -0.288
[component_container-11] 	  8.970	ErrPose	  0.227	 -0.137	  0.016	  0.019
[component_container-11] 	  8.970	ErrTwis	  0.093	 -0.107	  0.037	  0.009
[component_container-11] 	  8.970	    GPS	 -2.124	 -1.895	  3.918	     --
[component_container-11] 	  8.970	   Baro	     --	     --	  4.866	     --
[component_container-11] 	  8.970	  BBias	     --	     --	  0.590	     --
[component_container-11] 	  8.970	  Sonar	     --	     --	    inf	     --
[component_container-11] 	  8.970	  Magnt	     --	     --	     --	 -2.335
[component_container-11] 
[component_container-11] [INFO] [1775369573.505291645] [drone.controller]: cmd_vel body=(0.005, 0.165, 0.500) yaw=-0.300 | odom_received=true | plan_points=10
[component_container-11] 	  9.000	   Pose	 -2.117	 -1.876	  4.150	 -2.362
[component_container-11] 	  9.000	  Twist	 -0.099	  0.131	  0.480	 -0.286
[component_container-11] 	  9.000	ErrPose	  0.232	 -0.141	  0.023	  0.016
[component_container-11] 	  9.000	ErrTwis	  0.093	 -0.101	  0.040	  0.006
[component_container-11] 	  9.000	    GPS	 -2.124	 -1.895	  3.918	     --
[component_container-11] 	  9.000	   Baro	     --	     --	  4.866	     --
[component_container-11] 	  9.000	  BBias	     --	     --	  0.590	     --
[component_container-11] 	  9.000	  Sonar	     --	     --	    inf	     --
[component_container-11] 	  9.000	  Magnt	     --	     --	     --	 -2.335
[component_container-11] 
[component_container-11] [INFO] [1775369573.505691319] [drone.estimator]: TMP LOG err_xyz=(0.232, -0.141, 0.023) | z_est=4.150 vz_est=0.480 bias=0.590 | gps_z=3.918 sonar=inf baro=4.866
[component_container-11] 	  9.040	   Pose	 -2.065	 -1.924	  4.170	 -2.373
[component_container-11] 	  9.040	  Twist	 -0.044	  0.081	  0.480	 -0.294
[component_container-11] 	  9.040	ErrPose	  0.182	 -0.094	  0.023	  0.016
[component_container-11] 	  9.040	ErrTwis	  0.036	 -0.043	  0.040	  0.014
[component_container-11] 	  9.040	    GPS	 -2.045	 -1.946	  4.178	     --
[component_container-11] 	  9.040	   Baro	     --	     --	  4.721	     --
[component_container-11] 	  9.040	  BBias	     --	     --	  0.590	     --
[component_container-11] 	  9.040	  Sonar	     --	     --	    inf	     --
[component_container-11] 	  9.040	  Magnt	     --	     --	     --	 -2.351
[component_container-11] 
[component_container-11] 	  9.070	   Pose	 -2.066	 -1.922	  4.184	 -2.381
[component_container-11] 	  9.070	  Twist	 -0.044	  0.082	  0.477	 -0.288
[component_container-11] 	  9.070	ErrPose	  0.184	 -0.098	  0.020	  0.018
[component_container-11] 	  9.070	ErrTwis	  0.035	 -0.041	  0.043	  0.008
[component_container-11] 	  9.070	    GPS	 -2.045	 -1.946	  4.178	     --
[component_container-11] 	  9.070	   Baro	     --	     --	  4.749	     --
[component_container-11] 	  9.070	  BBias	     --	     --	  0.590	     --
[component_container-11] 	  9.070	  Sonar	     --	     --	    inf	     --
[component_container-11] 	  9.070	  Magnt	     --	     --	     --	 -2.323
[component_container-11] 
[component_container-11] 	  9.100	   Pose	 -2.067	 -1.920	  4.198	 -2.389
[component_container-11] 	  9.100	  Twist	 -0.045	  0.084	  0.475	 -0.277
[component_container-11] 	  9.100	ErrPose	  0.188	 -0.102	  0.027	  0.016
[component_container-11] 	  9.100	ErrTwis	  0.034	 -0.034	  0.045	 -0.003
[component_container-11] 	  9.100	    GPS	 -2.045	 -1.946	  4.178	     --
[component_container-11] 	  9.100	   Baro	     --	     --	  4.749	     --
[component_container-11] 	  9.100	  BBias	     --	     --	  0.590	     --
[component_container-11] 	  9.100	  Sonar	     --	     --	    inf	     --
[component_container-11] 	  9.100	  Magnt	     --	     --	     --	 -2.323
[component_container-11] 
[component_container-11] 	  9.140	   Pose	 -2.069	 -1.916	  4.212	 -2.400
[component_container-11] 	  9.140	  Twist	 -0.045	  0.086	  0.466	 -0.272
[component_container-11] 	  9.140	ErrPose	  0.192	 -0.107	  0.034	  0.015
[component_container-11] 	  9.140	ErrTwis	  0.033	 -0.028	  0.054	 -0.008
[component_container-11] 	  9.140	    GPS	 -2.045	 -1.946	  4.178	     --
[component_container-11] 	  9.140	   Baro	     --	     --	  4.711	     --
[component_container-11] 	  9.140	  BBias	     --	     --	  0.589	     --
[component_container-11] 	  9.140	  Sonar	     --	     --	    inf	     --
[component_container-11] 	  9.140	  Magnt	     --	     --	     --	 -2.363
[component_container-11] 
[component_container-11] 	  9.170	   Pose	 -2.070	 -1.914	  4.220	 -2.408
[component_container-11] 	  9.170	  Twist	 -0.045	  0.088	  0.457	 -0.299
[component_container-11] 	  9.170	ErrPose	  0.195	 -0.110	  0.035	  0.018
[component_container-11] 	  9.170	ErrTwis	  0.032	 -0.026	  0.062	  0.019
[component_container-11] 	  9.170	    GPS	 -2.045	 -1.946	  4.178	     --
[component_container-11] 	  9.170	   Baro	     --	     --	  4.725	     --
[component_container-11] 	  9.170	  BBias	     --	     --	  0.589	     --
[component_container-11] 	  9.170	  Sonar	     --	     --	    inf	     --
[component_container-11] 	  9.170	  Magnt	     --	     --	     --	 -2.366
[component_container-11] 
[component_container-11] 	  9.200	   Pose	 -2.072	 -1.911	  4.234	 -2.417
[component_container-11] 	  9.200	  Twist	 -0.045	  0.089	  0.456	 -0.282
[component_container-11] 	  9.200	ErrPose	  0.199	 -0.115	  0.042	  0.015
[component_container-11] 	  9.200	ErrTwis	  0.029	 -0.019	  0.064	  0.002
[component_container-11] 	  9.200	    GPS	 -2.045	 -1.946	  4.178	     --
[component_container-11] 	  9.200	   Baro	     --	     --	  4.725	     --
[component_container-11] 	  9.200	  BBias	     --	     --	  0.589	     --
[component_container-11] 	  9.200	  Sonar	     --	     --	    inf	     --
[component_container-11] 	  9.200	  Magnt	     --	     --	     --	 -2.366
[component_container-11] 
[component_container-11] 	  9.240	   Pose	 -2.074	 -1.907	  4.259	 -2.427
[component_container-11] 	  9.240	  Twist	 -0.044	  0.091	  0.462	 -0.294
[component_container-11] 	  9.240	ErrPose	  0.204	 -0.121	  0.038	  0.014
[component_container-11] 	  9.240	ErrTwis	  0.026	 -0.012	  0.057	  0.014
[component_container-11] 	  9.240	    GPS	 -2.045	 -1.946	  4.178	     --
[component_container-11] 	  9.240	   Baro	     --	     --	  4.924	     --
[component_container-11] 	  9.240	  BBias	     --	     --	  0.589	     --
[component_container-11] 	  9.240	  Sonar	     --	     --	    inf	     --
[component_container-11] 	  9.240	  Magnt	     --	     --	     --	 -2.364
[component_container-11] 
[component_container-11] 	  9.270	   Pose	 -2.075	 -1.905	  4.267	 -2.436
[component_container-11] 	  9.270	  Twist	 -0.045	  0.093	  0.454	 -0.292
[component_container-11] 	  9.270	ErrPose	  0.207	 -0.125	  0.041	  0.018
[component_container-11] 	  9.270	ErrTwis	  0.026	 -0.010	  0.066	  0.012
[component_container-11] 	  9.270	    GPS	 -2.045	 -1.946	  4.178	     --
[component_container-11] 	  9.270	   Baro	     --	     --	  4.770	     --
[component_container-11] 	  9.270	  BBias	     --	     --	  0.589	     --
[component_container-11] 	  9.270	  Sonar	     --	     --	    inf	     --
[component_container-11] 	  9.270	  Magnt	     --	     --	     --	 -2.452
[component_container-11] 
[component_container-11] 	  9.300	   Pose	 -2.076	 -1.902	  4.280	 -2.445
[component_container-11] 	  9.300	  Twist	 -0.045	  0.094	  0.452	 -0.284
[component_container-11] 	  9.300	ErrPose	  0.212	 -0.130	  0.048	  0.015
[component_container-11] 	  9.300	ErrTwis	  0.025	 -0.006	  0.067	  0.004
[component_container-11] 	  9.300	    GPS	 -2.045	 -1.946	  4.178	     --
[component_container-11] 	  9.300	   Baro	     --	     --	  4.770	     --
[component_container-11] 	  9.300	  BBias	     --	     --	  0.589	     --
[component_container-11] 	  9.300	  Sonar	     --	     --	    inf	     --
[component_container-11] 	  9.300	  Magnt	     --	     --	     --	 -2.452
[component_container-11] 
[component_container-11] 	  9.340	   Pose	 -2.078	 -1.898	  4.308	 -2.456
[component_container-11] 	  9.340	  Twist	 -0.046	  0.097	  0.461	 -0.279
[component_container-11] 	  9.340	ErrPose	  0.217	 -0.136	  0.041	  0.015
[component_container-11] 	  9.340	ErrTwis	  0.022	 -0.003	  0.058	 -0.001
[component_container-11] 	  9.340	    GPS	 -2.045	 -1.946	  4.178	     --
[component_container-11] 	  9.340	   Baro	     --	     --	  4.994	     --
[component_container-11] 	  9.340	  BBias	     --	     --	  0.589	     --
[component_container-11] 	  9.340	  Sonar	     --	     --	    inf	     --
[component_container-11] 	  9.340	  Magnt	     --	     --	     --	 -2.428
[component_container-11] 
[component_container-11] 	  9.370	   Pose	 -2.080	 -1.895	  4.316	 -2.465
[component_container-11] 	  9.370	  Twist	 -0.046	  0.098	  0.453	 -0.281
[component_container-11] 	  9.370	ErrPose	  0.220	 -0.140	  0.043	  0.019
[component_container-11] 	  9.370	ErrTwis	  0.021	 -0.003	  0.066	  0.001
[component_container-11] 	  9.370	    GPS	 -2.045	 -1.946	  4.178	     --
[component_container-11] 	  9.370	   Baro	     --	     --	  4.838	     --
[component_container-11] 	  9.370	  BBias	     --	     --	  0.589	     --
[component_container-11] 	  9.370	  Sonar	     --	     --	    inf	     --
[component_container-11] 	  9.370	  Magnt	     --	     --	     --	 -2.498
[component_container-11] 
[component_container-11] 	  9.400	   Pose	 -2.081	 -1.892	  4.330	 -2.474
[component_container-11] 	  9.400	  Twist	 -0.047	  0.099	  0.452	 -0.296
[component_container-11] 	  9.400	ErrPose	  0.225	 -0.145	  0.050	  0.016
[component_container-11] 	  9.400	ErrTwis	  0.020	 -0.000	  0.067	  0.016
[component_container-11] 	  9.400	    GPS	 -2.045	 -1.946	  4.178	     --
[component_container-11] 	  9.400	   Baro	     --	     --	  4.838	     --
[component_container-11] 	  9.400	  BBias	     --	     --	  0.589	     --
[component_container-11] 	  9.400	  Sonar	     --	     --	    inf	     --
[component_container-11] 	  9.400	  Magnt	     --	     --	     --	 -2.498
[component_container-11] 
[component_container-11] 	  9.440	   Pose	 -2.083	 -1.888	  4.351	 -2.486
[component_container-11] 	  9.440	  Twist	 -0.047	  0.100	  0.454	 -0.298
[component_container-11] 	  9.440	ErrPose	  0.230	 -0.152	  0.050	  0.017
[component_container-11] 	  9.440	ErrTwis	  0.018	  0.002	  0.065	  0.018
[component_container-11] 	  9.440	    GPS	 -2.045	 -1.946	  4.178	     --
[component_container-11] 	  9.440	   Baro	     --	     --	  4.959	     --
[component_container-11] 	  9.440	  BBias	     --	     --	  0.589	     --
[component_container-11] 	  9.440	  Sonar	     --	     --	    inf	     --
[component_container-11] 	  9.440	  Magnt	     --	     --	     --	 -2.475
[component_container-11] 
[component_container-11] 	  9.470	   Pose	 -2.084	 -1.885	  4.362	 -2.494
[component_container-11] 	  9.470	  Twist	 -0.046	  0.102	  0.451	 -0.294
[component_container-11] 	  9.470	ErrPose	  0.234	 -0.156	  0.049	  0.020
[component_container-11] 	  9.470	ErrTwis	  0.017	  0.001	  0.068	  0.014
[component_container-11] 	  9.470	    GPS	 -2.045	 -1.946	  4.178	     --
[component_container-11] 	  9.470	   Baro	     --	     --	  4.928	     --
[component_container-11] 	  9.470	  BBias	     --	     --	  0.589	     --
[component_container-11] 	  9.470	  Sonar	     --	     --	    inf	     --
[component_container-11] 	  9.470	  Magnt	     --	     --	     --	 -2.492
[component_container-11] 
[component_container-11] 	  9.500	   Pose	 -2.086	 -1.882	  4.376	 -2.503
[component_container-11] 	  9.500	  Twist	 -0.047	  0.104	  0.449	 -0.295
[component_container-11] 	  9.500	ErrPose	  0.239	 -0.162	  0.056	  0.017
[component_container-11] 	  9.500	ErrTwis	  0.014	  0.001	  0.070	  0.015
[component_container-11] 	  9.500	    GPS	 -2.045	 -1.946	  4.178	     --
[component_container-11] 	  9.500	   Baro	     --	     --	  4.928	     --
[component_container-11] 	  9.500	  BBias	     --	     --	  0.589	     --
[component_container-11] 	  9.500	  Sonar	     --	     --	    inf	     --
[component_container-11] 	  9.500	  Magnt	     --	     --	     --	 -2.492
[component_container-11] 
[component_container-11] [INFO] [1775369574.012852001] [drone.estimator]: TMP LOG gps innov_xy=(-0.054, 0.000) est_xy=(-2.086, -1.881) gps_xy=(-2.140, -1.881) corr_xy=(-2.140, -1.881) vel_xy=(-0.047, 0.104)
[component_container-11] [INFO] [1775369574.013308014] [drone.estimator]: TMP LOG gps vel pseudo raw=(-0.191, 0.131) filt=(-0.160, 0.111) innov_v=(-0.105, 0.007) apply=(1,1)
[component_container-11] 	  9.540	   Pose	 -2.122	 -1.877	  4.407	 -2.512
[component_container-11] 	  9.540	  Twist	 -0.079	  0.107	  0.461	 -0.269
[component_container-11] 	  9.540	ErrPose	  0.279	 -0.170	  0.046	  0.016
[component_container-11] 	  9.540	ErrTwis	  0.044	 -0.001	  0.058	 -0.011
[component_container-11] 	  9.540	    GPS	 -2.140	 -1.881	  4.437	     --
[component_container-11] 	  9.540	   Baro	     --	     --	  5.021	     --
[component_container-11] 	  9.540	  BBias	     --	     --	  0.589	     --
[component_container-11] 	  9.540	  Sonar	     --	     --	    inf	     --
[component_container-11] 	  9.540	  Magnt	     --	     --	     --	 -2.435
[component_container-11] 
[component_container-11] 	  9.570	   Pose	 -2.124	 -1.873	  4.426	 -2.522
[component_container-11] 	  9.570	  Twist	 -0.079	  0.109	  0.466	 -0.294
[component_container-11] 	  9.570	ErrPose	  0.283	 -0.174	  0.037	  0.019
[component_container-11] 	  9.570	ErrTwis	  0.044	 -0.002	  0.053	  0.014
[component_container-11] 	  9.570	    GPS	 -2.140	 -1.881	  4.437	     --
[component_container-11] 	  9.570	   Baro	     --	     --	  5.075	     --
[component_container-11] 	  9.570	  BBias	     --	     --	  0.589	     --
[component_container-11] 	  9.570	  Sonar	     --	     --	    inf	     --
[component_container-11] 	  9.570	  Magnt	     --	     --	     --	 -2.538
[component_container-11] 
[component_container-11] 	  9.600	   Pose	 -2.126	 -1.870	  4.440	 -2.530
[component_container-11] 	  9.600	  Twist	 -0.078	  0.111	  0.464	 -0.276
[component_container-11] 	  9.600	ErrPose	  0.290	 -0.180	  0.044	  0.017
[component_container-11] 	  9.600	ErrTwis	  0.042	 -0.003	  0.055	 -0.004
[component_container-11] 	  9.600	    GPS	 -2.140	 -1.881	  4.437	     --
[component_container-11] 	  9.600	   Baro	     --	     --	  5.075	     --
[component_container-11] 	  9.600	  BBias	     --	     --	  0.589	     --
[component_container-11] 	  9.600	  Sonar	     --	     --	    inf	     --
[component_container-11] 	  9.600	  Magnt	     --	     --	     --	 -2.538
[component_container-11] 
[component_container-11] 	  9.640	   Pose	 -2.130	 -1.866	  4.471	 -2.541
[component_container-11] 	  9.640	  Twist	 -0.077	  0.113	  0.476	 -0.291
[component_container-11] 	  9.640	ErrPose	  0.297	 -0.188	  0.033	  0.016
[component_container-11] 	  9.640	ErrTwis	  0.038	 -0.004	  0.043	  0.011
[component_container-11] 	  9.640	    GPS	 -2.140	 -1.881	  4.437	     --
[component_container-11] 	  9.640	   Baro	     --	     --	  5.200	     --
[component_container-11] 	  9.640	  BBias	     --	     --	  0.589	     --
[component_container-11] 	  9.640	  Sonar	     --	     --	    inf	     --
[component_container-11] 	  9.640	  Magnt	     --	     --	     --	 -2.499
[component_container-11] 
[component_container-11] 	  9.670	   Pose	 -2.132	 -1.862	  4.492	 -2.549
[component_container-11] 	  9.670	  Twist	 -0.078	  0.115	  0.482	 -0.277
[component_container-11] 	  9.670	ErrPose	  0.301	 -0.192	  0.022	  0.018
[component_container-11] 	  9.670	ErrTwis	  0.037	 -0.005	  0.038	 -0.003
[component_container-11] 	  9.670	    GPS	 -2.140	 -1.881	  4.437	     --
[component_container-11] 	  9.670	   Baro	     --	     --	  5.153	     --
[component_container-11] 	  9.670	  BBias	     --	     --	  0.589	     --
[component_container-11] 	  9.670	  Sonar	     --	     --	    inf	     --
[component_container-11] 	  9.670	  Magnt	     --	     --	     --	 -2.514
[component_container-11] 
[component_container-11] 	  9.700	   Pose	 -2.134	 -1.859	  4.507	 -2.557
[component_container-11] 	  9.700	  Twist	 -0.079	  0.117	  0.481	 -0.282
[component_container-11] 	  9.700	ErrPose	  0.307	 -0.199	  0.029	  0.016
[component_container-11] 	  9.700	ErrTwis	  0.037	 -0.006	  0.039	  0.002
[component_container-11] 	  9.700	    GPS	 -2.140	 -1.881	  4.437	     --
[component_container-11] 	  9.700	   Baro	     --	     --	  5.153	     --
[component_container-11] 	  9.700	  BBias	     --	     --	  0.589	     --
[component_container-11] 	  9.700	  Sonar	     --	     --	    inf	     --
[component_container-11] 	  9.700	  Magnt	     --	     --	     --	 -2.514
[component_container-11] 
[component_container-11] 	  9.740	   Pose	 -2.137	 -1.854	  4.531	 -2.568
[component_container-11] 	  9.740	  Twist	 -0.078	  0.119	  0.484	 -0.281
[component_container-11] 	  9.740	ErrPose	  0.315	 -0.206	  0.025	  0.016
[component_container-11] 	  9.740	ErrTwis	  0.035	 -0.007	  0.036	  0.001
[component_container-11] 	  9.740	    GPS	 -2.140	 -1.881	  4.437	     --
[component_container-11] 	  9.740	   Baro	     --	     --	  5.161	     --
[component_container-11] 	  9.740	  BBias	     --	     --	  0.589	     --
[component_container-11] 	  9.740	  Sonar	     --	     --	    inf	     --
[component_container-11] 	  9.740	  Magnt	     --	     --	     --	 -2.541
[component_container-11] 
[component_container-11] 	  9.770	   Pose	 -2.140	 -1.850	  4.555	 -2.577
[component_container-11] 	  9.770	  Twist	 -0.077	  0.121	  0.492	 -0.298
[component_container-11] 	  9.770	ErrPose	  0.319	 -0.211	  0.012	  0.019
[component_container-11] 	  9.770	ErrTwis	  0.033	 -0.008	  0.028	  0.018
[component_container-11] 	  9.770	    GPS	 -2.140	 -1.881	  4.437	     --
[component_container-11] 	  9.770	   Baro	     --	     --	  5.240	     --
[component_container-11] 	  9.770	  BBias	     --	     --	  0.589	     --
[component_container-11] 	  9.770	  Sonar	     --	     --	    inf	     --
[component_container-11] 	  9.770	  Magnt	     --	     --	     --	 -2.585
[component_container-11] 
[component_container-11] 	  9.800	   Pose	 -2.142	 -1.847	  4.569	 -2.586
[component_container-11] 	  9.800	  Twist	 -0.078	  0.122	  0.490	 -0.283
[component_container-11] 	  9.800	ErrPose	  0.326	 -0.218	  0.018	  0.016
[component_container-11] 	  9.800	ErrTwis	  0.031	 -0.007	  0.030	  0.003
[component_container-11] 	  9.800	    GPS	 -2.140	 -1.881	  4.437	     --
[component_container-11] 	  9.800	   Baro	     --	     --	  5.240	     --
[component_container-11] 	  9.800	  BBias	     --	     --	  0.589	     --
[component_container-11] 	  9.800	  Sonar	     --	     --	    inf	     --
[component_container-11] 	  9.800	  Magnt	     --	     --	     --	 -2.585
[component_container-11] 
[component_container-11] 	  9.840	   Pose	 -2.145	 -1.842	  4.584	 -2.598
[component_container-11] 	  9.840	  Twist	 -0.078	  0.124	  0.481	 -0.286
[component_container-11] 	  9.840	ErrPose	  0.333	 -0.226	  0.024	  0.017
[component_container-11] 	  9.840	ErrTwis	  0.030	 -0.007	  0.038	  0.006
[component_container-11] 	  9.840	    GPS	 -2.140	 -1.881	  4.437	     --
[component_container-11] 	  9.840	   Baro	     --	     --	  5.107	     --
[component_container-11] 	  9.840	  BBias	     --	     --	  0.589	     --
[component_container-11] 	  9.840	  Sonar	     --	     --	    inf	     --
[component_container-11] 	  9.840	  Magnt	     --	     --	     --	 -2.602
[component_container-11] 
[component_container-11] 	  9.870	   Pose	 -2.148	 -1.838	  4.602	 -2.606
[component_container-11] 	  9.870	  Twist	 -0.079	  0.126	  0.481	 -0.293
[component_container-11] 	  9.870	ErrPose	  0.338	 -0.232	  0.017	  0.020
[component_container-11] 	  9.870	ErrTwis	  0.029	 -0.007	  0.038	  0.013
[component_container-11] 	  9.870	    GPS	 -2.140	 -1.881	  4.437	     --
[component_container-11] 	  9.870	   Baro	     --	     --	  5.218	     --
[component_container-11] 	  9.870	  BBias	     --	     --	  0.589	     --
[component_container-11] 	  9.870	  Sonar	     --	     --	    inf	     --
[component_container-11] 	  9.870	  Magnt	     --	     --	     --	 -2.592
[component_container-11] 
[component_container-11] 	  9.900	   Pose	 -2.150	 -1.834	  4.616	 -2.615
[component_container-11] 	  9.900	  Twist	 -0.079	  0.128	  0.476	 -0.291
[component_container-11] 	  9.900	ErrPose	  0.345	 -0.239	  0.023	  0.017
[component_container-11] 	  9.900	ErrTwis	  0.028	 -0.006	  0.040	  0.011
[component_container-11] 	  9.900	    GPS	 -2.140	 -1.881	  4.437	     --
[component_container-11] 	  9.900	   Baro	     --	     --	  5.218	     --
[component_container-11] 	  9.900	  BBias	     --	     --	  0.589	     --
[component_container-11] 	  9.900	  Sonar	     --	     --	    inf	     --
[component_container-11] 	  9.900	  Magnt	     --	     --	     --	 -2.592
[component_container-11] 
[component_container-11] 	  9.940	   Pose	 -2.153	 -1.829	  4.649	 -2.627
[component_container-11] 	  9.940	  Twist	 -0.078	  0.129	  0.483	 -0.305
[component_container-11] 	  9.940	ErrPose	  0.353	 -0.247	  0.010	  0.018
[component_container-11] 	  9.940	ErrTwis	  0.024	 -0.005	  0.030	  0.025
[component_container-11] 	  9.940	    GPS	 -2.140	 -1.881	  4.437	     --
[component_container-11] 	  9.940	   Baro	     --	     --	  5.360	     --
[component_container-11] 	  9.940	  BBias	     --	     --	  0.589	     --
[component_container-11] 	  9.940	  Sonar	     --	     --	    inf	     --
[component_container-11] 	  9.940	  Magnt	     --	     --	     --	 -2.616
[component_container-11] 
[component_container-11] 	  9.970	   Pose	 -2.155	 -1.825	  4.657	 -2.635
[component_container-11] 	  9.970	  Twist	 -0.079	  0.131	  0.471	 -0.284
[component_container-11] 	  9.970	ErrPose	  0.358	 -0.253	  0.012	  0.020
[component_container-11] 	  9.970	ErrTwis	  0.023	 -0.005	  0.039	  0.004
[component_container-11] 	  9.970	    GPS	 -2.140	 -1.881	  4.437	     --
[component_container-11] 	  9.970	   Baro	     --	     --	  5.182	     --
[component_container-11] 	  9.970	  BBias	     --	     --	  0.589	     --
[component_container-11] 	  9.970	  Sonar	     --	     --	    inf	     --
[component_container-11] 	  9.970	  Magnt	     --	     --	     --	 -2.609
[component_container-11] 
[component_container-11] [INFO] [1775369574.508861583] [drone.controller]: cmd_vel body=(-0.051, 0.228, 0.343) yaw=-0.300 | odom_received=true | plan_points=5
[component_container-11] 	 10.000	   Pose	 -2.158	 -1.821	  4.671	 -2.643
[component_container-11] 	 10.000	  Twist	 -0.079	  0.132	  0.464	 -0.281
[component_container-11] 	 10.000	ErrPose	  0.365	 -0.261	  0.018	  0.018
[component_container-11] 	 10.000	ErrTwis	  0.022	 -0.002	  0.040	  0.001
[component_container-11] 	 10.000	    GPS	 -2.140	 -1.881	  4.437	     --
[component_container-11] 	 10.000	   Baro	     --	     --	  5.182	     --
[component_container-11] 	 10.000	  BBias	     --	     --	  0.589	     --
[component_container-11] 	 10.000	  Sonar	     --	     --	    inf	     --
[component_container-11] 	 10.000	  Magnt	     --	     --	     --	 -2.609
[component_container-11] 
[component_container-11] [INFO] [1775369574.509192067] [drone.estimator]: TMP LOG err_xyz=(0.365, -0.261, 0.018) | z_est=4.671 vz_est=0.464 bias=0.589 | gps_z=4.437 sonar=inf baro=5.182
[component_container-11] 	 10.040	   Pose	 -2.021	 -1.907	  4.696	 -2.655
[component_container-11] 	 10.040	  Twist	  0.045	  0.055	  0.460	 -0.284
[component_container-11] 	 10.040	ErrPose	  0.233	 -0.179	  0.013	  0.018
[component_container-11] 	 10.040	ErrTwis	 -0.103	  0.079	  0.037	  0.004
[component_container-11] 	 10.040	    GPS	 -1.928	 -1.972	  4.694	     --
[component_container-11] 	 10.040	   Baro	     --	     --	  5.295	     --
[component_container-11] 	 10.040	  BBias	     --	     --	  0.589	     --
[component_container-11] 	 10.040	  Sonar	     --	     --	    inf	     --
[component_container-11] 	 10.040	  Magnt	     --	     --	     --	 -2.646
[component_container-11] 
[component_container-11] 	 10.070	   Pose	 -2.020	 -1.905	  4.707	 -2.663
[component_container-11] 	 10.070	  Twist	  0.045	  0.056	  0.449	 -0.289
[component_container-11] 	 10.070	ErrPose	  0.234	 -0.182	  0.012	  0.020
[component_container-11] 	 10.070	ErrTwis	 -0.105	  0.079	  0.044	  0.010
[component_container-11] 	 10.070	    GPS	 -1.928	 -1.972	  4.694	     --
[component_container-11] 	 10.070	   Baro	     --	     --	  5.257	     --
[component_container-11] 	 10.070	  BBias	     --	     --	  0.589	     --
[component_container-11] 	 10.070	  Sonar	     --	     --	    inf	     --
[component_container-11] 	 10.070	  Magnt	     --	     --	     --	 -2.635
[component_container-11] 
[component_container-11] 	 10.100	   Pose	 -2.018	 -1.903	  4.720	 -2.672
[component_container-11] 	 10.100	  Twist	  0.045	  0.058	  0.440	 -0.301
[component_container-11] 	 10.100	ErrPose	  0.238	 -0.188	  0.017	  0.018
[component_container-11] 	 10.100	ErrTwis	 -0.108	  0.082	  0.045	  0.021
[component_container-11] 	 10.100	    GPS	 -1.928	 -1.972	  4.694	     --
[component_container-11] 	 10.100	   Baro	     --	     --	  5.257	     --
[component_container-11] 	 10.100	  BBias	     --	     --	  0.589	     --
[component_container-11] 	 10.100	  Sonar	     --	     --	    inf	     --
[component_container-11] 	 10.100	  Magnt	     --	     --	     --	 -2.635
[component_container-11] 
[component_container-11] 	 10.140	   Pose	 -2.016	 -1.901	  4.756	 -2.683
[component_container-11] 	 10.140	  Twist	  0.044	  0.060	  0.447	 -0.307
[component_container-11] 	 10.140	ErrPose	  0.241	 -0.195	 -0.000	  0.018
[component_container-11] 	 10.140	ErrTwis	 -0.110	  0.083	  0.028	  0.027
[component_container-11] 	 10.140	    GPS	 -1.928	 -1.972	  4.694	     --
[component_container-11] 	 10.140	   Baro	     --	     --	  5.546	     --
[component_container-11] 	 10.140	  BBias	     --	     --	  0.589	     --
[component_container-11] 	 10.140	  Sonar	     --	     --	    inf	     --
[component_container-11] 	 10.140	  Magnt	     --	     --	     --	 -2.649
[component_container-11] 
[component_container-11] 	 10.170	   Pose	 -2.015	 -1.899	  4.761	 -2.690
[component_container-11] 	 10.170	  Twist	  0.045	  0.061	  0.429	 -0.287
[component_container-11] 	 10.170	ErrPose	  0.243	 -0.199	  0.004	  0.020
[component_container-11] 	 10.170	ErrTwis	 -0.111	  0.085	  0.041	  0.007
[component_container-11] 	 10.170	    GPS	 -1.928	 -1.972	  4.694	     --
[component_container-11] 	 10.170	   Baro	     --	     --	  5.242	     --
[component_container-11] 	 10.170	  BBias	     --	     --	  0.589	     --
[component_container-11] 	 10.170	  Sonar	     --	     --	    inf	     --
[component_container-11] 	 10.170	  Magnt	     --	     --	     --	 -2.626
[component_container-11] 
[component_container-11] [INFO] [1775369574.707825781] [drone.behavior]: Behavior transition TAKEOFF -> TURTLE_POSITION | turtle_stop=false | waypoint=(-2.00, -2.00, 5.00)
[component_container-11] [INFO] [1775369574.707870344] [drone.behavior]: Behavior target TURTLE_POSITION | new_waypoint=(1.29, -0.61, 5.00)
[component_container-11] 	 10.200	   Pose	 -2.014	 -1.897	  4.774	 -2.699
[component_container-11] 	 10.200	  Twist	  0.045	  0.063	  0.419	 -0.296
[component_container-11] 	 10.200	ErrPose	  0.247	 -0.205	  0.009	  0.018
[component_container-11] 	 10.200	ErrTwis	 -0.114	  0.088	  0.040	  0.016
[component_container-11] 	 10.200	    GPS	 -1.928	 -1.972	  4.694	     --
[component_container-11] 	 10.200	   Baro	     --	     --	  5.242	     --
[component_container-11] 	 10.200	  BBias	     --	     --	  0.589	     --
[component_container-11] 	 10.200	  Sonar	     --	     --	    inf	     --
[component_container-11] 	 10.200	  Magnt	     --	     --	     --	 -2.626
[component_container-11] 
[component_container-11] 	 10.240	   Pose	 -2.012	 -1.895	  4.789	 -2.710
[component_container-11] 	 10.240	  Twist	  0.045	  0.065	  0.403	 -0.299
[component_container-11] 	 10.240	ErrPose	  0.250	 -0.212	  0.011	  0.017
[component_container-11] 	 10.240	ErrTwis	 -0.117	  0.090	  0.043	  0.019
[component_container-11] 	 10.240	    GPS	 -1.928	 -1.972	  4.694	     --
[component_container-11] 	 10.240	   Baro	     --	     --	  5.355	     --
[component_container-11] 	 10.240	  BBias	     --	     --	  0.589	     --
[component_container-11] 	 10.240	  Sonar	     --	     --	    inf	     --
[component_container-11] 	 10.240	  Magnt	     --	     --	     --	 -2.662
[component_container-11] 
[component_container-11] 	 10.270	   Pose	 -2.011	 -1.893	  4.802	 -2.720
[component_container-11] 	 10.270	  Twist	  0.044	  0.066	  0.394	 -0.288
[component_container-11] 	 10.270	ErrPose	  0.252	 -0.216	  0.007	  0.021
[component_container-11] 	 10.270	ErrTwis	 -0.117	  0.090	  0.046	  0.007
[component_container-11] 	 10.270	    GPS	 -1.928	 -1.972	  4.694	     --
[component_container-11] 	 10.270	   Baro	     --	     --	  5.397	     --
[component_container-11] 	 10.270	  BBias	     --	     --	  0.589	     --
[component_container-11] 	 10.270	  Sonar	     --	     --	    inf	     --
[component_container-11] 	 10.270	  Magnt	     --	     --	     --	 -2.759
[component_container-11] 
[component_container-11] 	 10.300	   Pose	 -2.009	 -1.891	  4.814	 -2.728
[component_container-11] 	 10.300	  Twist	  0.045	  0.067	  0.380	 -0.275
[component_container-11] 	 10.300	ErrPose	  0.256	 -0.222	  0.012	  0.018
[component_container-11] 	 10.300	ErrTwis	 -0.119	  0.091	  0.046	 -0.005
[component_container-11] 	 10.300	    GPS	 -1.928	 -1.972	  4.694	     --
[component_container-11] 	 10.300	   Baro	     --	     --	  5.397	     --
[component_container-11] 	 10.300	  BBias	     --	     --	  0.589	     --
[component_container-11] 	 10.300	  Sonar	     --	     --	    inf	     --
[component_container-11] 	 10.300	  Magnt	     --	     --	     --	 -2.759
[component_container-11] 
[component_container-11] 	 10.340	   Pose	 -2.007	 -1.888	  4.828	 -2.740
[component_container-11] 	 10.340	  Twist	  0.044	  0.069	  0.354	 -0.291
[component_container-11] 	 10.340	ErrPose	  0.259	 -0.229	  0.013	  0.019
[component_container-11] 	 10.340	ErrTwis	 -0.119	  0.088	  0.055	  0.012
[component_container-11] 	 10.340	    GPS	 -1.928	 -1.972	  4.694	     --
[component_container-11] 	 10.340	   Baro	     --	     --	  5.395	     --
[component_container-11] 	 10.340	  BBias	     --	     --	  0.589	     --
[component_container-11] 	 10.340	  Sonar	     --	     --	    inf	     --
[component_container-11] 	 10.340	  Magnt	     --	     --	     --	 -2.745
[component_container-11] 
[component_container-11] 	 10.370	   Pose	 -2.006	 -1.886	  4.830	 -2.747
[component_container-11] 	 10.370	  Twist	  0.044	  0.071	  0.327	 -0.271
[component_container-11] 	 10.370	ErrPose	  0.261	 -0.234	  0.019	  0.021
[component_container-11] 	 10.370	ErrTwis	 -0.119	  0.086	  0.073	 -0.009
[component_container-11] 	 10.370	    GPS	 -1.928	 -1.972	  4.694	     --
[component_container-11] 	 10.370	   Baro	     --	     --	  5.329	     --
[component_container-11] 	 10.370	  BBias	     --	     --	  0.589	     --
[component_container-11] 	 10.370	  Sonar	     --	     --	    inf	     --
[component_container-11] 	 10.370	  Magnt	     --	     --	     --	 -2.710
[component_container-11] 
[component_container-11] 	 10.400	   Pose	 -2.005	 -1.884	  4.840	 -2.756
[component_container-11] 	 10.400	  Twist	  0.043	  0.071	  0.308	 -0.293
[component_container-11] 	 10.400	ErrPose	  0.265	 -0.240	  0.024	  0.018
[component_container-11] 	 10.400	ErrTwis	 -0.121	  0.082	  0.068	  0.014
[component_container-11] 	 10.400	    GPS	 -1.928	 -1.972	  4.694	     --
[component_container-11] 	 10.400	   Baro	     --	     --	  5.329	     --
[component_container-11] 	 10.400	  BBias	     --	     --	  0.589	     --
[component_container-11] 	 10.400	  Sonar	     --	     --	    inf	     --
[component_container-11] 	 10.400	  Magnt	     --	     --	     --	 -2.710
[component_container-11] 
[component_container-11] 	 10.440	   Pose	 -2.003	 -1.881	  4.858	 -2.767
[component_container-11] 	 10.440	  Twist	  0.044	  0.073	  0.291	 -0.296
[component_container-11] 	 10.440	ErrPose	  0.268	 -0.246	  0.019	  0.019
[component_container-11] 	 10.440	ErrTwis	 -0.124	  0.075	  0.062	  0.017
[component_container-11] 	 10.440	    GPS	 -1.928	 -1.972	  4.694	     --
[component_container-11] 	 10.440	   Baro	     --	     --	  5.502	     --
[component_container-11] 	 10.440	  BBias	     --	     --	  0.589	     --
[component_container-11] 	 10.440	  Sonar	     --	     --	    inf	     --
[component_container-11] 	 10.440	  Magnt	     --	     --	     --	 -2.741
[component_container-11] 
[component_container-11] 	 10.470	   Pose	 -2.002	 -1.879	  4.874	 -2.777
[component_container-11] 	 10.470	  Twist	  0.044	  0.075	  0.282	 -0.279
[component_container-11] 	 10.470	ErrPose	  0.270	 -0.250	  0.009	  0.022
[component_container-11] 	 10.470	ErrTwis	 -0.127	  0.071	  0.059	  0.000
[component_container-11] 	 10.470	    GPS	 -1.928	 -1.972	  4.694	     --
[component_container-11] 	 10.470	   Baro	     --	     --	  5.536	     --
[component_container-11] 	 10.470	  BBias	     --	     --	  0.589	     --
[component_container-11] 	 10.470	  Sonar	     --	     --	    inf	     --
[component_container-11] 	 10.470	  Magnt	     --	     --	     --	 -2.817
[component_container-11] 
[component_container-11] 	 10.500	   Pose	 -2.000	 -1.876	  4.882	 -2.785
[component_container-11] 	 10.500	  Twist	  0.044	  0.076	  0.266	 -0.289
[component_container-11] 	 10.500	ErrPose	  0.274	 -0.256	  0.013	  0.020
[component_container-11] 	 10.500	ErrTwis	 -0.132	  0.062	  0.054	  0.011
[component_container-11] 	 10.500	    GPS	 -1.928	 -1.972	  4.694	     --
[component_container-11] 	 10.500	   Baro	     --	     --	  5.536	     --
[component_container-11] 	 10.500	  BBias	     --	     --	  0.589	     --
[component_container-11] 	 10.500	  Sonar	     --	     --	    inf	     --
[component_container-11] 	 10.500	  Magnt	     --	     --	     --	 -2.817
[component_container-11] 
[component_container-11] [INFO] [1775369575.013089207] [drone.estimator]: TMP LOG gps innov_xy=(0.354, -0.176) est_xy=(-2.000, -1.876) gps_xy=(-1.646, -2.052) corr_xy=(-1.646, -2.052) vel_xy=(0.043, 0.077)
[component_container-11] [INFO] [1775369575.013547668] [drone.estimator]: TMP LOG gps vel pseudo raw=(0.563, -0.160) filt=(0.543, -0.159) innov_v=(0.444, -0.208) apply=(1,1)
[component_container-11] 	 10.540	   Pose	 -1.813	 -1.964	  4.894	 -2.796
[component_container-11] 	 10.540	  Twist	  0.194	  0.005	  0.247	 -0.301
[component_container-11] 	 10.540	ErrPose	  0.092	 -0.171	  0.013	  0.020
[component_container-11] 	 10.540	ErrTwis	 -0.289	  0.124	  0.053	  0.023
[component_container-11] 	 10.540	    GPS	 -1.646	 -2.052	  4.898	     --
[component_container-11] 	 10.540	   Baro	     --	     --	  5.472	     --
[component_container-11] 	 10.540	  BBias	     --	     --	  0.589	     --
[component_container-11] 	 10.540	  Sonar	     --	     --	    inf	     --
[component_container-11] 	 10.540	  Magnt	     --	     --	     --	 -2.782
[component_container-11] 
[component_container-11] 	 10.570	   Pose	 -1.807	 -1.964	  4.896	 -2.805
[component_container-11] 	 10.570	  Twist	  0.194	  0.006	  0.226	 -0.277
[component_container-11] 	 10.570	ErrPose	  0.089	 -0.172	  0.016	  0.022
[component_container-11] 	 10.570	ErrTwis	 -0.293	  0.117	  0.065	 -0.002
[component_container-11] 	 10.570	    GPS	 -1.646	 -2.052	  4.898	     --
[component_container-11] 	 10.570	   Baro	     --	     --	  5.422	     --
[component_container-11] 	 10.570	  BBias	     --	     --	  0.589	     --
[component_container-11] 	 10.570	  Sonar	     --	     --	    inf	     --
[component_container-11] 	 10.570	  Magnt	     --	     --	     --	 -2.779
[component_container-11] 
[component_container-11] 	 10.600	   Pose	 -1.801	 -1.964	  4.903	 -2.813
[component_container-11] 	 10.600	  Twist	  0.194	  0.008	  0.211	 -0.273
[component_container-11] 	 10.600	ErrPose	  0.089	 -0.174	  0.020	  0.020
[component_container-11] 	 10.600	ErrTwis	 -0.301	  0.104	  0.062	 -0.005
[component_container-11] 	 10.600	    GPS	 -1.646	 -2.052	  4.898	     --
[component_container-11] 	 10.600	   Baro	     --	     --	  5.422	     --
[component_container-11] 	 10.600	  BBias	     --	     --	  0.589	     --
[component_container-11] 	 10.600	  Sonar	     --	     --	    inf	     --
[component_container-11] 	 10.600	  Magnt	     --	     --	     --	 -2.779
[component_container-11] 
[component_container-11] 	 10.640	   Pose	 -1.793	 -1.963	  4.911	 -2.824
[component_container-11] 	 10.640	  Twist	  0.193	  0.010	  0.192	 -0.282
[component_container-11] 	 10.640	ErrPose	  0.087	 -0.176	  0.022	  0.019
[component_container-11] 	 10.640	ErrTwis	 -0.311	  0.090	  0.063	  0.004
[component_container-11] 	 10.640	    GPS	 -1.646	 -2.052	  4.898	     --
[component_container-11] 	 10.640	   Baro	     --	     --	  5.488	     --
[component_container-11] 	 10.640	  BBias	     --	     --	  0.589	     --
[component_container-11] 	 10.640	  Sonar	     --	     --	    inf	     --
[component_container-11] 	 10.640	  Magnt	     --	     --	     --	 -2.780
[component_container-11] 
[component_container-11] 	 10.670	   Pose	 -1.788	 -1.963	  4.918	 -2.833
[component_container-11] 	 10.670	  Twist	  0.193	  0.011	  0.180	 -0.279
[component_container-11] 	 10.670	ErrPose	  0.085	 -0.177	  0.019	  0.022
[component_container-11] 	 10.670	ErrTwis	 -0.316	  0.082	  0.067	  0.002
[component_container-11] 	 10.670	    GPS	 -1.646	 -2.052	  4.898	     --
[component_container-11] 	 10.670	   Baro	     --	     --	  5.518	     --
[component_container-11] 	 10.670	  BBias	     --	     --	  0.589	     --
[component_container-11] 	 10.670	  Sonar	     --	     --	    inf	     --
[component_container-11] 	 10.670	  Magnt	     --	     --	     --	 -2.853
[component_container-11] 
[component_container-11] 	 10.700	   Pose	 -1.782	 -1.963	  4.923	 -2.841
[component_container-11] 	 10.700	  Twist	  0.193	  0.012	  0.168	 -0.293
[component_container-11] 	 10.700	ErrPose	  0.085	 -0.178	  0.023	  0.020
[component_container-11] 	 10.700	ErrTwis	 -0.327	  0.067	  0.064	  0.016
[component_container-11] 	 10.700	    GPS	 -1.646	 -2.052	  4.898	     --
[component_container-11] 	 10.700	   Baro	     --	     --	  5.518	     --
[component_container-11] 	 10.700	  BBias	     --	     --	  0.589	     --
[component_container-11] 	 10.700	  Sonar	     --	     --	    inf	     --
[component_container-11] 	 10.700	  Magnt	     --	     --	     --	 -2.853
[component_container-11] 
[component_container-11] 	 10.740	   Pose	 -1.774	 -1.962	  4.935	 -2.852
[component_container-11] 	 10.740	  Twist	  0.193	  0.013	  0.159	 -0.285
[component_container-11] 	 10.740	ErrPose	  0.084	 -0.178	  0.019	  0.019
[component_container-11] 	 10.740	ErrTwis	 -0.338	  0.050	  0.059	  0.007
[component_container-11] 	 10.740	    GPS	 -1.646	 -2.052	  4.898	     --
[component_container-11] 	 10.740	   Baro	     --	     --	  5.582	     --
[component_container-11] 	 10.740	  BBias	     --	     --	  0.589	     --
[component_container-11] 	 10.740	  Sonar	     --	     --	    inf	     --
[component_container-11] 	 10.740	  Magnt	     --	     --	     --	 -2.796
[component_container-11] 
[component_container-11] 	 10.770	   Pose	 -1.768	 -1.962	  4.954	 -2.860
[component_container-11] 	 10.770	  Twist	  0.193	  0.015	  0.163	 -0.280
[component_container-11] 	 10.770	ErrPose	  0.082	 -0.178	  0.004	  0.022
[component_container-11] 	 10.770	ErrTwis	 -0.345	  0.040	  0.049	  0.002
[component_container-11] 	 10.770	    GPS	 -1.646	 -2.052	  4.898	     --
[component_container-11] 	 10.770	   Baro	     --	     --	  5.699	     --
[component_container-11] 	 10.770	  BBias	     --	     --	  0.589	     --
[component_container-11] 	 10.770	  Sonar	     --	     --	    inf	     --
[component_container-11] 	 10.770	  Magnt	     --	     --	     --	 -2.851
[component_container-11] 
[component_container-11] 	 10.800	   Pose	 -1.763	 -1.961	  4.959	 -2.869
[component_container-11] 	 10.800	  Twist	  0.192	  0.016	  0.152	 -0.296
[component_container-11] 	 10.800	ErrPose	  0.083	 -0.176	  0.006	  0.019
[component_container-11] 	 10.800	ErrTwis	 -0.357	  0.021	  0.047	  0.018
[component_container-11] 	 10.800	    GPS	 -1.646	 -2.052	  4.898	     --
[component_container-11] 	 10.800	   Baro	     --	     --	  5.699	     --
[component_container-11] 	 10.800	  BBias	     --	     --	  0.589	     --
[component_container-11] 	 10.800	  Sonar	     --	     --	    inf	     --
[component_container-11] 	 10.800	  Magnt	     --	     --	     --	 -2.851
[component_container-11] 
[component_container-11] 	 10.840	   Pose	 -1.755	 -1.961	  4.960	 -2.879
[component_container-11] 	 10.840	  Twist	  0.191	  0.017	  0.133	 -0.272
[component_container-11] 	 10.840	ErrPose	  0.083	 -0.175	  0.012	  0.018
[component_container-11] 	 10.840	ErrTwis	 -0.369	  0.001	  0.054	 -0.005
[component_container-11] 	 10.840	    GPS	 -1.646	 -2.052	  4.898	     --
[component_container-11] 	 10.840	   Baro	     --	     --	  5.491	     --
[component_container-11] 	 10.840	  BBias	     --	     --	  0.589	     --
[component_container-11] 	 10.840	  Sonar	     --	     --	    inf	     --
[component_container-11] 	 10.840	  Magnt	     --	     --	     --	 -2.840
[component_container-11] 
[component_container-11] 	 10.870	   Pose	 -1.749	 -1.960	  4.950	 -2.887
[component_container-11] 	 10.870	  Twist	  0.191	  0.018	  0.108	 -0.288
[component_container-11] 	 10.870	ErrPose	  0.081	 -0.174	  0.025	  0.021
[component_container-11] 	 10.870	ErrTwis	 -0.376	 -0.010	  0.074	  0.011
[component_container-11] 	 10.870	    GPS	 -1.646	 -2.052	  4.898	     --
[component_container-11] 	 10.870	   Baro	     --	     --	  5.390	     --
[component_container-11] 	 10.870	  BBias	     --	     --	  0.589	     --
[component_container-11] 	 10.870	  Sonar	     --	     --	    inf	     --
[component_container-11] 	 10.870	  Magnt	     --	     --	     --	 -2.858
[component_container-11] 
[component_container-11] 	 10.900	   Pose	 -1.743	 -1.959	  4.953	 -2.896
[component_container-11] 	 10.900	  Twist	  0.191	  0.019	  0.097	 -0.301
[component_container-11] 	 10.900	ErrPose	  0.084	 -0.171	  0.028	  0.018
[component_container-11] 	 10.900	ErrTwis	 -0.391	 -0.031	  0.073	  0.023
[component_container-11] 	 10.900	    GPS	 -1.646	 -2.052	  4.898	     --
[component_container-11] 	 10.900	   Baro	     --	     --	  5.390	     --
[component_container-11] 	 10.900	  BBias	     --	     --	  0.589	     --
[component_container-11] 	 10.900	  Sonar	     --	     --	    inf	     --
[component_container-11] 	 10.900	  Magnt	     --	     --	     --	 -2.858
[component_container-11] 
[component_container-11] 	 10.940	   Pose	 -1.736	 -1.959	  4.952	 -2.907
[component_container-11] 	 10.940	  Twist	  0.190	  0.020	  0.080	 -0.288
[component_container-11] 	 10.940	ErrPose	  0.085	 -0.167	  0.035	  0.018
[component_container-11] 	 10.940	ErrTwis	 -0.406	 -0.049	  0.079	  0.010
[component_container-11] 	 10.940	    GPS	 -1.646	 -2.052	  4.898	     --
[component_container-11] 	 10.940	   Baro	     --	     --	  5.487	     --
[component_container-11] 	 10.940	  BBias	     --	     --	  0.589	     --
[component_container-11] 	 10.940	  Sonar	     --	     --	    inf	     --
[component_container-11] 	 10.940	  Magnt	     --	     --	     --	 -2.886
[component_container-11] 
[component_container-11] 	 10.970	   Pose	 -1.730	 -1.958	  4.955	 -2.915
[component_container-11] 	 10.970	  Twist	  0.189	  0.021	  0.073	 -0.285
[component_container-11] 	 10.970	ErrPose	  0.083	 -0.166	  0.034	  0.020
[component_container-11] 	 10.970	ErrTwis	 -0.413	 -0.059	  0.081	  0.007
[component_container-11] 	 10.970	    GPS	 -1.646	 -2.052	  4.898	     --
[component_container-11] 	 10.970	   Baro	     --	     --	  5.556	     --
[component_container-11] 	 10.970	  BBias	     --	     --	  0.589	     --
[component_container-11] 	 10.970	  Sonar	     --	     --	    inf	     --
[component_container-11] 	 10.970	  Magnt	     --	     --	     --	 -2.885
[component_container-11] 
[component_container-11] [INFO] [1775369575.508537316] [drone.controller]: cmd_vel body=(-0.981, -0.196, 0.011) yaw=-0.300 | odom_received=true | plan_points=34
[component_container-11] 	 11.000	   Pose	 -1.724	 -1.957	  4.957	 -2.924
[component_container-11] 	 11.000	  Twist	  0.189	  0.022	  0.066	 -0.293
[component_container-11] 	 11.000	ErrPose	  0.087	 -0.161	  0.037	  0.018
[component_container-11] 	 11.000	ErrTwis	 -0.429	 -0.078	  0.080	  0.016
[component_container-11] 	 11.000	    GPS	 -1.646	 -2.052	  4.898	     --
[component_container-11] 	 11.000	   Baro	     --	     --	  5.556	     --
[component_container-11] 	 11.000	  BBias	     --	     --	  0.589	     --
[component_container-11] 	 11.000	  Sonar	     --	     --	    inf	     --
[component_container-11] 	 11.000	  Magnt	     --	     --	     --	 -2.885
[component_container-11] 
[component_container-11] [INFO] [1775369575.508886428] [drone.estimator]: TMP LOG err_xyz=(0.087, -0.161, 0.037) | z_est=4.957 vz_est=0.066 bias=0.589 | gps_z=4.898 sonar=inf baro=5.556
[component_container-11] 	 11.040	   Pose	 -1.674	 -1.962	  4.969	 -2.936
[component_container-11] 	 11.040	  Twist	  0.205	  0.028	  0.065	 -0.285
[component_container-11] 	 11.040	ErrPose	  0.047	 -0.151	  0.030	  0.019
[component_container-11] 	 11.040	ErrTwis	 -0.461	 -0.101	  0.073	  0.007
[component_container-11] 	 11.040	    GPS	 -1.576	 -2.002	  4.996	     --
[component_container-11] 	 11.040	   Baro	     --	     --	  5.592	     --
[component_container-11] 	 11.040	  BBias	     --	     --	  0.588	     --
[component_container-11] 	 11.040	  Sonar	     --	     --	    inf	     --
[component_container-11] 	 11.040	  Magnt	     --	     --	     --	 -2.947
[component_container-11] 
[component_container-11] 	 11.070	   Pose	 -1.668	 -1.961	  4.971	 -2.944
[component_container-11] 	 11.070	  Twist	  0.203	  0.028	  0.058	 -0.290
[component_container-11] 	 11.070	ErrPose	  0.046	 -0.148	  0.030	  0.021
[component_container-11] 	 11.070	ErrTwis	 -0.468	 -0.109	  0.076	  0.013
[component_container-11] 	 11.070	    GPS	 -1.576	 -2.002	  4.996	     --
[component_container-11] 	 11.070	   Baro	     --	     --	  5.559	     --
[component_container-11] 	 11.070	  BBias	     --	     --	  0.588	     --
[component_container-11] 	 11.070	  Sonar	     --	     --	    inf	     --
[component_container-11] 	 11.070	  Magnt	     --	     --	     --	 -2.912
[component_container-11] 
[component_container-11] 	 11.100	   Pose	 -1.662	 -1.960	  4.973	 -2.952
[component_container-11] 	 11.100	  Twist	  0.203	  0.028	  0.051	 -0.284
[component_container-11] 	 11.100	ErrPose	  0.051	 -0.142	  0.032	  0.019
[component_container-11] 	 11.100	ErrTwis	 -0.485	 -0.126	  0.075	  0.006
[component_container-11] 	 11.100	    GPS	 -1.576	 -2.002	  4.996	     --
[component_container-11] 	 11.100	   Baro	     --	     --	  5.559	     --
[component_container-11] 	 11.100	  BBias	     --	     --	  0.588	     --
[component_container-11] 	 11.100	  Sonar	     --	     --	    inf	     --
[component_container-11] 	 11.100	  Magnt	     --	     --	     --	 -2.912
[component_container-11] 
[component_container-11] 	 11.140	   Pose	 -1.654	 -1.959	  4.964	 -2.964
[component_container-11] 	 11.140	  Twist	  0.203	  0.029	  0.031	 -0.293
[component_container-11] 	 11.140	ErrPose	  0.054	 -0.136	  0.045	  0.019
[component_container-11] 	 11.140	ErrTwis	 -0.502	 -0.142	  0.089	  0.015
[component_container-11] 	 11.140	    GPS	 -1.576	 -2.002	  4.996	     --
[component_container-11] 	 11.140	   Baro	     --	     --	  5.435	     --
[component_container-11] 	 11.140	  BBias	     --	     --	  0.588	     --
[component_container-11] 	 11.140	  Sonar	     --	     --	    inf	     --
[component_container-11] 	 11.140	  Magnt	     --	     --	     --	 -2.936
[component_container-11] 
[component_container-11] 	 11.170	   Pose	 -1.648	 -1.958	  4.966	 -2.972
[component_container-11] 	 11.170	  Twist	  0.203	  0.029	  0.024	 -0.288
[component_container-11] 	 11.170	ErrPose	  0.054	 -0.133	  0.044	  0.021
[component_container-11] 	 11.170	ErrTwis	 -0.510	 -0.149	  0.092	  0.010
[component_container-11] 	 11.170	    GPS	 -1.576	 -2.002	  4.996	     --
[component_container-11] 	 11.170	   Baro	     --	     --	  5.567	     --
[component_container-11] 	 11.170	  BBias	     --	     --	  0.588	     --
[component_container-11] 	 11.170	  Sonar	     --	     --	    inf	     --
[component_container-11] 	 11.170	  Magnt	     --	     --	     --	 -2.939
[component_container-11] 
[component_container-11] 	 11.200	   Pose	 -1.642	 -1.957	  4.967	 -2.981
[component_container-11] 	 11.200	  Twist	  0.201	  0.029	  0.018	 -0.281
[component_container-11] 	 11.200	ErrPose	  0.060	 -0.125	  0.047	  0.019
[component_container-11] 	 11.200	ErrTwis	 -0.527	 -0.165	  0.091	  0.003
[component_container-11] 	 11.200	    GPS	 -1.576	 -2.002	  4.996	     --
[component_container-11] 	 11.200	   Baro	     --	     --	  5.567	     --
[component_container-11] 	 11.200	  BBias	     --	     --	  0.588	     --
[component_container-11] 	 11.200	  Sonar	     --	     --	    inf	     --
[component_container-11] 	 11.200	  Magnt	     --	     --	     --	 -2.939
[component_container-11] 
[component_container-11] 	 11.240	   Pose	 -1.634	 -1.956	  4.978	 -2.992
[component_container-11] 	 11.240	  Twist	  0.201	  0.030	  0.021	 -0.295
[component_container-11] 	 11.240	ErrPose	  0.065	 -0.117	  0.039	  0.019
[component_container-11] 	 11.240	ErrTwis	 -0.545	 -0.180	  0.082	  0.017
[component_container-11] 	 11.240	    GPS	 -1.576	 -2.002	  4.996	     --
[component_container-11] 	 11.240	   Baro	     --	     --	  5.677	     --
[component_container-11] 	 11.240	  BBias	     --	     --	  0.588	     --
[component_container-11] 	 11.240	  Sonar	     --	     --	    inf	     --
[component_container-11] 	 11.240	  Magnt	     --	     --	     --	 -2.982
[component_container-11] 
[component_container-11] 	 11.270	   Pose	 -1.628	 -1.955	  4.972	 -3.001
[component_container-11] 	 11.270	  Twist	  0.200	  0.030	  0.010	 -0.305
[component_container-11] 	 11.270	ErrPose	  0.066	 -0.113	  0.046	  0.023
[component_container-11] 	 11.270	ErrTwis	 -0.553	 -0.188	  0.091	  0.026
[component_container-11] 	 11.270	    GPS	 -1.576	 -2.002	  4.996	     --
[component_container-11] 	 11.270	   Baro	     --	     --	  5.493	     --
[component_container-11] 	 11.270	  BBias	     --	     --	  0.588	     --
[component_container-11] 	 11.270	  Sonar	     --	     --	    inf	     --
[component_container-11] 	 11.270	  Magnt	     --	     --	     --	 -3.008
[component_container-11] 
[component_container-11] 	 11.300	   Pose	 -1.622	 -1.954	  4.972	 -3.010
[component_container-11] 	 11.300	  Twist	  0.199	  0.030	  0.004	 -0.293
[component_container-11] 	 11.300	ErrPose	  0.074	 -0.104	  0.048	  0.020
[component_container-11] 	 11.300	ErrTwis	 -0.570	 -0.203	  0.092	  0.014
[component_container-11] 	 11.300	    GPS	 -1.576	 -2.002	  4.996	     --
[component_container-11] 	 11.300	   Baro	     --	     --	  5.493	     --
[component_container-11] 	 11.300	  BBias	     --	     --	  0.588	     --
[component_container-11] 	 11.300	  Sonar	     --	     --	    inf	     --
[component_container-11] 	 11.300	  Magnt	     --	     --	     --	 -3.008
[component_container-11] 
[component_container-11] 	 11.340	   Pose	 -1.614	 -1.953	  4.978	 -3.021
[component_container-11] 	 11.340	  Twist	  0.198	  0.031	  0.002	 -0.302
[component_container-11] 	 11.340	ErrPose	  0.081	 -0.095	  0.046	  0.020
[component_container-11] 	 11.340	ErrTwis	 -0.588	 -0.218	  0.089	  0.023
[component_container-11] 	 11.340	    GPS	 -1.576	 -2.002	  4.996	     --
[component_container-11] 	 11.340	   Baro	     --	     --	  5.619	     --
[component_container-11] 	 11.340	  BBias	     --	     --	  0.588	     --
[component_container-11] 	 11.340	  Sonar	     --	     --	    inf	     --
[component_container-11] 	 11.340	  Magnt	     --	     --	     --	 -3.002
[component_container-11] 
[component_container-11] 	 11.370	   Pose	 -1.608	 -1.952	  4.986	 -3.029
[component_container-11] 	 11.370	  Twist	  0.198	  0.030	  0.005	 -0.305
[component_container-11] 	 11.370	ErrPose	  0.083	 -0.091	  0.038	  0.023
[component_container-11] 	 11.370	ErrTwis	 -0.597	 -0.224	  0.082	  0.026
[component_container-11] 	 11.370	    GPS	 -1.576	 -2.002	  4.996	     --
[component_container-11] 	 11.370	   Baro	     --	     --	  5.664	     --
[component_container-11] 	 11.370	  BBias	     --	     --	  0.588	     --
[component_container-11] 	 11.370	  Sonar	     --	     --	    inf	     --
[component_container-11] 	 11.370	  Magnt	     --	     --	     --	 -2.986
[component_container-11] 
[component_container-11] 	 11.400	   Pose	 -1.602	 -1.951	  4.986	 -3.038
[component_container-11] 	 11.400	  Twist	  0.196	  0.030	  0.001	 -0.281
[component_container-11] 	 11.400	ErrPose	  0.093	 -0.081	  0.040	  0.020
[component_container-11] 	 11.400	ErrTwis	 -0.613	 -0.237	  0.082	  0.002
[component_container-11] 	 11.400	    GPS	 -1.576	 -2.002	  4.996	     --
[component_container-11] 	 11.400	   Baro	     --	     --	  5.664	     --
[component_container-11] 	 11.400	  BBias	     --	     --	  0.588	     --
[component_container-11] 	 11.400	  Sonar	     --	     --	    inf	     --
[component_container-11] 	 11.400	  Magnt	     --	     --	     --	 -2.986
[component_container-11] 
[component_container-11] 	 11.440	   Pose	 -1.594	 -1.950	  4.973	 -3.050
[component_container-11] 	 11.440	  Twist	  0.195	  0.030	 -0.019	 -0.289
[component_container-11] 	 11.440	ErrPose	  0.102	 -0.071	  0.055	  0.021
[component_container-11] 	 11.440	ErrTwis	 -0.630	 -0.250	  0.098	  0.010
[component_container-11] 	 11.440	    GPS	 -1.576	 -2.002	  4.996	     --
[component_container-11] 	 11.440	   Baro	     --	     --	  5.434	     --
[component_container-11] 	 11.440	  BBias	     --	     --	  0.588	     --
[component_container-11] 	 11.440	  Sonar	     --	     --	    inf	     --
[component_container-11] 	 11.440	  Magnt	     --	     --	     --	 -3.061
[component_container-11] 
[component_container-11] 	 11.470	   Pose	 -1.588	 -1.949	  4.978	 -3.058
[component_container-11] 	 11.470	  Twist	  0.194	  0.030	 -0.019	 -0.289
[component_container-11] 	 11.470	ErrPose	  0.105	 -0.066	  0.051	  0.023
[component_container-11] 	 11.470	ErrTwis	 -0.639	 -0.255	  0.095	  0.010
[component_container-11] 	 11.470	    GPS	 -1.576	 -2.002	  4.996	     --
[component_container-11] 	 11.470	   Baro	     --	     --	  5.619	     --
[component_container-11] 	 11.470	  BBias	     --	     --	  0.588	     --
[component_container-11] 	 11.470	  Sonar	     --	     --	    inf	     --
[component_container-11] 	 11.470	  Magnt	     --	     --	     --	 -3.021
[component_container-11] 
[component_container-11] 	 11.500	   Pose	 -1.582	 -1.948	  4.977	 -3.066
[component_container-11] 	 11.500	  Twist	  0.192	  0.029	 -0.023	 -0.274
[component_container-11] 	 11.500	ErrPose	  0.118	 -0.055	  0.053	  0.021
[component_container-11] 	 11.500	ErrTwis	 -0.656	 -0.266	  0.095	 -0.005
[component_container-11] 	 11.500	    GPS	 -1.576	 -2.002	  4.996	     --
[component_container-11] 	 11.500	   Baro	     --	     --	  5.619	     --
[component_container-11] 	 11.500	  BBias	     --	     --	  0.588	     --
[component_container-11] 	 11.500	  Sonar	     --	     --	    inf	     --
[component_container-11] 	 11.500	  Magnt	     --	     --	     --	 -3.021
[component_container-11] 
[component_container-11] [INFO] [1775369576.013375076] [drone.estimator]: TMP LOG gps innov_xy=(0.067, -0.122) est_xy=(-1.581, -1.948) gps_xy=(-1.514, -2.070) corr_xy=(-1.514, -2.070) vel_xy=(0.192, 0.029)
[component_container-11] [INFO] [1775369576.013805357] [drone.estimator]: TMP LOG gps vel pseudo raw=(0.124, -0.135) filt=(0.130, -0.114) innov_v=(-0.073, -0.124) apply=(1,1)
[component_container-11] 	 11.540	   Pose	 -1.565	 -2.006	  4.997	 -3.078
[component_container-11] 	 11.540	  Twist	  0.186	 -0.017	 -0.008	 -0.294
[component_container-11] 	 11.540	ErrPose	  0.119	  0.015	  0.034	  0.021
[component_container-11] 	 11.540	ErrTwis	 -0.668	 -0.231	  0.076	  0.015
[component_container-11] 	 11.540	    GPS	 -1.514	 -2.070	  5.031	     --
[component_container-11] 	 11.540	   Baro	     --	     --	  5.721	     --
[component_container-11] 	 11.540	  BBias	     --	     --	  0.588	     --
[component_container-11] 	 11.540	  Sonar	     --	     --	    inf	     --
[component_container-11] 	 11.540	  Magnt	     --	     --	     --	 -3.053
[component_container-11] 
[component_container-11] 	 11.570	   Pose	 -1.559	 -2.007	  4.992	 -3.085
[component_container-11] 	 11.570	  Twist	  0.184	 -0.017	 -0.017	 -0.282
[component_container-11] 	 11.570	ErrPose	  0.123	  0.022	  0.040	  0.023
[component_container-11] 	 11.570	ErrTwis	 -0.675	 -0.236	  0.083	  0.003
[component_container-11] 	 11.570	    GPS	 -1.514	 -2.070	  5.031	     --
[component_container-11] 	 11.570	   Baro	     --	     --	  5.525	     --
[component_container-11] 	 11.570	  BBias	     --	     --	  0.588	     --
[component_container-11] 	 11.570	  Sonar	     --	     --	    inf	     --
[component_container-11] 	 11.570	  Magnt	     --	     --	     --	 -3.050
[component_container-11] 
[component_container-11] 	 11.600	   Pose	 -1.554	 -2.007	  4.992	 -3.094
[component_container-11] 	 11.600	  Twist	  0.183	 -0.017	 -0.021	 -0.297
[component_container-11] 	 11.600	ErrPose	  0.138	  0.034	  0.041	  0.020
[component_container-11] 	 11.600	ErrTwis	 -0.693	 -0.248	  0.085	  0.018
[component_container-11] 	 11.600	    GPS	 -1.514	 -2.070	  5.031	     --
[component_container-11] 	 11.600	   Baro	     --	     --	  5.525	     --
[component_container-11] 	 11.600	  BBias	     --	     --	  0.588	     --
[component_container-11] 	 11.600	  Sonar	     --	     --	    inf	     --
[component_container-11] 	 11.600	  Magnt	     --	     --	     --	 -3.050
[component_container-11] 
[component_container-11] 	 11.640	   Pose	 -1.546	 -2.008	  5.000	 -3.105
[component_container-11] 	 11.640	  Twist	  0.182	 -0.017	 -0.019	 -0.296
[component_container-11] 	 11.640	ErrPose	  0.151	  0.048	  0.034	  0.020
[component_container-11] 	 11.640	ErrTwis	 -0.709	 -0.258	  0.079	  0.017
[component_container-11] 	 11.640	    GPS	 -1.514	 -2.070	  5.031	     --
[component_container-11] 	 11.640	   Baro	     --	     --	  5.689	     --
[component_container-11] 	 11.640	  BBias	     --	     --	  0.588	     --
[component_container-11] 	 11.640	  Sonar	     --	     --	    inf	     --
[component_container-11] 	 11.640	  Magnt	     --	     --	     --	 -3.070
[component_container-11] 
[component_container-11] 	 11.670	   Pose	 -1.541	 -2.009	  5.004	 -3.113
[component_container-11] 	 11.670	  Twist	  0.179	 -0.018	 -0.017	 -0.269
[component_container-11] 	 11.670	ErrPose	  0.157	  0.055	  0.030	  0.023
[component_container-11] 	 11.670	ErrTwis	 -0.716	 -0.264	  0.076	 -0.010
[component_container-11] 	 11.670	    GPS	 -1.514	 -2.070	  5.031	     --
[component_container-11] 	 11.670	   Baro	     --	     --	  5.654	     --
[component_container-11] 	 11.670	  BBias	     --	     --	  0.588	     --
[component_container-11] 	 11.670	  Sonar	     --	     --	    inf	     --
[component_container-11] 	 11.670	  Magnt	     --	     --	     --	 -3.092
[component_container-11] 
[component_container-11] 	 11.700	   Pose	 -1.536	 -2.009	  5.004	 -3.122
[component_container-11] 	 11.700	  Twist	  0.178	 -0.018	 -0.021	 -0.299
[component_container-11] 	 11.700	ErrPose	  0.174	  0.068	  0.031	  0.021
[component_container-11] 	 11.700	ErrTwis	 -0.732	 -0.274	  0.077	  0.020
[component_container-11] 	 11.700	    GPS	 -1.514	 -2.070	  5.031	     --
[component_container-11] 	 11.700	   Baro	     --	     --	  5.654	     --
[component_container-11] 	 11.700	  BBias	     --	     --	  0.588	     --
[component_container-11] 	 11.700	  Sonar	     --	     --	    inf	     --
[component_container-11] 	 11.700	  Magnt	     --	     --	     --	 -3.092
[component_container-11] 
[component_container-11] 	 11.740	   Pose	 -1.529	 -2.010	  5.012	 -3.133
[component_container-11] 	 11.740	  Twist	  0.176	 -0.019	 -0.018	 -0.284
[component_container-11] 	 11.740	ErrPose	  0.190	  0.082	  0.023	  0.021
[component_container-11] 	 11.740	ErrTwis	 -0.747	 -0.285	  0.070	  0.004
[component_container-11] 	 11.740	    GPS	 -1.514	 -2.070	  5.031	     --
[component_container-11] 	 11.740	   Baro	     --	     --	  5.698	     --
[component_container-11] 	 11.740	  BBias	     --	     --	  0.588	     --
[component_container-11] 	 11.740	  Sonar	     --	     --	    inf	     --
[component_container-11] 	 11.740	  Magnt	     --	     --	     --	 -3.114
[component_container-11] 
[component_container-11] 	 11.770	   Pose	 -1.523	 -2.010	  5.022	  3.141
[component_container-11] 	 11.770	  Twist	  0.174	 -0.019	 -0.010	 -0.281
[component_container-11] 	 11.770	ErrPose	  0.196	  0.090	  0.013	  0.024
[component_container-11] 	 11.770	ErrTwis	 -0.754	 -0.291	  0.061	  0.001
[component_container-11] 	 11.770	    GPS	 -1.514	 -2.070	  5.031	     --
[component_container-11] 	 11.770	   Baro	     --	     --	  5.724	     --
[component_container-11] 	 11.770	  BBias	     --	     --	  0.588	     --
[component_container-11] 	 11.770	  Sonar	     --	     --	    inf	     --
[component_container-11] 	 11.770	  Magnt	     --	     --	     --	 -3.128
[component_container-11] 
[component_container-11] 	 11.800	   Pose	 -1.518	 -2.011	  5.021	  3.133
[component_container-11] 	 11.800	  Twist	  0.172	 -0.019	 -0.015	 -0.294
[component_container-11] 	 11.800	ErrPose	  0.215	  0.104	  0.014	  0.021
[component_container-11] 	 11.800	ErrTwis	 -0.769	 -0.303	  0.062	  0.015
[component_container-11] 	 11.800	    GPS	 -1.514	 -2.070	  5.031	     --
[component_container-11] 	 11.800	   Baro	     --	     --	  5.724	     --
[component_container-11] 	 11.800	  BBias	     --	     --	  0.588	     --
[component_container-11] 	 11.800	  Sonar	     --	     --	    inf	     --
[component_container-11] 	 11.800	  Magnt	     --	     --	     --	 -3.128
[component_container-11] 
[component_container-11] 	 11.840	   Pose	 -1.511	 -2.012	  5.022	  3.122
[component_container-11] 	 11.840	  Twist	  0.170	 -0.019	 -0.018	 -0.293
[component_container-11] 	 11.840	ErrPose	  0.233	  0.119	  0.013	  0.021
[component_container-11] 	 11.840	ErrTwis	 -0.783	 -0.316	  0.062	  0.014
[component_container-11] 	 11.840	    GPS	 -1.514	 -2.070	  5.031	     --
[component_container-11] 	 11.840	   Baro	     --	     --	  5.629	     --
[component_container-11] 	 11.840	  BBias	     --	     --	  0.588	     --
[component_container-11] 	 11.840	  Sonar	     --	     --	    inf	     --
[component_container-11] 	 11.840	  Magnt	     --	     --	     --	 -3.129
[component_container-11] 
[component_container-11] 	 11.870	   Pose	 -1.506	 -2.012	  5.020	  3.114
[component_container-11] 	 11.870	  Twist	  0.168	 -0.019	 -0.024	 -0.288
[component_container-11] 	 11.870	ErrPose	  0.241	  0.126	  0.015	  0.023
[component_container-11] 	 11.870	ErrTwis	 -0.789	 -0.322	  0.066	  0.008
[component_container-11] 	 11.870	    GPS	 -1.514	 -2.070	  5.031	     --
[component_container-11] 	 11.870	   Baro	     --	     --	  5.594	     --
[component_container-11] 	 11.870	  BBias	     --	     --	  0.588	     --
[component_container-11] 	 11.870	  Sonar	     --	     --	    inf	     --
[component_container-11] 	 11.870	  Magnt	     --	     --	     --	 -3.132
[component_container-11] 
[component_container-11] 	 11.900	   Pose	 -1.501	 -2.013	  5.020	  3.106
[component_container-11] 	 11.900	  Twist	  0.166	 -0.020	 -0.028	 -0.292
[component_container-11] 	 11.900	ErrPose	  0.262	  0.141	  0.015	  0.020
[component_container-11] 	 11.900	ErrTwis	 -0.802	 -0.334	  0.067	  0.012
[component_container-11] 	 11.900	    GPS	 -1.514	 -2.070	  5.031	     --
[component_container-11] 	 11.900	   Baro	     --	     --	  5.594	     --
[component_container-11] 	 11.900	  BBias	     --	     --	  0.588	     --
[component_container-11] 	 11.900	  Sonar	     --	     --	    inf	     --
[component_container-11] 	 11.900	  Magnt	     --	     --	     --	 -3.132
[component_container-11] 
[component_container-11] 	 11.940	   Pose	 -1.495	 -2.014	  5.018	  3.094
[component_container-11] 	 11.940	  Twist	  0.163	 -0.019	 -0.033	 -0.282
[component_container-11] 	 11.940	ErrPose	  0.282	  0.156	  0.016	  0.020
[component_container-11] 	 11.940	ErrTwis	 -0.815	 -0.347	  0.068	  0.002
[component_container-11] 	 11.940	    GPS	 -1.514	 -2.070	  5.031	     --
[component_container-11] 	 11.940	   Baro	     --	     --	  5.604	     --
[component_container-11] 	 11.940	  BBias	     --	     --	  0.588	     --
[component_container-11] 	 11.940	  Sonar	     --	     --	    inf	     --
[component_container-11] 	 11.940	  Magnt	     --	     --	     --	  3.106
[component_container-11] 
[component_container-11] 	 11.970	   Pose	 -1.490	 -2.014	  5.015	  3.086
[component_container-11] 	 11.970	  Twist	  0.161	 -0.020	 -0.038	 -0.290
[component_container-11] 	 11.970	ErrPose	  0.291	  0.164	  0.019	  0.023
[component_container-11] 	 11.970	ErrTwis	 -0.820	 -0.353	  0.071	  0.010
[component_container-11] 	 11.970	    GPS	 -1.514	 -2.070	  5.031	     --
[component_container-11] 	 11.970	   Baro	     --	     --	  5.580	     --
[component_container-11] 	 11.970	  BBias	     --	     --	  0.588	     --
[component_container-11] 	 11.970	  Sonar	     --	     --	    inf	     --
[component_container-11] 	 11.970	  Magnt	     --	     --	     --	  3.108
[component_container-11] 
[component_container-11] [INFO] [1775369576.510912937] [drone.controller]: cmd_vel body=(-0.883, -0.469, -0.001) yaw=-0.300 | odom_received=true | plan_points=33
[component_container-11] 	 12.000	   Pose	 -1.485	 -2.015	  5.014	  3.077
[component_container-11] 	 12.000	  Twist	  0.159	 -0.020	 -0.041	 -0.290
[component_container-11] 	 12.000	ErrPose	  0.314	  0.179	  0.020	  0.021
[component_container-11] 	 12.000	ErrTwis	 -0.833	 -0.364	  0.073	  0.010
[component_container-11] 	 12.000	    GPS	 -1.514	 -2.070	  5.031	     --
[component_container-11] 	 12.000	   Baro	     --	     --	  5.580	     --
[component_container-11] 	 12.000	  BBias	     --	     --	  0.588	     --
[component_container-11] 	 12.000	  Sonar	     --	     --	    inf	     --
[component_container-11] 	 12.000	  Magnt	     --	     --	     --	  3.108
[component_container-11] 
[component_container-11] [INFO] [1775369576.511212208] [drone.estimator]: TMP LOG err_xyz=(0.314, 0.179, 0.020) | z_est=5.014 vz_est=-0.041 bias=0.588 | gps_z=5.031 sonar=inf baro=5.580
[component_container-11] 	 12.040	   Pose	 -1.324	 -1.874	  5.022	  3.066
[component_container-11] 	 12.040	  Twist	  0.285	  0.111	 -0.034	 -0.267
[component_container-11] 	 12.040	ErrPose	  0.183	  0.053	  0.010	  0.021
[component_container-11] 	 12.040	ErrTwis	 -0.972	 -0.507	  0.064	 -0.013
[component_container-11] 	 12.040	    GPS	 -1.196	 -1.803	  5.033	     --
[component_container-11] 	 12.040	   Baro	     --	     --	  5.695	     --
[component_container-11] 	 12.040	  BBias	     --	     --	  0.588	     --
[component_container-11] 	 12.040	  Sonar	     --	     --	    inf	     --
[component_container-11] 	 12.040	  Magnt	     --	     --	     --	  3.079
[component_container-11] 
[component_container-11] 	 12.070	   Pose	 -1.316	 -1.871	  5.015	  3.057
[component_container-11] 	 12.070	  Twist	  0.283	  0.111	 -0.044	 -0.281
[component_container-11] 	 12.070	ErrPose	  0.189	  0.058	  0.017	  0.024
[component_container-11] 	 12.070	ErrTwis	 -0.977	 -0.513	  0.072	  0.001
[component_container-11] 	 12.070	    GPS	 -1.196	 -1.803	  5.033	     --
[component_container-11] 	 12.070	   Baro	     --	     --	  5.525	     --
[component_container-11] 	 12.070	  BBias	     --	     --	  0.588	     --
[component_container-11] 	 12.070	  Sonar	     --	     --	    inf	     --
[component_container-11] 	 12.070	  Magnt	     --	     --	     --	  3.062
[component_container-11] 
[component_container-11] 	 12.100	   Pose	 -1.307	 -1.867	  5.013	  3.049
[component_container-11] 	 12.100	  Twist	  0.281	  0.111	 -0.046	 -0.282
[component_container-11] 	 12.100	ErrPose	  0.210	  0.069	  0.018	  0.021
[component_container-11] 	 12.100	ErrTwis	 -0.989	 -0.525	  0.071	  0.002
[component_container-11] 	 12.100	    GPS	 -1.196	 -1.803	  5.033	     --
[component_container-11] 	 12.100	   Baro	     --	     --	  5.525	     --
[component_container-11] 	 12.100	  BBias	     --	     --	  0.588	     --
[component_container-11] 	 12.100	  Sonar	     --	     --	    inf	     --
[component_container-11] 	 12.100	  Magnt	     --	     --	     --	  3.062
[component_container-11] 
[component_container-11] 	 12.140	   Pose	 -1.296	 -1.863	  5.018	  3.037
[component_container-11] 	 12.140	  Twist	  0.279	  0.110	 -0.043	 -0.287
[component_container-11] 	 12.140	ErrPose	  0.229	  0.080	  0.013	  0.021
[component_container-11] 	 12.140	ErrTwis	 -0.998	 -0.536	  0.066	  0.007
[component_container-11] 	 12.140	    GPS	 -1.196	 -1.803	  5.033	     --
[component_container-11] 	 12.140	   Baro	     --	     --	  5.680	     --
[component_container-11] 	 12.140	  BBias	     --	     --	  0.588	     --
[component_container-11] 	 12.140	  Sonar	     --	     --	    inf	     --
[component_container-11] 	 12.140	  Magnt	     --	     --	     --	  3.052
[component_container-11] 
[component_container-11] 	 12.170	   Pose	 -1.288	 -1.860	  5.024	  3.030
[component_container-11] 	 12.170	  Twist	  0.277	  0.110	 -0.038	 -0.266
[component_container-11] 	 12.170	ErrPose	  0.236	  0.084	  0.007	  0.023
[component_container-11] 	 12.170	ErrTwis	 -1.002	 -0.541	  0.061	 -0.014
[component_container-11] 	 12.170	    GPS	 -1.196	 -1.803	  5.033	     --
[component_container-11] 	 12.170	   Baro	     --	     --	  5.691	     --
[component_container-11] 	 12.170	  BBias	     --	     --	  0.588	     --
[component_container-11] 	 12.170	  Sonar	     --	     --	    inf	     --
[component_container-11] 	 12.170	  Magnt	     --	     --	     --	  3.096
[component_container-11] 
[component_container-11] 	 12.200	   Pose	 -1.280	 -1.856	  5.022	  3.021
[component_container-11] 	 12.200	  Twist	  0.274	  0.109	 -0.040	 -0.290
[component_container-11] 	 12.200	ErrPose	  0.259	  0.096	  0.007	  0.020
[component_container-11] 	 12.200	ErrTwis	 -1.012	 -0.552	  0.060	  0.011
[component_container-11] 	 12.200	    GPS	 -1.196	 -1.803	  5.033	     --
[component_container-11] 	 12.200	   Baro	     --	     --	  5.691	     --
[component_container-11] 	 12.200	  BBias	     --	     --	  0.588	     --
[component_container-11] 	 12.200	  Sonar	     --	     --	    inf	     --
[component_container-11] 	 12.200	  Magnt	     --	     --	     --	  3.096
[component_container-11] 
[component_container-11] 	 12.240	   Pose	 -1.269	 -1.852	  5.018	  3.011
[component_container-11] 	 12.240	  Twist	  0.272	  0.109	 -0.046	 -0.285
[component_container-11] 	 12.240	ErrPose	  0.281	  0.107	  0.010	  0.020
[component_container-11] 	 12.240	ErrTwis	 -1.020	 -0.562	  0.063	  0.005
[component_container-11] 	 12.240	    GPS	 -1.196	 -1.803	  5.033	     --
[component_container-11] 	 12.240	   Baro	     --	     --	  5.574	     --
[component_container-11] 	 12.240	  BBias	     --	     --	  0.588	     --
[component_container-11] 	 12.240	  Sonar	     --	     --	    inf	     --
[component_container-11] 	 12.240	  Magnt	     --	     --	     --	  3.048
[component_container-11] 
[component_container-11] 	 12.270	   Pose	 -1.261	 -1.849	  5.025	  3.002
[component_container-11] 	 12.270	  Twist	  0.269	  0.108	 -0.039	 -0.297
[component_container-11] 	 12.270	ErrPose	  0.289	  0.111	  0.003	  0.023
[component_container-11] 	 12.270	ErrTwis	 -1.023	 -0.566	  0.055	  0.017
[component_container-11] 	 12.270	    GPS	 -1.196	 -1.803	  5.033	     --
[component_container-11] 	 12.270	   Baro	     --	     --	  5.706	     --
[component_container-11] 	 12.270	  BBias	     --	     --	  0.588	     --
[component_container-11] 	 12.270	  Sonar	     --	     --	    inf	     --
[component_container-11] 	 12.270	  Magnt	     --	     --	     --	  3.012
[component_container-11] 
[component_container-11] 	 12.300	   Pose	 -1.253	 -1.846	  5.023	  2.994
[component_container-11] 	 12.300	  Twist	  0.267	  0.107	 -0.041	 -0.288
[component_container-11] 	 12.300	ErrPose	  0.314	  0.123	  0.003	  0.020
[component_container-11] 	 12.300	ErrTwis	 -1.031	 -0.574	  0.055	  0.009
[component_container-11] 	 12.300	    GPS	 -1.196	 -1.803	  5.033	     --
[component_container-11] 	 12.300	   Baro	     --	     --	  5.706	     --
[component_container-11] 	 12.300	  BBias	     --	     --	  0.588	     --
[component_container-11] 	 12.300	  Sonar	     --	     --	    inf	     --
[component_container-11] 	 12.300	  Magnt	     --	     --	     --	  3.012
[component_container-11] 
[component_container-11] 	 12.340	   Pose	 -1.242	 -1.841	  5.017	  2.982
[component_container-11] 	 12.340	  Twist	  0.264	  0.106	 -0.048	 -0.285
[component_container-11] 	 12.340	ErrPose	  0.337	  0.133	  0.008	  0.020
[component_container-11] 	 12.340	ErrTwis	 -1.038	 -0.583	  0.060	  0.005
[component_container-11] 	 12.340	    GPS	 -1.196	 -1.803	  5.033	     --
[component_container-11] 	 12.340	   Baro	     --	     --	  5.552	     --
[component_container-11] 	 12.340	  BBias	     --	     --	  0.588	     --
[component_container-11] 	 12.340	  Sonar	     --	     --	    inf	     --
[component_container-11] 	 12.340	  Magnt	     --	     --	     --	  3.006
[component_container-11] 
[component_container-11] 	 12.370	   Pose	 -1.234	 -1.838	  5.027	  2.975
[component_container-11] 	 12.370	  Twist	  0.261	  0.106	 -0.038	 -0.282
[component_container-11] 	 12.370	ErrPose	  0.346	  0.138	 -0.003	  0.022
[component_container-11] 	 12.370	ErrTwis	 -1.040	 -0.587	  0.048	  0.002
[component_container-11] 	 12.370	    GPS	 -1.196	 -1.803	  5.033	     --
[component_container-11] 	 12.370	   Baro	     --	     --	  5.743	     --
[component_container-11] 	 12.370	  BBias	     --	     --	  0.588	     --
[component_container-11] 	 12.370	  Sonar	     --	     --	    inf	     --
[component_container-11] 	 12.370	  Magnt	     --	     --	     --	  3.021
[component_container-11] 
[component_container-11] 	 12.400	   Pose	 -1.226	 -1.835	  5.026	  2.966
[component_container-11] 	 12.400	  Twist	  0.257	  0.105	 -0.039	 -0.272
[component_container-11] 	 12.400	ErrPose	  0.372	  0.149	 -0.003	  0.020
[component_container-11] 	 12.400	ErrTwis	 -1.045	 -0.594	  0.048	 -0.008
[component_container-11] 	 12.400	    GPS	 -1.196	 -1.803	  5.033	     --
[component_container-11] 	 12.400	   Baro	     --	     --	  5.743	     --
[component_container-11] 	 12.400	  BBias	     --	     --	  0.588	     --
[component_container-11] 	 12.400	  Sonar	     --	     --	    inf	     --
[component_container-11] 	 12.400	  Magnt	     --	     --	     --	  3.021
[component_container-11] 
[component_container-11] 	 12.440	   Pose	 -1.216	 -1.831	  5.026	  2.954
[component_container-11] 	 12.440	  Twist	  0.254	  0.104	 -0.038	 -0.293
[component_container-11] 	 12.440	ErrPose	  0.397	  0.160	 -0.004	  0.020
[component_container-11] 	 12.440	ErrTwis	 -1.050	 -0.602	  0.047	  0.014
[component_container-11] 	 12.440	    GPS	 -1.196	 -1.803	  5.033	     --
[component_container-11] 	 12.440	   Baro	     --	     --	  5.633	     --
[component_container-11] 	 12.440	  BBias	     --	     --	  0.588	     --
[component_container-11] 	 12.440	  Sonar	     --	     --	    inf	     --
[component_container-11] 	 12.440	  Magnt	     --	     --	     --	  2.965
[component_container-11] 
[component_container-11] 	 12.470	   Pose	 -1.208	 -1.828	  5.024	  2.946
[component_container-11] 	 12.470	  Twist	  0.252	  0.103	 -0.041	 -0.278
[component_container-11] 	 12.470	ErrPose	  0.407	  0.164	 -0.002	  0.023
[component_container-11] 	 12.470	ErrTwis	 -1.052	 -0.605	  0.049	 -0.002
[component_container-11] 	 12.470	    GPS	 -1.196	 -1.803	  5.033	     --
[component_container-11] 	 12.470	   Baro	     --	     --	  5.598	     --
[component_container-11] 	 12.470	  BBias	     --	     --	  0.588	     --
[component_container-11] 	 12.470	  Sonar	     --	     --	    inf	     --
[component_container-11] 	 12.470	  Magnt	     --	     --	     --	  2.943
[component_container-11] 
[component_container-11] 	 12.500	   Pose	 -1.201	 -1.824	  5.022	  2.937
[component_container-11] 	 12.500	  Twist	  0.250	  0.103	 -0.042	 -0.289
[component_container-11] 	 12.500	ErrPose	  0.435	  0.175	 -0.002	  0.020
[component_container-11] 	 12.500	ErrTwis	 -1.057	 -0.612	  0.049	  0.009
[component_container-11] 	 12.500	    GPS	 -1.196	 -1.803	  5.033	     --
[component_container-11] 	 12.500	   Baro	     --	     --	  5.598	     --
[component_container-11] 	 12.500	  BBias	     --	     --	  0.588	     --
[component_container-11] 	 12.500	  Sonar	     --	     --	    inf	     --
[component_container-11] 	 12.500	  Magnt	     --	     --	     --	  2.943
[component_container-11] 
[component_container-11] [INFO] [1775369577.018973322] [drone.estimator]: TMP LOG gps innov_xy=(0.406, 0.236) est_xy=(-1.198, -1.823) gps_xy=(-0.792, -1.587) corr_xy=(-0.792, -1.587) vel_xy=(0.249, 0.103)
[component_container-11] [INFO] [1775369577.019232127] [drone.estimator]: TMP LOG gps vel pseudo raw=(0.806, 0.431) filt=(0.784, 0.435) innov_v=(0.472, 0.295) apply=(1,1)
[component_container-11] 	 12.540	   Pose	 -0.984	 -1.697	  5.021	  2.926
[component_container-11] 	 12.540	  Twist	  0.411	  0.202	 -0.044	 -0.285
[component_container-11] 	 12.540	ErrPose	  0.254	  0.062	 -0.002	  0.021
[component_container-11] 	 12.540	ErrTwis	 -1.225	 -0.720	  0.048	  0.005
[component_container-11] 	 12.540	    GPS	 -0.792	 -1.587	  5.020	     --
[component_container-11] 	 12.540	   Baro	     --	     --	  5.622	     --
[component_container-11] 	 12.540	  BBias	     --	     --	  0.588	     --
[component_container-11] 	 12.540	  Sonar	     --	     --	    inf	     --
[component_container-11] 	 12.540	  Magnt	     --	     --	     --	  2.931
[component_container-11] 
[component_container-11] 	 12.570	   Pose	 -0.972	 -1.691	  5.022	  2.917
[component_container-11] 	 12.570	  Twist	  0.408	  0.202	 -0.043	 -0.304
[component_container-11] 	 12.570	ErrPose	  0.260	  0.063	 -0.003	  0.024
[component_container-11] 	 12.570	ErrTwis	 -1.225	 -0.723	  0.047	  0.024
[component_container-11] 	 12.570	    GPS	 -0.792	 -1.587	  5.020	     --
[component_container-11] 	 12.570	   Baro	     --	     --	  5.631	     --
[component_container-11] 	 12.570	  BBias	     --	     --	  0.588	     --
[component_container-11] 	 12.570	  Sonar	     --	     --	    inf	     --
[component_container-11] 	 12.570	  Magnt	     --	     --	     --	  2.933
[component_container-11] 
[component_container-11] 	 12.600	   Pose	 -0.960	 -1.685	  5.020	  2.909
[component_container-11] 	 12.600	  Twist	  0.406	  0.201	 -0.044	 -0.276
[component_container-11] 	 12.600	ErrPose	  0.285	  0.071	 -0.003	  0.021
[component_container-11] 	 12.600	ErrTwis	 -1.228	 -0.731	  0.048	 -0.003
[component_container-11] 	 12.600	    GPS	 -0.792	 -1.587	  5.020	     --
[component_container-11] 	 12.600	   Baro	     --	     --	  5.631	     --
[component_container-11] 	 12.600	  BBias	     --	     --	  0.588	     --
[component_container-11] 	 12.600	  Sonar	     --	     --	    inf	     --
[component_container-11] 	 12.600	  Magnt	     --	     --	     --	  2.933
[component_container-11] 
[component_container-11] 	 12.640	   Pose	 -0.944	 -1.677	  5.016	  2.898
[component_container-11] 	 12.640	  Twist	  0.402	  0.201	 -0.048	 -0.281
[component_container-11] 	 12.640	ErrPose	  0.306	  0.077	  0.000	  0.021
[component_container-11] 	 12.640	ErrTwis	 -1.230	 -0.739	  0.051	  0.001
[component_container-11] 	 12.640	    GPS	 -0.792	 -1.587	  5.020	     --
[component_container-11] 	 12.640	   Baro	     --	     --	  5.573	     --
[component_container-11] 	 12.640	  BBias	     --	     --	  0.588	     --
[component_container-11] 	 12.640	  Sonar	     --	     --	    inf	     --
[component_container-11] 	 12.640	  Magnt	     --	     --	     --	  2.924
[component_container-11] 
[component_container-11] 	 12.670	   Pose	 -0.931	 -1.671	  5.022	  2.890
[component_container-11] 	 12.670	  Twist	  0.399	  0.202	 -0.041	 -0.292
[component_container-11] 	 12.670	ErrPose	  0.312	  0.078	 -0.007	  0.023
[component_container-11] 	 12.670	ErrTwis	 -1.229	 -0.743	  0.043	  0.013
[component_container-11] 	 12.670	    GPS	 -0.792	 -1.587	  5.020	     --
[component_container-11] 	 12.670	   Baro	     --	     --	  5.697	     --
[component_container-11] 	 12.670	  BBias	     --	     --	  0.588	     --
[component_container-11] 	 12.670	  Sonar	     --	     --	    inf	     --
[component_container-11] 	 12.670	  Magnt	     --	     --	     --	  2.928
[component_container-11] 
[component_container-11] 	 12.700	   Pose	 -0.920	 -1.665	  5.020	  2.881
[component_container-11] 	 12.700	  Twist	  0.397	  0.201	 -0.042	 -0.278
[component_container-11] 	 12.700	ErrPose	  0.338	  0.086	 -0.007	  0.021
[component_container-11] 	 12.700	ErrTwis	 -1.231	 -0.751	  0.043	 -0.002
[component_container-11] 	 12.700	    GPS	 -0.792	 -1.587	  5.020	     --
[component_container-11] 	 12.700	   Baro	     --	     --	  5.697	     --
[component_container-11] 	 12.700	  BBias	     --	     --	  0.588	     --
[component_container-11] 	 12.700	  Sonar	     --	     --	    inf	     --
[component_container-11] 	 12.700	  Magnt	     --	     --	     --	  2.928
[component_container-11] 
[component_container-11] 	 12.740	   Pose	 -0.904	 -1.656	  5.018	  2.870
[component_container-11] 	 12.740	  Twist	  0.394	  0.200	 -0.044	 -0.287
[component_container-11] 	 12.740	ErrPose	  0.360	  0.091	 -0.006	  0.020
[component_container-11] 	 12.740	ErrTwis	 -1.231	 -0.757	  0.044	  0.007
[component_container-11] 	 12.740	    GPS	 -0.792	 -1.587	  5.020	     --
[component_container-11] 	 12.740	   Baro	     --	     --	  5.600	     --
[component_container-11] 	 12.740	  BBias	     --	     --	  0.588	     --
[component_container-11] 	 12.740	  Sonar	     --	     --	    inf	     --
[component_container-11] 	 12.740	  Magnt	     --	     --	     --	  2.906
[component_container-11] 
[component_container-11] 	 12.770	   Pose	 -0.892	 -1.650	  5.025	  2.862
[component_container-11] 	 12.770	  Twist	  0.392	  0.200	 -0.035	 -0.290
[component_container-11] 	 12.770	ErrPose	  0.368	  0.092	 -0.013	  0.023
[component_container-11] 	 12.770	ErrTwis	 -1.231	 -0.760	  0.036	  0.011
[component_container-11] 	 12.770	    GPS	 -0.792	 -1.587	  5.020	     --
[component_container-11] 	 12.770	   Baro	     --	     --	  5.706	     --
[component_container-11] 	 12.770	  BBias	     --	     --	  0.589	     --
[component_container-11] 	 12.770	  Sonar	     --	     --	    inf	     --
[component_container-11] 	 12.770	  Magnt	     --	     --	     --	  2.897
[component_container-11] 
[component_container-11] 	 12.800	   Pose	 -0.880	 -1.644	  5.024	  2.854
[component_container-11] 	 12.800	  Twist	  0.390	  0.199	 -0.036	 -0.284
[component_container-11] 	 12.800	ErrPose	  0.394	  0.099	 -0.013	  0.020
[component_container-11] 	 12.800	ErrTwis	 -1.231	 -0.767	  0.035	  0.004
[component_container-11] 	 12.800	    GPS	 -0.792	 -1.587	  5.020	     --
[component_container-11] 	 12.800	   Baro	     --	     --	  5.706	     --
[component_container-11] 	 12.800	  BBias	     --	     --	  0.589	     --
[component_container-11] 	 12.800	  Sonar	     --	     --	    inf	     --
[component_container-11] 	 12.800	  Magnt	     --	     --	     --	  2.897
[component_container-11] 
[component_container-11] 	 12.840	   Pose	 -0.865	 -1.637	  5.024	  2.842
[component_container-11] 	 12.840	  Twist	  0.385	  0.199	 -0.035	 -0.291
[component_container-11] 	 12.840	ErrPose	  0.418	  0.105	 -0.014	  0.021
[component_container-11] 	 12.840	ErrTwis	 -1.228	 -0.774	  0.033	  0.011
[component_container-11] 	 12.840	    GPS	 -0.792	 -1.587	  5.020	     --
[component_container-11] 	 12.840	   Baro	     --	     --	  5.626	     --
[component_container-11] 	 12.840	  BBias	     --	     --	  0.589	     --
[component_container-11] 	 12.840	  Sonar	     --	     --	    inf	     --
[component_container-11] 	 12.840	  Magnt	     --	     --	     --	  2.815
[component_container-11] 
[component_container-11] 	 12.870	   Pose	 -0.853	 -1.631	  5.025	  2.834
[component_container-11] 	 12.870	  Twist	  0.382	  0.199	 -0.034	 -0.293
[component_container-11] 	 12.870	ErrPose	  0.426	  0.105	 -0.016	  0.023
[component_container-11] 	 12.870	ErrTwis	 -1.226	 -0.777	  0.032	  0.013
[component_container-11] 	 12.870	    GPS	 -0.792	 -1.587	  5.020	     --
[component_container-11] 	 12.870	   Baro	     --	     --	  5.640	     --
[component_container-11] 	 12.870	  BBias	     --	     --	  0.589	     --
[component_container-11] 	 12.870	  Sonar	     --	     --	    inf	     --
[component_container-11] 	 12.870	  Magnt	     --	     --	     --	  2.888
[component_container-11] 
[component_container-11] 	 12.900	   Pose	 -0.842	 -1.625	  5.024	  2.826
[component_container-11] 	 12.900	  Twist	  0.380	  0.197	 -0.035	 -0.278
[component_container-11] 	 12.900	ErrPose	  0.453	  0.112	 -0.016	  0.020
[component_container-11] 	 12.900	ErrTwis	 -1.225	 -0.783	  0.034	 -0.002
[component_container-11] 	 12.900	    GPS	 -0.792	 -1.587	  5.020	     --
[component_container-11] 	 12.900	   Baro	     --	     --	  5.640	     --
[component_container-11] 	 12.900	  BBias	     --	     --	  0.589	     --
[component_container-11] 	 12.900	  Sonar	     --	     --	    inf	     --
[component_container-11] 	 12.900	  Magnt	     --	     --	     --	  2.888
[component_container-11] 
[component_container-11] 	 12.940	   Pose	 -0.827	 -1.617	  5.012	  2.814
[component_container-11] 	 12.940	  Twist	  0.377	  0.196	 -0.047	 -0.284
[component_container-11] 	 12.940	ErrPose	  0.478	  0.117	 -0.005	  0.021
[component_container-11] 	 12.940	ErrTwis	 -1.222	 -0.788	  0.045	  0.004
[component_container-11] 	 12.940	    GPS	 -0.792	 -1.587	  5.020	     --
[component_container-11] 	 12.940	   Baro	     --	     --	  5.491	     --
[component_container-11] 	 12.940	  BBias	     --	     --	  0.588	     --
[component_container-11] 	 12.940	  Sonar	     --	     --	    inf	     --
[component_container-11] 	 12.940	  Magnt	     --	     --	     --	  2.810
[component_container-11] 
[component_container-11] 	 12.970	   Pose	 -0.815	 -1.611	  5.023	  2.806
[component_container-11] 	 12.970	  Twist	  0.373	  0.195	 -0.035	 -0.301
[component_container-11] 	 12.970	ErrPose	  0.486	  0.117	 -0.017	  0.023
[component_container-11] 	 12.970	ErrTwis	 -1.218	 -0.791	  0.032	  0.022
[component_container-11] 	 12.970	    GPS	 -0.792	 -1.587	  5.020	     --
[component_container-11] 	 12.970	   Baro	     --	     --	  5.740	     --
[component_container-11] 	 12.970	  BBias	     --	     --	  0.589	     --
[component_container-11] 	 12.970	  Sonar	     --	     --	    inf	     --
[component_container-11] 	 12.970	  Magnt	     --	     --	     --	  2.850
[component_container-11] 
[component_container-11] [INFO] [1775369577.519131714] [drone.controller]: cmd_vel body=(-0.768, -0.641, -0.008) yaw=-0.300 | odom_received=true | plan_points=28
[component_container-11] 	 13.000	   Pose	 -0.804	 -1.605	  5.022	  2.798
[component_container-11] 	 13.000	  Twist	  0.370	  0.194	 -0.036	 -0.298
[component_container-11] 	 13.000	ErrPose	  0.515	  0.124	 -0.017	  0.020
[component_container-11] 	 13.000	ErrTwis	 -1.214	 -0.797	  0.033	  0.019
[component_container-11] 	 13.000	    GPS	 -0.792	 -1.587	  5.020	     --
[component_container-11] 	 13.000	   Baro	     --	     --	  5.740	     --
[component_container-11] 	 13.000	  BBias	     --	     --	  0.589	     --
[component_container-11] 	 13.000	  Sonar	     --	     --	    inf	     --
[component_container-11] 	 13.000	  Magnt	     --	     --	     --	  2.850
[component_container-11] 
[component_container-11] [INFO] [1775369577.519535938] [drone.estimator]: TMP LOG err_xyz=(0.515, 0.124, -0.017) | z_est=5.022 vz_est=-0.036 bias=0.589 | gps_z=5.020 sonar=inf baro=5.740
[component_container-11] 	 13.040	   Pose	 -0.540	 -1.544	  5.016	  2.787
[component_container-11] 	 13.040	  Twist	  0.561	  0.225	 -0.041	 -0.294
[component_container-11] 	 13.040	ErrPose	  0.290	  0.075	 -0.012	  0.020
[component_container-11] 	 13.040	ErrTwis	 -1.404	 -0.836	  0.038	  0.015
[component_container-11] 	 13.040	    GPS	 -0.291	 -1.463	  5.005	     --
[component_container-11] 	 13.040	   Baro	     --	     --	  5.591	     --
[component_container-11] 	 13.040	  BBias	     --	     --	  0.589	     --
[component_container-11] 	 13.040	  Sonar	     --	     --	    inf	     --
[component_container-11] 	 13.040	  Magnt	     --	     --	     --	  2.823
[component_container-11] 
[component_container-11] 	 13.070	   Pose	 -0.523	 -1.537	  5.004	  2.779
[component_container-11] 	 13.070	  Twist	  0.558	  0.225	 -0.052	 -0.282
[component_container-11] 	 13.070	ErrPose	  0.293	  0.074	 -0.001	  0.022
[component_container-11] 	 13.070	ErrTwis	 -1.400	 -0.838	  0.050	  0.003
[component_container-11] 	 13.070	    GPS	 -0.291	 -1.463	  5.005	     --
[component_container-11] 	 13.070	   Baro	     --	     --	  5.462	     --
[component_container-11] 	 13.070	  BBias	     --	     --	  0.589	     --
[component_container-11] 	 13.070	  Sonar	     --	     --	    inf	     --
[component_container-11] 	 13.070	  Magnt	     --	     --	     --	  2.830
[component_container-11] 
[component_container-11] 	 13.100	   Pose	 -0.506	 -1.530	  5.002	  2.770
[component_container-11] 	 13.100	  Twist	  0.555	  0.224	 -0.053	 -0.286
[component_container-11] 	 13.100	ErrPose	  0.316	  0.080	  0.000	  0.019
[component_container-11] 	 13.100	ErrTwis	 -1.395	 -0.845	  0.049	  0.007
[component_container-11] 	 13.100	    GPS	 -0.291	 -1.463	  5.005	     --
[component_container-11] 	 13.100	   Baro	     --	     --	  5.462	     --
[component_container-11] 	 13.100	  BBias	     --	     --	  0.589	     --
[component_container-11] 	 13.100	  Sonar	     --	     --	    inf	     --
[component_container-11] 	 13.100	  Magnt	     --	     --	     --	  2.830
[component_container-11] 
[component_container-11] 	 13.140	   Pose	 -0.484	 -1.521	  5.006	  2.760
[component_container-11] 	 13.140	  Twist	  0.551	  0.222	 -0.048	 -0.296
[component_container-11] 	 13.140	ErrPose	  0.334	  0.083	 -0.004	  0.019
[component_container-11] 	 13.140	ErrTwis	 -1.388	 -0.851	  0.044	  0.017
[component_container-11] 	 13.140	    GPS	 -0.291	 -1.463	  5.005	     --
[component_container-11] 	 13.140	   Baro	     --	     --	  5.662	     --
[component_container-11] 	 13.140	  BBias	     --	     --	  0.589	     --
[component_container-11] 	 13.140	  Sonar	     --	     --	    inf	     --
[component_container-11] 	 13.140	  Magnt	     --	     --	     --	  2.806
[component_container-11] 
[component_container-11] 	 13.170	   Pose	 -0.468	 -1.515	  4.999	  2.752
[component_container-11] 	 13.170	  Twist	  0.548	  0.222	 -0.054	 -0.292
[component_container-11] 	 13.170	ErrPose	  0.338	  0.082	  0.002	  0.021
[component_container-11] 	 13.170	ErrTwis	 -1.383	 -0.854	  0.051	  0.013
[component_container-11] 	 13.170	    GPS	 -0.291	 -1.463	  5.005	     --
[component_container-11] 	 13.170	   Baro	     --	     --	  5.523	     --
[component_container-11] 	 13.170	  BBias	     --	     --	  0.589	     --
[component_container-11] 	 13.170	  Sonar	     --	     --	    inf	     --
[component_container-11] 	 13.170	  Magnt	     --	     --	     --	  2.782
[component_container-11] 
[component_container-11] 	 13.200	   Pose	 -0.451	 -1.508	  4.997	  2.744
[component_container-11] 	 13.200	  Twist	  0.545	  0.221	 -0.054	 -0.273
[component_container-11] 	 13.200	ErrPose	  0.362	  0.087	  0.003	  0.019
[component_container-11] 	 13.200	ErrTwis	 -1.377	 -0.860	  0.052	 -0.006
[component_container-11] 	 13.200	    GPS	 -0.291	 -1.463	  5.005	     --
[component_container-11] 	 13.200	   Baro	     --	     --	  5.523	     --
[component_container-11] 	 13.200	  BBias	     --	     --	  0.589	     --
[component_container-11] 	 13.200	  Sonar	     --	     --	    inf	     --
[component_container-11] 	 13.200	  Magnt	     --	     --	     --	  2.782
[component_container-11] 
[component_container-11] 	 13.240	   Pose	 -0.429	 -1.499	  4.988	  2.731
[component_container-11] 	 13.240	  Twist	  0.541	  0.220	 -0.062	 -0.295
[component_container-11] 	 13.240	ErrPose	  0.381	  0.090	  0.012	  0.019
[component_container-11] 	 13.240	ErrTwis	 -1.369	 -0.866	  0.060	  0.016
[component_container-11] 	 13.240	    GPS	 -0.291	 -1.463	  5.005	     --
[component_container-11] 	 13.240	   Baro	     --	     --	  5.497	     --
[component_container-11] 	 13.240	  BBias	     --	     --	  0.588	     --
[component_container-11] 	 13.240	  Sonar	     --	     --	    inf	     --
[component_container-11] 	 13.240	  Magnt	     --	     --	     --	  2.712
[component_container-11] 
[component_container-11] 	 13.270	   Pose	 -0.413	 -1.493	  4.983	  2.724
[component_container-11] 	 13.270	  Twist	  0.538	  0.219	 -0.065	 -0.292
[component_container-11] 	 13.270	ErrPose	  0.385	  0.090	  0.016	  0.021
[component_container-11] 	 13.270	ErrTwis	 -1.363	 -0.869	  0.063	  0.012
[component_container-11] 	 13.270	    GPS	 -0.291	 -1.463	  5.005	     --
[component_container-11] 	 13.270	   Baro	     --	     --	  5.541	     --
[component_container-11] 	 13.270	  BBias	     --	     --	  0.588	     --
[component_container-11] 	 13.270	  Sonar	     --	     --	    inf	     --
[component_container-11] 	 13.270	  Magnt	     --	     --	     --	  2.797
[component_container-11] 
[component_container-11] 	 13.300	   Pose	 -0.397	 -1.486	  4.981	  2.715
[component_container-11] 	 13.300	  Twist	  0.535	  0.219	 -0.065	 -0.309
[component_container-11] 	 13.300	ErrPose	  0.409	  0.095	  0.018	  0.019
[component_container-11] 	 13.300	ErrTwis	 -1.354	 -0.876	  0.064	  0.029
[component_container-11] 	 13.300	    GPS	 -0.291	 -1.463	  5.005	     --
[component_container-11] 	 13.300	   Baro	     --	     --	  5.541	     --
[component_container-11] 	 13.300	  BBias	     --	     --	  0.588	     --
[component_container-11] 	 13.300	  Sonar	     --	     --	    inf	     --
[component_container-11] 	 13.300	  Magnt	     --	     --	     --	  2.797
[component_container-11] 
[component_container-11] 	 13.340	   Pose	 -0.376	 -1.477	  4.981	  2.705
[component_container-11] 	 13.340	  Twist	  0.531	  0.218	 -0.062	 -0.293
[component_container-11] 	 13.340	ErrPose	  0.428	  0.097	  0.017	  0.018
[component_container-11] 	 13.340	ErrTwis	 -1.345	 -0.883	  0.062	  0.013
[component_container-11] 	 13.340	    GPS	 -0.291	 -1.463	  5.005	     --
[component_container-11] 	 13.340	   Baro	     --	     --	  5.597	     --
[component_container-11] 	 13.340	  BBias	     --	     --	  0.588	     --
[component_container-11] 	 13.340	  Sonar	     --	     --	    inf	     --
[component_container-11] 	 13.340	  Magnt	     --	     --	     --	  2.775
[component_container-11] 
[component_container-11] 	 13.370	   Pose	 -0.360	 -1.471	  4.976	  2.697
[component_container-11] 	 13.370	  Twist	  0.528	  0.216	 -0.063	 -0.279
[component_container-11] 	 13.370	ErrPose	  0.432	  0.097	  0.022	  0.020
[component_container-11] 	 13.370	ErrTwis	 -1.339	 -0.885	  0.063	 -0.000
[component_container-11] 	 13.370	    GPS	 -0.291	 -1.463	  5.005	     --
[component_container-11] 	 13.370	   Baro	     --	     --	  5.534	     --
[component_container-11] 	 13.370	  BBias	     --	     --	  0.588	     --
[component_container-11] 	 13.370	  Sonar	     --	     --	    inf	     --
[component_container-11] 	 13.370	  Magnt	     --	     --	     --	  2.740
[component_container-11] 
[component_container-11] 	 13.400	   Pose	 -0.344	 -1.464	  4.974	  2.688
[component_container-11] 	 13.400	  Twist	  0.525	  0.215	 -0.063	 -0.281
[component_container-11] 	 13.400	ErrPose	  0.457	  0.101	  0.023	  0.018
[component_container-11] 	 13.400	ErrTwis	 -1.329	 -0.891	  0.063	  0.002
[component_container-11] 	 13.400	    GPS	 -0.291	 -1.463	  5.005	     --
[component_container-11] 	 13.400	   Baro	     --	     --	  5.534	     --
[component_container-11] 	 13.400	  BBias	     --	     --	  0.588	     --
[component_container-11] 	 13.400	  Sonar	     --	     --	    inf	     --
[component_container-11] 	 13.400	  Magnt	     --	     --	     --	  2.740
[component_container-11] 
[component_container-11] 	 13.440	   Pose	 -0.323	 -1.456	  4.980	  2.677
[component_container-11] 	 13.440	  Twist	  0.521	  0.214	 -0.054	 -0.285
[component_container-11] 	 13.440	ErrPose	  0.476	  0.104	  0.016	  0.018
[component_container-11] 	 13.440	ErrTwis	 -1.318	 -0.896	  0.055	  0.005
[component_container-11] 	 13.440	    GPS	 -0.291	 -1.463	  5.005	     --
[component_container-11] 	 13.440	   Baro	     --	     --	  5.661	     --
[component_container-11] 	 13.440	  BBias	     --	     --	  0.588	     --
[component_container-11] 	 13.440	  Sonar	     --	     --	    inf	     --
[component_container-11] 	 13.440	  Magnt	     --	     --	     --	  2.703
[component_container-11] 
[component_container-11] 	 13.470	   Pose	 -0.308	 -1.449	  4.976	  2.669
[component_container-11] 	 13.470	  Twist	  0.518	  0.213	 -0.057	 -0.292
[component_container-11] 	 13.470	ErrPose	  0.481	  0.103	  0.021	  0.021
[component_container-11] 	 13.470	ErrTwis	 -1.311	 -0.898	  0.059	  0.012
[component_container-11] 	 13.470	    GPS	 -0.291	 -1.463	  5.005	     --
[component_container-11] 	 13.470	   Baro	     --	     --	  5.536	     --
[component_container-11] 	 13.470	  BBias	     --	     --	  0.588	     --
[component_container-11] 	 13.470	  Sonar	     --	     --	    inf	     --
[component_container-11] 	 13.470	  Magnt	     --	     --	     --	  2.666
[component_container-11] 
[component_container-11] 	 13.500	   Pose	 -0.292	 -1.443	  4.974	  2.660
[component_container-11] 	 13.500	  Twist	  0.515	  0.213	 -0.057	 -0.277
[component_container-11] 	 13.500	ErrPose	  0.506	  0.108	  0.022	  0.018
[component_container-11] 	 13.500	ErrTwis	 -1.301	 -0.903	  0.060	 -0.003
[component_container-11] 	 13.500	    GPS	 -0.291	 -1.463	  5.005	     --
[component_container-11] 	 13.500	   Baro	     --	     --	  5.536	     --
[component_container-11] 	 13.500	  BBias	     --	     --	  0.588	     --
[component_container-11] 	 13.500	  Sonar	     --	     --	    inf	     --
[component_container-11] 	 13.500	  Magnt	     --	     --	     --	  2.666
[component_container-11] 
[component_container-11] [INFO] [1775369578.024802097] [drone.estimator]: TMP LOG gps innov_xy=(0.206, 0.146) est_xy=(-0.287, -1.441) gps_xy=(-0.081, -1.295) corr_xy=(-0.081, -1.295) vel_xy=(0.514, 0.213)
[component_container-11] [INFO] [1775369578.024961218] [drone.estimator]: TMP LOG gps vel pseudo raw=(0.421, 0.336) filt=(0.477, 0.329) innov_v=(-0.070, 0.094) apply=(1,1)
[component_container-11] 	 13.540	   Pose	 -0.216	 -1.372	  4.970	  2.649
[component_container-11] 	 13.540	  Twist	  0.528	  0.255	 -0.060	 -0.286
[component_container-11] 	 13.540	ErrPose	  0.470	  0.048	  0.026	  0.018
[component_container-11] 	 13.540	ErrTwis	 -1.306	 -0.951	  0.063	  0.006
[component_container-11] 	 13.540	    GPS	 -0.081	 -1.295	  4.997	     --
[component_container-11] 	 13.540	   Baro	     --	     --	  5.490	     --
[component_container-11] 	 13.540	  BBias	     --	     --	  0.588	     --
[component_container-11] 	 13.540	  Sonar	     --	     --	    inf	     --
[component_container-11] 	 13.540	  Magnt	     --	     --	     --	  2.669
[component_container-11] 
[component_container-11] 	 13.570	   Pose	 -0.200	 -1.364	  4.967	  2.642
[component_container-11] 	 13.570	  Twist	  0.525	  0.254	 -0.062	 -0.279
[component_container-11] 	 13.570	ErrPose	  0.474	  0.046	  0.030	  0.020
[component_container-11] 	 13.570	ErrTwis	 -1.299	 -0.953	  0.066	 -0.001
[component_container-11] 	 13.570	    GPS	 -0.081	 -1.295	  4.997	     --
[component_container-11] 	 13.570	   Baro	     --	     --	  5.538	     --
[component_container-11] 	 13.570	  BBias	     --	     --	  0.588	     --
[component_container-11] 	 13.570	  Sonar	     --	     --	    inf	     --
[component_container-11] 	 13.570	  Magnt	     --	     --	     --	  2.696
[component_container-11] 
[component_container-11] 	 13.600	   Pose	 -0.185	 -1.357	  4.965	  2.633
[component_container-11] 	 13.600	  Twist	  0.522	  0.254	 -0.062	 -0.307
[component_container-11] 	 13.600	ErrPose	  0.499	  0.049	  0.031	  0.017
[component_container-11] 	 13.600	ErrTwis	 -1.287	 -0.959	  0.068	  0.028
[component_container-11] 	 13.600	    GPS	 -0.081	 -1.295	  4.997	     --
[component_container-11] 	 13.600	   Baro	     --	     --	  5.538	     --
[component_container-11] 	 13.600	  BBias	     --	     --	  0.588	     --
[component_container-11] 	 13.600	  Sonar	     --	     --	    inf	     --
[component_container-11] 	 13.600	  Magnt	     --	     --	     --	  2.696
[component_container-11] 
[component_container-11] 	 13.640	   Pose	 -0.164	 -1.347	  4.986	  2.623
[component_container-11] 	 13.640	  Twist	  0.519	  0.253	 -0.037	 -0.266
[component_container-11] 	 13.640	ErrPose	  0.518	  0.050	  0.011	  0.016
[component_container-11] 	 13.640	ErrTwis	 -1.275	 -0.963	  0.044	 -0.013
[component_container-11] 	 13.640	    GPS	 -0.081	 -1.295	  4.997	     --
[component_container-11] 	 13.640	   Baro	     --	     --	  5.839	     --
[component_container-11] 	 13.640	  BBias	     --	     --	  0.588	     --
[component_container-11] 	 13.640	  Sonar	     --	     --	    inf	     --
[component_container-11] 	 13.640	  Magnt	     --	     --	     --	  2.664
[component_container-11] 
[component_container-11] 	 13.670	   Pose	 -0.148	 -1.339	  4.981	  2.615
[component_container-11] 	 13.670	  Twist	  0.516	  0.253	 -0.041	 -0.293
[component_container-11] 	 13.670	ErrPose	  0.522	  0.048	  0.015	  0.019
[component_container-11] 	 13.670	ErrTwis	 -1.267	 -0.965	  0.048	  0.014
[component_container-11] 	 13.670	    GPS	 -0.081	 -1.295	  4.997	     --
[component_container-11] 	 13.670	   Baro	     --	     --	  5.531	     --
[component_container-11] 	 13.670	  BBias	     --	     --	  0.588	     --
[component_container-11] 	 13.670	  Sonar	     --	     --	    inf	     --
[component_container-11] 	 13.670	  Magnt	     --	     --	     --	  2.655
[component_container-11] 
[component_container-11] 	 13.700	   Pose	 -0.133	 -1.332	  4.980	  2.606
[component_container-11] 	 13.700	  Twist	  0.512	  0.251	 -0.040	 -0.290
[component_container-11] 	 13.700	ErrPose	  0.546	  0.051	  0.017	  0.016
[component_container-11] 	 13.700	ErrTwis	 -1.254	 -0.969	  0.048	  0.010
[component_container-11] 	 13.700	    GPS	 -0.081	 -1.295	  4.997	     --
[component_container-11] 	 13.700	   Baro	     --	     --	  5.531	     --
[component_container-11] 	 13.700	  BBias	     --	     --	  0.588	     --
[component_container-11] 	 13.700	  Sonar	     --	     --	    inf	     --
[component_container-11] 	 13.700	  Magnt	     --	     --	     --	  2.655
[component_container-11] 
[component_container-11] 	 13.740	   Pose	 -0.112	 -1.322	  4.971	  2.596
[component_container-11] 	 13.740	  Twist	  0.509	  0.250	 -0.048	 -0.284
[component_container-11] 	 13.740	ErrPose	  0.566	  0.051	  0.025	  0.015
[component_container-11] 	 13.740	ErrTwis	 -1.240	 -0.973	  0.057	  0.004
[component_container-11] 	 13.740	    GPS	 -0.081	 -1.295	  4.997	     --
[component_container-11] 	 13.740	   Baro	     --	     --	  5.487	     --
[component_container-11] 	 13.740	  BBias	     --	     --	  0.588	     --
[component_container-11] 	 13.740	  Sonar	     --	     --	    inf	     --
[component_container-11] 	 13.740	  Magnt	     --	     --	     --	  2.666
[component_container-11] 
[component_container-11] 	 13.770	   Pose	 -0.097	 -1.314	  4.962	  2.588
[component_container-11] 	 13.770	  Twist	  0.507	  0.249	 -0.057	 -0.296
[component_container-11] 	 13.770	ErrPose	  0.570	  0.049	  0.035	  0.018
[component_container-11] 	 13.770	ErrTwis	 -1.233	 -0.974	  0.067	  0.016
[component_container-11] 	 13.770	    GPS	 -0.081	 -1.295	  4.997	     --
[component_container-11] 	 13.770	   Baro	     --	     --	  5.458	     --
[component_container-11] 	 13.770	  BBias	     --	     --	  0.588	     --
[component_container-11] 	 13.770	  Sonar	     --	     --	    inf	     --
[component_container-11] 	 13.770	  Magnt	     --	     --	     --	  2.609
[component_container-11] 
[component_container-11] 	 13.800	   Pose	 -0.082	 -1.307	  4.960	  2.579
[component_container-11] 	 13.800	  Twist	  0.505	  0.248	 -0.058	 -0.284
[component_container-11] 	 13.800	ErrPose	  0.594	  0.052	  0.037	  0.015
[component_container-11] 	 13.800	ErrTwis	 -1.221	 -0.977	  0.067	  0.004
[component_container-11] 	 13.800	    GPS	 -0.081	 -1.295	  4.997	     --
[component_container-11] 	 13.800	   Baro	     --	     --	  5.458	     --
[component_container-11] 	 13.800	  BBias	     --	     --	  0.588	     --
[component_container-11] 	 13.800	  Sonar	     --	     --	    inf	     --
[component_container-11] 	 13.800	  Magnt	     --	     --	     --	  2.609
[component_container-11] 
[component_container-11] 	 13.840	   Pose	 -0.062	 -1.297	  4.955	  2.568
[component_container-11] 	 13.840	  Twist	  0.500	  0.247	 -0.060	 -0.288
[component_container-11] 	 13.840	ErrPose	  0.613	  0.053	  0.043	  0.015
[component_container-11] 	 13.840	ErrTwis	 -1.205	 -0.981	  0.069	  0.009
[component_container-11] 	 13.840	    GPS	 -0.081	 -1.295	  4.997	     --
[component_container-11] 	 13.840	   Baro	     --	     --	  5.519	     --
[component_container-11] 	 13.840	  BBias	     --	     --	  0.588	     --
[component_container-11] 	 13.840	  Sonar	     --	     --	    inf	     --
[component_container-11] 	 13.840	  Magnt	     --	     --	     --	  2.571
[component_container-11] 
[component_container-11] 	 13.870	   Pose	 -0.047	 -1.289	  4.954	  2.559
[component_container-11] 	 13.870	  Twist	  0.497	  0.246	 -0.059	 -0.269
[component_container-11] 	 13.870	ErrPose	  0.618	  0.050	  0.044	  0.018
[component_container-11] 	 13.870	ErrTwis	 -1.196	 -0.982	  0.069	 -0.011
[component_container-11] 	 13.870	    GPS	 -0.081	 -1.295	  4.997	     --
[component_container-11] 	 13.870	   Baro	     --	     --	  5.548	     --
[component_container-11] 	 13.870	  BBias	     --	     --	  0.588	     --
[component_container-11] 	 13.870	  Sonar	     --	     --	    inf	     --
[component_container-11] 	 13.870	  Magnt	     --	     --	     --	  2.569
[component_container-11] 
[component_container-11] 	 13.900	   Pose	 -0.032	 -1.282	  4.952	  2.550
[component_container-11] 	 13.900	  Twist	  0.495	  0.245	 -0.058	 -0.300
[component_container-11] 	 13.900	ErrPose	  0.642	  0.053	  0.046	  0.016
[component_container-11] 	 13.900	ErrTwis	 -1.183	 -0.984	  0.071	  0.020
[component_container-11] 	 13.900	    GPS	 -0.081	 -1.295	  4.997	     --
[component_container-11] 	 13.900	   Baro	     --	     --	  5.548	     --
[component_container-11] 	 13.900	  BBias	     --	     --	  0.588	     --
[component_container-11] 	 13.900	  Sonar	     --	     --	    inf	     --
[component_container-11] 	 13.900	  Magnt	     --	     --	     --	  2.569
[component_container-11] 
[component_container-11] 	 13.940	   Pose	 -0.012	 -1.272	  4.949	  2.539
[component_container-11] 	 13.940	  Twist	  0.492	  0.243	 -0.058	 -0.291
[component_container-11] 	 13.940	ErrPose	  0.661	  0.054	  0.050	  0.016
[component_container-11] 	 13.940	ErrTwis	 -1.169	 -0.987	  0.073	  0.012
[component_container-11] 	 13.940	    GPS	 -0.081	 -1.295	  4.997	     --
[component_container-11] 	 13.940	   Baro	     --	     --	  5.531	     --
[component_container-11] 	 13.940	  BBias	     --	     --	  0.588	     --
[component_container-11] 	 13.940	  Sonar	     --	     --	    inf	     --
[component_container-11] 	 13.940	  Magnt	     --	     --	     --	  2.567
[component_container-11] 
[component_container-11] 	 13.970	   Pose	  0.002	 -1.265	  4.933	  2.531
[component_container-11] 	 13.970	  Twist	  0.489	  0.242	 -0.072	 -0.293
[component_container-11] 	 13.970	ErrPose	  0.666	  0.052	  0.066	  0.019
[component_container-11] 	 13.970	ErrTwis	 -1.161	 -0.988	  0.088	  0.013
[component_container-11] 	 13.970	    GPS	 -0.081	 -1.295	  4.997	     --
[component_container-11] 	 13.970	   Baro	     --	     --	  5.379	     --
[component_container-11] 	 13.970	  BBias	     --	     --	  0.588	     --
[component_container-11] 	 13.970	  Sonar	     --	     --	    inf	     --
[component_container-11] 	 13.970	  Magnt	     --	     --	     --	  2.554
[component_container-11] 
[component_container-11] [INFO] [1775369578.521910521] [drone.controller]: cmd_vel body=(-0.614, -0.790, 0.045) yaw=-0.300 | odom_received=true | plan_points=21
[component_container-11] 	 14.000	   Pose	  0.017	 -1.258	  4.931	  2.522
[component_container-11] 	 14.000	  Twist	  0.485	  0.241	 -0.071	 -0.289
[component_container-11] 	 14.000	ErrPose	  0.690	  0.055	  0.069	  0.016
[component_container-11] 	 14.000	ErrTwis	 -1.145	 -0.991	  0.089	  0.010
[component_container-11] 	 14.000	    GPS	 -0.081	 -1.295	  4.997	     --
[component_container-11] 	 14.000	   Baro	     --	     --	  5.379	     --
[component_container-11] 	 14.000	  BBias	     --	     --	  0.588	     --
[component_container-11] 	 14.000	  Sonar	     --	     --	    inf	     --
[component_container-11] 	 14.000	  Magnt	     --	     --	     --	  2.554
[component_container-11] 
[component_container-11] [INFO] [1775369578.522306560] [drone.estimator]: TMP LOG err_xyz=(0.690, 0.055, 0.069) | z_est=4.931 vz_est=-0.071 bias=0.588 | gps_z=4.997 sonar=inf baro=5.379
[component_container-11] 	 14.040	   Pose	  0.340	 -1.242	  4.950	  2.511
[component_container-11] 	 14.040	  Twist	  0.728	  0.235	 -0.049	 -0.281
[component_container-11] 	 14.040	ErrPose	  0.405	  0.049	  0.051	  0.016
[component_container-11] 	 14.040	ErrTwis	 -1.375	 -0.989	  0.070	  0.001
[component_container-11] 	 14.040	    GPS	  0.609	 -1.208	  5.000	     --
[component_container-11] 	 14.040	   Baro	     --	     --	  5.652	     --
[component_container-11] 	 14.040	  BBias	     --	     --	  0.588	     --
[component_container-11] 	 14.040	  Sonar	     --	     --	    inf	     --
[component_container-11] 	 14.040	  Magnt	     --	     --	     --	  2.543
[component_container-11] 
[component_container-11] 	 14.070	   Pose	  0.362	 -1.235	  4.956	  2.504
[component_container-11] 	 14.070	  Twist	  0.725	  0.233	 -0.041	 -0.295
[component_container-11] 	 14.070	ErrPose	  0.402	  0.047	  0.045	  0.017
[component_container-11] 	 14.070	ErrTwis	 -1.367	 -0.989	  0.063	  0.015
[component_container-11] 	 14.070	    GPS	  0.609	 -1.208	  5.000	     --
[component_container-11] 	 14.070	   Baro	     --	     --	  5.630	     --
[component_container-11] 	 14.070	  BBias	     --	     --	  0.588	     --
[component_container-11] 	 14.070	  Sonar	     --	     --	    inf	     --
[component_container-11] 	 14.070	  Magnt	     --	     --	     --	  2.581
[component_container-11] 
[component_container-11] 	 14.100	   Pose	  0.383	 -1.228	  4.954	  2.496
[component_container-11] 	 14.100	  Twist	  0.723	  0.233	 -0.041	 -0.284
[component_container-11] 	 14.100	ErrPose	  0.419	  0.050	  0.048	  0.014
[component_container-11] 	 14.100	ErrTwis	 -1.352	 -0.993	  0.064	  0.005
[component_container-11] 	 14.100	    GPS	  0.609	 -1.208	  5.000	     --
[component_container-11] 	 14.100	   Baro	     --	     --	  5.630	     --
[component_container-11] 	 14.100	  BBias	     --	     --	  0.588	     --
[component_container-11] 	 14.100	  Sonar	     --	     --	    inf	     --
[component_container-11] 	 14.100	  Magnt	     --	     --	     --	  2.581
[component_container-11] 
[component_container-11] 	 14.140	   Pose	  0.412	 -1.219	  4.963	  2.484
[component_container-11] 	 14.140	  Twist	  0.718	  0.232	 -0.031	 -0.287
[component_container-11] 	 14.140	ErrPose	  0.428	  0.051	  0.041	  0.015
[component_container-11] 	 14.140	ErrTwis	 -1.334	 -0.996	  0.057	  0.008
[component_container-11] 	 14.140	    GPS	  0.609	 -1.208	  5.000	     --
[component_container-11] 	 14.140	   Baro	     --	     --	  5.662	     --
[component_container-11] 	 14.140	  BBias	     --	     --	  0.588	     --
[component_container-11] 	 14.140	  Sonar	     --	     --	    inf	     --
[component_container-11] 	 14.140	  Magnt	     --	     --	     --	  2.481
[component_container-11] 
[component_container-11] 	 14.170	   Pose	  0.434	 -1.212	  4.959	  2.475
[component_container-11] 	 14.170	  Twist	  0.715	  0.231	 -0.033	 -0.293
[component_container-11] 	 14.170	ErrPose	  0.425	  0.050	  0.044	  0.018
[component_container-11] 	 14.170	ErrTwis	 -1.325	 -0.997	  0.060	  0.013
[component_container-11] 	 14.170	    GPS	  0.609	 -1.208	  5.000	     --
[component_container-11] 	 14.170	   Baro	     --	     --	  5.522	     --
[component_container-11] 	 14.170	  BBias	     --	     --	  0.588	     --
[component_container-11] 	 14.170	  Sonar	     --	     --	    inf	     --
[component_container-11] 	 14.170	  Magnt	     --	     --	     --	  2.470
[component_container-11] 
[component_container-11] 	 14.200	   Pose	  0.455	 -1.205	  4.958	  2.467
[component_container-11] 	 14.200	  Twist	  0.713	  0.230	 -0.034	 -0.281
[component_container-11] 	 14.200	ErrPose	  0.441	  0.053	  0.046	  0.016
[component_container-11] 	 14.200	ErrTwis	 -1.310	 -1.000	  0.064	  0.001
[component_container-11] 	 14.200	    GPS	  0.609	 -1.208	  5.000	     --
[component_container-11] 	 14.200	   Baro	     --	     --	  5.522	     --
[component_container-11] 	 14.200	  BBias	     --	     --	  0.588	     --
[component_container-11] 	 14.200	  Sonar	     --	     --	    inf	     --
[component_container-11] 	 14.200	  Magnt	     --	     --	     --	  2.470
[component_container-11] 
[component_container-11] 	 14.240	   Pose	  0.484	 -1.196	  4.954	  2.455
[component_container-11] 	 14.240	  Twist	  0.708	  0.229	 -0.038	 -0.300
[component_container-11] 	 14.240	ErrPose	  0.450	  0.054	  0.052	  0.016
[component_container-11] 	 14.240	ErrTwis	 -1.293	 -1.004	  0.070	  0.020
[component_container-11] 	 14.240	    GPS	  0.609	 -1.208	  5.000	     --
[component_container-11] 	 14.240	   Baro	     --	     --	  5.510	     --
[component_container-11] 	 14.240	  BBias	     --	     --	  0.588	     --
[component_container-11] 	 14.240	  Sonar	     --	     --	    inf	     --
[component_container-11] 	 14.240	  Magnt	     --	     --	     --	  2.479
[component_container-11] 
[component_container-11] 	 14.270	   Pose	  0.505	 -1.189	  4.952	  2.446
[component_container-11] 	 14.270	  Twist	  0.706	  0.228	 -0.040	 -0.298
[component_container-11] 	 14.270	ErrPose	  0.447	  0.052	  0.055	  0.019
[component_container-11] 	 14.270	ErrTwis	 -1.284	 -1.005	  0.071	  0.018
[component_container-11] 	 14.270	    GPS	  0.609	 -1.208	  5.000	     --
[component_container-11] 	 14.270	   Baro	     --	     --	  5.531	     --
[component_container-11] 	 14.270	  BBias	     --	     --	  0.588	     --
[component_container-11] 	 14.270	  Sonar	     --	     --	    inf	     --
[component_container-11] 	 14.270	  Magnt	     --	     --	     --	  2.446
[component_container-11] 
[component_container-11] 	 14.300	   Pose	  0.526	 -1.182	  4.951	  2.438
[component_container-11] 	 14.300	  Twist	  0.703	  0.227	 -0.040	 -0.277
[component_container-11] 	 14.300	ErrPose	  0.463	  0.056	  0.057	  0.017
[component_container-11] 	 14.300	ErrTwis	 -1.267	 -1.009	  0.073	 -0.002
[component_container-11] 	 14.300	    GPS	  0.609	 -1.208	  5.000	     --
[component_container-11] 	 14.300	   Baro	     --	     --	  5.531	     --
[component_container-11] 	 14.300	  BBias	     --	     --	  0.588	     --
[component_container-11] 	 14.300	  Sonar	     --	     --	    inf	     --
[component_container-11] 	 14.300	  Magnt	     --	     --	     --	  2.446
[component_container-11] 
[component_container-11] 	 14.340	   Pose	  0.554	 -1.173	  4.945	  2.427
[component_container-11] 	 14.340	  Twist	  0.699	  0.226	 -0.044	 -0.306
[component_container-11] 	 14.340	ErrPose	  0.472	  0.057	  0.064	  0.017
[component_container-11] 	 14.340	ErrTwis	 -1.250	 -1.013	  0.078	  0.026
[component_container-11] 	 14.340	    GPS	  0.609	 -1.208	  5.000	     --
[component_container-11] 	 14.340	   Baro	     --	     --	  5.495	     --
[component_container-11] 	 14.340	  BBias	     --	     --	  0.588	     --
[component_container-11] 	 14.340	  Sonar	     --	     --	    inf	     --
[component_container-11] 	 14.340	  Magnt	     --	     --	     --	  2.447
[component_container-11] 
[component_container-11] 	 14.370	   Pose	  0.575	 -1.166	  4.953	  2.418
[component_container-11] 	 14.370	  Twist	  0.697	  0.224	 -0.035	 -0.292
[component_container-11] 	 14.370	ErrPose	  0.469	  0.056	  0.057	  0.019
[component_container-11] 	 14.370	ErrTwis	 -1.242	 -1.014	  0.069	  0.012
[component_container-11] 	 14.370	    GPS	  0.609	 -1.208	  5.000	     --
[component_container-11] 	 14.370	   Baro	     --	     --	  5.634	     --
[component_container-11] 	 14.370	  BBias	     --	     --	  0.588	     --
[component_container-11] 	 14.370	  Sonar	     --	     --	    inf	     --
[component_container-11] 	 14.370	  Magnt	     --	     --	     --	  2.432
[component_container-11] 
[component_container-11] 	 14.400	   Pose	  0.596	 -1.160	  4.952	  2.409
[component_container-11] 	 14.400	  Twist	  0.695	  0.224	 -0.036	 -0.289
[component_container-11] 	 14.400	ErrPose	  0.485	  0.060	  0.059	  0.017
[component_container-11] 	 14.400	ErrTwis	 -1.226	 -1.018	  0.070	  0.009
[component_container-11] 	 14.400	    GPS	  0.609	 -1.208	  5.000	     --
[component_container-11] 	 14.400	   Baro	     --	     --	  5.634	     --
[component_container-11] 	 14.400	  BBias	     --	     --	  0.588	     --
[component_container-11] 	 14.400	  Sonar	     --	     --	    inf	     --
[component_container-11] 	 14.400	  Magnt	     --	     --	     --	  2.432
[component_container-11] 
[component_container-11] 	 14.440	   Pose	  0.624	 -1.151	  4.960	  2.398
[component_container-11] 	 14.440	  Twist	  0.691	  0.222	 -0.026	 -0.282
[component_container-11] 	 14.440	ErrPose	  0.494	  0.061	  0.052	  0.017
[component_container-11] 	 14.440	ErrTwis	 -1.208	 -1.020	  0.062	  0.002
[component_container-11] 	 14.440	    GPS	  0.609	 -1.208	  5.000	     --
[component_container-11] 	 14.440	   Baro	     --	     --	  5.650	     --
[component_container-11] 	 14.440	  BBias	     --	     --	  0.588	     --
[component_container-11] 	 14.440	  Sonar	     --	     --	    inf	     --
[component_container-11] 	 14.440	  Magnt	     --	     --	     --	  2.413
[component_container-11] 
[component_container-11] 	 14.470	   Pose	  0.644	 -1.144	  4.955	  2.390
[component_container-11] 	 14.470	  Twist	  0.689	  0.221	 -0.031	 -0.282
[component_container-11] 	 14.470	ErrPose	  0.491	  0.060	  0.058	  0.020
[component_container-11] 	 14.470	ErrTwis	 -1.199	 -1.021	  0.068	  0.003
[component_container-11] 	 14.470	    GPS	  0.609	 -1.208	  5.000	     --
[component_container-11] 	 14.470	   Baro	     --	     --	  5.498	     --
[component_container-11] 	 14.470	  BBias	     --	     --	  0.588	     --
[component_container-11] 	 14.470	  Sonar	     --	     --	    inf	     --
[component_container-11] 	 14.470	  Magnt	     --	     --	     --	  2.405
[component_container-11] 
[component_container-11] 	 14.500	   Pose	  0.665	 -1.137	  4.954	  2.381
[component_container-11] 	 14.500	  Twist	  0.687	  0.220	 -0.032	 -0.292
[component_container-11] 	 14.500	ErrPose	  0.507	  0.064	  0.060	  0.018
[component_container-11] 	 14.500	ErrTwis	 -1.183	 -1.024	  0.070	  0.013
[component_container-11] 	 14.500	    GPS	  0.609	 -1.208	  5.000	     --
[component_container-11] 	 14.500	   Baro	     --	     --	  5.498	     --
[component_container-11] 	 14.500	  BBias	     --	     --	  0.588	     --
[component_container-11] 	 14.500	  Sonar	     --	     --	    inf	     --
[component_container-11] 	 14.500	  Magnt	     --	     --	     --	  2.405
[component_container-11] 
[component_container-11] [INFO] [1775369579.026626582] [drone.estimator]: TMP LOG gps innov_xy=(0.479, 0.130) est_xy=(0.672, -1.135) gps_xy=(1.150, -1.005) corr_xy=(1.150, -1.005) vel_xy=(0.686, 0.219)
[component_container-11] [INFO] [1775369579.027082886] [drone.estimator]: TMP LOG gps vel pseudo raw=(1.084, 0.406) filt=(1.104, 0.384) innov_v=(0.343, 0.144) apply=(1,1)
[component_container-11] 	 14.540	   Pose	  0.902	 -1.063	  4.954	  2.369
[component_container-11] 	 14.540	  Twist	  0.832	  0.270	 -0.033	 -0.294
[component_container-11] 	 14.540	ErrPose	  0.305	  0.001	  0.062	  0.018
[component_container-11] 	 14.540	ErrTwis	 -1.314	 -1.077	  0.072	  0.014
[component_container-11] 	 14.540	    GPS	  1.150	 -1.005	  5.015	     --
[component_container-11] 	 14.540	   Baro	     --	     --	  5.424	     --
[component_container-11] 	 14.540	  BBias	     --	     --	  0.587	     --
[component_container-11] 	 14.540	  Sonar	     --	     --	    inf	     --
[component_container-11] 	 14.540	  Magnt	     --	     --	     --	  2.365
[component_container-11] 
[component_container-11] 	 14.570	   Pose	  0.927	 -1.055	  4.955	  2.361
[component_container-11] 	 14.570	  Twist	  0.829	  0.269	 -0.031	 -0.270
[component_container-11] 	 14.570	ErrPose	  0.298	 -0.001	  0.062	  0.021
[component_container-11] 	 14.570	ErrTwis	 -1.304	 -1.078	  0.070	 -0.010
[component_container-11] 	 14.570	    GPS	  1.150	 -1.005	  5.015	     --
[component_container-11] 	 14.570	   Baro	     --	     --	  5.568	     --
[component_container-11] 	 14.570	  BBias	     --	     --	  0.587	     --
[component_container-11] 	 14.570	  Sonar	     --	     --	    inf	     --
[component_container-11] 	 14.570	  Magnt	     --	     --	     --	  2.371
[component_container-11] 
[component_container-11] 	 14.600	   Pose	  0.952	 -1.047	  4.954	  2.352
[component_container-11] 	 14.600	  Twist	  0.826	  0.268	 -0.032	 -0.279
[component_container-11] 	 14.600	ErrPose	  0.309	  0.001	  0.064	  0.018
[component_container-11] 	 14.600	ErrTwis	 -1.287	 -1.080	  0.072	 -0.000
[component_container-11] 	 14.600	    GPS	  1.150	 -1.005	  5.015	     --
[component_container-11] 	 14.600	   Baro	     --	     --	  5.568	     --
[component_container-11] 	 14.600	  BBias	     --	     --	  0.587	     --
[component_container-11] 	 14.600	  Sonar	     --	     --	    inf	     --
[component_container-11] 	 14.600	  Magnt	     --	     --	     --	  2.371
[component_container-11] 
[component_container-11] 	 14.640	   Pose	  0.985	 -1.037	  4.963	  2.339
[component_container-11] 	 14.640	  Twist	  0.824	  0.266	 -0.022	 -0.289
[component_container-11] 	 14.640	ErrPose	  0.312	  0.002	  0.057	  0.020
[component_container-11] 	 14.640	ErrTwis	 -1.271	 -1.081	  0.064	  0.010
[component_container-11] 	 14.640	    GPS	  1.150	 -1.005	  5.015	     --
[component_container-11] 	 14.640	   Baro	     --	     --	  5.669	     --
[component_container-11] 	 14.640	  BBias	     --	     --	  0.588	     --
[component_container-11] 	 14.640	  Sonar	     --	     --	    inf	     --
[component_container-11] 	 14.640	  Magnt	     --	     --	     --	  2.298
[component_container-11] 
[component_container-11] 	 14.670	   Pose	  1.009	 -1.029	  4.958	  2.332
[component_container-11] 	 14.670	  Twist	  0.821	  0.264	 -0.027	 -0.277
[component_container-11] 	 14.670	ErrPose	  0.305	 -0.001	  0.063	  0.022
[component_container-11] 	 14.670	ErrTwis	 -1.261	 -1.082	  0.069	 -0.003
[component_container-11] 	 14.670	    GPS	  1.150	 -1.005	  5.015	     --
[component_container-11] 	 14.670	   Baro	     --	     --	  5.492	     --
[component_container-11] 	 14.670	  BBias	     --	     --	  0.587	     --
[component_container-11] 	 14.670	  Sonar	     --	     --	    inf	     --
[component_container-11] 	 14.670	  Magnt	     --	     --	     --	  2.365
[component_container-11] 
[component_container-11] 	 14.700	   Pose	  1.034	 -1.021	  4.957	  2.323
[component_container-11] 	 14.700	  Twist	  0.818	  0.263	 -0.027	 -0.278
[component_container-11] 	 14.700	ErrPose	  0.315	  0.003	  0.065	  0.019
[component_container-11] 	 14.700	ErrTwis	 -1.245	 -1.084	  0.070	 -0.002
[component_container-11] 	 14.700	    GPS	  1.150	 -1.005	  5.015	     --
[component_container-11] 	 14.700	   Baro	     --	     --	  5.492	     --
[component_container-11] 	 14.700	  BBias	     --	     --	  0.587	     --
[component_container-11] 	 14.700	  Sonar	     --	     --	    inf	     --
[component_container-11] 	 14.700	  Magnt	     --	     --	     --	  2.365
[component_container-11] 
[component_container-11] 	 14.740	   Pose	  1.067	 -1.010	  4.953	  2.311
[component_container-11] 	 14.740	  Twist	  0.814	  0.261	 -0.030	 -0.291
[component_container-11] 	 14.740	ErrPose	  0.317	  0.004	  0.070	  0.020
[component_container-11] 	 14.740	ErrTwis	 -1.227	 -1.085	  0.075	  0.012
[component_container-11] 	 14.740	    GPS	  1.150	 -1.005	  5.015	     --
[component_container-11] 	 14.740	   Baro	     --	     --	  5.516	     --
[component_container-11] 	 14.740	  BBias	     --	     --	  0.587	     --
[component_container-11] 	 14.740	  Sonar	     --	     --	    inf	     --
[component_container-11] 	 14.740	  Magnt	     --	     --	     --	  2.326
[component_container-11] 
[component_container-11] 	 14.770	   Pose	  1.091	 -1.002	  4.943	  2.303
[component_container-11] 	 14.770	  Twist	  0.812	  0.261	 -0.041	 -0.284
[component_container-11] 	 14.770	ErrPose	  0.310	  0.001	  0.081	  0.023
[component_container-11] 	 14.770	ErrTwis	 -1.218	 -1.086	  0.086	  0.004
[component_container-11] 	 14.770	    GPS	  1.150	 -1.005	  5.015	     --
[component_container-11] 	 14.770	   Baro	     --	     --	  5.432	     --
[component_container-11] 	 14.770	  BBias	     --	     --	  0.587	     --
[component_container-11] 	 14.770	  Sonar	     --	     --	    inf	     --
[component_container-11] 	 14.770	  Magnt	     --	     --	     --	  2.318
[component_container-11] 
[component_container-11] 	 14.800	   Pose	  1.115	 -0.995	  4.942	  2.294
[component_container-11] 	 14.800	  Twist	  0.810	  0.259	 -0.041	 -0.305
[component_container-11] 	 14.800	ErrPose	  0.321	  0.005	  0.084	  0.020
[component_container-11] 	 14.800	ErrTwis	 -1.202	 -1.088	  0.088	  0.026
[component_container-11] 	 14.800	    GPS	  1.150	 -1.005	  5.015	     --
[component_container-11] 	 14.800	   Baro	     --	     --	  5.432	     --
[component_container-11] 	 14.800	  BBias	     --	     --	  0.587	     --
[component_container-11] 	 14.800	  Sonar	     --	     --	    inf	     --
[component_container-11] 	 14.800	  Magnt	     --	     --	     --	  2.318
[component_container-11] 
[component_container-11] 	 14.840	   Pose	  1.148	 -0.984	  4.945	  2.284
[component_container-11] 	 14.840	  Twist	  0.806	  0.258	 -0.037	 -0.277
[component_container-11] 	 14.840	ErrPose	  0.323	  0.006	  0.083	  0.020
[component_container-11] 	 14.840	ErrTwis	 -1.184	 -1.089	  0.084	 -0.003
[component_container-11] 	 14.840	    GPS	  1.150	 -1.005	  5.015	     --
[component_container-11] 	 14.840	   Baro	     --	     --	  5.579	     --
[component_container-11] 	 14.840	  BBias	     --	     --	  0.587	     --
[component_container-11] 	 14.840	  Sonar	     --	     --	    inf	     --
[component_container-11] 	 14.840	  Magnt	     --	     --	     --	  2.321
[component_container-11] 
[component_container-11] 	 14.870	   Pose	  1.172	 -0.977	  4.942	  2.276
[component_container-11] 	 14.870	  Twist	  0.804	  0.256	 -0.038	 -0.272
[component_container-11] 	 14.870	ErrPose	  0.316	  0.004	  0.086	  0.022
[component_container-11] 	 14.870	ErrTwis	 -1.175	 -1.089	  0.086	 -0.008
[component_container-11] 	 14.870	    GPS	  1.150	 -1.005	  5.015	     --
[component_container-11] 	 14.870	   Baro	     --	     --	  5.518	     --
[component_container-11] 	 14.870	  BBias	     --	     --	  0.587	     --
[component_container-11] 	 14.870	  Sonar	     --	     --	    inf	     --
[component_container-11] 	 14.870	  Magnt	     --	     --	     --	  2.313
[component_container-11] 
[component_container-11] 	 14.900	   Pose	  1.196	 -0.969	  4.941	  2.267
[component_container-11] 	 14.900	  Twist	  0.802	  0.255	 -0.038	 -0.296
[component_container-11] 	 14.900	ErrPose	  0.326	  0.008	  0.089	  0.020
[component_container-11] 	 14.900	ErrTwis	 -1.159	 -1.090	  0.089	  0.017
[component_container-11] 	 14.900	    GPS	  1.150	 -1.005	  5.015	     --
[component_container-11] 	 14.900	   Baro	     --	     --	  5.518	     --
[component_container-11] 	 14.900	  BBias	     --	     --	  0.587	     --
[component_container-11] 	 14.900	  Sonar	     --	     --	    inf	     --
[component_container-11] 	 14.900	  Magnt	     --	     --	     --	  2.313
[component_container-11] 
[component_container-11] 	 14.940	   Pose	  1.228	 -0.959	  4.935	  2.255
[component_container-11] 	 14.940	  Twist	  0.799	  0.252	 -0.043	 -0.288
[component_container-11] 	 14.940	ErrPose	  0.329	  0.010	  0.097	  0.020
[component_container-11] 	 14.940	ErrTwis	 -1.143	 -1.091	  0.096	  0.008
[component_container-11] 	 14.940	    GPS	  1.150	 -1.005	  5.015	     --
[component_container-11] 	 14.940	   Baro	     --	     --	  5.478	     --
[component_container-11] 	 14.940	  BBias	     --	     --	  0.587	     --
[component_container-11] 	 14.940	  Sonar	     --	     --	    inf	     --
[component_container-11] 	 14.940	  Magnt	     --	     --	     --	  2.270
[component_container-11] 
[component_container-11] 	 14.970	   Pose	  1.252	 -0.951	  4.943	  2.247
[component_container-11] 	 14.970	  Twist	  0.796	  0.251	 -0.034	 -0.279
[component_container-11] 	 14.970	ErrPose	  0.322	  0.008	  0.091	  0.023
[component_container-11] 	 14.970	ErrTwis	 -1.133	 -1.091	  0.088	 -0.001
[component_container-11] 	 14.970	    GPS	  1.150	 -1.005	  5.015	     --
[component_container-11] 	 14.970	   Baro	     --	     --	  5.618	     --
[component_container-11] 	 14.970	  BBias	     --	     --	  0.587	     --
[component_container-11] 	 14.970	  Sonar	     --	     --	    inf	     --
[component_container-11] 	 14.970	  Magnt	     --	     --	     --	  2.243
[component_container-11] 
[component_container-11] [INFO] [1775369579.525461842] [drone.controller]: cmd_vel body=(-0.368, -0.847, 0.057) yaw=-0.300 | odom_received=true | plan_points=11
[component_container-11] 	 15.000	   Pose	  1.276	 -0.944	  4.942	  2.238
[component_container-11] 	 15.000	  Twist	  0.793	  0.250	 -0.034	 -0.283
[component_container-11] 	 15.000	ErrPose	  0.332	  0.013	  0.094	  0.021
[component_container-11] 	 15.000	ErrTwis	 -1.116	 -1.093	  0.089	  0.003
[component_container-11] 	 15.000	    GPS	  1.150	 -1.005	  5.015	     --
[component_container-11] 	 15.000	   Baro	     --	     --	  5.618	     --
[component_container-11] 	 15.000	  BBias	     --	     --	  0.587	     --
[component_container-11] 	 15.000	  Sonar	     --	     --	    inf	     --
[component_container-11] 	 15.000	  Magnt	     --	     --	     --	  2.243
[component_container-11] 
[component_container-11] [INFO] [1775369579.525788133] [drone.estimator]: TMP LOG err_xyz=(0.332, 0.013, 0.094) | z_est=4.942 vz_est=-0.034 bias=0.587 | gps_z=5.015 sonar=inf baro=5.618
[component_container-11] 	 15.040	   Pose	  1.323	 -0.977	  4.972	  2.226
[component_container-11] 	 15.040	  Twist	  0.769	  0.203	 -0.002	 -0.293
[component_container-11] 	 15.040	ErrPose	  0.319	  0.058	  0.066	  0.022
[component_container-11] 	 15.040	ErrTwis	 -1.078	 -1.049	  0.060	  0.013
[component_container-11] 	 15.040	    GPS	  1.427	 -0.989	  5.036	     --
[component_container-11] 	 15.040	   Baro	     --	     --	  5.739	     --
[component_container-11] 	 15.040	  BBias	     --	     --	  0.587	     --
[component_container-11] 	 15.040	  Sonar	     --	     --	    inf	     --
[component_container-11] 	 15.040	  Magnt	     --	     --	     --	  2.199
[component_container-11] 
[component_container-11] 	 15.070	   Pose	  1.346	 -0.971	  4.980	  2.218
[component_container-11] 	 15.070	  Twist	  0.767	  0.202	  0.007	 -0.288
[component_container-11] 	 15.070	ErrPose	  0.313	  0.058	  0.058	  0.024
[component_container-11] 	 15.070	ErrTwis	 -1.069	 -1.049	  0.052	  0.008
[component_container-11] 	 15.070	    GPS	  1.427	 -0.989	  5.036	     --
[component_container-11] 	 15.070	   Baro	     --	     --	  5.666	     --
[component_container-11] 	 15.070	  BBias	     --	     --	  0.587	     --
[component_container-11] 	 15.070	  Sonar	     --	     --	    inf	     --
[component_container-11] 	 15.070	  Magnt	     --	     --	     --	  2.246
[component_container-11] 
[component_container-11] 	 15.100	   Pose	  1.369	 -0.965	  4.980	  2.209
[component_container-11] 	 15.100	  Twist	  0.765	  0.201	  0.006	 -0.280
[component_container-11] 	 15.100	ErrPose	  0.324	  0.064	  0.060	  0.021
[component_container-11] 	 15.100	ErrTwis	 -1.054	 -1.051	  0.053	  0.000
[component_container-11] 	 15.100	    GPS	  1.427	 -0.989	  5.036	     --
[component_container-11] 	 15.100	   Baro	     --	     --	  5.666	     --
[component_container-11] 	 15.100	  BBias	     --	     --	  0.587	     --
[component_container-11] 	 15.100	  Sonar	     --	     --	    inf	     --
[component_container-11] 	 15.100	  Magnt	     --	     --	     --	  2.246
[component_container-11] 
[component_container-11] 	 15.140	   Pose	  1.399	 -0.956	  4.987	  2.198
[component_container-11] 	 15.140	  Twist	  0.762	  0.199	  0.010	 -0.290
[component_container-11] 	 15.140	ErrPose	  0.327	  0.068	  0.056	  0.021
[component_container-11] 	 15.140	ErrTwis	 -1.038	 -1.051	  0.049	  0.011
[component_container-11] 	 15.140	    GPS	  1.427	 -0.989	  5.036	     --
[component_container-11] 	 15.140	   Baro	     --	     --	  5.648	     --
[component_container-11] 	 15.140	  BBias	     --	     --	  0.587	     --
[component_container-11] 	 15.140	  Sonar	     --	     --	    inf	     --
[component_container-11] 	 15.140	  Magnt	     --	     --	     --	  2.236
[component_container-11] 
[component_container-11] 	 15.170	   Pose	  1.422	 -0.951	  4.997	  2.191
[component_container-11] 	 15.170	  Twist	  0.760	  0.198	  0.018	 -0.279
[component_container-11] 	 15.170	ErrPose	  0.320	  0.069	  0.047	  0.023
[component_container-11] 	 15.170	ErrTwis	 -1.029	 -1.050	  0.040	 -0.000
[component_container-11] 	 15.170	    GPS	  1.427	 -0.989	  5.036	     --
[component_container-11] 	 15.170	   Baro	     --	     --	  5.693	     --
[component_container-11] 	 15.170	  BBias	     --	     --	  0.587	     --
[component_container-11] 	 15.170	  Sonar	     --	     --	    inf	     --
[component_container-11] 	 15.170	  Magnt	     --	     --	     --	  2.231
[component_container-11] 
[component_container-11] 	 15.200	   Pose	  1.445	 -0.945	  4.998	  2.182
[component_container-11] 	 15.200	  Twist	  0.758	  0.196	  0.015	 -0.291
[component_container-11] 	 15.200	ErrPose	  0.331	  0.075	  0.049	  0.021
[component_container-11] 	 15.200	ErrTwis	 -1.013	 -1.049	  0.041	  0.011
[component_container-11] 	 15.200	    GPS	  1.427	 -0.989	  5.036	     --
[component_container-11] 	 15.200	   Baro	     --	     --	  5.693	     --
[component_container-11] 	 15.200	  BBias	     --	     --	  0.587	     --
[component_container-11] 	 15.200	  Sonar	     --	     --	    inf	     --
[component_container-11] 	 15.200	  Magnt	     --	     --	     --	  2.231
[component_container-11] 
[component_container-11] 	 15.240	   Pose	  1.475	 -0.937	  5.008	  2.171
[component_container-11] 	 15.240	  Twist	  0.755	  0.193	  0.022	 -0.276
[component_container-11] 	 15.240	ErrPose	  0.334	  0.080	  0.040	  0.020
[component_container-11] 	 15.240	ErrTwis	 -0.998	 -1.045	  0.031	 -0.005
[component_container-11] 	 15.240	    GPS	  1.427	 -0.989	  5.036	     --
[component_container-11] 	 15.240	   Baro	     --	     --	  5.707	     --
[component_container-11] 	 15.240	  BBias	     --	     --	  0.587	     --
[component_container-11] 	 15.240	  Sonar	     --	     --	    inf	     --
[component_container-11] 	 15.240	  Magnt	     --	     --	     --	  2.217
[component_container-11] 
[component_container-11] 	 15.270	   Pose	  1.498	 -0.931	  5.007	  2.162
[component_container-11] 	 15.270	  Twist	  0.753	  0.191	  0.017	 -0.292
[component_container-11] 	 15.270	ErrPose	  0.328	  0.080	  0.042	  0.024
[component_container-11] 	 15.270	ErrTwis	 -0.989	 -1.042	  0.036	  0.012
[component_container-11] 	 15.270	    GPS	  1.427	 -0.989	  5.036	     --
[component_container-11] 	 15.270	   Baro	     --	     --	  5.569	     --
[component_container-11] 	 15.270	  BBias	     --	     --	  0.587	     --
[component_container-11] 	 15.270	  Sonar	     --	     --	    inf	     --
[component_container-11] 	 15.270	  Magnt	     --	     --	     --	  2.159
[component_container-11] 
[component_container-11] 	 15.300	   Pose	  1.520	 -0.925	  5.007	  2.154
[component_container-11] 	 15.300	  Twist	  0.750	  0.190	  0.014	 -0.296
[component_container-11] 	 15.300	ErrPose	  0.338	  0.087	  0.044	  0.021
[component_container-11] 	 15.300	ErrTwis	 -0.974	 -1.041	  0.038	  0.016
[component_container-11] 	 15.300	    GPS	  1.427	 -0.989	  5.036	     --
[component_container-11] 	 15.300	   Baro	     --	     --	  5.569	     --
[component_container-11] 	 15.300	  BBias	     --	     --	  0.587	     --
[component_container-11] 	 15.300	  Sonar	     --	     --	    inf	     --
[component_container-11] 	 15.300	  Magnt	     --	     --	     --	  2.159
[component_container-11] 
[component_container-11] 	 15.340	   Pose	  1.550	 -0.918	  5.004	  2.143
[component_container-11] 	 15.340	  Twist	  0.748	  0.188	  0.006	 -0.278
[component_container-11] 	 15.340	ErrPose	  0.341	  0.092	  0.049	  0.020
[component_container-11] 	 15.340	ErrTwis	 -0.958	 -1.038	  0.045	 -0.002
[component_container-11] 	 15.340	    GPS	  1.427	 -0.989	  5.036	     --
[component_container-11] 	 15.340	   Baro	     --	     --	  5.557	     --
[component_container-11] 	 15.340	  BBias	     --	     --	  0.587	     --
[component_container-11] 	 15.340	  Sonar	     --	     --	    inf	     --
[component_container-11] 	 15.340	  Magnt	     --	     --	     --	  2.194
[component_container-11] 
[component_container-11] 	 15.370	   Pose	  1.572	 -0.912	  4.997	  2.136
[component_container-11] 	 15.370	  Twist	  0.745	  0.187	 -0.005	 -0.284
[component_container-11] 	 15.370	ErrPose	  0.334	  0.092	  0.056	  0.022
[component_container-11] 	 15.370	ErrTwis	 -0.950	 -1.037	  0.055	  0.004
[component_container-11] 	 15.370	    GPS	  1.427	 -0.989	  5.036	     --
[component_container-11] 	 15.370	   Baro	     --	     --	  5.510	     --
[component_container-11] 	 15.370	  BBias	     --	     --	  0.587	     --
[component_container-11] 	 15.370	  Sonar	     --	     --	    inf	     --
[component_container-11] 	 15.370	  Magnt	     --	     --	     --	  2.192
[component_container-11] 
[component_container-11] 	 15.400	   Pose	  1.595	 -0.907	  4.997	  2.127
[component_container-11] 	 15.400	  Twist	  0.743	  0.185	 -0.009	 -0.283
[component_container-11] 	 15.400	ErrPose	  0.345	  0.099	  0.058	  0.020
[component_container-11] 	 15.400	ErrTwis	 -0.936	 -1.035	  0.055	  0.003
[component_container-11] 	 15.400	    GPS	  1.427	 -0.989	  5.036	     --
[component_container-11] 	 15.400	   Baro	     --	     --	  5.510	     --
[component_container-11] 	 15.400	  BBias	     --	     --	  0.587	     --
[component_container-11] 	 15.400	  Sonar	     --	     --	    inf	     --
[component_container-11] 	 15.400	  Magnt	     --	     --	     --	  2.192
[component_container-11] 
[component_container-11] 	 15.440	   Pose	  1.624	 -0.899	  5.001	  2.116
[component_container-11] 	 15.440	  Twist	  0.741	  0.184	 -0.007	 -0.307
[component_container-11] 	 15.440	ErrPose	  0.347	  0.104	  0.056	  0.020
[component_container-11] 	 15.440	ErrTwis	 -0.920	 -1.033	  0.049	  0.027
[component_container-11] 	 15.440	    GPS	  1.427	 -0.989	  5.036	     --
[component_container-11] 	 15.440	   Baro	     --	     --	  5.636	     --
[component_container-11] 	 15.440	  BBias	     --	     --	  0.587	     --
[component_container-11] 	 15.440	  Sonar	     --	     --	    inf	     --
[component_container-11] 	 15.440	  Magnt	     --	     --	     --	  2.147
[component_container-11] 
[component_container-11] 	 15.470	   Pose	  1.647	 -0.894	  5.001	  2.109
[component_container-11] 	 15.470	  Twist	  0.739	  0.183	 -0.010	 -0.293
[component_container-11] 	 15.470	ErrPose	  0.341	  0.105	  0.057	  0.021
[component_container-11] 	 15.470	ErrTwis	 -0.912	 -1.031	  0.050	  0.014
[component_container-11] 	 15.470	    GPS	  1.427	 -0.989	  5.036	     --
[component_container-11] 	 15.470	   Baro	     --	     --	  5.587	     --
[component_container-11] 	 15.470	  BBias	     --	     --	  0.587	     --
[component_container-11] 	 15.470	  Sonar	     --	     --	    inf	     --
[component_container-11] 	 15.470	  Magnt	     --	     --	     --	  2.157
[component_container-11] 
[component_container-11] 	 15.500	   Pose	  1.669	 -0.888	  5.001	  2.100
[component_container-11] 	 15.500	  Twist	  0.737	  0.181	 -0.012	 -0.276
[component_container-11] 	 15.500	ErrPose	  0.351	  0.112	  0.059	  0.019
[component_container-11] 	 15.500	ErrTwis	 -0.899	 -1.027	  0.047	 -0.004
[component_container-11] 	 15.500	    GPS	  1.427	 -0.989	  5.036	     --
[component_container-11] 	 15.500	   Baro	     --	     --	  5.587	     --
[component_container-11] 	 15.500	  BBias	     --	     --	  0.587	     --
[component_container-11] 	 15.500	  Sonar	     --	     --	    inf	     --
[component_container-11] 	 15.500	  Magnt	     --	     --	     --	  2.157
[component_container-11] 
[component_container-11] [INFO] [1775369580.032549936] [drone.estimator]: TMP LOG gps innov_xy=(0.153, 0.096) est_xy=(1.676, -0.886) gps_xy=(1.829, -0.790) corr_xy=(1.829, -0.790) vel_xy=(0.737, 0.181)
[component_container-11] [INFO] [1775369580.032668003] [drone.estimator]: TMP LOG gps vel pseudo raw=(0.804, 0.397) filt=(0.784, 0.364) innov_v=(0.023, 0.168) apply=(1,1)
[component_container-11] 	 15.540	   Pose	  1.751	 -0.823	  5.020	  2.089
[component_container-11] 	 15.540	  Twist	  0.764	  0.231	  0.006	 -0.295
[component_container-11] 	 15.540	ErrPose	  0.300	  0.059	  0.040	  0.018
[component_container-11] 	 15.540	ErrTwis	 -0.915	 -1.072	  0.025	  0.016
[component_container-11] 	 15.540	    GPS	  1.829	 -0.790	  5.060	     --
[component_container-11] 	 15.540	   Baro	     --	     --	  5.721	     --
[component_container-11] 	 15.540	  BBias	     --	     --	  0.587	     --
[component_container-11] 	 15.540	  Sonar	     --	     --	    inf	     --
[component_container-11] 	 15.540	  Magnt	     --	     --	     --	  2.137
[component_container-11] 
[component_container-11] 	 15.570	   Pose	  1.774	 -0.816	  5.020	  2.082
[component_container-11] 	 15.570	  Twist	  0.763	  0.230	  0.003	 -0.300
[component_container-11] 	 15.570	ErrPose	  0.293	  0.058	  0.042	  0.021
[component_container-11] 	 15.570	ErrTwis	 -0.908	 -1.069	  0.026	  0.020
[component_container-11] 	 15.570	    GPS	  1.829	 -0.790	  5.060	     --
[component_container-11] 	 15.570	   Baro	     --	     --	  5.599	     --
[component_container-11] 	 15.570	  BBias	     --	     --	  0.587	     --
[component_container-11] 	 15.570	  Sonar	     --	     --	    inf	     --
[component_container-11] 	 15.570	  Magnt	     --	     --	     --	  2.127
[component_container-11] 
[component_container-11] 	 15.600	   Pose	  1.797	 -0.809	  5.020	  2.073
[component_container-11] 	 15.600	  Twist	  0.762	  0.228	  0.002	 -0.275
[component_container-11] 	 15.600	ErrPose	  0.301	  0.064	  0.043	  0.018
[component_container-11] 	 15.600	ErrTwis	 -0.895	 -1.061	  0.023	 -0.004
[component_container-11] 	 15.600	    GPS	  1.829	 -0.790	  5.060	     --
[component_container-11] 	 15.600	   Baro	     --	     --	  5.599	     --
[component_container-11] 	 15.600	  BBias	     --	     --	  0.587	     --
[component_container-11] 	 15.600	  Sonar	     --	     --	    inf	     --
[component_container-11] 	 15.600	  Magnt	     --	     --	     --	  2.127
[component_container-11] 
[component_container-11] 	 15.640	   Pose	  1.827	 -0.800	  5.029	  2.062
[component_container-11] 	 15.640	  Twist	  0.759	  0.226	  0.008	 -0.292
[component_container-11] 	 15.640	ErrPose	  0.301	  0.067	  0.035	  0.017
[component_container-11] 	 15.640	ErrTwis	 -0.881	 -1.051	  0.012	  0.013
[component_container-11] 	 15.640	    GPS	  1.829	 -0.790	  5.060	     --
[component_container-11] 	 15.640	   Baro	     --	     --	  5.717	     --
[component_container-11] 	 15.640	  BBias	     --	     --	  0.587	     --
[component_container-11] 	 15.640	  Sonar	     --	     --	    inf	     --
[component_container-11] 	 15.640	  Magnt	     --	     --	     --	  2.092
[component_container-11] 
[component_container-11] 	 15.670	   Pose	  1.850	 -0.793	  5.024	  2.054
[component_container-11] 	 15.670	  Twist	  0.758	  0.225	  0.001	 -0.288
[component_container-11] 	 15.670	ErrPose	  0.294	  0.066	  0.041	  0.020
[component_container-11] 	 15.670	ErrTwis	 -0.875	 -1.045	  0.017	  0.009
[component_container-11] 	 15.670	    GPS	  1.829	 -0.790	  5.060	     --
[component_container-11] 	 15.670	   Baro	     --	     --	  5.551	     --
[component_container-11] 	 15.670	  BBias	     --	     --	  0.587	     --
[component_container-11] 	 15.670	  Sonar	     --	     --	    inf	     --
[component_container-11] 	 15.670	  Magnt	     --	     --	     --	  2.079
[component_container-11] 
[component_container-11] 	 15.700	   Pose	  1.873	 -0.786	  5.024	  2.046
[component_container-11] 	 15.700	  Twist	  0.756	  0.223	 -0.002	 -0.277
[component_container-11] 	 15.700	ErrPose	  0.301	  0.071	  0.042	  0.017
[component_container-11] 	 15.700	ErrTwis	 -0.863	 -1.032	  0.014	 -0.002
[component_container-11] 	 15.700	    GPS	  1.829	 -0.790	  5.060	     --
[component_container-11] 	 15.700	   Baro	     --	     --	  5.551	     --
[component_container-11] 	 15.700	  BBias	     --	     --	  0.587	     --
[component_container-11] 	 15.700	  Sonar	     --	     --	    inf	     --
[component_container-11] 	 15.700	  Magnt	     --	     --	     --	  2.079
[component_container-11] 
[component_container-11] 	 15.740	   Pose	  1.903	 -0.778	  5.031	  2.035
[component_container-11] 	 15.740	  Twist	  0.754	  0.221	  0.002	 -0.289
[component_container-11] 	 15.740	ErrPose	  0.300	  0.073	  0.036	  0.017
[component_container-11] 	 15.740	ErrTwis	 -0.850	 -1.017	  0.004	  0.010
[component_container-11] 	 15.740	    GPS	  1.829	 -0.790	  5.060	     --
[component_container-11] 	 15.740	   Baro	     --	     --	  5.694	     --
[component_container-11] 	 15.740	  BBias	     --	     --	  0.587	     --
[component_container-11] 	 15.740	  Sonar	     --	     --	    inf	     --
[component_container-11] 	 15.740	  Magnt	     --	     --	     --	  2.066
[component_container-11] 
[component_container-11] 	 15.770	   Pose	  1.926	 -0.771	  5.038	  2.027
[component_container-11] 	 15.770	  Twist	  0.752	  0.220	  0.007	 -0.291
[component_container-11] 	 15.770	ErrPose	  0.292	  0.072	  0.030	  0.019
[component_container-11] 	 15.770	ErrTwis	 -0.844	 -1.008	 -0.004	  0.012
[component_container-11] 	 15.770	    GPS	  1.829	 -0.790	  5.060	     --
[component_container-11] 	 15.770	   Baro	     --	     --	  5.700	     --
[component_container-11] 	 15.770	  BBias	     --	     --	  0.587	     --
[component_container-11] 	 15.770	  Sonar	     --	     --	    inf	     --
[component_container-11] 	 15.770	  Magnt	     --	     --	     --	  2.056
[component_container-11] 
[component_container-11] 	 15.800	   Pose	  1.948	 -0.764	  5.038	  2.018
[component_container-11] 	 15.800	  Twist	  0.751	  0.219	  0.005	 -0.275
[component_container-11] 	 15.800	ErrPose	  0.298	  0.077	  0.031	  0.017
[component_container-11] 	 15.800	ErrTwis	 -0.834	 -0.989	 -0.008	 -0.004
[component_container-11] 	 15.800	    GPS	  1.829	 -0.790	  5.060	     --
[component_container-11] 	 15.800	   Baro	     --	     --	  5.700	     --
[component_container-11] 	 15.800	  BBias	     --	     --	  0.587	     --
[component_container-11] 	 15.800	  Sonar	     --	     --	    inf	     --
[component_container-11] 	 15.800	  Magnt	     --	     --	     --	  2.056
[component_container-11] 
[component_container-11] 	 15.840	   Pose	  1.978	 -0.756	  5.037	  2.007
[component_container-11] 	 15.840	  Twist	  0.749	  0.217	  0.001	 -0.279
[component_container-11] 	 15.840	ErrPose	  0.295	  0.078	  0.032	  0.017
[component_container-11] 	 15.840	ErrTwis	 -0.823	 -0.968	 -0.008	 -0.000
[component_container-11] 	 15.840	    GPS	  1.829	 -0.790	  5.060	     --
[component_container-11] 	 15.840	   Baro	     --	     --	  5.616	     --
[component_container-11] 	 15.840	  BBias	     --	     --	  0.587	     --
[component_container-11] 	 15.840	  Sonar	     --	     --	    inf	     --
[component_container-11] 	 15.840	  Magnt	     --	     --	     --	  2.018
[component_container-11] 
[component_container-11] 	 15.870	   Pose	  2.001	 -0.749	  5.049	  1.998
[component_container-11] 	 15.870	  Twist	  0.747	  0.216	  0.012	 -0.287
[component_container-11] 	 15.870	ErrPose	  0.287	  0.077	  0.021	  0.020
[component_container-11] 	 15.870	ErrTwis	 -0.817	 -0.957	 -0.021	  0.008
[component_container-11] 	 15.870	    GPS	  1.829	 -0.790	  5.060	     --
[component_container-11] 	 15.870	   Baro	     --	     --	  5.760	     --
[component_container-11] 	 15.870	  BBias	     --	     --	  0.587	     --
[component_container-11] 	 15.870	  Sonar	     --	     --	    inf	     --
[component_container-11] 	 15.870	  Magnt	     --	     --	     --	  2.003
[component_container-11] 
[component_container-11] 	 15.900	   Pose	  2.023	 -0.743	  5.049	  1.990
[component_container-11] 	 15.900	  Twist	  0.746	  0.215	  0.010	 -0.295
[component_container-11] 	 15.900	ErrPose	  0.290	  0.080	  0.022	  0.018
[component_container-11] 	 15.900	ErrTwis	 -0.808	 -0.933	 -0.023	  0.016
[component_container-11] 	 15.900	    GPS	  1.829	 -0.790	  5.060	     --
[component_container-11] 	 15.900	   Baro	     --	     --	  5.760	     --
[component_container-11] 	 15.900	  BBias	     --	     --	  0.587	     --
[component_container-11] 	 15.900	  Sonar	     --	     --	    inf	     --
[component_container-11] 	 15.900	  Magnt	     --	     --	     --	  2.003
[component_container-11] 
[component_container-11] 	 15.940	   Pose	  2.053	 -0.734	  5.046	  1.979
[component_container-11] 	 15.940	  Twist	  0.744	  0.214	  0.003	 -0.295
[component_container-11] 	 15.940	ErrPose	  0.286	  0.081	  0.026	  0.017
[component_container-11] 	 15.940	ErrTwis	 -0.800	 -0.908	 -0.019	  0.016
[component_container-11] 	 15.940	    GPS	  1.829	 -0.790	  5.060	     --
[component_container-11] 	 15.940	   Baro	     --	     --	  5.592	     --
[component_container-11] 	 15.940	  BBias	     --	     --	  0.587	     --
[component_container-11] 	 15.940	  Sonar	     --	     --	    inf	     --
[component_container-11] 	 15.940	  Magnt	     --	     --	     --	  2.025
[component_container-11] 
[component_container-11] 	 15.970	   Pose	  2.075	 -0.728	  5.054	  1.971
[component_container-11] 	 15.970	  Twist	  0.742	  0.212	  0.010	 -0.294
[component_container-11] 	 15.970	ErrPose	  0.276	  0.079	  0.018	  0.020
[component_container-11] 	 15.970	ErrTwis	 -0.795	 -0.894	 -0.027	  0.014
[component_container-11] 	 15.970	    GPS	  1.829	 -0.790	  5.060	     --
[component_container-11] 	 15.970	   Baro	     --	     --	  5.727	     --
[component_container-11] 	 15.970	  BBias	     --	     --	  0.587	     --
[component_container-11] 	 15.970	  Sonar	     --	     --	    inf	     --
[component_container-11] 	 15.970	  Magnt	     --	     --	     --	  1.993
[component_container-11] 
[component_container-11] [INFO] [1775369580.529752261] [drone.behavior]: Behavior transition TURTLE_POSITION -> TURTLE_WAYPOINT | turtle_stop=false | waypoint=(2.34, -0.71, 5.00)
[component_container-11] [INFO] [1775369580.529806025] [drone.behavior]: Behavior target TURTLE_WAYPOINT | new_waypoint=(1.00, 4.00, 5.00)
[component_container-11] [INFO] [1775369580.529987990] [drone.controller]: cmd_vel body=(-0.086, -0.254, -0.054) yaw=-0.300 | odom_received=true | plan_points=4
[component_container-11] [INFO] [1775369580.530234867] [drone.estimator]: TMP LOG err_xyz=(0.278, 0.082, 0.018) | z_est=5.054 vz_est=0.008 bias=0.587 | gps_z=5.060 sonar=inf baro=5.727
[component_container-11] 	 16.000	   Pose	  2.097	 -0.721	  5.054	  1.962
[component_container-11] 	 16.000	  Twist	  0.741	  0.211	  0.008	 -0.285
[component_container-11] 	 16.000	ErrPose	  0.278	  0.082	  0.018	  0.017
[component_container-11] 	 16.000	ErrTwis	 -0.788	 -0.868	 -0.027	  0.005
[component_container-11] 	 16.000	    GPS	  1.829	 -0.790	  5.060	     --
[component_container-11] 	 16.000	   Baro	     --	     --	  5.727	     --
[component_container-11] 	 16.000	  BBias	     --	     --	  0.587	     --
[component_container-11] 	 16.000	  Sonar	     --	     --	    inf	     --
[component_container-11] 	 16.000	  Magnt	     --	     --	     --	  1.993
[component_container-11] 
[component_container-11] 	 16.040	   Pose	  2.189	 -0.590	  5.063	  1.951
[component_container-11] 	 16.040	  Twist	  0.781	  0.313	  0.014	 -0.297
[component_container-11] 	 16.040	ErrPose	  0.209	 -0.042	  0.010	  0.018
[component_container-11] 	 16.040	ErrTwis	 -0.822	 -0.944	 -0.034	  0.018
[component_container-11] 	 16.040	    GPS	  2.256	 -0.497	  5.073	     --
[component_container-11] 	 16.040	   Baro	     --	     --	  5.707	     --
[component_container-11] 	 16.040	  BBias	     --	     --	  0.587	     --
[component_container-11] 	 16.040	  Sonar	     --	     --	    inf	     --
[component_container-11] 	 16.040	  Magnt	     --	     --	     --	  1.963
[component_container-11] 
[component_container-11] 	 16.070	   Pose	  2.213	 -0.580	  5.058	  1.943
[component_container-11] 	 16.070	  Twist	  0.780	  0.311	  0.005	 -0.288
[component_container-11] 	 16.070	ErrPose	  0.197	 -0.047	  0.016	  0.020
[component_container-11] 	 16.070	ErrTwis	 -0.818	 -0.930	 -0.027	  0.008
[component_container-11] 	 16.070	    GPS	  2.256	 -0.497	  5.073	     --
[component_container-11] 	 16.070	   Baro	     --	     --	  5.579	     --
[component_container-11] 	 16.070	  BBias	     --	     --	  0.587	     --
[component_container-11] 	 16.070	  Sonar	     --	     --	    inf	     --
[component_container-11] 	 16.070	  Magnt	     --	     --	     --	  1.969
[component_container-11] 
[component_container-11] 	 16.100	   Pose	  2.236	 -0.571	  5.058	  1.934
[component_container-11] 	 16.100	  Twist	  0.779	  0.310	  0.005	 -0.281
[component_container-11] 	 16.100	ErrPose	  0.196	 -0.049	  0.016	  0.017
[component_container-11] 	 16.100	ErrTwis	 -0.813	 -0.902	 -0.028	  0.002
[component_container-11] 	 16.100	    GPS	  2.256	 -0.497	  5.073	     --
[component_container-11] 	 16.100	   Baro	     --	     --	  5.579	     --
[component_container-11] 	 16.100	  BBias	     --	     --	  0.587	     --
[component_container-11] 	 16.100	  Sonar	     --	     --	    inf	     --
[component_container-11] 	 16.100	  Magnt	     --	     --	     --	  1.969
[component_container-11] 
[component_container-11] 	 16.140	   Pose	  2.267	 -0.559	  5.049	  1.923
[component_container-11] 	 16.140	  Twist	  0.779	  0.309	 -0.007	 -0.292
[component_container-11] 	 16.140	ErrPose	  0.185	 -0.054	  0.026	  0.016
[component_container-11] 	 16.140	ErrTwis	 -0.808	 -0.873	 -0.018	  0.013
[component_container-11] 	 16.140	    GPS	  2.256	 -0.497	  5.073	     --
[component_container-11] 	 16.140	   Baro	     --	     --	  5.529	     --
[component_container-11] 	 16.140	  BBias	     --	     --	  0.587	     --
[component_container-11] 	 16.140	  Sonar	     --	     --	    inf	     --
[component_container-11] 	 16.140	  Magnt	     --	     --	     --	  1.985
[component_container-11] 
[component_container-11] 	 16.170	   Pose	  2.290	 -0.549	  5.040	  1.914
[component_container-11] 	 16.170	  Twist	  0.778	  0.307	 -0.017	 -0.296
[component_container-11] 	 16.170	ErrPose	  0.172	 -0.060	  0.035	  0.020
[component_container-11] 	 16.170	ErrTwis	 -0.805	 -0.858	 -0.009	  0.017
[component_container-11] 	 16.170	    GPS	  2.256	 -0.497	  5.073	     --
[component_container-11] 	 16.170	   Baro	     --	     --	  5.534	     --
[component_container-11] 	 16.170	  BBias	     --	     --	  0.587	     --
[component_container-11] 	 16.170	  Sonar	     --	     --	    inf	     --
[component_container-11] 	 16.170	  Magnt	     --	     --	     --	  1.890
[component_container-11] 
[component_container-11] 	 16.200	   Pose	  2.314	 -0.540	  5.040	  1.906
[component_container-11] 	 16.200	  Twist	  0.779	  0.307	 -0.017	 -0.279
[component_container-11] 	 16.200	ErrPose	  0.167	 -0.063	  0.035	  0.017
[component_container-11] 	 16.200	ErrTwis	 -0.800	 -0.828	 -0.011	  0.000
[component_container-11] 	 16.200	    GPS	  2.256	 -0.497	  5.073	     --
[component_container-11] 	 16.200	   Baro	     --	     --	  5.534	     --
[component_container-11] 	 16.200	  BBias	     --	     --	  0.587	     --
[component_container-11] 	 16.200	  Sonar	     --	     --	    inf	     --
[component_container-11] 	 16.200	  Magnt	     --	     --	     --	  1.890
[component_container-11] 
[component_container-11] 	 16.240	   Pose	  2.345	 -0.528	  5.041	  1.896
[component_container-11] 	 16.240	  Twist	  0.778	  0.305	 -0.014	 -0.281
[component_container-11] 	 16.240	ErrPose	  0.154	 -0.069	  0.034	  0.016
[component_container-11] 	 16.240	ErrTwis	 -0.793	 -0.793	 -0.016	  0.002
[component_container-11] 	 16.240	    GPS	  2.256	 -0.497	  5.073	     --
[component_container-11] 	 16.240	   Baro	     --	     --	  5.657	     --
[component_container-11] 	 16.240	  BBias	     --	     --	  0.587	     --
[component_container-11] 	 16.240	  Sonar	     --	     --	    inf	     --
[component_container-11] 	 16.240	  Magnt	     --	     --	     --	  1.966
[component_container-11] 
[component_container-11] 	 16.270	   Pose	  2.368	 -0.519	  5.035	  1.888
[component_container-11] 	 16.270	  Twist	  0.778	  0.304	 -0.021	 -0.292
[component_container-11] 	 16.270	ErrPose	  0.138	 -0.076	  0.041	  0.017
[component_container-11] 	 16.270	ErrTwis	 -0.789	 -0.775	 -0.009	  0.013
[component_container-11] 	 16.270	    GPS	  2.256	 -0.497	  5.073	     --
[component_container-11] 	 16.270	   Baro	     --	     --	  5.556	     --
[component_container-11] 	 16.270	  BBias	     --	     --	  0.587	     --
[component_container-11] 	 16.270	  Sonar	     --	     --	    inf	     --
[component_container-11] 	 16.270	  Magnt	     --	     --	     --	  1.934
[component_container-11] 
[component_container-11] 	 16.300	   Pose	  2.392	 -0.510	  5.034	  1.879
[component_container-11] 	 16.300	  Twist	  0.778	  0.303	 -0.022	 -0.279
[component_container-11] 	 16.300	ErrPose	  0.130	 -0.079	  0.042	  0.015
[component_container-11] 	 16.300	ErrTwis	 -0.781	 -0.737	 -0.008	  0.001
[component_container-11] 	 16.300	    GPS	  2.256	 -0.497	  5.073	     --
[component_container-11] 	 16.300	   Baro	     --	     --	  5.556	     --
[component_container-11] 	 16.300	  BBias	     --	     --	  0.587	     --
[component_container-11] 	 16.300	  Sonar	     --	     --	    inf	     --
[component_container-11] 	 16.300	  Magnt	     --	     --	     --	  1.934
[component_container-11] 
[component_container-11] 	 16.340	   Pose	  2.423	 -0.498	  5.048	  1.868
[component_container-11] 	 16.340	  Twist	  0.778	  0.301	 -0.008	 -0.285
[component_container-11] 	 16.340	ErrPose	  0.113	 -0.086	  0.028	  0.014
[component_container-11] 	 16.340	ErrTwis	 -0.773	 -0.697	 -0.020	  0.008
[component_container-11] 	 16.340	    GPS	  2.256	 -0.497	  5.073	     --
[component_container-11] 	 16.340	   Baro	     --	     --	  5.786	     --
[component_container-11] 	 16.340	  BBias	     --	     --	  0.587	     --
[component_container-11] 	 16.340	  Sonar	     --	     --	    inf	     --
[component_container-11] 	 16.340	  Magnt	     --	     --	     --	  1.890
[component_container-11] 
[component_container-11] 	 16.370	   Pose	  2.446	 -0.489	  5.056	  1.860
[component_container-11] 	 16.370	  Twist	  0.778	  0.299	 -0.000	 -0.285
[component_container-11] 	 16.370	ErrPose	  0.096	 -0.093	  0.020	  0.017
[component_container-11] 	 16.370	ErrTwis	 -0.768	 -0.676	 -0.027	  0.008
[component_container-11] 	 16.370	    GPS	  2.256	 -0.497	  5.073	     --
[component_container-11] 	 16.370	   Baro	     --	     --	  5.733	     --
[component_container-11] 	 16.370	  BBias	     --	     --	  0.587	     --
[component_container-11] 	 16.370	  Sonar	     --	     --	    inf	     --
[component_container-11] 	 16.370	  Magnt	     --	     --	     --	  1.872
[component_container-11] 
[component_container-11] 	 16.400	   Pose	  2.469	 -0.480	  5.056	  1.851
[component_container-11] 	 16.400	  Twist	  0.778	  0.298	 -0.002	 -0.294
[component_container-11] 	 16.400	ErrPose	  0.084	 -0.097	  0.020	  0.014
[component_container-11] 	 16.400	ErrTwis	 -0.758	 -0.637	 -0.023	  0.018
[component_container-11] 	 16.400	    GPS	  2.256	 -0.497	  5.073	     --
[component_container-11] 	 16.400	   Baro	     --	     --	  5.733	     --
[component_container-11] 	 16.400	  BBias	     --	     --	  0.587	     --
[component_container-11] 	 16.400	  Sonar	     --	     --	    inf	     --
[component_container-11] 	 16.400	  Magnt	     --	     --	     --	  1.872
[component_container-11] 
[component_container-11] 	 16.440	   Pose	  2.501	 -0.468	  5.066	  1.840
[component_container-11] 	 16.440	  Twist	  0.778	  0.296	  0.006	 -0.287
[component_container-11] 	 16.440	ErrPose	  0.063	 -0.105	  0.011	  0.014
[component_container-11] 	 16.440	ErrTwis	 -0.748	 -0.597	 -0.028	  0.011
[component_container-11] 	 16.440	    GPS	  2.256	 -0.497	  5.073	     --
[component_container-11] 	 16.440	   Baro	     --	     --	  5.753	     --
[component_container-11] 	 16.440	  BBias	     --	     --	  0.587	     --
[component_container-11] 	 16.440	  Sonar	     --	     --	    inf	     --
[component_container-11] 	 16.440	  Magnt	     --	     --	     --	  1.863
[component_container-11] 
[component_container-11] 	 16.470	   Pose	  2.524	 -0.459	  5.068	  1.832
[component_container-11] 	 16.470	  Twist	  0.778	  0.295	  0.006	 -0.280
[component_container-11] 	 16.470	ErrPose	  0.045	 -0.111	  0.008	  0.017
[component_container-11] 	 16.470	ErrTwis	 -0.743	 -0.578	 -0.027	  0.004
[component_container-11] 	 16.470	    GPS	  2.256	 -0.497	  5.073	     --
[component_container-11] 	 16.470	   Baro	     --	     --	  5.679	     --
[component_container-11] 	 16.470	  BBias	     --	     --	  0.587	     --
[component_container-11] 	 16.470	  Sonar	     --	     --	    inf	     --
[component_container-11] 	 16.470	  Magnt	     --	     --	     --	  1.853
[component_container-11] 
[component_container-11] 	 16.500	   Pose	  2.547	 -0.450	  5.069	  1.823
[component_container-11] 	 16.500	  Twist	  0.779	  0.293	  0.003	 -0.300
[component_container-11] 	 16.500	ErrPose	  0.029	 -0.115	  0.008	  0.014
[component_container-11] 	 16.500	ErrTwis	 -0.732	 -0.540	 -0.024	  0.025
[component_container-11] 	 16.500	    GPS	  2.256	 -0.497	  5.073	     --
[component_container-11] 	 16.500	   Baro	     --	     --	  5.679	     --
[component_container-11] 	 16.500	  BBias	     --	     --	  0.587	     --
[component_container-11] 	 16.500	  Sonar	     --	     --	    inf	     --
[component_container-11] 	 16.500	  Magnt	     --	     --	     --	  1.853
[component_container-11] 
[component_container-11] [INFO] [1775369581.033995836] [drone.estimator]: TMP LOG gps innov_xy=(-0.097, -0.047) est_xy=(2.555, -0.447) gps_xy=(2.458, -0.494) corr_xy=(2.458, -0.494) vel_xy=(0.779, 0.293)
[component_container-11] [INFO] [1775369581.034118744] [drone.estimator]: TMP LOG gps vel pseudo raw=(0.405, 0.006) filt=(0.449, 0.062) innov_v=(-0.315, -0.224) apply=(1,1)
[component_container-11] 	 16.540	   Pose	  2.497	 -0.489	  5.073	  1.813
[component_container-11] 	 16.540	  Twist	  0.696	  0.236	  0.004	 -0.264
[component_container-11] 	 16.540	ErrPose	  0.086	 -0.072	  0.003	  0.013
[component_container-11] 	 16.540	ErrTwis	 -0.637	 -0.448	 -0.024	 -0.012
[component_container-11] 	 16.540	    GPS	  2.458	 -0.494	  5.076	     --
[component_container-11] 	 16.540	   Baro	     --	     --	  5.694	     --
[component_container-11] 	 16.540	  BBias	     --	     --	  0.587	     --
[component_container-11] 	 16.540	  Sonar	     --	     --	    inf	     --
[component_container-11] 	 16.540	  Magnt	     --	     --	     --	  1.857
[component_container-11] 
[component_container-11] 	 16.570	   Pose	  2.517	 -0.482	  5.076	  1.805
[component_container-11] 	 16.570	  Twist	  0.697	  0.235	  0.005	 -0.279
[component_container-11] 	 16.570	ErrPose	  0.068	 -0.076	 -0.000	  0.016
[component_container-11] 	 16.570	ErrTwis	 -0.632	 -0.429	 -0.025	  0.003
[component_container-11] 	 16.570	    GPS	  2.458	 -0.494	  5.076	     --
[component_container-11] 	 16.570	   Baro	     --	     --	  5.704	     --
[component_container-11] 	 16.570	  BBias	     --	     --	  0.587	     --
[component_container-11] 	 16.570	  Sonar	     --	     --	    inf	     --
[component_container-11] 	 16.570	  Magnt	     --	     --	     --	  1.820
[component_container-11] 
[component_container-11] 	 16.600	   Pose	  2.538	 -0.475	  5.077	  1.796
[component_container-11] 	 16.600	  Twist	  0.697	  0.233	  0.003	 -0.300
[component_container-11] 	 16.600	ErrPose	  0.052	 -0.079	 -0.001	  0.013
[component_container-11] 	 16.600	ErrTwis	 -0.619	 -0.394	 -0.022	  0.024
[component_container-11] 	 16.600	    GPS	  2.458	 -0.494	  5.076	     --
[component_container-11] 	 16.600	   Baro	     --	     --	  5.704	     --
[component_container-11] 	 16.600	  BBias	     --	     --	  0.587	     --
[component_container-11] 	 16.600	  Sonar	     --	     --	    inf	     --
[component_container-11] 	 16.600	  Magnt	     --	     --	     --	  1.820
[component_container-11] 
[component_container-11] 	 16.640	   Pose	  2.566	 -0.466	  5.073	  1.786
[component_container-11] 	 16.640	  Twist	  0.697	  0.230	 -0.004	 -0.293
[component_container-11] 	 16.640	ErrPose	  0.027	 -0.083	  0.002	  0.011
[component_container-11] 	 16.640	ErrTwis	 -0.606	 -0.359	 -0.015	  0.017
[component_container-11] 	 16.640	    GPS	  2.458	 -0.494	  5.076	     --
[component_container-11] 	 16.640	   Baro	     --	     --	  5.619	     --
[component_container-11] 	 16.640	  BBias	     --	     --	  0.587	     --
[component_container-11] 	 16.640	  Sonar	     --	     --	    inf	     --
[component_container-11] 	 16.640	  Magnt	     --	     --	     --	  1.872
[component_container-11] 
[component_container-11] 	 16.670	   Pose	  2.587	 -0.459	  5.081	  1.777
[component_container-11] 	 16.670	  Twist	  0.697	  0.229	  0.002	 -0.291
[component_container-11] 	 16.670	ErrPose	  0.007	 -0.087	 -0.006	  0.015
[component_container-11] 	 16.670	ErrTwis	 -0.598	 -0.342	 -0.020	  0.016
[component_container-11] 	 16.670	    GPS	  2.458	 -0.494	  5.076	     --
[component_container-11] 	 16.670	   Baro	     --	     --	  5.756	     --
[component_container-11] 	 16.670	  BBias	     --	     --	  0.587	     --
[component_container-11] 	 16.670	  Sonar	     --	     --	    inf	     --
[component_container-11] 	 16.670	  Magnt	     --	     --	     --	  1.757
[component_container-11] 
[component_container-11] 	 16.700	   Pose	  2.608	 -0.452	  5.081	  1.769
[component_container-11] 	 16.700	  Twist	  0.697	  0.226	  0.000	 -0.254
[component_container-11] 	 16.700	ErrPose	 -0.012	 -0.089	 -0.007	  0.012
[component_container-11] 	 16.700	ErrTwis	 -0.584	 -0.309	 -0.017	 -0.021
[component_container-11] 	 16.700	    GPS	  2.458	 -0.494	  5.076	     --
[component_container-11] 	 16.700	   Baro	     --	     --	  5.756	     --
[component_container-11] 	 16.700	  BBias	     --	     --	  0.587	     --
[component_container-11] 	 16.700	  Sonar	     --	     --	    inf	     --
[component_container-11] 	 16.700	  Magnt	     --	     --	     --	  1.757
[component_container-11] 
[component_container-11] 	 16.740	   Pose	  2.636	 -0.443	  5.082	  1.757
[component_container-11] 	 16.740	  Twist	  0.698	  0.224	  0.001	 -0.285
[component_container-11] 	 16.740	ErrPose	 -0.040	 -0.092	 -0.009	  0.013
[component_container-11] 	 16.740	ErrTwis	 -0.570	 -0.279	 -0.016	  0.010
[component_container-11] 	 16.740	    GPS	  2.458	 -0.494	  5.076	     --
[component_container-11] 	 16.740	   Baro	     --	     --	  5.688	     --
[component_container-11] 	 16.740	  BBias	     --	     --	  0.587	     --
[component_container-11] 	 16.740	  Sonar	     --	     --	    inf	     --
[component_container-11] 	 16.740	  Magnt	     --	     --	     --	  1.725
[component_container-11] 
[component_container-11] 	 16.770	   Pose	  2.657	 -0.437	  5.080	  1.749
[component_container-11] 	 16.770	  Twist	  0.699	  0.222	 -0.005	 -0.281
[component_container-11] 	 16.770	ErrPose	 -0.061	 -0.096	 -0.007	  0.015
[component_container-11] 	 16.770	ErrTwis	 -0.563	 -0.264	 -0.011	  0.005
[component_container-11] 	 16.770	    GPS	  2.458	 -0.494	  5.076	     --
[component_container-11] 	 16.770	   Baro	     --	     --	  5.636	     --
[component_container-11] 	 16.770	  BBias	     --	     --	  0.587	     --
[component_container-11] 	 16.770	  Sonar	     --	     --	    inf	     --
[component_container-11] 	 16.770	  Magnt	     --	     --	     --	  1.790
[component_container-11] 
[component_container-11] 	 16.800	   Pose	  2.678	 -0.430	  5.079	  1.741
[component_container-11] 	 16.800	  Twist	  0.700	  0.220	 -0.006	 -0.288
[component_container-11] 	 16.800	ErrPose	 -0.083	 -0.096	 -0.007	  0.012
[component_container-11] 	 16.800	ErrTwis	 -0.549	 -0.238	 -0.008	  0.013
[component_container-11] 	 16.800	    GPS	  2.458	 -0.494	  5.076	     --
[component_container-11] 	 16.800	   Baro	     --	     --	  5.636	     --
[component_container-11] 	 16.800	  BBias	     --	     --	  0.587	     --
[component_container-11] 	 16.800	  Sonar	     --	     --	    inf	     --
[component_container-11] 	 16.800	  Magnt	     --	     --	     --	  1.790
[component_container-11] 
[component_container-11] 	 16.840	   Pose	  2.706	 -0.421	  5.072	  1.730
[component_container-11] 	 16.840	  Twist	  0.702	  0.218	 -0.016	 -0.298
[component_container-11] 	 16.840	ErrPose	 -0.113	 -0.098	 -0.001	  0.012
[component_container-11] 	 16.840	ErrTwis	 -0.535	 -0.212	  0.002	  0.022
[component_container-11] 	 16.840	    GPS	  2.458	 -0.494	  5.076	     --
[component_container-11] 	 16.840	   Baro	     --	     --	  5.591	     --
[component_container-11] 	 16.840	  BBias	     --	     --	  0.587	     --
[component_container-11] 	 16.840	  Sonar	     --	     --	    inf	     --
[component_container-11] 	 16.840	  Magnt	     --	     --	     --	  1.753
[component_container-11] 
[component_container-11] 	 16.870	   Pose	  2.727	 -0.415	  5.069	  1.720
[component_container-11] 	 16.870	  Twist	  0.703	  0.216	 -0.021	 -0.280
[component_container-11] 	 16.870	ErrPose	 -0.136	 -0.101	  0.002	  0.016
[component_container-11] 	 16.870	ErrTwis	 -0.528	 -0.198	  0.007	  0.004
[component_container-11] 	 16.870	    GPS	  2.458	 -0.494	  5.076	     --
[component_container-11] 	 16.870	   Baro	     --	     --	  5.620	     --
[component_container-11] 	 16.870	  BBias	     --	     --	  0.587	     --
[component_container-11] 	 16.870	  Sonar	     --	     --	    inf	     --
[component_container-11] 	 16.870	  Magnt	     --	     --	     --	  1.680
[component_container-11] 
[component_container-11] 	 16.900	   Pose	  2.748	 -0.408	  5.068	  1.712
[component_container-11] 	 16.900	  Twist	  0.704	  0.215	 -0.023	 -0.287
[component_container-11] 	 16.900	ErrPose	 -0.160	 -0.100	  0.002	  0.014
[component_container-11] 	 16.900	ErrTwis	 -0.512	 -0.175	  0.010	  0.011
[component_container-11] 	 16.900	    GPS	  2.458	 -0.494	  5.076	     --
[component_container-11] 	 16.900	   Baro	     --	     --	  5.620	     --
[component_container-11] 	 16.900	  BBias	     --	     --	  0.587	     --
[component_container-11] 	 16.900	  Sonar	     --	     --	    inf	     --
[component_container-11] 	 16.900	  Magnt	     --	     --	     --	  1.680
[component_container-11] 
[component_container-11] 	 16.940	   Pose	  2.776	 -0.400	  5.079	  1.701
[component_container-11] 	 16.940	  Twist	  0.706	  0.213	 -0.013	 -0.270
[component_container-11] 	 16.940	ErrPose	 -0.193	 -0.100	 -0.010	  0.013
[component_container-11] 	 16.940	ErrTwis	 -0.497	 -0.151	 -0.000	 -0.006
[component_container-11] 	 16.940	    GPS	  2.458	 -0.494	  5.076	     --
[component_container-11] 	 16.940	   Baro	     --	     --	  5.787	     --
[component_container-11] 	 16.940	  BBias	     --	     --	  0.587	     --
[component_container-11] 	 16.940	  Sonar	     --	     --	    inf	     --
[component_container-11] 	 16.940	  Magnt	     --	     --	     --	  1.725
[component_container-11] 
[component_container-11] 	 16.970	   Pose	  2.798	 -0.393	  5.074	  1.692
[component_container-11] 	 16.970	  Twist	  0.707	  0.211	 -0.019	 -0.290
[component_container-11] 	 16.970	ErrPose	 -0.217	 -0.102	 -0.006	  0.016
[component_container-11] 	 16.970	ErrTwis	 -0.489	 -0.139	  0.006	  0.013
[component_container-11] 	 16.970	    GPS	  2.458	 -0.494	  5.076	     --
[component_container-11] 	 16.970	   Baro	     --	     --	  5.617	     --
[component_container-11] 	 16.970	  BBias	     --	     --	  0.587	     --
[component_container-11] 	 16.970	  Sonar	     --	     --	    inf	     --
[component_container-11] 	 16.970	  Magnt	     --	     --	     --	  1.706
[component_container-11] 
[component_container-11] [INFO] [1775369581.531616412] [drone.controller]: cmd_vel body=(0.948, 0.319, -0.020) yaw=-0.300 | odom_received=true | plan_points=48
[component_container-11] 	 17.000	   Pose	  2.819	 -0.387	  5.073	  1.684
[component_container-11] 	 17.000	  Twist	  0.709	  0.208	 -0.021	 -0.296
[component_container-11] 	 17.000	ErrPose	 -0.244	 -0.099	 -0.007	  0.014
[component_container-11] 	 17.000	ErrTwis	 -0.474	 -0.115	  0.009	  0.019
[component_container-11] 	 17.000	    GPS	  2.458	 -0.494	  5.076	     --
[component_container-11] 	 17.000	   Baro	     --	     --	  5.617	     --
[component_container-11] 	 17.000	  BBias	     --	     --	  0.587	     --
[component_container-11] 	 17.000	  Sonar	     --	     --	    inf	     --
[component_container-11] 	 17.000	  Magnt	     --	     --	     --	  1.706
[component_container-11] 
[component_container-11] [INFO] [1775369581.531979656] [drone.estimator]: TMP LOG err_xyz=(-0.244, -0.099, -0.007) | z_est=5.073 vz_est=-0.021 bias=0.587 | gps_z=5.076 sonar=inf baro=5.617
[component_container-11] 	 17.040	   Pose	  2.696	 -0.373	  5.065	  1.672
[component_container-11] 	 17.040	  Twist	  0.579	  0.211	 -0.033	 -0.277
[component_container-11] 	 17.040	ErrPose	 -0.128	 -0.103	  0.001	  0.014
[component_container-11] 	 17.040	ErrTwis	 -0.326	 -0.097	  0.021	 -0.000
[component_container-11] 	 17.040	    GPS	  2.569	 -0.373	  5.066	     --
[component_container-11] 	 17.040	   Baro	     --	     --	  5.575	     --
[component_container-11] 	 17.040	  BBias	     --	     --	  0.587	     --
[component_container-11] 	 17.040	  Sonar	     --	     --	    inf	     --
[component_container-11] 	 17.040	  Magnt	     --	     --	     --	  1.665
[component_container-11] 
[component_container-11] 	 17.070	   Pose	  2.714	 -0.366	  5.068	  1.663
[component_container-11] 	 17.070	  Twist	  0.580	  0.209	 -0.031	 -0.272
[component_container-11] 	 17.070	ErrPose	 -0.148	 -0.104	 -0.003	  0.017
[component_container-11] 	 17.070	ErrTwis	 -0.318	 -0.085	  0.019	 -0.006
[component_container-11] 	 17.070	    GPS	  2.569	 -0.373	  5.066	     --
[component_container-11] 	 17.070	   Baro	     --	     --	  5.708	     --
[component_container-11] 	 17.070	  BBias	     --	     --	  0.587	     --
[component_container-11] 	 17.070	  Sonar	     --	     --	    inf	     --
[component_container-11] 	 17.070	  Magnt	     --	     --	     --	  1.667
[component_container-11] 
[component_container-11] 	 17.100	   Pose	  2.731	 -0.360	  5.067	  1.655
[component_container-11] 	 17.100	  Twist	  0.582	  0.207	 -0.033	 -0.276
[component_container-11] 	 17.100	ErrPose	 -0.173	 -0.100	 -0.004	  0.015
[component_container-11] 	 17.100	ErrTwis	 -0.302	 -0.063	  0.021	 -0.002
[component_container-11] 	 17.100	    GPS	  2.569	 -0.373	  5.066	     --
[component_container-11] 	 17.100	   Baro	     --	     --	  5.708	     --
[component_container-11] 	 17.100	  BBias	     --	     --	  0.587	     --
[component_container-11] 	 17.100	  Sonar	     --	     --	    inf	     --
[component_container-11] 	 17.100	  Magnt	     --	     --	     --	  1.667
[component_container-11] 
[component_container-11] 	 17.140	   Pose	  2.755	 -0.352	  5.061	  1.644
[component_container-11] 	 17.140	  Twist	  0.585	  0.204	 -0.040	 -0.284
[component_container-11] 	 17.140	ErrPose	 -0.205	 -0.096	  0.001	  0.015
[component_container-11] 	 17.140	ErrTwis	 -0.287	 -0.041	  0.028	  0.006
[component_container-11] 	 17.140	    GPS	  2.569	 -0.373	  5.066	     --
[component_container-11] 	 17.140	   Baro	     --	     --	  5.593	     --
[component_container-11] 	 17.140	  BBias	     --	     --	  0.587	     --
[component_container-11] 	 17.140	  Sonar	     --	     --	    inf	     --
[component_container-11] 	 17.140	  Magnt	     --	     --	     --	  1.656
[component_container-11] 
[component_container-11] 	 17.170	   Pose	  2.772	 -0.346	  5.068	  1.634
[component_container-11] 	 17.170	  Twist	  0.586	  0.202	 -0.032	 -0.281
[component_container-11] 	 17.170	ErrPose	 -0.227	 -0.096	 -0.007	  0.018
[component_container-11] 	 17.170	ErrTwis	 -0.279	 -0.028	  0.021	  0.003
[component_container-11] 	 17.170	    GPS	  2.569	 -0.373	  5.066	     --
[component_container-11] 	 17.170	   Baro	     --	     --	  5.752	     --
[component_container-11] 	 17.170	  BBias	     --	     --	  0.587	     --
[component_container-11] 	 17.170	  Sonar	     --	     --	    inf	     --
[component_container-11] 	 17.170	  Magnt	     --	     --	     --	  1.607
[component_container-11] 
[component_container-11] 	 17.200	   Pose	  2.790	 -0.340	  5.067	  1.626
[component_container-11] 	 17.200	  Twist	  0.587	  0.200	 -0.033	 -0.264
[component_container-11] 	 17.200	ErrPose	 -0.254	 -0.089	 -0.007	  0.015
[component_container-11] 	 17.200	ErrTwis	 -0.261	 -0.008	  0.022	 -0.014
[component_container-11] 	 17.200	    GPS	  2.569	 -0.373	  5.066	     --
[component_container-11] 	 17.200	   Baro	     --	     --	  5.752	     --
[component_container-11] 	 17.200	  BBias	     --	     --	  0.587	     --
[component_container-11] 	 17.200	  Sonar	     --	     --	    inf	     --
[component_container-11] 	 17.200	  Magnt	     --	     --	     --	  1.607
[component_container-11] 
[component_container-11] 	 17.240	   Pose	  2.813	 -0.332	  5.070	  1.614
[component_container-11] 	 17.240	  Twist	  0.590	  0.197	 -0.031	 -0.292
[component_container-11] 	 17.240	ErrPose	 -0.287	 -0.084	 -0.011	  0.016
[component_container-11] 	 17.240	ErrTwis	 -0.245	  0.012	  0.020	  0.014
[component_container-11] 	 17.240	    GPS	  2.569	 -0.373	  5.066	     --
[component_container-11] 	 17.240	   Baro	     --	     --	  5.699	     --
[component_container-11] 	 17.240	  BBias	     --	     --	  0.587	     --
[component_container-11] 	 17.240	  Sonar	     --	     --	    inf	     --
[component_container-11] 	 17.240	  Magnt	     --	     --	     --	  1.610
[component_container-11] 
[component_container-11] 	 17.270	   Pose	  2.831	 -0.326	  5.072	  1.607
[component_container-11] 	 17.270	  Twist	  0.592	  0.194	 -0.029	 -0.295
[component_container-11] 	 17.270	ErrPose	 -0.309	 -0.082	 -0.014	  0.018
[component_container-11] 	 17.270	ErrTwis	 -0.238	  0.022	  0.018	  0.017
[component_container-11] 	 17.270	    GPS	  2.569	 -0.373	  5.066	     --
[component_container-11] 	 17.270	   Baro	     --	     --	  5.690	     --
[component_container-11] 	 17.270	  BBias	     --	     --	  0.587	     --
[component_container-11] 	 17.270	  Sonar	     --	     --	    inf	     --
[component_container-11] 	 17.270	  Magnt	     --	     --	     --	  1.643
[component_container-11] 
[component_container-11] 	 17.300	   Pose	  2.849	 -0.320	  5.071	  1.598
[component_container-11] 	 17.300	  Twist	  0.594	  0.192	 -0.031	 -0.295
[component_container-11] 	 17.300	ErrPose	 -0.338	 -0.073	 -0.015	  0.015
[component_container-11] 	 17.300	ErrTwis	 -0.221	  0.039	  0.020	  0.017
[component_container-11] 	 17.300	    GPS	  2.569	 -0.373	  5.066	     --
[component_container-11] 	 17.300	   Baro	     --	     --	  5.690	     --
[component_container-11] 	 17.300	  BBias	     --	     --	  0.587	     --
[component_container-11] 	 17.300	  Sonar	     --	     --	    inf	     --
[component_container-11] 	 17.300	  Magnt	     --	     --	     --	  1.643
[component_container-11] 
[component_container-11] 	 17.340	   Pose	  2.873	 -0.313	  5.063	  1.587
[component_container-11] 	 17.340	  Twist	  0.596	  0.188	 -0.040	 -0.273
[component_container-11] 	 17.340	ErrPose	 -0.372	 -0.065	 -0.009	  0.015
[component_container-11] 	 17.340	ErrTwis	 -0.206	  0.057	  0.030	 -0.006
[component_container-11] 	 17.340	    GPS	  2.569	 -0.373	  5.066	     --
[component_container-11] 	 17.340	   Baro	     --	     --	  5.585	     --
[component_container-11] 	 17.340	  BBias	     --	     --	  0.587	     --
[component_container-11] 	 17.340	  Sonar	     --	     --	    inf	     --
[component_container-11] 	 17.340	  Magnt	     --	     --	     --	  1.588
[component_container-11] 
[component_container-11] 	 17.370	   Pose	  2.890	 -0.307	  5.060	  1.578
[component_container-11] 	 17.370	  Twist	  0.598	  0.185	 -0.044	 -0.290
[component_container-11] 	 17.370	ErrPose	 -0.396	 -0.062	 -0.007	  0.019
[component_container-11] 	 17.370	ErrTwis	 -0.198	  0.067	  0.033	  0.012
[component_container-11] 	 17.370	    GPS	  2.569	 -0.373	  5.066	     --
[component_container-11] 	 17.370	   Baro	     --	     --	  5.632	     --
[component_container-11] 	 17.370	  BBias	     --	     --	  0.587	     --
[component_container-11] 	 17.370	  Sonar	     --	     --	    inf	     --
[component_container-11] 	 17.370	  Magnt	     --	     --	     --	  1.582
[component_container-11] 
[component_container-11] 	 17.400	   Pose	  2.908	 -0.302	  5.059	  1.569
[component_container-11] 	 17.400	  Twist	  0.600	  0.183	 -0.046	 -0.286
[component_container-11] 	 17.400	ErrPose	 -0.425	 -0.051	 -0.007	  0.016
[component_container-11] 	 17.400	ErrTwis	 -0.182	  0.084	  0.036	  0.007
[component_container-11] 	 17.400	    GPS	  2.569	 -0.373	  5.066	     --
[component_container-11] 	 17.400	   Baro	     --	     --	  5.632	     --
[component_container-11] 	 17.400	  BBias	     --	     --	  0.587	     --
[component_container-11] 	 17.400	  Sonar	     --	     --	    inf	     --
[component_container-11] 	 17.400	  Magnt	     --	     --	     --	  1.582
[component_container-11] 
[component_container-11] 	 17.440	   Pose	  2.932	 -0.294	  5.056	  1.558
[component_container-11] 	 17.440	  Twist	  0.602	  0.179	 -0.048	 -0.276
[component_container-11] 	 17.440	ErrPose	 -0.461	 -0.040	 -0.006	  0.017
[component_container-11] 	 17.440	ErrTwis	 -0.166	  0.102	  0.039	 -0.003
[component_container-11] 	 17.440	    GPS	  2.569	 -0.373	  5.066	     --
[component_container-11] 	 17.440	   Baro	     --	     --	  5.635	     --
[component_container-11] 	 17.440	  BBias	     --	     --	  0.587	     --
[component_container-11] 	 17.440	  Sonar	     --	     --	    inf	     --
[component_container-11] 	 17.440	  Magnt	     --	     --	     --	  1.549
[component_container-11] 
[component_container-11] 	 17.470	   Pose	  2.951	 -0.289	  5.057	  1.550
[component_container-11] 	 17.470	  Twist	  0.604	  0.176	 -0.048	 -0.278
[component_container-11] 	 17.470	ErrPose	 -0.485	 -0.036	 -0.008	  0.019
[component_container-11] 	 17.470	ErrTwis	 -0.159	  0.113	  0.039	 -0.001
[component_container-11] 	 17.470	    GPS	  2.569	 -0.373	  5.066	     --
[component_container-11] 	 17.470	   Baro	     --	     --	  5.664	     --
[component_container-11] 	 17.470	  BBias	     --	     --	  0.587	     --
[component_container-11] 	 17.470	  Sonar	     --	     --	    inf	     --
[component_container-11] 	 17.470	  Magnt	     --	     --	     --	  1.569
[component_container-11] 
[component_container-11] 	 17.500	   Pose	  2.969	 -0.284	  5.055	  1.541
[component_container-11] 	 17.500	  Twist	  0.606	  0.174	 -0.049	 -0.280
[component_container-11] 	 17.500	ErrPose	 -0.516	 -0.023	 -0.008	  0.017
[component_container-11] 	 17.500	ErrTwis	 -0.143	  0.131	  0.040	  0.000
[component_container-11] 	 17.500	    GPS	  2.569	 -0.373	  5.066	     --
[component_container-11] 	 17.500	   Baro	     --	     --	  5.664	     --
[component_container-11] 	 17.500	  BBias	     --	     --	  0.587	     --
[component_container-11] 	 17.500	  Sonar	     --	     --	    inf	     --
[component_container-11] 	 17.500	  Magnt	     --	     --	     --	  1.569
[component_container-11] 
[component_container-11] [INFO] [1775369582.035837444] [drone.estimator]: TMP LOG gps innov_xy=(-0.763, 0.137) est_xy=(2.975, -0.282) gps_xy=(2.212, -0.145) corr_xy=(2.212, -0.145) vel_xy=(0.607, 0.172)
[component_container-11] [INFO] [1775369582.035948403] [drone.estimator]: TMP LOG gps vel pseudo raw=(-0.715, 0.456) filt=(-0.619, 0.432) innov_v=(-1.106, 0.239) apply=(1,1)
[component_container-11] 	 17.540	   Pose	  2.569	 -0.194	  5.053	  1.531
[component_container-11] 	 17.540	  Twist	  0.251	  0.242	 -0.052	 -0.285
[component_container-11] 	 17.540	ErrPose	 -0.129	 -0.092	 -0.008	  0.016
[component_container-11] 	 17.540	ErrTwis	  0.230	  0.078	  0.044	  0.005
[component_container-11] 	 17.540	    GPS	  2.212	 -0.145	  5.046	     --
[component_container-11] 	 17.540	   Baro	     --	     --	  5.661	     --
[component_container-11] 	 17.540	  BBias	     --	     --	  0.587	     --
[component_container-11] 	 17.540	  Sonar	     --	     --	    inf	     --
[component_container-11] 	 17.540	  Magnt	     --	     --	     --	  1.586
[component_container-11] 
[component_container-11] 	 17.570	   Pose	  2.577	 -0.187	  5.046	  1.522
[component_container-11] 	 17.570	  Twist	  0.254	  0.239	 -0.060	 -0.279
[component_container-11] 	 17.570	ErrPose	 -0.143	 -0.089	 -0.002	  0.019
[component_container-11] 	 17.570	ErrTwis	  0.236	  0.089	  0.051	 -0.000
[component_container-11] 	 17.570	    GPS	  2.212	 -0.145	  5.046	     --
[component_container-11] 	 17.570	   Baro	     --	     --	  5.567	     --
[component_container-11] 	 17.570	  BBias	     --	     --	  0.587	     --
[component_container-11] 	 17.570	  Sonar	     --	     --	    inf	     --
[component_container-11] 	 17.570	  Magnt	     --	     --	     --	  1.519
[component_container-11] 
[component_container-11] 	 17.600	   Pose	  2.585	 -0.180	  5.044	  1.513
[component_container-11] 	 17.600	  Twist	  0.256	  0.235	 -0.060	 -0.298
[component_container-11] 	 17.600	ErrPose	 -0.164	 -0.075	 -0.002	  0.016
[component_container-11] 	 17.600	ErrTwis	  0.251	  0.108	  0.052	  0.018
[component_container-11] 	 17.600	    GPS	  2.212	 -0.145	  5.046	     --
[component_container-11] 	 17.600	   Baro	     --	     --	  5.567	     --
[component_container-11] 	 17.600	  BBias	     --	     --	  0.587	     --
[component_container-11] 	 17.600	  Sonar	     --	     --	    inf	     --
[component_container-11] 	 17.600	  Magnt	     --	     --	     --	  1.519
[component_container-11] 
[component_container-11] 	 17.640	   Pose	  2.595	 -0.171	  5.041	  1.502
[component_container-11] 	 17.640	  Twist	  0.258	  0.231	 -0.063	 -0.286
[component_container-11] 	 17.640	ErrPose	 -0.188	 -0.062	 -0.001	  0.017
[component_container-11] 	 17.640	ErrTwis	  0.265	  0.128	  0.055	  0.007
[component_container-11] 	 17.640	    GPS	  2.212	 -0.145	  5.046	     --
[component_container-11] 	 17.640	   Baro	     --	     --	  5.625	     --
[component_container-11] 	 17.640	  BBias	     --	     --	  0.587	     --
[component_container-11] 	 17.640	  Sonar	     --	     --	    inf	     --
[component_container-11] 	 17.640	  Magnt	     --	     --	     --	  1.509
[component_container-11] 
[component_container-11] 	 17.670	   Pose	  2.603	 -0.164	  5.034	  1.494
[component_container-11] 	 17.670	  Twist	  0.260	  0.227	 -0.070	 -0.285
[component_container-11] 	 17.670	ErrPose	 -0.203	 -0.058	  0.005	  0.019
[component_container-11] 	 17.670	ErrTwis	  0.272	  0.139	  0.062	  0.006
[component_container-11] 	 17.670	    GPS	  2.212	 -0.145	  5.046	     --
[component_container-11] 	 17.670	   Baro	     --	     --	  5.563	     --
[component_container-11] 	 17.670	  BBias	     --	     --	  0.587	     --
[component_container-11] 	 17.670	  Sonar	     --	     --	    inf	     --
[component_container-11] 	 17.670	  Magnt	     --	     --	     --	  1.511
[component_container-11] 
[component_container-11] 	 17.700	   Pose	  2.610	 -0.157	  5.032	  1.485
[component_container-11] 	 17.700	  Twist	  0.261	  0.224	 -0.070	 -0.287
[component_container-11] 	 17.700	ErrPose	 -0.225	 -0.041	  0.005	  0.017
[component_container-11] 	 17.700	ErrTwis	  0.287	  0.156	  0.060	  0.008
[component_container-11] 	 17.700	    GPS	  2.212	 -0.145	  5.046	     --
[component_container-11] 	 17.700	   Baro	     --	     --	  5.563	     --
[component_container-11] 	 17.700	  BBias	     --	     --	  0.587	     --
[component_container-11] 	 17.700	  Sonar	     --	     --	    inf	     --
[component_container-11] 	 17.700	  Magnt	     --	     --	     --	  1.511
[component_container-11] 
[component_container-11] 	 17.740	   Pose	  2.621	 -0.148	  5.034	  1.473
[component_container-11] 	 17.740	  Twist	  0.263	  0.219	 -0.067	 -0.305
[component_container-11] 	 17.740	ErrPose	 -0.250	 -0.026	  0.001	  0.017
[component_container-11] 	 17.740	ErrTwis	  0.302	  0.170	  0.055	  0.026
[component_container-11] 	 17.740	    GPS	  2.212	 -0.145	  5.046	     --
[component_container-11] 	 17.740	   Baro	     --	     --	  5.670	     --
[component_container-11] 	 17.740	  BBias	     --	     --	  0.587	     --
[component_container-11] 	 17.740	  Sonar	     --	     --	    inf	     --
[component_container-11] 	 17.740	  Magnt	     --	     --	     --	  1.472
[component_container-11] 
[component_container-11] 	 17.770	   Pose	  2.629	 -0.142	  5.034	  1.464
[component_container-11] 	 17.770	  Twist	  0.265	  0.216	 -0.065	 -0.275
[component_container-11] 	 17.770	ErrPose	 -0.264	 -0.020	 -0.000	  0.020
[component_container-11] 	 17.770	ErrTwis	  0.308	  0.178	  0.052	 -0.004
[component_container-11] 	 17.770	    GPS	  2.212	 -0.145	  5.046	     --
[component_container-11] 	 17.770	   Baro	     --	     --	  5.651	     --
[component_container-11] 	 17.770	  BBias	     --	     --	  0.587	     --
[component_container-11] 	 17.770	  Sonar	     --	     --	    inf	     --
[component_container-11] 	 17.770	  Magnt	     --	     --	     --	  1.455
[component_container-11] 
[component_container-11] 	 17.800	   Pose	  2.637	 -0.135	  5.032	  1.456
[component_container-11] 	 17.800	  Twist	  0.267	  0.212	 -0.065	 -0.291
[component_container-11] 	 17.800	ErrPose	 -0.286	 -0.001	 -0.000	  0.018
[component_container-11] 	 17.800	ErrTwis	  0.322	  0.187	  0.052	  0.012
[component_container-11] 	 17.800	    GPS	  2.212	 -0.145	  5.046	     --
[component_container-11] 	 17.800	   Baro	     --	     --	  5.651	     --
[component_container-11] 	 17.800	  BBias	     --	     --	  0.587	     --
[component_container-11] 	 17.800	  Sonar	     --	     --	    inf	     --
[component_container-11] 	 17.800	  Magnt	     --	     --	     --	  1.455
[component_container-11] 
[component_container-11] 	 17.840	   Pose	  2.648	 -0.127	  5.031	  1.445
[component_container-11] 	 17.840	  Twist	  0.271	  0.207	 -0.065	 -0.282
[component_container-11] 	 17.840	ErrPose	 -0.311	  0.017	 -0.001	  0.017
[component_container-11] 	 17.840	ErrTwis	  0.334	  0.197	  0.052	  0.002
[component_container-11] 	 17.840	    GPS	  2.212	 -0.145	  5.046	     --
[component_container-11] 	 17.840	   Baro	     --	     --	  5.632	     --
[component_container-11] 	 17.840	  BBias	     --	     --	  0.587	     --
[component_container-11] 	 17.840	  Sonar	     --	     --	    inf	     --
[component_container-11] 	 17.840	  Magnt	     --	     --	     --	  1.492
[component_container-11] 
[component_container-11] 	 17.870	   Pose	  2.656	 -0.121	  5.031	  1.436
[component_container-11] 	 17.870	  Twist	  0.273	  0.204	 -0.064	 -0.299
[component_container-11] 	 17.870	ErrPose	 -0.326	  0.024	 -0.001	  0.020
[component_container-11] 	 17.870	ErrTwis	  0.339	  0.203	  0.052	  0.019
[component_container-11] 	 17.870	    GPS	  2.212	 -0.145	  5.046	     --
[component_container-11] 	 17.870	   Baro	     --	     --	  5.636	     --
[component_container-11] 	 17.870	  BBias	     --	     --	  0.587	     --
[component_container-11] 	 17.870	  Sonar	     --	     --	    inf	     --
[component_container-11] 	 17.870	  Magnt	     --	     --	     --	  1.436
[component_container-11] 
[component_container-11] 	 17.900	   Pose	  2.664	 -0.115	  5.029	  1.428
[component_container-11] 	 17.900	  Twist	  0.276	  0.200	 -0.065	 -0.285
[component_container-11] 	 17.900	ErrPose	 -0.347	  0.045	 -0.001	  0.018
[component_container-11] 	 17.900	ErrTwis	  0.352	  0.213	  0.055	  0.005
[component_container-11] 	 17.900	    GPS	  2.212	 -0.145	  5.046	     --
[component_container-11] 	 17.900	   Baro	     --	     --	  5.636	     --
[component_container-11] 	 17.900	  BBias	     --	     --	  0.587	     --
[component_container-11] 	 17.900	  Sonar	     --	     --	    inf	     --
[component_container-11] 	 17.900	  Magnt	     --	     --	     --	  1.436
[component_container-11] 
[component_container-11] 	 17.940	   Pose	  2.675	 -0.107	  5.018	  1.415
[component_container-11] 	 17.940	  Twist	  0.279	  0.195	 -0.076	 -0.303
[component_container-11] 	 17.940	ErrPose	 -0.372	  0.065	  0.008	  0.019
[component_container-11] 	 17.940	ErrTwis	  0.364	  0.225	  0.067	  0.024
[component_container-11] 	 17.940	    GPS	  2.212	 -0.145	  5.046	     --
[component_container-11] 	 17.940	   Baro	     --	     --	  5.522	     --
[component_container-11] 	 17.940	  BBias	     --	     --	  0.587	     --
[component_container-11] 	 17.940	  Sonar	     --	     --	    inf	     --
[component_container-11] 	 17.940	  Magnt	     --	     --	     --	  1.391
[component_container-11] 
[component_container-11] [INFO] [1775369582.492884668] [drone.estimator]: TMP LOG sonar rejected: meas=2.519 est_z=5.016 innov=-2.496
[component_container-11] 	 17.970	   Pose	  2.683	 -0.101	  5.015	  1.407
[component_container-11] 	 17.970	  Twist	  0.282	  0.191	 -0.078	 -0.291
[component_container-11] 	 17.970	ErrPose	 -0.387	  0.074	  0.009	  0.022
[component_container-11] 	 17.970	ErrTwis	  0.368	  0.234	  0.070	  0.011
[component_container-11] 	 17.970	    GPS	  2.212	 -0.145	  5.046	     --
[component_container-11] 	 17.970	   Baro	     --	     --	  5.598	     --
[component_container-11] 	 17.970	  BBias	     --	     --	  0.587	     --
[component_container-11] 	 17.970	  Sonar	     --	     --	  2.519	     --
[component_container-11] 	 17.970	  Magnt	     --	     --	     --	  1.432
[component_container-11] 
[component_container-11] 	 18.000	   Pose	  2.692	 -0.095	  5.012	  1.398
[component_container-11] 	 18.000	  Twist	  0.284	  0.186	 -0.080	 -0.291
[component_container-11] 	 18.000	ErrPose	 -0.409	  0.097	  0.010	  0.019
[component_container-11] 	 18.000	ErrTwis	  0.380	  0.247	  0.072	  0.012
[component_container-11] 	 18.000	    GPS	  2.212	 -0.145	  5.046	     --
[component_container-11] 	 18.000	   Baro	     --	     --	  5.598	     --
[component_container-11] 	 18.000	  BBias	     --	     --	  0.587	     --
[component_container-11] 	 18.000	  Sonar	     --	     --	  2.519	     --
[component_container-11] 	 18.000	  Magnt	     --	     --	     --	  1.432
[component_container-11] 
[component_container-11] [INFO] [1775369582.536728285] [drone.estimator]: TMP LOG err_xyz=(-0.409, 0.097, 0.010) | z_est=5.012 vz_est=-0.080 bias=0.587 | gps_z=5.046 sonar=2.519 baro=5.598
[component_container-11] [INFO] [1775369582.536911838] [drone.controller]: cmd_vel body=(0.829, 0.560, 0.011) yaw=-0.300 | odom_received=true | plan_points=45
[component_container-11] 	 18.040	   Pose	  2.502	 -0.063	  5.002	  1.387
[component_container-11] 	 18.040	  Twist	  0.150	  0.200	 -0.088	 -0.282
[component_container-11] 	 18.040	ErrPose	 -0.232	  0.094	  0.018	  0.019
[component_container-11] 	 18.040	ErrTwis	  0.526	  0.244	  0.080	  0.002
[component_container-11] 	 18.040	    GPS	  2.208	 -0.037	  5.022	     --
[component_container-11] 	 18.040	   Baro	     --	     --	  5.490	     --
[component_container-11] 	 18.040	  BBias	     --	     --	  0.587	     --
[component_container-11] 	 18.040	  Sonar	     --	     --	  2.542	     --
[component_container-11] 	 18.040	  Magnt	     --	     --	     --	  1.405
[component_container-11] 
[component_container-11] 	 18.070	   Pose	  2.506	 -0.057	  4.994	  1.379
[component_container-11] 	 18.070	  Twist	  0.152	  0.196	 -0.095	 -0.263
[component_container-11] 	 18.070	ErrPose	 -0.243	  0.104	  0.025	  0.022
[component_container-11] 	 18.070	ErrTwis	  0.531	  0.254	  0.088	 -0.016
[component_container-11] 	 18.070	    GPS	  2.208	 -0.037	  5.022	     --
[component_container-11] 	 18.070	   Baro	     --	     --	  5.520	     --
[component_container-11] 	 18.070	  BBias	     --	     --	  0.587	     --
[component_container-11] 	 18.070	  Sonar	     --	     --	  2.505	     --
[component_container-11] 	 18.070	  Magnt	     --	     --	     --	  1.381
[component_container-11] 
[component_container-11] 	 18.100	   Pose	  2.511	 -0.051	  4.992	  1.370
[component_container-11] 	 18.100	  Twist	  0.155	  0.191	 -0.095	 -0.292
[component_container-11] 	 18.100	ErrPose	 -0.262	  0.129	  0.026	  0.020
[component_container-11] 	 18.100	ErrTwis	  0.540	  0.269	  0.088	  0.013
[component_container-11] 	 18.100	    GPS	  2.208	 -0.037	  5.022	     --
[component_container-11] 	 18.100	   Baro	     --	     --	  5.520	     --
[component_container-11] 	 18.100	  BBias	     --	     --	  0.587	     --
[component_container-11] 	 18.100	  Sonar	     --	     --	  2.505	     --
[component_container-11] 	 18.100	  Magnt	     --	     --	     --	  1.381
[component_container-11] 
[component_container-11] 	 18.140	   Pose	  2.517	 -0.043	  4.997	  1.359
[component_container-11] 	 18.140	  Twist	  0.158	  0.185	 -0.086	 -0.310
[component_container-11] 	 18.140	ErrPose	 -0.281	  0.153	  0.018	  0.019
[component_container-11] 	 18.140	ErrTwis	  0.549	  0.286	  0.080	  0.031
[component_container-11] 	 18.140	    GPS	  2.208	 -0.037	  5.022	     --
[component_container-11] 	 18.140	   Baro	     --	     --	  5.690	     --
[component_container-11] 	 18.140	  BBias	     --	     --	  0.587	     --
[component_container-11] 	 18.140	  Sonar	     --	     --	  2.506	     --
[component_container-11] 	 18.140	  Magnt	     --	     --	     --	  1.407
[component_container-11] 
[component_container-11] 	 18.170	   Pose	  2.522	 -0.038	  5.007	  1.352
[component_container-11] 	 18.170	  Twist	  0.160	  0.181	 -0.072	 -0.262
[component_container-11] 	 18.170	ErrPose	 -0.293	  0.164	  0.007	  0.021
[component_container-11] 	 18.170	ErrTwis	  0.553	  0.296	  0.067	 -0.018
[component_container-11] 	 18.170	    GPS	  2.208	 -0.037	  5.022	     --
[component_container-11] 	 18.170	   Baro	     --	     --	  5.739	     --
[component_container-11] 	 18.170	  BBias	     --	     --	  0.587	     --
[component_container-11] 	 18.170	  Sonar	     --	     --	  2.566	     --
[component_container-11] 	 18.170	  Magnt	     --	     --	     --	  1.403
[component_container-11] 
[component_container-11] 	 18.200	   Pose	  2.527	 -0.032	  5.005	  1.343
[component_container-11] 	 18.200	  Twist	  0.162	  0.177	 -0.073	 -0.291
[component_container-11] 	 18.200	ErrPose	 -0.311	  0.191	  0.007	  0.019
[component_container-11] 	 18.200	ErrTwis	  0.562	  0.311	  0.067	  0.012
[component_container-11] 	 18.200	    GPS	  2.208	 -0.037	  5.022	     --
[component_container-11] 	 18.200	   Baro	     --	     --	  5.739	     --
[component_container-11] 	 18.200	  BBias	     --	     --	  0.587	     --
[component_container-11] 	 18.200	  Sonar	     --	     --	  2.566	     --
[component_container-11] 	 18.200	  Magnt	     --	     --	     --	  1.403
[component_container-11] 
[component_container-11] 	 18.240	   Pose	  2.533	 -0.025	  4.999	  1.332
[component_container-11] 	 18.240	  Twist	  0.164	  0.170	 -0.077	 -0.290
[component_container-11] 	 18.240	ErrPose	 -0.331	  0.217	  0.012	  0.018
[component_container-11] 	 18.240	ErrTwis	  0.571	  0.327	  0.071	  0.011
[component_container-11] 	 18.240	    GPS	  2.208	 -0.037	  5.022	     --
[component_container-11] 	 18.240	   Baro	     --	     --	  5.552	     --
[component_container-11] 	 18.240	  BBias	     --	     --	  0.587	     --
[component_container-11] 	 18.240	  Sonar	     --	     --	    inf	     --
[component_container-11] 	 18.240	  Magnt	     --	     --	     --	  1.387
[component_container-11] 
[component_container-11] 	 18.270	   Pose	  2.538	 -0.020	  4.997	  1.324
[component_container-11] 	 18.270	  Twist	  0.166	  0.165	 -0.078	 -0.288
[component_container-11] 	 18.270	ErrPose	 -0.343	  0.229	  0.013	  0.021
[component_container-11] 	 18.270	ErrTwis	  0.574	  0.337	  0.071	  0.009
[component_container-11] 	 18.270	    GPS	  2.208	 -0.037	  5.022	     --
[component_container-11] 	 18.270	   Baro	     --	     --	  5.588	     --
[component_container-11] 	 18.270	  BBias	     --	     --	  0.587	     --
[component_container-11] 	 18.270	  Sonar	     --	     --	    inf	     --
[component_container-11] 	 18.270	  Magnt	     --	     --	     --	  1.322
[component_container-11] 
[component_container-11] 	 18.300	   Pose	  2.543	 -0.016	  4.994	  1.315
[component_container-11] 	 18.300	  Twist	  0.168	  0.160	 -0.078	 -0.302
[component_container-11] 	 18.300	ErrPose	 -0.361	  0.258	  0.013	  0.019
[component_container-11] 	 18.300	ErrTwis	  0.582	  0.349	  0.070	  0.023
[component_container-11] 	 18.300	    GPS	  2.208	 -0.037	  5.022	     --
[component_container-11] 	 18.300	   Baro	     --	     --	  5.588	     --
[component_container-11] 	 18.300	  BBias	     --	     --	  0.587	     --
[component_container-11] 	 18.300	  Sonar	     --	     --	    inf	     --
[component_container-11] 	 18.300	  Magnt	     --	     --	     --	  1.322
[component_container-11] 
[component_container-11] 	 18.340	   Pose	  2.550	 -0.009	  4.993	  1.304
[component_container-11] 	 18.340	  Twist	  0.171	  0.154	 -0.077	 -0.281
[component_container-11] 	 18.340	ErrPose	 -0.380	  0.287	  0.012	  0.019
[component_container-11] 	 18.340	ErrTwis	  0.588	  0.363	  0.068	  0.001
[component_container-11] 	 18.340	    GPS	  2.208	 -0.037	  5.022	     --
[component_container-11] 	 18.340	   Baro	     --	     --	  5.605	     --
[component_container-11] 	 18.340	  BBias	     --	     --	  0.587	     --
[component_container-11] 	 18.340	  Sonar	     --	     --	    inf	     --
[component_container-11] 	 18.340	  Magnt	     --	     --	     --	  1.339
[component_container-11] 
[component_container-11] 	 18.370	   Pose	  2.555	 -0.005	  5.004	  1.295
[component_container-11] 	 18.370	  Twist	  0.172	  0.149	 -0.064	 -0.284
[component_container-11] 	 18.370	ErrPose	 -0.392	  0.300	  0.000	  0.021
[component_container-11] 	 18.370	ErrTwis	  0.591	  0.371	  0.055	  0.004
[component_container-11] 	 18.370	    GPS	  2.208	 -0.037	  5.022	     --
[component_container-11] 	 18.370	   Baro	     --	     --	  5.730	     --
[component_container-11] 	 18.370	  BBias	     --	     --	  0.587	     --
[component_container-11] 	 18.370	  Sonar	     --	     --	    inf	     --
[component_container-11] 	 18.370	  Magnt	     --	     --	     --	  1.303
[component_container-11] 
[component_container-11] 	 18.400	   Pose	  2.560	 -0.000	  5.002	  1.287
[component_container-11] 	 18.400	  Twist	  0.174	  0.144	 -0.064	 -0.287
[component_container-11] 	 18.400	ErrPose	 -0.410	  0.331	  0.000	  0.019
[component_container-11] 	 18.400	ErrTwis	  0.597	  0.385	  0.057	  0.007
[component_container-11] 	 18.400	    GPS	  2.208	 -0.037	  5.022	     --
[component_container-11] 	 18.400	   Baro	     --	     --	  5.730	     --
[component_container-11] 	 18.400	  BBias	     --	     --	  0.587	     --
[component_container-11] 	 18.400	  Sonar	     --	     --	    inf	     --
[component_container-11] 	 18.400	  Magnt	     --	     --	     --	  1.303
[component_container-11] 
[component_container-11] 	 18.440	   Pose	  2.567	  0.005	  5.001	  1.276
[component_container-11] 	 18.440	  Twist	  0.176	  0.137	 -0.064	 -0.277
[component_container-11] 	 18.440	ErrPose	 -0.429	  0.361	 -0.000	  0.019
[component_container-11] 	 18.440	ErrTwis	  0.602	  0.400	  0.057	 -0.003
[component_container-11] 	 18.440	    GPS	  2.208	 -0.037	  5.022	     --
[component_container-11] 	 18.440	   Baro	     --	     --	  5.604	     --
[component_container-11] 	 18.440	  BBias	     --	     --	  0.587	     --
[component_container-11] 	 18.440	  Sonar	     --	     --	    inf	     --
[component_container-11] 	 18.440	  Magnt	     --	     --	     --	  1.291
[component_container-11] 
[component_container-11] 	 18.470	   Pose	  2.573	  0.009	  4.986	  1.267
[component_container-11] 	 18.470	  Twist	  0.178	  0.133	 -0.078	 -0.287
[component_container-11] 	 18.470	ErrPose	 -0.441	  0.375	  0.014	  0.022
[component_container-11] 	 18.470	ErrTwis	  0.604	  0.410	  0.071	  0.007
[component_container-11] 	 18.470	    GPS	  2.208	 -0.037	  5.022	     --
[component_container-11] 	 18.470	   Baro	     --	     --	  5.439	     --
[component_container-11] 	 18.470	  BBias	     --	     --	  0.587	     --
[component_container-11] 	 18.470	  Sonar	     --	     --	    inf	     --
[component_container-11] 	 18.470	  Magnt	     --	     --	     --	  1.279
[component_container-11] 
[component_container-11] 	 18.500	   Pose	  2.578	  0.013	  4.984	  1.258
[component_container-11] 	 18.500	  Twist	  0.181	  0.127	 -0.080	 -0.278
[component_container-11] 	 18.500	ErrPose	 -0.459	  0.408	  0.015	  0.019
[component_container-11] 	 18.500	ErrTwis	  0.607	  0.425	  0.073	 -0.001
[component_container-11] 	 18.500	    GPS	  2.208	 -0.037	  5.022	     --
[component_container-11] 	 18.500	   Baro	     --	     --	  5.439	     --
[component_container-11] 	 18.500	  BBias	     --	     --	  0.587	     --
[component_container-11] 	 18.500	  Sonar	     --	     --	    inf	     --
[component_container-11] 	 18.500	  Magnt	     --	     --	     --	  1.279
[component_container-11] 
[component_container-11] [INFO] [1775369583.040849838] [drone.estimator]: TMP LOG gps innov_xy=(-0.718, 0.298) est_xy=(2.578, 0.013) gps_xy=(1.860, 0.311) corr_xy=(1.860, 0.311) vel_xy=(0.181, 0.127)
[component_container-11] [INFO] [1775369583.041318932] [drone.estimator]: TMP LOG gps vel pseudo raw=(-0.697, 0.695) filt=(-0.634, 0.650) innov_v=(-0.703, 0.476) apply=(1,1)
[component_container-11] 	 18.540	   Pose	  2.240	  0.191	  4.993	  1.248
[component_container-11] 	 18.540	  Twist	 -0.080	  0.268	 -0.069	 -0.286
[component_container-11] 	 18.540	ErrPose	 -0.133	  0.268	  0.004	  0.019
[component_container-11] 	 18.540	ErrTwis	  0.873	  0.294	  0.061	  0.006
[component_container-11] 	 18.540	    GPS	  1.860	  0.311	  4.998	     --
[component_container-11] 	 18.540	   Baro	     --	     --	  5.703	     --
[component_container-11] 	 18.540	  BBias	     --	     --	  0.587	     --
[component_container-11] 	 18.540	  Sonar	     --	     --	    inf	     --
[component_container-11] 	 18.540	  Magnt	     --	     --	     --	  1.311
[component_container-11] 
[component_container-11] 	 18.570	   Pose	  2.238	  0.199	  4.985	  1.239
[component_container-11] 	 18.570	  Twist	 -0.078	  0.264	 -0.075	 -0.293
[component_container-11] 	 18.570	ErrPose	 -0.137	  0.278	  0.010	  0.022
[component_container-11] 	 18.570	ErrTwis	  0.874	  0.303	  0.067	  0.014
[component_container-11] 	 18.570	    GPS	  1.860	  0.311	  4.998	     --
[component_container-11] 	 18.570	   Baro	     --	     --	  5.505	     --
[component_container-11] 	 18.570	  BBias	     --	     --	  0.587	     --
[component_container-11] 	 18.570	  Sonar	     --	     --	    inf	     --
[component_container-11] 	 18.570	  Magnt	     --	     --	     --	  1.247
[component_container-11] 
[component_container-11] 	 18.600	   Pose	  2.235	  0.207	  4.983	  1.231
[component_container-11] 	 18.600	  Twist	 -0.076	  0.259	 -0.075	 -0.279
[component_container-11] 	 18.600	ErrPose	 -0.147	  0.308	  0.011	  0.019
[component_container-11] 	 18.600	ErrTwis	  0.877	  0.318	  0.067	 -0.001
[component_container-11] 	 18.600	    GPS	  1.860	  0.311	  4.998	     --
[component_container-11] 	 18.600	   Baro	     --	     --	  5.505	     --
[component_container-11] 	 18.600	  BBias	     --	     --	  0.587	     --
[component_container-11] 	 18.600	  Sonar	     --	     --	    inf	     --
[component_container-11] 	 18.600	  Magnt	     --	     --	     --	  1.247
[component_container-11] 
[component_container-11] 	 18.640	   Pose	  2.232	  0.217	  4.973	  1.221
[component_container-11] 	 18.640	  Twist	 -0.075	  0.252	 -0.083	 -0.286
[component_container-11] 	 18.640	ErrPose	 -0.156	  0.336	  0.019	  0.018
[component_container-11] 	 18.640	ErrTwis	  0.878	  0.335	  0.075	  0.006
[component_container-11] 	 18.640	    GPS	  1.860	  0.311	  4.998	     --
[component_container-11] 	 18.640	   Baro	     --	     --	  5.487	     --
[component_container-11] 	 18.640	  BBias	     --	     --	  0.587	     --
[component_container-11] 	 18.640	  Sonar	     --	     --	    inf	     --
[component_container-11] 	 18.640	  Magnt	     --	     --	     --	  1.289
[component_container-11] 
[component_container-11] 	 18.670	   Pose	  2.230	  0.225	  4.958	  1.213
[component_container-11] 	 18.670	  Twist	 -0.073	  0.247	 -0.096	 -0.281
[component_container-11] 	 18.670	ErrPose	 -0.160	  0.348	  0.033	  0.020
[component_container-11] 	 18.670	ErrTwis	  0.878	  0.345	  0.088	  0.001
[component_container-11] 	 18.670	    GPS	  1.860	  0.311	  4.998	     --
[component_container-11] 	 18.670	   Baro	     --	     --	  5.410	     --
[component_container-11] 	 18.670	  BBias	     --	     --	  0.587	     --
[component_container-11] 	 18.670	  Sonar	     --	     --	    inf	     --
[component_container-11] 	 18.670	  Magnt	     --	     --	     --	  1.230
[component_container-11] 
[component_container-11] 	 18.700	   Pose	  2.228	  0.232	  4.956	  1.204
[component_container-11] 	 18.700	  Twist	 -0.072	  0.242	 -0.095	 -0.284
[component_container-11] 	 18.700	ErrPose	 -0.169	  0.379	  0.034	  0.018
[component_container-11] 	 18.700	ErrTwis	  0.880	  0.359	  0.086	  0.005
[component_container-11] 	 18.700	    GPS	  1.860	  0.311	  4.998	     --
[component_container-11] 	 18.700	   Baro	     --	     --	  5.410	     --
[component_container-11] 	 18.700	  BBias	     --	     --	  0.587	     --
[component_container-11] 	 18.700	  Sonar	     --	     --	    inf	     --
[component_container-11] 	 18.700	  Magnt	     --	     --	     --	  1.230
[component_container-11] 
[component_container-11] 	 18.740	   Pose	  2.225	  0.241	  4.954	  1.194
[component_container-11] 	 18.740	  Twist	 -0.069	  0.236	 -0.092	 -0.288
[component_container-11] 	 18.740	ErrPose	 -0.178	  0.409	  0.034	  0.017
[component_container-11] 	 18.740	ErrTwis	  0.881	  0.371	  0.080	  0.008
[component_container-11] 	 18.740	    GPS	  1.860	  0.311	  4.998	     --
[component_container-11] 	 18.740	   Baro	     --	     --	  5.575	     --
[component_container-11] 	 18.740	  BBias	     --	     --	  0.587	     --
[component_container-11] 	 18.740	  Sonar	     --	     --	    inf	     --
[component_container-11] 	 18.740	  Magnt	     --	     --	     --	  1.245
[component_container-11] 
[component_container-11] 	 18.770	   Pose	  2.223	  0.248	  4.950	  1.185
[component_container-11] 	 18.770	  Twist	 -0.068	  0.230	 -0.092	 -0.283
[component_container-11] 	 18.770	ErrPose	 -0.182	  0.421	  0.037	  0.020
[component_container-11] 	 18.770	ErrTwis	  0.880	  0.379	  0.079	  0.003
[component_container-11] 	 18.770	    GPS	  1.860	  0.311	  4.998	     --
[component_container-11] 	 18.770	   Baro	     --	     --	  5.520	     --
[component_container-11] 	 18.770	  BBias	     --	     --	  0.587	     --
[component_container-11] 	 18.770	  Sonar	     --	     --	    inf	     --
[component_container-11] 	 18.770	  Magnt	     --	     --	     --	  1.191
[component_container-11] 
[component_container-11] 	 18.800	   Pose	  2.221	  0.255	  4.947	  1.176
[component_container-11] 	 18.800	  Twist	 -0.067	  0.225	 -0.092	 -0.303
[component_container-11] 	 18.800	ErrPose	 -0.191	  0.454	  0.039	  0.018
[component_container-11] 	 18.800	ErrTwis	  0.881	  0.389	  0.079	  0.023
[component_container-11] 	 18.800	    GPS	  1.860	  0.311	  4.998	     --
[component_container-11] 	 18.800	   Baro	     --	     --	  5.520	     --
[component_container-11] 	 18.800	  BBias	     --	     --	  0.587	     --
[component_container-11] 	 18.800	  Sonar	     --	     --	    inf	     --
[component_container-11] 	 18.800	  Magnt	     --	     --	     --	  1.191
[component_container-11] 
[component_container-11] 	 18.840	   Pose	  2.219	  0.264	  4.945	  1.165
[component_container-11] 	 18.840	  Twist	 -0.065	  0.217	 -0.090	 -0.287
[component_container-11] 	 18.840	ErrPose	 -0.199	  0.484	  0.040	  0.018
[component_container-11] 	 18.840	ErrTwis	  0.880	  0.400	  0.079	  0.007
[component_container-11] 	 18.840	    GPS	  1.860	  0.311	  4.998	     --
[component_container-11] 	 18.840	   Baro	     --	     --	  5.549	     --
[component_container-11] 	 18.840	  BBias	     --	     --	  0.587	     --
[component_container-11] 	 18.840	  Sonar	     --	     --	    inf	     --
[component_container-11] 	 18.840	  Magnt	     --	     --	     --	  1.176
[component_container-11] 
[component_container-11] 	 18.870	   Pose	  2.217	  0.271	  4.950	  1.157
[component_container-11] 	 18.870	  Twist	 -0.063	  0.212	 -0.081	 -0.291
[component_container-11] 	 18.870	ErrPose	 -0.202	  0.498	  0.034	  0.020
[component_container-11] 	 18.870	ErrTwis	  0.879	  0.407	  0.071	  0.012
[component_container-11] 	 18.870	    GPS	  1.860	  0.311	  4.998	     --
[component_container-11] 	 18.870	   Baro	     --	     --	  5.623	     --
[component_container-11] 	 18.870	  BBias	     --	     --	  0.587	     --
[component_container-11] 	 18.870	  Sonar	     --	     --	    inf	     --
[component_container-11] 	 18.870	  Magnt	     --	     --	     --	  1.181
[component_container-11] 
[component_container-11] 	 18.900	   Pose	  2.215	  0.277	  4.948	  1.148
[component_container-11] 	 18.900	  Twist	 -0.061	  0.207	 -0.080	 -0.290
[component_container-11] 	 18.900	ErrPose	 -0.211	  0.531	  0.035	  0.018
[component_container-11] 	 18.900	ErrTwis	  0.878	  0.416	  0.073	  0.010
[component_container-11] 	 18.900	    GPS	  1.860	  0.311	  4.998	     --
[component_container-11] 	 18.900	   Baro	     --	     --	  5.623	     --
[component_container-11] 	 18.900	  BBias	     --	     --	  0.587	     --
[component_container-11] 	 18.900	  Sonar	     --	     --	    inf	     --
[component_container-11] 	 18.900	  Magnt	     --	     --	     --	  1.181
[component_container-11] 
[component_container-11] 	 18.940	   Pose	  2.212	  0.285	  4.945	  1.137
[component_container-11] 	 18.940	  Twist	 -0.059	  0.200	 -0.079	 -0.282
[component_container-11] 	 18.940	ErrPose	 -0.218	  0.563	  0.036	  0.018
[component_container-11] 	 18.940	ErrTwis	  0.876	  0.428	  0.074	  0.002
[component_container-11] 	 18.940	    GPS	  1.860	  0.311	  4.998	     --
[component_container-11] 	 18.940	   Baro	     --	     --	  5.541	     --
[component_container-11] 	 18.940	  BBias	     --	     --	  0.587	     --
[component_container-11] 	 18.940	  Sonar	     --	     --	    inf	     --
[component_container-11] 	 18.940	  Magnt	     --	     --	     --	  1.141
[component_container-11] 
[component_container-11] 	 18.970	   Pose	  2.211	  0.291	  4.946	  1.128
[component_container-11] 	 18.970	  Twist	 -0.057	  0.194	 -0.076	 -0.294
[component_container-11] 	 18.970	ErrPose	 -0.222	  0.577	  0.036	  0.021
[component_container-11] 	 18.970	ErrTwis	  0.874	  0.436	  0.072	  0.015
[component_container-11] 	 18.970	    GPS	  1.860	  0.311	  4.998	     --
[component_container-11] 	 18.970	   Baro	     --	     --	  5.559	     --
[component_container-11] 	 18.970	  BBias	     --	     --	  0.587	     --
[component_container-11] 	 18.970	  Sonar	     --	     --	    inf	     --
[component_container-11] 	 18.970	  Magnt	     --	     --	     --	  1.121
[component_container-11] 
[component_container-11] [INFO] [1775369583.536871285] [drone.controller]: cmd_vel body=(0.726, 0.688, 0.019) yaw=-0.300 | odom_received=true | plan_points=40
[component_container-11] 	 19.000	   Pose	  2.209	  0.297	  4.943	  1.119
[component_container-11] 	 19.000	  Twist	 -0.057	  0.189	 -0.076	 -0.285
[component_container-11] 	 19.000	ErrPose	 -0.230	  0.612	  0.037	  0.019
[component_container-11] 	 19.000	ErrTwis	  0.872	  0.447	  0.074	  0.005
[component_container-11] 	 19.000	    GPS	  1.860	  0.311	  4.998	     --
[component_container-11] 	 19.000	   Baro	     --	     --	  5.559	     --
[component_container-11] 	 19.000	  BBias	     --	     --	  0.587	     --
[component_container-11] 	 19.000	  Sonar	     --	     --	    inf	     --
[component_container-11] 	 19.000	  Magnt	     --	     --	     --	  1.121
[component_container-11] 
[component_container-11] [INFO] [1775369583.537169128] [drone.estimator]: TMP LOG err_xyz=(-0.230, 0.612, 0.037) | z_est=4.943 vz_est=-0.076 bias=0.587 | gps_z=4.998 sonar=inf baro=5.559
[component_container-11] 	 19.040	   Pose	  1.955	  0.760	  4.941	  1.107
[component_container-11] 	 19.040	  Twist	 -0.226	  0.568	 -0.076	 -0.278
[component_container-11] 	 19.040	ErrPose	  0.014	  0.189	  0.039	  0.020
[component_container-11] 	 19.040	ErrTwis	  1.039	  0.075	  0.075	 -0.002
[component_container-11] 	 19.040	    GPS	  1.612	  1.113	  4.980	     --
[component_container-11] 	 19.040	   Baro	     --	     --	  5.459	     --
[component_container-11] 	 19.040	  BBias	     --	     --	  0.587	     --
[component_container-11] 	 19.040	  Sonar	     --	     --	    inf	     --
[component_container-11] 	 19.040	  Magnt	     --	     --	     --	  1.072
[component_container-11] 
[component_container-11] [INFO] [1775369583.592925817] [drone.estimator]: TMP LOG sonar rejected: meas=2.484 est_z=4.943 innov=-2.459
[component_container-11] 	 19.070	   Pose	  1.949	  0.777	  4.943	  1.098
[component_container-11] 	 19.070	  Twist	 -0.225	  0.562	 -0.072	 -0.291
[component_container-11] 	 19.070	ErrPose	  0.016	  0.192	  0.037	  0.023
[component_container-11] 	 19.070	ErrTwis	  1.037	  0.083	  0.072	  0.011
[component_container-11] 	 19.070	    GPS	  1.612	  1.113	  4.980	     --
[component_container-11] 	 19.070	   Baro	     --	     --	  5.576	     --
[component_container-11] 	 19.070	  BBias	     --	     --	  0.587	     --
[component_container-11] 	 19.070	  Sonar	     --	     --	  2.484	     --
[component_container-11] 	 19.070	  Magnt	     --	     --	     --	  1.114
[component_container-11] 
[component_container-11] 	 19.100	   Pose	  1.942	  0.794	  4.940	  1.090
[component_container-11] 	 19.100	  Twist	 -0.223	  0.557	 -0.073	 -0.263
[component_container-11] 	 19.100	ErrPose	  0.014	  0.216	  0.038	  0.020
[component_container-11] 	 19.100	ErrTwis	  1.032	  0.096	  0.072	 -0.016
[component_container-11] 	 19.100	    GPS	  1.612	  1.113	  4.980	     --
[component_container-11] 	 19.100	   Baro	     --	     --	  5.576	     --
[component_container-11] 	 19.100	  BBias	     --	     --	  0.587	     --
[component_container-11] 	 19.100	  Sonar	     --	     --	  2.484	     --
[component_container-11] 	 19.100	  Magnt	     --	     --	     --	  1.114
[component_container-11] 
[component_container-11] 	 19.140	   Pose	  1.933	  0.816	  4.937	  1.079
[component_container-11] 	 19.140	  Twist	 -0.221	  0.549	 -0.073	 -0.288
[component_container-11] 	 19.140	ErrPose	  0.013	  0.235	  0.041	  0.020
[component_container-11] 	 19.140	ErrTwis	  1.027	  0.110	  0.074	  0.009
[component_container-11] 	 19.140	    GPS	  1.612	  1.113	  4.980	     --
[component_container-11] 	 19.140	   Baro	     --	     --	  5.516	     --
[component_container-11] 	 19.140	  BBias	     --	     --	  0.587	     --
[component_container-11] 	 19.140	  Sonar	     --	     --	  2.461	     --
[component_container-11] 	 19.140	  Magnt	     --	     --	     --	  1.106
[component_container-11] 
[component_container-11] 	 19.170	   Pose	  1.926	  0.832	  4.931	  1.070
[component_container-11] 	 19.170	  Twist	 -0.219	  0.544	 -0.076	 -0.304
[component_container-11] 	 19.170	ErrPose	  0.015	  0.239	  0.047	  0.023
[component_container-11] 	 19.170	ErrTwis	  1.024	  0.118	  0.078	  0.025
[component_container-11] 	 19.170	    GPS	  1.612	  1.113	  4.980	     --
[component_container-11] 	 19.170	   Baro	     --	     --	  5.475	     --
[component_container-11] 	 19.170	  BBias	     --	     --	  0.587	     --
[component_container-11] 	 19.170	  Sonar	     --	     --	  2.463	     --
[component_container-11] 	 19.170	  Magnt	     --	     --	     --	  1.067
[component_container-11] 
[component_container-11] 	 19.200	   Pose	  1.920	  0.848	  4.928	  1.062
[component_container-11] 	 19.200	  Twist	 -0.218	  0.539	 -0.076	 -0.284
[component_container-11] 	 19.200	ErrPose	  0.013	  0.263	  0.049	  0.021
[component_container-11] 	 19.200	ErrTwis	  1.019	  0.131	  0.078	  0.005
[component_container-11] 	 19.200	    GPS	  1.612	  1.113	  4.980	     --
[component_container-11] 	 19.200	   Baro	     --	     --	  5.475	     --
[component_container-11] 	 19.200	  BBias	     --	     --	  0.587	     --
[component_container-11] 	 19.200	  Sonar	     --	     --	  2.463	     --
[component_container-11] 	 19.200	  Magnt	     --	     --	     --	  1.067
[component_container-11] 
[component_container-11] 	 19.240	   Pose	  1.911	  0.870	  4.943	  1.050
[component_container-11] 	 19.240	  Twist	 -0.217	  0.532	 -0.057	 -0.291
[component_container-11] 	 19.240	ErrPose	  0.013	  0.283	  0.034	  0.021
[component_container-11] 	 19.240	ErrTwis	  1.013	  0.143	  0.059	  0.012
[component_container-11] 	 19.240	    GPS	  1.612	  1.113	  4.980	     --
[component_container-11] 	 19.240	   Baro	     --	     --	  5.721	     --
[component_container-11] 	 19.240	  BBias	     --	     --	  0.587	     --
[component_container-11] 	 19.240	  Sonar	     --	     --	  3.086	     --
[component_container-11] 	 19.240	  Magnt	     --	     --	     --	  1.044
[component_container-11] 
[component_container-11] 	 19.270	   Pose	  1.905	  0.886	  4.950	  1.041
[component_container-11] 	 19.270	  Twist	 -0.215	  0.526	 -0.047	 -0.289
[component_container-11] 	 19.270	ErrPose	  0.015	  0.287	  0.026	  0.024
[component_container-11] 	 19.270	ErrTwis	  1.009	  0.152	  0.049	  0.010
[component_container-11] 	 19.270	    GPS	  1.612	  1.113	  4.980	     --
[component_container-11] 	 19.270	   Baro	     --	     --	  5.637	     --
[component_container-11] 	 19.270	  BBias	     --	     --	  0.587	     --
[component_container-11] 	 19.270	  Sonar	     --	     --	    inf	     --
[component_container-11] 	 19.270	  Magnt	     --	     --	     --	  1.049
[component_container-11] 
[component_container-11] 	 19.300	   Pose	  1.898	  0.901	  4.949	  1.033
[component_container-11] 	 19.300	  Twist	 -0.214	  0.521	 -0.047	 -0.281
[component_container-11] 	 19.300	ErrPose	  0.013	  0.312	  0.027	  0.022
[component_container-11] 	 19.300	ErrTwis	  1.003	  0.162	  0.050	  0.001
[component_container-11] 	 19.300	    GPS	  1.612	  1.113	  4.980	     --
[component_container-11] 	 19.300	   Baro	     --	     --	  5.637	     --
[component_container-11] 	 19.300	  BBias	     --	     --	  0.587	     --
[component_container-11] 	 19.300	  Sonar	     --	     --	    inf	     --
[component_container-11] 	 19.300	  Magnt	     --	     --	     --	  1.049
[component_container-11] 
[component_container-11] 	 19.340	   Pose	  1.890	  0.922	  4.947	  1.022
[component_container-11] 	 19.340	  Twist	 -0.213	  0.514	 -0.048	 -0.291
[component_container-11] 	 19.340	ErrPose	  0.013	  0.332	  0.029	  0.021
[component_container-11] 	 19.340	ErrTwis	  0.996	  0.175	  0.051	  0.012
[component_container-11] 	 19.340	    GPS	  1.612	  1.113	  4.980	     --
[component_container-11] 	 19.340	   Baro	     --	     --	  5.533	     --
[component_container-11] 	 19.340	  BBias	     --	     --	  0.587	     --
[component_container-11] 	 19.340	  Sonar	     --	     --	    inf	     --
[component_container-11] 	 19.340	  Magnt	     --	     --	     --	  1.055
[component_container-11] 
[component_container-11] 	 19.370	   Pose	  1.883	  0.937	  4.950	  1.013
[component_container-11] 	 19.370	  Twist	 -0.212	  0.508	 -0.044	 -0.302
[component_container-11] 	 19.370	ErrPose	  0.015	  0.337	  0.025	  0.025
[component_container-11] 	 19.370	ErrTwis	  0.992	  0.183	  0.047	  0.023
[component_container-11] 	 19.370	    GPS	  1.612	  1.113	  4.980	     --
[component_container-11] 	 19.370	   Baro	     --	     --	  5.591	     --
[component_container-11] 	 19.370	  BBias	     --	     --	  0.587	     --
[component_container-11] 	 19.370	  Sonar	     --	     --	    inf	     --
[component_container-11] 	 19.370	  Magnt	     --	     --	     --	  1.021
[component_container-11] 
[component_container-11] 	 19.400	   Pose	  1.877	  0.953	  4.949	  1.004
[component_container-11] 	 19.400	  Twist	 -0.210	  0.503	 -0.044	 -0.287
[component_container-11] 	 19.400	ErrPose	  0.013	  0.363	  0.026	  0.022
[component_container-11] 	 19.400	ErrTwis	  0.984	  0.193	  0.048	  0.007
[component_container-11] 	 19.400	    GPS	  1.612	  1.113	  4.980	     --
[component_container-11] 	 19.400	   Baro	     --	     --	  5.591	     --
[component_container-11] 	 19.400	  BBias	     --	     --	  0.587	     --
[component_container-11] 	 19.400	  Sonar	     --	     --	    inf	     --
[component_container-11] 	 19.400	  Magnt	     --	     --	     --	  1.021
[component_container-11] 
[component_container-11] 	 19.440	   Pose	  1.869	  0.973	  4.949	  0.993
[component_container-11] 	 19.440	  Twist	 -0.209	  0.496	 -0.043	 -0.278
[component_container-11] 	 19.440	ErrPose	  0.013	  0.384	  0.026	  0.022
[component_container-11] 	 19.440	ErrTwis	  0.975	  0.205	  0.048	 -0.002
[component_container-11] 	 19.440	    GPS	  1.612	  1.113	  4.980	     --
[component_container-11] 	 19.440	   Baro	     --	     --	  5.549	     --
[component_container-11] 	 19.440	  BBias	     --	     --	  0.587	     --
[component_container-11] 	 19.440	  Sonar	     --	     --	    inf	     --
[component_container-11] 	 19.440	  Magnt	     --	     --	     --	  1.027
[component_container-11] 
[component_container-11] 	 19.470	   Pose	  1.862	  0.987	  4.957	  0.985
[component_container-11] 	 19.470	  Twist	 -0.207	  0.491	 -0.034	 -0.298
[component_container-11] 	 19.470	ErrPose	  0.016	  0.389	  0.018	  0.024
[component_container-11] 	 19.470	ErrTwis	  0.970	  0.213	  0.039	  0.018
[component_container-11] 	 19.470	    GPS	  1.612	  1.113	  4.980	     --
[component_container-11] 	 19.470	   Baro	     --	     --	  5.642	     --
[component_container-11] 	 19.470	  BBias	     --	     --	  0.587	     --
[component_container-11] 	 19.470	  Sonar	     --	     --	    inf	     --
[component_container-11] 	 19.470	  Magnt	     --	     --	     --	  1.013
[component_container-11] 
[component_container-11] 	 19.500	   Pose	  1.856	  1.002	  4.956	  0.977
[component_container-11] 	 19.500	  Twist	 -0.206	  0.485	 -0.035	 -0.289
[component_container-11] 	 19.500	ErrPose	  0.014	  0.415	  0.019	  0.022
[component_container-11] 	 19.500	ErrTwis	  0.961	  0.225	  0.040	  0.010
[component_container-11] 	 19.500	    GPS	  1.612	  1.113	  4.980	     --
[component_container-11] 	 19.500	   Baro	     --	     --	  5.642	     --
[component_container-11] 	 19.500	  BBias	     --	     --	  0.587	     --
[component_container-11] 	 19.500	  Sonar	     --	     --	    inf	     --
[component_container-11] 	 19.500	  Magnt	     --	     --	     --	  1.013
[component_container-11] 
[component_container-11] [INFO] [1775369584.043435577] [drone.estimator]: TMP LOG gps innov_xy=(-0.288, 0.404) est_xy=(1.856, 1.002) gps_xy=(1.568, 1.406) corr_xy=(1.568, 1.406) vel_xy=(-0.206, 0.485)
[component_container-11] [INFO] [1775369584.043605200] [drone.estimator]: TMP LOG gps vel pseudo raw=(-0.088, 0.585) filt=(-0.130, 0.678) innov_v=(0.121, 0.130) apply=(1,1)
[component_container-11] 	 19.540	   Pose	  1.774	  1.173	  4.956	  0.965
[component_container-11] 	 19.540	  Twist	 -0.223	  0.568	 -0.033	 -0.297
[component_container-11] 	 19.540	ErrPose	  0.088	  0.285	  0.018	  0.023
[component_container-11] 	 19.540	ErrTwis	  0.970	  0.147	  0.039	  0.017
[component_container-11] 	 19.540	    GPS	  1.568	  1.406	  4.975	     --
[component_container-11] 	 19.540	   Baro	     --	     --	  5.524	     --
[component_container-11] 	 19.540	  BBias	     --	     --	  0.587	     --
[component_container-11] 	 19.540	  Sonar	     --	     --	    inf	     --
[component_container-11] 	 19.540	  Magnt	     --	     --	     --	  0.946
[component_container-11] 
[component_container-11] 	 19.570	   Pose	  1.768	  1.190	  4.954	  0.955
[component_container-11] 	 19.570	  Twist	 -0.222	  0.562	 -0.035	 -0.280
[component_container-11] 	 19.570	ErrPose	  0.091	  0.288	  0.020	  0.026
[component_container-11] 	 19.570	ErrTwis	  0.965	  0.156	  0.041	  0.001
[component_container-11] 	 19.570	    GPS	  1.568	  1.406	  4.975	     --
[component_container-11] 	 19.570	   Baro	     --	     --	  5.534	     --
[component_container-11] 	 19.570	  BBias	     --	     --	  0.587	     --
[component_container-11] 	 19.570	  Sonar	     --	     --	    inf	     --
[component_container-11] 	 19.570	  Magnt	     --	     --	     --	  0.939
[component_container-11] 
[component_container-11] 	 19.600	   Pose	  1.761	  1.206	  4.953	  0.947
[component_container-11] 	 19.600	  Twist	 -0.221	  0.556	 -0.035	 -0.293
[component_container-11] 	 19.600	ErrPose	  0.090	  0.312	  0.021	  0.024
[component_container-11] 	 19.600	ErrTwis	  0.955	  0.168	  0.041	  0.013
[component_container-11] 	 19.600	    GPS	  1.568	  1.406	  4.975	     --
[component_container-11] 	 19.600	   Baro	     --	     --	  5.534	     --
[component_container-11] 	 19.600	  BBias	     --	     --	  0.587	     --
[component_container-11] 	 19.600	  Sonar	     --	     --	    inf	     --
[component_container-11] 	 19.600	  Magnt	     --	     --	     --	  0.939
[component_container-11] 
[component_container-11] 	 19.640	   Pose	  1.752	  1.229	  4.950	  0.936
[component_container-11] 	 19.640	  Twist	 -0.220	  0.548	 -0.038	 -0.280
[component_container-11] 	 19.640	ErrPose	  0.091	  0.330	  0.025	  0.023
[component_container-11] 	 19.640	ErrTwis	  0.944	  0.182	  0.045	  0.000
[component_container-11] 	 19.640	    GPS	  1.568	  1.406	  4.975	     --
[component_container-11] 	 19.640	   Baro	     --	     --	  5.512	     --
[component_container-11] 	 19.640	  BBias	     --	     --	  0.587	     --
[component_container-11] 	 19.640	  Sonar	     --	     --	    inf	     --
[component_container-11] 	 19.640	  Magnt	     --	     --	     --	  0.977
[component_container-11] 
[component_container-11] 	 19.670	   Pose	  1.746	  1.245	  4.954	  0.929
[component_container-11] 	 19.670	  Twist	 -0.219	  0.543	 -0.033	 -0.291
[component_container-11] 	 19.670	ErrPose	  0.093	  0.334	  0.020	  0.025
[component_container-11] 	 19.670	ErrTwis	  0.939	  0.190	  0.040	  0.011
[component_container-11] 	 19.670	    GPS	  1.568	  1.406	  4.975	     --
[component_container-11] 	 19.670	   Baro	     --	     --	  5.607	     --
[component_container-11] 	 19.670	  BBias	     --	     --	  0.587	     --
[component_container-11] 	 19.670	  Sonar	     --	     --	    inf	     --
[component_container-11] 	 19.670	  Magnt	     --	     --	     --	  0.994
[component_container-11] 
[component_container-11] 	 19.700	   Pose	  1.739	  1.261	  4.953	  0.920
[component_container-11] 	 19.700	  Twist	 -0.218	  0.538	 -0.033	 -0.294
[component_container-11] 	 19.700	ErrPose	  0.092	  0.358	  0.021	  0.022
[component_container-11] 	 19.700	ErrTwis	  0.928	  0.201	  0.040	  0.015
[component_container-11] 	 19.700	    GPS	  1.568	  1.406	  4.975	     --
[component_container-11] 	 19.700	   Baro	     --	     --	  5.607	     --
[component_container-11] 	 19.700	  BBias	     --	     --	  0.587	     --
[component_container-11] 	 19.700	  Sonar	     --	     --	    inf	     --
[component_container-11] 	 19.700	  Magnt	     --	     --	     --	  0.994
[component_container-11] 
[component_container-11] 	 19.740	   Pose	  1.730	  1.282	  4.962	  0.910
[component_container-11] 	 19.740	  Twist	 -0.217	  0.530	 -0.023	 -0.280
[component_container-11] 	 19.740	ErrPose	  0.093	  0.377	  0.012	  0.021
[component_container-11] 	 19.740	ErrTwis	  0.916	  0.214	  0.030	  0.000
[component_container-11] 	 19.740	    GPS	  1.568	  1.406	  4.975	     --
[component_container-11] 	 19.740	   Baro	     --	     --	  5.662	     --
[component_container-11] 	 19.740	  BBias	     --	     --	  0.587	     --
[component_container-11] 	 19.740	  Sonar	     --	     --	    inf	     --
[component_container-11] 	 19.740	  Magnt	     --	     --	     --	  0.989
[component_container-11] 
[component_container-11] 	 19.770	   Pose	  1.724	  1.298	  4.961	  0.902
[component_container-11] 	 19.770	  Twist	 -0.215	  0.525	 -0.023	 -0.298
[component_container-11] 	 19.770	ErrPose	  0.096	  0.381	  0.013	  0.023
[component_container-11] 	 19.770	ErrTwis	  0.910	  0.222	  0.031	  0.019
[component_container-11] 	 19.770	    GPS	  1.568	  1.406	  4.975	     --
[component_container-11] 	 19.770	   Baro	     --	     --	  5.541	     --
[component_container-11] 	 19.770	  BBias	     --	     --	  0.587	     --
[component_container-11] 	 19.770	  Sonar	     --	     --	    inf	     --
[component_container-11] 	 19.770	  Magnt	     --	     --	     --	  0.945
[component_container-11] 
[component_container-11] 	 19.800	   Pose	  1.718	  1.314	  4.960	  0.894
[component_container-11] 	 19.800	  Twist	 -0.215	  0.519	 -0.024	 -0.293
[component_container-11] 	 19.800	ErrPose	  0.095	  0.405	  0.014	  0.021
[component_container-11] 	 19.800	ErrTwis	  0.898	  0.233	  0.032	  0.014
[component_container-11] 	 19.800	    GPS	  1.568	  1.406	  4.975	     --
[component_container-11] 	 19.800	   Baro	     --	     --	  5.541	     --
[component_container-11] 	 19.800	  BBias	     --	     --	  0.587	     --
[component_container-11] 	 19.800	  Sonar	     --	     --	    inf	     --
[component_container-11] 	 19.800	  Magnt	     --	     --	     --	  0.945
[component_container-11] 
[component_container-11] 	 19.840	   Pose	  1.709	  1.335	  4.970	  0.882
[component_container-11] 	 19.840	  Twist	 -0.213	  0.512	 -0.014	 -0.283
[component_container-11] 	 19.840	ErrPose	  0.096	  0.424	  0.005	  0.022
[component_container-11] 	 19.840	ErrTwis	  0.886	  0.245	  0.023	  0.004
[component_container-11] 	 19.840	    GPS	  1.568	  1.406	  4.975	     --
[component_container-11] 	 19.840	   Baro	     --	     --	  5.664	     --
[component_container-11] 	 19.840	  BBias	     --	     --	  0.587	     --
[component_container-11] 	 19.840	  Sonar	     --	     --	    inf	     --
[component_container-11] 	 19.840	  Magnt	     --	     --	     --	  0.872
[component_container-11] 
[component_container-11] 	 19.870	   Pose	  1.703	  1.350	  4.975	  0.873
[component_container-11] 	 19.870	  Twist	 -0.212	  0.507	 -0.009	 -0.297
[component_container-11] 	 19.870	ErrPose	  0.098	  0.428	  0.000	  0.025
[component_container-11] 	 19.870	ErrTwis	  0.879	  0.253	  0.018	  0.017
[component_container-11] 	 19.870	    GPS	  1.568	  1.406	  4.975	     --
[component_container-11] 	 19.870	   Baro	     --	     --	  5.620	     --
[component_container-11] 	 19.870	  BBias	     --	     --	  0.587	     --
[component_container-11] 	 19.870	  Sonar	     --	     --	    inf	     --
[component_container-11] 	 19.870	  Magnt	     --	     --	     --	  0.883
[component_container-11] 
[component_container-11] 	 19.900	   Pose	  1.696	  1.365	  4.974	  0.864
[component_container-11] 	 19.900	  Twist	 -0.211	  0.501	 -0.010	 -0.287
[component_container-11] 	 19.900	ErrPose	  0.097	  0.453	  0.001	  0.022
[component_container-11] 	 19.900	ErrTwis	  0.867	  0.263	  0.019	  0.007
[component_container-11] 	 19.900	    GPS	  1.568	  1.406	  4.975	     --
[component_container-11] 	 19.900	   Baro	     --	     --	  5.620	     --
[component_container-11] 	 19.900	  BBias	     --	     --	  0.587	     --
[component_container-11] 	 19.900	  Sonar	     --	     --	    inf	     --
[component_container-11] 	 19.900	  Magnt	     --	     --	     --	  0.883
[component_container-11] 
[component_container-11] 	 19.940	   Pose	  1.688	  1.385	  4.964	  0.854
[component_container-11] 	 19.940	  Twist	 -0.211	  0.493	 -0.021	 -0.273
[component_container-11] 	 19.940	ErrPose	  0.098	  0.472	  0.011	  0.022
[component_container-11] 	 19.940	ErrTwis	  0.854	  0.275	  0.030	 -0.007
[component_container-11] 	 19.940	    GPS	  1.568	  1.406	  4.975	     --
[component_container-11] 	 19.940	   Baro	     --	     --	  5.454	     --
[component_container-11] 	 19.940	  BBias	     --	     --	  0.587	     --
[component_container-11] 	 19.940	  Sonar	     --	     --	    inf	     --
[component_container-11] 	 19.940	  Magnt	     --	     --	     --	  0.890
[component_container-11] 
[component_container-11] 	 19.970	   Pose	  1.681	  1.400	  4.972	  0.846
[component_container-11] 	 19.970	  Twist	 -0.210	  0.487	 -0.015	 -0.278
[component_container-11] 	 19.970	ErrPose	  0.100	  0.477	  0.004	  0.024
[component_container-11] 	 19.970	ErrTwis	  0.847	  0.284	  0.024	 -0.002
[component_container-11] 	 19.970	    GPS	  1.568	  1.406	  4.975	     --
[component_container-11] 	 19.970	   Baro	     --	     --	  5.641	     --
[component_container-11] 	 19.970	  BBias	     --	     --	  0.587	     --
[component_container-11] 	 19.970	  Sonar	     --	     --	    inf	     --
[component_container-11] 	 19.970	  Magnt	     --	     --	     --	  0.883
[component_container-11] 
[component_container-11] [INFO] [1775369584.542605959] [drone.controller]: cmd_vel body=(0.560, 0.829, 0.013) yaw=-0.300 | odom_received=true | plan_points=28
[component_container-11] 	 20.000	   Pose	  1.675	  1.414	  4.971	  0.837
[component_container-11] 	 20.000	  Twist	 -0.208	  0.481	 -0.015	 -0.294
[component_container-11] 	 20.000	ErrPose	  0.099	  0.501	  0.004	  0.021
[component_container-11] 	 20.000	ErrTwis	  0.833	  0.295	  0.024	  0.014
[component_container-11] 	 20.000	    GPS	  1.568	  1.406	  4.975	     --
[component_container-11] 	 20.000	   Baro	     --	     --	  5.641	     --
[component_container-11] 	 20.000	  BBias	     --	     --	  0.587	     --
[component_container-11] 	 20.000	  Sonar	     --	     --	    inf	     --
[component_container-11] 	 20.000	  Magnt	     --	     --	     --	  0.883
[component_container-11] 
[component_container-11] [INFO] [1775369584.542962419] [drone.estimator]: TMP LOG err_xyz=(0.099, 0.501, 0.004) | z_est=4.971 vz_est=-0.015 bias=0.587 | gps_z=4.975 sonar=inf baro=5.641
[component_container-11] 	 20.040	   Pose	  1.770	  1.668	  4.971	  0.827
[component_container-11] 	 20.040	  Twist	 -0.088	  0.649	 -0.016	 -0.283
[component_container-11] 	 20.040	ErrPose	 -0.004	  0.286	  0.005	  0.020
[component_container-11] 	 20.040	ErrTwis	  0.700	  0.132	  0.025	  0.003
[component_container-11] 	 20.040	    GPS	  1.744	  1.924	  4.976	     --
[component_container-11] 	 20.040	   Baro	     --	     --	  5.555	     --
[component_container-11] 	 20.040	  BBias	     --	     --	  0.587	     --
[component_container-11] 	 20.040	  Sonar	     --	     --	    inf	     --
[component_container-11] 	 20.040	  Magnt	     --	     --	     --	  0.884
[component_container-11] 
[component_container-11] 	 20.070	   Pose	  1.768	  1.688	  4.964	  0.819
[component_container-11] 	 20.070	  Twist	 -0.087	  0.644	 -0.024	 -0.288
[component_container-11] 	 20.070	ErrPose	 -0.005	  0.286	  0.012	  0.023
[component_container-11] 	 20.070	ErrTwis	  0.693	  0.139	  0.033	  0.008
[component_container-11] 	 20.070	    GPS	  1.744	  1.924	  4.976	     --
[component_container-11] 	 20.070	   Baro	     --	     --	  5.470	     --
[component_container-11] 	 20.070	  BBias	     --	     --	  0.587	     --
[component_container-11] 	 20.070	  Sonar	     --	     --	    inf	     --
[component_container-11] 	 20.070	  Magnt	     --	     --	     --	  0.841
[component_container-11] 
[component_container-11] 	 20.100	   Pose	  1.765	  1.707	  4.963	  0.810
[component_container-11] 	 20.100	  Twist	 -0.086	  0.638	 -0.025	 -0.290
[component_container-11] 	 20.100	ErrPose	 -0.010	  0.305	  0.013	  0.020
[component_container-11] 	 20.100	ErrTwis	  0.679	  0.149	  0.034	  0.011
[component_container-11] 	 20.100	    GPS	  1.744	  1.924	  4.976	     --
[component_container-11] 	 20.100	   Baro	     --	     --	  5.470	     --
[component_container-11] 	 20.100	  BBias	     --	     --	  0.587	     --
[component_container-11] 	 20.100	  Sonar	     --	     --	    inf	     --
[component_container-11] 	 20.100	  Magnt	     --	     --	     --	  0.841
[component_container-11] 
[component_container-11] 	 20.140	   Pose	  1.762	  1.732	  4.960	  0.799
[component_container-11] 	 20.140	  Twist	 -0.084	  0.632	 -0.027	 -0.298
[component_container-11] 	 20.140	ErrPose	 -0.015	  0.318	  0.016	  0.021
[component_container-11] 	 20.140	ErrTwis	  0.664	  0.160	  0.038	  0.018
[component_container-11] 	 20.140	    GPS	  1.744	  1.924	  4.976	     --
[component_container-11] 	 20.140	   Baro	     --	     --	  5.527	     --
[component_container-11] 	 20.140	  BBias	     --	     --	  0.587	     --
[component_container-11] 	 20.140	  Sonar	     --	     --	    inf	     --
[component_container-11] 	 20.140	  Magnt	     --	     --	     --	  0.820
[component_container-11] 
[component_container-11] 	 20.170	   Pose	  1.759	  1.751	  4.966	  0.791
[component_container-11] 	 20.170	  Twist	 -0.083	  0.626	 -0.020	 -0.283
[component_container-11] 	 20.170	ErrPose	 -0.016	  0.318	  0.010	  0.023
[component_container-11] 	 20.170	ErrTwis	  0.656	  0.168	  0.031	  0.003
[component_container-11] 	 20.170	    GPS	  1.744	  1.924	  4.976	     --
[component_container-11] 	 20.170	   Baro	     --	     --	  5.634	     --
[component_container-11] 	 20.170	  BBias	     --	     --	  0.587	     --
[component_container-11] 	 20.170	  Sonar	     --	     --	    inf	     --
[component_container-11] 	 20.170	  Magnt	     --	     --	     --	  0.831
[component_container-11] 
[component_container-11] 	 20.200	   Pose	  1.757	  1.770	  4.966	  0.782
[component_container-11] 	 20.200	  Twist	 -0.082	  0.620	 -0.020	 -0.299
[component_container-11] 	 20.200	ErrPose	 -0.022	  0.338	  0.011	  0.020
[component_container-11] 	 20.200	ErrTwis	  0.642	  0.179	  0.032	  0.019
[component_container-11] 	 20.200	    GPS	  1.744	  1.924	  4.976	     --
[component_container-11] 	 20.200	   Baro	     --	     --	  5.634	     --
[component_container-11] 	 20.200	  BBias	     --	     --	  0.587	     --
[component_container-11] 	 20.200	  Sonar	     --	     --	    inf	     --
[component_container-11] 	 20.200	  Magnt	     --	     --	     --	  0.831
[component_container-11] 
[component_container-11] 	 20.240	   Pose	  1.753	  1.795	  4.968	  0.772
[component_container-11] 	 20.240	  Twist	 -0.081	  0.614	 -0.018	 -0.281
[component_container-11] 	 20.240	ErrPose	 -0.027	  0.351	  0.009	  0.020
[component_container-11] 	 20.240	ErrTwis	  0.626	  0.191	  0.032	  0.001
[component_container-11] 	 20.240	    GPS	  1.744	  1.924	  4.976	     --
[component_container-11] 	 20.240	   Baro	     --	     --	  5.591	     --
[component_container-11] 	 20.240	  BBias	     --	     --	  0.587	     --
[component_container-11] 	 20.240	  Sonar	     --	     --	    inf	     --
[component_container-11] 	 20.240	  Magnt	     --	     --	     --	  0.815
[component_container-11] 
[component_container-11] 	 20.270	   Pose	  1.751	  1.813	  4.971	  0.763
[component_container-11] 	 20.270	  Twist	 -0.080	  0.607	 -0.015	 -0.283
[component_container-11] 	 20.270	ErrPose	 -0.028	  0.352	  0.007	  0.023
[component_container-11] 	 20.270	ErrTwis	  0.618	  0.200	  0.031	  0.003
[component_container-11] 	 20.270	    GPS	  1.744	  1.924	  4.976	     --
[component_container-11] 	 20.270	   Baro	     --	     --	  5.589	     --
[component_container-11] 	 20.270	  BBias	     --	     --	  0.587	     --
[component_container-11] 	 20.270	  Sonar	     --	     --	    inf	     --
[component_container-11] 	 20.270	  Magnt	     --	     --	     --	  0.770
[component_container-11] 
[component_container-11] 	 20.300	   Pose	  1.749	  1.831	  4.970	  0.754
[component_container-11] 	 20.300	  Twist	 -0.079	  0.603	 -0.016	 -0.301
[component_container-11] 	 20.300	ErrPose	 -0.034	  0.371	  0.008	  0.020
[component_container-11] 	 20.300	ErrTwis	  0.603	  0.211	  0.034	  0.021
[component_container-11] 	 20.300	    GPS	  1.744	  1.924	  4.976	     --
[component_container-11] 	 20.300	   Baro	     --	     --	  5.589	     --
[component_container-11] 	 20.300	  BBias	     --	     --	  0.587	     --
[component_container-11] 	 20.300	  Sonar	     --	     --	    inf	     --
[component_container-11] 	 20.300	  Magnt	     --	     --	     --	  0.770
[component_container-11] 
[component_container-11] 	 20.340	   Pose	  1.745	  1.855	  4.968	  0.744
[component_container-11] 	 20.340	  Twist	 -0.078	  0.596	 -0.019	 -0.286
[component_container-11] 	 20.340	ErrPose	 -0.040	  0.385	  0.010	  0.019
[component_container-11] 	 20.340	ErrTwis	  0.587	  0.224	  0.038	  0.007
[component_container-11] 	 20.340	    GPS	  1.744	  1.924	  4.976	     --
[component_container-11] 	 20.340	   Baro	     --	     --	  5.542	     --
[component_container-11] 	 20.340	  BBias	     --	     --	  0.587	     --
[component_container-11] 	 20.340	  Sonar	     --	     --	    inf	     --
[component_container-11] 	 20.340	  Magnt	     --	     --	     --	  0.806
[component_container-11] 
[component_container-11] 	 20.370	   Pose	  1.743	  1.873	  4.973	  0.736
[component_container-11] 	 20.370	  Twist	 -0.078	  0.590	 -0.015	 -0.301
[component_container-11] 	 20.370	ErrPose	 -0.042	  0.386	  0.006	  0.022
[component_container-11] 	 20.370	ErrTwis	  0.579	  0.232	  0.033	  0.021
[component_container-11] 	 20.370	    GPS	  1.744	  1.924	  4.976	     --
[component_container-11] 	 20.370	   Baro	     --	     --	  5.617	     --
[component_container-11] 	 20.370	  BBias	     --	     --	  0.587	     --
[component_container-11] 	 20.370	  Sonar	     --	     --	    inf	     --
[component_container-11] 	 20.370	  Magnt	     --	     --	     --	  0.758
[component_container-11] 
[component_container-11] 	 20.400	   Pose	  1.741	  1.890	  4.973	  0.727
[component_container-11] 	 20.400	  Twist	 -0.077	  0.584	 -0.015	 -0.291
[component_container-11] 	 20.400	ErrPose	 -0.048	  0.405	  0.007	  0.020
[component_container-11] 	 20.400	ErrTwis	  0.562	  0.245	  0.033	  0.011
[component_container-11] 	 20.400	    GPS	  1.744	  1.924	  4.976	     --
[component_container-11] 	 20.400	   Baro	     --	     --	  5.617	     --
[component_container-11] 	 20.400	  BBias	     --	     --	  0.587	     --
[component_container-11] 	 20.400	  Sonar	     --	     --	    inf	     --
[component_container-11] 	 20.400	  Magnt	     --	     --	     --	  0.758
[component_container-11] 
[component_container-11] 	 20.440	   Pose	  1.738	  1.914	  4.964	  0.718
[component_container-11] 	 20.440	  Twist	 -0.075	  0.577	 -0.025	 -0.276
[component_container-11] 	 20.440	ErrPose	 -0.055	  0.419	  0.016	  0.018
[component_container-11] 	 20.440	ErrTwis	  0.545	  0.258	  0.043	 -0.003
[component_container-11] 	 20.440	    GPS	  1.744	  1.924	  4.976	     --
[component_container-11] 	 20.440	   Baro	     --	     --	  5.468	     --
[component_container-11] 	 20.440	  BBias	     --	     --	  0.587	     --
[component_container-11] 	 20.440	  Sonar	     --	     --	    inf	     --
[component_container-11] 	 20.440	  Magnt	     --	     --	     --	  0.783
[component_container-11] 
[component_container-11] 	 20.470	   Pose	  1.735	  1.931	  4.965	  0.710
[component_container-11] 	 20.470	  Twist	 -0.074	  0.573	 -0.024	 -0.287
[component_container-11] 	 20.470	ErrPose	 -0.057	  0.421	  0.015	  0.020
[component_container-11] 	 20.470	ErrTwis	  0.536	  0.265	  0.042	  0.007
[component_container-11] 	 20.470	    GPS	  1.744	  1.924	  4.976	     --
[component_container-11] 	 20.470	   Baro	     --	     --	  5.573	     --
[component_container-11] 	 20.470	  BBias	     --	     --	  0.587	     --
[component_container-11] 	 20.470	  Sonar	     --	     --	    inf	     --
[component_container-11] 	 20.470	  Magnt	     --	     --	     --	  0.751
[component_container-11] 
[component_container-11] 	 20.500	   Pose	  1.733	  1.948	  4.964	  0.701
[component_container-11] 	 20.500	  Twist	 -0.073	  0.567	 -0.024	 -0.298
[component_container-11] 	 20.500	ErrPose	 -0.064	  0.440	  0.016	  0.018
[component_container-11] 	 20.500	ErrTwis	  0.519	  0.277	  0.043	  0.019
[component_container-11] 	 20.500	    GPS	  1.744	  1.924	  4.976	     --
[component_container-11] 	 20.500	   Baro	     --	     --	  5.573	     --
[component_container-11] 	 20.500	  BBias	     --	     --	  0.587	     --
[component_container-11] 	 20.500	  Sonar	     --	     --	    inf	     --
[component_container-11] 	 20.500	  Magnt	     --	     --	     --	  0.751
[component_container-11] 
[component_container-11] [INFO] [1775369585.045933816] [drone.estimator]: TMP LOG gps innov_xy=(-0.014, 0.468) est_xy=(1.733, 1.948) gps_xy=(1.720, 2.416) corr_xy=(1.720, 2.416) vel_xy=(-0.073, 0.567)
[component_container-11] [INFO] [1775369585.046121236] [drone.estimator]: TMP LOG gps vel pseudo raw=(-0.048, 0.983) filt=(-0.013, 0.985) innov_v=(0.063, 0.345) apply=(1,1)
[component_container-11] 	 20.540	   Pose	  1.736	  2.178	  4.964	  0.690
[component_container-11] 	 20.540	  Twist	 -0.061	  0.707	 -0.025	 -0.289
[component_container-11] 	 20.540	ErrPose	 -0.077	  0.248	  0.017	  0.017
[component_container-11] 	 20.540	ErrTwis	  0.491	  0.142	  0.044	  0.010
[component_container-11] 	 20.540	    GPS	  1.720	  2.416	  4.981	     --
[component_container-11] 	 20.540	   Baro	     --	     --	  5.522	     --
[component_container-11] 	 20.540	  BBias	     --	     --	  0.587	     --
[component_container-11] 	 20.540	  Sonar	     --	     --	    inf	     --
[component_container-11] 	 20.540	  Magnt	     --	     --	     --	  0.733
[component_container-11] 
[component_container-11] 	 20.570	   Pose	  1.734	  2.199	  4.957	  0.682
[component_container-11] 	 20.570	  Twist	 -0.059	  0.702	 -0.032	 -0.301
[component_container-11] 	 20.570	ErrPose	 -0.080	  0.245	  0.024	  0.020
[component_container-11] 	 20.570	ErrTwis	  0.481	  0.150	  0.051	  0.021
[component_container-11] 	 20.570	    GPS	  1.720	  2.416	  4.981	     --
[component_container-11] 	 20.570	   Baro	     --	     --	  5.480	     --
[component_container-11] 	 20.570	  BBias	     --	     --	  0.587	     --
[component_container-11] 	 20.570	  Sonar	     --	     --	    inf	     --
[component_container-11] 	 20.570	  Magnt	     --	     --	     --	  0.691
[component_container-11] 
[component_container-11] 	 20.600	   Pose	  1.733	  2.220	  4.956	  0.673
[component_container-11] 	 20.600	  Twist	 -0.058	  0.697	 -0.033	 -0.287
[component_container-11] 	 20.600	ErrPose	 -0.088	  0.260	  0.025	  0.018
[component_container-11] 	 20.600	ErrTwis	  0.463	  0.160	  0.052	  0.008
[component_container-11] 	 20.600	    GPS	  1.720	  2.416	  4.981	     --
[component_container-11] 	 20.600	   Baro	     --	     --	  5.480	     --
[component_container-11] 	 20.600	  BBias	     --	     --	  0.587	     --
[component_container-11] 	 20.600	  Sonar	     --	     --	    inf	     --
[component_container-11] 	 20.600	  Magnt	     --	     --	     --	  0.691
[component_container-11] 
[component_container-11] 	 20.640	   Pose	  1.730	  2.247	  4.948	  0.662
[component_container-11] 	 20.640	  Twist	 -0.057	  0.690	 -0.041	 -0.296
[component_container-11] 	 20.640	ErrPose	 -0.096	  0.269	  0.035	  0.018
[component_container-11] 	 20.640	ErrTwis	  0.445	  0.171	  0.062	  0.016
[component_container-11] 	 20.640	    GPS	  1.720	  2.416	  4.981	     --
[component_container-11] 	 20.640	   Baro	     --	     --	  5.452	     --
[component_container-11] 	 20.640	  BBias	     --	     --	  0.587	     --
[component_container-11] 	 20.640	  Sonar	     --	     --	    inf	     --
[component_container-11] 	 20.640	  Magnt	     --	     --	     --	  0.691
[component_container-11] 
[component_container-11] 	 20.670	   Pose	  1.729	  2.268	  4.930	  0.654
[component_container-11] 	 20.670	  Twist	 -0.055	  0.685	 -0.060	 -0.279
[component_container-11] 	 20.670	ErrPose	 -0.099	  0.266	  0.053	  0.020
[component_container-11] 	 20.670	ErrTwis	  0.436	  0.179	  0.080	 -0.001
[component_container-11] 	 20.670	    GPS	  1.720	  2.416	  4.981	     --
[component_container-11] 	 20.670	   Baro	     --	     --	  5.329	     --
[component_container-11] 	 20.670	  BBias	     --	     --	  0.587	     --
[component_container-11] 	 20.670	  Sonar	     --	     --	    inf	     --
[component_container-11] 	 20.670	  Magnt	     --	     --	     --	  0.678
[component_container-11] 
[component_container-11] 	 20.700	   Pose	  1.727	  2.289	  4.928	  0.645
[component_container-11] 	 20.700	  Twist	 -0.055	  0.680	 -0.061	 -0.288
[component_container-11] 	 20.700	ErrPose	 -0.108	  0.282	  0.056	  0.018
[component_container-11] 	 20.700	ErrTwis	  0.418	  0.188	  0.082	  0.008
[component_container-11] 	 20.700	    GPS	  1.720	  2.416	  4.981	     --
[component_container-11] 	 20.700	   Baro	     --	     --	  5.329	     --
[component_container-11] 	 20.700	  BBias	     --	     --	  0.587	     --
[component_container-11] 	 20.700	  Sonar	     --	     --	    inf	     --
[component_container-11] 	 20.700	  Magnt	     --	     --	     --	  0.678
[component_container-11] 
[component_container-11] 	 20.740	   Pose	  1.725	  2.316	  4.941	  0.634
[component_container-11] 	 20.740	  Twist	 -0.053	  0.673	 -0.045	 -0.275
[component_container-11] 	 20.740	ErrPose	 -0.117	  0.291	  0.043	  0.018
[component_container-11] 	 20.740	ErrTwis	  0.399	  0.199	  0.068	 -0.005
[component_container-11] 	 20.740	    GPS	  1.720	  2.416	  4.981	     --
[component_container-11] 	 20.740	   Baro	     --	     --	  5.698	     --
[component_container-11] 	 20.740	  BBias	     --	     --	  0.587	     --
[component_container-11] 	 20.740	  Sonar	     --	     --	    inf	     --
[component_container-11] 	 20.740	  Magnt	     --	     --	     --	  0.636
[component_container-11] 
[component_container-11] 	 20.770	   Pose	  1.723	  2.336	  4.935	  0.625
[component_container-11] 	 20.770	  Twist	 -0.053	  0.668	 -0.050	 -0.286
[component_container-11] 	 20.770	ErrPose	 -0.121	  0.288	  0.049	  0.021
[component_container-11] 	 20.770	ErrTwis	  0.390	  0.206	  0.073	  0.006
[component_container-11] 	 20.770	    GPS	  1.720	  2.416	  4.981	     --
[component_container-11] 	 20.770	   Baro	     --	     --	  5.474	     --
[component_container-11] 	 20.770	  BBias	     --	     --	  0.587	     --
[component_container-11] 	 20.770	  Sonar	     --	     --	    inf	     --
[component_container-11] 	 20.770	  Magnt	     --	     --	     --	  0.642
[component_container-11] 
[component_container-11] 	 20.800	   Pose	  1.722	  2.356	  4.934	  0.616
[component_container-11] 	 20.800	  Twist	 -0.052	  0.663	 -0.050	 -0.302
[component_container-11] 	 20.800	ErrPose	 -0.131	  0.304	  0.051	  0.018
[component_container-11] 	 20.800	ErrTwis	  0.372	  0.216	  0.076	  0.022
[component_container-11] 	 20.800	    GPS	  1.720	  2.416	  4.981	     --
[component_container-11] 	 20.800	   Baro	     --	     --	  5.474	     --
[component_container-11] 	 20.800	  BBias	     --	     --	  0.587	     --
[component_container-11] 	 20.800	  Sonar	     --	     --	    inf	     --
[component_container-11] 	 20.800	  Magnt	     --	     --	     --	  0.642
[component_container-11] 
[component_container-11] 	 20.840	   Pose	  1.720	  2.382	  4.916	  0.605
[component_container-11] 	 20.840	  Twist	 -0.050	  0.656	 -0.066	 -0.276
[component_container-11] 	 20.840	ErrPose	 -0.140	  0.313	  0.070	  0.019
[component_container-11] 	 20.840	ErrTwis	  0.352	  0.227	  0.094	 -0.004
[component_container-11] 	 20.840	    GPS	  1.720	  2.416	  4.981	     --
[component_container-11] 	 20.840	   Baro	     --	     --	  5.341	     --
[component_container-11] 	 20.840	  BBias	     --	     --	  0.587	     --
[component_container-11] 	 20.840	  Sonar	     --	     --	    inf	     --
[component_container-11] 	 20.840	  Magnt	     --	     --	     --	  0.611
[component_container-11] 
[component_container-11] 	 20.870	   Pose	  1.718	  2.402	  4.920	  0.597
[component_container-11] 	 20.870	  Twist	 -0.049	  0.652	 -0.060	 -0.278
[component_container-11] 	 20.870	ErrPose	 -0.144	  0.311	  0.066	  0.021
[component_container-11] 	 20.870	ErrTwis	  0.342	  0.233	  0.089	 -0.001
[component_container-11] 	 20.870	    GPS	  1.720	  2.416	  4.981	     --
[component_container-11] 	 20.870	   Baro	     --	     --	  5.574	     --
[component_container-11] 	 20.870	  BBias	     --	     --	  0.587	     --
[component_container-11] 	 20.870	  Sonar	     --	     --	    inf	     --
[component_container-11] 	 20.870	  Magnt	     --	     --	     --	  0.643
[component_container-11] 
[component_container-11] 	 20.900	   Pose	  1.717	  2.421	  4.919	  0.588
[component_container-11] 	 20.900	  Twist	 -0.048	  0.647	 -0.060	 -0.277
[component_container-11] 	 20.900	ErrPose	 -0.155	  0.327	  0.069	  0.019
[component_container-11] 	 20.900	ErrTwis	  0.324	  0.242	  0.090	 -0.003
[component_container-11] 	 20.900	    GPS	  1.720	  2.416	  4.981	     --
[component_container-11] 	 20.900	   Baro	     --	     --	  5.574	     --
[component_container-11] 	 20.900	  BBias	     --	     --	  0.587	     --
[component_container-11] 	 20.900	  Sonar	     --	     --	    inf	     --
[component_container-11] 	 20.900	  Magnt	     --	     --	     --	  0.643
[component_container-11] 
[component_container-11] 	 20.940	   Pose	  1.715	  2.447	  4.925	  0.578
[component_container-11] 	 20.940	  Twist	 -0.047	  0.640	 -0.052	 -0.287
[component_container-11] 	 20.940	ErrPose	 -0.165	  0.336	  0.064	  0.018
[component_container-11] 	 20.940	ErrTwis	  0.305	  0.253	  0.083	  0.008
[component_container-11] 	 20.940	    GPS	  1.720	  2.416	  4.981	     --
[component_container-11] 	 20.940	   Baro	     --	     --	  5.597	     --
[component_container-11] 	 20.940	  BBias	     --	     --	  0.587	     --
[component_container-11] 	 20.940	  Sonar	     --	     --	    inf	     --
[component_container-11] 	 20.940	  Magnt	     --	     --	     --	  0.647
[component_container-11] 
[component_container-11] 	 20.970	   Pose	  1.713	  2.466	  4.935	  0.570
[component_container-11] 	 20.970	  Twist	 -0.046	  0.635	 -0.038	 -0.281
[component_container-11] 	 20.970	ErrPose	 -0.170	  0.335	  0.053	  0.020
[component_container-11] 	 20.970	ErrTwis	  0.295	  0.259	  0.070	  0.001
[component_container-11] 	 20.970	    GPS	  1.720	  2.416	  4.981	     --
[component_container-11] 	 20.970	   Baro	     --	     --	  5.647	     --
[component_container-11] 	 20.970	  BBias	     --	     --	  0.587	     --
[component_container-11] 	 20.970	  Sonar	     --	     --	    inf	     --
[component_container-11] 	 20.970	  Magnt	     --	     --	     --	  0.596
[component_container-11] 
[component_container-11] [INFO] [1775369585.547470074] [drone.controller]: cmd_vel body=(0.126, 0.992, 0.035) yaw=-0.300 | odom_received=true | plan_points=18
[component_container-11] 	 21.000	   Pose	  1.712	  2.485	  4.934	  0.561
[component_container-11] 	 21.000	  Twist	 -0.044	  0.630	 -0.038	 -0.294
[component_container-11] 	 21.000	ErrPose	 -0.181	  0.351	  0.055	  0.018
[component_container-11] 	 21.000	ErrTwis	  0.275	  0.268	  0.072	  0.015
[component_container-11] 	 21.000	    GPS	  1.720	  2.416	  4.981	     --
[component_container-11] 	 21.000	   Baro	     --	     --	  5.647	     --
[component_container-11] 	 21.000	  BBias	     --	     --	  0.587	     --
[component_container-11] 	 21.000	  Sonar	     --	     --	    inf	     --
[component_container-11] 	 21.000	  Magnt	     --	     --	     --	  0.596
[component_container-11] 
[component_container-11] [INFO] [1775369585.547682481] [drone.estimator]: TMP LOG err_xyz=(-0.181, 0.351, 0.055) | z_est=4.934 vz_est=-0.038 bias=0.587 | gps_z=4.981 sonar=inf baro=5.647
[component_container-11] 	 21.040	   Pose	  1.523	  2.684	  4.943	  0.551
[component_container-11] 	 21.040	  Twist	 -0.204	  0.745	 -0.028	 -0.288
[component_container-11] 	 21.040	ErrPose	 -0.005	  0.186	  0.048	  0.017
[component_container-11] 	 21.040	ErrTwis	  0.416	  0.156	  0.064	  0.009
[component_container-11] 	 21.040	    GPS	  1.386	  2.895	  4.990	     --
[component_container-11] 	 21.040	   Baro	     --	     --	  5.533	     --
[component_container-11] 	 21.040	  BBias	     --	     --	  0.586	     --
[component_container-11] 	 21.040	  Sonar	     --	     --	    inf	     --
[component_container-11] 	 21.040	  Magnt	     --	     --	     --	  0.605
[component_container-11] 
[component_container-11] 	 21.070	   Pose	  1.517	  2.707	  4.937	  0.542
[component_container-11] 	 21.070	  Twist	 -0.203	  0.740	 -0.035	 -0.293
[component_container-11] 	 21.070	ErrPose	 -0.006	  0.181	  0.055	  0.021
[component_container-11] 	 21.070	ErrTwis	  0.407	  0.162	  0.071	  0.013
[component_container-11] 	 21.070	    GPS	  1.386	  2.895	  4.990	     --
[component_container-11] 	 21.070	   Baro	     --	     --	  5.461	     --
[component_container-11] 	 21.070	  BBias	     --	     --	  0.586	     --
[component_container-11] 	 21.070	  Sonar	     --	     --	    inf	     --
[component_container-11] 	 21.070	  Magnt	     --	     --	     --	  0.529
[component_container-11] 
[component_container-11] 	 21.100	   Pose	  1.511	  2.729	  4.936	  0.533
[component_container-11] 	 21.100	  Twist	 -0.202	  0.735	 -0.035	 -0.282
[component_container-11] 	 21.100	ErrPose	 -0.013	  0.193	  0.057	  0.018
[component_container-11] 	 21.100	ErrTwis	  0.387	  0.170	  0.073	  0.002
[component_container-11] 	 21.100	    GPS	  1.386	  2.895	  4.990	     --
[component_container-11] 	 21.100	   Baro	     --	     --	  5.461	     --
[component_container-11] 	 21.100	  BBias	     --	     --	  0.586	     --
[component_container-11] 	 21.100	  Sonar	     --	     --	    inf	     --
[component_container-11] 	 21.100	  Magnt	     --	     --	     --	  0.529
[component_container-11] 
[component_container-11] 	 21.140	   Pose	  1.503	  2.758	  4.953	  0.522
[component_container-11] 	 21.140	  Twist	 -0.201	  0.728	 -0.017	 -0.300
[component_container-11] 	 21.140	ErrPose	 -0.018	  0.198	  0.041	  0.018
[component_container-11] 	 21.140	ErrTwis	  0.368	  0.179	  0.055	  0.021
[component_container-11] 	 21.140	    GPS	  1.386	  2.895	  4.990	     --
[component_container-11] 	 21.140	   Baro	     --	     --	  5.756	     --
[component_container-11] 	 21.140	  BBias	     --	     --	  0.586	     --
[component_container-11] 	 21.140	  Sonar	     --	     --	    inf	     --
[component_container-11] 	 21.140	  Magnt	     --	     --	     --	  0.565
[component_container-11] 
[component_container-11] 	 21.170	   Pose	  1.497	  2.780	  4.949	  0.514
[component_container-11] 	 21.170	  Twist	 -0.199	  0.723	 -0.022	 -0.283
[component_container-11] 	 21.170	ErrPose	 -0.019	  0.194	  0.046	  0.021
[component_container-11] 	 21.170	ErrTwis	  0.357	  0.185	  0.060	  0.003
[component_container-11] 	 21.170	    GPS	  1.386	  2.895	  4.990	     --
[component_container-11] 	 21.170	   Baro	     --	     --	  5.489	     --
[component_container-11] 	 21.170	  BBias	     --	     --	  0.586	     --
[component_container-11] 	 21.170	  Sonar	     --	     --	    inf	     --
[component_container-11] 	 21.170	  Magnt	     --	     --	     --	  0.520
[component_container-11] 
[component_container-11] 	 21.200	   Pose	  1.491	  2.801	  4.948	  0.505
[component_container-11] 	 21.200	  Twist	 -0.198	  0.718	 -0.022	 -0.295
[component_container-11] 	 21.200	ErrPose	 -0.027	  0.206	  0.048	  0.018
[component_container-11] 	 21.200	ErrTwis	  0.338	  0.192	  0.062	  0.016
[component_container-11] 	 21.200	    GPS	  1.386	  2.895	  4.990	     --
[component_container-11] 	 21.200	   Baro	     --	     --	  5.489	     --
[component_container-11] 	 21.200	  BBias	     --	     --	  0.586	     --
[component_container-11] 	 21.200	  Sonar	     --	     --	    inf	     --
[component_container-11] 	 21.200	  Magnt	     --	     --	     --	  0.520
[component_container-11] 
[component_container-11] 	 21.240	   Pose	  1.483	  2.830	  4.947	  0.493
[component_container-11] 	 21.240	  Twist	 -0.197	  0.712	 -0.024	 -0.291
[component_container-11] 	 21.240	ErrPose	 -0.034	  0.211	  0.049	  0.019
[component_container-11] 	 21.240	ErrTwis	  0.319	  0.199	  0.064	  0.011
[component_container-11] 	 21.240	    GPS	  1.386	  2.895	  4.990	     --
[component_container-11] 	 21.240	   Baro	     --	     --	  5.540	     --
[component_container-11] 	 21.240	  BBias	     --	     --	  0.586	     --
[component_container-11] 	 21.240	  Sonar	     --	     --	    inf	     --
[component_container-11] 	 21.240	  Magnt	     --	     --	     --	  0.505
[component_container-11] 
[component_container-11] 	 21.270	   Pose	  1.477	  2.851	  4.953	  0.486
[component_container-11] 	 21.270	  Twist	 -0.196	  0.708	 -0.019	 -0.283
[component_container-11] 	 21.270	ErrPose	 -0.035	  0.207	  0.045	  0.020
[component_container-11] 	 21.270	ErrTwis	  0.309	  0.205	  0.060	  0.003
[component_container-11] 	 21.270	    GPS	  1.386	  2.895	  4.990	     --
[component_container-11] 	 21.270	   Baro	     --	     --	  5.604	     --
[component_container-11] 	 21.270	  BBias	     --	     --	  0.586	     --
[component_container-11] 	 21.270	  Sonar	     --	     --	    inf	     --
[component_container-11] 	 21.270	  Magnt	     --	     --	     --	  0.527
[component_container-11] 
[component_container-11] 	 21.300	   Pose	  1.471	  2.872	  4.952	  0.477
[component_container-11] 	 21.300	  Twist	 -0.195	  0.703	 -0.021	 -0.298
[component_container-11] 	 21.300	ErrPose	 -0.044	  0.220	  0.046	  0.018
[component_container-11] 	 21.300	ErrTwis	  0.290	  0.210	  0.061	  0.018
[component_container-11] 	 21.300	    GPS	  1.386	  2.895	  4.990	     --
[component_container-11] 	 21.300	   Baro	     --	     --	  5.604	     --
[component_container-11] 	 21.300	  BBias	     --	     --	  0.586	     --
[component_container-11] 	 21.300	  Sonar	     --	     --	    inf	     --
[component_container-11] 	 21.300	  Magnt	     --	     --	     --	  0.527
[component_container-11] 
[component_container-11] 	 21.340	   Pose	  1.463	  2.900	  4.943	  0.467
[component_container-11] 	 21.340	  Twist	 -0.194	  0.697	 -0.030	 -0.282
[component_container-11] 	 21.340	ErrPose	 -0.051	  0.225	  0.057	  0.017
[component_container-11] 	 21.340	ErrTwis	  0.271	  0.217	  0.071	  0.002
[component_container-11] 	 21.340	    GPS	  1.386	  2.895	  4.990	     --
[component_container-11] 	 21.340	   Baro	     --	     --	  5.448	     --
[component_container-11] 	 21.340	  BBias	     --	     --	  0.586	     --
[component_container-11] 	 21.340	  Sonar	     --	     --	    inf	     --
[component_container-11] 	 21.340	  Magnt	     --	     --	     --	  0.502
[component_container-11] 
[component_container-11] 	 21.370	   Pose	  1.458	  2.921	  4.950	  0.458
[component_container-11] 	 21.370	  Twist	 -0.192	  0.692	 -0.023	 -0.286
[component_container-11] 	 21.370	ErrPose	 -0.053	  0.221	  0.051	  0.020
[component_container-11] 	 21.370	ErrTwis	  0.261	  0.222	  0.065	  0.006
[component_container-11] 	 21.370	    GPS	  1.386	  2.895	  4.990	     --
[component_container-11] 	 21.370	   Baro	     --	     --	  5.610	     --
[component_container-11] 	 21.370	  BBias	     --	     --	  0.586	     --
[component_container-11] 	 21.370	  Sonar	     --	     --	    inf	     --
[component_container-11] 	 21.370	  Magnt	     --	     --	     --	  0.463
[component_container-11] 
[component_container-11] 	 21.400	   Pose	  1.452	  2.942	  4.949	  0.450
[component_container-11] 	 21.400	  Twist	 -0.191	  0.688	 -0.024	 -0.288
[component_container-11] 	 21.400	ErrPose	 -0.062	  0.234	  0.053	  0.017
[component_container-11] 	 21.400	ErrTwis	  0.242	  0.227	  0.067	  0.008
[component_container-11] 	 21.400	    GPS	  1.386	  2.895	  4.990	     --
[component_container-11] 	 21.400	   Baro	     --	     --	  5.610	     --
[component_container-11] 	 21.400	  BBias	     --	     --	  0.586	     --
[component_container-11] 	 21.400	  Sonar	     --	     --	    inf	     --
[component_container-11] 	 21.400	  Magnt	     --	     --	     --	  0.463
[component_container-11] 
[component_container-11] 	 21.440	   Pose	  1.444	  2.969	  4.956	  0.439
[component_container-11] 	 21.440	  Twist	 -0.190	  0.681	 -0.016	 -0.291
[component_container-11] 	 21.440	ErrPose	 -0.070	  0.239	  0.047	  0.017
[component_container-11] 	 21.440	ErrTwis	  0.224	  0.234	  0.060	  0.012
[component_container-11] 	 21.440	    GPS	  1.386	  2.895	  4.990	     --
[component_container-11] 	 21.440	   Baro	     --	     --	  5.627	     --
[component_container-11] 	 21.440	  BBias	     --	     --	  0.586	     --
[component_container-11] 	 21.440	  Sonar	     --	     --	    inf	     --
[component_container-11] 	 21.440	  Magnt	     --	     --	     --	  0.476
[component_container-11] 
[component_container-11] 	 21.470	   Pose	  1.439	  2.990	  4.972	  0.431
[component_container-11] 	 21.470	  Twist	 -0.189	  0.677	 -0.001	 -0.276
[component_container-11] 	 21.470	ErrPose	 -0.072	  0.235	  0.032	  0.019
[component_container-11] 	 21.470	ErrTwis	  0.214	  0.239	  0.044	 -0.004
[component_container-11] 	 21.470	    GPS	  1.386	  2.895	  4.990	     --
[component_container-11] 	 21.470	   Baro	     --	     --	  5.722	     --
[component_container-11] 	 21.470	  BBias	     --	     --	  0.587	     --
[component_container-11] 	 21.470	  Sonar	     --	     --	    inf	     --
[component_container-11] 	 21.470	  Magnt	     --	     --	     --	  0.444
[component_container-11] 
[component_container-11] 	 21.500	   Pose	  1.433	  3.010	  4.972	  0.422
[component_container-11] 	 21.500	  Twist	 -0.188	  0.672	 -0.002	 -0.295
[component_container-11] 	 21.500	ErrPose	 -0.083	  0.248	  0.033	  0.017
[component_container-11] 	 21.500	ErrTwis	  0.196	  0.243	  0.046	  0.015
[component_container-11] 	 21.500	    GPS	  1.386	  2.895	  4.990	     --
[component_container-11] 	 21.500	   Baro	     --	     --	  5.722	     --
[component_container-11] 	 21.500	  BBias	     --	     --	  0.587	     --
[component_container-11] 	 21.500	  Sonar	     --	     --	    inf	     --
[component_container-11] 	 21.500	  Magnt	     --	     --	     --	  0.444
[component_container-11] 
[component_container-11] [INFO] [1775369586.055079432] [drone.estimator]: TMP LOG gps innov_xy=(-0.363, 0.161) est_xy=(1.431, 3.017) gps_xy=(1.068, 3.178) corr_xy=(1.068, 3.178) vel_xy=(-0.187, 0.670)
[component_container-11] [INFO] [1775369586.055195956] [drone.estimator]: TMP LOG gps vel pseudo raw=(-0.635, 0.566) filt=(-0.632, 0.606) innov_v=(-0.388, -0.090) apply=(1,1)
[component_container-11] 	 21.540	   Pose	  1.246	  3.074	  4.980	  0.411
[component_container-11] 	 21.540	  Twist	 -0.327	  0.672	  0.006	 -0.271
[component_container-11] 	 21.540	ErrPose	  0.088	  0.217	  0.026	  0.017
[component_container-11] 	 21.540	ErrTwis	  0.318	  0.243	  0.040	 -0.009
[component_container-11] 	 21.540	    GPS	  1.068	  3.178	  5.005	     --
[component_container-11] 	 21.540	   Baro	     --	     --	  5.596	     --
[component_container-11] 	 21.540	  BBias	     --	     --	  0.586	     --
[component_container-11] 	 21.540	  Sonar	     --	     --	    inf	     --
[component_container-11] 	 21.540	  Magnt	     --	     --	     --	  0.408
[component_container-11] 
[component_container-11] 	 21.570	   Pose	  1.236	  3.095	  4.991	  0.403
[component_container-11] 	 21.570	  Twist	 -0.326	  0.667	  0.016	 -0.286
[component_container-11] 	 21.570	ErrPose	  0.090	  0.213	  0.016	  0.019
[component_container-11] 	 21.570	ErrTwis	  0.308	  0.248	  0.030	  0.007
[component_container-11] 	 21.570	    GPS	  1.068	  3.178	  5.005	     --
[component_container-11] 	 21.570	   Baro	     --	     --	  5.711	     --
[component_container-11] 	 21.570	  BBias	     --	     --	  0.587	     --
[component_container-11] 	 21.570	  Sonar	     --	     --	    inf	     --
[component_container-11] 	 21.570	  Magnt	     --	     --	     --	  0.464
[component_container-11] 
[component_container-11] 	 21.600	   Pose	  1.226	  3.115	  4.992	  0.394
[component_container-11] 	 21.600	  Twist	 -0.325	  0.662	  0.014	 -0.283
[component_container-11] 	 21.600	ErrPose	  0.083	  0.226	  0.017	  0.017
[component_container-11] 	 21.600	ErrTwis	  0.291	  0.253	  0.032	  0.004
[component_container-11] 	 21.600	    GPS	  1.068	  3.178	  5.005	     --
[component_container-11] 	 21.600	   Baro	     --	     --	  5.711	     --
[component_container-11] 	 21.600	  BBias	     --	     --	  0.587	     --
[component_container-11] 	 21.600	  Sonar	     --	     --	    inf	     --
[component_container-11] 	 21.600	  Magnt	     --	     --	     --	  0.464
[component_container-11] 
[component_container-11] 	 21.640	   Pose	  1.213	  3.141	  4.994	  0.384
[component_container-11] 	 21.640	  Twist	 -0.324	  0.656	  0.013	 -0.294
[component_container-11] 	 21.640	ErrPose	  0.080	  0.232	  0.016	  0.016
[component_container-11] 	 21.640	ErrTwis	  0.273	  0.259	  0.033	  0.014
[component_container-11] 	 21.640	    GPS	  1.068	  3.178	  5.005	     --
[component_container-11] 	 21.640	   Baro	     --	     --	  5.598	     --
[component_container-11] 	 21.640	  BBias	     --	     --	  0.587	     --
[component_container-11] 	 21.640	  Sonar	     --	     --	    inf	     --
[component_container-11] 	 21.640	  Magnt	     --	     --	     --	  0.437
[component_container-11] 
[component_container-11] 	 21.670	   Pose	  1.203	  3.160	  4.988	  0.375
[component_container-11] 	 21.670	  Twist	 -0.323	  0.651	  0.004	 -0.295
[component_container-11] 	 21.670	ErrPose	  0.081	  0.229	  0.022	  0.019
[component_container-11] 	 21.670	ErrTwis	  0.265	  0.263	  0.041	  0.015
[component_container-11] 	 21.670	    GPS	  1.068	  3.178	  5.005	     --
[component_container-11] 	 21.670	   Baro	     --	     --	  5.510	     --
[component_container-11] 	 21.670	  BBias	     --	     --	  0.586	     --
[component_container-11] 	 21.670	  Sonar	     --	     --	    inf	     --
[component_container-11] 	 21.670	  Magnt	     --	     --	     --	  0.398
[component_container-11] 
[component_container-11] 	 21.700	   Pose	  1.194	  3.180	  4.989	  0.367
[component_container-11] 	 21.700	  Twist	 -0.322	  0.646	  0.000	 -0.304
[component_container-11] 	 21.700	ErrPose	  0.074	  0.242	  0.023	  0.017
[component_container-11] 	 21.700	ErrTwis	  0.247	  0.267	  0.041	  0.024
[component_container-11] 	 21.700	    GPS	  1.068	  3.178	  5.005	     --
[component_container-11] 	 21.700	   Baro	     --	     --	  5.510	     --
[component_container-11] 	 21.700	  BBias	     --	     --	  0.586	     --
[component_container-11] 	 21.700	  Sonar	     --	     --	    inf	     --
[component_container-11] 	 21.700	  Magnt	     --	     --	     --	  0.398
[component_container-11] 
[component_container-11] 	 21.740	   Pose	  1.181	  3.206	  4.978	  0.356
[component_container-11] 	 21.740	  Twist	 -0.320	  0.641	 -0.014	 -0.275
[component_container-11] 	 21.740	ErrPose	  0.069	  0.248	  0.034	  0.016
[component_container-11] 	 21.740	ErrTwis	  0.230	  0.271	  0.052	 -0.004
[component_container-11] 	 21.740	    GPS	  1.068	  3.178	  5.005	     --
[component_container-11] 	 21.740	   Baro	     --	     --	  5.457	     --
[component_container-11] 	 21.740	  BBias	     --	     --	  0.586	     --
[component_container-11] 	 21.740	  Sonar	     --	     --	    inf	     --
[component_container-11] 	 21.740	  Magnt	     --	     --	     --	  0.401
[component_container-11] 
[component_container-11] 	 21.770	   Pose	  1.171	  3.225	  4.975	  0.348
[component_container-11] 	 21.770	  Twist	 -0.319	  0.636	 -0.019	 -0.262
[component_container-11] 	 21.770	ErrPose	  0.070	  0.245	  0.038	  0.019
[component_container-11] 	 21.770	ErrTwis	  0.222	  0.274	  0.055	 -0.018
[component_container-11] 	 21.770	    GPS	  1.068	  3.178	  5.005	     --
[component_container-11] 	 21.770	   Baro	     --	     --	  5.533	     --
[component_container-11] 	 21.770	  BBias	     --	     --	  0.586	     --
[component_container-11] 	 21.770	  Sonar	     --	     --	    inf	     --
[component_container-11] 	 21.770	  Magnt	     --	     --	     --	  0.344
[component_container-11] 
[component_container-11] 	 21.800	   Pose	  1.162	  3.244	  4.975	  0.339
[component_container-11] 	 21.800	  Twist	 -0.318	  0.632	 -0.021	 -0.280
[component_container-11] 	 21.800	ErrPose	  0.062	  0.258	  0.039	  0.016
[component_container-11] 	 21.800	ErrTwis	  0.206	  0.275	  0.052	  0.000
[component_container-11] 	 21.800	    GPS	  1.068	  3.178	  5.005	     --
[component_container-11] 	 21.800	   Baro	     --	     --	  5.533	     --
[component_container-11] 	 21.800	  BBias	     --	     --	  0.586	     --
[component_container-11] 	 21.800	  Sonar	     --	     --	    inf	     --
[component_container-11] 	 21.800	  Magnt	     --	     --	     --	  0.344
[component_container-11] 
[component_container-11] 	 21.840	   Pose	  1.149	  3.269	  4.975	  0.328
[component_container-11] 	 21.840	  Twist	 -0.317	  0.626	 -0.022	 -0.289
[component_container-11] 	 21.840	ErrPose	  0.058	  0.265	  0.040	  0.016
[component_container-11] 	 21.840	ErrTwis	  0.191	  0.277	  0.050	  0.010
[component_container-11] 	 21.840	    GPS	  1.068	  3.178	  5.005	     --
[component_container-11] 	 21.840	   Baro	     --	     --	  5.569	     --
[component_container-11] 	 21.840	  BBias	     --	     --	  0.586	     --
[component_container-11] 	 21.840	  Sonar	     --	     --	    inf	     --
[component_container-11] 	 21.840	  Magnt	     --	     --	     --	  0.355
[component_container-11] 
[component_container-11] 	 21.870	   Pose	  1.140	  3.288	  4.963	  0.321
[component_container-11] 	 21.870	  Twist	 -0.316	  0.622	 -0.034	 -0.301
[component_container-11] 	 21.870	ErrPose	  0.059	  0.262	  0.052	  0.018
[component_container-11] 	 21.870	ErrTwis	  0.184	  0.278	  0.059	  0.022
[component_container-11] 	 21.870	    GPS	  1.068	  3.178	  5.005	     --
[component_container-11] 	 21.870	   Baro	     --	     --	  5.441	     --
[component_container-11] 	 21.870	  BBias	     --	     --	  0.586	     --
[component_container-11] 	 21.870	  Sonar	     --	     --	    inf	     --
[component_container-11] 	 21.870	  Magnt	     --	     --	     --	  0.369
[component_container-11] 
[component_container-11] 	 21.900	   Pose	  1.130	  3.306	  4.962	  0.312
[component_container-11] 	 21.900	  Twist	 -0.315	  0.618	 -0.035	 -0.300
[component_container-11] 	 21.900	ErrPose	  0.051	  0.275	  0.054	  0.016
[component_container-11] 	 21.900	ErrTwis	  0.170	  0.275	  0.056	  0.022
[component_container-11] 	 21.900	    GPS	  1.068	  3.178	  5.005	     --
[component_container-11] 	 21.900	   Baro	     --	     --	  5.441	     --
[component_container-11] 	 21.900	  BBias	     --	     --	  0.586	     --
[component_container-11] 	 21.900	  Sonar	     --	     --	    inf	     --
[component_container-11] 	 21.900	  Magnt	     --	     --	     --	  0.369
[component_container-11] 
[component_container-11] 	 21.940	   Pose	  1.118	  3.331	  4.966	  0.301
[component_container-11] 	 21.940	  Twist	 -0.314	  0.611	 -0.031	 -0.266
[component_container-11] 	 21.940	ErrPose	  0.046	  0.282	  0.052	  0.016
[component_container-11] 	 21.940	ErrTwis	  0.156	  0.272	  0.049	 -0.013
[component_container-11] 	 21.940	    GPS	  1.068	  3.178	  5.005	     --
[component_container-11] 	 21.940	   Baro	     --	     --	  5.599	     --
[component_container-11] 	 21.940	  BBias	     --	     --	  0.586	     --
[component_container-11] 	 21.940	  Sonar	     --	     --	    inf	     --
[component_container-11] 	 21.940	  Magnt	     --	     --	     --	  0.313
[component_container-11] 
[component_container-11] 	 21.970	   Pose	  1.108	  3.349	  4.962	  0.293
[component_container-11] 	 21.970	  Twist	 -0.313	  0.608	 -0.034	 -0.280
[component_container-11] 	 21.970	ErrPose	  0.047	  0.279	  0.056	  0.017
[component_container-11] 	 21.970	ErrTwis	  0.150	  0.271	  0.051	  0.001
[component_container-11] 	 21.970	    GPS	  1.068	  3.178	  5.005	     --
[component_container-11] 	 21.970	   Baro	     --	     --	  5.517	     --
[component_container-11] 	 21.970	  BBias	     --	     --	  0.586	     --
[component_container-11] 	 21.970	  Sonar	     --	     --	    inf	     --
[component_container-11] 	 21.970	  Magnt	     --	     --	     --	  0.344
[component_container-11] 
[component_container-11] [INFO] [1775369586.553793978] [drone.controller]: cmd_vel body=(0.085, 0.654, 0.038) yaw=-0.300 | odom_received=true | plan_points=8
[component_container-11] 	 22.000	   Pose	  1.099	  3.367	  4.961	  0.285
[component_container-11] 	 22.000	  Twist	 -0.313	  0.603	 -0.034	 -0.288
[component_container-11] 	 22.000	ErrPose	  0.039	  0.291	  0.058	  0.015
[component_container-11] 	 22.000	ErrTwis	  0.138	  0.264	  0.048	  0.009
[component_container-11] 	 22.000	    GPS	  1.068	  3.178	  5.005	     --
[component_container-11] 	 22.000	   Baro	     --	     --	  5.517	     --
[component_container-11] 	 22.000	  BBias	     --	     --	  0.586	     --
[component_container-11] 	 22.000	  Sonar	     --	     --	    inf	     --
[component_container-11] 	 22.000	  Magnt	     --	     --	     --	  0.344
[component_container-11] 
[component_container-11] [INFO] [1775369586.554278717] [drone.estimator]: TMP LOG err_xyz=(0.039, 0.291, 0.058) | z_est=4.961 vz_est=-0.034 bias=0.586 | gps_z=5.005 sonar=inf baro=5.517
[component_container-11] 	 22.040	   Pose	  1.009	  3.489	  4.974	  0.273
[component_container-11] 	 22.040	  Twist	 -0.356	  0.668	 -0.019	 -0.295
[component_container-11] 	 22.040	ErrPose	  0.112	  0.200	  0.046	  0.016
[component_container-11] 	 22.040	ErrTwis	  0.171	  0.187	  0.032	  0.016
[component_container-11] 	 22.040	    GPS	  0.882	  3.592	  5.019	     --
[component_container-11] 	 22.040	   Baro	     --	     --	  5.608	     --
[component_container-11] 	 22.040	  BBias	     --	     --	  0.586	     --
[component_container-11] 	 22.040	  Sonar	     --	     --	    inf	     --
[component_container-11] 	 22.040	  Magnt	     --	     --	     --	  0.254
[component_container-11] 
[component_container-11] 	 22.070	   Pose	  0.998	  3.509	  4.986	  0.264
[component_container-11] 	 22.070	  Twist	 -0.355	  0.664	 -0.005	 -0.274
[component_container-11] 	 22.070	ErrPose	  0.114	  0.194	  0.034	  0.018
[component_container-11] 	 22.070	ErrTwis	  0.166	  0.184	  0.018	 -0.005
[component_container-11] 	 22.070	    GPS	  0.882	  3.592	  5.019	     --
[component_container-11] 	 22.070	   Baro	     --	     --	  5.726	     --
[component_container-11] 	 22.070	  BBias	     --	     --	  0.586	     --
[component_container-11] 	 22.070	  Sonar	     --	     --	    inf	     --
[component_container-11] 	 22.070	  Magnt	     --	     --	     --	  0.271
[component_container-11] 
[component_container-11] 	 22.100	   Pose	  0.988	  3.529	  4.986	  0.256
[component_container-11] 	 22.100	  Twist	 -0.354	  0.660	 -0.005	 -0.293
[component_container-11] 	 22.100	ErrPose	  0.108	  0.204	  0.036	  0.016
[component_container-11] 	 22.100	ErrTwis	  0.155	  0.173	  0.017	  0.014
[component_container-11] 	 22.100	    GPS	  0.882	  3.592	  5.019	     --
[component_container-11] 	 22.100	   Baro	     --	     --	  5.726	     --
[component_container-11] 	 22.100	  BBias	     --	     --	  0.586	     --
[component_container-11] 	 22.100	  Sonar	     --	     --	    inf	     --
[component_container-11] 	 22.100	  Magnt	     --	     --	     --	  0.271
[component_container-11] 
[component_container-11] 	 22.140	   Pose	  0.973	  3.555	  4.985	  0.245
[component_container-11] 	 22.140	  Twist	 -0.353	  0.655	 -0.006	 -0.278
[component_container-11] 	 22.140	ErrPose	  0.105	  0.207	  0.038	  0.016
[component_container-11] 	 22.140	ErrTwis	  0.146	  0.162	  0.017	 -0.001
[component_container-11] 	 22.140	    GPS	  0.882	  3.592	  5.019	     --
[component_container-11] 	 22.140	   Baro	     --	     --	  5.559	     --
[component_container-11] 	 22.140	  BBias	     --	     --	  0.586	     --
[component_container-11] 	 22.140	  Sonar	     --	     --	    inf	     --
[component_container-11] 	 22.140	  Magnt	     --	     --	     --	  0.267
[component_container-11] 
[component_container-11] 	 22.170	   Pose	  0.963	  3.575	  4.986	  0.237
[component_container-11] 	 22.170	  Twist	 -0.352	  0.652	 -0.005	 -0.279
[component_container-11] 	 22.170	ErrPose	  0.107	  0.201	  0.037	  0.018
[component_container-11] 	 22.170	ErrTwis	  0.142	  0.157	  0.015	  0.000
[component_container-11] 	 22.170	    GPS	  0.882	  3.592	  5.019	     --
[component_container-11] 	 22.170	   Baro	     --	     --	  5.594	     --
[component_container-11] 	 22.170	  BBias	     --	     --	  0.586	     --
[component_container-11] 	 22.170	  Sonar	     --	     --	    inf	     --
[component_container-11] 	 22.170	  Magnt	     --	     --	     --	  0.285
[component_container-11] 
[component_container-11] 	 22.200	   Pose	  0.952	  3.594	  4.986	  0.229
[component_container-11] 	 22.200	  Twist	 -0.352	  0.648	 -0.006	 -0.296
[component_container-11] 	 22.200	ErrPose	  0.102	  0.209	  0.039	  0.015
[component_container-11] 	 22.200	ErrTwis	  0.134	  0.142	  0.013	  0.018
[component_container-11] 	 22.200	    GPS	  0.882	  3.592	  5.019	     --
[component_container-11] 	 22.200	   Baro	     --	     --	  5.594	     --
[component_container-11] 	 22.200	  BBias	     --	     --	  0.586	     --
[component_container-11] 	 22.200	  Sonar	     --	     --	    inf	     --
[component_container-11] 	 22.200	  Magnt	     --	     --	     --	  0.285
[component_container-11] 
[component_container-11] 	 22.240	   Pose	  0.938	  3.620	  4.993	  0.219
[component_container-11] 	 22.240	  Twist	 -0.350	  0.643	  0.000	 -0.277
[component_container-11] 	 22.240	ErrPose	  0.100	  0.211	  0.033	  0.014
[component_container-11] 	 22.240	ErrTwis	  0.127	  0.127	  0.003	 -0.001
[component_container-11] 	 22.240	    GPS	  0.882	  3.592	  5.019	     --
[component_container-11] 	 22.240	   Baro	     --	     --	  5.657	     --
[component_container-11] 	 22.240	  BBias	     --	     --	  0.586	     --
[component_container-11] 	 22.240	  Sonar	     --	     --	    inf	     --
[component_container-11] 	 22.240	  Magnt	     --	     --	     --	  0.298
[component_container-11] 
[component_container-11] 	 22.270	   Pose	  0.928	  3.639	  5.003	  0.211
[component_container-11] 	 22.270	  Twist	 -0.350	  0.639	  0.011	 -0.298
[component_container-11] 	 22.270	ErrPose	  0.103	  0.205	  0.024	  0.017
[component_container-11] 	 22.270	ErrTwis	  0.124	  0.120	 -0.010	  0.020
[component_container-11] 	 22.270	    GPS	  0.882	  3.592	  5.019	     --
[component_container-11] 	 22.270	   Baro	     --	     --	  5.700	     --
[component_container-11] 	 22.270	  BBias	     --	     --	  0.586	     --
[component_container-11] 	 22.270	  Sonar	     --	     --	    inf	     --
[component_container-11] 	 22.270	  Magnt	     --	     --	     --	  0.232
[component_container-11] 
[component_container-11] 	 22.300	   Pose	  0.917	  3.659	  5.004	  0.202
[component_container-11] 	 22.300	  Twist	 -0.350	  0.636	  0.010	 -0.286
[component_container-11] 	 22.300	ErrPose	  0.098	  0.212	  0.025	  0.014
[component_container-11] 	 22.300	ErrTwis	  0.120	  0.099	 -0.012	  0.008
[component_container-11] 	 22.300	    GPS	  0.882	  3.592	  5.019	     --
[component_container-11] 	 22.300	   Baro	     --	     --	  5.700	     --
[component_container-11] 	 22.300	  BBias	     --	     --	  0.586	     --
[component_container-11] 	 22.300	  Sonar	     --	     --	    inf	     --
[component_container-11] 	 22.300	  Magnt	     --	     --	     --	  0.232
[component_container-11] 
[component_container-11] 	 22.340	   Pose	  0.903	  3.684	  5.002	  0.193
[component_container-11] 	 22.340	  Twist	 -0.349	  0.631	  0.007	 -0.289
[component_container-11] 	 22.340	ErrPose	  0.097	  0.211	  0.028	  0.013
[component_container-11] 	 22.340	ErrTwis	  0.117	  0.078	 -0.011	  0.011
[component_container-11] 	 22.340	    GPS	  0.882	  3.592	  5.019	     --
[component_container-11] 	 22.340	   Baro	     --	     --	  5.565	     --
[component_container-11] 	 22.340	  BBias	     --	     --	  0.586	     --
[component_container-11] 	 22.340	  Sonar	     --	     --	    inf	     --
[component_container-11] 	 22.340	  Magnt	     --	     --	     --	  0.288
[component_container-11] 
[component_container-11] 	 22.370	   Pose	  0.893	  3.703	  5.003	  0.184
[component_container-11] 	 22.370	  Twist	 -0.348	  0.627	  0.007	 -0.279
[component_container-11] 	 22.370	ErrPose	  0.100	  0.205	  0.028	  0.016
[component_container-11] 	 22.370	ErrTwis	  0.114	  0.069	 -0.012	  0.001
[component_container-11] 	 22.370	    GPS	  0.882	  3.592	  5.019	     --
[component_container-11] 	 22.370	   Baro	     --	     --	  5.600	     --
[component_container-11] 	 22.370	  BBias	     --	     --	  0.586	     --
[component_container-11] 	 22.370	  Sonar	     --	     --	    inf	     --
[component_container-11] 	 22.370	  Magnt	     --	     --	     --	  0.193
[component_container-11] 
[component_container-11] 	 22.400	   Pose	  0.882	  3.722	  5.003	  0.176
[component_container-11] 	 22.400	  Twist	 -0.347	  0.624	  0.005	 -0.295
[component_container-11] 	 22.400	ErrPose	  0.096	  0.209	  0.029	  0.013
[component_container-11] 	 22.400	ErrTwis	  0.113	  0.045	 -0.011	  0.017
[component_container-11] 	 22.400	    GPS	  0.882	  3.592	  5.019	     --
[component_container-11] 	 22.400	   Baro	     --	     --	  5.600	     --
[component_container-11] 	 22.400	  BBias	     --	     --	  0.586	     --
[component_container-11] 	 22.400	  Sonar	     --	     --	    inf	     --
[component_container-11] 	 22.400	  Magnt	     --	     --	     --	  0.193
[component_container-11] 
[component_container-11] 	 22.440	   Pose	  0.868	  3.746	  5.011	  0.165
[component_container-11] 	 22.440	  Twist	 -0.347	  0.619	  0.011	 -0.296
[component_container-11] 	 22.440	ErrPose	  0.097	  0.207	  0.022	  0.013
[component_container-11] 	 22.440	ErrTwis	  0.111	  0.021	 -0.018	  0.018
[component_container-11] 	 22.440	    GPS	  0.882	  3.592	  5.019	     --
[component_container-11] 	 22.440	   Baro	     --	     --	  5.675	     --
[component_container-11] 	 22.440	  BBias	     --	     --	  0.586	     --
[component_container-11] 	 22.440	  Sonar	     --	     --	    inf	     --
[component_container-11] 	 22.440	  Magnt	     --	     --	     --	  0.214
[component_container-11] 
[component_container-11] 	 22.470	   Pose	  0.858	  3.765	  5.016	  0.158
[component_container-11] 	 22.470	  Twist	 -0.347	  0.616	  0.015	 -0.280
[component_container-11] 	 22.470	ErrPose	  0.100	  0.200	  0.019	  0.015
[component_container-11] 	 22.470	ErrTwis	  0.112	  0.010	 -0.022	  0.002
[component_container-11] 	 22.470	    GPS	  0.882	  3.592	  5.019	     --
[component_container-11] 	 22.470	   Baro	     --	     --	  5.642	     --
[component_container-11] 	 22.470	  BBias	     --	     --	  0.586	     --
[component_container-11] 	 22.470	  Sonar	     --	     --	    inf	     --
[component_container-11] 	 22.470	  Magnt	     --	     --	     --	  0.210
[component_container-11] 
[component_container-11] [INFO] [1775369587.053745286] [drone.behavior]: Behavior transition TURTLE_WAYPOINT -> INITIAL | turtle_stop=false | waypoint=(1.00, 4.00, 5.00)
[component_container-11] [INFO] [1775369587.053788069] [drone.behavior]: Behavior target INITIAL | new_waypoint=(-2.00, -2.00, 5.00)
[component_container-11] 	 22.500	   Pose	  0.848	  3.783	  5.016	  0.149
[component_container-11] 	 22.500	  Twist	 -0.346	  0.612	  0.013	 -0.302
[component_container-11] 	 22.500	ErrPose	  0.098	  0.202	  0.019	  0.012
[component_container-11] 	 22.500	ErrTwis	  0.112	 -0.016	 -0.021	  0.023
[component_container-11] 	 22.500	    GPS	  0.882	  3.592	  5.019	     --
[component_container-11] 	 22.500	   Baro	     --	     --	  5.642	     --
[component_container-11] 	 22.500	  BBias	     --	     --	  0.586	     --
[component_container-11] 	 22.500	  Sonar	     --	     --	    inf	     --
[component_container-11] 	 22.500	  Magnt	     --	     --	     --	  0.210
[component_container-11] 
[component_container-11] [INFO] [1775369587.057086427] [drone.estimator]: TMP LOG gps innov_xy=(-0.034, 0.412) est_xy=(0.844, 3.789) gps_xy=(0.810, 4.201) corr_xy=(0.810, 4.201) vel_xy=(-0.346, 0.611)
[component_container-11] [INFO] [1775369587.057539507] [drone.estimator]: TMP LOG gps vel pseudo raw=(-0.144, 1.219) filt=(-0.170, 1.178) innov_v=(0.181, 0.502) apply=(1,1)
[component_container-11] 	 22.540	   Pose	  0.852	  4.021	  5.020	  0.138
[component_container-11] 	 22.540	  Twist	 -0.312	  0.780	  0.014	 -0.297
[component_container-11] 	 22.540	ErrPose	  0.081	 -0.016	  0.017	  0.012
[component_container-11] 	 22.540	ErrTwis	  0.080	 -0.213	 -0.022	  0.018
[component_container-11] 	 22.540	    GPS	  0.810	  4.201	  5.036	     --
[component_container-11] 	 22.540	   Baro	     --	     --	  5.604	     --
[component_container-11] 	 22.540	  BBias	     --	     --	  0.586	     --
[component_container-11] 	 22.540	  Sonar	     --	     --	    inf	     --
[component_container-11] 	 22.540	  Magnt	     --	     --	     --	  0.155
[component_container-11] 
[component_container-11] 	 22.570	   Pose	  0.842	  4.045	  5.023	  0.129
[component_container-11] 	 22.570	  Twist	 -0.311	  0.777	  0.015	 -0.278
[component_container-11] 	 22.570	ErrPose	  0.085	 -0.029	  0.014	  0.015
[component_container-11] 	 22.570	ErrTwis	  0.082	 -0.224	 -0.022	 -0.001
[component_container-11] 	 22.570	    GPS	  0.810	  4.201	  5.036	     --
[component_container-11] 	 22.570	   Baro	     --	     --	  5.645	     --
[component_container-11] 	 22.570	  BBias	     --	     --	  0.586	     --
[component_container-11] 	 22.570	  Sonar	     --	     --	    inf	     --
[component_container-11] 	 22.570	  Magnt	     --	     --	     --	  0.134
[component_container-11] 
[component_container-11] 	 22.600	   Pose	  0.833	  4.068	  5.024	  0.121
[component_container-11] 	 22.600	  Twist	 -0.311	  0.774	  0.015	 -0.291
[component_container-11] 	 22.600	ErrPose	  0.082	 -0.034	  0.015	  0.013
[component_container-11] 	 22.600	ErrTwis	  0.085	 -0.250	 -0.023	  0.012
[component_container-11] 	 22.600	    GPS	  0.810	  4.201	  5.036	     --
[component_container-11] 	 22.600	   Baro	     --	     --	  5.645	     --
[component_container-11] 	 22.600	  BBias	     --	     --	  0.586	     --
[component_container-11] 	 22.600	  Sonar	     --	     --	    inf	     --
[component_container-11] 	 22.600	  Magnt	     --	     --	     --	  0.134
[component_container-11] 
[component_container-11] 	 22.640	   Pose	  0.821	  4.099	  5.025	  0.109
[component_container-11] 	 22.640	  Twist	 -0.310	  0.772	  0.016	 -0.270
[component_container-11] 	 22.640	ErrPose	  0.084	 -0.047	  0.014	  0.013
[component_container-11] 	 22.640	ErrTwis	  0.089	 -0.277	 -0.025	 -0.009
[component_container-11] 	 22.640	    GPS	  0.810	  4.201	  5.036	     --
[component_container-11] 	 22.640	   Baro	     --	     --	  5.625	     --
[component_container-11] 	 22.640	  BBias	     --	     --	  0.586	     --
[component_container-11] 	 22.640	  Sonar	     --	     --	    inf	     --
[component_container-11] 	 22.640	  Magnt	     --	     --	     --	  0.110
[component_container-11] 
[component_container-11] 	 22.670	   Pose	  0.811	  4.122	  5.029	  0.101
[component_container-11] 	 22.670	  Twist	 -0.310	  0.770	  0.018	 -0.291
[component_container-11] 	 22.670	ErrPose	  0.088	 -0.062	  0.011	  0.016
[component_container-11] 	 22.670	ErrTwis	  0.092	 -0.291	 -0.028	  0.012
[component_container-11] 	 22.670	    GPS	  0.810	  4.201	  5.036	     --
[component_container-11] 	 22.670	   Baro	     --	     --	  5.647	     --
[component_container-11] 	 22.670	  BBias	     --	     --	  0.586	     --
[component_container-11] 	 22.670	  Sonar	     --	     --	    inf	     --
[component_container-11] 	 22.670	  Magnt	     --	     --	     --	  0.121
[component_container-11] 
[component_container-11] 	 22.700	   Pose	  0.802	  4.145	  5.029	  0.092
[component_container-11] 	 22.700	  Twist	 -0.310	  0.770	  0.017	 -0.291
[component_container-11] 	 22.700	ErrPose	  0.087	 -0.069	  0.012	  0.013
[component_container-11] 	 22.700	ErrTwis	  0.098	 -0.324	 -0.033	  0.012
[component_container-11] 	 22.700	    GPS	  0.810	  4.201	  5.036	     --
[component_container-11] 	 22.700	   Baro	     --	     --	  5.647	     --
[component_container-11] 	 22.700	  BBias	     --	     --	  0.586	     --
[component_container-11] 	 22.700	  Sonar	     --	     --	    inf	     --
[component_container-11] 	 22.700	  Magnt	     --	     --	     --	  0.121
[component_container-11] 
[component_container-11] 	 22.740	   Pose	  0.790	  4.176	  5.034	  0.081
[component_container-11] 	 22.740	  Twist	 -0.310	  0.770	  0.019	 -0.306
[component_container-11] 	 22.740	ErrPose	  0.090	 -0.086	  0.008	  0.013
[component_container-11] 	 22.740	ErrTwis	  0.105	 -0.366	 -0.043	  0.026
[component_container-11] 	 22.740	    GPS	  0.810	  4.201	  5.036	     --
[component_container-11] 	 22.740	   Baro	     --	     --	  5.668	     --
[component_container-11] 	 22.740	  BBias	     --	     --	  0.586	     --
[component_container-11] 	 22.740	  Sonar	     --	     --	    inf	     --
[component_container-11] 	 22.740	  Magnt	     --	     --	     --	  0.132
[component_container-11] 
[component_container-11] 	 22.770	   Pose	  0.780	  4.199	  5.051	  0.074
[component_container-11] 	 22.770	  Twist	 -0.310	  0.770	  0.033	 -0.296
[component_container-11] 	 22.770	ErrPose	  0.095	 -0.103	 -0.009	  0.015
[component_container-11] 	 22.770	ErrTwis	  0.109	 -0.391	 -0.061	  0.016
[component_container-11] 	 22.770	    GPS	  0.810	  4.201	  5.036	     --
[component_container-11] 	 22.770	   Baro	     --	     --	  5.815	     --
[component_container-11] 	 22.770	  BBias	     --	     --	  0.586	     --
[component_container-11] 	 22.770	  Sonar	     --	     --	    inf	     --
[component_container-11] 	 22.770	  Magnt	     --	     --	     --	  0.114
[component_container-11] 
[component_container-11] 	 22.800	   Pose	  0.771	  4.222	  5.052	  0.065
[component_container-11] 	 22.800	  Twist	 -0.311	  0.770	  0.030	 -0.296
[component_container-11] 	 22.800	ErrPose	  0.096	 -0.116	 -0.009	  0.013
[component_container-11] 	 22.800	ErrTwis	  0.117	 -0.449	 -0.064	  0.016
[component_container-11] 	 22.800	    GPS	  0.810	  4.201	  5.036	     --
[component_container-11] 	 22.800	   Baro	     --	     --	  5.815	     --
[component_container-11] 	 22.800	  BBias	     --	     --	  0.586	     --
[component_container-11] 	 22.800	  Sonar	     --	     --	    inf	     --
[component_container-11] 	 22.800	  Magnt	     --	     --	     --	  0.114
[component_container-11] 
[component_container-11] 	 22.840	   Pose	  0.759	  4.253	  5.048	  0.055
[component_container-11] 	 22.840	  Twist	 -0.311	  0.768	  0.019	 -0.283
[component_container-11] 	 22.840	ErrPose	  0.101	 -0.139	 -0.004	  0.012
[component_container-11] 	 22.840	ErrTwis	  0.126	 -0.512	 -0.055	  0.002
[component_container-11] 	 22.840	    GPS	  0.810	  4.201	  5.036	     --
[component_container-11] 	 22.840	   Baro	     --	     --	  5.574	     --
[component_container-11] 	 22.840	  BBias	     --	     --	  0.586	     --
[component_container-11] 	 22.840	  Sonar	     --	     --	    inf	     --
[component_container-11] 	 22.840	  Magnt	     --	     --	     --	  0.124
[component_container-11] 
[component_container-11] 	 22.870	   Pose	  0.749	  4.276	  5.043	  0.047
[component_container-11] 	 22.870	  Twist	 -0.311	  0.767	  0.010	 -0.302
[component_container-11] 	 22.870	ErrPose	  0.106	 -0.159	 -0.000	  0.014
[component_container-11] 	 22.870	ErrTwis	  0.131	 -0.546	 -0.046	  0.022
[component_container-11] 	 22.870	    GPS	  0.810	  4.201	  5.036	     --
[component_container-11] 	 22.870	   Baro	     --	     --	  5.577	     --
[component_container-11] 	 22.870	  BBias	     --	     --	  0.586	     --
[component_container-11] 	 22.870	  Sonar	     --	     --	    inf	     --
[component_container-11] 	 22.870	  Magnt	     --	     --	     --	  0.094
[component_container-11] 
[component_container-11] 	 22.900	   Pose	  0.740	  4.299	  5.043	  0.038
[component_container-11] 	 22.900	  Twist	 -0.311	  0.766	  0.005	 -0.284
[component_container-11] 	 22.900	ErrPose	  0.109	 -0.178	 -0.001	  0.011
[component_container-11] 	 22.900	ErrTwis	  0.140	 -0.617	 -0.041	  0.004
[component_container-11] 	 22.900	    GPS	  0.810	  4.201	  5.036	     --
[component_container-11] 	 22.900	   Baro	     --	     --	  5.577	     --
[component_container-11] 	 22.900	  BBias	     --	     --	  0.586	     --
[component_container-11] 	 22.900	  Sonar	     --	     --	    inf	     --
[component_container-11] 	 22.900	  Magnt	     --	     --	     --	  0.094
[component_container-11] 
[component_container-11] 	 22.940	   Pose	  0.728	  4.329	  5.045	  0.028
[component_container-11] 	 22.940	  Twist	 -0.310	  0.765	  0.001	 -0.299
[component_container-11] 	 22.940	ErrPose	  0.115	 -0.208	 -0.004	  0.010
[component_container-11] 	 22.940	ErrTwis	  0.151	 -0.692	 -0.035	  0.019
[component_container-11] 	 22.940	    GPS	  0.810	  4.201	  5.036	     --
[component_container-11] 	 22.940	   Baro	     --	     --	  5.650	     --
[component_container-11] 	 22.940	  BBias	     --	     --	  0.586	     --
[component_container-11] 	 22.940	  Sonar	     --	     --	    inf	     --
[component_container-11] 	 22.940	  Magnt	     --	     --	     --	  0.114
[component_container-11] 
[component_container-11] 	 22.970	   Pose	  0.718	  4.352	  5.041	  0.020
[component_container-11] 	 22.970	  Twist	 -0.310	  0.764	 -0.008	 -0.292
[component_container-11] 	 22.970	ErrPose	  0.122	 -0.232	  0.000	  0.012
[component_container-11] 	 22.970	ErrTwis	  0.157	 -0.729	 -0.024	  0.012
[component_container-11] 	 22.970	    GPS	  0.810	  4.201	  5.036	     --
[component_container-11] 	 22.970	   Baro	     --	     --	  5.583	     --
[component_container-11] 	 22.970	  BBias	     --	     --	  0.586	     --
[component_container-11] 	 22.970	  Sonar	     --	     --	    inf	     --
[component_container-11] 	 22.970	  Magnt	     --	     --	     --	  0.049
[component_container-11] 
[component_container-11] [INFO] [1775369587.553879652] [drone.controller]: cmd_vel body=(-0.368, -0.930, -0.004) yaw=-0.300 | odom_received=true | plan_points=69
[component_container-11] 	 23.000	   Pose	  0.709	  4.375	  5.041	  0.012
[component_container-11] 	 23.000	  Twist	 -0.311	  0.763	 -0.013	 -0.280
[component_container-11] 	 23.000	ErrPose	  0.126	 -0.259	 -0.001	  0.009
[component_container-11] 	 23.000	ErrTwis	  0.170	 -0.804	 -0.016	 -0.000
[component_container-11] 	 23.000	    GPS	  0.810	  4.201	  5.036	     --
[component_container-11] 	 23.000	   Baro	     --	     --	  5.583	     --
[component_container-11] 	 23.000	  BBias	     --	     --	  0.586	     --
[component_container-11] 	 23.000	  Sonar	     --	     --	    inf	     --
[component_container-11] 	 23.000	  Magnt	     --	     --	     --	  0.049
[component_container-11] 
[component_container-11] [INFO] [1775369587.554115137] [drone.estimator]: TMP LOG err_xyz=(0.126, -0.259, -0.001) | z_est=5.041 vz_est=-0.013 bias=0.586 | gps_z=5.036 sonar=inf baro=5.583
[component_container-11] 	 23.040	   Pose	  0.678	  4.292	  5.029	  0.002
[component_container-11] 	 23.040	  Twist	 -0.318	  0.638	 -0.031	 -0.286
[component_container-11] 	 23.040	ErrPose	  0.153	 -0.182	  0.008	  0.008
[component_container-11] 	 23.040	ErrTwis	  0.191	 -0.754	  0.005	  0.007
[component_container-11] 	 23.040	    GPS	  0.646	  4.272	  5.039	     --
[component_container-11] 	 23.040	   Baro	     --	     --	  5.489	     --
[component_container-11] 	 23.040	  BBias	     --	     --	  0.586	     --
[component_container-11] 	 23.040	  Sonar	     --	     --	    inf	     --
[component_container-11] 	 23.040	  Magnt	     --	     --	     --	  0.087
[component_container-11] 
[component_container-11] 	 23.070	   Pose	  0.668	  4.311	  5.035	 -0.006
[component_container-11] 	 23.070	  Twist	 -0.318	  0.638	 -0.028	 -0.272
[component_container-11] 	 23.070	ErrPose	  0.160	 -0.205	  0.001	  0.009
[component_container-11] 	 23.070	ErrTwis	  0.198	 -0.790	  0.002	 -0.007
[component_container-11] 	 23.070	    GPS	  0.646	  4.272	  5.039	     --
[component_container-11] 	 23.070	   Baro	     --	     --	  5.707	     --
[component_container-11] 	 23.070	  BBias	     --	     --	  0.586	     --
[component_container-11] 	 23.070	  Sonar	     --	     --	    inf	     --
[component_container-11] 	 23.070	  Magnt	     --	     --	     --	  0.042
[component_container-11] 
[component_container-11] 	 23.100	   Pose	  0.659	  4.330	  5.034	 -0.014
[component_container-11] 	 23.100	  Twist	 -0.319	  0.638	 -0.032	 -0.287
[component_container-11] 	 23.100	ErrPose	  0.166	 -0.235	 -0.001	  0.006
[component_container-11] 	 23.100	ErrTwis	  0.213	 -0.862	  0.007	  0.008
[component_container-11] 	 23.100	    GPS	  0.646	  4.272	  5.039	     --
[component_container-11] 	 23.100	   Baro	     --	     --	  5.707	     --
[component_container-11] 	 23.100	  BBias	     --	     --	  0.586	     --
[component_container-11] 	 23.100	  Sonar	     --	     --	    inf	     --
[component_container-11] 	 23.100	  Magnt	     --	     --	     --	  0.042
[component_container-11] 
[component_container-11] 	 23.140	   Pose	  0.646	  4.355	  5.031	 -0.024
[component_container-11] 	 23.140	  Twist	 -0.320	  0.637	 -0.039	 -0.284
[component_container-11] 	 23.140	ErrPose	  0.175	 -0.274	 -0.001	  0.005
[component_container-11] 	 23.140	ErrTwis	  0.229	 -0.929	  0.014	  0.006
[component_container-11] 	 23.140	    GPS	  0.646	  4.272	  5.039	     --
[component_container-11] 	 23.140	   Baro	     --	     --	  5.600	     --
[component_container-11] 	 23.140	  BBias	     --	     --	  0.586	     --
[component_container-11] 	 23.140	  Sonar	     --	     --	    inf	     --
[component_container-11] 	 23.140	  Magnt	     --	     --	     --	  0.058
[component_container-11] 
[component_container-11] 	 23.170	   Pose	  0.636	  4.375	  5.022	 -0.031
[component_container-11] 	 23.170	  Twist	 -0.321	  0.637	 -0.050	 -0.284
[component_container-11] 	 23.170	ErrPose	  0.183	 -0.301	  0.006	  0.007
[component_container-11] 	 23.170	ErrTwis	  0.237	 -0.961	  0.025	  0.006
[component_container-11] 	 23.170	    GPS	  0.646	  4.272	  5.039	     --
[component_container-11] 	 23.170	   Baro	     --	     --	  5.521	     --
[component_container-11] 	 23.170	  BBias	     --	     --	  0.586	     --
[component_container-11] 	 23.170	  Sonar	     --	     --	    inf	     --
[component_container-11] 	 23.170	  Magnt	     --	     --	     --	  0.014
[component_container-11] 
[component_container-11] 	 23.200	   Pose	  0.627	  4.394	  5.020	 -0.040
[component_container-11] 	 23.200	  Twist	 -0.321	  0.637	 -0.054	 -0.289
[component_container-11] 	 23.200	ErrPose	  0.190	 -0.336	  0.004	  0.004
[component_container-11] 	 23.200	ErrTwis	  0.253	 -1.023	  0.027	  0.012
[component_container-11] 	 23.200	    GPS	  0.646	  4.272	  5.039	     --
[component_container-11] 	 23.200	   Baro	     --	     --	  5.521	     --
[component_container-11] 	 23.200	  BBias	     --	     --	  0.586	     --
[component_container-11] 	 23.200	  Sonar	     --	     --	    inf	     --
[component_container-11] 	 23.200	  Magnt	     --	     --	     --	  0.014
[component_container-11] 
[component_container-11] 	 23.240	   Pose	  0.614	  4.419	  5.015	 -0.050
[component_container-11] 	 23.240	  Twist	 -0.321	  0.638	 -0.061	 -0.298
[component_container-11] 	 23.240	ErrPose	  0.200	 -0.381	  0.006	  0.003
[component_container-11] 	 23.240	ErrTwis	  0.270	 -1.081	  0.032	  0.022
[component_container-11] 	 23.240	    GPS	  0.646	  4.272	  5.039	     --
[component_container-11] 	 23.240	   Baro	     --	     --	  5.567	     --
[component_container-11] 	 23.240	  BBias	     --	     --	  0.586	     --
[component_container-11] 	 23.240	  Sonar	     --	     --	    inf	     --
[component_container-11] 	 23.240	  Magnt	     --	     --	     --	  0.011
[component_container-11] 
[component_container-11] 	 23.270	   Pose	  0.604	  4.438	  5.021	 -0.058
[component_container-11] 	 23.270	  Twist	 -0.323	  0.638	 -0.054	 -0.296
[component_container-11] 	 23.270	ErrPose	  0.209	 -0.410	 -0.002	  0.005
[component_container-11] 	 23.270	ErrTwis	  0.279	 -1.108	  0.024	  0.019
[component_container-11] 	 23.270	    GPS	  0.646	  4.272	  5.039	     --
[component_container-11] 	 23.270	   Baro	     --	     --	  5.690	     --
[component_container-11] 	 23.270	  BBias	     --	     --	  0.586	     --
[component_container-11] 	 23.270	  Sonar	     --	     --	    inf	     --
[component_container-11] 	 23.270	  Magnt	     --	     --	     --	  0.005
[component_container-11] 
[component_container-11] 	 23.300	   Pose	  0.594	  4.457	  5.019	 -0.066
[component_container-11] 	 23.300	  Twist	 -0.323	  0.640	 -0.056	 -0.268
[component_container-11] 	 23.300	ErrPose	  0.216	 -0.451	 -0.004	  0.002
[component_container-11] 	 23.300	ErrTwis	  0.296	 -1.160	  0.024	 -0.008
[component_container-11] 	 23.300	    GPS	  0.646	  4.272	  5.039	     --
[component_container-11] 	 23.300	   Baro	     --	     --	  5.690	     --
[component_container-11] 	 23.300	  BBias	     --	     --	  0.586	     --
[component_container-11] 	 23.300	  Sonar	     --	     --	    inf	     --
[component_container-11] 	 23.300	  Magnt	     --	     --	     --	  0.005
[component_container-11] 
[component_container-11] 	 23.340	   Pose	  0.581	  4.483	  5.009	 -0.077
[component_container-11] 	 23.340	  Twist	 -0.325	  0.641	 -0.065	 -0.263
[component_container-11] 	 23.340	ErrPose	  0.228	 -0.500	  0.002	  0.002
[component_container-11] 	 23.340	ErrTwis	  0.314	 -1.206	  0.030	 -0.014
[component_container-11] 	 23.340	    GPS	  0.646	  4.272	  5.039	     --
[component_container-11] 	 23.340	   Baro	     --	     --	  5.519	     --
[component_container-11] 	 23.340	  BBias	     --	     --	  0.586	     --
[component_container-11] 	 23.340	  Sonar	     --	     --	    inf	     --
[component_container-11] 	 23.340	  Magnt	     --	     --	     --	 -0.037
[component_container-11] 
[component_container-11] 	 23.370	   Pose	  0.572	  4.502	  5.008	 -0.086
[component_container-11] 	 23.370	  Twist	 -0.325	  0.642	 -0.065	 -0.302
[component_container-11] 	 23.370	ErrPose	  0.237	 -0.532	  0.001	  0.005
[component_container-11] 	 23.370	ErrTwis	  0.323	 -1.228	  0.028	  0.026
[component_container-11] 	 23.370	    GPS	  0.646	  4.272	  5.039	     --
[component_container-11] 	 23.370	   Baro	     --	     --	  5.607	     --
[component_container-11] 	 23.370	  BBias	     --	     --	  0.586	     --
[component_container-11] 	 23.370	  Sonar	     --	     --	    inf	     --
[component_container-11] 	 23.370	  Magnt	     --	     --	     --	 -0.070
[component_container-11] 
[component_container-11] 	 23.400	   Pose	  0.562	  4.522	  5.006	 -0.094
[component_container-11] 	 23.400	  Twist	 -0.326	  0.642	 -0.065	 -0.270
[component_container-11] 	 23.400	ErrPose	  0.245	 -0.577	 -0.002	  0.002
[component_container-11] 	 23.400	ErrTwis	  0.340	 -1.268	  0.026	 -0.007
[component_container-11] 	 23.400	    GPS	  0.646	  4.272	  5.039	     --
[component_container-11] 	 23.400	   Baro	     --	     --	  5.607	     --
[component_container-11] 	 23.400	  BBias	     --	     --	  0.586	     --
[component_container-11] 	 23.400	  Sonar	     --	     --	    inf	     --
[component_container-11] 	 23.400	  Magnt	     --	     --	     --	 -0.070
[component_container-11] 
[component_container-11] 	 23.440	   Pose	  0.549	  4.547	  5.002	 -0.106
[component_container-11] 	 23.440	  Twist	 -0.327	  0.644	 -0.066	 -0.299
[component_container-11] 	 23.440	ErrPose	  0.257	 -0.630	 -0.002	  0.003
[component_container-11] 	 23.440	ErrTwis	  0.357	 -1.305	  0.024	  0.023
[component_container-11] 	 23.440	    GPS	  0.646	  4.272	  5.039	     --
[component_container-11] 	 23.440	   Baro	     --	     --	  5.577	     --
[component_container-11] 	 23.440	  BBias	     --	     --	  0.586	     --
[component_container-11] 	 23.440	  Sonar	     --	     --	    inf	     --
[component_container-11] 	 23.440	  Magnt	     --	     --	     --	 -0.123
[component_container-11] 
[component_container-11] 	 23.470	   Pose	  0.539	  4.567	  5.003	 -0.114
[component_container-11] 	 23.470	  Twist	 -0.328	  0.647	 -0.062	 -0.278
[component_container-11] 	 23.470	ErrPose	  0.266	 -0.663	 -0.005	  0.005
[component_container-11] 	 23.470	ErrTwis	  0.367	 -1.324	  0.020	  0.002
[component_container-11] 	 23.470	    GPS	  0.646	  4.272	  5.039	     --
[component_container-11] 	 23.470	   Baro	     --	     --	  5.616	     --
[component_container-11] 	 23.470	  BBias	     --	     --	  0.586	     --
[component_container-11] 	 23.470	  Sonar	     --	     --	    inf	     --
[component_container-11] 	 23.470	  Magnt	     --	     --	     --	 -0.076
[component_container-11] 
[component_container-11] 	 23.500	   Pose	  0.529	  4.586	  5.001	 -0.122
[component_container-11] 	 23.500	  Twist	 -0.328	  0.649	 -0.061	 -0.285
[component_container-11] 	 23.500	ErrPose	  0.275	 -0.712	 -0.007	  0.002
[component_container-11] 	 23.500	ErrTwis	  0.383	 -1.355	  0.017	  0.009
[component_container-11] 	 23.500	    GPS	  0.646	  4.272	  5.039	     --
[component_container-11] 	 23.500	   Baro	     --	     --	  5.616	     --
[component_container-11] 	 23.500	  BBias	     --	     --	  0.586	     --
[component_container-11] 	 23.500	  Sonar	     --	     --	    inf	     --
[component_container-11] 	 23.500	  Magnt	     --	     --	     --	 -0.076
[component_container-11] 
[component_container-11] [INFO] [1775369588.067387437] [drone.estimator]: TMP LOG gps innov_xy=(0.191, -0.784) est_xy=(0.526, 4.593) gps_xy=(0.717, 3.808) corr_xy=(0.717, 3.808) vel_xy=(-0.329, 0.649)
[component_container-11] [INFO] [1775369588.067595788] [drone.estimator]: TMP LOG gps vel pseudo raw=(0.141, -0.928) filt=(0.095, -0.811) innov_v=(0.394, -1.336) apply=(1,1)
[component_container-11] 	 23.540	   Pose	  0.641	  4.143	  4.997	 -0.134
[component_container-11] 	 23.540	  Twist	 -0.214	  0.239	 -0.061	 -0.287
[component_container-11] 	 23.540	ErrPose	  0.163	 -0.299	 -0.006	  0.003
[component_container-11] 	 23.540	ErrTwis	  0.285	 -0.972	  0.017	  0.010
[component_container-11] 	 23.540	    GPS	  0.717	  3.808	  4.993	     --
[component_container-11] 	 23.540	   Baro	     --	     --	  5.573	     --
[component_container-11] 	 23.540	  BBias	     --	     --	  0.586	     --
[component_container-11] 	 23.540	  Sonar	     --	     --	    inf	     --
[component_container-11] 	 23.540	  Magnt	     --	     --	     --	 -0.134
[component_container-11] 
[component_container-11] 	 23.570	   Pose	  0.635	  4.150	  4.986	 -0.142
[component_container-11] 	 23.570	  Twist	 -0.215	  0.241	 -0.070	 -0.280
[component_container-11] 	 23.570	ErrPose	  0.169	 -0.321	  0.003	  0.005
[component_container-11] 	 23.570	ErrTwis	  0.294	 -0.986	  0.025	  0.004
[component_container-11] 	 23.570	    GPS	  0.717	  3.808	  4.993	     --
[component_container-11] 	 23.570	   Baro	     --	     --	  5.464	     --
[component_container-11] 	 23.570	  BBias	     --	     --	  0.586	     --
[component_container-11] 	 23.570	  Sonar	     --	     --	    inf	     --
[component_container-11] 	 23.570	  Magnt	     --	     --	     --	 -0.116
[component_container-11] 
[component_container-11] 	 23.600	   Pose	  0.628	  4.157	  4.984	 -0.150
[component_container-11] 	 23.600	  Twist	 -0.216	  0.243	 -0.068	 -0.283
[component_container-11] 	 23.600	ErrPose	  0.175	 -0.360	  0.001	  0.003
[component_container-11] 	 23.600	ErrTwis	  0.311	 -1.010	  0.022	  0.007
[component_container-11] 	 23.600	    GPS	  0.717	  3.808	  4.993	     --
[component_container-11] 	 23.600	   Baro	     --	     --	  5.464	     --
[component_container-11] 	 23.600	  BBias	     --	     --	  0.586	     --
[component_container-11] 	 23.600	  Sonar	     --	     --	    inf	     --
[component_container-11] 	 23.600	  Magnt	     --	     --	     --	 -0.116
[component_container-11] 
[component_container-11] 	 23.640	   Pose	  0.620	  4.167	  4.978	 -0.161
[component_container-11] 	 23.640	  Twist	 -0.218	  0.246	 -0.069	 -0.279
[component_container-11] 	 23.640	ErrPose	  0.184	 -0.402	  0.003	  0.002
[component_container-11] 	 23.640	ErrTwis	  0.327	 -1.032	  0.023	  0.002
[component_container-11] 	 23.640	    GPS	  0.717	  3.808	  4.993	     --
[component_container-11] 	 23.640	   Baro	     --	     --	  5.537	     --
[component_container-11] 	 23.640	  BBias	     --	     --	  0.586	     --
[component_container-11] 	 23.640	  Sonar	     --	     --	    inf	     --
[component_container-11] 	 23.640	  Magnt	     --	     --	     --	 -0.097
[component_container-11] 
[component_container-11] 	 23.670	   Pose	  0.613	  4.175	  4.984	 -0.169
[component_container-11] 	 23.670	  Twist	 -0.219	  0.248	 -0.057	 -0.278
[component_container-11] 	 23.670	ErrPose	  0.190	 -0.426	 -0.005	  0.004
[component_container-11] 	 23.670	ErrTwis	  0.336	 -1.042	  0.011	  0.001
[component_container-11] 	 23.670	    GPS	  0.717	  3.808	  4.993	     --
[component_container-11] 	 23.670	   Baro	     --	     --	  5.663	     --
[component_container-11] 	 23.670	  BBias	     --	     --	  0.586	     --
[component_container-11] 	 23.670	  Sonar	     --	     --	    inf	     --
[component_container-11] 	 23.670	  Magnt	     --	     --	     --	 -0.129
[component_container-11] 
[component_container-11] 	 23.700	   Pose	  0.606	  4.182	  4.983	 -0.177
[component_container-11] 	 23.700	  Twist	 -0.220	  0.250	 -0.055	 -0.281
[component_container-11] 	 23.700	ErrPose	  0.197	 -0.466	 -0.007	  0.001
[component_container-11] 	 23.700	ErrTwis	  0.351	 -1.060	  0.008	  0.004
[component_container-11] 	 23.700	    GPS	  0.717	  3.808	  4.993	     --
[component_container-11] 	 23.700	   Baro	     --	     --	  5.663	     --
[component_container-11] 	 23.700	  BBias	     --	     --	  0.586	     --
[component_container-11] 	 23.700	  Sonar	     --	     --	    inf	     --
[component_container-11] 	 23.700	  Magnt	     --	     --	     --	 -0.129
[component_container-11] 
[component_container-11] 	 23.740	   Pose	  0.598	  4.192	  4.980	 -0.187
[component_container-11] 	 23.740	  Twist	 -0.222	  0.253	 -0.052	 -0.283
[component_container-11] 	 23.740	ErrPose	  0.206	 -0.510	 -0.008	 -0.000
[component_container-11] 	 23.740	ErrTwis	  0.366	 -1.075	  0.005	  0.007
[component_container-11] 	 23.740	    GPS	  0.717	  3.808	  4.993	     --
[component_container-11] 	 23.740	   Baro	     --	     --	  5.564	     --
[component_container-11] 	 23.740	  BBias	     --	     --	  0.586	     --
[component_container-11] 	 23.740	  Sonar	     --	     --	    inf	     --
[component_container-11] 	 23.740	  Magnt	     --	     --	     --	 -0.110
[component_container-11] 
[component_container-11] 	 23.770	   Pose	  0.591	  4.200	  4.983	 -0.195
[component_container-11] 	 23.770	  Twist	 -0.223	  0.256	 -0.046	 -0.287
[component_container-11] 	 23.770	ErrPose	  0.212	 -0.535	 -0.012	  0.002
[component_container-11] 	 23.770	ErrTwis	  0.373	 -1.083	 -0.001	  0.010
[component_container-11] 	 23.770	    GPS	  0.717	  3.808	  4.993	     --
[component_container-11] 	 23.770	   Baro	     --	     --	  5.621	     --
[component_container-11] 	 23.770	  BBias	     --	     --	  0.586	     --
[component_container-11] 	 23.770	  Sonar	     --	     --	    inf	     --
[component_container-11] 	 23.770	  Magnt	     --	     --	     --	 -0.177
[component_container-11] 
[component_container-11] 	 23.800	   Pose	  0.584	  4.207	  4.982	 -0.204
[component_container-11] 	 23.800	  Twist	 -0.223	  0.258	 -0.044	 -0.294
[component_container-11] 	 23.800	ErrPose	  0.219	 -0.577	 -0.014	 -0.000
[component_container-11] 	 23.800	ErrTwis	  0.386	 -1.095	 -0.002	  0.017
[component_container-11] 	 23.800	    GPS	  0.717	  3.808	  4.993	     --
[component_container-11] 	 23.800	   Baro	     --	     --	  5.621	     --
[component_container-11] 	 23.800	  BBias	     --	     --	  0.586	     --
[component_container-11] 	 23.800	  Sonar	     --	     --	    inf	     --
[component_container-11] 	 23.800	  Magnt	     --	     --	     --	 -0.177
[component_container-11] 
[component_container-11] 	 23.840	   Pose	  0.575	  4.218	  4.975	 -0.215
[component_container-11] 	 23.840	  Twist	 -0.224	  0.262	 -0.045	 -0.276
[component_container-11] 	 23.840	ErrPose	  0.228	 -0.622	 -0.010	 -0.000
[component_container-11] 	 23.840	ErrTwis	  0.400	 -1.106	  0.003	 -0.001
[component_container-11] 	 23.840	    GPS	  0.717	  3.808	  4.993	     --
[component_container-11] 	 23.840	   Baro	     --	     --	  5.514	     --
[component_container-11] 	 23.840	  BBias	     --	     --	  0.586	     --
[component_container-11] 	 23.840	  Sonar	     --	     --	    inf	     --
[component_container-11] 	 23.840	  Magnt	     --	     --	     --	 -0.192
[component_container-11] 
[component_container-11] 	 23.870	   Pose	  0.569	  4.226	  4.976	 -0.223
[component_container-11] 	 23.870	  Twist	 -0.226	  0.265	 -0.041	 -0.281
[component_container-11] 	 23.870	ErrPose	  0.235	 -0.647	 -0.012	  0.003
[component_container-11] 	 23.870	ErrTwis	  0.407	 -1.112	 -0.000	  0.004
[component_container-11] 	 23.870	    GPS	  0.717	  3.808	  4.993	     --
[component_container-11] 	 23.870	   Baro	     --	     --	  5.582	     --
[component_container-11] 	 23.870	  BBias	     --	     --	  0.586	     --
[component_container-11] 	 23.870	  Sonar	     --	     --	    inf	     --
[component_container-11] 	 23.870	  Magnt	     --	     --	     --	 -0.229
[component_container-11] 
[component_container-11] 	 23.900	   Pose	  0.562	  4.234	  4.975	 -0.232
[component_container-11] 	 23.900	  Twist	 -0.227	  0.268	 -0.039	 -0.297
[component_container-11] 	 23.900	ErrPose	  0.242	 -0.690	 -0.014	  0.000
[component_container-11] 	 23.900	ErrTwis	  0.419	 -1.121	  0.001	  0.020
[component_container-11] 	 23.900	    GPS	  0.717	  3.808	  4.993	     --
[component_container-11] 	 23.900	   Baro	     --	     --	  5.582	     --
[component_container-11] 	 23.900	  BBias	     --	     --	  0.586	     --
[component_container-11] 	 23.900	  Sonar	     --	     --	    inf	     --
[component_container-11] 	 23.900	  Magnt	     --	     --	     --	 -0.229
[component_container-11] 
[component_container-11] 	 23.940	   Pose	  0.553	  4.244	  4.959	 -0.243
[component_container-11] 	 23.940	  Twist	 -0.227	  0.272	 -0.051	 -0.283
[component_container-11] 	 23.940	ErrPose	  0.251	 -0.736	 -0.000	  0.000
[component_container-11] 	 23.940	ErrTwis	  0.430	 -1.130	  0.016	  0.005
[component_container-11] 	 23.940	    GPS	  0.717	  3.808	  4.993	     --
[component_container-11] 	 23.940	   Baro	     --	     --	  5.407	     --
[component_container-11] 	 23.940	  BBias	     --	     --	  0.586	     --
[component_container-11] 	 23.940	  Sonar	     --	     --	    inf	     --
[component_container-11] 	 23.940	  Magnt	     --	     --	     --	 -0.229
[component_container-11] 
[component_container-11] 	 23.970	   Pose	  0.546	  4.253	  4.963	 -0.251
[component_container-11] 	 23.970	  Twist	 -0.229	  0.274	 -0.044	 -0.279
[component_container-11] 	 23.970	ErrPose	  0.258	 -0.762	 -0.005	  0.003
[component_container-11] 	 23.970	ErrTwis	  0.437	 -1.135	  0.010	  0.001
[component_container-11] 	 23.970	    GPS	  0.717	  3.808	  4.993	     --
[component_container-11] 	 23.970	   Baro	     --	     --	  5.605	     --
[component_container-11] 	 23.970	  BBias	     --	     --	  0.586	     --
[component_container-11] 	 23.970	  Sonar	     --	     --	    inf	     --
[component_container-11] 	 23.970	  Magnt	     --	     --	     --	 -0.223
[component_container-11] 
[component_container-11] [INFO] [1775369588.556526069] [drone.controller]: cmd_vel body=(-0.109, -0.994, 0.016) yaw=-0.300 | odom_received=true | plan_points=68
[component_container-11] 	 24.000	   Pose	  0.539	  4.261	  4.962	 -0.260
[component_container-11] 	 24.000	  Twist	 -0.229	  0.277	 -0.042	 -0.285
[component_container-11] 	 24.000	ErrPose	  0.264	 -0.806	 -0.006	  0.000
[component_container-11] 	 24.000	ErrTwis	  0.448	 -1.142	  0.011	  0.007
[component_container-11] 	 24.000	    GPS	  0.717	  3.808	  4.993	     --
[component_container-11] 	 24.000	   Baro	     --	     --	  5.605	     --
[component_container-11] 	 24.000	  BBias	     --	     --	  0.586	     --
[component_container-11] 	 24.000	  Sonar	     --	     --	    inf	     --
[component_container-11] 	 24.000	  Magnt	     --	     --	     --	 -0.223
[component_container-11] 
[component_container-11] [INFO] [1775369588.556951033] [drone.estimator]: TMP LOG err_xyz=(0.264, -0.806, -0.006) | z_est=4.962 vz_est=-0.042 bias=0.586 | gps_z=4.993 sonar=inf baro=5.605
[component_container-11] 	 24.040	   Pose	  0.508	  3.971	  4.956	 -0.271
[component_container-11] 	 24.040	  Twist	 -0.257	  0.055	 -0.044	 -0.280
[component_container-11] 	 24.040	ErrPose	  0.296	 -0.553	 -0.002	 -0.000
[component_container-11] 	 24.040	ErrTwis	  0.485	 -0.924	  0.016	  0.002
[component_container-11] 	 24.040	    GPS	  0.522	  3.626	  4.955	     --
[component_container-11] 	 24.040	   Baro	     --	     --	  5.499	     --
[component_container-11] 	 24.040	  BBias	     --	     --	  0.586	     --
[component_container-11] 	 24.040	  Sonar	     --	     --	    inf	     --
[component_container-11] 	 24.040	  Magnt	     --	     --	     --	 -0.228
[component_container-11] 
[component_container-11] 	 24.070	   Pose	  0.500	  3.973	  4.947	 -0.278
[component_container-11] 	 24.070	  Twist	 -0.257	  0.058	 -0.051	 -0.285
[component_container-11] 	 24.070	ErrPose	  0.303	 -0.573	  0.006	  0.002
[component_container-11] 	 24.070	ErrTwis	  0.490	 -0.929	  0.025	  0.007
[component_container-11] 	 24.070	    GPS	  0.522	  3.626	  4.955	     --
[component_container-11] 	 24.070	   Baro	     --	     --	  5.442	     --
[component_container-11] 	 24.070	  BBias	     --	     --	  0.586	     --
[component_container-11] 	 24.070	  Sonar	     --	     --	    inf	     --
[component_container-11] 	 24.070	  Magnt	     --	     --	     --	 -0.224
[component_container-11] 
[component_container-11] 	 24.100	   Pose	  0.492	  3.975	  4.945	 -0.287
[component_container-11] 	 24.100	  Twist	 -0.258	  0.061	 -0.049	 -0.289
[component_container-11] 	 24.100	ErrPose	  0.311	 -0.611	  0.006	 -0.001
[component_container-11] 	 24.100	ErrTwis	  0.500	 -0.935	  0.027	  0.011
[component_container-11] 	 24.100	    GPS	  0.522	  3.626	  4.955	     --
[component_container-11] 	 24.100	   Baro	     --	     --	  5.442	     --
[component_container-11] 	 24.100	  BBias	     --	     --	  0.586	     --
[component_container-11] 	 24.100	  Sonar	     --	     --	    inf	     --
[component_container-11] 	 24.100	  Magnt	     --	     --	     --	 -0.224
[component_container-11] 
[component_container-11] 	 24.140	   Pose	  0.482	  3.977	  4.935	 -0.298
[component_container-11] 	 24.140	  Twist	 -0.260	  0.065	 -0.056	 -0.278
[component_container-11] 	 24.140	ErrPose	  0.321	 -0.650	  0.014	 -0.001
[component_container-11] 	 24.140	ErrTwis	  0.510	 -0.941	  0.036	 -0.001
[component_container-11] 	 24.140	    GPS	  0.522	  3.626	  4.955	     --
[component_container-11] 	 24.140	   Baro	     --	     --	  5.435	     --
[component_container-11] 	 24.140	  BBias	     --	     --	  0.586	     --
[component_container-11] 	 24.140	  Sonar	     --	     --	    inf	     --
[component_container-11] 	 24.140	  Magnt	     --	     --	     --	 -0.290
[component_container-11] 
[component_container-11] 	 24.170	   Pose	  0.474	  3.979	  4.933	 -0.307
[component_container-11] 	 24.170	  Twist	 -0.262	  0.068	 -0.055	 -0.293
[component_container-11] 	 24.170	ErrPose	  0.328	 -0.670	  0.016	  0.002
[component_container-11] 	 24.170	ErrTwis	  0.515	 -0.945	  0.037	  0.015
[component_container-11] 	 24.170	    GPS	  0.522	  3.626	  4.955	     --
[component_container-11] 	 24.170	   Baro	     --	     --	  5.512	     --
[component_container-11] 	 24.170	  BBias	     --	     --	  0.586	     --
[component_container-11] 	 24.170	  Sonar	     --	     --	    inf	     --
[component_container-11] 	 24.170	  Magnt	     --	     --	     --	 -0.304
[component_container-11] 
[component_container-11] 	 24.200	   Pose	  0.466	  3.981	  4.931	 -0.315
[component_container-11] 	 24.200	  Twist	 -0.262	  0.071	 -0.053	 -0.290
[component_container-11] 	 24.200	ErrPose	  0.336	 -0.709	  0.016	 -0.000
[component_container-11] 	 24.200	ErrTwis	  0.523	 -0.950	  0.038	  0.012
[component_container-11] 	 24.200	    GPS	  0.522	  3.626	  4.955	     --
[component_container-11] 	 24.200	   Baro	     --	     --	  5.512	     --
[component_container-11] 	 24.200	  BBias	     --	     --	  0.586	     --
[component_container-11] 	 24.200	  Sonar	     --	     --	    inf	     --
[component_container-11] 	 24.200	  Magnt	     --	     --	     --	 -0.304
[component_container-11] 
[component_container-11] 	 24.240	   Pose	  0.456	  3.984	  4.935	 -0.327
[component_container-11] 	 24.240	  Twist	 -0.264	  0.075	 -0.045	 -0.285
[component_container-11] 	 24.240	ErrPose	  0.345	 -0.749	  0.011	  0.000
[component_container-11] 	 24.240	ErrTwis	  0.533	 -0.955	  0.033	  0.006
[component_container-11] 	 24.240	    GPS	  0.522	  3.626	  4.955	     --
[component_container-11] 	 24.240	   Baro	     --	     --	  5.588	     --
[component_container-11] 	 24.240	  BBias	     --	     --	  0.586	     --
[component_container-11] 	 24.240	  Sonar	     --	     --	    inf	     --
[component_container-11] 	 24.240	  Magnt	     --	     --	     --	 -0.311
[component_container-11] 
[component_container-11] 	 24.270	   Pose	  0.448	  3.987	  4.931	 -0.335
[component_container-11] 	 24.270	  Twist	 -0.265	  0.078	 -0.047	 -0.302
[component_container-11] 	 24.270	ErrPose	  0.353	 -0.770	  0.015	  0.003
[component_container-11] 	 24.270	ErrTwis	  0.537	 -0.960	  0.036	  0.024
[component_container-11] 	 24.270	    GPS	  0.522	  3.626	  4.955	     --
[component_container-11] 	 24.270	   Baro	     --	     --	  5.485	     --
[component_container-11] 	 24.270	  BBias	     --	     --	  0.586	     --
[component_container-11] 	 24.270	  Sonar	     --	     --	    inf	     --
[component_container-11] 	 24.270	  Magnt	     --	     --	     --	 -0.301
[component_container-11] 
[component_container-11] 	 24.300	   Pose	  0.440	  3.989	  4.930	 -0.344
[component_container-11] 	 24.300	  Twist	 -0.267	  0.082	 -0.046	 -0.294
[component_container-11] 	 24.300	ErrPose	  0.360	 -0.809	  0.015	  0.000
[component_container-11] 	 24.300	ErrTwis	  0.545	 -0.964	  0.037	  0.016
[component_container-11] 	 24.300	    GPS	  0.522	  3.626	  4.955	     --
[component_container-11] 	 24.300	   Baro	     --	     --	  5.485	     --
[component_container-11] 	 24.300	  BBias	     --	     --	  0.586	     --
[component_container-11] 	 24.300	  Sonar	     --	     --	    inf	     --
[component_container-11] 	 24.300	  Magnt	     --	     --	     --	 -0.301
[component_container-11] 
[component_container-11] 	 24.340	   Pose	  0.429	  3.992	  4.925	 -0.356
[component_container-11] 	 24.340	  Twist	 -0.268	  0.086	 -0.048	 -0.288
[component_container-11] 	 24.340	ErrPose	  0.369	 -0.850	  0.019	  0.002
[component_container-11] 	 24.340	ErrTwis	  0.551	 -0.970	  0.042	  0.009
[component_container-11] 	 24.340	    GPS	  0.522	  3.626	  4.955	     --
[component_container-11] 	 24.340	   Baro	     --	     --	  5.479	     --
[component_container-11] 	 24.340	  BBias	     --	     --	  0.586	     --
[component_container-11] 	 24.340	  Sonar	     --	     --	    inf	     --
[component_container-11] 	 24.340	  Magnt	     --	     --	     --	 -0.379
[component_container-11] 
[component_container-11] 	 24.370	   Pose	  0.421	  3.995	  4.925	 -0.365
[component_container-11] 	 24.370	  Twist	 -0.269	  0.090	 -0.046	 -0.281
[component_container-11] 	 24.370	ErrPose	  0.376	 -0.871	  0.018	  0.005
[component_container-11] 	 24.370	ErrTwis	  0.556	 -0.974	  0.041	  0.002
[component_container-11] 	 24.370	    GPS	  0.522	  3.626	  4.955	     --
[component_container-11] 	 24.370	   Baro	     --	     --	  5.532	     --
[component_container-11] 	 24.370	  BBias	     --	     --	  0.586	     --
[component_container-11] 	 24.370	  Sonar	     --	     --	    inf	     --
[component_container-11] 	 24.370	  Magnt	     --	     --	     --	 -0.357
[component_container-11] 
[component_container-11] 	 24.400	   Pose	  0.413	  3.998	  4.924	 -0.373
[component_container-11] 	 24.400	  Twist	 -0.270	  0.094	 -0.045	 -0.290
[component_container-11] 	 24.400	ErrPose	  0.383	 -0.911	  0.019	  0.002
[component_container-11] 	 24.400	ErrTwis	  0.562	 -0.978	  0.042	  0.012
[component_container-11] 	 24.400	    GPS	  0.522	  3.626	  4.955	     --
[component_container-11] 	 24.400	   Baro	     --	     --	  5.532	     --
[component_container-11] 	 24.400	  BBias	     --	     --	  0.586	     --
[component_container-11] 	 24.400	  Sonar	     --	     --	    inf	     --
[component_container-11] 	 24.400	  Magnt	     --	     --	     --	 -0.357
[component_container-11] 
[component_container-11] 	 24.440	   Pose	  0.402	  4.002	  4.915	 -0.385
[component_container-11] 	 24.440	  Twist	 -0.272	  0.098	 -0.052	 -0.277
[component_container-11] 	 24.440	ErrPose	  0.392	 -0.952	  0.027	  0.002
[component_container-11] 	 24.440	ErrTwis	  0.569	 -0.984	  0.050	 -0.002
[component_container-11] 	 24.440	    GPS	  0.522	  3.626	  4.955	     --
[component_container-11] 	 24.440	   Baro	     --	     --	  5.436	     --
[component_container-11] 	 24.440	  BBias	     --	     --	  0.586	     --
[component_container-11] 	 24.440	  Sonar	     --	     --	    inf	     --
[component_container-11] 	 24.440	  Magnt	     --	     --	     --	 -0.360
[component_container-11] 
[component_container-11] 	 24.470	   Pose	  0.394	  4.005	  4.908	 -0.392
[component_container-11] 	 24.470	  Twist	 -0.272	  0.102	 -0.057	 -0.293
[component_container-11] 	 24.470	ErrPose	  0.399	 -0.974	  0.034	  0.004
[component_container-11] 	 24.470	ErrTwis	  0.571	 -0.987	  0.057	  0.014
[component_container-11] 	 24.470	    GPS	  0.522	  3.626	  4.955	     --
[component_container-11] 	 24.470	   Baro	     --	     --	  5.432	     --
[component_container-11] 	 24.470	  BBias	     --	     --	  0.586	     --
[component_container-11] 	 24.470	  Sonar	     --	     --	    inf	     --
[component_container-11] 	 24.470	  Magnt	     --	     --	     --	 -0.325
[component_container-11] 
[component_container-11] 	 24.500	   Pose	  0.386	  4.008	  4.906	 -0.400
[component_container-11] 	 24.500	  Twist	 -0.273	  0.105	 -0.057	 -0.291
[component_container-11] 	 24.500	ErrPose	  0.405	 -1.014	  0.035	  0.001
[component_container-11] 	 24.500	ErrTwis	  0.577	 -0.991	  0.059	  0.012
[component_container-11] 	 24.500	    GPS	  0.522	  3.626	  4.955	     --
[component_container-11] 	 24.500	   Baro	     --	     --	  5.432	     --
[component_container-11] 	 24.500	  BBias	     --	     --	  0.586	     --
[component_container-11] 	 24.500	  Sonar	     --	     --	    inf	     --
[component_container-11] 	 24.500	  Magnt	     --	     --	     --	 -0.325
[component_container-11] 
[component_container-11] [INFO] [1775369589.063006528] [drone.estimator]: TMP LOG gps innov_xy=(0.308, -1.136) est_xy=(0.383, 4.009) gps_xy=(0.692, 2.873) corr_xy=(0.692, 2.873) vel_xy=(-0.273, 0.107)
[component_container-11] [INFO] [1775369589.063517642] [drone.estimator]: TMP LOG gps vel pseudo raw=(0.339, -1.506) filt=(0.271, -1.396) innov_v=(0.495, -1.325) apply=(1,1)
[component_container-11] 	 24.540	   Pose	  0.554	  3.432	  4.917	 -0.413
[component_container-11] 	 24.540	  Twist	 -0.118	 -0.354	 -0.044	 -0.295
[component_container-11] 	 24.540	ErrPose	  0.234	 -0.476	  0.024	  0.002
[component_container-11] 	 24.540	ErrTwis	  0.426	 -0.532	  0.047	  0.016
[component_container-11] 	 24.540	    GPS	  0.692	  2.873	  4.941	     --
[component_container-11] 	 24.540	   Baro	     --	     --	  5.586	     --
[component_container-11] 	 24.540	  BBias	     --	     --	  0.586	     --
[component_container-11] 	 24.540	  Sonar	     --	     --	    inf	     --
[component_container-11] 	 24.540	  Magnt	     --	     --	     --	 -0.419
[component_container-11] 
[component_container-11] 	 24.570	   Pose	  0.551	  3.422	  4.913	 -0.422
[component_container-11] 	 24.570	  Twist	 -0.119	 -0.351	 -0.046	 -0.283
[component_container-11] 	 24.570	ErrPose	  0.236	 -0.485	  0.028	  0.006
[component_container-11] 	 24.570	ErrTwis	  0.429	 -0.536	  0.050	  0.004
[component_container-11] 	 24.570	    GPS	  0.692	  2.873	  4.941	     --
[component_container-11] 	 24.570	   Baro	     --	     --	  5.466	     --
[component_container-11] 	 24.570	  BBias	     --	     --	  0.586	     --
[component_container-11] 	 24.570	  Sonar	     --	     --	    inf	     --
[component_container-11] 	 24.570	  Magnt	     --	     --	     --	 -0.444
[component_container-11] 
[component_container-11] 	 24.600	   Pose	  0.547	  3.411	  4.911	 -0.430
[component_container-11] 	 24.600	  Twist	 -0.119	 -0.347	 -0.045	 -0.283
[component_container-11] 	 24.600	ErrPose	  0.237	 -0.512	  0.029	  0.003
[component_container-11] 	 24.600	ErrTwis	  0.434	 -0.539	  0.051	  0.003
[component_container-11] 	 24.600	    GPS	  0.692	  2.873	  4.941	     --
[component_container-11] 	 24.600	   Baro	     --	     --	  5.466	     --
[component_container-11] 	 24.600	  BBias	     --	     --	  0.586	     --
[component_container-11] 	 24.600	  Sonar	     --	     --	    inf	     --
[component_container-11] 	 24.600	  Magnt	     --	     --	     --	 -0.444
[component_container-11] 
[component_container-11] 	 24.640	   Pose	  0.542	  3.397	  4.914	 -0.441
[component_container-11] 	 24.640	  Twist	 -0.121	 -0.343	 -0.041	 -0.280
[component_container-11] 	 24.640	ErrPose	  0.238	 -0.535	  0.026	  0.003
[component_container-11] 	 24.640	ErrTwis	  0.438	 -0.543	  0.049	  0.001
[component_container-11] 	 24.640	    GPS	  0.692	  2.873	  4.941	     --
[component_container-11] 	 24.640	   Baro	     --	     --	  5.550	     --
[component_container-11] 	 24.640	  BBias	     --	     --	  0.586	     --
[component_container-11] 	 24.640	  Sonar	     --	     --	    inf	     --
[component_container-11] 	 24.640	  Magnt	     --	     --	     --	 -0.406
[component_container-11] 
[component_container-11] 	 24.670	   Pose	  0.539	  3.387	  4.907	 -0.450
[component_container-11] 	 24.670	  Twist	 -0.121	 -0.341	 -0.046	 -0.299
[component_container-11] 	 24.670	ErrPose	  0.240	 -0.544	  0.033	  0.006
[component_container-11] 	 24.670	ErrTwis	  0.440	 -0.546	  0.054	  0.020
[component_container-11] 	 24.670	    GPS	  0.692	  2.873	  4.941	     --
[component_container-11] 	 24.670	   Baro	     --	     --	  5.435	     --
[component_container-11] 	 24.670	  BBias	     --	     --	  0.586	     --
[component_container-11] 	 24.670	  Sonar	     --	     --	    inf	     --
[component_container-11] 	 24.670	  Magnt	     --	     --	     --	 -0.455
[component_container-11] 
[component_container-11] 	 24.700	   Pose	  0.535	  3.377	  4.906	 -0.459
[component_container-11] 	 24.700	  Twist	 -0.122	 -0.337	 -0.046	 -0.291
[component_container-11] 	 24.700	ErrPose	  0.240	 -0.571	  0.034	  0.003
[component_container-11] 	 24.700	ErrTwis	  0.444	 -0.549	  0.054	  0.012
[component_container-11] 	 24.700	    GPS	  0.692	  2.873	  4.941	     --
[component_container-11] 	 24.700	   Baro	     --	     --	  5.435	     --
[component_container-11] 	 24.700	  BBias	     --	     --	  0.586	     --
[component_container-11] 	 24.700	  Sonar	     --	     --	    inf	     --
[component_container-11] 	 24.700	  Magnt	     --	     --	     --	 -0.455
[component_container-11] 
[component_container-11] 	 24.740	   Pose	  0.530	  3.364	  4.909	 -0.470
[component_container-11] 	 24.740	  Twist	 -0.123	 -0.333	 -0.040	 -0.301
[component_container-11] 	 24.740	ErrPose	  0.241	 -0.595	  0.031	  0.004
[component_container-11] 	 24.740	ErrTwis	  0.447	 -0.553	  0.049	  0.022
[component_container-11] 	 24.740	    GPS	  0.692	  2.873	  4.941	     --
[component_container-11] 	 24.740	   Baro	     --	     --	  5.547	     --
[component_container-11] 	 24.740	  BBias	     --	     --	  0.586	     --
[component_container-11] 	 24.740	  Sonar	     --	     --	    inf	     --
[component_container-11] 	 24.740	  Magnt	     --	     --	     --	 -0.450
[component_container-11] 
[component_container-11] 	 24.770	   Pose	  0.526	  3.354	  4.896	 -0.478
[component_container-11] 	 24.770	  Twist	 -0.124	 -0.329	 -0.051	 -0.298
[component_container-11] 	 24.770	ErrPose	  0.242	 -0.604	  0.043	  0.006
[component_container-11] 	 24.770	ErrTwis	  0.448	 -0.556	  0.061	  0.019
[component_container-11] 	 24.770	    GPS	  0.692	  2.873	  4.941	     --
[component_container-11] 	 24.770	   Baro	     --	     --	  5.360	     --
[component_container-11] 	 24.770	  BBias	     --	     --	  0.586	     --
[component_container-11] 	 24.770	  Sonar	     --	     --	    inf	     --
[component_container-11] 	 24.770	  Magnt	     --	     --	     --	 -0.454
[component_container-11] 
[component_container-11] 	 24.800	   Pose	  0.523	  3.344	  4.895	 -0.487
[component_container-11] 	 24.800	  Twist	 -0.124	 -0.325	 -0.051	 -0.289
[component_container-11] 	 24.800	ErrPose	  0.241	 -0.632	  0.045	  0.004
[component_container-11] 	 24.800	ErrTwis	  0.449	 -0.559	  0.063	  0.010
[component_container-11] 	 24.800	    GPS	  0.692	  2.873	  4.941	     --
[component_container-11] 	 24.800	   Baro	     --	     --	  5.360	     --
[component_container-11] 	 24.800	  BBias	     --	     --	  0.586	     --
[component_container-11] 	 24.800	  Sonar	     --	     --	    inf	     --
[component_container-11] 	 24.800	  Magnt	     --	     --	     --	 -0.454
[component_container-11] 
[component_container-11] 	 24.840	   Pose	  0.518	  3.331	  4.898	 -0.498
[component_container-11] 	 24.840	  Twist	 -0.125	 -0.321	 -0.046	 -0.291
[component_container-11] 	 24.840	ErrPose	  0.241	 -0.656	  0.042	  0.004
[component_container-11] 	 24.840	ErrTwis	  0.451	 -0.562	  0.060	  0.012
[component_container-11] 	 24.840	    GPS	  0.692	  2.873	  4.941	     --
[component_container-11] 	 24.840	   Baro	     --	     --	  5.534	     --
[component_container-11] 	 24.840	  BBias	     --	     --	  0.586	     --
[component_container-11] 	 24.840	  Sonar	     --	     --	    inf	     --
[component_container-11] 	 24.840	  Magnt	     --	     --	     --	 -0.470
[component_container-11] 
[component_container-11] 	 24.870	   Pose	  0.514	  3.321	  4.894	 -0.506
[component_container-11] 	 24.870	  Twist	 -0.126	 -0.317	 -0.049	 -0.287
[component_container-11] 	 24.870	ErrPose	  0.242	 -0.665	  0.046	  0.006
[component_container-11] 	 24.870	ErrTwis	  0.452	 -0.566	  0.064	  0.007
[component_container-11] 	 24.870	    GPS	  0.692	  2.873	  4.941	     --
[component_container-11] 	 24.870	   Baro	     --	     --	  5.456	     --
[component_container-11] 	 24.870	  BBias	     --	     --	  0.586	     --
[component_container-11] 	 24.870	  Sonar	     --	     --	    inf	     --
[component_container-11] 	 24.870	  Magnt	     --	     --	     --	 -0.471
[component_container-11] 
[component_container-11] 	 24.900	   Pose	  0.510	  3.312	  4.893	 -0.515
[component_container-11] 	 24.900	  Twist	 -0.127	 -0.314	 -0.047	 -0.304
[component_container-11] 	 24.900	ErrPose	  0.240	 -0.693	  0.048	  0.004
[component_container-11] 	 24.900	ErrTwis	  0.453	 -0.568	  0.065	  0.024
[component_container-11] 	 24.900	    GPS	  0.692	  2.873	  4.941	     --
[component_container-11] 	 24.900	   Baro	     --	     --	  5.456	     --
[component_container-11] 	 24.900	  BBias	     --	     --	  0.586	     --
[component_container-11] 	 24.900	  Sonar	     --	     --	    inf	     --
[component_container-11] 	 24.900	  Magnt	     --	     --	     --	 -0.471
[component_container-11] 
[component_container-11] 	 24.940	   Pose	  0.505	  3.299	  4.889	 -0.527
[component_container-11] 	 24.940	  Twist	 -0.128	 -0.309	 -0.049	 -0.301
[component_container-11] 	 24.940	ErrPose	  0.239	 -0.717	  0.051	  0.005
[component_container-11] 	 24.940	ErrTwis	  0.455	 -0.572	  0.069	  0.022
[component_container-11] 	 24.940	    GPS	  0.692	  2.873	  4.941	     --
[component_container-11] 	 24.940	   Baro	     --	     --	  5.464	     --
[component_container-11] 	 24.940	  BBias	     --	     --	  0.586	     --
[component_container-11] 	 24.940	  Sonar	     --	     --	    inf	     --
[component_container-11] 	 24.940	  Magnt	     --	     --	     --	 -0.524
[component_container-11] 
[component_container-11] 	 24.970	   Pose	  0.501	  3.290	  4.881	 -0.536
[component_container-11] 	 24.970	  Twist	 -0.129	 -0.306	 -0.056	 -0.300
[component_container-11] 	 24.970	ErrPose	  0.240	 -0.727	  0.060	  0.008
[component_container-11] 	 24.970	ErrTwis	  0.456	 -0.576	  0.077	  0.021
[component_container-11] 	 24.970	    GPS	  0.692	  2.873	  4.941	     --
[component_container-11] 	 24.970	   Baro	     --	     --	  5.396	     --
[component_container-11] 	 24.970	  BBias	     --	     --	  0.586	     --
[component_container-11] 	 24.970	  Sonar	     --	     --	    inf	     --
[component_container-11] 	 24.970	  Magnt	     --	     --	     --	 -0.554
[component_container-11] 
[component_container-11] [INFO] [1775369589.559939687] [drone.controller]: cmd_vel body=(0.093, -0.996, 0.033) yaw=-0.300 | odom_received=true | plan_points=59
[component_container-11] 	 25.000	   Pose	  0.497	  3.281	  4.879	 -0.545
[component_container-11] 	 25.000	  Twist	 -0.130	 -0.302	 -0.056	 -0.295
[component_container-11] 	 25.000	ErrPose	  0.237	 -0.755	  0.062	  0.006
[component_container-11] 	 25.000	ErrTwis	  0.458	 -0.578	  0.078	  0.016
[component_container-11] 	 25.000	    GPS	  0.692	  2.873	  4.941	     --
[component_container-11] 	 25.000	   Baro	     --	     --	  5.396	     --
[component_container-11] 	 25.000	  BBias	     --	     --	  0.586	     --
[component_container-11] 	 25.000	  Sonar	     --	     --	    inf	     --
[component_container-11] 	 25.000	  Magnt	     --	     --	     --	 -0.554
[component_container-11] 
[component_container-11] [INFO] [1775369589.560180835] [drone.estimator]: TMP LOG err_xyz=(0.237, -0.755, 0.062) | z_est=4.879 vz_est=-0.056 bias=0.586 | gps_z=4.941 sonar=inf baro=5.396
[component_container-11] 	 25.040	   Pose	  0.459	  2.933	  4.882	 -0.556
[component_container-11] 	 25.040	  Twist	 -0.174	 -0.523	 -0.051	 -0.295
[component_container-11] 	 25.040	ErrPose	  0.268	 -0.443	  0.060	  0.006
[component_container-11] 	 25.040	ErrTwis	  0.502	 -0.358	  0.075	  0.016
[component_container-11] 	 25.040	    GPS	  0.493	  2.461	  4.942	     --
[component_container-11] 	 25.040	   Baro	     --	     --	  5.400	     --
[component_container-11] 	 25.040	  BBias	     --	     --	  0.585	     --
[component_container-11] 	 25.040	  Sonar	     --	     --	    inf	     --
[component_container-11] 	 25.040	  Magnt	     --	     --	     --	 -0.545
[component_container-11] 
[component_container-11] 	 25.070	   Pose	  0.454	  2.917	  4.884	 -0.565
[component_container-11] 	 25.070	  Twist	 -0.174	 -0.520	 -0.048	 -0.291
[component_container-11] 	 25.070	ErrPose	  0.269	 -0.446	  0.058	  0.010
[component_container-11] 	 25.070	ErrTwis	  0.501	 -0.361	  0.073	  0.012
[component_container-11] 	 25.070	    GPS	  0.493	  2.461	  4.942	     --
[component_container-11] 	 25.070	   Baro	     --	     --	  5.508	     --
[component_container-11] 	 25.070	  BBias	     --	     --	  0.585	     --
[component_container-11] 	 25.070	  Sonar	     --	     --	    inf	     --
[component_container-11] 	 25.070	  Magnt	     --	     --	     --	 -0.579
[component_container-11] 
[component_container-11] 	 25.100	   Pose	  0.449	  2.901	  4.882	 -0.574
[component_container-11] 	 25.100	  Twist	 -0.174	 -0.517	 -0.048	 -0.294
[component_container-11] 	 25.100	ErrPose	  0.267	 -0.467	  0.060	  0.007
[component_container-11] 	 25.100	ErrTwis	  0.501	 -0.364	  0.075	  0.015
[component_container-11] 	 25.100	    GPS	  0.493	  2.461	  4.942	     --
[component_container-11] 	 25.100	   Baro	     --	     --	  5.508	     --
[component_container-11] 	 25.100	  BBias	     --	     --	  0.585	     --
[component_container-11] 	 25.100	  Sonar	     --	     --	    inf	     --
[component_container-11] 	 25.100	  Magnt	     --	     --	     --	 -0.579
[component_container-11] 
[component_container-11] 	 25.140	   Pose	  0.442	  2.881	  4.887	 -0.586
[component_container-11] 	 25.140	  Twist	 -0.174	 -0.513	 -0.040	 -0.296
[component_container-11] 	 25.140	ErrPose	  0.266	 -0.483	  0.056	  0.008
[component_container-11] 	 25.140	ErrTwis	  0.502	 -0.367	  0.068	  0.017
[component_container-11] 	 25.140	    GPS	  0.493	  2.461	  4.942	     --
[component_container-11] 	 25.140	   Baro	     --	     --	  5.551	     --
[component_container-11] 	 25.140	  BBias	     --	     --	  0.585	     --
[component_container-11] 	 25.140	  Sonar	     --	     --	    inf	     --
[component_container-11] 	 25.140	  Magnt	     --	     --	     --	 -0.607
[component_container-11] 
[component_container-11] 	 25.170	   Pose	  0.437	  2.865	  4.900	 -0.594
[component_container-11] 	 25.170	  Twist	 -0.175	 -0.508	 -0.027	 -0.287
[component_container-11] 	 25.170	ErrPose	  0.267	 -0.486	  0.044	  0.011
[component_container-11] 	 25.170	ErrTwis	  0.503	 -0.371	  0.055	  0.007
[component_container-11] 	 25.170	    GPS	  0.493	  2.461	  4.942	     --
[component_container-11] 	 25.170	   Baro	     --	     --	  5.639	     --
[component_container-11] 	 25.170	  BBias	     --	     --	  0.585	     --
[component_container-11] 	 25.170	  Sonar	     --	     --	    inf	     --
[component_container-11] 	 25.170	  Magnt	     --	     --	     --	 -0.578
[component_container-11] 
[component_container-11] 	 25.200	   Pose	  0.431	  2.850	  4.899	 -0.603
[component_container-11] 	 25.200	  Twist	 -0.176	 -0.504	 -0.027	 -0.275
[component_container-11] 	 25.200	ErrPose	  0.263	 -0.507	  0.046	  0.008
[component_container-11] 	 25.200	ErrTwis	  0.502	 -0.375	  0.057	 -0.005
[component_container-11] 	 25.200	    GPS	  0.493	  2.461	  4.942	     --
[component_container-11] 	 25.200	   Baro	     --	     --	  5.639	     --
[component_container-11] 	 25.200	  BBias	     --	     --	  0.585	     --
[component_container-11] 	 25.200	  Sonar	     --	     --	    inf	     --
[component_container-11] 	 25.200	  Magnt	     --	     --	     --	 -0.578
[component_container-11] 
[component_container-11] 	 25.240	   Pose	  0.424	  2.830	  4.903	 -0.614
[component_container-11] 	 25.240	  Twist	 -0.176	 -0.500	 -0.023	 -0.292
[component_container-11] 	 25.240	ErrPose	  0.261	 -0.524	  0.043	  0.008
[component_container-11] 	 25.240	ErrTwis	  0.501	 -0.379	  0.055	  0.012
[component_container-11] 	 25.240	    GPS	  0.493	  2.461	  4.942	     --
[component_container-11] 	 25.240	   Baro	     --	     --	  5.546	     --
[component_container-11] 	 25.240	  BBias	     --	     --	  0.585	     --
[component_container-11] 	 25.240	  Sonar	     --	     --	    inf	     --
[component_container-11] 	 25.240	  Magnt	     --	     --	     --	 -0.611
[component_container-11] 
[component_container-11] 	 25.270	   Pose	  0.419	  2.815	  4.907	 -0.623
[component_container-11] 	 25.270	  Twist	 -0.176	 -0.497	 -0.020	 -0.295
[component_container-11] 	 25.270	ErrPose	  0.261	 -0.527	  0.040	  0.011
[component_container-11] 	 25.270	ErrTwis	  0.501	 -0.382	  0.052	  0.015
[component_container-11] 	 25.270	    GPS	  0.493	  2.461	  4.942	     --
[component_container-11] 	 25.270	   Baro	     --	     --	  5.537	     --
[component_container-11] 	 25.270	  BBias	     --	     --	  0.585	     --
[component_container-11] 	 25.270	  Sonar	     --	     --	    inf	     --
[component_container-11] 	 25.270	  Magnt	     --	     --	     --	 -0.630
[component_container-11] 
[component_container-11] 	 25.300	   Pose	  0.414	  2.800	  4.906	 -0.632
[component_container-11] 	 25.300	  Twist	 -0.176	 -0.493	 -0.022	 -0.310
[component_container-11] 	 25.300	ErrPose	  0.257	 -0.548	  0.041	  0.009
[component_container-11] 	 25.300	ErrTwis	  0.501	 -0.386	  0.054	  0.031
[component_container-11] 	 25.300	    GPS	  0.493	  2.461	  4.942	     --
[component_container-11] 	 25.300	   Baro	     --	     --	  5.537	     --
[component_container-11] 	 25.300	  BBias	     --	     --	  0.585	     --
[component_container-11] 	 25.300	  Sonar	     --	     --	    inf	     --
[component_container-11] 	 25.300	  Magnt	     --	     --	     --	 -0.630
[component_container-11] 
[component_container-11] 	 25.340	   Pose	  0.407	  2.781	  4.906	 -0.643
[component_container-11] 	 25.340	  Twist	 -0.176	 -0.489	 -0.022	 -0.279
[component_container-11] 	 25.340	ErrPose	  0.254	 -0.564	  0.041	  0.009
[component_container-11] 	 25.340	ErrTwis	  0.500	 -0.391	  0.053	 -0.001
[component_container-11] 	 25.340	    GPS	  0.493	  2.461	  4.942	     --
[component_container-11] 	 25.340	   Baro	     --	     --	  5.505	     --
[component_container-11] 	 25.340	  BBias	     --	     --	  0.585	     --
[component_container-11] 	 25.340	  Sonar	     --	     --	    inf	     --
[component_container-11] 	 25.340	  Magnt	     --	     --	     --	 -0.614
[component_container-11] 
[component_container-11] 	 25.370	   Pose	  0.401	  2.766	  4.903	 -0.651
[component_container-11] 	 25.370	  Twist	 -0.177	 -0.485	 -0.026	 -0.286
[component_container-11] 	 25.370	ErrPose	  0.254	 -0.568	  0.045	  0.012
[component_container-11] 	 25.370	ErrTwis	  0.500	 -0.394	  0.057	  0.007
[component_container-11] 	 25.370	    GPS	  0.493	  2.461	  4.942	     --
[component_container-11] 	 25.370	   Baro	     --	     --	  5.468	     --
[component_container-11] 	 25.370	  BBias	     --	     --	  0.585	     --
[component_container-11] 	 25.370	  Sonar	     --	     --	    inf	     --
[component_container-11] 	 25.370	  Magnt	     --	     --	     --	 -0.624
[component_container-11] 
[component_container-11] 	 25.400	   Pose	  0.396	  2.752	  4.903	 -0.660
[component_container-11] 	 25.400	  Twist	 -0.177	 -0.483	 -0.027	 -0.292
[component_container-11] 	 25.400	ErrPose	  0.248	 -0.589	  0.046	  0.009
[component_container-11] 	 25.400	ErrTwis	  0.499	 -0.396	  0.058	  0.012
[component_container-11] 	 25.400	    GPS	  0.493	  2.461	  4.942	     --
[component_container-11] 	 25.400	   Baro	     --	     --	  5.468	     --
[component_container-11] 	 25.400	  BBias	     --	     --	  0.585	     --
[component_container-11] 	 25.400	  Sonar	     --	     --	    inf	     --
[component_container-11] 	 25.400	  Magnt	     --	     --	     --	 -0.624
[component_container-11] 
[component_container-11] 	 25.440	   Pose	  0.389	  2.732	  4.907	 -0.671
[component_container-11] 	 25.440	  Twist	 -0.177	 -0.478	 -0.023	 -0.299
[component_container-11] 	 25.440	ErrPose	  0.244	 -0.606	  0.042	  0.008
[component_container-11] 	 25.440	ErrTwis	  0.499	 -0.400	  0.054	  0.019
[component_container-11] 	 25.440	    GPS	  0.493	  2.461	  4.942	     --
[component_container-11] 	 25.440	   Baro	     --	     --	  5.550	     --
[component_container-11] 	 25.440	  BBias	     --	     --	  0.585	     --
[component_container-11] 	 25.440	  Sonar	     --	     --	    inf	     --
[component_container-11] 	 25.440	  Magnt	     --	     --	     --	 -0.620
[component_container-11] 
[component_container-11] 	 25.470	   Pose	  0.384	  2.718	  4.905	 -0.679
[component_container-11] 	 25.470	  Twist	 -0.177	 -0.475	 -0.025	 -0.267
[component_container-11] 	 25.470	ErrPose	  0.243	 -0.609	  0.045	  0.011
[component_container-11] 	 25.470	ErrTwis	  0.499	 -0.403	  0.055	 -0.013
[component_container-11] 	 25.470	    GPS	  0.493	  2.461	  4.942	     --
[component_container-11] 	 25.470	   Baro	     --	     --	  5.479	     --
[component_container-11] 	 25.470	  BBias	     --	     --	  0.585	     --
[component_container-11] 	 25.470	  Sonar	     --	     --	    inf	     --
[component_container-11] 	 25.470	  Magnt	     --	     --	     --	 -0.687
[component_container-11] 
[component_container-11] 	 25.500	   Pose	  0.378	  2.704	  4.905	 -0.688
[component_container-11] 	 25.500	  Twist	 -0.177	 -0.471	 -0.026	 -0.290
[component_container-11] 	 25.500	ErrPose	  0.237	 -0.630	  0.046	  0.009
[component_container-11] 	 25.500	ErrTwis	  0.498	 -0.407	  0.057	  0.011
[component_container-11] 	 25.500	    GPS	  0.493	  2.461	  4.942	     --
[component_container-11] 	 25.500	   Baro	     --	     --	  5.479	     --
[component_container-11] 	 25.500	  BBias	     --	     --	  0.585	     --
[component_container-11] 	 25.500	  Sonar	     --	     --	    inf	     --
[component_container-11] 	 25.500	  Magnt	     --	     --	     --	 -0.687
[component_container-11] 
[component_container-11] [INFO] [1775369590.065822047] [drone.estimator]: TMP LOG gps innov_xy=(0.170, -0.523) est_xy=(0.377, 2.699) gps_xy=(0.547, 2.176) corr_xy=(0.547, 2.176) vel_xy=(-0.177, -0.470)
[component_container-11] [INFO] [1775369590.065962219] [drone.estimator]: TMP LOG gps vel pseudo raw=(0.107, -0.571) filt=(0.064, -0.602) innov_v=(0.214, -0.050) apply=(1,1)
[component_container-11] 	 25.540	   Pose	  0.461	  2.508	  4.917	 -0.699
[component_container-11] 	 25.540	  Twist	 -0.103	 -0.559	 -0.014	 -0.298
[component_container-11] 	 25.540	ErrPose	  0.142	 -0.470	  0.035	  0.009
[component_container-11] 	 25.540	ErrTwis	  0.424	 -0.317	  0.046	  0.018
[component_container-11] 	 25.540	    GPS	  0.547	  2.176	  4.951	     --
[component_container-11] 	 25.540	   Baro	     --	     --	  5.564	     --
[component_container-11] 	 25.540	  BBias	     --	     --	  0.585	     --
[component_container-11] 	 25.540	  Sonar	     --	     --	    inf	     --
[component_container-11] 	 25.540	  Magnt	     --	     --	     --	 -0.672
[component_container-11] 
[component_container-11] 	 25.570	   Pose	  0.457	  2.491	  4.913	 -0.706
[component_container-11] 	 25.570	  Twist	 -0.103	 -0.557	 -0.018	 -0.275
[component_container-11] 	 25.570	ErrPose	  0.139	 -0.470	  0.039	  0.010
[component_container-11] 	 25.570	ErrTwis	  0.424	 -0.319	  0.050	 -0.005
[component_container-11] 	 25.570	    GPS	  0.547	  2.176	  4.951	     --
[component_container-11] 	 25.570	   Baro	     --	     --	  5.462	     --
[component_container-11] 	 25.570	  BBias	     --	     --	  0.585	     --
[component_container-11] 	 25.570	  Sonar	     --	     --	    inf	     --
[component_container-11] 	 25.570	  Magnt	     --	     --	     --	 -0.645
[component_container-11] 
[component_container-11] 	 25.600	   Pose	  0.454	  2.475	  4.913	 -0.715
[component_container-11] 	 25.600	  Twist	 -0.103	 -0.553	 -0.020	 -0.282
[component_container-11] 	 25.600	ErrPose	  0.129	 -0.489	  0.040	  0.008
[component_container-11] 	 25.600	ErrTwis	  0.423	 -0.322	  0.051	  0.002
[component_container-11] 	 25.600	    GPS	  0.547	  2.176	  4.951	     --
[component_container-11] 	 25.600	   Baro	     --	     --	  5.462	     --
[component_container-11] 	 25.600	  BBias	     --	     --	  0.585	     --
[component_container-11] 	 25.600	  Sonar	     --	     --	    inf	     --
[component_container-11] 	 25.600	  Magnt	     --	     --	     --	 -0.645
[component_container-11] 
[component_container-11] 	 25.640	   Pose	  0.450	  2.453	  4.909	 -0.726
[component_container-11] 	 25.640	  Twist	 -0.103	 -0.548	 -0.024	 -0.288
[component_container-11] 	 25.640	ErrPose	  0.120	 -0.501	  0.045	  0.008
[component_container-11] 	 25.640	ErrTwis	  0.422	 -0.326	  0.055	  0.008
[component_container-11] 	 25.640	    GPS	  0.547	  2.176	  4.951	     --
[component_container-11] 	 25.640	   Baro	     --	     --	  5.462	     --
[component_container-11] 	 25.640	  BBias	     --	     --	  0.585	     --
[component_container-11] 	 25.640	  Sonar	     --	     --	    inf	     --
[component_container-11] 	 25.640	  Magnt	     --	     --	     --	 -0.704
[component_container-11] 
[component_container-11] 	 25.670	   Pose	  0.447	  2.436	  4.911	 -0.734
[component_container-11] 	 25.670	  Twist	 -0.103	 -0.545	 -0.022	 -0.283
[component_container-11] 	 25.670	ErrPose	  0.116	 -0.502	  0.043	  0.010
[component_container-11] 	 25.670	ErrTwis	  0.422	 -0.328	  0.054	  0.003
[component_container-11] 	 25.670	    GPS	  0.547	  2.176	  4.951	     --
[component_container-11] 	 25.670	   Baro	     --	     --	  5.533	     --
[component_container-11] 	 25.670	  BBias	     --	     --	  0.585	     --
[component_container-11] 	 25.670	  Sonar	     --	     --	    inf	     --
[component_container-11] 	 25.670	  Magnt	     --	     --	     --	 -0.696
[component_container-11] 
[component_container-11] 	 25.700	   Pose	  0.444	  2.420	  4.911	 -0.742
[component_container-11] 	 25.700	  Twist	 -0.103	 -0.541	 -0.023	 -0.288
[component_container-11] 	 25.700	ErrPose	  0.106	 -0.520	  0.045	  0.007
[component_container-11] 	 25.700	ErrTwis	  0.422	 -0.331	  0.055	  0.009
[component_container-11] 	 25.700	    GPS	  0.547	  2.176	  4.951	     --
[component_container-11] 	 25.700	   Baro	     --	     --	  5.533	     --
[component_container-11] 	 25.700	  BBias	     --	     --	  0.585	     --
[component_container-11] 	 25.700	  Sonar	     --	     --	    inf	     --
[component_container-11] 	 25.700	  Magnt	     --	     --	     --	 -0.696
[component_container-11] 
[component_container-11] 	 25.740	   Pose	  0.440	  2.398	  4.910	 -0.753
[component_container-11] 	 25.740	  Twist	 -0.103	 -0.535	 -0.024	 -0.282
[component_container-11] 	 25.740	ErrPose	  0.096	 -0.533	  0.046	  0.007
[component_container-11] 	 25.740	ErrTwis	  0.421	 -0.336	  0.056	  0.003
[component_container-11] 	 25.740	    GPS	  0.547	  2.176	  4.951	     --
[component_container-11] 	 25.740	   Baro	     --	     --	  5.496	     --
[component_container-11] 	 25.740	  BBias	     --	     --	  0.585	     --
[component_container-11] 	 25.740	  Sonar	     --	     --	    inf	     --
[component_container-11] 	 25.740	  Magnt	     --	     --	     --	 -0.709
[component_container-11] 
[component_container-11] 	 25.770	   Pose	  0.437	  2.382	  4.912	 -0.761
[component_container-11] 	 25.770	  Twist	 -0.103	 -0.532	 -0.021	 -0.292
[component_container-11] 	 25.770	ErrPose	  0.091	 -0.534	  0.045	  0.010
[component_container-11] 	 25.770	ErrTwis	  0.421	 -0.339	  0.054	  0.013
[component_container-11] 	 25.770	    GPS	  0.547	  2.176	  4.951	     --
[component_container-11] 	 25.770	   Baro	     --	     --	  5.531	     --
[component_container-11] 	 25.770	  BBias	     --	     --	  0.585	     --
[component_container-11] 	 25.770	  Sonar	     --	     --	    inf	     --
[component_container-11] 	 25.770	  Magnt	     --	     --	     --	 -0.751
[component_container-11] 
[component_container-11] 	 25.800	   Pose	  0.434	  2.366	  4.912	 -0.770
[component_container-11] 	 25.800	  Twist	 -0.103	 -0.528	 -0.022	 -0.283
[component_container-11] 	 25.800	ErrPose	  0.080	 -0.552	  0.046	  0.007
[component_container-11] 	 25.800	ErrTwis	  0.420	 -0.342	  0.057	  0.003
[component_container-11] 	 25.800	    GPS	  0.547	  2.176	  4.951	     --
[component_container-11] 	 25.800	   Baro	     --	     --	  5.531	     --
[component_container-11] 	 25.800	  BBias	     --	     --	  0.585	     --
[component_container-11] 	 25.800	  Sonar	     --	     --	    inf	     --
[component_container-11] 	 25.800	  Magnt	     --	     --	     --	 -0.751
[component_container-11] 
[component_container-11] 	 25.840	   Pose	  0.430	  2.345	  4.914	 -0.781
[component_container-11] 	 25.840	  Twist	 -0.102	 -0.523	 -0.019	 -0.278
[component_container-11] 	 25.840	ErrPose	  0.069	 -0.565	  0.044	  0.007
[component_container-11] 	 25.840	ErrTwis	  0.420	 -0.346	  0.054	 -0.001
[component_container-11] 	 25.840	    GPS	  0.547	  2.176	  4.951	     --
[component_container-11] 	 25.840	   Baro	     --	     --	  5.540	     --
[component_container-11] 	 25.840	  BBias	     --	     --	  0.585	     --
[component_container-11] 	 25.840	  Sonar	     --	     --	    inf	     --
[component_container-11] 	 25.840	  Magnt	     --	     --	     --	 -0.754
[component_container-11] 
[component_container-11] 	 25.870	   Pose	  0.427	  2.330	  4.914	 -0.789
[component_container-11] 	 25.870	  Twist	 -0.102	 -0.519	 -0.020	 -0.276
[component_container-11] 	 25.870	ErrPose	  0.064	 -0.566	  0.045	  0.009
[component_container-11] 	 25.870	ErrTwis	  0.421	 -0.349	  0.055	 -0.004
[component_container-11] 	 25.870	    GPS	  0.547	  2.176	  4.951	     --
[component_container-11] 	 25.870	   Baro	     --	     --	  5.504	     --
[component_container-11] 	 25.870	  BBias	     --	     --	  0.585	     --
[component_container-11] 	 25.870	  Sonar	     --	     --	    inf	     --
[component_container-11] 	 25.870	  Magnt	     --	     --	     --	 -0.779
[component_container-11] 
[component_container-11] 	 25.900	   Pose	  0.424	  2.314	  4.914	 -0.798
[component_container-11] 	 25.900	  Twist	 -0.102	 -0.516	 -0.021	 -0.303
[component_container-11] 	 25.900	ErrPose	  0.052	 -0.584	  0.047	  0.007
[component_container-11] 	 25.900	ErrTwis	  0.420	 -0.352	  0.055	  0.023
[component_container-11] 	 25.900	    GPS	  0.547	  2.176	  4.951	     --
[component_container-11] 	 25.900	   Baro	     --	     --	  5.504	     --
[component_container-11] 	 25.900	  BBias	     --	     --	  0.585	     --
[component_container-11] 	 25.900	  Sonar	     --	     --	    inf	     --
[component_container-11] 	 25.900	  Magnt	     --	     --	     --	 -0.779
[component_container-11] 
[component_container-11] 	 25.940	   Pose	  0.420	  2.294	  4.922	 -0.808
[component_container-11] 	 25.940	  Twist	 -0.101	 -0.511	 -0.013	 -0.290
[component_container-11] 	 25.940	ErrPose	  0.040	 -0.597	  0.040	  0.007
[component_container-11] 	 25.940	ErrTwis	  0.419	 -0.356	  0.049	  0.010
[component_container-11] 	 25.940	    GPS	  0.547	  2.176	  4.951	     --
[component_container-11] 	 25.940	   Baro	     --	     --	  5.597	     --
[component_container-11] 	 25.940	  BBias	     --	     --	  0.585	     --
[component_container-11] 	 25.940	  Sonar	     --	     --	    inf	     --
[component_container-11] 	 25.940	  Magnt	     --	     --	     --	 -0.775
[component_container-11] 
[component_container-11] 	 25.970	   Pose	  0.417	  2.278	  4.929	 -0.817
[component_container-11] 	 25.970	  Twist	 -0.100	 -0.508	 -0.007	 -0.277
[component_container-11] 	 25.970	ErrPose	  0.035	 -0.598	  0.033	  0.010
[component_container-11] 	 25.970	ErrTwis	  0.418	 -0.358	  0.043	 -0.003
[component_container-11] 	 25.970	    GPS	  0.547	  2.176	  4.951	     --
[component_container-11] 	 25.970	   Baro	     --	     --	  5.587	     --
[component_container-11] 	 25.970	  BBias	     --	     --	  0.585	     --
[component_container-11] 	 25.970	  Sonar	     --	     --	    inf	     --
[component_container-11] 	 25.970	  Magnt	     --	     --	     --	 -0.825
[component_container-11] 
[component_container-11] [INFO] [1775369590.567388520] [drone.controller]: cmd_vel body=(0.287, -0.958, 0.005) yaw=-0.300 | odom_received=true | plan_points=50
[component_container-11] 	 26.000	   Pose	  0.414	  2.263	  4.928	 -0.826
[component_container-11] 	 26.000	  Twist	 -0.099	 -0.505	 -0.008	 -0.277
[component_container-11] 	 26.000	ErrPose	  0.021	 -0.616	  0.035	  0.007
[component_container-11] 	 26.000	ErrTwis	  0.418	 -0.360	  0.043	 -0.002
[component_container-11] 	 26.000	    GPS	  0.547	  2.176	  4.951	     --
[component_container-11] 	 26.000	   Baro	     --	     --	  5.587	     --
[component_container-11] 	 26.000	  BBias	     --	     --	  0.585	     --
[component_container-11] 	 26.000	  Sonar	     --	     --	    inf	     --
[component_container-11] 	 26.000	  Magnt	     --	     --	     --	 -0.825
[component_container-11] 
[component_container-11] [INFO] [1775369590.567838160] [drone.estimator]: TMP LOG err_xyz=(0.021, -0.616, 0.035) | z_est=4.928 vz_est=-0.008 bias=0.585 | gps_z=4.951 sonar=inf baro=5.587
[component_container-11] 	 26.040	   Pose	  0.397	  2.057	  4.948	 -0.837
[component_container-11] 	 26.040	  Twist	 -0.119	 -0.617	  0.011	 -0.302
[component_container-11] 	 26.040	ErrPose	  0.021	 -0.442	  0.016	  0.007
[component_container-11] 	 26.040	ErrTwis	  0.439	 -0.247	  0.024	  0.022
[component_container-11] 	 26.040	    GPS	  0.429	  1.779	  4.963	     --
[component_container-11] 	 26.040	   Baro	     --	     --	  5.700	     --
[component_container-11] 	 26.040	  BBias	     --	     --	  0.585	     --
[component_container-11] 	 26.040	  Sonar	     --	     --	    inf	     --
[component_container-11] 	 26.040	  Magnt	     --	     --	     --	 -0.797
[component_container-11] 
[component_container-11] 	 26.070	   Pose	  0.394	  2.038	  4.954	 -0.846
[component_container-11] 	 26.070	  Twist	 -0.119	 -0.613	  0.017	 -0.300
[component_container-11] 	 26.070	ErrPose	  0.016	 -0.440	  0.010	  0.011
[component_container-11] 	 26.070	ErrTwis	  0.439	 -0.249	  0.019	  0.020
[component_container-11] 	 26.070	    GPS	  0.429	  1.779	  4.963	     --
[component_container-11] 	 26.070	   Baro	     --	     --	  5.607	     --
[component_container-11] 	 26.070	  BBias	     --	     --	  0.585	     --
[component_container-11] 	 26.070	  Sonar	     --	     --	    inf	     --
[component_container-11] 	 26.070	  Magnt	     --	     --	     --	 -0.867
[component_container-11] 
[component_container-11] 	 26.100	   Pose	  0.390	  2.020	  4.955	 -0.855
[component_container-11] 	 26.100	  Twist	 -0.119	 -0.610	  0.014	 -0.302
[component_container-11] 	 26.100	ErrPose	  0.002	 -0.454	  0.011	  0.008
[component_container-11] 	 26.100	ErrTwis	  0.439	 -0.251	  0.021	  0.022
[component_container-11] 	 26.100	    GPS	  0.429	  1.779	  4.963	     --
[component_container-11] 	 26.100	   Baro	     --	     --	  5.607	     --
[component_container-11] 	 26.100	  BBias	     --	     --	  0.585	     --
[component_container-11] 	 26.100	  Sonar	     --	     --	    inf	     --
[component_container-11] 	 26.100	  Magnt	     --	     --	     --	 -0.867
[component_container-11] 
[component_container-11] 	 26.140	   Pose	  0.385	  1.995	  4.964	 -0.867
[component_container-11] 	 26.140	  Twist	 -0.118	 -0.605	  0.020	 -0.305
[component_container-11] 	 26.140	ErrPose	 -0.010	 -0.462	  0.003	  0.009
[component_container-11] 	 26.140	ErrTwis	  0.440	 -0.254	  0.014	  0.025
[component_container-11] 	 26.140	    GPS	  0.429	  1.779	  4.963	     --
[component_container-11] 	 26.140	   Baro	     --	     --	  5.642	     --
[component_container-11] 	 26.140	  BBias	     --	     --	  0.585	     --
[component_container-11] 	 26.140	  Sonar	     --	     --	    inf	     --
[component_container-11] 	 26.140	  Magnt	     --	     --	     --	 -0.863
[component_container-11] 
[component_container-11] 	 26.170	   Pose	  0.382	  1.977	  4.957	 -0.877
[component_container-11] 	 26.170	  Twist	 -0.118	 -0.601	  0.010	 -0.285
[component_container-11] 	 26.170	ErrPose	 -0.016	 -0.460	  0.010	  0.013
[component_container-11] 	 26.170	ErrTwis	  0.440	 -0.257	  0.023	  0.005
[component_container-11] 	 26.170	    GPS	  0.429	  1.779	  4.963	     --
[component_container-11] 	 26.170	   Baro	     --	     --	  5.457	     --
[component_container-11] 	 26.170	  BBias	     --	     --	  0.585	     --
[component_container-11] 	 26.170	  Sonar	     --	     --	    inf	     --
[component_container-11] 	 26.170	  Magnt	     --	     --	     --	 -0.928
[component_container-11] 
[component_container-11] 	 26.200	   Pose	  0.378	  1.959	  4.957	 -0.886
[component_container-11] 	 26.200	  Twist	 -0.118	 -0.597	  0.008	 -0.307
[component_container-11] 	 26.200	ErrPose	 -0.030	 -0.474	  0.011	  0.011
[component_container-11] 	 26.200	ErrTwis	  0.441	 -0.259	  0.024	  0.027
[component_container-11] 	 26.200	    GPS	  0.429	  1.779	  4.963	     --
[component_container-11] 	 26.200	   Baro	     --	     --	  5.457	     --
[component_container-11] 	 26.200	  BBias	     --	     --	  0.585	     --
[component_container-11] 	 26.200	  Sonar	     --	     --	    inf	     --
[component_container-11] 	 26.200	  Magnt	     --	     --	     --	 -0.928
[component_container-11] 
[component_container-11] 	 26.240	   Pose	  0.374	  1.936	  4.950	 -0.896
[component_container-11] 	 26.240	  Twist	 -0.117	 -0.593	 -0.001	 -0.272
[component_container-11] 	 26.240	ErrPose	 -0.043	 -0.482	  0.019	  0.010
[component_container-11] 	 26.240	ErrTwis	  0.441	 -0.260	  0.034	 -0.008
[component_container-11] 	 26.240	    GPS	  0.429	  1.779	  4.963	     --
[component_container-11] 	 26.240	   Baro	     --	     --	  5.458	     --
[component_container-11] 	 26.240	  BBias	     --	     --	  0.585	     --
[component_container-11] 	 26.240	  Sonar	     --	     --	    inf	     --
[component_container-11] 	 26.240	  Magnt	     --	     --	     --	 -0.861
[component_container-11] 
[component_container-11] 	 26.270	   Pose	  0.370	  1.918	  4.968	 -0.904
[component_container-11] 	 26.270	  Twist	 -0.116	 -0.590	  0.017	 -0.290
[component_container-11] 	 26.270	ErrPose	 -0.049	 -0.480	  0.001	  0.013
[component_container-11] 	 26.270	ErrTwis	  0.442	 -0.263	  0.016	  0.010
[component_container-11] 	 26.270	    GPS	  0.429	  1.779	  4.963	     --
[component_container-11] 	 26.270	   Baro	     --	     --	  5.751	     --
[component_container-11] 	 26.270	  BBias	     --	     --	  0.585	     --
[component_container-11] 	 26.270	  Sonar	     --	     --	    inf	     --
[component_container-11] 	 26.270	  Magnt	     --	     --	     --	 -0.850
[component_container-11] 
[component_container-11] 	 26.300	   Pose	  0.367	  1.900	  4.969	 -0.913
[component_container-11] 	 26.300	  Twist	 -0.116	 -0.586	  0.016	 -0.282
[component_container-11] 	 26.300	ErrPose	 -0.064	 -0.494	  0.002	  0.010
[component_container-11] 	 26.300	ErrTwis	  0.443	 -0.265	  0.016	  0.003
[component_container-11] 	 26.300	    GPS	  0.429	  1.779	  4.963	     --
[component_container-11] 	 26.300	   Baro	     --	     --	  5.751	     --
[component_container-11] 	 26.300	  BBias	     --	     --	  0.585	     --
[component_container-11] 	 26.300	  Sonar	     --	     --	    inf	     --
[component_container-11] 	 26.300	  Magnt	     --	     --	     --	 -0.850
[component_container-11] 
[component_container-11] 	 26.340	   Pose	  0.362	  1.877	  4.965	 -0.924
[component_container-11] 	 26.340	  Twist	 -0.115	 -0.581	  0.011	 -0.306
[component_container-11] 	 26.340	ErrPose	 -0.078	 -0.502	  0.006	  0.010
[component_container-11] 	 26.340	ErrTwis	  0.444	 -0.268	  0.020	  0.026
[component_container-11] 	 26.340	    GPS	  0.429	  1.779	  4.963	     --
[component_container-11] 	 26.340	   Baro	     --	     --	  5.510	     --
[component_container-11] 	 26.340	  BBias	     --	     --	  0.585	     --
[component_container-11] 	 26.340	  Sonar	     --	     --	    inf	     --
[component_container-11] 	 26.340	  Magnt	     --	     --	     --	 -0.887
[component_container-11] 
[component_container-11] 	 26.370	   Pose	  0.359	  1.860	  4.966	 -0.932
[component_container-11] 	 26.370	  Twist	 -0.115	 -0.578	  0.011	 -0.292
[component_container-11] 	 26.370	ErrPose	 -0.084	 -0.500	  0.006	  0.012
[component_container-11] 	 26.370	ErrTwis	  0.444	 -0.271	  0.021	  0.013
[component_container-11] 	 26.370	    GPS	  0.429	  1.779	  4.963	     --
[component_container-11] 	 26.370	   Baro	     --	     --	  5.553	     --
[component_container-11] 	 26.370	  BBias	     --	     --	  0.585	     --
[component_container-11] 	 26.370	  Sonar	     --	     --	    inf	     --
[component_container-11] 	 26.370	  Magnt	     --	     --	     --	 -0.899
[component_container-11] 
[component_container-11] 	 26.400	   Pose	  0.355	  1.842	  4.966	 -0.940
[component_container-11] 	 26.400	  Twist	 -0.114	 -0.575	  0.010	 -0.287
[component_container-11] 	 26.400	ErrPose	 -0.099	 -0.514	  0.006	  0.009
[component_container-11] 	 26.400	ErrTwis	  0.446	 -0.271	  0.022	  0.007
[component_container-11] 	 26.400	    GPS	  0.429	  1.779	  4.963	     --
[component_container-11] 	 26.400	   Baro	     --	     --	  5.553	     --
[component_container-11] 	 26.400	  BBias	     --	     --	  0.585	     --
[component_container-11] 	 26.400	  Sonar	     --	     --	    inf	     --
[component_container-11] 	 26.400	  Magnt	     --	     --	     --	 -0.899
[component_container-11] 
[component_container-11] 	 26.440	   Pose	  0.351	  1.819	  4.959	 -0.951
[component_container-11] 	 26.440	  Twist	 -0.113	 -0.571	  0.001	 -0.295
[component_container-11] 	 26.440	ErrPose	 -0.114	 -0.521	  0.015	  0.009
[component_container-11] 	 26.440	ErrTwis	  0.447	 -0.273	  0.031	  0.016
[component_container-11] 	 26.440	    GPS	  0.429	  1.779	  4.963	     --
[component_container-11] 	 26.440	   Baro	     --	     --	  5.465	     --
[component_container-11] 	 26.440	  BBias	     --	     --	  0.585	     --
[component_container-11] 	 26.440	  Sonar	     --	     --	    inf	     --
[component_container-11] 	 26.440	  Magnt	     --	     --	     --	 -0.919
[component_container-11] 
[component_container-11] 	 26.470	   Pose	  0.347	  1.802	  4.950	 -0.960
[component_container-11] 	 26.470	  Twist	 -0.112	 -0.567	 -0.009	 -0.284
[component_container-11] 	 26.470	ErrPose	 -0.120	 -0.520	  0.024	  0.012
[component_container-11] 	 26.470	ErrTwis	  0.448	 -0.276	  0.040	  0.004
[component_container-11] 	 26.470	    GPS	  0.429	  1.779	  4.963	     --
[component_container-11] 	 26.470	   Baro	     --	     --	  5.449	     --
[component_container-11] 	 26.470	  BBias	     --	     --	  0.585	     --
[component_container-11] 	 26.470	  Sonar	     --	     --	    inf	     --
[component_container-11] 	 26.470	  Magnt	     --	     --	     --	 -0.961
[component_container-11] 
[component_container-11] 	 26.500	   Pose	  0.344	  1.785	  4.950	 -0.968
[component_container-11] 	 26.500	  Twist	 -0.112	 -0.563	 -0.009	 -0.298
[component_container-11] 	 26.500	ErrPose	 -0.137	 -0.533	  0.025	  0.010
[component_container-11] 	 26.500	ErrTwis	  0.450	 -0.277	  0.040	  0.018
[component_container-11] 	 26.500	    GPS	  0.429	  1.779	  4.963	     --
[component_container-11] 	 26.500	   Baro	     --	     --	  5.449	     --
[component_container-11] 	 26.500	  BBias	     --	     --	  0.585	     --
[component_container-11] 	 26.500	  Sonar	     --	     --	    inf	     --
[component_container-11] 	 26.500	  Magnt	     --	     --	     --	 -0.961
[component_container-11] 
[component_container-11] [INFO] [1775369591.070426855] [drone.estimator]: TMP LOG gps innov_xy=(-0.035, -0.617) est_xy=(0.343, 1.780) gps_xy=(0.308, 1.163) corr_xy=(0.308, 1.163) vel_xy=(-0.112, -0.562)
[component_container-11] [INFO] [1775369591.070593185] [drone.estimator]: TMP LOG gps vel pseudo raw=(-0.243, -1.231) filt=(-0.239, -1.186) innov_v=(-0.122, -0.527) apply=(1,1)
[component_container-11] 	 26.540	   Pose	  0.308	  1.479	  4.948	 -0.980
[component_container-11] 	 26.540	  Twist	 -0.143	 -0.769	 -0.011	 -0.285
[component_container-11] 	 26.540	ErrPose	 -0.121	 -0.257	  0.027	  0.010
[component_container-11] 	 26.540	ErrTwis	  0.483	 -0.069	  0.042	  0.005
[component_container-11] 	 26.540	    GPS	  0.308	  1.163	  4.975	     --
[component_container-11] 	 26.540	   Baro	     --	     --	  5.464	     --
[component_container-11] 	 26.540	  BBias	     --	     --	  0.585	     --
[component_container-11] 	 26.540	  Sonar	     --	     --	    inf	     --
[component_container-11] 	 26.540	  Magnt	     --	     --	     --	 -0.989
[component_container-11] 
[component_container-11] 	 26.570	   Pose	  0.304	  1.456	  4.951	 -0.989
[component_container-11] 	 26.570	  Twist	 -0.142	 -0.766	 -0.007	 -0.276
[component_container-11] 	 26.570	ErrPose	 -0.127	 -0.249	  0.025	  0.013
[component_container-11] 	 26.570	ErrTwis	  0.484	 -0.070	  0.039	 -0.004
[component_container-11] 	 26.570	    GPS	  0.308	  1.163	  4.975	     --
[component_container-11] 	 26.570	   Baro	     --	     --	  5.571	     --
[component_container-11] 	 26.570	  BBias	     --	     --	  0.585	     --
[component_container-11] 	 26.570	  Sonar	     --	     --	    inf	     --
[component_container-11] 	 26.570	  Magnt	     --	     --	     --	 -0.987
[component_container-11] 
[component_container-11] 	 26.600	   Pose	  0.300	  1.433	  4.951	 -0.997
[component_container-11] 	 26.600	  Twist	 -0.142	 -0.762	 -0.008	 -0.279
[component_container-11] 	 26.600	ErrPose	 -0.142	 -0.256	  0.027	  0.011
[component_container-11] 	 26.600	ErrTwis	  0.487	 -0.071	  0.040	 -0.001
[component_container-11] 	 26.600	    GPS	  0.308	  1.163	  4.975	     --
[component_container-11] 	 26.600	   Baro	     --	     --	  5.571	     --
[component_container-11] 	 26.600	  BBias	     --	     --	  0.585	     --
[component_container-11] 	 26.600	  Sonar	     --	     --	    inf	     --
[component_container-11] 	 26.600	  Magnt	     --	     --	     --	 -0.987
[component_container-11] 
[component_container-11] 	 26.640	   Pose	  0.294	  1.403	  4.952	 -1.008
[component_container-11] 	 26.640	  Twist	 -0.140	 -0.757	 -0.006	 -0.292
[component_container-11] 	 26.640	ErrPose	 -0.157	 -0.256	  0.026	  0.010
[component_container-11] 	 26.640	ErrTwis	  0.489	 -0.073	  0.039	  0.012
[component_container-11] 	 26.640	    GPS	  0.308	  1.163	  4.975	     --
[component_container-11] 	 26.640	   Baro	     --	     --	  5.555	     --
[component_container-11] 	 26.640	  BBias	     --	     --	  0.585	     --
[component_container-11] 	 26.640	  Sonar	     --	     --	    inf	     --
[component_container-11] 	 26.640	  Magnt	     --	     --	     --	 -0.963
[component_container-11] 
[component_container-11] 	 26.670	   Pose	  0.290	  1.380	  4.952	 -1.017
[component_container-11] 	 26.670	  Twist	 -0.139	 -0.754	 -0.006	 -0.284
[component_container-11] 	 26.670	ErrPose	 -0.163	 -0.248	  0.026	  0.014
[component_container-11] 	 26.670	ErrTwis	  0.489	 -0.074	  0.040	  0.004
[component_container-11] 	 26.670	    GPS	  0.308	  1.163	  4.975	     --
[component_container-11] 	 26.670	   Baro	     --	     --	  5.547	     --
[component_container-11] 	 26.670	  BBias	     --	     --	  0.585	     --
[component_container-11] 	 26.670	  Sonar	     --	     --	    inf	     --
[component_container-11] 	 26.670	  Magnt	     --	     --	     --	 -1.043
[component_container-11] 
[component_container-11] 	 26.700	   Pose	  0.286	  1.358	  4.952	 -1.026
[component_container-11] 	 26.700	  Twist	 -0.138	 -0.752	 -0.007	 -0.279
[component_container-11] 	 26.700	ErrPose	 -0.179	 -0.255	  0.028	  0.011
[component_container-11] 	 26.700	ErrTwis	  0.492	 -0.074	  0.042	 -0.001
[component_container-11] 	 26.700	    GPS	  0.308	  1.163	  4.975	     --
[component_container-11] 	 26.700	   Baro	     --	     --	  5.547	     --
[component_container-11] 	 26.700	  BBias	     --	     --	  0.585	     --
[component_container-11] 	 26.700	  Sonar	     --	     --	    inf	     --
[component_container-11] 	 26.700	  Magnt	     --	     --	     --	 -1.043
[component_container-11] 
[component_container-11] 	 26.740	   Pose	  0.280	  1.328	  4.950	 -1.037
[component_container-11] 	 26.740	  Twist	 -0.137	 -0.747	 -0.010	 -0.290
[component_container-11] 	 26.740	ErrPose	 -0.194	 -0.255	  0.031	  0.011
[component_container-11] 	 26.740	ErrTwis	  0.494	 -0.076	  0.046	  0.010
[component_container-11] 	 26.740	    GPS	  0.308	  1.163	  4.975	     --
[component_container-11] 	 26.740	   Baro	     --	     --	  5.518	     --
[component_container-11] 	 26.740	  BBias	     --	     --	  0.585	     --
[component_container-11] 	 26.740	  Sonar	     --	     --	    inf	     --
[component_container-11] 	 26.740	  Magnt	     --	     --	     --	 -1.016
[component_container-11] 
[component_container-11] 	 26.770	   Pose	  0.276	  1.305	  4.948	 -1.045
[component_container-11] 	 26.770	  Twist	 -0.136	 -0.743	 -0.014	 -0.281
[component_container-11] 	 26.770	ErrPose	 -0.200	 -0.247	  0.033	  0.013
[component_container-11] 	 26.770	ErrTwis	  0.495	 -0.079	  0.050	  0.002
[component_container-11] 	 26.770	    GPS	  0.308	  1.163	  4.975	     --
[component_container-11] 	 26.770	   Baro	     --	     --	  5.514	     --
[component_container-11] 	 26.770	  BBias	     --	     --	  0.585	     --
[component_container-11] 	 26.770	  Sonar	     --	     --	    inf	     --
[component_container-11] 	 26.770	  Magnt	     --	     --	     --	 -1.011
[component_container-11] 
[component_container-11] 	 26.800	   Pose	  0.272	  1.283	  4.948	 -1.053
[component_container-11] 	 26.800	  Twist	 -0.135	 -0.740	 -0.015	 -0.294
[component_container-11] 	 26.800	ErrPose	 -0.217	 -0.254	  0.035	  0.011
[component_container-11] 	 26.800	ErrTwis	  0.497	 -0.079	  0.052	  0.014
[component_container-11] 	 26.800	    GPS	  0.308	  1.163	  4.975	     --
[component_container-11] 	 26.800	   Baro	     --	     --	  5.514	     --
[component_container-11] 	 26.800	  BBias	     --	     --	  0.585	     --
[component_container-11] 	 26.800	  Sonar	     --	     --	    inf	     --
[component_container-11] 	 26.800	  Magnt	     --	     --	     --	 -1.011
[component_container-11] 
[component_container-11] 	 26.840	   Pose	  0.267	  1.253	  4.949	 -1.065
[component_container-11] 	 26.840	  Twist	 -0.133	 -0.736	 -0.014	 -0.280
[component_container-11] 	 26.840	ErrPose	 -0.232	 -0.253	  0.035	  0.011
[component_container-11] 	 26.840	ErrTwis	  0.500	 -0.082	  0.052	  0.000
[component_container-11] 	 26.840	    GPS	  0.308	  1.163	  4.975	     --
[component_container-11] 	 26.840	   Baro	     --	     --	  5.553	     --
[component_container-11] 	 26.840	  BBias	     --	     --	  0.585	     --
[component_container-11] 	 26.840	  Sonar	     --	     --	    inf	     --
[component_container-11] 	 26.840	  Magnt	     --	     --	     --	 -1.082
[component_container-11] 
[component_container-11] 	 26.870	   Pose	  0.263	  1.231	  4.943	 -1.074
[component_container-11] 	 26.870	  Twist	 -0.132	 -0.733	 -0.021	 -0.282
[component_container-11] 	 26.870	ErrPose	 -0.239	 -0.246	  0.041	  0.014
[component_container-11] 	 26.870	ErrTwis	  0.501	 -0.084	  0.058	  0.002
[component_container-11] 	 26.870	    GPS	  0.308	  1.163	  4.975	     --
[component_container-11] 	 26.870	   Baro	     --	     --	  5.469	     --
[component_container-11] 	 26.870	  BBias	     --	     --	  0.585	     --
[component_container-11] 	 26.870	  Sonar	     --	     --	    inf	     --
[component_container-11] 	 26.870	  Magnt	     --	     --	     --	 -1.065
[component_container-11] 
[component_container-11] 	 26.900	   Pose	  0.259	  1.209	  4.942	 -1.082
[component_container-11] 	 26.900	  Twist	 -0.132	 -0.729	 -0.022	 -0.275
[component_container-11] 	 26.900	ErrPose	 -0.256	 -0.253	  0.043	  0.012
[component_container-11] 	 26.900	ErrTwis	  0.505	 -0.085	  0.059	 -0.005
[component_container-11] 	 26.900	    GPS	  0.308	  1.163	  4.975	     --
[component_container-11] 	 26.900	   Baro	     --	     --	  5.469	     --
[component_container-11] 	 26.900	  BBias	     --	     --	  0.585	     --
[component_container-11] 	 26.900	  Sonar	     --	     --	    inf	     --
[component_container-11] 	 26.900	  Magnt	     --	     --	     --	 -1.065
[component_container-11] 
[component_container-11] [INFO] [1775369591.475001061] [drone.estimator]: TMP LOG sonar rejected: meas=2.489 est_z=4.940 innov=-2.451
[component_container-11] 	 26.940	   Pose	  0.254	  1.180	  4.940	 -1.093
[component_container-11] 	 26.940	  Twist	 -0.131	 -0.724	 -0.025	 -0.282
[component_container-11] 	 26.940	ErrPose	 -0.272	 -0.253	  0.047	  0.012
[component_container-11] 	 26.940	ErrTwis	  0.508	 -0.088	  0.062	  0.002
[component_container-11] 	 26.940	    GPS	  0.308	  1.163	  4.975	     --
[component_container-11] 	 26.940	   Baro	     --	     --	  5.508	     --
[component_container-11] 	 26.940	  BBias	     --	     --	  0.585	     --
[component_container-11] 	 26.940	  Sonar	     --	     --	  2.489	     --
[component_container-11] 	 26.940	  Magnt	     --	     --	     --	 -1.093
[component_container-11] 
[component_container-11] 	 26.970	   Pose	  0.250	  1.159	  4.947	 -1.102
[component_container-11] 	 26.970	  Twist	 -0.130	 -0.722	 -0.017	 -0.288
[component_container-11] 	 26.970	ErrPose	 -0.279	 -0.245	  0.040	  0.015
[component_container-11] 	 26.970	ErrTwis	  0.509	 -0.089	  0.054	  0.008
[component_container-11] 	 26.970	    GPS	  0.308	  1.163	  4.975	     --
[component_container-11] 	 26.970	   Baro	     --	     --	  5.617	     --
[component_container-11] 	 26.970	  BBias	     --	     --	  0.585	     --
[component_container-11] 	 26.970	  Sonar	     --	     --	  2.524	     --
[component_container-11] 	 26.970	  Magnt	     --	     --	     --	 -1.108
[component_container-11] 
[component_container-11] [INFO] [1775369591.566908183] [drone.controller]: cmd_vel body=(0.445, -0.895, 0.012) yaw=-0.300 | odom_received=true | plan_points=40
[component_container-11] 	 27.000	   Pose	  0.246	  1.137	  4.947	 -1.111
[component_container-11] 	 27.000	  Twist	 -0.128	 -0.719	 -0.017	 -0.281
[component_container-11] 	 27.000	ErrPose	 -0.297	 -0.252	  0.041	  0.013
[component_container-11] 	 27.000	ErrTwis	  0.512	 -0.089	  0.054	  0.001
[component_container-11] 	 27.000	    GPS	  0.308	  1.163	  4.975	     --
[component_container-11] 	 27.000	   Baro	     --	     --	  5.617	     --
[component_container-11] 	 27.000	  BBias	     --	     --	  0.585	     --
[component_container-11] 	 27.000	  Sonar	     --	     --	  2.524	     --
[component_container-11] 	 27.000	  Magnt	     --	     --	     --	 -1.108
[component_container-11] 
[component_container-11] [INFO] [1775369591.567508370] [drone.estimator]: TMP LOG err_xyz=(-0.297, -0.252, 0.041) | z_est=4.947 vz_est=-0.017 bias=0.585 | gps_z=4.975 sonar=2.524 baro=5.617
[component_container-11] 	 27.040	   Pose	  0.094	  1.148	  4.951	 -1.121
[component_container-11] 	 27.040	  Twist	 -0.255	 -0.638	 -0.014	 -0.264
[component_container-11] 	 27.040	ErrPose	 -0.167	 -0.291	  0.038	  0.011
[component_container-11] 	 27.040	ErrTwis	  0.644	 -0.166	  0.051	 -0.015
[component_container-11] 	 27.040	    GPS	 -0.003	  1.050	  4.988	     --
[component_container-11] 	 27.040	   Baro	     --	     --	  5.505	     --
[component_container-11] 	 27.040	  BBias	     --	     --	  0.585	     --
[component_container-11] 	 27.040	  Sonar	     --	     --	  2.449	     --
[component_container-11] 	 27.040	  Magnt	     --	     --	     --	 -1.064
[component_container-11] 
[component_container-11] 	 27.070	   Pose	  0.087	  1.129	  4.965	 -1.129
[component_container-11] 	 27.070	  Twist	 -0.254	 -0.634	  0.001	 -0.287
[component_container-11] 	 27.070	ErrPose	 -0.170	 -0.286	  0.025	  0.014
[component_container-11] 	 27.070	ErrTwis	  0.645	 -0.169	  0.036	  0.007
[component_container-11] 	 27.070	    GPS	 -0.003	  1.050	  4.988	     --
[component_container-11] 	 27.070	   Baro	     --	     --	  5.726	     --
[component_container-11] 	 27.070	  BBias	     --	     --	  0.585	     --
[component_container-11] 	 27.070	  Sonar	     --	     --	  2.499	     --
[component_container-11] 	 27.070	  Magnt	     --	     --	     --	 -1.115
[component_container-11] 
[component_container-11] 	 27.100	   Pose	  0.079	  1.110	  4.965	 -1.138
[component_container-11] 	 27.100	  Twist	 -0.252	 -0.631	 -0.001	 -0.283
[component_container-11] 	 27.100	ErrPose	 -0.184	 -0.296	  0.026	  0.012
[component_container-11] 	 27.100	ErrTwis	  0.649	 -0.169	  0.039	  0.003
[component_container-11] 	 27.100	    GPS	 -0.003	  1.050	  4.988	     --
[component_container-11] 	 27.100	   Baro	     --	     --	  5.726	     --
[component_container-11] 	 27.100	  BBias	     --	     --	  0.585	     --
[component_container-11] 	 27.100	  Sonar	     --	     --	  2.499	     --
[component_container-11] 	 27.100	  Magnt	     --	     --	     --	 -1.115
[component_container-11] 
[component_container-11] 	 27.140	   Pose	  0.069	  1.085	  4.968	 -1.149
[component_container-11] 	 27.140	  Twist	 -0.250	 -0.627	  0.001	 -0.305
[component_container-11] 	 27.140	ErrPose	 -0.196	 -0.299	  0.024	  0.012
[component_container-11] 	 27.140	ErrTwis	  0.652	 -0.170	  0.037	  0.025
[component_container-11] 	 27.140	    GPS	 -0.003	  1.050	  4.988	     --
[component_container-11] 	 27.140	   Baro	     --	     --	  5.585	     --
[component_container-11] 	 27.140	  BBias	     --	     --	  0.585	     --
[component_container-11] 	 27.140	  Sonar	     --	     --	  2.497	     --
[component_container-11] 	 27.140	  Magnt	     --	     --	     --	 -1.106
[component_container-11] 
[component_container-11] 	 27.170	   Pose	  0.062	  1.066	  4.974	 -1.158
[component_container-11] 	 27.170	  Twist	 -0.250	 -0.624	  0.006	 -0.298
[component_container-11] 	 27.170	ErrPose	 -0.200	 -0.294	  0.018	  0.015
[component_container-11] 	 27.170	ErrTwis	  0.654	 -0.171	  0.032	  0.019
[component_container-11] 	 27.170	    GPS	 -0.003	  1.050	  4.988	     --
[component_container-11] 	 27.170	   Baro	     --	     --	  5.629	     --
[component_container-11] 	 27.170	  BBias	     --	     --	  0.585	     --
[component_container-11] 	 27.170	  Sonar	     --	     --	    inf	     --
[component_container-11] 	 27.170	  Magnt	     --	     --	     --	 -1.163
[component_container-11] 
[component_container-11] 	 27.200	   Pose	  0.054	  1.047	  4.974	 -1.167
[component_container-11] 	 27.200	  Twist	 -0.249	 -0.619	  0.004	 -0.286
[component_container-11] 	 27.200	ErrPose	 -0.214	 -0.303	  0.019	  0.012
[component_container-11] 	 27.200	ErrTwis	  0.659	 -0.172	  0.031	  0.006
[component_container-11] 	 27.200	    GPS	 -0.003	  1.050	  4.988	     --
[component_container-11] 	 27.200	   Baro	     --	     --	  5.629	     --
[component_container-11] 	 27.200	  BBias	     --	     --	  0.585	     --
[component_container-11] 	 27.200	  Sonar	     --	     --	    inf	     --
[component_container-11] 	 27.200	  Magnt	     --	     --	     --	 -1.163
[component_container-11] 
[component_container-11] 	 27.240	   Pose	  0.044	  1.022	  4.973	 -1.178
[component_container-11] 	 27.240	  Twist	 -0.247	 -0.615	  0.002	 -0.299
[component_container-11] 	 27.240	ErrPose	 -0.226	 -0.307	  0.021	  0.013
[component_container-11] 	 27.240	ErrTwis	  0.663	 -0.171	  0.032	  0.019
[component_container-11] 	 27.240	    GPS	 -0.003	  1.050	  4.988	     --
[component_container-11] 	 27.240	   Baro	     --	     --	  5.547	     --
[component_container-11] 	 27.240	  BBias	     --	     --	  0.585	     --
[component_container-11] 	 27.240	  Sonar	     --	     --	    inf	     --
[component_container-11] 	 27.240	  Magnt	     --	     --	     --	 -1.160
[component_container-11] 
[component_container-11] 	 27.270	   Pose	  0.037	  1.004	  4.973	 -1.187
[component_container-11] 	 27.270	  Twist	 -0.246	 -0.612	 -0.000	 -0.290
[component_container-11] 	 27.270	ErrPose	 -0.230	 -0.302	  0.022	  0.016
[component_container-11] 	 27.270	ErrTwis	  0.665	 -0.171	  0.034	  0.011
[component_container-11] 	 27.270	    GPS	 -0.003	  1.050	  4.988	     --
[component_container-11] 	 27.270	   Baro	     --	     --	  5.558	     --
[component_container-11] 	 27.270	  BBias	     --	     --	  0.585	     --
[component_container-11] 	 27.270	  Sonar	     --	     --	    inf	     --
[component_container-11] 	 27.270	  Magnt	     --	     --	     --	 -1.196
[component_container-11] 
[component_container-11] 	 27.300	   Pose	  0.029	  0.986	  4.973	 -1.196
[component_container-11] 	 27.300	  Twist	 -0.245	 -0.609	 -0.002	 -0.282
[component_container-11] 	 27.300	ErrPose	 -0.244	 -0.311	  0.023	  0.014
[component_container-11] 	 27.300	ErrTwis	  0.670	 -0.168	  0.034	  0.003
[component_container-11] 	 27.300	    GPS	 -0.003	  1.050	  4.988	     --
[component_container-11] 	 27.300	   Baro	     --	     --	  5.558	     --
[component_container-11] 	 27.300	  BBias	     --	     --	  0.585	     --
[component_container-11] 	 27.300	  Sonar	     --	     --	    inf	     --
[component_container-11] 	 27.300	  Magnt	     --	     --	     --	 -1.196
[component_container-11] 
[component_container-11] 	 27.340	   Pose	  0.020	  0.961	  4.960	 -1.207
[component_container-11] 	 27.340	  Twist	 -0.244	 -0.604	 -0.017	 -0.279
[component_container-11] 	 27.340	ErrPose	 -0.257	 -0.315	  0.037	  0.014
[component_container-11] 	 27.340	ErrTwis	  0.675	 -0.167	  0.048	 -0.000
[component_container-11] 	 27.340	    GPS	 -0.003	  1.050	  4.988	     --
[component_container-11] 	 27.340	   Baro	     --	     --	  5.415	     --
[component_container-11] 	 27.340	  BBias	     --	     --	  0.585	     --
[component_container-11] 	 27.340	  Sonar	     --	     --	    inf	     --
[component_container-11] 	 27.340	  Magnt	     --	     --	     --	 -1.203
[component_container-11] 
[component_container-11] 	 27.370	   Pose	  0.012	  0.943	  4.963	 -1.215
[component_container-11] 	 27.370	  Twist	 -0.243	 -0.600	 -0.015	 -0.292
[component_container-11] 	 27.370	ErrPose	 -0.260	 -0.310	  0.034	  0.016
[component_container-11] 	 27.370	ErrTwis	  0.677	 -0.167	  0.046	  0.012
[component_container-11] 	 27.370	    GPS	 -0.003	  1.050	  4.988	     --
[component_container-11] 	 27.370	   Baro	     --	     --	  5.582	     --
[component_container-11] 	 27.370	  BBias	     --	     --	  0.585	     --
[component_container-11] 	 27.370	  Sonar	     --	     --	    inf	     --
[component_container-11] 	 27.370	  Magnt	     --	     --	     --	 -1.183
[component_container-11] 
[component_container-11] 	 27.400	   Pose	  0.005	  0.925	  4.963	 -1.224
[component_container-11] 	 27.400	  Twist	 -0.242	 -0.597	 -0.016	 -0.288
[component_container-11] 	 27.400	ErrPose	 -0.275	 -0.320	  0.036	  0.014
[component_container-11] 	 27.400	ErrTwis	  0.682	 -0.163	  0.049	  0.008
[component_container-11] 	 27.400	    GPS	 -0.003	  1.050	  4.988	     --
[component_container-11] 	 27.400	   Baro	     --	     --	  5.582	     --
[component_container-11] 	 27.400	  BBias	     --	     --	  0.585	     --
[component_container-11] 	 27.400	  Sonar	     --	     --	    inf	     --
[component_container-11] 	 27.400	  Magnt	     --	     --	     --	 -1.183
[component_container-11] 
[component_container-11] 	 27.440	   Pose	 -0.005	  0.902	  4.966	 -1.234
[component_container-11] 	 27.440	  Twist	 -0.240	 -0.592	 -0.013	 -0.276
[component_container-11] 	 27.440	ErrPose	 -0.287	 -0.323	  0.034	  0.013
[component_container-11] 	 27.440	ErrTwis	  0.687	 -0.162	  0.047	 -0.003
[component_container-11] 	 27.440	    GPS	 -0.003	  1.050	  4.988	     --
[component_container-11] 	 27.440	   Baro	     --	     --	  5.587	     --
[component_container-11] 	 27.440	  BBias	     --	     --	  0.585	     --
[component_container-11] 	 27.440	  Sonar	     --	     --	    inf	     --
[component_container-11] 	 27.440	  Magnt	     --	     --	     --	 -1.188
[component_container-11] 
[component_container-11] 	 27.470	   Pose	 -0.012	  0.884	  4.968	 -1.243
[component_container-11] 	 27.470	  Twist	 -0.240	 -0.589	 -0.011	 -0.300
[component_container-11] 	 27.470	ErrPose	 -0.291	 -0.319	  0.032	  0.016
[component_container-11] 	 27.470	ErrTwis	  0.690	 -0.162	  0.045	  0.021
[component_container-11] 	 27.470	    GPS	 -0.003	  1.050	  4.988	     --
[component_container-11] 	 27.470	   Baro	     --	     --	  5.583	     --
[component_container-11] 	 27.470	  BBias	     --	     --	  0.585	     --
[component_container-11] 	 27.470	  Sonar	     --	     --	    inf	     --
[component_container-11] 	 27.470	  Magnt	     --	     --	     --	 -1.241
[component_container-11] 
[component_container-11] 	 27.500	   Pose	 -0.019	  0.866	  4.968	 -1.251
[component_container-11] 	 27.500	  Twist	 -0.239	 -0.585	 -0.012	 -0.277
[component_container-11] 	 27.500	ErrPose	 -0.305	 -0.329	  0.034	  0.013
[component_container-11] 	 27.500	ErrTwis	  0.695	 -0.160	  0.047	 -0.002
[component_container-11] 	 27.500	    GPS	 -0.003	  1.050	  4.988	     --
[component_container-11] 	 27.500	   Baro	     --	     --	  5.583	     --
[component_container-11] 	 27.500	  BBias	     --	     --	  0.585	     --
[component_container-11] 	 27.500	  Sonar	     --	     --	    inf	     --
[component_container-11] 	 27.500	  Magnt	     --	     --	     --	 -1.241
[component_container-11] 
[component_container-11] [INFO] [1775369592.072752231] [drone.estimator]: TMP LOG gps innov_xy=(-0.477, -0.256) est_xy=(-0.021, 0.861) gps_xy=(-0.499, 0.604) corr_xy=(-0.499, 0.604) vel_xy=(-0.238, -0.584)
[component_container-11] [INFO] [1775369592.072881012] [drone.estimator]: TMP LOG gps vel pseudo raw=(-0.992, -0.891) filt=(-0.951, -0.834) innov_v=(-0.638, -0.210) apply=(1,1)
[component_container-11] 	 27.540	   Pose	 -0.285	  0.727	  4.988	 -1.262
[component_container-11] 	 27.540	  Twist	 -0.449	 -0.666	  0.008	 -0.285
[component_container-11] 	 27.540	ErrPose	 -0.061	 -0.217	  0.014	  0.013
[component_container-11] 	 27.540	ErrTwis	  0.913	 -0.072	  0.029	  0.006
[component_container-11] 	 27.540	    GPS	 -0.499	  0.604	  5.002	     --
[component_container-11] 	 27.540	   Baro	     --	     --	  5.753	     --
[component_container-11] 	 27.540	  BBias	     --	     --	  0.585	     --
[component_container-11] 	 27.540	  Sonar	     --	     --	    inf	     --
[component_container-11] 	 27.540	  Magnt	     --	     --	     --	 -1.214
[component_container-11] 
[component_container-11] 	 27.570	   Pose	 -0.298	  0.707	  4.996	 -1.269
[component_container-11] 	 27.570	  Twist	 -0.448	 -0.663	  0.014	 -0.283
[component_container-11] 	 27.570	ErrPose	 -0.059	 -0.210	  0.007	  0.014
[component_container-11] 	 27.570	ErrTwis	  0.915	 -0.072	  0.023	  0.004
[component_container-11] 	 27.570	    GPS	 -0.499	  0.604	  5.002	     --
[component_container-11] 	 27.570	   Baro	     --	     --	  5.668	     --
[component_container-11] 	 27.570	  BBias	     --	     --	  0.585	     --
[component_container-11] 	 27.570	  Sonar	     --	     --	    inf	     --
[component_container-11] 	 27.570	  Magnt	     --	     --	     --	 -1.198
[component_container-11] 
[component_container-11] 	 27.600	   Pose	 -0.312	  0.687	  4.996	 -1.278
[component_container-11] 	 27.600	  Twist	 -0.446	 -0.660	  0.012	 -0.281
[component_container-11] 	 27.600	ErrPose	 -0.067	 -0.217	  0.008	  0.012
[component_container-11] 	 27.600	ErrTwis	  0.921	 -0.070	  0.024	  0.002
[component_container-11] 	 27.600	    GPS	 -0.499	  0.604	  5.002	     --
[component_container-11] 	 27.600	   Baro	     --	     --	  5.668	     --
[component_container-11] 	 27.600	  BBias	     --	     --	  0.585	     --
[component_container-11] 	 27.600	  Sonar	     --	     --	    inf	     --
[component_container-11] 	 27.600	  Magnt	     --	     --	     --	 -1.198
[component_container-11] 
[component_container-11] 	 27.640	   Pose	 -0.330	  0.661	  4.994	 -1.289
[component_container-11] 	 27.640	  Twist	 -0.445	 -0.655	  0.007	 -0.298
[component_container-11] 	 27.640	ErrPose	 -0.071	 -0.218	  0.012	  0.012
[component_container-11] 	 27.640	ErrTwis	  0.926	 -0.069	  0.030	  0.018
[component_container-11] 	 27.640	    GPS	 -0.499	  0.604	  5.002	     --
[component_container-11] 	 27.640	   Baro	     --	     --	  5.548	     --
[component_container-11] 	 27.640	  BBias	     --	     --	  0.585	     --
[component_container-11] 	 27.640	  Sonar	     --	     --	    inf	     --
[component_container-11] 	 27.640	  Magnt	     --	     --	     --	 -1.263
[component_container-11] 
[component_container-11] 	 27.670	   Pose	 -0.343	  0.641	  4.998	 -1.298
[component_container-11] 	 27.670	  Twist	 -0.444	 -0.651	  0.007	 -0.283
[component_container-11] 	 27.670	ErrPose	 -0.069	 -0.212	  0.009	  0.015
[component_container-11] 	 27.670	ErrTwis	  0.929	 -0.069	  0.029	  0.003
[component_container-11] 	 27.670	    GPS	 -0.499	  0.604	  5.002	     --
[component_container-11] 	 27.670	   Baro	     --	     --	  5.621	     --
[component_container-11] 	 27.670	  BBias	     --	     --	  0.585	     --
[component_container-11] 	 27.670	  Sonar	     --	     --	    inf	     --
[component_container-11] 	 27.670	  Magnt	     --	     --	     --	 -1.303
[component_container-11] 
[component_container-11] 	 27.700	   Pose	 -0.356	  0.622	  4.998	 -1.307
[component_container-11] 	 27.700	  Twist	 -0.443	 -0.648	  0.005	 -0.299
[component_container-11] 	 27.700	ErrPose	 -0.077	 -0.220	  0.009	  0.013
[component_container-11] 	 27.700	ErrTwis	  0.935	 -0.065	  0.030	  0.019
[component_container-11] 	 27.700	    GPS	 -0.499	  0.604	  5.002	     --
[component_container-11] 	 27.700	   Baro	     --	     --	  5.621	     --
[component_container-11] 	 27.700	  BBias	     --	     --	  0.585	     --
[component_container-11] 	 27.700	  Sonar	     --	     --	    inf	     --
[component_container-11] 	 27.700	  Magnt	     --	     --	     --	 -1.303
[component_container-11] 
[component_container-11] 	 27.740	   Pose	 -0.374	  0.596	  5.010	 -1.319
[component_container-11] 	 27.740	  Twist	 -0.442	 -0.644	  0.015	 -0.293
[component_container-11] 	 27.740	ErrPose	 -0.081	 -0.221	 -0.002	  0.014
[component_container-11] 	 27.740	ErrTwis	  0.942	 -0.062	  0.016	  0.014
[component_container-11] 	 27.740	    GPS	 -0.499	  0.604	  5.002	     --
[component_container-11] 	 27.740	   Baro	     --	     --	  5.729	     --
[component_container-11] 	 27.740	  BBias	     --	     --	  0.585	     --
[component_container-11] 	 27.740	  Sonar	     --	     --	    inf	     --
[component_container-11] 	 27.740	  Magnt	     --	     --	     --	 -1.322
[component_container-11] 
[component_container-11] 	 27.770	   Pose	 -0.387	  0.576	  5.011	 -1.327
[component_container-11] 	 27.770	  Twist	 -0.441	 -0.640	  0.014	 -0.268
[component_container-11] 	 27.770	ErrPose	 -0.078	 -0.215	 -0.002	  0.016
[component_container-11] 	 27.770	ErrTwis	  0.945	 -0.062	  0.016	 -0.012
[component_container-11] 	 27.770	    GPS	 -0.499	  0.604	  5.002	     --
[component_container-11] 	 27.770	   Baro	     --	     --	  5.599	     --
[component_container-11] 	 27.770	  BBias	     --	     --	  0.585	     --
[component_container-11] 	 27.770	  Sonar	     --	     --	    inf	     --
[component_container-11] 	 27.770	  Magnt	     --	     --	     --	 -1.325
[component_container-11] 
[component_container-11] 	 27.800	   Pose	 -0.400	  0.557	  5.011	 -1.335
[component_container-11] 	 27.800	  Twist	 -0.440	 -0.636	  0.013	 -0.291
[component_container-11] 	 27.800	ErrPose	 -0.087	 -0.223	 -0.002	  0.014
[component_container-11] 	 27.800	ErrTwis	  0.951	 -0.057	  0.016	  0.011
[component_container-11] 	 27.800	    GPS	 -0.499	  0.604	  5.002	     --
[component_container-11] 	 27.800	   Baro	     --	     --	  5.599	     --
[component_container-11] 	 27.800	  BBias	     --	     --	  0.585	     --
[component_container-11] 	 27.800	  Sonar	     --	     --	    inf	     --
[component_container-11] 	 27.800	  Magnt	     --	     --	     --	 -1.325
[component_container-11] 
[component_container-11] 	 27.840	   Pose	 -0.418	  0.532	  5.013	 -1.347
[component_container-11] 	 27.840	  Twist	 -0.438	 -0.631	  0.012	 -0.297
[component_container-11] 	 27.840	ErrPose	 -0.090	 -0.224	 -0.003	  0.014
[component_container-11] 	 27.840	ErrTwis	  0.957	 -0.052	  0.017	  0.017
[component_container-11] 	 27.840	    GPS	 -0.499	  0.604	  5.002	     --
[component_container-11] 	 27.840	   Baro	     --	     --	  5.612	     --
[component_container-11] 	 27.840	  BBias	     --	     --	  0.585	     --
[component_container-11] 	 27.840	  Sonar	     --	     --	    inf	     --
[component_container-11] 	 27.840	  Magnt	     --	     --	     --	 -1.341
[component_container-11] 
[component_container-11] 	 27.870	   Pose	 -0.431	  0.513	  5.015	 -1.355
[component_container-11] 	 27.870	  Twist	 -0.437	 -0.628	  0.012	 -0.281
[component_container-11] 	 27.870	ErrPose	 -0.088	 -0.219	 -0.004	  0.017
[component_container-11] 	 27.870	ErrTwis	  0.960	 -0.050	  0.017	  0.001
[component_container-11] 	 27.870	    GPS	 -0.499	  0.604	  5.002	     --
[component_container-11] 	 27.870	   Baro	     --	     --	  5.619	     --
[component_container-11] 	 27.870	  BBias	     --	     --	  0.585	     --
[component_container-11] 	 27.870	  Sonar	     --	     --	    inf	     --
[component_container-11] 	 27.870	  Magnt	     --	     --	     --	 -1.319
[component_container-11] 
[component_container-11] 	 27.900	   Pose	 -0.444	  0.494	  5.016	 -1.364
[component_container-11] 	 27.900	  Twist	 -0.436	 -0.625	  0.010	 -0.282
[component_container-11] 	 27.900	ErrPose	 -0.096	 -0.227	 -0.004	  0.014
[component_container-11] 	 27.900	ErrTwis	  0.967	 -0.044	  0.018	  0.002
[component_container-11] 	 27.900	    GPS	 -0.499	  0.604	  5.002	     --
[component_container-11] 	 27.900	   Baro	     --	     --	  5.619	     --
[component_container-11] 	 27.900	  BBias	     --	     --	  0.585	     --
[component_container-11] 	 27.900	  Sonar	     --	     --	    inf	     --
[component_container-11] 	 27.900	  Magnt	     --	     --	     --	 -1.319
[component_container-11] 
[component_container-11] 	 27.940	   Pose	 -0.462	  0.469	  5.015	 -1.375
[component_container-11] 	 27.940	  Twist	 -0.434	 -0.620	  0.008	 -0.297
[component_container-11] 	 27.940	ErrPose	 -0.099	 -0.229	 -0.003	  0.014
[component_container-11] 	 27.940	ErrTwis	  0.974	 -0.040	  0.020	  0.017
[component_container-11] 	 27.940	    GPS	 -0.499	  0.604	  5.002	     --
[component_container-11] 	 27.940	   Baro	     --	     --	  5.594	     --
[component_container-11] 	 27.940	  BBias	     --	     --	  0.585	     --
[component_container-11] 	 27.940	  Sonar	     --	     --	    inf	     --
[component_container-11] 	 27.940	  Magnt	     --	     --	     --	 -1.347
[component_container-11] 
[component_container-11] 	 27.970	   Pose	 -0.475	  0.451	  5.001	 -1.383
[component_container-11] 	 27.970	  Twist	 -0.433	 -0.616	 -0.010	 -0.285
[component_container-11] 	 27.970	ErrPose	 -0.096	 -0.224	  0.013	  0.016
[component_container-11] 	 27.970	ErrTwis	  0.977	 -0.039	  0.038	  0.005
[component_container-11] 	 27.970	    GPS	 -0.499	  0.604	  5.002	     --
[component_container-11] 	 27.970	   Baro	     --	     --	  5.432	     --
[component_container-11] 	 27.970	  BBias	     --	     --	  0.585	     --
[component_container-11] 	 27.970	  Sonar	     --	     --	    inf	     --
[component_container-11] 	 27.970	  Magnt	     --	     --	     --	 -1.347
[component_container-11] 
[component_container-11] [INFO] [1775369592.569862525] [drone.controller]: cmd_vel body=(0.737, -0.676, 0.009) yaw=-0.300 | odom_received=true | plan_points=30
[component_container-11] 	 28.000	   Pose	 -0.488	  0.432	  5.000	 -1.392
[component_container-11] 	 28.000	  Twist	 -0.432	 -0.613	 -0.012	 -0.286
[component_container-11] 	 28.000	ErrPose	 -0.104	 -0.232	  0.014	  0.014
[component_container-11] 	 28.000	ErrTwis	  0.984	 -0.033	  0.041	  0.006
[component_container-11] 	 28.000	    GPS	 -0.499	  0.604	  5.002	     --
[component_container-11] 	 28.000	   Baro	     --	     --	  5.432	     --
[component_container-11] 	 28.000	  BBias	     --	     --	  0.585	     --
[component_container-11] 	 28.000	  Sonar	     --	     --	    inf	     --
[component_container-11] 	 28.000	  Magnt	     --	     --	     --	 -1.347
[component_container-11] 
[component_container-11] [INFO] [1775369592.570190914] [drone.estimator]: TMP LOG err_xyz=(-0.104, -0.232, 0.014) | z_est=5.000 vz_est=-0.012 bias=0.585 | gps_z=5.002 sonar=inf baro=5.432
[component_container-11] 	 28.040	   Pose	 -0.593	  0.312	  5.008	 -1.402
[component_container-11] 	 28.040	  Twist	 -0.481	 -0.676	 -0.006	 -0.292
[component_container-11] 	 28.040	ErrPose	 -0.019	 -0.139	  0.007	  0.013
[component_container-11] 	 28.040	ErrTwis	  1.041	  0.038	  0.034	  0.013
[component_container-11] 	 28.040	    GPS	 -0.738	  0.206	  5.014	     --
[component_container-11] 	 28.040	   Baro	     --	     --	  5.666	     --
[component_container-11] 	 28.040	  BBias	     --	     --	  0.585	     --
[component_container-11] 	 28.040	  Sonar	     --	     --	    inf	     --
[component_container-11] 	 28.040	  Magnt	     --	     --	     --	 -1.358
[component_container-11] 
[component_container-11] 	 28.070	   Pose	 -0.608	  0.292	  5.004	 -1.412
[component_container-11] 	 28.070	  Twist	 -0.480	 -0.672	 -0.011	 -0.304
[component_container-11] 	 28.070	ErrPose	 -0.015	 -0.132	  0.011	  0.017
[component_container-11] 	 28.070	ErrTwis	  1.044	  0.039	  0.038	  0.025
[component_container-11] 	 28.070	    GPS	 -0.738	  0.206	  5.014	     --
[component_container-11] 	 28.070	   Baro	     --	     --	  5.538	     --
[component_container-11] 	 28.070	  BBias	     --	     --	  0.585	     --
[component_container-11] 	 28.070	  Sonar	     --	     --	    inf	     --
[component_container-11] 	 28.070	  Magnt	     --	     --	     --	 -1.453
[component_container-11] 
[component_container-11] 	 28.100	   Pose	 -0.622	  0.271	  5.003	 -1.420
[component_container-11] 	 28.100	  Twist	 -0.480	 -0.668	 -0.013	 -0.281
[component_container-11] 	 28.100	ErrPose	 -0.021	 -0.139	  0.013	  0.015
[component_container-11] 	 28.100	ErrTwis	  1.052	  0.044	  0.041	  0.002
[component_container-11] 	 28.100	    GPS	 -0.738	  0.206	  5.014	     --
[component_container-11] 	 28.100	   Baro	     --	     --	  5.538	     --
[component_container-11] 	 28.100	  BBias	     --	     --	  0.585	     --
[component_container-11] 	 28.100	  Sonar	     --	     --	    inf	     --
[component_container-11] 	 28.100	  Magnt	     --	     --	     --	 -1.453
[component_container-11] 
[component_container-11] 	 28.140	   Pose	 -0.641	  0.245	  4.999	 -1.432
[component_container-11] 	 28.140	  Twist	 -0.478	 -0.664	 -0.019	 -0.284
[component_container-11] 	 28.140	ErrPose	 -0.022	 -0.139	  0.017	  0.015
[component_container-11] 	 28.140	ErrTwis	  1.058	  0.048	  0.048	  0.004
[component_container-11] 	 28.140	    GPS	 -0.738	  0.206	  5.014	     --
[component_container-11] 	 28.140	   Baro	     --	     --	  5.544	     --
[component_container-11] 	 28.140	  BBias	     --	     --	  0.585	     --
[component_container-11] 	 28.140	  Sonar	     --	     --	    inf	     --
[component_container-11] 	 28.140	  Magnt	     --	     --	     --	 -1.417
[component_container-11] 
[component_container-11] 	 28.170	   Pose	 -0.656	  0.225	  4.999	 -1.439
[component_container-11] 	 28.170	  Twist	 -0.476	 -0.660	 -0.021	 -0.295
[component_container-11] 	 28.170	ErrPose	 -0.018	 -0.133	  0.018	  0.016
[component_container-11] 	 28.170	ErrTwis	  1.061	  0.049	  0.049	  0.016
[component_container-11] 	 28.170	    GPS	 -0.738	  0.206	  5.014	     --
[component_container-11] 	 28.170	   Baro	     --	     --	  5.584	     --
[component_container-11] 	 28.170	  BBias	     --	     --	  0.585	     --
[component_container-11] 	 28.170	  Sonar	     --	     --	    inf	     --
[component_container-11] 	 28.170	  Magnt	     --	     --	     --	 -1.375
[component_container-11] 
[component_container-11] 	 28.200	   Pose	 -0.670	  0.205	  4.998	 -1.447
[component_container-11] 	 28.200	  Twist	 -0.475	 -0.657	 -0.022	 -0.283
[component_container-11] 	 28.200	ErrPose	 -0.024	 -0.140	  0.020	  0.014
[component_container-11] 	 28.200	ErrTwis	  1.068	  0.054	  0.050	  0.003
[component_container-11] 	 28.200	    GPS	 -0.738	  0.206	  5.014	     --
[component_container-11] 	 28.200	   Baro	     --	     --	  5.584	     --
[component_container-11] 	 28.200	  BBias	     --	     --	  0.585	     --
[component_container-11] 	 28.200	  Sonar	     --	     --	    inf	     --
[component_container-11] 	 28.200	  Magnt	     --	     --	     --	 -1.375
[component_container-11] 
[component_container-11] 	 28.240	   Pose	 -0.689	  0.179	  4.987	 -1.458
[component_container-11] 	 28.240	  Twist	 -0.473	 -0.652	 -0.033	 -0.289
[component_container-11] 	 28.240	ErrPose	 -0.025	 -0.141	  0.031	  0.013
[component_container-11] 	 28.240	ErrTwis	  1.074	  0.058	  0.061	  0.009
[component_container-11] 	 28.240	    GPS	 -0.738	  0.206	  5.014	     --
[component_container-11] 	 28.240	   Baro	     --	     --	  5.467	     --
[component_container-11] 	 28.240	  BBias	     --	     --	  0.585	     --
[component_container-11] 	 28.240	  Sonar	     --	     --	    inf	     --
[component_container-11] 	 28.240	  Magnt	     --	     --	     --	 -1.422
[component_container-11] 
[component_container-11] 	 28.270	   Pose	 -0.703	  0.160	  5.004	 -1.467
[component_container-11] 	 28.270	  Twist	 -0.472	 -0.648	 -0.017	 -0.287
[component_container-11] 	 28.270	ErrPose	 -0.021	 -0.135	  0.015	  0.016
[component_container-11] 	 28.270	ErrTwis	  1.078	  0.059	  0.045	  0.007
[component_container-11] 	 28.270	    GPS	 -0.738	  0.206	  5.014	     --
[component_container-11] 	 28.270	   Baro	     --	     --	  5.780	     --
[component_container-11] 	 28.270	  BBias	     --	     --	  0.585	     --
[component_container-11] 	 28.270	  Sonar	     --	     --	    inf	     --
[component_container-11] 	 28.270	  Magnt	     --	     --	     --	 -1.462
[component_container-11] 
[component_container-11] 	 28.300	   Pose	 -0.717	  0.140	  5.003	 -1.475
[component_container-11] 	 28.300	  Twist	 -0.471	 -0.645	 -0.017	 -0.296
[component_container-11] 	 28.300	ErrPose	 -0.027	 -0.143	  0.016	  0.014
[component_container-11] 	 28.300	ErrTwis	  1.085	  0.065	  0.045	  0.017
[component_container-11] 	 28.300	    GPS	 -0.738	  0.206	  5.014	     --
[component_container-11] 	 28.300	   Baro	     --	     --	  5.780	     --
[component_container-11] 	 28.300	  BBias	     --	     --	  0.585	     --
[component_container-11] 	 28.300	  Sonar	     --	     --	    inf	     --
[component_container-11] 	 28.300	  Magnt	     --	     --	     --	 -1.462
[component_container-11] 
[component_container-11] 	 28.340	   Pose	 -0.736	  0.114	  5.009	 -1.487
[component_container-11] 	 28.340	  Twist	 -0.469	 -0.639	 -0.011	 -0.273
[component_container-11] 	 28.340	ErrPose	 -0.028	 -0.145	  0.011	  0.014
[component_container-11] 	 28.340	ErrTwis	  1.091	  0.068	  0.039	 -0.007
[component_container-11] 	 28.340	    GPS	 -0.738	  0.206	  5.014	     --
[component_container-11] 	 28.340	   Baro	     --	     --	  5.666	     --
[component_container-11] 	 28.340	  BBias	     --	     --	  0.585	     --
[component_container-11] 	 28.340	  Sonar	     --	     --	    inf	     --
[component_container-11] 	 28.340	  Magnt	     --	     --	     --	 -1.463
[component_container-11] 
[component_container-11] 	 28.370	   Pose	 -0.750	  0.095	  4.997	 -1.495
[component_container-11] 	 28.370	  Twist	 -0.468	 -0.635	 -0.026	 -0.299
[component_container-11] 	 28.370	ErrPose	 -0.024	 -0.139	  0.024	  0.017
[component_container-11] 	 28.370	ErrTwis	  1.095	  0.069	  0.054	  0.019
[component_container-11] 	 28.370	    GPS	 -0.738	  0.206	  5.014	     --
[component_container-11] 	 28.370	   Baro	     --	     --	  5.451	     --
[component_container-11] 	 28.370	  BBias	     --	     --	  0.585	     --
[component_container-11] 	 28.370	  Sonar	     --	     --	    inf	     --
[component_container-11] 	 28.370	  Magnt	     --	     --	     --	 -1.476
[component_container-11] 
[component_container-11] 	 28.400	   Pose	 -0.764	  0.076	  4.996	 -1.504
[component_container-11] 	 28.400	  Twist	 -0.467	 -0.631	 -0.028	 -0.291
[component_container-11] 	 28.400	ErrPose	 -0.030	 -0.148	  0.026	  0.014
[component_container-11] 	 28.400	ErrTwis	  1.102	  0.074	  0.057	  0.011
[component_container-11] 	 28.400	    GPS	 -0.738	  0.206	  5.014	     --
[component_container-11] 	 28.400	   Baro	     --	     --	  5.451	     --
[component_container-11] 	 28.400	  BBias	     --	     --	  0.585	     --
[component_container-11] 	 28.400	  Sonar	     --	     --	    inf	     --
[component_container-11] 	 28.400	  Magnt	     --	     --	     --	 -1.476
[component_container-11] 
[component_container-11] 	 28.440	   Pose	 -0.783	  0.051	  4.992	 -1.516
[component_container-11] 	 28.440	  Twist	 -0.466	 -0.627	 -0.032	 -0.286
[component_container-11] 	 28.440	ErrPose	 -0.030	 -0.150	  0.030	  0.015
[component_container-11] 	 28.440	ErrTwis	  1.109	  0.080	  0.062	  0.006
[component_container-11] 	 28.440	    GPS	 -0.738	  0.206	  5.014	     --
[component_container-11] 	 28.440	   Baro	     --	     --	  5.555	     --
[component_container-11] 	 28.440	  BBias	     --	     --	  0.585	     --
[component_container-11] 	 28.440	  Sonar	     --	     --	    inf	     --
[component_container-11] 	 28.440	  Magnt	     --	     --	     --	 -1.538
[component_container-11] 
[component_container-11] 	 28.470	   Pose	 -0.797	  0.033	  4.995	 -1.524
[component_container-11] 	 28.470	  Twist	 -0.464	 -0.622	 -0.029	 -0.299
[component_container-11] 	 28.470	ErrPose	 -0.026	 -0.145	  0.027	  0.018
[component_container-11] 	 28.470	ErrTwis	  1.112	  0.080	  0.058	  0.019
[component_container-11] 	 28.470	    GPS	 -0.738	  0.206	  5.014	     --
[component_container-11] 	 28.470	   Baro	     --	     --	  5.624	     --
[component_container-11] 	 28.470	  BBias	     --	     --	  0.585	     --
[component_container-11] 	 28.470	  Sonar	     --	     --	    inf	     --
[component_container-11] 	 28.470	  Magnt	     --	     --	     --	 -1.511
[component_container-11] 
[component_container-11] 	 28.500	   Pose	 -0.811	  0.014	  4.995	 -1.533
[component_container-11] 	 28.500	  Twist	 -0.463	 -0.618	 -0.030	 -0.290
[component_container-11] 	 28.500	ErrPose	 -0.032	 -0.154	  0.029	  0.015
[component_container-11] 	 28.500	ErrTwis	  1.119	  0.085	  0.058	  0.010
[component_container-11] 	 28.500	    GPS	 -0.738	  0.206	  5.014	     --
[component_container-11] 	 28.500	   Baro	     --	     --	  5.624	     --
[component_container-11] 	 28.500	  BBias	     --	     --	  0.585	     --
[component_container-11] 	 28.500	  Sonar	     --	     --	    inf	     --
[component_container-11] 	 28.500	  Magnt	     --	     --	     --	 -1.511
[component_container-11] 
[component_container-11] [INFO] [1775369593.077707006] [drone.estimator]: TMP LOG gps innov_xy=(-0.208, 0.018) est_xy=(-0.815, 0.008) gps_xy=(-1.023, 0.026) corr_xy=(-1.023, 0.026) vel_xy=(-0.463, -0.617)
[component_container-11] [INFO] [1775369593.077818262] [drone.estimator]: TMP LOG gps vel pseudo raw=(-0.570, -0.360) filt=(-0.565, -0.404) innov_v=(-0.070, 0.211) apply=(1,1)
[component_container-11] 	 28.540	   Pose	 -0.907	  0.029	  5.003	 -1.545
[component_container-11] 	 28.540	  Twist	 -0.509	 -0.566	 -0.022	 -0.287
[component_container-11] 	 28.540	ErrPose	  0.046	 -0.197	  0.021	  0.016
[component_container-11] 	 28.540	ErrTwis	  1.173	  0.042	  0.052	  0.007
[component_container-11] 	 28.540	    GPS	 -1.023	  0.026	  5.023	     --
[component_container-11] 	 28.540	   Baro	     --	     --	  5.641	     --
[component_container-11] 	 28.540	  BBias	     --	     --	  0.585	     --
[component_container-11] 	 28.540	  Sonar	     --	     --	    inf	     --
[component_container-11] 	 28.540	  Magnt	     --	     --	     --	 -1.555
[component_container-11] 
[component_container-11] 	 28.570	   Pose	 -0.923	  0.012	  5.014	 -1.553
[component_container-11] 	 28.570	  Twist	 -0.508	 -0.563	 -0.011	 -0.287
[component_container-11] 	 28.570	ErrPose	  0.051	 -0.194	  0.011	  0.018
[component_container-11] 	 28.570	ErrTwis	  1.176	  0.044	  0.041	  0.007
[component_container-11] 	 28.570	    GPS	 -1.023	  0.026	  5.023	     --
[component_container-11] 	 28.570	   Baro	     --	     --	  5.734	     --
[component_container-11] 	 28.570	  BBias	     --	     --	  0.585	     --
[component_container-11] 	 28.570	  Sonar	     --	     --	    inf	     --
[component_container-11] 	 28.570	  Magnt	     --	     --	     --	 -1.524
[component_container-11] 
[component_container-11] 	 28.600	   Pose	 -0.938	 -0.005	  5.013	 -1.561
[component_container-11] 	 28.600	  Twist	 -0.507	 -0.559	 -0.013	 -0.279
[component_container-11] 	 28.600	ErrPose	  0.047	 -0.205	  0.012	  0.015
[component_container-11] 	 28.600	ErrTwis	  1.183	  0.050	  0.042	 -0.001
[component_container-11] 	 28.600	    GPS	 -1.023	  0.026	  5.023	     --
[component_container-11] 	 28.600	   Baro	     --	     --	  5.734	     --
[component_container-11] 	 28.600	  BBias	     --	     --	  0.585	     --
[component_container-11] 	 28.600	  Sonar	     --	     --	    inf	     --
[component_container-11] 	 28.600	  Magnt	     --	     --	     --	 -1.524
[component_container-11] 
[component_container-11] 	 28.640	   Pose	 -0.958	 -0.027	  5.017	 -1.572
[component_container-11] 	 28.640	  Twist	 -0.505	 -0.554	 -0.011	 -0.277
[component_container-11] 	 28.640	ErrPose	  0.048	 -0.211	  0.009	  0.015
[component_container-11] 	 28.640	ErrTwis	  1.190	  0.054	  0.039	 -0.002
[component_container-11] 	 28.640	    GPS	 -1.023	  0.026	  5.023	     --
[component_container-11] 	 28.640	   Baro	     --	     --	  5.645	     --
[component_container-11] 	 28.640	  BBias	     --	     --	  0.585	     --
[component_container-11] 	 28.640	  Sonar	     --	     --	    inf	     --
[component_container-11] 	 28.640	  Magnt	     --	     --	     --	 -1.538
[component_container-11] 
[component_container-11] 	 28.670	   Pose	 -0.973	 -0.044	  5.012	 -1.579
[component_container-11] 	 28.670	  Twist	 -0.503	 -0.550	 -0.016	 -0.289
[component_container-11] 	 28.670	ErrPose	  0.054	 -0.208	  0.014	  0.017
[component_container-11] 	 28.670	ErrTwis	  1.192	  0.056	  0.045	  0.010
[component_container-11] 	 28.670	    GPS	 -1.023	  0.026	  5.023	     --
[component_container-11] 	 28.670	   Baro	     --	     --	  5.545	     --
[component_container-11] 	 28.670	  BBias	     --	     --	  0.585	     --
[component_container-11] 	 28.670	  Sonar	     --	     --	    inf	     --
[component_container-11] 	 28.670	  Magnt	     --	     --	     --	 -1.517
[component_container-11] 
[component_container-11] 	 28.700	   Pose	 -0.988	 -0.060	  5.011	 -1.588
[component_container-11] 	 28.700	  Twist	 -0.503	 -0.546	 -0.019	 -0.292
[component_container-11] 	 28.700	ErrPose	  0.050	 -0.220	  0.016	  0.014
[component_container-11] 	 28.700	ErrTwis	  1.199	  0.062	  0.047	  0.013
[component_container-11] 	 28.700	    GPS	 -1.023	  0.026	  5.023	     --
[component_container-11] 	 28.700	   Baro	     --	     --	  5.545	     --
[component_container-11] 	 28.700	  BBias	     --	     --	  0.585	     --
[component_container-11] 	 28.700	  Sonar	     --	     --	    inf	     --
[component_container-11] 	 28.700	  Magnt	     --	     --	     --	 -1.517
[component_container-11] 
[component_container-11] 	 28.740	   Pose	 -1.008	 -0.082	  5.023	 -1.600
[component_container-11] 	 28.740	  Twist	 -0.502	 -0.542	 -0.008	 -0.289
[component_container-11] 	 28.740	ErrPose	  0.051	 -0.226	  0.004	  0.016
[component_container-11] 	 28.740	ErrTwis	  1.206	  0.070	  0.034	  0.009
[component_container-11] 	 28.740	    GPS	 -1.023	  0.026	  5.023	     --
[component_container-11] 	 28.740	   Baro	     --	     --	  5.743	     --
[component_container-11] 	 28.740	  BBias	     --	     --	  0.585	     --
[component_container-11] 	 28.740	  Sonar	     --	     --	    inf	     --
[component_container-11] 	 28.740	  Magnt	     --	     --	     --	 -1.627
[component_container-11] 
[component_container-11] 	 28.770	   Pose	 -1.023	 -0.098	  5.022	 -1.609
[component_container-11] 	 28.770	  Twist	 -0.500	 -0.538	 -0.010	 -0.292
[component_container-11] 	 28.770	ErrPose	  0.057	 -0.224	  0.005	  0.018
[component_container-11] 	 28.770	ErrTwis	  1.209	  0.072	  0.035	  0.013
[component_container-11] 	 28.770	    GPS	 -1.023	  0.026	  5.023	     --
[component_container-11] 	 28.770	   Baro	     --	     --	  5.604	     --
[component_container-11] 	 28.770	  BBias	     --	     --	  0.585	     --
[component_container-11] 	 28.770	  Sonar	     --	     --	    inf	     --
[component_container-11] 	 28.770	  Magnt	     --	     --	     --	 -1.577
[component_container-11] 
[component_container-11] 	 28.800	   Pose	 -1.038	 -0.114	  5.022	 -1.617
[component_container-11] 	 28.800	  Twist	 -0.499	 -0.534	 -0.012	 -0.291
[component_container-11] 	 28.800	ErrPose	  0.053	 -0.237	  0.006	  0.016
[component_container-11] 	 28.800	ErrTwis	  1.216	  0.080	  0.035	  0.012
[component_container-11] 	 28.800	    GPS	 -1.023	  0.026	  5.023	     --
[component_container-11] 	 28.800	   Baro	     --	     --	  5.604	     --
[component_container-11] 	 28.800	  BBias	     --	     --	  0.585	     --
[component_container-11] 	 28.800	  Sonar	     --	     --	    inf	     --
[component_container-11] 	 28.800	  Magnt	     --	     --	     --	 -1.577
[component_container-11] 
[component_container-11] 	 28.840	   Pose	 -1.058	 -0.135	  5.023	 -1.628
[component_container-11] 	 28.840	  Twist	 -0.498	 -0.530	 -0.013	 -0.281
[component_container-11] 	 28.840	ErrPose	  0.055	 -0.244	  0.006	  0.015
[component_container-11] 	 28.840	ErrTwis	  1.222	  0.089	  0.037	  0.001
[component_container-11] 	 28.840	    GPS	 -1.023	  0.026	  5.023	     --
[component_container-11] 	 28.840	   Baro	     --	     --	  5.626	     --
[component_container-11] 	 28.840	  BBias	     --	     --	  0.585	     --
[component_container-11] 	 28.840	  Sonar	     --	     --	    inf	     --
[component_container-11] 	 28.840	  Magnt	     --	     --	     --	 -1.600
[component_container-11] 
[component_container-11] 	 28.870	   Pose	 -1.073	 -0.151	  5.022	 -1.636
[component_container-11] 	 28.870	  Twist	 -0.497	 -0.526	 -0.015	 -0.288
[component_container-11] 	 28.870	ErrPose	  0.061	 -0.243	  0.006	  0.018
[component_container-11] 	 28.870	ErrTwis	  1.225	  0.092	  0.039	  0.008
[component_container-11] 	 28.870	    GPS	 -1.023	  0.026	  5.023	     --
[component_container-11] 	 28.870	   Baro	     --	     --	  5.606	     --
[component_container-11] 	 28.870	  BBias	     --	     --	  0.585	     --
[component_container-11] 	 28.870	  Sonar	     --	     --	    inf	     --
[component_container-11] 	 28.870	  Magnt	     --	     --	     --	 -1.616
[component_container-11] 
[component_container-11] 	 28.900	   Pose	 -1.088	 -0.167	  5.022	 -1.645
[component_container-11] 	 28.900	  Twist	 -0.496	 -0.522	 -0.017	 -0.280
[component_container-11] 	 28.900	ErrPose	  0.058	 -0.256	  0.007	  0.015
[component_container-11] 	 28.900	ErrTwis	  1.232	  0.102	  0.039	  0.001
[component_container-11] 	 28.900	    GPS	 -1.023	  0.026	  5.023	     --
[component_container-11] 	 28.900	   Baro	     --	     --	  5.606	     --
[component_container-11] 	 28.900	  BBias	     --	     --	  0.585	     --
[component_container-11] 	 28.900	  Sonar	     --	     --	    inf	     --
[component_container-11] 	 28.900	  Magnt	     --	     --	     --	 -1.616
[component_container-11] 
[component_container-11] 	 28.940	   Pose	 -1.108	 -0.188	  5.014	 -1.657
[component_container-11] 	 28.940	  Twist	 -0.495	 -0.517	 -0.026	 -0.292
[component_container-11] 	 28.940	ErrPose	  0.060	 -0.264	  0.015	  0.016
[component_container-11] 	 28.940	ErrTwis	  1.238	  0.109	  0.047	  0.012
[component_container-11] 	 28.940	    GPS	 -1.023	  0.026	  5.023	     --
[component_container-11] 	 28.940	   Baro	     --	     --	  5.533	     --
[component_container-11] 	 28.940	  BBias	     --	     --	  0.585	     --
[component_container-11] 	 28.940	  Sonar	     --	     --	    inf	     --
[component_container-11] 	 28.940	  Magnt	     --	     --	     --	 -1.675
[component_container-11] 
[component_container-11] 	 28.970	   Pose	 -1.123	 -0.203	  5.005	 -1.665
[component_container-11] 	 28.970	  Twist	 -0.493	 -0.513	 -0.037	 -0.289
[component_container-11] 	 28.970	ErrPose	  0.066	 -0.263	  0.025	  0.019
[component_container-11] 	 28.970	ErrTwis	  1.240	  0.112	  0.058	  0.009
[component_container-11] 	 28.970	    GPS	 -1.023	  0.026	  5.023	     --
[component_container-11] 	 28.970	   Baro	     --	     --	  5.496	     --
[component_container-11] 	 28.970	  BBias	     --	     --	  0.585	     --
[component_container-11] 	 28.970	  Sonar	     --	     --	    inf	     --
[component_container-11] 	 28.970	  Magnt	     --	     --	     --	 -1.639
[component_container-11] 
[component_container-11] [INFO] [1775369593.573951447] [drone.controller]: cmd_vel body=(0.939, -0.343, 0.006) yaw=-0.300 | odom_received=true | plan_points=21
[component_container-11] 	 29.000	   Pose	 -1.138	 -0.219	  5.003	 -1.674
[component_container-11] 	 29.000	  Twist	 -0.492	 -0.510	 -0.038	 -0.287
[component_container-11] 	 29.000	ErrPose	  0.063	 -0.276	  0.027	  0.016
[component_container-11] 	 29.000	ErrTwis	  1.246	  0.122	  0.060	  0.007
[component_container-11] 	 29.000	    GPS	 -1.023	  0.026	  5.023	     --
[component_container-11] 	 29.000	   Baro	     --	     --	  5.496	     --
[component_container-11] 	 29.000	  BBias	     --	     --	  0.585	     --
[component_container-11] 	 29.000	  Sonar	     --	     --	    inf	     --
[component_container-11] 	 29.000	  Magnt	     --	     --	     --	 -1.639
[component_container-11] 
[component_container-11] [INFO] [1775369593.574391332] [drone.estimator]: TMP LOG err_xyz=(0.063, -0.276, 0.027) | z_est=5.003 vz_est=-0.038 bias=0.585 | gps_z=5.023 sonar=inf baro=5.496
[component_container-11] 	 29.040	   Pose	 -1.121	 -0.369	  5.003	 -1.686
[component_container-11] 	 29.040	  Twist	 -0.443	 -0.616	 -0.039	 -0.288
[component_container-11] 	 29.040	ErrPose	  0.029	 -0.155	  0.028	  0.017
[component_container-11] 	 29.040	ErrTwis	  1.205	  0.242	  0.060	  0.008
[component_container-11] 	 29.040	    GPS	 -1.141	 -0.450	  5.030	     --
[component_container-11] 	 29.040	   Baro	     --	     --	  5.542	     --
[component_container-11] 	 29.040	  BBias	     --	     --	  0.585	     --
[component_container-11] 	 29.040	  Sonar	     --	     --	    inf	     --
[component_container-11] 	 29.040	  Magnt	     --	     --	     --	 -1.684
[component_container-11] 
[component_container-11] 	 29.070	   Pose	 -1.135	 -0.387	  5.011	 -1.694
[component_container-11] 	 29.070	  Twist	 -0.442	 -0.612	 -0.030	 -0.296
[component_container-11] 	 29.070	ErrPose	  0.034	 -0.152	  0.020	  0.020
[component_container-11] 	 29.070	ErrTwis	  1.206	  0.244	  0.050	  0.017
[component_container-11] 	 29.070	    GPS	 -1.141	 -0.450	  5.030	     --
[component_container-11] 	 29.070	   Baro	     --	     --	  5.704	     --
[component_container-11] 	 29.070	  BBias	     --	     --	  0.585	     --
[component_container-11] 	 29.070	  Sonar	     --	     --	    inf	     --
[component_container-11] 	 29.070	  Magnt	     --	     --	     --	 -1.688
[component_container-11] 
[component_container-11] 	 29.100	   Pose	 -1.148	 -0.405	  5.010	 -1.703
[component_container-11] 	 29.100	  Twist	 -0.440	 -0.607	 -0.031	 -0.288
[component_container-11] 	 29.100	ErrPose	  0.030	 -0.163	  0.021	  0.017
[component_container-11] 	 29.100	ErrTwis	  1.211	  0.253	  0.052	  0.009
[component_container-11] 	 29.100	    GPS	 -1.141	 -0.450	  5.030	     --
[component_container-11] 	 29.100	   Baro	     --	     --	  5.704	     --
[component_container-11] 	 29.100	  BBias	     --	     --	  0.585	     --
[component_container-11] 	 29.100	  Sonar	     --	     --	    inf	     --
[component_container-11] 	 29.100	  Magnt	     --	     --	     --	 -1.688
[component_container-11] 
[component_container-11] 	 29.140	   Pose	 -1.165	 -0.430	  5.004	 -1.713
[component_container-11] 	 29.140	  Twist	 -0.438	 -0.603	 -0.037	 -0.286
[component_container-11] 	 29.140	ErrPose	  0.031	 -0.168	  0.028	  0.017
[component_container-11] 	 29.140	ErrTwis	  1.216	  0.261	  0.060	  0.006
[component_container-11] 	 29.140	    GPS	 -1.141	 -0.450	  5.030	     --
[component_container-11] 	 29.140	   Baro	     --	     --	  5.534	     --
[component_container-11] 	 29.140	  BBias	     --	     --	  0.585	     --
[component_container-11] 	 29.140	  Sonar	     --	     --	    inf	     --
[component_container-11] 	 29.140	  Magnt	     --	     --	     --	 -1.659
[component_container-11] 
[component_container-11] 	 29.170	   Pose	 -1.179	 -0.448	  4.993	 -1.722
[component_container-11] 	 29.170	  Twist	 -0.436	 -0.599	 -0.048	 -0.280
[component_container-11] 	 29.170	ErrPose	  0.035	 -0.165	  0.039	  0.020
[component_container-11] 	 29.170	ErrTwis	  1.218	  0.264	  0.071	  0.001
[component_container-11] 	 29.170	    GPS	 -1.141	 -0.450	  5.030	     --
[component_container-11] 	 29.170	   Baro	     --	     --	  5.472	     --
[component_container-11] 	 29.170	  BBias	     --	     --	  0.585	     --
[component_container-11] 	 29.170	  Sonar	     --	     --	    inf	     --
[component_container-11] 	 29.170	  Magnt	     --	     --	     --	 -1.718
[component_container-11] 
[component_container-11] 	 29.200	   Pose	 -1.192	 -0.465	  4.992	 -1.730
[component_container-11] 	 29.200	  Twist	 -0.435	 -0.594	 -0.050	 -0.282
[component_container-11] 	 29.200	ErrPose	  0.032	 -0.177	  0.041	  0.017
[component_container-11] 	 29.200	ErrTwis	  1.223	  0.273	  0.072	  0.003
[component_container-11] 	 29.200	    GPS	 -1.141	 -0.450	  5.030	     --
[component_container-11] 	 29.200	   Baro	     --	     --	  5.472	     --
[component_container-11] 	 29.200	  BBias	     --	     --	  0.585	     --
[component_container-11] 	 29.200	  Sonar	     --	     --	    inf	     --
[component_container-11] 	 29.200	  Magnt	     --	     --	     --	 -1.718
[component_container-11] 
[component_container-11] 	 29.240	   Pose	 -1.209	 -0.489	  4.986	 -1.741
[component_container-11] 	 29.240	  Twist	 -0.433	 -0.588	 -0.055	 -0.283
[component_container-11] 	 29.240	ErrPose	  0.032	 -0.183	  0.047	  0.017
[component_container-11] 	 29.240	ErrTwis	  1.227	  0.279	  0.078	  0.003
[component_container-11] 	 29.240	    GPS	 -1.141	 -0.450	  5.030	     --
[component_container-11] 	 29.240	   Baro	     --	     --	  5.530	     --
[component_container-11] 	 29.240	  BBias	     --	     --	  0.585	     --
[component_container-11] 	 29.240	  Sonar	     --	     --	    inf	     --
[component_container-11] 	 29.240	  Magnt	     --	     --	     --	 -1.716
[component_container-11] 
[component_container-11] 	 29.270	   Pose	 -1.222	 -0.507	  4.990	 -1.749
[component_container-11] 	 29.270	  Twist	 -0.431	 -0.585	 -0.049	 -0.285
[component_container-11] 	 29.270	ErrPose	  0.037	 -0.180	  0.043	  0.018
[component_container-11] 	 29.270	ErrTwis	  1.228	  0.281	  0.073	  0.006
[component_container-11] 	 29.270	    GPS	 -1.141	 -0.450	  5.030	     --
[component_container-11] 	 29.270	   Baro	     --	     --	  5.643	     --
[component_container-11] 	 29.270	  BBias	     --	     --	  0.585	     --
[component_container-11] 	 29.270	  Sonar	     --	     --	    inf	     --
[component_container-11] 	 29.270	  Magnt	     --	     --	     --	 -1.702
[component_container-11] 
[component_container-11] 	 29.300	   Pose	 -1.235	 -0.524	  4.989	 -1.757
[component_container-11] 	 29.300	  Twist	 -0.430	 -0.581	 -0.050	 -0.295
[component_container-11] 	 29.300	ErrPose	  0.033	 -0.193	  0.044	  0.016
[component_container-11] 	 29.300	ErrTwis	  1.233	  0.288	  0.076	  0.016
[component_container-11] 	 29.300	    GPS	 -1.141	 -0.450	  5.030	     --
[component_container-11] 	 29.300	   Baro	     --	     --	  5.643	     --
[component_container-11] 	 29.300	  BBias	     --	     --	  0.585	     --
[component_container-11] 	 29.300	  Sonar	     --	     --	    inf	     --
[component_container-11] 	 29.300	  Magnt	     --	     --	     --	 -1.702
[component_container-11] 
[component_container-11] 	 29.340	   Pose	 -1.252	 -0.547	  4.984	 -1.769
[component_container-11] 	 29.340	  Twist	 -0.430	 -0.576	 -0.053	 -0.285
[component_container-11] 	 29.340	ErrPose	  0.034	 -0.200	  0.050	  0.016
[component_container-11] 	 29.340	ErrTwis	  1.239	  0.293	  0.079	  0.005
[component_container-11] 	 29.340	    GPS	 -1.141	 -0.450	  5.030	     --
[component_container-11] 	 29.340	   Baro	     --	     --	  5.539	     --
[component_container-11] 	 29.340	  BBias	     --	     --	  0.585	     --
[component_container-11] 	 29.340	  Sonar	     --	     --	    inf	     --
[component_container-11] 	 29.340	  Magnt	     --	     --	     --	 -1.764
[component_container-11] 
[component_container-11] 	 29.370	   Pose	 -1.265	 -0.565	  4.987	 -1.776
[component_container-11] 	 29.370	  Twist	 -0.428	 -0.571	 -0.050	 -0.278
[component_container-11] 	 29.370	ErrPose	  0.039	 -0.197	  0.047	  0.018
[component_container-11] 	 29.370	ErrTwis	  1.240	  0.294	  0.075	 -0.002
[component_container-11] 	 29.370	    GPS	 -1.141	 -0.450	  5.030	     --
[component_container-11] 	 29.370	   Baro	     --	     --	  5.617	     --
[component_container-11] 	 29.370	  BBias	     --	     --	  0.585	     --
[component_container-11] 	 29.370	  Sonar	     --	     --	    inf	     --
[component_container-11] 	 29.370	  Magnt	     --	     --	     --	 -1.716
[component_container-11] 
[component_container-11] 	 29.400	   Pose	 -1.278	 -0.582	  4.985	 -1.785
[component_container-11] 	 29.400	  Twist	 -0.427	 -0.567	 -0.051	 -0.292
[component_container-11] 	 29.400	ErrPose	  0.035	 -0.211	  0.049	  0.016
[component_container-11] 	 29.400	ErrTwis	  1.244	  0.299	  0.078	  0.012
[component_container-11] 	 29.400	    GPS	 -1.141	 -0.450	  5.030	     --
[component_container-11] 	 29.400	   Baro	     --	     --	  5.617	     --
[component_container-11] 	 29.400	  BBias	     --	     --	  0.585	     --
[component_container-11] 	 29.400	  Sonar	     --	     --	    inf	     --
[component_container-11] 	 29.400	  Magnt	     --	     --	     --	 -1.716
[component_container-11] 
[component_container-11] 	 29.440	   Pose	 -1.295	 -0.604	  4.991	 -1.796
[component_container-11] 	 29.440	  Twist	 -0.426	 -0.562	 -0.043	 -0.278
[component_container-11] 	 29.440	ErrPose	  0.035	 -0.218	  0.044	  0.015
[component_container-11] 	 29.440	ErrTwis	  1.248	  0.305	  0.072	 -0.002
[component_container-11] 	 29.440	    GPS	 -1.141	 -0.450	  5.030	     --
[component_container-11] 	 29.440	   Baro	     --	     --	  5.664	     --
[component_container-11] 	 29.440	  BBias	     --	     --	  0.585	     --
[component_container-11] 	 29.440	  Sonar	     --	     --	    inf	     --
[component_container-11] 	 29.440	  Magnt	     --	     --	     --	 -1.740
[component_container-11] 
[component_container-11] 	 29.470	   Pose	 -1.307	 -0.621	  4.993	 -1.803
[component_container-11] 	 29.470	  Twist	 -0.425	 -0.557	 -0.040	 -0.292
[component_container-11] 	 29.470	ErrPose	  0.040	 -0.217	  0.042	  0.017
[component_container-11] 	 29.470	ErrTwis	  1.250	  0.306	  0.068	  0.012
[component_container-11] 	 29.470	    GPS	 -1.141	 -0.450	  5.030	     --
[component_container-11] 	 29.470	   Baro	     --	     --	  5.610	     --
[component_container-11] 	 29.470	  BBias	     --	     --	  0.585	     --
[component_container-11] 	 29.470	  Sonar	     --	     --	    inf	     --
[component_container-11] 	 29.470	  Magnt	     --	     --	     --	 -1.766
[component_container-11] 
[component_container-11] 	 29.500	   Pose	 -1.320	 -0.638	  4.992	 -1.812
[component_container-11] 	 29.500	  Twist	 -0.424	 -0.552	 -0.041	 -0.275
[component_container-11] 	 29.500	ErrPose	  0.036	 -0.231	  0.044	  0.015
[component_container-11] 	 29.500	ErrTwis	  1.255	  0.311	  0.069	 -0.005
[component_container-11] 	 29.500	    GPS	 -1.141	 -0.450	  5.030	     --
[component_container-11] 	 29.500	   Baro	     --	     --	  5.610	     --
[component_container-11] 	 29.500	  BBias	     --	     --	  0.585	     --
[component_container-11] 	 29.500	  Sonar	     --	     --	    inf	     --
[component_container-11] 	 29.500	  Magnt	     --	     --	     --	 -1.766
[component_container-11] 
[component_container-11] [INFO] [1775369594.079287644] [drone.estimator]: TMP LOG gps innov_xy=(-0.257, -0.035) est_xy=(-1.324, -0.643) gps_xy=(-1.582, -0.678) corr_xy=(-1.582, -0.678) vel_xy=(-0.424, -0.550)
[component_container-11] [INFO] [1775369594.079446658] [drone.estimator]: TMP LOG gps vel pseudo raw=(-0.881, -0.457) filt=(-0.820, -0.501) innov_v=(-0.356, 0.055) apply=(1,1)
[component_container-11] 	 29.540	   Pose	 -1.477	 -0.662	  4.996	 -1.825
[component_container-11] 	 29.540	  Twist	 -0.538	 -0.540	 -0.037	 -0.295
[component_container-11] 	 29.540	ErrPose	  0.177	 -0.237	  0.041	  0.016
[component_container-11] 	 29.540	ErrTwis	  1.374	  0.309	  0.065	  0.016
[component_container-11] 	 29.540	    GPS	 -1.582	 -0.678	  5.036	     --
[component_container-11] 	 29.540	   Baro	     --	     --	  5.553	     --
[component_container-11] 	 29.540	  BBias	     --	     --	  0.585	     --
[component_container-11] 	 29.540	  Sonar	     --	     --	    inf	     --
[component_container-11] 	 29.540	  Magnt	     --	     --	     --	 -1.848
[component_container-11] 
[component_container-11] 	 29.570	   Pose	 -1.494	 -0.678	  5.000	 -1.833
[component_container-11] 	 29.570	  Twist	 -0.537	 -0.536	 -0.033	 -0.294
[component_container-11] 	 29.570	ErrPose	  0.185	 -0.236	  0.037	  0.019
[component_container-11] 	 29.570	ErrTwis	  1.375	  0.310	  0.062	  0.014
[component_container-11] 	 29.570	    GPS	 -1.582	 -0.678	  5.036	     --
[component_container-11] 	 29.570	   Baro	     --	     --	  5.649	     --
[component_container-11] 	 29.570	  BBias	     --	     --	  0.585	     --
[component_container-11] 	 29.570	  Sonar	     --	     --	    inf	     --
[component_container-11] 	 29.570	  Magnt	     --	     --	     --	 -1.834
[component_container-11] 
[component_container-11] 	 29.600	   Pose	 -1.510	 -0.694	  4.999	 -1.842
[component_container-11] 	 29.600	  Twist	 -0.536	 -0.531	 -0.035	 -0.290
[component_container-11] 	 29.600	ErrPose	  0.184	 -0.251	  0.038	  0.017
[component_container-11] 	 29.600	ErrTwis	  1.379	  0.317	  0.064	  0.011
[component_container-11] 	 29.600	    GPS	 -1.582	 -0.678	  5.036	     --
[component_container-11] 	 29.600	   Baro	     --	     --	  5.649	     --
[component_container-11] 	 29.600	  BBias	     --	     --	  0.585	     --
[component_container-11] 	 29.600	  Sonar	     --	     --	    inf	     --
[component_container-11] 	 29.600	  Magnt	     --	     --	     --	 -1.834
[component_container-11] 
[component_container-11] 	 29.640	   Pose	 -1.531	 -0.715	  4.998	 -1.853
[component_container-11] 	 29.640	  Twist	 -0.535	 -0.526	 -0.036	 -0.298
[component_container-11] 	 29.640	ErrPose	  0.190	 -0.260	  0.040	  0.017
[component_container-11] 	 29.640	ErrTwis	  1.383	  0.322	  0.064	  0.019
[component_container-11] 	 29.640	    GPS	 -1.582	 -0.678	  5.036	     --
[component_container-11] 	 29.640	   Baro	     --	     --	  5.586	     --
[component_container-11] 	 29.640	  BBias	     --	     --	  0.585	     --
[component_container-11] 	 29.640	  Sonar	     --	     --	    inf	     --
[component_container-11] 	 29.640	  Magnt	     --	     --	     --	 -1.822
[component_container-11] 
[component_container-11] 	 29.670	   Pose	 -1.547	 -0.731	  5.011	 -1.861
[component_container-11] 	 29.670	  Twist	 -0.534	 -0.521	 -0.023	 -0.275
[component_container-11] 	 29.670	ErrPose	  0.197	 -0.260	  0.027	  0.019
[component_container-11] 	 29.670	ErrTwis	  1.384	  0.323	  0.049	 -0.005
[component_container-11] 	 29.670	    GPS	 -1.582	 -0.678	  5.036	     --
[component_container-11] 	 29.670	   Baro	     --	     --	  5.754	     --
[component_container-11] 	 29.670	  BBias	     --	     --	  0.585	     --
[component_container-11] 	 29.670	  Sonar	     --	     --	    inf	     --
[component_container-11] 	 29.670	  Magnt	     --	     --	     --	 -1.825
[component_container-11] 
[component_container-11] 	 29.700	   Pose	 -1.563	 -0.747	  5.010	 -1.870
[component_container-11] 	 29.700	  Twist	 -0.533	 -0.516	 -0.024	 -0.289
[component_container-11] 	 29.700	ErrPose	  0.197	 -0.276	  0.029	  0.016
[component_container-11] 	 29.700	ErrTwis	  1.387	  0.330	  0.052	  0.009
[component_container-11] 	 29.700	    GPS	 -1.582	 -0.678	  5.036	     --
[component_container-11] 	 29.700	   Baro	     --	     --	  5.754	     --
[component_container-11] 	 29.700	  BBias	     --	     --	  0.585	     --
[component_container-11] 	 29.700	  Sonar	     --	     --	    inf	     --
[component_container-11] 	 29.700	  Magnt	     --	     --	     --	 -1.825
[component_container-11] 
[component_container-11] 	 29.740	   Pose	 -1.584	 -0.767	  5.009	 -1.882
[component_container-11] 	 29.740	  Twist	 -0.532	 -0.511	 -0.026	 -0.289
[component_container-11] 	 29.740	ErrPose	  0.202	 -0.286	  0.030	  0.017
[component_container-11] 	 29.740	ErrTwis	  1.390	  0.338	  0.052	  0.009
[component_container-11] 	 29.740	    GPS	 -1.582	 -0.678	  5.036	     --
[component_container-11] 	 29.740	   Baro	     --	     --	  5.591	     --
[component_container-11] 	 29.740	  BBias	     --	     --	  0.585	     --
[component_container-11] 	 29.740	  Sonar	     --	     --	    inf	     --
[component_container-11] 	 29.740	  Magnt	     --	     --	     --	 -1.883
[component_container-11] 
[component_container-11] 	 29.770	   Pose	 -1.600	 -0.782	  5.013	 -1.890
[component_container-11] 	 29.770	  Twist	 -0.531	 -0.506	 -0.022	 -0.292
[component_container-11] 	 29.770	ErrPose	  0.211	 -0.287	  0.026	  0.020
[component_container-11] 	 29.770	ErrTwis	  1.391	  0.341	  0.047	  0.013
[component_container-11] 	 29.770	    GPS	 -1.582	 -0.678	  5.036	     --
[component_container-11] 	 29.770	   Baro	     --	     --	  5.659	     --
[component_container-11] 	 29.770	  BBias	     --	     --	  0.585	     --
[component_container-11] 	 29.770	  Sonar	     --	     --	    inf	     --
[component_container-11] 	 29.770	  Magnt	     --	     --	     --	 -1.894
[component_container-11] 
[component_container-11] 	 29.800	   Pose	 -1.616	 -0.798	  5.013	 -1.899
[component_container-11] 	 29.800	  Twist	 -0.530	 -0.501	 -0.023	 -0.291
[component_container-11] 	 29.800	ErrPose	  0.211	 -0.303	  0.027	  0.018
[component_container-11] 	 29.800	ErrTwis	  1.393	  0.351	  0.046	  0.011
[component_container-11] 	 29.800	    GPS	 -1.582	 -0.678	  5.036	     --
[component_container-11] 	 29.800	   Baro	     --	     --	  5.659	     --
[component_container-11] 	 29.800	  BBias	     --	     --	  0.585	     --
[component_container-11] 	 29.800	  Sonar	     --	     --	    inf	     --
[component_container-11] 	 29.800	  Magnt	     --	     --	     --	 -1.894
[component_container-11] 
[component_container-11] 	 29.840	   Pose	 -1.637	 -0.817	  5.018	 -1.910
[component_container-11] 	 29.840	  Twist	 -0.529	 -0.494	 -0.018	 -0.298
[component_container-11] 	 29.840	ErrPose	  0.217	 -0.315	  0.022	  0.018
[component_container-11] 	 29.840	ErrTwis	  1.395	  0.362	  0.042	  0.019
[component_container-11] 	 29.840	    GPS	 -1.582	 -0.678	  5.036	     --
[component_container-11] 	 29.840	   Baro	     --	     --	  5.670	     --
[component_container-11] 	 29.840	  BBias	     --	     --	  0.585	     --
[component_container-11] 	 29.840	  Sonar	     --	     --	    inf	     --
[component_container-11] 	 29.840	  Magnt	     --	     --	     --	 -1.891
[component_container-11] 
[component_container-11] 	 29.870	   Pose	 -1.653	 -0.832	  5.030	 -1.918
[component_container-11] 	 29.870	  Twist	 -0.528	 -0.491	 -0.007	 -0.288
[component_container-11] 	 29.870	ErrPose	  0.225	 -0.316	  0.011	  0.020
[component_container-11] 	 29.870	ErrTwis	  1.395	  0.367	  0.031	  0.008
[component_container-11] 	 29.870	    GPS	 -1.582	 -0.678	  5.036	     --
[component_container-11] 	 29.870	   Baro	     --	     --	  5.739	     --
[component_container-11] 	 29.870	  BBias	     --	     --	  0.585	     --
[component_container-11] 	 29.870	  Sonar	     --	     --	    inf	     --
[component_container-11] 	 29.870	  Magnt	     --	     --	     --	 -1.876
[component_container-11] 
[component_container-11] 	 29.900	   Pose	 -1.669	 -0.847	  5.029	 -1.926
[component_container-11] 	 29.900	  Twist	 -0.527	 -0.487	 -0.008	 -0.282
[component_container-11] 	 29.900	ErrPose	  0.226	 -0.333	  0.012	  0.017
[component_container-11] 	 29.900	ErrTwis	  1.398	  0.381	  0.031	  0.002
[component_container-11] 	 29.900	    GPS	 -1.582	 -0.678	  5.036	     --
[component_container-11] 	 29.900	   Baro	     --	     --	  5.739	     --
[component_container-11] 	 29.900	  BBias	     --	     --	  0.585	     --
[component_container-11] 	 29.900	  Sonar	     --	     --	    inf	     --
[component_container-11] 	 29.900	  Magnt	     --	     --	     --	 -1.876
[component_container-11] 
[component_container-11] 	 29.940	   Pose	 -1.690	 -0.866	  5.031	 -1.938
[component_container-11] 	 29.940	  Twist	 -0.526	 -0.480	 -0.009	 -0.302
[component_container-11] 	 29.940	ErrPose	  0.232	 -0.345	  0.010	  0.018
[component_container-11] 	 29.940	ErrTwis	  1.398	  0.393	  0.029	  0.023
[component_container-11] 	 29.940	    GPS	 -1.582	 -0.678	  5.036	     --
[component_container-11] 	 29.940	   Baro	     --	     --	  5.639	     --
[component_container-11] 	 29.940	  BBias	     --	     --	  0.585	     --
[component_container-11] 	 29.940	  Sonar	     --	     --	    inf	     --
[component_container-11] 	 29.940	  Magnt	     --	     --	     --	 -1.952
[component_container-11] 
[component_container-11] 	 29.970	   Pose	 -1.706	 -0.881	  5.029	 -1.946
[component_container-11] 	 29.970	  Twist	 -0.525	 -0.476	 -0.013	 -0.294
[component_container-11] 	 29.970	ErrPose	  0.241	 -0.347	  0.013	  0.020
[component_container-11] 	 29.970	ErrTwis	  1.398	  0.398	  0.033	  0.015
[component_container-11] 	 29.970	    GPS	 -1.582	 -0.678	  5.036	     --
[component_container-11] 	 29.970	   Baro	     --	     --	  5.591	     --
[component_container-11] 	 29.970	  BBias	     --	     --	  0.585	     --
[component_container-11] 	 29.970	  Sonar	     --	     --	    inf	     --
[component_container-11] 	 29.970	  Magnt	     --	     --	     --	 -1.899
[component_container-11] 
[component_container-11] [INFO] [1775369594.577691180] [drone.controller]: cmd_vel body=(0.993, 0.122, -0.026) yaw=-0.300 | odom_received=true | plan_points=13
[component_container-11] 	 30.000	   Pose	 -1.722	 -0.895	  5.028	 -1.955
[component_container-11] 	 30.000	  Twist	 -0.524	 -0.471	 -0.016	 -0.293
[component_container-11] 	 30.000	ErrPose	  0.243	 -0.365	  0.013	  0.018
[component_container-11] 	 30.000	ErrTwis	  1.398	  0.413	  0.036	  0.014
[component_container-11] 	 30.000	    GPS	 -1.582	 -0.678	  5.036	     --
[component_container-11] 	 30.000	   Baro	     --	     --	  5.591	     --
[component_container-11] 	 30.000	  BBias	     --	     --	  0.585	     --
[component_container-11] 	 30.000	  Sonar	     --	     --	    inf	     --
[component_container-11] 	 30.000	  Magnt	     --	     --	     --	 -1.899
[component_container-11] 
[component_container-11] [INFO] [1775369594.577979644] [drone.estimator]: TMP LOG err_xyz=(0.243, -0.365, 0.013) | z_est=5.028 vz_est=-0.016 bias=0.585 | gps_z=5.036 sonar=inf baro=5.591
[component_container-11] 	 30.040	   Pose	 -1.584	 -1.066	  5.037	 -1.966
[component_container-11] 	 30.040	  Twist	 -0.371	 -0.598	 -0.009	 -0.287
[component_container-11] 	 30.040	ErrPose	  0.091	 -0.226	  0.005	  0.018
[component_container-11] 	 30.040	ErrTwis	  1.247	  0.559	  0.027	  0.007
[component_container-11] 	 30.040	    GPS	 -1.506	 -1.166	  5.042	     --
[component_container-11] 	 30.040	   Baro	     --	     --	  5.711	     --
[component_container-11] 	 30.040	  BBias	     --	     --	  0.585	     --
[component_container-11] 	 30.040	  Sonar	     --	     --	    inf	     --
[component_container-11] 	 30.040	  Magnt	     --	     --	     --	 -1.931
[component_container-11] 
[component_container-11] 	 30.070	   Pose	 -1.595	 -1.084	  5.034	 -1.973
[component_container-11] 	 30.070	  Twist	 -0.370	 -0.593	 -0.015	 -0.277
[component_container-11] 	 30.070	ErrPose	  0.096	 -0.224	  0.008	  0.019
[component_container-11] 	 30.070	ErrTwis	  1.246	  0.564	  0.031	 -0.003
[component_container-11] 	 30.070	    GPS	 -1.506	 -1.166	  5.042	     --
[component_container-11] 	 30.070	   Baro	     --	     --	  5.587	     --
[component_container-11] 	 30.070	  BBias	     --	     --	  0.585	     --
[component_container-11] 	 30.070	  Sonar	     --	     --	    inf	     --
[component_container-11] 	 30.070	  Magnt	     --	     --	     --	 -1.903
[component_container-11] 
[component_container-11] 	 30.100	   Pose	 -1.606	 -1.102	  5.034	 -1.981
[component_container-11] 	 30.100	  Twist	 -0.369	 -0.588	 -0.018	 -0.295
[component_container-11] 	 30.100	ErrPose	  0.094	 -0.239	  0.008	  0.016
[component_container-11] 	 30.100	ErrTwis	  1.245	  0.579	  0.032	  0.015
[component_container-11] 	 30.100	    GPS	 -1.506	 -1.166	  5.042	     --
[component_container-11] 	 30.100	   Baro	     --	     --	  5.587	     --
[component_container-11] 	 30.100	  BBias	     --	     --	  0.585	     --
[component_container-11] 	 30.100	  Sonar	     --	     --	    inf	     --
[component_container-11] 	 30.100	  Magnt	     --	     --	     --	 -1.903
[component_container-11] 
[component_container-11] 	 30.140	   Pose	 -1.621	 -1.125	  5.032	 -1.992
[component_container-11] 	 30.140	  Twist	 -0.367	 -0.582	 -0.022	 -0.280
[component_container-11] 	 30.140	ErrPose	  0.096	 -0.248	  0.010	  0.016
[component_container-11] 	 30.140	ErrTwis	  1.244	  0.593	  0.036	  0.001
[component_container-11] 	 30.140	    GPS	 -1.506	 -1.166	  5.042	     --
[component_container-11] 	 30.140	   Baro	     --	     --	  5.611	     --
[component_container-11] 	 30.140	  BBias	     --	     --	  0.585	     --
[component_container-11] 	 30.140	  Sonar	     --	     --	    inf	     --
[component_container-11] 	 30.140	  Magnt	     --	     --	     --	 -1.981
[component_container-11] 
[component_container-11] 	 30.170	   Pose	 -1.632	 -1.142	  5.044	 -2.001
[component_container-11] 	 30.170	  Twist	 -0.366	 -0.578	 -0.012	 -0.292
[component_container-11] 	 30.170	ErrPose	  0.100	 -0.247	 -0.002	  0.019
[component_container-11] 	 30.170	ErrTwis	  1.243	  0.599	  0.026	  0.014
[component_container-11] 	 30.170	    GPS	 -1.506	 -1.166	  5.042	     --
[component_container-11] 	 30.170	   Baro	     --	     --	  5.766	     --
[component_container-11] 	 30.170	  BBias	     --	     --	  0.585	     --
[component_container-11] 	 30.170	  Sonar	     --	     --	    inf	     --
[component_container-11] 	 30.170	  Magnt	     --	     --	     --	 -1.987
[component_container-11] 
[component_container-11] 	 30.200	   Pose	 -1.643	 -1.160	  5.043	 -2.010
[component_container-11] 	 30.200	  Twist	 -0.364	 -0.573	 -0.015	 -0.277
[component_container-11] 	 30.200	ErrPose	  0.099	 -0.263	 -0.001	  0.017
[component_container-11] 	 30.200	ErrTwis	  1.242	  0.613	  0.026	 -0.001
[component_container-11] 	 30.200	    GPS	 -1.506	 -1.166	  5.042	     --
[component_container-11] 	 30.200	   Baro	     --	     --	  5.766	     --
[component_container-11] 	 30.200	  BBias	     --	     --	  0.585	     --
[component_container-11] 	 30.200	  Sonar	     --	     --	    inf	     --
[component_container-11] 	 30.200	  Magnt	     --	     --	     --	 -1.987
[component_container-11] 
[component_container-11] 	 30.240	   Pose	 -1.657	 -1.183	  5.042	 -2.020
[component_container-11] 	 30.240	  Twist	 -0.363	 -0.567	 -0.018	 -0.282
[component_container-11] 	 30.240	ErrPose	  0.101	 -0.273	 -0.001	  0.016
[component_container-11] 	 30.240	ErrTwis	  1.239	  0.624	  0.026	  0.003
[component_container-11] 	 30.240	    GPS	 -1.506	 -1.166	  5.042	     --
[component_container-11] 	 30.240	   Baro	     --	     --	  5.625	     --
[component_container-11] 	 30.240	  BBias	     --	     --	  0.585	     --
[component_container-11] 	 30.240	  Sonar	     --	     --	    inf	     --
[component_container-11] 	 30.240	  Magnt	     --	     --	     --	 -1.962
[component_container-11] 
[component_container-11] 	 30.270	   Pose	 -1.668	 -1.200	  5.039	 -2.028
[component_container-11] 	 30.270	  Twist	 -0.361	 -0.562	 -0.023	 -0.291
[component_container-11] 	 30.270	ErrPose	  0.106	 -0.273	  0.002	  0.019
[component_container-11] 	 30.270	ErrTwis	  1.237	  0.628	  0.031	  0.013
[component_container-11] 	 30.270	    GPS	 -1.506	 -1.166	  5.042	     --
[component_container-11] 	 30.270	   Baro	     --	     --	  5.598	     --
[component_container-11] 	 30.270	  BBias	     --	     --	  0.585	     --
[component_container-11] 	 30.270	  Sonar	     --	     --	    inf	     --
[component_container-11] 	 30.270	  Magnt	     --	     --	     --	 -2.008
[component_container-11] 
[component_container-11] 	 30.300	   Pose	 -1.679	 -1.216	  5.039	 -2.037
[component_container-11] 	 30.300	  Twist	 -0.360	 -0.558	 -0.027	 -0.275
[component_container-11] 	 30.300	ErrPose	  0.105	 -0.289	  0.003	  0.016
[component_container-11] 	 30.300	ErrTwis	  1.236	  0.637	  0.033	 -0.004
[component_container-11] 	 30.300	    GPS	 -1.506	 -1.166	  5.042	     --
[component_container-11] 	 30.300	   Baro	     --	     --	  5.598	     --
[component_container-11] 	 30.300	  BBias	     --	     --	  0.585	     --
[component_container-11] 	 30.300	  Sonar	     --	     --	    inf	     --
[component_container-11] 	 30.300	  Magnt	     --	     --	     --	 -2.008
[component_container-11] 
[component_container-11] 	 30.340	   Pose	 -1.693	 -1.239	  5.036	 -2.048
[component_container-11] 	 30.340	  Twist	 -0.359	 -0.553	 -0.031	 -0.293
[component_container-11] 	 30.340	ErrPose	  0.108	 -0.300	  0.005	  0.017
[component_container-11] 	 30.340	ErrTwis	  1.234	  0.644	  0.034	  0.014
[component_container-11] 	 30.340	    GPS	 -1.506	 -1.166	  5.042	     --
[component_container-11] 	 30.340	   Baro	     --	     --	  5.609	     --
[component_container-11] 	 30.340	  BBias	     --	     --	  0.585	     --
[component_container-11] 	 30.340	  Sonar	     --	     --	    inf	     --
[component_container-11] 	 30.340	  Magnt	     --	     --	     --	 -2.048
[component_container-11] 
[component_container-11] 	 30.370	   Pose	 -1.704	 -1.255	  5.036	 -2.057
[component_container-11] 	 30.370	  Twist	 -0.358	 -0.548	 -0.033	 -0.296
[component_container-11] 	 30.370	ErrPose	  0.113	 -0.300	  0.005	  0.019
[component_container-11] 	 30.370	ErrTwis	  1.232	  0.644	  0.034	  0.016
[component_container-11] 	 30.370	    GPS	 -1.506	 -1.166	  5.042	     --
[component_container-11] 	 30.370	   Baro	     --	     --	  5.627	     --
[component_container-11] 	 30.370	  BBias	     --	     --	  0.585	     --
[component_container-11] 	 30.370	  Sonar	     --	     --	    inf	     --
[component_container-11] 	 30.370	  Magnt	     --	     --	     --	 -2.034
[component_container-11] 
[component_container-11] 	 30.400	   Pose	 -1.715	 -1.271	  5.035	 -2.066
[component_container-11] 	 30.400	  Twist	 -0.357	 -0.543	 -0.034	 -0.292
[component_container-11] 	 30.400	ErrPose	  0.111	 -0.317	  0.005	  0.017
[component_container-11] 	 30.400	ErrTwis	  1.229	  0.649	  0.033	  0.012
[component_container-11] 	 30.400	    GPS	 -1.506	 -1.166	  5.042	     --
[component_container-11] 	 30.400	   Baro	     --	     --	  5.627	     --
[component_container-11] 	 30.400	  BBias	     --	     --	  0.585	     --
[component_container-11] 	 30.400	  Sonar	     --	     --	    inf	     --
[component_container-11] 	 30.400	  Magnt	     --	     --	     --	 -2.034
[component_container-11] 
[component_container-11] 	 30.440	   Pose	 -1.729	 -1.293	  5.029	 -2.077
[component_container-11] 	 30.440	  Twist	 -0.356	 -0.538	 -0.041	 -0.299
[component_container-11] 	 30.440	ErrPose	  0.114	 -0.328	  0.010	  0.017
[component_container-11] 	 30.440	ErrTwis	  1.227	  0.652	  0.040	  0.019
[component_container-11] 	 30.440	    GPS	 -1.506	 -1.166	  5.042	     --
[component_container-11] 	 30.440	   Baro	     --	     --	  5.574	     --
[component_container-11] 	 30.440	  BBias	     --	     --	  0.585	     --
[component_container-11] 	 30.440	  Sonar	     --	     --	    inf	     --
[component_container-11] 	 30.440	  Magnt	     --	     --	     --	 -2.066
[component_container-11] 
[component_container-11] 	 30.470	   Pose	 -1.740	 -1.309	  5.022	 -2.086
[component_container-11] 	 30.470	  Twist	 -0.355	 -0.533	 -0.049	 -0.299
[component_container-11] 	 30.470	ErrPose	  0.118	 -0.329	  0.017	  0.020
[component_container-11] 	 30.470	ErrTwis	  1.225	  0.651	  0.046	  0.019
[component_container-11] 	 30.470	    GPS	 -1.506	 -1.166	  5.042	     --
[component_container-11] 	 30.470	   Baro	     --	     --	  5.550	     --
[component_container-11] 	 30.470	  BBias	     --	     --	  0.585	     --
[component_container-11] 	 30.470	  Sonar	     --	     --	    inf	     --
[component_container-11] 	 30.470	  Magnt	     --	     --	     --	 -2.076
[component_container-11] 
[component_container-11] 	 30.500	   Pose	 -1.750	 -1.325	  5.021	 -2.094
[component_container-11] 	 30.500	  Twist	 -0.355	 -0.529	 -0.049	 -0.287
[component_container-11] 	 30.500	ErrPose	  0.117	 -0.346	  0.018	  0.017
[component_container-11] 	 30.500	ErrTwis	  1.222	  0.655	  0.044	  0.007
[component_container-11] 	 30.500	    GPS	 -1.506	 -1.166	  5.042	     --
[component_container-11] 	 30.500	   Baro	     --	     --	  5.550	     --
[component_container-11] 	 30.500	  BBias	     --	     --	  0.585	     --
[component_container-11] 	 30.500	  Sonar	     --	     --	    inf	     --
[component_container-11] 	 30.500	  Magnt	     --	     --	     --	 -2.076
[component_container-11] 
[component_container-11] [INFO] [1775369595.081266136] [drone.estimator]: TMP LOG gps innov_xy=(0.065, -0.156) est_xy=(-1.750, -1.325) gps_xy=(-1.685, -1.481) corr_xy=(-1.685, -1.481) vel_xy=(-0.355, -0.529)
[component_container-11] [INFO] [1775369595.081741068] [drone.estimator]: TMP LOG gps vel pseudo raw=(-0.360, -0.631) filt=(-0.318, -0.660) innov_v=(0.026, -0.107) apply=(1,1)
[component_container-11] 	 30.540	   Pose	 -1.739	 -1.414	  5.014	 -2.105
[component_container-11] 	 30.540	  Twist	 -0.338	 -0.569	 -0.056	 -0.294
[component_container-11] 	 30.540	ErrPose	  0.094	 -0.290	  0.024	  0.018
[component_container-11] 	 30.540	ErrTwis	  1.202	  0.702	  0.049	  0.014
[component_container-11] 	 30.540	    GPS	 -1.685	 -1.481	  5.039	     --
[component_container-11] 	 30.540	   Baro	     --	     --	  5.507	     --
[component_container-11] 	 30.540	  BBias	     --	     --	  0.585	     --
[component_container-11] 	 30.540	  Sonar	     --	     --	    inf	     --
[component_container-11] 	 30.540	  Magnt	     --	     --	     --	 -2.083
[component_container-11] 
[component_container-11] 	 30.570	   Pose	 -1.749	 -1.431	  5.016	 -2.113
[component_container-11] 	 30.570	  Twist	 -0.336	 -0.565	 -0.053	 -0.274
[component_container-11] 	 30.570	ErrPose	  0.098	 -0.289	  0.022	  0.020
[component_container-11] 	 30.570	ErrTwis	  1.199	  0.702	  0.046	 -0.006
[component_container-11] 	 30.570	    GPS	 -1.685	 -1.481	  5.039	     --
[component_container-11] 	 30.570	   Baro	     --	     --	  5.642	     --
[component_container-11] 	 30.570	  BBias	     --	     --	  0.585	     --
[component_container-11] 	 30.570	  Sonar	     --	     --	    inf	     --
[component_container-11] 	 30.570	  Magnt	     --	     --	     --	 -2.083
[component_container-11] 
[component_container-11] 	 30.600	   Pose	 -1.759	 -1.448	  5.014	 -2.122
[component_container-11] 	 30.600	  Twist	 -0.335	 -0.561	 -0.054	 -0.287
[component_container-11] 	 30.600	ErrPose	  0.096	 -0.305	  0.023	  0.017
[component_container-11] 	 30.600	ErrTwis	  1.195	  0.705	  0.047	 59.129
[component_container-11] 	 30.600	    GPS	 -1.685	 -1.481	  5.039	     --
[component_container-11] 	 30.600	   Baro	     --	     --	  5.642	     --
[component_container-11] 	 30.600	  BBias	     --	     --	  0.585	     --
[component_container-11] 	 30.600	  Sonar	     --	     --	    inf	     --
[component_container-11] 	 30.600	  Magnt	     --	     --	     --	 -2.083
[component_container-11] 
[component_container-11] 	 30.640	   Pose	 -1.773	 -1.470	  5.013	 -2.133
[component_container-11] 	 30.640	  Twist	 -0.333	 -0.555	 -0.053	 -0.294
[component_container-11] 	 30.640	ErrPose	  0.097	 -0.315	  0.024	  0.017
[component_container-11] 	 30.640	ErrTwis	  1.189	  0.705	  0.044	 59.137
[component_container-11] 	 30.640	    GPS	 -1.685	 -1.481	  5.039	     --
[component_container-11] 	 30.640	   Baro	     --	     --	  5.616	     --
[component_container-11] 	 30.640	  BBias	     --	     --	  0.585	     --
[component_container-11] 	 30.640	  Sonar	     --	     --	    inf	     --
[component_container-11] 	 30.640	  Magnt	     --	     --	     --	 -2.118
[component_container-11] 
[component_container-11] 	 30.670	   Pose	 -1.783	 -1.486	  5.013	 -2.141
[component_container-11] 	 30.670	  Twist	 -0.331	 -0.550	 -0.052	 -0.289
[component_container-11] 	 30.670	ErrPose	  0.101	 -0.314	  0.024	  0.019
[component_container-11] 	 30.670	ErrTwis	  1.185	  0.704	  0.043	 59.132
[component_container-11] 	 30.670	    GPS	 -1.685	 -1.481	  5.039	     --
[component_container-11] 	 30.670	   Baro	     --	     --	  5.612	     --
[component_container-11] 	 30.670	  BBias	     --	     --	  0.585	     --
[component_container-11] 	 30.670	  Sonar	     --	     --	    inf	     --
[component_container-11] 	 30.670	  Magnt	     --	     --	     --	 -2.086
[component_container-11] 
[component_container-11] 	 30.700	   Pose	 -1.793	 -1.503	  5.012	 -2.150
[component_container-11] 	 30.700	  Twist	 -0.331	 -0.546	 -0.052	 -0.301
[component_container-11] 	 30.700	ErrPose	  0.098	 -0.330	  0.025	  0.017
[component_container-11] 	 30.700	ErrTwis	  1.180	  0.706	  0.043	  0.021
[component_container-11] 	 30.700	    GPS	 -1.685	 -1.481	  5.039	     --
[component_container-11] 	 30.700	   Baro	     --	     --	  5.612	     --
[component_container-11] 	 30.700	  BBias	     --	     --	  0.585	     --
[component_container-11] 	 30.700	  Sonar	     --	     --	    inf	     --
[component_container-11] 	 30.700	  Magnt	     --	     --	     --	 -2.086
[component_container-11] 
[component_container-11] 	 30.740	   Pose	 -1.806	 -1.525	  5.009	 -2.160
[component_container-11] 	 30.740	  Twist	 -0.330	 -0.542	 -0.054	 -0.278
[component_container-11] 	 30.740	ErrPose	  0.099	 -0.340	  0.028	  0.016
[component_container-11] 	 30.740	ErrTwis	  1.173	  0.707	  0.045	 -0.002
[component_container-11] 	 30.740	    GPS	 -1.685	 -1.481	  5.039	     --
[component_container-11] 	 30.740	   Baro	     --	     --	  5.587	     --
[component_container-11] 	 30.740	  BBias	     --	     --	  0.585	     --
[component_container-11] 	 30.740	  Sonar	     --	     --	    inf	     --
[component_container-11] 	 30.740	  Magnt	     --	     --	     --	 -2.119
[component_container-11] 
[component_container-11] 	 30.770	   Pose	 -1.816	 -1.541	  5.013	 -2.168
[component_container-11] 	 30.770	  Twist	 -0.329	 -0.538	 -0.048	 -0.284
[component_container-11] 	 30.770	ErrPose	  0.103	 -0.340	  0.023	  0.019
[component_container-11] 	 30.770	ErrTwis	  1.170	  0.706	  0.039	  0.005
[component_container-11] 	 30.770	    GPS	 -1.685	 -1.481	  5.039	     --
[component_container-11] 	 30.770	   Baro	     --	     --	  5.661	     --
[component_container-11] 	 30.770	  BBias	     --	     --	  0.585	     --
[component_container-11] 	 30.770	  Sonar	     --	     --	    inf	     --
[component_container-11] 	 30.770	  Magnt	     --	     --	     --	 -2.147
[component_container-11] 
[component_container-11] 	 30.800	   Pose	 -1.826	 -1.557	  5.011	 -2.177
[component_container-11] 	 30.800	  Twist	 -0.328	 -0.533	 -0.048	 -0.302
[component_container-11] 	 30.800	ErrPose	  0.100	 -0.356	  0.024	  0.016
[component_container-11] 	 30.800	ErrTwis	  1.163	  0.705	  0.038	  0.023
[component_container-11] 	 30.800	    GPS	 -1.685	 -1.481	  5.039	     --
[component_container-11] 	 30.800	   Baro	     --	     --	  5.661	     --
[component_container-11] 	 30.800	  BBias	     --	     --	  0.585	     --
[component_container-11] 	 30.800	  Sonar	     --	     --	    inf	     --
[component_container-11] 	 30.800	  Magnt	     --	     --	     --	 -2.147
[component_container-11] 
[component_container-11] 	 30.840	   Pose	 -1.839	 -1.578	  5.009	 -2.188
[component_container-11] 	 30.840	  Twist	 -0.326	 -0.526	 -0.048	 -0.288
[component_container-11] 	 30.840	ErrPose	  0.101	 -0.366	  0.026	  0.016
[component_container-11] 	 30.840	ErrTwis	  1.154	  0.702	  0.038	  0.009
[component_container-11] 	 30.840	    GPS	 -1.685	 -1.481	  5.039	     --
[component_container-11] 	 30.840	   Baro	     --	     --	  5.595	     --
[component_container-11] 	 30.840	  BBias	     --	     --	  0.585	     --
[component_container-11] 	 30.840	  Sonar	     --	     --	    inf	     --
[component_container-11] 	 30.840	  Magnt	     --	     --	     --	 -2.165
[component_container-11] 
[component_container-11] 	 30.870	   Pose	 -1.848	 -1.594	  5.017	 -2.197
[component_container-11] 	 30.870	  Twist	 -0.325	 -0.523	 -0.039	 -0.292
[component_container-11] 	 30.870	ErrPose	  0.104	 -0.365	  0.019	  0.019
[component_container-11] 	 30.870	ErrTwis	  1.149	  0.701	  0.030	  0.012
[component_container-11] 	 30.870	    GPS	 -1.685	 -1.481	  5.039	     --
[component_container-11] 	 30.870	   Baro	     --	     --	  5.693	     --
[component_container-11] 	 30.870	  BBias	     --	     --	  0.585	     --
[component_container-11] 	 30.870	  Sonar	     --	     --	    inf	     --
[component_container-11] 	 30.870	  Magnt	     --	     --	     --	 -2.196
[component_container-11] 
[component_container-11] 	 30.900	   Pose	 -1.858	 -1.609	  5.015	 -2.205
[component_container-11] 	 30.900	  Twist	 -0.324	 -0.519	 -0.040	 -0.277
[component_container-11] 	 30.900	ErrPose	  0.101	 -0.381	  0.020	  0.016
[component_container-11] 	 30.900	ErrTwis	  1.141	  0.699	  0.030	 -0.003
[component_container-11] 	 30.900	    GPS	 -1.685	 -1.481	  5.039	     --
[component_container-11] 	 30.900	   Baro	     --	     --	  5.693	     --
[component_container-11] 	 30.900	  BBias	     --	     --	  0.585	     --
[component_container-11] 	 30.900	  Sonar	     --	     --	    inf	     --
[component_container-11] 	 30.900	  Magnt	     --	     --	     --	 -2.196
[component_container-11] 
[component_container-11] 	 30.940	   Pose	 -1.871	 -1.630	  5.000	 -2.215
[component_container-11] 	 30.940	  Twist	 -0.323	 -0.512	 -0.054	 -0.294
[component_container-11] 	 30.940	ErrPose	  0.101	 -0.390	  0.035	  0.015
[component_container-11] 	 30.940	ErrTwis	  1.132	  0.695	  0.043	  0.014
[component_container-11] 	 30.940	    GPS	 -1.685	 -1.481	  5.039	     --
[component_container-11] 	 30.940	   Baro	     --	     --	  5.446	     --
[component_container-11] 	 30.940	  BBias	     --	     --	  0.585	     --
[component_container-11] 	 30.940	  Sonar	     --	     --	    inf	     --
[component_container-11] 	 30.940	  Magnt	     --	     --	     --	 -2.152
[component_container-11] 
[component_container-11] 	 30.970	   Pose	 -1.881	 -1.645	  5.009	 -2.224
[component_container-11] 	 30.970	  Twist	 -0.322	 -0.508	 -0.043	 -0.280
[component_container-11] 	 30.970	ErrPose	  0.104	 -0.390	  0.026	  0.019
[component_container-11] 	 30.970	ErrTwis	  1.126	  0.692	  0.032	  0.000
[component_container-11] 	 30.970	    GPS	 -1.685	 -1.481	  5.039	     --
[component_container-11] 	 30.970	   Baro	     --	     --	  5.706	     --
[component_container-11] 	 30.970	  BBias	     --	     --	  0.585	     --
[component_container-11] 	 30.970	  Sonar	     --	     --	    inf	     --
[component_container-11] 	 30.970	  Magnt	     --	     --	     --	 -2.240
[component_container-11] 
[component_container-11] [INFO] [1775369595.579921402] [drone.controller]: cmd_vel body=(0.354, 0.121, -0.009) yaw=-0.300 | odom_received=true | plan_points=5
[component_container-11] 	 31.000	   Pose	 -1.890	 -1.661	  5.008	 -2.233
[component_container-11] 	 31.000	  Twist	 -0.321	 -0.504	 -0.042	 -0.287
[component_container-11] 	 31.000	ErrPose	  0.101	 -0.405	  0.027	  0.016
[component_container-11] 	 31.000	ErrTwis	  1.116	  0.690	  0.033	  0.008
[component_container-11] 	 31.000	    GPS	 -1.685	 -1.481	  5.039	     --
[component_container-11] 	 31.000	   Baro	     --	     --	  5.706	     --
[component_container-11] 	 31.000	  BBias	     --	     --	  0.585	     --
[component_container-11] 	 31.000	  Sonar	     --	     --	    inf	     --
[component_container-11] 	 31.000	  Magnt	     --	     --	     --	 -2.240
[component_container-11] 
[component_container-11] [INFO] [1775369595.580345272] [drone.estimator]: TMP LOG err_xyz=(0.101, -0.405, 0.027) | z_est=5.008 vz_est=-0.042 bias=0.585 | gps_z=5.039 sonar=inf baro=5.706
[component_container-11] 	 31.040	   Pose	 -1.952	 -1.849	  5.019	 -2.244
[component_container-11] 	 31.040	  Twist	 -0.368	 -0.637	 -0.029	 -0.299
[component_container-11] 	 31.040	ErrPose	  0.150	 -0.246	  0.016	  0.016
[component_container-11] 	 31.040	ErrTwis	  1.154	  0.824	  0.020	  0.020
[component_container-11] 	 31.040	    GPS	 -1.952	 -1.980	  5.035	     --
[component_container-11] 	 31.040	   Baro	     --	     --	  5.703	     --
[component_container-11] 	 31.040	  BBias	     --	     --	  0.585	     --
[component_container-11] 	 31.040	  Sonar	     --	     --	    inf	     --
[component_container-11] 	 31.040	  Magnt	     --	     --	     --	 -2.190
[component_container-11] 
[component_container-11] 	 31.070	   Pose	 -1.963	 -1.868	  5.025	 -2.253
[component_container-11] 	 31.070	  Twist	 -0.367	 -0.632	 -0.021	 -0.301
[component_container-11] 	 31.070	ErrPose	  0.154	 -0.241	  0.010	  0.019
[component_container-11] 	 31.070	ErrTwis	  1.148	  0.821	  0.012	  0.021
[component_container-11] 	 31.070	    GPS	 -1.952	 -1.980	  5.035	     --
[component_container-11] 	 31.070	   Baro	     --	     --	  5.692	     --
[component_container-11] 	 31.070	  BBias	     --	     --	  0.585	     --
[component_container-11] 	 31.070	  Sonar	     --	     --	    inf	     --
[component_container-11] 	 31.070	  Magnt	     --	     --	     --	 -2.262
[component_container-11] 
[component_container-11] [INFO] [1775369595.681444805] [drone.behavior]: Behavior transition INITIAL -> TURTLE_POSITION | turtle_stop=false | waypoint=(-2.00, -2.00, 5.00)
[component_container-11] [INFO] [1775369595.681480408] [drone.behavior]: Behavior target TURTLE_POSITION | new_waypoint=(2.34, 0.84, 5.00)
[component_container-11] 	 31.100	   Pose	 -1.974	 -1.886	  5.025	 -2.262
[component_container-11] 	 31.100	  Twist	 -0.366	 -0.629	 -0.021	 -0.294
[component_container-11] 	 31.100	ErrPose	  0.152	 -0.251	  0.011	  0.017
[component_container-11] 	 31.100	ErrTwis	  1.136	  0.819	  0.010	  0.015
[component_container-11] 	 31.100	    GPS	 -1.952	 -1.980	  5.035	     --
[component_container-11] 	 31.100	   Baro	     --	     --	  5.692	     --
[component_container-11] 	 31.100	  BBias	     --	     --	  0.585	     --
[component_container-11] 	 31.100	  Sonar	     --	     --	    inf	     --
[component_container-11] 	 31.100	  Magnt	     --	     --	     --	 -2.262
[component_container-11] 
[component_container-11] 	 31.140	   Pose	 -1.988	 -1.911	  5.022	 -2.272
[component_container-11] 	 31.140	  Twist	 -0.364	 -0.623	 -0.024	 -0.280
[component_container-11] 	 31.140	ErrPose	  0.154	 -0.254	  0.014	  0.016
[component_container-11] 	 31.140	ErrTwis	  1.123	  0.815	  0.014	  0.001
[component_container-11] 	 31.140	    GPS	 -1.952	 -1.980	  5.035	     --
[component_container-11] 	 31.140	   Baro	     --	     --	  5.584	     --
[component_container-11] 	 31.140	  BBias	     --	     --	  0.585	     --
[component_container-11] 	 31.140	  Sonar	     --	     --	    inf	     --
[component_container-11] 	 31.140	  Magnt	     --	     --	     --	 -2.219
[component_container-11] 
[component_container-11] 	 31.170	   Pose	 -1.999	 -1.930	  5.015	 -2.280
[component_container-11] 	 31.170	  Twist	 -0.363	 -0.620	 -0.030	 -0.294
[component_container-11] 	 31.170	ErrPose	  0.158	 -0.249	  0.020	  0.019
[component_container-11] 	 31.170	ErrTwis	  1.116	  0.812	  0.021	  0.015
[component_container-11] 	 31.170	    GPS	 -1.952	 -1.980	  5.035	     --
[component_container-11] 	 31.170	   Baro	     --	     --	  5.536	     --
[component_container-11] 	 31.170	  BBias	     --	     --	  0.585	     --
[component_container-11] 	 31.170	  Sonar	     --	     --	    inf	     --
[component_container-11] 	 31.170	  Magnt	     --	     --	     --	 -2.258
[component_container-11] 
[component_container-11] 	 31.200	   Pose	 -2.010	 -1.949	  5.014	 -2.289
[component_container-11] 	 31.200	  Twist	 -0.362	 -0.616	 -0.030	 -0.281
[component_container-11] 	 31.200	ErrPose	  0.156	 -0.258	  0.021	  0.016
[component_container-11] 	 31.200	ErrTwis	  1.102	  0.808	  0.019	  0.002
[component_container-11] 	 31.200	    GPS	 -1.952	 -1.980	  5.035	     --
[component_container-11] 	 31.200	   Baro	     --	     --	  5.536	     --
[component_container-11] 	 31.200	  BBias	     --	     --	  0.585	     --
[component_container-11] 	 31.200	  Sonar	     --	     --	    inf	     --
[component_container-11] 	 31.200	  Magnt	     --	     --	     --	 -2.258
[component_container-11] 
[component_container-11] 	 31.240	   Pose	 -2.025	 -1.973	  4.998	 -2.299
[component_container-11] 	 31.240	  Twist	 -0.360	 -0.609	 -0.046	 -0.288
[component_container-11] 	 31.240	ErrPose	  0.158	 -0.261	  0.039	  0.016
[component_container-11] 	 31.240	ErrTwis	  1.087	  0.801	  0.032	  0.011
[component_container-11] 	 31.240	    GPS	 -1.952	 -1.980	  5.035	     --
[component_container-11] 	 31.240	   Baro	     --	     --	  5.415	     --
[component_container-11] 	 31.240	  BBias	     --	     --	  0.585	     --
[component_container-11] 	 31.240	  Sonar	     --	     --	    inf	     --
[component_container-11] 	 31.240	  Magnt	     --	     --	     --	 -2.268
[component_container-11] 
[component_container-11] 	 31.270	   Pose	 -2.035	 -1.991	  4.981	 -2.309
[component_container-11] 	 31.270	  Twist	 -0.360	 -0.606	 -0.061	 -0.267
[component_container-11] 	 31.270	ErrPose	  0.163	 -0.255	  0.055	  0.019
[component_container-11] 	 31.270	ErrTwis	  1.079	  0.797	  0.046	 -0.009
[component_container-11] 	 31.270	    GPS	 -1.952	 -1.980	  5.035	     --
[component_container-11] 	 31.270	   Baro	     --	     --	  5.402	     --
[component_container-11] 	 31.270	  BBias	     --	     --	  0.585	     --
[component_container-11] 	 31.270	  Sonar	     --	     --	    inf	     --
[component_container-11] 	 31.270	  Magnt	     --	     --	     --	 -2.349
[component_container-11] 
[component_container-11] 	 31.300	   Pose	 -2.046	 -2.010	  4.979	 -2.317
[component_container-11] 	 31.300	  Twist	 -0.360	 -0.601	 -0.061	 -0.286
[component_container-11] 	 31.300	ErrPose	  0.161	 -0.263	  0.057	  0.017
[component_container-11] 	 31.300	ErrTwis	  1.062	  0.792	  0.043	  0.012
[component_container-11] 	 31.300	    GPS	 -1.952	 -1.980	  5.035	     --
[component_container-11] 	 31.300	   Baro	     --	     --	  5.402	     --
[component_container-11] 	 31.300	  BBias	     --	     --	  0.585	     --
[component_container-11] 	 31.300	  Sonar	     --	     --	    inf	     --
[component_container-11] 	 31.300	  Magnt	     --	     --	     --	 -2.349
[component_container-11] 
[component_container-11] 	 31.340	   Pose	 -2.061	 -2.033	  4.978	 -2.327
[component_container-11] 	 31.340	  Twist	 -0.359	 -0.596	 -0.059	 -0.295
[component_container-11] 	 31.340	ErrPose	  0.163	 -0.264	  0.060	  0.016
[component_container-11] 	 31.340	ErrTwis	  1.041	  0.786	  0.040	  0.023
[component_container-11] 	 31.340	    GPS	 -1.952	 -1.980	  5.035	     --
[component_container-11] 	 31.340	   Baro	     --	     --	  5.570	     --
[component_container-11] 	 31.340	  BBias	     --	     --	  0.585	     --
[component_container-11] 	 31.340	  Sonar	     --	     --	    inf	     --
[component_container-11] 	 31.340	  Magnt	     --	     --	     --	 -2.253
[component_container-11] 
[component_container-11] 	 31.370	   Pose	 -2.071	 -2.051	  4.983	 -2.335
[component_container-11] 	 31.370	  Twist	 -0.358	 -0.592	 -0.050	 -0.270
[component_container-11] 	 31.370	ErrPose	  0.168	 -0.258	  0.055	  0.018
[component_container-11] 	 31.370	ErrTwis	  1.030	  0.783	  0.030	 -0.002
[component_container-11] 	 31.370	    GPS	 -1.952	 -1.980	  5.035	     --
[component_container-11] 	 31.370	   Baro	     --	     --	  5.640	     --
[component_container-11] 	 31.370	  BBias	     --	     --	  0.585	     --
[component_container-11] 	 31.370	  Sonar	     --	     --	    inf	     --
[component_container-11] 	 31.370	  Magnt	     --	     --	     --	 -2.311
[component_container-11] 
[component_container-11] 	 31.400	   Pose	 -2.082	 -2.069	  4.981	 -2.343
[component_container-11] 	 31.400	  Twist	 -0.357	 -0.589	 -0.049	 -0.278
[component_container-11] 	 31.400	ErrPose	  0.167	 -0.264	  0.057	  0.015
[component_container-11] 	 31.400	ErrTwis	  1.006	  0.783	  0.030	  0.006
[component_container-11] 	 31.400	    GPS	 -1.952	 -1.980	  5.035	     --
[component_container-11] 	 31.400	   Baro	     --	     --	  5.640	     --
[component_container-11] 	 31.400	  BBias	     --	     --	  0.585	     --
[component_container-11] 	 31.400	  Sonar	     --	     --	    inf	     --
[component_container-11] 	 31.400	  Magnt	     --	     --	     --	 -2.311
[component_container-11] 
[component_container-11] 	 31.440	   Pose	 -2.096	 -2.092	  4.982	 -2.354
[component_container-11] 	 31.440	  Twist	 -0.357	 -0.585	 -0.046	 -0.254
[component_container-11] 	 31.440	ErrPose	  0.170	 -0.264	  0.057	  0.015
[component_container-11] 	 31.440	ErrTwis	  0.981	  0.782	  0.028	 -0.016
[component_container-11] 	 31.440	    GPS	 -1.952	 -1.980	  5.035	     --
[component_container-11] 	 31.440	   Baro	     --	     --	  5.597	     --
[component_container-11] 	 31.440	  BBias	     --	     --	  0.585	     --
[component_container-11] 	 31.440	  Sonar	     --	     --	    inf	     --
[component_container-11] 	 31.440	  Magnt	     --	     --	     --	 -2.343
[component_container-11] 
[component_container-11] 	 31.470	   Pose	 -2.107	 -2.110	  4.997	 -2.362
[component_container-11] 	 31.470	  Twist	 -0.357	 -0.582	 -0.029	 -0.260
[component_container-11] 	 31.470	ErrPose	  0.176	 -0.257	  0.042	  0.018
[component_container-11] 	 31.470	ErrTwis	  0.967	  0.781	  0.010	 -0.011
[component_container-11] 	 31.470	    GPS	 -1.952	 -1.980	  5.035	     --
[component_container-11] 	 31.470	   Baro	     --	     --	  5.745	     --
[component_container-11] 	 31.470	  BBias	     --	     --	  0.585	     --
[component_container-11] 	 31.470	  Sonar	     --	     --	    inf	     --
[component_container-11] 	 31.470	  Magnt	     --	     --	     --	 -2.354
[component_container-11] 
[component_container-11] 	 31.500	   Pose	 -2.118	 -2.127	  4.996	 -2.370
[component_container-11] 	 31.500	  Twist	 -0.356	 -0.579	 -0.030	 -0.278
[component_container-11] 	 31.500	ErrPose	  0.176	 -0.262	  0.044	  0.015
[component_container-11] 	 31.500	ErrTwis	  0.938	  0.782	  0.010	  0.007
[component_container-11] 	 31.500	    GPS	 -1.952	 -1.980	  5.035	     --
[component_container-11] 	 31.500	   Baro	     --	     --	  5.745	     --
[component_container-11] 	 31.500	  BBias	     --	     --	  0.585	     --
[component_container-11] 	 31.500	  Sonar	     --	     --	    inf	     --
[component_container-11] 	 31.500	  Magnt	     --	     --	     --	 -2.354
[component_container-11] 
[component_container-11] [INFO] [1775369596.086788270] [drone.estimator]: TMP LOG gps innov_xy=(0.147, -0.341) est_xy=(-2.121, -2.133) gps_xy=(-1.974, -2.475) corr_xy=(-1.974, -2.475) vel_xy=(-0.356, -0.579)
[component_container-11] [INFO] [1775369596.086908502] [drone.estimator]: TMP LOG gps vel pseudo raw=(-0.044, -0.990) filt=(-0.090, -0.987) innov_v=(0.242, -0.355) apply=(1,1)
[component_container-11] 	 31.540	   Pose	 -2.046	 -2.318	  5.003	 -2.381
[component_container-11] 	 31.540	  Twist	 -0.280	 -0.705	 -0.022	 -0.271
[component_container-11] 	 31.540	ErrPose	  0.095	 -0.092	  0.037	  0.015
[component_container-11] 	 31.540	ErrTwis	  0.832	  0.911	  0.001	  0.000
[component_container-11] 	 31.540	    GPS	 -1.974	 -2.475	  5.040	     --
[component_container-11] 	 31.540	   Baro	     --	     --	  5.599	     --
[component_container-11] 	 31.540	  BBias	     --	     --	  0.585	     --
[component_container-11] 	 31.540	  Sonar	     --	     --	    inf	     --
[component_container-11] 	 31.540	  Magnt	     --	     --	     --	 -2.368
[component_container-11] 
[component_container-11] 	 31.570	   Pose	 -2.054	 -2.339	  5.015	 -2.389
[component_container-11] 	 31.570	  Twist	 -0.279	 -0.702	 -0.010	 -0.285
[component_container-11] 	 31.570	ErrPose	  0.099	 -0.081	  0.026	  0.018
[component_container-11] 	 31.570	ErrTwis	  0.815	  0.909	 -0.011	  0.014
[component_container-11] 	 31.570	    GPS	 -1.974	 -2.475	  5.040	     --
[component_container-11] 	 31.570	   Baro	     --	     --	  5.741	     --
[component_container-11] 	 31.570	  BBias	     --	     --	  0.585	     --
[component_container-11] 	 31.570	  Sonar	     --	     --	    inf	     --
[component_container-11] 	 31.570	  Magnt	     --	     --	     --	 -2.350
[component_container-11] 
[component_container-11] 	 31.600	   Pose	 -2.062	 -2.360	  5.014	 -2.397
[component_container-11] 	 31.600	  Twist	 -0.278	 -0.699	 -0.010	 -0.278
[component_container-11] 	 31.600	ErrPose	  0.099	 -0.079	  0.027	  0.015
[component_container-11] 	 31.600	ErrTwis	  0.782	  0.908	 -0.012	  0.006
[component_container-11] 	 31.600	    GPS	 -1.974	 -2.475	  5.040	     --
[component_container-11] 	 31.600	   Baro	     --	     --	  5.741	     --
[component_container-11] 	 31.600	  BBias	     --	     --	  0.585	     --
[component_container-11] 	 31.600	  Sonar	     --	     --	    inf	     --
[component_container-11] 	 31.600	  Magnt	     --	     --	     --	 -2.350
[component_container-11] 
[component_container-11] 	 31.640	   Pose	 -2.073	 -2.388	  5.020	 -2.409
[component_container-11] 	 31.640	  Twist	 -0.277	 -0.696	 -0.006	 -0.283
[component_container-11] 	 31.640	ErrPose	  0.103	 -0.069	  0.022	  0.016
[component_container-11] 	 31.640	ErrTwis	  0.746	  0.904	 -0.018	  0.009
[component_container-11] 	 31.640	    GPS	 -1.974	 -2.475	  5.040	     --
[component_container-11] 	 31.640	   Baro	     --	     --	  5.667	     --
[component_container-11] 	 31.640	  BBias	     --	     --	  0.585	     --
[component_container-11] 	 31.640	  Sonar	     --	     --	    inf	     --
[component_container-11] 	 31.640	  Magnt	     --	     --	     --	 -2.413
[component_container-11] 
[component_container-11] 	 31.670	   Pose	 -2.082	 -2.409	  5.014	 -2.417
[component_container-11] 	 31.670	  Twist	 -0.276	 -0.694	 -0.012	 -0.292
[component_container-11] 	 31.670	ErrPose	  0.108	 -0.057	  0.028	  0.018
[component_container-11] 	 31.670	ErrTwis	  0.727	  0.900	 -0.012	  0.018
[component_container-11] 	 31.670	    GPS	 -1.974	 -2.475	  5.040	     --
[component_container-11] 	 31.670	   Baro	     --	     --	  5.541	     --
[component_container-11] 	 31.670	  BBias	     --	     --	  0.585	     --
[component_container-11] 	 31.670	  Sonar	     --	     --	    inf	     --
[component_container-11] 	 31.670	  Magnt	     --	     --	     --	 -2.385
[component_container-11] 
[component_container-11] 	 31.700	   Pose	 -2.090	 -2.430	  5.014	 -2.425
[component_container-11] 	 31.700	  Twist	 -0.275	 -0.691	 -0.013	 -0.285
[component_container-11] 	 31.700	ErrPose	  0.110	 -0.053	  0.029	  0.015
[component_container-11] 	 31.700	ErrTwis	  0.689	  0.894	 -0.012	  0.010
[component_container-11] 	 31.700	    GPS	 -1.974	 -2.475	  5.040	     --
[component_container-11] 	 31.700	   Baro	     --	     --	  5.541	     --
[component_container-11] 	 31.700	  BBias	     --	     --	  0.585	     --
[component_container-11] 	 31.700	  Sonar	     --	     --	    inf	     --
[component_container-11] 	 31.700	  Magnt	     --	     --	     --	 -2.385
[component_container-11] 
[component_container-11] 	 31.740	   Pose	 -2.101	 -2.457	  5.011	 -2.436
[component_container-11] 	 31.740	  Twist	 -0.274	 -0.688	 -0.016	 -0.277
[component_container-11] 	 31.740	ErrPose	  0.116	 -0.040	  0.032	  0.015
[component_container-11] 	 31.740	ErrTwis	  0.651	  0.884	 -0.010	  0.002
[component_container-11] 	 31.740	    GPS	 -1.974	 -2.475	  5.040	     --
[component_container-11] 	 31.740	   Baro	     --	     --	  5.571	     --
[component_container-11] 	 31.740	  BBias	     --	     --	  0.585	     --
[component_container-11] 	 31.740	  Sonar	     --	     --	    inf	     --
[component_container-11] 	 31.740	  Magnt	     --	     --	     --	 -2.423
[component_container-11] 
[component_container-11] 	 31.770	   Pose	 -2.109	 -2.478	  5.018	 -2.445
[component_container-11] 	 31.770	  Twist	 -0.274	 -0.686	 -0.008	 -0.296
[component_container-11] 	 31.770	ErrPose	  0.122	 -0.026	  0.025	  0.018
[component_container-11] 	 31.770	ErrTwis	  0.632	  0.878	 -0.018	  0.020
[component_container-11] 	 31.770	    GPS	 -1.974	 -2.475	  5.040	     --
[component_container-11] 	 31.770	   Baro	     --	     --	  5.688	     --
[component_container-11] 	 31.770	  BBias	     --	     --	  0.585	     --
[component_container-11] 	 31.770	  Sonar	     --	     --	    inf	     --
[component_container-11] 	 31.770	  Magnt	     --	     --	     --	 -2.457
[component_container-11] 
[component_container-11] 	 31.800	   Pose	 -2.117	 -2.498	  5.018	 -2.454
[component_container-11] 	 31.800	  Twist	 -0.274	 -0.684	 -0.009	 -0.284
[component_container-11] 	 31.800	ErrPose	  0.126	 -0.019	  0.026	  0.016
[component_container-11] 	 31.800	ErrTwis	  0.592	  0.865	 -0.016	  0.008
[component_container-11] 	 31.800	    GPS	 -1.974	 -2.475	  5.040	     --
[component_container-11] 	 31.800	   Baro	     --	     --	  5.688	     --
[component_container-11] 	 31.800	  BBias	     --	     --	  0.585	     --
[component_container-11] 	 31.800	  Sonar	     --	     --	    inf	     --
[component_container-11] 	 31.800	  Magnt	     --	     --	     --	 -2.457
[component_container-11] 
[component_container-11] 	 31.840	   Pose	 -2.128	 -2.526	  5.017	 -2.466
[component_container-11] 	 31.840	  Twist	 -0.273	 -0.680	 -0.011	 -0.293
[component_container-11] 	 31.840	ErrPose	  0.133	 -0.003	  0.027	  0.017
[component_container-11] 	 31.840	ErrTwis	  0.551	  0.850	 -0.013	  0.017
[component_container-11] 	 31.840	    GPS	 -1.974	 -2.475	  5.040	     --
[component_container-11] 	 31.840	   Baro	     --	     --	  5.598	     --
[component_container-11] 	 31.840	  BBias	     --	     --	  0.585	     --
[component_container-11] 	 31.840	  Sonar	     --	     --	    inf	     --
[component_container-11] 	 31.840	  Magnt	     --	     --	     --	 -2.473
[component_container-11] 
[component_container-11] 	 31.870	   Pose	 -2.136	 -2.546	  5.008	 -2.474
[component_container-11] 	 31.870	  Twist	 -0.273	 -0.678	 -0.021	 -0.289
[component_container-11] 	 31.870	ErrPose	  0.140	  0.013	  0.036	  0.019
[component_container-11] 	 31.870	ErrTwis	  0.530	  0.841	 -0.002	  0.013
[component_container-11] 	 31.870	    GPS	 -1.974	 -2.475	  5.040	     --
[component_container-11] 	 31.870	   Baro	     --	     --	  5.495	     --
[component_container-11] 	 31.870	  BBias	     --	     --	  0.585	     --
[component_container-11] 	 31.870	  Sonar	     --	     --	    inf	     --
[component_container-11] 	 31.870	  Magnt	     --	     --	     --	 -2.450
[component_container-11] 
[component_container-11] 	 31.900	   Pose	 -2.145	 -2.566	  5.007	 -2.482
[component_container-11] 	 31.900	  Twist	 -0.273	 -0.676	 -0.022	 -0.285
[component_container-11] 	 31.900	ErrPose	  0.146	  0.024	  0.037	  0.016
[component_container-11] 	 31.900	ErrTwis	  0.489	  0.826	  0.001	  0.009
[component_container-11] 	 31.900	    GPS	 -1.974	 -2.475	  5.040	     --
[component_container-11] 	 31.900	   Baro	     --	     --	  5.495	     --
[component_container-11] 	 31.900	  BBias	     --	     --	  0.585	     --
[component_container-11] 	 31.900	  Sonar	     --	     --	    inf	     --
[component_container-11] 	 31.900	  Magnt	     --	     --	     --	 -2.450
[component_container-11] 
[component_container-11] 	 31.940	   Pose	 -2.156	 -2.593	  5.013	 -2.493
[component_container-11] 	 31.940	  Twist	 -0.273	 -0.673	 -0.017	 -0.302
[component_container-11] 	 31.940	ErrPose	  0.156	  0.043	  0.031	  0.016
[component_container-11] 	 31.940	ErrTwis	  0.447	  0.810	 -0.003	  0.026
[component_container-11] 	 31.940	    GPS	 -1.974	 -2.475	  5.040	     --
[component_container-11] 	 31.940	   Baro	     --	     --	  5.668	     --
[component_container-11] 	 31.940	  BBias	     --	     --	  0.585	     --
[component_container-11] 	 31.940	  Sonar	     --	     --	    inf	     --
[component_container-11] 	 31.940	  Magnt	     --	     --	     --	 -2.463
[component_container-11] 
[component_container-11] 	 31.970	   Pose	 -2.164	 -2.614	  5.010	 -2.501
[component_container-11] 	 31.970	  Twist	 -0.273	 -0.671	 -0.021	 -0.283
[component_container-11] 	 31.970	ErrPose	  0.164	  0.060	  0.035	  0.018
[component_container-11] 	 31.970	ErrTwis	  0.426	  0.802	  0.002	  0.007
[component_container-11] 	 31.970	    GPS	 -1.974	 -2.475	  5.040	     --
[component_container-11] 	 31.970	   Baro	     --	     --	  5.567	     --
[component_container-11] 	 31.970	  BBias	     --	     --	  0.585	     --
[component_container-11] 	 31.970	  Sonar	     --	     --	    inf	     --
[component_container-11] 	 31.970	  Magnt	     --	     --	     --	 -2.450
[component_container-11] 
[component_container-11] [INFO] [1775369596.585404817] [drone.controller]: cmd_vel body=(-0.999, -0.042, -0.004) yaw=-0.300 | odom_received=true | plan_points=57
[component_container-11] 	 32.000	   Pose	 -2.172	 -2.634	  5.009	 -2.509
[component_container-11] 	 32.000	  Twist	 -0.273	 -0.669	 -0.022	 -0.287
[component_container-11] 	 32.000	ErrPose	  0.172	  0.075	  0.035	  0.015
[component_container-11] 	 32.000	ErrTwis	  0.383	  0.787	  0.006	  0.010
[component_container-11] 	 32.000	    GPS	 -1.974	 -2.475	  5.040	     --
[component_container-11] 	 32.000	   Baro	     --	     --	  5.567	     --
[component_container-11] 	 32.000	  BBias	     --	     --	  0.585	     --
[component_container-11] 	 32.000	  Sonar	     --	     --	    inf	     --
[component_container-11] 	 32.000	  Magnt	     --	     --	     --	 -2.450
[component_container-11] 
[component_container-11] [INFO] [1775369596.585768114] [drone.estimator]: TMP LOG err_xyz=(0.172, 0.075, 0.035) | z_est=5.009 vz_est=-0.022 bias=0.585 | gps_z=5.040 sonar=inf baro=5.567
[component_container-11] 	 32.040	   Pose	 -2.148	 -2.495	  5.011	 -2.519
[component_container-11] 	 32.040	  Twist	 -0.251	 -0.503	 -0.021	 -0.279
[component_container-11] 	 32.040	ErrPose	  0.149	 -0.067	  0.033	  0.014
[component_container-11] 	 32.040	ErrTwis	  0.317	  0.606	  0.007	  0.002
[component_container-11] 	 32.040	    GPS	 -2.089	 -2.433	  5.044	     --
[component_container-11] 	 32.040	   Baro	     --	     --	  5.561	     --
[component_container-11] 	 32.040	  BBias	     --	     --	  0.584	     --
[component_container-11] 	 32.040	  Sonar	     --	     --	    inf	     --
[component_container-11] 	 32.040	  Magnt	     --	     --	     --	 -2.445
[component_container-11] 
[component_container-11] 	 32.070	   Pose	 -2.156	 -2.510	  5.019	 -2.528
[component_container-11] 	 32.070	  Twist	 -0.251	 -0.502	 -0.015	 -0.290
[component_container-11] 	 32.070	ErrPose	  0.158	 -0.054	  0.025	  0.017
[component_container-11] 	 32.070	ErrTwis	  0.295	  0.598	  0.001	  0.013
[component_container-11] 	 32.070	    GPS	 -2.089	 -2.433	  5.044	     --
[component_container-11] 	 32.070	   Baro	     --	     --	  5.701	     --
[component_container-11] 	 32.070	  BBias	     --	     --	  0.585	     --
[component_container-11] 	 32.070	  Sonar	     --	     --	    inf	     --
[component_container-11] 	 32.070	  Magnt	     --	     --	     --	 -2.511
[component_container-11] 
[component_container-11] 	 32.100	   Pose	 -2.163	 -2.525	  5.019	 -2.536
[component_container-11] 	 32.100	  Twist	 -0.251	 -0.500	 -0.017	 -0.274
[component_container-11] 	 32.100	ErrPose	  0.168	 -0.040	  0.025	  0.014
[component_container-11] 	 32.100	ErrTwis	  0.251	  0.582	  0.004	 -0.004
[component_container-11] 	 32.100	    GPS	 -2.089	 -2.433	  5.044	     --
[component_container-11] 	 32.100	   Baro	     --	     --	  5.701	     --
[component_container-11] 	 32.100	  BBias	     --	     --	  0.585	     --
[component_container-11] 	 32.100	  Sonar	     --	     --	    inf	     --
[component_container-11] 	 32.100	  Magnt	     --	     --	     --	 -2.511
[component_container-11] 
[component_container-11] 	 32.140	   Pose	 -2.173	 -2.545	  5.022	 -2.547
[component_container-11] 	 32.140	  Twist	 -0.253	 -0.499	 -0.016	 -0.288
[component_container-11] 	 32.140	ErrPose	  0.182	 -0.020	  0.021	  0.014
[component_container-11] 	 32.140	ErrTwis	  0.209	  0.566	  0.005	  0.010
[component_container-11] 	 32.140	    GPS	 -2.089	 -2.433	  5.044	     --
[component_container-11] 	 32.140	   Baro	     --	     --	  5.648	     --
[component_container-11] 	 32.140	  BBias	     --	     --	  0.585	     --
[component_container-11] 	 32.140	  Sonar	     --	     --	    inf	     --
[component_container-11] 	 32.140	  Magnt	     --	     --	     --	 -2.519
[component_container-11] 
[component_container-11] 	 32.170	   Pose	 -2.181	 -2.560	  5.023	 -2.557
[component_container-11] 	 32.170	  Twist	 -0.254	 -0.497	 -0.015	 -0.295
[component_container-11] 	 32.170	ErrPose	  0.192	 -0.005	  0.019	  0.018
[component_container-11] 	 32.170	ErrTwis	  0.188	  0.557	  0.005	  0.017
[component_container-11] 	 32.170	    GPS	 -2.089	 -2.433	  5.044	     --
[component_container-11] 	 32.170	   Baro	     --	     --	  5.634	     --
[component_container-11] 	 32.170	  BBias	     --	     --	  0.585	     --
[component_container-11] 	 32.170	  Sonar	     --	     --	    inf	     --
[component_container-11] 	 32.170	  Magnt	     --	     --	     --	 -2.585
[component_container-11] 
[component_container-11] 	 32.200	   Pose	 -2.188	 -2.575	  5.023	 -2.566
[component_container-11] 	 32.200	  Twist	 -0.255	 -0.496	 -0.018	 -0.289
[component_container-11] 	 32.200	ErrPose	  0.205	  0.012	  0.019	  0.015
[component_container-11] 	 32.200	ErrTwis	  0.145	  0.541	  0.009	  0.011
[component_container-11] 	 32.200	    GPS	 -2.089	 -2.433	  5.044	     --
[component_container-11] 	 32.200	   Baro	     --	     --	  5.634	     --
[component_container-11] 	 32.200	  BBias	     --	     --	  0.585	     --
[component_container-11] 	 32.200	  Sonar	     --	     --	    inf	     --
[component_container-11] 	 32.200	  Magnt	     --	     --	     --	 -2.585
[component_container-11] 
[component_container-11] 	 32.240	   Pose	 -2.199	 -2.595	  5.032	 -2.577
[component_container-11] 	 32.240	  Twist	 -0.256	 -0.494	 -0.010	 -0.276
[component_container-11] 	 32.240	ErrPose	  0.222	  0.035	  0.008	  0.015
[component_container-11] 	 32.240	ErrTwis	  0.101	  0.526	  0.003	 -0.003
[component_container-11] 	 32.240	    GPS	 -2.089	 -2.433	  5.044	     --
[component_container-11] 	 32.240	   Baro	     --	     --	  5.727	     --
[component_container-11] 	 32.240	  BBias	     --	     --	  0.585	     --
[component_container-11] 	 32.240	  Sonar	     --	     --	    inf	     --
[component_container-11] 	 32.240	  Magnt	     --	     --	     --	 -2.566
[component_container-11] 
[component_container-11] 	 32.270	   Pose	 -2.206	 -2.610	  5.044	 -2.585
[component_container-11] 	 32.270	  Twist	 -0.257	 -0.493	 -0.000	 -0.283
[component_container-11] 	 32.270	ErrPose	  0.233	  0.052	 -0.004	  0.018
[component_container-11] 	 32.270	ErrTwis	  0.080	  0.518	 -0.006	  0.004
[component_container-11] 	 32.270	    GPS	 -2.089	 -2.433	  5.044	     --
[component_container-11] 	 32.270	   Baro	     --	     --	  5.757	     --
[component_container-11] 	 32.270	  BBias	     --	     --	  0.585	     --
[component_container-11] 	 32.270	  Sonar	     --	     --	    inf	     --
[component_container-11] 	 32.270	  Magnt	     --	     --	     --	 -2.572
[component_container-11] 
[component_container-11] 	 32.300	   Pose	 -2.214	 -2.624	  5.044	 -2.593
[component_container-11] 	 32.300	  Twist	 -0.257	 -0.492	 -0.003	 -0.282
[component_container-11] 	 32.300	ErrPose	  0.249	  0.072	 -0.005	  0.015
[component_container-11] 	 32.300	ErrTwis	  0.036	  0.505	 -0.003	  0.003
[component_container-11] 	 32.300	    GPS	 -2.089	 -2.433	  5.044	     --
[component_container-11] 	 32.300	   Baro	     --	     --	  5.757	     --
[component_container-11] 	 32.300	  BBias	     --	     --	  0.585	     --
[component_container-11] 	 32.300	  Sonar	     --	     --	    inf	     --
[component_container-11] 	 32.300	  Magnt	     --	     --	     --	 -2.572
[component_container-11] 
[component_container-11] 	 32.340	   Pose	 -2.224	 -2.644	  5.035	 -2.606
[component_container-11] 	 32.340	  Twist	 -0.258	 -0.491	 -0.015	 -0.290
[component_container-11] 	 32.340	ErrPose	  0.269	  0.098	  0.001	  0.016
[component_container-11] 	 32.340	ErrTwis	 -0.006	  0.491	  0.011	  0.011
[component_container-11] 	 32.340	    GPS	 -2.089	 -2.433	  5.044	     --
[component_container-11] 	 32.340	   Baro	     --	     --	  5.536	     --
[component_container-11] 	 32.340	  BBias	     --	     --	  0.585	     --
[component_container-11] 	 32.340	  Sonar	     --	     --	    inf	     --
[component_container-11] 	 32.340	  Magnt	     --	     --	     --	 -2.622
[component_container-11] 
[component_container-11] 	 32.370	   Pose	 -2.232	 -2.659	  5.035	 -2.614
[component_container-11] 	 32.370	  Twist	 -0.259	 -0.490	 -0.020	 -0.292
[component_container-11] 	 32.370	ErrPose	  0.283	  0.117	  0.001	  0.019
[component_container-11] 	 32.370	ErrTwis	 -0.028	  0.484	  0.015	  0.014
[component_container-11] 	 32.370	    GPS	 -2.089	 -2.433	  5.044	     --
[component_container-11] 	 32.370	   Baro	     --	     --	  5.616	     --
[component_container-11] 	 32.370	  BBias	     --	     --	  0.585	     --
[component_container-11] 	 32.370	  Sonar	     --	     --	    inf	     --
[component_container-11] 	 32.370	  Magnt	     --	     --	     --	 -2.604
[component_container-11] 
[component_container-11] 	 32.400	   Pose	 -2.240	 -2.673	  5.034	 -2.622
[component_container-11] 	 32.400	  Twist	 -0.259	 -0.490	 -0.023	 -0.289
[component_container-11] 	 32.400	ErrPose	  0.302	  0.140	  0.000	  0.016
[component_container-11] 	 32.400	ErrTwis	 -0.071	  0.470	  0.019	  0.010
[component_container-11] 	 32.400	    GPS	 -2.089	 -2.433	  5.044	     --
[component_container-11] 	 32.400	   Baro	     --	     --	  5.616	     --
[component_container-11] 	 32.400	  BBias	     --	     --	  0.585	     --
[component_container-11] 	 32.400	  Sonar	     --	     --	    inf	     --
[component_container-11] 	 32.400	  Magnt	     --	     --	     --	 -2.604
[component_container-11] 
[component_container-11] 	 32.440	   Pose	 -2.250	 -2.693	  5.034	 -2.633
[component_container-11] 	 32.440	  Twist	 -0.262	 -0.490	 -0.025	 -0.299
[component_container-11] 	 32.440	ErrPose	  0.325	  0.169	 -0.002	  0.016
[component_container-11] 	 32.440	ErrTwis	 -0.111	  0.455	  0.021	  0.020
[component_container-11] 	 32.440	    GPS	 -2.089	 -2.433	  5.044	     --
[component_container-11] 	 32.440	   Baro	     --	     --	  5.631	     --
[component_container-11] 	 32.440	  BBias	     --	     --	  0.585	     --
[component_container-11] 	 32.440	  Sonar	     --	     --	    inf	     --
[component_container-11] 	 32.440	  Magnt	     --	     --	     --	 -2.603
[component_container-11] 
[component_container-11] 	 32.470	   Pose	 -2.258	 -2.708	  5.024	 -2.641
[component_container-11] 	 32.470	  Twist	 -0.264	 -0.490	 -0.037	 -0.286
[component_container-11] 	 32.470	ErrPose	  0.340	  0.189	  0.007	  0.018
[component_container-11] 	 32.470	ErrTwis	 -0.130	  0.447	  0.032	  0.006
[component_container-11] 	 32.470	    GPS	 -2.089	 -2.433	  5.044	     --
[component_container-11] 	 32.470	   Baro	     --	     --	  5.515	     --
[component_container-11] 	 32.470	  BBias	     --	     --	  0.585	     --
[component_container-11] 	 32.470	  Sonar	     --	     --	    inf	     --
[component_container-11] 	 32.470	  Magnt	     --	     --	     --	 -2.617
[component_container-11] 
[component_container-11] 	 32.500	   Pose	 -2.266	 -2.722	  5.023	 -2.650
[component_container-11] 	 32.500	  Twist	 -0.265	 -0.490	 -0.039	 -0.299
[component_container-11] 	 32.500	ErrPose	  0.363	  0.216	  0.006	  0.015
[component_container-11] 	 32.500	ErrTwis	 -0.171	  0.432	  0.036	  0.020
[component_container-11] 	 32.500	    GPS	 -2.089	 -2.433	  5.044	     --
[component_container-11] 	 32.500	   Baro	     --	     --	  5.515	     --
[component_container-11] 	 32.500	  BBias	     --	     --	  0.585	     --
[component_container-11] 	 32.500	  Sonar	     --	     --	    inf	     --
[component_container-11] 	 32.500	  Magnt	     --	     --	     --	 -2.617
[component_container-11] 
[component_container-11] [INFO] [1775369597.091081932] [drone.estimator]: TMP LOG gps innov_xy=(0.026, 0.280) est_xy=(-2.269, -2.727) gps_xy=(-2.243, -2.447) corr_xy=(-2.243, -2.447) vel_xy=(-0.265, -0.490)
[component_container-11] [INFO] [1775369597.091238421] [drone.estimator]: TMP LOG gps vel pseudo raw=(-0.308, -0.029) filt=(-0.299, -0.028) innov_v=(-0.038, 0.418) apply=(1,1)
[component_container-11] 	 32.540	   Pose	 -2.275	 -2.584	  5.031	 -2.661
[component_container-11] 	 32.540	  Twist	 -0.271	 -0.356	 -0.033	 -0.294
[component_container-11] 	 32.540	ErrPose	  0.387	  0.090	 -0.005	  0.016
[component_container-11] 	 32.540	ErrTwis	 -0.206	  0.281	  0.030	  0.015
[component_container-11] 	 32.540	    GPS	 -2.243	 -2.447	  5.028	     --
[component_container-11] 	 32.540	   Baro	     --	     --	  5.726	     --
[component_container-11] 	 32.540	  BBias	     --	     --	  0.585	     --
[component_container-11] 	 32.540	  Sonar	     --	     --	    inf	     --
[component_container-11] 	 32.540	  Magnt	     --	     --	     --	 -2.643
[component_container-11] 
[component_container-11] 	 32.570	   Pose	 -2.283	 -2.595	  5.026	 -2.671
[component_container-11] 	 32.570	  Twist	 -0.272	 -0.355	 -0.040	 -0.286
[component_container-11] 	 32.570	ErrPose	  0.404	  0.108	 -0.001	  0.019
[component_container-11] 	 32.570	ErrTwis	 -0.225	  0.272	  0.037	  0.006
[component_container-11] 	 32.570	    GPS	 -2.243	 -2.447	  5.028	     --
[component_container-11] 	 32.570	   Baro	     --	     --	  5.563	     --
[component_container-11] 	 32.570	  BBias	     --	     --	  0.585	     --
[component_container-11] 	 32.570	  Sonar	     --	     --	    inf	     --
[component_container-11] 	 32.570	  Magnt	     --	     --	     --	 -2.705
[component_container-11] 
[component_container-11] 	 32.600	   Pose	 -2.291	 -2.606	  5.025	 -2.679
[component_container-11] 	 32.600	  Twist	 -0.274	 -0.356	 -0.042	 -0.277
[component_container-11] 	 32.600	ErrPose	  0.430	  0.133	 -0.003	  0.016
[component_container-11] 	 32.600	ErrTwis	 -0.263	  0.257	  0.040	 -0.003
[component_container-11] 	 32.600	    GPS	 -2.243	 -2.447	  5.028	     --
[component_container-11] 	 32.600	   Baro	     --	     --	  5.563	     --
[component_container-11] 	 32.600	  BBias	     --	     --	  0.585	     --
[component_container-11] 	 32.600	  Sonar	     --	     --	    inf	     --
[component_container-11] 	 32.600	  Magnt	     --	     --	     --	 -2.705
[component_container-11] 
[component_container-11] 	 32.640	   Pose	 -2.302	 -2.620	  5.022	 -2.691
[component_container-11] 	 32.640	  Twist	 -0.277	 -0.356	 -0.047	 -0.285
[component_container-11] 	 32.640	ErrPose	  0.460	  0.163	 -0.003	  0.017
[component_container-11] 	 32.640	ErrTwis	 -0.300	  0.240	  0.045	  0.006
[component_container-11] 	 32.640	    GPS	 -2.243	 -2.447	  5.028	     --
[component_container-11] 	 32.640	   Baro	     --	     --	  5.597	     --
[component_container-11] 	 32.640	  BBias	     --	     --	  0.585	     --
[component_container-11] 	 32.640	  Sonar	     --	     --	    inf	     --
[component_container-11] 	 32.640	  Magnt	     --	     --	     --	 -2.691
[component_container-11] 
[component_container-11] 	 32.670	   Pose	 -2.310	 -2.631	  5.021	 -2.699
[component_container-11] 	 32.670	  Twist	 -0.278	 -0.356	 -0.050	 -0.295
[component_container-11] 	 32.670	ErrPose	  0.479	  0.181	 -0.003	  0.020
[component_container-11] 	 32.670	ErrTwis	 -0.318	  0.232	  0.048	  0.016
[component_container-11] 	 32.670	    GPS	 -2.243	 -2.447	  5.028	     --
[component_container-11] 	 32.670	   Baro	     --	     --	  5.604	     --
[component_container-11] 	 32.670	  BBias	     --	     --	  0.585	     --
[component_container-11] 	 32.670	  Sonar	     --	     --	    inf	     --
[component_container-11] 	 32.670	  Magnt	     --	     --	     --	 -2.686
[component_container-11] 
[component_container-11] 	 32.700	   Pose	 -2.319	 -2.641	  5.019	 -2.708
[component_container-11] 	 32.700	  Twist	 -0.280	 -0.355	 -0.053	 -0.289
[component_container-11] 	 32.700	ErrPose	  0.508	  0.209	 -0.005	  0.017
[component_container-11] 	 32.700	ErrTwis	 -0.355	  0.215	  0.050	  0.010
[component_container-11] 	 32.700	    GPS	 -2.243	 -2.447	  5.028	     --
[component_container-11] 	 32.700	   Baro	     --	     --	  5.604	     --
[component_container-11] 	 32.700	  BBias	     --	     --	  0.585	     --
[component_container-11] 	 32.700	  Sonar	     --	     --	    inf	     --
[component_container-11] 	 32.700	  Magnt	     --	     --	     --	 -2.686
[component_container-11] 
[component_container-11] 	 32.740	   Pose	 -2.330	 -2.655	  5.022	 -2.720
[component_container-11] 	 32.740	  Twist	 -0.283	 -0.355	 -0.051	 -0.298
[component_container-11] 	 32.740	ErrPose	  0.541	  0.241	 -0.011	  0.018
[component_container-11] 	 32.740	ErrTwis	 -0.389	  0.201	  0.046	  0.019
[component_container-11] 	 32.740	    GPS	 -2.243	 -2.447	  5.028	     --
[component_container-11] 	 32.740	   Baro	     --	     --	  5.664	     --
[component_container-11] 	 32.740	  BBias	     --	     --	  0.585	     --
[component_container-11] 	 32.740	  Sonar	     --	     --	    inf	     --
[component_container-11] 	 32.740	  Magnt	     --	     --	     --	 -2.726
[component_container-11] 
[component_container-11] 	 32.770	   Pose	 -2.338	 -2.666	  5.020	 -2.728
[component_container-11] 	 32.770	  Twist	 -0.284	 -0.356	 -0.053	 -0.284
[component_container-11] 	 32.770	ErrPose	  0.562	  0.261	 -0.011	  0.021
[component_container-11] 	 32.770	ErrTwis	 -0.406	  0.195	  0.048	  0.005
[component_container-11] 	 32.770	    GPS	 -2.243	 -2.447	  5.028	     --
[component_container-11] 	 32.770	   Baro	     --	     --	  5.602	     --
[component_container-11] 	 32.770	  BBias	     --	     --	  0.585	     --
[component_container-11] 	 32.770	  Sonar	     --	     --	    inf	     --
[component_container-11] 	 32.770	  Magnt	     --	     --	     --	 -2.718
[component_container-11] 
[component_container-11] 	 32.800	   Pose	 -2.347	 -2.677	  5.019	 -2.737
[component_container-11] 	 32.800	  Twist	 -0.287	 -0.357	 -0.055	 -0.301
[component_container-11] 	 32.800	ErrPose	  0.594	  0.291	 -0.012	  0.019
[component_container-11] 	 32.800	ErrTwis	 -0.439	  0.183	  0.050	  0.022
[component_container-11] 	 32.800	    GPS	 -2.243	 -2.447	  5.028	     --
[component_container-11] 	 32.800	   Baro	     --	     --	  5.602	     --
[component_container-11] 	 32.800	  BBias	     --	     --	  0.585	     --
[component_container-11] 	 32.800	  Sonar	     --	     --	    inf	     --
[component_container-11] 	 32.800	  Magnt	     --	     --	     --	 -2.718
[component_container-11] 
[component_container-11] 	 32.840	   Pose	 -2.358	 -2.691	  5.012	 -2.748
[component_container-11] 	 32.840	  Twist	 -0.289	 -0.358	 -0.063	 -0.292
[component_container-11] 	 32.840	ErrPose	  0.631	  0.325	 -0.010	  0.018
[component_container-11] 	 32.840	ErrTwis	 -0.472	  0.171	  0.057	  0.013
[component_container-11] 	 32.840	    GPS	 -2.243	 -2.447	  5.028	     --
[component_container-11] 	 32.840	   Baro	     --	     --	  5.556	     --
[component_container-11] 	 32.840	  BBias	     --	     --	  0.585	     --
[component_container-11] 	 32.840	  Sonar	     --	     --	    inf	     --
[component_container-11] 	 32.840	  Magnt	     --	     --	     --	 -2.694
[component_container-11] 
[component_container-11] 	 32.870	   Pose	 -2.367	 -2.702	  5.016	 -2.756
[component_container-11] 	 32.870	  Twist	 -0.291	 -0.358	 -0.059	 -0.278
[component_container-11] 	 32.870	ErrPose	  0.653	  0.346	 -0.015	  0.021
[component_container-11] 	 32.870	ErrTwis	 -0.487	  0.166	  0.052	 -0.001
[component_container-11] 	 32.870	    GPS	 -2.243	 -2.447	  5.028	     --
[component_container-11] 	 32.870	   Baro	     --	     --	  5.660	     --
[component_container-11] 	 32.870	  BBias	     --	     --	  0.585	     --
[component_container-11] 	 32.870	  Sonar	     --	     --	    inf	     --
[component_container-11] 	 32.870	  Magnt	     --	     --	     --	 -2.753
[component_container-11] 
[component_container-11] 	 32.900	   Pose	 -2.376	 -2.713	  5.014	 -2.765
[component_container-11] 	 32.900	  Twist	 -0.294	 -0.359	 -0.061	 -0.276
[component_container-11] 	 32.900	ErrPose	  0.689	  0.377	 -0.017	  0.018
[component_container-11] 	 32.900	ErrTwis	 -0.517	  0.154	  0.053	 -0.004
[component_container-11] 	 32.900	    GPS	 -2.243	 -2.447	  5.028	     --
[component_container-11] 	 32.900	   Baro	     --	     --	  5.660	     --
[component_container-11] 	 32.900	  BBias	     --	     --	  0.585	     --
[component_container-11] 	 32.900	  Sonar	     --	     --	    inf	     --
[component_container-11] 	 32.900	  Magnt	     --	     --	     --	 -2.753
[component_container-11] 
[component_container-11] 	 32.940	   Pose	 -2.388	 -2.727	  5.008	 -2.776
[component_container-11] 	 32.940	  Twist	 -0.297	 -0.361	 -0.066	 -0.276
[component_container-11] 	 32.940	ErrPose	  0.729	  0.413	 -0.014	  0.018
[component_container-11] 	 32.940	ErrTwis	 -0.546	  0.142	  0.058	 -0.004
[component_container-11] 	 32.940	    GPS	 -2.243	 -2.447	  5.028	     --
[component_container-11] 	 32.940	   Baro	     --	     --	  5.554	     --
[component_container-11] 	 32.940	  BBias	     --	     --	  0.585	     --
[component_container-11] 	 32.940	  Sonar	     --	     --	    inf	     --
[component_container-11] 	 32.940	  Magnt	     --	     --	     --	 -2.777
[component_container-11] 
[component_container-11] 	 32.970	   Pose	 -2.397	 -2.738	  5.013	 -2.785
[component_container-11] 	 32.970	  Twist	 -0.299	 -0.361	 -0.060	 -0.268
[component_container-11] 	 32.970	ErrPose	  0.753	  0.435	 -0.022	  0.021
[component_container-11] 	 32.970	ErrTwis	 -0.560	  0.135	  0.052	 -0.011
[component_container-11] 	 32.970	    GPS	 -2.243	 -2.447	  5.028	     --
[component_container-11] 	 32.970	   Baro	     --	     --	  5.674	     --
[component_container-11] 	 32.970	  BBias	     --	     --	  0.585	     --
[component_container-11] 	 32.970	  Sonar	     --	     --	    inf	     --
[component_container-11] 	 32.970	  Magnt	     --	     --	     --	 -2.792
[component_container-11] 
[component_container-11] [INFO] [1775369597.591323467] [drone.controller]: cmd_vel body=(-0.950, -0.313, 0.000) yaw=-0.300 | odom_received=true | plan_points=58
[component_container-11] 	 33.000	   Pose	 -2.406	 -2.749	  5.011	 -2.793
[component_container-11] 	 33.000	  Twist	 -0.301	 -0.363	 -0.062	 -0.276
[component_container-11] 	 33.000	ErrPose	  0.792	  0.468	 -0.024	  0.019
[component_container-11] 	 33.000	ErrTwis	 -0.588	  0.123	  0.052	 -0.004
[component_container-11] 	 33.000	    GPS	 -2.243	 -2.447	  5.028	     --
[component_container-11] 	 33.000	   Baro	     --	     --	  5.674	     --
[component_container-11] 	 33.000	  BBias	     --	     --	  0.585	     --
[component_container-11] 	 33.000	  Sonar	     --	     --	    inf	     --
[component_container-11] 	 33.000	  Magnt	     --	     --	     --	 -2.792
[component_container-11] 
[component_container-11] [INFO] [1775369597.591756048] [drone.estimator]: TMP LOG err_xyz=(0.792, 0.468, -0.024) | z_est=5.011 vz_est=-0.062 bias=0.585 | gps_z=5.028 sonar=inf baro=5.674
[component_container-11] 	 33.040	   Pose	 -1.973	 -2.545	  5.009	 -2.805
[component_container-11] 	 33.040	  Twist	  0.081	 -0.189	 -0.063	 -0.311
[component_container-11] 	 33.040	ErrPose	  0.390	  0.288	 -0.025	  0.019
[component_container-11] 	 33.040	ErrTwis	 -0.998	 -0.065	  0.052	  0.032
[component_container-11] 	 33.040	    GPS	 -1.643	 -2.329	  4.986	     --
[component_container-11] 	 33.040	   Baro	     --	     --	  5.646	     --
[component_container-11] 	 33.040	  BBias	     --	     --	  0.585	     --
[component_container-11] 	 33.040	  Sonar	     --	     --	    inf	     --
[component_container-11] 	 33.040	  Magnt	     --	     --	     --	 -2.787
[component_container-11] 
[component_container-11] 	 33.070	   Pose	 -1.970	 -2.551	  5.014	 -2.813
[component_container-11] 	 33.070	  Twist	  0.077	 -0.190	 -0.057	 -0.292
[component_container-11] 	 33.070	ErrPose	  0.404	  0.305	 -0.033	  0.022
[component_container-11] 	 33.070	ErrTwis	 -1.009	 -0.071	  0.045	  0.013
[component_container-11] 	 33.070	    GPS	 -1.643	 -2.329	  4.986	     --
[component_container-11] 	 33.070	   Baro	     --	     --	  5.688	     --
[component_container-11] 	 33.070	  BBias	     --	     --	  0.585	     --
[component_container-11] 	 33.070	  Sonar	     --	     --	    inf	     --
[component_container-11] 	 33.070	  Magnt	     --	     --	     --	 -2.795
[component_container-11] 
[component_container-11] 	 33.100	   Pose	 -1.968	 -2.556	  5.012	 -2.822
[component_container-11] 	 33.100	  Twist	  0.075	 -0.191	 -0.058	 -0.299
[component_container-11] 	 33.100	ErrPose	  0.435	  0.335	 -0.035	  0.020
[component_container-11] 	 33.100	ErrTwis	 -1.034	 -0.084	  0.046	  0.020
[component_container-11] 	 33.100	    GPS	 -1.643	 -2.329	  4.986	     --
[component_container-11] 	 33.100	   Baro	     --	     --	  5.688	     --
[component_container-11] 	 33.100	  BBias	     --	     --	  0.585	     --
[component_container-11] 	 33.100	  Sonar	     --	     --	    inf	     --
[component_container-11] 	 33.100	  Magnt	     --	     --	     --	 -2.795
[component_container-11] 
[component_container-11] 	 33.140	   Pose	 -1.965	 -2.564	  5.003	 -2.833
[component_container-11] 	 33.140	  Twist	  0.071	 -0.193	 -0.067	 -0.288
[component_container-11] 	 33.140	ErrPose	  0.465	  0.367	 -0.030	  0.019
[component_container-11] 	 33.140	ErrTwis	 -1.056	 -0.096	  0.053	  0.009
[component_container-11] 	 33.140	    GPS	 -1.643	 -2.329	  4.986	     --
[component_container-11] 	 33.140	   Baro	     --	     --	  5.514	     --
[component_container-11] 	 33.140	  BBias	     --	     --	  0.585	     --
[component_container-11] 	 33.140	  Sonar	     --	     --	    inf	     --
[component_container-11] 	 33.140	  Magnt	     --	     --	     --	 -2.803
[component_container-11] 
[component_container-11] 	 33.170	   Pose	 -1.963	 -2.570	  4.994	 -2.840
[component_container-11] 	 33.170	  Twist	  0.069	 -0.195	 -0.076	 -0.286
[component_container-11] 	 33.170	ErrPose	  0.481	  0.385	 -0.023	  0.021
[component_container-11] 	 33.170	ErrTwis	 -1.065	 -0.101	  0.061	  0.007
[component_container-11] 	 33.170	    GPS	 -1.643	 -2.329	  4.986	     --
[component_container-11] 	 33.170	   Baro	     --	     --	  5.495	     --
[component_container-11] 	 33.170	  BBias	     --	     --	  0.585	     --
[component_container-11] 	 33.170	  Sonar	     --	     --	    inf	     --
[component_container-11] 	 33.170	  Magnt	     --	     --	     --	 -2.788
[component_container-11] 
[component_container-11] 	 33.200	   Pose	 -1.961	 -2.576	  4.992	 -2.849
[component_container-11] 	 33.200	  Twist	  0.065	 -0.197	 -0.076	 -0.283
[component_container-11] 	 33.200	ErrPose	  0.514	  0.416	 -0.025	  0.019
[component_container-11] 	 33.200	ErrTwis	 -1.086	 -0.114	  0.060	  0.004
[component_container-11] 	 33.200	    GPS	 -1.643	 -2.329	  4.986	     --
[component_container-11] 	 33.200	   Baro	     --	     --	  5.495	     --
[component_container-11] 	 33.200	  BBias	     --	     --	  0.585	     --
[component_container-11] 	 33.200	  Sonar	     --	     --	    inf	     --
[component_container-11] 	 33.200	  Magnt	     --	     --	     --	 -2.788
[component_container-11] 
[component_container-11] 	 33.240	   Pose	 -1.958	 -2.584	  4.986	 -2.859
[component_container-11] 	 33.240	  Twist	  0.062	 -0.198	 -0.079	 -0.298
[component_container-11] 	 33.240	ErrPose	  0.547	  0.449	 -0.023	  0.018
[component_container-11] 	 33.240	ErrTwis	 -1.104	 -0.127	  0.062	  0.019
[component_container-11] 	 33.240	    GPS	 -1.643	 -2.329	  4.986	     --
[component_container-11] 	 33.240	   Baro	     --	     --	  5.551	     --
[component_container-11] 	 33.240	  BBias	     --	     --	  0.585	     --
[component_container-11] 	 33.240	  Sonar	     --	     --	    inf	     --
[component_container-11] 	 33.240	  Magnt	     --	     --	     --	 -2.793
[component_container-11] 
[component_container-11] 	 33.270	   Pose	 -1.957	 -2.590	  4.984	 -2.868
[component_container-11] 	 33.270	  Twist	  0.058	 -0.200	 -0.079	 -0.286
[component_container-11] 	 33.270	ErrPose	  0.564	  0.468	 -0.024	  0.021
[component_container-11] 	 33.270	ErrTwis	 -1.111	 -0.134	  0.062	  0.008
[component_container-11] 	 33.270	    GPS	 -1.643	 -2.329	  4.986	     --
[component_container-11] 	 33.270	   Baro	     --	     --	  5.576	     --
[component_container-11] 	 33.270	  BBias	     --	     --	  0.585	     --
[component_container-11] 	 33.270	  Sonar	     --	     --	    inf	     --
[component_container-11] 	 33.270	  Magnt	     --	     --	     --	 -2.848
[component_container-11] 
[component_container-11] 	 33.300	   Pose	 -1.955	 -2.596	  4.982	 -2.876
[component_container-11] 	 33.300	  Twist	  0.055	 -0.201	 -0.079	 -0.295
[component_container-11] 	 33.300	ErrPose	  0.600	  0.500	 -0.025	  0.018
[component_container-11] 	 33.300	ErrTwis	 -1.128	 -0.149	  0.061	  0.018
[component_container-11] 	 33.300	    GPS	 -1.643	 -2.329	  4.986	     --
[component_container-11] 	 33.300	   Baro	     --	     --	  5.576	     --
[component_container-11] 	 33.300	  BBias	     --	     --	  0.585	     --
[component_container-11] 	 33.300	  Sonar	     --	     --	    inf	     --
[component_container-11] 	 33.300	  Magnt	     --	     --	     --	 -2.848
[component_container-11] 
[component_container-11] 	 33.340	   Pose	 -1.953	 -2.604	  4.986	 -2.887
[component_container-11] 	 33.340	  Twist	  0.050	 -0.203	 -0.071	 -0.296
[component_container-11] 	 33.340	ErrPose	  0.636	  0.535	 -0.034	  0.018
[component_container-11] 	 33.340	ErrTwis	 -1.140	 -0.164	  0.052	  0.018
[component_container-11] 	 33.340	    GPS	 -1.643	 -2.329	  4.986	     --
[component_container-11] 	 33.340	   Baro	     --	     --	  5.651	     --
[component_container-11] 	 33.340	  BBias	     --	     --	  0.585	     --
[component_container-11] 	 33.340	  Sonar	     --	     --	    inf	     --
[component_container-11] 	 33.340	  Magnt	     --	     --	     --	 -2.837
[component_container-11] 
[component_container-11] 	 33.370	   Pose	 -1.951	 -2.610	  4.987	 -2.895
[component_container-11] 	 33.370	  Twist	  0.046	 -0.204	 -0.068	 -0.288
[component_container-11] 	 33.370	ErrPose	  0.654	  0.555	 -0.036	  0.021
[component_container-11] 	 33.370	ErrTwis	 -1.146	 -0.171	  0.049	  0.010
[component_container-11] 	 33.370	    GPS	 -1.643	 -2.329	  4.986	     --
[component_container-11] 	 33.370	   Baro	     --	     --	  5.600	     --
[component_container-11] 	 33.370	  BBias	     --	     --	  0.585	     --
[component_container-11] 	 33.370	  Sonar	     --	     --	    inf	     --
[component_container-11] 	 33.370	  Magnt	     --	     --	     --	 -2.885
[component_container-11] 
[component_container-11] 	 33.400	   Pose	 -1.950	 -2.616	  4.985	 -2.904
[component_container-11] 	 33.400	  Twist	  0.043	 -0.206	 -0.067	 -0.285
[component_container-11] 	 33.400	ErrPose	  0.692	  0.588	 -0.038	  0.018
[component_container-11] 	 33.400	ErrTwis	 -1.159	 -0.186	  0.048	  0.007
[component_container-11] 	 33.400	    GPS	 -1.643	 -2.329	  4.986	     --
[component_container-11] 	 33.400	   Baro	     --	     --	  5.600	     --
[component_container-11] 	 33.400	  BBias	     --	     --	  0.585	     --
[component_container-11] 	 33.400	  Sonar	     --	     --	    inf	     --
[component_container-11] 	 33.400	  Magnt	     --	     --	     --	 -2.885
[component_container-11] 
[component_container-11] 	 33.440	   Pose	 -1.948	 -2.624	  4.998	 -2.914
[component_container-11] 	 33.440	  Twist	  0.039	 -0.209	 -0.051	 -0.289
[component_container-11] 	 33.440	ErrPose	  0.730	  0.624	 -0.055	  0.017
[component_container-11] 	 33.440	ErrTwis	 -1.169	 -0.200	  0.029	  0.011
[component_container-11] 	 33.440	    GPS	 -1.643	 -2.329	  4.986	     --
[component_container-11] 	 33.440	   Baro	     --	     --	  5.744	     --
[component_container-11] 	 33.440	  BBias	     --	     --	  0.585	     --
[component_container-11] 	 33.440	  Sonar	     --	     --	    inf	     --
[component_container-11] 	 33.440	  Magnt	     --	     --	     --	 -2.864
[component_container-11] 
[component_container-11] 	 33.470	   Pose	 -1.947	 -2.631	  4.978	 -2.923
[component_container-11] 	 33.470	  Twist	  0.035	 -0.211	 -0.070	 -0.272
[component_container-11] 	 33.470	ErrPose	  0.749	  0.644	 -0.037	  0.020
[component_container-11] 	 33.470	ErrTwis	 -1.172	 -0.206	  0.047	 -0.007
[component_container-11] 	 33.470	    GPS	 -1.643	 -2.329	  4.986	     --
[component_container-11] 	 33.470	   Baro	     --	     --	  5.377	     --
[component_container-11] 	 33.470	  BBias	     --	     --	  0.585	     --
[component_container-11] 	 33.470	  Sonar	     --	     --	    inf	     --
[component_container-11] 	 33.470	  Magnt	     --	     --	     --	 -2.913
[component_container-11] 
[component_container-11] 	 33.500	   Pose	 -1.946	 -2.637	  4.976	 -2.931
[component_container-11] 	 33.500	  Twist	  0.031	 -0.212	 -0.070	 -0.299
[component_container-11] 	 33.500	ErrPose	  0.789	  0.678	 -0.039	  0.018
[component_container-11] 	 33.500	ErrTwis	 -1.180	 -0.220	  0.045	  0.021
[component_container-11] 	 33.500	    GPS	 -1.643	 -2.329	  4.986	     --
[component_container-11] 	 33.500	   Baro	     --	     --	  5.377	     --
[component_container-11] 	 33.500	  BBias	     --	     --	  0.585	     --
[component_container-11] 	 33.500	  Sonar	     --	     --	    inf	     --
[component_container-11] 	 33.500	  Magnt	     --	     --	     --	 -2.913
[component_container-11] 
[component_container-11] [INFO] [1775369598.096870640] [drone.estimator]: TMP LOG gps innov_xy=(0.768, 0.896) est_xy=(-1.946, -2.639) gps_xy=(-1.178, -1.743) corr_xy=(-1.178, -1.743) vel_xy=(0.030, -0.213)
[component_container-11] [INFO] [1775369598.096984690] [drone.estimator]: TMP LOG gps vel pseudo raw=(0.929, 1.171) filt=(0.941, 1.075) innov_v=(0.791, 1.147) apply=(1,1)
[component_container-11] 	 33.540	   Pose	 -1.570	 -2.172	  4.963	 -2.942
[component_container-11] 	 33.540	  Twist	  0.317	  0.173	 -0.080	 -0.279
[component_container-11] 	 33.540	ErrPose	  0.454	  0.242	 -0.030	  0.018
[component_container-11] 	 33.540	ErrTwis	 -1.477	 -0.620	  0.053	  0.001
[component_container-11] 	 33.540	    GPS	 -1.178	 -1.743	  4.936	     --
[component_container-11] 	 33.540	   Baro	     --	     --	  5.512	     --
[component_container-11] 	 33.540	  BBias	     --	     --	  0.585	     --
[component_container-11] 	 33.540	  Sonar	     --	     --	    inf	     --
[component_container-11] 	 33.540	  Magnt	     --	     --	     --	 -2.915
[component_container-11] 
[component_container-11] 	 33.570	   Pose	 -1.561	 -2.167	  4.946	 -2.950
[component_container-11] 	 33.570	  Twist	  0.313	  0.172	 -0.094	 -0.291
[component_container-11] 	 33.570	ErrPose	  0.466	  0.250	 -0.015	  0.020
[component_container-11] 	 33.570	ErrTwis	 -1.478	 -0.627	  0.066	  0.012
[component_container-11] 	 33.570	    GPS	 -1.178	 -1.743	  4.936	     --
[component_container-11] 	 33.570	   Baro	     --	     --	  5.365	     --
[component_container-11] 	 33.570	  BBias	     --	     --	  0.585	     --
[component_container-11] 	 33.570	  Sonar	     --	     --	    inf	     --
[component_container-11] 	 33.570	  Magnt	     --	     --	     --	 -2.891
[component_container-11] 
[component_container-11] 	 33.600	   Pose	 -1.551	 -2.162	  4.944	 -2.958
[component_container-11] 	 33.600	  Twist	  0.309	  0.170	 -0.093	 -0.287
[component_container-11] 	 33.600	ErrPose	  0.499	  0.274	 -0.016	  0.017
[component_container-11] 	 33.600	ErrTwis	 -1.483	 -0.639	  0.063	  0.008
[component_container-11] 	 33.600	    GPS	 -1.178	 -1.743	  4.936	     --
[component_container-11] 	 33.600	   Baro	     --	     --	  5.365	     --
[component_container-11] 	 33.600	  BBias	     --	     --	  0.585	     --
[component_container-11] 	 33.600	  Sonar	     --	     --	    inf	     --
[component_container-11] 	 33.600	  Magnt	     --	     --	     --	 -2.891
[component_container-11] 
[component_container-11] 	 33.640	   Pose	 -1.539	 -2.155	  4.949	 -2.971
[component_container-11] 	 33.640	  Twist	  0.304	  0.168	 -0.081	 -0.288
[component_container-11] 	 33.640	ErrPose	  0.529	  0.295	 -0.025	  0.018
[component_container-11] 	 33.640	ErrTwis	 -1.486	 -0.651	  0.050	  0.009
[component_container-11] 	 33.640	    GPS	 -1.178	 -1.743	  4.936	     --
[component_container-11] 	 33.640	   Baro	     --	     --	  5.645	     --
[component_container-11] 	 33.640	  BBias	     --	     --	  0.585	     --
[component_container-11] 	 33.640	  Sonar	     --	     --	    inf	     --
[component_container-11] 	 33.640	  Magnt	     --	     --	     --	 -3.016
[component_container-11] 
[component_container-11] 	 33.670	   Pose	 -1.530	 -2.150	  4.938	 -2.979
[component_container-11] 	 33.670	  Twist	  0.301	  0.167	 -0.088	 -0.278
[component_container-11] 	 33.670	ErrPose	  0.541	  0.305	 -0.016	  0.021
[component_container-11] 	 33.670	ErrTwis	 -1.485	 -0.657	  0.057	 -0.000
[component_container-11] 	 33.670	    GPS	 -1.178	 -1.743	  4.936	     --
[component_container-11] 	 33.670	   Baro	     --	     --	  5.424	     --
[component_container-11] 	 33.670	  BBias	     --	     --	  0.585	     --
[component_container-11] 	 33.670	  Sonar	     --	     --	    inf	     --
[component_container-11] 	 33.670	  Magnt	     --	     --	     --	 -2.943
[component_container-11] 
[component_container-11] 	 33.700	   Pose	 -1.521	 -2.145	  4.936	 -2.988
[component_container-11] 	 33.700	  Twist	  0.297	  0.165	 -0.086	 -0.290
[component_container-11] 	 33.700	ErrPose	  0.576	  0.328	 -0.016	  0.018
[component_container-11] 	 33.700	ErrTwis	 -1.487	 -0.668	  0.055	  0.012
[component_container-11] 	 33.700	    GPS	 -1.178	 -1.743	  4.936	     --
[component_container-11] 	 33.700	   Baro	     --	     --	  5.424	     --
[component_container-11] 	 33.700	  BBias	     --	     --	  0.585	     --
[component_container-11] 	 33.700	  Sonar	     --	     --	    inf	     --
[component_container-11] 	 33.700	  Magnt	     --	     --	     --	 -2.943
[component_container-11] 
[component_container-11] 	 33.740	   Pose	 -1.509	 -2.139	  4.926	 -2.999
[component_container-11] 	 33.740	  Twist	  0.291	  0.163	 -0.091	 -0.298
[component_container-11] 	 33.740	ErrPose	  0.608	  0.350	 -0.010	  0.019
[component_container-11] 	 33.740	ErrTwis	 -1.486	 -0.678	  0.059	  0.020
[component_container-11] 	 33.740	    GPS	 -1.178	 -1.743	  4.936	     --
[component_container-11] 	 33.740	   Baro	     --	     --	  5.444	     --
[component_container-11] 	 33.740	  BBias	     --	     --	  0.585	     --
[component_container-11] 	 33.740	  Sonar	     --	     --	    inf	     --
[component_container-11] 	 33.740	  Magnt	     --	     --	     --	 -2.987
[component_container-11] 
[component_container-11] 	 33.770	   Pose	 -1.501	 -2.134	  4.922	 -3.008
[component_container-11] 	 33.770	  Twist	  0.288	  0.161	 -0.090	 -0.286
[component_container-11] 	 33.770	ErrPose	  0.621	  0.360	 -0.007	  0.022
[component_container-11] 	 33.770	ErrTwis	 -1.484	 -0.681	  0.058	  0.007
[component_container-11] 	 33.770	    GPS	 -1.178	 -1.743	  4.936	     --
[component_container-11] 	 33.770	   Baro	     --	     --	  5.497	     --
[component_container-11] 	 33.770	  BBias	     --	     --	  0.585	     --
[component_container-11] 	 33.770	  Sonar	     --	     --	    inf	     --
[component_container-11] 	 33.770	  Magnt	     --	     --	     --	 -2.994
[component_container-11] 
[component_container-11] 	 33.800	   Pose	 -1.492	 -2.129	  4.919	 -3.016
[component_container-11] 	 33.800	  Twist	  0.284	  0.160	 -0.088	 -0.294
[component_container-11] 	 33.800	ErrPose	  0.657	  0.383	 -0.008	  0.019
[component_container-11] 	 33.800	ErrTwis	 -1.482	 -0.690	  0.055	  0.016
[component_container-11] 	 33.800	    GPS	 -1.178	 -1.743	  4.936	     --
[component_container-11] 	 33.800	   Baro	     --	     --	  5.497	     --
[component_container-11] 	 33.800	  BBias	     --	     --	  0.585	     --
[component_container-11] 	 33.800	  Sonar	     --	     --	    inf	     --
[component_container-11] 	 33.800	  Magnt	     --	     --	     --	 -2.994
[component_container-11] 
[component_container-11] 	 33.840	   Pose	 -1.481	 -2.123	  4.908	 -3.027
[component_container-11] 	 33.840	  Twist	  0.279	  0.157	 -0.092	 -0.271
[component_container-11] 	 33.840	ErrPose	  0.690	  0.405	  0.001	  0.019
[component_container-11] 	 33.840	ErrTwis	 -1.478	 -0.696	  0.060	 -0.008
[component_container-11] 	 33.840	    GPS	 -1.178	 -1.743	  4.936	     --
[component_container-11] 	 33.840	   Baro	     --	     --	  5.411	     --
[component_container-11] 	 33.840	  BBias	     --	     --	  0.585	     --
[component_container-11] 	 33.840	  Sonar	     --	     --	    inf	     --
[component_container-11] 	 33.840	  Magnt	     --	     --	     --	 -2.995
[component_container-11] 
[component_container-11] 	 33.870	   Pose	 -1.472	 -2.118	  4.909	 -3.035
[component_container-11] 	 33.870	  Twist	  0.276	  0.155	 -0.086	 -0.278
[component_container-11] 	 33.870	ErrPose	  0.704	  0.414	 -0.001	  0.021
[component_container-11] 	 33.870	ErrTwis	 -1.475	 -0.699	  0.054	 -0.000
[component_container-11] 	 33.870	    GPS	 -1.178	 -1.743	  4.936	     --
[component_container-11] 	 33.870	   Baro	     --	     --	  5.536	     --
[component_container-11] 	 33.870	  BBias	     --	     --	  0.585	     --
[component_container-11] 	 33.870	  Sonar	     --	     --	    inf	     --
[component_container-11] 	 33.870	  Magnt	     --	     --	     --	 -2.997
[component_container-11] 
[component_container-11] 	 33.900	   Pose	 -1.464	 -2.113	  4.906	 -3.044
[component_container-11] 	 33.900	  Twist	  0.272	  0.152	 -0.083	 -0.300
[component_container-11] 	 33.900	ErrPose	  0.740	  0.438	 -0.001	  0.019
[component_container-11] 	 33.900	ErrTwis	 -1.470	 -0.706	  0.052	  0.022
[component_container-11] 	 33.900	    GPS	 -1.178	 -1.743	  4.936	     --
[component_container-11] 	 33.900	   Baro	     --	     --	  5.536	     --
[component_container-11] 	 33.900	  BBias	     --	     --	  0.585	     --
[component_container-11] 	 33.900	  Sonar	     --	     --	    inf	     --
[component_container-11] 	 33.900	  Magnt	     --	     --	     --	 -2.997
[component_container-11] 
[component_container-11] 	 33.940	   Pose	 -1.453	 -2.107	  4.909	 -3.055
[component_container-11] 	 33.940	  Twist	  0.266	  0.149	 -0.073	 -0.287
[component_container-11] 	 33.940	ErrPose	  0.774	  0.460	 -0.006	  0.019
[component_container-11] 	 33.940	ErrTwis	 -1.462	 -0.712	  0.044	  0.009
[component_container-11] 	 33.940	    GPS	 -1.178	 -1.743	  4.936	     --
[component_container-11] 	 33.940	   Baro	     --	     --	  5.554	     --
[component_container-11] 	 33.940	  BBias	     --	     --	  0.585	     --
[component_container-11] 	 33.940	  Sonar	     --	     --	    inf	     --
[component_container-11] 	 33.940	  Magnt	     --	     --	     --	 -3.043
[component_container-11] 
[component_container-11] 	 33.970	   Pose	 -1.446	 -2.103	  4.908	 -3.063
[component_container-11] 	 33.970	  Twist	  0.262	  0.148	 -0.069	 -0.275
[component_container-11] 	 33.970	ErrPose	  0.789	  0.469	 -0.006	  0.021
[component_container-11] 	 33.970	ErrTwis	 -1.457	 -0.715	  0.041	 -0.004
[component_container-11] 	 33.970	    GPS	 -1.178	 -1.743	  4.936	     --
[component_container-11] 	 33.970	   Baro	     --	     --	  5.504	     --
[component_container-11] 	 33.970	  BBias	     --	     --	  0.585	     --
[component_container-11] 	 33.970	  Sonar	     --	     --	    inf	     --
[component_container-11] 	 33.970	  Magnt	     --	     --	     --	 -3.029
[component_container-11] 
[component_container-11] [INFO] [1775369598.592681934] [drone.controller]: cmd_vel body=(-0.797, -0.604, 0.023) yaw=-0.300 | odom_received=true | plan_points=45
[component_container-11] 	 34.000	   Pose	 -1.438	 -2.099	  4.906	 -3.072
[component_container-11] 	 34.000	  Twist	  0.258	  0.146	 -0.067	 -0.285
[component_container-11] 	 34.000	ErrPose	  0.826	  0.492	 -0.006	  0.019
[component_container-11] 	 34.000	ErrTwis	 -1.450	 -0.723	  0.040	  0.007
[component_container-11] 	 34.000	    GPS	 -1.178	 -1.743	  4.936	     --
[component_container-11] 	 34.000	   Baro	     --	     --	  5.504	     --
[component_container-11] 	 34.000	  BBias	     --	     --	  0.585	     --
[component_container-11] 	 34.000	  Sonar	     --	     --	    inf	     --
[component_container-11] 	 34.000	  Magnt	     --	     --	     --	 -3.029
[component_container-11] 
[component_container-11] [INFO] [1775369598.593260090] [drone.estimator]: TMP LOG err_xyz=(0.826, 0.492, -0.006) | z_est=4.906 vz_est=-0.067 bias=0.585 | gps_z=4.936 sonar=inf baro=5.504
[component_container-11] 	 34.040	   Pose	 -1.202	 -1.914	  4.884	 -3.083
[component_container-11] 	 34.040	  Twist	  0.402	  0.248	 -0.084	 -0.294
[component_container-11] 	 34.040	ErrPose	  0.635	  0.335	  0.014	  0.019
[component_container-11] 	 34.040	ErrTwis	 -1.588	 -0.834	  0.057	  0.016
[component_container-11] 	 34.040	    GPS	 -0.879	 -1.608	  4.899	     --
[component_container-11] 	 34.040	   Baro	     --	     --	  5.261	     --
[component_container-11] 	 34.040	  BBias	     --	     --	  0.585	     --
[component_container-11] 	 34.040	  Sonar	     --	     --	    inf	     --
[component_container-11] 	 34.040	  Magnt	     --	     --	     --	 -3.062
[component_container-11] 
[component_container-11] 	 34.070	   Pose	 -1.190	 -1.907	  4.882	 -3.093
[component_container-11] 	 34.070	  Twist	  0.398	  0.247	 -0.082	 -0.293
[component_container-11] 	 34.070	ErrPose	  0.646	  0.341	  0.016	  0.023
[component_container-11] 	 34.070	ErrTwis	 -1.581	 -0.837	  0.056	  0.015
[component_container-11] 	 34.070	    GPS	 -0.879	 -1.608	  4.899	     --
[component_container-11] 	 34.070	   Baro	     --	     --	  5.467	     --
[component_container-11] 	 34.070	  BBias	     --	     --	  0.585	     --
[component_container-11] 	 34.070	  Sonar	     --	     --	    inf	     --
[component_container-11] 	 34.070	  Magnt	     --	     --	     --	 -3.128
[component_container-11] 
[component_container-11] 	 34.100	   Pose	 -1.178	 -1.899	  4.879	 -3.101
[component_container-11] 	 34.100	  Twist	  0.394	  0.245	 -0.080	 -0.272
[component_container-11] 	 34.100	ErrPose	  0.679	  0.361	  0.016	  0.020
[component_container-11] 	 34.100	ErrTwis	 -1.571	 -0.844	  0.055	 -0.006
[component_container-11] 	 34.100	    GPS	 -0.879	 -1.608	  4.899	     --
[component_container-11] 	 34.100	   Baro	     --	     --	  5.467	     --
[component_container-11] 	 34.100	  BBias	     --	     --	  0.585	     --
[component_container-11] 	 34.100	  Sonar	     --	     --	    inf	     --
[component_container-11] 	 34.100	  Magnt	     --	     --	     --	 -3.128
[component_container-11] 
[component_container-11] 	 34.140	   Pose	 -1.162	 -1.889	  4.885	 -3.112
[component_container-11] 	 34.140	  Twist	  0.389	  0.242	 -0.067	 -0.285
[component_container-11] 	 34.140	ErrPose	  0.709	  0.379	  0.010	  0.021
[component_container-11] 	 34.140	ErrTwis	 -1.558	 -0.850	  0.044	  0.006
[component_container-11] 	 34.140	    GPS	 -0.879	 -1.608	  4.899	     --
[component_container-11] 	 34.140	   Baro	     --	     --	  5.566	     --
[component_container-11] 	 34.140	  BBias	     --	     --	  0.585	     --
[component_container-11] 	 34.140	  Sonar	     --	     --	    inf	     --
[component_container-11] 	 34.140	  Magnt	     --	     --	     --	 -3.098
[component_container-11] 
[component_container-11] 	 34.170	   Pose	 -1.151	 -1.882	  4.882	 -3.121
[component_container-11] 	 34.170	  Twist	  0.384	  0.239	 -0.064	 -0.287
[component_container-11] 	 34.170	ErrPose	  0.720	  0.385	  0.012	  0.023
[component_container-11] 	 34.170	ErrTwis	 -1.550	 -0.852	  0.042	  0.009
[component_container-11] 	 34.170	    GPS	 -0.879	 -1.608	  4.899	     --
[component_container-11] 	 34.170	   Baro	     --	     --	  5.460	     --
[component_container-11] 	 34.170	  BBias	     --	     --	  0.585	     --
[component_container-11] 	 34.170	  Sonar	     --	     --	    inf	     --
[component_container-11] 	 34.170	  Magnt	     --	     --	     --	 -3.106
[component_container-11] 
[component_container-11] 	 34.200	   Pose	 -1.139	 -1.875	  4.880	 -3.129
[component_container-11] 	 34.200	  Twist	  0.381	  0.237	 -0.061	 -0.279
[component_container-11] 	 34.200	ErrPose	  0.753	  0.404	  0.013	  0.021
[component_container-11] 	 34.200	ErrTwis	 -1.537	 -0.859	  0.041	  0.001
[component_container-11] 	 34.200	    GPS	 -0.879	 -1.608	  4.899	     --
[component_container-11] 	 34.200	   Baro	     --	     --	  5.460	     --
[component_container-11] 	 34.200	  BBias	     --	     --	  0.585	     --
[component_container-11] 	 34.200	  Sonar	     --	     --	    inf	     --
[component_container-11] 	 34.200	  Magnt	     --	     --	     --	 -3.106
[component_container-11] 
[component_container-11] 	 34.240	   Pose	 -1.124	 -1.866	  4.890	 -3.140
[component_container-11] 	 34.240	  Twist	  0.376	  0.234	 -0.046	 -0.283
[component_container-11] 	 34.240	ErrPose	  0.783	  0.422	  0.002	  0.020
[component_container-11] 	 34.240	ErrTwis	 -1.521	 -0.865	  0.030	  0.004
[component_container-11] 	 34.240	    GPS	 -0.879	 -1.608	  4.899	     --
[component_container-11] 	 34.240	   Baro	     --	     --	  5.608	     --
[component_container-11] 	 34.240	  BBias	     --	     --	  0.585	     --
[component_container-11] 	 34.240	  Sonar	     --	     --	    inf	     --
[component_container-11] 	 34.240	  Magnt	     --	     --	     --	 -3.108
[component_container-11] 
[component_container-11] 	 34.270	   Pose	 -1.113	 -1.859	  4.901	  3.136
[component_container-11] 	 34.270	  Twist	  0.371	  0.233	 -0.032	 -0.301
[component_container-11] 	 34.270	ErrPose	  0.794	  0.428	 -0.009	  0.022
[component_container-11] 	 34.270	ErrTwis	 -1.512	 -0.868	  0.016	  0.023
[component_container-11] 	 34.270	    GPS	 -0.879	 -1.608	  4.899	     --
[component_container-11] 	 34.270	   Baro	     --	     --	  5.622	     --
[component_container-11] 	 34.270	  BBias	     --	     --	  0.585	     --
[component_container-11] 	 34.270	  Sonar	     --	     --	    inf	     --
[component_container-11] 	 34.270	  Magnt	     --	     --	     --	 -3.080
[component_container-11] 
[component_container-11] 	 34.300	   Pose	 -1.102	 -1.852	  4.900	  3.128
[component_container-11] 	 34.300	  Twist	  0.368	  0.231	 -0.031	 -0.283
[component_container-11] 	 34.300	ErrPose	  0.828	  0.447	 -0.009	  0.019
[component_container-11] 	 34.300	ErrTwis	 -1.496	 -0.875	  0.017	  0.005
[component_container-11] 	 34.300	    GPS	 -0.879	 -1.608	  4.899	     --
[component_container-11] 	 34.300	   Baro	     --	     --	  5.622	     --
[component_container-11] 	 34.300	  BBias	     --	     --	  0.585	     --
[component_container-11] 	 34.300	  Sonar	     --	     --	    inf	     --
[component_container-11] 	 34.300	  Magnt	     --	     --	     --	 -3.080
[component_container-11] 
[component_container-11] 	 34.340	   Pose	 -1.087	 -1.842	  4.906	  3.118
[component_container-11] 	 34.340	  Twist	  0.363	  0.229	 -0.021	 -0.288
[component_container-11] 	 34.340	ErrPose	  0.857	  0.465	 -0.015	  0.018
[component_container-11] 	 34.340	ErrTwis	 -1.479	 -0.881	  0.009	  0.010
[component_container-11] 	 34.340	    GPS	 -0.879	 -1.608	  4.899	     --
[component_container-11] 	 34.340	   Baro	     --	     --	  5.564	     --
[component_container-11] 	 34.340	  BBias	     --	     --	  0.585	     --
[component_container-11] 	 34.340	  Sonar	     --	     --	    inf	     --
[component_container-11] 	 34.340	  Magnt	     --	     --	     --	 -3.096
[component_container-11] 
[component_container-11] 	 34.370	   Pose	 -1.076	 -1.836	  4.897	  3.109
[component_container-11] 	 34.370	  Twist	  0.359	  0.227	 -0.029	 -0.297
[component_container-11] 	 34.370	ErrPose	  0.868	  0.471	 -0.007	  0.021
[component_container-11] 	 34.370	ErrTwis	 -1.469	 -0.884	  0.017	  0.019
[component_container-11] 	 34.370	    GPS	 -0.879	 -1.608	  4.899	     --
[component_container-11] 	 34.370	   Baro	     --	     --	  5.398	     --
[component_container-11] 	 34.370	  BBias	     --	     --	  0.585	     --
[component_container-11] 	 34.370	  Sonar	     --	     --	    inf	     --
[component_container-11] 	 34.370	  Magnt	     --	     --	     --	  3.129
[component_container-11] 
[component_container-11] 	 34.400	   Pose	 -1.065	 -1.829	  4.896	  3.100
[component_container-11] 	 34.400	  Twist	  0.356	  0.225	 -0.028	 -0.293
[component_container-11] 	 34.400	ErrPose	  0.902	  0.490	 -0.006	  0.019
[component_container-11] 	 34.400	ErrTwis	 -1.451	 -0.891	  0.018	  0.015
[component_container-11] 	 34.400	    GPS	 -0.879	 -1.608	  4.899	     --
[component_container-11] 	 34.400	   Baro	     --	     --	  5.398	     --
[component_container-11] 	 34.400	  BBias	     --	     --	  0.585	     --
[component_container-11] 	 34.400	  Sonar	     --	     --	    inf	     --
[component_container-11] 	 34.400	  Magnt	     --	     --	     --	  3.129
[component_container-11] 
[component_container-11] 	 34.440	   Pose	 -1.051	 -1.820	  4.893	  3.088
[component_container-11] 	 34.440	  Twist	  0.351	  0.223	 -0.029	 -0.303
[component_container-11] 	 34.440	ErrPose	  0.931	  0.507	 -0.003	  0.020
[component_container-11] 	 34.440	ErrTwis	 -1.432	 -0.898	  0.018	  0.024
[component_container-11] 	 34.440	    GPS	 -0.879	 -1.608	  4.899	     --
[component_container-11] 	 34.440	   Baro	     --	     --	  5.459	     --
[component_container-11] 	 34.440	  BBias	     --	     --	  0.585	     --
[component_container-11] 	 34.440	  Sonar	     --	     --	    inf	     --
[component_container-11] 	 34.440	  Magnt	     --	     --	     --	  3.065
[component_container-11] 
[component_container-11] 	 34.470	   Pose	 -1.041	 -1.813	  4.887	  3.080
[component_container-11] 	 34.470	  Twist	  0.347	  0.220	 -0.032	 -0.295
[component_container-11] 	 34.470	ErrPose	  0.942	  0.513	  0.003	  0.022
[component_container-11] 	 34.470	ErrTwis	 -1.420	 -0.899	  0.022	  0.016
[component_container-11] 	 34.470	    GPS	 -0.879	 -1.608	  4.899	     --
[component_container-11] 	 34.470	   Baro	     --	     --	  5.420	     --
[component_container-11] 	 34.470	  BBias	     --	     --	  0.585	     --
[component_container-11] 	 34.470	  Sonar	     --	     --	    inf	     --
[component_container-11] 	 34.470	  Magnt	     --	     --	     --	  3.111
[component_container-11] 
[component_container-11] 	 34.500	   Pose	 -1.030	 -1.807	  4.886	  3.071
[component_container-11] 	 34.500	  Twist	  0.343	  0.218	 -0.031	 -0.297
[component_container-11] 	 34.500	ErrPose	  0.975	  0.533	  0.004	  0.020
[component_container-11] 	 34.500	ErrTwis	 -1.400	 -0.906	  0.022	  0.019
[component_container-11] 	 34.500	    GPS	 -0.879	 -1.608	  4.899	     --
[component_container-11] 	 34.500	   Baro	     --	     --	  5.420	     --
[component_container-11] 	 34.500	  BBias	     --	     --	  0.585	     --
[component_container-11] 	 34.500	  Sonar	     --	     --	    inf	     --
[component_container-11] 	 34.500	  Magnt	     --	     --	     --	  3.111
[component_container-11] 
[component_container-11] [INFO] [1775369599.099613977] [drone.estimator]: TMP LOG gps innov_xy=(0.975, 0.610) est_xy=(-1.027, -1.804) gps_xy=(-0.052, -1.194) corr_xy=(-0.052, -1.194) vel_xy=(0.342, 0.217)
[component_container-11] [INFO] [1775369599.099748881] [drone.estimator]: TMP LOG gps vel pseudo raw=(1.654, 0.827) filt=(1.552, 0.780) innov_v=(1.056, 0.467) apply=(1,1)
[component_container-11] 	 34.540	   Pose	 -0.533	 -1.526	  4.889	  3.060
[component_container-11] 	 34.540	  Twist	  0.719	  0.411	 -0.024	 -0.295
[component_container-11] 	 34.540	ErrPose	  0.520	  0.278	  0.001	  0.020
[component_container-11] 	 34.540	ErrTwis	 -1.759	 -1.108	  0.017	  0.017
[component_container-11] 	 34.540	    GPS	 -0.052	 -1.194	  4.890	     --
[component_container-11] 	 34.540	   Baro	     --	     --	  5.517	     --
[component_container-11] 	 34.540	  BBias	     --	     --	  0.585	     --
[component_container-11] 	 34.540	  Sonar	     --	     --	    inf	     --
[component_container-11] 	 34.540	  Magnt	     --	     --	     --	  3.103
[component_container-11] 
[component_container-11] 	 34.570	   Pose	 -0.511	 -1.514	  4.884	  3.053
[component_container-11] 	 34.570	  Twist	  0.716	  0.409	 -0.027	 -0.286
[component_container-11] 	 34.570	ErrPose	  0.519	  0.278	  0.006	  0.022
[component_container-11] 	 34.570	ErrTwis	 -1.747	 -1.110	  0.021	  0.007
[component_container-11] 	 34.570	    GPS	 -0.052	 -1.194	  4.890	     --
[component_container-11] 	 34.570	   Baro	     --	     --	  5.423	     --
[component_container-11] 	 34.570	  BBias	     --	     --	  0.585	     --
[component_container-11] 	 34.570	  Sonar	     --	     --	    inf	     --
[component_container-11] 	 34.570	  Magnt	     --	     --	     --	  3.094
[component_container-11] 
[component_container-11] 	 34.600	   Pose	 -0.490	 -1.501	  4.884	  3.044
[component_container-11] 	 34.600	  Twist	  0.712	  0.407	 -0.025	 -0.291
[component_container-11] 	 34.600	ErrPose	  0.540	  0.292	  0.007	  0.019
[component_container-11] 	 34.600	ErrTwis	 -1.726	 -1.116	  0.020	  0.012
[component_container-11] 	 34.600	    GPS	 -0.052	 -1.194	  4.890	     --
[component_container-11] 	 34.600	   Baro	     --	     --	  5.423	     --
[component_container-11] 	 34.600	  BBias	     --	     --	  0.585	     --
[component_container-11] 	 34.600	  Sonar	     --	     --	    inf	     --
[component_container-11] 	 34.600	  Magnt	     --	     --	     --	  3.094
[component_container-11] 
[component_container-11] 	 34.640	   Pose	 -0.461	 -1.485	  4.874	  3.033
[component_container-11] 	 34.640	  Twist	  0.708	  0.404	 -0.031	 -0.291
[component_container-11] 	 34.640	ErrPose	  0.553	  0.301	  0.017	  0.019
[component_container-11] 	 34.640	ErrTwis	 -1.703	 -1.122	  0.028	  0.012
[component_container-11] 	 34.640	    GPS	 -0.052	 -1.194	  4.890	     --
[component_container-11] 	 34.640	   Baro	     --	     --	  5.365	     --
[component_container-11] 	 34.640	  BBias	     --	     --	  0.585	     --
[component_container-11] 	 34.640	  Sonar	     --	     --	    inf	     --
[component_container-11] 	 34.640	  Magnt	     --	     --	     --	  3.073
[component_container-11] 
[component_container-11] 	 34.670	   Pose	 -0.440	 -1.473	  4.869	  3.024
[component_container-11] 	 34.670	  Twist	  0.704	  0.402	 -0.034	 -0.277
[component_container-11] 	 34.670	ErrPose	  0.552	  0.302	  0.023	  0.022
[component_container-11] 	 34.670	ErrTwis	 -1.689	 -1.123	  0.033	 -0.002
[component_container-11] 	 34.670	    GPS	 -0.052	 -1.194	  4.890	     --
[component_container-11] 	 34.670	   Baro	     --	     --	  5.401	     --
[component_container-11] 	 34.670	  BBias	     --	     --	  0.585	     --
[component_container-11] 	 34.670	  Sonar	     --	     --	    inf	     --
[component_container-11] 	 34.670	  Magnt	     --	     --	     --	  3.016
[component_container-11] 
[component_container-11] 	 34.700	   Pose	 -0.419	 -1.461	  4.868	  3.016
[component_container-11] 	 34.700	  Twist	  0.701	  0.401	 -0.032	 -0.274
[component_container-11] 	 34.700	ErrPose	  0.572	  0.315	  0.024	  0.019
[component_container-11] 	 34.700	ErrTwis	 -1.666	 -1.130	  0.034	 -0.005
[component_container-11] 	 34.700	    GPS	 -0.052	 -1.194	  4.890	     --
[component_container-11] 	 34.700	   Baro	     --	     --	  5.401	     --
[component_container-11] 	 34.700	  BBias	     --	     --	  0.585	     --
[component_container-11] 	 34.700	  Sonar	     --	     --	    inf	     --
[component_container-11] 	 34.700	  Magnt	     --	     --	     --	  3.016
[component_container-11] 
[component_container-11] 	 34.740	   Pose	 -0.391	 -1.445	  4.857	  3.005
[component_container-11] 	 34.740	  Twist	  0.697	  0.398	 -0.040	 -0.281
[component_container-11] 	 34.740	ErrPose	  0.584	  0.324	  0.036	  0.019
[component_container-11] 	 34.740	ErrTwis	 -1.641	 -1.136	  0.045	  0.002
[component_container-11] 	 34.740	    GPS	 -0.052	 -1.194	  4.890	     --
[component_container-11] 	 34.740	   Baro	     --	     --	  5.341	     --
[component_container-11] 	 34.740	  BBias	     --	     --	  0.585	     --
[component_container-11] 	 34.740	  Sonar	     --	     --	    inf	     --
[component_container-11] 	 34.740	  Magnt	     --	     --	     --	  3.022
[component_container-11] 
[component_container-11] 	 34.770	   Pose	 -0.370	 -1.433	  4.864	  2.997
[component_container-11] 	 34.770	  Twist	  0.693	  0.396	 -0.029	 -0.284
[component_container-11] 	 34.770	ErrPose	  0.583	  0.325	  0.030	  0.022
[component_container-11] 	 34.770	ErrTwis	 -1.627	 -1.138	  0.037	  0.004
[component_container-11] 	 34.770	    GPS	 -0.052	 -1.194	  4.890	     --
[component_container-11] 	 34.770	   Baro	     --	     --	  5.535	     --
[component_container-11] 	 34.770	  BBias	     --	     --	  0.585	     --
[component_container-11] 	 34.770	  Sonar	     --	     --	    inf	     --
[component_container-11] 	 34.770	  Magnt	     --	     --	     --	  2.999
[component_container-11] 
[component_container-11] 	 34.800	   Pose	 -0.349	 -1.421	  4.863	  2.988
[component_container-11] 	 34.800	  Twist	  0.690	  0.394	 -0.028	 -0.304
[component_container-11] 	 34.800	ErrPose	  0.602	  0.339	  0.031	  0.020
[component_container-11] 	 34.800	ErrTwis	 -1.602	 -1.145	  0.039	  0.025
[component_container-11] 	 34.800	    GPS	 -0.052	 -1.194	  4.890	     --
[component_container-11] 	 34.800	   Baro	     --	     --	  5.535	     --
[component_container-11] 	 34.800	  BBias	     --	     --	  0.585	     --
[component_container-11] 	 34.800	  Sonar	     --	     --	    inf	     --
[component_container-11] 	 34.800	  Magnt	     --	     --	     --	  2.999
[component_container-11] 
[component_container-11] 	 34.840	   Pose	 -0.322	 -1.406	  4.854	  2.976
[component_container-11] 	 34.840	  Twist	  0.686	  0.391	 -0.035	 -0.281
[component_container-11] 	 34.840	ErrPose	  0.613	  0.349	  0.042	  0.020
[component_container-11] 	 34.840	ErrTwis	 -1.576	 -1.152	  0.049	  0.002
[component_container-11] 	 34.840	    GPS	 -0.052	 -1.194	  4.890	     --
[component_container-11] 	 34.840	   Baro	     --	     --	  5.355	     --
[component_container-11] 	 34.840	  BBias	     --	     --	  0.585	     --
[component_container-11] 	 34.840	  Sonar	     --	     --	    inf	     --
[component_container-11] 	 34.840	  Magnt	     --	     --	     --	  2.955
[component_container-11] 
[component_container-11] 	 34.870	   Pose	 -0.301	 -1.394	  4.855	  2.967
[component_container-11] 	 34.870	  Twist	  0.683	  0.388	 -0.031	 -0.280
[component_container-11] 	 34.870	ErrPose	  0.612	  0.350	  0.041	  0.024
[component_container-11] 	 34.870	ErrTwis	 -1.561	 -1.154	  0.046	  0.000
[component_container-11] 	 34.870	    GPS	 -0.052	 -1.194	  4.890	     --
[component_container-11] 	 34.870	   Baro	     --	     --	  5.462	     --
[component_container-11] 	 34.870	  BBias	     --	     --	  0.585	     --
[component_container-11] 	 34.870	  Sonar	     --	     --	    inf	     --
[component_container-11] 	 34.870	  Magnt	     --	     --	     --	  2.955
[component_container-11] 
[component_container-11] 	 34.900	   Pose	 -0.281	 -1.382	  4.854	  2.959
[component_container-11] 	 34.900	  Twist	  0.680	  0.386	 -0.030	 -0.287
[component_container-11] 	 34.900	ErrPose	  0.630	  0.364	  0.044	  0.021
[component_container-11] 	 34.900	ErrTwis	 -1.535	 -1.161	  0.047	  0.007
[component_container-11] 	 34.900	    GPS	 -0.052	 -1.194	  4.890	     --
[component_container-11] 	 34.900	   Baro	     --	     --	  5.462	     --
[component_container-11] 	 34.900	  BBias	     --	     --	  0.585	     --
[component_container-11] 	 34.900	  Sonar	     --	     --	    inf	     --
[component_container-11] 	 34.900	  Magnt	     --	     --	     --	  2.955
[component_container-11] 
[component_container-11] 	 34.940	   Pose	 -0.254	 -1.367	  4.856	  2.947
[component_container-11] 	 34.940	  Twist	  0.676	  0.384	 -0.025	 -0.278
[component_container-11] 	 34.940	ErrPose	  0.640	  0.374	  0.043	  0.022
[component_container-11] 	 34.940	ErrTwis	 -1.507	 -1.167	  0.044	 -0.002
[component_container-11] 	 34.940	    GPS	 -0.052	 -1.194	  4.890	     --
[component_container-11] 	 34.940	   Baro	     --	     --	  5.477	     --
[component_container-11] 	 34.940	  BBias	     --	     --	  0.585	     --
[component_container-11] 	 34.940	  Sonar	     --	     --	    inf	     --
[component_container-11] 	 34.940	  Magnt	     --	     --	     --	  2.938
[component_container-11] 
[component_container-11] 	 34.970	   Pose	 -0.234	 -1.355	  4.851	  2.939
[component_container-11] 	 34.970	  Twist	  0.673	  0.382	 -0.029	 -0.288
[component_container-11] 	 34.970	ErrPose	  0.638	  0.375	  0.048	  0.024
[component_container-11] 	 34.970	ErrTwis	 -1.493	 -1.169	  0.049	  0.009
[component_container-11] 	 34.970	    GPS	 -0.052	 -1.194	  4.890	     --
[component_container-11] 	 34.970	   Baro	     --	     --	  5.395	     --
[component_container-11] 	 34.970	  BBias	     --	     --	  0.585	     --
[component_container-11] 	 34.970	  Sonar	     --	     --	    inf	     --
[component_container-11] 	 34.970	  Magnt	     --	     --	     --	  2.989
[component_container-11] 
[component_container-11] [INFO] [1775369599.602309369] [drone.controller]: cmd_vel body=(-0.493, -0.870, 0.056) yaw=-0.300 | odom_received=true | plan_points=31
[component_container-11] 	 35.000	   Pose	 -0.213	 -1.344	  4.850	  2.931
[component_container-11] 	 35.000	  Twist	  0.671	  0.380	 -0.028	 -0.275
[component_container-11] 	 35.000	ErrPose	  0.654	  0.389	  0.051	  0.021
[component_container-11] 	 35.000	ErrTwis	 -1.466	 -1.175	  0.051	 -0.005
[component_container-11] 	 35.000	    GPS	 -0.052	 -1.194	  4.890	     --
[component_container-11] 	 35.000	   Baro	     --	     --	  5.395	     --
[component_container-11] 	 35.000	  BBias	     --	     --	  0.585	     --
[component_container-11] 	 35.000	  Sonar	     --	     --	    inf	     --
[component_container-11] 	 35.000	  Magnt	     --	     --	     --	  2.989
[component_container-11] 
[component_container-11] [INFO] [1775369599.602714793] [drone.estimator]: TMP LOG err_xyz=(0.654, 0.389, 0.051) | z_est=4.850 vz_est=-0.028 bias=0.585 | gps_z=4.890 sonar=inf baro=5.395
[component_container-11] 	 35.040	   Pose	 -0.075	 -1.158	  4.871	  2.919
[component_container-11] 	 35.040	  Twist	  0.704	  0.484	 -0.006	 -0.278
[component_container-11] 	 35.040	ErrPose	  0.552	  0.229	  0.032	  0.021
[component_container-11] 	 35.040	ErrTwis	 -1.475	 -1.285	  0.030	 -0.001
[component_container-11] 	 35.040	    GPS	  0.200	 -0.895	  4.902	     --
[component_container-11] 	 35.040	   Baro	     --	     --	  5.609	     --
[component_container-11] 	 35.040	  BBias	     --	     --	  0.585	     --
[component_container-11] 	 35.040	  Sonar	     --	     --	    inf	     --
[component_container-11] 	 35.040	  Magnt	     --	     --	     --	  2.930
[component_container-11] 
[component_container-11] 	 35.070	   Pose	 -0.054	 -1.144	  4.875	  2.911
[component_container-11] 	 35.070	  Twist	  0.701	  0.482	 -0.001	 -0.280
[component_container-11] 	 35.070	ErrPose	  0.549	  0.228	  0.029	  0.024
[component_container-11] 	 35.070	ErrTwis	 -1.459	 -1.287	  0.026	  0.000
[component_container-11] 	 35.070	    GPS	  0.200	 -0.895	  4.902	     --
[component_container-11] 	 35.070	   Baro	     --	     --	  5.507	     --
[component_container-11] 	 35.070	  BBias	     --	     --	  0.585	     --
[component_container-11] 	 35.070	  Sonar	     --	     --	    inf	     --
[component_container-11] 	 35.070	  Magnt	     --	     --	     --	  2.925
[component_container-11] 
[component_container-11] 	 35.100	   Pose	 -0.033	 -1.129	  4.875	  2.902
[component_container-11] 	 35.100	  Twist	  0.699	  0.480	 -0.001	 -0.289
[component_container-11] 	 35.100	ErrPose	  0.563	  0.239	  0.031	  0.022
[component_container-11] 	 35.100	ErrTwis	 -1.432	 -1.292	  0.029	  0.010
[component_container-11] 	 35.100	    GPS	  0.200	 -0.895	  4.902	     --
[component_container-11] 	 35.100	   Baro	     --	     --	  5.507	     --
[component_container-11] 	 35.100	  BBias	     --	     --	  0.585	     --
[component_container-11] 	 35.100	  Sonar	     --	     --	    inf	     --
[component_container-11] 	 35.100	  Magnt	     --	     --	     --	  2.925
[component_container-11] 
[component_container-11] 	 35.140	   Pose	 -0.005	 -1.110	  4.873	  2.890
[component_container-11] 	 35.140	  Twist	  0.695	  0.476	 -0.003	 -0.270
[component_container-11] 	 35.140	ErrPose	  0.569	  0.246	  0.035	  0.023
[component_container-11] 	 35.140	ErrTwis	 -1.403	 -1.295	  0.033	 -0.010
[component_container-11] 	 35.140	    GPS	  0.200	 -0.895	  4.902	     --
[component_container-11] 	 35.140	   Baro	     --	     --	  5.433	     --
[component_container-11] 	 35.140	  BBias	     --	     --	  0.585	     --
[component_container-11] 	 35.140	  Sonar	     --	     --	    inf	     --
[component_container-11] 	 35.140	  Magnt	     --	     --	     --	  2.860
[component_container-11] 
[component_container-11] 	 35.170	   Pose	  0.015	 -1.096	  4.878	  2.882
[component_container-11] 	 35.170	  Twist	  0.692	  0.475	  0.001	 -0.281
[component_container-11] 	 35.170	ErrPose	  0.565	  0.245	  0.031	  0.025
[component_container-11] 	 35.170	ErrTwis	 -1.387	 -1.296	  0.029	  0.001
[component_container-11] 	 35.170	    GPS	  0.200	 -0.895	  4.902	     --
[component_container-11] 	 35.170	   Baro	     --	     --	  5.517	     --
[component_container-11] 	 35.170	  BBias	     --	     --	  0.585	     --
[component_container-11] 	 35.170	  Sonar	     --	     --	    inf	     --
[component_container-11] 	 35.170	  Magnt	     --	     --	     --	  2.894
[component_container-11] 
[component_container-11] 	 35.200	   Pose	  0.036	 -1.082	  4.878	  2.873
[component_container-11] 	 35.200	  Twist	  0.690	  0.473	  0.001	 -0.304
[component_container-11] 	 35.200	ErrPose	  0.577	  0.257	  0.033	  0.023
[component_container-11] 	 35.200	ErrTwis	 -1.359	 -1.300	  0.031	  0.024
[component_container-11] 	 35.200	    GPS	  0.200	 -0.895	  4.902	     --
[component_container-11] 	 35.200	   Baro	     --	     --	  5.517	     --
[component_container-11] 	 35.200	  BBias	     --	     --	  0.585	     --
[component_container-11] 	 35.200	  Sonar	     --	     --	    inf	     --
[component_container-11] 	 35.200	  Magnt	     --	     --	     --	  2.894
[component_container-11] 
[component_container-11] 	 35.240	   Pose	  0.064	 -1.063	  4.888	  2.863
[component_container-11] 	 35.240	  Twist	  0.687	  0.471	  0.011	 -0.287
[component_container-11] 	 35.240	ErrPose	  0.582	  0.264	  0.024	  0.022
[component_container-11] 	 35.240	ErrTwis	 -1.330	 -1.303	  0.022	  0.007
[component_container-11] 	 35.240	    GPS	  0.200	 -0.895	  4.902	     --
[component_container-11] 	 35.240	   Baro	     --	     --	  5.588	     --
[component_container-11] 	 35.240	  BBias	     --	     --	  0.585	     --
[component_container-11] 	 35.240	  Sonar	     --	     --	    inf	     --
[component_container-11] 	 35.240	  Magnt	     --	     --	     --	  2.928
[component_container-11] 
[component_container-11] 	 35.270	   Pose	  0.084	 -1.049	  4.876	  2.855
[component_container-11] 	 35.270	  Twist	  0.685	  0.469	 -0.002	 -0.279
[component_container-11] 	 35.270	ErrPose	  0.577	  0.263	  0.038	  0.024
[component_container-11] 	 35.270	ErrTwis	 -1.315	 -1.305	  0.036	 -0.001
[component_container-11] 	 35.270	    GPS	  0.200	 -0.895	  4.902	     --
[component_container-11] 	 35.270	   Baro	     --	     --	  5.325	     --
[component_container-11] 	 35.270	  BBias	     --	     --	  0.585	     --
[component_container-11] 	 35.270	  Sonar	     --	     --	    inf	     --
[component_container-11] 	 35.270	  Magnt	     --	     --	     --	  2.910
[component_container-11] 
[component_container-11] 	 35.300	   Pose	  0.105	 -1.035	  4.876	  2.846
[component_container-11] 	 35.300	  Twist	  0.683	  0.467	 -0.002	 -0.296
[component_container-11] 	 35.300	ErrPose	  0.588	  0.276	  0.040	  0.021
[component_container-11] 	 35.300	ErrTwis	 -1.287	 -1.308	  0.038	  0.017
[component_container-11] 	 35.300	    GPS	  0.200	 -0.895	  4.902	     --
[component_container-11] 	 35.300	   Baro	     --	     --	  5.325	     --
[component_container-11] 	 35.300	  BBias	     --	     --	  0.585	     --
[component_container-11] 	 35.300	  Sonar	     --	     --	    inf	     --
[component_container-11] 	 35.300	  Magnt	     --	     --	     --	  2.910
[component_container-11] 
[component_container-11] 	 35.340	   Pose	  0.132	 -1.016	  4.870	  2.836
[component_container-11] 	 35.340	  Twist	  0.679	  0.465	 -0.008	 -0.277
[component_container-11] 	 35.340	ErrPose	  0.592	  0.283	  0.047	  0.021
[component_container-11] 	 35.340	ErrTwis	 -1.256	 -1.311	  0.046	 -0.003
[component_container-11] 	 35.340	    GPS	  0.200	 -0.895	  4.902	     --
[component_container-11] 	 35.340	   Baro	     --	     --	  5.396	     --
[component_container-11] 	 35.340	  BBias	     --	     --	  0.585	     --
[component_container-11] 	 35.340	  Sonar	     --	     --	    inf	     --
[component_container-11] 	 35.340	  Magnt	     --	     --	     --	  2.879
[component_container-11] 
[component_container-11] 	 35.370	   Pose	  0.152	 -1.002	  4.872	  2.828
[component_container-11] 	 35.370	  Twist	  0.676	  0.463	 -0.006	 -0.293
[component_container-11] 	 35.370	ErrPose	  0.587	  0.283	  0.046	  0.023
[component_container-11] 	 35.370	ErrTwis	 -1.239	 -1.311	  0.045	  0.014
[component_container-11] 	 35.370	    GPS	  0.200	 -0.895	  4.902	     --
[component_container-11] 	 35.370	   Baro	     --	     --	  5.481	     --
[component_container-11] 	 35.370	  BBias	     --	     --	  0.585	     --
[component_container-11] 	 35.370	  Sonar	     --	     --	    inf	     --
[component_container-11] 	 35.370	  Magnt	     --	     --	     --	  2.867
[component_container-11] 
[component_container-11] 	 35.400	   Pose	  0.173	 -0.988	  4.872	  2.819
[component_container-11] 	 35.400	  Twist	  0.673	  0.460	 -0.006	 -0.286
[component_container-11] 	 35.400	ErrPose	  0.596	  0.296	  0.049	  0.021
[component_container-11] 	 35.400	ErrTwis	 -1.210	 -1.313	  0.047	  0.006
[component_container-11] 	 35.400	    GPS	  0.200	 -0.895	  4.902	     --
[component_container-11] 	 35.400	   Baro	     --	     --	  5.481	     --
[component_container-11] 	 35.400	  BBias	     --	     --	  0.585	     --
[component_container-11] 	 35.400	  Sonar	     --	     --	    inf	     --
[component_container-11] 	 35.400	  Magnt	     --	     --	     --	  2.867
[component_container-11] 
[component_container-11] 	 35.440	   Pose	  0.199	 -0.970	  4.872	  2.808
[component_container-11] 	 35.440	  Twist	  0.670	  0.457	 -0.007	 -0.274
[component_container-11] 	 35.440	ErrPose	  0.598	  0.304	  0.051	  0.021
[component_container-11] 	 35.440	ErrTwis	 -1.179	 -1.315	  0.050	 -0.006
[component_container-11] 	 35.440	    GPS	  0.200	 -0.895	  4.902	     --
[component_container-11] 	 35.440	   Baro	     --	     --	  5.459	     --
[component_container-11] 	 35.440	  BBias	     --	     --	  0.585	     --
[component_container-11] 	 35.440	  Sonar	     --	     --	    inf	     --
[component_container-11] 	 35.440	  Magnt	     --	     --	     --	  2.820
[component_container-11] 
[component_container-11] 	 35.470	   Pose	  0.220	 -0.956	  4.870	  2.799
[component_container-11] 	 35.470	  Twist	  0.668	  0.455	 -0.009	 -0.282
[component_container-11] 	 35.470	ErrPose	  0.593	  0.304	  0.054	  0.024
[component_container-11] 	 35.470	ErrTwis	 -1.164	 -1.315	  0.053	  0.002
[component_container-11] 	 35.470	    GPS	  0.200	 -0.895	  4.902	     --
[component_container-11] 	 35.470	   Baro	     --	     --	  5.433	     --
[component_container-11] 	 35.470	  BBias	     --	     --	  0.585	     --
[component_container-11] 	 35.470	  Sonar	     --	     --	    inf	     --
[component_container-11] 	 35.470	  Magnt	     --	     --	     --	  2.766
[component_container-11] 
[component_container-11] 	 35.500	   Pose	  0.240	 -0.943	  4.869	  2.790
[component_container-11] 	 35.500	  Twist	  0.665	  0.453	 -0.010	 -0.291
[component_container-11] 	 35.500	ErrPose	  0.601	  0.318	  0.057	  0.022
[component_container-11] 	 35.500	ErrTwis	 -1.134	 -1.319	  0.057	  0.012
[component_container-11] 	 35.500	    GPS	  0.200	 -0.895	  4.902	     --
[component_container-11] 	 35.500	   Baro	     --	     --	  5.433	     --
[component_container-11] 	 35.500	  BBias	     --	     --	  0.585	     --
[component_container-11] 	 35.500	  Sonar	     --	     --	    inf	     --
[component_container-11] 	 35.500	  Magnt	     --	     --	     --	  2.766
[component_container-11] 
[component_container-11] [INFO] [1775369600.108377787] [drone.estimator]: TMP LOG gps innov_xy=(0.684, 0.316) est_xy=(0.240, -0.943) gps_xy=(0.924, -0.627) corr_xy=(0.924, -0.627) vel_xy=(0.665, 0.453)
[component_container-11] [INFO] [1775369600.108504318] [drone.estimator]: TMP LOG gps vel pseudo raw=(1.448, 0.537) filt=(1.364, 0.545) innov_v=(0.592, 0.043) apply=(1,1)
[component_container-11] 	 35.540	   Pose	  0.582	 -0.816	  4.887	  2.778
[component_container-11] 	 35.540	  Twist	  0.896	  0.508	  0.007	 -0.291
[component_container-11] 	 35.540	ErrPose	  0.285	  0.218	  0.042	  0.022
[component_container-11] 	 35.540	ErrTwis	 -1.338	 -1.379	  0.042	  0.012
[component_container-11] 	 35.540	    GPS	  0.924	 -0.627	  4.927	     --
[component_container-11] 	 35.540	   Baro	     --	     --	  5.566	     --
[component_container-11] 	 35.540	  BBias	     --	     --	  0.584	     --
[component_container-11] 	 35.540	  Sonar	     --	     --	    inf	     --
[component_container-11] 	 35.540	  Magnt	     --	     --	     --	  2.790
[component_container-11] 
[component_container-11] 	 35.570	   Pose	  0.609	 -0.801	  4.887	  2.771
[component_container-11] 	 35.570	  Twist	  0.894	  0.506	  0.005	 -0.291
[component_container-11] 	 35.570	ErrPose	  0.272	  0.217	  0.043	  0.024
[component_container-11] 	 35.570	ErrTwis	 -1.322	 -1.379	  0.044	  0.012
[component_container-11] 	 35.570	    GPS	  0.924	 -0.627	  4.927	     --
[component_container-11] 	 35.570	   Baro	     --	     --	  5.464	     --
[component_container-11] 	 35.570	  BBias	     --	     --	  0.584	     --
[component_container-11] 	 35.570	  Sonar	     --	     --	    inf	     --
[component_container-11] 	 35.570	  Magnt	     --	     --	     --	  2.835
[component_container-11] 
[component_container-11] 	 35.600	   Pose	  0.636	 -0.785	  4.887	  2.763
[component_container-11] 	 35.600	  Twist	  0.892	  0.503	  0.005	 -0.283
[component_container-11] 	 35.600	ErrPose	  0.272	  0.230	  0.045	  0.021
[component_container-11] 	 35.600	ErrTwis	 -1.293	 -1.381	  0.046	  0.003
[component_container-11] 	 35.600	    GPS	  0.924	 -0.627	  4.927	     --
[component_container-11] 	 35.600	   Baro	     --	     --	  5.464	     --
[component_container-11] 	 35.600	  BBias	     --	     --	  0.584	     --
[component_container-11] 	 35.600	  Sonar	     --	     --	    inf	     --
[component_container-11] 	 35.600	  Magnt	     --	     --	     --	  2.835
[component_container-11] 
[component_container-11] 	 35.640	   Pose	  0.672	 -0.765	  4.905	  2.752
[component_container-11] 	 35.640	  Twist	  0.890	  0.500	  0.023	 -0.280
[component_container-11] 	 35.640	ErrPose	  0.262	  0.238	  0.029	  0.020
[component_container-11] 	 35.640	ErrTwis	 -1.264	 -1.382	  0.029	  0.000
[component_container-11] 	 35.640	    GPS	  0.924	 -0.627	  4.927	     --
[component_container-11] 	 35.640	   Baro	     --	     --	  5.689	     --
[component_container-11] 	 35.640	  BBias	     --	     --	  0.585	     --
[component_container-11] 	 35.640	  Sonar	     --	     --	    inf	     --
[component_container-11] 	 35.640	  Magnt	     --	     --	     --	  2.810
[component_container-11] 
[component_container-11] 	 35.670	   Pose	  0.698	 -0.750	  4.903	  2.744
[component_container-11] 	 35.670	  Twist	  0.889	  0.498	  0.020	 -0.291
[component_container-11] 	 35.670	ErrPose	  0.248	  0.237	  0.033	  0.023
[component_container-11] 	 35.670	ErrTwis	 -1.249	 -1.381	  0.034	  0.011
[component_container-11] 	 35.670	    GPS	  0.924	 -0.627	  4.927	     --
[component_container-11] 	 35.670	   Baro	     --	     --	  5.456	     --
[component_container-11] 	 35.670	  BBias	     --	     --	  0.585	     --
[component_container-11] 	 35.670	  Sonar	     --	     --	    inf	     --
[component_container-11] 	 35.670	  Magnt	     --	     --	     --	  2.763
[component_container-11] 
[component_container-11] 	 35.700	   Pose	  0.725	 -0.735	  4.903	  2.735
[component_container-11] 	 35.700	  Twist	  0.887	  0.495	  0.019	 -0.284
[component_container-11] 	 35.700	ErrPose	  0.246	  0.250	  0.034	  0.021
[component_container-11] 	 35.700	ErrTwis	 -1.219	 -1.382	  0.036	  0.004
[component_container-11] 	 35.700	    GPS	  0.924	 -0.627	  4.927	     --
[component_container-11] 	 35.700	   Baro	     --	     --	  5.456	     --
[component_container-11] 	 35.700	  BBias	     --	     --	  0.585	     --
[component_container-11] 	 35.700	  Sonar	     --	     --	    inf	     --
[component_container-11] 	 35.700	  Magnt	     --	     --	     --	  2.763
[component_container-11] 
[component_container-11] 	 35.740	   Pose	  0.760	 -0.716	  4.901	  2.724
[component_container-11] 	 35.740	  Twist	  0.886	  0.492	  0.014	 -0.278
[component_container-11] 	 35.740	ErrPose	  0.234	  0.260	  0.039	  0.021
[component_container-11] 	 35.740	ErrTwis	 -1.190	 -1.383	  0.042	 -0.002
[component_container-11] 	 35.740	    GPS	  0.924	 -0.627	  4.927	     --
[component_container-11] 	 35.740	   Baro	     --	     --	  5.449	     --
[component_container-11] 	 35.740	  BBias	     --	     --	  0.585	     --
[component_container-11] 	 35.740	  Sonar	     --	     --	    inf	     --
[component_container-11] 	 35.740	  Magnt	     --	     --	     --	  2.735
[component_container-11] 
[component_container-11] 	 35.770	   Pose	  0.787	 -0.701	  4.911	  2.716
[component_container-11] 	 35.770	  Twist	  0.884	  0.489	  0.023	 -0.291
[component_container-11] 	 35.770	ErrPose	  0.220	  0.259	  0.029	  0.023
[component_container-11] 	 35.770	ErrTwis	 -1.174	 -1.383	  0.033	  0.012
[component_container-11] 	 35.770	    GPS	  0.924	 -0.627	  4.927	     --
[component_container-11] 	 35.770	   Baro	     --	     --	  5.607	     --
[component_container-11] 	 35.770	  BBias	     --	     --	  0.585	     --
[component_container-11] 	 35.770	  Sonar	     --	     --	    inf	     --
[component_container-11] 	 35.770	  Magnt	     --	     --	     --	  2.748
[component_container-11] 
[component_container-11] 	 35.800	   Pose	  0.813	 -0.686	  4.912	  2.708
[component_container-11] 	 35.800	  Twist	  0.882	  0.486	  0.022	 -0.276
[component_container-11] 	 35.800	ErrPose	  0.216	  0.274	  0.031	  0.020
[component_container-11] 	 35.800	ErrTwis	 -1.144	 -1.383	  0.035	 -0.003
[component_container-11] 	 35.800	    GPS	  0.924	 -0.627	  4.927	     --
[component_container-11] 	 35.800	   Baro	     --	     --	  5.607	     --
[component_container-11] 	 35.800	  BBias	     --	     --	  0.585	     --
[component_container-11] 	 35.800	  Sonar	     --	     --	    inf	     --
[component_container-11] 	 35.800	  Magnt	     --	     --	     --	  2.748
[component_container-11] 
[component_container-11] 	 35.840	   Pose	  0.849	 -0.667	  4.911	  2.696
[component_container-11] 	 35.840	  Twist	  0.881	  0.483	  0.018	 -0.302
[component_container-11] 	 35.840	ErrPose	  0.203	  0.284	  0.035	  0.021
[component_container-11] 	 35.840	ErrTwis	 -1.115	 -1.383	  0.040	  0.022
[component_container-11] 	 35.840	    GPS	  0.924	 -0.627	  4.927	     --
[component_container-11] 	 35.840	   Baro	     --	     --	  5.469	     --
[component_container-11] 	 35.840	  BBias	     --	     --	  0.585	     --
[component_container-11] 	 35.840	  Sonar	     --	     --	    inf	     --
[component_container-11] 	 35.840	  Magnt	     --	     --	     --	  2.698
[component_container-11] 
[component_container-11] 	 35.870	   Pose	  0.875	 -0.653	  4.914	  2.687
[component_container-11] 	 35.870	  Twist	  0.879	  0.480	  0.019	 -0.291
[component_container-11] 	 35.870	ErrPose	  0.188	  0.285	  0.032	  0.024
[component_container-11] 	 35.870	ErrTwis	 -1.099	 -1.382	  0.039	  0.011
[component_container-11] 	 35.870	    GPS	  0.924	 -0.627	  4.927	     --
[component_container-11] 	 35.870	   Baro	     --	     --	  5.532	     --
[component_container-11] 	 35.870	  BBias	     --	     --	  0.585	     --
[component_container-11] 	 35.870	  Sonar	     --	     --	    inf	     --
[component_container-11] 	 35.870	  Magnt	     --	     --	     --	  2.709
[component_container-11] 
[component_container-11] 	 35.900	   Pose	  0.901	 -0.638	  4.915	  2.679
[component_container-11] 	 35.900	  Twist	  0.877	  0.478	  0.017	 -0.292
[component_container-11] 	 35.900	ErrPose	  0.183	  0.300	  0.034	  0.021
[component_container-11] 	 35.900	ErrTwis	 -1.069	 -1.383	  0.041	  0.012
[component_container-11] 	 35.900	    GPS	  0.924	 -0.627	  4.927	     --
[component_container-11] 	 35.900	   Baro	     --	     --	  5.532	     --
[component_container-11] 	 35.900	  BBias	     --	     --	  0.585	     --
[component_container-11] 	 35.900	  Sonar	     --	     --	    inf	     --
[component_container-11] 	 35.900	  Magnt	     --	     --	     --	  2.709
[component_container-11] 
[component_container-11] 	 35.940	   Pose	  0.936	 -0.619	  4.912	  2.667
[component_container-11] 	 35.940	  Twist	  0.875	  0.474	  0.012	 -0.284
[component_container-11] 	 35.940	ErrPose	  0.169	  0.311	  0.039	  0.022
[component_container-11] 	 35.940	ErrTwis	 -1.039	 -1.382	  0.047	  0.005
[component_container-11] 	 35.940	    GPS	  0.924	 -0.627	  4.927	     --
[component_container-11] 	 35.940	   Baro	     --	     --	  5.457	     --
[component_container-11] 	 35.940	  BBias	     --	     --	  0.585	     --
[component_container-11] 	 35.940	  Sonar	     --	     --	    inf	     --
[component_container-11] 	 35.940	  Magnt	     --	     --	     --	  2.651
[component_container-11] 
[component_container-11] 	 35.970	   Pose	  0.963	 -0.605	  4.910	  2.659
[component_container-11] 	 35.970	  Twist	  0.873	  0.471	  0.008	 -0.277
[component_container-11] 	 35.970	ErrPose	  0.153	  0.313	  0.041	  0.024
[component_container-11] 	 35.970	ErrTwis	 -1.023	 -1.380	  0.050	 -0.003
[component_container-11] 	 35.970	    GPS	  0.924	 -0.627	  4.927	     --
[component_container-11] 	 35.970	   Baro	     --	     --	  5.480	     --
[component_container-11] 	 35.970	  BBias	     --	     --	  0.585	     --
[component_container-11] 	 35.970	  Sonar	     --	     --	    inf	     --
[component_container-11] 	 35.970	  Magnt	     --	     --	     --	  2.693
[component_container-11] 
[component_container-11] 	 36.000	   Pose	  0.989	 -0.591	  4.911	  2.650
[component_container-11] 	 36.000	  Twist	  0.872	  0.469	  0.007	 -0.294
[component_container-11] 	 36.000	ErrPose	  0.147	  0.329	  0.043	  0.022
[component_container-11] 	 36.000	ErrTwis	 -0.994	 -1.380	  0.052	  0.014
[component_container-11] 	 36.000	    GPS	  0.924	 -0.627	  4.927	     --
[component_container-11] 	 36.000	   Baro	     --	     --	  5.480	     --
[component_container-11] 	 36.000	  BBias	     --	     --	  0.585	     --
[component_container-11] 	 36.000	  Sonar	     --	     --	    inf	     --
[component_container-11] 	 36.000	  Magnt	     --	     --	     --	  2.693
[component_container-11] 
[component_container-11] [INFO] [1775369600.606620106] [drone.estimator]: TMP LOG err_xyz=(0.147, 0.329, 0.043) | z_est=4.911 vz_est=0.007 bias=0.585 | gps_z=4.927 sonar=inf baro=5.480
[component_container-11] [INFO] [1775369600.606876533] [drone.controller]: cmd_vel body=(0.146, -0.988, 0.057) yaw=-0.300 | odom_received=true | plan_points=18
[component_container-11] 	 36.040	   Pose	  0.982	 -0.407	  4.926	  2.640
[component_container-11] 	 36.040	  Twist	  0.790	  0.584	  0.020	 -0.271
[component_container-11] 	 36.040	ErrPose	  0.172	  0.176	  0.030	  0.020
[component_container-11] 	 36.040	ErrTwis	 -0.884	 -1.496	  0.039	 -0.009
[component_container-11] 	 36.040	    GPS	  1.092	 -0.211	  4.954	     --
[component_container-11] 	 36.040	   Baro	     --	     --	  5.593	     --
[component_container-11] 	 36.040	  BBias	     --	     --	  0.584	     --
[component_container-11] 	 36.040	  Sonar	     --	     --	    inf	     --
[component_container-11] 	 36.040	  Magnt	     --	     --	     --	  2.718
[component_container-11] 
[component_container-11] 	 36.070	   Pose	  1.006	 -0.389	  4.921	  2.632
[component_container-11] 	 36.070	  Twist	  0.789	  0.581	  0.012	 -0.284
[component_container-11] 	 36.070	ErrPose	  0.158	  0.174	  0.036	  0.024
[component_container-11] 	 36.070	ErrTwis	 -0.869	 -1.494	  0.046	  0.004
[component_container-11] 	 36.070	    GPS	  1.092	 -0.211	  4.954	     --
[component_container-11] 	 36.070	   Baro	     --	     --	  5.440	     --
[component_container-11] 	 36.070	  BBias	     --	     --	  0.584	     --
[component_container-11] 	 36.070	  Sonar	     --	     --	    inf	     --
[component_container-11] 	 36.070	  Magnt	     --	     --	     --	  2.622
[component_container-11] 
[component_container-11] 	 36.100	   Pose	  1.030	 -0.372	  4.921	  2.623
[component_container-11] 	 36.100	  Twist	  0.788	  0.579	  0.011	 -0.283
[component_container-11] 	 36.100	ErrPose	  0.153	  0.189	  0.037	  0.021
[component_container-11] 	 36.100	ErrTwis	 -0.840	 -1.492	  0.048	  0.003
[component_container-11] 	 36.100	    GPS	  1.092	 -0.211	  4.954	     --
[component_container-11] 	 36.100	   Baro	     --	     --	  5.440	     --
[component_container-11] 	 36.100	  BBias	     --	     --	  0.584	     --
[component_container-11] 	 36.100	  Sonar	     --	     --	    inf	     --
[component_container-11] 	 36.100	  Magnt	     --	     --	     --	  2.622
[component_container-11] 
[component_container-11] 	 36.140	   Pose	  1.061	 -0.349	  4.914	  2.611
[component_container-11] 	 36.140	  Twist	  0.788	  0.575	  0.002	 -0.291
[component_container-11] 	 36.140	ErrPose	  0.139	  0.198	  0.046	  0.022
[component_container-11] 	 36.140	ErrTwis	 -0.812	 -1.489	  0.057	  0.011
[component_container-11] 	 36.140	    GPS	  1.092	 -0.211	  4.954	     --
[component_container-11] 	 36.140	   Baro	     --	     --	  5.417	     --
[component_container-11] 	 36.140	  BBias	     --	     --	  0.584	     --
[component_container-11] 	 36.140	  Sonar	     --	     --	    inf	     --
[component_container-11] 	 36.140	  Magnt	     --	     --	     --	  2.596
[component_container-11] 
[component_container-11] 	 36.170	   Pose	  1.085	 -0.331	  4.923	  2.603
[component_container-11] 	 36.170	  Twist	  0.787	  0.572	  0.010	 -0.289
[component_container-11] 	 36.170	ErrPose	  0.124	  0.196	  0.038	  0.024
[component_container-11] 	 36.170	ErrTwis	 -0.797	 -1.486	  0.049	  0.010
[component_container-11] 	 36.170	    GPS	  1.092	 -0.211	  4.954	     --
[component_container-11] 	 36.170	   Baro	     --	     --	  5.606	     --
[component_container-11] 	 36.170	  BBias	     --	     --	  0.584	     --
[component_container-11] 	 36.170	  Sonar	     --	     --	    inf	     --
[component_container-11] 	 36.170	  Magnt	     --	     --	     --	  2.637
[component_container-11] 
[component_container-11] 	 36.200	   Pose	  1.108	 -0.314	  4.923	  2.594
[component_container-11] 	 36.200	  Twist	  0.787	  0.570	  0.009	 -0.290
[component_container-11] 	 36.200	ErrPose	  0.117	  0.212	  0.040	  0.022
[component_container-11] 	 36.200	ErrTwis	 -0.769	 -1.483	  0.050	  0.010
[component_container-11] 	 36.200	    GPS	  1.092	 -0.211	  4.954	     --
[component_container-11] 	 36.200	   Baro	     --	     --	  5.606	     --
[component_container-11] 	 36.200	  BBias	     --	     --	  0.584	     --
[component_container-11] 	 36.200	  Sonar	     --	     --	    inf	     --
[component_container-11] 	 36.200	  Magnt	     --	     --	     --	  2.637
[component_container-11] 
[component_container-11] 	 36.240	   Pose	  1.140	 -0.292	  4.921	  2.583
[component_container-11] 	 36.240	  Twist	  0.786	  0.566	  0.005	 -0.296
[component_container-11] 	 36.240	ErrPose	  0.102	  0.222	  0.044	  0.022
[component_container-11] 	 36.240	ErrTwis	 -0.741	 -1.478	  0.055	  0.017
[component_container-11] 	 36.240	    GPS	  1.092	 -0.211	  4.954	     --
[component_container-11] 	 36.240	   Baro	     --	     --	  5.475	     --
[component_container-11] 	 36.240	  BBias	     --	     --	  0.584	     --
[component_container-11] 	 36.240	  Sonar	     --	     --	    inf	     --
[component_container-11] 	 36.240	  Magnt	     --	     --	     --	  2.602
[component_container-11] 
[component_container-11] 	 36.270	   Pose	  1.163	 -0.275	  4.925	  2.575
[component_container-11] 	 36.270	  Twist	  0.785	  0.563	  0.008	 -0.288
[component_container-11] 	 36.270	ErrPose	  0.086	  0.221	  0.041	  0.025
[component_container-11] 	 36.270	ErrTwis	 -0.727	 -1.474	  0.052	  0.009
[component_container-11] 	 36.270	    GPS	  1.092	 -0.211	  4.954	     --
[component_container-11] 	 36.270	   Baro	     --	     --	  5.553	     --
[component_container-11] 	 36.270	  BBias	     --	     --	  0.584	     --
[component_container-11] 	 36.270	  Sonar	     --	     --	    inf	     --
[component_container-11] 	 36.270	  Magnt	     --	     --	     --	  2.590
[component_container-11] 
[component_container-11] 	 36.300	   Pose	  1.187	 -0.258	  4.925	  2.566
[component_container-11] 	 36.300	  Twist	  0.785	  0.560	  0.007	 -0.284
[component_container-11] 	 36.300	ErrPose	  0.078	  0.238	  0.043	  0.022
[component_container-11] 	 36.300	ErrTwis	 -0.700	 -1.470	  0.053	  0.005
[component_container-11] 	 36.300	    GPS	  1.092	 -0.211	  4.954	     --
[component_container-11] 	 36.300	   Baro	     --	     --	  5.553	     --
[component_container-11] 	 36.300	  BBias	     --	     --	  0.584	     --
[component_container-11] 	 36.300	  Sonar	     --	     --	    inf	     --
[component_container-11] 	 36.300	  Magnt	     --	     --	     --	  2.590
[component_container-11] 
[component_container-11] 	 36.340	   Pose	  1.218	 -0.235	  4.947	  2.556
[component_container-11] 	 36.340	  Twist	  0.784	  0.556	  0.029	 -0.290
[component_container-11] 	 36.340	ErrPose	  0.061	  0.249	  0.022	  0.021
[component_container-11] 	 36.340	ErrTwis	 -0.672	 -1.463	  0.032	  0.011
[component_container-11] 	 36.340	    GPS	  1.092	 -0.211	  4.954	     --
[component_container-11] 	 36.340	   Baro	     --	     --	  5.757	     --
[component_container-11] 	 36.340	  BBias	     --	     --	  0.584	     --
[component_container-11] 	 36.340	  Sonar	     --	     --	    inf	     --
[component_container-11] 	 36.340	  Magnt	     --	     --	     --	  2.606
[component_container-11] 
[component_container-11] 	 36.370	   Pose	  1.242	 -0.219	  4.943	  2.549
[component_container-11] 	 36.370	  Twist	  0.784	  0.553	  0.022	 -0.298
[component_container-11] 	 36.370	ErrPose	  0.045	  0.249	  0.027	  0.023
[component_container-11] 	 36.370	ErrTwis	 -0.659	 -1.459	  0.038	  0.018
[component_container-11] 	 36.370	    GPS	  1.092	 -0.211	  4.954	     --
[component_container-11] 	 36.370	   Baro	     --	     --	  5.476	     --
[component_container-11] 	 36.370	  BBias	     --	     --	  0.584	     --
[component_container-11] 	 36.370	  Sonar	     --	     --	    inf	     --
[component_container-11] 	 36.370	  Magnt	     --	     --	     --	  2.609
[component_container-11] 
[component_container-11] 	 36.400	   Pose	  1.265	 -0.202	  4.944	  2.540
[component_container-11] 	 36.400	  Twist	  0.784	  0.550	  0.021	 -0.283
[component_container-11] 	 36.400	ErrPose	  0.035	  0.267	  0.029	  0.020
[component_container-11] 	 36.400	ErrTwis	 -0.632	 -1.452	  0.039	  0.003
[component_container-11] 	 36.400	    GPS	  1.092	 -0.211	  4.954	     --
[component_container-11] 	 36.400	   Baro	     --	     --	  5.476	     --
[component_container-11] 	 36.400	  BBias	     --	     --	  0.584	     --
[component_container-11] 	 36.400	  Sonar	     --	     --	    inf	     --
[component_container-11] 	 36.400	  Magnt	     --	     --	     --	  2.609
[component_container-11] 
[component_container-11] 	 36.440	   Pose	  1.297	 -0.180	  4.951	  2.529
[component_container-11] 	 36.440	  Twist	  0.784	  0.545	  0.025	 -0.287
[component_container-11] 	 36.440	ErrPose	  0.017	  0.279	  0.023	  0.020
[component_container-11] 	 36.440	ErrTwis	 -0.606	 -1.443	  0.034	  0.008
[component_container-11] 	 36.440	    GPS	  1.092	 -0.211	  4.954	     --
[component_container-11] 	 36.440	   Baro	     --	     --	  5.598	     --
[component_container-11] 	 36.440	  BBias	     --	     --	  0.584	     --
[component_container-11] 	 36.440	  Sonar	     --	     --	    inf	     --
[component_container-11] 	 36.440	  Magnt	     --	     --	     --	  2.542
[component_container-11] 
[component_container-11] 	 36.470	   Pose	  1.320	 -0.164	  4.954	  2.521
[component_container-11] 	 36.470	  Twist	  0.784	  0.542	  0.025	 -0.292
[component_container-11] 	 36.470	ErrPose	 -0.000	  0.280	  0.021	  0.023
[component_container-11] 	 36.470	ErrTwis	 -0.591	 -1.437	  0.033	  0.013
[component_container-11] 	 36.470	    GPS	  1.092	 -0.211	  4.954	     --
[component_container-11] 	 36.470	   Baro	     --	     --	  5.563	     --
[component_container-11] 	 36.470	  BBias	     --	     --	  0.584	     --
[component_container-11] 	 36.470	  Sonar	     --	     --	    inf	     --
[component_container-11] 	 36.470	  Magnt	     --	     --	     --	  2.541
[component_container-11] 
[component_container-11] 	 36.500	   Pose	  1.344	 -0.148	  4.955	  2.512
[component_container-11] 	 36.500	  Twist	  0.783	  0.538	  0.024	 -0.281
[component_container-11] 	 36.500	ErrPose	 -0.011	  0.298	  0.022	  0.020
[component_container-11] 	 36.500	ErrTwis	 -0.565	 -1.428	  0.033	  0.001
[component_container-11] 	 36.500	    GPS	  1.092	 -0.211	  4.954	     --
[component_container-11] 	 36.500	   Baro	     --	     --	  5.563	     --
[component_container-11] 	 36.500	  BBias	     --	     --	  0.584	     --
[component_container-11] 	 36.500	  Sonar	     --	     --	    inf	     --
[component_container-11] 	 36.500	  Magnt	     --	     --	     --	  2.541
[component_container-11] 
[component_container-11] [INFO] [1775369601.110509326] [drone.estimator]: TMP LOG gps innov_xy=(-0.140, 0.347) est_xy=(1.352, -0.142) gps_xy=(1.212, 0.205) corr_xy=(1.212, 0.205) vel_xy=(0.783, 0.537)
[component_container-11] [INFO] [1775369601.110991113] [drone.estimator]: TMP LOG gps vel pseudo raw=(0.240, 0.832) filt=(0.260, 0.829) innov_v=(-0.501, 0.237) apply=(1,1)
[component_container-11] 	 36.540	   Pose	  1.249	  0.024	  4.956	  2.501
[component_container-11] 	 36.540	  Twist	  0.653	  0.640	  0.021	 -0.281
[component_container-11] 	 36.540	ErrPose	  0.095	  0.161	  0.022	  0.020
[component_container-11] 	 36.540	ErrTwis	 -0.408	 -1.523	  0.034	  0.001
[component_container-11] 	 36.540	    GPS	  1.212	  0.205	  4.977	     --
[component_container-11] 	 36.540	   Baro	     --	     --	  5.499	     --
[component_container-11] 	 36.540	  BBias	     --	     --	  0.584	     --
[component_container-11] 	 36.540	  Sonar	     --	     --	    inf	     --
[component_container-11] 	 36.540	  Magnt	     --	     --	     --	  2.531
[component_container-11] 
[component_container-11] 	 36.570	   Pose	  1.269	  0.043	  4.959	  2.493
[component_container-11] 	 36.570	  Twist	  0.653	  0.637	  0.022	 -0.297
[component_container-11] 	 36.570	ErrPose	  0.081	  0.160	  0.020	  0.022
[component_container-11] 	 36.570	ErrTwis	 -0.395	 -1.516	  0.033	  0.017
[component_container-11] 	 36.570	    GPS	  1.212	  0.205	  4.977	     --
[component_container-11] 	 36.570	   Baro	     --	     --	  5.573	     --
[component_container-11] 	 36.570	  BBias	     --	     --	  0.584	     --
[component_container-11] 	 36.570	  Sonar	     --	     --	    inf	     --
[component_container-11] 	 36.570	  Magnt	     --	     --	     --	  2.526
[component_container-11] 
[component_container-11] 	 36.600	   Pose	  1.289	  0.062	  4.960	  2.484
[component_container-11] 	 36.600	  Twist	  0.653	  0.634	  0.021	 -0.291
[component_container-11] 	 36.600	ErrPose	  0.072	  0.176	  0.021	  0.020
[component_container-11] 	 36.600	ErrTwis	 -0.369	 -1.505	  0.033	  0.011
[component_container-11] 	 36.600	    GPS	  1.212	  0.205	  4.977	     --
[component_container-11] 	 36.600	   Baro	     --	     --	  5.573	     --
[component_container-11] 	 36.600	  BBias	     --	     --	  0.584	     --
[component_container-11] 	 36.600	  Sonar	     --	     --	    inf	     --
[component_container-11] 	 36.600	  Magnt	     --	     --	     --	  2.526
[component_container-11] 
[component_container-11] 	 36.640	   Pose	  1.315	  0.088	  4.956	  2.473
[component_container-11] 	 36.640	  Twist	  0.653	  0.629	  0.014	 -0.293
[component_container-11] 	 36.640	ErrPose	  0.055	  0.186	  0.027	  0.019
[component_container-11] 	 36.640	ErrTwis	 -0.344	 -1.491	  0.038	  0.013
[component_container-11] 	 36.640	    GPS	  1.212	  0.205	  4.977	     --
[component_container-11] 	 36.640	   Baro	     --	     --	  5.489	     --
[component_container-11] 	 36.640	  BBias	     --	     --	  0.584	     --
[component_container-11] 	 36.640	  Sonar	     --	     --	    inf	     --
[component_container-11] 	 36.640	  Magnt	     --	     --	     --	  2.517
[component_container-11] 
[component_container-11] 	 36.670	   Pose	  1.334	  0.106	  4.950	  2.464
[component_container-11] 	 36.670	  Twist	  0.654	  0.626	  0.006	 -0.287
[component_container-11] 	 36.670	ErrPose	  0.041	  0.185	  0.034	  0.023
[component_container-11] 	 36.670	ErrTwis	 -0.332	 -1.484	  0.047	  0.007
[component_container-11] 	 36.670	    GPS	  1.212	  0.205	  4.977	     --
[component_container-11] 	 36.670	   Baro	     --	     --	  5.457	     --
[component_container-11] 	 36.670	  BBias	     --	     --	  0.584	     --
[component_container-11] 	 36.670	  Sonar	     --	     --	    inf	     --
[component_container-11] 	 36.670	  Magnt	     --	     --	     --	  2.430
[component_container-11] 
[component_container-11] 	 36.700	   Pose	  1.354	  0.125	  4.950	  2.455
[component_container-11] 	 36.700	  Twist	  0.654	  0.622	  0.005	 -0.278
[component_container-11] 	 36.700	ErrPose	  0.030	  0.201	  0.035	  0.021
[component_container-11] 	 36.700	ErrTwis	 -0.307	 -1.470	  0.048	 -0.002
[component_container-11] 	 36.700	    GPS	  1.212	  0.205	  4.977	     --
[component_container-11] 	 36.700	   Baro	     --	     --	  5.457	     --
[component_container-11] 	 36.700	  BBias	     --	     --	  0.584	     --
[component_container-11] 	 36.700	  Sonar	     --	     --	    inf	     --
[component_container-11] 	 36.700	  Magnt	     --	     --	     --	  2.430
[component_container-11] 
[component_container-11] 	 36.740	   Pose	  1.380	  0.150	  4.957	  2.444
[component_container-11] 	 36.740	  Twist	  0.653	  0.617	  0.011	 -0.297
[component_container-11] 	 36.740	ErrPose	  0.012	  0.212	  0.030	  0.021
[component_container-11] 	 36.740	ErrTwis	 -0.282	 -1.455	  0.043	  0.017
[component_container-11] 	 36.740	    GPS	  1.212	  0.205	  4.977	     --
[component_container-11] 	 36.740	   Baro	     --	     --	  5.615	     --
[component_container-11] 	 36.740	  BBias	     --	     --	  0.584	     --
[component_container-11] 	 36.740	  Sonar	     --	     --	    inf	     --
[component_container-11] 	 36.740	  Magnt	     --	     --	     --	  2.462
[component_container-11] 
[component_container-11] 	 36.770	   Pose	  1.400	  0.168	  4.949	  2.435
[component_container-11] 	 36.770	  Twist	  0.654	  0.613	  0.001	 -0.289
[component_container-11] 	 36.770	ErrPose	 -0.003	  0.212	  0.038	  0.025
[component_container-11] 	 36.770	ErrTwis	 -0.270	 -1.447	  0.053	  0.009
[component_container-11] 	 36.770	    GPS	  1.212	  0.205	  4.977	     --
[component_container-11] 	 36.770	   Baro	     --	     --	  5.447	     --
[component_container-11] 	 36.770	  BBias	     --	     --	  0.584	     --
[component_container-11] 	 36.770	  Sonar	     --	     --	    inf	     --
[component_container-11] 	 36.770	  Magnt	     --	     --	     --	  2.415
[component_container-11] 
[component_container-11] 	 36.800	   Pose	  1.419	  0.187	  4.949	  2.426
[component_container-11] 	 36.800	  Twist	  0.654	  0.610	 -0.000	 -0.281
[component_container-11] 	 36.800	ErrPose	 -0.015	  0.230	  0.040	  0.022
[component_container-11] 	 36.800	ErrTwis	 -0.247	 -1.434	  0.054	  0.001
[component_container-11] 	 36.800	    GPS	  1.212	  0.205	  4.977	     --
[component_container-11] 	 36.800	   Baro	     --	     --	  5.447	     --
[component_container-11] 	 36.800	  BBias	     --	     --	  0.584	     --
[component_container-11] 	 36.800	  Sonar	     --	     --	    inf	     --
[component_container-11] 	 36.800	  Magnt	     --	     --	     --	  2.415
[component_container-11] 
[component_container-11] 	 36.840	   Pose	  1.446	  0.211	  4.953	  2.415
[component_container-11] 	 36.840	  Twist	  0.655	  0.605	  0.001	 -0.283
[component_container-11] 	 36.840	ErrPose	 -0.035	  0.242	  0.037	  0.021
[component_container-11] 	 36.840	ErrTwis	 -0.223	 -1.419	  0.052	  0.003
[component_container-11] 	 36.840	    GPS	  1.212	  0.205	  4.977	     --
[component_container-11] 	 36.840	   Baro	     --	     --	  5.577	     --
[component_container-11] 	 36.840	  BBias	     --	     --	  0.584	     --
[component_container-11] 	 36.840	  Sonar	     --	     --	    inf	     --
[component_container-11] 	 36.840	  Magnt	     --	     --	     --	  2.458
[component_container-11] 
[component_container-11] 	 36.870	   Pose	  1.465	  0.229	  4.960	  2.408
[component_container-11] 	 36.870	  Twist	  0.655	  0.602	  0.008	 -0.278
[component_container-11] 	 36.870	ErrPose	 -0.051	  0.242	  0.031	  0.024
[component_container-11] 	 36.870	ErrTwis	 -0.212	 -1.411	  0.045	 -0.002
[component_container-11] 	 36.870	    GPS	  1.212	  0.205	  4.977	     --
[component_container-11] 	 36.870	   Baro	     --	     --	  5.613	     --
[component_container-11] 	 36.870	  BBias	     --	     --	  0.584	     --
[component_container-11] 	 36.870	  Sonar	     --	     --	    inf	     --
[component_container-11] 	 36.870	  Magnt	     --	     --	     --	  2.443
[component_container-11] 
[component_container-11] 	 36.900	   Pose	  1.485	  0.247	  4.960	  2.399
[component_container-11] 	 36.900	  Twist	  0.656	  0.599	  0.008	 -0.284
[component_container-11] 	 36.900	ErrPose	 -0.064	  0.260	  0.033	  0.021
[component_container-11] 	 36.900	ErrTwis	 -0.190	 -1.396	  0.043	  0.004
[component_container-11] 	 36.900	    GPS	  1.212	  0.205	  4.977	     --
[component_container-11] 	 36.900	   Baro	     --	     --	  5.613	     --
[component_container-11] 	 36.900	  BBias	     --	     --	  0.584	     --
[component_container-11] 	 36.900	  Sonar	     --	     --	    inf	     --
[component_container-11] 	 36.900	  Magnt	     --	     --	     --	  2.443
[component_container-11] 
[component_container-11] 	 36.940	   Pose	  1.511	  0.271	  4.959	  2.388
[component_container-11] 	 36.940	  Twist	  0.658	  0.595	  0.005	 -0.292
[component_container-11] 	 36.940	ErrPose	 -0.085	  0.273	  0.036	  0.021
[component_container-11] 	 36.940	ErrTwis	 -0.170	 -1.379	  0.042	  0.013
[component_container-11] 	 36.940	    GPS	  1.212	  0.205	  4.977	     --
[component_container-11] 	 36.940	   Baro	     --	     --	  5.526	     --
[component_container-11] 	 36.940	  BBias	     --	     --	  0.584	     --
[component_container-11] 	 36.940	  Sonar	     --	     --	    inf	     --
[component_container-11] 	 36.940	  Magnt	     --	     --	     --	  2.391
[component_container-11] 
[component_container-11] 	 36.970	   Pose	  1.531	  0.289	  4.961	  2.379
[component_container-11] 	 36.970	  Twist	  0.659	  0.591	  0.006	 -0.283
[component_container-11] 	 36.970	ErrPose	 -0.102	  0.273	  0.034	  0.024
[component_container-11] 	 36.970	ErrTwis	 -0.160	 -1.368	  0.040	  0.003
[component_container-11] 	 36.970	    GPS	  1.212	  0.205	  4.977	     --
[component_container-11] 	 36.970	   Baro	     --	     --	  5.566	     --
[component_container-11] 	 36.970	  BBias	     --	     --	  0.584	     --
[component_container-11] 	 36.970	  Sonar	     --	     --	    inf	     --
[component_container-11] 	 36.970	  Magnt	     --	     --	     --	  2.376
[component_container-11] 
[component_container-11] [INFO] [1775369601.606780762] [drone.controller]: cmd_vel body=(0.584, -0.484, 0.039) yaw=-0.300 | odom_received=true | plan_points=9
[component_container-11] 	 37.000	   Pose	  1.551	  0.306	  4.961	  2.370
[component_container-11] 	 37.000	  Twist	  0.659	  0.587	  0.005	 -0.292
[component_container-11] 	 37.000	ErrPose	 -0.118	  0.292	  0.035	  0.022
[component_container-11] 	 37.000	ErrTwis	 -0.140	 -1.348	  0.038	  0.013
[component_container-11] 	 37.000	    GPS	  1.212	  0.205	  4.977	     --
[component_container-11] 	 37.000	   Baro	     --	     --	  5.566	     --
[component_container-11] 	 37.000	  BBias	     --	     --	  0.584	     --
[component_container-11] 	 37.000	  Sonar	     --	     --	    inf	     --
[component_container-11] 	 37.000	  Magnt	     --	     --	     --	  2.376
[component_container-11] 
[component_container-11] [INFO] [1775369601.607216592] [drone.estimator]: TMP LOG err_xyz=(-0.118, 0.292, 0.035) | z_est=4.961 vz_est=0.005 bias=0.584 | gps_z=4.977 sonar=inf baro=5.566
[component_container-11] 	 37.040	   Pose	  1.377	  0.498	  4.963	  2.359
[component_container-11] 	 37.040	  Twist	  0.485	  0.705	  0.004	 -0.298
[component_container-11] 	 37.040	ErrPose	  0.060	  0.137	  0.035	  0.022
[component_container-11] 	 37.040	ErrTwis	  0.054	 -1.449	  0.036	  0.019
[component_container-11] 	 37.040	    GPS	  1.219	  0.683	  4.997	     --
[component_container-11] 	 37.040	   Baro	     --	     --	  5.491	     --
[component_container-11] 	 37.040	  BBias	     --	     --	  0.584	     --
[component_container-11] 	 37.040	  Sonar	     --	     --	    inf	     --
[component_container-11] 	 37.040	  Magnt	     --	     --	     --	  2.378
[component_container-11] 
[component_container-11] 	 37.070	   Pose	  1.391	  0.519	  4.956	  2.351
[component_container-11] 	 37.070	  Twist	  0.486	  0.702	 -0.004	 -0.288
[component_container-11] 	 37.070	ErrPose	  0.047	  0.134	  0.043	  0.025
[component_container-11] 	 37.070	ErrTwis	  0.064	 -1.436	  0.042	  0.009
[component_container-11] 	 37.070	    GPS	  1.219	  0.683	  4.997	     --
[component_container-11] 	 37.070	   Baro	     --	     --	  5.460	     --
[component_container-11] 	 37.070	  BBias	     --	     --	  0.584	     --
[component_container-11] 	 37.070	  Sonar	     --	     --	    inf	     --
[component_container-11] 	 37.070	  Magnt	     --	     --	     --	  2.378
[component_container-11] 
[component_container-11] 	 37.100	   Pose	  1.406	  0.540	  4.956	  2.342
[component_container-11] 	 37.100	  Twist	  0.488	  0.698	 -0.005	 -0.280
[component_container-11] 	 37.100	ErrPose	  0.035	  0.149	  0.044	  0.022
[component_container-11] 	 37.100	ErrTwis	  0.081	 -1.412	  0.040	  0.000
[component_container-11] 	 37.100	    GPS	  1.219	  0.683	  4.997	     --
[component_container-11] 	 37.100	   Baro	     --	     --	  5.460	     --
[component_container-11] 	 37.100	  BBias	     --	     --	  0.584	     --
[component_container-11] 	 37.100	  Sonar	     --	     --	    inf	     --
[component_container-11] 	 37.100	  Magnt	     --	     --	     --	  2.378
[component_container-11] 
[component_container-11] 	 37.140	   Pose	  1.425	  0.568	  4.965	  2.332
[component_container-11] 	 37.140	  Twist	  0.490	  0.694	  0.005	 -0.273
[component_container-11] 	 37.140	ErrPose	  0.018	  0.158	  0.037	  0.022
[component_container-11] 	 37.140	ErrTwis	  0.097	 -1.385	  0.028	 -0.006
[component_container-11] 	 37.140	    GPS	  1.219	  0.683	  4.997	     --
[component_container-11] 	 37.140	   Baro	     --	     --	  5.654	     --
[component_container-11] 	 37.140	  BBias	     --	     --	  0.584	     --
[component_container-11] 	 37.140	  Sonar	     --	     --	    inf	     --
[component_container-11] 	 37.140	  Magnt	     --	     --	     --	  2.362
[component_container-11] 
[component_container-11] 	 37.170	   Pose	  1.440	  0.589	  4.968	  2.323
[component_container-11] 	 37.170	  Twist	  0.491	  0.690	  0.008	 -0.286
[component_container-11] 	 37.170	ErrPose	  0.004	  0.155	  0.034	  0.025
[component_container-11] 	 37.170	ErrTwis	  0.105	 -1.369	  0.024	  0.007
[component_container-11] 	 37.170	    GPS	  1.219	  0.683	  4.997	     --
[component_container-11] 	 37.170	   Baro	     --	     --	  5.588	     --
[component_container-11] 	 37.170	  BBias	     --	     --	  0.584	     --
[component_container-11] 	 37.170	  Sonar	     --	     --	    inf	     --
[component_container-11] 	 37.170	  Magnt	     --	     --	     --	  2.333
[component_container-11] 
[component_container-11] 	 37.200	   Pose	  1.455	  0.609	  4.968	  2.315
[component_container-11] 	 37.200	  Twist	  0.491	  0.686	  0.008	 -0.277
[component_container-11] 	 37.200	ErrPose	 -0.010	  0.170	  0.035	  0.022
[component_container-11] 	 37.200	ErrTwis	  0.121	 -1.340	  0.022	 -0.001
[component_container-11] 	 37.200	    GPS	  1.219	  0.683	  4.997	     --
[component_container-11] 	 37.200	   Baro	     --	     --	  5.588	     --
[component_container-11] 	 37.200	  BBias	     --	     --	  0.584	     --
[component_container-11] 	 37.200	  Sonar	     --	     --	    inf	     --
[component_container-11] 	 37.200	  Magnt	     --	     --	     --	  2.333
[component_container-11] 
[component_container-11] 	 37.240	   Pose	  1.474	  0.637	  4.974	  2.303
[component_container-11] 	 37.240	  Twist	  0.493	  0.681	  0.013	 -0.278
[component_container-11] 	 37.240	ErrPose	 -0.030	  0.178	  0.031	  0.022
[component_container-11] 	 37.240	ErrTwis	  0.134	 -1.309	  0.015	 -0.001
[component_container-11] 	 37.240	    GPS	  1.219	  0.683	  4.997	     --
[component_container-11] 	 37.240	   Baro	     --	     --	  5.616	     --
[component_container-11] 	 37.240	  BBias	     --	     --	  0.584	     --
[component_container-11] 	 37.240	  Sonar	     --	     --	    inf	     --
[component_container-11] 	 37.240	  Magnt	     --	     --	     --	  2.314
[component_container-11] 
[component_container-11] 	 37.270	   Pose	  1.489	  0.657	  4.987	  2.295
[component_container-11] 	 37.270	  Twist	  0.495	  0.678	  0.025	 -0.289
[component_container-11] 	 37.270	ErrPose	 -0.045	  0.175	  0.019	  0.025
[component_container-11] 	 37.270	ErrTwis	  0.139	 -1.292	  0.002	  0.011
[component_container-11] 	 37.270	    GPS	  1.219	  0.683	  4.997	     --
[component_container-11] 	 37.270	   Baro	     --	     --	  5.702	     --
[component_container-11] 	 37.270	  BBias	     --	     --	  0.584	     --
[component_container-11] 	 37.270	  Sonar	     --	     --	    inf	     --
[component_container-11] 	 37.270	  Magnt	     --	     --	     --	  2.304
[component_container-11] 
[component_container-11] 	 37.300	   Pose	  1.504	  0.677	  4.987	  2.286
[component_container-11] 	 37.300	  Twist	  0.497	  0.674	  0.024	 -0.285
[component_container-11] 	 37.300	ErrPose	 -0.061	  0.189	  0.020	  0.023
[component_container-11] 	 37.300	ErrTwis	  0.150	 -1.261	  0.002	  0.006
[component_container-11] 	 37.300	    GPS	  1.219	  0.683	  4.997	     --
[component_container-11] 	 37.300	   Baro	     --	     --	  5.702	     --
[component_container-11] 	 37.300	  BBias	     --	     --	  0.584	     --
[component_container-11] 	 37.300	  Sonar	     --	     --	    inf	     --
[component_container-11] 	 37.300	  Magnt	     --	     --	     --	  2.304
[component_container-11] 
[component_container-11] [INFO] [1775369601.914896654] [drone.estimator]: TMP LOG sonar rejected: meas=2.476 est_z=4.997 innov=-2.521
[component_container-11] 	 37.340	   Pose	  1.524	  0.704	  4.998	  2.275
[component_container-11] 	 37.340	  Twist	  0.498	  0.669	  0.033	 -0.294
[component_container-11] 	 37.340	ErrPose	 -0.083	  0.196	  0.011	  0.023
[component_container-11] 	 37.340	ErrTwis	  0.161	 -1.228	 -0.007	  0.016
[component_container-11] 	 37.340	    GPS	  1.219	  0.683	  4.997	     --
[component_container-11] 	 37.340	   Baro	     --	     --	  5.685	     --
[component_container-11] 	 37.340	  BBias	     --	     --	  0.584	     --
[component_container-11] 	 37.340	  Sonar	     --	     --	  2.476	     --
[component_container-11] 	 37.340	  Magnt	     --	     --	     --	  2.299
[component_container-11] 
[component_container-11] 	 37.370	   Pose	  1.539	  0.724	  5.008	  2.266
[component_container-11] 	 37.370	  Twist	  0.500	  0.665	  0.041	 -0.298
[component_container-11] 	 37.370	ErrPose	 -0.099	  0.193	  0.002	  0.026
[component_container-11] 	 37.370	ErrTwis	  0.165	 -1.209	 -0.016	  0.020
[component_container-11] 	 37.370	    GPS	  1.219	  0.683	  4.997	     --
[component_container-11] 	 37.370	   Baro	     --	     --	  5.678	     --
[component_container-11] 	 37.370	  BBias	     --	     --	  0.584	     --
[component_container-11] 	 37.370	  Sonar	     --	     --	  2.541	     --
[component_container-11] 	 37.370	  Magnt	     --	     --	     --	  2.275
[component_container-11] 
[component_container-11] 	 37.400	   Pose	  1.554	  0.744	  5.009	  2.258
[component_container-11] 	 37.400	  Twist	  0.502	  0.661	  0.040	 -0.281
[component_container-11] 	 37.400	ErrPose	 -0.117	  0.207	  0.002	  0.024
[component_container-11] 	 37.400	ErrTwis	  0.173	 -1.176	 -0.017	  0.003
[component_container-11] 	 37.400	    GPS	  1.219	  0.683	  4.997	     --
[component_container-11] 	 37.400	   Baro	     --	     --	  5.678	     --
[component_container-11] 	 37.400	  BBias	     --	     --	  0.584	     --
[component_container-11] 	 37.400	  Sonar	     --	     --	  2.541	     --
[component_container-11] 	 37.400	  Magnt	     --	     --	     --	  2.275
[component_container-11] 
[component_container-11] 	 37.440	   Pose	  1.574	  0.770	  4.999	  2.248
[component_container-11] 	 37.440	  Twist	  0.504	  0.657	  0.026	 -0.271
[component_container-11] 	 37.440	ErrPose	 -0.141	  0.213	  0.013	  0.023
[component_container-11] 	 37.440	ErrTwis	  0.180	 -1.141	 -0.005	 -0.008
[component_container-11] 	 37.440	    GPS	  1.219	  0.683	  4.997	     --
[component_container-11] 	 37.440	   Baro	     --	     --	  5.472	     --
[component_container-11] 	 37.440	  BBias	     --	     --	  0.584	     --
[component_container-11] 	 37.440	  Sonar	     --	     --	  2.537	     --
[component_container-11] 	 37.440	  Magnt	     --	     --	     --	  2.303
[component_container-11] 
[component_container-11] 	 37.470	   Pose	  1.589	  0.790	  5.001	  2.240
[component_container-11] 	 37.470	  Twist	  0.505	  0.654	  0.025	 -0.294
[component_container-11] 	 37.470	ErrPose	 -0.159	  0.210	  0.012	  0.025
[component_container-11] 	 37.470	ErrTwis	  0.182	 -1.122	 -0.005	  0.015
[component_container-11] 	 37.470	    GPS	  1.219	  0.683	  4.997	     --
[component_container-11] 	 37.470	   Baro	     --	     --	  5.595	     --
[component_container-11] 	 37.470	  BBias	     --	     --	  0.584	     --
[component_container-11] 	 37.470	  Sonar	     --	     --	    inf	     --
[component_container-11] 	 37.470	  Magnt	     --	     --	     --	  2.274
[component_container-11] 
[component_container-11] 	 37.500	   Pose	  1.604	  0.810	  5.002	  2.231
[component_container-11] 	 37.500	  Twist	  0.507	  0.650	  0.023	 -0.293
[component_container-11] 	 37.500	ErrPose	 -0.179	  0.222	  0.012	  0.022
[component_container-11] 	 37.500	ErrTwis	  0.188	 -1.087	 -0.005	  0.014
[component_container-11] 	 37.500	    GPS	  1.219	  0.683	  4.997	     --
[component_container-11] 	 37.500	   Baro	     --	     --	  5.595	     --
[component_container-11] 	 37.500	  BBias	     --	     --	  0.584	     --
[component_container-11] 	 37.500	  Sonar	     --	     --	    inf	     --
[component_container-11] 	 37.500	  Magnt	     --	     --	     --	  2.274
[component_container-11] 
[component_container-11] [INFO] [1775369602.112760010] [drone.estimator]: TMP LOG gps innov_xy=(-0.263, 0.388) est_xy=(1.610, 0.816) gps_xy=(1.347, 1.204) corr_xy=(1.347, 1.204) vel_xy=(0.507, 0.649)
[component_container-11] [INFO] [1775369602.112873938] [drone.estimator]: TMP LOG gps vel pseudo raw=(0.256, 1.042) filt=(0.234, 1.032) innov_v=(-0.232, 0.322) apply=(1,1)
[component_container-11] 	 37.540	   Pose	  1.503	  1.013	  4.997	  2.220
[component_container-11] 	 37.540	  Twist	  0.419	  0.776	  0.015	 -0.283
[component_container-11] 	 37.540	ErrPose	 -0.083	  0.051	  0.018	  0.023
[component_container-11] 	 37.540	ErrTwis	  0.282	 -1.180	  0.000	  0.005
[component_container-11] 	 37.540	    GPS	  1.347	  1.204	  5.015	     --
[component_container-11] 	 37.540	   Baro	     --	     --	  5.487	     --
[component_container-11] 	 37.540	  BBias	     --	     --	  0.584	     --
[component_container-11] 	 37.540	  Sonar	     --	     --	    inf	     --
[component_container-11] 	 37.540	  Magnt	     --	     --	     --	  2.219
[component_container-11] 
[component_container-11] 	 37.570	   Pose	  1.515	  1.036	  4.996	  2.212
[component_container-11] 	 37.570	  Twist	  0.421	  0.774	  0.012	 -0.269
[component_container-11] 	 37.570	ErrPose	 -0.099	  0.043	  0.020	  0.025
[component_container-11] 	 37.570	ErrTwis	  0.282	 -1.162	  0.002	 -0.010
[component_container-11] 	 37.570	    GPS	  1.347	  1.204	  5.015	     --
[component_container-11] 	 37.570	   Baro	     --	     --	  5.569	     --
[component_container-11] 	 37.570	  BBias	     --	     --	  0.584	     --
[component_container-11] 	 37.570	  Sonar	     --	     --	    inf	     --
[component_container-11] 	 37.570	  Magnt	     --	     --	     --	  2.250
[component_container-11] 
[component_container-11] [INFO] [1775369602.209906912] [drone.behavior]: Behavior transition TURTLE_POSITION -> TURTLE_WAYPOINT | turtle_stop=false | waypoint=(1.34, 1.14, 5.00)
[component_container-11] [INFO] [1775369602.209944211] [drone.behavior]: Behavior target TURTLE_WAYPOINT | new_waypoint=(1.00, 4.00, 5.00)
[component_container-11] 	 37.600	   Pose	  1.528	  1.059	  4.997	  2.203
[component_container-11] 	 37.600	  Twist	  0.422	  0.770	  0.010	 -0.304
[component_container-11] 	 37.600	ErrPose	 -0.118	  0.050	  0.020	  0.023
[component_container-11] 	 37.600	ErrTwis	  0.284	 -1.125	  0.002	  0.025
[component_container-11] 	 37.600	    GPS	  1.347	  1.204	  5.015	     --
[component_container-11] 	 37.600	   Baro	     --	     --	  5.569	     --
[component_container-11] 	 37.600	  BBias	     --	     --	  0.584	     --
[component_container-11] 	 37.600	  Sonar	     --	     --	    inf	     --
[component_container-11] 	 37.600	  Magnt	     --	     --	     --	  2.250
[component_container-11] 
[component_container-11] 	 37.640	   Pose	  1.545	  1.090	  4.989	  2.193
[component_container-11] 	 37.640	  Twist	  0.425	  0.766	  0.001	 -0.291
[component_container-11] 	 37.640	ErrPose	 -0.143	  0.049	  0.029	  0.023
[component_container-11] 	 37.640	ErrTwis	  0.284	 -1.088	  0.010	  0.012
[component_container-11] 	 37.640	    GPS	  1.347	  1.204	  5.015	     --
[component_container-11] 	 37.640	   Baro	     --	     --	  5.479	     --
[component_container-11] 	 37.640	  BBias	     --	     --	  0.584	     --
[component_container-11] 	 37.640	  Sonar	     --	     --	    inf	     --
[component_container-11] 	 37.640	  Magnt	     --	     --	     --	  2.248
[component_container-11] 
[component_container-11] 	 37.670	   Pose	  1.558	  1.113	  4.984	  2.185
[component_container-11] 	 37.670	  Twist	  0.426	  0.763	 -0.005	 -0.276
[component_container-11] 	 37.670	ErrPose	 -0.160	  0.041	  0.034	  0.024
[component_container-11] 	 37.670	ErrTwis	  0.283	 -1.068	  0.014	 -0.003
[component_container-11] 	 37.670	    GPS	  1.347	  1.204	  5.015	     --
[component_container-11] 	 37.670	   Baro	     --	     --	  5.519	     --
[component_container-11] 	 37.670	  BBias	     --	     --	  0.584	     --
[component_container-11] 	 37.670	  Sonar	     --	     --	    inf	     --
[component_container-11] 	 37.670	  Magnt	     --	     --	     --	  2.235
[component_container-11] 
[component_container-11] 	 37.700	   Pose	  1.570	  1.136	  4.984	  2.177
[component_container-11] 	 37.700	  Twist	  0.429	  0.760	 -0.005	 -0.292
[component_container-11] 	 37.700	ErrPose	 -0.182	  0.047	  0.035	  0.022
[component_container-11] 	 37.700	ErrTwis	  0.280	 -1.031	  0.013	  0.014
[component_container-11] 	 37.700	    GPS	  1.347	  1.204	  5.015	     --
[component_container-11] 	 37.700	   Baro	     --	     --	  5.519	     --
[component_container-11] 	 37.700	  BBias	     --	     --	  0.584	     --
[component_container-11] 	 37.700	  Sonar	     --	     --	    inf	     --
[component_container-11] 	 37.700	  Magnt	     --	     --	     --	  2.235
[component_container-11] 
[component_container-11] 	 37.740	   Pose	  1.588	  1.166	  4.990	  2.166
[component_container-11] 	 37.740	  Twist	  0.431	  0.755	 -0.000	 -0.280
[component_container-11] 	 37.740	ErrPose	 -0.208	  0.045	  0.030	  0.021
[component_container-11] 	 37.740	ErrTwis	  0.277	 -0.993	  0.009	  0.002
[component_container-11] 	 37.740	    GPS	  1.347	  1.204	  5.015	     --
[component_container-11] 	 37.740	   Baro	     --	     --	  5.642	     --
[component_container-11] 	 37.740	  BBias	     --	     --	  0.584	     --
[component_container-11] 	 37.740	  Sonar	     --	     --	    inf	     --
[component_container-11] 	 37.740	  Magnt	     --	     --	     --	  2.211
[component_container-11] 
[component_container-11] 	 37.770	   Pose	  1.601	  1.189	  4.994	  2.158
[component_container-11] 	 37.770	  Twist	  0.432	  0.752	  0.003	 -0.285
[component_container-11] 	 37.770	ErrPose	 -0.226	  0.036	  0.027	  0.024
[component_container-11] 	 37.770	ErrTwis	  0.275	 -0.974	  0.008	  0.007
[component_container-11] 	 37.770	    GPS	  1.347	  1.204	  5.015	     --
[component_container-11] 	 37.770	   Baro	     --	     --	  5.617	     --
[component_container-11] 	 37.770	  BBias	     --	     --	  0.584	     --
[component_container-11] 	 37.770	  Sonar	     --	     --	    inf	     --
[component_container-11] 	 37.770	  Magnt	     --	     --	     --	  2.199
[component_container-11] 
[component_container-11] 	 37.800	   Pose	  1.613	  1.211	  4.994	  2.150
[component_container-11] 	 37.800	  Twist	  0.433	  0.749	  0.003	 -0.276
[component_container-11] 	 37.800	ErrPose	 -0.250	  0.040	  0.028	  0.021
[component_container-11] 	 37.800	ErrTwis	  0.273	 -0.940	  0.014	 -0.001
[component_container-11] 	 37.800	    GPS	  1.347	  1.204	  5.015	     --
[component_container-11] 	 37.800	   Baro	     --	     --	  5.617	     --
[component_container-11] 	 37.800	  BBias	     --	     --	  0.584	     --
[component_container-11] 	 37.800	  Sonar	     --	     --	    inf	     --
[component_container-11] 	 37.800	  Magnt	     --	     --	     --	  2.199
[component_container-11] 
[component_container-11] 	 37.840	   Pose	  1.631	  1.241	  4.994	  2.139
[component_container-11] 	 37.840	  Twist	  0.434	  0.744	  0.001	 -0.292
[component_container-11] 	 37.840	ErrPose	 -0.278	  0.037	  0.029	  0.021
[component_container-11] 	 37.840	ErrTwis	  0.270	 -0.910	  0.020	  0.016
[component_container-11] 	 37.840	    GPS	  1.347	  1.204	  5.015	     --
[component_container-11] 	 37.840	   Baro	     --	     --	  5.579	     --
[component_container-11] 	 37.840	  BBias	     --	     --	  0.584	     --
[component_container-11] 	 37.840	  Sonar	     --	     --	    inf	     --
[component_container-11] 	 37.840	  Magnt	     --	     --	     --	  2.149
[component_container-11] 
[component_container-11] 	 37.870	   Pose	  1.644	  1.263	  4.988	  2.131
[component_container-11] 	 37.870	  Twist	  0.436	  0.741	 -0.007	 -0.281
[component_container-11] 	 37.870	ErrPose	 -0.296	  0.028	  0.036	  0.024
[component_container-11] 	 37.870	ErrTwis	  0.268	 -0.897	  0.030	  0.004
[component_container-11] 	 37.870	    GPS	  1.347	  1.204	  5.015	     --
[component_container-11] 	 37.870	   Baro	     --	     --	  5.506	     --
[component_container-11] 	 37.870	  BBias	     --	     --	  0.584	     --
[component_container-11] 	 37.870	  Sonar	     --	     --	    inf	     --
[component_container-11] 	 37.870	  Magnt	     --	     --	     --	  2.155
[component_container-11] 
[component_container-11] 	 37.900	   Pose	  1.657	  1.285	  4.988	  2.122
[component_container-11] 	 37.900	  Twist	  0.437	  0.738	 -0.008	 -0.288
[component_container-11] 	 37.900	ErrPose	 -0.320	  0.032	  0.037	  0.021
[component_container-11] 	 37.900	ErrTwis	  0.265	 -0.878	  0.034	  0.012
[component_container-11] 	 37.900	    GPS	  1.347	  1.204	  5.015	     --
[component_container-11] 	 37.900	   Baro	     --	     --	  5.506	     --
[component_container-11] 	 37.900	  BBias	     --	     --	  0.584	     --
[component_container-11] 	 37.900	  Sonar	     --	     --	    inf	     --
[component_container-11] 	 37.900	  Magnt	     --	     --	     --	  2.155
[component_container-11] 
[component_container-11] 	 37.940	   Pose	  1.675	  1.315	  4.977	  2.112
[component_container-11] 	 37.940	  Twist	  0.440	  0.734	 -0.020	 -0.274
[component_container-11] 	 37.940	ErrPose	 -0.349	  0.029	  0.048	  0.020
[component_container-11] 	 37.940	ErrTwis	  0.262	 -0.864	  0.048	 -0.003
[component_container-11] 	 37.940	    GPS	  1.347	  1.204	  5.015	     --
[component_container-11] 	 37.940	   Baro	     --	     --	  5.460	     --
[component_container-11] 	 37.940	  BBias	     --	     --	  0.584	     --
[component_container-11] 	 37.940	  Sonar	     --	     --	    inf	     --
[component_container-11] 	 37.940	  Magnt	     --	     --	     --	  2.156
[component_container-11] 
[component_container-11] 	 37.970	   Pose	  1.688	  1.337	  4.983	  2.103
[component_container-11] 	 37.970	  Twist	  0.443	  0.731	 -0.014	 -0.302
[component_container-11] 	 37.970	ErrPose	 -0.367	  0.020	  0.043	  0.024
[component_container-11] 	 37.970	ErrTwis	  0.259	 -0.857	  0.043	  0.025
[component_container-11] 	 37.970	    GPS	  1.347	  1.204	  5.015	     --
[component_container-11] 	 37.970	   Baro	     --	     --	  5.634	     --
[component_container-11] 	 37.970	  BBias	     --	     --	  0.584	     --
[component_container-11] 	 37.970	  Sonar	     --	     --	    inf	     --
[component_container-11] 	 37.970	  Magnt	     --	     --	     --	  2.094
[component_container-11] 
[component_container-11] [INFO] [1775369602.612697834] [drone.controller]: cmd_vel body=(0.971, -0.241, 0.009) yaw=-0.300 | odom_received=true | plan_points=29
[component_container-11] 	 38.000	   Pose	  1.701	  1.359	  4.983	  2.094
[component_container-11] 	 38.000	  Twist	  0.445	  0.727	 -0.015	 -0.281
[component_container-11] 	 38.000	ErrPose	 -0.391	  0.025	  0.044	  0.021
[component_container-11] 	 38.000	ErrTwis	  0.257	 -0.850	  0.044	  0.003
[component_container-11] 	 38.000	    GPS	  1.347	  1.204	  5.015	     --
[component_container-11] 	 38.000	   Baro	     --	     --	  5.634	     --
[component_container-11] 	 38.000	  BBias	     --	     --	  0.584	     --
[component_container-11] 	 38.000	  Sonar	     --	     --	    inf	     --
[component_container-11] 	 38.000	  Magnt	     --	     --	     --	  2.094
[component_container-11] 
[component_container-11] [INFO] [1775369602.612980421] [drone.estimator]: TMP LOG err_xyz=(-0.391, 0.025, 0.044) | z_est=4.983 vz_est=-0.015 bias=0.584 | gps_z=5.015 sonar=inf baro=5.634
[component_container-11] 	 38.040	   Pose	  1.510	  1.455	  4.991	  2.082
[component_container-11] 	 38.040	  Twist	  0.283	  0.755	 -0.007	 -0.289
[component_container-11] 	 38.040	ErrPose	 -0.210	 -0.044	  0.036	  0.022
[component_container-11] 	 38.040	ErrTwis	  0.419	 -0.876	  0.037	  0.011
[component_container-11] 	 38.040	    GPS	  1.286	  1.568	  5.027	     --
[component_container-11] 	 38.040	   Baro	     --	     --	  5.592	     --
[component_container-11] 	 38.040	  BBias	     --	     --	  0.584	     --
[component_container-11] 	 38.040	  Sonar	     --	     --	    inf	     --
[component_container-11] 	 38.040	  Magnt	     --	     --	     --	  2.082
[component_container-11] 
[component_container-11] 	 38.070	   Pose	  1.518	  1.477	  4.987	  2.074
[component_container-11] 	 38.070	  Twist	  0.285	  0.752	 -0.013	 -0.286
[component_container-11] 	 38.070	ErrPose	 -0.223	 -0.054	  0.041	  0.025
[component_container-11] 	 38.070	ErrTwis	  0.417	 -0.871	  0.044	  0.007
[component_container-11] 	 38.070	    GPS	  1.286	  1.568	  5.027	     --
[component_container-11] 	 38.070	   Baro	     --	     --	  5.519	     --
[component_container-11] 	 38.070	  BBias	     --	     --	  0.584	     --
[component_container-11] 	 38.070	  Sonar	     --	     --	    inf	     --
[component_container-11] 	 38.070	  Magnt	     --	     --	     --	  2.078
[component_container-11] 
[component_container-11] 	 38.100	   Pose	  1.527	  1.500	  4.986	  2.065
[component_container-11] 	 38.100	  Twist	  0.287	  0.749	 -0.015	 -0.291
[component_container-11] 	 38.100	ErrPose	 -0.242	 -0.049	  0.043	  0.022
[component_container-11] 	 38.100	ErrTwis	  0.416	 -0.868	  0.046	  0.012
[component_container-11] 	 38.100	    GPS	  1.286	  1.568	  5.027	     --
[component_container-11] 	 38.100	   Baro	     --	     --	  5.519	     --
[component_container-11] 	 38.100	  BBias	     --	     --	  0.584	     --
[component_container-11] 	 38.100	  Sonar	     --	     --	    inf	     --
[component_container-11] 	 38.100	  Magnt	     --	     --	     --	  2.078
[component_container-11] 
[component_container-11] 	 38.140	   Pose	  1.538	  1.530	  4.994	  2.054
[component_container-11] 	 38.140	  Twist	  0.289	  0.744	 -0.009	 -0.295
[component_container-11] 	 38.140	ErrPose	 -0.263	 -0.052	  0.036	  0.022
[component_container-11] 	 38.140	ErrTwis	  0.415	 -0.863	  0.040	  0.015
[component_container-11] 	 38.140	    GPS	  1.286	  1.568	  5.027	     --
[component_container-11] 	 38.140	   Baro	     --	     --	  5.668	     --
[component_container-11] 	 38.140	  BBias	     --	     --	  0.584	     --
[component_container-11] 	 38.140	  Sonar	     --	     --	    inf	     --
[component_container-11] 	 38.140	  Magnt	     --	     --	     --	  2.084
[component_container-11] 
[component_container-11] 	 38.170	   Pose	  1.547	  1.552	  4.989	  2.046
[component_container-11] 	 38.170	  Twist	  0.291	  0.741	 -0.016	 -0.297
[component_container-11] 	 38.170	ErrPose	 -0.276	 -0.061	  0.041	  0.025
[component_container-11] 	 38.170	ErrTwis	  0.414	 -0.859	  0.046	  0.017
[component_container-11] 	 38.170	    GPS	  1.286	  1.568	  5.027	     --
[component_container-11] 	 38.170	   Baro	     --	     --	  5.522	     --
[component_container-11] 	 38.170	  BBias	     --	     --	  0.584	     --
[component_container-11] 	 38.170	  Sonar	     --	     --	    inf	     --
[component_container-11] 	 38.170	  Magnt	     --	     --	     --	  2.061
[component_container-11] 
[component_container-11] 	 38.200	   Pose	  1.556	  1.574	  4.988	  2.037
[component_container-11] 	 38.200	  Twist	  0.293	  0.737	 -0.017	 -0.287
[component_container-11] 	 38.200	ErrPose	 -0.294	 -0.056	  0.043	  0.022
[component_container-11] 	 38.200	ErrTwis	  0.413	 -0.856	  0.048	  0.007
[component_container-11] 	 38.200	    GPS	  1.286	  1.568	  5.027	     --
[component_container-11] 	 38.200	   Baro	     --	     --	  5.522	     --
[component_container-11] 	 38.200	  BBias	     --	     --	  0.584	     --
[component_container-11] 	 38.200	  Sonar	     --	     --	    inf	     --
[component_container-11] 	 38.200	  Magnt	     --	     --	     --	  2.061
[component_container-11] 
[component_container-11] 	 38.240	   Pose	  1.567	  1.603	  4.996	  2.027
[component_container-11] 	 38.240	  Twist	  0.295	  0.733	 -0.011	 -0.280
[component_container-11] 	 38.240	ErrPose	 -0.315	 -0.058	  0.036	  0.021
[component_container-11] 	 38.240	ErrTwis	  0.413	 -0.852	  0.043	  0.000
[component_container-11] 	 38.240	    GPS	  1.286	  1.568	  5.027	     --
[component_container-11] 	 38.240	   Baro	     --	     --	  5.673	     --
[component_container-11] 	 38.240	  BBias	     --	     --	  0.584	     --
[component_container-11] 	 38.240	  Sonar	     --	     --	    inf	     --
[component_container-11] 	 38.240	  Magnt	     --	     --	     --	  2.090
[component_container-11] 
[component_container-11] 	 38.270	   Pose	  1.576	  1.625	  5.016	  2.020
[component_container-11] 	 38.270	  Twist	  0.297	  0.729	  0.008	 -0.284
[component_container-11] 	 38.270	ErrPose	 -0.328	 -0.066	  0.016	  0.023
[component_container-11] 	 38.270	ErrTwis	  0.413	 -0.850	  0.023	  0.004
[component_container-11] 	 38.270	    GPS	  1.286	  1.568	  5.027	     --
[component_container-11] 	 38.270	   Baro	     --	     --	  5.822	     --
[component_container-11] 	 38.270	  BBias	     --	     --	  0.584	     --
[component_container-11] 	 38.270	  Sonar	     --	     --	    inf	     --
[component_container-11] 	 38.270	  Magnt	     --	     --	     --	  2.057
[component_container-11] 
[component_container-11] 	 38.300	   Pose	  1.585	  1.647	  5.017	  2.011
[component_container-11] 	 38.300	  Twist	  0.300	  0.726	  0.007	 -0.274
[component_container-11] 	 38.300	ErrPose	 -0.345	 -0.060	  0.016	  0.020
[component_container-11] 	 38.300	ErrTwis	  0.413	 -0.849	  0.023	 -0.006
[component_container-11] 	 38.300	    GPS	  1.286	  1.568	  5.027	     --
[component_container-11] 	 38.300	   Baro	     --	     --	  5.822	     --
[component_container-11] 	 38.300	  BBias	     --	     --	  0.584	     --
[component_container-11] 	 38.300	  Sonar	     --	     --	    inf	     --
[component_container-11] 	 38.300	  Magnt	     --	     --	     --	  2.057
[component_container-11] 
[component_container-11] 	 38.340	   Pose	  1.597	  1.676	  5.013	  2.000
[component_container-11] 	 38.340	  Twist	  0.303	  0.721	  0.000	 -0.278
[component_container-11] 	 38.340	ErrPose	 -0.365	 -0.061	  0.020	  0.021
[component_container-11] 	 38.340	ErrTwis	  0.412	 -0.847	  0.030	 -0.002
[component_container-11] 	 38.340	    GPS	  1.286	  1.568	  5.027	     --
[component_container-11] 	 38.340	   Baro	     --	     --	  5.557	     --
[component_container-11] 	 38.340	  BBias	     --	     --	  0.584	     --
[component_container-11] 	 38.340	  Sonar	     --	     --	    inf	     --
[component_container-11] 	 38.340	  Magnt	     --	     --	     --	  2.013
[component_container-11] 
[component_container-11] 	 38.370	   Pose	  1.606	  1.698	  5.012	  1.992
[component_container-11] 	 38.370	  Twist	  0.305	  0.718	 -0.004	 -0.268
[component_container-11] 	 38.370	ErrPose	 -0.378	 -0.068	  0.021	  0.023
[component_container-11] 	 38.370	ErrTwis	  0.411	 -0.845	  0.033	 -0.012
[component_container-11] 	 38.370	    GPS	  1.286	  1.568	  5.027	     --
[component_container-11] 	 38.370	   Baro	     --	     --	  5.587	     --
[component_container-11] 	 38.370	  BBias	     --	     --	  0.584	     --
[component_container-11] 	 38.370	  Sonar	     --	     --	    inf	     --
[component_container-11] 	 38.370	  Magnt	     --	     --	     --	  2.019
[component_container-11] 
[component_container-11] 	 38.400	   Pose	  1.616	  1.719	  5.012	  1.983
[component_container-11] 	 38.400	  Twist	  0.308	  0.715	 -0.006	 -0.273
[component_container-11] 	 38.400	ErrPose	 -0.395	 -0.062	  0.022	  0.020
[component_container-11] 	 38.400	ErrTwis	  0.412	 -0.843	  0.034	 -0.008
[component_container-11] 	 38.400	    GPS	  1.286	  1.568	  5.027	     --
[component_container-11] 	 38.400	   Baro	     --	     --	  5.587	     --
[component_container-11] 	 38.400	  BBias	     --	     --	  0.584	     --
[component_container-11] 	 38.400	  Sonar	     --	     --	    inf	     --
[component_container-11] 	 38.400	  Magnt	     --	     --	     --	  2.019
[component_container-11] 
[component_container-11] 	 38.440	   Pose	  1.628	  1.748	  5.018	  1.972
[component_container-11] 	 38.440	  Twist	  0.311	  0.711	 -0.002	 -0.278
[component_container-11] 	 38.440	ErrPose	 -0.415	 -0.062	  0.017	  0.020
[component_container-11] 	 38.440	ErrTwis	  0.413	 -0.839	  0.028	 -0.002
[component_container-11] 	 38.440	    GPS	  1.286	  1.568	  5.027	     --
[component_container-11] 	 38.440	   Baro	     --	     --	  5.660	     --
[component_container-11] 	 38.440	  BBias	     --	     --	  0.584	     --
[component_container-11] 	 38.440	  Sonar	     --	     --	    inf	     --
[component_container-11] 	 38.440	  Magnt	     --	     --	     --	  2.004
[component_container-11] 
[component_container-11] 	 38.470	   Pose	  1.637	  1.769	  5.015	  1.964
[component_container-11] 	 38.470	  Twist	  0.313	  0.708	 -0.006	 -0.279
[component_container-11] 	 38.470	ErrPose	 -0.428	 -0.069	  0.019	  0.023
[component_container-11] 	 38.470	ErrTwis	  0.412	 -0.834	  0.030	 -0.001
[component_container-11] 	 38.470	    GPS	  1.286	  1.568	  5.027	     --
[component_container-11] 	 38.470	   Baro	     --	     --	  5.577	     --
[component_container-11] 	 38.470	  BBias	     --	     --	  0.584	     --
[component_container-11] 	 38.470	  Sonar	     --	     --	    inf	     --
[component_container-11] 	 38.470	  Magnt	     --	     --	     --	  1.988
[component_container-11] 
[component_container-11] 	 38.500	   Pose	  1.647	  1.790	  5.015	  1.955
[component_container-11] 	 38.500	  Twist	  0.315	  0.705	 -0.007	 -0.289
[component_container-11] 	 38.500	ErrPose	 -0.444	 -0.061	  0.020	  0.020
[component_container-11] 	 38.500	ErrTwis	  0.413	 -0.829	  0.031	  0.009
[component_container-11] 	 38.500	    GPS	  1.286	  1.568	  5.027	     --
[component_container-11] 	 38.500	   Baro	     --	     --	  5.577	     --
[component_container-11] 	 38.500	  BBias	     --	     --	  0.584	     --
[component_container-11] 	 38.500	  Sonar	     --	     --	    inf	     --
[component_container-11] 	 38.500	  Magnt	     --	     --	     --	  1.988
[component_container-11] 
[component_container-11] [INFO] [1775369603.117436649] [drone.estimator]: TMP LOG gps innov_xy=(-0.607, 0.203) est_xy=(1.650, 1.797) gps_xy=(1.043, 2.000) corr_xy=(1.043, 2.000) vel_xy=(0.316, 0.704)
[component_container-11] [INFO] [1775369603.117870720] [drone.estimator]: TMP LOG gps vel pseudo raw=(-0.486, 0.865) filt=(-0.446, 0.855) innov_v=(-0.666, 0.119) apply=(1,1)
[component_container-11] 	 38.540	   Pose	  1.355	  1.903	  5.011	  1.944
[component_container-11] 	 38.540	  Twist	  0.078	  0.758	 -0.015	 -0.287
[component_container-11] 	 38.540	ErrPose	 -0.160	 -0.145	  0.025	  0.021
[component_container-11] 	 38.540	ErrTwis	  0.655	 -0.877	  0.037	  0.007
[component_container-11] 	 38.540	    GPS	  1.043	  2.000	  5.035	     --
[component_container-11] 	 38.540	   Baro	     --	     --	  5.507	     --
[component_container-11] 	 38.540	  BBias	     --	     --	  0.584	     --
[component_container-11] 	 38.540	  Sonar	     --	     --	    inf	     --
[component_container-11] 	 38.540	  Magnt	     --	     --	     --	  1.942
[component_container-11] 
[component_container-11] 	 38.570	   Pose	  1.358	  1.926	  5.007	  1.935
[component_container-11] 	 38.570	  Twist	  0.080	  0.754	 -0.020	 -0.290
[component_container-11] 	 38.570	ErrPose	 -0.166	 -0.153	  0.028	  0.024
[component_container-11] 	 38.570	ErrTwis	  0.655	 -0.871	  0.042	  0.010
[component_container-11] 	 38.570	    GPS	  1.043	  2.000	  5.035	     --
[component_container-11] 	 38.570	   Baro	     --	     --	  5.557	     --
[component_container-11] 	 38.570	  BBias	     --	     --	  0.584	     --
[component_container-11] 	 38.570	  Sonar	     --	     --	    inf	     --
[component_container-11] 	 38.570	  Magnt	     --	     --	     --	  1.945
[component_container-11] 
[component_container-11] 	 38.600	   Pose	  1.360	  1.948	  5.007	  1.926
[component_container-11] 	 38.600	  Twist	  0.082	  0.750	 -0.021	 -0.290
[component_container-11] 	 38.600	ErrPose	 -0.176	 -0.147	  0.029	  0.021
[component_container-11] 	 38.600	ErrTwis	  0.657	 -0.860	  0.042	  0.011
[component_container-11] 	 38.600	    GPS	  1.043	  2.000	  5.035	     --
[component_container-11] 	 38.600	   Baro	     --	     --	  5.557	     --
[component_container-11] 	 38.600	  BBias	     --	     --	  0.584	     --
[component_container-11] 	 38.600	  Sonar	     --	     --	    inf	     --
[component_container-11] 	 38.600	  Magnt	     --	     --	     --	  1.945
[component_container-11] 
[component_container-11] 	 38.640	   Pose	  1.364	  1.978	  5.012	  1.915
[component_container-11] 	 38.640	  Twist	  0.084	  0.745	 -0.017	 -0.276
[component_container-11] 	 38.640	ErrPose	 -0.186	 -0.147	  0.024	  0.021
[component_container-11] 	 38.640	ErrTwis	  0.659	 -0.848	  0.037	 -0.004
[component_container-11] 	 38.640	    GPS	  1.043	  2.000	  5.035	     --
[component_container-11] 	 38.640	   Baro	     --	     --	  5.661	     --
[component_container-11] 	 38.640	  BBias	     --	     --	  0.584	     --
[component_container-11] 	 38.640	  Sonar	     --	     --	    inf	     --
[component_container-11] 	 38.640	  Magnt	     --	     --	     --	  1.929
[component_container-11] 
[component_container-11] 	 38.670	   Pose	  1.366	  2.001	  5.017	  1.907
[component_container-11] 	 38.670	  Twist	  0.085	  0.742	 -0.012	 -0.281
[component_container-11] 	 38.670	ErrPose	 -0.192	 -0.155	  0.019	  0.024
[component_container-11] 	 38.670	ErrTwis	  0.660	 -0.841	  0.033	  0.002
[component_container-11] 	 38.670	    GPS	  1.043	  2.000	  5.035	     --
[component_container-11] 	 38.670	   Baro	     --	     --	  5.670	     --
[component_container-11] 	 38.670	  BBias	     --	     --	  0.584	     --
[component_container-11] 	 38.670	  Sonar	     --	     --	    inf	     --
[component_container-11] 	 38.670	  Magnt	     --	     --	     --	  1.931
[component_container-11] 
[component_container-11] 	 38.700	   Pose	  1.369	  2.023	  5.017	  1.898
[component_container-11] 	 38.700	  Twist	  0.086	  0.738	 -0.013	 -0.265
[component_container-11] 	 38.700	ErrPose	 -0.202	 -0.148	  0.019	  0.021
[component_container-11] 	 38.700	ErrTwis	  0.663	 -0.829	  0.034	 -0.013
[component_container-11] 	 38.700	    GPS	  1.043	  2.000	  5.035	     --
[component_container-11] 	 38.700	   Baro	     --	     --	  5.670	     --
[component_container-11] 	 38.700	  BBias	     --	     --	  0.584	     --
[component_container-11] 	 38.700	  Sonar	     --	     --	    inf	     --
[component_container-11] 	 38.700	  Magnt	     --	     --	     --	  1.931
[component_container-11] 
[component_container-11] 	 38.740	   Pose	  1.372	  2.052	  5.025	  1.887
[component_container-11] 	 38.740	  Twist	  0.088	  0.733	 -0.006	 -0.274
[component_container-11] 	 38.740	ErrPose	 -0.213	 -0.148	  0.011	  0.022
[component_container-11] 	 38.740	ErrTwis	  0.666	 -0.818	  0.027	 -0.004
[component_container-11] 	 38.740	    GPS	  1.043	  2.000	  5.035	     --
[component_container-11] 	 38.740	   Baro	     --	     --	  5.707	     --
[component_container-11] 	 38.740	  BBias	     --	     --	  0.584	     --
[component_container-11] 	 38.740	  Sonar	     --	     --	    inf	     --
[component_container-11] 	 38.740	  Magnt	     --	     --	     --	  1.899
[component_container-11] 
[component_container-11] 	 38.770	   Pose	  1.375	  2.074	  5.029	  1.880
[component_container-11] 	 38.770	  Twist	  0.090	  0.729	 -0.004	 -0.276
[component_container-11] 	 38.770	ErrPose	 -0.219	 -0.155	  0.007	  0.023
[component_container-11] 	 38.770	ErrTwis	  0.667	 -0.812	  0.025	 -0.003
[component_container-11] 	 38.770	    GPS	  1.043	  2.000	  5.035	     --
[component_container-11] 	 38.770	   Baro	     --	     --	  5.658	     --
[component_container-11] 	 38.770	  BBias	     --	     --	  0.584	     --
[component_container-11] 	 38.770	  Sonar	     --	     --	    inf	     --
[component_container-11] 	 38.770	  Magnt	     --	     --	     --	  1.943
[component_container-11] 
[component_container-11] 	 38.800	   Pose	  1.378	  2.096	  5.029	  1.871
[component_container-11] 	 38.800	  Twist	  0.091	  0.725	 -0.006	 -0.306
[component_container-11] 	 38.800	ErrPose	 -0.229	 -0.146	  0.008	  0.021
[component_container-11] 	 38.800	ErrTwis	  0.669	 -0.804	  0.027	  0.027
[component_container-11] 	 38.800	    GPS	  1.043	  2.000	  5.035	     --
[component_container-11] 	 38.800	   Baro	     --	     --	  5.658	     --
[component_container-11] 	 38.800	  BBias	     --	     --	  0.584	     --
[component_container-11] 	 38.800	  Sonar	     --	     --	    inf	     --
[component_container-11] 	 38.800	  Magnt	     --	     --	     --	  1.943
[component_container-11] 
[component_container-11] 	 38.840	   Pose	  1.381	  2.125	  5.028	  1.861
[component_container-11] 	 38.840	  Twist	  0.094	  0.720	 -0.010	 -0.305
[component_container-11] 	 38.840	ErrPose	 -0.239	 -0.145	  0.008	  0.020
[component_container-11] 	 38.840	ErrTwis	  0.672	 -0.797	  0.030	  0.026
[component_container-11] 	 38.840	    GPS	  1.043	  2.000	  5.035	     --
[component_container-11] 	 38.840	   Baro	     --	     --	  5.610	     --
[component_container-11] 	 38.840	  BBias	     --	     --	  0.584	     --
[component_container-11] 	 38.840	  Sonar	     --	     --	    inf	     --
[component_container-11] 	 38.840	  Magnt	     --	     --	     --	  1.908
[component_container-11] 
[component_container-11] 	 38.870	   Pose	  1.384	  2.147	  5.048	  1.853
[component_container-11] 	 38.870	  Twist	  0.096	  0.717	  0.008	 -0.290
[component_container-11] 	 38.870	ErrPose	 -0.245	 -0.152	 -0.011	  0.022
[component_container-11] 	 38.870	ErrTwis	  0.673	 -0.792	  0.011	  0.011
[component_container-11] 	 38.870	    GPS	  1.043	  2.000	  5.035	     --
[component_container-11] 	 38.870	   Baro	     --	     --	  5.835	     --
[component_container-11] 	 38.870	  BBias	     --	     --	  0.584	     --
[component_container-11] 	 38.870	  Sonar	     --	     --	    inf	     --
[component_container-11] 	 38.870	  Magnt	     --	     --	     --	  1.880
[component_container-11] 
[component_container-11] 	 38.900	   Pose	  1.387	  2.168	  5.048	  1.844
[component_container-11] 	 38.900	  Twist	  0.097	  0.713	  0.006	 -0.292
[component_container-11] 	 38.900	ErrPose	 -0.254	 -0.142	 -0.011	  0.020
[component_container-11] 	 38.900	ErrTwis	  0.676	 -0.784	  0.011	  0.013
[component_container-11] 	 38.900	    GPS	  1.043	  2.000	  5.035	     --
[component_container-11] 	 38.900	   Baro	     --	     --	  5.835	     --
[component_container-11] 	 38.900	  BBias	     --	     --	  0.584	     --
[component_container-11] 	 38.900	  Sonar	     --	     --	    inf	     --
[component_container-11] 	 38.900	  Magnt	     --	     --	     --	  1.880
[component_container-11] 
[component_container-11] 	 38.940	   Pose	  1.391	  2.196	  5.045	  1.833
[component_container-11] 	 38.940	  Twist	  0.099	  0.708	 -0.001	 -0.286
[component_container-11] 	 38.940	ErrPose	 -0.265	 -0.140	 -0.008	  0.020
[component_container-11] 	 38.940	ErrTwis	  0.678	 -0.775	  0.016	  0.006
[component_container-11] 	 38.940	    GPS	  1.043	  2.000	  5.035	     --
[component_container-11] 	 38.940	   Baro	     --	     --	  5.596	     --
[component_container-11] 	 38.940	  BBias	     --	     --	  0.584	     --
[component_container-11] 	 38.940	  Sonar	     --	     --	    inf	     --
[component_container-11] 	 38.940	  Magnt	     --	     --	     --	  1.856
[component_container-11] 
[component_container-11] 	 38.970	   Pose	  1.394	  2.218	  5.039	  1.825
[component_container-11] 	 38.970	  Twist	  0.101	  0.705	 -0.009	 -0.280
[component_container-11] 	 38.970	ErrPose	 -0.271	 -0.146	 -0.003	  0.022
[component_container-11] 	 38.970	ErrTwis	  0.679	 -0.769	  0.024	  0.000
[component_container-11] 	 38.970	    GPS	  1.043	  2.000	  5.035	     --
[component_container-11] 	 38.970	   Baro	     --	     --	  5.570	     --
[component_container-11] 	 38.970	  BBias	     --	     --	  0.584	     --
[component_container-11] 	 38.970	  Sonar	     --	     --	    inf	     --
[component_container-11] 	 38.970	  Magnt	     --	     --	     --	  1.849
[component_container-11] 
[component_container-11] [INFO] [1775369603.615493847] [drone.controller]: cmd_vel body=(1.000, -0.027, -0.019) yaw=-0.300 | odom_received=true | plan_points=19
[component_container-11] 	 39.000	   Pose	  1.397	  2.239	  5.039	  1.816
[component_container-11] 	 39.000	  Twist	  0.102	  0.701	 -0.012	 -0.280
[component_container-11] 	 39.000	ErrPose	 -0.280	 -0.136	 -0.003	  0.020
[component_container-11] 	 39.000	ErrTwis	  0.682	 -0.759	  0.024	  0.001
[component_container-11] 	 39.000	    GPS	  1.043	  2.000	  5.035	     --
[component_container-11] 	 39.000	   Baro	     --	     --	  5.570	     --
[component_container-11] 	 39.000	  BBias	     --	     --	  0.584	     --
[component_container-11] 	 39.000	  Sonar	     --	     --	    inf	     --
[component_container-11] 	 39.000	  Magnt	     --	     --	     --	  1.849
[component_container-11] 
[component_container-11] [INFO] [1775369603.615776804] [drone.estimator]: TMP LOG err_xyz=(-0.280, -0.136, -0.003) | z_est=5.039 vz_est=-0.012 bias=0.584 | gps_z=5.035 sonar=inf baro=5.570
[component_container-11] 	 39.040	   Pose	  1.163	  2.137	  5.034	  1.806
[component_container-11] 	 39.040	  Twist	 -0.065	  0.570	 -0.019	 -0.285
[component_container-11] 	 39.040	ErrPose	 -0.053	 -0.003	  0.002	  0.019
[component_container-11] 	 39.040	ErrTwis	  0.854	 -0.621	  0.029	  0.006
[component_container-11] 	 39.040	    GPS	  0.859	  2.072	  5.036	     --
[component_container-11] 	 39.040	   Baro	     --	     --	  5.576	     --
[component_container-11] 	 39.040	  BBias	     --	     --	  0.584	     --
[component_container-11] 	 39.040	  Sonar	     --	     --	    inf	     --
[component_container-11] 	 39.040	  Magnt	     --	     --	     --	  1.849
[component_container-11] 
[component_container-11] 	 39.070	   Pose	  1.162	  2.154	  5.036	  1.798
[component_container-11] 	 39.070	  Twist	 -0.063	  0.566	 -0.019	 -0.303
[component_container-11] 	 39.070	ErrPose	 -0.054	 -0.005	  0.000	  0.021
[component_container-11] 	 39.070	ErrTwis	  0.854	 -0.613	  0.029	  0.024
[component_container-11] 	 39.070	    GPS	  0.859	  2.072	  5.036	     --
[component_container-11] 	 39.070	   Baro	     --	     --	  5.641	     --
[component_container-11] 	 39.070	  BBias	     --	     --	  0.584	     --
[component_container-11] 	 39.070	  Sonar	     --	     --	    inf	     --
[component_container-11] 	 39.070	  Magnt	     --	     --	     --	  1.855
[component_container-11] 
[component_container-11] 	 39.100	   Pose	  1.160	  2.171	  5.035	  1.790
[component_container-11] 	 39.100	  Twist	 -0.060	  0.562	 -0.021	 -0.271
[component_container-11] 	 39.100	ErrPose	 -0.059	  0.010	  0.000	  0.018
[component_container-11] 	 39.100	ErrTwis	  0.856	 -0.601	  0.030	 -0.009
[component_container-11] 	 39.100	    GPS	  0.859	  2.072	  5.036	     --
[component_container-11] 	 39.100	   Baro	     --	     --	  5.641	     --
[component_container-11] 	 39.100	  BBias	     --	     --	  0.584	     --
[component_container-11] 	 39.100	  Sonar	     --	     --	    inf	     --
[component_container-11] 	 39.100	  Magnt	     --	     --	     --	  1.855
[component_container-11] 
[component_container-11] 	 39.140	   Pose	  1.157	  2.193	  5.039	  1.779
[component_container-11] 	 39.140	  Twist	 -0.059	  0.558	 -0.017	 -0.276
[component_container-11] 	 39.140	ErrPose	 -0.063	  0.019	 -0.004	  0.018
[component_container-11] 	 39.140	ErrTwis	  0.860	 -0.587	  0.025	 -0.004
[component_container-11] 	 39.140	    GPS	  0.859	  2.072	  5.036	     --
[component_container-11] 	 39.140	   Baro	     --	     --	  5.678	     --
[component_container-11] 	 39.140	  BBias	     --	     --	  0.584	     --
[component_container-11] 	 39.140	  Sonar	     --	     --	    inf	     --
[component_container-11] 	 39.140	  Magnt	     --	     --	     --	  1.802
[component_container-11] 
[component_container-11] 	 39.170	   Pose	  1.156	  2.210	  5.039	  1.770
[component_container-11] 	 39.170	  Twist	 -0.057	  0.554	 -0.018	 -0.289
[component_container-11] 	 39.170	ErrPose	 -0.065	  0.018	 -0.004	  0.021
[component_container-11] 	 39.170	ErrTwis	  0.860	 -0.579	  0.026	  0.009
[component_container-11] 	 39.170	    GPS	  0.859	  2.072	  5.036	     --
[component_container-11] 	 39.170	   Baro	     --	     --	  5.624	     --
[component_container-11] 	 39.170	  BBias	     --	     --	  0.584	     --
[component_container-11] 	 39.170	  Sonar	     --	     --	    inf	     --
[component_container-11] 	 39.170	  Magnt	     --	     --	     --	  1.787
[component_container-11] 
[component_container-11] 	 39.200	   Pose	  1.154	  2.227	  5.038	  1.762
[component_container-11] 	 39.200	  Twist	 -0.056	  0.549	 -0.020	 -0.289
[component_container-11] 	 39.200	ErrPose	 -0.069	  0.033	 -0.004	  0.019
[component_container-11] 	 39.200	ErrTwis	  0.863	 -0.565	  0.028	  0.009
[component_container-11] 	 39.200	    GPS	  0.859	  2.072	  5.036	     --
[component_container-11] 	 39.200	   Baro	     --	     --	  5.624	     --
[component_container-11] 	 39.200	  BBias	     --	     --	  0.584	     --
[component_container-11] 	 39.200	  Sonar	     --	     --	    inf	     --
[component_container-11] 	 39.200	  Magnt	     --	     --	     --	  1.787
[component_container-11] 
[component_container-11] 	 39.240	   Pose	  1.152	  2.248	  5.034	  1.751
[component_container-11] 	 39.240	  Twist	 -0.054	  0.543	 -0.026	 -0.302
[component_container-11] 	 39.240	ErrPose	 -0.073	  0.043	 -0.000	  0.018
[component_container-11] 	 39.240	ErrTwis	  0.865	 -0.553	  0.034	  0.022
[component_container-11] 	 39.240	    GPS	  0.859	  2.072	  5.036	     --
[component_container-11] 	 39.240	   Baro	     --	     --	  5.583	     --
[component_container-11] 	 39.240	  BBias	     --	     --	  0.584	     --
[component_container-11] 	 39.240	  Sonar	     --	     --	    inf	     --
[component_container-11] 	 39.240	  Magnt	     --	     --	     --	  1.777
[component_container-11] 
[component_container-11] 	 39.270	   Pose	  1.150	  2.265	  5.031	  1.743
[component_container-11] 	 39.270	  Twist	 -0.052	  0.539	 -0.030	 -0.292
[component_container-11] 	 39.270	ErrPose	 -0.075	  0.043	  0.003	  0.020
[component_container-11] 	 39.270	ErrTwis	  0.866	 -0.547	  0.038	  0.012
[component_container-11] 	 39.270	    GPS	  0.859	  2.072	  5.036	     --
[component_container-11] 	 39.270	   Baro	     --	     --	  5.590	     --
[component_container-11] 	 39.270	  BBias	     --	     --	  0.584	     --
[component_container-11] 	 39.270	  Sonar	     --	     --	    inf	     --
[component_container-11] 	 39.270	  Magnt	     --	     --	     --	  1.792
[component_container-11] 
[component_container-11] 	 39.300	   Pose	  1.149	  2.281	  5.030	  1.734
[component_container-11] 	 39.300	  Twist	 -0.050	  0.535	 -0.032	 -0.281
[component_container-11] 	 39.300	ErrPose	 -0.079	  0.059	  0.003	  0.018
[component_container-11] 	 39.300	ErrTwis	  0.869	 -0.540	  0.038	  0.001
[component_container-11] 	 39.300	    GPS	  0.859	  2.072	  5.036	     --
[component_container-11] 	 39.300	   Baro	     --	     --	  5.590	     --
[component_container-11] 	 39.300	  BBias	     --	     --	  0.584	     --
[component_container-11] 	 39.300	  Sonar	     --	     --	    inf	     --
[component_container-11] 	 39.300	  Magnt	     --	     --	     --	  1.792
[component_container-11] 
[component_container-11] 	 39.340	   Pose	  1.147	  2.302	  5.023	  1.723
[component_container-11] 	 39.340	  Twist	 -0.049	  0.530	 -0.040	 -0.296
[component_container-11] 	 39.340	ErrPose	 -0.083	  0.071	  0.010	  0.018
[component_container-11] 	 39.340	ErrTwis	  0.871	 -0.533	  0.045	  0.016
[component_container-11] 	 39.340	    GPS	  0.859	  2.072	  5.036	     --
[component_container-11] 	 39.340	   Baro	     --	     --	  5.550	     --
[component_container-11] 	 39.340	  BBias	     --	     --	  0.584	     --
[component_container-11] 	 39.340	  Sonar	     --	     --	    inf	     --
[component_container-11] 	 39.340	  Magnt	     --	     --	     --	  1.756
[component_container-11] 
[component_container-11] 	 39.370	   Pose	  1.145	  2.318	  5.023	  1.715
[component_container-11] 	 39.370	  Twist	 -0.047	  0.526	 -0.041	 -0.286
[component_container-11] 	 39.370	ErrPose	 -0.084	  0.071	  0.009	  0.020
[component_container-11] 	 39.370	ErrTwis	  0.872	 -0.528	  0.046	  0.006
[component_container-11] 	 39.370	    GPS	  0.859	  2.072	  5.036	     --
[component_container-11] 	 39.370	   Baro	     --	     --	  5.620	     --
[component_container-11] 	 39.370	  BBias	     --	     --	  0.584	     --
[component_container-11] 	 39.370	  Sonar	     --	     --	    inf	     --
[component_container-11] 	 39.370	  Magnt	     --	     --	     --	  1.732
[component_container-11] 
[component_container-11] 	 39.400	   Pose	  1.144	  2.334	  5.022	  1.706
[component_container-11] 	 39.400	  Twist	 -0.045	  0.522	 -0.043	 -0.290
[component_container-11] 	 39.400	ErrPose	 -0.088	  0.088	  0.010	  0.018
[component_container-11] 	 39.400	ErrTwis	  0.875	 -0.521	  0.048	  0.010
[component_container-11] 	 39.400	    GPS	  0.859	  2.072	  5.036	     --
[component_container-11] 	 39.400	   Baro	     --	     --	  5.620	     --
[component_container-11] 	 39.400	  BBias	     --	     --	  0.584	     --
[component_container-11] 	 39.400	  Sonar	     --	     --	    inf	     --
[component_container-11] 	 39.400	  Magnt	     --	     --	     --	  1.732
[component_container-11] 
[component_container-11] 	 39.440	   Pose	  1.142	  2.354	  5.003	  1.694
[component_container-11] 	 39.440	  Twist	 -0.043	  0.516	 -0.061	 -0.280
[component_container-11] 	 39.440	ErrPose	 -0.092	  0.101	  0.028	  0.018
[component_container-11] 	 39.440	ErrTwis	  0.877	 -0.513	  0.065	  0.000
[component_container-11] 	 39.440	    GPS	  0.859	  2.072	  5.036	     --
[component_container-11] 	 39.440	   Baro	     --	     --	  5.423	     --
[component_container-11] 	 39.440	  BBias	     --	     --	  0.584	     --
[component_container-11] 	 39.440	  Sonar	     --	     --	    inf	     --
[component_container-11] 	 39.440	  Magnt	     --	     --	     --	  1.682
[component_container-11] 
[component_container-11] 	 39.470	   Pose	  1.141	  2.370	  4.996	  1.686
[component_container-11] 	 39.470	  Twist	 -0.041	  0.511	 -0.068	 -0.290
[component_container-11] 	 39.470	ErrPose	 -0.093	  0.102	  0.035	  0.021
[component_container-11] 	 39.470	ErrTwis	  0.877	 -0.507	  0.071	  0.010
[component_container-11] 	 39.470	    GPS	  0.859	  2.072	  5.036	     --
[component_container-11] 	 39.470	   Baro	     --	     --	  5.525	     --
[component_container-11] 	 39.470	  BBias	     --	     --	  0.584	     --
[component_container-11] 	 39.470	  Sonar	     --	     --	    inf	     --
[component_container-11] 	 39.470	  Magnt	     --	     --	     --	  1.713
[component_container-11] 
[component_container-11] 	 39.500	   Pose	  1.140	  2.385	  4.994	  1.677
[component_container-11] 	 39.500	  Twist	 -0.038	  0.507	 -0.069	 -0.287
[component_container-11] 	 39.500	ErrPose	 -0.096	  0.120	  0.036	  0.019
[component_container-11] 	 39.500	ErrTwis	  0.879	 -0.499	  0.072	  0.007
[component_container-11] 	 39.500	    GPS	  0.859	  2.072	  5.036	     --
[component_container-11] 	 39.500	   Baro	     --	     --	  5.525	     --
[component_container-11] 	 39.500	  BBias	     --	     --	  0.584	     --
[component_container-11] 	 39.500	  Sonar	     --	     --	    inf	     --
[component_container-11] 	 39.500	  Magnt	     --	     --	     --	  1.713
[component_container-11] 
[component_container-11] [INFO] [1775369604.121785551] [drone.estimator]: TMP LOG gps innov_xy=(-0.374, 0.182) est_xy=(1.139, 2.390) gps_xy=(0.766, 2.572) corr_xy=(0.766, 2.572) vel_xy=(-0.038, 0.505)
[component_container-11] [INFO] [1775369604.121900634] [drone.estimator]: TMP LOG gps vel pseudo raw=(-0.187, 1.000) filt=(-0.206, 0.922) innov_v=(-0.109, 0.388) apply=(1,1)
[component_container-11] 	 39.540	   Pose	  1.000	  2.526	  4.997	  1.665
[component_container-11] 	 39.540	  Twist	 -0.119	  0.614	 -0.064	 -0.281
[component_container-11] 	 39.540	ErrPose	  0.039	  0.012	  0.033	  0.020
[component_container-11] 	 39.540	ErrTwis	  0.964	 -0.602	  0.069	  0.001
[component_container-11] 	 39.540	    GPS	  0.766	  2.572	  5.030	     --
[component_container-11] 	 39.540	   Baro	     --	     --	  5.573	     --
[component_container-11] 	 39.540	  BBias	     --	     --	  0.584	     --
[component_container-11] 	 39.540	  Sonar	     --	     --	    inf	     --
[component_container-11] 	 39.540	  Magnt	     --	     --	     --	  1.638
[component_container-11] 
[component_container-11] 	 39.570	   Pose	  0.996	  2.545	  4.998	  1.658
[component_container-11] 	 39.570	  Twist	 -0.117	  0.609	 -0.061	 -0.270
[component_container-11] 	 39.570	ErrPose	  0.040	  0.011	  0.031	  0.021
[component_container-11] 	 39.570	ErrTwis	  0.964	 -0.595	  0.066	 -0.010
[component_container-11] 	 39.570	    GPS	  0.766	  2.572	  5.030	     --
[component_container-11] 	 39.570	   Baro	     --	     --	  5.619	     --
[component_container-11] 	 39.570	  BBias	     --	     --	  0.584	     --
[component_container-11] 	 39.570	  Sonar	     --	     --	    inf	     --
[component_container-11] 	 39.570	  Magnt	     --	     --	     --	  1.723
[component_container-11] 
[component_container-11] 	 39.600	   Pose	  0.993	  2.563	  4.996	  1.649
[component_container-11] 	 39.600	  Twist	 -0.116	  0.605	 -0.062	 -0.294
[component_container-11] 	 39.600	ErrPose	  0.039	  0.027	  0.033	  0.019
[component_container-11] 	 39.600	ErrTwis	  0.967	 -0.586	  0.067	  0.014
[component_container-11] 	 39.600	    GPS	  0.766	  2.572	  5.030	     --
[component_container-11] 	 39.600	   Baro	     --	     --	  5.619	     --
[component_container-11] 	 39.600	  BBias	     --	     --	  0.584	     --
[component_container-11] 	 39.600	  Sonar	     --	     --	    inf	     --
[component_container-11] 	 39.600	  Magnt	     --	     --	     --	  1.723
[component_container-11] 
[component_container-11] 	 39.640	   Pose	  0.988	  2.587	  4.991	  1.638
[component_container-11] 	 39.640	  Twist	 -0.114	  0.599	 -0.065	 -0.273
[component_container-11] 	 39.640	ErrPose	  0.040	  0.037	  0.037	  0.019
[component_container-11] 	 39.640	ErrTwis	  0.968	 -0.574	  0.072	 -0.007
[component_container-11] 	 39.640	    GPS	  0.766	  2.572	  5.030	     --
[component_container-11] 	 39.640	   Baro	     --	     --	  5.546	     --
[component_container-11] 	 39.640	  BBias	     --	     --	  0.584	     --
[component_container-11] 	 39.640	  Sonar	     --	     --	    inf	     --
[component_container-11] 	 39.640	  Magnt	     --	     --	     --	  1.657
[component_container-11] 
[component_container-11] 	 39.670	   Pose	  0.985	  2.605	  4.990	  1.630
[component_container-11] 	 39.670	  Twist	 -0.112	  0.595	 -0.064	 -0.280
[component_container-11] 	 39.670	ErrPose	  0.041	  0.036	  0.038	  0.022
[component_container-11] 	 39.670	ErrTwis	  0.969	 -0.568	  0.072	  0.000
[component_container-11] 	 39.670	    GPS	  0.766	  2.572	  5.030	     --
[component_container-11] 	 39.670	   Baro	     --	     --	  5.590	     --
[component_container-11] 	 39.670	  BBias	     --	     --	  0.584	     --
[component_container-11] 	 39.670	  Sonar	     --	     --	    inf	     --
[component_container-11] 	 39.670	  Magnt	     --	     --	     --	  1.629
[component_container-11] 
[component_container-11] 	 39.700	   Pose	  0.981	  2.623	  4.988	  1.621
[component_container-11] 	 39.700	  Twist	 -0.111	  0.591	 -0.064	 -0.280
[component_container-11] 	 39.700	ErrPose	  0.040	  0.052	  0.039	  0.019
[component_container-11] 	 39.700	ErrTwis	  0.972	 -0.558	  0.073	  0.001
[component_container-11] 	 39.700	    GPS	  0.766	  2.572	  5.030	     --
[component_container-11] 	 39.700	   Baro	     --	     --	  5.590	     --
[component_container-11] 	 39.700	  BBias	     --	     --	  0.584	     --
[component_container-11] 	 39.700	  Sonar	     --	     --	    inf	     --
[component_container-11] 	 39.700	  Magnt	     --	     --	     --	  1.629
[component_container-11] 
[component_container-11] 	 39.740	   Pose	  0.977	  2.646	  4.979	  1.611
[component_container-11] 	 39.740	  Twist	 -0.110	  0.586	 -0.071	 -0.281
[component_container-11] 	 39.740	ErrPose	  0.041	  0.063	  0.048	  0.018
[component_container-11] 	 39.740	ErrTwis	  0.974	 -0.548	  0.080	  0.002
[component_container-11] 	 39.740	    GPS	  0.766	  2.572	  5.030	     --
[component_container-11] 	 39.740	   Baro	     --	     --	  5.498	     --
[component_container-11] 	 39.740	  BBias	     --	     --	  0.584	     --
[component_container-11] 	 39.740	  Sonar	     --	     --	    inf	     --
[component_container-11] 	 39.740	  Magnt	     --	     --	     --	  1.668
[component_container-11] 
[component_container-11] 	 39.770	   Pose	  0.974	  2.664	  4.980	  1.602
[component_container-11] 	 39.770	  Twist	 -0.109	  0.582	 -0.068	 -0.279
[component_container-11] 	 39.770	ErrPose	  0.042	  0.063	  0.047	  0.021
[component_container-11] 	 39.770	ErrTwis	  0.975	 -0.542	  0.077	 -0.000
[component_container-11] 	 39.770	    GPS	  0.766	  2.572	  5.030	     --
[component_container-11] 	 39.770	   Baro	     --	     --	  5.592	     --
[component_container-11] 	 39.770	  BBias	     --	     --	  0.584	     --
[component_container-11] 	 39.770	  Sonar	     --	     --	    inf	     --
[component_container-11] 	 39.770	  Magnt	     --	     --	     --	  1.601
[component_container-11] 
[component_container-11] 	 39.800	   Pose	  0.970	  2.681	  4.978	  1.594
[component_container-11] 	 39.800	  Twist	 -0.107	  0.577	 -0.069	 -0.286
[component_container-11] 	 39.800	ErrPose	  0.042	  0.080	  0.049	  0.018
[component_container-11] 	 39.800	ErrTwis	  0.977	 -0.535	  0.079	  0.007
[component_container-11] 	 39.800	    GPS	  0.766	  2.572	  5.030	     --
[component_container-11] 	 39.800	   Baro	     --	     --	  5.592	     --
[component_container-11] 	 39.800	  BBias	     --	     --	  0.584	     --
[component_container-11] 	 39.800	  Sonar	     --	     --	    inf	     --
[component_container-11] 	 39.800	  Magnt	     --	     --	     --	  1.601
[component_container-11] 
[component_container-11] 	 39.840	   Pose	  0.966	  2.704	  4.980	  1.582
[component_container-11] 	 39.840	  Twist	 -0.106	  0.571	 -0.064	 -0.271
[component_container-11] 	 39.840	ErrPose	  0.044	  0.092	  0.046	  0.018
[component_container-11] 	 39.840	ErrTwis	  0.979	 -0.527	  0.076	 -0.008
[component_container-11] 	 39.840	    GPS	  0.766	  2.572	  5.030	     --
[component_container-11] 	 39.840	   Baro	     --	     --	  5.619	     --
[component_container-11] 	 39.840	  BBias	     --	     --	  0.584	     --
[component_container-11] 	 39.840	  Sonar	     --	     --	    inf	     --
[component_container-11] 	 39.840	  Magnt	     --	     --	     --	  1.586
[component_container-11] 
[component_container-11] 	 39.870	   Pose	  0.963	  2.721	  4.970	  1.574
[component_container-11] 	 39.870	  Twist	 -0.105	  0.567	 -0.072	 -0.283
[component_container-11] 	 39.870	ErrPose	  0.045	  0.093	  0.056	  0.021
[component_container-11] 	 39.870	ErrTwis	  0.980	 -0.521	  0.084	  0.003
[component_container-11] 	 39.870	    GPS	  0.766	  2.572	  5.030	     --
[component_container-11] 	 39.870	   Baro	     --	     --	  5.475	     --
[component_container-11] 	 39.870	  BBias	     --	     --	  0.584	     --
[component_container-11] 	 39.870	  Sonar	     --	     --	    inf	     --
[component_container-11] 	 39.870	  Magnt	     --	     --	     --	  1.594
[component_container-11] 
[component_container-11] 	 39.900	   Pose	  0.960	  2.738	  4.968	  1.566
[component_container-11] 	 39.900	  Twist	 -0.104	  0.562	 -0.072	 -0.288
[component_container-11] 	 39.900	ErrPose	  0.046	  0.111	  0.058	  0.018
[component_container-11] 	 39.900	ErrTwis	  0.982	 -0.514	  0.084	  0.009
[component_container-11] 	 39.900	    GPS	  0.766	  2.572	  5.030	     --
[component_container-11] 	 39.900	   Baro	     --	     --	  5.475	     --
[component_container-11] 	 39.900	  BBias	     --	     --	  0.584	     --
[component_container-11] 	 39.900	  Sonar	     --	     --	    inf	     --
[component_container-11] 	 39.900	  Magnt	     --	     --	     --	  1.594
[component_container-11] 
[component_container-11] 	 39.940	   Pose	  0.956	  2.760	  4.970	  1.555
[component_container-11] 	 39.940	  Twist	 -0.101	  0.556	 -0.067	 -0.276
[component_container-11] 	 39.940	ErrPose	  0.048	  0.124	  0.056	  0.018
[component_container-11] 	 39.940	ErrTwis	  0.983	 -0.505	  0.081	 -0.004
[component_container-11] 	 39.940	    GPS	  0.766	  2.572	  5.030	     --
[component_container-11] 	 39.940	   Baro	     --	     --	  5.603	     --
[component_container-11] 	 39.940	  BBias	     --	     --	  0.584	     --
[component_container-11] 	 39.940	  Sonar	     --	     --	    inf	     --
[component_container-11] 	 39.940	  Magnt	     --	     --	     --	  1.598
[component_container-11] 
[component_container-11] 	 39.970	   Pose	  0.953	  2.777	  4.981	  1.546
[component_container-11] 	 39.970	  Twist	 -0.101	  0.552	 -0.054	 -0.284
[component_container-11] 	 39.970	ErrPose	  0.050	  0.125	  0.045	  0.021
[component_container-11] 	 39.970	ErrTwis	  0.984	 -0.500	  0.069	  0.004
[component_container-11] 	 39.970	    GPS	  0.766	  2.572	  5.030	     --
[component_container-11] 	 39.970	   Baro	     --	     --	  5.694	     --
[component_container-11] 	 39.970	  BBias	     --	     --	  0.584	     --
[component_container-11] 	 39.970	  Sonar	     --	     --	    inf	     --
[component_container-11] 	 39.970	  Magnt	     --	     --	     --	  1.535
[component_container-11] 
[component_container-11] [INFO] [1775369604.623414853] [drone.controller]: cmd_vel body=(1.000, -0.016, 0.015) yaw=-0.300 | odom_received=true | plan_points=13
[component_container-11] 	 40.000	   Pose	  0.950	  2.793	  4.979	  1.538
[component_container-11] 	 40.000	  Twist	 -0.100	  0.547	 -0.053	 -0.273
[component_container-11] 	 40.000	ErrPose	  0.051	  0.144	  0.047	  0.018
[component_container-11] 	 40.000	ErrTwis	  0.986	 -0.491	  0.069	 -0.007
[component_container-11] 	 40.000	    GPS	  0.766	  2.572	  5.030	     --
[component_container-11] 	 40.000	   Baro	     --	     --	  5.694	     --
[component_container-11] 	 40.000	  BBias	     --	     --	  0.584	     --
[component_container-11] 	 40.000	  Sonar	     --	     --	    inf	     --
[component_container-11] 	 40.000	  Magnt	     --	     --	     --	  1.535
[component_container-11] 
[component_container-11] [INFO] [1775369604.623821071] [drone.estimator]: TMP LOG err_xyz=(0.051, 0.144, 0.047) | z_est=4.979 vz_est=-0.053 bias=0.584 | gps_z=5.030 sonar=inf baro=5.694
[component_container-11] 	 40.040	   Pose	  0.965	  2.804	  4.992	  1.526
[component_container-11] 	 40.040	  Twist	 -0.051	  0.528	 -0.038	 -0.297
[component_container-11] 	 40.040	ErrPose	  0.034	  0.169	  0.034	  0.019
[component_container-11] 	 40.040	ErrTwis	  0.941	 -0.470	  0.054	  0.017
[component_container-11] 	 40.040	    GPS	  0.870	  2.793	  5.026	     --
[component_container-11] 	 40.040	   Baro	     --	     --	  5.658	     --
[component_container-11] 	 40.040	  BBias	     --	     --	  0.584	     --
[component_container-11] 	 40.040	  Sonar	     --	     --	    inf	     --
[component_container-11] 	 40.040	  Magnt	     --	     --	     --	  1.537
[component_container-11] 
[component_container-11] 	 40.070	   Pose	  0.963	  2.820	  4.998	  1.519
[component_container-11] 	 40.070	  Twist	 -0.050	  0.523	 -0.030	 -0.290
[component_container-11] 	 40.070	ErrPose	  0.035	  0.171	  0.028	  0.021
[component_container-11] 	 40.070	ErrTwis	  0.941	 -0.463	  0.047	  0.011
[component_container-11] 	 40.070	    GPS	  0.870	  2.793	  5.026	     --
[component_container-11] 	 40.070	   Baro	     --	     --	  5.666	     --
[component_container-11] 	 40.070	  BBias	     --	     --	  0.584	     --
[component_container-11] 	 40.070	  Sonar	     --	     --	    inf	     --
[component_container-11] 	 40.070	  Magnt	     --	     --	     --	  1.576
[component_container-11] 
[component_container-11] 	 40.100	   Pose	  0.962	  2.836	  4.997	  1.510
[component_container-11] 	 40.100	  Twist	 -0.049	  0.519	 -0.031	 -0.306
[component_container-11] 	 40.100	ErrPose	  0.035	  0.192	  0.029	  0.018
[component_container-11] 	 40.100	ErrTwis	  0.942	 -0.455	  0.051	  0.027
[component_container-11] 	 40.100	    GPS	  0.870	  2.793	  5.026	     --
[component_container-11] 	 40.100	   Baro	     --	     --	  5.666	     --
[component_container-11] 	 40.100	  BBias	     --	     --	  0.584	     --
[component_container-11] 	 40.100	  Sonar	     --	     --	    inf	     --
[component_container-11] 	 40.100	  Magnt	     --	     --	     --	  1.576
[component_container-11] 
[component_container-11] 	 40.140	   Pose	  0.960	  2.856	  4.993	  1.499
[component_container-11] 	 40.140	  Twist	 -0.047	  0.513	 -0.036	 -0.298
[component_container-11] 	 40.140	ErrPose	  0.036	  0.207	  0.033	  0.018
[component_container-11] 	 40.140	ErrTwis	  0.944	 -0.445	  0.056	  0.018
[component_container-11] 	 40.140	    GPS	  0.870	  2.793	  5.026	     --
[component_container-11] 	 40.140	   Baro	     --	     --	  5.540	     --
[component_container-11] 	 40.140	  BBias	     --	     --	  0.584	     --
[component_container-11] 	 40.140	  Sonar	     --	     --	    inf	     --
[component_container-11] 	 40.140	  Magnt	     --	     --	     --	  1.547
[component_container-11] 
[component_container-11] 	 40.170	   Pose	  0.958	  2.872	  5.004	  1.490
[component_container-11] 	 40.170	  Twist	 -0.047	  0.508	 -0.024	 -0.287
[component_container-11] 	 40.170	ErrPose	  0.037	  0.210	  0.022	  0.021
[component_container-11] 	 40.170	ErrTwis	  0.944	 -0.438	  0.044	  0.008
[component_container-11] 	 40.170	    GPS	  0.870	  2.793	  5.026	     --
[component_container-11] 	 40.170	   Baro	     --	     --	  5.724	     --
[component_container-11] 	 40.170	  BBias	     --	     --	  0.584	     --
[component_container-11] 	 40.170	  Sonar	     --	     --	    inf	     --
[component_container-11] 	 40.170	  Magnt	     --	     --	     --	  1.472
[component_container-11] 
[component_container-11] 	 40.200	   Pose	  0.957	  2.887	  5.003	  1.481
[component_container-11] 	 40.200	  Twist	 -0.046	  0.504	 -0.025	 -0.284
[component_container-11] 	 40.200	ErrPose	  0.037	  0.231	  0.023	  0.019
[component_container-11] 	 40.200	ErrTwis	  0.946	 -0.429	  0.044	  0.004
[component_container-11] 	 40.200	    GPS	  0.870	  2.793	  5.026	     --
[component_container-11] 	 40.200	   Baro	     --	     --	  5.724	     --
[component_container-11] 	 40.200	  BBias	     --	     --	  0.584	     --
[component_container-11] 	 40.200	  Sonar	     --	     --	    inf	     --
[component_container-11] 	 40.200	  Magnt	     --	     --	     --	  1.472
[component_container-11] 
[component_container-11] 	 40.240	   Pose	  0.955	  2.907	  5.002	  1.470
[component_container-11] 	 40.240	  Twist	 -0.045	  0.499	 -0.027	 -0.291
[component_container-11] 	 40.240	ErrPose	  0.039	  0.247	  0.024	  0.020
[component_container-11] 	 40.240	ErrTwis	  0.946	 -0.419	  0.047	  0.012
[component_container-11] 	 40.240	    GPS	  0.870	  2.793	  5.026	     --
[component_container-11] 	 40.240	   Baro	     --	     --	  5.586	     --
[component_container-11] 	 40.240	  BBias	     --	     --	  0.584	     --
[component_container-11] 	 40.240	  Sonar	     --	     --	    inf	     --
[component_container-11] 	 40.240	  Magnt	     --	     --	     --	  1.471
[component_container-11] 
[component_container-11] 	 40.270	   Pose	  0.954	  2.922	  5.004	  1.460
[component_container-11] 	 40.270	  Twist	 -0.044	  0.493	 -0.026	 -0.278
[component_container-11] 	 40.270	ErrPose	  0.040	  0.250	  0.022	  0.023
[component_container-11] 	 40.270	ErrTwis	  0.947	 -0.411	  0.046	 -0.002
[component_container-11] 	 40.270	    GPS	  0.870	  2.793	  5.026	     --
[component_container-11] 	 40.270	   Baro	     --	     --	  5.617	     --
[component_container-11] 	 40.270	  BBias	     --	     --	  0.584	     --
[component_container-11] 	 40.270	  Sonar	     --	     --	    inf	     --
[component_container-11] 	 40.270	  Magnt	     --	     --	     --	  1.445
[component_container-11] 
[component_container-11] 	 40.300	   Pose	  0.953	  2.937	  5.003	  1.452
[component_container-11] 	 40.300	  Twist	 -0.043	  0.489	 -0.028	 -0.291
[component_container-11] 	 40.300	ErrPose	  0.041	  0.272	  0.023	  0.021
[component_container-11] 	 40.300	ErrTwis	  0.948	 -0.401	  0.047	  0.011
[component_container-11] 	 40.300	    GPS	  0.870	  2.793	  5.026	     --
[component_container-11] 	 40.300	   Baro	     --	     --	  5.617	     --
[component_container-11] 	 40.300	  BBias	     --	     --	  0.584	     --
[component_container-11] 	 40.300	  Sonar	     --	     --	    inf	     --
[component_container-11] 	 40.300	  Magnt	     --	     --	     --	  1.445
[component_container-11] 
[component_container-11] 	 40.340	   Pose	  0.951	  2.956	  5.007	  1.441
[component_container-11] 	 40.340	  Twist	 -0.042	  0.483	 -0.025	 -0.277
[component_container-11] 	 40.340	ErrPose	  0.043	  0.289	  0.020	  0.020
[component_container-11] 	 40.340	ErrTwis	  0.949	 -0.388	  0.043	 -0.003
[component_container-11] 	 40.340	    GPS	  0.870	  2.793	  5.026	     --
[component_container-11] 	 40.340	   Baro	     --	     --	  5.642	     --
[component_container-11] 	 40.340	  BBias	     --	     --	  0.584	     --
[component_container-11] 	 40.340	  Sonar	     --	     --	    inf	     --
[component_container-11] 	 40.340	  Magnt	     --	     --	     --	  1.503
[component_container-11] 
[component_container-11] 	 40.370	   Pose	  0.950	  2.970	  5.016	  1.434
[component_container-11] 	 40.370	  Twist	 -0.042	  0.478	 -0.016	 -0.274
[component_container-11] 	 40.370	ErrPose	  0.044	  0.293	  0.010	  0.022
[component_container-11] 	 40.370	ErrTwis	  0.949	 -0.381	  0.033	 -0.006
[component_container-11] 	 40.370	    GPS	  0.870	  2.793	  5.026	     --
[component_container-11] 	 40.370	   Baro	     --	     --	  5.708	     --
[component_container-11] 	 40.370	  BBias	     --	     --	  0.584	     --
[component_container-11] 	 40.370	  Sonar	     --	     --	    inf	     --
[component_container-11] 	 40.370	  Magnt	     --	     --	     --	  1.471
[component_container-11] 
[component_container-11] 	 40.400	   Pose	  0.948	  2.985	  5.016	  1.425
[component_container-11] 	 40.400	  Twist	 -0.041	  0.474	 -0.017	 -0.286
[component_container-11] 	 40.400	ErrPose	  0.045	  0.315	  0.011	  0.019
[component_container-11] 	 40.400	ErrTwis	  0.949	 -0.369	  0.035	  0.006
[component_container-11] 	 40.400	    GPS	  0.870	  2.793	  5.026	     --
[component_container-11] 	 40.400	   Baro	     --	     --	  5.708	     --
[component_container-11] 	 40.400	  BBias	     --	     --	  0.584	     --
[component_container-11] 	 40.400	  Sonar	     --	     --	    inf	     --
[component_container-11] 	 40.400	  Magnt	     --	     --	     --	  1.471
[component_container-11] 
[component_container-11] 	 40.440	   Pose	  0.947	  3.004	  5.005	  1.414
[component_container-11] 	 40.440	  Twist	 -0.040	  0.468	 -0.029	 -0.294
[component_container-11] 	 40.440	ErrPose	  0.047	  0.333	  0.021	  0.019
[component_container-11] 	 40.440	ErrTwis	  0.950	 -0.356	  0.046	  0.014
[component_container-11] 	 40.440	    GPS	  0.870	  2.793	  5.026	     --
[component_container-11] 	 40.440	   Baro	     --	     --	  5.492	     --
[component_container-11] 	 40.440	  BBias	     --	     --	  0.584	     --
[component_container-11] 	 40.440	  Sonar	     --	     --	    inf	     --
[component_container-11] 	 40.440	  Magnt	     --	     --	     --	  1.448
[component_container-11] 
[component_container-11] 	 40.470	   Pose	  0.946	  3.018	  5.006	  1.406
[component_container-11] 	 40.470	  Twist	 -0.040	  0.463	 -0.029	 -0.285
[component_container-11] 	 40.470	ErrPose	  0.048	  0.338	  0.020	  0.022
[component_container-11] 	 40.470	ErrTwis	  0.950	 -0.348	  0.045	  0.005
[component_container-11] 	 40.470	    GPS	  0.870	  2.793	  5.026	     --
[component_container-11] 	 40.470	   Baro	     --	     --	  5.608	     --
[component_container-11] 	 40.470	  BBias	     --	     --	  0.584	     --
[component_container-11] 	 40.470	  Sonar	     --	     --	    inf	     --
[component_container-11] 	 40.470	  Magnt	     --	     --	     --	  1.414
[component_container-11] 
[component_container-11] 	 40.500	   Pose	  0.944	  3.031	  5.005	  1.397
[component_container-11] 	 40.500	  Twist	 -0.039	  0.458	 -0.030	 -0.296
[component_container-11] 	 40.500	ErrPose	  0.050	  0.361	  0.021	  0.019
[component_container-11] 	 40.500	ErrTwis	  0.949	 -0.335	  0.045	  0.016
[component_container-11] 	 40.500	    GPS	  0.870	  2.793	  5.026	     --
[component_container-11] 	 40.500	   Baro	     --	     --	  5.608	     --
[component_container-11] 	 40.500	  BBias	     --	     --	  0.584	     --
[component_container-11] 	 40.500	  Sonar	     --	     --	    inf	     --
[component_container-11] 	 40.500	  Magnt	     --	     --	     --	  1.414
[component_container-11] 
[component_container-11] [INFO] [1775369605.132321251] [drone.estimator]: TMP LOG gps innov_xy=(-0.300, 0.594) est_xy=(0.944, 3.036) gps_xy=(0.644, 3.630) corr_xy=(0.644, 3.630) vel_xy=(-0.039, 0.456)
[component_container-11] [INFO] [1775369605.132767400] [drone.estimator]: TMP LOG gps vel pseudo raw=(-0.452, 1.675) filt=(-0.390, 1.557) innov_v=(-0.304, 1.007) apply=(1,1)
[component_container-11] 	 40.540	   Pose	  0.797	  3.403	  5.018	  1.386
[component_container-11] 	 40.540	  Twist	 -0.150	  0.761	 -0.019	 -0.276
[component_container-11] 	 40.540	ErrPose	  0.198	  0.026	  0.009	  0.019
[component_container-11] 	 40.540	ErrTwis	  1.062	 -0.631	  0.034	 -0.004
[component_container-11] 	 40.540	    GPS	  0.644	  3.630	  5.026	     --
[component_container-11] 	 40.540	   Baro	     --	     --	  5.718	     --
[component_container-11] 	 40.540	  BBias	     --	     --	  0.584	     --
[component_container-11] 	 40.540	  Sonar	     --	     --	    inf	     --
[component_container-11] 	 40.540	  Magnt	     --	     --	     --	  1.409
[component_container-11] 
[component_container-11] 	 40.570	   Pose	  0.792	  3.426	  5.014	  1.377
[component_container-11] 	 40.570	  Twist	 -0.149	  0.757	 -0.023	 -0.284
[component_container-11] 	 40.570	ErrPose	  0.202	  0.021	  0.012	  0.022
[component_container-11] 	 40.570	ErrTwis	  1.061	 -0.623	  0.037	  0.004
[component_container-11] 	 40.570	    GPS	  0.644	  3.630	  5.026	     --
[component_container-11] 	 40.570	   Baro	     --	     --	  5.563	     --
[component_container-11] 	 40.570	  BBias	     --	     --	  0.584	     --
[component_container-11] 	 40.570	  Sonar	     --	     --	    inf	     --
[component_container-11] 	 40.570	  Magnt	     --	     --	     --	  1.376
[component_container-11] 
[component_container-11] 	 40.600	   Pose	  0.788	  3.448	  5.013	  1.368
[component_container-11] 	 40.600	  Twist	 -0.149	  0.752	 -0.024	 -0.288
[component_container-11] 	 40.600	ErrPose	  0.208	  0.036	  0.013	  0.020
[component_container-11] 	 40.600	ErrTwis	  1.061	 -0.610	  0.036	  0.008
[component_container-11] 	 40.600	    GPS	  0.644	  3.630	  5.026	     --
[component_container-11] 	 40.600	   Baro	     --	     --	  5.563	     --
[component_container-11] 	 40.600	  BBias	     --	     --	  0.584	     --
[component_container-11] 	 40.600	  Sonar	     --	     --	    inf	     --
[component_container-11] 	 40.600	  Magnt	     --	     --	     --	  1.376
[component_container-11] 
[component_container-11] 	 40.640	   Pose	  0.782	  3.478	  5.013	  1.358
[component_container-11] 	 40.640	  Twist	 -0.149	  0.745	 -0.024	 -0.278
[component_container-11] 	 40.640	ErrPose	  0.214	  0.043	  0.013	  0.019
[component_container-11] 	 40.640	ErrTwis	  1.060	 -0.595	  0.035	 -0.002
[component_container-11] 	 40.640	    GPS	  0.644	  3.630	  5.026	     --
[component_container-11] 	 40.640	   Baro	     --	     --	  5.607	     --
[component_container-11] 	 40.640	  BBias	     --	     --	  0.584	     --
[component_container-11] 	 40.640	  Sonar	     --	     --	    inf	     --
[component_container-11] 	 40.640	  Magnt	     --	     --	     --	  1.406
[component_container-11] 
[component_container-11] 	 40.670	   Pose	  0.778	  3.501	  5.011	  1.349
[component_container-11] 	 40.670	  Twist	 -0.148	  0.741	 -0.028	 -0.281
[component_container-11] 	 40.670	ErrPose	  0.219	  0.039	  0.015	  0.022
[component_container-11] 	 40.670	ErrTwis	  1.059	 -0.587	  0.038	  0.001
[component_container-11] 	 40.670	    GPS	  0.644	  3.630	  5.026	     --
[component_container-11] 	 40.670	   Baro	     --	     --	  5.573	     --
[component_container-11] 	 40.670	  BBias	     --	     --	  0.584	     --
[component_container-11] 	 40.670	  Sonar	     --	     --	    inf	     --
[component_container-11] 	 40.670	  Magnt	     --	     --	     --	  1.361
[component_container-11] 
[component_container-11] 	 40.700	   Pose	  0.773	  3.523	  5.010	  1.341
[component_container-11] 	 40.700	  Twist	 -0.148	  0.736	 -0.029	 -0.276
[component_container-11] 	 40.700	ErrPose	  0.225	  0.054	  0.016	  0.019
[component_container-11] 	 40.700	ErrTwis	  1.058	 -0.577	  0.037	 -0.003
[component_container-11] 	 40.700	    GPS	  0.644	  3.630	  5.026	     --
[component_container-11] 	 40.700	   Baro	     --	     --	  5.573	     --
[component_container-11] 	 40.700	  BBias	     --	     --	  0.584	     --
[component_container-11] 	 40.700	  Sonar	     --	     --	    inf	     --
[component_container-11] 	 40.700	  Magnt	     --	     --	     --	  1.361
[component_container-11] 
[component_container-11] 	 40.740	   Pose	  0.767	  3.552	  5.020	  1.329
[component_container-11] 	 40.740	  Twist	 -0.149	  0.730	 -0.019	 -0.299
[component_container-11] 	 40.740	ErrPose	  0.232	  0.061	  0.005	  0.020
[component_container-11] 	 40.740	ErrTwis	  1.057	 -0.566	  0.023	  0.020
[component_container-11] 	 40.740	    GPS	  0.644	  3.630	  5.026	     --
[component_container-11] 	 40.740	   Baro	     --	     --	  5.734	     --
[component_container-11] 	 40.740	  BBias	     --	     --	  0.584	     --
[component_container-11] 	 40.740	  Sonar	     --	     --	    inf	     --
[component_container-11] 	 40.740	  Magnt	     --	     --	     --	  1.348
[component_container-11] 
[component_container-11] 	 40.770	   Pose	  0.763	  3.574	  5.029	  1.321
[component_container-11] 	 40.770	  Twist	 -0.149	  0.726	 -0.010	 -0.303
[component_container-11] 	 40.770	ErrPose	  0.237	  0.058	 -0.003	  0.023
[component_container-11] 	 40.770	ErrTwis	  1.056	 -0.561	  0.012	  0.024
[component_container-11] 	 40.770	    GPS	  0.644	  3.630	  5.026	     --
[component_container-11] 	 40.770	   Baro	     --	     --	  5.710	     --
[component_container-11] 	 40.770	  BBias	     --	     --	  0.584	     --
[component_container-11] 	 40.770	  Sonar	     --	     --	    inf	     --
[component_container-11] 	 40.770	  Magnt	     --	     --	     --	  1.334
[component_container-11] 
[component_container-11] 	 40.800	   Pose	  0.758	  3.596	  5.028	  1.312
[component_container-11] 	 40.800	  Twist	 -0.149	  0.721	 -0.011	 -0.295
[component_container-11] 	 40.800	ErrPose	  0.244	  0.073	 -0.003	  0.020
[component_container-11] 	 40.800	ErrTwis	  1.053	 -0.558	  0.011	  0.015
[component_container-11] 	 40.800	    GPS	  0.644	  3.630	  5.026	     --
[component_container-11] 	 40.800	   Baro	     --	     --	  5.710	     --
[component_container-11] 	 40.800	  BBias	     --	     --	  0.584	     --
[component_container-11] 	 40.800	  Sonar	     --	     --	    inf	     --
[component_container-11] 	 40.800	  Magnt	     --	     --	     --	  1.334
[component_container-11] 
[component_container-11] 	 40.840	   Pose	  0.752	  3.624	  5.028	  1.301
[component_container-11] 	 40.840	  Twist	 -0.149	  0.715	 -0.014	 -0.294
[component_container-11] 	 40.840	ErrPose	  0.252	  0.080	 -0.002	  0.020
[component_container-11] 	 40.840	ErrTwis	  1.050	 -0.556	  0.011	  0.014
[component_container-11] 	 40.840	    GPS	  0.644	  3.630	  5.026	     --
[component_container-11] 	 40.840	   Baro	     --	     --	  5.608	     --
[component_container-11] 	 40.840	  BBias	     --	     --	  0.584	     --
[component_container-11] 	 40.840	  Sonar	     --	     --	    inf	     --
[component_container-11] 	 40.840	  Magnt	     --	     --	     --	  1.335
[component_container-11] 
[component_container-11] 	 40.870	   Pose	  0.748	  3.646	  5.037	  1.293
[component_container-11] 	 40.870	  Twist	 -0.148	  0.711	 -0.005	 -0.278
[component_container-11] 	 40.870	ErrPose	  0.259	  0.077	 -0.012	  0.022
[component_container-11] 	 40.870	ErrTwis	  1.048	 -0.554	  0.001	 -0.002
[component_container-11] 	 40.870	    GPS	  0.644	  3.630	  5.026	     --
[component_container-11] 	 40.870	   Baro	     --	     --	  5.721	     --
[component_container-11] 	 40.870	  BBias	     --	     --	  0.584	     --
[component_container-11] 	 40.870	  Sonar	     --	     --	    inf	     --
[component_container-11] 	 40.870	  Magnt	     --	     --	     --	  1.307
[component_container-11] 
[component_container-11] 	 40.900	   Pose	  0.743	  3.667	  5.037	  1.284
[component_container-11] 	 40.900	  Twist	 -0.148	  0.706	 -0.007	 -0.291
[component_container-11] 	 40.900	ErrPose	  0.267	  0.092	 -0.012	  0.020
[component_container-11] 	 40.900	ErrTwis	  1.043	 -0.556	 -0.001	  0.012
[component_container-11] 	 40.900	    GPS	  0.644	  3.630	  5.026	     --
[component_container-11] 	 40.900	   Baro	     --	     --	  5.721	     --
[component_container-11] 	 40.900	  BBias	     --	     --	  0.584	     --
[component_container-11] 	 40.900	  Sonar	     --	     --	    inf	     --
[component_container-11] 	 40.900	  Magnt	     --	     --	     --	  1.307
[component_container-11] 
[component_container-11] 	 40.940	   Pose	  0.738	  3.695	  5.034	  1.272
[component_container-11] 	 40.940	  Twist	 -0.148	  0.700	 -0.011	 -0.277
[component_container-11] 	 40.940	ErrPose	  0.277	  0.099	 -0.009	  0.021
[component_container-11] 	 40.940	ErrTwis	  1.038	 -0.559	  0.001	 -0.003
[component_container-11] 	 40.940	    GPS	  0.644	  3.630	  5.026	     --
[component_container-11] 	 40.940	   Baro	     --	     --	  5.594	     --
[component_container-11] 	 40.940	  BBias	     --	     --	  0.584	     --
[component_container-11] 	 40.940	  Sonar	     --	     --	    inf	     --
[component_container-11] 	 40.940	  Magnt	     --	     --	     --	  1.236
[component_container-11] 
[component_container-11] 	 40.970	   Pose	  0.733	  3.716	  5.042	  1.263
[component_container-11] 	 40.970	  Twist	 -0.147	  0.695	 -0.004	 -0.277
[component_container-11] 	 40.970	ErrPose	  0.284	  0.096	 -0.018	  0.024
[component_container-11] 	 40.970	ErrTwis	  1.035	 -0.559	 -0.008	 -0.003
[component_container-11] 	 40.970	    GPS	  0.644	  3.630	  5.026	     --
[component_container-11] 	 40.970	   Baro	     --	     --	  5.716	     --
[component_container-11] 	 40.970	  BBias	     --	     --	  0.584	     --
[component_container-11] 	 40.970	  Sonar	     --	     --	    inf	     --
[component_container-11] 	 40.970	  Magnt	     --	     --	     --	  1.271
[component_container-11] 
[component_container-11] [INFO] [1775369605.626671928] [drone.controller]: cmd_vel body=(0.351, -0.168, -0.042) yaw=-0.300 | odom_received=true | plan_points=5
[component_container-11] 	 41.000	   Pose	  0.729	  3.737	  5.042	  1.255
[component_container-11] 	 41.000	  Twist	 -0.147	  0.691	 -0.007	 -0.287
[component_container-11] 	 41.000	ErrPose	  0.294	  0.110	 -0.018	  0.021
[component_container-11] 	 41.000	ErrTwis	  1.030	 -0.565	 -0.008	  0.008
[component_container-11] 	 41.000	    GPS	  0.644	  3.630	  5.026	     --
[component_container-11] 	 41.000	   Baro	     --	     --	  5.716	     --
[component_container-11] 	 41.000	  BBias	     --	     --	  0.584	     --
[component_container-11] 	 41.000	  Sonar	     --	     --	    inf	     --
[component_container-11] 	 41.000	  Magnt	     --	     --	     --	  1.271
[component_container-11] 
[component_container-11] [INFO] [1775369605.627111079] [drone.estimator]: TMP LOG err_xyz=(0.294, 0.110, -0.018) | z_est=5.042 vz_est=-0.007 bias=0.584 | gps_z=5.026 sonar=inf baro=5.716
[component_container-11] 	 41.040	   Pose	  0.786	  3.814	  5.038	  1.243
[component_container-11] 	 41.040	  Twist	 -0.073	  0.703	 -0.013	 -0.292
[component_container-11] 	 41.040	ErrPose	  0.243	  0.067	 -0.014	  0.021
[component_container-11] 	 41.040	ErrTwis	  0.949	 -0.587	 -0.005	  0.012
[component_container-11] 	 41.040	    GPS	  0.764	  3.919	  5.024	     --
[component_container-11] 	 41.040	   Baro	     --	     --	  5.611	     --
[component_container-11] 	 41.040	  BBias	     --	     --	  0.584	     --
[component_container-11] 	 41.040	  Sonar	     --	     --	    inf	     --
[component_container-11] 	 41.040	  Magnt	     --	     --	     --	  1.272
[component_container-11] 
[component_container-11] 	 41.070	   Pose	  0.783	  3.835	  5.022	  1.235
[component_container-11] 	 41.070	  Twist	 -0.073	  0.699	 -0.030	 -0.289
[component_container-11] 	 41.070	ErrPose	  0.249	  0.063	  0.001	  0.024
[component_container-11] 	 41.070	ErrTwis	  0.946	 -0.589	  0.011	  0.010
[component_container-11] 	 41.070	    GPS	  0.764	  3.919	  5.024	     --
[component_container-11] 	 41.070	   Baro	     --	     --	  5.424	     --
[component_container-11] 	 41.070	  BBias	     --	     --	  0.584	     --
[component_container-11] 	 41.070	  Sonar	     --	     --	    inf	     --
[component_container-11] 	 41.070	  Magnt	     --	     --	     --	  1.256
[component_container-11] 
[component_container-11] [INFO] [1775369605.726690964] [drone.behavior]: Behavior transition TURTLE_WAYPOINT -> INITIAL | turtle_stop=false | waypoint=(1.00, 4.00, 5.00)
[component_container-11] [INFO] [1775369605.726748637] [drone.behavior]: Behavior target INITIAL | new_waypoint=(-2.00, -2.00, 5.00)
[component_container-11] 	 41.100	   Pose	  0.781	  3.856	  5.021	  1.226
[component_container-11] 	 41.100	  Twist	 -0.074	  0.695	 -0.032	 -0.300
[component_container-11] 	 41.100	ErrPose	  0.258	  0.076	  0.002	  0.022
[component_container-11] 	 41.100	ErrTwis	  0.939	 -0.596	  0.011	  0.021
[component_container-11] 	 41.100	    GPS	  0.764	  3.919	  5.024	     --
[component_container-11] 	 41.100	   Baro	     --	     --	  5.424	     --
[component_container-11] 	 41.100	  BBias	     --	     --	  0.584	     --
[component_container-11] 	 41.100	  Sonar	     --	     --	    inf	     --
[component_container-11] 	 41.100	  Magnt	     --	     --	     --	  1.256
[component_container-11] 
[component_container-11] 	 41.140	   Pose	  0.778	  3.884	  5.013	  1.215
[component_container-11] 	 41.140	  Twist	 -0.074	  0.689	 -0.041	 -0.273
[component_container-11] 	 41.140	ErrPose	  0.269	  0.082	  0.009	  0.021
[component_container-11] 	 41.140	ErrTwis	  0.932	 -0.602	  0.017	 -0.006
[component_container-11] 	 41.140	    GPS	  0.764	  3.919	  5.024	     --
[component_container-11] 	 41.140	   Baro	     --	     --	  5.523	     --
[component_container-11] 	 41.140	  BBias	     --	     --	  0.584	     --
[component_container-11] 	 41.140	  Sonar	     --	     --	    inf	     --
[component_container-11] 	 41.140	  Magnt	     --	     --	     --	  1.250
[component_container-11] 
[component_container-11] 	 41.170	   Pose	  0.776	  3.904	  5.016	  1.207
[component_container-11] 	 41.170	  Twist	 -0.074	  0.685	 -0.036	 -0.279
[component_container-11] 	 41.170	ErrPose	  0.276	  0.078	  0.005	  0.023
[component_container-11] 	 41.170	ErrTwis	  0.928	 -0.603	  0.011	 -0.000
[component_container-11] 	 41.170	    GPS	  0.764	  3.919	  5.024	     --
[component_container-11] 	 41.170	   Baro	     --	     --	  5.650	     --
[component_container-11] 	 41.170	  BBias	     --	     --	  0.584	     --
[component_container-11] 	 41.170	  Sonar	     --	     --	    inf	     --
[component_container-11] 	 41.170	  Magnt	     --	     --	     --	  1.233
[component_container-11] 
[component_container-11] 	 41.200	   Pose	  0.774	  3.925	  5.015	  1.199
[component_container-11] 	 41.200	  Twist	 -0.074	  0.680	 -0.036	 -0.290
[component_container-11] 	 41.200	ErrPose	  0.287	  0.090	  0.006	  0.021
[component_container-11] 	 41.200	ErrTwis	  0.920	 -0.610	  0.008	  0.011
[component_container-11] 	 41.200	    GPS	  0.764	  3.919	  5.024	     --
[component_container-11] 	 41.200	   Baro	     --	     --	  5.650	     --
[component_container-11] 	 41.200	  BBias	     --	     --	  0.584	     --
[component_container-11] 	 41.200	  Sonar	     --	     --	    inf	     --
[component_container-11] 	 41.200	  Magnt	     --	     --	     --	  1.233
[component_container-11] 
[component_container-11] 	 41.240	   Pose	  0.771	  3.952	  5.007	  1.187
[component_container-11] 	 41.240	  Twist	 -0.075	  0.676	 -0.042	 -0.293
[component_container-11] 	 41.240	ErrPose	  0.300	  0.094	  0.014	  0.021
[component_container-11] 	 41.240	ErrTwis	  0.910	 -0.617	  0.014	  0.015
[component_container-11] 	 41.240	    GPS	  0.764	  3.919	  5.024	     --
[component_container-11] 	 41.240	   Baro	     --	     --	  5.518	     --
[component_container-11] 	 41.240	  BBias	     --	     --	  0.584	     --
[component_container-11] 	 41.240	  Sonar	     --	     --	    inf	     --
[component_container-11] 	 41.240	  Magnt	     --	     --	     --	  1.210
[component_container-11] 
[component_container-11] 	 41.270	   Pose	  0.769	  3.972	  5.003	  1.180
[component_container-11] 	 41.270	  Twist	 -0.075	  0.672	 -0.044	 -0.277
[component_container-11] 	 41.270	ErrPose	  0.307	  0.090	  0.017	  0.022
[component_container-11] 	 41.270	ErrTwis	  0.905	 -0.619	  0.014	  0.000
[component_container-11] 	 41.270	    GPS	  0.764	  3.919	  5.024	     --
[component_container-11] 	 41.270	   Baro	     --	     --	  5.562	     --
[component_container-11] 	 41.270	  BBias	     --	     --	  0.584	     --
[component_container-11] 	 41.270	  Sonar	     --	     --	    inf	     --
[component_container-11] 	 41.270	  Magnt	     --	     --	     --	  1.234
[component_container-11] 
[component_container-11] 	 41.300	   Pose	  0.766	  3.992	  5.002	  1.172
[component_container-11] 	 41.300	  Twist	 -0.074	  0.668	 -0.042	 -0.281
[component_container-11] 	 41.300	ErrPose	  0.319	  0.100	  0.018	  0.019
[component_container-11] 	 41.300	ErrTwis	  0.892	 -0.623	  0.010	  0.006
[component_container-11] 	 41.300	    GPS	  0.764	  3.919	  5.024	     --
[component_container-11] 	 41.300	   Baro	     --	     --	  5.562	     --
[component_container-11] 	 41.300	  BBias	     --	     --	  0.584	     --
[component_container-11] 	 41.300	  Sonar	     --	     --	    inf	     --
[component_container-11] 	 41.300	  Magnt	     --	     --	     --	  1.234
[component_container-11] 
[component_container-11] 	 41.340	   Pose	  0.763	  4.019	  4.994	  1.161
[component_container-11] 	 41.340	  Twist	 -0.073	  0.662	 -0.047	 -0.275
[component_container-11] 	 41.340	ErrPose	  0.333	  0.104	  0.026	  0.019
[component_container-11] 	 41.340	ErrTwis	  0.876	 -0.620	  0.013	  0.002
[component_container-11] 	 41.340	    GPS	  0.764	  3.919	  5.024	     --
[component_container-11] 	 41.340	   Baro	     --	     --	  5.512	     --
[component_container-11] 	 41.340	  BBias	     --	     --	  0.584	     --
[component_container-11] 	 41.340	  Sonar	     --	     --	    inf	     --
[component_container-11] 	 41.340	  Magnt	     --	     --	     --	  1.189
[component_container-11] 
[component_container-11] 	 41.370	   Pose	  0.761	  4.039	  5.005	  1.153
[component_container-11] 	 41.370	  Twist	 -0.074	  0.658	 -0.032	 -0.270
[component_container-11] 	 41.370	ErrPose	  0.340	  0.098	  0.014	  0.021
[component_container-11] 	 41.370	ErrTwis	  0.868	 -0.616	 -0.002	 -0.002
[component_container-11] 	 41.370	    GPS	  0.764	  3.919	  5.024	     --
[component_container-11] 	 41.370	   Baro	     --	     --	  5.729	     --
[component_container-11] 	 41.370	  BBias	     --	     --	  0.584	     --
[component_container-11] 	 41.370	  Sonar	     --	     --	    inf	     --
[component_container-11] 	 41.370	  Magnt	     --	     --	     --	  1.188
[component_container-11] 
[component_container-11] 	 41.400	   Pose	  0.759	  4.058	  5.005	  1.145
[component_container-11] 	 41.400	  Twist	 -0.073	  0.654	 -0.030	 -0.288
[component_container-11] 	 41.400	ErrPose	  0.352	  0.108	  0.015	  0.019
[component_container-11] 	 41.400	ErrTwis	  0.850	 -0.609	 -0.002	  0.017
[component_container-11] 	 41.400	    GPS	  0.764	  3.919	  5.024	     --
[component_container-11] 	 41.400	   Baro	     --	     --	  5.729	     --
[component_container-11] 	 41.400	  BBias	     --	     --	  0.584	     --
[component_container-11] 	 41.400	  Sonar	     --	     --	    inf	     --
[component_container-11] 	 41.400	  Magnt	     --	     --	     --	  1.188
[component_container-11] 
[component_container-11] 	 41.440	   Pose	  0.756	  4.085	  5.004	  1.135
[component_container-11] 	 41.440	  Twist	 -0.073	  0.649	 -0.028	 -0.272
[component_container-11] 	 41.440	ErrPose	  0.365	  0.110	  0.016	  0.019
[component_container-11] 	 41.440	ErrTwis	  0.831	 -0.596	 -0.005	  0.002
[component_container-11] 	 41.440	    GPS	  0.764	  3.919	  5.024	     --
[component_container-11] 	 41.440	   Baro	     --	     --	  5.590	     --
[component_container-11] 	 41.440	  BBias	     --	     --	  0.584	     --
[component_container-11] 	 41.440	  Sonar	     --	     --	    inf	     --
[component_container-11] 	 41.440	  Magnt	     --	     --	     --	  1.169
[component_container-11] 
[component_container-11] 	 41.470	   Pose	  0.754	  4.104	  5.002	  1.129
[component_container-11] 	 41.470	  Twist	 -0.073	  0.645	 -0.028	 -0.273
[component_container-11] 	 41.470	ErrPose	  0.372	  0.104	  0.017	  0.019
[component_container-11] 	 41.470	ErrTwis	  0.820	 -0.587	 -0.006	  0.003
[component_container-11] 	 41.470	    GPS	  0.764	  3.919	  5.024	     --
[component_container-11] 	 41.470	   Baro	     --	     --	  5.580	     --
[component_container-11] 	 41.470	  BBias	     --	     --	  0.584	     --
[component_container-11] 	 41.470	  Sonar	     --	     --	    inf	     --
[component_container-11] 	 41.470	  Magnt	     --	     --	     --	  1.219
[component_container-11] 
[component_container-11] 	 41.500	   Pose	  0.752	  4.123	  5.001	  1.120
[component_container-11] 	 41.500	  Twist	 -0.073	  0.642	 -0.027	 -0.293
[component_container-11] 	 41.500	ErrPose	  0.383	  0.112	  0.018	  0.017
[component_container-11] 	 41.500	ErrTwis	  0.797	 -0.574	 -0.006	  0.023
[component_container-11] 	 41.500	    GPS	  0.764	  3.919	  5.024	     --
[component_container-11] 	 41.500	   Baro	     --	     --	  5.580	     --
[component_container-11] 	 41.500	  BBias	     --	     --	  0.584	     --
[component_container-11] 	 41.500	  Sonar	     --	     --	    inf	     --
[component_container-11] 	 41.500	  Magnt	     --	     --	     --	  1.219
[component_container-11] 
[component_container-11] [INFO] [1775369606.130610712] [drone.estimator]: TMP LOG gps innov_xy=(0.125, 0.255) est_xy=(0.751, 4.130) gps_xy=(0.876, 4.385) corr_xy=(0.876, 4.385) vel_xy=(-0.074, 0.641)
[component_container-11] [INFO] [1775369606.130726601] [drone.estimator]: TMP LOG gps vel pseudo raw=(0.224, 0.932) filt=(0.220, 0.906) innov_v=(0.274, 0.225) apply=(1,1)
[component_container-11] 	 41.540	   Pose	  0.833	  4.267	  5.004	  1.110
[component_container-11] 	 41.540	  Twist	  0.004	  0.726	 -0.022	 -0.291
[component_container-11] 	 41.540	ErrPose	  0.310	 -0.006	  0.016	  0.017
[component_container-11] 	 41.540	ErrTwis	  0.695	 -0.647	 -0.009	  0.020
[component_container-11] 	 41.540	    GPS	  0.876	  4.385	  5.019	     --
[component_container-11] 	 41.540	   Baro	     --	     --	  5.591	     --
[component_container-11] 	 41.540	  BBias	     --	     --	  0.584	     --
[component_container-11] 	 41.540	  Sonar	     --	     --	    inf	     --
[component_container-11] 	 41.540	  Magnt	     --	     --	     --	  1.158
[component_container-11] 
[component_container-11] 	 41.570	   Pose	  0.833	  4.289	  5.018	  1.103
[component_container-11] 	 41.570	  Twist	  0.004	  0.723	 -0.005	 -0.281
[component_container-11] 	 41.570	ErrPose	  0.314	 -0.015	  0.002	  0.018
[component_container-11] 	 41.570	ErrTwis	  0.682	 -0.638	 -0.027	  0.009
[component_container-11] 	 41.570	    GPS	  0.876	  4.385	  5.019	     --
[component_container-11] 	 41.570	   Baro	     --	     --	  5.777	     --
[component_container-11] 	 41.570	  BBias	     --	     --	  0.584	     --
[component_container-11] 	 41.570	  Sonar	     --	     --	    inf	     --
[component_container-11] 	 41.570	  Magnt	     --	     --	     --	  1.162
[component_container-11] 
[component_container-11] 	 41.600	   Pose	  0.833	  4.311	  5.018	  1.094
[component_container-11] 	 41.600	  Twist	  0.004	  0.720	 -0.006	 -0.284
[component_container-11] 	 41.600	ErrPose	  0.322	 -0.012	  0.002	  0.016
[component_container-11] 	 41.600	ErrTwis	  0.656	 -0.625	 -0.027	  0.012
[component_container-11] 	 41.600	    GPS	  0.876	  4.385	  5.019	     --
[component_container-11] 	 41.600	   Baro	     --	     --	  5.777	     --
[component_container-11] 	 41.600	  BBias	     --	     --	  0.584	     --
[component_container-11] 	 41.600	  Sonar	     --	     --	    inf	     --
[component_container-11] 	 41.600	  Magnt	     --	     --	     --	  1.162
[component_container-11] 
[component_container-11] 	 41.640	   Pose	  0.833	  4.340	  5.016	  1.085
[component_container-11] 	 41.640	  Twist	  0.002	  0.716	 -0.007	 -0.265
[component_container-11] 	 41.640	ErrPose	  0.328	 -0.017	  0.004	  0.015
[component_container-11] 	 41.640	ErrTwis	  0.629	 -0.611	 -0.026	 -0.007
[component_container-11] 	 41.640	    GPS	  0.876	  4.385	  5.019	     --
[component_container-11] 	 41.640	   Baro	     --	     --	  5.580	     --
[component_container-11] 	 41.640	  BBias	     --	     --	  0.584	     --
[component_container-11] 	 41.640	  Sonar	     --	     --	    inf	     --
[component_container-11] 	 41.640	  Magnt	     --	     --	     --	  1.152
[component_container-11] 
[component_container-11] 	 41.670	   Pose	  0.833	  4.361	  5.021	  1.076
[component_container-11] 	 41.670	  Twist	  0.002	  0.712	 -0.002	 -0.297
[component_container-11] 	 41.670	ErrPose	  0.332	 -0.027	 -0.001	  0.017
[component_container-11] 	 41.670	ErrTwis	  0.614	 -0.603	 -0.030	  0.024
[component_container-11] 	 41.670	    GPS	  0.876	  4.385	  5.019	     --
[component_container-11] 	 41.670	   Baro	     --	     --	  5.671	     --
[component_container-11] 	 41.670	  BBias	     --	     --	  0.584	     --
[component_container-11] 	 41.670	  Sonar	     --	     --	    inf	     --
[component_container-11] 	 41.670	  Magnt	     --	     --	     --	  1.089
[component_container-11] 
[component_container-11] 	 41.700	   Pose	  0.834	  4.382	  5.021	  1.067
[component_container-11] 	 41.700	  Twist	  0.002	  0.710	 -0.002	 -0.294
[component_container-11] 	 41.700	ErrPose	  0.338	 -0.026	 -0.001	  0.015
[component_container-11] 	 41.700	ErrTwis	  0.583	 -0.593	 -0.030	  0.021
[component_container-11] 	 41.700	    GPS	  0.876	  4.385	  5.019	     --
[component_container-11] 	 41.700	   Baro	     --	     --	  5.671	     --
[component_container-11] 	 41.700	  BBias	     --	     --	  0.584	     --
[component_container-11] 	 41.700	  Sonar	     --	     --	    inf	     --
[component_container-11] 	 41.700	  Magnt	     --	     --	     --	  1.089
[component_container-11] 
[component_container-11] 	 41.740	   Pose	  0.834	  4.411	  5.018	  1.057
[component_container-11] 	 41.740	  Twist	  0.001	  0.705	 -0.004	 -0.287
[component_container-11] 	 41.740	ErrPose	  0.343	 -0.033	  0.003	  0.015
[component_container-11] 	 41.740	ErrTwis	  0.552	 -0.583	 -0.029	  0.012
[component_container-11] 	 41.740	    GPS	  0.876	  4.385	  5.019	     --
[component_container-11] 	 41.740	   Baro	     --	     --	  5.568	     --
[component_container-11] 	 41.740	  BBias	     --	     --	  0.584	     --
[component_container-11] 	 41.740	  Sonar	     --	     --	    inf	     --
[component_container-11] 	 41.740	  Magnt	     --	     --	     --	  1.070
[component_container-11] 
[component_container-11] 	 41.770	   Pose	  0.834	  4.432	  5.012	  1.049
[component_container-11] 	 41.770	  Twist	  0.000	  0.702	 -0.010	 -0.274
[component_container-11] 	 41.770	ErrPose	  0.346	 -0.044	  0.009	  0.017
[component_container-11] 	 41.770	ErrTwis	  0.536	 -0.577	 -0.023	 -0.001
[component_container-11] 	 41.770	    GPS	  0.876	  4.385	  5.019	     --
[component_container-11] 	 41.770	   Baro	     --	     --	  5.536	     --
[component_container-11] 	 41.770	  BBias	     --	     --	  0.584	     --
[component_container-11] 	 41.770	  Sonar	     --	     --	    inf	     --
[component_container-11] 	 41.770	  Magnt	     --	     --	     --	  1.086
[component_container-11] 
[component_container-11] 	 41.800	   Pose	  0.834	  4.453	  5.012	  1.040
[component_container-11] 	 41.800	  Twist	  0.000	  0.700	 -0.010	 -0.292
[component_container-11] 	 41.800	ErrPose	  0.351	 -0.046	  0.009	  0.015
[component_container-11] 	 41.800	ErrTwis	  0.501	 -0.572	 -0.022	  0.017
[component_container-11] 	 41.800	    GPS	  0.876	  4.385	  5.019	     --
[component_container-11] 	 41.800	   Baro	     --	     --	  5.536	     --
[component_container-11] 	 41.800	  BBias	     --	     --	  0.584	     --
[component_container-11] 	 41.800	  Sonar	     --	     --	    inf	     --
[component_container-11] 	 41.800	  Magnt	     --	     --	     --	  1.086
[component_container-11] 
[component_container-11] 	 41.840	   Pose	  0.834	  4.481	  5.010	  1.030
[component_container-11] 	 41.840	  Twist	 -0.000	  0.697	 -0.012	 -0.292
[component_container-11] 	 41.840	ErrPose	  0.355	 -0.056	  0.012	  0.014
[component_container-11] 	 41.840	ErrTwis	  0.466	 -0.567	 -0.019	  0.017
[component_container-11] 	 41.840	    GPS	  0.876	  4.385	  5.019	     --
[component_container-11] 	 41.840	   Baro	     --	     --	  5.576	     --
[component_container-11] 	 41.840	  BBias	     --	     --	  0.584	     --
[component_container-11] 	 41.840	  Sonar	     --	     --	    inf	     --
[component_container-11] 	 41.840	  Magnt	     --	     --	     --	  1.090
[component_container-11] 
[component_container-11] 	 41.870	   Pose	  0.834	  4.501	  5.016	  1.023
[component_container-11] 	 41.870	  Twist	 -0.000	  0.695	 -0.004	 -0.282
[component_container-11] 	 41.870	ErrPose	  0.357	 -0.069	  0.006	  0.015
[component_container-11] 	 41.870	ErrTwis	  0.448	 -0.565	 -0.027	  0.006
[component_container-11] 	 41.870	    GPS	  0.876	  4.385	  5.019	     --
[component_container-11] 	 41.870	   Baro	     --	     --	  5.670	     --
[component_container-11] 	 41.870	  BBias	     --	     --	  0.584	     --
[component_container-11] 	 41.870	  Sonar	     --	     --	    inf	     --
[component_container-11] 	 41.870	  Magnt	     --	     --	     --	  1.072
[component_container-11] 
[component_container-11] 	 41.900	   Pose	  0.834	  4.522	  5.016	  1.014
[component_container-11] 	 41.900	  Twist	 -0.000	  0.692	 -0.004	 -0.285
[component_container-11] 	 41.900	ErrPose	  0.361	 -0.074	  0.006	  0.013
[component_container-11] 	 41.900	ErrTwis	  0.411	 -0.565	 -0.027	  0.008
[component_container-11] 	 41.900	    GPS	  0.876	  4.385	  5.019	     --
[component_container-11] 	 41.900	   Baro	     --	     --	  5.670	     --
[component_container-11] 	 41.900	  BBias	     --	     --	  0.584	     --
[component_container-11] 	 41.900	  Sonar	     --	     --	    inf	     --
[component_container-11] 	 41.900	  Magnt	     --	     --	     --	  1.072
[component_container-11] 
[component_container-11] 	 41.940	   Pose	  0.834	  4.550	  5.007	  1.004
[component_container-11] 	 41.940	  Twist	 -0.001	  0.689	 -0.011	 -0.287
[component_container-11] 	 41.940	ErrPose	  0.364	 -0.087	  0.015	  0.012
[component_container-11] 	 41.940	ErrTwis	  0.373	 -0.566	 -0.017	  0.010
[component_container-11] 	 41.940	    GPS	  0.876	  4.385	  5.019	     --
[component_container-11] 	 41.940	   Baro	     --	     --	  5.504	     --
[component_container-11] 	 41.940	  BBias	     --	     --	  0.584	     --
[component_container-11] 	 41.940	  Sonar	     --	     --	    inf	     --
[component_container-11] 	 41.940	  Magnt	     --	     --	     --	  1.064
[component_container-11] 
[component_container-11] 	 41.970	   Pose	  0.834	  4.571	  5.006	  0.997
[component_container-11] 	 41.970	  Twist	  0.000	  0.688	 -0.013	 -0.277
[component_container-11] 	 41.970	ErrPose	  0.365	 -0.101	  0.017	  0.013
[component_container-11] 	 41.970	ErrTwis	  0.353	 -0.567	 -0.015	  0.000
[component_container-11] 	 41.970	    GPS	  0.876	  4.385	  5.019	     --
[component_container-11] 	 41.970	   Baro	     --	     --	  5.576	     --
[component_container-11] 	 41.970	  BBias	     --	     --	  0.584	     --
[component_container-11] 	 41.970	  Sonar	     --	     --	    inf	     --
[component_container-11] 	 41.970	  Magnt	     --	     --	     --	  1.071
[component_container-11] 
[component_container-11] [INFO] [1775369606.627780784] [drone.controller]: cmd_vel body=(-0.982, -0.188, 0.008) yaw=-0.300 | odom_received=true | plan_points=71
[component_container-11] 	 42.000	   Pose	  0.834	  4.591	  5.005	  0.988
[component_container-11] 	 42.000	  Twist	 -0.000	  0.686	 -0.012	 -0.296
[component_container-11] 	 42.000	ErrPose	  0.368	 -0.110	  0.018	  0.011
[component_container-11] 	 42.000	ErrTwis	  0.314	 -0.573	 -0.013	  0.018
[component_container-11] 	 42.000	    GPS	  0.876	  4.385	  5.019	     --
[component_container-11] 	 42.000	   Baro	     --	     --	  5.576	     --
[component_container-11] 	 42.000	  BBias	     --	     --	  0.584	     --
[component_container-11] 	 42.000	  Sonar	     --	     --	    inf	     --
[component_container-11] 	 42.000	  Magnt	     --	     --	     --	  1.071
[component_container-11] 
[component_container-11] [INFO] [1775369606.628596489] [drone.estimator]: TMP LOG err_xyz=(0.368, -0.110, 0.018) | z_est=5.005 vz_est=-0.012 bias=0.584 | gps_z=5.019 sonar=inf baro=5.576
[component_container-11] 	 42.040	   Pose	  0.947	  4.519	  5.006	  0.977
[component_container-11] 	 42.040	  Twist	  0.093	  0.581	 -0.011	 -0.291
[component_container-11] 	 42.040	ErrPose	  0.257	 -0.028	  0.017	  0.010
[component_container-11] 	 42.040	ErrTwis	  0.181	 -0.477	 -0.013	  0.013
[component_container-11] 	 42.040	    GPS	  1.041	  4.484	  5.023	     --
[component_container-11] 	 42.040	   Baro	     --	     --	  5.571	     --
[component_container-11] 	 42.040	  BBias	     --	     --	  0.584	     --
[component_container-11] 	 42.040	  Sonar	     --	     --	    inf	     --
[component_container-11] 	 42.040	  Magnt	     --	     --	     --	  1.011
[component_container-11] 
[component_container-11] 	 42.070	   Pose	  0.949	  4.537	  5.008	  0.970
[component_container-11] 	 42.070	  Twist	  0.093	  0.578	 -0.009	 -0.279
[component_container-11] 	 42.070	ErrPose	  0.255	 -0.041	  0.015	  0.012
[component_container-11] 	 42.070	ErrTwis	  0.161	 -0.480	 -0.015	  0.001
[component_container-11] 	 42.070	    GPS	  1.041	  4.484	  5.023	     --
[component_container-11] 	 42.070	   Baro	     --	     --	  5.614	     --
[component_container-11] 	 42.070	  BBias	     --	     --	  0.584	     --
[component_container-11] 	 42.070	  Sonar	     --	     --	    inf	     --
[component_container-11] 	 42.070	  Magnt	     --	     --	     --	  1.018
[component_container-11] 
[component_container-11] 	 42.100	   Pose	  0.952	  4.554	  5.008	  0.962
[component_container-11] 	 42.100	  Twist	  0.094	  0.577	 -0.009	 -0.292
[component_container-11] 	 42.100	ErrPose	  0.254	 -0.051	  0.016	  0.009
[component_container-11] 	 42.100	ErrTwis	  0.119	 -0.493	 -0.011	  0.014
[component_container-11] 	 42.100	    GPS	  1.041	  4.484	  5.023	     --
[component_container-11] 	 42.100	   Baro	     --	     --	  5.614	     --
[component_container-11] 	 42.100	  BBias	     --	     --	  0.584	     --
[component_container-11] 	 42.100	  Sonar	     --	     --	    inf	     --
[component_container-11] 	 42.100	  Magnt	     --	     --	     --	  1.018
[component_container-11] 
[component_container-11] 	 42.140	   Pose	  0.956	  4.577	  5.009	  0.951
[component_container-11] 	 42.140	  Twist	  0.095	  0.575	 -0.007	 -0.275
[component_container-11] 	 42.140	ErrPose	  0.251	 -0.068	  0.014	  0.008
[component_container-11] 	 42.140	ErrTwis	  0.078	 -0.505	 -0.010	 -0.003
[component_container-11] 	 42.140	    GPS	  1.041	  4.484	  5.023	     --
[component_container-11] 	 42.140	   Baro	     --	     --	  5.617	     --
[component_container-11] 	 42.140	  BBias	     --	     --	  0.584	     --
[component_container-11] 	 42.140	  Sonar	     --	     --	    inf	     --
[component_container-11] 	 42.140	  Magnt	     --	     --	     --	  1.001
[component_container-11] 
[component_container-11] 	 42.170	   Pose	  0.959	  4.594	  5.007	  0.944
[component_container-11] 	 42.170	  Twist	  0.095	  0.574	 -0.011	 -0.280
[component_container-11] 	 42.170	ErrPose	  0.249	 -0.083	  0.017	  0.010
[component_container-11] 	 42.170	ErrTwis	  0.057	 -0.512	 -0.005	  0.002
[component_container-11] 	 42.170	    GPS	  1.041	  4.484	  5.023	     --
[component_container-11] 	 42.170	   Baro	     --	     --	  5.562	     --
[component_container-11] 	 42.170	  BBias	     --	     --	  0.584	     --
[component_container-11] 	 42.170	  Sonar	     --	     --	    inf	     --
[component_container-11] 	 42.170	  Magnt	     --	     --	     --	  1.000
[component_container-11] 
[component_container-11] 	 42.200	   Pose	  0.962	  4.612	  5.006	  0.935
[component_container-11] 	 42.200	  Twist	  0.095	  0.572	 -0.011	 -0.306
[component_container-11] 	 42.200	ErrPose	  0.247	 -0.096	  0.017	  0.008
[component_container-11] 	 42.200	ErrTwis	  0.015	 -0.527	 -0.001	  0.028
[component_container-11] 	 42.200	    GPS	  1.041	  4.484	  5.023	     --
[component_container-11] 	 42.200	   Baro	     --	     --	  5.562	     --
[component_container-11] 	 42.200	  BBias	     --	     --	  0.584	     --
[component_container-11] 	 42.200	  Sonar	     --	     --	    inf	     --
[component_container-11] 	 42.200	  Magnt	     --	     --	     --	  1.000
[component_container-11] 
[component_container-11] 	 42.240	   Pose	  0.965	  4.635	  4.996	  0.924
[component_container-11] 	 42.240	  Twist	  0.095	  0.570	 -0.022	 -0.287
[component_container-11] 	 42.240	ErrPose	  0.243	 -0.118	  0.027	  0.007
[component_container-11] 	 42.240	ErrTwis	 -0.028	 -0.542	  0.012	  0.009
[component_container-11] 	 42.240	    GPS	  1.041	  4.484	  5.023	     --
[component_container-11] 	 42.240	   Baro	     --	     --	  5.477	     --
[component_container-11] 	 42.240	  BBias	     --	     --	  0.584	     --
[component_container-11] 	 42.240	  Sonar	     --	     --	    inf	     --
[component_container-11] 	 42.240	  Magnt	     --	     --	     --	  0.973
[component_container-11] 
[component_container-11] 	 42.270	   Pose	  0.968	  4.652	  5.007	  0.916
[component_container-11] 	 42.270	  Twist	  0.097	  0.569	 -0.012	 -0.286
[component_container-11] 	 42.270	ErrPose	  0.241	 -0.135	  0.016	  0.010
[component_container-11] 	 42.270	ErrTwis	 -0.051	 -0.549	  0.003	  0.009
[component_container-11] 	 42.270	    GPS	  1.041	  4.484	  5.023	     --
[component_container-11] 	 42.270	   Baro	     --	     --	  5.713	     --
[component_container-11] 	 42.270	  BBias	     --	     --	  0.584	     --
[component_container-11] 	 42.270	  Sonar	     --	     --	    inf	     --
[component_container-11] 	 42.270	  Magnt	     --	     --	     --	  0.944
[component_container-11] 
[component_container-11] 	 42.300	   Pose	  0.971	  4.669	  5.006	  0.908
[component_container-11] 	 42.300	  Twist	  0.097	  0.568	 -0.012	 -0.295
[component_container-11] 	 42.300	ErrPose	  0.237	 -0.153	  0.016	  0.007
[component_container-11] 	 42.300	ErrTwis	 -0.093	 -0.566	  0.006	  0.018
[component_container-11] 	 42.300	    GPS	  1.041	  4.484	  5.023	     --
[component_container-11] 	 42.300	   Baro	     --	     --	  5.713	     --
[component_container-11] 	 42.300	  BBias	     --	     --	  0.584	     --
[component_container-11] 	 42.300	  Sonar	     --	     --	    inf	     --
[component_container-11] 	 42.300	  Magnt	     --	     --	     --	  0.944
[component_container-11] 
[component_container-11] 	 42.340	   Pose	  0.975	  4.691	  5.008	  0.897
[component_container-11] 	 42.340	  Twist	  0.097	  0.567	 -0.012	 -0.284
[component_container-11] 	 42.340	ErrPose	  0.233	 -0.179	  0.015	  0.006
[component_container-11] 	 42.340	ErrTwis	 -0.136	 -0.582	  0.009	  0.006
[component_container-11] 	 42.340	    GPS	  1.041	  4.484	  5.023	     --
[component_container-11] 	 42.340	   Baro	     --	     --	  5.608	     --
[component_container-11] 	 42.340	  BBias	     --	     --	  0.584	     --
[component_container-11] 	 42.340	  Sonar	     --	     --	    inf	     --
[component_container-11] 	 42.340	  Magnt	     --	     --	     --	  0.945
[component_container-11] 
[component_container-11] 	 42.370	   Pose	  0.978	  4.708	  5.004	  0.889
[component_container-11] 	 42.370	  Twist	  0.097	  0.565	 -0.017	 -0.289
[component_container-11] 	 42.370	ErrPose	  0.229	 -0.198	  0.019	  0.009
[component_container-11] 	 42.370	ErrTwis	 -0.158	 -0.590	  0.015	  0.011
[component_container-11] 	 42.370	    GPS	  1.041	  4.484	  5.023	     --
[component_container-11] 	 42.370	   Baro	     --	     --	  5.549	     --
[component_container-11] 	 42.370	  BBias	     --	     --	  0.584	     --
[component_container-11] 	 42.370	  Sonar	     --	     --	    inf	     --
[component_container-11] 	 42.370	  Magnt	     --	     --	     --	  0.919
[component_container-11] 
[component_container-11] 	 42.400	   Pose	  0.981	  4.725	  5.003	  0.880
[component_container-11] 	 42.400	  Twist	  0.099	  0.565	 -0.019	 -0.293
[component_container-11] 	 42.400	ErrPose	  0.225	 -0.220	  0.019	  0.007
[component_container-11] 	 42.400	ErrTwis	 -0.202	 -0.609	  0.020	  0.015
[component_container-11] 	 42.400	    GPS	  1.041	  4.484	  5.023	     --
[component_container-11] 	 42.400	   Baro	     --	     --	  5.549	     --
[component_container-11] 	 42.400	  BBias	     --	     --	  0.584	     --
[component_container-11] 	 42.400	  Sonar	     --	     --	    inf	     --
[component_container-11] 	 42.400	  Magnt	     --	     --	     --	  0.919
[component_container-11] 
[component_container-11] 	 42.440	   Pose	  0.985	  4.748	  5.010	  0.870
[component_container-11] 	 42.440	  Twist	  0.099	  0.564	 -0.014	 -0.281
[component_container-11] 	 42.440	ErrPose	  0.219	 -0.250	  0.011	  0.005
[component_container-11] 	 42.440	ErrTwis	 -0.244	 -0.628	  0.017	  0.002
[component_container-11] 	 42.440	    GPS	  1.041	  4.484	  5.023	     --
[component_container-11] 	 42.440	   Baro	     --	     --	  5.672	     --
[component_container-11] 	 42.440	  BBias	     --	     --	  0.584	     --
[component_container-11] 	 42.440	  Sonar	     --	     --	    inf	     --
[component_container-11] 	 42.440	  Magnt	     --	     --	     --	  0.937
[component_container-11] 
[component_container-11] 	 42.470	   Pose	  0.988	  4.765	  5.007	  0.862
[component_container-11] 	 42.470	  Twist	  0.100	  0.564	 -0.019	 -0.291
[component_container-11] 	 42.470	ErrPose	  0.214	 -0.272	  0.014	  0.008
[component_container-11] 	 42.470	ErrTwis	 -0.266	 -0.638	  0.024	  0.012
[component_container-11] 	 42.470	    GPS	  1.041	  4.484	  5.023	     --
[component_container-11] 	 42.470	   Baro	     --	     --	  5.562	     --
[component_container-11] 	 42.470	  BBias	     --	     --	  0.584	     --
[component_container-11] 	 42.470	  Sonar	     --	     --	    inf	     --
[component_container-11] 	 42.470	  Magnt	     --	     --	     --	  0.883
[component_container-11] 
[component_container-11] 	 42.500	   Pose	  0.991	  4.782	  5.006	  0.853
[component_container-11] 	 42.500	  Twist	  0.100	  0.564	 -0.021	 -0.292
[component_container-11] 	 42.500	ErrPose	  0.209	 -0.299	  0.014	  0.005
[component_container-11] 	 42.500	ErrTwis	 -0.308	 -0.658	  0.028	  0.014
[component_container-11] 	 42.500	    GPS	  1.041	  4.484	  5.023	     --
[component_container-11] 	 42.500	   Baro	     --	     --	  5.562	     --
[component_container-11] 	 42.500	  BBias	     --	     --	  0.584	     --
[component_container-11] 	 42.500	  Sonar	     --	     --	    inf	     --
[component_container-11] 	 42.500	  Magnt	     --	     --	     --	  0.883
[component_container-11] 
[component_container-11] [INFO] [1775369607.134541783] [drone.estimator]: TMP LOG gps innov_xy=(0.023, -0.330) est_xy=(0.992, 4.787) gps_xy=(1.015, 4.457) corr_xy=(1.015, 4.457) vel_xy=(0.100, 0.563)
[component_container-11] [INFO] [1775369607.135009680] [drone.estimator]: TMP LOG gps vel pseudo raw=(-0.051, -0.054) filt=(-0.014, -0.022) innov_v=(-0.118, -0.533) apply=(1,1)
[component_container-11] 	 42.540	   Pose	  0.983	  4.611	  5.021	  0.842
[component_container-11] 	 42.540	  Twist	  0.079	  0.397	 -0.009	 -0.281
[component_container-11] 	 42.540	ErrPose	  0.213	 -0.140	 -0.002	  0.005
[component_container-11] 	 42.540	ErrTwis	 -0.329	 -0.513	  0.016	  0.002
[component_container-11] 	 42.540	    GPS	  1.015	  4.457	  5.019	     --
[component_container-11] 	 42.540	   Baro	     --	     --	  5.760	     --
[component_container-11] 	 42.540	  BBias	     --	     --	  0.584	     --
[component_container-11] 	 42.540	  Sonar	     --	     --	    inf	     --
[component_container-11] 	 42.540	  Magnt	     --	     --	     --	  0.865
[component_container-11] 
[component_container-11] 	 42.570	   Pose	  0.986	  4.623	  5.025	  0.835
[component_container-11] 	 42.570	  Twist	  0.080	  0.397	 -0.006	 -0.260
[component_container-11] 	 42.570	ErrPose	  0.208	 -0.159	 -0.007	  0.007
[component_container-11] 	 42.570	ErrTwis	 -0.350	 -0.523	  0.014	 -0.020
[component_container-11] 	 42.570	    GPS	  1.015	  4.457	  5.019	     --
[component_container-11] 	 42.570	   Baro	     --	     --	  5.659	     --
[component_container-11] 	 42.570	  BBias	     --	     --	  0.584	     --
[component_container-11] 	 42.570	  Sonar	     --	     --	    inf	     --
[component_container-11] 	 42.570	  Magnt	     --	     --	     --	  0.867
[component_container-11] 
[component_container-11] 	 42.600	   Pose	  0.988	  4.635	  5.024	  0.826
[component_container-11] 	 42.600	  Twist	  0.081	  0.397	 -0.008	 -0.291
[component_container-11] 	 42.600	ErrPose	  0.202	 -0.185	 -0.008	  0.004
[component_container-11] 	 42.600	ErrTwis	 -0.391	 -0.544	  0.018	  0.012
[component_container-11] 	 42.600	    GPS	  1.015	  4.457	  5.019	     --
[component_container-11] 	 42.600	   Baro	     --	     --	  5.659	     --
[component_container-11] 	 42.600	  BBias	     --	     --	  0.584	     --
[component_container-11] 	 42.600	  Sonar	     --	     --	    inf	     --
[component_container-11] 	 42.600	  Magnt	     --	     --	     --	  0.867
[component_container-11] 
[component_container-11] 	 42.640	   Pose	  0.992	  4.651	  5.026	  0.815
[component_container-11] 	 42.640	  Twist	  0.082	  0.397	 -0.010	 -0.288
[component_container-11] 	 42.640	ErrPose	  0.193	 -0.217	 -0.011	  0.004
[component_container-11] 	 42.640	ErrTwis	 -0.432	 -0.564	  0.020	  0.009
[component_container-11] 	 42.640	    GPS	  1.015	  4.457	  5.019	     --
[component_container-11] 	 42.640	   Baro	     --	     --	  5.635	     --
[component_container-11] 	 42.640	  BBias	     --	     --	  0.584	     --
[component_container-11] 	 42.640	  Sonar	     --	     --	    inf	     --
[component_container-11] 	 42.640	  Magnt	     --	     --	     --	  0.850
[component_container-11] 
[component_container-11] 	 42.670	   Pose	  0.994	  4.663	  5.022	  0.808
[component_container-11] 	 42.670	  Twist	  0.082	  0.397	 -0.017	 -0.297
[component_container-11] 	 42.670	ErrPose	  0.188	 -0.238	 -0.008	  0.006
[component_container-11] 	 42.670	ErrTwis	 -0.453	 -0.574	  0.027	  0.018
[component_container-11] 	 42.670	    GPS	  1.015	  4.457	  5.019	     --
[component_container-11] 	 42.670	   Baro	     --	     --	  5.557	     --
[component_container-11] 	 42.670	  BBias	     --	     --	  0.584	     --
[component_container-11] 	 42.670	  Sonar	     --	     --	    inf	     --
[component_container-11] 	 42.670	  Magnt	     --	     --	     --	  0.879
[component_container-11] 
[component_container-11] 	 42.700	   Pose	  0.996	  4.675	  5.021	  0.799
[component_container-11] 	 42.700	  Twist	  0.083	  0.398	 -0.020	 -0.283
[component_container-11] 	 42.700	ErrPose	  0.180	 -0.268	 -0.009	  0.003
[component_container-11] 	 42.700	ErrTwis	 -0.493	 -0.594	  0.028	  0.003
[component_container-11] 	 42.700	    GPS	  1.015	  4.457	  5.019	     --
[component_container-11] 	 42.700	   Baro	     --	     --	  5.557	     --
[component_container-11] 	 42.700	  BBias	     --	     --	  0.584	     --
[component_container-11] 	 42.700	  Sonar	     --	     --	    inf	     --
[component_container-11] 	 42.700	  Magnt	     --	     --	     --	  0.879
[component_container-11] 
[component_container-11] 	 42.740	   Pose	  1.000	  4.691	  5.014	  0.789
[component_container-11] 	 42.740	  Twist	  0.085	  0.400	 -0.029	 -0.277
[component_container-11] 	 42.740	ErrPose	  0.170	 -0.304	 -0.004	  0.002
[component_container-11] 	 42.740	ErrTwis	 -0.534	 -0.614	  0.037	 -0.002
[component_container-11] 	 42.740	    GPS	  1.015	  4.457	  5.019	     --
[component_container-11] 	 42.740	   Baro	     --	     --	  5.532	     --
[component_container-11] 	 42.740	  BBias	     --	     --	  0.584	     --
[component_container-11] 	 42.740	  Sonar	     --	     --	    inf	     --
[component_container-11] 	 42.740	  Magnt	     --	     --	     --	  0.844
[component_container-11] 
[component_container-11] 	 42.770	   Pose	  1.002	  4.703	  5.000	  0.782
[component_container-11] 	 42.770	  Twist	  0.087	  0.400	 -0.045	 -0.278
[component_container-11] 	 42.770	ErrPose	  0.163	 -0.326	  0.009	  0.004
[component_container-11] 	 42.770	ErrTwis	 -0.554	 -0.623	  0.053	 -0.001
[component_container-11] 	 42.770	    GPS	  1.015	  4.457	  5.019	     --
[component_container-11] 	 42.770	   Baro	     --	     --	  5.443	     --
[component_container-11] 	 42.770	  BBias	     --	     --	  0.584	     --
[component_container-11] 	 42.770	  Sonar	     --	     --	    inf	     --
[component_container-11] 	 42.770	  Magnt	     --	     --	     --	  0.834
[component_container-11] 
[component_container-11] 	 42.800	   Pose	  1.005	  4.715	  4.999	  0.773
[component_container-11] 	 42.800	  Twist	  0.087	  0.401	 -0.047	 -0.287
[component_container-11] 	 42.800	ErrPose	  0.153	 -0.360	  0.008	  0.001
[component_container-11] 	 42.800	ErrTwis	 -0.592	 -0.641	  0.055	  0.007
[component_container-11] 	 42.800	    GPS	  1.015	  4.457	  5.019	     --
[component_container-11] 	 42.800	   Baro	     --	     --	  5.443	     --
[component_container-11] 	 42.800	  BBias	     --	     --	  0.584	     --
[component_container-11] 	 42.800	  Sonar	     --	     --	    inf	     --
[component_container-11] 	 42.800	  Magnt	     --	     --	     --	  0.834
[component_container-11] 
[component_container-11] 	 42.840	   Pose	  1.009	  4.731	  4.999	  0.762
[component_container-11] 	 42.840	  Twist	  0.089	  0.402	 -0.047	 -0.288
[component_container-11] 	 42.840	ErrPose	  0.140	 -0.400	  0.005	  0.001
[component_container-11] 	 42.840	ErrTwis	 -0.631	 -0.658	  0.054	  0.008
[component_container-11] 	 42.840	    GPS	  1.015	  4.457	  5.019	     --
[component_container-11] 	 42.840	   Baro	     --	     --	  5.605	     --
[component_container-11] 	 42.840	  BBias	     --	     --	  0.584	     --
[component_container-11] 	 42.840	  Sonar	     --	     --	    inf	     --
[component_container-11] 	 42.840	  Magnt	     --	     --	     --	  0.792
[component_container-11] 
[component_container-11] 	 42.870	   Pose	  1.011	  4.743	  5.011	  0.754
[component_container-11] 	 42.870	  Twist	  0.090	  0.403	 -0.033	 -0.289
[component_container-11] 	 42.870	ErrPose	  0.133	 -0.424	 -0.008	  0.004
[component_container-11] 	 42.870	ErrTwis	 -0.650	 -0.667	  0.040	  0.009
[component_container-11] 	 42.870	    GPS	  1.015	  4.457	  5.019	     --
[component_container-11] 	 42.870	   Baro	     --	     --	  5.738	     --
[component_container-11] 	 42.870	  BBias	     --	     --	  0.584	     --
[component_container-11] 	 42.870	  Sonar	     --	     --	    inf	     --
[component_container-11] 	 42.870	  Magnt	     --	     --	     --	  0.782
[component_container-11] 
[component_container-11] 	 42.900	   Pose	  1.014	  4.755	  5.010	  0.745
[component_container-11] 	 42.900	  Twist	  0.091	  0.405	 -0.034	 -0.295
[component_container-11] 	 42.900	ErrPose	  0.120	 -0.462	 -0.010	  0.001
[component_container-11] 	 42.900	ErrTwis	 -0.686	 -0.685	  0.044	  0.015
[component_container-11] 	 42.900	    GPS	  1.015	  4.457	  5.019	     --
[component_container-11] 	 42.900	   Baro	     --	     --	  5.738	     --
[component_container-11] 	 42.900	  BBias	     --	     --	  0.584	     --
[component_container-11] 	 42.900	  Sonar	     --	     --	    inf	     --
[component_container-11] 	 42.900	  Magnt	     --	     --	     --	  0.782
[component_container-11] 
[component_container-11] 	 42.940	   Pose	  1.018	  4.771	  4.999	  0.734
[component_container-11] 	 42.940	  Twist	  0.093	  0.407	 -0.047	 -0.283
[component_container-11] 	 42.940	ErrPose	  0.105	 -0.505	 -0.001	  0.001
[component_container-11] 	 42.940	ErrTwis	 -0.722	 -0.703	  0.058	  0.003
[component_container-11] 	 42.940	    GPS	  1.015	  4.457	  5.019	     --
[component_container-11] 	 42.940	   Baro	     --	     --	  5.489	     --
[component_container-11] 	 42.940	  BBias	     --	     --	  0.584	     --
[component_container-11] 	 42.940	  Sonar	     --	     --	    inf	     --
[component_container-11] 	 42.940	  Magnt	     --	     --	     --	  0.755
[component_container-11] 
[component_container-11] 	 42.970	   Pose	  1.020	  4.784	  4.997	  0.726
[component_container-11] 	 42.970	  Twist	  0.094	  0.409	 -0.050	 -0.291
[component_container-11] 	 42.970	ErrPose	  0.097	 -0.531	 -0.001	  0.003
[component_container-11] 	 42.970	ErrTwis	 -0.741	 -0.712	  0.060	  0.011
[component_container-11] 	 42.970	    GPS	  1.015	  4.457	  5.019	     --
[component_container-11] 	 42.970	   Baro	     --	     --	  5.579	     --
[component_container-11] 	 42.970	  BBias	     --	     --	  0.584	     --
[component_container-11] 	 42.970	  Sonar	     --	     --	    inf	     --
[component_container-11] 	 42.970	  Magnt	     --	     --	     --	  0.777
[component_container-11] 
[component_container-11] [INFO] [1775369607.629733139] [drone.controller]: cmd_vel body=(-0.908, -0.419, 0.012) yaw=-0.300 | odom_received=true | plan_points=74
[component_container-11] 	 43.000	   Pose	  1.023	  4.796	  4.996	  0.717
[component_container-11] 	 43.000	  Twist	  0.095	  0.411	 -0.051	 -0.279
[component_container-11] 	 43.000	ErrPose	  0.082	 -0.571	 -0.002	  0.001
[component_container-11] 	 43.000	ErrTwis	 -0.774	 -0.730	  0.059	 -0.001
[component_container-11] 	 43.000	    GPS	  1.015	  4.457	  5.019	     --
[component_container-11] 	 43.000	   Baro	     --	     --	  5.579	     --
[component_container-11] 	 43.000	  BBias	     --	     --	  0.584	     --
[component_container-11] 	 43.000	  Sonar	     --	     --	    inf	     --
[component_container-11] 	 43.000	  Magnt	     --	     --	     --	  0.777
[component_container-11] 
[component_container-11] [INFO] [1775369607.630005170] [drone.estimator]: TMP LOG err_xyz=(0.082, -0.571, -0.002) | z_est=4.996 vz_est=-0.051 bias=0.584 | gps_z=5.019 sonar=inf baro=5.579
[component_container-11] 	 43.040	   Pose	  1.123	  4.381	  5.001	  0.706
[component_container-11] 	 43.040	  Twist	  0.174	  0.053	 -0.045	 -0.296
[component_container-11] 	 43.040	ErrPose	 -0.031	 -0.186	 -0.010	  0.001
[component_container-11] 	 43.040	ErrTwis	 -0.885	 -0.387	  0.053	  0.017
[component_container-11] 	 43.040	    GPS	  1.210	  4.010	  4.993	     --
[component_container-11] 	 43.040	   Baro	     --	     --	  5.676	     --
[component_container-11] 	 43.040	  BBias	     --	     --	  0.584	     --
[component_container-11] 	 43.040	  Sonar	     --	     --	    inf	     --
[component_container-11] 	 43.040	  Magnt	     --	     --	     --	  0.738
[component_container-11] 
[component_container-11] 	 43.070	   Pose	  1.128	  4.382	  5.005	  0.699
[component_container-11] 	 43.070	  Twist	  0.175	  0.055	 -0.040	 -0.278
[component_container-11] 	 43.070	ErrPose	 -0.044	 -0.202	 -0.016	  0.002
[component_container-11] 	 43.070	ErrTwis	 -0.901	 -0.396	  0.049	 -0.002
[component_container-11] 	 43.070	    GPS	  1.210	  4.010	  4.993	     --
[component_container-11] 	 43.070	   Baro	     --	     --	  5.657	     --
[component_container-11] 	 43.070	  BBias	     --	     --	  0.584	     --
[component_container-11] 	 43.070	  Sonar	     --	     --	    inf	     --
[component_container-11] 	 43.070	  Magnt	     --	     --	     --	  0.760
[component_container-11] 
[component_container-11] 	 43.100	   Pose	  1.134	  4.384	  5.004	  0.690
[component_container-11] 	 43.100	  Twist	  0.177	  0.056	 -0.041	 -0.292
[component_container-11] 	 43.100	ErrPose	 -0.063	 -0.235	 -0.018	 -0.000
[component_container-11] 	 43.100	ErrTwis	 -0.934	 -0.412	  0.049	  0.012
[component_container-11] 	 43.100	    GPS	  1.210	  4.010	  4.993	     --
[component_container-11] 	 43.100	   Baro	     --	     --	  5.657	     --
[component_container-11] 	 43.100	  BBias	     --	     --	  0.584	     --
[component_container-11] 	 43.100	  Sonar	     --	     --	    inf	     --
[component_container-11] 	 43.100	  Magnt	     --	     --	     --	  0.760
[component_container-11] 
[component_container-11] 	 43.140	   Pose	  1.141	  4.386	  4.992	  0.679
[component_container-11] 	 43.140	  Twist	  0.181	  0.059	 -0.053	 -0.287
[component_container-11] 	 43.140	ErrPose	 -0.086	 -0.270	 -0.009	 -0.000
[component_container-11] 	 43.140	ErrTwis	 -0.966	 -0.430	  0.059	  0.007
[component_container-11] 	 43.140	    GPS	  1.210	  4.010	  4.993	     --
[component_container-11] 	 43.140	   Baro	     --	     --	  5.463	     --
[component_container-11] 	 43.140	  BBias	     --	     --	  0.584	     --
[component_container-11] 	 43.140	  Sonar	     --	     --	    inf	     --
[component_container-11] 	 43.140	  Magnt	     --	     --	     --	  0.688
[component_container-11] 
[component_container-11] 	 43.170	   Pose	  1.146	  4.388	  4.984	  0.670
[component_container-11] 	 43.170	  Twist	  0.183	  0.061	 -0.060	 -0.275
[component_container-11] 	 43.170	ErrPose	 -0.099	 -0.288	 -0.002	  0.003
[component_container-11] 	 43.170	ErrTwis	 -0.982	 -0.439	  0.066	 -0.005
[component_container-11] 	 43.170	    GPS	  1.210	  4.010	  4.993	     --
[component_container-11] 	 43.170	   Baro	     --	     --	  5.497	     --
[component_container-11] 	 43.170	  BBias	     --	     --	  0.584	     --
[component_container-11] 	 43.170	  Sonar	     --	     --	    inf	     --
[component_container-11] 	 43.170	  Magnt	     --	     --	     --	  0.665
[component_container-11] 
[component_container-11] 	 43.200	   Pose	  1.152	  4.390	  4.982	  0.661
[component_container-11] 	 43.200	  Twist	  0.185	  0.062	 -0.061	 -0.291
[component_container-11] 	 43.200	ErrPose	 -0.121	 -0.323	 -0.004	  0.001
[component_container-11] 	 43.200	ErrTwis	 -1.012	 -0.453	  0.066	  0.011
[component_container-11] 	 43.200	    GPS	  1.210	  4.010	  4.993	     --
[component_container-11] 	 43.200	   Baro	     --	     --	  5.497	     --
[component_container-11] 	 43.200	  BBias	     --	     --	  0.584	     --
[component_container-11] 	 43.200	  Sonar	     --	     --	    inf	     --
[component_container-11] 	 43.200	  Magnt	     --	     --	     --	  0.665
[component_container-11] 
[component_container-11] 	 43.240	   Pose	  1.159	  4.393	  4.982	  0.650
[component_container-11] 	 43.240	  Twist	  0.187	  0.064	 -0.058	 -0.302
[component_container-11] 	 43.240	ErrPose	 -0.147	 -0.360	 -0.007	  0.001
[component_container-11] 	 43.240	ErrTwis	 -1.041	 -0.464	  0.060	  0.023
[component_container-11] 	 43.240	    GPS	  1.210	  4.010	  4.993	     --
[component_container-11] 	 43.240	   Baro	     --	     --	  5.594	     --
[component_container-11] 	 43.240	  BBias	     --	     --	  0.584	     --
[component_container-11] 	 43.240	  Sonar	     --	     --	    inf	     --
[component_container-11] 	 43.240	  Magnt	     --	     --	     --	  0.681
[component_container-11] 
[component_container-11] 	 43.270	   Pose	  1.165	  4.395	  4.984	  0.642
[component_container-11] 	 43.270	  Twist	  0.189	  0.067	 -0.054	 -0.292
[component_container-11] 	 43.270	ErrPose	 -0.161	 -0.379	 -0.010	  0.003
[component_container-11] 	 43.270	ErrTwis	 -1.056	 -0.471	  0.054	  0.012
[component_container-11] 	 43.270	    GPS	  1.210	  4.010	  4.993	     --
[component_container-11] 	 43.270	   Baro	     --	     --	  5.605	     --
[component_container-11] 	 43.270	  BBias	     --	     --	  0.584	     --
[component_container-11] 	 43.270	  Sonar	     --	     --	    inf	     --
[component_container-11] 	 43.270	  Magnt	     --	     --	     --	  0.693
[component_container-11] 
[component_container-11] 	 43.300	   Pose	  1.171	  4.397	  4.982	  0.634
[component_container-11] 	 43.300	  Twist	  0.191	  0.070	 -0.053	 -0.297
[component_container-11] 	 43.300	ErrPose	 -0.186	 -0.416	 -0.011	  0.000
[component_container-11] 	 43.300	ErrTwis	 -1.084	 -0.480	  0.051	  0.017
[component_container-11] 	 43.300	    GPS	  1.210	  4.010	  4.993	     --
[component_container-11] 	 43.300	   Baro	     --	     --	  5.605	     --
[component_container-11] 	 43.300	  BBias	     --	     --	  0.584	     --
[component_container-11] 	 43.300	  Sonar	     --	     --	    inf	     --
[component_container-11] 	 43.300	  Magnt	     --	     --	     --	  0.693
[component_container-11] 
[component_container-11] 	 43.340	   Pose	  1.178	  4.400	  4.978	  0.622
[component_container-11] 	 43.340	  Twist	  0.194	  0.074	 -0.056	 -0.288
[component_container-11] 	 43.340	ErrPose	 -0.215	 -0.454	 -0.009	  0.000
[component_container-11] 	 43.340	ErrTwis	 -1.110	 -0.489	  0.057	  0.009
[component_container-11] 	 43.340	    GPS	  1.210	  4.010	  4.993	     --
[component_container-11] 	 43.340	   Baro	     --	     --	  5.535	     --
[component_container-11] 	 43.340	  BBias	     --	     --	  0.584	     --
[component_container-11] 	 43.340	  Sonar	     --	     --	    inf	     --
[component_container-11] 	 43.340	  Magnt	     --	     --	     --	  0.637
[component_container-11] 
[component_container-11] 	 43.370	   Pose	  1.184	  4.402	  4.965	  0.614
[component_container-11] 	 43.370	  Twist	  0.196	  0.076	 -0.068	 -0.291
[component_container-11] 	 43.370	ErrPose	 -0.231	 -0.474	  0.002	  0.003
[component_container-11] 	 43.370	ErrTwis	 -1.124	 -0.494	  0.070	  0.011
[component_container-11] 	 43.370	    GPS	  1.210	  4.010	  4.993	     --
[component_container-11] 	 43.370	   Baro	     --	     --	  5.434	     --
[component_container-11] 	 43.370	  BBias	     --	     --	  0.584	     --
[component_container-11] 	 43.370	  Sonar	     --	     --	    inf	     --
[component_container-11] 	 43.370	  Magnt	     --	     --	     --	  0.631
[component_container-11] 
[component_container-11] 	 43.400	   Pose	  1.190	  4.404	  4.963	  0.605
[component_container-11] 	 43.400	  Twist	  0.197	  0.080	 -0.068	 -0.277
[component_container-11] 	 43.400	ErrPose	 -0.259	 -0.513	  0.001	  0.001
[component_container-11] 	 43.400	ErrTwis	 -1.149	 -0.504	  0.069	 -0.002
[component_container-11] 	 43.400	    GPS	  1.210	  4.010	  4.993	     --
[component_container-11] 	 43.400	   Baro	     --	     --	  5.434	     --
[component_container-11] 	 43.400	  BBias	     --	     --	  0.584	     --
[component_container-11] 	 43.400	  Sonar	     --	     --	    inf	     --
[component_container-11] 	 43.400	  Magnt	     --	     --	     --	  0.631
[component_container-11] 
[component_container-11] 	 43.440	   Pose	  1.198	  4.407	  4.956	  0.594
[component_container-11] 	 43.440	  Twist	  0.201	  0.083	 -0.071	 -0.278
[component_container-11] 	 43.440	ErrPose	 -0.289	 -0.553	  0.005	  0.000
[component_container-11] 	 43.440	ErrTwis	 -1.173	 -0.516	  0.072	 -0.002
[component_container-11] 	 43.440	    GPS	  1.210	  4.010	  4.993	     --
[component_container-11] 	 43.440	   Baro	     --	     --	  5.496	     --
[component_container-11] 	 43.440	  BBias	     --	     --	  0.584	     --
[component_container-11] 	 43.440	  Sonar	     --	     --	    inf	     --
[component_container-11] 	 43.440	  Magnt	     --	     --	     --	  0.632
[component_container-11] 
[component_container-11] 	 43.470	   Pose	  1.204	  4.410	  4.943	  0.586
[component_container-11] 	 43.470	  Twist	  0.203	  0.086	 -0.082	 -0.295
[component_container-11] 	 43.470	ErrPose	 -0.307	 -0.574	  0.017	  0.003
[component_container-11] 	 43.470	ErrTwis	 -1.185	 -0.523	  0.084	  0.016
[component_container-11] 	 43.470	    GPS	  1.210	  4.010	  4.993	     --
[component_container-11] 	 43.470	   Baro	     --	     --	  5.417	     --
[component_container-11] 	 43.470	  BBias	     --	     --	  0.584	     --
[component_container-11] 	 43.470	  Sonar	     --	     --	    inf	     --
[component_container-11] 	 43.470	  Magnt	     --	     --	     --	  0.618
[component_container-11] 
[component_container-11] 	 43.500	   Pose	  1.210	  4.413	  4.940	  0.578
[component_container-11] 	 43.500	  Twist	  0.205	  0.089	 -0.082	 -0.289
[component_container-11] 	 43.500	ErrPose	 -0.337	 -0.614	  0.016	  0.000
[component_container-11] 	 43.500	ErrTwis	 -1.206	 -0.534	  0.086	  0.010
[component_container-11] 	 43.500	    GPS	  1.210	  4.010	  4.993	     --
[component_container-11] 	 43.500	   Baro	     --	     --	  5.417	     --
[component_container-11] 	 43.500	  BBias	     --	     --	  0.584	     --
[component_container-11] 	 43.500	  Sonar	     --	     --	    inf	     --
[component_container-11] 	 43.500	  Magnt	     --	     --	     --	  0.618
[component_container-11] 
[component_container-11] [INFO] [1775369608.135991753] [drone.estimator]: TMP LOG gps innov_xy=(-0.403, -0.561) est_xy=(1.212, 4.413) gps_xy=(0.809, 3.853) corr_xy=(0.809, 3.853) vel_xy=(0.205, 0.089)
[component_container-11] [INFO] [1775369608.136128366] [drone.estimator]: TMP LOG gps vel pseudo raw=(-0.801, -0.314) filt=(-0.686, -0.363) innov_v=(-0.828, -0.364) apply=(1,1)
[component_container-11] 	 43.540	   Pose	  0.955	  4.176	  4.950	  0.567
[component_container-11] 	 43.540	  Twist	 -0.035	 -0.075	 -0.067	 -0.279
[component_container-11] 	 43.540	ErrPose	 -0.107	 -0.416	  0.004	 -0.000
[component_container-11] 	 43.540	ErrTwis	 -0.985	 -0.381	  0.070	 -0.000
[component_container-11] 	 43.540	    GPS	  0.809	  3.853	  4.956	     --
[component_container-11] 	 43.540	   Baro	     --	     --	  5.659	     --
[component_container-11] 	 43.540	  BBias	     --	     --	  0.584	     --
[component_container-11] 	 43.540	  Sonar	     --	     --	    inf	     --
[component_container-11] 	 43.540	  Magnt	     --	     --	     --	  0.613
[component_container-11] 
[component_container-11] 	 43.570	   Pose	  0.954	  4.174	  4.959	  0.559
[component_container-11] 	 43.570	  Twist	 -0.032	 -0.072	 -0.055	 -0.285
[component_container-11] 	 43.570	ErrPose	 -0.118	 -0.433	 -0.006	  0.002
[component_container-11] 	 43.570	ErrTwis	 -0.996	 -0.389	  0.057	  0.006
[component_container-11] 	 43.570	    GPS	  0.809	  3.853	  4.956	     --
[component_container-11] 	 43.570	   Baro	     --	     --	  5.667	     --
[component_container-11] 	 43.570	  BBias	     --	     --	  0.584	     --
[component_container-11] 	 43.570	  Sonar	     --	     --	    inf	     --
[component_container-11] 	 43.570	  Magnt	     --	     --	     --	  0.607
[component_container-11] 
[component_container-11] 	 43.600	   Pose	  0.953	  4.172	  4.957	  0.551
[component_container-11] 	 43.600	  Twist	 -0.030	 -0.069	 -0.054	 -0.279
[component_container-11] 	 43.600	ErrPose	 -0.143	 -0.469	 -0.007	 -0.001
[component_container-11] 	 43.600	ErrTwis	 -1.014	 -0.402	  0.057	  0.000
[component_container-11] 	 43.600	    GPS	  0.809	  3.853	  4.956	     --
[component_container-11] 	 43.600	   Baro	     --	     --	  5.667	     --
[component_container-11] 	 43.600	  BBias	     --	     --	  0.584	     --
[component_container-11] 	 43.600	  Sonar	     --	     --	    inf	     --
[component_container-11] 	 43.600	  Magnt	     --	     --	     --	  0.607
[component_container-11] 
[component_container-11] 	 43.640	   Pose	  0.952	  4.169	  4.960	  0.539
[component_container-11] 	 43.640	  Twist	 -0.027	 -0.066	 -0.049	 -0.270
[component_container-11] 	 43.640	ErrPose	 -0.168	 -0.505	 -0.013	 -0.000
[component_container-11] 	 43.640	ErrTwis	 -1.032	 -0.416	  0.054	 -0.009
[component_container-11] 	 43.640	    GPS	  0.809	  3.853	  4.956	     --
[component_container-11] 	 43.640	   Baro	     --	     --	  5.606	     --
[component_container-11] 	 43.640	  BBias	     --	     --	  0.584	     --
[component_container-11] 	 43.640	  Sonar	     --	     --	    inf	     --
[component_container-11] 	 43.640	  Magnt	     --	     --	     --	  0.533
[component_container-11] 
[component_container-11] 	 43.670	   Pose	  0.951	  4.167	  4.953	  0.531
[component_container-11] 	 43.670	  Twist	 -0.025	 -0.063	 -0.056	 -0.276
[component_container-11] 	 43.670	ErrPose	 -0.181	 -0.523	 -0.007	  0.003
[component_container-11] 	 43.670	ErrTwis	 -1.041	 -0.424	  0.060	 -0.002
[component_container-11] 	 43.670	    GPS	  0.809	  3.853	  4.956	     --
[component_container-11] 	 43.670	   Baro	     --	     --	  5.468	     --
[component_container-11] 	 43.670	  BBias	     --	     --	  0.584	     --
[component_container-11] 	 43.670	  Sonar	     --	     --	    inf	     --
[component_container-11] 	 43.670	  Magnt	     --	     --	     --	  0.539
[component_container-11] 
[component_container-11] 	 43.700	   Pose	  0.951	  4.166	  4.951	  0.522
[component_container-11] 	 43.700	  Twist	 -0.022	 -0.060	 -0.055	 -0.288
[component_container-11] 	 43.700	ErrPose	 -0.208	 -0.560	 -0.008	 -0.000
[component_container-11] 	 43.700	ErrTwis	 -1.056	 -0.438	  0.056	  0.009
[component_container-11] 	 43.700	    GPS	  0.809	  3.853	  4.956	     --
[component_container-11] 	 43.700	   Baro	     --	     --	  5.468	     --
[component_container-11] 	 43.700	  BBias	     --	     --	  0.584	     --
[component_container-11] 	 43.700	  Sonar	     --	     --	    inf	     --
[component_container-11] 	 43.700	  Magnt	     --	     --	     --	  0.539
[component_container-11] 
[component_container-11] 	 43.740	   Pose	  0.950	  4.163	  4.941	  0.511
[component_container-11] 	 43.740	  Twist	 -0.018	 -0.056	 -0.062	 -0.286
[component_container-11] 	 43.740	ErrPose	 -0.235	 -0.597	 -0.001	  0.000
[component_container-11] 	 43.740	ErrTwis	 -1.071	 -0.454	  0.062	  0.008
[component_container-11] 	 43.740	    GPS	  0.809	  3.853	  4.956	     --
[component_container-11] 	 43.740	   Baro	     --	     --	  5.445	     --
[component_container-11] 	 43.740	  BBias	     --	     --	  0.584	     --
[component_container-11] 	 43.740	  Sonar	     --	     --	    inf	     --
[component_container-11] 	 43.740	  Magnt	     --	     --	     --	  0.506
[component_container-11] 
[component_container-11] 	 43.770	   Pose	  0.949	  4.162	  4.942	  0.503
[component_container-11] 	 43.770	  Twist	 -0.016	 -0.052	 -0.058	 -0.284
[component_container-11] 	 43.770	ErrPose	 -0.248	 -0.616	 -0.003	  0.003
[component_container-11] 	 43.770	ErrTwis	 -1.078	 -0.464	  0.061	  0.006
[component_container-11] 	 43.770	    GPS	  0.809	  3.853	  4.956	     --
[component_container-11] 	 43.770	   Baro	     --	     --	  5.557	     --
[component_container-11] 	 43.770	  BBias	     --	     --	  0.584	     --
[component_container-11] 	 43.770	  Sonar	     --	     --	    inf	     --
[component_container-11] 	 43.770	  Magnt	     --	     --	     --	  0.522
[component_container-11] 
[component_container-11] 	 43.800	   Pose	  0.949	  4.160	  4.940	  0.494
[component_container-11] 	 43.800	  Twist	 -0.014	 -0.049	 -0.057	 -0.265
[component_container-11] 	 43.800	ErrPose	 -0.277	 -0.654	 -0.003	  0.000
[component_container-11] 	 43.800	ErrTwis	 -1.089	 -0.480	  0.061	 -0.013
[component_container-11] 	 43.800	    GPS	  0.809	  3.853	  4.956	     --
[component_container-11] 	 43.800	   Baro	     --	     --	  5.557	     --
[component_container-11] 	 43.800	  BBias	     --	     --	  0.584	     --
[component_container-11] 	 43.800	  Sonar	     --	     --	    inf	     --
[component_container-11] 	 43.800	  Magnt	     --	     --	     --	  0.522
[component_container-11] 
[component_container-11] 	 43.840	   Pose	  0.949	  4.158	  4.937	  0.483
[component_container-11] 	 43.840	  Twist	 -0.011	 -0.046	 -0.056	 -0.290
[component_container-11] 	 43.840	ErrPose	 -0.305	 -0.693	 -0.002	  0.000
[component_container-11] 	 43.840	ErrTwis	 -1.101	 -0.497	  0.057	  0.012
[component_container-11] 	 43.840	    GPS	  0.809	  3.853	  4.956	     --
[component_container-11] 	 43.840	   Baro	     --	     --	  5.512	     --
[component_container-11] 	 43.840	  BBias	     --	     --	  0.584	     --
[component_container-11] 	 43.840	  Sonar	     --	     --	    inf	     --
[component_container-11] 	 43.840	  Magnt	     --	     --	     --	  0.490
[component_container-11] 
[component_container-11] 	 43.870	   Pose	  0.948	  4.157	  4.941	  0.475
[component_container-11] 	 43.870	  Twist	 -0.007	 -0.043	 -0.049	 -0.291
[component_container-11] 	 43.870	ErrPose	 -0.320	 -0.712	 -0.007	  0.003
[component_container-11] 	 43.870	ErrTwis	 -1.107	 -0.507	  0.048	  0.014
[component_container-11] 	 43.870	    GPS	  0.809	  3.853	  4.956	     --
[component_container-11] 	 43.870	   Baro	     --	     --	  5.586	     --
[component_container-11] 	 43.870	  BBias	     --	     --	  0.584	     --
[component_container-11] 	 43.870	  Sonar	     --	     --	    inf	     --
[component_container-11] 	 43.870	  Magnt	     --	     --	     --	  0.497
[component_container-11] 
[component_container-11] 	 43.900	   Pose	  0.948	  4.156	  4.940	  0.466
[component_container-11] 	 43.900	  Twist	 -0.004	 -0.040	 -0.047	 -0.287
[component_container-11] 	 43.900	ErrPose	 -0.349	 -0.751	 -0.008	  0.000
[component_container-11] 	 43.900	ErrTwis	 -1.116	 -0.523	  0.048	  0.010
[component_container-11] 	 43.900	    GPS	  0.809	  3.853	  4.956	     --
[component_container-11] 	 43.900	   Baro	     --	     --	  5.586	     --
[component_container-11] 	 43.900	  BBias	     --	     --	  0.584	     --
[component_container-11] 	 43.900	  Sonar	     --	     --	    inf	     --
[component_container-11] 	 43.900	  Magnt	     --	     --	     --	  0.497
[component_container-11] 
[component_container-11] 	 43.940	   Pose	  0.948	  4.154	  4.946	  0.456
[component_container-11] 	 43.940	  Twist	 -0.001	 -0.036	 -0.038	 -0.286
[component_container-11] 	 43.940	ErrPose	 -0.379	 -0.791	 -0.016	 -0.000
[component_container-11] 	 43.940	ErrTwis	 -1.123	 -0.539	  0.040	  0.008
[component_container-11] 	 43.940	    GPS	  0.809	  3.853	  4.956	     --
[component_container-11] 	 43.940	   Baro	     --	     --	  5.612	     --
[component_container-11] 	 43.940	  BBias	     --	     --	  0.584	     --
[component_container-11] 	 43.940	  Sonar	     --	     --	    inf	     --
[component_container-11] 	 43.940	  Magnt	     --	     --	     --	  0.492
[component_container-11] 
[component_container-11] 	 43.970	   Pose	  0.948	  4.153	  4.944	  0.446
[component_container-11] 	 43.970	  Twist	  0.002	 -0.033	 -0.037	 -0.304
[component_container-11] 	 43.970	ErrPose	 -0.394	 -0.810	 -0.015	  0.003
[component_container-11] 	 43.970	ErrTwis	 -1.128	 -0.548	  0.038	  0.026
[component_container-11] 	 43.970	    GPS	  0.809	  3.853	  4.956	     --
[component_container-11] 	 43.970	   Baro	     --	     --	  5.522	     --
[component_container-11] 	 43.970	  BBias	     --	     --	  0.584	     --
[component_container-11] 	 43.970	  Sonar	     --	     --	    inf	     --
[component_container-11] 	 43.970	  Magnt	     --	     --	     --	  0.439
[component_container-11] 
[component_container-11] [INFO] [1775369608.633823792] [drone.controller]: cmd_vel body=(-0.780, -0.626, 0.005) yaw=-0.300 | odom_received=true | plan_points=69
[component_container-11] 	 44.000	   Pose	  0.948	  4.152	  4.943	  0.438
[component_container-11] 	 44.000	  Twist	  0.005	 -0.030	 -0.037	 -0.290
[component_container-11] 	 44.000	ErrPose	 -0.425	 -0.850	 -0.016	  0.001
[component_container-11] 	 44.000	ErrTwis	 -1.133	 -0.562	  0.034	  0.012
[component_container-11] 	 44.000	    GPS	  0.809	  3.853	  4.956	     --
[component_container-11] 	 44.000	   Baro	     --	     --	  5.522	     --
[component_container-11] 	 44.000	  BBias	     --	     --	  0.584	     --
[component_container-11] 	 44.000	  Sonar	     --	     --	    inf	     --
[component_container-11] 	 44.000	  Magnt	     --	     --	     --	  0.439
[component_container-11] 
[component_container-11] [INFO] [1775369608.634305089] [drone.estimator]: TMP LOG err_xyz=(-0.425, -0.850, -0.016) | z_est=4.943 vz_est=-0.037 bias=0.584 | gps_z=4.956 sonar=inf baro=5.522
[component_container-11] 	 44.040	   Pose	  0.728	  3.739	  4.928	  0.426
[component_container-11] 	 44.040	  Twist	 -0.170	 -0.345	 -0.048	 -0.280
[component_container-11] 	 44.040	ErrPose	 -0.235	 -0.478	 -0.003	  0.001
[component_container-11] 	 44.040	ErrTwis	 -0.959	 -0.258	  0.046	  0.002
[component_container-11] 	 44.040	    GPS	  0.524	  3.304	  4.927	     --
[component_container-11] 	 44.040	   Baro	     --	     --	  5.391	     --
[component_container-11] 	 44.040	  BBias	     --	     --	  0.584	     --
[component_container-11] 	 44.040	  Sonar	     --	     --	    inf	     --
[component_container-11] 	 44.040	  Magnt	     --	     --	     --	  0.419
[component_container-11] 
[component_container-11] 	 44.070	   Pose	  0.722	  3.728	  4.928	  0.418
[component_container-11] 	 44.070	  Twist	 -0.167	 -0.342	 -0.047	 -0.293
[component_container-11] 	 44.070	ErrPose	 -0.245	 -0.488	 -0.003	  0.004
[component_container-11] 	 44.070	ErrTwis	 -0.962	 -0.266	  0.045	  0.015
[component_container-11] 	 44.070	    GPS	  0.524	  3.304	  4.927	     --
[component_container-11] 	 44.070	   Baro	     --	     --	  5.528	     --
[component_container-11] 	 44.070	  BBias	     --	     --	  0.584	     --
[component_container-11] 	 44.070	  Sonar	     --	     --	    inf	     --
[component_container-11] 	 44.070	  Magnt	     --	     --	     --	  0.435
[component_container-11] 
[component_container-11] 	 44.100	   Pose	  0.717	  3.718	  4.927	  0.409
[component_container-11] 	 44.100	  Twist	 -0.165	 -0.340	 -0.044	 -0.284
[component_container-11] 	 44.100	ErrPose	 -0.272	 -0.519	 -0.003	  0.002
[component_container-11] 	 44.100	ErrTwis	 -0.965	 -0.278	  0.043	  0.006
[component_container-11] 	 44.100	    GPS	  0.524	  3.304	  4.927	     --
[component_container-11] 	 44.100	   Baro	     --	     --	  5.528	     --
[component_container-11] 	 44.100	  BBias	     --	     --	  0.584	     --
[component_container-11] 	 44.100	  Sonar	     --	     --	    inf	     --
[component_container-11] 	 44.100	  Magnt	     --	     --	     --	  0.435
[component_container-11] 
[component_container-11] 	 44.140	   Pose	  0.711	  3.705	  4.925	  0.397
[component_container-11] 	 44.140	  Twist	 -0.161	 -0.335	 -0.041	 -0.295
[component_container-11] 	 44.140	ErrPose	 -0.296	 -0.546	 -0.003	  0.002
[component_container-11] 	 44.140	ErrTwis	 -0.966	 -0.292	  0.037	  0.016
[component_container-11] 	 44.140	    GPS	  0.524	  3.304	  4.927	     --
[component_container-11] 	 44.140	   Baro	     --	     --	  5.513	     --
[component_container-11] 	 44.140	  BBias	     --	     --	  0.584	     --
[component_container-11] 	 44.140	  Sonar	     --	     --	    inf	     --
[component_container-11] 	 44.140	  Magnt	     --	     --	     --	  0.393
[component_container-11] 
[component_container-11] 	 44.170	   Pose	  0.706	  3.695	  4.929	  0.390
[component_container-11] 	 44.170	  Twist	 -0.158	 -0.332	 -0.034	 -0.288
[component_container-11] 	 44.170	ErrPose	 -0.307	 -0.557	 -0.007	  0.004
[component_container-11] 	 44.170	ErrTwis	 -0.968	 -0.300	  0.029	  0.010
[component_container-11] 	 44.170	    GPS	  0.524	  3.304	  4.927	     --
[component_container-11] 	 44.170	   Baro	     --	     --	  5.563	     --
[component_container-11] 	 44.170	  BBias	     --	     --	  0.584	     --
[component_container-11] 	 44.170	  Sonar	     --	     --	    inf	     --
[component_container-11] 	 44.170	  Magnt	     --	     --	     --	  0.442
[component_container-11] 
[component_container-11] 	 44.200	   Pose	  0.702	  3.685	  4.928	  0.381
[component_container-11] 	 44.200	  Twist	 -0.154	 -0.329	 -0.032	 -0.298
[component_container-11] 	 44.200	ErrPose	 -0.334	 -0.588	 -0.007	  0.002
[component_container-11] 	 44.200	ErrTwis	 -0.968	 -0.313	  0.031	  0.020
[component_container-11] 	 44.200	    GPS	  0.524	  3.304	  4.927	     --
[component_container-11] 	 44.200	   Baro	     --	     --	  5.563	     --
[component_container-11] 	 44.200	  BBias	     --	     --	  0.584	     --
[component_container-11] 	 44.200	  Sonar	     --	     --	    inf	     --
[component_container-11] 	 44.200	  Magnt	     --	     --	     --	  0.442
[component_container-11] 
[component_container-11] 	 44.240	   Pose	  0.695	  3.672	  4.922	  0.371
[component_container-11] 	 44.240	  Twist	 -0.151	 -0.325	 -0.035	 -0.288
[component_container-11] 	 44.240	ErrPose	 -0.360	 -0.616	 -0.002	  0.001
[component_container-11] 	 44.240	ErrTwis	 -0.966	 -0.326	  0.037	  0.010
[component_container-11] 	 44.240	    GPS	  0.524	  3.304	  4.927	     --
[component_container-11] 	 44.240	   Baro	     --	     --	  5.456	     --
[component_container-11] 	 44.240	  BBias	     --	     --	  0.584	     --
[component_container-11] 	 44.240	  Sonar	     --	     --	    inf	     --
[component_container-11] 	 44.240	  Magnt	     --	     --	     --	  0.437
[component_container-11] 
[component_container-11] 	 44.270	   Pose	  0.691	  3.662	  4.929	  0.362
[component_container-11] 	 44.270	  Twist	 -0.148	 -0.322	 -0.025	 -0.293
[component_container-11] 	 44.270	ErrPose	 -0.371	 -0.626	 -0.009	  0.005
[component_container-11] 	 44.270	ErrTwis	 -0.967	 -0.334	  0.026	  0.014
[component_container-11] 	 44.270	    GPS	  0.524	  3.304	  4.927	     --
[component_container-11] 	 44.270	   Baro	     --	     --	  5.599	     --
[component_container-11] 	 44.270	  BBias	     --	     --	  0.584	     --
[component_container-11] 	 44.270	  Sonar	     --	     --	    inf	     --
[component_container-11] 	 44.270	  Magnt	     --	     --	     --	  0.341
[component_container-11] 
[component_container-11] 	 44.300	   Pose	  0.687	  3.652	  4.928	  0.353
[component_container-11] 	 44.300	  Twist	 -0.144	 -0.319	 -0.024	 -0.302
[component_container-11] 	 44.300	ErrPose	 -0.399	 -0.657	 -0.009	  0.003
[component_container-11] 	 44.300	ErrTwis	 -0.964	 -0.345	  0.022	  0.023
[component_container-11] 	 44.300	    GPS	  0.524	  3.304	  4.927	     --
[component_container-11] 	 44.300	   Baro	     --	     --	  5.599	     --
[component_container-11] 	 44.300	  BBias	     --	     --	  0.584	     --
[component_container-11] 	 44.300	  Sonar	     --	     --	    inf	     --
[component_container-11] 	 44.300	  Magnt	     --	     --	     --	  0.341
[component_container-11] 
[component_container-11] 	 44.340	   Pose	  0.681	  3.640	  4.918	  0.342
[component_container-11] 	 44.340	  Twist	 -0.140	 -0.315	 -0.030	 -0.291
[component_container-11] 	 44.340	ErrPose	 -0.425	 -0.685	 -0.000	  0.002
[component_container-11] 	 44.340	ErrTwis	 -0.960	 -0.358	  0.031	  0.013
[component_container-11] 	 44.340	    GPS	  0.524	  3.304	  4.927	     --
[component_container-11] 	 44.340	   Baro	     --	     --	  5.414	     --
[component_container-11] 	 44.340	  BBias	     --	     --	  0.584	     --
[component_container-11] 	 44.340	  Sonar	     --	     --	    inf	     --
[component_container-11] 	 44.340	  Magnt	     --	     --	     --	  0.385
[component_container-11] 
[component_container-11] 	 44.370	   Pose	  0.677	  3.630	  4.917	  0.333
[component_container-11] 	 44.370	  Twist	 -0.137	 -0.312	 -0.029	 -0.282
[component_container-11] 	 44.370	ErrPose	 -0.437	 -0.696	  0.001	  0.006
[component_container-11] 	 44.370	ErrTwis	 -0.959	 -0.365	  0.032	  0.003
[component_container-11] 	 44.370	    GPS	  0.524	  3.304	  4.927	     --
[component_container-11] 	 44.370	   Baro	     --	     --	  5.498	     --
[component_container-11] 	 44.370	  BBias	     --	     --	  0.584	     --
[component_container-11] 	 44.370	  Sonar	     --	     --	    inf	     --
[component_container-11] 	 44.370	  Magnt	     --	     --	     --	  0.298
[component_container-11] 
[component_container-11] 	 44.400	   Pose	  0.673	  3.621	  4.916	  0.324
[component_container-11] 	 44.400	  Twist	 -0.135	 -0.310	 -0.027	 -0.301
[component_container-11] 	 44.400	ErrPose	 -0.465	 -0.727	  0.001	  0.003
[component_container-11] 	 44.400	ErrTwis	 -0.953	 -0.376	  0.029	  0.023
[component_container-11] 	 44.400	    GPS	  0.524	  3.304	  4.927	     --
[component_container-11] 	 44.400	   Baro	     --	     --	  5.498	     --
[component_container-11] 	 44.400	  BBias	     --	     --	  0.584	     --
[component_container-11] 	 44.400	  Sonar	     --	     --	    inf	     --
[component_container-11] 	 44.400	  Magnt	     --	     --	     --	  0.298
[component_container-11] 
[component_container-11] 	 44.440	   Pose	  0.667	  3.609	  4.908	  0.313
[component_container-11] 	 44.440	  Twist	 -0.130	 -0.305	 -0.033	 -0.286
[component_container-11] 	 44.440	ErrPose	 -0.491	 -0.755	  0.010	  0.004
[component_container-11] 	 44.440	ErrTwis	 -0.948	 -0.389	  0.033	  0.007
[component_container-11] 	 44.440	    GPS	  0.524	  3.304	  4.927	     --
[component_container-11] 	 44.440	   Baro	     --	     --	  5.414	     --
[component_container-11] 	 44.440	  BBias	     --	     --	  0.584	     --
[component_container-11] 	 44.440	  Sonar	     --	     --	    inf	     --
[component_container-11] 	 44.440	  Magnt	     --	     --	     --	  0.324
[component_container-11] 
