time_sec,est_x,est_y,est_z,est_yaw,true_x,true_y,true_z,true_yaw,err_x,err_y,err_z,err_yaw
0.0,-2.000015992,-2.000018509,0.032544016,0.002692514,-2.0,-2.0,0.050029904,-0.0,1.5992e-05,1.8509e-05,0.017485887,-0.002692514
0.04,-2.000076362,-2.000087098,0.054972143,0.029419809,-2.0,-2.0,0.050059808,-0.0,7.6362e-05,8.7098e-05,-0.004912335,-0.029419809
0.07,-2.000164471,-2.000208274,0.055300954,0.029607309,-2.0,-2.0,0.050089742,-0.0,0.000164471,0.000208274,-0.005211213,-0.029607309
0.11,-2.000322582,-2.000433784,0.058336377,0.022924771,-2.0,-2.0,0.050129732,-0.0,0.000322582,0.000433784,-0.008206645,-0.022924771
0.14,-2.000481575,-2.000648481,0.056145703,0.017891268,-2.0,-2.0,0.050159731,-7.6884e-05,0.000481575,0.000648481,-0.005985971,-0.017968152
0.17,-2.0006713,-2.000917028,0.056775127,0.016963768,-1.999999999,-1.999999999,0.050394148,-0.000927458,0.000671301,0.000917029,-0.006380979,-0.017891226
0.21,-2.000967987,-2.001344786,0.056994606,0.00411906,-1.999998671,-1.999999611,0.051923651,-0.004080179,0.000969316,0.001345174,-0.005070955,-0.008199239
0.24,-2.001212521,-2.001714699,0.06168868,-0.004976194,-1.99999434,-1.999998185,0.054040268,-0.007670048,0.001218182,0.001716514,-0.007648412,-0.002693855
0.27,-2.001484214,-2.002130275,0.065091647,-0.009303694,-1.999987407,-1.999995467,0.056833566,-0.011994317,0.001496807,0.002134808,-0.008258082,-0.002690623
0.31,-2.001911864,-2.002752742,0.068022941,-0.01318131,-1.99997565,-1.999988869,0.061728108,-0.018869208,0.001936214,0.002763873,-0.006294833,-0.005687899
0.34,-2.002273541,-2.003246951,0.071759667,-0.018754037,-1.999965067,-1.99998111,0.066211634,-0.024689205,0.002308474,0.00326584,-0.005548033,-0.005935168
0.37,-2.002672638,-2.003776986,0.077441193,-0.025109037,-1.999951792,-1.999971094,0.071246157,-0.030904421,0.002720845,0.003805892,-0.006195037,-0.005795384
0.41,-2.00327016,-2.004546146,0.08516488,-0.034053563,-1.999928113,-1.999953877,0.078901049,-0.039786188,0.003342048,0.004592269,-0.006263831,-0.005732624
0.44,-2.003744263,-2.005185477,0.099739957,-0.045648679,-1.999907392,-1.999938403,0.085295223,-0.046803021,0.003836872,0.005247074,-0.014444734,-0.001154342
0.47,-2.004245823,-2.005870355,0.107836276,-0.052968679,-1.999885179,-1.999921012,0.092132929,-0.054031517,0.004360644,0.005949342,-0.015703347,-0.001062838
0.51,-2.438667397,-2.146100901,0.114117892,-0.059089946,-1.99985112,-1.999893988,0.102010237,-0.063988062,0.438816278,0.146206913,-0.012107655,-0.004898115
0.54,-2.447820205,-2.149637174,0.118433184,-0.067359584,-1.999821053,-1.999870878,0.109946764,-0.071644577,0.447999152,0.149766297,-0.00848642,-0.004284993
0.57,-2.457027589,-2.15322246,0.127506994,-0.075259584,-1.999788369,-1.999845834,0.118248891,-0.079406252,0.45723922,0.153376626,-0.009258103,-0.004146668
0.61,-2.469370743,-2.158087428,0.143072459,-0.085855823,-1.999733306,-1.999800388,0.129956682,-0.089923909,0.469637437,0.158287039,-0.013115777,-0.004068086
0.64,-2.478679146,-2.161815696,0.15329047,-0.093233682,-1.999657716,-1.999727772,0.139180552,-0.097915644,0.479021431,0.162087924,-0.014109918,-0.004681962
0.67,-2.488019393,-2.165608821,0.163941674,-0.101313682,-1.999537151,-1.999594115,0.14871312,-0.105959274,0.488482242,0.166014705,-0.015228554,-0.004645591
0.71,-2.500517309,-2.170764286,0.169740169,-0.110676901,-1.999283477,-1.999235214,0.161962035,-0.116750963,0.501233832,0.171529072,-0.007778134,-0.006074062
0.74,-2.509926506,-2.174715563,0.18416224,-0.118025512,-1.999034239,-1.998789885,0.172270625,-0.124918112,0.510892267,0.175925678,-0.011891615,-0.006892599
0.77,-2.519386149,-2.178745238,0.195654227,-0.126190512,-1.998742069,-1.998208493,0.182826759,-0.13315148,0.52064408,0.180536745,-0.012827468,-0.006960968
0.81,-2.532063667,-2.184203389,0.208991769,-0.137451914,-1.998247565,-1.997197531,0.197335281,-0.144171741,0.533816102,0.187005857,-0.011656488,-0.006719827
0.84,-2.541605576,-2.188357041,0.216977802,-0.142916812,-1.997785967,-1.996283761,0.208515058,-0.152427712,0.543819609,0.19207328,-0.008462745,-0.0095109
0.87,-2.551175613,-2.192562687,0.229027355,-0.151304312,-1.997267559,-1.995269691,0.219902321,-0.160701511,0.553908054,0.197292996,-0.009125033,-0.009397198
0.91,-2.563999171,-2.198219594,0.248694538,-0.163023317,-1.996488458,-1.993753754,0.235439606,-0.171796719,0.567510714,0.20446584,-0.013254932,-0.008773402
0.94,-2.573683773,-2.202501777,0.258086426,-0.170765894,-1.995826265,-1.992510945,0.247341334,-0.180136212,0.577857509,0.209990833,-0.010745092,-0.009370319
0.97,-2.583408523,-2.206814104,0.271000684,-0.178963394,-1.995094619,-1.991200614,0.259413689,-0.188467083,0.588313904,0.215613491,-0.011586995,-0.009503689
1.01,-2.199046679,-2.02355262,0.287107094,-0.188340343,-1.993996919,-1.989339162,0.275800471,-0.199573426,0.20504976,0.034213458,-0.011306623,-0.011233084
1.04,-2.202862329,-2.02508218,0.296111168,-0.197594896,-1.993098788,-1.987861903,0.288298375,-0.207928474,0.209763541,0.037220276,-0.007812792,-0.010333577
1.07,-2.206715711,-2.026643993,0.309347181,-0.206034896,-1.992144867,-1.986330474,0.300940434,-0.216285845,0.214570844,0.040313519,-0.008406747,-0.010250948
1.11,-2.211931066,-2.028761248,0.32276698,-0.217532875,-1.990752998,-1.984215151,0.318059229,-0.227406531,0.221178068,0.044546096,-0.004707751,-0.009873656
1.14,-2.215889272,-2.030376895,0.336930239,-0.227513706,-1.989637665,-1.982625549,0.331072646,-0.235750402,0.226251608,0.047751346,-0.005857594,-0.008236695
1.17,-2.219893632,-2.032008093,0.350609419,-0.235901206,-1.988503016,-1.981083837,0.344218873,-0.244098658,0.231390616,0.050924256,-0.006390545,-0.008197452
1.21,-2.225294438,-2.034196609,0.3584064,-0.248278386,-1.986991225,-1.97921898,0.361984863,-0.255192081,0.238303213,0.054977629,0.003578464,-0.006913695
1.24,-2.229399011,-2.035868286,0.370875377,-0.257189058,-1.985848877,-1.978027017,0.375469315,-0.26352658,0.243550134,0.05784127,0.004593937,-0.006337521
1.27,-2.233553422,-2.037588961,0.384375172,-0.265479058,-1.984693542,-1.976997875,0.389054002,-0.271921443,0.24885988,0.060591086,0.00467883,-0.006442385
1.31,-2.239145462,-2.039991428,0.407134939,-0.276867733,-1.983152849,-1.975897653,0.407346131,-0.283134028,0.255992612,0.064093775,0.000211192,-0.006266295
1.34,-2.243398683,-2.041864139,0.423344981,-0.285511552,-1.982010538,-1.97523927,0.421185983,-0.291493869,0.261388145,0.066624869,-0.002158998,-0.005982317
1.37,-2.247698222,-2.04379575,0.437765333,-0.293726552,-1.980862118,-1.974683072,0.435110148,-0.299851078,0.266836104,0.069112678,-0.002655185,-0.006124526
1.41,-2.253500954,-2.046440854,0.457790597,-0.305009998,-1.979280731,-1.974102376,0.453821847,-0.311038902,0.274220223,0.072338478,-0.00396875,-0.006028904
1.44,-2.257917006,-2.048477514,0.480013328,-0.315220423,-1.978060397,-1.973760567,0.467954866,-0.319435247,0.279856609,0.074716947,-0.012058462,-0.004214824
1.47,-2.262381511,-2.050555781,0.495455938,-0.323710423,-1.976830216,-1.973469387,0.482160366,-0.327817667,0.285551295,0.077086394,-0.013295573,-0.004107244
1.51,-2.191079313,-2.054689637,0.520341961,-0.333951536,-1.975163953,-1.973157946,0.501215294,-0.338986135,0.21591536,0.081531692,-0.019126667,-0.005034599
1.54,-2.194680684,-2.056889289,0.537246382,-0.341819048,-1.973864689,-1.97297844,0.515594682,-0.347373825,0.220815996,0.083910849,-0.0216517,-0.005554776
1.57,-2.19832625,-2.059116286,0.553421363,-0.350429048,-1.972524444,-1.972831856,0.530026016,-0.355767295,0.225801805,0.08628443,-0.023395347,-0.005338247
1.61,-2.203248447,-2.062148737,0.566916954,-0.361284767,-1.970692548,-1.972673071,0.54937115,-0.366955652,0.232555899,0.089475666,-0.017545803,-0.005670886
1.64,-2.206999377,-2.064452543,0.580453262,-0.370698492,-1.969297871,-1.972570298,0.563943295,-0.375346632,0.237701506,0.091882246,-0.016509966,-0.00464814
1.67,-2.210810298,-2.066781117,0.596267686,-0.379243492,-1.967875523,-1.972483179,0.578564853,-0.383740507,0.242934776,0.094297938,-0.017702833,-0.004497015
1.71,-2.215967008,-2.069932064,0.61080383,-0.389369052,-1.965910547,-1.972403221,0.598136432,-0.394933869,0.250056461,0.097528843,-0.012667398,-0.005564817
1.74,-2.219879188,-2.072334787,0.625034972,-0.398492109,-1.964402124,-1.972361863,0.612871398,-0.403327619,0.255477065,0.099972925,-0.012163574,-0.00483551
1.77,-2.223834988,-2.074777479,0.640649164,-0.406914609,-1.962881713,-1.972324945,0.627643612,-0.411721447,0.260953275,0.102452534,-0.013005552,-0.004806838
1.81,-2.229208988,-2.078076221,0.647996525,-0.418278279,-1.960816685,-1.972280525,0.64740272,-0.422914591,0.268392303,0.105795695,-0.000593805,-0.004636312
1.84,-2.233294243,-2.080582598,0.671203917,-0.427017446,-1.959215273,-1.972252443,0.662268666,-0.431304701,0.27407897,0.108330155,-0.00893525,-0.004287255
1.87,-2.237428628,-2.08312404,0.686798302,-0.435499946,-1.957577785,-1.972222106,0.677162166,-0.439690191,0.279850843,0.110901934,-0.009636135,-0.004190246
1.91,-2.243024168,-2.086574913,0.710731486,-0.446514247,-1.955355744,-1.972157223,0.697077841,-0.45087865,0.287668424,0.11441769,-0.013653645,-0.004364403
1.94,-2.247297703,-2.089186926,0.727598146,-0.454886527,-1.953660097,-1.972085302,0.712047081,-0.459279021,0.293637606,0.117101624,-0.015551065,-0.004392494
1.97,-2.25163456,-2.091819861,0.743737706,-0.463119027,-1.951927417,-1.972001681,0.727045898,-0.467674869,0.299707142,0.119818181,-0.016691808,-0.004555841
2.01,-2.134634433,-2.119003533,0.763640582,-0.474964387,-1.949541732,-1.97186919,0.747081686,-0.478852928,0.1850927,0.147134343,-0.016558896,-0.003888542
2.04,-2.137595027,-2.121999192,0.777000938,-0.482429605,-1.947716967,-1.971741031,0.762143098,-0.487240464,0.189878061,0.15025816,-0.01485784,-0.004810859
2.07,-2.140611985,-2.125028286,0.793098735,-0.490537105,-1.94587448,-1.971586468,0.777222928,-0.495635552,0.194737506,0.153441818,-0.015875807,-0.005098448
2.11,-2.144746651,-2.129094649,0.808229391,-0.502004025,-1.943365567,-1.971342692,0.79737135,-0.506824836,0.201381083,0.157751958,-0.01085804,-0.004820811
2.14,-2.147904505,-2.132173784,0.818429095,-0.510617433,-1.941438309,-1.971141972,0.812505117,-0.515203891,0.206466197,0.161031812,-0.005923978,-0.004586458
2.17,-2.151126159,-2.135299446,0.83396185,-0.519069933,-1.939495348,-1.970926923,0.827659068,-0.523582065,0.211630811,0.164372524,-0.006302781,-0.004512132
2.21,-2.155520476,-2.139505078,0.856730289,-0.52932656,-1.936908961,-1.970612099,0.847896979,-0.534764458,0.218611515,0.168892979,-0.00883331,-0.005437898
2.24,-2.158892586,-2.142683647,0.875672965,-0.536539539,-1.934965113,-1.970368559,0.86310007,-0.543152187,0.223927473,0.172315089,-0.012572895,-0.006612648
2.27,-2.162325102,-2.145888649,0.891815095,-0.544707039,-1.933005045,-1.970129103,0.878320974,-0.551537825,0.229320058,0.175759546,-0.013494121,-0.006830786
2.31,-2.166978646,-2.150196832,0.908887332,-0.555234761,-1.930372391,-1.969807539,0.898639964,-0.562717838,0.236606255,0.180389293,-0.010247368,-0.007483077
2.34,-2.170528523,-2.15344961,0.927123546,-0.564265875,-1.92840633,-1.969545003,0.913902142,-0.571108644,0.242122193,0.183904608,-0.013221403,-0.006842769
2.37,-2.174149533,-2.156711566,0.943364806,-0.572668375,-1.92644468,-1.969264054,0.92917365,-0.579504375,0.247704853,0.187447512,-0.014191156,-0.006836
2.41,-2.179075871,-2.161087544,0.953570759,-0.583519796,-1.9238062,-1.968869063,0.949565718,-0.59069288,0.255269672,0.192218481,-0.004005041,-0.007173084
2.44,-2.182835987,-2.16439332,0.966896789,-0.591785971,-1.921805492,-1.968556237,0.964871403,-0.59907529,0.261030495,0.195837082,-0.002025386,-0.00728932
2.47,-2.186659588,-2.167709838,0.982419442,-0.600330971,-1.919804017,-1.968218963,0.980193137,-0.607461134,0.26685557,0.199490875,-0.002226305,-0.007130163
2.51,-2.197062588,-2.20484398,1.002684019,-0.612691752,-1.917145404,-1.967713102,1.000635954,-0.618658666,0.279917184,0.237130878,-0.002048065,-0.005966914
2.54,-2.201112716,-2.208589427,1.021326035,-0.621785616,-1.915139112,-1.967302726,1.015985775,-0.627054417,0.285973605,0.2412867,-0.00534026,-0.005268801
2.57,-2.205228547,-2.212348517,1.037216097,-0.630148116,-1.913114002,-1.966875365,1.031341545,-0.635437964,0.292114544,0.245473152,-0.005874552,-0.005289848
2.61,-2.210799597,-2.217404613,1.054132431,-0.641770137,-1.910399167,-1.966255473,1.051832566,-0.646611266,0.30040043,0.25114914,-0.002299865,-0.004841129
2.64,-2.21503935,-2.221227064,1.076415447,-0.650260498,-1.908368302,-1.965732586,1.067210474,-0.655007062,0.306671048,0.255494477,-0.009204973,-0.004746564
2.67,-2.219340933,-2.225073511,1.092676316,-0.658835498,-1.906331369,-1.965166806,1.082594527,-0.663407449,0.313009563,0.259906705,-0.010081789,-0.004571951
2.71,-2.225187751,-2.230234822,1.118127151,-0.670335373,-1.903572445,-1.96434233,1.103121555,-0.674583369,0.321615306,0.265892492,-0.015005596,-0.004247996
2.73,-2.229630151,-2.234140579,1.129295125,-0.678793739,-1.902174441,-1.963897398,1.113386492,-0.680161184,0.32745571,0.270243181,-0.015908633,-0.001367445
2.77,-2.234142446,-2.238070596,1.145634255,-0.687146239,-1.899363339,-1.962919716,1.133931195,-0.691335891,0.334779106,0.275150879,-0.01170306,-0.004189653
2.81,-2.240284758,-2.243341761,1.164551928,-0.698128167,-1.896535473,-1.96182158,1.154479426,-0.70254385,0.343749285,0.281520181,-0.010072501,-0.004415683
2.83,-2.244966865,-2.247314406,1.180884124,-0.70643466,-1.895105374,-1.961236266,1.164760687,-0.708142253,0.349861491,0.28607814,-0.016123437,-0.001707594
2.87,-2.249709029,-2.251309789,1.197190599,-0.71494466,-1.892205539,-1.960001297,1.18532214,-0.719312904,0.35750349,0.291308492,-0.01186846,-0.004368244
2.91,-2.256118847,-2.256671937,1.220535664,-0.726795898,-1.889280065,-1.958657643,1.205895872,-0.730492694,0.366838782,0.298014294,-0.014639792,-0.003696796
2.94,-2.260989741,-2.260701359,1.236462069,-0.734638215,-1.887080045,-1.957565719,1.221326137,-0.738900887,0.373909696,0.30313564,-0.015135932,-0.004262672
2.97,-2.265905751,-2.264737891,1.244700989,-0.743138215,-1.884865167,-1.956422886,1.236762828,-0.747307023,0.381040585,0.308315004,-0.007938161,-0.004168808
3.01,-2.191985521,-2.196599388,1.262203862,-0.754281711,-1.881869493,-1.954822008,1.257348551,-0.758483544,0.310116028,0.24177738,-0.004855311,-0.004201832
3.04,-2.196038462,-2.199759292,1.277152562,-0.762402862,-1.879604912,-1.95355181,1.272793672,-0.766864437,0.31643355,0.246207482,-0.00435889,-0.004461575
3.07,-2.200155755,-2.202933487,1.288014426,-0.770762862,-1.877338981,-1.952220186,1.28824426,-0.775260872,0.322816774,0.250713302,0.000229834,-0.00449801
3.11,-2.2057554,-2.207188503,1.304294896,-0.782289554,-1.874306671,-1.950346656,1.308853737,-0.786464839,0.331448729,0.256841847,0.004558841,-0.004175285
3.14,-2.210024964,-2.210383285,1.319039735,-0.790434426,-1.872016227,-1.948900573,1.324318461,-0.794851654,0.338008737,0.261482711,0.005278725,-0.004417228
3.17,-2.214360284,-2.213579224,1.338497653,-0.798809426,-1.86972932,-1.947437314,1.33978308,-0.803229658,0.344630964,0.266141909,0.001285427,-0.004420232
3.18,-2.220243052,-2.217846982,1.365766985,-0.810928488,-1.868976041,-1.946944181,1.344940579,-0.806022906,0.351267011,0.2709028,-0.020826406,0.004905582
3.24,-2.224741342,-2.221056839,1.382807831,-0.819754687,-1.864558316,-1.943964839,1.375884927,-0.822773956,0.360183026,0.277092,-0.006922904,-0.003019269
3.27,-2.229311953,-2.224276534,1.395404087,-0.828179687,-1.86241482,-1.942481598,1.391363675,-0.831148366,0.366897133,0.281794936,-0.004040412,-0.002968679
3.31,-2.23551364,-2.228578298,1.420685527,-0.838926348,-1.859612253,-1.940525062,1.412000792,-0.84233219,0.375901387,0.288053237,-0.008684735,-0.003405841
3.34,-2.240241742,-2.231826067,1.436906786,-0.847432944,-1.857559467,-1.939047358,1.427485742,-0.850720055,0.382682275,0.29277871,-0.009421043,-0.003287111
3.37,-2.245036757,-2.23507664,1.454083331,-0.855802944,-1.855542962,-1.937548173,1.442969042,-0.859107233,0.389493795,0.297528468,-0.011114289,-0.003304289
3.41,-2.251552217,-2.239410517,1.472722812,-0.867408498,-1.852892804,-1.935518703,1.46361855,-0.870294748,0.398659413,0.303891813,-0.009104262,-0.00288625
3.44,-2.256534738,-2.242679822,1.490095713,-0.875941447,-1.850912751,-1.933981721,1.4791053,-0.878682025,0.405621987,0.308698101,-0.010990414,-0.002740578
3.47,-2.26157431,-2.245958445,1.502278016,-0.884211447,-1.8489403,-1.932422414,1.494593058,-0.887066682,0.41263401,0.313536031,-0.007684958,-0.002855235
3.51,-2.254283294,-2.140545604,1.515065547,-0.89531879,-1.8463358,-1.930273782,1.515246157,-0.898257359,0.407947495,0.210271822,0.00018061,-0.00293857
3.54,-2.259305124,-2.142394074,1.532093476,-0.903548576,-1.844389944,-1.928612761,1.530734665,-0.906656708,0.414915179,0.213781312,-0.001358811,-0.003108132
3.57,-2.264398302,-2.144220877,1.542015233,-0.912031076,-1.842434977,-1.926927005,1.546227143,-0.915048808,0.421963325,0.217293872,0.00421191,-0.003017732
3.61,-2.27128828,-2.146661826,1.562799313,-0.922768806,-1.83980956,-1.924630056,1.566882345,-0.926229119,0.43147872,0.222031769,0.004083032,-0.003460313
3.64,-2.276530499,-2.148506873,1.579308337,-0.93135466,-1.837843298,-1.922858701,1.582375462,-0.934621565,0.438687201,0.225648172,0.003067125,-0.003266904
3.67,-2.281843516,-2.150348911,1.59040777,-0.93957466,-1.835885528,-1.921060122,1.597864017,-0.94302235,0.445957988,0.22928879,0.007456247,-0.00344769
3.71,-2.289011795,-2.152794225,1.611071214,-0.950225161,-1.833287411,-1.918652277,1.61852093,-0.954222164,0.455724384,0.234141948,0.007449716,-0.003997003
3.74,-2.29446582,-2.154639485,1.626046835,-0.958434229,-1.831353514,-1.916850055,1.634009844,-0.962623078,0.463112306,0.23778943,0.007963009,-0.004188849
3.77,-2.300004773,-2.156493171,1.638375126,-0.966771729,-1.829440282,-1.915037513,1.649503783,-0.971024602,0.470564491,0.241455658,0.011128657,-0.004252874
3.81,-2.30749933,-2.15899416,1.662434325,-0.97817636,-1.826926906,-1.912587624,1.670157533,-0.982224438,0.480572425,0.246406536,0.007723208,-0.004048078
3.84,-2.313201853,-2.160857197,1.677837902,-0.985810907,-1.825047808,-1.910738696,1.685651891,-0.990623191,0.488154045,0.250118501,0.007813989,-0.004812284
3.87,-2.318968577,-2.162732542,1.691182823,-0.994443407,-1.823160183,-1.908887236,1.701143612,-0.999016441,0.495808394,0.253845305,0.009960789,-0.004573034
3.91,-2.326752536,-2.16525807,1.708801367,-1.005633832,-1.820629185,-1.906388898,1.721800974,-1.010202835,0.506123351,0.258869172,0.012999607,-0.004569003
3.94,-2.332659995,-2.167179997,1.724664543,-1.013942962,-1.818723165,-1.904472015,1.737291851,-1.018604264,0.51393683,0.262707982,0.012627309,-0.004661302
3.97,-2.33865019,-2.169102923,1.731921638,-1.022242962,-1.816802417,-1.902529597,1.752781469,-1.027010504,0.521847773,0.266573326,0.020859831,-0.004767542
4.01,-2.190139212,-2.148566998,1.758801194,-1.033338207,-1.81419188,-1.899915798,1.77343606,-1.038200383,0.375947333,0.248651201,0.014634866,-0.004862176
4.04,-2.194198807,-2.150238296,1.774905907,-1.041934324,-1.812194903,-1.897929169,1.78892449,-1.046583672,0.382003904,0.252309127,0.014018584,-0.004649347
4.07,-2.198335598,-2.151912836,1.793229479,-1.050136824,-1.810174482,-1.895907066,1.804419064,-1.054979936,0.388161115,0.25600577,0.011189585,-0.004843112
4.08,-2.203955516,-2.154152724,1.812284959,-1.061618258,-1.809493003,-1.895220566,1.809584465,-1.057782475,0.394462513,0.258932159,-0.002700494,0.003835784
4.14,-2.208235297,-2.15584242,1.828369581,-1.070390687,-1.80535021,-1.891070168,1.840587398,-1.074588643,0.402885086,0.264772252,0.012217817,-0.004197957
4.17,-2.212563824,-2.157536312,1.835365889,-1.078970687,-1.80326214,-1.888999175,1.856089992,-1.08297617,0.409301683,0.268537137,0.020724103,-0.004005484
4.21,-2.21842902,-2.159788226,1.861767471,-1.090106414,-1.800532503,-1.88625091,1.876769241,-1.094155396,0.417896517,0.273537315,0.01500177,-0.004048982
4.24,-2.22289887,-2.16145495,1.876777328,-1.097872845,-1.798557169,-1.884202739,1.892274078,-1.10252226,0.424341701,0.277252211,0.015496749,-0.004649416
4.27,-2.227446618,-2.163116132,1.891810552,-1.106222845,-1.796632141,-1.882179723,1.907782142,-1.110887878,0.430814477,0.28093641,0.015971589,-0.004665033
4.31,-2.233611085,-2.165352948,1.915241586,-1.117663122,-1.794139543,-1.87954314,1.928458193,-1.122070396,0.439471542,0.285809808,0.013216607,-0.004407274
4.34,-2.238322206,-2.167036178,1.931115206,-1.12574141,-1.7923188,-1.877588443,1.943967772,-1.130460525,0.446003406,0.289447735,0.012852566,-0.004719116
4.37,-2.243094406,-2.168734252,1.949013886,-1.13420391,-1.790529086,-1.87563187,1.959477031,-1.138845404,0.452565319,0.293102382,0.010463144,-0.004641494
4.41,-2.249556451,-2.170988957,1.973161392,-1.144912721,-1.788174411,-1.87302541,1.980154011,-1.150028934,0.46138204,0.297963547,0.00699262,-0.005116213
4.44,-2.254495811,-2.172682846,1.990553656,-1.152853116,-1.786408425,-1.871088613,1.995662922,-1.15841841,0.468087387,0.301594234,0.005109266,-0.005565294
4.47,-2.259496179,-2.174382364,2.003334377,-1.161438116,-1.784636954,-1.869158304,2.011168554,-1.166804442,0.474859226,0.305224059,0.007834177,-0.005366326
4.51,-2.188951157,-2.198625268,2.026729629,-1.172283672,-1.782266487,-1.866562395,2.031846461,-1.177991321,0.406684669,0.332062872,0.005116832,-0.00570765
4.54,-2.193093769,-2.200644488,2.043412046,-1.180512368,-1.78047354,-1.864595336,2.047349351,-1.186389906,0.412620229,0.336049152,0.003937304,-0.005877538
4.57,-2.19729612,-2.202659204,2.060701507,-1.188927368,-1.778657626,-1.862627962,2.062855953,-1.194781066,0.418638495,0.340031241,0.002154446,-0.005853698
4.61,-2.202968543,-2.205331767,2.075295082,-1.19976715,-1.776185706,-1.860008973,2.083525316,-1.205953201,0.426782837,0.345322794,0.008230234,-0.006186051
4.64,-2.207296404,-2.207327024,2.090947844,-1.208097547,-1.774306155,-1.858025984,2.099031293,-1.214337083,0.432990249,0.34930104,0.008083449,-0.006239536
4.67,-2.211688069,-2.209307822,2.109927445,-1.216425047,-1.772418507,-1.856023398,2.114533335,-1.222732914,0.439269562,0.353284423,0.00460589,-0.006307867
4.71,-2.217646564,-2.211910708,2.132435859,-1.226902283,-1.769893457,-1.853347924,2.135205839,-1.233929353,0.447753108,0.358562784,0.00276998,-0.007027069
4.74,-2.222184474,-2.213841213,2.149090872,-1.235226731,-1.76799574,-1.851356923,2.150707358,-1.242324169,0.454188734,0.36248429,0.001616487,-0.007097438
4.77,-2.226779996,-2.215756923,2.155872727,-1.243624231,-1.766099279,-1.849366652,2.166209567,-1.250719668,0.460680717,0.366390272,0.01033684,-0.007095437
4.81,-2.233009644,-2.218278269,2.185353147,-1.255179435,-1.763575173,-1.846685452,2.18687929,-1.261918379,0.469434471,0.371592816,0.001526142,-0.006738944
4.84,-2.237747084,-2.220149004,2.202596555,-1.264200036,-1.761673324,-1.844661095,2.202379999,-1.270319279,0.47607376,0.375487909,-0.000216556,-0.006119243
4.87,-2.24253582,-2.22200849,2.213369787,-1.272702536,-1.759754005,-1.842640943,2.217882322,-1.278713933,0.482781815,0.379367547,0.004512535,-0.006011397
4.91,-2.249030406,-2.224492364,2.241617389,-1.284089611,-1.757154906,-1.839945172,2.23854605,-1.289894,0.4918755,0.384547192,-0.00307134,-0.005804388
4.93,-2.253978912,-2.226357334,2.254543567,-1.292772984,-1.755839209,-1.838582352,2.248880884,-1.295488031,0.498139703,0.387774982,-0.005662683,-0.002715047
4.97,-2.258991587,-2.228200726,2.271287885,-1.301075484,-1.753170539,-1.835819143,2.269542077,-1.30669358,0.505821048,0.392381583,-0.001745808,-0.005618096
5.01,-2.130642591,-2.14209681,2.285052621,-1.31081744,-1.750434801,-1.833037578,2.290207286,-1.317890234,0.38020779,0.309059232,0.005154665,-0.007072794
5.03,-2.133981476,-2.142678399,2.312211234,-1.318295012,-1.749037522,-1.831645455,2.300535875,-1.323477194,0.384943954,0.311032944,-0.011675359,-0.005182181
5.07,-2.137365696,-2.143245444,2.329348753,-1.326800012,-1.746185415,-1.828833536,2.321198075,-1.33466602,0.391180282,0.314411908,-0.008150678,-0.007866007
5.11,-2.141953746,-2.1439686,2.34847988,-1.338390257,-1.74326238,-1.825966028,2.341861208,-1.34589053,0.398691366,0.318002571,-0.006618672,-0.007500273
5.13,-2.145450842,-2.144489894,2.358202961,-1.347452124,-1.741780113,-1.824525655,2.352196486,-1.351501315,0.403670728,0.31996424,-0.006006475,-0.004049191
5.17,-2.148974612,-2.1450057,2.374725293,-1.355847124,-1.738805088,-1.821671336,2.372875707,-1.362706944,0.410169523,0.323334364,-0.001849586,-0.00685982
5.21,-2.15374219,-2.145699969,2.387749189,-1.367664907,-1.735879016,-1.818847208,2.393568395,-1.373913332,0.417863174,0.326852761,0.005819206,-0.006248425
5.24,-2.157377563,-2.146193585,2.402431442,-1.375675313,-1.733756738,-1.816728242,2.409094791,-1.382299409,0.423620826,0.329465343,0.006663349,-0.006624096
5.27,-2.161062005,-2.146667388,2.417359106,-1.384005313,-1.731693365,-1.814615874,2.424621686,-1.390670185,0.42936864,0.332051514,0.00726258,-0.006664871
5.31,-2.166070058,-2.147277023,2.432443713,-1.394897469,-1.729039178,-1.8118473,2.445335267,-1.401852447,0.437030879,0.335429723,0.012891554,-0.006954979
5.33,-2.169898549,-2.147727119,2.449762853,-1.403179868,-1.727746246,-1.810483107,2.455690341,-1.407454382,0.442152304,0.337244012,0.005927488,-0.004274514
5.37,-2.173785405,-2.148176776,2.465531123,-1.411727368,-1.725219992,-1.80776004,2.476412713,-1.418647261,0.448565413,0.340416736,0.010881589,-0.006919893
5.41,-2.17904222,-2.148729717,2.487656181,-1.423320892,-1.722756251,-1.805029155,2.497132272,-1.429827708,0.456285968,0.343700562,0.009476091,-0.006506816
5.44,-2.183047908,-2.149110051,2.504449493,-1.431798152,-1.720934145,-1.803002424,2.51267982,-1.438219877,0.462113763,0.346107626,0.008230327,-0.006421725
5.47,-2.187106671,-2.149475931,2.519758234,-1.440340652,-1.719122619,-1.800999151,2.52822464,-1.446614259,0.467984052,0.34847678,0.008466406,-0.006273607
5.51,-2.095494503,-2.119409898,2.545915464,-1.451517742,-1.716719421,-1.798337151,2.548959426,-1.457803623,0.378775082,0.321072747,0.003043962,-0.006285881
5.54,-2.098394099,-2.119361506,2.56250456,-1.460160577,-1.7149193,-1.7963272,2.564509105,-1.466197718,0.383474799,0.323034307,0.002004545,-0.006037141
5.57,-2.101339585,-2.119283066,2.57385926,-1.468628077,-1.713113786,-1.794320916,2.580061327,-1.474587381,0.388225799,0.324962149,0.006202068,-0.005959303
5.61,-2.105331182,-2.119137859,2.595613003,-1.479634323,-1.710689145,-1.791683332,2.600796851,-1.485763198,0.394642037,0.327454527,0.005183848,-0.006128875
5.63,-2.10736364,-2.119047838,2.60675379,-1.486162348,-1.709473938,-1.790376533,2.611162601,-1.491350011,0.397889702,0.328671305,0.004408811,-0.005187663
5.67,-2.111507351,-2.118832424,2.628607196,-1.497392348,-1.707061511,-1.787761273,2.631899841,-1.50252466,0.40444584,0.33107115,0.003292645,-0.005132312
5.71,-2.115709391,-2.118564499,2.64225999,-1.508407376,-1.704706653,-1.785155254,2.652636171,-1.513695745,0.411002738,0.333409244,0.010376181,-0.005288369
5.74,-2.118909887,-2.118335826,2.65878102,-1.517438439,-1.7029968,-1.783236283,2.668190418,-1.522086053,0.415913088,0.335099543,0.009409397,-0.004647614
5.77,-2.12215539,-2.118104322,2.67852475,-1.525795939,-1.70133143,-1.781342468,2.683739473,-1.530488846,0.42082396,0.336761854,0.005214723,-0.004692907
5.81,-2.126574581,-2.117778663,2.703120656,-1.536744145,-1.699189046,-1.778829033,2.704475676,-1.541683234,0.427385535,0.33894963,0.00135502,-0.004939089
5.83,-2.129956167,-2.117486187,2.720006943,-1.545833663,-1.698145431,-1.777572128,2.714839183,-1.54727276,0.431810736,0.339914059,-0.00516776,-0.001439097
5.87,-2.133389496,-2.117157837,2.73663983,-1.554291163,-1.696100696,-1.775084331,2.735570739,-1.558457349,0.4372888,0.342073507,-0.001069091,-0.004166186
5.91,-2.138048131,-2.116691292,2.755549737,-1.565183401,-1.694096782,-1.772649822,2.756295798,-1.569651589,0.443951349,0.344041469,0.000746061,-0.004468188
5.94,-2.141597025,-2.116318401,2.772816216,-1.573032903,-1.692611353,-1.770837324,2.771842087,-1.578044293,0.448985672,0.345481077,-0.00097413,-0.005011391
5.97,-2.145215383,-2.115917673,2.785386816,-1.581365403,-1.691132865,-1.769022537,2.787384176,-1.586436671,0.454082518,0.346895135,0.00199736,-0.005071269
6.01,-2.041484224,-2.059516766,2.802449738,-1.592471126,-1.689164923,-1.766622202,2.808105981,-1.597629444,0.352319301,0.292894564,0.005656243,-0.005158318
6.04,-2.04377015,-2.058289245,2.817823317,-1.600436942,-1.687684315,-1.764857852,2.823644238,-1.606021867,0.356085835,0.293431393,0.005820921,-0.005584925
6.07,-2.046104484,-2.057041079,2.833174572,-1.608779442,-1.686195503,-1.763110547,2.839181657,-1.614418545,0.359908981,0.293930532,0.006007085,-0.005639103
6.11,-2.049293419,-2.055345825,2.859486709,-1.620371192,-1.684191325,-1.760783184,2.859902494,-1.62562592,0.365102093,0.294562641,0.000415785,-0.005254727
6.14,-2.051729474,-2.054043147,2.876368541,-1.629755511,-1.682685674,-1.759052884,2.875443243,-1.634032079,0.3690438,0.294990263,-0.000925298,-0.004276568
6.17,-2.054194316,-2.052714265,2.893831109,-1.638300511,-1.681195001,-1.757355686,2.890990713,-1.642438577,0.372999314,0.295358579,-0.002840396,-0.004138066
6.21,-2.057533678,-2.050903766,2.913905265,-1.650230851,-1.679268033,-1.755150265,2.911722452,-1.653655745,0.378265645,0.295753501,-0.002182813,-0.003424893
6.24,-2.060072035,-2.049520208,2.930832249,-1.659181417,-1.677886231,-1.753506904,2.927281211,-1.662056485,0.382185804,0.296013304,-0.003551038,-0.002875068
6.27,-2.06265729,-2.048087606,2.940481205,-1.667243917,-1.67655529,-1.751866497,2.942837336,-1.670437675,0.386101999,0.296221108,0.002356131,-0.003193757
6.31,-2.066172174,-2.046098975,2.965754165,-1.678507757,-1.67487523,-1.749723217,2.963590324,-1.681618999,0.391296944,0.296375759,-0.002163841,-0.003111242
6.33,-2.068859014,-2.044566431,2.987811873,-1.687632332,-1.674071452,-1.748679185,2.97396492,-1.687222065,0.394787562,0.295887246,-0.013846953,0.000410268
6.37,-2.071588059,-2.043000795,3.00488739,-1.696007332,-1.672524185,-1.746621596,2.994721544,-1.698425632,0.399063873,0.296379199,-0.010165846,-0.0024183
6.41,-2.075292014,-2.040840004,3.025194123,-1.707336387,-1.671040541,-1.744575031,3.015480018,-1.709609078,0.404251474,0.296264973,-0.009714105,-0.002272691
6.44,-2.078135269,-2.039162343,3.042256557,-1.716619795,-1.669964687,-1.743070109,3.031053744,-1.71799877,0.408170583,0.296092235,-0.011202813,-0.001378975
6.47,-2.081014106,-2.03745251,3.059626491,-1.725009795,-1.668912741,-1.741605374,3.046628727,-1.72639467,0.412101365,0.295847136,-0.012997764,-0.001384876
6.51,-1.992686751,-1.91236745,3.078193485,-1.735916364,-1.667541932,-1.739708198,3.067396989,-1.737588894,0.325144819,0.172659252,-0.010796496,-0.001672529
6.54,-1.994437402,-1.908941033,3.095130377,-1.744265724,-1.666525382,-1.738299526,3.082976958,-1.745981055,0.327912021,0.170641507,-0.012153419,-0.001715332
6.57,-1.996220145,-1.905474569,3.112387981,-1.752518224,-1.665513257,-1.736907246,3.098553301,-1.754370054,0.330706888,0.168567323,-0.01383468,-0.00185183
6.61,-1.998654018,-1.900785331,3.135687336,-1.76306852,-1.664173927,-1.735123919,3.119324805,-1.765551904,0.334480091,0.165661412,-0.016362532,-0.002483384
6.64,-2.000510744,-1.897227733,3.153185533,-1.770614847,-1.663182589,-1.733850518,3.134895281,-1.773935408,0.337328155,0.163377215,-0.018290252,-0.003320561
6.67,-2.002394567,-1.893625909,3.158028725,-1.778622347,-1.662205421,-1.73260882,3.150467455,-1.782316355,0.340189146,0.161017089,-0.007561271,-0.003694007
6.71,-2.004953742,-1.888742305,3.181278379,-1.790288323,-1.660943298,-1.73100231,3.171218718,-1.793486837,0.344010444,0.157739994,-0.010059661,-0.003198514
6.73,-2.006919258,-1.885017664,3.195496797,-1.798875244,-1.660336299,-1.730229938,3.181594061,-1.799072601,0.346582959,0.154787726,-0.013902736,-0.000197357
6.77,-2.008922246,-1.881247458,3.211920492,-1.807147744,-1.65917863,-1.728766691,3.202335879,-1.810256863,0.349743616,0.152480767,-0.009584613,-0.003109119
6.81,-2.011657648,-1.876161058,3.235032509,-1.817583279,-1.658088129,-1.727392362,3.223071776,-1.821446107,0.353569519,0.148768696,-0.011960733,-0.003862827
6.83,-2.013756388,-1.872301518,3.249850953,-1.825598356,-1.657562834,-1.726729642,3.233436468,-1.827037397,0.356193553,0.145571876,-0.016414485,-0.001439041
6.87,-2.015895862,-1.868392956,3.266413197,-1.833883356,-1.656548363,-1.725470135,3.254158873,-1.838220776,0.359347499,0.142922822,-0.012254324,-0.004337419
6.91,-2.018820529,-1.863105544,3.290796544,-1.845221797,-1.65558083,-1.72433583,3.274876438,-1.849408805,0.363239699,0.138769714,-0.015920106,-0.004187008
6.93,-2.021063849,-1.859094958,3.307949547,-1.853586711,-1.655110642,-1.723815643,3.285230628,-1.855002099,0.365953207,0.135279316,-0.02271892,-0.001415388
6.97,-2.023359149,-1.855054513,3.324892342,-1.861934211,-1.654183538,-1.722847622,3.305940194,-1.866190093,0.36917561,0.132206891,-0.018952149,-0.004255883
7.01,-1.98447354,-1.898667715,3.343182863,-1.872782618,-1.65326643,-1.721983729,3.326639383,-1.87738528,0.33120711,0.176683986,-0.01654348,-0.004602662
7.03,-1.986295882,-1.895266554,3.35743039,-1.881021537,-1.652812408,-1.721605495,3.336990349,-1.882981745,0.333483475,0.173661059,-0.02044004,-0.001960207
7.07,-1.988139013,-1.891817817,3.374038759,-1.889494037,-1.651909677,-1.72096723,3.357681094,-1.894169709,0.336229336,0.170850587,-0.016357665,-0.004675671
7.11,-1.990655682,-1.887153362,3.394428085,-1.901033787,-1.650998692,-1.720459775,3.378371667,-1.905364429,0.339656991,0.166693587,-0.016056418,-0.004330642
7.14,-1.992587389,-1.883606973,3.410842791,-1.907839842,-1.650309747,-1.72016062,3.393882122,-1.913770316,0.342277643,0.163446354,-0.016960669,-0.005930474
7.17,-1.994546672,-1.880005407,3.420796875,-1.916212342,-1.649627851,-1.71993378,3.409393805,-1.922175853,0.344918821,0.160071627,-0.011403071,-0.005963511
7.21,-1.997208933,-1.875136842,3.430983027,-1.927418616,-1.648751901,-1.719776774,3.430067726,-1.933374591,0.348457031,0.155360068,-0.000915301,-0.005955975
7.24,-1.999242392,-1.871442814,3.44621894,-1.935833378,-1.648123048,-1.719749117,3.445572386,-1.941773537,0.351119344,0.151693696,-0.000646554,-0.005940159
7.27,-2.001300578,-1.867709908,3.458847547,-1.944098378,-1.647513033,-1.719774901,3.461073737,-1.950173063,0.353787545,0.147935007,0.00222619,-0.006074685
7.31,-2.004083721,-1.862648831,3.474650518,-1.954573107,-1.646740803,-1.719925242,3.481738228,-1.961370678,0.357342918,0.142723588,0.00708771,-0.006797571
7.33,-2.006205261,-1.858795861,3.493145759,-1.964474614,-1.646374804,-1.720059915,3.492070221,-1.966967839,0.359830457,0.138735946,-0.001075538,-0.002493225
7.37,-2.008375448,-1.854911426,3.508595421,-1.973122114,-1.645677004,-1.720445891,3.512725787,-1.978157849,0.362698444,0.134465535,0.004130366,-0.005035735
7.41,-2.011315798,-1.849664976,3.526601503,-1.984919452,-1.645005423,-1.720959855,3.533382111,-1.989352653,0.366310375,0.128705121,0.006780607,-0.004433201
7.44,-2.013551104,-1.845663491,3.542145949,-1.993024104,-1.644515327,-1.72143782,3.548868816,-1.997754273,0.369035778,0.124225671,0.006722867,-0.004730169
7.47,-2.015815788,-1.841610181,3.55522171,-2.001276604,-1.64403889,-1.722000203,3.564357327,-2.006151979,0.371776897,0.119609979,0.009135616,-0.004875374
7.51,-1.934510616,-1.758353754,3.574079941,-2.012505249,-1.643425021,-1.722911625,3.584998098,-2.017335,0.291085595,0.03544213,0.010918157,-0.004829751
7.54,-1.935721983,-1.753145285,3.588727403,-2.021042433,-1.642966052,-1.723698268,3.600479955,-2.025727374,0.292755931,0.029447017,0.011752552,-0.004684942
7.57,-1.936960341,-1.747878318,3.605549344,-2.029657433,-1.642502271,-1.724556046,3.615954762,-2.034128839,0.294458071,0.023322272,0.010405418,-0.004471406
7.61,-1.938658721,-1.740764515,3.629027436,-2.041482054,-1.641884057,-1.725859497,3.636585181,-2.045330205,0.296774664,0.014905019,0.007557745,-0.003848151
7.64,-1.939959171,-1.735363429,3.645594512,-2.049591423,-1.641431285,-1.726977027,3.652052064,-2.053714306,0.298527886,0.008386402,0.006457551,-0.004122883
7.67,-1.941297412,-1.729897769,3.664527376,-2.058006423,-1.640986612,-1.728189641,3.667516382,-2.062093993,0.3003108,0.001708128,0.002989006,-0.00408757
7.71,-1.943108684,-1.722526719,3.68585115,-2.068968532,-1.640406255,-1.729959777,3.688131203,-2.073283254,0.302702429,-0.007433058,0.002280052,-0.004314722
7.73,-1.944485554,-1.716933499,3.699687247,-2.078328438,-1.640125454,-1.73091045,3.698434521,-2.078882342,0.3043601,-0.013976951,-0.001252726,-0.000553904
7.78,-1.946364611,-1.709370507,3.721200888,-2.089875779,-1.639475268,-1.733521769,3.724190156,-2.092864588,0.306889344,-0.024151262,0.002989268,-0.002988809
7.81,-1.947805354,-1.703635106,3.732743391,-2.098393279,-1.63911624,-1.735235089,3.739636619,-2.101246795,0.308689114,-0.031599983,0.006893229,-0.002853516
7.84,-1.949265287,-1.697848054,3.749075613,-2.107270565,-1.638773333,-1.737066397,3.755082172,-2.109640139,0.310491954,-0.039218343,0.006006558,-0.002369574
7.87,-1.950752039,-1.692003848,3.767273969,-2.115655565,-1.638441048,-1.738994798,3.770520989,-2.11804496,0.312310991,-0.04699095,0.003247021,-0.002389395
7.91,-1.952763014,-1.68411338,3.790799771,-2.126847414,-1.638027478,-1.74177508,3.79110499,-2.12924358,0.314735536,-0.0576617,0.000305219,-0.002396167
7.94,-1.954291205,-1.678120438,3.80666178,-2.135375183,-1.637739454,-1.744030288,3.806533663,-2.137624516,0.316551751,-0.06590985,-0.000128117,-0.002249333
7.97,-1.955845688,-1.672066533,3.822999007,-2.143697683,-1.637457765,-1.746402166,3.821961868,-2.1460083,0.318387923,-0.074335633,-0.001037138,-0.002310617
8.01,-1.877280804,-1.801354867,3.846309637,-2.156026052,-1.637080517,-1.74977354,3.842522717,-2.157219058,0.240200287,0.051581326,-0.00378692,-0.001193006
8.04,-1.877796622,-1.797056533,3.862085467,-2.164418209,-1.636800864,-1.752480023,3.857940397,-2.165627156,0.240995758,0.04457651,-0.00414507,-0.001208947
8.07,-1.878319556,-1.792683198,3.878631784,-2.172678209,-1.636527022,-1.755330191,3.873356444,-2.174016958,0.241792534,0.037353007,-0.005275341,-0.00133875
8.11,-1.87902583,-1.786734962,3.901317033,-2.184079941,-1.636164258,-1.759384946,3.893910801,-2.185193839,0.242861572,0.027350016,-0.007406233,-0.001113899
8.14,-1.879558499,-1.782187925,3.916962644,-2.192836714,-1.635898486,-1.762594059,3.909322558,-2.1935994,0.243660013,0.019593867,-0.007640086,-0.000762686
8.17,-1.880083386,-1.777575763,3.933651708,-2.201271714,-1.635659342,-1.765918447,3.924729218,-2.202012991,0.244424044,0.011657316,-0.008922489,-0.000741276
8.21,-1.880795753,-1.771346974,3.952257252,-2.212927553,-1.63544719,-1.770557917,3.945267448,-2.213217092,0.245348564,0.000789057,-0.006989804,-0.000289538
8.24,-1.881341918,-1.76659572,3.969904038,-2.221861149,-1.635399661,-1.774170698,3.960662498,-2.221619617,0.245942257,-0.007574979,-0.009241539,0.000241532
8.27,-1.881903511,-1.761766805,3.986623704,-2.230481149,-1.63544041,-1.777858926,3.976057313,-2.230020924,0.246463101,-0.016092121,-0.010566391,0.000460225
8.31,-1.882682989,-1.755206067,4.010636019,-2.241742975,-1.635672669,-1.782900775,3.996572197,-2.241206714,0.24701032,-0.027694709,-0.014063822,0.000536261
8.34,-1.883288331,-1.750201756,4.033215168,-2.251404543,-1.636001654,-1.786786995,4.011957371,-2.249598467,0.247286677,-0.036585239,-0.021257797,0.001806075
8.37,-1.883905181,-1.745137679,4.050458421,-2.260017043,-1.636448992,-1.790753309,4.027335526,-2.257998843,0.247456189,-0.045615631,-0.023122895,0.002018199
8.41,-1.884753072,-1.738281,4.07200834,-2.270377589,-1.6372481,-1.796172254,4.047836932,-2.269197542,0.247504973,-0.057891253,-0.024171408,0.001180048
8.44,-1.885416547,-1.73306318,4.083857991,-2.278993143,-1.637988986,-1.800327629,4.063206118,-2.277586799,0.247427561,-0.067264448,-0.020651873,0.001406344
8.47,-1.886091329,-1.727777477,4.100925082,-2.287373143,-1.638836988,-1.804559945,4.078573877,-2.285977395,0.247254341,-0.076782468,-0.022351205,0.001395748
8.51,-1.893677403,-1.761840258,4.12047664,-2.298458822,-1.640171348,-1.810365395,4.099057251,-2.297174288,0.253506055,-0.048525137,-0.021419389,0.001284533
8.54,-1.894493157,-1.756927404,4.139337481,-2.306688909,-1.641311401,-1.814838698,4.114414787,-2.305571583,0.253181756,-0.057911294,-0.024922694,0.001117326
8.57,-1.895318132,-1.751941901,4.156519577,-2.314853909,-1.642539578,-1.819393079,4.12976994,-2.313966953,0.252778554,-0.067451178,-0.026749638,0.000886955
8.61,-1.896417174,-1.745170428,4.180008566,-2.32597381,-1.644336109,-1.825627477,4.150235075,-2.325161988,0.252081064,-0.080457049,-0.029773491,0.000811822
8.64,-1.897236361,-1.740014407,4.191463519,-2.333545864,-1.64581081,-1.830443487,4.165580587,-2.333556435,0.251425551,-0.09042908,-0.025882932,-1.0572e-05
8.67,-1.898053651,-1.734804919,4.208607743,-2.342053364,-1.647374844,-1.835361729,4.180918591,-2.341946379,0.250678807,-0.100556809,-0.027689152,0.000106984
8.71,-1.899149752,-1.727754193,4.233601833,-2.35331028,-1.649602918,-1.842089211,4.201366665,-2.353135667,0.249546835,-0.114335018,-0.032235168,0.000174612
8.74,-1.899964703,-1.722374315,4.250209983,-2.360999524,-1.651375627,-1.847261028,4.216694683,-2.361533833,0.248589076,-0.124886714,-0.0335153,-0.000534308
8.77,-1.900790862,-1.716912576,4.267565418,-2.369159524,-1.653229389,-1.852535453,4.232022905,-2.369930722,0.247561473,-0.135622877,-0.035542513,-0.000771198
8.81,-1.901888751,-1.709491459,4.290078156,-2.380300864,-1.655850774,-1.85976555,4.252449217,-2.381114831,0.246037977,-0.150274091,-0.037628939,-0.000813967
8.84,-1.902710795,-1.703835464,4.297581552,-2.388278433,-1.657910356,-1.865327238,4.267766951,-2.389505197,0.24480044,-0.161491774,-0.029814601,-0.001226764
8.87,-1.90353279,-1.69812005,4.314725629,-2.396810933,-1.660027563,-1.870986763,4.283079235,-2.397906657,0.243505227,-0.172866713,-0.031646394,-0.001095723
8.91,-1.904633764,-1.690394737,4.337016965,-2.407225849,-1.662962136,-1.87873033,4.303491563,-2.409111915,0.241671628,-0.188335593,-0.033525402,-0.001886066
8.94,-1.905458456,-1.684527914,4.341317792,-2.415088977,-1.665251524,-1.884701519,4.31879415,-2.417498084,0.240206932,-0.200173604,-0.022523642,-0.002409107
8.97,-1.906288258,-1.678590707,4.358194021,-2.423481477,-1.6675954,-1.89078967,4.334092289,-2.425877652,0.238692858,-0.212198963,-0.024101732,-0.002396175
9.01,-1.892400857,-1.782662762,4.372304693,-2.435676892,-1.670795298,-1.899111604,4.354484855,-2.437075366,0.221605559,-0.116448841,-0.017819838,-0.001398473
9.04,-1.89300443,-1.778050707,4.37448474,-2.44413368,-1.673249369,-1.905515099,4.369773252,-2.445484659,0.219755061,-0.127464391,-0.004711488,-0.001350978
9.07,-1.89360011,-1.77336023,4.390749979,-2.45266618,-1.675749171,-1.9120483,4.38506176,-2.453875939,0.217850939,-0.138688071,-0.005688219,-0.001209758
9.11,-1.894390652,-1.766995545,4.412334815,-2.463321439,-1.679159771,-1.920996233,4.405439368,-2.465036535,0.21523088,-0.154000689,-0.006895447,-0.001715096
9.14,-1.894988413,-1.762140075,4.414177079,-2.471694842,-1.681763383,-1.927862413,4.420722281,-2.473423174,0.21322503,-0.165722338,0.006545201,-0.001728332
9.17,-1.895585766,-1.757209944,4.43015697,-2.480102342,-1.684405232,-1.934827526,4.435999806,-2.481828104,0.211180534,-0.177617582,0.005842836,-0.001725762
9.21,-1.896358187,-1.750515557,4.450175304,-2.492017099,-1.688035141,-1.944283335,4.45637145,-2.49302811,0.208323047,-0.193767778,0.006196145,-0.001011011
9.24,-1.896920042,-1.745408384,4.468039648,-2.500084861,-1.690858797,-1.951483646,4.47164409,-2.501419268,0.206061244,-0.206075262,0.003604442,-0.001334407
9.27,-1.897469376,-1.740231578,4.484230898,-2.508719861,-1.693753043,-1.958742759,4.486918372,-2.50981382,0.203716333,-0.218511181,0.002687475,-0.001093959
9.31,-1.898186983,-1.733189905,4.50579627,-2.519283854,-1.697735543,-1.968502196,4.507281129,-2.521010826,0.20045144,-0.235312291,0.001484859,-0.001726973
9.34,-1.898706638,-1.72779592,4.521916783,-2.527925887,-1.700829173,-1.975880864,4.522555456,-2.529406158,0.197877465,-0.248084944,0.000638672,-0.001480271
9.37,-1.8991917,-1.722324829,4.538280017,-2.536158387,-1.704009264,-1.983305253,4.537827962,-2.537800357,0.195182436,-0.260980424,-0.000452054,-0.001641969
9.41,-1.899823992,-1.714899372,4.554046447,-2.548187126,-1.708393153,-1.993276431,4.558178153,-2.548992484,0.191430838,-0.278377058,0.004131705,-0.000805357
9.44,-1.900273885,-1.7092436,4.56632862,-2.55689361,-1.711767951,-2.000796549,4.573415246,-2.55738742,0.188505934,-0.291552949,0.007086627,-0.00049381
9.47,-1.900701545,-1.703519623,4.582509473,-2.56547111,-1.715204847,-2.008349225,4.588613979,-2.565784336,0.185496698,-0.304829602,0.006104505,-0.000313226
9.51,-1.937236951,-1.846678534,4.598781423,-2.577462083,-1.719915245,-2.018495698,4.60876742,-2.576977553,0.217321706,-0.171817164,0.009985997,0.000484529
9.54,-1.938121481,-1.842804315,4.614680934,-2.586057369,-1.723537179,-2.026166323,4.623754992,-2.585367695,0.214584302,-0.183362009,0.009074058,0.000689674
9.57,-1.938990987,-1.838835049,4.6305679,-2.594689869,-1.72720651,-2.033876414,4.638639742,-2.593763745,0.211784477,-0.195041365,0.008071843,0.000926124
9.61,-1.940113438,-1.833420409,4.656437884,-2.606387453,-1.732170149,-2.044226338,4.65826917,-2.60496619,0.207943289,-0.210805929,0.001831286,0.001421263
9.64,-1.94092211,-1.82925896,4.67204003,-2.614352562,-1.735960567,-2.05203979,4.672817684,-2.613367955,0.204961542,-0.22278083,0.000777654,0.000984606
9.67,-1.941707292,-1.825000438,4.687784995,-2.622837562,-1.739810247,-2.059879172,4.687221684,-2.621767103,0.201897045,-0.234878733,-0.000563311,0.001070459
9.71,-1.942708131,-1.819202311,4.716411407,-2.632977596,-1.745045197,-2.070333905,4.706118299,-2.632968375,0.197662934,-0.251131594,-0.010293108,9.22e-06
9.74,-1.943432544,-1.814767977,4.719745826,-2.642356367,-1.749042716,-2.07813966,4.720037102,-2.64136235,0.194389829,-0.263371682,0.000291277,0.000994017
9.77,-1.944125894,-1.810242544,4.734859697,-2.650613867,-1.753101796,-2.085907865,4.733760645,-2.649752571,0.191024099,-0.27566532,-0.001099052,0.000861297
9.81,-1.944998894,-1.804079586,4.745547787,-2.661637334,-1.758647809,-2.096187519,4.75165349,-2.660962127,0.186351085,-0.292107933,0.006105703,0.000675207
9.84,-1.945632935,-1.799357721,4.765906374,-2.670343874,-1.762900122,-2.103825532,4.764762259,-2.669381931,0.182732813,-0.304467811,-0.001144115,0.000961943
9.87,-1.946248915,-1.794556995,4.780254009,-2.678918874,-1.767204458,-2.111401859,4.777651601,-2.677789288,0.179044457,-0.316844864,-0.002602407,0.001129586
9.91,-1.947002719,-1.788031331,4.798960657,-2.69075812,-1.773030558,-2.121390038,4.794408728,-2.688977371,0.173972161,-0.333358707,-0.004551929,0.001780749
9.94,-1.947532642,-1.783032303,4.816987072,-2.699642442,-1.777473393,-2.128806797,4.806635775,-2.697380066,0.17005925,-0.345774494,-0.010351296,0.002262376
9.97,-1.94804402,-1.777938909,4.830701918,-2.708149942,-1.781965917,-2.136173963,4.818596984,-2.705793401,0.166078104,-0.358235054,-0.012104934,0.002356541
10.01,-2.018482786,-1.982429058,4.847121769,-2.719527348,-1.788013613,-2.14590392,4.83406049,-2.717002676,0.230469173,-0.163474862,-0.013061279,0.002524672
10.04,-2.019906155,-1.979988608,4.866531342,-2.728153969,-1.79257261,-2.153135679,4.845286198,-2.725394302,0.227333545,-0.173147071,-0.021245144,0.002759667
10.07,-2.021295905,-1.977447016,4.879551474,-2.736566469,-1.797150781,-2.160329508,4.856220307,-2.733766179,0.224145124,-0.182882492,-0.023331167,0.00280029
10.11,-2.023124379,-1.973937507,4.896491523,-2.74887634,-1.803281497,-2.169845255,4.870072835,-2.744947487,0.219842882,-0.195907748,-0.026418688,0.003928853
10.14,-2.024483342,-1.971242654,4.9121355,-2.756520064,-1.807848499,-2.176849732,4.879865288,-2.753375516,0.216634843,-0.205607078,-0.032270213,0.003144548
10.17,-2.025825995,-1.968491017,4.92391835,-2.764752564,-1.812362904,-2.183679394,4.889237844,-2.761763029,0.21346309,-0.215188377,-0.034680506,0.002989536
10.21,-2.027544824,-1.964732614,4.942530069,-2.774986373,-1.818310156,-2.192333216,4.901013199,-2.772870683,0.209234668,-0.227600602,-0.041516869,0.00211569
10.24,-2.028788929,-1.961838926,4.968616364,-2.782754882,-1.822748141,-2.198401327,4.909317044,-2.781409716,0.206040788,-0.236562401,-0.059299321,0.001345166
10.27,-2.03000142,-1.958878097,4.979722463,-2.791049882,-1.827146758,-2.204118187,4.917239758,-2.790077218,0.202854662,-0.24524009,-0.062482705,0.000972664
10.31,-2.031584818,-1.954831179,4.991626147,-2.801974345,-1.83283919,-2.211035474,4.927159494,-2.801356948,0.198745627,-0.256204295,-0.064466653,0.000617397
10.34,-2.032744432,-1.951721557,5.000229588,-2.810925106,-1.836937725,-2.215683379,4.934107898,-2.809596068,0.195806706,-0.263961821,-0.06612169,0.001329038
10.37,-2.0338794,-1.94853384,5.010139553,-2.819100106,-1.840914832,-2.219947645,4.940723181,-2.817946527,0.192964568,-0.271413805,-0.069416371,0.001153579
10.41,-2.035358819,-1.944164445,5.029895082,-2.830826065,-1.845953855,-2.224934988,4.948959396,-2.829374234,0.189404964,-0.280770543,-0.080935686,0.001451831
10.44,-2.036449857,-1.940805609,5.045492311,-2.839328537,-1.849446213,-2.228136345,4.954739298,-2.837804325,0.187003645,-0.287330736,-0.090753013,0.001524212
10.47,-2.037522195,-1.937378605,5.054868947,-2.847743537,-1.852689933,-2.230942166,4.960224331,-2.846035674,0.184832262,-0.293563561,-0.094644616,0.001707863
10.51,-2.038444608,-2.090282475,5.047389552,-2.859167461,-1.856563667,-2.233974212,4.967035853,-2.857046852,0.181880941,-0.143691738,-0.0803537,0.002120608
10.54,-2.039431576,-2.088822959,5.048960031,-2.867259294,-1.859123232,-2.23572814,4.97176078,-2.865551888,0.180308344,-0.146905181,-0.077199251,0.001707407
10.57,-2.040405287,-2.087313947,5.056757222,-2.875604294,-1.861384309,-2.237098283,4.976227256,-2.874073551,0.179020978,-0.149784336,-0.080529966,0.001530743
10.61,-2.041679638,-2.085242756,5.054602739,-2.885940807,-1.863764773,-2.238206132,4.98176502,-2.885110742,0.177914865,-0.152963376,-0.072837718,0.000830065
10.64,-2.042594498,-2.083633723,5.05467723,-2.895251099,-1.865076924,-2.238489672,4.985635329,-2.893346228,0.177517574,-0.154855949,-0.069041902,0.001904872
10.67,-2.043468604,-2.081995298,5.061346619,-2.903536099,-1.866064211,-2.238364427,4.989313467,-2.901799494,0.177404393,-0.156369129,-0.072033153,0.001736605
10.71,-2.044604736,-2.079761835,5.067464605,-2.915190168,-1.866739332,-2.237405507,4.993863881,-2.91331975,0.177865404,-0.157643671,-0.073600723,0.001870418
10.74,-2.045438848,-2.078033706,5.071573421,-2.923464595,-1.866687222,-2.236062183,4.99702401,-2.921689409,0.178751626,-0.158028476,-0.074549411,0.001775187
10.77,-2.046240602,-2.076248678,5.077660094,-2.931697095,-1.866214329,-2.234268531,4.999988777,-2.929871602,0.180026273,-0.158019853,-0.077671317,0.001825493
10.81,-2.047262903,-2.073794122,5.080680021,-2.942290965,-1.86484477,-2.231088114,5.003616219,-2.941018067,0.182418133,-0.157293992,-0.077063801,0.001272898
10.84,-2.048015169,-2.071911223,5.082026378,-2.950387722,-1.863244874,-2.228141307,5.006081143,-2.949618129,0.184770296,-0.156230083,-0.075945234,0.000769592
10.87,-2.04877769,-2.069988808,5.087406219,-2.958732722,-1.861174164,-2.224796757,5.00838033,-2.958110938,0.187603526,-0.154807949,-0.079025888,0.000621783
10.91,-2.049778881,-2.067369313,5.088288508,-2.969870182,-1.857494966,-2.219638026,5.011123734,-2.969078946,0.192283915,-0.152268713,-0.077164773,0.000791236
10.94,-2.05051243,-2.065362712,5.084500905,-2.978112944,-1.854070053,-2.215278797,5.012963584,-2.977379,0.196442377,-0.149916085,-0.07153732,0.000733944
10.97,-2.051247567,-2.063316039,5.089060616,-2.986240444,-1.85017211,-2.21058262,5.014640747,-2.98587643,0.201075457,-0.147266581,-0.074419869,0.000364013
11.01,-1.981652951,-2.164767154,5.078565424,-2.998284358,-1.844034633,-2.203719234,5.016609316,-2.997233984,0.137618318,-0.03895208,-0.061956108,0.001050374
11.04,-1.981421418,-2.164010346,5.088002116,-3.005963766,-1.838666765,-2.198134759,5.017885989,-3.005522803,0.142754653,-0.034124413,-0.070116126,0.000440962
11.07,-1.981174349,-2.163216076,5.091979219,-3.014136266,-1.832751972,-2.192248725,5.019026474,-3.013759706,0.148422377,-0.029032649,-0.072952745,0.00037656
11.11,-1.980835719,-2.162123874,5.089943371,-3.025089603,-1.823910109,-2.183875674,5.02032984,-3.02499486,0.15692561,-0.0217518,-0.069613532,9.4743e-05
11.13,-1.980678567,-2.161571904,5.097970305,-3.030064807,-1.819091989,-2.179476667,5.02088748,-3.030696816,0.161586578,-0.017904763,-0.077082825,-0.000632009
11.17,-1.980370329,-2.160458878,5.10297551,-3.041372307,-1.808598428,-2.170237457,5.021830094,-3.041933754,0.171771901,-0.009778579,-0.081145416,-0.000561447
11.21,-1.980051586,-2.159332723,5.089185697,-3.053271322,-1.796956933,-2.160395887,5.022513648,-3.052927824,0.183094653,-0.001063164,-0.066672048,0.000343498
11.24,-1.97983796,-2.158485232,5.079676266,-3.061670969,-1.787482351,-2.152608157,5.022861513,-3.061326839,0.19235561,0.005877075,-0.056814753,0.00034413
11.27,-1.979670495,-2.157628447,5.082265924,-3.070023469,-1.777469564,-2.144539447,5.023081889,-3.069872476,0.202200931,0.013089,-0.059184035,0.000150993
11.31,-1.979482086,-2.15647177,5.082357163,-3.081127341,-1.76305949,-2.133300684,5.023195835,-3.081149956,0.216422596,0.023171086,-0.059161328,-2.2615e-05
11.34,-1.979348736,-2.155595897,5.072720694,-3.090307371,-1.751433731,-2.124550528,5.023144771,-3.089437399,0.227915004,0.031045369,-0.049575923,0.000869971
11.37,-1.979217895,-2.154696382,5.074747191,-3.098802371,-1.739240163,-2.115593379,5.023015533,-3.097763856,0.239977732,0.039103003,-0.051731658,0.001038515
11.41,-1.979096068,-2.153481622,5.071551002,-3.109295763,-1.721979445,-2.103314733,5.022674317,-3.109077049,0.257116624,0.050166889,-0.048876685,0.000218714
11.44,-1.979058086,-2.152547363,5.070407982,-3.117736769,-1.708244254,-2.093881885,5.022311846,-3.117548548,0.270813832,0.058665478,-0.048096136,0.000188221
11.47,-1.979046765,-2.151608266,5.072117511,-3.126119269,-1.693909965,-2.08430198,5.021868605,-3.125913867,0.285136801,0.067306285,-0.050248906,0.000205402
11.51,-1.952122477,-2.138064293,5.05707256,-3.137434112,-1.673739986,-2.07128716,5.021134792,-3.137020162,0.27838249,0.066777133,-0.035937768,0.00041395
11.54,-1.951812588,-2.136872065,5.059953819,3.13682135,-1.657869845,-2.061366268,5.020492545,3.13771765,0.293942742,0.075505797,-0.039461275,0.000896299
11.57,-1.951549466,-2.13568441,5.06116763,3.12818135,-1.641452393,-2.051341439,5.019787942,3.129228561,0.310097073,0.084342971,-0.041379687,0.00104721
11.61,-1.951239257,-2.1341122,5.063349252,3.116916877,-1.618503898,-2.037806219,5.018762275,3.118027747,0.332735359,0.09630598,-0.044586977,0.001110869
11.64,-1.951026036,-2.13294428,5.058767976,3.109061197,-1.600514463,-2.027546307,5.017914538,3.109691687,0.350511573,0.105397973,-0.040853439,0.00063049
11.67,-1.950836598,-2.131786346,5.059857186,3.100823697,-1.581999782,-2.017217407,5.017024408,3.101303105,0.368836816,0.114568939,-0.042832778,0.000479408
11.71,-1.950679164,-2.130233621,5.050751412,3.089855737,-1.556374164,-2.003338134,5.015729295,3.090009387,0.394305001,0.126895487,-0.035022117,0.00015365
11.74,-1.950650531,-2.129085607,5.060266694,3.080236345,-1.536412013,-1.992865189,5.014696263,3.081588275,0.414238518,0.136220418,-0.045570431,0.00135193
11.77,-1.950666312,-2.12794825,5.061349613,3.071893845,-1.51590557,-1.982356172,5.013604729,3.073233366,0.434760742,0.145592078,-0.047744884,0.001339521
11.81,-1.950734138,-2.126430157,5.051907483,3.060661273,-1.487635559,-1.968290821,5.012084097,3.062074826,0.463098578,0.158139336,-0.039823386,0.001413553
11.83,-1.950803902,-2.12566955,5.050885318,3.055423395,-1.473146345,-1.961241366,5.011293609,3.056447697,0.477657558,0.164428185,-0.039591709,0.001024303
11.87,-1.951030968,-2.124144778,5.051926573,3.044330895,-1.443439065,-1.947124076,5.009663105,3.045179997,0.507591904,0.177020702,-0.042263468,0.000849102
11.9,-1.951256068,-2.12299939,5.051170882,3.036113427,-1.420464099,-1.936533423,5.00840083,3.036801194,0.530791969,0.186465967,-0.042770052,0.000687767
11.94,-1.951626838,-2.121471777,5.037255662,3.025486249,-1.389036295,-1.922420904,5.006671032,3.025659071,0.562590543,0.199050873,-0.03058463,0.000172822
11.98,-1.951969209,-2.120326747,5.040736668,3.017076249,-1.356739119,-1.908327338,5.004903498,3.01443475,0.595230089,0.21199941,-0.035833169,-0.002641498
12.01,-1.787476811,-2.087507845,5.035544435,3.005408956,-1.331974675,-1.897780308,5.003554763,3.00599522,0.455502136,0.189727538,-0.031989671,0.000586264
12.04,-1.78576233,-2.085906042,5.033872058,2.997698324,-1.306642191,-1.887271187,5.002196233,2.997610203,0.479120139,0.198634855,-0.031675825,-8.8121e-05
12.07,-1.784112067,-2.084316779,5.03429296,2.989373324,-1.280872604,-1.876797917,5.000821081,2.989260709,0.503239463,0.207518862,-0.033471879,-0.000112615
12.11,-1.782008595,-2.082232061,5.031096837,2.978776046,-1.245798265,-1.862899645,4.998981481,2.978085286,0.53621033,0.219332415,-0.032115356,-0.00069076
12.14,-1.780530949,-2.08068347,5.017141187,2.970639905,-1.218985339,-1.852527468,4.997590546,2.969659879,0.561545609,0.228156002,-0.01955064,-0.000980026
12.17,-1.779130816,-2.079141714,5.017214233,2.962274905,-1.191782785,-1.842197586,4.996208083,2.961257389,0.587348032,0.236944128,-0.02100615,-0.001017516
12.21,-1.777345014,-2.07710018,5.002298308,2.951189929,-1.154799709,-1.828505191,4.994350046,2.950134835,0.622545305,0.24859499,-0.007948261,-0.001055094
12.24,-1.776082706,-2.075573671,5.005710833,2.943486476,-1.126588558,-1.818293538,4.992977548,2.941778804,0.649494148,0.257280133,-0.012733285,-0.001707672
12.27,-1.774910033,-2.074044032,5.00564009,2.935298976,-1.098065876,-1.808127059,4.991625112,2.933378894,0.676844157,0.265916974,-0.014014978,-0.001920082
12.31,-1.773485341,-2.072005552,4.992563992,2.924355797,-1.059444468,-1.794681652,4.989885561,2.922174298,0.714040873,0.2773239,-0.002678431,-0.002181499
12.34,-1.772510499,-2.070471314,4.99013746,2.915292132,-1.030022658,-1.784703412,4.988613915,2.913807665,0.742487841,0.285767901,-0.001523545,-0.001484467
12.37,-1.771615638,-2.068929045,4.989897324,2.907159632,-1.000302311,-1.774807239,4.98736703,2.905443692,0.771313327,0.294121806,-0.002530294,-0.00171594
12.41,-1.770560678,-2.066880289,4.982769565,2.895554827,-0.960207203,-1.761764154,4.985771887,2.89425707,0.810353475,0.305116136,0.003002322,-0.001297757
12.44,-1.769884787,-2.06535564,4.976768528,2.886776129,-0.929791256,-1.752108286,4.984632671,2.885860132,0.840093531,0.313247355,0.007864143,-0.000915997
12.47,-1.769299256,-2.06383989,4.976493243,2.878531129,-0.899106955,-1.742556486,4.983540926,2.877475288,0.870192302,0.321283404,0.007047682,-0.001055841
12.51,-1.488004026,-2.053703872,4.980376253,2.86781903,-0.857737154,-1.730014733,4.982141303,2.866309908,0.630266872,0.323689139,0.00176505,-0.001509122
12.54,-1.483794711,-2.052092456,4.988065973,2.859173328,-0.826435814,-1.720744064,4.981157464,2.857927468,0.657358897,0.331348392,-0.006908509,-0.00124586
12.57,-1.479668288,-2.050486957,4.988505579,2.850425828,-0.794954322,-1.711571541,4.980214268,2.84953521,0.684713966,0.338915416,-0.008291311,-0.000890618
12.61,-1.474335438,-2.048352063,4.988273628,2.839040417,-0.752616651,-1.699535744,4.979041184,2.838351022,0.721718787,0.348816319,-0.009232444,-0.000689395
12.64,-1.470438609,-2.046788539,4.981905721,2.831104921,-0.720598613,-1.690646882,4.978188529,2.829983407,0.749839996,0.356141657,-0.003717193,-0.001121514
12.67,-1.466603211,-2.045243947,4.982412381,2.822589921,-0.688429538,-1.681836006,4.977367778,2.821618414,0.778173674,0.363407941,-0.005044603,-0.000971507
12.71,-1.461641546,-2.043203676,4.98929961,2.812615142,-0.645312426,-1.670194491,4.97632963,2.810428836,0.81632912,0.373009185,-0.01296998,-0.002186306
12.74,-1.458032813,-2.041678207,4.990379663,2.804039191,-0.612783158,-1.661540631,4.975617214,2.802041427,0.845249655,0.380137576,-0.014762449,-0.001997765
12.77,-1.454512956,-2.04016831,4.991357916,2.795859191,-0.580101477,-1.652947537,4.9749414,2.793693092,0.874411479,0.387220773,-0.016416516,-0.002166099
12.81,-1.44994261,-2.038174741,4.986264543,2.785021608,-0.536309753,-1.641588528,4.974091842,2.782581207,0.913632856,0.396586213,-0.012172702,-0.002440401
12.84,-1.446627863,-2.036690205,4.993168343,2.776487315,-0.503370649,-1.633130073,4.97349571,2.774207126,0.943257215,0.403560132,-0.019672633,-0.002280189
12.87,-1.443422584,-2.035200933,4.994391656,2.768064815,-0.470364351,-1.62472262,4.972932603,2.765819915,0.973058233,0.410478312,-0.021459053,-0.0022449
12.91,-1.439298318,-2.033228872,5.000282387,2.757088168,-0.426197133,-1.613632772,4.972269205,2.754667837,1.013101185,0.419596099,-0.028013182,-0.002420331
12.94,-1.436300249,-2.031769699,4.998894637,2.74836452,-0.392981052,-1.605403377,4.971816035,2.746316814,1.043319197,0.426366322,-0.027078602,-0.002047707
12.97,-1.433389493,-2.030318822,5.000454524,2.73993202,-0.359745933,-1.597223595,4.971405662,2.737952146,1.07364356,0.433095227,-0.029048862,-0.001979874
13.01,-1.116294965,-1.89581354,4.992314055,2.728473026,-0.315426431,-1.586403054,4.970910618,2.726774755,0.800868535,0.309410486,-0.021403437,-0.001698271
13.04,-1.1094109,-1.892554294,4.998429777,2.718825986,-0.282152578,-1.578369833,4.970597937,2.718401804,0.827258323,0.314184461,-0.027831839,-0.000424182
13.07,-1.102592021,-1.889317667,5.000089476,2.710570986,-0.248853517,-1.570399411,4.97031069,2.710042137,0.853738504,0.318918256,-0.029778786,-0.000528849
13.11,-1.093609725,-1.885033245,4.996147761,2.699275979,-0.204483595,-1.559858236,4.970013349,2.698892042,0.88912613,0.325175009,-0.026134412,-0.000383937
13.14,-1.086971596,-1.8818331,4.9957758,2.690844026,-0.171272156,-1.551999046,4.969842958,2.690514367,0.91569944,0.329834053,-0.025932843,-0.000329659
13.17,-1.080449584,-1.878635553,4.997499711,2.682321526,-0.138094413,-1.54418141,4.969719847,2.682137323,0.942355171,0.334454143,-0.027779864,-0.000184203
13.21,-1.071894002,-1.874402056,4.991329669,2.671179389,-0.093892512,-1.53384879,4.969627397,2.670985719,0.97800149,0.340553266,-0.021702272,-0.00019367
13.24,-1.065576987,-1.871255574,4.990071964,2.66281236,-0.060808824,-1.52615191,4.969610637,2.66262275,1.004768163,0.345103664,-0.020461327,-0.00018961
13.27,-1.059354857,-1.868121649,4.991774663,2.65470486,-0.027812684,-1.518479375,4.969635645,2.654251649,1.031542173,0.349642274,-0.022139017,-0.000453211
13.32,-1.049218071,-1.862902613,4.997287664,2.640644793,0.026957973,-1.50578311,4.969795467,2.640293256,1.076176044,0.357119503,-0.027492197,-0.000351537
13.34,-1.045235038,-1.860816429,4.993347135,2.635351353,0.048810004,-1.500747569,4.969898616,2.634706658,1.094045041,0.360068861,-0.02344852,-0.000644696
13.37,-1.039318809,-1.857699831,4.9952733,2.626991353,0.08151763,-1.493235961,4.970080981,2.626321858,1.120836439,0.36446387,-0.025192319,-0.000669495
13.41,-1.031564059,-1.853556821,5.007130452,2.615696583,0.124910983,-1.483275342,4.970390924,2.615146205,1.156475042,0.370281479,-0.036739528,-0.000550378
13.44,-1.025858441,-1.850461519,5.01799212,2.608117543,0.157275606,-1.475838138,4.97066106,2.60677274,1.183134047,0.374623381,-0.04733106,-0.001344803
13.47,-1.020256922,-1.847382403,5.020736262,2.599812543,0.189531825,-1.468438509,4.970972814,2.598393969,1.209788747,0.378943893,-0.049763448,-0.001418575
13.51,-0.660811896,-1.739426342,5.020545246,2.587778472,0.232351058,-1.458645464,4.971413037,2.587206688,0.893162954,0.280780878,-0.049132209,-0.000571784
13.54,-0.650657524,-1.735016183,5.018225982,2.579849513,0.264276876,-1.451324918,4.971758592,2.578819819,0.9149344,0.283691266,-0.04646739,-0.001029694
13.57,-0.640589489,-1.73061526,5.020935772,2.571197013,0.296042524,-1.444005656,4.972104361,2.570439025,0.936632014,0.286609604,-0.048831412,-0.000757988
13.61,-0.627300768,-1.724744869,5.019029211,2.560816338,0.338134219,-1.434263561,4.972600339,2.55926187,0.965434987,0.290481308,-0.046428872,-0.001554468
13.64,-0.617425714,-1.720353592,5.022341812,2.552310421,0.369532883,-1.426979168,4.972990498,2.550873288,0.986958597,0.293374424,-0.049351314,-0.001437133
13.67,-0.60762138,-1.71599271,5.025113278,2.543937921,0.400789633,-1.419691978,4.973394519,2.542487636,1.008411013,0.296300732,-0.051718759,-0.001450285
13.71,-0.594666699,-1.710189039,5.025508964,2.532113511,0.44215543,-1.409922769,4.973971828,2.531306202,1.036822129,0.30026627,-0.051537136,-0.000807309
13.74,-0.585042894,-1.705845322,5.020826902,2.522964174,0.472960408,-1.402554076,4.974429686,2.522915047,1.058003302,0.303291246,-0.046397217,-4.9127e-05
13.77,-0.575508016,-1.701517621,5.023504876,2.514359174,0.503632632,-1.395168551,4.974909752,2.514529298,1.079140648,0.30634907,-0.048595123,0.000170124
13.81,-0.562913089,-1.695793177,5.020509445,2.50268696,0.544275848,-1.385276963,4.975558644,2.503363051,1.107188937,0.310516214,-0.0449508,0.00067609
13.84,-0.553534174,-1.691527737,5.00863917,2.493673712,0.574522575,-1.377787104,4.976070465,2.494979808,1.12805675,0.313740634,-0.032568705,0.001306096
13.87,-0.544235733,-1.687281721,5.010863295,2.485078712,0.604591653,-1.370237795,4.97659071,2.486585357,1.148827386,0.317043926,-0.034272586,0.001506645
13.91,-0.531985431,-1.681642625,5.004234524,2.473950283,0.644405488,-1.36009314,4.977328142,2.475398335,1.17639092,0.321549485,-0.026906382,0.001448051
13.94,-0.522885576,-1.677446803,5.011776561,2.466022889,0.674071134,-1.352430682,4.9779018,2.467024591,1.196956709,0.325016121,-0.033874761,0.001001702
13.97,-0.513841199,-1.673295579,5.014102011,2.457730389,0.703569972,-1.344705359,4.97850758,2.458649222,1.217411171,0.32859022,-0.035594432,0.000918832
14.01,-0.154323991,-1.559989073,5.019635969,2.446328254,0.742566356,-1.334258255,4.979351196,2.44745375,0.896890347,0.225730818,-0.040284773,0.001125496
14.04,-0.140836815,-1.554442331,5.018461605,2.438318702,0.771591676,-1.32633011,4.980013052,2.439055742,0.912428491,0.228112221,-0.038448553,0.000737039
14.07,-0.127413259,-1.548898817,5.020964434,2.430218702,0.800477391,-1.318348291,4.980681815,2.430677031,0.92789065,0.230550526,-0.040282619,0.000458329
14.11,-0.109607489,-1.541552075,5.026993305,2.418608867,0.838709604,-1.30757705,4.981570011,2.419521022,0.948317093,0.233975025,-0.045423294,0.000912154
14.14,-0.096325749,-1.53608836,5.023817898,2.409570493,0.867137302,-1.299362529,4.982235626,2.411126287,0.963463051,0.236725831,-0.041582272,0.001555794
14.17,-0.08311958,-1.530643826,5.026361762,2.401282993,0.895395155,-1.291049945,4.982895203,2.402716513,0.978514735,0.239593881,-0.043466559,0.001433521
14.21,-0.065620973,-1.523425745,5.030100029,2.390077679,0.932813311,-1.279820788,4.983776123,2.391536086,0.998434284,0.243604957,-0.046323906,0.001458407
14.24,-0.052548246,-1.518061941,5.024632831,2.380848113,0.960685417,-1.271284643,4.984420017,2.3831782,1.013233663,0.246777298,-0.040212814,0.002330087
14.27,-0.0395195,-1.512747673,5.027096418,2.372355613,0.988393854,-1.262640416,4.985065595,2.37480316,1.027913355,0.250107257,-0.042030824,0.002447547
14.31,-0.022243308,-1.505712746,5.022595626,2.360973077,1.025030253,-1.250907696,4.985897975,2.36358923,1.047273562,0.25480505,-0.036697651,0.002616153
14.34,-0.00937347,-1.500472365,5.017539222,2.352319323,1.052311119,-1.241985701,4.98652435,2.355193223,1.061684589,0.258486665,-0.031014872,0.0028739
14.37,0.003434884,-1.495270589,5.019657949,2.343676823,1.079461322,-1.232985897,4.987140729,2.346824127,1.076026438,0.262284691,-0.03251722,0.003147304
14.41,0.020448438,-1.488421384,5.026645682,2.333537268,1.115386478,-1.220804642,4.987968236,2.335660999,1.09493804,0.267616742,-0.038677446,0.002123731
14.44,0.033147452,-1.483322765,5.018583887,2.324472889,1.142104317,-1.211507781,4.98858913,2.327251597,1.108956864,0.271814984,-0.029994757,0.002778709
14.47,0.045771625,-1.478244156,5.020710962,2.316245389,1.168676408,-1.202109388,4.989217265,2.318837495,1.122904783,0.276134768,-0.031493696,0.002592106
14.51,0.464493496,-1.449057779,5.01780687,2.30460182,1.203879897,-1.189428151,4.99004317,2.307666605,0.739386402,0.259629627,-0.027763701,0.003064785
14.54,0.482332452,-1.443798578,5.009134579,2.295652262,1.230102233,-1.179785743,4.990652517,2.299301236,0.747769781,0.264012834,-0.018482061,0.003648974
14.57,0.500123331,-1.438592829,5.010903498,2.287199762,1.256175275,-1.170022704,4.9912625,2.290904951,0.756051944,0.268570125,-0.019640998,0.003705189
14.61,0.523759588,-1.431680178,5.019883686,2.276325623,1.290683534,-1.156793941,4.992066077,2.279672508,0.766923947,0.274886237,-0.027817609,0.003346885
14.64,0.541413269,-1.426535618,5.01936995,2.268993347,1.316410728,-1.146743575,4.992676763,2.271287217,0.774997459,0.279792043,-0.026693187,0.00229387
14.67,0.559022309,-1.42144598,5.021428996,2.260530847,1.342029824,-1.13659181,4.993280868,2.262932536,0.783007515,0.28485417,-0.028148128,0.002401688
14.72,0.588278873,-1.413079224,5.017341547,2.246892891,1.384399028,-1.119309725,4.994269557,2.248933463,0.796120155,0.293769499,-0.02307199,0.002040572
14.74,0.599939602,-1.409763805,5.013570678,2.241296716,1.401247856,-1.112276408,4.994649199,2.243303277,0.801308254,0.297487397,-0.018921479,0.002006561
14.77,0.617361897,-1.404815447,5.015365257,2.233141716,1.426442237,-1.101621491,4.995215723,2.234880828,0.80908034,0.303193957,-0.020149534,0.001739112
14.81,0.640514515,-1.398293941,5.004230374,2.221785765,1.459890825,-1.087208025,4.995944033,2.223752269,0.81937631,0.311085916,-0.008286341,0.001966503
14.84,0.657838669,-1.393468621,5.000799329,2.212259873,1.484847155,-1.076204299,4.996490202,2.215386215,0.827008485,0.317264323,-0.004309127,0.003126342
14.87,0.675112867,-1.388677869,5.002175692,2.203727373,1.509699236,-1.065042147,4.997027121,2.206956209,0.834586369,0.323635722,-0.005148571,0.003228836
14.91,0.69804925,-1.382355591,4.995041554,2.19117242,1.54267874,-1.049906813,4.997753278,2.195705077,0.84462949,0.332448778,0.002711724,0.004532657
14.94,0.715177164,-1.377673714,4.994585295,2.182800875,1.567324091,-1.03839869,4.99830611,2.187350377,0.852146927,0.339275024,0.003720814,0.004549502
14.97,0.732258271,-1.373068246,4.995796217,2.174543375,1.591895874,-1.026761462,4.998868333,2.179013905,0.859637603,0.346306784,0.003072116,0.00447053
15.01,0.967291815,-1.34488775,4.996366976,2.163135048,1.624494435,-1.010961437,4.99963979,2.167797275,0.65720262,0.333926313,0.003272814,0.004662227
15.04,0.986987807,-1.340144947,5.002314909,2.153534646,1.648834608,-0.99891378,5.000228297,2.159346756,0.661846801,0.341231166,-0.002086612,0.00581211
15.07,1.006631859,-1.335453642,5.003851813,2.145304646,1.673118202,-0.986752235,5.000832631,2.150950816,0.666486343,0.348701407,-0.003019182,0.005646169
15.11,1.032743909,-1.329285584,5.009115472,2.133665442,1.705393107,-0.970323891,5.001639482,2.139846988,0.672649198,0.358961693,-0.00747599,0.006181546
15.14,1.052288266,-1.324736928,5.005556877,2.125771649,1.729495011,-0.957796493,5.002253477,2.131460367,0.677206745,0.366940436,-0.0033034,0.005688719
15.17,1.071770773,-1.320239321,5.007209263,2.117491649,1.753518918,-0.945112408,5.002851414,2.123010885,0.681748145,0.375126912,-0.004357849,0.005519236
15.21,1.097632784,-1.314327279,5.00504253,2.106141961,1.785446577,-0.92796848,5.003639384,2.111777989,0.687813792,0.386358799,-0.001403146,0.005636028
15.24,1.116969609,-1.309976848,5.007093747,2.097487259,1.809331974,-0.914962051,5.004208228,2.103439574,0.692362365,0.395014797,-0.002885518,0.005952315
15.27,1.136267526,-1.305700089,5.008767838,2.089002259,1.833160923,-0.901824841,5.004775338,2.095094087,0.696893397,0.403875248,-0.0039925,0.006091828
15.31,1.1619282,-1.300094135,5.019269009,2.078097359,1.86481133,-0.884035496,5.005513547,2.0838487,0.70288313,0.416058639,-0.013755462,0.005751341
15.34,1.181117773,-1.295946682,5.020202788,2.069342422,1.888478754,-0.870522327,5.006059706,2.075407615,0.707360982,0.425424355,-0.014143081,0.006065193
15.37,1.200275695,-1.291863809,5.022242857,2.061042422,1.91211232,-0.856914033,5.006595382,2.06703326,0.711836625,0.434949775,-0.015647474,0.005990839
15.41,1.225752815,-1.286538308,5.023333513,2.04915506,1.943551305,-0.838574081,5.007269119,2.055919328,0.71779849,0.447964227,-0.016064395,0.006764269
15.44,1.244825746,-1.282657456,5.020833758,2.041315566,1.967056109,-0.824632033,5.007743779,2.047504529,0.722230363,0.458025423,-0.013089979,0.006188963
15.47,1.263858715,-1.278848332,5.022758894,2.033000566,1.990512485,-0.810562589,5.008185981,2.039048081,0.726653769,0.468285743,-0.014572913,0.006047515
15.51,1.494754378,-1.169385739,5.025650517,2.022946323,2.021733718,-0.791632817,5.008741086,2.027853002,0.526979339,0.377752922,-0.016909431,0.004906679
15.54,1.516367898,-1.164334251,5.019678177,2.014847476,2.045113634,-0.777313562,5.009119448,2.019521045,0.528745735,0.387020689,-0.010558729,0.004673569
15.57,1.537950834,-1.159359663,5.021435256,2.006307476,2.068453824,-0.762875877,5.009485551,2.011149811,0.53050299,0.396483786,-0.011949705,0.004842335
15.61,1.566643603,-1.152834366,5.004892487,1.995267353,2.099496253,-0.743398928,5.00991143,1.99988154,0.53285265,0.409435438,0.005018944,0.004614187
15.64,1.588110706,-1.148004345,5.002007042,1.986868572,2.122738415,-0.72867241,5.010207913,1.991464672,0.534627709,0.419331934,0.00820087,0.0045961
15.67,1.609527931,-1.143233326,5.003138808,1.978493572,2.145954509,-0.713882976,5.010484531,1.983103143,0.536426578,0.42935035,0.007345723,0.004609571
15.71,1.638027104,-1.136995963,4.99477495,1.966685239,2.17682305,-0.69401462,5.010863813,1.971945052,0.538795945,0.442981343,0.016088863,0.005259813
15.74,1.659345244,-1.132419013,5.008605249,1.959039043,2.199873955,-0.678984545,5.011156475,1.963530798,0.540528712,0.453434468,0.002551226,0.004491755
15.77,1.680612451,-1.127911625,5.010030039,1.950619043,2.222843402,-0.663893274,5.011467273,1.955128309,0.542230951,0.464018351,0.001437233,0.004509267
15.81,1.708918233,-1.12203032,5.027216683,1.939457769,2.253304963,-0.643733009,5.011929989,1.943947259,0.54438673,0.478297311,-0.015286693,0.00448949
15.84,1.730109698,-1.117723458,5.025583035,1.931121932,2.275985101,-0.62858299,5.012304948,1.935546201,0.545875403,0.489140468,-0.013278087,0.00442427
15.87,1.751276049,-1.113494299,5.027614893,1.922821932,2.298509501,-0.613392298,5.012695549,1.927166844,0.547233451,0.500102001,-0.014919343,0.004344912
15.91,1.779448839,-1.107947588,5.036887984,1.910904616,2.328221559,-0.593100394,5.013202144,1.916067528,0.548772721,0.514847195,-0.02368584,0.005162912
15.94,1.800522576,-1.10386585,5.044560567,1.901640405,2.350248243,-0.577922482,5.013585398,1.907687361,0.549725667,0.525943368,-0.030975169,0.006046957
15.97,1.821564427,-1.099865733,5.047115086,1.893080405,2.372066508,-0.562788294,5.013958712,1.899230902,0.550502081,0.537077439,-0.033156374,0.006150498
16.01,1.983057306,-0.958993134,5.047991022,1.881736478,2.400714461,-0.542647575,5.014454685,1.88802626,0.417657155,0.416345559,-0.033536336,0.006289782
16.04,2.005711958,-0.953356316,5.051403249,1.87375574,2.421831508,-0.527572901,5.014797538,1.879771148,0.41611955,0.425783415,-0.036605711,0.006015408
16.07,2.02831553,-0.947758896,5.054062916,1.86530574,2.442670674,-0.512562257,5.015130488,1.871502451,0.414355145,0.43519664,-0.038932428,0.006196711
16.11,2.058405726,-0.940403585,5.059324532,1.854354191,2.469917599,-0.492719382,5.015529087,1.860247408,0.411511873,0.447684203,-0.043795445,0.005893217
16.14,2.080938269,-0.934974576,5.061486474,1.846576379,2.489884748,-0.477957078,5.015804147,1.851831658,0.408946479,0.457017498,-0.045682327,0.005255279
16.17,2.103451884,-0.929606077,5.064316012,1.838031379,2.509460815,-0.463280649,5.01605639,1.843607823,0.406008931,0.466325428,-0.048259622,0.005576444
16.21,2.133451348,-0.922559676,5.0762888,1.828061967,2.534776342,-0.443941304,5.016352421,1.832733537,0.401324995,0.478618372,-0.059936379,0.00467157
16.24,2.155918504,-0.917368281,5.069309334,1.820069844,2.553144219,-0.429665596,5.016535533,1.824275326,0.397225715,0.487702685,-0.052773801,0.004205482
16.27,2.178363065,-0.912279224,5.072210537,1.811642344,2.571054468,-0.415548219,5.016686853,1.815715721,0.392691403,0.496731005,-0.055523685,0.004073377
16.31,2.208265379,-0.905612395,5.069809129,1.80029192,2.594104056,-0.396964313,5.016820175,1.804653025,0.385838677,0.508648081,-0.052988955,0.004361105
16.34,2.230657156,-0.900692063,5.069032691,1.792463422,2.610797699,-0.383216868,5.016860969,1.796507591,0.380140543,0.517475194,-0.052171722,0.004044169
16.37,2.253028714,-0.895840939,5.071696459,1.783973422,2.627082548,-0.369640508,5.016872904,1.788187011,0.374053834,0.526200431,-0.054823555,0.004213589
16.41,2.282833863,-0.889514123,5.069635113,1.772615626,2.648069022,-0.351856255,5.016816615,1.776795532,0.365235159,0.537657868,-0.052818499,0.004179906
16.44,2.305182122,-0.884850242,5.071723202,1.764938423,2.663263245,-0.338716247,5.016738292,1.768424147,0.358081123,0.546133995,-0.05498491,0.003485724
16.47,2.327509037,-0.880252277,5.074297711,1.756840923,2.678061757,-0.32571582,5.016619609,1.760245997,0.35055272,0.554536457,-0.057678102,0.003405074
16.51,2.462123736,-0.7291848,5.066129258,1.746047277,2.697076454,-0.308700663,5.016411656,1.74923645,0.234952718,0.420484137,-0.049717602,0.003189174
16.54,2.485776485,-0.722807755,5.064101105,1.73799439,2.710800711,-0.296208427,5.016203768,1.74070581,0.225024226,0.426599328,-0.047897336,0.00271142
16.57,2.509415763,-0.716507828,5.066264069,1.72971439,2.724124464,-0.28389214,5.015996444,1.732156539,0.214708701,0.432615688,-0.050267625,0.002442149
16.61,2.540943868,-0.708216419,5.059040973,1.717938099,2.741109814,-0.267756637,5.015808344,1.720966568,0.200165946,0.440459783,-0.04323263,0.00302847
16.64,2.564612867,-0.702076737,5.047700394,1.708862242,2.753168978,-0.255886316,5.015725578,1.712561377,0.188556111,0.446190422,-0.031974815,0.003699135
16.67,2.588318684,-0.695999538,5.049487191,1.700579742,2.764633735,-0.244204231,5.015685733,1.703938338,0.176315051,0.451795307,-0.033801458,0.003358596
16.72,2.627874463,-0.686031352,5.05287493,1.687208748,2.781808795,-0.225209238,5.015697209,1.689317804,0.153934332,0.460822114,-0.037177721,0.002109056
16.74,2.643728042,-0.682116936,5.033951619,1.681902728,2.787973034,-0.217743449,5.015708048,1.683669303,0.144244992,0.464373488,-0.018243571,0.001766575
16.77,2.667525486,-0.676314448,5.035482678,1.673405228,2.796440065,-0.206676526,5.015712528,1.675381243,0.12891458,0.469637922,-0.01977015,0.001976015
16.81,2.699296093,-0.668687812,5.040542191,1.662476639,2.80604416,-0.192207996,5.015669054,1.66399571,0.106748067,0.476479816,-0.024873136,0.001519071
16.84,2.723141429,-0.6630684,5.046857582,1.655286294,2.811973408,-0.181548396,5.015593335,1.655133141,0.088831979,0.481520004,-0.031264247,-0.000153153
16.87,2.746993162,-0.657544032,5.048887715,1.646631294,2.816985111,-0.170990294,5.015489811,1.64645348,0.069991949,0.486553738,-0.033397904,-0.000177814
16.91,2.778816463,-0.650320308,5.057596043,1.635030432,2.822025129,-0.157052613,5.015252968,1.635430121,0.043208666,0.493267696,-0.042343075,0.000399689
16.94,2.802712835,-0.644983363,5.065179547,1.626494808,2.824611854,-0.146701167,5.014995411,1.627047842,0.021899019,0.498282196,-0.050184136,0.000553034
16.97,2.826632189,-0.639715463,5.067692157,1.618544808,2.826357154,-0.136417167,5.014670317,1.618371793,-0.000275035,0.503298296,-0.05302184,-0.000173016
17.01,2.772542614,-0.589694711,5.057356692,1.607730929,2.827187266,-0.122769195,5.014123824,1.606805458,0.054644652,0.466925516,-0.043232868,-0.000925471
17.04,2.795290536,-0.58408352,5.051417207,1.599367311,2.826732021,-0.11253227,5.01362021,1.598512343,0.031441485,0.47155125,-0.037796998,-0.000854968
17.07,2.818067083,-0.578552206,5.053324008,1.591169811,2.825523352,-0.102288664,5.013054564,1.5902839,0.00745627,0.476263542,-0.040269444,-0.00088591
17.11,2.848492099,-0.571316323,5.061158008,1.580611191,2.822588982,-0.088619747,5.012229239,1.578881413,-0.025903117,0.482696576,-0.048928769,-0.001729778
17.14,2.871362334,-0.565993063,5.060790438,1.571242428,2.8194562,-0.078322131,5.011575783,1.570234141,-0.051906134,0.487670932,-0.049214656,-0.001008287
17.17,2.894258525,-0.560758513,5.062928888,1.562779928,2.815687759,-0.067955598,5.010903461,1.561822124,-0.078570766,0.492802916,-0.052025427,-0.000957804
17.21,2.924859969,-0.553905537,5.065047581,1.55150788,2.80957707,-0.053988979,5.00994482,1.550880646,-0.115282898,0.499916558,-0.055102762,-0.000627234
17.24,2.947865244,-0.548853111,5.045472516,1.543448798,2.804240216,-0.043415745,5.009188612,1.542462742,-0.143625028,0.505437366,-0.036283904,-0.000986056
17.27,2.970920778,-0.543878259,5.047016682,1.534956298,2.798390993,-0.032760601,5.008402315,1.533890791,-0.172529785,0.511117658,-0.038614366,-0.001065507
17.31,3.001739987,-0.537375442,5.047554617,1.523524736,2.789709852,-0.018344527,5.007325093,1.522639554,-0.212030135,0.519030915,-0.040229523,-0.000885183
17.34,3.024928574,-0.53260547,5.042013979,1.514367983,2.782580625,-0.007349678,5.006506902,1.514410138,-0.242347949,0.525255792,-0.035507077,4.2155e-05
17.37,3.048182826,-0.527920512,5.043491579,1.506012983,2.775024046,0.003769148,5.005699095,1.506119796,-0.27315878,0.531689661,-0.037792484,0.000106813
17.41,3.0792751,-0.521810085,5.040943072,1.495070914,2.764205221,0.018818134,5.004613067,1.494778014,-0.315069878,0.54062822,-0.036330005,-0.0002929
17.44,3.102659239,-0.517334034,5.043889106,1.48723057,2.755566903,0.030310628,5.003800996,1.486304173,-0.347092335,0.547644662,-0.040088109,-0.000926397
17.47,3.126103282,-0.512950476,5.045487483,1.47904807,2.746568367,0.041975856,5.002986921,1.477989399,-0.379534915,0.554926332,-0.042500562,-0.00105867
17.51,2.977493087,-0.436187788,5.039354972,1.468340273,2.73394236,0.057835878,5.001900167,1.466960301,-0.243550727,0.494023666,-0.037454805,-0.001379972
17.54,2.998625821,-0.431050137,5.045279066,1.459913335,2.724027984,0.069944808,5.001080589,1.458513123,-0.274597838,0.500994945,-0.044198476,-0.001400212
17.57,3.01982815,-0.425999852,5.04694232,1.451495835,2.713806932,0.082223107,5.000255118,1.450020699,-0.306021218,0.508222959,-0.046687202,-0.001475135
17.61,3.048193163,-0.419404968,5.041796791,1.439607693,2.699650437,0.098952247,4.999154211,1.438868171,-0.348542725,0.518357215,-0.04264258,-0.000739522
17.64,3.069529372,-0.414558229,5.034430561,1.431049237,2.688676763,0.111776239,4.998314187,1.430599698,-0.380852609,0.526334469,-0.036116374,-0.000449539
17.67,3.090931096,-0.409811981,5.035752945,1.422639237,2.677474198,0.124789435,4.997471538,1.422273894,-0.413456898,0.534601415,-0.038281407,-0.000365343
17.71,3.119560605,-0.403652972,5.034976359,1.409993497,2.6621768,0.142487087,4.996350365,1.411048395,-0.457383806,0.546140059,-0.038625994,0.001054897
17.74,3.141119736,-0.399164892,5.032987938,1.40261389,2.650475414,0.15604685,4.995530744,1.402674467,-0.490644322,0.555211742,-0.037457194,6.0577e-05
17.77,3.162756355,-0.394782945,5.034317646,1.39442389,2.638624382,0.169823643,4.994721074,1.394357364,-0.524131973,0.564606588,-0.039596572,-6.6526e-05
17.81,3.191724975,-0.38908349,5.027871929,1.383383319,2.622557863,0.188570482,4.993658778,1.383233259,-0.569167112,0.577653972,-0.034213152,-0.00015006
17.84,3.213537045,-0.384928968,5.028532794,1.374875759,2.610312529,0.202905807,4.992867112,1.374801617,-0.603224516,0.587834775,-0.035665682,-7.4142e-05
17.87,3.235432901,-0.380879375,5.029752527,1.366500759,2.597929394,0.217456842,4.99208446,1.36636886,-0.637503507,0.598336218,-0.037668067,-0.0001319
17.91,3.264767106,-0.3756617,5.032504531,1.355473693,2.5811758,0.23728172,4.991055255,1.35523621,-0.683591306,0.61294342,-0.041449276,-0.000237483
17.94,3.28686786,-0.371869024,5.023436447,1.346966259,2.568433989,0.252459464,4.990293291,1.34690349,-0.718433871,0.624328488,-0.033143157,-6.2769e-05
17.97,3.30906021,-0.368175516,5.024563895,1.338631259,2.555567495,0.267849561,4.989537294,1.338508909,-0.753492715,0.636025076,-0.035026602,-0.00012235
18.01,2.944827126,-0.191100439,5.006594166,1.327639001,2.538199307,0.288769983,4.988523853,1.327255687,-0.406627819,0.479870422,-0.018070313,-0.000383314
18.04,2.961843742,-0.185350145,5.01853055,1.318841592,2.525028687,0.304783831,4.98776802,1.318880915,-0.436815055,0.490133975,-0.03076253,3.9323e-05
18.07,2.978934103,-0.179702082,5.01958394,1.310469092,2.511757493,0.321032007,4.987019431,1.310532353,-0.467176609,0.500734089,-0.032564509,6.3261e-05
18.11,3.001850765,-0.172319065,5.020576834,1.298851031,2.49388796,0.343101241,4.986068001,1.299305496,-0.507962805,0.515420307,-0.034508833,0.000454465
18.14,3.019119989,-0.16692462,5.016381859,1.290681163,2.480397017,0.35996064,4.985377612,1.290844196,-0.538722972,0.52688526,-0.031004247,0.000163033
18.17,3.036468131,-0.161644295,5.017502232,1.282251163,2.466888183,0.377059896,4.984709123,1.282427624,-0.569579948,0.538704191,-0.03279311,0.000176462
18.21,3.059721866,-0.154769757,5.022185451,1.271428519,2.448922914,0.400287636,4.983847014,1.271275719,-0.610798953,0.555057394,-0.038338438,-0.000152799
18.24,3.077255253,-0.149742878,5.01070273,1.262150594,2.435515478,0.417984393,4.983236471,1.262878222,-0.641739775,0.567727271,-0.027466259,0.000727629
18.27,3.094859961,-0.14484092,5.011796414,1.253830594,2.422159642,0.435866922,4.98264546,1.254452444,-0.672700319,0.580707841,-0.029150954,0.000621851
18.31,3.118455121,-0.138509161,5.021417353,1.243872777,2.404443428,0.460090219,4.98189609,1.243224644,-0.714011693,0.59859938,-0.039521263,-0.000648134
18.34,3.136242796,-0.133900762,5.027388783,1.235798459,2.391210659,0.478571929,4.981356462,1.234861254,-0.745032137,0.61247269,-0.046032321,-0.000937204
18.37,3.15412681,-0.129394546,5.02907786,1.227673459,2.377997124,0.497270391,4.980835242,1.226513443,-0.776129686,0.626664936,-0.048242618,-0.001160015
18.41,3.178109398,-0.123578818,5.022828095,1.216490923,2.360378105,0.522565787,4.980148976,1.21529214,-0.817731293,0.646144606,-0.042679119,-0.001198783
18.44,3.19617741,-0.119368822,5.024749724,1.207468376,2.347154171,0.541826878,4.979624515,1.206842641,-0.849023239,0.661195701,-0.045125209,-0.000625734
18.47,3.214319851,-0.115289948,5.026331934,1.199088376,2.333925813,0.561321721,4.97909508,1.198453617,-0.880394038,0.676611669,-0.047236854,-0.000634759
18.51,2.827957893,0.091466678,5.016636733,1.187916883,2.316269848,0.587732789,4.978387591,1.187357441,-0.511688045,0.496266111,-0.038249143,-0.000559441
18.54,2.840793965,0.097970016,5.013662178,1.179301542,2.302996904,0.607817014,4.977872445,1.17896728,-0.537797061,0.509846998,-0.035789732,-0.000334262
18.57,2.853702224,0.104336093,5.014940495,1.171021542,2.289699283,0.628097521,4.977359462,1.170524514,-0.564002941,0.523761427,-0.037581032,-0.000497028
18.61,2.871021435,0.112626044,5.02172226,1.160163883,2.271949415,0.65553798,4.976699796,1.159315611,-0.599072021,0.542911936,-0.045022464,-0.000848272
18.64,2.884097702,0.118699247,5.00706799,1.152527885,2.25865874,0.67642662,4.97621242,1.150991366,-0.625438962,0.557727373,-0.03085557,-0.001536518
18.67,2.897262733,0.124649474,5.008184358,1.144317885,2.245407731,0.697512876,4.97573533,1.142666996,-0.651855001,0.572863402,-0.032449028,-0.001650888
18.71,2.914904674,0.132388906,5.01305764,1.13196013,2.227859181,0.72593751,4.975097247,1.131506095,-0.687045494,0.593548604,-0.037960393,-0.000454035
18.74,2.928203618,0.138052944,5.005897163,1.123616129,2.214824528,0.747483732,4.974631367,1.123128382,-0.71337909,0.609430788,-0.031265795,-0.000487748
18.77,2.941582054,0.143599733,5.007053815,1.115203629,2.201892725,0.769203065,4.974178577,1.11476107,-0.739689329,0.625603331,-0.032875238,-0.000442559
18.81,2.959557999,0.150811093,4.991732708,1.104082425,2.184818866,0.79846377,4.97358418,1.103607528,-0.774739133,0.647652677,-0.018148528,-0.000474897
18.84,2.973150802,0.156075912,4.999485207,1.095979336,2.172110197,0.820615815,4.973150659,1.095215068,-0.801040605,0.664539903,-0.026334547,-0.000764269
18.87,2.986819541,0.161206073,5.000510538,1.087674336,2.159461081,0.842923281,4.972728332,1.086804966,-0.82735846,0.681717208,-0.027782206,-0.000869371
18.91,3.00515144,0.167828704,4.997489884,1.075895639,2.142700437,0.872982034,4.972209637,1.075630042,-0.862451002,0.705153329,-0.025280247,-0.000265597
18.94,3.019000658,0.172618404,4.99057882,1.067992218,2.130195373,0.895760706,4.971837853,1.067285755,-0.888805285,0.723142301,-0.018740967,-0.000706463
18.97,3.032927025,0.17725918,4.991436206,1.059912218,2.117722858,0.918692214,4.971480677,1.058922376,-0.915204168,0.741433033,-0.019955529,-0.000989842
19.01,2.64337301,0.362452834,4.994396894,1.048439676,2.101139206,0.949535363,4.97101191,1.04770693,-0.542233804,0.587082528,-0.023384984,-0.000732746
19.04,2.652048105,0.369139676,5.00315558,1.038918384,2.088741769,0.972885336,4.970679799,1.039314597,-0.563306336,0.603745661,-0.032475781,0.000396213
19.07,2.66079965,0.37568952,5.004488416,1.030335884,2.076374396,0.996397215,4.970356721,1.030952682,-0.584425255,0.620707694,-0.034131696,0.000616798
19.11,2.672590126,0.384208683,5.001636709,1.01914511,2.059928934,1.02801281,4.969940766,1.019776498,-0.612661193,0.643804127,-0.031695942,0.000631388
19.14,2.681503531,0.390425303,4.994221856,1.010006021,2.047644611,1.051903283,4.9696203,1.011347566,-0.63385892,0.66147798,-0.024601555,0.001341545
19.17,2.690461046,0.396504015,4.995293857,1.001766021,2.035429777,1.075925488,4.969302247,1.002923175,-0.655031269,0.679421473,-0.02599161,0.001157154
19.21,2.702506804,0.40441719,4.999193809,0.990070392,2.019327506,1.108184684,4.968894984,0.991730622,-0.683179298,0.703767494,-0.030298825,0.00166023
19.24,2.711619473,0.410192575,4.997717733,0.981895345,2.00739647,1.132507589,4.968626273,0.983327152,-0.704223003,0.722315014,-0.02909146,0.001431808
19.27,2.720811598,0.415827017,4.999029507,0.973717845,1.995562056,1.156900419,4.9683862,0.974909366,-0.725249542,0.741073402,-0.030643307,0.001191522
19.31,2.733185362,0.423110765,4.994558727,0.961610671,1.979959501,1.189570413,4.968105479,0.963682908,-0.75322586,0.766459648,-0.026453248,0.002072237
19.34,2.74253708,0.428400627,4.994385473,0.953084515,1.968391115,1.21421262,4.967918934,0.955296393,-0.774145964,0.785811994,-0.026466539,0.002211878
19.37,2.751957311,0.433524591,4.995700282,0.944602015,1.956903922,1.238952482,4.967743521,0.946932861,-0.79505339,0.805427891,-0.027956761,0.002330846
19.41,2.764642959,0.440147351,4.992567046,0.933173195,1.941691369,1.272083169,4.967549384,0.935746668,-0.82295159,0.831935818,-0.025017662,0.002573473
19.44,2.774240368,0.444916577,4.980026208,0.925098218,1.930347427,1.297040036,4.967425389,0.927322908,-0.84389294,0.85212346,-0.01260082,0.00222469
19.47,2.783894577,0.449523711,4.981006405,0.916770718,1.919059238,1.322094639,4.967324962,0.91892377,-0.864835339,0.872570928,-0.013681443,0.002153051
19.51,2.394473647,0.742955993,4.978390011,0.905716307,1.904105648,1.355681236,4.967208129,0.907796079,-0.490367999,0.612725243,-0.011181881,0.002079772
19.54,2.39893443,0.751110122,4.980349962,0.897090143,1.892935036,1.380974198,4.967157558,0.89942787,-0.505999395,0.629864076,-0.013192405,0.002337727
19.57,2.403445914,0.759110792,4.981480722,0.888650143,1.881785881,1.406329904,4.967128724,0.891018527,-0.521660032,0.647219112,-0.014351999,0.002368384
19.61,2.409522522,0.769530846,4.987744051,0.877090715,1.866983787,1.440277471,4.967134658,0.879805216,-0.542538735,0.670746626,-0.020609393,0.002714501
19.64,2.414126672,0.777157153,4.973182877,0.868574976,1.855960452,1.465855553,4.967160407,0.871449767,-0.558166219,0.688698399,-0.00602247,0.002874791
19.67,2.418796464,0.784627045,4.974185505,0.860242476,1.84500001,1.491498158,4.967196505,0.863107255,-0.573796455,0.706871113,-0.006989,0.002864779
19.71,2.425086557,0.79435387,4.96044856,0.848714326,1.830499868,1.525749871,4.967258482,0.85194509,-0.59458669,0.731396001,0.006809921,0.003230764
19.74,2.429857043,0.801479084,4.95354824,0.84028759,1.819724837,1.551471873,4.967325097,0.843559759,-0.610132206,0.749992789,0.013776857,0.003272169
19.77,2.434681724,0.808443501,4.954062714,0.83171509,1.80903596,1.577227857,4.96742285,0.835184181,-0.625645764,0.768784356,0.013360136,0.003469091
19.81,2.441197659,0.817475029,4.948473325,0.820413738,1.794931478,1.611628906,4.967607456,0.824033977,-0.646266181,0.794153876,0.019134131,0.003620238
19.84,2.446154965,0.824062815,4.950549439,0.811239715,1.784430551,1.637453829,4.967805262,0.815656247,-0.661724413,0.813391014,0.017255824,0.004416532
19.87,2.451161494,0.830481154,4.951208727,0.802887215,1.773973666,1.663294044,4.968037786,0.807257552,-0.677187829,0.832812889,0.016829059,0.004370336
19.91,2.457906423,0.838774519,4.945501675,0.792019919,1.760122527,1.697804071,4.968411246,0.796068579,-0.697783896,0.859029552,0.022909571,0.00404866
19.94,2.463015067,0.844792402,4.946580532,0.785169924,1.749802508,1.723739412,4.968717414,0.787712558,-0.713212559,0.87894701,0.022136882,0.002542634
19.97,2.468156368,0.850660407,4.947297169,0.776752424,1.739514752,1.749700188,4.969046944,0.779355777,-0.728641617,0.899039781,0.021749775,0.002603353
20.01,2.150516261,1.122766133,4.945208829,0.764853869,1.725829633,1.784339977,4.969523543,0.768160455,-0.424686628,0.661573844,0.024314713,0.003306586
20.04,2.151495871,1.131765372,4.950520325,0.755977759,1.715596852,1.810349909,4.969911506,0.75975862,-0.435899019,0.678584537,0.019391181,0.00378086
20.07,2.152538125,1.140588878,4.951531575,0.747667759,1.705394992,1.836391898,4.970319556,0.751383185,-0.447143133,0.69580302,0.018787981,0.003715425
20.11,2.154019631,1.152109537,4.95944242,0.73620957,1.691833137,1.871157734,4.970902278,0.740227775,-0.462186493,0.719048197,0.011459858,0.004018205
20.14,2.155200088,1.160571745,4.957609607,0.728225236,1.681680246,1.897242055,4.971360447,0.731825235,-0.473519842,0.73667031,0.01375084,0.003599998
20.17,2.156405826,1.168877821,4.958941859,0.719862736,1.671554209,1.923331938,4.971829111,0.723410201,-0.484851616,0.754454117,0.012887252,0.003547465
20.21,2.158075366,1.179713098,4.976352762,0.709448569,1.658140887,1.958135049,4.972469338,0.712223888,-0.499934479,0.778421951,-0.003883423,0.002775319
20.24,2.159395739,1.187670309,4.981803592,0.701444383,1.648144951,1.984232366,4.972958101,0.703846401,-0.511250789,0.796562057,-0.008845491,0.002402018
20.27,2.160769124,1.195486371,4.983909055,0.692871883,1.638177376,2.010307664,4.973459244,0.69545307,-0.522591748,0.814821292,-0.01044981,0.002581187
20.31,2.16266667,1.205665238,4.997117918,0.682173257,1.624932146,2.045034117,4.974111231,0.684235931,-0.537734524,0.839368879,-0.023006687,0.002062674
20.34,2.164147938,1.213102831,4.998695348,0.673207563,1.615048925,2.071071687,4.974585752,0.675841922,-0.549099014,0.857968856,-0.024109597,0.002634359
20.37,2.165670685,1.220382108,5.001234451,0.664882563,1.605202058,2.097109562,4.975034876,0.66747274,-0.560468627,0.876727454,-0.026199574,0.002590177
20.41,2.167785622,1.229848412,5.007900286,0.653054602,1.5921009,2.131805909,4.975604191,0.656305522,-0.575684722,0.901957497,-0.032296094,0.00325092
20.44,2.169423757,1.236776722,5.005965304,0.644515222,1.582276614,2.157803685,4.975999266,0.647894224,-0.587147142,0.921026963,-0.029966038,0.003379002
20.47,2.171092311,1.243562027,5.008535594,0.636372722,1.572463853,2.18379477,4.976379559,0.63948437,-0.598628458,0.940232743,-0.032156035,0.003111648
20.51,1.907864146,1.570380394,4.992722178,0.625376894,1.559417516,2.218453547,4.976853032,0.628324727,-0.34844663,0.648073153,-0.015869146,0.002947833
20.54,1.906146308,1.581098682,4.978921411,0.61753158,1.549638893,2.244437329,4.977189968,0.619960151,-0.356507415,0.663338648,-0.001731443,0.002428571
20.57,1.904474107,1.591657997,4.980501519,0.60903908,1.539846172,2.270401845,4.977519793,0.611563145,-0.364627935,0.678743848,-0.002981727,0.002524065
20.61,1.902294409,1.605471661,4.98341382,0.598501805,1.526775732,2.304996203,4.977971652,0.600336836,-0.375518677,0.699524542,-0.005442168,0.00183503
20.64,1.900703374,1.615642605,4.997031188,0.590132585,1.516992185,2.330941008,4.97834725,0.59195451,-0.383711189,0.715298403,-0.018683937,0.001821926
20.67,1.899137646,1.625650764,4.999225657,0.581910085,1.507222918,2.356881022,4.978742907,0.583596243,-0.391914728,0.731230258,-0.020482749,0.001686159
20.71,1.897098216,1.638757834,4.985877567,0.570060503,1.49419019,2.391428057,4.979295521,0.572423105,-0.402908026,0.752670223,-0.006582046,0.002362602
20.73,1.896090564,1.645204158,4.987386758,0.564030683,1.487666167,2.408679886,4.979564791,0.566815801,-0.408424397,0.763475728,-0.007821967,0.002785118
20.77,1.894112778,1.657902256,4.989867192,0.552793183,1.474629201,2.443156305,4.980097543,0.555611115,-0.419483577,0.785254049,-0.009769649,0.002817932
20.81,1.892196984,1.670339004,4.988584996,0.541557488,1.46162407,2.477609954,4.980640187,0.544458869,-0.430572914,0.807270949,-0.007944809,0.002901381
20.84,1.890823357,1.679500401,4.989965222,0.533144056,1.451863986,2.50342103,4.981070448,0.536086376,-0.438959371,0.823920629,-0.008894774,0.00294232
20.87,1.889483532,1.688502617,4.991891046,0.524646556,1.442084258,2.529204408,4.98150848,0.527681782,-0.447399273,0.840701791,-0.010382566,0.003035226
20.91,1.88773379,1.70025593,4.986751344,0.512927241,1.42903077,2.563549128,4.982104267,0.516465932,-0.458703019,0.863293198,-0.004647077,0.003538691
20.94,1.886477596,1.708888612,4.993880821,0.505074028,1.419251098,2.589298146,4.982550776,0.508096156,-0.467226498,0.880409534,-0.011330045,0.003022128
20.97,1.88526269,1.717376967,4.995882349,0.496816528,1.409467376,2.615035333,4.982996638,0.499738432,-0.475795314,0.897658366,-0.012885711,0.002921904
21.01,1.683492185,1.976464846,4.997258436,0.485942777,1.396377383,2.64931194,4.983601356,0.488543638,-0.287114801,0.672847094,-0.01365708,0.00260086
21.04,1.679714274,1.987888852,4.995310871,0.477620025,1.386531917,2.674995046,4.984051905,0.480124332,-0.293182357,0.687106194,-0.011258966,0.002504307
21.07,1.675964545,1.999173921,4.997300798,0.469172525,1.376685373,2.700671998,4.984502186,0.471731364,-0.299279172,0.701498078,-0.012798611,0.002558839
21.11,1.671028102,2.014001359,4.995603367,0.457852861,1.363552959,2.734897142,4.98508408,0.460584029,-0.307475143,0.720895783,-0.010519288,0.002731169
21.14,1.667371605,2.024939748,4.996755275,0.449559592,1.353673957,2.760544243,4.985517895,0.452194187,-0.313697649,0.735604495,-0.01123738,0.002634596
21.17,1.663739098,2.035714502,4.99874579,0.441054592,1.343771648,2.786173849,4.985942506,0.443775247,-0.31996745,0.750459347,-0.012803284,0.002720656
21.21,1.658911605,2.049823046,4.995756013,0.429832427,1.330563544,2.820331119,4.986510968,0.432573253,-0.328348061,0.770508073,-0.009245045,0.002740826
21.24,1.655316792,2.060231176,4.99948468,0.420511855,1.320664937,2.845941965,4.986926558,0.424211169,-0.334651855,0.785710789,-0.012558122,0.003699314
21.27,1.651756532,2.070482997,5.001494,0.412469355,1.310753751,2.871539727,4.987343513,0.415841016,-0.341002781,0.80105673,-0.014150487,0.003371661
21.31,1.647046397,2.083893598,5.002519428,0.400933461,1.29749463,2.905638568,4.987889671,0.404622748,-0.349551767,0.82174497,-0.014629757,0.003689287
21.34,1.643539041,2.093759225,5.010951659,0.393327172,1.287539472,2.931201189,4.988296336,0.396211049,-0.355999569,0.837441964,-0.022655323,0.002883877
21.37,1.640054828,2.103457356,5.013235781,0.384987172,1.277592092,2.956763586,4.98869454,0.387834246,-0.362462736,0.85330623,-0.024541241,0.002847074
21.41,1.635462055,2.116151237,5.012615614,0.373794498,1.264321101,2.990839648,4.989210158,0.376685485,-0.371140954,0.874688411,-0.023405456,0.002890987
21.44,1.632041476,2.125481256,5.014268266,0.365803377,1.254334373,3.016382164,4.989578256,0.368279889,-0.377707103,0.890900908,-0.024690009,0.002476512
21.47,1.628641485,2.134649101,5.016544134,0.357345877,1.244329987,3.041917983,4.989926112,0.359855645,-0.384311499,0.907268883,-0.026618021,0.002509768
21.51,1.467582715,2.400094768,5.027145153,0.347243867,1.230996148,3.075970102,4.990367079,0.348671549,-0.236586567,0.675875334,-0.036778074,0.001427682
21.54,1.46220718,2.412254939,5.023004763,0.338765649,1.220997034,3.101512884,4.990672194,0.34031459,-0.241210146,0.689257945,-0.032332568,0.001548941
21.57,1.456867211,2.424264345,5.025387973,0.330198149,1.210977815,3.127051667,4.99096391,0.331933039,-0.245889395,0.702787322,-0.034424063,0.00173489
21.61,1.449782711,2.440037392,5.014457873,0.31818696,1.1975784,3.161096273,4.991290927,0.320696577,-0.252204311,0.721058881,-0.023166946,0.002509617
21.64,1.444486593,2.45167832,5.016674048,0.309294219,1.187532415,3.186637518,4.991503438,0.312292405,-0.256954178,0.734959198,-0.02517061,0.002998185
21.67,1.439224848,2.463169769,5.018695831,0.300839219,1.177500549,3.21218903,4.991688864,0.303927474,-0.261724298,0.74901926,-0.027006967,0.003088255
21.71,1.432279317,2.478255378,5.012290974,0.289950737,1.164118567,3.246267965,4.991922141,0.292768907,-0.26816075,0.768012587,-0.020368833,0.00281817
21.74,1.427084666,2.489381265,5.015277745,0.280502312,1.154058832,3.271830467,4.992082727,0.28434778,-0.273025833,0.782449202,-0.023195017,0.003845468
21.77,1.421903989,2.50036019,5.01716521,0.272102312,1.143998666,3.297401343,4.992237941,0.275922563,-0.277905323,0.797041153,-0.024927269,0.003820252
21.81,1.415040799,2.514747309,5.018941046,0.261392068,1.130619516,3.331523078,4.992434524,0.26475721,-0.284421283,0.816775768,-0.026506522,0.003365142
21.84,1.409928853,2.52537402,5.008518674,0.254068145,1.120596918,3.357132135,4.992572294,0.256398423,-0.289331934,0.831758116,-0.01594638,0.002330278
21.87,1.404849365,2.535866363,5.010115652,0.245858145,1.11056328,3.382749651,4.992702535,0.248001371,-0.294286086,0.846883287,-0.017413117,0.002143226
21.91,1.398082305,2.549627626,5.012052583,0.235381068,1.097179036,3.41692702,4.992846783,0.236760928,-0.300903268,0.867299394,-0.0192058,0.00137986
21.94,1.393008334,2.559782981,4.99979303,0.227246065,1.087171333,3.442585711,4.992950946,0.228374885,-0.305837001,0.88280273,-0.006842084,0.00112882
21.97,1.387943814,2.569807045,5.001044701,0.218761065,1.077186921,3.46826394,4.993048355,0.220021356,-0.310756893,0.898456894,-0.007996346,0.001260291
22.01,1.164663367,2.81475916,5.008613628,0.207272723,1.063877942,3.502529652,4.993178281,0.208843501,-0.100785425,0.687770492,-0.015435347,0.001570778
22.04,1.156736992,2.827515301,4.998737779,0.19872021,1.053893969,3.528249947,4.993273125,0.200411929,-0.102843023,0.700734646,-0.005464654,0.001691718
22.07,1.148819455,2.840133649,4.99999626,0.19032771,1.043931416,3.553991165,4.993378363,0.191995011,-0.10488804,0.713857516,-0.006617897,0.001667301
22.11,1.138314345,2.856729068,5.001505078,0.180358723,1.030711705,3.588357026,4.993504795,0.180838133,-0.10760264,0.731627958,-0.008000282,0.000479411
22.14,1.130475406,2.869011354,4.99887198,0.17202983,1.020828266,3.614163237,4.993601681,0.172460718,-0.109647139,0.745151883,-0.005270299,0.000430888
22.17,1.122674921,2.881137741,5.000133656,0.16327983,1.010959823,3.639992737,4.993697565,0.16404447,-0.111715098,0.758854995,-0.006436092,0.000764639
22.21,1.112295878,2.897057373,4.991137797,0.151029815,0.997862876,3.674484101,4.993827531,0.152812682,-0.114433001,0.777426728,0.002689734,0.001782867
22.24,1.104534221,2.908810878,4.981093004,0.142187861,0.988115944,3.700399561,4.993925499,0.144440175,-0.116418277,0.791588683,0.012832495,0.002252314
22.27,1.096799869,2.920417803,4.981829218,0.133932861,0.978419377,3.726350231,4.994027557,0.136081818,-0.118380492,0.805932429,0.012198339,0.002148957
22.31,1.086503891,2.935652142,4.980760135,0.123723125,0.96555901,3.761015389,4.994187329,0.124874763,-0.120944881,0.825363246,0.013427193,0.001151638
22.34,1.078782917,2.946903346,4.988374681,0.115570151,0.955980615,3.787066921,4.994332154,0.116443115,-0.122802302,0.840163575,0.005957473,0.000872964
22.37,1.071084361,2.957989274,4.989455639,0.107362651,0.946474912,3.81316111,4.994505065,0.108044801,-0.124609448,0.855171836,0.005049426,0.000682149
22.41,1.060852312,2.972526255,4.98244032,0.09592707,0.933940575,3.848033999,4.994774257,0.09690479,-0.126911737,0.875507744,0.012333937,0.00097772
22.44,1.053180744,2.983244163,4.977678466,0.086796974,0.924623934,3.874248312,4.995005087,0.08851334,-0.12855681,0.89100415,0.017326621,0.001716366
22.47,1.045496239,2.993791036,4.978566997,0.078226974,0.915369076,3.900506767,4.995244289,0.080082703,-0.130127163,0.906715731,0.016677292,0.001855729
22.51,0.882705104,3.298790508,4.985276507,0.067028461,0.903185547,3.935604304,4.995599208,0.068866246,0.020480443,0.636813796,0.010322701,0.001837785
22.54,0.873051213,3.312888159,4.983985374,0.058665235,0.89418527,3.961994584,4.995888635,0.060507807,0.021134057,0.649106424,0.011903261,0.001842572
22.57,0.863425749,3.3268465,4.985196826,0.050215235,0.885273776,3.988433525,4.996206945,0.052127707,0.021848027,0.661587025,0.011010119,0.001912472
22.61,0.85062045,3.345259143,4.997492401,0.038632436,0.873548072,4.023760438,4.996671709,0.040869321,0.022927622,0.678501294,-0.000820692,0.002236885
22.64,0.841012537,3.358916418,4.996809448,0.028468318,0.86491881,4.050263979,4.997052513,0.03245333,0.023906273,0.691347561,0.000243065,0.003985013
22.67,0.831396281,3.372451624,4.998510376,0.020430818,0.856445098,4.076718375,4.997456116,0.024079097,0.025048817,0.704266751,-0.00105426,0.003648279
22.71,0.818605217,3.390291263,4.996366899,0.008790754,0.845433261,4.111773077,4.998032026,0.012921435,0.026828044,0.721481814,0.001665128,0.004130681
22.74,0.80903042,3.403516313,4.97906544,0.000384437,0.837373234,4.137792975,4.998501501,0.00462781,0.028342814,0.734276663,0.01943606,0.004243372
22.77,0.799458826,3.41661917,4.98028994,-0.007978063,0.829474805,4.163557119,4.998999102,-0.003593829,0.030015978,0.746937949,0.018709162,0.004384234
22.81,0.786678291,3.433878803,4.987969725,-0.019853926,0.819304034,4.197357624,4.99973786,-0.014653185,0.032625743,0.763478822,0.011768135,0.005200741
22.84,0.77708515,3.446663357,4.986051679,-0.028383655,0.811959427,4.22224223,5.000359188,-0.023060419,0.034874277,0.775578874,0.01430751,0.005323236
22.87,0.767495152,3.459304755,4.98771773,-0.036438655,0.804804305,4.246764944,5.001047088,-0.031400688,0.037309153,0.787460189,0.013329358,0.005037966
22.91,0.754706427,3.475937548,4.993933508,-0.047868634,0.795615429,4.278772404,5.002052285,-0.042314998,0.040909002,0.802834856,0.008118777,0.005553636
22.94,0.745079803,3.488261178,4.997270201,-0.055387523,0.789033899,4.302243164,5.002878574,-0.050580197,0.043954096,0.813981986,0.005608373,0.004807326
22.97,0.73543248,3.500457206,4.999479935,-0.063722523,0.782696363,4.325318258,5.003743446,-0.058990168,0.047263883,0.824861052,0.004263511,0.004732355
23.01,0.737703404,3.767854229,5.005391968,-0.074173521,0.774667103,4.355354909,5.004966823,-0.070190969,0.036963699,0.58750068,-0.000425145,0.003982552
23.04,0.728333066,3.78308804,5.013803553,-0.082661299,0.768946407,4.377334799,5.00591585,-0.078408371,0.040613341,0.594246759,-0.007887703,0.004252928
23.07,0.718931574,3.798188697,5.016583805,-0.090928799,0.763468163,4.398915377,5.006884525,-0.086592965,0.044536589,0.60072668,-0.00969928,0.004335835
23.11,0.706359332,3.818134424,5.01737314,-0.101023772,0.756659067,4.426945193,5.008189374,-0.097709027,0.050299735,0.608810768,-0.009183766,0.003314745
23.14,0.696914962,3.832976893,5.014899626,-0.109042019,0.751919622,4.447372709,5.009158426,-0.106100073,0.055004661,0.614395817,-0.0057412,0.002941946
23.17,0.687453262,3.847737524,5.017665211,-0.117307019,0.747430309,4.467327493,5.010117403,-0.114353464,0.059977047,0.619589968,-0.007547808,0.002953555
23.21,0.67479102,3.867279851,5.016783321,-0.128129603,0.741915902,4.492976813,5.011359202,-0.125151709,0.067124882,0.625696962,-0.005424119,0.002977894
23.24,0.665271688,3.88182856,5.022261766,-0.135374669,0.738169471,4.511420366,5.012267911,-0.133438957,0.072897783,0.629591805,-0.009993855,0.001935712
23.27,0.655745749,3.896274232,5.025182009,-0.143559669,0.734709166,4.529251897,5.013150422,-0.141903596,0.078963418,0.632977665,-0.012031587,0.001656073
23.31,0.642994661,3.915392876,5.040553851,-0.155236121,0.730584434,4.551868318,5.01429275,-0.153022556,0.087589773,0.636475442,-0.026261101,0.002213564
23.34,0.63338503,3.929621827,5.035522573,-0.163597891,0.727853153,4.567945686,5.01510377,-0.161110897,0.094468122,0.63832386,-0.020418803,0.002486994
23.37,0.623742944,3.943749985,5.038679812,-0.172185391,0.725410052,4.583373133,5.015880095,-0.169276894,0.101667108,0.639623148,-0.022799717,0.002908497
23.41,0.61083419,3.962453767,5.034582046,-0.183309295,0.722708935,4.602757526,5.016803861,-0.18055994,0.111874745,0.640303758,-0.017778185,0.002749355
23.44,0.601134085,3.976386924,5.030538632,-0.190752467,0.721083669,4.616421409,5.017418708,-0.188995565,0.119949583,0.640034485,-0.013119925,0.001756901
23.47,0.591400869,3.990241699,5.033257993,-0.198899967,0.719739153,4.629462025,5.017975284,-0.197223822,0.128338284,0.639220326,-0.015282709,0.001676145
23.51,0.594024421,4.206801271,5.036710918,-0.210501813,0.718495948,4.645723059,5.018617224,-0.208122971,0.124471527,0.438921788,-0.018093694,0.002378842
23.54,0.584398138,4.223058226,5.04261384,-0.218071522,0.718012332,4.657088103,5.019027313,-0.216561333,0.133614194,0.434029876,-0.023586527,0.001510189
23.57,0.574729892,4.239228123,5.045501469,-0.226106522,0.717852474,4.667864328,5.0193857,-0.225089582,0.143122581,0.428636205,-0.02611577,0.00101694
23.61,0.561781513,4.260672349,5.051465171,-0.236919179,0.718205124,4.681177803,5.019773876,-0.236159817,0.156423611,0.420505454,-0.031691296,0.000759361
23.64,0.552026382,4.276682402,5.05029894,-0.244972592,0.718906872,4.690360516,5.019981944,-0.244317786,0.16688049,0.413678113,-0.030316997,0.000654806
23.67,0.542218537,4.292651244,5.053171543,-0.253245092,0.719950594,4.698932419,5.020128384,-0.252638121,0.177732056,0.406281175,-0.033043159,0.000606971
23.71,0.529060029,4.31387515,5.054687975,-0.26416612,0.721963298,4.709193207,5.020173545,-0.2640495,0.192903268,0.395318057,-0.03451443,0.000116621
23.74,0.519132314,4.329729672,5.060359171,-0.271875977,0.723898972,4.715980177,5.020102539,-0.272425476,0.204766658,0.386250505,-0.040256631,-0.000549498
23.77,0.509140523,4.345529078,5.06325238,-0.280315977,0.726134559,4.722090123,5.019942592,-0.280571613,0.216994036,0.376561045,-0.043309788,-0.000255636
23.81,0.495720818,4.366535719,5.042681528,-0.292397519,0.729704375,4.728964678,5.019574367,-0.29154441,0.233983557,0.362428959,-0.023107161,0.000853109
23.84,0.485595944,4.382229666,5.032137376,-0.300521133,0.732842039,4.733159058,5.019160711,-0.300101832,0.247246095,0.350929392,-0.012976665,0.000419301
23.87,0.475421131,4.397883804,5.033842239,-0.308993633,0.736298778,4.736662256,5.018658094,-0.308645337,0.260877648,0.338778452,-0.015184145,0.000348296
23.91,0.46175001,4.418694086,5.032145338,-0.319193316,0.741469528,4.740087974,5.017849307,-0.319612443,0.279719518,0.321393888,-0.014296032,-0.000419128
23.94,0.45140643,4.434272067,5.037919848,-0.327386898,0.74579782,4.741730443,5.017162154,-0.327821158,0.29439139,0.307458375,-0.020757695,-0.00043426
23.97,0.440999787,4.449818821,5.039683482,-0.335446898,0.750478046,4.742703521,5.016420048,-0.336270143,0.309478259,0.2928847,-0.023263434,-0.000823245
24.01,0.416004379,4.485960956,5.043239704,-0.346123223,0.757351492,4.742804034,5.015327873,-0.347704152,0.341347113,0.256843078,-0.027911831,-0.001580929
24.04,0.405317405,4.501565539,5.03017675,-0.355147146,0.762955214,4.742013862,5.014434657,-0.356024005,0.35763781,0.240448323,-0.015742093,-0.00087686
24.07,0.39456469,4.517152302,5.031572726,-0.363607146,0.768893266,4.740606731,5.013478009,-0.364223287,0.374328575,0.223454429,-0.018094717,-0.000616141
24.11,0.38010856,4.537910961,5.027469693,-0.374611541,0.777474009,4.737606885,5.012090435,-0.375397703,0.397365449,0.199695924,-0.015379258,-0.000786162
24.14,0.369180884,4.553460071,5.028716992,-0.382581161,0.784415555,4.734532072,5.010962791,-0.383961937,0.415234671,0.181072001,-0.017754201,-0.001380777
24.17,0.358187976,4.569001678,5.029963146,-0.391133661,0.791707341,4.730875415,5.00979262,-0.392427245,0.433519365,0.161873737,-0.020170527,-0.001293585
24.21,0.343386769,4.589720236,5.024151349,-0.401634743,0.802064785,4.724957731,5.008147653,-0.403432565,0.458678017,0.135237494,-0.016003695,-0.001797823
24.24,0.332177264,4.605267079,5.031959774,-0.4102893,0.810344241,4.719740143,5.006861031,-0.411775021,0.478166977,0.114473064,-0.025098743,-0.001485722
24.27,0.32089765,4.620795513,5.033242513,-0.4186718,0.819009882,4.713961046,5.005525078,-0.420284749,0.498112232,0.093165533,-0.027717435,-0.00161295
24.31,0.305742689,4.641492538,5.042609758,-0.429409739,0.831244839,4.705256876,5.003672239,-0.431625267,0.52550215,0.063764338,-0.038937519,-0.002215527
24.34,0.294267972,4.657025296,5.023458341,-0.43750506,0.840911242,4.698005716,5.00222102,-0.439937301,0.546643271,0.04098042,-0.021237321,-0.002432241
24.37,0.282690703,4.672558138,5.024394079,-0.44601256,0.85094901,4.690232035,5.000721388,-0.448228732,0.568258307,0.017673897,-0.023672691,-0.002216172
24.41,0.267100692,4.693290412,5.027242696,-0.456535647,0.865050041,4.678910067,4.998611025,-0.459508809,0.597949349,-0.014380346,-0.028631671,-0.002973163
24.44,0.255303977,4.708863611,5.012734113,-0.463786058,0.876154645,4.669718624,4.996954499,-0.468025383,0.620850668,-0.039144987,-0.015779614,-0.004239325
24.47,0.243407268,4.724454277,5.013295596,-0.472001058,0.887625536,4.660034685,4.995260822,-0.476432712,0.644218268,-0.064419592,-0.018034774,-0.004431654
24.51,0.443372512,4.688646643,5.005288176,-0.483378729,0.903599744,4.646229804,4.99292696,-0.487514989,0.460227232,-0.042416839,-0.012361216,-0.00413626
24.54,0.4342146,4.703441091,5.002271764,-0.491019377,0.916122096,4.635200024,4.991140175,-0.495948104,0.481907496,-0.068241067,-0.011131589,-0.004928727
24.57,0.424967547,4.718247368,5.002532016,-0.499626877,0.929038864,4.623685071,4.989323228,-0.504476014,0.504071317,-0.094562297,-0.013208789,-0.004849137
24.61,0.412496483,4.738034529,4.996035458,-0.509480777,0.946941255,4.607472674,4.986879473,-0.515772527,0.534444772,-0.130561855,-0.009155985,-0.006291751
24.64,0.403023007,4.752921876,4.987672296,-0.518065965,0.960853987,4.594678875,4.985030039,-0.524124982,0.55783098,-0.158243001,-0.002642257,-0.006059017
24.67,0.393435215,4.767849455,4.987648332,-0.526415965,0.975126555,4.581410456,4.983179469,-0.532500583,0.581691339,-0.186438999,-0.004468863,-0.006084618
24.71,0.38047791,4.78780392,4.992200147,-0.538508194,0.994813019,4.562827351,4.980696745,-0.543845244,0.614335109,-0.224976569,-0.011503403,-0.005337049
24.74,0.37065693,4.802817901,5.001524969,-0.546948595,1.010029473,4.548223363,4.978837064,-0.552350185,0.639372543,-0.254594537,-0.022687905,-0.00540159
24.77,0.360723424,4.817884108,5.002160317,-0.555401095,1.02554678,4.533139296,4.976980944,-0.560748065,0.664823356,-0.284744813,-0.025179373,-0.00534697
24.81,0.34730021,4.838046416,4.99781338,-0.566196201,1.046785845,4.5121321,4.974507447,-0.57188152,0.699485634,-0.325914316,-0.023305933,-0.005685319
24.84,0.337107233,4.853218311,5.001753696,-0.574121821,1.063135729,4.495690906,4.972637295,-0.580367808,0.726028496,-0.357527405,-0.029116401,-0.006245987
24.87,0.326807623,4.868426914,5.00253647,-0.582604321,1.079776228,4.47875788,4.970744278,-0.588912324,0.752968605,-0.389669034,-0.031792191,-0.006308003
24.91,0.312891639,4.888793553,5.004586066,-0.594039909,1.102446996,4.455309551,4.968199056,-0.600165325,0.789555357,-0.433484002,-0.03638701,-0.006125415
24.94,0.302314155,4.904141386,5.001401541,-0.602605811,1.119800951,4.437081659,4.966267855,-0.608513636,0.817486796,-0.467059728,-0.035133686,-0.005907825
24.97,0.291620714,4.919552092,5.002250755,-0.610858311,1.137421525,4.418383353,4.964325951,-0.616926134,0.845800811,-0.501168739,-0.037924804,-0.006067823
25.01,0.61796814,4.670821072,4.989959043,-0.621170686,1.161397493,4.392606297,4.961689548,-0.628291663,0.543429354,-0.278214775,-0.028269495,-0.007120977
25.04,0.611627459,4.682701156,4.993112136,-0.629066761,1.17970605,4.372674544,4.95969527,-0.636753157,0.568078591,-0.310026612,-0.033416867,-0.007686397
25.07,0.605162298,4.694650605,4.993801472,-0.637324261,1.1982379,4.352325531,4.957693158,-0.645124836,0.593075602,-0.342325074,-0.036108314,-0.007800575
25.11,0.596333184,4.710713297,4.993860929,-0.64869415,1.223368998,4.324430423,4.955046699,-0.656324735,0.627035814,-0.386282874,-0.038814229,-0.007630584
25.14,0.589561488,4.722869261,4.992259618,-0.657081153,1.242523653,4.302947901,4.953066092,-0.664822361,0.652962165,-0.419921361,-0.039193526,-0.007741208
25.18,0.580350396,4.739197208,4.983054772,-0.667363545,1.268373102,4.273664119,4.950446309,-0.676095386,0.688022706,-0.465533089,-0.032608463,-0.008731841
25.21,0.573293822,4.751535872,4.983658716,-0.675653545,1.287960656,4.251237902,4.948496543,-0.684446775,0.714666834,-0.500297969,-0.035162173,-0.008793229
25.24,0.566095358,4.763958498,4.975463449,-0.683254422,1.30774235,4.228341588,4.946574965,-0.692805734,0.741646991,-0.535616911,-0.028888484,-0.009551312
25.27,0.558765561,4.776452967,4.975975827,-0.691729422,1.327676353,4.205064011,4.944672786,-0.701256098,0.768910792,-0.571388956,-0.031303041,-0.009526676
25.31,0.548818474,4.793238632,4.979699633,-0.702557992,1.354486135,4.173354588,4.942183786,-0.712580399,0.805667662,-0.619884043,-0.037515847,-0.010022407
25.34,0.54122355,4.80592034,4.969238355,-0.710732965,1.374717821,4.149099479,4.940373894,-0.720959388,0.83349427,-0.65682086,-0.028864461,-0.010226423
25.37,0.533507702,4.818692616,4.969788183,-0.719200465,1.395029955,4.124504004,4.938608697,-0.72928874,0.861522253,-0.694188612,-0.031179486,-0.010088275
25.41,0.523015443,4.835855199,4.964006458,-0.730626256,1.422266443,4.091072967,4.936340713,-0.740513095,0.899251,-0.744782232,-0.027665745,-0.009886838
25.44,0.514995294,4.848812545,4.953191656,-0.738931167,1.442786751,4.065536889,4.934697149,-0.749009992,0.927791457,-0.783275655,-0.018494507,-0.010078825
25.47,0.506854,4.861868491,4.953545059,-0.747196167,1.463344819,4.03968822,4.933113304,-0.757448127,0.956490819,-0.82218027,-0.020431755,-0.01025196
25.51,0.764192288,4.487788112,4.947474078,-0.759858336,1.49079686,4.004672677,4.931110391,-0.768554688,0.726604572,-0.483115435,-0.016363687,-0.008696352
25.54,0.759327962,4.495783545,4.937598363,-0.769546251,1.511423312,3.97798903,4.929714232,-0.776938537,0.75209535,-0.517794515,-0.007884131,-0.007392286
25.57,0.75432688,4.503887058,4.937837434,-0.777856251,1.532073773,3.951001247,4.928386326,-0.785409866,0.777746894,-0.552885811,-0.009451108,-0.007553615
25.61,0.747457746,4.514834875,4.929461863,-0.788576963,1.559602618,3.914512957,4.926759055,-0.796725957,0.812144872,-0.600321918,-0.002702808,-0.008148994
25.64,0.742158531,4.523151569,4.926056899,-0.797604689,1.580203754,3.886828893,4.925669235,-0.805086247,0.838045223,-0.636322677,-0.000387665,-0.007481558
25.67,0.736722622,4.53158216,4.926401241,-0.806199689,1.600769692,3.858936801,4.924683711,-0.813393751,0.86404707,-0.672645359,-0.00171753,-0.007194062
25.71,0.729248183,4.542988016,4.931556057,-0.817927201,1.628147795,3.821388406,4.923584222,-0.824542145,0.898899612,-0.721599609,-0.007971835,-0.006614944
25.74,0.723502042,4.551661281,4.931049025,-0.825758673,1.64863974,3.793004545,4.922912877,-0.832935272,0.925137698,-0.758656736,-0.008136148,-0.007176599
25.77,0.717634646,4.560445089,4.932072262,-0.834008673,1.669078993,3.764501676,4.92236358,-0.841280782,0.951444347,-0.795943414,-0.009708682,-0.007272108
25.81,0.709594817,4.572329113,4.935160167,-0.844570476,1.696214942,3.726326083,4.92183449,-0.852325954,0.986620126,-0.84600303,-0.013325677,-0.007755478
25.84,0.703398144,4.581366556,4.9428774,-0.85262536,1.71648634,3.697571038,4.92159956,-0.860642442,1.013088197,-0.883795518,-0.02127784,-0.008017081
25.87,0.697069755,4.590518272,4.944692184,-0.86090036,1.736694603,3.668736437,4.921466277,-0.869004448,1.039624847,-0.921781836,-0.023225907,-0.008104087
25.91,0.688435746,4.602894458,4.946463972,-0.87238213,1.763476507,3.630202274,4.921479085,-0.880146005,1.07504076,-0.972692184,-0.024984887,-0.007763875
25.94,0.681805239,4.612316222,4.94859444,-0.881338559,1.783408413,3.601275554,4.921616421,-0.888447439,1.101603173,-1.011040668,-0.02697802,-0.00710888
25.97,0.675050886,4.62187046,4.950917993,-0.889638559,1.803226772,3.572330775,4.921847288,-0.896750474,1.128175886,-1.049539685,-0.029070705,-0.007111915
26.01,0.958079339,4.21216646,4.944671039,-0.900806528,1.829443991,3.533701621,4.92230635,-0.907905667,0.871364652,-0.678464838,-0.02236469,-0.007099139
26.04,0.954948386,4.216317806,4.948304902,-0.909794204,1.848923676,3.504735879,4.922753678,-0.916291485,0.89397529,-0.711581927,-0.025551224,-0.006497281
26.07,0.951688837,4.220579096,4.950830702,-0.918119204,1.868246325,3.475803979,4.923279858,-0.924634162,0.916557488,-0.744775117,-0.027550844,-0.006514958
26.11,0.947158994,4.226438957,4.945270687,-0.931195802,1.89370615,3.437309512,4.924131341,-0.935728313,0.946547156,-0.789129445,-0.021139347,-0.004532511
26.14,0.943623645,4.230948447,4.939871788,-0.939273762,1.912562518,3.408514508,4.924870133,-0.944096032,0.968938873,-0.822433939,-0.015001655,-0.00482227
26.17,0.939961146,4.235570851,4.942341443,-0.947643762,1.931224236,3.379804347,4.925686431,-0.952493791,0.991263091,-0.855766505,-0.016655012,-0.004850029
26.21,0.934925508,4.241938001,4.953846637,-0.958035755,1.955681895,3.341712656,4.926892624,-0.963543353,1.020756387,-0.900225346,-0.026954013,-0.005507598
26.24,0.931028975,4.246895705,4.953609133,-0.967490428,1.973609826,3.313201377,4.927853332,-0.971749172,1.042580851,-0.933694328,-0.025755801,-0.004258743
26.27,0.927064365,4.251998395,4.956584669,-0.975815428,1.991135067,3.284631534,4.928846327,-0.980169098,1.064070701,-0.967366861,-0.027738342,-0.00435367
26.31,0.921698497,4.25901652,4.967869456,-0.987036046,2.013496944,3.246289885,4.930153868,-0.99191989,1.091798447,-1.012726636,-0.037715588,-0.004883843
26.34,0.917607152,4.264440655,4.964015465,-0.994191688,2.029276971,3.217270814,4.931070934,-1.00039604,1.111669819,-1.047169841,-0.032944532,-0.006204352
26.37,0.913429583,4.2700127,4.967092421,-1.002451688,2.044227934,3.188004909,4.931903585,-1.008460293,1.130798351,-1.082007791,-0.035188836,-0.006008605
26.41,0.907725854,4.277674904,4.955296433,-1.013667071,2.062535431,3.148414077,4.932845389,-1.019709172,1.154809577,-1.129260827,-0.022451045,-0.006042101
26.44,0.903354119,4.283564118,4.941010959,-1.022304346,2.074981353,3.118260199,4.933379446,-1.028904101,1.171627233,-1.165303919,-0.007631512,-0.006599755
26.47,0.898910826,4.289585399,4.943000817,-1.030739346,2.08644947,3.087798533,4.933799108,-1.037894724,1.187538644,-1.201786865,-0.009201709,-0.007155378
26.51,1.223918702,3.803314339,4.941585019,-1.041267724,2.099918204,3.046666459,4.93415563,-1.048723196,0.875999502,-0.75664788,-0.007429389,-0.007455472
26.54,1.223660568,3.803076527,4.942777475,-1.048513072,2.108677995,3.015421486,4.934312478,-1.05696732,0.885017427,-0.78765504,-0.008464997,-0.008454248
26.57,1.223300684,3.802969015,4.944652327,-1.056968072,2.116488758,2.983890565,4.934388321,-1.065868492,0.893188074,-0.81907845,-0.010264006,-0.00890042
26.61,1.222699959,3.803019606,4.954966229,-1.0681786,2.125176733,2.941412052,4.934326583,-1.078125148,0.902476775,-0.861607555,-0.020639645,-0.009946548
26.64,1.22217154,3.803197592,4.962948139,-1.075963306,2.130384882,2.909311394,4.934162039,-1.086579731,0.908213342,-0.893886198,-0.0287861,-0.010616424
26.67,1.221574933,3.803515765,4.965271082,-1.084103306,2.134640665,2.877051044,4.933904677,-1.094651307,0.913065732,-0.926464721,-0.031366405,-0.010548
26.71,1.220676407,3.804167373,4.956037205,-1.096883466,2.138586957,2.833720489,4.933392995,-1.105918517,0.91791055,-0.970446884,-0.02264421,-0.009035051
26.74,1.219926971,3.804806856,4.952651037,-1.105665613,2.14027489,2.801008739,4.932850574,-1.114898152,0.920347919,-1.003798117,-0.019800464,-0.009232539
26.77,1.21912369,3.805589392,4.954430914,-1.113800613,2.141052619,2.768193477,4.932212821,-1.123659923,0.921928928,-1.037395915,-0.022218094,-0.00985931
26.81,1.217950583,3.806852003,4.958854342,-1.125306067,2.140487771,2.724332297,4.931237816,-1.134527691,0.922537188,-1.082519705,-0.027616525,-0.009221624
26.84,1.217004869,3.807985471,4.948705942,-1.131227749,2.138954643,2.691379727,4.930468103,-1.142813139,0.921949774,-1.116605744,-0.018237838,-0.01158539
26.87,1.216003891,3.809260137,4.950323068,-1.139785249,2.136675393,2.658405134,4.929672988,-1.151482038,0.920671502,-1.150855004,-0.02065008,-0.01169679
26.91,1.214583773,3.811146902,4.950308956,-1.150919985,2.132344022,2.61449505,4.928577135,-1.16304516,0.917760249,-1.196651852,-0.021731821,-0.012125174
26.93,1.213840265,3.812183787,4.95160508,-1.156315424,2.129675983,2.592603224,4.928025433,-1.168558166,0.915835718,-1.219580563,-0.023579647,-0.012242742
26.97,1.21228268,3.814474783,4.953958905,-1.167460424,2.123409362,2.548971595,4.926940106,-1.179393616,0.911126682,-1.265503188,-0.027018799,-0.011933192
27.01,1.466888688,3.292133872,4.946826841,-1.179178472,2.116006762,2.505540356,4.92590256,-1.190696787,0.649118074,-0.786593516,-0.020924281,-0.011518315
27.04,1.468973964,3.287230916,4.948769076,-1.187691429,2.10973122,2.47315234,4.925154877,-1.199306302,0.640757256,-0.814078576,-0.0236142,-0.011614873
27.07,1.471022953,3.282476984,4.950557358,-1.195878929,2.102952161,2.440947099,4.924449199,-1.207707701,0.631929208,-0.841529885,-0.026108159,-0.011828772
27.11,1.473691287,3.276379956,4.954685484,-1.20672283,2.093039336,2.398373071,4.923600314,-1.218677131,0.619348048,-0.878006886,-0.03108517,-0.0119543
27.14,1.475659711,3.271981156,4.961711931,-1.214413622,2.084972043,2.366706174,4.92303638,-1.227111482,0.609312333,-0.905274981,-0.038675551,-0.01269786
27.17,1.477624889,3.267707344,4.964081969,-1.222591122,2.076433541,2.335239281,4.922510168,-1.235676811,0.598808652,-0.932468063,-0.0415718,-0.013085689
27.21,1.48025568,3.262217439,4.977451879,-1.233777704,2.064139864,2.29370186,4.921871764,-1.246840644,0.583884185,-0.968515579,-0.055580115,-0.013062941
27.24,1.482231021,3.258279739,4.979859013,-1.242087237,2.054237137,2.262872573,4.921412089,-1.254986077,0.572006116,-0.995407166,-0.058446924,-0.01289884
27.27,1.48419647,3.254496696,4.982824111,-1.250507237,2.043864601,2.232261316,4.920973135,-1.263263763,0.559668131,-1.022235381,-0.061850976,-0.012756526
27.31,1.486804503,3.249683364,4.980224883,-1.261944313,2.029238366,2.191854699,4.920394006,-1.274669085,0.542433863,-1.057828665,-0.059830877,-0.012724771
27.34,1.488757591,3.246231353,4.982068694,-1.269827921,2.017717979,2.161917378,4.919978341,-1.283122856,0.528960388,-1.084313974,-0.062090354,-0.013294935
27.37,1.490718153,3.242919159,4.985034736,-1.278265421,2.005830081,2.132277284,4.919575683,-1.291396015,0.515111929,-1.110641874,-0.065459053,-0.013130594
27.41,1.493346244,3.238743413,4.981199293,-1.28864561,1.989378044,2.09328466,4.919112181,-1.30243707,0.4960318,-1.145458753,-0.062087111,-0.013791461
27.44,1.495332359,3.235770564,4.979317798,-1.297220564,1.976642735,2.064420336,4.918820624,-1.31090243,0.481310377,-1.171350228,-0.060497174,-0.013681866
27.47,1.497326323,3.232933694,4.982256395,-1.305615564,1.963639516,2.03585646,4.918573103,-1.319383381,0.466313193,-1.197077234,-0.063683292,-0.013767816
27.51,1.585542518,2.76234345,4.96788008,-1.316911135,1.945837569,1.998377592,4.918331666,-1.330492828,0.360295051,-0.763965858,-0.049548414,-0.013581693
27.54,1.588606642,2.753660088,4.975385102,-1.325010772,1.932172007,1.970713674,4.918220251,-1.338777786,0.343565365,-0.782946414,-0.057164851,-0.013767014
27.57,1.591666703,2.745114192,4.978328455,-1.333553272,1.918301813,1.943349209,4.918172415,-1.347155894,0.32663511,-0.801764983,-0.06015604,-0.013602622
27.61,1.595781956,2.733908635,4.981351666,-1.344879714,1.899450005,1.907426995,4.918220633,-1.358463874,0.303668049,-0.826481641,-0.063131033,-0.01358416
27.64,1.598907465,2.725648953,4.992875665,-1.353754402,1.885021881,1.880957947,4.918344061,-1.366844978,0.286114417,-0.844691006,-0.074531604,-0.013090576
27.67,1.602059089,2.717516196,4.99644493,-1.362294402,1.870360755,1.854836723,4.918508331,-1.375120991,0.268301666,-0.862679473,-0.077936599,-0.012826589
27.71,1.606299432,2.706905225,4.997197185,-1.374254939,1.850350798,1.820582006,4.918797413,-1.386220358,0.244051366,-0.886323219,-0.078399772,-0.011965419
27.74,1.609521773,2.699109211,4.999128986,-1.382757811,1.834985676,1.795289517,4.919021924,-1.394743564,0.225463904,-0.903819694,-0.080107062,-0.011985753
27.77,1.612769376,2.691426998,5.002789073,-1.391220311,1.819362582,1.770309351,4.919250963,-1.403266037,0.206593205,-0.921117647,-0.08353811,-0.012045725
27.81,1.617121925,2.681374036,4.991836822,-1.402921127,1.79808851,1.737617644,4.919568607,-1.414385592,0.180966585,-0.943756391,-0.072268215,-0.011464464
27.84,1.620411164,2.673993882,4.985866035,-1.412095449,1.781846082,1.713536172,4.919828003,-1.422704365,0.161434918,-0.96045771,-0.066038032,-0.010608916
27.87,1.623704565,2.666749161,4.988986204,-1.420337949,1.765425865,1.689746787,4.920106771,-1.431129079,0.1417213,-0.977002374,-0.068879433,-0.01079113
27.91,1.628118266,2.657252104,4.986557911,-1.431447938,1.743245412,1.658585362,4.920525728,-1.442427339,0.115127147,-0.998666742,-0.066032183,-0.0109794
27.94,1.631450638,2.650253898,4.986993748,-1.439818807,1.726419329,1.635674293,4.920895651,-1.450792238,0.094968691,-1.014579605,-0.066098096,-0.010973431
27.97,1.634816523,2.643386732,4.990137487,-1.448278807,1.709471508,1.613090597,4.921300227,-1.459108741,0.074654985,-1.030296135,-0.068837259,-0.010829934
28.01,1.591455502,2.238116312,4.982418266,-1.460228868,1.686682439,1.583516615,4.921908136,-1.470284988,0.095226937,-0.654599697,-0.060510129,-0.01005612
28.04,1.594175792,2.226310524,4.984329643,-1.468971953,1.669466136,1.561728148,4.92239081,-1.478734007,0.075290344,-0.664582376,-0.061938833,-0.009762054
28.07,1.59694505,2.214602066,4.987365117,-1.477309453,1.652166737,1.540251003,4.92290486,-1.487153906,0.055221687,-0.674351063,-0.064460258,-0.009844453
28.11,1.600690662,2.199171464,4.985422259,-1.489320164,1.628958232,1.512195952,4.923633932,-1.498272183,0.02826757,-0.686975511,-0.061788328,-0.008952019
28.14,1.603533049,2.187757683,4.97769206,-1.498833872,1.611439763,1.491545678,4.924226766,-1.50663057,0.007906714,-0.696212005,-0.053465293,-0.007796699
28.17,1.606414587,2.176454567,4.980449453,-1.507048872,1.593825032,1.471158486,4.924838192,-1.515050844,-0.012589555,-0.70529608,-0.055611261,-0.008001972
28.21,1.610317193,2.161505528,4.982263454,-1.518845509,1.57012503,1.444489272,4.925685812,-1.526279956,-0.040192163,-0.717016256,-0.056577641,-0.007434446
28.24,1.613278048,2.150429058,4.970639285,-1.527319263,1.552173868,1.424892426,4.926336025,-1.534586942,-0.06110418,-0.725536632,-0.04430326,-0.007267679
28.27,1.616260875,2.139482227,4.973089185,-1.535926763,1.534098565,1.405566619,4.927001537,-1.542881203,-0.08216231,-0.733915607,-0.046087648,-0.006954439
28.31,1.620275124,2.125048549,4.97216071,-1.548024718,1.50979552,1.380240766,4.927899837,-1.554087138,-0.110479604,-0.744807783,-0.044260873,-0.00606242
28.34,1.6233353,2.114349223,4.974175844,-1.556429548,1.491442456,1.361586941,4.928584768,-1.562524482,-0.131892844,-0.752762283,-0.045591076,-0.006094934
28.37,1.626421081,2.103752627,4.976680125,-1.564924548,1.473014782,1.343202637,4.929287242,-1.570898194,-0.153406298,-0.76054999,-0.047392882,-0.005973646
28.41,1.630582368,2.089817472,4.977962934,-1.576173925,1.448336206,1.319161266,4.930238232,-1.581998058,-0.182246162,-0.770656207,-0.047724702,-0.005824133
28.44,1.633747883,2.079501433,4.974637338,-1.585971847,1.429765984,1.301431086,4.930970952,-1.590380308,-0.203981899,-0.778070347,-0.043666386,-0.004408461
28.47,1.636945553,2.069270955,4.977117212,-1.594279347,1.411161562,1.283910548,4.931703657,-1.598799623,-0.225783991,-0.785360407,-0.045413555,-0.004520277
28.52,1.468802258,1.626224746,4.971898111,-1.608976603,1.380088741,1.255328727,4.932950474,-1.612761466,-0.088713517,-0.370896019,-0.038947637,-0.003784863
28.54,1.469416807,1.615835968,4.970087391,-1.613836548,1.367645505,1.244090862,4.933453969,-1.618318375,-0.101771302,-0.371745107,-0.036633423,-0.004481826
28.57,1.470363783,1.600355843,4.972360581,-1.622444048,1.348970364,1.227406604,4.934227899,-1.62666261,-0.12139342,-0.37294924,-0.038132682,-0.004218561
28.61,1.471692742,1.579852496,4.965823378,-1.634211792,1.324051505,1.205486704,4.935283169,-1.637855048,-0.147641237,-0.374365792,-0.030540209,-0.003643256
28.64,1.472747491,1.564571527,4.962473027,-1.641573845,1.305339759,1.189317097,4.936103182,-1.646240269,-0.167407731,-0.37525443,-0.026369845,-0.004666423
28.67,1.473868901,1.549376643,4.964514672,-1.649903845,1.286597499,1.173360808,4.936939731,-1.654574132,-0.187271402,-0.376015835,-0.027574941,-0.004670287
28.71,1.475477995,1.529294219,4.961808486,-1.661150476,1.261516775,1.152434632,4.938087333,-1.665655772,-0.213961219,-0.376859586,-0.023721153,-0.004505295
28.74,1.476746982,1.514364104,4.963769801,-1.670093394,1.242619291,1.136954194,4.938966545,-1.674059286,-0.234127691,-0.37740991,-0.024803255,-0.003965893
28.77,1.478067654,1.499533156,4.965829136,-1.678428394,1.223659812,1.121633421,4.939851864,-1.682500856,-0.254407841,-0.377899734,-0.025977272,-0.004072462
28.81,1.479902099,1.479899482,4.96422104,-1.690836334,1.19828654,1.101538102,4.941049958,-1.693664037,-0.281615559,-0.37836138,-0.023171082,-0.002827703
28.84,1.481338148,1.465308077,4.96714771,-1.699612096,1.179204258,1.086697803,4.941950446,-1.701988981,-0.30213389,-0.378610275,-0.025197263,-0.002376885
28.87,1.482827956,1.450837303,4.969281944,-1.707862096,1.160092699,1.071987827,4.942862316,-1.710354803,-0.322735257,-0.378849476,-0.026419628,-0.002492707
28.91,1.484906831,1.431701522,4.968872843,-1.718438083,1.134575672,1.05259228,4.944070327,-1.721578837,-0.350331159,-0.379109242,-0.024802516,-0.003140755
28.94,1.486526284,1.417454564,4.971398531,-1.727434378,1.115430379,1.038238802,4.944983157,-1.729963749,-0.371095905,-0.379215762,-0.026415374,-0.002529371
28.97,1.488186761,1.40331939,4.973595023,-1.735599378,1.096286997,1.024029164,4.945889041,-1.738311627,-0.391899764,-0.379290226,-0.027705982,-0.002712249
29.01,1.187606707,1.191912425,4.980884973,-1.747512627,1.070764302,1.005285666,4.94710832,-1.749456313,-0.116842405,-0.186626759,-0.033776652,-0.001943686
29.04,1.185274403,1.175571144,4.985925148,-1.756402881,1.051623185,0.991343812,4.948015118,-1.757860467,-0.133651218,-0.184227332,-0.03791003,-0.001457586
29.07,1.182999754,1.159329244,4.988521959,-1.764945381,1.032488247,0.977500768,4.948920276,-1.766259724,-0.150511508,-0.181828476,-0.039601683,-0.001314343
29.11,1.180045564,1.137837326,5.002580223,-1.77591195,1.006999133,0.959251786,4.950111735,-1.777403983,-0.173046432,-0.17858554,-0.052468487,-0.001492032
29.14,1.177882384,1.121844426,4.991565145,-1.784412259,0.987907692,0.945684386,4.950991672,-1.785760774,-0.189974692,-0.17616004,-0.040573473,-0.001348515
29.17,1.17575865,1.105959893,4.994155484,-1.792834759,0.968841117,0.932167725,4.951858448,-1.794141623,-0.206917533,-0.173792168,-0.042297036,-0.001306863
29.21,1.173005902,1.084923404,5.00179972,-1.804302226,0.943491099,0.914239448,4.952970376,-1.80532612,-0.229514803,-0.170683956,-0.048829345,-0.001023895
29.24,1.171013948,1.069271661,5.001729518,-1.81204253,0.924554689,0.900892612,4.95379129,-1.813702951,-0.246459259,-0.168379049,-0.047938228,-0.001660421
29.27,1.169081674,1.053737606,5.004437042,-1.82067003,0.905674934,0.887608581,4.95460014,-1.822077869,-0.26340674,-0.166129025,-0.049836902,-0.001407839
29.31,1.166594492,1.033203969,5.001974845,-1.831708794,0.88058626,0.869946718,4.955671945,-1.833250256,-0.286008232,-0.163257251,-0.0463029,-0.001541462
29.34,1.16479237,1.017902634,4.999087742,-1.840269845,0.861822699,0.856723201,4.956449897,-1.841637644,-0.302969671,-0.161179434,-0.042637845,-0.001367799
29.37,1.163061454,1.002685962,5.001553351,-1.848777345,0.843099102,0.843539911,4.957223572,-1.850021105,-0.319962352,-0.159146051,-0.044329778,-0.00124376
29.41,1.160851197,0.982547023,4.999683761,-1.859556459,0.81820251,0.826048057,4.958238978,-1.861176642,-0.342648687,-0.156498965,-0.041444783,-0.001620183
29.44,1.159252872,0.96756251,5.000238766,-1.867148563,0.799562711,0.812948917,4.959008456,-1.869545774,-0.359690161,-0.154613593,-0.041230311,-0.002397211
29.47,1.157698991,0.952667414,5.002623932,-1.875486063,0.780937101,0.799841698,4.959771852,-1.877930571,-0.37676189,-0.152825716,-0.04285208,-0.002444508
29.51,0.943944153,0.839232562,5.001293051,-1.886718221,0.756133802,0.78238163,4.960783953,-1.889115011,-0.187810351,-0.056850932,-0.040509098,-0.00239679
29.54,0.939717775,0.823368699,5.002103783,-1.894699714,0.737560145,0.769324818,4.961534072,-1.897482193,-0.20215763,-0.054043881,-0.040569711,-0.002782479
29.57,0.935552606,0.807614618,5.004433218,-1.902989714,0.719000812,0.756275767,4.962280615,-1.905849989,-0.216551793,-0.051338851,-0.042152603,-0.002860275
29.61,0.930083417,0.786756569,5.002528539,-1.913151679,0.694267653,0.738832587,4.96327242,-1.917039236,-0.235815764,-0.047923982,-0.039256119,-0.003887557
29.64,0.926040614,0.771219033,4.996257632,-1.921055409,0.675742076,0.725718258,4.964003509,-1.92543866,-0.250298537,-0.045500775,-0.032254123,-0.004383251
29.67,0.922047465,0.755765295,4.998315498,-1.929367909,0.657254532,0.71260031,4.964734191,-1.933834822,-0.264792934,-0.043164985,-0.033581307,-0.004466914
29.71,0.916802958,0.735334593,4.999767258,-1.939067724,0.632689596,0.695082859,4.96569407,-1.945031639,-0.284113362,-0.040251734,-0.034073188,-0.005963914
29.74,0.912924971,0.72013643,5.010919325,-1.947409647,0.614319323,0.681872079,4.966423239,-1.953419293,-0.298605648,-0.038264351,-0.044496087,-0.006009646
29.77,0.909108282,0.705042787,5.013339879,-1.955669647,0.595982521,0.668599523,4.967144663,-1.961794222,-0.313125761,-0.036443264,-0.046195216,-0.006124575
29.81,0.904091802,0.685052814,5.023571723,-1.966302101,0.571600036,0.65083705,4.968106092,-1.972963334,-0.332491765,-0.034215764,-0.05546563,-0.006661233
29.84,0.900397931,0.670171134,5.031183504,-1.973058429,0.553355356,0.637482132,4.968800737,-1.981340752,-0.347042574,-0.032689002,-0.062382768,-0.008282323
29.87,0.896784023,0.65539972,5.034074651,-1.981405929,0.535121983,0.624078443,4.969481452,-1.989717033,-0.361662039,-0.031321277,-0.064593199,-0.008311105
29.91,0.892058588,0.635882957,5.023207166,-1.993170181,0.510803043,0.606084678,4.970335812,-2.000900066,-0.381255546,-0.029798278,-0.052871354,-0.007729885
29.94,0.888585348,0.621347564,5.019479677,-2.001331154,0.492560788,0.592524857,4.970934001,-2.00929209,-0.39602456,-0.028822707,-0.048545676,-0.007960936
29.97,0.885182803,0.606916688,5.021765934,-2.009638654,0.474321399,0.578939529,4.971501642,-2.017673586,-0.410861404,-0.027977159,-0.050264293,-0.008034931
30.01,0.623773948,0.519075694,5.020945741,-2.020550339,0.44998563,0.560750252,4.972237916,-2.028838071,-0.173788318,0.041674558,-0.048707825,-0.008287732
30.04,0.617125849,0.504033865,5.015229422,-2.028942638,0.431695552,0.547012809,4.972788336,-2.037227855,-0.185430297,0.042978944,-0.042441086,-0.008285217
30.07,0.610516911,0.489093924,5.017283607,-2.037545138,0.413376232,0.533212845,4.97332822,-2.045621027,-0.197140678,0.04411892,-0.043955386,-0.008075889
30.11,0.601789961,0.469304645,5.007206758,-2.04915941,0.388917532,0.514745047,4.974031899,-2.056794849,-0.21287243,0.045440403,-0.033174858,-0.007635439
30.14,0.595296052,0.454600957,5.001218164,-2.058119935,0.370558314,0.500833378,4.974540492,-2.065171978,-0.224737738,0.046232421,-0.026677672,-0.007052043
30.17,0.588854071,0.440020244,5.002740845,-2.066522435,0.352188264,0.486840656,4.975051604,-2.073552822,-0.236665807,0.046820413,-0.027689241,-0.007030387
30.21,0.580349278,0.420757223,4.999769091,-2.078078065,0.327698801,0.468005075,4.975721082,-2.084709828,-0.252650477,0.047247852,-0.024048009,-0.006631764
30.24,0.57403166,0.406424107,4.994206501,-2.086207412,0.309369468,0.453767784,4.976237373,-2.093079413,-0.264662191,0.047343677,-0.017969128,-0.006872002
30.27,0.567779138,0.392191511,4.995505659,-2.094862412,0.29107489,0.439458445,4.976756211,-2.101471115,-0.276704248,0.047266934,-0.018749449,-0.006608703
30.31,0.5595392,0.373401652,4.992771669,-2.10607291,0.266710738,0.420207638,4.977461349,-2.11265927,-0.292828462,0.046805986,-0.015310321,-0.00658636
30.34,0.55342632,0.359428497,4.993100714,-2.11447554,0.248430436,0.405621003,4.977985853,-2.121033274,-0.304995883,0.046192506,-0.015114861,-0.006557734
30.37,0.547379114,0.345554126,4.994360921,-2.12286054,0.230145745,0.390947361,4.978512611,-2.129410024,-0.317233369,0.045393235,-0.01584831,-0.006549484
30.41,0.539418902,0.327216157,4.990744585,-2.134762564,0.205765507,0.371267167,4.979213752,-2.140591004,-0.333653395,0.04405101,-0.011530833,-0.00582844
30.44,0.533522917,0.313598764,4.984960806,-2.142405146,0.187457455,0.356406446,4.979738759,-2.148975164,-0.346065462,0.042807682,-0.005222047,-0.006570017
30.47,0.527687681,0.300096521,4.985973931,-2.150615146,0.169111915,0.341450964,4.980263112,-2.157360601,-0.358575766,0.041354443,-0.00571082,-0.006745454
30.51,0.336624447,0.230696468,4.982325649,-2.162290555,0.144581696,0.321352514,4.980944719,-2.168548793,-0.192042751,0.090656047,-0.00138093,-0.006258238
30.54,0.328507305,0.216774141,4.980256102,-2.17096073,0.126149885,0.306198875,4.981462908,-2.176938029,-0.20235742,0.089424734,0.001206806,-0.0059773
30.57,0.320486789,0.202982877,4.9811736,-2.17940323,0.107689742,0.290988459,4.981981212,-2.185329666,-0.212797047,0.088005581,0.000807612,-0.005926436
30.61,0.309882163,0.184766358,4.990598393,-2.189875548,0.082989886,0.270558702,4.982690882,-2.196533988,-0.226892278,0.085792344,-0.007907511,-0.00665844
30.64,0.30200235,0.171222951,4.977883756,-2.198807102,0.064402264,0.255111709,4.983217054,-2.204941947,-0.237600085,0.083888758,0.005333298,-0.006134845
30.67,0.294187997,0.157789592,4.978754908,-2.207189602,0.045795721,0.239590251,4.983749487,-2.21334944,-0.248392276,0.081800659,0.004994579,-0.006159838
30.71,0.283878684,0.140066428,4.988592726,-2.217552762,0.020986265,0.218763938,4.984436666,-2.224574005,-0.26289242,0.078697509,-0.00415606,-0.007021242
30.74,0.276244519,0.126910532,4.984735385,-2.226244477,0.002365671,0.203007523,4.984956514,-2.232985188,-0.273878849,0.076096991,0.000221129,-0.006740712
30.77,0.26867298,0.113868866,4.985807219,-2.234916977,-0.016276617,0.187134962,4.985470428,-2.241369658,-0.284949597,0.073266095,-0.000336791,-0.006452682
30.81,0.258669419,0.096636972,4.982443487,-2.246437044,-0.041156466,0.165794728,4.986136077,-2.252538677,-0.299825885,0.069157756,0.003692589,-0.006101634
30.84,0.251242462,0.083829934,4.990346423,-2.254264213,-0.05982027,0.149693098,4.986621617,-2.260936292,-0.311062731,0.065863163,-0.003724806,-0.006672079
30.87,0.243882915,0.071158181,4.991605295,-2.262626713,-0.078502328,0.133515184,4.987103374,-2.269337008,-0.322385242,0.062357003,-0.00450192,-0.006710295
30.91,0.234164817,0.054453906,4.997224122,-2.274559517,-0.103489512,0.111773108,4.987752322,-2.280524517,-0.337654329,0.057319203,-0.0094718,-0.005964999
30.94,0.226967808,0.042048743,5.003419936,-2.282505304,-0.122287737,0.095353743,4.988226117,-2.28891435,-0.349255545,0.053305,-0.01519382,-0.006409046
30.97,0.219839315,0.029737017,5.00508459,-2.290615304,-0.141111307,0.07887956,4.988696648,-2.297308199,-0.360950622,0.049142542,-0.016387942,-0.006692894
31.01,0.044116202,-0.022246926,4.982944486,-2.302750742,-0.166261836,0.056818805,4.989297643,-2.308501568,-0.210378038,0.079065731,0.006353157,-0.005750826
31.04,0.034988227,-0.034735298,4.979946122,-2.311114724,-0.185198101,0.040172518,4.989735076,-2.316893994,-0.220186329,0.074907816,0.009788954,-0.00577927
31.07,0.025930107,-0.047109093,4.98083986,-2.319507224,-0.204195112,0.023450153,4.990149421,-2.325281374,-0.230125219,0.070559245,0.009309561,-0.00577415
31.11,0.013953672,-0.063426698,4.986369499,-2.33086213,-0.229600805,0.001055477,4.990725412,-2.336466194,-0.243554477,0.064482175,0.004355912,-0.005604064
31.14,0.005074811,-0.075508726,4.983011613,-2.338340237,-0.248689083,-0.01580325,4.991181741,-2.344862307,-0.253763894,0.059705476,0.008170128,-0.00652207
31.17,-0.003695502,-0.087470074,4.984101777,-2.346880237,-0.267808771,-0.032732902,4.991663674,-2.353258698,-0.264113269,0.054737172,0.007561897,-0.00637846
31.21,-0.015252156,-0.103240464,4.991702401,-2.357684847,-0.293364892,-0.055477987,4.992301497,-2.364416834,-0.278112737,0.047762477,0.000599095,-0.006731987
31.24,-0.023840435,-0.114931546,4.995797797,-2.365792364,-0.312548496,-0.072655259,4.992772455,-2.372775016,-0.288708061,0.042276287,-0.003025342,-0.006982652
31.27,-0.032360128,-0.126498054,4.997263405,-2.374182364,-0.331724003,-0.08990196,4.993238899,-2.381160607,-0.299363876,0.036596094,-0.004024507,-0.006978243
31.31,-0.043598793,-0.141722811,4.995819964,-2.385631538,-0.35729746,-0.113035227,4.993844913,-2.392365859,-0.313698667,0.028687584,-0.001975052,-0.00673432
31.34,-0.051919989,-0.153009202,4.988679602,-2.394867317,-0.376517903,-0.13050785,4.994283013,-2.400743183,-0.324597915,0.022501352,0.005603411,-0.005875866
31.37,-0.060157444,-0.164189885,4.989852015,-2.403137317,-0.395767924,-0.148059422,4.994698242,-2.409109968,-0.33561048,0.016130463,0.004846227,-0.005972651
31.41,-0.070994422,-0.178925559,4.995854783,-2.414317627,-0.421456538,-0.171559247,4.995244263,-2.420292014,-0.350462116,0.007366312,-0.00061052,-0.005974386
31.44,-0.079026057,-0.189829203,5.004592442,-2.421833321,-0.440742608,-0.189248013,4.995651403,-2.428692585,-0.361716551,0.00058119,-0.008941039,-0.006859264
31.47,-0.0869783,-0.20060618,5.006262731,-2.430190821,-0.460066755,-0.206997905,4.996070224,-2.437086215,-0.373088454,-0.006391725,-0.010192507,-0.006895394
31.51,-0.330959674,-0.258690268,5.016617728,-2.442377166,-0.485915485,-0.230777771,4.996603806,-2.448262075,-0.154955811,0.027912497,-0.020013922,-0.005884909
31.54,-0.341844161,-0.269805247,5.014921134,-2.450939198,-0.505336043,-0.248666506,4.996986452,-2.456651895,-0.163491881,0.021138741,-0.017934682,-0.005712697
31.57,-0.352636679,-0.280795666,5.016819007,-2.459391698,-0.524770131,-0.266581065,4.997345553,-2.46506062,-0.172133452,0.0142146,-0.019473454,-0.005668921
31.61,-0.366884467,-0.29522755,5.023433523,-2.470740003,-0.550736525,-0.290538686,4.997796131,-2.476283956,-0.183852058,0.004688865,-0.025637393,-0.005543953
31.64,-0.377481407,-0.30590964,5.031613739,-2.479509818,-0.570260166,-0.308586945,4.9981003,-2.484683693,-0.192778759,-0.002677306,-0.033513439,-0.005173875
31.67,-0.38800852,-0.316485446,5.033885344,-2.487909818,-0.58978988,-0.326694797,4.998384763,-2.493075076,-0.20178136,-0.010209351,-0.03550058,-0.005165258
31.71,-0.40193368,-0.330392984,5.030716269,-2.499199088,-0.615777593,-0.350949948,4.998728354,-2.504316563,-0.213843913,-0.020556963,-0.031987915,-0.005117475
31.74,-0.412269583,-0.340657507,5.029273616,-2.507974567,-0.635228577,-0.369255165,4.99895263,-2.512765637,-0.222958994,-0.028597658,-0.030320986,-0.00479107
31.77,-0.422511118,-0.350799336,5.031281684,-2.516212067,-0.654667995,-0.387664782,4.999152724,-2.521160752,-0.232156877,-0.036865446,-0.03212896,-0.004948685
31.81,-0.436034354,-0.364114496,5.037650833,-2.528201106,-0.680553036,-0.412391735,4.999375953,-2.532282769,-0.244518681,-0.048277239,-0.03827488,-0.004081663
31.84,-0.44607801,-0.37394371,5.031764228,-2.536632428,-0.699907434,-0.431039798,4.999533217,-2.540678873,-0.253829424,-0.057096088,-0.032231011,-0.004046445
31.87,-0.45603191,-0.383647074,5.033722161,-2.544967428,-0.719220769,-0.449755727,4.99967518,-2.549115069,-0.26318886,-0.066108653,-0.034046981,-0.004147641
31.91,-0.469168842,-0.396398379,5.02473563,-2.555682028,-0.744947799,-0.474853653,4.999845913,-2.560317561,-0.275778957,-0.078455274,-0.024889717,-0.004635533
31.94,-0.478934711,-0.405824551,5.02491045,-2.563602406,-0.764237827,-0.493780664,4.999941831,-2.568670053,-0.285303116,-0.087956113,-0.02496862,-0.005067647
31.97,-0.488629534,-0.415141532,5.02654448,-2.571834906,-0.783502154,-0.512762114,5.000033328,-2.577039472,-0.294872619,-0.097620582,-0.026511152,-0.005204565
32.01,-0.660007502,-0.524232409,5.022552158,-2.583322425,-0.809121234,-0.53814751,5.000146706,-2.588267966,-0.149113732,-0.013915101,-0.022405452,-0.004945541
32.04,-0.671590356,-0.53456235,5.031129359,-2.591886445,-0.828317643,-0.557256924,5.000244125,-2.596677792,-0.156727287,-0.022694574,-0.030885234,-0.004791347
32.07,-0.683092151,-0.544761153,5.032930122,-2.600503945,-0.847519236,-0.576424085,5.00033864,-2.605046482,-0.164427086,-0.031662933,-0.032591482,-0.004542538
32.11,-0.698314328,-0.558148468,5.025100937,-2.611197721,-0.873098969,-0.602060627,5.000458057,-2.616192599,-0.174784641,-0.043912159,-0.024642879,-0.004994878
32.14,-0.709636565,-0.568033217,5.025912247,-2.61969399,-0.89223045,-0.621328103,5.000536199,-2.624601255,-0.182593884,-0.053294886,-0.025376049,-0.004907265
32.17,-0.720865646,-0.577792332,5.027508198,-2.62806649,-0.911329543,-0.640633527,5.000605547,-2.633026523,-0.190463897,-0.062841195,-0.02690265,-0.004960033
32.21,-0.735704987,-0.590604897,5.030423164,-2.639421235,-0.936772868,-0.666476718,5.000701985,-2.644196458,-0.201067881,-0.075871821,-0.029721179,-0.004775223
32.24,-0.746726154,-0.600072398,5.035265826,-2.646655634,-0.955825642,-0.685936009,5.000764406,-2.652536496,-0.209099487,-0.085863611,-0.034501419,-0.005880862
32.27,-0.757645229,-0.609404518,5.037117348,-2.655160634,-0.974827657,-0.705437854,5.000828376,-2.660910216,-0.217182428,-0.096033336,-0.036288972,-0.005749582
32.31,-0.772045426,-0.621657587,5.033375667,-2.665691738,-1.000065291,-0.731515739,5.000892427,-2.672145966,-0.228019865,-0.109858153,-0.03248324,-0.006454229
32.34,-0.782748918,-0.630698461,5.033049097,-2.67434865,-1.018956804,-0.751147898,5.000933204,-2.680537702,-0.236207886,-0.120449437,-0.032115893,-0.006189052
32.37,-0.793389981,-0.639616376,5.034738346,-2.68276365,-1.037830001,-0.77083488,5.000950761,-2.688884893,-0.24444002,-0.131218503,-0.033787585,-0.006121244
32.41,-0.807429564,-0.651314621,5.050532487,-2.694427895,-1.062916244,-0.797156185,5.000962008,-2.700034603,-0.25548668,-0.145841564,-0.049570479,-0.005606708
32.44,-0.817830128,-0.659952172,5.053052074,-2.702006581,-1.081651669,-0.816935489,5.000957908,-2.708454291,-0.263821541,-0.156983317,-0.052094166,-0.006447711
32.47,-0.828113253,-0.668466006,5.055253221,-2.710396581,-1.100350278,-0.836749318,5.000951908,-2.716872463,-0.272237024,-0.168283312,-0.054301313,-0.006475882
32.51,-1.040096558,-0.864127912,5.043659198,-2.721005404,-1.125249725,-0.863241461,5.000898018,-2.72802641,-0.085153167,0.000886451,-0.042761179,-0.007021006
32.54,-1.05282307,-0.874846841,5.039835355,-2.730087097,-1.143876151,-0.883151158,5.0008147,-2.736385053,-0.09105308,-0.008304316,-0.039020655,-0.006297956
32.57,-1.065463942,-0.885453472,5.041482364,-2.738654597,-1.162442887,-0.903077743,5.000705219,-2.744784369,-0.096978946,-0.017624271,-0.040777145,-0.006129772
32.61,-1.08217113,-0.899417036,5.038510983,-2.750133443,-1.187106923,-0.929683373,5.000529597,-2.756019223,-0.104935793,-0.030266337,-0.037981386,-0.00588578
32.64,-1.094596325,-0.909738047,5.038345883,-2.758468133,-1.205571202,-0.949681855,5.000386466,-2.764399411,-0.110974877,-0.039943807,-0.037959417,-0.005931278
32.67,-1.106954241,-0.919936081,5.03988207,-2.767003133,-1.2240041,-0.969712811,5.000224873,-2.772750771,-0.11704986,-0.04977673,-0.039657197,-0.005747637
32.71,-1.123300149,-0.933348473,5.037183553,-2.7771778,-1.248468199,-0.996465637,4.999998433,-2.783934895,-0.12516805,-0.063117164,-0.03718512,-0.006757095
32.74,-1.135441396,-0.943248916,5.016738777,-2.784987673,-1.26672435,-1.016566687,4.999812379,-2.792369791,-0.131282954,-0.073317771,-0.016926399,-0.007382118
32.77,-1.147478713,-0.953022656,5.017519229,-2.793457673,-1.284938724,-1.036706233,4.999628015,-2.80078062,-0.137460011,-0.083683577,-0.017891214,-0.007322947
32.81,-1.163368572,-0.965847144,5.014862322,-2.805127906,-1.309160815,-1.063635944,4.999357927,-2.81191144,-0.145792243,-0.0977888,-0.015504396,-0.006783534
32.84,-1.175186754,-0.975326651,5.009974517,-2.813512396,-1.327240207,-1.083878325,4.99917148,-2.820281633,-0.152053453,-0.108551673,-0.010803037,-0.006769237
32.87,-1.186912032,-0.984682217,5.01063563,-2.821957396,-1.345239893,-1.10414818,4.998999748,-2.828704427,-0.158327861,-0.119465963,-0.011635882,-0.006747031
32.91,-1.202384019,-0.996960907,5.005477244,-2.832842422,-1.369132758,-1.131238166,4.998813686,-2.839935395,-0.16674874,-0.134277259,-0.006663558,-0.007092974
32.94,-1.213870037,-1.006017385,5.004810531,-2.841796897,-1.387000447,-1.151612244,4.998696387,-2.848291001,-0.17313041,-0.145594859,-0.006114143,-0.006494104
32.97,-1.225272701,-1.014961299,5.005466348,-2.850239397,-1.404812111,-1.172021909,4.99859932,-2.856635363,-0.179539411,-0.15706061,-0.006867028,-0.006395966
33.01,-1.322738757,-1.182132864,5.010523361,-2.861048982,-1.428411526,-1.199286296,4.998514059,-2.867845541,-0.105672769,-0.017153432,-0.012009302,-0.006796559
33.03,-1.330912505,-1.189312798,5.005404447,-2.866814565,-1.440154853,-1.212941258,4.998487957,-2.873472496,-0.109242347,-0.02362846,-0.006916491,-0.00665793
33.07,-1.347130545,-1.203506096,5.006527341,-2.877859565,-1.46357299,-1.240310051,4.998479453,-2.884663986,-0.116442445,-0.036803955,-0.008047888,-0.006804421
33.11,-1.363201318,-1.2174718,5.000411867,-2.889287026,-1.48689434,-1.2677548,4.998487109,-2.895783891,-0.123693022,-0.050283,-0.001924758,-0.006496865
33.14,-1.375161487,-1.227802865,5.004161704,-2.897802479,-1.5042762,-1.288376254,4.998517298,-2.90417417,-0.129114713,-0.060573388,-0.005644406,-0.006371691
33.17,-1.387008706,-1.237993122,5.005069051,-2.906024979,-1.521577403,-1.309020932,4.998560279,-2.912605105,-0.134568696,-0.07102781,-0.006508772,-0.006580126
33.21,-1.402624133,-1.251389994,5.015540473,-2.917666741,-1.544551739,-1.336593712,4.998670982,-2.923807354,-0.141927606,-0.085203718,-0.016869491,-0.006140613
33.24,-1.414233714,-1.26129442,5.006680908,-2.926018411,-1.561725848,-1.357304098,4.998772041,-2.932158348,-0.147492133,-0.096009679,-0.007908867,-0.006139937
33.27,-1.42576841,-1.271069433,5.007789103,-2.934650911,-1.57883277,-1.378027637,4.998892019,-2.940524541,-0.15306436,-0.106958204,-0.008897084,-0.00587363
33.31,-1.44101717,-1.283904919,4.998755824,-2.946764963,-1.601491891,-1.405671487,4.999052693,-2.951748002,-0.160474721,-0.121766568,0.000296869,-0.004983038
33.34,-1.452336843,-1.293384627,4.994413438,-2.954592077,-1.618405934,-1.426414111,4.999189862,-2.960156915,-0.166069091,-0.133029483,0.004776423,-0.005564838
33.36,-1.459828197,-1.299642606,4.994941837,-2.960174577,-1.62965987,-1.440245882,4.999287381,-2.965741249,-0.169831674,-0.140603277,0.004345544,-0.005566672
33.41,-1.478404402,-1.315059099,4.993031459,-2.973435352,-1.657682245,-1.474817103,4.999565428,-2.979680397,-0.179277843,-0.159758004,0.006533969,-0.006245045
33.44,-1.489434324,-1.324151446,4.9818383,-2.981366708,-1.674369532,-1.495531411,4.999773796,-2.988079093,-0.184935208,-0.171379966,0.017935496,-0.006712384
33.47,-1.500363152,-1.333133603,4.982386295,-2.989769208,-1.690985728,-1.516218259,5.000011609,-2.996483964,-0.190622576,-0.183084656,0.017625315,-0.006714756
33.51,-1.656005264,-1.536435077,4.994396042,-3.001272993,-1.713060349,-1.543738904,5.000395429,-3.007664397,-0.057055085,-0.007303828,0.005999387,-0.006391404
33.54,-1.668589615,-1.547727567,4.990640621,-3.009098008,-1.729547883,-1.564314643,5.000731689,-3.016047727,-0.060958268,-0.016587075,0.010091069,-0.00694972
33.57,-1.68109295,-1.558907489,4.991647705,-3.017618008,-1.745955684,-1.584828233,5.001117585,-3.024440479,-0.064862734,-0.025920745,0.00946988,-0.006822472
33.61,-1.697606757,-1.573628553,5.009072605,-3.028697063,-1.767681631,-1.612037162,5.001692958,-3.035610018,-0.070074874,-0.03840861,-0.007379647,-0.006912955
33.64,-1.709884093,-1.584537969,5.000958367,-3.03673111,-1.783900935,-1.632294801,5.002176442,-3.043998678,-0.074016842,-0.047756831,0.001218075,-0.007267568
33.67,-1.722075337,-1.595337928,5.002409034,-3.04533611,-1.800072462,-1.65240147,5.002681148,-3.052435582,-0.077997125,-0.057063542,0.000272113,-0.007099471
33.71,-1.738171773,-1.60958872,5.007544998,-3.056264293,-1.821496252,-1.67883784,5.003389352,-3.063688016,-0.083324479,-0.06924912,-0.004155646,-0.007423723
33.74,-1.7501428,-1.620154573,5.013554265,-3.064382695,-1.837436045,-1.698309126,5.003941378,-3.072013125,-0.087293245,-0.078154552,-0.009612887,-0.00763043
33.77,-1.762007881,-1.630623051,5.015463748,-3.072732695,-1.853301367,-1.717481777,5.004523155,-3.08033868,-0.091293485,-0.086858726,-0.010940593,-0.007605985
33.81,-1.777689508,-1.644440285,5.015221144,-3.084669717,-1.874345124,-1.742442607,5.005332856,-3.091684837,-0.096655616,-0.098002321,-0.009888288,-0.00701512
33.84,-1.789350889,-1.654689468,5.025008191,-3.09366263,-1.890009185,-1.760672379,5.005960165,-3.100230412,-0.100658296,-0.105982911,-0.019048026,-0.006567782
33.87,-1.800916865,-1.664828825,5.027305199,-3.10210013,-1.90555534,-1.778527259,5.006598224,-3.108620451,-0.104638475,-0.113698434,-0.020706975,-0.006520321
33.91,-1.816181224,-1.678169304,5.039100376,-3.113625337,-1.926076231,-1.801627118,5.007462892,-3.119667028,-0.109895007,-0.123457814,-0.031637484,-0.006041691
33.94,-1.827532534,-1.688055795,5.031383315,-3.121825526,-1.941339059,-1.818411573,5.008115242,-3.128152225,-0.113806526,-0.130355778,-0.023268073,-0.0063267
33.97,-1.838804925,-1.69784163,5.033798637,-3.130433026,-1.956496163,-1.834798824,5.008751048,-3.136750446,-0.117691238,-0.136957194,-0.025047589,-0.00631742
34.01,-1.946173325,-1.843841081,5.021599678,3.140706239,-1.976444399,-1.855915221,5.009565567,3.135174246,-0.030271074,-0.01207414,-0.012034111,-0.005531992
34.04,-1.958459258,-1.855141409,5.019640779,3.132141633,-1.991193078,-1.871201752,5.010142536,3.126911189,-0.03273382,-0.016060343,-0.009498243,-0.005230444
34.07,-1.970644762,-1.866354015,5.021596426,3.123866633,-2.005806177,-1.886087371,5.01071532,3.118562669,-0.035161415,-0.019733356,-0.010881106,-0.005303964
34.11,-1.986785462,-1.881178428,5.02438359,3.112359765,-2.025041585,-1.905197072,5.011465314,3.107123475,-0.038256123,-0.024018643,-0.012918276,-0.00523629
34.14,-1.998805376,-1.892207666,5.039195927,3.103901215,-2.039228198,-1.918957292,5.012034908,3.098628063,-0.040422822,-0.026749627,-0.027161019,-0.005273152
34.17,-2.010741635,-1.903156899,5.041762139,3.095463715,-2.053213982,-1.932279531,5.012624373,3.090347159,-0.042472347,-0.029122632,-0.029137766,-0.005116556
34.21,-2.026512788,-1.917667916,5.043116649,3.083475255,-2.071507883,-1.949151495,5.013480966,3.079254671,-0.044995095,-0.031483579,-0.029635683,-0.004220584
34.24,-2.038245294,-1.9285021,5.033333874,3.073921898,-2.08495552,-1.960973502,5.014126191,3.070471085,-0.046710226,-0.032471401,-0.019207683,-0.003450813
34.27,-2.049887758,-1.939315396,5.035702177,3.065684398,-2.098156434,-1.972035753,5.014755388,3.061563141,-0.048268676,-0.032720358,-0.020946789,-0.004121257
34.31,-2.065273335,-1.953714929,5.029238253,3.053787036,-2.11520656,-1.985081339,5.0155252,3.05034347,-0.049933225,-0.03136641,-0.013713053,-0.003443566
34.34,-2.076730347,-1.964510718,5.026976405,3.0445554,-2.127552118,-1.993346217,5.016014885,3.04206445,-0.050821772,-0.028835499,-0.01096152,-0.00249095
34.37,-2.088121873,-1.975273352,5.029117216,3.0358454,-2.139570839,-2.000389644,5.016411214,3.033162393,-0.051448966,-0.025116292,-0.012706003,-0.002683007
34.41,-2.10322552,-1.989533891,5.035197693,3.024442008,-2.15492545,-2.007417087,5.016705693,3.020537979,-0.051699931,-0.017883196,-0.018492,-0.003904029
34.44,-2.11448967,-2.000181061,5.04000266,3.015494781,-2.165853626,-2.010865954,5.01672996,3.01182902,-0.051363956,-0.010684893,-0.023272699,-0.003665761
34.47,-2.125688704,-2.01076686,5.042389907,3.007289781,-2.176331662,-2.01298791,5.016588405,3.003678681,-0.050642958,-0.002221049,-0.025801502,-0.003611099
34.51,-2.288722777,-2.003400909,5.039579033,2.995046189,-2.189489943,-2.013408354,5.016091699,2.992151651,0.099232834,-0.010007445,-0.023487334,-0.002894538
34.54,-2.301760258,-2.013547325,5.042835084,2.985309763,-2.198727563,-2.011966781,5.015466425,2.982768571,0.103032695,0.001580543,-0.027368659,-0.002541192
34.57,-2.314743467,-2.02367361,5.044999962,2.976912263,-2.207459469,-2.009288557,5.014673723,2.973708183,0.107283998,0.014385053,-0.030326239,-0.00320408
34.61,-2.331952419,-2.037123018,5.046976502,2.966073997,-2.218120819,-2.003542966,5.013317165,2.962804525,0.1138316,0.033580052,-0.033659337,-0.003269471
34.64,-2.344793373,-2.047183427,5.04383565,2.957377217,-2.225389856,-1.997687241,5.012107735,2.954464536,0.119403517,0.049496186,-0.031727914,-0.002912681
34.67,-2.35758905,-2.057214834,5.045783048,2.949049717,-2.232135273,-1.990772241,5.010765668,2.94556002,0.125453776,0.066442594,-0.03501738,-0.003489697
34.71,-2.374583754,-2.070557212,5.038983043,2.936336474,-2.240114034,-1.979744921,5.008771273,2.933717867,0.13446972,0.090812291,-0.03021177,-0.002618607
34.74,-2.387258976,-2.080523932,5.043013365,2.927468034,-2.245294119,-1.970230431,5.007140958,2.925557975,0.141964857,0.110293501,-0.035872407,-0.001910058
34.77,-2.399877765,-2.090476743,5.044786233,2.919088034,-2.24989654,-1.959869149,5.005433375,2.917513374,0.149981225,0.130607594,-0.039352858,-0.00157466
34.81,-2.416606552,-2.10373111,5.036649397,2.908015618,-2.255004334,-1.944596169,5.00305038,2.906044345,0.161602218,0.159134941,-0.033599016,-0.001971273
34.84,-2.429107342,-2.113671192,5.045638787,2.899808933,-2.25804018,-1.93213829,5.001193778,2.89725,0.171067162,0.181532903,-0.044445009,-0.002558933
34.87,-2.441571314,-2.123620575,5.047489213,2.891443933,-2.260466144,-1.91901039,4.999300064,2.888839475,0.181105171,0.204610185,-0.048189149,-0.002604458
34.91,-2.458129607,-2.136925316,5.03520802,2.879500756,-2.262583878,-1.900374196,4.996714845,2.878116698,0.195545729,0.23655112,-0.038493175,-0.001384057
34.94,-2.470490694,-2.146925312,5.037642355,2.871487096,-2.263370687,-1.885618403,4.994749815,2.86971639,0.207120007,0.261306909,-0.04289254,-0.001770706
34.97,-2.482830828,-2.15694611,5.039315264,2.863294596,-2.263578092,-1.870346304,4.992761508,2.861036249,0.219252737,0.286599806,-0.046553756,-0.002258347
35.01,-2.535500889,-2.188731957,5.036081725,2.851831269,-2.2627412,-1.849135772,4.990119877,2.849738006,0.272759689,0.339596185,-0.045961848,-0.002093263
35.04,-2.548223055,-2.199049033,5.031172467,2.843618846,-2.261266774,-1.832669254,4.988143182,2.841624428,0.286956281,0.366379778,-0.043029285,-0.001994418
35.07,-2.560919177,-2.209405712,5.032763391,2.835083846,-2.259200658,-1.815833326,4.986184495,2.833421315,0.301718518,0.393572386,-0.046578896,-0.001662531
35.11,-2.577820255,-2.22328402,5.020848346,2.825125325,-2.255393447,-1.792778327,4.983589755,2.822019481,0.322426808,0.430505693,-0.037258591,-0.003105844
35.14,-2.59047302,-2.233743851,5.006569852,2.816902435,-2.251723413,-1.775103332,4.981671654,2.813508687,0.338749608,0.458640519,-0.024898197,-0.003393748
35.17,-2.603098205,-2.244262235,5.007574225,2.808744935,-2.247444782,-1.757193648,4.979773576,2.805241214,0.355653422,0.487068586,-0.02780065,-0.003503721
35.21,-2.619863418,-2.258353903,5.007645876,2.797079879,-2.240658703,-1.732938375,4.977297516,2.79432084,0.379204714,0.525415528,-0.03034836,-0.002759039
35.24,-2.632420631,-2.268970585,5.002456563,2.787974296,-2.234798133,-1.714501819,4.975506235,2.785863156,0.397622498,0.554468766,-0.026950327,-0.00211114
35.27,-2.644970709,-2.279631752,5.003620536,2.779651796,-2.228372822,-1.695917981,4.973761999,2.777313194,0.416597887,0.583713771,-0.029858537,-0.002338603
35.31,-2.661671835,-2.293917748,5.004574253,2.767913609,-2.218733189,-1.670933394,4.971502712,2.766172279,0.442938646,0.622984354,-0.033071541,-0.001741331
35.34,-2.674174452,-2.304689541,5.008231819,2.759771056,-2.210711533,-1.652075681,4.969840325,2.757958377,0.463462919,0.65261386,-0.038391494,-0.001812679
35.37,-2.686661424,-2.315521128,5.009802355,2.751223556,-2.20214458,-1.633142118,4.968214151,2.749626053,0.484516845,0.68237901,-0.041588204,-0.001597503
35.41,-2.70333108,-2.330035623,5.013677863,2.739478772,-2.189742298,-1.607791846,4.966086816,2.738266439,0.513588782,0.722243776,-0.047591047,-0.001212332
35.44,-2.715850688,-2.340965955,4.998055858,2.730745431,-2.179678967,-1.588744536,4.964528867,2.729846599,0.536171721,0.752221419,-0.033526992,-0.000898832
35.47,-2.728345293,-2.351939096,4.999416303,2.722350431,-2.169058928,-1.569694916,4.962981794,2.721568692,0.559286365,0.78224418,-0.036434509,-0.000781739
35.51,-2.661678013,-2.159250239,4.999731784,2.712036718,-2.153931328,-1.544305162,4.960957268,2.710493796,0.507746686,0.614945077,-0.038774516,-0.001542922
35.54,-2.672991893,-2.167495841,5.013710647,2.703925406,-2.141895325,-1.525284812,4.959476274,2.702012413,0.531096569,0.642211028,-0.054234373,-0.001912994
35.57,-2.684329378,-2.175790274,5.015705259,2.695677906,-2.12934714,-1.50630338,4.958032925,2.693526537,0.554982239,0.669486894,-0.057672334,-0.002151369
35.61,-2.699453054,-2.186948649,5.010826582,2.684178916,-2.111656741,-1.481112053,4.95615098,2.68240171,0.587796313,0.705836596,-0.054675603,-0.001777206
35.64,-2.710799158,-2.19539587,5.006510531,2.676413754,-2.09770043,-1.46232863,4.954750506,2.674092096,0.613098728,0.73306724,-0.051760026,-0.002321657
35.67,-2.722153745,-2.203886348,5.008354222,2.668141254,-2.083275495,-1.443636166,4.95336071,2.665694206,0.63887825,0.760250182,-0.054993512,-0.002447048
35.71,-2.737334586,-2.21527919,5.007175327,2.657364314,-2.063194121,-1.418922769,4.951543502,2.654418754,0.674140465,0.796356421,-0.055631825,-0.00294556
35.74,-2.748760171,-2.223896746,5.011196701,2.649296863,-2.047484235,-1.400585141,4.950222555,2.646045458,0.701275936,0.823311605,-0.060974146,-0.003251405
35.77,-2.760214426,-2.232566454,5.013279058,2.640791863,-2.031314896,-1.382399805,4.948923847,2.637718076,0.72889953,0.850166649,-0.064355211,-0.003073786
35.81,-2.775504107,-2.244217802,5.014101033,2.630629333,-2.00896837,-1.358420456,4.947244251,2.626541472,0.766535737,0.885797347,-0.066856782,-0.00408786
35.84,-2.787004612,-2.253015751,5.014399454,2.622137643,-1.991636724,-1.340638343,4.946006545,2.618088165,0.795367888,0.912377408,-0.06839291,-0.004049478
35.87,-2.798533795,-2.261856918,5.016677391,2.613707643,-1.973876374,-1.323017225,4.944790924,2.609664691,0.824657421,0.938839693,-0.071886467,-0.004042952
35.91,-2.813969418,-2.273737719,4.994383616,2.602294575,-1.949411535,-1.299830124,4.943187162,2.598547628,0.864557883,0.973907595,-0.051196453,-0.003746947
35.94,-2.825595703,-2.282718111,4.9845015,2.594349384,-1.930515159,-1.282658696,4.942007691,2.590190148,0.895080544,1.000059416,-0.04249381,-0.004159236
35.97,-2.837259435,-2.291765882,4.985898326,2.585859384,-1.911243471,-1.265640799,4.940845837,2.581767396,0.926015964,1.026125084,-0.045052489,-0.004091988
36.01,-2.579787113,-1.950940744,4.973781057,2.574007334,-1.884849173,-1.243253479,4.939371404,2.570527677,0.69493794,0.707687265,-0.034409654,-0.003479657
36.04,-2.587788936,-1.955323673,4.972792519,2.565147973,-1.864522231,-1.22670853,4.93833137,2.562176247,0.723266705,0.728615143,-0.034461149,-0.002971725
36.07,-2.595842367,-1.959772895,4.974034743,2.556927973,-1.843830214,-1.21033728,4.937342101,2.553837122,0.752012153,0.749435614,-0.036692643,-0.003090851
36.11,-2.606672316,-1.965777204,4.970063914,2.545915487,-1.815624873,-1.188811231,4.936106674,2.542617567,0.791047444,0.776965974,-0.03395724,-0.00329792
36.14,-2.614847193,-1.970326077,4.964825406,2.537370943,-1.794015517,-1.172912004,4.935234672,2.534172391,0.820831676,0.797414074,-0.029590734,-0.003198552
36.17,-2.623062074,-1.974919064,4.966021608,2.529130943,-1.772066345,-1.157215871,4.934405075,2.525773415,0.850995729,0.817703192,-0.031616532,-0.003357528
36.21,-2.63404385,-1.981127621,4.965545683,2.518330023,-1.74221159,-1.136671919,4.933346664,2.514646076,0.89183226,0.844455703,-0.032199019,-0.003683947
36.24,-2.642319944,-1.985860733,4.957951518,2.509413762,-1.719435831,-1.121531993,4.932609988,2.506261159,0.922884112,0.864328739,-0.02534153,-0.003152603
36.27,-2.650654283,-1.990637594,4.95912215,2.501148762,-1.696398047,-1.106580136,4.931906202,2.497837996,0.954256236,0.884057458,-0.027215948,-0.003310766
36.31,-2.661859081,-1.997085408,4.960830673,2.490669608,-1.665175615,-1.087009173,4.931039818,2.486636839,0.996683466,0.910076235,-0.029790855,-0.004032769
36.34,-2.670325454,-2.002002498,4.958625593,2.482351239,-1.641377188,-1.072605365,4.930428527,2.478302161,1.028948266,0.929397133,-0.028197065,-0.004049078
36.37,-2.678835038,-2.006985703,4.960005978,2.474138739,-1.617328443,-1.058379603,4.929855718,2.469966108,1.061506595,0.9486061,-0.03015026,-0.004172631
36.41,-2.690296311,-2.013713117,4.955651727,2.46326892,-1.58485049,-1.039704282,4.929139522,2.458763465,1.105445821,0.974008836,-0.026512205,-0.004505454
36.44,-2.698981479,-2.018801242,4.953264288,2.454778207,-1.560175733,-1.025926318,4.928641542,2.450356621,1.138805746,0.992874924,-0.024622746,-0.004421586
36.47,-2.707725205,-2.02393615,4.954606681,2.446470707,-1.535262492,-1.012325613,4.92816832,2.442002812,1.172462713,1.011610537,-0.026438361,-0.004467895
36.51,-2.399863446,-1.693578834,4.942365358,2.434817008,-1.501647188,-0.994493349,4.927582783,2.43090668,0.898216258,0.699085485,-0.014782574,-0.003910328
36.54,-2.404430999,-1.694353843,4.935474348,2.42605866,-1.476186261,-0.981313437,4.927190208,2.422524827,0.928244739,0.713040407,-0.00828414,-0.003533832
36.57,-2.409052959,-1.695180227,4.936396612,2.41761116,-1.450550987,-0.968274737,4.926829754,2.414113067,0.958501972,0.726905489,-0.009566858,-0.003498093
36.61,-2.415310659,-1.696340393,4.934774761,2.407164266,-1.416030393,-0.951178947,4.92643856,2.402950433,0.999280266,0.745161446,-0.008336201,-0.004213833
36.64,-2.420065875,-1.697271927,4.943300672,2.398383246,-1.389900629,-0.93857342,4.926205322,2.394620327,1.030165246,0.758698507,-0.01709535,-0.00376292
36.67,-2.424868492,-1.698247778,4.944710855,2.390138246,-1.363628857,-0.9261062,4.926026964,2.386268317,1.061239635,0.772141578,-0.018683891,-0.00386993
36.71,-2.431384463,-1.699590764,4.959622262,2.378970599,-1.328374364,-0.909723717,4.92584478,2.375073042,1.103010099,0.789867047,-0.033777483,-0.003897557
36.74,-2.43636263,-1.700643411,4.962618257,2.370189855,-1.301757986,-0.897636866,4.925746021,2.366692802,1.134604644,0.803006545,-0.036872237,-0.003497053
36.77,-2.441417391,-1.701739152,4.964672166,2.361784855,-1.275015426,-0.885700753,4.925654985,2.358344914,1.166401964,0.816038399,-0.039017182,-0.00343994
36.81,-2.448254762,-1.703288585,4.95381882,2.350372411,-1.239173523,-0.870025896,4.925545706,2.347215025,1.209081239,0.833262689,-0.028273114,-0.003157386
36.84,-2.453461906,-1.704511938,4.944241751,2.341729356,-1.212188271,-0.858420737,4.925463184,2.33882754,1.241273635,0.846091201,-0.018778567,-0.002901816
36.87,-2.458735991,-1.705772981,4.945667029,2.333524356,-1.185125727,-0.846930576,4.925389887,2.330433966,1.273610265,0.858842405,-0.020277141,-0.00309039
36.91,-2.465840364,-1.707539188,4.957460428,2.321327948,-1.148888219,-0.831840587,4.925344365,2.319291835,1.316952145,0.875698601,-0.032116063,-0.002036112
36.94,-2.471223783,-1.7089343,4.956333201,2.312386663,-1.121619703,-0.82067509,4.92536495,2.310949191,1.34960408,0.88825921,-0.030968251,-0.001437473
36.97,-2.476663207,-1.710381509,4.958210673,2.303986663,-1.094311752,-0.809595672,4.925429701,2.302581299,1.382351455,0.900785837,-0.032780973,-0.001405365
37.01,-2.114572269,-1.467496963,4.957038989,2.292165207,-1.057839092,-0.794976803,4.925545737,2.291391597,1.056733177,0.67252016,-0.031493252,-0.00077361
37.04,-2.115217724,-1.465843782,4.968333459,2.284008076,-1.030425782,-0.784147525,4.925653001,2.283025204,1.084791941,0.681696257,-0.042680458,-0.000982873
37.07,-2.115926753,-1.464242805,4.97059985,2.275183076,-1.002976858,-0.773411885,4.925766411,2.274680223,1.112949895,0.69083092,-0.044833438,-0.000502853
37.1,-2.116691882,-1.462684695,4.953587636,2.267042159,-0.97551299,-0.762762919,4.925915097,2.266323631,1.141178892,0.699921777,-0.02767254,-0.000718527
37.14,-2.117848846,-1.46067637,4.960516951,2.255886751,-0.938900749,-0.748654332,4.926143998,2.255144878,1.178948097,0.712022038,-0.034372953,-0.000741874
37.17,-2.118810766,-1.459211028,4.962551867,2.247674251,-0.91143906,-0.738152136,4.926346058,2.246763554,1.207371705,0.721058892,-0.036205809,-0.000910697
37.21,-2.120194869,-1.457321118,4.954956087,2.236410926,-0.874815047,-0.724276476,4.926675551,2.235631883,1.245379822,0.733044641,-0.028280536,-0.000779043
37.24,-2.121281879,-1.455965104,4.949985016,2.227981414,-0.847372537,-0.713929041,4.926977766,2.227280021,1.273909343,0.742036062,-0.02300725,-0.000701392
37.27,-2.122427241,-1.454665598,4.951740037,2.219606414,-0.81996832,-0.703601608,4.927311097,2.218904135,1.302458921,0.75106399,-0.02442894,-0.000702279
37.31,-2.124091659,-1.452995809,4.957292995,2.208360857,-0.783493518,-0.689879723,4.927817219,2.207725301,1.340598141,0.763116086,-0.029475776,-0.000635556
37.34,-2.125413881,-1.451803743,4.951595579,2.200297525,-0.756175198,-0.679641102,4.928245439,2.199368943,1.369238683,0.772162641,-0.023350139,-0.000928582
37.37,-2.126805376,-1.450680469,4.953471113,2.191852525,-0.728897333,-0.669425342,4.928702606,2.191021878,1.397908044,0.781255128,-0.024768508,-0.000830647
37.41,-2.128775019,-1.449289975,4.944947148,2.180552682,-0.69264113,-0.655793965,4.929350659,2.179862072,1.436133889,0.79349601,-0.015596489,-0.000690611
37.44,-2.13033426,-1.448293241,4.939237878,2.171936393,-0.665540674,-0.645556366,4.929854799,2.171474997,1.464793587,0.802736875,-0.009383079,-0.000461397
37.47,-2.131969048,-1.447331439,4.940756149,2.163706393,-0.638496726,-0.635324251,4.930385823,2.16310107,1.493472322,0.812007188,-0.010370326,-0.000605324
37.52,-1.648968199,-1.274081381,4.950322987,2.149283364,-0.5935915,-0.618262642,4.93133334,2.149176959,1.055376699,0.655818739,-0.018989647,-0.000106404
37.54,-1.64584508,-1.272059869,4.960537697,2.143748267,-0.575700179,-0.611410266,4.93174281,2.143597786,1.070144901,0.660649603,-0.028794887,-0.000150481
37.57,-1.641217169,-1.269054165,4.962783053,2.135328267,-0.548943118,-0.601092493,4.932378527,2.1352169,1.092274051,0.667961672,-0.030404525,-0.000111367
37.61,-1.635159406,-1.265105711,4.957307321,2.124147057,-0.513420129,-0.587278368,4.933272974,2.124053987,1.121739278,0.677827344,-0.024034347,-9.3071e-05
37.64,-1.630686434,-1.262201938,4.955383256,2.115785772,-0.486895632,-0.576880231,4.93394752,2.115701333,1.143790801,0.685321707,-0.021435736,-8.4439e-05
37.67,-1.626280787,-1.259369815,4.957438933,2.107350772,-0.460479692,-0.566428726,4.934633259,2.107345033,1.165801095,0.692941089,-0.022805673,-5.738e-06
37.71,-1.620509934,-1.255692769,4.966054371,2.096406542,-0.425493426,-0.552356839,4.935577722,2.09618192,1.195016508,0.70333593,-0.030476648,-0.000224623
37.74,-1.61626981,-1.252975654,4.964711255,2.088078064,-0.399425077,-0.541718896,4.936322948,2.087808158,1.216844733,0.711256758,-0.028388307,-0.000269906
37.77,-1.612106523,-1.25031018,4.967023615,2.079565564,-0.373471949,-0.531036068,4.937089875,2.079439135,1.238634574,0.719274112,-0.02993374,-0.000126429
37.81,-1.606632031,-1.246866852,4.954118359,2.068133076,-0.339094861,-0.51667281,4.938129487,2.068283885,1.26753717,0.730194042,-0.015988871,0.000150809
37.84,-1.602574553,-1.244362966,4.93999561,2.060316561,-0.313503145,-0.505760975,4.938919658,2.059906702,1.289071408,0.738601991,-0.001075952,-0.000409858
37.87,-1.598581057,-1.24191762,4.941480006,2.051836561,-0.28804628,-0.494746349,4.939714036,2.051521924,1.310534776,0.747171271,-0.00176597,-0.000314637
37.92,-1.59206259,-1.237991738,4.944655692,2.038078006,-0.245936235,-0.476167232,4.941112853,2.037565257,1.346126355,0.761824506,-0.003542839,-0.000512749
37.94,-1.589498687,-1.236483178,4.942763488,2.032335595,-0.22919459,-0.468656072,4.941701429,2.03198876,1.360304097,0.767827106,-0.001062059,-0.000346835
37.97,-1.585700531,-1.23428262,4.944460982,2.024043095,-0.204198822,-0.457279461,4.942621133,2.023616383,1.38150171,0.777003159,-0.001839849,-0.000426712
38.01,-1.191129987,-1.01851942,4.951311303,2.011046083,-0.171118763,-0.441862292,4.94386537,2.012428181,1.020011224,0.576657127,-0.007445933,0.001382097
38.03,-1.185260266,-1.015240248,4.956912731,2.004915451,-0.154671017,-0.434066114,4.944499442,2.006835126,1.030589249,0.581174134,-0.012413288,0.001919675
38.07,-1.173620459,-1.008755939,4.959769467,1.993840451,-0.121946629,-0.418317789,4.945772509,1.995668188,1.05167383,0.59043815,-0.013996958,0.001827737
38.11,-1.162070595,-1.002386055,4.96386791,1.982071762,-0.089471318,-0.402307006,4.947060326,1.984501826,1.072599277,0.600079049,-0.016807584,0.002430064
38.14,-1.153457343,-0.997692298,4.959395157,1.973090079,-0.065304248,-0.390079748,4.948021176,1.976107547,1.088153094,0.60761255,-0.011373981,0.003017469
38.17,-1.144921305,-0.993057605,4.961501123,1.964925079,-0.041272023,-0.37770632,4.948978266,1.967711351,1.103649282,0.615351285,-0.012522857,0.002786272
38.21,-1.133654178,-0.98697835,4.971402278,1.953699267,-0.009466844,-0.360979248,4.950246676,1.956528986,1.124187334,0.625999102,-0.021155602,0.002829719
38.24,-1.125273987,-0.982507537,4.958861923,1.944476475,0.014194675,-0.3482416,4.951192955,1.948142725,1.139468662,0.634265937,-0.007668967,0.00366625
38.27,-1.116934437,-0.978118274,4.960880903,1.936138975,0.03770195,-0.335333964,4.952139901,1.939753078,1.154636387,0.64278431,-0.008741002,0.003614103
38.31,-1.105904763,-0.972372616,4.955294794,1.92413332,0.068763076,-0.317816002,4.95337329,1.928566449,1.174667839,0.654556613,-0.001921504,0.004433129
38.34,-1.097705284,-0.968143287,4.953642885,1.915986933,0.091862169,-0.304482187,4.95429926,1.920176577,1.189567453,0.6636611,0.000656375,0.004189644
38.37,-1.089558585,-0.963993131,4.95539045,1.907569433,0.114819418,-0.291005463,4.955222164,1.911785903,1.204378003,0.672987668,-0.000168286,0.00421647
38.41,-1.078775561,-0.958586244,4.964035819,1.895706829,0.145151963,-0.272716216,4.956474648,1.9005989,1.223927524,0.685870028,-0.007561171,0.004892071
38.44,-1.070752806,-0.954631077,4.980942748,1.887648645,0.167691627,-0.258741372,4.957414429,1.892208575,1.238444434,0.695889705,-0.023528319,0.004559931
38.47,-1.062798894,-0.950741,4.983511098,1.879306145,0.190089499,-0.244601591,4.958363563,1.883817657,1.252888394,0.706139409,-0.025147535,0.004511512
38.51,-0.62100786,-0.743955771,4.981333773,1.868138387,0.219707369,-0.225470016,4.959605255,1.87262982,0.840715229,0.518485755,-0.021728517,0.004491433
38.54,-0.607422951,-0.737605483,4.975548267,1.859086016,0.241730093,-0.210876623,4.960505141,1.864239972,0.849153044,0.52672886,-0.015043126,0.005153956
38.57,-0.593892897,-0.731348478,4.977784127,1.850706016,0.263610421,-0.196081546,4.961372472,1.855853565,0.857503318,0.535266932,-0.016411655,0.005147549
38.61,-0.575949856,-0.723143137,4.970928923,1.839896247,0.292533339,-0.176010706,4.962501032,1.844672104,0.868483195,0.547132431,-0.008427891,0.004775857
38.64,-0.56254974,-0.717096365,4.980604262,1.831041954,0.314037047,-0.160732332,4.963339479,1.8362781,0.876586787,0.556364033,-0.017264782,0.005236146
38.67,-0.549185564,-0.711150327,4.982881703,1.822699454,0.335386844,-0.145279095,4.964176154,1.82787792,0.884572408,0.565871232,-0.018705549,0.005178466
38.71,-0.531432056,-0.703379979,4.977081236,1.811621971,0.36353042,-0.124307673,4.965298357,1.816708524,0.894962476,0.579072307,-0.011782879,0.005086553
38.74,-0.518179872,-0.697659466,4.973546605,1.804431799,0.384384524,-0.108315228,4.966127128,1.808356374,0.902564396,0.589344238,-0.007419477,0.003924575
38.77,-0.504992784,-0.69202364,4.975509259,1.795916799,0.405059988,-0.09215956,4.966955077,1.799981312,0.910052773,0.59986408,-0.008554182,0.004064513
38.81,-0.487480381,-0.684660372,4.986091638,1.784371317,0.432308817,-0.070317005,4.96804755,1.7887661,0.919789198,0.614343367,-0.018044088,0.004394784
38.84,-0.47438375,-0.67924613,4.985225427,1.776256777,0.452508405,-0.053661122,4.968874745,1.780375229,0.926892155,0.625585008,-0.016350682,0.004118451
38.87,-0.461338653,-0.67391595,4.987499772,1.767856777,0.472542307,-0.036795621,4.969687144,1.77200512,0.933880961,0.637120329,-0.017812628,0.004148343
38.91,-0.444043626,-0.666928892,4.992012802,1.755735036,0.498974592,-0.013971961,4.970744347,1.76082864,0.943018218,0.652956932,-0.021268454,0.005093605
38.94,-0.431129903,-0.661798866,4.977140231,1.748076641,0.518604036,0.00337662,4.97150189,1.752420854,0.949733939,0.665175486,-0.005638341,0.004344212
38.97,-0.418266485,-0.656789957,4.979008412,1.739696641,0.538093247,0.020917685,4.97224392,1.744015533,0.956359732,0.677707642,-0.006764492,0.004318891
39.01,-0.133020995,-0.39225921,4.975951658,1.728305719,0.563826172,0.044697754,4.973189713,1.732835607,0.696847166,0.436956965,-0.002761945,0.004529888
39.04,-0.116781651,-0.384037864,4.981859917,1.719750047,0.582950221,0.062800229,4.973884232,1.724450303,0.699731872,0.446838093,-0.007975685,0.004700256
39.07,-0.100576605,-0.375914017,4.983778215,1.711597547,0.601956306,0.081071319,4.974577227,1.716050734,0.702532911,0.456985336,-0.009200988,0.004453188
39.11,-0.079028044,-0.365234312,4.988573934,1.700510647,0.627086327,0.105764913,4.975497357,1.704840901,0.706114371,0.470999226,-0.013076576,0.004330254
39.14,-0.062924508,-0.357358491,4.978559619,1.692580526,0.645772097,0.124575691,4.976181731,1.696447162,0.708696606,0.481934182,-0.002377888,0.003866636
39.17,-0.04687027,-0.349578493,4.980287268,1.684418026,0.66434054,0.143591167,4.976845975,1.688066529,0.711210809,0.49316966,-0.003441293,0.003648503
39.21,-0.025514242,-0.339357159,4.989763745,1.673101707,0.688884075,0.169261716,4.977709544,1.676874058,0.714398317,0.508618875,-0.012054201,0.003772351
39.24,-0.009552302,-0.331835625,4.999870389,1.664683973,0.707118178,0.188745584,4.978338804,1.668452769,0.71667048,0.520581209,-0.021531585,0.003768796
39.27,0.006373778,-0.324419524,5.00216197,1.656256473,0.72521032,0.208425708,4.978970317,1.660044057,0.718836542,0.532845232,-0.023191653,0.003787584
39.31,0.027521923,-0.314700406,5.015236081,1.645927221,0.749047768,0.235036683,4.979770567,1.648903017,0.721525845,0.549737089,-0.035465513,0.002975796
39.34,0.043336564,-0.307528063,5.006393232,1.637657077,0.766696696,0.255228831,4.980341745,1.640531974,0.723360131,0.562756894,-0.026051486,0.002874897
39.37,0.059114596,-0.300465479,5.008688209,1.629302077,0.784171331,0.27557187,4.980878963,1.632101481,0.725056735,0.57603735,-0.027809246,0.002799404
39.41,0.080092958,-0.291235926,4.99391667,1.617675984,0.807137329,0.303013877,4.981545669,1.620853364,0.727044371,0.594249803,-0.012371001,0.003177379
39.44,0.095781386,-0.284430044,5.006367142,1.608555046,0.824105149,0.323864318,4.98200527,1.612505028,0.728323764,0.608294363,-0.024361871,0.003949982
39.47,0.111424,-0.277718794,5.00848257,1.599770046,0.840886384,0.344891357,4.982447583,1.604173934,0.729462384,0.622610151,-0.026034987,0.004403888
39.51,0.269885091,-0.071693157,4.99420885,1.5885012,0.862922623,0.37320076,4.983037684,1.592952756,0.593037532,0.444893917,-0.011171166,0.004451556
39.54,0.287151028,-0.06265159,4.983115409,1.579114418,0.879198301,0.394653342,4.983475291,1.584502088,0.592047273,0.457304932,0.000359882,0.00538767
39.57,0.304387027,-0.053737841,4.984464225,1.570651918,0.895292958,0.416294951,4.9839098,1.576112457,0.590905931,0.470032792,-0.000554425,0.005460538
39.61,0.327331244,-0.042019997,4.984200449,1.558622401,0.9164257,0.445483901,4.984476478,1.565011278,0.589094456,0.487503898,0.000276029,0.006388877
39.64,0.344506136,-0.033367692,4.987914718,1.54946871,0.932031115,0.467577591,4.984923486,1.556614277,0.587524979,0.500945283,-0.002991231,0.007145568
39.67,0.361649072,-0.024852035,4.989428291,1.54112621,0.947458204,0.489813127,4.985381259,1.548155594,0.585809132,0.514665162,-0.004047032,0.007029385
39.71,0.384458897,-0.013724103,4.982990966,1.529658548,0.967698915,0.519774278,4.986020483,1.536938553,0.583240018,0.533498382,0.003029517,0.007280005
39.74,0.401524133,-0.005537696,4.986671621,1.521791671,0.982632999,0.542491533,4.986490953,1.528621052,0.581108867,0.548029229,-0.000180668,0.00682938
39.77,0.418554404,0.002534497,4.988177381,1.513351671,0.997387456,0.565357875,4.986966556,1.520283181,0.578833052,0.562823379,-0.001210824,0.00693151
39.81,0.441220902,0.01310148,4.985553595,1.502052978,1.016733001,0.596084309,4.987606588,1.509025085,0.575512099,0.582982829,0.002052993,0.006972108
39.84,0.458176708,0.020870258,4.994884074,1.492788036,1.031002116,0.619339683,4.988103322,1.50059156,0.572825408,0.598469425,-0.006780752,0.007803524
39.87,0.475108795,0.028525746,4.996634806,1.484430536,1.045101211,0.642768834,4.988599206,1.492241926,0.569992415,0.614243089,-0.0080356,0.00781139
39.91,0.497636829,0.038550357,5.018092149,1.473768635,1.063591402,0.674286896,4.989258556,1.481147679,0.565954573,0.635736539,-0.028833593,0.007379044
39.94,0.51451227,0.045919417,5.030363155,1.465163101,1.077227996,0.698089687,4.989748137,1.472724628,0.562715726,0.65217027,-0.040615018,0.007561527
39.97,0.531360449,0.053145598,5.033134342,1.456613101,1.090699249,0.722019959,4.990223131,1.464262346,0.5593388,0.668874361,-0.042911212,0.007649245
40.01,0.653746296,0.268493155,5.034633336,1.445957702,1.108365787,0.754211102,4.990806838,1.453090807,0.454619491,0.485717947,-0.043826498,0.007133104
