time_sec,est_x,est_y,est_z,est_yaw,true_x,true_y,true_z,true_yaw,err_x,err_y,err_z,err_yaw
0.000000000,-2.000027221,-2.000025322,0.047968637,0.022370769,-2.000000000,-2.000000000,0.050029904,-0.000000000,0.000027221,0.000025322,0.002061266,-0.022370769
0.040000000,-2.000109799,-2.000081770,0.046642137,-0.010468554,-2.000000000,-2.000000000,0.050059808,-0.000000000,0.000109799,0.000081770,0.003417671,0.010468554
0.070000000,-2.000233001,-2.000176418,0.046439495,-0.010493554,-2.000000000,-2.000000000,0.050089742,-0.000000000,0.000233001,0.000176418,0.003650247,0.010493554
0.110000000,-2.000467502,-2.000343209,0.052647367,-0.007414376,-2.000000000,-2.000000000,0.050129732,-0.000000000,0.000467502,0.000343209,-0.002517635,0.007414376
0.140000000,-2.000697693,-2.000498503,0.058381662,0.002727068,-2.000000000,-2.000000000,0.050159731,-0.000076884,0.000697693,0.000498503,-0.008221931,-0.002803952
0.170000000,-2.000984076,-2.000690363,0.058523834,0.001892068,-1.999999999,-1.999999999,0.050394148,-0.000927458,0.000984077,0.000690363,-0.008129686,-0.002819526
0.210000000,-2.001454235,-2.001002981,0.053383272,-0.004132098,-1.999998667,-1.999999615,0.051923651,-0.004080179,0.001455568,0.001003366,-0.001459621,0.000051919
0.240000000,-2.001883259,-2.001280556,0.051774641,-0.006838596,-1.999994320,-1.999998212,0.054040268,-0.007670049,0.001888939,0.001282344,0.002265627,-0.000831453
0.270000000,-2.002364980,-2.001590291,0.053969263,-0.011238596,-1.999987360,-1.999995565,0.056833565,-0.011994319,0.002377620,0.001594726,0.002864302,-0.000755723
0.310000000,-2.003101731,-2.002048690,0.060818557,-0.021937167,-1.999975537,-1.999989264,0.061728107,-0.018869212,0.003126195,0.002059425,0.000909550,0.003067956
0.340000000,-2.003721774,-2.002447002,0.072367429,-0.024624797,-1.999964850,-1.999981978,0.066211634,-0.024689205,0.003756923,0.002465025,-0.006155796,-0.000064407
0.370000000,-2.004402789,-2.002874148,0.077156585,-0.031004797,-1.999951409,-1.999972666,0.071246156,-0.030904418,0.004451380,0.002901482,-0.005910429,0.000100379
0.410000000,-2.005386581,-2.003511661,0.073368517,-0.039263238,-1.999927374,-1.999956899,0.078901049,-0.039786191,0.005459208,0.003554762,0.005532532,-0.000522953
0.440000000,-2.006179486,-2.004037605,0.077489590,-0.041922090,-1.999906272,-1.999942944,0.085295223,-0.046803028,0.006273214,0.004094662,0.007805633,-0.004880938
0.470000000,-2.007016419,-2.004611743,0.083286805,-0.049302090,-1.999883571,-1.999927414,0.092132929,-0.054031521,0.007132848,0.004684330,0.008846124,-0.004729432
0.510000000,-1.984723792,-1.719589124,0.091285646,-0.060932763,-1.999848585,-1.999903518,0.102010238,-0.063988062,-0.015124793,-0.280314394,0.010724592,-0.003055299
0.540000000,-1.985200214,-1.714644386,0.091185423,-0.069963957,-1.999817558,-1.999883198,0.109946766,-0.071645763,-0.014617344,-0.285238811,0.018761343,-0.001681807
0.570000000,-1.985731198,-1.709742488,0.097773123,-0.077726457,-1.999783720,-1.999861177,0.118252356,-0.079416214,-0.014052522,-0.290118689,0.020479233,-0.001689758
0.610000000,-1.986505633,-1.703222567,0.115660942,-0.086585131,-1.999734051,-1.999842689,0.129975750,-0.089942352,-0.013228418,-0.296620122,0.014314808,-0.003357221
0.640000000,-1.987154446,-1.698347923,0.122185235,-0.095392285,-1.999689524,-1.999885597,0.139210102,-0.097932349,-0.012535077,-0.301537673,0.017024867,-0.002540064
0.670000000,-1.987865094,-1.693482045,0.130326293,-0.103409785,-1.999637356,-2.000023551,0.148757517,-0.105984787,-0.011772262,-0.306541506,0.018431223,-0.002575002
0.710000000,-1.988883803,-1.686995830,0.141495409,-0.112669668,-1.999561853,-2.000487720,0.162039080,-0.116833212,-0.010678050,-0.313491890,0.020543671,-0.004163544
0.740000000,-1.989714771,-1.682142424,0.147639324,-0.119476728,-1.999516161,-2.001102911,0.172362494,-0.125022448,-0.009801389,-0.318960487,0.024723170,-0.005545720
0.770000000,-1.990601604,-1.677316098,0.156456212,-0.127349228,-1.999484414,-2.001921907,0.182927729,-0.133222259,-0.008882810,-0.324605809,0.026471517,-0.005873031
0.810000000,-1.991864462,-1.670928332,0.172737560,-0.137589693,-1.999460645,-2.003367732,0.197432824,-0.144191068,-0.007596183,-0.332439399,0.024695264,-0.006601375
0.840000000,-1.992855414,-1.666172638,0.193936514,-0.147030252,-1.999448209,-2.004684758,0.208601413,-0.152467323,-0.006592794,-0.338512120,0.014664900,-0.005437070
0.870000000,-1.993895683,-1.661453661,0.204545104,-0.155432752,-1.999439986,-2.006146972,0.219966398,-0.160765723,-0.005544303,-0.344693311,0.015421294,-0.005332971
0.910000000,-1.995351746,-1.655222767,0.225083075,-0.167180611,-1.999441294,-2.008323322,0.235456820,-0.171839441,-0.004089548,-0.353100555,0.010373745,-0.004658830
0.940000000,-1.996500207,-1.650581487,0.237057157,-0.175615002,-1.999446705,-2.010099806,0.247309234,-0.180155931,-0.002946498,-0.359518319,0.010252077,-0.004540929
0.970000000,-1.997704737,-1.645968906,0.248604614,-0.183967502,-1.999448592,-2.011969452,0.259324117,-0.188489756,-0.001743855,-0.366000546,0.010719503,-0.004522254
1.010000000,-2.044097682,-1.641949437,0.267268924,-0.194530388,-1.999441764,-2.014615547,0.275621600,-0.199625760,0.044655918,-0.372666110,0.008352676,-0.005095372
1.040000000,-2.046109900,-1.637426495,0.279391736,-0.203069878,-1.999435562,-2.016700948,0.288041695,-0.207981008,0.046674338,-0.379274453,0.008649959,-0.004911131
1.070000000,-2.048175692,-1.632918641,0.291530826,-0.211289878,-1.999429794,-2.018852037,0.300594478,-0.216336146,0.048745898,-0.385933396,0.009063651,-0.005046269
1.110000000,-2.051001865,-1.626938491,0.308735975,-0.222306495,-1.999412296,-2.021829890,0.317563521,-0.227485358,0.051589569,-0.394891399,0.008827546,-0.005178862
1.140000000,-2.053178650,-1.622480269,0.326912490,-0.231405903,-1.999382874,-2.024135503,0.330451891,-0.235858962,0.053795776,-0.401655234,0.003539401,-0.004453059
1.170000000,-2.055420889,-1.618057077,0.339807437,-0.239868403,-1.999341900,-2.026485407,0.343450907,-0.244237416,0.056078988,-0.408428330,0.003643470,-0.004369013
1.210000000,-2.058496948,-1.612181842,0.360677164,-0.251593753,-1.999270700,-2.029684507,0.360974370,-0.255408366,0.059226248,-0.417502665,0.000297206,-0.003814613
1.240000000,-2.060877153,-1.607784232,0.370828362,-0.260161410,-1.999201384,-2.032124350,0.374249587,-0.263787415,0.061675768,-0.424340118,0.003421225,-0.003626006
1.270000000,-2.063309349,-1.603399196,0.383965471,-0.268648910,-1.999115072,-2.034590804,0.387617127,-0.272170035,0.064194277,-0.431191607,0.003651657,-0.003521125
1.310000000,-2.066654869,-1.597588430,0.414162011,-0.280452839,-1.998967099,-2.037923995,0.405596775,-0.283351103,0.067687770,-0.440335565,-0.008565235,-0.002898264
1.340000000,-2.069237140,-1.593260824,0.430285459,-0.288180718,-1.998837111,-2.040453240,0.419193124,-0.291736608,0.070400029,-0.447192416,-0.011092335,-0.003555890
1.370000000,-2.071884507,-1.588955972,0.444566957,-0.296638218,-1.998694695,-2.043002377,0.432864036,-0.300121380,0.073189812,-0.454046405,-0.011702921,-0.003483162
1.410000000,-2.075506417,-1.583231145,0.460856063,-0.308368738,-1.998474522,-2.046438673,0.451223645,-0.311303086,0.077031895,-0.463207528,-0.009632418,-0.002934348
1.440000000,-2.078298030,-1.578949800,0.474258008,-0.316692880,-1.998282492,-2.049044345,0.465083830,-0.319692348,0.080015538,-0.470094545,-0.009174178,-0.002999467
1.470000000,-2.081127890,-1.574688343,0.488391049,-0.325000380,-1.998073740,-2.051669335,0.479006870,-0.328082055,0.083054150,-0.476980992,-0.009384179,-0.003081675
1.510000000,-2.173338212,-1.692458814,0.505803842,-0.337216590,-1.997770761,-2.055202235,0.497678592,-0.339266233,0.175567451,-0.362743421,-0.008125250,-0.002049643
1.540000000,-2.177398674,-1.689765000,0.516183364,-0.343142745,-1.997521788,-2.057877457,0.511757596,-0.347654342,0.179876885,-0.368112457,-0.004425768,-0.004511596
1.570000000,-2.181509624,-1.687081637,0.529992663,-0.351602745,-1.997252885,-2.060572766,0.525893866,-0.356044385,0.184256740,-0.373491128,-0.004098797,-0.004441639
1.610000000,-2.187071342,-1.683522957,0.546047468,-0.363368765,-1.996857692,-2.064196034,0.544846533,-0.367231972,0.190213650,-0.380673076,-0.001200935,-0.003863207
1.640000000,-2.191331047,-1.680862991,0.559929394,-0.371662301,-1.996532993,-2.066909415,0.559129056,-0.375625206,0.194798054,-0.386046425,-0.000800338,-0.003962905
1.670000000,-2.195658738,-1.678208288,0.568041672,-0.379894801,-1.996179157,-2.069593801,0.573462142,-0.384017744,0.199479580,-0.391385513,0.005420470,-0.004122943
1.710000000,-2.201533358,-1.674663042,0.587035268,-0.391865609,-1.995625550,-2.073072873,0.592665866,-0.395201543,0.205907808,-0.398409831,0.005630598,-0.003335934
1.740000000,-2.206005403,-1.672004470,0.597770456,-0.401369318,-1.995133453,-2.075581607,0.607120862,-0.403578503,0.210871950,-0.403577137,0.009350406,-0.002209184
1.770000000,-2.210541873,-1.669347408,0.610963673,-0.409826818,-1.994585984,-2.078011655,0.621610676,-0.411952188,0.215955889,-0.408664246,0.010647004,-0.002125369
1.810000000,-2.216671631,-1.665799847,0.635223542,-0.419608239,-1.993762635,-2.081116023,0.640991384,-0.423131965,0.222908996,-0.415316176,0.005767842,-0.003523725
1.840000000,-2.221343955,-1.663147333,0.653266533,-0.427990278,-1.993077103,-2.083360674,0.655569385,-0.431522439,0.228266852,-0.420213341,0.002302853,-0.003532161
1.870000000,-2.226075434,-1.660504192,0.667157497,-0.436567778,-1.992342711,-2.085557657,0.670175076,-0.439909489,0.233732723,-0.425053465,0.003017580,-0.003341711
1.910000000,-2.232473297,-1.656993039,0.681554299,-0.447119640,-1.991283660,-2.088417049,0.689695473,-0.451090736,0.241189637,-0.431424009,0.008141174,-0.003971096
1.940000000,-2.237358514,-1.654371033,0.694483786,-0.456179744,-1.990440006,-2.090519448,0.704369236,-0.459481353,0.246918508,-0.436148415,0.009885450,-0.003301609
1.970000000,-2.242312484,-1.651750224,0.707952256,-0.464704744,-1.989562384,-2.092597946,0.719064562,-0.467873299,0.252750100,-0.440847721,0.011112306,-0.003168555
2.010000000,-2.223675691,-1.737071385,0.721687741,-0.476285729,-1.988325908,-2.095338878,0.738698520,-0.479059937,0.235349783,-0.358267493,0.017010779,-0.002774208
2.040000000,-2.228500499,-1.735486163,0.735949694,-0.484502915,-1.987350557,-2.097379368,0.753449873,-0.487448837,0.241149942,-0.361893205,0.017500179,-0.002945922
2.070000000,-2.233399052,-1.733899498,0.749156488,-0.492937915,-1.986345596,-2.099410881,0.768222096,-0.495838486,0.247053456,-0.365511383,0.019065608,-0.002900571
2.110000000,-2.240038339,-1.731779024,0.757906135,-0.504643563,-1.984956382,-2.102104975,0.787953064,-0.507026751,0.255081957,-0.370325951,0.030046928,-0.002383188
2.140000000,-2.245106144,-1.730196342,0.771029133,-0.513858335,-1.983873901,-2.104110556,0.802772357,-0.515415983,0.261232242,-0.373914214,0.031743224,-0.001557648
2.170000000,-2.250240308,-1.728611307,0.783623408,-0.522258335,-1.982758247,-2.106097291,0.817607125,-0.523807373,0.267482062,-0.377485984,0.033983717,-0.001549039
2.210000000,-2.257199035,-1.726492148,0.809986712,-0.532723406,-1.981205608,-2.108692778,0.837415587,-0.535002571,0.275993427,-0.382200630,0.027428875,-0.002279165
2.240000000,-2.262498225,-1.724891729,0.830540314,-0.540991354,-1.979987382,-2.110591091,0.852287863,-0.543402861,0.282510843,-0.385699363,0.021747549,-0.002411506
2.270000000,-2.267849418,-1.723285201,0.844222855,-0.549456354,-1.978726331,-2.112455768,0.867172062,-0.551802840,0.289123087,-0.389170568,0.022949207,-0.002346485
2.310000000,-2.275101800,-1.721126835,0.864171219,-0.560548028,-1.976966990,-2.114887933,0.887036437,-0.562995101,0.298134810,-0.393761097,0.022865218,-0.002447073
2.340000000,-2.280624167,-1.719508033,0.886893118,-0.568853333,-1.975596688,-2.116677113,0.901948957,-0.571388271,0.305027479,-0.397169081,0.015055839,-0.002534938
2.370000000,-2.286202850,-1.717889230,0.901204259,-0.577260833,-1.974193920,-2.118445023,0.916869954,-0.579783471,0.312008930,-0.400555793,0.015665695,-0.002522637
2.410000000,-2.293748251,-1.715727792,0.924916236,-0.589668185,-1.972264321,-2.120774239,0.936780543,-0.590976730,0.321483930,-0.405046447,0.011864307,-0.001308545
2.440000000,-2.299480468,-1.714096801,0.938898041,-0.598187129,-1.970772222,-2.122508245,0.951723825,-0.599369757,0.328708246,-0.408411444,0.012825784,-0.001182628
2.470000000,-2.305279022,-1.712469090,0.953374694,-0.606332129,-1.969250285,-2.124234836,0.966674256,-0.607762653,0.336028737,-0.411765746,0.013299562,-0.001430524
2.510000000,-2.098347483,-1.774368094,0.969637473,-0.617813002,-1.967172758,-2.126524419,0.986621052,-0.618955208,0.131174725,-0.352156325,0.016983579,-0.001142205
2.540000000,-2.101978407,-1.773431553,0.981017024,-0.626544532,-1.965578217,-2.128236103,1.001589420,-0.627349354,0.136400189,-0.354804550,0.020572396,-0.000804822
2.570000000,-2.105678303,-1.772482553,0.994982436,-0.635122032,-1.963954878,-2.129947404,1.016567101,-0.635738974,0.141723425,-0.357464850,0.021584665,-0.000616942
2.610000000,-2.110725431,-1.771212883,1.019540971,-0.647622884,-1.961743944,-2.132231992,1.036556387,-0.646922846,0.148981488,-0.361019109,0.017015416,0.000700039
2.640000000,-2.114601584,-1.770240310,1.045594321,-0.656333104,-1.960072731,-2.133951536,1.051563926,-0.655310034,0.154528853,-0.363711226,0.005969605,0.001023071
2.670000000,-2.118551318,-1.769251899,1.060674382,-0.664873104,-1.958408594,-2.135683987,1.066582629,-0.663697715,0.160142724,-0.366432088,0.005908247,0.001175389
2.710000000,-2.123920027,-1.767903821,1.086789095,-0.676321923,-1.956219221,-2.138046342,1.086630431,-0.674883101,0.167700806,-0.370142521,-0.000158664,0.001438822
2.740000000,-2.128014244,-1.766888022,1.094589724,-0.683515638,-1.954603779,-2.139877402,1.101679332,-0.683279747,0.173410465,-0.372989379,0.007089607,0.000235891
2.770000000,-2.132185881,-1.765867616,1.109410308,-0.691738138,-1.953011715,-2.141753171,1.116734452,-0.691683578,0.179174167,-0.375885554,0.007324144,0.000054559
2.810000000,-2.137845076,-1.764505820,1.137268706,-0.701808625,-1.950940451,-2.144322974,1.136822768,-0.702883556,0.186904625,-0.379817155,-0.000445938,-0.001074931
2.830000000,-2.142169226,-1.763483194,1.154118927,-0.709842671,-1.949924652,-2.145631696,1.146870569,-0.708478476,0.192244574,-0.382148502,-0.007248358,0.001364195
2.870000000,-2.146550508,-1.762460066,1.169469746,-0.718432671,-1.947918584,-2.148295393,1.166978139,-0.719670028,0.198631923,-0.385835327,-0.002491606,-0.001237357
2.910000000,-2.152480717,-1.761084605,1.184447662,-0.730687204,-1.945935078,-2.151014349,1.187094955,-0.730867091,0.206545639,-0.389929745,0.002647294,-0.000179887
2.930000000,-2.157011035,-1.760042786,1.202489489,-0.739098296,-1.944952999,-2.152388309,1.197158485,-0.736464297,0.212058036,-0.392345523,-0.005331004,0.002633999
2.970000000,-2.161609956,-1.758983187,1.217571208,-0.747353296,-1.943010327,-2.155154810,1.217292083,-0.747654477,0.218599628,-0.396171624,-0.000279125,-0.000301182
3.010000000,-2.141544765,-1.822277699,1.235096601,-0.759169984,-1.941084329,-2.157947434,1.237436300,-0.758844880,0.200460436,-0.335669734,0.002339700,0.000325104
3.030000000,-2.146008932,-1.821885880,1.250039866,-0.767803733,-1.940122713,-2.159354816,1.247511477,-0.764441411,0.205886218,-0.337468936,-0.002528388,0.003362322
3.070000000,-2.150537722,-1.821491588,1.264814806,-0.776221233,-1.938203624,-2.162184327,1.267666472,-0.775632187,0.212334098,-0.340692739,0.002851666,0.000589046
3.110000000,-2.156682478,-1.820964407,1.280771533,-0.787987843,-1.936296621,-2.165017348,1.287827326,-0.786819564,0.220385856,-0.344052941,0.007055793,0.001168279
3.140000000,-2.161365764,-1.820574054,1.296175202,-0.796123377,-1.934869788,-2.167137003,1.302949671,-0.795209221,0.226495976,-0.346562949,0.006774469,0.000914156
3.170000000,-2.166110263,-1.820170221,1.317169237,-0.804610877,-1.933437962,-2.169250194,1.318074795,-0.803598711,0.232672301,-0.349079973,0.000905558,0.001012166
3.210000000,-2.172549842,-1.819599486,1.326890545,-0.815468799,-1.931512077,-2.172044136,1.338243496,-0.814785188,0.241037765,-0.352444651,0.011352951,0.000683611
3.240000000,-2.177454213,-1.819151299,1.341156790,-0.824122115,-1.930054055,-2.174110208,1.353371760,-0.823176625,0.247400159,-0.354958909,0.012214969,0.000945490
3.270000000,-2.182442687,-1.818685633,1.354040819,-0.832482115,-1.928584174,-2.176152338,1.368499321,-0.831570722,0.253858514,-0.357466706,0.014458502,0.000911393
3.310000000,-2.189184369,-1.818042285,1.369052320,-0.844081307,-1.926595369,-2.178835723,1.388671653,-0.842762210,0.262589000,-0.360793438,0.019619332,0.001319096
3.340000000,-2.194318719,-1.817527829,1.382667976,-0.852248131,-1.925080843,-2.180819605,1.403800021,-0.851152879,0.269237875,-0.363291776,0.021132045,0.001095253
3.370000000,-2.199501270,-1.816988748,1.404113955,-0.860723131,-1.923552859,-2.182779367,1.418929739,-0.859544230,0.275948411,-0.365790619,0.014815784,0.001178901
3.410000000,-2.206516537,-1.816223241,1.424344382,-0.871883784,-1.921493967,-2.185344996,1.439101795,-0.870736629,0.285022570,-0.369121754,0.014757413,0.001147156
3.440000000,-2.211853655,-1.815594002,1.438067304,-0.880827651,-1.919929984,-2.187237767,1.454231933,-0.879130655,0.291923670,-0.371643765,0.016164629,0.001696995
3.470000000,-2.217256791,-1.814950188,1.446726235,-0.889350151,-1.918349283,-2.189110044,1.469361534,-0.887522475,0.298907508,-0.374159856,0.022635299,0.001827675
3.510000000,-2.163651618,-1.839712151,1.464827414,-0.899806439,-1.916213987,-2.191564129,1.489534492,-0.898710910,0.247437631,-0.351851978,0.024707078,0.001095530
3.540000000,-2.168550709,-1.839321135,1.478149016,-0.908205789,-1.914594848,-2.193368090,1.504664286,-0.907104731,0.253955861,-0.354046955,0.026515270,0.001101058
3.570000000,-2.173521668,-1.838895915,1.488893894,-0.916465789,-1.912961191,-2.195146782,1.519794259,-0.915496965,0.260560477,-0.356250867,0.030900365,0.000968824
3.610000000,-2.180241858,-1.838281661,1.512811233,-0.927009539,-1.910752276,-2.197478680,1.539970100,-0.926680577,0.269489582,-0.359197019,0.027158867,0.000328961
3.640000000,-2.185356901,-1.837807608,1.525958496,-0.934922550,-1.909078943,-2.199198269,1.555102815,-0.935065864,0.276277958,-0.361390661,0.029144319,-0.000143315
3.670000000,-2.190531077,-1.837308285,1.552010049,-0.943400050,-1.907402204,-2.200895103,1.570238387,-0.943452217,0.283128873,-0.363586818,0.018228338,-0.000052167
3.680000000,-2.197536375,-1.836596527,1.576604019,-0.956268162,-1.906843865,-2.201453872,1.575283967,-0.946248712,0.290692511,-0.364857344,-0.001320052,0.010019450
3.740000000,-2.202870050,-1.836028814,1.591213767,-0.965328881,-1.903499798,-2.204778398,1.605564141,-0.963028669,0.299370252,-0.368749584,0.014350374,0.002300212
3.770000000,-2.208259445,-1.835440455,1.605316218,-0.973726381,-1.901831532,-2.206425107,1.620706257,-0.971419668,0.306427912,-0.370984653,0.015390039,0.002306713
3.810000000,-2.215545341,-1.834613205,1.630554785,-0.984611233,-1.899615008,-2.208594355,1.640900150,-0.982610204,0.315930333,-0.373981150,0.010345365,0.002001029
3.840000000,-2.221083503,-1.833952112,1.644320817,-0.992858392,-1.897957366,-2.210195419,1.656046023,-0.991004188,0.323126136,-0.376243307,0.011725206,0.001854205
3.870000000,-2.226677630,-1.833253822,1.654299378,-1.001153392,-1.896297825,-2.211779902,1.671194074,-0.999398110,0.330379805,-0.378526081,0.016894696,0.001755282
3.910000000,-2.234248820,-1.832279609,1.676147325,-1.012174724,-1.894072537,-2.213865842,1.691392880,-1.010587113,0.340176283,-0.381586233,0.015245556,0.001587611
3.940000000,-2.239996389,-1.831519778,1.691130297,-1.021191157,-1.892393320,-2.215403732,1.706543753,-1.018978214,0.347603068,-0.383883954,0.015413456,0.002212943
3.970000000,-2.245812173,-1.830715322,1.705052472,-1.029656157,-1.890707206,-2.216916900,1.721695647,-1.027371635,0.355104967,-0.386201578,0.016643176,0.002284522
3.980000000,-2.182995166,-1.836001986,1.731037263,-1.040277914,-1.890142118,-2.217413146,1.726746113,-1.030170096,0.292853048,-0.381411160,-0.004291150,0.010107818
4.040000000,-2.188148298,-1.835165284,1.745232425,-1.048238704,-1.886718243,-2.220346442,1.757052960,-1.046958507,0.301430054,-0.385181158,0.011820535,0.001280197
4.070000000,-2.193369994,-1.834307295,1.761793394,-1.056501204,-1.884979100,-2.221780992,1.772206664,-1.055353258,0.308390894,-0.387473697,0.010413270,0.001147947
4.110000000,-2.200423193,-1.833121878,1.776727527,-1.067982054,-1.882633039,-2.223647211,1.792414715,-1.066551688,0.317790155,-0.390525333,0.015687188,0.001430366
4.140000000,-2.205794039,-1.832194269,1.791726244,-1.075908000,-1.880859476,-2.225015047,1.807569787,-1.074954291,0.324934563,-0.392820778,0.015843544,0.000953709
4.170000000,-2.211236609,-1.831220758,1.806913868,-1.084685500,-1.879080999,-2.226369264,1.822727435,-1.083357538,0.332155610,-0.395148506,0.015813567,0.001327962
4.210000000,-2.218595685,-1.829860737,1.832556470,-1.096267555,-1.876715572,-2.228162363,1.842940768,-1.094558050,0.341880113,-0.398301626,0.010384298,0.001709505
4.240000000,-2.224198111,-1.828789672,1.847104950,-1.105690437,-1.874958284,-2.229496510,1.858103148,-1.102958151,0.349239827,-0.400706838,0.010998198,0.002732286
4.270000000,-2.229862141,-1.827689758,1.849680315,-1.114047937,-1.873215732,-2.230821019,1.873264768,-1.111356068,0.356646409,-0.403131261,0.023584453,0.002691869
4.310000000,-2.237495972,-1.826158837,1.874769637,-1.125135534,-1.870910885,-2.232574675,1.893481285,-1.122549429,0.366585087,-0.406415838,0.018711649,0.002586105
4.340000000,-2.243300114,-1.824962102,1.889090483,-1.134138569,-1.869186428,-2.233883359,1.908642973,-1.130944072,0.374113687,-0.408921257,0.019552491,0.003194497
4.370000000,-2.249159990,-1.823721360,1.905277622,-1.142561069,-1.867461297,-2.235182484,1.923804616,-1.139338329,0.381698693,-0.411461124,0.018526994,0.003222741
4.380000000,-2.257069887,-1.822021254,1.922101589,-1.153460754,-1.866885372,-2.235610499,1.928858828,-1.142136626,0.390184515,-0.413589246,0.006757238,0.011324128
4.440000000,-2.263091370,-1.820703661,1.935901121,-1.162167403,-1.863411747,-2.238142477,1.959180894,-1.158929562,0.399679623,-0.417438817,0.023279773,0.003237840
4.470000000,-2.269171330,-1.819332416,1.944559950,-1.170439903,-1.861653221,-2.239387710,1.974342174,-1.167324785,0.407518110,-0.420055294,0.029782224,0.003115118
4.510000000,-2.127316697,-1.806364818,1.965875843,-1.181004373,-1.859273934,-2.241024519,1.994554971,-1.178514470,0.268042764,-0.434659701,0.028679129,0.002489903
4.540000000,-2.131786934,-1.804821868,1.980132701,-1.189895774,-1.857461416,-2.242225997,2.009716075,-1.186908176,0.274325518,-0.437404128,0.029583374,0.002987598
4.570000000,-2.136316774,-1.803243080,1.999619186,-1.198463274,-1.855625780,-2.243407373,2.024882220,-1.195300408,0.280690994,-0.440164293,0.025263034,0.003162866
4.610000000,-2.142446985,-1.801057943,2.025889138,-1.210094245,-1.853137782,-2.244959665,2.045113716,-1.206486699,0.289309203,-0.443901722,0.019224579,0.003607546
4.640000000,-2.147114063,-1.799365902,2.042409415,-1.218066222,-1.851263629,-2.246121985,2.060289688,-1.214871138,0.295850435,-0.446756083,0.017880273,0.003195084
4.670000000,-2.151832965,-1.797638934,2.060913537,-1.226368722,-1.849409571,-2.247289455,2.075471171,-1.223252634,0.302423393,-0.449650522,0.014557634,0.003116089
4.710000000,-2.158205082,-1.795280141,2.078463357,-1.239324852,-1.847022969,-2.248867905,2.095725864,-1.234424509,0.311182113,-0.453587765,0.017262506,0.004900343
4.740000000,-2.163048718,-1.793466942,2.094151256,-1.248388772,-1.845320233,-2.250081866,2.110918262,-1.242801592,0.317728486,-0.456614924,0.016767006,0.005587179
4.770000000,-2.167961303,-1.791609380,2.114592427,-1.256558772,-1.843683188,-2.251323245,2.126109928,-1.251186076,0.324278114,-0.459713865,0.011517502,0.005372696
4.810000000,-2.174599986,-1.789082150,2.137656785,-1.267746842,-1.841611548,-2.253021852,2.146363495,-1.262378651,0.332988438,-0.463939702,0.008706711,0.005368191
4.840000000,-2.179642630,-1.787146278,2.152994332,-1.277395977,-1.840127086,-2.254317045,2.161551468,-1.270769946,0.339515544,-0.467170767,0.008557136,0.006626032
4.870000000,-2.184749274,-1.785166612,2.167411113,-1.285700977,-1.838681155,-2.255625112,2.176736643,-1.279159106,0.346068118,-0.470458500,0.009325530,0.006541872
4.910000000,-2.191641398,-1.782458599,2.190908034,-1.296404662,-1.836801614,-2.257396064,2.196980922,-1.290348185,0.354839784,-0.474937465,0.006072889,0.006056477
4.940000000,-2.196870457,-1.780389633,2.205598384,-1.305174185,-1.835413652,-2.258741389,2.212159882,-1.298740610,0.361456805,-0.478351755,0.006561497,0.006433575
4.970000000,-2.202169268,-1.778286371,2.213129473,-1.313644185,-1.834034950,-2.260092956,2.227337848,-1.307132063,0.368134318,-0.481806585,0.014208375,0.006512122
5.010000000,-2.102182603,-1.824227449,2.237585154,-1.325155734,-1.832201767,-2.261901646,2.247569693,-1.318321643,0.269980836,-0.437674197,0.009984539,0.006834091
5.040000000,-2.106337793,-1.822592844,2.252620898,-1.333035441,-1.830819120,-2.263267725,2.262741972,-1.326714811,0.275518673,-0.440674882,0.010121074,0.006320630
5.070000000,-2.110548427,-1.820907129,2.268649811,-1.341670441,-1.829424205,-2.264642466,2.277914156,-1.335109112,0.281124222,-0.443735336,0.009264345,0.006561329
5.080000000,-2.116257184,-1.818612165,2.285165782,-1.353005856,-1.828954232,-2.265102628,2.282972336,-1.337907701,0.287302952,-0.446490463,-0.002193445,0.015098155
5.140000000,-2.120588418,-1.816822154,2.299425975,-1.361176123,-1.826111906,-2.267868024,2.313321558,-1.354699253,0.294476511,-0.451045870,0.013895583,0.006476870
5.170000000,-2.124956716,-1.814970287,2.320021908,-1.370126123,-1.824690133,-2.269259051,2.328496550,-1.363099670,0.300266582,-0.454288764,0.008474643,0.007026452
5.210000000,-2.130825197,-1.812439202,2.344197175,-1.381119277,-1.822827087,-2.271140456,2.348733583,-1.374303390,0.307998110,-0.458701254,0.004536408,0.006815887
5.240000000,-2.135277126,-1.810485885,2.359585962,-1.388091620,-1.821469448,-2.272573357,2.363909252,-1.382708011,0.313807679,-0.462087472,0.004323290,0.005383609
5.270000000,-2.139766971,-1.808495608,2.376898187,-1.396316620,-1.820143635,-2.274018301,2.379083673,-1.391111295,0.319623336,-0.465522693,0.002185486,0.005205325
5.280000000,-2.145852617,-1.805765261,2.393259821,-1.407154223,-1.819711480,-2.274503533,2.384140891,-1.393910635,0.326141136,-0.468738273,-0.009118930,0.013243589
5.330000000,-2.150485586,-1.803670261,2.408301352,-1.415022406,-1.817583983,-2.276950010,2.409425147,-1.407904531,0.332901603,-0.473279749,0.001123796,0.007117875
5.370000000,-2.155171783,-1.801526748,2.423066748,-1.423489906,-1.815915762,-2.278941251,2.429647054,-1.419099774,0.339256021,-0.477414503,0.006580305,0.004390132
5.410000000,-2.161496601,-1.798590172,2.444431978,-1.433907032,-1.814256938,-2.280952505,2.449865663,-1.430293765,0.347239662,-0.482362332,0.005433685,0.003613267
5.440000000,-2.166293887,-1.796339247,2.458766032,-1.442008526,-1.813009013,-2.282470051,2.465025622,-1.438689564,0.353284874,-0.486130804,0.006259590,0.003318962
5.470000000,-2.171129785,-1.794051489,2.467905100,-1.450556026,-1.811752158,-2.283997182,2.480184212,-1.447085708,0.359377627,-0.489945694,0.012279112,0.003470318
5.510000000,-2.071096213,-1.866249417,2.481693205,-1.461607872,-1.810050065,-2.286055781,2.500391412,-1.458278082,0.261046148,-0.419806364,0.018698207,0.003329790
5.540000000,-2.074758852,-1.864750773,2.495347233,-1.470813035,-1.808746961,-2.287612295,2.515544406,-1.466671362,0.266011890,-0.422861521,0.020197173,0.004141673
5.570000000,-2.078464750,-1.863214533,2.510999433,-1.479310535,-1.807420541,-2.289174208,2.530699050,-1.475064701,0.271044209,-0.425959675,0.019699617,0.004245835
5.610000000,-2.083486983,-1.861101544,2.534832685,-1.491305160,-1.805606231,-2.291269932,2.550910989,-1.486254617,0.277880752,-0.430168387,0.016078304,0.005050542
5.640000000,-2.087297830,-1.859466414,2.547573849,-1.499376836,-1.804221987,-2.292857212,2.566069730,-1.494645138,0.283075843,-0.433390798,0.018495881,0.004731697
5.670000000,-2.091160959,-1.857774652,2.566680901,-1.507739336,-1.802836165,-2.294455115,2.581230002,-1.503031700,0.288324794,-0.436680463,0.014549101,0.004707635
5.710000000,-2.096381429,-1.855427926,2.592716010,-1.518715157,-1.801018573,-2.296599467,2.601449045,-1.514211463,0.295362855,-0.441171541,0.008733035,0.004503694
5.730000000,-2.100327204,-1.853605470,2.610254350,-1.526588735,-1.800131889,-2.297677744,2.611557813,-1.519800535,0.300195315,-0.444072274,0.001303463,0.006788200
5.770000000,-2.104314230,-1.851722539,2.625188261,-1.535153735,-1.798410329,-2.299853264,2.631774679,-1.530979569,0.305903900,-0.448130725,0.006586418,0.004174166
5.810000000,-2.109715273,-1.849125809,2.644860233,-1.545979170,-1.796753951,-2.302054519,2.651987724,-1.542167932,0.312961322,-0.452928710,0.007127491,0.003811238
5.840000000,-2.113816526,-1.847132038,2.659448791,-1.553858316,-1.795547575,-2.303715877,2.667146295,-1.550560213,0.318268951,-0.456583839,0.007697504,0.003298103
5.870000000,-2.117948506,-1.845083558,2.674173420,-1.562255816,-1.794360354,-2.305382805,2.682302184,-1.558951472,0.323588152,-0.460299247,0.008128764,0.003304344
5.910000000,-2.123525520,-1.842272243,2.694134425,-1.573074930,-1.792799837,-2.307621900,2.702508106,-1.570140726,0.330725683,-0.465349658,0.008373681,0.002934204
5.940000000,-2.127782811,-1.840094163,2.710161449,-1.580399957,-1.791636651,-2.309316552,2.717659177,-1.578532950,0.336146159,-0.469222390,0.007497728,0.001867007
5.970000000,-2.132093225,-1.837870691,2.733441852,-1.589022457,-1.790473318,-2.311018923,2.732809113,-1.586924662,0.341619907,-0.473148232,-0.000632739,0.002097796
6.010000000,-1.977521275,-1.945121953,2.752618970,-1.600895433,-1.788912941,-2.313297035,2.753005696,-1.598114970,0.188608333,-0.368175083,0.000386726,0.002780463
6.040000000,-1.979990744,-1.944092662,2.768029769,-1.608810296,-1.787728525,-2.315015415,2.768151169,-1.606508436,0.192262219,-0.370922753,0.000121400,0.002301860
6.070000000,-1.982497861,-1.943011727,2.784603133,-1.617097796,-1.786529466,-2.316744723,2.783301337,-1.614901105,0.195968395,-0.373732996,-0.001301796,0.002196691
6.110000000,-1.985900422,-1.941514185,2.794771863,-1.627904211,-1.784904234,-2.319066894,2.803516745,-1.626091226,0.200996188,-0.377552709,0.008744883,0.001812986
6.140000000,-1.988478763,-1.940329380,2.808329159,-1.637019605,-1.783687469,-2.320812102,2.818682528,-1.634482726,0.204791294,-0.380482722,0.010353368,0.002536879
6.170000000,-1.991082566,-1.939092561,2.829179588,-1.645387105,-1.782499839,-2.322557517,2.833855141,-1.642876397,0.208582726,-0.383464956,0.004675553,0.002510707
6.210000000,-1.994594774,-1.937354348,2.847465876,-1.657024156,-1.781027821,-2.324887619,2.854101087,-1.654076578,0.213566953,-0.387533271,0.006635211,0.002947578
6.240000000,-1.997271959,-1.935992260,2.862529505,-1.665500511,-1.780043189,-2.326634520,2.869284667,-1.662486262,0.217228771,-0.390642259,0.006755162,0.003014249
6.270000000,-1.999997463,-1.934577404,2.880978493,-1.673788011,-1.779155382,-2.328374814,2.884466492,-1.670896512,0.220842081,-0.393797410,0.003487999,0.002891499
6.310000000,-2.003703846,-1.932611748,2.900101308,-1.684925856,-1.778148043,-2.330676932,2.904705027,-1.682092841,0.225555803,-0.398065184,0.004603719,0.002833015
6.340000000,-2.006529232,-1.931080594,2.914755556,-1.693816257,-1.777515458,-2.332393816,2.919881635,-1.690486814,0.229013774,-0.401313221,0.005126079,0.003329442
6.370000000,-2.009395707,-1.929498129,2.930064343,-1.702336257,-1.776963821,-2.334106361,2.935054885,-1.698886061,0.232431887,-0.404608232,0.004990542,0.003450196
6.410000000,-2.013246126,-1.927300848,2.947010602,-1.713668786,-1.776359798,-2.336376673,2.955280823,-1.710085633,0.236886328,-0.409075825,0.008270221,0.003583153
6.430000000,-2.016168486,-1.925586254,2.969049547,-1.722246090,-1.776105079,-2.337503553,2.965391882,-1.715681494,0.240063406,-0.411917299,-0.003657664,0.006564596
6.470000000,-2.019129299,-1.923815019,2.983842272,-1.730618590,-1.775678839,-2.339742629,2.985609028,-1.726870414,0.243450460,-0.415927609,0.001766755,0.003748176
6.510000000,-1.956297221,-2.022881173,3.011329502,-1.742085616,-1.775350539,-2.341970525,3.005822465,-1.738064503,0.180946682,-0.319089352,-0.005507038,0.004021113
6.540000000,-1.958529386,-2.022199720,3.026327047,-1.750736410,-1.775160680,-2.343632972,3.020978891,-1.746461419,0.183368705,-0.321433251,-0.005348156,0.004274991
6.570000000,-1.960794740,-2.021471381,3.040800638,-1.759283910,-1.775004657,-2.345285274,3.036136859,-1.754856065,0.185790083,-0.323813893,-0.004663779,0.004427846
6.610000000,-1.963848604,-2.020391532,3.055239003,-1.769931241,-1.774850898,-2.347468254,3.056351291,-1.766045381,0.188997707,-0.327076722,0.001112288,0.003885860
6.640000000,-1.966164395,-2.019501064,3.068945031,-1.778378740,-1.774781648,-2.349091444,3.071511256,-1.774441173,0.191382747,-0.329590381,0.002566225,0.003937567
6.670000000,-1.968504049,-2.018563481,3.083067551,-1.786436240,-1.774755703,-2.350700848,3.086671217,-1.782836140,0.193748346,-0.332137367,0.003603667,0.003600100
6.710000000,-1.971662310,-2.017221962,3.108800334,-1.797193242,-1.774821251,-2.352807115,3.106885756,-1.794023025,0.196841059,-0.335585153,-0.001914578,0.003170217
6.730000000,-1.974066101,-2.016143742,3.121500591,-1.805625259,-1.774901410,-2.353840181,3.116990652,-1.799613623,0.199164691,-0.337696439,-0.004509938,0.006011636
6.770000000,-1.976481611,-2.015013158,3.136134174,-1.814115259,-1.775162546,-2.355867093,3.137197147,-1.810794576,0.201319065,-0.340853935,0.001062973,0.003320683
6.810000000,-1.979738760,-2.013429582,3.148442610,-1.825232082,-1.775554641,-2.357843076,3.157397844,-1.821986237,0.204184119,-0.344413494,0.008955234,0.003245845
6.840000000,-1.982209018,-2.012178089,3.162067649,-1.832382299,-1.775929287,-2.359285098,3.172545493,-1.830380957,0.206279731,-0.347107009,0.010477844,0.002001342
6.870000000,-1.984710354,-2.010880058,3.172592591,-1.840877299,-1.776355408,-2.360695548,3.187690117,-1.838771985,0.208354946,-0.349815490,0.015097526,0.002105314
6.910000000,-1.988080495,-2.009055404,3.187513942,-1.852651246,-1.777006858,-2.362522528,3.207878677,-1.849958859,0.211073638,-0.353467123,0.020364734,0.002692387
6.940000000,-1.990636675,-2.007628154,3.200278343,-1.860566574,-1.777549259,-2.363857022,3.223017001,-1.858352872,0.213087415,-0.356228868,0.022738658,0.002213703
6.970000000,-1.993225065,-2.006154824,3.216086461,-1.869061574,-1.778124561,-2.365164214,3.238153027,-1.866747427,0.215100504,-0.359009390,0.022066567,0.002314147
7.010000000,-1.917346398,-2.060514315,3.240896737,-1.880470649,-1.778940071,-2.366851416,3.258331662,-1.877936786,0.138406327,-0.306337101,0.017434925,0.002533864
7.030000000,-1.919033255,-2.059601678,3.256830553,-1.889672722,-1.779363689,-2.367672488,3.268419108,-1.883530623,0.139669566,-0.308070810,0.011588554,0.006142098
7.070000000,-1.920756788,-2.058623577,3.270798324,-1.898185222,-1.780236173,-2.369275517,3.288596093,-1.894719565,0.140520614,-0.310651939,0.017797769,0.003465657
7.110000000,-1.923091226,-2.057230905,3.301479593,-1.909599104,-1.781136416,-2.370826908,3.308780061,-1.905911199,0.141954810,-0.313596003,0.007300467,0.003687906
7.140000000,-1.924844870,-2.056112522,3.316374924,-1.918315789,-1.781836563,-2.371946355,3.323918677,-1.914301997,0.143008306,-0.315833833,0.007543753,0.004013793
7.170000000,-1.926605849,-2.054931164,3.340858208,-1.926470789,-1.782566483,-2.373027959,3.339058573,-1.922693844,0.144039366,-0.318096795,-0.001799635,0.003776945
7.210000000,-1.928986121,-2.053274858,3.357775507,-1.937906893,-1.783622251,-2.374394742,3.359248154,-1.933890167,0.145363869,-0.321119884,0.001472647,0.004016725
7.230000000,-1.930793695,-2.051969602,3.377550200,-1.946361586,-1.784192764,-2.375044537,3.369341061,-1.939491777,0.146600931,-0.323074935,-0.008209139,0.006869809
7.270000000,-1.932636979,-2.050608200,3.392851825,-1.954716586,-1.785426513,-2.376267617,3.389523354,-1.950696957,0.147210466,-0.325659417,-0.003328471,0.004019629
7.310000000,-1.935104169,-2.048711710,3.420508748,-1.966015577,-1.786782980,-2.377381123,3.409700067,-1.961891843,0.148321189,-0.328669412,-0.010808681,0.004123734
7.330000000,-1.936952783,-2.047214476,3.430612454,-1.974115598,-1.787505698,-2.377897831,3.419786640,-1.967487222,0.149447086,-0.330683356,-0.010825814,0.006628376
7.370000000,-1.938805111,-2.045654267,3.445874637,-1.982573098,-1.789034842,-2.378856303,3.439956216,-1.978683265,0.149770269,-0.333202036,-0.005918420,0.003889832
7.410000000,-1.941280646,-2.043492613,3.454808503,-1.993996892,-1.790663720,-2.379714204,3.460120467,-1.989882125,0.150616926,-0.336221590,0.005311965,0.004114767
7.440000000,-1.943151578,-2.041809311,3.468955984,-2.002866612,-1.791943784,-2.380285990,3.475240629,-1.998276211,0.151207793,-0.338476679,0.006284645,0.004590401
7.470000000,-1.945032986,-2.040057898,3.492399715,-2.011314112,-1.793261880,-2.380807489,3.490358149,-2.006668441,0.151771106,-0.340749591,-0.002041566,0.004645672
7.510000000,-1.869551576,-2.133019219,3.510568980,-2.022676032,-1.795083085,-2.381417849,3.510512090,-2.017861753,0.074468491,-0.248398630,-0.000056890,0.004814279
7.530000000,-1.870531857,-2.132267472,3.527555783,-2.030305580,-1.796016533,-2.381689358,3.520587032,-2.023459832,0.074515324,-0.249421887,-0.006968751,0.006845748
7.570000000,-1.871524026,-2.131447724,3.542373764,-2.038803080,-1.797919852,-2.382162436,3.540739354,-2.034654958,0.073604175,-0.250714712,-0.001634410,0.004148122
7.610000000,-1.872854914,-2.130252501,3.559411494,-2.050556201,-1.799866374,-2.382541003,3.560902039,-2.045845666,0.072988540,-0.252288502,0.001490546,0.004710535
7.630000000,-1.873849536,-2.129300517,3.572933219,-2.059585525,-1.800860905,-2.382694303,3.570984472,-2.051443357,0.072988632,-0.253393786,-0.001948748,0.008142168
7.670000000,-1.874862023,-2.128311303,3.587352455,-2.067985525,-1.802915859,-2.382919403,3.591152251,-2.062642651,0.071946164,-0.254608100,0.003799796,0.005342874
7.710000000,-1.876216437,-2.126911478,3.605536009,-2.079466140,-1.805092118,-2.383010148,3.611324425,-2.073837187,0.071124319,-0.256098670,0.005788416,0.005628953
7.740000000,-1.877221513,-2.125823302,3.619377936,-2.088509454,-1.806829235,-2.382968256,3.626449411,-2.082224667,0.070392278,-0.257144954,0.007071475,0.006284787
7.770000000,-1.878223062,-2.124693435,3.635049133,-2.097034454,-1.808652146,-2.382842220,3.641570652,-2.090609693,0.069570916,-0.258148785,0.006521519,0.006424761
7.810000000,-1.879564724,-2.123108748,3.653819843,-2.107789671,-1.811247978,-2.382518585,3.661724949,-2.101801966,0.068316746,-0.259409837,0.007905106,0.005987705
7.830000000,-1.880578852,-2.121869225,3.670595511,-2.116218117,-1.812612966,-2.382291614,3.671798783,-2.107402305,0.067965886,-0.260422388,0.001203272,0.008815812
7.870000000,-1.881594636,-2.120576964,3.684843110,-2.124405617,-1.815470370,-2.381703249,3.691941016,-2.118595384,0.066124266,-0.261126285,0.007097905,0.005810233
7.910000000,-1.882943075,-2.118777635,3.704207481,-2.136047037,-1.818489867,-2.380938342,3.712074336,-2.129778773,0.064453208,-0.262160707,0.007866855,0.006268264
7.930000000,-1.883954375,-2.117356066,3.712324536,-2.144768416,-1.820058339,-2.380492814,3.722138792,-2.135373824,0.063896036,-0.263136748,0.009814255,0.009394592
7.970000000,-1.884955098,-2.115880648,3.725980614,-2.153118416,-1.823306207,-2.379478927,3.742261067,-2.146572750,0.061648891,-0.263598279,0.016280453,0.006545666
8.010000000,-1.885648177,-2.146106697,3.750345388,-2.163035823,-1.826688730,-2.378299571,3.762377897,-2.157766719,0.058959447,-0.232192874,0.012032509,0.005269105
8.030000000,-1.886623206,-2.144879419,3.773270454,-2.172478893,-1.828426089,-2.377648394,3.772433485,-2.163359275,0.058197117,-0.232768975,-0.000836969,0.009119618
8.070000000,-1.887581151,-2.143586905,3.787870396,-2.180866393,-1.831987780,-2.376230060,3.792541816,-2.174544481,0.055593370,-0.232643155,0.004671420,0.006321912
8.110000000,-1.888834894,-2.141782672,3.804534313,-2.192232846,-1.835657676,-2.374664393,3.812645506,-2.185739823,0.053177218,-0.232881721,0.008111194,0.006493023
8.140000000,-1.889779326,-2.140381820,3.817008320,-2.201257575,-1.838476347,-2.373387169,3.827721575,-2.194134521,0.051302979,-0.233005348,0.010713254,0.007123054
8.170000000,-1.890706882,-2.138928050,3.831136049,-2.209600075,-1.841339436,-2.372033113,3.842795772,-2.202523670,0.049367445,-0.233105063,0.011659722,0.007076404
8.210000000,-1.891916082,-2.136915946,3.851620005,-2.221686997,-1.845237501,-2.370089796,3.862892084,-2.213708151,0.046678581,-0.233173851,0.011272079,0.007978846
8.240000000,-1.892812875,-2.135343231,3.865255821,-2.230903229,-1.848221431,-2.368532559,3.877962522,-2.222104223,0.044591443,-0.233189328,0.012706702,0.008799006
8.270000000,-1.893692749,-2.133718815,3.879302080,-2.239448229,-1.851246294,-2.366902190,3.893031348,-2.230503992,0.042446456,-0.233183375,0.013729268,0.008944237
8.310000000,-1.894867558,-2.131467645,3.898686600,-2.251296469,-1.855346124,-2.364590677,3.913121916,-2.241696799,0.039521434,-0.233123032,0.014435316,0.009599670
8.340000000,-1.895748171,-2.129724991,3.911979974,-2.260070238,-1.858468485,-2.362755152,3.928187861,-2.250087677,0.037279686,-0.233030161,0.016207887,0.009982560
8.370000000,-1.896636690,-2.127939952,3.925855695,-2.268602738,-1.861626336,-2.360848413,3.943253739,-2.258482706,0.035010355,-0.232908461,0.017398044,0.010120031
8.410000000,-1.897832554,-2.125508428,3.945459701,-2.279983192,-1.865899915,-2.358176047,3.963338756,-2.269682766,0.031932639,-0.232667619,0.017879055,0.010300425
8.440000000,-1.898703090,-2.123627062,3.959472616,-2.288159497,-1.869146381,-2.356071051,3.978402216,-2.278078532,0.029556709,-0.232443989,0.018929600,0.010080966
8.470000000,-1.899561393,-2.121681730,3.973291290,-2.296691997,-1.872419528,-2.353893085,3.993463874,-2.286469298,0.027141865,-0.232211355,0.020172584,0.010222699
8.510000000,-1.852572676,-2.081784402,3.990876062,-2.307962786,-1.876830450,-2.350863502,4.013545697,-2.297658245,-0.024257774,-0.269079100,0.022669635,0.010304541
8.540000000,-1.852843248,-2.079266254,4.002950577,-2.317490467,-1.880169391,-2.348503530,4.028605510,-2.306055943,-0.027326143,-0.269237276,0.025654932,0.011434523
8.570000000,-1.853101363,-2.076697038,4.016500064,-2.325980467,-1.883524492,-2.346080903,4.043666037,-2.314453230,-0.030423129,-0.269383865,0.027165973,0.011527237
8.610000000,-1.853409869,-2.073201572,4.037395933,-2.336551026,-1.888016930,-2.342739650,4.063748657,-2.325640057,-0.034607061,-0.269538078,0.026352725,0.010910969
8.640000000,-1.853637843,-2.070521239,4.050118813,-2.345411040,-1.891398637,-2.340160926,4.078813532,-2.334029713,-0.037760794,-0.269639687,0.028694719,0.011381327
8.670000000,-1.853841659,-2.067792163,4.063584101,-2.353738540,-1.894789667,-2.337536896,4.093880647,-2.342423870,-0.040948009,-0.269744733,0.030296546,0.011314670
8.710000000,-1.854094226,-2.064098837,4.086129537,-2.364464028,-1.899320949,-2.333960316,4.113973275,-2.353618826,-0.045226723,-0.269861479,0.027843738,0.010845202
8.740000000,-1.854258333,-2.061288584,4.096972568,-2.372729962,-1.902717798,-2.331221391,4.129046228,-2.362010511,-0.048459465,-0.269932807,0.032073661,0.010719452
8.770000000,-1.854410069,-2.058421048,4.110397217,-2.381147462,-1.906111239,-2.328446625,4.144120205,-2.370400481,-0.051701171,-0.270025578,0.033722988,0.010746982
8.810000000,-1.854571006,-2.054531731,4.128250982,-2.392232018,-1.910630994,-2.324696819,4.164224326,-2.381590725,-0.056059989,-0.270165088,0.035973344,0.010641293
8.840000000,-1.854673639,-2.051568602,4.148299767,-2.399541389,-1.914013113,-2.321855574,4.179304118,-2.389985763,-0.059339474,-0.270286972,0.031004351,0.009555626
8.870000000,-1.854769598,-2.048559593,4.161828648,-2.407728889,-1.917383173,-2.318995272,4.194387447,-2.398379514,-0.062613574,-0.270435679,0.032558799,0.009349375
8.910000000,-1.854858972,-2.044486928,4.184431164,-2.419195410,-1.921847151,-2.315154398,4.214501162,-2.409569139,-0.066988180,-0.270667470,0.030069998,0.009626271
8.940000000,-1.854886196,-2.041383433,4.201779829,-2.427249180,-1.925173726,-2.312266329,4.229590919,-2.417961977,-0.070287530,-0.270882896,0.027811090,0.009287203
8.970000000,-1.854888739,-2.038230932,4.215520153,-2.435604180,-1.928484382,-2.309380110,4.244682181,-2.426354790,-0.073595642,-0.271149178,0.029162028,0.009249390
9.010000000,-1.924667024,-2.001014003,4.242451724,-2.446502166,-1.932860015,-2.305540024,4.264809057,-2.437544942,-0.008192992,-0.304526021,0.022357333,0.008957224
9.040000000,-1.925487328,-1.997383929,4.253128786,-2.454595481,-1.936105463,-2.302670575,4.279906797,-2.445939287,-0.010618135,-0.305286646,0.026778011,0.008656194
9.070000000,-1.926287931,-1.993714390,4.266923110,-2.463072981,-1.939324857,-2.299815663,4.295007878,-2.454338786,-0.013036926,-0.306101273,0.028084768,0.008734195
9.110000000,-1.927335659,-1.988740167,4.289825575,-2.474247304,-1.943569680,-2.296051333,4.315150159,-2.465537599,-0.016234021,-0.307311167,0.025324584,0.008709705
9.140000000,-1.928104251,-1.984959834,4.302269162,-2.482525563,-1.946702702,-2.293271836,4.330262088,-2.473936231,-0.018598451,-0.308312002,0.027992926,0.008589332
9.170000000,-1.928854670,-1.981127100,4.316019362,-2.490988063,-1.949783788,-2.290533852,4.345378797,-2.482339439,-0.020929119,-0.309406751,0.029359435,0.008648624
9.210000000,-1.929822885,-1.975938989,4.334258063,-2.501151774,-1.953777828,-2.286989078,4.365540395,-2.493549060,-0.023954943,-0.311050089,0.031282332,0.007602715
9.240000000,-1.930519908,-1.971992011,4.357187577,-2.509504790,-1.956678646,-2.284438843,4.380667922,-2.501945233,-0.026158738,-0.312446832,0.023480345,0.007559558
9.270000000,-1.931193943,-1.967977868,4.371121621,-2.517654790,-1.959502302,-2.281980398,4.395797280,-2.510330377,-0.028308360,-0.314002530,0.024675659,0.007324414
9.310000000,-1.932059858,-1.962521861,4.383589551,-2.528078257,-1.963105102,-2.278882569,4.415977530,-2.521519665,-0.031045245,-0.316360708,0.032387979,0.006558592
9.340000000,-1.932676778,-1.958363357,4.389010506,-2.535731232,-1.965676932,-2.276704997,4.431114715,-2.529929294,-0.033000154,-0.318341640,0.042104208,0.005801938
9.370000000,-1.933269124,-1.954159176,4.402326820,-2.543933732,-1.968156138,-2.274642668,4.446255729,-2.538335109,-0.034887014,-0.320483492,0.043928909,0.005598622
9.410000000,-1.934014530,-1.948502585,4.421145952,-2.555652290,-1.971294497,-2.272115036,4.466445687,-2.549515141,-0.037279967,-0.323612451,0.045299735,0.006137149
9.440000000,-1.934550175,-1.944211905,4.440692209,-2.564187536,-1.973516280,-2.270386738,4.481591425,-2.557902574,-0.038966105,-0.326174833,0.040899216,0.006284962
9.470000000,-1.935069243,-1.939880850,4.454120266,-2.572580036,-1.975638728,-2.268779953,4.496737828,-2.566307368,-0.040569485,-0.328899102,0.042617562,0.006272668
9.510000000,-1.895602518,-1.963328401,4.474819305,-2.583594994,-1.978294395,-2.266867022,4.516935175,-2.577520497,-0.082691877,-0.303538622,0.042115870,0.006074497
9.540000000,-1.895578519,-1.959262625,4.494989989,-2.592815463,-1.980164286,-2.265610109,4.532084185,-2.585909429,-0.084585767,-0.306347484,0.037094197,0.006906034
9.570000000,-1.895531340,-1.955162989,4.508576426,-2.601367963,-1.981945285,-2.264481586,4.547233581,-2.594294405,-0.086413945,-0.309318597,0.038657155,0.007073558
9.610000000,-1.895403879,-1.949638546,4.529705079,-2.612295964,-1.984153510,-2.263205002,4.567436138,-2.605503227,-0.088749631,-0.313566456,0.037731059,0.006792737
9.640000000,-1.895262845,-1.945442717,4.550315541,-2.621235950,-1.985696009,-2.262413729,4.582588906,-2.613921138,-0.090433164,-0.316971012,0.032273364,0.007314812
9.670000000,-1.895093171,-1.941203914,4.564095059,-2.629743450,-1.987169564,-2.261739577,4.597737482,-2.622324852,-0.092076394,-0.320535663,0.033642423,0.007418598
9.710000000,-1.894810012,-1.935467976,4.575511397,-2.641109182,-1.989023945,-2.261038164,4.617879632,-2.633505242,-0.094213933,-0.325570188,0.042368234,0.007603940
9.740000000,-1.894566313,-1.931114930,4.592747112,-2.649348638,-1.990335996,-2.260640675,4.632914324,-2.641899613,-0.095769684,-0.329525745,0.040167212,0.007449025
9.770000000,-1.894298053,-1.926715744,4.606120535,-2.657741138,-1.991595823,-2.260327524,4.647876534,-2.650305502,-0.097297770,-0.333611780,0.041755999,0.007435636
9.810000000,-1.893871338,-1.920780253,4.635195954,-2.670922383,-1.993201421,-2.260059127,4.667662876,-2.661509038,-0.099330083,-0.339278874,0.032466923,0.009413345
9.840000000,-1.893510638,-1.916249796,4.656439069,-2.679371170,-1.994364013,-2.259966310,4.682357184,-2.669898432,-0.100853374,-0.343716514,0.025918115,0.009472738
9.870000000,-1.893128596,-1.911655839,4.669860535,-2.687936170,-1.995496315,-2.259947472,4.696930234,-2.678287272,-0.102367719,-0.348291634,0.027069699,0.009648897
9.910000000,-1.892564161,-1.905430676,4.689182444,-2.699960960,-1.996946779,-2.260049585,4.716081775,-2.689488990,-0.104382618,-0.354618909,0.026899330,0.010471969
9.940000000,-1.892101493,-1.900705424,4.703984670,-2.708247743,-1.997997988,-2.260222126,4.730207279,-2.697895700,-0.105896495,-0.359516702,0.026222609,0.010352043
9.970000000,-1.891604394,-1.895930243,4.716726504,-2.716617743,-1.999031471,-2.260467667,4.744149625,-2.706294754,-0.107427076,-0.364537424,0.027423120,0.010322989
10.010000000,-1.933924420,-1.897427341,4.734343351,-2.727669341,-2.000380509,-2.260929382,4.762364587,-2.717481597,-0.066456089,-0.363502041,0.028021236,0.010187744
10.040000000,-1.933855953,-1.892623545,4.746603593,-2.736449998,-2.001364144,-2.261373779,4.775734493,-2.725880993,-0.067508192,-0.368750234,0.029130899,0.010569005
10.070000000,-1.933745400,-1.887767041,4.758409333,-2.744799998,-2.002327457,-2.261890387,4.788883584,-2.734290731,-0.068582057,-0.374123345,0.030474251,0.010509267
10.110000000,-1.933555020,-1.881206319,4.774031165,-2.756529602,-2.003588199,-2.262720124,4.805991319,-2.745497600,-0.070033179,-0.381513805,0.031960154,0.011032002
10.140000000,-1.933377693,-1.876227512,4.790556331,-2.765108537,-2.004520193,-2.263454012,4.818494840,-2.753888128,-0.071142499,-0.387226500,0.027938510,0.011220409
10.170000000,-1.933162506,-1.871198404,4.801469133,-2.773533537,-2.005435926,-2.264269562,4.830723615,-2.762259567,-0.072273420,-0.393071158,0.029254482,0.011273970
10.210000000,-1.932833786,-1.864403064,4.810447079,-2.785344061,-2.006603746,-2.265495397,4.846267990,-2.773350985,-0.073769961,-0.401092334,0.035820910,0.011993076
10.240000000,-1.932570220,-1.859256715,4.827100793,-2.793952587,-2.007397471,-2.266485291,4.857278194,-2.781653855,-0.074827251,-0.407228576,0.030177401,0.012298732
10.270000000,-1.932277264,-1.854082884,4.836289735,-2.802155087,-2.008100928,-2.267493248,4.867827444,-2.789977789,-0.075823664,-0.413410364,0.031537709,0.012177298
10.310000000,-1.931856342,-1.847119440,4.848818380,-2.813051369,-2.008854348,-2.268810368,4.881097713,-2.801097760,-0.076998007,-0.421690927,0.032279333,0.011953609
10.340000000,-1.931504430,-1.841849707,4.868955314,-2.821918317,-2.009282203,-2.269730273,4.890486004,-2.809447268,-0.077777773,-0.427880566,0.021530690,0.012471049
10.370000000,-1.931128460,-1.836535865,4.876849654,-2.830120817,-2.009596861,-2.270567288,4.899473370,-2.817816151,-0.078468401,-0.434031423,0.022623716,0.012304666
10.410000000,-1.930586274,-1.829380748,4.887474979,-2.841766562,-2.009754411,-2.271468133,4.910774510,-2.828971713,-0.079168137,-0.442087385,0.023299531,0.012794849
10.440000000,-1.930147443,-1.823964119,4.892736336,-2.850164551,-2.009647897,-2.271942147,4.918743871,-2.837309245,-0.079500455,-0.447978028,0.026007534,0.012855306
10.470000000,-1.929687679,-1.818496531,4.899085059,-2.858334551,-2.009375850,-2.272253169,4.926363678,-2.845658067,-0.079688171,-0.453756638,0.027278619,0.012676484
10.510000000,-2.016576534,-1.888161278,4.916032195,-2.869742076,-2.008688167,-2.272340257,4.935914748,-2.856855781,0.007888367,-0.384178979,0.019882552,0.012886295
10.540000000,-2.017096065,-1.883537793,4.923703597,-2.878733860,-2.007881248,-2.272130185,4.942654434,-2.865241417,0.009214816,-0.388592392,0.018950837,0.013492443
10.570000000,-2.017576036,-1.878869144,4.929048878,-2.887261360,-2.006836649,-2.271704984,4.949089112,-2.873580594,0.010739387,-0.392835840,0.020040234,0.013680767
10.610000000,-2.018166483,-1.872583607,4.938576694,-2.898982101,-2.004999141,-2.270729605,4.957124691,-2.884695018,0.013167342,-0.398145998,0.018547996,0.014287083
10.640000000,-2.018561873,-1.867811415,4.942227150,-2.906962880,-2.003280854,-2.269677277,4.962750820,-2.893102591,0.015281019,-0.401865862,0.020523671,0.013860288
10.670000000,-2.018934871,-1.863005013,4.946443479,-2.915307880,-2.001292042,-2.268375661,4.968099029,-2.901527874,0.017642829,-0.405370648,0.021655550,0.013780006
10.710000000,-2.019400425,-1.856540002,4.959334463,-2.925811267,-1.998092476,-2.266153503,4.974759056,-2.912675823,0.021307949,-0.409613501,0.015424594,0.013135443
10.740000000,-2.019727290,-1.851639355,4.964494893,-2.934701600,-1.995266978,-2.264110464,4.979417748,-2.921006751,0.024460312,-0.412471109,0.014922855,0.013694848
10.770000000,-2.020025353,-1.846704523,4.967969483,-2.942959100,-1.992131260,-2.261793356,4.983844586,-2.929391177,0.027894092,-0.415088833,0.015875103,0.013567922
10.810000000,-2.020398107,-1.840090630,4.979431966,-2.952511312,-1.987348465,-2.258201905,4.989326363,-2.940644383,0.033049641,-0.418111274,0.009894397,0.011866929
10.840000000,-2.020666318,-1.835108300,4.978317663,-2.960368670,-1.983263405,-2.255131822,4.993135863,-2.949024430,0.037402913,-0.420023522,0.014818201,0.011344239
10.870000000,-2.020900349,-1.830085361,4.980910828,-2.968921170,-1.978800748,-2.251792643,4.996725023,-2.957355975,0.042099602,-0.421707282,0.015814195,0.011565195
10.910000000,-2.021169128,-1.823340754,4.994833119,-2.981452199,-1.972159915,-2.246862199,5.001138116,-2.968514633,0.049009212,-0.423521445,0.006304998,0.012937566
10.940000000,-2.021361992,-1.818238378,4.988611170,-2.990777293,-1.966647615,-2.242816283,5.004177251,-2.976949664,0.054714378,-0.424577905,0.015566080,0.013827629
10.970000000,-2.021556783,-1.813092047,4.990419455,-2.999009793,-1.960721916,-2.238520834,5.007032874,-2.985367321,0.060834867,-0.425428788,0.016613419,0.013642471
11.010000000,-2.027106200,-1.868021627,5.001774159,-3.009805747,-1.952029363,-2.232347338,5.010494507,-2.996500044,0.075076838,-0.364325710,0.008720348,0.013305703
11.040000000,-2.027353638,-1.863547674,5.011577690,-3.017286409,-1.944917060,-2.227396133,5.012853091,-3.004863785,0.082436578,-0.363848460,0.001275401,0.012422624
11.070000000,-2.027606281,-1.859034345,5.013166408,-3.025533909,-1.937374579,-2.222220200,5.015046633,-3.013286594,0.090231702,-0.363185855,0.001880225,0.012247314
11.110000000,-2.027936396,-1.852980646,5.011305970,-3.036107103,-1.926495713,-2.214916158,5.017676477,-3.024536328,0.101440683,-0.361935511,0.006370507,0.011570776
11.140000000,-2.028159371,-1.848423574,5.009741483,-3.043524704,-1.917692967,-2.209138127,5.019419301,-3.032913358,0.110466404,-0.360714553,0.009677818,0.010611346
11.170000000,-2.028370780,-1.843864075,5.010438958,-3.051689704,-1.908424322,-2.203141669,5.021000158,-3.041280770,0.119946458,-0.359277594,0.010561200,0.010408934
11.210000000,-2.028638022,-1.837768514,5.005414300,-3.061992017,-1.895225812,-2.194746634,5.022851539,-3.052527086,0.133412210,-0.356978120,0.017437239,0.009464931
11.240000000,-2.028843669,-1.833176045,5.008046149,-3.070645931,-1.884679165,-2.188158127,5.024062958,-3.060990039,0.144164503,-0.354982081,0.016016809,0.009655892
11.270000000,-2.029055714,-1.828557742,5.008043748,-3.079300931,-1.873639418,-2.181368409,5.025154897,-3.069404416,0.155416297,-0.352810667,0.017111150,0.009896515
11.310000000,-2.029356170,-1.822369925,5.014534206,-3.090887382,-1.858010122,-2.171980424,5.026393527,-3.080555268,0.171346048,-0.349610500,0.011859321,0.010332114
11.340000000,-2.029576292,-1.817717387,5.018017638,-3.099091282,-1.845622639,-2.164720293,5.027175375,-3.088960921,0.183953652,-0.347002906,0.009157737,0.010130360
11.370000000,-2.029797517,-1.813050600,5.017815815,-3.107536282,-1.832750904,-2.157319790,5.027846625,-3.097401488,0.197046613,-0.344269190,0.010030811,0.010134794
11.410000000,-2.030113568,-1.806799928,5.023892898,-3.118729116,-1.814667394,-2.147224289,5.028546769,-3.108626691,0.215446173,-0.340424361,0.004653870,0.010102425
11.440000000,-2.030353129,-1.802079254,5.020039815,-3.126707413,-1.800404169,-2.139504020,5.028914510,-3.117006494,0.229948960,-0.337424766,0.008874694,0.009700919
11.470000000,-2.030603987,-1.797354245,5.019414094,-3.135187413,-1.785645005,-2.131688481,5.029177611,-3.125395592,0.244958982,-0.334334236,0.009763517,0.009791821
11.510000000,-1.955332131,-1.891717630,5.019781657,3.137286108,-1.765075269,-2.121113969,5.029340587,-3.136634324,0.190256862,-0.229396338,0.009558930,0.009264875
11.540000000,-1.954735492,-1.888175499,5.018908348,3.128987571,-1.748963456,-2.113083054,5.029338303,3.138125474,0.205772036,-0.224907555,0.010429955,0.009137903
11.570000000,-1.954158312,-1.884626628,5.017878623,3.120367571,-1.732343300,-2.104988751,5.029249676,3.129731025,0.221815012,-0.220362122,0.011371053,0.009363454
11.610000000,-1.953421181,-1.879892326,5.014184951,3.109971062,-1.709274714,-2.094091884,5.028984328,3.118558362,0.244146467,-0.214199558,0.014799377,0.008587300
11.640000000,-1.952892814,-1.876351974,5.004727955,3.100958872,-1.691323730,-2.085836664,5.028686091,3.110141914,0.261569083,-0.209484690,0.023958135,0.009183042
11.670000000,-1.952402950,-1.872817379,5.002983279,3.092583872,-1.672902500,-2.077510706,5.028317455,3.101710444,0.279500449,-0.204693327,0.025334176,0.009126572
11.710000000,-1.951806160,-1.868094788,5.016394825,3.081469105,-1.647456345,-2.066257976,5.027712440,3.090519714,0.304349815,-0.198163188,0.011317616,0.009050609
11.740000000,-1.951404122,-1.864553533,5.017291934,3.073484744,-1.627714059,-2.057696083,5.027175581,3.082173287,0.323690063,-0.193142551,0.009883647,0.008688543
11.770000000,-1.951029277,-1.861014691,5.015749392,3.064934744,-1.607513856,-2.049047821,5.026587626,3.073808812,0.343515421,-0.188033130,0.010838234,0.008874069
11.810000000,-1.950603819,-1.856294277,5.008276533,3.052893104,-1.579763254,-2.037378183,5.025676879,3.062587386,0.370840564,-0.181083906,0.017400346,0.009694282
11.840000000,-1.950338988,-1.852762514,5.007744428,3.044881075,-1.558328505,-2.028545272,5.024901113,3.054184540,0.392010483,-0.175782758,0.017156685,0.009303465
11.870000000,-1.950123228,-1.849237098,5.005742310,3.036408575,-1.536441044,-2.019668967,5.024057706,3.045813415,0.413682184,-0.170431869,0.018315396,0.009404840
11.910000000,-1.949905093,-1.844546586,5.001067049,3.024924502,-1.506462081,-2.007777206,5.022850387,3.034646652,0.443443012,-0.163230620,0.021783338,0.009722150
11.940000000,-1.949807879,-1.841041754,4.994847003,3.015281006,-1.483409655,-1.998832659,5.021896379,3.026234775,0.466398224,-0.157790906,0.027049375,0.010953768
11.970000000,-1.949762055,-1.837559225,4.992395629,3.006981006,-1.459943755,-1.989880378,5.020914247,3.017818473,0.489818301,-0.152321153,0.028518618,0.010837466
12.010000000,-1.854417280,-1.778653993,4.993925600,2.996307738,-1.427891845,-1.977949106,5.019555284,3.006635187,0.426525436,-0.199295113,0.025629684,0.010327449
12.040000000,-1.853342816,-1.774535951,4.987645742,2.988798962,-1.403303823,-1.969016066,5.018505966,2.998256591,0.450038993,-0.194480115,0.030860224,0.009457628
12.070000000,-1.852307206,-1.770448633,4.985048240,2.980421462,-1.378340298,-1.960099764,5.017443067,2.989859031,0.473966909,-0.189651131,0.032394827,0.009437568
12.110000000,-1.851021865,-1.765015250,4.981536097,2.969387688,-1.344381175,-1.948256557,5.015990772,2.978641675,0.506640691,-0.183241307,0.034454674,0.009253987
12.140000000,-1.850137286,-1.760937632,4.973051466,2.961174791,-1.318400162,-1.939424502,5.014886487,2.970247581,0.531737124,-0.178486871,0.041835020,0.009072790
12.170000000,-1.849302395,-1.756874659,4.970114242,2.952727291,-1.292057043,-1.930638527,5.013768869,2.961866776,0.557245352,-0.173763867,0.043654626,0.009139485
12.210000000,-1.848285394,-1.751473041,4.969075766,2.940815413,-1.256315922,-1.919021688,5.012274782,2.950679544,0.591969472,-0.167548647,0.043199016,0.009864132
12.240000000,-1.847610898,-1.747424137,4.967665711,2.932905358,-1.229071946,-1.910395851,5.011159540,2.942275658,0.618538952,-0.162971715,0.043493829,0.009370300
12.270000000,-1.846996059,-1.743366235,4.964761550,2.924792858,-1.201507272,-1.901844382,5.010059472,2.933874792,0.645488786,-0.158478147,0.045297921,0.009081933
12.310000000,-1.846268555,-1.737950955,4.963859172,2.913363744,-1.164175526,-1.890595416,5.008601201,2.922686050,0.682093029,-0.152644461,0.044742029,0.009322306
12.340000000,-1.845787509,-1.733880674,4.955461782,2.904459716,-1.135778147,-1.882279620,5.007520251,2.914292303,0.710009362,-0.148398946,0.052058469,0.009832587
12.370000000,-1.845381053,-1.729825379,4.952401781,2.896217216,-1.107113505,-1.874054329,5.006450003,2.905893023,0.738267548,-0.144228950,0.054048222,0.009675807
12.410000000,-1.844953458,-1.724457597,4.936896631,2.885920264,-1.068408775,-1.863264606,5.005051458,2.894694217,0.776544683,-0.138807009,0.068154827,0.008773954
12.440000000,-1.844703421,-1.720448772,4.950286190,2.877457738,-1.039016434,-1.855314749,5.004031050,2.886300745,0.805686987,-0.134865977,0.053744861,0.008843008
12.470000000,-1.844532570,-1.716446558,4.947349936,2.869095238,-1.009377255,-1.847469471,5.003037190,2.877909927,0.835155315,-0.131022913,0.055687254,0.008814689
12.510000000,-1.598294526,-1.645815258,4.949377830,2.857801543,-0.969452260,-1.837197938,5.001785382,2.866721191,0.628842266,-0.191382680,0.052407552,0.008919648
12.540000000,-1.595362206,-1.641039892,4.953839581,2.850782129,-0.939218596,-1.829638909,5.000891318,2.858329891,0.656143611,-0.188599017,0.047051737,0.007547763
12.570000000,-1.592509738,-1.636268113,4.951301192,2.842442129,-0.908771025,-1.822190076,5.000027460,2.849939939,0.683738713,-0.185921963,0.048726268,0.007497810
12.610000000,-1.588834766,-1.629922981,4.960679821,2.832831504,-0.867803069,-1.812461343,4.998913799,2.838756169,0.721031698,-0.182538362,0.038233978,0.005924665
12.640000000,-1.586156267,-1.625169320,4.954811384,2.824746147,-0.836838642,-1.805309689,4.998112693,2.830368714,0.749317625,-0.180140369,0.043301309,0.005622567
12.670000000,-1.583548909,-1.620416089,4.952477726,2.816466147,-0.805717517,-1.798260381,4.997328913,2.821981342,0.777831391,-0.177844292,0.044851187,0.005515195
12.710000000,-1.580189884,-1.614084691,4.960109624,2.804184397,-0.763930890,-1.789054459,4.996320490,2.810799986,0.816258993,-0.174969768,0.036210866,0.006615589
12.740000000,-1.577763200,-1.609341178,4.970839592,2.795035206,-0.732377883,-1.782296836,4.995586360,2.802416189,0.845385317,-0.172955658,0.024746769,0.007380984
12.770000000,-1.575411810,-1.604601671,4.969161043,2.786360206,-0.700692460,-1.775641282,4.994875110,2.794034203,0.874719350,-0.171039612,0.025714067,0.007673997
12.810000000,-1.572402667,-1.598279436,4.973650951,2.774799342,-0.658243377,-1.766945993,4.993962437,2.782858771,0.914159290,-0.168666557,0.020311486,0.008059429
12.840000000,-1.570258508,-1.593538295,4.978540792,2.766832827,-0.626260477,-1.760561545,4.993297570,2.774477164,0.943998031,-0.167023250,0.014756778,0.007644337
12.870000000,-1.568188899,-1.588799667,4.977148803,2.758367827,-0.594169280,-1.754280340,4.992642887,2.766095184,0.974019619,-0.165480673,0.015494084,0.007727357
12.910000000,-1.565542513,-1.582473331,4.983849003,2.746510169,-0.551212005,-1.746088133,4.991793844,2.754918957,1.014330508,-0.163614803,0.007944842,0.008408788
12.940000000,-1.563633198,-1.577721936,4.981917361,2.738886157,-0.518904751,-1.740069407,4.991181892,2.746537849,1.044728447,-0.162347471,0.009264531,0.007651692
12.970000000,-1.561798299,-1.572962834,4.980654332,2.730748657,-0.486541651,-1.734139894,4.990583999,2.738157043,1.075256648,-0.161177060,0.009929667,0.007408386
13.010000000,-1.236155927,-1.495554681,4.977914426,2.720222242,-0.443280163,-1.726404118,4.989824546,2.726981280,0.792875763,-0.230849437,0.011910121,0.006759038
13.040000000,-1.230640375,-1.489970570,4.970565862,2.710948459,-0.410763929,-1.720726721,4.989275526,2.718598928,0.819876445,-0.230756151,0.018709665,0.007650469
13.070000000,-1.225193614,-1.484398674,4.969007958,2.702365959,-0.378220224,-1.715130878,4.988752544,2.710219154,0.846973390,-0.230732204,0.019744586,0.007853195
13.110000000,-1.218062656,-1.476993261,4.969358334,2.691017348,-0.334804839,-1.707809110,4.988108216,2.699048115,0.883257817,-0.230815848,0.018749882,0.008030767
13.140000000,-1.212823376,-1.471435319,4.975897728,2.682904655,-0.302221265,-1.702423710,4.987683975,2.690669625,0.910602111,-0.230988390,0.011786247,0.007764969
13.170000000,-1.207672109,-1.465892003,4.974648721,2.674177155,-0.269622255,-1.697113466,4.987297352,2.682290347,0.938049854,-0.231221463,0.012648631,0.008113192
13.210000000,-1.200937695,-1.458525756,4.976534890,2.663139521,-0.226162758,-1.690151816,4.986845421,2.671119145,0.974774937,-0.231626060,0.010310531,0.007979624
13.240000000,-1.195978930,-1.453012291,4.979808457,2.655252570,-0.193599975,-1.685006825,4.986542312,2.662740059,1.002378954,-0.231994534,0.006733855,0.007487489
13.270000000,-1.191106021,-1.447503599,4.978776278,2.646855070,-0.161060899,-1.679920006,4.986265318,2.654359479,1.030045122,-0.232416408,0.007489040,0.007504409
13.310000000,-1.184730244,-1.440156488,4.980819232,2.635470461,-0.117713930,-1.673255422,4.985945291,2.643181590,1.067016314,-0.233098934,0.005126059,0.007711129
13.340000000,-1.180024435,-1.434646221,4.994695619,2.626236342,-0.085254772,-1.668340870,4.985736251,2.634795711,1.094769663,-0.233694650,-0.008959368,0.008559369
13.370000000,-1.175391566,-1.429147601,4.994201556,2.617711342,-0.052854750,-1.663479327,4.985553101,2.626411794,1.122536816,-0.234331726,-0.008648455,0.008700452
13.410000000,-1.169344993,-1.421850348,4.999606107,2.607130510,-0.009773372,-1.657094137,4.985352766,2.615236786,1.159571621,-0.235243789,-0.014253342,0.008106275
13.440000000,-1.164920475,-1.416391057,4.995614076,2.599197829,0.022457445,-1.652385562,4.985228443,2.606851161,1.187377920,-0.235994506,-0.010385632,0.007653333
13.470000000,-1.160573239,-1.410940482,4.995086669,2.590880329,0.054624959,-1.647733234,4.985108657,2.598462204,1.215198198,-0.236792752,-0.009978013,0.007581876
13.510000000,-0.763284771,-1.351330999,4.990805706,2.579733974,0.097363895,-1.641612771,4.984975201,2.587280254,0.860648666,-0.290281773,-0.005830505,0.007546280
13.540000000,-0.754425796,-1.345307447,4.990045668,2.572163799,0.129289307,-1.637074004,4.984896513,2.578898390,0.883715103,-0.291766557,-0.005149155,0.006734591
13.570000000,-0.745632859,-1.339293025,4.989370260,2.564006299,0.161127504,-1.632575603,4.984844916,2.570513074,0.906760364,-0.293282578,-0.004525344,0.006506775
13.610000000,-0.734033152,-1.331273454,4.989150928,2.552245979,0.203422932,-1.626650167,4.984821904,2.559325290,0.937456084,-0.295376712,-0.004329024,0.007079311
13.640000000,-0.725414218,-1.325275447,4.988262122,2.544678161,0.235006826,-1.622238431,4.984845795,2.550935650,0.960421044,-0.296962984,-0.003416328,0.006257489
13.670000000,-0.716861043,-1.319290240,4.987557245,2.536125661,0.266478100,-1.617834078,4.984897383,2.542548176,0.983339143,-0.298543838,-0.002659862,0.006422515
13.710000000,-0.705586394,-1.311335832,4.976629086,2.525456196,0.308245971,-1.611968585,4.985015503,2.531366083,1.013832366,-0.300632753,0.008386417,0.005909887
13.740000000,-0.697226389,-1.305390183,4.973458811,2.518070101,0.339442267,-1.607575733,4.985138068,2.522984647,1.036668656,-0.302185549,0.011679257,0.004914547
13.770000000,-0.688934685,-1.299453999,4.972275633,2.509717601,0.370537448,-1.603179183,4.985283165,2.514607646,1.059472134,-0.303725184,0.013007532,0.004890046
13.810000000,-0.677980163,-1.291553747,4.970937365,2.498036973,0.411781771,-1.597286442,4.985540596,2.503433441,1.089761935,-0.305732696,0.014603231,0.005396468
13.840000000,-0.669851617,-1.285643043,4.977895350,2.489946304,0.442549422,-1.592840710,4.985783437,2.495047886,1.112401039,-0.307197667,0.007888088,0.005101582
13.870000000,-0.661807987,-1.279760108,4.976965642,2.481216304,0.473206484,-1.588383216,4.986067575,2.486663553,1.135014471,-0.308623108,0.009101932,0.005447249
13.910000000,-0.651218699,-1.271951000,4.972884966,2.470315846,0.513877711,-1.582416469,4.986493747,2.475488903,1.165096410,-0.310465469,0.013608781,0.005173057
13.940000000,-0.643369112,-1.266113632,4.971483583,2.462451410,0.544204781,-1.577905112,4.986845994,2.467104560,1.187573893,-0.311791480,0.015362411,0.004653150
13.970000000,-0.635603038,-1.260308217,4.970363755,2.453881410,0.574396090,-1.573360048,4.987213958,2.458715386,1.209999128,-0.313051832,0.016850203,0.004833976
14.010000000,-0.144692328,-1.307829055,4.972744660,2.442716847,0.614419418,-1.567248871,4.987754221,2.447529583,0.759111746,-0.259419816,0.015009560,0.004812736
14.040000000,-0.131310371,-1.302729197,4.967709092,2.433279962,0.644272428,-1.562631577,4.988191333,2.439146358,0.775582798,-0.259902379,0.020482241,0.005866396
14.070000000,-0.117984912,-1.297655083,4.966544691,2.425057462,0.673995834,-1.557979131,4.988652823,2.430769854,0.791980746,-0.260324048,0.022108132,0.005712393
14.110000000,-0.100326875,-1.290931681,4.967844357,2.413817353,0.713370254,-1.551685845,4.989304128,2.419596997,0.813697129,-0.260754164,0.021459771,0.005779644
14.140000000,-0.087179607,-1.285905467,4.969539917,2.404267262,0.742717838,-1.546884704,4.989821690,2.411215930,0.829897445,-0.260979237,0.020281773,0.006948668
14.170000000,-0.074097412,-1.280898628,4.968472510,2.395789762,0.771947014,-1.542015463,4.990362359,2.402841174,0.846044426,-0.261116835,0.021889849,0.007051412
14.210000000,-0.056748605,-1.274264101,4.961125510,2.384290785,0.810713726,-1.535365160,4.991109517,2.391682716,0.867462332,-0.261101059,0.029984007,0.007391931
14.240000000,-0.043818374,-1.269310661,4.962871872,2.376199451,0.839634300,-1.530233319,4.991678543,2.383298275,0.883452674,-0.260922657,0.028806671,0.007098823
14.270000000,-0.030950973,-1.264370763,4.961619977,2.367849451,0.868446353,-1.524994257,4.992251014,2.374901690,0.899397327,-0.260623493,0.030631036,0.007052239
14.310000000,-0.013889047,-1.257815721,4.967691576,2.357627142,0.906674226,-1.517826396,4.993039184,2.363721793,0.920563273,-0.260010674,0.025347608,0.006094651
14.340000000,-0.001160392,-1.252931215,4.976469357,2.349004365,0.935198220,-1.512317111,4.993646207,2.355349710,0.936358611,-0.259385896,0.017176850,0.006345345
14.370000000,0.011504155,-1.248068988,4.975682503,2.340899365,0.963603918,-1.506705598,4.994266435,2.346968580,0.952099762,-0.258636610,0.018583932,0.006069216
14.410000000,0.028296374,-1.241626227,4.975383833,2.330410172,1.001253499,-1.499036453,4.995094416,2.335773124,0.972957125,-0.257410225,0.019710583,0.005362952
14.440000000,0.040816470,-1.236827735,4.997506268,2.322480166,1.029330402,-1.493156549,4.995709541,2.327381875,0.988513933,-0.256328814,-0.001796727,0.004901710
14.470000000,0.053286455,-1.232062804,4.997305415,2.314140166,1.057294160,-1.487188133,4.996313189,2.319001125,1.004007704,-0.255125328,-0.000992225,0.004860959
14.510000000,0.375710879,-1.240800559,4.997138060,2.302069046,1.094360993,-1.479056650,4.997112590,2.307825079,0.718650114,-0.238256091,-0.000025471,0.005756033
14.540000000,0.391719181,-1.236292989,5.006625738,2.295110928,1.121991129,-1.472820035,4.997687965,2.299428501,0.730271947,-0.236527046,-0.008937774,0.004317574
14.570000000,0.407666227,-1.231829371,5.006508220,2.286740928,1.149502864,-1.466487791,4.998240082,2.291027456,0.741836636,-0.234658420,-0.008268137,0.004286528
14.610000000,0.428846922,-1.225937861,5.007141961,2.275466153,1.185980964,-1.457879235,4.998949100,2.279844164,0.757134042,-0.231941374,-0.008192861,0.004378011
14.640000000,0.444667238,-1.221565025,5.008236477,2.266599061,1.213184612,-1.451285813,4.999455653,2.271461248,0.768517374,-0.229720788,-0.008780823,0.004862186
14.670000000,0.460429350,-1.217244543,5.007976123,2.258024061,1.240272395,-1.444577894,4.999942571,2.263064625,0.779843045,-0.227333351,-0.008033552,0.005040564
14.710000000,0.481360043,-1.211539667,5.005825721,2.247971526,1.276191631,-1.435418133,5.000553748,2.251850460,0.794831588,-0.223878466,-0.005271974,0.003878934
14.740000000,0.496969827,-1.207306754,4.997458327,2.238842967,1.303004000,-1.428394885,5.000989120,2.243458472,0.806034174,-0.221088131,0.003530793,0.004615505
14.770000000,0.512507335,-1.203111896,4.996657061,2.230562967,1.329729029,-1.421258390,5.001401997,2.235084268,0.817221694,-0.218146494,0.004744936,0.004521302
14.810000000,0.533126945,-1.197577674,5.001531196,2.219473965,1.365192833,-1.411514095,5.001925953,2.223904612,0.832065888,-0.213936421,0.000394757,0.004430647
14.840000000,0.548522340,-1.193474490,4.995788580,2.210205551,1.391663359,-1.404028451,5.002302555,2.215495265,0.843141019,-0.210553961,0.006513975,0.005289714
14.870000000,0.563873128,-1.189415179,4.994827477,2.201808051,1.418050412,-1.396423038,5.002675976,2.207091085,0.854177284,-0.207007859,0.007848498,0.005283034
14.910000000,0.584230631,-1.184067691,4.996887416,2.190953404,1.453091325,-1.386074048,5.003148790,2.195921080,0.868860694,-0.202006357,0.006261374,0.004967676
14.940000000,0.599431322,-1.180117145,5.006046715,2.182448032,1.479260053,-1.378144584,5.003491366,2.187540847,0.879828730,-0.198027439,-0.002555349,0.005092816
14.970000000,0.614566260,-1.176210443,5.005356212,2.173905532,1.505343968,-1.370085783,5.003825357,2.179138768,0.890777708,-0.193875339,-0.001530855,0.005233236
15.010000000,0.943498635,-1.082363121,5.004984471,2.163082251,1.539979875,-1.359116672,5.004256153,2.167925965,0.596481240,-0.276753551,-0.000728318,0.004843714
15.040000000,0.962195050,-1.077498116,4.996733215,2.153987441,1.565863256,-1.350736862,5.004558718,2.159542823,0.603668206,-0.273238745,0.007825503,0.005555382
15.070000000,0.980827138,-1.072690378,4.995644921,2.145669941,1.591678406,-1.342242802,5.004840595,2.151169595,0.610851268,-0.269552425,0.009195674,0.005499654
15.110000000,1.005568729,-1.066372109,4.993409258,2.133973105,1.625965448,-1.330690434,5.005187879,2.139976138,0.620396720,-0.264318326,0.011778620,0.006003033
15.140000000,1.024052022,-1.061678965,4.979746940,2.125896751,1.651586334,-1.321859248,5.005433023,2.131564466,0.627534312,-0.260180283,0.025686083,0.005667715
15.170000000,1.042477694,-1.057026701,4.978065241,2.117059251,1.677148118,-1.312918099,5.005676514,2.123167314,0.634670424,-0.255891398,0.027611273,0.006108063
15.210000000,1.066982896,-1.050920065,4.974886964,2.106501862,1.711128414,-1.300799828,5.005992610,2.111999910,0.644145518,-0.249879763,0.031105646,0.005498047
15.240000000,1.085306897,-1.046413389,4.976798887,2.098233869,1.736532201,-1.291553047,5.006242945,2.103609526,0.651225304,-0.245139657,0.029444057,0.005375657
15.270000000,1.103590436,-1.041952962,4.975050901,2.089588869,1.761877056,-1.282191698,5.006505626,2.095200555,0.658286621,-0.240238736,0.031454726,0.005611686
15.310000000,1.127884806,-1.036092125,4.978929931,2.078555973,1.795575575,-1.269523809,5.006891907,2.083998602,0.667690769,-0.233431684,0.027961977,0.005442629
15.340000000,1.146020034,-1.031756216,4.978273806,2.070875782,1.820785379,-1.259896151,5.007200487,2.075621610,0.674765345,-0.228139936,0.028926681,0.004745828
15.370000000,1.164103894,-1.027488398,4.976670527,2.062490782,1.845945855,-1.250171232,5.007524323,2.067242732,0.681841961,-0.222682834,0.030853795,0.004751950
15.410000000,1.188119200,-1.021871632,4.974204915,2.050446606,1.879400192,-1.237019457,5.007973775,2.056038148,0.691280992,-0.215147824,0.033768860,0.005591542
15.440000000,1.206057270,-1.017724499,4.963967800,2.041007530,1.904431056,-1.227031200,5.008325052,2.047632651,0.698373786,-0.209306701,0.044357252,0.006625121
15.470000000,1.223939441,-1.013643803,4.961963447,2.032675030,1.929426241,-1.216964259,5.008686647,2.039245897,0.705486800,-0.203320457,0.046723200,0.006570867
15.510000000,1.456980345,-0.998068399,4.980141910,2.021712831,1.962689499,-1.203394176,5.009192860,2.028079038,0.505709154,-0.205325777,0.029050951,0.006366207
15.540000000,1.477254890,-0.994040849,4.975437411,2.012980391,1.987587316,-1.193095545,5.009603817,2.019681593,0.510332426,-0.199054696,0.034166406,0.006701201
15.570000000,1.497467753,-0.990072216,4.973865693,2.004542891,2.012453624,-1.182713684,5.010035544,2.011276027,0.514985871,-0.192641468,0.036169852,0.006733136
15.610000000,1.524305514,-0.984882288,4.976332067,1.993064082,2.045564003,-1.168744636,5.010637099,2.000095722,0.521258489,-0.183862349,0.034305032,0.007031640
15.640000000,1.544365820,-0.981065842,4.972194154,1.985162352,2.070358771,-1.158181593,5.011099982,1.991728531,0.525992951,-0.177115751,0.038905828,0.006566179
15.670000000,1.564386914,-0.977324626,4.970632572,1.976672352,2.095112459,-1.147552282,5.011578486,1.983350125,0.530725545,-0.170227656,0.040945914,0.006677773
15.710000000,1.591003416,-0.972444760,4.977936022,1.965503336,2.128015547,-1.133271044,5.012236584,1.972157873,0.537012130,-0.160826284,0.034300562,0.006654537
15.740000000,1.610882253,-0.968860789,4.974360463,1.956533742,2.152595968,-1.122511584,5.012758829,1.963770622,0.541713716,-0.153650795,0.038398366,0.007236880
15.770000000,1.630708715,-0.965345688,4.972952675,1.948168742,2.177088435,-1.111734621,5.013300421,1.955384901,0.546379720,-0.146388933,0.040347746,0.007216159
15.810000000,1.657065269,-0.960758233,4.970899504,1.936740603,2.209538295,-1.097338448,5.014062136,1.944201708,0.552473027,-0.136580215,0.043162632,0.007461106
15.840000000,1.676779541,-0.957381638,4.971212449,1.927947218,2.233682032,-1.086528790,5.014664138,1.935828177,0.556902492,-0.129147152,0.043451690,0.007880959
15.870000000,1.696462104,-0.954057233,4.969792094,1.919617218,2.257666215,-1.075729215,5.015295743,1.927463853,0.561204110,-0.121671982,0.045503649,0.007846635
15.910000000,1.722620254,-0.949736696,4.965377651,1.908287118,2.289320995,-1.061386203,5.016200321,1.916282138,0.566700741,-0.111649506,0.050822670,0.007995020
15.940000000,1.742173514,-0.946591711,4.961678024,1.900535761,2.312783633,-1.050680279,5.016928184,1.907883213,0.570610119,-0.104088568,0.055250160,0.007347452
15.970000000,1.761666460,-0.943513686,4.960095843,1.892195761,2.336019774,-1.040010685,5.017696057,1.899512553,0.574353314,-0.096496998,0.057600214,0.007316792
16.010000000,1.961479909,-0.915378294,4.964549561,1.880934108,2.366553554,-1.025873554,5.018797493,1.888396828,0.405073645,-0.110495259,0.054247932,0.007462720
16.040000000,1.982928164,-0.912200424,4.961071766,1.873793325,2.389095147,-1.015368584,5.019692162,1.880017587,0.406166984,-0.103168159,0.058620395,0.006224262
16.070000000,2.004343492,-0.909100492,4.959641005,1.865368325,2.411358622,-1.004943070,5.020636502,1.871593295,0.407015130,-0.095842578,0.060995497,0.006224970
16.110000000,2.032849735,-0.905090844,4.972077419,1.854467021,2.440489235,-0.991183204,5.021991458,1.860410204,0.407639500,-0.086092360,0.049914039,0.005943184
16.140000000,2.054194580,-0.902170392,4.973987656,1.845857482,2.461869407,-0.980987103,5.023068841,1.852094185,0.407674828,-0.078816710,0.049081186,0.006236703
16.170000000,2.075504392,-0.899308745,4.973170112,1.837389982,2.482867741,-0.970909861,5.024200104,1.843745775,0.407363348,-0.071601115,0.051029992,0.006355793
16.210000000,2.103862304,-0.895606707,4.951894156,1.826756853,2.510089183,-0.957726841,5.025797300,1.832459730,0.406226879,-0.062120134,0.073903145,0.005702876
16.240000000,2.125076097,-0.892924306,4.967070953,1.818516418,2.529884459,-0.948022717,5.027046061,1.824019162,0.404808362,-0.055098411,0.059975108,0.005502745
16.270000000,2.146248208,-0.890320358,4.966205108,1.810046418,2.549229298,-0.938442271,5.028330837,1.815690371,0.402981090,-0.048121913,0.062125729,0.005643953
16.310000000,2.174397448,-0.886938376,4.978221100,1.798845937,2.574238193,-0.925904414,5.030139815,1.804619977,0.399840745,-0.038966038,0.051918715,0.005774039
16.340000000,2.195455393,-0.884482854,4.985405639,1.790548791,2.592451849,-0.916685825,5.031551322,1.796201383,0.396996456,-0.032202971,0.046145683,0.005652592
16.370000000,2.216462103,-0.882098069,4.985216732,1.782101291,2.610293233,-0.907590750,5.032987012,1.787751788,0.393831129,-0.025492681,0.047770280,0.005650498
16.410000000,2.244421005,-0.879041239,4.978924740,1.771256102,2.633426264,-0.895661373,5.034922691,1.776603590,0.389005260,-0.016620133,0.055997951,0.005347488
16.440000000,2.265338568,-0.876836066,4.978733515,1.762853896,2.650301280,-0.886865008,5.036369516,1.768294167,0.384962712,-0.010028942,0.057636002,0.005440271
16.470000000,2.286231841,-0.874706019,4.978264430,1.754608896,2.666836379,-0.878193111,5.037813563,1.759926129,0.380604539,-0.003487092,0.059549133,0.005317233
16.510000000,2.446746393,-0.810569634,4.985356269,1.744093354,2.688255267,-0.866863494,5.039730242,1.748659399,0.241508873,-0.056293860,0.054373974,0.004566045
16.540000000,2.469180747,-0.807864634,4.988068716,1.736324561,2.703836391,-0.858524193,5.041170460,1.740270755,0.234655644,-0.050659559,0.053101744,0.003946195
16.570000000,2.491590988,-0.805231686,4.987746460,1.728052061,2.719060614,-0.850297087,5.042607467,1.731969556,0.227469626,-0.045065401,0.054861006,0.003917495
16.610000000,2.521450922,-0.801810615,4.990311039,1.717716172,2.738695298,-0.839562941,5.044516317,1.720902600,0.217244376,-0.037752326,0.054205278,0.003186428
16.640000000,2.543828450,-0.799312999,4.977121073,1.708461011,2.752896302,-0.831712564,5.045927778,1.712493598,0.209067852,-0.032399565,0.068806706,0.004032586
16.670000000,2.566193171,-0.796891401,4.976328130,1.699996011,2.766684190,-0.824007233,5.047327277,1.704031283,0.200491019,-0.027115831,0.070999147,0.004035272
16.710000000,2.596011407,-0.793763015,4.985266717,1.688228075,2.784226834,-0.813980189,5.049154919,1.692660096,0.188215427,-0.020217173,0.063888202,0.004432021
16.740000000,2.618404298,-0.791485495,4.989787679,1.679662713,2.796639311,-0.806626613,5.050487471,1.684130726,0.178235013,-0.015141118,0.060699792,0.004468013
16.770000000,2.640814440,-0.789275495,4.989302916,1.671135213,2.808417133,-0.799387387,5.051794178,1.675618655,0.167602693,-0.010111892,0.062491262,0.004483441
16.810000000,2.670734367,-0.786427654,5.009506659,1.660484569,2.822785305,-0.789939123,5.053444876,1.664190684,0.152050938,-0.003511469,0.043938217,0.003706115
16.840000000,2.693204383,-0.784371609,5.008411818,1.651850732,2.832432942,-0.782992414,5.054573937,1.655521502,0.139228559,0.001379196,0.046162119,0.003670770
16.870000000,2.715695483,-0.782383043,5.008251851,1.643450732,2.841199162,-0.776129741,5.055604049,1.646854237,0.125503679,0.006253302,0.047352198,0.003403505
16.910000000,2.745723506,-0.779864934,5.008675209,1.632580109,2.851204682,-0.767097818,5.056763908,1.635431085,0.105481176,0.012767116,0.048088699,0.002850976
16.940000000,2.768262448,-0.778064709,5.012917025,1.623370674,2.857420953,-0.760387732,5.057464622,1.626897915,0.089158505,0.017676977,0.044547596,0.003527241
16.970000000,2.790818330,-0.776346209,5.012530940,1.614825674,2.862699817,-0.753708469,5.058044499,1.618310095,0.071881487,0.022637740,0.045513559,0.003484421
17.010000000,2.817050232,-0.680727535,5.033699736,1.603745540,2.868037409,-0.744820088,5.058617739,1.606826600,0.050987177,-0.064092553,0.024918003,0.003081060
17.040000000,2.839586532,-0.678063904,5.041888398,1.595365431,2.870794005,-0.738129932,5.058902967,1.598312253,0.031207473,-0.060066028,0.017014569,0.002946822
17.070000000,2.862139519,-0.675465841,5.042051004,1.586875431,2.872669096,-0.731403598,5.059078606,1.589859083,0.010529577,-0.055937756,0.017027602,0.002983652
17.110000000,2.892230054,-0.672117771,5.045501679,1.576408502,2.873606255,-0.722342695,5.059095637,1.578553160,-0.018623799,-0.050224924,0.013593958,0.002144658
17.140000000,2.914839829,-0.669672448,5.038085123,1.568088978,2.873183446,-0.715451463,5.058936903,1.570023847,-0.041656383,-0.045779015,0.020851779,0.001934869
17.170000000,2.937477445,-0.667303680,5.037707806,1.559781478,2.871970478,-0.708470061,5.058661064,1.561528433,-0.065506967,-0.041166381,0.020953258,0.001746955
17.210000000,2.967716762,-0.664270064,5.031274981,1.548736767,2.868956552,-0.698962623,5.058116416,1.550308095,-0.098760210,-0.034692559,0.026841435,0.001571328
17.240000000,2.990428295,-0.662078866,5.032992804,1.540093391,2.865698570,-0.691662122,5.057600817,1.541887783,-0.124729725,-0.029583256,0.024608013,0.001794392
17.270000000,3.013164150,-0.659962429,5.032200296,1.531833391,2.861750094,-0.684224916,5.057017788,1.533430224,-0.151414056,-0.024262487,0.024817492,0.001596833
17.310000000,3.043548116,-0.657275008,5.037605592,1.519881046,2.855286312,-0.674027090,5.056136340,1.522168790,-0.188261803,-0.016752082,0.018530748,0.002287744
17.340000000,3.066390311,-0.655358943,5.033063246,1.511823840,2.849596965,-0.666143376,5.055408147,1.513792361,-0.216793346,-0.010784433,0.022344900,0.001968522
17.370000000,3.089282476,-0.653539647,5.032097685,1.503633840,2.843330422,-0.658079220,5.054633573,1.505428025,-0.245952054,-0.004539573,0.022535888,0.001794186
17.410000000,3.119865599,-0.651238822,5.044603841,1.491642311,2.833975154,-0.646983203,5.053511101,1.494199637,-0.285890445,0.004255619,0.008907259,0.002557325
17.440000000,3.142860943,-0.649624578,5.057415195,1.483094269,2.826257092,-0.638384157,5.052609255,1.485761982,-0.316603852,0.011240421,-0.004805939,0.002667713
17.470000000,3.165887781,-0.648104902,5.057044377,1.474471769,2.818059702,-0.629569346,5.051667326,1.477368064,-0.347828079,0.018535556,-0.005377051,0.002896295
17.510000000,2.984777516,-0.475499839,5.059141417,1.461492577,2.806307648,-0.617406205,5.050325911,1.466230442,-0.178469869,-0.141906366,-0.008815505,0.004737865
17.540000000,3.005379662,-0.472132518,5.062157756,1.452647211,2.796923463,-0.607970733,5.049247106,1.457848614,-0.208456199,-0.135838216,-0.012910650,0.005201404
17.570000000,3.026040246,-0.468853146,5.061653395,1.444014711,2.787151551,-0.598301374,5.048117411,1.449440308,-0.238888695,-0.129448228,-0.013535984,0.005425598
17.610000000,3.053687255,-0.464613937,5.070567440,1.433685480,2.773459126,-0.584959117,5.046550446,1.438227661,-0.280228129,-0.120345180,-0.024016994,0.004542181
17.640000000,3.074501066,-0.461553172,5.064894059,1.425672331,2.762745166,-0.574598283,5.045333456,1.429857741,-0.311755900,-0.113045111,-0.019560603,0.004185411
17.670000000,3.095380993,-0.458595644,5.064280657,1.417289831,2.751747541,-0.563974759,5.044090725,1.421510745,-0.343633452,-0.105379115,-0.020189931,0.004220915
17.710000000,3.123299489,-0.454811645,5.069438780,1.404998256,2.736636146,-0.549328188,5.042396446,1.410375581,-0.386663343,-0.094516543,-0.027042335,0.005377324
17.740000000,3.144308268,-0.452081619,5.064582330,1.396873482,2.725016076,-0.537980026,5.041101377,1.402004265,-0.419292192,-0.085898406,-0.023480954,0.005130784
17.770000000,3.165399510,-0.449449233,5.063842276,1.388588482,2.713208898,-0.526362671,5.039793573,1.393632031,-0.452190612,-0.076913439,-0.024048703,0.005043549
17.810000000,3.193638371,-0.446118292,5.075767618,1.377255922,2.697146210,-0.510369374,5.038028676,1.382479322,-0.496492161,-0.064251083,-0.037738942,0.005223400
17.840000000,3.214901519,-0.443741675,5.076942176,1.369319099,2.684871514,-0.497992305,5.036692790,1.374109489,-0.530030005,-0.054250631,-0.040249386,0.004790390
17.870000000,3.236261388,-0.441467860,5.076495350,1.360596599,2.672437036,-0.485335586,5.035346787,1.365726335,-0.563824352,-0.043867726,-0.041148563,0.005129736
17.910000000,3.264844412,-0.438600373,5.076586895,1.348588756,2.655576451,-0.467940584,5.033516495,1.354535679,-0.609267961,-0.029340211,-0.043070400,0.005946922
17.940000000,3.286356600,-0.436569051,5.081419474,1.339339168,2.642731519,-0.454497723,5.032111080,1.346151583,-0.643625080,-0.017928672,-0.049308395,0.006812415
17.970000000,3.307939493,-0.434649282,5.080939688,1.331071668,2.629748895,-0.440764591,5.030683146,1.337774464,-0.678190598,-0.006115309,-0.050256543,0.006702797
18.010000000,3.076105563,-0.287757450,5.073380544,1.320080991,2.612199003,-0.421922759,5.028755960,1.326591000,-0.463906560,-0.134165309,-0.044624584,0.006510010
18.040000000,3.094733017,-0.284324731,5.071833654,1.311512260,2.598868835,-0.407392372,5.027293191,1.318192230,-0.495864183,-0.123067641,-0.044540463,0.006679970
18.070000000,3.113425774,-0.281004131,5.070995377,1.302912260,2.585424583,-0.392569260,5.025821939,1.309795580,-0.528001191,-0.111565130,-0.045173438,0.006883320
18.110000000,3.138460848,-0.276758033,5.068049847,1.291788681,2.567308904,-0.372265767,5.023859178,1.298596552,-0.571151944,-0.095507734,-0.044190669,0.006807871
18.140000000,3.157312282,-0.273717859,5.059244891,1.282816777,2.553610768,-0.356633659,5.022386799,1.290195906,-0.603701515,-0.082915800,-0.036858093,0.007379130
18.170000000,3.176235822,-0.270799249,5.058001872,1.274199277,2.539859798,-0.340708553,5.020920904,1.281801675,-0.636376024,-0.069909304,-0.037080968,0.007602399
18.210000000,3.201585425,-0.267086509,5.058102190,1.262022572,2.521479570,-0.318947745,5.018988152,1.270629374,-0.680105855,-0.051861236,-0.039114038,0.008606802
18.240000000,3.220693611,-0.264446344,5.052148645,1.254398411,2.507688028,-0.302245595,5.017560926,1.262241205,-0.713005583,-0.037799251,-0.034587719,0.007842794
18.270000000,3.239895178,-0.261926275,5.050748088,1.245863411,2.493898626,-0.285271854,5.016152314,1.253841050,-0.745996552,-0.023345579,-0.034595773,0.007977640
18.310000000,3.265604995,-0.258743590,5.034382547,1.234111259,2.475516606,-0.262139376,5.014296943,1.242642609,-0.790088390,-0.003395786,-0.020085604,0.008531350
18.340000000,3.284989219,-0.256490074,5.028898700,1.225542860,2.461727335,-0.244409438,5.012920680,1.234259716,-0.823261883,0.012080635,-0.015978020,0.008716856
18.370000000,3.304469196,-0.254368010,5.026881701,1.216832860,2.447930024,-0.226404383,5.011562206,1.225881829,-0.856539171,0.027963626,-0.015319495,0.009048969
18.410000000,3.330564944,-0.251748406,5.026187324,1.205414636,2.429508393,-0.201901221,5.009797952,1.214691979,-0.901056551,0.049847185,-0.016389373,0.009277344
18.440000000,3.350218341,-0.249948004,5.018912041,1.196502680,2.415669856,-0.183152476,5.008514479,1.206291345,-0.934548484,0.066795528,-0.010397562,0.009788665
18.470000000,3.369936066,-0.248281752,5.016769767,1.188150180,2.401815757,-0.164132301,5.007257820,1.197902305,-0.968120309,0.084149451,-0.009511947,0.009752125
18.510000000,2.966529792,-0.113662090,5.022289896,1.176097935,2.383315795,-0.138282166,5.005603592,1.186737625,-0.583213997,-0.024620076,-0.016686305,0.010639691
18.540000000,2.981246205,-0.110721242,5.027749702,1.168038915,2.369419436,-0.118539457,5.004379009,1.178354176,-0.611826769,-0.007818215,-0.023370692,0.010315261
18.570000000,2.996041195,-0.107917729,5.025971708,1.159626415,2.355508537,-0.098543852,5.003170007,1.169954074,-0.640532658,0.009373877,-0.022801702,0.010327659
18.610000000,3.015862600,-0.104394401,5.025751919,1.148091341,2.336951139,-0.071419560,5.001580563,1.158737793,-0.678911460,0.032974841,-0.024171356,0.010646452
18.640000000,3.030806098,-0.101908951,5.016213867,1.138941135,2.323068651,-0.050730029,5.000389753,1.150343081,-0.707737447,0.051178923,-0.015824114,0.011401947
18.670000000,3.045812358,-0.099568414,5.014148064,1.130363635,2.309251857,-0.029798996,4.999206647,1.141966292,-0.736560501,0.069769419,-0.014941417,0.011602657
18.710000000,3.065911802,-0.096644782,5.015801715,1.119623279,2.291017091,-0.001490046,4.997674941,1.130797922,-0.774894711,0.095154736,-0.018126774,0.011174643
18.740000000,3.081057184,-0.094605279,4.998588955,1.112244168,2.277512646,0.020007420,4.996568490,1.122404839,-0.803544538,0.114612699,-0.002020465,0.010160671
18.770000000,3.096269944,-0.092701760,4.996176461,1.103611668,2.264137473,0.041690614,4.995495079,1.114011481,-0.832132471,0.134392374,-0.000681382,0.010399812
18.810000000,3.116658195,-0.090367737,4.980044088,1.092583869,2.246529906,0.070952579,4.994115945,1.102833210,-0.870128289,0.161320316,0.014071857,0.010249340
18.840000000,3.132035963,-0.088781846,4.974061372,1.083470894,2.233470931,0.093167176,4.993127962,1.094460325,-0.898565032,0.181949022,0.019066590,0.010989431
18.870000000,3.147498937,-0.087342433,4.971129551,1.075053394,2.220498557,0.115571970,4.992184389,1.086085965,-0.927000381,0.202914403,0.021054838,0.011032570
18.910000000,3.168227448,-0.085647914,4.971291249,1.063699691,2.203330050,0.145788464,4.991003444,1.074897517,-0.964897398,0.231436378,0.019712195,0.011197826
18.940000000,3.183840523,-0.084549371,4.972602662,1.055181125,2.190536783,0.168716475,4.990180372,1.066508463,-0.993303740,0.253265846,0.017577710,0.011327338
18.970000000,3.199535025,-0.083609700,4.969928760,1.046796125,2.177799227,0.191840514,4.989395922,1.058139795,-1.021735798,0.275450214,0.019467162,0.011343670
19.010000000,2.850971355,0.117669021,4.983254962,1.036111378,2.160903630,0.223014754,4.988393633,1.046995007,-0.690067725,0.105345734,0.005138671,0.010883629
19.040000000,2.862383203,0.120671986,4.979598189,1.027924779,2.148286384,0.246633744,4.987664210,1.038612546,-0.714096819,0.125961758,0.008066021,0.010687767
19.070000000,2.873850824,0.123520905,4.977321328,1.019359779,2.135707388,0.270422998,4.986946313,1.030220841,-0.738143436,0.146902093,0.009624985,0.010861062
19.110000000,2.889231979,0.127074280,4.982633923,1.007921521,2.119015975,0.302457750,4.985996931,1.019045025,-0.770216004,0.175383471,0.003363009,0.011123504
19.140000000,2.900842204,0.129574486,4.988470333,0.999526860,2.106577473,0.326711951,4.985283324,1.010679664,-0.794264731,0.197137465,-0.003187009,0.011152804
19.170000000,2.912494512,0.131918895,4.986566837,0.991111860,2.094213899,0.351116203,4.984575797,1.002313763,-0.818280613,0.219197309,-0.001991040,0.011201903
19.210000000,2.928117852,0.134803354,4.986981029,0.980529418,2.077897545,0.383896538,4.983653999,0.991145870,-0.850220307,0.249093184,-0.003327030,0.010616452
19.240000000,2.939919860,0.136774615,4.989404669,0.971005261,2.065802446,0.408641797,4.982967860,0.982764660,-0.874117414,0.271867182,-0.006436809,0.011759399
19.270000000,2.951788271,0.138582320,4.987613294,0.962452761,2.053811701,0.433496204,4.982286110,0.974382547,-0.897976570,0.294913884,-0.005327184,0.011929786
19.310000000,2.967677111,0.140754128,4.991973002,0.951082710,2.038002739,0.466828759,4.981399064,0.963205232,-0.929674372,0.326074632,-0.010573938,0.012122522
19.340000000,2.979669656,0.142203962,4.981924288,0.941950119,2.026263925,0.491969763,4.980748591,0.954822653,-0.953405730,0.349765801,-0.001175696,0.012872534
19.370000000,2.991726852,0.143495468,4.979970336,0.933392619,2.014600669,0.517212884,4.980104987,0.946441403,-0.977126183,0.373717416,0.000134651,0.013048784
19.410000000,3.007894696,0.144989505,4.990615352,0.923402213,1.999172430,0.551056077,4.979253377,0.935271112,-1.008722265,0.406066572,-0.011361975,0.011868900
19.440000000,3.020091511,0.145947445,4.992047474,0.915529617,1.987681556,0.576573846,4.978627212,0.926896890,-1.032409954,0.430626400,-0.013420262,0.011367272
19.470000000,3.032338840,0.146749839,4.990464396,0.907127117,1.976242301,0.602185622,4.978011828,0.918522651,-1.056096539,0.455435783,-0.012452568,0.011395534
19.510000000,2.597898025,0.386606856,4.974882012,0.894946770,1.961074693,0.636497830,4.977190778,0.907354243,-0.636823332,0.249890974,0.002308766,0.012407473
19.540000000,2.604866631,0.389922540,4.978945140,0.887109452,1.949756393,0.662347333,4.976566617,0.898977335,-0.655110238,0.272424793,-0.002378523,0.011867883
19.570000000,2.611893036,0.393079468,4.977005840,0.878671952,1.938476337,0.688276078,4.975946636,0.890594426,-0.673416700,0.295196610,-0.001059204,0.011922475
19.610000000,2.621322562,0.397046325,4.968451539,0.868404184,1.923508114,0.722983367,4.975174005,0.879397558,-0.697814448,0.325937042,0.006722467,0.010993373
19.640000000,2.628437530,0.399823788,4.979305694,0.860780612,1.912359157,0.749106460,4.974641143,0.870995985,-0.716078374,0.349282671,-0.004664551,0.010215374
19.670000000,2.635600805,0.402422882,4.977573162,0.852345612,1.901290472,0.775286773,4.974146319,0.862600110,-0.734310333,0.372863891,-0.003426843,0.010254499
19.710000000,2.645216311,0.405661708,4.975153678,0.841311594,1.886711178,0.810261912,4.973563079,0.851412122,-0.758505132,0.404600203,-0.001590599,0.010100528
19.740000000,2.652484945,0.407911526,4.976376030,0.833138754,1.875914086,0.836509429,4.973175068,0.843012840,-0.776570859,0.428597903,-0.003200962,0.009874085
19.770000000,2.659804022,0.409999221,4.974720435,0.824933754,1.865212491,0.862758768,4.972815026,0.834614561,-0.794591531,0.452759547,-0.001905409,0.009680806
19.810000000,2.669634069,0.412530611,4.968511356,0.813653902,1.851114234,0.897773671,4.972395232,0.823426311,-0.818519835,0.485243059,0.003883876,0.009772409
19.840000000,2.677031955,0.414232290,4.970508050,0.804851110,1.840656583,0.924057961,4.972117318,0.815044963,-0.836375372,0.509825671,0.001609267,0.010193853
19.870000000,2.684468857,0.415768381,4.968817066,0.796391110,1.830266459,0.950356980,4.971866587,0.806667519,-0.854202398,0.534588598,0.003049521,0.010276410
19.910000000,2.694456673,0.417574698,4.951909145,0.785902908,1.816507178,0.985442629,4.971583872,0.795484367,-0.877949494,0.567867931,0.019674727,0.009581458
19.940000000,2.701993659,0.418736630,4.946479147,0.777571390,1.806250058,1.011779199,4.971407789,0.787092789,-0.895743601,0.593042569,0.024928641,0.009521398
19.970000000,2.709551103,0.419749748,4.944191792,0.769201390,1.796037818,1.038138560,4.971258979,0.778713333,-0.913513285,0.618388812,0.027067187,0.009511943
20.010000000,2.369067837,0.741833601,4.951281368,0.758309337,1.782488438,1.073319608,4.971122585,0.767557326,-0.586579399,0.331486007,0.019841217,0.009247989
20.040000000,2.372495920,0.746322899,4.947712901,0.749516879,1.772356987,1.099718005,4.971063200,0.759176803,-0.600138933,0.353395107,0.023350299,0.009659924
20.070000000,2.375972642,0.750652070,4.945664190,0.741336879,1.762242812,1.126123368,4.971023467,0.750786553,-0.613729831,0.375471298,0.025359277,0.009449675
20.110000000,2.380677337,0.756193285,4.937047883,0.729891031,1.748798771,1.161352690,4.971008002,0.739604780,-0.631878566,0.405159405,0.033960119,0.009713749
20.140000000,2.384249150,0.760180042,4.940512679,0.722048217,1.738756779,1.187790649,4.971021082,0.731234112,-0.645492371,0.427610607,0.030508403,0.009185894
20.170000000,2.387866603,0.764008982,4.938367153,0.713695717,1.728745672,1.214229207,4.971057101,0.722866721,-0.659120931,0.450220225,0.032689948,0.009171004
20.210000000,2.392738700,0.768890725,4.935576802,0.702466425,1.715454610,1.249458396,4.971155519,0.711697517,-0.677284089,0.480567670,0.035578717,0.009231091
20.240000000,2.396428989,0.772351715,4.933089770,0.694100724,1.705533874,1.275855467,4.971266207,0.703316992,-0.690895115,0.503503752,0.038176436,0.009216268
20.270000000,2.400169414,0.775646120,4.930888142,0.685523224,1.695649448,1.302234614,4.971401797,0.694939860,-0.704519966,0.526588493,0.040513656,0.009416636
20.310000000,2.405216174,0.779778003,4.932367024,0.673740381,1.682525901,1.337371218,4.971623820,0.683771766,-0.722690273,0.557593215,0.039256796,0.010031385
20.340000000,2.409031677,0.782701733,4.937210697,0.666887037,1.672709597,1.363693182,4.971823332,0.675388699,-0.736322080,0.580991448,0.034612635,0.008501663
20.370000000,2.412878047,0.785466414,4.935320854,0.658359537,1.662906645,1.389994316,4.972043487,0.667000727,-0.749971401,0.604527902,0.036722633,0.008641190
20.410000000,2.418058105,0.788885636,4.927955707,0.647113509,1.649859040,1.425032680,4.972369876,0.655822433,-0.768199065,0.636147045,0.044414168,0.008708924
20.440000000,2.421996054,0.791252257,4.928918552,0.638987153,1.640084713,1.451290844,4.972627224,0.647447059,-0.781911341,0.660038586,0.043708672,0.008459906
20.470000000,2.425976793,0.793448455,4.926925060,0.630374653,1.630310134,1.477530508,4.972895448,0.639069290,-0.795666659,0.684082053,0.045970388,0.008694637
20.510000000,2.155467811,1.080782057,4.929050925,0.619350741,1.617266210,1.512478956,4.973284150,0.627884975,-0.538201602,0.431696899,0.044233225,0.008534234
20.540000000,2.156192361,1.086018541,4.917357157,0.611526179,1.607475247,1.538665091,4.973604215,0.619497894,-0.548717114,0.452646550,0.056247058,0.007971715
20.570000000,2.156925027,1.091095681,4.915108890,0.603066179,1.597678353,1.564834316,4.973943151,0.611115986,-0.559246674,0.473738635,0.058834261,0.008049807
20.610000000,2.157928516,1.097605709,4.904313965,0.591560804,1.584596367,1.599690254,4.974431841,0.599934511,-0.573332149,0.502084545,0.070117876,0.008373707
20.640000000,2.158703166,1.102296558,4.903598857,0.582401028,1.574769387,1.625800767,4.974832982,0.591537021,-0.583933779,0.523504209,0.071234125,0.009135993
20.670000000,2.159502244,1.106818949,4.901101433,0.573936028,1.564938330,1.651888632,4.975268666,0.583139613,-0.594563914,0.545069683,0.074167234,0.009203584
20.710000000,2.160600892,1.112605321,4.903915488,0.562279999,1.551832604,1.686628017,4.975914990,0.571960473,-0.608768288,0.574022696,0.071999503,0.009680474
20.740000000,2.161444547,1.116765632,4.920964434,0.553507914,1.541997279,1.712639557,4.976451455,0.563576223,-0.619447268,0.595873925,0.055487022,0.010068309
20.770000000,2.162301066,1.120765631,4.919262582,0.544740414,1.532149979,1.738614957,4.977021789,0.555182289,-0.630151087,0.617849326,0.057759207,0.010441875
20.810000000,2.163469583,1.125837254,4.924954841,0.533125387,1.519000582,1.773188088,4.977826325,0.543984767,-0.644469001,0.647350834,0.052871484,0.010859380
20.840000000,2.164347468,1.129429853,4.934729954,0.524209478,1.509129730,1.799081003,4.978439771,0.535599323,-0.655217738,0.669651151,0.043709816,0.011389844
20.870000000,2.165237221,1.132866020,4.933559921,0.515851978,1.499248175,1.824947762,4.979048793,0.527220897,-0.665989046,0.692081741,0.045488872,0.011368918
20.910000000,2.166441541,1.137208687,4.936811644,0.504589750,1.486034709,1.859383489,4.979862212,0.516036980,-0.680406832,0.722174803,0.043050568,0.011447230
20.940000000,2.167369859,1.140293919,4.938158910,0.496384025,1.476091952,1.885171898,4.980461800,0.507637255,-0.691277907,0.744877978,0.042302890,0.011253230
20.970000000,2.168322042,1.143227379,4.937067978,0.487541525,1.466130824,1.910937536,4.981054415,0.499243689,-0.702191218,0.767710157,0.043986438,0.011702163
21.010000000,1.945842657,1.525895184,4.929880589,0.475887983,1.452815982,1.945253300,4.981834991,0.488073210,-0.493026674,0.419358116,0.051954402,0.012185227
21.040000000,1.944161871,1.533026273,4.925117022,0.468040699,1.442791344,1.970956374,4.982419605,0.479689598,-0.501370527,0.437930102,0.057302583,0.011648899
21.070000000,1.942500653,1.539999975,4.923547329,0.459608199,1.432732824,1.996633198,4.983004667,0.471292567,-0.509767829,0.456633224,0.059457337,0.011684368
21.110000000,1.940313571,1.549049676,4.917680001,0.447960349,1.419268884,2.030828148,4.983816853,0.460093829,-0.521044687,0.481778471,0.066136853,0.012133480
21.140000000,1.938706838,1.555646341,4.916854742,0.440918015,1.409140342,2.056449477,4.984459822,0.451711287,-0.529566496,0.500803135,0.067605080,0.010793272
21.170000000,1.937124637,1.562078994,4.915111705,0.432388015,1.398985886,2.082051270,4.985128116,0.443333195,-0.538138751,0.519972276,0.070016411,0.010945180
21.210000000,1.935065177,1.570421188,4.929774863,0.421054360,1.385386362,2.116145572,4.986057892,0.432145448,-0.549678814,0.545724384,0.056283029,0.011091088
21.240000000,1.933532007,1.576488683,4.923834803,0.412419315,1.375143228,2.141686899,4.986779065,0.423746632,-0.558388779,0.565198216,0.062944262,0.011327317
21.270000000,1.932007687,1.582396194,4.922383485,0.403854315,1.364874914,2.167210668,4.987514461,0.415355947,-0.567132772,0.584814474,0.065130976,0.011501632
21.310000000,1.930007224,1.590040771,4.929957955,0.391481145,1.351137121,2.201211677,4.988488840,0.404184264,-0.578870103,0.611170906,0.058530885,0.012703119
21.340000000,1.928511278,1.595585249,4.936419033,0.382445754,1.340787685,2.226686450,4.989216332,0.395796478,-0.587723593,0.631101201,0.052797300,0.013350724
21.370000000,1.927018853,1.600969606,4.935359041,0.373998254,1.330402151,2.252142445,4.989940088,0.387397423,-0.596616702,0.651172839,0.054581047,0.013399169
21.410000000,1.925038904,1.607916737,4.936980895,0.362666647,1.316500000,2.286056262,4.990902084,0.376203721,-0.608538904,0.678139524,0.053921189,0.013537074
21.440000000,1.923568744,1.612944489,4.962886113,0.354383860,1.306037058,2.311474485,4.991611775,0.367823882,-0.617531686,0.698529995,0.028725662,0.013440021
21.470000000,1.922127705,1.617807040,4.962567785,0.345986360,1.295541532,2.336878736,4.992314013,0.359443253,-0.626586174,0.719071696,0.029746227,0.013456892
21.510000000,1.733410766,1.969501463,4.968030001,0.335275068,1.281477845,2.370723240,4.993238786,0.348246716,-0.451932921,0.401221778,0.025208785,0.012971648
21.540000000,1.729740686,1.978153322,4.981832419,0.327580512,1.270884829,2.396089478,4.993901568,0.339845834,-0.458855858,0.417936156,0.012069149,0.012265322
21.570000000,1.726092495,1.986648064,4.981896795,0.318923012,1.260266074,2.421446577,4.994533070,0.331456920,-0.465826421,0.434798513,0.012636275,0.012533908
21.610000000,1.721248823,1.997712350,4.965355260,0.307894335,1.246056528,2.455239606,4.995335497,0.320281658,-0.475192295,0.457527256,0.029980237,0.012387323
21.640000000,1.717626160,2.005814772,4.960184207,0.299713667,1.235352456,2.480570943,4.995903582,0.311885602,-0.482273703,0.474756170,0.035719375,0.012171935
21.670000000,1.714012376,2.013771477,4.959346253,0.291336167,1.224616602,2.505894726,4.996446416,0.303482347,-0.489395774,0.492123249,0.037100163,0.012146180
21.710000000,1.709213354,2.024147139,4.950980206,0.279924959,1.210257966,2.539653517,4.997163369,0.292295261,-0.498955388,0.515506379,0.046183162,0.012370302
21.740000000,1.705635377,2.031751020,4.956437499,0.270965795,1.199455895,2.564970078,4.997708144,0.283916248,-0.506179482,0.533219058,0.041270645,0.012950453
21.770000000,1.702068247,2.039205575,4.955468925,0.262408295,1.188622956,2.590283873,4.998264146,0.275528464,-0.513445290,0.551078299,0.042795222,0.013120168
21.810000000,1.697326791,2.048917296,4.955579861,0.251265495,1.174122303,2.624032074,4.999017149,0.264324392,-0.523204488,0.575114779,0.043437288,0.013058896
21.840000000,1.693788142,2.056018884,4.958215802,0.242847642,1.163216362,2.649345124,4.999588187,0.255929340,-0.530571781,0.593326240,0.041372385,0.013081698
21.870000000,1.690268043,2.062962484,4.957269054,0.234370142,1.152292411,2.674661265,5.000156880,0.247547013,-0.537975632,0.611698780,0.042887825,0.013176871
21.910000000,1.685597573,2.071994661,4.966357441,0.222698716,1.137684166,2.708420389,5.000913728,0.236368215,-0.547913407,0.636425728,0.034556287,0.013669499
21.940000000,1.682096919,2.078597369,4.979327209,0.214601898,1.126690546,2.733742586,5.001474430,0.227966619,-0.555406373,0.655145217,0.022147221,0.013364722
21.970000000,1.678606478,2.085043823,4.978976438,0.205971898,1.115675965,2.759069008,5.002028306,0.219563660,-0.562930513,0.674025185,0.023051868,0.013591762
22.010000000,1.462463895,2.441413703,4.987134366,0.195153749,1.100964785,2.792849465,5.002741608,0.208382188,-0.361499110,0.351435762,0.015607242,0.013228439
22.040000000,1.456473309,2.451694482,4.989515513,0.186389412,1.089909149,2.818193744,5.003242325,0.200001811,-0.366564159,0.366499263,0.013726812,0.013612399
22.070000000,1.450502549,2.461834987,4.989285212,0.178101912,1.078831141,2.843543757,5.003715222,0.191608412,-0.371671408,0.381708770,0.014430011,0.013506500
22.110000000,1.442546384,2.475143466,4.996354036,0.167133814,1.064026360,2.877357451,5.004300379,0.180396629,-0.378520024,0.402213985,0.007946343,0.013262815
22.140000000,1.436584099,2.484946340,5.003407016,0.158866059,1.052914473,2.902734351,5.004712238,0.172001825,-0.383669626,0.417788011,0.001305222,0.013135766
22.170000000,1.430630907,2.494586375,5.003409874,0.150618559,1.041800895,2.928126967,5.005099304,0.163620803,-0.388830013,0.433540591,0.001689429,0.013002244
22.210000000,1.422694316,2.507195498,5.010155724,0.139496999,1.026968701,2.962016759,5.005570616,0.152437064,-0.395725615,0.454821261,-0.004585108,0.012940065
22.240000000,1.416751711,2.516472862,5.010434682,0.131446970,1.015831615,2.987462963,5.005878569,0.144027443,-0.400920096,0.470990101,-0.004556112,0.012580473
22.270000000,1.410815112,2.525595927,5.010399606,0.123059470,1.004694492,3.012933891,5.006152789,0.135619068,-0.406120620,0.487337964,-0.004246817,0.012559598
22.310000000,1.402897535,2.537523104,5.010859269,0.112791182,0.989860321,3.046945582,5.006451519,0.124439029,-0.413037214,0.509422478,-0.004407750,0.011647847
22.340000000,1.396979057,2.546300234,5.010751655,0.104257516,0.978742097,3.072493420,5.006628615,0.116056520,-0.418236960,0.526193186,-0.004123040,0.011799004
22.370000000,1.391070108,2.554918701,5.010460332,0.095947516,0.967624612,3.098069951,5.006772798,0.107656106,-0.423445496,0.543151250,-0.003687535,0.011708590
22.410000000,1.383212866,2.566184604,5.000673127,0.084070236,0.952815059,3.132227468,5.006908928,0.096441799,-0.430397807,0.566042864,0.006235801,0.012371563
22.440000000,1.377340578,2.574471514,5.014346747,0.075615787,0.941734543,3.157890047,5.006974052,0.088052846,-0.435606036,0.583418533,-0.007372695,0.012437059
22.470000000,1.371476638,2.582624180,5.013982280,0.067268287,0.930674339,3.183585677,5.007014915,0.079674609,-0.440802299,0.600961498,-0.006967365,0.012406321
22.510000000,1.207144301,2.921006683,5.018162443,0.056722961,0.915954251,3.217907540,5.007046041,0.068481201,-0.291190050,0.296900858,-0.011116402,0.011758240
22.540000000,1.199408632,2.932751848,5.017446293,0.048349316,0.904938919,3.243695770,5.007040155,0.060068635,-0.294469713,0.310943922,-0.010406138,0.011719319
22.570000000,1.191675321,2.944364489,5.016995305,0.040241816,0.893953130,3.269519246,5.007008264,0.051665353,-0.297722191,0.325154757,-0.009987041,0.011423537
22.610000000,1.181367599,2.959627195,5.010141447,0.030072315,0.879369830,3.304016959,5.006901446,0.040487806,-0.301997769,0.344389765,-0.003240001,0.010415491
22.640000000,1.173640155,2.970910044,5.016939169,0.021411602,0.868476425,3.329942672,5.006776984,0.032094744,-0.305163731,0.359032628,-0.010162185,0.010683142
22.670000000,1.165906243,2.982035737,5.016240120,0.012781602,0.857615816,3.355909388,5.006620564,0.023684861,-0.308290426,0.373873651,-0.009619555,0.010903259
22.710000000,1.155598398,2.996630699,5.015266069,0.002775042,0.843214890,3.390613894,5.006371040,0.012475103,-0.312383508,0.393983195,-0.008895029,0.009700061
22.740000000,1.147879560,3.007406177,5.023145710,-0.004591672,0.832487737,3.416709400,5.006148807,0.004091038,-0.315391822,0.409303224,-0.016996903,0.008682710
22.770000000,1.140178161,3.018023588,5.022462757,-0.013116672,0.821813178,3.442856658,5.005900907,-0.004291710,-0.318364983,0.424833070,-0.016561850,0.008824962
22.810000000,1.129930566,3.031948762,5.020777500,-0.024667264,0.807674196,3.477819038,5.005523783,-0.015501084,-0.322256370,0.445870276,-0.015253717,0.009166179
22.840000000,1.122242932,3.042233504,5.011524326,-0.033305567,0.797153057,3.504118272,5.005200147,-0.023915311,-0.325089875,0.461884768,-0.006324179,0.009390256
22.870000000,1.114551292,3.052369308,5.010317187,-0.041638067,0.786704052,3.530475192,5.004845806,-0.032311531,-0.327847241,0.478105884,-0.005471381,0.009326537
22.910000000,1.104302742,3.065644601,5.010278895,-0.053015827,0.772908997,3.565724643,5.004321008,-0.043487891,-0.331393745,0.500080042,-0.005957887,0.009527935
22.940000000,1.096623367,3.075426923,5.002942653,-0.061504577,0.762662422,3.592239885,5.003902843,-0.051891969,-0.333960945,0.516812962,0.000960190,0.009612608
22.970000000,1.088944627,3.085064956,5.001355598,-0.070159577,0.752493931,3.618807812,5.003471078,-0.060308515,-0.336450696,0.533742856,0.002115480,0.009851062
23.010000000,0.930927318,3.428194222,4.998469848,-0.081892667,0.739102419,3.654315257,5.002883324,-0.071509725,-0.191824899,0.226121035,0.004413476,0.010382942
23.040000000,0.921472860,3.441474508,5.009368014,-0.090519811,0.729193145,3.680993790,5.002441163,-0.079890600,-0.192279715,0.239519282,-0.006926851,0.010629212
23.070000000,0.912018822,3.454607437,5.007988115,-0.098844811,0.719379236,3.707696815,5.002018748,-0.088283122,-0.192639586,0.253089378,-0.005969367,0.010561690
23.110000000,0.899387805,3.471916866,5.010533305,-0.109339636,0.706477711,3.743308586,5.001514656,-0.099494438,-0.192910094,0.271391720,-0.009018649,0.009845198
23.140000000,0.889891137,3.484754900,5.006033921,-0.116609644,0.696971285,3.769948299,5.001170958,-0.107873604,-0.192919852,0.285193400,-0.004862963,0.008736041
23.170000000,0.880380019,3.497479071,5.004630858,-0.125092144,0.687605833,3.796466308,5.000852071,-0.116229137,-0.192774186,0.298987238,-0.003778787,0.008863008
23.210000000,0.867706779,3.514275026,4.995241400,-0.135355143,0.675367991,3.831455409,5.000484663,-0.127344021,-0.192338788,0.317180383,0.005243263,0.008011122
23.240000000,0.858189604,3.526734922,4.990771300,-0.143393278,0.666362601,3.857304094,5.000263196,-0.135597105,-0.191827003,0.330569172,0.009491896,0.007796173
23.270000000,0.848640222,3.539087777,4.989082564,-0.151603278,0.657491611,3.882802273,5.000089721,-0.143799568,-0.191148611,0.343714495,0.011007157,0.007803711
23.310000000,0.835876376,3.555382422,4.986714046,-0.162068044,0.645942609,3.916066027,4.999972774,-0.154828312,-0.189933767,0.360683605,0.013258728,0.007239731
23.340000000,0.826300073,3.567462029,4.994289937,-0.169706212,0.637494065,3.940411719,4.999976361,-0.163171339,-0.188806007,0.372949690,0.005686424,0.006534873
23.370000000,0.816711744,3.579427538,4.993007148,-0.177961212,0.629192408,3.964299959,5.000053340,-0.171454695,-0.187519336,0.384872420,0.007046192,0.006506518
23.410000000,0.803893540,3.595190254,4.996008359,-0.189065705,0.618404355,3.995290317,5.000279561,-0.182366879,-0.185489185,0.400100063,0.004271202,0.006698826
23.440000000,0.794266625,3.606867662,4.993164820,-0.196659917,0.610556739,4.017873655,5.000536514,-0.190630353,-0.183709886,0.411005992,0.007371694,0.006029564
23.470000000,0.784612352,3.618421028,4.992101119,-0.205544917,0.602898548,4.039974845,5.000842026,-0.198993082,-0.181713805,0.421553817,0.008740908,0.006551835
23.510000000,0.771235713,3.880083324,4.992940166,-0.217059479,0.593025939,4.068565754,5.001339114,-0.210116458,-0.178209774,0.188482430,0.008398948,0.006943020
23.540000000,0.761527770,3.894328151,4.993684857,-0.225203981,0.585876895,4.089359418,5.001768375,-0.218345098,-0.175650875,0.195031267,0.008083518,0.006858883
23.570000000,0.751797099,3.908463834,4.992824350,-0.233383981,0.578933497,4.109683747,5.002244420,-0.226570115,-0.172863602,0.201219914,0.009420070,0.006813866
23.610000000,0.738780283,3.927159929,4.985384783,-0.243433510,0.570088238,4.135920487,5.002957047,-0.237654253,-0.168692045,0.208760558,0.017572264,0.005779258
23.640000000,0.728996997,3.941064938,4.972824138,-0.251067968,0.563765549,4.154927699,5.003531712,-0.245971823,-0.165231447,0.213862761,0.030707575,0.005096145
23.670000000,0.719198777,3.954885008,4.971472035,-0.259540468,0.557662652,4.173415229,5.004147588,-0.254210379,-0.161536125,0.218530221,0.032675553,0.005330090
23.710000000,0.706121534,3.973211567,4.978442371,-0.270298604,0.549923243,4.197002726,5.005028886,-0.265134637,-0.156198291,0.223791158,0.026586514,0.005163968
23.740000000,0.696289261,3.986887910,4.982576254,-0.277294468,0.544390378,4.213715903,5.005697189,-0.273449576,-0.151898883,0.226827993,0.023120935,0.003844893
23.770000000,0.686423355,4.000545457,4.981674593,-0.285701968,0.539011458,4.229558249,5.006357816,-0.281833230,-0.147411898,0.229012792,0.024683223,0.003868738
23.810000000,0.673258676,4.018723967,4.981266165,-0.295464596,0.532014896,4.248776678,5.007127270,-0.292787153,-0.141243781,0.230052711,0.025861105,0.002677443
23.840000000,0.663377263,4.032325056,4.983867984,-0.302512587,0.526826026,4.261520323,5.007532194,-0.300818618,-0.136551237,0.229195268,0.023664209,0.001693970
23.870000000,0.653470718,4.045897587,4.982863243,-0.311097587,0.521648706,4.272922282,5.007770384,-0.308977018,-0.131822011,0.227024695,0.024907141,0.002120569
23.910000000,0.640212219,4.063939394,4.984005869,-0.320970855,0.514712149,4.285499221,5.007739357,-0.320265849,-0.125500070,0.221559827,0.023733488,0.000705006
23.940000000,0.630243445,4.077416898,4.990646579,-0.328540959,0.509434439,4.292870451,5.007434708,-0.328604283,-0.120809007,0.215453553,0.016788129,-0.000063324
23.970000000,0.620244101,4.090859683,4.989537998,-0.337215959,0.504080638,4.298705076,5.006914453,-0.336674061,-0.116163463,0.207845392,0.017376455,0.000541898
24.010000000,0.549239628,4.249504469,4.994350745,-0.348144618,0.496794441,4.303616529,5.005821124,-0.347485692,-0.052445187,0.054112061,0.011470380,0.000658926
24.040000000,0.538502198,4.264557267,4.987549247,-0.355440021,0.491212970,4.305127641,5.004675963,-0.356000221,-0.047289227,0.040570374,0.017126717,-0.000560200
24.070000000,0.527748283,4.279591395,4.986059536,-0.363887521,0.485533189,4.305059962,5.003284094,-0.364574954,-0.042215094,0.025468567,0.017224558,-0.000687433
24.110000000,0.513369534,4.299604316,4.990121735,-0.372919512,0.477760432,4.302103255,5.000972317,-0.375484051,-0.035609102,0.002498939,0.010850581,-0.002564540
24.140000000,0.502533566,4.314608796,4.990110881,-0.381200538,0.471794580,4.297773976,4.998906267,-0.383558828,-0.030738986,-0.016834820,0.008795386,-0.002358290
24.170000000,0.491658962,4.329596080,4.988395051,-0.389743038,0.465749522,4.291944432,4.996611610,-0.391957169,-0.025909440,-0.037651648,0.008216558,-0.002214131
24.210000000,0.477115516,4.349561154,4.985932493,-0.399248891,0.457563605,4.281521780,4.993147890,-0.403605345,-0.019551911,-0.068039374,0.007215397,-0.004356454
24.240000000,0.466184863,4.364529165,4.992897121,-0.406545197,0.451335039,4.271818152,4.990283428,-0.412039652,-0.014849824,-0.092711013,-0.002613693,-0.005494455
24.270000000,0.455228293,4.379515418,4.991019649,-0.415042697,0.445056802,4.260808138,4.987243516,-0.420217075,-0.010171492,-0.118707280,-0.003776133,-0.005174378
24.310000000,0.440569349,4.399521949,4.982088842,-0.425854178,0.436649903,4.243842033,4.982929446,-0.431365414,-0.003919446,-0.155679916,0.000840604,-0.005511236
24.340000000,0.429541834,4.414545514,4.976597669,-0.434054522,0.430353246,4.229507408,4.979522694,-0.440042944,0.000811412,-0.185038106,0.002925025,-0.005988422
24.370000000,0.418474421,4.429590545,4.974107518,-0.442494522,0.424070901,4.214072830,4.976020317,-0.448622405,0.005596480,-0.215517715,0.001912800,-0.006127883
24.410000000,0.403676309,4.449716371,4.957665178,-0.454113787,0.415744383,4.191600992,4.971226523,-0.459642016,0.012068074,-0.258115379,0.013561345,-0.005528229
24.440000000,0.392530035,4.464868094,4.952129924,-0.462704440,0.409580387,4.173419634,4.967584592,-0.467968815,0.017050352,-0.291448460,0.015454668,-0.005264375
24.470000000,0.381342380,4.480066915,4.949062513,-0.470869440,0.403501297,4.154330697,4.963926932,-0.476500802,0.022158918,-0.325736218,0.014864419,-0.005631362
24.510000000,0.355135888,4.495176296,4.938743679,-0.481484126,0.395567960,4.127330020,4.959063045,-0.487904074,0.040432072,-0.367846277,0.020319367,-0.006419947
24.540000000,0.343740820,4.510438484,4.939784276,-0.489729515,0.389757792,4.106013451,4.955455277,-0.496226942,0.046016972,-0.404425033,0.015671001,-0.006497427
24.570000000,0.332311634,4.525763267,4.936744343,-0.497994515,0.384069618,4.083972066,4.951889812,-0.504504390,0.051757984,-0.441791201,0.015145469,-0.006509874
24.610000000,0.317036069,4.546301092,4.940502490,-0.509076975,0.376753457,4.053336726,4.947222671,-0.515760779,0.059717389,-0.492964366,0.006720181,-0.006683803
24.640000000,0.305550357,4.561789844,4.934749396,-0.517469268,0.371481587,4.029502457,4.943792709,-0.524272598,0.065931230,-0.532287387,0.009043312,-0.006803330
24.670000000,0.294035202,4.577361434,4.931989993,-0.525766768,0.366365147,4.005095069,4.940421668,-0.532682887,0.072329945,-0.572266365,0.008431675,-0.006916119
24.710000000,0.278619111,4.598261928,4.921335014,-0.536807967,0.359844387,3.971577914,4.936018676,-0.543758359,0.081225276,-0.626684014,0.014683662,-0.006950392
24.740000000,0.267011959,4.614027280,4.918800419,-0.545173080,0.355206881,3.945758489,4.932798167,-0.552149489,0.088194922,-0.668268791,0.013997748,-0.006976409
24.770000000,0.255377297,4.629886707,4.915961012,-0.553615580,0.350760866,3.919476200,4.929640623,-0.560609619,0.095383569,-0.710410507,0.013679611,-0.006994039
24.810000000,0.239810130,4.651186824,4.913330061,-0.563856377,0.345172099,3.883651669,4.925581628,-0.571824759,0.105361969,-0.767535155,0.012251568,-0.007968382
24.840000000,0.228078787,4.667268543,4.917663797,-0.571700579,0.341232643,3.856246033,4.922656588,-0.580149958,0.113153856,-0.811022510,0.004992791,-0.008449379
24.870000000,0.216306454,4.683447543,4.915306298,-0.579955579,0.337487365,3.828469969,4.919823636,-0.588492540,0.121180911,-0.854977574,0.004517338,-0.008536960
24.910000000,0.200541648,4.705169993,4.903949903,-0.590023551,0.332861389,3.790794238,4.916193452,-0.599718234,0.132319741,-0.914375755,0.012243549,-0.009694683
24.940000000,0.188675138,4.721589093,4.899574191,-0.598598946,0.329654864,3.762099791,4.913576721,-0.608130949,0.140979726,-0.959489302,0.014002530,-0.009532003
24.970000000,0.176779661,4.738115913,4.897083796,-0.607213946,0.326628898,3.733113608,4.911036918,-0.616491723,0.149849238,-1.005002305,0.013953122,-0.009277777
25.010000000,0.172367239,4.511826862,4.891644500,-0.618095671,0.322930022,3.693957319,4.907810007,-0.627614197,0.150562782,-0.817869543,0.016165507,-0.009518525
25.040000000,0.160501572,4.525630525,4.900907568,-0.627214627,0.320415334,3.664225747,4.905516998,-0.636008856,0.159913763,-0.861404777,0.004609430,-0.008794229
25.070000000,0.148614623,4.539558785,4.898917240,-0.635502127,0.318081366,3.634247099,4.903312792,-0.644424187,0.169466743,-0.905311686,0.004395552,-0.008922060
25.110000000,0.132719040,4.558328423,4.893436853,-0.644829932,0.315269632,3.593862494,4.900535422,-0.655601202,0.182550592,-0.964465929,0.007098568,-0.010771270
25.140000000,0.120738436,4.572545534,4.890276966,-0.653181755,0.313369816,3.563283977,4.898554250,-0.663954201,0.192631380,-1.009261557,0.008277284,-0.010772447
25.170000000,0.108711095,4.586897972,4.888292861,-0.661264255,0.311619418,3.532496549,4.896644566,-0.672327182,0.202908324,-1.054401423,0.008351705,-0.011062927
25.210000000,0.092615885,4.606202343,4.875233039,-0.673414930,0.309542126,3.491073716,4.894220411,-0.683539564,0.216926241,-1.115128627,0.018987372,-0.010124634
25.240000000,0.080503614,4.620807188,4.874596153,-0.681716237,0.308148745,3.459748570,4.892500282,-0.691934792,0.227645131,-1.161058618,0.017904129,-0.010218555
25.270000000,0.068343171,4.635531774,4.872459212,-0.690376237,0.306861969,3.428249146,4.890849550,-0.700301647,0.238518798,-1.207282629,0.018390338,-0.009925410
25.310000000,0.052044212,4.655373689,4.878615870,-0.702413665,0.305340257,3.385940364,4.888787814,-0.711457867,0.253296045,-1.269433324,0.010171944,-0.009044202
25.340000000,0.039761514,4.670399039,4.877112125,-0.710258120,0.304341174,3.353987914,4.887341034,-0.719857339,0.264579660,-1.316411126,0.010228909,-0.009599219
25.370000000,0.027444977,4.685544635,4.875392977,-0.718430620,0.303433096,3.321890534,4.885961732,-0.728259192,0.275988119,-1.363654101,0.010568755,-0.009828572
25.410000000,0.010966643,4.705957131,4.867732902,-0.729691569,0.302362664,3.278859302,4.884218767,-0.739423560,0.291396021,-1.427097829,0.016485866,-0.009731992
25.440000000,-0.001442512,4.721442210,4.867010990,-0.738498155,0.301657075,3.246421446,4.882975766,-0.747786859,0.303099587,-1.475020764,0.015964775,-0.009288704
25.470000000,-0.013883587,4.737071708,4.865235471,-0.746995655,0.301021535,3.213866282,4.881783311,-0.756169146,0.314905122,-1.523205426,0.016547839,-0.009173492
25.510000000,0.113786797,4.303634390,4.858658458,-0.758580189,0.300284993,3.170262317,4.880293914,-0.767370415,0.186498196,-1.133372073,0.021635455,-0.008790226
25.540000000,0.102978995,4.314166454,4.852859542,-0.767534765,0.299791326,3.137435056,4.879261613,-0.775749498,0.196812331,-1.176731399,0.026402071,-0.008214733
25.570000000,0.092120390,4.324829601,4.850920333,-0.775967265,0.299331270,3.104526268,4.878291018,-0.784104985,0.207210881,-1.220303333,0.027370686,-0.008137720
25.610000000,0.077561884,4.339261422,4.848605300,-0.787465514,0.298771547,3.060498314,4.877127888,-0.795266407,0.221209663,-1.278763108,0.028522587,-0.007800893
25.640000000,0.066593612,4.350233129,4.854992293,-0.795916726,0.298361474,3.027369155,4.876352158,-0.803665340,0.231767862,-1.322863974,0.021359865,-0.007748614
25.670000000,0.055601049,4.361345594,4.853439791,-0.804374226,0.297923734,2.994167369,4.875650569,-0.812047167,0.242322685,-1.367178224,0.022210778,-0.007672941
25.710000000,0.040877886,4.376395376,4.854999117,-0.815316098,0.297238211,2.949760583,4.874820329,-0.823164246,0.256360325,-1.426634793,0.019821212,-0.007848148
25.740000000,0.029788952,4.387842872,4.845901027,-0.824447824,0.296633802,2.916335565,4.874262034,-0.831527574,0.266844849,-1.471507307,0.028361007,-0.007079750
25.770000000,0.018648066,4.399428693,4.844211884,-0.832780324,0.295960826,2.882822809,4.873736107,-0.839949993,0.277312761,-1.516605884,0.029524224,-0.007169669
25.810000000,0.003713816,4.415100213,4.845222146,-0.844187541,0.294917755,2.838016641,4.873098557,-0.851193284,0.291203939,-1.577083572,0.027876411,-0.007005743
25.840000000,-0.007553353,4.427028959,4.845708959,-0.853189211,0.294014116,2.804356879,4.872677910,-0.859558368,0.301567469,-1.622672080,0.026968951,-0.006369157
25.870000000,-0.018892590,4.439105657,4.844154940,-0.861536711,0.293029012,2.770665534,4.872305227,-0.867908914,0.311921602,-1.668440123,0.028150288,-0.006372203
25.910000000,-0.034103400,4.455406087,4.848247845,-0.872471316,0.291585041,2.725690568,4.871888822,-0.879104995,0.325688441,-1.729715520,0.023640977,-0.006633679
25.940000000,-0.045581086,4.467781533,4.841539696,-0.880926749,0.290398760,2.691944193,4.871628567,-0.887521676,0.335979846,-1.775837340,0.030088871,-0.006594927
25.970000000,-0.057094918,4.480294803,4.840003402,-0.889446749,0.289125526,2.658210074,4.871410036,-0.895905902,0.346220444,-1.822084729,0.031406634,-0.006459153
26.010000000,0.027743409,4.033560653,4.837373191,-0.901428204,0.287266155,2.613270344,4.871184540,-0.907038235,0.259522747,-1.420290308,0.033811349,-0.005610031
26.040000000,0.017330584,4.040875975,4.837830339,-0.909606878,0.285761302,2.579590656,4.871077256,-0.915421138,0.268430718,-1.461285319,0.033246917,-0.005814260
26.070000000,0.006882746,4.048349187,4.836338680,-0.917836878,0.284175790,2.545935475,4.871012214,-0.923841126,0.277293044,-1.502413712,0.034673534,-0.006004247
26.110000000,-0.007096821,4.058573273,4.828280502,-0.929568562,0.281885708,2.501143232,4.871028185,-0.935055616,0.288982529,-1.557430040,0.042747684,-0.005487055
26.140000000,-0.017620548,4.066423840,4.829288538,-0.938801366,0.280005236,2.467624456,4.871113327,-0.943423508,0.297625785,-1.598799384,0.041824789,-0.004622142
26.170000000,-0.028184874,4.074427266,4.827730787,-0.947143866,0.277990340,2.434148345,4.871253282,-0.951798981,0.306175214,-1.640278921,0.043522495,-0.004655115
26.210000000,-0.042342794,4.085361262,4.831718243,-0.957474758,0.275027128,2.389565819,4.871522917,-0.963047022,0.317369921,-1.695795443,0.039804674,-0.005572264
26.240000000,-0.053013172,4.093736000,4.844908767,-0.967289740,0.272568799,2.356175447,4.871774178,-0.971503469,0.325581971,-1.737560553,0.026865411,-0.004213729
26.270000000,-0.063727111,4.102266018,4.843976722,-0.975774740,0.269928553,2.322834831,4.872055329,-0.979919394,0.333655663,-1.779431186,0.028078608,-0.004144654
26.310000000,-0.078085563,4.113869743,4.851208777,-0.987668321,0.266088126,2.278486941,4.872466889,-0.991089695,0.344173689,-1.835382802,0.021258112,-0.003421374
26.340000000,-0.088891144,4.122730149,4.855936744,-0.996371830,0.262991554,2.245311828,4.872789237,-0.999501164,0.351882698,-1.877418322,0.016852493,-0.003129333
26.370000000,-0.099722739,4.131731629,4.855331280,-1.004871830,0.259746955,2.212212921,4.873112087,-1.007931786,0.359469693,-1.919518707,0.017780806,-0.003059955
26.410000000,-0.114222153,4.143978163,4.854034385,-1.015847160,0.255151936,2.168262034,4.873564419,-1.019133197,0.369374089,-1.975716129,0.019530034,-0.003286037
26.440000000,-0.125148002,4.153360483,4.855708683,-1.024189901,0.251512752,2.135453624,4.873917097,-1.027502537,0.376660755,-2.017906860,0.018208414,-0.003312637
26.470000000,-0.136107493,4.162903859,4.855056689,-1.032882401,0.247744487,2.102756587,4.874287660,-1.035883467,0.383851980,-2.060147272,0.019230972,-0.003001066
26.510000000,-0.020055158,3.596591510,4.845445922,-1.044439404,0.242495529,2.059371344,4.874820267,-1.047096908,0.262550688,-1.537220166,0.029374345,-0.002657505
26.540000000,-0.029518175,3.599520773,4.856998685,-1.052991171,0.238387873,2.027015340,4.875258016,-1.055494751,0.267906047,-1.572505433,0.018259331,-0.002503581
26.570000000,-0.038996059,3.602607076,4.856396732,-1.061543671,0.234156207,1.994805907,4.875731864,-1.063861755,0.273152266,-1.607801169,0.019335132,-0.002318084
26.610000000,-0.051667744,3.606991023,4.855501224,-1.072175004,0.228294254,1.952124707,4.876468089,-1.075007050,0.279961998,-1.654866316,0.020966866,-0.002832046
26.640000000,-0.061193862,3.610474677,4.848196679,-1.079621003,0.223715290,1.920301760,4.877081857,-1.083394687,0.284909152,-1.690172917,0.028885177,-0.003773684
26.670000000,-0.070724902,3.614106054,4.847389625,-1.088208503,0.218970605,1.888615739,4.877733416,-1.091780885,0.289695507,-1.725490315,0.030343791,-0.003572382
26.710000000,-0.083456217,3.619180958,4.855006337,-1.099234218,0.212275133,1.846615042,4.878655858,-1.102902223,0.295731350,-1.772565916,0.023649521,-0.003668005
26.740000000,-0.093042254,3.623167810,4.854954505,-1.108309556,0.206953542,1.815279633,4.879381418,-1.111240213,0.299995796,-1.807888177,0.024426913,-0.002930657
26.770000000,-0.102660077,3.627309261,4.854372195,-1.116474556,0.201418004,1.784054425,4.880125687,-1.119638195,0.304078082,-1.843254836,0.025753492,-0.003163639
26.810000000,-0.115526956,3.633061727,4.844613742,-1.127827395,0.193661519,1.742647445,4.881124144,-1.130896220,0.309188475,-1.890414282,0.036510402,-0.003068825
26.840000000,-0.125223399,3.637538803,4.848581186,-1.136262441,0.187579715,1.711799467,4.881877477,-1.139285179,0.312803114,-1.925739336,0.033296291,-0.003022739
26.870000000,-0.134957381,3.642161583,4.847757565,-1.144572441,0.181324720,1.681112190,4.882637256,-1.147644124,0.316282102,-1.961049393,0.034879692,-0.003071683
26.910000000,-0.147971061,3.648545136,4.853549135,-1.155783923,0.172708767,1.640482902,4.883700159,-1.158827178,0.320679828,-2.008062234,0.030151024,-0.003043255
26.940000000,-0.157765135,3.653500286,4.850086925,-1.164725805,0.166062730,1.610235547,4.884530228,-1.167241835,0.323827865,-2.043264740,0.034443303,-0.002516030
26.970000000,-0.167584768,3.658596601,4.849332591,-1.173188305,0.159287968,1.580170993,4.885386536,-1.175639301,0.326872736,-2.078425608,0.036053945,-0.002450995
27.010000000,-0.091339914,2.996098525,4.860273812,-1.183943840,0.150032189,1.540436805,4.886550974,-1.186792770,0.241372103,-1.455661720,0.026277162,-0.002848930
27.040000000,-0.100129728,2.993507071,4.862191817,-1.191634291,0.142942384,1.510887285,4.887448295,-1.195169664,0.243072112,-1.482619787,0.025256477,-0.003535374
27.070000000,-0.108943259,2.991063115,4.861780094,-1.200139291,0.135754683,1.481514518,4.888365032,-1.203574286,0.244697942,-1.509548597,0.026584938,-0.003434995
27.110000000,-0.120719321,2.988012412,4.880079069,-1.212695230,0.125984590,1.442696091,4.889638327,-1.214784890,0.246703911,-1.545316321,0.009559258,-0.002089660
27.140000000,-0.129561350,2.985889939,4.878772748,-1.221778687,0.118485893,1.413853188,4.890625783,-1.223154323,0.248047243,-1.572036750,0.011853035,-0.001375636
27.170000000,-0.138425105,2.983925101,4.878844364,-1.230053687,0.110834476,1.385192530,4.891630784,-1.231515185,0.249259581,-1.598732572,0.012786419,-0.001461498
27.210000000,-0.150259236,2.981534920,4.876219190,-1.241532714,0.100301761,1.347267565,4.892970827,-1.242735190,0.250560997,-1.634267355,0.016751637,-0.001202475
27.240000000,-0.159161925,2.979912507,4.880512068,-1.249486998,0.092125145,1.319031800,4.893948129,-1.251203364,0.251287070,-1.660880707,0.013436061,-0.001716365
27.270000000,-0.168069726,2.978442570,4.880445776,-1.258196998,0.083742746,1.290959857,4.894910849,-1.259645696,0.251812472,-1.687482713,0.014465073,-0.001448698
27.310000000,-0.179991788,2.976721181,4.873638968,-1.270078110,0.072215304,1.253842632,4.896187267,-1.270823424,0.252207092,-1.722878549,0.022548299,-0.000745313
27.340000000,-0.188967623,2.975602962,4.885575822,-1.278016376,0.063346997,1.226230623,4.897150498,-1.279225191,0.252314619,-1.749372339,0.011574675,-0.001208815
27.370000000,-0.197962224,2.974629536,4.885517027,-1.286596376,0.054342064,1.198783803,4.898114376,-1.287653106,0.252304287,-1.775845733,0.012597349,-0.001056730
27.410000000,-0.209958217,2.973559461,4.888628140,-1.296674800,0.042117839,1.162520120,4.899423350,-1.298870046,0.252076056,-1.811039341,0.010795210,-0.002195245
27.440000000,-0.218963007,2.972935440,4.894847544,-1.305313157,0.032811893,1.135587082,4.900413482,-1.307249868,0.251774900,-1.837348358,0.005565938,-0.001936711
27.470000000,-0.227990998,2.972461595,4.894967235,-1.313485657,0.023423188,1.108839303,4.901409174,-1.315630599,0.251414186,-1.863622292,0.006441939,-0.002144942
27.510000000,-0.142114178,2.424545457,4.895938086,-1.324576013,0.010780448,1.073498856,4.902742964,-1.326831944,0.152894626,-1.351046601,0.006804878,-0.002255931
27.540000000,-0.150005076,2.417872204,4.884770625,-1.333199285,0.001219216,1.047245739,4.903742150,-1.335233322,0.151224292,-1.370626466,0.018971525,-0.002034037
27.570000000,-0.157908197,2.411347511,4.884450585,-1.341756785,-0.008393010,1.021187161,4.904749666,-1.343616782,0.149515187,-1.390160351,0.020299080,-0.001859997
27.610000000,-0.168449646,2.402886579,4.886112508,-1.352412792,-0.021295820,0.986788685,4.906133744,-1.354766036,0.147153825,-1.416097894,0.020021236,-0.002353245
27.640000000,-0.176336249,2.396712546,4.896604446,-1.360722251,-0.031057492,0.961224744,4.907210195,-1.363138998,0.145278757,-1.435487802,0.010605749,-0.002416748
27.670000000,-0.184193865,2.390680746,4.896622942,-1.369099751,-0.040912931,0.935825225,4.908314436,-1.371518041,0.143280934,-1.454855521,0.011691494,-0.002418290
27.710000000,-0.194637777,2.382838559,4.904907529,-1.380051045,-0.054294502,0.902265651,4.909814844,-1.382658397,0.140343275,-1.480572908,0.004907315,-0.002607353
27.740000000,-0.202469786,2.377139907,4.906094909,-1.389192653,-0.064542636,0.877314962,4.910925903,-1.390984863,0.137927150,-1.499824944,0.004830994,-0.001792210
27.770000000,-0.210308889,2.371590482,4.906241360,-1.397722653,-0.074942934,0.852507711,4.912021887,-1.399338242,0.135365955,-1.519082771,0.005780528,-0.001615590
27.810000000,-0.220761447,2.364386568,4.916345115,-1.409129146,-0.089060250,0.819687990,4.913445297,-1.410553704,0.131701197,-1.544698578,-0.002899818,-0.001424559
27.840000000,-0.228595583,2.359129336,4.920712495,-1.416868027,-0.099804222,0.795284915,4.914490936,-1.418951921,0.128791361,-1.563844422,-0.006221559,-0.002083894
27.870000000,-0.236434544,2.354009781,4.921066971,-1.425298027,-0.110639030,0.771043064,4.915517704,-1.427323325,0.125795514,-1.582966717,-0.005549267,-0.002025298
27.910000000,-0.246885741,2.347400521,4.923941066,-1.436700170,-0.125210435,0.738996157,4.916861489,-1.438489874,0.121675306,-1.608404365,-0.007079576,-0.001789704
27.940000000,-0.254740395,2.342604613,4.916123795,-1.444966013,-0.136203428,0.715152232,4.917843611,-1.446886773,0.118536966,-1.627452381,0.001719816,-0.001920759
27.970000000,-0.262595012,2.337954061,4.916076396,-1.453241013,-0.147230512,0.691453572,4.918809976,-1.455281784,0.115364500,-1.646500489,0.002733581,-0.002040770
28.010000000,-0.250000611,1.847139879,4.910458535,-1.464417033,-0.161977978,0.660137126,4.920085254,-1.466453716,0.088022633,-1.187002753,0.009626719,-0.002036683
28.040000000,-0.257555679,1.837020482,4.904544968,-1.472911682,-0.173056205,0.636847989,4.921045399,-1.474830471,0.084499473,-1.200172494,0.016500432,-0.001918789
28.070000000,-0.265096004,1.827043247,4.903993904,-1.481389182,-0.184137558,0.613687379,4.922021899,-1.483213694,0.080958445,-1.213355868,0.018027995,-0.001824512
28.110000000,-0.275128013,1.813936435,4.897872257,-1.492952892,-0.198913428,0.583041315,4.923366043,-1.494392309,0.076214585,-1.230895120,0.025493786,-0.001439417
28.140000000,-0.282629699,1.804256265,4.900213685,-1.500854013,-0.210015036,0.560245380,4.924412488,-1.502756471,0.072614663,-1.244010885,0.024198803,-0.001902458
28.170000000,-0.290111908,1.794721617,4.899540848,-1.509136513,-0.221155679,0.537581781,4.925485055,-1.511113935,0.068956229,-1.257139836,0.025944206,-0.001977422
28.210000000,-0.300058702,1.782208619,4.895180919,-1.520459560,-0.236130726,0.507571462,4.926954582,-1.522289002,0.063927976,-1.274637157,0.031773663,-0.001829442
28.240000000,-0.307505697,1.772970797,4.905166673,-1.528735061,-0.247477408,0.485205931,4.928061263,-1.530714243,0.060028289,-1.287764867,0.022894590,-0.001979182
28.270000000,-0.314949011,1.763867292,4.904607051,-1.537322561,-0.258909494,0.462952125,4.929171984,-1.539138605,0.056039517,-1.300915167,0.024564933,-0.001816044
28.310000000,-0.324886292,1.751934074,4.909464152,-1.548700142,-0.274288956,0.433492377,4.930655968,-1.550321966,0.050597336,-1.318441697,0.021191816,-0.001621824
28.340000000,-0.332326878,1.743128877,4.917211265,-1.556460478,-0.285899533,0.411536477,4.931767464,-1.558708170,0.046427344,-1.331592401,0.014556199,-0.002247693
28.370000000,-0.339753678,1.734450409,4.916905802,-1.564925478,-0.297547790,0.389667921,4.932869279,-1.567110170,0.042205888,-1.344782488,0.015963477,-0.002184693
28.410000000,-0.349635334,1.723085343,4.916262565,-1.576258808,-0.313120559,0.360677047,4.934319989,-1.578313067,0.036514776,-1.362408296,0.018057425,-0.002054259
28.440000000,-0.357030324,1.714727184,4.928460083,-1.584740998,-0.324812265,0.339070237,4.935389676,-1.586698291,0.032218058,-1.375656948,0.006929593,-0.001957293
28.470000000,-0.364409604,1.706505330,4.928338169,-1.593133498,-0.336503143,0.317554034,4.936444965,-1.595080921,0.027906461,-1.388951296,0.008106796,-0.001947423
28.510000000,-0.416135100,1.300445663,4.920008794,-1.604286076,-0.352075970,0.289000741,4.937844930,-1.606268127,0.064059129,-1.011444922,0.017836135,-0.001982051
28.540000000,-0.423979683,1.287786111,4.915324437,-1.612734250,-0.363734017,0.267682506,4.938875684,-1.614661803,0.060245665,-1.020103604,0.023551247,-0.001927553
28.570000000,-0.431800002,1.275249701,4.914630791,-1.621434250,-0.375370122,0.246443690,4.939899462,-1.623053485,0.056429880,-1.028806011,0.025268671,-0.001619235
28.610000000,-0.442203631,1.258748218,4.908480524,-1.632462418,-0.390840815,0.218265708,4.941279070,-1.634227398,0.051362816,-1.040482511,0.032798546,-0.001764980
28.640000000,-0.449985553,1.246532161,4.910792934,-1.641613063,-0.402423690,0.197212135,4.942343787,-1.642607347,0.047561862,-1.049320026,0.031550853,-0.000994284
28.670000000,-0.457741785,1.234455393,4.909951572,-1.650230563,-0.414008529,0.176208570,4.943425614,-1.650988404,0.043733256,-1.058246823,0.033474042,-0.000757841
28.710000000,-0.468023608,1.218544323,4.910805168,-1.660647745,-0.429489900,0.148312948,4.944892816,-1.662161816,0.038533709,-1.070231375,0.034087647,-0.001514071
28.740000000,-0.475691102,1.206773034,4.899909775,-1.669709520,-0.441142646,0.127480314,4.945997015,-1.670525315,0.034548456,-1.079292721,0.046087240,-0.000815795
28.770000000,-0.483342808,1.195152935,4.898674702,-1.678047020,-0.452827664,0.106699335,4.947103986,-1.678889613,0.030515144,-1.088453600,0.048429284,-0.000842593
28.810000000,-0.493521224,1.179874776,4.892566482,-1.689181826,-0.468457283,0.079059586,4.948575089,-1.690073013,0.025063941,-1.100815190,0.056008607,-0.000891187
28.840000000,-0.501150409,1.168569197,4.896797582,-1.697751970,-0.480200348,0.058384075,4.949683503,-1.698466344,0.020950062,-1.110185122,0.052885922,-0.000714374
28.870000000,-0.508757145,1.157397351,4.895442300,-1.706234470,-0.491946822,0.037755217,4.950802691,-1.706850846,0.016810323,-1.119642135,0.055360391,-0.000616377
28.910000000,-0.518871947,1.142729378,4.897284973,-1.716780295,-0.507599582,0.010318616,4.952314154,-1.718025741,0.011272365,-1.132410763,0.055029180,-0.001245445
28.940000000,-0.526434266,1.131889568,4.897049846,-1.725132220,-0.519323393,-0.010233580,4.953460495,-1.726412963,0.007110873,-1.142123148,0.056410649,-0.001280743
28.970000000,-0.533981710,1.121180771,4.895707715,-1.733259720,-0.531029974,-0.030770883,4.954606715,-1.734800409,0.002951736,-1.151951655,0.058899000,-0.001540688
29.010000000,-0.593916973,0.831025007,4.903049673,-1.744083980,-0.546595530,-0.058110221,4.956140715,-1.745981249,0.047321443,-0.889135228,0.053091042,-0.001897269
29.040000000,-0.602003291,0.817323485,4.901793128,-1.753160054,-0.558230990,-0.078585003,4.957291026,-1.754367664,0.043772301,-0.895908488,0.055497898,-0.001207610
29.070000000,-0.610056294,0.803761018,4.900595792,-1.761142554,-0.569836926,-0.099054674,4.958447044,-1.762749688,0.040219368,-0.902815692,0.057851253,-0.001607134
29.110000000,-0.620763666,0.785896014,4.900764187,-1.772571857,-0.585256098,-0.126354471,4.959984489,-1.773918629,0.035507568,-0.912250484,0.059220302,-0.001346771
29.140000000,-0.628768804,0.772645397,4.905943943,-1.779862604,-0.596782790,-0.146822906,4.961141974,-1.782291115,0.031986014,-0.919468303,0.055198032,-0.002428511
29.170000000,-0.636744844,0.759522003,4.904835180,-1.788402604,-0.608290924,-0.167280293,4.962302537,-1.790666144,0.028453920,-0.926802296,0.057467357,-0.002263540
29.210000000,-0.647335749,0.742216126,4.902114466,-1.799381975,-0.623627008,-0.194554395,4.963859021,-1.801839688,0.023708741,-0.936770521,0.061744555,-0.002457713
29.240000000,-0.655232286,0.729367370,4.908117554,-1.807744455,-0.635138733,-0.215023902,4.965020110,-1.810232000,0.020093553,-0.944391272,0.056902555,-0.002487545
29.270000000,-0.663107870,0.716631654,4.907039312,-1.815934455,-0.646658517,-0.235499252,4.966174339,-1.818629162,0.016449353,-0.952130906,0.059135026,-0.002694707
29.310000000,-0.673609105,0.699846359,4.925704564,-1.826322726,-0.662024839,-0.262795937,4.967713173,-1.829819615,0.011584266,-0.962642297,0.042008609,-0.003496889
29.340000000,-0.681465239,0.687411235,4.924137706,-1.835267799,-0.673549550,-0.283277128,4.968864286,-1.838210014,0.007915689,-0.970688363,0.044726579,-0.002942215
29.370000000,-0.689279975,0.675108647,4.923463970,-1.843575299,-0.685072344,-0.303780602,4.970008584,-1.846602413,0.004207631,-0.978889249,0.046544614,-0.003027114
29.410000000,-0.699641655,0.658901073,4.932544434,-1.854426493,-0.700423075,-0.331164411,4.971485775,-1.857792319,-0.000781420,-0.990065483,0.038941340,-0.003365826
29.440000000,-0.707375462,0.646878301,4.935556601,-1.862797827,-0.711915388,-0.351724444,4.972558513,-1.866183351,-0.004539926,-0.998602745,0.037001913,-0.003385524
29.470000000,-0.715084703,0.634986477,4.935070432,-1.871552827,-0.723389606,-0.372301303,4.973603690,-1.874576492,-0.008304903,-1.007287780,0.038533258,-0.003023665
29.510000000,-0.757475411,0.328685717,4.936080100,-1.882428813,-0.738659963,-0.399794067,4.974962906,-1.885766894,0.018815448,-0.728479784,0.038882807,-0.003338081
29.540000000,-0.765501065,0.313616805,4.933885815,-1.891197276,-0.750092637,-0.420467216,4.975947734,-1.894156978,0.015408427,-0.734084021,0.042061918,-0.002959702
29.570000000,-0.773498263,0.298670675,4.933160147,-1.899499776,-0.761507044,-0.441171519,4.976915281,-1.902551296,0.011991219,-0.739842194,0.043755134,-0.003051520
29.610000000,-0.784107547,0.278949762,4.954521068,-1.911445625,-0.776692295,-0.468824651,4.978191698,-1.913743891,0.007415251,-0.747774413,0.023670630,-0.002298267
29.640000000,-0.792025615,0.264327359,4.945494664,-1.920533504,-0.788074449,-0.489612795,4.979151906,-1.922133964,0.003951165,-0.753940154,0.033657242,-0.001600460
29.670000000,-0.799903317,0.249844776,4.945011985,-1.928928504,-0.799470633,-0.510442757,4.980107645,-1.930522763,0.000432685,-0.760287533,0.035095660,-0.001594259
29.710000000,-0.810344000,0.230735658,4.954792419,-1.941133782,-0.814718098,-0.538271979,4.981336672,-1.941713413,-0.004374097,-0.769007637,0.026544252,-0.000579631
29.740000000,-0.818139289,0.216555379,4.945920519,-1.949318893,-0.826205592,-0.559163784,4.982223110,-1.950099622,-0.008066302,-0.775719163,0.036302591,-0.000780729
29.770000000,-0.825909273,0.202514327,4.945219392,-1.957741393,-0.837737171,-0.580072587,4.983086282,-1.958480324,-0.011827898,-0.782586914,0.037866890,-0.000738931
29.810000000,-0.836221781,0.184000055,4.941797640,-1.969065865,-0.853201326,-0.608007624,4.984201371,-1.969669055,-0.016979545,-0.792007679,0.042403731,-0.000603190
29.840000000,-0.843903521,0.170258857,4.940281836,-1.978056160,-0.864859496,-0.629005141,4.985012521,-1.978070202,-0.020955975,-0.799263998,0.044730685,-0.000014042
29.870000000,-0.851551321,0.156646801,4.939286454,-1.986466160,-0.876551053,-0.650027237,4.985817982,-1.986465479,-0.024999732,-0.806674038,0.046531529,0.000000681
29.910000000,-0.861716127,0.138714445,4.927580134,-1.997373953,-0.892190371,-0.678103077,4.986883235,-1.997650195,-0.030474244,-0.816817522,0.059303101,-0.000276242
29.940000000,-0.869305197,0.125441064,4.928255369,-2.005925782,-0.903958974,-0.699216196,4.987686961,-2.006041279,-0.034653777,-0.824657260,0.059431592,-0.000115497
29.970000000,-0.876866128,0.112310574,4.926848108,-2.014443282,-0.915755186,-0.720377821,4.988490711,-2.014433120,-0.038889059,-0.832688395,0.061642603,0.000010162
30.010000000,-0.970879575,-0.105004591,4.944880705,-2.025706733,-0.931520820,-0.748666915,4.989584921,-2.025620080,0.039358755,-0.643662324,0.044704217,0.000086654
30.040000000,-0.979343485,-0.120219258,4.945194578,-2.034225106,-0.943364294,-0.769930544,4.990422660,-2.034009391,0.035979191,-0.649711286,0.045228082,0.000215715
30.070000000,-0.987760661,-0.135287331,4.944322145,-2.042627606,-0.955223821,-0.791237952,4.991271141,-2.042398743,0.032536841,-0.655950621,0.046948996,0.000228863
30.110000000,-0.998928597,-0.155153724,4.941881796,-2.053365036,-0.971072587,-0.819747390,4.992391108,-2.053582349,0.027856010,-0.664593667,0.050509313,-0.000217313
30.140000000,-1.007260834,-0.169901166,4.952834703,-2.062007174,-0.982982564,-0.841196789,4.993212637,-2.061968377,0.024278270,-0.671295624,0.040377934,0.000038797
30.170000000,-1.015555603,-0.184507118,4.952105954,-2.070244674,-0.994905573,-0.862683974,4.994025605,-2.070355609,0.020650030,-0.678176856,0.041919651,-0.000110935
30.210000000,-1.026539573,-0.203790203,4.959390494,-2.082014273,-1.010833829,-0.891406738,4.995105124,-2.081542314,0.015705744,-0.687616535,0.035714630,0.000471959
30.240000000,-1.034738012,-0.218105915,4.961605859,-2.091348676,-1.022814325,-0.913019256,4.995908069,-2.089932600,0.011923687,-0.694913341,0.034302209,0.001416076
30.270000000,-1.042912006,-0.232272089,4.961022206,-2.099691176,-1.034820077,-0.934683007,4.996693597,-2.098322254,0.008091929,-0.702410918,0.035671391,0.001368922
30.310000000,-1.053737405,-0.250947282,4.974116566,-2.111931852,-1.050861374,-0.963642217,4.997715227,-2.109510826,0.002876031,-0.712694935,0.023598660,0.002421026
30.340000000,-1.061801892,-0.264783215,4.962750015,-2.119550580,-1.062913051,-0.985413885,4.998455855,-2.117904770,-0.001111160,-0.720630670,0.035705840,0.001645811
30.370000000,-1.069817169,-0.278480214,4.962052274,-2.128180580,-1.074984384,-1.007234363,4.999180822,-2.126298883,-0.005167215,-0.728754148,0.037128548,0.001881698
30.410000000,-1.080437431,-0.296546207,4.959736300,-2.138900474,-1.091118982,-1.036428231,5.000097388,-2.137486063,-0.010681550,-0.739882024,0.040361089,0.001414411
30.440000000,-1.088363979,-0.309954924,4.961319764,-2.147259584,-1.103239544,-1.058386888,5.000761156,-2.145877060,-0.014875565,-0.748431964,0.039441392,0.001382524
30.470000000,-1.096244407,-0.323232339,4.960462371,-2.155567084,-1.115368366,-1.080384651,5.001414174,-2.154273580,-0.019123959,-0.757152312,0.040951803,0.001293505
30.510000000,-1.149586101,-0.503169401,4.978187721,-2.166345833,-1.131561767,-1.109799956,5.002279246,-2.165470873,0.018024334,-0.606630555,0.024091526,0.000874960
30.540000000,-1.157864961,-0.518057496,4.984603235,-2.175483160,-1.143730072,-1.131937946,5.002921862,-2.173861808,0.014134890,-0.613880449,0.018318627,0.001621352
30.570000000,-1.166107712,-0.532814727,4.984341447,-2.184000660,-1.155911424,-1.154126767,5.003553983,-2.182251359,0.010196288,-0.621312040,0.019212536,0.001749301
30.610000000,-1.177027944,-0.552260607,4.975832638,-2.194790120,-1.172165448,-1.183785420,5.004361900,-2.193445504,0.004862496,-0.631524813,0.028529262,0.001344616
30.640000000,-1.185168096,-0.566676173,4.980823495,-2.202519619,-1.184372224,-1.206084002,5.004930820,-2.201844348,0.000795872,-0.639407829,0.024107326,0.000675271
30.670000000,-1.193275810,-0.580950155,4.980249728,-2.210907119,-1.196603882,-1.228428829,5.005479324,-2.210240585,-0.003328073,-0.647478674,0.025229596,0.000666534
30.710000000,-1.204006166,-0.599763872,4.989324962,-2.221208148,-1.212969718,-1.258298228,5.006186246,-2.221432062,-0.008963552,-0.658534356,0.016861284,-0.000223914
30.740000000,-1.211992160,-0.613720123,4.982270182,-2.228373230,-1.225282030,-1.280735602,5.006708337,-2.229828793,-0.013289870,-0.667015479,0.024438155,-0.001455564
30.770000000,-1.219929963,-0.627545906,4.981592115,-2.236690730,-1.237621734,-1.303192673,5.007216351,-2.238226539,-0.017691771,-0.675646767,0.025624236,-0.001535809
30.810000000,-1.230451912,-0.645753400,4.997951303,-2.247955104,-1.254140351,-1.333186670,5.007866028,-2.249422199,-0.023688439,-0.687433271,0.009914726,-0.001467095
30.840000000,-1.238308690,-0.659238843,5.009996239,-2.256144662,-1.266584561,-1.355727303,5.008328568,-2.257817700,-0.028275872,-0.696488461,-0.001667672,-0.001673038
30.870000000,-1.246133351,-0.672571793,5.009999661,-2.264789662,-1.279061647,-1.378291969,5.008777229,-2.266211864,-0.032928295,-0.705720176,-0.001222432,-0.001422202
30.910000000,-1.256480981,-0.690116877,5.007211625,-2.277508252,-1.295745237,-1.408407253,5.009327550,-2.277405618,-0.039264256,-0.718290377,0.002115924,0.000102634
30.940000000,-1.264168534,-0.703106277,5.004860739,-2.285609277,-1.308299518,-1.431023511,5.009691437,-2.285801260,-0.044130985,-0.727917235,0.004830697,-0.000191983
30.970000000,-1.271797453,-0.715957617,5.004457192,-2.293956777,-1.320890945,-1.453670038,5.010016402,-2.294194744,-0.049093492,-0.737712422,0.005559210,-0.000237966
31.010000000,-1.282782702,-0.844333037,5.006762803,-2.305454034,-1.337740124,-1.483913025,5.010391109,-2.305383226,-0.054957422,-0.639579988,0.003628306,0.000070808
31.040000000,-1.290270613,-0.858180930,5.009083946,-2.313171785,-1.350407832,-1.506616187,5.010642982,-2.313777071,-0.060137219,-0.648435258,0.001559036,-0.000605286
31.070000000,-1.297708332,-0.871879208,5.008616951,-2.321514285,-1.363097436,-1.529335511,5.010872984,-2.322169887,-0.065389103,-0.657456304,0.002256033,-0.000655602
31.110000000,-1.307537630,-0.889917330,5.014083292,-2.331771178,-1.380073520,-1.559674487,5.011145338,-2.333351685,-0.072535890,-0.669757157,-0.002937954,-0.001580506
31.140000000,-1.314843709,-0.903289643,5.011349116,-2.340512482,-1.392854572,-1.582460862,5.011312927,-2.341732583,-0.078010863,-0.679171219,-0.000036189,-0.001220101
31.170000000,-1.322084520,-0.916528938,5.010768664,-2.348807482,-1.405668202,-1.605255678,5.011458239,-2.350112673,-0.083583682,-0.688726741,0.000689575,-0.001305190
31.210000000,-1.331651616,-0.933958416,5.002387333,-2.360373966,-1.422818268,-1.635644149,5.011600183,-2.361288744,-0.091166651,-0.701685733,0.009212850,-0.000914778
31.240000000,-1.338762460,-0.946840598,4.995067626,-2.369389153,-1.435749753,-1.658433279,5.011677920,-2.369673927,-0.096987293,-0.711592682,0.016610294,-0.000284774
31.270000000,-1.345817954,-0.959592068,4.993807469,-2.378064153,-1.448740503,-1.681221375,5.011734556,-2.378064903,-0.102922548,-0.721629307,0.017927087,-0.000000750
31.310000000,-1.355143874,-0.976396644,4.990802110,-2.388870141,-1.466161324,-1.711586123,5.011792092,-2.389257854,-0.111017450,-0.735189479,0.020989982,-0.000387713
31.340000000,-1.362088191,-0.988834014,4.995412801,-2.397341855,-1.479291731,-1.734332781,5.011834302,-2.397646601,-0.117203539,-0.745498767,0.016421501,-0.000304746
31.370000000,-1.368969191,-1.001117008,4.994145825,-2.405874355,-1.492473335,-1.757063872,5.011883151,-2.406034699,-0.123504144,-0.755946864,0.017737326,-0.000160344
31.410000000,-1.378070505,-1.017277545,4.990018988,-2.416572011,-1.510155494,-1.787357145,5.011964228,-2.417226451,-0.132084990,-0.770079600,0.021945240,-0.000654441
31.440000000,-1.384835546,-1.029227568,4.990755365,-2.423643901,-1.523489633,-1.810061946,5.012028750,-2.425622161,-0.138654088,-0.780834378,0.021273385,-0.001978259
31.470000000,-1.391539956,-1.041038149,4.989356612,-2.431693901,-1.536865125,-1.832747663,5.012098978,-2.434014260,-0.145325170,-0.791709513,0.022742365,-0.002320358
31.510000000,-1.461403096,-1.250910126,4.997069336,-2.441610237,-1.554773334,-1.862962570,5.012205621,-2.445200343,-0.093370237,-0.612052444,0.015136285,-0.003590105
31.540000000,-1.468673740,-1.264735521,4.995436945,-2.451162073,-1.568271471,-1.885612264,5.012302067,-2.453592846,-0.099597731,-0.620876743,0.016865122,-0.002430772
31.570000000,-1.475881131,-1.278428054,4.994214332,-2.459204573,-1.581817921,-1.908255395,5.012401069,-2.461990324,-0.105936789,-0.629827341,0.018186737,-0.002785751
31.610000000,-1.485380812,-1.296473649,4.978459473,-2.469499160,-1.599949483,-1.938417098,5.012537720,-2.473183649,-0.114568671,-0.641943449,0.034078247,-0.003684488
31.640000000,-1.492432208,-1.309834514,4.984196514,-2.478794391,-1.613598618,-1.961001140,5.012638772,-2.481573063,-0.121166410,-0.651166626,0.028442257,-0.002778672
31.670000000,-1.499409712,-1.323056584,4.982637715,-2.487204391,-1.627299374,-1.983552959,5.012750019,-2.489963283,-0.127889663,-0.660496375,0.030112303,-0.002758891
31.710000000,-1.508597252,-1.340466259,4.981279059,-2.498210172,-1.645687954,-2.013543909,5.012934593,-2.501168281,-0.137090701,-0.673077650,0.031655533,-0.002958109
31.740000000,-1.515406338,-1.353357207,4.968062706,-2.507008987,-1.659571394,-2.035945117,5.013104600,-2.509575844,-0.144165056,-0.682587910,0.045041893,-0.002566857
31.770000000,-1.522153701,-1.366109068,4.966109112,-2.515398987,-1.673519817,-2.058258112,5.013295368,-2.517966862,-0.151366117,-0.692149044,0.047186256,-0.002567875
31.810000000,-1.531018921,-1.382909641,4.970842183,-2.526862555,-1.692256027,-2.087830345,5.013594869,-2.529141984,-0.161237106,-0.704920704,0.042752686,-0.002279429
31.840000000,-1.537564460,-1.395364326,4.981094935,-2.534951206,-1.706430682,-2.109867327,5.013866658,-2.537554933,-0.168866222,-0.714503001,0.032771723,-0.002603727
31.870000000,-1.544023712,-1.407690427,4.979725870,-2.543528706,-1.720692293,-2.131788118,5.014175300,-2.545983778,-0.176668581,-0.724097691,0.034449430,-0.002455072
31.910000000,-1.552504852,-1.423914132,4.985447901,-2.555391206,-1.739847593,-2.160772477,5.014657043,-2.557186561,-0.187342742,-0.736858345,0.029209142,-0.001795356
31.940000000,-1.558767898,-1.435926284,4.986182385,-2.563785230,-1.754318564,-2.182316075,5.015055089,-2.565562080,-0.195550666,-0.746389791,0.028872704,-0.001776850
31.970000000,-1.564953867,-1.447798665,4.985081240,-2.572047730,-1.768875092,-2.203717675,5.015477270,-2.573957099,-0.203921225,-0.755919010,0.030396030,-0.001909369
32.010000000,-1.702456722,-1.604428040,4.998998647,-2.583507747,-1.788440064,-2.231981836,5.016061756,-2.585203605,-0.085983342,-0.627553796,0.017063109,-0.001695858
32.040000000,-1.710023051,-1.617686764,5.003239695,-2.592461059,-1.803210810,-2.252955075,5.016520391,-2.593617899,-0.093187759,-0.635268311,0.013280696,-0.001156840
32.070000000,-1.717498491,-1.630815475,5.002669338,-2.600781059,-1.818043648,-2.273754912,5.016987638,-2.601993264,-0.100545158,-0.642939438,0.014318300,-0.001212205
32.110000000,-1.727344524,-1.648119966,4.988799319,-2.612973161,-1.837944874,-2.301165370,5.017618713,-2.613177069,-0.110600350,-0.653045404,0.028819394,-0.000203909
32.140000000,-1.734645779,-1.660948554,4.996244638,-2.621252026,-1.852965540,-2.321464465,5.018080497,-2.621619256,-0.118319762,-0.660515911,0.021835858,-0.000367230
32.170000000,-1.741865000,-1.673638880,4.995361817,-2.629869526,-1.868042551,-2.341551166,5.018541097,-2.630057787,-0.126177551,-0.667912285,0.023179280,-0.000188261
32.210000000,-1.751353181,-1.690348493,5.005333239,-2.641360192,-1.888231076,-2.367899206,5.019171100,-2.641225674,-0.136877896,-0.677550713,0.013837861,0.000134518
32.240000000,-1.758363069,-1.702741071,5.005976442,-2.650099495,-1.903446484,-2.387311732,5.019660613,-2.649602919,-0.145083416,-0.684570662,0.013684171,0.000496575
32.270000000,-1.765292300,-1.715003773,5.005376466,-2.658706995,-1.918722728,-2.406459702,5.020154726,-2.658044408,-0.153430428,-0.691455930,0.014778261,0.000662586
32.310000000,-1.774412126,-1.731160838,5.004707817,-2.670055950,-1.939180954,-2.431473031,5.020806153,-2.669352804,-0.164768828,-0.700312194,0.016098336,0.000703147
32.340000000,-1.781171849,-1.743131314,4.997347316,-2.678654139,-1.954563274,-2.449816588,5.021289344,-2.677754694,-0.173391426,-0.706685274,0.023942028,0.000899445
32.370000000,-1.787846004,-1.754975661,4.996390744,-2.687104139,-1.969968814,-2.467848866,5.021767386,-2.686114306,-0.182122810,-0.712873205,0.025376642,0.000989833
32.410000000,-1.796606317,-1.770585754,5.003510765,-2.698245196,-1.990560557,-2.491317610,5.022407953,-2.697347273,-0.193954240,-0.720731856,0.018897188,0.000897923
32.440000000,-1.803079781,-1.782171063,5.001565068,-2.706251892,-2.006028194,-2.508476881,5.022891066,-2.705837499,-0.202948413,-0.726305818,0.021325998,0.000414393
32.470000000,-1.809476122,-1.793666875,5.000735476,-2.714671892,-2.021490366,-2.525301419,5.023385161,-2.714284258,-0.212014244,-0.731634544,0.022649684,0.000387634
32.510000000,-1.878507969,-2.009654474,5.015838894,-2.726896629,-2.042072979,-2.547108646,5.024046767,-2.725430423,-0.163565011,-0.537454172,0.008207873,0.001466206
32.540000000,-1.885427859,-2.023313485,5.016676965,-2.736079734,-2.057487204,-2.562995237,5.024553345,-2.733827954,-0.172059344,-0.539681751,0.007876380,0.002251780
32.570000000,-1.892263285,-2.036873433,5.016290646,-2.744297234,-2.072881006,-2.578539186,5.025072326,-2.742312907,-0.180617720,-0.541665753,0.008781679,0.001984327
32.610000000,-1.901270224,-2.054803598,5.007918348,-2.756206751,-2.093322788,-2.598593395,5.025789954,-2.753787933,-0.192052564,-0.543789798,0.017871606,0.002418818
32.640000000,-1.907942968,-2.068162973,5.011419912,-2.764360579,-2.108546954,-2.613028755,5.026330571,-2.762322982,-0.200603986,-0.544865783,0.014910660,0.002037597
32.670000000,-1.914512922,-2.081461534,5.010831640,-2.772598079,-2.123691538,-2.626929981,5.026872286,-2.770745629,-0.209178616,-0.545468447,0.016040646,0.001852450
32.710000000,-1.923122096,-2.099085616,5.009098734,-2.783265762,-2.143789257,-2.644301853,5.027622622,-2.782153836,-0.220667161,-0.545216237,0.018523888,0.001111925
32.740000000,-1.929474556,-2.112226307,5.021543098,-2.792895512,-2.158812107,-2.656311855,5.028179486,-2.791082193,-0.229337551,-0.544085548,0.006636387,0.001813319
32.770000000,-1.935753712,-2.125297366,5.021317170,-2.801333012,-2.173777525,-2.667497936,5.028723679,-2.800018432,-0.238023812,-0.542200570,0.007406509,0.001314579
32.810000000,-1.944005589,-2.142588158,5.028612222,-2.813285712,-2.193575404,-2.680801764,5.029391989,-2.811404777,-0.249569816,-0.538213607,0.000779767,0.001880934
32.840000000,-1.950104553,-2.155450787,5.024355534,-2.822270410,-2.208292116,-2.689532716,5.029829441,-2.819870584,-0.258187563,-0.534081929,0.005473907,0.002399826
32.870000000,-1.956125897,-2.168246465,5.024123532,-2.830812910,-2.222903893,-2.697350209,5.030207796,-2.828628645,-0.266777996,-0.529103744,0.006084263,0.002184266
32.910000000,-1.964052872,-2.185191885,5.033579063,-2.841192964,-2.242123002,-2.706090223,5.030592983,-2.840516731,-0.278070131,-0.520898338,-0.002986080,0.000676233
32.940000000,-1.969897136,-2.197820913,5.021893543,-2.850422554,-2.256261788,-2.711380905,5.030796989,-2.849024908,-0.286364652,-0.513559992,0.008903446,0.001397646
32.970000000,-1.975656122,-2.210370730,5.021417760,-2.858657554,-2.270171671,-2.715764404,5.030934105,-2.857316733,-0.294515549,-0.505393675,0.009516344,0.001340821
33.010000000,-2.079950404,-2.339452312,5.005831280,-2.869411196,-2.288276662,-2.719984135,5.031002589,-2.868696309,-0.208326258,-0.380531822,0.025171309,0.000714888
33.040000000,-2.086732441,-2.353234751,4.992366795,-2.878144224,-2.301475205,-2.721960204,5.030968182,-2.877486157,-0.214742764,-0.368725453,0.038601387,0.000658067
33.070000000,-2.093447124,-2.366961637,4.990861360,-2.886676724,-2.314344078,-2.723085769,5.030890774,-2.886095620,-0.220896954,-0.356124132,0.040029414,0.000581104
33.110000000,-2.102266942,-2.385167884,4.990129760,-2.897181920,-2.330829352,-2.723067454,5.030719687,-2.897091762,-0.228562410,-0.337899570,0.040589927,0.000090158
33.140000000,-2.108798551,-2.398769724,4.992750426,-2.905602069,-2.342667218,-2.721956558,5.030575423,-2.905467212,-0.233868668,-0.323186833,0.037824997,0.000134857
33.170000000,-2.115270746,-2.412336599,4.991332017,-2.913632069,-2.354104050,-2.720075074,5.030414712,-2.914095738,-0.238833304,-0.307738475,0.039082695,-0.000463669
33.210000000,-2.123823654,-2.430377247,4.986456037,-2.924550750,-2.368534748,-2.716192524,5.030150468,-2.925566140,-0.244711094,-0.285815276,0.043694430,-0.001015390
33.240000000,-2.130166866,-2.443875616,5.005024488,-2.933162182,-2.378679198,-2.712285888,5.029896768,-2.933833133,-0.248512332,-0.268410272,0.024872280,-0.000670951
33.270000000,-2.136439502,-2.457327240,5.004053578,-2.941437182,-2.388316305,-2.707684327,5.029606918,-2.942056812,-0.251876803,-0.250357087,0.025553340,-0.000619630
33.310000000,-2.144714850,-2.475220226,5.013565953,-2.952882809,-2.400222011,-2.700330442,5.029164675,-2.953380935,-0.255507161,-0.225110216,0.015598722,-0.000498126
33.340000000,-2.150869538,-2.488616717,5.015686773,-2.961623602,-2.408394309,-2.693943027,5.028772439,-2.961959596,-0.257524772,-0.205326309,0.013085665,-0.000335994
33.370000000,-2.156980134,-2.502009730,5.014968424,-2.970028602,-2.415973405,-2.686945163,5.028329087,-2.970346619,-0.258993271,-0.184935433,0.013360663,-0.000318017
33.410000000,-2.165038023,-2.519837331,5.029824170,-2.981910246,-2.424961928,-2.676547005,5.027632493,-2.981293900,-0.259923906,-0.156709673,-0.002191677,0.000616346
33.440000000,-2.171020907,-2.533198661,5.032353378,-2.990010874,-2.430867672,-2.667993276,5.027042659,-2.989692144,-0.259846766,-0.134794615,-0.005310720,0.000318729
33.470000000,-2.176942380,-2.546548230,5.031987563,-2.998320874,-2.436151807,-2.658916494,5.026393860,-2.998238335,-0.259209427,-0.112368264,-0.005593703,0.000082539
33.510000000,-2.286722926,-2.505278986,5.033005321,-3.009486090,-2.441989623,-2.645892851,5.025426458,-3.009489117,-0.155266696,-0.140613865,-0.007578862,-0.000003028
33.540000000,-2.293773446,-2.517907519,5.033529414,-3.018814237,-2.445431571,-2.635470399,5.024606358,-3.017733284,-0.151658125,-0.117562880,-0.008923056,0.001080953
33.570000000,-2.300778702,-2.530529335,5.032994147,-3.027199237,-2.448198859,-2.624596251,5.023731478,-3.026036424,-0.147420157,-0.094066915,-0.009262669,0.001162813
33.610000000,-2.310066131,-2.547340715,5.047356820,-3.037786880,-2.450650691,-2.609315528,5.022475715,-3.037397441,-0.140584560,-0.061974812,-0.024881105,0.000389438
33.640000000,-2.317007077,-2.559936692,5.029043847,-3.046256373,-2.451513236,-2.597312388,5.021479462,-3.045888114,-0.134506159,-0.037375696,-0.007564384,0.000368258
33.670000000,-2.323921905,-2.572527856,5.028238854,-3.054531373,-2.451636640,-2.584949461,5.020435311,-3.054221275,-0.127714736,-0.012421605,-0.007803543,0.000310097
33.710000000,-2.333088797,-2.589306165,5.028661318,-3.065825488,-2.450457025,-2.567876862,5.018944284,-3.065259156,-0.117368228,0.021429304,-0.009717034,0.000566332
33.740000000,-2.339915196,-2.601893574,5.024063836,-3.075084558,-2.448586797,-2.554679530,5.017773496,-3.073697569,-0.108671600,0.047214043,-0.006290339,0.001386989
33.770000000,-2.346728868,-2.614502639,5.022960691,-3.083799558,-2.445988559,-2.541216081,5.016570307,-3.082196318,-0.099259691,0.073286557,-0.006390384,0.001603240
33.810000000,-2.355801428,-2.631336777,5.023133216,-3.095090968,-2.441140475,-2.522797912,5.014911200,-3.093378644,-0.085339047,0.108538865,-0.008222016,0.001712324
33.840000000,-2.362593571,-2.643978264,5.015302592,-3.103401354,-2.436469297,-2.508650143,5.013613926,-3.101673437,-0.073875726,0.135328121,-0.001688666,0.001727917
33.870000000,-2.369371064,-2.656655676,5.013907899,-3.111696354,-2.431069925,-2.494269087,5.012290640,-3.110042221,-0.061698861,0.162386589,-0.001617259,0.001654133
33.910000000,-2.378415400,-2.673617556,5.005726111,-3.122909264,-2.422548936,-2.474685163,5.010456608,-3.121377452,-0.044133536,0.198932393,0.004730497,0.001531812
33.940000000,-2.385206212,-2.686378059,5.014526514,-3.131238266,-2.415134360,-2.459705435,5.009043991,-3.129811588,-0.029928148,0.226672623,-0.005482523,0.001426678
33.970000000,-2.391992281,-2.699160295,5.013130426,-3.139453266,-2.406968983,-2.444525312,5.007594539,-3.138138947,-0.014976702,0.254634983,-0.005535887,0.001314319
34.010000000,-2.408137334,-2.474869701,5.010683358,3.132690278,-2.394751393,-2.423940597,5.005616500,3.133920832,0.013385942,0.050929104,-0.005066858,0.001230554
34.040000000,-2.414983622,-2.484829811,5.007281517,3.123728839,-2.384623233,-2.408263903,5.004088067,3.125442921,0.030360389,0.076565909,-0.003193450,0.001714082
34.070000000,-2.421841573,-2.494814726,5.005694900,3.115121339,-2.373782415,-2.392426764,5.002526832,3.116964874,0.048059159,0.102387962,-0.003168068,0.001843535
34.110000000,-2.431009553,-2.508194112,5.004089713,3.104234274,-2.357996301,-2.371047395,5.000373029,3.105808240,0.073013253,0.137146717,-0.003716684,0.001573966
34.140000000,-2.437896347,-2.518273233,5.000195776,3.096503926,-2.345178940,-2.354858440,4.998706053,3.097465363,0.092717407,0.163414793,-0.001489722,0.000961437
34.170000000,-2.444796803,-2.528378280,4.998411055,3.088273926,-2.331674478,-2.338594776,4.997016075,3.089058797,0.113122325,0.189783504,-0.001394981,0.000784871
34.210000000,-2.454029103,-2.541912313,5.011931124,3.076947669,-2.312414058,-2.316847121,4.994724563,3.077801661,0.141615046,0.225065193,-0.017206561,0.000853991
34.240000000,-2.460992734,-2.552105497,5.013740614,3.068410129,-2.297019802,-2.300534451,4.992976586,3.069397471,0.163972933,0.251571047,-0.020764029,0.000987343
34.270000000,-2.467971825,-2.562339220,5.012412994,3.059917629,-2.280951713,-2.284232494,4.991199210,3.061009100,0.187020112,0.278106726,-0.021213784,0.001091471
34.310000000,-2.477307226,-2.576038742,5.007552510,3.048223847,-2.258350990,-2.262514561,4.988767783,3.049787555,0.218956236,0.313524180,-0.018784727,0.001563709
34.340000000,-2.484350701,-2.586363610,5.000071662,3.039956440,-2.240540335,-2.246232499,4.986885722,3.041341805,0.243810366,0.340131111,-0.013185940,0.001385365
34.370000000,-2.491429114,-2.596726192,4.998324433,3.031366440,-2.222096444,-2.229951919,4.984972133,3.032922070,0.269332670,0.366774273,-0.013352300,0.001555630
34.410000000,-2.500927148,-2.610598911,4.991923318,3.019355723,-2.196355930,-2.208243781,4.982371821,3.021783470,0.304571218,0.402355130,-0.009551498,0.002427746
34.440000000,-2.508093574,-2.621064342,4.994510770,3.011026883,-2.176234718,-2.191959321,4.980413501,3.013416694,0.331858856,0.429105021,-0.014097269,0.002389811
34.470000000,-2.515302999,-2.631571574,4.992655759,3.002644383,-2.155545133,-2.175673459,4.978451089,3.005003132,0.359757867,0.455898115,-0.014204670,0.002358749
34.510000000,-2.342374348,-2.428685800,4.987577097,2.991519827,-2.126914864,-2.153967386,4.975836665,2.993788529,0.215459484,0.274718414,-0.011740432,0.002268703
34.540000000,-2.347503069,-2.436674101,4.979999656,2.984065133,-2.104663753,-2.137704591,4.973865671,2.985443486,0.242839316,0.298969509,-0.006133985,0.001378353
34.570000000,-2.352669296,-2.444697990,4.977855873,2.975445133,-2.081874269,-2.121457501,4.971890472,2.977107125,0.270795026,0.323240488,-0.005965400,0.001661992
34.610000000,-2.359617416,-2.455446777,4.978149386,2.964977800,-2.050560762,-2.099830375,4.969264357,2.965913421,0.309056654,0.355616402,-0.008885029,0.000935621
34.640000000,-2.364876862,-2.463553820,4.968424828,2.956948840,-2.026391800,-2.083653344,4.967313717,2.957499272,0.338485062,0.379900476,-0.001111111,0.000550432
34.670000000,-2.370194550,-2.471710324,4.966093732,2.948536340,-2.001722417,-2.067523055,4.965381753,2.949123393,0.368472132,0.404187269,-0.000711979,0.000587054
34.710000000,-2.377348528,-2.482655359,4.966138090,2.937697197,-1.967954853,-2.046122582,4.962817434,2.938002858,0.409393674,0.436532777,-0.003320656,0.000305661
34.740000000,-2.382786228,-2.490912415,4.963813260,2.929107524,-1.942032012,-2.030160990,4.960925873,2.929626903,0.440754216,0.460751425,-0.002887386,0.000519380
34.770000000,-2.388291747,-2.499223486,4.961471578,2.920707524,-1.915695192,-2.014269593,4.959057927,2.921225869,0.472596555,0.484953893,-0.002413652,0.000518345
34.810000000,-2.395725804,-2.510368283,4.954524859,2.909962601,-1.879814216,-1.993224487,4.956620485,2.910055934,0.515911588,0.517143796,0.002095627,0.000093332
34.840000000,-2.401372699,-2.518767539,4.953161285,2.901503905,-1.852348291,-1.977553785,4.954818086,2.901719608,0.549024408,0.541213754,0.001656801,0.000215703
34.870000000,-2.407073430,-2.527193324,4.950705216,2.892963905,-1.824514859,-1.961962619,4.953048165,2.893377271,0.582558571,0.565230704,0.002342949,0.000413366
34.910000000,-2.414787545,-2.538480426,4.944180377,2.880958585,-1.786783473,-1.941318336,4.950752221,2.882205042,0.628004071,0.597162090,0.006571844,0.001246457
34.940000000,-2.420665888,-2.546982838,4.932567262,2.872931736,-1.758023970,-1.925952169,4.949092777,2.873831889,0.662641918,0.621030669,0.016525515,0.000900153
34.970000000,-2.426614730,-2.555529738,4.929718414,2.864616736,-1.728932378,-1.910677210,4.947472991,2.865489311,0.697682353,0.644852528,0.017754577,0.000872575
35.010000000,-2.210274875,-2.283968084,4.934909510,2.853736472,-1.689591891,-1.890475156,4.945391395,2.854380708,0.520682984,0.393492928,0.010481885,0.000644236
35.040000000,-2.213667046,-2.289225155,4.937081368,2.844980994,-1.659728040,-1.875442143,4.943907831,2.846018194,0.553939006,0.413783012,0.006826462,0.001037200
35.070000000,-2.217130035,-2.294521829,4.934730319,2.836600994,-1.629613893,-1.860498977,4.942483637,2.837646563,0.587516142,0.434022852,0.007753319,0.001045569
35.110000000,-2.221873391,-2.301632237,4.944297113,2.825841783,-1.588998449,-1.840755023,4.940679386,2.826513728,0.632874942,0.460877214,-0.003617726,0.000671946
35.140000000,-2.225510298,-2.307019716,4.924891347,2.818134172,-1.558220396,-1.826089568,4.939377732,2.818176991,0.667289903,0.480930148,0.014486385,0.000042819
35.170000000,-2.229229110,-2.312442556,4.922401255,2.809984172,-1.527250221,-1.811529126,4.938120139,2.809829748,0.701978889,0.500913430,0.015718884,-0.000154424
35.210000000,-2.234315757,-2.319734094,4.907862000,2.798954622,-1.485646034,-1.792318620,4.936507330,2.798680689,0.748669724,0.527415475,0.028645330,-0.000273933
35.240000000,-2.238218712,-2.325232767,4.912555617,2.791019917,-1.454214384,-1.778075573,4.935372640,2.790324611,0.784004328,0.547157194,0.022817023,-0.000695306
35.270000000,-2.242199777,-2.330763952,4.910016707,2.782682417,-1.422628363,-1.763951355,4.934295383,2.781975105,0.819571415,0.566812597,0.024278676,-0.000707311
35.310000000,-2.247625247,-2.338207565,4.898619859,2.771055178,-1.380289235,-1.745314081,4.932992157,2.770843514,0.867336012,0.592893484,0.034372297,-0.000211663
35.340000000,-2.251803666,-2.343857762,4.897268387,2.762074411,-1.348404228,-1.731464641,4.932107726,2.762487821,0.903399438,0.612393121,0.034839338,0.000413410
35.370000000,-2.256075864,-2.349559245,4.894638112,2.753589411,-1.316425511,-1.717706095,4.931295334,2.754133871,0.939650353,0.631853150,0.036657222,0.000544460
35.410000000,-2.261896640,-2.357221246,4.890979200,2.742940221,-1.273620516,-1.699524476,4.930336824,2.743016872,0.988276124,0.657696770,0.039357625,0.000076651
35.440000000,-2.266345831,-2.363018516,4.879118332,2.735049418,-1.241431453,-1.685994852,4.929713068,2.734683321,1.024914378,0.677023664,0.050594736,-0.000366097
35.470000000,-2.270863813,-2.368870834,4.876319648,2.726784418,-1.209210853,-1.672531160,4.929158369,2.726338870,1.061652959,0.696339674,0.052838722,-0.000445549
35.510000000,-1.933341611,-2.022396825,4.885215108,2.715698208,-1.166206985,-1.654697616,4.928535316,2.715202140,0.767134626,0.367699210,0.043320208,-0.000496068
35.540000000,-1.933940537,-2.024107405,4.876265723,2.707441928,-1.133920697,-1.641415012,4.928165514,2.706860245,0.800019840,0.382692393,0.051899791,-0.000581683
35.570000000,-1.934629804,-2.025877033,4.873692596,2.699041928,-1.101627642,-1.628194172,4.927862329,2.698522419,0.833002162,0.397682861,0.054169733,-0.000519508
35.610000000,-1.935664323,-2.028306597,4.887236735,2.687114593,-1.058615538,-1.610658083,4.927582276,2.687390158,0.877048785,0.417648513,0.040345541,0.000275565
35.640000000,-1.936546239,-2.030177760,4.884026910,2.679953528,-1.026413288,-1.597570605,4.927463071,2.679030007,0.910132951,0.432607155,0.043436161,-0.000923521
35.670000000,-1.937522181,-2.032079886,4.882044669,2.671548528,-0.994248731,-1.584537508,4.927415890,2.670670772,0.943273450,0.447542377,0.045371221,-0.000877756
35.710000000,-1.938948840,-2.034687587,4.873773197,2.659660431,-0.951448042,-1.567262096,4.927432769,2.659529817,0.987500798,0.467425491,0.053659572,-0.000130615
35.740000000,-1.940105162,-2.036687630,4.863719200,2.650711587,-0.919456674,-1.554365405,4.927507538,2.651170036,1.020648489,0.482322225,0.063788338,0.000458449
35.770000000,-1.941351173,-2.038730527,4.861344529,2.642381587,-0.887567036,-1.541502393,4.927627475,2.642806934,1.053784137,0.497228135,0.066282946,0.000425347
35.810000000,-1.943139291,-2.041523262,4.876414824,2.631467560,-0.845229608,-1.524416257,4.927905798,2.631655928,1.097909683,0.517107005,0.051490974,0.000188368
35.840000000,-1.944570676,-2.043674247,4.880852510,2.622952377,-0.813611011,-1.511650063,4.928210233,2.623295712,1.130959666,0.532024184,0.047357722,0.000343335
35.870000000,-1.946057572,-2.045866720,4.879339725,2.614814877,-0.782110440,-1.498906672,4.928581207,2.614936580,1.163947132,0.546960048,0.049241482,0.000121703
35.910000000,-1.948147647,-2.048879664,4.890792272,2.603641866,-0.740370843,-1.481929326,4.929154461,2.603785968,1.207776804,0.566950338,0.038362188,0.000144102
35.940000000,-1.949800368,-2.051206334,4.880836398,2.595067269,-0.709267355,-1.469201596,4.929623555,2.595419701,1.240533014,0.582004738,0.048787157,0.000352432
35.970000000,-1.951533978,-2.053582488,4.879446097,2.586572269,-0.678302180,-1.456481312,4.930121901,2.587054644,1.273231798,0.597101176,0.050675804,0.000482375
36.010000000,-1.596032213,-1.734185048,4.886364633,2.574845256,-0.637287270,-1.439521271,4.930829152,2.575904027,0.958744943,0.294663777,0.044464519,0.001058771
36.040000000,-1.593642875,-1.732818155,4.884694887,2.566383450,-0.606767103,-1.426776403,4.931410915,2.567537449,0.986875772,0.306041752,0.046716028,0.001153999
36.070000000,-1.591349996,-1.731504675,4.883509551,2.557913450,-0.576431957,-1.414005655,4.932029743,2.559167011,1.014918039,0.317499020,0.048520192,0.001253561
36.110000000,-1.588430247,-1.729829516,4.886427517,2.546722936,-0.536307070,-1.396938687,4.932948928,2.548006025,1.052123176,0.332890830,0.046521410,0.001283089
36.140000000,-1.586311636,-1.728648689,4.893640508,2.539048547,-0.506455255,-1.384106262,4.933698362,2.539637888,1.079856382,0.344542427,0.040057855,0.000589341
36.170000000,-1.584255626,-1.727514955,4.892877549,2.530768547,-0.476799280,-1.371235545,4.934495340,2.531269768,1.107456347,0.356279410,0.041617791,0.000501220
36.210000000,-1.581626294,-1.726097164,4.889783358,2.519193942,-0.437644275,-1.353981913,4.935620913,2.520106251,1.143982020,0.372115252,0.045837555,0.000912309
36.240000000,-1.579748197,-1.725088258,4.886752845,2.511112440,-0.408560098,-1.340972155,4.936505894,2.511732284,1.171188099,0.384116104,0.049753049,0.000619844
36.270000000,-1.577939929,-1.724136189,4.885812084,2.502489940,-0.379673467,-1.327912477,4.937413864,2.503361625,1.198266462,0.396223712,0.051601780,0.000871685
36.310000000,-1.575629976,-1.722958415,4.893621389,2.491917300,-0.341540811,-1.310382904,4.938676691,2.492203784,1.234089165,0.412575511,0.045055302,0.000286484
36.340000000,-1.573992423,-1.722130015,4.885499234,2.482974230,-0.313252481,-1.297121411,4.939669496,2.483827681,1.260739942,0.425008604,0.054170262,0.000853451
36.370000000,-1.572423701,-1.721338491,4.884584895,2.474611730,-0.285188788,-1.283772557,4.940689989,2.475446407,1.287234914,0.437565934,0.056105094,0.000834677
36.410000000,-1.570446675,-1.720360650,4.896341687,2.463026625,-0.248160537,-1.265821754,4.942090901,2.464278250,1.322286137,0.454538896,0.045749214,0.001251625
36.440000000,-1.569041840,-1.719709284,4.899559027,2.453854551,-0.220685992,-1.252234063,4.943162794,2.455908556,1.348355847,0.467475221,0.043603767,0.002054004
36.470000000,-1.567701626,-1.719118685,4.899124611,2.445434551,-0.193443213,-1.238538625,4.944255825,2.447533346,1.374258413,0.480580060,0.045131213,0.002098795
36.510000000,-1.150088751,-1.404105892,4.910813199,2.433445045,-0.157551614,-1.220066894,4.945718596,2.436350543,0.992537137,0.184038999,0.034905397,0.002905498
36.540000000,-1.143931248,-1.399885770,4.918373895,2.425778708,-0.130940240,-1.206062193,4.946820096,2.427966441,1.012991008,0.193823577,0.028446202,0.002187733
36.570000000,-1.137843237,-1.395730479,4.918414503,2.417398708,-0.104546960,-1.191948237,4.947916882,2.419591114,1.033296277,0.203782241,0.029502379,0.002192406
36.610000000,-1.129798428,-1.390295941,4.921010774,2.405922413,-0.069778300,-1.172901948,4.949393603,2.408423477,1.060020127,0.217393992,0.028382829,0.002501064
36.640000000,-1.123810443,-1.386303100,4.924326431,2.397116318,-0.044033139,-1.158426289,4.950502849,2.400033853,1.079777303,0.227876811,0.026176418,0.002917535
36.670000000,-1.117885289,-1.382364218,4.924429736,2.388473818,-0.018521488,-1.143813485,4.951611881,2.391640996,1.099363801,0.238550733,0.027182145,0.003167178
36.710000000,-1.110075655,-1.377212590,4.937619919,2.377514482,0.015086087,-1.124087646,4.953089501,2.380465191,1.125161742,0.253124944,0.015469582,0.002950709
36.740000000,-1.104273384,-1.373433988,4.948417566,2.369616005,0.039980048,-1.109098551,4.954189783,2.372087813,1.144253432,0.264335438,0.005772217,0.002471808
36.770000000,-1.098517467,-1.369732956,4.949141759,2.361148505,0.064636796,-1.093952936,4.955282156,2.363700121,1.163154263,0.275780020,0.006140397,0.002551616
36.810000000,-1.090952179,-1.364927587,4.955868986,2.350135779,0.097084585,-1.073469582,4.956700246,2.352500810,1.188036763,0.291458004,0.000831260,0.002365031
36.840000000,-1.085334117,-1.361412658,4.956504992,2.341751767,0.121119711,-1.057902413,4.957727908,2.344110753,1.206453828,0.303510245,0.001222916,0.002358986
36.870000000,-1.079758816,-1.357962056,4.957175592,2.333426767,0.144939755,-1.042185130,4.958719106,2.335730136,1.224698572,0.315776925,0.001543515,0.002303369
36.910000000,-1.072404633,-1.353476566,4.959257929,2.322090176,0.176288883,-1.020927109,4.959997984,2.324546327,1.248693516,0.332549456,0.000740055,0.002456151
36.940000000,-1.066951617,-1.350188704,4.954474386,2.313956069,0.199491267,-1.004747699,4.960920137,2.316142554,1.266442884,0.345441005,0.006445751,0.002186485
36.970000000,-1.061543284,-1.346976330,4.954825035,2.305293569,0.222481263,-0.988404736,4.961823869,2.307741275,1.284024547,0.358571594,0.006998834,0.002447706
37.010000000,-0.589144466,-1.125305185,4.961728996,2.293507919,0.252762247,-0.966322658,4.962991354,2.296562156,0.841906713,0.158982527,0.001262357,0.003054237
37.040000000,-0.578234917,-1.119663764,4.954423138,2.284736140,0.275186784,-0.949525922,4.963850011,2.288176641,0.853421702,0.170137842,0.009426874,0.003440501
37.070000000,-0.567375977,-1.114092145,4.954535419,2.276406140,0.297398939,-0.932547530,4.964695578,2.279779249,0.864774916,0.181544615,0.010160159,0.003373109
37.110000000,-0.552978372,-1.106784030,4.948303884,2.264978022,0.326642126,-0.909586462,4.965799080,2.268580956,0.879620498,0.197197568,0.017495197,0.003602934
37.140000000,-0.542242926,-1.101397519,4.948823634,2.256497182,0.348305462,-0.892133799,4.966610458,2.260199988,0.890548388,0.209263720,0.017786825,0.003702806
37.170000000,-0.531538431,-1.096087210,4.948559385,2.248267182,0.369765101,-0.874505264,4.967416053,2.251822184,0.901303532,0.221581946,0.018856668,0.003555002
37.210000000,-0.517314075,-1.089128253,4.959018215,2.236566173,0.397983517,-0.850659097,4.968486467,2.240631666,0.915297592,0.238469156,0.009468252,0.004065493
37.240000000,-0.506701791,-1.083994907,4.960493464,2.228558648,0.418856163,-0.832526813,4.969285740,2.232232998,0.925557954,0.251468094,0.008792276,0.003674351
37.270000000,-0.496115177,-1.078939035,4.960435629,2.220176148,0.439528118,-0.814227391,4.970082876,2.223842293,0.935643295,0.264711644,0.009647247,0.003666145
37.310000000,-0.482052464,-1.072341531,4.962181962,2.208923938,0.466724344,-0.789517449,4.971112050,2.212664625,0.948776807,0.282824082,0.008930088,0.003740687
37.340000000,-0.471554197,-1.067502884,4.975921108,2.199475229,0.486836439,-0.770730229,4.971857296,2.204270940,0.958390636,0.296772655,-0.004063812,0.004795711
37.370000000,-0.461093817,-1.062748520,4.976151397,2.191120229,0.506743979,-0.751754900,4.972575796,2.195868161,0.967837795,0.310993620,-0.003575601,0.004747932
37.410000000,-0.447195902,-1.056545190,4.976505981,2.180101679,0.532937908,-0.726131470,4.973506895,2.184670768,0.980133809,0.330413720,-0.002999086,0.004569090
37.440000000,-0.436811576,-1.052004510,4.986375415,2.171397656,0.552333576,-0.706677733,4.974166898,2.176285754,0.989145151,0.345326776,-0.012208517,0.004888098
37.470000000,-0.426459169,-1.047575857,4.986714552,2.162855156,0.571543264,-0.687039161,4.974800824,2.167897563,0.998002433,0.360536695,-0.011913727,0.005042406
37.510000000,-0.187004898,-0.827123605,4.994400552,2.151808021,0.596813847,-0.660500802,4.975596174,2.156690951,0.783818745,0.166622802,-0.018804378,0.004882930
37.540000000,-0.174033604,-0.820363282,4.999155709,2.143209756,0.615527989,-0.640347700,4.976155509,2.148285919,0.789561592,0.180015582,-0.023000200,0.005076163
37.570000000,-0.161085380,-0.813711354,4.999638176,2.134699756,0.634080509,-0.620024836,4.976681419,2.139893253,0.795165889,0.193686518,-0.022956758,0.005193497
37.610000000,-0.143859066,-0.805005694,4.999211351,2.123372465,0.658518770,-0.592602138,4.977323200,2.128710418,0.802377837,0.212403557,-0.021888150,0.005337953
37.640000000,-0.130994155,-0.798602522,5.000058575,2.114660186,0.676616113,-0.571772950,4.977756696,2.120306471,0.807610268,0.226829572,-0.022301878,0.005646286
37.670000000,-0.118170877,-0.792289299,5.000253782,2.106287686,0.694550088,-0.550759142,4.978151951,2.111895118,0.812720966,0.241530157,-0.022101830,0.005607432
37.710000000,-0.101103601,-0.784020454,5.011996481,2.095367194,0.718182070,-0.522432509,4.978630872,2.100695825,0.819285671,0.261587945,-0.033365609,0.005328631
37.740000000,-0.088320877,-0.777943887,5.009443356,2.086669464,0.735699478,-0.500958783,4.978952339,2.092306878,0.824020355,0.276985103,-0.030491017,0.005637413
37.770000000,-0.075557050,-0.771988230,5.009687048,2.078479464,0.753061580,-0.479305854,4.979250375,2.083910760,0.828618631,0.292682376,-0.030436673,0.005431296
37.810000000,-0.058596387,-0.764211556,5.007577554,2.066689976,0.775932385,-0.450105830,4.979573141,2.072698554,0.834528771,0.314105726,-0.028004413,0.006008578
37.840000000,-0.045912621,-0.758500882,4.998516294,2.058425814,0.792895595,-0.427981574,4.979768974,2.064296532,0.838808216,0.330519308,-0.018747320,0.005870719
37.870000000,-0.033262829,-0.752888724,4.998146564,2.050160814,0.809729249,-0.405702481,4.979930126,2.055906218,0.842992078,0.347186243,-0.018216437,0.005745404
37.910000000,-0.016447145,-0.745568634,4.989302633,2.040146603,0.831932816,-0.375692830,4.980106122,2.044717525,0.848379961,0.369875804,-0.009196510,0.004570922
37.940000000,-0.003867429,-0.740216449,4.982955519,2.031311859,0.848404795,-0.352947292,4.980214245,2.036309394,0.852272224,0.387269157,-0.002741273,0.004997534
37.970000000,0.008689266,-0.734991334,4.981955730,2.022994359,0.864755175,-0.330041123,4.980315534,2.027900729,0.856065909,0.404950211,-0.001640196,0.004906369
38.010000000,0.259358937,-0.487158562,4.990044822,2.013258156,0.886351640,-0.299231562,4.980445532,2.016712196,0.626992703,0.187927000,-0.009599290,0.003454040
38.040000000,0.274653851,-0.479319149,4.990692583,2.004868709,0.902396918,-0.275916193,4.980548784,2.008325507,0.627743067,0.203402957,-0.010143799,0.003456798
38.070000000,0.289925390,-0.471595407,4.989885196,1.996158709,0.918329199,-0.252438588,4.980656471,1.999927485,0.628403810,0.219156819,-0.009228725,0.003768777
38.110000000,0.310247569,-0.461475667,4.993156789,1.985287869,0.939376072,-0.220853083,4.980782298,1.988718160,0.629128503,0.240622584,-0.012374491,0.003430291
38.140000000,0.325454738,-0.454021544,4.993963247,1.977414957,0.955026114,-0.196980338,4.980863189,1.980324329,0.629571375,0.257041206,-0.013100058,0.002909372
38.170000000,0.340633275,-0.446685204,4.993127825,1.968794957,0.970576528,-0.172977819,4.980929862,1.971936850,0.629943253,0.273707385,-0.012197964,0.003141893
38.210000000,0.360844560,-0.437079267,5.006547030,1.957168130,0.991110745,-0.140717937,4.981005189,1.960743869,0.630266184,0.296361330,-0.025541840,0.003575739
38.240000000,0.375989953,-0.430020648,5.012623248,1.947689768,1.006353530,-0.116335931,4.981042274,1.952343526,0.630363577,0.313684717,-0.031580974,0.004653758
38.270000000,0.391123726,-0.423082890,5.012246429,1.939262268,1.021482469,-0.091838266,4.981070957,1.943947286,0.630358743,0.331244624,-0.031175472,0.004685018
38.310000000,0.411289515,-0.414046696,5.006524624,1.928548860,1.041441834,-0.058984955,4.981071211,1.932755470,0.630152319,0.355061740,-0.025453413,0.004206611
38.340000000,0.426394879,-0.407411979,5.006240844,1.921153082,1.056238387,-0.034191918,4.981042436,1.924361752,0.629843508,0.373220061,-0.025198408,0.003208671
38.370000000,0.441475498,-0.400907242,5.005482872,1.912513082,1.070902702,-0.009282497,4.980988070,1.915973480,0.629427205,0.391624745,-0.024494802,0.003460399
38.410000000,0.461561979,-0.392445669,5.006646865,1.901250076,1.090216687,0.024116852,4.980896575,1.904792877,0.628654708,0.416562521,-0.025750290,0.003542801
38.440000000,0.476607580,-0.386265566,5.013920027,1.892319403,1.104528389,0.049282960,4.980821964,1.896399766,0.627920809,0.435548526,-0.033098063,0.004080363
38.470000000,0.491646767,-0.380220776,5.013311048,1.883664403,1.118711046,0.074537848,4.980745134,1.888003199,0.627064279,0.454758624,-0.032565913,0.004338797
38.510000000,0.682687228,-0.067643303,4.995271042,1.872397213,1.137377414,0.108393049,4.980635320,1.876819737,0.454690186,0.176036352,-0.014635722,0.004422524
38.540000000,0.699753284,-0.058266287,4.992202353,1.864363854,1.151197944,0.133909383,4.980534182,1.868438141,0.451444660,0.192175670,-0.011668171,0.004074287
38.570000000,0.716824305,-0.049013955,4.990860356,1.855936354,1.164893879,0.159498199,4.980427128,1.860049850,0.448069574,0.208512155,-0.010433228,0.004113496
38.610000000,0.739556876,-0.036883380,4.991381052,1.844500089,1.182927335,0.193745573,4.980295265,1.848850780,0.443370459,0.230628953,-0.011085787,0.004350691
38.640000000,0.756585716,-0.027940366,4.992309884,1.836646676,1.196273859,0.219545746,4.980223039,1.840460573,0.439688143,0.247486112,-0.012086845,0.003813897
38.670000000,0.773616657,-0.019116767,4.991032342,1.828081676,1.209488149,0.245428940,4.980162339,1.832082303,0.435871492,0.264545707,-0.010870003,0.004000627
38.710000000,0.796296175,-0.007541233,4.981548291,1.817244498,1.226868751,0.280057533,4.980109786,1.820903981,0.430572575,0.287598765,-0.001438505,0.003659483
38.740000000,0.813311019,0.000979790,4.971586765,1.808478350,1.239724870,0.306101203,4.980083416,1.812501434,0.426413851,0.305121413,0.008496651,0.004023085
38.770000000,0.830318714,0.009358075,4.969731427,1.800085850,1.252445285,0.332207388,4.980075339,1.804100181,0.422126570,0.322849313,0.010343912,0.004014332
38.810000000,0.852972450,0.020316433,4.968820003,1.787715772,1.269150227,0.367142880,4.980102642,1.792930137,0.416177777,0.346826447,0.011282638,0.005214364
38.840000000,0.869950085,0.028374505,4.952736494,1.778813901,1.281488665,0.393418809,4.980168210,1.784553519,0.411538580,0.365044305,0.027431716,0.005739618
38.870000000,0.886921443,0.036282972,4.950420946,1.770273901,1.293689946,0.419732785,4.980270978,1.776155107,0.406768504,0.383449814,0.029850032,0.005881206
38.910000000,0.909541065,0.046619280,4.961800147,1.758146793,1.309700241,0.454897858,4.980478159,1.764942298,0.400159176,0.408278577,0.018678011,0.006795505
38.940000000,0.926488755,0.054231134,4.965686842,1.749793862,1.321505967,0.481348728,4.980699402,1.756561781,0.395017212,0.427117595,0.015012560,0.006767919
38.970000000,0.943431266,0.061710877,4.964013994,1.741563862,1.333162854,0.507847895,4.980967755,1.748197434,0.389731588,0.446137018,0.016953761,0.006633572
39.010000000,1.091065281,0.320917246,4.975885614,1.730291739,1.348432209,0.543232951,4.981405172,1.737010710,0.257366928,0.222315705,0.005519558,0.006718971
39.040000000,1.109477745,0.331042521,4.972169651,1.721803182,1.359672974,0.569807353,4.981777440,1.728593609,0.250195228,0.238764833,0.009607789,0.006790427
39.070000000,1.127884693,0.341024273,4.970871954,1.713505682,1.370752754,0.596421373,4.982184299,1.720191365,0.242868060,0.255397100,0.011312345,0.006685683
39.110000000,1.152430230,0.354121199,4.972427614,1.702879335,1.385218835,0.631978336,4.982767393,1.709047065,0.232788605,0.277857137,0.010339779,0.006167731
39.140000000,1.170823194,0.363776732,4.974561900,1.694166178,1.395822801,0.658666389,4.983244344,1.700668214,0.224999606,0.294889657,0.008682443,0.006502036
39.170000000,1.189212481,0.373286915,4.973437902,1.685588678,1.406231638,0.685353860,4.983746811,1.692236236,0.217019157,0.312066945,0.010308909,0.006647557
39.210000000,1.213717098,0.385735396,4.976065395,1.674840850,1.419707640,0.720952004,4.984473052,1.680983005,0.205990542,0.335216608,0.008407657,0.006142155
39.240000000,1.232074980,0.394907319,4.971940448,1.666953729,1.429467725,0.747672784,4.985049666,1.672630621,0.197392746,0.352765464,0.013109218,0.005676891
39.270000000,1.250444499,0.403949742,4.970830484,1.658431229,1.438946712,0.774394730,4.985647115,1.664307266,0.188502213,0.370444988,0.014816631,0.005876036
39.310000000,1.274955765,0.415782222,4.974407957,1.647427252,1.451019604,0.809989891,4.986480679,1.653083403,0.176063839,0.394207670,0.012072722,0.005656151
39.340000000,1.293351504,0.424493688,4.960577834,1.639119095,1.459606943,0.836664044,4.987134825,1.644614199,0.166255439,0.412170356,0.026556991,0.005495103
39.370000000,1.311743901,0.433041029,4.959229302,1.630516595,1.467829895,0.863336174,4.987812683,1.636233530,0.156085993,0.430295144,0.028583381,0.005716935
39.410000000,1.336280608,0.444213704,4.953700392,1.619474644,1.478093338,0.898886304,4.988741277,1.625212351,0.141812730,0.454672600,0.035040885,0.005737708
39.440000000,1.354683811,0.452428425,4.952016498,1.611601137,1.485241938,0.925509311,4.989474465,1.616842091,0.130558127,0.473080886,0.037457967,0.005240953
39.470000000,1.373096605,0.460486387,4.950558757,1.603066137,1.491978281,0.952098712,4.990236414,1.608363684,0.118881677,0.491612325,0.039677657,0.005297546
39.510000000,1.371864756,0.684890583,4.961850180,1.592005506,1.500182409,0.987518014,4.991326394,1.597155151,0.128317653,0.302627431,0.029476214,0.005149645
39.540000000,1.389966300,0.695154104,4.964773583,1.583814271,1.505737969,1.014063127,4.992186495,1.588910023,0.115771669,0.318909023,0.027412912,0.005095752
39.570000000,1.408068848,0.705275602,4.963865875,1.575494271,1.510851573,1.040575994,4.993077391,1.580644079,0.102782725,0.335300393,0.029211516,0.005149808
39.610000000,1.432222994,0.718536784,4.967841209,1.564218431,1.516852220,1.075840755,4.994289215,1.569453819,0.084629226,0.357303971,0.026448006,0.005235388
39.640000000,1.450345432,0.728303066,4.968205994,1.556020282,1.520737101,1.102228104,4.995210123,1.561076285,0.070391669,0.373925038,0.027004128,0.005056003
39.670000000,1.468490558,0.737915762,4.967437562,1.547757782,1.524176657,1.128573280,4.996132550,1.552805344,0.055686099,0.390657518,0.028694988,0.005047562
39.710000000,1.492733117,0.750502062,4.980450403,1.537110167,1.527955465,1.163595055,4.997359845,1.541832158,0.035222348,0.413092993,0.016909441,0.004721991
39.740000000,1.510941154,0.759765007,4.977125860,1.529709129,1.530192088,1.189753071,4.998278465,1.533474443,0.019250934,0.429988063,0.021152605,0.003765314
39.770000000,1.529172220,0.768884147,4.976604363,1.521649129,1.531999581,1.215828719,4.999191816,1.525063898,0.002827361,0.446944572,0.022587453,0.003414769
39.810000000,1.553522022,0.780804825,4.968869348,1.510726646,1.533633002,1.250454803,5.000389106,1.513984743,-0.019889020,0.469649978,0.031519758,0.003258097
39.840000000,1.571812976,0.789575790,4.977776831,1.502319652,1.534281587,1.276304280,5.001263580,1.505756660,-0.037531389,0.486728490,0.023486749,0.003437007
39.870000000,1.590132397,0.798207311,4.977191355,1.493864652,1.534512493,1.302045209,5.002130671,1.497461689,-0.055619904,0.503837898,0.024939315,0.003597037
39.910000000,1.614606861,0.809478496,4.976525274,1.483067031,1.534059283,1.336149880,5.003278191,1.486254820,-0.080547578,0.526671384,0.026752917,0.003187789
39.940000000,1.632985243,0.817760446,4.976684026,1.474137150,1.533153105,1.361572219,5.004134744,1.477914318,-0.099832138,0.543811773,0.027450718,0.003777168
39.970000000,1.651396330,0.825890044,4.975979298,1.465914650,1.531837975,1.386878557,5.004977207,1.469667773,-0.119558355,0.560988513,0.028997908,0.003753123
40.010000000,1.646227434,1.121405301,4.976085386,1.454852433,1.529335913,1.420372797,5.006083444,1.458648900,-0.116891521,0.298967495,0.029998058,0.003796467
