time_sec,est_x,est_y,est_z,est_yaw,true_x,true_y,true_z,true_yaw,err_x,err_y,err_z,err_yaw
0.0,-1.999985649,-1.999985348,0.065761934,0.027713851,-2.0,-2.0,0.050029904,-0.0,-1.4351e-05,-1.4652e-05,-0.01573203,-0.027713851
0.03,-1.999918386,-1.999937792,0.067968189,0.020580155,-2.0,-2.0,0.050069776,-0.0,-8.1614e-05,-6.2208e-05,-0.017898414,-0.020580155
0.06,-1.999802094,-1.999867453,0.068609817,0.020812655,-2.0,-2.0,0.050099738,-0.0,-0.000197906,-0.000132547,-0.018510079,-0.020812655
0.1,-1.999574713,-1.999724036,0.06705419,0.023561322,-2.0,-2.0,0.050139732,-0.0,-0.000425287,-0.000275964,-0.016914458,-0.023561322
0.13,-1.999362642,-1.99957774,0.074962113,0.021290501,-2.0,-2.0,0.050169731,-0.000153768,-0.000637358,-0.00042226,-0.024792381,-0.021444269
0.16,-1.999098689,-1.999402572,0.076009605,0.020188001,-1.99999987,-1.999999965,0.050686455,-0.001591795,-0.000901181,-0.000597393,-0.02532315,-0.021779797
0.2,-1.998667502,-1.999108529,0.078819645,0.016280301,-1.99999747,-1.999999301,0.052571902,-0.005211881,-0.001329967,-0.000890773,-0.026247743,-0.021492182
0.23,-1.998286198,-1.998841569,0.071965037,0.002550161,-1.999992424,-1.999997782,0.054860377,-0.008996513,-0.001706226,-0.001156213,-0.01710466,-0.011546675
0.26,-1.997866271,-1.998538711,0.07535444,-0.001734839,-1.999984658,-1.999994919,0.057980372,-0.013645698,-0.002118387,-0.001456208,-0.017374067,-0.01191086
0.3,-1.997242581,-1.998083686,0.082455465,-0.012578632,-1.999972612,-1.999989144,0.063175685,-0.020774217,-0.002730031,-0.001905458,-0.01927978,-0.008195585
0.33,-1.996721499,-1.997699433,0.082823635,-0.021538881,-1.999961745,-1.999983267,0.067799995,-0.026699165,-0.003240246,-0.002283835,-0.01502364,-0.005160284
0.36,-1.996159459,-1.997280507,0.088463531,-0.027776381,-1.999947232,-1.999976144,0.073098161,-0.033088761,-0.003787773,-0.002695637,-0.01536537,-0.00531238
0.4,-1.99534272,-1.996664796,0.096808598,-0.038177894,-1.999923209,-1.999966032,0.080994692,-0.042106405,-0.004580489,-0.003301236,-0.015813907,-0.003928511
0.43,-1.99467109,-1.996173214,0.09939937,-0.045601741,-1.999903131,-1.999958616,0.087502109,-0.049179459,-0.005232041,-0.003785402,-0.011897261,-0.003577718
0.46,-1.993954494,-1.995661828,0.106682889,-0.052801741,-1.999881357,-1.999951779,0.094552378,-0.056501309,-0.005926863,-0.004289951,-0.012130511,-0.003699568
0.5,-2.022231543,-2.016243461,0.112544088,-0.057235591,-1.999848221,-1.999943981,0.104625147,-0.06653055,0.022383323,0.01629948,-0.007918941,-0.009294959
0.53,-2.021984557,-2.016051345,0.109908237,-0.068224881,-1.999819951,-1.999939693,0.112653506,-0.074218029,0.022164606,0.016111652,0.002745269,-0.005993148
0.56,-2.021688116,-2.015827692,0.117770958,-0.075772381,-1.999789626,-1.999937549,0.121123942,-0.08203742,0.02189849,0.015890144,0.003352985,-0.006265039
0.6,-2.021231698,-2.015481138,0.136438087,-0.083401795,-1.999746609,-1.99993603,0.132966731,-0.092605535,0.021485089,0.015545108,-0.003471356,-0.009203739
0.63,-2.020854167,-2.015203624,0.148506867,-0.088183824,-1.999710214,-1.999932586,0.142236539,-0.100619331,0.021143953,0.015271038,-0.006270328,-0.012435507
0.66,-2.020436131,-2.014910834,0.15847886,-0.096148824,-1.999667417,-1.999920922,0.151868421,-0.108703343,0.020768715,0.014989912,-0.006610439,-0.012554519
0.7,-2.01980559,-2.014449248,0.170106758,-0.109353936,-1.999603115,-1.999886603,0.165160452,-0.119557574,0.020202476,0.014562645,-0.004946306,-0.010203638
0.73,-2.019287633,-2.014036192,0.180335113,-0.116225862,-1.999551265,-1.999843776,0.175447154,-0.127745881,0.019736368,0.014192415,-0.004887959,-0.011520019
0.76,-2.018726809,-2.013576272,0.191269822,-0.124540862,-1.999495285,-1.999783513,0.186029995,-0.135972553,0.019231524,0.013792759,-0.005239827,-0.011431691
0.8,-2.017907007,-2.012920626,0.209698503,-0.137391246,-1.999411607,-1.999683185,0.200509403,-0.146981619,0.018495399,0.013237441,-0.0091891,-0.009590373
0.83,-2.017233453,-2.012402354,0.215672663,-0.145616607,-1.999341621,-1.999595885,0.21162993,-0.155262711,0.017891832,0.012806469,-0.004042733,-0.009646104
0.86,-2.016510069,-2.011868104,0.227392459,-0.153604107,-1.999267194,-1.999499663,0.222994998,-0.163563413,0.017242876,0.012368441,-0.004397461,-0.009959306
0.9,-2.015461229,-2.011120704,0.248068148,-0.163844097,-1.999164977,-1.999362948,0.238452554,-0.174652917,0.016296252,0.011757756,-0.009615594,-0.010808821
0.93,-2.014605185,-2.010532073,0.251896825,-0.172609428,-1.999084974,-1.99925621,0.250261103,-0.182983171,0.01552021,0.011275863,-0.001635722,-0.010373742
0.96,-2.013701481,-2.00990699,0.26413388,-0.180586928,-1.998999352,-1.999147489,0.262271054,-0.191324177,0.014702128,0.010759501,-0.001862826,-0.010737249
1.0,-2.009026808,-2.144744029,0.280408246,-0.192196008,-1.998879054,-1.999001708,0.278534981,-0.202457275,0.010147754,0.145742321,-0.001873265,-0.010261267
1.03,-2.007951233,-2.146078113,0.295352516,-0.201235237,-1.998786988,-1.998892391,0.290910901,-0.210815043,0.009164245,0.147185722,-0.004441615,-0.009579807
1.06,-2.00683687,-2.147376718,0.308441811,-0.209475237,-1.998694134,-1.998783627,0.303461748,-0.219181727,0.008142736,0.148593091,-0.004980063,-0.009706491
1.1,-2.005280551,-2.149080379,0.319179039,-0.22069048,-1.998567268,-1.998628876,0.320413418,-0.230343289,0.006713283,0.150451503,0.001234379,-0.009652809
1.13,-2.004056762,-2.150345987,0.337614804,-0.229883464,-1.998469323,-1.998485226,0.333278283,-0.238718714,0.005587439,0.151860761,-0.004336521,-0.008835249
1.16,-2.002786399,-2.15160446,0.351242709,-0.237868464,-1.998367104,-1.998278673,0.346293911,-0.247101091,0.004419295,0.153325786,-0.004948798,-0.009232627
1.2,-2.001016837,-2.153245467,0.356970224,-0.249493784,-1.998214906,-1.997877579,0.363833914,-0.258286393,0.002801931,0.155367888,0.00686369,-0.008792609
1.23,-1.99962189,-2.154443145,0.371176916,-0.259282897,-1.998079897,-1.997469242,0.377114676,-0.266675933,0.001541993,0.156973903,0.00593776,-0.007393036
1.26,-1.998177231,-2.155612038,0.38455284,-0.267802897,-1.997920856,-1.996952432,0.390510305,-0.275055289,0.000256376,0.158659606,0.005957465,-0.007252392
1.3,-1.996171584,-2.15714969,0.401330428,-0.279020772,-1.997686563,-1.996130247,0.408514637,-0.286227006,-0.001514978,0.161019443,0.007184209,-0.007206234
1.33,-1.994597203,-2.158269167,0.417159596,-0.289019997,-1.99750041,-1.995425302,0.42211756,-0.294613815,-0.002903208,0.162843865,0.004957964,-0.005593818
1.36,-1.992971268,-2.159358756,0.431089528,-0.297492497,-1.997304276,-1.994647652,0.435814301,-0.303002431,-0.004333009,0.164711104,0.004724773,-0.005509934
1.4,-1.990738383,-2.160782966,0.453531412,-0.309370474,-1.997028642,-1.993532018,0.454192626,-0.314182755,-0.006290259,0.167250948,0.000661214,-0.004812281
1.43,-1.988978099,-2.161834854,0.467560828,-0.318665696,-1.996816179,-1.992643989,0.468058452,-0.32256822,-0.007838079,0.169190865,0.000497625,-0.003902524
1.46,-1.987157752,-2.162880101,0.482159583,-0.327105696,-1.996605631,-1.991710798,0.482001858,-0.330957841,-0.009447879,0.171169303,-0.000157725,-0.003852145
1.5,-1.981172105,-2.151650812,0.505916979,-0.338504299,-1.996328457,-1.990415237,0.500688359,-0.342145981,-0.015156351,0.161235575,-0.00522862,-0.003641682
1.53,-1.979187416,-2.152500297,0.512163946,-0.34688944,-1.996120106,-1.989411351,0.514772309,-0.350535745,-0.01693269,0.163088946,0.002608363,-0.003646305
1.56,-1.977145895,-2.153328542,0.526789185,-0.35530944,-1.995912495,-1.988380418,0.528919357,-0.358925458,-0.018766601,0.164948124,0.002130172,-0.003616017
1.6,-1.974332995,-2.154411592,0.54972704,-0.366661476,-1.995646132,-1.98697433,0.547863221,-0.370113667,-0.021313137,0.167437261,-0.001863819,-0.003452191
1.63,-1.972151762,-2.155204227,0.566480034,-0.37650968,-1.995457513,-1.985901062,0.562126728,-0.378506761,-0.023305751,0.169303165,-0.004353306,-0.001997081
1.66,-1.969913675,-2.155982188,0.5754047,-0.38490468,-1.995277969,-1.984817849,0.576444263,-0.386900618,-0.025364294,0.17116434,0.001039563,-0.001995938
1.7,-1.966844025,-2.15700467,0.594391477,-0.395852177,-1.995050708,-1.983369881,0.595599612,-0.398091993,-0.028206683,0.173634789,0.001208135,-0.002239815
1.73,-1.964491761,-2.157770715,0.599498005,-0.403637095,-1.994894802,-1.982283357,0.610013642,-0.40648585,-0.030403041,0.175487358,0.010515638,-0.002848755
1.76,-1.962085659,-2.158530307,0.613917358,-0.412022095,-1.994758889,-1.981197057,0.624471195,-0.41487924,-0.03267323,0.177333251,0.010553836,-0.002857145
1.8,-1.958798802,-2.159508731,0.635869699,-0.421051218,-1.994600983,-1.97975219,0.643802795,-0.426069308,-0.035802181,0.179756541,0.007933097,-0.00501809
1.83,-1.956275737,-2.16021493,0.650966608,-0.429111051,-1.99449626,-1.97867331,0.658340592,-0.434461991,-0.038220524,0.18154162,0.007373984,-0.00535094
1.86,-1.953698851,-2.160906672,0.665848401,-0.437436051,-1.994407205,-1.977598517,0.672914373,-0.442854906,-0.040708354,0.183308155,0.007065972,-0.005418855
1.9,-1.950166183,-2.16180926,0.690053214,-0.448725819,-1.994316499,-1.976167672,0.692392348,-0.454044866,-0.044150316,0.185641589,0.002339134,-0.005319046
1.93,-1.947450542,-2.162466725,0.705244668,-0.458043904,-1.99426925,-1.975096325,0.707032216,-0.462436974,-0.046818707,0.1873704,0.001787548,-0.00439307
1.96,-1.944680879,-2.163114503,0.720662057,-0.466258904,-1.994237933,-1.974029202,0.721703117,-0.47082952,-0.049557054,0.189085301,0.00104106,-0.004570616
2.0,-2.039556567,-2.117134155,0.748444498,-0.477120362,-1.994217169,-1.972612232,0.741300212,-0.482020139,0.045339398,0.144521923,-0.007144286,-0.004899777
2.03,-2.037727338,-2.117252647,0.755169155,-0.485298972,-1.994221891,-1.971551523,0.756025282,-0.490412716,0.043505446,0.145701124,0.000856127,-0.005113744
2.06,-2.035841821,-2.117365084,0.77065997,-0.493676472,-1.994249131,-1.970491418,0.770774156,-0.498804381,0.04159269,0.146873665,0.000114186,-0.005127909
2.1,-2.033265255,-2.117501058,0.793411769,-0.505420056,-1.994305923,-1.969082443,0.790471766,-0.50999302,0.038959331,0.148418615,-0.002940003,-0.004572963
2.13,-2.031277408,-2.11760268,0.802706868,-0.513704894,-1.994355619,-1.968031577,0.805268558,-0.518385136,0.036921789,0.149571103,0.00256169,-0.004680242
2.16,-2.029233825,-2.117704139,0.81809657,-0.522064894,-1.994409923,-1.966984613,0.820085178,-0.526778507,0.034823902,0.150719526,0.001988608,-0.004713614
2.2,-2.026413709,-2.117842773,0.836639127,-0.532718438,-1.99449311,-1.965586874,0.839868106,-0.537969932,0.031920599,0.152255899,0.00322898,-0.005251495
2.23,-2.02425471,-2.117932637,0.842394176,-0.54173795,-1.994563489,-1.964535459,0.85472273,-0.546363831,0.02969122,0.153397178,0.012328554,-0.004625881
2.26,-2.022037942,-2.118015208,0.857190738,-0.55006545,-1.994636244,-1.963483498,0.869595729,-0.554757841,0.027401698,0.154531709,0.012404991,-0.004692391
2.3,-2.018995328,-2.118129758,0.877776118,-0.562378737,-1.994733137,-1.962082613,0.889446695,-0.565949214,0.024262192,0.156047145,0.011670578,-0.003570476
2.33,-2.016644281,-2.11821262,0.89336341,-0.570139464,-1.994809546,-1.96103162,0.904350799,-0.574342436,0.021834735,0.157180999,0.010987388,-0.004202972
2.36,-2.014236761,-2.118294809,0.908458121,-0.578714464,-1.994893503,-1.959978905,0.919268375,-0.582735717,0.019343258,0.158315903,0.010810255,-0.004021253
2.4,-2.010948985,-2.118392288,0.931926174,-0.590503957,-1.995011025,-1.958577172,0.939176362,-0.59392646,0.01593796,0.159815115,0.007250188,-0.003422503
2.43,-2.008430803,-2.1184525,0.94994541,-0.598988885,-1.995099663,-1.957530438,0.954119878,-0.602319385,0.01333114,0.160922062,0.004174468,-0.003330499
2.46,-2.005845165,-2.118534448,0.965645614,-0.607168885,-1.995191039,-1.956487648,0.969074935,-0.61071217,0.010654126,0.1620468,0.003429322,-0.003543285
2.5,-1.979366584,-2.049225166,0.983635041,-0.618658937,-1.995323121,-1.955099143,0.989030494,-0.621902299,-0.015956537,0.094126023,0.005395454,-0.003243362
2.53,-1.976417842,-2.048585285,0.995853002,-0.62736094,-1.995429042,-1.954060317,1.004006986,-0.630294271,-0.019011199,0.094524969,0.008153984,-0.002933332
2.56,-1.973417038,-2.047959584,1.01129766,-0.63534594,-1.995536981,-1.953028338,1.018996996,-0.638684856,-0.022119942,0.094931246,0.007699336,-0.003338916
2.6,-1.969332265,-2.047140273,1.028953664,-0.646625596,-1.995685979,-1.951668175,1.038997064,-0.649871823,-0.026353715,0.095472098,0.0100434,-0.003246227
2.63,-1.966193915,-2.046537545,1.040596911,-0.655453179,-1.995810159,-1.950667323,1.054005613,-0.658260069,-0.029616244,0.095870222,0.013408702,-0.00280689
2.66,-1.962995121,-2.045923759,1.055775373,-0.663803179,-1.995957614,-1.94970116,1.069024726,-0.666650796,-0.032962493,0.096222599,0.013249354,-0.002847617
2.7,-1.958656891,-2.04511186,1.079228312,-0.67457788,-1.996194493,-1.948481784,1.089061983,-0.677843737,-0.037537602,0.096630076,0.009833671,-0.003265858
2.73,-1.955340998,-2.044524718,1.0985035,-0.683372362,-1.996407218,-1.947626054,1.104094532,-0.6862436,-0.04106622,0.096898664,0.005591032,-0.002871237
2.76,-1.951959063,-2.04393998,1.114360468,-0.691587362,-1.996659979,-1.946827825,1.11913243,-0.694643402,-0.044700916,0.097112155,0.004771962,-0.00305604
2.8,-1.947353887,-2.043161762,1.137324207,-0.70327147,-1.997049034,-1.945834351,1.139188117,-0.70583557,-0.049695146,0.097327411,0.00186391,-0.002564099
2.83,-1.943844695,-2.042591777,1.150634732,-0.711266144,-1.997373726,-1.945140334,1.154234553,-0.714228459,-0.053529031,0.097451443,0.003599821,-0.002962315
2.86,-1.940280259,-2.042030374,1.166583516,-0.719551144,-1.997724906,-1.944494327,1.169283827,-0.722624354,-0.057444646,0.097536047,0.002700311,-0.003073209
2.9,-1.935427939,-2.041296,1.182497754,-0.730417077,-1.998227427,-1.943688289,1.189354135,-0.73381836,-0.062799488,0.09760771,0.006856382,-0.003401283
2.93,-1.931720398,-2.040741486,1.196229919,-0.738524118,-1.998630233,-1.943120087,1.204409678,-0.742211244,-0.066909835,0.0976214,0.008179759,-0.003687126
2.96,-1.927955163,-2.040195116,1.211824665,-0.746884118,-1.999055326,-1.942586969,1.219467901,-0.750603719,-0.071100163,0.097608147,0.007643236,-0.003719601
3.0,-1.955265634,-2.090733199,1.233108771,-0.757525997,-1.99964565,-1.941923924,1.239549408,-0.761796702,-0.044380016,0.148809275,0.006440638,-0.004270706
3.03,-1.951707586,-2.090729936,1.249577068,-0.764940378,-2.000105773,-1.941460099,1.254612596,-0.77019213,-0.048398187,0.149269837,0.005035528,-0.005251752
3.06,-1.948089952,-2.090726251,1.26177835,-0.773222878,-2.000585458,-1.941024652,1.269681609,-0.778584901,-0.052495506,0.149701599,0.007903259,-0.005362023
3.1,-1.943185363,-2.090720642,1.289098499,-0.783500637,-2.001246754,-1.940475316,1.289778363,-0.789772765,-0.058061391,0.150245325,0.000679864,-0.006272129
3.13,-1.939430518,-2.090740306,1.304921923,-0.792226312,-2.001750295,-1.940080412,1.304853204,-0.7981628,-0.062319778,0.150659894,-6.8719e-05,-0.005936488
3.16,-1.935620176,-2.090766597,1.312860576,-0.800673812,-2.002250018,-1.939689752,1.319932546,-0.806556268,-0.066629843,0.151076845,0.00707197,-0.005882456
3.2,-1.930468432,-2.090837585,1.329185973,-0.812467852,-2.002899961,-1.939155771,1.340042425,-0.817750249,-0.072431529,0.151681814,0.010856453,-0.005282398
3.23,-1.926538005,-2.090908468,1.343469608,-0.822905522,-2.003369821,-1.938739392,1.355124662,-0.826148132,-0.076831816,0.152169076,0.011655053,-0.00324261
3.26,-1.922554669,-2.090993956,1.36239139,-0.831250522,-2.003818187,-1.938307884,1.370207694,-0.834546846,-0.081263519,0.152686072,0.007816304,-0.003296325
3.3,-1.917173463,-2.091121683,1.382846009,-0.841850297,-2.004389757,-1.937716025,1.390318466,-0.84574158,-0.087216295,0.153405658,0.007472457,-0.003891283
3.33,-1.913077589,-2.091235114,1.398000565,-0.850156048,-2.004804369,-1.937260496,1.405402271,-0.85413627,-0.091726781,0.153974618,0.007401706,-0.003980222
3.36,-1.908922179,-2.091362813,1.416230603,-0.858381048,-2.005211133,-1.936795234,1.42048537,-0.862531363,-0.096288954,0.154567579,0.004254766,-0.004150315
3.4,-1.903287102,-2.091551961,1.437177321,-0.869385711,-2.005746428,-1.936168935,1.440596222,-0.873724131,-0.102459326,0.155383026,0.003418901,-0.00433842
3.43,-1.898993177,-2.091732041,1.453298397,-0.878835082,-2.006144293,-1.93569882,1.45567897,-0.882118294,-0.107151115,0.156033222,0.002380573,-0.003283213
3.46,-1.894652174,-2.091944455,1.467438547,-0.887027582,-2.006543157,-1.93522901,1.470761507,-0.890512559,-0.111890983,0.156715445,0.00332296,-0.003484977
3.5,-1.944409851,-2.030425793,1.487590325,-0.898146213,-2.007083151,-1.934602083,1.490871505,-0.901704379,-0.0626733,0.09582371,0.00328118,-0.003558166
3.53,-1.940514985,-2.030061214,1.504152339,-0.907095618,-2.007496124,-1.934133649,1.505953556,-0.910097818,-0.06698114,0.095927565,0.001801217,-0.0030022
3.56,-1.93657069,-2.029705809,1.526064564,-0.915498118,-2.00791766,-1.933671305,1.521035315,-0.918490941,-0.07134697,0.096034505,-0.005029249,-0.002992823
3.6,-1.931214658,-2.029263665,1.548012822,-0.926331106,-2.00849294,-1.933066024,1.541141985,-0.92968175,-0.077278283,0.096197642,-0.006870837,-0.003350644
3.63,-1.927136679,-2.028952794,1.553930747,-0.933740662,-2.008934923,-1.932621403,1.556219696,-0.93807443,-0.081798244,0.096331392,0.002288948,-0.004333768
3.66,-1.923009972,-2.028662739,1.563679696,-0.942090662,-2.009386088,-1.932188319,1.57129602,-0.946466142,-0.086376116,0.09647442,0.007616325,-0.00437548
3.7,-1.917430287,-2.028302148,1.585982212,-0.953227402,-2.00999839,-1.931628707,1.591396391,-0.957656141,-0.092568103,0.096673441,0.005414179,-0.004428739
3.73,-1.913170016,-2.028051242,1.600789807,-0.961463959,-2.010467245,-1.931221622,1.606471027,-0.966048859,-0.097297229,0.09682962,0.00568122,-0.0045849
3.76,-1.90884554,-2.027811836,1.612943063,-0.969931459,-2.010948892,-1.930826063,1.621545183,-0.974441164,-0.102103352,0.096985773,0.008602119,-0.004509705
3.8,-1.902982919,-2.027491978,1.637737771,-0.980703063,-2.011610207,-1.930317244,1.641642978,-0.985630956,-0.108627289,0.097174734,0.003905207,-0.004927893
3.83,-1.898508733,-2.027280136,1.653828727,-0.989483442,-2.012121145,-1.929952955,1.65671603,-0.994024037,-0.113612412,0.097327181,0.002887303,-0.004540596
3.86,-1.893966376,-2.02708081,1.667560184,-0.997815942,-2.012649528,-1.929607183,1.671788046,-1.002417579,-0.118683151,0.097473627,0.004227861,-0.004601637
3.9,-1.887829347,-2.026824064,1.686378888,-1.009132747,-2.013382228,-1.929168978,1.691883988,-1.013608148,-0.125552881,0.097655086,0.005505099,-0.004475402
3.93,-1.883158622,-2.026642742,1.702507245,-1.01759785,-2.013954443,-1.928857788,1.706954961,-1.02200004,-0.130795821,0.097784955,0.004447716,-0.00440219
3.96,-1.87843051,-2.026474379,1.713464761,-1.02606785,-2.014549163,-1.928566958,1.72202601,-1.030392268,-0.136118653,0.097907422,0.008561249,-0.004324419
4.0,-1.945391049,-2.042747063,1.727661954,-1.035489408,-2.015373232,-1.928207962,1.742119493,-1.041583819,-0.069982183,0.114539101,0.014457539,-0.006094411
4.03,-1.94128934,-2.042784665,1.743161365,-1.044400176,-2.016017131,-1.927958731,1.757189554,-1.049977368,-0.074727791,0.114825934,0.01402819,-0.005577192
4.06,-1.937131461,-2.042838727,1.750620958,-1.052807676,-2.016689411,-1.927728415,1.77226401,-1.058371002,-0.079557951,0.115110312,0.021643052,-0.005563325
4.1,-1.931497684,-2.042951779,1.769005239,-1.064307926,-2.017619094,-1.927446275,1.792367888,-1.069562301,-0.08612141,0.115505504,0.023362649,-0.005254374
4.13,-1.927221205,-2.043059685,1.784257252,-1.072074246,-2.018332208,-1.927249422,1.807447274,-1.077956929,-0.091111003,0.115810263,0.023190022,-0.005882683
4.16,-1.922896208,-2.043203204,1.793882736,-1.080344246,-2.019046698,-1.927056649,1.822532,-1.086354117,-0.09615049,0.116146555,0.028649264,-0.006009871
4.2,-1.917046373,-2.043435085,1.8104092,-1.090784361,-2.019982839,-1.926791422,1.842649543,-1.09755117,-0.102936466,0.116643663,0.032240342,-0.006766809
4.23,-1.91257272,-2.043631323,1.825201212,-1.098076421,-2.020664608,-1.926583598,1.857737961,-1.105950417,-0.108091888,0.117047725,0.032536749,-0.007873995
4.26,-1.908041741,-2.043842283,1.845332393,-1.106306421,-2.02132333,-1.926368608,1.872826192,-1.114348664,-0.113281589,0.117473675,0.027493798,-0.008042242
4.3,-1.901906178,-2.044138225,1.863490317,-1.116691995,-2.02217711,-1.926074013,1.892943422,-1.125542357,-0.120270932,0.118064212,0.029453105,-0.008850361
4.33,-1.897225217,-2.044382765,1.878603216,-1.125896765,-2.022805869,-1.925847406,1.908030802,-1.133936758,-0.125580652,0.118535359,0.029427586,-0.008039992
4.36,-1.892480972,-2.044642456,1.894106864,-1.134116765,-2.023430193,-1.925618195,1.923116497,-1.142331359,-0.130949221,0.119024261,0.029009632,-0.008214594
4.4,-1.886060139,-2.045011331,1.916417563,-1.145583574,-2.024263724,-1.92531627,1.943229675,-1.1535238,-0.138203585,0.119695061,0.026812112,-0.007940226
4.43,-1.881181968,-2.045304713,1.931506699,-1.154606741,-2.024894228,-1.925095025,1.958312803,-1.161918462,-0.14371226,0.120209688,0.026806104,-0.007311721
4.46,-1.876240403,-2.045621399,1.950928169,-1.162921741,-2.025536046,-1.924878305,1.973395263,-1.170313103,-0.149295644,0.120743094,0.022467094,-0.007391362
4.5,-1.944195176,-2.014442509,1.973776965,-1.174930315,-2.026413339,-1.92459581,1.99350303,-1.181504586,-0.082218163,0.089846698,0.019726065,-0.006574271
4.53,-1.939921142,-2.01449355,1.989379211,-1.183224646,-2.027090121,-1.924391811,2.008583004,-1.189897931,-0.087168978,0.090101739,0.019203793,-0.006673285
4.56,-1.935599675,-2.014575964,2.00599866,-1.191464646,-2.027788695,-1.924198665,2.023665767,-1.198290689,-0.09218902,0.090377299,0.017667107,-0.006826043
4.6,-1.929771792,-2.01472172,2.032733588,-1.202226252,-2.028749749,-1.923953411,2.043778575,-1.209481108,-0.098977957,0.09076831,0.011044987,-0.007254856
4.63,-1.925359596,-2.014874974,2.048622473,-1.210664902,-2.029487242,-1.923775451,2.058863315,-1.217872685,-0.104127646,0.091099523,0.010240841,-0.007207784
4.66,-1.920905251,-2.015045692,2.06358934,-1.218884902,-2.030228804,-1.923601075,2.07395115,-1.226261737,-0.109323553,0.091444617,0.01036181,-0.007376836
4.7,-1.91489878,-2.01533172,2.090139022,-1.230068597,-2.031206753,-1.923370587,2.094070519,-1.237447177,-0.116307973,0.091961132,0.003931497,-0.00737858
4.73,-1.910319281,-2.015584372,2.106830458,-1.239039216,-2.031927347,-1.923196134,2.10915974,-1.245835531,-0.121608066,0.092388238,0.002329282,-0.006796315
4.76,-1.90569257,-2.015861116,2.125930557,-1.247349216,-2.032635818,-1.923017748,2.124248267,-1.254224818,-0.126943249,0.092843367,-0.001682291,-0.006875602
4.8,-1.899424003,-2.016283701,2.14651971,-1.258971547,-2.033569961,-1.922778376,2.144365179,-1.265413643,-0.134145958,0.093505325,-0.002154531,-0.006442096
4.83,-1.894659079,-2.016631951,2.164068846,-1.268306197,-2.034267529,-1.922602016,2.159451969,-1.273806187,-0.13960845,0.094029936,-0.004616877,-0.00549999
4.86,-1.889844188,-2.017002526,2.1757041,-1.276781197,-2.034968975,-1.922430938,2.17453702,-1.282198899,-0.145124787,0.094571588,-0.00116708,-0.005417702
4.9,-1.883341017,-2.017545499,2.190761729,-1.28720795,-2.035918925,-1.922208812,2.194649203,-1.293389087,-0.152577909,0.095336687,0.003887474,-0.006181137
4.93,-1.878409008,-2.017983877,2.207387198,-1.295711317,-2.03664721,-1.922047704,2.209731507,-1.301781113,-0.158238202,0.095936173,0.002344309,-0.006069796
4.96,-1.87341822,-2.018441721,2.221260598,-1.304158817,-2.03739544,-1.921896003,2.224813035,-1.310173418,-0.163977221,0.096545718,0.003552437,-0.006014601
5.0,-1.998616612,-2.047723255,2.240846672,-1.314893038,-2.038425209,-1.921708963,2.244919416,-1.321364948,-0.039808597,0.126014291,0.004072743,-0.00647191
5.03,-1.994929062,-2.048584422,2.25733116,-1.322241837,-2.039225735,-1.921578762,2.259998322,-1.329758851,-0.044296674,0.12700566,0.002667162,-0.007517015
5.06,-1.991203477,-2.049477177,2.271429743,-1.330471837,-2.040058424,-1.921457502,2.275085823,-1.338153814,-0.048854947,0.128019675,0.00365608,-0.007681977
5.1,-1.986174688,-2.050697688,2.293860994,-1.342130385,-2.041204113,-1.921306244,2.295211945,-1.349347244,-0.055029424,0.129391444,0.001350951,-0.007216859
5.13,-1.982364072,-2.05163168,2.310971973,-1.350495612,-2.042072254,-1.921194961,2.310310637,-1.357743003,-0.059708182,0.13043672,-0.000661336,-0.007247391
5.16,-1.978513274,-2.052591748,2.322078647,-1.358760612,-2.042917686,-1.921074234,2.325421328,-1.366140252,-0.064404411,0.131517514,0.003342681,-0.007379639
5.2,-1.973342497,-2.053940411,2.33841222,-1.369373388,-2.043973157,-1.920889533,2.345580444,-1.377338778,-0.07063066,0.133050878,0.007168225,-0.00796539
5.23,-1.969425661,-2.055003859,2.353102483,-1.376584535,-2.044693974,-1.92073266,2.360701776,-1.385739092,-0.075268313,0.134271198,0.007599293,-0.009154557
5.26,-1.96544724,-2.056093645,2.368470062,-1.384634535,-2.045338325,-1.920559027,2.375823181,-1.394133729,-0.079891084,0.135534617,0.007353119,-0.009499194
5.3,-1.960063303,-2.057593091,2.392387473,-1.395985437,-2.046104181,-1.920303313,2.395984903,-1.405321453,-0.086040879,0.137289779,0.003597429,-0.009336016
5.33,-1.95596586,-2.05879109,2.413216315,-1.404787024,-2.04661848,-1.920092487,2.41110462,-1.413714745,-0.09065262,0.138698603,-0.002111695,-0.008927721
5.36,-1.951805967,-2.060016559,2.429592312,-1.413142024,-2.047084603,-1.919866225,2.426222293,-1.42210953,-0.095278636,0.140150334,-0.003370019,-0.008967506
5.4,-1.946190897,-2.06172263,2.441764278,-1.424818457,-2.047656213,-1.919550585,2.446376461,-1.433300729,-0.101465316,0.142172045,0.004612183,-0.008482272
5.43,-1.941925888,-2.063041925,2.457461182,-1.43366826,-2.048056009,-1.919303746,2.461489494,-1.441693927,-0.106130121,0.14373818,0.004028312,-0.008025666
5.46,-1.937627701,-2.064398493,2.473272984,-1.44187576,-2.048435907,-1.91904429,2.476601003,-1.450088311,-0.110808206,0.145354203,0.003328019,-0.00821255
5.5,-2.011382864,-2.09134536,2.489311553,-1.453678825,-2.048926031,-1.918682886,2.49674631,-1.46128066,-0.037543167,0.172662474,0.007434757,-0.007601835
5.53,-2.007874675,-2.093063464,2.502851377,-1.46111536,-2.049287108,-1.918403947,2.511853995,-1.469674514,-0.041412432,0.174659517,0.009002618,-0.008559154
5.56,-2.004314301,-2.094816482,2.5160383,-1.46919036,-2.049648277,-1.918118561,2.526964345,-1.47806696,-0.045333976,0.17669792,0.010926044,-0.0088766
5.6,-1.999497982,-2.097231202,2.533827041,-1.47927734,-2.050132167,-1.91772268,2.547115132,-1.48925717,-0.050634185,0.179508522,0.013288091,-0.00997983
5.63,-1.99585284,-2.099105631,2.549674015,-1.488467082,-2.050489996,-1.917408859,2.56222901,-1.497649521,-0.054637157,0.181696772,0.012554995,-0.009182439
5.66,-1.992175155,-2.101036045,2.564954086,-1.496567082,-2.050827074,-1.917076603,2.577346755,-1.506039058,-0.058651918,0.183959441,0.012392669,-0.009471976
5.7,-1.987229562,-2.103678452,2.579824365,-1.507972156,-2.051228006,-1.916611067,2.597505974,-1.517222208,-0.063998444,0.187067385,0.01768161,-0.009250052
5.73,-1.983474507,-2.105707559,2.599587524,-1.517151131,-2.051485092,-1.916243987,2.612623154,-1.525607457,-0.068010585,0.189463571,0.013035629,-0.008456325
5.76,-1.979686889,-2.107772634,2.615064181,-1.525148631,-2.051698232,-1.915855216,2.627738469,-1.533993396,-0.072011343,0.191917418,0.012674288,-0.008844764
5.8,-1.974592371,-2.1105847,2.640477856,-1.536385557,-2.05193176,-1.915307007,2.647889341,-1.545179888,-0.077339389,0.195277693,0.007411486,-0.008794331
5.83,-1.970725764,-2.112753188,2.658680399,-1.54512083,-2.052076291,-1.914876079,2.663000843,-1.553571397,-0.081350526,0.197877108,0.004320444,-0.008450567
5.86,-1.96683147,-2.114965414,2.674817211,-1.55340333,-2.052199519,-1.914426711,2.67810923,-1.56196251,-0.085368049,0.200538703,0.003292019,-0.00855918
5.9,-1.961593723,-2.117981033,2.69966781,-1.564294118,-2.052347153,-1.913798721,2.698251071,-1.573151725,-0.09075343,0.204182312,-0.00141674,-0.008857607
5.93,-1.957619848,-2.120296062,2.710782138,-1.572386013,-2.052452091,-1.913303829,2.713354824,-1.581544245,-0.094832243,0.206992233,0.002572686,-0.009158231
5.96,-1.953603466,-2.122678582,2.726885935,-1.580536013,-2.05255827,-1.912786527,2.728456638,-1.589936568,-0.098954804,0.209892055,0.001570703,-0.009400555
6.0,-2.024536606,-2.10143659,2.742558451,-1.591094659,-2.052710111,-1.912069371,2.748589576,-1.601127329,-0.028173504,0.18936722,0.006031125,-0.01003267
6.03,-2.021292804,-2.103650039,2.761010207,-1.59950786,-2.052836871,-1.911508916,2.763687239,-1.609520713,-0.031544067,0.192141123,0.002677032,-0.010012853
6.06,-2.018010293,-2.105920587,2.777038899,-1.60802036,-2.052981953,-1.910922008,2.778788425,-1.617913327,-0.03497166,0.194998579,0.001749526,-0.009892967
6.1,-2.013565707,-2.109025467,2.802912646,-1.619304769,-2.053199963,-1.910104133,2.798926131,-1.629101739,-0.039634256,0.198921334,-0.003986515,-0.00979697
6.13,-2.010188147,-2.111391238,2.819374356,-1.627561678,-2.053374125,-1.909466144,2.814029597,-1.637492466,-0.043185978,0.201925094,-0.005344758,-0.009930788
6.16,-2.006783246,-2.113796071,2.835363484,-1.635744178,-2.053542781,-1.908803388,2.829136641,-1.645885944,-0.046759535,0.204992683,-0.006226843,-0.010141766
6.2,-2.002229079,-2.117085152,2.851444144,-1.648174027,-2.05373853,-1.907883657,2.849281563,-1.657079998,-0.051509451,0.209201496,-0.002162582,-0.008905972
6.23,-1.998790466,-2.119599949,2.863779636,-1.657289881,-2.053855012,-1.907167048,2.864388042,-1.665477677,-0.055064546,0.212432901,0.000608406,-0.008187796
6.26,-1.995322262,-2.122144881,2.879710228,-1.665639881,-2.053938883,-1.906426372,2.879492561,-1.673876053,-0.058616621,0.215718509,-0.000217667,-0.008236172
6.3,-1.990656957,-2.125602299,2.894470655,-1.676526513,-2.054011991,-1.905406929,2.899629099,-1.685070438,-0.063355035,0.22019537,0.005158445,-0.008543925
6.33,-1.987138632,-2.12825592,2.900829855,-1.685285427,-2.054042825,-1.904615352,2.914729799,-1.693464825,-0.066904193,0.223640568,0.013899944,-0.008179398
6.36,-1.983580386,-2.130970163,2.91578978,-1.693420427,-2.05405637,-1.90379409,2.92982756,-1.701859416,-0.070475984,0.227176073,0.01403778,-0.008438989
6.4,-1.978787921,-2.134668543,2.936221857,-1.70540887,-2.054060709,-1.902661001,2.949955036,-1.713051723,-0.075272788,0.232007542,0.013733179,-0.007642853
6.43,-1.97514635,-2.137516796,2.952338593,-1.713476663,-2.054059362,-1.901783442,2.965048094,-1.721445753,-0.078913011,0.235733353,0.012709501,-0.00796909
6.46,-1.971475856,-2.140419155,2.967527476,-1.721624163,-2.054059237,-1.90087539,2.980139001,-1.729840058,-0.082583381,0.239543765,0.012611525,-0.008215895
6.5,-2.05088558,-2.169954168,2.993391974,-1.733015512,-2.054067945,-1.899619216,3.000257472,-1.741031636,-0.003182365,0.270334952,0.006865498,-0.008016123
6.53,-2.04805222,-2.173262002,3.00961362,-1.741779285,-2.054086106,-1.898642861,3.015344135,-1.749425577,-0.006033886,0.274619141,0.005730514,-0.007646293
6.56,-2.045194243,-2.176611106,3.027622487,-1.750026785,-2.054121512,-1.897633576,3.030434173,-1.757822418,-0.008927269,0.278977529,0.002811685,-0.007795633
6.6,-2.04134587,-2.181153723,3.055563866,-1.760923343,-2.054190959,-1.896239762,3.050558399,-1.769019908,-0.012845088,0.284913961,-0.005005467,-0.008096564
6.63,-2.038444889,-2.18461774,3.072096535,-1.769851912,-2.054250753,-1.895152815,3.065654202,-1.777418459,-0.015805864,0.289464925,-0.006442333,-0.007566547
6.66,-2.035530786,-2.188130803,3.088614245,-1.778106912,-2.054301777,-1.894022861,3.080754309,-1.785813567,-0.018770991,0.294107942,-0.007859935,-0.007706655
6.7,-2.031613805,-2.19289349,3.112370305,-1.789825407,-2.054338007,-1.892467173,3.100893072,-1.7970042,-0.022724203,0.300426317,-0.011477233,-0.007178793
6.73,-2.028658717,-2.19651353,3.124856877,-1.797576329,-2.054333335,-1.891267543,3.115997684,-1.805394777,-0.025674617,0.305245987,-0.008859194,-0.007818448
6.76,-2.025675539,-2.200185415,3.141345061,-1.805928829,-2.054292867,-1.890031641,3.131102673,-1.813783398,-0.028617328,0.310153775,-0.010242388,-0.007854569
6.8,-2.021657057,-2.205167853,3.151882636,-1.8164414,-2.054193265,-1.888327547,3.151242837,-1.824970581,-0.032536208,0.316840306,-0.000639799,-0.008529181
6.83,-2.018616447,-2.20897361,3.166962654,-1.825169756,-2.054089461,-1.887006958,3.166347738,-1.833363092,-0.035473013,0.321966651,-0.000614916,-0.008193337
6.86,-2.015545099,-2.212832254,3.181322781,-1.833364756,-2.053964275,-1.885645803,3.181453068,-1.84175541,-0.038419176,0.327186451,0.000130287,-0.008390654
6.9,-2.011402364,-2.218081991,3.199532444,-1.844581564,-2.053777128,-1.883771421,3.201592439,-1.85294619,-0.042374763,0.33431057,0.002059995,-0.008364626
6.93,-2.008262933,-2.22208805,3.215082691,-1.853406263,-2.053625747,-1.882314064,3.216697461,-1.861339814,-0.045362813,0.339773986,0.00161477,-0.007933551
6.96,-2.005088018,-2.226151446,3.22177659,-1.861583763,-2.05346953,-1.880801498,3.231801132,-1.869733056,-0.048381512,0.345349948,0.010024542,-0.008149293
7.0,-2.044013473,-2.120265565,3.239803623,-1.872876101,-2.053265252,-1.878713426,3.251940032,-1.880924943,-0.00925178,0.241552139,0.012136408,-0.008048842
7.03,-2.041258987,-2.123230872,3.253571083,-1.881713121,-2.053120647,-1.877092573,3.267043034,-1.889319379,-0.01186166,0.246138299,0.013471951,-0.007606258
7.06,-2.038489565,-2.126250523,3.268547153,-1.889995621,-2.05298854,-1.875409782,3.282149133,-1.897707911,-0.014498975,0.25084074,0.01360198,-0.00771229
7.1,-2.0347896,-2.130340694,3.287937265,-1.900817795,-2.052828444,-1.873080884,3.302292187,-1.90888735,-0.018038845,0.25725981,0.014354922,-0.008069555
7.13,-2.031991478,-2.133469782,3.308374561,-1.909694278,-2.052714742,-1.871278159,3.317401663,-1.917269961,-0.020723264,0.262191623,0.009027102,-0.007575683
7.16,-2.029178461,-2.13666128,3.323809899,-1.918084278,-2.052593865,-1.869430095,3.33251561,-1.925656128,-0.023415404,0.267231185,0.00870571,-0.00757185
7.2,-2.02540221,-2.140999982,3.338594039,-1.929643412,-2.052400027,-1.866908311,3.352673418,-1.936841296,-0.026997817,0.274091671,0.01407938,-0.007197884
7.23,-2.022549159,-2.144321823,3.353999227,-1.938115606,-2.052219047,-1.86497266,3.367793631,-1.945232768,-0.029669888,0.279349163,0.013794404,-0.007117161
7.26,-2.019670963,-2.147694786,3.368065041,-1.946175606,-2.051998754,-1.862997236,3.38291435,-1.953627526,-0.032327792,0.28469755,0.014849309,-0.00745192
7.3,-2.015798997,-2.152274482,3.390017728,-1.957281842,-2.051657222,-1.860318869,3.403077516,-1.964819813,-0.035858225,0.291955613,0.013059787,-0.007537971
7.33,-2.012872398,-2.155759014,3.411592731,-1.965764544,-2.051368399,-1.858275176,3.418199986,-1.973212194,-0.038496001,0.297483839,0.006607255,-0.007447651
7.36,-2.00992749,-2.159288779,3.427466744,-1.974402044,-2.051049637,-1.856188741,3.433324422,-1.98160532,-0.041122147,0.303100037,0.005857678,-0.007203277
7.4,-2.005972098,-2.164089181,3.439410494,-1.986478797,-2.050592169,-1.853347008,3.453489445,-1.99279631,-0.044620071,0.310742173,0.014078951,-0.006317512
7.43,-2.002981554,-2.167753395,3.455339487,-1.994899254,-2.05023204,-1.85117467,3.46861485,-2.00118958,-0.047250486,0.316578726,0.013275363,-0.006290326
7.46,-1.999979327,-2.171476298,3.461039779,-2.003571754,-2.049861634,-1.848961882,3.483739453,-2.009584155,-0.049882307,0.322514416,0.022699674,-0.0060124
7.5,-2.03344851,-2.132087981,3.475488134,-2.014949147,-2.049358091,-1.845947497,3.503907448,-2.020776782,-0.015909581,0.286140484,0.028419314,-0.005827635
7.53,-2.030829697,-2.135457356,3.490516786,-2.023858264,-2.048976611,-1.843633803,3.519032927,-2.029170397,-0.018146914,0.291823553,0.028516141,-0.005312133
7.56,-2.028186371,-2.138893673,3.510746703,-2.032273264,-2.048599016,-1.841269424,3.534159553,-2.037567721,-0.020412645,0.297624249,0.02341285,-0.005294457
7.6,-2.024638523,-2.14356896,3.536158201,-2.04316519,-2.048106838,-1.838054165,3.554328527,-2.048768576,-0.023468315,0.305514795,0.018170326,-0.005603386
7.63,-2.021981393,-2.147148591,3.552105468,-2.051588398,-2.047741961,-1.83559428,3.569455676,-2.057171177,-0.025760568,0.311554312,0.017350208,-0.005582779
7.66,-2.019314913,-2.150788312,3.574730306,-2.059720898,-2.047371171,-1.833084778,3.58458467,-2.065571361,-0.028056258,0.317703534,0.009854365,-0.005850464
7.7,-2.015759545,-2.155725314,3.593323153,-2.070288995,-2.046859998,-1.829682457,3.60475817,-2.076768105,-0.031100453,0.326042857,0.011435017,-0.006479109
7.73,-2.013085983,-2.1595003,3.608793567,-2.078423858,-2.046462435,-1.827096789,3.619889578,-2.08516559,-0.033376452,0.332403511,0.011096011,-0.006741732
7.76,-2.010398829,-2.163347145,3.62630701,-2.086543858,-2.046048917,-1.824478503,3.635020224,-2.093562211,-0.035650088,0.338868642,0.008713214,-0.007018353
7.8,-2.006795136,-2.168569978,3.645130025,-2.097337551,-2.045474217,-1.820935699,3.655196043,-2.104755653,-0.038679081,0.347634278,0.010066018,-0.007418102
7.83,-2.004079197,-2.172553392,3.656574321,-2.106071895,-2.045028601,-1.81823779,3.670326879,-2.113149959,-0.040949404,0.354315602,0.013752558,-0.007078064
7.86,-2.001358634,-2.176593207,3.672260525,-2.114474395,-2.044576622,-1.815502519,3.685459144,-2.121544176,-0.043217988,0.361090687,0.013198619,-0.007069782
7.9,-1.997759321,-2.182096663,3.697329014,-2.125431239,-2.043974325,-1.811804784,3.705634279,-2.132738686,-0.046215004,0.370291879,0.008305265,-0.007307447
7.93,-1.995062913,-2.186297821,3.71317082,-2.133686554,-2.043524985,-1.808986413,3.720766615,-2.141133931,-0.048462072,0.377311408,0.007595795,-0.007447377
7.96,-1.992353236,-2.190583008,3.728890783,-2.141929054,-2.043081478,-1.806116277,3.735898026,-2.149525413,-0.050728242,0.384466731,0.007007243,-0.007596359
8.0,-2.051410185,-2.176168311,3.753914363,-2.152902448,-2.042509365,-1.80222194,3.756073667,-2.160713228,0.008900821,0.373946371,0.002159304,-0.007810779
8.03,-2.049372706,-2.180379556,3.768041368,-2.162226714,-2.042102459,-1.799251396,3.771204675,-2.169107398,0.007270247,0.38112816,0.003163307,-0.006880684
8.06,-2.047334786,-2.184669665,3.78432882,-2.170486714,-2.041722129,-1.7962243,3.786335794,-2.177499519,0.005612657,0.388445365,0.002006975,-0.007012806
8.1,-2.04458079,-2.190487655,3.808474522,-2.1819067,-2.041249175,-1.79210211,3.806510122,-2.188682341,0.003331615,0.398385546,-0.0019644,-0.006775641
8.13,-2.042502179,-2.194919044,3.825059382,-2.190040564,-2.040917212,-1.788947146,3.821638542,-2.19706417,0.001584966,0.405971898,-0.00342084,-0.007023606
8.16,-2.040418505,-2.199424875,3.841674224,-2.198510564,-2.040602757,-1.785737871,3.836766777,-2.20544727,-0.000184253,0.413687004,-0.004907447,-0.006936706
8.2,-2.037630252,-2.205537436,3.863162907,-2.209275461,-2.040193976,-1.781394261,3.856935921,-2.216631465,-0.002563724,0.424143175,-0.006226986,-0.007356004
8.23,-2.035538351,-2.210182048,3.880573991,-2.218069286,-2.039885776,-1.778087833,3.872062446,-2.225019349,-0.004347426,0.432094215,-0.008511545,-0.006950063
8.26,-2.033433068,-2.214881197,3.897341699,-2.226141786,-2.039570215,-1.774732987,3.887186724,-2.233405845,-0.006137147,0.44014821,-0.010154974,-0.007264059
8.3,-2.03061275,-2.221243192,3.918966914,-2.237250519,-2.039142757,-1.770199221,3.907351584,-2.244591634,-0.008530007,0.451043971,-0.011615329,-0.007341115
8.33,-2.028503842,-2.226104252,3.936895672,-2.246442833,-2.038820691,-1.766752164,3.922473065,-2.252983817,-0.010316849,0.459352087,-0.014422607,-0.006540985
8.36,-2.026398013,-2.231030056,3.953870107,-2.254660333,-2.038498912,-1.763249633,3.937593688,-2.26137652,-0.012100899,0.467780423,-0.016276419,-0.006716187
8.4,-2.023588203,-2.23770038,3.974875129,-2.265359812,-2.038074656,-1.758493328,3.957751595,-2.272562244,-0.014486452,0.479207053,-0.017123533,-0.007202432
8.43,-2.021486338,-2.242785662,3.990793782,-2.273915393,-2.037767327,-1.754857861,3.972868211,-2.280951223,-0.016280989,0.487927801,-0.017925571,-0.007035829
8.46,-2.019398143,-2.247938279,4.007763273,-2.282285393,-2.037480464,-1.751150588,3.987982786,-2.289345442,-0.018082321,0.496787691,-0.019780487,-0.007060048
8.5,-2.075991956,-2.199329193,4.029474653,-2.293637954,-2.037131561,-1.746099393,4.008132048,-2.300541041,0.038860395,0.4532298,-0.021342605,-0.006903087
8.53,-2.074570718,-2.204023237,4.047403895,-2.302750479,-2.036897025,-1.742220214,4.023241847,-2.308933707,0.037673693,0.461803023,-0.024162047,-0.006183228
8.56,-2.073157715,-2.208783065,4.064522454,-2.311057979,-2.03669494,-1.738244373,4.038350751,-2.317326906,0.036462775,0.470538693,-0.026171703,-0.006268927
8.6,-2.071297322,-2.215226465,4.083540857,-2.322656915,-2.036472999,-1.732815827,4.058495073,-2.328526309,0.034824323,0.482410638,-0.025045784,-0.005869393
8.63,-2.069926736,-2.220136217,4.096809217,-2.331090631,-2.0363351,-1.728651477,4.073600887,-2.336932636,0.033591636,0.49148474,-0.02320833,-0.005842006
8.66,-2.068576297,-2.225113017,4.11372685,-2.339298131,-2.036208505,-1.724398698,4.088706132,-2.345335509,0.032367792,0.500714319,-0.025020718,-0.006037378
8.7,-2.066795632,-2.231862109,4.132788129,-2.351189287,-2.036034399,-1.718624665,4.108844083,-2.356529822,0.030761233,0.513237445,-0.023944046,-0.005340535
8.73,-2.065462931,-2.236979035,4.144174527,-2.359577785,-2.035892183,-1.714228559,4.123947392,-2.364926156,0.029570749,0.522750476,-0.020227135,-0.005348371
8.76,-2.064157376,-2.24214768,4.160875871,-2.367900285,-2.035730172,-1.709775955,4.139048593,-2.373324757,0.028427205,0.532371725,-0.021827278,-0.005424472
8.8,-2.062446593,-2.249125527,4.178667777,-2.379649458,-2.035474484,-1.703763967,4.159183436,-2.384519949,0.02697211,0.545361561,-0.019484342,-0.004870492
8.83,-2.061172544,-2.254438395,4.194522273,-2.388118422,-2.035248049,-1.699197242,4.174283006,-2.392914094,0.025924495,0.555241152,-0.020239267,-0.004795672
8.86,-2.05989902,-2.259832116,4.211126148,-2.396535922,-2.034988963,-1.694574371,4.189382116,-2.401308,0.024910057,0.565257745,-0.021744032,-0.004772078
8.9,-2.058201114,-2.26714532,4.229466508,-2.407190626,-2.03460536,-1.688335663,4.209512792,-2.412503283,0.023595754,0.578809657,-0.019953716,-0.005312657
8.93,-2.056937507,-2.272708756,4.24383565,-2.415537288,-2.034288746,-1.68359497,4.224609793,-2.420900301,0.022648761,0.589113786,-0.019225858,-0.005363013
8.96,-2.055686113,-2.27834527,4.260328711,-2.423994788,-2.033941889,-1.678784033,4.239705887,-2.429294606,0.021744224,0.599561237,-0.020622824,-0.005299818
9.0,-2.084249408,-2.14165102,4.278210297,-2.434740125,-2.033445514,-1.672270138,4.259831244,-2.440484464,0.050803894,0.469380883,-0.018379053,-0.005744339
9.03,-2.083356934,-2.145871521,4.284512865,-2.442516824,-2.033054938,-1.667308228,4.274924352,-2.448879766,0.050301995,0.478563294,-0.009588513,-0.006362942
9.06,-2.082478063,-2.150170527,4.300611115,-2.450934324,-2.032649677,-1.662263598,4.290021807,-2.457273301,0.049828386,0.487906929,-0.010589308,-0.006338976
9.1,-2.081350683,-2.156021492,4.32353082,-2.461448514,-2.032081538,-1.655422938,4.310156558,-2.46845774,0.049269146,0.500598554,-0.013374263,-0.007009225
9.13,-2.08052546,-2.160491637,4.339080574,-2.470020636,-2.031624437,-1.650216702,4.325257577,-2.476838731,0.048901022,0.510274935,-0.013822997,-0.006818095
9.16,-2.079697969,-2.165025257,4.355337608,-2.478213136,-2.031122485,-1.644960003,4.340360177,-2.485218316,0.048575484,0.520065254,-0.014977431,-0.00700518
9.2,-2.078613958,-2.171174386,4.385423937,-2.488985607,-2.030368743,-1.637919692,4.360497978,-2.496395672,0.048245215,0.533254695,-0.02492596,-0.007410065
9.23,-2.077817086,-2.175862664,4.397019161,-2.497446622,-2.029721548,-1.63263338,4.375602182,-2.504781098,0.048095538,0.543229284,-0.021416979,-0.007334476
9.26,-2.077033858,-2.180612202,4.413534215,-2.505736622,-2.028976366,-1.627357122,4.390704899,-2.51317256,0.048057492,0.55325508,-0.022829316,-0.007435939
9.3,-2.076017273,-2.187052461,4.432166943,-2.516565773,-2.027846281,-1.620354522,4.410841476,-2.524365452,0.048170992,0.566697939,-0.021325467,-0.00779968
9.33,-2.07526901,-2.191962104,4.452706381,-2.524870863,-2.026896675,-1.61513462,4.425943581,-2.532756191,0.048372336,0.576827484,-0.0267628,-0.007885328
9.36,-2.074533104,-2.196942779,4.469380777,-2.533190863,-2.025842762,-1.609947386,4.441045648,-2.541145157,0.048690342,0.586995393,-0.028335129,-0.007954294
9.4,-2.073605828,-2.203687632,4.495687126,-2.544975055,-2.024296234,-1.603069002,4.461181769,-2.552336721,0.049309594,0.60061863,-0.034505357,-0.007361666
9.43,-2.072927651,-2.208818544,4.49829545,-2.553535411,-2.023035065,-1.597936265,4.476282927,-2.56073369,0.049892585,0.610882279,-0.022012523,-0.007198279
9.46,-2.072265106,-2.214020078,4.514750652,-2.561790411,-2.02168243,-1.592827364,4.49138457,-2.569126746,0.050582676,0.621192714,-0.023366082,-0.007336336
9.5,-2.066633776,-2.019212143,4.526060578,-2.573525744,-2.019764588,-1.586037893,4.511518521,-2.58031448,0.046869188,0.43317425,-0.014542057,-0.006788736
9.53,-2.065970416,-2.022353074,4.547981142,-2.581804477,-2.01824217,-1.5809531,4.526619384,-2.588706891,0.047728246,0.441399975,-0.021361758,-0.006902414
9.56,-2.065329801,-2.025571512,4.564425888,-2.589929477,-2.016641541,-1.575866704,4.541711667,-2.597104054,0.048688261,0.449704808,-0.022714222,-0.007174577
9.6,-2.064509624,-2.029967887,4.579866573,-2.601107628,-2.014412121,-1.569087918,4.561785535,-2.608300429,0.050097503,0.460879968,-0.018081037,-0.007192802
9.63,-2.063930129,-2.033339485,4.599309395,-2.609497468,-2.012664847,-1.564023,4.576777271,-2.616696431,0.051265282,0.469316484,-0.022532123,-0.007198963
9.66,-2.063389614,-2.036774423,4.615694071,-2.617597468,-2.010824363,-1.559007019,4.591676112,-2.625095962,0.052565251,0.477767404,-0.024017959,-0.007498494
9.7,-2.062733264,-2.041460156,4.643994207,-2.629350663,-2.008218006,-1.552431114,4.611374351,-2.636308722,0.054515258,0.489029043,-0.032619856,-0.006958059
9.73,-2.062261286,-2.045046276,4.658971361,-2.637996376,-2.006138101,-1.547613821,4.626002544,-2.64472422,0.056123185,0.497432455,-0.032968817,-0.006727844
9.76,-2.061810089,-2.048710133,4.675272856,-2.646388876,-2.003927954,-1.542940358,4.640452208,-2.65313046,0.057882136,0.505769776,-0.034820648,-0.006741584
9.8,-2.061250932,-2.053697973,4.691176632,-2.656910547,-2.000801493,-1.536921899,4.659430305,-2.664325283,0.060449439,0.516776074,-0.031746327,-0.007414736
9.83,-2.060865149,-2.057531165,4.691113761,-2.66592238,-1.998318351,-1.532572463,4.673435638,-2.6727281,0.062546798,0.524958702,-0.017678122,-0.006805721
9.86,-2.060506133,-2.061443209,4.706264814,-2.67409738,-1.99570014,-1.528388698,4.687193961,-2.681145274,0.064805993,0.533054512,-0.019070853,-0.007047894
9.9,-2.06006776,-2.066758785,4.711381493,-2.685797328,-1.992044998,-1.523030393,4.705190403,-2.692360547,0.068022762,0.543728393,-0.006191091,-0.006563219
9.93,-2.059777295,-2.070808682,4.714256008,-2.693829254,-1.989189749,-1.51917263,4.71843249,-2.700756517,0.070587546,0.551636052,0.004176482,-0.006927263
9.96,-2.059527848,-2.074924939,4.728043119,-2.702206754,-1.98622565,-1.515465645,4.731421787,-2.70915393,0.073302198,0.559459294,0.003378668,-0.006947176
10.0,-2.069751896,-1.965026451,4.751700629,-2.713533292,-1.982136979,-1.510708396,4.74839819,-2.720366455,0.087614916,0.454318055,-0.003302438,-0.006833163
10.03,-2.069702397,-1.968001512,4.768216547,-2.722084456,-1.978979725,-1.507271153,4.760881923,-2.72877516,0.090722672,0.460730359,-0.007334624,-0.006690704
10.06,-2.069691075,-1.971039365,4.781622179,-2.730256956,-1.975746406,-1.503952619,4.77300095,-2.737131363,0.09394467,0.467086746,-0.008621229,-0.006874407
10.1,-2.069744024,-1.975189703,4.807186669,-2.741976508,-1.97131557,-1.499657889,4.78843885,-2.74819398,0.098428454,0.475531814,-0.018747819,-0.006217472
10.13,-2.069844508,-1.978384515,4.80360313,-2.750953492,-1.967858605,-1.496511417,4.79945493,-2.756494259,0.101985903,0.481873098,-0.0041482,-0.005540768
10.16,-2.069991652,-1.981653551,4.815301095,-2.759053492,-1.964224418,-1.493423291,4.80990004,-2.764838162,0.105767234,0.488230259,-0.005401055,-0.00578467
10.2,-2.070257129,-1.986099525,4.828478224,-2.769795801,-1.95913874,-1.48938403,4.823092927,-2.775954183,0.111118389,0.496715495,-0.005385297,-0.006158382
10.23,-2.07049798,-1.989509981,4.837155039,-2.778726107,-1.955144537,-1.486408175,4.832460971,-2.784245008,0.115353443,0.503101806,-0.004694068,-0.005518901
10.26,-2.070787416,-1.992981771,4.847306524,-2.786986107,-1.950935459,-1.483458305,4.841338963,-2.792538856,0.119851957,0.509523466,-0.005967561,-0.00555275
10.3,-2.071270996,-1.997709839,4.866416542,-2.797929241,-1.944983262,-1.479511818,4.852557998,-2.803654717,0.126287734,0.518198021,-0.013858544,-0.005725476
10.33,-2.071693317,-2.001336761,4.871392689,-2.805433456,-1.940262669,-1.476520771,4.860521668,-2.812006676,0.131430648,0.524815989,-0.010871021,-0.00657322
10.36,-2.072162561,-2.005033096,4.880386502,-2.813633456,-1.935300388,-1.473479502,4.868065019,-2.820351554,0.136862173,0.531553594,-0.012321483,-0.006718098
10.4,-2.072871817,-2.010051734,4.890870161,-2.825314835,-1.928333944,-1.469317643,4.877586874,-2.831494446,0.144537873,0.540734091,-0.013283287,-0.006179611
10.43,-2.073469122,-2.013878766,4.898184198,-2.833696141,-1.922807942,-1.466085636,4.884348941,-2.839857431,0.150661179,0.54779313,-0.013835258,-0.00616129
10.46,-2.07411334,-2.017765148,4.906070526,-2.842063641,-1.916965014,-1.462719818,4.890736459,-2.848207442,0.157148326,0.55504533,-0.015334068,-0.006143801
10.5,-1.983106422,-1.869569625,4.906513808,-2.852932408,-1.908773267,-1.458038851,4.898793036,-2.85936194,0.074333155,0.411530774,-0.007720772,-0.006429532
10.53,-1.982851637,-1.871873647,4.911616669,-2.861517952,-1.902324568,-1.454369401,4.904490959,-2.867762071,0.080527068,0.417504247,-0.00712571,-0.006244119
10.56,-1.98266994,-1.874241753,4.918296001,-2.869567952,-1.89552904,-1.450515827,4.909879781,-2.876145772,0.0871409,0.423725926,-0.00841622,-0.006577821
10.6,-1.982521848,-1.877508014,4.917456151,-2.880928739,-1.885967351,-1.445115511,4.916673952,-2.887266294,0.096554498,0.432392503,-0.000782199,-0.006337555
10.63,-1.982478566,-1.880027156,4.912905067,-2.889712652,-1.878425208,-1.440877479,4.921495581,-2.895603955,0.104053358,0.439149677,0.008590515,-0.005891303
10.66,-1.982494866,-1.882593449,4.918311043,-2.898117652,-1.870512071,-1.436470772,4.926055951,-2.90398292,0.111982795,0.446122677,0.007744908,-0.005865268
10.7,-1.982647787,-1.886069296,4.921578693,-2.908446658,-1.859414115,-1.430382486,4.931810378,-2.91516124,0.123233672,0.45568681,0.010231686,-0.006714582
10.73,-1.982874327,-1.888728559,4.921003613,-2.917356926,-1.850647791,-1.425656787,4.93588858,-2.923525479,0.132226536,0.463071772,0.014884968,-0.006168553
10.76,-1.983182781,-1.891439982,4.925551513,-2.925466926,-1.841441591,-1.420770807,4.939739653,-2.931887893,0.14174119,0.470669176,0.01418814,-0.006420967
10.8,-1.983704878,-1.895139002,4.917707882,-2.936582359,-1.828603463,-1.414035353,4.944588477,-2.943088401,0.155101416,0.481103648,0.026880596,-0.006506042
10.83,-1.98418804,-1.897984884,4.921088332,-2.945187481,-1.818538331,-1.408805187,4.948016646,-2.951517644,0.165649709,0.489179697,0.026928314,-0.006330163
10.86,-1.98474064,-1.900906651,4.92476681,-2.953527481,-1.808000062,-1.403378457,4.951254274,-2.959913847,0.176740578,0.497528194,0.026487464,-0.006386366
10.9,-1.985568304,-1.904898259,4.929513928,-2.964700176,-1.793314878,-1.395869948,4.955318949,-2.971061543,0.192253426,0.509028311,0.025805022,-0.006361367
10.93,-1.986260365,-1.907961582,4.943529195,-2.974068748,-1.781846111,-1.390032995,4.958194106,-2.979455225,0.204414254,0.517928587,0.014664911,-0.005386477
10.96,-1.987056197,-1.911097607,4.947178747,-2.982288748,-1.769923594,-1.38398777,4.96088834,-2.987906412,0.217132602,0.527109837,0.013709593,-0.005617664
11.0,-1.890420178,-1.774395962,4.948285,-2.994051031,-1.753375586,-1.375640793,4.964247795,-2.999137675,0.137044592,0.398755169,0.015962794,-0.005086644
11.03,-1.890363784,-1.776128415,4.950503889,-3.003297766,-1.740462721,-1.369164148,4.96657192,-3.007499775,0.149901063,0.406964267,0.016068031,-0.004202009
11.06,-1.890384361,-1.777934555,4.953641121,-3.011637766,-1.727067839,-1.362475469,4.968722124,-3.015880657,0.163316522,0.415459086,0.015081003,-0.004242891
11.1,-1.89053485,-1.780445931,4.953636033,-3.023253691,-1.708579001,-1.353287579,4.971378162,-3.027142459,0.181955849,0.427158352,0.017742129,-0.003888769
11.13,-1.890769664,-1.782388475,4.960002598,-3.031283454,-1.694213352,-1.346207411,4.973225781,-3.035588635,0.196556312,0.436181064,0.013223183,-0.004305181
11.16,-1.891113244,-1.784386476,4.962858288,-3.039690954,-1.679317358,-1.338962146,4.974928045,-3.043972571,0.211795886,0.44542433,0.012069757,-0.004281618
11.2,-1.891720207,-1.787135037,4.976921629,-3.050892372,-1.658768217,-1.329122512,4.977010428,-3.055142484,0.23295199,0.458012525,8.88e-05,-0.004250112
11.23,-1.892287149,-1.789260962,4.97831459,-3.060054291,-1.642864023,-1.321630756,4.978436144,-3.063560055,0.249423125,0.467630206,0.000121555,-0.003505764
11.26,-1.892962479,-1.791461632,4.981191745,-3.068294291,-1.626457681,-1.314042695,4.979721474,-3.071994709,0.266504799,0.477418936,-0.001470271,-0.003700418
11.3,-1.894043571,-1.794523292,4.978063872,-3.080186062,-1.603871701,-1.303807164,4.981248748,-3.083202323,0.29017187,0.490716128,0.003184876,-0.003016261
11.33,-1.894971072,-1.796913547,4.975695458,-3.089540516,-1.586403472,-1.296047808,4.982245888,-3.091584364,0.3085676,0.500865739,0.00655043,-0.002043849
11.36,-1.896001565,-1.79937114,4.977996658,-3.097765516,-1.568439828,-1.288212265,4.98312317,-3.099988131,0.327561737,0.511158875,0.005126513,-0.002222615
11.4,-1.897560978,-1.80274497,4.969739296,-3.108697319,-1.543835664,-1.277668965,4.984148108,-3.111231952,0.353725314,0.525076005,0.014408812,-0.002534634
11.43,-1.898887493,-1.805338547,4.961861291,-3.117591913,-1.524867598,-1.269691473,4.984825178,-3.119650834,0.374019895,0.535647075,0.022963887,-0.002058921
11.46,-1.900333575,-1.807981451,4.963408317,-3.125814413,-1.505376424,-1.261646725,4.985404269,-3.128032171,0.394957151,0.546334726,0.021995952,-0.002217758
11.5,-1.830796651,-1.681055134,4.982842047,-3.135980269,-1.478735558,-1.250835018,4.986080646,-3.139219214,0.352061093,0.430220116,0.003238599,-0.003238945
11.53,-1.831698443,-1.682393348,4.980660741,3.139625549,-1.458286777,-1.242665239,4.986524612,3.135539064,0.373411666,0.439728109,0.005863871,-0.004086485
11.56,-1.832737282,-1.683785225,4.982548638,3.131198049,-1.437352876,-1.234439252,4.986898519,3.127119092,0.395384406,0.449345973,0.004349881,-0.004078957
11.6,-1.83432774,-1.685725075,4.997180699,3.119467817,-1.40877085,-1.223413016,4.98726025,3.115945508,0.42555689,0.462312059,-0.009920449,-0.003522309
11.63,-1.835669847,-1.687237757,5.009671391,3.112637272,-1.386850498,-1.215119446,4.987428087,3.107576931,0.448819349,0.472118311,-0.022243304,-0.005060341
11.66,-1.837145622,-1.688789764,5.012136759,3.104509772,-1.36448141,-1.20683267,4.987503991,3.099186536,0.472664212,0.481957094,-0.024632768,-0.005323237
11.7,-1.839339121,-1.690930008,5.002047419,3.093395918,-1.334056101,-1.195832443,4.98748147,3.087985433,0.50528302,0.495097565,-0.014565949,-0.005410484
11.73,-1.841154472,-1.69261232,5.00263794,3.084938622,-1.310770326,-1.187635818,4.987366707,3.079584081,0.530384146,0.504976502,-0.015271234,-0.005354541
11.76,-1.84312136,-1.694372144,5.004538367,3.076451122,-1.287028265,-1.179499809,4.987161269,3.071180252,0.556093096,0.514872336,-0.017377098,-0.00527087
11.8,-1.845956163,-1.696823181,5.001784681,3.06349806,-1.254812962,-1.168728258,4.986821648,3.059971454,0.591143201,0.528094923,-0.014963033,-0.003526606
11.83,-1.848266999,-1.698739673,5.001873426,3.055248064,-1.230244392,-1.160702189,4.986520351,3.05156055,0.618022606,0.538037484,-0.015353076,-0.003687514
11.86,-1.850727466,-1.700725491,5.003613314,3.046893064,-1.205251134,-1.152725628,4.986183627,3.043154668,0.645476332,0.547999864,-0.017429687,-0.003738396
11.9,-1.854218452,-1.703463636,4.997547305,3.035059229,-1.17136341,-1.142152186,4.985667479,3.031969346,0.682855043,0.561311451,-0.011879827,-0.003089883
11.93,-1.856994342,-1.705595616,4.995350614,3.026909174,-1.145556932,-1.134264146,4.985240622,3.023582221,0.71143741,0.57133147,-0.010109993,-0.003326953
11.96,-1.859918925,-1.707785116,4.996752177,3.018586674,-1.119389593,-1.126414901,4.984776721,3.015177607,0.740529332,0.581370215,-0.011975456,-0.003409067
12.0,-1.615623801,-1.542047109,4.992869127,3.00796945,-1.08400466,-1.116004204,4.984128286,3.00397237,0.53161914,0.426042905,-0.00874084,-0.00399708
12.03,-1.616159575,-1.542532163,4.994952008,3.000384973,-1.057085967,-1.108240074,4.98361713,2.995587993,0.559073608,0.434292089,-0.011334878,-0.00479698
12.06,-1.616845524,-1.543079392,4.996310701,2.992109973,-1.029814585,-1.100518704,4.983084535,2.987205859,0.587030939,0.442560688,-0.013226166,-0.004904114
12.1,-1.618013,-1.543903767,4.989632884,2.982043483,-0.993031472,-1.090284311,4.982354099,2.976005779,0.624981528,0.453619456,-0.007278785,-0.006037704
12.13,-1.61909549,-1.544577471,4.996548703,2.973538309,-0.96512922,-1.0826688,4.98179195,2.967598214,0.65396627,0.461908671,-0.014756753,-0.005940095
12.16,-1.620340771,-1.54530417,4.997941748,2.965105809,-0.936896892,-1.075140569,4.981224638,2.959194498,0.683443879,0.470163601,-0.016717109,-0.005911311
12.2,-1.622251274,-1.546374126,4.998534885,2.954324298,-0.898843477,-1.065246846,4.980454745,2.947984406,0.723407798,0.481127281,-0.01808014,-0.006339892
12.23,-1.623848538,-1.547268801,5.007913385,2.946334496,-0.87003677,-1.057942233,4.979875721,2.939574758,0.753811768,0.489326568,-0.028037665,-0.006759738
12.26,-1.62560379,-1.548237624,5.009658807,2.938099496,-0.840983596,-1.050759506,4.97928856,2.931173224,0.784620194,0.497478118,-0.030370248,-0.006926271
12.3,-1.628204606,-1.549619118,5.007456635,2.92681483,-0.80189472,-1.041354663,4.978507521,2.919969711,0.826309886,0.508264455,-0.028949114,-0.006845119
12.33,-1.630337966,-1.550700102,5.004640038,2.91834769,-0.772316757,-1.034429882,4.977901786,2.911563543,0.858021209,0.51627022,-0.026738251,-0.006784147
12.36,-1.63263824,-1.551826739,5.006203968,2.90998519,-0.742516417,-1.027624579,4.977289158,2.903164242,0.890121824,0.52420216,-0.02891481,-0.006820948
12.4,-1.63595197,-1.553405973,5.004390955,2.898395346,-0.702524607,-1.018700303,4.976471521,2.891972948,0.933427363,0.53470567,-0.027919434,-0.006422398
12.43,-1.638620979,-1.554647038,5.001741281,2.889761668,-0.672327729,-1.012121268,4.975871436,2.883580514,0.96629325,0.54252577,-0.025869845,-0.006181154
12.46,-1.641459879,-1.55593989,5.003221015,2.881389168,-0.641917434,-1.005659327,4.975278188,2.875188433,0.999542445,0.550280563,-0.027942827,-0.006200735
12.5,-1.393950669,-1.447814201,4.981084069,2.870767444,-0.601128061,-0.997189165,4.974496974,2.864003216,0.792822608,0.450625035,-0.006587095,-0.006764228
12.53,-1.394369978,-1.448011168,4.96570242,2.862017617,-0.570389309,-0.990936584,4.973926207,2.855616263,0.823980669,0.457074584,0.008223787,-0.006401354
12.56,-1.394953631,-1.448254777,4.966105808,2.853737617,-0.539507199,-0.984783538,4.973386279,2.847231312,0.855446432,0.463471239,0.007280472,-0.006506305
12.6,-1.396037186,-1.448652026,4.962460158,2.84261683,-0.498117782,-0.976722398,4.972739379,2.836054367,0.897919404,0.471929628,0.010279221,-0.006562463
12.63,-1.397062691,-1.449008758,4.966283484,2.834211865,-0.466930018,-0.970785008,4.972314662,2.82767315,0.930132673,0.478223749,0.006031178,-0.006538715
12.66,-1.398281016,-1.449398404,4.966979992,2.826046865,-0.43563999,-0.964951903,4.971953769,2.819294209,0.962641026,0.484446502,0.004973777,-0.006752656
12.7,-1.400194043,-1.449954187,4.961597368,2.814013862,-0.393807804,-0.957317229,4.971522209,2.808123068,1.006386238,0.492636958,0.009924841,-0.005890794
12.73,-1.4018363,-1.450395788,4.948318568,2.806226413,-0.362337376,-0.951706738,4.971238406,2.799741491,1.039498925,0.49868905,0.022919839,-0.006484922
12.76,-1.403648997,-1.45089233,4.948618952,2.797871413,-0.330771365,-0.946212702,4.970980137,2.791354281,1.072877632,0.504679628,0.022361184,-0.006517132
12.8,-1.40633942,-1.45162212,4.956597056,2.787036863,-0.288603652,-0.939023385,4.970692849,2.780174222,1.117735768,0.512598735,0.014095794,-0.00686264
12.83,-1.408571641,-1.45221671,4.947879825,2.778980782,-0.256941834,-0.933722002,4.9705297,2.771793039,1.151629806,0.518494707,0.022649875,-0.007187743
12.86,-1.410990731,-1.452839028,4.948380428,2.770545782,-0.225235108,-0.928511295,4.970419184,2.763410688,1.185755623,0.524327733,0.022038756,-0.007135094
12.9,-1.41449268,-1.453741563,4.954022549,2.759876562,-0.182885776,-0.921686313,4.970311617,2.752235638,1.231606904,0.53205525,0.016289068,-0.007640924
12.93,-1.417320756,-1.454472801,4.948848037,2.752133292,-0.151090033,-0.916649108,4.970262916,2.743856988,1.266230723,0.537823693,0.021414879,-0.008276304
12.96,-1.420325958,-1.455250697,4.949543767,2.743570792,-0.119296138,-0.91167726,4.970249281,2.735477302,1.30102982,0.543573437,0.020705514,-0.00809349
13.0,-1.036093267,-1.303131157,4.952816956,2.731966575,-0.076908105,-0.90513312,4.970270212,2.724300965,0.959185162,0.397998037,0.017453256,-0.007665609
13.03,-1.035250728,-1.302321023,4.951353242,2.723803423,-0.045104972,-0.900294337,4.97032376,2.715920726,0.990145756,0.402026686,0.018970518,-0.007882697
13.06,-1.034574448,-1.301557923,4.952256001,2.715250923,-0.013299947,-0.895519741,4.970409114,2.707542304,1.0212745,0.406038182,0.018153113,-0.007708619
13.1,-1.033960676,-1.3006091,4.947111966,2.704284427,0.029061376,-0.889220338,4.970585086,2.69636836,1.063022052,0.411388762,0.02347312,-0.007916066
13.13,-1.033726599,-1.299920298,4.952253452,2.695376443,0.060785867,-0.88454559,4.970759248,2.687984907,1.094512466,0.415374708,0.018505796,-0.007391536
13.16,-1.033701552,-1.299248728,4.953374213,2.687293943,0.092477621,-0.879937323,4.970987962,2.679598723,1.126179174,0.419311405,0.017613749,-0.00769522
13.2,-1.033968034,-1.298395878,4.947685586,2.675687943,0.13468492,-0.873893466,4.971345802,2.668409594,1.168652954,0.424502412,0.023660216,-0.007278349
13.23,-1.034370906,-1.29779641,4.943461381,2.667415271,0.166273441,-0.869427698,4.971656635,2.660016108,1.200644347,0.428368711,0.028195253,-0.007399163
13.26,-1.034962096,-1.297213246,4.944431586,2.659177771,0.197768243,-0.865020277,4.97200464,2.651630214,1.232730339,0.432192968,0.027573054,-0.007547557
13.3,-1.036046846,-1.296481535,4.960028961,2.647643186,0.23965236,-0.859232181,4.972534341,2.640449014,1.275699206,0.437249354,0.01250538,-0.007194173
13.33,-1.037079369,-1.29596315,4.969199899,2.6393405,0.270995697,-0.854963264,4.972978177,2.632055235,1.308075065,0.440999886,0.003778279,-0.007285265
13.36,-1.038278428,-1.295469897,4.971088507,2.630913,0.302249753,-0.850753785,4.973451631,2.623661153,1.340528182,0.444716112,0.002363124,-0.007251847
13.4,-1.040158331,-1.294858335,4.974898119,2.620359529,0.343764043,-0.84519471,4.974096296,2.612477941,1.383922374,0.449663626,-0.000801823,-0.007881588
13.43,-1.041785898,-1.294429181,4.974896949,2.611308344,0.374783974,-0.8410638,4.974574871,2.604093022,1.416569872,0.453365381,-0.000322078,-0.007215322
13.46,-1.043614865,-1.294007671,4.976913863,2.602925844,0.405709459,-0.836979475,4.975057717,2.595703748,1.449324324,0.457028197,-0.001856145,-0.007222096
13.5,-0.678347565,-1.253105017,4.975491647,2.591768634,0.446808574,-0.831584134,4.975706727,2.584517413,1.125156139,0.421520883,0.00021508,-0.007251221
13.53,-0.676503179,-1.252303805,4.973013715,2.583015895,0.477505674,-0.827555443,4.976209289,2.576129426,1.154008852,0.424748362,0.003195574,-0.006886469
13.56,-0.674832403,-1.25151604,4.974933178,2.574545895,0.508066233,-0.823534174,4.976725819,2.567738141,1.182898637,0.427981866,0.001792641,-0.006807754
13.6,-0.67286238,-1.250488311,4.978048658,2.563581756,0.548660023,-0.818192295,4.977455461,2.556549108,1.221522404,0.432296016,-0.000593197,-0.007032648
13.63,-0.671585946,-1.249753046,4.983002637,2.555168161,0.578997143,-0.814197107,4.978023185,2.548162009,1.250583089,0.43555594,-0.004979452,-0.007006152
13.66,-0.670467211,-1.24905217,4.985232357,2.546960661,0.609204608,-0.810186954,4.978614922,2.539776217,1.279671819,0.438865216,-0.006617436,-0.007184444
13.7,-0.669240833,-1.248161601,4.984269573,2.535285197,0.649291086,-0.804792577,4.979416456,2.528581602,1.318531919,0.443369023,-0.004853117,-0.006703595
13.73,-0.668522108,-1.247511923,4.985906477,2.526240123,0.679229837,-0.800714468,4.980027652,2.52018374,1.347751944,0.446797455,-0.005878825,-0.006056383
13.76,-0.667982694,-1.246884893,4.988186349,2.517802623,0.709061611,-0.796611404,4.980643013,2.511802838,1.377044305,0.450273489,-0.007543336,-0.005999785
13.8,-0.667530427,-1.246110641,4.992680305,2.506560125,0.748672834,-0.791087135,4.981471332,2.500636239,1.416203261,0.455023506,-0.011208973,-0.005923886
13.83,-0.667377877,-1.245548625,4.990388127,2.497424793,0.778235906,-0.786885476,4.982100613,2.492245555,1.445613783,0.458663149,-0.008287514,-0.005179237
13.86,-0.667395325,-1.245010466,4.992726039,2.489254793,0.807658184,-0.782626369,4.982732372,2.483843723,1.475053509,0.462384098,-0.009993667,-0.00541107
13.9,-0.667697901,-1.244318359,4.988208798,2.478265306,0.846729864,-0.776890117,4.983579872,2.472661185,1.514427765,0.467428242,-0.004628926,-0.00560412
13.93,-0.668112767,-1.243821011,4.976810613,2.469314409,0.875912694,-0.772540431,4.98420986,2.464289007,1.544025461,0.47128058,0.007399247,-0.005025402
13.96,-0.668695573,-1.243334621,4.978627958,2.460926909,0.904949623,-0.768120202,4.98484859,2.455904731,1.573645196,0.475214419,0.006220632,-0.005022178
14.0,-0.131276735,-1.123428831,4.981339373,2.449202809,0.943466405,-0.762124049,4.985709992,2.444702365,1.074743139,0.361304782,0.004370619,-0.004500443
14.03,-0.126297618,-1.121641567,4.972658904,2.441027483,0.972224562,-0.75756309,4.986384871,2.436308078,1.09852218,0.364078478,0.013725967,-0.004719405
14.06,-0.121472103,-1.119871893,4.974340792,2.432554983,1.000863763,-0.752943509,4.987075517,2.427936372,1.122335866,0.366928384,0.012734725,-0.004618611
14.1,-0.115273247,-1.117567978,4.974149954,2.421723005,1.038863277,-0.746677724,4.988023284,2.416767324,1.154136525,0.370890254,0.01387333,-0.00495568
14.13,-0.110821698,-1.115870642,4.970622638,2.412714906,1.067211118,-0.741884599,4.988754864,2.408366718,1.178032816,0.373986044,0.018132226,-0.004348187
14.16,-0.106535303,-1.114173902,4.972224352,2.404162406,1.095423848,-0.73700848,4.989511866,2.399964972,1.201959151,0.377165422,0.017287514,-0.004197434
14.2,-0.101083153,-1.1119308,4.974076181,2.392658973,1.132885505,-0.730416468,4.990539608,2.388795124,1.233968658,0.381514332,0.016463427,-0.003863849
14.23,-0.09717831,-1.110280658,4.979142696,2.384151066,1.160855293,-0.725396979,4.991323072,2.380427146,1.258033603,0.384883678,0.012180375,-0.00372392
14.26,-0.093432986,-1.108647739,4.981044227,2.376003566,1.188676291,-0.720285719,4.992120482,2.372038599,1.282109278,0.38836202,0.011076255,-0.003964967
14.3,-0.088735222,-1.106482258,4.96412376,2.364686009,1.225578846,-0.713361522,4.993190023,2.360839379,1.314314068,0.393120736,0.029066263,-0.00384663
14.33,-0.085396037,-1.104874461,4.971238052,2.357215379,1.253129275,-0.708107184,4.9939981,2.35245252,1.338525312,0.396767277,0.022760048,-0.004762859
14.36,-0.082216949,-1.103295263,4.972867998,2.348885379,1.280553707,-0.702794541,4.994811481,2.344078122,1.362770657,0.400500722,0.021943482,-0.004807258
14.4,-0.078224817,-1.101224562,4.991365825,2.337052996,1.316925296,-0.69560671,4.995935972,2.33289723,1.395150113,0.405617852,0.004570147,-0.004155766
14.43,-0.075424813,-1.099687093,5.002326747,2.328254381,1.344056172,-0.690133667,4.996797238,2.324496197,1.419480984,0.409553426,-0.005529509,-0.003758184
14.46,-0.072791704,-1.098147296,5.004926192,2.320281881,1.37106083,-0.684597752,4.997665983,2.316099696,1.443852535,0.413549544,-0.007260209,-0.004182185
14.5,0.26007324,-1.030764784,5.005313394,2.308161514,1.406915216,-0.677144703,4.998784857,2.304926523,1.146841976,0.353620081,-0.006528537,-0.003234991
14.53,0.266002979,-1.028525495,5.014532462,2.298981273,1.433681298,-0.671484898,4.999586878,2.29654632,1.167678319,0.357040597,-0.014945585,-0.002434953
14.56,0.271755748,-1.026297569,5.017304263,2.290933773,1.460312887,-0.665738519,5.000350522,2.288145551,1.188557139,0.36055905,-0.016953741,-0.002788222
14.6,0.279151889,-1.023331563,5.009876158,2.279965873,1.495665742,-0.657979741,5.001336654,2.276940353,1.216513853,0.365351822,-0.008539504,-0.00302552
14.63,0.284512992,-1.02112329,5.002788302,2.271315159,1.522081808,-0.652104209,5.002044947,2.26855659,1.237568816,0.369019082,-0.000743354,-0.002758569
14.66,0.289713395,-1.018944502,5.004946699,2.263050159,1.548396669,-0.646163712,5.002722444,2.260183549,1.258683274,0.37278079,-0.002224255,-0.002866611
14.7,0.296393831,-1.016059809,5.011603987,2.251563927,1.583331264,-0.638128591,5.003604481,2.248991546,1.286937432,0.377931218,-0.007999506,-0.00257238
14.73,0.30121014,-1.013924382,5.01586511,2.243621366,1.609425796,-0.632019988,5.004252261,2.240580732,1.308215656,0.381904393,-0.011612849,-0.003040634
14.76,0.305862877,-1.011801353,5.018294753,2.235393866,1.635437246,-0.625850937,5.004889428,2.232187809,1.329574369,0.385950416,-0.013405325,-0.003206058
14.8,0.311849626,-1.008996814,5.02463446,2.22452728,1.67001606,-0.617544643,5.00569591,2.221024624,1.358166434,0.391452171,-0.018938551,-0.003502657
14.83,0.316161647,-1.006899121,5.030666153,2.215479499,1.695862469,-0.611234335,5.006272099,2.212639269,1.379700822,0.395664786,-0.024394053,-0.00284023
14.86,0.320308285,-1.004801822,5.033333514,2.206839499,1.72162101,-0.604836093,5.006805929,2.204224697,1.401312725,0.399965729,-0.026527585,-0.002614802
14.9,0.325573264,-1.00201996,5.033878929,2.195615114,1.755876808,-0.596216984,5.007470742,2.193018547,1.430303544,0.405802976,-0.026408186,-0.002596567
14.93,0.329338804,-0.999955018,5.03192633,2.18643475,1.781514104,-0.589698043,5.007920444,2.184645901,1.4521753,0.410256975,-0.024005885,-0.001788849
14.96,0.332952992,-0.997918682,5.034375502,2.17799475,1.807089316,-0.583108182,5.008327999,2.176272534,1.474136323,0.4148105,-0.026047504,-0.001722216
15.0,0.771697686,-0.837625546,5.03961384,2.167163923,1.841098817,-0.574207988,5.008815246,2.165062786,1.069401131,0.263417557,-0.030798595,-0.002101137
15.03,0.779752647,-0.833857789,5.035402088,2.159392979,1.866550935,-0.567461264,5.009145678,2.156646967,1.086798288,0.266396525,-0.02625641,-0.002746012
15.06,0.787641147,-0.830096188,5.037723622,2.151107979,1.89196698,-0.560665435,5.00943279,2.148265456,1.104325833,0.269430753,-0.028290832,-0.002842524
15.1,0.797961647,-0.825096605,5.042842907,2.140435095,1.925803468,-0.551532015,5.009740747,2.137106091,1.127841821,0.273564591,-0.03310216,-0.003329003
15.13,0.80554403,-0.821353005,5.036105673,2.132435883,1.9511314,-0.544616115,5.009921582,2.128710166,1.145587371,0.276736889,-0.026184091,-0.003725717
15.16,0.812968486,-0.817607401,5.038177824,2.123975883,1.976411094,-0.537648168,5.010051387,2.12029632,1.163442608,0.279959234,-0.028126437,-0.003679563
15.2,0.822627248,-0.812594977,5.028924672,2.112592198,2.010068002,-0.528330853,5.010169927,2.109108599,1.187440754,0.284264124,-0.018754746,-0.003483599
15.23,0.829680166,-0.808833155,5.027409019,2.103767898,2.03527215,-0.521330587,5.010218774,2.100738057,1.205591984,0.287502568,-0.017190244,-0.003029841
15.26,0.836573829,-0.805078132,5.029045176,2.095205398,2.060424413,-0.514303561,5.010248297,2.092352902,1.223850583,0.290774572,-0.018796879,-0.002852496
15.3,0.845498259,-0.800088711,5.028265851,2.084077191,2.093891164,-0.504901876,5.010262051,2.081146442,1.248392906,0.295186835,-0.0180038,-0.002930749
15.33,0.852004511,-0.796342878,5.026540509,2.076544383,2.118953162,-0.497850342,5.01026469,2.072749236,1.266948651,0.298492536,-0.016275819,-0.003795148
15.36,0.858364258,-0.792614977,5.028117637,2.068281883,2.143988151,-0.490814723,5.010249697,2.064376207,1.285623893,0.301800254,-0.01786794,-0.003905676
15.4,0.866598934,-0.787668758,5.016964651,2.057075404,2.177324797,-0.481434156,5.01021508,2.053206245,1.310725863,0.306234602,-0.006749571,-0.003869158
15.43,0.872594794,-0.783963868,5.025160732,2.049566237,2.202292485,-0.474388917,5.010174388,2.04480241,1.329697691,0.309574951,-0.014986344,-0.004763827
15.46,0.878422979,-0.780260041,5.026641738,2.041173737,2.227239123,-0.467353288,5.010130726,2.036394228,1.348816145,0.312906752,-0.016511012,-0.00477951
15.5,1.303063897,-0.719686454,5.024692144,2.030244983,2.260493347,-0.45801596,5.010072338,2.025220651,0.95742945,0.261670494,-0.014619807,-0.005024332
15.53,1.313183279,-0.715377098,5.028294659,2.022138171,2.285427399,-0.451038957,5.010021348,2.016852594,0.97224412,0.264338141,-0.018273311,-0.005285577
15.56,1.323155115,-0.711094721,5.029866878,2.013955671,2.31034892,-0.444069586,5.009957897,2.00845579,0.987193805,0.267025135,-0.019908981,-0.005499882
15.6,1.336214939,-0.705400079,5.025609304,2.003146615,2.343571961,-0.434804579,5.009840074,1.997236765,1.007357022,0.2705955,-0.01576923,-0.005909851
15.63,1.345841368,-0.701134989,5.029134823,1.994082226,2.36849856,-0.427904321,5.009728499,1.988845272,1.022657192,0.273230668,-0.019406324,-0.005236954
15.66,1.355339049,-0.696883676,5.030671819,1.986052226,2.393437779,-0.42106109,5.009585468,1.980480678,1.038098729,0.275822585,-0.02108635,-0.005571548
15.7,1.367784059,-0.691213529,5.026867897,1.975534258,2.426695037,-0.411988775,5.009371127,1.96930245,1.058910977,0.279224754,-0.017496769,-0.006231808
15.73,1.376946926,-0.686963172,5.029787814,1.967818928,2.451641021,-0.405223785,5.009182719,1.960889331,1.074694095,0.281739387,-0.020605095,-0.006929597
15.76,1.385973436,-0.682712972,5.031284073,1.959448928,2.476601957,-0.398528372,5.008977532,1.952489426,1.090628521,0.2841846,-0.022306541,-0.006959502
15.8,1.397774919,-0.67703765,5.028498885,1.948085394,2.509910123,-0.38971875,5.008671835,1.941330639,1.112135203,0.2873189,-0.01982705,-0.006754755
15.83,1.406470765,-0.672797153,5.02701255,1.940138783,2.534902718,-0.383188308,5.008424127,1.932960337,1.128431953,0.289608844,-0.018588423,-0.007178446
15.86,1.415033015,-0.668553086,5.028344902,1.931458783,2.559895753,-0.376725238,5.008153674,1.924560741,1.144862738,0.291827848,-0.020191227,-0.006898042
15.9,1.426226332,-0.662875613,5.024638587,1.92088934,2.593220849,-0.368234287,5.007772689,1.913361001,1.166994517,0.294641326,-0.016865898,-0.007528339
15.93,1.434452527,-0.658603899,5.017879312,1.912329819,2.618215312,-0.36198895,5.007473522,1.904983471,1.183762784,0.296614949,-0.01040579,-0.007346348
15.96,1.442548806,-0.654319402,5.018879102,1.904089819,2.643196982,-0.355866299,5.007164511,1.896611283,1.200648175,0.298453103,-0.011714591,-0.007478535
16.0,1.767611385,-0.648686774,5.013649842,1.892717462,2.676463898,-0.347847788,5.006752884,1.885431834,0.908852513,0.300838985,-0.006896958,-0.007285628
16.03,1.778869765,-0.644382765,5.012456347,1.88424323,2.701375139,-0.341956417,5.006448052,1.877046469,0.922505374,0.302426348,-0.006008295,-0.00719676
16.06,1.789983756,-0.640060075,5.013353929,1.87594073,2.726244301,-0.336224089,5.00617494,1.868679959,0.936260545,0.303835986,-0.007178989,-0.00726077
16.1,1.804595509,-0.634282664,5.018331294,1.8653259,2.759306187,-0.328813043,5.005846631,1.85752264,0.954710678,0.305469621,-0.012484663,-0.00780326
16.13,1.815402514,-0.629931608,5.017822984,1.856865649,2.783968481,-0.323428677,5.005631701,1.849172898,0.968565967,0.306502932,-0.012191283,-0.007692751
16.16,1.826095963,-0.625567762,5.01900265,1.848328149,2.808406552,-0.318243466,5.005460153,1.840867335,0.982310589,0.307324295,-0.013542497,-0.007460814
16.2,1.84016183,-0.619714991,5.015935822,1.836445816,2.840592835,-0.311663363,5.005289085,1.829745209,1.000431005,0.308051628,-0.010646737,-0.006700607
16.23,1.85055031,-0.61530211,5.006991074,1.828739239,2.864397179,-0.306999961,5.00518956,1.821295561,1.013846869,0.30830215,-0.001801514,-0.007443678
16.26,1.86079988,-0.61087847,5.008015346,1.820236739,2.887850242,-0.302591587,5.005129013,1.812853151,1.027050363,0.308286882,-0.002886333,-0.007383588
16.3,1.87424474,-0.604972981,5.003831967,1.80938933,2.918670654,-0.297030601,5.005099017,1.801730688,1.044425914,0.30794238,0.00126705,-0.007658643
16.33,1.884164709,-0.600544567,5.005439474,1.800615821,2.941475481,-0.293109479,5.005123786,1.793396596,1.057310772,0.307435089,-0.000315688,-0.007219225
16.36,1.893950765,-0.596111215,5.00663268,1.792333321,2.964002381,-0.289453661,5.005192692,1.784978696,1.070051616,0.306657555,-0.001439988,-0.007354625
16.4,1.906799697,-0.590183409,5.011851532,1.782197528,2.993692805,-0.284909401,5.005340026,1.773738504,1.086893108,0.305274008,-0.006511506,-0.008459024
16.43,1.916285175,-0.585716584,5.015070526,1.774067829,3.015710277,-0.281726574,5.005488972,1.765371379,1.099425103,0.303990009,-0.009581554,-0.00869645
16.46,1.925650814,-0.581235846,5.016741292,1.765690329,3.037488876,-0.278774652,5.00566307,1.75703573,1.111838062,0.302461194,-0.011078222,-0.008654599
16.5,2.229205562,-0.522297829,5.011847596,1.753474821,3.066222729,-0.275180606,5.005922236,1.745849468,0.837017167,0.247117223,-0.00592536,-0.007625354
16.53,2.241503848,-0.517211447,5.00853309,1.744379494,3.087547712,-0.272741002,5.006122913,1.737410441,0.846043864,0.244470445,-0.002410177,-0.006969053
16.56,2.253670375,-0.512100399,5.010059332,1.735989494,3.108643551,-0.270533407,5.006348159,1.729005573,0.854973176,0.241566991,-0.003711172,-0.006983921
16.6,2.269712637,-0.505238916,5.001610885,1.724114713,3.136440973,-0.267904962,5.006673625,1.717900127,0.866728336,0.237333954,0.00506274,-0.006214586
16.63,2.281628597,-0.500053845,4.994020402,1.716172216,3.157000143,-0.266207718,5.006944283,1.709548498,0.875371545,0.233846127,0.012923881,-0.006623717
16.66,2.293449389,-0.494837094,4.995169786,1.707924716,3.177193943,-0.264815588,5.007238843,1.701079198,0.883744554,0.230021506,0.012069057,-0.006845518
16.7,2.309077398,-0.487855785,4.991770947,1.697505765,3.203509361,-0.263352526,5.007685031,1.689825297,0.894431964,0.224503259,0.015914084,-0.007680468
16.73,2.320689252,-0.482587063,5.001774318,1.689921453,3.222718149,-0.262543908,5.008060531,1.681578435,0.902028897,0.220043155,0.006286213,-0.008343018
16.76,2.332195638,-0.477287282,5.003328482,1.681453953,3.241337888,-0.262053608,5.008485712,1.673364417,0.90914225,0.215233674,0.00515723,-0.008089536
16.8,2.34738074,-0.470167709,5.001214853,1.671189795,3.265325978,-0.261862541,5.009107724,1.662100895,0.917945238,0.208305168,0.007892871,-0.0090889
16.83,2.358632804,-0.464785056,5.007357117,1.66409623,3.282664842,-0.262054552,5.00960297,1.653551287,0.924032038,0.202730504,0.002245852,-0.010544943
16.86,2.369796121,-0.459374884,5.009262337,1.65579373,3.299335051,-0.262553453,5.010122082,1.645229795,0.92953893,0.19682143,0.000859746,-0.010563935
16.9,2.384507984,-0.452095447,5.015241684,1.644330327,3.320666933,-0.263639281,5.010831243,1.634301597,0.936158949,0.188456166,-0.004410441,-0.01002873
16.93,2.395408942,-0.446565257,5.02284576,1.635956631,3.335997989,-0.264795207,5.011373021,1.625918715,0.940589047,0.18177005,-0.011472739,-0.010037916
16.96,2.406217793,-0.440999632,5.025258468,1.627331631,3.350668522,-0.266291263,5.011902377,1.617338657,0.944450729,0.174708369,-0.013356091,-0.009992974
17.0,2.702943256,-0.46201992,5.024624294,1.616561321,3.369359054,-0.268694765,5.012591781,1.606104641,0.666415798,0.193325155,-0.012032514,-0.01045668
17.03,2.716662183,-0.456673566,5.016841801,1.607962309,3.382735454,-0.270794247,5.013077874,1.597900741,0.66607327,0.185879318,-0.003763927,-0.010061568
17.06,2.73029052,-0.451275689,5.018947503,1.600112309,3.395483897,-0.273216351,5.013540856,1.589634921,0.665193377,0.178059338,-0.005406647,-0.010477387
17.1,2.748347871,-0.444019178,5.016115108,1.589448013,3.411641543,-0.276892851,5.014104442,1.578338931,0.663293673,0.167126327,-0.002010666,-0.011109082
17.13,2.761823073,-0.43852903,5.010729524,1.58063668,3.42309852,-0.279966435,5.014494328,1.569884679,0.661275446,0.158562595,0.003764804,-0.010752001
17.16,2.775228427,-0.43300639,5.012562748,1.57238418,3.433832496,-0.283335353,5.014869721,1.56152755,0.658604069,0.149671037,0.002306973,-0.01085663
17.2,2.79302011,-0.425565086,5.015099058,1.560744176,3.4470655,-0.288205055,5.01535468,1.550014069,0.65404539,0.13736003,0.000255623,-0.010730107
17.23,2.806323779,-0.419924083,5.009094541,1.552568748,3.456087643,-0.292101852,5.015697159,1.541112323,0.649763864,0.127822231,0.006602618,-0.011456425
17.26,2.819583796,-0.414248593,5.010916089,1.544338748,3.46409097,-0.296172043,5.01600693,1.532404025,0.644507174,0.118076549,0.005090841,-0.011934723
17.3,2.8372178,-0.406596924,5.01113761,1.532978851,3.473267882,-0.301767993,5.016334139,1.521175302,0.636050082,0.104828931,0.005196529,-0.011803548
17.33,2.850414874,-0.400791218,5.016769653,1.523511291,3.478960001,-0.306077353,5.016511855,1.512574252,0.628545128,0.094713865,-0.000257798,-0.010937038
17.36,2.863578902,-0.394935428,5.018781294,1.515561291,3.483412142,-0.31046539,5.016595733,1.503541695,0.619833241,0.084470038,-0.002185562,-0.012019595
17.4,2.881064628,-0.387083767,5.009960838,1.504321221,3.48766936,-0.316329638,5.016576672,1.491682262,0.606604732,0.070754128,0.006615834,-0.012638958
17.43,2.894138947,-0.381147053,5.026068288,1.496113369,3.489607378,-0.320687809,5.016448783,1.483269649,0.595468431,0.060459244,-0.009619505,-0.01284372
17.46,2.907178545,-0.37515061,5.028252509,1.488000869,3.4903057,-0.324985391,5.016218267,1.474891053,0.583127155,0.05016522,-0.012034242,-0.013109815
17.5,3.044159236,-0.396774846,5.024282918,1.477538844,3.489622346,-0.33061077,5.015780399,1.463166165,0.44546311,0.066164076,-0.008502519,-0.014372679
17.53,3.058433786,-0.391007653,5.01987984,1.468737042,3.487935018,-0.334706492,5.015345241,1.454278542,0.429501232,0.056301161,-0.004534599,-0.014458501
17.56,3.072679542,-0.385207679,5.02170876,1.460767042,3.485117251,-0.338619093,5.014811637,1.445850962,0.412437709,0.046588586,-0.006897123,-0.014916081
17.6,3.091666685,-0.377380975,5.020508229,1.449720355,3.479904194,-0.343564224,5.013989766,1.434880607,0.388237509,0.033816751,-0.006518463,-0.014839748
17.63,3.105894242,-0.371431119,5.027755953,1.440634431,3.474930142,-0.347068249,5.013306787,1.426333101,0.3690359,0.02436287,-0.014449166,-0.01430133
17.66,3.120096573,-0.365443734,5.02975154,1.432424431,3.46892965,-0.350336539,5.012550242,1.417504955,0.348833077,0.015107194,-0.017201299,-0.014919477
17.7,3.139017654,-0.357426071,5.030857195,1.421470942,3.459620591,-0.354301221,5.011452819,1.406116055,0.320602937,0.003124849,-0.019404376,-0.015354887
17.73,3.153200571,-0.35136091,5.03243061,1.411330423,3.451702291,-0.356951448,5.01055239,1.397939904,0.29850172,-0.005590538,-0.02187822,-0.013390519
17.76,3.167396312,-0.345229718,5.034447675,1.403020423,3.442898535,-0.359279979,5.009591611,1.389625902,0.275502223,-0.014050262,-0.024856064,-0.013394521
17.8,3.186326704,-0.336982053,5.041240003,1.391768831,3.430058305,-0.361941503,5.008232555,1.378125395,0.2437316,-0.02495945,-0.033007448,-0.013643435
17.83,3.200546191,-0.330755904,5.045352788,1.382730282,3.419657354,-0.363565789,5.007169678,1.369563453,0.219111163,-0.032809885,-0.03818311,-0.013166829
17.86,3.214778995,-0.324495659,5.047662899,1.374697782,3.408549057,-0.364779879,5.006061347,1.361339618,0.193770062,-0.040284221,-0.041601552,-0.013358164
17.9,3.233795998,-0.316072311,5.048203776,1.363669653,3.392863114,-0.365854954,5.004534079,1.350382873,0.159067116,-0.049782643,-0.043669697,-0.01328678
17.93,3.248085659,-0.309696787,5.04834455,1.354853434,3.380483241,-0.366259425,5.00335128,1.341898212,0.132397582,-0.056562638,-0.04499327,-0.012955222
17.96,3.262397119,-0.303278667,5.050643216,1.346743434,3.367539569,-0.366232902,5.002140596,1.333339684,0.10514245,-0.062954235,-0.04850262,-0.013403751
18.0,3.284325101,-0.337653131,5.038289418,1.335973049,3.34959802,-0.36556792,5.000506953,1.322254717,0.065272919,-0.02791479,-0.037782465,-0.013718332
18.03,3.298724855,-0.331635812,5.049045905,1.327471942,3.335665116,-0.364592032,4.999265842,1.314081162,0.036940261,-0.03295622,-0.049780063,-0.01339078
18.06,3.313162293,-0.325580352,5.051326896,1.319146942,3.321286899,-0.363153488,4.99803169,1.305710613,0.008124606,-0.037573136,-0.053295205,-0.013436329
18.1,3.33246398,-0.317466101,5.056421337,1.307267424,3.301572373,-0.360598467,4.996400899,1.294338989,-0.030891607,-0.043132366,-0.060020438,-0.012928434
18.13,3.347003139,-0.311334877,5.053935494,1.297588138,3.286418112,-0.358167821,4.995192033,1.285935125,-0.060585026,-0.046832944,-0.05874346,-0.011653013
18.16,3.36157677,-0.305158183,5.056335753,1.289565638,3.270936743,-0.355205181,4.993976304,1.277726663,-0.090640027,-0.050046998,-0.062359449,-0.011838975
18.2,3.38106201,-0.296865102,5.063155679,1.277676142,3.249896121,-0.350571352,4.992357488,1.266667708,-0.131165889,-0.053706249,-0.070798192,-0.011008434
18.23,3.39572688,-0.290620521,5.055244584,1.269312208,3.233841669,-0.346589821,4.991139416,1.25818086,-0.161885211,-0.0559693,-0.064105168,-0.011131348
18.26,3.410429783,-0.284351084,5.057606319,1.261254708,3.21755037,-0.342071397,4.989924124,1.249717612,-0.192879413,-0.057720313,-0.067682195,-0.011537096
18.3,3.43010255,-0.275963692,5.062878394,1.248891547,3.195557083,-0.335297086,4.988295017,1.238666642,-0.234545467,-0.059333395,-0.074583377,-0.010224905
18.33,3.444895363,-0.269640316,5.048891569,1.24111015,3.178873784,-0.32966465,4.987076981,1.230406748,-0.266021579,-0.060024335,-0.061814589,-0.010703402
18.36,3.45973485,-0.26327845,5.050992355,1.23282765,3.16201617,-0.32350023,4.985863305,1.221976812,-0.29771868,-0.06022178,-0.06512905,-0.010850837
18.4,3.479621442,-0.254792219,5.038921964,1.220732558,3.139341745,-0.314547554,4.984245931,1.210665538,-0.340279697,-0.059755335,-0.054676033,-0.01006702
18.43,3.494601689,-0.248416061,5.03722738,1.212206593,3.122213693,-0.307254768,4.983046999,1.202314143,-0.372387996,-0.058838708,-0.054180381,-0.009892449
18.46,3.509643063,-0.242016302,5.038980736,1.203981593,3.104980989,-0.299385561,4.981864446,1.194051633,-0.404662074,-0.057369259,-0.05711629,-0.00992996
18.5,3.382273133,-0.333529166,5.035749421,1.192008303,3.081873984,-0.28815908,4.980329036,1.182876869,-0.300399149,0.045370085,-0.055420385,-0.009131434
18.53,3.39583383,-0.328176626,5.042910111,1.183439527,3.064460918,-0.279188799,4.979201274,1.174382086,-0.331372912,0.048987827,-0.063708837,-0.009057441
18.56,3.409441223,-0.322815502,5.044957027,1.174907027,3.046993397,-0.269639826,4.97809683,1.1659667,-0.362447826,0.053175676,-0.066860197,-0.008940327
18.6,3.427656093,-0.315635182,5.050478143,1.163546457,3.023667492,-0.256128172,4.976622387,1.154881158,-0.403988602,0.05950701,-0.073855756,-0.008665299
18.63,3.441381512,-0.310236153,5.04793712,1.154789563,3.006168619,-0.245431632,4.975514993,1.146542805,-0.435212892,0.064804521,-0.072422127,-0.008246759
18.66,3.455150181,-0.304840043,5.050136403,1.146442063,2.988702137,-0.234193651,4.974402434,1.138113393,-0.466448044,0.070646392,-0.075733969,-0.00832867
18.7,3.473597767,-0.297657234,5.051853069,1.134398388,2.965517045,-0.21847898,4.972916413,1.126903039,-0.508080722,0.079178254,-0.078936656,-0.007495348
18.73,3.487528626,-0.292252216,5.041090417,1.125654514,2.948231292,-0.206142018,4.97179448,1.118560628,-0.539297334,0.086110198,-0.069295937,-0.007093885
18.76,3.501533941,-0.28684656,5.043024739,1.117739514,2.931052014,-0.193273233,4.97067301,1.110210987,-0.570481927,0.093573327,-0.072351729,-0.007528526
18.8,3.520297112,-0.279643579,5.039260822,1.105521225,2.908279431,-0.175427295,4.969180386,1.098981302,-0.612017681,0.104216284,-0.070080436,-0.006539923
18.83,3.534427632,-0.274259536,5.03682024,1.097283627,2.891302909,-0.161515658,4.968072421,1.090537677,-0.643124723,0.112743878,-0.06874782,-0.006745951
18.86,3.54860256,-0.268888073,5.038627757,1.088793627,2.874436409,-0.147058132,4.966974463,1.082165315,-0.674166151,0.121829941,-0.071653294,-0.006628312
18.9,3.5676152,-0.261755934,5.034838215,1.077549572,2.85208762,-0.127068139,4.965512619,1.071047664,-0.71552758,0.134687795,-0.069325596,-0.006501908
18.93,3.581950984,-0.256419938,5.027510422,1.069453251,2.835422355,-0.111561869,4.964423216,1.06265054,-0.746528629,0.144858069,-0.063087207,-0.006802712
18.96,3.59634863,-0.251096363,5.0290142,1.061088251,2.818856596,-0.095546556,4.963334342,1.054198957,-0.777492034,0.155549807,-0.065679858,-0.006889295
19.0,3.331432585,-0.210818792,5.011697115,1.049235822,2.796921743,-0.073495446,4.961890866,1.043001703,-0.534510841,0.137323345,-0.049806248,-0.006234119
19.03,3.342838523,-0.205161383,5.010004729,1.040323434,2.780590179,-0.056438632,4.96081149,1.034669752,-0.562248344,0.14872275,-0.049193239,-0.005653682
19.06,3.354311326,-0.199538661,5.011045591,1.032240934,2.764371607,-0.038890579,4.95975814,1.026283459,-0.58993972,0.160648081,-0.051287451,-0.005957475
19.1,3.369712081,-0.192071687,5.007533008,1.020969311,2.742910733,-0.01485736,4.958391965,1.014992055,-0.626801348,0.177214327,-0.049141043,-0.005977256
19.13,3.38133072,-0.186509505,5.01423289,1.012372134,2.726972366,0.003654189,4.957407423,1.006545073,-0.654358354,0.190163694,-0.056825467,-0.005827062
19.16,3.393000149,-0.180968938,5.015552252,1.003974634,2.711232979,0.022647883,4.95645053,0.998186462,-0.68176717,0.203616821,-0.059101722,-0.005788172
19.2,3.408657091,-0.173615846,5.001317704,0.992982802,2.690530065,0.048556285,4.955209109,0.987043817,-0.718127026,0.222172131,-0.046108595,-0.005938985
19.23,3.420492002,-0.168126752,4.986984666,0.984649504,2.675213158,0.068387453,4.954298203,0.978626851,-0.745278844,0.236514205,-0.032686462,-0.006022653
19.26,3.432391329,-0.162670699,4.987549584,0.976634504,2.66011574,0.088617698,4.953416289,0.970191347,-0.772275589,0.251288397,-0.034133295,-0.006443158
19.3,3.448354634,-0.155474041,4.982691964,0.964580427,2.640293598,0.116149778,4.952303099,0.959021282,-0.808061036,0.271623819,-0.030388864,-0.005559145
19.33,3.460399338,-0.150123512,4.961178603,0.955616,2.625646872,0.137208426,4.95152025,0.950689056,-0.834752465,0.287331938,-0.009658353,-0.004926944
19.36,3.472520098,-0.144801817,4.961198823,0.9473135,2.61119247,0.158643744,4.950792566,0.942311433,-0.861327628,0.303445561,-0.010406257,-0.005002067
19.4,3.488803308,-0.137746802,4.964494474,0.935754671,2.592165983,0.187714518,4.949866612,0.931073313,-0.896637325,0.325461319,-0.014627862,-0.004681358
19.43,3.501083037,-0.132513351,4.964683327,0.927047527,2.578092508,0.209901036,4.949228387,0.922679418,-0.922990529,0.342414387,-0.01545494,-0.004368109
19.46,3.513423113,-0.127336609,4.965133485,0.918897527,2.564216258,0.232467592,4.948623381,0.914355993,-0.949206855,0.359804201,-0.016510104,-0.004541534
19.5,3.196010952,-0.091759838,4.962641705,0.907472476,2.545947029,0.263014299,4.947849383,0.903226043,-0.650063923,0.354774137,-0.014792322,-0.004246434
19.53,3.204812706,-0.086356865,4.963751178,0.898020254,2.532406815,0.286245007,4.947281646,0.894809295,-0.672405891,0.372601871,-0.016469532,-0.003210958
19.56,3.213666939,-0.081017608,4.964336224,0.889737754,2.519040589,0.30980335,4.946732846,0.88639577,-0.69462635,0.390820958,-0.017603378,-0.003341983
19.6,3.225551266,-0.073986483,4.965761808,0.878224959,2.501478882,0.341658221,4.94602004,0.875251907,-0.724072384,0.415644704,-0.019741768,-0.002973053
19.63,3.234515412,-0.068749183,4.969604357,0.869828631,2.488510991,0.36585784,4.945498176,0.866911939,-0.746004421,0.434607023,-0.024106181,-0.002916692
19.66,3.24351656,-0.063556412,4.970496034,0.861463631,2.475755148,0.390323018,4.944995927,0.858535093,-0.767761412,0.45387943,-0.025500107,-0.002928537
19.7,3.255602782,-0.05670961,4.981460537,0.851061538,2.45905959,0.423267337,4.944347009,0.847348255,-0.796543193,0.479976948,-0.037113528,-0.003713283
19.73,3.264740592,-0.051637111,4.990694958,0.842296713,2.446788146,0.448212699,4.943872753,0.838972239,-0.817952446,0.499849811,-0.046822205,-0.003324475
19.76,3.273952721,-0.046630744,4.992316816,0.834016713,2.434759905,0.473379124,4.94340021,0.830604518,-0.839192816,0.520009869,-0.048916606,-0.003412196
19.8,3.286307281,-0.04004918,4.985057194,0.823246886,2.419011981,0.507199596,4.942770541,0.81942923,-0.8672953,0.547248776,-0.042286653,-0.003817656
19.83,3.295634826,-0.035172688,4.981528524,0.814642005,2.407404498,0.532758794,4.942283797,0.81103242,-0.888230328,0.567931482,-0.039244727,-0.003609584
19.86,3.305013575,-0.030358155,4.982858733,0.806439505,2.395999465,0.558522005,4.941799052,0.802652178,-0.90901411,0.58888016,-0.041059681,-0.003787326
19.9,3.317621672,-0.02403696,4.979026885,0.795401145,2.381049721,0.59314124,4.941170045,0.791517265,-0.936571951,0.6171782,-0.037856839,-0.003883881
19.93,3.327153494,-0.019363405,4.971403965,0.787084038,2.37000887,0.619287952,4.94072478,0.783161652,-0.957144624,0.638651357,-0.030679185,-0.003922386
19.96,3.336745954,-0.014755763,4.972497636,0.778679038,2.359121826,0.64559929,4.940300322,0.774775166,-0.977624128,0.660355053,-0.032197315,-0.003903872
20.0,3.024322879,0.202245201,4.965477872,0.767215304,2.344815681,0.680902514,4.939766683,0.763598854,-0.679507198,0.478657312,-0.025711189,-0.003616451
20.03,3.030416684,0.209033527,4.954540636,0.759386607,2.334245613,0.707545079,4.939391682,0.755247554,-0.69617107,0.498511552,-0.015148954,-0.004139053
20.06,3.036569004,0.215764365,4.955213021,0.751214107,2.323818406,0.734332494,4.939051441,0.746892528,-0.712750598,0.518568129,-0.01616158,-0.004321579
20.1,3.044858204,0.22466362,4.958905303,0.740430868,2.310086411,0.770212703,4.938649872,0.735701867,-0.734771793,0.545549083,-0.020255431,-0.004729
20.13,3.05112192,0.231262392,4.946073227,0.731779564,2.299926326,0.797242877,4.9383996,0.727296753,-0.751195593,0.565980485,-0.007673626,-0.004482811
20.16,3.057430005,0.237785759,4.946664779,0.723577064,2.28992562,0.82439237,4.938194954,0.718921452,-0.767504384,0.586606611,-0.008469825,-0.004655612
20.2,3.06591607,0.24636902,4.945316575,0.712070388,2.276794256,0.860718493,4.937961883,0.707773941,-0.789121813,0.614349473,-0.007354692,-0.004296447
20.23,3.072349841,0.252741648,4.954682197,0.702664377,2.267076038,0.888029555,4.937833633,0.699393107,-0.805273803,0.635287907,-0.016848564,-0.00327127
20.26,3.078832214,0.259036556,4.955723748,0.694516877,2.257479833,0.915395533,4.937747446,0.690994303,-0.821352381,0.656358977,-0.017976302,-0.003522574
20.3,3.087561853,0.267292794,4.950605417,0.683309414,2.244863051,0.951970219,4.937690978,0.679821348,-0.842698802,0.684677425,-0.012914439,-0.003488066
20.33,3.094174035,0.273415853,4.947841409,0.675695789,2.235529011,0.979463688,4.937671375,0.671469146,-0.858645023,0.706047836,-0.010170034,-0.004226643
20.36,3.100842921,0.279477055,4.948801841,0.667745789,2.226292654,1.00699656,4.937684924,0.663108764,-0.874550267,0.727519505,-0.011116917,-0.004637024
20.4,3.109821208,0.287438822,4.944585266,0.656451652,2.2140816,1.043740139,4.93774753,0.651924291,-0.895739608,0.756301317,-0.006837736,-0.004527361
20.43,3.116598401,0.293314831,4.940560598,0.64785729,2.205009217,1.071328699,4.937838052,0.643538534,-0.911589185,0.778013868,-0.002722546,-0.004318756
20.46,3.123426013,0.29911073,4.941461797,0.63932729,2.196028207,1.09895135,4.937963416,0.635184379,-0.927397805,0.79984062,-0.003498381,-0.004142911
20.5,2.813339511,0.559893739,4.928036245,0.627533873,2.184141894,1.135799905,4.938182036,0.624047754,-0.629197617,0.575906166,0.010145791,-0.003486118
20.53,2.8167902,0.568345993,4.929614198,0.619691253,2.175269875,1.163431205,4.938385641,0.615666482,-0.641520324,0.595085212,0.008771443,-0.004024771
20.56,2.820305355,0.57672359,4.930320558,0.611518753,2.166442615,1.191056706,4.938635518,0.607272586,-0.65386274,0.614333116,0.008314961,-0.004246167
20.6,2.825091484,0.587773504,4.932837207,0.600570196,2.154754223,1.227893501,4.939043474,0.596109118,-0.670337261,0.640119997,0.006206267,-0.004461079
20.63,2.828768523,0.595990617,4.93180269,0.591524487,2.146043864,1.255514747,4.939397332,0.587752531,-0.682724659,0.659524129,0.007594642,-0.003771956
20.66,2.832510322,0.604140204,4.932802766,0.582961987,2.13736627,1.283107002,4.939792561,0.579381222,-0.695144052,0.678966798,0.006989795,-0.003580764
20.7,2.83755367,0.614909385,4.932613577,0.571300111,2.125831275,1.319844424,4.940345351,0.56819908,-0.711722395,0.704935039,0.007731774,-0.003101031
20.73,2.84139244,0.622923285,4.933243881,0.561782126,2.117216349,1.347361943,4.940784246,0.559820077,-0.724176091,0.724438658,0.007540364,-0.001962048
20.76,2.845295525,0.630865716,4.934398393,0.553437126,2.108636487,1.37484216,4.941238496,0.551457078,-0.736659037,0.743976444,0.006840103,-0.001980048
20.8,2.850592912,0.641364367,4.927354016,0.54167077,2.097209334,1.411412554,4.941875957,0.540298622,-0.753383578,0.770048187,0.014521941,-0.001372148
20.83,2.854638967,0.649154264,4.919783463,0.533086763,2.088632034,1.438779204,4.942371671,0.531911674,-0.766006933,0.789624939,0.022588209,-0.001175089
20.86,2.858730062,0.656873521,4.920601491,0.524729263,2.080052911,1.466089409,4.942893989,0.523525114,-0.778677151,0.809215888,0.022292498,-0.001204149
20.9,2.864265489,0.667054734,4.914912685,0.515012749,2.068617537,1.502432848,4.943628232,0.512367836,-0.795647952,0.835378114,0.028715547,-0.002644913
20.93,2.868518007,0.674606716,4.909646377,0.506972637,2.06002628,1.529628544,4.944214331,0.504005456,-0.808491727,0.855021828,0.034567954,-0.002967181
20.96,2.872833855,0.682086696,4.910276771,0.498610137,2.051394908,1.556748586,4.944836018,0.495624404,-0.821438947,0.87466189,0.034559247,-0.002985733
21.0,2.623769406,0.94680297,4.920503578,0.487011026,2.039833287,1.592808415,4.945705414,0.484438532,-0.583936119,0.646005445,0.025201836,-0.002572494
21.03,2.625383922,0.956931777,4.935483294,0.478416083,2.031132485,1.619783914,4.946394055,0.476063143,-0.594251436,0.662852137,0.010910761,-0.00235294
21.06,2.627061114,0.967003571,4.937070606,0.470073583,2.022393415,1.646685825,4.947107764,0.467698861,-0.604667698,0.679682253,0.010037158,-0.002374722
21.1,2.629390744,0.980336713,4.935548923,0.459887003,2.010657152,1.682441055,4.948082217,0.456525257,-0.618733592,0.702104342,0.012533294,-0.003361747
21.13,2.631209564,0.990243672,4.94299344,0.451988118,2.00178758,1.70917126,4.948807574,0.448128112,-0.629421984,0.718927589,0.005814134,-0.003860006
21.16,2.633088271,1.000068252,4.944819254,0.443450618,1.992866306,1.735825282,4.949537941,0.439742693,-0.640221965,0.73575703,0.004718687,-0.003707925
21.2,2.635682753,1.013054029,4.948352595,0.430920257,1.980900386,1.771264656,4.950519755,0.428587783,-0.654782367,0.758210627,0.00216716,-0.002332474
21.23,2.637706647,1.022717939,4.944990264,0.421972567,1.971848537,1.797760084,4.95126526,0.420215634,-0.66585811,0.775042145,0.006274996,-0.001756933
21.26,2.639787841,1.032320469,4.946815068,0.413845067,1.962701168,1.824164748,4.952008255,0.411819764,-0.677086673,0.791844279,0.005193187,-0.002025302
21.3,2.642656586,1.045013465,4.952577577,0.402974276,1.950395752,1.859259898,4.953004896,0.400628205,-0.692260833,0.814246434,0.000427319,-0.002346071
21.33,2.644865274,1.054458838,4.951119501,0.395012788,1.941094987,1.885503148,4.953754833,0.392256437,-0.703770287,0.83104431,0.002635332,-0.002756351
21.36,2.647152675,1.063840353,4.953080652,0.386335288,1.931703618,1.911661203,4.954506,0.38388838,-0.715449057,0.84782085,0.001425348,-0.002446908
21.4,2.650325618,1.076256836,4.948563352,0.375183035,1.919028619,1.946412974,4.955499393,0.372701639,-0.731296998,0.870156137,0.006936041,-0.002481396
21.43,2.652791019,1.085497895,4.94570346,0.367138839,1.909412092,1.972385331,4.95623681,0.364300675,-0.743378927,0.886887435,0.01053335,-0.002838164
21.46,2.655317473,1.094680796,4.94744093,0.358963839,1.899703561,1.998274421,4.956976453,0.355918714,-0.755613912,0.903593625,0.009535523,-0.003045125
21.5,2.435690696,1.311016644,4.950390646,0.347865023,1.886623228,2.032678657,4.957966796,0.344759304,-0.549067468,0.721662013,0.00757615,-0.003105719
21.53,2.43590758,1.32229812,4.945485151,0.33941799,1.876686297,2.058387659,4.958722703,0.33637461,-0.559221283,0.736089539,0.013237552,-0.00304338
21.56,2.436187622,1.333500936,4.947204421,0.33118049,1.866616522,2.084001588,4.959480368,0.327968957,-0.5695711,0.750500652,0.012275947,-0.003211533
21.6,2.436649775,1.348308848,4.941226984,0.32014369,1.853042398,2.118040414,4.960503757,0.316774672,-0.583607377,0.769731566,0.019276773,-0.003369018
21.63,2.437086437,1.359331748,4.938047448,0.311773512,1.842757706,2.143490932,4.961276609,0.308400366,-0.594328731,0.784159184,0.023229161,-0.003373146
21.66,2.437615312,1.370275947,4.939531602,0.303411012,1.832345976,2.168861596,4.962063687,0.300021123,-0.605269336,0.79858565,0.022532085,-0.003389889
21.7,2.438432542,1.384770765,4.940044873,0.291864405,1.818272094,2.202584031,4.963121941,0.288817013,-0.620160448,0.817813266,0.023077068,-0.003047392
21.73,2.439123443,1.395565366,4.932983216,0.283073153,1.807585019,2.227804769,4.963927852,0.280410207,-0.631538423,0.832239403,0.030944636,-0.002662946
21.76,2.439882995,1.406300586,4.934317252,0.274663153,1.796783135,2.252962201,4.964740198,0.272029048,-0.643099861,0.846661616,0.030422946,-0.002634104
21.8,2.441015122,1.420508593,4.944812791,0.264249067,1.782208411,2.286417199,4.965826336,0.26086334,-0.658806711,0.865908606,0.021013546,-0.003385726
21.83,2.441956286,1.431093699,4.941189182,0.25572174,1.771128212,2.311437267,4.966648698,0.252467172,-0.670828073,0.880343567,0.025459515,-0.003254568
21.86,2.442954827,1.441623839,4.942752394,0.24709174,1.759903906,2.336387994,4.967467291,0.244057419,-0.683050921,0.894764155,0.024714897,-0.003034321
21.9,2.444391398,1.455560519,4.949240909,0.235742846,1.744776056,2.369571716,4.968546217,0.232870316,-0.699615341,0.914011197,0.019305307,-0.002872531
21.93,2.44556862,1.465925124,4.950504095,0.227257423,1.733307321,2.394396926,4.969341056,0.224498229,-0.712261299,0.928471802,0.018836961,-0.002759194
21.96,2.446839226,1.476228011,4.952326012,0.219017423,1.721691486,2.419154892,4.970129189,0.216111116,-0.72514774,0.942926881,0.017803177,-0.002906307
22.0,2.183301762,1.722138281,4.958646176,0.208859141,1.706001961,2.452076291,4.971154553,0.20490168,-0.477299801,0.72993801,0.012508377,-0.003957461
22.03,2.181818102,1.734881601,4.957086471,0.199828148,1.694102989,2.476705784,4.971911862,0.196502078,-0.487715114,0.741824183,0.014825391,-0.003326071
22.06,2.180425218,1.747558986,4.95899137,0.191398148,1.6820838,2.5012775,4.972653549,0.1881269,-0.498341418,0.753718514,0.013662179,-0.003271248
22.1,2.17869435,1.764348653,4.963935654,0.180667988,1.665873075,2.53396276,4.973634675,0.176951368,-0.512821275,0.769614107,0.009699021,-0.00371662
22.13,2.177499961,1.776853959,4.964648824,0.17232234,1.653566355,2.558423793,4.974358875,0.168545329,-0.523933606,0.781569835,0.009710051,-0.003777011
22.16,2.176387357,1.789275153,4.966697563,0.16399984,1.641129394,2.582846312,4.975074007,0.160140493,-0.535257963,0.79357116,0.008376444,-0.003859347
22.2,2.175042292,1.805725088,4.978571764,0.152835811,1.624396699,2.615376788,4.976004971,0.148974674,-0.550645593,0.8096517,-0.002566793,-0.003861137
22.23,2.174131209,1.817981765,4.973690083,0.144383095,1.611722449,2.639754574,4.976686447,0.140609613,-0.56240876,0.821772809,0.002996364,-0.003773482
22.26,2.173310429,1.830163746,4.9758654,0.136113095,1.598902938,2.664113201,4.977343017,0.132209569,-0.574407491,0.833949455,0.001477617,-0.003903526
22.3,2.172351974,1.84629193,4.979470404,0.125672416,1.581633285,2.69656949,4.978171604,0.120988647,-0.590718689,0.85027756,-0.001298801,-0.004683769
22.33,2.171736458,1.858313867,4.979914774,0.116860494,1.568571593,2.720898001,4.978767174,0.112599182,-0.603164865,0.862584133,-0.001147599,-0.004261312
22.36,2.17120818,1.870275381,4.982106507,0.108347994,1.555400948,2.745211954,4.979335453,0.104231566,-0.615807232,0.874936573,-0.002771053,-0.004116428
22.4,2.170661777,1.886126859,4.989526374,0.097413555,1.537665159,2.777606985,4.980068223,0.093043729,-0.632996617,0.891480127,-0.009458151,-0.004369826
22.43,2.170349726,1.897938714,4.985438764,0.089085897,1.524232071,2.801885248,4.980590711,0.084625879,-0.646117655,0.903946535,-0.004848052,-0.004460018
22.46,2.170114316,1.909674673,4.987624678,0.080788397,1.510694329,2.826147959,4.981092977,0.076223851,-0.659419987,0.916473286,-0.006531701,-0.004564546
22.5,1.924726707,2.155621338,4.989514894,0.068606934,1.492518587,2.858478632,4.98172296,0.065058108,-0.43220812,0.702857293,-0.007791934,-0.003548826
22.53,1.922006492,2.169740053,4.990100893,0.060323974,1.478775348,2.882710618,4.982177267,0.056678562,-0.443231144,0.712970565,-0.007923626,-0.003645412
22.56,1.91937986,2.183787144,4.992256568,0.052131474,1.464908612,2.906925933,4.982609137,0.048265914,-0.454471248,0.723138788,-0.009647431,-0.003865561
22.6,1.916017132,2.202390283,4.993674282,0.041414523,1.446287039,2.939196471,4.983164986,0.037049165,-0.469730093,0.736806189,-0.010509296,-0.004365358
22.63,1.91360419,2.216252441,5.000448033,0.032982736,1.432243869,2.963394559,4.983566397,0.028667896,-0.481360321,0.747142117,-0.016881636,-0.00431484
22.66,1.91127673,2.230037007,5.002762914,0.024760236,1.41811655,2.98759891,4.983951644,0.020296789,-0.49316018,0.757561903,-0.01881127,-0.004463448
22.7,1.908333111,2.248308489,5.015014717,0.014150086,1.399142588,3.019894282,4.984439027,0.009087708,-0.509190523,0.771585793,-0.03057569,-0.005062378
22.73,1.906235623,2.261928634,5.026524696,0.007090257,1.384818337,3.044139902,4.984770752,0.000654455,-0.521417286,0.782211268,-0.041753944,-0.006435801
22.76,1.904212284,2.275472632,5.029434869,-0.001394743,1.370429772,3.068413314,4.985066231,-0.00774739,-0.533782512,0.792940682,-0.044368637,-0.006352647
22.8,1.901671531,2.293430979,5.020019897,-0.011969718,1.351163571,3.100814091,4.985392369,-0.018908847,-0.55050796,0.807383113,-0.034627528,-0.006939129
22.83,1.899885385,2.306819951,5.020405879,-0.020529661,1.336634394,3.125140267,4.985584247,-0.027298943,-0.563250991,0.818320316,-0.034821632,-0.006769281
22.86,1.898204298,2.320134168,5.022803281,-0.028614661,1.322022408,3.149490066,4.985721804,-0.035722862,-0.57618189,0.829355898,-0.037081477,-0.007108201
22.9,1.896113575,2.337768482,5.016704182,-0.040021231,1.302465449,3.181985164,4.985869174,-0.04693294,-0.593648126,0.844216682,-0.030835008,-0.006911709
22.93,1.894665274,2.350893329,5.00984909,-0.048778508,1.287755596,3.206376384,4.985951912,-0.055304522,-0.606909679,0.855483056,-0.023897178,-0.006526014
22.96,1.893323317,2.36392731,5.011744261,-0.057058508,1.272988199,3.230787237,4.986017695,-0.063681302,-0.620335118,0.866859926,-0.025726566,-0.006622794
23.0,1.690526093,2.674275836,5.010082773,-0.068289998,1.253206647,3.263360615,4.986079123,-0.07489617,-0.437319447,0.589084779,-0.02400365,-0.006606172
23.03,1.687193312,2.690367985,5.009512084,-0.076702069,1.238319325,3.287807543,4.986115748,-0.083312863,-0.448873987,0.597439557,-0.023396337,-0.006610794
23.06,1.683960065,2.706383902,5.011288684,-0.085162069,1.223405198,3.312267931,4.986143476,-0.091696212,-0.460554867,0.605884029,-0.025145208,-0.006534144
23.1,1.67982423,2.727611796,5.013880409,-0.095901795,1.203473467,3.344899844,4.986164421,-0.102860656,-0.476350764,0.617288048,-0.027715988,-0.006958861
23.13,1.676845767,2.743447608,5.017818438,-0.104761882,1.1884743,3.369390175,4.986169418,-0.111261133,-0.488371466,0.625942567,-0.03164902,-0.006499251
23.16,1.673978067,2.759204839,5.019747818,-0.113071882,1.173434509,3.393899258,4.986155763,-0.11967921,-0.500543558,0.634694419,-0.033592055,-0.006607328
23.2,1.670314713,2.780100968,5.027655047,-0.125018083,1.153364609,3.426603517,4.986116434,-0.130868694,-0.516950105,0.64650255,-0.041538612,-0.005850611
23.23,1.66769515,2.795677653,5.044026992,-0.133463173,1.138302995,3.451151968,4.986062502,-0.139234633,-0.529392155,0.655474315,-0.057964489,-0.00577146
23.26,1.6652007,2.811174651,5.046635181,-0.142215673,1.123212662,3.475723475,4.985985688,-0.147621841,-0.541988039,0.664548824,-0.060649493,-0.005406168
23.3,1.662045028,2.831722787,5.037435995,-0.154437684,1.103052748,3.508514161,4.985824887,-0.158843418,-0.558992281,0.676791374,-0.051611108,-0.004405734
23.33,1.659793793,2.847035231,5.024828453,-0.162949484,1.087925661,3.533122775,4.985654283,-0.167250703,-0.571868132,0.686087544,-0.03917417,-0.004301219
23.36,1.657644151,2.862262211,5.026584488,-0.171316984,1.072807019,3.557740868,4.985429988,-0.175626843,-0.584837132,0.695478656,-0.0411545,-0.004309859
23.4,1.654958764,2.882428995,5.034171622,-0.181902856,1.052637514,3.590576298,4.98509053,-0.186802231,-0.60232125,0.708147303,-0.049081092,-0.004899375
23.43,1.653076729,2.897454805,5.038682956,-0.189589821,1.037489688,3.615209602,4.984814157,-0.19521187,-0.615587041,0.717754797,-0.053868799,-0.005622049
23.46,1.651305724,2.912416988,5.04071135,-0.197769821,1.022337357,3.639840926,4.984518312,-0.203624038,-0.628968368,0.727423937,-0.056193039,-0.005854217
23.5,1.422100954,3.132900324,5.01259843,-0.209450769,1.00215571,3.67266605,4.984087029,-0.214808858,-0.419945244,0.539765726,-0.028511401,-0.005358089
23.53,1.418075567,3.149906084,5.019020288,-0.217627571,0.987027869,3.69726885,4.983732669,-0.223186883,-0.431047698,0.547362766,-0.035287619,-0.005559312
23.56,1.414174294,3.166806785,5.020378953,-0.225890071,0.971887622,3.72185551,4.983366658,-0.231582089,-0.442286672,0.555048726,-0.037012295,-0.005692018
23.6,1.409145354,3.189210836,5.009230215,-0.237622111,0.951697899,3.754611491,4.982880007,-0.242788526,-0.457447455,0.565400656,-0.026350208,-0.005166415
23.63,1.405486551,3.205923511,4.999652517,-0.245775626,0.936580938,3.77915493,4.982522482,-0.251179036,-0.468905613,0.573231419,-0.017130035,-0.00540341
23.66,1.401936467,3.222555452,5.000445877,-0.253873126,0.921499037,3.803677654,4.982171105,-0.25955615,-0.48043743,0.581122202,-0.018274772,-0.005683024
23.7,1.397386971,3.244592765,4.98893795,-0.264606385,0.901413133,3.836357064,4.981736185,-0.270746202,-0.495973838,0.5917643,-0.007201764,-0.006139817
23.73,1.39411346,3.261021479,4.984457026,-0.274036314,0.886365083,3.860851487,4.98143455,-0.279160355,-0.507748377,0.599830008,-0.003022476,-0.00512404
23.76,1.390937682,3.277355901,4.984932467,-0.282418814,0.871360198,3.885314981,4.981177916,-0.287563754,-0.519577484,0.60795908,-0.00375455,-0.00514494
23.8,1.386871366,3.299005135,4.984839711,-0.29344695,0.851430449,3.917866796,4.980902944,-0.298746376,-0.535440917,0.61886166,-0.003936767,-0.005299425
23.83,1.38394635,3.315152846,4.988266286,-0.302107651,0.836525096,3.942219135,4.980759879,-0.307132706,-0.547421254,0.627066289,-0.007506407,-0.005025055
23.86,1.381148373,3.331230766,4.989110339,-0.310290151,0.821645496,3.966493327,4.980675233,-0.315519019,-0.559502877,0.635262561,-0.008435106,-0.005228868
23.9,1.377587764,3.352533508,4.985695565,-0.321182045,0.801863332,3.998716675,4.980640795,-0.326691028,-0.575724432,0.646183167,-0.005054769,-0.005508982
23.93,1.375039305,3.368405485,4.980783469,-0.328861639,0.787088459,4.022750662,4.980671059,-0.335076688,-0.587950846,0.654345177,-0.00011241,-0.006215049
23.96,1.372593024,3.384188149,4.98162736,-0.337119139,0.77236643,4.046630233,4.980758206,-0.343472735,-0.600226595,0.662442084,-0.000869154,-0.006353596
24.0,1.153810329,3.650868397,4.987678176,-0.348951765,0.752777667,4.078243167,4.980956896,-0.354634066,-0.401032662,0.42737477,-0.00672128,-0.0056823
24.03,1.149179003,3.66916131,5.003116622,-0.358187883,0.738120976,4.101761802,4.981164912,-0.362976334,-0.411058026,0.432600493,-0.02195171,-0.004788451
24.06,1.144624622,3.687382855,5.004867267,-0.366645383,0.723523831,4.125057937,4.981437697,-0.371321961,-0.421100791,0.437675083,-0.02342957,-0.004676579
24.1,1.138694888,3.711549495,5.007779453,-0.37735007,0.704148003,4.155779657,4.981860259,-0.382459832,-0.434546885,0.444230162,-0.025919194,-0.005109762
24.13,1.134377724,3.729594223,5.004286845,-0.385669006,0.68967023,4.178530444,4.982205227,-0.390772216,-0.444707494,0.448936221,-0.022081618,-0.00510321
24.16,1.1301611,3.74757621,5.006143668,-0.394074006,0.675242,4.200933971,4.982561614,-0.399023418,-0.4549191,0.45335776,-0.023582054,-0.004949412
24.2,1.124680384,3.771437819,5.003298642,-0.404651703,0.656084537,4.230253982,4.983054392,-0.410042479,-0.468595847,0.458816162,-0.02024425,-0.005390776
24.23,1.120678974,3.789265079,5.008567845,-0.412935873,0.641778626,4.251781338,4.983436971,-0.418365755,-0.478900349,0.462516259,-0.025130874,-0.005429881
24.26,1.116779143,3.807025093,5.010612012,-0.421028373,0.627521365,4.272805919,4.983842485,-0.426667625,-0.489257778,0.465780827,-0.026769527,-0.005639251
24.3,1.111711998,3.830618547,5.022775775,-0.43166775,0.608570134,4.300128033,4.984406137,-0.437611516,-0.503141864,0.469509486,-0.038369639,-0.005943767
24.33,1.108019087,3.848240947,5.020832626,-0.440062053,0.594416072,4.320059938,4.984843514,-0.445808933,-0.513603015,0.471818991,-0.035989112,-0.00574688
24.36,1.104439007,3.865814247,5.023271507,-0.448332053,0.580341334,4.339403347,4.985325942,-0.454076021,-0.524097673,0.4735891,-0.037945565,-0.005743968
24.4,1.099846998,3.889175089,5.019554511,-0.459365076,0.561662714,4.364336006,4.985980536,-0.465025449,-0.538184284,0.475160918,-0.033573975,-0.005660373
24.43,1.096540366,3.90665252,5.005855517,-0.467024301,0.547680763,4.382280566,4.986449649,-0.473069221,-0.548859602,0.475628047,-0.019405869,-0.00604492
24.46,1.09334986,3.924106573,5.007796565,-0.475049301,0.533666762,4.399276794,4.986891797,-0.481046832,-0.559683098,0.475170221,-0.020904768,-0.005997531
24.5,0.907427951,4.06710205,5.005783791,-0.485670075,0.51484095,4.420400747,4.987406233,-0.491862111,-0.392587002,0.353298697,-0.018377558,-0.006192037
24.53,0.902514854,4.085862508,5.00509687,-0.493545482,0.50054431,4.434941506,4.987702428,-0.499991837,-0.401970544,0.349078999,-0.017394442,-0.006446355
24.56,0.897718409,4.104603011,5.006988364,-0.501830482,0.486001322,4.44804908,4.987854037,-0.507796802,-0.411717086,0.343446069,-0.019134327,-0.00596632
24.6,0.891499648,4.129571603,5.003898071,-0.512990713,0.466249552,4.463493594,4.987793362,-0.517940373,-0.425250096,0.333921991,-0.016104709,-0.00494966
24.63,0.886963496,4.148267314,5.004315383,-0.519852413,0.45117166,4.473502359,4.987538263,-0.525788462,-0.435791836,0.325235045,-0.01677712,-0.005936049
24.66,0.88254641,4.166920958,5.005917823,-0.528079913,0.435839598,4.48191447,4.987086318,-0.533973547,-0.446706812,0.314993513,-0.018831505,-0.005893634
24.7,0.876833651,4.191743318,5.015998006,-0.538942609,0.415058671,4.491006239,4.986247401,-0.544727784,-0.46177498,0.299262921,-0.029750605,-0.005785175
24.73,0.872670541,4.210341365,5.027242039,-0.545535382,0.39922557,4.496232061,4.985440583,-0.552503248,-0.473444971,0.285890696,-0.041801456,-0.006967866
24.76,0.868611857,4.228933766,5.029374883,-0.553750382,0.383166291,4.499849795,4.984451604,-0.56037898,-0.485445566,0.270916029,-0.044923279,-0.006628598
24.8,0.863365706,4.253695024,5.02052523,-0.56419647,0.361474919,4.502517211,4.982858487,-0.571387787,-0.501890787,0.248822187,-0.037666743,-0.007191317
24.83,0.859582008,4.272258518,5.024664168,-0.571551353,0.344998007,4.502909955,4.98144389,-0.579742791,-0.514584002,0.230651437,-0.043220278,-0.008191438
24.86,0.855898988,4.290818353,5.026458135,-0.579656353,0.328317679,4.50171789,4.979819752,-0.587790194,-0.527581309,0.210899537,-0.046638383,-0.008133841
24.9,0.85115296,4.315583042,5.021651037,-0.590521583,0.305850986,4.498049068,4.977409175,-0.598439758,-0.545301974,0.182466026,-0.044241862,-0.007918175
24.93,0.847714366,4.33415247,5.00988344,-0.598720167,0.288872971,4.493768868,4.975428653,-0.606742282,-0.558841394,0.159616399,-0.034454787,-0.008022115
24.96,0.844380621,4.352727069,5.011024804,-0.606982667,0.271804964,4.488017734,4.973288032,-0.615247504,-0.572575657,0.135290665,-0.037736772,-0.008264837
25.0,0.645530052,4.36924753,4.99748787,-0.61674528,0.248968614,4.47848231,4.970258087,-0.626319195,-0.396561438,0.10923478,-0.027229782,-0.009573915
25.03,0.640296961,4.387786549,4.992176369,-0.623819716,0.23182199,4.469985231,4.967877918,-0.634448254,-0.408474971,0.082198681,-0.024298451,-0.010628537
25.06,0.635173474,4.40634323,4.992774998,-0.632064716,0.214716896,4.460197515,4.965418346,-0.642737966,-0.420456578,0.053854285,-0.027356652,-0.010673249
25.1,0.628499379,4.431124014,4.989025179,-0.642524538,0.192037101,4.445513635,4.962051608,-0.654012713,-0.436462277,0.014389621,-0.026973571,-0.011488175
25.13,0.623621148,4.449753903,4.989032511,-0.64986614,0.175160366,4.433340888,4.959487696,-0.662419253,-0.448460781,-0.016413015,-0.029544815,-0.012553113
25.16,0.618832142,4.468413395,4.989684674,-0.65824364,0.158467734,4.420083959,4.956898397,-0.670714124,-0.460364408,-0.048329435,-0.032786277,-0.012470483
25.2,0.612599906,4.493366116,4.984829012,-0.669860534,0.136535542,4.401045555,4.953424361,-0.681875857,-0.476064364,-0.092320561,-0.031404652,-0.012015323
25.23,0.608045845,4.512127899,4.976496455,-0.677346323,0.120369658,4.385794561,4.95080786,-0.69036162,-0.487676187,-0.126333338,-0.025688596,-0.013015297
25.26,0.60358707,4.530934093,4.97694497,-0.685716323,0.104513329,4.369629399,4.948198269,-0.698819821,-0.499073741,-0.161304694,-0.028746701,-0.013103499
25.3,0.597824532,4.556106753,4.97377933,-0.696468407,0.083813763,4.346921942,4.944741094,-0.709982536,-0.514010769,-0.209184811,-0.029038236,-0.01351413
25.33,0.593630693,4.575059721,4.972952171,-0.704783947,0.068647448,4.329053733,4.942179781,-0.718358285,-0.524983245,-0.246005988,-0.030772391,-0.013574338
25.36,0.589546756,4.594073853,4.973621303,-0.713266447,0.053867457,4.31037869,4.93964994,-0.726814533,-0.5356793,-0.283695162,-0.033971363,-0.013548085
25.4,0.58427604,4.619535938,4.972941932,-0.72378878,0.034691673,4.284456816,4.936315344,-0.738101534,-0.549584367,-0.335079122,-0.036626588,-0.014312754
25.43,0.580442097,4.638713644,4.979439439,-0.731934603,0.020713729,4.264284321,4.933846599,-0.746508409,-0.559728368,-0.374429323,-0.045592839,-0.014573806
25.46,0.576700406,4.657965813,4.980540879,-0.740502103,0.007155721,4.243409977,4.931408741,-0.754890324,-0.569544685,-0.414555836,-0.049132138,-0.014388222
25.5,0.321557127,4.48509354,4.962004688,-0.751729863,-0.010335117,4.21466947,4.928197477,-0.76612284,-0.331892244,-0.27042407,-0.033807211,-0.014392977
25.53,0.315254335,4.502329234,4.967317792,-0.759862065,-0.023007393,4.192457669,4.925809184,-0.77457438,-0.338261728,-0.309871566,-0.041508608,-0.014712315
25.56,0.309037946,4.519646632,4.96827424,-0.767822065,-0.035236264,4.169622282,4.923462205,-0.782983836,-0.344274209,-0.35002435,-0.044812035,-0.015161771
25.6,0.300888468,4.542872208,4.977944196,-0.778567802,-0.05093854,4.13837632,4.92041058,-0.794153309,-0.351827008,-0.404495888,-0.057533616,-0.015585508
25.63,0.29486527,4.560385761,4.976385415,-0.787292482,-0.062241631,4.114357422,4.918183017,-0.802545799,-0.357106901,-0.446028339,-0.058202398,-0.015253318
25.66,0.2889204,4.577994558,4.97790174,-0.795609982,-0.073051194,4.089782058,4.915996556,-0.810967417,-0.361971594,-0.4882125,-0.061905184,-0.015357435
25.7,0.281129343,4.601597984,4.978469605,-0.806143516,-0.086806108,4.056328153,4.913118578,-0.822182576,-0.367935451,-0.545269831,-0.065351027,-0.016039059
25.73,0.275402251,4.619400604,4.972857381,-0.814798758,-0.096635831,4.030749888,4.910984912,-0.83057407,-0.372038082,-0.588650716,-0.061872469,-0.015775313
25.76,0.269750617,4.637308667,4.974423959,-0.823226258,-0.105980655,4.004690195,4.908882124,-0.838967015,-0.375731272,-0.632618472,-0.065541835,-0.015740757
25.8,0.262338548,4.661345552,4.963681749,-0.83361093,-0.117801716,3.969297732,4.906123377,-0.850176193,-0.380140264,-0.69204782,-0.057558372,-0.016565264
25.83,0.256879414,4.679503359,4.959444341,-0.842277111,-0.126208831,3.942277659,4.904089518,-0.858589204,-0.383088245,-0.7372257,-0.055354824,-0.016312093
25.86,0.251503564,4.697755519,4.960746437,-0.850322111,-0.134187976,3.914799453,4.902098732,-0.866988646,-0.38569154,-0.782956065,-0.058647704,-0.016666536
25.9,0.244461999,4.722235525,4.944680745,-0.861100542,-0.144278955,3.877556624,4.899501275,-0.878175286,-0.388740954,-0.844678901,-0.045179471,-0.017074744
25.93,0.239271614,4.740718769,4.934382206,-0.869045531,-0.15144173,3.849165784,4.897600954,-0.88657572,-0.390713345,-0.891552985,-0.036781251,-0.01753019
25.96,0.234153053,4.759295027,4.935099967,-0.877530531,-0.158214996,3.820324413,4.895742001,-0.894989985,-0.392368049,-0.938970614,-0.039357966,-0.017459454
26.0,0.096294501,4.377537324,4.926901121,-0.888551601,-0.166762864,3.781299703,4.893332599,-0.906195232,-0.263057364,-0.596237621,-0.033568522,-0.017643631
26.03,0.089901728,4.391829414,4.926441046,-0.89682963,-0.172828934,3.751617282,4.891582076,-0.914581398,-0.262730662,-0.640212132,-0.03485897,-0.017751768
26.06,0.083578648,4.406235641,4.927215933,-0.90516713,-0.178558051,3.721520208,4.889889348,-0.9229709,-0.262136699,-0.684715433,-0.037326585,-0.01780377
26.1,0.075262723,4.425621835,4.928981693,-0.915678091,-0.185764847,3.680844432,4.887684519,-0.934177775,-0.26102757,-0.744777403,-0.041297174,-0.018499684
26.13,0.069103479,4.44028761,4.928878644,-0.923396704,-0.190868638,3.649946579,4.88607041,-0.942583228,-0.259972117,-0.790341031,-0.042808235,-0.019186525
26.16,0.0630175,4.455065694,4.929956484,-0.931729204,-0.195698224,3.618680466,4.884486584,-0.950969157,-0.258715723,-0.836385228,-0.0454699,-0.019239953
26.2,0.055007522,4.474936455,4.91891334,-0.942531582,-0.201789507,3.576506551,4.88240187,-0.962144515,-0.256797029,-0.898429904,-0.03651147,-0.019612934
26.23,0.049069259,4.489965103,4.916100092,-0.950952461,-0.206104943,3.544511043,4.880854923,-0.9705434,-0.255174202,-0.94545406,-0.035245169,-0.019590939
26.26,0.043185853,4.505089288,4.916914042,-0.959264961,-0.210188275,3.512166546,4.87932892,-0.978952053,-0.253374128,-0.992922742,-0.037585122,-0.019687092
26.3,0.035437075,4.525398002,4.923042487,-0.970276279,-0.215359014,3.468609467,4.877344867,-0.990139475,-0.250796089,-1.056788535,-0.04569762,-0.019863196
26.33,0.029702035,4.540757048,4.918638088,-0.978750374,-0.219046094,3.435628292,4.875897478,-0.998513714,-0.248748129,-1.105128757,-0.04274061,-0.01976334
26.36,0.024023744,4.556236689,4.919712194,-0.986975374,-0.222550532,3.402333324,4.874484879,-1.006901315,-0.246574276,-1.153903365,-0.045227315,-0.019925941
26.4,0.016555876,4.577037728,4.931617059,-0.998300387,-0.22700209,3.357538744,4.872617884,-1.018108127,-0.243557966,-1.219498984,-0.058999175,-0.01980774
26.43,0.011031095,4.592767271,4.924954203,-1.006613487,-0.230197768,3.323665275,4.871238234,-1.026504535,-0.241228863,-1.269101996,-0.053715969,-0.019891048
26.46,0.005549165,4.608619644,4.926326279,-1.014798487,-0.233272294,3.289534508,4.869871833,-1.034877616,-0.238821459,-1.319085136,-0.056454446,-0.020079129
26.5,-0.162922389,4.153780507,4.907996274,-1.025625817,-0.237222829,3.243685312,4.868065887,-1.046049802,-0.07430044,-0.910095195,-0.039930387,-0.020423986
26.53,-0.170071977,4.164650266,4.899697885,-1.033267498,-0.240083278,3.209046673,4.866722818,-1.054454973,-0.070011302,-0.955603593,-0.032975067,-0.021187475
26.56,-0.177154417,4.175628915,4.90034686,-1.041377498,-0.242861819,3.174180514,4.865417863,-1.062859298,-0.065707402,-1.001448401,-0.034928997,-0.0214818
26.6,-0.186512447,4.19046485,4.905442557,-1.052362182,-0.246482681,3.127423026,4.863767317,-1.074028841,-0.059970234,-1.063041824,-0.04167524,-0.021666659
26.63,-0.193464563,4.201756811,4.890762118,-1.061493122,-0.249140952,3.092159146,4.862611105,-1.082397068,-0.055676389,-1.109597665,-0.028151013,-0.020903946
26.66,-0.200361496,4.213174234,4.891396379,-1.069915622,-0.2517449,3.056703558,4.861518738,-1.090788947,-0.051383403,-1.156470676,-0.029877641,-0.020873325
26.7,-0.209478533,4.228602264,4.881186981,-1.081898874,-0.255162406,3.009205423,4.860109821,-1.101990109,-0.045683873,-1.219396841,-0.02107716,-0.020091235
26.73,-0.216259874,4.240314511,4.874491737,-1.090651793,-0.257700971,2.97344058,4.859101226,-1.110369539,-0.041441097,-1.266873931,-0.015390511,-0.019717746
26.76,-0.222989738,4.252169053,4.874828781,-1.099139293,-0.260226268,2.937548875,4.858147273,-1.118731643,-0.037236531,-1.314620178,-0.016681508,-0.019592351
26.8,-0.23189269,4.268198572,4.866312414,-1.110439036,-0.263581795,2.889523629,4.856960112,-1.129906817,-0.031689105,-1.378674943,-0.009352302,-0.01946778
26.83,-0.238501835,4.280383055,4.861233231,-1.11927336,-0.266099341,2.853388828,4.856131805,-1.138311803,-0.027597507,-1.426994226,-0.005101426,-0.019038442
26.86,-0.245059921,4.292700874,4.861471868,-1.12774336,-0.268636234,2.817168243,4.855371193,-1.146703648,-0.023576313,-1.475532631,-0.006100674,-0.018960288
26.9,-0.253735417,4.309344774,4.86225719,-1.139329392,-0.272061344,2.768786848,4.854437731,-1.1578598,-0.018325927,-1.540557926,-0.007819459,-0.018530408
26.93,-0.260181847,4.321993199,4.863900745,-1.146965756,-0.274664831,2.73243608,4.853806854,-1.1662318,-0.014482984,-1.589557119,-0.01009389,-0.019266044
26.96,-0.266572237,4.334775437,4.864509577,-1.155103256,-0.277307522,2.696026473,4.853232006,-1.17463269,-0.010735286,-1.638748964,-0.011277571,-0.019529434
27.0,-0.299045056,3.730614729,4.866737533,-1.166301512,-0.280901154,2.647438771,4.852527988,-1.185832167,0.018143901,-1.083175958,-0.014209545,-0.019530654
27.03,-0.305581273,3.736783811,4.857971807,-1.175296411,-0.283659845,2.610990646,4.852042809,-1.194201823,0.021921428,-1.125793165,-0.005928998,-0.018905412
27.06,-0.312063372,3.743088278,4.858590191,-1.183721411,-0.286486191,2.574541831,4.851611017,-1.202554055,0.025577181,-1.168546447,-0.006979174,-0.018832645
27.1,-0.320619118,3.751685971,4.866447624,-1.194484059,-0.29035638,2.525941039,4.851121494,-1.213725266,0.030262738,-1.225744932,-0.01532613,-0.019241207
27.13,-0.32696704,3.758263145,4.865565728,-1.202593695,-0.293359388,2.489501615,4.850824456,-1.222121347,0.033607652,-1.26876153,-0.014741272,-0.019527653
27.16,-0.333247024,3.764955609,4.8666755,-1.210671195,-0.296502242,2.453094852,4.850591879,-1.230489509,0.036744783,-1.311860756,-0.016083621,-0.019818314
27.2,-0.341525016,3.774072394,4.857926326,-1.222231963,-0.300917568,2.404599159,4.850333682,-1.241626947,0.040607448,-1.369473235,-0.007592644,-0.019394984
27.23,-0.347695315,3.781061581,4.870977537,-1.230211551,-0.304407177,2.368255442,4.850174174,-1.250020231,0.043288139,-1.412806139,-0.020803363,-0.01980868
27.26,-0.353814579,3.788177999,4.872394456,-1.238564051,-0.308077449,2.331951593,4.850047203,-1.258463605,0.045737131,-1.456226406,-0.022347253,-0.019899554
27.3,-0.361890651,3.797845031,4.866068683,-1.250395278,-0.313210227,2.283645714,4.849942139,-1.269684636,0.048680423,-1.514199318,-0.016126544,-0.019289358
27.33,-0.367877528,3.805246033,4.869386149,-1.259555425,-0.317230615,2.247511668,4.849899436,-1.27805191,0.050646913,-1.557734365,-0.019486713,-0.018496485
27.36,-0.373830948,3.812789805,4.870852161,-1.267942925,-0.321405393,2.211475728,4.849901579,-1.286427614,0.052425554,-1.601314076,-0.020950581,-0.018484689
27.4,-0.381721128,3.823044246,4.864022119,-1.278692974,-0.327160894,2.163568608,4.849964712,-1.297639209,0.054560234,-1.659475638,-0.014057407,-0.018946235
27.43,-0.38757579,3.830868915,4.873947434,-1.286082567,-0.331616216,2.127768498,4.850059352,-1.306044366,0.055959574,-1.703100417,-0.023888082,-0.019961799
27.46,-0.393383233,3.838797112,4.875669927,-1.294207567,-0.33620799,2.092125786,4.850202334,-1.314412609,0.057175242,-1.746671326,-0.025467593,-0.020205042
27.5,-0.472063615,3.220877695,4.869717048,-1.305252174,-0.342502026,2.04481446,4.850462976,-1.325564661,0.12956159,-1.176063234,-0.019254071,-0.020312486
27.53,-0.478548328,3.222112258,4.871170719,-1.314001594,-0.347343968,2.00948652,4.850701336,-1.333959776,0.13120436,-1.212625738,-0.020469383,-0.019958182
27.56,-0.484971878,3.223459712,4.872911518,-1.322121594,-0.352305177,1.974330831,4.85098844,-1.342372742,0.132666701,-1.24912888,-0.021923079,-0.020251148
27.6,-0.493467078,3.22543779,4.864248319,-1.333706522,-0.359087174,1.927721046,4.851465484,-1.353553022,0.134379904,-1.297716744,-0.012782835,-0.0198465
27.63,-0.499785525,3.227080864,4.85700855,-1.342643873,-0.36430783,1.892965916,4.851892788,-1.36191855,0.135477694,-1.334114948,-0.005115762,-0.019274677
27.66,-0.506039161,3.228861778,4.85847745,-1.351228873,-0.36967656,1.858400958,4.852389235,-1.370317166,0.1363626,-1.370460819,-0.006088215,-0.019088294
27.7,-0.514262443,3.231403983,4.858351367,-1.362316979,-0.37705344,1.812573536,4.853125064,-1.381561749,0.137209003,-1.418830447,-0.005226302,-0.01924477
27.73,-0.520361495,3.23342666,4.847402743,-1.370534635,-0.382759429,1.778418296,4.853739407,-1.389983654,0.137602066,-1.455008364,0.006336664,-0.019449019
27.76,-0.526401459,3.235558645,4.84875093,-1.378854635,-0.388637219,1.744493146,4.85440172,-1.398365561,0.13776424,-1.4910655,0.00565079,-0.019510926
27.8,-0.534380993,3.238576467,4.846417912,-1.390143032,-0.396685473,1.699557008,4.855340044,-1.409552411,0.137695519,-1.53901946,0.008922132,-0.019409379
27.83,-0.540310127,3.240963359,4.843637491,-1.398549417,-0.402866656,1.666076917,4.856085426,-1.417975273,0.137443472,-1.574886442,0.012447935,-0.019425855
27.86,-0.546192519,3.24343259,4.844958462,-1.406969417,-0.409180386,1.632840359,4.856874915,-1.426392545,0.137012133,-1.610592231,0.011916453,-0.019423128
27.9,-0.553951985,3.246894048,4.855236242,-1.417188503,-0.417759895,1.588877013,4.85797807,-1.437573832,0.13619209,-1.658017035,0.002741828,-0.020385329
27.93,-0.559717997,3.249612874,4.847631723,-1.425773968,-0.424303633,1.556165554,4.858845808,-1.445951662,0.135414365,-1.69344732,0.011214085,-0.020177694
27.96,-0.565455014,3.252434794,4.849183378,-1.434131468,-0.430942246,1.523704765,4.859744355,-1.454352246,0.134512768,-1.728730028,0.010560977,-0.020220778
28.0,-0.558169598,2.660411738,4.847074818,-1.446067482,-0.439906185,1.480773515,4.860963571,-1.465561977,0.118263413,-1.179638223,0.013888754,-0.019494495
28.03,-0.563610462,2.656875643,4.84963865,-1.454565311,-0.44670715,1.448856829,4.8619022,-1.473949174,0.116903313,-1.208018815,0.012263549,-0.019383863
28.06,-0.569010505,2.653447602,4.851311175,-1.462702811,-0.453579083,1.417225083,4.862883789,-1.482308392,0.115431422,-1.236222519,0.011572614,-0.019605581
28.1,-0.576122161,2.64902741,4.85922418,-1.474425252,-0.462840506,1.375408987,4.864277141,-1.493463031,0.113281655,-1.273618423,0.005052961,-0.019037779
28.13,-0.581379267,2.645817202,4.858772046,-1.482886644,-0.469879949,1.344314471,4.865374783,-1.501844683,0.111499318,-1.301502731,0.006602738,-0.018958038
28.16,-0.586559019,2.642693477,4.86087369,-1.491031644,-0.477048833,1.313503611,4.866514277,-1.510212872,0.109510185,-1.329189867,0.005640587,-0.019181228
28.2,-0.593369488,2.638671853,4.884222302,-1.50328098,-0.486821178,1.27280756,4.868057127,-1.521340198,0.10654831,-1.365864293,-0.016165175,-0.018059218
28.23,-0.598413566,2.635765703,4.888100955,-1.512245857,-0.494321459,1.242561385,4.869229137,-1.52970044,0.104092107,-1.393204318,-0.018871818,-0.017454583
28.26,-0.603410184,2.632961618,4.891037625,-1.520590857,-0.501986815,1.212581355,4.870394978,-1.538115193,0.101423368,-1.420380263,-0.020642646,-0.017524336
28.3,-0.609996836,2.629339992,4.906014998,-1.531401905,-0.512402487,1.172982919,4.871920711,-1.549340067,0.097594349,-1.456357073,-0.034094287,-0.017938162
28.33,-0.614857077,2.626715695,4.902901931,-1.540398503,-0.520340052,1.143578751,4.8730374,-1.55772229,0.094517024,-1.483136943,-0.029864531,-0.017323787
28.36,-0.619652769,2.624192808,4.906042184,-1.548753503,-0.528379019,1.114461539,4.874132468,-1.566095596,0.09127375,-1.509731269,-0.031909716,-0.017342093
28.4,-0.62596721,2.620971069,4.913601218,-1.560674675,-0.539204646,1.076000379,4.875573505,-1.577290461,0.086762565,-1.54497069,-0.038027713,-0.016615787
28.43,-0.630626219,2.618654443,4.926858119,-1.569748752,-0.5473891,1.047430048,4.876641427,-1.585695089,0.083237119,-1.571224394,-0.050216692,-0.015946337
28.46,-0.635231696,2.616432459,4.930488882,-1.578223752,-0.55562427,1.019151507,4.877705052,-1.594079941,0.079607425,-1.597280952,-0.05278383,-0.015856189
28.5,-0.670519571,2.058595753,4.913772445,-1.589484604,-0.566655879,0.981830212,4.879111759,-1.60524651,0.103863693,-1.076765541,-0.034660686,-0.015761906
28.53,-0.675319115,2.050402024,4.912098858,-1.599402443,-0.574958991,0.954108894,4.880152504,-1.613632544,0.100360124,-1.09629313,-0.031946354,-0.014230101
28.56,-0.680050354,2.04229299,4.915040509,-1.607544943,-0.583281932,0.926650515,4.881195974,-1.622032755,0.096768423,-1.115642475,-0.033844534,-0.014487812
28.6,-0.686275796,2.031601345,4.909763187,-1.61976653,-0.594403487,0.890408545,4.882640956,-1.633213583,0.091872309,-1.1411928,-0.027122231,-0.013447053
28.63,-0.690871276,2.023670209,4.913909878,-1.628122354,-0.602773777,0.86350705,4.883766546,-1.641581901,0.088097499,-1.160163159,-0.030143332,-0.013459547
28.66,-0.695395009,2.015821192,4.916869506,-1.636474854,-0.611197445,0.836868518,4.884930437,-1.649965421,0.084197563,-1.178952674,-0.031939068,-0.013490568
28.7,-0.701319968,2.005479734,4.924718861,-1.647135576,-0.622528952,0.801685627,4.886501222,-1.661187553,0.078791016,-1.203794107,-0.038217639,-0.014051977
28.73,-0.705692999,1.997802214,4.922258838,-1.656721836,-0.631108166,0.775558999,4.887686119,-1.669614395,0.074584834,-1.222243215,-0.034572719,-0.012892559
28.76,-0.710005585,1.990195611,4.925302987,-1.665106836,-0.639760327,0.749702961,4.888866025,-1.678012075,0.070245258,-1.24049265,-0.036436962,-0.012905239
28.8,-0.715665629,1.980165536,4.922473738,-1.675353026,-0.651373157,0.715568661,4.890424355,-1.689195886,0.064292472,-1.264596875,-0.032049383,-0.01384286
28.83,-0.719841776,1.972714089,4.92551827,-1.683838953,-0.660124825,0.690204007,4.891583179,-1.697599941,0.059716951,-1.282510083,-0.033935091,-0.013760989
28.86,-0.723980133,1.965323614,4.928436164,-1.691998953,-0.66889899,0.665073378,4.89273384,-1.706007697,0.055081143,-1.300250237,-0.035702324,-0.014008744
28.9,-0.729429607,1.955559221,4.926092456,-1.704043987,-0.680603523,0.631891467,4.894269391,-1.717198902,0.048826085,-1.323667754,-0.031823065,-0.013154914
28.93,-0.733450949,1.948308002,4.917422549,-1.712545932,-0.689374706,0.607242179,4.895415242,-1.72558446,0.044076243,-1.341065823,-0.022007308,-0.013038528
28.96,-0.737405662,1.941142568,4.91995982,-1.721163432,-0.698129533,0.582806188,4.896561565,-1.733975961,0.03927613,-1.35833638,-0.023398255,-0.012812529
29.0,-0.720659469,1.446762893,4.916960714,-1.732406307,-0.709767769,0.550497247,4.8980878,-1.745168686,0.0108917,-0.896265646,-0.018872914,-0.01276238
29.03,-0.72424561,1.434360771,4.920505367,-1.741338164,-0.718460436,0.526478637,4.899244836,-1.753559026,0.005785174,-0.907882134,-0.021260531,-0.012220862
29.06,-0.727771425,1.422016305,4.923067464,-1.749578164,-0.727109376,0.502673619,4.900423132,-1.761933184,0.000662049,-0.919342685,-0.022644333,-0.01235502
29.1,-0.732384951,1.405659236,4.924678396,-1.760371347,-0.738594354,0.471190084,4.90202714,-1.773085668,-0.006209403,-0.934469152,-0.022651256,-0.012714321
29.13,-0.735775153,1.393453378,4.929457897,-1.768914592,-0.747196022,0.447757271,4.90324323,-1.781448317,-0.011420869,-0.945696106,-0.026214667,-0.012533724
29.16,-0.739102156,1.381294875,4.932200791,-1.777234592,-0.755822104,0.424515599,4.9044665,-1.78980684,-0.016719948,-0.956779276,-0.02773429,-0.012572248
29.2,-0.743469957,1.365170483,4.941195012,-1.788724484,-0.767400158,0.393801809,4.906088116,-1.800933155,-0.0239302,-0.971368674,-0.035106896,-0.012208671
29.23,-0.746683663,1.353145635,4.935125605,-1.796383776,-0.776158415,0.370965538,4.907286203,-1.809271994,-0.029474753,-0.982180096,-0.027839402,-0.012888218
29.26,-0.749843659,1.34118526,4.937866534,-1.804656276,-0.784994781,0.348307134,4.908462784,-1.817643538,-0.035151122,-0.992878126,-0.02940375,-0.012987262
29.3,-0.753987417,1.325343233,4.933947159,-1.815643066,-0.796860071,0.318325415,4.909998012,-1.828837325,-0.042872654,-1.007017817,-0.023949147,-0.013194259
29.33,-0.757038584,1.313506869,4.924840912,-1.824837178,-0.805801071,0.296016134,4.911134382,-1.837221507,-0.048762487,-1.017490735,-0.01370653,-0.012384329
29.36,-0.760047082,1.301726648,4.927044467,-1.833149678,-0.814764384,0.273874455,4.912258533,-1.845593999,-0.054717302,-1.027852193,-0.014785934,-0.012444321
29.4,-0.763989212,1.286110062,4.933144952,-1.844035327,-0.826730206,0.244540964,4.913757324,-1.856769556,-0.062740994,-1.041569098,-0.019387628,-0.012734229
29.43,-0.766869283,1.274455784,4.932348425,-1.852830384,-0.835706535,0.222670076,4.914883438,-1.865159255,-0.068837251,-1.051785707,-0.017464987,-0.012328871
29.46,-0.769704547,1.262866694,4.934661166,-1.861242884,-0.844671909,0.200933536,4.916010648,-1.873543345,-0.074967362,-1.061933159,-0.018650518,-0.012300461
29.5,-0.803702997,0.851429423,4.923003712,-1.872517369,-0.856599313,0.17212933,4.917492506,-1.884715135,-0.052896316,-0.679300092,-0.005511205,-0.012197765
29.53,-0.806754034,0.835595766,4.9223822,-1.880790074,-0.865523579,0.150641832,4.918590728,-1.893094408,-0.058769545,-0.684953935,-0.003791472,-0.012304334
29.56,-0.809763682,0.819807119,4.924293488,-1.889127574,-0.874425985,0.129250286,4.919691828,-1.901475991,-0.064662303,-0.690556833,-0.00460166,-0.012348417
29.6,-0.813681371,0.798832106,4.91831857,-1.899820516,-0.886266532,0.100860306,4.92118817,-1.912643341,-0.072585161,-0.6979718,0.002869599,-0.012822825
29.63,-0.816555188,0.783170563,4.921660279,-1.908032713,-0.895133638,0.079675316,4.922332837,-1.921010126,-0.07857845,-0.703495247,0.000672558,-0.012977413
29.66,-0.819370722,0.767556973,4.923566381,-1.916485213,-0.90401269,0.058592412,4.92349543,-1.929381452,-0.084641968,-0.708964561,-7.0952e-05,-0.012896238
29.7,-0.823039906,0.746825704,4.928296365,-1.927648185,-0.91590341,0.030601485,4.925056928,-1.940567363,-0.092863504,-0.716224219,-0.003239438,-0.012919178
29.73,-0.825727078,0.731332128,4.930349179,-1.934703322,-0.924869945,0.009699732,4.926226377,-1.948973248,-0.099142867,-0.721632396,-0.004122802,-0.014269926
29.76,-0.82837758,0.71588374,4.93244418,-1.942980822,-0.933881687,-0.01110086,4.927390731,-1.957368582,-0.105504107,-0.7269846,-0.00505345,-0.01438776
29.8,-0.831829659,0.695374889,4.927055392,-1.955328397,-0.945950686,-0.038711604,4.928922128,-1.968544014,-0.114121028,-0.734086493,0.001866736,-0.013215617
29.83,-0.834350633,0.680062547,4.937896666,-1.963463221,-0.955040487,-0.059348297,4.93005675,-1.976930112,-0.120689855,-0.739410844,-0.007839917,-0.013466891
29.86,-0.836812021,0.664789159,4.940094708,-1.971813221,-0.964162144,-0.079928067,4.931174867,-1.985324071,-0.127350123,-0.744717226,-0.008919841,-0.01351085
29.9,-0.840034617,0.644478674,4.935983522,-1.982313019,-0.97635059,-0.107286018,4.932657965,-1.996509264,-0.136315973,-0.751764692,-0.003325557,-0.014196245
29.93,-0.842404305,0.629294124,4.938919956,-1.990807304,-0.985504406,-0.127743944,4.933752881,-2.00489065,-0.143100101,-0.757038068,-0.005167075,-0.014083346
29.96,-0.84472236,0.614151186,4.941015876,-1.998897304,-0.994672099,-0.148159709,4.934834883,-2.013274446,-0.149949739,-0.762310895,-0.006180993,-0.014377142
30.0,-0.878707189,0.253370192,4.933094875,-2.009640418,-1.00691699,-0.175346325,4.93626122,-2.024459466,-0.128209801,-0.428716517,0.003166345,-0.014819048
30.03,-0.881270361,0.234585141,4.949310243,-2.018181748,-1.016111409,-0.195708512,4.937317906,-2.032849667,-0.134841048,-0.430293652,-0.011992337,-0.014667919
30.06,-0.883782884,0.215837672,4.951623274,-2.026774248,-1.025309912,-0.216037121,4.938373812,-2.041233734,-0.141527028,-0.431874793,-0.013249462,-0.014459486
30.1,-0.887058685,0.190924677,4.95892891,-2.038204374,-1.037593224,-0.243111444,4.939790046,-2.052400669,-0.15053454,-0.43403612,-0.019138864,-0.014196295
30.13,-0.889443272,0.172296119,4.956268275,-2.045459104,-1.04684142,-0.263405965,4.940845389,-2.060775417,-0.157398148,-0.435702084,-0.015422886,-0.015316313
30.16,-0.891767253,0.153715168,4.958674839,-2.053896604,-1.056150867,-0.283682101,4.941876145,-2.069152215,-0.164383615,-0.437397269,-0.016798694,-0.015255611
30.2,-0.894769851,0.128979619,4.959869172,-2.065201084,-1.068668202,-0.310662966,4.943213875,-2.080313347,-0.173898351,-0.439642585,-0.016655297,-0.015112263
30.23,-0.896963292,0.110464017,4.957252641,-2.074187709,-1.078147119,-0.330852371,4.944186643,-2.088669373,-0.181183827,-0.441316388,-0.013065998,-0.014481664
30.26,-0.899114229,0.091983208,4.959488206,-2.082590209,-1.087731124,-0.351009943,4.945137446,-2.097036703,-0.188616895,-0.442993152,-0.014350759,-0.014446494
30.3,-0.901905569,0.067403716,4.96128025,-2.093770774,-1.100652963,-0.377858761,4.946369825,-2.10822601,-0.198747394,-0.445262477,-0.014910425,-0.014455236
30.33,-0.903957669,0.049029141,4.95795163,-2.102805772,-1.110441888,-0.397970213,4.947274709,-2.116618886,-0.206484219,-0.446999353,-0.010676921,-0.013813114
30.36,-0.905967129,0.030702556,4.96006229,-2.111188272,-1.120317702,-0.418054706,4.948157988,-2.12499482,-0.214350574,-0.448757262,-0.011904302,-0.013806548
30.4,-0.908583451,0.006358323,4.956219192,-2.121927004,-1.133604047,-0.444820859,4.949310273,-2.136163973,-0.225020596,-0.451179181,-0.006908919,-0.014236969
30.43,-0.910481784,-0.011839251,4.951748098,-2.130363526,-1.143661295,-0.464900839,4.95015563,-2.144554705,-0.233179511,-0.453061587,-0.001592469,-0.014191179
30.46,-0.912325844,-0.03000325,4.95354735,-2.138683526,-1.15380538,-0.484985393,4.950984693,-2.152947975,-0.241479536,-0.454982144,-0.002562657,-0.01426445
30.5,-1.043108189,-0.201268956,4.958200542,-2.150158201,-1.167434957,-0.511760733,4.952077281,-2.164124125,-0.124326767,-0.310491777,-0.00612326,-0.013965924
30.53,-1.046266461,-0.220999154,4.969765386,-2.159108181,-1.177736961,-0.531846232,4.952890577,-2.172501209,-0.131470499,-0.310847078,-0.016874809,-0.013393028
30.56,-1.049393733,-0.240696301,4.972028047,-2.167385681,-1.188127691,-0.551953142,4.953700718,-2.180892801,-0.138733958,-0.311256841,-0.018327329,-0.01350712
30.6,-1.053488707,-0.266897402,4.985739351,-2.17881707,-1.202096178,-0.57879558,4.954758436,-2.192093302,-0.148607471,-0.311898179,-0.030980915,-0.013276232
30.63,-1.056507623,-0.28650454,4.979640846,-2.187931934,-1.212644252,-0.598945941,4.955529539,-2.200491285,-0.156136628,-0.312441401,-0.024111307,-0.012559352
30.66,-1.059489291,-0.306078572,4.982003892,-2.196304434,-1.223252393,-0.619119277,4.956262845,-2.208882924,-0.163763101,-0.313040705,-0.025741046,-0.01257849
30.7,-1.063390393,-0.332129161,4.981851401,-2.207874431,-1.237478975,-0.646076699,4.957189855,-2.220071546,-0.174088581,-0.313947539,-0.024661545,-0.012197115
30.73,-1.066268072,-0.351617098,4.979944226,-2.216433948,-1.248211128,-0.666351444,4.957845382,-2.228460963,-0.181943056,-0.314734347,-0.022098844,-0.012027016
30.76,-1.069102691,-0.371068927,4.982063104,-2.224848948,-1.258996343,-0.686676574,4.958471245,-2.236846742,-0.189893651,-0.315607646,-0.023591859,-0.011997794
30.8,-1.072814777,-0.396947006,4.985714046,-2.236802764,-1.273440406,-0.713834262,4.959270632,-2.248029243,-0.200625629,-0.316887256,-0.026443415,-0.011226479
30.83,-1.075550087,-0.416293157,4.984319592,-2.245058712,-1.284329861,-0.734253637,4.959849964,-2.256417032,-0.208779774,-0.31796048,-0.024469628,-0.01135832
30.86,-1.078238843,-0.435579279,4.986428814,-2.253476212,-1.295288888,-0.754735329,4.960405783,-2.264804927,-0.217050045,-0.31915605,-0.02602303,-0.011328715
30.9,-1.081780042,-0.461200834,4.998071878,-2.265655218,-1.309992429,-0.782117981,4.96110794,-2.275989617,-0.228212388,-0.320917147,-0.036963939,-0.010334399
30.93,-1.084402455,-0.480353787,4.994655228,-2.273990198,-1.321082751,-0.80269845,4.961610096,-2.284378923,-0.236680295,-0.322344663,-0.033045133,-0.010388725
30.96,-1.086976867,-0.499446847,4.99691807,-2.282330198,-1.332241096,-0.823323102,4.962079608,-2.292768784,-0.245264229,-0.323876255,-0.034838462,-0.010438586
31.0,-1.219016721,-0.644266348,4.976987863,-2.292896616,-1.347229932,-0.850897128,4.962657403,-2.303956399,-0.128213211,-0.20663078,-0.01433046,-0.011059783
31.03,-1.22287661,-0.664568506,4.972096201,-2.300474824,-1.358558806,-0.871633028,4.963050107,-2.31234764,-0.135682196,-0.207064522,-0.009046094,-0.011872816
31.06,-1.226701814,-0.684819805,4.973481092,-2.308759824,-1.369967777,-0.892410315,4.963427162,-2.320735029,-0.143265963,-0.207590511,-0.01005393,-0.011975205
31.1,-1.231731757,-0.711743959,4.975526978,-2.319883968,-1.385284977,-0.920163971,4.963933908,-2.331918663,-0.15355322,-0.208420013,-0.01159307,-0.012034695
31.13,-1.235446428,-0.731871068,4.982029036,-2.328717989,-1.396859132,-0.941029447,4.964330767,-2.340307004,-0.161412704,-0.209158378,-0.017698269,-0.011589015
31.16,-1.239117994,-0.751954686,4.983682677,-2.337095489,-1.408520486,-0.961956183,4.964733408,-2.348696101,-0.169402492,-0.210001497,-0.018949269,-0.011600612
31.2,-1.24393769,-0.77867321,4.974573311,-2.348651055,-1.424165716,-0.989933304,4.965268257,-2.35988107,-0.180228026,-0.211260094,-0.009305053,-0.011230014
31.23,-1.247498313,-0.798657105,4.980313236,-2.35777888,-1.435962664,-1.010967605,4.96565797,-2.368272921,-0.188464351,-0.2123105,-0.014655265,-0.010494042
31.26,-1.251004839,-0.818586203,4.98184157,-2.36587888,-1.447829975,-1.032060974,4.966043225,-2.37666627,-0.196825136,-0.213474771,-0.015798345,-0.01078739
31.3,-1.255627857,-0.84509327,4.975287067,-2.377198165,-1.463763282,-1.060273838,4.966557759,-2.387851585,-0.208135424,-0.215180568,-0.008729308,-0.010653421
31.33,-1.259062339,-0.864934004,4.978754821,-2.385658298,-1.475794369,-1.081491901,4.966938985,-2.396238686,-0.21673203,-0.216557897,-0.011815836,-0.010580388
31.36,-1.262466362,-0.884725051,4.980240483,-2.394053298,-1.487899466,-1.102752837,4.967320296,-2.404627974,-0.225433104,-0.218027785,-0.012920188,-0.010574677
31.4,-1.266916286,-0.911039545,4.997859332,-2.404640677,-1.504149305,-1.131155356,4.967831023,-2.415814447,-0.237233019,-0.220115811,-0.030028309,-0.01117377
31.43,-1.270209586,-0.930720422,5.001577787,-2.413567399,-1.516434261,-1.152503842,4.968217036,-2.42420366,-0.246224675,-0.22178342,-0.033360752,-0.010636261
31.46,-1.273442846,-0.950369123,5.003706184,-2.422059899,-1.528822386,-1.173894118,4.968583834,-2.43259409,-0.255379539,-0.223524996,-0.03512235,-0.010534191
31.5,-1.408611564,-1.108345734,4.99896451,-2.432421558,-1.545466494,-1.202447278,4.969034109,-2.443780899,-0.136854931,-0.094101544,-0.029930401,-0.011359341
31.53,-1.413185257,-1.129357939,5.000610653,-2.441191362,-1.558045091,-1.223878603,4.969333875,-2.45216839,-0.144859834,-0.094520664,-0.031276778,-0.010977028
31.56,-1.417713492,-1.150320946,5.002536791,-2.449456362,-1.570736049,-1.245330251,4.969606533,-2.460560801,-0.153022558,-0.095009305,-0.032930259,-0.011104439
31.6,-1.423663968,-1.178199003,5.004390657,-2.460863352,-1.587819927,-1.273959582,4.969933659,-2.471761241,-0.16415596,-0.095760579,-0.034456998,-0.010897889
31.63,-1.428078101,-1.199043917,5.003196347,-2.469231393,-1.600745703,-1.295441704,4.970156707,-2.480163219,-0.172667602,-0.096397787,-0.03303964,-0.010931826
31.66,-1.432447055,-1.219832009,5.005043384,-2.477448893,-1.613773146,-1.316925119,4.970354578,-2.488557956,-0.181326091,-0.09709311,-0.034688806,-0.011109063
31.7,-1.438187616,-1.247458944,4.995688171,-2.489732107,-1.631289765,-1.345581089,4.970586986,-2.49974716,-0.19310215,-0.098122145,-0.025101185,-0.010015053
31.73,-1.442436746,-1.268125024,4.998819375,-2.498882946,-1.644547977,-1.367088958,4.970737704,-2.508142774,-0.20211123,-0.098963934,-0.028081671,-0.009259828
31.76,-1.446637854,-1.288750967,5.000404098,-2.507320446,-1.65792275,-1.388605175,4.970868603,-2.516540557,-0.211284896,-0.099854209,-0.029535496,-0.009220111
31.8,-1.452174936,-1.316138047,4.995166379,-2.519452415,-1.675896763,-1.417281294,4.971032382,-2.527727844,-0.223721827,-0.101143247,-0.024133997,-0.008275429
31.83,-1.456300992,-1.336600617,4.992401992,-2.527428656,-1.689488998,-1.43877124,4.971144728,-2.536111281,-0.233188006,-0.102170623,-0.021257263,-0.008682624
31.86,-1.460397975,-1.357016926,4.993760274,-2.535853656,-1.703213764,-1.4602403,4.971254014,-2.544502192,-0.242815789,-0.103223374,-0.02250626,-0.008648536
31.9,-1.465783636,-1.384184556,5.002972103,-2.54735206,-1.721699948,-1.488815486,4.971391655,-2.555708894,-0.255916313,-0.10463093,-0.031580448,-0.008356834
31.93,-1.469774711,-1.404524486,4.990022169,-2.555768599,-1.735697878,-1.51018379,4.971499682,-2.564106932,-0.265923168,-0.105659303,-0.018522487,-0.008338332
31.96,-1.473729379,-1.42482757,4.991292066,-2.564058599,-1.749831107,-1.531464976,4.971604279,-2.572480869,-0.276101728,-0.106637406,-0.019687787,-0.00842227
32.0,-1.513028184,-1.49974638,4.997899353,-2.576461084,-1.768884748,-1.559707459,4.971741985,-2.583660283,-0.255856565,-0.05996108,-0.026157368,-0.007199198
32.03,-1.517249714,-1.52050695,5.001829509,-2.585039987,-1.783345263,-1.580775318,4.971848208,-2.592083559,-0.266095549,-0.060268368,-0.029981302,-0.007043572
32.06,-1.521423623,-1.54122958,5.003501878,-2.593292487,-1.797970409,-1.601698663,4.971962506,-2.600514451,-0.276546786,-0.060469083,-0.031539372,-0.007221964
32.1,-1.526895636,-1.568794879,4.996917647,-2.604675788,-1.817682402,-1.62936146,4.972115792,-2.611700551,-0.290786766,-0.060566581,-0.024801855,-0.007024762
32.13,-1.53093678,-1.589425472,5.001169088,-2.613183867,-1.83263793,-1.649912909,4.972229833,-2.620076403,-0.301701149,-0.060487437,-0.028939255,-0.006892536
32.16,-1.534931344,-1.610026774,5.002796514,-2.621536367,-1.847784952,-1.670247061,4.972344681,-2.628507665,-0.312853609,-0.060220287,-0.030451832,-0.006971298
32.2,-1.540179306,-1.637439844,4.979477661,-2.633012649,-1.86823549,-1.69702461,4.972499641,-2.639792038,-0.328056185,-0.059584766,-0.00697802,-0.006779389
32.23,-1.544083253,-1.657957988,4.979504358,-2.641115425,-1.883754574,-1.716823812,4.972619395,-2.648206285,-0.339671321,-0.058865824,-0.006884963,-0.00709086
32.26,-1.547931391,-1.678436468,4.980498434,-2.649402925,-1.899458595,-1.736311287,4.972754095,-2.65656996,-0.351527204,-0.057874818,-0.007744339,-0.007167035
32.3,-1.552942409,-1.705674415,4.972821991,-2.660302273,-1.920665731,-1.761854307,4.972984604,-2.667797672,-0.367723322,-0.056179892,0.000162613,-0.007495399
32.33,-1.556639207,-1.726066863,4.965073624,-2.668343309,-1.936773069,-1.780660917,4.973190449,-2.67629209,-0.380133861,-0.054594054,0.008116825,-0.007948781
32.36,-1.560282252,-1.746427217,4.965786889,-2.676335809,-1.953066035,-1.799084652,4.973439652,-2.684745523,-0.392783783,-0.052657435,0.007652762,-0.008409714
32.4,-1.565056533,-1.773505055,4.968798642,-2.687412377,-1.975028364,-1.823105139,4.973833289,-2.695906885,-0.409971831,-0.049600084,0.005034647,-0.008494507
32.43,-1.568581127,-1.793775193,4.96893538,-2.695965786,-1.991688727,-1.840699207,4.974186524,-2.704300251,-0.4231076,-0.046924014,0.005251144,-0.008334465
32.46,-1.572060463,-1.814017774,4.970005362,-2.704113286,-2.008541696,-1.857857078,4.974589873,-2.712799972,-0.436481232,-0.043839304,0.004584511,-0.008686687
32.5,-1.689199641,-1.893625668,4.96452151,-2.716024877,-2.031243321,-1.880121461,4.975191085,-2.724124353,-0.34204368,0.013504207,0.010669575,-0.008099476
32.53,-1.693830099,-1.914391702,4.977297622,-2.724142198,-2.048425892,-1.896341471,4.975684807,-2.732511296,-0.354595793,0.018050231,-0.001612815,-0.008369098
32.56,-1.698409457,-1.935118291,4.978796021,-2.732372198,-2.065765582,-1.912071386,4.976226364,-2.740881591,-0.367356125,0.023046904,-0.002569657,-0.008509393
32.6,-1.704431229,-1.962713517,4.982345559,-2.74335877,-2.089097857,-1.932377302,4.977007733,-2.752213349,-0.384666628,0.030336214,-0.005337826,-0.008854578
32.63,-1.708893078,-1.983357896,4.970129162,-2.75228113,-2.106737759,-1.947088435,4.977623708,-2.760766502,-0.397844681,0.036269461,0.007494546,-0.008485372
32.66,-1.713318856,-2.003988202,4.971541115,-2.76072363,-2.124487557,-1.961256707,4.97826081,-2.769193845,-0.411168701,0.042731495,0.006719695,-0.008470215
32.7,-1.719163206,-2.031459977,4.976665969,-2.771543832,-2.148290741,-1.979404495,4.979129626,-2.780330136,-0.429127535,0.052055482,0.002463657,-0.008786304
32.73,-1.723492043,-2.052041266,4.967463966,-2.779355641,-2.166252023,-1.992449345,4.979809442,-2.788782925,-0.442759979,0.059591921,0.012345476,-0.009427284
32.76,-1.727767136,-2.072616772,4.968887886,-2.787715641,-2.184308938,-2.004911563,4.980511761,-2.797438782,-0.456541802,0.067705209,0.011623875,-0.009723141
32.8,-1.733410576,-2.100039461,4.978584478,-2.798834917,-2.208449068,-2.020686791,4.981458702,-2.809058635,-0.475038493,0.07935267,0.002874224,-0.010223718
32.83,-1.737592984,-2.120620052,4.980131002,-2.807375411,-2.226562031,-2.031815167,4.982174402,-2.817581569,-0.488969047,0.088804885,0.0020434,-0.010206158
32.86,-1.741704189,-2.141210486,4.981979286,-2.815647911,-2.244675531,-2.04214536,4.982879725,-2.825977947,-0.502971343,0.099065126,0.000900439,-0.010330037
32.9,-1.747099404,-2.168693222,4.985315442,-2.827304954,-2.268846623,-2.054731987,4.983778493,-2.83753528,-0.521747219,0.113961236,-0.00153695,-0.010230326
32.93,-1.751089473,-2.189317332,4.981907531,-2.835618805,-2.286974667,-2.063206376,4.98439752,-2.846496645,-0.535885194,0.126110956,0.002489989,-0.01087784
32.96,-1.755036232,-2.209964682,4.983738539,-2.844003805,-2.305051284,-2.070637476,4.984960088,-2.85525779,-0.550015052,0.139327206,0.001221549,-0.011253985
33.0,-1.961983605,-2.230320854,4.980330946,-2.855707978,-2.329035495,-2.079096009,4.985616535,-2.866483023,-0.36705189,0.151224845,0.005285588,-0.010775044
33.03,-1.968062445,-2.250897002,4.978248218,-2.864631359,-2.346926072,-2.084338194,4.986047078,-2.874994532,-0.378863627,0.166558808,0.007798861,-0.010363174
33.06,-1.974088714,-2.27146254,4.979929955,-2.872681359,-2.364692118,-2.088475745,4.986407149,-2.883867792,-0.390603403,0.182986795,0.006477194,-0.011186434
33.1,-1.982089538,-2.298900685,4.993227869,-2.884398721,-2.388122082,-2.092524588,4.986802409,-2.895567448,-0.406032544,0.206376097,-0.00642546,-0.011168727
33.13,-1.988066352,-2.319496837,5.003597081,-2.893143773,-2.405441827,-2.094481977,4.987031988,-2.903924273,-0.417375475,0.22501486,-0.016565093,-0.0107805
33.16,-1.99400149,-2.340093438,5.005990869,-2.901351273,-2.422474552,-2.095409184,4.987193017,-2.912183197,-0.428473062,0.244684254,-0.018797851,-0.010831923
33.2,-2.001861679,-2.36758053,5.007254757,-2.911749468,-2.444767952,-2.095343133,4.987302468,-2.923595814,-0.442906272,0.272237396,-0.019952289,-0.011846345
33.23,-2.007728405,-2.388238706,5.013148239,-2.920737792,-2.461127095,-2.094347097,4.987296205,-2.932278179,-0.453398689,0.293891609,-0.025852035,-0.011540387
33.26,-2.013565544,-2.408922246,5.015659797,-2.928962792,-2.47705678,-2.092423215,4.987215255,-2.940665212,-0.463491236,0.316499031,-0.028444542,-0.011702419
33.3,-2.021283966,-2.436568244,5.016503848,-2.941047768,-2.497680724,-2.088647127,4.987020784,-2.951618486,-0.476396758,0.347921117,-0.029483064,-0.010570717
33.33,-2.027035456,-2.457350209,5.017703703,-2.950189373,-2.512680003,-2.084927237,4.986817779,-2.96003988,-0.485644547,0.372422972,-0.030885924,-0.009850507
33.36,-2.032765898,-2.478171068,5.020187998,-2.958154373,-2.527177815,-2.080342182,4.986550039,-2.968698244,-0.494411918,0.397828886,-0.033637959,-0.010543872
33.4,-2.040390637,-2.506012349,5.019833494,-2.968983914,-2.545753558,-2.073101122,4.986124241,-2.980011293,-0.505362921,0.432911227,-0.033709253,-0.011027379
33.43,-2.046100474,-2.526953938,5.021029524,-2.977885514,-2.559081856,-2.066849363,4.985745282,-2.988230497,-0.512981382,0.460104575,-0.035284242,-0.010344983
33.46,-2.05180778,-2.547947067,5.02348585,-2.986195514,-2.571796216,-2.05981183,4.985322029,-2.996534484,-0.519988436,0.488135236,-0.038163821,-0.01033897
33.5,-2.242949381,-2.390683486,5.012081958,-2.99798372,-2.587903884,-2.049428969,4.984694065,-3.007933902,-0.344954503,0.341254518,-0.027387892,-0.009950182
33.53,-2.250662073,-2.409761068,5.018773676,-3.006730621,-2.599303108,-2.040918116,4.984182629,-3.016468624,-0.348641036,0.368842952,-0.034591047,-0.009738003
33.56,-2.258374543,-2.428897191,5.021102452,-3.015155621,-2.609967989,-2.031714981,4.983638516,-3.024756891,-0.351593445,0.39718221,-0.037463936,-0.00960127
33.6,-2.268643107,-2.454484561,5.021980891,-3.026309223,-2.623189119,-2.018586648,4.98287578,-3.035779381,-0.354546012,0.435897914,-0.039105111,-0.009470158
33.63,-2.276350728,-2.47373429,5.024107116,-3.034946586,-2.632346805,-2.008159305,4.982271418,-3.044220169,-0.355996077,0.465574985,-0.041835698,-0.009273583
33.66,-2.284063601,-2.493046991,5.026527079,-3.043179086,-2.64069935,-1.997235396,4.98164246,-3.052698215,-0.356635749,0.495811595,-0.044884619,-0.009519129
33.7,-2.294363219,-2.518871945,5.024584841,-3.054602752,-2.650689903,-1.982112343,4.980776187,-3.063791064,-0.356326684,0.536759601,-0.043808655,-0.009188311
33.73,-2.302095133,-2.538305474,5.039822925,-3.063078547,-2.657312344,-1.970399617,4.980102795,-3.072046005,-0.355217211,0.567905857,-0.05972013,-0.008967458
33.76,-2.309835873,-2.55780766,5.042702005,-3.070966047,-2.663075277,-1.958345175,4.979417804,-3.080423223,-0.353239404,0.599462484,-0.063284201,-0.009457176
33.8,-2.320182779,-2.583936401,5.036789293,-3.082160213,-2.669591015,-1.941824516,4.978473621,-3.091716063,-0.349408236,0.642111885,-0.058315672,-0.00955585
33.83,-2.327976453,-2.603642463,5.029800123,-3.090914618,-2.673565411,-1.929094533,4.977729432,-3.100119988,-0.345588958,0.67454793,-0.05207069,-0.00920537
33.86,-2.33579982,-2.623427135,5.032258528,-3.099154618,-2.67661035,-1.916022464,4.976932279,-3.108407329,-0.34081053,0.707404671,-0.055326249,-0.009252711
33.9,-2.346269414,-2.649943412,5.030161471,-3.111057746,-2.679453449,-1.89813893,4.975828306,-3.119545906,-0.333184035,0.751804483,-0.054333165,-0.008488159
33.93,-2.35416334,-2.669933315,5.017539623,-3.120152515,-2.680677725,-1.884391011,4.974966914,-3.128044604,-0.326514385,0.785542304,-0.042572709,-0.007892089
33.96,-2.362103333,-2.690009291,5.019543807,-3.128377515,-2.680962809,-1.870316621,4.974072658,-3.13652531,-0.318859476,0.819692671,-0.045471149,-0.008147794
34.0,-2.507165129,-2.454446835,5.005253101,-3.140681012,-2.680062048,-1.851132511,4.972812069,3.135539237,-0.172896919,0.603314324,-0.032441031,-0.006965058
34.03,-2.516654321,-2.471803325,5.002197659,3.133139497,-2.678439235,-1.836442367,4.971827702,3.127216757,-0.161784913,0.635360959,-0.030369956,-0.00592274
34.06,-2.526179435,-2.48922606,5.003737981,3.125011997,-2.675889556,-1.82146488,4.970822479,3.118735768,-0.149710121,0.66776118,-0.032915503,-0.006276229
34.1,-2.538950461,-2.512556974,5.004256614,3.113107995,-2.671222877,-1.801153417,4.969455136,3.10736198,-0.132272416,0.711403557,-0.034801478,-0.005746014
34.13,-2.548591392,-2.530139664,4.997983711,3.104200016,-2.66673554,-1.785714026,4.968409651,3.098956809,-0.118144148,0.744425638,-0.02957406,-0.005243207
34.16,-2.558280926,-2.547808696,4.999443723,3.096055016,-2.661260299,-1.77014607,4.967331761,3.090647213,-0.102979374,0.777662626,-0.032111962,-0.005407802
34.2,-2.571252537,-2.571479791,4.991422254,3.085486233,-2.652697054,-1.749307929,4.965855899,3.079489205,-0.081444518,0.822171862,-0.025566355,-0.005997028
34.23,-2.581045683,-2.589342738,5.006125664,3.076910053,-2.645345293,-1.733651981,4.964715592,3.071053927,-0.064299609,0.855690757,-0.041410071,-0.005856126
34.26,-2.590919561,-2.607285773,5.007865876,3.068457553,-2.63704108,-1.717979544,4.963556176,3.062636244,-0.046121519,0.88930623,-0.0443097,-0.00582131
34.3,-2.60420719,-2.631320654,4.995643742,3.057518135,-2.624687369,-1.697046505,4.961963379,3.051506451,-0.020480179,0.93427415,-0.033680362,-0.006011685
34.33,-2.614254746,-2.649436597,4.987584307,3.048231556,-2.614491574,-1.681301424,4.960724529,3.0431676,-0.000236828,0.968135173,-0.026859778,-0.005063956
34.36,-2.62439189,-2.667649946,4.988743999,3.039919056,-2.603400923,-1.665491855,4.959441586,3.034729154,0.020990967,1.002158091,-0.029302413,-0.005189902
34.4,-2.638051842,-2.69207425,4.985134895,3.028756094,-2.587404228,-1.644315532,4.957692276,3.023444046,0.050647614,1.047758719,-0.027442619,-0.005312048
34.43,-2.648397707,-2.710494013,4.994269602,3.020610005,-2.574482103,-1.628360638,4.956355779,3.015083315,0.073915604,1.082133375,-0.037913823,-0.00552669
34.46,-2.65882169,-2.729014908,4.9956845,3.012465005,-2.560660199,-1.612334045,4.954982801,3.006786306,0.098161491,1.116680863,-0.040701699,-0.005678699
34.5,-2.689005282,-2.55307348,4.98677544,3.001615237,-2.541095756,-1.590871877,4.953101621,2.995593964,0.147909526,0.962201604,-0.033673819,-0.006021273
34.53,-2.699816932,-2.569564153,4.990422593,2.993468949,-2.525583062,-1.574712312,4.951636978,2.987118189,0.17423387,0.994851841,-0.038785615,-0.006350761
34.56,-2.710741599,-2.586133937,4.991688286,2.985121449,-2.509212655,-1.558503191,4.950127977,2.978720881,0.201528944,1.027630746,-0.041560309,-0.006400568
34.6,-2.725455356,-2.608343509,4.995564239,2.973391399,-2.48625763,-1.536848017,4.948051473,2.967624405,0.239197726,1.071495492,-0.047512766,-0.005766994
34.63,-2.736614755,-2.625094947,4.98766783,2.964996093,-2.46823402,-1.520596231,4.946458499,2.95926059,0.268380735,1.104498716,-0.041209331,-0.005735503
34.66,-2.747874428,-2.641926594,4.988802528,2.956488593,-2.449434321,-1.504372383,4.944827226,2.950818066,0.298440107,1.137554211,-0.043975302,-0.005670527
34.7,-2.763076142,-2.664497566,4.975806014,2.944584177,-2.423329695,-1.482834374,4.942608896,2.939594579,0.339746447,1.181663192,-0.033197117,-0.004989597
34.73,-2.774608343,-2.681532259,4.971044916,2.936432691,-2.402982125,-1.466774381,4.940909998,2.931226902,0.371626217,1.214757878,-0.030134918,-0.005205788
34.76,-2.786237472,-2.698654165,4.971682801,2.927965191,-2.381909311,-1.450814115,4.939201197,2.92284997,0.404328161,1.24784005,-0.032481603,-0.00511522
34.8,-2.801914578,-2.72162774,4.966895675,2.917118986,-2.352894866,-1.429662507,4.936926285,2.911620167,0.449019712,1.291965234,-0.02996939,-0.005498819
34.83,-2.813841476,-2.738946643,4.964572809,2.909220967,-2.330445113,-1.413896325,4.935235318,2.903198203,0.483396363,1.325050318,-0.029337491,-0.006022764
34.86,-2.825916587,-2.756348597,4.965170293,2.901140967,-2.307304512,-1.398229686,4.933549577,2.894841123,0.518612075,1.358118911,-0.031620715,-0.006299844
34.9,-2.842211526,-2.779693435,4.953604077,2.890615233,-2.275579808,-1.377466788,4.931298247,2.883730094,0.566631717,1.402226647,-0.02230583,-0.006885139
34.93,-2.854575094,-2.797312098,4.965939397,2.882949468,-2.251175877,-1.361983949,4.929615101,2.875350801,0.603399218,1.435328149,-0.036324296,-0.007598667
34.96,-2.867095491,-2.815007107,4.96672128,2.874506968,-2.22617881,-1.346594777,4.927943234,2.866941302,0.640916681,1.46841233,-0.038778045,-0.007565665
35.0,-2.722800429,-2.48359227,4.950311714,2.863277593,-2.192053727,-1.326216461,4.925740779,2.85579273,0.530746702,1.157375809,-0.024570935,-0.007484864
35.03,-2.733882598,-2.497538881,4.952425544,2.855509643,-2.165886687,-1.311042144,4.924090001,2.847473134,0.56799591,1.186496737,-0.028335543,-0.008036509
35.06,-2.745117467,-2.511552557,4.952955072,2.847334643,-2.139198153,-1.295975099,4.922465813,2.839106627,0.605919314,1.215577458,-0.030489258,-0.008228016
35.1,-2.760337744,-2.530334657,4.956341132,2.835709588,-2.102953794,-1.276045362,4.920353709,2.827888292,0.65738395,1.254289295,-0.035987423,-0.007821296
35.13,-2.771941921,-2.544483268,4.953353249,2.827574527,-2.075269195,-1.261248174,4.918823863,2.819488876,0.696672725,1.283235094,-0.034529386,-0.008085651
35.16,-2.783687211,-2.558697711,4.954124714,2.819259527,-2.04709755,-1.246638253,4.917327714,2.811123862,0.736589661,1.312059458,-0.036797,-0.008135666
35.2,-2.799547916,-2.577771262,4.948553398,2.807612797,-2.008968861,-1.227429678,4.915378441,2.799956436,0.790579055,1.350341583,-0.033174956,-0.007656361
35.23,-2.81160194,-2.592168953,4.946720917,2.799537485,-1.979996799,-1.213227493,4.913954021,2.791568028,0.83160514,1.378941459,-0.032766896,-0.007969457
35.26,-2.823818045,-2.606634064,4.947442284,2.791339985,-1.950655998,-1.199231911,4.912581395,2.783185203,0.873162047,1.407402152,-0.03486089,-0.008154782
35.3,-2.840336334,-2.626031521,4.953261882,2.780174026,-1.911032116,-1.180842581,4.910825016,2.772042588,0.929304218,1.44518894,-0.042436866,-0.008131438
35.33,-2.852906862,-2.640674695,4.944022699,2.772716435,-1.880965715,-1.167235451,4.909558076,2.763709624,0.971941147,1.473439245,-0.034464623,-0.009006811
35.36,-2.865638691,-2.655393727,4.944879521,2.764676435,-1.850605528,-1.153783697,4.908345084,2.755363166,1.015033163,1.501610029,-0.036534437,-0.009313269
35.4,-2.882884168,-2.675136291,4.93235419,2.754111973,-1.809756585,-1.136039511,4.906781409,2.744209964,1.073127583,1.53909678,-0.025572781,-0.009902009
35.43,-2.896023681,-2.690019506,4.925736573,2.745389706,-1.778831734,-1.122878643,4.905664713,2.735866827,1.117191946,1.567140863,-0.02007186,-0.009522879
35.46,-2.909314453,-2.704970024,4.926248981,2.737492206,-1.747635662,-1.109860058,4.904597542,2.727557891,1.161678791,1.595109966,-0.02165144,-0.009934315
35.5,-2.559790832,-2.338671196,4.931249521,2.726701825,-1.705753742,-1.092665467,4.903274983,2.716458578,0.85403709,1.246005729,-0.027974539,-0.010243247
35.53,-2.569375989,-2.349493753,4.931065332,2.717639882,-1.674158779,-1.079882875,4.902359166,2.7081012,0.89521721,1.269610878,-0.028706165,-0.009538681
35.56,-2.579135963,-2.360364914,4.932043209,2.709694882,-1.642375698,-1.067221994,4.901524838,2.699749527,0.936760265,1.29314292,-0.030518372,-0.009945354
35.6,-2.592412548,-2.374953229,4.922597882,2.698878695,-1.599753958,-1.050511814,4.900484678,2.688648523,0.99265859,1.324441414,-0.022113204,-0.010230172
35.63,-2.602550232,-2.385960505,4.921932464,2.691378148,-1.567644145,-1.038099221,4.899761001,2.68032221,1.034906088,1.347861284,-0.022171463,-0.011055938
35.66,-2.612868117,-2.397024419,4.922843869,2.682780648,-1.535440573,-1.025797394,4.899099893,2.671971798,1.077427543,1.371227024,-0.023743976,-0.010808851
35.7,-2.62689385,-2.411861918,4.922069595,2.671867796,-1.492388037,-1.009555926,4.89831729,2.660830227,1.134505813,1.402305992,-0.023752304,-0.01103757
35.73,-2.637620247,-2.423050796,4.916070593,2.663007368,-1.460009483,-0.997505722,4.897805997,2.652483316,1.177610764,1.425545074,-0.018264596,-0.010524052
35.76,-2.648495905,-2.434302438,4.917029627,2.654549868,-1.427572248,-0.985576288,4.89735846,2.644140533,1.220923656,1.448726149,-0.019671167,-0.010409334
35.8,-2.66326385,-2.449422908,4.922255161,2.643309348,-1.384309194,-0.969800122,4.896851344,2.633005305,1.278954656,1.479622785,-0.025403817,-0.010304043
35.83,-2.674554316,-2.46084454,4.928072234,2.634612341,-1.35186611,-0.958058401,4.896536834,2.624646587,1.322688206,1.502786139,-0.0315354,-0.009965753
35.86,-2.686018256,-2.472335884,4.929610971,2.626012341,-1.319416648,-0.946413908,4.896293108,2.616294065,1.366601608,1.525921977,-0.033317863,-0.009718276
35.9,-2.701569764,-2.487753196,4.92300486,2.614750739,-1.276161927,-0.931008019,4.896025505,2.605168997,1.425407837,1.556745177,-0.026979355,-0.009581742
35.93,-2.713433765,-2.499394391,4.915773522,2.605749144,-1.243769058,-0.91952193,4.895871678,2.596821588,1.469664707,1.579872462,-0.019901844,-0.008927555
35.96,-2.72546386,-2.511095304,4.917080952,2.597289144,-1.211454958,-0.908087709,4.895763096,2.588463603,1.514008903,1.603007595,-0.021317856,-0.00882554
36.0,-2.29115469,-2.047723069,4.917090765,2.586580059,-1.16846398,-0.892920048,4.895713637,2.577320616,1.12269071,1.154803021,-0.021377128,-0.009259444
36.03,-2.298597201,-2.05423742,4.919113138,2.578467371,-1.136290404,-0.881604925,4.895746422,2.568969777,1.162306797,1.172632495,-0.023366716,-0.009497594
36.06,-2.306203215,-2.06080927,4.920732563,2.569849871,-1.104221257,-0.870329973,4.895857068,2.560615101,1.201981959,1.190479297,-0.024875495,-0.00923477
36.1,-2.316612288,-2.069653949,4.91603228,2.559000938,-1.061648315,-0.855324436,4.89610282,2.549463085,1.254963973,1.214329514,-0.01992946,-0.009537853
36.13,-2.324634696,-2.076330532,4.920843412,2.54920788,-1.029855859,-0.844098242,4.896359397,2.541094823,1.294778837,1.232232289,-0.024484015,-0.008113057
36.16,-2.332834346,-2.083055047,4.92271481,2.54074538,-0.998188808,-0.832917419,4.896685849,2.532724235,1.334645538,1.250137628,-0.026028961,-0.008021145
36.2,-2.344007854,-2.092121572,4.923991055,2.529778202,-0.956169847,-0.818055376,4.897198644,2.5215597,1.387838007,1.274066197,-0.026792411,-0.008218502
36.23,-2.352569627,-2.099002732,4.918916699,2.520454739,-0.924848465,-0.806916753,4.897645281,2.513188164,1.427721163,1.292085979,-0.021271418,-0.007266575
36.26,-2.361309129,-2.105931165,4.920823079,2.512354739,-0.89373157,-0.795773557,4.898140247,2.504820036,1.467577559,1.310157608,-0.022682832,-0.007534703
36.3,-2.373247984,-2.115235293,4.920318004,2.502323644,-0.852484968,-0.780921132,4.898878235,2.493662133,1.520763015,1.33431416,-0.021439769,-0.008661511
36.33,-2.382411643,-2.122268184,4.915622012,2.49429984,-0.821732028,-0.769777753,4.899477232,2.485297231,1.560679615,1.35249043,-0.016144779,-0.009002609
36.36,-2.391750673,-2.129357699,4.917486999,2.48607234,-0.791196588,-0.758594849,4.900131258,2.47693385,1.600554085,1.37076285,-0.017355741,-0.009138489
36.4,-2.404466088,-2.13888295,4.925675096,2.474793782,-0.750798354,-0.743601753,4.901057223,2.465773468,1.653667734,1.395281197,-0.024617874,-0.009020314
36.43,-2.414206847,-2.146075866,4.931149772,2.465867194,-0.720720428,-0.732302285,4.901804737,2.45740131,1.69348642,1.413773581,-0.029345035,-0.008465883
36.46,-2.424102997,-2.153310702,4.933540807,2.457504694,-0.690849114,-0.720954297,4.902585563,2.449037423,1.733253883,1.432356404,-0.030955244,-0.00846727
36.5,-1.991288006,-1.741628011,4.924428229,2.446554765,-0.651332394,-0.705723404,4.903656088,2.437886555,1.339955612,1.035904607,-0.020772141,-0.00866821
36.53,-1.996598047,-1.744289994,4.917293418,2.438337935,-0.621955447,-0.694198943,4.904471364,2.429512578,1.3746426,1.050091051,-0.012822053,-0.008825357
36.56,-2.002069907,-1.746987308,4.919201415,2.429840435,-0.59283295,-0.682574005,4.905313996,2.421132263,1.409236957,1.064413304,-0.013887419,-0.008708172
36.6,-2.009622152,-1.750637352,4.915269607,2.416458501,-0.55431364,-0.666959733,4.90651084,2.409968601,1.455308512,1.083677618,-0.008758767,-0.0064899
36.63,-2.015455301,-1.753425009,4.910669449,2.406910969,-0.525666222,-0.655152632,4.907463402,2.401601597,1.489789079,1.098272377,-0.003206047,-0.005309372
36.66,-2.021442669,-1.756259842,4.912455027,2.398330969,-0.497292446,-0.643218149,4.908470275,2.393226007,1.524150223,1.113041692,-0.003984752,-0.005104962
36.7,-2.029678332,-1.760097661,4.918595691,2.388401454,-0.459829168,-0.627127945,4.909850904,2.382046151,1.569849164,1.132969716,-0.008744787,-0.006355303
36.73,-2.036061939,-1.763008108,4.91302222,2.380406328,-0.431987677,-0.614942355,4.910926013,2.37366437,1.604074262,1.148065753,-0.002096207,-0.006741958
36.76,-2.042605982,-1.765960353,4.914909481,2.372028828,-0.404395546,-0.602639507,4.912015362,2.365291708,1.638210436,1.163320846,-0.002894119,-0.00673712
36.8,-2.05156918,-1.769991936,4.924964329,2.361014117,-0.36797234,-0.586037966,4.91348718,2.354121829,1.68359684,1.18395397,-0.011477149,-0.006892288
36.83,-2.058475442,-1.773075298,4.909855013,2.352047735,-0.340940993,-0.573421117,4.914597116,2.345730462,1.717534448,1.199654181,0.004742103,-0.006317273
36.86,-2.065554164,-1.77619866,4.9116067,2.343527735,-0.314175542,-0.560651421,4.915719224,2.337337932,1.751378622,1.215547239,0.004112524,-0.006189803
36.9,-2.075253425,-1.780435202,4.919422175,2.332796601,-0.278818784,-0.543436132,4.91721589,2.326166355,1.796434641,1.23699907,-0.002206285,-0.006630246
36.93,-2.082698008,-1.783667783,4.916618623,2.324135218,-0.252562293,-0.530362892,4.918352305,2.317791376,1.830135715,1.253304891,0.001733682,-0.006343842
36.96,-2.090291299,-1.786940037,4.918542679,2.316020218,-0.226586643,-0.517099333,4.919497493,2.309399162,1.863704655,1.269840704,0.000954813,-0.006621056
37.0,-1.500693562,-1.524798005,4.916011851,2.30570899,-0.192308353,-0.499170437,4.921018165,2.298198947,1.308385209,1.025627568,0.005006314,-0.007510043
37.03,-1.501966361,-1.525198364,4.91227504,2.297677977,-0.166843979,-0.485558815,4.922158029,2.289812517,1.335122382,1.039639548,0.009882989,-0.007865459
37.06,-1.503375715,-1.525666529,4.913989245,2.289460477,-0.141624378,-0.471773841,4.923298037,2.281439972,1.361751337,1.053892688,0.009308792,-0.008020505
37.1,-1.505479197,-1.526404683,4.911877784,2.276986278,-0.10835584,-0.453117497,4.92485345,2.270260295,1.397123357,1.073287186,0.012975666,-0.006725982
37.13,-1.507227746,-1.527024298,4.906185375,2.268073636,-0.083676512,-0.43890861,4.926040443,2.261857642,1.423551234,1.088115688,0.019855067,-0.006215994
37.16,-1.509141338,-1.527703247,4.907758446,2.259893636,-0.059249659,-0.42450224,4.927251363,2.253460874,1.449891679,1.103201007,0.019492917,-0.006432762
37.2,-1.511929906,-1.528680922,4.912960426,2.249547549,-0.027005297,-0.405039062,4.928866422,2.242286871,1.48492461,1.12364186,0.015905996,-0.007260678
37.23,-1.514185161,-1.529473399,4.904939251,2.240529385,-0.003079311,-0.390228528,4.930087194,2.233904106,1.511105849,1.139244871,0.025147943,-0.006625279
37.26,-1.516564367,-1.530313547,4.906460567,2.232294385,0.020580043,-0.375184648,4.931301935,2.225501524,1.53714441,1.155128899,0.024841369,-0.006792861
37.3,-1.519968739,-1.531512805,4.899796684,2.221383849,0.051795894,-0.35483428,4.932909602,2.214296258,1.571764633,1.176678524,0.033112919,-0.007087591
37.33,-1.522690853,-1.532470538,4.896122035,2.212799295,0.07497843,-0.339367146,4.93410854,2.20591209,1.597669282,1.193103392,0.037986504,-0.006887205
37.36,-1.525537692,-1.533487447,4.897319357,2.204541795,0.09792797,-0.323680079,4.935306193,2.197535703,1.623465662,1.209807368,0.037986836,-0.007006092
37.4,-1.529519646,-1.534922058,4.904282467,2.192246561,0.128201349,-0.302435711,4.936907896,2.186337688,1.657720996,1.232486346,0.032625429,-0.005908873
37.43,-1.532660158,-1.536054395,4.910665961,2.184700839,0.150671656,-0.286260831,4.938110736,2.177923724,1.683331814,1.249793564,0.027444775,-0.006777116
37.46,-1.535943055,-1.537243869,4.912300559,2.176348339,0.172931639,-0.269868659,4.939314709,2.169529232,1.708874694,1.26737521,0.02701415,-0.006819108
37.5,-1.027821155,-1.216026976,4.927063628,2.164999557,0.202337853,-0.247719159,4.940888384,2.158361409,1.230159008,0.968307816,0.013824755,-0.006638148
37.53,-1.02572156,-1.213776152,4.921779477,2.155608241,0.224176531,-0.230862871,4.942044746,2.149971634,1.249898091,0.982913281,0.020265269,-0.005636608
37.56,-1.023751175,-1.211588361,4.92364206,2.147030741,0.24580092,-0.21375486,4.943167673,2.14155945,1.269552095,0.997833501,0.019525613,-0.005471291
37.6,-1.021314622,-1.208740562,4.921871524,2.135116775,0.274374149,-0.190639951,4.944645919,2.13036092,1.29568877,1.018100611,0.022774394,-0.004755855
37.63,-1.019630484,-1.206668423,4.916666115,2.126111223,0.295615578,-0.173084658,4.945737101,2.121988104,1.315246062,1.033583765,0.029070986,-0.00412312
37.66,-1.018060317,-1.204657824,4.918274032,2.117841223,0.316652479,-0.155289041,4.94682513,2.113609178,1.334712795,1.049368784,0.028551098,-0.004232045
37.7,-1.016169304,-1.202073399,4.918019378,2.10624824,0.344417438,-0.131226707,4.948261422,2.102404785,1.360586743,1.070846692,0.030242044,-0.003843456
37.73,-1.014905905,-1.200191424,4.917739598,2.096845651,0.365042022,-0.112949698,4.949340262,2.09400041,1.379947927,1.087241726,0.031600665,-0.002845241
37.76,-1.013757632,-1.198346745,4.919367131,2.088603151,0.385487012,-0.094465906,4.950417271,2.085619729,1.399244644,1.103880839,0.03105014,-0.002983422
37.8,-1.012420242,-1.195981765,4.908284508,2.078822733,0.412505834,-0.069522176,4.951847867,2.074451169,1.424926076,1.126459589,0.043563359,-0.004371564
37.83,-1.011560795,-1.194275942,4.903749416,2.07027391,0.432584491,-0.05056754,4.952914537,2.066048772,1.444145286,1.143708401,0.049165121,-0.004225138
37.86,-1.010811678,-1.192629409,4.904908005,2.06221891,0.452492446,-0.031375375,4.95397636,2.057630111,1.463304125,1.161254034,0.049068355,-0.004588799
37.9,-1.010004784,-1.19051395,4.902152407,2.051150406,0.478841303,-0.005507527,4.955407712,2.046439491,1.488846087,1.185006423,0.053255304,-0.004710915
37.93,-1.009533858,-1.188996169,4.910850824,2.042722064,0.498462693,0.01410347,4.956490757,2.038070652,1.507996552,1.203099639,0.045639933,-0.004651413
37.96,-1.009190623,-1.187545455,4.91229578,2.034142064,0.517937351,0.033951688,4.957587884,2.029678176,1.527127974,1.221497143,0.045292104,-0.004463889
38.0,-0.557581015,-0.844399946,4.92896941,2.022617314,0.543718075,0.060730752,4.959036931,2.018448597,1.10129909,0.905130698,0.030067521,-0.004168717
38.03,-0.552544055,-0.839277691,4.934989122,2.013836007,0.56293417,0.08102291,4.960115301,2.010039524,1.115478225,0.920300601,0.025126179,-0.003796483
38.06,-0.54763546,-0.834212672,4.937080965,2.005351007,0.582045141,0.101506262,4.961170174,2.001666468,1.129680601,0.935718934,0.024089209,-0.003684539
38.1,-0.541254389,-0.827584203,4.943356375,1.993752232,0.607377478,0.129103169,4.962557483,1.990490932,1.148631868,0.956687373,0.019201108,-0.0032613
38.13,-0.536591522,-0.822709176,4.951630476,1.985567633,0.626259497,0.150027665,4.9635694,1.982070525,1.16285102,0.972736841,0.011938924,-0.003497108
38.16,-0.532041325,-0.817904478,4.954091862,1.977262633,0.645032972,0.171153224,4.964554652,1.973648194,1.177074296,0.989057702,0.01046279,-0.003614439
38.2,-0.526134328,-0.811579481,4.952667286,1.965994043,0.669931643,0.199548296,4.965829251,1.962463824,1.196065971,1.011127776,0.013161965,-0.00353022
38.23,-0.521831512,-0.806908722,4.95026298,1.956623782,0.688500122,0.221022566,4.966751162,1.954087854,1.210331634,1.027931288,0.016488183,-0.002535928
38.26,-0.517632582,-0.802308958,4.95245608,1.948188782,0.706952209,0.242697527,4.967645353,1.945684413,1.224584791,1.045006485,0.015189273,-0.002504369
38.3,-0.512212558,-0.796298585,4.95515889,1.936531424,0.73140888,0.27184496,4.968804195,1.934462964,1.243621437,1.068143545,0.013645305,-0.002068461
38.33,-0.508257872,-0.791866222,4.970776817,1.927609615,0.749655842,0.293859973,4.969662554,1.926067808,1.257913714,1.085726195,-0.001114263,-0.001541806
38.36,-0.504401846,-0.787516933,4.973441445,1.919527115,0.767812599,0.3160236,4.970501348,1.917694166,1.272214445,1.103540533,-0.002940097,-0.001832948
38.4,-0.499435548,-0.781817251,4.971741615,1.908051227,0.791893509,0.345808453,4.971597952,1.906505245,1.291329057,1.127625704,-0.000143663,-0.001545982
38.43,-0.495836843,-0.777607051,4.978950693,1.89966819,0.809861188,0.368323469,4.972376914,1.898086587,1.305698031,1.14593052,-0.006573779,-0.001581603
38.46,-0.492349688,-0.77344696,4.981640304,1.89108569,0.827752123,0.390981202,4.9731253,1.889679418,1.320101811,1.164428161,-0.008515004,-0.001406272
38.5,-0.121457385,-0.378520705,4.978448909,1.879869983,0.85151856,0.42135781,4.974082553,1.878509505,0.972975945,0.799878515,-0.004366355,-0.001360478
38.53,-0.114152408,-0.370219838,4.973170946,1.871388553,0.869274812,0.444283993,4.974773659,1.870130092,0.98342722,0.81450383,0.001602714,-0.001258461
38.56,-0.106951503,-0.361990946,4.97547818,1.862993553,0.886961375,0.467370505,4.97543278,1.861716437,0.993912878,0.829361451,-4.54e-05,-0.001277116
38.6,-0.097508726,-0.351117597,4.973189394,1.8515788,0.910466575,0.498329347,4.97629184,1.850495368,1.007975302,0.849446944,0.003102446,-0.001083432
38.63,-0.0905705,-0.343038756,4.967074633,1.843054622,0.928048314,0.521653064,4.976929237,1.842111844,1.018618814,0.864691819,0.009854604,-0.000942777
38.66,-0.083745635,-0.33501855,4.969042768,1.834794622,0.945582784,0.545089273,4.97756279,1.833741136,1.029328419,0.880107823,0.008520022,-0.001053485
38.7,-0.074811238,-0.32443941,4.968402312,1.823083238,0.968893925,0.576518715,4.978402548,1.8225395,1.043705163,0.900958125,0.010000236,-0.000543738
38.73,-0.068242571,-0.316580218,4.964673845,1.815076433,0.986332439,0.600214211,4.979026189,1.814117565,1.05457501,0.916794429,0.014352344,-0.000958868
38.76,-0.061794097,-0.308783377,4.966508397,1.806446433,1.003740218,0.623994999,4.979654688,1.805723243,1.065534315,0.932778376,0.01314629,-0.00072319
38.8,-0.053357205,-0.298508423,4.973896369,1.795988899,1.026917247,0.655810603,4.9804869,1.794565643,1.080274452,0.954319026,0.006590531,-0.001423257
38.83,-0.047152702,-0.290918159,4.98064498,1.786918487,1.044273404,0.679777036,4.98111962,1.786178336,1.091426106,0.970695195,0.00047464,-0.000740152
38.86,-0.041047225,-0.283395154,4.982876335,1.778810987,1.061606913,0.703850907,4.981739836,1.777755072,1.102654138,0.987246061,-0.001136499,-0.001055915
38.9,-0.033055263,-0.273439784,5.00498218,1.768179659,1.084704881,0.736042713,4.982553464,1.766544208,1.117760144,1.009482497,-0.022428716,-0.001635451
38.93,-0.02718198,-0.26603851,5.020325349,1.759354139,1.102025706,0.760237207,4.98313921,1.758176623,1.129207686,1.026275717,-0.037186139,-0.001177515
38.96,-0.021425772,-0.258712952,5.023559669,1.751311639,1.119343787,0.784501997,4.983697172,1.74980444,1.140769559,1.043214948,-0.039862497,-0.001507199
39.0,0.299433308,0.019390572,5.021559519,1.739917136,1.142431976,0.816968306,4.984367839,1.738583277,0.842998667,0.797577734,-0.03719168,-0.001333859
39.03,0.308406399,0.029549713,5.015037783,1.730870365,1.159753427,0.841378466,4.984803755,1.730157612,0.851347028,0.811828754,-0.030234029,-0.000712753
39.06,0.317275737,0.039647612,5.017738962,1.722532865,1.177089352,0.865813592,4.985179192,1.721778309,0.859813615,0.826165981,-0.03255977,-0.000754556
39.1,0.328931574,0.052978849,5.017910876,1.711501633,1.200221685,0.898439958,4.985621827,1.710624876,0.87129011,0.845461108,-0.032289049,-0.000876757
39.13,0.337562305,0.062872304,5.012234774,1.702649626,1.217577002,0.922967616,4.9859246,1.702223574,0.880014697,0.860095312,-0.026310174,-0.000426052
39.16,0.346104791,0.072701742,5.01459016,1.694447126,1.234931821,0.947541067,4.986193256,1.693803329,0.888827031,0.874839324,-0.028396904,-0.000643797
39.2,0.357337503,0.085728439,5.022909274,1.683015578,1.258060721,0.980312447,4.986524955,1.682612439,0.900723218,0.894584008,-0.036384319,-0.000403139
39.23,0.365644482,0.095401256,5.016606674,1.675524073,1.275384411,1.00488917,4.986755152,1.674239336,0.909739928,0.909487914,-0.029851523,-0.001284737
39.26,0.373840476,0.104999422,5.018925427,1.667066573,1.292661474,1.029491477,4.986977847,1.665853525,0.918820998,0.924492056,-0.03194758,-0.001213048
39.3,0.38459113,0.117679217,5.026054879,1.65523792,1.315609252,1.062330847,4.987236851,1.654668887,0.931018121,0.94465163,-0.038818028,-0.000569033
39.33,0.392534389,0.127113691,5.024191465,1.647529668,1.332742771,1.086954815,4.987420499,1.646285664,0.940208381,0.959841124,-0.036770966,-0.001244004
39.36,0.400384539,0.136494495,5.026546114,1.639587168,1.349788866,1.111549934,4.987587237,1.637895467,0.949404327,0.975055439,-0.038958877,-0.001691701
39.4,0.410682851,0.148890706,5.019399898,1.628821258,1.372388155,1.144338111,4.987796239,1.626707522,0.961705304,0.995447404,-0.031603659,-0.002113736
39.43,0.4183044,0.158103185,5.017502381,1.620570713,1.389236546,1.168943542,4.987935736,1.618328979,0.970932146,1.010840357,-0.029566645,-0.002241734
39.46,0.425842627,0.167256369,5.019478654,1.612308213,1.405983993,1.193539381,4.988066654,1.609953846,0.980141367,1.026283012,-0.031412,-0.002354367
39.5,0.76047156,0.422510384,5.011248491,1.600855114,1.428182446,1.226279274,4.988241989,1.598767671,0.667710885,0.80376889,-0.023006503,-0.002087443
39.53,0.771387364,0.434201068,5.005923735,1.592029581,1.444733943,1.250804205,4.988378634,1.590370277,0.673346579,0.816603137,-0.017545101,-0.001659304
39.56,0.782229854,0.445795062,5.00751965,1.583772081,1.461189936,1.275329877,4.988525787,1.581976309,0.678960082,0.829534815,-0.018993862,-0.001795772
39.6,0.796553082,0.461138552,5.00584089,1.572591071,1.482999342,1.308016719,4.988723358,1.570791868,0.68644626,0.846878167,-0.017117532,-0.001799203
39.63,0.807173351,0.472568261,5.015355193,1.563928649,1.499243705,1.332488854,4.988886207,1.562387009,0.692070355,0.859920592,-0.026468986,-0.001541639
39.66,0.81768912,0.483916729,5.017212195,1.555443649,1.51534945,1.356913551,4.989060351,1.553954906,0.697660329,0.872996822,-0.028151844,-0.001488742
39.7,0.831595073,0.498909679,5.009141918,1.543784588,1.536599879,1.389461193,4.989321896,1.542747935,0.705004806,0.890551514,-0.019820021,-0.001036654
39.73,0.84194778,0.510071799,4.996950805,1.535624138,1.552346954,1.413865846,4.989517653,1.534402538,0.710399174,0.903794048,-0.007433151,-0.0012216
39.76,0.852211882,0.521181133,4.998212353,1.527244138,1.567880605,1.438233375,4.989723864,1.526045611,0.715668724,0.917052242,-0.008488489,-0.001198527
39.8,0.865773091,0.535901854,4.999934273,1.516037895,1.588286555,1.470652878,4.99001468,1.514807089,0.722513463,0.934751024,-0.009919593,-0.001230805
39.83,0.875841946,0.546842887,5.00453613,1.507915867,1.603353074,1.494938378,4.990266681,1.50637991,0.727511128,0.948095491,-0.014269449,-0.001535957
39.86,0.88582465,0.557706048,5.006055736,1.499363367,1.618175511,1.519218061,4.990546653,1.498041328,0.732350861,0.961512013,-0.015509083,-0.00132204
39.9,0.899003381,0.572089161,5.014200663,1.488324403,1.637603855,1.551550385,4.990954321,1.486937846,0.738600474,0.979461224,-0.023246342,-0.001386557
39.93,0.908788743,0.582805545,5.016687558,1.479690286,1.651917516,1.575741821,4.991281377,1.478524804,0.743128773,0.992936277,-0.025406181,-0.001165482
39.96,0.918494066,0.593477409,5.018620436,1.471437786,1.665969993,1.599886393,4.991621346,1.470071205,0.747475927,1.006408984,-0.026999089,-0.001366582
40.0,1.184387625,0.900671784,5.019542438,1.461607066,1.684357029,1.632056309,4.992082162,1.458915703,0.499969404,0.731384525,-0.027460276,-0.002691363
