[INFO] [launch]: All log files can be found below /root/.ros/log/2026-04-05-05-57-00-794620-liuyi-43247
[INFO] [launch]: Default logging verbosity is set to INFO
[INFO] [gazebo-1]: process started with pid [43265]
[INFO] [robot_state_publisher-2]: process started with pid [43266]
[INFO] [robot_state_publisher-3]: process started with pid [43267]
[INFO] [parameter_bridge-4]: process started with pid [43268]
[INFO] [create-5]: process started with pid [43270]
[INFO] [static_transform_publisher-6]: process started with pid [43271]
[INFO] [create-7]: process started with pid [43272]
[INFO] [static_transform_publisher-8]: process started with pid [43273]
[INFO] [static_transform_publisher-9]: process started with pid [43274]
[INFO] [rviz2-10]: process started with pid [43281]
[INFO] [component_container-11]: process started with pid [43284]
[INFO] [component_container-12]: process started with pid [43285]
[static_transform_publisher-9] [INFO] [1775368621.149090364] [drone.drone_static_tf2]: Spinning until stopped - publishing transform
[static_transform_publisher-9] translation: ('0.000000', '0.000000', '0.000000')
[static_transform_publisher-9] rotation: ('0.000000', '0.000000', '0.000000', '1.000000')
[static_transform_publisher-9] from 'drone/base_footprint' to 'drone/base_link'
[robot_state_publisher-3] [WARN] [1775368621.170244435] [kdl_parser]: The root link base_link has an inertia specified in the URDF, but KDL does not support a root link with an inertia.  As a workaround, you can add an extra dummy link to your URDF.
[robot_state_publisher-3] [INFO] [1775368621.170336182] [drone.robot_state_publisher]: Robot initialized
[rviz2-10] QStandardPaths: XDG_RUNTIME_DIR not set, defaulting to '/tmp/runtime-root'
[robot_state_publisher-2] [INFO] [1775368621.180493515] [turtle.robot_state_publisher]: Robot initialized
[create-7] [INFO] [1775368621.197116351] [drone.ros_gz_sim]: Requesting list of world names.
[create-5] [INFO] [1775368621.197715459] [turtle.ros_gz_sim]: Requesting list of world names.
[static_transform_publisher-8] [INFO] [1775368621.202004327] [drone.drone_static_tf]: Spinning until stopped - publishing transform
[static_transform_publisher-8] translation: ('0.000000', '0.000000', '0.000000')
[static_transform_publisher-8] rotation: ('0.000000', '0.000000', '0.000000', '1.000000')
[static_transform_publisher-8] from 'map' to 'drone/odom'
[static_transform_publisher-6] [INFO] [1775368621.207722940] [turtle.turtle_static_tf]: Spinning until stopped - publishing transform
[static_transform_publisher-6] translation: ('0.000000', '0.000000', '0.000000')
[static_transform_publisher-6] rotation: ('0.000000', '0.000000', '0.000000', '1.000000')
[static_transform_publisher-6] from 'map' to 'turtle/odom'
[gazebo-1] [1;33mWarning [Utils.cc:132][0m [/sdf/world[@name="default"]/gui/camera[@name="user_camera"]/pose[@frame=""]:/ws/ee4308/install/ee4308_bringup/share/ee4308_bringup/worlds/turtlebot3_house.world:L10]: XML Attribute[frame] in element[pose] not defined in SDF.
[component_container-11] [INFO] [1775368621.343511251] [drone.drone]: Load Library: /ws/ee4308/install/ee4308_drone/lib/libbehavior_component.so
[component_container-11] [INFO] [1775368621.345747102] [drone.drone]: Found class: rclcpp_components::NodeFactoryTemplate<ee4308::drone::Behavior>
[component_container-11] [INFO] [1775368621.345772418] [drone.drone]: Instantiate class: rclcpp_components::NodeFactoryTemplate<ee4308::drone::Behavior>
[component_container-12] [INFO] [1775368621.360763169] [turtle.turtle2]: Load Library: /ws/ee4308/install/ee4308_turtle2/lib/libbehavior_component.so
[component_container-11] [INFO] [1775368621.361382827] [drone.behavior]: [Parameter] reached_thres: {"name": "reached_thres", "type": "double", "value": "0.300000"}
[component_container-11] [INFO] [1775368621.361569182] [drone.behavior]: [Parameter] cruise_height: {"name": "cruise_height", "type": "double", "value": "5.000000"}
[component_container-11] [INFO] [1775368621.361696052] [drone.behavior]: [Parameter] frequency: {"name": "frequency", "type": "double", "value": "10.000000"}
[component_container-11] [INFO] [1775368621.361834697] [drone.behavior]: [Parameter] topic_turtle_plan: {"name": "topic_turtle_plan", "type": "string", "value": "/turtle/plan"}
[component_container-11] [INFO] [1775368621.361962453] [drone.behavior]: [Parameter] topic_turtle_stop: {"name": "topic_turtle_stop", "type": "string", "value": "/turtle/stop"}
[component_container-11] [INFO] [1775368621.362080354] [drone.behavior]: [Parameter] map_frame_id: {"name": "map_frame_id", "type": "string", "value": "map"}
[component_container-11] [INFO] [1775368621.362204834] [drone.behavior]: [Parameter] initial_x: {"name": "initial_x", "type": "double", "value": "-2.000000"}
[component_container-11] [INFO] [1775368621.362324974] [drone.behavior]: [Parameter] initial_y: {"name": "initial_y", "type": "double", "value": "-2.000000"}
[component_container-11] [INFO] [1775368621.362442969] [drone.behavior]: [Parameter] initial_z: {"name": "initial_z", "type": "double", "value": "0.050000"}
[component_container-12] [INFO] [1775368621.363196832] [turtle.turtle2]: Found class: rclcpp_components::NodeFactoryTemplate<ee4308::turtle2::Behavior>
[component_container-12] [INFO] [1775368621.363219508] [turtle.turtle2]: Instantiate class: rclcpp_components::NodeFactoryTemplate<ee4308::turtle2::Behavior>
[rviz2-10] [INFO] [1775368621.369371409] [rviz2]: Stereo is NOT SUPPORTED
[rviz2-10] [INFO] [1775368621.369445533] [rviz2]: OpenGl version: 4.5 (GLSL 4.5)
[component_container-11] [INFO] [1775368621.372527914] [drone.behavior]: Behavior transition BEGIN -> TAKEOFF | turtle_stop=false | waypoint=(0.00, 0.00, 0.00)
[component_container-11] [INFO] [1775368621.372697374] [drone.behavior]: Behavior target TAKEOFF | new_waypoint=(-2.00, -2.00, 5.00)
[INFO] [launch_ros.actions.load_composable_nodes]: Loaded node '/drone/behavior' in container '/drone/drone'
[component_container-11] [INFO] [1775368621.374738151] [drone.drone]: Load Library: /ws/ee4308/install/ee4308_drone/lib/libplanner_component.so
[component_container-11] [INFO] [1775368621.375358243] [drone.drone]: Found class: rclcpp_components::NodeFactoryTemplate<ee4308::drone::Planner>
[component_container-11] [INFO] [1775368621.375373472] [drone.drone]: Instantiate class: rclcpp_components::NodeFactoryTemplate<ee4308::drone::Planner>
[component_container-11] [INFO] [1775368621.384571355] [drone.planner]: [Parameter] interpolation_distance: {"name": "interpolation_distance", "type": "double", "value": "0.100000"}
[INFO] [launch_ros.actions.load_composable_nodes]: Loaded node '/drone/planner' in container '/drone/drone'
[component_container-11] [INFO] [1775368621.389061692] [drone.drone]: Load Library: /ws/ee4308/install/ee4308_drone/lib/libcontroller_component.so
[component_container-11] [INFO] [1775368621.390579028] [drone.drone]: Found class: rclcpp_components::NodeFactoryTemplate<ee4308::drone::Controller>
[component_container-11] [INFO] [1775368621.390596828] [drone.drone]: Instantiate class: rclcpp_components::NodeFactoryTemplate<ee4308::drone::Controller>
[component_container-11] [INFO] [1775368621.400080508] [drone.controller]: [Parameter] frequency: {"name": "frequency", "type": "double", "value": "20.000000"}
[component_container-11] [INFO] [1775368621.400225166] [drone.controller]: [Parameter] enable: {"name": "enable", "type": "bool", "value": "true"}
[component_container-11] [INFO] [1775368621.400316342] [drone.controller]: [Parameter] lookahead_distance: {"name": "lookahead_distance", "type": "double", "value": "1.000000"}
[component_container-11] [INFO] [1775368621.400393055] [drone.controller]: [Parameter] max_xy_vel: {"name": "max_xy_vel", "type": "double", "value": "1.000000"}
[component_container-11] [INFO] [1775368621.400473109] [drone.controller]: [Parameter] max_z_vel: {"name": "max_z_vel", "type": "double", "value": "0.500000"}
[component_container-11] [INFO] [1775368621.400550475] [drone.controller]: [Parameter] yaw_vel: {"name": "yaw_vel", "type": "double", "value": "-0.300000"}
[component_container-11] [INFO] [1775368621.400633327] [drone.controller]: [Parameter] kp_xy: {"name": "kp_xy", "type": "double", "value": "1.000000"}
[component_container-11] [INFO] [1775368621.400716907] [drone.controller]: [Parameter] kp_z: {"name": "kp_z", "type": "double", "value": "1.000000"}
[INFO] [launch_ros.actions.load_composable_nodes]: Loaded node '/drone/controller' in container '/drone/drone'
[rviz2-10] [INFO] [1775368621.405830762] [rviz2]: Stereo is NOT SUPPORTED
[component_container-11] [INFO] [1775368621.407429823] [drone.drone]: Load Library: /ws/ee4308/install/ee4308_drone/lib/libestimator_component.so
[component_container-11] [INFO] [1775368621.410409167] [drone.drone]: Found class: rclcpp_components::NodeFactoryTemplate<ee4308::drone::Estimator>
[component_container-11] [INFO] [1775368621.410433359] [drone.drone]: Instantiate class: rclcpp_components::NodeFactoryTemplate<ee4308::drone::Estimator>
[component_container-11] [INFO] [1775368621.419827268] [drone.estimator]: [Parameter] frequency: {"name": "frequency", "type": "double", "value": "30.000000"}
[component_container-11] [INFO] [1775368621.419996100] [drone.estimator]: [Parameter] var_imu_x: {"name": "var_imu_x", "type": "double", "value": "3.000000"}
[component_container-11] [INFO] [1775368621.420122430] [drone.estimator]: [Parameter] var_imu_y: {"name": "var_imu_y", "type": "double", "value": "3.000000"}
[component_container-11] [INFO] [1775368621.420233729] [drone.estimator]: [Parameter] var_imu_z: {"name": "var_imu_z", "type": "double", "value": "20.000000"}
[component_container-11] [INFO] [1775368621.420356154] [drone.estimator]: [Parameter] var_imu_a: {"name": "var_imu_a", "type": "double", "value": "1.000000"}
[component_container-11] [INFO] [1775368621.420473614] [drone.estimator]: [Parameter] var_gps_x: {"name": "var_gps_x", "type": "double", "value": "0.300000"}
[component_container-11] [INFO] [1775368621.420588403] [drone.estimator]: [Parameter] var_gps_y: {"name": "var_gps_y", "type": "double", "value": "0.300000"}
[component_container-11] [INFO] [1775368621.420714152] [drone.estimator]: [Parameter] var_gps_z: {"name": "var_gps_z", "type": "double", "value": "0.500000"}
[component_container-11] [INFO] [1775368621.420838816] [drone.estimator]: [Parameter] var_baro: {"name": "var_baro", "type": "double", "value": "1.000000"}
[component_container-11] [INFO] [1775368621.420963883] [drone.estimator]: [Parameter] var_sonar: {"name": "var_sonar", "type": "double", "value": "0.030000"}
[component_container-11] [INFO] [1775368621.421114544] [drone.estimator]: [Parameter] var_magnet: {"name": "var_magnet", "type": "double", "value": "1.000000"}
[component_container-11] [INFO] [1775368621.421256139] [drone.estimator]: [Parameter] gps_position_max_innovation_xy: {"name": "gps_position_max_innovation_xy", "type": "double", "value": "1000.000000"}
[component_container-11] [INFO] [1775368621.421396838] [drone.estimator]: [Parameter] gps_position_max_innovation_z: {"name": "gps_position_max_innovation_z", "type": "double", "value": "1000.000000"}
[component_container-11] [INFO] [1775368621.421521029] [drone.estimator]: [Parameter] gps_position_max_sigma: {"name": "gps_position_max_sigma", "type": "double", "value": "1000.000000"}
[component_container-11] [INFO] [1775368621.421667969] [drone.estimator]: [Parameter] gps_forward_compensation_enable: {"name": "gps_forward_compensation_enable", "type": "bool", "value": "true"}
[component_container-11] [INFO] [1775368621.421789266] [drone.estimator]: [Parameter] gps_forward_compensation_max_dt: {"name": "gps_forward_compensation_max_dt", "type": "double", "value": "0.500000"}
[component_container-11] [INFO] [1775368621.421910492] [drone.estimator]: [Parameter] gps_velocity_alpha: {"name": "gps_velocity_alpha", "type": "double", "value": "0.900000"}
[component_container-11] [INFO] [1775368621.422029605] [drone.estimator]: [Parameter] gps_velocity_variance_scale: {"name": "gps_velocity_variance_scale", "type": "double", "value": "0.100000"}
[component_container-11] [INFO] [1775368621.422201203] [drone.estimator]: [Parameter] gps_velocity_min_variance: {"name": "gps_velocity_min_variance", "type": "double", "value": "0.040000"}
[component_container-11] [INFO] [1775368621.422361519] [drone.estimator]: [Parameter] gps_velocity_max_innovation: {"name": "gps_velocity_max_innovation", "type": "double", "value": "1.500000"}
[component_container-11] [INFO] [1775368621.422504775] [drone.estimator]: [Parameter] gps_velocity_min_dt: {"name": "gps_velocity_min_dt", "type": "double", "value": "0.200000"}
[component_container-11] [INFO] [1775368621.422621053] [drone.estimator]: [Parameter] gps_velocity_max_dt: {"name": "gps_velocity_max_dt", "type": "double", "value": "2.000000"}
[component_container-11] [INFO] [1775368621.422742918] [drone.estimator]: [Parameter] magnet_max_innovation: {"name": "magnet_max_innovation", "type": "double", "value": "3.140000"}
[component_container-11] [INFO] [1775368621.422855271] [drone.estimator]: [Parameter] magnet_max_sigma: {"name": "magnet_max_sigma", "type": "double", "value": "1000.000000"}
[component_container-11] [INFO] [1775368621.422983690] [drone.estimator]: [Parameter] baro_max_innovation: {"name": "baro_max_innovation", "type": "double", "value": "1000.000000"}
[component_container-11] [INFO] [1775368621.423106139] [drone.estimator]: [Parameter] baro_max_sigma: {"name": "baro_max_sigma", "type": "double", "value": "1000.000000"}
[component_container-11] [INFO] [1775368621.423237879] [drone.estimator]: [Parameter] verbose: {"name": "verbose", "type": "bool", "value": "true"}
[component_container-11] [INFO] [1775368621.423405374] [drone.estimator]: [Parameter] map_frame_id: {"name": "map_frame_id", "type": "string", "value": "map"}
[component_container-11] [INFO] [1775368621.423548848] [drone.estimator]: [Parameter] drone_frame_id: {"name": "drone_frame_id", "type": "string", "value": "drone/base_link"}
[component_container-11] [INFO] [1775368621.423704845] [drone.estimator]: [Parameter] use_ground_truth: {"name": "use_ground_truth", "type": "bool", "value": "false"}
[component_container-11] [INFO] [1775368621.423848979] [drone.estimator]: [Parameter] initial_x: {"name": "initial_x", "type": "double", "value": "-2.000000"}
[component_container-11] [INFO] [1775368621.423976029] [drone.estimator]: [Parameter] initial_y: {"name": "initial_y", "type": "double", "value": "-2.000000"}
[component_container-11] [INFO] [1775368621.424110892] [drone.estimator]: [Parameter] initial_z: {"name": "initial_z", "type": "double", "value": "0.050000"}
[INFO] [launch_ros.actions.load_composable_nodes]: Loaded node '/drone/estimator' in container '/drone/drone'
[component_container-12] [INFO] [1775368621.710511094] [turtle.behavior]: [Parameter] frequency: {"name": "frequency", "type": "double", "value": "1.000000"}
[component_container-12] [INFO] [1775368621.710721872] [turtle.behavior]: [Parameter] reached_thres: {"name": "reached_thres", "type": "double", "value": "0.050000"}
[component_container-12] [INFO] [1775368621.710974706] [turtle.behavior]: [Parameter] waypoints: {"name": "waypoints", "type": "double_array", "value": "[1, 4, -4.5, -2]"}
[component_container-12] [INFO] [1775368621.711179219] [turtle.behavior]: [Parameter] frame_id_turtle_: {"name": "frame_id_turtle_", "type": "string", "value": "turtle/base_link"}
[component_container-12] [INFO] [1775368621.711349813] [turtle.behavior]: [Parameter] frame_id_map_: {"name": "frame_id_map_", "type": "string", "value": "map"}
[INFO] [launch_ros.actions.load_composable_nodes]: Loaded node '/turtle/behavior' in container '/turtle/turtle2'
[component_container-12] [INFO] [1775368621.721519011] [turtle.turtle2]: Load Library: /ws/ee4308/install/ee4308_turtle2/lib/libplanner_component.so
[component_container-12] [INFO] [1775368621.723404438] [turtle.turtle2]: Found class: rclcpp_components::NodeFactoryTemplate<ee4308::turtle2::Planner>
[component_container-12] [INFO] [1775368621.723437001] [turtle.turtle2]: Instantiate class: rclcpp_components::NodeFactoryTemplate<ee4308::turtle2::Planner>
[component_container-12] [INFO] [1775368621.736859732] [turtle.planner]: [Parameter] max_access_cost: {"name": "max_access_cost", "type": "integer", "value": "90"}
[INFO] [launch_ros.actions.load_composable_nodes]: Loaded node '/turtle/planner' in container '/turtle/turtle2'
[component_container-12] [INFO] [1775368621.744313779] [turtle.turtle2]: Load Library: /ws/ee4308/install/ee4308_turtle2/lib/libcontroller_component.so
[component_container-12] [INFO] [1775368621.746436068] [turtle.turtle2]: Found class: rclcpp_components::NodeFactoryTemplate<ee4308::turtle2::Controller>
[component_container-12] [INFO] [1775368621.746471236] [turtle.turtle2]: Instantiate class: rclcpp_components::NodeFactoryTemplate<ee4308::turtle2::Controller>
[component_container-12] [INFO] [1775368621.756816353] [turtle.controller]: [Parameter] frequency: {"name": "frequency", "type": "double", "value": "10.000000"}
[component_container-12] [INFO] [1775368621.757017148] [turtle.controller]: [Parameter] kp_lin: {"name": "kp_lin", "type": "double", "value": "0.800000"}
[component_container-12] [INFO] [1775368621.757170851] [turtle.controller]: [Parameter] kp_ang: {"name": "kp_ang", "type": "double", "value": "1.000000"}
[component_container-12] [INFO] [1775368621.757318791] [turtle.controller]: [Parameter] max_lin_vel: {"name": "max_lin_vel", "type": "double", "value": "0.220000"}
[component_container-12] [INFO] [1775368621.757460586] [turtle.controller]: [Parameter] max_ang_vel: {"name": "max_ang_vel", "type": "double", "value": "1.000000"}
[component_container-12] [INFO] [1775368621.757627045] [turtle.controller]: [Parameter] xy_tolerance: {"name": "xy_tolerance", "type": "double", "value": "0.050000"}
[component_container-12] [INFO] [1775368621.757777038] [turtle.controller]: [Parameter] yaw_tolerance: {"name": "yaw_tolerance", "type": "double", "value": "0.780000"}
[component_container-12] [INFO] [1775368621.757925475] [turtle.controller]: [Parameter] lookahead_distance: {"name": "lookahead_distance", "type": "double", "value": "0.300000"}
[component_container-12] [INFO] [1775368621.758115470] [turtle.controller]: [Parameter] enable: {"name": "enable", "type": "bool", "value": "true"}
[component_container-12] [INFO] [1775368621.758277779] [turtle.controller]: [Parameter] frame_id_turtle_: {"name": "frame_id_turtle_", "type": "string", "value": "turtle/base_link"}
[component_container-12] [INFO] [1775368621.758432680] [turtle.controller]: [Parameter] frame_id_map_: {"name": "frame_id_map_", "type": "string", "value": "map"}
[INFO] [launch_ros.actions.load_composable_nodes]: Loaded node '/turtle/controller' in container '/turtle/turtle2'
[component_container-12] [INFO] [1775368621.768237560] [turtle.turtle2]: Load Library: /ws/ee4308/install/ee4308_turtle2/lib/libmap_loader_component.so
[component_container-12] [INFO] [1775368621.768755344] [turtle.turtle2]: Found class: rclcpp_components::NodeFactoryTemplate<ee4308::turtle2::MapLoader>
[component_container-12] [INFO] [1775368621.768765738] [turtle.turtle2]: Instantiate class: rclcpp_components::NodeFactoryTemplate<ee4308::turtle2::MapLoader>
[component_container-12] [INFO] [1775368621.780061887] [turtle.map_loader]: [Parameter] max_cost: {"name": "max_cost", "type": "integer", "value": "99"}
[component_container-12] [INFO] [1775368621.780165867] [turtle.map_loader]: [Parameter] min_cost: {"name": "min_cost", "type": "integer", "value": "0"}
[component_container-12] [INFO] [1775368621.780302906] [turtle.map_loader]: [Parameter] inflation_radius: {"name": "inflation_radius", "type": "double", "value": "0.800000"}
[component_container-12] [INFO] [1775368621.780388465] [turtle.map_loader]: [Parameter] circumscribed_radius: {"name": "circumscribed_radius", "type": "double", "value": "0.200000"}
[component_container-12] [INFO] [1775368621.780479811] [turtle.map_loader]: [Parameter] cost_exponent: {"name": "cost_exponent", "type": "double", "value": "8.000000"}
[component_container-12] [INFO] [1775368621.780590885] [turtle.map_loader]: [Parameter] topic_map: {"name": "topic_map", "type": "string", "value": "map"}
[component_container-12] [INFO] [1775368621.780693291] [turtle.map_loader]: [Parameter] topic_global_costmap: {"name": "topic_global_costmap", "type": "string", "value": "global_costmap"}
[component_container-12] [INFO] [1775368621.780774877] [turtle.map_loader]: [Parameter] filepath: {"name": "filepath", "type": "string", "value": "/ws/ee4308/install/ee4308_bringup/share/ee4308_bringup/maps/proj2_sim"}
[component_container-12] [INFO] [1775368621.780873218] [turtle.map_loader]: [Parameter] frame_id: {"name": "frame_id", "type": "string", "value": "/map"}
[INFO] [launch_ros.actions.load_composable_nodes]: Loaded node '/turtle/map_loader' in container '/turtle/turtle2'
[create-7] [INFO] [1775368621.962669027] [drone.ros_gz_sim]: Entity creation successful.
[create-5] [INFO] [1775368621.962985027] [turtle.ros_gz_sim]: Entity creation successful.
[INFO] [create-5]: process has finished cleanly [pid 43270]
[INFO] [create-7]: process has finished cleanly [pid 43272]
[parameter_bridge-4] [INFO] [1775368622.213010111] [ros_gz_bridge]: Creating GZ->ROS Bridge: [clock (gz.msgs.Clock) -> clock (rosgraph_msgs/msg/Clock)] (Lazy 0)
[parameter_bridge-4] [INFO] [1775368622.214851511] [ros_gz_bridge]: Creating GZ->ROS Bridge: [turtle/joint_states (gz.msgs.Model) -> turtle/joint_states (sensor_msgs/msg/JointState)] (Lazy 0)
[parameter_bridge-4] [INFO] [1775368622.219235008] [ros_gz_bridge]: Creating GZ->ROS Bridge: [tf (gz.msgs.Pose_V) -> tf (tf2_msgs/msg/TFMessage)] (Lazy 0)
[parameter_bridge-4] [INFO] [1775368622.221770864] [ros_gz_bridge]: Creating ROS->GZ Bridge: [turtle/cmd_vel (geometry_msgs/msg/TwistStamped) -> turtle/cmd_vel (gz.msgs.Twist)] (Lazy 0)
[parameter_bridge-4] [INFO] [1775368622.223035084] [ros_gz_bridge]: Creating GZ->ROS Bridge: [drone/joint_states (gz.msgs.Model) -> drone/joint_states (sensor_msgs/msg/JointState)] (Lazy 0)
[parameter_bridge-4] [INFO] [1775368622.223925624] [ros_gz_bridge]: Creating GZ->ROS Bridge: [model/drone/pose (gz.msgs.Pose_V) -> tf (tf2_msgs/msg/TFMessage)] (Lazy 0)
[parameter_bridge-4] [INFO] [1775368622.224558168] [ros_gz_bridge]: Creating GZ->ROS Bridge: [model/drone/odometry (gz.msgs.Odometry) -> drone/true_odom (nav_msgs/msg/Odometry)] (Lazy 0)
[parameter_bridge-4] [INFO] [1775368622.226733811] [ros_gz_bridge]: Creating ROS->GZ Bridge: [drone/enable (std_msgs/msg/Bool) -> drone/enable (gz.msgs.Boolean)] (Lazy 0)
[parameter_bridge-4] [INFO] [1775368622.227769558] [ros_gz_bridge]: Creating GZ->ROS Bridge: [drone/air_pressure (gz.msgs.FluidPressure) -> drone/air_pressure (sensor_msgs/msg/FluidPressure)] (Lazy 0)
[parameter_bridge-4] [INFO] [1775368622.229027850] [ros_gz_bridge]: Creating GZ->ROS Bridge: [drone/magnetometer (gz.msgs.Magnetometer) -> drone/magnetic (sensor_msgs/msg/MagneticField)] (Lazy 0)
[parameter_bridge-4] [INFO] [1775368622.230826461] [ros_gz_bridge]: Creating GZ->ROS Bridge: [drone/imu (gz.msgs.IMU) -> drone/imu (sensor_msgs/msg/Imu)] (Lazy 0)
[parameter_bridge-4] [INFO] [1775368622.232830074] [ros_gz_bridge]: Creating GZ->ROS Bridge: [drone/sonar (gz.msgs.LaserScan) -> drone/sonar (sensor_msgs/msg/LaserScan)] (Lazy 0)
[parameter_bridge-4] [INFO] [1775368622.234861797] [ros_gz_bridge]: Creating GZ->ROS Bridge: [drone/fix (gz.msgs.NavSat) -> drone/fix (sensor_msgs/msg/NavSatFix)] (Lazy 0)
[parameter_bridge-4] [INFO] [1775368622.237061197] [ros_gz_bridge]: Creating ROS->GZ Bridge: [drone/cmd_vel (geometry_msgs/msg/Twist) -> drone/command/twist (gz.msgs.Twist)] (Lazy 0)
[component_container-12] [INFO] [1775368622.783634394] [turtle.map_loader]: Published occupancy grid to /turtle/map
[rviz2-10] [INFO] [1775368622.823910950] [rviz2]: Trying to create a map of size 312 x 226 using 1 swatches
[rviz2-10] [ERROR] [1775368622.830050967] [rviz2]: rviz/glsl120/indexed_8bit_image.vert
[rviz2-10] rviz/glsl120/indexed_8bit_image.frag
[rviz2-10]  GLSL link result : 
[rviz2-10] active samplers with a different type refer to the same texture image unit
[component_container-12] [INFO] [1775368623.035574452] [turtle.map_loader]: Published global costmap to /turtle/global_costmap
[rviz2-10] [INFO] [1775368623.077295080] [rviz2]: Trying to create a map of size 312 x 226 using 1 swatches
[component_container-11] [INFO] [1775368623.417033327] [drone.estimator]: TMP LOG baro bias initialized: baro=1.147 est_z=0.050 bias=1.097
[gazebo-1] libEGL warning: Not allowed to force software rendering when API explicitly selects a hardware device.
[gazebo-1] libEGL warning: Not allowed to force software rendering when API explicitly selects a hardware device.
[gazebo-1] [1;31m[Err] [SystemPaths.cc:525] [0m[1;31mCould not resolve file [[0m[1;31mWood_Floor_Dark.jpg[0m[1;31m][0m[1;31m[0m
[gazebo-1] [1;31m[Err] [SystemPaths.cc:525] [0m[1;31mCould not resolve file [[0m[1;31mMaple.jpg[0m[1;31m][0m[1;31m[0m
[component_container-11] 	  0.040	   Pose	 -2.000	 -2.000	  0.064	 -0.015
[component_container-11] 	  0.040	  Twist	 -0.001	  0.001	  0.013	 -0.011
[component_container-11] 	  0.040	ErrPose	  0.000	 -0.000	 -0.014	  0.015
[component_container-11] 	  0.040	ErrTwis	-199.999	-200.001	  4.990	  0.011
[component_container-11] 	  0.040	    GPS	 -2.000	 -2.000	  0.050	     --
[component_container-11] 	  0.040	   Baro	     --	     --	  1.147	     --
[component_container-11] 	  0.040	  BBias	     --	     --	  1.083	     --
[component_container-11] 	  0.040	  Sonar	     --	     --	  0.064	     --
[component_container-11] 	  0.040	  Magnt	     --	     --	     --	 -0.015
[component_container-11] 
[parameter_bridge-4] [INFO] [1775368624.112099005] [ros_gz_bridge]: Passing message from ROS geometry_msgs/msg/Twist to Gazebo gz.msgs.Twist (showing msg only once per type)
[component_container-11] 	  0.070	   Pose	 -2.000	 -2.000	  0.038	  0.013
[component_container-11] 	  0.070	  Twist	 -0.003	  0.002	 -0.013	 -0.002
[component_container-11] 	  0.070	ErrPose	  0.000	 -0.000	  0.012	 -0.013
[component_container-11] 	  0.070	ErrTwis	-66.664	-66.669	  1.682	  0.002
[component_container-11] 	  0.070	    GPS	 -2.000	 -2.000	  0.050	     --
[component_container-11] 	  0.070	   Baro	     --	     --	  1.044	     --
[component_container-11] 	  0.070	  BBias	     --	     --	  1.056	     --
[component_container-11] 	  0.070	  Sonar	     --	     --	  0.014	     --
[component_container-11] 	  0.070	  Magnt	     --	     --	     --	  0.040
[component_container-11] 
[parameter_bridge-4] [INFO] [1775368624.162726753] [ros_gz_bridge]: Passing message from ROS geometry_msgs/msg/TwistStamped to Gazebo gz.msgs.Twist (showing msg only once per type)
[component_container-11] 	  0.100	   Pose	 -2.000	 -2.000	  0.038	  0.013
[component_container-11] 	  0.100	  Twist	 -0.005	  0.004	 -0.015	  0.007
[component_container-11] 	  0.100	ErrPose	  0.000	 -0.000	  0.012	 -0.013
[component_container-11] 	  0.100	ErrTwis	-28.567	-28.575	  0.730	 -0.007
[component_container-11] 	  0.100	    GPS	 -2.000	 -2.000	  0.050	     --
[component_container-11] 	  0.100	   Baro	     --	     --	  1.044	     --
[component_container-11] 	  0.100	  BBias	     --	     --	  1.056	     --
[component_container-11] 	  0.100	  Sonar	     --	     --	  0.014	     --
[component_container-11] 	  0.100	  Magnt	     --	     --	     --	  0.040
[component_container-11] 
[component_container-11] 	  0.140	   Pose	 -2.000	 -2.000	  0.030	  0.012
[component_container-11] 	  0.140	  Twist	 -0.007	  0.006	 -0.025	 -0.008
[component_container-11] 	  0.140	ErrPose	  0.000	 -0.000	  0.020	 -0.012
[component_container-11] 	  0.140	ErrTwis	  0.007	 -0.006	  0.026	  0.008
[component_container-11] 	  0.140	    GPS	 -2.000	 -2.000	  0.050	     --
[component_container-11] 	  0.140	   Baro	     --	     --	  1.129	     --
[component_container-11] 	  0.140	  BBias	     --	     --	  1.075	     --
[component_container-11] 	  0.140	  Sonar	     --	     --	  0.018	     --
[component_container-11] 	  0.140	  Magnt	     --	     --	     --	  0.011
[component_container-11] 
[component_container-11] 	  0.170	   Pose	 -2.001	 -1.999	  0.037	  0.016
[component_container-11] 	  0.170	  Twist	 -0.009	  0.008	 -0.019	 -0.009
[component_container-11] 	  0.170	ErrPose	  0.001	 -0.001	  0.013	 -0.016
[component_container-11] 	  0.170	ErrTwis	  0.009	 -0.008	  0.020	  0.009
[component_container-11] 	  0.170	    GPS	 -2.000	 -2.000	  0.050	     --
[component_container-11] 	  0.170	   Baro	     --	     --	  1.108	     --
[component_container-11] 	  0.170	  BBias	     --	     --	  1.069	     --
[component_container-11] 	  0.170	  Sonar	     --	     --	  0.056	     --
[component_container-11] 	  0.170	  Magnt	     --	     --	     --	  0.027
[component_container-11] 
[component_container-11] 	  0.200	   Pose	 -2.001	 -1.999	  0.036	  0.015
[component_container-11] 	  0.200	  Twist	 -0.011	  0.009	 -0.006	 -0.043
[component_container-11] 	  0.200	ErrPose	  0.001	 -0.001	  0.014	 -0.016
[component_container-11] 	  0.200	ErrTwis	  0.011	 -0.009	  0.009	  0.033
[component_container-11] 	  0.200	    GPS	 -2.000	 -2.000	  0.050	     --
[component_container-11] 	  0.200	   Baro	     --	     --	  1.108	     --
[component_container-11] 	  0.200	  BBias	     --	     --	  1.069	     --
[component_container-11] 	  0.200	  Sonar	     --	     --	  0.056	     --
[component_container-11] 	  0.200	  Magnt	     --	     --	     --	  0.027
[component_container-11] 
[component_container-11] 	  0.240	   Pose	 -2.001	 -1.999	  0.037	  0.014
[component_container-11] 	  0.240	  Twist	 -0.013	  0.011	  0.029	 -0.112
[component_container-11] 	  0.240	ErrPose	  0.001	 -0.001	  0.014	 -0.018
[component_container-11] 	  0.240	ErrTwis	  0.013	 -0.011	 -0.011	  0.071
[component_container-11] 	  0.240	    GPS	 -2.000	 -2.000	  0.050	     --
[component_container-11] 	  0.240	   Baro	     --	     --	  1.233	     --
[component_container-11] 	  0.240	  BBias	     --	     --	  1.094	     --
[component_container-11] 	  0.240	  Sonar	     --	     --	  0.039	     --
[component_container-11] 	  0.240	  Magnt	     --	     --	     --	  0.025
[component_container-11] 
[component_container-11] 	  0.270	   Pose	 -2.002	 -1.998	  0.042	  0.007
[component_container-11] 	  0.270	  Twist	 -0.015	  0.013	  0.058	 -0.117
[component_container-11] 	  0.270	ErrPose	  0.002	 -0.002	  0.011	 -0.014
[component_container-11] 	  0.270	ErrTwis	  0.015	 -0.013	 -0.027	  0.053
[component_container-11] 	  0.270	    GPS	 -2.000	 -2.000	  0.050	     --
[component_container-11] 	  0.270	   Baro	     --	     --	  1.110	     --
[component_container-11] 	  0.270	  BBias	     --	     --	  1.087	     --
[component_container-11] 	  0.270	  Sonar	     --	     --	  0.056	     --
[component_container-11] 	  0.270	  Magnt	     --	     --	     --	 -0.005
[component_container-11] 
[component_container-11] 	  0.300	   Pose	 -2.002	 -1.998	  0.045	  0.003
[component_container-11] 	  0.300	  Twist	 -0.016	  0.014	  0.081	 -0.164
[component_container-11] 	  0.300	ErrPose	  0.002	 -0.002	  0.012	 -0.015
[component_container-11] 	  0.300	ErrTwis	  0.016	 -0.014	 -0.017	  0.054
[component_container-11] 	  0.300	    GPS	 -2.000	 -2.000	  0.050	     --
[component_container-11] 	  0.300	   Baro	     --	     --	  1.110	     --
[component_container-11] 	  0.300	  BBias	     --	     --	  1.087	     --
[component_container-11] 	  0.300	  Sonar	     --	     --	  0.056	     --
[component_container-11] 	  0.300	  Magnt	     --	     --	     --	 -0.005
[component_container-11] 
[component_container-11] 	  0.340	   Pose	 -2.003	 -1.997	  0.050	 -0.007
[component_container-11] 	  0.340	  Twist	 -0.018	  0.016	  0.112	 -0.162
[component_container-11] 	  0.340	ErrPose	  0.003	 -0.003	  0.012	 -0.012
[component_container-11] 	  0.340	ErrTwis	  0.018	 -0.016	 -0.014	  0.014
[component_container-11] 	  0.340	    GPS	 -2.000	 -2.000	  0.050	     --
[component_container-11] 	  0.340	   Baro	     --	     --	  1.134	     --
[component_container-11] 	  0.340	  BBias	     --	     --	  1.086	     --
[component_container-11] 	  0.340	  Sonar	     --	     --	  0.053	     --
[component_container-11] 	  0.340	  Magnt	     --	     --	     --	 -0.019
[component_container-11] 
[component_container-11] 	  0.370	   Pose	 -2.004	 -1.997	  0.056	 -0.014
[component_container-11] 	  0.370	  Twist	 -0.020	  0.017	  0.137	 -0.196
[component_container-11] 	  0.370	ErrPose	  0.004	 -0.003	  0.008	 -0.009
[component_container-11] 	  0.370	ErrTwis	  0.020	 -0.017	 -0.023	  0.033
[component_container-11] 	  0.370	    GPS	 -2.000	 -2.000	  0.050	     --
[component_container-11] 	  0.370	   Baro	     --	     --	  1.170	     --
[component_container-11] 	  0.370	  BBias	     --	     --	  1.088	     --
[component_container-11] 	  0.370	  Sonar	     --	     --	  0.067	     --
[component_container-11] 	  0.370	  Magnt	     --	     --	     --	 -0.019
[component_container-11] 
[component_container-11] 	  0.400	   Pose	 -2.004	 -1.996	  0.061	 -0.020
[component_container-11] 	  0.400	  Twist	 -0.021	  0.018	  0.156	 -0.204
[component_container-11] 	  0.400	ErrPose	  0.004	 -0.004	  0.011	 -0.011
[component_container-11] 	  0.400	ErrTwis	  0.021	 -0.018	 -0.012	  0.015
[component_container-11] 	  0.400	    GPS	 -2.000	 -2.000	  0.050	     --
[component_container-11] 	  0.400	   Baro	     --	     --	  1.170	     --
[component_container-11] 	  0.400	  BBias	     --	     --	  1.088	     --
[component_container-11] 	  0.400	  Sonar	     --	     --	  0.067	     --
[component_container-11] 	  0.400	  Magnt	     --	     --	     --	 -0.019
[component_container-11] 
[component_container-11] 	  0.440	   Pose	 -2.005	 -1.996	  0.069	 -0.029
[component_container-11] 	  0.440	  Twist	 -0.024	  0.020	  0.182	 -0.231
[component_container-11] 	  0.440	ErrPose	  0.005	 -0.004	  0.009	 -0.011
[component_container-11] 	  0.440	ErrTwis	  0.024	 -0.019	 -0.010	  0.022
[component_container-11] 	  0.440	    GPS	 -2.000	 -2.000	  0.050	     --
[component_container-11] 	  0.440	   Baro	     --	     --	  1.013	     --
[component_container-11] 	  0.440	  BBias	     --	     --	  1.072	     --
[component_container-11] 	  0.440	  Sonar	     --	     --	  0.074	     --
[component_container-11] 	  0.440	  Magnt	     --	     --	     --	 -0.020
[component_container-11] 
[component_container-11] 	  0.470	   Pose	 -2.006	 -1.995	  0.081	 -0.038
[component_container-11] 	  0.470	  Twist	 -0.025	  0.021	  0.209	 -0.247
[component_container-11] 	  0.470	ErrPose	  0.006	 -0.005	  0.002	 -0.007
[component_container-11] 	  0.470	ErrTwis	  0.026	 -0.021	 -0.024	  0.030
[component_container-11] 	  0.470	    GPS	 -2.000	 -2.000	  0.050	     --
[component_container-11] 	  0.470	   Baro	     --	     --	  1.084	     --
[component_container-11] 	  0.470	  BBias	     --	     --	  1.062	     --
[component_container-11] 	  0.470	  Sonar	     --	     --	  0.106	     --
[component_container-11] 	  0.470	  Magnt	     --	     --	     --	 -0.048
[component_container-11] 
[component_container-11] 	  0.500	   Pose	 -2.007	 -1.994	  0.088	 -0.045
[component_container-11] 	  0.500	  Twist	 -0.026	  0.023	  0.224	 -0.258
[component_container-11] 	  0.500	ErrPose	  0.007	 -0.006	  0.005	 -0.009
[component_container-11] 	  0.500	ErrTwis	  0.027	 -0.022	 -0.015	  0.026
[component_container-11] 	  0.500	    GPS	 -2.000	 -2.000	  0.050	     --
[component_container-11] 	  0.500	   Baro	     --	     --	  1.084	     --
[component_container-11] 	  0.500	  BBias	     --	     --	  1.062	     --
[component_container-11] 	  0.500	  Sonar	     --	     --	  0.106	     --
[component_container-11] 	  0.500	  Magnt	     --	     --	     --	 -0.048
[component_container-11] 
[component_container-11] 	  0.540	   Pose	 -1.846	 -2.030	  0.097	 -0.055
[component_container-11] 	  0.540	  Twist	  0.080	  0.000	  0.242	 -0.258
[component_container-11] 	  0.540	ErrPose	 -0.154	  0.030	  0.005	 -0.009
[component_container-11] 	  0.540	ErrTwis	 -0.080	  0.000	 -0.011	  0.016
[component_container-11] 	  0.540	    GPS	 -1.918	 -2.012	  0.095	     --
[component_container-11] 	  0.540	   Baro	     --	     --	  1.247	     --
[component_container-11] 	  0.540	  BBias	     --	     --	  1.071	     --
[component_container-11] 	  0.540	  Sonar	     --	     --	  0.090	     --
[component_container-11] 	  0.540	  Magnt	     --	     --	     --	 -0.045
[component_container-11] 
[component_container-11] 	  0.570	   Pose	 -1.844	 -2.030	  0.102	 -0.065
[component_container-11] 	  0.570	  Twist	  0.079	  0.002	  0.247	 -0.273
[component_container-11] 	  0.570	ErrPose	 -0.156	  0.030	  0.006	 -0.004
[component_container-11] 	  0.570	ErrTwis	 -0.079	 -0.002	 -0.006	  0.026
[component_container-11] 	  0.570	    GPS	 -1.918	 -2.012	  0.095	     --
[component_container-11] 	  0.570	   Baro	     --	     --	  1.246	     --
[component_container-11] 	  0.570	  BBias	     --	     --	  1.079	     --
[component_container-11] 	  0.570	  Sonar	     --	     --	  0.085	     --
[component_container-11] 	  0.570	  Magnt	     --	     --	     --	 -0.078
[component_container-11] 
[component_container-11] 	  0.600	   Pose	 -1.841	 -2.030	  0.109	 -0.073
[component_container-11] 	  0.600	  Twist	  0.078	  0.004	  0.259	 -0.263
[component_container-11] 	  0.600	ErrPose	 -0.158	  0.030	  0.009	 -0.007
[component_container-11] 	  0.600	ErrTwis	 -0.077	 -0.003	  0.002	  0.009
[component_container-11] 	  0.600	    GPS	 -1.918	 -2.012	  0.095	     --
[component_container-11] 	  0.600	   Baro	     --	     --	  1.246	     --
[component_container-11] 	  0.600	  BBias	     --	     --	  1.079	     --
[component_container-11] 	  0.600	  Sonar	     --	     --	  0.085	     --
[component_container-11] 	  0.600	  Magnt	     --	     --	     --	 -0.078
[component_container-11] 
[component_container-11] 	  0.640	   Pose	 -1.838	 -2.029	  0.128	 -0.085
[component_container-11] 	  0.640	  Twist	  0.076	  0.005	  0.292	 -0.273
[component_container-11] 	  0.640	ErrPose	 -0.161	  0.029	  0.002	 -0.005
[component_container-11] 	  0.640	ErrTwis	 -0.075	 -0.005	 -0.012	  0.013
[component_container-11] 	  0.640	    GPS	 -1.918	 -2.012	  0.095	     --
[component_container-11] 	  0.640	   Baro	     --	     --	  1.271	     --
[component_container-11] 	  0.640	  BBias	     --	     --	  1.082	     --
[component_container-11] 	  0.640	  Sonar	     --	     --	  0.149	     --
[component_container-11] 	  0.640	  Magnt	     --	     --	     --	 -0.094
[component_container-11] 
[component_container-11] 	  0.670	   Pose	 -1.836	 -2.029	  0.134	 -0.093
[component_container-11] 	  0.670	  Twist	  0.074	  0.007	  0.294	 -0.270
[component_container-11] 	  0.670	ErrPose	 -0.164	  0.029	  0.002	 -0.003
[component_container-11] 	  0.670	ErrTwis	 -0.073	 -0.007	 -0.007	  0.008
[component_container-11] 	  0.670	    GPS	 -1.918	 -2.012	  0.095	     --
[component_container-11] 	  0.670	   Baro	     --	     --	  1.291	     --
[component_container-11] 	  0.670	  BBias	     --	     --	  1.089	     --
[component_container-11] 	  0.670	  Sonar	     --	     --	  0.117	     --
[component_container-11] 	  0.670	  Magnt	     --	     --	     --	 -0.082
[component_container-11] 
[component_container-11] 	  0.700	   Pose	 -1.834	 -2.029	  0.142	 -0.101
[component_container-11] 	  0.700	  Twist	  0.073	  0.008	  0.303	 -0.273
[component_container-11] 	  0.700	ErrPose	 -0.166	  0.029	  0.006	 -0.005
[component_container-11] 	  0.700	ErrTwis	 -0.072	 -0.008	  0.001	  0.007
[component_container-11] 	  0.700	    GPS	 -1.918	 -2.012	  0.095	     --
[component_container-11] 	  0.700	   Baro	     --	     --	  1.291	     --
[component_container-11] 	  0.700	  BBias	     --	     --	  1.089	     --
[component_container-11] 	  0.700	  Sonar	     --	     --	  0.117	     --
[component_container-11] 	  0.700	  Magnt	     --	     --	     --	 -0.082
[component_container-11] 
[component_container-11] 	  0.740	   Pose	 -1.831	 -2.029	  0.154	 -0.111
[component_container-11] 	  0.740	  Twist	  0.071	  0.011	  0.313	 -0.286
[component_container-11] 	  0.740	ErrPose	 -0.169	  0.029	  0.008	 -0.006
[component_container-11] 	  0.740	ErrTwis	 -0.070	 -0.011	  0.006	  0.017
[component_container-11] 	  0.740	    GPS	 -1.918	 -2.012	  0.095	     --
[component_container-11] 	  0.740	   Baro	     --	     --	  1.187	     --
[component_container-11] 	  0.740	  BBias	     --	     --	  1.086	     --
[component_container-11] 	  0.740	  Sonar	     --	     --	  0.144	     --
[component_container-11] 	  0.740	  Magnt	     --	     --	     --	 -0.085
[component_container-11] 
[component_container-11] 	  0.770	   Pose	 -1.829	 -2.028	  0.160	 -0.120
[component_container-11] 	  0.770	  Twist	  0.069	  0.013	  0.313	 -0.281
[component_container-11] 	  0.770	ErrPose	 -0.171	  0.028	  0.008	 -0.002
[component_container-11] 	  0.770	ErrTwis	 -0.068	 -0.013	  0.013	  0.011
[component_container-11] 	  0.770	    GPS	 -1.918	 -2.012	  0.095	     --
[component_container-11] 	  0.770	   Baro	     --	     --	  1.252	     --
[component_container-11] 	  0.770	  BBias	     --	     --	  1.087	     --
[component_container-11] 	  0.770	  Sonar	     --	     --	  0.145	     --
[component_container-11] 	  0.770	  Magnt	     --	     --	     --	 -0.131
[component_container-11] 
[component_container-11] 	  0.800	   Pose	 -1.827	 -2.028	  0.170	 -0.128
[component_container-11] 	  0.800	  Twist	  0.068	  0.015	  0.320	 -0.279
[component_container-11] 	  0.800	ErrPose	 -0.173	  0.028	  0.013	 -0.005
[component_container-11] 	  0.800	ErrTwis	 -0.068	 -0.014	  0.018	  0.006
[component_container-11] 	  0.800	    GPS	 -1.918	 -2.012	  0.095	     --
[component_container-11] 	  0.800	   Baro	     --	     --	  1.252	     --
[component_container-11] 	  0.800	  BBias	     --	     --	  1.087	     --
[component_container-11] 	  0.800	  Sonar	     --	     --	  0.145	     --
[component_container-11] 	  0.800	  Magnt	     --	     --	     --	 -0.131
[component_container-11] 
[component_container-11] 	  0.840	   Pose	 -1.824	 -2.027	  0.187	 -0.141
[component_container-11] 	  0.840	  Twist	  0.065	  0.017	  0.339	 -0.271
[component_container-11] 	  0.840	ErrPose	 -0.176	  0.027	  0.010	 -0.003
[component_container-11] 	  0.840	ErrTwis	 -0.066	 -0.016	  0.012	 -0.003
[component_container-11] 	  0.840	    GPS	 -1.918	 -2.012	  0.095	     --
[component_container-11] 	  0.840	   Baro	     --	     --	  1.378	     --
[component_container-11] 	  0.840	  BBias	     --	     --	  1.094	     --
[component_container-11] 	  0.840	  Sonar	     --	     --	  0.187	     --
[component_container-11] 	  0.840	  Magnt	     --	     --	     --	 -0.148
[component_container-11] 
[component_container-11] 	  0.870	   Pose	 -1.822	 -2.027	  0.198	 -0.151
[component_container-11] 	  0.870	  Twist	  0.064	  0.018	  0.351	 -0.280
[component_container-11] 	  0.870	ErrPose	 -0.178	  0.027	  0.006	  0.002
[component_container-11] 	  0.870	ErrTwis	 -0.065	 -0.017	  0.006	  0.006
[component_container-11] 	  0.870	    GPS	 -1.918	 -2.012	  0.095	     --
[component_container-11] 	  0.870	   Baro	     --	     --	  1.284	     --
[component_container-11] 	  0.870	  BBias	     --	     --	  1.093	     --
[component_container-11] 	  0.870	  Sonar	     --	     --	  0.201	     --
[component_container-11] 	  0.870	  Magnt	     --	     --	     --	 -0.181
[component_container-11] 
[component_container-11] 	  0.900	   Pose	 -1.820	 -2.026	  0.209	 -0.159
[component_container-11] 	  0.900	  Twist	  0.062	  0.020	  0.356	 -0.286
[component_container-11] 	  0.900	ErrPose	 -0.180	  0.026	  0.010	 -0.001
[component_container-11] 	  0.900	ErrTwis	 -0.064	 -0.018	  0.011	  0.010
[component_container-11] 	  0.900	    GPS	 -1.918	 -2.012	  0.095	     --
[component_container-11] 	  0.900	   Baro	     --	     --	  1.284	     --
[component_container-11] 	  0.900	  BBias	     --	     --	  1.093	     --
[component_container-11] 	  0.900	  Sonar	     --	     --	  0.201	     --
[component_container-11] 	  0.900	  Magnt	     --	     --	     --	 -0.181
[component_container-11] 
[component_container-11] 	  0.940	   Pose	 -1.818	 -2.025	  0.237	 -0.170
[component_container-11] 	  0.940	  Twist	  0.061	  0.022	  0.395	 -0.281
[component_container-11] 	  0.940	ErrPose	 -0.182	  0.026	 -0.003	 -0.002
[component_container-11] 	  0.940	ErrTwis	 -0.064	 -0.020	 -0.017	  0.004
[component_container-11] 	  0.940	    GPS	 -1.918	 -2.012	  0.095	     --
[component_container-11] 	  0.940	   Baro	     --	     --	  1.225	     --
[component_container-11] 	  0.940	  BBias	     --	     --	  1.086	     --
[component_container-11] 	  0.940	  Sonar	     --	     --	  0.275	     --
[component_container-11] 	  0.940	  Magnt	     --	     --	     --	 -0.144
[component_container-11] 
[component_container-11] 	  0.970	   Pose	 -1.816	 -2.025	  0.249	 -0.181
[component_container-11] 	  0.970	  Twist	  0.060	  0.024	  0.399	 -0.288
[component_container-11] 	  0.970	ErrPose	 -0.184	  0.025	 -0.006	  0.003
[component_container-11] 	  0.970	ErrTwis	 -0.063	 -0.022	 -0.016	  0.011
[component_container-11] 	  0.970	    GPS	 -1.918	 -2.012	  0.095	     --
[component_container-11] 	  0.970	   Baro	     --	     --	  1.193	     --
[component_container-11] 	  0.970	  BBias	     --	     --	  1.079	     --
[component_container-11] 	  0.970	  Sonar	     --	     --	  0.247	     --
[component_container-11] 	  0.970	  Magnt	     --	     --	     --	 -0.222
[component_container-11] 
[component_container-11] [INFO] [1775368625.072564229] [drone.controller]: cmd_vel body=(-0.047, -0.004, 0.500) yaw=-0.300 | odom_received=true | plan_points=49
[component_container-11] 	  1.000	   Pose	 -1.814	 -2.024	  0.261	 -0.189
[component_container-11] 	  1.000	  Twist	  0.058	  0.026	  0.404	 -0.285
[component_container-11] 	  1.000	ErrPose	 -0.186	  0.024	 -0.002	  0.001
[component_container-11] 	  1.000	ErrTwis	 -0.062	 -0.024	 -0.012	  0.007
[component_container-11] 	  1.000	    GPS	 -1.918	 -2.012	  0.095	     --
[component_container-11] 	  1.000	   Baro	     --	     --	  1.193	     --
[component_container-11] 	  1.000	  BBias	     --	     --	  1.079	     --
[component_container-11] 	  1.000	  Sonar	     --	     --	  0.247	     --
[component_container-11] 	  1.000	  Magnt	     --	     --	     --	 -0.222
[component_container-11] 
[component_container-11] [INFO] [1775368625.072913018] [drone.estimator]: TMP LOG err_xyz=(-0.186, 0.024, -0.002) | z_est=0.261 vz_est=0.404 bias=1.079 | gps_z=0.095 sonar=0.247 baro=1.193
[component_container-11] [INFO] [1775368625.075861687] [drone.estimator]: TMP LOG gps innov_xy=(0.039, 0.219) est_xy=(-1.814, -2.024) gps_xy=(-1.775, -1.804) corr_xy=(-1.775, -1.804) vel_xy=(0.058, 0.026)
[component_container-11] [INFO] [1775368625.076150582] [drone.estimator]: TMP LOG gps vel pseudo raw=(0.286, 0.415) filt=(0.274, 0.371) innov_v=(0.205, 0.285) apply=(1,1)
[component_container-11] 	  1.040	   Pose	 -1.734	 -1.824	  0.275	 -0.198
[component_container-11] 	  1.040	  Twist	  0.108	  0.142	  0.403	 -0.282
[component_container-11] 	  1.040	ErrPose	 -0.267	 -0.176	 -0.000	 -0.001
[component_container-11] 	  1.040	ErrTwis	 -0.112	 -0.141	 -0.003	  0.004
[component_container-11] 	  1.040	    GPS	 -1.775	 -1.804	  0.262	     --
[component_container-11] 	  1.040	   Baro	     --	     --	  1.319	     --
[component_container-11] 	  1.040	  BBias	     --	     --	  1.078	     --
[component_container-11] 	  1.040	  Sonar	     --	     --	  0.255	     --
[component_container-11] 	  1.040	  Magnt	     --	     --	     --	 -0.148
[component_container-11] 
[component_container-11] 	  1.070	   Pose	 -1.730	 -1.819	  0.276	 -0.209
[component_container-11] 	  1.070	  Twist	  0.107	  0.144	  0.382	 -0.276
[component_container-11] 	  1.070	ErrPose	 -0.271	 -0.180	  0.006	  0.004
[component_container-11] 	  1.070	ErrTwis	 -0.112	 -0.143	  0.022	 -0.003
[component_container-11] 	  1.070	    GPS	 -1.775	 -1.804	  0.262	     --
[component_container-11] 	  1.070	   Baro	     --	     --	  1.269	     --
[component_container-11] 	  1.070	  BBias	     --	     --	  1.076	     --
[component_container-11] 	  1.070	  Sonar	     --	     --	  0.237	     --
[component_container-11] 	  1.070	  Magnt	     --	     --	     --	 -0.242
[component_container-11] 
[component_container-11] 	  1.100	   Pose	 -1.727	 -1.815	  0.288	 -0.217
[component_container-11] 	  1.100	  Twist	  0.106	  0.146	  0.386	 -0.285
[component_container-11] 	  1.100	ErrPose	 -0.274	 -0.184	  0.012	  0.001
[component_container-11] 	  1.100	ErrTwis	 -0.112	 -0.145	  0.025	  0.007
[component_container-11] 	  1.100	    GPS	 -1.775	 -1.804	  0.262	     --
[component_container-11] 	  1.100	   Baro	     --	     --	  1.269	     --
[component_container-11] 	  1.100	  BBias	     --	     --	  1.076	     --
[component_container-11] 	  1.100	  Sonar	     --	     --	  0.237	     --
[component_container-11] 	  1.100	  Magnt	     --	     --	     --	 -0.242
[component_container-11] 
[component_container-11] 	  1.140	   Pose	 -1.723	 -1.809	  0.302	 -0.228
[component_container-11] 	  1.140	  Twist	  0.104	  0.149	  0.387	 -0.280
[component_container-11] 	  1.140	ErrPose	 -0.279	 -0.190	  0.014	  0.001
[component_container-11] 	  1.140	ErrTwis	 -0.111	 -0.147	  0.032	  0.001
[component_container-11] 	  1.140	    GPS	 -1.775	 -1.804	  0.262	     --
[component_container-11] 	  1.140	   Baro	     --	     --	  1.210	     --
[component_container-11] 	  1.140	  BBias	     --	     --	  1.070	     --
[component_container-11] 	  1.140	  Sonar	     --	     --	  0.289	     --
[component_container-11] 	  1.140	  Magnt	     --	     --	     --	 -0.217
[component_container-11] 
[component_container-11] 	  1.170	   Pose	 -1.720	 -1.805	  0.311	 -0.238
[component_container-11] 	  1.170	  Twist	  0.102	  0.151	  0.384	 -0.294
[component_container-11] 	  1.170	ErrPose	 -0.282	 -0.195	  0.014	  0.005
[component_container-11] 	  1.170	ErrTwis	 -0.109	 -0.149	  0.038	  0.015
[component_container-11] 	  1.170	    GPS	 -1.775	 -1.804	  0.262	     --
[component_container-11] 	  1.170	   Baro	     --	     --	  1.379	     --
[component_container-11] 	  1.170	  BBias	     --	     --	  1.070	     --
[component_container-11] 	  1.170	  Sonar	     --	     --	  0.298	     --
[component_container-11] 	  1.170	  Magnt	     --	     --	     --	 -0.257
[component_container-11] 
[component_container-11] 	  1.200	   Pose	 -1.717	 -1.800	  0.323	 -0.247
[component_container-11] 	  1.200	  Twist	  0.101	  0.152	  0.386	 -0.296
[component_container-11] 	  1.200	ErrPose	 -0.285	 -0.199	  0.020	  0.002
[component_container-11] 	  1.200	ErrTwis	 -0.110	 -0.151	  0.042	  0.017
[component_container-11] 	  1.200	    GPS	 -1.775	 -1.804	  0.262	     --
[component_container-11] 	  1.200	   Baro	     --	     --	  1.379	     --
[component_container-11] 	  1.200	  BBias	     --	     --	  1.070	     --
[component_container-11] 	  1.200	  Sonar	     --	     --	  0.298	     --
[component_container-11] 	  1.200	  Magnt	     --	     --	     --	 -0.257
[component_container-11] 
[component_container-11] 	  1.240	   Pose	 -1.713	 -1.794	  0.340	 -0.257
[component_container-11] 	  1.240	  Twist	  0.099	  0.156	  0.393	 -0.288
[component_container-11] 	  1.240	ErrPose	 -0.290	 -0.206	  0.020	  0.002
[component_container-11] 	  1.240	ErrTwis	 -0.108	 -0.156	  0.042	  0.009
[component_container-11] 	  1.240	    GPS	 -1.775	 -1.804	  0.262	     --
[component_container-11] 	  1.240	   Baro	     --	     --	  1.448	     --
[component_container-11] 	  1.240	  BBias	     --	     --	  1.072	     --
[component_container-11] 	  1.240	  Sonar	     --	     --	  0.332	     --
[component_container-11] 	  1.240	  Magnt	     --	     --	     --	 -0.225
[component_container-11] 
[component_container-11] 	  1.270	   Pose	 -1.710	 -1.789	  0.362	 -0.266
[component_container-11] 	  1.270	  Twist	  0.098	  0.157	  0.420	 -0.288
[component_container-11] 	  1.270	ErrPose	 -0.293	 -0.211	  0.007	  0.005
[component_container-11] 	  1.270	ErrTwis	 -0.107	 -0.159	  0.018	  0.008
[component_container-11] 	  1.270	    GPS	 -1.775	 -1.804	  0.262	     --
[component_container-11] 	  1.270	   Baro	     --	     --	  1.525	     --
[component_container-11] 	  1.270	  BBias	     --	     --	  1.075	     --
[component_container-11] 	  1.270	  Sonar	     --	     --	  0.393	     --
[component_container-11] 	  1.270	  Magnt	     --	     --	     --	 -0.275
[component_container-11] 
[component_container-11] 	  1.300	   Pose	 -1.707	 -1.784	  0.375	 -0.275
[component_container-11] 	  1.300	  Twist	  0.096	  0.158	  0.423	 -0.274
[component_container-11] 	  1.300	ErrPose	 -0.297	 -0.216	  0.012	  0.002
[component_container-11] 	  1.300	ErrTwis	 -0.106	 -0.166	  0.021	 -0.006
[component_container-11] 	  1.300	    GPS	 -1.775	 -1.804	  0.262	     --
[component_container-11] 	  1.300	   Baro	     --	     --	  1.525	     --
[component_container-11] 	  1.300	  BBias	     --	     --	  1.075	     --
[component_container-11] 	  1.300	  Sonar	     --	     --	  0.393	     --
[component_container-11] 	  1.300	  Magnt	     --	     --	     --	 -0.275
[component_container-11] 
[component_container-11] 	  1.340	   Pose	 -1.703	 -1.778	  0.409	 -0.286
[component_container-11] 	  1.340	  Twist	  0.094	  0.160	  0.464	 -0.277
[component_container-11] 	  1.340	ErrPose	 -0.301	 -0.223	 -0.004	  0.002
[component_container-11] 	  1.340	ErrTwis	 -0.105	 -0.176	 -0.015	 -0.003
[component_container-11] 	  1.340	    GPS	 -1.775	 -1.804	  0.262	     --
[component_container-11] 	  1.340	   Baro	     --	     --	  1.358	     --
[component_container-11] 	  1.340	  BBias	     --	     --	  1.069	     --
[component_container-11] 	  1.340	  Sonar	     --	     --	  0.459	     --
[component_container-11] 	  1.340	  Magnt	     --	     --	     --	 -0.274
[component_container-11] 
[component_container-11] 	  1.370	   Pose	 -1.700	 -1.773	  0.412	 -0.293
[component_container-11] 	  1.370	  Twist	  0.094	  0.161	  0.439	 -0.276
[component_container-11] 	  1.370	ErrPose	 -0.305	 -0.229	  0.002	  0.004
[component_container-11] 	  1.370	ErrTwis	 -0.105	 -0.182	  0.011	 -0.004
[component_container-11] 	  1.370	    GPS	 -1.775	 -1.804	  0.262	     --
[component_container-11] 	  1.370	   Baro	     --	     --	  1.603	     --
[component_container-11] 	  1.370	  BBias	     --	     --	  1.075	     --
[component_container-11] 	  1.370	  Sonar	     --	     --	  0.364	     --
[component_container-11] 	  1.370	  Magnt	     --	     --	     --	 -0.252
[component_container-11] 
[component_container-11] 	  1.400	   Pose	 -1.698	 -1.768	  0.425	 -0.302
[component_container-11] 	  1.400	  Twist	  0.092	  0.162	  0.440	 -0.269
[component_container-11] 	  1.400	ErrPose	 -0.308	 -0.235	  0.007	  0.001
[component_container-11] 	  1.400	ErrTwis	 -0.104	 -0.191	  0.014	 -0.011
[component_container-11] 	  1.400	    GPS	 -1.775	 -1.804	  0.262	     --
[component_container-11] 	  1.400	   Baro	     --	     --	  1.603	     --
[component_container-11] 	  1.400	  BBias	     --	     --	  1.075	     --
[component_container-11] 	  1.400	  Sonar	     --	     --	  0.364	     --
[component_container-11] 	  1.400	  Magnt	     --	     --	     --	 -0.252
[component_container-11] 
[component_container-11] 	  1.440	   Pose	 -1.694	 -1.762	  0.446	 -0.312
[component_container-11] 	  1.440	  Twist	  0.091	  0.165	  0.449	 -0.286
[component_container-11] 	  1.440	ErrPose	 -0.313	 -0.243	  0.004	  0.001
[component_container-11] 	  1.440	ErrTwis	 -0.103	 -0.201	  0.009	  0.006
[component_container-11] 	  1.440	    GPS	 -1.775	 -1.804	  0.262	     --
[component_container-11] 	  1.440	   Baro	     --	     --	  1.521	     --
[component_container-11] 	  1.440	  BBias	     --	     --	  1.075	     --
[component_container-11] 	  1.440	  Sonar	     --	     --	  0.444	     --
[component_container-11] 	  1.440	  Magnt	     --	     --	     --	 -0.295
[component_container-11] 
[component_container-11] 	  1.470	   Pose	 -1.691	 -1.757	  0.458	 -0.320
[component_container-11] 	  1.470	  Twist	  0.090	  0.166	  0.447	 -0.277
[component_container-11] 	  1.470	ErrPose	 -0.316	 -0.249	  0.001	  0.003
[component_container-11] 	  1.470	ErrTwis	 -0.102	 -0.205	  0.013	 -0.003
[component_container-11] 	  1.470	    GPS	 -1.775	 -1.804	  0.262	     --
[component_container-11] 	  1.470	   Baro	     --	     --	  1.595	     --
[component_container-11] 	  1.470	  BBias	     --	     --	  1.077	     --
[component_container-11] 	  1.470	  Sonar	     --	     --	  0.447	     --
[component_container-11] 	  1.470	  Magnt	     --	     --	     --	 -0.300
[component_container-11] 
[component_container-11] 	  1.500	   Pose	 -1.688	 -1.752	  0.472	 -0.328
[component_container-11] 	  1.500	  Twist	  0.089	  0.167	  0.448	 -0.278
[component_container-11] 	  1.500	ErrPose	 -0.320	 -0.256	  0.007	  0.000
[component_container-11] 	  1.500	ErrTwis	 -0.102	 -0.213	  0.016	 -0.001
[component_container-11] 	  1.500	    GPS	 -1.775	 -1.804	  0.262	     --
[component_container-11] 	  1.500	   Baro	     --	     --	  1.595	     --
[component_container-11] 	  1.500	  BBias	     --	     --	  1.077	     --
[component_container-11] 	  1.500	  Sonar	     --	     --	  0.447	     --
[component_container-11] 	  1.500	  Magnt	     --	     --	     --	 -0.300
[component_container-11] 
[component_container-11] 	  1.540	   Pose	 -1.876	 -1.925	  0.494	 -0.339
[component_container-11] 	  1.540	  Twist	 -0.020	  0.063	  0.458	 -0.278
[component_container-11] 	  1.540	ErrPose	 -0.134	 -0.085	  0.003	 -0.000
[component_container-11] 	  1.540	ErrTwis	  0.008	 -0.114	  0.008	 -0.002
[component_container-11] 	  1.540	    GPS	 -1.971	 -1.984	  0.483	     --
[component_container-11] 	  1.540	   Baro	     --	     --	  1.473	     --
[component_container-11] 	  1.540	  BBias	     --	     --	  1.074	     --
[component_container-11] 	  1.540	  Sonar	     --	     --	  0.497	     --
[component_container-11] 	  1.540	  Magnt	     --	     --	     --	 -0.313
[component_container-11] 
[component_container-11] 	  1.570	   Pose	 -1.876	 -1.923	  0.506	 -0.347
[component_container-11] 	  1.570	  Twist	 -0.021	  0.066	  0.455	 -0.282
[component_container-11] 	  1.570	ErrPose	 -0.134	 -0.089	 -0.000	  0.002
[component_container-11] 	  1.570	ErrTwis	  0.009	 -0.119	  0.013	  0.002
[component_container-11] 	  1.570	    GPS	 -1.971	 -1.984	  0.483	     --
[component_container-11] 	  1.570	   Baro	     --	     --	  1.569	     --
[component_container-11] 	  1.570	  BBias	     --	     --	  1.074	     --
[component_container-11] 	  1.570	  Sonar	     --	     --	  0.497	     --
[component_container-11] 	  1.570	  Magnt	     --	     --	     --	 -0.336
[component_container-11] 
[component_container-11] 	  1.600	   Pose	 -1.877	 -1.921	  0.520	 -0.356
[component_container-11] 	  1.600	  Twist	 -0.022	  0.068	  0.455	 -0.286
[component_container-11] 	  1.600	ErrPose	 -0.135	 -0.093	  0.005	 -0.000
[component_container-11] 	  1.600	ErrTwis	  0.010	 -0.125	  0.016	  0.006
[component_container-11] 	  1.600	    GPS	 -1.971	 -1.984	  0.483	     --
[component_container-11] 	  1.600	   Baro	     --	     --	  1.569	     --
[component_container-11] 	  1.600	  BBias	     --	     --	  1.074	     --
[component_container-11] 	  1.600	  Sonar	     --	     --	  0.497	     --
[component_container-11] 	  1.600	  Magnt	     --	     --	     --	 -0.336
[component_container-11] 
[component_container-11] 	  1.640	   Pose	 -1.878	 -1.918	  0.541	 -0.368
[component_container-11] 	  1.640	  Twist	 -0.024	  0.070	  0.460	 -0.280
[component_container-11] 	  1.640	ErrPose	 -0.136	 -0.098	  0.004	  0.000
[component_container-11] 	  1.640	ErrTwis	  0.011	 -0.131	  0.014	  0.000
[component_container-11] 	  1.640	    GPS	 -1.971	 -1.984	  0.483	     --
[component_container-11] 	  1.640	   Baro	     --	     --	  1.423	     --
[component_container-11] 	  1.640	  BBias	     --	     --	  1.069	     --
[component_container-11] 	  1.640	  Sonar	     --	     --	  0.540	     --
[component_container-11] 	  1.640	  Magnt	     --	     --	     --	 -0.365
[component_container-11] 
[component_container-11] 	  1.670	   Pose	 -1.879	 -1.916	  0.555	 -0.375
[component_container-11] 	  1.670	  Twist	 -0.025	  0.071	  0.461	 -0.288
[component_container-11] 	  1.670	ErrPose	 -0.136	 -0.101	 -0.001	  0.003
[component_container-11] 	  1.670	ErrTwis	  0.012	 -0.135	  0.014	  0.008
[component_container-11] 	  1.670	    GPS	 -1.971	 -1.984	  0.483	     --
[component_container-11] 	  1.670	   Baro	     --	     --	  1.671	     --
[component_container-11] 	  1.670	  BBias	     --	     --	  1.070	     --
[component_container-11] 	  1.670	  Sonar	     --	     --	  0.540	     --
[component_container-11] 	  1.670	  Magnt	     --	     --	     --	 -0.348
[component_container-11] 
[component_container-11] 	  1.700	   Pose	 -1.879	 -1.914	  0.565	 -0.384
[component_container-11] 	  1.700	  Twist	 -0.026	  0.073	  0.452	 -0.289
[component_container-11] 	  1.700	ErrPose	 -0.136	 -0.106	  0.008	 -0.000
[component_container-11] 	  1.700	ErrTwis	  0.014	 -0.141	  0.025	  0.010
[component_container-11] 	  1.700	    GPS	 -1.971	 -1.984	  0.483	     --
[component_container-11] 	  1.700	   Baro	     --	     --	  1.671	     --
[component_container-11] 	  1.700	  BBias	     --	     --	  1.071	     --
[component_container-11] 	  1.700	  Sonar	     --	     --	  0.548	     --
[component_container-11] 	  1.700	  Magnt	     --	     --	     --	 -0.348
[component_container-11] 
[component_container-11] 	  1.740	   Pose	 -1.880	 -1.911	  0.592	 -0.395
[component_container-11] 	  1.740	  Twist	 -0.028	  0.075	  0.473	 -0.257
[component_container-11] 	  1.740	ErrPose	 -0.137	 -0.111	 -0.000	 -0.000
[component_container-11] 	  1.740	ErrTwis	  0.015	 -0.146	  0.006	 -0.023
[component_container-11] 	  1.740	    GPS	 -1.971	 -1.984	  0.483	     --
[component_container-11] 	  1.740	   Baro	     --	     --	  1.696	     --
[component_container-11] 	  1.740	  BBias	     --	     --	  1.071	     --
[component_container-11] 	  1.740	  Sonar	     --	     --	  0.611	     --
[component_container-11] 	  1.740	  Magnt	     --	     --	     --	 -0.387
[component_container-11] 
[component_container-11] 	  1.770	   Pose	 -1.881	 -1.908	  0.613	 -0.403
[component_container-11] 	  1.770	  Twist	 -0.029	  0.077	  0.487	 -0.278
[component_container-11] 	  1.770	ErrPose	 -0.137	 -0.114	 -0.011	  0.002
[component_container-11] 	  1.770	ErrTwis	  0.016	 -0.148	 -0.007	 -0.002
[component_container-11] 	  1.770	    GPS	 -1.971	 -1.984	  0.483	     --
[component_container-11] 	  1.770	   Baro	     --	     --	  1.507	     --
[component_container-11] 	  1.770	  BBias	     --	     --	  1.066	     --
[component_container-11] 	  1.770	  Sonar	     --	     --	  0.636	     --
[component_container-11] 	  1.770	  Magnt	     --	     --	     --	 -0.398
[component_container-11] 
[component_container-11] 	  1.800	   Pose	 -1.882	 -1.906	  0.627	 -0.412
[component_container-11] 	  1.800	  Twist	 -0.030	  0.079	  0.487	 -0.274
[component_container-11] 	  1.800	ErrPose	 -0.137	 -0.118	 -0.006	 -0.000
[component_container-11] 	  1.800	ErrTwis	  0.016	 -0.147	 -0.005	 -0.006
[component_container-11] 	  1.800	    GPS	 -1.971	 -1.984	  0.483	     --
[component_container-11] 	  1.800	   Baro	     --	     --	  1.507	     --
[component_container-11] 	  1.800	  BBias	     --	     --	  1.066	     --
[component_container-11] 	  1.800	  Sonar	     --	     --	  0.636	     --
[component_container-11] 	  1.800	  Magnt	     --	     --	     --	 -0.398
[component_container-11] 
[component_container-11] 	  1.840	   Pose	 -1.883	 -1.903	  0.646	 -0.424
[component_container-11] 	  1.840	  Twist	 -0.030	  0.082	  0.485	 -0.302
[component_container-11] 	  1.840	ErrPose	 -0.138	 -0.123	 -0.005	  0.000
[component_container-11] 	  1.840	ErrTwis	  0.016	 -0.144	 -0.000	  0.022
[component_container-11] 	  1.840	    GPS	 -1.971	 -1.984	  0.483	     --
[component_container-11] 	  1.840	   Baro	     --	     --	  1.696	     --
[component_container-11] 	  1.840	  BBias	     --	     --	  1.066	     --
[component_container-11] 	  1.840	  Sonar	     --	     --	  0.629	     --
[component_container-11] 	  1.840	  Magnt	     --	     --	     --	 -0.414
[component_container-11] 
[component_container-11] 	  1.870	   Pose	 -1.884	 -1.900	  0.659	 -0.430
[component_container-11] 	  1.870	  Twist	 -0.030	  0.085	  0.480	 -0.276
[component_container-11] 	  1.870	ErrPose	 -0.137	 -0.126	 -0.008	  0.002
[component_container-11] 	  1.870	ErrTwis	  0.017	 -0.143	  0.006	 -0.004
[component_container-11] 	  1.870	    GPS	 -1.971	 -1.984	  0.483	     --
[component_container-11] 	  1.870	   Baro	     --	     --	  1.736	     --
[component_container-11] 	  1.870	  BBias	     --	     --	  1.067	     --
[component_container-11] 	  1.870	  Sonar	     --	     --	  0.647	     --
[component_container-11] 	  1.870	  Magnt	     --	     --	     --	 -0.384
[component_container-11] 
[component_container-11] 	  1.900	   Pose	 -1.885	 -1.898	  0.673	 -0.439
[component_container-11] 	  1.900	  Twist	 -0.031	  0.086	  0.479	 -0.288
[component_container-11] 	  1.900	ErrPose	 -0.138	 -0.130	 -0.003	 -0.001
[component_container-11] 	  1.900	ErrTwis	  0.017	 -0.138	  0.008	  0.008
[component_container-11] 	  1.900	    GPS	 -1.971	 -1.984	  0.483	     --
[component_container-11] 	  1.900	   Baro	     --	     --	  1.736	     --
[component_container-11] 	  1.900	  BBias	     --	     --	  1.067	     --
[component_container-11] 	  1.900	  Sonar	     --	     --	  0.647	     --
[component_container-11] 	  1.900	  Magnt	     --	     --	     --	 -0.384
[component_container-11] 
[component_container-11] 	  1.940	   Pose	 -1.886	 -1.894	  0.697	 -0.451
[component_container-11] 	  1.940	  Twist	 -0.032	  0.089	  0.488	 -0.285
[component_container-11] 	  1.940	ErrPose	 -0.138	 -0.135	 -0.007	 -0.000
[component_container-11] 	  1.940	ErrTwis	  0.018	 -0.136	  0.000	  0.005
[component_container-11] 	  1.940	    GPS	 -1.971	 -1.984	  0.483	     --
[component_container-11] 	  1.940	   Baro	     --	     --	  1.721	     --
[component_container-11] 	  1.940	  BBias	     --	     --	  1.066	     --
[component_container-11] 	  1.940	  Sonar	     --	     --	  0.700	     --
[component_container-11] 	  1.940	  Magnt	     --	     --	     --	 -0.464
[component_container-11] 
[component_container-11] 	  1.970	   Pose	 -1.887	 -1.892	  0.711	 -0.460
[component_container-11] 	  1.970	  Twist	 -0.034	  0.091	  0.484	 -0.275
[component_container-11] 	  1.970	ErrPose	 -0.137	 -0.138	 -0.011	  0.003
[component_container-11] 	  1.970	ErrTwis	  0.019	 -0.136	  0.005	 -0.005
[component_container-11] 	  1.970	    GPS	 -1.971	 -1.984	  0.483	     --
[component_container-11] 	  1.970	   Baro	     --	     --	  1.949	     --
[component_container-11] 	  1.970	  BBias	     --	     --	  1.070	     --
[component_container-11] 	  1.970	  Sonar	     --	     --	  0.696	     --
[component_container-11] 	  1.970	  Magnt	     --	     --	     --	 -0.484
[component_container-11] 
[component_container-11] [INFO] [1775368626.078094223] [drone.controller]: cmd_vel body=(-0.008, -0.042, 0.500) yaw=-0.300 | odom_received=true | plan_points=44
[component_container-11] 	  2.000	   Pose	 -1.888	 -1.889	  0.725	 -0.469
[component_container-11] 	  2.000	  Twist	 -0.034	  0.094	  0.484	 -0.282
[component_container-11] 	  2.000	ErrPose	 -0.137	 -0.142	 -0.006	  0.001
[component_container-11] 	  2.000	ErrTwis	  0.019	 -0.135	  0.007	  0.002
[component_container-11] 	  2.000	    GPS	 -1.971	 -1.984	  0.483	     --
[component_container-11] 	  2.000	   Baro	     --	     --	  1.949	     --
[component_container-11] 	  2.000	  BBias	     --	     --	  1.070	     --
[component_container-11] 	  2.000	  Sonar	     --	     --	  0.696	     --
[component_container-11] 	  2.000	  Magnt	     --	     --	     --	 -0.484
[component_container-11] 
[component_container-11] [INFO] [1775368626.078515540] [drone.estimator]: TMP LOG err_xyz=(-0.137, -0.142, -0.006) | z_est=0.725 vz_est=0.484 bias=1.070 | gps_z=0.483 sonar=0.696 baro=1.949
[component_container-11] [INFO] [1775368626.081734757] [drone.estimator]: TMP LOG gps innov_xy=(-0.170, 0.055) est_xy=(-1.889, -1.888) gps_xy=(-2.059, -1.833) corr_xy=(-2.059, -1.833) vel_xy=(-0.034, 0.094)
[component_container-11] [INFO] [1775368626.082196257] [drone.estimator]: TMP LOG gps vel pseudo raw=(-0.177, 0.303) filt=(-0.191, 0.244) innov_v=(-0.133, 0.141) apply=(1,1)
[component_container-11] 	  2.040	   Pose	 -1.973	 -1.843	  0.740	 -0.480
[component_container-11] 	  2.040	  Twist	 -0.080	  0.126	  0.472	 -0.272
[component_container-11] 	  2.040	ErrPose	 -0.054	 -0.189	 -0.001	  0.000
[component_container-11] 	  2.040	ErrTwis	  0.065	 -0.164	  0.020	 -0.008
[component_container-11] 	  2.040	    GPS	 -2.059	 -1.833	  0.724	     --
[component_container-11] 	  2.040	   Baro	     --	     --	  1.730	     --
[component_container-11] 	  2.040	  BBias	     --	     --	  1.069	     --
[component_container-11] 	  2.040	  Sonar	     --	     --	  0.712	     --
[component_container-11] 	  2.040	  Magnt	     --	     --	     --	 -0.458
[component_container-11] 
[component_container-11] 	  2.070	   Pose	 -1.976	 -1.839	  0.746	 -0.489
[component_container-11] 	  2.070	  Twist	 -0.081	  0.128	  0.453	 -0.280
[component_container-11] 	  2.070	ErrPose	 -0.052	 -0.193	  0.002	  0.004
[component_container-11] 	  2.070	ErrTwis	  0.066	 -0.165	  0.039	 -0.000
[component_container-11] 	  2.070	    GPS	 -2.059	 -1.833	  0.724	     --
[component_container-11] 	  2.070	   Baro	     --	     --	  1.691	     --
[component_container-11] 	  2.070	  BBias	     --	     --	  1.067	     --
[component_container-11] 	  2.070	  Sonar	     --	     --	  0.716	     --
[component_container-11] 	  2.070	  Magnt	     --	     --	     --	 -0.500
[component_container-11] 
[component_container-11] 	  2.100	   Pose	 -1.978	 -1.835	  0.760	 -0.497
[component_container-11] 	  2.100	  Twist	 -0.082	  0.130	  0.452	 -0.273
[component_container-11] 	  2.100	ErrPose	 -0.051	 -0.198	  0.009	  0.001
[component_container-11] 	  2.100	ErrTwis	  0.066	 -0.164	  0.041	 -0.007
[component_container-11] 	  2.100	    GPS	 -2.059	 -1.833	  0.724	     --
[component_container-11] 	  2.100	   Baro	     --	     --	  1.691	     --
[component_container-11] 	  2.100	  BBias	     --	     --	  1.067	     --
[component_container-11] 	  2.100	  Sonar	     --	     --	  0.716	     --
[component_container-11] 	  2.100	  Magnt	     --	     --	     --	 -0.500
[component_container-11] 
[component_container-11] 	  2.140	   Pose	 -1.981	 -1.830	  0.778	 -0.508
[component_container-11] 	  2.140	  Twist	 -0.082	  0.133	  0.452	 -0.270
[component_container-11] 	  2.140	ErrPose	 -0.049	 -0.204	  0.010	  0.000
[component_container-11] 	  2.140	ErrTwis	  0.066	 -0.166	  0.043	 -0.010
[component_container-11] 	  2.140	    GPS	 -2.059	 -1.833	  0.724	     --
[component_container-11] 	  2.140	   Baro	     --	     --	  1.992	     --
[component_container-11] 	  2.140	  BBias	     --	     --	  1.071	     --
[component_container-11] 	  2.140	  Sonar	     --	     --	  0.761	     --
[component_container-11] 	  2.140	  Magnt	     --	     --	     --	 -0.483
[component_container-11] 
[component_container-11] 	  2.170	   Pose	 -1.984	 -1.826	  0.794	 -0.515
[component_container-11] 	  2.170	  Twist	 -0.083	  0.135	  0.456	 -0.299
[component_container-11] 	  2.170	ErrPose	 -0.047	 -0.208	  0.004	  0.003
[component_container-11] 	  2.170	ErrTwis	  0.067	 -0.168	  0.039	  0.019
[component_container-11] 	  2.170	    GPS	 -2.059	 -1.833	  0.724	     --
[component_container-11] 	  2.170	   Baro	     --	     --	  1.751	     --
[component_container-11] 	  2.170	  BBias	     --	     --	  1.068	     --
[component_container-11] 	  2.170	  Sonar	     --	     --	  0.801	     --
[component_container-11] 	  2.170	  Magnt	     --	     --	     --	 -0.484
[component_container-11] 
[component_container-11] 	  2.200	   Pose	 -1.986	 -1.821	  0.808	 -0.524
[component_container-11] 	  2.200	  Twist	 -0.083	  0.137	  0.455	 -0.261
[component_container-11] 	  2.200	ErrPose	 -0.045	 -0.213	  0.010	 -0.000
[component_container-11] 	  2.200	ErrTwis	  0.067	 -0.169	  0.040	 -0.019
[component_container-11] 	  2.200	    GPS	 -2.059	 -1.833	  0.724	     --
[component_container-11] 	  2.200	   Baro	     --	     --	  1.751	     --
[component_container-11] 	  2.200	  BBias	     --	     --	  1.068	     --
[component_container-11] 	  2.200	  Sonar	     --	     --	  0.801	     --
[component_container-11] 	  2.200	  Magnt	     --	     --	     --	 -0.484
[component_container-11] 
[component_container-11] 	  2.240	   Pose	 -1.990	 -1.816	  0.830	 -0.537
[component_container-11] 	  2.240	  Twist	 -0.084	  0.140	  0.463	 -0.289
[component_container-11] 	  2.240	ErrPose	 -0.043	 -0.219	  0.007	  0.002
[component_container-11] 	  2.240	ErrTwis	  0.068	 -0.171	  0.033	  0.010
[component_container-11] 	  2.240	    GPS	 -2.059	 -1.833	  0.724	     --
[component_container-11] 	  2.240	   Baro	     --	     --	  1.771	     --
[component_container-11] 	  2.240	  BBias	     --	     --	  1.065	     --
[component_container-11] 	  2.240	  Sonar	     --	     --	  0.835	     --
[component_container-11] 	  2.240	  Magnt	     --	     --	     --	 -0.599
[component_container-11] 
[component_container-11] 	  2.270	   Pose	 -1.992	 -1.812	  0.851	 -0.545
[component_container-11] 	  2.270	  Twist	 -0.085	  0.141	  0.479	 -0.267
[component_container-11] 	  2.270	ErrPose	 -0.041	 -0.224	 -0.004	  0.004
[component_container-11] 	  2.270	ErrTwis	  0.068	 -0.172	  0.017	 -0.012
[component_container-11] 	  2.270	    GPS	 -2.059	 -1.833	  0.724	     --
[component_container-11] 	  2.270	   Baro	     --	     --	  1.935	     --
[component_container-11] 	  2.270	  BBias	     --	     --	  1.066	     --
[component_container-11] 	  2.270	  Sonar	     --	     --	  0.872	     --
[component_container-11] 	  2.270	  Magnt	     --	     --	     --	 -0.537
[component_container-11] 
[component_container-11] 	  2.300	   Pose	 -1.995	 -1.807	  0.866	 -0.554
[component_container-11] 	  2.300	  Twist	 -0.085	  0.144	  0.478	 -0.288
[component_container-11] 	  2.300	ErrPose	 -0.040	 -0.229	  0.002	  0.002
[component_container-11] 	  2.300	ErrTwis	  0.069	 -0.174	  0.019	  0.008
[component_container-11] 	  2.300	    GPS	 -2.059	 -1.833	  0.724	     --
[component_container-11] 	  2.300	   Baro	     --	     --	  1.935	     --
[component_container-11] 	  2.300	  BBias	     --	     --	  1.066	     --
[component_container-11] 	  2.300	  Sonar	     --	     --	  0.872	     --
[component_container-11] 	  2.300	  Magnt	     --	     --	     --	 -0.537
[component_container-11] 
[component_container-11] 	  2.340	   Pose	 -1.998	 -1.802	  0.886	 -0.565
[component_container-11] 	  2.340	  Twist	 -0.086	  0.146	  0.479	 -0.276
[component_container-11] 	  2.340	ErrPose	 -0.038	 -0.236	  0.002	  0.002
[component_container-11] 	  2.340	ErrTwis	  0.070	 -0.177	  0.019	 -0.004
[component_container-11] 	  2.340	    GPS	 -2.059	 -1.833	  0.724	     --
[component_container-11] 	  2.340	   Baro	     --	     --	  2.120	     --
[component_container-11] 	  2.340	  BBias	     --	     --	  1.070	     --
[component_container-11] 	  2.340	  Sonar	     --	     --	  0.868	     --
[component_container-11] 	  2.340	  Magnt	     --	     --	     --	 -0.561
[component_container-11] 
[component_container-11] 	  2.370	   Pose	 -2.001	 -1.797	  0.896	 -0.573
[component_container-11] 	  2.370	  Twist	 -0.087	  0.149	  0.469	 -0.277
[component_container-11] 	  2.370	ErrPose	 -0.036	 -0.240	  0.001	  0.004
[component_container-11] 	  2.370	ErrTwis	  0.071	 -0.179	  0.029	 -0.003
[component_container-11] 	  2.370	    GPS	 -2.059	 -1.833	  0.724	     --
[component_container-11] 	  2.370	   Baro	     --	     --	  2.004	     --
[component_container-11] 	  2.370	  BBias	     --	     --	  1.071	     --
[component_container-11] 	  2.370	  Sonar	     --	     --	  0.878	     --
[component_container-11] 	  2.370	  Magnt	     --	     --	     --	 -0.555
[component_container-11] 
[component_container-11] 	  2.400	   Pose	 -2.004	 -1.793	  0.911	 -0.581
[component_container-11] 	  2.400	  Twist	 -0.087	  0.151	  0.468	 -0.271
[component_container-11] 	  2.400	ErrPose	 -0.034	 -0.246	  0.007	  0.001
[component_container-11] 	  2.400	ErrTwis	  0.071	 -0.182	  0.031	 -0.009
[component_container-11] 	  2.400	    GPS	 -2.059	 -1.833	  0.724	     --
[component_container-11] 	  2.400	   Baro	     --	     --	  2.004	     --
[component_container-11] 	  2.400	  BBias	     --	     --	  1.071	     --
[component_container-11] 	  2.400	  Sonar	     --	     --	  0.878	     --
[component_container-11] 	  2.400	  Magnt	     --	     --	     --	 -0.555
[component_container-11] 
[component_container-11] 	  2.440	   Pose	 -2.007	 -1.787	  0.926	 -0.592
[component_container-11] 	  2.440	  Twist	 -0.088	  0.154	  0.460	 -0.282
[component_container-11] 	  2.440	ErrPose	 -0.032	 -0.252	  0.011	  0.001
[component_container-11] 	  2.440	ErrTwis	  0.073	 -0.185	  0.040	  0.002
[component_container-11] 	  2.440	    GPS	 -2.059	 -1.833	  0.724	     --
[component_container-11] 	  2.440	   Baro	     --	     --	  1.933	     --
[component_container-11] 	  2.440	  BBias	     --	     --	  1.070	     --
[component_container-11] 	  2.440	  Sonar	     --	     --	  0.904	     --
[component_container-11] 	  2.440	  Magnt	     --	     --	     --	 -0.572
[component_container-11] 
[component_container-11] 	  2.470	   Pose	 -2.010	 -1.782	  0.939	 -0.600
[component_container-11] 	  2.470	  Twist	 -0.089	  0.156	  0.456	 -0.270
[component_container-11] 	  2.470	ErrPose	 -0.030	 -0.257	  0.009	  0.003
[component_container-11] 	  2.470	ErrTwis	  0.074	 -0.188	  0.044	 -0.010
[component_container-11] 	  2.470	    GPS	 -2.059	 -1.833	  0.724	     --
[component_container-11] 	  2.470	   Baro	     --	     --	  2.027	     --
[component_container-11] 	  2.470	  BBias	     --	     --	  1.071	     --
[component_container-11] 	  2.470	  Sonar	     --	     --	  0.929	     --
[component_container-11] 	  2.470	  Magnt	     --	     --	     --	 -0.573
[component_container-11] 
[component_container-11] 	  2.500	   Pose	 -2.012	 -1.777	  0.952	 -0.608
[component_container-11] 	  2.500	  Twist	 -0.089	  0.159	  0.455	 -0.276
[component_container-11] 	  2.500	ErrPose	 -0.028	 -0.263	  0.015	  0.000
[component_container-11] 	  2.500	ErrTwis	  0.075	 -0.190	  0.046	 -0.004
[component_container-11] 	  2.500	    GPS	 -2.059	 -1.833	  0.724	     --
[component_container-11] 	  2.500	   Baro	     --	     --	  2.027	     --
[component_container-11] 	  2.500	  BBias	     --	     --	  1.071	     --
[component_container-11] 	  2.500	  Sonar	     --	     --	  0.929	     --
[component_container-11] 	  2.500	  Magnt	     --	     --	     --	 -0.573
[component_container-11] 
[component_container-11] 	  2.540	   Pose	 -2.014	 -1.930	  0.983	 -0.621
[component_container-11] 	  2.540	  Twist	 -0.079	  0.051	  0.482	 -0.284
[component_container-11] 	  2.540	ErrPose	 -0.028	 -0.111	  0.005	  0.002
[component_container-11] 	  2.540	ErrTwis	  0.066	 -0.084	  0.019	  0.004
[component_container-11] 	  2.540	    GPS	 -2.048	 -2.045	  0.973	     --
[component_container-11] 	  2.540	   Baro	     --	     --	  1.996	     --
[component_container-11] 	  2.540	  BBias	     --	     --	  1.069	     --
[component_container-11] 	  2.540	  Sonar	     --	     --	  1.014	     --
[component_container-11] 	  2.540	  Magnt	     --	     --	     --	 -0.648
[component_container-11] 
[component_container-11] 	  2.570	   Pose	 -2.016	 -1.929	  1.001	 -0.630
[component_container-11] 	  2.570	  Twist	 -0.079	  0.053	  0.489	 -0.282
[component_container-11] 	  2.570	ErrPose	 -0.026	 -0.113	 -0.003	  0.005
[component_container-11] 	  2.570	ErrTwis	  0.066	 -0.086	  0.012	  0.002
[component_container-11] 	  2.570	    GPS	 -2.048	 -2.045	  0.973	     --
[component_container-11] 	  2.570	   Baro	     --	     --	  1.960	     --
[component_container-11] 	  2.570	  BBias	     --	     --	  1.067	     --
[component_container-11] 	  2.570	  Sonar	     --	     --	  1.012	     --
[component_container-11] 	  2.570	  Magnt	     --	     --	     --	 -0.640
[component_container-11] 
[component_container-11] 	  2.600	   Pose	 -2.019	 -1.927	  1.016	 -0.638
[component_container-11] 	  2.600	  Twist	 -0.080	  0.055	  0.487	 -0.296
[component_container-11] 	  2.600	ErrPose	 -0.025	 -0.115	  0.002	  0.002
[component_container-11] 	  2.600	ErrTwis	  0.068	 -0.089	  0.014	  0.016
[component_container-11] 	  2.600	    GPS	 -2.048	 -2.045	  0.973	     --
[component_container-11] 	  2.600	   Baro	     --	     --	  1.960	     --
[component_container-11] 	  2.600	  BBias	     --	     --	  1.067	     --
[component_container-11] 	  2.600	  Sonar	     --	     --	  1.012	     --
[component_container-11] 	  2.600	  Magnt	     --	     --	     --	 -0.640
[component_container-11] 
[component_container-11] 	  2.640	   Pose	 -2.022	 -1.925	  1.037	 -0.649
[component_container-11] 	  2.640	  Twist	 -0.082	  0.058	  0.490	 -0.268
[component_container-11] 	  2.640	ErrPose	 -0.023	 -0.119	  0.001	  0.002
[component_container-11] 	  2.640	ErrTwis	  0.071	 -0.093	  0.012	 -0.012
[component_container-11] 	  2.640	    GPS	 -2.048	 -2.045	  0.973	     --
[component_container-11] 	  2.640	   Baro	     --	     --	  2.017	     --
[component_container-11] 	  2.640	  BBias	     --	     --	  1.065	     --
[component_container-11] 	  2.640	  Sonar	     --	     --	  1.031	     --
[component_container-11] 	  2.640	  Magnt	     --	     --	     --	 -0.655
[component_container-11] 
[component_container-11] 	  2.670	   Pose	 -2.024	 -1.923	  1.055	 -0.658
[component_container-11] 	  2.670	  Twist	 -0.083	  0.060	  0.495	 -0.285
[component_container-11] 	  2.670	ErrPose	 -0.021	 -0.121	 -0.007	  0.005
[component_container-11] 	  2.670	ErrTwis	  0.073	 -0.095	  0.007	  0.005
[component_container-11] 	  2.670	    GPS	 -2.048	 -2.045	  0.973	     --
[component_container-11] 	  2.670	   Baro	     --	     --	  2.122	     --
[component_container-11] 	  2.670	  BBias	     --	     --	  1.065	     --
[component_container-11] 	  2.670	  Sonar	     --	     --	  1.061	     --
[component_container-11] 	  2.670	  Magnt	     --	     --	     --	 -0.651
[component_container-11] 
[component_container-11] 	  2.700	   Pose	 -2.027	 -1.921	  1.070	 -0.667
[component_container-11] 	  2.700	  Twist	 -0.084	  0.061	  0.494	 -0.275
[component_container-11] 	  2.700	ErrPose	 -0.020	 -0.123	 -0.002	  0.003
[component_container-11] 	  2.700	ErrTwis	  0.075	 -0.098	  0.009	 -0.006
[component_container-11] 	  2.700	    GPS	 -2.048	 -2.045	  0.973	     --
[component_container-11] 	  2.700	   Baro	     --	     --	  2.122	     --
[component_container-11] 	  2.700	  BBias	     --	     --	  1.065	     --
[component_container-11] 	  2.700	  Sonar	     --	     --	  1.061	     --
[component_container-11] 	  2.700	  Magnt	     --	     --	     --	 -0.651
[component_container-11] 
[component_container-11] 	  2.740	   Pose	 -2.030	 -1.919	  1.082	 -0.679
[component_container-11] 	  2.740	  Twist	 -0.084	  0.064	  0.474	 -0.286
[component_container-11] 	  2.740	ErrPose	 -0.017	 -0.127	  0.007	  0.003
[component_container-11] 	  2.740	ErrTwis	  0.076	 -0.101	  0.029	  0.005
[component_container-11] 	  2.740	    GPS	 -2.048	 -2.045	  0.973	     --
[component_container-11] 	  2.740	   Baro	     --	     --	  1.992	     --
[component_container-11] 	  2.740	  BBias	     --	     --	  1.063	     --
[component_container-11] 	  2.740	  Sonar	     --	     --	  1.043	     --
[component_container-11] 	  2.740	  Magnt	     --	     --	     --	 -0.697
[component_container-11] 
[component_container-11] 	  2.770	   Pose	 -2.033	 -1.917	  1.094	 -0.687
[component_container-11] 	  2.770	  Twist	 -0.085	  0.066	  0.469	 -0.275
[component_container-11] 	  2.770	ErrPose	 -0.015	 -0.129	  0.004	  0.006
[component_container-11] 	  2.770	ErrTwis	  0.077	 -0.103	  0.034	 -0.005
[component_container-11] 	  2.770	    GPS	 -2.048	 -2.045	  0.973	     --
[component_container-11] 	  2.770	   Baro	     --	     --	  2.139	     --
[component_container-11] 	  2.770	  BBias	     --	     --	  1.063	     --
[component_container-11] 	  2.770	  Sonar	     --	     --	  1.084	     --
[component_container-11] 	  2.770	  Magnt	     --	     --	     --	 -0.677
[component_container-11] 
[component_container-11] 	  2.800	   Pose	 -2.035	 -1.915	  1.108	 -0.696
[component_container-11] 	  2.800	  Twist	 -0.085	  0.068	  0.467	 -0.282
[component_container-11] 	  2.800	ErrPose	 -0.014	 -0.132	  0.010	  0.004
[component_container-11] 	  2.800	ErrTwis	  0.078	 -0.103	  0.036	  0.002
[component_container-11] 	  2.800	    GPS	 -2.048	 -2.045	  0.973	     --
[component_container-11] 	  2.800	   Baro	     --	     --	  2.139	     --
[component_container-11] 	  2.800	  BBias	     --	     --	  1.063	     --
[component_container-11] 	  2.800	  Sonar	     --	     --	  1.084	     --
[component_container-11] 	  2.800	  Magnt	     --	     --	     --	 -0.677
[component_container-11] 
[component_container-11] 	  2.840	   Pose	 -2.039	 -1.912	  1.126	 -0.707
[component_container-11] 	  2.840	  Twist	 -0.086	  0.071	  0.465	 -0.296
[component_container-11] 	  2.840	ErrPose	 -0.011	 -0.135	  0.012	  0.004
[component_container-11] 	  2.840	ErrTwis	  0.079	 -0.103	  0.039	  0.016
[component_container-11] 	  2.840	    GPS	 -2.048	 -2.045	  0.973	     --
[component_container-11] 	  2.840	   Baro	     --	     --	  2.122	     --
[component_container-11] 	  2.840	  BBias	     --	     --	  1.062	     --
[component_container-11] 	  2.840	  Sonar	     --	     --	  1.112	     --
[component_container-11] 	  2.840	  Magnt	     --	     --	     --	 -0.696
[component_container-11] 
[component_container-11] 	  2.870	   Pose	 -2.041	 -1.910	  1.136	 -0.717
[component_container-11] 	  2.870	  Twist	 -0.086	  0.073	  0.454	 -0.297
[component_container-11] 	  2.870	ErrPose	 -0.009	 -0.138	  0.012	  0.008
[component_container-11] 	  2.870	ErrTwis	  0.080	 -0.103	  0.050	  0.017
[component_container-11] 	  2.870	    GPS	 -2.048	 -2.045	  0.973	     --
[component_container-11] 	  2.870	   Baro	     --	     --	  2.328	     --
[component_container-11] 	  2.870	  BBias	     --	     --	  1.065	     --
[component_container-11] 	  2.870	  Sonar	     --	     --	  1.118	     --
[component_container-11] 	  2.870	  Magnt	     --	     --	     --	 -0.746
[component_container-11] 
[component_container-11] 	  2.900	   Pose	 -2.044	 -1.908	  1.150	 -0.725
[component_container-11] 	  2.900	  Twist	 -0.086	  0.075	  0.452	 -0.276
[component_container-11] 	  2.900	ErrPose	 -0.007	 -0.140	  0.019	  0.005
[component_container-11] 	  2.900	ErrTwis	  0.081	 -0.101	  0.053	 -0.004
[component_container-11] 	  2.900	    GPS	 -2.048	 -2.045	  0.973	     --
[component_container-11] 	  2.900	   Baro	     --	     --	  2.328	     --
[component_container-11] 	  2.900	  BBias	     --	     --	  1.065	     --
[component_container-11] 	  2.900	  Sonar	     --	     --	  1.118	     --
[component_container-11] 	  2.900	  Magnt	     --	     --	     --	 -0.746
[component_container-11] 
[component_container-11] 	  2.940	   Pose	 -2.047	 -1.905	  1.175	 -0.736
[component_container-11] 	  2.940	  Twist	 -0.086	  0.078	  0.467	 -0.300
[component_container-11] 	  2.940	ErrPose	 -0.004	 -0.144	  0.014	  0.005
[component_container-11] 	  2.940	ErrTwis	  0.082	 -0.100	  0.038	  0.021
[component_container-11] 	  2.940	    GPS	 -2.048	 -2.045	  0.973	     --
[component_container-11] 	  2.940	   Baro	     --	     --	  2.097	     --
[component_container-11] 	  2.940	  BBias	     --	     --	  1.063	     --
[component_container-11] 	  2.940	  Sonar	     --	     --	  1.191	     --
[component_container-11] 	  2.940	  Magnt	     --	     --	     --	 -0.721
[component_container-11] 
[component_container-11] 	  2.970	   Pose	 -2.050	 -1.902	  1.188	 -0.746
[component_container-11] 	  2.970	  Twist	 -0.086	  0.080	  0.462	 -0.278
[component_container-11] 	  2.970	ErrPose	 -0.002	 -0.146	  0.011	  0.009
[component_container-11] 	  2.970	ErrTwis	  0.082	 -0.101	  0.043	 -0.002
[component_container-11] 	  2.970	    GPS	 -2.048	 -2.045	  0.973	     --
[component_container-11] 	  2.970	   Baro	     --	     --	  2.323	     --
[component_container-11] 	  2.970	  BBias	     --	     --	  1.064	     --
[component_container-11] 	  2.970	  Sonar	     --	     --	  1.181	     --
[component_container-11] 	  2.970	  Magnt	     --	     --	     --	 -0.767
[component_container-11] 
[component_container-11] [INFO] [1775368627.082849175] [drone.controller]: cmd_vel body=(0.038, -0.011, 0.500) yaw=-0.300 | odom_received=true | plan_points=39
[component_container-11] 	  3.000	   Pose	 -2.053	 -1.900	  1.202	 -0.754
[component_container-11] 	  3.000	  Twist	 -0.086	  0.082	  0.460	 -0.281
[component_container-11] 	  3.000	ErrPose	  0.000	 -0.149	  0.018	  0.006
[component_container-11] 	  3.000	ErrTwis	  0.083	 -0.100	  0.045	  0.001
[component_container-11] 	  3.000	    GPS	 -2.048	 -2.045	  0.973	     --
[component_container-11] 	  3.000	   Baro	     --	     --	  2.323	     --
[component_container-11] 	  3.000	  BBias	     --	     --	  1.064	     --
[component_container-11] 	  3.000	  Sonar	     --	     --	  1.181	     --
[component_container-11] 	  3.000	  Magnt	     --	     --	     --	 -0.767
[component_container-11] 
[component_container-11] [INFO] [1775368627.083061394] [drone.estimator]: TMP LOG err_xyz=(0.000, -0.149, 0.018) | z_est=1.202 vz_est=0.460 bias=1.064 | gps_z=0.973 sonar=1.181 baro=2.323
[component_container-11] [INFO] [1775368627.086146566] [drone.estimator]: TMP LOG gps innov_xy=(-0.003, -0.159) est_xy=(-2.053, -1.899) gps_xy=(-2.057, -2.058) corr_xy=(-2.057, -2.058) vel_xy=(-0.086, 0.083)
[component_container-11] [INFO] [1775368627.086581538] [drone.estimator]: TMP LOG gps vel pseudo raw=(-0.018, -0.026) filt=(-0.016, -0.059) innov_v=(0.071, -0.122) apply=(1,1)
[component_container-11] 	  3.040	   Pose	 -2.047	 -1.964	  1.218	 -0.765
[component_container-11] 	  3.040	  Twist	 -0.076	  0.046	  0.454	 -0.293
[component_container-11] 	  3.040	ErrPose	 -0.005	 -0.085	  0.021	  0.006
[component_container-11] 	  3.040	ErrTwis	  0.073	 -0.063	  0.051	  0.013
[component_container-11] 	  3.040	    GPS	 -2.057	 -2.058	  1.225	     --
[component_container-11] 	  3.040	   Baro	     --	     --	  2.260	     --
[component_container-11] 	  3.040	  BBias	     --	     --	  1.064	     --
[component_container-11] 	  3.040	  Sonar	     --	     --	  1.202	     --
[component_container-11] 	  3.040	  Magnt	     --	     --	     --	 -0.742
[component_container-11] 
[component_container-11] 	  3.070	   Pose	 -2.050	 -1.963	  1.237	 -0.774
[component_container-11] 	  3.070	  Twist	 -0.076	  0.048	  0.465	 -0.299
[component_container-11] 	  3.070	ErrPose	 -0.003	 -0.087	  0.013	  0.009
[component_container-11] 	  3.070	ErrTwis	  0.074	 -0.064	  0.041	  0.020
[component_container-11] 	  3.070	    GPS	 -2.057	 -2.058	  1.225	     --
[component_container-11] 	  3.070	   Baro	     --	     --	  2.288	     --
[component_container-11] 	  3.070	  BBias	     --	     --	  1.064	     --
[component_container-11] 	  3.070	  Sonar	     --	     --	  1.255	     --
[component_container-11] 	  3.070	  Magnt	     --	     --	     --	 -0.770
[component_container-11] 
[component_container-11] 	  3.100	   Pose	 -2.052	 -1.961	  1.251	 -0.782
[component_container-11] 	  3.100	  Twist	 -0.076	  0.051	  0.462	 -0.277
[component_container-11] 	  3.100	ErrPose	 -0.001	 -0.089	  0.019	  0.006
[component_container-11] 	  3.100	ErrTwis	  0.074	 -0.064	  0.044	 -0.003
[component_container-11] 	  3.100	    GPS	 -2.057	 -2.058	  1.225	     --
[component_container-11] 	  3.100	   Baro	     --	     --	  2.288	     --
[component_container-11] 	  3.100	  BBias	     --	     --	  1.064	     --
[component_container-11] 	  3.100	  Sonar	     --	     --	  1.255	     --
[component_container-11] 	  3.100	  Magnt	     --	     --	     --	 -0.770
[component_container-11] 
[component_container-11] 	  3.140	   Pose	 -2.055	 -1.959	  1.274	 -0.794
[component_container-11] 	  3.140	  Twist	 -0.076	  0.053	  0.470	 -0.293
[component_container-11] 	  3.140	ErrPose	  0.002	 -0.091	  0.017	  0.007
[component_container-11] 	  3.140	ErrTwis	  0.075	 -0.065	  0.036	  0.014
[component_container-11] 	  3.140	    GPS	 -2.057	 -2.058	  1.225	     --
[component_container-11] 	  3.140	   Baro	     --	     --	  2.394	     --
[component_container-11] 	  3.140	  BBias	     --	     --	  1.065	     --
[component_container-11] 	  3.140	  Sonar	     --	     --	  1.278	     --
[component_container-11] 	  3.140	  Magnt	     --	     --	     --	 -0.802
[component_container-11] 
[component_container-11] 	  3.170	   Pose	 -2.057	 -1.957	  1.287	 -0.802
[component_container-11] 	  3.170	  Twist	 -0.077	  0.054	  0.467	 -0.276
[component_container-11] 	  3.170	ErrPose	  0.004	 -0.093	  0.013	  0.009
[component_container-11] 	  3.170	ErrTwis	  0.077	 -0.066	  0.039	 -0.003
[component_container-11] 	  3.170	    GPS	 -2.057	 -2.058	  1.225	     --
[component_container-11] 	  3.170	   Baro	     --	     --	  2.265	     --
[component_container-11] 	  3.170	  BBias	     --	     --	  1.064	     --
[component_container-11] 	  3.170	  Sonar	     --	     --	  1.278	     --
[component_container-11] 	  3.170	  Magnt	     --	     --	     --	 -0.770
[component_container-11] 
[component_container-11] 	  3.200	   Pose	 -2.060	 -1.956	  1.298	 -0.811
[component_container-11] 	  3.200	  Twist	 -0.077	  0.056	  0.459	 -0.290
[component_container-11] 	  3.200	ErrPose	  0.006	 -0.095	  0.022	  0.007
[component_container-11] 	  3.200	ErrTwis	  0.077	 -0.067	  0.048	  0.011
[component_container-11] 	  3.200	    GPS	 -2.057	 -2.058	  1.225	     --
[component_container-11] 	  3.200	   Baro	     --	     --	  2.265	     --
[component_container-11] 	  3.200	  BBias	     --	     --	  1.064	     --
[component_container-11] 	  3.200	  Sonar	     --	     --	  1.274	     --
[component_container-11] 	  3.200	  Magnt	     --	     --	     --	 -0.770
[component_container-11] 
[component_container-11] 	  3.240	   Pose	 -2.063	 -1.953	  1.319	 -0.821
[component_container-11] 	  3.240	  Twist	 -0.077	  0.059	  0.463	 -0.271
[component_container-11] 	  3.240	ErrPose	  0.009	 -0.097	  0.022	  0.006
[component_container-11] 	  3.240	ErrTwis	  0.078	 -0.069	  0.044	 -0.008
[component_container-11] 	  3.240	    GPS	 -2.057	 -2.058	  1.225	     --
[component_container-11] 	  3.240	   Baro	     --	     --	  2.403	     --
[component_container-11] 	  3.240	  BBias	     --	     --	  1.064	     --
[component_container-11] 	  3.240	  Sonar	     --	     --	  1.319	     --
[component_container-11] 	  3.240	  Magnt	     --	     --	     --	 -0.796
[component_container-11] 
[component_container-11] 	  3.270	   Pose	 -2.065	 -1.952	  1.333	 -0.829
[component_container-11] 	  3.270	  Twist	 -0.077	  0.061	  0.461	 -0.277
[component_container-11] 	  3.270	ErrPose	  0.011	 -0.099	  0.018	  0.009
[component_container-11] 	  3.270	ErrTwis	  0.078	 -0.070	  0.045	 -0.002
[component_container-11] 	  3.270	    GPS	 -2.057	 -2.058	  1.225	     --
[component_container-11] 	  3.270	   Baro	     --	     --	  2.413	     --
[component_container-11] 	  3.270	  BBias	     --	     --	  1.065	     --
[component_container-11] 	  3.270	  Sonar	     --	     --	  1.319	     --
[component_container-11] 	  3.270	  Magnt	     --	     --	     --	 -0.816
[component_container-11] 
[component_container-11] 	  3.300	   Pose	 -2.067	 -1.950	  1.348	 -0.838
[component_container-11] 	  3.300	  Twist	 -0.078	  0.063	  0.461	 -0.294
[component_container-11] 	  3.300	ErrPose	  0.013	 -0.101	  0.024	  0.006
[component_container-11] 	  3.300	ErrTwis	  0.079	 -0.070	  0.045	  0.014
[component_container-11] 	  3.300	    GPS	 -2.057	 -2.058	  1.225	     --
[component_container-11] 	  3.300	   Baro	     --	     --	  2.413	     --
[component_container-11] 	  3.300	  BBias	     --	     --	  1.065	     --
[component_container-11] 	  3.300	  Sonar	     --	     --	  1.341	     --
[component_container-11] 	  3.300	  Magnt	     --	     --	     --	 -0.816
[component_container-11] 
[component_container-11] 	  3.340	   Pose	 -2.070	 -1.947	  1.373	 -0.848
[component_container-11] 	  3.340	  Twist	 -0.078	  0.066	  0.475	 -0.264
[component_container-11] 	  3.340	ErrPose	  0.017	 -0.104	  0.018	  0.005
[component_container-11] 	  3.340	ErrTwis	  0.081	 -0.071	  0.031	 -0.015
[component_container-11] 	  3.340	    GPS	 -2.057	 -2.058	  1.225	     --
[component_container-11] 	  3.340	   Baro	     --	     --	  2.230	     --
[component_container-11] 	  3.340	  BBias	     --	     --	  1.061	     --
[component_container-11] 	  3.340	  Sonar	     --	     --	  1.394	     --
[component_container-11] 	  3.340	  Magnt	     --	     --	     --	 -0.815
[component_container-11] 
[component_container-11] 	  3.370	   Pose	 -2.073	 -1.945	  1.387	 -0.858
[component_container-11] 	  3.370	  Twist	 -0.079	  0.069	  0.474	 -0.301
[component_container-11] 	  3.370	ErrPose	  0.019	 -0.106	  0.015	  0.009
[component_container-11] 	  3.370	ErrTwis	  0.081	 -0.073	  0.033	  0.022
[component_container-11] 	  3.370	    GPS	 -2.057	 -2.058	  1.225	     --
[component_container-11] 	  3.370	   Baro	     --	     --	  2.390	     --
[component_container-11] 	  3.370	  BBias	     --	     --	  1.061	     --
[component_container-11] 	  3.370	  Sonar	     --	     --	  1.394	     --
[component_container-11] 	  3.370	  Magnt	     --	     --	     --	 -0.885
[component_container-11] 
[component_container-11] 	  3.400	   Pose	 -2.075	 -1.943	  1.407	 -0.866
[component_container-11] 	  3.400	  Twist	 -0.079	  0.070	  0.485	 -0.291
[component_container-11] 	  3.400	ErrPose	  0.022	 -0.108	  0.015	  0.006
[component_container-11] 	  3.400	ErrTwis	  0.082	 -0.072	  0.022	  0.012
[component_container-11] 	  3.400	    GPS	 -2.057	 -2.058	  1.225	     --
[component_container-11] 	  3.400	   Baro	     --	     --	  2.390	     --
[component_container-11] 	  3.400	  BBias	     --	     --	  1.060	     --
[component_container-11] 	  3.400	  Sonar	     --	     --	  1.416	     --
[component_container-11] 	  3.400	  Magnt	     --	     --	     --	 -0.885
[component_container-11] 
[component_container-11] 	  3.440	   Pose	 -2.078	 -1.940	  1.428	 -0.878
[component_container-11] 	  3.440	  Twist	 -0.079	  0.073	  0.487	 -0.278
[component_container-11] 	  3.440	ErrPose	  0.025	 -0.111	  0.014	  0.007
[component_container-11] 	  3.440	ErrTwis	  0.082	 -0.073	  0.020	 -0.001
[component_container-11] 	  3.440	    GPS	 -2.057	 -2.058	  1.225	     --
[component_container-11] 	  3.440	   Baro	     --	     --	  2.543	     --
[component_container-11] 	  3.440	  BBias	     --	     --	  1.061	     --
[component_container-11] 	  3.440	  Sonar	     --	     --	  1.428	     --
[component_container-11] 	  3.440	  Magnt	     --	     --	     --	 -0.893
[component_container-11] 
[component_container-11] 	  3.470	   Pose	 -2.081	 -1.938	  1.443	 -0.886
[component_container-11] 	  3.470	  Twist	 -0.078	  0.075	  0.486	 -0.288
[component_container-11] 	  3.470	ErrPose	  0.027	 -0.113	  0.010	  0.009
[component_container-11] 	  3.470	ErrTwis	  0.082	 -0.075	  0.021	  0.008
[component_container-11] 	  3.470	    GPS	 -2.057	 -2.058	  1.225	     --
[component_container-11] 	  3.470	   Baro	     --	     --	  2.544	     --
[component_container-11] 	  3.470	  BBias	     --	     --	  1.062	     --
[component_container-11] 	  3.470	  Sonar	     --	     --	  1.428	     --
[component_container-11] 	  3.470	  Magnt	     --	     --	     --	 -0.852
[component_container-11] 
[component_container-11] 	  3.500	   Pose	 -2.083	 -1.936	  1.466	 -0.895
[component_container-11] 	  3.500	  Twist	 -0.079	  0.078	  0.504	 -0.280
[component_container-11] 	  3.500	ErrPose	  0.030	 -0.116	  0.007	  0.007
[component_container-11] 	  3.500	ErrTwis	  0.083	 -0.076	  0.003	  0.001
[component_container-11] 	  3.500	    GPS	 -2.057	 -2.058	  1.225	     --
[component_container-11] 	  3.500	   Baro	     --	     --	  2.544	     --
[component_container-11] 	  3.500	  BBias	     --	     --	  1.061	     --
[component_container-11] 	  3.500	  Sonar	     --	     --	  1.486	     --
[component_container-11] 	  3.500	  Magnt	     --	     --	     --	 -0.852
[component_container-11] 
[component_container-11] 	  3.540	   Pose	 -1.975	 -1.922	  1.483	 -0.906
[component_container-11] 	  3.540	  Twist	  0.004	  0.097	  0.495	 -0.279
[component_container-11] 	  3.540	ErrPose	 -0.078	 -0.130	  0.010	  0.007
[component_container-11] 	  3.540	ErrTwis	  0.000	 -0.094	  0.012	 -0.001
[component_container-11] 	  3.540	    GPS	 -1.885	 -1.949	  1.478	     --
[component_container-11] 	  3.540	   Baro	     --	     --	  2.557	     --
[component_container-11] 	  3.540	  BBias	     --	     --	  1.062	     --
[component_container-11] 	  3.540	  Sonar	     --	     --	  1.467	     --
[component_container-11] 	  3.540	  Magnt	     --	     --	     --	 -0.874
[component_container-11] 
[component_container-11] 	  3.570	   Pose	 -1.975	 -1.919	  1.498	 -0.914
[component_container-11] 	  3.570	  Twist	  0.005	  0.099	  0.493	 -0.291
[component_container-11] 	  3.570	ErrPose	 -0.078	 -0.133	  0.005	  0.009
[component_container-11] 	  3.570	ErrTwis	  0.000	 -0.096	  0.014	  0.012
[component_container-11] 	  3.570	    GPS	 -1.885	 -1.949	  1.478	     --
[component_container-11] 	  3.570	   Baro	     --	     --	  2.510	     --
[component_container-11] 	  3.570	  BBias	     --	     --	  1.062	     --
[component_container-11] 	  3.570	  Sonar	     --	     --	  1.467	     --
[component_container-11] 	  3.570	  Magnt	     --	     --	     --	 -0.901
[component_container-11] 
[component_container-11] 	  3.600	   Pose	 -1.974	 -1.916	  1.509	 -0.922
[component_container-11] 	  3.600	  Twist	  0.004	  0.102	  0.483	 -0.271
[component_container-11] 	  3.600	ErrPose	 -0.078	 -0.136	  0.015	  0.006
[component_container-11] 	  3.600	ErrTwis	  0.002	 -0.097	  0.024	 -0.009
[component_container-11] 	  3.600	    GPS	 -1.885	 -1.949	  1.478	     --
[component_container-11] 	  3.600	   Baro	     --	     --	  2.510	     --
[component_container-11] 	  3.600	  BBias	     --	     --	  1.062	     --
[component_container-11] 	  3.600	  Sonar	     --	     --	  1.480	     --
[component_container-11] 	  3.600	  Magnt	     --	     --	     --	 -0.901
[component_container-11] 
[component_container-11] 	  3.640	   Pose	 -1.974	 -1.911	  1.533	 -0.933
[component_container-11] 	  3.640	  Twist	  0.005	  0.105	  0.493	 -0.267
[component_container-11] 	  3.640	ErrPose	 -0.078	 -0.140	  0.010	  0.006
[component_container-11] 	  3.640	ErrTwis	  0.002	 -0.099	  0.014	 -0.013
[component_container-11] 	  3.640	    GPS	 -1.885	 -1.949	  1.478	     --
[component_container-11] 	  3.640	   Baro	     --	     --	  2.463	     --
[component_container-11] 	  3.640	  BBias	     --	     --	  1.060	     --
[component_container-11] 	  3.640	  Sonar	     --	     --	  1.550	     --
[component_container-11] 	  3.640	  Magnt	     --	     --	     --	 -0.928
[component_container-11] 
[component_container-11] 	  3.670	   Pose	 -1.974	 -1.908	  1.549	 -0.942
[component_container-11] 	  3.670	  Twist	  0.005	  0.108	  0.494	 -0.296
[component_container-11] 	  3.670	ErrPose	 -0.077	 -0.144	  0.005	  0.010
[component_container-11] 	  3.670	ErrTwis	  0.002	 -0.101	  0.013	  0.017
[component_container-11] 	  3.670	    GPS	 -1.885	 -1.949	  1.478	     --
[component_container-11] 	  3.670	   Baro	     --	     --	  2.752	     --
[component_container-11] 	  3.670	  BBias	     --	     --	  1.062	     --
[component_container-11] 	  3.670	  Sonar	     --	     --	  1.550	     --
[component_container-11] 	  3.670	  Magnt	     --	     --	     --	 -0.959
[component_container-11] 
[component_container-11] 	  3.700	   Pose	 -1.974	 -1.905	  1.572	 -0.951
[component_container-11] 	  3.700	  Twist	  0.005	  0.110	  0.510	 -0.274
[component_container-11] 	  3.700	ErrPose	 -0.077	 -0.147	  0.002	  0.007
[component_container-11] 	  3.700	ErrTwis	  0.002	 -0.103	 -0.003	 -0.006
[component_container-11] 	  3.700	    GPS	 -1.885	 -1.949	  1.478	     --
[component_container-11] 	  3.700	   Baro	     --	     --	  2.752	     --
[component_container-11] 	  3.700	  BBias	     --	     --	  1.062	     --
[component_container-11] 	  3.700	  Sonar	     --	     --	  1.589	     --
[component_container-11] 	  3.700	  Magnt	     --	     --	     --	 -0.959
[component_container-11] 
[component_container-11] 	  3.740	   Pose	 -1.974	 -1.901	  1.586	 -0.962
[component_container-11] 	  3.740	  Twist	  0.006	  0.113	  0.495	 -0.291
[component_container-11] 	  3.740	ErrPose	 -0.077	 -0.152	  0.008	  0.007
[component_container-11] 	  3.740	ErrTwis	  0.003	 -0.105	  0.013	  0.012
[component_container-11] 	  3.740	    GPS	 -1.885	 -1.949	  1.478	     --
[component_container-11] 	  3.740	   Baro	     --	     --	  2.691	     --
[component_container-11] 	  3.740	  BBias	     --	     --	  1.063	     --
[component_container-11] 	  3.740	  Sonar	     --	     --	  1.559	     --
[component_container-11] 	  3.740	  Magnt	     --	     --	     --	 -0.942
[component_container-11] 
[component_container-11] 	  3.770	   Pose	 -1.973	 -1.897	  1.600	 -0.969
[component_container-11] 	  3.770	  Twist	  0.006	  0.115	  0.491	 -0.276
[component_container-11] 	  3.770	ErrPose	 -0.077	 -0.155	  0.004	  0.009
[component_container-11] 	  3.770	ErrTwis	  0.003	 -0.107	  0.016	 -0.003
[component_container-11] 	  3.770	    GPS	 -1.885	 -1.949	  1.478	     --
[component_container-11] 	  3.770	   Baro	     --	     --	  2.523	     --
[component_container-11] 	  3.770	  BBias	     --	     --	  1.061	     --
[component_container-11] 	  3.770	  Sonar	     --	     --	  1.559	     --
[component_container-11] 	  3.770	  Magnt	     --	     --	     --	 -0.950
[component_container-11] 
[component_container-11] 	  3.800	   Pose	 -1.973	 -1.894	  1.615	 -0.978
[component_container-11] 	  3.800	  Twist	  0.006	  0.118	  0.489	 -0.279
[component_container-11] 	  3.800	ErrPose	 -0.077	 -0.159	  0.010	  0.006
[component_container-11] 	  3.800	ErrTwis	  0.003	 -0.112	  0.018	 -0.001
[component_container-11] 	  3.800	    GPS	 -1.885	 -1.949	  1.478	     --
[component_container-11] 	  3.800	   Baro	     --	     --	  2.523	     --
[component_container-11] 	  3.800	  BBias	     --	     --	  1.061	     --
[component_container-11] 	  3.800	  Sonar	     --	     --	  1.600	     --
[component_container-11] 	  3.800	  Magnt	     --	     --	     --	 -0.950
[component_container-11] 
[component_container-11] 	  3.840	   Pose	 -1.973	 -1.889	  1.631	 -0.989
[component_container-11] 	  3.840	  Twist	  0.006	  0.121	  0.478	 -0.288
[component_container-11] 	  3.840	ErrPose	 -0.077	 -0.164	  0.014	  0.006
[component_container-11] 	  3.840	ErrTwis	  0.003	 -0.118	  0.029	  0.009
[component_container-11] 	  3.840	    GPS	 -1.885	 -1.949	  1.478	     --
[component_container-11] 	  3.840	   Baro	     --	     --	  2.772	     --
[component_container-11] 	  3.840	  BBias	     --	     --	  1.062	     --
[component_container-11] 	  3.840	  Sonar	     --	     --	  1.610	     --
[component_container-11] 	  3.840	  Magnt	     --	     --	     --	 -0.983
[component_container-11] 
[component_container-11] 	  3.870	   Pose	 -1.973	 -1.885	  1.646	 -0.997
[component_container-11] 	  3.870	  Twist	  0.006	  0.123	  0.479	 -0.261
[component_container-11] 	  3.870	ErrPose	 -0.077	 -0.168	  0.009	  0.009
[component_container-11] 	  3.870	ErrTwis	  0.004	 -0.121	  0.029	 -0.018
[component_container-11] 	  3.870	    GPS	 -1.885	 -1.949	  1.478	     --
[component_container-11] 	  3.870	   Baro	     --	     --	  2.808	     --
[component_container-11] 	  3.870	  BBias	     --	     --	  1.064	     --
[component_container-11] 	  3.870	  Sonar	     --	     --	  1.610	     --
[component_container-11] 	  3.870	  Magnt	     --	     --	     --	 -0.973
[component_container-11] 
[component_container-11] 	  3.900	   Pose	 -1.973	 -1.882	  1.663	 -1.005
[component_container-11] 	  3.900	  Twist	  0.006	  0.125	  0.483	 -0.268
[component_container-11] 	  3.900	ErrPose	 -0.077	 -0.173	  0.013	  0.005
[component_container-11] 	  3.900	ErrTwis	  0.005	 -0.127	  0.025	 -0.012
[component_container-11] 	  3.900	    GPS	 -1.885	 -1.949	  1.478	     --
[component_container-11] 	  3.900	   Baro	     --	     --	  2.808	     --
[component_container-11] 	  3.900	  BBias	     --	     --	  1.064	     --
[component_container-11] 	  3.900	  Sonar	     --	     --	  1.662	     --
[component_container-11] 	  3.900	  Magnt	     --	     --	     --	 -0.973
[component_container-11] 
[component_container-11] 	  3.940	   Pose	 -1.972	 -1.876	  1.681	 -1.016
[component_container-11] 	  3.940	  Twist	  0.007	  0.128	  0.479	 -0.285
[component_container-11] 	  3.940	ErrPose	 -0.078	 -0.178	  0.015	  0.005
[component_container-11] 	  3.940	ErrTwis	  0.006	 -0.133	  0.028	  0.006
[component_container-11] 	  3.940	    GPS	 -1.885	 -1.949	  1.478	     --
[component_container-11] 	  3.940	   Baro	     --	     --	  2.717	     --
[component_container-11] 	  3.940	  BBias	     --	     --	  1.064	     --
[component_container-11] 	  3.940	  Sonar	     --	     --	  1.669	     --
[component_container-11] 	  3.940	  Magnt	     --	     --	     --	 -1.004
[component_container-11] 
[component_container-11] 	  3.970	   Pose	 -1.972	 -1.873	  1.696	 -1.025
[component_container-11] 	  3.970	  Twist	  0.007	  0.131	  0.478	 -0.285
[component_container-11] 	  3.970	ErrPose	 -0.078	 -0.183	  0.010	  0.009
[component_container-11] 	  3.970	ErrTwis	  0.006	 -0.137	  0.030	  0.005
[component_container-11] 	  3.970	    GPS	 -1.885	 -1.949	  1.478	     --
[component_container-11] 	  3.970	   Baro	     --	     --	  2.791	     --
[component_container-11] 	  3.970	  BBias	     --	     --	  1.064	     --
[component_container-11] 	  3.970	  Sonar	     --	     --	  1.669	     --
[component_container-11] 	  3.970	  Magnt	     --	     --	     --	 -1.038
[component_container-11] 
[component_container-11] [INFO] [1775368628.086684688] [drone.controller]: cmd_vel body=(0.038, -0.034, 0.500) yaw=-0.300 | odom_received=true | plan_points=34
[component_container-11] 	  4.000	   Pose	 -1.972	 -1.869	  1.713	 -1.033
[component_container-11] 	  4.000	  Twist	  0.007	  0.133	  0.484	 -0.271
[component_container-11] 	  4.000	ErrPose	 -0.078	 -0.187	  0.013	  0.006
[component_container-11] 	  4.000	ErrTwis	  0.006	 -0.143	  0.024	 -0.009
[component_container-11] 	  4.000	    GPS	 -1.885	 -1.949	  1.478	     --
[component_container-11] 	  4.000	   Baro	     --	     --	  2.791	     --
[component_container-11] 	  4.000	  BBias	     --	     --	  1.064	     --
[component_container-11] 	  4.000	  Sonar	     --	     --	  1.714	     --
[component_container-11] 	  4.000	  Magnt	     --	     --	     --	 -1.038
[component_container-11] 
[component_container-11] [INFO] [1775368628.086918798] [drone.estimator]: TMP LOG err_xyz=(-0.078, -0.187, 0.013) | z_est=1.713 vz_est=0.484 bias=1.064 | gps_z=1.478 sonar=1.714 baro=2.791
[component_container-11] [INFO] [1775368628.091586399] [drone.estimator]: TMP LOG gps innov_xy=(-0.144, 0.056) est_xy=(-1.972, -1.869) gps_xy=(-2.116, -1.813) corr_xy=(-2.116, -1.813) vel_xy=(0.007, 0.133)
[component_container-11] [INFO] [1775368628.091750875] [drone.estimator]: TMP LOG gps vel pseudo raw=(-0.463, 0.273) filt=(-0.386, 0.265) innov_v=(-0.375, 0.124) apply=(1,1)
[component_container-11] 	  4.040	   Pose	 -2.068	 -1.829	  1.735	 -1.044
[component_container-11] 	  4.040	  Twist	 -0.072	  0.163	  0.489	 -0.271
[component_container-11] 	  4.040	ErrPose	  0.017	 -0.228	  0.011	  0.005
[component_container-11] 	  4.040	ErrTwis	  0.087	 -0.174	  0.019	 -0.009
[component_container-11] 	  4.040	    GPS	 -2.116	 -1.813	  1.731	     --
[component_container-11] 	  4.040	   Baro	     --	     --	  2.735	     --
[component_container-11] 	  4.040	  BBias	     --	     --	  1.063	     --
[component_container-11] 	  4.040	  Sonar	     --	     --	  1.742	     --
[component_container-11] 	  4.040	  Magnt	     --	     --	     --	 -1.007
[component_container-11] 
[component_container-11] 	  4.070	   Pose	 -2.070	 -1.824	  1.750	 -1.053
[component_container-11] 	  4.070	  Twist	 -0.072	  0.166	  0.486	 -0.291
[component_container-11] 	  4.070	ErrPose	  0.019	 -0.233	  0.007	  0.008
[component_container-11] 	  4.070	ErrTwis	  0.087	 -0.178	  0.021	  0.012
[component_container-11] 	  4.070	    GPS	 -2.116	 -1.813	  1.731	     --
[component_container-11] 	  4.070	   Baro	     --	     --	  2.734	     --
[component_container-11] 	  4.070	  BBias	     --	     --	  1.062	     --
[component_container-11] 	  4.070	  Sonar	     --	     --	  1.742	     --
[component_container-11] 	  4.070	  Magnt	     --	     --	     --	 -1.042
[component_container-11] 
[component_container-11] 	  4.100	   Pose	 -2.072	 -1.819	  1.759	 -1.061
[component_container-11] 	  4.100	  Twist	 -0.071	  0.168	  0.474	 -0.288
[component_container-11] 	  4.100	ErrPose	  0.021	 -0.239	  0.018	  0.005
[component_container-11] 	  4.100	ErrTwis	  0.087	 -0.182	  0.034	  0.008
[component_container-11] 	  4.100	    GPS	 -2.116	 -1.813	  1.731	     --
[component_container-11] 	  4.100	   Baro	     --	     --	  2.734	     --
[component_container-11] 	  4.100	  BBias	     --	     --	  1.063	     --
[component_container-11] 	  4.100	  Sonar	     --	     --	  1.733	     --
[component_container-11] 	  4.100	  Magnt	     --	     --	     --	 -1.042
[component_container-11] 
[component_container-11] 	  4.140	   Pose	 -2.075	 -1.812	  1.783	 -1.072
[component_container-11] 	  4.140	  Twist	 -0.070	  0.170	  0.483	 -0.271
[component_container-11] 	  4.140	ErrPose	  0.024	 -0.247	  0.014	  0.005
[component_container-11] 	  4.140	ErrTwis	  0.087	 -0.186	  0.024	 -0.009
[component_container-11] 	  4.140	    GPS	 -2.116	 -1.813	  1.731	     --
[component_container-11] 	  4.140	   Baro	     --	     --	  2.816	     --
[component_container-11] 	  4.140	  BBias	     --	     --	  1.062	     --
[component_container-11] 	  4.140	  Sonar	     --	     --	  1.796	     --
[component_container-11] 	  4.140	  Magnt	     --	     --	     --	 -1.036
[component_container-11] 
[component_container-11] 	  4.170	   Pose	 -2.077	 -1.807	  1.797	 -1.080
[component_container-11] 	  4.170	  Twist	 -0.069	  0.172	  0.482	 -0.282
[component_container-11] 	  4.170	ErrPose	  0.026	 -0.253	  0.010	  0.007
[component_container-11] 	  4.170	ErrTwis	  0.087	 -0.189	  0.026	  0.002
[component_container-11] 	  4.170	    GPS	 -2.116	 -1.813	  1.731	     --
[component_container-11] 	  4.170	   Baro	     --	     --	  2.824	     --
[component_container-11] 	  4.170	  BBias	     --	     --	  1.062	     --
[component_container-11] 	  4.170	  Sonar	     --	     --	  1.796	     --
[component_container-11] 	  4.170	  Magnt	     --	     --	     --	 -1.058
[component_container-11] 
[component_container-11] 	  4.200	   Pose	 -2.079	 -1.802	  1.809	 -1.088
[component_container-11] 	  4.200	  Twist	 -0.069	  0.174	  0.474	 -0.273
[component_container-11] 	  4.200	ErrPose	  0.027	 -0.259	  0.018	  0.004
[component_container-11] 	  4.200	ErrTwis	  0.088	 -0.193	  0.033	 -0.006
[component_container-11] 	  4.200	    GPS	 -2.116	 -1.813	  1.731	     --
[component_container-11] 	  4.200	   Baro	     --	     --	  2.824	     --
[component_container-11] 	  4.200	  BBias	     --	     --	  1.062	     --
[component_container-11] 	  4.200	  Sonar	     --	     --	  1.796	     --
[component_container-11] 	  4.200	  Magnt	     --	     --	     --	 -1.058
[component_container-11] 
[component_container-11] 	  4.240	   Pose	 -2.082	 -1.795	  1.835	 -1.100
[component_container-11] 	  4.240	  Twist	 -0.068	  0.178	  0.489	 -0.265
[component_container-11] 	  4.240	ErrPose	  0.030	 -0.268	  0.013	  0.005
[component_container-11] 	  4.240	ErrTwis	  0.088	 -0.198	  0.019	 -0.015
[component_container-11] 	  4.240	    GPS	 -2.116	 -1.813	  1.731	     --
[component_container-11] 	  4.240	   Baro	     --	     --	  2.997	     --
[component_container-11] 	  4.240	  BBias	     --	     --	  1.063	     --
[component_container-11] 	  4.240	  Sonar	     --	     --	  1.853	     --
[component_container-11] 	  4.240	  Magnt	     --	     --	     --	 -1.129
[component_container-11] 
[component_container-11] 	  4.270	   Pose	 -2.084	 -1.790	  1.850	 -1.108
[component_container-11] 	  4.270	  Twist	 -0.067	  0.180	  0.487	 -0.278
[component_container-11] 	  4.270	ErrPose	  0.032	 -0.273	  0.009	  0.008
[component_container-11] 	  4.270	ErrTwis	  0.088	 -0.200	  0.020	 -0.001
[component_container-11] 	  4.270	    GPS	 -2.116	 -1.813	  1.731	     --
[component_container-11] 	  4.270	   Baro	     --	     --	  2.873	     --
[component_container-11] 	  4.270	  BBias	     --	     --	  1.063	     --
[component_container-11] 	  4.270	  Sonar	     --	     --	  1.853	     --
[component_container-11] 	  4.270	  Magnt	     --	     --	     --	 -1.097
[component_container-11] 
[component_container-11] 	  4.300	   Pose	 -2.086	 -1.784	  1.862	 -1.117
[component_container-11] 	  4.300	  Twist	 -0.066	  0.181	  0.481	 -0.282
[component_container-11] 	  4.300	ErrPose	  0.034	 -0.280	  0.016	  0.005
[component_container-11] 	  4.300	ErrTwis	  0.089	 -0.201	  0.026	  0.002
[component_container-11] 	  4.300	    GPS	 -2.116	 -1.813	  1.731	     --
[component_container-11] 	  4.300	   Baro	     --	     --	  2.873	     --
[component_container-11] 	  4.300	  BBias	     --	     --	  1.063	     --
[component_container-11] 	  4.300	  Sonar	     --	     --	  1.846	     --
[component_container-11] 	  4.300	  Magnt	     --	     --	     --	 -1.097
[component_container-11] 
[component_container-11] 	  4.340	   Pose	 -2.089	 -1.777	  1.887	 -1.127
[component_container-11] 	  4.340	  Twist	 -0.064	  0.184	  0.492	 -0.289
[component_container-11] 	  4.340	ErrPose	  0.036	 -0.289	  0.012	  0.005
[component_container-11] 	  4.340	ErrTwis	  0.089	 -0.202	  0.015	  0.010
[component_container-11] 	  4.340	    GPS	 -2.116	 -1.813	  1.731	     --
[component_container-11] 	  4.340	   Baro	     --	     --	  3.047	     --
[component_container-11] 	  4.340	  BBias	     --	     --	  1.064	     --
[component_container-11] 	  4.340	  Sonar	     --	     --	  1.898	     --
[component_container-11] 	  4.340	  Magnt	     --	     --	     --	 -1.076
[component_container-11] 
[component_container-11] 	  4.370	   Pose	 -2.090	 -1.771	  1.902	 -1.136
[component_container-11] 	  4.370	  Twist	 -0.064	  0.187	  0.492	 -0.284
[component_container-11] 	  4.370	ErrPose	  0.038	 -0.295	  0.006	  0.008
[component_container-11] 	  4.370	ErrTwis	  0.089	 -0.204	  0.015	  0.004
[component_container-11] 	  4.370	    GPS	 -2.116	 -1.813	  1.731	     --
[component_container-11] 	  4.370	   Baro	     --	     --	  3.065	     --
[component_container-11] 	  4.370	  BBias	     --	     --	  1.065	     --
[component_container-11] 	  4.370	  Sonar	     --	     --	  1.898	     --
[component_container-11] 	  4.370	  Magnt	     --	     --	     --	 -1.145
[component_container-11] 
[component_container-11] 	  4.400	   Pose	 -2.092	 -1.766	  1.918	 -1.145
[component_container-11] 	  4.400	  Twist	 -0.063	  0.189	  0.491	 -0.287
[component_container-11] 	  4.400	ErrPose	  0.040	 -0.302	  0.011	  0.005
[component_container-11] 	  4.400	ErrTwis	  0.090	 -0.204	  0.017	  0.007
[component_container-11] 	  4.400	    GPS	 -2.116	 -1.813	  1.731	     --
[component_container-11] 	  4.400	   Baro	     --	     --	  3.065	     --
[component_container-11] 	  4.400	  BBias	     --	     --	  1.065	     --
[component_container-11] 	  4.400	  Sonar	     --	     --	  1.905	     --
[component_container-11] 	  4.400	  Magnt	     --	     --	     --	 -1.145
[component_container-11] 
[component_container-11] 	  4.440	   Pose	 -2.095	 -1.758	  1.938	 -1.155
[component_container-11] 	  4.440	  Twist	 -0.063	  0.192	  0.489	 -0.276
[component_container-11] 	  4.440	ErrPose	  0.043	 -0.311	  0.012	  0.004
[component_container-11] 	  4.440	ErrTwis	  0.091	 -0.206	  0.019	 -0.004
[component_container-11] 	  4.440	    GPS	 -2.116	 -1.813	  1.731	     --
[component_container-11] 	  4.440	   Baro	     --	     --	  3.008	     --
[component_container-11] 	  4.440	  BBias	     --	     --	  1.066	     --
[component_container-11] 	  4.440	  Sonar	     --	     --	  1.933	     --
[component_container-11] 	  4.440	  Magnt	     --	     --	     --	 -1.114
[component_container-11] 
[component_container-11] 	  4.470	   Pose	 -2.097	 -1.752	  1.952	 -1.163
[component_container-11] 	  4.470	  Twist	 -0.062	  0.196	  0.488	 -0.280
[component_container-11] 	  4.470	ErrPose	  0.045	 -0.317	  0.007	  0.007
[component_container-11] 	  4.470	ErrTwis	  0.091	 -0.208	  0.020	  0.000
[component_container-11] 	  4.470	    GPS	 -2.116	 -1.813	  1.731	     --
[component_container-11] 	  4.470	   Baro	     --	     --	  3.027	     --
[component_container-11] 	  4.470	  BBias	     --	     --	  1.066	     --
[component_container-11] 	  4.470	  Sonar	     --	     --	  1.933	     --
[component_container-11] 	  4.470	  Magnt	     --	     --	     --	 -1.142
[component_container-11] 
[component_container-11] 	  4.500	   Pose	 -2.099	 -1.746	  1.967	 -1.172
[component_container-11] 	  4.500	  Twist	 -0.061	  0.198	  0.486	 -0.285
[component_container-11] 	  4.500	ErrPose	  0.047	 -0.324	  0.013	  0.004
[component_container-11] 	  4.500	ErrTwis	  0.092	 -0.209	  0.021	  0.005
[component_container-11] 	  4.500	    GPS	 -2.116	 -1.813	  1.731	     --
[component_container-11] 	  4.500	   Baro	     --	     --	  3.027	     --
[component_container-11] 	  4.500	  BBias	     --	     --	  1.066	     --
[component_container-11] 	  4.500	  Sonar	     --	     --	  1.956	     --
[component_container-11] 	  4.500	  Magnt	     --	     --	     --	 -1.142
[component_container-11] 
[component_container-11] 	  4.540	   Pose	 -2.053	 -1.941	  1.987	 -1.182
[component_container-11] 	  4.540	  Twist	 -0.021	  0.045	  0.486	 -0.282
[component_container-11] 	  4.540	ErrPose	  0.001	 -0.131	  0.013	  0.003
[component_container-11] 	  4.540	ErrTwis	  0.052	 -0.055	  0.021	  0.003
[component_container-11] 	  4.540	    GPS	 -2.023	 -2.108	  1.985	     --
[component_container-11] 	  4.540	   Baro	     --	     --	  2.935	     --
[component_container-11] 	  4.540	  BBias	     --	     --	  1.065	     --
[component_container-11] 	  4.540	  Sonar	     --	     --	  1.983	     --
[component_container-11] 	  4.540	  Magnt	     --	     --	     --	 -1.131
[component_container-11] 
[component_container-11] 	  4.570	   Pose	 -2.053	 -1.940	  2.003	 -1.190
[component_container-11] 	  4.570	  Twist	 -0.020	  0.047	  0.486	 -0.287
[component_container-11] 	  4.570	ErrPose	  0.002	 -0.133	  0.008	  0.005
[component_container-11] 	  4.570	ErrTwis	  0.052	 -0.056	  0.021	  0.007
[component_container-11] 	  4.570	    GPS	 -2.023	 -2.108	  1.985	     --
[component_container-11] 	  4.570	   Baro	     --	     --	  3.175	     --
[component_container-11] 	  4.570	  BBias	     --	     --	  1.066	     --
[component_container-11] 	  4.570	  Sonar	     --	     --	  1.983	     --
[component_container-11] 	  4.570	  Magnt	     --	     --	     --	 -1.158
[component_container-11] 
[component_container-11] 	  4.600	   Pose	 -2.054	 -1.939	  2.015	 -1.198
[component_container-11] 	  4.600	  Twist	 -0.019	  0.050	  0.481	 -0.271
[component_container-11] 	  4.600	ErrPose	  0.003	 -0.136	  0.015	  0.002
[component_container-11] 	  4.600	ErrTwis	  0.053	 -0.057	  0.026	 -0.009
[component_container-11] 	  4.600	    GPS	 -2.023	 -2.108	  1.985	     --
[component_container-11] 	  4.600	   Baro	     --	     --	  3.175	     --
[component_container-11] 	  4.600	  BBias	     --	     --	  1.066	     --
[component_container-11] 	  4.600	  Sonar	     --	     --	  1.999	     --
[component_container-11] 	  4.600	  Magnt	     --	     --	     --	 -1.158
[component_container-11] 
[component_container-11] 	  4.640	   Pose	 -2.055	 -1.936	  2.036	 -1.210
[component_container-11] 	  4.640	  Twist	 -0.018	  0.052	  0.482	 -0.283
[component_container-11] 	  4.640	ErrPose	  0.004	 -0.139	  0.015	  0.004
[component_container-11] 	  4.640	ErrTwis	  0.054	 -0.058	  0.025	  0.003
[component_container-11] 	  4.640	    GPS	 -2.023	 -2.108	  1.985	     --
[component_container-11] 	  4.640	   Baro	     --	     --	  3.172	     --
[component_container-11] 	  4.640	  BBias	     --	     --	  1.067	     --
[component_container-11] 	  4.640	  Sonar	     --	     --	  2.039	     --
[component_container-11] 	  4.640	  Magnt	     --	     --	     --	 -1.258
[component_container-11] 
[component_container-11] 	  4.670	   Pose	 -2.055	 -1.935	  2.051	 -1.219
[component_container-11] 	  4.670	  Twist	 -0.019	  0.054	  0.481	 -0.303
[component_container-11] 	  4.670	ErrPose	  0.005	 -0.142	  0.010	  0.007
[component_container-11] 	  4.670	ErrTwis	  0.056	 -0.060	  0.026	  0.024
[component_container-11] 	  4.670	    GPS	 -2.023	 -2.108	  1.985	     --
[component_container-11] 	  4.670	   Baro	     --	     --	  3.152	     --
[component_container-11] 	  4.670	  BBias	     --	     --	  1.067	     --
[component_container-11] 	  4.670	  Sonar	     --	     --	  2.039	     --
[component_container-11] 	  4.670	  Magnt	     --	     --	     --	 -1.198
[component_container-11] 
[component_container-11] 	  4.700	   Pose	 -2.056	 -1.933	  2.065	 -1.227
[component_container-11] 	  4.700	  Twist	 -0.017	  0.057	  0.480	 -0.298
[component_container-11] 	  4.700	ErrPose	  0.006	 -0.145	  0.016	  0.004
[component_container-11] 	  4.700	ErrTwis	  0.056	 -0.061	  0.027	  0.018
[component_container-11] 	  4.700	    GPS	 -2.023	 -2.108	  1.985	     --
[component_container-11] 	  4.700	   Baro	     --	     --	  3.152	     --
[component_container-11] 	  4.700	  BBias	     --	     --	  1.067	     --
[component_container-11] 	  4.700	  Sonar	     --	     --	  2.057	     --
[component_container-11] 	  4.700	  Magnt	     --	     --	     --	 -1.198
[component_container-11] 
[component_container-11] 	  4.740	   Pose	 -2.056	 -1.931	  2.084	 -1.238
[component_container-11] 	  4.740	  Twist	 -0.016	  0.059	  0.476	 -0.282
[component_container-11] 	  4.740	ErrPose	  0.007	 -0.149	  0.018	  0.003
[component_container-11] 	  4.740	ErrTwis	  0.057	 -0.062	  0.030	  0.002
[component_container-11] 	  4.740	    GPS	 -2.023	 -2.108	  1.985	     --
[component_container-11] 	  4.740	   Baro	     --	     --	  3.373	     --
[component_container-11] 	  4.740	  BBias	     --	     --	  1.070	     --
[component_container-11] 	  4.740	  Sonar	     --	     --	  2.070	     --
[component_container-11] 	  4.740	  Magnt	     --	     --	     --	 -1.206
[component_container-11] 
[component_container-11] 	  4.770	   Pose	 -2.057	 -1.929	  2.098	 -1.248
[component_container-11] 	  4.770	  Twist	 -0.015	  0.062	  0.475	 -0.296
[component_container-11] 	  4.770	ErrPose	  0.008	 -0.152	  0.014	  0.008
[component_container-11] 	  4.770	ErrTwis	  0.056	 -0.064	  0.032	  0.017
[component_container-11] 	  4.770	    GPS	 -2.023	 -2.108	  1.985	     --
[component_container-11] 	  4.770	   Baro	     --	     --	  3.185	     --
[component_container-11] 	  4.770	  BBias	     --	     --	  1.070	     --
[component_container-11] 	  4.770	  Sonar	     --	     --	  2.070	     --
[component_container-11] 	  4.770	  Magnt	     --	     --	     --	 -1.280
[component_container-11] 
[component_container-11] 	  4.800	   Pose	 -2.057	 -1.927	  2.100	 -1.256
[component_container-11] 	  4.800	  Twist	 -0.015	  0.064	  0.444	 -0.284
[component_container-11] 	  4.800	ErrPose	  0.009	 -0.155	  0.032	  0.005
[component_container-11] 	  4.800	ErrTwis	  0.056	 -0.065	  0.063	  0.004
[component_container-11] 	  4.800	    GPS	 -2.023	 -2.108	  1.985	     --
[component_container-11] 	  4.800	   Baro	     --	     --	  3.185	     --
[component_container-11] 	  4.800	  BBias	     --	     --	  1.071	     --
[component_container-11] 	  4.800	  Sonar	     --	     --	  2.045	     --
[component_container-11] 	  4.800	  Magnt	     --	     --	     --	 -1.280
[component_container-11] 
[component_container-11] 	  4.840	   Pose	 -2.058	 -1.925	  2.125	 -1.268
[component_container-11] 	  4.840	  Twist	 -0.014	  0.067	  0.460	 -0.273
[component_container-11] 	  4.840	ErrPose	  0.010	 -0.159	  0.027	  0.005
[component_container-11] 	  4.840	ErrTwis	  0.056	 -0.066	  0.046	 -0.007
[component_container-11] 	  4.840	    GPS	 -2.023	 -2.108	  1.985	     --
[component_container-11] 	  4.840	   Baro	     --	     --	  3.212	     --
[component_container-11] 	  4.840	  BBias	     --	     --	  1.071	     --
[component_container-11] 	  4.840	  Sonar	     --	     --	  2.149	     --
[component_container-11] 	  4.840	  Magnt	     --	     --	     --	 -1.269
[component_container-11] 
[component_container-11] 	  4.870	   Pose	 -2.058	 -1.923	  2.140	 -1.277
[component_container-11] 	  4.870	  Twist	 -0.013	  0.069	  0.460	 -0.272
[component_container-11] 	  4.870	ErrPose	  0.011	 -0.162	  0.023	  0.009
[component_container-11] 	  4.870	ErrTwis	  0.056	 -0.067	  0.047	 -0.008
[component_container-11] 	  4.870	    GPS	 -2.023	 -2.108	  1.985	     --
[component_container-11] 	  4.870	   Baro	     --	     --	  3.273	     --
[component_container-11] 	  4.870	  BBias	     --	     --	  1.072	     --
[component_container-11] 	  4.870	  Sonar	     --	     --	  2.149	     --
[component_container-11] 	  4.870	  Magnt	     --	     --	     --	 -1.298
[component_container-11] 
[component_container-11] 	  4.900	   Pose	 -2.059	 -1.920	  2.153	 -1.285
[component_container-11] 	  4.900	  Twist	 -0.012	  0.072	  0.458	 -0.272
[component_container-11] 	  4.900	ErrPose	  0.012	 -0.166	  0.029	  0.006
[component_container-11] 	  4.900	ErrTwis	  0.055	 -0.068	  0.049	 -0.008
[component_container-11] 	  4.900	    GPS	 -2.023	 -2.108	  1.985	     --
[component_container-11] 	  4.900	   Baro	     --	     --	  3.273	     --
[component_container-11] 	  4.900	  BBias	     --	     --	  1.072	     --
[component_container-11] 	  4.900	  Sonar	     --	     --	  2.143	     --
[component_container-11] 	  4.900	  Magnt	     --	     --	     --	 -1.298
[component_container-11] 
[component_container-11] 	  4.940	   Pose	 -2.059	 -1.917	  2.172	 -1.297
[component_container-11] 	  4.940	  Twist	 -0.011	  0.074	  0.457	 -0.279
[component_container-11] 	  4.940	ErrPose	  0.013	 -0.171	  0.031	  0.006
[component_container-11] 	  4.940	ErrTwis	  0.055	 -0.068	  0.050	 -0.001
[component_container-11] 	  4.940	    GPS	 -2.023	 -2.108	  1.985	     --
[component_container-11] 	  4.940	   Baro	     --	     --	  3.154	     --
[component_container-11] 	  4.940	  BBias	     --	     --	  1.071	     --
[component_container-11] 	  4.940	  Sonar	     --	     --	  2.170	     --
[component_container-11] 	  4.940	  Magnt	     --	     --	     --	 -1.286
[component_container-11] 
[component_container-11] 	  4.970	   Pose	 -2.059	 -1.915	  2.186	 -1.305
[component_container-11] 	  4.970	  Twist	 -0.010	  0.076	  0.458	 -0.278
[component_container-11] 	  4.970	ErrPose	  0.014	 -0.174	  0.027	  0.009
[component_container-11] 	  4.970	ErrTwis	  0.054	 -0.069	  0.049	 -0.002
[component_container-11] 	  4.970	    GPS	 -2.023	 -2.108	  1.985	     --
[component_container-11] 	  4.970	   Baro	     --	     --	  3.372	     --
[component_container-11] 	  4.970	  BBias	     --	     --	  1.072	     --
[component_container-11] 	  4.970	  Sonar	     --	     --	  2.170	     --
[component_container-11] 	  4.970	  Magnt	     --	     --	     --	 -1.316
[component_container-11] 
[component_container-11] [INFO] [1775368629.091188698] [drone.controller]: cmd_vel body=(0.041, 0.013, 0.500) yaw=-0.300 | odom_received=true | plan_points=29
[component_container-11] 	  5.000	   Pose	 -2.060	 -1.913	  2.198	 -1.314
[component_container-11] 	  5.000	  Twist	 -0.009	  0.078	  0.450	 -0.282
[component_container-11] 	  5.000	ErrPose	  0.015	 -0.178	  0.036	  0.007
[component_container-11] 	  5.000	ErrTwis	  0.054	 -0.070	  0.056	  0.002
[component_container-11] 	  5.000	    GPS	 -2.023	 -2.108	  1.985	     --
[component_container-11] 	  5.000	   Baro	     --	     --	  3.372	     --
[component_container-11] 	  5.000	  BBias	     --	     --	  1.072	     --
[component_container-11] 	  5.000	  Sonar	     --	     --	  2.185	     --
[component_container-11] 	  5.000	  Magnt	     --	     --	     --	 -1.316
[component_container-11] 
[component_container-11] [INFO] [1775368629.091532600] [drone.estimator]: TMP LOG err_xyz=(0.015, -0.178, 0.036) | z_est=2.198 vz_est=0.450 bias=1.072 | gps_z=1.985 sonar=2.185 baro=3.372
[component_container-11] [INFO] [1775368629.094734642] [drone.estimator]: TMP LOG gps innov_xy=(0.072, 0.004) est_xy=(-2.060, -1.912) gps_xy=(-1.987, -1.908) corr_xy=(-1.987, -1.908) vel_xy=(-0.009, 0.079)
[component_container-11] [INFO] [1775368629.095168995] [drone.estimator]: TMP LOG gps vel pseudo raw=(0.072, 0.400) filt=(0.078, 0.310) innov_v=(0.077, 0.230) apply=(1,1)
[component_container-11] 	  5.040	   Pose	 -2.027	 -1.876	  2.217	 -1.325
[component_container-11] 	  5.040	  Twist	  0.013	  0.119	  0.451	 -0.276
[component_container-11] 	  5.040	ErrPose	 -0.016	 -0.216	  0.036	  0.006
[component_container-11] 	  5.040	ErrTwis	  0.033	 -0.110	  0.056	 -0.004
[component_container-11] 	  5.040	    GPS	 -1.987	 -1.908	  2.238	     --
[component_container-11] 	  5.040	   Baro	     --	     --	  3.208	     --
[component_container-11] 	  5.040	  BBias	     --	     --	  1.072	     --
[component_container-11] 	  5.040	  Sonar	     --	     --	  2.218	     --
[component_container-11] 	  5.040	  Magnt	     --	     --	     --	 -1.305
[component_container-11] 
[component_container-11] 	  5.070	   Pose	 -2.027	 -1.872	  2.231	 -1.334
[component_container-11] 	  5.070	  Twist	  0.014	  0.120	  0.450	 -0.269
[component_container-11] 	  5.070	ErrPose	 -0.016	 -0.221	  0.033	  0.010
[component_container-11] 	  5.070	ErrTwis	  0.032	 -0.111	  0.056	 -0.011
[component_container-11] 	  5.070	    GPS	 -1.987	 -1.908	  2.238	     --
[component_container-11] 	  5.070	   Baro	     --	     --	  3.374	     --
[component_container-11] 	  5.070	  BBias	     --	     --	  1.072	     --
[component_container-11] 	  5.070	  Sonar	     --	     --	  2.218	     --
[component_container-11] 	  5.070	  Magnt	     --	     --	     --	 -1.353
[component_container-11] 
[component_container-11] 	  5.100	   Pose	 -2.026	 -1.869	  2.254	 -1.342
[component_container-11] 	  5.100	  Twist	  0.015	  0.123	  0.471	 -0.267
[component_container-11] 	  5.100	ErrPose	 -0.016	 -0.226	  0.030	  0.007
[component_container-11] 	  5.100	ErrTwis	  0.031	 -0.112	  0.036	 -0.013
[component_container-11] 	  5.100	    GPS	 -1.987	 -1.908	  2.238	     --
[component_container-11] 	  5.100	   Baro	     --	     --	  3.374	     --
[component_container-11] 	  5.100	  BBias	     --	     --	  1.072	     --
[component_container-11] 	  5.100	  Sonar	     --	     --	  2.279	     --
[component_container-11] 	  5.100	  Magnt	     --	     --	     --	 -1.353
[component_container-11] 
[component_container-11] 	  5.140	   Pose	 -2.026	 -1.864	  2.279	 -1.352
[component_container-11] 	  5.140	  Twist	  0.016	  0.125	  0.483	 -0.276
[component_container-11] 	  5.140	ErrPose	 -0.015	 -0.233	  0.026	  0.006
[component_container-11] 	  5.140	ErrTwis	  0.031	 -0.113	  0.024	 -0.004
[component_container-11] 	  5.140	    GPS	 -1.987	 -1.908	  2.238	     --
[component_container-11] 	  5.140	   Baro	     --	     --	  3.255	     --
[component_container-11] 	  5.140	  BBias	     --	     --	  1.071	     --
[component_container-11] 	  5.140	  Sonar	     --	     --	  2.297	     --
[component_container-11] 	  5.140	  Magnt	     --	     --	     --	 -1.280
[component_container-11] 
[component_container-11] 	  5.170	   Pose	 -2.025	 -1.860	  2.293	 -1.360
[component_container-11] 	  5.170	  Twist	  0.016	  0.126	  0.481	 -0.288
[component_container-11] 	  5.170	ErrPose	 -0.015	 -0.237	  0.021	  0.008
[component_container-11] 	  5.170	ErrTwis	  0.030	 -0.113	  0.026	  0.008
[component_container-11] 	  5.170	    GPS	 -1.987	 -1.908	  2.238	     --
[component_container-11] 	  5.170	   Baro	     --	     --	  3.365	     --
[component_container-11] 	  5.170	  BBias	     --	     --	  1.071	     --
[component_container-11] 	  5.170	  Sonar	     --	     --	  2.297	     --
[component_container-11] 	  5.170	  Magnt	     --	     --	     --	 -1.332
[component_container-11] 
[component_container-11] 	  5.200	   Pose	 -2.025	 -1.856	  2.308	 -1.369
[component_container-11] 	  5.200	  Twist	  0.017	  0.129	  0.481	 -0.282
[component_container-11] 	  5.200	ErrPose	 -0.015	 -0.243	  0.027	  0.005
[component_container-11] 	  5.200	ErrTwis	  0.030	 -0.115	  0.026	  0.002
[component_container-11] 	  5.200	    GPS	 -1.987	 -1.908	  2.238	     --
[component_container-11] 	  5.200	   Baro	     --	     --	  3.365	     --
[component_container-11] 	  5.200	  BBias	     --	     --	  1.071	     --
[component_container-11] 	  5.200	  Sonar	     --	     --	  2.295	     --
[component_container-11] 	  5.200	  Magnt	     --	     --	     --	 -1.332
[component_container-11] 
[component_container-11] 	  5.240	   Pose	 -2.024	 -1.851	  2.341	 -1.380
[component_container-11] 	  5.240	  Twist	  0.019	  0.132	  0.509	 -0.289
[component_container-11] 	  5.240	ErrPose	 -0.015	 -0.250	  0.014	  0.006
[component_container-11] 	  5.240	ErrTwis	  0.028	 -0.117	 -0.002	  0.009
[component_container-11] 	  5.240	    GPS	 -1.987	 -1.908	  2.238	     --
[component_container-11] 	  5.240	   Baro	     --	     --	  3.379	     --
[component_container-11] 	  5.240	  BBias	     --	     --	  1.071	     --
[component_container-11] 	  5.240	  Sonar	     --	     --	  2.381	     --
[component_container-11] 	  5.240	  Magnt	     --	     --	     --	 -1.364
[component_container-11] 
[component_container-11] 	  5.270	   Pose	 -2.023	 -1.847	  2.355	 -1.388
[component_container-11] 	  5.270	  Twist	  0.019	  0.133	  0.506	 -0.286
[component_container-11] 	  5.270	ErrPose	 -0.015	 -0.255	  0.010	  0.008
[component_container-11] 	  5.270	ErrTwis	  0.028	 -0.118	  0.001	  0.006
[component_container-11] 	  5.270	    GPS	 -1.987	 -1.908	  2.238	     --
[component_container-11] 	  5.270	   Baro	     --	     --	  3.311	     --
[component_container-11] 	  5.270	  BBias	     --	     --	  1.070	     --
[component_container-11] 	  5.270	  Sonar	     --	     --	  2.381	     --
[component_container-11] 	  5.270	  Magnt	     --	     --	     --	 -1.356
[component_container-11] 
[component_container-11] 	  5.300	   Pose	 -2.023	 -1.843	  2.362	 -1.397
[component_container-11] 	  5.300	  Twist	  0.020	  0.135	  0.486	 -0.288
[component_container-11] 	  5.300	ErrPose	 -0.015	 -0.261	  0.023	  0.005
[component_container-11] 	  5.300	ErrTwis	  0.029	 -0.120	  0.021	  0.008
[component_container-11] 	  5.300	    GPS	 -1.987	 -1.908	  2.238	     --
[component_container-11] 	  5.300	   Baro	     --	     --	  3.311	     --
[component_container-11] 	  5.300	  BBias	     --	     --	  1.070	     --
[component_container-11] 	  5.300	  Sonar	     --	     --	  2.325	     --
[component_container-11] 	  5.300	  Magnt	     --	     --	     --	 -1.356
[component_container-11] 
[component_container-11] 	  5.340	   Pose	 -2.022	 -1.838	  2.393	 -1.408
[component_container-11] 	  5.340	  Twist	  0.021	  0.138	  0.509	 -0.295
[component_container-11] 	  5.340	ErrPose	 -0.015	 -0.268	  0.013	  0.006
[component_container-11] 	  5.340	ErrTwis	  0.028	 -0.124	 -0.002	  0.015
[component_container-11] 	  5.340	    GPS	 -1.987	 -1.908	  2.238	     --
[component_container-11] 	  5.340	   Baro	     --	     --	  3.518	     --
[component_container-11] 	  5.340	  BBias	     --	     --	  1.070	     --
[component_container-11] 	  5.340	  Sonar	     --	     --	  2.420	     --
[component_container-11] 	  5.340	  Magnt	     --	     --	     --	 -1.412
[component_container-11] 
[component_container-11] 	  5.370	   Pose	 -2.021	 -1.833	  2.409	 -1.417
[component_container-11] 	  5.370	  Twist	  0.021	  0.140	  0.512	 -0.278
[component_container-11] 	  5.370	ErrPose	 -0.015	 -0.273	  0.007	  0.009
[component_container-11] 	  5.370	ErrTwis	  0.027	 -0.126	 -0.005	 -0.002
[component_container-11] 	  5.370	    GPS	 -1.987	 -1.908	  2.238	     --
[component_container-11] 	  5.370	   Baro	     --	     --	  3.630	     --
[component_container-11] 	  5.370	  BBias	     --	     --	  1.072	     --
[component_container-11] 	  5.370	  Sonar	     --	     --	  2.420	     --
[component_container-11] 	  5.370	  Magnt	     --	     --	     --	 -1.433
[component_container-11] 
[component_container-11] 	  5.400	   Pose	 -2.021	 -1.829	  2.426	 -1.426
[component_container-11] 	  5.400	  Twist	  0.022	  0.142	  0.513	 -0.286
[component_container-11] 	  5.400	ErrPose	 -0.015	 -0.279	  0.010	  0.007
[component_container-11] 	  5.400	ErrTwis	  0.027	 -0.129	 -0.006	  0.006
[component_container-11] 	  5.400	    GPS	 -1.987	 -1.908	  2.238	     --
[component_container-11] 	  5.400	   Baro	     --	     --	  3.630	     --
[component_container-11] 	  5.400	  BBias	     --	     --	  1.072	     --
[component_container-11] 	  5.400	  Sonar	     --	     --	  2.415	     --
[component_container-11] 	  5.400	  Magnt	     --	     --	     --	 -1.433
[component_container-11] 
[component_container-11] 	  5.440	   Pose	 -2.020	 -1.823	  2.437	 -1.438
[component_container-11] 	  5.440	  Twist	  0.024	  0.145	  0.490	 -0.289
[component_container-11] 	  5.440	ErrPose	 -0.015	 -0.287	  0.019	  0.007
[component_container-11] 	  5.440	ErrTwis	  0.026	 -0.133	  0.017	  0.009
[component_container-11] 	  5.440	    GPS	 -1.987	 -1.908	  2.238	     --
[component_container-11] 	  5.440	   Baro	     --	     --	  3.454	     --
[component_container-11] 	  5.440	  BBias	     --	     --	  1.072	     --
[component_container-11] 	  5.440	  Sonar	     --	     --	  2.402	     --
[component_container-11] 	  5.440	  Magnt	     --	     --	     --	 -1.419
[component_container-11] 
[component_container-11] 	  5.470	   Pose	 -2.019	 -1.819	  2.452	 -1.445
[component_container-11] 	  5.470	  Twist	  0.025	  0.147	  0.488	 -0.277
[component_container-11] 	  5.470	ErrPose	 -0.015	 -0.292	  0.015	  0.009
[component_container-11] 	  5.470	ErrTwis	  0.025	 -0.135	  0.019	 -0.003
[component_container-11] 	  5.470	    GPS	 -1.987	 -1.908	  2.238	     --
[component_container-11] 	  5.470	   Baro	     --	     --	  3.573	     --
[component_container-11] 	  5.470	  BBias	     --	     --	  1.072	     --
[component_container-11] 	  5.470	  Sonar	     --	     --	  2.450	     --
[component_container-11] 	  5.470	  Magnt	     --	     --	     --	 -1.412
[component_container-11] 
[component_container-11] 	  5.500	   Pose	 -2.018	 -1.815	  2.467	 -1.454
[component_container-11] 	  5.500	  Twist	  0.026	  0.149	  0.487	 -0.264
[component_container-11] 	  5.500	ErrPose	 -0.016	 -0.299	  0.020	  0.006
[component_container-11] 	  5.500	ErrTwis	  0.024	 -0.138	  0.020	 -0.016
[component_container-11] 	  5.500	    GPS	 -1.987	 -1.908	  2.238	     --
[component_container-11] 	  5.500	   Baro	     --	     --	  3.573	     --
[component_container-11] 	  5.500	  BBias	     --	     --	  1.072	     --
[component_container-11] 	  5.500	  Sonar	     --	     --	  2.450	     --
[component_container-11] 	  5.500	  Magnt	     --	     --	     --	 -1.412
[component_container-11] 
[component_container-11] 	  5.540	   Pose	 -1.958	 -1.919	  2.482	 -1.464
[component_container-11] 	  5.540	  Twist	  0.068	  0.072	  0.476	 -0.263
[component_container-11] 	  5.540	ErrPose	 -0.075	 -0.197	  0.025	  0.006
[component_container-11] 	  5.540	ErrTwis	 -0.017	 -0.062	  0.032	 -0.017
[component_container-11] 	  5.540	    GPS	 -1.889	 -2.031	  2.492	     --
[component_container-11] 	  5.540	   Baro	     --	     --	  3.562	     --
[component_container-11] 	  5.540	  BBias	     --	     --	  1.072	     --
[component_container-11] 	  5.540	  Sonar	     --	     --	  2.457	     --
[component_container-11] 	  5.540	  Magnt	     --	     --	     --	 -1.432
[component_container-11] 
[component_container-11] 	  5.570	   Pose	 -1.956	 -1.917	  2.497	 -1.473
[component_container-11] 	  5.570	  Twist	  0.069	  0.073	  0.476	 -0.279
[component_container-11] 	  5.570	ErrPose	 -0.077	 -0.200	  0.020	  0.009
[component_container-11] 	  5.570	ErrTwis	 -0.018	 -0.063	  0.031	 -0.001
[component_container-11] 	  5.570	    GPS	 -1.889	 -2.031	  2.492	     --
[component_container-11] 	  5.570	   Baro	     --	     --	  3.661	     --
[component_container-11] 	  5.570	  BBias	     --	     --	  1.073	     --
[component_container-11] 	  5.570	  Sonar	     --	     --	  2.457	     --
[component_container-11] 	  5.570	  Magnt	     --	     --	     --	 -1.482
[component_container-11] 
[component_container-11] 	  5.600	   Pose	 -1.954	 -1.914	  2.515	 -1.482
[component_container-11] 	  5.600	  Twist	  0.069	  0.075	  0.481	 -0.280
[component_container-11] 	  5.600	ErrPose	 -0.079	 -0.204	  0.023	  0.006
[component_container-11] 	  5.600	ErrTwis	 -0.017	 -0.066	  0.026	 -0.000
[component_container-11] 	  5.600	    GPS	 -1.889	 -2.031	  2.492	     --
[component_container-11] 	  5.600	   Baro	     --	     --	  3.661	     --
[component_container-11] 	  5.600	  BBias	     --	     --	  1.073	     --
[component_container-11] 	  5.600	  Sonar	     --	     --	  2.512	     --
[component_container-11] 	  5.600	  Magnt	     --	     --	     --	 -1.482
[component_container-11] 
[component_container-11] 	  5.640	   Pose	 -1.951	 -1.911	  2.541	 -1.493
[component_container-11] 	  5.640	  Twist	  0.070	  0.077	  0.495	 -0.275
[component_container-11] 	  5.640	ErrPose	 -0.081	 -0.210	  0.017	  0.006
[component_container-11] 	  5.640	ErrTwis	 -0.017	 -0.068	  0.013	 -0.004
[component_container-11] 	  5.640	    GPS	 -1.889	 -2.031	  2.492	     --
[component_container-11] 	  5.640	   Baro	     --	     --	  3.524	     --
[component_container-11] 	  5.640	  BBias	     --	     --	  1.072	     --
[component_container-11] 	  5.640	  Sonar	     --	     --	  2.557	     --
[component_container-11] 	  5.640	  Magnt	     --	     --	     --	 -1.471
[component_container-11] 
[component_container-11] 	  5.670	   Pose	 -1.949	 -1.909	  2.555	 -1.502
[component_container-11] 	  5.670	  Twist	  0.072	  0.078	  0.492	 -0.281
[component_container-11] 	  5.670	ErrPose	 -0.083	 -0.213	  0.013	  0.010
[component_container-11] 	  5.670	ErrTwis	 -0.019	 -0.069	  0.016	  0.002
[component_container-11] 	  5.670	    GPS	 -1.889	 -2.031	  2.492	     --
[component_container-11] 	  5.670	   Baro	     --	     --	  3.664	     --
[component_container-11] 	  5.670	  BBias	     --	     --	  1.073	     --
[component_container-11] 	  5.670	  Sonar	     --	     --	  2.551	     --
[component_container-11] 	  5.670	  Magnt	     --	     --	     --	 -1.533
[component_container-11] 
[component_container-11] 	  5.700	   Pose	 -1.947	 -1.907	  2.570	 -1.510
[component_container-11] 	  5.700	  Twist	  0.073	  0.079	  0.490	 -0.291
[component_container-11] 	  5.700	ErrPose	 -0.085	 -0.218	  0.019	  0.007
[component_container-11] 	  5.700	ErrTwis	 -0.019	 -0.071	  0.017	  0.012
[component_container-11] 	  5.700	    GPS	 -1.889	 -2.031	  2.492	     --
[component_container-11] 	  5.700	   Baro	     --	     --	  3.664	     --
[component_container-11] 	  5.700	  BBias	     --	     --	  1.073	     --
[component_container-11] 	  5.700	  Sonar	     --	     --	  2.551	     --
[component_container-11] 	  5.700	  Magnt	     --	     --	     --	 -1.533
[component_container-11] 
[component_container-11] 	  5.740	   Pose	 -1.944	 -1.903	  2.585	 -1.521
[component_container-11] 	  5.740	  Twist	  0.075	  0.082	  0.478	 -0.282
[component_container-11] 	  5.740	ErrPose	 -0.087	 -0.223	  0.024	  0.007
[component_container-11] 	  5.740	ErrTwis	 -0.020	 -0.074	  0.030	  0.003
[component_container-11] 	  5.740	    GPS	 -1.889	 -2.031	  2.492	     --
[component_container-11] 	  5.740	   Baro	     --	     --	  3.697	     --
[component_container-11] 	  5.740	  BBias	     --	     --	  1.073	     --
[component_container-11] 	  5.740	  Sonar	     --	     --	  2.559	     --
[component_container-11] 	  5.740	  Magnt	     --	     --	     --	 -1.505
[component_container-11] 
[component_container-11] 	  5.770	   Pose	 -1.941	 -1.901	  2.599	 -1.530
[component_container-11] 	  5.770	  Twist	  0.076	  0.083	  0.475	 -0.274
[component_container-11] 	  5.770	ErrPose	 -0.090	 -0.227	  0.019	  0.010
[component_container-11] 	  5.770	ErrTwis	 -0.022	 -0.076	  0.032	 -0.005
[component_container-11] 	  5.770	    GPS	 -1.889	 -2.031	  2.492	     --
[component_container-11] 	  5.770	   Baro	     --	     --	  3.664	     --
[component_container-11] 	  5.770	  BBias	     --	     --	  1.073	     --
[component_container-11] 	  5.770	  Sonar	     --	     --	  2.559	     --
[component_container-11] 	  5.770	  Magnt	     --	     --	     --	 -1.513
[component_container-11] 
[component_container-11] 	  5.800	   Pose	 -1.939	 -1.898	  2.623	 -1.538
[component_container-11] 	  5.800	  Twist	  0.077	  0.085	  0.496	 -0.279
[component_container-11] 	  5.800	ErrPose	 -0.092	 -0.231	  0.016	  0.007
[component_container-11] 	  5.800	ErrTwis	 -0.022	 -0.079	  0.011	 -0.001
[component_container-11] 	  5.800	    GPS	 -1.889	 -2.031	  2.492	     --
[component_container-11] 	  5.800	   Baro	     --	     --	  3.664	     --
[component_container-11] 	  5.800	  BBias	     --	     --	  1.073	     --
[component_container-11] 	  5.800	  Sonar	     --	     --	  2.644	     --
[component_container-11] 	  5.800	  Magnt	     --	     --	     --	 -1.513
[component_container-11] 
[component_container-11] 	  5.840	   Pose	 -1.936	 -1.895	  2.639	 -1.549
[component_container-11] 	  5.840	  Twist	  0.078	  0.087	  0.482	 -0.287
[component_container-11] 	  5.840	ErrPose	 -0.095	 -0.237	  0.021	  0.006
[component_container-11] 	  5.840	ErrTwis	 -0.023	 -0.083	  0.025	  0.007
[component_container-11] 	  5.840	    GPS	 -1.889	 -2.031	  2.492	     --
[component_container-11] 	  5.840	   Baro	     --	     --	  3.707	     --
[component_container-11] 	  5.840	  BBias	     --	     --	  1.073	     --
[component_container-11] 	  5.840	  Sonar	     --	     --	  2.617	     --
[component_container-11] 	  5.840	  Magnt	     --	     --	     --	 -1.501
[component_container-11] 
[component_container-11] 	  5.870	   Pose	 -1.934	 -1.892	  2.654	 -1.557
[component_container-11] 	  5.870	  Twist	  0.079	  0.088	  0.483	 -0.281
[component_container-11] 	  5.870	ErrPose	 -0.097	 -0.241	  0.015	  0.009
[component_container-11] 	  5.870	ErrTwis	 -0.024	 -0.085	  0.024	  0.001
[component_container-11] 	  5.870	    GPS	 -1.889	 -2.031	  2.492	     --
[component_container-11] 	  5.870	   Baro	     --	     --	  3.862	     --
[component_container-11] 	  5.870	  BBias	     --	     --	  1.075	     --
[component_container-11] 	  5.870	  Sonar	     --	     --	  2.617	     --
[component_container-11] 	  5.870	  Magnt	     --	     --	     --	 -1.546
[component_container-11] 
[component_container-11] 	  5.900	   Pose	 -1.931	 -1.890	  2.674	 -1.565
[component_container-11] 	  5.900	  Twist	  0.081	  0.089	  0.494	 -0.291
[component_container-11] 	  5.900	ErrPose	 -0.100	 -0.246	  0.015	  0.006
[component_container-11] 	  5.900	ErrTwis	 -0.024	 -0.089	  0.013	  0.011
[component_container-11] 	  5.900	    GPS	 -1.889	 -2.031	  2.492	     --
[component_container-11] 	  5.900	   Baro	     --	     --	  3.862	     --
[component_container-11] 	  5.900	  BBias	     --	     --	  1.074	     --
[component_container-11] 	  5.900	  Sonar	     --	     --	  2.680	     --
[component_container-11] 	  5.900	  Magnt	     --	     --	     --	 -1.546
[component_container-11] 
[component_container-11] 	  5.940	   Pose	 -1.928	 -1.886	  2.700	 -1.576
[component_container-11] 	  5.940	  Twist	  0.083	  0.092	  0.507	 -0.286
[component_container-11] 	  5.940	ErrPose	 -0.103	 -0.252	  0.010	  0.006
[component_container-11] 	  5.940	ErrTwis	 -0.027	 -0.094	  0.001	  0.006
[component_container-11] 	  5.940	    GPS	 -1.889	 -2.031	  2.492	     --
[component_container-11] 	  5.940	   Baro	     --	     --	  3.916	     --
[component_container-11] 	  5.940	  BBias	     --	     --	  1.076	     --
[component_container-11] 	  5.940	  Sonar	     --	     --	  2.707	     --
[component_container-11] 	  5.940	  Magnt	     --	     --	     --	 -1.549
[component_container-11] 
[component_container-11] 	  5.970	   Pose	 -1.926	 -1.883	  2.710	 -1.584
[component_container-11] 	  5.970	  Twist	  0.084	  0.093	  0.493	 -0.284
[component_container-11] 	  5.970	ErrPose	 -0.106	 -0.256	  0.010	  0.008
[component_container-11] 	  5.970	ErrTwis	 -0.027	 -0.097	  0.014	  0.004
[component_container-11] 	  5.970	    GPS	 -1.889	 -2.031	  2.492	     --
[component_container-11] 	  5.970	   Baro	     --	     --	  3.684	     --
[component_container-11] 	  5.970	  BBias	     --	     --	  1.075	     --
[component_container-11] 	  5.970	  Sonar	     --	     --	  2.695	     --
[component_container-11] 	  5.970	  Magnt	     --	     --	     --	 -1.557
[component_container-11] 
[component_container-11] [INFO] [1775368630.092688565] [drone.controller]: cmd_vel body=(0.060, -0.038, 0.500) yaw=-0.300 | odom_received=true | plan_points=24
[component_container-11] 	  6.000	   Pose	 -1.923	 -1.880	  2.725	 -1.593
[component_container-11] 	  6.000	  Twist	  0.085	  0.095	  0.491	 -0.292
[component_container-11] 	  6.000	ErrPose	 -0.109	 -0.261	  0.015	  0.006
[component_container-11] 	  6.000	ErrTwis	 -0.028	 -0.101	  0.016	  0.013
[component_container-11] 	  6.000	    GPS	 -1.889	 -2.031	  2.492	     --
[component_container-11] 	  6.000	   Baro	     --	     --	  3.684	     --
[component_container-11] 	  6.000	  BBias	     --	     --	  1.075	     --
[component_container-11] 	  6.000	  Sonar	     --	     --	  2.695	     --
[component_container-11] 	  6.000	  Magnt	     --	     --	     --	 -1.557
[component_container-11] 
[component_container-11] [INFO] [1775368630.093052794] [drone.estimator]: TMP LOG err_xyz=(-0.109, -0.261, 0.015) | z_est=2.725 vz_est=0.491 bias=1.075 | gps_z=2.492 sonar=2.695 baro=3.684
[component_container-11] [INFO] [1775368630.097985220] [drone.estimator]: TMP LOG gps innov_xy=(-0.025, -0.268) est_xy=(-1.922, -1.880) gps_xy=(-1.947, -2.147) corr_xy=(-1.947, -2.147) vel_xy=(0.086, 0.096)
[component_container-11] [INFO] [1775368630.098426985] [drone.estimator]: TMP LOG gps vel pseudo raw=(-0.116, -0.233) filt=(-0.086, -0.229) innov_v=(-0.169, -0.290) apply=(1,1)
[component_container-11] 	  6.040	   Pose	 -1.951	 -1.999	  2.739	 -1.604
[component_container-11] 	  6.040	  Twist	  0.057	  0.015	  0.475	 -0.275
[component_container-11] 	  6.040	ErrPose	 -0.082	 -0.144	  0.022	  0.005
[component_container-11] 	  6.040	ErrTwis	  0.001	 -0.022	  0.033	 -0.004
[component_container-11] 	  6.040	    GPS	 -1.947	 -2.147	  2.745	     --
[component_container-11] 	  6.040	   Baro	     --	     --	  3.770	     --
[component_container-11] 	  6.040	  BBias	     --	     --	  1.075	     --
[component_container-11] 	  6.040	  Sonar	     --	     --	  2.713	     --
[component_container-11] 	  6.040	  Magnt	     --	     --	     --	 -1.566
[component_container-11] 
[component_container-11] 	  6.070	   Pose	 -1.949	 -1.999	  2.754	 -1.611
[component_container-11] 	  6.070	  Twist	  0.058	  0.017	  0.474	 -0.299
[component_container-11] 	  6.070	ErrPose	 -0.084	 -0.146	  0.017	  0.007
[component_container-11] 	  6.070	ErrTwis	  0.000	 -0.025	  0.033	  0.020
[component_container-11] 	  6.070	    GPS	 -1.947	 -2.147	  2.745	     --
[component_container-11] 	  6.070	   Baro	     --	     --	  3.900	     --
[component_container-11] 	  6.070	  BBias	     --	     --	  1.076	     --
[component_container-11] 	  6.070	  Sonar	     --	     --	  2.713	     --
[component_container-11] 	  6.070	  Magnt	     --	     --	     --	 -1.543
[component_container-11] 
[component_container-11] 	  6.100	   Pose	 -1.948	 -1.998	  2.762	 -1.619
[component_container-11] 	  6.100	  Twist	  0.059	  0.019	  0.458	 -0.273
[component_container-11] 	  6.100	ErrPose	 -0.086	 -0.149	  0.029	  0.004
[component_container-11] 	  6.100	ErrTwis	 -0.001	 -0.029	  0.050	 -0.007
[component_container-11] 	  6.100	    GPS	 -1.947	 -2.147	  2.745	     --
[component_container-11] 	  6.100	   Baro	     --	     --	  3.900	     --
[component_container-11] 	  6.100	  BBias	     --	     --	  1.076	     --
[component_container-11] 	  6.100	  Sonar	     --	     --	  2.742	     --
[component_container-11] 	  6.100	  Magnt	     --	     --	     --	 -1.543
[component_container-11] 
[component_container-11] 	  6.140	   Pose	 -1.945	 -1.997	  2.789	 -1.631
[component_container-11] 	  6.140	  Twist	  0.061	  0.022	  0.475	 -0.275
[component_container-11] 	  6.140	ErrPose	 -0.089	 -0.152	  0.023	  0.004
[component_container-11] 	  6.140	ErrTwis	 -0.003	 -0.033	  0.032	 -0.005
[component_container-11] 	  6.140	    GPS	 -1.947	 -2.147	  2.745	     --
[component_container-11] 	  6.140	   Baro	     --	     --	  3.781	     --
[component_container-11] 	  6.140	  BBias	     --	     --	  1.075	     --
[component_container-11] 	  6.140	  Sonar	     --	     --	  2.814	     --
[component_container-11] 	  6.140	  Magnt	     --	     --	     --	 -1.607
[component_container-11] 
[component_container-11] 	  6.170	   Pose	 -1.943	 -1.997	  2.803	 -1.639
[component_container-11] 	  6.170	  Twist	  0.063	  0.024	  0.475	 -0.283
[component_container-11] 	  6.170	ErrPose	 -0.091	 -0.154	  0.018	  0.008
[component_container-11] 	  6.170	ErrTwis	 -0.004	 -0.036	  0.033	  0.003
[component_container-11] 	  6.170	    GPS	 -1.947	 -2.147	  2.745	     --
[component_container-11] 	  6.170	   Baro	     --	     --	  3.929	     --
[component_container-11] 	  6.170	  BBias	     --	     --	  1.075	     --
[component_container-11] 	  6.170	  Sonar	     --	     --	  2.814	     --
[component_container-11] 	  6.170	  Magnt	     --	     --	     --	 -1.661
[component_container-11] 
[component_container-11] 	  6.200	   Pose	 -1.941	 -1.996	  2.832	 -1.648
[component_container-11] 	  6.200	  Twist	  0.064	  0.026	  0.507	 -0.276
[component_container-11] 	  6.200	ErrPose	 -0.094	 -0.157	  0.010	  0.005
[component_container-11] 	  6.200	ErrTwis	 -0.004	 -0.040	  0.001	 -0.003
[component_container-11] 	  6.200	    GPS	 -1.947	 -2.147	  2.745	     --
[component_container-11] 	  6.200	   Baro	     --	     --	  3.929	     --
[component_container-11] 	  6.200	  BBias	     --	     --	  1.075	     --
[component_container-11] 	  6.200	  Sonar	     --	     --	  2.874	     --
[component_container-11] 	  6.200	  Magnt	     --	     --	     --	 -1.661
[component_container-11] 
[component_container-11] 	  6.240	   Pose	 -1.939	 -1.995	  2.854	 -1.660
[component_container-11] 	  6.240	  Twist	  0.067	  0.028	  0.510	 -0.279
[component_container-11] 	  6.240	ErrPose	 -0.098	 -0.161	  0.008	  0.006
[component_container-11] 	  6.240	ErrTwis	 -0.007	 -0.044	 -0.002	 -0.001
[component_container-11] 	  6.240	    GPS	 -1.947	 -2.147	  2.745	     --
[component_container-11] 	  6.240	   Baro	     --	     --	  3.923	     --
[component_container-11] 	  6.240	  BBias	     --	     --	  1.075	     --
[component_container-11] 	  6.240	  Sonar	     --	     --	  2.851	     --
[component_container-11] 	  6.240	  Magnt	     --	     --	     --	 -1.662
[component_container-11] 
[component_container-11] 	  6.270	   Pose	 -1.937	 -1.994	  2.870	 -1.669
[component_container-11] 	  6.270	  Twist	  0.068	  0.030	  0.509	 -0.288
[component_container-11] 	  6.270	ErrPose	 -0.100	 -0.163	  0.003	  0.009
[component_container-11] 	  6.270	ErrTwis	 -0.008	 -0.046	 -0.002	  0.009
[component_container-11] 	  6.270	    GPS	 -1.947	 -2.147	  2.745	     --
[component_container-11] 	  6.270	   Baro	     --	     --	  3.956	     --
[component_container-11] 	  6.270	  BBias	     --	     --	  1.075	     --
[component_container-11] 	  6.270	  Sonar	     --	     --	  2.851	     --
[component_container-11] 	  6.270	  Magnt	     --	     --	     --	 -1.682
[component_container-11] 
[component_container-11] 	  6.300	   Pose	 -1.935	 -1.993	  2.886	 -1.677
[component_container-11] 	  6.300	  Twist	  0.070	  0.032	  0.510	 -0.287
[component_container-11] 	  6.300	ErrPose	 -0.103	 -0.166	  0.007	  0.006
[component_container-11] 	  6.300	ErrTwis	 -0.010	 -0.049	 -0.002	  0.007
[component_container-11] 	  6.300	    GPS	 -1.947	 -2.147	  2.745	     --
[component_container-11] 	  6.300	   Baro	     --	     --	  3.956	     --
[component_container-11] 	  6.300	  BBias	     --	     --	  1.075	     --
[component_container-11] 	  6.300	  Sonar	     --	     --	  2.874	     --
[component_container-11] 	  6.300	  Magnt	     --	     --	     --	 -1.682
[component_container-11] 
[component_container-11] 	  6.340	   Pose	 -1.932	 -1.992	  2.915	 -1.689
[component_container-11] 	  6.340	  Twist	  0.072	  0.034	  0.528	 -0.272
[component_container-11] 	  6.340	ErrPose	 -0.107	 -0.170	 -0.002	  0.007
[component_container-11] 	  6.340	ErrTwis	 -0.012	 -0.051	 -0.020	 -0.008
[component_container-11] 	  6.340	    GPS	 -1.947	 -2.147	  2.745	     --
[component_container-11] 	  6.340	   Baro	     --	     --	  3.956	     --
[component_container-11] 	  6.340	  BBias	     --	     --	  1.075	     --
[component_container-11] 	  6.340	  Sonar	     --	     --	  2.937	     --
[component_container-11] 	  6.340	  Magnt	     --	     --	     --	 -1.710
[component_container-11] 
[component_container-11] 	  6.370	   Pose	 -1.930	 -1.991	  2.930	 -1.697
[component_container-11] 	  6.370	  Twist	  0.073	  0.036	  0.525	 -0.267
[component_container-11] 	  6.370	ErrPose	 -0.110	 -0.172	 -0.007	  0.009
[component_container-11] 	  6.370	ErrTwis	 -0.012	 -0.053	 -0.017	 -0.013
[component_container-11] 	  6.370	    GPS	 -1.947	 -2.147	  2.745	     --
[component_container-11] 	  6.370	   Baro	     --	     --	  3.903	     --
[component_container-11] 	  6.370	  BBias	     --	     --	  1.074	     --
[component_container-11] 	  6.370	  Sonar	     --	     --	  2.937	     --
[component_container-11] 	  6.370	  Magnt	     --	     --	     --	 -1.647
[component_container-11] 
[component_container-11] 	  6.400	   Pose	 -1.927	 -1.990	  2.949	 -1.705
[component_container-11] 	  6.400	  Twist	  0.074	  0.038	  0.529	 -0.275
[component_container-11] 	  6.400	ErrPose	 -0.113	 -0.175	 -0.005	  0.006
[component_container-11] 	  6.400	ErrTwis	 -0.014	 -0.056	 -0.022	 -0.004
[component_container-11] 	  6.400	    GPS	 -1.947	 -2.147	  2.745	     --
[component_container-11] 	  6.400	   Baro	     --	     --	  3.903	     --
[component_container-11] 	  6.400	  BBias	     --	     --	  1.074	     --
[component_container-11] 	  6.400	  Sonar	     --	     --	  2.943	     --
[component_container-11] 	  6.400	  Magnt	     --	     --	     --	 -1.647
[component_container-11] 
[component_container-11] 	  6.440	   Pose	 -1.924	 -1.988	  2.969	 -1.716
[component_container-11] 	  6.440	  Twist	  0.075	  0.040	  0.525	 -0.276
[component_container-11] 	  6.440	ErrPose	 -0.117	 -0.179	 -0.005	  0.005
[component_container-11] 	  6.440	ErrTwis	 -0.016	 -0.058	 -0.017	 -0.004
[component_container-11] 	  6.440	    GPS	 -1.947	 -2.147	  2.745	     --
[component_container-11] 	  6.440	   Baro	     --	     --	  3.981	     --
[component_container-11] 	  6.440	  BBias	     --	     --	  1.074	     --
[component_container-11] 	  6.440	  Sonar	     --	     --	  2.956	     --
[component_container-11] 	  6.440	  Magnt	     --	     --	     --	 -1.675
[component_container-11] 
[component_container-11] 	  6.470	   Pose	 -1.922	 -1.987	  2.989	 -1.724
[component_container-11] 	  6.470	  Twist	  0.077	  0.042	  0.534	 -0.299
[component_container-11] 	  6.470	ErrPose	 -0.120	 -0.181	 -0.015	  0.008
[component_container-11] 	  6.470	ErrTwis	 -0.017	 -0.060	 -0.026	  0.019
[component_container-11] 	  6.470	    GPS	 -1.947	 -2.147	  2.745	     --
[component_container-11] 	  6.470	   Baro	     --	     --	  3.976	     --
[component_container-11] 	  6.470	  BBias	     --	     --	  1.073	     --
[component_container-11] 	  6.470	  Sonar	     --	     --	  3.007	     --
[component_container-11] 	  6.470	  Magnt	     --	     --	     --	 -1.698
[component_container-11] 
[component_container-11] 	  6.500	   Pose	 -1.920	 -1.985	  3.005	 -1.732
[component_container-11] 	  6.500	  Twist	  0.079	  0.043	  0.533	 -0.280
[component_container-11] 	  6.500	ErrPose	 -0.123	 -0.185	 -0.011	  0.005
[component_container-11] 	  6.500	ErrTwis	 -0.020	 -0.062	 -0.025	 -0.000
[component_container-11] 	  6.500	    GPS	 -1.947	 -2.147	  2.745	     --
[component_container-11] 	  6.500	   Baro	     --	     --	  3.976	     --
[component_container-11] 	  6.500	  BBias	     --	     --	  1.073	     --
[component_container-11] 	  6.500	  Sonar	     --	     --	  3.007	     --
[component_container-11] 	  6.500	  Magnt	     --	     --	     --	 -1.698
[component_container-11] 
[component_container-11] 	  6.540	   Pose	 -1.898	 -1.954	  3.026	 -1.743
[component_container-11] 	  6.540	  Twist	  0.093	  0.079	  0.529	 -0.267
[component_container-11] 	  6.540	ErrPose	 -0.147	 -0.218	 -0.011	  0.005
[component_container-11] 	  6.540	ErrTwis	 -0.034	 -0.099	 -0.022	 -0.013
[component_container-11] 	  6.540	    GPS	 -1.875	 -1.990	  2.999	     --
[component_container-11] 	  6.540	   Baro	     --	     --	  4.144	     --
[component_container-11] 	  6.540	  BBias	     --	     --	  1.073	     --
[component_container-11] 	  6.540	  Sonar	     --	     --	  3.018	     --
[component_container-11] 	  6.540	  Magnt	     --	     --	     --	 -1.704
[component_container-11] 
[component_container-11] 	  6.570	   Pose	 -1.895	 -1.952	  3.042	 -1.752
[component_container-11] 	  6.570	  Twist	  0.095	  0.081	  0.529	 -0.268
[component_container-11] 	  6.570	ErrPose	 -0.150	 -0.221	 -0.017	  0.008
[component_container-11] 	  6.570	ErrTwis	 -0.037	 -0.101	 -0.021	 -0.012
[component_container-11] 	  6.570	    GPS	 -1.875	 -1.990	  2.999	     --
[component_container-11] 	  6.570	   Baro	     --	     --	  4.135	     --
[component_container-11] 	  6.570	  BBias	     --	     --	  1.074	     --
[component_container-11] 	  6.570	  Sonar	     --	     --	  3.018	     --
[component_container-11] 	  6.570	  Magnt	     --	     --	     --	 -1.756
[component_container-11] 
[component_container-11] 	  6.600	   Pose	 -1.892	 -1.950	  3.056	 -1.760
[component_container-11] 	  6.600	  Twist	  0.097	  0.083	  0.523	 -0.277
[component_container-11] 	  6.600	ErrPose	 -0.154	 -0.226	 -0.011	  0.005
[component_container-11] 	  6.600	ErrTwis	 -0.039	 -0.103	 -0.016	 -0.003
[component_container-11] 	  6.600	    GPS	 -1.875	 -1.990	  2.999	     --
[component_container-11] 	  6.600	   Baro	     --	     --	  4.135	     --
[component_container-11] 	  6.600	  BBias	     --	     --	  1.074	     --
[component_container-11] 	  6.600	  Sonar	     --	     --	  3.034	     --
[component_container-11] 	  6.600	  Magnt	     --	     --	     --	 -1.756
[component_container-11] 
[component_container-11] 	  6.640	   Pose	 -1.888	 -1.946	  3.064	 -1.772
[component_container-11] 	  6.640	  Twist	  0.099	  0.086	  0.491	 -0.301
[component_container-11] 	  6.640	ErrPose	 -0.160	 -0.231	  0.001	  0.005
[component_container-11] 	  6.640	ErrTwis	 -0.042	 -0.107	  0.017	  0.021
[component_container-11] 	  6.640	    GPS	 -1.875	 -1.990	  2.999	     --
[component_container-11] 	  6.640	   Baro	     --	     --	  3.958	     --
[component_container-11] 	  6.640	  BBias	     --	     --	  1.073	     --
[component_container-11] 	  6.640	  Sonar	     --	     --	  3.018	     --
[component_container-11] 	  6.640	  Magnt	     --	     --	     --	 -1.763
[component_container-11] 
[component_container-11] 	  6.670	   Pose	 -1.885	 -1.944	  3.080	 -1.780
[component_container-11] 	  6.670	  Twist	  0.100	  0.087	  0.492	 -0.256
[component_container-11] 	  6.670	ErrPose	 -0.163	 -0.235	 -0.004	  0.009
[component_container-11] 	  6.670	ErrTwis	 -0.043	 -0.109	  0.016	 -0.024
[component_container-11] 	  6.670	    GPS	 -1.875	 -1.990	  2.999	     --
[component_container-11] 	  6.670	   Baro	     --	     --	  4.235	     --
[component_container-11] 	  6.670	  BBias	     --	     --	  1.074	     --
[component_container-11] 	  6.670	  Sonar	     --	     --	  3.018	     --
[component_container-11] 	  6.670	  Magnt	     --	     --	     --	 -1.811
[component_container-11] 
[component_container-11] 	  6.700	   Pose	 -1.882	 -1.941	  3.091	 -1.789
[component_container-11] 	  6.700	  Twist	  0.102	  0.089	  0.483	 -0.283
[component_container-11] 	  6.700	ErrPose	 -0.168	 -0.239	  0.004	  0.006
[component_container-11] 	  6.700	ErrTwis	 -0.046	 -0.111	  0.025	  0.003
[component_container-11] 	  6.700	    GPS	 -1.875	 -1.990	  2.999	     --
[component_container-11] 	  6.700	   Baro	     --	     --	  4.235	     --
[component_container-11] 	  6.700	  BBias	     --	     --	  1.074	     --
[component_container-11] 	  6.700	  Sonar	     --	     --	  3.067	     --
[component_container-11] 	  6.700	  Magnt	     --	     --	     --	 -1.811
[component_container-11] 
[component_container-11] 	  6.740	   Pose	 -1.878	 -1.937	  3.110	 -1.800
[component_container-11] 	  6.740	  Twist	  0.104	  0.092	  0.479	 -0.279
[component_container-11] 	  6.740	ErrPose	 -0.173	 -0.245	  0.006	  0.006
[component_container-11] 	  6.740	ErrTwis	 -0.048	 -0.115	  0.029	 -0.001
[component_container-11] 	  6.740	    GPS	 -1.875	 -1.990	  2.999	     --
[component_container-11] 	  6.740	   Baro	     --	     --	  4.051	     --
[component_container-11] 	  6.740	  BBias	     --	     --	  1.073	     --
[component_container-11] 	  6.740	  Sonar	     --	     --	  3.104	     --
[component_container-11] 	  6.740	  Magnt	     --	     --	     --	 -1.786
[component_container-11] 
[component_container-11] 	  6.770	   Pose	 -1.875	 -1.935	  3.124	 -1.809
[component_container-11] 	  6.770	  Twist	  0.106	  0.093	  0.478	 -0.279
[component_container-11] 	  6.770	ErrPose	 -0.177	 -0.248	  0.002	  0.009
[component_container-11] 	  6.770	ErrTwis	 -0.050	 -0.116	  0.030	 -0.001
[component_container-11] 	  6.770	    GPS	 -1.875	 -1.990	  2.999	     --
[component_container-11] 	  6.770	   Baro	     --	     --	  4.172	     --
[component_container-11] 	  6.770	  BBias	     --	     --	  1.073	     --
[component_container-11] 	  6.770	  Sonar	     --	     --	  3.104	     --
[component_container-11] 	  6.770	  Magnt	     --	     --	     --	 -1.806
[component_container-11] 
[component_container-11] 	  6.800	   Pose	 -1.872	 -1.932	  3.142	 -1.817
[component_container-11] 	  6.800	  Twist	  0.108	  0.094	  0.486	 -0.276
[component_container-11] 	  6.800	ErrPose	 -0.182	 -0.253	  0.004	  0.006
[component_container-11] 	  6.800	ErrTwis	 -0.053	 -0.119	  0.022	 -0.004
[component_container-11] 	  6.800	    GPS	 -1.875	 -1.990	  2.999	     --
[component_container-11] 	  6.800	   Baro	     --	     --	  4.172	     --
[component_container-11] 	  6.800	  BBias	     --	     --	  1.073	     --
[component_container-11] 	  6.800	  Sonar	     --	     --	  3.142	     --
[component_container-11] 	  6.800	  Magnt	     --	     --	     --	 -1.806
[component_container-11] 
[component_container-11] 	  6.840	   Pose	 -1.867	 -1.928	  3.160	 -1.829
[component_container-11] 	  6.840	  Twist	  0.111	  0.095	  0.479	 -0.274
[component_container-11] 	  6.840	ErrPose	 -0.188	 -0.259	  0.007	  0.007
[component_container-11] 	  6.840	ErrTwis	 -0.057	 -0.121	  0.029	 -0.006
[component_container-11] 	  6.840	    GPS	 -1.875	 -1.990	  2.999	     --
[component_container-11] 	  6.840	   Baro	     --	     --	  4.182	     --
[component_container-11] 	  6.840	  BBias	     --	     --	  1.072	     --
[component_container-11] 	  6.840	  Sonar	     --	     --	  3.149	     --
[component_container-11] 	  6.840	  Magnt	     --	     --	     --	 -1.838
[component_container-11] 
[component_container-11] 	  6.870	   Pose	 -1.864	 -1.925	  3.174	 -1.837
[component_container-11] 	  6.870	  Twist	  0.113	  0.096	  0.478	 -0.287
[component_container-11] 	  6.870	ErrPose	 -0.192	 -0.262	  0.003	  0.009
[component_container-11] 	  6.870	ErrTwis	 -0.059	 -0.123	  0.030	  0.007
[component_container-11] 	  6.870	    GPS	 -1.875	 -1.990	  2.999	     --
[component_container-11] 	  6.870	   Baro	     --	     --	  4.271	     --
[component_container-11] 	  6.870	  BBias	     --	     --	  1.073	     --
[component_container-11] 	  6.870	  Sonar	     --	     --	  3.149	     --
[component_container-11] 	  6.870	  Magnt	     --	     --	     --	 -1.818
[component_container-11] 
[component_container-11] 	  6.900	   Pose	 -1.861	 -1.922	  3.185	 -1.845
[component_container-11] 	  6.900	  Twist	  0.115	  0.097	  0.467	 -0.285
[component_container-11] 	  6.900	ErrPose	 -0.198	 -0.267	  0.013	  0.006
[component_container-11] 	  6.900	ErrTwis	 -0.061	 -0.126	  0.041	  0.005
[component_container-11] 	  6.900	    GPS	 -1.875	 -1.990	  2.999	     --
[component_container-11] 	  6.900	   Baro	     --	     --	  4.271	     --
[component_container-11] 	  6.900	  BBias	     --	     --	  1.073	     --
[component_container-11] 	  6.900	  Sonar	     --	     --	  3.156	     --
[component_container-11] 	  6.900	  Magnt	     --	     --	     --	 -1.818
[component_container-11] 
[component_container-11] 	  6.940	   Pose	 -1.856	 -1.918	  3.206	 -1.856
[component_container-11] 	  6.940	  Twist	  0.118	  0.099	  0.472	 -0.286
[component_container-11] 	  6.940	ErrPose	 -0.204	 -0.273	  0.012	  0.006
[component_container-11] 	  6.940	ErrTwis	 -0.064	 -0.129	  0.037	  0.006
[component_container-11] 	  6.940	    GPS	 -1.875	 -1.990	  2.999	     --
[component_container-11] 	  6.940	   Baro	     --	     --	  4.277	     --
[component_container-11] 	  6.940	  BBias	     --	     --	  1.073	     --
[component_container-11] 	  6.940	  Sonar	     --	     --	  3.207	     --
[component_container-11] 	  6.940	  Magnt	     --	     --	     --	 -1.826
[component_container-11] 
[component_container-11] 	  6.970	   Pose	 -1.852	 -1.915	  3.213	 -1.864
[component_container-11] 	  6.970	  Twist	  0.119	  0.100	  0.453	 -0.279
[component_container-11] 	  6.970	ErrPose	 -0.209	 -0.276	  0.014	  0.009
[component_container-11] 	  6.970	ErrTwis	 -0.066	 -0.131	  0.055	 -0.001
[component_container-11] 	  6.970	    GPS	 -1.875	 -1.990	  2.999	     --
[component_container-11] 	  6.970	   Baro	     --	     --	  4.197	     --
[component_container-11] 	  6.970	  BBias	     --	     --	  1.072	     --
[component_container-11] 	  6.970	  Sonar	     --	     --	  3.190	     --
[component_container-11] 	  6.970	  Magnt	     --	     --	     --	 -1.860
[component_container-11] 
[component_container-11] [INFO] [1775368631.097338359] [drone.controller]: cmd_vel body=(0.079, -0.073, 0.500) yaw=-0.300 | odom_received=true | plan_points=19
[component_container-11] 	  7.000	   Pose	 -1.849	 -1.912	  3.227	 -1.872
[component_container-11] 	  7.000	  Twist	  0.121	  0.102	  0.451	 -0.266
[component_container-11] 	  7.000	ErrPose	 -0.214	 -0.281	  0.021	  0.006
[component_container-11] 	  7.000	ErrTwis	 -0.069	 -0.134	  0.057	 -0.014
[component_container-11] 	  7.000	    GPS	 -1.875	 -1.990	  2.999	     --
[component_container-11] 	  7.000	   Baro	     --	     --	  4.197	     --
[component_container-11] 	  7.000	  BBias	     --	     --	  1.072	     --
[component_container-11] 	  7.000	  Sonar	     --	     --	  3.190	     --
[component_container-11] 	  7.000	  Magnt	     --	     --	     --	 -1.860
[component_container-11] 
[component_container-11] [INFO] [1775368631.097592076] [drone.estimator]: TMP LOG err_xyz=(-0.214, -0.281, 0.021) | z_est=3.227 vz_est=0.451 bias=1.072 | gps_z=2.999 sonar=3.190 baro=4.197
[component_container-11] [INFO] [1775368631.100450001] [drone.estimator]: TMP LOG gps innov_xy=(-0.149, -0.210) est_xy=(-1.848, -1.911) gps_xy=(-1.997, -2.121) corr_xy=(-1.997, -2.121) vel_xy=(0.122, 0.102)
[component_container-11] [INFO] [1775368631.100553440] [drone.estimator]: TMP LOG gps vel pseudo raw=(-0.244, -0.261) filt=(-0.208, -0.209) innov_v=(-0.310, -0.283) apply=(1,1)
[component_container-11] 	  7.040	   Pose	 -1.933	 -2.012	  3.251	 -1.884
[component_container-11] 	  7.040	  Twist	  0.054	  0.030	  0.464	 -0.280
[component_container-11] 	  7.040	ErrPose	 -0.132	 -0.183	  0.017	  0.006
[component_container-11] 	  7.040	ErrTwis	 -0.001	 -0.064	  0.044	  0.000
[component_container-11] 	  7.040	    GPS	 -1.997	 -2.121	  3.253	     --
[component_container-11] 	  7.040	   Baro	     --	     --	  4.290	     --
[component_container-11] 	  7.040	  BBias	     --	     --	  1.072	     --
[component_container-11] 	  7.040	  Sonar	     --	     --	  3.269	     --
[component_container-11] 	  7.040	  Magnt	     --	     --	     --	 -1.891
[component_container-11] 
[component_container-11] 	  7.070	   Pose	 -1.932	 -2.011	  3.266	 -1.891
[component_container-11] 	  7.070	  Twist	  0.056	  0.031	  0.464	 -0.266
[component_container-11] 	  7.070	ErrPose	 -0.135	 -0.184	  0.013	  0.008
[component_container-11] 	  7.070	ErrTwis	 -0.003	 -0.066	  0.044	 -0.014
[component_container-11] 	  7.070	    GPS	 -1.997	 -2.121	  3.253	     --
[component_container-11] 	  7.070	   Baro	     --	     --	  4.277	     --
[component_container-11] 	  7.070	  BBias	     --	     --	  1.072	     --
[component_container-11] 	  7.070	  Sonar	     --	     --	  3.268	     --
[component_container-11] 	  7.070	  Magnt	     --	     --	     --	 -1.857
[component_container-11] 
[component_container-11] 	  7.100	   Pose	 -1.930	 -2.010	  3.280	 -1.900
[component_container-11] 	  7.100	  Twist	  0.059	  0.032	  0.463	 -0.279
[component_container-11] 	  7.100	ErrPose	 -0.139	 -0.187	  0.019	  0.005
[component_container-11] 	  7.100	ErrTwis	 -0.006	 -0.069	  0.046	 -0.001
[component_container-11] 	  7.100	    GPS	 -1.997	 -2.121	  3.253	     --
[component_container-11] 	  7.100	   Baro	     --	     --	  4.277	     --
[component_container-11] 	  7.100	  BBias	     --	     --	  1.072	     --
[component_container-11] 	  7.100	  Sonar	     --	     --	  3.268	     --
[component_container-11] 	  7.100	  Magnt	     --	     --	     --	 -1.857
[component_container-11] 
[component_container-11] 	  7.140	   Pose	 -1.928	 -2.009	  3.303	 -1.912
[component_container-11] 	  7.140	  Twist	  0.061	  0.034	  0.471	 -0.272
[component_container-11] 	  7.140	ErrPose	 -0.143	 -0.190	  0.016	  0.006
[component_container-11] 	  7.140	ErrTwis	 -0.008	 -0.072	  0.037	 -0.008
[component_container-11] 	  7.140	    GPS	 -1.997	 -2.121	  3.253	     --
[component_container-11] 	  7.140	   Baro	     --	     --	  4.454	     --
[component_container-11] 	  7.140	  BBias	     --	     --	  1.072	     --
[component_container-11] 	  7.140	  Sonar	     --	     --	  3.310	     --
[component_container-11] 	  7.140	  Magnt	     --	     --	     --	 -1.933
[component_container-11] 
[component_container-11] 	  7.170	   Pose	 -1.926	 -2.008	  3.319	 -1.920
[component_container-11] 	  7.170	  Twist	  0.063	  0.035	  0.473	 -0.289
[component_container-11] 	  7.170	ErrPose	 -0.146	 -0.191	  0.011	  0.009
[component_container-11] 	  7.170	ErrTwis	 -0.010	 -0.075	  0.035	  0.010
[component_container-11] 	  7.170	    GPS	 -1.997	 -2.121	  3.253	     --
[component_container-11] 	  7.170	   Baro	     --	     --	  4.409	     --
[component_container-11] 	  7.170	  BBias	     --	     --	  1.072	     --
[component_container-11] 	  7.170	  Sonar	     --	     --	  3.323	     --
[component_container-11] 	  7.170	  Magnt	     --	     --	     --	 -1.894
[component_container-11] 
[component_container-11] 	  7.200	   Pose	 -1.924	 -2.007	  3.333	 -1.929
[component_container-11] 	  7.200	  Twist	  0.065	  0.037	  0.472	 -0.298
[component_container-11] 	  7.200	ErrPose	 -0.151	 -0.194	  0.017	  0.006
[component_container-11] 	  7.200	ErrTwis	 -0.011	 -0.078	  0.037	  0.018
[component_container-11] 	  7.200	    GPS	 -1.997	 -2.121	  3.253	     --
[component_container-11] 	  7.200	   Baro	     --	     --	  4.409	     --
[component_container-11] 	  7.200	  BBias	     --	     --	  1.072	     --
[component_container-11] 	  7.200	  Sonar	     --	     --	  3.323	     --
[component_container-11] 	  7.200	  Magnt	     --	     --	     --	 -1.894
[component_container-11] 
[component_container-11] 	  7.240	   Pose	 -1.921	 -2.005	  3.354	 -1.940
[component_container-11] 	  7.240	  Twist	  0.067	  0.039	  0.476	 -0.271
[component_container-11] 	  7.240	ErrPose	 -0.156	 -0.197	  0.016	  0.006
[component_container-11] 	  7.240	ErrTwis	 -0.014	 -0.082	  0.033	 -0.009
[component_container-11] 	  7.240	    GPS	 -1.997	 -2.121	  3.253	     --
[component_container-11] 	  7.240	   Baro	     --	     --	  4.428	     --
[component_container-11] 	  7.240	  BBias	     --	     --	  1.072	     --
[component_container-11] 	  7.240	  Sonar	     --	     --	  3.352	     --
[component_container-11] 	  7.240	  Magnt	     --	     --	     --	 -1.907
[component_container-11] 
[component_container-11] 	  7.270	   Pose	 -1.919	 -2.004	  3.371	 -1.948
[component_container-11] 	  7.270	  Twist	  0.069	  0.040	  0.480	 -0.287
[component_container-11] 	  7.270	ErrPose	 -0.159	 -0.198	  0.010	  0.008
[component_container-11] 	  7.270	ErrTwis	 -0.017	 -0.083	  0.029	  0.007
[component_container-11] 	  7.270	    GPS	 -1.997	 -2.121	  3.253	     --
[component_container-11] 	  7.270	   Baro	     --	     --	  4.345	     --
[component_container-11] 	  7.270	  BBias	     --	     --	  1.072	     --
[component_container-11] 	  7.270	  Sonar	     --	     --	  3.382	     --
[component_container-11] 	  7.270	  Magnt	     --	     --	     --	 -1.933
[component_container-11] 
[component_container-11] 	  7.300	   Pose	 -1.917	 -2.003	  3.385	 -1.957
[component_container-11] 	  7.300	  Twist	  0.072	  0.041	  0.477	 -0.300
[component_container-11] 	  7.300	ErrPose	 -0.164	 -0.201	  0.016	  0.006
[component_container-11] 	  7.300	ErrTwis	 -0.019	 -0.085	  0.032	  0.020
[component_container-11] 	  7.300	    GPS	 -1.997	 -2.121	  3.253	     --
[component_container-11] 	  7.300	   Baro	     --	     --	  4.345	     --
[component_container-11] 	  7.300	  BBias	     --	     --	  1.072	     --
[component_container-11] 	  7.300	  Sonar	     --	     --	  3.382	     --
[component_container-11] 	  7.300	  Magnt	     --	     --	     --	 -1.933
[component_container-11] 
[component_container-11] 	  7.340	   Pose	 -1.914	 -2.001	  3.406	 -1.968
[component_container-11] 	  7.340	  Twist	  0.074	  0.043	  0.480	 -0.275
[component_container-11] 	  7.340	ErrPose	 -0.169	 -0.204	  0.015	  0.006
[component_container-11] 	  7.340	ErrTwis	 -0.021	 -0.087	  0.029	 -0.005
[component_container-11] 	  7.340	    GPS	 -1.997	 -2.121	  3.253	     --
[component_container-11] 	  7.340	   Baro	     --	     --	  4.539	     --
[component_container-11] 	  7.340	  BBias	     --	     --	  1.072	     --
[component_container-11] 	  7.340	  Sonar	     --	     --	  3.403	     --
[component_container-11] 	  7.340	  Magnt	     --	     --	     --	 -1.945
[component_container-11] 
[component_container-11] 	  7.370	   Pose	 -1.912	 -2.000	  3.416	 -1.976
[component_container-11] 	  7.370	  Twist	  0.076	  0.044	  0.468	 -0.286
[component_container-11] 	  7.370	ErrPose	 -0.172	 -0.206	  0.015	  0.008
[component_container-11] 	  7.370	ErrTwis	 -0.023	 -0.088	  0.041	  0.006
[component_container-11] 	  7.370	    GPS	 -1.997	 -2.121	  3.253	     --
[component_container-11] 	  7.370	   Baro	     --	     --	  4.441	     --
[component_container-11] 	  7.370	  BBias	     --	     --	  1.072	     --
[component_container-11] 	  7.370	  Sonar	     --	     --	  3.401	     --
[component_container-11] 	  7.370	  Magnt	     --	     --	     --	 -1.950
[component_container-11] 
[component_container-11] 	  7.400	   Pose	 -1.910	 -1.999	  3.430	 -1.984
[component_container-11] 	  7.400	  Twist	  0.077	  0.046	  0.467	 -0.282
[component_container-11] 	  7.400	ErrPose	 -0.177	 -0.208	  0.021	  0.006
[component_container-11] 	  7.400	ErrTwis	 -0.025	 -0.089	  0.043	  0.002
[component_container-11] 	  7.400	    GPS	 -1.997	 -2.121	  3.253	     --
[component_container-11] 	  7.400	   Baro	     --	     --	  4.441	     --
[component_container-11] 	  7.400	  BBias	     --	     --	  1.072	     --
[component_container-11] 	  7.400	  Sonar	     --	     --	  3.401	     --
[component_container-11] 	  7.400	  Magnt	     --	     --	     --	 -1.950
[component_container-11] 
[component_container-11] 	  7.440	   Pose	 -1.906	 -1.997	  3.461	 -1.995
[component_container-11] 	  7.440	  Twist	  0.079	  0.047	  0.492	 -0.289
[component_container-11] 	  7.440	ErrPose	 -0.183	 -0.211	  0.011	  0.005
[component_container-11] 	  7.440	ErrTwis	 -0.028	 -0.091	  0.018	  0.009
[component_container-11] 	  7.440	    GPS	 -1.997	 -2.121	  3.253	     --
[component_container-11] 	  7.440	   Baro	     --	     --	  4.601	     --
[component_container-11] 	  7.440	  BBias	     --	     --	  1.072	     --
[component_container-11] 	  7.440	  Sonar	     --	     --	  3.492	     --
[component_container-11] 	  7.440	  Magnt	     --	     --	     --	 -1.972
[component_container-11] 
[component_container-11] 	  7.470	   Pose	 -1.904	 -1.995	  3.478	 -2.004
[component_container-11] 	  7.470	  Twist	  0.081	  0.048	  0.494	 -0.270
[component_container-11] 	  7.470	ErrPose	 -0.186	 -0.213	  0.005	  0.008
[component_container-11] 	  7.470	ErrTwis	 -0.030	 -0.091	  0.015	 -0.010
[component_container-11] 	  7.470	    GPS	 -1.997	 -2.121	  3.253	     --
[component_container-11] 	  7.470	   Baro	     --	     --	  4.498	     --
[component_container-11] 	  7.470	  BBias	     --	     --	  1.072	     --
[component_container-11] 	  7.470	  Sonar	     --	     --	  3.485	     --
[component_container-11] 	  7.470	  Magnt	     --	     --	     --	 -2.008
[component_container-11] 
[component_container-11] 	  7.500	   Pose	 -1.902	 -1.994	  3.492	 -2.012
[component_container-11] 	  7.500	  Twist	  0.083	  0.050	  0.492	 -0.284
[component_container-11] 	  7.500	ErrPose	 -0.191	 -0.216	  0.010	  0.006
[component_container-11] 	  7.500	ErrTwis	 -0.032	 -0.093	  0.018	  0.004
[component_container-11] 	  7.500	    GPS	 -1.997	 -2.121	  3.253	     --
[component_container-11] 	  7.500	   Baro	     --	     --	  4.498	     --
[component_container-11] 	  7.500	  BBias	     --	     --	  1.072	     --
[component_container-11] 	  7.500	  Sonar	     --	     --	  3.485	     --
[component_container-11] 	  7.500	  Magnt	     --	     --	     --	 -2.008
[component_container-11] 
[component_container-11] 	  7.540	   Pose	 -1.892	 -2.024	  3.519	 -2.023
[component_container-11] 	  7.540	  Twist	  0.093	  0.037	  0.505	 -0.287
[component_container-11] 	  7.540	ErrPose	 -0.203	 -0.187	  0.004	  0.005
[component_container-11] 	  7.540	ErrTwis	 -0.043	 -0.079	  0.005	  0.007
[component_container-11] 	  7.540	    GPS	 -1.908	 -2.093	  3.508	     --
[component_container-11] 	  7.540	   Baro	     --	     --	  4.467	     --
[component_container-11] 	  7.540	  BBias	     --	     --	  1.071	     --
[component_container-11] 	  7.540	  Sonar	     --	     --	  3.536	     --
[component_container-11] 	  7.540	  Magnt	     --	     --	     --	 -1.992
[component_container-11] 
[component_container-11] 	  7.570	   Pose	 -1.889	 -2.022	  3.535	 -2.031
[component_container-11] 	  7.570	  Twist	  0.095	  0.038	  0.505	 -0.269
[component_container-11] 	  7.570	ErrPose	 -0.207	 -0.189	 -0.001	  0.008
[component_container-11] 	  7.570	ErrTwis	 -0.045	 -0.080	  0.005	 -0.011
[component_container-11] 	  7.570	    GPS	 -1.908	 -2.093	  3.508	     --
[component_container-11] 	  7.570	   Baro	     --	     --	  4.554	     --
[component_container-11] 	  7.570	  BBias	     --	     --	  1.071	     --
[component_container-11] 	  7.570	  Sonar	     --	     --	  3.538	     --
[component_container-11] 	  7.570	  Magnt	     --	     --	     --	 -2.002
[component_container-11] 
[component_container-11] 	  7.600	   Pose	 -1.886	 -2.021	  3.550	 -2.040
[component_container-11] 	  7.600	  Twist	  0.097	  0.038	  0.504	 -0.284
[component_container-11] 	  7.600	ErrPose	 -0.212	 -0.191	  0.004	  0.005
[component_container-11] 	  7.600	ErrTwis	 -0.048	 -0.081	  0.006	  0.004
[component_container-11] 	  7.600	    GPS	 -1.908	 -2.093	  3.508	     --
[component_container-11] 	  7.600	   Baro	     --	     --	  4.554	     --
[component_container-11] 	  7.600	  BBias	     --	     --	  1.071	     --
[component_container-11] 	  7.600	  Sonar	     --	     --	  3.538	     --
[component_container-11] 	  7.600	  Magnt	     --	     --	     --	 -2.002
[component_container-11] 
[component_container-11] 	  7.640	   Pose	 -1.883	 -2.020	  3.563	 -2.051
[component_container-11] 	  7.640	  Twist	  0.101	  0.040	  0.486	 -0.282
[component_container-11] 	  7.640	ErrPose	 -0.219	 -0.193	  0.011	  0.005
[component_container-11] 	  7.640	ErrTwis	 -0.051	 -0.082	  0.024	  0.002
[component_container-11] 	  7.640	    GPS	 -1.908	 -2.093	  3.508	     --
[component_container-11] 	  7.640	   Baro	     --	     --	  4.566	     --
[component_container-11] 	  7.640	  BBias	     --	     --	  1.071	     --
[component_container-11] 	  7.640	  Sonar	     --	     --	  3.531	     --
[component_container-11] 	  7.640	  Magnt	     --	     --	     --	 -2.061
[component_container-11] 
[component_container-11] 	  7.670	   Pose	 -1.879	 -2.019	  3.577	 -2.059
[component_container-11] 	  7.670	  Twist	  0.102	  0.041	  0.484	 -0.296
[component_container-11] 	  7.670	ErrPose	 -0.223	 -0.195	  0.007	  0.008
[component_container-11] 	  7.670	ErrTwis	 -0.054	 -0.083	  0.027	  0.016
[component_container-11] 	  7.670	    GPS	 -1.908	 -2.093	  3.508	     --
[component_container-11] 	  7.670	   Baro	     --	     --	  4.571	     --
[component_container-11] 	  7.670	  BBias	     --	     --	  1.070	     --
[component_container-11] 	  7.670	  Sonar	     --	     --	  3.531	     --
[component_container-11] 	  7.670	  Magnt	     --	     --	     --	 -2.029
[component_container-11] 
[component_container-11] 	  7.700	   Pose	 -1.876	 -2.017	  3.598	 -2.068
[component_container-11] 	  7.700	  Twist	  0.104	  0.042	  0.496	 -0.301
[component_container-11] 	  7.700	ErrPose	 -0.229	 -0.197	  0.006	  0.005
[component_container-11] 	  7.700	ErrTwis	 -0.056	 -0.085	  0.014	  0.022
[component_container-11] 	  7.700	    GPS	 -1.908	 -2.093	  3.508	     --
[component_container-11] 	  7.700	   Baro	     --	     --	  4.571	     --
[component_container-11] 	  7.700	  BBias	     --	     --	  1.070	     --
[component_container-11] 	  7.700	  Sonar	     --	     --	  3.607	     --
[component_container-11] 	  7.700	  Magnt	     --	     --	     --	 -2.029
[component_container-11] 
[component_container-11] 	  7.740	   Pose	 -1.872	 -2.016	  3.612	 -2.079
[component_container-11] 	  7.740	  Twist	  0.107	  0.044	  0.480	 -0.296
[component_container-11] 	  7.740	ErrPose	 -0.235	 -0.199	  0.013	  0.005
[component_container-11] 	  7.740	ErrTwis	 -0.059	 -0.087	  0.031	  0.017
[component_container-11] 	  7.740	    GPS	 -1.908	 -2.093	  3.508	     --
[component_container-11] 	  7.740	   Baro	     --	     --	  4.624	     --
[component_container-11] 	  7.740	  BBias	     --	     --	  1.070	     --
[component_container-11] 	  7.740	  Sonar	     --	     --	  3.582	     --
[component_container-11] 	  7.740	  Magnt	     --	     --	     --	 -2.054
[component_container-11] 
[component_container-11] 	  7.770	   Pose	 -1.869	 -2.014	  3.632	 -2.087
[component_container-11] 	  7.770	  Twist	  0.109	  0.045	  0.491	 -0.287
[component_container-11] 	  7.770	ErrPose	 -0.240	 -0.201	  0.003	  0.007
[component_container-11] 	  7.770	ErrTwis	 -0.062	 -0.088	  0.019	  0.007
[component_container-11] 	  7.770	    GPS	 -1.908	 -2.093	  3.508	     --
[component_container-11] 	  7.770	   Baro	     --	     --	  4.628	     --
[component_container-11] 	  7.770	  BBias	     --	     --	  1.069	     --
[component_container-11] 	  7.770	  Sonar	     --	     --	  3.654	     --
[component_container-11] 	  7.770	  Magnt	     --	     --	     --	 -2.067
[component_container-11] 
[component_container-11] 	  7.800	   Pose	 -1.866	 -2.013	  3.647	 -2.095
[component_container-11] 	  7.800	  Twist	  0.111	  0.045	  0.490	 -0.293
[component_container-11] 	  7.800	ErrPose	 -0.246	 -0.203	  0.009	  0.005
[component_container-11] 	  7.800	ErrTwis	 -0.064	 -0.089	  0.021	  0.014
[component_container-11] 	  7.800	    GPS	 -1.908	 -2.093	  3.508	     --
[component_container-11] 	  7.800	   Baro	     --	     --	  4.628	     --
[component_container-11] 	  7.800	  BBias	     --	     --	  1.069	     --
[component_container-11] 	  7.800	  Sonar	     --	     --	  3.654	     --
[component_container-11] 	  7.800	  Magnt	     --	     --	     --	 -2.067
[component_container-11] 
[component_container-11] 	  7.840	   Pose	 -1.861	 -2.011	  3.661	 -2.107
[component_container-11] 	  7.840	  Twist	  0.115	  0.046	  0.476	 -0.271
[component_container-11] 	  7.840	ErrPose	 -0.253	 -0.205	  0.015	  0.005
[component_container-11] 	  7.840	ErrTwis	 -0.068	 -0.092	  0.035	 62.386
[component_container-11] 	  7.840	    GPS	 -1.908	 -2.093	  3.508	     --
[component_container-11] 	  7.840	   Baro	     --	     --	  4.681	     --
[component_container-11] 	  7.840	  BBias	     --	     --	  1.069	     --
[component_container-11] 	  7.840	  Sonar	     --	     --	  3.636	     --
[component_container-11] 	  7.840	  Magnt	     --	     --	     --	 -2.121
[component_container-11] 
[component_container-11] 	  7.870	   Pose	 -1.858	 -2.010	  3.675	 -2.115
[component_container-11] 	  7.870	  Twist	  0.117	  0.047	  0.473	 -0.280
[component_container-11] 	  7.870	ErrPose	 -0.258	 -0.207	  0.011	  0.007
[component_container-11] 	  7.870	ErrTwis	 -0.071	 -0.094	  0.038	 62.395
[component_container-11] 	  7.870	    GPS	 -1.908	 -2.093	  3.508	     --
[component_container-11] 	  7.870	   Baro	     --	     --	  4.659	     --
[component_container-11] 	  7.870	  BBias	     --	     --	  1.069	     --
[component_container-11] 	  7.870	  Sonar	     --	     --	  3.636	     --
[component_container-11] 	  7.870	  Magnt	     --	     --	     --	 -2.088
[component_container-11] 
[component_container-11] 	  7.900	   Pose	 -1.854	 -2.008	  3.690	 -2.124
[component_container-11] 	  7.900	  Twist	  0.119	  0.048	  0.473	 -0.301
[component_container-11] 	  7.900	ErrPose	 -0.264	 -0.209	  0.017	  0.005
[component_container-11] 	  7.900	ErrTwis	 -0.073	 -0.096	  0.038	 62.416
[component_container-11] 	  7.900	    GPS	 -1.908	 -2.093	  3.508	     --
[component_container-11] 	  7.900	   Baro	     --	     --	  4.659	     --
[component_container-11] 	  7.900	  BBias	     --	     --	  1.069	     --
[component_container-11] 	  7.900	  Sonar	     --	     --	  3.677	     --
[component_container-11] 	  7.900	  Magnt	     --	     --	     --	 -2.088
[component_container-11] 
[component_container-11] 	  7.940	   Pose	 -1.849	 -2.006	  3.711	 -2.135
[component_container-11] 	  7.940	  Twist	  0.121	  0.049	  0.478	 -0.281
[component_container-11] 	  7.940	ErrPose	 -0.272	 -0.211	  0.016	  0.005
[component_container-11] 	  7.940	ErrTwis	 -0.075	 -0.099	  0.033	  0.001
[component_container-11] 	  7.940	    GPS	 -1.908	 -2.093	  3.508	     --
[component_container-11] 	  7.940	   Baro	     --	     --	  4.747	     --
[component_container-11] 	  7.940	  BBias	     --	     --	  1.069	     --
[component_container-11] 	  7.940	  Sonar	     --	     --	  3.713	     --
[component_container-11] 	  7.940	  Magnt	     --	     --	     --	 -2.105
[component_container-11] 
[component_container-11] 	  7.970	   Pose	 -1.846	 -2.005	  3.726	 -2.142
[component_container-11] 	  7.970	  Twist	  0.123	  0.049	  0.478	 -0.270
[component_container-11] 	  7.970	ErrPose	 -0.277	 -0.213	  0.011	  0.007
[component_container-11] 	  7.970	ErrTwis	 -0.078	 -0.100	  0.033	 -0.010
[component_container-11] 	  7.970	    GPS	 -1.908	 -2.093	  3.508	     --
[component_container-11] 	  7.970	   Baro	     --	     --	  4.856	     --
[component_container-11] 	  7.970	  BBias	     --	     --	  1.069	     --
[component_container-11] 	  7.970	  Sonar	     --	     --	  3.713	     --
[component_container-11] 	  7.970	  Magnt	     --	     --	     --	 -2.090
[component_container-11] 
[component_container-11] 	  8.000	   Pose	 -1.842	 -2.003	  3.749	 -2.151
[component_container-11] 	  8.000	  Twist	  0.125	  0.048	  0.494	 -0.286
[component_container-11] 	  8.000	ErrPose	 -0.283	 -0.214	  0.009	  0.004
[component_container-11] 	  8.000	ErrTwis	 -0.080	 -0.101	  0.017	  0.006
[component_container-11] 	  8.000	    GPS	 -1.908	 -2.093	  3.508	     --
[component_container-11] 	  8.000	   Baro	     --	     --	  4.856	     --
[component_container-11] 	  8.000	  BBias	     --	     --	  1.069	     --
[component_container-11] 	  8.000	  Sonar	     --	     --	  3.762	     --
[component_container-11] 	  8.000	  Magnt	     --	     --	     --	 -2.090
[component_container-11] 
[component_container-11] [INFO] [1775368632.100269496] [drone.estimator]: TMP LOG err_xyz=(-0.283, -0.214, 0.009) | z_est=3.749 vz_est=0.494 bias=1.069 | gps_z=3.508 sonar=3.762 baro=4.856
[component_container-11] [INFO] [1775368632.100494066] [drone.controller]: cmd_vel body=(0.072, -0.112, 0.500) yaw=-0.300 | odom_received=true | plan_points=14
[component_container-11] [INFO] [1775368632.102750695] [drone.estimator]: TMP LOG gps innov_xy=(-0.020, -0.054) est_xy=(-1.842, -2.003) gps_xy=(-1.862, -2.057) corr_xy=(-1.862, -2.057) vel_xy=(0.125, 0.048)
[component_container-11] [INFO] [1775368632.102910045] [drone.estimator]: TMP LOG gps vel pseudo raw=(0.092, 0.072) filt=(0.097, 0.068) innov_v=(-0.026, 0.027) apply=(1,1)
[component_container-11] 	  8.040	   Pose	 -1.847	 -2.014	  3.763	 -2.162
[component_container-11] 	  8.040	  Twist	  0.121	  0.046	  0.479	 -0.278
[component_container-11] 	  8.040	ErrPose	 -0.282	 -0.204	  0.016	  0.004
[component_container-11] 	  8.040	ErrTwis	 -0.076	 -0.102	  0.032	 -0.002
[component_container-11] 	  8.040	    GPS	 -1.862	 -2.057	  3.763	     --
[component_container-11] 	  8.040	   Baro	     --	     --	  4.784	     --
[component_container-11] 	  8.040	  BBias	     --	     --	  1.069	     --
[component_container-11] 	  8.040	  Sonar	     --	     --	  3.732	     --
[component_container-11] 	  8.040	  Magnt	     --	     --	     --	 -2.149
[component_container-11] 
[component_container-11] 	  8.070	   Pose	 -1.843	 -2.013	  3.773	 -2.170
[component_container-11] 	  8.070	  Twist	  0.124	  0.047	  0.468	 -0.280
[component_container-11] 	  8.070	ErrPose	 -0.287	 -0.205	  0.015	  0.006
[component_container-11] 	  8.070	ErrTwis	 -0.078	 -0.104	  0.043	 -0.000
[component_container-11] 	  8.070	    GPS	 -1.862	 -2.057	  3.763	     --
[component_container-11] 	  8.070	   Baro	     --	     --	  4.816	     --
[component_container-11] 	  8.070	  BBias	     --	     --	  1.069	     --
[component_container-11] 	  8.070	  Sonar	     --	     --	  3.759	     --
[component_container-11] 	  8.070	  Magnt	     --	     --	     --	 -2.129
[component_container-11] 
[component_container-11] 	  8.100	   Pose	 -1.839	 -2.011	  3.787	 -2.178
[component_container-11] 	  8.100	  Twist	  0.127	  0.048	  0.467	 -0.290
[component_container-11] 	  8.100	ErrPose	 -0.294	 -0.207	  0.022	  0.004
[component_container-11] 	  8.100	ErrTwis	 -0.081	 -0.107	  0.045	  0.011
[component_container-11] 	  8.100	    GPS	 -1.862	 -2.057	  3.763	     --
[component_container-11] 	  8.100	   Baro	     --	     --	  4.816	     --
[component_container-11] 	  8.100	  BBias	     --	     --	  1.069	     --
[component_container-11] 	  8.100	  Sonar	     --	     --	  3.759	     --
[component_container-11] 	  8.100	  Magnt	     --	     --	     --	 -2.129
[component_container-11] 
[component_container-11] 	  8.140	   Pose	 -1.834	 -2.009	  3.803	 -2.190
[component_container-11] 	  8.140	  Twist	  0.129	  0.049	  0.459	 -0.272
[component_container-11] 	  8.140	ErrPose	 -0.302	 -0.209	  0.026	  0.004
[component_container-11] 	  8.140	ErrTwis	 -0.084	 -0.111	  0.053	 -0.008
[component_container-11] 	  8.140	    GPS	 -1.862	 -2.057	  3.763	     --
[component_container-11] 	  8.140	   Baro	     --	     --	  4.898	     --
[component_container-11] 	  8.140	  BBias	     --	     --	  1.069	     --
[component_container-11] 	  8.140	  Sonar	     --	     --	  3.783	     --
[component_container-11] 	  8.140	  Magnt	     --	     --	     --	 -2.175
[component_container-11] 
[component_container-11] [INFO] [1775368632.270096777] [drone.estimator]: TMP LOG sonar rejected: meas=3.806 est_z=3.818 innov=-0.012
[component_container-11] 	  8.170	   Pose	 -1.830	 -2.008	  3.818	 -2.199
[component_container-11] 	  8.170	  Twist	  0.131	  0.049	  0.460	 -0.285
[component_container-11] 	  8.170	ErrPose	 -0.308	 -0.210	  0.021	  0.007
[component_container-11] 	  8.170	ErrTwis	 -0.086	 -0.112	  0.051	  0.005
[component_container-11] 	  8.170	    GPS	 -1.862	 -2.057	  3.763	     --
[component_container-11] 	  8.170	   Baro	     --	     --	  5.042	     --
[component_container-11] 	  8.170	  BBias	     --	     --	  1.070	     --
[component_container-11] 	  8.170	  Sonar	     --	     --	  3.806	     --
[component_container-11] 	  8.170	  Magnt	     --	     --	     --	 -2.220
[component_container-11] 
[component_container-11] 	  8.200	   Pose	 -1.826	 -2.006	  3.832	 -2.207
[component_container-11] 	  8.200	  Twist	  0.133	  0.050	  0.459	 -0.271
[component_container-11] 	  8.200	ErrPose	 -0.315	 -0.211	  0.028	  0.004
[component_container-11] 	  8.200	ErrTwis	 -0.087	 -0.116	  0.052	 -0.009
[component_container-11] 	  8.200	    GPS	 -1.862	 -2.057	  3.763	     --
[component_container-11] 	  8.200	   Baro	     --	     --	  5.042	     --
[component_container-11] 	  8.200	  BBias	     --	     --	  1.070	     --
[component_container-11] 	  8.200	  Sonar	     --	     --	  3.806	     --
[component_container-11] 	  8.200	  Magnt	     --	     --	     --	 -2.220
[component_container-11] 
[component_container-11] 	  8.240	   Pose	 -1.821	 -2.004	  3.850	 -2.219
[component_container-11] 	  8.240	  Twist	  0.136	  0.050	  0.458	 -0.274
[component_container-11] 	  8.240	ErrPose	 -0.324	 -0.213	  0.030	  0.005
[component_container-11] 	  8.240	ErrTwis	 -0.090	 -0.118	  0.054	 -0.006
[component_container-11] 	  8.240	    GPS	 -1.862	 -2.057	  3.763	     --
[component_container-11] 	  8.240	   Baro	     --	     --	  4.925	     --
[component_container-11] 	  8.240	  BBias	     --	     --	  1.070	     --
[component_container-11] 	  8.240	  Sonar	     --	     --	  3.870	     --
[component_container-11] 	  8.240	  Magnt	     --	     --	     --	 -2.233
[component_container-11] 
[component_container-11] 	  8.270	   Pose	 -1.817	 -2.003	  3.864	 -2.227
[component_container-11] 	  8.270	  Twist	  0.138	  0.051	  0.457	 -0.281
[component_container-11] 	  8.270	ErrPose	 -0.330	 -0.214	  0.026	  0.008
[component_container-11] 	  8.270	ErrTwis	 -0.092	 -0.121	  0.055	  0.001
[component_container-11] 	  8.270	    GPS	 -1.862	 -2.057	  3.763	     --
[component_container-11] 	  8.270	   Baro	     --	     --	  4.948	     --
[component_container-11] 	  8.270	  BBias	     --	     --	  1.070	     --
[component_container-11] 	  8.270	  Sonar	     --	     --	  3.870	     --
[component_container-11] 	  8.270	  Magnt	     --	     --	     --	 -2.222
[component_container-11] 
[component_container-11] 	  8.300	   Pose	 -1.813	 -2.001	  3.878	 -2.236
[component_container-11] 	  8.300	  Twist	  0.140	  0.052	  0.455	 -0.284
[component_container-11] 	  8.300	ErrPose	 -0.338	 -0.216	  0.033	  0.005
[component_container-11] 	  8.300	ErrTwis	 -0.093	 -0.124	  0.056	  0.004
[component_container-11] 	  8.300	    GPS	 -1.862	 -2.057	  3.763	     --
[component_container-11] 	  8.300	   Baro	     --	     --	  4.948	     --
[component_container-11] 	  8.300	  BBias	     --	     --	  1.070	     --
[component_container-11] 	  8.300	  Sonar	     --	     --	  3.861	     --
[component_container-11] 	  8.300	  Magnt	     --	     --	     --	 -2.222
[component_container-11] 
[component_container-11] 	  8.340	   Pose	 -1.807	 -1.999	  3.898	 -2.246
[component_container-11] 	  8.340	  Twist	  0.142	  0.053	  0.456	 -0.269
[component_container-11] 	  8.340	ErrPose	 -0.347	 -0.217	  0.034	  0.004
[component_container-11] 	  8.340	ErrTwis	 -0.095	 -0.127	  0.055	 -0.011
[component_container-11] 	  8.340	    GPS	 -1.862	 -2.057	  3.763	     --
[component_container-11] 	  8.340	   Baro	     --	     --	  5.050	     --
[component_container-11] 	  8.340	  BBias	     --	     --	  1.071	     --
[component_container-11] 	  8.340	  Sonar	     --	     --	  3.902	     --
[component_container-11] 	  8.340	  Magnt	     --	     --	     --	 -2.202
[component_container-11] 
[component_container-11] 	  8.370	   Pose	 -1.803	 -1.998	  3.912	 -2.254
[component_container-11] 	  8.370	  Twist	  0.145	  0.053	  0.456	 -0.274
[component_container-11] 	  8.370	ErrPose	 -0.353	 -0.218	  0.030	  0.006
[component_container-11] 	  8.370	ErrTwis	 -0.097	 -0.129	  0.056	 -0.006
[component_container-11] 	  8.370	    GPS	 -1.862	 -2.057	  3.763	     --
[component_container-11] 	  8.370	   Baro	     --	     --	  5.007	     --
[component_container-11] 	  8.370	  BBias	     --	     --	  1.071	     --
[component_container-11] 	  8.370	  Sonar	     --	     --	  3.902	     --
[component_container-11] 	  8.370	  Magnt	     --	     --	     --	 -2.244
[component_container-11] 
[component_container-11] 	  8.400	   Pose	 -1.798	 -1.996	  3.926	 -2.262
[component_container-11] 	  8.400	  Twist	  0.149	  0.054	  0.454	 -0.284
[component_container-11] 	  8.400	ErrPose	 -0.362	 -0.219	  0.037	  0.004
[component_container-11] 	  8.400	ErrTwis	 -0.100	 -0.133	  0.058	  0.004
[component_container-11] 	  8.400	    GPS	 -1.862	 -2.057	  3.763	     --
[component_container-11] 	  8.400	   Baro	     --	     --	  5.007	     --
[component_container-11] 	  8.400	  BBias	     --	     --	  1.071	     --
[component_container-11] 	  8.400	  Sonar	     --	     --	  3.947	     --
[component_container-11] 	  8.400	  Magnt	     --	     --	     --	 -2.244
[component_container-11] 
[component_container-11] 	  8.440	   Pose	 -1.792	 -1.994	  3.945	 -2.273
[component_container-11] 	  8.440	  Twist	  0.151	  0.054	  0.454	 -0.283
[component_container-11] 	  8.440	ErrPose	 -0.372	 -0.221	  0.037	  0.004
[component_container-11] 	  8.440	ErrTwis	 -0.102	 -0.136	  0.058	  0.003
[component_container-11] 	  8.440	    GPS	 -1.862	 -2.057	  3.763	     --
[component_container-11] 	  8.440	   Baro	     --	     --	  5.078	     --
[component_container-11] 	  8.440	  BBias	     --	     --	  1.072	     --
[component_container-11] 	  8.440	  Sonar	     --	     --	  4.000	     --
[component_container-11] 	  8.440	  Magnt	     --	     --	     --	 -2.263
[component_container-11] 
[component_container-11] 	  8.470	   Pose	 -1.788	 -1.992	  3.959	 -2.283
[component_container-11] 	  8.470	  Twist	  0.154	  0.054	  0.452	 -0.282
[component_container-11] 	  8.470	ErrPose	 -0.379	 -0.222	  0.034	  0.007
[component_container-11] 	  8.470	ErrTwis	 -0.104	 -0.138	  0.059	  0.002
[component_container-11] 	  8.470	    GPS	 -1.862	 -2.057	  3.763	     --
[component_container-11] 	  8.470	   Baro	     --	     --	  5.016	     --
[component_container-11] 	  8.470	  BBias	     --	     --	  1.072	     --
[component_container-11] 	  8.470	  Sonar	     --	     --	  4.000	     --
[component_container-11] 	  8.470	  Magnt	     --	     --	     --	 -2.310
[component_container-11] 
[component_container-11] 	  8.500	   Pose	 -1.783	 -1.990	  3.972	 -2.291
[component_container-11] 	  8.500	  Twist	  0.156	  0.055	  0.452	 -0.257
[component_container-11] 	  8.500	ErrPose	 -0.387	 -0.223	  0.041	  0.004
[component_container-11] 	  8.500	ErrTwis	 -0.104	 -0.141	  0.060	 -0.023
[component_container-11] 	  8.500	    GPS	 -1.862	 -2.057	  3.763	     --
[component_container-11] 	  8.500	   Baro	     --	     --	  5.016	     --
[component_container-11] 	  8.500	  BBias	     --	     --	  1.072	     --
[component_container-11] 	  8.500	  Sonar	     --	     --	  4.000	     --
[component_container-11] 	  8.500	  Magnt	     --	     --	     --	 -2.310
[component_container-11] 
[component_container-11] 	  8.540	   Pose	 -1.914	 -2.140	  3.994	 -2.302
[component_container-11] 	  8.540	  Twist	  0.057	 -0.053	  0.456	 -0.286
[component_container-11] 	  8.540	ErrPose	 -0.261	 -0.073	  0.040	  0.004
[component_container-11] 	  8.540	ErrTwis	 -0.004	 -0.036	  0.056	  0.006
[component_container-11] 	  8.540	    GPS	 -2.034	 -2.288	  4.018	     --
[component_container-11] 	  8.540	   Baro	     --	     --	  5.091	     --
[component_container-11] 	  8.540	  BBias	     --	     --	  1.072	     --
[component_container-11] 	  8.540	  Sonar	     --	     --	    inf	     --
[component_container-11] 	  8.540	  Magnt	     --	     --	     --	 -2.273
[component_container-11] 
[component_container-11] 	  8.570	   Pose	 -1.912	 -2.141	  4.007	 -2.310
[component_container-11] 	  8.570	  Twist	  0.060	 -0.054	  0.453	 -0.269
[component_container-11] 	  8.570	ErrPose	 -0.265	 -0.071	  0.037	  0.006
[component_container-11] 	  8.570	ErrTwis	 -0.006	 -0.037	  0.059	 -0.011
[component_container-11] 	  8.570	    GPS	 -2.034	 -2.288	  4.018	     --
[component_container-11] 	  8.570	   Baro	     --	     --	  5.065	     --
[component_container-11] 	  8.570	  BBias	     --	     --	  1.072	     --
[component_container-11] 	  8.570	  Sonar	     --	     --	    inf	     --
[component_container-11] 	  8.570	  Magnt	     --	     --	     --	 -2.278
[component_container-11] 
[component_container-11] 	  8.600	   Pose	 -1.910	 -2.143	  4.021	 -2.318
[component_container-11] 	  8.600	  Twist	  0.062	 -0.054	  0.451	 -0.288
[component_container-11] 	  8.600	ErrPose	 -0.271	 -0.068	  0.043	  0.004
[component_container-11] 	  8.600	ErrTwis	 -0.006	 -0.040	  0.061	  0.008
[component_container-11] 	  8.600	    GPS	 -2.034	 -2.288	  4.018	     --
[component_container-11] 	  8.600	   Baro	     --	     --	  5.065	     --
[component_container-11] 	  8.600	  BBias	     --	     --	  1.072	     --
[component_container-11] 	  8.600	  Sonar	     --	     --	    inf	     --
[component_container-11] 	  8.600	  Magnt	     --	     --	     --	 -2.278
[component_container-11] 
[component_container-11] 	  8.640	   Pose	 -1.908	 -2.145	  4.037	 -2.330
[component_container-11] 	  8.640	  Twist	  0.064	 -0.054	  0.446	 -0.284
[component_container-11] 	  8.640	ErrPose	 -0.279	 -0.065	  0.047	  0.004
[component_container-11] 	  8.640	ErrTwis	 -0.006	 -0.043	  0.066	  0.004
[component_container-11] 	  8.640	    GPS	 -2.034	 -2.288	  4.018	     --
[component_container-11] 	  8.640	   Baro	     --	     --	  5.053	     --
[component_container-11] 	  8.640	  BBias	     --	     --	  1.071	     --
[component_container-11] 	  8.640	  Sonar	     --	     --	    inf	     --
[component_container-11] 	  8.640	  Magnt	     --	     --	     --	 -2.334
[component_container-11] 
[component_container-11] 	  8.670	   Pose	 -1.906	 -2.147	  4.053	 -2.339
[component_container-11] 	  8.670	  Twist	  0.067	 -0.053	  0.447	 -0.280
[component_container-11] 	  8.670	ErrPose	 -0.283	 -0.063	  0.042	  0.008
[component_container-11] 	  8.670	ErrTwis	 -0.007	 -0.045	  0.064	 -0.000
[component_container-11] 	  8.670	    GPS	 -2.034	 -2.288	  4.018	     --
[component_container-11] 	  8.670	   Baro	     --	     --	  5.177	     --
[component_container-11] 	  8.670	  BBias	     --	     --	  1.072	     --
[component_container-11] 	  8.670	  Sonar	     --	     --	    inf	     --
[component_container-11] 	  8.670	  Magnt	     --	     --	     --	 -2.380
[component_container-11] 
[component_container-11] 	  8.700	   Pose	 -1.904	 -2.148	  4.067	 -2.348
[component_container-11] 	  8.700	  Twist	  0.069	 -0.053	  0.445	 -0.286
[component_container-11] 	  8.700	ErrPose	 -0.290	 -0.060	  0.049	  0.005
[component_container-11] 	  8.700	ErrTwis	 -0.008	 -0.048	  0.066	  0.006
[component_container-11] 	  8.700	    GPS	 -2.034	 -2.288	  4.018	     --
[component_container-11] 	  8.700	   Baro	     --	     --	  5.177	     --
[component_container-11] 	  8.700	  BBias	     --	     --	  1.072	     --
[component_container-11] 	  8.700	  Sonar	     --	     --	    inf	     --
[component_container-11] 	  8.700	  Magnt	     --	     --	     --	 -2.380
[component_container-11] 
[component_container-11] 	  8.740	   Pose	 -1.901	 -2.150	  4.083	 -2.360
[component_container-11] 	  8.740	  Twist	  0.072	 -0.053	  0.441	 -0.272
[component_container-11] 	  8.740	ErrPose	 -0.298	 -0.057	  0.053	  0.006
[component_container-11] 	  8.740	ErrTwis	 -0.009	 -0.052	  0.071	 -0.008
[component_container-11] 	  8.740	    GPS	 -2.034	 -2.288	  4.018	     --
[component_container-11] 	  8.740	   Baro	     --	     --	  5.111	     --
[component_container-11] 	  8.740	  BBias	     --	     --	  1.072	     --
[component_container-11] 	  8.740	  Sonar	     --	     --	    inf	     --
[component_container-11] 	  8.740	  Magnt	     --	     --	     --	 -2.372
[component_container-11] 
[component_container-11] 	  8.770	   Pose	 -1.899	 -2.152	  4.093	 -2.369
[component_container-11] 	  8.770	  Twist	  0.074	 -0.054	  0.435	 -0.268
[component_container-11] 	  8.770	ErrPose	 -0.303	 -0.054	  0.053	  0.010
[component_container-11] 	  8.770	ErrTwis	 -0.009	 -0.052	  0.076	 -0.012
[component_container-11] 	  8.770	    GPS	 -2.034	 -2.288	  4.018	     --
[component_container-11] 	  8.770	   Baro	     --	     --	  5.095	     --
[component_container-11] 	  8.770	  BBias	     --	     --	  1.071	     --
[component_container-11] 	  8.770	  Sonar	     --	     --	    inf	     --
[component_container-11] 	  8.770	  Magnt	     --	     --	     --	 -2.392
[component_container-11] 
[component_container-11] 	  8.800	   Pose	 -1.897	 -2.154	  4.106	 -2.377
[component_container-11] 	  8.800	  Twist	  0.077	 -0.054	  0.432	 -0.290
[component_container-11] 	  8.800	ErrPose	 -0.310	 -0.051	  0.060	  0.007
[component_container-11] 	  8.800	ErrTwis	 -0.010	 -0.056	  0.079	  0.010
[component_container-11] 	  8.800	    GPS	 -2.034	 -2.288	  4.018	     --
[component_container-11] 	  8.800	   Baro	     --	     --	  5.095	     --
[component_container-11] 	  8.800	  BBias	     --	     --	  1.071	     --
[component_container-11] 	  8.800	  Sonar	     --	     --	    inf	     --
[component_container-11] 	  8.800	  Magnt	     --	     --	     --	 -2.392
[component_container-11] 
[component_container-11] 	  8.840	   Pose	 -1.893	 -2.156	  4.127	 -2.388
[component_container-11] 	  8.840	  Twist	  0.080	 -0.054	  0.435	 -0.273
[component_container-11] 	  8.840	ErrPose	 -0.319	 -0.048	  0.059	  0.007
[component_container-11] 	  8.840	ErrTwis	 -0.012	 -0.058	  0.076	 -0.007
[component_container-11] 	  8.840	    GPS	 -2.034	 -2.288	  4.018	     --
[component_container-11] 	  8.840	   Baro	     --	     --	  5.246	     --
[component_container-11] 	  8.840	  BBias	     --	     --	  1.072	     --
[component_container-11] 	  8.840	  Sonar	     --	     --	    inf	     --
[component_container-11] 	  8.840	  Magnt	     --	     --	     --	 -2.376
[component_container-11] 
[component_container-11] 	  8.870	   Pose	 -1.891	 -2.157	  4.145	 -2.396
[component_container-11] 	  8.870	  Twist	  0.083	 -0.053	  0.440	 -0.288
[component_container-11] 	  8.870	ErrPose	 -0.324	 -0.045	  0.052	  0.009
[component_container-11] 	  8.870	ErrTwis	 -0.014	 -0.060	  0.071	  0.008
[component_container-11] 	  8.870	    GPS	 -2.034	 -2.288	  4.018	     --
[component_container-11] 	  8.870	   Baro	     --	     --	  5.278	     --
[component_container-11] 	  8.870	  BBias	     --	     --	  1.072	     --
[component_container-11] 	  8.870	  Sonar	     --	     --	    inf	     --
[component_container-11] 	  8.870	  Magnt	     --	     --	     --	 -2.347
[component_container-11] 
[component_container-11] 	  8.900	   Pose	 -1.888	 -2.159	  4.158	 -2.405
[component_container-11] 	  8.900	  Twist	  0.085	 -0.054	  0.438	 -0.301
[component_container-11] 	  8.900	ErrPose	 -0.332	 -0.042	  0.059	  0.006
[component_container-11] 	  8.900	ErrTwis	 -0.014	 -0.063	  0.073	  0.021
[component_container-11] 	  8.900	    GPS	 -2.034	 -2.288	  4.018	     --
[component_container-11] 	  8.900	   Baro	     --	     --	  5.278	     --
[component_container-11] 	  8.900	  BBias	     --	     --	  1.072	     --
[component_container-11] 	  8.900	  Sonar	     --	     --	    inf	     --
[component_container-11] 	  8.900	  Magnt	     --	     --	     --	 -2.347
[component_container-11] 
[component_container-11] 	  8.940	   Pose	 -1.885	 -2.161	  4.187	 -2.416
[component_container-11] 	  8.940	  Twist	  0.088	 -0.053	  0.450	 -0.270
[component_container-11] 	  8.940	ErrPose	 -0.341	 -0.038	  0.051	  0.006
[component_container-11] 	  8.940	ErrTwis	 -0.015	 -0.067	  0.061	 -0.010
[component_container-11] 	  8.940	    GPS	 -2.034	 -2.288	  4.018	     --
[component_container-11] 	  8.940	   Baro	     --	     --	  5.401	     --
[component_container-11] 	  8.940	  BBias	     --	     --	  1.072	     --
[component_container-11] 	  8.940	  Sonar	     --	     --	    inf	     --
[component_container-11] 	  8.940	  Magnt	     --	     --	     --	 -2.405
[component_container-11] 
[component_container-11] 	  8.970	   Pose	 -1.882	 -2.163	  4.194	 -2.424
[component_container-11] 	  8.970	  Twist	  0.091	 -0.054	  0.440	 -0.278
[component_container-11] 	  8.970	ErrPose	 -0.346	 -0.035	  0.054	  0.009
[component_container-11] 	  8.970	ErrTwis	 -0.017	 -0.068	  0.070	 -0.002
[component_container-11] 	  8.970	    GPS	 -2.034	 -2.288	  4.018	     --
[component_container-11] 	  8.970	   Baro	     --	     --	  5.167	     --
[component_container-11] 	  8.970	  BBias	     --	     --	  1.072	     --
[component_container-11] 	  8.970	  Sonar	     --	     --	    inf	     --
[component_container-11] 	  8.970	  Magnt	     --	     --	     --	 -2.403
[component_container-11] 
[component_container-11] [INFO] [1775368633.104403352] [drone.controller]: cmd_vel body=(-0.018, -0.200, 0.500) yaw=-0.300 | odom_received=true | plan_points=9
[component_container-11] 	  9.000	   Pose	 -1.880	 -2.164	  4.207	 -2.432
[component_container-11] 	  9.000	  Twist	  0.093	 -0.054	  0.440	 -0.283
[component_container-11] 	  9.000	ErrPose	 -0.355	 -0.032	  0.061	  0.006
[component_container-11] 	  9.000	ErrTwis	 -0.019	 -0.070	  0.071	  0.003
[component_container-11] 	  9.000	    GPS	 -2.034	 -2.288	  4.018	     --
[component_container-11] 	  9.000	   Baro	     --	     --	  5.167	     --
[component_container-11] 	  9.000	  BBias	     --	     --	  1.072	     --
[component_container-11] 	  9.000	  Sonar	     --	     --	    inf	     --
[component_container-11] 	  9.000	  Magnt	     --	     --	     --	 -2.403
[component_container-11] 
[component_container-11] [INFO] [1775368633.104640618] [drone.estimator]: TMP LOG err_xyz=(-0.355, -0.032, 0.061) | z_est=4.207 vz_est=0.440 bias=1.072 | gps_z=4.018 sonar=inf baro=5.167
[component_container-11] [INFO] [1775368633.109444542] [drone.estimator]: TMP LOG gps innov_xy=(-0.094, 0.074) est_xy=(-1.879, -2.165) gps_xy=(-1.972, -2.091) corr_xy=(-1.972, -2.091) vel_xy=(0.094, -0.054)
[component_container-11] [INFO] [1775368633.109894663] [drone.estimator]: TMP LOG gps vel pseudo raw=(0.123, 0.394) filt=(0.080, 0.314) innov_v=(-0.001, 0.358) apply=(1,1)
[component_container-11] 	  9.040	   Pose	 -1.904	 -2.093	  4.235	 -2.444
[component_container-11] 	  9.040	  Twist	  0.083	  0.014	  0.449	 -0.282
[component_container-11] 	  9.040	ErrPose	 -0.336	 -0.101	  0.054	  0.006
[component_container-11] 	  9.040	ErrTwis	 -0.008	 -0.142	  0.061	  0.002
[component_container-11] 	  9.040	    GPS	 -1.972	 -2.091	  4.273	     --
[component_container-11] 	  9.040	   Baro	     --	     --	  5.311	     --
[component_container-11] 	  9.040	  BBias	     --	     --	  1.072	     --
[component_container-11] 	  9.040	  Sonar	     --	     --	    inf	     --
[component_container-11] 	  9.040	  Magnt	     --	     --	     --	 -2.443
[component_container-11] 
[component_container-11] 	  9.070	   Pose	 -1.902	 -2.092	  4.260	 -2.452
[component_container-11] 	  9.070	  Twist	  0.086	  0.014	  0.462	 -0.271
[component_container-11] 	  9.070	ErrPose	 -0.342	 -0.100	  0.039	  0.009
[component_container-11] 	  9.070	ErrTwis	 -0.010	 -0.143	  0.049	 -0.008
[component_container-11] 	  9.070	    GPS	 -1.972	 -2.091	  4.273	     --
[component_container-11] 	  9.070	   Baro	     --	     --	  5.485	     --
[component_container-11] 	  9.070	  BBias	     --	     --	  1.072	     --
[component_container-11] 	  9.070	  Sonar	     --	     --	    inf	     --
[component_container-11] 	  9.070	  Magnt	     --	     --	     --	 -2.450
[component_container-11] 
[component_container-11] 	  9.100	   Pose	 -1.899	 -2.092	  4.274	 -2.461
[component_container-11] 	  9.100	  Twist	  0.089	  0.014	  0.460	 -0.281
[component_container-11] 	  9.100	ErrPose	 -0.350	 -0.098	  0.046	  0.006
[component_container-11] 	  9.100	ErrTwis	 -0.011	 -0.147	  0.051	  0.001
[component_container-11] 	  9.100	    GPS	 -1.972	 -2.091	  4.273	     --
[component_container-11] 	  9.100	   Baro	     --	     --	  5.485	     --
[component_container-11] 	  9.100	  BBias	     --	     --	  1.072	     --
[component_container-11] 	  9.100	  Sonar	     --	     --	    inf	     --
[component_container-11] 	  9.100	  Magnt	     --	     --	     --	 -2.450
[component_container-11] 
[component_container-11] 	  9.140	   Pose	 -1.896	 -2.091	  4.297	 -2.472
[component_container-11] 	  9.140	  Twist	  0.091	  0.014	  0.463	 -0.277
[component_container-11] 	  9.140	ErrPose	 -0.360	 -0.096	  0.043	  0.006
[component_container-11] 	  9.140	ErrTwis	 -0.013	 -0.150	  0.048	 -0.003
[component_container-11] 	  9.140	    GPS	 -1.972	 -2.091	  4.273	     --
[component_container-11] 	  9.140	   Baro	     --	     --	  5.411	     --
[component_container-11] 	  9.140	  BBias	     --	     --	  1.072	     --
[component_container-11] 	  9.140	  Sonar	     --	     --	    inf	     --
[component_container-11] 	  9.140	  Magnt	     --	     --	     --	 -2.465
[component_container-11] 
[component_container-11] 	  9.170	   Pose	 -1.893	 -2.091	  4.314	 -2.481
[component_container-11] 	  9.170	  Twist	  0.094	  0.012	  0.465	 -0.287
[component_container-11] 	  9.170	ErrPose	 -0.366	 -0.095	  0.036	  0.009
[component_container-11] 	  9.170	ErrTwis	 -0.015	 -0.150	  0.045	  0.007
[component_container-11] 	  9.170	    GPS	 -1.972	 -2.091	  4.273	     --
[component_container-11] 	  9.170	   Baro	     --	     --	  5.419	     --
[component_container-11] 	  9.170	  BBias	     --	     --	  1.072	     --
[component_container-11] 	  9.170	  Sonar	     --	     --	    inf	     --
[component_container-11] 	  9.170	  Magnt	     --	     --	     --	 -2.485
[component_container-11] 
[component_container-11] 	  9.200	   Pose	 -1.890	 -2.091	  4.328	 -2.489
[component_container-11] 	  9.200	  Twist	  0.096	  0.012	  0.463	 -0.273
[component_container-11] 	  9.200	ErrPose	 -0.375	 -0.093	  0.042	  0.007
[component_container-11] 	  9.200	ErrTwis	 -0.016	 -0.154	  0.046	 -0.007
[component_container-11] 	  9.200	    GPS	 -1.972	 -2.091	  4.273	     --
[component_container-11] 	  9.200	   Baro	     --	     --	  5.419	     --
[component_container-11] 	  9.200	  BBias	     --	     --	  1.072	     --
[component_container-11] 	  9.200	  Sonar	     --	     --	    inf	     --
[component_container-11] 	  9.200	  Magnt	     --	     --	     --	 -2.485
[component_container-11] 
[component_container-11] 	  9.240	   Pose	 -1.886	 -2.090	  4.351	 -2.501
[component_container-11] 	  9.240	  Twist	  0.099	  0.012	  0.466	 -0.296
[component_container-11] 	  9.240	ErrPose	 -0.385	 -0.091	  0.039	  0.008
[component_container-11] 	  9.240	ErrTwis	 -0.018	 -0.157	  0.044	  0.016
[component_container-11] 	  9.240	    GPS	 -1.972	 -2.091	  4.273	     --
[component_container-11] 	  9.240	   Baro	     --	     --	  5.463	     --
[component_container-11] 	  9.240	  BBias	     --	     --	  1.072	     --
[component_container-11] 	  9.240	  Sonar	     --	     --	    inf	     --
[component_container-11] 	  9.240	  Magnt	     --	     --	     --	 -2.531
[component_container-11] 
[component_container-11] 	  9.270	   Pose	 -1.883	 -2.090	  4.365	 -2.510
[component_container-11] 	  9.270	  Twist	  0.102	  0.011	  0.465	 -0.278
[component_container-11] 	  9.270	ErrPose	 -0.391	 -0.090	  0.035	  0.010
[component_container-11] 	  9.270	ErrTwis	 -0.020	 -0.158	  0.044	 -0.002
[component_container-11] 	  9.270	    GPS	 -1.972	 -2.091	  4.273	     --
[component_container-11] 	  9.270	   Baro	     --	     --	  5.428	     --
[component_container-11] 	  9.270	  BBias	     --	     --	  1.072	     --
[component_container-11] 	  9.270	  Sonar	     --	     --	    inf	     --
[component_container-11] 	  9.270	  Magnt	     --	     --	     --	 -2.506
[component_container-11] 
[component_container-11] 	  9.300	   Pose	 -1.880	 -2.090	  4.379	 -2.518
[component_container-11] 	  9.300	  Twist	  0.104	  0.012	  0.463	 -0.284
[component_container-11] 	  9.300	ErrPose	 -0.400	 -0.087	  0.042	  0.008
[component_container-11] 	  9.300	ErrTwis	 -0.022	 -0.160	  0.046	  0.004
[component_container-11] 	  9.300	    GPS	 -1.972	 -2.091	  4.273	     --
[component_container-11] 	  9.300	   Baro	     --	     --	  5.428	     --
[component_container-11] 	  9.300	  BBias	     --	     --	  1.072	     --
[component_container-11] 	  9.300	  Sonar	     --	     --	    inf	     --
[component_container-11] 	  9.300	  Magnt	     --	     --	     --	 -2.506
[component_container-11] 
[component_container-11] 	  9.340	   Pose	 -1.876	 -2.089	  4.400	 -2.530
[component_container-11] 	  9.340	  Twist	  0.106	  0.010	  0.464	 -0.279
[component_container-11] 	  9.340	ErrPose	 -0.411	 -0.085	  0.041	  0.008
[component_container-11] 	  9.340	ErrTwis	 -0.024	 -0.159	  0.045	 -0.001
[component_container-11] 	  9.340	    GPS	 -1.972	 -2.091	  4.273	     --
[component_container-11] 	  9.340	   Baro	     --	     --	  5.477	     --
[component_container-11] 	  9.340	  BBias	     --	     --	  1.072	     --
[component_container-11] 	  9.340	  Sonar	     --	     --	    inf	     --
[component_container-11] 	  9.340	  Magnt	     --	     --	     --	 -2.524
[component_container-11] 
[component_container-11] 	  9.370	   Pose	 -1.873	 -2.089	  4.413	 -2.538
[component_container-11] 	  9.370	  Twist	  0.109	  0.009	  0.462	 -0.271
[component_container-11] 	  9.370	ErrPose	 -0.417	 -0.083	  0.038	  0.010
[component_container-11] 	  9.370	ErrTwis	 -0.026	 -0.158	  0.047	 -0.009
[component_container-11] 	  9.370	    GPS	 -1.972	 -2.091	  4.273	     --
[component_container-11] 	  9.370	   Baro	     --	     --	  5.471	     --
[component_container-11] 	  9.370	  BBias	     --	     --	  1.072	     --
[component_container-11] 	  9.370	  Sonar	     --	     --	    inf	     --
[component_container-11] 	  9.370	  Magnt	     --	     --	     --	 -2.518
[component_container-11] 
[component_container-11] 	  9.400	   Pose	 -1.869	 -2.089	  4.427	 -2.546
[component_container-11] 	  9.400	  Twist	  0.112	  0.009	  0.460	 -0.273
[component_container-11] 	  9.400	ErrPose	 -0.426	 -0.081	  0.045	  0.008
[component_container-11] 	  9.400	ErrTwis	 -0.029	 -0.157	  0.049	 -0.007
[component_container-11] 	  9.400	    GPS	 -1.972	 -2.091	  4.273	     --
[component_container-11] 	  9.400	   Baro	     --	     --	  5.471	     --
[component_container-11] 	  9.400	  BBias	     --	     --	  1.072	     --
[component_container-11] 	  9.400	  Sonar	     --	     --	    inf	     --
[component_container-11] 	  9.400	  Magnt	     --	     --	     --	 -2.518
[component_container-11] 
[component_container-11] 	  9.440	   Pose	 -1.865	 -2.088	  4.458	 -2.557
[component_container-11] 	  9.440	  Twist	  0.115	  0.008	  0.472	 -0.277
[component_container-11] 	  9.440	ErrPose	 -0.437	 -0.078	  0.034	  0.007
[component_container-11] 	  9.440	ErrTwis	 -0.032	 -0.155	  0.037	 -0.003
[component_container-11] 	  9.440	    GPS	 -1.972	 -2.091	  4.273	     --
[component_container-11] 	  9.440	   Baro	     --	     --	  5.646	     --
[component_container-11] 	  9.440	  BBias	     --	     --	  1.072	     --
[component_container-11] 	  9.440	  Sonar	     --	     --	    inf	     --
[component_container-11] 	  9.440	  Magnt	     --	     --	     --	 -2.539
[component_container-11] 
[component_container-11] 	  9.470	   Pose	 -1.861	 -2.088	  4.474	 -2.564
[component_container-11] 	  9.470	  Twist	  0.117	  0.008	  0.472	 -0.274
[component_container-11] 	  9.470	ErrPose	 -0.443	 -0.077	  0.028	  0.009
[component_container-11] 	  9.470	ErrTwis	 -0.034	 -0.154	  0.036	 -0.006
[component_container-11] 	  9.470	    GPS	 -1.972	 -2.091	  4.273	     --
[component_container-11] 	  9.470	   Baro	     --	     --	  5.558	     --
[component_container-11] 	  9.470	  BBias	     --	     --	  1.072	     --
[component_container-11] 	  9.470	  Sonar	     --	     --	    inf	     --
[component_container-11] 	  9.470	  Magnt	     --	     --	     --	 -2.531
[component_container-11] 
[component_container-11] 	  9.500	   Pose	 -1.858	 -2.088	  4.488	 -2.573
[component_container-11] 	  9.500	  Twist	  0.120	  0.008	  0.471	 -0.276
[component_container-11] 	  9.500	ErrPose	 -0.453	 -0.074	  0.034	  0.006
[component_container-11] 	  9.500	ErrTwis	 -0.036	 -0.153	  0.037	 -0.004
[component_container-11] 	  9.500	    GPS	 -1.972	 -2.091	  4.273	     --
[component_container-11] 	  9.500	   Baro	     --	     --	  5.558	     --
[component_container-11] 	  9.500	  BBias	     --	     --	  1.072	     --
[component_container-11] 	  9.500	  Sonar	     --	     --	    inf	     --
[component_container-11] 	  9.500	  Magnt	     --	     --	     --	 -2.531
[component_container-11] 
[component_container-11] 	  9.540	   Pose	 -2.026	 -2.154	  4.510	 -2.584
[component_container-11] 	  9.540	  Twist	 -0.000	 -0.041	  0.473	 -0.296
[component_container-11] 	  9.540	ErrPose	 -0.290	 -0.005	  0.032	  0.006
[component_container-11] 	  9.540	ErrTwis	  0.085	 -0.102	  0.036	  0.016
[component_container-11] 	  9.540	    GPS	 -2.201	 -2.218	  4.528	     --
[component_container-11] 	  9.540	   Baro	     --	     --	  5.533	     --
[component_container-11] 	  9.540	  BBias	     --	     --	  1.072	     --
[component_container-11] 	  9.540	  Sonar	     --	     --	    inf	     --
[component_container-11] 	  9.540	  Magnt	     --	     --	     --	 -2.555
[component_container-11] 
[component_container-11] 	  9.570	   Pose	 -2.026	 -2.155	  4.512	 -2.591
[component_container-11] 	  9.570	  Twist	  0.002	 -0.041	  0.457	 -0.290
[component_container-11] 	  9.570	ErrPose	 -0.293	 -0.002	  0.041	  0.008
[component_container-11] 	  9.570	ErrTwis	  0.082	 -0.101	  0.051	  0.011
[component_container-11] 	  9.570	    GPS	 -2.201	 -2.218	  4.528	     --
[component_container-11] 	  9.570	   Baro	     --	     --	  5.424	     --
[component_container-11] 	  9.570	  BBias	     --	     --	  1.072	     --
[component_container-11] 	  9.570	  Sonar	     --	     --	    inf	     --
[component_container-11] 	  9.570	  Magnt	     --	     --	     --	 -2.537
[component_container-11] 
[component_container-11] 	  9.600	   Pose	 -2.026	 -2.157	  4.525	 -2.599
[component_container-11] 	  9.600	  Twist	  0.005	 -0.042	  0.455	 -0.279
[component_container-11] 	  9.600	ErrPose	 -0.299	  0.002	  0.048	  0.005
[component_container-11] 	  9.600	ErrTwis	  0.079	 -0.098	  0.053	 -0.001
[component_container-11] 	  9.600	    GPS	 -2.201	 -2.218	  4.528	     --
[component_container-11] 	  9.600	   Baro	     --	     --	  5.424	     --
[component_container-11] 	  9.600	  BBias	     --	     --	  1.072	     --
[component_container-11] 	  9.600	  Sonar	     --	     --	    inf	     --
[component_container-11] 	  9.600	  Magnt	     --	     --	     --	 -2.537
[component_container-11] 
[component_container-11] 	  9.640	   Pose	 -2.026	 -2.158	  4.540	 -2.610
[component_container-11] 	  9.640	  Twist	  0.008	 -0.043	  0.449	 -0.286
[component_container-11] 	  9.640	ErrPose	 -0.305	  0.007	  0.053	  0.005
[component_container-11] 	  9.640	ErrTwis	  0.077	 -0.095	  0.059	  0.006
[component_container-11] 	  9.640	    GPS	 -2.201	 -2.218	  4.528	     --
[component_container-11] 	  9.640	   Baro	     --	     --	  5.564	     --
[component_container-11] 	  9.640	  BBias	     --	     --	  1.072	     --
[component_container-11] 	  9.640	  Sonar	     --	     --	    inf	     --
[component_container-11] 	  9.640	  Magnt	     --	     --	     --	 -2.570
[component_container-11] 
[component_container-11] 	  9.670	   Pose	 -2.025	 -2.160	  4.564	 -2.618
[component_container-11] 	  9.670	  Twist	  0.011	 -0.044	  0.458	 -0.298
[component_container-11] 	  9.670	ErrPose	 -0.308	  0.010	  0.039	  0.007
[component_container-11] 	  9.670	ErrTwis	  0.074	 -0.093	  0.050	  0.019
[component_container-11] 	  9.670	    GPS	 -2.201	 -2.218	  4.528	     --
[component_container-11] 	  9.670	   Baro	     --	     --	  5.752	     --
[component_container-11] 	  9.670	  BBias	     --	     --	  1.072	     --
[component_container-11] 	  9.670	  Sonar	     --	     --	    inf	     --
[component_container-11] 	  9.670	  Magnt	     --	     --	     --	 -2.580
[component_container-11] 
[component_container-11] 	  9.700	   Pose	 -2.025	 -2.161	  4.578	 -2.626
[component_container-11] 	  9.700	  Twist	  0.013	 -0.045	  0.454	 -0.273
[component_container-11] 	  9.700	ErrPose	 -0.314	  0.014	  0.046	  0.004
[component_container-11] 	  9.700	ErrTwis	  0.072	 -0.091	  0.053	 -0.006
[component_container-11] 	  9.700	    GPS	 -2.201	 -2.218	  4.528	     --
[component_container-11] 	  9.700	   Baro	     --	     --	  5.752	     --
[component_container-11] 	  9.700	  BBias	     --	     --	  1.072	     --
[component_container-11] 	  9.700	  Sonar	     --	     --	    inf	     --
[component_container-11] 	  9.700	  Magnt	     --	     --	     --	 -2.580
[component_container-11] 
[component_container-11] 	  9.740	   Pose	 -2.024	 -2.163	  4.590	 -2.637
[component_container-11] 	  9.740	  Twist	  0.018	 -0.046	  0.443	 -0.294
[component_container-11] 	  9.740	ErrPose	 -0.320	  0.019	  0.054	  0.003
[component_container-11] 	  9.740	ErrTwis	  0.067	 -0.089	  0.063	  0.014
[component_container-11] 	  9.740	    GPS	 -2.201	 -2.218	  4.528	     --
[component_container-11] 	  9.740	   Baro	     --	     --	  5.575	     --
[component_container-11] 	  9.740	  BBias	     --	     --	  1.072	     --
[component_container-11] 	  9.740	  Sonar	     --	     --	    inf	     --
[component_container-11] 	  9.740	  Magnt	     --	     --	     --	 -2.597
[component_container-11] 
[component_container-11] 	  9.770	   Pose	 -2.024	 -2.164	  4.604	 -2.646
[component_container-11] 	  9.770	  Twist	  0.021	 -0.046	  0.440	 -0.279
[component_container-11] 	  9.770	ErrPose	 -0.324	  0.022	  0.050	  0.007
[component_container-11] 	  9.770	ErrTwis	  0.064	 -0.087	  0.065	 -0.001
[component_container-11] 	  9.770	    GPS	 -2.201	 -2.218	  4.528	     --
[component_container-11] 	  9.770	   Baro	     --	     --	  5.681	     --
[component_container-11] 	  9.770	  BBias	     --	     --	  1.072	     --
[component_container-11] 	  9.770	  Sonar	     --	     --	    inf	     --
[component_container-11] 	  9.770	  Magnt	     --	     --	     --	 -2.646
[component_container-11] 
[component_container-11] 	  9.800	   Pose	 -2.023	 -2.165	  4.618	 -2.654
[component_container-11] 	  9.800	  Twist	  0.023	 -0.047	  0.435	 -0.274
[component_container-11] 	  9.800	ErrPose	 -0.330	  0.026	  0.057	  0.004
[component_container-11] 	  9.800	ErrTwis	  0.061	 -0.085	  0.067	 -0.005
[component_container-11] 	  9.800	    GPS	 -2.201	 -2.218	  4.528	     --
[component_container-11] 	  9.800	   Baro	     --	     --	  5.681	     --
[component_container-11] 	  9.800	  BBias	     --	     --	  1.072	     --
[component_container-11] 	  9.800	  Sonar	     --	     --	    inf	     --
[component_container-11] 	  9.800	  Magnt	     --	     --	     --	 -2.646
[component_container-11] 
[component_container-11] 	  9.840	   Pose	 -2.022	 -2.167	  4.646	 -2.665
[component_container-11] 	  9.840	  Twist	  0.027	 -0.047	  0.438	 -0.293
[component_container-11] 	  9.840	ErrPose	 -0.336	  0.031	  0.048	  0.004
[component_container-11] 	  9.840	ErrTwis	  0.056	 -0.083	  0.059	  0.014
[component_container-11] 	  9.840	    GPS	 -2.201	 -2.218	  4.528	     --
[component_container-11] 	  9.840	   Baro	     --	     --	  5.821	     --
[component_container-11] 	  9.840	  BBias	     --	     --	  1.072	     --
[component_container-11] 	  9.840	  Sonar	     --	     --	    inf	     --
[component_container-11] 	  9.840	  Magnt	     --	     --	     --	 -2.647
[component_container-11] 
[component_container-11] 	  9.870	   Pose	 -2.021	 -2.169	  4.655	 -2.673
[component_container-11] 	  9.870	  Twist	  0.029	 -0.048	  0.428	 -0.282
[component_container-11] 	  9.870	ErrPose	 -0.339	  0.034	  0.049	  0.006
[component_container-11] 	  9.870	ErrTwis	  0.053	 -0.081	  0.067	  0.002
[component_container-11] 	  9.870	    GPS	 -2.201	 -2.218	  4.528	     --
[component_container-11] 	  9.870	   Baro	     --	     --	  5.677	     --
[component_container-11] 	  9.870	  BBias	     --	     --	  1.072	     --
[component_container-11] 	  9.870	  Sonar	     --	     --	    inf	     --
[component_container-11] 	  9.870	  Magnt	     --	     --	     --	 -2.649
[component_container-11] 
[component_container-11] 	  9.900	   Pose	 -2.020	 -2.170	  4.668	 -2.682
[component_container-11] 	  9.900	  Twist	  0.031	 -0.048	  0.421	 -0.284
[component_container-11] 	  9.900	ErrPose	 -0.345	  0.039	  0.055	  0.003
[component_container-11] 	  9.900	ErrTwis	  0.049	 -0.079	  0.068	  0.004
[component_container-11] 	  9.900	    GPS	 -2.201	 -2.218	  4.528	     --
[component_container-11] 	  9.900	   Baro	     --	     --	  5.677	     --
[component_container-11] 	  9.900	  BBias	     --	     --	  1.072	     --
[component_container-11] 	  9.900	  Sonar	     --	     --	    inf	     --
[component_container-11] 	  9.900	  Magnt	     --	     --	     --	 -2.649
[component_container-11] 
[component_container-11] 	  9.940	   Pose	 -2.019	 -2.172	  4.692	 -2.693
[component_container-11] 	  9.940	  Twist	  0.034	 -0.049	  0.418	 -0.286
[component_container-11] 	  9.940	ErrPose	 -0.351	  0.044	  0.051	  0.003
[component_container-11] 	  9.940	ErrTwis	  0.045	 -0.076	  0.064	  0.006
[component_container-11] 	  9.940	    GPS	 -2.201	 -2.218	  4.528	     --
[component_container-11] 	  9.940	   Baro	     --	     --	  5.819	     --
[component_container-11] 	  9.940	  BBias	     --	     --	  1.072	     --
[component_container-11] 	  9.940	  Sonar	     --	     --	    inf	     --
[component_container-11] 	  9.940	  Magnt	     --	     --	     --	 -2.673
[component_container-11] 
[component_container-11] 	  9.970	   Pose	 -2.018	 -2.174	  4.700	 -2.701
[component_container-11] 	  9.970	  Twist	  0.037	 -0.050	  0.406	 -0.277
[component_container-11] 	  9.970	ErrPose	 -0.354	  0.047	  0.052	  0.006
[component_container-11] 	  9.970	ErrTwis	  0.041	 -0.074	  0.073	 -0.003
[component_container-11] 	  9.970	    GPS	 -2.201	 -2.218	  4.528	     --
[component_container-11] 	  9.970	   Baro	     --	     --	  5.718	     --
[component_container-11] 	  9.970	  BBias	     --	     --	  1.072	     --
[component_container-11] 	  9.970	  Sonar	     --	     --	    inf	     --
[component_container-11] 	  9.970	  Magnt	     --	     --	     --	 -2.688
[component_container-11] 
[component_container-11] [INFO] [1775368634.107696061] [drone.controller]: cmd_vel body=(-0.090, -0.149, 0.300) yaw=-0.300 | odom_received=true | plan_points=4
[component_container-11] 	 10.000	   Pose	 -2.017	 -2.175	  4.712	 -2.709
[component_container-11] 	 10.000	  Twist	  0.040	 -0.051	  0.397	 -0.292
[component_container-11] 	 10.000	ErrPose	 -0.360	  0.052	  0.059	  0.003
[component_container-11] 	 10.000	ErrTwis	  0.036	 -0.072	  0.074	  0.012
[component_container-11] 	 10.000	    GPS	 -2.201	 -2.218	  4.528	     --
[component_container-11] 	 10.000	   Baro	     --	     --	  5.718	     --
[component_container-11] 	 10.000	  BBias	     --	     --	  1.072	     --
[component_container-11] 	 10.000	  Sonar	     --	     --	    inf	     --
[component_container-11] 	 10.000	  Magnt	     --	     --	     --	 -2.688
[component_container-11] 
[component_container-11] [INFO] [1775368634.107990200] [drone.estimator]: TMP LOG err_xyz=(-0.360, 0.052, 0.059) | z_est=4.712 vz_est=0.397 bias=1.072 | gps_z=4.528 sonar=inf baro=5.718
[component_container-11] [INFO] [1775368634.112751509] [drone.estimator]: TMP LOG gps innov_xy=(-0.207, 0.114) est_xy=(-2.016, -2.176) gps_xy=(-2.223, -2.062) corr_xy=(-2.223, -2.062) vel_xy=(0.041, -0.051)
[component_container-11] [INFO] [1775368634.112886155] [drone.estimator]: TMP LOG gps vel pseudo raw=(-0.045, 0.313) filt=(-0.081, 0.262) innov_v=(-0.094, 0.298) apply=(1,1)
[component_container-11] 	 10.040	   Pose	 -2.092	 -2.100	  4.736	 -2.721
[component_container-11] 	 10.040	  Twist	  0.000	  0.011	  0.393	 -0.276
[component_container-11] 	 10.040	ErrPose	 -0.290	 -0.020	  0.052	  0.003
[component_container-11] 	 10.040	ErrTwis	  0.073	 -0.133	  0.069	 -0.004
[component_container-11] 	 10.040	    GPS	 -2.223	 -2.062	  4.775	     --
[component_container-11] 	 10.040	   Baro	     --	     --	  5.769	     --
[component_container-11] 	 10.040	  BBias	     --	     --	  1.071	     --
[component_container-11] 	 10.040	  Sonar	     --	     --	    inf	     --
[component_container-11] 	 10.040	  Magnt	     --	     --	     --	 -2.704
[component_container-11] 
[component_container-11] 	 10.070	   Pose	 -2.091	 -2.100	  4.744	 -2.729
[component_container-11] 	 10.070	  Twist	  0.002	  0.010	  0.379	 -0.277
[component_container-11] 	 10.070	ErrPose	 -0.292	 -0.019	  0.054	  0.006
[component_container-11] 	 10.070	ErrTwis	  0.070	 -0.132	  0.077	 -0.003
[component_container-11] 	 10.070	    GPS	 -2.223	 -2.062	  4.775	     --
[component_container-11] 	 10.070	   Baro	     --	     --	  5.762	     --
[component_container-11] 	 10.070	  BBias	     --	     --	  1.071	     --
[component_container-11] 	 10.070	  Sonar	     --	     --	    inf	     --
[component_container-11] 	 10.070	  Magnt	     --	     --	     --	 -2.741
[component_container-11] 
[component_container-11] [INFO] [1775368634.207893488] [drone.behavior]: Behavior transition TAKEOFF -> TURTLE_POSITION | turtle_stop=false | waypoint=(-2.00, -2.00, 5.00)
[component_container-11] [INFO] [1775368634.207959916] [drone.behavior]: Behavior target TURTLE_POSITION | new_waypoint=(1.29, -0.61, 5.00)
[component_container-11] 	 10.100	   Pose	 -2.091	 -2.100	  4.755	 -2.738
[component_container-11] 	 10.100	  Twist	  0.005	  0.010	  0.370	 -0.279
[component_container-11] 	 10.100	ErrPose	 -0.297	 -0.015	  0.060	  0.004
[component_container-11] 	 10.100	ErrTwis	  0.065	 -0.131	  0.077	 -0.001
[component_container-11] 	 10.100	    GPS	 -2.223	 -2.062	  4.775	     --
[component_container-11] 	 10.100	   Baro	     --	     --	  5.762	     --
[component_container-11] 	 10.100	  BBias	     --	     --	  1.071	     --
[component_container-11] 	 10.100	  Sonar	     --	     --	    inf	     --
[component_container-11] 	 10.100	  Magnt	     --	     --	     --	 -2.741
[component_container-11] 
[component_container-11] 	 10.140	   Pose	 -2.091	 -2.099	  4.774	 -2.749
[component_container-11] 	 10.140	  Twist	  0.008	  0.009	  0.360	 -0.286
[component_container-11] 	 10.140	ErrPose	 -0.301	 -0.012	  0.059	  0.004
[component_container-11] 	 10.140	ErrTwis	  0.059	 -0.130	  0.076	  0.006
[component_container-11] 	 10.140	    GPS	 -2.223	 -2.062	  4.775	     --
[component_container-11] 	 10.140	   Baro	     --	     --	  5.877	     --
[component_container-11] 	 10.140	  BBias	     --	     --	  1.071	     --
[component_container-11] 	 10.140	  Sonar	     --	     --	    inf	     --
[component_container-11] 	 10.140	  Magnt	     --	     --	     --	 -2.741
[component_container-11] 
[component_container-11] 	 10.170	   Pose	 -2.091	 -2.099	  4.785	 -2.758
[component_container-11] 	 10.170	  Twist	  0.010	  0.008	  0.351	 -0.277
[component_container-11] 	 10.170	ErrPose	 -0.303	 -0.011	  0.056	  0.007
[component_container-11] 	 10.170	ErrTwis	  0.056	 -0.129	  0.080	 -0.003
[component_container-11] 	 10.170	    GPS	 -2.223	 -2.062	  4.775	     --
[component_container-11] 	 10.170	   Baro	     --	     --	  5.858	     --
[component_container-11] 	 10.170	  BBias	     --	     --	  1.071	     --
[component_container-11] 	 10.170	  Sonar	     --	     --	    inf	     --
[component_container-11] 	 10.170	  Magnt	     --	     --	     --	 -2.772
[component_container-11] 
[component_container-11] 	 10.200	   Pose	 -2.091	 -2.099	  4.795	 -2.767
[component_container-11] 	 10.200	  Twist	  0.011	  0.008	  0.336	 -0.292
[component_container-11] 	 10.200	ErrPose	 -0.307	 -0.007	  0.062	  0.005
[component_container-11] 	 10.200	ErrTwis	  0.051	 -0.129	  0.082	  0.013
[component_container-11] 	 10.200	    GPS	 -2.223	 -2.062	  4.775	     --
[component_container-11] 	 10.200	   Baro	     --	     --	  5.858	     --
[component_container-11] 	 10.200	  BBias	     --	     --	  1.071	     --
[component_container-11] 	 10.200	  Sonar	     --	     --	    inf	     --
[component_container-11] 	 10.200	  Magnt	     --	     --	     --	 -2.772
[component_container-11] 
[component_container-11] 	 10.240	   Pose	 -2.090	 -2.098	  4.823	 -2.778
[component_container-11] 	 10.240	  Twist	  0.013	  0.007	  0.326	 -0.269
[component_container-11] 	 10.240	ErrPose	 -0.312	 -0.004	  0.050	  0.005
[component_container-11] 	 10.240	ErrTwis	  0.047	 -0.128	  0.077	 -0.010
[component_container-11] 	 10.240	    GPS	 -2.223	 -2.062	  4.775	     --
[component_container-11] 	 10.240	   Baro	     --	     --	  6.039	     --
[component_container-11] 	 10.240	  BBias	     --	     --	  1.071	     --
[component_container-11] 	 10.240	  Sonar	     --	     --	    inf	     --
[component_container-11] 	 10.240	  Magnt	     --	     --	     --	 -2.769
[component_container-11] 
[component_container-11] 	 10.270	   Pose	 -2.090	 -2.098	  4.829	 -2.786
[component_container-11] 	 10.270	  Twist	  0.015	  0.006	  0.303	 -0.287
[component_container-11] 	 10.270	ErrPose	 -0.314	 -0.002	  0.051	  0.007
[component_container-11] 	 10.270	ErrTwis	  0.044	 -0.127	  0.089	  0.009
[component_container-11] 	 10.270	    GPS	 -2.223	 -2.062	  4.775	     --
[component_container-11] 	 10.270	   Baro	     --	     --	  5.862	     --
[component_container-11] 	 10.270	  BBias	     --	     --	  1.071	     --
[component_container-11] 	 10.270	  Sonar	     --	     --	    inf	     --
[component_container-11] 	 10.270	  Magnt	     --	     --	     --	 -2.750
[component_container-11] 
[component_container-11] 	 10.300	   Pose	 -2.089	 -2.098	  4.838	 -2.794
[component_container-11] 	 10.300	  Twist	  0.017	  0.005	  0.284	 -0.270
[component_container-11] 	 10.300	ErrPose	 -0.317	  0.002	  0.056	  0.004
[component_container-11] 	 10.300	ErrTwis	  0.038	 -0.124	  0.086	 -0.007
[component_container-11] 	 10.300	    GPS	 -2.223	 -2.062	  4.775	     --
[component_container-11] 	 10.300	   Baro	     --	     --	  5.862	     --
[component_container-11] 	 10.300	  BBias	     --	     --	  1.071	     --
[component_container-11] 	 10.300	  Sonar	     --	     --	    inf	     --
[component_container-11] 	 10.300	  Magnt	     --	     --	     --	 -2.750
[component_container-11] 
[component_container-11] 	 10.340	   Pose	 -2.088	 -2.098	  4.858	 -2.805
[component_container-11] 	 10.340	  Twist	  0.020	  0.003	  0.269	 -0.274
[component_container-11] 	 10.340	ErrPose	 -0.321	  0.005	  0.049	  0.004
[component_container-11] 	 10.340	ErrTwis	  0.028	 -0.121	  0.078	 -0.003
[component_container-11] 	 10.340	    GPS	 -2.223	 -2.062	  4.775	     --
[component_container-11] 	 10.340	   Baro	     --	     --	  6.018	     --
[component_container-11] 	 10.340	  BBias	     --	     --	  1.071	     --
[component_container-11] 	 10.340	  Sonar	     --	     --	    inf	     --
[component_container-11] 	 10.340	  Magnt	     --	     --	     --	 -2.796
[component_container-11] 
[component_container-11] 	 10.370	   Pose	 -2.088	 -2.098	  4.853	 -2.813
[component_container-11] 	 10.370	  Twist	  0.021	  0.002	  0.237	 -0.273
[component_container-11] 	 10.370	ErrPose	 -0.323	  0.007	  0.061	  0.006
[component_container-11] 	 10.370	ErrTwis	  0.022	 -0.117	  0.098	 -0.004
[component_container-11] 	 10.370	    GPS	 -2.223	 -2.062	  4.775	     --
[component_container-11] 	 10.370	   Baro	     --	     --	  5.783	     --
[component_container-11] 	 10.370	  BBias	     --	     --	  1.071	     --
[component_container-11] 	 10.370	  Sonar	     --	     --	    inf	     --
[component_container-11] 	 10.370	  Magnt	     --	     --	     --	 -2.808
[component_container-11] 
[component_container-11] 	 10.400	   Pose	 -2.087	 -2.098	  4.860	 -2.821
[component_container-11] 	 10.400	  Twist	  0.023	  0.000	  0.221	 -0.267
[component_container-11] 	 10.400	ErrPose	 -0.325	  0.011	  0.066	  0.004
[component_container-11] 	 10.400	ErrTwis	  0.012	 -0.113	  0.093	 -0.010
[component_container-11] 	 10.400	    GPS	 -2.223	 -2.062	  4.775	     --
[component_container-11] 	 10.400	   Baro	     --	     --	  5.783	     --
[component_container-11] 	 10.400	  BBias	     --	     --	  1.071	     --
[component_container-11] 	 10.400	  Sonar	     --	     --	    inf	     --
[component_container-11] 	 10.400	  Magnt	     --	     --	     --	 -2.808
[component_container-11] 
[component_container-11] 	 10.440	   Pose	 -2.086	 -2.098	  4.866	 -2.833
[component_container-11] 	 10.440	  Twist	  0.025	 -0.001	  0.197	 -0.286
[component_container-11] 	 10.440	ErrPose	 -0.328	  0.015	  0.070	  0.004
[component_container-11] 	 10.440	ErrTwis	 -0.001	 -0.109	  0.097	  0.009
[component_container-11] 	 10.440	    GPS	 -2.223	 -2.062	  4.775	     --
[component_container-11] 	 10.440	   Baro	     --	     --	  5.912	     --
[component_container-11] 	 10.440	  BBias	     --	     --	  1.071	     --
[component_container-11] 	 10.440	  Sonar	     --	     --	    inf	     --
[component_container-11] 	 10.440	  Magnt	     --	     --	     --	 -2.840
[component_container-11] 
[component_container-11] 	 10.470	   Pose	 -2.085	 -2.098	  4.881	 -2.841
[component_container-11] 	 10.470	  Twist	  0.027	 -0.002	  0.192	 -0.289
[component_container-11] 	 10.470	ErrPose	 -0.329	  0.017	  0.061	  0.007
[component_container-11] 	 10.470	ErrTwis	 -0.009	 -0.106	  0.093	  0.013
[component_container-11] 	 10.470	    GPS	 -2.223	 -2.062	  4.775	     --
[component_container-11] 	 10.470	   Baro	     --	     --	  6.044	     --
[component_container-11] 	 10.470	  BBias	     --	     --	  1.071	     --
[component_container-11] 	 10.470	  Sonar	     --	     --	    inf	     --
[component_container-11] 	 10.470	  Magnt	     --	     --	     --	 -2.825
[component_container-11] 
[component_container-11] 	 10.500	   Pose	 -2.085	 -2.098	  4.887	 -2.850
[component_container-11] 	 10.500	  Twist	  0.029	 -0.004	  0.177	 -0.278
[component_container-11] 	 10.500	ErrPose	 -0.330	  0.021	  0.065	  0.004
[component_container-11] 	 10.500	ErrTwis	 -0.024	 -0.103	  0.089	  0.001
[component_container-11] 	 10.500	    GPS	 -2.223	 -2.062	  4.775	     --
[component_container-11] 	 10.500	   Baro	     --	     --	  6.044	     --
[component_container-11] 	 10.500	  BBias	     --	     --	  1.071	     --
[component_container-11] 	 10.500	  Sonar	     --	     --	    inf	     --
[component_container-11] 	 10.500	  Magnt	     --	     --	     --	 -2.825
[component_container-11] 
[component_container-11] 	 10.540	   Pose	 -2.168	 -2.141	  4.908	 -2.862
[component_container-11] 	 10.540	  Twist	 -0.020	 -0.040	  0.174	 -0.287
[component_container-11] 	 10.540	ErrPose	 -0.247	  0.069	  0.053	  0.006
[component_container-11] 	 10.540	ErrTwis	  0.010	 -0.066	  0.076	  0.010
[component_container-11] 	 10.540	    GPS	 -2.296	 -2.168	  4.955	     --
[component_container-11] 	 10.540	   Baro	     --	     --	  6.007	     --
[component_container-11] 	 10.540	  BBias	     --	     --	  1.070	     --
[component_container-11] 	 10.540	  Sonar	     --	     --	    inf	     --
[component_container-11] 	 10.540	  Magnt	     --	     --	     --	 -2.914
[component_container-11] 
[component_container-11] 	 10.570	   Pose	 -2.168	 -2.142	  4.917	 -2.870
[component_container-11] 	 10.570	  Twist	 -0.018	 -0.041	  0.166	 -0.277
[component_container-11] 	 10.570	ErrPose	 -0.247	  0.072	  0.049	  0.008
[component_container-11] 	 10.570	ErrTwis	  0.001	 -0.064	  0.077	 -0.000
[component_container-11] 	 10.570	    GPS	 -2.296	 -2.168	  4.955	     --
[component_container-11] 	 10.570	   Baro	     --	     --	  6.032	     --
[component_container-11] 	 10.570	  BBias	     --	     --	  1.070	     --
[component_container-11] 	 10.570	  Sonar	     --	     --	    inf	     --
[component_container-11] 	 10.570	  Magnt	     --	     --	     --	 -2.844
[component_container-11] 
[component_container-11] 	 10.600	   Pose	 -2.169	 -2.144	  4.922	 -2.878
[component_container-11] 	 10.600	  Twist	 -0.016	 -0.043	  0.154	 -0.255
[component_container-11] 	 10.600	ErrPose	 -0.245	  0.079	  0.053	  0.005
[component_container-11] 	 10.600	ErrTwis	 -0.018	 -0.063	  0.075	 -0.022
[component_container-11] 	 10.600	    GPS	 -2.296	 -2.168	  4.955	     --
[component_container-11] 	 10.600	   Baro	     --	     --	  6.032	     --
[component_container-11] 	 10.600	  BBias	     --	     --	  1.070	     --
[component_container-11] 	 10.600	  Sonar	     --	     --	    inf	     --
[component_container-11] 	 10.600	  Magnt	     --	     --	     --	 -2.844
[component_container-11] 
[component_container-11] 	 10.640	   Pose	 -2.169	 -2.145	  4.927	 -2.889
[component_container-11] 	 10.640	  Twist	 -0.014	 -0.045	  0.136	 -0.283
[component_container-11] 	 10.640	ErrPose	 -0.243	  0.085	  0.056	  0.005
[component_container-11] 	 10.640	ErrTwis	 -0.038	 -0.062	  0.078	  0.005
[component_container-11] 	 10.640	    GPS	 -2.296	 -2.168	  4.955	     --
[component_container-11] 	 10.640	   Baro	     --	     --	  5.985	     --
[component_container-11] 	 10.640	  BBias	     --	     --	  1.070	     --
[component_container-11] 	 10.640	  Sonar	     --	     --	    inf	     --
[component_container-11] 	 10.640	  Magnt	     --	     --	     --	 -2.857
[component_container-11] 
[component_container-11] 	 10.670	   Pose	 -2.170	 -2.147	  4.947	 -2.898
[component_container-11] 	 10.670	  Twist	 -0.012	 -0.046	  0.140	 -0.296
[component_container-11] 	 10.670	ErrPose	 -0.241	  0.089	  0.040	  0.008
[component_container-11] 	 10.670	ErrTwis	 -0.049	 -0.062	  0.068	  0.019
[component_container-11] 	 10.670	    GPS	 -2.296	 -2.168	  4.955	     --
[component_container-11] 	 10.670	   Baro	     --	     --	  6.193	     --
[component_container-11] 	 10.670	  BBias	     --	     --	  1.071	     --
[component_container-11] 	 10.670	  Sonar	     --	     --	    inf	     --
[component_container-11] 	 10.670	  Magnt	     --	     --	     --	 -2.917
[component_container-11] 
[component_container-11] 	 10.700	   Pose	 -2.170	 -2.148	  4.951	 -2.906
[component_container-11] 	 10.700	  Twist	 -0.011	 -0.048	  0.129	 -0.277
[component_container-11] 	 10.700	ErrPose	 -0.238	  0.096	  0.043	  0.005
[component_container-11] 	 10.700	ErrTwis	 -0.069	 -0.063	  0.066	 -0.000
[component_container-11] 	 10.700	    GPS	 -2.296	 -2.168	  4.955	     --
[component_container-11] 	 10.700	   Baro	     --	     --	  6.193	     --
[component_container-11] 	 10.700	  BBias	     --	     --	  1.071	     --
[component_container-11] 	 10.700	  Sonar	     --	     --	    inf	     --
[component_container-11] 	 10.700	  Magnt	     --	     --	     --	 -2.917
[component_container-11] 
[component_container-11] 	 10.740	   Pose	 -2.170	 -2.150	  4.956	 -2.918
[component_container-11] 	 10.740	  Twist	 -0.008	 -0.049	  0.115	 -0.284
[component_container-11] 	 10.740	ErrPose	 -0.234	  0.104	  0.044	  0.006
[component_container-11] 	 10.740	ErrTwis	 -0.091	 -0.066	  0.067	  0.006
[component_container-11] 	 10.740	    GPS	 -2.296	 -2.168	  4.955	     --
[component_container-11] 	 10.740	   Baro	     --	     --	  6.026	     --
[component_container-11] 	 10.740	  BBias	     --	     --	  1.071	     --
[component_container-11] 	 10.740	  Sonar	     --	     --	    inf	     --
[component_container-11] 	 10.740	  Magnt	     --	     --	     --	 -2.934
[component_container-11] 
[component_container-11] 	 10.770	   Pose	 -2.171	 -2.152	  4.969	 -2.927
[component_container-11] 	 10.770	  Twist	 -0.007	 -0.051	  0.114	 -0.281
[component_container-11] 	 10.770	ErrPose	 -0.231	  0.109	  0.034	  0.009
[component_container-11] 	 10.770	ErrTwis	 -0.103	 -0.067	  0.062	  0.003
[component_container-11] 	 10.770	    GPS	 -2.296	 -2.168	  4.955	     --
[component_container-11] 	 10.770	   Baro	     --	     --	  6.144	     --
[component_container-11] 	 10.770	  BBias	     --	     --	  1.071	     --
[component_container-11] 	 10.770	  Sonar	     --	     --	    inf	     --
[component_container-11] 	 10.770	  Magnt	     --	     --	     --	 -2.940
[component_container-11] 
[component_container-11] 	 10.800	   Pose	 -2.171	 -2.153	  4.973	 -2.935
[component_container-11] 	 10.800	  Twist	 -0.007	 -0.052	  0.104	 -0.276
[component_container-11] 	 10.800	ErrPose	 -0.226	  0.117	  0.037	  0.006
[component_container-11] 	 10.800	ErrTwis	 -0.124	 -0.071	  0.061	 -0.002
[component_container-11] 	 10.800	    GPS	 -2.296	 -2.168	  4.955	     --
[component_container-11] 	 10.800	   Baro	     --	     --	  6.144	     --
[component_container-11] 	 10.800	  BBias	     --	     --	  1.071	     --
[component_container-11] 	 10.800	  Sonar	     --	     --	    inf	     --
[component_container-11] 	 10.800	  Magnt	     --	     --	     --	 -2.940
[component_container-11] 
[component_container-11] 	 10.840	   Pose	 -2.171	 -2.155	  4.996	 -2.947
[component_container-11] 	 10.840	  Twist	 -0.005	 -0.055	  0.111	 -0.285
[component_container-11] 	 10.840	ErrPose	 -0.220	  0.126	  0.019	  0.007
[component_container-11] 	 10.840	ErrTwis	 -0.148	 -0.075	  0.044	  0.006
[component_container-11] 	 10.840	    GPS	 -2.296	 -2.168	  4.955	     --
[component_container-11] 	 10.840	   Baro	     --	     --	  6.268	     --
[component_container-11] 	 10.840	  BBias	     --	     --	  1.071	     --
[component_container-11] 	 10.840	  Sonar	     --	     --	    inf	     --
[component_container-11] 	 10.840	  Magnt	     --	     --	     --	 -2.964
[component_container-11] 
[component_container-11] 	 10.870	   Pose	 -2.171	 -2.157	  4.996	 -2.955
[component_container-11] 	 10.870	  Twist	 -0.004	 -0.056	  0.097	 -0.295
[component_container-11] 	 10.870	ErrPose	 -0.216	  0.131	  0.021	  0.010
[component_container-11] 	 10.870	ErrTwis	 -0.159	 -0.077	  0.053	  0.016
[component_container-11] 	 10.870	    GPS	 -2.296	 -2.168	  4.955	     --
[component_container-11] 	 10.870	   Baro	     --	     --	  6.026	     --
[component_container-11] 	 10.870	  BBias	     --	     --	  1.071	     --
[component_container-11] 	 10.870	  Sonar	     --	     --	    inf	     --
[component_container-11] 	 10.870	  Magnt	     --	     --	     --	 -2.950
[component_container-11] 
[component_container-11] 	 10.900	   Pose	 -2.171	 -2.159	  4.998	 -2.964
[component_container-11] 	 10.900	  Twist	 -0.004	 -0.058	  0.089	 -0.280
[component_container-11] 	 10.900	ErrPose	 -0.209	  0.140	  0.023	  0.007
[component_container-11] 	 10.900	ErrTwis	 -0.183	 -0.083	  0.052	  0.002
[component_container-11] 	 10.900	    GPS	 -2.296	 -2.168	  4.955	     --
[component_container-11] 	 10.900	   Baro	     --	     --	  6.026	     --
[component_container-11] 	 10.900	  BBias	     --	     --	  1.071	     --
[component_container-11] 	 10.900	  Sonar	     --	     --	    inf	     --
[component_container-11] 	 10.900	  Magnt	     --	     --	     --	 -2.950
[component_container-11] 
[component_container-11] 	 10.940	   Pose	 -2.172	 -2.161	  5.013	 -2.975
[component_container-11] 	 10.940	  Twist	 -0.002	 -0.061	  0.086	 -0.279
[component_container-11] 	 10.940	ErrPose	 -0.201	  0.150	  0.013	  0.007
[component_container-11] 	 10.940	ErrTwis	 -0.208	 -0.089	  0.045	  0.001
[component_container-11] 	 10.940	    GPS	 -2.296	 -2.168	  4.955	     --
[component_container-11] 	 10.940	   Baro	     --	     --	  6.191	     --
[component_container-11] 	 10.940	  BBias	     --	     --	  1.071	     --
[component_container-11] 	 10.940	  Sonar	     --	     --	    inf	     --
[component_container-11] 	 10.940	  Magnt	     --	     --	     --	 -2.943
[component_container-11] 
[component_container-11] 	 10.970	   Pose	 -2.172	 -2.163	  5.017	 -2.983
[component_container-11] 	 10.970	  Twist	 -0.001	 -0.063	  0.079	 -0.280
[component_container-11] 	 10.970	ErrPose	 -0.196	  0.156	  0.011	  0.009
[component_container-11] 	 10.970	ErrTwis	 -0.220	 -0.091	  0.047	  0.002
[component_container-11] 	 10.970	    GPS	 -2.296	 -2.168	  4.955	     --
[component_container-11] 	 10.970	   Baro	     --	     --	  6.102	     --
[component_container-11] 	 10.970	  BBias	     --	     --	  1.071	     --
[component_container-11] 	 10.970	  Sonar	     --	     --	    inf	     --
[component_container-11] 	 10.970	  Magnt	     --	     --	     --	 -2.973
[component_container-11] 
[component_container-11] [INFO] [1775368635.113273750] [drone.controller]: cmd_vel body=(-0.965, -0.264, -0.020) yaw=-0.300 | odom_received=true | plan_points=38
[component_container-11] 	 11.000	   Pose	 -2.172	 -2.165	  5.019	 -2.991
[component_container-11] 	 11.000	  Twist	 -0.000	 -0.065	  0.071	 -0.275
[component_container-11] 	 11.000	ErrPose	 -0.187	  0.167	  0.012	  0.006
[component_container-11] 	 11.000	ErrTwis	 -0.244	 -0.098	  0.047	 -0.004
[component_container-11] 	 11.000	    GPS	 -2.296	 -2.168	  4.955	     --
[component_container-11] 	 11.000	   Baro	     --	     --	  6.102	     --
[component_container-11] 	 11.000	  BBias	     --	     --	  1.071	     --
[component_container-11] 	 11.000	  Sonar	     --	     --	    inf	     --
[component_container-11] 	 11.000	  Magnt	     --	     --	     --	 -2.973
[component_container-11] 
[component_container-11] [INFO] [1775368635.113671887] [drone.estimator]: TMP LOG err_xyz=(-0.187, 0.167, 0.012) | z_est=5.019 vz_est=0.071 bias=1.071 | gps_z=4.955 sonar=inf baro=6.102
[component_container-11] [INFO] [1775368635.118467047] [drone.estimator]: TMP LOG gps innov_xy=(0.058, 0.164) est_xy=(-2.172, -2.165) gps_xy=(-2.114, -2.001) corr_xy=(-2.114, -2.001) vel_xy=(-0.000, -0.066)
[component_container-11] [INFO] [1775368635.118929490] [drone.estimator]: TMP LOG gps vel pseudo raw=(0.364, 0.334) filt=(0.314, 0.284) innov_v=(0.307, 0.328) apply=(1,1)
[component_container-11] 	 11.040	   Pose	 -2.110	 -2.071	  5.021	 -3.003
[component_container-11] 	 11.040	  Twist	  0.058	  0.008	  0.059	 -0.276
[component_container-11] 	 11.040	ErrPose	 -0.237	  0.082	  0.014	  0.007
[component_container-11] 	 11.040	ErrTwis	 -0.327	 -0.181	  0.051	 -0.003
[component_container-11] 	 11.040	    GPS	 -2.114	 -2.001	  5.032	     --
[component_container-11] 	 11.040	   Baro	     --	     --	  6.052	     --
[component_container-11] 	 11.040	  BBias	     --	     --	  1.070	     --
[component_container-11] 	 11.040	  Sonar	     --	     --	    inf	     --
[component_container-11] 	 11.040	  Magnt	     --	     --	     --	 -3.000
[component_container-11] 
[component_container-11] 	 11.070	   Pose	 -2.109	 -2.071	  5.016	 -3.010
[component_container-11] 	 11.070	  Twist	  0.059	  0.005	  0.044	 -0.286
[component_container-11] 	 11.070	ErrPose	 -0.234	  0.086	  0.020	  0.009
[component_container-11] 	 11.070	ErrTwis	 -0.340	 -0.183	  0.062	  0.007
[component_container-11] 	 11.070	    GPS	 -2.114	 -2.001	  5.032	     --
[component_container-11] 	 11.070	   Baro	     --	     --	  6.005	     --
[component_container-11] 	 11.070	  BBias	     --	     --	  1.070	     --
[component_container-11] 	 11.070	  Sonar	     --	     --	    inf	     --
[component_container-11] 	 11.070	  Magnt	     --	     --	     --	 -2.971
[component_container-11] 
[component_container-11] 	 11.100	   Pose	 -2.107	 -2.071	  5.017	 -3.019
[component_container-11] 	 11.100	  Twist	  0.059	  0.003	  0.037	 -0.285
[component_container-11] 	 11.100	ErrPose	 -0.223	  0.096	  0.022	  0.006
[component_container-11] 	 11.100	ErrTwis	 -0.364	 -0.192	  0.061	  0.006
[component_container-11] 	 11.100	    GPS	 -2.114	 -2.001	  5.032	     --
[component_container-11] 	 11.100	   Baro	     --	     --	  6.005	     --
[component_container-11] 	 11.100	  BBias	     --	     --	  1.070	     --
[component_container-11] 	 11.100	  Sonar	     --	     --	    inf	     --
[component_container-11] 	 11.100	  Magnt	     --	     --	     --	 -2.971
[component_container-11] 
[component_container-11] 	 11.140	   Pose	 -2.105	 -2.070	  5.012	 -3.030
[component_container-11] 	 11.140	  Twist	  0.059	  0.000	  0.022	 -0.282
[component_container-11] 	 11.140	ErrPose	 -0.213	  0.106	  0.029	  0.006
[component_container-11] 	 11.140	ErrTwis	 -0.388	 -0.200	  0.069	  0.003
[component_container-11] 	 11.140	    GPS	 -2.114	 -2.001	  5.032	     --
[component_container-11] 	 11.140	   Baro	     --	     --	  6.009	     --
[component_container-11] 	 11.140	  BBias	     --	     --	  1.070	     --
[component_container-11] 	 11.140	  Sonar	     --	     --	    inf	     --
[component_container-11] 	 11.140	  Magnt	     --	     --	     --	 -3.012
[component_container-11] 
[component_container-11] 	 11.170	   Pose	 -2.103	 -2.070	  5.017	 -3.039
[component_container-11] 	 11.170	  Twist	  0.059	 -0.002	  0.021	 -0.287
[component_container-11] 	 11.170	ErrPose	 -0.208	  0.111	  0.025	  0.009
[component_container-11] 	 11.170	ErrTwis	 -0.400	 -0.203	  0.068	  0.008
[component_container-11] 	 11.170	    GPS	 -2.114	 -2.001	  5.032	     --
[component_container-11] 	 11.170	   Baro	     --	     --	  6.139	     --
[component_container-11] 	 11.170	  BBias	     --	     --	  1.070	     --
[component_container-11] 	 11.170	  Sonar	     --	     --	    inf	     --
[component_container-11] 	 11.170	  Magnt	     --	     --	     --	 -3.067
[component_container-11] 
[component_container-11] 	 11.200	   Pose	 -2.101	 -2.071	  5.018	 -3.047
[component_container-11] 	 11.200	  Twist	  0.059	 -0.004	  0.015	 -0.270
[component_container-11] 	 11.200	ErrPose	 -0.195	  0.122	  0.026	  0.007
[component_container-11] 	 11.200	ErrTwis	 -0.425	 -0.212	  0.068	 -0.009
[component_container-11] 	 11.200	    GPS	 -2.114	 -2.001	  5.032	     --
[component_container-11] 	 11.200	   Baro	     --	     --	  6.139	     --
[component_container-11] 	 11.200	  BBias	     --	     --	  1.070	     --
[component_container-11] 	 11.200	  Sonar	     --	     --	    inf	     --
[component_container-11] 	 11.200	  Magnt	     --	     --	     --	 -3.067
[component_container-11] 
[component_container-11] 	 11.240	   Pose	 -2.099	 -2.071	  5.025	 -3.059
[component_container-11] 	 11.240	  Twist	  0.059	 -0.006	  0.013	 -0.275
[component_container-11] 	 11.240	ErrPose	 -0.182	  0.133	  0.021	  0.007
[component_container-11] 	 11.240	ErrTwis	 -0.449	 -0.221	  0.063	 -0.004
[component_container-11] 	 11.240	    GPS	 -2.114	 -2.001	  5.032	     --
[component_container-11] 	 11.240	   Baro	     --	     --	  6.168	     --
[component_container-11] 	 11.240	  BBias	     --	     --	  1.070	     --
[component_container-11] 	 11.240	  Sonar	     --	     --	    inf	     --
[component_container-11] 	 11.240	  Magnt	     --	     --	     --	 -3.065
[component_container-11] 
[component_container-11] 	 11.270	   Pose	 -2.097	 -2.071	  5.022	 -3.068
[component_container-11] 	 11.270	  Twist	  0.059	 -0.008	  0.005	 -0.282
[component_container-11] 	 11.270	ErrPose	 -0.175	  0.138	  0.024	  0.010
[component_container-11] 	 11.270	ErrTwis	 -0.461	 -0.223	  0.070	  0.003
[component_container-11] 	 11.270	    GPS	 -2.114	 -2.001	  5.032	     --
[component_container-11] 	 11.270	   Baro	     --	     --	  6.061	     --
[component_container-11] 	 11.270	  BBias	     --	     --	  1.070	     --
[component_container-11] 	 11.270	  Sonar	     --	     --	    inf	     --
[component_container-11] 	 11.270	  Magnt	     --	     --	     --	 -3.085
[component_container-11] 
[component_container-11] 	 11.300	   Pose	 -2.095	 -2.071	  5.022	 -3.076
[component_container-11] 	 11.300	  Twist	  0.058	 -0.011	 -0.002	 -0.273
[component_container-11] 	 11.300	ErrPose	 -0.160	  0.150	  0.025	  0.007
[component_container-11] 	 11.300	ErrTwis	 -0.484	 -0.231	  0.072	 -0.006
[component_container-11] 	 11.300	    GPS	 -2.114	 -2.001	  5.032	     --
[component_container-11] 	 11.300	   Baro	     --	     --	  6.061	     --
[component_container-11] 	 11.300	  BBias	     --	     --	  1.070	     --
[component_container-11] 	 11.300	  Sonar	     --	     --	    inf	     --
[component_container-11] 	 11.300	  Magnt	     --	     --	     --	 -3.085
[component_container-11] 
[component_container-11] 	 11.340	   Pose	 -2.093	 -2.072	  5.036	 -3.087
[component_container-11] 	 11.340	  Twist	  0.058	 -0.013	  0.005	 -0.282
[component_container-11] 	 11.340	ErrPose	 -0.144	  0.162	  0.013	  0.007
[component_container-11] 	 11.340	ErrTwis	 -0.509	 -0.238	  0.060	  0.003
[component_container-11] 	 11.340	    GPS	 -2.114	 -2.001	  5.032	     --
[component_container-11] 	 11.340	   Baro	     --	     --	  6.246	     --
[component_container-11] 	 11.340	  BBias	     --	     --	  1.070	     --
[component_container-11] 	 11.340	  Sonar	     --	     --	    inf	     --
[component_container-11] 	 11.340	  Magnt	     --	     --	     --	 -3.059
[component_container-11] 
[component_container-11] 	 11.370	   Pose	 -2.091	 -2.072	  5.040	 -3.096
[component_container-11] 	 11.370	  Twist	  0.057	 -0.016	  0.004	 -0.281
[component_container-11] 	 11.370	ErrPose	 -0.137	  0.168	  0.008	  0.010
[component_container-11] 	 11.370	ErrTwis	 -0.520	 -0.240	  0.059	  0.002
[component_container-11] 	 11.370	    GPS	 -2.114	 -2.001	  5.032	     --
[component_container-11] 	 11.370	   Baro	     --	     --	  6.157	     --
[component_container-11] 	 11.370	  BBias	     --	     --	  1.070	     --
[component_container-11] 	 11.370	  Sonar	     --	     --	    inf	     --
[component_container-11] 	 11.370	  Magnt	     --	     --	     --	 -3.099
[component_container-11] 
[component_container-11] 	 11.400	   Pose	 -2.089	 -2.073	  5.040	 -3.104
[component_container-11] 	 11.400	  Twist	  0.057	 -0.017	 -0.002	 -0.269
[component_container-11] 	 11.400	ErrPose	 -0.119	  0.181	  0.009	  0.007
[component_container-11] 	 11.400	ErrTwis	 -0.544	 -0.248	  0.060	 -0.010
[component_container-11] 	 11.400	    GPS	 -2.114	 -2.001	  5.032	     --
[component_container-11] 	 11.400	   Baro	     --	     --	  6.157	     --
[component_container-11] 	 11.400	  BBias	     --	     --	  1.070	     --
[component_container-11] 	 11.400	  Sonar	     --	     --	    inf	     --
[component_container-11] 	 11.400	  Magnt	     --	     --	     --	 -3.099
[component_container-11] 
[component_container-11] 	 11.440	   Pose	 -2.087	 -2.073	  5.046	 -3.116
[component_container-11] 	 11.440	  Twist	  0.056	 -0.021	 -0.003	 -0.284
[component_container-11] 	 11.440	ErrPose	 -0.100	  0.194	  0.003	  0.007
[component_container-11] 	 11.440	ErrTwis	 -0.566	 -0.254	  0.058	  0.004
[component_container-11] 	 11.440	    GPS	 -2.114	 -2.001	  5.032	     --
[component_container-11] 	 11.440	   Baro	     --	     --	  6.178	     --
[component_container-11] 	 11.440	  BBias	     --	     --	  1.071	     --
[component_container-11] 	 11.440	  Sonar	     --	     --	    inf	     --
[component_container-11] 	 11.440	  Magnt	     --	     --	     --	 -3.105
[component_container-11] 
[component_container-11] 	 11.470	   Pose	 -2.085	 -2.074	  5.053	 -3.124
[component_container-11] 	 11.470	  Twist	  0.056	 -0.023	 -0.002	 -0.265
[component_container-11] 	 11.470	ErrPose	 -0.091	  0.200	 -0.003	  0.011
[component_container-11] 	 11.470	ErrTwis	 -0.578	 -0.257	  0.055	 -0.015
[component_container-11] 	 11.470	    GPS	 -2.114	 -2.001	  5.032	     --
[component_container-11] 	 11.470	   Baro	     --	     --	  6.194	     --
[component_container-11] 	 11.470	  BBias	     --	     --	  1.071	     --
[component_container-11] 	 11.470	  Sonar	     --	     --	    inf	     --
[component_container-11] 	 11.470	  Magnt	     --	     --	     --	 -3.140
[component_container-11] 
[component_container-11] 	 11.500	   Pose	 -2.084	 -2.075	  5.053	 -3.133
[component_container-11] 	 11.500	  Twist	  0.055	 -0.025	 -0.008	 -0.278
[component_container-11] 	 11.500	ErrPose	 -0.070	  0.213	 -0.003	  0.008
[component_container-11] 	 11.500	ErrTwis	 -0.601	 -0.264	  0.055	 -0.002
[component_container-11] 	 11.500	    GPS	 -2.114	 -2.001	  5.032	     --
[component_container-11] 	 11.500	   Baro	     --	     --	  6.194	     --
[component_container-11] 	 11.500	  BBias	     --	     --	  1.071	     --
[component_container-11] 	 11.500	  Sonar	     --	     --	    inf	     --
[component_container-11] 	 11.500	  Magnt	     --	     --	     --	 -3.140
[component_container-11] 
[component_container-11] 	 11.540	   Pose	 -1.993	 -1.839	  5.055	  3.139
[component_container-11] 	 11.540	  Twist	  0.122	  0.144	 -0.012	 -0.269
[component_container-11] 	 11.540	ErrPose	 -0.137	 -0.010	 -0.006	  0.008
[component_container-11] 	 11.540	ErrTwis	 -0.690	 -0.442	  0.054	 -0.011
[component_container-11] 	 11.540	    GPS	 -1.929	 -1.617	  5.049	     --
[component_container-11] 	 11.540	   Baro	     --	     --	  6.166	     --
[component_container-11] 	 11.540	  BBias	     --	     --	  1.071	     --
[component_container-11] 	 11.540	  Sonar	     --	     --	    inf	     --
[component_container-11] 	 11.540	  Magnt	     --	     --	     --	 -3.139
[component_container-11] 
[component_container-11] 	 11.570	   Pose	 -1.990	 -1.835	  5.056	  3.131
[component_container-11] 	 11.570	  Twist	  0.121	  0.141	 -0.015	 -0.289
[component_container-11] 	 11.570	ErrPose	 -0.129	 -0.008	 -0.007	  0.011
[component_container-11] 	 11.570	ErrTwis	 -0.701	 -0.445	  0.056	  0.010
[component_container-11] 	 11.570	    GPS	 -1.929	 -1.617	  5.049	     --
[component_container-11] 	 11.570	   Baro	     --	     --	  6.146	     --
[component_container-11] 	 11.570	  BBias	     --	     --	  1.071	     --
[component_container-11] 	 11.570	  Sonar	     --	     --	    inf	     --
[component_container-11] 	 11.570	  Magnt	     --	     --	     --	  3.137
[component_container-11] 
[component_container-11] 	 11.600	   Pose	 -1.986	 -1.831	  5.056	  3.122
[component_container-11] 	 11.600	  Twist	  0.121	  0.139	 -0.020	 -0.274
[component_container-11] 	 11.600	ErrPose	 -0.108	  0.001	 -0.007	  0.008
[component_container-11] 	 11.600	ErrTwis	 -0.722	 -0.452	  0.058	 -0.006
[component_container-11] 	 11.600	    GPS	 -1.929	 -1.617	  5.049	     --
[component_container-11] 	 11.600	   Baro	     --	     --	  6.146	     --
[component_container-11] 	 11.600	  BBias	     --	     --	  1.071	     --
[component_container-11] 	 11.600	  Sonar	     --	     --	    inf	     --
[component_container-11] 	 11.600	  Magnt	     --	     --	     --	  3.137
[component_container-11] 
[component_container-11] 	 11.640	   Pose	 -1.981	 -1.825	  5.055	  3.111
[component_container-11] 	 11.640	  Twist	  0.120	  0.136	 -0.025	 -0.280
[component_container-11] 	 11.640	ErrPose	 -0.087	  0.008	 -0.008	  0.008
[component_container-11] 	 11.640	ErrTwis	 -0.743	 -0.459	  0.059	 -0.000
[component_container-11] 	 11.640	    GPS	 -1.929	 -1.617	  5.049	     --
[component_container-11] 	 11.640	   Baro	     --	     --	  6.134	     --
[component_container-11] 	 11.640	  BBias	     --	     --	  1.071	     --
[component_container-11] 	 11.640	  Sonar	     --	     --	    inf	     --
[component_container-11] 	 11.640	  Magnt	     --	     --	     --	  3.122
[component_container-11] 
[component_container-11] 	 11.670	   Pose	 -1.978	 -1.821	  5.047	  3.103
[component_container-11] 	 11.670	  Twist	  0.118	  0.133	 -0.037	 -0.276
[component_container-11] 	 11.670	ErrPose	 -0.077	  0.010	  0.000	  0.010
[component_container-11] 	 11.670	ErrTwis	 -0.752	 -0.461	  0.069	 -0.004
[component_container-11] 	 11.670	    GPS	 -1.929	 -1.617	  5.049	     --
[component_container-11] 	 11.670	   Baro	     --	     --	  6.031	     --
[component_container-11] 	 11.670	  BBias	     --	     --	  1.071	     --
[component_container-11] 	 11.670	  Sonar	     --	     --	    inf	     --
[component_container-11] 	 11.670	  Magnt	     --	     --	     --	  3.119
[component_container-11] 
[component_container-11] 	 11.700	   Pose	 -1.974	 -1.817	  5.046	  3.095
[component_container-11] 	 11.700	  Twist	  0.117	  0.131	 -0.041	 -0.282
[component_container-11] 	 11.700	ErrPose	 -0.053	  0.019	  0.001	  0.008
[component_container-11] 	 11.700	ErrTwis	 -0.772	 -0.469	  0.068	  0.001
[component_container-11] 	 11.700	    GPS	 -1.929	 -1.617	  5.049	     --
[component_container-11] 	 11.700	   Baro	     --	     --	  6.031	     --
[component_container-11] 	 11.700	  BBias	     --	     --	  1.071	     --
[component_container-11] 	 11.700	  Sonar	     --	     --	    inf	     --
[component_container-11] 	 11.700	  Magnt	     --	     --	     --	  3.119
[component_container-11] 
[component_container-11] 	 11.740	   Pose	 -1.970	 -1.812	  5.039	  3.082
[component_container-11] 	 11.740	  Twist	  0.115	  0.129	 -0.050	 -0.286
[component_container-11] 	 11.740	ErrPose	 -0.030	  0.027	  0.006	  0.009
[component_container-11] 	 11.740	ErrTwis	 -0.791	 -0.474	  0.074	  0.005
[component_container-11] 	 11.740	    GPS	 -1.929	 -1.617	  5.049	     --
[component_container-11] 	 11.740	   Baro	     --	     --	  6.059	     --
[component_container-11] 	 11.740	  BBias	     --	     --	  1.071	     --
[component_container-11] 	 11.740	  Sonar	     --	     --	    inf	     --
[component_container-11] 	 11.740	  Magnt	     --	     --	     --	  3.063
[component_container-11] 
[component_container-11] 	 11.770	   Pose	 -1.966	 -1.808	  5.040	  3.074
[component_container-11] 	 11.770	  Twist	  0.114	  0.126	 -0.049	 -0.284
[component_container-11] 	 11.770	ErrPose	 -0.019	  0.029	  0.004	  0.011
[component_container-11] 	 11.770	ErrTwis	 -0.801	 -0.474	  0.071	  0.004
[component_container-11] 	 11.770	    GPS	 -1.929	 -1.617	  5.049	     --
[component_container-11] 	 11.770	   Baro	     --	     --	  6.143	     --
[component_container-11] 	 11.770	  BBias	     --	     --	  1.071	     --
[component_container-11] 	 11.770	  Sonar	     --	     --	    inf	     --
[component_container-11] 	 11.770	  Magnt	     --	     --	     --	  3.076
[component_container-11] 
[component_container-11] 	 11.800	   Pose	 -1.963	 -1.804	  5.039	  3.066
[component_container-11] 	 11.800	  Twist	  0.113	  0.123	 -0.052	 -0.276
[component_container-11] 	 11.800	ErrPose	  0.008	  0.038	  0.004	  0.008
[component_container-11] 	 11.800	ErrTwis	 -0.820	 -0.477	  0.070	 -0.005
[component_container-11] 	 11.800	    GPS	 -1.929	 -1.617	  5.049	     --
[component_container-11] 	 11.800	   Baro	     --	     --	  6.143	     --
[component_container-11] 	 11.800	  BBias	     --	     --	  1.071	     --
[component_container-11] 	 11.800	  Sonar	     --	     --	    inf	     --
[component_container-11] 	 11.800	  Magnt	     --	     --	     --	  3.076
[component_container-11] 
[component_container-11] 	 11.840	   Pose	 -1.958	 -1.800	  5.029	  3.054
[component_container-11] 	 11.840	  Twist	  0.111	  0.120	 -0.063	 -0.293
[component_container-11] 	 11.840	ErrPose	  0.034	  0.045	  0.013	  0.008
[component_container-11] 	 11.840	ErrTwis	 -0.837	 -0.479	  0.079	  0.012
[component_container-11] 	 11.840	    GPS	 -1.929	 -1.617	  5.049	     --
[component_container-11] 	 11.840	   Baro	     --	     --	  6.018	     --
[component_container-11] 	 11.840	  BBias	     --	     --	  1.070	     --
[component_container-11] 	 11.840	  Sonar	     --	     --	    inf	     --
[component_container-11] 	 11.840	  Magnt	     --	     --	     --	  3.073
[component_container-11] 
[component_container-11] 	 11.870	   Pose	 -1.955	 -1.796	  5.030	  3.046
[component_container-11] 	 11.870	  Twist	  0.110	  0.117	 -0.062	 -0.293
[component_container-11] 	 11.870	ErrPose	  0.046	  0.048	  0.011	  0.011
[component_container-11] 	 11.870	ErrTwis	 -0.845	 -0.478	  0.078	  0.013
[component_container-11] 	 11.870	    GPS	 -1.929	 -1.617	  5.049	     --
[component_container-11] 	 11.870	   Baro	     --	     --	  6.137	     --
[component_container-11] 	 11.870	  BBias	     --	     --	  1.070	     --
[component_container-11] 	 11.870	  Sonar	     --	     --	    inf	     --
[component_container-11] 	 11.870	  Magnt	     --	     --	     --	  3.042
[component_container-11] 
[component_container-11] 	 11.900	   Pose	 -1.952	 -1.793	  5.028	  3.037
[component_container-11] 	 11.900	  Twist	  0.108	  0.114	 -0.065	 -0.286
[component_container-11] 	 11.900	ErrPose	  0.075	  0.056	  0.011	  0.009
[component_container-11] 	 11.900	ErrTwis	 -0.863	 -0.481	  0.081	  0.005
[component_container-11] 	 11.900	    GPS	 -1.929	 -1.617	  5.049	     --
[component_container-11] 	 11.900	   Baro	     --	     --	  6.137	     --
[component_container-11] 	 11.900	  BBias	     --	     --	  1.070	     --
[component_container-11] 	 11.900	  Sonar	     --	     --	    inf	     --
[component_container-11] 	 11.900	  Magnt	     --	     --	     --	  3.042
[component_container-11] 
[component_container-11] 	 11.940	   Pose	 -1.947	 -1.788	  5.036	  3.026
[component_container-11] 	 11.940	  Twist	  0.106	  0.110	 -0.058	 -0.264
[component_container-11] 	 11.940	ErrPose	  0.103	  0.064	  0.002	  0.008
[component_container-11] 	 11.940	ErrTwis	 -0.878	 -0.483	  0.072	 -0.016
[component_container-11] 	 11.940	    GPS	 -1.929	 -1.617	  5.049	     --
[component_container-11] 	 11.940	   Baro	     --	     --	  6.212	     --
[component_container-11] 	 11.940	  BBias	     --	     --	  1.071	     --
[component_container-11] 	 11.940	  Sonar	     --	     --	    inf	     --
[component_container-11] 	 11.940	  Magnt	     --	     --	     --	  3.031
[component_container-11] 
[component_container-11] 	 11.970	   Pose	 -1.944	 -1.785	  5.046	  3.018
[component_container-11] 	 11.970	  Twist	  0.103	  0.107	 -0.047	 -0.295
[component_container-11] 	 11.970	ErrPose	  0.117	  0.066	 -0.008	  0.011
[component_container-11] 	 11.970	ErrTwis	 -0.884	 -0.483	  0.061	  0.015
[component_container-11] 	 11.970	    GPS	 -1.929	 -1.617	  5.049	     --
[component_container-11] 	 11.970	   Baro	     --	     --	  6.235	     --
[component_container-11] 	 11.970	  BBias	     --	     --	  1.071	     --
[component_container-11] 	 11.970	  Sonar	     --	     --	    inf	     --
[component_container-11] 	 11.970	  Magnt	     --	     --	     --	  3.042
[component_container-11] 
[component_container-11] [INFO] [1775368636.117543775] [drone.controller]: cmd_vel body=(-0.907, -0.422, -0.025) yaw=-0.300 | odom_received=true | plan_points=37
[component_container-11] 	 12.000	   Pose	 -1.941	 -1.782	  5.044	  3.010
[component_container-11] 	 12.000	  Twist	  0.101	  0.104	 -0.049	 -0.280
[component_container-11] 	 12.000	ErrPose	  0.148	  0.075	 -0.009	  0.008
[component_container-11] 	 12.000	ErrTwis	 -0.899	 -0.488	  0.063	 -0.000
[component_container-11] 	 12.000	    GPS	 -1.929	 -1.617	  5.049	     --
[component_container-11] 	 12.000	   Baro	     --	     --	  6.235	     --
[component_container-11] 	 12.000	  BBias	     --	     --	  1.071	     --
[component_container-11] 	 12.000	  Sonar	     --	     --	    inf	     --
[component_container-11] 	 12.000	  Magnt	     --	     --	     --	  3.042
[component_container-11] 
[component_container-11] [INFO] [1775368636.118041184] [drone.estimator]: TMP LOG err_xyz=(0.148, 0.075, -0.009) | z_est=5.044 vz_est=-0.049 bias=1.071 | gps_z=5.049 sonar=inf baro=6.235
[component_container-11] [INFO] [1775368636.122291913] [drone.estimator]: TMP LOG gps innov_xy=(0.319, 0.062) est_xy=(-1.940, -1.781) gps_xy=(-1.622, -1.719) corr_xy=(-1.622, -1.719) vel_xy=(0.100, 0.103)
[component_container-11] [INFO] [1775368636.122732690] [drone.estimator]: TMP LOG gps vel pseudo raw=(0.614, -0.203) filt=(0.589, -0.111) innov_v=(0.447, -0.222) apply=(1,1)
[component_container-11] 	 12.040	   Pose	 -1.777	 -1.790	  5.047	  2.998
[component_container-11] 	 12.040	  Twist	  0.213	  0.072	 -0.048	 -0.285
[component_container-11] 	 12.040	ErrPose	  0.018	  0.095	 -0.013	  0.009
[component_container-11] 	 12.040	ErrTwis	 -1.027	 -0.465	  0.061	  0.005
[component_container-11] 	 12.040	    GPS	 -1.622	 -1.719	  5.035	     --
[component_container-11] 	 12.040	   Baro	     --	     --	  6.190	     --
[component_container-11] 	 12.040	  BBias	     --	     --	  1.071	     --
[component_container-11] 	 12.040	  Sonar	     --	     --	    inf	     --
[component_container-11] 	 12.040	  Magnt	     --	     --	     --	  2.979
[component_container-11] 
[component_container-11] 	 12.070	   Pose	 -1.770	 -1.788	  5.034	  2.989
[component_container-11] 	 12.070	  Twist	  0.211	  0.070	 -0.062	 -0.274
[component_container-11] 	 12.070	ErrPose	  0.030	  0.099	 -0.001	  0.012
[component_container-11] 	 12.070	ErrTwis	 -1.033	 -0.466	  0.074	 -0.006
[component_container-11] 	 12.070	    GPS	 -1.622	 -1.719	  5.035	     --
[component_container-11] 	 12.070	   Baro	     --	     --	  5.978	     --
[component_container-11] 	 12.070	  BBias	     --	     --	  1.071	     --
[component_container-11] 	 12.070	  Sonar	     --	     --	    inf	     --
[component_container-11] 	 12.070	  Magnt	     --	     --	     --	  2.989
[component_container-11] 
[component_container-11] 	 12.100	   Pose	 -1.764	 -1.786	  5.032	  2.981
[component_container-11] 	 12.100	  Twist	  0.208	  0.067	 -0.064	 -0.275
[component_container-11] 	 12.100	ErrPose	  0.059	  0.108	 -0.001	  0.009
[component_container-11] 	 12.100	ErrTwis	 -1.045	 -0.472	  0.073	 -0.005
[component_container-11] 	 12.100	    GPS	 -1.622	 -1.719	  5.035	     --
[component_container-11] 	 12.100	   Baro	     --	     --	  5.978	     --
[component_container-11] 	 12.100	  BBias	     --	     --	  1.071	     --
[component_container-11] 	 12.100	  Sonar	     --	     --	    inf	     --
[component_container-11] 	 12.100	  Magnt	     --	     --	     --	  2.989
[component_container-11] 
[component_container-11] 	 12.140	   Pose	 -1.756	 -1.784	  5.039	  2.970
[component_container-11] 	 12.140	  Twist	  0.205	  0.064	 -0.057	 -0.278
[component_container-11] 	 12.140	ErrPose	  0.088	  0.116	 -0.010	  0.009
[component_container-11] 	 12.140	ErrTwis	 -1.056	 -0.478	  0.065	 -0.002
[component_container-11] 	 12.140	    GPS	 -1.622	 -1.719	  5.035	     --
[component_container-11] 	 12.140	   Baro	     --	     --	  6.222	     --
[component_container-11] 	 12.140	  BBias	     --	     --	  1.071	     --
[component_container-11] 	 12.140	  Sonar	     --	     --	    inf	     --
[component_container-11] 	 12.140	  Magnt	     --	     --	     --	  2.980
[component_container-11] 
[component_container-11] 	 12.170	   Pose	 -1.750	 -1.782	  5.024	  2.962
[component_container-11] 	 12.170	  Twist	  0.203	  0.061	 -0.074	 -0.277
[component_container-11] 	 12.170	ErrPose	  0.100	  0.120	  0.005	  0.011
[component_container-11] 	 12.170	ErrTwis	 -1.061	 -0.480	  0.081	 -0.003
[component_container-11] 	 12.170	    GPS	 -1.622	 -1.719	  5.035	     --
[component_container-11] 	 12.170	   Baro	     --	     --	  5.938	     --
[component_container-11] 	 12.170	  BBias	     --	     --	  1.071	     --
[component_container-11] 	 12.170	  Sonar	     --	     --	    inf	     --
[component_container-11] 	 12.170	  Magnt	     --	     --	     --	  2.997
[component_container-11] 
[component_container-11] 	 12.200	   Pose	 -1.744	 -1.780	  5.021	  2.954
[component_container-11] 	 12.200	  Twist	  0.200	  0.059	 -0.075	 -0.278
[component_container-11] 	 12.200	ErrPose	  0.132	  0.129	  0.005	  0.008
[component_container-11] 	 12.200	ErrTwis	 -1.072	 -0.487	  0.081	 -0.002
[component_container-11] 	 12.200	    GPS	 -1.622	 -1.719	  5.035	     --
[component_container-11] 	 12.200	   Baro	     --	     --	  5.938	     --
[component_container-11] 	 12.200	  BBias	     --	     --	  1.071	     --
[component_container-11] 	 12.200	  Sonar	     --	     --	    inf	     --
[component_container-11] 	 12.200	  Magnt	     --	     --	     --	  2.997
[component_container-11] 
[component_container-11] 	 12.240	   Pose	 -1.736	 -1.778	  5.011	  2.943
[component_container-11] 	 12.240	  Twist	  0.196	  0.054	 -0.085	 -0.286
[component_container-11] 	 12.240	ErrPose	  0.162	  0.138	  0.014	  0.008
[component_container-11] 	 12.240	ErrTwis	 -1.080	 -0.492	  0.089	  0.006
[component_container-11] 	 12.240	    GPS	 -1.622	 -1.719	  5.035	     --
[component_container-11] 	 12.240	   Baro	     --	     --	  6.000	     --
[component_container-11] 	 12.240	  BBias	     --	     --	  1.070	     --
[component_container-11] 	 12.240	  Sonar	     --	     --	    inf	     --
[component_container-11] 	 12.240	  Magnt	     --	     --	     --	  2.954
[component_container-11] 
[component_container-11] 	 12.270	   Pose	 -1.730	 -1.776	  5.007	  2.935
[component_container-11] 	 12.270	  Twist	  0.194	  0.051	 -0.087	 -0.284
[component_container-11] 	 12.270	ErrPose	  0.176	  0.142	  0.017	  0.010
[component_container-11] 	 12.270	ErrTwis	 -1.082	 -0.495	  0.090	  0.004
[component_container-11] 	 12.270	    GPS	 -1.622	 -1.719	  5.035	     --
[component_container-11] 	 12.270	   Baro	     --	     --	  6.069	     --
[component_container-11] 	 12.270	  BBias	     --	     --	  1.070	     --
[component_container-11] 	 12.270	  Sonar	     --	     --	    inf	     --
[component_container-11] 	 12.270	  Magnt	     --	     --	     --	  2.971
[component_container-11] 
[component_container-11] 	 12.300	   Pose	 -1.724	 -1.775	  5.004	  2.927
[component_container-11] 	 12.300	  Twist	  0.190	  0.049	 -0.088	 -0.282
[component_container-11] 	 12.300	ErrPose	  0.209	  0.151	  0.017	  0.007
[component_container-11] 	 12.300	ErrTwis	 -1.090	 -0.503	  0.092	  0.002
[component_container-11] 	 12.300	    GPS	 -1.622	 -1.719	  5.035	     --
[component_container-11] 	 12.300	   Baro	     --	     --	  6.069	     --
[component_container-11] 	 12.300	  BBias	     --	     --	  1.070	     --
[component_container-11] 	 12.300	  Sonar	     --	     --	    inf	     --
[component_container-11] 	 12.300	  Magnt	     --	     --	     --	  2.971
[component_container-11] 
[component_container-11] 	 12.340	   Pose	 -1.717	 -1.773	  4.990	  2.915
[component_container-11] 	 12.340	  Twist	  0.187	  0.046	 -0.101	 -0.271
[component_container-11] 	 12.340	ErrPose	  0.241	  0.160	  0.030	  0.007
[component_container-11] 	 12.340	ErrTwis	 -1.097	 -0.511	  0.104	 -0.008
[component_container-11] 	 12.340	    GPS	 -1.622	 -1.719	  5.035	     --
[component_container-11] 	 12.340	   Baro	     --	     --	  5.949	     --
[component_container-11] 	 12.340	  BBias	     --	     --	  1.070	     --
[component_container-11] 	 12.340	  Sonar	     --	     --	    inf	     --
[component_container-11] 	 12.340	  Magnt	     --	     --	     --	  2.924
[component_container-11] 
[component_container-11] 	 12.370	   Pose	 -1.711	 -1.771	  4.983	  2.907
[component_container-11] 	 12.370	  Twist	  0.184	  0.043	 -0.106	 -0.294
[component_container-11] 	 12.370	ErrPose	  0.256	  0.164	  0.036	  0.011
[component_container-11] 	 12.370	ErrTwis	 -1.098	 -0.514	  0.108	  0.014
[component_container-11] 	 12.370	    GPS	 -1.622	 -1.719	  5.035	     --
[component_container-11] 	 12.370	   Baro	     --	     --	  6.017	     --
[component_container-11] 	 12.370	  BBias	     --	     --	  1.070	     --
[component_container-11] 	 12.370	  Sonar	     --	     --	    inf	     --
[component_container-11] 	 12.370	  Magnt	     --	     --	     --	  2.902
[component_container-11] 
[component_container-11] 	 12.400	   Pose	 -1.706	 -1.770	  4.980	  2.898
[component_container-11] 	 12.400	  Twist	  0.181	  0.041	 -0.106	 -0.298
[component_container-11] 	 12.400	ErrPose	  0.291	  0.173	  0.037	  0.008
[component_container-11] 	 12.400	ErrTwis	 -1.103	 -0.523	  0.106	  0.018
[component_container-11] 	 12.400	    GPS	 -1.622	 -1.719	  5.035	     --
[component_container-11] 	 12.400	   Baro	     --	     --	  6.017	     --
[component_container-11] 	 12.400	  BBias	     --	     --	  1.070	     --
[component_container-11] 	 12.400	  Sonar	     --	     --	    inf	     --
[component_container-11] 	 12.400	  Magnt	     --	     --	     --	  2.902
[component_container-11] 
[component_container-11] 	 12.440	   Pose	 -1.698	 -1.768	  4.973	  2.886
[component_container-11] 	 12.440	  Twist	  0.177	  0.038	 -0.107	 -0.305
[component_container-11] 	 12.440	ErrPose	  0.325	  0.182	  0.043	  0.009
[component_container-11] 	 12.440	ErrTwis	 -1.107	 -0.530	  0.109	  0.026
[component_container-11] 	 12.440	    GPS	 -1.622	 -1.719	  5.035	     --
[component_container-11] 	 12.440	   Baro	     --	     --	  6.019	     --
[component_container-11] 	 12.440	  BBias	     --	     --	  1.070	     --
[component_container-11] 	 12.440	  Sonar	     --	     --	    inf	     --
[component_container-11] 	 12.440	  Magnt	     --	     --	     --	  2.871
[component_container-11] 
[component_container-11] 	 12.470	   Pose	 -1.693	 -1.767	  4.962	  2.878
[component_container-11] 	 12.470	  Twist	  0.175	  0.036	 -0.115	 -0.284
[component_container-11] 	 12.470	ErrPose	  0.340	  0.186	  0.053	  0.012
[component_container-11] 	 12.470	ErrTwis	 -1.108	 -0.533	  0.117	  0.004
[component_container-11] 	 12.470	    GPS	 -1.622	 -1.719	  5.035	     --
[component_container-11] 	 12.470	   Baro	     --	     --	  5.957	     --
[component_container-11] 	 12.470	  BBias	     --	     --	  1.070	     --
[component_container-11] 	 12.470	  Sonar	     --	     --	    inf	     --
[component_container-11] 	 12.470	  Magnt	     --	     --	     --	  2.890
[component_container-11] 
[component_container-11] 	 12.500	   Pose	 -1.688	 -1.766	  4.959	  2.869
[component_container-11] 	 12.500	  Twist	  0.172	  0.033	 -0.115	 -0.285
[component_container-11] 	 12.500	ErrPose	  0.377	  0.195	  0.055	  0.009
[component_container-11] 	 12.500	ErrTwis	 -1.112	 -0.540	  0.116	  0.005
[component_container-11] 	 12.500	    GPS	 -1.622	 -1.719	  5.035	     --
[component_container-11] 	 12.500	   Baro	     --	     --	  5.957	     --
[component_container-11] 	 12.500	  BBias	     --	     --	  1.070	     --
[component_container-11] 	 12.500	  Sonar	     --	     --	    inf	     --
[component_container-11] 	 12.500	  Magnt	     --	     --	     --	  2.890
[component_container-11] 
[component_container-11] 	 12.540	   Pose	 -1.371	 -1.611	  4.963	  2.859
[component_container-11] 	 12.540	  Twist	  0.384	  0.138	 -0.106	 -0.288
[component_container-11] 	 12.540	ErrPose	  0.102	  0.050	  0.049	  0.008
[component_container-11] 	 12.540	ErrTwis	 -1.329	 -0.654	  0.106	  0.009
[component_container-11] 	 12.540	    GPS	 -1.054	 -1.447	  5.013	     --
[component_container-11] 	 12.540	   Baro	     --	     --	  6.028	     --
[component_container-11] 	 12.540	  BBias	     --	     --	  1.070	     --
[component_container-11] 	 12.540	  Sonar	     --	     --	    inf	     --
[component_container-11] 	 12.540	  Magnt	     --	     --	     --	  2.921
[component_container-11] 
[component_container-11] 	 12.570	   Pose	 -1.360	 -1.607	  4.968	  2.851
[component_container-11] 	 12.570	  Twist	  0.381	  0.135	 -0.097	 -0.278
[component_container-11] 	 12.570	ErrPose	  0.112	  0.051	  0.043	  0.010
[component_container-11] 	 12.570	ErrTwis	 -1.328	 -0.656	  0.098	 -0.001
[component_container-11] 	 12.570	    GPS	 -1.054	 -1.447	  5.013	     --
[component_container-11] 	 12.570	   Baro	     --	     --	  6.130	     --
[component_container-11] 	 12.570	  BBias	     --	     --	  1.070	     --
[component_container-11] 	 12.570	  Sonar	     --	     --	    inf	     --
[component_container-11] 	 12.570	  Magnt	     --	     --	     --	  2.888
[component_container-11] 
[component_container-11] 	 12.600	   Pose	 -1.348	 -1.603	  4.965	  2.843
[component_container-11] 	 12.600	  Twist	  0.378	  0.132	 -0.097	 -0.277
[component_container-11] 	 12.600	ErrPose	  0.143	  0.056	  0.045	  0.007
[component_container-11] 	 12.600	ErrTwis	 -1.329	 -0.663	  0.101	 -0.002
[component_container-11] 	 12.600	    GPS	 -1.054	 -1.447	  5.013	     --
[component_container-11] 	 12.600	   Baro	     --	     --	  6.130	     --
[component_container-11] 	 12.600	  BBias	     --	     --	  1.070	     --
[component_container-11] 	 12.600	  Sonar	     --	     --	    inf	     --
[component_container-11] 	 12.600	  Magnt	     --	     --	     --	  2.888
[component_container-11] 
[component_container-11] 	 12.640	   Pose	 -1.333	 -1.597	  4.968	  2.832
[component_container-11] 	 12.640	  Twist	  0.373	  0.128	 -0.090	 -0.277
[component_container-11] 	 12.640	ErrPose	  0.171	  0.061	  0.040	  0.007
[component_container-11] 	 12.640	ErrTwis	 -1.328	 -0.668	  0.094	 -0.003
[component_container-11] 	 12.640	    GPS	 -1.054	 -1.447	  5.013	     --
[component_container-11] 	 12.640	   Baro	     --	     --	  6.124	     --
[component_container-11] 	 12.640	  BBias	     --	     --	  1.070	     --
[component_container-11] 	 12.640	  Sonar	     --	     --	    inf	     --
[component_container-11] 	 12.640	  Magnt	     --	     --	     --	  2.864
[component_container-11] 
[component_container-11] 	 12.670	   Pose	 -1.322	 -1.594	  4.976	  2.823
[component_container-11] 	 12.670	  Twist	  0.370	  0.125	 -0.079	 -0.272
[component_container-11] 	 12.670	ErrPose	  0.182	  0.062	  0.032	  0.010
[component_container-11] 	 12.670	ErrTwis	 -1.326	 -0.670	  0.082	 -0.007
[component_container-11] 	 12.670	    GPS	 -1.054	 -1.447	  5.013	     --
[component_container-11] 	 12.670	   Baro	     --	     --	  6.170	     --
[component_container-11] 	 12.670	  BBias	     --	     --	  1.070	     --
[component_container-11] 	 12.670	  Sonar	     --	     --	    inf	     --
[component_container-11] 	 12.670	  Magnt	     --	     --	     --	  2.818
[component_container-11] 
[component_container-11] 	 12.700	   Pose	 -1.311	 -1.590	  4.974	  2.815
[component_container-11] 	 12.700	  Twist	  0.366	  0.123	 -0.079	 -0.288
[component_container-11] 	 12.700	ErrPose	  0.214	  0.068	  0.033	  0.008
[component_container-11] 	 12.700	ErrTwis	 -1.324	 -0.677	  0.082	  0.008
[component_container-11] 	 12.700	    GPS	 -1.054	 -1.447	  5.013	     --
[component_container-11] 	 12.700	   Baro	     --	     --	  6.170	     --
[component_container-11] 	 12.700	  BBias	     --	     --	  1.070	     --
[component_container-11] 	 12.700	  Sonar	     --	     --	    inf	     --
[component_container-11] 	 12.700	  Magnt	     --	     --	     --	  2.818
[component_container-11] 
[component_container-11] 	 12.740	   Pose	 -1.297	 -1.585	  4.974	  2.804
[component_container-11] 	 12.740	  Twist	  0.363	  0.120	 -0.077	 -0.273
[component_container-11] 	 12.740	ErrPose	  0.243	  0.072	  0.031	  0.007
[component_container-11] 	 12.740	ErrTwis	 -1.322	 -0.682	  0.080	 -0.006
[component_container-11] 	 12.740	    GPS	 -1.054	 -1.447	  5.013	     --
[component_container-11] 	 12.740	   Baro	     --	     --	  6.088	     --
[component_container-11] 	 12.740	  BBias	     --	     --	  1.070	     --
[component_container-11] 	 12.740	  Sonar	     --	     --	    inf	     --
[component_container-11] 	 12.740	  Magnt	     --	     --	     --	  2.822
[component_container-11] 
[component_container-11] 	 12.770	   Pose	 -1.286	 -1.581	  4.976	  2.796
[component_container-11] 	 12.770	  Twist	  0.360	  0.118	 -0.072	 -0.286
[component_container-11] 	 12.770	ErrPose	  0.254	  0.073	  0.029	  0.010
[component_container-11] 	 12.770	ErrTwis	 -1.319	 -0.684	  0.076	  0.006
[component_container-11] 	 12.770	    GPS	 -1.054	 -1.447	  5.013	     --
[component_container-11] 	 12.770	   Baro	     --	     --	  6.090	     --
[component_container-11] 	 12.770	  BBias	     --	     --	  1.070	     --
[component_container-11] 	 12.770	  Sonar	     --	     --	    inf	     --
[component_container-11] 	 12.770	  Magnt	     --	     --	     --	  2.827
[component_container-11] 
[component_container-11] 	 12.800	   Pose	 -1.275	 -1.578	  4.974	  2.787
[component_container-11] 	 12.800	  Twist	  0.356	  0.115	 -0.072	 -0.287
[component_container-11] 	 12.800	ErrPose	  0.288	  0.078	  0.030	  0.007
[component_container-11] 	 12.800	ErrTwis	 -1.316	 -0.689	  0.074	  0.007
[component_container-11] 	 12.800	    GPS	 -1.054	 -1.447	  5.013	     --
[component_container-11] 	 12.800	   Baro	     --	     --	  6.090	     --
[component_container-11] 	 12.800	  BBias	     --	     --	  1.070	     --
[component_container-11] 	 12.800	  Sonar	     --	     --	    inf	     --
[component_container-11] 	 12.800	  Magnt	     --	     --	     --	  2.827
[component_container-11] 
[component_container-11] 	 12.840	   Pose	 -1.261	 -1.573	  4.978	  2.776
[component_container-11] 	 12.840	  Twist	  0.351	  0.112	 -0.065	 -0.274
[component_container-11] 	 12.840	ErrPose	  0.317	  0.083	  0.025	  0.008
[component_container-11] 	 12.840	ErrTwis	 -1.310	 -0.693	  0.065	 -0.005
[component_container-11] 	 12.840	    GPS	 -1.054	 -1.447	  5.013	     --
[component_container-11] 	 12.840	   Baro	     --	     --	  6.126	     --
[component_container-11] 	 12.840	  BBias	     --	     --	  1.070	     --
[component_container-11] 	 12.840	  Sonar	     --	     --	    inf	     --
[component_container-11] 	 12.840	  Magnt	     --	     --	     --	  2.774
[component_container-11] 
[component_container-11] 	 12.870	   Pose	 -1.250	 -1.570	  4.974	  2.767
[component_container-11] 	 12.870	  Twist	  0.348	  0.109	 -0.068	 -0.292
[component_container-11] 	 12.870	ErrPose	  0.329	  0.084	  0.029	  0.010
[component_container-11] 	 12.870	ErrTwis	 -1.306	 -0.694	  0.069	  0.013
[component_container-11] 	 12.870	    GPS	 -1.054	 -1.447	  5.013	     --
[component_container-11] 	 12.870	   Baro	     --	     --	  6.020	     --
[component_container-11] 	 12.870	  BBias	     --	     --	  1.070	     --
[component_container-11] 	 12.870	  Sonar	     --	     --	    inf	     --
[component_container-11] 	 12.870	  Magnt	     --	     --	     --	  2.777
[component_container-11] 
[component_container-11] 	 12.900	   Pose	 -1.240	 -1.567	  4.972	  2.759
[component_container-11] 	 12.900	  Twist	  0.345	  0.106	 -0.068	 -0.275
[component_container-11] 	 12.900	ErrPose	  0.363	  0.089	  0.030	  0.007
[component_container-11] 	 12.900	ErrTwis	 -1.301	 -0.698	  0.071	 -0.005
[component_container-11] 	 12.900	    GPS	 -1.054	 -1.447	  5.013	     --
[component_container-11] 	 12.900	   Baro	     --	     --	  6.020	     --
[component_container-11] 	 12.900	  BBias	     --	     --	  1.070	     --
[component_container-11] 	 12.900	  Sonar	     --	     --	    inf	     --
[component_container-11] 	 12.900	  Magnt	     --	     --	     --	  2.777
[component_container-11] 
[component_container-11] 	 12.940	   Pose	 -1.226	 -1.563	  4.962	  2.747
[component_container-11] 	 12.940	  Twist	  0.340	  0.103	 -0.076	 -0.278
[component_container-11] 	 12.940	ErrPose	  0.394	  0.093	  0.039	  0.008
[component_container-11] 	 12.940	ErrTwis	 -1.294	 -0.703	  0.078	 -0.001
[component_container-11] 	 12.940	    GPS	 -1.054	 -1.447	  5.013	     --
[component_container-11] 	 12.940	   Baro	     --	     --	  5.964	     --
[component_container-11] 	 12.940	  BBias	     --	     --	  1.070	     --
[component_container-11] 	 12.940	  Sonar	     --	     --	    inf	     --
[component_container-11] 	 12.940	  Magnt	     --	     --	     --	  2.729
[component_container-11] 
[component_container-11] 	 12.970	   Pose	 -1.216	 -1.560	  4.967	  2.739
[component_container-11] 	 12.970	  Twist	  0.336	  0.100	 -0.068	 -0.279
[component_container-11] 	 12.970	ErrPose	  0.406	  0.094	  0.034	  0.011
[component_container-11] 	 12.970	ErrTwis	 -1.288	 -0.703	  0.070	 -0.001
[component_container-11] 	 12.970	    GPS	 -1.054	 -1.447	  5.013	     --
[component_container-11] 	 12.970	   Baro	     --	     --	  6.115	     --
[component_container-11] 	 12.970	  BBias	     --	     --	  1.070	     --
[component_container-11] 	 12.970	  Sonar	     --	     --	    inf	     --
[component_container-11] 	 12.970	  Magnt	     --	     --	     --	  2.757
[component_container-11] 
[component_container-11] [INFO] [1775368637.119861739] [drone.controller]: cmd_vel body=(-0.763, -0.647, 0.015) yaw=-0.300 | odom_received=true | plan_points=31
[component_container-11] 	 13.000	   Pose	 -1.206	 -1.557	  4.965	  2.730
[component_container-11] 	 13.000	  Twist	  0.332	  0.097	 -0.068	 -0.294
[component_container-11] 	 13.000	ErrPose	  0.440	  0.099	  0.035	  0.008
[component_container-11] 	 13.000	ErrTwis	 -1.280	 -0.708	  0.070	  0.015
[component_container-11] 	 13.000	    GPS	 -1.054	 -1.447	  5.013	     --
[component_container-11] 	 13.000	   Baro	     --	     --	  6.115	     --
[component_container-11] 	 13.000	  BBias	     --	     --	  1.070	     --
[component_container-11] 	 13.000	  Sonar	     --	     --	    inf	     --
[component_container-11] 	 13.000	  Magnt	     --	     --	     --	  2.757
[component_container-11] 
[component_container-11] [INFO] [1775368637.120120270] [drone.estimator]: TMP LOG err_xyz=(0.440, 0.099, 0.035) | z_est=4.965 vz_est=-0.068 bias=1.070 | gps_z=5.013 sonar=inf baro=6.115
[component_container-11] [INFO] [1775368637.124404965] [drone.estimator]: TMP LOG gps innov_xy=(0.385, 0.155) est_xy=(-1.203, -1.556) gps_xy=(-0.818, -1.401) corr_xy=(-0.818, -1.401) vel_xy=(0.331, 0.096)
[component_container-11] [INFO] [1775368637.124527915] [drone.estimator]: TMP LOG gps vel pseudo raw=(0.472, 0.092) filt=(0.532, 0.131) innov_v=(0.151, 0.014) apply=(1,1)
[component_container-11] 	 13.040	   Pose	 -1.055	 -1.504	  4.966	  2.719
[component_container-11] 	 13.040	  Twist	  0.402	  0.116	 -0.064	 -0.276
[component_container-11] 	 13.040	ErrPose	  0.333	  0.054	  0.033	  0.008
[component_container-11] 	 13.040	ErrTwis	 -1.346	 -0.734	  0.069	 -0.003
[component_container-11] 	 13.040	    GPS	 -0.818	 -1.401	  5.000	     --
[component_container-11] 	 13.040	   Baro	     --	     --	  6.011	     --
[component_container-11] 	 13.040	  BBias	     --	     --	  1.070	     --
[component_container-11] 	 13.040	  Sonar	     --	     --	    inf	     --
[component_container-11] 	 13.040	  Magnt	     --	     --	     --	  2.723
[component_container-11] 
[component_container-11] 	 13.070	   Pose	 -1.042	 -1.500	  4.966	  2.710
[component_container-11] 	 13.070	  Twist	  0.399	  0.114	 -0.061	 -0.292
[component_container-11] 	 13.070	ErrPose	  0.343	  0.054	  0.033	  0.011
[component_container-11] 	 13.070	ErrTwis	 -1.340	 -0.736	  0.066	  0.012
[component_container-11] 	 13.070	    GPS	 -0.818	 -1.401	  5.000	     --
[component_container-11] 	 13.070	   Baro	     --	     --	  6.059	     --
[component_container-11] 	 13.070	  BBias	     --	     --	  1.070	     --
[component_container-11] 	 13.070	  Sonar	     --	     --	    inf	     --
[component_container-11] 	 13.070	  Magnt	     --	     --	     --	  2.684
[component_container-11] 
[component_container-11] 	 13.100	   Pose	 -1.031	 -1.497	  4.964	  2.702
[component_container-11] 	 13.100	  Twist	  0.395	  0.112	 -0.062	 -0.298
[component_container-11] 	 13.100	ErrPose	  0.375	  0.059	  0.035	  0.009
[component_container-11] 	 13.100	ErrTwis	 -1.330	 -0.741	  0.066	  0.018
[component_container-11] 	 13.100	    GPS	 -0.818	 -1.401	  5.000	     --
[component_container-11] 	 13.100	   Baro	     --	     --	  6.059	     --
[component_container-11] 	 13.100	  BBias	     --	     --	  1.070	     --
[component_container-11] 	 13.100	  Sonar	     --	     --	    inf	     --
[component_container-11] 	 13.100	  Magnt	     --	     --	     --	  2.684
[component_container-11] 
[component_container-11] 	 13.140	   Pose	 -1.015	 -1.492	  4.972	  2.690
[component_container-11] 	 13.140	  Twist	  0.390	  0.109	 -0.051	 -0.292
[component_container-11] 	 13.140	ErrPose	  0.404	  0.062	  0.027	  0.009
[component_container-11] 	 13.140	ErrTwis	 -1.319	 -0.746	  0.056	  0.013
[component_container-11] 	 13.140	    GPS	 -0.818	 -1.401	  5.000	     --
[component_container-11] 	 13.140	   Baro	     --	     --	  6.155	     --
[component_container-11] 	 13.140	  BBias	     --	     --	  1.070	     --
[component_container-11] 	 13.140	  Sonar	     --	     --	    inf	     --
[component_container-11] 	 13.140	  Magnt	     --	     --	     --	  2.683
[component_container-11] 
[component_container-11] 	 13.170	   Pose	 -1.003	 -1.489	  4.965	  2.681
[component_container-11] 	 13.170	  Twist	  0.386	  0.107	 -0.057	 -0.267
[component_container-11] 	 13.170	ErrPose	  0.415	  0.062	  0.034	  0.012
[component_container-11] 	 13.170	ErrTwis	 -1.312	 -0.747	  0.063	 -0.012
[component_container-11] 	 13.170	    GPS	 -0.818	 -1.401	  5.000	     --
[component_container-11] 	 13.170	   Baro	     --	     --	  5.977	     --
[component_container-11] 	 13.170	  BBias	     --	     --	  1.070	     --
[component_container-11] 	 13.170	  Sonar	     --	     --	    inf	     --
[component_container-11] 	 13.170	  Magnt	     --	     --	     --	  2.660
[component_container-11] 
[component_container-11] 	 13.200	   Pose	 -0.992	 -1.486	  4.963	  2.673
[component_container-11] 	 13.200	  Twist	  0.383	  0.104	 -0.058	 -0.278
[component_container-11] 	 13.200	ErrPose	  0.447	  0.067	  0.035	  0.010
[component_container-11] 	 13.200	ErrTwis	 -1.302	 -0.752	  0.065	 -0.001
[component_container-11] 	 13.200	    GPS	 -0.818	 -1.401	  5.000	     --
[component_container-11] 	 13.200	   Baro	     --	     --	  5.977	     --
[component_container-11] 	 13.200	  BBias	     --	     --	  1.070	     --
[component_container-11] 	 13.200	  Sonar	     --	     --	    inf	     --
[component_container-11] 	 13.200	  Magnt	     --	     --	     --	  2.660
[component_container-11] 
[component_container-11] 	 13.240	   Pose	 -0.976	 -1.482	  4.973	  2.662
[component_container-11] 	 13.240	  Twist	  0.378	  0.101	 -0.047	 -0.282
[component_container-11] 	 13.240	ErrPose	  0.476	  0.070	  0.026	  0.010
[component_container-11] 	 13.240	ErrTwis	 -1.288	 -0.756	  0.053	  0.003
[component_container-11] 	 13.240	    GPS	 -0.818	 -1.401	  5.000	     --
[component_container-11] 	 13.240	   Baro	     --	     --	  6.172	     --
[component_container-11] 	 13.240	  BBias	     --	     --	  1.070	     --
[component_container-11] 	 13.240	  Sonar	     --	     --	    inf	     --
[component_container-11] 	 13.240	  Magnt	     --	     --	     --	  2.674
[component_container-11] 
[component_container-11] 	 13.270	   Pose	 -0.965	 -1.479	  4.965	  2.654
[component_container-11] 	 13.270	  Twist	  0.374	  0.098	 -0.054	 -0.277
[component_container-11] 	 13.270	ErrPose	  0.487	  0.071	  0.034	  0.012
[component_container-11] 	 13.270	ErrTwis	 -1.280	 -0.757	  0.060	 -0.002
[component_container-11] 	 13.270	    GPS	 -0.818	 -1.401	  5.000	     --
[component_container-11] 	 13.270	   Baro	     --	     --	  5.968	     --
[component_container-11] 	 13.270	  BBias	     --	     --	  1.070	     --
[component_container-11] 	 13.270	  Sonar	     --	     --	    inf	     --
[component_container-11] 	 13.270	  Magnt	     --	     --	     --	  2.671
[component_container-11] 
[component_container-11] 	 13.300	   Pose	 -0.954	 -1.476	  4.963	  2.645
[component_container-11] 	 13.300	  Twist	  0.370	  0.097	 -0.053	 -0.282
[component_container-11] 	 13.300	ErrPose	  0.520	  0.075	  0.035	  0.009
[component_container-11] 	 13.300	ErrTwis	 -1.267	 -0.762	  0.061	  0.002
[component_container-11] 	 13.300	    GPS	 -0.818	 -1.401	  5.000	     --
[component_container-11] 	 13.300	   Baro	     --	     --	  5.968	     --
[component_container-11] 	 13.300	  BBias	     --	     --	  1.070	     --
[component_container-11] 	 13.300	  Sonar	     --	     --	    inf	     --
[component_container-11] 	 13.300	  Magnt	     --	     --	     --	  2.671
[component_container-11] 
[component_container-11] 	 13.340	   Pose	 -0.939	 -1.472	  4.974	  2.634
[component_container-11] 	 13.340	  Twist	  0.366	  0.094	 -0.042	 -0.283
[component_container-11] 	 13.340	ErrPose	  0.549	  0.078	  0.025	  0.009
[component_container-11] 	 13.340	ErrTwis	 -1.253	 -0.766	  0.050	  0.003
[component_container-11] 	 13.340	    GPS	 -0.818	 -1.401	  5.000	     --
[component_container-11] 	 13.340	   Baro	     --	     --	  6.175	     --
[component_container-11] 	 13.340	  BBias	     --	     --	  1.070	     --
[component_container-11] 	 13.340	  Sonar	     --	     --	    inf	     --
[component_container-11] 	 13.340	  Magnt	     --	     --	     --	  2.655
[component_container-11] 
[component_container-11] 	 13.370	   Pose	 -0.928	 -1.469	  4.956	  2.626
[component_container-11] 	 13.370	  Twist	  0.362	  0.091	 -0.059	 -0.252
[component_container-11] 	 13.370	ErrPose	  0.560	  0.079	  0.043	  0.011
[component_container-11] 	 13.370	ErrTwis	 -1.245	 -0.766	  0.067	 -0.027
[component_container-11] 	 13.370	    GPS	 -0.818	 -1.401	  5.000	     --
[component_container-11] 	 13.370	   Baro	     --	     --	  5.856	     --
[component_container-11] 	 13.370	  BBias	     --	     --	  1.070	     --
[component_container-11] 	 13.370	  Sonar	     --	     --	    inf	     --
[component_container-11] 	 13.370	  Magnt	     --	     --	     --	  2.649
[component_container-11] 
[component_container-11] 	 13.400	   Pose	 -0.918	 -1.467	  4.954	  2.618
[component_container-11] 	 13.400	  Twist	  0.358	  0.088	 -0.059	 -0.285
[component_container-11] 	 13.400	ErrPose	  0.593	  0.083	  0.045	  0.009
[component_container-11] 	 13.400	ErrTwis	 -1.230	 -0.770	  0.067	  0.005
[component_container-11] 	 13.400	    GPS	 -0.818	 -1.401	  5.000	     --
[component_container-11] 	 13.400	   Baro	     --	     --	  5.856	     --
[component_container-11] 	 13.400	  BBias	     --	     --	  1.070	     --
[component_container-11] 	 13.400	  Sonar	     --	     --	    inf	     --
[component_container-11] 	 13.400	  Magnt	     --	     --	     --	  2.649
[component_container-11] 
[component_container-11] 	 13.440	   Pose	 -0.903	 -1.463	  4.959	  2.607
[component_container-11] 	 13.440	  Twist	  0.353	  0.085	 -0.052	 -0.300
[component_container-11] 	 13.440	ErrPose	  0.622	  0.087	  0.040	  0.009
[component_container-11] 	 13.440	ErrTwis	 -1.215	 -0.773	  0.061	  0.021
[component_container-11] 	 13.440	    GPS	 -0.818	 -1.401	  5.000	     --
[component_container-11] 	 13.440	   Baro	     --	     --	  6.105	     --
[component_container-11] 	 13.440	  BBias	     --	     --	  1.070	     --
[component_container-11] 	 13.440	  Sonar	     --	     --	    inf	     --
[component_container-11] 	 13.440	  Magnt	     --	     --	     --	  2.626
[component_container-11] 
[component_container-11] 	 13.470	   Pose	 -0.893	 -1.461	  4.975	  2.599
[component_container-11] 	 13.470	  Twist	  0.350	  0.083	 -0.034	 -0.290
[component_container-11] 	 13.470	ErrPose	  0.633	  0.088	  0.024	  0.011
[component_container-11] 	 13.470	ErrTwis	 -1.206	 -0.774	  0.043	  0.011
[component_container-11] 	 13.470	    GPS	 -0.818	 -1.401	  5.000	     --
[component_container-11] 	 13.470	   Baro	     --	     --	  6.226	     --
[component_container-11] 	 13.470	  BBias	     --	     --	  1.070	     --
[component_container-11] 	 13.470	  Sonar	     --	     --	    inf	     --
[component_container-11] 	 13.470	  Magnt	     --	     --	     --	  2.640
[component_container-11] 
[component_container-11] 	 13.500	   Pose	 -0.882	 -1.458	  4.974	  2.590
[component_container-11] 	 13.500	  Twist	  0.346	  0.081	 -0.033	 -0.287
[component_container-11] 	 13.500	ErrPose	  0.666	  0.092	  0.025	  0.008
[component_container-11] 	 13.500	ErrTwis	 -1.191	 -0.777	  0.043	  0.008
[component_container-11] 	 13.500	    GPS	 -0.818	 -1.401	  5.000	     --
[component_container-11] 	 13.500	   Baro	     --	     --	  6.226	     --
[component_container-11] 	 13.500	  BBias	     --	     --	  1.070	     --
[component_container-11] 	 13.500	  Sonar	     --	     --	    inf	     --
[component_container-11] 	 13.500	  Magnt	     --	     --	     --	  2.640
[component_container-11] 
[component_container-11] 	 13.540	   Pose	 -0.479	 -1.449	  4.976	  2.579
[component_container-11] 	 13.540	  Twist	  0.609	  0.073	 -0.030	 -0.274
[component_container-11] 	 13.540	ErrPose	  0.305	  0.090	  0.024	  0.009
[component_container-11] 	 13.540	ErrTwis	 -1.442	 -0.775	  0.040	 -0.005
[component_container-11] 	 13.540	    GPS	 -0.053	 -1.402	  5.000	     --
[component_container-11] 	 13.540	   Baro	     --	     --	  6.029	     --
[component_container-11] 	 13.540	  BBias	     --	     --	  1.070	     --
[component_container-11] 	 13.540	  Sonar	     --	     --	    inf	     --
[component_container-11] 	 13.540	  Magnt	     --	     --	     --	  2.578
[component_container-11] 
[component_container-11] 	 13.570	   Pose	 -0.460	 -1.447	  4.967	  2.571
[component_container-11] 	 13.570	  Twist	  0.605	  0.071	 -0.039	 -0.298
[component_container-11] 	 13.570	ErrPose	  0.308	  0.091	  0.033	  0.011
[component_container-11] 	 13.570	ErrTwis	 -1.432	 -0.776	  0.049	  0.019
[component_container-11] 	 13.570	    GPS	 -0.053	 -1.402	  5.000	     --
[component_container-11] 	 13.570	   Baro	     --	     --	  5.947	     --
[component_container-11] 	 13.570	  BBias	     --	     --	  1.070	     --
[component_container-11] 	 13.570	  Sonar	     --	     --	    inf	     --
[component_container-11] 	 13.570	  Magnt	     --	     --	     --	  2.592
[component_container-11] 
[component_container-11] 	 13.600	   Pose	 -0.442	 -1.445	  4.966	  2.562
[component_container-11] 	 13.600	  Twist	  0.601	  0.068	 -0.039	 -0.286
[component_container-11] 	 13.600	ErrPose	  0.332	  0.096	  0.035	  0.009
[component_container-11] 	 13.600	ErrTwis	 -1.415	 -0.779	  0.052	  0.006
[component_container-11] 	 13.600	    GPS	 -0.053	 -1.402	  5.000	     --
[component_container-11] 	 13.600	   Baro	     --	     --	  5.947	     --
[component_container-11] 	 13.600	  BBias	     --	     --	  1.070	     --
[component_container-11] 	 13.600	  Sonar	     --	     --	    inf	     --
[component_container-11] 	 13.600	  Magnt	     --	     --	     --	  2.592
[component_container-11] 
[component_container-11] 	 13.640	   Pose	 -0.418	 -1.442	  4.966	  2.551
[component_container-11] 	 13.640	  Twist	  0.597	  0.064	 -0.038	 -0.299
[component_container-11] 	 13.640	ErrPose	  0.350	  0.100	  0.035	  0.008
[component_container-11] 	 13.640	ErrTwis	 -1.398	 -0.780	  0.051	  0.019
[component_container-11] 	 13.640	    GPS	 -0.053	 -1.402	  5.000	     --
[component_container-11] 	 13.640	   Baro	     --	     --	  6.051	     --
[component_container-11] 	 13.640	  BBias	     --	     --	  1.070	     --
[component_container-11] 	 13.640	  Sonar	     --	     --	    inf	     --
[component_container-11] 	 13.640	  Magnt	     --	     --	     --	  2.575
[component_container-11] 
[component_container-11] 	 13.670	   Pose	 -0.400	 -1.440	  4.960	  2.544
[component_container-11] 	 13.670	  Twist	  0.593	  0.062	 -0.044	 -0.283
[component_container-11] 	 13.670	ErrPose	  0.354	  0.102	  0.042	  0.010
[component_container-11] 	 13.670	ErrTwis	 -1.388	 -0.781	  0.057	  0.003
[component_container-11] 	 13.670	    GPS	 -0.053	 -1.402	  5.000	     --
[component_container-11] 	 13.670	   Baro	     --	     --	  5.976	     --
[component_container-11] 	 13.670	  BBias	     --	     --	  1.070	     --
[component_container-11] 	 13.670	  Sonar	     --	     --	    inf	     --
[component_container-11] 	 13.670	  Magnt	     --	     --	     --	  2.599
[component_container-11] 
[component_container-11] 	 13.700	   Pose	 -0.383	 -1.439	  4.958	  2.535
[component_container-11] 	 13.700	  Twist	  0.589	  0.058	 -0.044	 -0.298
[component_container-11] 	 13.700	ErrPose	  0.378	  0.107	  0.044	  0.008
[component_container-11] 	 13.700	ErrTwis	 -1.369	 -0.783	  0.058	  0.019
[component_container-11] 	 13.700	    GPS	 -0.053	 -1.402	  5.000	     --
[component_container-11] 	 13.700	   Baro	     --	     --	  5.976	     --
[component_container-11] 	 13.700	  BBias	     --	     --	  1.070	     --
[component_container-11] 	 13.700	  Sonar	     --	     --	    inf	     --
[component_container-11] 	 13.700	  Magnt	     --	     --	     --	  2.599
[component_container-11] 
[component_container-11] 	 13.740	   Pose	 -0.359	 -1.436	  4.953	  2.523
[component_container-11] 	 13.740	  Twist	  0.583	  0.054	 -0.049	 -0.293
[component_container-11] 	 13.740	ErrPose	  0.396	  0.112	  0.050	  0.008
[component_container-11] 	 13.740	ErrTwis	 -1.349	 -0.785	  0.067	  0.014
[component_container-11] 	 13.740	    GPS	 -0.053	 -1.402	  5.000	     --
[component_container-11] 	 13.740	   Baro	     --	     --	  5.982	     --
[component_container-11] 	 13.740	  BBias	     --	     --	  1.070	     --
[component_container-11] 	 13.740	  Sonar	     --	     --	    inf	     --
[component_container-11] 	 13.740	  Magnt	     --	     --	     --	  2.523
[component_container-11] 
[component_container-11] 	 13.770	   Pose	 -0.342	 -1.435	  4.963	  2.514
[component_container-11] 	 13.770	  Twist	  0.580	  0.051	 -0.038	 -0.291
[component_container-11] 	 13.770	ErrPose	  0.399	  0.114	  0.041	  0.012
[component_container-11] 	 13.770	ErrTwis	 -1.338	 -0.786	  0.058	  0.012
[component_container-11] 	 13.770	    GPS	 -0.053	 -1.402	  5.000	     --
[component_container-11] 	 13.770	   Baro	     --	     --	  6.157	     --
[component_container-11] 	 13.770	  BBias	     --	     --	  1.070	     --
[component_container-11] 	 13.770	  Sonar	     --	     --	    inf	     --
[component_container-11] 	 13.770	  Magnt	     --	     --	     --	  2.489
[component_container-11] 
[component_container-11] 	 13.800	   Pose	 -0.324	 -1.433	  4.962	  2.505
[component_container-11] 	 13.800	  Twist	  0.576	  0.049	 -0.038	 -0.287
[component_container-11] 	 13.800	ErrPose	  0.423	  0.119	  0.043	  0.010
[component_container-11] 	 13.800	ErrTwis	 -1.320	 -0.791	  0.059	  0.008
[component_container-11] 	 13.800	    GPS	 -0.053	 -1.402	  5.000	     --
[component_container-11] 	 13.800	   Baro	     --	     --	  6.157	     --
[component_container-11] 	 13.800	  BBias	     --	     --	  1.070	     --
[component_container-11] 	 13.800	  Sonar	     --	     --	    inf	     --
[component_container-11] 	 13.800	  Magnt	     --	     --	     --	  2.489
[component_container-11] 
[component_container-11] 	 13.840	   Pose	 -0.302	 -1.431	  4.968	  2.494
[component_container-11] 	 13.840	  Twist	  0.571	  0.046	 -0.031	 -0.278
[component_container-11] 	 13.840	ErrPose	  0.441	  0.125	  0.037	  0.009
[component_container-11] 	 13.840	ErrTwis	 -1.299	 -0.795	  0.053	 -0.001
[component_container-11] 	 13.840	    GPS	 -0.053	 -1.402	  5.000	     --
[component_container-11] 	 13.840	   Baro	     --	     --	  6.121	     --
[component_container-11] 	 13.840	  BBias	     --	     --	  1.070	     --
[component_container-11] 	 13.840	  Sonar	     --	     --	    inf	     --
[component_container-11] 	 13.840	  Magnt	     --	     --	     --	  2.529
[component_container-11] 
[component_container-11] 	 13.870	   Pose	 -0.284	 -1.430	  4.955	  2.486
[component_container-11] 	 13.870	  Twist	  0.567	  0.043	 -0.044	 -0.290
[component_container-11] 	 13.870	ErrPose	  0.444	  0.127	  0.051	  0.012
[component_container-11] 	 13.870	ErrTwis	 -1.287	 -0.796	  0.066	  0.011
[component_container-11] 	 13.870	    GPS	 -0.053	 -1.402	  5.000	     --
[component_container-11] 	 13.870	   Baro	     --	     --	  5.899	     --
[component_container-11] 	 13.870	  BBias	     --	     --	  1.070	     --
[component_container-11] 	 13.870	  Sonar	     --	     --	    inf	     --
[component_container-11] 	 13.870	  Magnt	     --	     --	     --	  2.511
[component_container-11] 
[component_container-11] 	 13.900	   Pose	 -0.267	 -1.429	  4.954	  2.478
[component_container-11] 	 13.900	  Twist	  0.563	  0.040	 -0.045	 -0.293
[component_container-11] 	 13.900	ErrPose	  0.468	  0.133	  0.053	  0.009
[component_container-11] 	 13.900	ErrTwis	 -1.267	 -0.800	  0.070	  0.014
[component_container-11] 	 13.900	    GPS	 -0.053	 -1.402	  5.000	     --
[component_container-11] 	 13.900	   Baro	     --	     --	  5.899	     --
[component_container-11] 	 13.900	  BBias	     --	     --	  1.070	     --
[component_container-11] 	 13.900	  Sonar	     --	     --	    inf	     --
[component_container-11] 	 13.900	  Magnt	     --	     --	     --	  2.511
[component_container-11] 
[component_container-11] 	 13.940	   Pose	 -0.245	 -1.427	  4.957	  2.466
[component_container-11] 	 13.940	  Twist	  0.558	  0.037	 -0.042	 -0.283
[component_container-11] 	 13.940	ErrPose	  0.486	  0.140	  0.050	  0.010
[component_container-11] 	 13.940	ErrTwis	 -1.246	 -0.804	  0.067	  0.004
[component_container-11] 	 13.940	    GPS	 -0.053	 -1.402	  5.000	     --
[component_container-11] 	 13.940	   Baro	     --	     --	  6.085	     --
[component_container-11] 	 13.940	  BBias	     --	     --	  1.070	     --
[component_container-11] 	 13.940	  Sonar	     --	     --	    inf	     --
[component_container-11] 	 13.940	  Magnt	     --	     --	     --	  2.471
[component_container-11] 
[component_container-11] 	 13.970	   Pose	 -0.228	 -1.426	  4.954	  2.457
[component_container-11] 	 13.970	  Twist	  0.554	  0.035	 -0.045	 -0.278
[component_container-11] 	 13.970	ErrPose	  0.489	  0.143	  0.054	  0.013
[component_container-11] 	 13.970	ErrTwis	 -1.234	 -0.805	  0.070	 -0.001
[component_container-11] 	 13.970	    GPS	 -0.053	 -1.402	  5.000	     --
[component_container-11] 	 13.970	   Baro	     --	     --	  6.009	     --
[component_container-11] 	 13.970	  BBias	     --	     --	  1.070	     --
[component_container-11] 	 13.970	  Sonar	     --	     --	    inf	     --
[component_container-11] 	 13.970	  Magnt	     --	     --	     --	  2.441
[component_container-11] 
[component_container-11] [INFO] [1775368638.125660594] [drone.controller]: cmd_vel body=(-0.513, -0.858, 0.022) yaw=-0.300 | odom_received=true | plan_points=24
[component_container-11] 	 14.000	   Pose	 -0.212	 -1.425	  4.953	  2.449
[component_container-11] 	 14.000	  Twist	  0.550	  0.032	 -0.045	 -0.281
[component_container-11] 	 14.000	ErrPose	  0.512	  0.150	  0.056	  0.010
[component_container-11] 	 14.000	ErrTwis	 -1.213	 -0.809	  0.070	  0.002
[component_container-11] 	 14.000	    GPS	 -0.053	 -1.402	  5.000	     --
[component_container-11] 	 14.000	   Baro	     --	     --	  6.009	     --
[component_container-11] 	 14.000	  BBias	     --	     --	  1.070	     --
[component_container-11] 	 14.000	  Sonar	     --	     --	    inf	     --
[component_container-11] 	 14.000	  Magnt	     --	     --	     --	  2.441
[component_container-11] 
[component_container-11] [INFO] [1775368638.125945785] [drone.estimator]: TMP LOG err_xyz=(0.512, 0.150, 0.056) | z_est=4.953 vz_est=-0.045 bias=1.070 | gps_z=5.000 sonar=inf baro=6.009
[component_container-11] [INFO] [1775368638.130107787] [drone.estimator]: TMP LOG gps innov_xy=(0.553, 0.012) est_xy=(-0.206, -1.425) gps_xy=(0.347, -1.413) corr_xy=(0.347, -1.413) vel_xy=(0.548, 0.031)
[component_container-11] [INFO] [1775368638.130228627] [drone.estimator]: TMP LOG gps vel pseudo raw=(0.799, -0.021) filt=(0.862, -0.018) innov_v=(0.241, -0.050) apply=(1,1)
[component_container-11] 	 14.040	   Pose	  0.013	 -1.427	  4.963	  2.438
[component_container-11] 	 14.040	  Twist	  0.656	  0.022	 -0.035	 -0.268
[component_container-11] 	 14.040	ErrPose	  0.328	  0.160	  0.047	  0.010
[component_container-11] 	 14.040	ErrTwis	 -1.302	 -0.805	  0.062	 -0.011
[component_container-11] 	 14.040	    GPS	  0.347	 -1.413	  5.010	     --
[component_container-11] 	 14.040	   Baro	     --	     --	  6.054	     --
[component_container-11] 	 14.040	  BBias	     --	     --	  1.070	     --
[component_container-11] 	 14.040	  Sonar	     --	     --	    inf	     --
[component_container-11] 	 14.040	  Magnt	     --	     --	     --	  2.473
[component_container-11] 
[component_container-11] 	 14.070	   Pose	  0.032	 -1.427	  4.975	  2.430
[component_container-11] 	 14.070	  Twist	  0.653	  0.019	 -0.022	 -0.277
[component_container-11] 	 14.070	ErrPose	  0.328	  0.164	  0.036	  0.013
[component_container-11] 	 14.070	ErrTwis	 -1.290	 -0.806	  0.051	 -0.002
[component_container-11] 	 14.070	    GPS	  0.347	 -1.413	  5.010	     --
[component_container-11] 	 14.070	   Baro	     --	     --	  6.202	     --
[component_container-11] 	 14.070	  BBias	     --	     --	  1.070	     --
[component_container-11] 	 14.070	  Sonar	     --	     --	    inf	     --
[component_container-11] 	 14.070	  Magnt	     --	     --	     --	  2.442
[component_container-11] 
[component_container-11] 	 14.100	   Pose	  0.052	 -1.426	  4.975	  2.421
[component_container-11] 	 14.100	  Twist	  0.649	  0.016	 -0.023	 -0.281
[component_container-11] 	 14.100	ErrPose	  0.347	  0.172	  0.038	  0.010
[component_container-11] 	 14.100	ErrTwis	 -1.269	 -0.809	  0.052	  0.001
[component_container-11] 	 14.100	    GPS	  0.347	 -1.413	  5.010	     --
[component_container-11] 	 14.100	   Baro	     --	     --	  6.202	     --
[component_container-11] 	 14.100	  BBias	     --	     --	  1.070	     --
[component_container-11] 	 14.100	  Sonar	     --	     --	    inf	     --
[component_container-11] 	 14.100	  Magnt	     --	     --	     --	  2.442
[component_container-11] 
[component_container-11] 	 14.140	   Pose	  0.078	 -1.426	  4.975	  2.411
[component_container-11] 	 14.140	  Twist	  0.644	  0.013	 -0.023	 -0.279
[component_container-11] 	 14.140	ErrPose	  0.360	  0.180	  0.039	  0.009
[component_container-11] 	 14.140	ErrTwis	 -1.246	 -0.812	  0.052	 -0.001
[component_container-11] 	 14.140	    GPS	  0.347	 -1.413	  5.010	     --
[component_container-11] 	 14.140	   Baro	     --	     --	  6.057	     --
[component_container-11] 	 14.140	  BBias	     --	     --	  1.070	     --
[component_container-11] 	 14.140	  Sonar	     --	     --	    inf	     --
[component_container-11] 	 14.140	  Magnt	     --	     --	     --	  2.464
[component_container-11] 
[component_container-11] 	 14.170	   Pose	  0.097	 -1.425	  4.975	  2.403
[component_container-11] 	 14.170	  Twist	  0.640	  0.011	 -0.024	 -0.277
[component_container-11] 	 14.170	ErrPose	  0.360	  0.184	  0.040	  0.011
[component_container-11] 	 14.170	ErrTwis	 -1.233	 -0.813	  0.054	 -0.002
[component_container-11] 	 14.170	    GPS	  0.347	 -1.413	  5.010	     --
[component_container-11] 	 14.170	   Baro	     --	     --	  6.052	     --
[component_container-11] 	 14.170	  BBias	     --	     --	  1.070	     --
[component_container-11] 	 14.170	  Sonar	     --	     --	    inf	     --
[component_container-11] 	 14.170	  Magnt	     --	     --	     --	  2.428
[component_container-11] 
[component_container-11] 	 14.200	   Pose	  0.116	 -1.425	  4.974	  2.395
[component_container-11] 	 14.200	  Twist	  0.637	  0.007	 -0.026	 -0.287
[component_container-11] 	 14.200	ErrPose	  0.380	  0.193	  0.042	  0.009
[component_container-11] 	 14.200	ErrTwis	 -1.211	 -0.816	  0.057	  0.007
[component_container-11] 	 14.200	    GPS	  0.347	 -1.413	  5.010	     --
[component_container-11] 	 14.200	   Baro	     --	     --	  6.052	     --
[component_container-11] 	 14.200	  BBias	     --	     --	  1.070	     --
[component_container-11] 	 14.200	  Sonar	     --	     --	    inf	     --
[component_container-11] 	 14.200	  Magnt	     --	     --	     --	  2.428
[component_container-11] 
[component_container-11] 	 14.240	   Pose	  0.141	 -1.425	  4.972	  2.383
[component_container-11] 	 14.240	  Twist	  0.632	  0.003	 -0.028	 -0.296
[component_container-11] 	 14.240	ErrPose	  0.393	  0.202	  0.045	  0.009
[component_container-11] 	 14.240	ErrTwis	 -1.188	 -0.818	  0.060	  0.017
[component_container-11] 	 14.240	    GPS	  0.347	 -1.413	  5.010	     --
[component_container-11] 	 14.240	   Baro	     --	     --	  6.035	     --
[component_container-11] 	 14.240	  BBias	     --	     --	  1.070	     --
[component_container-11] 	 14.240	  Sonar	     --	     --	    inf	     --
[component_container-11] 	 14.240	  Magnt	     --	     --	     --	  2.389
[component_container-11] 
[component_container-11] 	 14.270	   Pose	  0.160	 -1.425	  4.972	  2.375
[component_container-11] 	 14.270	  Twist	  0.628	  0.000	 -0.029	 -0.279
[component_container-11] 	 14.270	ErrPose	  0.393	  0.207	  0.045	  0.012
[component_container-11] 	 14.270	ErrTwis	 -1.174	 -0.818	  0.060	 -0.001
[component_container-11] 	 14.270	    GPS	  0.347	 -1.413	  5.010	     --
[component_container-11] 	 14.270	   Baro	     --	     --	  6.051	     --
[component_container-11] 	 14.270	  BBias	     --	     --	  1.070	     --
[component_container-11] 	 14.270	  Sonar	     --	     --	    inf	     --
[component_container-11] 	 14.270	  Magnt	     --	     --	     --	  2.379
[component_container-11] 
[component_container-11] 	 14.300	   Pose	  0.179	 -1.425	  4.971	  2.366
[component_container-11] 	 14.300	  Twist	  0.623	 -0.003	 -0.030	 -0.291
[component_container-11] 	 14.300	ErrPose	  0.412	  0.217	  0.047	  0.009
[component_container-11] 	 14.300	ErrTwis	 -1.151	 -0.821	  0.062	  0.012
[component_container-11] 	 14.300	    GPS	  0.347	 -1.413	  5.010	     --
[component_container-11] 	 14.300	   Baro	     --	     --	  6.051	     --
[component_container-11] 	 14.300	  BBias	     --	     --	  1.070	     --
[component_container-11] 	 14.300	  Sonar	     --	     --	    inf	     --
[component_container-11] 	 14.300	  Magnt	     --	     --	     --	  2.379
[component_container-11] 
[component_container-11] 	 14.340	   Pose	  0.204	 -1.425	  4.970	  2.355
[component_container-11] 	 14.340	  Twist	  0.619	 -0.006	 -0.033	 -0.267
[component_container-11] 	 14.340	ErrPose	  0.424	  0.227	  0.050	  0.009
[component_container-11] 	 14.340	ErrTwis	 -1.128	 -0.824	  0.066	 -0.013
[component_container-11] 	 14.340	    GPS	  0.347	 -1.413	  5.010	     --
[component_container-11] 	 14.340	   Baro	     --	     --	  6.042	     --
[component_container-11] 	 14.340	  BBias	     --	     --	  1.070	     --
[component_container-11] 	 14.340	  Sonar	     --	     --	    inf	     --
[component_container-11] 	 14.340	  Magnt	     --	     --	     --	  2.362
[component_container-11] 
[component_container-11] 	 14.370	   Pose	  0.222	 -1.425	  4.968	  2.346
[component_container-11] 	 14.370	  Twist	  0.615	 -0.009	 -0.035	 -0.275
[component_container-11] 	 14.370	ErrPose	  0.424	  0.232	  0.053	  0.012
[component_container-11] 	 14.370	ErrTwis	 -1.115	 -0.824	  0.068	 -0.005
[component_container-11] 	 14.370	    GPS	  0.347	 -1.413	  5.010	     --
[component_container-11] 	 14.370	   Baro	     --	     --	  6.024	     --
[component_container-11] 	 14.370	  BBias	     --	     --	  1.070	     --
[component_container-11] 	 14.370	  Sonar	     --	     --	    inf	     --
[component_container-11] 	 14.370	  Magnt	     --	     --	     --	  2.331
[component_container-11] 
[component_container-11] 	 14.400	   Pose	  0.241	 -1.425	  4.967	  2.338
[component_container-11] 	 14.400	  Twist	  0.611	 -0.012	 -0.037	 -0.287
[component_container-11] 	 14.400	ErrPose	  0.443	  0.243	  0.055	  0.010
[component_container-11] 	 14.400	ErrTwis	 -1.091	 -0.826	  0.069	  0.007
[component_container-11] 	 14.400	    GPS	  0.347	 -1.413	  5.010	     --
[component_container-11] 	 14.400	   Baro	     --	     --	  6.024	     --
[component_container-11] 	 14.400	  BBias	     --	     --	  1.070	     --
[component_container-11] 	 14.400	  Sonar	     --	     --	    inf	     --
[component_container-11] 	 14.400	  Magnt	     --	     --	     --	  2.331
[component_container-11] 
[component_container-11] 	 14.440	   Pose	  0.265	 -1.426	  4.962	  2.326
[component_container-11] 	 14.440	  Twist	  0.605	 -0.015	 -0.042	 -0.276
[component_container-11] 	 14.440	ErrPose	  0.455	  0.254	  0.061	  0.010
[component_container-11] 	 14.440	ErrTwis	 -1.066	 -0.827	  0.074	 -0.004
[component_container-11] 	 14.440	    GPS	  0.347	 -1.413	  5.010	     --
[component_container-11] 	 14.440	   Baro	     --	     --	  6.000	     --
[component_container-11] 	 14.440	  BBias	     --	     --	  1.070	     --
[component_container-11] 	 14.440	  Sonar	     --	     --	    inf	     --
[component_container-11] 	 14.440	  Magnt	     --	     --	     --	  2.342
[component_container-11] 
[component_container-11] 	 14.470	   Pose	  0.283	 -1.427	  4.963	  2.319
[component_container-11] 	 14.470	  Twist	  0.601	 -0.019	 -0.041	 -0.286
[component_container-11] 	 14.470	ErrPose	  0.455	  0.260	  0.061	  0.012
[component_container-11] 	 14.470	ErrTwis	 -1.052	 -0.826	  0.073	  0.006
[component_container-11] 	 14.470	    GPS	  0.347	 -1.413	  5.010	     --
[component_container-11] 	 14.470	   Baro	     --	     --	  6.057	     --
[component_container-11] 	 14.470	  BBias	     --	     --	  1.070	     --
[component_container-11] 	 14.470	  Sonar	     --	     --	    inf	     --
[component_container-11] 	 14.470	  Magnt	     --	     --	     --	  2.364
[component_container-11] 
[component_container-11] 	 14.500	   Pose	  0.301	 -1.427	  4.962	  2.310
[component_container-11] 	 14.500	  Twist	  0.598	 -0.022	 -0.042	 -0.276
[component_container-11] 	 14.500	ErrPose	  0.474	  0.272	  0.063	  0.009
[component_container-11] 	 14.500	ErrTwis	 -1.030	 -0.827	  0.076	 -0.004
[component_container-11] 	 14.500	    GPS	  0.347	 -1.413	  5.010	     --
[component_container-11] 	 14.500	   Baro	     --	     --	  6.057	     --
[component_container-11] 	 14.500	  BBias	     --	     --	  1.070	     --
[component_container-11] 	 14.500	  Sonar	     --	     --	    inf	     --
[component_container-11] 	 14.500	  Magnt	     --	     --	     --	  2.364
[component_container-11] 
[component_container-11] 	 14.540	   Pose	  0.639	 -1.300	  4.986	  2.300
[component_container-11] 	 14.540	  Twist	  0.792	  0.068	 -0.017	 -0.272
[component_container-11] 	 14.540	ErrPose	  0.172	  0.156	  0.040	  0.008
[component_container-11] 	 14.540	ErrTwis	 -1.205	 -0.921	  0.051	 -0.008
[component_container-11] 	 14.540	    GPS	  1.036	 -1.189	  5.025	     --
[component_container-11] 	 14.540	   Baro	     --	     --	  6.233	     --
[component_container-11] 	 14.540	  BBias	     --	     --	  1.069	     --
[component_container-11] 	 14.540	  Sonar	     --	     --	    inf	     --
[component_container-11] 	 14.540	  Magnt	     --	     --	     --	  2.342
[component_container-11] 
[component_container-11] 	 14.570	   Pose	  0.662	 -1.298	  4.971	  2.292
[component_container-11] 	 14.570	  Twist	  0.789	  0.065	 -0.034	 -0.293
[component_container-11] 	 14.570	ErrPose	  0.167	  0.160	  0.056	  0.011
[component_container-11] 	 14.570	ErrTwis	 -1.192	 -0.920	  0.068	  0.013
[component_container-11] 	 14.570	    GPS	  1.036	 -1.189	  5.025	     --
[component_container-11] 	 14.570	   Baro	     --	     --	  5.866	     --
[component_container-11] 	 14.570	  BBias	     --	     --	  1.069	     --
[component_container-11] 	 14.570	  Sonar	     --	     --	    inf	     --
[component_container-11] 	 14.570	  Magnt	     --	     --	     --	  2.310
[component_container-11] 
[component_container-11] 	 14.600	   Pose	  0.686	 -1.296	  4.970	  2.283
[component_container-11] 	 14.600	  Twist	  0.785	  0.062	 -0.035	 -0.284
[component_container-11] 	 14.600	ErrPose	  0.179	  0.170	  0.059	  0.008
[component_container-11] 	 14.600	ErrTwis	 -1.169	 -0.921	  0.071	  0.004
[component_container-11] 	 14.600	    GPS	  1.036	 -1.189	  5.025	     --
[component_container-11] 	 14.600	   Baro	     --	     --	  5.866	     --
[component_container-11] 	 14.600	  BBias	     --	     --	  1.069	     --
[component_container-11] 	 14.600	  Sonar	     --	     --	    inf	     --
[component_container-11] 	 14.600	  Magnt	     --	     --	     --	  2.310
[component_container-11] 
[component_container-11] 	 14.640	   Pose	  0.717	 -1.294	  4.973	  2.271
[component_container-11] 	 14.640	  Twist	  0.781	  0.057	 -0.033	 -0.306
[component_container-11] 	 14.640	ErrPose	  0.183	  0.180	  0.057	  0.009
[component_container-11] 	 14.640	ErrTwis	 -1.145	 -0.920	  0.070	  0.026
[component_container-11] 	 14.640	    GPS	  1.036	 -1.189	  5.025	     --
[component_container-11] 	 14.640	   Baro	     --	     --	  6.096	     --
[component_container-11] 	 14.640	  BBias	     --	     --	  1.069	     --
[component_container-11] 	 14.640	  Sonar	     --	     --	    inf	     --
[component_container-11] 	 14.640	  Magnt	     --	     --	     --	  2.285
[component_container-11] 
[component_container-11] 	 14.670	   Pose	  0.741	 -1.292	  4.976	  2.262
[component_container-11] 	 14.670	  Twist	  0.777	  0.054	 -0.030	 -0.276
[component_container-11] 	 14.670	ErrPose	  0.177	  0.184	  0.054	  0.012
[component_container-11] 	 14.670	ErrTwis	 -1.132	 -0.918	  0.067	 -0.004
[component_container-11] 	 14.670	    GPS	  1.036	 -1.189	  5.025	     --
[component_container-11] 	 14.670	   Baro	     --	     --	  6.098	     --
[component_container-11] 	 14.670	  BBias	     --	     --	  1.069	     --
[component_container-11] 	 14.670	  Sonar	     --	     --	    inf	     --
[component_container-11] 	 14.670	  Magnt	     --	     --	     --	  2.244
[component_container-11] 
[component_container-11] 	 14.700	   Pose	  0.764	 -1.291	  4.976	  2.254
[component_container-11] 	 14.700	  Twist	  0.774	  0.051	 -0.033	 -0.276
[component_container-11] 	 14.700	ErrPose	  0.189	  0.195	  0.056	  0.009
[component_container-11] 	 14.700	ErrTwis	 -1.110	 -0.919	  0.069	 -0.004
[component_container-11] 	 14.700	    GPS	  1.036	 -1.189	  5.025	     --
[component_container-11] 	 14.700	   Baro	     --	     --	  6.098	     --
[component_container-11] 	 14.700	  BBias	     --	     --	  1.069	     --
[component_container-11] 	 14.700	  Sonar	     --	     --	    inf	     --
[component_container-11] 	 14.700	  Magnt	     --	     --	     --	  2.244
[component_container-11] 
[component_container-11] 	 14.740	   Pose	  0.795	 -1.289	  4.990	  2.243
[component_container-11] 	 14.740	  Twist	  0.769	  0.047	 -0.018	 -0.294
[component_container-11] 	 14.740	ErrPose	  0.192	  0.206	  0.043	  0.009
[component_container-11] 	 14.740	ErrTwis	 -1.085	 -0.918	  0.056	  0.015
[component_container-11] 	 14.740	    GPS	  1.036	 -1.189	  5.025	     --
[component_container-11] 	 14.740	   Baro	     --	     --	  6.225	     --
[component_container-11] 	 14.740	  BBias	     --	     --	  1.070	     --
[component_container-11] 	 14.740	  Sonar	     --	     --	    inf	     --
[component_container-11] 	 14.740	  Magnt	     --	     --	     --	  2.274
[component_container-11] 
[component_container-11] 	 14.770	   Pose	  0.818	 -1.287	  4.992	  2.234
[component_container-11] 	 14.770	  Twist	  0.766	  0.043	 -0.017	 -0.276
[component_container-11] 	 14.770	ErrPose	  0.187	  0.211	  0.041	  0.012
[component_container-11] 	 14.770	ErrTwis	 -1.072	 -0.916	  0.054	 -0.004
[component_container-11] 	 14.770	    GPS	  1.036	 -1.189	  5.025	     --
[component_container-11] 	 14.770	   Baro	     --	     --	  6.100	     --
[component_container-11] 	 14.770	  BBias	     --	     --	  1.070	     --
[component_container-11] 	 14.770	  Sonar	     --	     --	    inf	     --
[component_container-11] 	 14.770	  Magnt	     --	     --	     --	  2.235
[component_container-11] 
[component_container-11] 	 14.800	   Pose	  0.841	 -1.286	  4.992	  2.226
[component_container-11] 	 14.800	  Twist	  0.762	  0.039	 -0.018	 -0.311
[component_container-11] 	 14.800	ErrPose	  0.198	  0.223	  0.043	  0.010
[component_container-11] 	 14.800	ErrTwis	 -1.050	 -0.915	  0.056	  0.031
[component_container-11] 	 14.800	    GPS	  1.036	 -1.189	  5.025	     --
[component_container-11] 	 14.800	   Baro	     --	     --	  6.100	     --
[component_container-11] 	 14.800	  BBias	     --	     --	  1.070	     --
[component_container-11] 	 14.800	  Sonar	     --	     --	    inf	     --
[component_container-11] 	 14.800	  Magnt	     --	     --	     --	  2.235
[component_container-11] 
[component_container-11] 	 14.840	   Pose	  0.871	 -1.284	  5.007	  2.214
[component_container-11] 	 14.840	  Twist	  0.756	  0.036	 -0.004	 -0.286
[component_container-11] 	 14.840	ErrPose	  0.202	  0.235	  0.029	  0.010
[component_container-11] 	 14.840	ErrTwis	 -1.025	 -0.915	  0.043	  0.006
[component_container-11] 	 14.840	    GPS	  1.036	 -1.189	  5.025	     --
[component_container-11] 	 14.840	   Baro	     --	     --	  6.243	     --
[component_container-11] 	 14.840	  BBias	     --	     --	  1.070	     --
[component_container-11] 	 14.840	  Sonar	     --	     --	    inf	     --
[component_container-11] 	 14.840	  Magnt	     --	     --	     --	  2.222
[component_container-11] 
[component_container-11] 	 14.870	   Pose	  0.894	 -1.283	  5.010	  2.207
[component_container-11] 	 14.870	  Twist	  0.752	  0.033	 -0.003	 -0.278
[component_container-11] 	 14.870	ErrPose	  0.196	  0.241	  0.026	  0.012
[component_container-11] 	 14.870	ErrTwis	 -1.011	 -0.914	  0.041	 -0.002
[component_container-11] 	 14.870	    GPS	  1.036	 -1.189	  5.025	     --
[component_container-11] 	 14.870	   Baro	     --	     --	  6.116	     --
[component_container-11] 	 14.870	  BBias	     --	     --	  1.070	     --
[component_container-11] 	 14.870	  Sonar	     --	     --	    inf	     --
[component_container-11] 	 14.870	  Magnt	     --	     --	     --	  2.249
[component_container-11] 
[component_container-11] 	 14.900	   Pose	  0.916	 -1.283	  5.010	  2.198
[component_container-11] 	 14.900	  Twist	  0.748	  0.030	 -0.005	 -0.295
[component_container-11] 	 14.900	ErrPose	  0.207	  0.254	  0.028	  0.009
[component_container-11] 	 14.900	ErrTwis	 -0.988	 -0.913	  0.043	  0.015
[component_container-11] 	 14.900	    GPS	  1.036	 -1.189	  5.025	     --
[component_container-11] 	 14.900	   Baro	     --	     --	  6.116	     --
[component_container-11] 	 14.900	  BBias	     --	     --	  1.070	     --
[component_container-11] 	 14.900	  Sonar	     --	     --	    inf	     --
[component_container-11] 	 14.900	  Magnt	     --	     --	     --	  2.249
[component_container-11] 
[component_container-11] 	 14.940	   Pose	  0.946	 -1.281	  5.025	  2.187
[component_container-11] 	 14.940	  Twist	  0.743	  0.024	  0.005	 -0.291
[component_container-11] 	 14.940	ErrPose	  0.211	  0.267	  0.014	  0.009
[component_container-11] 	 14.940	ErrTwis	 -0.964	 -0.910	  0.032	  0.011
[component_container-11] 	 14.940	    GPS	  1.036	 -1.189	  5.025	     --
[component_container-11] 	 14.940	   Baro	     --	     --	  6.243	     --
[component_container-11] 	 14.940	  BBias	     --	     --	  1.070	     --
[component_container-11] 	 14.940	  Sonar	     --	     --	    inf	     --
[component_container-11] 	 14.940	  Magnt	     --	     --	     --	  2.190
[component_container-11] 
[component_container-11] 	 14.970	   Pose	  0.968	 -1.281	  5.023	  2.178
[component_container-11] 	 14.970	  Twist	  0.739	  0.021	  0.001	 -0.282
[component_container-11] 	 14.970	ErrPose	  0.206	  0.274	  0.017	  0.013
[component_container-11] 	 14.970	ErrTwis	 -0.950	 -0.908	  0.036	  0.002
[component_container-11] 	 14.970	    GPS	  1.036	 -1.189	  5.025	     --
[component_container-11] 	 14.970	   Baro	     --	     --	  6.076	     --
[component_container-11] 	 14.970	  BBias	     --	     --	  1.070	     --
[component_container-11] 	 14.970	  Sonar	     --	     --	    inf	     --
[component_container-11] 	 14.970	  Magnt	     --	     --	     --	  2.182
[component_container-11] 
[component_container-11] [INFO] [1775368639.128587998] [drone.controller]: cmd_vel body=(-0.149, -0.989, -0.021) yaw=-0.300 | odom_received=true | plan_points=14
[component_container-11] 	 15.000	   Pose	  0.990	 -1.280	  5.023	  2.170
[component_container-11] 	 15.000	  Twist	  0.735	  0.018	 -0.003	 -0.277
[component_container-11] 	 15.000	ErrPose	  0.217	  0.288	  0.018	  0.010
[component_container-11] 	 15.000	ErrTwis	 -0.928	 -0.908	  0.038	 -0.003
[component_container-11] 	 15.000	    GPS	  1.036	 -1.189	  5.025	     --
[component_container-11] 	 15.000	   Baro	     --	     --	  6.076	     --
[component_container-11] 	 15.000	  BBias	     --	     --	  1.070	     --
[component_container-11] 	 15.000	  Sonar	     --	     --	    inf	     --
[component_container-11] 	 15.000	  Magnt	     --	     --	     --	  2.182
[component_container-11] 
[component_container-11] [INFO] [1775368639.128917692] [drone.estimator]: TMP LOG err_xyz=(0.217, 0.288, 0.018) | z_est=5.023 vz_est=-0.003 bias=1.070 | gps_z=5.025 sonar=inf baro=6.076
[component_container-11] [INFO] [1775368639.133269834] [drone.estimator]: TMP LOG gps innov_xy=(0.342, 0.250) est_xy=(0.998, -1.280) gps_xy=(1.340, -1.030) corr_xy=(1.340, -1.030) vel_xy=(0.734, 0.017)
[component_container-11] [INFO] [1775368639.133396078] [drone.estimator]: TMP LOG gps vel pseudo raw=(0.608, 0.318) filt=(0.680, 0.326) innov_v=(-0.099, 0.277) apply=(1,1)
[component_container-11] 	 15.040	   Pose	  1.110	 -1.164	  5.025	  2.158
[component_container-11] 	 15.040	  Twist	  0.760	  0.092	 -0.005	 -0.272
[component_container-11] 	 15.040	ErrPose	  0.130	  0.187	  0.016	  0.010
[component_container-11] 	 15.040	ErrTwis	 -0.933	 -0.984	  0.039	 -0.008
[component_container-11] 	 15.040	    GPS	  1.340	 -1.030	  5.041	     --
[component_container-11] 	 15.040	   Baro	     --	     --	  6.085	     --
[component_container-11] 	 15.040	  BBias	     --	     --	  1.070	     --
[component_container-11] 	 15.040	  Sonar	     --	     --	    inf	     --
[component_container-11] 	 15.040	  Magnt	     --	     --	     --	  2.160
[component_container-11] 
[component_container-11] 	 15.070	   Pose	  1.133	 -1.161	  5.025	  2.151
[component_container-11] 	 15.070	  Twist	  0.756	  0.088	 -0.009	 -0.284
[component_container-11] 	 15.070	ErrPose	  0.124	  0.192	  0.017	  0.012
[component_container-11] 	 15.070	ErrTwis	 -0.920	 -0.981	  0.042	  0.005
[component_container-11] 	 15.070	    GPS	  1.340	 -1.030	  5.041	     --
[component_container-11] 	 15.070	   Baro	     --	     --	  6.094	     --
[component_container-11] 	 15.070	  BBias	     --	     --	  1.070	     --
[component_container-11] 	 15.070	  Sonar	     --	     --	    inf	     --
[component_container-11] 	 15.070	  Magnt	     --	     --	     --	  2.196
[component_container-11] 
[component_container-11] 	 15.100	   Pose	  1.155	 -1.159	  5.025	  2.142
[component_container-11] 	 15.100	  Twist	  0.752	  0.084	 -0.012	 -0.275
[component_container-11] 	 15.100	ErrPose	  0.134	  0.204	  0.018	  0.009
[component_container-11] 	 15.100	ErrTwis	 -0.898	 -0.980	  0.043	 -0.005
[component_container-11] 	 15.100	    GPS	  1.340	 -1.030	  5.041	     --
[component_container-11] 	 15.100	   Baro	     --	     --	  6.094	     --
[component_container-11] 	 15.100	  BBias	     --	     --	  1.070	     --
[component_container-11] 	 15.100	  Sonar	     --	     --	    inf	     --
[component_container-11] 	 15.100	  Magnt	     --	     --	     --	  2.196
[component_container-11] 
[component_container-11] 	 15.140	   Pose	  1.185	 -1.155	  5.026	  2.132
[component_container-11] 	 15.140	  Twist	  0.747	  0.079	 -0.016	 -0.278
[component_container-11] 	 15.140	ErrPose	  0.137	  0.217	  0.018	  0.008
[component_container-11] 	 15.140	ErrTwis	 -0.874	 -0.977	  0.045	 -0.002
[component_container-11] 	 15.140	    GPS	  1.340	 -1.030	  5.041	     --
[component_container-11] 	 15.140	   Baro	     --	     --	  6.114	     --
[component_container-11] 	 15.140	  BBias	     --	     --	  1.070	     --
[component_container-11] 	 15.140	  Sonar	     --	     --	    inf	     --
[component_container-11] 	 15.140	  Magnt	     --	     --	     --	  2.177
[component_container-11] 
[component_container-11] 	 15.170	   Pose	  1.207	 -1.153	  5.027	  2.124
[component_container-11] 	 15.170	  Twist	  0.743	  0.076	 -0.018	 -0.297
[component_container-11] 	 15.170	ErrPose	  0.131	  0.223	  0.017	  0.011
[component_container-11] 	 15.170	ErrTwis	 -0.861	 -0.975	  0.046	  0.017
[component_container-11] 	 15.170	    GPS	  1.340	 -1.030	  5.041	     --
[component_container-11] 	 15.170	   Baro	     --	     --	  6.116	     --
[component_container-11] 	 15.170	  BBias	     --	     --	  1.070	     --
[component_container-11] 	 15.170	  Sonar	     --	     --	    inf	     --
[component_container-11] 	 15.170	  Magnt	     --	     --	     --	  2.158
[component_container-11] 
[component_container-11] 	 15.200	   Pose	  1.230	 -1.151	  5.026	  2.115
[component_container-11] 	 15.200	  Twist	  0.740	  0.072	 -0.021	 -0.286
[component_container-11] 	 15.200	ErrPose	  0.141	  0.237	  0.018	  0.008
[component_container-11] 	 15.200	ErrTwis	 -0.839	 -0.973	  0.048	  0.006
[component_container-11] 	 15.200	    GPS	  1.340	 -1.030	  5.041	     --
[component_container-11] 	 15.200	   Baro	     --	     --	  6.116	     --
[component_container-11] 	 15.200	  BBias	     --	     --	  1.070	     --
[component_container-11] 	 15.200	  Sonar	     --	     --	    inf	     --
[component_container-11] 	 15.200	  Magnt	     --	     --	     --	  2.158
[component_container-11] 
[component_container-11] 	 15.240	   Pose	  1.259	 -1.148	  5.032	  2.105
[component_container-11] 	 15.240	  Twist	  0.735	  0.067	 -0.018	 -0.282
[component_container-11] 	 15.240	ErrPose	  0.144	  0.250	  0.013	  0.007
[component_container-11] 	 15.240	ErrTwis	 -0.816	 -0.970	  0.043	  0.002
[component_container-11] 	 15.240	    GPS	  1.340	 -1.030	  5.041	     --
[component_container-11] 	 15.240	   Baro	     --	     --	  6.172	     --
[component_container-11] 	 15.240	  BBias	     --	     --	  1.070	     --
[component_container-11] 	 15.240	  Sonar	     --	     --	    inf	     --
[component_container-11] 	 15.240	  Magnt	     --	     --	     --	  2.157
[component_container-11] 
[component_container-11] 	 15.270	   Pose	  1.281	 -1.146	  5.038	  2.097
[component_container-11] 	 15.270	  Twist	  0.731	  0.063	 -0.014	 -0.293
[component_container-11] 	 15.270	ErrPose	  0.138	  0.257	  0.007	  0.010
[component_container-11] 	 15.270	ErrTwis	 -0.804	 -0.967	  0.038	  0.013
[component_container-11] 	 15.270	    GPS	  1.340	 -1.030	  5.041	     --
[component_container-11] 	 15.270	   Baro	     --	     --	  6.182	     --
[component_container-11] 	 15.270	  BBias	     --	     --	  1.070	     --
[component_container-11] 	 15.270	  Sonar	     --	     --	    inf	     --
[component_container-11] 	 15.270	  Magnt	     --	     --	     --	  2.125
[component_container-11] 
[component_container-11] 	 15.300	   Pose	  1.303	 -1.144	  5.038	  2.089
[component_container-11] 	 15.300	  Twist	  0.728	  0.061	 -0.017	 -0.282
[component_container-11] 	 15.300	ErrPose	  0.148	  0.272	  0.008	  0.007
[component_container-11] 	 15.300	ErrTwis	 -0.782	 -0.966	  0.039	  0.002
[component_container-11] 	 15.300	    GPS	  1.340	 -1.030	  5.041	     --
[component_container-11] 	 15.300	   Baro	     --	     --	  6.182	     --
[component_container-11] 	 15.300	  BBias	     --	     --	  1.070	     --
[component_container-11] 	 15.300	  Sonar	     --	     --	    inf	     --
[component_container-11] 	 15.300	  Magnt	     --	     --	     --	  2.125
[component_container-11] 
[component_container-11] 	 15.340	   Pose	  1.332	 -1.142	  5.049	  2.077
[component_container-11] 	 15.340	  Twist	  0.723	  0.056	 -0.009	 -0.287
[component_container-11] 	 15.340	ErrPose	  0.151	  0.286	 -0.004	  0.007
[component_container-11] 	 15.340	ErrTwis	 -0.760	 -0.962	  0.029	  0.007
[component_container-11] 	 15.340	    GPS	  1.340	 -1.030	  5.041	     --
[component_container-11] 	 15.340	   Baro	     --	     --	  6.249	     --
[component_container-11] 	 15.340	  BBias	     --	     --	  1.070	     --
[component_container-11] 	 15.340	  Sonar	     --	     --	    inf	     --
[component_container-11] 	 15.340	  Magnt	     --	     --	     --	  2.080
[component_container-11] 
[component_container-11] 	 15.370	   Pose	  1.354	 -1.140	  5.050	  2.068
[component_container-11] 	 15.370	  Twist	  0.719	  0.052	 -0.012	 -0.287
[component_container-11] 	 15.370	ErrPose	  0.146	  0.294	 -0.004	  0.011
[component_container-11] 	 15.370	ErrTwis	 -0.748	 -0.958	  0.031	  0.007
[component_container-11] 	 15.370	    GPS	  1.340	 -1.030	  5.041	     --
[component_container-11] 	 15.370	   Baro	     --	     --	  6.126	     --
[component_container-11] 	 15.370	  BBias	     --	     --	  1.070	     --
[component_container-11] 	 15.370	  Sonar	     --	     --	    inf	     --
[component_container-11] 	 15.370	  Magnt	     --	     --	     --	  2.046
[component_container-11] 
[component_container-11] 	 15.400	   Pose	  1.375	 -1.139	  5.049	  2.060
[component_container-11] 	 15.400	  Twist	  0.716	  0.048	 -0.015	 -0.276
[component_container-11] 	 15.400	ErrPose	  0.156	  0.310	 -0.003	  0.008
[component_container-11] 	 15.400	ErrTwis	 -0.727	 -0.955	  0.032	 -0.004
[component_container-11] 	 15.400	    GPS	  1.340	 -1.030	  5.041	     --
[component_container-11] 	 15.400	   Baro	     --	     --	  6.126	     --
[component_container-11] 	 15.400	  BBias	     --	     --	  1.070	     --
[component_container-11] 	 15.400	  Sonar	     --	     --	    inf	     --
[component_container-11] 	 15.400	  Magnt	     --	     --	     --	  2.046
[component_container-11] 
[component_container-11] 	 15.440	   Pose	  1.404	 -1.137	  5.042	  2.049
[component_container-11] 	 15.440	  Twist	  0.711	  0.043	 -0.027	 -0.270
[component_container-11] 	 15.440	ErrPose	  0.159	  0.325	  0.004	  0.007
[component_container-11] 	 15.440	ErrTwis	 -0.705	 -0.951	  0.042	 -0.010
[component_container-11] 	 15.440	    GPS	  1.340	 -1.030	  5.041	     --
[component_container-11] 	 15.440	   Baro	     --	     --	  6.044	     --
[component_container-11] 	 15.440	  BBias	     --	     --	  1.070	     --
[component_container-11] 	 15.440	  Sonar	     --	     --	    inf	     --
[component_container-11] 	 15.440	  Magnt	     --	     --	     --	  2.074
[component_container-11] 
[component_container-11] 	 15.470	   Pose	  1.425	 -1.136	  5.037	  2.040
[component_container-11] 	 15.470	  Twist	  0.707	  0.039	 -0.034	 -0.276
[component_container-11] 	 15.470	ErrPose	  0.154	  0.333	  0.008	  0.010
[component_container-11] 	 15.470	ErrTwis	 -0.693	 -0.947	  0.048	 -0.004
[component_container-11] 	 15.470	    GPS	  1.340	 -1.030	  5.041	     --
[component_container-11] 	 15.470	   Baro	     --	     --	  6.074	     --
[component_container-11] 	 15.470	  BBias	     --	     --	  1.070	     --
[component_container-11] 	 15.470	  Sonar	     --	     --	    inf	     --
[component_container-11] 	 15.470	  Magnt	     --	     --	     --	  2.030
[component_container-11] 
[component_container-11] 	 15.500	   Pose	  1.446	 -1.135	  5.036	  2.032
[component_container-11] 	 15.500	  Twist	  0.704	  0.035	 -0.038	 -0.272
[component_container-11] 	 15.500	ErrPose	  0.164	  0.350	  0.009	  0.008
[component_container-11] 	 15.500	ErrTwis	 -0.673	 -0.943	  0.049	 -0.007
[component_container-11] 	 15.500	    GPS	  1.340	 -1.030	  5.041	     --
[component_container-11] 	 15.500	   Baro	     --	     --	  6.074	     --
[component_container-11] 	 15.500	  BBias	     --	     --	  1.070	     --
[component_container-11] 	 15.500	  Sonar	     --	     --	    inf	     --
[component_container-11] 	 15.500	  Magnt	     --	     --	     --	  2.030
[component_container-11] 
[component_container-11] 	 15.540	   Pose	  1.452	 -1.039	  5.040	  2.020
[component_container-11] 	 15.540	  Twist	  0.658	  0.089	 -0.036	 -0.277
[component_container-11] 	 15.540	ErrPose	  0.190	  0.273	  0.005	  0.008
[component_container-11] 	 15.540	ErrTwis	 -0.612	 -0.997	  0.045	 -0.003
[component_container-11] 	 15.540	    GPS	  1.526	 -0.911	  5.046	     --
[component_container-11] 	 15.540	   Baro	     --	     --	  6.158	     --
[component_container-11] 	 15.540	  BBias	     --	     --	  1.070	     --
[component_container-11] 	 15.540	  Sonar	     --	     --	    inf	     --
[component_container-11] 	 15.540	  Magnt	     --	     --	     --	  2.017
[component_container-11] 
[component_container-11] 	 15.570	   Pose	  1.472	 -1.036	  5.031	  2.012
[component_container-11] 	 15.570	  Twist	  0.654	  0.084	 -0.048	 -0.279
[component_container-11] 	 15.570	ErrPose	  0.186	  0.279	  0.014	  0.010
[component_container-11] 	 15.570	ErrTwis	 -0.600	 -0.993	  0.056	 -0.000
[component_container-11] 	 15.570	    GPS	  1.526	 -0.911	  5.046	     --
[component_container-11] 	 15.570	   Baro	     --	     --	  6.002	     --
[component_container-11] 	 15.570	  BBias	     --	     --	  1.070	     --
[component_container-11] 	 15.570	  Sonar	     --	     --	    inf	     --
[component_container-11] 	 15.570	  Magnt	     --	     --	     --	  2.040
[component_container-11] 
[component_container-11] 	 15.600	   Pose	  1.492	 -1.034	  5.029	  2.004
[component_container-11] 	 15.600	  Twist	  0.650	  0.081	 -0.051	 -0.291
[component_container-11] 	 15.600	ErrPose	  0.198	  0.295	  0.016	  0.008
[component_container-11] 	 15.600	ErrTwis	 -0.580	 -0.989	  0.058	  0.012
[component_container-11] 	 15.600	    GPS	  1.526	 -0.911	  5.046	     --
[component_container-11] 	 15.600	   Baro	     --	     --	  6.002	     --
[component_container-11] 	 15.600	  BBias	     --	     --	  1.070	     --
[component_container-11] 	 15.600	  Sonar	     --	     --	    inf	     --
[component_container-11] 	 15.600	  Magnt	     --	     --	     --	  2.040
[component_container-11] 
[component_container-11] 	 15.640	   Pose	  1.517	 -1.031	  5.030	  1.993
[component_container-11] 	 15.640	  Twist	  0.645	  0.075	 -0.053	 -0.287
[component_container-11] 	 15.640	ErrPose	  0.203	  0.311	  0.014	  0.007
[component_container-11] 	 15.640	ErrTwis	 -0.559	 -0.983	  0.057	  0.008
[component_container-11] 	 15.640	    GPS	  1.526	 -0.911	  5.046	     --
[component_container-11] 	 15.640	   Baro	     --	     --	  6.137	     --
[component_container-11] 	 15.640	  BBias	     --	     --	  1.070	     --
[component_container-11] 	 15.640	  Sonar	     --	     --	    inf	     --
[component_container-11] 	 15.640	  Magnt	     --	     --	     --	  2.036
[component_container-11] 
[component_container-11] 	 15.670	   Pose	  1.537	 -1.029	  5.024	  1.984
[component_container-11] 	 15.670	  Twist	  0.641	  0.071	 -0.059	 -0.280
[component_container-11] 	 15.670	ErrPose	  0.199	  0.318	  0.020	  0.010
[component_container-11] 	 15.670	ErrTwis	 -0.548	 -0.979	  0.063	  0.000
[component_container-11] 	 15.670	    GPS	  1.526	 -0.911	  5.046	     --
[component_container-11] 	 15.670	   Baro	     --	     --	  6.044	     --
[component_container-11] 	 15.670	  BBias	     --	     --	  1.070	     --
[component_container-11] 	 15.670	  Sonar	     --	     --	    inf	     --
[component_container-11] 	 15.670	  Magnt	     --	     --	     --	  1.969
[component_container-11] 
[component_container-11] 	 15.700	   Pose	  1.556	 -1.026	  5.022	  1.976
[component_container-11] 	 15.700	  Twist	  0.637	  0.068	 -0.063	 -0.290
[component_container-11] 	 15.700	ErrPose	  0.211	  0.335	  0.021	  0.008
[component_container-11] 	 15.700	ErrTwis	 -0.530	 -0.975	  0.064	  0.011
[component_container-11] 	 15.700	    GPS	  1.526	 -0.911	  5.046	     --
[component_container-11] 	 15.700	   Baro	     --	     --	  6.044	     --
[component_container-11] 	 15.700	  BBias	     --	     --	  1.070	     --
[component_container-11] 	 15.700	  Sonar	     --	     --	    inf	     --
[component_container-11] 	 15.700	  Magnt	     --	     --	     --	  1.969
[component_container-11] 
[component_container-11] 	 15.740	   Pose	  1.581	 -1.024	  5.015	  1.965
[component_container-11] 	 15.740	  Twist	  0.633	  0.062	 -0.070	 -0.283
[component_container-11] 	 15.740	ErrPose	  0.217	  0.352	  0.028	  0.007
[component_container-11] 	 15.740	ErrTwis	 -0.510	 -0.968	  0.068	  0.003
[component_container-11] 	 15.740	    GPS	  1.526	 -0.911	  5.046	     --
[component_container-11] 	 15.740	   Baro	     --	     --	  6.032	     --
[component_container-11] 	 15.740	  BBias	     --	     --	  1.070	     --
[component_container-11] 	 15.740	  Sonar	     --	     --	    inf	     --
[component_container-11] 	 15.740	  Magnt	     --	     --	     --	  1.996
[component_container-11] 
[component_container-11] 	 15.770	   Pose	  1.600	 -1.022	  5.012	  1.956
[component_container-11] 	 15.770	  Twist	  0.629	  0.058	 -0.072	 -0.282
[component_container-11] 	 15.770	ErrPose	  0.214	  0.360	  0.031	  0.011
[component_container-11] 	 15.770	ErrTwis	 -0.500	 -0.963	  0.069	  0.003
[component_container-11] 	 15.770	    GPS	  1.526	 -0.911	  5.046	     --
[component_container-11] 	 15.770	   Baro	     --	     --	  6.078	     --
[component_container-11] 	 15.770	  BBias	     --	     --	  1.070	     --
[component_container-11] 	 15.770	  Sonar	     --	     --	    inf	     --
[component_container-11] 	 15.770	  Magnt	     --	     --	     --	  1.921
[component_container-11] 
[component_container-11] 	 15.800	   Pose	  1.619	 -1.020	  5.010	  1.947
[component_container-11] 	 15.800	  Twist	  0.626	  0.053	 -0.074	 -0.298
[component_container-11] 	 15.800	ErrPose	  0.226	  0.377	  0.032	  0.008
[component_container-11] 	 15.800	ErrTwis	 -0.483	 -0.955	  0.068	  0.019
[component_container-11] 	 15.800	    GPS	  1.526	 -0.911	  5.046	     --
[component_container-11] 	 15.800	   Baro	     --	     --	  6.078	     --
[component_container-11] 	 15.800	  BBias	     --	     --	  1.070	     --
[component_container-11] 	 15.800	  Sonar	     --	     --	    inf	     --
[component_container-11] 	 15.800	  Magnt	     --	     --	     --	  1.921
[component_container-11] 
[component_container-11] 	 15.840	   Pose	  1.644	 -1.018	  5.016	  1.936
[component_container-11] 	 15.840	  Twist	  0.621	  0.049	 -0.067	 -0.267
[component_container-11] 	 15.840	ErrPose	  0.232	  0.395	  0.026	  0.008
[component_container-11] 	 15.840	ErrTwis	 -0.465	 -0.946	  0.058	 -0.013
[component_container-11] 	 15.840	    GPS	  1.526	 -0.911	  5.046	     --
[component_container-11] 	 15.840	   Baro	     --	     --	  6.178	     --
[component_container-11] 	 15.840	  BBias	     --	     --	  1.070	     --
[component_container-11] 	 15.840	  Sonar	     --	     --	    inf	     --
[component_container-11] 	 15.840	  Magnt	     --	     --	     --	  1.941
[component_container-11] 
[component_container-11] 	 15.870	   Pose	  1.663	 -1.017	  5.024	  1.927
[component_container-11] 	 15.870	  Twist	  0.617	  0.046	 -0.057	 -0.286
[component_container-11] 	 15.870	ErrPose	  0.228	  0.403	  0.018	  0.012
[component_container-11] 	 15.870	ErrTwis	 -0.454	 -0.940	  0.046	  0.006
[component_container-11] 	 15.870	    GPS	  1.526	 -0.911	  5.046	     --
[component_container-11] 	 15.870	   Baro	     --	     --	  6.202	     --
[component_container-11] 	 15.870	  BBias	     --	     --	  1.070	     --
[component_container-11] 	 15.870	  Sonar	     --	     --	    inf	     --
[component_container-11] 	 15.870	  Magnt	     --	     --	     --	  1.928
[component_container-11] 
[component_container-11] 	 15.900	   Pose	  1.681	 -1.016	  5.022	  1.919
[component_container-11] 	 15.900	  Twist	  0.614	  0.042	 -0.057	 -0.270
[component_container-11] 	 15.900	ErrPose	  0.240	  0.421	  0.019	  0.009
[component_container-11] 	 15.900	ErrTwis	 -0.439	 -0.929	  0.044	 -0.009
[component_container-11] 	 15.900	    GPS	  1.526	 -0.911	  5.046	     --
[component_container-11] 	 15.900	   Baro	     --	     --	  6.202	     --
[component_container-11] 	 15.900	  BBias	     --	     --	  1.070	     --
[component_container-11] 	 15.900	  Sonar	     --	     --	    inf	     --
[component_container-11] 	 15.900	  Magnt	     --	     --	     --	  1.928
[component_container-11] 
[component_container-11] 	 15.940	   Pose	  1.705	 -1.014	  5.019	  1.907
[component_container-11] 	 15.940	  Twist	  0.610	  0.037	 -0.060	 -0.278
[component_container-11] 	 15.940	ErrPose	  0.246	  0.439	  0.022	  0.009
[component_container-11] 	 15.940	ErrTwis	 -0.423	 -0.916	  0.045	 -0.002
[component_container-11] 	 15.940	    GPS	  1.526	 -0.911	  5.046	     --
[component_container-11] 	 15.940	   Baro	     --	     --	  6.078	     --
[component_container-11] 	 15.940	  BBias	     --	     --	  1.070	     --
[component_container-11] 	 15.940	  Sonar	     --	     --	    inf	     --
[component_container-11] 	 15.940	  Magnt	     --	     --	     --	  1.894
[component_container-11] 
[component_container-11] 	 15.970	   Pose	  1.724	 -1.013	  5.018	  1.898
[component_container-11] 	 15.970	  Twist	  0.606	  0.033	 -0.059	 -0.294
[component_container-11] 	 15.970	ErrPose	  0.243	  0.447	  0.023	  0.013
[component_container-11] 	 15.970	ErrTwis	 -0.413	 -0.908	  0.043	  0.015
[component_container-11] 	 15.970	    GPS	  1.526	 -0.911	  5.046	     --
[component_container-11] 	 15.970	   Baro	     --	     --	  6.097	     --
[component_container-11] 	 15.970	  BBias	     --	     --	  1.070	     --
[component_container-11] 	 15.970	  Sonar	     --	     --	    inf	     --
[component_container-11] 	 15.970	  Magnt	     --	     --	     --	  1.900
[component_container-11] 
[component_container-11] [INFO] [1775368640.133400212] [drone.controller]: cmd_vel body=(0.089, -0.684, -0.018) yaw=-0.300 | odom_received=true | plan_points=8
[component_container-11] 	 16.000	   Pose	  1.742	 -1.012	  5.016	  1.890
[component_container-11] 	 16.000	  Twist	  0.602	  0.030	 -0.060	 -0.280
[component_container-11] 	 16.000	ErrPose	  0.254	  0.465	  0.024	  0.010
[component_container-11] 	 16.000	ErrTwis	 -0.398	 -0.894	  0.043	  0.001
[component_container-11] 	 16.000	    GPS	  1.526	 -0.911	  5.046	     --
[component_container-11] 	 16.000	   Baro	     --	     --	  6.097	     --
[component_container-11] 	 16.000	  BBias	     --	     --	  1.070	     --
[component_container-11] 	 16.000	  Sonar	     --	     --	    inf	     --
[component_container-11] 	 16.000	  Magnt	     --	     --	     --	  1.900
[component_container-11] 
[component_container-11] [INFO] [1775368640.133801766] [drone.estimator]: TMP LOG err_xyz=(0.254, 0.465, 0.024) | z_est=5.016 vz_est=-0.060 bias=1.070 | gps_z=5.046 sonar=inf baro=6.097
[component_container-11] [INFO] [1775368640.136267373] [drone.estimator]: TMP LOG gps innov_xy=(0.321, 0.620) est_xy=(1.742, -1.012) gps_xy=(2.063, -0.392) corr_xy=(2.063, -0.392) vel_xy=(0.602, 0.030)
[component_container-11] [INFO] [1775368640.136725675] [drone.estimator]: TMP LOG gps vel pseudo raw=(1.074, 1.037) filt=(1.007, 0.958) innov_v=(0.363, 0.847) apply=(1,1)
[component_container-11] 	 16.040	   Pose	  1.915	 -0.701	  5.003	  1.879
[component_container-11] 	 16.040	  Twist	  0.698	  0.244	 -0.072	 -0.274
[component_container-11] 	 16.040	ErrPose	  0.110	  0.174	  0.036	  0.010
[component_container-11] 	 16.040	ErrTwis	 -0.483	 -1.096	  0.052	 -0.005
[component_container-11] 	 16.040	    GPS	  2.063	 -0.392	  5.040	     --
[component_container-11] 	 16.040	   Baro	     --	     --	  5.907	     --
[component_container-11] 	 16.040	  BBias	     --	     --	  1.069	     --
[component_container-11] 	 16.040	  Sonar	     --	     --	    inf	     --
[component_container-11] 	 16.040	  Magnt	     --	     --	     --	  1.899
[component_container-11] 
[component_container-11] 	 16.070	   Pose	  1.936	 -0.694	  5.001	  1.871
[component_container-11] 	 16.070	  Twist	  0.695	  0.240	 -0.072	 -0.280
[component_container-11] 	 16.070	ErrPose	  0.103	  0.176	  0.038	  0.012
[component_container-11] 	 16.070	ErrTwis	 -0.475	 -1.085	  0.051	  0.000
[component_container-11] 	 16.070	    GPS	  2.063	 -0.392	  5.040	     --
[component_container-11] 	 16.070	   Baro	     --	     --	  6.074	     --
[component_container-11] 	 16.070	  BBias	     --	     --	  1.069	     --
[component_container-11] 	 16.070	  Sonar	     --	     --	    inf	     --
[component_container-11] 	 16.070	  Magnt	     --	     --	     --	  1.893
[component_container-11] 
[component_container-11] 	 16.100	   Pose	  1.957	 -0.687	  4.999	  1.863
[component_container-11] 	 16.100	  Twist	  0.691	  0.236	 -0.071	 -0.265
[component_container-11] 	 16.100	ErrPose	  0.111	  0.188	  0.040	  0.009
[component_container-11] 	 16.100	ErrTwis	 -0.462	 -1.067	  0.049	 -0.014
[component_container-11] 	 16.100	    GPS	  2.063	 -0.392	  5.040	     --
[component_container-11] 	 16.100	   Baro	     --	     --	  6.074	     --
[component_container-11] 	 16.100	  BBias	     --	     --	  1.069	     --
[component_container-11] 	 16.100	  Sonar	     --	     --	    inf	     --
[component_container-11] 	 16.100	  Magnt	     --	     --	     --	  1.893
[component_container-11] 
[component_container-11] 	 16.140	   Pose	  1.984	 -0.678	  4.996	  1.851
[component_container-11] 	 16.140	  Twist	  0.687	  0.231	 -0.071	 -0.280
[component_container-11] 	 16.140	ErrPose	  0.111	  0.197	  0.044	  0.010
[component_container-11] 	 16.140	ErrTwis	 -0.449	 -1.047	  0.048	  0.001
[component_container-11] 	 16.140	    GPS	  2.063	 -0.392	  5.040	     --
[component_container-11] 	 16.140	   Baro	     --	     --	  6.060	     --
[component_container-11] 	 16.140	  BBias	     --	     --	  1.069	     --
[component_container-11] 	 16.140	  Sonar	     --	     --	    inf	     --
[component_container-11] 	 16.140	  Magnt	     --	     --	     --	  1.845
[component_container-11] 
[component_container-11] 	 16.170	   Pose	  2.005	 -0.671	  5.008	  1.843
[component_container-11] 	 16.170	  Twist	  0.684	  0.227	 -0.054	 -0.277
[component_container-11] 	 16.170	ErrPose	  0.105	  0.200	  0.031	  0.012
[component_container-11] 	 16.170	ErrTwis	 -0.441	 -1.035	  0.029	 -0.002
[component_container-11] 	 16.170	    GPS	  2.063	 -0.392	  5.040	     --
[component_container-11] 	 16.170	   Baro	     --	     --	  6.237	     --
[component_container-11] 	 16.170	  BBias	     --	     --	  1.070	     --
[component_container-11] 	 16.170	  Sonar	     --	     --	    inf	     --
[component_container-11] 	 16.170	  Magnt	     --	     --	     --	  1.867
[component_container-11] 
[component_container-11] 	 16.200	   Pose	  2.025	 -0.664	  5.006	  1.835
[component_container-11] 	 16.200	  Twist	  0.681	  0.224	 -0.052	 -0.288
[component_container-11] 	 16.200	ErrPose	  0.111	  0.211	  0.033	  0.010
[component_container-11] 	 16.200	ErrTwis	 -0.431	 -1.012	  0.024	  0.009
[component_container-11] 	 16.200	    GPS	  2.063	 -0.392	  5.040	     --
[component_container-11] 	 16.200	   Baro	     --	     --	  6.237	     --
[component_container-11] 	 16.200	  BBias	     --	     --	  1.070	     --
[component_container-11] 	 16.200	  Sonar	     --	     --	    inf	     --
[component_container-11] 	 16.200	  Magnt	     --	     --	     --	  1.867
[component_container-11] 
[component_container-11] 	 16.240	   Pose	  2.053	 -0.655	  5.001	  1.824
[component_container-11] 	 16.240	  Twist	  0.678	  0.219	 -0.053	 -0.290
[component_container-11] 	 16.240	ErrPose	  0.110	  0.220	  0.038	  0.009
[component_container-11] 	 16.240	ErrTwis	 -0.422	 -0.985	  0.022	  0.012
[component_container-11] 	 16.240	    GPS	  2.063	 -0.392	  5.040	     --
[component_container-11] 	 16.240	   Baro	     --	     --	  6.041	     --
[component_container-11] 	 16.240	  BBias	     --	     --	  1.070	     --
[component_container-11] 	 16.240	  Sonar	     --	     --	    inf	     --
[component_container-11] 	 16.240	  Magnt	     --	     --	     --	  1.856
[component_container-11] 
[component_container-11] 	 16.270	   Pose	  2.073	 -0.649	  5.018	  1.816
[component_container-11] 	 16.270	  Twist	  0.674	  0.215	 -0.034	 -0.273
[component_container-11] 	 16.270	ErrPose	  0.102	  0.222	  0.022	  0.011
[component_container-11] 	 16.270	ErrTwis	 -0.416	 -0.969	  0.003	 -0.006
[component_container-11] 	 16.270	    GPS	  2.063	 -0.392	  5.040	     --
[component_container-11] 	 16.270	   Baro	     --	     --	  6.281	     --
[component_container-11] 	 16.270	  BBias	     --	     --	  1.070	     --
[component_container-11] 	 16.270	  Sonar	     --	     --	    inf	     --
[component_container-11] 	 16.270	  Magnt	     --	     --	     --	  1.849
[component_container-11] 
[component_container-11] 	 16.300	   Pose	  2.093	 -0.642	  5.017	  1.808
[component_container-11] 	 16.300	  Twist	  0.670	  0.212	 -0.033	 -0.283
[component_container-11] 	 16.300	ErrPose	  0.107	  0.233	  0.024	  0.009
[component_container-11] 	 16.300	ErrTwis	 -0.407	 -0.940	  0.005	  0.005
[component_container-11] 	 16.300	    GPS	  2.063	 -0.392	  5.040	     --
[component_container-11] 	 16.300	   Baro	     --	     --	  6.281	     --
[component_container-11] 	 16.300	  BBias	     --	     --	  1.070	     --
[component_container-11] 	 16.300	  Sonar	     --	     --	    inf	     --
[component_container-11] 	 16.300	  Magnt	     --	     --	     --	  1.849
[component_container-11] 
[component_container-11] 	 16.340	   Pose	  2.120	 -0.634	  5.032	  1.796
[component_container-11] 	 16.340	  Twist	  0.666	  0.207	 -0.016	 -0.269
[component_container-11] 	 16.340	ErrPose	  0.104	  0.242	  0.009	  0.009
[component_container-11] 	 16.340	ErrTwis	 -0.400	 -0.909	 -0.009	 -0.009
[component_container-11] 	 16.340	    GPS	  2.063	 -0.392	  5.040	     --
[component_container-11] 	 16.340	   Baro	     --	     --	  6.272	     --
[component_container-11] 	 16.340	  BBias	     --	     --	  1.070	     --
[component_container-11] 	 16.340	  Sonar	     --	     --	    inf	     --
[component_container-11] 	 16.340	  Magnt	     --	     --	     --	  1.779
[component_container-11] 
[component_container-11] 	 16.370	   Pose	  2.140	 -0.628	  5.018	  1.788
[component_container-11] 	 16.370	  Twist	  0.662	  0.203	 -0.029	 -0.263
[component_container-11] 	 16.370	ErrPose	  0.096	  0.244	  0.023	  0.012
[component_container-11] 	 16.370	ErrTwis	 -0.395	 -0.893	  0.007	 -0.015
[component_container-11] 	 16.370	    GPS	  2.063	 -0.392	  5.040	     --
[component_container-11] 	 16.370	   Baro	     --	     --	  5.956	     --
[component_container-11] 	 16.370	  BBias	     --	     --	  1.070	     --
[component_container-11] 	 16.370	  Sonar	     --	     --	    inf	     --
[component_container-11] 	 16.370	  Magnt	     --	     --	     --	  1.787
[component_container-11] 
[component_container-11] 	 16.400	   Pose	  2.160	 -0.622	  5.018	  1.779
[component_container-11] 	 16.400	  Twist	  0.659	  0.200	 -0.029	 -0.289
[component_container-11] 	 16.400	ErrPose	  0.099	  0.254	  0.024	  0.010
[component_container-11] 	 16.400	ErrTwis	 -0.391	 -0.866	  0.012	  0.011
[component_container-11] 	 16.400	    GPS	  2.063	 -0.392	  5.040	     --
[component_container-11] 	 16.400	   Baro	     --	     --	  5.956	     --
[component_container-11] 	 16.400	  BBias	     --	     --	  1.070	     --
[component_container-11] 	 16.400	  Sonar	     --	     --	    inf	     --
[component_container-11] 	 16.400	  Magnt	     --	     --	     --	  1.787
[component_container-11] 
[component_container-11] 	 16.440	   Pose	  2.186	 -0.614	  5.014	  1.769
[component_container-11] 	 16.440	  Twist	  0.655	  0.196	 -0.034	 -0.284
[component_container-11] 	 16.440	ErrPose	  0.095	  0.262	  0.028	  0.009
[component_container-11] 	 16.440	ErrTwis	 -0.386	 -0.840	  0.021	  0.005
[component_container-11] 	 16.440	    GPS	  2.063	 -0.392	  5.040	     --
[component_container-11] 	 16.440	   Baro	     --	     --	  6.066	     --
[component_container-11] 	 16.440	  BBias	     --	     --	  1.070	     --
[component_container-11] 	 16.440	  Sonar	     --	     --	    inf	     --
[component_container-11] 	 16.440	  Magnt	     --	     --	     --	  1.814
[component_container-11] 
[component_container-11] 	 16.470	   Pose	  2.205	 -0.608	  5.017	  1.761
[component_container-11] 	 16.470	  Twist	  0.651	  0.193	 -0.031	 -0.278
[component_container-11] 	 16.470	ErrPose	  0.087	  0.264	  0.026	  0.012
[component_container-11] 	 16.470	ErrTwis	 -0.381	 -0.826	  0.019	 -0.001
[component_container-11] 	 16.470	    GPS	  2.063	 -0.392	  5.040	     --
[component_container-11] 	 16.470	   Baro	     --	     --	  6.124	     --
[component_container-11] 	 16.470	  BBias	     --	     --	  1.070	     --
[component_container-11] 	 16.470	  Sonar	     --	     --	    inf	     --
[component_container-11] 	 16.470	  Magnt	     --	     --	     --	  1.757
[component_container-11] 
[component_container-11] 	 16.500	   Pose	  2.225	 -0.602	  5.016	  1.752
[component_container-11] 	 16.500	  Twist	  0.648	  0.189	 -0.031	 -0.287
[component_container-11] 	 16.500	ErrPose	  0.089	  0.273	  0.027	  0.009
[component_container-11] 	 16.500	ErrTwis	 -0.379	 -0.801	  0.021	  0.008
[component_container-11] 	 16.500	    GPS	  2.063	 -0.392	  5.040	     --
[component_container-11] 	 16.500	   Baro	     --	     --	  6.124	     --
[component_container-11] 	 16.500	  BBias	     --	     --	  1.070	     --
[component_container-11] 	 16.500	  Sonar	     --	     --	    inf	     --
[component_container-11] 	 16.500	  Magnt	     --	     --	     --	  1.757
[component_container-11] 
[component_container-11] 	 16.540	   Pose	  2.344	 -0.416	  5.016	  1.740
[component_container-11] 	 16.540	  Twist	  0.699	  0.291	 -0.030	 -0.290
[component_container-11] 	 16.540	ErrPose	 -0.009	  0.102	  0.027	  0.010
[component_container-11] 	 16.540	ErrTwis	 -0.433	 -0.883	  0.021	  0.011
[component_container-11] 	 16.540	    GPS	  2.466	 -0.149	  5.043	     --
[component_container-11] 	 16.540	   Baro	     --	     --	  6.049	     --
[component_container-11] 	 16.540	  BBias	     --	     --	  1.070	     --
[component_container-11] 	 16.540	  Sonar	     --	     --	    inf	     --
[component_container-11] 	 16.540	  Magnt	     --	     --	     --	  1.714
[component_container-11] 
[component_container-11] 	 16.570	   Pose	  2.365	 -0.408	  5.017	  1.731
[component_container-11] 	 16.570	  Twist	  0.695	  0.289	 -0.029	 -0.278
[component_container-11] 	 16.570	ErrPose	 -0.020	  0.100	  0.027	  0.013
[component_container-11] 	 16.570	ErrTwis	 -0.431	 -0.871	  0.020	 -0.002
[component_container-11] 	 16.570	    GPS	  2.466	 -0.149	  5.043	     --
[component_container-11] 	 16.570	   Baro	     --	     --	  6.105	     --
[component_container-11] 	 16.570	  BBias	     --	     --	  1.070	     --
[component_container-11] 	 16.570	  Sonar	     --	     --	    inf	     --
[component_container-11] 	 16.570	  Magnt	     --	     --	     --	  1.735
[component_container-11] 
[component_container-11] 	 16.600	   Pose	  2.385	 -0.399	  5.016	  1.723
[component_container-11] 	 16.600	  Twist	  0.692	  0.287	 -0.030	 -0.273
[component_container-11] 	 16.600	ErrPose	 -0.021	  0.105	  0.029	  0.010
[component_container-11] 	 16.600	ErrTwis	 -0.430	 -0.849	  0.022	 -0.006
[component_container-11] 	 16.600	    GPS	  2.466	 -0.149	  5.043	     --
[component_container-11] 	 16.600	   Baro	     --	     --	  6.105	     --
[component_container-11] 	 16.600	  BBias	     --	     --	  1.070	     --
[component_container-11] 	 16.600	  Sonar	     --	     --	    inf	     --
[component_container-11] 	 16.600	  Magnt	     --	     --	     --	  1.735
[component_container-11] 
[component_container-11] [INFO] [1775368640.742435406] [drone.estimator]: TMP LOG sonar rejected: meas=3.384 est_z=5.021 innov=-1.637
[component_container-11] 	 16.640	   Pose	  2.413	 -0.387	  5.020	  1.712
[component_container-11] 	 16.640	  Twist	  0.688	  0.283	 -0.028	 -0.296
[component_container-11] 	 16.640	ErrPose	 -0.030	  0.107	  0.026	  0.010
[component_container-11] 	 16.640	ErrTwis	 -0.431	 -0.826	  0.020	  0.017
[component_container-11] 	 16.640	    GPS	  2.466	 -0.149	  5.043	     --
[component_container-11] 	 16.640	   Baro	     --	     --	  6.148	     --
[component_container-11] 	 16.640	  BBias	     --	     --	  1.070	     --
[component_container-11] 	 16.640	  Sonar	     --	     --	  3.384	     --
[component_container-11] 	 16.640	  Magnt	     --	     --	     --	  1.747
[component_container-11] 
[component_container-11] 	 16.670	   Pose	  2.434	 -0.379	  5.018	  1.704
[component_container-11] 	 16.670	  Twist	  0.685	  0.281	 -0.030	 -0.283
[component_container-11] 	 16.670	ErrPose	 -0.041	  0.105	  0.028	  0.012
[component_container-11] 	 16.670	ErrTwis	 -0.430	 -0.813	  0.021	  0.004
[component_container-11] 	 16.670	    GPS	  2.466	 -0.149	  5.043	     --
[component_container-11] 	 16.670	   Baro	     --	     --	  6.079	     --
[component_container-11] 	 16.670	  BBias	     --	     --	  1.070	     --
[component_container-11] 	 16.670	  Sonar	     --	     --	  2.599	     --
[component_container-11] 	 16.670	  Magnt	     --	     --	     --	  1.741
[component_container-11] 
[component_container-11] 	 16.700	   Pose	  2.454	 -0.371	  5.017	  1.696
[component_container-11] 	 16.700	  Twist	  0.683	  0.278	 -0.031	 -0.264
[component_container-11] 	 16.700	ErrPose	 -0.043	  0.109	  0.029	  0.010
[component_container-11] 	 16.700	ErrTwis	 -0.434	 -0.790	  0.022	 -0.015
[component_container-11] 	 16.700	    GPS	  2.466	 -0.149	  5.043	     --
[component_container-11] 	 16.700	   Baro	     --	     --	  6.079	     --
[component_container-11] 	 16.700	  BBias	     --	     --	  1.070	     --
[component_container-11] 	 16.700	  Sonar	     --	     --	  2.599	     --
[component_container-11] 	 16.700	  Magnt	     --	     --	     --	  1.741
[component_container-11] 
[component_container-11] 	 16.740	   Pose	  2.481	 -0.360	  5.016	  1.687
[component_container-11] 	 16.740	  Twist	  0.679	  0.274	 -0.033	 -0.274
[component_container-11] 	 16.740	ErrPose	 -0.053	  0.110	  0.032	  0.008
[component_container-11] 	 16.740	ErrTwis	 -0.437	 -0.764	  0.022	 -0.005
[component_container-11] 	 16.740	    GPS	  2.466	 -0.149	  5.043	     --
[component_container-11] 	 16.740	   Baro	     --	     --	  6.082	     --
[component_container-11] 	 16.740	  BBias	     --	     --	  1.070	     --
[component_container-11] 	 16.740	  Sonar	     --	     --	  2.547	     --
[component_container-11] 	 16.740	  Magnt	     --	     --	     --	  1.764
[component_container-11] 
[component_container-11] 	 16.770	   Pose	  2.502	 -0.351	  5.009	  1.679
[component_container-11] 	 16.770	  Twist	  0.677	  0.272	 -0.040	 -0.275
[component_container-11] 	 16.770	ErrPose	 -0.064	  0.108	  0.039	  0.010
[component_container-11] 	 16.770	ErrTwis	 -0.439	 -0.750	  0.028	 -0.003
[component_container-11] 	 16.770	    GPS	  2.466	 -0.149	  5.043	     --
[component_container-11] 	 16.770	   Baro	     --	     --	  6.017	     --
[component_container-11] 	 16.770	  BBias	     --	     --	  1.070	     --
[component_container-11] 	 16.770	  Sonar	     --	     --	  2.558	     --
[component_container-11] 	 16.770	  Magnt	     --	     --	     --	  1.737
[component_container-11] 
[component_container-11] 	 16.800	   Pose	  2.522	 -0.343	  5.008	  1.671
[component_container-11] 	 16.800	  Twist	  0.675	  0.268	 -0.042	 -0.285
[component_container-11] 	 16.800	ErrPose	 -0.068	  0.110	  0.041	  0.007
[component_container-11] 	 16.800	ErrTwis	 -0.446	 -0.723	  0.029	  0.007
[component_container-11] 	 16.800	    GPS	  2.466	 -0.149	  5.043	     --
[component_container-11] 	 16.800	   Baro	     --	     --	  6.017	     --
[component_container-11] 	 16.800	  BBias	     --	     --	  1.070	     --
[component_container-11] 	 16.800	  Sonar	     --	     --	  2.558	     --
[component_container-11] 	 16.800	  Magnt	     --	     --	     --	  1.737
[component_container-11] 
[component_container-11] 	 16.840	   Pose	  2.549	 -0.333	  5.014	  1.660
[component_container-11] 	 16.840	  Twist	  0.671	  0.264	 -0.034	 -0.280
[component_container-11] 	 16.840	ErrPose	 -0.080	  0.110	  0.035	  0.008
[component_container-11] 	 16.840	ErrTwis	 -0.452	 -0.694	  0.020	  0.002
[component_container-11] 	 16.840	    GPS	  2.466	 -0.149	  5.043	     --
[component_container-11] 	 16.840	   Baro	     --	     --	  6.175	     --
[component_container-11] 	 16.840	  BBias	     --	     --	  1.070	     --
[component_container-11] 	 16.840	  Sonar	     --	     --	  2.583	     --
[component_container-11] 	 16.840	  Magnt	     --	     --	     --	  1.652
[component_container-11] 
[component_container-11] 	 16.870	   Pose	  2.569	 -0.325	  5.017	  1.651
[component_container-11] 	 16.870	  Twist	  0.668	  0.262	 -0.033	 -0.270
[component_container-11] 	 16.870	ErrPose	 -0.093	  0.106	  0.033	  0.010
[component_container-11] 	 16.870	ErrTwis	 -0.455	 -0.679	  0.019	 -0.008
[component_container-11] 	 16.870	    GPS	  2.466	 -0.149	  5.043	     --
[component_container-11] 	 16.870	   Baro	     --	     --	  6.120	     --
[component_container-11] 	 16.870	  BBias	     --	     --	  1.070	     --
[component_container-11] 	 16.870	  Sonar	     --	     --	  2.580	     --
[component_container-11] 	 16.870	  Magnt	     --	     --	     --	  1.664
[component_container-11] 
[component_container-11] 	 16.900	   Pose	  2.589	 -0.317	  5.016	  1.643
[component_container-11] 	 16.900	  Twist	  0.666	  0.260	 -0.033	 -0.272
[component_container-11] 	 16.900	ErrPose	 -0.098	  0.107	  0.034	  0.008
[component_container-11] 	 16.900	ErrTwis	 -0.464	 -0.650	  0.020	 -0.006
[component_container-11] 	 16.900	    GPS	  2.466	 -0.149	  5.043	     --
[component_container-11] 	 16.900	   Baro	     --	     --	  6.120	     --
[component_container-11] 	 16.900	  BBias	     --	     --	  1.070	     --
[component_container-11] 	 16.900	  Sonar	     --	     --	  2.580	     --
[component_container-11] 	 16.900	  Magnt	     --	     --	     --	  1.664
[component_container-11] 
[component_container-11] 	 16.940	   Pose	  2.616	 -0.307	  5.011	  1.632
[component_container-11] 	 16.940	  Twist	  0.663	  0.256	 -0.039	 -0.280
[component_container-11] 	 16.940	ErrPose	 -0.112	  0.105	  0.040	  0.008
[component_container-11] 	 16.940	ErrTwis	 -0.474	 -0.619	  0.026	  0.002
[component_container-11] 	 16.940	    GPS	  2.466	 -0.149	  5.043	     --
[component_container-11] 	 16.940	   Baro	     --	     --	  6.048	     --
[component_container-11] 	 16.940	  BBias	     --	     --	  1.070	     --
[component_container-11] 	 16.940	  Sonar	     --	     --	  2.547	     --
[component_container-11] 	 16.940	  Magnt	     --	     --	     --	  1.644
[component_container-11] 
[component_container-11] 	 16.970	   Pose	  2.635	 -0.299	  5.007	  1.623
[component_container-11] 	 16.970	  Twist	  0.660	  0.253	 -0.042	 -0.285
[component_container-11] 	 16.970	ErrPose	 -0.125	  0.101	  0.044	  0.011
[component_container-11] 	 16.970	ErrTwis	 -0.478	 -0.603	  0.030	  0.006
[component_container-11] 	 16.970	    GPS	  2.466	 -0.149	  5.043	     --
[component_container-11] 	 16.970	   Baro	     --	     --	  6.049	     --
[component_container-11] 	 16.970	  BBias	     --	     --	  1.070	     --
[component_container-11] 	 16.970	  Sonar	     --	     --	  2.559	     --
[component_container-11] 	 16.970	  Magnt	     --	     --	     --	  1.614
[component_container-11] 
[component_container-11] [INFO] [1775368641.138975710] [drone.controller]: cmd_vel body=(-0.406, 0.064, -0.007) yaw=-0.300 | odom_received=true | plan_points=4
[component_container-11] 	 17.000	   Pose	  2.655	 -0.291	  5.006	  1.615
[component_container-11] 	 17.000	  Twist	  0.658	  0.251	 -0.044	 -0.284
[component_container-11] 	 17.000	ErrPose	 -0.133	  0.101	  0.046	  0.008
[component_container-11] 	 17.000	ErrTwis	 -0.491	 -0.574	  0.033	  0.005
[component_container-11] 	 17.000	    GPS	  2.466	 -0.149	  5.043	     --
[component_container-11] 	 17.000	   Baro	     --	     --	  6.049	     --
[component_container-11] 	 17.000	  BBias	     --	     --	  1.070	     --
[component_container-11] 	 17.000	  Sonar	     --	     --	  2.559	     --
[component_container-11] 	 17.000	  Magnt	     --	     --	     --	  1.614
[component_container-11] 
[component_container-11] [INFO] [1775368641.139388042] [drone.estimator]: TMP LOG err_xyz=(-0.133, 0.101, 0.046) | z_est=5.006 vz_est=-0.044 bias=1.070 | gps_z=5.043 sonar=2.559 baro=6.049
[component_container-11] [INFO] [1775368641.141663049] [drone.estimator]: TMP LOG gps innov_xy=(0.054, 0.126) est_xy=(2.655, -0.291) gps_xy=(2.709, -0.166) corr_xy=(2.709, -0.166) vel_xy=(0.658, 0.251)
[component_container-11] [INFO] [1775368641.142134764] [drone.estimator]: TMP LOG gps vel pseudo raw=(0.485, -0.033) filt=(0.519, 0.023) innov_v=(-0.146, -0.244) apply=(1,1)
[component_container-11] 	 17.040	   Pose	  2.677	 -0.278	  5.021	  1.603
[component_container-11] 	 17.040	  Twist	  0.638	  0.225	 -0.028	 -0.285
[component_container-11] 	 17.040	ErrPose	 -0.144	  0.093	  0.031	  0.009
[component_container-11] 	 17.040	ErrTwis	 -0.487	 -0.522	  0.018	  0.006
[component_container-11] 	 17.040	    GPS	  2.709	 -0.166	  5.052	     --
[component_container-11] 	 17.040	   Baro	     --	     --	  6.201	     --
[component_container-11] 	 17.040	  BBias	     --	     --	  1.069	     --
[component_container-11] 	 17.040	  Sonar	     --	     --	  2.540	     --
[component_container-11] 	 17.040	  Magnt	     --	     --	     --	  1.591
[component_container-11] 
[component_container-11] 	 17.070	   Pose	  2.696	 -0.271	  5.017	  1.595
[component_container-11] 	 17.070	  Twist	  0.637	  0.222	 -0.033	 -0.283
[component_container-11] 	 17.070	ErrPose	 -0.158	  0.089	  0.036	  0.012
[component_container-11] 	 17.070	ErrTwis	 -0.493	 -0.506	  0.024	  0.004
[component_container-11] 	 17.070	    GPS	  2.709	 -0.166	  5.052	     --
[component_container-11] 	 17.070	   Baro	     --	     --	  6.045	     --
[component_container-11] 	 17.070	  BBias	     --	     --	  1.069	     --
[component_container-11] 	 17.070	  Sonar	     --	     --	    inf	     --
[component_container-11] 	 17.070	  Magnt	     --	     --	     --	  1.626
[component_container-11] 
[component_container-11] 	 17.100	   Pose	  2.715	 -0.265	  5.016	  1.587
[component_container-11] 	 17.100	  Twist	  0.635	  0.220	 -0.035	 -0.281
[component_container-11] 	 17.100	ErrPose	 -0.168	  0.088	  0.037	  0.009
[component_container-11] 	 17.100	ErrTwis	 -0.508	 -0.478	  0.026	  0.002
[component_container-11] 	 17.100	    GPS	  2.709	 -0.166	  5.052	     --
[component_container-11] 	 17.100	   Baro	     --	     --	  6.045	     --
[component_container-11] 	 17.100	  BBias	     --	     --	  1.069	     --
[component_container-11] 	 17.100	  Sonar	     --	     --	    inf	     --
[component_container-11] 	 17.100	  Magnt	     --	     --	     --	  1.626
[component_container-11] 
[component_container-11] 	 17.140	   Pose	  2.740	 -0.256	  5.025	  1.577
[component_container-11] 	 17.140	  Twist	  0.633	  0.217	 -0.026	 -0.270
[component_container-11] 	 17.140	ErrPose	 -0.185	  0.083	  0.029	  0.007
[component_container-11] 	 17.140	ErrTwis	 -0.525	 -0.449	  0.019	 -0.009
[component_container-11] 	 17.140	    GPS	  2.709	 -0.166	  5.052	     --
[component_container-11] 	 17.140	   Baro	     --	     --	  6.210	     --
[component_container-11] 	 17.140	  BBias	     --	     --	  1.069	     --
[component_container-11] 	 17.140	  Sonar	     --	     --	  2.553	     --
[component_container-11] 	 17.140	  Magnt	     --	     --	     --	  1.653
[component_container-11] 
[component_container-11] 	 17.170	   Pose	  2.759	 -0.250	  5.017	  1.570
[component_container-11] 	 17.170	  Twist	  0.632	  0.215	 -0.035	 -0.258
[component_container-11] 	 17.170	ErrPose	 -0.200	  0.078	  0.036	  0.008
[component_container-11] 	 17.170	ErrTwis	 -0.532	 -0.435	  0.028	 -0.021
[component_container-11] 	 17.170	    GPS	  2.709	 -0.166	  5.052	     --
[component_container-11] 	 17.170	   Baro	     --	     --	  6.015	     --
[component_container-11] 	 17.170	  BBias	     --	     --	  1.069	     --
[component_container-11] 	 17.170	  Sonar	     --	     --	    inf	     --
[component_container-11] 	 17.170	  Magnt	     --	     --	     --	  1.636
[component_container-11] 
[component_container-11] 	 17.200	   Pose	  2.778	 -0.243	  5.016	  1.562
[component_container-11] 	 17.200	  Twist	  0.630	  0.214	 -0.037	 -0.286
[component_container-11] 	 17.200	ErrPose	 -0.212	  0.074	  0.038	  0.006
[component_container-11] 	 17.200	ErrTwis	 -0.550	 -0.409	  0.031	  0.007
[component_container-11] 	 17.200	    GPS	  2.709	 -0.166	  5.052	     --
[component_container-11] 	 17.200	   Baro	     --	     --	  6.015	     --
[component_container-11] 	 17.200	  BBias	     --	     --	  1.069	     --
[component_container-11] 	 17.200	  Sonar	     --	     --	    inf	     --
[component_container-11] 	 17.200	  Magnt	     --	     --	     --	  1.636
[component_container-11] 
[component_container-11] 	 17.240	   Pose	  2.804	 -0.235	  5.012	  1.552
[component_container-11] 	 17.240	  Twist	  0.627	  0.211	 -0.043	 -0.292
[component_container-11] 	 17.240	ErrPose	 -0.231	  0.067	  0.042	  0.005
[component_container-11] 	 17.240	ErrTwis	 -0.567	 -0.382	  0.038	  0.013
[component_container-11] 	 17.240	    GPS	  2.709	 -0.166	  5.052	     --
[component_container-11] 	 17.240	   Baro	     --	     --	  6.051	     --
[component_container-11] 	 17.240	  BBias	     --	     --	  1.069	     --
[component_container-11] 	 17.240	  Sonar	     --	     --	    inf	     --
[component_container-11] 	 17.240	  Magnt	     --	     --	     --	  1.606
[component_container-11] 
[component_container-11] 	 17.270	   Pose	  2.822	 -0.228	  5.005	  1.544
[component_container-11] 	 17.270	  Twist	  0.625	  0.209	 -0.051	 -0.278
[component_container-11] 	 17.270	ErrPose	 -0.247	  0.062	  0.049	  0.007
[component_container-11] 	 17.270	ErrTwis	 -0.575	 -0.368	  0.046	 -0.002
[component_container-11] 	 17.270	    GPS	  2.709	 -0.166	  5.052	     --
[component_container-11] 	 17.270	   Baro	     --	     --	  6.019	     --
[component_container-11] 	 17.270	  BBias	     --	     --	  1.069	     --
[component_container-11] 	 17.270	  Sonar	     --	     --	    inf	     --
[component_container-11] 	 17.270	  Magnt	     --	     --	     --	  1.587
[component_container-11] 
[component_container-11] 	 17.300	   Pose	  2.841	 -0.222	  5.004	  1.535
[component_container-11] 	 17.300	  Twist	  0.622	  0.208	 -0.053	 -0.279
[component_container-11] 	 17.300	ErrPose	 -0.261	  0.056	  0.051	  0.004
[component_container-11] 	 17.300	ErrTwis	 -0.593	 -0.345	  0.049	 -0.001
[component_container-11] 	 17.300	    GPS	  2.709	 -0.166	  5.052	     --
[component_container-11] 	 17.300	   Baro	     --	     --	  6.019	     --
[component_container-11] 	 17.300	  BBias	     --	     --	  1.069	     --
[component_container-11] 	 17.300	  Sonar	     --	     --	    inf	     --
[component_container-11] 	 17.300	  Magnt	     --	     --	     --	  1.587
[component_container-11] 
[component_container-11] 	 17.340	   Pose	  2.866	 -0.214	  5.000	  1.524
[component_container-11] 	 17.340	  Twist	  0.619	  0.206	 -0.056	 -0.287
[component_container-11] 	 17.340	ErrPose	 -0.281	  0.047	  0.054	  0.004
[component_container-11] 	 17.340	ErrTwis	 -0.610	 -0.324	  0.054	  0.007
[component_container-11] 	 17.340	    GPS	  2.709	 -0.166	  5.052	     --
[component_container-11] 	 17.340	   Baro	     --	     --	  6.061	     --
[component_container-11] 	 17.340	  BBias	     --	     --	  1.069	     --
[component_container-11] 	 17.340	  Sonar	     --	     --	    inf	     --
[component_container-11] 	 17.340	  Magnt	     --	     --	     --	  1.556
[component_container-11] 
[component_container-11] 	 17.370	   Pose	  2.884	 -0.208	  4.999	  1.516
[component_container-11] 	 17.370	  Twist	  0.617	  0.204	 -0.057	 -0.278
[component_container-11] 	 17.370	ErrPose	 -0.298	  0.040	  0.055	  0.007
[component_container-11] 	 17.370	ErrTwis	 -0.619	 -0.313	  0.056	 -0.001
[component_container-11] 	 17.370	    GPS	  2.709	 -0.166	  5.052	     --
[component_container-11] 	 17.370	   Baro	     --	     --	  6.077	     --
[component_container-11] 	 17.370	  BBias	     --	     --	  1.069	     --
[component_container-11] 	 17.370	  Sonar	     --	     --	    inf	     --
[component_container-11] 	 17.370	  Magnt	     --	     --	     --	  1.525
[component_container-11] 
[component_container-11] 	 17.400	   Pose	  2.903	 -0.202	  4.998	  1.507
[component_container-11] 	 17.400	  Twist	  0.615	  0.203	 -0.058	 -0.292
[component_container-11] 	 17.400	ErrPose	 -0.313	  0.032	  0.057	  0.004
[component_container-11] 	 17.400	ErrTwis	 -0.640	 -0.298	  0.059	  0.013
[component_container-11] 	 17.400	    GPS	  2.709	 -0.166	  5.052	     --
[component_container-11] 	 17.400	   Baro	     --	     --	  6.077	     --
[component_container-11] 	 17.400	  BBias	     --	     --	  1.069	     --
[component_container-11] 	 17.400	  Sonar	     --	     --	    inf	     --
[component_container-11] 	 17.400	  Magnt	     --	     --	     --	  1.525
[component_container-11] 
[component_container-11] 	 17.440	   Pose	  2.927	 -0.193	  4.999	  1.496
[component_container-11] 	 17.440	  Twist	  0.614	  0.202	 -0.057	 -0.289
[component_container-11] 	 17.440	ErrPose	 -0.335	  0.021	  0.056	  0.004
[component_container-11] 	 17.440	ErrTwis	 -0.660	 -0.285	  0.060	  0.009
[component_container-11] 	 17.440	    GPS	  2.709	 -0.166	  5.052	     --
[component_container-11] 	 17.440	   Baro	     --	     --	  6.108	     --
[component_container-11] 	 17.440	  BBias	     --	     --	  1.069	     --
[component_container-11] 	 17.440	  Sonar	     --	     --	    inf	     --
[component_container-11] 	 17.440	  Magnt	     --	     --	     --	  1.510
[component_container-11] 
[component_container-11] 	 17.470	   Pose	  2.946	 -0.187	  5.003	  1.489
[component_container-11] 	 17.470	  Twist	  0.612	  0.202	 -0.052	 -0.267
[component_container-11] 	 17.470	ErrPose	 -0.352	  0.014	  0.052	  0.006
[component_container-11] 	 17.470	ErrTwis	 -0.670	 -0.279	  0.055	 -0.013
[component_container-11] 	 17.470	    GPS	  2.709	 -0.166	  5.052	     --
[component_container-11] 	 17.470	   Baro	     --	     --	  6.135	     --
[component_container-11] 	 17.470	  BBias	     --	     --	  1.069	     --
[component_container-11] 	 17.470	  Sonar	     --	     --	    inf	     --
[component_container-11] 	 17.470	  Magnt	     --	     --	     --	  1.523
[component_container-11] 
[component_container-11] 	 17.500	   Pose	  2.964	 -0.181	  5.002	  1.480
[component_container-11] 	 17.500	  Twist	  0.610	  0.200	 -0.053	 -0.270
[component_container-11] 	 17.500	ErrPose	 -0.368	  0.004	  0.053	  0.003
[component_container-11] 	 17.500	ErrTwis	 -0.691	 -0.269	  0.058	 -0.009
[component_container-11] 	 17.500	    GPS	  2.709	 -0.166	  5.052	     --
[component_container-11] 	 17.500	   Baro	     --	     --	  6.135	     --
[component_container-11] 	 17.500	  BBias	     --	     --	  1.069	     --
[component_container-11] 	 17.500	  Sonar	     --	     --	    inf	     --
[component_container-11] 	 17.500	  Magnt	     --	     --	     --	  1.523
[component_container-11] 
[component_container-11] 	 17.540	   Pose	  2.830	 -0.246	  5.013	  1.470
[component_container-11] 	 17.540	  Twist	  0.485	  0.133	 -0.042	 -0.274
[component_container-11] 	 17.540	ErrPose	 -0.232	  0.064	  0.042	  0.003
[component_container-11] 	 17.540	ErrTwis	 -0.589	 -0.192	  0.049	 -0.006
[component_container-11] 	 17.540	    GPS	  2.701	 -0.255	  5.055	     --
[component_container-11] 	 17.540	   Baro	     --	     --	  6.125	     --
[component_container-11] 	 17.540	  BBias	     --	     --	  1.069	     --
[component_container-11] 	 17.540	  Sonar	     --	     --	    inf	     --
[component_container-11] 	 17.540	  Magnt	     --	     --	     --	  1.500
[component_container-11] 
[component_container-11] 	 17.570	   Pose	  2.844	 -0.243	  5.014	  1.461
[component_container-11] 	 17.570	  Twist	  0.484	  0.132	 -0.041	 -0.294
[component_container-11] 	 17.570	ErrPose	 -0.246	  0.057	  0.041	  0.006
[component_container-11] 	 17.570	ErrTwis	 -0.600	 -0.188	  0.048	  0.014
[component_container-11] 	 17.570	    GPS	  2.701	 -0.255	  5.055	     --
[component_container-11] 	 17.570	   Baro	     --	     --	  6.111	     --
[component_container-11] 	 17.570	  BBias	     --	     --	  1.069	     --
[component_container-11] 	 17.570	  Sonar	     --	     --	    inf	     --
[component_container-11] 	 17.570	  Magnt	     --	     --	     --	  1.459
[component_container-11] 
[component_container-11] 	 17.600	   Pose	  2.859	 -0.239	  5.012	  1.453
[component_container-11] 	 17.600	  Twist	  0.483	  0.131	 -0.042	 -0.278
[component_container-11] 	 17.600	ErrPose	 -0.260	  0.046	  0.042	  0.003
[component_container-11] 	 17.600	ErrTwis	 -0.621	 -0.179	  0.051	 -0.002
[component_container-11] 	 17.600	    GPS	  2.701	 -0.255	  5.055	     --
[component_container-11] 	 17.600	   Baro	     --	     --	  6.111	     --
[component_container-11] 	 17.600	  BBias	     --	     --	  1.069	     --
[component_container-11] 	 17.600	  Sonar	     --	     --	    inf	     --
[component_container-11] 	 17.600	  Magnt	     --	     --	     --	  1.459
[component_container-11] 
[component_container-11] 	 17.640	   Pose	  2.878	 -0.233	  5.015	  1.440
[component_container-11] 	 17.640	  Twist	  0.481	  0.130	 -0.040	 -0.297
[component_container-11] 	 17.640	ErrPose	 -0.278	  0.034	  0.040	  0.004
[component_container-11] 	 17.640	ErrTwis	 -0.642	 -0.171	  0.049	  0.017
[component_container-11] 	 17.640	    GPS	  2.701	 -0.255	  5.055	     --
[component_container-11] 	 17.640	   Baro	     --	     --	  6.133	     --
[component_container-11] 	 17.640	  BBias	     --	     --	  1.069	     --
[component_container-11] 	 17.640	  Sonar	     --	     --	    inf	     --
[component_container-11] 	 17.640	  Magnt	     --	     --	     --	  1.411
[component_container-11] 
[component_container-11] [INFO] [1775368641.796205668] [drone.estimator]: TMP LOG sonar rejected: meas=2.557 est_z=5.003 innov=-2.446
[component_container-11] 	 17.670	   Pose	  2.892	 -0.229	  5.003	  1.432
[component_container-11] 	 17.670	  Twist	  0.479	  0.130	 -0.054	 -0.279
[component_container-11] 	 17.670	ErrPose	 -0.293	  0.026	  0.052	  0.007
[component_container-11] 	 17.670	ErrTwis	 -0.652	 -0.167	  0.064	 -0.001
[component_container-11] 	 17.670	    GPS	  2.701	 -0.255	  5.055	     --
[component_container-11] 	 17.670	   Baro	     --	     --	  5.949	     --
[component_container-11] 	 17.670	  BBias	     --	     --	  1.069	     --
[component_container-11] 	 17.670	  Sonar	     --	     --	  2.557	     --
[component_container-11] 	 17.670	  Magnt	     --	     --	     --	  1.444
[component_container-11] 
[component_container-11] 	 17.700	   Pose	  2.907	 -0.226	  5.001	  1.424
[component_container-11] 	 17.700	  Twist	  0.477	  0.129	 -0.056	 -0.279
[component_container-11] 	 17.700	ErrPose	 -0.307	  0.014	  0.054	  0.004
[component_container-11] 	 17.700	ErrTwis	 -0.673	 -0.160	  0.066	 -0.001
[component_container-11] 	 17.700	    GPS	  2.701	 -0.255	  5.055	     --
[component_container-11] 	 17.700	   Baro	     --	     --	  5.949	     --
[component_container-11] 	 17.700	  BBias	     --	     --	  1.069	     --
[component_container-11] 	 17.700	  Sonar	     --	     --	  2.557	     --
[component_container-11] 	 17.700	  Magnt	     --	     --	     --	  1.444
[component_container-11] 
[component_container-11] 	 17.740	   Pose	  2.926	 -0.220	  5.005	  1.413
[component_container-11] 	 17.740	  Twist	  0.475	  0.130	 -0.053	 -0.280
[component_container-11] 	 17.740	ErrPose	 -0.327	 -0.001	  0.049	  0.003
[component_container-11] 	 17.740	ErrTwis	 -0.694	 -0.155	  0.062	 -0.001
[component_container-11] 	 17.740	    GPS	  2.701	 -0.255	  5.055	     --
[component_container-11] 	 17.740	   Baro	     --	     --	  6.148	     --
[component_container-11] 	 17.740	  BBias	     --	     --	  1.069	     --
[component_container-11] 	 17.740	  Sonar	     --	     --	  2.501	     --
[component_container-11] 	 17.740	  Magnt	     --	     --	     --	  1.457
[component_container-11] 
[component_container-11] 	 17.770	   Pose	  2.940	 -0.216	  5.013	  1.405
[component_container-11] 	 17.770	  Twist	  0.474	  0.129	 -0.044	 -0.291
[component_container-11] 	 17.770	ErrPose	 -0.341	 -0.010	  0.041	  0.006
[component_container-11] 	 17.770	ErrTwis	 -0.704	 -0.153	  0.054	  0.011
[component_container-11] 	 17.770	    GPS	  2.701	 -0.255	  5.055	     --
[component_container-11] 	 17.770	   Baro	     --	     --	  6.183	     --
[component_container-11] 	 17.770	  BBias	     --	     --	  1.069	     --
[component_container-11] 	 17.770	  Sonar	     --	     --	  2.571	     --
[component_container-11] 	 17.770	  Magnt	     --	     --	     --	  1.432
[component_container-11] 
[component_container-11] 	 17.800	   Pose	  2.954	 -0.213	  5.012	  1.397
[component_container-11] 	 17.800	  Twist	  0.472	  0.129	 -0.046	 -0.288
[component_container-11] 	 17.800	ErrPose	 -0.357	 -0.025	  0.043	  0.003
[component_container-11] 	 17.800	ErrTwis	 -0.725	 -0.150	  0.057	  0.007
[component_container-11] 	 17.800	    GPS	  2.701	 -0.255	  5.055	     --
[component_container-11] 	 17.800	   Baro	     --	     --	  6.183	     --
[component_container-11] 	 17.800	  BBias	     --	     --	  1.069	     --
[component_container-11] 	 17.800	  Sonar	     --	     --	  2.571	     --
[component_container-11] 	 17.800	  Magnt	     --	     --	     --	  1.432
[component_container-11] 
[component_container-11] 	 17.840	   Pose	  2.973	 -0.207	  5.022	  1.387
[component_container-11] 	 17.840	  Twist	  0.471	  0.129	 -0.035	 -0.273
[component_container-11] 	 17.840	ErrPose	 -0.377	 -0.042	  0.032	  0.002
[component_container-11] 	 17.840	ErrTwis	 -0.747	 -0.148	  0.046	 -0.007
[component_container-11] 	 17.840	    GPS	  2.701	 -0.255	  5.055	     --
[component_container-11] 	 17.840	   Baro	     --	     --	  6.226	     --
[component_container-11] 	 17.840	  BBias	     --	     --	  1.069	     --
[component_container-11] 	 17.840	  Sonar	     --	     --	  2.542	     --
[component_container-11] 	 17.840	  Magnt	     --	     --	     --	  1.427
[component_container-11] 
[component_container-11] 	 17.870	   Pose	  2.987	 -0.204	  5.017	  1.378
[component_container-11] 	 17.870	  Twist	  0.470	  0.129	 -0.042	 -0.273
[component_container-11] 	 17.870	ErrPose	 -0.392	 -0.052	  0.037	  0.004
[component_container-11] 	 17.870	ErrTwis	 -0.757	 -0.148	  0.053	 -0.007
[component_container-11] 	 17.870	    GPS	  2.701	 -0.255	  5.055	     --
[component_container-11] 	 17.870	   Baro	     --	     --	  6.038	     --
[component_container-11] 	 17.870	  BBias	     --	     --	  1.069	     --
[component_container-11] 	 17.870	  Sonar	     --	     --	  2.564	     --
[component_container-11] 	 17.870	  Magnt	     --	     --	     --	  1.397
[component_container-11] 
[component_container-11] 	 17.900	   Pose	  3.001	 -0.200	  5.015	  1.370
[component_container-11] 	 17.900	  Twist	  0.469	  0.130	 -0.044	 -0.280
[component_container-11] 	 17.900	ErrPose	 -0.408	 -0.068	  0.038	  0.001
[component_container-11] 	 17.900	ErrTwis	 -0.778	 -0.148	  0.055	  0.000
[component_container-11] 	 17.900	    GPS	  2.701	 -0.255	  5.055	     --
[component_container-11] 	 17.900	   Baro	     --	     --	  6.038	     --
[component_container-11] 	 17.900	  BBias	     --	     --	  1.069	     --
[component_container-11] 	 17.900	  Sonar	     --	     --	  2.564	     --
[component_container-11] 	 17.900	  Magnt	     --	     --	     --	  1.397
[component_container-11] 
[component_container-11] 	 17.940	   Pose	  3.020	 -0.195	  5.008	  1.359
[component_container-11] 	 17.940	  Twist	  0.467	  0.130	 -0.052	 -0.265
[component_container-11] 	 17.940	ErrPose	 -0.428	 -0.087	  0.045	  0.001
[component_container-11] 	 17.940	ErrTwis	 -0.798	 -0.148	  0.064	 -0.015
[component_container-11] 	 17.940	    GPS	  2.701	 -0.255	  5.055	     --
[component_container-11] 	 17.940	   Baro	     --	     --	  6.026	     --
[component_container-11] 	 17.940	  BBias	     --	     --	  1.069	     --
[component_container-11] 	 17.940	  Sonar	     --	     --	  2.560	     --
[component_container-11] 	 17.940	  Magnt	     --	     --	     --	  1.384
[component_container-11] 
[component_container-11] 	 17.970	   Pose	  3.034	 -0.191	  5.014	  1.352
[component_container-11] 	 17.970	  Twist	  0.466	  0.130	 -0.048	 -0.280
[component_container-11] 	 17.970	ErrPose	 -0.444	 -0.098	  0.039	  0.003
[component_container-11] 	 17.970	ErrTwis	 -0.807	 -0.148	  0.059	  0.000
[component_container-11] 	 17.970	    GPS	  2.701	 -0.255	  5.055	     --
[component_container-11] 	 17.970	   Baro	     --	     --	  6.154	     --
[component_container-11] 	 17.970	  BBias	     --	     --	  1.069	     --
[component_container-11] 	 17.970	  Sonar	     --	     --	  2.552	     --
[component_container-11] 	 17.970	  Magnt	     --	     --	     --	  1.400
[component_container-11] 
[component_container-11] [INFO] [1775368642.141816188] [drone.controller]: cmd_vel body=(-0.557, 0.123, -0.014) yaw=-0.300 | odom_received=true | plan_points=6
[component_container-11] 	 18.000	   Pose	  3.048	 -0.187	  5.012	  1.343
[component_container-11] 	 18.000	  Twist	  0.465	  0.130	 -0.050	 -0.294
[component_container-11] 	 18.000	ErrPose	 -0.460	 -0.117	  0.040	 -0.000
[component_container-11] 	 18.000	ErrTwis	 -0.828	 -0.148	  0.060	  0.014
[component_container-11] 	 18.000	    GPS	  2.701	 -0.255	  5.055	     --
[component_container-11] 	 18.000	   Baro	     --	     --	  6.154	     --
[component_container-11] 	 18.000	  BBias	     --	     --	  1.069	     --
[component_container-11] 	 18.000	  Sonar	     --	     --	  2.552	     --
[component_container-11] 	 18.000	  Magnt	     --	     --	     --	  1.400
[component_container-11] 
[component_container-11] [INFO] [1775368642.142249453] [drone.estimator]: TMP LOG err_xyz=(-0.460, -0.117, 0.040) | z_est=5.012 vz_est=-0.050 bias=1.069 | gps_z=5.055 sonar=2.552 baro=6.154
[component_container-11] [INFO] [1775368642.145458090] [drone.estimator]: TMP LOG gps innov_xy=(-0.481, -0.158) est_xy=(3.053, -0.185) gps_xy=(2.572, -0.344) corr_xy=(2.572, -0.344) vel_xy=(0.465, 0.130)
[component_container-11] [INFO] [1775368642.145908030] [drone.estimator]: TMP LOG gps vel pseudo raw=(-0.258, -0.176) filt=(-0.228, -0.175) innov_v=(-0.630, -0.284) apply=(1,1)
[component_container-11] 	 18.040	   Pose	  2.830	 -0.270	  5.033	  1.332
[component_container-11] 	 18.040	  Twist	  0.299	  0.064	 -0.029	 -0.289
[component_container-11] 	 18.040	ErrPose	 -0.246	 -0.049	  0.019	  0.000
[component_container-11] 	 18.040	ErrTwis	 -0.683	 -0.082	  0.039	  0.009
[component_container-11] 	 18.040	    GPS	  2.572	 -0.344	  5.052	     --
[component_container-11] 	 18.040	   Baro	     --	     --	  6.295	     --
[component_container-11] 	 18.040	  BBias	     --	     --	  1.069	     --
[component_container-11] 	 18.040	  Sonar	     --	     --	  2.554	     --
[component_container-11] 	 18.040	  Magnt	     --	     --	     --	  1.338
[component_container-11] 
[component_container-11] 	 18.070	   Pose	  2.839	 -0.268	  5.026	  1.324
[component_container-11] 	 18.070	  Twist	  0.298	  0.065	 -0.037	 -0.285
[component_container-11] 	 18.070	ErrPose	 -0.256	 -0.059	  0.026	  0.003
[component_container-11] 	 18.070	ErrTwis	 -0.691	 -0.082	  0.047	  0.005
[component_container-11] 	 18.070	    GPS	  2.572	 -0.344	  5.052	     --
[component_container-11] 	 18.070	   Baro	     --	     --	  6.013	     --
[component_container-11] 	 18.070	  BBias	     --	     --	  1.069	     --
[component_container-11] 	 18.070	  Sonar	     --	     --	  2.532	     --
[component_container-11] 	 18.070	  Magnt	     --	     --	     --	  1.363
[component_container-11] 
[component_container-11] 	 18.100	   Pose	  2.848	 -0.266	  5.024	  1.316
[component_container-11] 	 18.100	  Twist	  0.297	  0.066	 -0.039	 -0.288
[component_container-11] 	 18.100	ErrPose	 -0.269	 -0.078	  0.027	 -0.000
[component_container-11] 	 18.100	ErrTwis	 -0.711	 -0.082	  0.050	  0.009
[component_container-11] 	 18.100	    GPS	  2.572	 -0.344	  5.052	     --
[component_container-11] 	 18.100	   Baro	     --	     --	  6.013	     --
[component_container-11] 	 18.100	  BBias	     --	     --	  1.069	     --
[component_container-11] 	 18.100	  Sonar	     --	     --	  2.532	     --
[component_container-11] 	 18.100	  Magnt	     --	     --	     --	  1.363
[component_container-11] 
[component_container-11] 	 18.140	   Pose	  2.860	 -0.264	  5.022	  1.304
[component_container-11] 	 18.140	  Twist	  0.295	  0.066	 -0.043	 -0.278
[component_container-11] 	 18.140	ErrPose	 -0.285	 -0.098	  0.029	 -0.000
[component_container-11] 	 18.140	ErrTwis	 -0.730	 -0.080	  0.053	 -0.001
[component_container-11] 	 18.140	    GPS	  2.572	 -0.344	  5.052	     --
[component_container-11] 	 18.140	   Baro	     --	     --	  6.083	     --
[component_container-11] 	 18.140	  BBias	     --	     --	  1.069	     --
[component_container-11] 	 18.140	  Sonar	     --	     --	  3.945	     --
[component_container-11] 	 18.140	  Magnt	     --	     --	     --	  1.327
[component_container-11] 
[component_container-11] 	 18.170	   Pose	  2.869	 -0.262	  5.026	  1.295
[component_container-11] 	 18.170	  Twist	  0.294	  0.068	 -0.041	 -0.292
[component_container-11] 	 18.170	ErrPose	 -0.296	 -0.109	  0.024	  0.003
[component_container-11] 	 18.170	ErrTwis	 -0.738	 -0.081	  0.049	  0.013
[component_container-11] 	 18.170	    GPS	  2.572	 -0.344	  5.052	     --
[component_container-11] 	 18.170	   Baro	     --	     --	  6.162	     --
[component_container-11] 	 18.170	  BBias	     --	     --	  1.069	     --
[component_container-11] 	 18.170	  Sonar	     --	     --	    inf	     --
[component_container-11] 	 18.170	  Magnt	     --	     --	     --	  1.277
[component_container-11] 
[component_container-11] 	 18.200	   Pose	  2.878	 -0.260	  5.025	  1.287
[component_container-11] 	 18.200	  Twist	  0.293	  0.069	 -0.043	 -0.283
[component_container-11] 	 18.200	ErrPose	 -0.310	 -0.130	  0.024	  0.000
[component_container-11] 	 18.200	ErrTwis	 -0.756	 -0.081	  0.050	  0.004
[component_container-11] 	 18.200	    GPS	  2.572	 -0.344	  5.052	     --
[component_container-11] 	 18.200	   Baro	     --	     --	  6.162	     --
[component_container-11] 	 18.200	  BBias	     --	     --	  1.069	     --
[component_container-11] 	 18.200	  Sonar	     --	     --	    inf	     --
[component_container-11] 	 18.200	  Magnt	     --	     --	     --	  1.277
[component_container-11] 
[component_container-11] 	 18.240	   Pose	  2.889	 -0.257	  5.016	  1.276
[component_container-11] 	 18.240	  Twist	  0.291	  0.070	 -0.054	 -0.282
[component_container-11] 	 18.240	ErrPose	 -0.327	 -0.152	  0.033	  0.000
[component_container-11] 	 18.240	ErrTwis	 -0.772	 -0.082	  0.060	  0.003
[component_container-11] 	 18.240	    GPS	  2.572	 -0.344	  5.052	     --
[component_container-11] 	 18.240	   Baro	     --	     --	  6.006	     --
[component_container-11] 	 18.240	  BBias	     --	     --	  1.069	     --
[component_container-11] 	 18.240	  Sonar	     --	     --	    inf	     --
[component_container-11] 	 18.240	  Magnt	     --	     --	     --	  1.291
[component_container-11] 
[component_container-11] 	 18.270	   Pose	  2.898	 -0.255	  5.012	  1.268
[component_container-11] 	 18.270	  Twist	  0.289	  0.071	 -0.059	 -0.282
[component_container-11] 	 18.270	ErrPose	 -0.338	 -0.163	  0.037	  0.003
[component_container-11] 	 18.270	ErrTwis	 -0.779	 -0.084	  0.064	  0.003
[component_container-11] 	 18.270	    GPS	  2.572	 -0.344	  5.052	     --
[component_container-11] 	 18.270	   Baro	     --	     --	  6.053	     --
[component_container-11] 	 18.270	  BBias	     --	     --	  1.069	     --
[component_container-11] 	 18.270	  Sonar	     --	     --	    inf	     --
[component_container-11] 	 18.270	  Magnt	     --	     --	     --	  1.280
[component_container-11] 
[component_container-11] 	 18.300	   Pose	  2.907	 -0.253	  5.010	  1.259
[component_container-11] 	 18.300	  Twist	  0.287	  0.072	 -0.060	 -0.284
[component_container-11] 	 18.300	ErrPose	 -0.352	 -0.186	  0.037	  0.000
[component_container-11] 	 18.300	ErrTwis	 -0.794	 -0.091	  0.064	  0.005
[component_container-11] 	 18.300	    GPS	  2.572	 -0.344	  5.052	     --
[component_container-11] 	 18.300	   Baro	     --	     --	  6.053	     --
[component_container-11] 	 18.300	  BBias	     --	     --	  1.069	     --
[component_container-11] 	 18.300	  Sonar	     --	     --	    inf	     --
[component_container-11] 	 18.300	  Magnt	     --	     --	     --	  1.280
[component_container-11] 
[component_container-11] 	 18.340	   Pose	  2.918	 -0.250	  4.999	  1.248
[component_container-11] 	 18.340	  Twist	  0.285	  0.074	 -0.070	 -0.300
[component_container-11] 	 18.340	ErrPose	 -0.369	 -0.209	  0.047	  0.000
[component_container-11] 	 18.340	ErrTwis	 -0.808	 -0.101	  0.072	  0.022
[component_container-11] 	 18.340	    GPS	  2.572	 -0.344	  5.052	     --
[component_container-11] 	 18.340	   Baro	     --	     --	  5.987	     --
[component_container-11] 	 18.340	  BBias	     --	     --	  1.069	     --
[component_container-11] 	 18.340	  Sonar	     --	     --	    inf	     --
[component_container-11] 	 18.340	  Magnt	     --	     --	     --	  1.267
[component_container-11] 
[component_container-11] 	 18.370	   Pose	  2.927	 -0.247	  5.000	  1.240
[component_container-11] 	 18.370	  Twist	  0.284	  0.075	 -0.068	 -0.284
[component_container-11] 	 18.370	ErrPose	 -0.380	 -0.222	  0.046	  0.003
[component_container-11] 	 18.370	ErrTwis	 -0.814	 -0.108	  0.070	  0.006
[component_container-11] 	 18.370	    GPS	  2.572	 -0.344	  5.052	     --
[component_container-11] 	 18.370	   Baro	     --	     --	  6.097	     --
[component_container-11] 	 18.370	  BBias	     --	     --	  1.069	     --
[component_container-11] 	 18.370	  Sonar	     --	     --	    inf	     --
[component_container-11] 	 18.370	  Magnt	     --	     --	     --	  1.264
[component_container-11] 
[component_container-11] 	 18.400	   Pose	  2.935	 -0.245	  4.998	  1.232
[component_container-11] 	 18.400	  Twist	  0.283	  0.076	 -0.069	 -0.268
[component_container-11] 	 18.400	ErrPose	 -0.394	 -0.246	  0.047	  0.000
[component_container-11] 	 18.400	ErrTwis	 -0.826	 -0.122	  0.072	 -0.010
[component_container-11] 	 18.400	    GPS	  2.572	 -0.344	  5.052	     --
[component_container-11] 	 18.400	   Baro	     --	     --	  6.097	     --
[component_container-11] 	 18.400	  BBias	     --	     --	  1.069	     --
[component_container-11] 	 18.400	  Sonar	     --	     --	    inf	     --
[component_container-11] 	 18.400	  Magnt	     --	     --	     --	  1.264
[component_container-11] 
[component_container-11] 	 18.440	   Pose	  2.947	 -0.242	  4.986	  1.221
[component_container-11] 	 18.440	  Twist	  0.281	  0.077	 -0.079	 -0.258
[component_container-11] 	 18.440	ErrPose	 -0.410	 -0.271	  0.059	  0.000
[component_container-11] 	 18.440	ErrTwis	 -0.838	 -0.137	  0.082	 -0.020
[component_container-11] 	 18.440	    GPS	  2.572	 -0.344	  5.052	     --
[component_container-11] 	 18.440	   Baro	     --	     --	  5.963	     --
[component_container-11] 	 18.440	  BBias	     --	     --	  1.069	     --
[component_container-11] 	 18.440	  Sonar	     --	     --	    inf	     --
[component_container-11] 	 18.440	  Magnt	     --	     --	     --	  1.232
[component_container-11] 
[component_container-11] 	 18.470	   Pose	  2.955	 -0.240	  4.989	  1.212
[component_container-11] 	 18.470	  Twist	  0.280	  0.079	 -0.074	 -0.291
[component_container-11] 	 18.470	ErrPose	 -0.421	 -0.285	  0.055	  0.003
[component_container-11] 	 18.470	ErrTwis	 -0.842	 -0.148	  0.077	  0.013
[component_container-11] 	 18.470	    GPS	  2.572	 -0.344	  5.052	     --
[component_container-11] 	 18.470	   Baro	     --	     --	  6.116	     --
[component_container-11] 	 18.470	  BBias	     --	     --	  1.069	     --
[component_container-11] 	 18.470	  Sonar	     --	     --	    inf	     --
[component_container-11] 	 18.470	  Magnt	     --	     --	     --	  1.208
[component_container-11] 
[component_container-11] 	 18.500	   Pose	  2.963	 -0.237	  4.987	  1.203
[component_container-11] 	 18.500	  Twist	  0.279	  0.082	 -0.075	 -0.275
[component_container-11] 	 18.500	ErrPose	 -0.434	 -0.310	  0.057	  0.001
[component_container-11] 	 18.500	ErrTwis	 -0.852	 -0.166	  0.078	 -0.003
[component_container-11] 	 18.500	    GPS	  2.572	 -0.344	  5.052	     --
[component_container-11] 	 18.500	   Baro	     --	     --	  6.116	     --
[component_container-11] 	 18.500	  BBias	     --	     --	  1.069	     --
[component_container-11] 	 18.500	  Sonar	     --	     --	    inf	     --
[component_container-11] 	 18.500	  Magnt	     --	     --	     --	  1.208
[component_container-11] 
[component_container-11] 	 18.540	   Pose	  2.963	 -0.359	  4.997	  1.193
[component_container-11] 	 18.540	  Twist	  0.292	 -0.005	 -0.062	 -0.287
[component_container-11] 	 18.540	ErrPose	 -0.438	 -0.212	  0.045	  0.000
[component_container-11] 	 18.540	ErrTwis	 -0.875	 -0.095	  0.068	  0.009
[component_container-11] 	 18.540	    GPS	  2.837	 -0.493	  5.043	     --
[component_container-11] 	 18.540	   Baro	     --	     --	  6.115	     --
[component_container-11] 	 18.540	  BBias	     --	     --	  1.069	     --
[component_container-11] 	 18.540	  Sonar	     --	     --	    inf	     --
[component_container-11] 	 18.540	  Magnt	     --	     --	     --	  1.232
[component_container-11] 
[component_container-11] 	 18.570	   Pose	  2.972	 -0.360	  5.010	  1.184
[component_container-11] 	 18.570	  Twist	  0.291	 -0.004	 -0.046	 -0.291
[component_container-11] 	 18.570	ErrPose	 -0.449	 -0.224	  0.032	  0.003
[component_container-11] 	 18.570	ErrTwis	 -0.879	 -0.105	  0.052	  0.013
[component_container-11] 	 18.570	    GPS	  2.837	 -0.493	  5.043	     --
[component_container-11] 	 18.570	   Baro	     --	     --	  6.252	     --
[component_container-11] 	 18.570	  BBias	     --	     --	  1.069	     --
[component_container-11] 	 18.570	  Sonar	     --	     --	    inf	     --
[component_container-11] 	 18.570	  Magnt	     --	     --	     --	  1.193
[component_container-11] 
[component_container-11] [INFO] [1775368642.744745395] [drone.behavior]: Behavior transition TURTLE_POSITION -> TURTLE_WAYPOINT | turtle_stop=false | waypoint=(2.99, -0.66, 5.00)
[component_container-11] [INFO] [1775368642.744786942] [drone.behavior]: Behavior target TURTLE_WAYPOINT | new_waypoint=(1.00, 4.00, 5.00)
[component_container-11] 	 18.600	   Pose	  2.981	 -0.360	  5.009	  1.176
[component_container-11] 	 18.600	  Twist	  0.290	 -0.002	 -0.047	 -0.269
[component_container-11] 	 18.600	ErrPose	 -0.462	 -0.248	  0.033	  0.000
[component_container-11] 	 18.600	ErrTwis	 -0.886	 -0.122	  0.052	 -0.010
[component_container-11] 	 18.600	    GPS	  2.837	 -0.493	  5.043	     --
[component_container-11] 	 18.600	   Baro	     --	     --	  6.252	     --
[component_container-11] 	 18.600	  BBias	     --	     --	  1.069	     --
[component_container-11] 	 18.600	  Sonar	     --	     --	    inf	     --
[component_container-11] 	 18.600	  Magnt	     --	     --	     --	  1.193
[component_container-11] 
[component_container-11] 	 18.640	   Pose	  2.992	 -0.360	  5.014	  1.165
[component_container-11] 	 18.640	  Twist	  0.289	  0.001	 -0.039	 -0.283
[component_container-11] 	 18.640	ErrPose	 -0.478	 -0.273	  0.027	  0.000
[component_container-11] 	 18.640	ErrTwis	 -0.892	 -0.139	  0.046	  0.004
[component_container-11] 	 18.640	    GPS	  2.837	 -0.493	  5.043	     --
[component_container-11] 	 18.640	   Baro	     --	     --	  6.164	     --
[component_container-11] 	 18.640	  BBias	     --	     --	  1.069	     --
[component_container-11] 	 18.640	  Sonar	     --	     --	    inf	     --
[component_container-11] 	 18.640	  Magnt	     --	     --	     --	  1.171
[component_container-11] 
[component_container-11] 	 18.670	   Pose	  3.001	 -0.360	  5.014	  1.156
[component_container-11] 	 18.670	  Twist	  0.289	  0.002	 -0.040	 -0.291
[component_container-11] 	 18.670	ErrPose	 -0.488	 -0.285	  0.027	  0.003
[component_container-11] 	 18.670	ErrTwis	 -0.895	 -0.147	  0.048	  0.012
[component_container-11] 	 18.670	    GPS	  2.837	 -0.493	  5.043	     --
[component_container-11] 	 18.670	   Baro	     --	     --	  6.091	     --
[component_container-11] 	 18.670	  BBias	     --	     --	  1.069	     --
[component_container-11] 	 18.670	  Sonar	     --	     --	    inf	     --
[component_container-11] 	 18.670	  Magnt	     --	     --	     --	  1.165
[component_container-11] 
[component_container-11] 	 18.700	   Pose	  3.010	 -0.360	  5.012	  1.148
[component_container-11] 	 18.700	  Twist	  0.288	  0.003	 -0.040	 -0.288
[component_container-11] 	 18.700	ErrPose	 -0.501	 -0.311	  0.028	  0.001
[component_container-11] 	 18.700	ErrTwis	 -0.900	 -0.160	  0.047	  0.009
[component_container-11] 	 18.700	    GPS	  2.837	 -0.493	  5.043	     --
[component_container-11] 	 18.700	   Baro	     --	     --	  6.091	     --
[component_container-11] 	 18.700	  BBias	     --	     --	  1.069	     --
[component_container-11] 	 18.700	  Sonar	     --	     --	    inf	     --
[component_container-11] 	 18.700	  Magnt	     --	     --	     --	  1.165
[component_container-11] 
[component_container-11] 	 18.740	   Pose	  3.021	 -0.359	  5.002	  1.137
[component_container-11] 	 18.740	  Twist	  0.288	  0.005	 -0.047	 -0.265
[component_container-11] 	 18.740	ErrPose	 -0.516	 -0.336	  0.038	  0.000
[component_container-11] 	 18.740	ErrTwis	 -0.905	 -0.172	  0.052	 -0.015
[component_container-11] 	 18.740	    GPS	  2.837	 -0.493	  5.043	     --
[component_container-11] 	 18.740	   Baro	     --	     --	  5.983	     --
[component_container-11] 	 18.740	  BBias	     --	     --	  1.069	     --
[component_container-11] 	 18.740	  Sonar	     --	     --	    inf	     --
[component_container-11] 	 18.740	  Magnt	     --	     --	     --	  1.166
[component_container-11] 
[component_container-11] 	 18.770	   Pose	  3.030	 -0.359	  5.007	  1.129
[component_container-11] 	 18.770	  Twist	  0.289	  0.006	 -0.041	 -0.278
[component_container-11] 	 18.770	ErrPose	 -0.527	 -0.349	  0.033	  0.003
[component_container-11] 	 18.770	ErrTwis	 -0.908	 -0.177	  0.044	 -0.002
[component_container-11] 	 18.770	    GPS	  2.837	 -0.493	  5.043	     --
[component_container-11] 	 18.770	   Baro	     --	     --	  6.143	     --
[component_container-11] 	 18.770	  BBias	     --	     --	  1.069	     --
[component_container-11] 	 18.770	  Sonar	     --	     --	    inf	     --
[component_container-11] 	 18.770	  Magnt	     --	     --	     --	  1.149
[component_container-11] 
[component_container-11] 	 18.800	   Pose	  3.039	 -0.359	  5.006	  1.120
[component_container-11] 	 18.800	  Twist	  0.290	  0.007	 -0.040	 -0.288
[component_container-11] 	 18.800	ErrPose	 -0.540	 -0.375	  0.034	 -0.000
[component_container-11] 	 18.800	ErrTwis	 -0.911	 -0.182	  0.041	  0.007
[component_container-11] 	 18.800	    GPS	  2.837	 -0.493	  5.043	     --
[component_container-11] 	 18.800	   Baro	     --	     --	  6.143	     --
[component_container-11] 	 18.800	  BBias	     --	     --	  1.069	     --
[component_container-11] 	 18.800	  Sonar	     --	     --	    inf	     --
[component_container-11] 	 18.800	  Magnt	     --	     --	     --	  1.149
[component_container-11] 
[component_container-11] 	 18.840	   Pose	  3.050	 -0.359	  5.010	  1.109
[component_container-11] 	 18.840	  Twist	  0.292	  0.008	 -0.033	 -0.274
[component_container-11] 	 18.840	ErrPose	 -0.557	 -0.400	  0.029	 -0.000
[component_container-11] 	 18.840	ErrTwis	 -0.915	 -0.176	  0.031	 -0.008
[component_container-11] 	 18.840	    GPS	  2.837	 -0.493	  5.043	     --
[component_container-11] 	 18.840	   Baro	     --	     --	  6.142	     --
[component_container-11] 	 18.840	  BBias	     --	     --	  1.069	     --
[component_container-11] 	 18.840	  Sonar	     --	     --	    inf	     --
[component_container-11] 	 18.840	  Magnt	     --	     --	     --	  1.090
[component_container-11] 
[component_container-11] 	 18.870	   Pose	  3.059	 -0.358	  5.018	  1.100
[component_container-11] 	 18.870	  Twist	  0.292	  0.009	 -0.024	 -0.273
[component_container-11] 	 18.870	ErrPose	 -0.569	 -0.413	  0.021	  0.003
[component_container-11] 	 18.870	ErrTwis	 -0.916	 -0.170	  0.021	 -0.010
[component_container-11] 	 18.870	    GPS	  2.837	 -0.493	  5.043	     --
[component_container-11] 	 18.870	   Baro	     --	     --	  6.180	     --
[component_container-11] 	 18.870	  BBias	     --	     --	  1.069	     --
[component_container-11] 	 18.870	  Sonar	     --	     --	    inf	     --
[component_container-11] 	 18.870	  Magnt	     --	     --	     --	  1.079
[component_container-11] 
[component_container-11] 	 18.900	   Pose	  3.068	 -0.358	  5.017	  1.091
[component_container-11] 	 18.900	  Twist	  0.292	  0.010	 -0.026	 -0.270
[component_container-11] 	 18.900	ErrPose	 -0.585	 -0.438	  0.022	 -0.000
[component_container-11] 	 18.900	ErrTwis	 -0.916	 -0.148	  0.018	 -0.013
[component_container-11] 	 18.900	    GPS	  2.837	 -0.493	  5.043	     --
[component_container-11] 	 18.900	   Baro	     --	     --	  6.180	     --
[component_container-11] 	 18.900	  BBias	     --	     --	  1.069	     --
[component_container-11] 	 18.900	  Sonar	     --	     --	    inf	     --
[component_container-11] 	 18.900	  Magnt	     --	     --	     --	  1.079
[component_container-11] 
[component_container-11] 	 18.940	   Pose	  3.079	 -0.358	  5.022	  1.081
[component_container-11] 	 18.940	  Twist	  0.291	  0.012	 -0.023	 -0.274
[component_container-11] 	 18.940	ErrPose	 -0.605	 -0.462	  0.018	 -0.001
[component_container-11] 	 18.940	ErrTwis	 -0.915	 -0.119	  0.014	 -0.010
[component_container-11] 	 18.940	    GPS	  2.837	 -0.493	  5.043	     --
[component_container-11] 	 18.940	   Baro	     --	     --	  6.143	     --
[component_container-11] 	 18.940	  BBias	     --	     --	  1.069	     --
[component_container-11] 	 18.940	  Sonar	     --	     --	    inf	     --
[component_container-11] 	 18.940	  Magnt	     --	     --	     --	  1.112
[component_container-11] 
[component_container-11] 	 18.970	   Pose	  3.088	 -0.357	  5.007	  1.071
[component_container-11] 	 18.970	  Twist	  0.290	  0.013	 -0.040	 -0.291
[component_container-11] 	 18.970	ErrPose	 -0.619	 -0.473	  0.032	  0.003
[component_container-11] 	 18.970	ErrTwis	 -0.914	 -0.102	  0.031	  0.008
[component_container-11] 	 18.970	    GPS	  2.837	 -0.493	  5.043	     --
[component_container-11] 	 18.970	   Baro	     --	     --	  5.936	     --
[component_container-11] 	 18.970	  BBias	     --	     --	  1.069	     --
[component_container-11] 	 18.970	  Sonar	     --	     --	    inf	     --
[component_container-11] 	 18.970	  Magnt	     --	     --	     --	  1.041
[component_container-11] 
[component_container-11] [INFO] [1775368643.144679683] [drone.controller]: cmd_vel body=(0.567, 0.823, 0.008) yaw=-0.300 | odom_received=true | plan_points=49
[component_container-11] 	 19.000	   Pose	  3.097	 -0.357	  5.006	  1.063
[component_container-11] 	 19.000	  Twist	  0.290	  0.013	 -0.043	 -0.296
[component_container-11] 	 19.000	ErrPose	 -0.639	 -0.496	  0.033	 -0.001
[component_container-11] 	 19.000	ErrTwis	 -0.912	 -0.064	  0.032	  0.013
[component_container-11] 	 19.000	    GPS	  2.837	 -0.493	  5.043	     --
[component_container-11] 	 19.000	   Baro	     --	     --	  5.936	     --
[component_container-11] 	 19.000	  BBias	     --	     --	  1.069	     --
[component_container-11] 	 19.000	  Sonar	     --	     --	    inf	     --
[component_container-11] 	 19.000	  Magnt	     --	     --	     --	  1.041
[component_container-11] 
[component_container-11] [INFO] [1775368643.145089788] [drone.estimator]: TMP LOG err_xyz=(-0.639, -0.496, 0.033) | z_est=5.006 vz_est=-0.043 bias=1.069 | gps_z=5.043 sonar=inf baro=5.936
[component_container-11] [INFO] [1775368643.149239889] [drone.estimator]: TMP LOG gps innov_xy=(-0.562, -0.448) est_xy=(3.097, -0.357) gps_xy=(2.535, -0.805) corr_xy=(2.535, -0.805) vel_xy=(0.290, 0.013)
[component_container-11] [INFO] [1775368643.149709240] [drone.estimator]: TMP LOG gps vel pseudo raw=(-0.604, -0.624) filt=(-0.498, -0.591) innov_v=(-0.714, -0.545) apply=(1,1)
[component_container-11] 	 19.040	   Pose	  2.835	 -0.571	  5.005	  1.051
[component_container-11] 	 19.040	  Twist	  0.100	 -0.133	 -0.047	 -0.279
[component_container-11] 	 19.040	ErrPose	 -0.390	 -0.303	  0.033	 -0.000
[component_container-11] 	 19.040	ErrTwis	 -0.721	  0.124	  0.032	 -0.003
[component_container-11] 	 19.040	    GPS	  2.535	 -0.805	  5.038	     --
[component_container-11] 	 19.040	   Baro	     --	     --	  6.022	     --
[component_container-11] 	 19.040	  BBias	     --	     --	  1.069	     --
[component_container-11] 	 19.040	  Sonar	     --	     --	    inf	     --
[component_container-11] 	 19.040	  Magnt	     --	     --	     --	  1.033
[component_container-11] 
[component_container-11] 	 19.070	   Pose	  2.838	 -0.575	  5.003	  1.043
[component_container-11] 	 19.070	  Twist	  0.100	 -0.132	 -0.050	 -0.304
[component_container-11] 	 19.070	ErrPose	 -0.400	 -0.309	  0.034	  0.002
[component_container-11] 	 19.070	ErrTwis	 -0.719	  0.145	  0.035	  0.023
[component_container-11] 	 19.070	    GPS	  2.535	 -0.805	  5.038	     --
[component_container-11] 	 19.070	   Baro	     --	     --	  6.070	     --
[component_container-11] 	 19.070	  BBias	     --	     --	  1.069	     --
[component_container-11] 	 19.070	  Sonar	     --	     --	    inf	     --
[component_container-11] 	 19.070	  Magnt	     --	     --	     --	  1.075
[component_container-11] 
[component_container-11] 	 19.100	   Pose	  2.841	 -0.579	  5.002	  1.034
[component_container-11] 	 19.100	  Twist	  0.099	 -0.132	 -0.052	 -0.269
[component_container-11] 	 19.100	ErrPose	 -0.419	 -0.325	  0.035	 -0.001
[component_container-11] 	 19.100	ErrTwis	 -0.716	  0.187	  0.037	 -0.011
[component_container-11] 	 19.100	    GPS	  2.535	 -0.805	  5.038	     --
[component_container-11] 	 19.100	   Baro	     --	     --	  6.070	     --
[component_container-11] 	 19.100	  BBias	     --	     --	  1.069	     --
[component_container-11] 	 19.100	  Sonar	     --	     --	    inf	     --
[component_container-11] 	 19.100	  Magnt	     --	     --	     --	  1.075
[component_container-11] 
[component_container-11] 	 19.140	   Pose	  2.845	 -0.584	  4.997	  1.021
[component_container-11] 	 19.140	  Twist	  0.097	 -0.130	 -0.059	 -0.275
[component_container-11] 	 19.140	ErrPose	 -0.440	 -0.338	  0.038	 -0.001
[component_container-11] 	 19.140	ErrTwis	 -0.711	  0.230	  0.043	 -0.003
[component_container-11] 	 19.140	    GPS	  2.535	 -0.805	  5.038	     --
[component_container-11] 	 19.140	   Baro	     --	     --	  6.039	     --
[component_container-11] 	 19.140	  BBias	     --	     --	  1.069	     --
[component_container-11] 	 19.140	  Sonar	     --	     --	    inf	     --
[component_container-11] 	 19.140	  Magnt	     --	     --	     --	  0.961
[component_container-11] 
[component_container-11] 	 19.170	   Pose	  2.848	 -0.588	  5.000	  1.013
[component_container-11] 	 19.170	  Twist	  0.096	 -0.129	 -0.057	 -0.279
[component_container-11] 	 19.170	ErrPose	 -0.452	 -0.343	  0.034	  0.002
[component_container-11] 	 19.170	ErrTwis	 -0.708	  0.249	  0.039	  0.002
[component_container-11] 	 19.170	    GPS	  2.535	 -0.805	  5.038	     --
[component_container-11] 	 19.170	   Baro	     --	     --	  6.122	     --
[component_container-11] 	 19.170	  BBias	     --	     --	  1.069	     --
[component_container-11] 	 19.170	  Sonar	     --	     --	    inf	     --
[component_container-11] 	 19.170	  Magnt	     --	     --	     --	  1.016
[component_container-11] 
[component_container-11] 	 19.200	   Pose	  2.851	 -0.592	  4.998	  1.005
[component_container-11] 	 19.200	  Twist	  0.096	 -0.127	 -0.058	 -0.273
[component_container-11] 	 19.200	ErrPose	 -0.474	 -0.355	  0.035	 -0.001
[component_container-11] 	 19.200	ErrTwis	 -0.703	  0.288	  0.037	 -0.002
[component_container-11] 	 19.200	    GPS	  2.535	 -0.805	  5.038	     --
[component_container-11] 	 19.200	   Baro	     --	     --	  6.122	     --
[component_container-11] 	 19.200	  BBias	     --	     --	  1.069	     --
[component_container-11] 	 19.200	  Sonar	     --	     --	    inf	     --
[component_container-11] 	 19.200	  Magnt	     --	     --	     --	  1.016
[component_container-11] 
[component_container-11] 	 19.240	   Pose	  2.854	 -0.597	  4.999	  0.993
[component_container-11] 	 19.240	  Twist	  0.096	 -0.125	 -0.057	 -0.285
[component_container-11] 	 19.240	ErrPose	 -0.498	 -0.365	  0.033	 -0.001
[component_container-11] 	 19.240	ErrTwis	 -0.697	  0.324	  0.034	  0.011
[component_container-11] 	 19.240	    GPS	  2.535	 -0.805	  5.038	     --
[component_container-11] 	 19.240	   Baro	     --	     --	  6.100	     --
[component_container-11] 	 19.240	  BBias	     --	     --	  1.069	     --
[component_container-11] 	 19.240	  Sonar	     --	     --	    inf	     --
[component_container-11] 	 19.240	  Magnt	     --	     --	     --	  1.000
[component_container-11] 
[component_container-11] 	 19.270	   Pose	  2.857	 -0.601	  4.995	  0.985
[component_container-11] 	 19.270	  Twist	  0.096	 -0.125	 -0.061	 -0.269
[component_container-11] 	 19.270	ErrPose	 -0.511	 -0.369	  0.036	  0.002
[component_container-11] 	 19.270	ErrTwis	 -0.694	  0.340	  0.037	 -0.004
[component_container-11] 	 19.270	    GPS	  2.535	 -0.805	  5.038	     --
[component_container-11] 	 19.270	   Baro	     --	     --	  6.044	     --
[component_container-11] 	 19.270	  BBias	     --	     --	  1.069	     --
[component_container-11] 	 19.270	  Sonar	     --	     --	    inf	     --
[component_container-11] 	 19.270	  Magnt	     --	     --	     --	  0.979
[component_container-11] 
[component_container-11] 	 19.300	   Pose	  2.860	 -0.604	  4.993	  0.977
[component_container-11] 	 19.300	  Twist	  0.097	 -0.124	 -0.062	 -0.275
[component_container-11] 	 19.300	ErrPose	 -0.536	 -0.378	  0.036	 -0.002
[component_container-11] 	 19.300	ErrTwis	 -0.687	  0.372	  0.036	  0.002
[component_container-11] 	 19.300	    GPS	  2.535	 -0.805	  5.038	     --
[component_container-11] 	 19.300	   Baro	     --	     --	  6.044	     --
[component_container-11] 	 19.300	  BBias	     --	     --	  1.069	     --
[component_container-11] 	 19.300	  Sonar	     --	     --	    inf	     --
[component_container-11] 	 19.300	  Magnt	     --	     --	     --	  0.979
[component_container-11] 
[component_container-11] 	 19.340	   Pose	  2.864	 -0.609	  4.994	  0.966
[component_container-11] 	 19.340	  Twist	  0.097	 -0.123	 -0.060	 -0.264
[component_container-11] 	 19.340	ErrPose	 -0.563	 -0.386	  0.033	 -0.001
[component_container-11] 	 19.340	ErrTwis	 -0.679	  0.401	  0.033	 -0.009
[component_container-11] 	 19.340	    GPS	  2.535	 -0.805	  5.038	     --
[component_container-11] 	 19.340	   Baro	     --	     --	  6.102	     --
[component_container-11] 	 19.340	  BBias	     --	     --	  1.069	     --
[component_container-11] 	 19.340	  Sonar	     --	     --	    inf	     --
[component_container-11] 	 19.340	  Magnt	     --	     --	     --	  0.951
[component_container-11] 
[component_container-11] 	 19.370	   Pose	  2.867	 -0.613	  4.984	  0.956
[component_container-11] 	 19.370	  Twist	  0.098	 -0.122	 -0.069	 -0.279
[component_container-11] 	 19.370	ErrPose	 -0.578	 -0.388	  0.043	  0.003
[component_container-11] 	 19.370	ErrTwis	 -0.675	  0.415	  0.042	  0.007
[component_container-11] 	 19.370	    GPS	  2.535	 -0.805	  5.038	     --
[component_container-11] 	 19.370	   Baro	     --	     --	  5.964	     --
[component_container-11] 	 19.370	  BBias	     --	     --	  1.069	     --
[component_container-11] 	 19.370	  Sonar	     --	     --	    inf	     --
[component_container-11] 	 19.370	  Magnt	     --	     --	     --	  0.916
[component_container-11] 
[component_container-11] 	 19.400	   Pose	  2.870	 -0.617	  4.982	  0.948
[component_container-11] 	 19.400	  Twist	  0.098	 -0.122	 -0.070	 -0.281
[component_container-11] 	 19.400	ErrPose	 -0.605	 -0.395	  0.043	 -0.000
[component_container-11] 	 19.400	ErrTwis	 -0.667	  0.445	  0.045	  0.008
[component_container-11] 	 19.400	    GPS	  2.535	 -0.805	  5.038	     --
[component_container-11] 	 19.400	   Baro	     --	     --	  5.964	     --
[component_container-11] 	 19.400	  BBias	     --	     --	  1.069	     --
[component_container-11] 	 19.400	  Sonar	     --	     --	    inf	     --
[component_container-11] 	 19.400	  Magnt	     --	     --	     --	  0.916
[component_container-11] 
[component_container-11] 	 19.440	   Pose	  2.874	 -0.622	  4.969	  0.936
[component_container-11] 	 19.440	  Twist	  0.099	 -0.122	 -0.081	 -0.299
[component_container-11] 	 19.440	ErrPose	 -0.634	 -0.399	  0.055	 -0.000
[component_container-11] 	 19.440	ErrTwis	 -0.658	  0.474	  0.057	  0.025
[component_container-11] 	 19.440	    GPS	  2.535	 -0.805	  5.038	     --
[component_container-11] 	 19.440	   Baro	     --	     --	  5.937	     --
[component_container-11] 	 19.440	  BBias	     --	     --	  1.069	     --
[component_container-11] 	 19.440	  Sonar	     --	     --	    inf	     --
[component_container-11] 	 19.440	  Magnt	     --	     --	     --	  0.924
[component_container-11] 
[component_container-11] 	 19.470	   Pose	  2.877	 -0.625	  4.972	  0.927
[component_container-11] 	 19.470	  Twist	  0.100	 -0.123	 -0.075	 -0.289
[component_container-11] 	 19.470	ErrPose	 -0.649	 -0.399	  0.050	  0.003
[component_container-11] 	 19.470	ErrTwis	 -0.653	  0.490	  0.052	  0.015
[component_container-11] 	 19.470	    GPS	  2.535	 -0.805	  5.038	     --
[component_container-11] 	 19.470	   Baro	     --	     --	  6.103	     --
[component_container-11] 	 19.470	  BBias	     --	     --	  1.069	     --
[component_container-11] 	 19.470	  Sonar	     --	     --	    inf	     --
[component_container-11] 	 19.470	  Magnt	     --	     --	     --	  0.895
[component_container-11] 
[component_container-11] 	 19.500	   Pose	  2.880	 -0.629	  4.970	  0.919
[component_container-11] 	 19.500	  Twist	  0.101	 -0.122	 -0.075	 -0.284
[component_container-11] 	 19.500	ErrPose	 -0.679	 -0.403	  0.051	  0.001
[component_container-11] 	 19.500	ErrTwis	 -0.643	  0.519	  0.052	  0.010
[component_container-11] 	 19.500	    GPS	  2.535	 -0.805	  5.038	     --
[component_container-11] 	 19.500	   Baro	     --	     --	  6.103	     --
[component_container-11] 	 19.500	  BBias	     --	     --	  1.069	     --
[component_container-11] 	 19.500	  Sonar	     --	     --	    inf	     --
[component_container-11] 	 19.500	  Magnt	     --	     --	     --	  0.895
[component_container-11] 
[component_container-11] 	 19.540	   Pose	  2.634	 -0.810	  4.978	  0.907
[component_container-11] 	 19.540	  Twist	 -0.058	 -0.232	 -0.065	 -0.277
[component_container-11] 	 19.540	ErrPose	 -0.459	 -0.227	  0.041	  0.001
[component_container-11] 	 19.540	ErrTwis	 -0.472	  0.658	  0.044	  0.002
[component_container-11] 	 19.540	    GPS	  2.297	 -1.053	  5.020	     --
[component_container-11] 	 19.540	   Baro	     --	     --	  6.074	     --
[component_container-11] 	 19.540	  BBias	     --	     --	  1.068	     --
[component_container-11] 	 19.540	  Sonar	     --	     --	    inf	     --
[component_container-11] 	 19.540	  Magnt	     --	     --	     --	  0.895
[component_container-11] 
[component_container-11] 	 19.570	   Pose	  2.632	 -0.817	  4.981	  0.897
[component_container-11] 	 19.570	  Twist	 -0.058	 -0.232	 -0.060	 -0.277
[component_container-11] 	 19.570	ErrPose	 -0.471	 -0.223	  0.038	  0.005
[component_container-11] 	 19.570	ErrTwis	 -0.466	  0.672	  0.040	  0.003
[component_container-11] 	 19.570	    GPS	  2.297	 -1.053	  5.020	     --
[component_container-11] 	 19.570	   Baro	     --	     --	  6.101	     --
[component_container-11] 	 19.570	  BBias	     --	     --	  1.068	     --
[component_container-11] 	 19.570	  Sonar	     --	     --	    inf	     --
[component_container-11] 	 19.570	  Magnt	     --	     --	     --	  0.857
[component_container-11] 
[component_container-11] 	 19.600	   Pose	  2.630	 -0.824	  4.979	  0.889
[component_container-11] 	 19.600	  Twist	 -0.057	 -0.232	 -0.060	 -0.282
[component_container-11] 	 19.600	ErrPose	 -0.497	 -0.219	  0.038	  0.002
[component_container-11] 	 19.600	ErrTwis	 -0.454	  0.701	  0.041	  0.007
[component_container-11] 	 19.600	    GPS	  2.297	 -1.053	  5.020	     --
[component_container-11] 	 19.600	   Baro	     --	     --	  6.101	     --
[component_container-11] 	 19.600	  BBias	     --	     --	  1.068	     --
[component_container-11] 	 19.600	  Sonar	     --	     --	    inf	     --
[component_container-11] 	 19.600	  Magnt	     --	     --	     --	  0.857
[component_container-11] 
[component_container-11] 	 19.640	   Pose	  2.628	 -0.833	  4.986	  0.877
[component_container-11] 	 19.640	  Twist	 -0.056	 -0.232	 -0.051	 -0.278
[component_container-11] 	 19.640	ErrPose	 -0.523	 -0.212	  0.029	  0.003
[component_container-11] 	 19.640	ErrTwis	 -0.441	  0.729	  0.032	  0.004
[component_container-11] 	 19.640	    GPS	  2.297	 -1.053	  5.020	     --
[component_container-11] 	 19.640	   Baro	     --	     --	  6.166	     --
[component_container-11] 	 19.640	  BBias	     --	     --	  1.068	     --
[component_container-11] 	 19.640	  Sonar	     --	     --	    inf	     --
[component_container-11] 	 19.640	  Magnt	     --	     --	     --	  0.861
[component_container-11] 
[component_container-11] 	 19.670	   Pose	  2.626	 -0.840	  4.987	  0.868
[component_container-11] 	 19.670	  Twist	 -0.056	 -0.232	 -0.050	 -0.279
[component_container-11] 	 19.670	ErrPose	 -0.536	 -0.206	  0.027	  0.006
[component_container-11] 	 19.670	ErrTwis	 -0.433	  0.742	  0.031	  0.005
[component_container-11] 	 19.670	    GPS	  2.297	 -1.053	  5.020	     --
[component_container-11] 	 19.670	   Baro	     --	     --	  6.086	     --
[component_container-11] 	 19.670	  BBias	     --	     --	  1.068	     --
[component_container-11] 	 19.670	  Sonar	     --	     --	    inf	     --
[component_container-11] 	 19.670	  Magnt	     --	     --	     --	  0.853
[component_container-11] 
[component_container-11] 	 19.700	   Pose	  2.625	 -0.847	  4.986	  0.860
[component_container-11] 	 19.700	  Twist	 -0.056	 -0.232	 -0.050	 -0.279
[component_container-11] 	 19.700	ErrPose	 -0.563	 -0.199	  0.027	  0.003
[component_container-11] 	 19.700	ErrTwis	 -0.419	  0.768	  0.029	  0.005
[component_container-11] 	 19.700	    GPS	  2.297	 -1.053	  5.020	     --
[component_container-11] 	 19.700	   Baro	     --	     --	  6.086	     --
[component_container-11] 	 19.700	  BBias	     --	     --	  1.068	     --
[component_container-11] 	 19.700	  Sonar	     --	     --	    inf	     --
[component_container-11] 	 19.700	  Magnt	     --	     --	     --	  0.853
[component_container-11] 
[component_container-11] 	 19.740	   Pose	  2.622	 -0.856	  4.971	  0.849
[component_container-11] 	 19.740	  Twist	 -0.055	 -0.233	 -0.064	 -0.276
[component_container-11] 	 19.740	ErrPose	 -0.590	 -0.188	  0.039	  0.002
[component_container-11] 	 19.740	ErrTwis	 -0.403	  0.791	  0.038	  0.003
[component_container-11] 	 19.740	    GPS	  2.297	 -1.053	  5.020	     --
[component_container-11] 	 19.740	   Baro	     --	     --	  5.908	     --
[component_container-11] 	 19.740	  BBias	     --	     --	  1.068	     --
[component_container-11] 	 19.740	  Sonar	     --	     --	    inf	     --
[component_container-11] 	 19.740	  Magnt	     --	     --	     --	  0.863
[component_container-11] 
[component_container-11] 	 19.770	   Pose	  2.621	 -0.863	  4.967	  0.841
[component_container-11] 	 19.770	  Twist	 -0.054	 -0.233	 -0.066	 -0.274
[component_container-11] 	 19.770	ErrPose	 -0.603	 -0.180	  0.042	  0.005
[component_container-11] 	 19.770	ErrTwis	 -0.396	  0.802	  0.038	  0.000
[component_container-11] 	 19.770	    GPS	  2.297	 -1.053	  5.020	     --
[component_container-11] 	 19.770	   Baro	     --	     --	  6.015	     --
[component_container-11] 	 19.770	  BBias	     --	     --	  1.068	     --
[component_container-11] 	 19.770	  Sonar	     --	     --	    inf	     --
[component_container-11] 	 19.770	  Magnt	     --	     --	     --	  0.849
[component_container-11] 
[component_container-11] 	 19.800	   Pose	  2.619	 -0.870	  4.965	  0.833
[component_container-11] 	 19.800	  Twist	 -0.053	 -0.234	 -0.064	 -0.263
[component_container-11] 	 19.800	ErrPose	 -0.630	 -0.169	  0.043	  0.002
[component_container-11] 	 19.800	ErrTwis	 -0.380	  0.821	  0.036	 -0.012
[component_container-11] 	 19.800	    GPS	  2.297	 -1.053	  5.020	     --
[component_container-11] 	 19.800	   Baro	     --	     --	  6.015	     --
[component_container-11] 	 19.800	  BBias	     --	     --	  1.068	     --
[component_container-11] 	 19.800	  Sonar	     --	     --	    inf	     --
[component_container-11] 	 19.800	  Magnt	     --	     --	     --	  0.849
[component_container-11] 
[component_container-11] 	 19.840	   Pose	  2.617	 -0.879	  4.957	  0.821
[component_container-11] 	 19.840	  Twist	 -0.051	 -0.236	 -0.070	 -0.289
[component_container-11] 	 19.840	ErrPose	 -0.657	 -0.155	  0.050	  0.003
[component_container-11] 	 19.840	ErrTwis	 -0.363	  0.840	  0.042	  0.014
[component_container-11] 	 19.840	    GPS	  2.297	 -1.053	  5.020	     --
[component_container-11] 	 19.840	   Baro	     --	     --	  5.964	     --
[component_container-11] 	 19.840	  BBias	     --	     --	  1.068	     --
[component_container-11] 	 19.840	  Sonar	     --	     --	    inf	     --
[component_container-11] 	 19.840	  Magnt	     --	     --	     --	  0.813
[component_container-11] 
[component_container-11] 	 19.870	   Pose	  2.615	 -0.887	  4.966	  0.813
[component_container-11] 	 19.870	  Twist	 -0.050	 -0.237	 -0.058	 -0.274
[component_container-11] 	 19.870	ErrPose	 -0.670	 -0.145	  0.040	  0.005
[component_container-11] 	 19.870	ErrTwis	 -0.355	  0.850	  0.031	 -0.001
[component_container-11] 	 19.870	    GPS	  2.297	 -1.053	  5.020	     --
[component_container-11] 	 19.870	   Baro	     --	     --	  6.153	     --
[component_container-11] 	 19.870	  BBias	     --	     --	  1.068	     --
[component_container-11] 	 19.870	  Sonar	     --	     --	    inf	     --
[component_container-11] 	 19.870	  Magnt	     --	     --	     --	  0.817
[component_container-11] 
[component_container-11] 	 19.900	   Pose	  2.614	 -0.894	  4.964	  0.804
[component_container-11] 	 19.900	  Twist	 -0.049	 -0.238	 -0.057	 -0.285
[component_container-11] 	 19.900	ErrPose	 -0.697	 -0.132	  0.040	  0.003
[component_container-11] 	 19.900	ErrTwis	 -0.338	  0.867	  0.032	  0.010
[component_container-11] 	 19.900	    GPS	  2.297	 -1.053	  5.020	     --
[component_container-11] 	 19.900	   Baro	     --	     --	  6.153	     --
[component_container-11] 	 19.900	  BBias	     --	     --	  1.068	     --
[component_container-11] 	 19.900	  Sonar	     --	     --	    inf	     --
[component_container-11] 	 19.900	  Magnt	     --	     --	     --	  0.817
[component_container-11] 
[component_container-11] 	 19.940	   Pose	  2.612	 -0.903	  4.956	  0.792
[component_container-11] 	 19.940	  Twist	 -0.048	 -0.239	 -0.061	 -0.272
[component_container-11] 	 19.940	ErrPose	 -0.724	 -0.114	  0.046	  0.004
[component_container-11] 	 19.940	ErrTwis	 -0.320	  0.883	  0.039	 -0.004
[component_container-11] 	 19.940	    GPS	  2.297	 -1.053	  5.020	     --
[component_container-11] 	 19.940	   Baro	     --	     --	  5.974	     --
[component_container-11] 	 19.940	  BBias	     --	     --	  1.068	     --
[component_container-11] 	 19.940	  Sonar	     --	     --	    inf	     --
[component_container-11] 	 19.940	  Magnt	     --	     --	     --	  0.733
[component_container-11] 
[component_container-11] 	 19.970	   Pose	  2.611	 -0.910	  4.958	  0.783
[component_container-11] 	 19.970	  Twist	 -0.047	 -0.241	 -0.057	 -0.273
[component_container-11] 	 19.970	ErrPose	 -0.737	 -0.102	  0.044	  0.007
[component_container-11] 	 19.970	ErrTwis	 -0.311	  0.892	  0.037	 -0.003
[component_container-11] 	 19.970	    GPS	  2.297	 -1.053	  5.020	     --
[component_container-11] 	 19.970	   Baro	     --	     --	  6.061	     --
[component_container-11] 	 19.970	  BBias	     --	     --	  1.068	     --
[component_container-11] 	 19.970	  Sonar	     --	     --	    inf	     --
[component_container-11] 	 19.970	  Magnt	     --	     --	     --	  0.762
[component_container-11] 
[component_container-11] [INFO] [1775368644.144761556] [drone.controller]: cmd_vel body=(0.458, 0.889, 0.014) yaw=-0.300 | odom_received=true | plan_points=52
[component_container-11] 	 20.000	   Pose	  2.609	 -0.918	  4.956	  0.775
[component_container-11] 	 20.000	  Twist	 -0.046	 -0.242	 -0.058	 -0.274
[component_container-11] 	 20.000	ErrPose	 -0.764	 -0.085	  0.044	  0.004
[component_container-11] 	 20.000	ErrTwis	 -0.292	  0.909	  0.039	 -0.003
[component_container-11] 	 20.000	    GPS	  2.297	 -1.053	  5.020	     --
[component_container-11] 	 20.000	   Baro	     --	     --	  6.061	     --
[component_container-11] 	 20.000	  BBias	     --	     --	  1.068	     --
[component_container-11] 	 20.000	  Sonar	     --	     --	    inf	     --
[component_container-11] 	 20.000	  Magnt	     --	     --	     --	  0.762
[component_container-11] 
[component_container-11] [INFO] [1775368644.145047480] [drone.estimator]: TMP LOG err_xyz=(-0.764, -0.085, 0.044) | z_est=4.956 vz_est=-0.058 bias=1.068 | gps_z=5.020 sonar=inf baro=6.061
[component_container-11] [INFO] [1775368644.147930629] [drone.estimator]: TMP LOG gps innov_xy=(-0.800, 0.032) est_xy=(2.609, -0.920) gps_xy=(1.809, -0.888) corr_xy=(1.809, -0.888) vel_xy=(-0.046, -0.242)
[component_container-11] [INFO] [1775368644.148098206] [drone.estimator]: TMP LOG gps vel pseudo raw=(-0.975, 0.329) filt=(-0.926, 0.246) innov_v=(-0.774, 0.484) apply=(1,1)
[component_container-11] 	 20.040	   Pose	  2.253	 -0.849	  4.966	  0.763
[component_container-11] 	 20.040	  Twist	 -0.276	 -0.160	 -0.046	 -0.278
[component_container-11] 	 20.040	ErrPose	 -0.436	 -0.143	  0.033	  0.005
[component_container-11] 	 20.040	ErrTwis	 -0.043	  0.841	  0.028	  0.001
[component_container-11] 	 20.040	    GPS	  1.809	 -0.888	  5.000	     --
[component_container-11] 	 20.040	   Baro	     --	     --	  6.085	     --
[component_container-11] 	 20.040	  BBias	     --	     --	  1.068	     --
[component_container-11] 	 20.040	  Sonar	     --	     --	    inf	     --
[component_container-11] 	 20.040	  Magnt	     --	     --	     --	  0.736
[component_container-11] 
[component_container-11] 	 20.070	   Pose	  2.245	 -0.853	  4.968	  0.755
[component_container-11] 	 20.070	  Twist	 -0.275	 -0.162	 -0.042	 -0.268
[component_container-11] 	 20.070	ErrPose	 -0.441	 -0.132	  0.031	  0.008
[component_container-11] 	 20.070	ErrTwis	 -0.033	  0.850	  0.024	 -0.009
[component_container-11] 	 20.070	    GPS	  1.809	 -0.888	  5.000	     --
[component_container-11] 	 20.070	   Baro	     --	     --	  6.077	     --
[component_container-11] 	 20.070	  BBias	     --	     --	  1.068	     --
[component_container-11] 	 20.070	  Sonar	     --	     --	    inf	     --
[component_container-11] 	 20.070	  Magnt	     --	     --	     --	  0.755
[component_container-11] 
[component_container-11] 	 20.100	   Pose	  2.237	 -0.858	  4.967	  0.746
[component_container-11] 	 20.100	  Twist	 -0.274	 -0.163	 -0.041	 -0.281
[component_container-11] 	 20.100	ErrPose	 -0.461	 -0.114	  0.031	  0.005
[component_container-11] 	 20.100	ErrTwis	 -0.014	  0.864	  0.026	  0.004
[component_container-11] 	 20.100	    GPS	  1.809	 -0.888	  5.000	     --
[component_container-11] 	 20.100	   Baro	     --	     --	  6.077	     --
[component_container-11] 	 20.100	  BBias	     --	     --	  1.068	     --
[component_container-11] 	 20.100	  Sonar	     --	     --	    inf	     --
[component_container-11] 	 20.100	  Magnt	     --	     --	     --	  0.755
[component_container-11] 
[component_container-11] 	 20.140	   Pose	  2.226	 -0.865	  4.982	  0.734
[component_container-11] 	 20.140	  Twist	 -0.274	 -0.165	 -0.026	 -0.285
[component_container-11] 	 20.140	ErrPose	 -0.477	 -0.093	  0.015	  0.005
[component_container-11] 	 20.140	ErrTwis	  0.006	  0.879	  0.011	  0.008
[component_container-11] 	 20.140	    GPS	  1.809	 -0.888	  5.000	     --
[component_container-11] 	 20.140	   Baro	     --	     --	  6.238	     --
[component_container-11] 	 20.140	  BBias	     --	     --	  1.068	     --
[component_container-11] 	 20.140	  Sonar	     --	     --	    inf	     --
[component_container-11] 	 20.140	  Magnt	     --	     --	     --	  0.718
[component_container-11] 
[component_container-11] 	 20.170	   Pose	  2.217	 -0.870	  4.985	  0.726
[component_container-11] 	 20.170	  Twist	 -0.274	 -0.167	 -0.021	 -0.275
[component_container-11] 	 20.170	ErrPose	 -0.482	 -0.081	  0.010	  0.008
[component_container-11] 	 20.170	ErrTwis	  0.017	  0.886	  0.006	 -0.002
[component_container-11] 	 20.170	    GPS	  1.809	 -0.888	  5.000	     --
[component_container-11] 	 20.170	   Baro	     --	     --	  6.103	     --
[component_container-11] 	 20.170	  BBias	     --	     --	  1.068	     --
[component_container-11] 	 20.170	  Sonar	     --	     --	    inf	     --
[component_container-11] 	 20.170	  Magnt	     --	     --	     --	  0.753
[component_container-11] 
[component_container-11] 	 20.200	   Pose	  2.209	 -0.875	  4.985	  0.718
[component_container-11] 	 20.200	  Twist	 -0.273	 -0.168	 -0.021	 -0.278
[component_container-11] 	 20.200	ErrPose	 -0.500	 -0.060	  0.010	  0.005
[component_container-11] 	 20.200	ErrTwis	  0.038	  0.898	  0.004	  0.001
[component_container-11] 	 20.200	    GPS	  1.809	 -0.888	  5.000	     --
[component_container-11] 	 20.200	   Baro	     --	     --	  6.103	     --
[component_container-11] 	 20.200	  BBias	     --	     --	  1.068	     --
[component_container-11] 	 20.200	  Sonar	     --	     --	    inf	     --
[component_container-11] 	 20.200	  Magnt	     --	     --	     --	  0.753
[component_container-11] 
[component_container-11] 	 20.240	   Pose	  2.198	 -0.882	  4.984	  0.706
[component_container-11] 	 20.240	  Twist	 -0.272	 -0.169	 -0.022	 -0.272
[component_container-11] 	 20.240	ErrPose	 -0.514	 -0.036	  0.010	  0.006
[component_container-11] 	 20.240	ErrTwis	  0.059	  0.907	  0.002	 -0.005
[component_container-11] 	 20.240	    GPS	  1.809	 -0.888	  5.000	     --
[component_container-11] 	 20.240	   Baro	     --	     --	  6.050	     --
[component_container-11] 	 20.240	  BBias	     --	     --	  1.068	     --
[component_container-11] 	 20.240	  Sonar	     --	     --	    inf	     --
[component_container-11] 	 20.240	  Magnt	     --	     --	     --	  0.699
[component_container-11] 
[component_container-11] 	 20.270	   Pose	  2.190	 -0.887	  5.001	  0.699
[component_container-11] 	 20.270	  Twist	 -0.272	 -0.171	 -0.004	 -0.286
[component_container-11] 	 20.270	ErrPose	 -0.519	 -0.022	 -0.008	  0.008
[component_container-11] 	 20.270	ErrTwis	  0.070	  0.913	 -0.017	  0.009
[component_container-11] 	 20.270	    GPS	  1.809	 -0.888	  5.000	     --
[component_container-11] 	 20.270	   Baro	     --	     --	  6.262	     --
[component_container-11] 	 20.270	  BBias	     --	     --	  1.068	     --
[component_container-11] 	 20.270	  Sonar	     --	     --	    inf	     --
[component_container-11] 	 20.270	  Magnt	     --	     --	     --	  0.735
[component_container-11] 
[component_container-11] 	 20.300	   Pose	  2.182	 -0.892	  5.001	  0.690
[component_container-11] 	 20.300	  Twist	 -0.271	 -0.173	 -0.004	 -0.292
[component_container-11] 	 20.300	ErrPose	 -0.535	  0.002	 -0.009	  0.005
[component_container-11] 	 20.300	ErrTwis	  0.091	  0.921	 -0.017	  0.015
[component_container-11] 	 20.300	    GPS	  1.809	 -0.888	  5.000	     --
[component_container-11] 	 20.300	   Baro	     --	     --	  6.262	     --
[component_container-11] 	 20.300	  BBias	     --	     --	  1.068	     --
[component_container-11] 	 20.300	  Sonar	     --	     --	    inf	     --
[component_container-11] 	 20.300	  Magnt	     --	     --	     --	  0.735
[component_container-11] 
[component_container-11] 	 20.340	   Pose	  2.171	 -0.899	  4.989	  0.679
[component_container-11] 	 20.340	  Twist	 -0.270	 -0.176	 -0.016	 -0.288
[component_container-11] 	 20.340	ErrPose	 -0.548	  0.029	  0.002	  0.005
[component_container-11] 	 20.340	ErrTwis	  0.112	  0.928	 -0.004	  0.010
[component_container-11] 	 20.340	    GPS	  1.809	 -0.888	  5.000	     --
[component_container-11] 	 20.340	   Baro	     --	     --	  5.934	     --
[component_container-11] 	 20.340	  BBias	     --	     --	  1.068	     --
[component_container-11] 	 20.340	  Sonar	     --	     --	    inf	     --
[component_container-11] 	 20.340	  Magnt	     --	     --	     --	  0.678
[component_container-11] 
[component_container-11] 	 20.370	   Pose	  2.163	 -0.904	  4.990	  0.670
[component_container-11] 	 20.370	  Twist	 -0.270	 -0.177	 -0.014	 -0.274
[component_container-11] 	 20.370	ErrPose	 -0.551	  0.044	 -0.000	  0.009
[component_container-11] 	 20.370	ErrTwis	  0.123	  0.932	 -0.005	 -0.004
[component_container-11] 	 20.370	    GPS	  1.809	 -0.888	  5.000	     --
[component_container-11] 	 20.370	   Baro	     --	     --	  6.079	     --
[component_container-11] 	 20.370	  BBias	     --	     --	  1.068	     --
[component_container-11] 	 20.370	  Sonar	     --	     --	    inf	     --
[component_container-11] 	 20.370	  Magnt	     --	     --	     --	  0.644
[component_container-11] 
[component_container-11] 	 20.400	   Pose	  2.155	 -0.910	  4.990	  0.661
[component_container-11] 	 20.400	  Twist	 -0.269	 -0.180	 -0.014	 -0.277
[component_container-11] 	 20.400	ErrPose	 -0.565	  0.071	 -0.001	  0.006
[component_container-11] 	 20.400	ErrTwis	  0.145	  0.939	 -0.002	 -0.002
[component_container-11] 	 20.400	    GPS	  1.809	 -0.888	  5.000	     --
[component_container-11] 	 20.400	   Baro	     --	     --	  6.079	     --
[component_container-11] 	 20.400	  BBias	     --	     --	  1.068	     --
[component_container-11] 	 20.400	  Sonar	     --	     --	    inf	     --
[component_container-11] 	 20.400	  Magnt	     --	     --	     --	  0.644
[component_container-11] 
[component_container-11] 	 20.440	   Pose	  2.144	 -0.917	  4.994	  0.651
[component_container-11] 	 20.440	  Twist	 -0.269	 -0.183	 -0.009	 -0.288
[component_container-11] 	 20.440	ErrPose	 -0.576	  0.100	 -0.006	  0.005
[component_container-11] 	 20.440	ErrTwis	  0.167	  0.948	 -0.004	  0.010
[component_container-11] 	 20.440	    GPS	  1.809	 -0.888	  5.000	     --
[component_container-11] 	 20.440	   Baro	     --	     --	  6.108	     --
[component_container-11] 	 20.440	  BBias	     --	     --	  1.068	     --
[component_container-11] 	 20.440	  Sonar	     --	     --	    inf	     --
[component_container-11] 	 20.440	  Magnt	     --	     --	     --	  0.698
[component_container-11] 
[component_container-11] 	 20.470	   Pose	  2.136	 -0.922	  4.995	  0.642
[component_container-11] 	 20.470	  Twist	 -0.269	 -0.185	 -0.006	 -0.297
[component_container-11] 	 20.470	ErrPose	 -0.579	  0.117	 -0.008	  0.008
[component_container-11] 	 20.470	ErrTwis	  0.178	  0.953	 -0.006	  0.019
[component_container-11] 	 20.470	    GPS	  1.809	 -0.888	  5.000	     --
[component_container-11] 	 20.470	   Baro	     --	     --	  6.084	     --
[component_container-11] 	 20.470	  BBias	     --	     --	  1.068	     --
[component_container-11] 	 20.470	  Sonar	     --	     --	    inf	     --
[component_container-11] 	 20.470	  Magnt	     --	     --	     --	  0.646
[component_container-11] 
[component_container-11] 	 20.500	   Pose	  2.128	 -0.928	  4.995	  0.634
[component_container-11] 	 20.500	  Twist	 -0.269	 -0.187	 -0.006	 -0.293
[component_container-11] 	 20.500	ErrPose	 -0.591	  0.146	 -0.009	  0.006
[component_container-11] 	 20.500	ErrTwis	  0.200	  0.961	 -0.003	  0.015
[component_container-11] 	 20.500	    GPS	  1.809	 -0.888	  5.000	     --
[component_container-11] 	 20.500	   Baro	     --	     --	  6.084	     --
[component_container-11] 	 20.500	  BBias	     --	     --	  1.068	     --
[component_container-11] 	 20.500	  Sonar	     --	     --	    inf	     --
[component_container-11] 	 20.500	  Magnt	     --	     --	     --	  0.646
[component_container-11] 
[component_container-11] 	 20.540	   Pose	  1.991	 -0.820	  4.990	  0.623
[component_container-11] 	 20.540	  Twist	 -0.319	 -0.097	 -0.012	 -0.281
[component_container-11] 	 20.540	ErrPose	 -0.474	  0.063	 -0.004	  0.006
[component_container-11] 	 20.540	ErrTwis	  0.273	  0.877	  0.006	  0.002
[component_container-11] 	 20.540	    GPS	  1.697	 -0.752	  4.986	     --
[component_container-11] 	 20.540	   Baro	     --	     --	  6.014	     --
[component_container-11] 	 20.540	  BBias	     --	     --	  1.068	     --
[component_container-11] 	 20.540	  Sonar	     --	     --	    inf	     --
[component_container-11] 	 20.540	  Magnt	     --	     --	     --	  0.632
[component_container-11] 
[component_container-11] 	 20.570	   Pose	  1.982	 -0.823	  4.991	  0.614
[component_container-11] 	 20.570	  Twist	 -0.319	 -0.100	 -0.011	 -0.278
[component_container-11] 	 20.570	ErrPose	 -0.474	  0.078	 -0.006	  0.008
[component_container-11] 	 20.570	ErrTwis	  0.283	  0.882	  0.005	 -0.001
[component_container-11] 	 20.570	    GPS	  1.697	 -0.752	  4.986	     --
[component_container-11] 	 20.570	   Baro	     --	     --	  6.079	     --
[component_container-11] 	 20.570	  BBias	     --	     --	  1.068	     --
[component_container-11] 	 20.570	  Sonar	     --	     --	    inf	     --
[component_container-11] 	 20.570	  Magnt	     --	     --	     --	  0.627
[component_container-11] 
[component_container-11] 	 20.600	   Pose	  1.972	 -0.826	  4.991	  0.606
[component_container-11] 	 20.600	  Twist	 -0.319	 -0.102	 -0.012	 -0.292
[component_container-11] 	 20.600	ErrPose	 -0.482	  0.107	 -0.007	  0.006
[component_container-11] 	 20.600	ErrTwis	  0.304	  0.891	  0.007	  0.013
[component_container-11] 	 20.600	    GPS	  1.697	 -0.752	  4.986	     --
[component_container-11] 	 20.600	   Baro	     --	     --	  6.079	     --
[component_container-11] 	 20.600	  BBias	     --	     --	  1.068	     --
[component_container-11] 	 20.600	  Sonar	     --	     --	    inf	     --
[component_container-11] 	 20.600	  Magnt	     --	     --	     --	  0.627
[component_container-11] 
[component_container-11] 	 20.640	   Pose	  1.959	 -0.830	  4.991	  0.594
[component_container-11] 	 20.640	  Twist	 -0.319	 -0.105	 -0.012	 -0.282
[component_container-11] 	 20.640	ErrPose	 -0.487	  0.138	 -0.008	  0.006
[component_container-11] 	 20.640	ErrTwis	  0.325	  0.900	  0.009	  0.003
[component_container-11] 	 20.640	    GPS	  1.697	 -0.752	  4.986	     --
[component_container-11] 	 20.640	   Baro	     --	     --	  6.074	     --
[component_container-11] 	 20.640	  BBias	     --	     --	  1.068	     --
[component_container-11] 	 20.640	  Sonar	     --	     --	    inf	     --
[component_container-11] 	 20.640	  Magnt	     --	     --	     --	  0.572
[component_container-11] 
[component_container-11] 	 20.670	   Pose	  1.950	 -0.833	  4.992	  0.585
[component_container-11] 	 20.670	  Twist	 -0.318	 -0.108	 -0.012	 -0.303
[component_container-11] 	 20.670	ErrPose	 -0.486	  0.155	 -0.009	  0.009
[component_container-11] 	 20.670	ErrTwis	  0.335	  0.906	  0.009	  0.024
[component_container-11] 	 20.670	    GPS	  1.697	 -0.752	  4.986	     --
[component_container-11] 	 20.670	   Baro	     --	     --	  6.070	     --
[component_container-11] 	 20.670	  BBias	     --	     --	  1.069	     --
[component_container-11] 	 20.670	  Sonar	     --	     --	    inf	     --
[component_container-11] 	 20.670	  Magnt	     --	     --	     --	  0.582
[component_container-11] 
[component_container-11] 	 20.700	   Pose	  1.940	 -0.836	  4.991	  0.577
[component_container-11] 	 20.700	  Twist	 -0.319	 -0.110	 -0.013	 -0.282
[component_container-11] 	 20.700	ErrPose	 -0.493	  0.186	 -0.010	  0.007
[component_container-11] 	 20.700	ErrTwis	  0.356	  0.915	  0.011	  0.003
[component_container-11] 	 20.700	    GPS	  1.697	 -0.752	  4.986	     --
[component_container-11] 	 20.700	   Baro	     --	     --	  6.070	     --
[component_container-11] 	 20.700	  BBias	     --	     --	  1.069	     --
[component_container-11] 	 20.700	  Sonar	     --	     --	    inf	     --
[component_container-11] 	 20.700	  Magnt	     --	     --	     --	  0.582
[component_container-11] 
[component_container-11] 	 20.740	   Pose	  1.927	 -0.841	  4.989	  0.565
[component_container-11] 	 20.740	  Twist	 -0.319	 -0.114	 -0.015	 -0.273
[component_container-11] 	 20.740	ErrPose	 -0.495	  0.220	 -0.009	  0.007
[component_container-11] 	 20.740	ErrTwis	  0.377	  0.924	  0.013	 -0.006
[component_container-11] 	 20.740	    GPS	  1.697	 -0.752	  4.986	     --
[component_container-11] 	 20.740	   Baro	     --	     --	  6.043	     --
[component_container-11] 	 20.740	  BBias	     --	     --	  1.068	     --
[component_container-11] 	 20.740	  Sonar	     --	     --	    inf	     --
[component_container-11] 	 20.740	  Magnt	     --	     --	     --	  0.561
[component_container-11] 
[component_container-11] 	 20.770	   Pose	  1.918	 -0.844	  4.999	  0.557
[component_container-11] 	 20.770	  Twist	 -0.319	 -0.117	 -0.006	 -0.265
[component_container-11] 	 20.770	ErrPose	 -0.493	  0.238	 -0.019	  0.010
[component_container-11] 	 20.770	ErrTwis	  0.387	  0.929	  0.004	 -0.014
[component_container-11] 	 20.770	    GPS	  1.697	 -0.752	  4.986	     --
[component_container-11] 	 20.770	   Baro	     --	     --	  6.173	     --
[component_container-11] 	 20.770	  BBias	     --	     --	  1.069	     --
[component_container-11] 	 20.770	  Sonar	     --	     --	    inf	     --
[component_container-11] 	 20.770	  Magnt	     --	     --	     --	  0.555
[component_container-11] 
[component_container-11] 	 20.800	   Pose	  1.908	 -0.848	  4.998	  0.548
[component_container-11] 	 20.800	  Twist	 -0.320	 -0.120	 -0.006	 -0.298
[component_container-11] 	 20.800	ErrPose	 -0.497	  0.271	 -0.020	  0.007
[component_container-11] 	 20.800	ErrTwis	  0.408	  0.937	  0.005	  0.019
[component_container-11] 	 20.800	    GPS	  1.697	 -0.752	  4.986	     --
[component_container-11] 	 20.800	   Baro	     --	     --	  6.173	     --
[component_container-11] 	 20.800	  BBias	     --	     --	  1.069	     --
[component_container-11] 	 20.800	  Sonar	     --	     --	    inf	     --
[component_container-11] 	 20.800	  Magnt	     --	     --	     --	  0.555
[component_container-11] 
[component_container-11] 	 20.840	   Pose	  1.895	 -0.853	  4.991	  0.537
[component_container-11] 	 20.840	  Twist	 -0.320	 -0.123	 -0.016	 -0.281
[component_container-11] 	 20.840	ErrPose	 -0.498	  0.307	 -0.013	  0.007
[component_container-11] 	 20.840	ErrTwis	  0.428	  0.945	  0.015	  0.001
[component_container-11] 	 20.840	    GPS	  1.697	 -0.752	  4.986	     --
[component_container-11] 	 20.840	   Baro	     --	     --	  5.983	     --
[component_container-11] 	 20.840	  BBias	     --	     --	  1.069	     --
[component_container-11] 	 20.840	  Sonar	     --	     --	    inf	     --
[component_container-11] 	 20.840	  Magnt	     --	     --	     --	  0.549
[component_container-11] 
[component_container-11] 	 20.870	   Pose	  1.886	 -0.856	  4.979	  0.529
[component_container-11] 	 20.870	  Twist	 -0.321	 -0.126	 -0.028	 -0.288
[component_container-11] 	 20.870	ErrPose	 -0.494	  0.326	 -0.002	  0.010
[component_container-11] 	 20.870	ErrTwis	  0.438	  0.950	  0.028	  0.008
[component_container-11] 	 20.870	    GPS	  1.697	 -0.752	  4.986	     --
[component_container-11] 	 20.870	   Baro	     --	     --	  5.928	     --
[component_container-11] 	 20.870	  BBias	     --	     --	  1.068	     --
[component_container-11] 	 20.870	  Sonar	     --	     --	    inf	     --
[component_container-11] 	 20.870	  Magnt	     --	     --	     --	  0.555
[component_container-11] 
[component_container-11] 	 20.900	   Pose	  1.876	 -0.860	  4.978	  0.520
[component_container-11] 	 20.900	  Twist	 -0.321	 -0.129	 -0.030	 -0.282
[component_container-11] 	 20.900	ErrPose	 -0.496	  0.362	 -0.002	  0.007
[component_container-11] 	 20.900	ErrTwis	  0.457	  0.958	  0.031	  0.002
[component_container-11] 	 20.900	    GPS	  1.697	 -0.752	  4.986	     --
[component_container-11] 	 20.900	   Baro	     --	     --	  5.928	     --
[component_container-11] 	 20.900	  BBias	     --	     --	  1.068	     --
[component_container-11] 	 20.900	  Sonar	     --	     --	    inf	     --
[component_container-11] 	 20.900	  Magnt	     --	     --	     --	  0.555
[component_container-11] 
[component_container-11] 	 20.940	   Pose	  1.863	 -0.865	  4.984	  0.509
[component_container-11] 	 20.940	  Twist	 -0.321	 -0.134	 -0.024	 -0.290
[component_container-11] 	 20.940	ErrPose	 -0.494	  0.399	 -0.008	  0.007
[component_container-11] 	 20.940	ErrTwis	  0.475	  0.968	  0.026	  0.010
[component_container-11] 	 20.940	    GPS	  1.697	 -0.752	  4.986	     --
[component_container-11] 	 20.940	   Baro	     --	     --	  6.122	     --
[component_container-11] 	 20.940	  BBias	     --	     --	  1.068	     --
[component_container-11] 	 20.940	  Sonar	     --	     --	    inf	     --
[component_container-11] 	 20.940	  Magnt	     --	     --	     --	  0.525
[component_container-11] 
[component_container-11] 	 20.970	   Pose	  1.854	 -0.870	  4.981	  0.500
[component_container-11] 	 20.970	  Twist	 -0.322	 -0.137	 -0.026	 -0.261
[component_container-11] 	 20.970	ErrPose	 -0.490	  0.420	 -0.006	  0.011
[component_container-11] 	 20.970	ErrTwis	  0.485	  0.973	  0.029	 -0.019
[component_container-11] 	 20.970	    GPS	  1.697	 -0.752	  4.986	     --
[component_container-11] 	 20.970	   Baro	     --	     --	  6.030	     --
[component_container-11] 	 20.970	  BBias	     --	     --	  1.068	     --
[component_container-11] 	 20.970	  Sonar	     --	     --	    inf	     --
[component_container-11] 	 20.970	  Magnt	     --	     --	     --	  0.477
[component_container-11] 
[component_container-11] [INFO] [1775368645.146795569] [drone.controller]: cmd_vel body=(0.346, 0.938, 0.002) yaw=-0.300 | odom_received=true | plan_points=50
[component_container-11] 	 21.000	   Pose	  1.844	 -0.874	  4.980	  0.491
[component_container-11] 	 21.000	  Twist	 -0.323	 -0.141	 -0.027	 -0.262
[component_container-11] 	 21.000	ErrPose	 -0.490	  0.457	 -0.006	  0.008
[component_container-11] 	 21.000	ErrTwis	  0.503	  0.982	  0.030	 -0.018
[component_container-11] 	 21.000	    GPS	  1.697	 -0.752	  4.986	     --
[component_container-11] 	 21.000	   Baro	     --	     --	  6.030	     --
[component_container-11] 	 21.000	  BBias	     --	     --	  1.068	     --
[component_container-11] 	 21.000	  Sonar	     --	     --	    inf	     --
[component_container-11] 	 21.000	  Magnt	     --	     --	     --	  0.477
[component_container-11] 
[component_container-11] [INFO] [1775368645.147265376] [drone.estimator]: TMP LOG err_xyz=(-0.490, 0.457, -0.006) | z_est=4.980 vz_est=-0.027 bias=1.068 | gps_z=4.986 sonar=inf baro=6.030
[component_container-11] [INFO] [1775368645.150788557] [drone.estimator]: TMP LOG gps innov_xy=(-0.325, 0.438) est_xy=(1.841, -0.875) gps_xy=(1.516, -0.437) corr_xy=(1.516, -0.437) vel_xy=(-0.324, -0.142)
[component_container-11] [INFO] [1775368645.151248189] [drone.estimator]: TMP LOG gps vel pseudo raw=(-0.361, 0.631) filt=(-0.355, 0.595) innov_v=(0.012, 0.679) apply=(1,1)
[component_container-11] 	 21.040	   Pose	  1.734	 -0.649	  4.973	  0.480
[component_container-11] 	 21.040	  Twist	 -0.365	  0.023	 -0.033	 -0.297
[component_container-11] 	 21.040	ErrPose	 -0.388	  0.267	 -0.000	  0.008
[component_container-11] 	 21.040	ErrTwis	  0.561	  0.823	  0.038	  0.018
[component_container-11] 	 21.040	    GPS	  1.516	 -0.437	  4.973	     --
[component_container-11] 	 21.040	   Baro	     --	     --	  5.985	     --
[component_container-11] 	 21.040	  BBias	     --	     --	  1.068	     --
[component_container-11] 	 21.040	  Sonar	     --	     --	    inf	     --
[component_container-11] 	 21.040	  Magnt	     --	     --	     --	  0.489
[component_container-11] 
[component_container-11] 	 21.070	   Pose	  1.723	 -0.649	  4.981	  0.471
[component_container-11] 	 21.070	  Twist	 -0.365	  0.020	 -0.024	 -0.282
[component_container-11] 	 21.070	ErrPose	 -0.382	  0.284	 -0.009	  0.011
[component_container-11] 	 21.070	ErrTwis	  0.570	  0.829	  0.029	  0.002
[component_container-11] 	 21.070	    GPS	  1.516	 -0.437	  4.973	     --
[component_container-11] 	 21.070	   Baro	     --	     --	  6.163	     --
[component_container-11] 	 21.070	  BBias	     --	     --	  1.069	     --
[component_container-11] 	 21.070	  Sonar	     --	     --	    inf	     --
[component_container-11] 	 21.070	  Magnt	     --	     --	     --	  0.455
[component_container-11] 
[component_container-11] 	 21.100	   Pose	  1.712	 -0.648	  4.981	  0.463
[component_container-11] 	 21.100	  Twist	 -0.366	  0.017	 -0.024	 -0.285
[component_container-11] 	 21.100	ErrPose	 -0.378	  0.318	 -0.009	  0.008
[component_container-11] 	 21.100	ErrTwis	  0.586	  0.837	  0.030	  0.005
[component_container-11] 	 21.100	    GPS	  1.516	 -0.437	  4.973	     --
[component_container-11] 	 21.100	   Baro	     --	     --	  6.163	     --
[component_container-11] 	 21.100	  BBias	     --	     --	  1.069	     --
[component_container-11] 	 21.100	  Sonar	     --	     --	    inf	     --
[component_container-11] 	 21.100	  Magnt	     --	     --	     --	  0.455
[component_container-11] 
[component_container-11] 	 21.140	   Pose	  1.697	 -0.648	  4.975	  0.452
[component_container-11] 	 21.140	  Twist	 -0.368	  0.013	 -0.029	 -0.270
[component_container-11] 	 21.140	ErrPose	 -0.370	  0.352	 -0.005	  0.008
[component_container-11] 	 21.140	ErrTwis	  0.603	  0.845	  0.035	 -0.009
[component_container-11] 	 21.140	    GPS	  1.516	 -0.437	  4.973	     --
[component_container-11] 	 21.140	   Baro	     --	     --	  5.995	     --
[component_container-11] 	 21.140	  BBias	     --	     --	  1.069	     --
[component_container-11] 	 21.140	  Sonar	     --	     --	    inf	     --
[component_container-11] 	 21.140	  Magnt	     --	     --	     --	  0.488
[component_container-11] 
[component_container-11] 	 21.170	   Pose	  1.686	 -0.647	  4.965	  0.444
[component_container-11] 	 21.170	  Twist	 -0.370	  0.010	 -0.040	 -0.294
[component_container-11] 	 21.170	ErrPose	 -0.362	  0.370	  0.005	  0.011
[component_container-11] 	 21.170	ErrTwis	  0.612	  0.851	  0.046	  0.015
[component_container-11] 	 21.170	    GPS	  1.516	 -0.437	  4.973	     --
[component_container-11] 	 21.170	   Baro	     --	     --	  5.923	     --
[component_container-11] 	 21.170	  BBias	     --	     --	  1.068	     --
[component_container-11] 	 21.170	  Sonar	     --	     --	    inf	     --
[component_container-11] 	 21.170	  Magnt	     --	     --	     --	  0.436
[component_container-11] 
[component_container-11] 	 21.200	   Pose	  1.675	 -0.647	  4.963	  0.435
[component_container-11] 	 21.200	  Twist	 -0.371	  0.007	 -0.041	 -0.284
[component_container-11] 	 21.200	ErrPose	 -0.356	  0.405	  0.006	  0.008
[component_container-11] 	 21.200	ErrTwis	  0.626	  0.859	  0.048	  0.004
[component_container-11] 	 21.200	    GPS	  1.516	 -0.437	  4.973	     --
[component_container-11] 	 21.200	   Baro	     --	     --	  5.923	     --
[component_container-11] 	 21.200	  BBias	     --	     --	  1.068	     --
[component_container-11] 	 21.200	  Sonar	     --	     --	    inf	     --
[component_container-11] 	 21.200	  Magnt	     --	     --	     --	  0.436
[component_container-11] 
[component_container-11] 	 21.240	   Pose	  1.660	 -0.647	  4.964	  0.424
[component_container-11] 	 21.240	  Twist	 -0.372	  0.003	 -0.038	 -0.276
[component_container-11] 	 21.240	ErrPose	 -0.346	  0.442	  0.004	  0.008
[component_container-11] 	 21.240	ErrTwis	  0.641	  0.866	  0.046	 -0.004
[component_container-11] 	 21.240	    GPS	  1.516	 -0.437	  4.973	     --
[component_container-11] 	 21.240	   Baro	     --	     --	  6.063	     --
[component_container-11] 	 21.240	  BBias	     --	     --	  1.068	     --
[component_container-11] 	 21.240	  Sonar	     --	     --	    inf	     --
[component_container-11] 	 21.240	  Magnt	     --	     --	     --	  0.422
[component_container-11] 
[component_container-11] 	 21.270	   Pose	  1.649	 -0.647	  4.958	  0.416
[component_container-11] 	 21.270	  Twist	 -0.373	 -0.000	 -0.044	 -0.271
[component_container-11] 	 21.270	ErrPose	 -0.337	  0.460	  0.010	  0.011
[component_container-11] 	 21.270	ErrTwis	  0.649	  0.872	  0.051	 -0.009
[component_container-11] 	 21.270	    GPS	  1.516	 -0.437	  4.973	     --
[component_container-11] 	 21.270	   Baro	     --	     --	  5.967	     --
[component_container-11] 	 21.270	  BBias	     --	     --	  1.068	     --
[component_container-11] 	 21.270	  Sonar	     --	     --	    inf	     --
[component_container-11] 	 21.270	  Magnt	     --	     --	     --	  0.436
[component_container-11] 
[component_container-11] 	 21.300	   Pose	  1.638	 -0.647	  4.956	  0.407
[component_container-11] 	 21.300	  Twist	 -0.375	 -0.003	 -0.043	 -0.278
[component_container-11] 	 21.300	ErrPose	 -0.329	  0.497	  0.010	  0.008
[component_container-11] 	 21.300	ErrTwis	  0.662	  0.879	  0.051	 -0.002
[component_container-11] 	 21.300	    GPS	  1.516	 -0.437	  4.973	     --
[component_container-11] 	 21.300	   Baro	     --	     --	  5.967	     --
[component_container-11] 	 21.300	  BBias	     --	     --	  1.068	     --
[component_container-11] 	 21.300	  Sonar	     --	     --	    inf	     --
[component_container-11] 	 21.300	  Magnt	     --	     --	     --	  0.436
[component_container-11] 
[component_container-11] 	 21.340	   Pose	  1.623	 -0.647	  4.958	  0.396
[component_container-11] 	 21.340	  Twist	 -0.376	 -0.008	 -0.040	 -0.279
[component_container-11] 	 21.340	ErrPose	 -0.317	  0.534	  0.008	  0.009
[component_container-11] 	 21.340	ErrTwis	  0.674	  0.888	  0.050	 -0.000
[component_container-11] 	 21.340	    GPS	  1.516	 -0.437	  4.973	     --
[component_container-11] 	 21.340	   Baro	     --	     --	  6.065	     --
[component_container-11] 	 21.340	  BBias	     --	     --	  1.068	     --
[component_container-11] 	 21.340	  Sonar	     --	     --	    inf	     --
[component_container-11] 	 21.340	  Magnt	     --	     --	     --	  0.380
[component_container-11] 
[component_container-11] 	 21.370	   Pose	  1.612	 -0.647	  4.947	  0.388
[component_container-11] 	 21.370	  Twist	 -0.377	 -0.013	 -0.051	 -0.287
[component_container-11] 	 21.370	ErrPose	 -0.307	  0.553	  0.019	  0.011
[component_container-11] 	 21.370	ErrTwis	  0.681	  0.894	  0.061	  0.008
[component_container-11] 	 21.370	    GPS	  1.516	 -0.437	  4.973	     --
[component_container-11] 	 21.370	   Baro	     --	     --	  5.910	     --
[component_container-11] 	 21.370	  BBias	     --	     --	  1.068	     --
[component_container-11] 	 21.370	  Sonar	     --	     --	    inf	     --
[component_container-11] 	 21.370	  Magnt	     --	     --	     --	  0.437
[component_container-11] 
[component_container-11] 	 21.400	   Pose	  1.600	 -0.648	  4.945	  0.380
[component_container-11] 	 21.400	  Twist	 -0.377	 -0.016	 -0.051	 -0.283
[component_container-11] 	 21.400	ErrPose	 -0.297	  0.591	  0.020	  0.008
[component_container-11] 	 21.400	ErrTwis	  0.692	  0.901	  0.061	  0.003
[component_container-11] 	 21.400	    GPS	  1.516	 -0.437	  4.973	     --
[component_container-11] 	 21.400	   Baro	     --	     --	  5.910	     --
[component_container-11] 	 21.400	  BBias	     --	     --	  1.068	     --
[component_container-11] 	 21.400	  Sonar	     --	     --	    inf	     --
[component_container-11] 	 21.400	  Magnt	     --	     --	     --	  0.437
[component_container-11] 
[component_container-11] 	 21.440	   Pose	  1.585	 -0.648	  4.950	  0.369
[component_container-11] 	 21.440	  Twist	 -0.380	 -0.020	 -0.044	 -0.278
[component_container-11] 	 21.440	ErrPose	 -0.283	  0.630	  0.014	  0.007
[component_container-11] 	 21.440	ErrTwis	  0.704	  0.909	  0.055	 -0.001
[component_container-11] 	 21.440	    GPS	  1.516	 -0.437	  4.973	     --
[component_container-11] 	 21.440	   Baro	     --	     --	  6.092	     --
[component_container-11] 	 21.440	  BBias	     --	     --	  1.068	     --
[component_container-11] 	 21.440	  Sonar	     --	     --	    inf	     --
[component_container-11] 	 21.440	  Magnt	     --	     --	     --	  0.423
[component_container-11] 
[component_container-11] 	 21.470	   Pose	  1.574	 -0.649	  4.950	  0.361
[component_container-11] 	 21.470	  Twist	 -0.381	 -0.024	 -0.043	 -0.297
[component_container-11] 	 21.470	ErrPose	 -0.272	  0.650	  0.014	  0.010
[component_container-11] 	 21.470	ErrTwis	  0.709	  0.915	  0.054	  0.018
[component_container-11] 	 21.470	    GPS	  1.516	 -0.437	  4.973	     --
[component_container-11] 	 21.470	   Baro	     --	     --	  6.030	     --
[component_container-11] 	 21.470	  BBias	     --	     --	  1.068	     --
[component_container-11] 	 21.470	  Sonar	     --	     --	    inf	     --
[component_container-11] 	 21.470	  Magnt	     --	     --	     --	  0.379
[component_container-11] 
[component_container-11] 	 21.500	   Pose	  1.562	 -0.650	  4.949	  0.352
[component_container-11] 	 21.500	  Twist	 -0.382	 -0.027	 -0.043	 -0.291
[component_container-11] 	 21.500	ErrPose	 -0.261	  0.689	  0.015	  0.007
[component_container-11] 	 21.500	ErrTwis	  0.718	  0.921	  0.056	  0.012
[component_container-11] 	 21.500	    GPS	  1.516	 -0.437	  4.973	     --
[component_container-11] 	 21.500	   Baro	     --	     --	  6.030	     --
[component_container-11] 	 21.500	  BBias	     --	     --	  1.068	     --
[component_container-11] 	 21.500	  Sonar	     --	     --	    inf	     --
[component_container-11] 	 21.500	  Magnt	     --	     --	     --	  0.379
[component_container-11] 
[component_container-11] 	 21.540	   Pose	  1.510	 -0.209	  4.959	  0.340
[component_container-11] 	 21.540	  Twist	 -0.388	  0.279	 -0.032	 -0.290
[component_container-11] 	 21.540	ErrPose	 -0.208	  0.287	  0.004	  0.008
[component_container-11] 	 21.540	ErrTwis	  0.732	  0.618	  0.045	  0.011
[component_container-11] 	 21.540	    GPS	  1.382	  0.244	  4.963	     --
[component_container-11] 	 21.540	   Baro	     --	     --	  6.139	     --
[component_container-11] 	 21.540	  BBias	     --	     --	  1.068	     --
[component_container-11] 	 21.540	  Sonar	     --	     --	    inf	     --
[component_container-11] 	 21.540	  Magnt	     --	     --	     --	  0.334
[component_container-11] 
[component_container-11] 	 21.570	   Pose	  1.499	 -0.201	  4.969	  0.331
[component_container-11] 	 21.570	  Twist	 -0.390	  0.276	 -0.022	 -0.272
[component_container-11] 	 21.570	ErrPose	 -0.196	  0.298	 -0.006	  0.012
[component_container-11] 	 21.570	ErrTwis	  0.738	  0.623	  0.035	 -0.008
[component_container-11] 	 21.570	    GPS	  1.382	  0.244	  4.963	     --
[component_container-11] 	 21.570	   Baro	     --	     --	  6.164	     --
[component_container-11] 	 21.570	  BBias	     --	     --	  1.069	     --
[component_container-11] 	 21.570	  Sonar	     --	     --	    inf	     --
[component_container-11] 	 21.570	  Magnt	     --	     --	     --	  0.306
[component_container-11] 
[component_container-11] 	 21.600	   Pose	  1.487	 -0.192	  4.968	  0.323
[component_container-11] 	 21.600	  Twist	 -0.392	  0.273	 -0.022	 -0.291
[component_container-11] 	 21.600	ErrPose	 -0.183	  0.328	 -0.006	  0.009
[component_container-11] 	 21.600	ErrTwis	  0.745	  0.629	  0.035	  0.012
[component_container-11] 	 21.600	    GPS	  1.382	  0.244	  4.963	     --
[component_container-11] 	 21.600	   Baro	     --	     --	  6.164	     --
[component_container-11] 	 21.600	  BBias	     --	     --	  1.069	     --
[component_container-11] 	 21.600	  Sonar	     --	     --	    inf	     --
[component_container-11] 	 21.600	  Magnt	     --	     --	     --	  0.306
[component_container-11] 
[component_container-11] 	 21.640	   Pose	  1.471	 -0.181	  4.973	  0.312
[component_container-11] 	 21.640	  Twist	 -0.393	  0.269	 -0.018	 -0.293
[component_container-11] 	 21.640	ErrPose	 -0.165	  0.357	 -0.011	  0.009
[component_container-11] 	 21.640	ErrTwis	  0.752	  0.637	  0.032	  0.014
[component_container-11] 	 21.640	    GPS	  1.382	  0.244	  4.963	     --
[component_container-11] 	 21.640	   Baro	     --	     --	  6.104	     --
[component_container-11] 	 21.640	  BBias	     --	     --	  1.069	     --
[component_container-11] 	 21.640	  Sonar	     --	     --	    inf	     --
[component_container-11] 	 21.640	  Magnt	     --	     --	     --	  0.321
[component_container-11] 
[component_container-11] 	 21.670	   Pose	  1.459	 -0.173	  4.980	  0.302
[component_container-11] 	 21.670	  Twist	 -0.395	  0.266	 -0.010	 -0.290
[component_container-11] 	 21.670	ErrPose	 -0.152	  0.368	 -0.018	  0.013
[component_container-11] 	 21.670	ErrTwis	  0.756	  0.642	  0.025	  0.011
[component_container-11] 	 21.670	    GPS	  1.382	  0.244	  4.963	     --
[component_container-11] 	 21.670	   Baro	     --	     --	  6.136	     --
[component_container-11] 	 21.670	  BBias	     --	     --	  1.069	     --
[component_container-11] 	 21.670	  Sonar	     --	     --	    inf	     --
[component_container-11] 	 21.670	  Magnt	     --	     --	     --	  0.285
[component_container-11] 
[component_container-11] 	 21.700	   Pose	  1.448	 -0.166	  4.980	  0.294
[component_container-11] 	 21.700	  Twist	 -0.397	  0.261	 -0.010	 -0.282
[component_container-11] 	 21.700	ErrPose	 -0.137	  0.400	 -0.018	  0.010
[component_container-11] 	 21.700	ErrTwis	  0.762	  0.649	  0.024	  0.003
[component_container-11] 	 21.700	    GPS	  1.382	  0.244	  4.963	     --
[component_container-11] 	 21.700	   Baro	     --	     --	  6.136	     --
[component_container-11] 	 21.700	  BBias	     --	     --	  1.069	     --
[component_container-11] 	 21.700	  Sonar	     --	     --	    inf	     --
[component_container-11] 	 21.700	  Magnt	     --	     --	     --	  0.285
[component_container-11] 
[component_container-11] 	 21.740	   Pose	  1.432	 -0.155	  4.974	  0.283
[component_container-11] 	 21.740	  Twist	 -0.400	  0.257	 -0.017	 -0.298
[component_container-11] 	 21.740	ErrPose	 -0.117	  0.428	 -0.013	  0.010
[component_container-11] 	 21.740	ErrTwis	  0.768	  0.656	  0.031	  0.019
[component_container-11] 	 21.740	    GPS	  1.382	  0.244	  4.963	     --
[component_container-11] 	 21.740	   Baro	     --	     --	  5.985	     --
[component_container-11] 	 21.740	  BBias	     --	     --	  1.069	     --
[component_container-11] 	 21.740	  Sonar	     --	     --	    inf	     --
[component_container-11] 	 21.740	  Magnt	     --	     --	     --	  0.297
[component_container-11] 
[component_container-11] 	 21.770	   Pose	  1.420	 -0.148	  4.977	  0.275
[component_container-11] 	 21.770	  Twist	 -0.402	  0.253	 -0.014	 -0.280
[component_container-11] 	 21.770	ErrPose	 -0.103	  0.441	 -0.016	  0.012
[component_container-11] 	 21.770	ErrTwis	  0.771	  0.661	  0.028	  0.000
[component_container-11] 	 21.770	    GPS	  1.382	  0.244	  4.963	     --
[component_container-11] 	 21.770	   Baro	     --	     --	  6.090	     --
[component_container-11] 	 21.770	  BBias	     --	     --	  1.069	     --
[component_container-11] 	 21.770	  Sonar	     --	     --	    inf	     --
[component_container-11] 	 21.770	  Magnt	     --	     --	     --	  0.311
[component_container-11] 
[component_container-11] 	 21.800	   Pose	  1.407	 -0.140	  4.977	  0.267
[component_container-11] 	 21.800	  Twist	 -0.404	  0.250	 -0.015	 -0.288
[component_container-11] 	 21.800	ErrPose	 -0.087	  0.472	 -0.016	  0.009
[component_container-11] 	 21.800	ErrTwis	  0.775	  0.667	  0.029	  0.009
[component_container-11] 	 21.800	    GPS	  1.382	  0.244	  4.963	     --
[component_container-11] 	 21.800	   Baro	     --	     --	  6.090	     --
[component_container-11] 	 21.800	  BBias	     --	     --	  1.069	     --
[component_container-11] 	 21.800	  Sonar	     --	     --	    inf	     --
[component_container-11] 	 21.800	  Magnt	     --	     --	     --	  0.311
[component_container-11] 
[component_container-11] 	 21.840	   Pose	  1.391	 -0.130	  4.965	  0.257
[component_container-11] 	 21.840	  Twist	 -0.407	  0.246	 -0.027	 -0.272
[component_container-11] 	 21.840	ErrPose	 -0.066	  0.502	 -0.004	  0.008
[component_container-11] 	 21.840	ErrTwis	  0.780	  0.674	  0.041	 -0.007
[component_container-11] 	 21.840	    GPS	  1.382	  0.244	  4.963	     --
[component_container-11] 	 21.840	   Baro	     --	     --	  5.914	     --
[component_container-11] 	 21.840	  BBias	     --	     --	  1.069	     --
[component_container-11] 	 21.840	  Sonar	     --	     --	    inf	     --
[component_container-11] 	 21.840	  Magnt	     --	     --	     --	  0.316
[component_container-11] 
[component_container-11] 	 21.870	   Pose	  1.379	 -0.123	  4.958	  0.250
[component_container-11] 	 21.870	  Twist	 -0.409	  0.242	 -0.033	 -0.279
[component_container-11] 	 21.870	ErrPose	 -0.052	  0.514	  0.002	  0.009
[component_container-11] 	 21.870	ErrTwis	  0.783	  0.679	  0.046	  0.000
[component_container-11] 	 21.870	    GPS	  1.382	  0.244	  4.963	     --
[component_container-11] 	 21.870	   Baro	     --	     --	  5.971	     --
[component_container-11] 	 21.870	  BBias	     --	     --	  1.069	     --
[component_container-11] 	 21.870	  Sonar	     --	     --	    inf	     --
[component_container-11] 	 21.870	  Magnt	     --	     --	     --	  0.315
[component_container-11] 
[component_container-11] 	 21.900	   Pose	  1.367	 -0.116	  4.957	  0.241
[component_container-11] 	 21.900	  Twist	 -0.412	  0.239	 -0.033	 -0.265
[component_container-11] 	 21.900	ErrPose	 -0.034	  0.547	  0.003	  0.007
[component_container-11] 	 21.900	ErrTwis	  0.785	  0.685	  0.047	 -0.014
[component_container-11] 	 21.900	    GPS	  1.382	  0.244	  4.963	     --
[component_container-11] 	 21.900	   Baro	     --	     --	  5.971	     --
[component_container-11] 	 21.900	  BBias	     --	     --	  1.069	     --
[component_container-11] 	 21.900	  Sonar	     --	     --	    inf	     --
[component_container-11] 	 21.900	  Magnt	     --	     --	     --	  0.315
[component_container-11] 
[component_container-11] 	 21.940	   Pose	  1.350	 -0.106	  4.965	  0.230
[component_container-11] 	 21.940	  Twist	 -0.415	  0.235	 -0.024	 -0.278
[component_container-11] 	 21.940	ErrPose	 -0.012	  0.577	 -0.005	  0.007
[component_container-11] 	 21.940	ErrTwis	  0.787	  0.691	  0.039	 -0.001
[component_container-11] 	 21.940	    GPS	  1.382	  0.244	  4.963	     --
[component_container-11] 	 21.940	   Baro	     --	     --	  6.124	     --
[component_container-11] 	 21.940	  BBias	     --	     --	  1.069	     --
[component_container-11] 	 21.940	  Sonar	     --	     --	    inf	     --
[component_container-11] 	 21.940	  Magnt	     --	     --	     --	  0.227
[component_container-11] 
[component_container-11] 	 21.970	   Pose	  1.338	 -0.099	  4.962	  0.221
[component_container-11] 	 21.970	  Twist	 -0.416	  0.232	 -0.026	 -0.292
[component_container-11] 	 21.970	ErrPose	  0.003	  0.590	 -0.002	  0.011
[component_container-11] 	 21.970	ErrTwis	  0.788	  0.695	  0.042	  0.013
[component_container-11] 	 21.970	    GPS	  1.382	  0.244	  4.963	     --
[component_container-11] 	 21.970	   Baro	     --	     --	  6.004	     --
[component_container-11] 	 21.970	  BBias	     --	     --	  1.069	     --
[component_container-11] 	 21.970	  Sonar	     --	     --	    inf	     --
[component_container-11] 	 21.970	  Magnt	     --	     --	     --	  0.200
[component_container-11] 
[component_container-11] [INFO] [1775368646.154785328] [drone.controller]: cmd_vel body=(0.164, 0.986, 0.008) yaw=-0.300 | odom_received=true | plan_points=42
[component_container-11] 	 22.000	   Pose	  1.325	 -0.092	  4.961	  0.212
[component_container-11] 	 22.000	  Twist	 -0.419	  0.229	 -0.026	 -0.270
[component_container-11] 	 22.000	ErrPose	  0.022	  0.622	 -0.001	  0.008
[component_container-11] 	 22.000	ErrTwis	  0.789	  0.700	  0.041	 -0.009
[component_container-11] 	 22.000	    GPS	  1.382	  0.244	  4.963	     --
[component_container-11] 	 22.000	   Baro	     --	     --	  6.004	     --
[component_container-11] 	 22.000	  BBias	     --	     --	  1.069	     --
[component_container-11] 	 22.000	  Sonar	     --	     --	    inf	     --
[component_container-11] 	 22.000	  Magnt	     --	     --	     --	  0.200
[component_container-11] 
[component_container-11] [INFO] [1775368646.155186258] [drone.estimator]: TMP LOG err_xyz=(0.022, 0.622, -0.001) | z_est=4.961 vz_est=-0.026 bias=1.069 | gps_z=4.963 sonar=inf baro=6.004
[component_container-11] [INFO] [1775368646.158262971] [drone.estimator]: TMP LOG gps innov_xy=(0.275, 0.648) est_xy=(1.321, -0.090) gps_xy=(1.596, 0.558) corr_xy=(1.596, 0.558) vel_xy=(-0.420, 0.227)
[component_container-11] [INFO] [1775368646.158707364] [drone.estimator]: TMP LOG gps vel pseudo raw=(0.430, 0.628) filt=(0.359, 0.694) innov_v=(0.742, 0.381) apply=(1,1)
[component_container-11] 	 22.040	   Pose	  1.498	  0.169	  4.956	  0.201
[component_container-11] 	 22.040	  Twist	 -0.265	  0.372	 -0.029	 -0.287
[component_container-11] 	 22.040	ErrPose	 -0.145	  0.401	  0.004	  0.008
[component_container-11] 	 22.040	ErrTwis	  0.631	  0.559	  0.046	  0.008
[component_container-11] 	 22.040	    GPS	  1.596	  0.558	  4.960	     --
[component_container-11] 	 22.040	   Baro	     --	     --	  5.987	     --
[component_container-11] 	 22.040	  BBias	     --	     --	  1.069	     --
[component_container-11] 	 22.040	  Sonar	     --	     --	    inf	     --
[component_container-11] 	 22.040	  Magnt	     --	     --	     --	  0.197
[component_container-11] 
[component_container-11] 	 22.070	   Pose	  1.490	  0.180	  4.950	  0.191
[component_container-11] 	 22.070	  Twist	 -0.267	  0.368	 -0.036	 -0.286
[component_container-11] 	 22.070	ErrPose	 -0.134	  0.410	  0.011	  0.012
[component_container-11] 	 22.070	ErrTwis	  0.632	  0.563	  0.054	  0.007
[component_container-11] 	 22.070	    GPS	  1.596	  0.558	  4.960	     --
[component_container-11] 	 22.070	   Baro	     --	     --	  5.949	     --
[component_container-11] 	 22.070	  BBias	     --	     --	  1.068	     --
[component_container-11] 	 22.070	  Sonar	     --	     --	    inf	     --
[component_container-11] 	 22.070	  Magnt	     --	     --	     --	  0.167
[component_container-11] 
[component_container-11] 	 22.100	   Pose	  1.482	  0.191	  4.949	  0.183
[component_container-11] 	 22.100	  Twist	 -0.268	  0.365	 -0.037	 -0.292
[component_container-11] 	 22.100	ErrPose	 -0.119	  0.438	  0.012	  0.010
[component_container-11] 	 22.100	ErrTwis	  0.629	  0.568	  0.056	  0.013
[component_container-11] 	 22.100	    GPS	  1.596	  0.558	  4.960	     --
[component_container-11] 	 22.100	   Baro	     --	     --	  5.949	     --
[component_container-11] 	 22.100	  BBias	     --	     --	  1.068	     --
[component_container-11] 	 22.100	  Sonar	     --	     --	    inf	     --
[component_container-11] 	 22.100	  Magnt	     --	     --	     --	  0.167
[component_container-11] 
[component_container-11] 	 22.140	   Pose	  1.471	  0.205	  4.945	  0.172
[component_container-11] 	 22.140	  Twist	 -0.271	  0.361	 -0.039	 -0.283
[component_container-11] 	 22.140	ErrPose	 -0.101	  0.463	  0.015	  0.009
[component_container-11] 	 22.140	ErrTwis	  0.628	  0.573	  0.057	  0.003
[component_container-11] 	 22.140	    GPS	  1.596	  0.558	  4.960	     --
[component_container-11] 	 22.140	   Baro	     --	     --	  5.996	     --
[component_container-11] 	 22.140	  BBias	     --	     --	  1.068	     --
[component_container-11] 	 22.140	  Sonar	     --	     --	    inf	     --
[component_container-11] 	 22.140	  Magnt	     --	     --	     --	  0.201
[component_container-11] 
[component_container-11] 	 22.170	   Pose	  1.463	  0.216	  4.949	  0.163
[component_container-11] 	 22.170	  Twist	 -0.274	  0.358	 -0.034	 -0.284
[component_container-11] 	 22.170	ErrPose	 -0.089	  0.472	  0.012	  0.012
[component_container-11] 	 22.170	ErrTwis	  0.628	  0.577	  0.052	  0.005
[component_container-11] 	 22.170	    GPS	  1.596	  0.558	  4.960	     --
[component_container-11] 	 22.170	   Baro	     --	     --	  6.068	     --
[component_container-11] 	 22.170	  BBias	     --	     --	  1.069	     --
[component_container-11] 	 22.170	  Sonar	     --	     --	    inf	     --
[component_container-11] 	 22.170	  Magnt	     --	     --	     --	  0.162
[component_container-11] 
[component_container-11] 	 22.200	   Pose	  1.455	  0.227	  4.948	  0.155
[component_container-11] 	 22.200	  Twist	 -0.276	  0.355	 -0.033	 -0.293
[component_container-11] 	 22.200	ErrPose	 -0.074	  0.500	  0.014	  0.010
[component_container-11] 	 22.200	ErrTwis	  0.624	  0.581	  0.053	  0.014
[component_container-11] 	 22.200	    GPS	  1.596	  0.558	  4.960	     --
[component_container-11] 	 22.200	   Baro	     --	     --	  6.068	     --
[component_container-11] 	 22.200	  BBias	     --	     --	  1.069	     --
[component_container-11] 	 22.200	  Sonar	     --	     --	    inf	     --
[component_container-11] 	 22.200	  Magnt	     --	     --	     --	  0.162
[component_container-11] 
[component_container-11] 	 22.240	   Pose	  1.444	  0.241	  4.937	  0.143
[component_container-11] 	 22.240	  Twist	 -0.278	  0.351	 -0.044	 -0.276
[component_container-11] 	 22.240	ErrPose	 -0.055	  0.526	  0.025	  0.010
[component_container-11] 	 22.240	ErrTwis	  0.620	  0.586	  0.064	 -0.003
[component_container-11] 	 22.240	    GPS	  1.596	  0.558	  4.960	     --
[component_container-11] 	 22.240	   Baro	     --	     --	  5.902	     --
[component_container-11] 	 22.240	  BBias	     --	     --	  1.068	     --
[component_container-11] 	 22.240	  Sonar	     --	     --	    inf	     --
[component_container-11] 	 22.240	  Magnt	     --	     --	     --	  0.143
[component_container-11] 
[component_container-11] 	 22.270	   Pose	  1.436	  0.251	  4.941	  0.135
[component_container-11] 	 22.270	  Twist	 -0.280	  0.348	 -0.038	 -0.286
[component_container-11] 	 22.270	ErrPose	 -0.043	  0.535	  0.021	  0.013
[component_container-11] 	 22.270	ErrTwis	  0.618	  0.590	  0.059	  0.007
[component_container-11] 	 22.270	    GPS	  1.596	  0.558	  4.960	     --
[component_container-11] 	 22.270	   Baro	     --	     --	  6.075	     --
[component_container-11] 	 22.270	  BBias	     --	     --	  1.068	     --
[component_container-11] 	 22.270	  Sonar	     --	     --	    inf	     --
[component_container-11] 	 22.270	  Magnt	     --	     --	     --	  0.133
[component_container-11] 
[component_container-11] 	 22.300	   Pose	  1.427	  0.262	  4.940	  0.126
[component_container-11] 	 22.300	  Twist	 -0.282	  0.344	 -0.039	 -0.280
[component_container-11] 	 22.300	ErrPose	 -0.027	  0.563	  0.022	  0.010
[component_container-11] 	 22.300	ErrTwis	  0.613	  0.594	  0.060	  0.001
[component_container-11] 	 22.300	    GPS	  1.596	  0.558	  4.960	     --
[component_container-11] 	 22.300	   Baro	     --	     --	  6.075	     --
[component_container-11] 	 22.300	  BBias	     --	     --	  1.068	     --
[component_container-11] 	 22.300	  Sonar	     --	     --	    inf	     --
[component_container-11] 	 22.300	  Magnt	     --	     --	     --	  0.133
[component_container-11] 
[component_container-11] 	 22.340	   Pose	  1.416	  0.275	  4.951	  0.116
[component_container-11] 	 22.340	  Twist	 -0.285	  0.341	 -0.026	 -0.263
[component_container-11] 	 22.340	ErrPose	 -0.008	  0.588	  0.012	  0.010
[component_container-11] 	 22.340	ErrTwis	  0.606	  0.599	  0.048	 -0.016
[component_container-11] 	 22.340	    GPS	  1.596	  0.558	  4.960	     --
[component_container-11] 	 22.340	   Baro	     --	     --	  6.148	     --
[component_container-11] 	 22.340	  BBias	     --	     --	  1.069	     --
[component_container-11] 	 22.340	  Sonar	     --	     --	    inf	     --
[component_container-11] 	 22.340	  Magnt	     --	     --	     --	  0.145
[component_container-11] 
[component_container-11] 	 22.370	   Pose	  1.407	  0.286	  4.949	  0.108
[component_container-11] 	 22.370	  Twist	 -0.286	  0.337	 -0.028	 -0.279
[component_container-11] 	 22.370	ErrPose	  0.004	  0.598	  0.014	  0.012
[component_container-11] 	 22.370	ErrTwis	  0.603	  0.602	  0.051	 -0.000
[component_container-11] 	 22.370	    GPS	  1.596	  0.558	  4.960	     --
[component_container-11] 	 22.370	   Baro	     --	     --	  6.008	     --
[component_container-11] 	 22.370	  BBias	     --	     --	  1.069	     --
[component_container-11] 	 22.370	  Sonar	     --	     --	    inf	     --
[component_container-11] 	 22.370	  Magnt	     --	     --	     --	  0.151
[component_container-11] 
[component_container-11] 	 22.400	   Pose	  1.399	  0.296	  4.948	  0.099
[component_container-11] 	 22.400	  Twist	 -0.288	  0.334	 -0.028	 -0.288
[component_container-11] 	 22.400	ErrPose	  0.021	  0.626	  0.016	  0.010
[component_container-11] 	 22.400	ErrTwis	  0.595	  0.606	  0.053	  0.009
[component_container-11] 	 22.400	    GPS	  1.596	  0.558	  4.960	     --
[component_container-11] 	 22.400	   Baro	     --	     --	  6.008	     --
[component_container-11] 	 22.400	  BBias	     --	     --	  1.069	     --
[component_container-11] 	 22.400	  Sonar	     --	     --	    inf	     --
[component_container-11] 	 22.400	  Magnt	     --	     --	     --	  0.151
[component_container-11] 
[component_container-11] [INFO] [1775368646.563375515] [drone.estimator]: TMP LOG sonar rejected: meas=2.478 est_z=4.945 innov=-2.466
[component_container-11] 	 22.440	   Pose	  1.387	  0.309	  4.944	  0.086
[component_container-11] 	 22.440	  Twist	 -0.292	  0.330	 -0.034	 -0.289
[component_container-11] 	 22.440	ErrPose	  0.040	  0.652	  0.021	  0.011
[component_container-11] 	 22.440	ErrTwis	  0.589	  0.611	  0.059	  0.010
[component_container-11] 	 22.440	    GPS	  1.596	  0.558	  4.960	     --
[component_container-11] 	 22.440	   Baro	     --	     --	  5.976	     --
[component_container-11] 	 22.440	  BBias	     --	     --	  1.069	     --
[component_container-11] 	 22.440	  Sonar	     --	     --	  2.478	     --
[component_container-11] 	 22.440	  Magnt	     --	     --	     --	  0.043
[component_container-11] 
[component_container-11] 	 22.470	   Pose	  1.378	  0.319	  4.936	  0.078
[component_container-11] 	 22.470	  Twist	 -0.294	  0.327	 -0.042	 -0.289
[component_container-11] 	 22.470	ErrPose	  0.052	  0.661	  0.030	  0.014
[component_container-11] 	 22.470	ErrTwis	  0.586	  0.614	  0.067	  0.010
[component_container-11] 	 22.470	    GPS	  1.596	  0.558	  4.960	     --
[component_container-11] 	 22.470	   Baro	     --	     --	  5.935	     --
[component_container-11] 	 22.470	  BBias	     --	     --	  1.069	     --
[component_container-11] 	 22.470	  Sonar	     --	     --	  2.469	     --
[component_container-11] 	 22.470	  Magnt	     --	     --	     --	  0.064
[component_container-11] 
[component_container-11] 	 22.500	   Pose	  1.369	  0.329	  4.934	  0.069
[component_container-11] 	 22.500	  Twist	 -0.296	  0.323	 -0.043	 -0.280
[component_container-11] 	 22.500	ErrPose	  0.069	  0.690	  0.032	  0.012
[component_container-11] 	 22.500	ErrTwis	  0.576	  0.617	  0.069	  0.001
[component_container-11] 	 22.500	    GPS	  1.596	  0.558	  4.960	     --
[component_container-11] 	 22.500	   Baro	     --	     --	  5.935	     --
[component_container-11] 	 22.500	  BBias	     --	     --	  1.069	     --
[component_container-11] 	 22.500	  Sonar	     --	     --	  2.469	     --
[component_container-11] 	 22.500	  Magnt	     --	     --	     --	  0.064
[component_container-11] 
[component_container-11] 	 22.540	   Pose	  1.540	  0.698	  4.940	  0.058
[component_container-11] 	 22.540	  Twist	 -0.167	  0.547	 -0.037	 -0.273
[component_container-11] 	 22.540	ErrPose	 -0.094	  0.359	  0.027	  0.012
[component_container-11] 	 22.540	ErrTwis	  0.435	  0.394	  0.063	 -0.007
[component_container-11] 	 22.540	    GPS	  1.725	  1.162	  4.966	     --
[component_container-11] 	 22.540	   Baro	     --	     --	  6.027	     --
[component_container-11] 	 22.540	  BBias	     --	     --	  1.068	     --
[component_container-11] 	 22.540	  Sonar	     --	     --	  2.487	     --
[component_container-11] 	 22.540	  Magnt	     --	     --	     --	  0.030
[component_container-11] 
[component_container-11] 	 22.570	   Pose	  1.535	  0.714	  4.947	  0.049
[component_container-11] 	 22.570	  Twist	 -0.170	  0.544	 -0.029	 -0.285
[component_container-11] 	 22.570	ErrPose	 -0.085	  0.362	  0.020	  0.015
[component_container-11] 	 22.570	ErrTwis	  0.432	  0.397	  0.055	  0.006
[component_container-11] 	 22.570	    GPS	  1.725	  1.162	  4.966	     --
[component_container-11] 	 22.570	   Baro	     --	     --	  6.118	     --
[component_container-11] 	 22.570	  BBias	     --	     --	  1.068	     --
[component_container-11] 	 22.570	  Sonar	     --	     --	    inf	     --
[component_container-11] 	 22.570	  Magnt	     --	     --	     --	  0.052
[component_container-11] 
[component_container-11] 	 22.600	   Pose	  1.530	  0.730	  4.946	  0.040
[component_container-11] 	 22.600	  Twist	 -0.172	  0.541	 -0.030	 -0.286
[component_container-11] 	 22.600	ErrPose	 -0.073	  0.384	  0.022	  0.013
[component_container-11] 	 22.600	ErrTwis	  0.422	  0.400	  0.056	  0.007
[component_container-11] 	 22.600	    GPS	  1.725	  1.162	  4.966	     --
[component_container-11] 	 22.600	   Baro	     --	     --	  6.118	     --
[component_container-11] 	 22.600	  BBias	     --	     --	  1.068	     --
[component_container-11] 	 22.600	  Sonar	     --	     --	    inf	     --
[component_container-11] 	 22.600	  Magnt	     --	     --	     --	  0.052
[component_container-11] 
[component_container-11] 	 22.640	   Pose	  1.523	  0.752	  4.945	  0.029
[component_container-11] 	 22.640	  Twist	 -0.175	  0.537	 -0.030	 -0.282
[component_container-11] 	 22.640	ErrPose	 -0.059	  0.400	  0.025	  0.013
[component_container-11] 	 22.640	ErrTwis	  0.411	  0.404	  0.058	  0.003
[component_container-11] 	 22.640	    GPS	  1.725	  1.162	  4.966	     --
[component_container-11] 	 22.640	   Baro	     --	     --	  6.009	     --
[component_container-11] 	 22.640	  BBias	     --	     --	  1.068	     --
[component_container-11] 	 22.640	  Sonar	     --	     --	    inf	     --
[component_container-11] 	 22.640	  Magnt	     --	     --	     --	  0.022
[component_container-11] 
[component_container-11] 	 22.670	   Pose	  1.518	  0.768	  4.939	  0.020
[component_container-11] 	 22.670	  Twist	 -0.177	  0.534	 -0.037	 -0.280
[component_container-11] 	 22.670	ErrPose	 -0.050	  0.403	  0.031	  0.016
[component_container-11] 	 22.670	ErrTwis	  0.406	  0.406	  0.066	  0.001
[component_container-11] 	 22.670	    GPS	  1.725	  1.162	  4.966	     --
[component_container-11] 	 22.670	   Baro	     --	     --	  5.949	     --
[component_container-11] 	 22.670	  BBias	     --	     --	  1.068	     --
[component_container-11] 	 22.670	  Sonar	     --	     --	    inf	     --
[component_container-11] 	 22.670	  Magnt	     --	     --	     --	  0.007
[component_container-11] 
[component_container-11] 	 22.700	   Pose	  1.512	  0.784	  4.937	  0.012
[component_container-11] 	 22.700	  Twist	 -0.179	  0.532	 -0.037	 -0.286
[component_container-11] 	 22.700	ErrPose	 -0.037	  0.425	  0.034	  0.014
[component_container-11] 	 22.700	ErrTwis	  0.394	  0.408	  0.065	  0.007
[component_container-11] 	 22.700	    GPS	  1.725	  1.162	  4.966	     --
[component_container-11] 	 22.700	   Baro	     --	     --	  5.949	     --
[component_container-11] 	 22.700	  BBias	     --	     --	  1.068	     --
[component_container-11] 	 22.700	  Sonar	     --	     --	    inf	     --
[component_container-11] 	 22.700	  Magnt	     --	     --	     --	  0.007
[component_container-11] 
[component_container-11] 	 22.740	   Pose	  1.505	  0.805	  4.943	  0.001
[component_container-11] 	 22.740	  Twist	 -0.183	  0.528	 -0.031	 -0.276
[component_container-11] 	 22.740	ErrPose	 -0.023	  0.441	  0.029	  0.013
[component_container-11] 	 22.740	ErrTwis	  0.383	  0.410	  0.059	 -0.003
[component_container-11] 	 22.740	    GPS	  1.725	  1.162	  4.966	     --
[component_container-11] 	 22.740	   Baro	     --	     --	  6.091	     --
[component_container-11] 	 22.740	  BBias	     --	     --	  1.068	     --
[component_container-11] 	 22.740	  Sonar	     --	     --	    inf	     --
[component_container-11] 	 22.740	  Magnt	     --	     --	     --	  0.034
[component_container-11] 
[component_container-11] 	 22.770	   Pose	  1.500	  0.821	  4.937	 -0.007
[component_container-11] 	 22.770	  Twist	 -0.185	  0.525	 -0.036	 -0.269
[component_container-11] 	 22.770	ErrPose	 -0.014	  0.444	  0.035	  0.015
[component_container-11] 	 22.770	ErrTwis	  0.377	  0.412	  0.064	 -0.010
[component_container-11] 	 22.770	    GPS	  1.725	  1.162	  4.966	     --
[component_container-11] 	 22.770	   Baro	     --	     --	  5.952	     --
[component_container-11] 	 22.770	  BBias	     --	     --	  1.068	     --
[component_container-11] 	 22.770	  Sonar	     --	     --	    inf	     --
[component_container-11] 	 22.770	  Magnt	     --	     --	     --	  0.030
[component_container-11] 
[component_container-11] 	 22.800	   Pose	  1.494	  0.836	  4.936	 -0.015
[component_container-11] 	 22.800	  Twist	 -0.187	  0.522	 -0.037	 -0.291
[component_container-11] 	 22.800	ErrPose	 -0.002	  0.466	  0.038	  0.012
[component_container-11] 	 22.800	ErrTwis	  0.363	  0.413	  0.066	  0.012
[component_container-11] 	 22.800	    GPS	  1.725	  1.162	  4.966	     --
[component_container-11] 	 22.800	   Baro	     --	     --	  5.952	     --
[component_container-11] 	 22.800	  BBias	     --	     --	  1.068	     --
[component_container-11] 	 22.800	  Sonar	     --	     --	    inf	     --
[component_container-11] 	 22.800	  Magnt	     --	     --	     --	  0.030
[component_container-11] 
[component_container-11] 	 22.840	   Pose	  1.487	  0.857	  4.940	 -0.026
[component_container-11] 	 22.840	  Twist	 -0.189	  0.518	 -0.031	 -0.266
[component_container-11] 	 22.840	ErrPose	  0.011	  0.482	  0.035	  0.012
[component_container-11] 	 22.840	ErrTwis	  0.350	  0.415	  0.062	 -0.013
[component_container-11] 	 22.840	    GPS	  1.725	  1.162	  4.966	     --
[component_container-11] 	 22.840	   Baro	     --	     --	  6.069	     --
[component_container-11] 	 22.840	  BBias	     --	     --	  1.068	     --
[component_container-11] 	 22.840	  Sonar	     --	     --	    inf	     --
[component_container-11] 	 22.840	  Magnt	     --	     --	     --	  0.025
[component_container-11] 
[component_container-11] 	 22.870	   Pose	  1.481	  0.873	  4.951	 -0.033
[component_container-11] 	 22.870	  Twist	 -0.191	  0.516	 -0.020	 -0.276
[component_container-11] 	 22.870	ErrPose	  0.020	  0.485	  0.025	  0.013
[component_container-11] 	 22.870	ErrTwis	  0.344	  0.416	  0.052	 -0.003
[component_container-11] 	 22.870	    GPS	  1.725	  1.162	  4.966	     --
[component_container-11] 	 22.870	   Baro	     --	     --	  6.140	     --
[component_container-11] 	 22.870	  BBias	     --	     --	  1.068	     --
[component_container-11] 	 22.870	  Sonar	     --	     --	    inf	     --
[component_container-11] 	 22.870	  Magnt	     --	     --	     --	  0.025
[component_container-11] 
[component_container-11] 	 22.900	   Pose	  1.475	  0.888	  4.950	 -0.042
[component_container-11] 	 22.900	  Twist	 -0.194	  0.512	 -0.021	 -0.311
[component_container-11] 	 22.900	ErrPose	  0.032	  0.507	  0.027	  0.011
[component_container-11] 	 22.900	ErrTwis	  0.329	  0.417	  0.054	  0.032
[component_container-11] 	 22.900	    GPS	  1.725	  1.162	  4.966	     --
[component_container-11] 	 22.900	   Baro	     --	     --	  6.140	     --
[component_container-11] 	 22.900	  BBias	     --	     --	  1.068	     --
[component_container-11] 	 22.900	  Sonar	     --	     --	    inf	     --
[component_container-11] 	 22.900	  Magnt	     --	     --	     --	  0.025
[component_container-11] 
[component_container-11] 	 22.940	   Pose	  1.467	  0.909	  4.951	 -0.052
[component_container-11] 	 22.940	  Twist	 -0.196	  0.509	 -0.020	 -0.294
[component_container-11] 	 22.940	ErrPose	  0.045	  0.523	  0.027	  0.011
[component_container-11] 	 22.940	ErrTwis	  0.314	  0.418	  0.055	  0.015
[component_container-11] 	 22.940	    GPS	  1.725	  1.162	  4.966	     --
[component_container-11] 	 22.940	   Baro	     --	     --	  6.041	     --
[component_container-11] 	 22.940	  BBias	     --	     --	  1.069	     --
[component_container-11] 	 22.940	  Sonar	     --	     --	    inf	     --
[component_container-11] 	 22.940	  Magnt	     --	     --	     --	 -0.006
[component_container-11] 
[component_container-11] 	 22.970	   Pose	  1.461	  0.924	  4.945	 -0.060
[component_container-11] 	 22.970	  Twist	 -0.198	  0.506	 -0.028	 -0.291
[component_container-11] 	 22.970	ErrPose	  0.054	  0.526	  0.034	  0.012
[component_container-11] 	 22.970	ErrTwis	  0.307	  0.419	  0.064	  0.012
[component_container-11] 	 22.970	    GPS	  1.725	  1.162	  4.966	     --
[component_container-11] 	 22.970	   Baro	     --	     --	  5.956	     --
[component_container-11] 	 22.970	  BBias	     --	     --	  1.068	     --
[component_container-11] 	 22.970	  Sonar	     --	     --	    inf	     --
[component_container-11] 	 22.970	  Magnt	     --	     --	     --	  0.002
[component_container-11] 
[component_container-11] [INFO] [1775368647.159522600] [drone.controller]: cmd_vel body=(-0.202, 0.979, 0.023) yaw=-0.300 | odom_received=true | plan_points=32
[component_container-11] 	 23.000	   Pose	  1.455	  0.939	  4.944	 -0.068
[component_container-11] 	 23.000	  Twist	 -0.200	  0.504	 -0.029	 -0.292
[component_container-11] 	 23.000	ErrPose	  0.065	  0.548	  0.036	  0.010
[component_container-11] 	 23.000	ErrTwis	  0.292	  0.419	  0.066	  0.013
[component_container-11] 	 23.000	    GPS	  1.725	  1.162	  4.966	     --
[component_container-11] 	 23.000	   Baro	     --	     --	  5.956	     --
[component_container-11] 	 23.000	  BBias	     --	     --	  1.068	     --
[component_container-11] 	 23.000	  Sonar	     --	     --	    inf	     --
[component_container-11] 	 23.000	  Magnt	     --	     --	     --	  0.002
[component_container-11] 
[component_container-11] [INFO] [1775368647.159779449] [drone.estimator]: TMP LOG err_xyz=(0.065, 0.548, 0.036) | z_est=4.944 vz_est=-0.029 bias=1.068 | gps_z=4.966 sonar=inf baro=5.956
[component_container-11] [INFO] [1775368647.163902192] [drone.estimator]: TMP LOG gps innov_xy=(-0.035, 0.684) est_xy=(1.455, 0.939) gps_xy=(1.421, 1.623) corr_xy=(1.421, 1.623) vel_xy=(-0.200, 0.504)
[component_container-11] [INFO] [1775368647.164040514] [drone.estimator]: TMP LOG gps vel pseudo raw=(-0.608, 0.923) filt=(-0.520, 0.946) innov_v=(-0.316, 0.353) apply=(1,1)
[component_container-11] 	 23.040	   Pose	  1.392	  1.217	  4.956	 -0.079
[component_container-11] 	 23.040	  Twist	 -0.258	  0.647	 -0.017	 -0.290
[component_container-11] 	 23.040	ErrPose	  0.133	  0.306	  0.026	  0.009
[component_container-11] 	 23.040	ErrTwis	  0.331	  0.273	  0.055	  0.011
[component_container-11] 	 23.040	    GPS	  1.421	  1.623	  4.981	     --
[component_container-11] 	 23.040	   Baro	     --	     --	  6.103	     --
[component_container-11] 	 23.040	  BBias	     --	     --	  1.068	     --
[component_container-11] 	 23.040	  Sonar	     --	     --	    inf	     --
[component_container-11] 	 23.040	  Magnt	     --	     --	     --	 -0.030
[component_container-11] 
[component_container-11] 	 23.070	   Pose	  1.384	  1.237	  4.953	 -0.087
[component_container-11] 	 23.070	  Twist	 -0.260	  0.644	 -0.021	 -0.282
[component_container-11] 	 23.070	ErrPose	  0.143	  0.305	  0.030	  0.012
[component_container-11] 	 23.070	ErrTwis	  0.324	  0.275	  0.059	  0.002
[component_container-11] 	 23.070	    GPS	  1.421	  1.623	  4.981	     --
[component_container-11] 	 23.070	   Baro	     --	     --	  5.988	     --
[component_container-11] 	 23.070	  BBias	     --	     --	  1.068	     --
[component_container-11] 	 23.070	  Sonar	     --	     --	    inf	     --
[component_container-11] 	 23.070	  Magnt	     --	     --	     --	 -0.072
[component_container-11] 
[component_container-11] 	 23.100	   Pose	  1.376	  1.256	  4.952	 -0.095
[component_container-11] 	 23.100	  Twist	 -0.261	  0.641	 -0.022	 -0.271
[component_container-11] 	 23.100	ErrPose	  0.155	  0.322	  0.032	  0.009
[component_container-11] 	 23.100	ErrTwis	  0.307	  0.275	  0.061	 -0.009
[component_container-11] 	 23.100	    GPS	  1.421	  1.623	  4.981	     --
[component_container-11] 	 23.100	   Baro	     --	     --	  5.988	     --
[component_container-11] 	 23.100	  BBias	     --	     --	  1.068	     --
[component_container-11] 	 23.100	  Sonar	     --	     --	    inf	     --
[component_container-11] 	 23.100	  Magnt	     --	     --	     --	 -0.072
[component_container-11] 
[component_container-11] 	 23.140	   Pose	  1.366	  1.282	  4.962	 -0.106
[component_container-11] 	 23.140	  Twist	 -0.263	  0.637	 -0.013	 -0.277
[component_container-11] 	 23.140	ErrPose	  0.170	  0.332	  0.024	  0.008
[component_container-11] 	 23.140	ErrTwis	  0.290	  0.276	  0.053	 -0.003
[component_container-11] 	 23.140	    GPS	  1.421	  1.623	  4.981	     --
[component_container-11] 	 23.140	   Baro	     --	     --	  6.152	     --
[component_container-11] 	 23.140	  BBias	     --	     --	  1.068	     --
[component_container-11] 	 23.140	  Sonar	     --	     --	    inf	     --
[component_container-11] 	 23.140	  Magnt	     --	     --	     --	 -0.072
[component_container-11] 
[component_container-11] 	 23.170	   Pose	  1.358	  1.301	  4.963	 -0.114
[component_container-11] 	 23.170	  Twist	 -0.265	  0.635	 -0.013	 -0.298
[component_container-11] 	 23.170	ErrPose	  0.180	  0.331	  0.023	  0.011
[component_container-11] 	 23.170	ErrTwis	  0.283	  0.278	  0.053	  0.019
[component_container-11] 	 23.170	    GPS	  1.421	  1.623	  4.981	     --
[component_container-11] 	 23.170	   Baro	     --	     --	  6.054	     --
[component_container-11] 	 23.170	  BBias	     --	     --	  1.068	     --
[component_container-11] 	 23.170	  Sonar	     --	     --	    inf	     --
[component_container-11] 	 23.170	  Magnt	     --	     --	     --	 -0.099
[component_container-11] 
[component_container-11] 	 23.200	   Pose	  1.350	  1.320	  4.963	 -0.123
[component_container-11] 	 23.200	  Twist	 -0.267	  0.632	 -0.014	 -0.290
[component_container-11] 	 23.200	ErrPose	  0.191	  0.349	  0.025	  0.008
[component_container-11] 	 23.200	ErrTwis	  0.265	  0.278	  0.056	  0.010
[component_container-11] 	 23.200	    GPS	  1.421	  1.623	  4.981	     --
[component_container-11] 	 23.200	   Baro	     --	     --	  6.054	     --
[component_container-11] 	 23.200	  BBias	     --	     --	  1.068	     --
[component_container-11] 	 23.200	  Sonar	     --	     --	    inf	     --
[component_container-11] 	 23.200	  Magnt	     --	     --	     --	 -0.099
[component_container-11] 
[component_container-11] 	 23.240	   Pose	  1.339	  1.345	  4.965	 -0.134
[component_container-11] 	 23.240	  Twist	 -0.269	  0.628	 -0.015	 -0.289
[component_container-11] 	 23.240	ErrPose	  0.204	  0.359	  0.025	  0.008
[component_container-11] 	 23.240	ErrTwis	  0.248	  0.278	  0.057	  0.010
[component_container-11] 	 23.240	    GPS	  1.421	  1.623	  4.981	     --
[component_container-11] 	 23.240	   Baro	     --	     --	  6.057	     --
[component_container-11] 	 23.240	  BBias	     --	     --	  1.068	     --
[component_container-11] 	 23.240	  Sonar	     --	     --	    inf	     --
[component_container-11] 	 23.240	  Magnt	     --	     --	     --	 -0.127
[component_container-11] 
[component_container-11] 	 23.270	   Pose	  1.331	  1.364	  4.955	 -0.141
[component_container-11] 	 23.270	  Twist	 -0.270	  0.626	 -0.025	 -0.278
[component_container-11] 	 23.270	ErrPose	  0.214	  0.359	  0.035	  0.010
[component_container-11] 	 23.270	ErrTwis	  0.239	  0.279	  0.068	 -0.002
[component_container-11] 	 23.270	    GPS	  1.421	  1.623	  4.981	     --
[component_container-11] 	 23.270	   Baro	     --	     --	  5.928	     --
[component_container-11] 	 23.270	  BBias	     --	     --	  1.068	     --
[component_container-11] 	 23.270	  Sonar	     --	     --	    inf	     --
[component_container-11] 	 23.270	  Magnt	     --	     --	     --	 -0.074
[component_container-11] 
[component_container-11] 	 23.300	   Pose	  1.323	  1.383	  4.954	 -0.149
[component_container-11] 	 23.300	  Twist	 -0.272	  0.623	 -0.027	 -0.276
[component_container-11] 	 23.300	ErrPose	  0.224	  0.376	  0.037	  0.007
[component_container-11] 	 23.300	ErrTwis	  0.222	  0.279	  0.071	 -0.003
[component_container-11] 	 23.300	    GPS	  1.421	  1.623	  4.981	     --
[component_container-11] 	 23.300	   Baro	     --	     --	  5.928	     --
[component_container-11] 	 23.300	  BBias	     --	     --	  1.068	     --
[component_container-11] 	 23.300	  Sonar	     --	     --	    inf	     --
[component_container-11] 	 23.300	  Magnt	     --	     --	     --	 -0.074
[component_container-11] 
[component_container-11] 	 23.340	   Pose	  1.312	  1.407	  4.965	 -0.161
[component_container-11] 	 23.340	  Twist	 -0.274	  0.620	 -0.019	 -0.288
[component_container-11] 	 23.340	ErrPose	  0.237	  0.387	  0.028	  0.007
[component_container-11] 	 23.340	ErrTwis	  0.205	  0.278	  0.062	  0.008
[component_container-11] 	 23.340	    GPS	  1.421	  1.623	  4.981	     --
[component_container-11] 	 23.340	   Baro	     --	     --	  6.154	     --
[component_container-11] 	 23.340	  BBias	     --	     --	  1.068	     --
[component_container-11] 	 23.340	  Sonar	     --	     --	    inf	     --
[component_container-11] 	 23.340	  Magnt	     --	     --	     --	 -0.158
[component_container-11] 
[component_container-11] 	 23.370	   Pose	  1.304	  1.426	  4.968	 -0.170
[component_container-11] 	 23.370	  Twist	 -0.275	  0.618	 -0.016	 -0.288
[component_container-11] 	 23.370	ErrPose	  0.246	  0.386	  0.026	  0.011
[component_container-11] 	 23.370	ErrTwis	  0.196	  0.279	  0.060	  0.009
[component_container-11] 	 23.370	    GPS	  1.421	  1.623	  4.981	     --
[component_container-11] 	 23.370	   Baro	     --	     --	  6.073	     --
[component_container-11] 	 23.370	  BBias	     --	     --	  1.068	     --
[component_container-11] 	 23.370	  Sonar	     --	     --	    inf	     --
[component_container-11] 	 23.370	  Magnt	     --	     --	     --	 -0.182
[component_container-11] 
[component_container-11] 	 23.400	   Pose	  1.295	  1.444	  4.967	 -0.179
[component_container-11] 	 23.400	  Twist	 -0.276	  0.616	 -0.017	 -0.302
[component_container-11] 	 23.400	ErrPose	  0.256	  0.404	  0.028	  0.008
[component_container-11] 	 23.400	ErrTwis	  0.177	  0.279	  0.062	  0.023
[component_container-11] 	 23.400	    GPS	  1.421	  1.623	  4.981	     --
[component_container-11] 	 23.400	   Baro	     --	     --	  6.073	     --
[component_container-11] 	 23.400	  BBias	     --	     --	  1.068	     --
[component_container-11] 	 23.400	  Sonar	     --	     --	    inf	     --
[component_container-11] 	 23.400	  Magnt	     --	     --	     --	 -0.182
[component_container-11] 
[component_container-11] 	 23.440	   Pose	  1.284	  1.469	  4.973	 -0.191
[component_container-11] 	 23.440	  Twist	 -0.277	  0.612	 -0.013	 -0.279
[component_container-11] 	 23.440	ErrPose	  0.268	  0.415	  0.023	  0.009
[component_container-11] 	 23.440	ErrTwis	  0.159	  0.279	  0.058	 -0.001
[component_container-11] 	 23.440	    GPS	  1.421	  1.623	  4.981	     --
[component_container-11] 	 23.440	   Baro	     --	     --	  6.111	     --
[component_container-11] 	 23.440	  BBias	     --	     --	  1.069	     --
[component_container-11] 	 23.440	  Sonar	     --	     --	    inf	     --
[component_container-11] 	 23.440	  Magnt	     --	     --	     --	 -0.202
[component_container-11] 
[component_container-11] 	 23.470	   Pose	  1.276	  1.487	  4.962	 -0.200
[component_container-11] 	 23.470	  Twist	 -0.279	  0.610	 -0.025	 -0.280
[component_container-11] 	 23.470	ErrPose	  0.277	  0.415	  0.034	  0.013
[component_container-11] 	 23.470	ErrTwis	  0.151	  0.279	  0.071	  0.001
[component_container-11] 	 23.470	    GPS	  1.421	  1.623	  4.981	     --
[component_container-11] 	 23.470	   Baro	     --	     --	  5.928	     --
[component_container-11] 	 23.470	  BBias	     --	     --	  1.068	     --
[component_container-11] 	 23.470	  Sonar	     --	     --	    inf	     --
[component_container-11] 	 23.470	  Magnt	     --	     --	     --	 -0.235
[component_container-11] 
[component_container-11] 	 23.500	   Pose	  1.268	  1.506	  4.962	 -0.208
[component_container-11] 	 23.500	  Twist	 -0.280	  0.608	 -0.027	 -0.277
[component_container-11] 	 23.500	ErrPose	  0.285	  0.433	  0.037	  0.010
[component_container-11] 	 23.500	ErrTwis	  0.132	  0.278	  0.073	 -0.003
[component_container-11] 	 23.500	    GPS	  1.421	  1.623	  4.981	     --
[component_container-11] 	 23.500	   Baro	     --	     --	  5.928	     --
[component_container-11] 	 23.500	  BBias	     --	     --	  1.068	     --
[component_container-11] 	 23.500	  Sonar	     --	     --	    inf	     --
[component_container-11] 	 23.500	  Magnt	     --	     --	     --	 -0.235
[component_container-11] 
[component_container-11] 	 23.540	   Pose	  1.455	  1.658	  4.963	 -0.218
[component_container-11] 	 23.540	  Twist	 -0.135	  0.658	 -0.028	 -0.271
[component_container-11] 	 23.540	ErrPose	  0.098	  0.316	  0.036	  0.009
[component_container-11] 	 23.540	ErrTwis	 -0.032	  0.225	  0.073	 -0.009
[component_container-11] 	 23.540	    GPS	  1.644	  1.935	  4.999	     --
[component_container-11] 	 23.540	   Baro	     --	     --	  5.987	     --
[component_container-11] 	 23.540	  BBias	     --	     --	  1.068	     --
[component_container-11] 	 23.540	  Sonar	     --	     --	    inf	     --
[component_container-11] 	 23.540	  Magnt	     --	     --	     --	 -0.174
[component_container-11] 
[component_container-11] 	 23.570	   Pose	  1.451	  1.677	  4.961	 -0.226
[component_container-11] 	 23.570	  Twist	 -0.137	  0.656	 -0.031	 -0.275
[component_container-11] 	 23.570	ErrPose	  0.102	  0.315	  0.039	  0.011
[component_container-11] 	 23.570	ErrTwis	 -0.040	  0.224	  0.077	 -0.005
[component_container-11] 	 23.570	    GPS	  1.644	  1.935	  4.999	     --
[component_container-11] 	 23.570	   Baro	     --	     --	  6.011	     --
[component_container-11] 	 23.570	  BBias	     --	     --	  1.068	     --
[component_container-11] 	 23.570	  Sonar	     --	     --	    inf	     --
[component_container-11] 	 23.570	  Magnt	     --	     --	     --	 -0.191
[component_container-11] 
[component_container-11] 	 23.600	   Pose	  1.447	  1.697	  4.960	 -0.235
[component_container-11] 	 23.600	  Twist	 -0.138	  0.654	 -0.034	 -0.284
[component_container-11] 	 23.600	ErrPose	  0.106	  0.331	  0.042	  0.008
[component_container-11] 	 23.600	ErrTwis	 -0.058	  0.223	  0.080	  0.004
[component_container-11] 	 23.600	    GPS	  1.644	  1.935	  4.999	     --
[component_container-11] 	 23.600	   Baro	     --	     --	  6.011	     --
[component_container-11] 	 23.600	  BBias	     --	     --	  1.068	     --
[component_container-11] 	 23.600	  Sonar	     --	     --	    inf	     --
[component_container-11] 	 23.600	  Magnt	     --	     --	     --	 -0.191
[component_container-11] 
[component_container-11] 	 23.640	   Pose	  1.441	  1.723	  4.951	 -0.246
[component_container-11] 	 23.640	  Twist	 -0.140	  0.651	 -0.043	 -0.285
[component_container-11] 	 23.640	ErrPose	  0.110	  0.341	  0.052	  0.009
[component_container-11] 	 23.640	ErrTwis	 -0.076	  0.222	  0.090	  0.005
[component_container-11] 	 23.640	    GPS	  1.644	  1.935	  4.999	     --
[component_container-11] 	 23.640	   Baro	     --	     --	  5.938	     --
[component_container-11] 	 23.640	  BBias	     --	     --	  1.068	     --
[component_container-11] 	 23.640	  Sonar	     --	     --	    inf	     --
[component_container-11] 	 23.640	  Magnt	     --	     --	     --	 -0.237
[component_container-11] 
[component_container-11] 	 23.670	   Pose	  1.437	  1.743	  4.953	 -0.255
[component_container-11] 	 23.670	  Twist	 -0.141	  0.649	 -0.042	 -0.270
[component_container-11] 	 23.670	ErrPose	  0.114	  0.339	  0.051	  0.011
[component_container-11] 	 23.670	ErrTwis	 -0.084	  0.223	  0.088	 -0.009
[component_container-11] 	 23.670	    GPS	  1.644	  1.935	  4.999	     --
[component_container-11] 	 23.670	   Baro	     --	     --	  6.055	     --
[component_container-11] 	 23.670	  BBias	     --	     --	  1.068	     --
[component_container-11] 	 23.670	  Sonar	     --	     --	    inf	     --
[component_container-11] 	 23.670	  Magnt	     --	     --	     --	 -0.252
[component_container-11] 
[component_container-11] 	 23.700	   Pose	  1.433	  1.762	  4.951	 -0.263
[component_container-11] 	 23.700	  Twist	 -0.141	  0.646	 -0.043	 -0.285
[component_container-11] 	 23.700	ErrPose	  0.117	  0.356	  0.053	  0.009
[component_container-11] 	 23.700	ErrTwis	 -0.103	  0.220	  0.089	  0.006
[component_container-11] 	 23.700	    GPS	  1.644	  1.935	  4.999	     --
[component_container-11] 	 23.700	   Baro	     --	     --	  6.055	     --
[component_container-11] 	 23.700	  BBias	     --	     --	  1.068	     --
[component_container-11] 	 23.700	  Sonar	     --	     --	    inf	     --
[component_container-11] 	 23.700	  Magnt	     --	     --	     --	 -0.252
[component_container-11] 
[component_container-11] 	 23.740	   Pose	  1.427	  1.788	  4.945	 -0.274
[component_container-11] 	 23.740	  Twist	 -0.142	  0.643	 -0.049	 -0.283
[component_container-11] 	 23.740	ErrPose	  0.120	  0.366	  0.061	  0.008
[component_container-11] 	 23.740	ErrTwis	 -0.122	  0.218	  0.094	  0.004
[component_container-11] 	 23.740	    GPS	  1.644	  1.935	  4.999	     --
[component_container-11] 	 23.740	   Baro	     --	     --	  5.966	     --
[component_container-11] 	 23.740	  BBias	     --	     --	  1.068	     --
[component_container-11] 	 23.740	  Sonar	     --	     --	    inf	     --
[component_container-11] 	 23.740	  Magnt	     --	     --	     --	 -0.233
[component_container-11] 
[component_container-11] 	 23.770	   Pose	  1.423	  1.807	  4.958	 -0.283
[component_container-11] 	 23.770	  Twist	 -0.143	  0.641	 -0.035	 -0.269
[component_container-11] 	 23.770	ErrPose	  0.123	  0.365	  0.049	  0.012
[component_container-11] 	 23.770	ErrTwis	 -0.130	  0.217	  0.079	 -0.010
[component_container-11] 	 23.770	    GPS	  1.644	  1.935	  4.999	     --
[component_container-11] 	 23.770	   Baro	     --	     --	  6.180	     --
[component_container-11] 	 23.770	  BBias	     --	     --	  1.068	     --
[component_container-11] 	 23.770	  Sonar	     --	     --	    inf	     --
[component_container-11] 	 23.770	  Magnt	     --	     --	     --	 -0.314
[component_container-11] 
[component_container-11] 	 23.800	   Pose	  1.419	  1.826	  4.957	 -0.291
[component_container-11] 	 23.800	  Twist	 -0.144	  0.638	 -0.036	 -0.273
[component_container-11] 	 23.800	ErrPose	  0.125	  0.382	  0.051	  0.009
[component_container-11] 	 23.800	ErrTwis	 -0.149	  0.214	  0.079	 -0.007
[component_container-11] 	 23.800	    GPS	  1.644	  1.935	  4.999	     --
[component_container-11] 	 23.800	   Baro	     --	     --	  6.180	     --
[component_container-11] 	 23.800	  BBias	     --	     --	  1.068	     --
[component_container-11] 	 23.800	  Sonar	     --	     --	    inf	     --
[component_container-11] 	 23.800	  Magnt	     --	     --	     --	 -0.314
[component_container-11] 
[component_container-11] 	 23.840	   Pose	  1.413	  1.852	  4.954	 -0.302
[component_container-11] 	 23.840	  Twist	 -0.144	  0.635	 -0.038	 -0.267
[component_container-11] 	 23.840	ErrPose	  0.128	  0.392	  0.055	  0.008
[component_container-11] 	 23.840	ErrTwis	 -0.168	  0.209	  0.083	 -0.012
[component_container-11] 	 23.840	    GPS	  1.644	  1.935	  4.999	     --
[component_container-11] 	 23.840	   Baro	     --	     --	  6.010	     --
[component_container-11] 	 23.840	  BBias	     --	     --	  1.068	     --
[component_container-11] 	 23.840	  Sonar	     --	     --	    inf	     --
[component_container-11] 	 23.840	  Magnt	     --	     --	     --	 -0.262
[component_container-11] 
[component_container-11] 	 23.870	   Pose	  1.408	  1.871	  4.944	 -0.309
[component_container-11] 	 23.870	  Twist	 -0.145	  0.633	 -0.049	 -0.296
[component_container-11] 	 23.870	ErrPose	  0.131	  0.391	  0.067	  0.010
[component_container-11] 	 23.870	ErrTwis	 -0.176	  0.208	  0.095	  0.017
[component_container-11] 	 23.870	    GPS	  1.644	  1.935	  4.999	     --
[component_container-11] 	 23.870	   Baro	     --	     --	  5.917	     --
[component_container-11] 	 23.870	  BBias	     --	     --	  1.068	     --
[component_container-11] 	 23.870	  Sonar	     --	     --	    inf	     --
[component_container-11] 	 23.870	  Magnt	     --	     --	     --	 -0.273
[component_container-11] 
[component_container-11] 	 23.900	   Pose	  1.404	  1.890	  4.942	 -0.318
[component_container-11] 	 23.900	  Twist	 -0.147	  0.630	 -0.051	 -0.284
[component_container-11] 	 23.900	ErrPose	  0.131	  0.408	  0.069	  0.008
[component_container-11] 	 23.900	ErrTwis	 -0.194	  0.203	  0.099	  0.004
[component_container-11] 	 23.900	    GPS	  1.644	  1.935	  4.999	     --
[component_container-11] 	 23.900	   Baro	     --	     --	  5.917	     --
[component_container-11] 	 23.900	  BBias	     --	     --	  1.068	     --
[component_container-11] 	 23.900	  Sonar	     --	     --	    inf	     --
[component_container-11] 	 23.900	  Magnt	     --	     --	     --	 -0.273
[component_container-11] 
[component_container-11] 	 23.940	   Pose	  1.398	  1.915	  4.948	 -0.327
[component_container-11] 	 23.940	  Twist	 -0.147	  0.627	 -0.044	 -0.261
[component_container-11] 	 23.940	ErrPose	  0.133	  0.419	  0.065	  0.006
[component_container-11] 	 23.940	ErrTwis	 -0.212	  0.199	  0.093	 -0.019
[component_container-11] 	 23.940	    GPS	  1.644	  1.935	  4.999	     --
[component_container-11] 	 23.940	   Baro	     --	     --	  6.101	     --
[component_container-11] 	 23.940	  BBias	     --	     --	  1.068	     --
[component_container-11] 	 23.940	  Sonar	     --	     --	    inf	     --
[component_container-11] 	 23.940	  Magnt	     --	     --	     --	 -0.257
[component_container-11] 
[component_container-11] 	 23.970	   Pose	  1.394	  1.934	  4.945	 -0.336
[component_container-11] 	 23.970	  Twist	 -0.147	  0.624	 -0.047	 -0.282
[component_container-11] 	 23.970	ErrPose	  0.136	  0.418	  0.069	  0.009
[component_container-11] 	 23.970	ErrTwis	 -0.222	  0.198	  0.097	  0.002
[component_container-11] 	 23.970	    GPS	  1.644	  1.935	  4.999	     --
[component_container-11] 	 23.970	   Baro	     --	     --	  5.996	     --
[component_container-11] 	 23.970	  BBias	     --	     --	  1.068	     --
[component_container-11] 	 23.970	  Sonar	     --	     --	    inf	     --
[component_container-11] 	 23.970	  Magnt	     --	     --	     --	 -0.336
[component_container-11] 
[component_container-11] [INFO] [1775368648.162698376] [drone.controller]: cmd_vel body=(-0.499, 0.866, 0.027) yaw=-0.300 | odom_received=true | plan_points=22
[component_container-11] 	 24.000	   Pose	  1.389	  1.952	  4.944	 -0.345
[component_container-11] 	 24.000	  Twist	 -0.148	  0.621	 -0.049	 -0.293
[component_container-11] 	 24.000	ErrPose	  0.135	  0.435	  0.072	  0.007
[component_container-11] 	 24.000	ErrTwis	 -0.239	  0.193	  0.100	  0.014
[component_container-11] 	 24.000	    GPS	  1.644	  1.935	  4.999	     --
[component_container-11] 	 24.000	   Baro	     --	     --	  5.996	     --
[component_container-11] 	 24.000	  BBias	     --	     --	  1.068	     --
[component_container-11] 	 24.000	  Sonar	     --	     --	    inf	     --
[component_container-11] 	 24.000	  Magnt	     --	     --	     --	 -0.336
[component_container-11] 
[component_container-11] [INFO] [1775368648.162965477] [drone.estimator]: TMP LOG err_xyz=(0.135, 0.435, 0.072) | z_est=4.944 vz_est=-0.049 bias=1.068 | gps_z=4.999 sonar=inf baro=5.996
[component_container-11] [INFO] [1775368648.167935198] [drone.estimator]: TMP LOG gps innov_xy=(0.183, 0.531) est_xy=(1.388, 1.959) gps_xy=(1.571, 2.490) corr_xy=(1.571, 2.490) vel_xy=(-0.148, 0.620)
[component_container-11] [INFO] [1775368648.168094048] [drone.estimator]: TMP LOG gps vel pseudo raw=(-0.146, 1.110) filt=(-0.097, 1.065) innov_v=(0.027, 0.375) apply=(1,1)
[component_container-11] 	 24.040	   Pose	  1.443	  2.192	  4.963	 -0.356
[component_container-11] 	 24.040	  Twist	 -0.121	  0.749	 -0.031	 -0.265
[component_container-11] 	 24.040	ErrPose	  0.077	  0.231	  0.054	  0.007
[component_container-11] 	 24.040	ErrTwis	 -0.284	  0.058	  0.084	 -0.015
[component_container-11] 	 24.040	    GPS	  1.571	  2.490	  5.016	     --
[component_container-11] 	 24.040	   Baro	     --	     --	  6.131	     --
[component_container-11] 	 24.040	  BBias	     --	     --	  1.068	     --
[component_container-11] 	 24.040	  Sonar	     --	     --	    inf	     --
[component_container-11] 	 24.040	  Magnt	     --	     --	     --	 -0.360
[component_container-11] 
[component_container-11] 	 24.070	   Pose	  1.440	  2.215	  4.973	 -0.364
[component_container-11] 	 24.070	  Twist	 -0.121	  0.747	 -0.020	 -0.279
[component_container-11] 	 24.070	ErrPose	  0.078	  0.226	  0.045	  0.009
[component_container-11] 	 24.070	ErrTwis	 -0.293	  0.057	  0.074	 -0.000
[component_container-11] 	 24.070	    GPS	  1.571	  2.490	  5.016	     --
[component_container-11] 	 24.070	   Baro	     --	     --	  6.170	     --
[component_container-11] 	 24.070	  BBias	     --	     --	  1.068	     --
[component_container-11] 	 24.070	  Sonar	     --	     --	    inf	     --
[component_container-11] 	 24.070	  Magnt	     --	     --	     --	 -0.344
[component_container-11] 
[component_container-11] 	 24.100	   Pose	  1.436	  2.237	  4.972	 -0.373
[component_container-11] 	 24.100	  Twist	 -0.121	  0.744	 -0.022	 -0.296
[component_container-11] 	 24.100	ErrPose	  0.076	  0.240	  0.047	  0.007
[component_container-11] 	 24.100	ErrTwis	 -0.311	  0.053	  0.076	  0.017
[component_container-11] 	 24.100	    GPS	  1.571	  2.490	  5.016	     --
[component_container-11] 	 24.100	   Baro	     --	     --	  6.170	     --
[component_container-11] 	 24.100	  BBias	     --	     --	  1.068	     --
[component_container-11] 	 24.100	  Sonar	     --	     --	    inf	     --
[component_container-11] 	 24.100	  Magnt	     --	     --	     --	 -0.344
[component_container-11] 
[component_container-11] 	 24.140	   Pose	  1.431	  2.267	  4.962	 -0.384
[component_container-11] 	 24.140	  Twist	 -0.121	  0.741	 -0.034	 -0.269
[component_container-11] 	 24.140	ErrPose	  0.075	  0.246	  0.059	  0.007
[component_container-11] 	 24.140	ErrTwis	 -0.328	  0.048	  0.089	 -0.011
[component_container-11] 	 24.140	    GPS	  1.571	  2.490	  5.016	     --
[component_container-11] 	 24.140	   Baro	     --	     --	  5.925	     --
[component_container-11] 	 24.140	  BBias	     --	     --	  1.068	     --
[component_container-11] 	 24.140	  Sonar	     --	     --	    inf	     --
[component_container-11] 	 24.140	  Magnt	     --	     --	     --	 -0.395
[component_container-11] 
[component_container-11] 	 24.170	   Pose	  1.427	  2.289	  4.965	 -0.392
[component_container-11] 	 24.170	  Twist	 -0.120	  0.739	 -0.033	 -0.281
[component_container-11] 	 24.170	ErrPose	  0.075	  0.242	  0.057	  0.009
[component_container-11] 	 24.170	ErrTwis	 -0.337	  0.047	  0.088	  0.001
[component_container-11] 	 24.170	    GPS	  1.571	  2.490	  5.016	     --
[component_container-11] 	 24.170	   Baro	     --	     --	  6.077	     --
[component_container-11] 	 24.170	  BBias	     --	     --	  1.068	     --
[component_container-11] 	 24.170	  Sonar	     --	     --	    inf	     --
[component_container-11] 	 24.170	  Magnt	     --	     --	     --	 -0.382
[component_container-11] 
[component_container-11] 	 24.200	   Pose	  1.424	  2.311	  4.964	 -0.401
[component_container-11] 	 24.200	  Twist	 -0.121	  0.737	 -0.035	 -0.281
[component_container-11] 	 24.200	ErrPose	  0.073	  0.256	  0.059	  0.007
[component_container-11] 	 24.200	ErrTwis	 -0.354	  0.042	  0.089	  0.001
[component_container-11] 	 24.200	    GPS	  1.571	  2.490	  5.016	     --
[component_container-11] 	 24.200	   Baro	     --	     --	  6.077	     --
[component_container-11] 	 24.200	  BBias	     --	     --	  1.068	     --
[component_container-11] 	 24.200	  Sonar	     --	     --	    inf	     --
[component_container-11] 	 24.200	  Magnt	     --	     --	     --	 -0.382
[component_container-11] 
[component_container-11] 	 24.240	   Pose	  1.419	  2.341	  4.972	 -0.413
[component_container-11] 	 24.240	  Twist	 -0.121	  0.735	 -0.027	 -0.275
[component_container-11] 	 24.240	ErrPose	  0.071	  0.263	  0.053	  0.007
[component_container-11] 	 24.240	ErrTwis	 -0.372	  0.036	  0.079	 -0.005
[component_container-11] 	 24.240	    GPS	  1.571	  2.490	  5.016	     --
[component_container-11] 	 24.240	   Baro	     --	     --	  6.141	     --
[component_container-11] 	 24.240	  BBias	     --	     --	  1.068	     --
[component_container-11] 	 24.240	  Sonar	     --	     --	    inf	     --
[component_container-11] 	 24.240	  Magnt	     --	     --	     --	 -0.430
[component_container-11] 
[component_container-11] 	 24.270	   Pose	  1.415	  2.363	  4.980	 -0.421
[component_container-11] 	 24.270	  Twist	 -0.120	  0.733	 -0.018	 -0.272
[component_container-11] 	 24.270	ErrPose	  0.071	  0.259	  0.045	  0.010
[component_container-11] 	 24.270	ErrTwis	 -0.381	  0.034	  0.069	 -0.008
[component_container-11] 	 24.270	    GPS	  1.571	  2.490	  5.016	     --
[component_container-11] 	 24.270	   Baro	     --	     --	  6.151	     --
[component_container-11] 	 24.270	  BBias	     --	     --	  1.068	     --
[component_container-11] 	 24.270	  Sonar	     --	     --	    inf	     --
[component_container-11] 	 24.270	  Magnt	     --	     --	     --	 -0.421
[component_container-11] 
[component_container-11] 	 24.300	   Pose	  1.412	  2.385	  4.980	 -0.429
[component_container-11] 	 24.300	  Twist	 -0.120	  0.730	 -0.019	 -0.272
[component_container-11] 	 24.300	ErrPose	  0.067	  0.273	  0.047	  0.007
[component_container-11] 	 24.300	ErrTwis	 -0.397	  0.028	  0.071	 -0.008
[component_container-11] 	 24.300	    GPS	  1.571	  2.490	  5.016	     --
[component_container-11] 	 24.300	   Baro	     --	     --	  6.151	     --
[component_container-11] 	 24.300	  BBias	     --	     --	  1.068	     --
[component_container-11] 	 24.300	  Sonar	     --	     --	    inf	     --
[component_container-11] 	 24.300	  Magnt	     --	     --	     --	 -0.421
[component_container-11] 
[component_container-11] 	 24.340	   Pose	  1.407	  2.414	  4.990	 -0.440
[component_container-11] 	 24.340	  Twist	 -0.120	  0.727	 -0.010	 -0.273
[component_container-11] 	 24.340	ErrPose	  0.065	  0.280	  0.037	  0.007
[component_container-11] 	 24.340	ErrTwis	 -0.414	  0.022	  0.062	 -0.007
[component_container-11] 	 24.340	    GPS	  1.571	  2.490	  5.016	     --
[component_container-11] 	 24.340	   Baro	     --	     --	  6.177	     --
[component_container-11] 	 24.340	  BBias	     --	     --	  1.068	     --
[component_container-11] 	 24.340	  Sonar	     --	     --	    inf	     --
[component_container-11] 	 24.340	  Magnt	     --	     --	     --	 -0.416
[component_container-11] 
[component_container-11] 	 24.370	   Pose	  1.403	  2.436	  4.997	 -0.448
[component_container-11] 	 24.370	  Twist	 -0.121	  0.724	 -0.006	 -0.278
[component_container-11] 	 24.370	ErrPose	  0.064	  0.276	  0.032	  0.009
[component_container-11] 	 24.370	ErrTwis	 -0.422	  0.020	  0.057	 -0.001
[component_container-11] 	 24.370	    GPS	  1.571	  2.490	  5.016	     --
[component_container-11] 	 24.370	   Baro	     --	     --	  6.135	     --
[component_container-11] 	 24.370	  BBias	     --	     --	  1.068	     --
[component_container-11] 	 24.370	  Sonar	     --	     --	    inf	     --
[component_container-11] 	 24.370	  Magnt	     --	     --	     --	 -0.397
[component_container-11] 
[component_container-11] 	 24.400	   Pose	  1.400	  2.457	  4.996	 -0.456
[component_container-11] 	 24.400	  Twist	 -0.121	  0.722	 -0.008	 -0.279
[component_container-11] 	 24.400	ErrPose	  0.060	  0.291	  0.033	  0.006
[component_container-11] 	 24.400	ErrTwis	 -0.438	  0.013	  0.059	 -0.001
[component_container-11] 	 24.400	    GPS	  1.571	  2.490	  5.016	     --
[component_container-11] 	 24.400	   Baro	     --	     --	  6.135	     --
[component_container-11] 	 24.400	  BBias	     --	     --	  1.068	     --
[component_container-11] 	 24.400	  Sonar	     --	     --	    inf	     --
[component_container-11] 	 24.400	  Magnt	     --	     --	     --	 -0.397
[component_container-11] 
[component_container-11] 	 24.440	   Pose	  1.395	  2.486	  5.005	 -0.467
[component_container-11] 	 24.440	  Twist	 -0.121	  0.719	 -0.002	 -0.257
[component_container-11] 	 24.440	ErrPose	  0.056	  0.298	  0.026	  0.006
[component_container-11] 	 24.440	ErrTwis	 -0.453	  0.007	  0.052	 -0.023
[component_container-11] 	 24.440	    GPS	  1.571	  2.490	  5.016	     --
[component_container-11] 	 24.440	   Baro	     --	     --	  6.166	     --
[component_container-11] 	 24.440	  BBias	     --	     --	  1.068	     --
[component_container-11] 	 24.440	  Sonar	     --	     --	    inf	     --
[component_container-11] 	 24.440	  Magnt	     --	     --	     --	 -0.467
[component_container-11] 
[component_container-11] 	 24.470	   Pose	  1.391	  2.508	  5.019	 -0.476
[component_container-11] 	 24.470	  Twist	 -0.121	  0.718	  0.009	 -0.289
[component_container-11] 	 24.470	ErrPose	  0.056	  0.294	  0.013	  0.009
[component_container-11] 	 24.470	ErrTwis	 -0.461	  0.004	  0.041	  0.009
[component_container-11] 	 24.470	    GPS	  1.571	  2.490	  5.016	     --
[component_container-11] 	 24.470	   Baro	     --	     --	  6.227	     --
[component_container-11] 	 24.470	  BBias	     --	     --	  1.068	     --
[component_container-11] 	 24.470	  Sonar	     --	     --	    inf	     --
[component_container-11] 	 24.470	  Magnt	     --	     --	     --	 -0.476
[component_container-11] 
[component_container-11] 	 24.500	   Pose	  1.388	  2.529	  5.019	 -0.484
[component_container-11] 	 24.500	  Twist	 -0.121	  0.716	  0.007	 -0.292
[component_container-11] 	 24.500	ErrPose	  0.050	  0.309	  0.013	  0.006
[component_container-11] 	 24.500	ErrTwis	 -0.477	 -0.004	  0.043	  0.013
[component_container-11] 	 24.500	    GPS	  1.571	  2.490	  5.016	     --
[component_container-11] 	 24.500	   Baro	     --	     --	  6.227	     --
[component_container-11] 	 24.500	  BBias	     --	     --	  1.068	     --
[component_container-11] 	 24.500	  Sonar	     --	     --	    inf	     --
[component_container-11] 	 24.500	  Magnt	     --	     --	     --	 -0.476
[component_container-11] 
[component_container-11] 	 24.540	   Pose	  1.379	  2.681	  5.012	 -0.495
[component_container-11] 	 24.540	  Twist	 -0.136	  0.774	 -0.005	 -0.266
[component_container-11] 	 24.540	ErrPose	  0.050	  0.194	  0.022	  0.006
[component_container-11] 	 24.540	ErrTwis	 -0.477	 -0.072	  0.052	 -0.014
[component_container-11] 	 24.540	    GPS	  1.438	  2.898	  5.033	     --
[component_container-11] 	 24.540	   Baro	     --	     --	  5.964	     --
[component_container-11] 	 24.540	  BBias	     --	     --	  1.068	     --
[component_container-11] 	 24.540	  Sonar	     --	     --	    inf	     --
[component_container-11] 	 24.540	  Magnt	     --	     --	     --	 -0.467
[component_container-11] 
[component_container-11] 	 24.570	   Pose	  1.375	  2.704	  5.026	 -0.504
[component_container-11] 	 24.570	  Twist	 -0.135	  0.772	  0.007	 -0.285
[component_container-11] 	 24.570	ErrPose	  0.049	  0.189	  0.009	  0.009
[component_container-11] 	 24.570	ErrTwis	 -0.484	 -0.074	  0.039	  0.005
[component_container-11] 	 24.570	    GPS	  1.438	  2.898	  5.033	     --
[component_container-11] 	 24.570	   Baro	     --	     --	  6.257	     --
[component_container-11] 	 24.570	  BBias	     --	     --	  1.068	     --
[component_container-11] 	 24.570	  Sonar	     --	     --	    inf	     --
[component_container-11] 	 24.570	  Magnt	     --	     --	     --	 -0.505
[component_container-11] 
[component_container-11] 	 24.600	   Pose	  1.371	  2.727	  5.026	 -0.512
[component_container-11] 	 24.600	  Twist	 -0.135	  0.770	  0.003	 -0.272
[component_container-11] 	 24.600	ErrPose	  0.044	  0.202	  0.009	  0.006
[component_container-11] 	 24.600	ErrTwis	 -0.499	 -0.081	  0.042	 -0.008
[component_container-11] 	 24.600	    GPS	  1.438	  2.898	  5.033	     --
[component_container-11] 	 24.600	   Baro	     --	     --	  6.257	     --
[component_container-11] 	 24.600	  BBias	     --	     --	  1.068	     --
[component_container-11] 	 24.600	  Sonar	     --	     --	    inf	     --
[component_container-11] 	 24.600	  Magnt	     --	     --	     --	 -0.505
[component_container-11] 
[component_container-11] 	 24.640	   Pose	  1.365	  2.758	  5.015	 -0.523
[component_container-11] 	 24.640	  Twist	 -0.136	  0.767	 -0.012	 -0.292
[component_container-11] 	 24.640	ErrPose	  0.040	  0.208	  0.022	  0.006
[component_container-11] 	 24.640	ErrTwis	 -0.512	 -0.087	  0.056	  0.013
[component_container-11] 	 24.640	    GPS	  1.438	  2.898	  5.033	     --
[component_container-11] 	 24.640	   Baro	     --	     --	  5.954	     --
[component_container-11] 	 24.640	  BBias	     --	     --	  1.068	     --
[component_container-11] 	 24.640	  Sonar	     --	     --	    inf	     --
[component_container-11] 	 24.640	  Magnt	     --	     --	     --	 -0.473
[component_container-11] 
[component_container-11] 	 24.670	   Pose	  1.361	  2.781	  5.019	 -0.530
[component_container-11] 	 24.670	  Twist	 -0.135	  0.764	 -0.010	 -0.287
[component_container-11] 	 24.670	ErrPose	  0.039	  0.203	  0.017	  0.008
[component_container-11] 	 24.670	ErrTwis	 -0.520	 -0.090	  0.052	  0.008
[component_container-11] 	 24.670	    GPS	  1.438	  2.898	  5.033	     --
[component_container-11] 	 24.670	   Baro	     --	     --	  6.145	     --
[component_container-11] 	 24.670	  BBias	     --	     --	  1.068	     --
[component_container-11] 	 24.670	  Sonar	     --	     --	    inf	     --
[component_container-11] 	 24.670	  Magnt	     --	     --	     --	 -0.483
[component_container-11] 
[component_container-11] 	 24.700	   Pose	  1.357	  2.804	  5.019	 -0.539
[component_container-11] 	 24.700	  Twist	 -0.134	  0.762	 -0.012	 -0.283
[component_container-11] 	 24.700	ErrPose	  0.033	  0.217	  0.018	  0.005
[component_container-11] 	 24.700	ErrTwis	 -0.534	 -0.096	  0.052	  0.004
[component_container-11] 	 24.700	    GPS	  1.438	  2.898	  5.033	     --
[component_container-11] 	 24.700	   Baro	     --	     --	  6.145	     --
[component_container-11] 	 24.700	  BBias	     --	     --	  1.068	     --
[component_container-11] 	 24.700	  Sonar	     --	     --	    inf	     --
[component_container-11] 	 24.700	  Magnt	     --	     --	     --	 -0.483
[component_container-11] 
[component_container-11] 	 24.740	   Pose	  1.352	  2.834	  5.019	 -0.551
[component_container-11] 	 24.740	  Twist	 -0.134	  0.759	 -0.015	 -0.286
[component_container-11] 	 24.740	ErrPose	  0.028	  0.223	  0.019	  0.006
[component_container-11] 	 24.740	ErrTwis	 -0.547	 -0.103	  0.054	  0.006
[component_container-11] 	 24.740	    GPS	  1.438	  2.898	  5.033	     --
[component_container-11] 	 24.740	   Baro	     --	     --	  6.094	     --
[component_container-11] 	 24.740	  BBias	     --	     --	  1.068	     --
[component_container-11] 	 24.740	  Sonar	     --	     --	    inf	     --
[component_container-11] 	 24.740	  Magnt	     --	     --	     --	 -0.586
[component_container-11] 
[component_container-11] 	 24.770	   Pose	  1.348	  2.857	  5.012	 -0.559
[component_container-11] 	 24.770	  Twist	 -0.134	  0.757	 -0.025	 -0.279
[component_container-11] 	 24.770	ErrPose	  0.026	  0.218	  0.026	  0.008
[component_container-11] 	 24.770	ErrTwis	 -0.554	 -0.106	  0.063	 -0.001
[component_container-11] 	 24.770	    GPS	  1.438	  2.898	  5.033	     --
[component_container-11] 	 24.770	   Baro	     --	     --	  6.012	     --
[component_container-11] 	 24.770	  BBias	     --	     --	  1.068	     --
[component_container-11] 	 24.770	  Sonar	     --	     --	    inf	     --
[component_container-11] 	 24.770	  Magnt	     --	     --	     --	 -0.544
[component_container-11] 
[component_container-11] 	 24.800	   Pose	  1.344	  2.879	  5.011	 -0.568
[component_container-11] 	 24.800	  Twist	 -0.134	  0.755	 -0.028	 -0.270
[component_container-11] 	 24.800	ErrPose	  0.020	  0.232	  0.028	  0.005
[component_container-11] 	 24.800	ErrTwis	 -0.568	 -0.114	  0.063	 -0.010
[component_container-11] 	 24.800	    GPS	  1.438	  2.898	  5.033	     --
[component_container-11] 	 24.800	   Baro	     --	     --	  6.012	     --
[component_container-11] 	 24.800	  BBias	     --	     --	  1.068	     --
[component_container-11] 	 24.800	  Sonar	     --	     --	    inf	     --
[component_container-11] 	 24.800	  Magnt	     --	     --	     --	 -0.544
[component_container-11] 
[component_container-11] 	 24.840	   Pose	  1.339	  2.909	  5.014	 -0.578
[component_container-11] 	 24.840	  Twist	 -0.133	  0.751	 -0.026	 -0.297
[component_container-11] 	 24.840	ErrPose	  0.014	  0.239	  0.025	  0.005
[component_container-11] 	 24.840	ErrTwis	 -0.581	 -0.120	  0.059	  0.017
[component_container-11] 	 24.840	    GPS	  1.438	  2.898	  5.033	     --
[component_container-11] 	 24.840	   Baro	     --	     --	  6.127	     --
[component_container-11] 	 24.840	  BBias	     --	     --	  1.068	     --
[component_container-11] 	 24.840	  Sonar	     --	     --	    inf	     --
[component_container-11] 	 24.840	  Magnt	     --	     --	     --	 -0.530
[component_container-11] 
[component_container-11] 	 24.870	   Pose	  1.335	  2.932	  5.008	 -0.587
[component_container-11] 	 24.870	  Twist	 -0.133	  0.748	 -0.034	 -0.283
[component_container-11] 	 24.870	ErrPose	  0.012	  0.234	  0.032	  0.008
[component_container-11] 	 24.870	ErrTwis	 -0.586	 -0.123	  0.067	  0.004
[component_container-11] 	 24.870	    GPS	  1.438	  2.898	  5.033	     --
[component_container-11] 	 24.870	   Baro	     --	     --	  6.016	     --
[component_container-11] 	 24.870	  BBias	     --	     --	  1.068	     --
[component_container-11] 	 24.870	  Sonar	     --	     --	    inf	     --
[component_container-11] 	 24.870	  Magnt	     --	     --	     --	 -0.587
[component_container-11] 
[component_container-11] 	 24.900	   Pose	  1.331	  2.954	  5.007	 -0.595
[component_container-11] 	 24.900	  Twist	 -0.133	  0.746	 -0.038	 -0.279
[component_container-11] 	 24.900	ErrPose	  0.005	  0.249	  0.034	  0.005
[component_container-11] 	 24.900	ErrTwis	 -0.598	 -0.131	  0.070	 -0.000
[component_container-11] 	 24.900	    GPS	  1.438	  2.898	  5.033	     --
[component_container-11] 	 24.900	   Baro	     --	     --	  6.016	     --
[component_container-11] 	 24.900	  BBias	     --	     --	  1.068	     --
[component_container-11] 	 24.900	  Sonar	     --	     --	    inf	     --
[component_container-11] 	 24.900	  Magnt	     --	     --	     --	 -0.587
[component_container-11] 
[component_container-11] 	 24.940	   Pose	  1.325	  2.984	  4.998	 -0.606
[component_container-11] 	 24.940	  Twist	 -0.132	  0.743	 -0.048	 -0.279
[component_container-11] 	 24.940	ErrPose	 -0.001	  0.255	  0.043	  0.005
[component_container-11] 	 24.940	ErrTwis	 -0.611	 -0.138	  0.078	 -0.001
[component_container-11] 	 24.940	    GPS	  1.438	  2.898	  5.033	     --
[component_container-11] 	 24.940	   Baro	     --	     --	  5.997	     --
[component_container-11] 	 24.940	  BBias	     --	     --	  1.068	     --
[component_container-11] 	 24.940	  Sonar	     --	     --	    inf	     --
[component_container-11] 	 24.940	  Magnt	     --	     --	     --	 -0.583
[component_container-11] 
[component_container-11] 	 24.970	   Pose	  1.321	  3.006	  4.991	 -0.615
[component_container-11] 	 24.970	  Twist	 -0.131	  0.741	 -0.056	 -0.287
[component_container-11] 	 24.970	ErrPose	 -0.003	  0.251	  0.050	  0.008
[component_container-11] 	 24.970	ErrTwis	 -0.617	 -0.141	  0.085	  0.007
[component_container-11] 	 24.970	    GPS	  1.438	  2.898	  5.033	     --
[component_container-11] 	 24.970	   Baro	     --	     --	  6.008	     --
[component_container-11] 	 24.970	  BBias	     --	     --	  1.068	     --
[component_container-11] 	 24.970	  Sonar	     --	     --	    inf	     --
[component_container-11] 	 24.970	  Magnt	     --	     --	     --	 -0.647
[component_container-11] 
[component_container-11] [INFO] [1775368649.165410115] [drone.controller]: cmd_vel body=(-0.800, 0.599, 0.009) yaw=-0.300 | odom_received=true | plan_points=11
[component_container-11] 	 25.000	   Pose	  1.317	  3.029	  4.990	 -0.624
[component_container-11] 	 25.000	  Twist	 -0.130	  0.739	 -0.058	 -0.295
[component_container-11] 	 25.000	ErrPose	 -0.011	  0.266	  0.052	  0.006
[component_container-11] 	 25.000	ErrTwis	 -0.628	 -0.150	  0.086	  0.016
[component_container-11] 	 25.000	    GPS	  1.438	  2.898	  5.033	     --
[component_container-11] 	 25.000	   Baro	     --	     --	  6.008	     --
[component_container-11] 	 25.000	  BBias	     --	     --	  1.068	     --
[component_container-11] 	 25.000	  Sonar	     --	     --	    inf	     --
[component_container-11] 	 25.000	  Magnt	     --	     --	     --	 -0.647
[component_container-11] 
[component_container-11] [INFO] [1775368649.165808194] [drone.estimator]: TMP LOG err_xyz=(-0.011, 0.266, 0.052) | z_est=4.990 vz_est=-0.058 bias=1.068 | gps_z=5.033 sonar=inf baro=6.008
[component_container-11] [INFO] [1775368649.168647997] [drone.estimator]: TMP LOG gps innov_xy=(-0.086, 0.286) est_xy=(1.316, 3.036) gps_xy=(1.230, 3.322) corr_xy=(1.230, 3.322) vel_xy=(-0.130, 0.738)
[component_container-11] [INFO] [1775368649.168750839] [drone.estimator]: TMP LOG gps vel pseudo raw=(-0.417, 0.848) filt=(-0.400, 0.847) innov_v=(-0.259, 0.072) apply=(1,1)
[component_container-11] 	 25.040	   Pose	  1.249	  3.155	  5.003	 -0.635
[component_container-11] 	 25.040	  Twist	 -0.183	  0.786	 -0.044	 -0.277
[component_container-11] 	 25.040	ErrPose	  0.046	  0.176	  0.039	  0.006
[component_container-11] 	 25.040	ErrTwis	 -0.586	 -0.207	  0.074	 -0.002
[component_container-11] 	 25.040	    GPS	  1.230	  3.322	  5.042	     --
[component_container-11] 	 25.040	   Baro	     --	     --	  6.143	     --
[component_container-11] 	 25.040	  BBias	     --	     --	  1.068	     --
[component_container-11] 	 25.040	  Sonar	     --	     --	    inf	     --
[component_container-11] 	 25.040	  Magnt	     --	     --	     --	 -0.649
[component_container-11] 
[component_container-11] 	 25.070	   Pose	  1.244	  3.179	  5.002	 -0.644
[component_container-11] 	 25.070	  Twist	 -0.183	  0.784	 -0.044	 -0.289
[component_container-11] 	 25.070	ErrPose	  0.045	  0.171	  0.040	  0.009
[component_container-11] 	 25.070	ErrTwis	 -0.591	 -0.211	  0.074	  0.009
[component_container-11] 	 25.070	    GPS	  1.230	  3.322	  5.042	     --
[component_container-11] 	 25.070	   Baro	     --	     --	  6.074	     --
[component_container-11] 	 25.070	  BBias	     --	     --	  1.068	     --
[component_container-11] 	 25.070	  Sonar	     --	     --	    inf	     --
[component_container-11] 	 25.070	  Magnt	     --	     --	     --	 -0.637
[component_container-11] 
[component_container-11] 	 25.100	   Pose	  1.238	  3.202	  5.000	 -0.652
[component_container-11] 	 25.100	  Twist	 -0.183	  0.781	 -0.046	 -0.300
[component_container-11] 	 25.100	ErrPose	  0.039	  0.184	  0.042	  0.007
[component_container-11] 	 25.100	ErrTwis	 -0.602	 -0.219	  0.074	  0.020
[component_container-11] 	 25.100	    GPS	  1.230	  3.322	  5.042	     --
[component_container-11] 	 25.100	   Baro	     --	     --	  6.074	     --
[component_container-11] 	 25.100	  BBias	     --	     --	  1.068	     --
[component_container-11] 	 25.100	  Sonar	     --	     --	    inf	     --
[component_container-11] 	 25.100	  Magnt	     --	     --	     --	 -0.637
[component_container-11] 
[component_container-11] 	 25.140	   Pose	  1.231	  3.234	  5.003	 -0.664
[component_container-11] 	 25.140	  Twist	 -0.181	  0.779	 -0.043	 -0.290
[component_container-11] 	 25.140	ErrPose	  0.034	  0.189	  0.040	  0.007
[component_container-11] 	 25.140	ErrTwis	 -0.613	 -0.227	  0.070	  0.011
[component_container-11] 	 25.140	    GPS	  1.230	  3.322	  5.042	     --
[component_container-11] 	 25.140	   Baro	     --	     --	  6.129	     --
[component_container-11] 	 25.140	  BBias	     --	     --	  1.068	     --
[component_container-11] 	 25.140	  Sonar	     --	     --	    inf	     --
[component_container-11] 	 25.140	  Magnt	     --	     --	     --	 -0.664
[component_container-11] 
[component_container-11] 	 25.170	   Pose	  1.225	  3.257	  5.010	 -0.674
[component_container-11] 	 25.170	  Twist	 -0.180	  0.777	 -0.037	 -0.287
[component_container-11] 	 25.170	ErrPose	  0.033	  0.184	  0.034	  0.011
[component_container-11] 	 25.170	ErrTwis	 -0.618	 -0.231	  0.065	  0.007
[component_container-11] 	 25.170	    GPS	  1.230	  3.322	  5.042	     --
[component_container-11] 	 25.170	   Baro	     --	     --	  6.164	     --
[component_container-11] 	 25.170	  BBias	     --	     --	  1.068	     --
[component_container-11] 	 25.170	  Sonar	     --	     --	    inf	     --
[component_container-11] 	 25.170	  Magnt	     --	     --	     --	 -0.697
[component_container-11] 
[component_container-11] 	 25.200	   Pose	  1.220	  3.280	  5.009	 -0.682
[component_container-11] 	 25.200	  Twist	 -0.179	  0.776	 -0.038	 -0.279
[component_container-11] 	 25.200	ErrPose	  0.026	  0.198	  0.035	  0.008
[component_container-11] 	 25.200	ErrTwis	 -0.628	 -0.241	  0.066	 -0.001
[component_container-11] 	 25.200	    GPS	  1.230	  3.322	  5.042	     --
[component_container-11] 	 25.200	   Baro	     --	     --	  6.164	     --
[component_container-11] 	 25.200	  BBias	     --	     --	  1.068	     --
[component_container-11] 	 25.200	  Sonar	     --	     --	    inf	     --
[component_container-11] 	 25.200	  Magnt	     --	     --	     --	 -0.697
[component_container-11] 
[component_container-11] 	 25.240	   Pose	  1.213	  3.311	  5.013	 -0.694
[component_container-11] 	 25.240	  Twist	 -0.178	  0.774	 -0.034	 -0.299
[component_container-11] 	 25.240	ErrPose	  0.021	  0.204	  0.031	  0.009
[component_container-11] 	 25.240	ErrTwis	 -0.637	 -0.251	  0.059	  0.019
[component_container-11] 	 25.240	    GPS	  1.230	  3.322	  5.042	     --
[component_container-11] 	 25.240	   Baro	     --	     --	  6.147	     --
[component_container-11] 	 25.240	  BBias	     --	     --	  1.068	     --
[component_container-11] 	 25.240	  Sonar	     --	     --	    inf	     --
[component_container-11] 	 25.240	  Magnt	     --	     --	     --	 -0.697
[component_container-11] 
[component_container-11] 	 25.270	   Pose	  1.207	  3.334	  5.017	 -0.701
[component_container-11] 	 25.270	  Twist	 -0.178	  0.772	 -0.031	 -0.282
[component_container-11] 	 25.270	ErrPose	  0.020	  0.199	  0.028	  0.011
[component_container-11] 	 25.270	ErrTwis	 -0.641	 -0.255	  0.054	  0.002
[component_container-11] 	 25.270	    GPS	  1.230	  3.322	  5.042	     --
[component_container-11] 	 25.270	   Baro	     --	     --	  6.136	     --
[component_container-11] 	 25.270	  BBias	     --	     --	  1.068	     --
[component_container-11] 	 25.270	  Sonar	     --	     --	    inf	     --
[component_container-11] 	 25.270	  Magnt	     --	     --	     --	 -0.650
[component_container-11] 
[component_container-11] 	 25.300	   Pose	  1.202	  3.358	  5.016	 -0.710
[component_container-11] 	 25.300	  Twist	 -0.177	  0.770	 -0.032	 -0.278
[component_container-11] 	 25.300	ErrPose	  0.012	  0.212	  0.029	  0.008
[component_container-11] 	 25.300	ErrTwis	 -0.649	 -0.266	  0.053	 -0.002
[component_container-11] 	 25.300	    GPS	  1.230	  3.322	  5.042	     --
[component_container-11] 	 25.300	   Baro	     --	     --	  6.136	     --
[component_container-11] 	 25.300	  BBias	     --	     --	  1.068	     --
[component_container-11] 	 25.300	  Sonar	     --	     --	    inf	     --
[component_container-11] 	 25.300	  Magnt	     --	     --	     --	 -0.650
[component_container-11] 
[component_container-11] 	 25.340	   Pose	  1.195	  3.388	  5.015	 -0.721
[component_container-11] 	 25.340	  Twist	 -0.176	  0.769	 -0.034	 -0.271
[component_container-11] 	 25.340	ErrPose	  0.006	  0.218	  0.030	  0.008
[component_container-11] 	 25.340	ErrTwis	 -0.656	 -0.279	  0.054	 -0.008
[component_container-11] 	 25.340	    GPS	  1.230	  3.322	  5.042	     --
[component_container-11] 	 25.340	   Baro	     --	     --	  6.095	     --
[component_container-11] 	 25.340	  BBias	     --	     --	  1.068	     --
[component_container-11] 	 25.340	  Sonar	     --	     --	    inf	     --
[component_container-11] 	 25.340	  Magnt	     --	     --	     --	 -0.706
[component_container-11] 
[component_container-11] 	 25.370	   Pose	  1.190	  3.411	  5.009	 -0.730
[component_container-11] 	 25.370	  Twist	 -0.175	  0.767	 -0.041	 -0.285
[component_container-11] 	 25.370	ErrPose	  0.005	  0.213	  0.037	  0.011
[component_container-11] 	 25.370	ErrTwis	 -0.660	 -0.284	  0.059	  0.005
[component_container-11] 	 25.370	    GPS	  1.230	  3.322	  5.042	     --
[component_container-11] 	 25.370	   Baro	     --	     --	  6.020	     --
[component_container-11] 	 25.370	  BBias	     --	     --	  1.068	     --
[component_container-11] 	 25.370	  Sonar	     --	     --	    inf	     --
[component_container-11] 	 25.370	  Magnt	     --	     --	     --	 -0.738
[component_container-11] 
[component_container-11] 	 25.400	   Pose	  1.185	  3.434	  5.008	 -0.738
[component_container-11] 	 25.400	  Twist	 -0.174	  0.765	 -0.043	 -0.282
[component_container-11] 	 25.400	ErrPose	 -0.003	  0.226	  0.038	  0.008
[component_container-11] 	 25.400	ErrTwis	 -0.666	 -0.297	  0.057	  0.003
[component_container-11] 	 25.400	    GPS	  1.230	  3.322	  5.042	     --
[component_container-11] 	 25.400	   Baro	     --	     --	  6.020	     --
[component_container-11] 	 25.400	  BBias	     --	     --	  1.068	     --
[component_container-11] 	 25.400	  Sonar	     --	     --	    inf	     --
[component_container-11] 	 25.400	  Magnt	     --	     --	     --	 -0.738
[component_container-11] 
[component_container-11] 	 25.440	   Pose	  1.178	  3.465	  5.003	 -0.748
[component_container-11] 	 25.440	  Twist	 -0.172	  0.762	 -0.047	 -0.262
[component_container-11] 	 25.440	ErrPose	 -0.009	  0.231	  0.044	  0.007
[component_container-11] 	 25.440	ErrTwis	 -0.672	 -0.311	  0.059	 -0.018
[component_container-11] 	 25.440	    GPS	  1.230	  3.322	  5.042	     --
[component_container-11] 	 25.440	   Baro	     --	     --	  6.044	     --
[component_container-11] 	 25.440	  BBias	     --	     --	  1.068	     --
[component_container-11] 	 25.440	  Sonar	     --	     --	    inf	     --
[component_container-11] 	 25.440	  Magnt	     --	     --	     --	 -0.690
[component_container-11] 
[component_container-11] 	 25.470	   Pose	  1.173	  3.488	  5.017	 -0.756
[component_container-11] 	 25.470	  Twist	 -0.170	  0.760	 -0.033	 -0.285
[component_container-11] 	 25.470	ErrPose	 -0.011	  0.226	  0.029	  0.010
[component_container-11] 	 25.470	ErrTwis	 -0.675	 -0.317	  0.045	  0.006
[component_container-11] 	 25.470	    GPS	  1.230	  3.322	  5.042	     --
[component_container-11] 	 25.470	   Baro	     --	     --	  6.246	     --
[component_container-11] 	 25.470	  BBias	     --	     --	  1.068	     --
[component_container-11] 	 25.470	  Sonar	     --	     --	    inf	     --
[component_container-11] 	 25.470	  Magnt	     --	     --	     --	 -0.731
[component_container-11] 
[component_container-11] 	 25.500	   Pose	  1.167	  3.511	  5.016	 -0.765
[component_container-11] 	 25.500	  Twist	 -0.169	  0.759	 -0.034	 -0.294
[component_container-11] 	 25.500	ErrPose	 -0.019	  0.238	  0.031	  0.008
[component_container-11] 	 25.500	ErrTwis	 -0.679	 -0.333	  0.044	  0.015
[component_container-11] 	 25.500	    GPS	  1.230	  3.322	  5.042	     --
[component_container-11] 	 25.500	   Baro	     --	     --	  6.246	     --
[component_container-11] 	 25.500	  BBias	     --	     --	  1.068	     --
[component_container-11] 	 25.500	  Sonar	     --	     --	    inf	     --
[component_container-11] 	 25.500	  Magnt	     --	     --	     --	 -0.731
[component_container-11] 
[component_container-11] 	 25.540	   Pose	  1.119	  3.628	  5.018	 -0.776
[component_container-11] 	 25.540	  Twist	 -0.197	  0.803	 -0.032	 -0.283
[component_container-11] 	 25.540	ErrPose	  0.015	  0.156	  0.030	  0.007
[component_container-11] 	 25.540	ErrTwis	 -0.653	 -0.396	  0.039	  0.004
[component_container-11] 	 25.540	    GPS	  1.086	  3.763	  5.047	     --
[component_container-11] 	 25.540	   Baro	     --	     --	  6.060	     --
[component_container-11] 	 25.540	  BBias	     --	     --	  1.068	     --
[component_container-11] 	 25.540	  Sonar	     --	     --	    inf	     --
[component_container-11] 	 25.540	  Magnt	     --	     --	     --	 -0.735
[component_container-11] 
[component_container-11] 	 25.570	   Pose	  1.113	  3.652	  5.027	 -0.784
[component_container-11] 	 25.570	  Twist	 -0.196	  0.801	 -0.023	 -0.295
[component_container-11] 	 25.570	ErrPose	  0.014	  0.149	  0.021	  0.010
[component_container-11] 	 25.570	ErrTwis	 -0.654	 -0.403	  0.029	  0.017
[component_container-11] 	 25.570	    GPS	  1.086	  3.763	  5.047	     --
[component_container-11] 	 25.570	   Baro	     --	     --	  6.208	     --
[component_container-11] 	 25.570	  BBias	     --	     --	  1.068	     --
[component_container-11] 	 25.570	  Sonar	     --	     --	    inf	     --
[component_container-11] 	 25.570	  Magnt	     --	     --	     --	 -0.775
[component_container-11] 
[component_container-11] 	 25.600	   Pose	  1.108	  3.676	  5.026	 -0.793
[component_container-11] 	 25.600	  Twist	 -0.195	  0.800	 -0.024	 -0.291
[component_container-11] 	 25.600	ErrPose	  0.006	  0.159	  0.023	  0.007
[component_container-11] 	 25.600	ErrTwis	 -0.655	 -0.420	  0.031	  0.013
[component_container-11] 	 25.600	    GPS	  1.086	  3.763	  5.047	     --
[component_container-11] 	 25.600	   Baro	     --	     --	  6.208	     --
[component_container-11] 	 25.600	  BBias	     --	     --	  1.068	     --
[component_container-11] 	 25.600	  Sonar	     --	     --	    inf	     --
[component_container-11] 	 25.600	  Magnt	     --	     --	     --	 -0.775
[component_container-11] 
[component_container-11] 	 25.640	   Pose	  1.100	  3.708	  5.041	 -0.805
[component_container-11] 	 25.640	  Twist	 -0.193	  0.797	 -0.008	 -0.276
[component_container-11] 	 25.640	ErrPose	  0.000	  0.161	  0.008	  0.008
[component_container-11] 	 25.640	ErrTwis	 -0.656	 -0.437	  0.014	 -0.003
[component_container-11] 	 25.640	    GPS	  1.086	  3.763	  5.047	     --
[component_container-11] 	 25.640	   Baro	     --	     --	  6.288	     --
[component_container-11] 	 25.640	  BBias	     --	     --	  1.068	     --
[component_container-11] 	 25.640	  Sonar	     --	     --	    inf	     --
[component_container-11] 	 25.640	  Magnt	     --	     --	     --	 -0.824
[component_container-11] 
[component_container-11] 	 25.670	   Pose	  1.094	  3.732	  5.045	 -0.813
[component_container-11] 	 25.670	  Twist	 -0.192	  0.796	 -0.005	 -0.292
[component_container-11] 	 25.670	ErrPose	 -0.001	  0.154	  0.004	  0.012
[component_container-11] 	 25.670	ErrTwis	 -0.656	 -0.445	  0.009	  0.013
[component_container-11] 	 25.670	    GPS	  1.086	  3.763	  5.047	     --
[component_container-11] 	 25.670	   Baro	     --	     --	  6.162	     --
[component_container-11] 	 25.670	  BBias	     --	     --	  1.068	     --
[component_container-11] 	 25.670	  Sonar	     --	     --	    inf	     --
[component_container-11] 	 25.670	  Magnt	     --	     --	     --	 -0.819
[component_container-11] 
[component_container-11] [INFO] [1775368649.867584345] [drone.behavior]: Behavior transition TURTLE_WAYPOINT -> INITIAL | turtle_stop=false | waypoint=(1.00, 4.00, 5.00)
[component_container-11] [INFO] [1775368649.867613747] [drone.behavior]: Behavior target INITIAL | new_waypoint=(-2.00, -2.00, 5.00)
[component_container-11] 	 25.700	   Pose	  1.088	  3.756	  5.045	 -0.822
[component_container-11] 	 25.700	  Twist	 -0.190	  0.795	 -0.006	 -0.281
[component_container-11] 	 25.700	ErrPose	 -0.010	  0.163	  0.005	  0.009
[component_container-11] 	 25.700	ErrTwis	 -0.656	 -0.464	  0.006	  0.002
[component_container-11] 	 25.700	    GPS	  1.086	  3.763	  5.047	     --
[component_container-11] 	 25.700	   Baro	     --	     --	  6.162	     --
[component_container-11] 	 25.700	  BBias	     --	     --	  1.068	     --
[component_container-11] 	 25.700	  Sonar	     --	     --	    inf	     --
[component_container-11] 	 25.700	  Magnt	     --	     --	     --	 -0.819
[component_container-11] 
[component_container-11] 	 25.740	   Pose	  1.081	  3.788	  5.039	 -0.833
[component_container-11] 	 25.740	  Twist	 -0.187	  0.793	 -0.015	 -0.293
[component_container-11] 	 25.740	ErrPose	 -0.016	  0.164	  0.012	  0.009
[component_container-11] 	 25.740	ErrTwis	 -0.653	 -0.482	  0.014	  0.014
[component_container-11] 	 25.740	    GPS	  1.086	  3.763	  5.047	     --
[component_container-11] 	 25.740	   Baro	     --	     --	  6.044	     --
[component_container-11] 	 25.740	  BBias	     --	     --	  1.068	     --
[component_container-11] 	 25.740	  Sonar	     --	     --	    inf	     --
[component_container-11] 	 25.740	  Magnt	     --	     --	     --	 -0.803
[component_container-11] 
[component_container-11] 	 25.770	   Pose	  1.075	  3.811	  5.035	 -0.842
[component_container-11] 	 25.770	  Twist	 -0.187	  0.792	 -0.020	 -0.292
[component_container-11] 	 25.770	ErrPose	 -0.018	  0.156	  0.015	  0.012
[component_container-11] 	 25.770	ErrTwis	 -0.651	 -0.492	  0.019	  0.014
[component_container-11] 	 25.770	    GPS	  1.086	  3.763	  5.047	     --
[component_container-11] 	 25.770	   Baro	     --	     --	  6.074	     --
[component_container-11] 	 25.770	  BBias	     --	     --	  1.068	     --
[component_container-11] 	 25.770	  Sonar	     --	     --	    inf	     --
[component_container-11] 	 25.770	  Magnt	     --	     --	     --	 -0.874
[component_container-11] 
[component_container-11] 	 25.800	   Pose	  1.070	  3.835	  5.035	 -0.851
[component_container-11] 	 25.800	  Twist	 -0.185	  0.791	 -0.020	 -0.279
[component_container-11] 	 25.800	ErrPose	 -0.027	  0.164	  0.016	  0.010
[component_container-11] 	 25.800	ErrTwis	 -0.648	 -0.511	  0.015	  0.001
[component_container-11] 	 25.800	    GPS	  1.086	  3.763	  5.047	     --
[component_container-11] 	 25.800	   Baro	     --	     --	  6.074	     --
[component_container-11] 	 25.800	  BBias	     --	     --	  1.068	     --
[component_container-11] 	 25.800	  Sonar	     --	     --	    inf	     --
[component_container-11] 	 25.800	  Magnt	     --	     --	     --	 -0.874
[component_container-11] 
[component_container-11] 	 25.840	   Pose	  1.062	  3.867	  5.024	 -0.862
[component_container-11] 	 25.840	  Twist	 -0.183	  0.790	 -0.031	 -0.270
[component_container-11] 	 25.840	ErrPose	 -0.034	  0.163	  0.028	  0.010
[component_container-11] 	 25.840	ErrTwis	 -0.642	 -0.532	  0.022	 -0.007
[component_container-11] 	 25.840	    GPS	  1.086	  3.763	  5.047	     --
[component_container-11] 	 25.840	   Baro	     --	     --	  5.985	     --
[component_container-11] 	 25.840	  BBias	     --	     --	  1.068	     --
[component_container-11] 	 25.840	  Sonar	     --	     --	    inf	     --
[component_container-11] 	 25.840	  Magnt	     --	     --	     --	 -0.847
[component_container-11] 
[component_container-11] 	 25.870	   Pose	  1.057	  3.890	  5.018	 -0.869
[component_container-11] 	 25.870	  Twist	 -0.179	  0.789	 -0.036	 -0.257
[component_container-11] 	 25.870	ErrPose	 -0.035	  0.155	  0.034	  0.012
[component_container-11] 	 25.870	ErrTwis	 -0.641	 -0.542	  0.024	 -0.019
[component_container-11] 	 25.870	    GPS	  1.086	  3.763	  5.047	     --
[component_container-11] 	 25.870	   Baro	     --	     --	  6.041	     --
[component_container-11] 	 25.870	  BBias	     --	     --	  1.068	     --
[component_container-11] 	 25.870	  Sonar	     --	     --	    inf	     --
[component_container-11] 	 25.870	  Magnt	     --	     --	     --	 -0.856
[component_container-11] 
[component_container-11] 	 25.900	   Pose	  1.051	  3.914	  5.017	 -0.878
[component_container-11] 	 25.900	  Twist	 -0.177	  0.789	 -0.036	 -0.278
[component_container-11] 	 25.900	ErrPose	 -0.045	  0.161	  0.036	  0.010
[component_container-11] 	 25.900	ErrTwis	 -0.632	 -0.567	  0.021	  0.003
[component_container-11] 	 25.900	    GPS	  1.086	  3.763	  5.047	     --
[component_container-11] 	 25.900	   Baro	     --	     --	  6.041	     --
[component_container-11] 	 25.900	  BBias	     --	     --	  1.068	     --
[component_container-11] 	 25.900	  Sonar	     --	     --	    inf	     --
[component_container-11] 	 25.900	  Magnt	     --	     --	     --	 -0.856
[component_container-11] 
[component_container-11] 	 25.940	   Pose	  1.044	  3.946	  5.004	 -0.889
[component_container-11] 	 25.940	  Twist	 -0.174	  0.789	 -0.049	 -0.284
[component_container-11] 	 25.940	ErrPose	 -0.053	  0.158	  0.049	  0.011
[component_container-11] 	 25.940	ErrTwis	 -0.623	 -0.599	  0.029	  0.010
[component_container-11] 	 25.940	    GPS	  1.086	  3.763	  5.047	     --
[component_container-11] 	 25.940	   Baro	     --	     --	  5.957	     --
[component_container-11] 	 25.940	  BBias	     --	     --	  1.068	     --
[component_container-11] 	 25.940	  Sonar	     --	     --	    inf	     --
[component_container-11] 	 25.940	  Magnt	     --	     --	     --	 -0.888
[component_container-11] 
[component_container-11] 	 25.970	   Pose	  1.039	  3.969	  5.001	 -0.896
[component_container-11] 	 25.970	  Twist	 -0.170	  0.789	 -0.053	 -0.273
[component_container-11] 	 25.970	ErrPose	 -0.056	  0.148	  0.053	  0.013
[component_container-11] 	 25.970	ErrTwis	 -0.619	 -0.618	  0.030	 -0.000
[component_container-11] 	 25.970	    GPS	  1.086	  3.763	  5.047	     --
[component_container-11] 	 25.970	   Baro	     --	     --	  6.047	     --
[component_container-11] 	 25.970	  BBias	     --	     --	  1.068	     --
[component_container-11] 	 25.970	  Sonar	     --	     --	    inf	     --
[component_container-11] 	 25.970	  Magnt	     --	     --	     --	 -0.868
[component_container-11] 
[component_container-11] [INFO] [1775368650.168189003] [drone.controller]: cmd_vel body=(0.450, -0.893, 0.015) yaw=-0.300 | odom_received=true | plan_points=67
[component_container-11] 	 26.000	   Pose	  1.034	  3.993	  4.999	 -0.904
[component_container-11] 	 26.000	  Twist	 -0.168	  0.789	 -0.055	 -0.275
[component_container-11] 	 26.000	ErrPose	 -0.067	  0.150	  0.055	  0.010
[component_container-11] 	 26.000	ErrTwis	 -0.606	 -0.661	  0.028	  0.002
[component_container-11] 	 26.000	    GPS	  1.086	  3.763	  5.047	     --
[component_container-11] 	 26.000	   Baro	     --	     --	  6.047	     --
[component_container-11] 	 26.000	  BBias	     --	     --	  1.068	     --
[component_container-11] 	 26.000	  Sonar	     --	     --	    inf	     --
[component_container-11] 	 26.000	  Magnt	     --	     --	     --	 -0.868
[component_container-11] 
[component_container-11] [INFO] [1775368650.168438340] [drone.estimator]: TMP LOG err_xyz=(-0.067, 0.150, 0.055) | z_est=4.999 vz_est=-0.055 bias=1.068 | gps_z=5.047 sonar=inf baro=6.047
[component_container-11] [INFO] [1775368650.170874148] [drone.estimator]: TMP LOG gps innov_xy=(0.122, 0.239) est_xy=(1.033, 4.001) gps_xy=(1.155, 4.240) corr_xy=(1.155, 4.240) vel_xy=(-0.168, 0.788)
[component_container-11] [INFO] [1775368650.170990072] [drone.estimator]: TMP LOG gps vel pseudo raw=(0.137, 0.953) filt=(0.094, 0.946) innov_v=(0.245, 0.126) apply=(1,1)
[component_container-11] 	 26.040	   Pose	  1.100	  4.115	  5.012	 -0.913
[component_container-11] 	 26.040	  Twist	 -0.110	  0.840	 -0.043	 -0.274
[component_container-11] 	 26.040	ErrPose	 -0.149	  0.052	  0.043	  0.009
[component_container-11] 	 26.040	ErrTwis	 -0.646	 -0.760	  0.015	  0.002
[component_container-11] 	 26.040	    GPS	  1.155	  4.240	  5.054	     --
[component_container-11] 	 26.040	   Baro	     --	     --	  6.143	     --
[component_container-11] 	 26.040	  BBias	     --	     --	  1.068	     --
[component_container-11] 	 26.040	  Sonar	     --	     --	    inf	     --
[component_container-11] 	 26.040	  Magnt	     --	     --	     --	 -0.817
[component_container-11] 
[component_container-11] 	 26.070	   Pose	  1.096	  4.140	  5.003	 -0.920
[component_container-11] 	 26.070	  Twist	 -0.108	  0.840	 -0.053	 -0.278
[component_container-11] 	 26.070	ErrPose	 -0.155	  0.038	  0.052	  0.011
[component_container-11] 	 26.070	ErrTwis	 -0.638	 -0.786	  0.025	  0.005
[component_container-11] 	 26.070	    GPS	  1.155	  4.240	  5.054	     --
[component_container-11] 	 26.070	   Baro	     --	     --	  5.982	     --
[component_container-11] 	 26.070	  BBias	     --	     --	  1.067	     --
[component_container-11] 	 26.070	  Sonar	     --	     --	    inf	     --
[component_container-11] 	 26.070	  Magnt	     --	     --	     --	 -0.875
[component_container-11] 
[component_container-11] 	 26.100	   Pose	  1.093	  4.166	  5.001	 -0.929
[component_container-11] 	 26.100	  Twist	 -0.107	  0.839	 -0.056	 -0.281
[component_container-11] 	 26.100	ErrPose	 -0.170	  0.035	  0.053	  0.009
[component_container-11] 	 26.100	ErrTwis	 -0.618	 -0.838	  0.027	  0.009
[component_container-11] 	 26.100	    GPS	  1.155	  4.240	  5.054	     --
[component_container-11] 	 26.100	   Baro	     --	     --	  5.982	     --
[component_container-11] 	 26.100	  BBias	     --	     --	  1.067	     --
[component_container-11] 	 26.100	  Sonar	     --	     --	    inf	     --
[component_container-11] 	 26.100	  Magnt	     --	     --	     --	 -0.875
[component_container-11] 
[component_container-11] 	 26.140	   Pose	  1.089	  4.199	  4.999	 -0.939
[component_container-11] 	 26.140	  Twist	 -0.103	  0.839	 -0.062	 -0.281
[component_container-11] 	 26.140	ErrPose	 -0.185	  0.021	  0.056	  0.008
[component_container-11] 	 26.140	ErrTwis	 -0.598	 -0.891	  0.031	  0.007
[component_container-11] 	 26.140	    GPS	  1.155	  4.240	  5.054	     --
[component_container-11] 	 26.140	   Baro	     --	     --	  6.065	     --
[component_container-11] 	 26.140	  BBias	     --	     --	  1.067	     --
[component_container-11] 	 26.140	  Sonar	     --	     --	    inf	     --
[component_container-11] 	 26.140	  Magnt	     --	     --	     --	 -0.897
[component_container-11] 
[component_container-11] 	 26.170	   Pose	  1.086	  4.224	  5.003	 -0.946
[component_container-11] 	 26.170	  Twist	 -0.102	  0.839	 -0.058	 -0.273
[component_container-11] 	 26.170	ErrPose	 -0.192	  0.005	  0.052	  0.009
[component_container-11] 	 26.170	ErrTwis	 -0.586	 -0.918	  0.027	 -0.001
[component_container-11] 	 26.170	    GPS	  1.155	  4.240	  5.054	     --
[component_container-11] 	 26.170	   Baro	     --	     --	  6.136	     --
[component_container-11] 	 26.170	  BBias	     --	     --	  1.067	     --
[component_container-11] 	 26.170	  Sonar	     --	     --	    inf	     --
[component_container-11] 	 26.170	  Magnt	     --	     --	     --	 -0.860
[component_container-11] 
[component_container-11] 	 26.200	   Pose	  1.083	  4.249	  5.001	 -0.954
[component_container-11] 	 26.200	  Twist	 -0.101	  0.839	 -0.060	 -0.282
[component_container-11] 	 26.200	ErrPose	 -0.209	 -0.003	  0.053	  0.007
[component_container-11] 	 26.200	ErrTwis	 -0.561	 -0.970	  0.030	  0.007
[component_container-11] 	 26.200	    GPS	  1.155	  4.240	  5.054	     --
[component_container-11] 	 26.200	   Baro	     --	     --	  6.136	     --
[component_container-11] 	 26.200	  BBias	     --	     --	  1.067	     --
[component_container-11] 	 26.200	  Sonar	     --	     --	    inf	     --
[component_container-11] 	 26.200	  Magnt	     --	     --	     --	 -0.860
[component_container-11] 
[component_container-11] 	 26.240	   Pose	  1.079	  4.283	  5.015	 -0.964
[component_container-11] 	 26.240	  Twist	 -0.098	  0.840	 -0.046	 -0.275
[component_container-11] 	 26.240	ErrPose	 -0.227	 -0.022	  0.038	  0.007
[component_container-11] 	 26.240	ErrTwis	 -0.535	 -1.023	  0.015	 -0.001
[component_container-11] 	 26.240	    GPS	  1.155	  4.240	  5.054	     --
[component_container-11] 	 26.240	   Baro	     --	     --	  6.265	     --
[component_container-11] 	 26.240	  BBias	     --	     --	  1.068	     --
[component_container-11] 	 26.240	  Sonar	     --	     --	    inf	     --
[component_container-11] 	 26.240	  Magnt	     --	     --	     --	 -0.914
[component_container-11] 
[component_container-11] 	 26.270	   Pose	  1.076	  4.308	  5.035	 -0.972
[component_container-11] 	 26.270	  Twist	 -0.095	  0.839	 -0.025	 -0.274
[component_container-11] 	 26.270	ErrPose	 -0.235	 -0.040	  0.017	  0.009
[component_container-11] 	 26.270	ErrTwis	 -0.523	 -1.047	 -0.006	 -0.002
[component_container-11] 	 26.270	    GPS	  1.155	  4.240	  5.054	     --
[component_container-11] 	 26.270	   Baro	     --	     --	  6.337	     --
[component_container-11] 	 26.270	  BBias	     --	     --	  1.068	     --
[component_container-11] 	 26.270	  Sonar	     --	     --	    inf	     --
[component_container-11] 	 26.270	  Magnt	     --	     --	     --	 -0.955
[component_container-11] 
[component_container-11] 	 26.300	   Pose	  1.073	  4.333	  5.035	 -0.980
[component_container-11] 	 26.300	  Twist	 -0.092	  0.839	 -0.027	 -0.290
[component_container-11] 	 26.300	ErrPose	 -0.254	 -0.053	  0.017	  0.007
[component_container-11] 	 26.300	ErrTwis	 -0.494	 -1.096	 -0.005	  0.014
[component_container-11] 	 26.300	    GPS	  1.155	  4.240	  5.054	     --
[component_container-11] 	 26.300	   Baro	     --	     --	  6.337	     --
[component_container-11] 	 26.300	  BBias	     --	     --	  1.068	     --
[component_container-11] 	 26.300	  Sonar	     --	     --	    inf	     --
[component_container-11] 	 26.300	  Magnt	     --	     --	     --	 -0.955
[component_container-11] 
[component_container-11] 	 26.340	   Pose	  1.070	  4.367	  5.030	 -0.991
[component_container-11] 	 26.340	  Twist	 -0.090	  0.839	 -0.034	 -0.269
[component_container-11] 	 26.340	ErrPose	 -0.273	 -0.077	  0.021	  0.006
[component_container-11] 	 26.340	ErrTwis	 -0.462	 -1.144	  0.003	 -0.008
[component_container-11] 	 26.340	    GPS	  1.155	  4.240	  5.054	     --
[component_container-11] 	 26.340	   Baro	     --	     --	  6.067	     --
[component_container-11] 	 26.340	  BBias	     --	     --	  1.068	     --
[component_container-11] 	 26.340	  Sonar	     --	     --	    inf	     --
[component_container-11] 	 26.340	  Magnt	     --	     --	     --	 -0.942
[component_container-11] 
[component_container-11] 	 26.370	   Pose	  1.067	  4.392	  5.023	 -0.998
[component_container-11] 	 26.370	  Twist	 -0.087	  0.840	 -0.043	 -0.272
[component_container-11] 	 26.370	ErrPose	 -0.282	 -0.098	  0.027	  0.009
[component_container-11] 	 26.370	ErrTwis	 -0.448	 -1.167	  0.012	 -0.005
[component_container-11] 	 26.370	    GPS	  1.155	  4.240	  5.054	     --
[component_container-11] 	 26.370	   Baro	     --	     --	  6.028	     --
[component_container-11] 	 26.370	  BBias	     --	     --	  1.068	     --
[component_container-11] 	 26.370	  Sonar	     --	     --	    inf	     --
[component_container-11] 	 26.370	  Magnt	     --	     --	     --	 -0.957
[component_container-11] 
[component_container-11] 	 26.400	   Pose	  1.064	  4.417	  5.022	 -1.006
[component_container-11] 	 26.400	  Twist	 -0.084	  0.840	 -0.044	 -0.288
[component_container-11] 	 26.400	ErrPose	 -0.303	 -0.115	  0.027	  0.006
[component_container-11] 	 26.400	ErrTwis	 -0.414	 -1.211	  0.012	  0.010
[component_container-11] 	 26.400	    GPS	  1.155	  4.240	  5.054	     --
[component_container-11] 	 26.400	   Baro	     --	     --	  6.028	     --
[component_container-11] 	 26.400	  BBias	     --	     --	  1.068	     --
[component_container-11] 	 26.400	  Sonar	     --	     --	    inf	     --
[component_container-11] 	 26.400	  Magnt	     --	     --	     --	 -0.957
[component_container-11] 
[component_container-11] 	 26.440	   Pose	  1.061	  4.451	  5.031	 -1.017
[component_container-11] 	 26.440	  Twist	 -0.081	  0.841	 -0.035	 -0.284
[component_container-11] 	 26.440	ErrPose	 -0.324	 -0.144	  0.016	  0.006
[component_container-11] 	 26.440	ErrTwis	 -0.379	 -1.254	  0.002	  0.006
[component_container-11] 	 26.440	    GPS	  1.155	  4.240	  5.054	     --
[component_container-11] 	 26.440	   Baro	     --	     --	  6.212	     --
[component_container-11] 	 26.440	  BBias	     --	     --	  1.068	     --
[component_container-11] 	 26.440	  Sonar	     --	     --	    inf	     --
[component_container-11] 	 26.440	  Magnt	     --	     --	     --	 -0.989
[component_container-11] 
[component_container-11] 	 26.470	   Pose	  1.059	  4.476	  5.033	 -1.024
[component_container-11] 	 26.470	  Twist	 -0.079	  0.843	 -0.033	 -0.274
[component_container-11] 	 26.470	ErrPose	 -0.334	 -0.167	  0.014	  0.007
[component_container-11] 	 26.470	ErrTwis	 -0.362	 -1.275	  0.000	 -0.004
[component_container-11] 	 26.470	    GPS	  1.155	  4.240	  5.054	     --
[component_container-11] 	 26.470	   Baro	     --	     --	  6.129	     --
[component_container-11] 	 26.470	  BBias	     --	     --	  1.068	     --
[component_container-11] 	 26.470	  Sonar	     --	     --	    inf	     --
[component_container-11] 	 26.470	  Magnt	     --	     --	     --	 -0.962
[component_container-11] 
[component_container-11] 	 26.500	   Pose	  1.056	  4.502	  5.032	 -1.033
[component_container-11] 	 26.500	  Twist	 -0.076	  0.845	 -0.033	 -0.286
[component_container-11] 	 26.500	ErrPose	 -0.356	 -0.190	  0.013	  0.005
[component_container-11] 	 26.500	ErrTwis	 -0.324	 -1.314	  0.002	  0.008
[component_container-11] 	 26.500	    GPS	  1.155	  4.240	  5.054	     --
[component_container-11] 	 26.500	   Baro	     --	     --	  6.129	     --
[component_container-11] 	 26.500	  BBias	     --	     --	  1.068	     --
[component_container-11] 	 26.500	  Sonar	     --	     --	    inf	     --
[component_container-11] 	 26.500	  Magnt	     --	     --	     --	 -0.962
[component_container-11] 
[component_container-11] 	 26.540	   Pose	  1.028	  4.465	  5.036	 -1.043
[component_container-11] 	 26.540	  Twist	 -0.097	  0.780	 -0.030	 -0.280
[component_container-11] 	 26.540	ErrPose	 -0.353	 -0.153	  0.008	  0.004
[component_container-11] 	 26.540	ErrTwis	 -0.261	 -1.284	 -0.002	  0.002
[component_container-11] 	 26.540	    GPS	  1.034	  4.446	  5.045	     --
[component_container-11] 	 26.540	   Baro	     --	     --	  6.143	     --
[component_container-11] 	 26.540	  BBias	     --	     --	  1.068	     --
[component_container-11] 	 26.540	  Sonar	     --	     --	    inf	     --
[component_container-11] 	 26.540	  Magnt	     --	     --	     --	 -0.978
[component_container-11] 
[component_container-11] 	 26.570	   Pose	  1.025	  4.489	  5.032	 -1.051
[component_container-11] 	 26.570	  Twist	 -0.095	  0.780	 -0.033	 -0.280
[component_container-11] 	 26.570	ErrPose	 -0.362	 -0.176	  0.010	  0.007
[component_container-11] 	 26.570	ErrTwis	 -0.242	 -1.300	  0.002	  0.001
[component_container-11] 	 26.570	    GPS	  1.034	  4.446	  5.045	     --
[component_container-11] 	 26.570	   Baro	     --	     --	  6.071	     --
[component_container-11] 	 26.570	  BBias	     --	     --	  1.068	     --
[component_container-11] 	 26.570	  Sonar	     --	     --	    inf	     --
[component_container-11] 	 26.570	  Magnt	     --	     --	     --	 -1.056
[component_container-11] 
[component_container-11] 	 26.600	   Pose	  1.022	  4.512	  5.031	 -1.060
[component_container-11] 	 26.600	  Twist	 -0.092	  0.782	 -0.034	 -0.291
[component_container-11] 	 26.600	ErrPose	 -0.384	 -0.202	  0.009	  0.005
[component_container-11] 	 26.600	ErrTwis	 -0.201	 -1.332	  0.003	  0.012
[component_container-11] 	 26.600	    GPS	  1.034	  4.446	  5.045	     --
[component_container-11] 	 26.600	   Baro	     --	     --	  6.071	     --
[component_container-11] 	 26.600	  BBias	     --	     --	  1.068	     --
[component_container-11] 	 26.600	  Sonar	     --	     --	    inf	     --
[component_container-11] 	 26.600	  Magnt	     --	     --	     --	 -1.056
[component_container-11] 
[component_container-11] 	 26.640	   Pose	  1.019	  4.543	  5.028	 -1.071
[component_container-11] 	 26.640	  Twist	 -0.089	  0.785	 -0.038	 -0.288
[component_container-11] 	 26.640	ErrPose	 -0.406	 -0.237	  0.011	  0.005
[component_container-11] 	 26.640	ErrTwis	 -0.159	 -1.361	  0.006	  0.008
[component_container-11] 	 26.640	    GPS	  1.034	  4.446	  5.045	     --
[component_container-11] 	 26.640	   Baro	     --	     --	  6.077	     --
[component_container-11] 	 26.640	  BBias	     --	     --	  1.068	     --
[component_container-11] 	 26.640	  Sonar	     --	     --	    inf	     --
[component_container-11] 	 26.640	  Magnt	     --	     --	     --	 -1.044
[component_container-11] 
[component_container-11] 	 26.670	   Pose	  1.016	  4.567	  5.031	 -1.079
[component_container-11] 	 26.670	  Twist	 -0.087	  0.787	 -0.035	 -0.292
[component_container-11] 	 26.670	ErrPose	 -0.416	 -0.263	  0.007	  0.008
[component_container-11] 	 26.670	ErrTwis	 -0.139	 -1.376	  0.003	  0.013
[component_container-11] 	 26.670	    GPS	  1.034	  4.446	  5.045	     --
[component_container-11] 	 26.670	   Baro	     --	     --	  6.147	     --
[component_container-11] 	 26.670	  BBias	     --	     --	  1.068	     --
[component_container-11] 	 26.670	  Sonar	     --	     --	    inf	     --
[component_container-11] 	 26.670	  Magnt	     --	     --	     --	 -1.066
[component_container-11] 
[component_container-11] 	 26.700	   Pose	  1.013	  4.591	  5.030	 -1.088
[component_container-11] 	 26.700	  Twist	 -0.084	  0.790	 -0.037	 -0.286
[component_container-11] 	 26.700	ErrPose	 -0.438	 -0.293	  0.006	  0.005
[component_container-11] 	 26.700	ErrTwis	 -0.096	 -1.400	  0.004	  0.006
[component_container-11] 	 26.700	    GPS	  1.034	  4.446	  5.045	     --
[component_container-11] 	 26.700	   Baro	     --	     --	  6.147	     --
[component_container-11] 	 26.700	  BBias	     --	     --	  1.068	     --
[component_container-11] 	 26.700	  Sonar	     --	     --	    inf	     --
[component_container-11] 	 26.700	  Magnt	     --	     --	     --	 -1.066
[component_container-11] 
[component_container-11] 	 26.740	   Pose	  1.010	  4.622	  5.023	 -1.100
[component_container-11] 	 26.740	  Twist	 -0.080	  0.792	 -0.043	 -0.266
[component_container-11] 	 26.740	ErrPose	 -0.459	 -0.333	  0.011	  0.005
[component_container-11] 	 26.740	ErrTwis	 -0.054	 -1.421	  0.010	 -0.014
[component_container-11] 	 26.740	    GPS	  1.034	  4.446	  5.045	     --
[component_container-11] 	 26.740	   Baro	     --	     --	  6.026	     --
[component_container-11] 	 26.740	  BBias	     --	     --	  1.068	     --
[component_container-11] 	 26.740	  Sonar	     --	     --	    inf	     --
[component_container-11] 	 26.740	  Magnt	     --	     --	     --	 -1.094
[component_container-11] 
[component_container-11] 	 26.770	   Pose	  1.008	  4.646	  5.012	 -1.108
[component_container-11] 	 26.770	  Twist	 -0.077	  0.795	 -0.053	 -0.275
[component_container-11] 	 26.770	ErrPose	 -0.469	 -0.362	  0.021	  0.007
[component_container-11] 	 26.770	ErrTwis	 -0.033	 -1.432	  0.020	 -0.004
[component_container-11] 	 26.770	    GPS	  1.034	  4.446	  5.045	     --
[component_container-11] 	 26.770	   Baro	     --	     --	  5.985	     --
[component_container-11] 	 26.770	  BBias	     --	     --	  1.068	     --
[component_container-11] 	 26.770	  Sonar	     --	     --	    inf	     --
[component_container-11] 	 26.770	  Magnt	     --	     --	     --	 -1.078
[component_container-11] 
[component_container-11] 	 26.800	   Pose	  1.005	  4.670	  5.011	 -1.116
[component_container-11] 	 26.800	  Twist	 -0.075	  0.798	 -0.053	 -0.280
[component_container-11] 	 26.800	ErrPose	 -0.491	 -0.396	  0.020	  0.005
[component_container-11] 	 26.800	ErrTwis	  0.011	 -1.449	  0.021	  0.000
[component_container-11] 	 26.800	    GPS	  1.034	  4.446	  5.045	     --
[component_container-11] 	 26.800	   Baro	     --	     --	  5.985	     --
[component_container-11] 	 26.800	  BBias	     --	     --	  1.068	     --
[component_container-11] 	 26.800	  Sonar	     --	     --	    inf	     --
[component_container-11] 	 26.800	  Magnt	     --	     --	     --	 -1.078
[component_container-11] 
[component_container-11] 	 26.840	   Pose	  1.003	  4.702	  5.020	 -1.127
[component_container-11] 	 26.840	  Twist	 -0.071	  0.801	 -0.042	 -0.293
[component_container-11] 	 26.840	ErrPose	 -0.512	 -0.440	  0.009	  0.005
[component_container-11] 	 26.840	ErrTwis	  0.055	 -1.463	  0.011	  0.013
[component_container-11] 	 26.840	    GPS	  1.034	  4.446	  5.045	     --
[component_container-11] 	 26.840	   Baro	     --	     --	  6.207	     --
[component_container-11] 	 26.840	  BBias	     --	     --	  1.068	     --
[component_container-11] 	 26.840	  Sonar	     --	     --	    inf	     --
[component_container-11] 	 26.840	  Magnt	     --	     --	     --	 -1.087
[component_container-11] 
[component_container-11] 	 26.870	   Pose	  1.000	  4.726	  5.017	 -1.135
[component_container-11] 	 26.870	  Twist	 -0.068	  0.805	 -0.043	 -0.268
[component_container-11] 	 26.870	ErrPose	 -0.521	 -0.471	  0.011	  0.007
[component_container-11] 	 26.870	ErrTwis	  0.076	 -1.471	  0.013	 -0.012
[component_container-11] 	 26.870	    GPS	  1.034	  4.446	  5.045	     --
[component_container-11] 	 26.870	   Baro	     --	     --	  6.067	     --
[component_container-11] 	 26.870	  BBias	     --	     --	  1.068	     --
[component_container-11] 	 26.870	  Sonar	     --	     --	    inf	     --
[component_container-11] 	 26.870	  Magnt	     --	     --	     --	 -1.104
[component_container-11] 
[component_container-11] 	 26.900	   Pose	  0.998	  4.750	  5.016	 -1.144
[component_container-11] 	 26.900	  Twist	 -0.066	  0.807	 -0.043	 -0.297
[component_container-11] 	 26.900	ErrPose	 -0.542	 -0.510	  0.010	  0.004
[component_container-11] 	 26.900	ErrTwis	  0.122	 -1.480	  0.014	  0.017
[component_container-11] 	 26.900	    GPS	  1.034	  4.446	  5.045	     --
[component_container-11] 	 26.900	   Baro	     --	     --	  6.067	     --
[component_container-11] 	 26.900	  BBias	     --	     --	  1.068	     --
[component_container-11] 	 26.900	  Sonar	     --	     --	    inf	     --
[component_container-11] 	 26.900	  Magnt	     --	     --	     --	 -1.104
[component_container-11] 
[component_container-11] 	 26.940	   Pose	  0.996	  4.783	  5.018	 -1.155
[component_container-11] 	 26.940	  Twist	 -0.063	  0.812	 -0.040	 -0.294
[component_container-11] 	 26.940	ErrPose	 -0.562	 -0.558	  0.006	  0.004
[component_container-11] 	 26.940	ErrTwis	  0.166	 -1.490	  0.013	  0.015
[component_container-11] 	 26.940	    GPS	  1.034	  4.446	  5.045	     --
[component_container-11] 	 26.940	   Baro	     --	     --	  6.128	     --
[component_container-11] 	 26.940	  BBias	     --	     --	  1.068	     --
[component_container-11] 	 26.940	  Sonar	     --	     --	    inf	     --
[component_container-11] 	 26.940	  Magnt	     --	     --	     --	 -1.134
[component_container-11] 
[component_container-11] 	 26.970	   Pose	  0.994	  4.807	  5.016	 -1.163
[component_container-11] 	 26.970	  Twist	 -0.061	  0.816	 -0.042	 -0.278
[component_container-11] 	 26.970	ErrPose	 -0.572	 -0.591	  0.007	  0.007
[component_container-11] 	 26.970	ErrTwis	  0.188	 -1.495	  0.016	 -0.002
[component_container-11] 	 26.970	    GPS	  1.034	  4.446	  5.045	     --
[component_container-11] 	 26.970	   Baro	     --	     --	  6.077	     --
[component_container-11] 	 26.970	  BBias	     --	     --	  1.068	     --
[component_container-11] 	 26.970	  Sonar	     --	     --	    inf	     --
[component_container-11] 	 26.970	  Magnt	     --	     --	     --	 -1.139
[component_container-11] 
[component_container-11] [INFO] [1775368651.169806218] [drone.controller]: cmd_vel body=(0.697, -0.717, -0.003) yaw=-0.300 | odom_received=true | plan_points=74
[component_container-11] 	 27.000	   Pose	  0.992	  4.832	  5.015	 -1.171
[component_container-11] 	 27.000	  Twist	 -0.059	  0.819	 -0.043	 -0.262
[component_container-11] 	 27.000	ErrPose	 -0.592	 -0.634	  0.006	  0.004
[component_container-11] 	 27.000	ErrTwis	  0.233	 -1.500	  0.018	 -0.018
[component_container-11] 	 27.000	    GPS	  1.034	  4.446	  5.045	     --
[component_container-11] 	 27.000	   Baro	     --	     --	  6.077	     --
[component_container-11] 	 27.000	  BBias	     --	     --	  1.068	     --
[component_container-11] 	 27.000	  Sonar	     --	     --	    inf	     --
[component_container-11] 	 27.000	  Magnt	     --	     --	     --	 -1.139
[component_container-11] 
[component_container-11] [INFO] [1775368651.170290254] [drone.estimator]: TMP LOG err_xyz=(-0.592, -0.634, 0.006) | z_est=5.015 vz_est=-0.043 bias=1.068 | gps_z=5.045 sonar=inf baro=6.077
[component_container-11] [INFO] [1775368651.174453166] [drone.estimator]: TMP LOG gps innov_xy=(-0.406, -0.698) est_xy=(0.992, 4.840) gps_xy=(0.586, 4.142) corr_xy=(0.586, 4.142) vel_xy=(-0.058, 0.820)
[component_container-11] [INFO] [1775368651.174579986] [drone.estimator]: TMP LOG gps vel pseudo raw=(-0.896, -0.608) filt=(-0.827, -0.500) innov_v=(-0.716, -1.228) apply=(1,1)
[component_container-11] 	 27.040	   Pose	  0.764	  4.476	  5.023	 -1.182
[component_container-11] 	 27.040	  Twist	 -0.226	  0.531	 -0.034	 -0.284
[component_container-11] 	 27.040	ErrPose	 -0.385	 -0.299	 -0.004	  0.003
[component_container-11] 	 27.040	ErrTwis	  0.447	 -1.212	  0.011	  0.004
[component_container-11] 	 27.040	    GPS	  0.586	  4.142	  5.020	     --
[component_container-11] 	 27.040	   Baro	     --	     --	  6.193	     --
[component_container-11] 	 27.040	  BBias	     --	     --	  1.068	     --
[component_container-11] 	 27.040	  Sonar	     --	     --	    inf	     --
[component_container-11] 	 27.040	  Magnt	     --	     --	     --	 -1.130
[component_container-11] 
[component_container-11] 	 27.070	   Pose	  0.757	  4.492	  5.018	 -1.190
[component_container-11] 	 27.070	  Twist	 -0.223	  0.534	 -0.040	 -0.278
[component_container-11] 	 27.070	ErrPose	 -0.388	 -0.325	 -0.000	  0.006
[component_container-11] 	 27.070	ErrTwis	  0.468	 -1.214	  0.018	 -0.002
[component_container-11] 	 27.070	    GPS	  0.586	  4.142	  5.020	     --
[component_container-11] 	 27.070	   Baro	     --	     --	  6.038	     --
[component_container-11] 	 27.070	  BBias	     --	     --	  1.068	     --
[component_container-11] 	 27.070	  Sonar	     --	     --	    inf	     --
[component_container-11] 	 27.070	  Magnt	     --	     --	     --	 -1.183
[component_container-11] 
[component_container-11] 	 27.100	   Pose	  0.751	  4.508	  5.016	 -1.198
[component_container-11] 	 27.100	  Twist	 -0.221	  0.539	 -0.040	 -0.285
[component_container-11] 	 27.100	ErrPose	 -0.402	 -0.363	 -0.001	  0.003
[component_container-11] 	 27.100	ErrTwis	  0.512	 -1.216	  0.019	  0.005
[component_container-11] 	 27.100	    GPS	  0.586	  4.142	  5.020	     --
[component_container-11] 	 27.100	   Baro	     --	     --	  6.038	     --
[component_container-11] 	 27.100	  BBias	     --	     --	  1.068	     --
[component_container-11] 	 27.100	  Sonar	     --	     --	    inf	     --
[component_container-11] 	 27.100	  Magnt	     --	     --	     --	 -1.183
[component_container-11] 
[component_container-11] 	 27.140	   Pose	  0.742	  4.530	  5.008	 -1.208
[component_container-11] 	 27.140	  Twist	 -0.217	  0.544	 -0.049	 -0.277
[component_container-11] 	 27.140	ErrPose	 -0.413	 -0.408	  0.004	  0.002
[component_container-11] 	 27.140	ErrTwis	  0.554	 -1.217	  0.030	 -0.003
[component_container-11] 	 27.140	    GPS	  0.586	  4.142	  5.020	     --
[component_container-11] 	 27.140	   Baro	     --	     --	  6.006	     --
[component_container-11] 	 27.140	  BBias	     --	     --	  1.068	     --
[component_container-11] 	 27.140	  Sonar	     --	     --	    inf	     --
[component_container-11] 	 27.140	  Magnt	     --	     --	     --	 -1.165
[component_container-11] 
[component_container-11] 	 27.170	   Pose	  0.735	  4.546	  5.008	 -1.216
[component_container-11] 	 27.170	  Twist	 -0.215	  0.548	 -0.048	 -0.280
[component_container-11] 	 27.170	ErrPose	 -0.416	 -0.437	  0.003	  0.003
[component_container-11] 	 27.170	ErrTwis	  0.575	 -1.218	  0.030	  0.000
[component_container-11] 	 27.170	    GPS	  0.586	  4.142	  5.020	     --
[component_container-11] 	 27.170	   Baro	     --	     --	  6.092	     --
[component_container-11] 	 27.170	  BBias	     --	     --	  1.068	     --
[component_container-11] 	 27.170	  Sonar	     --	     --	    inf	     --
[component_container-11] 	 27.170	  Magnt	     --	     --	     --	 -1.166
[component_container-11] 
[component_container-11] 	 27.200	   Pose	  0.729	  4.563	  5.007	 -1.224
[component_container-11] 	 27.200	  Twist	 -0.212	  0.552	 -0.050	 -0.285
[component_container-11] 	 27.200	ErrPose	 -0.428	 -0.479	  0.002	  0.000
[component_container-11] 	 27.200	ErrTwis	  0.618	 -1.216	  0.032	  0.006
[component_container-11] 	 27.200	    GPS	  0.586	  4.142	  5.020	     --
[component_container-11] 	 27.200	   Baro	     --	     --	  6.092	     --
[component_container-11] 	 27.200	  BBias	     --	     --	  1.068	     --
[component_container-11] 	 27.200	  Sonar	     --	     --	    inf	     --
[component_container-11] 	 27.200	  Magnt	     --	     --	     --	 -1.166
[component_container-11] 
[component_container-11] 	 27.240	   Pose	  0.721	  4.585	  5.006	 -1.235
[component_container-11] 	 27.240	  Twist	 -0.209	  0.558	 -0.048	 -0.283
[component_container-11] 	 27.240	ErrPose	 -0.438	 -0.528	 -0.000	 -0.000
[component_container-11] 	 27.240	ErrTwis	  0.659	 -1.214	  0.032	  0.003
[component_container-11] 	 27.240	    GPS	  0.586	  4.142	  5.020	     --
[component_container-11] 	 27.240	   Baro	     --	     --	  6.096	     --
[component_container-11] 	 27.240	  BBias	     --	     --	  1.068	     --
[component_container-11] 	 27.240	  Sonar	     --	     --	    inf	     --
[component_container-11] 	 27.240	  Magnt	     --	     --	     --	 -1.185
[component_container-11] 
[component_container-11] 	 27.270	   Pose	  0.714	  4.602	  5.008	 -1.243
[component_container-11] 	 27.270	  Twist	 -0.207	  0.563	 -0.045	 -0.296
[component_container-11] 	 27.270	ErrPose	 -0.440	 -0.558	 -0.003	  0.002
[component_container-11] 	 27.270	ErrTwis	  0.679	 -1.214	  0.030	  0.017
[component_container-11] 	 27.270	    GPS	  0.586	  4.142	  5.020	     --
[component_container-11] 	 27.270	   Baro	     --	     --	  6.111	     --
[component_container-11] 	 27.270	  BBias	     --	     --	  1.068	     --
[component_container-11] 	 27.270	  Sonar	     --	     --	    inf	     --
[component_container-11] 	 27.270	  Magnt	     --	     --	     --	 -1.214
[component_container-11] 
[component_container-11] 	 27.300	   Pose	  0.708	  4.619	  5.007	 -1.251
[component_container-11] 	 27.300	  Twist	 -0.205	  0.567	 -0.046	 -0.287
[component_container-11] 	 27.300	ErrPose	 -0.451	 -0.604	 -0.004	 -0.000
[component_container-11] 	 27.300	ErrTwis	  0.720	 -1.209	  0.034	  0.008
[component_container-11] 	 27.300	    GPS	  0.586	  4.142	  5.020	     --
[component_container-11] 	 27.300	   Baro	     --	     --	  6.111	     --
[component_container-11] 	 27.300	  BBias	     --	     --	  1.068	     --
[component_container-11] 	 27.300	  Sonar	     --	     --	    inf	     --
[component_container-11] 	 27.300	  Magnt	     --	     --	     --	 -1.214
[component_container-11] 
[component_container-11] 	 27.340	   Pose	  0.700	  4.642	  5.013	 -1.262
[component_container-11] 	 27.340	  Twist	 -0.201	  0.573	 -0.040	 -0.287
[component_container-11] 	 27.340	ErrPose	 -0.460	 -0.657	 -0.013	 -0.001
[component_container-11] 	 27.340	ErrTwis	  0.759	 -1.204	  0.029	  0.007
[component_container-11] 	 27.340	    GPS	  0.586	  4.142	  5.020	     --
[component_container-11] 	 27.340	   Baro	     --	     --	  6.163	     --
[component_container-11] 	 27.340	  BBias	     --	     --	  1.068	     --
[component_container-11] 	 27.340	  Sonar	     --	     --	    inf	     --
[component_container-11] 	 27.340	  Magnt	     --	     --	     --	 -1.200
[component_container-11] 
[component_container-11] 	 27.370	   Pose	  0.694	  4.659	  5.017	 -1.270
[component_container-11] 	 27.370	  Twist	 -0.198	  0.578	 -0.035	 -0.276
[component_container-11] 	 27.370	ErrPose	 -0.462	 -0.689	 -0.018	  0.001
[component_container-11] 	 27.370	ErrTwis	  0.777	 -1.203	  0.025	 -0.004
[component_container-11] 	 27.370	    GPS	  0.586	  4.142	  5.020	     --
[component_container-11] 	 27.370	   Baro	     --	     --	  6.140	     --
[component_container-11] 	 27.370	  BBias	     --	     --	  1.068	     --
[component_container-11] 	 27.370	  Sonar	     --	     --	    inf	     --
[component_container-11] 	 27.370	  Magnt	     --	     --	     --	 -1.260
[component_container-11] 
[component_container-11] 	 27.400	   Pose	  0.688	  4.676	  5.016	 -1.278
[component_container-11] 	 27.400	  Twist	 -0.196	  0.583	 -0.036	 -0.271
[component_container-11] 	 27.400	ErrPose	 -0.472	 -0.739	 -0.020	 -0.002
[component_container-11] 	 27.400	ErrTwis	  0.815	 -1.197	  0.029	 -0.008
[component_container-11] 	 27.400	    GPS	  0.586	  4.142	  5.020	     --
[component_container-11] 	 27.400	   Baro	     --	     --	  6.140	     --
[component_container-11] 	 27.400	  BBias	     --	     --	  1.068	     --
[component_container-11] 	 27.400	  Sonar	     --	     --	    inf	     --
[component_container-11] 	 27.400	  Magnt	     --	     --	     --	 -1.260
[component_container-11] 
[component_container-11] 	 27.440	   Pose	  0.680	  4.700	  5.017	 -1.290
[component_container-11] 	 27.440	  Twist	 -0.192	  0.589	 -0.037	 -0.283
[component_container-11] 	 27.440	ErrPose	 -0.479	 -0.795	 -0.023	 -0.002
[component_container-11] 	 27.440	ErrTwis	  0.852	 -1.191	  0.032	  0.003
[component_container-11] 	 27.440	    GPS	  0.586	  4.142	  5.020	     --
[component_container-11] 	 27.440	   Baro	     --	     --	  6.110	     --
[component_container-11] 	 27.440	  BBias	     --	     --	  1.068	     --
[component_container-11] 	 27.440	  Sonar	     --	     --	    inf	     --
[component_container-11] 	 27.440	  Magnt	     --	     --	     --	 -1.261
[component_container-11] 
[component_container-11] 	 27.470	   Pose	  0.675	  4.718	  5.004	 -1.298
[component_container-11] 	 27.470	  Twist	 -0.189	  0.594	 -0.051	 -0.282
[component_container-11] 	 27.470	ErrPose	 -0.481	 -0.830	 -0.011	  0.001
[component_container-11] 	 27.470	ErrTwis	  0.869	 -1.190	  0.047	  0.003
[component_container-11] 	 27.470	    GPS	  0.586	  4.142	  5.020	     --
[component_container-11] 	 27.470	   Baro	     --	     --	  5.950	     --
[component_container-11] 	 27.470	  BBias	     --	     --	  1.068	     --
[component_container-11] 	 27.470	  Sonar	     --	     --	    inf	     --
[component_container-11] 	 27.470	  Magnt	     --	     --	     --	 -1.272
[component_container-11] 
[component_container-11] 	 27.500	   Pose	  0.669	  4.736	  5.002	 -1.306
[component_container-11] 	 27.500	  Twist	 -0.187	  0.599	 -0.053	 -0.284
[component_container-11] 	 27.500	ErrPose	 -0.489	 -0.882	 -0.013	 -0.002
[component_container-11] 	 27.500	ErrTwis	  0.906	 -1.183	  0.048	  0.005
[component_container-11] 	 27.500	    GPS	  0.586	  4.142	  5.020	     --
[component_container-11] 	 27.500	   Baro	     --	     --	  5.950	     --
[component_container-11] 	 27.500	  BBias	     --	     --	  1.068	     --
[component_container-11] 	 27.500	  Sonar	     --	     --	    inf	     --
[component_container-11] 	 27.500	  Magnt	     --	     --	     --	 -1.272
[component_container-11] 
[component_container-11] 	 27.540	   Pose	  0.400	  4.397	  5.007	 -1.316
[component_container-11] 	 27.540	  Twist	 -0.365	  0.360	 -0.047	 -0.279
[component_container-11] 	 27.540	ErrPose	 -0.234	 -0.580	 -0.021	 -0.003
[component_container-11] 	 27.540	ErrTwis	  1.121	 -0.932	  0.043	 -0.000
[component_container-11] 	 27.540	    GPS	  0.119	  3.960	  4.989	     --
[component_container-11] 	 27.540	   Baro	     --	     --	  6.190	     --
[component_container-11] 	 27.540	  BBias	     --	     --	  1.068	     --
[component_container-11] 	 27.540	  Sonar	     --	     --	    inf	     --
[component_container-11] 	 27.540	  Magnt	     --	     --	     --	 -1.246
[component_container-11] 
[component_container-11] [INFO] [1775368651.729483697] [drone.estimator]: TMP LOG sonar rejected: meas=3.887 est_z=4.999 innov=-1.112
[component_container-11] 	 27.570	   Pose	  0.389	  4.408	  4.999	 -1.324
[component_container-11] 	 27.570	  Twist	 -0.362	  0.365	 -0.055	 -0.284
[component_container-11] 	 27.570	ErrPose	 -0.230	 -0.609	 -0.013	 -0.001
[component_container-11] 	 27.570	ErrTwis	  1.136	 -0.931	  0.053	  0.005
[component_container-11] 	 27.570	    GPS	  0.119	  3.960	  4.989	     --
[component_container-11] 	 27.570	   Baro	     --	     --	  5.981	     --
[component_container-11] 	 27.570	  BBias	     --	     --	  1.068	     --
[component_container-11] 	 27.570	  Sonar	     --	     --	  3.887	     --
[component_container-11] 	 27.570	  Magnt	     --	     --	     --	 -1.297
[component_container-11] 
[component_container-11] 	 27.600	   Pose	  0.378	  4.419	  4.997	 -1.333
[component_container-11] 	 27.600	  Twist	 -0.359	  0.371	 -0.057	 -0.298
[component_container-11] 	 27.600	ErrPose	 -0.232	 -0.658	 -0.014	 -0.003
[component_container-11] 	 27.600	ErrTwis	  1.170	 -0.924	  0.056	  0.019
[component_container-11] 	 27.600	    GPS	  0.119	  3.960	  4.989	     --
[component_container-11] 	 27.600	   Baro	     --	     --	  5.981	     --
[component_container-11] 	 27.600	  BBias	     --	     --	  1.068	     --
[component_container-11] 	 27.600	  Sonar	     --	     --	  3.887	     --
[component_container-11] 	 27.600	  Magnt	     --	     --	     --	 -1.297
[component_container-11] 
[component_container-11] 	 27.640	   Pose	  0.364	  4.434	  4.994	 -1.344
[component_container-11] 	 27.640	  Twist	 -0.356	  0.378	 -0.060	 -0.281
[component_container-11] 	 27.640	ErrPose	 -0.231	 -0.711	 -0.014	 -0.003
[component_container-11] 	 27.640	ErrTwis	  1.201	 -0.918	  0.058	  0.002
[component_container-11] 	 27.640	    GPS	  0.119	  3.960	  4.989	     --
[component_container-11] 	 27.640	   Baro	     --	     --	  6.056	     --
[component_container-11] 	 27.640	  BBias	     --	     --	  1.068	     --
[component_container-11] 	 27.640	  Sonar	     --	     --	  3.711	     --
[component_container-11] 	 27.640	  Magnt	     --	     --	     --	 -1.324
[component_container-11] 
[component_container-11] 	 27.670	   Pose	  0.353	  4.445	  5.006	 -1.352
[component_container-11] 	 27.670	  Twist	 -0.354	  0.384	 -0.046	 -0.274
[component_container-11] 	 27.670	ErrPose	 -0.226	 -0.742	 -0.028	 -0.001
[component_container-11] 	 27.670	ErrTwis	  1.216	 -0.918	  0.045	 -0.005
[component_container-11] 	 27.670	    GPS	  0.119	  3.960	  4.989	     --
[component_container-11] 	 27.670	   Baro	     --	     --	  6.233	     --
[component_container-11] 	 27.670	  BBias	     --	     --	  1.068	     --
[component_container-11] 	 27.670	  Sonar	     --	     --	  3.136	     --
[component_container-11] 	 27.670	  Magnt	     --	     --	     --	 -1.349
[component_container-11] 
[component_container-11] 	 27.700	   Pose	  0.343	  4.457	  5.005	 -1.360
[component_container-11] 	 27.700	  Twist	 -0.352	  0.389	 -0.047	 -0.272
[component_container-11] 	 27.700	ErrPose	 -0.228	 -0.794	 -0.030	 -0.004
[component_container-11] 	 27.700	ErrTwis	  1.247	 -0.910	  0.046	 -0.007
[component_container-11] 	 27.700	    GPS	  0.119	  3.960	  4.989	     --
[component_container-11] 	 27.700	   Baro	     --	     --	  6.233	     --
[component_container-11] 	 27.700	  BBias	     --	     --	  1.068	     --
[component_container-11] 	 27.700	  Sonar	     --	     --	  3.136	     --
[component_container-11] 	 27.700	  Magnt	     --	     --	     --	 -1.349
[component_container-11] 
[component_container-11] 	 27.740	   Pose	  0.329	  4.473	  4.996	 -1.371
[component_container-11] 	 27.740	  Twist	 -0.349	  0.397	 -0.056	 -0.266
[component_container-11] 	 27.740	ErrPose	 -0.226	 -0.851	 -0.024	 -0.004
[component_container-11] 	 27.740	ErrTwis	  1.276	 -0.903	  0.054	 -0.013
[component_container-11] 	 27.740	    GPS	  0.119	  3.960	  4.989	     --
[component_container-11] 	 27.740	   Baro	     --	     --	  5.993	     --
[component_container-11] 	 27.740	  BBias	     --	     --	  1.068	     --
[component_container-11] 	 27.740	  Sonar	     --	     --	  2.553	     --
[component_container-11] 	 27.740	  Magnt	     --	     --	     --	 -1.348
[component_container-11] 
[component_container-11] 	 27.770	   Pose	  0.318	  4.485	  4.993	 -1.380
[component_container-11] 	 27.770	  Twist	 -0.347	  0.402	 -0.059	 -0.275
[component_container-11] 	 27.770	ErrPose	 -0.221	 -0.884	 -0.022	 -0.001
[component_container-11] 	 27.770	ErrTwis	  1.290	 -0.901	  0.056	 -0.003
[component_container-11] 	 27.770	    GPS	  0.119	  3.960	  4.989	     --
[component_container-11] 	 27.770	   Baro	     --	     --	  6.048	     --
[component_container-11] 	 27.770	  BBias	     --	     --	  1.068	     --
[component_container-11] 	 27.770	  Sonar	     --	     --	  2.475	     --
[component_container-11] 	 27.770	  Magnt	     --	     --	     --	 -1.397
[component_container-11] 
[component_container-11] 	 27.800	   Pose	  0.308	  4.497	  4.991	 -1.388
[component_container-11] 	 27.800	  Twist	 -0.345	  0.408	 -0.060	 -0.284
[component_container-11] 	 27.800	ErrPose	 -0.222	 -0.938	 -0.023	 -0.003
[component_container-11] 	 27.800	ErrTwis	  1.317	 -0.891	  0.055	  0.006
[component_container-11] 	 27.800	    GPS	  0.119	  3.960	  4.989	     --
[component_container-11] 	 27.800	   Baro	     --	     --	  6.048	     --
[component_container-11] 	 27.800	  BBias	     --	     --	  1.068	     --
[component_container-11] 	 27.800	  Sonar	     --	     --	  2.475	     --
[component_container-11] 	 27.800	  Magnt	     --	     --	     --	 -1.397
[component_container-11] 
[component_container-11] 	 27.840	   Pose	  0.294	  4.513	  4.986	 -1.399
[component_container-11] 	 27.840	  Twist	 -0.342	  0.417	 -0.063	 -0.279
[component_container-11] 	 27.840	ErrPose	 -0.219	 -0.998	 -0.021	 -0.004
[component_container-11] 	 27.840	ErrTwis	  1.343	 -0.884	  0.060	  0.000
[component_container-11] 	 27.840	    GPS	  0.119	  3.960	  4.989	     --
[component_container-11] 	 27.840	   Baro	     --	     --	  6.026	     --
[component_container-11] 	 27.840	  BBias	     --	     --	  1.068	     --
[component_container-11] 	 27.840	  Sonar	     --	     --	  2.495	     --
[component_container-11] 	 27.840	  Magnt	     --	     --	     --	 -1.368
[component_container-11] 
[component_container-11] 	 27.870	   Pose	  0.284	  4.526	  4.977	 -1.408
[component_container-11] 	 27.870	  Twist	 -0.340	  0.423	 -0.071	 -0.287
[component_container-11] 	 27.870	ErrPose	 -0.215	 -1.033	 -0.014	 -0.001
[component_container-11] 	 27.870	ErrTwis	  1.354	 -0.882	  0.070	  0.009
[component_container-11] 	 27.870	    GPS	  0.119	  3.960	  4.989	     --
[component_container-11] 	 27.870	   Baro	     --	     --	  5.975	     --
[component_container-11] 	 27.870	  BBias	     --	     --	  1.068	     --
[component_container-11] 	 27.870	  Sonar	     --	     --	  2.447	     --
[component_container-11] 	 27.870	  Magnt	     --	     --	     --	 -1.410
[component_container-11] 
[component_container-11] 	 27.900	   Pose	  0.274	  4.539	  4.975	 -1.416
[component_container-11] 	 27.900	  Twist	 -0.337	  0.428	 -0.071	 -0.278
[component_container-11] 	 27.900	ErrPose	 -0.215	 -1.090	 -0.015	 -0.004
[component_container-11] 	 27.900	ErrTwis	  1.379	 -0.872	  0.070	 -0.001
[component_container-11] 	 27.900	    GPS	  0.119	  3.960	  4.989	     --
[component_container-11] 	 27.900	   Baro	     --	     --	  5.975	     --
[component_container-11] 	 27.900	  BBias	     --	     --	  1.068	     --
[component_container-11] 	 27.900	  Sonar	     --	     --	  2.447	     --
[component_container-11] 	 27.900	  Magnt	     --	     --	     --	 -1.410
[component_container-11] 
[component_container-11] 	 27.940	   Pose	  0.260	  4.556	  4.967	 -1.427
[component_container-11] 	 27.940	  Twist	 -0.334	  0.436	 -0.077	 -0.260
[component_container-11] 	 27.940	ErrPose	 -0.212	 -1.152	 -0.009	 -0.004
[component_container-11] 	 27.940	ErrTwis	  1.401	 -0.865	  0.075	 -0.019
[component_container-11] 	 27.940	    GPS	  0.119	  3.960	  4.989	     --
[component_container-11] 	 27.940	   Baro	     --	     --	  5.987	     --
[component_container-11] 	 27.940	  BBias	     --	     --	  1.068	     --
[component_container-11] 	 27.940	  Sonar	     --	     --	  2.453	     --
[component_container-11] 	 27.940	  Magnt	     --	     --	     --	 -1.408
[component_container-11] 
[component_container-11] 	 27.970	   Pose	  0.250	  4.569	  4.958	 -1.436
[component_container-11] 	 27.970	  Twist	 -0.332	  0.442	 -0.084	 -0.277
[component_container-11] 	 27.970	ErrPose	 -0.207	 -1.188	 -0.002	 -0.000
[component_container-11] 	 27.970	ErrTwis	  1.410	 -0.863	  0.082	 -0.002
[component_container-11] 	 27.970	    GPS	  0.119	  3.960	  4.989	     --
[component_container-11] 	 27.970	   Baro	     --	     --	  5.961	     --
[component_container-11] 	 27.970	  BBias	     --	     --	  1.068	     --
[component_container-11] 	 27.970	  Sonar	     --	     --	  2.479	     --
[component_container-11] 	 27.970	  Magnt	     --	     --	     --	 -1.459
[component_container-11] 
[component_container-11] [INFO] [1775368652.174408295] [drone.controller]: cmd_vel body=(0.910, -0.414, 0.022) yaw=-0.300 | odom_received=true | plan_points=70
[component_container-11] 	 28.000	   Pose	  0.240	  4.582	  4.956	 -1.444
[component_container-11] 	 28.000	  Twist	 -0.329	  0.448	 -0.084	 -0.278
[component_container-11] 	 28.000	ErrPose	 -0.207	 -1.248	 -0.002	 -0.003
[component_container-11] 	 28.000	ErrTwis	  1.431	 -0.855	  0.084	 -0.001
[component_container-11] 	 28.000	    GPS	  0.119	  3.960	  4.989	     --
[component_container-11] 	 28.000	   Baro	     --	     --	  5.961	     --
[component_container-11] 	 28.000	  BBias	     --	     --	  1.068	     --
[component_container-11] 	 28.000	  Sonar	     --	     --	  2.479	     --
[component_container-11] 	 28.000	  Magnt	     --	     --	     --	 -1.459
[component_container-11] 
[component_container-11] [INFO] [1775368652.174821595] [drone.estimator]: TMP LOG err_xyz=(-0.207, -1.248, -0.002) | z_est=4.956 vz_est=-0.084 bias=1.068 | gps_z=4.989 sonar=2.479 baro=5.961
[component_container-11] [INFO] [1775368652.179540980] [drone.estimator]: TMP LOG gps innov_xy=(-0.074, -1.289) est_xy=(0.237, 4.587) gps_xy=(0.162, 3.298) corr_xy=(0.162, 3.298) vel_xy=(-0.328, 0.450)
[component_container-11] [INFO] [1775368652.179909240] [drone.estimator]: TMP LOG gps vel pseudo raw=(0.088, -1.324) filt=(-0.013, -1.230) innov_v=(0.324, -1.510) apply=(1,0)
[component_container-11] 	 28.040	   Pose	  0.251	  4.208	  4.957	 -1.456
[component_container-11] 	 28.040	  Twist	 -0.283	  0.287	 -0.080	 -0.276
[component_container-11] 	 28.040	ErrPose	 -0.227	 -0.921	 -0.006	 -0.003
[component_container-11] 	 28.040	ErrTwis	  1.407	 -0.680	  0.080	 -0.003
[component_container-11] 	 28.040	    GPS	  0.162	  3.298	  4.953	     --
[component_container-11] 	 28.040	   Baro	     --	     --	  6.080	     --
[component_container-11] 	 28.040	  BBias	     --	     --	  1.068	     --
[component_container-11] 	 28.040	  Sonar	     --	     --	  2.487	     --
[component_container-11] 	 28.040	  Magnt	     --	     --	     --	 -1.442
[component_container-11] 
[component_container-11] 	 28.070	   Pose	  0.242	  4.217	  4.965	 -1.465
[component_container-11] 	 28.070	  Twist	 -0.281	  0.293	 -0.069	 -0.291
[component_container-11] 	 28.070	ErrPose	 -0.224	 -0.953	 -0.015	  0.000
[component_container-11] 	 28.070	ErrTwis	  1.416	 -0.679	  0.069	  0.012
[component_container-11] 	 28.070	    GPS	  0.162	  3.298	  4.953	     --
[component_container-11] 	 28.070	   Baro	     --	     --	  6.163	     --
[component_container-11] 	 28.070	  BBias	     --	     --	  1.068	     --
[component_container-11] 	 28.070	  Sonar	     --	     --	  2.468	     --
[component_container-11] 	 28.070	  Magnt	     --	     --	     --	 -1.489
[component_container-11] 
[component_container-11] 	 28.100	   Pose	  0.234	  4.226	  4.963	 -1.473
[component_container-11] 	 28.100	  Twist	 -0.279	  0.299	 -0.068	 -0.277
[component_container-11] 	 28.100	ErrPose	 -0.225	 -1.010	 -0.016	 -0.002
[component_container-11] 	 28.100	ErrTwis	  1.434	 -0.672	  0.068	 -0.001
[component_container-11] 	 28.100	    GPS	  0.162	  3.298	  4.953	     --
[component_container-11] 	 28.100	   Baro	     --	     --	  6.163	     --
[component_container-11] 	 28.100	  BBias	     --	     --	  1.068	     --
[component_container-11] 	 28.100	  Sonar	     --	     --	  2.468	     --
[component_container-11] 	 28.100	  Magnt	     --	     --	     --	 -1.489
[component_container-11] 
[component_container-11] 	 28.140	   Pose	  0.223	  4.238	  4.953	 -1.484
[component_container-11] 	 28.140	  Twist	 -0.275	  0.307	 -0.076	 -0.282
[component_container-11] 	 28.140	ErrPose	 -0.224	 -1.071	 -0.008	 -0.002
[component_container-11] 	 28.140	ErrTwis	  1.449	 -0.666	  0.078	  0.003
[component_container-11] 	 28.140	    GPS	  0.162	  3.298	  4.953	     --
[component_container-11] 	 28.140	   Baro	     --	     --	  5.944	     --
[component_container-11] 	 28.140	  BBias	     --	     --	  1.068	     --
[component_container-11] 	 28.140	  Sonar	     --	     --	  2.456	     --
[component_container-11] 	 28.140	  Magnt	     --	     --	     --	 -1.479
[component_container-11] 
[component_container-11] 	 28.170	   Pose	  0.215	  4.247	  4.950	 -1.493
[component_container-11] 	 28.170	  Twist	 -0.273	  0.313	 -0.078	 -0.277
[component_container-11] 	 28.170	ErrPose	 -0.221	 -1.105	 -0.007	  0.000
[component_container-11] 	 28.170	ErrTwis	  1.456	 -0.666	  0.079	 -0.002
[component_container-11] 	 28.170	    GPS	  0.162	  3.298	  4.953	     --
[component_container-11] 	 28.170	   Baro	     --	     --	  6.012	     --
[component_container-11] 	 28.170	  BBias	     --	     --	  1.068	     --
[component_container-11] 	 28.170	  Sonar	     --	     --	  2.478	     --
[component_container-11] 	 28.170	  Magnt	     --	     --	     --	 -1.482
[component_container-11] 
[component_container-11] 	 28.200	   Pose	  0.206	  4.257	  4.948	 -1.501
[component_container-11] 	 28.200	  Twist	 -0.270	  0.319	 -0.078	 -0.272
[component_container-11] 	 28.200	ErrPose	 -0.222	 -1.163	 -0.007	 -0.003
[component_container-11] 	 28.200	ErrTwis	  1.471	 -0.659	  0.079	 -0.006
[component_container-11] 	 28.200	    GPS	  0.162	  3.298	  4.953	     --
[component_container-11] 	 28.200	   Baro	     --	     --	  6.012	     --
[component_container-11] 	 28.200	  BBias	     --	     --	  1.068	     --
[component_container-11] 	 28.200	  Sonar	     --	     --	  2.478	     --
[component_container-11] 	 28.200	  Magnt	     --	     --	     --	 -1.482
[component_container-11] 
[component_container-11] 	 28.240	   Pose	  0.196	  4.270	  4.951	 -1.511
[component_container-11] 	 28.240	  Twist	 -0.266	  0.328	 -0.071	 -0.273
[component_container-11] 	 28.240	ErrPose	 -0.221	 -1.226	 -0.012	 -0.003
[component_container-11] 	 28.240	ErrTwis	  1.483	 -0.657	  0.071	 -0.005
[component_container-11] 	 28.240	    GPS	  0.162	  3.298	  4.953	     --
[component_container-11] 	 28.240	   Baro	     --	     --	  6.085	     --
[component_container-11] 	 28.240	  BBias	     --	     --	  1.068	     --
[component_container-11] 	 28.240	  Sonar	     --	     --	  2.452	     --
[component_container-11] 	 28.240	  Magnt	     --	     --	     --	 -1.472
[component_container-11] 
[component_container-11] 	 28.270	   Pose	  0.188	  4.280	  4.949	 -1.519
[component_container-11] 	 28.270	  Twist	 -0.265	  0.334	 -0.070	 -0.283
[component_container-11] 	 28.270	ErrPose	 -0.218	 -1.261	 -0.011	 -0.001
[component_container-11] 	 28.270	ErrTwis	  1.488	 -0.658	  0.071	  0.005
[component_container-11] 	 28.270	    GPS	  0.162	  3.298	  4.953	     --
[component_container-11] 	 28.270	   Baro	     --	     --	  6.025	     --
[component_container-11] 	 28.270	  BBias	     --	     --	  1.068	     --
[component_container-11] 	 28.270	  Sonar	     --	     --	  2.435	     --
[component_container-11] 	 28.270	  Magnt	     --	     --	     --	 -1.482
[component_container-11] 
[component_container-11] 	 28.300	   Pose	  0.180	  4.290	  4.947	 -1.527
[component_container-11] 	 28.300	  Twist	 -0.262	  0.340	 -0.070	 -0.276
[component_container-11] 	 28.300	ErrPose	 -0.221	 -1.321	 -0.012	 -0.004
[component_container-11] 	 28.300	ErrTwis	  1.500	 -0.656	  0.073	 -0.003
[component_container-11] 	 28.300	    GPS	  0.162	  3.298	  4.953	     --
[component_container-11] 	 28.300	   Baro	     --	     --	  6.025	     --
[component_container-11] 	 28.300	  BBias	     --	     --	  1.068	     --
[component_container-11] 	 28.300	  Sonar	     --	     --	  2.435	     --
[component_container-11] 	 28.300	  Magnt	     --	     --	     --	 -1.482
[component_container-11] 
[component_container-11] 	 28.340	   Pose	  0.169	  4.303	  4.942	 -1.539
[component_container-11] 	 28.340	  Twist	 -0.259	  0.348	 -0.072	 -0.290
[component_container-11] 	 28.340	ErrPose	 -0.221	 -1.386	 -0.008	 -0.003
[component_container-11] 	 28.340	ErrTwis	  1.510	 -0.655	  0.073	  0.011
[component_container-11] 	 28.340	    GPS	  0.162	  3.298	  4.953	     --
[component_container-11] 	 28.340	   Baro	     --	     --	  5.985	     --
[component_container-11] 	 28.340	  BBias	     --	     --	  1.068	     --
[component_container-11] 	 28.340	  Sonar	     --	     --	  2.434	     --
[component_container-11] 	 28.340	  Magnt	     --	     --	     --	 -1.545
[component_container-11] 
[component_container-11] 	 28.370	   Pose	  0.162	  4.314	  4.929	 -1.547
[component_container-11] 	 28.370	  Twist	 -0.257	  0.355	 -0.084	 -0.275
[component_container-11] 	 28.370	ErrPose	 -0.218	 -1.422	  0.003	 -0.001
[component_container-11] 	 28.370	ErrTwis	  1.514	 -0.657	  0.083	 -0.004
[component_container-11] 	 28.370	    GPS	  0.162	  3.298	  4.953	     --
[component_container-11] 	 28.370	   Baro	     --	     --	  5.887	     --
[component_container-11] 	 28.370	  BBias	     --	     --	  1.068	     --
[component_container-11] 	 28.370	  Sonar	     --	     --	  2.422	     --
[component_container-11] 	 28.370	  Magnt	     --	     --	     --	 -1.541
[component_container-11] 
[component_container-11] 	 28.400	   Pose	  0.154	  4.325	  4.926	 -1.556
[component_container-11] 	 28.400	  Twist	 -0.254	  0.362	 -0.083	 -0.269
[component_container-11] 	 28.400	ErrPose	 -0.221	 -1.484	  0.004	 -0.004
[component_container-11] 	 28.400	ErrTwis	  1.522	 -0.654	  0.080	 -0.010
[component_container-11] 	 28.400	    GPS	  0.162	  3.298	  4.953	     --
[component_container-11] 	 28.400	   Baro	     --	     --	  5.887	     --
[component_container-11] 	 28.400	  BBias	     --	     --	  1.068	     --
[component_container-11] 	 28.400	  Sonar	     --	     --	  2.422	     --
[component_container-11] 	 28.400	  Magnt	     --	     --	     --	 -1.541
[component_container-11] 
[component_container-11] 	 28.440	   Pose	  0.144	  4.339	  4.910	 -1.567
[component_container-11] 	 28.440	  Twist	 -0.251	  0.371	 -0.095	 -0.284
[component_container-11] 	 28.440	ErrPose	 -0.222	 -1.550	  0.018	 -0.004
[component_container-11] 	 28.440	ErrTwis	  1.529	 -0.653	  0.094	  0.006
[component_container-11] 	 28.440	    GPS	  0.162	  3.298	  4.953	     --
[component_container-11] 	 28.440	   Baro	     --	     --	  5.853	     --
[component_container-11] 	 28.440	  BBias	     --	     --	  1.068	     --
[component_container-11] 	 28.440	  Sonar	     --	     --	  2.404	     --
[component_container-11] 	 28.440	  Magnt	     --	     --	     --	 -1.554
[component_container-11] 
[component_container-11] 	 28.470	   Pose	  0.136	  4.351	  4.919	 -1.576
[component_container-11] 	 28.470	  Twist	 -0.248	  0.377	 -0.082	 -0.280
[component_container-11] 	 28.470	ErrPose	 -0.220	 -1.587	  0.008	 -0.001
[component_container-11] 	 28.470	ErrTwis	  1.531	 -0.655	  0.080	  0.002
[component_container-11] 	 28.470	    GPS	  0.162	  3.298	  4.953	     --
[component_container-11] 	 28.470	   Baro	     --	     --	  6.106	     --
[component_container-11] 	 28.470	  BBias	     --	     --	  1.068	     --
[component_container-11] 	 28.470	  Sonar	     --	     --	  2.442	     --
[component_container-11] 	 28.470	  Magnt	     --	     --	     --	 -1.568
[component_container-11] 
[component_container-11] 	 28.500	   Pose	  0.129	  4.362	  4.917	 -1.584
[component_container-11] 	 28.500	  Twist	 -0.246	  0.384	 -0.081	 -0.284
[component_container-11] 	 28.500	ErrPose	 -0.223	 -1.650	  0.009	 -0.003
[component_container-11] 	 28.500	ErrTwis	  1.537	 -0.651	  0.076	  0.006
[component_container-11] 	 28.500	    GPS	  0.162	  3.298	  4.953	     --
[component_container-11] 	 28.500	   Baro	     --	     --	  6.106	     --
[component_container-11] 	 28.500	  BBias	     --	     --	  1.068	     --
[component_container-11] 	 28.500	  Sonar	     --	     --	  2.442	     --
[component_container-11] 	 28.500	  Magnt	     --	     --	     --	 -1.568
[component_container-11] 
[component_container-11] 	 28.540	   Pose	  0.126	  3.797	  4.910	 -1.595
[component_container-11] 	 28.540	  Twist	 -0.227	  0.126	 -0.082	 -0.265
[component_container-11] 	 28.540	ErrPose	 -0.232	 -1.137	  0.014	 -0.004
[component_container-11] 	 28.540	ErrTwis	  1.525	 -0.381	  0.077	 -0.013
[component_container-11] 	 28.540	    GPS	  0.093	  2.587	  4.925	     --
[component_container-11] 	 28.540	   Baro	     --	     --	  5.921	     --
[component_container-11] 	 28.540	  BBias	     --	     --	  1.068	     --
[component_container-11] 	 28.540	  Sonar	     --	     --	  2.448	     --
[component_container-11] 	 28.540	  Magnt	     --	     --	     --	 -1.572
[component_container-11] 
[component_container-11] [INFO] [1775368652.734622395] [drone.estimator]: TMP LOG sonar rejected: meas=2.403 est_z=4.905 innov=-2.502
[component_container-11] 	 28.570	   Pose	  0.120	  3.801	  4.904	 -1.603
[component_container-11] 	 28.570	  Twist	 -0.224	  0.132	 -0.085	 -0.286
[component_container-11] 	 28.570	ErrPose	 -0.231	 -1.166	  0.019	 -0.001
[component_container-11] 	 28.570	ErrTwis	  1.525	 -0.381	  0.082	  0.008
[component_container-11] 	 28.570	    GPS	  0.093	  2.587	  4.925	     --
[component_container-11] 	 28.570	   Baro	     --	     --	  5.933	     --
[component_container-11] 	 28.570	  BBias	     --	     --	  1.068	     --
[component_container-11] 	 28.570	  Sonar	     --	     --	  2.403	     --
[component_container-11] 	 28.570	  Magnt	     --	     --	     --	 -1.600
[component_container-11] 
[component_container-11] 	 28.600	   Pose	  0.113	  3.805	  4.902	 -1.612
[component_container-11] 	 28.600	  Twist	 -0.222	  0.137	 -0.085	 -0.290
[component_container-11] 	 28.600	ErrPose	 -0.235	 -1.223	  0.020	 -0.003
[component_container-11] 	 28.600	ErrTwis	  1.528	 -0.375	  0.083	  0.011
[component_container-11] 	 28.600	    GPS	  0.093	  2.587	  4.925	     --
[component_container-11] 	 28.600	   Baro	     --	     --	  5.933	     --
[component_container-11] 	 28.600	  BBias	     --	     --	  1.068	     --
[component_container-11] 	 28.600	  Sonar	     --	     --	  2.403	     --
[component_container-11] 	 28.600	  Magnt	     --	     --	     --	 -1.600
[component_container-11] 
[component_container-11] 	 28.640	   Pose	  0.104	  3.810	  4.890	 -1.623
[component_container-11] 	 28.640	  Twist	 -0.219	  0.147	 -0.091	 -0.287
[component_container-11] 	 28.640	ErrPose	 -0.238	 -1.280	  0.030	 -0.003
[component_container-11] 	 28.640	ErrTwis	  1.530	 -0.372	  0.088	  0.008
[component_container-11] 	 28.640	    GPS	  0.093	  2.587	  4.925	     --
[component_container-11] 	 28.640	   Baro	     --	     --	  5.872	     --
[component_container-11] 	 28.640	  BBias	     --	     --	  1.068	     --
[component_container-11] 	 28.640	  Sonar	     --	     --	  2.429	     --
[component_container-11] 	 28.640	  Magnt	     --	     --	     --	 -1.617
[component_container-11] 
[component_container-11] 	 28.670	   Pose	  0.098	  3.815	  4.869	 -1.631
[component_container-11] 	 28.670	  Twist	 -0.216	  0.154	 -0.109	 -0.284
[component_container-11] 	 28.670	ErrPose	 -0.237	 -1.311	  0.051	 -0.001
[component_container-11] 	 28.670	ErrTwis	  1.529	 -0.373	  0.106	  0.006
[component_container-11] 	 28.670	    GPS	  0.093	  2.587	  4.925	     --
[component_container-11] 	 28.670	   Baro	     --	     --	  5.728	     --
[component_container-11] 	 28.670	  BBias	     --	     --	  1.067	     --
[component_container-11] 	 28.670	  Sonar	     --	     --	  2.477	     --
[component_container-11] 	 28.670	  Magnt	     --	     --	     --	 -1.612
[component_container-11] 
[component_container-11] 	 28.700	   Pose	  0.091	  3.820	  4.866	 -1.640
[component_container-11] 	 28.700	  Twist	 -0.213	  0.161	 -0.107	 -0.292
[component_container-11] 	 28.700	ErrPose	 -0.242	 -1.367	  0.053	 -0.003
[component_container-11] 	 28.700	ErrTwis	  1.529	 -0.369	  0.107	  0.013
[component_container-11] 	 28.700	    GPS	  0.093	  2.587	  4.925	     --
[component_container-11] 	 28.700	   Baro	     --	     --	  5.728	     --
[component_container-11] 	 28.700	  BBias	     --	     --	  1.067	     --
[component_container-11] 	 28.700	  Sonar	     --	     --	  2.477	     --
[component_container-11] 	 28.700	  Magnt	     --	     --	     --	 -1.612
[component_container-11] 
[component_container-11] 	 28.740	   Pose	  0.083	  3.826	  4.865	 -1.652
[component_container-11] 	 28.740	  Twist	 -0.211	  0.168	 -0.103	 -0.283
[component_container-11] 	 28.740	ErrPose	 -0.245	 -1.426	  0.053	 -0.003
[component_container-11] 	 28.740	ErrTwis	  1.528	 -0.368	  0.106	  0.004
[component_container-11] 	 28.740	    GPS	  0.093	  2.587	  4.925	     --
[component_container-11] 	 28.740	   Baro	     --	     --	  5.978	     --
[component_container-11] 	 28.740	  BBias	     --	     --	  1.068	     --
[component_container-11] 	 28.740	  Sonar	     --	     --	  2.395	     --
[component_container-11] 	 28.740	  Magnt	     --	     --	     --	 -1.656
[component_container-11] 
[component_container-11] 	 28.770	   Pose	  0.076	  3.831	  4.867	 -1.661
[component_container-11] 	 28.770	  Twist	 -0.209	  0.175	 -0.097	 -0.302
[component_container-11] 	 28.770	ErrPose	 -0.245	 -1.457	  0.051	  0.000
[component_container-11] 	 28.770	ErrTwis	  1.527	 -0.370	  0.100	  0.023
[component_container-11] 	 28.770	    GPS	  0.093	  2.587	  4.925	     --
[component_container-11] 	 28.770	   Baro	     --	     --	  5.985	     --
[component_container-11] 	 28.770	  BBias	     --	     --	  1.068	     --
[component_container-11] 	 28.770	  Sonar	     --	     --	  2.472	     --
[component_container-11] 	 28.770	  Magnt	     --	     --	     --	 -1.665
[component_container-11] 
[component_container-11] 	 28.800	   Pose	  0.070	  3.837	  4.864	 -1.669
[component_container-11] 	 28.800	  Twist	 -0.206	  0.181	 -0.096	 -0.278
[component_container-11] 	 28.800	ErrPose	 -0.251	 -1.514	  0.053	 -0.002
[component_container-11] 	 28.800	ErrTwis	  1.525	 -0.370	  0.098	 -0.002
[component_container-11] 	 28.800	    GPS	  0.093	  2.587	  4.925	     --
[component_container-11] 	 28.800	   Baro	     --	     --	  5.985	     --
[component_container-11] 	 28.800	  BBias	     --	     --	  1.068	     --
[component_container-11] 	 28.800	  Sonar	     --	     --	  2.472	     --
[component_container-11] 	 28.800	  Magnt	     --	     --	     --	 -1.665
[component_container-11] 
[component_container-11] 	 28.840	   Pose	  0.062	  3.844	  4.859	 -1.680
[component_container-11] 	 28.840	  Twist	 -0.203	  0.191	 -0.094	 -0.290
[component_container-11] 	 28.840	ErrPose	 -0.256	 -1.573	  0.058	 -0.002
[component_container-11] 	 28.840	ErrTwis	  1.521	 -0.373	  0.099	  0.010
[component_container-11] 	 28.840	    GPS	  0.093	  2.587	  4.925	     --
[component_container-11] 	 28.840	   Baro	     --	     --	  5.921	     --
[component_container-11] 	 28.840	  BBias	     --	     --	  1.068	     --
[component_container-11] 	 28.840	  Sonar	     --	     --	  3.216	     --
[component_container-11] 	 28.840	  Magnt	     --	     --	     --	 -1.668
[component_container-11] 
[component_container-11] 	 28.870	   Pose	  0.056	  3.850	  4.846	 -1.689
[component_container-11] 	 28.870	  Twist	 -0.201	  0.198	 -0.105	 -0.284
[component_container-11] 	 28.870	ErrPose	 -0.256	 -1.605	  0.071	  0.001
[component_container-11] 	 28.870	ErrTwis	  1.518	 -0.377	  0.111	  0.005
[component_container-11] 	 28.870	    GPS	  0.093	  2.587	  4.925	     --
[component_container-11] 	 28.870	   Baro	     --	     --	  5.808	     --
[component_container-11] 	 28.870	  BBias	     --	     --	  1.067	     --
[component_container-11] 	 28.870	  Sonar	     --	     --	    inf	     --
[component_container-11] 	 28.870	  Magnt	     --	     --	     --	 -1.695
[component_container-11] 
[component_container-11] 	 28.900	   Pose	  0.050	  3.856	  4.843	 -1.698
[component_container-11] 	 28.900	  Twist	 -0.198	  0.204	 -0.103	 -0.284
[component_container-11] 	 28.900	ErrPose	 -0.263	 -1.662	  0.074	 -0.002
[component_container-11] 	 28.900	ErrTwis	  1.514	 -0.375	  0.109	  0.004
[component_container-11] 	 28.900	    GPS	  0.093	  2.587	  4.925	     --
[component_container-11] 	 28.900	   Baro	     --	     --	  5.808	     --
[component_container-11] 	 28.900	  BBias	     --	     --	  1.067	     --
[component_container-11] 	 28.900	  Sonar	     --	     --	    inf	     --
[component_container-11] 	 28.900	  Magnt	     --	     --	     --	 -1.695
[component_container-11] 
[component_container-11] 	 28.940	   Pose	  0.042	  3.864	  4.854	 -1.709
[component_container-11] 	 28.940	  Twist	 -0.195	  0.213	 -0.087	 -0.287
[component_container-11] 	 28.940	ErrPose	 -0.269	 -1.722	  0.062	 -0.001
[component_container-11] 	 28.940	ErrTwis	  1.508	 -0.375	  0.091	  0.007
[component_container-11] 	 28.940	    GPS	  0.093	  2.587	  4.925	     --
[component_container-11] 	 28.940	   Baro	     --	     --	  6.077	     --
[component_container-11] 	 28.940	  BBias	     --	     --	  1.068	     --
[component_container-11] 	 28.940	  Sonar	     --	     --	    inf	     --
[component_container-11] 	 28.940	  Magnt	     --	     --	     --	 -1.709
[component_container-11] 
[component_container-11] 	 28.970	   Pose	  0.036	  3.871	  4.851	 -1.718
[component_container-11] 	 28.970	  Twist	 -0.192	  0.219	 -0.085	 -0.278
[component_container-11] 	 28.970	ErrPose	 -0.270	 -1.754	  0.065	  0.002
[component_container-11] 	 28.970	ErrTwis	  1.504	 -0.377	  0.089	 -0.001
[component_container-11] 	 28.970	    GPS	  0.093	  2.587	  4.925	     --
[component_container-11] 	 28.970	   Baro	     --	     --	  5.920	     --
[component_container-11] 	 28.970	  BBias	     --	     --	  1.068	     --
[component_container-11] 	 28.970	  Sonar	     --	     --	    inf	     --
[component_container-11] 	 28.970	  Magnt	     --	     --	     --	 -1.719
[component_container-11] 
[component_container-11] [INFO] [1775368653.177838239] [drone.controller]: cmd_vel body=(0.986, -0.165, 0.020) yaw=-0.300 | odom_received=true | plan_points=63
[component_container-11] 	 29.000	   Pose	  0.031	  3.877	  4.849	 -1.727
[component_container-11] 	 29.000	  Twist	 -0.189	  0.225	 -0.083	 -0.286
[component_container-11] 	 29.000	ErrPose	 -0.277	 -1.811	  0.068	 -0.001
[component_container-11] 	 29.000	ErrTwis	  1.497	 -0.374	  0.090	  0.007
[component_container-11] 	 29.000	    GPS	  0.093	  2.587	  4.925	     --
[component_container-11] 	 29.000	   Baro	     --	     --	  5.920	     --
[component_container-11] 	 29.000	  BBias	     --	     --	  1.068	     --
[component_container-11] 	 29.000	  Sonar	     --	     --	    inf	     --
[component_container-11] 	 29.000	  Magnt	     --	     --	     --	 -1.719
[component_container-11] 
[component_container-11] [INFO] [1775368653.178110381] [drone.estimator]: TMP LOG err_xyz=(-0.277, -1.811, 0.068) | z_est=4.849 vz_est=-0.083 bias=1.068 | gps_z=4.925 sonar=inf baro=5.920
[component_container-11] [INFO] [1775368653.181365768] [drone.estimator]: TMP LOG gps innov_xy=(-0.096, -1.864) est_xy=(0.029, 3.880) gps_xy=(-0.068, 2.015) corr_xy=(-0.068, 2.015) vel_xy=(-0.188, 0.227)
[component_container-11] [INFO] [1775368653.181473122] [drone.estimator]: TMP LOG gps vel pseudo raw=(-0.321, -1.144) filt=(-0.302, -1.170) innov_v=(-0.101, -1.091) apply=(1,1)
[component_container-11] 	 29.040	   Pose	 -0.021	  3.052	  4.858	 -1.738
[component_container-11] 	 29.040	  Twist	 -0.215	 -0.275	 -0.071	 -0.289
[component_container-11] 	 29.040	ErrPose	 -0.240	 -1.036	  0.058	 -0.001
[component_container-11] 	 29.040	ErrTwis	  1.518	  0.136	  0.079	  0.010
[component_container-11] 	 29.040	    GPS	 -0.068	  2.015	  4.916	     --
[component_container-11] 	 29.040	   Baro	     --	     --	  5.936	     --
[component_container-11] 	 29.040	  BBias	     --	     --	  1.067	     --
[component_container-11] 	 29.040	  Sonar	     --	     --	    inf	     --
[component_container-11] 	 29.040	  Magnt	     --	     --	     --	 -1.711
[component_container-11] 
[component_container-11] 	 29.070	   Pose	 -0.027	  3.044	  4.866	 -1.746
[component_container-11] 	 29.070	  Twist	 -0.212	 -0.269	 -0.060	 -0.277
[component_container-11] 	 29.070	ErrPose	 -0.240	 -1.053	  0.050	  0.002
[component_container-11] 	 29.070	ErrTwis	  1.513	  0.135	  0.067	 -0.002
[component_container-11] 	 29.070	    GPS	 -0.068	  2.015	  4.916	     --
[component_container-11] 	 29.070	   Baro	     --	     --	  6.059	     --
[component_container-11] 	 29.070	  BBias	     --	     --	  1.067	     --
[component_container-11] 	 29.070	  Sonar	     --	     --	    inf	     --
[component_container-11] 	 29.070	  Magnt	     --	     --	     --	 -1.744
[component_container-11] 
[component_container-11] 	 29.100	   Pose	 -0.033	  3.036	  4.865	 -1.755
[component_container-11] 	 29.100	  Twist	 -0.209	 -0.262	 -0.059	 -0.301
[component_container-11] 	 29.100	ErrPose	 -0.248	 -1.095	  0.052	 -0.001
[component_container-11] 	 29.100	ErrTwis	  1.504	  0.139	  0.064	  0.022
[component_container-11] 	 29.100	    GPS	 -0.068	  2.015	  4.916	     --
[component_container-11] 	 29.100	   Baro	     --	     --	  6.059	     --
[component_container-11] 	 29.100	  BBias	     --	     --	  1.067	     --
[component_container-11] 	 29.100	  Sonar	     --	     --	    inf	     --
[component_container-11] 	 29.100	  Magnt	     --	     --	     --	 -1.744
[component_container-11] 
[component_container-11] 	 29.140	   Pose	 -0.042	  3.025	  4.877	 -1.766
[component_container-11] 	 29.140	  Twist	 -0.205	 -0.254	 -0.042	 -0.290
[component_container-11] 	 29.140	ErrPose	 -0.253	 -1.134	  0.041	  0.000
[component_container-11] 	 29.140	ErrTwis	  1.493	  0.142	  0.050	  0.012
[component_container-11] 	 29.140	    GPS	 -0.068	  2.015	  4.916	     --
[component_container-11] 	 29.140	   Baro	     --	     --	  6.109	     --
[component_container-11] 	 29.140	  BBias	     --	     --	  1.067	     --
[component_container-11] 	 29.140	  Sonar	     --	     --	    inf	     --
[component_container-11] 	 29.140	  Magnt	     --	     --	     --	 -1.769
[component_container-11] 
[component_container-11] 	 29.170	   Pose	 -0.048	  3.018	  4.877	 -1.775
[component_container-11] 	 29.170	  Twist	 -0.202	 -0.249	 -0.041	 -0.294
[component_container-11] 	 29.170	ErrPose	 -0.254	 -1.151	  0.041	  0.003
[component_container-11] 	 29.170	ErrTwis	  1.487	  0.141	  0.051	  0.016
[component_container-11] 	 29.170	    GPS	 -0.068	  2.015	  4.916	     --
[component_container-11] 	 29.170	   Baro	     --	     --	  5.960	     --
[component_container-11] 	 29.170	  BBias	     --	     --	  1.067	     --
[component_container-11] 	 29.170	  Sonar	     --	     --	    inf	     --
[component_container-11] 	 29.170	  Magnt	     --	     --	     --	 -1.767
[component_container-11] 
[component_container-11] 	 29.200	   Pose	 -0.054	  3.010	  4.876	 -1.783
[component_container-11] 	 29.200	  Twist	 -0.199	 -0.243	 -0.040	 -0.286
[component_container-11] 	 29.200	ErrPose	 -0.262	 -1.193	  0.043	  0.000
[component_container-11] 	 29.200	ErrTwis	  1.476	  0.145	  0.051	  0.008
[component_container-11] 	 29.200	    GPS	 -0.068	  2.015	  4.916	     --
[component_container-11] 	 29.200	   Baro	     --	     --	  5.960	     --
[component_container-11] 	 29.200	  BBias	     --	     --	  1.067	     --
[component_container-11] 	 29.200	  Sonar	     --	     --	    inf	     --
[component_container-11] 	 29.200	  Magnt	     --	     --	     --	 -1.767
[component_container-11] 
[component_container-11] 	 29.240	   Pose	 -0.062	  3.001	  4.884	 -1.795
[component_container-11] 	 29.240	  Twist	 -0.195	 -0.235	 -0.029	 -0.287
[component_container-11] 	 29.240	ErrPose	 -0.269	 -1.232	  0.035	  0.000
[component_container-11] 	 29.240	ErrTwis	  1.465	  0.144	  0.039	  0.009
[component_container-11] 	 29.240	    GPS	 -0.068	  2.015	  4.916	     --
[component_container-11] 	 29.240	   Baro	     --	     --	  6.060	     --
[component_container-11] 	 29.240	  BBias	     --	     --	  1.068	     --
[component_container-11] 	 29.240	  Sonar	     --	     --	    inf	     --
[component_container-11] 	 29.240	  Magnt	     --	     --	     --	 -1.769
[component_container-11] 
[component_container-11] 	 29.270	   Pose	 -0.067	  2.994	  4.887	 -1.803
[component_container-11] 	 29.270	  Twist	 -0.192	 -0.228	 -0.025	 -0.274
[component_container-11] 	 29.270	ErrPose	 -0.270	 -1.249	  0.033	  0.004
[component_container-11] 	 29.270	ErrTwis	  1.457	  0.140	  0.036	 -0.004
[component_container-11] 	 29.270	    GPS	 -0.068	  2.015	  4.916	     --
[component_container-11] 	 29.270	   Baro	     --	     --	  5.994	     --
[component_container-11] 	 29.270	  BBias	     --	     --	  1.068	     --
[component_container-11] 	 29.270	  Sonar	     --	     --	    inf	     --
[component_container-11] 	 29.270	  Magnt	     --	     --	     --	 -1.813
[component_container-11] 
[component_container-11] 	 29.300	   Pose	 -0.073	  2.987	  4.886	 -1.812
[component_container-11] 	 29.300	  Twist	 -0.189	 -0.222	 -0.025	 -0.282
[component_container-11] 	 29.300	ErrPose	 -0.279	 -1.290	  0.034	  0.001
[component_container-11] 	 29.300	ErrTwis	  1.446	  0.139	  0.039	  0.003
[component_container-11] 	 29.300	    GPS	 -0.068	  2.015	  4.916	     --
[component_container-11] 	 29.300	   Baro	     --	     --	  5.994	     --
[component_container-11] 	 29.300	  BBias	     --	     --	  1.068	     --
[component_container-11] 	 29.300	  Sonar	     --	     --	    inf	     --
[component_container-11] 	 29.300	  Magnt	     --	     --	     --	 -1.813
[component_container-11] 
[component_container-11] 	 29.340	   Pose	 -0.081	  2.978	  4.887	 -1.823
[component_container-11] 	 29.340	  Twist	 -0.186	 -0.215	 -0.023	 -0.274
[component_container-11] 	 29.340	ErrPose	 -0.287	 -1.328	  0.035	  0.001
[component_container-11] 	 29.340	ErrTwis	  1.433	  0.135	  0.037	 -0.005
[component_container-11] 	 29.340	    GPS	 -0.068	  2.015	  4.916	     --
[component_container-11] 	 29.340	   Baro	     --	     --	  5.973	     --
[component_container-11] 	 29.340	  BBias	     --	     --	  1.068	     --
[component_container-11] 	 29.340	  Sonar	     --	     --	    inf	     --
[component_container-11] 	 29.340	  Magnt	     --	     --	     --	 -1.806
[component_container-11] 
[component_container-11] 	 29.370	   Pose	 -0.086	  2.972	  4.885	 -1.832
[component_container-11] 	 29.370	  Twist	 -0.183	 -0.209	 -0.024	 -0.291
[component_container-11] 	 29.370	ErrPose	 -0.289	 -1.345	  0.036	  0.004
[component_container-11] 	 29.370	ErrTwis	  1.426	  0.131	  0.036	  0.011
[component_container-11] 	 29.370	    GPS	 -0.068	  2.015	  4.916	     --
[component_container-11] 	 29.370	   Baro	     --	     --	  5.947	     --
[component_container-11] 	 29.370	  BBias	     --	     --	  1.068	     --
[component_container-11] 	 29.370	  Sonar	     --	     --	    inf	     --
[component_container-11] 	 29.370	  Magnt	     --	     --	     --	 -1.831
[component_container-11] 
[component_container-11] 	 29.400	   Pose	 -0.092	  2.966	  4.885	 -1.840
[component_container-11] 	 29.400	  Twist	 -0.181	 -0.203	 -0.024	 -0.277
[component_container-11] 	 29.400	ErrPose	 -0.299	 -1.386	  0.038	  0.001
[component_container-11] 	 29.400	ErrTwis	  1.413	  0.130	  0.035	 -0.003
[component_container-11] 	 29.400	    GPS	 -0.068	  2.015	  4.916	     --
[component_container-11] 	 29.400	   Baro	     --	     --	  5.947	     --
[component_container-11] 	 29.400	  BBias	     --	     --	  1.068	     --
[component_container-11] 	 29.400	  Sonar	     --	     --	    inf	     --
[component_container-11] 	 29.400	  Magnt	     --	     --	     --	 -1.831
[component_container-11] 
[component_container-11] 	 29.440	   Pose	 -0.099	  2.958	  4.887	 -1.852
[component_container-11] 	 29.440	  Twist	 -0.177	 -0.195	 -0.022	 -0.299
[component_container-11] 	 29.440	ErrPose	 -0.308	 -1.424	  0.037	  0.002
[component_container-11] 	 29.440	ErrTwis	  1.398	  0.128	  0.035	  0.020
[component_container-11] 	 29.440	    GPS	 -0.068	  2.015	  4.916	     --
[component_container-11] 	 29.440	   Baro	     --	     --	  5.983	     --
[component_container-11] 	 29.440	  BBias	     --	     --	  1.068	     --
[component_container-11] 	 29.440	  Sonar	     --	     --	    inf	     --
[component_container-11] 	 29.440	  Magnt	     --	     --	     --	 -1.848
[component_container-11] 
[component_container-11] 	 29.470	   Pose	 -0.104	  2.952	  4.899	 -1.861
[component_container-11] 	 29.470	  Twist	 -0.174	 -0.189	 -0.009	 -0.279
[component_container-11] 	 29.470	ErrPose	 -0.310	 -1.441	  0.026	  0.005
[component_container-11] 	 29.470	ErrTwis	  1.390	  0.126	  0.022	 -0.001
[component_container-11] 	 29.470	    GPS	 -0.068	  2.015	  4.916	     --
[component_container-11] 	 29.470	   Baro	     --	     --	  6.095	     --
[component_container-11] 	 29.470	  BBias	     --	     --	  1.068	     --
[component_container-11] 	 29.470	  Sonar	     --	     --	    inf	     --
[component_container-11] 	 29.470	  Magnt	     --	     --	     --	 -1.903
[component_container-11] 
[component_container-11] 	 29.500	   Pose	 -0.109	  2.947	  4.898	 -1.869
[component_container-11] 	 29.500	  Twist	 -0.171	 -0.184	 -0.009	 -0.290
[component_container-11] 	 29.500	ErrPose	 -0.321	 -1.481	  0.027	  0.002
[component_container-11] 	 29.500	ErrTwis	  1.377	  0.128	  0.022	  0.011
[component_container-11] 	 29.500	    GPS	 -0.068	  2.015	  4.916	     --
[component_container-11] 	 29.500	   Baro	     --	     --	  6.095	     --
[component_container-11] 	 29.500	  BBias	     --	     --	  1.068	     --
[component_container-11] 	 29.500	  Sonar	     --	     --	    inf	     --
[component_container-11] 	 29.500	  Magnt	     --	     --	     --	 -1.903
[component_container-11] 
[component_container-11] 	 29.540	   Pose	 -0.188	  2.320	  4.902	 -1.881
[component_container-11] 	 29.540	  Twist	 -0.217	 -0.526	 -0.005	 -0.287
[component_container-11] 	 29.540	ErrPose	 -0.257	 -0.899	  0.025	  0.003
[component_container-11] 	 29.540	ErrTwis	  1.411	  0.479	  0.018	  0.008
[component_container-11] 	 29.540	    GPS	 -0.261	  1.439	  4.926	     --
[component_container-11] 	 29.540	   Baro	     --	     --	  5.958	     --
[component_container-11] 	 29.540	  BBias	     --	     --	  1.067	     --
[component_container-11] 	 29.540	  Sonar	     --	     --	    inf	     --
[component_container-11] 	 29.540	  Magnt	     --	     --	     --	 -1.905
[component_container-11] 
[component_container-11] 	 29.570	   Pose	 -0.195	  2.304	  4.896	 -1.890
[component_container-11] 	 29.570	  Twist	 -0.214	 -0.521	 -0.011	 -0.280
[component_container-11] 	 29.570	ErrPose	 -0.259	 -0.905	  0.032	  0.006
[component_container-11] 	 29.570	ErrTwis	  1.402	  0.478	  0.025	  0.001
[component_container-11] 	 29.570	    GPS	 -0.261	  1.439	  4.926	     --
[component_container-11] 	 29.570	   Baro	     --	     --	  5.894	     --
[component_container-11] 	 29.570	  BBias	     --	     --	  1.067	     --
[component_container-11] 	 29.570	  Sonar	     --	     --	    inf	     --
[component_container-11] 	 29.570	  Magnt	     --	     --	     --	 -1.870
[component_container-11] 
[component_container-11] 	 29.600	   Pose	 -0.201	  2.288	  4.896	 -1.898
[component_container-11] 	 29.600	  Twist	 -0.211	 -0.515	 -0.012	 -0.284
[component_container-11] 	 29.600	ErrPose	 -0.268	 -0.933	  0.033	  0.003
[component_container-11] 	 29.600	ErrTwis	  1.387	  0.482	  0.028	  0.005
[component_container-11] 	 29.600	    GPS	 -0.261	  1.439	  4.926	     --
[component_container-11] 	 29.600	   Baro	     --	     --	  5.894	     --
[component_container-11] 	 29.600	  BBias	     --	     --	  1.067	     --
[component_container-11] 	 29.600	  Sonar	     --	     --	    inf	     --
[component_container-11] 	 29.600	  Magnt	     --	     --	     --	 -1.870
[component_container-11] 
[component_container-11] 	 29.640	   Pose	 -0.209	  2.268	  4.899	 -1.910
[component_container-11] 	 29.640	  Twist	 -0.207	 -0.508	 -0.006	 -0.273
[component_container-11] 	 29.640	ErrPose	 -0.275	 -0.956	  0.031	  0.004
[component_container-11] 	 29.640	ErrTwis	  1.371	  0.484	  0.023	 -0.007
[component_container-11] 	 29.640	    GPS	 -0.261	  1.439	  4.926	     --
[component_container-11] 	 29.640	   Baro	     --	     --	  6.011	     --
[component_container-11] 	 29.640	  BBias	     --	     --	  1.067	     --
[component_container-11] 	 29.640	  Sonar	     --	     --	    inf	     --
[component_container-11] 	 29.640	  Magnt	     --	     --	     --	 -1.923
[component_container-11] 
[component_container-11] 	 29.670	   Pose	 -0.216	  2.253	  4.903	 -1.919
[component_container-11] 	 29.670	  Twist	 -0.204	 -0.503	 -0.003	 -0.296
[component_container-11] 	 29.670	ErrPose	 -0.277	 -0.963	  0.029	  0.007
[component_container-11] 	 29.670	ErrTwis	  1.362	  0.483	  0.019	  0.017
[component_container-11] 	 29.670	    GPS	 -0.261	  1.439	  4.926	     --
[component_container-11] 	 29.670	   Baro	     --	     --	  6.011	     --
[component_container-11] 	 29.670	  BBias	     --	     --	  1.067	     --
[component_container-11] 	 29.670	  Sonar	     --	     --	    inf	     --
[component_container-11] 	 29.670	  Magnt	     --	     --	     --	 -1.937
[component_container-11] 
[component_container-11] 	 29.700	   Pose	 -0.222	  2.238	  4.903	 -1.927
[component_container-11] 	 29.700	  Twist	 -0.201	 -0.498	 -0.002	 -0.275
[component_container-11] 	 29.700	ErrPose	 -0.287	 -0.990	  0.030	  0.004
[component_container-11] 	 29.700	ErrTwis	  1.345	  0.486	  0.020	 -0.004
[component_container-11] 	 29.700	    GPS	 -0.261	  1.439	  4.926	     --
[component_container-11] 	 29.700	   Baro	     --	     --	  6.011	     --
[component_container-11] 	 29.700	  BBias	     --	     --	  1.067	     --
[component_container-11] 	 29.700	  Sonar	     --	     --	    inf	     --
[component_container-11] 	 29.700	  Magnt	     --	     --	     --	 -1.937
[component_container-11] 
[component_container-11] 	 29.740	   Pose	 -0.230	  2.218	  4.897	 -1.938
[component_container-11] 	 29.740	  Twist	 -0.197	 -0.491	 -0.009	 -0.268
[component_container-11] 	 29.740	ErrPose	 -0.294	 -1.012	  0.037	  0.004
[component_container-11] 	 29.740	ErrTwis	  1.328	  0.487	  0.030	 -0.011
[component_container-11] 	 29.740	    GPS	 -0.261	  1.439	  4.926	     --
[component_container-11] 	 29.740	   Baro	     --	     --	  5.910	     --
[component_container-11] 	 29.740	  BBias	     --	     --	  1.067	     --
[component_container-11] 	 29.740	  Sonar	     --	     --	    inf	     --
[component_container-11] 	 29.740	  Magnt	     --	     --	     --	 -1.895
[component_container-11] 
[component_container-11] 	 29.770	   Pose	 -0.236	  2.203	  4.898	 -1.947
[component_container-11] 	 29.770	  Twist	 -0.193	 -0.486	 -0.008	 -0.269
[component_container-11] 	 29.770	ErrPose	 -0.296	 -1.019	  0.037	  0.007
[component_container-11] 	 29.770	ErrTwis	  1.318	  0.486	  0.031	 -0.011
[component_container-11] 	 29.770	    GPS	 -0.261	  1.439	  4.926	     --
[component_container-11] 	 29.770	   Baro	     --	     --	  5.974	     --
[component_container-11] 	 29.770	  BBias	     --	     --	  1.067	     --
[component_container-11] 	 29.770	  Sonar	     --	     --	    inf	     --
[component_container-11] 	 29.770	  Magnt	     --	     --	     --	 -1.984
[component_container-11] 
[component_container-11] 	 29.800	   Pose	 -0.241	  2.189	  4.898	 -1.956
[component_container-11] 	 29.800	  Twist	 -0.191	 -0.481	 -0.009	 -0.286
[component_container-11] 	 29.800	ErrPose	 -0.306	 -1.045	  0.039	  0.005
[component_container-11] 	 29.800	ErrTwis	  1.303	  0.486	  0.030	  0.006
[component_container-11] 	 29.800	    GPS	 -0.261	  1.439	  4.926	     --
[component_container-11] 	 29.800	   Baro	     --	     --	  5.974	     --
[component_container-11] 	 29.800	  BBias	     --	     --	  1.067	     --
[component_container-11] 	 29.800	  Sonar	     --	     --	    inf	     --
[component_container-11] 	 29.800	  Magnt	     --	     --	     --	 -1.984
[component_container-11] 
[component_container-11] 	 29.840	   Pose	 -0.249	  2.170	  4.899	 -1.967
[component_container-11] 	 29.840	  Twist	 -0.186	 -0.475	 -0.006	 -0.288
[component_container-11] 	 29.840	ErrPose	 -0.315	 -1.067	  0.039	  0.004
[component_container-11] 	 29.840	ErrTwis	  1.284	  0.485	  0.028	  0.007
[component_container-11] 	 29.840	    GPS	 -0.261	  1.439	  4.926	     --
[component_container-11] 	 29.840	   Baro	     --	     --	  5.990	     --
[component_container-11] 	 29.840	  BBias	     --	     --	  1.067	     --
[component_container-11] 	 29.840	  Sonar	     --	     --	    inf	     --
[component_container-11] 	 29.840	  Magnt	     --	     --	     --	 -1.941
[component_container-11] 
[component_container-11] 	 29.870	   Pose	 -0.254	  2.156	  4.908	 -1.975
[component_container-11] 	 29.870	  Twist	 -0.184	 -0.469	  0.002	 -0.279
[component_container-11] 	 29.870	ErrPose	 -0.317	 -1.072	  0.032	  0.008
[component_container-11] 	 29.870	ErrTwis	  1.275	  0.483	  0.021	 -0.001
[component_container-11] 	 29.870	    GPS	 -0.261	  1.439	  4.926	     --
[component_container-11] 	 29.870	   Baro	     --	     --	  6.061	     --
[component_container-11] 	 29.870	  BBias	     --	     --	  1.067	     --
[component_container-11] 	 29.870	  Sonar	     --	     --	    inf	     --
[component_container-11] 	 29.870	  Magnt	     --	     --	     --	 -1.976
[component_container-11] 
[component_container-11] 	 29.900	   Pose	 -0.260	  2.142	  4.908	 -1.983
[component_container-11] 	 29.900	  Twist	 -0.180	 -0.464	  0.002	 -0.275
[component_container-11] 	 29.900	ErrPose	 -0.328	 -1.098	  0.034	  0.004
[component_container-11] 	 29.900	ErrTwis	  1.258	  0.484	  0.024	 -0.005
[component_container-11] 	 29.900	    GPS	 -0.261	  1.439	  4.926	     --
[component_container-11] 	 29.900	   Baro	     --	     --	  6.061	     --
[component_container-11] 	 29.900	  BBias	     --	     --	  1.067	     --
[component_container-11] 	 29.900	  Sonar	     --	     --	    inf	     --
[component_container-11] 	 29.900	  Magnt	     --	     --	     --	 -1.976
[component_container-11] 
[component_container-11] 	 29.940	   Pose	 -0.267	  2.123	  4.912	 -1.994
[component_container-11] 	 29.940	  Twist	 -0.176	 -0.457	  0.005	 -0.296
[component_container-11] 	 29.940	ErrPose	 -0.336	 -1.119	  0.031	  0.004
[component_container-11] 	 29.940	ErrTwis	  1.241	  0.484	  0.021	  0.016
[component_container-11] 	 29.940	    GPS	 -0.261	  1.439	  4.926	     --
[component_container-11] 	 29.940	   Baro	     --	     --	  6.022	     --
[component_container-11] 	 29.940	  BBias	     --	     --	  1.068	     --
[component_container-11] 	 29.940	  Sonar	     --	     --	    inf	     --
[component_container-11] 	 29.940	  Magnt	     --	     --	     --	 -1.961
[component_container-11] 
[component_container-11] 	 29.970	   Pose	 -0.272	  2.109	  4.924	 -2.003
[component_container-11] 	 29.970	  Twist	 -0.173	 -0.452	  0.017	 -0.264
[component_container-11] 	 29.970	ErrPose	 -0.339	 -1.124	  0.020	  0.007
[component_container-11] 	 29.970	ErrTwis	  1.231	  0.482	  0.009	 -0.016
[component_container-11] 	 29.970	    GPS	 -0.261	  1.439	  4.926	     --
[component_container-11] 	 29.970	   Baro	     --	     --	  6.116	     --
[component_container-11] 	 29.970	  BBias	     --	     --	  1.068	     --
[component_container-11] 	 29.970	  Sonar	     --	     --	    inf	     --
[component_container-11] 	 29.970	  Magnt	     --	     --	     --	 -1.995
[component_container-11] 
[component_container-11] [INFO] [1775368654.180929829] [drone.controller]: cmd_vel body=(0.999, 0.033, 0.006) yaw=-0.300 | odom_received=true | plan_points=46
[component_container-11] 	 30.000	   Pose	 -0.277	  2.096	  4.925	 -2.011
[component_container-11] 	 30.000	  Twist	 -0.170	 -0.447	  0.017	 -0.281
[component_container-11] 	 30.000	ErrPose	 -0.350	 -1.149	  0.021	  0.004
[component_container-11] 	 30.000	ErrTwis	  1.214	  0.485	  0.011	  0.001
[component_container-11] 	 30.000	    GPS	 -0.261	  1.439	  4.926	     --
[component_container-11] 	 30.000	   Baro	     --	     --	  6.116	     --
[component_container-11] 	 30.000	  BBias	     --	     --	  1.068	     --
[component_container-11] 	 30.000	  Sonar	     --	     --	    inf	     --
[component_container-11] 	 30.000	  Magnt	     --	     --	     --	 -1.995
[component_container-11] 
[component_container-11] [INFO] [1775368654.181364250] [drone.estimator]: TMP LOG err_xyz=(-0.350, -1.149, 0.021) | z_est=4.925 vz_est=0.017 bias=1.068 | gps_z=4.926 sonar=inf baro=6.116
[component_container-11] [INFO] [1775368654.184386725] [drone.estimator]: TMP LOG gps innov_xy=(-0.345, -1.170) est_xy=(-0.279, 2.092) gps_xy=(-0.624, 0.922) corr_xy=(-0.624, 0.922) vel_xy=(-0.169, -0.446)
[component_container-11] [INFO] [1775368654.184827525] [drone.estimator]: TMP LOG gps vel pseudo raw=(-0.726, -1.036) filt=(-0.691, -1.048) innov_v=(-0.477, -0.439) apply=(1,1)
[component_container-11] 	 30.040	   Pose	 -0.457	  1.635	  4.928	 -2.023
[component_container-11] 	 30.040	  Twist	 -0.289	 -0.676	  0.017	 -0.286
[component_container-11] 	 30.040	ErrPose	 -0.186	 -0.726	  0.020	  0.005
[component_container-11] 	 30.040	ErrTwis	  1.319	  0.722	  0.013	  0.006
[component_container-11] 	 30.040	    GPS	 -0.624	  0.922	  4.947	     --
[component_container-11] 	 30.040	   Baro	     --	     --	  5.976	     --
[component_container-11] 	 30.040	  BBias	     --	     --	  1.067	     --
[component_container-11] 	 30.040	  Sonar	     --	     --	    inf	     --
[component_container-11] 	 30.040	  Magnt	     --	     --	     --	 -2.038
[component_container-11] 
[component_container-11] 	 30.070	   Pose	 -0.465	  1.615	  4.930	 -2.032
[component_container-11] 	 30.070	  Twist	 -0.285	 -0.672	  0.018	 -0.269
[component_container-11] 	 30.070	ErrPose	 -0.185	 -0.725	  0.019	  0.008
[component_container-11] 	 30.070	ErrTwis	  1.309	  0.722	  0.012	 -0.011
[component_container-11] 	 30.070	    GPS	 -0.624	  0.922	  4.947	     --
[component_container-11] 	 30.070	   Baro	     --	     --	  6.015	     --
[component_container-11] 	 30.070	  BBias	     --	     --	  1.067	     --
[component_container-11] 	 30.070	  Sonar	     --	     --	    inf	     --
[component_container-11] 	 30.070	  Magnt	     --	     --	     --	 -2.058
[component_container-11] 
[component_container-11] 	 30.100	   Pose	 -0.474	  1.595	  4.930	 -2.040
[component_container-11] 	 30.100	  Twist	 -0.283	 -0.667	  0.017	 -0.289
[component_container-11] 	 30.100	ErrPose	 -0.192	 -0.742	  0.021	  0.006
[component_container-11] 	 30.100	ErrTwis	  1.293	  0.726	  0.011	  0.009
[component_container-11] 	 30.100	    GPS	 -0.624	  0.922	  4.947	     --
[component_container-11] 	 30.100	   Baro	     --	     --	  6.015	     --
[component_container-11] 	 30.100	  BBias	     --	     --	  1.067	     --
[component_container-11] 	 30.100	  Sonar	     --	     --	    inf	     --
[component_container-11] 	 30.100	  Magnt	     --	     --	     --	 -2.058
[component_container-11] 
[component_container-11] 	 30.140	   Pose	 -0.485	  1.568	  4.939	 -2.052
[component_container-11] 	 30.140	  Twist	 -0.278	 -0.660	  0.024	 -0.285
[component_container-11] 	 30.140	ErrPose	 -0.196	 -0.751	  0.015	  0.006
[component_container-11] 	 30.140	ErrTwis	  1.274	  0.727	  0.005	  0.005
[component_container-11] 	 30.140	    GPS	 -0.624	  0.922	  4.947	     --
[component_container-11] 	 30.140	   Baro	     --	     --	  6.091	     --
[component_container-11] 	 30.140	  BBias	     --	     --	  1.068	     --
[component_container-11] 	 30.140	  Sonar	     --	     --	    inf	     --
[component_container-11] 	 30.140	  Magnt	     --	     --	     --	 -2.056
[component_container-11] 
[component_container-11] 	 30.170	   Pose	 -0.493	  1.549	  4.936	 -2.061
[component_container-11] 	 30.170	  Twist	 -0.276	 -0.656	  0.019	 -0.293
[component_container-11] 	 30.170	ErrPose	 -0.195	 -0.750	  0.018	  0.009
[component_container-11] 	 30.170	ErrTwis	  1.264	  0.728	  0.011	  0.013
[component_container-11] 	 30.170	    GPS	 -0.624	  0.922	  4.947	     --
[component_container-11] 	 30.170	   Baro	     --	     --	  5.967	     --
[component_container-11] 	 30.170	  BBias	     --	     --	  1.067	     --
[component_container-11] 	 30.170	  Sonar	     --	     --	    inf	     --
[component_container-11] 	 30.170	  Magnt	     --	     --	     --	 -2.066
[component_container-11] 
[component_container-11] 	 30.200	   Pose	 -0.502	  1.529	  4.937	 -2.069
[component_container-11] 	 30.200	  Twist	 -0.273	 -0.652	  0.018	 -0.270
[component_container-11] 	 30.200	ErrPose	 -0.202	 -0.766	  0.020	  0.006
[component_container-11] 	 30.200	ErrTwis	  1.248	  0.733	  0.014	 -0.010
[component_container-11] 	 30.200	    GPS	 -0.624	  0.922	  4.947	     --
[component_container-11] 	 30.200	   Baro	     --	     --	  5.967	     --
[component_container-11] 	 30.200	  BBias	     --	     --	  1.067	     --
[component_container-11] 	 30.200	  Sonar	     --	     --	    inf	     --
[component_container-11] 	 30.200	  Magnt	     --	     --	     --	 -2.066
[component_container-11] 
[component_container-11] 	 30.240	   Pose	 -0.512	  1.503	  4.938	 -2.080
[component_container-11] 	 30.240	  Twist	 -0.269	 -0.646	  0.017	 -0.283
[component_container-11] 	 30.240	ErrPose	 -0.206	 -0.775	  0.021	  0.006
[component_container-11] 	 30.240	ErrTwis	  1.230	  0.735	  0.015	  0.004
[component_container-11] 	 30.240	    GPS	 -0.624	  0.922	  4.947	     --
[component_container-11] 	 30.240	   Baro	     --	     --	  6.008	     --
[component_container-11] 	 30.240	  BBias	     --	     --	  1.067	     --
[component_container-11] 	 30.240	  Sonar	     --	     --	    inf	     --
[component_container-11] 	 30.240	  Magnt	     --	     --	     --	 -2.058
[component_container-11] 
[component_container-11] 	 30.270	   Pose	 -0.521	  1.484	  4.948	 -2.089
[component_container-11] 	 30.270	  Twist	 -0.266	 -0.642	  0.026	 -0.266
[component_container-11] 	 30.270	ErrPose	 -0.205	 -0.773	  0.011	  0.009
[component_container-11] 	 30.270	ErrTwis	  1.220	  0.736	  0.005	 -0.014
[component_container-11] 	 30.270	    GPS	 -0.624	  0.922	  4.947	     --
[component_container-11] 	 30.270	   Baro	     --	     --	  6.123	     --
[component_container-11] 	 30.270	  BBias	     --	     --	  1.068	     --
[component_container-11] 	 30.270	  Sonar	     --	     --	    inf	     --
[component_container-11] 	 30.270	  Magnt	     --	     --	     --	 -2.084
[component_container-11] 
[component_container-11] 	 30.300	   Pose	 -0.528	  1.465	  4.949	 -2.097
[component_container-11] 	 30.300	  Twist	 -0.263	 -0.638	  0.024	 -0.288
[component_container-11] 	 30.300	ErrPose	 -0.212	 -0.788	  0.012	  0.006
[component_container-11] 	 30.300	ErrTwis	  1.203	  0.740	  0.009	  0.009
[component_container-11] 	 30.300	    GPS	 -0.624	  0.922	  4.947	     --
[component_container-11] 	 30.300	   Baro	     --	     --	  6.123	     --
[component_container-11] 	 30.300	  BBias	     --	     --	  1.068	     --
[component_container-11] 	 30.300	  Sonar	     --	     --	    inf	     --
[component_container-11] 	 30.300	  Magnt	     --	     --	     --	 -2.084
[component_container-11] 
[component_container-11] 	 30.340	   Pose	 -0.539	  1.439	  4.943	 -2.108
[component_container-11] 	 30.340	  Twist	 -0.259	 -0.632	  0.015	 -0.306
[component_container-11] 	 30.340	ErrPose	 -0.216	 -0.797	  0.020	  0.006
[component_container-11] 	 30.340	ErrTwis	  1.186	  0.743	  0.019	 59.065
[component_container-11] 	 30.340	    GPS	 -0.624	  0.922	  4.947	     --
[component_container-11] 	 30.340	   Baro	     --	     --	  5.937	     --
[component_container-11] 	 30.340	  BBias	     --	     --	  1.068	     --
[component_container-11] 	 30.340	  Sonar	     --	     --	    inf	     --
[component_container-11] 	 30.340	  Magnt	     --	     --	     --	 -2.060
[component_container-11] 
[component_container-11] 	 30.370	   Pose	 -0.547	  1.420	  4.951	 -2.117
[component_container-11] 	 30.370	  Twist	 -0.256	 -0.629	  0.021	 -0.272
[component_container-11] 	 30.370	ErrPose	 -0.215	 -0.795	  0.014	  0.009
[component_container-11] 	 30.370	ErrTwis	  1.177	  0.744	  0.013	 59.031
[component_container-11] 	 30.370	    GPS	 -0.624	  0.922	  4.947	     --
[component_container-11] 	 30.370	   Baro	     --	     --	  6.094	     --
[component_container-11] 	 30.370	  BBias	     --	     --	  1.068	     --
[component_container-11] 	 30.370	  Sonar	     --	     --	    inf	     --
[component_container-11] 	 30.370	  Magnt	     --	     --	     --	 -2.144
[component_container-11] 
[component_container-11] 	 30.400	   Pose	 -0.554	  1.401	  4.951	 -2.125
[component_container-11] 	 30.400	  Twist	 -0.253	 -0.624	  0.020	 -0.270
[component_container-11] 	 30.400	ErrPose	 -0.221	 -0.809	  0.015	  0.006
[component_container-11] 	 30.400	ErrTwis	  1.160	  0.749	  0.014	 59.029
[component_container-11] 	 30.400	    GPS	 -0.624	  0.922	  4.947	     --
[component_container-11] 	 30.400	   Baro	     --	     --	  6.094	     --
[component_container-11] 	 30.400	  BBias	     --	     --	  1.068	     --
[component_container-11] 	 30.400	  Sonar	     --	     --	    inf	     --
[component_container-11] 	 30.400	  Magnt	     --	     --	     --	 -2.144
[component_container-11] 
[component_container-11] 	 30.440	   Pose	 -0.564	  1.377	  4.949	 -2.136
[component_container-11] 	 30.440	  Twist	 -0.248	 -0.619	  0.016	 -0.289
[component_container-11] 	 30.440	ErrPose	 -0.225	 -0.818	  0.019	  0.006
[component_container-11] 	 30.440	ErrTwis	  1.141	  0.752	  0.019	  0.009
[component_container-11] 	 30.440	    GPS	 -0.624	  0.922	  4.947	     --
[component_container-11] 	 30.440	   Baro	     --	     --	  5.990	     --
[component_container-11] 	 30.440	  BBias	     --	     --	  1.068	     --
[component_container-11] 	 30.440	  Sonar	     --	     --	    inf	     --
[component_container-11] 	 30.440	  Magnt	     --	     --	     --	 -2.133
[component_container-11] 
[component_container-11] 	 30.470	   Pose	 -0.572	  1.358	  4.959	 -2.144
[component_container-11] 	 30.470	  Twist	 -0.246	 -0.615	  0.024	 -0.293
[component_container-11] 	 30.470	ErrPose	 -0.225	 -0.815	  0.010	  0.009
[component_container-11] 	 30.470	ErrTwis	  1.132	  0.753	  0.011	  0.013
[component_container-11] 	 30.470	    GPS	 -0.624	  0.922	  4.947	     --
[component_container-11] 	 30.470	   Baro	     --	     --	  6.121	     --
[component_container-11] 	 30.470	  BBias	     --	     --	  1.068	     --
[component_container-11] 	 30.470	  Sonar	     --	     --	    inf	     --
[component_container-11] 	 30.470	  Magnt	     --	     --	     --	 -2.110
[component_container-11] 
[component_container-11] 	 30.500	   Pose	 -0.579	  1.340	  4.960	 -2.153
[component_container-11] 	 30.500	  Twist	 -0.243	 -0.611	  0.023	 -0.283
[component_container-11] 	 30.500	ErrPose	 -0.231	 -0.829	  0.011	  0.006
[component_container-11] 	 30.500	ErrTwis	  1.117	  0.758	  0.013	  0.004
[component_container-11] 	 30.500	    GPS	 -0.624	  0.922	  4.947	     --
[component_container-11] 	 30.500	   Baro	     --	     --	  6.121	     --
[component_container-11] 	 30.500	  BBias	     --	     --	  1.068	     --
[component_container-11] 	 30.500	  Sonar	     --	     --	    inf	     --
[component_container-11] 	 30.500	  Magnt	     --	     --	     --	 -2.110
[component_container-11] 
[component_container-11] 	 30.540	   Pose	 -0.603	  0.985	  4.962	 -2.164
[component_container-11] 	 30.540	  Twist	 -0.235	 -0.775	  0.021	 -0.271
[component_container-11] 	 30.540	ErrPose	 -0.220	 -0.506	  0.011	  0.006
[component_container-11] 	 30.540	ErrTwis	  1.095	  0.931	  0.015	 -0.008
[component_container-11] 	 30.540	    GPS	 -0.673	  0.417	  4.972	     --
[component_container-11] 	 30.540	   Baro	     --	     --	  6.016	     --
[component_container-11] 	 30.540	  BBias	     --	     --	  1.067	     --
[component_container-11] 	 30.540	  Sonar	     --	     --	    inf	     --
[component_container-11] 	 30.540	  Magnt	     --	     --	     --	 -2.139
[component_container-11] 
[component_container-11] 	 30.570	   Pose	 -0.610	  0.962	  4.963	 -2.173
[component_container-11] 	 30.570	  Twist	 -0.232	 -0.770	  0.020	 -0.290
[component_container-11] 	 30.570	ErrPose	 -0.220	 -0.499	  0.011	  0.009
[component_container-11] 	 30.570	ErrTwis	  1.086	  0.931	  0.016	  0.011
[component_container-11] 	 30.570	    GPS	 -0.673	  0.417	  4.972	     --
[component_container-11] 	 30.570	   Baro	     --	     --	  6.038	     --
[component_container-11] 	 30.570	  BBias	     --	     --	  1.068	     --
[component_container-11] 	 30.570	  Sonar	     --	     --	    inf	     --
[component_container-11] 	 30.570	  Magnt	     --	     --	     --	 -2.173
[component_container-11] 
[component_container-11] 	 30.600	   Pose	 -0.617	  0.938	  4.964	 -2.181
[component_container-11] 	 30.600	  Twist	 -0.229	 -0.767	  0.018	 -0.280
[component_container-11] 	 30.600	ErrPose	 -0.226	 -0.507	  0.013	  0.006
[component_container-11] 	 30.600	ErrTwis	  1.070	  0.936	  0.020	 -0.000
[component_container-11] 	 30.600	    GPS	 -0.673	  0.417	  4.972	     --
[component_container-11] 	 30.600	   Baro	     --	     --	  6.038	     --
[component_container-11] 	 30.600	  BBias	     --	     --	  1.068	     --
[component_container-11] 	 30.600	  Sonar	     --	     --	    inf	     --
[component_container-11] 	 30.600	  Magnt	     --	     --	     --	 -2.173
[component_container-11] 
[component_container-11] 	 30.640	   Pose	 -0.626	  0.908	  4.971	 -2.192
[component_container-11] 	 30.640	  Twist	 -0.225	 -0.761	  0.023	 -0.275
[component_container-11] 	 30.640	ErrPose	 -0.229	 -0.508	  0.007	  0.006
[component_container-11] 	 30.640	ErrTwis	  1.054	  0.940	  0.015	 -0.004
[component_container-11] 	 30.640	    GPS	 -0.673	  0.417	  4.972	     --
[component_container-11] 	 30.640	   Baro	     --	     --	  6.111	     --
[component_container-11] 	 30.640	  BBias	     --	     --	  1.068	     --
[component_container-11] 	 30.640	  Sonar	     --	     --	    inf	     --
[component_container-11] 	 30.640	  Magnt	     --	     --	     --	 -2.183
[component_container-11] 
[component_container-11] 	 30.670	   Pose	 -0.633	  0.885	  4.969	 -2.200
[component_container-11] 	 30.670	  Twist	 -0.222	 -0.757	  0.019	 -0.291
[component_container-11] 	 30.670	ErrPose	 -0.229	 -0.501	  0.010	  0.008
[component_container-11] 	 30.670	ErrTwis	  1.044	  0.941	  0.019	  0.011
[component_container-11] 	 30.670	    GPS	 -0.673	  0.417	  4.972	     --
[component_container-11] 	 30.670	   Baro	     --	     --	  6.010	     --
[component_container-11] 	 30.670	  BBias	     --	     --	  1.068	     --
[component_container-11] 	 30.670	  Sonar	     --	     --	    inf	     --
[component_container-11] 	 30.670	  Magnt	     --	     --	     --	 -2.157
[component_container-11] 
[component_container-11] 	 30.700	   Pose	 -0.639	  0.862	  4.970	 -2.208
[component_container-11] 	 30.700	  Twist	 -0.218	 -0.754	  0.016	 -0.275
[component_container-11] 	 30.700	ErrPose	 -0.235	 -0.509	  0.011	  0.006
[component_container-11] 	 30.700	ErrTwis	  1.029	  0.945	  0.021	 -0.005
[component_container-11] 	 30.700	    GPS	 -0.673	  0.417	  4.972	     --
[component_container-11] 	 30.700	   Baro	     --	     --	  6.010	     --
[component_container-11] 	 30.700	  BBias	     --	     --	  1.068	     --
[component_container-11] 	 30.700	  Sonar	     --	     --	    inf	     --
[component_container-11] 	 30.700	  Magnt	     --	     --	     --	 -2.157
[component_container-11] 
[component_container-11] 	 30.740	   Pose	 -0.648	  0.832	  4.963	 -2.219
[component_container-11] 	 30.740	  Twist	 -0.214	 -0.749	  0.006	 -0.285
[component_container-11] 	 30.740	ErrPose	 -0.238	 -0.509	  0.020	  0.005
[component_container-11] 	 30.740	ErrTwis	  1.012	  0.948	  0.031	  0.006
[component_container-11] 	 30.740	    GPS	 -0.673	  0.417	  4.972	     --
[component_container-11] 	 30.740	   Baro	     --	     --	  5.955	     --
[component_container-11] 	 30.740	  BBias	     --	     --	  1.067	     --
[component_container-11] 	 30.740	  Sonar	     --	     --	    inf	     --
[component_container-11] 	 30.740	  Magnt	     --	     --	     --	 -2.198
[component_container-11] 
[component_container-11] 	 30.770	   Pose	 -0.654	  0.810	  4.959	 -2.227
[component_container-11] 	 30.770	  Twist	 -0.210	 -0.747	 -0.001	 -0.276
[component_container-11] 	 30.770	ErrPose	 -0.238	 -0.501	  0.025	  0.008
[component_container-11] 	 30.770	ErrTwis	  1.003	  0.949	  0.039	 -0.004
[component_container-11] 	 30.770	    GPS	 -0.673	  0.417	  4.972	     --
[component_container-11] 	 30.770	   Baro	     --	     --	  5.975	     --
[component_container-11] 	 30.770	  BBias	     --	     --	  1.067	     --
[component_container-11] 	 30.770	  Sonar	     --	     --	    inf	     --
[component_container-11] 	 30.770	  Magnt	     --	     --	     --	 -2.211
[component_container-11] 
[component_container-11] 	 30.800	   Pose	 -0.661	  0.788	  4.959	 -2.235
[component_container-11] 	 30.800	  Twist	 -0.208	 -0.743	 -0.002	 -0.271
[component_container-11] 	 30.800	ErrPose	 -0.244	 -0.509	  0.027	  0.005
[component_container-11] 	 30.800	ErrTwis	  0.990	  0.951	  0.039	 -0.009
[component_container-11] 	 30.800	    GPS	 -0.673	  0.417	  4.972	     --
[component_container-11] 	 30.800	   Baro	     --	     --	  5.975	     --
[component_container-11] 	 30.800	  BBias	     --	     --	  1.067	     --
[component_container-11] 	 30.800	  Sonar	     --	     --	    inf	     --
[component_container-11] 	 30.800	  Magnt	     --	     --	     --	 -2.211
[component_container-11] 
[component_container-11] 	 30.840	   Pose	 -0.669	  0.758	  4.959	 -2.247
[component_container-11] 	 30.840	  Twist	 -0.204	 -0.738	 -0.004	 -0.284
[component_container-11] 	 30.840	ErrPose	 -0.248	 -0.508	  0.029	  0.005
[component_container-11] 	 30.840	ErrTwis	  0.975	  0.951	  0.040	  0.004
[component_container-11] 	 30.840	    GPS	 -0.673	  0.417	  4.972	     --
[component_container-11] 	 30.840	   Baro	     --	     --	  6.030	     --
[component_container-11] 	 30.840	  BBias	     --	     --	  1.067	     --
[component_container-11] 	 30.840	  Sonar	     --	     --	    inf	     --
[component_container-11] 	 30.840	  Magnt	     --	     --	     --	 -2.227
[component_container-11] 
[component_container-11] 	 30.870	   Pose	 -0.675	  0.736	  4.964	 -2.255
[component_container-11] 	 30.870	  Twist	 -0.201	 -0.734	  0.001	 -0.280
[component_container-11] 	 30.870	ErrPose	 -0.248	 -0.501	  0.025	  0.008
[component_container-11] 	 30.870	ErrTwis	  0.966	  0.949	  0.036	 -0.000
[component_container-11] 	 30.870	    GPS	 -0.673	  0.417	  4.972	     --
[component_container-11] 	 30.870	   Baro	     --	     --	  6.083	     --
[component_container-11] 	 30.870	  BBias	     --	     --	  1.067	     --
[component_container-11] 	 30.870	  Sonar	     --	     --	    inf	     --
[component_container-11] 	 30.870	  Magnt	     --	     --	     --	 -2.262
[component_container-11] 
[component_container-11] 	 30.900	   Pose	 -0.681	  0.714	  4.964	 -2.264
[component_container-11] 	 30.900	  Twist	 -0.198	 -0.730	 -0.001	 -0.275
[component_container-11] 	 30.900	ErrPose	 -0.254	 -0.508	  0.027	  0.005
[component_container-11] 	 30.900	ErrTwis	  0.953	  0.951	  0.040	 -0.005
[component_container-11] 	 30.900	    GPS	 -0.673	  0.417	  4.972	     --
[component_container-11] 	 30.900	   Baro	     --	     --	  6.083	     --
[component_container-11] 	 30.900	  BBias	     --	     --	  1.067	     --
[component_container-11] 	 30.900	  Sonar	     --	     --	    inf	     --
[component_container-11] 	 30.900	  Magnt	     --	     --	     --	 -2.262
[component_container-11] 
[component_container-11] 	 30.940	   Pose	 -0.689	  0.685	  4.974	 -2.274
[component_container-11] 	 30.940	  Twist	 -0.194	 -0.726	  0.008	 -0.283
[component_container-11] 	 30.940	ErrPose	 -0.258	 -0.507	  0.018	  0.005
[component_container-11] 	 30.940	ErrTwis	  0.939	  0.953	  0.031	  0.004
[component_container-11] 	 30.940	    GPS	 -0.673	  0.417	  4.972	     --
[component_container-11] 	 30.940	   Baro	     --	     --	  6.150	     --
[component_container-11] 	 30.940	  BBias	     --	     --	  1.068	     --
[component_container-11] 	 30.940	  Sonar	     --	     --	    inf	     --
[component_container-11] 	 30.940	  Magnt	     --	     --	     --	 -2.239
[component_container-11] 
[component_container-11] 	 30.970	   Pose	 -0.694	  0.663	  4.977	 -2.282
[component_container-11] 	 30.970	  Twist	 -0.191	 -0.722	  0.009	 -0.276
[component_container-11] 	 30.970	ErrPose	 -0.258	 -0.499	  0.016	  0.007
[component_container-11] 	 30.970	ErrTwis	  0.931	  0.952	  0.031	 -0.004
[component_container-11] 	 30.970	    GPS	 -0.673	  0.417	  4.972	     --
[component_container-11] 	 30.970	   Baro	     --	     --	  6.071	     --
[component_container-11] 	 30.970	  BBias	     --	     --	  1.068	     --
[component_container-11] 	 30.970	  Sonar	     --	     --	    inf	     --
[component_container-11] 	 30.970	  Magnt	     --	     --	     --	 -2.249
[component_container-11] 
[component_container-11] [INFO] [1775368655.186416775] [drone.controller]: cmd_vel body=(0.970, 0.244, -0.000) yaw=-0.300 | odom_received=true | plan_points=31
[component_container-11] 	 31.000	   Pose	 -0.700	  0.641	  4.978	 -2.291
[component_container-11] 	 31.000	  Twist	 -0.188	 -0.719	  0.007	 -0.303
[component_container-11] 	 31.000	ErrPose	 -0.264	 -0.506	  0.017	  0.004
[component_container-11] 	 31.000	ErrTwis	  0.918	  0.954	  0.033	  0.023
[component_container-11] 	 31.000	    GPS	 -0.673	  0.417	  4.972	     --
[component_container-11] 	 31.000	   Baro	     --	     --	  6.071	     --
[component_container-11] 	 31.000	  BBias	     --	     --	  1.068	     --
[component_container-11] 	 31.000	  Sonar	     --	     --	    inf	     --
[component_container-11] 	 31.000	  Magnt	     --	     --	     --	 -2.249
[component_container-11] 
[component_container-11] [INFO] [1775368655.186652813] [drone.estimator]: TMP LOG err_xyz=(-0.264, -0.506, 0.017) | z_est=4.978 vz_est=0.007 bias=1.068 | gps_z=4.972 sonar=inf baro=6.071
[component_container-11] [INFO] [1775368655.188801375] [drone.estimator]: TMP LOG gps innov_xy=(-0.238, -0.569) est_xy=(-0.700, 0.641) gps_xy=(-0.938, 0.072) corr_xy=(-0.938, 0.072) vel_xy=(-0.188, -0.719)
[component_container-11] [INFO] [1775368655.188929983] [drone.estimator]: TMP LOG gps vel pseudo raw=(-0.531, -0.690) filt=(-0.494, -0.723) innov_v=(-0.275, 0.071) apply=(1,1)
[component_container-11] 	 31.040	   Pose	 -0.819	  0.446	  4.977	 -2.303
[component_container-11] 	 31.040	  Twist	 -0.261	 -0.778	  0.002	 -0.296
[component_container-11] 	 31.040	ErrPose	 -0.156	 -0.339	  0.020	  0.006
[component_container-11] 	 31.040	ErrTwis	  0.982	  1.020	  0.039	  0.016
[component_container-11] 	 31.040	    GPS	 -0.938	  0.072	  4.995	     --
[component_container-11] 	 31.040	   Baro	     --	     --	  5.993	     --
[component_container-11] 	 31.040	  BBias	     --	     --	  1.067	     --
[component_container-11] 	 31.040	  Sonar	     --	     --	    inf	     --
[component_container-11] 	 31.040	  Magnt	     --	     --	     --	 -2.325
[component_container-11] 
[component_container-11] 	 31.070	   Pose	 -0.827	  0.423	  4.974	 -2.312
[component_container-11] 	 31.070	  Twist	 -0.258	 -0.775	 -0.002	 -0.279
[component_container-11] 	 31.070	ErrPose	 -0.154	 -0.330	  0.024	  0.009
[component_container-11] 	 31.070	ErrTwis	  0.975	  1.020	  0.044	 -0.001
[component_container-11] 	 31.070	    GPS	 -0.938	  0.072	  4.995	     --
[component_container-11] 	 31.070	   Baro	     --	     --	  6.007	     --
[component_container-11] 	 31.070	  BBias	     --	     --	  1.067	     --
[component_container-11] 	 31.070	  Sonar	     --	     --	    inf	     --
[component_container-11] 	 31.070	  Magnt	     --	     --	     --	 -2.328
[component_container-11] 
[component_container-11] 	 31.100	   Pose	 -0.835	  0.400	  4.974	 -2.321
[component_container-11] 	 31.100	  Twist	 -0.255	 -0.771	 -0.004	 -0.284
[component_container-11] 	 31.100	ErrPose	 -0.157	 -0.334	  0.026	  0.006
[component_container-11] 	 31.100	ErrTwis	  0.963	  1.023	  0.044	  0.005
[component_container-11] 	 31.100	    GPS	 -0.938	  0.072	  4.995	     --
[component_container-11] 	 31.100	   Baro	     --	     --	  6.007	     --
[component_container-11] 	 31.100	  BBias	     --	     --	  1.067	     --
[component_container-11] 	 31.100	  Sonar	     --	     --	    inf	     --
[component_container-11] 	 31.100	  Magnt	     --	     --	     --	 -2.328
[component_container-11] 
[component_container-11] 	 31.140	   Pose	 -0.845	  0.369	  4.964	 -2.332
[component_container-11] 	 31.140	  Twist	 -0.251	 -0.767	 -0.016	 -0.272
[component_container-11] 	 31.140	ErrPose	 -0.158	 -0.331	  0.037	  0.007
[component_container-11] 	 31.140	ErrTwis	  0.950	  1.025	  0.055	 -0.008
[component_container-11] 	 31.140	    GPS	 -0.938	  0.072	  4.995	     --
[component_container-11] 	 31.140	   Baro	     --	     --	  5.927	     --
[component_container-11] 	 31.140	  BBias	     --	     --	  1.067	     --
[component_container-11] 	 31.140	  Sonar	     --	     --	    inf	     --
[component_container-11] 	 31.140	  Magnt	     --	     --	     --	 -2.348
[component_container-11] 
[component_container-11] 	 31.170	   Pose	 -0.852	  0.346	  4.967	 -2.341
[component_container-11] 	 31.170	  Twist	 -0.248	 -0.764	 -0.014	 -0.282
[component_container-11] 	 31.170	ErrPose	 -0.157	 -0.321	  0.034	  0.009
[component_container-11] 	 31.170	ErrTwis	  0.943	  1.026	  0.054	  0.002
[component_container-11] 	 31.170	    GPS	 -0.938	  0.072	  4.995	     --
[component_container-11] 	 31.170	   Baro	     --	     --	  6.078	     --
[component_container-11] 	 31.170	  BBias	     --	     --	  1.067	     --
[component_container-11] 	 31.170	  Sonar	     --	     --	    inf	     --
[component_container-11] 	 31.170	  Magnt	     --	     --	     --	 -2.329
[component_container-11] 
[component_container-11] 	 31.200	   Pose	 -0.860	  0.323	  4.967	 -2.349
[component_container-11] 	 31.200	  Twist	 -0.245	 -0.761	 -0.015	 -0.288
[component_container-11] 	 31.200	ErrPose	 -0.160	 -0.326	  0.036	  0.007
[component_container-11] 	 31.200	ErrTwis	  0.932	  1.030	  0.056	  0.008
[component_container-11] 	 31.200	    GPS	 -0.938	  0.072	  4.995	     --
[component_container-11] 	 31.200	   Baro	     --	     --	  6.078	     --
[component_container-11] 	 31.200	  BBias	     --	     --	  1.067	     --
[component_container-11] 	 31.200	  Sonar	     --	     --	    inf	     --
[component_container-11] 	 31.200	  Magnt	     --	     --	     --	 -2.329
[component_container-11] 
[component_container-11] 	 31.240	   Pose	 -0.870	  0.293	  4.963	 -2.360
[component_container-11] 	 31.240	  Twist	 -0.242	 -0.757	 -0.021	 -0.293
[component_container-11] 	 31.240	ErrPose	 -0.161	 -0.323	  0.042	  0.006
[component_container-11] 	 31.240	ErrTwis	  0.921	  1.033	  0.062	  0.013
[component_container-11] 	 31.240	    GPS	 -0.938	  0.072	  4.995	     --
[component_container-11] 	 31.240	   Baro	     --	     --	  5.996	     --
[component_container-11] 	 31.240	  BBias	     --	     --	  1.067	     --
[component_container-11] 	 31.240	  Sonar	     --	     --	    inf	     --
[component_container-11] 	 31.240	  Magnt	     --	     --	     --	 -2.321
[component_container-11] 
[component_container-11] 	 31.270	   Pose	 -0.877	  0.270	  4.963	 -2.368
[component_container-11] 	 31.270	  Twist	 -0.239	 -0.754	 -0.021	 -0.269
[component_container-11] 	 31.270	ErrPose	 -0.159	 -0.313	  0.042	  0.009
[component_container-11] 	 31.270	ErrTwis	  0.914	  1.034	  0.062	 -0.010
[component_container-11] 	 31.270	    GPS	 -0.938	  0.072	  4.995	     --
[component_container-11] 	 31.270	   Baro	     --	     --	  6.041	     --
[component_container-11] 	 31.270	  BBias	     --	     --	  1.067	     --
[component_container-11] 	 31.270	  Sonar	     --	     --	    inf	     --
[component_container-11] 	 31.270	  Magnt	     --	     --	     --	 -2.351
[component_container-11] 
[component_container-11] 	 31.300	   Pose	 -0.884	  0.248	  4.963	 -2.376
[component_container-11] 	 31.300	  Twist	 -0.236	 -0.750	 -0.022	 -0.288
[component_container-11] 	 31.300	ErrPose	 -0.163	 -0.318	  0.045	  0.006
[component_container-11] 	 31.300	ErrTwis	  0.904	  1.038	  0.064	  0.008
[component_container-11] 	 31.300	    GPS	 -0.938	  0.072	  4.995	     --
[component_container-11] 	 31.300	   Baro	     --	     --	  6.041	     --
[component_container-11] 	 31.300	  BBias	     --	     --	  1.067	     --
[component_container-11] 	 31.300	  Sonar	     --	     --	    inf	     --
[component_container-11] 	 31.300	  Magnt	     --	     --	     --	 -2.351
[component_container-11] 
[component_container-11] 	 31.340	   Pose	 -0.893	  0.218	  4.955	 -2.388
[component_container-11] 	 31.340	  Twist	 -0.232	 -0.746	 -0.032	 -0.267
[component_container-11] 	 31.340	ErrPose	 -0.164	 -0.315	  0.055	  0.006
[component_container-11] 	 31.340	ErrTwis	  0.893	  1.042	  0.076	 -0.012
[component_container-11] 	 31.340	    GPS	 -0.938	  0.072	  4.995	     --
[component_container-11] 	 31.340	   Baro	     --	     --	  5.948	     --
[component_container-11] 	 31.340	  BBias	     --	     --	  1.067	     --
[component_container-11] 	 31.340	  Sonar	     --	     --	    inf	     --
[component_container-11] 	 31.340	  Magnt	     --	     --	     --	 -2.375
[component_container-11] 
[component_container-11] 	 31.370	   Pose	 -0.900	  0.196	  4.968	 -2.396
[component_container-11] 	 31.370	  Twist	 -0.229	 -0.744	 -0.020	 -0.293
[component_container-11] 	 31.370	ErrPose	 -0.162	 -0.306	  0.042	  0.009
[component_container-11] 	 31.370	ErrTwis	  0.886	  1.044	  0.063	  0.013
[component_container-11] 	 31.370	    GPS	 -0.938	  0.072	  4.995	     --
[component_container-11] 	 31.370	   Baro	     --	     --	  6.182	     --
[component_container-11] 	 31.370	  BBias	     --	     --	  1.067	     --
[component_container-11] 	 31.370	  Sonar	     --	     --	    inf	     --
[component_container-11] 	 31.370	  Magnt	     --	     --	     --	 -2.390
[component_container-11] 
[component_container-11] 	 31.400	   Pose	 -0.907	  0.173	  4.967	 -2.404
[component_container-11] 	 31.400	  Twist	 -0.227	 -0.740	 -0.021	 -0.268
[component_container-11] 	 31.400	ErrPose	 -0.166	 -0.310	  0.045	  0.006
[component_container-11] 	 31.400	ErrTwis	  0.878	  1.049	  0.064	 -0.011
[component_container-11] 	 31.400	    GPS	 -0.938	  0.072	  4.995	     --
[component_container-11] 	 31.400	   Baro	     --	     --	  6.182	     --
[component_container-11] 	 31.400	  BBias	     --	     --	  1.067	     --
[component_container-11] 	 31.400	  Sonar	     --	     --	    inf	     --
[component_container-11] 	 31.400	  Magnt	     --	     --	     --	 -2.390
[component_container-11] 
[component_container-11] 	 31.440	   Pose	 -0.916	  0.144	  4.994	 -2.415
[component_container-11] 	 31.440	  Twist	 -0.222	 -0.736	  0.006	 -0.276
[component_container-11] 	 31.440	ErrPose	 -0.167	 -0.308	  0.019	  0.005
[component_container-11] 	 31.440	ErrTwis	  0.866	  1.053	  0.038	 -0.003
[component_container-11] 	 31.440	    GPS	 -0.938	  0.072	  4.995	     --
[component_container-11] 	 31.440	   Baro	     --	     --	  6.340	     --
[component_container-11] 	 31.440	  BBias	     --	     --	  1.067	     --
[component_container-11] 	 31.440	  Sonar	     --	     --	    inf	     --
[component_container-11] 	 31.440	  Magnt	     --	     --	     --	 -2.394
[component_container-11] 
[component_container-11] 	 31.470	   Pose	 -0.923	  0.122	  4.990	 -2.423
[component_container-11] 	 31.470	  Twist	 -0.219	 -0.733	 -0.000	 -0.288
[component_container-11] 	 31.470	ErrPose	 -0.166	 -0.299	  0.023	  0.007
[component_container-11] 	 31.470	ErrTwis	  0.860	  1.054	  0.045	  0.009
[component_container-11] 	 31.470	    GPS	 -0.938	  0.072	  4.995	     --
[component_container-11] 	 31.470	   Baro	     --	     --	  6.023	     --
[component_container-11] 	 31.470	  BBias	     --	     --	  1.067	     --
[component_container-11] 	 31.470	  Sonar	     --	     --	    inf	     --
[component_container-11] 	 31.470	  Magnt	     --	     --	     --	 -2.381
[component_container-11] 
[component_container-11] 	 31.500	   Pose	 -0.929	  0.100	  4.990	 -2.431
[component_container-11] 	 31.500	  Twist	 -0.217	 -0.730	 -0.003	 -0.278
[component_container-11] 	 31.500	ErrPose	 -0.169	 -0.304	  0.025	  0.005
[component_container-11] 	 31.500	ErrTwis	  0.852	  1.059	  0.048	 -0.002
[component_container-11] 	 31.500	    GPS	 -0.938	  0.072	  4.995	     --
[component_container-11] 	 31.500	   Baro	     --	     --	  6.023	     --
[component_container-11] 	 31.500	  BBias	     --	     --	  1.067	     --
[component_container-11] 	 31.500	  Sonar	     --	     --	    inf	     --
[component_container-11] 	 31.500	  Magnt	     --	     --	     --	 -2.381
[component_container-11] 
[component_container-11] 	 31.540	   Pose	 -0.845	 -0.003	  4.993	 -2.442
[component_container-11] 	 31.540	  Twist	 -0.133	 -0.741	 -0.003	 -0.277
[component_container-11] 	 31.540	ErrPose	 -0.264	 -0.228	  0.023	  0.004
[component_container-11] 	 31.540	ErrTwis	  0.763	  1.078	  0.047	 -0.003
[component_container-11] 	 31.540	    GPS	 -0.807	 -0.224	  5.016	     --
[component_container-11] 	 31.540	   Baro	     --	     --	  6.046	     --
[component_container-11] 	 31.540	  BBias	     --	     --	  1.067	     --
[component_container-11] 	 31.540	  Sonar	     --	     --	    inf	     --
[component_container-11] 	 31.540	  Magnt	     --	     --	     --	 -2.412
[component_container-11] 
[component_container-11] 	 31.570	   Pose	 -0.849	 -0.025	  5.003	 -2.451
[component_container-11] 	 31.570	  Twist	 -0.130	 -0.738	  0.004	 -0.299
[component_container-11] 	 31.570	ErrPose	 -0.265	 -0.219	  0.015	  0.008
[component_container-11] 	 31.570	ErrTwis	  0.757	  1.079	  0.039	  0.020
[component_container-11] 	 31.570	    GPS	 -0.807	 -0.224	  5.016	     --
[component_container-11] 	 31.570	   Baro	     --	     --	  6.185	     --
[component_container-11] 	 31.570	  BBias	     --	     --	  1.067	     --
[component_container-11] 	 31.570	  Sonar	     --	     --	    inf	     --
[component_container-11] 	 31.570	  Magnt	     --	     --	     --	 -2.465
[component_container-11] 
[component_container-11] 	 31.600	   Pose	 -0.853	 -0.047	  5.003	 -2.459
[component_container-11] 	 31.600	  Twist	 -0.128	 -0.735	  0.000	 -0.286
[component_container-11] 	 31.600	ErrPose	 -0.271	 -0.223	  0.016	  0.005
[component_container-11] 	 31.600	ErrTwis	  0.749	  1.085	  0.042	  0.007
[component_container-11] 	 31.600	    GPS	 -0.807	 -0.224	  5.016	     --
[component_container-11] 	 31.600	   Baro	     --	     --	  6.185	     --
[component_container-11] 	 31.600	  BBias	     --	     --	  1.067	     --
[component_container-11] 	 31.600	  Sonar	     --	     --	    inf	     --
[component_container-11] 	 31.600	  Magnt	     --	     --	     --	 -2.465
[component_container-11] 
[component_container-11] 	 31.640	   Pose	 -0.858	 -0.077	  5.007	 -2.470
[component_container-11] 	 31.640	  Twist	 -0.124	 -0.731	  0.001	 -0.261
[component_container-11] 	 31.640	ErrPose	 -0.276	 -0.221	  0.014	  0.004
[component_container-11] 	 31.640	ErrTwis	  0.740	  1.088	  0.040	 -0.019
[component_container-11] 	 31.640	    GPS	 -0.807	 -0.224	  5.016	     --
[component_container-11] 	 31.640	   Baro	     --	     --	  6.116	     --
[component_container-11] 	 31.640	  BBias	     --	     --	  1.067	     --
[component_container-11] 	 31.640	  Sonar	     --	     --	    inf	     --
[component_container-11] 	 31.640	  Magnt	     --	     --	     --	 -2.434
[component_container-11] 
[component_container-11] 	 31.670	   Pose	 -0.861	 -0.099	  5.004	 -2.478
[component_container-11] 	 31.670	  Twist	 -0.121	 -0.729	 -0.004	 -0.275
[component_container-11] 	 31.670	ErrPose	 -0.277	 -0.212	  0.017	  0.007
[component_container-11] 	 31.670	ErrTwis	  0.735	  1.090	  0.044	 -0.005
[component_container-11] 	 31.670	    GPS	 -0.807	 -0.224	  5.016	     --
[component_container-11] 	 31.670	   Baro	     --	     --	  6.046	     --
[component_container-11] 	 31.670	  BBias	     --	     --	  1.067	     --
[component_container-11] 	 31.670	  Sonar	     --	     --	    inf	     --
[component_container-11] 	 31.670	  Magnt	     --	     --	     --	 -2.470
[component_container-11] 
[component_container-11] 	 31.700	   Pose	 -0.865	 -0.120	  5.004	 -2.487
[component_container-11] 	 31.700	  Twist	 -0.118	 -0.726	 -0.006	 -0.259
[component_container-11] 	 31.700	ErrPose	 -0.283	 -0.217	  0.018	  0.004
[component_container-11] 	 31.700	ErrTwis	  0.727	  1.094	  0.044	 -0.020
[component_container-11] 	 31.700	    GPS	 -0.807	 -0.224	  5.016	     --
[component_container-11] 	 31.700	   Baro	     --	     --	  6.046	     --
[component_container-11] 	 31.700	  BBias	     --	     --	  1.067	     --
[component_container-11] 	 31.700	  Sonar	     --	     --	    inf	     --
[component_container-11] 	 31.700	  Magnt	     --	     --	     --	 -2.470
[component_container-11] 
[component_container-11] 	 31.740	   Pose	 -0.870	 -0.149	  5.015	 -2.498
[component_container-11] 	 31.740	  Twist	 -0.115	 -0.722	  0.002	 -0.274
[component_container-11] 	 31.740	ErrPose	 -0.289	 -0.215	  0.008	  0.005
[component_container-11] 	 31.740	ErrTwis	  0.720	  1.097	  0.034	 -0.005
[component_container-11] 	 31.740	    GPS	 -0.807	 -0.224	  5.016	     --
[component_container-11] 	 31.740	   Baro	     --	     --	  6.201	     --
[component_container-11] 	 31.740	  BBias	     --	     --	  1.067	     --
[component_container-11] 	 31.740	  Sonar	     --	     --	    inf	     --
[component_container-11] 	 31.740	  Magnt	     --	     --	     --	 -2.490
[component_container-11] 
[component_container-11] 	 31.770	   Pose	 -0.873	 -0.171	  5.012	 -2.506
[component_container-11] 	 31.770	  Twist	 -0.113	 -0.720	 -0.004	 -0.286
[component_container-11] 	 31.770	ErrPose	 -0.290	 -0.206	  0.012	  0.007
[component_container-11] 	 31.770	ErrTwis	  0.716	  1.096	  0.040	  0.007
[component_container-11] 	 31.770	    GPS	 -0.807	 -0.224	  5.016	     --
[component_container-11] 	 31.770	   Baro	     --	     --	  6.043	     --
[component_container-11] 	 31.770	  BBias	     --	     --	  1.067	     --
[component_container-11] 	 31.770	  Sonar	     --	     --	    inf	     --
[component_container-11] 	 31.770	  Magnt	     --	     --	     --	 -2.494
[component_container-11] 
[component_container-11] 	 31.800	   Pose	 -0.876	 -0.193	  5.011	 -2.514
[component_container-11] 	 31.800	  Twist	 -0.110	 -0.717	 -0.006	 -0.275
[component_container-11] 	 31.800	ErrPose	 -0.297	 -0.211	  0.013	  0.004
[component_container-11] 	 31.800	ErrTwis	  0.710	  1.098	  0.039	 -0.004
[component_container-11] 	 31.800	    GPS	 -0.807	 -0.224	  5.016	     --
[component_container-11] 	 31.800	   Baro	     --	     --	  6.043	     --
[component_container-11] 	 31.800	  BBias	     --	     --	  1.067	     --
[component_container-11] 	 31.800	  Sonar	     --	     --	    inf	     --
[component_container-11] 	 31.800	  Magnt	     --	     --	     --	 -2.494
[component_container-11] 
[component_container-11] 	 31.840	   Pose	 -0.881	 -0.221	  5.002	 -2.526
[component_container-11] 	 31.840	  Twist	 -0.105	 -0.713	 -0.020	 -0.283
[component_container-11] 	 31.840	ErrPose	 -0.303	 -0.209	  0.024	  0.005
[component_container-11] 	 31.840	ErrTwis	  0.702	  1.098	  0.051	  0.004
[component_container-11] 	 31.840	    GPS	 -0.807	 -0.224	  5.016	     --
[component_container-11] 	 31.840	   Baro	     --	     --	  5.974	     --
[component_container-11] 	 31.840	  BBias	     --	     --	  1.067	     --
[component_container-11] 	 31.840	  Sonar	     --	     --	    inf	     --
[component_container-11] 	 31.840	  Magnt	     --	     --	     --	 -2.527
[component_container-11] 
[component_container-11] 	 31.870	   Pose	 -0.884	 -0.243	  4.997	 -2.534
[component_container-11] 	 31.870	  Twist	 -0.102	 -0.710	 -0.026	 -0.265
[component_container-11] 	 31.870	ErrPose	 -0.305	 -0.201	  0.029	  0.007
[component_container-11] 	 31.870	ErrTwis	  0.697	  1.096	  0.057	 -0.015
[component_container-11] 	 31.870	    GPS	 -0.807	 -0.224	  5.016	     --
[component_container-11] 	 31.870	   Baro	     --	     --	  6.021	     --
[component_container-11] 	 31.870	  BBias	     --	     --	  1.067	     --
[component_container-11] 	 31.870	  Sonar	     --	     --	    inf	     --
[component_container-11] 	 31.870	  Magnt	     --	     --	     --	 -2.501
[component_container-11] 
[component_container-11] 	 31.900	   Pose	 -0.887	 -0.264	  4.996	 -2.542
[component_container-11] 	 31.900	  Twist	 -0.101	 -0.708	 -0.028	 -0.290
[component_container-11] 	 31.900	ErrPose	 -0.313	 -0.206	  0.031	  0.004
[component_container-11] 	 31.900	ErrTwis	  0.693	  1.097	  0.059	  0.011
[component_container-11] 	 31.900	    GPS	 -0.807	 -0.224	  5.016	     --
[component_container-11] 	 31.900	   Baro	     --	     --	  6.021	     --
[component_container-11] 	 31.900	  BBias	     --	     --	  1.067	     --
[component_container-11] 	 31.900	  Sonar	     --	     --	    inf	     --
[component_container-11] 	 31.900	  Magnt	     --	     --	     --	 -2.501
[component_container-11] 
[component_container-11] 	 31.940	   Pose	 -0.891	 -0.292	  4.999	 -2.554
[component_container-11] 	 31.940	  Twist	 -0.097	 -0.704	 -0.026	 -0.294
[component_container-11] 	 31.940	ErrPose	 -0.319	 -0.204	  0.029	  0.004
[component_container-11] 	 31.940	ErrTwis	  0.687	  1.097	  0.056	  0.014
[component_container-11] 	 31.940	    GPS	 -0.807	 -0.224	  5.016	     --
[component_container-11] 	 31.940	   Baro	     --	     --	  6.107	     --
[component_container-11] 	 31.940	  BBias	     --	     --	  1.067	     --
[component_container-11] 	 31.940	  Sonar	     --	     --	    inf	     --
[component_container-11] 	 31.940	  Magnt	     --	     --	     --	 -2.546
[component_container-11] 
[component_container-11] 	 31.970	   Pose	 -0.894	 -0.313	  5.010	 -2.562
[component_container-11] 	 31.970	  Twist	 -0.094	 -0.702	 -0.016	 -0.281
[component_container-11] 	 31.970	ErrPose	 -0.322	 -0.196	  0.019	  0.007
[component_container-11] 	 31.970	ErrTwis	  0.683	  1.097	  0.046	  0.001
[component_container-11] 	 31.970	    GPS	 -0.807	 -0.224	  5.016	     --
[component_container-11] 	 31.970	   Baro	     --	     --	  6.194	     --
[component_container-11] 	 31.970	  BBias	     --	     --	  1.067	     --
[component_container-11] 	 31.970	  Sonar	     --	     --	    inf	     --
[component_container-11] 	 31.970	  Magnt	     --	     --	     --	 -2.551
[component_container-11] 
[component_container-11] [INFO] [1775368656.190802172] [drone.controller]: cmd_vel body=(0.921, 0.390, -0.011) yaw=-0.300 | odom_received=true | plan_points=21
[component_container-11] 	 32.000	   Pose	 -0.896	 -0.334	  5.009	 -2.570
[component_container-11] 	 32.000	  Twist	 -0.091	 -0.699	 -0.018	 -0.286
[component_container-11] 	 32.000	ErrPose	 -0.330	 -0.202	  0.020	  0.004
[component_container-11] 	 32.000	ErrTwis	  0.678	  1.098	  0.047	  0.006
[component_container-11] 	 32.000	    GPS	 -0.807	 -0.224	  5.016	     --
[component_container-11] 	 32.000	   Baro	     --	     --	  6.194	     --
[component_container-11] 	 32.000	  BBias	     --	     --	  1.067	     --
[component_container-11] 	 32.000	  Sonar	     --	     --	    inf	     --
[component_container-11] 	 32.000	  Magnt	     --	     --	     --	 -2.551
[component_container-11] 
[component_container-11] [INFO] [1775368656.191102227] [drone.estimator]: TMP LOG err_xyz=(-0.330, -0.202, 0.020) | z_est=5.009 vz_est=-0.018 bias=1.067 | gps_z=5.016 sonar=inf baro=6.194
[component_container-11] [INFO] [1775368656.195903492] [drone.estimator]: TMP LOG gps innov_xy=(-0.114, -0.113) est_xy=(-0.897, -0.341) gps_xy=(-1.012, -0.455) corr_xy=(-1.012, -0.455) vel_xy=(-0.090, -0.699)
[component_container-11] [INFO] [1775368656.196022568] [drone.estimator]: TMP LOG gps vel pseudo raw=(-0.408, -0.462) filt=(-0.349, -0.476) innov_v=(-0.244, 0.238) apply=(1,1)
[component_container-11] 	 32.040	   Pose	 -0.970	 -0.363	  5.011	 -2.582
[component_container-11] 	 32.040	  Twist	 -0.142	 -0.673	 -0.018	 -0.287
[component_container-11] 	 32.040	ErrPose	 -0.268	 -0.199	  0.020	  0.005
[component_container-11] 	 32.040	ErrTwis	  0.727	  1.075	  0.049	  0.007
[component_container-11] 	 32.040	    GPS	 -1.012	 -0.455	  5.030	     --
[component_container-11] 	 32.040	   Baro	     --	     --	  6.062	     --
[component_container-11] 	 32.040	  BBias	     --	     --	  1.067	     --
[component_container-11] 	 32.040	  Sonar	     --	     --	    inf	     --
[component_container-11] 	 32.040	  Magnt	     --	     --	     --	 -2.581
[component_container-11] 
[component_container-11] 	 32.070	   Pose	 -0.974	 -0.383	  5.017	 -2.591
[component_container-11] 	 32.070	  Twist	 -0.139	 -0.671	 -0.013	 -0.278
[component_container-11] 	 32.070	ErrPose	 -0.269	 -0.192	  0.014	  0.008
[component_container-11] 	 32.070	ErrTwis	  0.723	  1.075	  0.044	 -0.002
[component_container-11] 	 32.070	    GPS	 -1.012	 -0.455	  5.030	     --
[component_container-11] 	 32.070	   Baro	     --	     --	  6.166	     --
[component_container-11] 	 32.070	  BBias	     --	     --	  1.067	     --
[component_container-11] 	 32.070	  Sonar	     --	     --	    inf	     --
[component_container-11] 	 32.070	  Magnt	     --	     --	     --	 -2.597
[component_container-11] 
[component_container-11] 	 32.100	   Pose	 -0.978	 -0.403	  5.017	 -2.599
[component_container-11] 	 32.100	  Twist	 -0.136	 -0.668	 -0.015	 -0.291
[component_container-11] 	 32.100	ErrPose	 -0.276	 -0.198	  0.015	  0.005
[component_container-11] 	 32.100	ErrTwis	  0.720	  1.077	  0.044	  0.012
[component_container-11] 	 32.100	    GPS	 -1.012	 -0.455	  5.030	     --
[component_container-11] 	 32.100	   Baro	     --	     --	  6.166	     --
[component_container-11] 	 32.100	  BBias	     --	     --	  1.067	     --
[component_container-11] 	 32.100	  Sonar	     --	     --	    inf	     --
[component_container-11] 	 32.100	  Magnt	     --	     --	     --	 -2.597
[component_container-11] 
[component_container-11] 	 32.140	   Pose	 -0.983	 -0.430	  5.022	 -2.610
[component_container-11] 	 32.140	  Twist	 -0.132	 -0.664	 -0.011	 -0.278
[component_container-11] 	 32.140	ErrPose	 -0.282	 -0.198	  0.010	  0.005
[component_container-11] 	 32.140	ErrTwis	  0.714	  1.077	  0.040	 -0.002
[component_container-11] 	 32.140	    GPS	 -1.012	 -0.455	  5.030	     --
[component_container-11] 	 32.140	   Baro	     --	     --	  6.154	     --
[component_container-11] 	 32.140	  BBias	     --	     --	  1.067	     --
[component_container-11] 	 32.140	  Sonar	     --	     --	    inf	     --
[component_container-11] 	 32.140	  Magnt	     --	     --	     --	 -2.614
[component_container-11] 
[component_container-11] 	 32.170	   Pose	 -0.987	 -0.450	  5.038	 -2.619
[component_container-11] 	 32.170	  Twist	 -0.129	 -0.662	  0.003	 -0.281
[component_container-11] 	 32.170	ErrPose	 -0.284	 -0.191	 -0.006	  0.008
[component_container-11] 	 32.170	ErrTwis	  0.711	  1.077	  0.025	  0.002
[component_container-11] 	 32.170	    GPS	 -1.012	 -0.455	  5.030	     --
[component_container-11] 	 32.170	   Baro	     --	     --	  6.296	     --
[component_container-11] 	 32.170	  BBias	     --	     --	  1.068	     --
[component_container-11] 	 32.170	  Sonar	     --	     --	    inf	     --
[component_container-11] 	 32.170	  Magnt	     --	     --	     --	 -2.631
[component_container-11] 
[component_container-11] 	 32.200	   Pose	 -0.991	 -0.470	  5.038	 -2.627
[component_container-11] 	 32.200	  Twist	 -0.126	 -0.660	  0.000	 -0.273
[component_container-11] 	 32.200	ErrPose	 -0.292	 -0.197	 -0.005	  0.005
[component_container-11] 	 32.200	ErrTwis	  0.707	  1.079	  0.028	 -0.007
[component_container-11] 	 32.200	    GPS	 -1.012	 -0.455	  5.030	     --
[component_container-11] 	 32.200	   Baro	     --	     --	  6.296	     --
[component_container-11] 	 32.200	  BBias	     --	     --	  1.068	     --
[component_container-11] 	 32.200	  Sonar	     --	     --	    inf	     --
[component_container-11] 	 32.200	  Magnt	     --	     --	     --	 -2.631
[component_container-11] 
[component_container-11] 	 32.240	   Pose	 -0.996	 -0.496	  5.036	 -2.638
[component_container-11] 	 32.240	  Twist	 -0.123	 -0.656	 -0.006	 -0.281
[component_container-11] 	 32.240	ErrPose	 -0.298	 -0.197	 -0.002	  0.005
[component_container-11] 	 32.240	ErrTwis	  0.703	  1.081	  0.033	  0.001
[component_container-11] 	 32.240	    GPS	 -1.012	 -0.455	  5.030	     --
[component_container-11] 	 32.240	   Baro	     --	     --	  6.074	     --
[component_container-11] 	 32.240	  BBias	     --	     --	  1.068	     --
[component_container-11] 	 32.240	  Sonar	     --	     --	    inf	     --
[component_container-11] 	 32.240	  Magnt	     --	     --	     --	 -2.611
[component_container-11] 
[component_container-11] 	 32.270	   Pose	 -1.000	 -0.516	  5.035	 -2.646
[component_container-11] 	 32.270	  Twist	 -0.120	 -0.653	 -0.009	 -0.265
[component_container-11] 	 32.270	ErrPose	 -0.301	 -0.191	 -0.001	  0.007
[component_container-11] 	 32.270	ErrTwis	  0.700	  1.081	  0.036	 -0.015
[component_container-11] 	 32.270	    GPS	 -1.012	 -0.455	  5.030	     --
[component_container-11] 	 32.270	   Baro	     --	     --	  6.097	     --
[component_container-11] 	 32.270	  BBias	     --	     --	  1.068	     --
[component_container-11] 	 32.270	  Sonar	     --	     --	    inf	     --
[component_container-11] 	 32.270	  Magnt	     --	     --	     --	 -2.607
[component_container-11] 
[component_container-11] 	 32.300	   Pose	 -1.003	 -0.535	  5.035	 -2.654
[component_container-11] 	 32.300	  Twist	 -0.117	 -0.651	 -0.012	 -0.295
[component_container-11] 	 32.300	ErrPose	 -0.309	 -0.198	 -0.000	  0.004
[component_container-11] 	 32.300	ErrTwis	  0.696	  1.084	  0.037	  0.015
[component_container-11] 	 32.300	    GPS	 -1.012	 -0.455	  5.030	     --
[component_container-11] 	 32.300	   Baro	     --	     --	  6.097	     --
[component_container-11] 	 32.300	  BBias	     --	     --	  1.068	     --
[component_container-11] 	 32.300	  Sonar	     --	     --	    inf	     --
[component_container-11] 	 32.300	  Magnt	     --	     --	     --	 -2.607
[component_container-11] 
[component_container-11] 	 32.340	   Pose	 -1.008	 -0.561	  5.035	 -2.665
[component_container-11] 	 32.340	  Twist	 -0.114	 -0.647	 -0.014	 -0.294
[component_container-11] 	 32.340	ErrPose	 -0.317	 -0.198	 -0.001	  0.003
[component_container-11] 	 32.340	ErrTwis	  0.693	  1.086	  0.039	  0.015
[component_container-11] 	 32.340	    GPS	 -1.012	 -0.455	  5.030	     --
[component_container-11] 	 32.340	   Baro	     --	     --	  6.116	     --
[component_container-11] 	 32.340	  BBias	     --	     --	  1.068	     --
[component_container-11] 	 32.340	  Sonar	     --	     --	    inf	     --
[component_container-11] 	 32.340	  Magnt	     --	     --	     --	 -2.609
[component_container-11] 
[component_container-11] 	 32.370	   Pose	 -1.011	 -0.580	  5.037	 -2.672
[component_container-11] 	 32.370	  Twist	 -0.112	 -0.645	 -0.014	 -0.279
[component_container-11] 	 32.370	ErrPose	 -0.320	 -0.192	 -0.003	  0.005
[component_container-11] 	 32.370	ErrTwis	  0.691	  1.087	  0.038	 -0.001
[component_container-11] 	 32.370	    GPS	 -1.012	 -0.455	  5.030	     --
[component_container-11] 	 32.370	   Baro	     --	     --	  6.133	     --
[component_container-11] 	 32.370	  BBias	     --	     --	  1.068	     --
[component_container-11] 	 32.370	  Sonar	     --	     --	    inf	     --
[component_container-11] 	 32.370	  Magnt	     --	     --	     --	 -2.630
[component_container-11] 
[component_container-11] 	 32.400	   Pose	 -1.015	 -0.600	  5.037	 -2.680
[component_container-11] 	 32.400	  Twist	 -0.109	 -0.643	 -0.017	 -0.276
[component_container-11] 	 32.400	ErrPose	 -0.329	 -0.200	 -0.002	  0.003
[component_container-11] 	 32.400	ErrTwis	  0.688	  1.092	  0.038	 -0.004
[component_container-11] 	 32.400	    GPS	 -1.012	 -0.455	  5.030	     --
[component_container-11] 	 32.400	   Baro	     --	     --	  6.133	     --
[component_container-11] 	 32.400	  BBias	     --	     --	  1.068	     --
[component_container-11] 	 32.400	  Sonar	     --	     --	    inf	     --
[component_container-11] 	 32.400	  Magnt	     --	     --	     --	 -2.630
[component_container-11] 
[component_container-11] 	 32.440	   Pose	 -1.019	 -0.625	  5.037	 -2.692
[component_container-11] 	 32.440	  Twist	 -0.104	 -0.640	 -0.019	 -0.281
[component_container-11] 	 32.440	ErrPose	 -0.337	 -0.201	 -0.001	  0.003
[component_container-11] 	 32.440	ErrTwis	  0.683	  1.096	  0.039	  0.002
[component_container-11] 	 32.440	    GPS	 -1.012	 -0.455	  5.030	     --
[component_container-11] 	 32.440	   Baro	     --	     --	  6.108	     --
[component_container-11] 	 32.440	  BBias	     --	     --	  1.068	     --
[component_container-11] 	 32.440	  Sonar	     --	     --	    inf	     --
[component_container-11] 	 32.440	  Magnt	     --	     --	     --	 -2.707
[component_container-11] 
[component_container-11] 	 32.470	   Pose	 -1.022	 -0.645	  5.035	 -2.700
[component_container-11] 	 32.470	  Twist	 -0.101	 -0.639	 -0.024	 -0.272
[component_container-11] 	 32.470	ErrPose	 -0.341	 -0.195	  0.001	  0.005
[component_container-11] 	 32.470	ErrTwis	  0.679	  1.097	  0.043	 -0.007
[component_container-11] 	 32.470	    GPS	 -1.012	 -0.455	  5.030	     --
[component_container-11] 	 32.470	   Baro	     --	     --	  6.090	     --
[component_container-11] 	 32.470	  BBias	     --	     --	  1.068	     --
[component_container-11] 	 32.470	  Sonar	     --	     --	    inf	     --
[component_container-11] 	 32.470	  Magnt	     --	     --	     --	 -2.675
[component_container-11] 
[component_container-11] 	 32.500	   Pose	 -1.025	 -0.664	  5.034	 -2.708
[component_container-11] 	 32.500	  Twist	 -0.098	 -0.637	 -0.027	 -0.280
[component_container-11] 	 32.500	ErrPose	 -0.351	 -0.203	  0.001	  0.002
[component_container-11] 	 32.500	ErrTwis	  0.677	  1.101	  0.046	  0.001
[component_container-11] 	 32.500	    GPS	 -1.012	 -0.455	  5.030	     --
[component_container-11] 	 32.500	   Baro	     --	     --	  6.090	     --
[component_container-11] 	 32.500	  BBias	     --	     --	  1.068	     --
[component_container-11] 	 32.500	  Sonar	     --	     --	    inf	     --
[component_container-11] 	 32.500	  Magnt	     --	     --	     --	 -2.675
[component_container-11] 
[component_container-11] 	 32.540	   Pose	 -1.255	 -0.728	  5.025	 -2.720
[component_container-11] 	 32.540	  Twist	 -0.260	 -0.651	 -0.039	 -0.293
[component_container-11] 	 32.540	ErrPose	 -0.133	 -0.166	  0.010	  0.003
[component_container-11] 	 32.540	ErrTwis	  0.840	  1.122	  0.055	  0.014
[component_container-11] 	 32.540	    GPS	 -1.453	 -0.794	  5.035	     --
[component_container-11] 	 32.540	   Baro	     --	     --	  5.999	     --
[component_container-11] 	 32.540	  BBias	     --	     --	  1.067	     --
[component_container-11] 	 32.540	  Sonar	     --	     --	    inf	     --
[component_container-11] 	 32.540	  Magnt	     --	     --	     --	 -2.722
[component_container-11] 
[component_container-11] 	 32.570	   Pose	 -1.263	 -0.747	  5.020	 -2.728
[component_container-11] 	 32.570	  Twist	 -0.256	 -0.649	 -0.045	 -0.295
[component_container-11] 	 32.570	ErrPose	 -0.132	 -0.160	  0.015	  0.006
[component_container-11] 	 32.570	ErrTwis	  0.836	  1.122	  0.060	  0.015
[component_container-11] 	 32.570	    GPS	 -1.453	 -0.794	  5.035	     --
[component_container-11] 	 32.570	   Baro	     --	     --	  6.045	     --
[component_container-11] 	 32.570	  BBias	     --	     --	  1.067	     --
[component_container-11] 	 32.570	  Sonar	     --	     --	    inf	     --
[component_container-11] 	 32.570	  Magnt	     --	     --	     --	 -2.714
[component_container-11] 
[component_container-11] 	 32.600	   Pose	 -1.271	 -0.767	  5.019	 -2.737
[component_container-11] 	 32.600	  Twist	 -0.252	 -0.646	 -0.046	 -0.280
[component_container-11] 	 32.600	ErrPose	 -0.138	 -0.167	  0.016	  0.003
[component_container-11] 	 32.600	ErrTwis	  0.833	  1.125	  0.061	 -0.000
[component_container-11] 	 32.600	    GPS	 -1.453	 -0.794	  5.035	     --
[component_container-11] 	 32.600	   Baro	     --	     --	  6.045	     --
[component_container-11] 	 32.600	  BBias	     --	     --	  1.067	     --
[component_container-11] 	 32.600	  Sonar	     --	     --	    inf	     --
[component_container-11] 	 32.600	  Magnt	     --	     --	     --	 -2.714
[component_container-11] 
[component_container-11] 	 32.640	   Pose	 -1.281	 -0.792	  5.012	 -2.747
[component_container-11] 	 32.640	  Twist	 -0.248	 -0.643	 -0.055	 -0.275
[component_container-11] 	 32.640	ErrPose	 -0.142	 -0.169	  0.024	  0.002
[component_container-11] 	 32.640	ErrTwis	  0.829	  1.128	  0.069	 -0.005
[component_container-11] 	 32.640	    GPS	 -1.453	 -0.794	  5.035	     --
[component_container-11] 	 32.640	   Baro	     --	     --	  6.021	     --
[component_container-11] 	 32.640	  BBias	     --	     --	  1.067	     --
[component_container-11] 	 32.640	  Sonar	     --	     --	    inf	     --
[component_container-11] 	 32.640	  Magnt	     --	     --	     --	 -2.706
[component_container-11] 
[component_container-11] 	 32.670	   Pose	 -1.288	 -0.812	  5.010	 -2.756
[component_container-11] 	 32.670	  Twist	 -0.246	 -0.640	 -0.056	 -0.287
[component_container-11] 	 32.670	ErrPose	 -0.142	 -0.163	  0.025	  0.006
[component_container-11] 	 32.670	ErrTwis	  0.827	  1.127	  0.070	  0.006
[component_container-11] 	 32.670	    GPS	 -1.453	 -0.794	  5.035	     --
[component_container-11] 	 32.670	   Baro	     --	     --	  6.083	     --
[component_container-11] 	 32.670	  BBias	     --	     --	  1.067	     --
[component_container-11] 	 32.670	  Sonar	     --	     --	    inf	     --
[component_container-11] 	 32.670	  Magnt	     --	     --	     --	 -2.791
[component_container-11] 
[component_container-11] 	 32.700	   Pose	 -1.295	 -0.831	  5.008	 -2.765
[component_container-11] 	 32.700	  Twist	 -0.243	 -0.638	 -0.058	 -0.274
[component_container-11] 	 32.700	ErrPose	 -0.149	 -0.171	  0.026	  0.003
[component_container-11] 	 32.700	ErrTwis	  0.824	  1.131	  0.071	 -0.006
[component_container-11] 	 32.700	    GPS	 -1.453	 -0.794	  5.035	     --
[component_container-11] 	 32.700	   Baro	     --	     --	  6.083	     --
[component_container-11] 	 32.700	  BBias	     --	     --	  1.067	     --
[component_container-11] 	 32.700	  Sonar	     --	     --	    inf	     --
[component_container-11] 	 32.700	  Magnt	     --	     --	     --	 -2.791
[component_container-11] 
[component_container-11] 	 32.740	   Pose	 -1.305	 -0.856	  5.003	 -2.774
[component_container-11] 	 32.740	  Twist	 -0.238	 -0.634	 -0.062	 -0.289
[component_container-11] 	 32.740	ErrPose	 -0.153	 -0.173	  0.031	  0.001
[component_container-11] 	 32.740	ErrTwis	  0.820	  1.135	  0.077	  0.009
[component_container-11] 	 32.740	    GPS	 -1.453	 -0.794	  5.035	     --
[component_container-11] 	 32.740	   Baro	     --	     --	  6.042	     --
[component_container-11] 	 32.740	  BBias	     --	     --	  1.067	     --
[component_container-11] 	 32.740	  Sonar	     --	     --	    inf	     --
[component_container-11] 	 32.740	  Magnt	     --	     --	     --	 -2.702
[component_container-11] 
[component_container-11] 	 32.770	   Pose	 -1.312	 -0.875	  5.003	 -2.783
[component_container-11] 	 32.770	  Twist	 -0.235	 -0.633	 -0.063	 -0.280
[component_container-11] 	 32.770	ErrPose	 -0.153	 -0.168	  0.032	  0.004
[component_container-11] 	 32.770	ErrTwis	  0.817	  1.138	  0.080	  0.000
[component_container-11] 	 32.770	    GPS	 -1.453	 -0.794	  5.035	     --
[component_container-11] 	 32.770	   Baro	     --	     --	  6.086	     --
[component_container-11] 	 32.770	  BBias	     --	     --	  1.067	     --
[component_container-11] 	 32.770	  Sonar	     --	     --	    inf	     --
[component_container-11] 	 32.770	  Magnt	     --	     --	     --	 -2.782
[component_container-11] 
[component_container-11] 	 32.800	   Pose	 -1.319	 -0.894	  5.001	 -2.791
[component_container-11] 	 32.800	  Twist	 -0.233	 -0.631	 -0.064	 -0.282
[component_container-11] 	 32.800	ErrPose	 -0.161	 -0.176	  0.034	  0.002
[component_container-11] 	 32.800	ErrTwis	  0.815	  1.145	  0.082	  0.002
[component_container-11] 	 32.800	    GPS	 -1.453	 -0.794	  5.035	     --
[component_container-11] 	 32.800	   Baro	     --	     --	  6.086	     --
[component_container-11] 	 32.800	  BBias	     --	     --	  1.067	     --
[component_container-11] 	 32.800	  Sonar	     --	     --	    inf	     --
[component_container-11] 	 32.800	  Magnt	     --	     --	     --	 -2.782
[component_container-11] 
[component_container-11] 	 32.840	   Pose	 -1.328	 -0.919	  5.006	 -2.803
[component_container-11] 	 32.840	  Twist	 -0.229	 -0.627	 -0.058	 -0.271
[component_container-11] 	 32.840	ErrPose	 -0.166	 -0.179	  0.028	  0.002
[component_container-11] 	 32.840	ErrTwis	  0.810	  1.151	  0.076	 -0.009
[component_container-11] 	 32.840	    GPS	 -1.453	 -0.794	  5.035	     --
[component_container-11] 	 32.840	   Baro	     --	     --	  6.157	     --
[component_container-11] 	 32.840	  BBias	     --	     --	  1.067	     --
[component_container-11] 	 32.840	  Sonar	     --	     --	    inf	     --
[component_container-11] 	 32.840	  Magnt	     --	     --	     --	 -2.805
[component_container-11] 
[component_container-11] 	 32.870	   Pose	 -1.335	 -0.938	  5.005	 -2.812
[component_container-11] 	 32.870	  Twist	 -0.225	 -0.625	 -0.059	 -0.291
[component_container-11] 	 32.870	ErrPose	 -0.167	 -0.174	  0.029	  0.005
[component_container-11] 	 32.870	ErrTwis	  0.806	  1.154	  0.077	  0.012
[component_container-11] 	 32.870	    GPS	 -1.453	 -0.794	  5.035	     --
[component_container-11] 	 32.870	   Baro	     --	     --	  6.080	     --
[component_container-11] 	 32.870	  BBias	     --	     --	  1.067	     --
[component_container-11] 	 32.870	  Sonar	     --	     --	    inf	     --
[component_container-11] 	 32.870	  Magnt	     --	     --	     --	 -2.815
[component_container-11] 
[component_container-11] 	 32.900	   Pose	 -1.342	 -0.957	  5.003	 -2.820
[component_container-11] 	 32.900	  Twist	 -0.222	 -0.623	 -0.060	 -0.284
[component_container-11] 	 32.900	ErrPose	 -0.175	 -0.184	  0.031	  0.002
[component_container-11] 	 32.900	ErrTwis	  0.802	  1.163	  0.079	  0.005
[component_container-11] 	 32.900	    GPS	 -1.453	 -0.794	  5.035	     --
[component_container-11] 	 32.900	   Baro	     --	     --	  6.080	     --
[component_container-11] 	 32.900	  BBias	     --	     --	  1.067	     --
[component_container-11] 	 32.900	  Sonar	     --	     --	    inf	     --
[component_container-11] 	 32.900	  Magnt	     --	     --	     --	 -2.815
[component_container-11] 
[component_container-11] 	 32.940	   Pose	 -1.351	 -0.982	  5.003	 -2.831
[component_container-11] 	 32.940	  Twist	 -0.218	 -0.621	 -0.060	 -0.294
[component_container-11] 	 32.940	ErrPose	 -0.181	 -0.187	  0.031	  0.002
[component_container-11] 	 32.940	ErrTwis	  0.798	  1.171	  0.079	  0.015
[component_container-11] 	 32.940	    GPS	 -1.453	 -0.794	  5.035	     --
[component_container-11] 	 32.940	   Baro	     --	     --	  6.098	     --
[component_container-11] 	 32.940	  BBias	     --	     --	  1.067	     --
[component_container-11] 	 32.940	  Sonar	     --	     --	    inf	     --
[component_container-11] 	 32.940	  Magnt	     --	     --	     --	 -2.794
[component_container-11] 
[component_container-11] 	 32.970	   Pose	 -1.357	 -1.000	  5.008	 -2.839
[component_container-11] 	 32.970	  Twist	 -0.214	 -0.618	 -0.054	 -0.274
[component_container-11] 	 32.970	ErrPose	 -0.183	 -0.183	  0.026	  0.004
[component_container-11] 	 32.970	ErrTwis	  0.795	  1.174	  0.073	 -0.006
[component_container-11] 	 32.970	    GPS	 -1.453	 -0.794	  5.035	     --
[component_container-11] 	 32.970	   Baro	     --	     --	  6.148	     --
[component_container-11] 	 32.970	  BBias	     --	     --	  1.067	     --
[component_container-11] 	 32.970	  Sonar	     --	     --	    inf	     --
[component_container-11] 	 32.970	  Magnt	     --	     --	     --	 -2.812
[component_container-11] 
[component_container-11] [INFO] [1775368657.195276118] [drone.controller]: cmd_vel body=(0.768, 0.640, -0.008) yaw=-0.300 | odom_received=true | plan_points=13
[component_container-11] 	 33.000	   Pose	 -1.363	 -1.019	  5.007	 -2.847
[component_container-11] 	 33.000	  Twist	 -0.211	 -0.616	 -0.056	 -0.286
[component_container-11] 	 33.000	ErrPose	 -0.191	 -0.193	  0.027	  0.001
[component_container-11] 	 33.000	ErrTwis	  0.790	  1.182	  0.074	  0.006
[component_container-11] 	 33.000	    GPS	 -1.453	 -0.794	  5.035	     --
[component_container-11] 	 33.000	   Baro	     --	     --	  6.148	     --
[component_container-11] 	 33.000	  BBias	     --	     --	  1.067	     --
[component_container-11] 	 33.000	  Sonar	     --	     --	    inf	     --
[component_container-11] 	 33.000	  Magnt	     --	     --	     --	 -2.812
[component_container-11] 
[component_container-11] [INFO] [1775368657.195563376] [drone.estimator]: TMP LOG err_xyz=(-0.191, -0.193, 0.027) | z_est=5.007 vz_est=-0.056 bias=1.067 | gps_z=5.035 sonar=inf baro=6.148
[component_container-11] [INFO] [1775368657.199294822] [drone.estimator]: TMP LOG gps innov_xy=(0.036, -0.271) est_xy=(-1.363, -1.019) gps_xy=(-1.327, -1.290) corr_xy=(-1.327, -1.290) vel_xy=(-0.211, -0.616)
[component_container-11] [INFO] [1775368657.199394083] [drone.estimator]: TMP LOG gps vel pseudo raw=(0.252, -0.992) filt=(0.144, -0.959) innov_v=(0.351, -0.307) apply=(1,1)
[component_container-11] 	 33.040	   Pose	 -1.311	 -1.170	  5.002	 -2.858
[component_container-11] 	 33.040	  Twist	 -0.145	 -0.698	 -0.061	 -0.288
[component_container-11] 	 33.040	ErrPose	 -0.260	 -0.071	  0.031	  0.001
[component_container-11] 	 33.040	ErrTwis	  0.723	  1.273	  0.079	  0.009
[component_container-11] 	 33.040	    GPS	 -1.327	 -1.290	  5.034	     --
[component_container-11] 	 33.040	   Baro	     --	     --	  5.989	     --
[component_container-11] 	 33.040	  BBias	     --	     --	  1.067	     --
[component_container-11] 	 33.040	  Sonar	     --	     --	    inf	     --
[component_container-11] 	 33.040	  Magnt	     --	     --	     --	 -2.847
[component_container-11] 
[component_container-11] 	 33.070	   Pose	 -1.315	 -1.191	  5.005	 -2.866
[component_container-11] 	 33.070	  Twist	 -0.142	 -0.696	 -0.057	 -0.288
[component_container-11] 	 33.070	ErrPose	 -0.263	 -0.065	  0.028	  0.004
[component_container-11] 	 33.070	ErrTwis	  0.720	  1.276	  0.075	  0.009
[component_container-11] 	 33.070	    GPS	 -1.327	 -1.290	  5.034	     --
[component_container-11] 	 33.070	   Baro	     --	     --	  6.131	     --
[component_container-11] 	 33.070	  BBias	     --	     --	  1.067	     --
[component_container-11] 	 33.070	  Sonar	     --	     --	    inf	     --
[component_container-11] 	 33.070	  Magnt	     --	     --	     --	 -2.833
[component_container-11] 
[component_container-11] 	 33.100	   Pose	 -1.319	 -1.211	  5.003	 -2.874
[component_container-11] 	 33.100	  Twist	 -0.140	 -0.694	 -0.058	 -0.276
[component_container-11] 	 33.100	ErrPose	 -0.275	 -0.073	  0.030	  0.001
[component_container-11] 	 33.100	ErrTwis	  0.716	  1.283	  0.075	 -0.004
[component_container-11] 	 33.100	    GPS	 -1.327	 -1.290	  5.034	     --
[component_container-11] 	 33.100	   Baro	     --	     --	  6.131	     --
[component_container-11] 	 33.100	  BBias	     --	     --	  1.067	     --
[component_container-11] 	 33.100	  Sonar	     --	     --	    inf	     --
[component_container-11] 	 33.100	  Magnt	     --	     --	     --	 -2.833
[component_container-11] 
[component_container-11] 	 33.140	   Pose	 -1.325	 -1.239	  5.009	 -2.886
[component_container-11] 	 33.140	  Twist	 -0.134	 -0.691	 -0.051	 -0.293
[component_container-11] 	 33.140	ErrPose	 -0.285	 -0.075	  0.024	  0.001
[component_container-11] 	 33.140	ErrTwis	  0.709	  1.289	  0.067	  0.013
[component_container-11] 	 33.140	    GPS	 -1.327	 -1.290	  5.034	     --
[component_container-11] 	 33.140	   Baro	     --	     --	  6.173	     --
[component_container-11] 	 33.140	  BBias	     --	     --	  1.067	     --
[component_container-11] 	 33.140	  Sonar	     --	     --	    inf	     --
[component_container-11] 	 33.140	  Magnt	     --	     --	     --	 -2.890
[component_container-11] 
[component_container-11] 	 33.170	   Pose	 -1.329	 -1.260	  5.012	 -2.895
[component_container-11] 	 33.170	  Twist	 -0.131	 -0.689	 -0.048	 -0.297
[component_container-11] 	 33.170	ErrPose	 -0.289	 -0.069	  0.021	  0.005
[component_container-11] 	 33.170	ErrTwis	  0.705	  1.292	  0.063	  0.018
[component_container-11] 	 33.170	    GPS	 -1.327	 -1.290	  5.034	     --
[component_container-11] 	 33.170	   Baro	     --	     --	  6.126	     --
[component_container-11] 	 33.170	  BBias	     --	     --	  1.067	     --
[component_container-11] 	 33.170	  Sonar	     --	     --	    inf	     --
[component_container-11] 	 33.170	  Magnt	     --	     --	     --	 -2.922
[component_container-11] 
[component_container-11] 	 33.200	   Pose	 -1.332	 -1.280	  5.011	 -2.904
[component_container-11] 	 33.200	  Twist	 -0.127	 -0.687	 -0.049	 -0.280
[component_container-11] 	 33.200	ErrPose	 -0.302	 -0.078	  0.022	  0.002
[component_container-11] 	 33.200	ErrTwis	  0.699	  1.297	  0.064	 -0.000
[component_container-11] 	 33.200	    GPS	 -1.327	 -1.290	  5.034	     --
[component_container-11] 	 33.200	   Baro	     --	     --	  6.126	     --
[component_container-11] 	 33.200	  BBias	     --	     --	  1.067	     --
[component_container-11] 	 33.200	  Sonar	     --	     --	    inf	     --
[component_container-11] 	 33.200	  Magnt	     --	     --	     --	 -2.922
[component_container-11] 
[component_container-11] 	 33.240	   Pose	 -1.337	 -1.308	  5.009	 -2.915
[component_container-11] 	 33.240	  Twist	 -0.123	 -0.684	 -0.050	 -0.278
[component_container-11] 	 33.240	ErrPose	 -0.313	 -0.080	  0.023	  0.002
[component_container-11] 	 33.240	ErrTwis	  0.694	  1.301	  0.063	 -0.002
[component_container-11] 	 33.240	    GPS	 -1.327	 -1.290	  5.034	     --
[component_container-11] 	 33.240	   Baro	     --	     --	  6.088	     --
[component_container-11] 	 33.240	  BBias	     --	     --	  1.067	     --
[component_container-11] 	 33.240	  Sonar	     --	     --	    inf	     --
[component_container-11] 	 33.240	  Magnt	     --	     --	     --	 -2.916
[component_container-11] 
[component_container-11] 	 33.270	   Pose	 -1.341	 -1.328	  5.004	 -2.923
[component_container-11] 	 33.270	  Twist	 -0.118	 -0.683	 -0.055	 -0.281
[component_container-11] 	 33.270	ErrPose	 -0.318	 -0.074	  0.028	  0.004
[component_container-11] 	 33.270	ErrTwis	  0.689	  1.302	  0.067	  0.002
[component_container-11] 	 33.270	    GPS	 -1.327	 -1.290	  5.034	     --
[component_container-11] 	 33.270	   Baro	     --	     --	  6.035	     --
[component_container-11] 	 33.270	  BBias	     --	     --	  1.067	     --
[component_container-11] 	 33.270	  Sonar	     --	     --	    inf	     --
[component_container-11] 	 33.270	  Magnt	     --	     --	     --	 -2.879
[component_container-11] 
[component_container-11] 	 33.300	   Pose	 -1.344	 -1.349	  5.003	 -2.931
[component_container-11] 	 33.300	  Twist	 -0.115	 -0.680	 -0.057	 -0.283
[component_container-11] 	 33.300	ErrPose	 -0.331	 -0.083	  0.030	  0.002
[component_container-11] 	 33.300	ErrTwis	  0.685	  1.305	  0.066	  0.004
[component_container-11] 	 33.300	    GPS	 -1.327	 -1.290	  5.034	     --
[component_container-11] 	 33.300	   Baro	     --	     --	  6.035	     --
[component_container-11] 	 33.300	  BBias	     --	     --	  1.067	     --
[component_container-11] 	 33.300	  Sonar	     --	     --	    inf	     --
[component_container-11] 	 33.300	  Magnt	     --	     --	     --	 -2.879
[component_container-11] 
[component_container-11] 	 33.340	   Pose	 -1.349	 -1.376	  5.010	 -2.942
[component_container-11] 	 33.340	  Twist	 -0.111	 -0.678	 -0.048	 -0.302
[component_container-11] 	 33.340	ErrPose	 -0.344	 -0.085	  0.022	  0.001
[component_container-11] 	 33.340	ErrTwis	  0.679	  1.304	  0.057	  0.023
[component_container-11] 	 33.340	    GPS	 -1.327	 -1.290	  5.034	     --
[component_container-11] 	 33.340	   Baro	     --	     --	  6.181	     --
[component_container-11] 	 33.340	  BBias	     --	     --	  1.067	     --
[component_container-11] 	 33.340	  Sonar	     --	     --	    inf	     --
[component_container-11] 	 33.340	  Magnt	     --	     --	     --	 -2.899
[component_container-11] 
[component_container-11] 	 33.370	   Pose	 -1.352	 -1.396	  5.012	 -2.951
[component_container-11] 	 33.370	  Twist	 -0.108	 -0.675	 -0.046	 -0.285
[component_container-11] 	 33.370	ErrPose	 -0.349	 -0.079	  0.021	  0.004
[component_container-11] 	 33.370	ErrTwis	  0.675	  1.303	  0.054	  0.005
[component_container-11] 	 33.370	    GPS	 -1.327	 -1.290	  5.034	     --
[component_container-11] 	 33.370	   Baro	     --	     --	  6.112	     --
[component_container-11] 	 33.370	  BBias	     --	     --	  1.067	     --
[component_container-11] 	 33.370	  Sonar	     --	     --	    inf	     --
[component_container-11] 	 33.370	  Magnt	     --	     --	     --	 -2.954
[component_container-11] 
[component_container-11] 	 33.400	   Pose	 -1.355	 -1.416	  5.010	 -2.959
[component_container-11] 	 33.400	  Twist	 -0.106	 -0.672	 -0.046	 -0.265
[component_container-11] 	 33.400	ErrPose	 -0.364	 -0.088	  0.022	  0.001
[component_container-11] 	 33.400	ErrTwis	  0.673	  1.301	  0.053	 -0.014
[component_container-11] 	 33.400	    GPS	 -1.327	 -1.290	  5.034	     --
[component_container-11] 	 33.400	   Baro	     --	     --	  6.112	     --
[component_container-11] 	 33.400	  BBias	     --	     --	  1.067	     --
[component_container-11] 	 33.400	  Sonar	     --	     --	    inf	     --
[component_container-11] 	 33.400	  Magnt	     --	     --	     --	 -2.954
[component_container-11] 
[component_container-11] 	 33.440	   Pose	 -1.360	 -1.443	  5.012	 -2.971
[component_container-11] 	 33.440	  Twist	 -0.101	 -0.670	 -0.044	 -0.290
[component_container-11] 	 33.440	ErrPose	 -0.377	 -0.090	  0.020	  0.002
[component_container-11] 	 33.440	ErrTwis	  0.667	  1.298	  0.049	  0.010
[component_container-11] 	 33.440	    GPS	 -1.327	 -1.290	  5.034	     --
[component_container-11] 	 33.440	   Baro	     --	     --	  6.116	     --
[component_container-11] 	 33.440	  BBias	     --	     --	  1.068	     --
[component_container-11] 	 33.440	  Sonar	     --	     --	    inf	     --
[component_container-11] 	 33.440	  Magnt	     --	     --	     --	 -2.986
[component_container-11] 
[component_container-11] 	 33.470	   Pose	 -1.363	 -1.463	  5.006	 -2.979
[component_container-11] 	 33.470	  Twist	 -0.096	 -0.668	 -0.049	 -0.285
[component_container-11] 	 33.470	ErrPose	 -0.383	 -0.084	  0.026	  0.005
[component_container-11] 	 33.470	ErrTwis	  0.662	  1.296	  0.053	  0.006
[component_container-11] 	 33.470	    GPS	 -1.327	 -1.290	  5.034	     --
[component_container-11] 	 33.470	   Baro	     --	     --	  6.028	     --
[component_container-11] 	 33.470	  BBias	     --	     --	  1.067	     --
[component_container-11] 	 33.470	  Sonar	     --	     --	    inf	     --
[component_container-11] 	 33.470	  Magnt	     --	     --	     --	 -2.977
[component_container-11] 
[component_container-11] 	 33.500	   Pose	 -1.365	 -1.483	  5.005	 -2.988
[component_container-11] 	 33.500	  Twist	 -0.092	 -0.666	 -0.050	 -0.288
[component_container-11] 	 33.500	ErrPose	 -0.399	 -0.092	  0.027	  0.002
[component_container-11] 	 33.500	ErrTwis	  0.658	  1.292	  0.054	  0.008
[component_container-11] 	 33.500	    GPS	 -1.327	 -1.290	  5.034	     --
[component_container-11] 	 33.500	   Baro	     --	     --	  6.028	     --
[component_container-11] 	 33.500	  BBias	     --	     --	  1.067	     --
[component_container-11] 	 33.500	  Sonar	     --	     --	    inf	     --
[component_container-11] 	 33.500	  Magnt	     --	     --	     --	 -2.977
[component_container-11] 
[component_container-11] 	 33.540	   Pose	 -1.576	 -1.535	  5.007	 -3.000
[component_container-11] 	 33.540	  Twist	 -0.240	 -0.671	 -0.047	 -0.284
[component_container-11] 	 33.540	ErrPose	 -0.207	 -0.068	  0.025	  0.003
[component_container-11] 	 33.540	ErrTwis	  0.805	  1.293	  0.049	  0.004
[component_container-11] 	 33.540	    GPS	 -1.756	 -1.591	  5.032	     --
[component_container-11] 	 33.540	   Baro	     --	     --	  6.074	     --
[component_container-11] 	 33.540	  BBias	     --	     --	  1.067	     --
[component_container-11] 	 33.540	  Sonar	     --	     --	    inf	     --
[component_container-11] 	 33.540	  Magnt	     --	     --	     --	 -3.021
[component_container-11] 
[component_container-11] 	 33.570	   Pose	 -1.583	 -1.555	  5.003	 -3.009
[component_container-11] 	 33.570	  Twist	 -0.236	 -0.669	 -0.051	 -0.296
[component_container-11] 	 33.570	ErrPose	 -0.209	 -0.062	  0.029	  0.007
[component_container-11] 	 33.570	ErrTwis	  0.801	  1.289	  0.052	  0.017
[component_container-11] 	 33.570	    GPS	 -1.756	 -1.591	  5.032	     --
[component_container-11] 	 33.570	   Baro	     --	     --	  6.033	     --
[component_container-11] 	 33.570	  BBias	     --	     --	  1.067	     --
[component_container-11] 	 33.570	  Sonar	     --	     --	    inf	     --
[component_container-11] 	 33.570	  Magnt	     --	     --	     --	 -3.022
[component_container-11] 
[component_container-11] 	 33.600	   Pose	 -1.590	 -1.575	  5.001	 -3.017
[component_container-11] 	 33.600	  Twist	 -0.232	 -0.667	 -0.050	 -0.288
[component_container-11] 	 33.600	ErrPose	 -0.222	 -0.069	  0.031	  0.004
[component_container-11] 	 33.600	ErrTwis	  0.796	  1.282	  0.050	  0.008
[component_container-11] 	 33.600	    GPS	 -1.756	 -1.591	  5.032	     --
[component_container-11] 	 33.600	   Baro	     --	     --	  6.033	     --
[component_container-11] 	 33.600	  BBias	     --	     --	  1.067	     --
[component_container-11] 	 33.600	  Sonar	     --	     --	    inf	     --
[component_container-11] 	 33.600	  Magnt	     --	     --	     --	 -3.022
[component_container-11] 
[component_container-11] 	 33.640	   Pose	 -1.599	 -1.602	  4.980	 -3.030
[component_container-11] 	 33.640	  Twist	 -0.228	 -0.664	 -0.070	 -0.277
[component_container-11] 	 33.640	ErrPose	 -0.232	 -0.069	  0.052	  0.005
[component_container-11] 	 33.640	ErrTwis	  0.792	  1.273	  0.070	 -0.002
[component_container-11] 	 33.640	    GPS	 -1.756	 -1.591	  5.032	     --
[component_container-11] 	 33.640	   Baro	     --	     --	  5.835	     --
[component_container-11] 	 33.640	  BBias	     --	     --	  1.067	     --
[component_container-11] 	 33.640	  Sonar	     --	     --	    inf	     --
[component_container-11] 	 33.640	  Magnt	     --	     --	     --	 -3.054
[component_container-11] 
[component_container-11] 	 33.670	   Pose	 -1.606	 -1.622	  4.973	 -3.039
[component_container-11] 	 33.670	  Twist	 -0.225	 -0.663	 -0.076	 -0.287
[component_container-11] 	 33.670	ErrPose	 -0.235	 -0.063	  0.059	  0.008
[component_container-11] 	 33.670	ErrTwis	  0.789	  1.269	  0.076	  0.007
[component_container-11] 	 33.670	    GPS	 -1.756	 -1.591	  5.032	     --
[component_container-11] 	 33.670	   Baro	     --	     --	  5.986	     --
[component_container-11] 	 33.670	  BBias	     --	     --	  1.067	     --
[component_container-11] 	 33.670	  Sonar	     --	     --	    inf	     --
[component_container-11] 	 33.670	  Magnt	     --	     --	     --	 -3.065
[component_container-11] 
[component_container-11] 	 33.700	   Pose	 -1.613	 -1.642	  4.971	 -3.047
[component_container-11] 	 33.700	  Twist	 -0.222	 -0.661	 -0.076	 -0.288
[component_container-11] 	 33.700	ErrPose	 -0.248	 -0.069	  0.062	  0.005
[component_container-11] 	 33.700	ErrTwis	  0.785	  1.259	  0.074	  0.009
[component_container-11] 	 33.700	    GPS	 -1.756	 -1.591	  5.032	     --
[component_container-11] 	 33.700	   Baro	     --	     --	  5.986	     --
[component_container-11] 	 33.700	  BBias	     --	     --	  1.067	     --
[component_container-11] 	 33.700	  Sonar	     --	     --	    inf	     --
[component_container-11] 	 33.700	  Magnt	     --	     --	     --	 -3.065
[component_container-11] 
[component_container-11] 	 33.740	   Pose	 -1.621	 -1.668	  4.982	 -3.058
[component_container-11] 	 33.740	  Twist	 -0.216	 -0.660	 -0.060	 -0.287
[component_container-11] 	 33.740	ErrPose	 -0.260	 -0.067	  0.050	  0.006
[component_container-11] 	 33.740	ErrTwis	  0.778	  1.248	  0.057	  0.007
[component_container-11] 	 33.740	    GPS	 -1.756	 -1.591	  5.032	     --
[component_container-11] 	 33.740	   Baro	     --	     --	  6.210	     --
[component_container-11] 	 33.740	  BBias	     --	     --	  1.067	     --
[component_container-11] 	 33.740	  Sonar	     --	     --	    inf	     --
[component_container-11] 	 33.740	  Magnt	     --	     --	     --	 -3.044
[component_container-11] 
[component_container-11] 	 33.770	   Pose	 -1.628	 -1.688	  4.978	 -3.068
[component_container-11] 	 33.770	  Twist	 -0.213	 -0.658	 -0.061	 -0.274
[component_container-11] 	 33.770	ErrPose	 -0.263	 -0.060	  0.055	  0.009
[component_container-11] 	 33.770	ErrTwis	  0.775	  1.241	  0.059	 -0.005
[component_container-11] 	 33.770	    GPS	 -1.756	 -1.591	  5.032	     --
[component_container-11] 	 33.770	   Baro	     --	     --	  6.019	     --
[component_container-11] 	 33.770	  BBias	     --	     --	  1.067	     --
[component_container-11] 	 33.770	  Sonar	     --	     --	    inf	     --
[component_container-11] 	 33.770	  Magnt	     --	     --	     --	 -3.095
[component_container-11] 
[component_container-11] 	 33.800	   Pose	 -1.634	 -1.707	  4.976	 -3.076
[component_container-11] 	 33.800	  Twist	 -0.211	 -0.657	 -0.060	 -0.273
[component_container-11] 	 33.800	ErrPose	 -0.278	 -0.064	  0.057	  0.006
[component_container-11] 	 33.800	ErrTwis	  0.771	  1.229	  0.060	 -0.006
[component_container-11] 	 33.800	    GPS	 -1.756	 -1.591	  5.032	     --
[component_container-11] 	 33.800	   Baro	     --	     --	  6.019	     --
[component_container-11] 	 33.800	  BBias	     --	     --	  1.067	     --
[component_container-11] 	 33.800	  Sonar	     --	     --	    inf	     --
[component_container-11] 	 33.800	  Magnt	     --	     --	     --	 -3.095
[component_container-11] 
[component_container-11] 	 33.840	   Pose	 -1.643	 -1.734	  4.965	 -3.088
[component_container-11] 	 33.840	  Twist	 -0.206	 -0.655	 -0.067	 -0.286
[component_container-11] 	 33.840	ErrPose	 -0.290	 -0.062	  0.068	  0.007
[component_container-11] 	 33.840	ErrTwis	  0.766	  1.216	  0.067	  0.006
[component_container-11] 	 33.840	    GPS	 -1.756	 -1.591	  5.032	     --
[component_container-11] 	 33.840	   Baro	     --	     --	  5.946	     --
[component_container-11] 	 33.840	  BBias	     --	     --	  1.067	     --
[component_container-11] 	 33.840	  Sonar	     --	     --	    inf	     --
[component_container-11] 	 33.840	  Magnt	     --	     --	     --	 -3.081
[component_container-11] 
[component_container-11] 	 33.870	   Pose	 -1.649	 -1.753	  4.970	 -3.096
[component_container-11] 	 33.870	  Twist	 -0.201	 -0.653	 -0.059	 -0.273
[component_container-11] 	 33.870	ErrPose	 -0.295	 -0.053	  0.064	  0.009
[component_container-11] 	 33.870	ErrTwis	  0.760	  1.208	  0.059	 -0.007
[component_container-11] 	 33.870	    GPS	 -1.756	 -1.591	  5.032	     --
[component_container-11] 	 33.870	   Baro	     --	     --	  6.109	     --
[component_container-11] 	 33.870	  BBias	     --	     --	  1.067	     --
[component_container-11] 	 33.870	  Sonar	     --	     --	    inf	     --
[component_container-11] 	 33.870	  Magnt	     --	     --	     --	 -3.076
[component_container-11] 
[component_container-11] 	 33.900	   Pose	 -1.655	 -1.773	  4.968	 -3.104
[component_container-11] 	 33.900	  Twist	 -0.198	 -0.652	 -0.057	 -0.282
[component_container-11] 	 33.900	ErrPose	 -0.310	 -0.056	  0.066	  0.006
[component_container-11] 	 33.900	ErrTwis	  0.754	  1.194	  0.060	  0.002
[component_container-11] 	 33.900	    GPS	 -1.756	 -1.591	  5.032	     --
[component_container-11] 	 33.900	   Baro	     --	     --	  6.109	     --
[component_container-11] 	 33.900	  BBias	     --	     --	  1.067	     --
[component_container-11] 	 33.900	  Sonar	     --	     --	    inf	     --
[component_container-11] 	 33.900	  Magnt	     --	     --	     --	 -3.076
[component_container-11] 
[component_container-11] 	 33.940	   Pose	 -1.662	 -1.799	  4.968	 -3.115
[component_container-11] 	 33.940	  Twist	 -0.193	 -0.651	 -0.054	 -0.282
[component_container-11] 	 33.940	ErrPose	 -0.323	 -0.051	  0.067	  0.006
[component_container-11] 	 33.940	ErrTwis	  0.748	  1.179	  0.059	  0.002
[component_container-11] 	 33.940	    GPS	 -1.756	 -1.591	  5.032	     --
[component_container-11] 	 33.940	   Baro	     --	     --	  6.056	     --
[component_container-11] 	 33.940	  BBias	     --	     --	  1.067	     --
[component_container-11] 	 33.940	  Sonar	     --	     --	    inf	     --
[component_container-11] 	 33.940	  Magnt	     --	     --	     --	 -3.105
[component_container-11] 
[component_container-11] 	 33.970	   Pose	 -1.668	 -1.819	  4.984	 -3.124
[component_container-11] 	 33.970	  Twist	 -0.190	 -0.650	 -0.035	 -0.276
[component_container-11] 	 33.970	ErrPose	 -0.328	 -0.042	  0.052	  0.010
[component_container-11] 	 33.970	ErrTwis	  0.745	  1.170	  0.041	 -0.004
[component_container-11] 	 33.970	    GPS	 -1.756	 -1.591	  5.032	     --
[component_container-11] 	 33.970	   Baro	     --	     --	  6.226	     --
[component_container-11] 	 33.970	  BBias	     --	     --	  1.067	     --
[component_container-11] 	 33.970	  Sonar	     --	     --	    inf	     --
[component_container-11] 	 33.970	  Magnt	     --	     --	     --	  3.141
[component_container-11] 
[component_container-11] [INFO] [1775368658.199795709] [drone.controller]: cmd_vel body=(0.335, 0.176, 0.016) yaw=-0.300 | odom_received=true | plan_points=5
[component_container-11] 	 34.000	   Pose	 -1.674	 -1.838	  4.983	 -3.133
[component_container-11] 	 34.000	  Twist	 -0.187	 -0.649	 -0.035	 -0.290
[component_container-11] 	 34.000	ErrPose	 -0.344	 -0.043	  0.054	  0.007
[component_container-11] 	 34.000	ErrTwis	  0.739	  1.154	  0.042	  0.011
[component_container-11] 	 34.000	    GPS	 -1.756	 -1.591	  5.032	     --
[component_container-11] 	 34.000	   Baro	     --	     --	  6.226	     --
[component_container-11] 	 34.000	  BBias	     --	     --	  1.067	     --
[component_container-11] 	 34.000	  Sonar	     --	     --	    inf	     --
[component_container-11] 	 34.000	  Magnt	     --	     --	     --	  3.141
[component_container-11] 
[component_container-11] [INFO] [1775368658.200172007] [drone.estimator]: TMP LOG err_xyz=(-0.344, -0.043, 0.054) | z_est=4.983 vz_est=-0.035 bias=1.067 | gps_z=5.032 sonar=inf baro=6.226
[component_container-11] [INFO] [1775368658.204917465] [drone.estimator]: TMP LOG gps innov_xy=(-0.123, -0.040) est_xy=(-1.676, -1.845) gps_xy=(-1.799, -1.884) corr_xy=(-1.799, -1.884) vel_xy=(-0.186, -0.649)
[component_container-11] [INFO] [1775368658.205033569] [drone.estimator]: TMP LOG gps vel pseudo raw=(-0.084, -0.586) filt=(-0.152, -0.591) innov_v=(0.050, 0.063) apply=(1,1)
[component_container-11] 	 34.040	   Pose	 -1.712	 -1.867	  5.008	  3.138
[component_container-11] 	 34.040	  Twist	 -0.190	 -0.643	 -0.007	 -0.264
[component_container-11] 	 34.040	ErrPose	 -0.328	 -0.033	  0.030	  0.008
[component_container-11] 	 34.040	ErrTwis	  0.740	  1.133	  0.016	 -0.015
[component_container-11] 	 34.040	    GPS	 -1.799	 -1.884	  5.037	     --
[component_container-11] 	 34.040	   Baro	     --	     --	  6.274	     --
[component_container-11] 	 34.040	  BBias	     --	     --	  1.067	     --
[component_container-11] 	 34.040	  Sonar	     --	     --	    inf	     --
[component_container-11] 	 34.040	  Magnt	     --	     --	     --	  3.126
[component_container-11] 
[component_container-11] 	 34.070	   Pose	 -1.717	 -1.886	  5.018	  3.129
[component_container-11] 	 34.070	  Twist	 -0.187	 -0.642	  0.003	 -0.294
[component_container-11] 	 34.070	ErrPose	 -0.334	 -0.023	  0.021	  0.011
[component_container-11] 	 34.070	ErrTwis	  0.735	  1.124	  0.008	  0.015
[component_container-11] 	 34.070	    GPS	 -1.799	 -1.884	  5.037	     --
[component_container-11] 	 34.070	   Baro	     --	     --	  6.205	     --
[component_container-11] 	 34.070	  BBias	     --	     --	  1.067	     --
[component_container-11] 	 34.070	  Sonar	     --	     --	    inf	     --
[component_container-11] 	 34.070	  Magnt	     --	     --	     --	  3.100
[component_container-11] 
[component_container-11] 	 34.100	   Pose	 -1.723	 -1.906	  5.018	  3.121
[component_container-11] 	 34.100	  Twist	 -0.184	 -0.642	  0.003	 -0.275
[component_container-11] 	 34.100	ErrPose	 -0.350	 -0.022	  0.022	  0.008
[component_container-11] 	 34.100	ErrTwis	  0.731	  1.106	  0.010	 -0.004
[component_container-11] 	 34.100	    GPS	 -1.799	 -1.884	  5.037	     --
[component_container-11] 	 34.100	   Baro	     --	     --	  6.205	     --
[component_container-11] 	 34.100	  BBias	     --	     --	  1.067	     --
[component_container-11] 	 34.100	  Sonar	     --	     --	    inf	     --
[component_container-11] 	 34.100	  Magnt	     --	     --	     --	  3.100
[component_container-11] 
[component_container-11] 	 34.140	   Pose	 -1.730	 -1.931	  5.031	  3.109
[component_container-11] 	 34.140	  Twist	 -0.179	 -0.641	  0.015	 -0.287
[component_container-11] 	 34.140	ErrPose	 -0.365	 -0.013	  0.010	  0.009
[component_container-11] 	 34.140	ErrTwis	  0.723	  1.089	 -0.003	  0.007
[component_container-11] 	 34.140	    GPS	 -1.799	 -1.884	  5.037	     --
[component_container-11] 	 34.140	   Baro	     --	     --	  6.250	     --
[component_container-11] 	 34.140	  BBias	     --	     --	  1.067	     --
[component_container-11] 	 34.140	  Sonar	     --	     --	    inf	     --
[component_container-11] 	 34.140	  Magnt	     --	     --	     --	  3.098
[component_container-11] 
[component_container-11] 	 34.170	   Pose	 -1.735	 -1.951	  5.030	  3.101
[component_container-11] 	 34.170	  Twist	 -0.176	 -0.641	  0.011	 -0.272
[component_container-11] 	 34.170	ErrPose	 -0.371	 -0.002	  0.012	  0.012
[component_container-11] 	 34.170	ErrTwis	  0.718	  1.080	  0.001	 -0.008
[component_container-11] 	 34.170	    GPS	 -1.799	 -1.884	  5.037	     --
[component_container-11] 	 34.170	   Baro	     --	     --	  6.076	     --
[component_container-11] 	 34.170	  BBias	     --	     --	  1.067	     --
[component_container-11] 	 34.170	  Sonar	     --	     --	    inf	     --
[component_container-11] 	 34.170	  Magnt	     --	     --	     --	  3.110
[component_container-11] 
[component_container-11] [INFO] [1775368658.400076967] [drone.behavior]: Behavior transition INITIAL -> TURTLE_POSITION | turtle_stop=false | waypoint=(-2.00, -2.00, 5.00)
[component_container-11] [INFO] [1775368658.400132316] [drone.behavior]: Behavior target TURTLE_POSITION | new_waypoint=(1.74, 0.84, 5.00)
[component_container-11] 	 34.200	   Pose	 -1.741	 -1.970	  5.030	  3.093
[component_container-11] 	 34.200	  Twist	 -0.173	 -0.640	  0.009	 -0.269
[component_container-11] 	 34.200	ErrPose	 -0.387	  0.002	  0.013	  0.009
[component_container-11] 	 34.200	ErrTwis	  0.712	  1.062	  0.002	 -0.011
[component_container-11] 	 34.200	    GPS	 -1.799	 -1.884	  5.037	     --
[component_container-11] 	 34.200	   Baro	     --	     --	  6.076	     --
[component_container-11] 	 34.200	  BBias	     --	     --	  1.067	     --
[component_container-11] 	 34.200	  Sonar	     --	     --	    inf	     --
[component_container-11] 	 34.200	  Magnt	     --	     --	     --	  3.110
[component_container-11] 
[component_container-11] 	 34.240	   Pose	 -1.748	 -1.995	  5.018	  3.081
[component_container-11] 	 34.240	  Twist	 -0.170	 -0.641	 -0.007	 -0.274
[component_container-11] 	 34.240	ErrPose	 -0.403	  0.013	  0.026	  0.009
[component_container-11] 	 34.240	ErrTwis	  0.705	  1.044	  0.018	 -0.005
[component_container-11] 	 34.240	    GPS	 -1.799	 -1.884	  5.037	     --
[component_container-11] 	 34.240	   Baro	     --	     --	  5.948	     --
[component_container-11] 	 34.240	  BBias	     --	     --	  1.067	     --
[component_container-11] 	 34.240	  Sonar	     --	     --	    inf	     --
[component_container-11] 	 34.240	  Magnt	     --	     --	     --	  3.075
[component_container-11] 
[component_container-11] 	 34.270	   Pose	 -1.753	 -2.015	  5.019	  3.072
[component_container-11] 	 34.270	  Twist	 -0.167	 -0.640	 -0.008	 -0.286
[component_container-11] 	 34.270	ErrPose	 -0.409	  0.026	  0.025	  0.012
[component_container-11] 	 34.270	ErrTwis	  0.701	  1.034	  0.017	  0.006
[component_container-11] 	 34.270	    GPS	 -1.799	 -1.884	  5.037	     --
[component_container-11] 	 34.270	   Baro	     --	     --	  6.101	     --
[component_container-11] 	 34.270	  BBias	     --	     --	  1.067	     --
[component_container-11] 	 34.270	  Sonar	     --	     --	    inf	     --
[component_container-11] 	 34.270	  Magnt	     --	     --	     --	  3.064
[component_container-11] 
[component_container-11] 	 34.300	   Pose	 -1.758	 -2.034	  5.019	  3.064
[component_container-11] 	 34.300	  Twist	 -0.163	 -0.640	 -0.009	 -0.253
[component_container-11] 	 34.300	ErrPose	 -0.426	  0.032	  0.027	  0.009
[component_container-11] 	 34.300	ErrTwis	  0.694	  1.015	  0.015	 -0.026
[component_container-11] 	 34.300	    GPS	 -1.799	 -1.884	  5.037	     --
[component_container-11] 	 34.300	   Baro	     --	     --	  6.101	     --
[component_container-11] 	 34.300	  BBias	     --	     --	  1.067	     --
[component_container-11] 	 34.300	  Sonar	     --	     --	    inf	     --
[component_container-11] 	 34.300	  Magnt	     --	     --	     --	  3.064
[component_container-11] 
[component_container-11] 	 34.340	   Pose	 -1.764	 -2.059	  5.010	  3.053
[component_container-11] 	 34.340	  Twist	 -0.159	 -0.642	 -0.017	 -0.314
[component_container-11] 	 34.340	ErrPose	 -0.441	  0.045	  0.036	  0.009
[component_container-11] 	 34.340	ErrTwis	  0.686	  0.997	  0.023	  0.036
[component_container-11] 	 34.340	    GPS	 -1.799	 -1.884	  5.037	     --
[component_container-11] 	 34.340	   Baro	     --	     --	  5.990	     --
[component_container-11] 	 34.340	  BBias	     --	     --	  1.067	     --
[component_container-11] 	 34.340	  Sonar	     --	     --	    inf	     --
[component_container-11] 	 34.340	  Magnt	     --	     --	     --	  3.071
[component_container-11] 
[component_container-11] 	 34.370	   Pose	 -1.769	 -2.079	  5.003	  3.043
[component_container-11] 	 34.370	  Twist	 -0.156	 -0.643	 -0.024	 -0.284
[component_container-11] 	 34.370	ErrPose	 -0.447	  0.059	  0.044	  0.012
[component_container-11] 	 34.370	ErrTwis	  0.681	  0.987	  0.028	  0.006
[component_container-11] 	 34.370	    GPS	 -1.799	 -1.884	  5.037	     --
[component_container-11] 	 34.370	   Baro	     --	     --	  6.007	     --
[component_container-11] 	 34.370	  BBias	     --	     --	  1.067	     --
[component_container-11] 	 34.370	  Sonar	     --	     --	    inf	     --
[component_container-11] 	 34.370	  Magnt	     --	     --	     --	  3.015
[component_container-11] 
[component_container-11] 	 34.400	   Pose	 -1.773	 -2.098	  5.002	  3.035
[component_container-11] 	 34.400	  Twist	 -0.154	 -0.645	 -0.025	 -0.285
[component_container-11] 	 34.400	ErrPose	 -0.464	  0.069	  0.045	  0.009
[component_container-11] 	 34.400	ErrTwis	  0.675	  0.965	  0.024	  0.006
[component_container-11] 	 34.400	    GPS	 -1.799	 -1.884	  5.037	     --
[component_container-11] 	 34.400	   Baro	     --	     --	  6.007	     --
[component_container-11] 	 34.400	  BBias	     --	     --	  1.067	     --
[component_container-11] 	 34.400	  Sonar	     --	     --	    inf	     --
[component_container-11] 	 34.400	  Magnt	     --	     --	     --	  3.015
[component_container-11] 
[component_container-11] 	 34.440	   Pose	 -1.779	 -2.124	  4.993	  3.024
[component_container-11] 	 34.440	  Twist	 -0.150	 -0.648	 -0.033	 -0.275
[component_container-11] 	 34.440	ErrPose	 -0.480	  0.086	  0.055	  0.009
[component_container-11] 	 34.440	ErrTwis	  0.665	  0.934	  0.026	 -0.004
[component_container-11] 	 34.440	    GPS	 -1.799	 -1.884	  5.037	     --
[component_container-11] 	 34.440	   Baro	     --	     --	  5.981	     --
[component_container-11] 	 34.440	  BBias	     --	     --	  1.067	     --
[component_container-11] 	 34.440	  Sonar	     --	     --	    inf	     --
[component_container-11] 	 34.440	  Magnt	     --	     --	     --	  3.036
[component_container-11] 
[component_container-11] 	 34.470	   Pose	 -1.784	 -2.143	  4.997	  3.014
[component_container-11] 	 34.470	  Twist	 -0.148	 -0.650	 -0.029	 -0.278
[component_container-11] 	 34.470	ErrPose	 -0.486	  0.103	  0.052	  0.013
[component_container-11] 	 34.470	ErrTwis	  0.660	  0.916	  0.020	 -0.002
[component_container-11] 	 34.470	    GPS	 -1.799	 -1.884	  5.037	     --
[component_container-11] 	 34.470	   Baro	     --	     --	  6.111	     --
[component_container-11] 	 34.470	  BBias	     --	     --	  1.067	     --
[component_container-11] 	 34.470	  Sonar	     --	     --	    inf	     --
[component_container-11] 	 34.470	  Magnt	     --	     --	     --	  2.967
[component_container-11] 
[component_container-11] 	 34.500	   Pose	 -1.788	 -2.163	  4.996	  3.006
[component_container-11] 	 34.500	  Twist	 -0.145	 -0.651	 -0.031	 -0.276
[component_container-11] 	 34.500	ErrPose	 -0.502	  0.117	  0.054	  0.010
[component_container-11] 	 34.500	ErrTwis	  0.650	  0.870	  0.020	 -0.005
[component_container-11] 	 34.500	    GPS	 -1.799	 -1.884	  5.037	     --
[component_container-11] 	 34.500	   Baro	     --	     --	  6.111	     --
[component_container-11] 	 34.500	  BBias	     --	     --	  1.067	     --
[component_container-11] 	 34.500	  Sonar	     --	     --	    inf	     --
[component_container-11] 	 34.500	  Magnt	     --	     --	     --	  2.967
[component_container-11] 
[component_container-11] 	 34.540	   Pose	 -2.031	 -2.004	  5.009	  2.995
[component_container-11] 	 34.540	  Twist	 -0.308	 -0.511	 -0.021	 -0.290
[component_container-11] 	 34.540	ErrPose	 -0.279	 -0.043	  0.042	  0.008
[component_container-11] 	 34.540	ErrTwis	  0.808	  0.676	  0.009	  0.009
[component_container-11] 	 34.540	    GPS	 -2.265	 -1.847	  5.050	     --
[component_container-11] 	 34.540	   Baro	     --	     --	  6.130	     --
[component_container-11] 	 34.540	  BBias	     --	     --	  1.067	     --
[component_container-11] 	 34.540	  Sonar	     --	     --	    inf	     --
[component_container-11] 	 34.540	  Magnt	     --	     --	     --	  3.027
[component_container-11] 
[component_container-11] 	 34.570	   Pose	 -2.041	 -2.020	  5.003	  2.985
[component_container-11] 	 34.570	  Twist	 -0.305	 -0.512	 -0.029	 -0.288
[component_container-11] 	 34.570	ErrPose	 -0.280	 -0.028	  0.047	  0.012
[component_container-11] 	 34.570	ErrTwis	  0.802	  0.648	  0.017	  0.007
[component_container-11] 	 34.570	    GPS	 -2.265	 -1.847	  5.050	     --
[component_container-11] 	 34.570	   Baro	     --	     --	  6.014	     --
[component_container-11] 	 34.570	  BBias	     --	     --	  1.067	     --
[component_container-11] 	 34.570	  Sonar	     --	     --	    inf	     --
[component_container-11] 	 34.570	  Magnt	     --	     --	     --	  2.936
[component_container-11] 
[component_container-11] 	 34.600	   Pose	 -2.050	 -2.035	  5.002	  2.977
[component_container-11] 	 34.600	  Twist	 -0.302	 -0.514	 -0.032	 -0.286
[component_container-11] 	 34.600	ErrPose	 -0.290	 -0.011	  0.048	  0.010
[component_container-11] 	 34.600	ErrTwis	  0.792	  0.590	  0.020	  0.006
[component_container-11] 	 34.600	    GPS	 -2.265	 -1.847	  5.050	     --
[component_container-11] 	 34.600	   Baro	     --	     --	  6.014	     --
[component_container-11] 	 34.600	  BBias	     --	     --	  1.067	     --
[component_container-11] 	 34.600	  Sonar	     --	     --	    inf	     --
[component_container-11] 	 34.600	  Magnt	     --	     --	     --	  2.936
[component_container-11] 
[component_container-11] 	 34.640	   Pose	 -2.062	 -2.056	  5.002	  2.965
[component_container-11] 	 34.640	  Twist	 -0.299	 -0.515	 -0.036	 -0.272
[component_container-11] 	 34.640	ErrPose	 -0.297	  0.014	  0.048	  0.009
[component_container-11] 	 34.640	ErrTwis	  0.781	  0.530	  0.026	 -0.007
[component_container-11] 	 34.640	    GPS	 -2.265	 -1.847	  5.050	     --
[component_container-11] 	 34.640	   Baro	     --	     --	  6.082	     --
[component_container-11] 	 34.640	  BBias	     --	     --	  1.067	     --
[component_container-11] 	 34.640	  Sonar	     --	     --	    inf	     --
[component_container-11] 	 34.640	  Magnt	     --	     --	     --	  2.950
[component_container-11] 
[component_container-11] 	 34.670	   Pose	 -2.071	 -2.071	  5.007	  2.956
[component_container-11] 	 34.670	  Twist	 -0.297	 -0.516	 -0.033	 -0.279
[component_container-11] 	 34.670	ErrPose	 -0.297	  0.032	  0.042	  0.012
[component_container-11] 	 34.670	ErrTwis	  0.775	  0.501	  0.023	  0.000
[component_container-11] 	 34.670	    GPS	 -2.265	 -1.847	  5.050	     --
[component_container-11] 	 34.670	   Baro	     --	     --	  6.146	     --
[component_container-11] 	 34.670	  BBias	     --	     --	  1.067	     --
[component_container-11] 	 34.670	  Sonar	     --	     --	    inf	     --
[component_container-11] 	 34.670	  Magnt	     --	     --	     --	  2.945
[component_container-11] 
[component_container-11] 	 34.700	   Pose	 -2.079	 -2.087	  5.006	  2.948
[component_container-11] 	 34.700	  Twist	 -0.294	 -0.517	 -0.036	 -0.258
[component_container-11] 	 34.700	ErrPose	 -0.306	  0.056	  0.043	  0.008
[component_container-11] 	 34.700	ErrTwis	  0.765	  0.443	  0.024	 -0.019
[component_container-11] 	 34.700	    GPS	 -2.265	 -1.847	  5.050	     --
[component_container-11] 	 34.700	   Baro	     --	     --	  6.146	     --
[component_container-11] 	 34.700	  BBias	     --	     --	  1.067	     --
[component_container-11] 	 34.700	  Sonar	     --	     --	    inf	     --
[component_container-11] 	 34.700	  Magnt	     --	     --	     --	  2.945
[component_container-11] 
[component_container-11] 	 34.740	   Pose	 -2.091	 -2.107	  5.007	  2.935
[component_container-11] 	 34.740	  Twist	 -0.290	 -0.519	 -0.037	 -0.281
[component_container-11] 	 34.740	ErrPose	 -0.311	  0.086	  0.041	  0.010
[component_container-11] 	 34.740	ErrTwis	  0.752	  0.391	  0.023	  0.005
[component_container-11] 	 34.740	    GPS	 -2.265	 -1.847	  5.050	     --
[component_container-11] 	 34.740	   Baro	     --	     --	  6.099	     --
[component_container-11] 	 34.740	  BBias	     --	     --	  1.067	     --
[component_container-11] 	 34.740	  Sonar	     --	     --	    inf	     --
[component_container-11] 	 34.740	  Magnt	     --	     --	     --	  2.880
[component_container-11] 
[component_container-11] 	 34.770	   Pose	 -2.100	 -2.123	  4.998	  2.927
[component_container-11] 	 34.770	  Twist	 -0.287	 -0.520	 -0.048	 -0.272
[component_container-11] 	 34.770	ErrPose	 -0.310	  0.107	  0.050	  0.013
[component_container-11] 	 34.770	ErrTwis	  0.745	  0.367	  0.034	 -0.003
[component_container-11] 	 34.770	    GPS	 -2.265	 -1.847	  5.050	     --
[component_container-11] 	 34.770	   Baro	     --	     --	  5.978	     --
[component_container-11] 	 34.770	  BBias	     --	     --	  1.067	     --
[component_container-11] 	 34.770	  Sonar	     --	     --	    inf	     --
[component_container-11] 	 34.770	  Magnt	     --	     --	     --	  2.909
[component_container-11] 
[component_container-11] 	 34.800	   Pose	 -2.108	 -2.139	  4.996	  2.918
[component_container-11] 	 34.800	  Twist	 -0.285	 -0.523	 -0.050	 -0.273
[component_container-11] 	 34.800	ErrPose	 -0.317	  0.136	  0.050	  0.009
[component_container-11] 	 34.800	ErrTwis	  0.734	  0.323	  0.036	 -0.001
[component_container-11] 	 34.800	    GPS	 -2.265	 -1.847	  5.050	     --
[component_container-11] 	 34.800	   Baro	     --	     --	  5.978	     --
[component_container-11] 	 34.800	  BBias	     --	     --	  1.067	     --
[component_container-11] 	 34.800	  Sonar	     --	     --	    inf	     --
[component_container-11] 	 34.800	  Magnt	     --	     --	     --	  2.909
[component_container-11] 
[component_container-11] 	 34.840	   Pose	 -2.120	 -2.160	  4.991	  2.907
[component_container-11] 	 34.840	  Twist	 -0.284	 -0.527	 -0.054	 -0.264
[component_container-11] 	 34.840	ErrPose	 -0.320	  0.171	  0.053	  0.009
[component_container-11] 	 34.840	ErrTwis	  0.723	  0.282	  0.039	 -0.010
[component_container-11] 	 34.840	    GPS	 -2.265	 -1.847	  5.050	     --
[component_container-11] 	 34.840	   Baro	     --	     --	  6.030	     --
[component_container-11] 	 34.840	  BBias	     --	     --	  1.067	     --
[component_container-11] 	 34.840	  Sonar	     --	     --	    inf	     --
[component_container-11] 	 34.840	  Magnt	     --	     --	     --	  2.890
[component_container-11] 
[component_container-11] 	 34.870	   Pose	 -2.128	 -2.175	  5.002	  2.898
[component_container-11] 	 34.870	  Twist	 -0.280	 -0.529	 -0.042	 -0.259
[component_container-11] 	 34.870	ErrPose	 -0.318	  0.195	  0.041	  0.012
[component_container-11] 	 34.870	ErrTwis	  0.715	  0.263	  0.026	 -0.014
[component_container-11] 	 34.870	    GPS	 -2.265	 -1.847	  5.050	     --
[component_container-11] 	 34.870	   Baro	     --	     --	  6.202	     --
[component_container-11] 	 34.870	  BBias	     --	     --	  1.067	     --
[component_container-11] 	 34.870	  Sonar	     --	     --	    inf	     --
[component_container-11] 	 34.870	  Magnt	     --	     --	     --	  2.895
[component_container-11] 
[component_container-11] 	 34.900	   Pose	 -2.137	 -2.191	  5.001	  2.890
[component_container-11] 	 34.900	  Twist	 -0.278	 -0.532	 -0.041	 -0.265
[component_container-11] 	 34.900	ErrPose	 -0.323	  0.228	  0.041	  0.010
[component_container-11] 	 34.900	ErrTwis	  0.701	  0.224	  0.027	 -0.008
[component_container-11] 	 34.900	    GPS	 -2.265	 -1.847	  5.050	     --
[component_container-11] 	 34.900	   Baro	     --	     --	  6.202	     --
[component_container-11] 	 34.900	  BBias	     --	     --	  1.067	     --
[component_container-11] 	 34.900	  Sonar	     --	     --	    inf	     --
[component_container-11] 	 34.900	  Magnt	     --	     --	     --	  2.895
[component_container-11] 
[component_container-11] 	 34.940	   Pose	 -2.148	 -2.213	  5.009	  2.880
[component_container-11] 	 34.940	  Twist	 -0.276	 -0.535	 -0.032	 -0.277
[component_container-11] 	 34.940	ErrPose	 -0.324	  0.268	  0.031	  0.008
[component_container-11] 	 34.940	ErrTwis	  0.688	  0.188	  0.020	  0.004
[component_container-11] 	 34.940	    GPS	 -2.265	 -1.847	  5.050	     --
[component_container-11] 	 34.940	   Baro	     --	     --	  6.178	     --
[component_container-11] 	 34.940	  BBias	     --	     --	  1.067	     --
[component_container-11] 	 34.940	  Sonar	     --	     --	    inf	     --
[component_container-11] 	 34.940	  Magnt	     --	     --	     --	  2.922
[component_container-11] 
[component_container-11] 	 34.970	   Pose	 -2.156	 -2.229	  5.012	  2.872
[component_container-11] 	 34.970	  Twist	 -0.275	 -0.538	 -0.030	 -0.282
[component_container-11] 	 34.970	ErrPose	 -0.321	  0.294	  0.028	  0.010
[component_container-11] 	 34.970	ErrTwis	  0.681	  0.171	  0.017	  0.008
[component_container-11] 	 34.970	    GPS	 -2.265	 -1.847	  5.050	     --
[component_container-11] 	 34.970	   Baro	     --	     --	  6.111	     --
[component_container-11] 	 34.970	  BBias	     --	     --	  1.067	     --
[component_container-11] 	 34.970	  Sonar	     --	     --	    inf	     --
[component_container-11] 	 34.970	  Magnt	     --	     --	     --	  2.927
[component_container-11] 
[component_container-11] [INFO] [1775368659.203853404] [drone.controller]: cmd_vel body=(-0.578, -0.816, -0.010) yaw=-0.300 | odom_received=true | plan_points=50
[component_container-11] 	 35.000	   Pose	 -2.164	 -2.245	  5.011	  2.864
[component_container-11] 	 35.000	  Twist	 -0.272	 -0.541	 -0.031	 -0.276
[component_container-11] 	 35.000	ErrPose	 -0.324	  0.330	  0.027	  0.007
[component_container-11] 	 35.000	ErrTwis	  0.667	  0.137	  0.017	  0.003
[component_container-11] 	 35.000	    GPS	 -2.265	 -1.847	  5.050	     --
[component_container-11] 	 35.000	   Baro	     --	     --	  6.111	     --
[component_container-11] 	 35.000	  BBias	     --	     --	  1.067	     --
[component_container-11] 	 35.000	  Sonar	     --	     --	    inf	     --
[component_container-11] 	 35.000	  Magnt	     --	     --	     --	  2.927
[component_container-11] 
[component_container-11] [INFO] [1775368659.204271085] [drone.estimator]: TMP LOG err_xyz=(-0.324, 0.330, 0.027) | z_est=5.011 vz_est=-0.031 bias=1.067 | gps_z=5.050 sonar=inf baro=6.111
[component_container-11] [INFO] [1775368659.208626805] [drone.estimator]: TMP LOG gps innov_xy=(-0.294, 0.306) est_xy=(-2.167, -2.250) gps_xy=(-2.461, -1.944) corr_xy=(-2.461, -1.944) vel_xy=(-0.272, -0.542)
[component_container-11] [INFO] [1775368659.209100830] [drone.estimator]: TMP LOG gps vel pseudo raw=(-0.393, -0.195) filt=(-0.439, -0.175) innov_v=(-0.129, 0.327) apply=(1,1)
[component_container-11] 	 35.040	   Pose	 -2.283	 -2.127	  5.023	  2.853
[component_container-11] 	 35.040	  Twist	 -0.330	 -0.452	 -0.018	 -0.264
[component_container-11] 	 35.040	ErrPose	 -0.214	  0.234	  0.013	  0.007
[component_container-11] 	 35.040	ErrTwis	  0.711	  0.013	  0.004	 -0.009
[component_container-11] 	 35.040	    GPS	 -2.461	 -1.944	  5.037	     --
[component_container-11] 	 35.040	   Baro	     --	     --	  6.191	     --
[component_container-11] 	 35.040	  BBias	     --	     --	  1.067	     --
[component_container-11] 	 35.040	  Sonar	     --	     --	    inf	     --
[component_container-11] 	 35.040	  Magnt	     --	     --	     --	  2.863
[component_container-11] 
[component_container-11] 	 35.070	   Pose	 -2.293	 -2.140	  5.013	  2.845
[component_container-11] 	 35.070	  Twist	 -0.328	 -0.455	 -0.029	 -0.285
[component_container-11] 	 35.070	ErrPose	 -0.208	  0.259	  0.022	  0.010
[component_container-11] 	 35.070	ErrTwis	  0.703	 -0.000	  0.015	  0.012
[component_container-11] 	 35.070	    GPS	 -2.461	 -1.944	  5.037	     --
[component_container-11] 	 35.070	   Baro	     --	     --	  5.978	     --
[component_container-11] 	 35.070	  BBias	     --	     --	  1.067	     --
[component_container-11] 	 35.070	  Sonar	     --	     --	    inf	     --
[component_container-11] 	 35.070	  Magnt	     --	     --	     --	  2.848
[component_container-11] 
[component_container-11] 	 35.100	   Pose	 -2.303	 -2.154	  5.013	  2.837
[component_container-11] 	 35.100	  Twist	 -0.327	 -0.458	 -0.030	 -0.275
[component_container-11] 	 35.100	ErrPose	 -0.206	  0.296	  0.021	  0.006
[component_container-11] 	 35.100	ErrTwis	  0.689	 -0.029	  0.015	  0.001
[component_container-11] 	 35.100	    GPS	 -2.461	 -1.944	  5.037	     --
[component_container-11] 	 35.100	   Baro	     --	     --	  5.978	     --
[component_container-11] 	 35.100	  BBias	     --	     --	  1.067	     --
[component_container-11] 	 35.100	  Sonar	     --	     --	    inf	     --
[component_container-11] 	 35.100	  Magnt	     --	     --	     --	  2.848
[component_container-11] 
[component_container-11] 	 35.140	   Pose	 -2.316	 -2.173	  5.012	  2.826
[component_container-11] 	 35.140	  Twist	 -0.325	 -0.463	 -0.030	 -0.277
[component_container-11] 	 35.140	ErrPose	 -0.200	  0.339	  0.019	  0.006
[component_container-11] 	 35.140	ErrTwis	  0.673	 -0.055	  0.013	  0.004
[component_container-11] 	 35.140	    GPS	 -2.461	 -1.944	  5.037	     --
[component_container-11] 	 35.140	   Baro	     --	     --	  6.093	     --
[component_container-11] 	 35.140	  BBias	     --	     --	  1.067	     --
[component_container-11] 	 35.140	  Sonar	     --	     --	    inf	     --
[component_container-11] 	 35.140	  Magnt	     --	     --	     --	  2.832
[component_container-11] 
[component_container-11] 	 35.170	   Pose	 -2.326	 -2.186	  5.010	  2.817
[component_container-11] 	 35.170	  Twist	 -0.323	 -0.466	 -0.032	 -0.294
[component_container-11] 	 35.170	ErrPose	 -0.193	  0.366	  0.020	  0.009
[component_container-11] 	 35.170	ErrTwis	  0.664	 -0.066	  0.013	  0.021
[component_container-11] 	 35.170	    GPS	 -2.461	 -1.944	  5.037	     --
[component_container-11] 	 35.170	   Baro	     --	     --	  6.062	     --
[component_container-11] 	 35.170	  BBias	     --	     --	  1.067	     --
[component_container-11] 	 35.170	  Sonar	     --	     --	    inf	     --
[component_container-11] 	 35.170	  Magnt	     --	     --	     --	  2.822
[component_container-11] 
[component_container-11] 	 35.200	   Pose	 -2.335	 -2.200	  5.009	  2.809
[component_container-11] 	 35.200	  Twist	 -0.321	 -0.469	 -0.031	 -0.281
[component_container-11] 	 35.200	ErrPose	 -0.188	  0.405	  0.019	  0.007
[component_container-11] 	 35.200	ErrTwis	  0.647	 -0.088	  0.010	  0.008
[component_container-11] 	 35.200	    GPS	 -2.461	 -1.944	  5.037	     --
[component_container-11] 	 35.200	   Baro	     --	     --	  6.062	     --
[component_container-11] 	 35.200	  BBias	     --	     --	  1.067	     --
[component_container-11] 	 35.200	  Sonar	     --	     --	    inf	     --
[component_container-11] 	 35.200	  Magnt	     --	     --	     --	  2.822
[component_container-11] 
[component_container-11] 	 35.240	   Pose	 -2.348	 -2.219	  5.009	  2.797
[component_container-11] 	 35.240	  Twist	 -0.320	 -0.473	 -0.030	 -0.280
[component_container-11] 	 35.240	ErrPose	 -0.179	  0.450	  0.017	  0.007
[component_container-11] 	 35.240	ErrTwis	  0.630	 -0.108	  0.006	  0.007
[component_container-11] 	 35.240	    GPS	 -2.461	 -1.944	  5.037	     --
[component_container-11] 	 35.240	   Baro	     --	     --	  6.092	     --
[component_container-11] 	 35.240	  BBias	     --	     --	  1.067	     --
[component_container-11] 	 35.240	  Sonar	     --	     --	    inf	     --
[component_container-11] 	 35.240	  Magnt	     --	     --	     --	  2.811
[component_container-11] 
[component_container-11] 	 35.270	   Pose	 -2.358	 -2.234	  5.025	  2.789
[component_container-11] 	 35.270	  Twist	 -0.319	 -0.476	 -0.011	 -0.274
[component_container-11] 	 35.270	ErrPose	 -0.170	  0.478	  0.001	  0.009
[component_container-11] 	 35.270	ErrTwis	  0.621	 -0.115	 -0.013	  0.001
[component_container-11] 	 35.270	    GPS	 -2.461	 -1.944	  5.037	     --
[component_container-11] 	 35.270	   Baro	     --	     --	  6.263	     --
[component_container-11] 	 35.270	  BBias	     --	     --	  1.067	     --
[component_container-11] 	 35.270	  Sonar	     --	     --	    inf	     --
[component_container-11] 	 35.270	  Magnt	     --	     --	     --	  2.786
[component_container-11] 
[component_container-11] 	 35.300	   Pose	 -2.367	 -2.248	  5.024	  2.781
[component_container-11] 	 35.300	  Twist	 -0.317	 -0.480	 -0.012	 -0.279
[component_container-11] 	 35.300	ErrPose	 -0.163	  0.520	 -0.000	  0.007
[component_container-11] 	 35.300	ErrTwis	  0.603	 -0.129	 -0.014	  0.005
[component_container-11] 	 35.300	    GPS	 -2.461	 -1.944	  5.037	     --
[component_container-11] 	 35.300	   Baro	     --	     --	  6.263	     --
[component_container-11] 	 35.300	  BBias	     --	     --	  1.067	     --
[component_container-11] 	 35.300	  Sonar	     --	     --	    inf	     --
[component_container-11] 	 35.300	  Magnt	     --	     --	     --	  2.786
[component_container-11] 
[component_container-11] 	 35.340	   Pose	 -2.380	 -2.267	  5.017	  2.769
[component_container-11] 	 35.340	  Twist	 -0.316	 -0.486	 -0.018	 -0.281
[component_container-11] 	 35.340	ErrPose	 -0.151	  0.566	  0.005	  0.007
[component_container-11] 	 35.340	ErrTwis	  0.585	 -0.141	 -0.007	  0.006
[component_container-11] 	 35.340	    GPS	 -2.461	 -1.944	  5.037	     --
[component_container-11] 	 35.340	   Baro	     --	     --	  6.019	     --
[component_container-11] 	 35.340	  BBias	     --	     --	  1.067	     --
[component_container-11] 	 35.340	  Sonar	     --	     --	    inf	     --
[component_container-11] 	 35.340	  Magnt	     --	     --	     --	  2.766
[component_container-11] 
[component_container-11] 	 35.370	   Pose	 -2.389	 -2.282	  5.018	  2.761
[component_container-11] 	 35.370	  Twist	 -0.316	 -0.490	 -0.017	 -0.256
[component_container-11] 	 35.370	ErrPose	 -0.141	  0.595	  0.003	  0.010
[component_container-11] 	 35.370	ErrTwis	  0.576	 -0.145	 -0.006	 -0.020
[component_container-11] 	 35.370	    GPS	 -2.461	 -1.944	  5.037	     --
[component_container-11] 	 35.370	   Baro	     --	     --	  6.102	     --
[component_container-11] 	 35.370	  BBias	     --	     --	  1.067	     --
[component_container-11] 	 35.370	  Sonar	     --	     --	    inf	     --
[component_container-11] 	 35.370	  Magnt	     --	     --	     --	  2.768
[component_container-11] 
[component_container-11] 	 35.400	   Pose	 -2.399	 -2.297	  5.018	  2.753
[component_container-11] 	 35.400	  Twist	 -0.316	 -0.494	 -0.017	 -0.266
[component_container-11] 	 35.400	ErrPose	 -0.131	  0.638	  0.001	  0.006
[component_container-11] 	 35.400	ErrTwis	  0.560	 -0.157	 -0.005	 -0.009
[component_container-11] 	 35.400	    GPS	 -2.461	 -1.944	  5.037	     --
[component_container-11] 	 35.400	   Baro	     --	     --	  6.102	     --
[component_container-11] 	 35.400	  BBias	     --	     --	  1.067	     --
[component_container-11] 	 35.400	  Sonar	     --	     --	    inf	     --
[component_container-11] 	 35.400	  Magnt	     --	     --	     --	  2.768
[component_container-11] 
[component_container-11] 	 35.440	   Pose	 -2.411	 -2.317	  5.014	  2.742
[component_container-11] 	 35.440	  Twist	 -0.315	 -0.499	 -0.020	 -0.270
[component_container-11] 	 35.440	ErrPose	 -0.116	  0.686	  0.003	  0.006
[component_container-11] 	 35.440	ErrTwis	  0.541	 -0.167	 -0.001	 -0.006
[component_container-11] 	 35.440	    GPS	 -2.461	 -1.944	  5.037	     --
[component_container-11] 	 35.440	   Baro	     --	     --	  6.051	     --
[component_container-11] 	 35.440	  BBias	     --	     --	  1.067	     --
[component_container-11] 	 35.440	  Sonar	     --	     --	    inf	     --
[component_container-11] 	 35.440	  Magnt	     --	     --	     --	  2.767
[component_container-11] 
[component_container-11] 	 35.470	   Pose	 -2.421	 -2.332	  5.002	  2.734
[component_container-11] 	 35.470	  Twist	 -0.315	 -0.503	 -0.032	 -0.262
[component_container-11] 	 35.470	ErrPose	 -0.105	  0.715	  0.015	  0.009
[component_container-11] 	 35.470	ErrTwis	  0.532	 -0.171	  0.011	 -0.015
[component_container-11] 	 35.470	    GPS	 -2.461	 -1.944	  5.037	     --
[component_container-11] 	 35.470	   Baro	     --	     --	  5.948	     --
[component_container-11] 	 35.470	  BBias	     --	     --	  1.067	     --
[component_container-11] 	 35.470	  Sonar	     --	     --	    inf	     --
[component_container-11] 	 35.470	  Magnt	     --	     --	     --	  2.766
[component_container-11] 
[component_container-11] 	 35.500	   Pose	 -2.430	 -2.347	  5.001	  2.726
[component_container-11] 	 35.500	  Twist	 -0.315	 -0.507	 -0.032	 -0.284
[component_container-11] 	 35.500	ErrPose	 -0.091	  0.759	  0.014	  0.006
[component_container-11] 	 35.500	ErrTwis	  0.514	 -0.181	  0.013	  0.007
[component_container-11] 	 35.500	    GPS	 -2.461	 -1.944	  5.037	     --
[component_container-11] 	 35.500	   Baro	     --	     --	  5.948	     --
[component_container-11] 	 35.500	  BBias	     --	     --	  1.067	     --
[component_container-11] 	 35.500	  Sonar	     --	     --	    inf	     --
[component_container-11] 	 35.500	  Magnt	     --	     --	     --	  2.766
[component_container-11] 
[component_container-11] 	 35.540	   Pose	 -2.500	 -1.993	  4.998	  2.715
[component_container-11] 	 35.540	  Twist	 -0.339	 -0.248	 -0.033	 -0.285
[component_container-11] 	 35.540	ErrPose	 -0.016	  0.434	  0.016	  0.005
[component_container-11] 	 35.540	ErrTwis	  0.521	 -0.454	  0.015	  0.008
[component_container-11] 	 35.540	    GPS	 -2.624	 -1.598	  5.015	     --
[component_container-11] 	 35.540	   Baro	     --	     --	  6.014	     --
[component_container-11] 	 35.540	  BBias	     --	     --	  1.067	     --
[component_container-11] 	 35.540	  Sonar	     --	     --	    inf	     --
[component_container-11] 	 35.540	  Magnt	     --	     --	     --	  2.743
[component_container-11] 
[component_container-11] 	 35.570	   Pose	 -2.511	 -2.000	  4.984	  2.706
[component_container-11] 	 35.570	  Twist	 -0.339	 -0.252	 -0.044	 -0.283
[component_container-11] 	 35.570	ErrPose	 -0.003	  0.456	  0.028	  0.009
[component_container-11] 	 35.570	ErrTwis	  0.512	 -0.456	  0.028	  0.006
[component_container-11] 	 35.570	    GPS	 -2.624	 -1.598	  5.015	     --
[component_container-11] 	 35.570	   Baro	     --	     --	  5.907	     --
[component_container-11] 	 35.570	  BBias	     --	     --	  1.067	     --
[component_container-11] 	 35.570	  Sonar	     --	     --	    inf	     --
[component_container-11] 	 35.570	  Magnt	     --	     --	     --	  2.682
[component_container-11] 
[component_container-11] 	 35.600	   Pose	 -2.521	 -2.008	  4.983	  2.697
[component_container-11] 	 35.600	  Twist	 -0.338	 -0.257	 -0.043	 -0.285
[component_container-11] 	 35.600	ErrPose	  0.014	  0.492	  0.028	  0.007
[component_container-11] 	 35.600	ErrTwis	  0.494	 -0.464	  0.028	  0.007
[component_container-11] 	 35.600	    GPS	 -2.624	 -1.598	  5.015	     --
[component_container-11] 	 35.600	   Baro	     --	     --	  5.907	     --
[component_container-11] 	 35.600	  BBias	     --	     --	  1.067	     --
[component_container-11] 	 35.600	  Sonar	     --	     --	    inf	     --
[component_container-11] 	 35.600	  Magnt	     --	     --	     --	  2.682
[component_container-11] 
[component_container-11] 	 35.640	   Pose	 -2.534	 -2.018	  4.979	  2.686
[component_container-11] 	 35.640	  Twist	 -0.339	 -0.263	 -0.044	 -0.279
[component_container-11] 	 35.640	ErrPose	  0.036	  0.531	  0.031	  0.006
[component_container-11] 	 35.640	ErrTwis	  0.477	 -0.470	  0.030	  0.001
[component_container-11] 	 35.640	    GPS	 -2.624	 -1.598	  5.015	     --
[component_container-11] 	 35.640	   Baro	     --	     --	  6.024	     --
[component_container-11] 	 35.640	  BBias	     --	     --	  1.067	     --
[component_container-11] 	 35.640	  Sonar	     --	     --	    inf	     --
[component_container-11] 	 35.640	  Magnt	     --	     --	     --	  2.713
[component_container-11] 
[component_container-11] 	 35.670	   Pose	 -2.544	 -2.026	  4.981	  2.679
[component_container-11] 	 35.670	  Twist	 -0.340	 -0.267	 -0.040	 -0.281
[component_container-11] 	 35.670	ErrPose	  0.051	  0.554	  0.028	  0.008
[component_container-11] 	 35.670	ErrTwis	  0.468	 -0.472	  0.026	  0.003
[component_container-11] 	 35.670	    GPS	 -2.624	 -1.598	  5.015	     --
[component_container-11] 	 35.670	   Baro	     --	     --	  6.087	     --
[component_container-11] 	 35.670	  BBias	     --	     --	  1.067	     --
[component_container-11] 	 35.670	  Sonar	     --	     --	    inf	     --
[component_container-11] 	 35.670	  Magnt	     --	     --	     --	  2.706
[component_container-11] 
[component_container-11] 	 35.700	   Pose	 -2.555	 -2.034	  4.980	  2.670
[component_container-11] 	 35.700	  Twist	 -0.340	 -0.271	 -0.038	 -0.280
[component_container-11] 	 35.700	ErrPose	  0.071	  0.591	  0.028	  0.005
[component_container-11] 	 35.700	ErrTwis	  0.451	 -0.477	  0.023	  0.002
[component_container-11] 	 35.700	    GPS	 -2.624	 -1.598	  5.015	     --
[component_container-11] 	 35.700	   Baro	     --	     --	  6.087	     --
[component_container-11] 	 35.700	  BBias	     --	     --	  1.067	     --
[component_container-11] 	 35.700	  Sonar	     --	     --	    inf	     --
[component_container-11] 	 35.700	  Magnt	     --	     --	     --	  2.706
[component_container-11] 
[component_container-11] 	 35.740	   Pose	 -2.568	 -2.045	  4.969	  2.659
[component_container-11] 	 35.740	  Twist	 -0.340	 -0.278	 -0.046	 -0.295
[component_container-11] 	 35.740	ErrPose	  0.096	  0.630	  0.038	  0.005
[component_container-11] 	 35.740	ErrTwis	  0.431	 -0.479	  0.031	  0.017
[component_container-11] 	 35.740	    GPS	 -2.624	 -1.598	  5.015	     --
[component_container-11] 	 35.740	   Baro	     --	     --	  5.930	     --
[component_container-11] 	 35.740	  BBias	     --	     --	  1.066	     --
[component_container-11] 	 35.740	  Sonar	     --	     --	    inf	     --
[component_container-11] 	 35.740	  Magnt	     --	     --	     --	  2.695
[component_container-11] 
[component_container-11] 	 35.770	   Pose	 -2.578	 -2.054	  4.975	  2.652
[component_container-11] 	 35.770	  Twist	 -0.339	 -0.282	 -0.037	 -0.270
[component_container-11] 	 35.770	ErrPose	  0.112	  0.653	  0.031	  0.007
[component_container-11] 	 35.770	ErrTwis	  0.421	 -0.477	  0.021	 -0.008
[component_container-11] 	 35.770	    GPS	 -2.624	 -1.598	  5.015	     --
[component_container-11] 	 35.770	   Baro	     --	     --	  6.125	     --
[component_container-11] 	 35.770	  BBias	     --	     --	  1.067	     --
[component_container-11] 	 35.770	  Sonar	     --	     --	    inf	     --
[component_container-11] 	 35.770	  Magnt	     --	     --	     --	  2.692
[component_container-11] 
[component_container-11] 	 35.800	   Pose	 -2.589	 -2.062	  4.974	  2.643
[component_container-11] 	 35.800	  Twist	 -0.340	 -0.286	 -0.037	 -0.277
[component_container-11] 	 35.800	ErrPose	  0.134	  0.689	  0.031	  0.004
[component_container-11] 	 35.800	ErrTwis	  0.402	 -0.478	  0.022	 -0.002
[component_container-11] 	 35.800	    GPS	 -2.624	 -1.598	  5.015	     --
[component_container-11] 	 35.800	   Baro	     --	     --	  6.125	     --
[component_container-11] 	 35.800	  BBias	     --	     --	  1.067	     --
[component_container-11] 	 35.800	  Sonar	     --	     --	    inf	     --
[component_container-11] 	 35.800	  Magnt	     --	     --	     --	  2.692
[component_container-11] 
[component_container-11] 	 35.840	   Pose	 -2.602	 -2.074	  4.971	  2.633
[component_container-11] 	 35.840	  Twist	 -0.342	 -0.292	 -0.036	 -0.292
[component_container-11] 	 35.840	ErrPose	  0.162	  0.728	  0.033	  0.004
[component_container-11] 	 35.840	ErrTwis	  0.386	 -0.476	  0.025	  0.013
[component_container-11] 	 35.840	    GPS	 -2.624	 -1.598	  5.015	     --
[component_container-11] 	 35.840	   Baro	     --	     --	  6.023	     --
[component_container-11] 	 35.840	  BBias	     --	     --	  1.067	     --
[component_container-11] 	 35.840	  Sonar	     --	     --	    inf	     --
[component_container-11] 	 35.840	  Magnt	     --	     --	     --	  2.671
[component_container-11] 
[component_container-11] 	 35.870	   Pose	 -2.612	 -2.083	  4.977	  2.625
[component_container-11] 	 35.870	  Twist	 -0.343	 -0.296	 -0.027	 -0.268
[component_container-11] 	 35.870	ErrPose	  0.179	  0.751	  0.027	  0.006
[component_container-11] 	 35.870	ErrTwis	  0.378	 -0.474	  0.019	 -0.011
[component_container-11] 	 35.870	    GPS	 -2.624	 -1.598	  5.015	     --
[component_container-11] 	 35.870	   Baro	     --	     --	  6.120	     --
[component_container-11] 	 35.870	  BBias	     --	     --	  1.067	     --
[component_container-11] 	 35.870	  Sonar	     --	     --	    inf	     --
[component_container-11] 	 35.870	  Magnt	     --	     --	     --	  2.655
[component_container-11] 
[component_container-11] 	 35.900	   Pose	 -2.623	 -2.092	  4.976	  2.616
[component_container-11] 	 35.900	  Twist	 -0.343	 -0.301	 -0.026	 -0.285
[component_container-11] 	 35.900	ErrPose	  0.205	  0.787	  0.027	  0.004
[component_container-11] 	 35.900	ErrTwis	  0.358	 -0.474	  0.022	  0.006
[component_container-11] 	 35.900	    GPS	 -2.624	 -1.598	  5.015	     --
[component_container-11] 	 35.900	   Baro	     --	     --	  6.120	     --
[component_container-11] 	 35.900	  BBias	     --	     --	  1.067	     --
[component_container-11] 	 35.900	  Sonar	     --	     --	    inf	     --
[component_container-11] 	 35.900	  Magnt	     --	     --	     --	  2.655
[component_container-11] 
[component_container-11] 	 35.940	   Pose	 -2.636	 -2.104	  4.969	  2.605
[component_container-11] 	 35.940	  Twist	 -0.344	 -0.306	 -0.032	 -0.298
[component_container-11] 	 35.940	ErrPose	  0.235	  0.826	  0.033	  0.004
[component_container-11] 	 35.940	ErrTwis	  0.341	 -0.473	  0.033	  0.019
[component_container-11] 	 35.940	    GPS	 -2.624	 -1.598	  5.015	     --
[component_container-11] 	 35.940	   Baro	     --	     --	  5.974	     --
[component_container-11] 	 35.940	  BBias	     --	     --	  1.067	     --
[component_container-11] 	 35.940	  Sonar	     --	     --	    inf	     --
[component_container-11] 	 35.940	  Magnt	     --	     --	     --	  2.606
[component_container-11] 
[component_container-11] 	 35.970	   Pose	 -2.647	 -2.113	  4.970	  2.595
[component_container-11] 	 35.970	  Twist	 -0.345	 -0.310	 -0.030	 -0.278
[component_container-11] 	 35.970	ErrPose	  0.254	  0.848	  0.032	  0.008
[component_container-11] 	 35.970	ErrTwis	  0.333	 -0.472	  0.032	 -0.001
[component_container-11] 	 35.970	    GPS	 -2.624	 -1.598	  5.015	     --
[component_container-11] 	 35.970	   Baro	     --	     --	  6.056	     --
[component_container-11] 	 35.970	  BBias	     --	     --	  1.067	     --
[component_container-11] 	 35.970	  Sonar	     --	     --	    inf	     --
[component_container-11] 	 35.970	  Magnt	     --	     --	     --	  2.533
[component_container-11] 
[component_container-11] [INFO] [1775368660.204632624] [drone.controller]: cmd_vel body=(-0.386, -0.922, 0.012) yaw=-0.300 | odom_received=true | plan_points=52
[component_container-11] 	 36.000	   Pose	 -2.657	 -2.122	  4.969	  2.587
[component_container-11] 	 36.000	  Twist	 -0.347	 -0.314	 -0.030	 -0.271
[component_container-11] 	 36.000	ErrPose	  0.282	  0.884	  0.032	  0.005
[component_container-11] 	 36.000	ErrTwis	  0.318	 -0.474	  0.036	 -0.008
[component_container-11] 	 36.000	    GPS	 -2.624	 -1.598	  5.015	     --
[component_container-11] 	 36.000	   Baro	     --	     --	  6.056	     --
[component_container-11] 	 36.000	  BBias	     --	     --	  1.067	     --
[component_container-11] 	 36.000	  Sonar	     --	     --	    inf	     --
[component_container-11] 	 36.000	  Magnt	     --	     --	     --	  2.533
[component_container-11] 
[component_container-11] [INFO] [1775368660.205039713] [drone.estimator]: TMP LOG err_xyz=(0.282, 0.884, 0.032) | z_est=4.969 vz_est=-0.030 bias=1.067 | gps_z=5.015 sonar=inf baro=6.056
[component_container-11] [INFO] [1775368660.209313585] [drone.estimator]: TMP LOG gps innov_xy=(0.486, 0.945) est_xy=(-2.661, -2.125) gps_xy=(-2.175, -1.181) corr_xy=(-2.175, -1.181) vel_xy=(-0.348, -0.316)
[component_container-11] [INFO] [1775368660.209423410] [drone.estimator]: TMP LOG gps vel pseudo raw=(0.898, 0.835) filt=(0.774, 0.812) innov_v=(1.058, 1.003) apply=(1,1)
[component_container-11] 	 36.040	   Pose	 -2.373	 -1.705	  4.971	  2.575
[component_container-11] 	 36.040	  Twist	 -0.113	 -0.033	 -0.027	 -0.269
[component_container-11] 	 36.040	ErrPose	  0.016	  0.492	  0.030	  0.005
[component_container-11] 	 36.040	ErrTwis	  0.065	 -0.762	  0.035	 -0.011
[component_container-11] 	 36.040	    GPS	 -2.175	 -1.181	  5.001	     --
[component_container-11] 	 36.040	   Baro	     --	     --	  6.010	     --
[component_container-11] 	 36.040	  BBias	     --	     --	  1.066	     --
[component_container-11] 	 36.040	  Sonar	     --	     --	    inf	     --
[component_container-11] 	 36.040	  Magnt	     --	     --	     --	  2.572
[component_container-11] 
[component_container-11] 	 36.070	   Pose	 -2.376	 -1.706	  4.977	  2.567
[component_container-11] 	 36.070	  Twist	 -0.115	 -0.037	 -0.020	 -0.275
[component_container-11] 	 36.070	ErrPose	  0.030	  0.506	  0.023	  0.008
[component_container-11] 	 36.070	ErrTwis	  0.058	 -0.761	  0.029	 -0.004
[component_container-11] 	 36.070	    GPS	 -2.175	 -1.181	  5.001	     --
[component_container-11] 	 36.070	   Baro	     --	     --	  6.127	     --
[component_container-11] 	 36.070	  BBias	     --	     --	  1.066	     --
[component_container-11] 	 36.070	  Sonar	     --	     --	    inf	     --
[component_container-11] 	 36.070	  Magnt	     --	     --	     --	  2.558
[component_container-11] 
[component_container-11] 	 36.100	   Pose	 -2.380	 -1.707	  4.977	  2.558
[component_container-11] 	 36.100	  Twist	 -0.117	 -0.041	 -0.021	 -0.292
[component_container-11] 	 36.100	ErrPose	  0.054	  0.532	  0.023	  0.006
[component_container-11] 	 36.100	ErrTwis	  0.044	 -0.763	  0.032	  0.012
[component_container-11] 	 36.100	    GPS	 -2.175	 -1.181	  5.001	     --
[component_container-11] 	 36.100	   Baro	     --	     --	  6.127	     --
[component_container-11] 	 36.100	  BBias	     --	     --	  1.066	     --
[component_container-11] 	 36.100	  Sonar	     --	     --	    inf	     --
[component_container-11] 	 36.100	  Magnt	     --	     --	     --	  2.558
[component_container-11] 
[component_container-11] 	 36.140	   Pose	 -2.384	 -1.708	  4.980	  2.546
[component_container-11] 	 36.140	  Twist	 -0.120	 -0.046	 -0.017	 -0.283
[component_container-11] 	 36.140	ErrPose	  0.080	  0.559	  0.019	  0.006
[component_container-11] 	 36.140	ErrTwis	  0.030	 -0.765	  0.030	  0.003
[component_container-11] 	 36.140	    GPS	 -2.175	 -1.181	  5.001	     --
[component_container-11] 	 36.140	   Baro	     --	     --	  6.095	     --
[component_container-11] 	 36.140	  BBias	     --	     --	  1.066	     --
[component_container-11] 	 36.140	  Sonar	     --	     --	    inf	     --
[component_container-11] 	 36.140	  Magnt	     --	     --	     --	  2.548
[component_container-11] 
[component_container-11] 	 36.170	   Pose	 -2.388	 -1.710	  4.983	  2.538
[component_container-11] 	 36.170	  Twist	 -0.121	 -0.051	 -0.013	 -0.281
[component_container-11] 	 36.170	ErrPose	  0.094	  0.573	  0.016	  0.009
[component_container-11] 	 36.170	ErrTwis	  0.024	 -0.762	  0.027	  0.001
[component_container-11] 	 36.170	    GPS	 -2.175	 -1.181	  5.001	     --
[component_container-11] 	 36.170	   Baro	     --	     --	  6.091	     --
[component_container-11] 	 36.170	  BBias	     --	     --	  1.066	     --
[component_container-11] 	 36.170	  Sonar	     --	     --	    inf	     --
[component_container-11] 	 36.170	  Magnt	     --	     --	     --	  2.536
[component_container-11] 
[component_container-11] 	 36.200	   Pose	 -2.392	 -1.712	  4.983	  2.529
[component_container-11] 	 36.200	  Twist	 -0.123	 -0.055	 -0.014	 -0.290
[component_container-11] 	 36.200	ErrPose	  0.121	  0.599	  0.016	  0.007
[component_container-11] 	 36.200	ErrTwis	  0.007	 -0.764	  0.027	  0.011
[component_container-11] 	 36.200	    GPS	 -2.175	 -1.181	  5.001	     --
[component_container-11] 	 36.200	   Baro	     --	     --	  6.091	     --
[component_container-11] 	 36.200	  BBias	     --	     --	  1.066	     --
[component_container-11] 	 36.200	  Sonar	     --	     --	    inf	     --
[component_container-11] 	 36.200	  Magnt	     --	     --	     --	  2.536
[component_container-11] 
[component_container-11] 	 36.240	   Pose	 -2.397	 -1.714	  4.984	  2.518
[component_container-11] 	 36.240	  Twist	 -0.127	 -0.060	 -0.013	 -0.280
[component_container-11] 	 36.240	ErrPose	  0.150	  0.625	  0.014	  0.007
[component_container-11] 	 36.240	ErrTwis	 -0.005	 -0.764	  0.025	  0.000
[component_container-11] 	 36.240	    GPS	 -2.175	 -1.181	  5.001	     --
[component_container-11] 	 36.240	   Baro	     --	     --	  6.069	     --
[component_container-11] 	 36.240	  BBias	     --	     --	  1.066	     --
[component_container-11] 	 36.240	  Sonar	     --	     --	    inf	     --
[component_container-11] 	 36.240	  Magnt	     --	     --	     --	  2.525
[component_container-11] 
[component_container-11] 	 36.270	   Pose	 -2.400	 -1.716	  4.986	  2.510
[component_container-11] 	 36.270	  Twist	 -0.129	 -0.064	 -0.010	 -0.292
[component_container-11] 	 36.270	ErrPose	  0.166	  0.638	  0.012	  0.009
[component_container-11] 	 36.270	ErrTwis	 -0.010	 -0.762	  0.023	  0.013
[component_container-11] 	 36.270	    GPS	 -2.175	 -1.181	  5.001	     --
[component_container-11] 	 36.270	   Baro	     --	     --	  6.076	     --
[component_container-11] 	 36.270	  BBias	     --	     --	  1.067	     --
[component_container-11] 	 36.270	  Sonar	     --	     --	    inf	     --
[component_container-11] 	 36.270	  Magnt	     --	     --	     --	  2.551
[component_container-11] 
[component_container-11] 	 36.300	   Pose	 -2.404	 -1.718	  4.985	  2.501
[component_container-11] 	 36.300	  Twist	 -0.131	 -0.068	 -0.011	 -0.265
[component_container-11] 	 36.300	ErrPose	  0.194	  0.664	  0.012	  0.006
[component_container-11] 	 36.300	ErrTwis	 -0.023	 -0.763	  0.024	 -0.014
[component_container-11] 	 36.300	    GPS	 -2.175	 -1.181	  5.001	     --
[component_container-11] 	 36.300	   Baro	     --	     --	  6.076	     --
[component_container-11] 	 36.300	  BBias	     --	     --	  1.067	     --
[component_container-11] 	 36.300	  Sonar	     --	     --	    inf	     --
[component_container-11] 	 36.300	  Magnt	     --	     --	     --	  2.551
[component_container-11] 
[component_container-11] 	 36.340	   Pose	 -2.410	 -1.720	  4.981	  2.490
[component_container-11] 	 36.340	  Twist	 -0.133	 -0.073	 -0.015	 -0.286
[component_container-11] 	 36.340	ErrPose	  0.226	  0.689	  0.016	  0.006
[component_container-11] 	 36.340	ErrTwis	 -0.036	 -0.762	  0.029	  0.006
[component_container-11] 	 36.340	    GPS	 -2.175	 -1.181	  5.001	     --
[component_container-11] 	 36.340	   Baro	     --	     --	  6.010	     --
[component_container-11] 	 36.340	  BBias	     --	     --	  1.066	     --
[component_container-11] 	 36.340	  Sonar	     --	     --	    inf	     --
[component_container-11] 	 36.340	  Magnt	     --	     --	     --	  2.501
[component_container-11] 
[component_container-11] 	 36.370	   Pose	 -2.414	 -1.723	  4.986	  2.482
[component_container-11] 	 36.370	  Twist	 -0.135	 -0.077	 -0.011	 -0.286
[component_container-11] 	 36.370	ErrPose	  0.243	  0.702	  0.010	  0.010
[component_container-11] 	 36.370	ErrTwis	 -0.042	 -0.760	  0.025	  0.007
[component_container-11] 	 36.370	    GPS	 -2.175	 -1.181	  5.001	     --
[component_container-11] 	 36.370	   Baro	     --	     --	  6.112	     --
[component_container-11] 	 36.370	  BBias	     --	     --	  1.067	     --
[component_container-11] 	 36.370	  Sonar	     --	     --	    inf	     --
[component_container-11] 	 36.370	  Magnt	     --	     --	     --	  2.475
[component_container-11] 
[component_container-11] 	 36.400	   Pose	 -2.418	 -1.725	  4.986	  2.473
[component_container-11] 	 36.400	  Twist	 -0.138	 -0.081	 -0.012	 -0.291
[component_container-11] 	 36.400	ErrPose	  0.274	  0.727	  0.010	  0.007
[component_container-11] 	 36.400	ErrTwis	 -0.053	 -0.762	  0.028	  0.012
[component_container-11] 	 36.400	    GPS	 -2.175	 -1.181	  5.001	     --
[component_container-11] 	 36.400	   Baro	     --	     --	  6.112	     --
[component_container-11] 	 36.400	  BBias	     --	     --	  1.067	     --
[component_container-11] 	 36.400	  Sonar	     --	     --	    inf	     --
[component_container-11] 	 36.400	  Magnt	     --	     --	     --	  2.475
[component_container-11] 
[component_container-11] 	 36.440	   Pose	 -2.423	 -1.728	  4.986	  2.462
[component_container-11] 	 36.440	  Twist	 -0.141	 -0.085	 -0.012	 -0.284
[component_container-11] 	 36.440	ErrPose	  0.307	  0.751	  0.010	  0.007
[component_container-11] 	 36.440	ErrTwis	 -0.062	 -0.762	  0.030	  0.004
[component_container-11] 	 36.440	    GPS	 -2.175	 -1.181	  5.001	     --
[component_container-11] 	 36.440	   Baro	     --	     --	  6.057	     --
[component_container-11] 	 36.440	  BBias	     --	     --	  1.067	     --
[component_container-11] 	 36.440	  Sonar	     --	     --	    inf	     --
[component_container-11] 	 36.440	  Magnt	     --	     --	     --	  2.474
[component_container-11] 
[component_container-11] 	 36.470	   Pose	 -2.428	 -1.731	  4.987	  2.453
[component_container-11] 	 36.470	  Twist	 -0.144	 -0.089	 -0.010	 -0.290
[component_container-11] 	 36.470	ErrPose	  0.326	  0.764	  0.008	  0.010
[component_container-11] 	 36.470	ErrTwis	 -0.066	 -0.761	  0.028	  0.011
[component_container-11] 	 36.470	    GPS	 -2.175	 -1.181	  5.001	     --
[component_container-11] 	 36.470	   Baro	     --	     --	  6.072	     --
[component_container-11] 	 36.470	  BBias	     --	     --	  1.067	     --
[component_container-11] 	 36.470	  Sonar	     --	     --	    inf	     --
[component_container-11] 	 36.470	  Magnt	     --	     --	     --	  2.464
[component_container-11] 
[component_container-11] 	 36.500	   Pose	 -2.432	 -1.734	  4.987	  2.445
[component_container-11] 	 36.500	  Twist	 -0.146	 -0.093	 -0.011	 -0.279
[component_container-11] 	 36.500	ErrPose	  0.359	  0.788	  0.008	  0.007
[component_container-11] 	 36.500	ErrTwis	 -0.077	 -0.762	  0.030	 -0.001
[component_container-11] 	 36.500	    GPS	 -2.175	 -1.181	  5.001	     --
[component_container-11] 	 36.500	   Baro	     --	     --	  6.072	     --
[component_container-11] 	 36.500	  BBias	     --	     --	  1.067	     --
[component_container-11] 	 36.500	  Sonar	     --	     --	    inf	     --
[component_container-11] 	 36.500	  Magnt	     --	     --	     --	  2.464
[component_container-11] 
[component_container-11] 	 36.540	   Pose	 -2.208	 -1.403	  4.987	  2.433
[component_container-11] 	 36.540	  Twist	  0.007	  0.105	 -0.012	 -0.270
[component_container-11] 	 36.540	ErrPose	  0.164	  0.477	  0.008	  0.007
[component_container-11] 	 36.540	ErrTwis	 -0.241	 -0.965	  0.031	 -0.010
[component_container-11] 	 36.540	    GPS	 -1.945	 -0.901	  4.995	     --
[component_container-11] 	 36.540	   Baro	     --	     --	  6.039	     --
[component_container-11] 	 36.540	  BBias	     --	     --	  1.066	     --
[component_container-11] 	 36.540	  Sonar	     --	     --	    inf	     --
[component_container-11] 	 36.540	  Magnt	     --	     --	     --	  2.425
[component_container-11] 
[component_container-11] 	 36.570	   Pose	 -2.207	 -1.400	  4.998	  2.425
[component_container-11] 	 36.570	  Twist	  0.004	  0.101	 -0.002	 -0.275
[component_container-11] 	 36.570	ErrPose	  0.179	  0.484	 -0.004	  0.010
[component_container-11] 	 36.570	ErrTwis	 -0.243	 -0.964	  0.020	 -0.004
[component_container-11] 	 36.570	    GPS	 -1.945	 -0.901	  4.995	     --
[component_container-11] 	 36.570	   Baro	     --	     --	  6.203	     --
[component_container-11] 	 36.570	  BBias	     --	     --	  1.067	     --
[component_container-11] 	 36.570	  Sonar	     --	     --	    inf	     --
[component_container-11] 	 36.570	  Magnt	     --	     --	     --	  2.430
[component_container-11] 
[component_container-11] 	 36.600	   Pose	 -2.207	 -1.397	  4.998	  2.416
[component_container-11] 	 36.600	  Twist	  0.001	  0.097	 -0.002	 -0.284
[component_container-11] 	 36.600	ErrPose	  0.210	  0.501	 -0.004	  0.008
[component_container-11] 	 36.600	ErrTwis	 -0.250	 -0.966	  0.022	  0.004
[component_container-11] 	 36.600	    GPS	 -1.945	 -0.901	  4.995	     --
[component_container-11] 	 36.600	   Baro	     --	     --	  6.203	     --
[component_container-11] 	 36.600	  BBias	     --	     --	  1.067	     --
[component_container-11] 	 36.600	  Sonar	     --	     --	    inf	     --
[component_container-11] 	 36.600	  Magnt	     --	     --	     --	  2.430
[component_container-11] 
[component_container-11] 	 36.640	   Pose	 -2.207	 -1.393	  4.995	  2.405
[component_container-11] 	 36.640	  Twist	 -0.002	  0.093	 -0.006	 -0.279
[component_container-11] 	 36.640	ErrPose	  0.241	  0.516	 -0.001	  0.008
[component_container-11] 	 36.640	ErrTwis	 -0.257	 -0.967	  0.026	 -0.001
[component_container-11] 	 36.640	    GPS	 -1.945	 -0.901	  4.995	     --
[component_container-11] 	 36.640	   Baro	     --	     --	  6.024	     --
[component_container-11] 	 36.640	  BBias	     --	     --	  1.067	     --
[component_container-11] 	 36.640	  Sonar	     --	     --	    inf	     --
[component_container-11] 	 36.640	  Magnt	     --	     --	     --	  2.433
[component_container-11] 
[component_container-11] 	 36.670	   Pose	 -2.207	 -1.390	  4.991	  2.397
[component_container-11] 	 36.670	  Twist	 -0.006	  0.090	 -0.011	 -0.285
[component_container-11] 	 36.670	ErrPose	  0.257	  0.523	  0.003	  0.010
[component_container-11] 	 36.670	ErrTwis	 -0.258	 -0.966	  0.030	  0.005
[component_container-11] 	 36.670	    GPS	 -1.945	 -0.901	  4.995	     --
[component_container-11] 	 36.670	   Baro	     --	     --	  6.017	     --
[component_container-11] 	 36.670	  BBias	     --	     --	  1.067	     --
[component_container-11] 	 36.670	  Sonar	     --	     --	    inf	     --
[component_container-11] 	 36.670	  Magnt	     --	     --	     --	  2.434
[component_container-11] 
[component_container-11] 	 36.700	   Pose	 -2.208	 -1.387	  4.990	  2.389
[component_container-11] 	 36.700	  Twist	 -0.010	  0.086	 -0.013	 -0.261
[component_container-11] 	 36.700	ErrPose	  0.289	  0.539	  0.003	  0.007
[component_container-11] 	 36.700	ErrTwis	 -0.263	 -0.968	  0.031	 -0.019
[component_container-11] 	 36.700	    GPS	 -1.945	 -0.901	  4.995	     --
[component_container-11] 	 36.700	   Baro	     --	     --	  6.017	     --
[component_container-11] 	 36.700	  BBias	     --	     --	  1.067	     --
[component_container-11] 	 36.700	  Sonar	     --	     --	    inf	     --
[component_container-11] 	 36.700	  Magnt	     --	     --	     --	  2.434
[component_container-11] 
[component_container-11] 	 36.740	   Pose	 -2.208	 -1.384	  4.987	  2.379
[component_container-11] 	 36.740	  Twist	 -0.014	  0.081	 -0.017	 -0.281
[component_container-11] 	 36.740	ErrPose	  0.322	  0.554	  0.006	  0.006
[component_container-11] 	 36.740	ErrTwis	 -0.266	 -0.967	  0.035	  0.001
[component_container-11] 	 36.740	    GPS	 -1.945	 -0.901	  4.995	     --
[component_container-11] 	 36.740	   Baro	     --	     --	  6.026	     --
[component_container-11] 	 36.740	  BBias	     --	     --	  1.067	     --
[component_container-11] 	 36.740	  Sonar	     --	     --	    inf	     --
[component_container-11] 	 36.740	  Magnt	     --	     --	     --	  2.413
[component_container-11] 
[component_container-11] 	 36.770	   Pose	 -2.209	 -1.382	  4.980	  2.371
[component_container-11] 	 36.770	  Twist	 -0.016	  0.077	 -0.024	 -0.282
[component_container-11] 	 36.770	ErrPose	  0.339	  0.560	  0.013	  0.008
[component_container-11] 	 36.770	ErrTwis	 -0.268	 -0.965	  0.041	  0.002
[component_container-11] 	 36.770	    GPS	 -1.945	 -0.901	  4.995	     --
[component_container-11] 	 36.770	   Baro	     --	     --	  5.973	     --
[component_container-11] 	 36.770	  BBias	     --	     --	  1.066	     --
[component_container-11] 	 36.770	  Sonar	     --	     --	    inf	     --
[component_container-11] 	 36.770	  Magnt	     --	     --	     --	  2.392
[component_container-11] 
[component_container-11] 	 36.800	   Pose	 -2.209	 -1.379	  4.979	  2.363
[component_container-11] 	 36.800	  Twist	 -0.019	  0.074	 -0.025	 -0.285
[component_container-11] 	 36.800	ErrPose	  0.373	  0.575	  0.013	  0.006
[component_container-11] 	 36.800	ErrTwis	 -0.272	 -0.966	  0.042	  0.005
[component_container-11] 	 36.800	    GPS	 -1.945	 -0.901	  4.995	     --
[component_container-11] 	 36.800	   Baro	     --	     --	  5.973	     --
[component_container-11] 	 36.800	  BBias	     --	     --	  1.066	     --
[component_container-11] 	 36.800	  Sonar	     --	     --	    inf	     --
[component_container-11] 	 36.800	  Magnt	     --	     --	     --	  2.392
[component_container-11] 
[component_container-11] 	 36.840	   Pose	 -2.210	 -1.377	  4.973	  2.352
[component_container-11] 	 36.840	  Twist	 -0.024	  0.071	 -0.030	 -0.289
[component_container-11] 	 36.840	ErrPose	  0.408	  0.590	  0.020	  0.005
[component_container-11] 	 36.840	ErrTwis	 -0.273	 -0.966	  0.047	  0.009
[component_container-11] 	 36.840	    GPS	 -1.945	 -0.901	  4.995	     --
[component_container-11] 	 36.840	   Baro	     --	     --	  5.981	     --
[component_container-11] 	 36.840	  BBias	     --	     --	  1.066	     --
[component_container-11] 	 36.840	  Sonar	     --	     --	    inf	     --
[component_container-11] 	 36.840	  Magnt	     --	     --	     --	  2.388
[component_container-11] 
[component_container-11] 	 36.870	   Pose	 -2.211	 -1.374	  4.979	  2.343
[component_container-11] 	 36.870	  Twist	 -0.028	  0.067	 -0.022	 -0.308
[component_container-11] 	 36.870	ErrPose	  0.426	  0.596	  0.013	  0.008
[component_container-11] 	 36.870	ErrTwis	 -0.272	 -0.964	  0.040	  0.029
[component_container-11] 	 36.870	    GPS	 -1.945	 -0.901	  4.995	     --
[component_container-11] 	 36.870	   Baro	     --	     --	  6.118	     --
[component_container-11] 	 36.870	  BBias	     --	     --	  1.066	     --
[component_container-11] 	 36.870	  Sonar	     --	     --	    inf	     --
[component_container-11] 	 36.870	  Magnt	     --	     --	     --	  2.349
[component_container-11] 
[component_container-11] 	 36.900	   Pose	 -2.212	 -1.372	  4.978	  2.335
[component_container-11] 	 36.900	  Twist	 -0.031	  0.063	 -0.022	 -0.281
[component_container-11] 	 36.900	ErrPose	  0.461	  0.610	  0.014	  0.006
[component_container-11] 	 36.900	ErrTwis	 -0.274	 -0.963	  0.042	  0.001
[component_container-11] 	 36.900	    GPS	 -1.945	 -0.901	  4.995	     --
[component_container-11] 	 36.900	   Baro	     --	     --	  6.118	     --
[component_container-11] 	 36.900	  BBias	     --	     --	  1.066	     --
[component_container-11] 	 36.900	  Sonar	     --	     --	    inf	     --
[component_container-11] 	 36.900	  Magnt	     --	     --	     --	  2.349
[component_container-11] 
[component_container-11] 	 36.940	   Pose	 -2.213	 -1.370	  4.969	  2.323
[component_container-11] 	 36.940	  Twist	 -0.035	  0.058	 -0.030	 -0.289
[component_container-11] 	 36.940	ErrPose	  0.497	  0.624	  0.023	  0.006
[component_container-11] 	 36.940	ErrTwis	 -0.275	 -0.962	  0.050	  0.010
[component_container-11] 	 36.940	    GPS	 -1.945	 -0.901	  4.995	     --
[component_container-11] 	 36.940	   Baro	     --	     --	  5.955	     --
[component_container-11] 	 36.940	  BBias	     --	     --	  1.066	     --
[component_container-11] 	 36.940	  Sonar	     --	     --	    inf	     --
[component_container-11] 	 36.940	  Magnt	     --	     --	     --	  2.318
[component_container-11] 
[component_container-11] 	 36.970	   Pose	 -2.214	 -1.368	  4.955	  2.315
[component_container-11] 	 36.970	  Twist	 -0.039	  0.056	 -0.044	 -0.285
[component_container-11] 	 36.970	ErrPose	  0.516	  0.630	  0.037	  0.008
[component_container-11] 	 36.970	ErrTwis	 -0.273	 -0.961	  0.064	  0.005
[component_container-11] 	 36.970	    GPS	 -1.945	 -0.901	  4.995	     --
[component_container-11] 	 36.970	   Baro	     --	     --	  5.884	     --
[component_container-11] 	 36.970	  BBias	     --	     --	  1.066	     --
[component_container-11] 	 36.970	  Sonar	     --	     --	    inf	     --
[component_container-11] 	 36.970	  Magnt	     --	     --	     --	  2.361
[component_container-11] 
[component_container-11] [INFO] [1775368661.206135238] [drone.controller]: cmd_vel body=(-0.166, -0.986, 0.029) yaw=-0.300 | odom_received=true | plan_points=44
[component_container-11] 	 37.000	   Pose	 -2.215	 -1.367	  4.953	  2.307
[component_container-11] 	 37.000	  Twist	 -0.043	  0.052	 -0.044	 -0.281
[component_container-11] 	 37.000	ErrPose	  0.553	  0.644	  0.039	  0.006
[component_container-11] 	 37.000	ErrTwis	 -0.271	 -0.961	  0.065	  0.002
[component_container-11] 	 37.000	    GPS	 -1.945	 -0.901	  4.995	     --
[component_container-11] 	 37.000	   Baro	     --	     --	  5.884	     --
[component_container-11] 	 37.000	  BBias	     --	     --	  1.066	     --
[component_container-11] 	 37.000	  Sonar	     --	     --	    inf	     --
[component_container-11] 	 37.000	  Magnt	     --	     --	     --	  2.361
[component_container-11] 
[component_container-11] [INFO] [1775368661.206403241] [drone.estimator]: TMP LOG err_xyz=(0.553, 0.644, 0.039) | z_est=4.953 vz_est=-0.044 bias=1.066 | gps_z=4.995 sonar=inf baro=5.884
[component_container-11] [INFO] [1775368661.211027821] [drone.estimator]: TMP LOG gps innov_xy=(0.799, 0.906) est_xy=(-2.216, -1.366) gps_xy=(-1.417, -0.460) corr_xy=(-1.417, -0.460) vel_xy=(-0.044, 0.051)
[component_container-11] [INFO] [1775368661.211165017] [drone.estimator]: TMP LOG gps vel pseudo raw=(1.056, 0.880) filt=(1.000, 0.851) innov_v=(0.939, 0.681) apply=(1,1)
[component_container-11] 	 37.040	   Pose	 -1.841	 -0.992	  4.965	  2.295
[component_container-11] 	 37.040	  Twist	  0.211	  0.278	 -0.031	 -0.283
[component_container-11] 	 37.040	ErrPose	  0.214	  0.284	  0.027	  0.006
[component_container-11] 	 37.040	ErrTwis	 -0.527	 -1.189	  0.054	  0.004
[component_container-11] 	 37.040	    GPS	 -1.417	 -0.460	  4.992	     --
[component_container-11] 	 37.040	   Baro	     --	     --	  6.113	     --
[component_container-11] 	 37.040	  BBias	     --	     --	  1.066	     --
[component_container-11] 	 37.040	  Sonar	     --	     --	    inf	     --
[component_container-11] 	 37.040	  Magnt	     --	     --	     --	  2.288
[component_container-11] 
[component_container-11] 	 37.070	   Pose	 -1.834	 -0.984	  4.969	  2.287
[component_container-11] 	 37.070	  Twist	  0.207	  0.274	 -0.025	 -0.278
[component_container-11] 	 37.070	ErrPose	  0.225	  0.283	  0.023	  0.009
[component_container-11] 	 37.070	ErrTwis	 -0.525	 -1.187	  0.048	 -0.001
[component_container-11] 	 37.070	    GPS	 -1.417	 -0.460	  4.992	     --
[component_container-11] 	 37.070	   Baro	     --	     --	  6.092	     --
[component_container-11] 	 37.070	  BBias	     --	     --	  1.066	     --
[component_container-11] 	 37.070	  Sonar	     --	     --	    inf	     --
[component_container-11] 	 37.070	  Magnt	     --	     --	     --	  2.307
[component_container-11] 
[component_container-11] 	 37.100	   Pose	 -1.828	 -0.976	  4.968	  2.279
[component_container-11] 	 37.100	  Twist	  0.202	  0.271	 -0.026	 -0.281
[component_container-11] 	 37.100	ErrPose	  0.255	  0.290	  0.024	  0.006
[component_container-11] 	 37.100	ErrTwis	 -0.522	 -1.187	  0.049	  0.001
[component_container-11] 	 37.100	    GPS	 -1.417	 -0.460	  4.992	     --
[component_container-11] 	 37.100	   Baro	     --	     --	  6.092	     --
[component_container-11] 	 37.100	  BBias	     --	     --	  1.066	     --
[component_container-11] 	 37.100	  Sonar	     --	     --	    inf	     --
[component_container-11] 	 37.100	  Magnt	     --	     --	     --	  2.307
[component_container-11] 
[component_container-11] 	 37.140	   Pose	 -1.820	 -0.965	  4.970	  2.268
[component_container-11] 	 37.140	  Twist	  0.196	  0.267	 -0.023	 -0.274
[component_container-11] 	 37.140	ErrPose	  0.284	  0.293	  0.023	  0.006
[component_container-11] 	 37.140	ErrTwis	 -0.515	 -1.186	  0.048	 -0.005
[component_container-11] 	 37.140	    GPS	 -1.417	 -0.460	  4.992	     --
[component_container-11] 	 37.140	   Baro	     --	     --	  6.068	     --
[component_container-11] 	 37.140	  BBias	     --	     --	  1.066	     --
[component_container-11] 	 37.140	  Sonar	     --	     --	    inf	     --
[component_container-11] 	 37.140	  Magnt	     --	     --	     --	  2.293
[component_container-11] 
[component_container-11] 	 37.170	   Pose	 -1.814	 -0.957	  4.963	  2.259
[component_container-11] 	 37.170	  Twist	  0.193	  0.264	 -0.030	 -0.276
[component_container-11] 	 37.170	ErrPose	  0.296	  0.292	  0.029	  0.008
[component_container-11] 	 37.170	ErrTwis	 -0.512	 -1.184	  0.056	 -0.003
[component_container-11] 	 37.170	    GPS	 -1.417	 -0.460	  4.992	     --
[component_container-11] 	 37.170	   Baro	     --	     --	  5.963	     --
[component_container-11] 	 37.170	  BBias	     --	     --	  1.066	     --
[component_container-11] 	 37.170	  Sonar	     --	     --	    inf	     --
[component_container-11] 	 37.170	  Magnt	     --	     --	     --	  2.273
[component_container-11] 
[component_container-11] 	 37.200	   Pose	 -1.809	 -0.949	  4.962	  2.251
[component_container-11] 	 37.200	  Twist	  0.190	  0.261	 -0.031	 -0.263
[component_container-11] 	 37.200	ErrPose	  0.327	  0.298	  0.031	  0.006
[component_container-11] 	 37.200	ErrTwis	 -0.509	 -1.183	  0.057	 -0.017
[component_container-11] 	 37.200	    GPS	 -1.417	 -0.460	  4.992	     --
[component_container-11] 	 37.200	   Baro	     --	     --	  5.963	     --
[component_container-11] 	 37.200	  BBias	     --	     --	  1.066	     --
[component_container-11] 	 37.200	  Sonar	     --	     --	    inf	     --
[component_container-11] 	 37.200	  Magnt	     --	     --	     --	  2.273
[component_container-11] 
[component_container-11] 	 37.240	   Pose	 -1.801	 -0.939	  4.974	  2.241
[component_container-11] 	 37.240	  Twist	  0.186	  0.258	 -0.019	 -0.271
[component_container-11] 	 37.240	ErrPose	  0.356	  0.301	  0.019	  0.004
[component_container-11] 	 37.240	ErrTwis	 -0.504	 -1.182	  0.044	 -0.008
[component_container-11] 	 37.240	    GPS	 -1.417	 -0.460	  4.992	     --
[component_container-11] 	 37.240	   Baro	     --	     --	  6.181	     --
[component_container-11] 	 37.240	  BBias	     --	     --	  1.066	     --
[component_container-11] 	 37.240	  Sonar	     --	     --	    inf	     --
[component_container-11] 	 37.240	  Magnt	     --	     --	     --	  2.305
[component_container-11] 
[component_container-11] 	 37.270	   Pose	 -1.796	 -0.931	  4.969	  2.233
[component_container-11] 	 37.270	  Twist	  0.181	  0.256	 -0.023	 -0.291
[component_container-11] 	 37.270	ErrPose	  0.369	  0.300	  0.024	  0.007
[component_container-11] 	 37.270	ErrTwis	 -0.498	 -1.181	  0.048	  0.011
[component_container-11] 	 37.270	    GPS	 -1.417	 -0.460	  4.992	     --
[component_container-11] 	 37.270	   Baro	     --	     --	  5.992	     --
[component_container-11] 	 37.270	  BBias	     --	     --	  1.066	     --
[component_container-11] 	 37.270	  Sonar	     --	     --	    inf	     --
[component_container-11] 	 37.270	  Magnt	     --	     --	     --	  2.248
[component_container-11] 
[component_container-11] 	 37.300	   Pose	 -1.790	 -0.924	  4.969	  2.225
[component_container-11] 	 37.300	  Twist	  0.178	  0.252	 -0.023	 -0.275
[component_container-11] 	 37.300	ErrPose	  0.401	  0.305	  0.025	  0.004
[component_container-11] 	 37.300	ErrTwis	 -0.492	 -1.179	  0.049	 -0.004
[component_container-11] 	 37.300	    GPS	 -1.417	 -0.460	  4.992	     --
[component_container-11] 	 37.300	   Baro	     --	     --	  5.992	     --
[component_container-11] 	 37.300	  BBias	     --	     --	  1.066	     --
[component_container-11] 	 37.300	  Sonar	     --	     --	    inf	     --
[component_container-11] 	 37.300	  Magnt	     --	     --	     --	  2.248
[component_container-11] 
[component_container-11] 	 37.340	   Pose	 -1.783	 -0.914	  4.971	  2.214
[component_container-11] 	 37.340	  Twist	  0.173	  0.248	 -0.020	 -0.285
[component_container-11] 	 37.340	ErrPose	  0.431	  0.308	  0.024	  0.003
[component_container-11] 	 37.340	ErrTwis	 -0.485	 -1.177	  0.047	  0.006
[component_container-11] 	 37.340	    GPS	 -1.417	 -0.460	  4.992	     --
[component_container-11] 	 37.340	   Baro	     --	     --	  6.070	     --
[component_container-11] 	 37.340	  BBias	     --	     --	  1.066	     --
[component_container-11] 	 37.340	  Sonar	     --	     --	    inf	     --
[component_container-11] 	 37.340	  Magnt	     --	     --	     --	  2.258
[component_container-11] 
[component_container-11] 	 37.370	   Pose	 -1.778	 -0.906	  4.979	  2.205
[component_container-11] 	 37.370	  Twist	  0.169	  0.245	 -0.012	 -0.298
[component_container-11] 	 37.370	ErrPose	  0.444	  0.307	  0.016	  0.007
[component_container-11] 	 37.370	ErrTwis	 -0.479	 -1.174	  0.038	  0.019
[component_container-11] 	 37.370	    GPS	 -1.417	 -0.460	  4.992	     --
[component_container-11] 	 37.370	   Baro	     --	     --	  6.136	     --
[component_container-11] 	 37.370	  BBias	     --	     --	  1.066	     --
[component_container-11] 	 37.370	  Sonar	     --	     --	    inf	     --
[component_container-11] 	 37.370	  Magnt	     --	     --	     --	  2.195
[component_container-11] 
[component_container-11] 	 37.400	   Pose	 -1.773	 -0.899	  4.979	  2.197
[component_container-11] 	 37.400	  Twist	  0.165	  0.242	 -0.012	 -0.299
[component_container-11] 	 37.400	ErrPose	  0.476	  0.312	  0.016	  0.004
[component_container-11] 	 37.400	ErrTwis	 -0.471	 -1.173	  0.038	  0.020
[component_container-11] 	 37.400	    GPS	 -1.417	 -0.460	  4.992	     --
[component_container-11] 	 37.400	   Baro	     --	     --	  6.136	     --
[component_container-11] 	 37.400	  BBias	     --	     --	  1.066	     --
[component_container-11] 	 37.400	  Sonar	     --	     --	    inf	     --
[component_container-11] 	 37.400	  Magnt	     --	     --	     --	  2.195
[component_container-11] 
[component_container-11] 	 37.440	   Pose	 -1.767	 -0.889	  4.977	  2.185
[component_container-11] 	 37.440	  Twist	  0.159	  0.239	 -0.013	 -0.282
[component_container-11] 	 37.440	ErrPose	  0.507	  0.314	  0.019	  0.004
[component_container-11] 	 37.440	ErrTwis	 -0.460	 -1.171	  0.040	  0.003
[component_container-11] 	 37.440	    GPS	 -1.417	 -0.460	  4.992	     --
[component_container-11] 	 37.440	   Baro	     --	     --	  6.032	     --
[component_container-11] 	 37.440	  BBias	     --	     --	  1.066	     --
[component_container-11] 	 37.440	  Sonar	     --	     --	    inf	     --
[component_container-11] 	 37.440	  Magnt	     --	     --	     --	  2.185
[component_container-11] 
[component_container-11] 	 37.470	   Pose	 -1.762	 -0.882	  4.984	  2.176
[component_container-11] 	 37.470	  Twist	  0.155	  0.236	 -0.007	 -0.281
[component_container-11] 	 37.470	ErrPose	  0.521	  0.313	  0.012	  0.008
[component_container-11] 	 37.470	ErrTwis	 -0.453	 -1.169	  0.034	  0.002
[component_container-11] 	 37.470	    GPS	 -1.417	 -0.460	  4.992	     --
[component_container-11] 	 37.470	   Baro	     --	     --	  6.124	     --
[component_container-11] 	 37.470	  BBias	     --	     --	  1.066	     --
[component_container-11] 	 37.470	  Sonar	     --	     --	    inf	     --
[component_container-11] 	 37.470	  Magnt	     --	     --	     --	  2.167
[component_container-11] 
[component_container-11] 	 37.500	   Pose	 -1.757	 -0.875	  4.984	  2.168
[component_container-11] 	 37.500	  Twist	  0.151	  0.232	 -0.008	 -0.268
[component_container-11] 	 37.500	ErrPose	  0.554	  0.318	  0.013	  0.005
[component_container-11] 	 37.500	ErrTwis	 -0.444	 -1.167	  0.035	 -0.012
[component_container-11] 	 37.500	    GPS	 -1.417	 -0.460	  4.992	     --
[component_container-11] 	 37.500	   Baro	     --	     --	  6.124	     --
[component_container-11] 	 37.500	  BBias	     --	     --	  1.066	     --
[component_container-11] 	 37.500	  Sonar	     --	     --	    inf	     --
[component_container-11] 	 37.500	  Magnt	     --	     --	     --	  2.167
[component_container-11] 
[component_container-11] 	 37.540	   Pose	 -1.408	 -0.810	  4.971	  2.157
[component_container-11] 	 37.540	  Twist	  0.363	  0.219	 -0.021	 -0.269
[component_container-11] 	 37.540	ErrPose	  0.242	  0.265	  0.026	  0.005
[component_container-11] 	 37.540	ErrTwis	 -0.649	 -1.155	  0.048	 -0.010
[component_container-11] 	 37.540	    GPS	 -0.950	 -0.536	  4.997	     --
[component_container-11] 	 37.540	   Baro	     --	     --	  5.866	     --
[component_container-11] 	 37.540	  BBias	     --	     --	  1.066	     --
[component_container-11] 	 37.540	  Sonar	     --	     --	    inf	     --
[component_container-11] 	 37.540	  Magnt	     --	     --	     --	  2.180
[component_container-11] 
[component_container-11] 	 37.570	   Pose	 -1.398	 -0.804	  4.972	  2.149
[component_container-11] 	 37.570	  Twist	  0.358	  0.217	 -0.019	 -0.277
[component_container-11] 	 37.570	ErrPose	  0.250	  0.264	  0.025	  0.007
[component_container-11] 	 37.570	ErrTwis	 -0.640	 -1.153	  0.046	 -0.003
[component_container-11] 	 37.570	    GPS	 -0.950	 -0.536	  4.997	     --
[component_container-11] 	 37.570	   Baro	     --	     --	  6.061	     --
[component_container-11] 	 37.570	  BBias	     --	     --	  1.066	     --
[component_container-11] 	 37.570	  Sonar	     --	     --	    inf	     --
[component_container-11] 	 37.570	  Magnt	     --	     --	     --	  2.184
[component_container-11] 
[component_container-11] 	 37.600	   Pose	 -1.387	 -0.797	  4.972	  2.141
[component_container-11] 	 37.600	  Twist	  0.354	  0.213	 -0.020	 -0.288
[component_container-11] 	 37.600	ErrPose	  0.277	  0.269	  0.027	  0.004
[component_container-11] 	 37.600	ErrTwis	 -0.629	 -1.150	  0.048	  0.009
[component_container-11] 	 37.600	    GPS	 -0.950	 -0.536	  4.997	     --
[component_container-11] 	 37.600	   Baro	     --	     --	  6.061	     --
[component_container-11] 	 37.600	  BBias	     --	     --	  1.066	     --
[component_container-11] 	 37.600	  Sonar	     --	     --	    inf	     --
[component_container-11] 	 37.600	  Magnt	     --	     --	     --	  2.184
[component_container-11] 
[component_container-11] 	 37.640	   Pose	 -1.373	 -0.789	  4.970	  2.130
[component_container-11] 	 37.640	  Twist	  0.349	  0.209	 -0.021	 -0.259
[component_container-11] 	 37.640	ErrPose	  0.300	  0.272	  0.029	  0.004
[component_container-11] 	 37.640	ErrTwis	 -0.616	 -1.147	  0.049	 -0.020
[component_container-11] 	 37.640	    GPS	 -0.950	 -0.536	  4.997	     --
[component_container-11] 	 37.640	   Baro	     --	     --	  6.033	     --
[component_container-11] 	 37.640	  BBias	     --	     --	  1.066	     --
[component_container-11] 	 37.640	  Sonar	     --	     --	    inf	     --
[component_container-11] 	 37.640	  Magnt	     --	     --	     --	  2.154
[component_container-11] 
[component_container-11] 	 37.670	   Pose	 -1.362	 -0.782	  4.971	  2.122
[component_container-11] 	 37.670	  Twist	  0.345	  0.207	 -0.020	 -0.279
[component_container-11] 	 37.670	ErrPose	  0.308	  0.271	  0.029	  0.007
[component_container-11] 	 37.670	ErrTwis	 -0.608	 -1.145	  0.048	 -0.001
[component_container-11] 	 37.670	    GPS	 -0.950	 -0.536	  4.997	     --
[component_container-11] 	 37.670	   Baro	     --	     --	  6.046	     --
[component_container-11] 	 37.670	  BBias	     --	     --	  1.066	     --
[component_container-11] 	 37.670	  Sonar	     --	     --	    inf	     --
[component_container-11] 	 37.670	  Magnt	     --	     --	     --	  2.133
[component_container-11] 
[component_container-11] 	 37.700	   Pose	 -1.352	 -0.776	  4.970	  2.113
[component_container-11] 	 37.700	  Twist	  0.341	  0.205	 -0.020	 -0.296
[component_container-11] 	 37.700	ErrPose	  0.335	  0.277	  0.031	  0.004
[component_container-11] 	 37.700	ErrTwis	 -0.595	 -1.143	  0.049	  0.017
[component_container-11] 	 37.700	    GPS	 -0.950	 -0.536	  4.997	     --
[component_container-11] 	 37.700	   Baro	     --	     --	  6.046	     --
[component_container-11] 	 37.700	  BBias	     --	     --	  1.066	     --
[component_container-11] 	 37.700	  Sonar	     --	     --	    inf	     --
[component_container-11] 	 37.700	  Magnt	     --	     --	     --	  2.133
[component_container-11] 
[component_container-11] 	 37.740	   Pose	 -1.339	 -0.768	  4.954	  2.102
[component_container-11] 	 37.740	  Twist	  0.336	  0.201	 -0.035	 -0.293
[component_container-11] 	 37.740	ErrPose	  0.358	  0.280	  0.047	  0.004
[component_container-11] 	 37.740	ErrTwis	 -0.579	 -1.140	  0.065	  0.015
[component_container-11] 	 37.740	    GPS	 -0.950	 -0.536	  4.997	     --
[component_container-11] 	 37.740	   Baro	     --	     --	  5.862	     --
[component_container-11] 	 37.740	  BBias	     --	     --	  1.066	     --
[component_container-11] 	 37.740	  Sonar	     --	     --	    inf	     --
[component_container-11] 	 37.740	  Magnt	     --	     --	     --	  2.105
[component_container-11] 
[component_container-11] 	 37.770	   Pose	 -1.329	 -0.762	  4.951	  2.093
[component_container-11] 	 37.770	  Twist	  0.332	  0.198	 -0.038	 -0.278
[component_container-11] 	 37.770	ErrPose	  0.367	  0.279	  0.051	  0.007
[component_container-11] 	 37.770	ErrTwis	 -0.569	 -1.136	  0.068	 -0.001
[component_container-11] 	 37.770	    GPS	 -0.950	 -0.536	  4.997	     --
[component_container-11] 	 37.770	   Baro	     --	     --	  5.996	     --
[component_container-11] 	 37.770	  BBias	     --	     --	  1.066	     --
[component_container-11] 	 37.770	  Sonar	     --	     --	    inf	     --
[component_container-11] 	 37.770	  Magnt	     --	     --	     --	  2.096
[component_container-11] 
[component_container-11] 	 37.800	   Pose	 -1.319	 -0.756	  4.950	  2.085
[component_container-11] 	 37.800	  Twist	  0.328	  0.195	 -0.038	 -0.287
[component_container-11] 	 37.800	ErrPose	  0.394	  0.284	  0.053	  0.005
[component_container-11] 	 37.800	ErrTwis	 -0.555	 -1.133	  0.069	  0.008
[component_container-11] 	 37.800	    GPS	 -0.950	 -0.536	  4.997	     --
[component_container-11] 	 37.800	   Baro	     --	     --	  5.996	     --
[component_container-11] 	 37.800	  BBias	     --	     --	  1.066	     --
[component_container-11] 	 37.800	  Sonar	     --	     --	    inf	     --
[component_container-11] 	 37.800	  Magnt	     --	     --	     --	  2.096
[component_container-11] 
[component_container-11] 	 37.840	   Pose	 -1.306	 -0.749	  4.953	  2.074
[component_container-11] 	 37.840	  Twist	  0.322	  0.193	 -0.034	 -0.291
[component_container-11] 	 37.840	ErrPose	  0.417	  0.288	  0.051	  0.004
[component_container-11] 	 37.840	ErrTwis	 -0.537	 -1.130	  0.065	  0.012
[component_container-11] 	 37.840	    GPS	 -0.950	 -0.536	  4.997	     --
[component_container-11] 	 37.840	   Baro	     --	     --	  6.066	     --
[component_container-11] 	 37.840	  BBias	     --	     --	  1.066	     --
[component_container-11] 	 37.840	  Sonar	     --	     --	    inf	     --
[component_container-11] 	 37.840	  Magnt	     --	     --	     --	  2.116
[component_container-11] 
[component_container-11] 	 37.870	   Pose	 -1.296	 -0.743	  4.941	  2.066
[component_container-11] 	 37.870	  Twist	  0.318	  0.190	 -0.044	 -0.279
[component_container-11] 	 37.870	ErrPose	  0.426	  0.288	  0.064	  0.007
[component_container-11] 	 37.870	ErrTwis	 -0.527	 -1.127	  0.076	  0.000
[component_container-11] 	 37.870	    GPS	 -0.950	 -0.536	  4.997	     --
[component_container-11] 	 37.870	   Baro	     --	     --	  5.892	     --
[component_container-11] 	 37.870	  BBias	     --	     --	  1.066	     --
[component_container-11] 	 37.870	  Sonar	     --	     --	    inf	     --
[component_container-11] 	 37.870	  Magnt	     --	     --	     --	  2.065
[component_container-11] 
[component_container-11] 	 37.900	   Pose	 -1.287	 -0.737	  4.939	  2.057
[component_container-11] 	 37.900	  Twist	  0.314	  0.187	 -0.044	 -0.273
[component_container-11] 	 37.900	ErrPose	  0.453	  0.293	  0.067	  0.004
[component_container-11] 	 37.900	ErrTwis	 -0.510	 -1.123	  0.079	 -0.006
[component_container-11] 	 37.900	    GPS	 -0.950	 -0.536	  4.997	     --
[component_container-11] 	 37.900	   Baro	     --	     --	  5.892	     --
[component_container-11] 	 37.900	  BBias	     --	     --	  1.066	     --
[component_container-11] 	 37.900	  Sonar	     --	     --	    inf	     --
[component_container-11] 	 37.900	  Magnt	     --	     --	     --	  2.065
[component_container-11] 
[component_container-11] 	 37.940	   Pose	 -1.274	 -0.730	  4.951	  2.046
[component_container-11] 	 37.940	  Twist	  0.309	  0.183	 -0.031	 -0.284
[component_container-11] 	 37.940	ErrPose	  0.477	  0.297	  0.057	  0.004
[component_container-11] 	 37.940	ErrTwis	 -0.493	 -1.118	  0.068	  0.005
[component_container-11] 	 37.940	    GPS	 -0.950	 -0.536	  4.997	     --
[component_container-11] 	 37.940	   Baro	     --	     --	  6.149	     --
[component_container-11] 	 37.940	  BBias	     --	     --	  1.066	     --
[component_container-11] 	 37.940	  Sonar	     --	     --	    inf	     --
[component_container-11] 	 37.940	  Magnt	     --	     --	     --	  2.060
[component_container-11] 
[component_container-11] 	 37.970	   Pose	 -1.265	 -0.724	  4.958	  2.037
[component_container-11] 	 37.970	  Twist	  0.305	  0.181	 -0.023	 -0.289
[component_container-11] 	 37.970	ErrPose	  0.486	  0.297	  0.050	  0.008
[component_container-11] 	 37.970	ErrTwis	 -0.482	 -1.115	  0.060	  0.010
[component_container-11] 	 37.970	    GPS	 -0.950	 -0.536	  4.997	     --
[component_container-11] 	 37.970	   Baro	     --	     --	  6.111	     --
[component_container-11] 	 37.970	  BBias	     --	     --	  1.066	     --
[component_container-11] 	 37.970	  Sonar	     --	     --	    inf	     --
[component_container-11] 	 37.970	  Magnt	     --	     --	     --	  2.033
[component_container-11] 
[component_container-11] [INFO] [1775368662.210673949] [drone.controller]: cmd_vel body=(0.156, -0.988, 0.003) yaw=-0.300 | odom_received=true | plan_points=33
[component_container-11] 	 38.000	   Pose	 -1.256	 -0.719	  4.958	  2.029
[component_container-11] 	 38.000	  Twist	  0.301	  0.179	 -0.024	 -0.283
[component_container-11] 	 38.000	ErrPose	  0.513	  0.303	  0.052	  0.005
[component_container-11] 	 38.000	ErrTwis	 -0.463	 -1.112	  0.062	  0.004
[component_container-11] 	 38.000	    GPS	 -0.950	 -0.536	  4.997	     --
[component_container-11] 	 38.000	   Baro	     --	     --	  6.111	     --
[component_container-11] 	 38.000	  BBias	     --	     --	  1.066	     --
[component_container-11] 	 38.000	  Sonar	     --	     --	    inf	     --
[component_container-11] 	 38.000	  Magnt	     --	     --	     --	  2.033
[component_container-11] 
[component_container-11] [INFO] [1775368662.211137273] [drone.estimator]: TMP LOG err_xyz=(0.513, 0.303, 0.052) | z_est=4.958 vz_est=-0.024 bias=1.066 | gps_z=4.997 sonar=inf baro=6.111
[component_container-11] [INFO] [1775368662.214324586] [drone.estimator]: TMP LOG gps innov_xy=(0.698, 0.446) est_xy=(-1.253, -0.717) gps_xy=(-0.554, -0.271) corr_xy=(-0.554, -0.271) vel_xy=(0.299, 0.178)
[component_container-11] [INFO] [1775368662.214788588] [drone.estimator]: TMP LOG gps vel pseudo raw=(0.790, 0.531) filt=(0.806, 0.472) innov_v=(0.414, 0.236) apply=(1,1)
[component_container-11] 	 38.040	   Pose	 -0.972	 -0.542	  4.962	  2.016
[component_container-11] 	 38.040	  Twist	  0.455	  0.272	 -0.019	 -0.292
[component_container-11] 	 38.040	ErrPose	  0.265	  0.138	  0.049	  0.006
[component_container-11] 	 38.040	ErrTwis	 -0.603	 -1.203	  0.059	  0.013
[component_container-11] 	 38.040	    GPS	 -0.554	 -0.271	  5.010	     --
[component_container-11] 	 38.040	   Baro	     --	     --	  5.986	     --
[component_container-11] 	 38.040	  BBias	     --	     --	  1.066	     --
[component_container-11] 	 38.040	  Sonar	     --	     --	    inf	     --
[component_container-11] 	 38.040	  Magnt	     --	     --	     --	  1.972
[component_container-11] 
[component_container-11] 	 38.070	   Pose	 -0.958	 -0.534	  4.961	  2.008
[component_container-11] 	 38.070	  Twist	  0.451	  0.269	 -0.022	 -0.281
[component_container-11] 	 38.070	ErrPose	  0.269	  0.136	  0.051	  0.009
[component_container-11] 	 38.070	ErrTwis	 -0.592	 -1.200	  0.062	  0.002
[component_container-11] 	 38.070	    GPS	 -0.554	 -0.271	  5.010	     --
[component_container-11] 	 38.070	   Baro	     --	     --	  6.014	     --
[component_container-11] 	 38.070	  BBias	     --	     --	  1.066	     --
[component_container-11] 	 38.070	  Sonar	     --	     --	    inf	     --
[component_container-11] 	 38.070	  Magnt	     --	     --	     --	  2.019
[component_container-11] 
[component_container-11] 	 38.100	   Pose	 -0.945	 -0.526	  4.960	  1.999
[component_container-11] 	 38.100	  Twist	  0.447	  0.266	 -0.023	 -0.281
[component_container-11] 	 38.100	ErrPose	  0.291	  0.139	  0.053	  0.007
[component_container-11] 	 38.100	ErrTwis	 -0.574	 -1.195	  0.064	  0.002
[component_container-11] 	 38.100	    GPS	 -0.554	 -0.271	  5.010	     --
[component_container-11] 	 38.100	   Baro	     --	     --	  6.014	     --
[component_container-11] 	 38.100	  BBias	     --	     --	  1.066	     --
[component_container-11] 	 38.100	  Sonar	     --	     --	    inf	     --
[component_container-11] 	 38.100	  Magnt	     --	     --	     --	  2.019
[component_container-11] 
[component_container-11] 	 38.140	   Pose	 -0.927	 -0.516	  4.969	  1.988
[component_container-11] 	 38.140	  Twist	  0.442	  0.262	 -0.015	 -0.276
[component_container-11] 	 38.140	ErrPose	  0.309	  0.141	  0.046	  0.006
[component_container-11] 	 38.140	ErrTwis	 -0.552	 -1.190	  0.056	 -0.003
[component_container-11] 	 38.140	    GPS	 -0.554	 -0.271	  5.010	     --
[component_container-11] 	 38.140	   Baro	     --	     --	  6.143	     --
[component_container-11] 	 38.140	  BBias	     --	     --	  1.066	     --
[component_container-11] 	 38.140	  Sonar	     --	     --	    inf	     --
[component_container-11] 	 38.140	  Magnt	     --	     --	     --	  2.021
[component_container-11] 
[component_container-11] 	 38.170	   Pose	 -0.914	 -0.508	  4.965	  1.979
[component_container-11] 	 38.170	  Twist	  0.438	  0.259	 -0.019	 -0.290
[component_container-11] 	 38.170	ErrPose	  0.313	  0.139	  0.050	  0.009
[component_container-11] 	 38.170	ErrTwis	 -0.541	 -1.185	  0.060	  0.011
[component_container-11] 	 38.170	    GPS	 -0.554	 -0.271	  5.010	     --
[component_container-11] 	 38.170	   Baro	     --	     --	  6.000	     --
[component_container-11] 	 38.170	  BBias	     --	     --	  1.066	     --
[component_container-11] 	 38.170	  Sonar	     --	     --	    inf	     --
[component_container-11] 	 38.170	  Magnt	     --	     --	     --	  1.968
[component_container-11] 
[component_container-11] 	 38.200	   Pose	 -0.901	 -0.500	  4.965	  1.971
[component_container-11] 	 38.200	  Twist	  0.434	  0.255	 -0.020	 -0.269
[component_container-11] 	 38.200	ErrPose	  0.335	  0.143	  0.052	  0.007
[component_container-11] 	 38.200	ErrTwis	 -0.521	 -1.180	  0.061	 -0.010
[component_container-11] 	 38.200	    GPS	 -0.554	 -0.271	  5.010	     --
[component_container-11] 	 38.200	   Baro	     --	     --	  6.000	     --
[component_container-11] 	 38.200	  BBias	     --	     --	  1.066	     --
[component_container-11] 	 38.200	  Sonar	     --	     --	    inf	     --
[component_container-11] 	 38.200	  Magnt	     --	     --	     --	  1.968
[component_container-11] 
[component_container-11] 	 38.240	   Pose	 -0.884	 -0.490	  4.952	  1.959
[component_container-11] 	 38.240	  Twist	  0.429	  0.251	 -0.033	 -0.284
[component_container-11] 	 38.240	ErrPose	  0.353	  0.145	  0.067	  0.007
[component_container-11] 	 38.240	ErrTwis	 -0.499	 -1.173	  0.075	  0.005
[component_container-11] 	 38.240	    GPS	 -0.554	 -0.271	  5.010	     --
[component_container-11] 	 38.240	   Baro	     --	     --	  5.889	     --
[component_container-11] 	 38.240	  BBias	     --	     --	  1.066	     --
[component_container-11] 	 38.240	  Sonar	     --	     --	    inf	     --
[component_container-11] 	 38.240	  Magnt	     --	     --	     --	  1.943
[component_container-11] 
[component_container-11] 	 38.270	   Pose	 -0.871	 -0.482	  4.948	  1.950
[component_container-11] 	 38.270	  Twist	  0.424	  0.249	 -0.037	 -0.263
[component_container-11] 	 38.270	ErrPose	  0.357	  0.144	  0.072	  0.011
[component_container-11] 	 38.270	ErrTwis	 -0.487	 -1.169	  0.079	 -0.016
[component_container-11] 	 38.270	    GPS	 -0.554	 -0.271	  5.010	     --
[component_container-11] 	 38.270	   Baro	     --	     --	  5.981	     --
[component_container-11] 	 38.270	  BBias	     --	     --	  1.066	     --
[component_container-11] 	 38.270	  Sonar	     --	     --	    inf	     --
[component_container-11] 	 38.270	  Magnt	     --	     --	     --	  1.934
[component_container-11] 
[component_container-11] 	 38.300	   Pose	 -0.858	 -0.475	  4.947	  1.942
[component_container-11] 	 38.300	  Twist	  0.421	  0.246	 -0.037	 -0.285
[component_container-11] 	 38.300	ErrPose	  0.379	  0.149	  0.074	  0.008
[component_container-11] 	 38.300	ErrTwis	 -0.465	 -1.164	  0.080	  0.005
[component_container-11] 	 38.300	    GPS	 -0.554	 -0.271	  5.010	     --
[component_container-11] 	 38.300	   Baro	     --	     --	  5.981	     --
[component_container-11] 	 38.300	  BBias	     --	     --	  1.066	     --
[component_container-11] 	 38.300	  Sonar	     --	     --	    inf	     --
[component_container-11] 	 38.300	  Magnt	     --	     --	     --	  1.934
[component_container-11] 
[component_container-11] 	 38.340	   Pose	 -0.841	 -0.465	  4.948	  1.932
[component_container-11] 	 38.340	  Twist	  0.415	  0.242	 -0.035	 -0.287
[component_container-11] 	 38.340	ErrPose	  0.396	  0.152	  0.075	  0.007
[component_container-11] 	 38.340	ErrTwis	 -0.442	 -1.157	  0.078	  0.008
[component_container-11] 	 38.340	    GPS	 -0.554	 -0.271	  5.010	     --
[component_container-11] 	 38.340	   Baro	     --	     --	  6.039	     --
[component_container-11] 	 38.340	  BBias	     --	     --	  1.066	     --
[component_container-11] 	 38.340	  Sonar	     --	     --	    inf	     --
[component_container-11] 	 38.340	  Magnt	     --	     --	     --	  1.982
[component_container-11] 
[component_container-11] 	 38.370	   Pose	 -0.829	 -0.458	  4.954	  1.922
[component_container-11] 	 38.370	  Twist	  0.412	  0.239	 -0.027	 -0.287
[component_container-11] 	 38.370	ErrPose	  0.401	  0.151	  0.069	  0.011
[component_container-11] 	 38.370	ErrTwis	 -0.430	 -1.152	  0.070	  0.007
[component_container-11] 	 38.370	    GPS	 -0.554	 -0.271	  5.010	     --
[component_container-11] 	 38.370	   Baro	     --	     --	  6.100	     --
[component_container-11] 	 38.370	  BBias	     --	     --	  1.066	     --
[component_container-11] 	 38.370	  Sonar	     --	     --	    inf	     --
[component_container-11] 	 38.370	  Magnt	     --	     --	     --	  1.905
[component_container-11] 
[component_container-11] 	 38.400	   Pose	 -0.817	 -0.451	  4.953	  1.914
[component_container-11] 	 38.400	  Twist	  0.407	  0.237	 -0.028	 -0.282
[component_container-11] 	 38.400	ErrPose	  0.422	  0.157	  0.072	  0.008
[component_container-11] 	 38.400	ErrTwis	 -0.409	 -1.146	  0.073	  0.003
[component_container-11] 	 38.400	    GPS	 -0.554	 -0.271	  5.010	     --
[component_container-11] 	 38.400	   Baro	     --	     --	  6.100	     --
[component_container-11] 	 38.400	  BBias	     --	     --	  1.066	     --
[component_container-11] 	 38.400	  Sonar	     --	     --	    inf	     --
[component_container-11] 	 38.400	  Magnt	     --	     --	     --	  1.905
[component_container-11] 
[component_container-11] 	 38.440	   Pose	 -0.801	 -0.441	  4.961	  1.902
[component_container-11] 	 38.440	  Twist	  0.402	  0.233	 -0.019	 -0.286
[component_container-11] 	 38.440	ErrPose	  0.440	  0.161	  0.066	  0.008
[component_container-11] 	 38.440	ErrTwis	 -0.384	 -1.139	  0.065	  0.006
[component_container-11] 	 38.440	    GPS	 -0.554	 -0.271	  5.010	     --
[component_container-11] 	 38.440	   Baro	     --	     --	  6.118	     --
[component_container-11] 	 38.440	  BBias	     --	     --	  1.066	     --
[component_container-11] 	 38.440	  Sonar	     --	     --	    inf	     --
[component_container-11] 	 38.440	  Magnt	     --	     --	     --	  1.900
[component_container-11] 
[component_container-11] 	 38.470	   Pose	 -0.789	 -0.434	  4.969	  1.894
[component_container-11] 	 38.470	  Twist	  0.398	  0.231	 -0.012	 -0.275
[component_container-11] 	 38.470	ErrPose	  0.444	  0.161	  0.059	  0.011
[component_container-11] 	 38.470	ErrTwis	 -0.371	 -1.134	  0.059	 -0.004
[component_container-11] 	 38.470	    GPS	 -0.554	 -0.271	  5.010	     --
[component_container-11] 	 38.470	   Baro	     --	     --	  6.117	     --
[component_container-11] 	 38.470	  BBias	     --	     --	  1.066	     --
[component_container-11] 	 38.470	  Sonar	     --	     --	    inf	     --
[component_container-11] 	 38.470	  Magnt	     --	     --	     --	  1.904
[component_container-11] 
[component_container-11] 	 38.500	   Pose	 -0.777	 -0.428	  4.968	  1.886
[component_container-11] 	 38.500	  Twist	  0.395	  0.227	 -0.013	 -0.268
[component_container-11] 	 38.500	ErrPose	  0.466	  0.168	  0.061	  0.008
[component_container-11] 	 38.500	ErrTwis	 -0.349	 -1.127	  0.061	 -0.012
[component_container-11] 	 38.500	    GPS	 -0.554	 -0.271	  5.010	     --
[component_container-11] 	 38.500	   Baro	     --	     --	  6.117	     --
[component_container-11] 	 38.500	  BBias	     --	     --	  1.066	     --
[component_container-11] 	 38.500	  Sonar	     --	     --	    inf	     --
[component_container-11] 	 38.500	  Magnt	     --	     --	     --	  1.904
[component_container-11] 
[component_container-11] 	 38.540	   Pose	 -0.489	 -0.425	  4.976	  1.874
[component_container-11] 	 38.540	  Twist	  0.552	  0.193	 -0.007	 -0.286
[component_container-11] 	 38.540	ErrPose	  0.211	  0.180	  0.056	  0.009
[component_container-11] 	 38.540	ErrTwis	 -0.488	 -1.087	  0.056	  0.007
[component_container-11] 	 38.540	    GPS	 -0.086	 -0.318	  5.030	     --
[component_container-11] 	 38.540	   Baro	     --	     --	  6.004	     --
[component_container-11] 	 38.540	  BBias	     --	     --	  1.065	     --
[component_container-11] 	 38.540	  Sonar	     --	     --	    inf	     --
[component_container-11] 	 38.540	  Magnt	     --	     --	     --	  1.847
[component_container-11] 
[component_container-11] 	 38.570	   Pose	 -0.473	 -0.419	  4.989	  1.864
[component_container-11] 	 38.570	  Twist	  0.548	  0.190	  0.005	 -0.271
[component_container-11] 	 38.570	ErrPose	  0.211	  0.181	  0.044	  0.013
[component_container-11] 	 38.570	ErrTwis	 -0.474	 -1.082	  0.044	 -0.008
[component_container-11] 	 38.570	    GPS	 -0.086	 -0.318	  5.030	     --
[component_container-11] 	 38.570	   Baro	     --	     --	  6.211	     --
[component_container-11] 	 38.570	  BBias	     --	     --	  1.066	     --
[component_container-11] 	 38.570	  Sonar	     --	     --	    inf	     --
[component_container-11] 	 38.570	  Magnt	     --	     --	     --	  1.801
[component_container-11] 
[component_container-11] 	 38.600	   Pose	 -0.456	 -0.414	  4.989	  1.856
[component_container-11] 	 38.600	  Twist	  0.544	  0.187	  0.004	 -0.280
[component_container-11] 	 38.600	ErrPose	  0.227	  0.190	  0.045	  0.010
[component_container-11] 	 38.600	ErrTwis	 -0.450	 -1.074	  0.045	  0.001
[component_container-11] 	 38.600	    GPS	 -0.086	 -0.318	  5.030	     --
[component_container-11] 	 38.600	   Baro	     --	     --	  6.211	     --
[component_container-11] 	 38.600	  BBias	     --	     --	  1.066	     --
[component_container-11] 	 38.600	  Sonar	     --	     --	    inf	     --
[component_container-11] 	 38.600	  Magnt	     --	     --	     --	  1.801
[component_container-11] 
[component_container-11] 	 38.640	   Pose	 -0.435	 -0.406	  4.973	  1.844
[component_container-11] 	 38.640	  Twist	  0.539	  0.182	 -0.015	 -0.294
[component_container-11] 	 38.640	ErrPose	  0.238	  0.197	  0.063	  0.011
[component_container-11] 	 38.640	ErrTwis	 -0.427	 -1.064	  0.063	  0.015
[component_container-11] 	 38.640	    GPS	 -0.086	 -0.318	  5.030	     --
[component_container-11] 	 38.640	   Baro	     --	     --	  5.855	     --
[component_container-11] 	 38.640	  BBias	     --	     --	  1.065	     --
[component_container-11] 	 38.640	  Sonar	     --	     --	    inf	     --
[component_container-11] 	 38.640	  Magnt	     --	     --	     --	  1.838
[component_container-11] 
[component_container-11] 	 38.670	   Pose	 -0.419	 -0.401	  4.975	  1.835
[component_container-11] 	 38.670	  Twist	  0.536	  0.179	 -0.014	 -0.268
[component_container-11] 	 38.670	ErrPose	  0.238	  0.200	  0.062	  0.014
[component_container-11] 	 38.670	ErrTwis	 -0.414	 -1.059	  0.062	 -0.011
[component_container-11] 	 38.670	    GPS	 -0.086	 -0.318	  5.030	     --
[component_container-11] 	 38.670	   Baro	     --	     --	  6.069	     --
[component_container-11] 	 38.670	  BBias	     --	     --	  1.066	     --
[component_container-11] 	 38.670	  Sonar	     --	     --	    inf	     --
[component_container-11] 	 38.670	  Magnt	     --	     --	     --	  1.822
[component_container-11] 
[component_container-11] 	 38.700	   Pose	 -0.403	 -0.396	  4.974	  1.827
[component_container-11] 	 38.700	  Twist	  0.532	  0.177	 -0.015	 -0.285
[component_container-11] 	 38.700	ErrPose	  0.254	  0.210	  0.064	  0.011
[component_container-11] 	 38.700	ErrTwis	 -0.391	 -1.051	  0.062	  0.006
[component_container-11] 	 38.700	    GPS	 -0.086	 -0.318	  5.030	     --
[component_container-11] 	 38.700	   Baro	     --	     --	  6.069	     --
[component_container-11] 	 38.700	  BBias	     --	     --	  1.066	     --
[component_container-11] 	 38.700	  Sonar	     --	     --	    inf	     --
[component_container-11] 	 38.700	  Magnt	     --	     --	     --	  1.822
[component_container-11] 
[component_container-11] 	 38.740	   Pose	 -0.381	 -0.389	  4.983	  1.815
[component_container-11] 	 38.740	  Twist	  0.527	  0.173	 -0.006	 -0.298
[component_container-11] 	 38.740	ErrPose	  0.264	  0.218	  0.057	  0.012
[component_container-11] 	 38.740	ErrTwis	 -0.366	 -1.040	  0.051	  0.018
[component_container-11] 	 38.740	    GPS	 -0.086	 -0.318	  5.030	     --
[component_container-11] 	 38.740	   Baro	     --	     --	  6.151	     --
[component_container-11] 	 38.740	  BBias	     --	     --	  1.066	     --
[component_container-11] 	 38.740	  Sonar	     --	     --	    inf	     --
[component_container-11] 	 38.740	  Magnt	     --	     --	     --	  1.847
[component_container-11] 
[component_container-11] 	 38.770	   Pose	 -0.366	 -0.383	  4.979	  1.807
[component_container-11] 	 38.770	  Twist	  0.523	  0.169	 -0.011	 -0.276
[component_container-11] 	 38.770	ErrPose	  0.264	  0.221	  0.062	  0.014
[component_container-11] 	 38.770	ErrTwis	 -0.351	 -1.033	  0.056	 -0.004
[component_container-11] 	 38.770	    GPS	 -0.086	 -0.318	  5.030	     --
[component_container-11] 	 38.770	   Baro	     --	     --	  5.997	     --
[component_container-11] 	 38.770	  BBias	     --	     --	  1.066	     --
[component_container-11] 	 38.770	  Sonar	     --	     --	    inf	     --
[component_container-11] 	 38.770	  Magnt	     --	     --	     --	  1.805
[component_container-11] 
[component_container-11] 	 38.800	   Pose	 -0.350	 -0.378	  4.978	  1.798
[component_container-11] 	 38.800	  Twist	  0.520	  0.166	 -0.012	 -0.270
[component_container-11] 	 38.800	ErrPose	  0.279	  0.233	  0.064	  0.012
[component_container-11] 	 38.800	ErrTwis	 -0.328	 -1.021	  0.056	 -0.010
[component_container-11] 	 38.800	    GPS	 -0.086	 -0.318	  5.030	     --
[component_container-11] 	 38.800	   Baro	     --	     --	  5.997	     --
[component_container-11] 	 38.800	  BBias	     --	     --	  1.066	     --
[component_container-11] 	 38.800	  Sonar	     --	     --	    inf	     --
[component_container-11] 	 38.800	  Magnt	     --	     --	     --	  1.805
[component_container-11] 
[component_container-11] 	 38.840	   Pose	 -0.329	 -0.372	  4.984	  1.787
[component_container-11] 	 38.840	  Twist	  0.514	  0.162	 -0.009	 -0.269
[component_container-11] 	 38.840	ErrPose	  0.289	  0.243	  0.060	  0.012
[component_container-11] 	 38.840	ErrTwis	 -0.303	 -1.008	  0.054	 -0.011
[component_container-11] 	 38.840	    GPS	 -0.086	 -0.318	  5.030	     --
[component_container-11] 	 38.840	   Baro	     --	     --	  6.115	     --
[component_container-11] 	 38.840	  BBias	     --	     --	  1.066	     --
[component_container-11] 	 38.840	  Sonar	     --	     --	    inf	     --
[component_container-11] 	 38.840	  Magnt	     --	     --	     --	  1.800
[component_container-11] 
[component_container-11] 	 38.870	   Pose	 -0.314	 -0.367	  4.996	  1.779
[component_container-11] 	 38.870	  Twist	  0.510	  0.160	  0.003	 -0.295
[component_container-11] 	 38.870	ErrPose	  0.289	  0.246	  0.049	  0.014
[component_container-11] 	 38.870	ErrTwis	 -0.288	 -1.001	  0.043	  0.015
[component_container-11] 	 38.870	    GPS	 -0.086	 -0.318	  5.030	     --
[component_container-11] 	 38.870	   Baro	     --	     --	  6.192	     --
[component_container-11] 	 38.870	  BBias	     --	     --	  1.066	     --
[component_container-11] 	 38.870	  Sonar	     --	     --	    inf	     --
[component_container-11] 	 38.870	  Magnt	     --	     --	     --	  1.793
[component_container-11] 
[component_container-11] 	 38.900	   Pose	 -0.299	 -0.362	  4.996	  1.771
[component_container-11] 	 38.900	  Twist	  0.506	  0.157	  0.003	 -0.281
[component_container-11] 	 38.900	ErrPose	  0.303	  0.259	  0.050	  0.011
[component_container-11] 	 38.900	ErrTwis	 -0.263	 -0.989	  0.044	  0.002
[component_container-11] 	 38.900	    GPS	 -0.086	 -0.318	  5.030	     --
[component_container-11] 	 38.900	   Baro	     --	     --	  6.192	     --
[component_container-11] 	 38.900	  BBias	     --	     --	  1.066	     --
[component_container-11] 	 38.900	  Sonar	     --	     --	    inf	     --
[component_container-11] 	 38.900	  Magnt	     --	     --	     --	  1.793
[component_container-11] 
[component_container-11] 	 38.940	   Pose	 -0.279	 -0.356	  4.998	  1.760
[component_container-11] 	 38.940	  Twist	  0.501	  0.152	  0.002	 -0.280
[component_container-11] 	 38.940	ErrPose	  0.313	  0.270	  0.050	  0.010
[component_container-11] 	 38.940	ErrTwis	 -0.238	 -0.974	  0.045	 -0.000
[component_container-11] 	 38.940	    GPS	 -0.086	 -0.318	  5.030	     --
[component_container-11] 	 38.940	   Baro	     --	     --	  6.083	     --
[component_container-11] 	 38.940	  BBias	     --	     --	  1.066	     --
[component_container-11] 	 38.940	  Sonar	     --	     --	    inf	     --
[component_container-11] 	 38.940	  Magnt	     --	     --	     --	  1.808
[component_container-11] 
[component_container-11] 	 38.970	   Pose	 -0.264	 -0.352	  5.006	  1.752
[component_container-11] 	 38.970	  Twist	  0.497	  0.148	  0.008	 -0.267
[component_container-11] 	 38.970	ErrPose	  0.313	  0.274	  0.043	  0.014
[component_container-11] 	 38.970	ErrTwis	 -0.225	 -0.967	  0.040	 -0.013
[component_container-11] 	 38.970	    GPS	 -0.086	 -0.318	  5.030	     --
[component_container-11] 	 38.970	   Baro	     --	     --	  6.152	     --
[component_container-11] 	 38.970	  BBias	     --	     --	  1.066	     --
[component_container-11] 	 38.970	  Sonar	     --	     --	    inf	     --
[component_container-11] 	 38.970	  Magnt	     --	     --	     --	  1.731
[component_container-11] 
[component_container-11] [INFO] [1775368663.216684675] [drone.controller]: cmd_vel body=(0.588, -0.809, -0.008) yaw=-0.300 | odom_received=true | plan_points=23
[component_container-11] 	 39.000	   Pose	 -0.249	 -0.347	  5.006	  1.743
[component_container-11] 	 39.000	  Twist	  0.493	  0.145	  0.006	 -0.286
[component_container-11] 	 39.000	ErrPose	  0.327	  0.288	  0.044	  0.011
[component_container-11] 	 39.000	ErrTwis	 -0.200	 -0.954	  0.043	  0.006
[component_container-11] 	 39.000	    GPS	 -0.086	 -0.318	  5.030	     --
[component_container-11] 	 39.000	   Baro	     --	     --	  6.152	     --
[component_container-11] 	 39.000	  BBias	     --	     --	  1.066	     --
[component_container-11] 	 39.000	  Sonar	     --	     --	    inf	     --
[component_container-11] 	 39.000	  Magnt	     --	     --	     --	  1.731
[component_container-11] 
[component_container-11] [INFO] [1775368663.217151768] [drone.estimator]: TMP LOG err_xyz=(0.327, 0.288, 0.044) | z_est=5.006 vz_est=0.006 bias=1.066 | gps_z=5.030 sonar=inf baro=6.152
[component_container-11] [INFO] [1775368663.219776634] [drone.estimator]: TMP LOG gps innov_xy=(0.528, 0.329) est_xy=(-0.244, -0.346) gps_xy=(0.284, -0.017) corr_xy=(0.284, -0.017) vel_xy=(0.491, 0.145)
[component_container-11] [INFO] [1775368663.219883802] [drone.estimator]: TMP LOG gps vel pseudo raw=(0.741, 0.601) filt=(0.759, 0.537) innov_v=(0.198, 0.349) apply=(1,1)
[component_container-11] 	 39.040	   Pose	 -0.040	 -0.192	  5.026	  1.732
[component_container-11] 	 39.040	  Twist	  0.589	  0.242	  0.022	 -0.279
[component_container-11] 	 39.040	ErrPose	  0.147	  0.151	  0.026	  0.011
[component_container-11] 	 39.040	ErrTwis	 -0.275	 -1.042	  0.026	 -0.000
[component_container-11] 	 39.040	    GPS	  0.284	 -0.017	  5.051	     --
[component_container-11] 	 39.040	   Baro	     --	     --	  6.227	     --
[component_container-11] 	 39.040	  BBias	     --	     --	  1.066	     --
[component_container-11] 	 39.040	  Sonar	     --	     --	    inf	     --
[component_container-11] 	 39.040	  Magnt	     --	     --	     --	  1.712
[component_container-11] 
[component_container-11] 	 39.070	   Pose	 -0.023	 -0.185	  5.026	  1.724
[component_container-11] 	 39.070	  Twist	  0.585	  0.239	  0.019	 -0.291
[component_container-11] 	 39.070	ErrPose	  0.144	  0.154	  0.027	  0.014
[component_container-11] 	 39.070	ErrTwis	 -0.261	 -1.034	  0.028	  0.012
[component_container-11] 	 39.070	    GPS	  0.284	 -0.017	  5.051	     --
[component_container-11] 	 39.070	   Baro	     --	     --	  6.083	     --
[component_container-11] 	 39.070	  BBias	     --	     --	  1.066	     --
[component_container-11] 	 39.070	  Sonar	     --	     --	    inf	     --
[component_container-11] 	 39.070	  Magnt	     --	     --	     --	  1.748
[component_container-11] 
[component_container-11] 	 39.100	   Pose	 -0.005	 -0.177	  5.026	  1.715
[component_container-11] 	 39.100	  Twist	  0.581	  0.235	  0.017	 -0.289
[component_container-11] 	 39.100	ErrPose	  0.155	  0.166	  0.028	  0.011
[component_container-11] 	 39.100	ErrTwis	 -0.237	 -1.021	  0.030	  0.009
[component_container-11] 	 39.100	    GPS	  0.284	 -0.017	  5.051	     --
[component_container-11] 	 39.100	   Baro	     --	     --	  6.083	     --
[component_container-11] 	 39.100	  BBias	     --	     --	  1.066	     --
[component_container-11] 	 39.100	  Sonar	     --	     --	    inf	     --
[component_container-11] 	 39.100	  Magnt	     --	     --	     --	  1.748
[component_container-11] 
[component_container-11] 	 39.140	   Pose	  0.018	 -0.168	  5.034	  1.704
[component_container-11] 	 39.140	  Twist	  0.576	  0.232	  0.020	 -0.288
[component_container-11] 	 39.140	ErrPose	  0.160	  0.176	  0.022	  0.011
[component_container-11] 	 39.140	ErrTwis	 -0.212	 -1.008	  0.027	  0.009
[component_container-11] 	 39.140	    GPS	  0.284	 -0.017	  5.051	     --
[component_container-11] 	 39.140	   Baro	     --	     --	  6.181	     --
[component_container-11] 	 39.140	  BBias	     --	     --	  1.066	     --
[component_container-11] 	 39.140	  Sonar	     --	     --	    inf	     --
[component_container-11] 	 39.140	  Magnt	     --	     --	     --	  1.712
[component_container-11] 
[component_container-11] 	 39.170	   Pose	  0.035	 -0.161	  5.036	  1.696
[component_container-11] 	 39.170	  Twist	  0.572	  0.228	  0.018	 -0.268
[component_container-11] 	 39.170	ErrPose	  0.157	  0.179	  0.021	  0.014
[component_container-11] 	 39.170	ErrTwis	 -0.197	 -0.999	  0.028	 -0.012
[component_container-11] 	 39.170	    GPS	  0.284	 -0.017	  5.051	     --
[component_container-11] 	 39.170	   Baro	     --	     --	  6.111	     --
[component_container-11] 	 39.170	  BBias	     --	     --	  1.066	     --
[component_container-11] 	 39.170	  Sonar	     --	     --	    inf	     --
[component_container-11] 	 39.170	  Magnt	     --	     --	     --	  1.701
[component_container-11] 
[component_container-11] 	 39.200	   Pose	  0.052	 -0.154	  5.036	  1.687
[component_container-11] 	 39.200	  Twist	  0.568	  0.225	  0.014	 -0.286
[component_container-11] 	 39.200	ErrPose	  0.167	  0.193	  0.022	  0.011
[component_container-11] 	 39.200	ErrTwis	 -0.173	 -0.986	  0.029	  0.006
[component_container-11] 	 39.200	    GPS	  0.284	 -0.017	  5.051	     --
[component_container-11] 	 39.200	   Baro	     --	     --	  6.111	     --
[component_container-11] 	 39.200	  BBias	     --	     --	  1.066	     --
[component_container-11] 	 39.200	  Sonar	     --	     --	    inf	     --
[component_container-11] 	 39.200	  Magnt	     --	     --	     --	  1.701
[component_container-11] 
[component_container-11] 	 39.240	   Pose	  0.075	 -0.146	  5.035	  1.676
[component_container-11] 	 39.240	  Twist	  0.563	  0.219	  0.010	 -0.288
[component_container-11] 	 39.240	ErrPose	  0.172	  0.204	  0.024	  0.011
[component_container-11] 	 39.240	ErrTwis	 -0.148	 -0.971	  0.032	  0.008
[component_container-11] 	 39.240	    GPS	  0.284	 -0.017	  5.051	     --
[component_container-11] 	 39.240	   Baro	     --	     --	  6.083	     --
[component_container-11] 	 39.240	  BBias	     --	     --	  1.066	     --
[component_container-11] 	 39.240	  Sonar	     --	     --	    inf	     --
[component_container-11] 	 39.240	  Magnt	     --	     --	     --	  1.708
[component_container-11] 
[component_container-11] 	 39.270	   Pose	  0.092	 -0.139	  5.041	  1.667
[component_container-11] 	 39.270	  Twist	  0.559	  0.216	  0.012	 -0.285
[component_container-11] 	 39.270	ErrPose	  0.169	  0.208	  0.018	  0.014
[component_container-11] 	 39.270	ErrTwis	 -0.135	 -0.962	  0.028	  0.005
[component_container-11] 	 39.270	    GPS	  0.284	 -0.017	  5.051	     --
[component_container-11] 	 39.270	   Baro	     --	     --	  6.167	     --
[component_container-11] 	 39.270	  BBias	     --	     --	  1.066	     --
[component_container-11] 	 39.270	  Sonar	     --	     --	    inf	     --
[component_container-11] 	 39.270	  Magnt	     --	     --	     --	  1.672
[component_container-11] 
[component_container-11] 	 39.300	   Pose	  0.108	 -0.133	  5.041	  1.659
[component_container-11] 	 39.300	  Twist	  0.555	  0.213	  0.009	 -0.272
[component_container-11] 	 39.300	ErrPose	  0.179	  0.223	  0.019	  0.011
[component_container-11] 	 39.300	ErrTwis	 -0.110	 -0.948	  0.029	 -0.008
[component_container-11] 	 39.300	    GPS	  0.284	 -0.017	  5.051	     --
[component_container-11] 	 39.300	   Baro	     --	     --	  6.167	     --
[component_container-11] 	 39.300	  BBias	     --	     --	  1.066	     --
[component_container-11] 	 39.300	  Sonar	     --	     --	    inf	     --
[component_container-11] 	 39.300	  Magnt	     --	     --	     --	  1.672
[component_container-11] 
[component_container-11] 	 39.340	   Pose	  0.131	 -0.124	  5.041	  1.647
[component_container-11] 	 39.340	  Twist	  0.551	  0.207	  0.005	 -0.291
[component_container-11] 	 39.340	ErrPose	  0.184	  0.237	  0.021	  0.012
[component_container-11] 	 39.340	ErrTwis	 -0.086	 -0.931	  0.030	  0.012
[component_container-11] 	 39.340	    GPS	  0.284	 -0.017	  5.051	     --
[component_container-11] 	 39.340	   Baro	     --	     --	  6.096	     --
[component_container-11] 	 39.340	  BBias	     --	     --	  1.066	     --
[component_container-11] 	 39.340	  Sonar	     --	     --	    inf	     --
[component_container-11] 	 39.340	  Magnt	     --	     --	     --	  1.660
[component_container-11] 
[component_container-11] 	 39.370	   Pose	  0.147	 -0.118	  5.057	  1.639
[component_container-11] 	 39.370	  Twist	  0.547	  0.203	  0.020	 -0.291
[component_container-11] 	 39.370	ErrPose	  0.181	  0.241	  0.005	  0.014
[component_container-11] 	 39.370	ErrTwis	 -0.072	 -0.921	  0.013	  0.011
[component_container-11] 	 39.370	    GPS	  0.284	 -0.017	  5.051	     --
[component_container-11] 	 39.370	   Baro	     --	     --	  6.286	     --
[component_container-11] 	 39.370	  BBias	     --	     --	  1.066	     --
[component_container-11] 	 39.370	  Sonar	     --	     --	    inf	     --
[component_container-11] 	 39.370	  Magnt	     --	     --	     --	  1.650
[component_container-11] 
[component_container-11] 	 39.400	   Pose	  0.163	 -0.112	  5.057	  1.631
[component_container-11] 	 39.400	  Twist	  0.543	  0.199	  0.018	 -0.262
[component_container-11] 	 39.400	ErrPose	  0.191	  0.258	  0.005	  0.011
[component_container-11] 	 39.400	ErrTwis	 -0.049	 -0.904	  0.014	 -0.018
[component_container-11] 	 39.400	    GPS	  0.284	 -0.017	  5.051	     --
[component_container-11] 	 39.400	   Baro	     --	     --	  6.286	     --
[component_container-11] 	 39.400	  BBias	     --	     --	  1.066	     --
[component_container-11] 	 39.400	  Sonar	     --	     --	    inf	     --
[component_container-11] 	 39.400	  Magnt	     --	     --	     --	  1.650
[component_container-11] 
[component_container-11] 	 39.440	   Pose	  0.185	 -0.104	  5.060	  1.621
[component_container-11] 	 39.440	  Twist	  0.538	  0.196	  0.017	 -0.299
[component_container-11] 	 39.440	ErrPose	  0.195	  0.273	  0.003	  0.010
[component_container-11] 	 39.440	ErrTwis	 -0.025	 -0.887	  0.015	  0.019
[component_container-11] 	 39.440	    GPS	  0.284	 -0.017	  5.051	     --
[component_container-11] 	 39.440	   Baro	     --	     --	  6.148	     --
[component_container-11] 	 39.440	  BBias	     --	     --	  1.066	     --
[component_container-11] 	 39.440	  Sonar	     --	     --	    inf	     --
[component_container-11] 	 39.440	  Magnt	     --	     --	     --	  1.688
[component_container-11] 
[component_container-11] 	 39.470	   Pose	  0.201	 -0.098	  5.052	  1.614
[component_container-11] 	 39.470	  Twist	  0.534	  0.193	  0.004	 -0.277
[component_container-11] 	 39.470	ErrPose	  0.191	  0.279	  0.012	  0.011
[component_container-11] 	 39.470	ErrTwis	 -0.011	 -0.877	  0.026	 -0.003
[component_container-11] 	 39.470	    GPS	  0.284	 -0.017	  5.051	     --
[component_container-11] 	 39.470	   Baro	     --	     --	  6.024	     --
[component_container-11] 	 39.470	  BBias	     --	     --	  1.066	     --
[component_container-11] 	 39.470	  Sonar	     --	     --	    inf	     --
[component_container-11] 	 39.470	  Magnt	     --	     --	     --	  1.693
[component_container-11] 
[component_container-11] 	 39.500	   Pose	  0.217	 -0.092	  5.052	  1.606
[component_container-11] 	 39.500	  Twist	  0.530	  0.189	  0.001	 -0.287
[component_container-11] 	 39.500	ErrPose	  0.201	  0.296	  0.013	  0.009
[component_container-11] 	 39.500	ErrTwis	  0.012	 -0.859	  0.026	  0.008
[component_container-11] 	 39.500	    GPS	  0.284	 -0.017	  5.051	     --
[component_container-11] 	 39.500	   Baro	     --	     --	  6.024	     --
[component_container-11] 	 39.500	  BBias	     --	     --	  1.066	     --
[component_container-11] 	 39.500	  Sonar	     --	     --	    inf	     --
[component_container-11] 	 39.500	  Magnt	     --	     --	     --	  1.693
[component_container-11] 
[component_container-11] 	 39.540	   Pose	  0.266	  0.098	  5.062	  1.594
[component_container-11] 	 39.540	  Twist	  0.514	  0.304	  0.009	 -0.277
[component_container-11] 	 39.540	ErrPose	  0.176	  0.130	  0.003	  0.009
[component_container-11] 	 39.540	ErrTwis	  0.046	 -0.958	  0.017	 -0.003
[component_container-11] 	 39.540	    GPS	  0.421	  0.316	  5.064	     --
[component_container-11] 	 39.540	   Baro	     --	     --	  6.224	     --
[component_container-11] 	 39.540	  BBias	     --	     --	  1.066	     --
[component_container-11] 	 39.540	  Sonar	     --	     --	    inf	     --
[component_container-11] 	 39.540	  Magnt	     --	     --	     --	  1.597
[component_container-11] 
[component_container-11] 	 39.570	   Pose	  0.282	  0.107	  5.081	  1.586
[component_container-11] 	 39.570	  Twist	  0.509	  0.300	  0.026	 -0.271
[component_container-11] 	 39.570	ErrPose	  0.173	  0.133	 -0.016	  0.011
[component_container-11] 	 39.570	ErrTwis	  0.060	 -0.947	  0.000	 -0.009
[component_container-11] 	 39.570	    GPS	  0.421	  0.316	  5.064	     --
[component_container-11] 	 39.570	   Baro	     --	     --	  6.359	     --
[component_container-11] 	 39.570	  BBias	     --	     --	  1.066	     --
[component_container-11] 	 39.570	  Sonar	     --	     --	    inf	     --
[component_container-11] 	 39.570	  Magnt	     --	     --	     --	  1.591
[component_container-11] 
[component_container-11] 	 39.600	   Pose	  0.297	  0.116	  5.081	  1.578
[component_container-11] 	 39.600	  Twist	  0.506	  0.297	  0.023	 -0.279
[component_container-11] 	 39.600	ErrPose	  0.182	  0.149	 -0.016	  0.009
[component_container-11] 	 39.600	ErrTwis	  0.082	 -0.929	  0.001	 -0.001
[component_container-11] 	 39.600	    GPS	  0.421	  0.316	  5.064	     --
[component_container-11] 	 39.600	   Baro	     --	     --	  6.359	     --
[component_container-11] 	 39.600	  BBias	     --	     --	  1.066	     --
[component_container-11] 	 39.600	  Sonar	     --	     --	    inf	     --
[component_container-11] 	 39.600	  Magnt	     --	     --	     --	  1.591
[component_container-11] 
[component_container-11] 	 39.640	   Pose	  0.317	  0.127	  5.082	  1.566
[component_container-11] 	 39.640	  Twist	  0.500	  0.292	  0.018	 -0.277
[component_container-11] 	 39.640	ErrPose	  0.186	  0.162	 -0.016	  0.009
[component_container-11] 	 39.640	ErrTwis	  0.106	 -0.908	  0.003	 -0.003
[component_container-11] 	 39.640	    GPS	  0.421	  0.316	  5.064	     --
[component_container-11] 	 39.640	   Baro	     --	     --	  6.147	     --
[component_container-11] 	 39.640	  BBias	     --	     --	  1.066	     --
[component_container-11] 	 39.640	  Sonar	     --	     --	    inf	     --
[component_container-11] 	 39.640	  Magnt	     --	     --	     --	  1.568
[component_container-11] 
[component_container-11] 	 39.670	   Pose	  0.332	  0.136	  5.092	  1.557
[component_container-11] 	 39.670	  Twist	  0.497	  0.288	  0.025	 -0.285
[component_container-11] 	 39.670	ErrPose	  0.183	  0.166	 -0.026	  0.012
[component_container-11] 	 39.670	ErrTwis	  0.118	 -0.896	 -0.004	  0.005
[component_container-11] 	 39.670	    GPS	  0.421	  0.316	  5.064	     --
[component_container-11] 	 39.670	   Baro	     --	     --	  6.263	     --
[component_container-11] 	 39.670	  BBias	     --	     --	  1.066	     --
[component_container-11] 	 39.670	  Sonar	     --	     --	    inf	     --
[component_container-11] 	 39.670	  Magnt	     --	     --	     --	  1.553
[component_container-11] 
[component_container-11] 	 39.700	   Pose	  0.347	  0.145	  5.093	  1.549
[component_container-11] 	 39.700	  Twist	  0.494	  0.284	  0.021	 -0.270
[component_container-11] 	 39.700	ErrPose	  0.192	  0.183	 -0.027	  0.009
[component_container-11] 	 39.700	ErrTwis	  0.138	 -0.878	  0.001	 -0.010
[component_container-11] 	 39.700	    GPS	  0.421	  0.316	  5.064	     --
[component_container-11] 	 39.700	   Baro	     --	     --	  6.263	     --
[component_container-11] 	 39.700	  BBias	     --	     --	  1.066	     --
[component_container-11] 	 39.700	  Sonar	     --	     --	    inf	     --
[component_container-11] 	 39.700	  Magnt	     --	     --	     --	  1.553
[component_container-11] 
[component_container-11] 	 39.740	   Pose	  0.366	  0.156	  5.092	  1.537
[component_container-11] 	 39.740	  Twist	  0.489	  0.280	  0.015	 -0.281
[component_container-11] 	 39.740	ErrPose	  0.195	  0.198	 -0.026	  0.010
[component_container-11] 	 39.740	ErrTwis	  0.160	 -0.859	  0.006	  0.001
[component_container-11] 	 39.740	    GPS	  0.421	  0.316	  5.064	     --
[component_container-11] 	 39.740	   Baro	     --	     --	  6.139	     --
[component_container-11] 	 39.740	  BBias	     --	     --	  1.066	     --
[component_container-11] 	 39.740	  Sonar	     --	     --	    inf	     --
[component_container-11] 	 39.740	  Magnt	     --	     --	     --	  1.512
[component_container-11] 
[component_container-11] 	 39.770	   Pose	  0.381	  0.164	  5.090	  1.529
[component_container-11] 	 39.770	  Twist	  0.486	  0.276	  0.008	 -0.288
[component_container-11] 	 39.770	ErrPose	  0.192	  0.203	 -0.024	  0.012
[component_container-11] 	 39.770	ErrTwis	  0.172	 -0.848	  0.011	  0.008
[component_container-11] 	 39.770	    GPS	  0.421	  0.316	  5.064	     --
[component_container-11] 	 39.770	   Baro	     --	     --	  6.130	     --
[component_container-11] 	 39.770	  BBias	     --	     --	  1.066	     --
[component_container-11] 	 39.770	  Sonar	     --	     --	    inf	     --
[component_container-11] 	 39.770	  Magnt	     --	     --	     --	  1.567
[component_container-11] 
[component_container-11] 	 39.800	   Pose	  0.396	  0.172	  5.090	  1.521
[component_container-11] 	 39.800	  Twist	  0.483	  0.271	  0.004	 -0.274
[component_container-11] 	 39.800	ErrPose	  0.201	  0.221	 -0.024	  0.009
[component_container-11] 	 39.800	ErrTwis	  0.191	 -0.830	  0.011	 -0.006
[component_container-11] 	 39.800	    GPS	  0.421	  0.316	  5.064	     --
[component_container-11] 	 39.800	   Baro	     --	     --	  6.130	     --
[component_container-11] 	 39.800	  BBias	     --	     --	  1.066	     --
[component_container-11] 	 39.800	  Sonar	     --	     --	    inf	     --
[component_container-11] 	 39.800	  Magnt	     --	     --	     --	  1.567
[component_container-11] 
[component_container-11] 	 39.840	   Pose	  0.415	  0.183	  5.088	  1.508
[component_container-11] 	 39.840	  Twist	  0.478	  0.266	 -0.002	 -0.296
[component_container-11] 	 39.840	ErrPose	  0.204	  0.237	 -0.023	  0.011
[component_container-11] 	 39.840	ErrTwis	  0.211	 -0.812	  0.017	  0.016
[component_container-11] 	 39.840	    GPS	  0.421	  0.316	  5.064	     --
[component_container-11] 	 39.840	   Baro	     --	     --	  6.137	     --
[component_container-11] 	 39.840	  BBias	     --	     --	  1.066	     --
[component_container-11] 	 39.840	  Sonar	     --	     --	    inf	     --
[component_container-11] 	 39.840	  Magnt	     --	     --	     --	  1.468
[component_container-11] 
[component_container-11] 	 39.870	   Pose	  0.429	  0.191	  5.090	  1.499
[component_container-11] 	 39.870	  Twist	  0.475	  0.263	 -0.004	 -0.277
[component_container-11] 	 39.870	ErrPose	  0.201	  0.243	 -0.025	  0.014
[component_container-11] 	 39.870	ErrTwis	  0.223	 -0.802	  0.018	 -0.003
[component_container-11] 	 39.870	    GPS	  0.421	  0.316	  5.064	     --
[component_container-11] 	 39.870	   Baro	     --	     --	  6.173	     --
[component_container-11] 	 39.870	  BBias	     --	     --	  1.066	     --
[component_container-11] 	 39.870	  Sonar	     --	     --	    inf	     --
[component_container-11] 	 39.870	  Magnt	     --	     --	     --	  1.483
[component_container-11] 
[component_container-11] 	 39.900	   Pose	  0.443	  0.199	  5.090	  1.491
[component_container-11] 	 39.900	  Twist	  0.472	  0.260	 -0.007	 -0.281
[component_container-11] 	 39.900	ErrPose	  0.209	  0.263	 -0.025	  0.011
[component_container-11] 	 39.900	ErrTwis	  0.242	 -0.786	  0.018	  0.001
[component_container-11] 	 39.900	    GPS	  0.421	  0.316	  5.064	     --
[component_container-11] 	 39.900	   Baro	     --	     --	  6.173	     --
[component_container-11] 	 39.900	  BBias	     --	     --	  1.066	     --
[component_container-11] 	 39.900	  Sonar	     --	     --	    inf	     --
[component_container-11] 	 39.900	  Magnt	     --	     --	     --	  1.483
[component_container-11] 
[component_container-11] 	 39.940	   Pose	  0.462	  0.209	  5.094	  1.480
[component_container-11] 	 39.940	  Twist	  0.467	  0.253	 -0.006	 -0.281
[component_container-11] 	 39.940	ErrPose	  0.213	  0.281	 -0.030	  0.011
[component_container-11] 	 39.940	ErrTwis	  0.262	 -0.767	  0.013	  0.001
[component_container-11] 	 39.940	    GPS	  0.421	  0.316	  5.064	     --
[component_container-11] 	 39.940	   Baro	     --	     --	  6.208	     --
[component_container-11] 	 39.940	  BBias	     --	     --	  1.066	     --
[component_container-11] 	 39.940	  Sonar	     --	     --	    inf	     --
[component_container-11] 	 39.940	  Magnt	     --	     --	     --	  1.515
[component_container-11] 
[component_container-11] 	 39.970	   Pose	  0.476	  0.217	  5.091	  1.472
[component_container-11] 	 39.970	  Twist	  0.464	  0.248	 -0.012	 -0.286
[component_container-11] 	 39.970	ErrPose	  0.210	  0.287	 -0.028	  0.013
[component_container-11] 	 39.970	ErrTwis	  0.272	 -0.756	  0.017	  0.006
[component_container-11] 	 39.970	    GPS	  0.421	  0.316	  5.064	     --
[component_container-11] 	 39.970	   Baro	     --	     --	  6.132	     --
[component_container-11] 	 39.970	  BBias	     --	     --	  1.066	     --
[component_container-11] 	 39.970	  Sonar	     --	     --	    inf	     --
[component_container-11] 	 39.970	  Magnt	     --	     --	     --	  1.506
[component_container-11] 
[component_container-11] [INFO] [1775368664.218639441] [drone.controller]: cmd_vel body=(0.890, -0.456, -0.069) yaw=-0.300 | odom_received=true | plan_points=15
[component_container-11] 	 40.000	   Pose	  0.490	  0.224	  5.091	  1.464
[component_container-11] 	 40.000	  Twist	  0.461	  0.245	 -0.016	 -0.295
[component_container-11] 	 40.000	ErrPose	  0.218	  0.308	 -0.029	  0.010
[component_container-11] 	 40.000	ErrTwis	  0.290	 -0.739	  0.021	  0.015
[component_container-11] 	 40.000	    GPS	  0.421	  0.316	  5.064	     --
[component_container-11] 	 40.000	   Baro	     --	     --	  6.132	     --
[component_container-11] 	 40.000	  BBias	     --	     --	  1.066	     --
[component_container-11] 	 40.000	  Sonar	     --	     --	    inf	     --
[component_container-11] 	 40.000	  Magnt	     --	     --	     --	  1.506
[component_container-11] 
[component_container-11] [INFO] [1775368664.218887729] [drone.estimator]: TMP LOG err_xyz=(0.218, 0.308, -0.029) | z_est=5.091 vz_est=-0.016 bias=1.066 | gps_z=5.064 sonar=inf baro=6.132
[component_container-11] [INFO] [1775368664.222096774] [drone.estimator]: TMP LOG gps innov_xy=(0.431, 0.422) est_xy=(0.490, 0.224) gps_xy=(0.921, 0.646) corr_xy=(0.921, 0.646) vel_xy=(0.461, 0.245)
[component_container-11] [INFO] [1775368664.222274192] [drone.estimator]: TMP LOG gps vel pseudo raw=(1.001, 0.662) filt=(0.933, 0.661) innov_v=(0.416, 0.361) apply=(1,1)
[component_container-11] 	 40.040	   Pose	  0.699	  0.414	  5.091	  1.452
[component_container-11] 	 40.040	  Twist	  0.581	  0.353	 -0.019	 -0.279
[component_container-11] 	 40.040	ErrPose	  0.031	  0.147	 -0.030	  0.011
[component_container-11] 	 40.040	ErrTwis	  0.185	 -0.835	  0.021	 -0.001
[component_container-11] 	 40.040	    GPS	  0.921	  0.646	  5.062	     --
[component_container-11] 	 40.040	   Baro	     --	     --	  6.228	     --
[component_container-11] 	 40.040	  BBias	     --	     --	  1.066	     --
[component_container-11] 	 40.040	  Sonar	     --	     --	    inf	     --
[component_container-11] 	 40.040	  Magnt	     --	     --	     --	  1.455
[component_container-11] 
[component_container-11] 	 40.070	   Pose	  0.716	  0.425	  5.094	  1.444
[component_container-11] 	 40.070	  Twist	  0.577	  0.348	 -0.019	 -0.282
[component_container-11] 	 40.070	ErrPose	  0.025	  0.151	 -0.033	  0.014
[component_container-11] 	 40.070	ErrTwis	  0.195	 -0.823	  0.019	  0.002
[component_container-11] 	 40.070	    GPS	  0.921	  0.646	  5.062	     --
[component_container-11] 	 40.070	   Baro	     --	     --	  6.202	     --
[component_container-11] 	 40.070	  BBias	     --	     --	  1.066	     --
[component_container-11] 	 40.070	  Sonar	     --	     --	    inf	     --
[component_container-11] 	 40.070	  Magnt	     --	     --	     --	  1.451
[component_container-11] 
[component_container-11] 	 40.100	   Pose	  0.734	  0.435	  5.093	  1.435
[component_container-11] 	 40.100	  Twist	  0.573	  0.344	 -0.022	 -0.286
[component_container-11] 	 40.100	ErrPose	  0.029	  0.170	 -0.034	  0.011
[component_container-11] 	 40.100	ErrTwis	  0.213	 -0.806	  0.018	  0.006
[component_container-11] 	 40.100	    GPS	  0.921	  0.646	  5.062	     --
[component_container-11] 	 40.100	   Baro	     --	     --	  6.202	     --
[component_container-11] 	 40.100	  BBias	     --	     --	  1.066	     --
[component_container-11] 	 40.100	  Sonar	     --	     --	    inf	     --
[component_container-11] 	 40.100	  Magnt	     --	     --	     --	  1.451
[component_container-11] 
[component_container-11] 	 40.140	   Pose	  0.757	  0.449	  5.081	  1.424
[component_container-11] 	 40.140	  Twist	  0.568	  0.339	 -0.040	 -0.291
[component_container-11] 	 40.140	ErrPose	  0.028	  0.187	 -0.022	  0.011
[component_container-11] 	 40.140	ErrTwis	  0.231	 -0.787	  0.035	  0.011
[component_container-11] 	 40.140	    GPS	  0.921	  0.646	  5.062	     --
[component_container-11] 	 40.140	   Baro	     --	     --	  6.018	     --
[component_container-11] 	 40.140	  BBias	     --	     --	  1.066	     --
[component_container-11] 	 40.140	  Sonar	     --	     --	    inf	     --
[component_container-11] 	 40.140	  Magnt	     --	     --	     --	  1.439
[component_container-11] 
[component_container-11] 	 40.170	   Pose	  0.774	  0.459	  5.072	  1.414
[component_container-11] 	 40.170	  Twist	  0.565	  0.336	 -0.052	 -0.283
[component_container-11] 	 40.170	ErrPose	  0.022	  0.191	 -0.014	  0.015
[component_container-11] 	 40.170	ErrTwis	  0.240	 -0.777	  0.046	  0.003
[component_container-11] 	 40.170	    GPS	  0.921	  0.646	  5.062	     --
[component_container-11] 	 40.170	   Baro	     --	     --	  6.054	     --
[component_container-11] 	 40.170	  BBias	     --	     --	  1.066	     --
[component_container-11] 	 40.170	  Sonar	     --	     --	    inf	     --
[component_container-11] 	 40.170	  Magnt	     --	     --	     --	  1.372
[component_container-11] 
[component_container-11] 	 40.200	   Pose	  0.790	  0.469	  5.070	  1.406
[component_container-11] 	 40.200	  Twist	  0.562	  0.331	 -0.055	 -0.290
[component_container-11] 	 40.200	ErrPose	  0.026	  0.212	 -0.014	  0.012
[component_container-11] 	 40.200	ErrTwis	  0.257	 -0.759	  0.043	  0.010
[component_container-11] 	 40.200	    GPS	  0.921	  0.646	  5.062	     --
[component_container-11] 	 40.200	   Baro	     --	     --	  6.054	     --
[component_container-11] 	 40.200	  BBias	     --	     --	  1.066	     --
[component_container-11] 	 40.200	  Sonar	     --	     --	    inf	     --
[component_container-11] 	 40.200	  Magnt	     --	     --	     --	  1.372
[component_container-11] 
[component_container-11] 	 40.240	   Pose	  0.813	  0.482	  5.071	  1.395
[component_container-11] 	 40.240	  Twist	  0.558	  0.325	 -0.054	 -0.278
[component_container-11] 	 40.240	ErrPose	  0.025	  0.229	 -0.016	  0.012
[component_container-11] 	 40.240	ErrTwis	  0.273	 -0.738	  0.037	 -0.002
[component_container-11] 	 40.240	    GPS	  0.921	  0.646	  5.062	     --
[component_container-11] 	 40.240	   Baro	     --	     --	  6.174	     --
[component_container-11] 	 40.240	  BBias	     --	     --	  1.066	     --
[component_container-11] 	 40.240	  Sonar	     --	     --	    inf	     --
[component_container-11] 	 40.240	  Magnt	     --	     --	     --	  1.415
[component_container-11] 
[component_container-11] 	 40.270	   Pose	  0.830	  0.492	  5.073	  1.387
[component_container-11] 	 40.270	  Twist	  0.554	  0.321	 -0.052	 -0.286
[component_container-11] 	 40.270	ErrPose	  0.019	  0.235	 -0.019	  0.014
[component_container-11] 	 40.270	ErrTwis	  0.282	 -0.725	  0.035	  0.006
[component_container-11] 	 40.270	    GPS	  0.921	  0.646	  5.062	     --
[component_container-11] 	 40.270	   Baro	     --	     --	  6.174	     --
[component_container-11] 	 40.270	  BBias	     --	     --	  1.066	     --
[component_container-11] 	 40.270	  Sonar	     --	     --	    inf	     --
[component_container-11] 	 40.270	  Magnt	     --	     --	     --	  1.422
[component_container-11] 
[component_container-11] 	 40.300	   Pose	  0.846	  0.501	  5.071	  1.379
[component_container-11] 	 40.300	  Twist	  0.551	  0.317	 -0.055	 -0.289
[component_container-11] 	 40.300	ErrPose	  0.023	  0.256	 -0.019	  0.011
[component_container-11] 	 40.300	ErrTwis	  0.296	 -0.704	  0.036	  0.009
[component_container-11] 	 40.300	    GPS	  0.921	  0.646	  5.062	     --
[component_container-11] 	 40.300	   Baro	     --	     --	  6.174	     --
[component_container-11] 	 40.300	  BBias	     --	     --	  1.066	     --
[component_container-11] 	 40.300	  Sonar	     --	     --	    inf	     --
[component_container-11] 	 40.300	  Magnt	     --	     --	     --	  1.422
[component_container-11] 
[component_container-11] 	 40.340	   Pose	  0.868	  0.514	  5.064	  1.368
[component_container-11] 	 40.340	  Twist	  0.547	  0.312	 -0.062	 -0.290
[component_container-11] 	 40.340	ErrPose	  0.021	  0.275	 -0.013	  0.011
[component_container-11] 	 40.340	ErrTwis	  0.311	 -0.679	  0.038	  0.010
[component_container-11] 	 40.340	    GPS	  0.921	  0.646	  5.062	     --
[component_container-11] 	 40.340	   Baro	     --	     --	  6.082	     --
[component_container-11] 	 40.340	  BBias	     --	     --	  1.066	     --
[component_container-11] 	 40.340	  Sonar	     --	     --	    inf	     --
[component_container-11] 	 40.340	  Magnt	     --	     --	     --	  1.377
[component_container-11] 
[component_container-11] 	 40.370	   Pose	  0.884	  0.523	  5.061	  1.359
[component_container-11] 	 40.370	  Twist	  0.545	  0.308	 -0.066	 -0.286
[component_container-11] 	 40.370	ErrPose	  0.015	  0.282	 -0.011	  0.015
[component_container-11] 	 40.370	ErrTwis	  0.319	 -0.664	  0.039	  0.006
[component_container-11] 	 40.370	    GPS	  0.921	  0.646	  5.062	     --
[component_container-11] 	 40.370	   Baro	     --	     --	  6.115	     --
[component_container-11] 	 40.370	  BBias	     --	     --	  1.066	     --
[component_container-11] 	 40.370	  Sonar	     --	     --	    inf	     --
[component_container-11] 	 40.370	  Magnt	     --	     --	     --	  1.344
[component_container-11] 
[component_container-11] 	 40.400	   Pose	  0.901	  0.532	  5.059	  1.350
[component_container-11] 	 40.400	  Twist	  0.541	  0.303	 -0.067	 -0.269
[component_container-11] 	 40.400	ErrPose	  0.018	  0.304	 -0.010	  0.012
[component_container-11] 	 40.400	ErrTwis	  0.331	 -0.635	  0.038	 -0.011
[component_container-11] 	 40.400	    GPS	  0.921	  0.646	  5.062	     --
[component_container-11] 	 40.400	   Baro	     --	     --	  6.115	     --
[component_container-11] 	 40.400	  BBias	     --	     --	  1.066	     --
[component_container-11] 	 40.400	  Sonar	     --	     --	    inf	     --
[component_container-11] 	 40.400	  Magnt	     --	     --	     --	  1.344
[component_container-11] 
[component_container-11] 	 40.440	   Pose	  0.922	  0.544	  5.056	  1.339
[component_container-11] 	 40.440	  Twist	  0.538	  0.298	 -0.071	 -0.295
[component_container-11] 	 40.440	ErrPose	  0.015	  0.325	 -0.009	  0.012
[component_container-11] 	 40.440	ErrTwis	  0.344	 -0.604	  0.041	  0.016
[component_container-11] 	 40.440	    GPS	  0.921	  0.646	  5.062	     --
[component_container-11] 	 40.440	   Baro	     --	     --	  6.126	     --
[component_container-11] 	 40.440	  BBias	     --	     --	  1.066	     --
[component_container-11] 	 40.440	  Sonar	     --	     --	    inf	     --
[component_container-11] 	 40.440	  Magnt	     --	     --	     --	  1.360
[component_container-11] 
[component_container-11] 	 40.470	   Pose	  0.938	  0.553	  5.047	  1.330
[component_container-11] 	 40.470	  Twist	  0.535	  0.294	 -0.078	 -0.280
[component_container-11] 	 40.470	ErrPose	  0.008	  0.332	 -0.001	  0.015
[component_container-11] 	 40.470	ErrTwis	  0.352	 -0.586	  0.048	  0.001
[component_container-11] 	 40.470	    GPS	  0.921	  0.646	  5.062	     --
[component_container-11] 	 40.470	   Baro	     --	     --	  6.048	     --
[component_container-11] 	 40.470	  BBias	     --	     --	  1.066	     --
[component_container-11] 	 40.470	  Sonar	     --	     --	    inf	     --
[component_container-11] 	 40.470	  Magnt	     --	     --	     --	  1.325
[component_container-11] 
[component_container-11] 	 40.500	   Pose	  0.954	  0.562	  5.045	  1.322
[component_container-11] 	 40.500	  Twist	  0.532	  0.290	 -0.080	 -0.269
[component_container-11] 	 40.500	ErrPose	  0.010	  0.356	 -0.001	  0.012
[component_container-11] 	 40.500	ErrTwis	  0.363	 -0.553	  0.047	 -0.011
[component_container-11] 	 40.500	    GPS	  0.921	  0.646	  5.062	     --
[component_container-11] 	 40.500	   Baro	     --	     --	  6.048	     --
[component_container-11] 	 40.500	  BBias	     --	     --	  1.066	     --
[component_container-11] 	 40.500	  Sonar	     --	     --	    inf	     --
[component_container-11] 	 40.500	  Magnt	     --	     --	     --	  1.325
[component_container-11] 
[component_container-11] 	 40.540	   Pose	  1.057	  0.812	  5.042	  1.310
[component_container-11] 	 40.540	  Twist	  0.566	  0.439	 -0.082	 -0.298
[component_container-11] 	 40.540	ErrPose	 -0.076	  0.139	  0.001	  0.013
[component_container-11] 	 40.540	ErrTwis	  0.334	 -0.673	  0.049	  0.019
[component_container-11] 	 40.540	    GPS	  1.204	  1.100	  5.044	     --
[component_container-11] 	 40.540	   Baro	     --	     --	  6.113	     --
[component_container-11] 	 40.540	  BBias	     --	     --	  1.066	     --
[component_container-11] 	 40.540	  Sonar	     --	     --	    inf	     --
[component_container-11] 	 40.540	  Magnt	     --	     --	     --	  1.324
[component_container-11] 
[component_container-11] 	 40.570	   Pose	  1.074	  0.825	  5.034	  1.302
[component_container-11] 	 40.570	  Twist	  0.564	  0.434	 -0.088	 -0.283
[component_container-11] 	 40.570	ErrPose	 -0.084	  0.142	  0.008	  0.016
[component_container-11] 	 40.570	ErrTwis	  0.340	 -0.654	  0.057	  0.004
[component_container-11] 	 40.570	    GPS	  1.204	  1.100	  5.044	     --
[component_container-11] 	 40.570	   Baro	     --	     --	  6.041	     --
[component_container-11] 	 40.570	  BBias	     --	     --	  1.066	     --
[component_container-11] 	 40.570	  Sonar	     --	     --	    inf	     --
[component_container-11] 	 40.570	  Magnt	     --	     --	     --	  1.281
[component_container-11] 
[component_container-11] 	 40.600	   Pose	  1.091	  0.838	  5.031	  1.293
[component_container-11] 	 40.600	  Twist	  0.561	  0.431	 -0.089	 -0.270
[component_container-11] 	 40.600	ErrPose	 -0.085	  0.163	  0.009	  0.013
[component_container-11] 	 40.600	ErrTwis	  0.350	 -0.621	  0.060	 -0.009
[component_container-11] 	 40.600	    GPS	  1.204	  1.100	  5.044	     --
[component_container-11] 	 40.600	   Baro	     --	     --	  6.041	     --
[component_container-11] 	 40.600	  BBias	     --	     --	  1.066	     --
[component_container-11] 	 40.600	  Sonar	     --	     --	    inf	     --
[component_container-11] 	 40.600	  Magnt	     --	     --	     --	  1.281
[component_container-11] 
[component_container-11] [INFO] [1775368664.827899664] [drone.estimator]: TMP LOG sonar rejected: meas=2.560 est_z=5.030 innov=-2.470
[component_container-11] 	 40.640	   Pose	  1.113	  0.855	  5.027	  1.283
[component_container-11] 	 40.640	  Twist	  0.557	  0.425	 -0.090	 -0.276
[component_container-11] 	 40.640	ErrPose	 -0.092	  0.180	  0.011	  0.012
[component_container-11] 	 40.640	ErrTwis	  0.359	 -0.586	  0.059	 -0.004
[component_container-11] 	 40.640	    GPS	  1.204	  1.100	  5.044	     --
[component_container-11] 	 40.640	   Baro	     --	     --	  6.088	     --
[component_container-11] 	 40.640	  BBias	     --	     --	  1.066	     --
[component_container-11] 	 40.640	  Sonar	     --	     --	  2.560	     --
[component_container-11] 	 40.640	  Magnt	     --	     --	     --	  1.341
[component_container-11] 
[component_container-11] 	 40.670	   Pose	  1.130	  0.868	  5.026	  1.276
[component_container-11] 	 40.670	  Twist	  0.554	  0.420	 -0.088	 -0.286
[component_container-11] 	 40.670	ErrPose	 -0.102	  0.184	  0.011	  0.014
[component_container-11] 	 40.670	ErrTwis	  0.364	 -0.566	  0.056	  0.007
[component_container-11] 	 40.670	    GPS	  1.204	  1.100	  5.044	     --
[component_container-11] 	 40.670	   Baro	     --	     --	  6.114	     --
[component_container-11] 	 40.670	  BBias	     --	     --	  1.066	     --
[component_container-11] 	 40.670	  Sonar	     --	     --	  2.551	     --
[component_container-11] 	 40.670	  Magnt	     --	     --	     --	  1.303
[component_container-11] 
[component_container-11] 	 40.700	   Pose	  1.146	  0.881	  5.024	  1.267
[component_container-11] 	 40.700	  Twist	  0.552	  0.416	 -0.087	 -0.296
[component_container-11] 	 40.700	ErrPose	 -0.104	  0.206	  0.013	  0.011
[component_container-11] 	 40.700	ErrTwis	  0.370	 -0.531	  0.058	  0.017
[component_container-11] 	 40.700	    GPS	  1.204	  1.100	  5.044	     --
[component_container-11] 	 40.700	   Baro	     --	     --	  6.114	     --
[component_container-11] 	 40.700	  BBias	     --	     --	  1.066	     --
[component_container-11] 	 40.700	  Sonar	     --	     --	  2.551	     --
[component_container-11] 	 40.700	  Magnt	     --	     --	     --	  1.303
[component_container-11] 
[component_container-11] 	 40.740	   Pose	  1.168	  0.897	  5.013	  1.256
[component_container-11] 	 40.740	  Twist	  0.548	  0.411	 -0.095	 -0.294
[component_container-11] 	 40.740	ErrPose	 -0.113	  0.224	  0.022	  0.012
[component_container-11] 	 40.740	ErrTwis	  0.376	 -0.496	  0.068	  0.015
[component_container-11] 	 40.740	    GPS	  1.204	  1.100	  5.044	     --
[component_container-11] 	 40.740	   Baro	     --	     --	  6.007	     --
[component_container-11] 	 40.740	  BBias	     --	     --	  1.066	     --
[component_container-11] 	 40.740	  Sonar	     --	     --	  2.573	     --
[component_container-11] 	 40.740	  Magnt	     --	     --	     --	  1.256
[component_container-11] 
[component_container-11] 	 40.770	   Pose	  1.185	  0.909	  5.009	  1.248
[component_container-11] 	 40.770	  Twist	  0.545	  0.407	 -0.096	 -0.272
[component_container-11] 	 40.770	ErrPose	 -0.123	  0.229	  0.025	  0.014
[component_container-11] 	 40.770	ErrTwis	  0.380	 -0.477	  0.068	 -0.007
[component_container-11] 	 40.770	    GPS	  1.204	  1.100	  5.044	     --
[component_container-11] 	 40.770	   Baro	     --	     --	  6.065	     --
[component_container-11] 	 40.770	  BBias	     --	     --	  1.066	     --
[component_container-11] 	 40.770	  Sonar	     --	     --	  2.965	     --
[component_container-11] 	 40.770	  Magnt	     --	     --	     --	  1.264
[component_container-11] 
[component_container-11] 	 40.800	   Pose	  1.201	  0.922	  5.006	  1.240
[component_container-11] 	 40.800	  Twist	  0.543	  0.403	 -0.096	 -0.273
[component_container-11] 	 40.800	ErrPose	 -0.127	  0.252	  0.026	  0.011
[component_container-11] 	 40.800	ErrTwis	  0.383	 -0.443	  0.067	 -0.006
[component_container-11] 	 40.800	    GPS	  1.204	  1.100	  5.044	     --
[component_container-11] 	 40.800	   Baro	     --	     --	  6.065	     --
[component_container-11] 	 40.800	  BBias	     --	     --	  1.066	     --
[component_container-11] 	 40.800	  Sonar	     --	     --	  2.965	     --
[component_container-11] 	 40.800	  Magnt	     --	     --	     --	  1.264
[component_container-11] 
[component_container-11] 	 40.840	   Pose	  1.223	  0.938	  5.003	  1.229
[component_container-11] 	 40.840	  Twist	  0.539	  0.396	 -0.093	 -0.276
[component_container-11] 	 40.840	ErrPose	 -0.137	  0.271	  0.028	  0.011
[component_container-11] 	 40.840	ErrTwis	  0.385	 -0.407	  0.067	 -0.004
[component_container-11] 	 40.840	    GPS	  1.204	  1.100	  5.044	     --
[component_container-11] 	 40.840	   Baro	     --	     --	  6.085	     --
[component_container-11] 	 40.840	  BBias	     --	     --	  1.066	     --
[component_container-11] 	 40.840	  Sonar	     --	     --	  3.691	     --
[component_container-11] 	 40.840	  Magnt	     --	     --	     --	  1.238
[component_container-11] 
[component_container-11] 	 40.870	   Pose	  1.239	  0.949	  5.009	  1.221
[component_container-11] 	 40.870	  Twist	  0.537	  0.392	 -0.084	 -0.285
[component_container-11] 	 40.870	ErrPose	 -0.148	  0.277	  0.021	  0.014
[component_container-11] 	 40.870	ErrTwis	  0.387	 -0.388	  0.060	  0.005
[component_container-11] 	 40.870	    GPS	  1.204	  1.100	  5.044	     --
[component_container-11] 	 40.870	   Baro	     --	     --	  6.166	     --
[component_container-11] 	 40.870	  BBias	     --	     --	  1.066	     --
[component_container-11] 	 40.870	  Sonar	     --	     --	    inf	     --
[component_container-11] 	 40.870	  Magnt	     --	     --	     --	  1.241
[component_container-11] 
[component_container-11] 	 40.900	   Pose	  1.255	  0.961	  5.007	  1.212
[component_container-11] 	 40.900	  Twist	  0.535	  0.388	 -0.083	 -0.278
[component_container-11] 	 40.900	ErrPose	 -0.154	  0.300	  0.023	  0.011
[component_container-11] 	 40.900	ErrTwis	  0.387	 -0.355	  0.061	 -0.001
[component_container-11] 	 40.900	    GPS	  1.204	  1.100	  5.044	     --
[component_container-11] 	 40.900	   Baro	     --	     --	  6.166	     --
[component_container-11] 	 40.900	  BBias	     --	     --	  1.066	     --
[component_container-11] 	 40.900	  Sonar	     --	     --	    inf	     --
[component_container-11] 	 40.900	  Magnt	     --	     --	     --	  1.241
[component_container-11] 
[component_container-11] 	 40.940	   Pose	  1.276	  0.977	  5.001	  1.201
[component_container-11] 	 40.940	  Twist	  0.532	  0.381	 -0.084	 -0.295
[component_container-11] 	 40.940	ErrPose	 -0.165	  0.320	  0.028	  0.012
[component_container-11] 	 40.940	ErrTwis	  0.387	 -0.319	  0.062	  0.016
[component_container-11] 	 40.940	    GPS	  1.204	  1.100	  5.044	     --
[component_container-11] 	 40.940	   Baro	     --	     --	  6.042	     --
[component_container-11] 	 40.940	  BBias	     --	     --	  1.066	     --
[component_container-11] 	 40.940	  Sonar	     --	     --	    inf	     --
[component_container-11] 	 40.940	  Magnt	     --	     --	     --	  1.216
[component_container-11] 
[component_container-11] 	 40.970	   Pose	  1.292	  0.988	  5.005	  1.193
[component_container-11] 	 40.970	  Twist	  0.530	  0.376	 -0.075	 -0.284
[component_container-11] 	 40.970	ErrPose	 -0.177	  0.327	  0.022	  0.013
[component_container-11] 	 40.970	ErrTwis	  0.386	 -0.300	  0.053	  0.004
[component_container-11] 	 40.970	    GPS	  1.204	  1.100	  5.044	     --
[component_container-11] 	 40.970	   Baro	     --	     --	  6.146	     --
[component_container-11] 	 40.970	  BBias	     --	     --	  1.066	     --
[component_container-11] 	 40.970	  Sonar	     --	     --	    inf	     --
[component_container-11] 	 40.970	  Magnt	     --	     --	     --	  1.227
[component_container-11] 
[component_container-11] 	 41.000	   Pose	  1.308	  0.999	  5.003	  1.185
[component_container-11] 	 41.000	  Twist	  0.528	  0.371	 -0.074	 -0.288
[component_container-11] 	 41.000	ErrPose	 -0.184	  0.351	  0.024	  0.011
[component_container-11] 	 41.000	ErrTwis	  0.382	 -0.268	  0.056	  0.008
[component_container-11] 	 41.000	    GPS	  1.204	  1.100	  5.044	     --
[component_container-11] 	 41.000	   Baro	     --	     --	  6.146	     --
[component_container-11] 	 41.000	  BBias	     --	     --	  1.066	     --
[component_container-11] 	 41.000	  Sonar	     --	     --	    inf	     --
[component_container-11] 	 41.000	  Magnt	     --	     --	     --	  1.227
[component_container-11] 
[component_container-11] [INFO] [1775368665.222350618] [drone.estimator]: TMP LOG err_xyz=(-0.184, 0.351, 0.024) | z_est=5.003 vz_est=-0.074 bias=1.066 | gps_z=5.044 sonar=inf baro=6.146
[component_container-11] [INFO] [1775368665.222551276] [drone.controller]: cmd_vel body=(0.487, 0.376, -0.003) yaw=-0.300 | odom_received=true | plan_points=7
[component_container-11] [INFO] [1775368665.227672283] [drone.estimator]: TMP LOG gps innov_xy=(0.087, 0.394) est_xy=(1.313, 1.003) gps_xy=(1.400, 1.397) corr_xy=(1.400, 1.397) vel_xy=(0.528, 0.370)
[component_container-11] [INFO] [1775368665.227786255] [drone.estimator]: TMP LOG gps vel pseudo raw=(0.393, 0.595) filt=(0.414, 0.623) innov_v=(-0.125, 0.201) apply=(1,1)
[component_container-11] 	 41.040	   Pose	  1.338	  1.163	  4.998	  1.173
[component_container-11] 	 41.040	  Twist	  0.517	  0.451	 -0.075	 -0.289
[component_container-11] 	 41.040	ErrPose	 -0.206	  0.223	  0.028	  0.012
[component_container-11] 	 41.040	ErrTwis	  0.388	 -0.321	  0.060	  0.010
[component_container-11] 	 41.040	    GPS	  1.400	  1.397	  5.027	     --
[component_container-11] 	 41.040	   Baro	     --	     --	  5.988	     --
[component_container-11] 	 41.040	  BBias	     --	     --	  1.066	     --
[component_container-11] 	 41.040	  Sonar	     --	     --	    inf	     --
[component_container-11] 	 41.040	  Magnt	     --	     --	     --	  1.169
[component_container-11] 
[component_container-11] 	 41.070	   Pose	  1.353	  1.177	  5.006	  1.165
[component_container-11] 	 41.070	  Twist	  0.514	  0.447	 -0.064	 -0.274
[component_container-11] 	 41.070	ErrPose	 -0.218	  0.227	  0.020	  0.014
[component_container-11] 	 41.070	ErrTwis	  0.386	 -0.304	  0.048	 -0.005
[component_container-11] 	 41.070	    GPS	  1.400	  1.397	  5.027	     --
[component_container-11] 	 41.070	   Baro	     --	     --	  6.195	     --
[component_container-11] 	 41.070	  BBias	     --	     --	  1.066	     --
[component_container-11] 	 41.070	  Sonar	     --	     --	    inf	     --
[component_container-11] 	 41.070	  Magnt	     --	     --	     --	  1.191
[component_container-11] 
[component_container-11] 	 41.100	   Pose	  1.369	  1.190	  5.004	  1.157
[component_container-11] 	 41.100	  Twist	  0.512	  0.443	 -0.063	 -0.268
[component_container-11] 	 41.100	ErrPose	 -0.226	  0.249	  0.021	  0.011
[component_container-11] 	 41.100	ErrTwis	  0.381	 -0.275	  0.047	 -0.011
[component_container-11] 	 41.100	    GPS	  1.400	  1.397	  5.027	     --
[component_container-11] 	 41.100	   Baro	     --	     --	  6.195	     --
[component_container-11] 	 41.100	  BBias	     --	     --	  1.066	     --
[component_container-11] 	 41.100	  Sonar	     --	     --	    inf	     --
[component_container-11] 	 41.100	  Magnt	     --	     --	     --	  1.191
[component_container-11] 
[component_container-11] 	 41.140	   Pose	  1.389	  1.208	  5.003	  1.146
[component_container-11] 	 41.140	  Twist	  0.509	  0.438	 -0.060	 -0.284
[component_container-11] 	 41.140	ErrPose	 -0.240	  0.267	  0.022	  0.011
[component_container-11] 	 41.140	ErrTwis	  0.373	 -0.245	  0.047	  0.005
[component_container-11] 	 41.140	    GPS	  1.400	  1.397	  5.027	     --
[component_container-11] 	 41.140	   Baro	     --	     --	  6.085	     --
[component_container-11] 	 41.140	  BBias	     --	     --	  1.066	     --
[component_container-11] 	 41.140	  Sonar	     --	     --	    inf	     --
[component_container-11] 	 41.140	  Magnt	     --	     --	     --	  1.178
[component_container-11] 
[component_container-11] 	 41.170	   Pose	  1.404	  1.221	  5.004	  1.137
[component_container-11] 	 41.170	  Twist	  0.507	  0.434	 -0.056	 -0.276
[component_container-11] 	 41.170	ErrPose	 -0.253	  0.272	  0.020	  0.014
[component_container-11] 	 41.170	ErrTwis	  0.370	 -0.229	  0.044	 -0.003
[component_container-11] 	 41.170	    GPS	  1.400	  1.397	  5.027	     --
[component_container-11] 	 41.170	   Baro	     --	     --	  6.110	     --
[component_container-11] 	 41.170	  BBias	     --	     --	  1.066	     --
[component_container-11] 	 41.170	  Sonar	     --	     --	    inf	     --
[component_container-11] 	 41.170	  Magnt	     --	     --	     --	  1.134
[component_container-11] 
[component_container-11] 	 41.200	   Pose	  1.419	  1.234	  5.003	  1.129
[component_container-11] 	 41.200	  Twist	  0.505	  0.430	 -0.055	 -0.295
[component_container-11] 	 41.200	ErrPose	 -0.263	  0.294	  0.022	  0.012
[component_container-11] 	 41.200	ErrTwis	  0.362	 -0.201	  0.043	  0.017
[component_container-11] 	 41.200	    GPS	  1.400	  1.397	  5.027	     --
[component_container-11] 	 41.200	   Baro	     --	     --	  6.110	     --
[component_container-11] 	 41.200	  BBias	     --	     --	  1.066	     --
[component_container-11] 	 41.200	  Sonar	     --	     --	    inf	     --
[component_container-11] 	 41.200	  Magnt	     --	     --	     --	  1.134
[component_container-11] 
[component_container-11] 	 41.240	   Pose	  1.440	  1.251	  4.995	  1.118
[component_container-11] 	 41.240	  Twist	  0.502	  0.424	 -0.061	 -0.297
[component_container-11] 	 41.240	ErrPose	 -0.278	  0.312	  0.030	  0.012
[component_container-11] 	 41.240	ErrTwis	  0.352	 -0.173	  0.048	  0.019
[component_container-11] 	 41.240	    GPS	  1.400	  1.397	  5.027	     --
[component_container-11] 	 41.240	   Baro	     --	     --	  5.998	     --
[component_container-11] 	 41.240	  BBias	     --	     --	  1.066	     --
[component_container-11] 	 41.240	  Sonar	     --	     --	    inf	     --
[component_container-11] 	 41.240	  Magnt	     --	     --	     --	  1.132
[component_container-11] 
[component_container-11] 	 41.270	   Pose	  1.455	  1.263	  4.991	  1.110
[component_container-11] 	 41.270	  Twist	  0.500	  0.420	 -0.062	 -0.263
[component_container-11] 	 41.270	ErrPose	 -0.291	  0.317	  0.034	  0.014
[component_container-11] 	 41.270	ErrTwis	  0.346	 -0.158	  0.050	 -0.016
[component_container-11] 	 41.270	    GPS	  1.400	  1.397	  5.027	     --
[component_container-11] 	 41.270	   Baro	     --	     --	  6.034	     --
[component_container-11] 	 41.270	  BBias	     --	     --	  1.066	     --
[component_container-11] 	 41.270	  Sonar	     --	     --	    inf	     --
[component_container-11] 	 41.270	  Magnt	     --	     --	     --	  1.111
[component_container-11] 
[component_container-11] 	 41.300	   Pose	  1.470	  1.276	  4.989	  1.101
[component_container-11] 	 41.300	  Twist	  0.499	  0.415	 -0.061	 -0.284
[component_container-11] 	 41.300	ErrPose	 -0.302	  0.339	  0.035	  0.012
[component_container-11] 	 41.300	ErrTwis	  0.333	 -0.132	  0.053	  0.005
[component_container-11] 	 41.300	    GPS	  1.400	  1.397	  5.027	     --
[component_container-11] 	 41.300	   Baro	     --	     --	  6.034	     --
[component_container-11] 	 41.300	  BBias	     --	     --	  1.066	     --
[component_container-11] 	 41.300	  Sonar	     --	     --	    inf	     --
[component_container-11] 	 41.300	  Magnt	     --	     --	     --	  1.111
[component_container-11] 
[component_container-11] 	 41.340	   Pose	  1.490	  1.292	  4.986	  1.091
[component_container-11] 	 41.340	  Twist	  0.497	  0.409	 -0.060	 -0.279
[component_container-11] 	 41.340	ErrPose	 -0.319	  0.357	  0.038	  0.011
[component_container-11] 	 41.340	ErrTwis	  0.319	 -0.105	  0.054	  0.000
[component_container-11] 	 41.340	    GPS	  1.400	  1.397	  5.027	     --
[component_container-11] 	 41.340	   Baro	     --	     --	  6.050	     --
[component_container-11] 	 41.340	  BBias	     --	     --	  1.066	     --
[component_container-11] 	 41.340	  Sonar	     --	     --	    inf	     --
[component_container-11] 	 41.340	  Magnt	     --	     --	     --	  1.139
[component_container-11] 
[component_container-11] 	 41.370	   Pose	  1.504	  1.305	  4.989	  1.082
[component_container-11] 	 41.370	  Twist	  0.496	  0.405	 -0.054	 -0.276
[component_container-11] 	 41.370	ErrPose	 -0.333	  0.362	  0.036	  0.014
[component_container-11] 	 41.370	ErrTwis	  0.313	 -0.090	  0.048	 -0.003
[component_container-11] 	 41.370	    GPS	  1.400	  1.397	  5.027	     --
[component_container-11] 	 41.370	   Baro	     --	     --	  6.101	     --
[component_container-11] 	 41.370	  BBias	     --	     --	  1.066	     --
[component_container-11] 	 41.370	  Sonar	     --	     --	    inf	     --
[component_container-11] 	 41.370	  Magnt	     --	     --	     --	  1.086
[component_container-11] 
[component_container-11] 	 41.400	   Pose	  1.519	  1.317	  4.987	  1.074
[component_container-11] 	 41.400	  Twist	  0.494	  0.400	 -0.052	 -0.274
[component_container-11] 	 41.400	ErrPose	 -0.346	  0.384	  0.038	  0.011
[component_container-11] 	 41.400	ErrTwis	  0.297	 -0.063	  0.049	 -0.004
[component_container-11] 	 41.400	    GPS	  1.400	  1.397	  5.027	     --
[component_container-11] 	 41.400	   Baro	     --	     --	  6.101	     --
[component_container-11] 	 41.400	  BBias	     --	     --	  1.066	     --
[component_container-11] 	 41.400	  Sonar	     --	     --	    inf	     --
[component_container-11] 	 41.400	  Magnt	     --	     --	     --	  1.086
[component_container-11] 
[component_container-11] 	 41.440	   Pose	  1.539	  1.333	  4.993	  1.064
[component_container-11] 	 41.440	  Twist	  0.492	  0.395	 -0.043	 -0.279
[component_container-11] 	 41.440	ErrPose	 -0.365	  0.402	  0.032	  0.010
[component_container-11] 	 41.440	ErrTwis	  0.280	 -0.034	  0.044	  0.000
[component_container-11] 	 41.440	    GPS	  1.400	  1.397	  5.027	     --
[component_container-11] 	 41.440	   Baro	     --	     --	  6.140	     --
[component_container-11] 	 41.440	  BBias	     --	     --	  1.066	     --
[component_container-11] 	 41.440	  Sonar	     --	     --	    inf	     --
[component_container-11] 	 41.440	  Magnt	     --	     --	     --	  1.104
[component_container-11] 
[component_container-11] 	 41.470	   Pose	  1.554	  1.344	  5.001	  1.056
[component_container-11] 	 41.470	  Twist	  0.490	  0.391	 -0.033	 -0.278
[component_container-11] 	 41.470	ErrPose	 -0.379	  0.407	  0.024	  0.013
[component_container-11] 	 41.470	ErrTwis	  0.272	 -0.019	  0.036	 -0.000
[component_container-11] 	 41.470	    GPS	  1.400	  1.397	  5.027	     --
[component_container-11] 	 41.470	   Baro	     --	     --	  6.163	     --
[component_container-11] 	 41.470	  BBias	     --	     --	  1.066	     --
[component_container-11] 	 41.470	  Sonar	     --	     --	    inf	     --
[component_container-11] 	 41.470	  Magnt	     --	     --	     --	  1.076
[component_container-11] 
[component_container-11] 	 41.500	   Pose	  1.568	  1.356	  5.000	  1.048
[component_container-11] 	 41.500	  Twist	  0.489	  0.387	 -0.032	 -0.267
[component_container-11] 	 41.500	ErrPose	 -0.394	  0.429	  0.026	  0.010
[component_container-11] 	 41.500	ErrTwis	  0.254	  0.009	  0.037	 -0.011
[component_container-11] 	 41.500	    GPS	  1.400	  1.397	  5.027	     --
[component_container-11] 	 41.500	   Baro	     --	     --	  6.163	     --
[component_container-11] 	 41.500	  BBias	     --	     --	  1.066	     --
[component_container-11] 	 41.500	  Sonar	     --	     --	    inf	     --
[component_container-11] 	 41.500	  Magnt	     --	     --	     --	  1.076
[component_container-11] 
[component_container-11] 	 41.540	   Pose	  1.464	  1.544	  4.994	  1.037
[component_container-11] 	 41.540	  Twist	  0.387	  0.487	 -0.036	 -0.282
[component_container-11] 	 41.540	ErrPose	 -0.291	  0.274	  0.032	  0.010
[component_container-11] 	 41.540	ErrTwis	  0.333	 -0.067	  0.041	  0.004
[component_container-11] 	 41.540	    GPS	  1.381	  1.779	  5.026	     --
[component_container-11] 	 41.540	   Baro	     --	     --	  5.956	     --
[component_container-11] 	 41.540	  BBias	     --	     --	  1.066	     --
[component_container-11] 	 41.540	  Sonar	     --	     --	    inf	     --
[component_container-11] 	 41.540	  Magnt	     --	     --	     --	  1.051
[component_container-11] 
[component_container-11] 	 41.570	   Pose	  1.476	  1.558	  4.986	  1.029
[component_container-11] 	 41.570	  Twist	  0.386	  0.483	 -0.044	 -0.266
[component_container-11] 	 41.570	ErrPose	 -0.304	  0.276	  0.040	  0.012
[component_container-11] 	 41.570	ErrTwis	  0.323	 -0.052	  0.050	 -0.013
[component_container-11] 	 41.570	    GPS	  1.381	  1.779	  5.026	     --
[component_container-11] 	 41.570	   Baro	     --	     --	  5.970	     --
[component_container-11] 	 41.570	  BBias	     --	     --	  1.066	     --
[component_container-11] 	 41.570	  Sonar	     --	     --	    inf	     --
[component_container-11] 	 41.570	  Magnt	     --	     --	     --	  1.057
[component_container-11] 
[component_container-11] 	 41.600	   Pose	  1.487	  1.573	  4.985	  1.021
[component_container-11] 	 41.600	  Twist	  0.385	  0.480	 -0.045	 -0.283
[component_container-11] 	 41.600	ErrPose	 -0.318	  0.294	  0.042	  0.009
[component_container-11] 	 41.600	ErrTwis	  0.301	 -0.027	  0.053	  0.004
[component_container-11] 	 41.600	    GPS	  1.381	  1.779	  5.026	     --
[component_container-11] 	 41.600	   Baro	     --	     --	  5.970	     --
[component_container-11] 	 41.600	  BBias	     --	     --	  1.066	     --
[component_container-11] 	 41.600	  Sonar	     --	     --	    inf	     --
[component_container-11] 	 41.600	  Magnt	     --	     --	     --	  1.057
[component_container-11] 
[component_container-11] 	 41.640	   Pose	  1.502	  1.592	  4.974	  1.010
[component_container-11] 	 41.640	  Twist	  0.383	  0.475	 -0.053	 -0.274
[component_container-11] 	 41.640	ErrPose	 -0.336	  0.307	  0.053	  0.009
[component_container-11] 	 41.640	ErrTwis	  0.279	 -0.000	  0.061	 -0.006
[component_container-11] 	 41.640	    GPS	  1.381	  1.779	  5.026	     --
[component_container-11] 	 41.640	   Baro	     --	     --	  5.945	     --
[component_container-11] 	 41.640	  BBias	     --	     --	  1.066	     --
[component_container-11] 	 41.640	  Sonar	     --	     --	    inf	     --
[component_container-11] 	 41.640	  Magnt	     --	     --	     --	  1.047
[component_container-11] 
[component_container-11] 	 41.670	   Pose	  1.514	  1.606	  4.973	  1.002
[component_container-11] 	 41.670	  Twist	  0.381	  0.471	 -0.052	 -0.289
[component_container-11] 	 41.670	ErrPose	 -0.350	  0.309	  0.055	  0.012
[component_container-11] 	 41.670	ErrTwis	  0.269	  0.014	  0.059	  0.009
[component_container-11] 	 41.670	    GPS	  1.381	  1.779	  5.026	     --
[component_container-11] 	 41.670	   Baro	     --	     --	  6.046	     --
[component_container-11] 	 41.670	  BBias	     --	     --	  1.066	     --
[component_container-11] 	 41.670	  Sonar	     --	     --	    inf	     --
[component_container-11] 	 41.670	  Magnt	     --	     --	     --	  1.017
[component_container-11] 
[component_container-11] 	 41.700	   Pose	  1.525	  1.620	  4.972	  0.993
[component_container-11] 	 41.700	  Twist	  0.380	  0.467	 -0.050	 -0.299
[component_container-11] 	 41.700	ErrPose	 -0.366	  0.327	  0.057	  0.009
[component_container-11] 	 41.700	ErrTwis	  0.244	  0.035	  0.056	  0.019
[component_container-11] 	 41.700	    GPS	  1.381	  1.779	  5.026	     --
[component_container-11] 	 41.700	   Baro	     --	     --	  6.046	     --
[component_container-11] 	 41.700	  BBias	     --	     --	  1.066	     --
[component_container-11] 	 41.700	  Sonar	     --	     --	    inf	     --
[component_container-11] 	 41.700	  Magnt	     --	     --	     --	  1.017
[component_container-11] 
[component_container-11] 	 41.740	   Pose	  1.540	  1.638	  4.979	  0.982
[component_container-11] 	 41.740	  Twist	  0.378	  0.463	 -0.040	 -0.288
[component_container-11] 	 41.740	ErrPose	 -0.386	  0.339	  0.050	  0.009
[component_container-11] 	 41.740	ErrTwis	  0.220	  0.054	  0.045	  0.008
[component_container-11] 	 41.740	    GPS	  1.381	  1.779	  5.026	     --
[component_container-11] 	 41.740	   Baro	     --	     --	  6.147	     --
[component_container-11] 	 41.740	  BBias	     --	     --	  1.066	     --
[component_container-11] 	 41.740	  Sonar	     --	     --	    inf	     --
[component_container-11] 	 41.740	  Magnt	     --	     --	     --	  0.965
[component_container-11] 
[component_container-11] 	 41.770	   Pose	  1.552	  1.652	  4.968	  0.973
[component_container-11] 	 41.770	  Twist	  0.377	  0.460	 -0.048	 -0.284
[component_container-11] 	 41.770	ErrPose	 -0.400	  0.340	  0.062	  0.012
[component_container-11] 	 41.770	ErrTwis	  0.208	  0.064	  0.052	  0.004
[component_container-11] 	 41.770	    GPS	  1.381	  1.779	  5.026	     --
[component_container-11] 	 41.770	   Baro	     --	     --	  5.927	     --
[component_container-11] 	 41.770	  BBias	     --	     --	  1.066	     --
[component_container-11] 	 41.770	  Sonar	     --	     --	    inf	     --
[component_container-11] 	 41.770	  Magnt	     --	     --	     --	  0.978
[component_container-11] 
[component_container-11] 	 41.800	   Pose	  1.563	  1.666	  4.967	  0.965
[component_container-11] 	 41.800	  Twist	  0.376	  0.457	 -0.047	 -0.269
[component_container-11] 	 41.800	ErrPose	 -0.417	  0.356	  0.064	  0.009
[component_container-11] 	 41.800	ErrTwis	  0.182	  0.077	  0.049	 -0.011
[component_container-11] 	 41.800	    GPS	  1.381	  1.779	  5.026	     --
[component_container-11] 	 41.800	   Baro	     --	     --	  5.927	     --
[component_container-11] 	 41.800	  BBias	     --	     --	  1.066	     --
[component_container-11] 	 41.800	  Sonar	     --	     --	    inf	     --
[component_container-11] 	 41.800	  Magnt	     --	     --	     --	  0.978
[component_container-11] 
[component_container-11] 	 41.840	   Pose	  1.578	  1.684	  4.967	  0.954
[component_container-11] 	 41.840	  Twist	  0.374	  0.452	 -0.043	 -0.274
[component_container-11] 	 41.840	ErrPose	 -0.439	  0.367	  0.066	  0.009
[component_container-11] 	 41.840	ErrTwis	  0.155	  0.087	  0.045	 -0.006
[component_container-11] 	 41.840	    GPS	  1.381	  1.779	  5.026	     --
[component_container-11] 	 41.840	   Baro	     --	     --	  6.054	     --
[component_container-11] 	 41.840	  BBias	     --	     --	  1.066	     --
[component_container-11] 	 41.840	  Sonar	     --	     --	    inf	     --
[component_container-11] 	 41.840	  Magnt	     --	     --	     --	  0.975
[component_container-11] 
[component_container-11] 	 41.870	   Pose	  1.589	  1.698	  4.970	  0.945
[component_container-11] 	 41.870	  Twist	  0.373	  0.449	 -0.036	 -0.282
[component_container-11] 	 41.870	ErrPose	 -0.453	  0.368	  0.063	  0.012
[component_container-11] 	 41.870	ErrTwis	  0.141	  0.093	  0.039	  0.002
[component_container-11] 	 41.870	    GPS	  1.381	  1.779	  5.026	     --
[component_container-11] 	 41.870	   Baro	     --	     --	  6.079	     --
[component_container-11] 	 41.870	  BBias	     --	     --	  1.066	     --
[component_container-11] 	 41.870	  Sonar	     --	     --	    inf	     --
[component_container-11] 	 41.870	  Magnt	     --	     --	     --	  0.943
[component_container-11] 
[component_container-11] 	 41.900	   Pose	  1.600	  1.711	  4.969	  0.937
[component_container-11] 	 41.900	  Twist	  0.373	  0.447	 -0.034	 -0.276
[component_container-11] 	 41.900	ErrPose	 -0.471	  0.382	  0.066	  0.009
[component_container-11] 	 41.900	ErrTwis	  0.113	  0.097	  0.039	 -0.004
[component_container-11] 	 41.900	    GPS	  1.381	  1.779	  5.026	     --
[component_container-11] 	 41.900	   Baro	     --	     --	  6.079	     --
[component_container-11] 	 41.900	  BBias	     --	     --	  1.066	     --
[component_container-11] 	 41.900	  Sonar	     --	     --	    inf	     --
[component_container-11] 	 41.900	  Magnt	     --	     --	     --	  0.943
[component_container-11] 
[component_container-11] 	 41.940	   Pose	  1.615	  1.729	  4.981	  0.926
[component_container-11] 	 41.940	  Twist	  0.371	  0.442	 -0.017	 -0.270
[component_container-11] 	 41.940	ErrPose	 -0.494	  0.391	  0.054	  0.009
[component_container-11] 	 41.940	ErrTwis	  0.085	  0.102	  0.024	 -0.010
[component_container-11] 	 41.940	    GPS	  1.381	  1.779	  5.026	     --
[component_container-11] 	 41.940	   Baro	     --	     --	  6.191	     --
[component_container-11] 	 41.940	  BBias	     --	     --	  1.066	     --
[component_container-11] 	 41.940	  Sonar	     --	     --	    inf	     --
[component_container-11] 	 41.940	  Magnt	     --	     --	     --	  0.951
[component_container-11] 
[component_container-11] 	 41.970	   Pose	  1.626	  1.742	  4.986	  0.918
[component_container-11] 	 41.970	  Twist	  0.369	  0.439	 -0.011	 -0.270
[component_container-11] 	 41.970	ErrPose	 -0.508	  0.391	  0.050	  0.011
[component_container-11] 	 41.970	ErrTwis	  0.071	  0.105	  0.018	 -0.010
[component_container-11] 	 41.970	    GPS	  1.381	  1.779	  5.026	     --
[component_container-11] 	 41.970	   Baro	     --	     --	  6.105	     --
[component_container-11] 	 41.970	  BBias	     --	     --	  1.066	     --
[component_container-11] 	 41.970	  Sonar	     --	     --	    inf	     --
[component_container-11] 	 41.970	  Magnt	     --	     --	     --	  0.916
[component_container-11] 
[component_container-11] [INFO] [1775368666.225002962] [drone.controller]: cmd_vel body=(-0.315, 0.494, 0.014) yaw=-0.300 | odom_received=true | plan_points=6
[component_container-11] 	 42.000	   Pose	  1.638	  1.755	  4.986	  0.910
[component_container-11] 	 42.000	  Twist	  0.368	  0.437	 -0.010	 -0.257
[component_container-11] 	 42.000	ErrPose	 -0.527	  0.403	  0.052	  0.009
[component_container-11] 	 42.000	ErrTwis	  0.041	  0.106	  0.021	 -0.022
[component_container-11] 	 42.000	    GPS	  1.381	  1.779	  5.026	     --
[component_container-11] 	 42.000	   Baro	     --	     --	  6.105	     --
[component_container-11] 	 42.000	  BBias	     --	     --	  1.066	     --
[component_container-11] 	 42.000	  Sonar	     --	     --	    inf	     --
[component_container-11] 	 42.000	  Magnt	     --	     --	     --	  0.916
[component_container-11] 
[component_container-11] [INFO] [1775368666.225379644] [drone.estimator]: TMP LOG err_xyz=(-0.527, 0.403, 0.052) | z_est=4.986 vz_est=-0.010 bias=1.066 | gps_z=5.026 sonar=inf baro=6.105
[component_container-11] [INFO] [1775368666.229758709] [drone.estimator]: TMP LOG gps innov_xy=(-0.364, 0.580) est_xy=(1.641, 1.760) gps_xy=(1.277, 2.340) corr_xy=(1.277, 2.340) vel_xy=(0.368, 0.436)
[component_container-11] [INFO] [1775368666.230250965] [drone.estimator]: TMP LOG gps vel pseudo raw=(-0.208, 1.121) filt=(-0.186, 1.084) innov_v=(-0.506, 0.572) apply=(1,1)
[component_container-11] 	 42.040	   Pose	  1.469	  2.031	  5.006	  0.899
[component_container-11] 	 42.040	  Twist	  0.237	  0.603	  0.011	 -0.275
[component_container-11] 	 42.040	ErrPose	 -0.367	  0.152	  0.034	  0.007
[component_container-11] 	 42.040	ErrTwis	  0.142	 -0.063	  0.004	 -0.005
[component_container-11] 	 42.040	    GPS	  1.277	  2.340	  5.039	     --
[component_container-11] 	 42.040	   Baro	     --	     --	  6.207	     --
[component_container-11] 	 42.040	  BBias	     --	     --	  1.066	     --
[component_container-11] 	 42.040	  Sonar	     --	     --	    inf	     --
[component_container-11] 	 42.040	  Magnt	     --	     --	     --	  0.955
[component_container-11] 
[component_container-11] 	 42.070	   Pose	  1.476	  2.049	  5.006	  0.891
[component_container-11] 	 42.070	  Twist	  0.237	  0.600	  0.011	 -0.287
[component_container-11] 	 42.070	ErrPose	 -0.379	  0.146	  0.035	  0.010
[component_container-11] 	 42.070	ErrTwis	  0.126	 -0.063	  0.005	  0.007
[component_container-11] 	 42.070	    GPS	  1.277	  2.340	  5.039	     --
[component_container-11] 	 42.070	   Baro	     --	     --	  6.068	     --
[component_container-11] 	 42.070	  BBias	     --	     --	  1.066	     --
[component_container-11] 	 42.070	  Sonar	     --	     --	    inf	     --
[component_container-11] 	 42.070	  Magnt	     --	     --	     --	  0.910
[component_container-11] 
[component_container-11] 	 42.100	   Pose	  1.483	  2.067	  5.007	  0.883
[component_container-11] 	 42.100	  Twist	  0.236	  0.597	  0.010	 -0.277
[component_container-11] 	 42.100	ErrPose	 -0.395	  0.150	  0.036	  0.007
[component_container-11] 	 42.100	ErrTwis	  0.096	 -0.064	  0.006	 -0.002
[component_container-11] 	 42.100	    GPS	  1.277	  2.340	  5.039	     --
[component_container-11] 	 42.100	   Baro	     --	     --	  6.068	     --
[component_container-11] 	 42.100	  BBias	     --	     --	  1.066	     --
[component_container-11] 	 42.100	  Sonar	     --	     --	    inf	     --
[component_container-11] 	 42.100	  Magnt	     --	     --	     --	  0.910
[component_container-11] 
[component_container-11] 	 42.140	   Pose	  1.493	  2.091	  5.015	  0.872
[component_container-11] 	 42.140	  Twist	  0.235	  0.593	  0.018	 -0.274
[component_container-11] 	 42.140	ErrPose	 -0.413	  0.148	  0.029	  0.007
[component_container-11] 	 42.140	ErrTwis	  0.064	 -0.065	  0.000	 -0.005
[component_container-11] 	 42.140	    GPS	  1.277	  2.340	  5.039	     --
[component_container-11] 	 42.140	   Baro	     --	     --	  6.173	     --
[component_container-11] 	 42.140	  BBias	     --	     --	  1.066	     --
[component_container-11] 	 42.140	  Sonar	     --	     --	    inf	     --
[component_container-11] 	 42.140	  Magnt	     --	     --	     --	  0.888
[component_container-11] 
[component_container-11] 	 42.170	   Pose	  1.500	  2.108	  5.016	  0.863
[component_container-11] 	 42.170	  Twist	  0.234	  0.591	  0.016	 -0.282
[component_container-11] 	 42.170	ErrPose	 -0.425	  0.141	  0.030	  0.010
[component_container-11] 	 42.170	ErrTwis	  0.049	 -0.066	  0.002	  0.004
[component_container-11] 	 42.170	    GPS	  1.277	  2.340	  5.039	     --
[component_container-11] 	 42.170	   Baro	     --	     --	  6.081	     --
[component_container-11] 	 42.170	  BBias	     --	     --	  1.066	     --
[component_container-11] 	 42.170	  Sonar	     --	     --	    inf	     --
[component_container-11] 	 42.170	  Magnt	     --	     --	     --	  0.861
[component_container-11] 
[component_container-11] 	 42.200	   Pose	  1.507	  2.126	  5.016	  0.855
[component_container-11] 	 42.200	  Twist	  0.234	  0.590	  0.015	 -0.278
[component_container-11] 	 42.200	ErrPose	 -0.442	  0.143	  0.031	  0.007
[component_container-11] 	 42.200	ErrTwis	  0.018	 -0.072	  0.001	 -0.001
[component_container-11] 	 42.200	    GPS	  1.277	  2.340	  5.039	     --
[component_container-11] 	 42.200	   Baro	     --	     --	  6.081	     --
[component_container-11] 	 42.200	  BBias	     --	     --	  1.066	     --
[component_container-11] 	 42.200	  Sonar	     --	     --	    inf	     --
[component_container-11] 	 42.200	  Magnt	     --	     --	     --	  0.861
[component_container-11] 
[component_container-11] 	 42.240	   Pose	  1.516	  2.150	  5.010	  0.845
[component_container-11] 	 42.240	  Twist	  0.233	  0.587	  0.007	 -0.273
[component_container-11] 	 42.240	ErrPose	 -0.461	  0.139	  0.039	  0.006
[component_container-11] 	 42.240	ErrTwis	 -0.013	 -0.080	  0.005	 -0.006
[component_container-11] 	 42.240	    GPS	  1.277	  2.340	  5.039	     --
[component_container-11] 	 42.240	   Baro	     --	     --	  6.003	     --
[component_container-11] 	 42.240	  BBias	     --	     --	  1.066	     --
[component_container-11] 	 42.240	  Sonar	     --	     --	    inf	     --
[component_container-11] 	 42.240	  Magnt	     --	     --	     --	  0.911
[component_container-11] 
[component_container-11] 	 42.270	   Pose	  1.523	  2.167	  5.013	  0.835
[component_container-11] 	 42.270	  Twist	  0.232	  0.584	  0.009	 -0.255
[component_container-11] 	 42.270	ErrPose	 -0.473	  0.130	  0.037	  0.010
[component_container-11] 	 42.270	ErrTwis	 -0.029	 -0.085	  0.002	 -0.024
[component_container-11] 	 42.270	    GPS	  1.277	  2.340	  5.039	     --
[component_container-11] 	 42.270	   Baro	     --	     --	  6.105	     --
[component_container-11] 	 42.270	  BBias	     --	     --	  1.066	     --
[component_container-11] 	 42.270	  Sonar	     --	     --	    inf	     --
[component_container-11] 	 42.270	  Magnt	     --	     --	     --	  0.801
[component_container-11] 
[component_container-11] 	 42.300	   Pose	  1.530	  2.185	  5.013	  0.827
[component_container-11] 	 42.300	  Twist	  0.232	  0.581	  0.007	 -0.291
[component_container-11] 	 42.300	ErrPose	 -0.490	  0.129	  0.038	  0.007
[component_container-11] 	 42.300	ErrTwis	 -0.062	 -0.099	  0.002	  0.012
[component_container-11] 	 42.300	    GPS	  1.277	  2.340	  5.039	     --
[component_container-11] 	 42.300	   Baro	     --	     --	  6.105	     --
[component_container-11] 	 42.300	  BBias	     --	     --	  1.066	     --
[component_container-11] 	 42.300	  Sonar	     --	     --	    inf	     --
[component_container-11] 	 42.300	  Magnt	     --	     --	     --	  0.801
[component_container-11] 
[component_container-11] 	 42.340	   Pose	  1.539	  2.208	  5.025	  0.816
[component_container-11] 	 42.340	  Twist	  0.232	  0.579	  0.016	 -0.290
[component_container-11] 	 42.340	ErrPose	 -0.510	  0.122	  0.028	  0.006
[component_container-11] 	 42.340	ErrTwis	 -0.094	 -0.115	 -0.006	  0.012
[component_container-11] 	 42.340	    GPS	  1.277	  2.340	  5.039	     --
[component_container-11] 	 42.340	   Baro	     --	     --	  6.208	     --
[component_container-11] 	 42.340	  BBias	     --	     --	  1.066	     --
[component_container-11] 	 42.340	  Sonar	     --	     --	    inf	     --
[component_container-11] 	 42.340	  Magnt	     --	     --	     --	  0.870
[component_container-11] 
[component_container-11] 	 42.370	   Pose	  1.546	  2.225	  5.033	  0.808
[component_container-11] 	 42.370	  Twist	  0.232	  0.577	  0.022	 -0.291
[component_container-11] 	 42.370	ErrPose	 -0.522	  0.111	  0.021	  0.009
[component_container-11] 	 42.370	ErrTwis	 -0.109	 -0.122	 -0.012	  0.012
[component_container-11] 	 42.370	    GPS	  1.277	  2.340	  5.039	     --
[component_container-11] 	 42.370	   Baro	     --	     --	  6.177	     --
[component_container-11] 	 42.370	  BBias	     --	     --	  1.066	     --
[component_container-11] 	 42.370	  Sonar	     --	     --	    inf	     --
[component_container-11] 	 42.370	  Magnt	     --	     --	     --	  0.839
[component_container-11] 
[component_container-11] 	 42.400	   Pose	  1.553	  2.243	  5.033	  0.800
[component_container-11] 	 42.400	  Twist	  0.230	  0.575	  0.020	 -0.288
[component_container-11] 	 42.400	ErrPose	 -0.539	  0.108	  0.022	  0.006
[component_container-11] 	 42.400	ErrTwis	 -0.141	 -0.139	 -0.008	  0.009
[component_container-11] 	 42.400	    GPS	  1.277	  2.340	  5.039	     --
[component_container-11] 	 42.400	   Baro	     --	     --	  6.177	     --
[component_container-11] 	 42.400	  BBias	     --	     --	  1.066	     --
[component_container-11] 	 42.400	  Sonar	     --	     --	    inf	     --
[component_container-11] 	 42.400	  Magnt	     --	     --	     --	  0.839
[component_container-11] 
[component_container-11] 	 42.440	   Pose	  1.562	  2.266	  5.035	  0.789
[component_container-11] 	 42.440	  Twist	  0.230	  0.573	  0.019	 -0.270
[component_container-11] 	 42.440	ErrPose	 -0.559	  0.097	  0.021	  0.006
[component_container-11] 	 42.440	ErrTwis	 -0.173	 -0.156	 -0.005	 -0.009
[component_container-11] 	 42.440	    GPS	  1.277	  2.340	  5.039	     --
[component_container-11] 	 42.440	   Baro	     --	     --	  6.113	     --
[component_container-11] 	 42.440	  BBias	     --	     --	  1.066	     --
[component_container-11] 	 42.440	  Sonar	     --	     --	    inf	     --
[component_container-11] 	 42.440	  Magnt	     --	     --	     --	  0.808
[component_container-11] 
[component_container-11] 	 42.470	   Pose	  1.569	  2.283	  5.041	  0.780
[component_container-11] 	 42.470	  Twist	  0.230	  0.572	  0.021	 -0.276
[component_container-11] 	 42.470	ErrPose	 -0.571	  0.085	  0.016	  0.009
[component_container-11] 	 42.470	ErrTwis	 -0.189	 -0.164	 -0.006	 -0.003
[component_container-11] 	 42.470	    GPS	  1.277	  2.340	  5.039	     --
[component_container-11] 	 42.470	   Baro	     --	     --	  6.155	     --
[component_container-11] 	 42.470	  BBias	     --	     --	  1.066	     --
[component_container-11] 	 42.470	  Sonar	     --	     --	    inf	     --
[component_container-11] 	 42.470	  Magnt	     --	     --	     --	  0.778
[component_container-11] 
[component_container-11] 	 42.500	   Pose	  1.576	  2.300	  5.041	  0.772
[component_container-11] 	 42.500	  Twist	  0.230	  0.571	  0.019	 -0.287
[component_container-11] 	 42.500	ErrPose	 -0.589	  0.078	  0.017	  0.006
[component_container-11] 	 42.500	ErrTwis	 -0.220	 -0.181	 -0.003	  0.008
[component_container-11] 	 42.500	    GPS	  1.277	  2.340	  5.039	     --
[component_container-11] 	 42.500	   Baro	     --	     --	  6.155	     --
[component_container-11] 	 42.500	  BBias	     --	     --	  1.066	     --
[component_container-11] 	 42.500	  Sonar	     --	     --	    inf	     --
[component_container-11] 	 42.500	  Magnt	     --	     --	     --	  0.778
[component_container-11] 
[component_container-11] 	 42.540	   Pose	  1.435	  2.278	  5.042	  0.761
[component_container-11] 	 42.540	  Twist	  0.134	  0.506	  0.015	 -0.284
[component_container-11] 	 42.540	ErrPose	 -0.459	  0.109	  0.017	  0.005
[component_container-11] 	 42.540	ErrTwis	 -0.156	 -0.134	  0.001	  0.004
[component_container-11] 	 42.540	    GPS	  1.223	  2.361	  5.059	     --
[component_container-11] 	 42.540	   Baro	     --	     --	  6.075	     --
[component_container-11] 	 42.540	  BBias	     --	     --	  1.066	     --
[component_container-11] 	 42.540	  Sonar	     --	     --	    inf	     --
[component_container-11] 	 42.540	  Magnt	     --	     --	     --	  0.799
[component_container-11] 
[component_container-11] 	 42.570	   Pose	  1.439	  2.293	  5.056	  0.753
[component_container-11] 	 42.570	  Twist	  0.134	  0.504	  0.025	 -0.286
[component_container-11] 	 42.570	ErrPose	 -0.469	  0.098	  0.004	  0.009
[component_container-11] 	 42.570	ErrTwis	 -0.172	 -0.142	 -0.009	  0.006
[component_container-11] 	 42.570	    GPS	  1.223	  2.361	  5.059	     --
[component_container-11] 	 42.570	   Baro	     --	     --	  6.276	     --
[component_container-11] 	 42.570	  BBias	     --	     --	  1.066	     --
[component_container-11] 	 42.570	  Sonar	     --	     --	    inf	     --
[component_container-11] 	 42.570	  Magnt	     --	     --	     --	  0.753
[component_container-11] 
[component_container-11] 	 42.600	   Pose	  1.443	  2.308	  5.056	  0.744
[component_container-11] 	 42.600	  Twist	  0.133	  0.504	  0.021	 -0.300
[component_container-11] 	 42.600	ErrPose	 -0.485	  0.090	  0.004	  0.006
[component_container-11] 	 42.600	ErrTwis	 -0.203	 -0.159	 -0.006	  0.020
[component_container-11] 	 42.600	    GPS	  1.223	  2.361	  5.059	     --
[component_container-11] 	 42.600	   Baro	     --	     --	  6.276	     --
[component_container-11] 	 42.600	  BBias	     --	     --	  1.066	     --
[component_container-11] 	 42.600	  Sonar	     --	     --	    inf	     --
[component_container-11] 	 42.600	  Magnt	     --	     --	     --	  0.753
[component_container-11] 
[component_container-11] 	 42.640	   Pose	  1.448	  2.329	  5.060	  0.733
[component_container-11] 	 42.640	  Twist	  0.133	  0.503	  0.020	 -0.277
[component_container-11] 	 42.640	ErrPose	 -0.502	  0.075	  0.002	  0.006
[component_container-11] 	 42.640	ErrTwis	 -0.233	 -0.176	 -0.006	 -0.003
[component_container-11] 	 42.640	    GPS	  1.223	  2.361	  5.059	     --
[component_container-11] 	 42.640	   Baro	     --	     --	  6.154	     --
[component_container-11] 	 42.640	  BBias	     --	     --	  1.066	     --
[component_container-11] 	 42.640	  Sonar	     --	     --	    inf	     --
[component_container-11] 	 42.640	  Magnt	     --	     --	     --	  0.750
[component_container-11] 
[component_container-11] 	 42.670	   Pose	  1.452	  2.344	  5.061	  0.724
[component_container-11] 	 42.670	  Twist	  0.132	  0.502	  0.018	 -0.301
[component_container-11] 	 42.670	ErrPose	 -0.513	  0.063	  0.001	  0.009
[component_container-11] 	 42.670	ErrTwis	 -0.248	 -0.184	 -0.004	  0.021
[component_container-11] 	 42.670	    GPS	  1.223	  2.361	  5.059	     --
[component_container-11] 	 42.670	   Baro	     --	     --	  6.134	     --
[component_container-11] 	 42.670	  BBias	     --	     --	  1.066	     --
[component_container-11] 	 42.670	  Sonar	     --	     --	    inf	     --
[component_container-11] 	 42.670	  Magnt	     --	     --	     --	  0.733
[component_container-11] 
[component_container-11] 	 42.700	   Pose	  1.456	  2.359	  5.061	  0.716
[component_container-11] 	 42.700	  Twist	  0.132	  0.501	  0.014	 -0.282
[component_container-11] 	 42.700	ErrPose	 -0.529	  0.052	  0.001	  0.006
[component_container-11] 	 42.700	ErrTwis	 -0.279	 -0.201	 -0.002	  0.002
[component_container-11] 	 42.700	    GPS	  1.223	  2.361	  5.059	     --
[component_container-11] 	 42.700	   Baro	     --	     --	  6.134	     --
[component_container-11] 	 42.700	  BBias	     --	     --	  1.066	     --
[component_container-11] 	 42.700	  Sonar	     --	     --	    inf	     --
[component_container-11] 	 42.700	  Magnt	     --	     --	     --	  0.733
[component_container-11] 
[component_container-11] 	 42.740	   Pose	  1.461	  2.379	  5.062	  0.705
[component_container-11] 	 42.740	  Twist	  0.132	  0.500	  0.009	 -0.280
[component_container-11] 	 42.740	ErrPose	 -0.548	  0.034	  0.000	  0.006
[component_container-11] 	 42.740	ErrTwis	 -0.310	 -0.220	  0.001	 -0.000
[component_container-11] 	 42.740	    GPS	  1.223	  2.361	  5.059	     --
[component_container-11] 	 42.740	   Baro	     --	     --	  6.129	     --
[component_container-11] 	 42.740	  BBias	     --	     --	  1.066	     --
[component_container-11] 	 42.740	  Sonar	     --	     --	    inf	     --
[component_container-11] 	 42.740	  Magnt	     --	     --	     --	  0.738
[component_container-11] 
[component_container-11] 	 42.770	   Pose	  1.465	  2.394	  5.069	  0.697
[component_container-11] 	 42.770	  Twist	  0.132	  0.501	  0.013	 -0.295
[component_container-11] 	 42.770	ErrPose	 -0.558	  0.020	 -0.007	  0.008
[component_container-11] 	 42.770	ErrTwis	 -0.324	 -0.230	 -0.005	  0.015
[component_container-11] 	 42.770	    GPS	  1.223	  2.361	  5.059	     --
[component_container-11] 	 42.770	   Baro	     --	     --	  6.212	     --
[component_container-11] 	 42.770	  BBias	     --	     --	  1.066	     --
[component_container-11] 	 42.770	  Sonar	     --	     --	    inf	     --
[component_container-11] 	 42.770	  Magnt	     --	     --	     --	  0.727
[component_container-11] 
[component_container-11] 	 42.800	   Pose	  1.469	  2.409	  5.070	  0.688
[component_container-11] 	 42.800	  Twist	  0.133	  0.501	  0.009	 -0.295
[component_container-11] 	 42.800	ErrPose	 -0.576	  0.006	 -0.008	  0.005
[component_container-11] 	 42.800	ErrTwis	 -0.353	 -0.251	 -0.003	  0.015
[component_container-11] 	 42.800	    GPS	  1.223	  2.361	  5.059	     --
[component_container-11] 	 42.800	   Baro	     --	     --	  6.212	     --
[component_container-11] 	 42.800	  BBias	     --	     --	  1.066	     --
[component_container-11] 	 42.800	  Sonar	     --	     --	    inf	     --
[component_container-11] 	 42.800	  Magnt	     --	     --	     --	  0.727
[component_container-11] 
[component_container-11] 	 42.840	   Pose	  1.475	  2.429	  5.067	  0.676
[component_container-11] 	 42.840	  Twist	  0.133	  0.501	 -0.000	 -0.290
[component_container-11] 	 42.840	ErrPose	 -0.595	 -0.014	 -0.005	  0.006
[component_container-11] 	 42.840	ErrTwis	 -0.383	 -0.272	  0.004	  0.011
[component_container-11] 	 42.840	    GPS	  1.223	  2.361	  5.059	     --
[component_container-11] 	 42.840	   Baro	     --	     --	  6.097	     --
[component_container-11] 	 42.840	  BBias	     --	     --	  1.066	     --
[component_container-11] 	 42.840	  Sonar	     --	     --	    inf	     --
[component_container-11] 	 42.840	  Magnt	     --	     --	     --	  0.676
[component_container-11] 
[component_container-11] 	 42.870	   Pose	  1.479	  2.444	  5.075	  0.669
[component_container-11] 	 42.870	  Twist	  0.133	  0.501	  0.004	 -0.288
[component_container-11] 	 42.870	ErrPose	 -0.606	 -0.030	 -0.013	  0.008
[component_container-11] 	 42.870	ErrTwis	 -0.397	 -0.283	 -0.001	  0.009
[component_container-11] 	 42.870	    GPS	  1.223	  2.361	  5.059	     --
[component_container-11] 	 42.870	   Baro	     --	     --	  6.228	     --
[component_container-11] 	 42.870	  BBias	     --	     --	  1.066	     --
[component_container-11] 	 42.870	  Sonar	     --	     --	    inf	     --
[component_container-11] 	 42.870	  Magnt	     --	     --	     --	  0.704
[component_container-11] 
[component_container-11] 	 42.900	   Pose	  1.483	  2.459	  5.075	  0.660
[component_container-11] 	 42.900	  Twist	  0.134	  0.501	  0.000	 -0.285
[component_container-11] 	 42.900	ErrPose	 -0.624	 -0.047	 -0.014	  0.006
[component_container-11] 	 42.900	ErrTwis	 -0.425	 -0.306	 -0.001	  0.005
[component_container-11] 	 42.900	    GPS	  1.223	  2.361	  5.059	     --
[component_container-11] 	 42.900	   Baro	     --	     --	  6.228	     --
[component_container-11] 	 42.900	  BBias	     --	     --	  1.066	     --
[component_container-11] 	 42.900	  Sonar	     --	     --	    inf	     --
[component_container-11] 	 42.900	  Magnt	     --	     --	     --	  0.704
[component_container-11] 
[component_container-11] 	 42.940	   Pose	  1.488	  2.479	  5.065	  0.648
[component_container-11] 	 42.940	  Twist	  0.134	  0.502	 -0.014	 -0.290
[component_container-11] 	 42.940	ErrPose	 -0.644	 -0.070	 -0.005	  0.006
[component_container-11] 	 42.940	ErrTwis	 -0.452	 -0.329	  0.012	  0.011
[component_container-11] 	 42.940	    GPS	  1.223	  2.361	  5.059	     --
[component_container-11] 	 42.940	   Baro	     --	     --	  6.032	     --
[component_container-11] 	 42.940	  BBias	     --	     --	  1.066	     --
[component_container-11] 	 42.940	  Sonar	     --	     --	    inf	     --
[component_container-11] 	 42.940	  Magnt	     --	     --	     --	  0.659
[component_container-11] 
[component_container-11] 	 42.970	   Pose	  1.492	  2.494	  5.069	  0.641
[component_container-11] 	 42.970	  Twist	  0.134	  0.503	 -0.013	 -0.281
[component_container-11] 	 42.970	ErrPose	 -0.655	 -0.088	 -0.009	  0.008
[component_container-11] 	 42.970	ErrTwis	 -0.466	 -0.341	  0.011	  0.001
[component_container-11] 	 42.970	    GPS	  1.223	  2.361	  5.059	     --
[component_container-11] 	 42.970	   Baro	     --	     --	  6.183	     --
[component_container-11] 	 42.970	  BBias	     --	     --	  1.066	     --
[component_container-11] 	 42.970	  Sonar	     --	     --	    inf	     --
[component_container-11] 	 42.970	  Magnt	     --	     --	     --	  0.688
[component_container-11] 
[component_container-11] [INFO] [1775368667.228714494] [drone.controller]: cmd_vel body=(-0.700, -0.104, -0.069) yaw=-0.300 | odom_received=true | plan_points=7
[component_container-11] 	 43.000	   Pose	  1.496	  2.509	  5.069	  0.632
[component_container-11] 	 43.000	  Twist	  0.134	  0.503	 -0.016	 -0.278
[component_container-11] 	 43.000	ErrPose	 -0.674	 -0.108	 -0.010	  0.006
[component_container-11] 	 43.000	ErrTwis	 -0.492	 -0.364	  0.011	 -0.002
[component_container-11] 	 43.000	    GPS	  1.223	  2.361	  5.059	     --
[component_container-11] 	 43.000	   Baro	     --	     --	  6.183	     --
[component_container-11] 	 43.000	  BBias	     --	     --	  1.066	     --
[component_container-11] 	 43.000	  Sonar	     --	     --	    inf	     --
[component_container-11] 	 43.000	  Magnt	     --	     --	     --	  0.688
[component_container-11] 
[component_container-11] [INFO] [1775368667.228940296] [drone.estimator]: TMP LOG err_xyz=(-0.674, -0.108, -0.010) | z_est=5.069 vz_est=-0.016 bias=1.066 | gps_z=5.059 sonar=inf baro=6.183
[component_container-11] [INFO] [1775368667.233545572] [drone.estimator]: TMP LOG gps innov_xy=(-0.420, -0.037) est_xy=(1.497, 2.514) gps_xy=(1.077, 2.477) corr_xy=(1.077, 2.477) vel_xy=(0.134, 0.503)
[component_container-11] [INFO] [1775368667.233666310] [drone.estimator]: TMP LOG gps vel pseudo raw=(-0.293, 0.232) filt=(-0.275, 0.224) innov_v=(-0.354, -0.275) apply=(1,1)
[component_container-11] 	 43.040	   Pose	  1.323	  2.479	  5.058	  0.621
[component_container-11] 	 43.040	  Twist	  0.021	  0.455	 -0.031	 -0.275
[component_container-11] 	 43.040	ErrPose	 -0.517	 -0.084	 -0.000	  0.005
[component_container-11] 	 43.040	ErrTwis	 -0.405	 -0.338	  0.024	 -0.005
[component_container-11] 	 43.040	    GPS	  1.077	  2.477	  5.059	     --
[component_container-11] 	 43.040	   Baro	     --	     --	  6.027	     --
[component_container-11] 	 43.040	  BBias	     --	     --	  1.066	     --
[component_container-11] 	 43.040	  Sonar	     --	     --	    inf	     --
[component_container-11] 	 43.040	  Magnt	     --	     --	     --	  0.632
[component_container-11] 
[component_container-11] 	 43.070	   Pose	  1.324	  2.493	  5.062	  0.613
[component_container-11] 	 43.070	  Twist	  0.022	  0.455	 -0.029	 -0.271
[component_container-11] 	 43.070	ErrPose	 -0.525	 -0.101	 -0.005	  0.008
[component_container-11] 	 43.070	ErrTwis	 -0.417	 -0.350	  0.021	 -0.009
[component_container-11] 	 43.070	    GPS	  1.077	  2.477	  5.059	     --
[component_container-11] 	 43.070	   Baro	     --	     --	  6.185	     --
[component_container-11] 	 43.070	  BBias	     --	     --	  1.066	     --
[component_container-11] 	 43.070	  Sonar	     --	     --	    inf	     --
[component_container-11] 	 43.070	  Magnt	     --	     --	     --	  0.614
[component_container-11] 
[component_container-11] 	 43.100	   Pose	  1.325	  2.506	  5.061	  0.604
[component_container-11] 	 43.100	  Twist	  0.022	  0.456	 -0.033	 -0.295
[component_container-11] 	 43.100	ErrPose	 -0.541	 -0.123	 -0.005	  0.006
[component_container-11] 	 43.100	ErrTwis	 -0.441	 -0.373	  0.024	  0.015
[component_container-11] 	 43.100	    GPS	  1.077	  2.477	  5.059	     --
[component_container-11] 	 43.100	   Baro	     --	     --	  6.185	     --
[component_container-11] 	 43.100	  BBias	     --	     --	  1.066	     --
[component_container-11] 	 43.100	  Sonar	     --	     --	    inf	     --
[component_container-11] 	 43.100	  Magnt	     --	     --	     --	  0.614
[component_container-11] 
[component_container-11] 	 43.140	   Pose	  1.325	  2.524	  5.056	  0.594
[component_container-11] 	 43.140	  Twist	  0.021	  0.457	 -0.039	 -0.277
[component_container-11] 	 43.140	ErrPose	 -0.558	 -0.150	 -0.002	  0.005
[component_container-11] 	 43.140	ErrTwis	 -0.465	 -0.397	  0.029	 -0.003
[component_container-11] 	 43.140	    GPS	  1.077	  2.477	  5.059	     --
[component_container-11] 	 43.140	   Baro	     --	     --	  6.087	     --
[component_container-11] 	 43.140	  BBias	     --	     --	  1.066	     --
[component_container-11] 	 43.140	  Sonar	     --	     --	    inf	     --
[component_container-11] 	 43.140	  Magnt	     --	     --	     --	  0.639
[component_container-11] 
[component_container-11] 	 43.170	   Pose	  1.326	  2.538	  5.043	  0.585
[component_container-11] 	 43.170	  Twist	  0.022	  0.458	 -0.054	 -0.293
[component_container-11] 	 43.170	ErrPose	 -0.567	 -0.168	  0.010	  0.008
[component_container-11] 	 43.170	ErrTwis	 -0.477	 -0.409	  0.042	  0.014
[component_container-11] 	 43.170	    GPS	  1.077	  2.477	  5.059	     --
[component_container-11] 	 43.170	   Baro	     --	     --	  5.972	     --
[component_container-11] 	 43.170	  BBias	     --	     --	  1.066	     --
[component_container-11] 	 43.170	  Sonar	     --	     --	    inf	     --
[component_container-11] 	 43.170	  Magnt	     --	     --	     --	  0.588
[component_container-11] 
[component_container-11] 	 43.200	   Pose	  1.327	  2.552	  5.041	  0.577
[component_container-11] 	 43.200	  Twist	  0.022	  0.460	 -0.056	 -0.275
[component_container-11] 	 43.200	ErrPose	 -0.584	 -0.193	  0.010	  0.005
[component_container-11] 	 43.200	ErrTwis	 -0.499	 -0.433	  0.042	 -0.004
[component_container-11] 	 43.200	    GPS	  1.077	  2.477	  5.059	     --
[component_container-11] 	 43.200	   Baro	     --	     --	  5.972	     --
[component_container-11] 	 43.200	  BBias	     --	     --	  1.066	     --
[component_container-11] 	 43.200	  Sonar	     --	     --	    inf	     --
[component_container-11] 	 43.200	  Magnt	     --	     --	     --	  0.588
[component_container-11] 
[component_container-11] 	 43.240	   Pose	  1.328	  2.570	  5.034	  0.566
[component_container-11] 	 43.240	  Twist	  0.022	  0.462	 -0.063	 -0.273
[component_container-11] 	 43.240	ErrPose	 -0.602	 -0.223	  0.016	  0.005
[component_container-11] 	 43.240	ErrTwis	 -0.519	 -0.458	  0.050	 -0.007
[component_container-11] 	 43.240	    GPS	  1.077	  2.477	  5.059	     --
[component_container-11] 	 43.240	   Baro	     --	     --	  6.046	     --
[component_container-11] 	 43.240	  BBias	     --	     --	  1.066	     --
[component_container-11] 	 43.240	  Sonar	     --	     --	    inf	     --
[component_container-11] 	 43.240	  Magnt	     --	     --	     --	  0.605
[component_container-11] 
[component_container-11] 	 43.270	   Pose	  1.328	  2.584	  5.036	  0.558
[component_container-11] 	 43.270	  Twist	  0.022	  0.463	 -0.061	 -0.270
[component_container-11] 	 43.270	ErrPose	 -0.611	 -0.243	  0.012	  0.007
[component_container-11] 	 43.270	ErrTwis	 -0.529	 -0.470	  0.047	 -0.010
[component_container-11] 	 43.270	    GPS	  1.077	  2.477	  5.059	     --
[component_container-11] 	 43.270	   Baro	     --	     --	  6.155	     --
[component_container-11] 	 43.270	  BBias	     --	     --	  1.066	     --
[component_container-11] 	 43.270	  Sonar	     --	     --	    inf	     --
[component_container-11] 	 43.270	  Magnt	     --	     --	     --	  0.563
[component_container-11] 
[component_container-11] 	 43.300	   Pose	  1.329	  2.598	  5.035	  0.549
[component_container-11] 	 43.300	  Twist	  0.022	  0.463	 -0.061	 -0.286
[component_container-11] 	 43.300	ErrPose	 -0.629	 -0.270	  0.012	  0.005
[component_container-11] 	 43.300	ErrTwis	 -0.549	 -0.493	  0.046	  0.007
[component_container-11] 	 43.300	    GPS	  1.077	  2.477	  5.059	     --
[component_container-11] 	 43.300	   Baro	     --	     --	  6.155	     --
[component_container-11] 	 43.300	  BBias	     --	     --	  1.066	     --
[component_container-11] 	 43.300	  Sonar	     --	     --	    inf	     --
[component_container-11] 	 43.300	  Magnt	     --	     --	     --	  0.563
[component_container-11] 
[component_container-11] 	 43.340	   Pose	  1.330	  2.617	  5.024	  0.537
[component_container-11] 	 43.340	  Twist	  0.024	  0.465	 -0.070	 -0.285
[component_container-11] 	 43.340	ErrPose	 -0.648	 -0.302	  0.021	  0.006
[component_container-11] 	 43.340	ErrTwis	 -0.569	 -0.516	  0.054	  0.006
[component_container-11] 	 43.340	    GPS	  1.077	  2.477	  5.059	     --
[component_container-11] 	 43.340	   Baro	     --	     --	  6.005	     --
[component_container-11] 	 43.340	  BBias	     --	     --	  1.066	     --
[component_container-11] 	 43.340	  Sonar	     --	     --	    inf	     --
[component_container-11] 	 43.340	  Magnt	     --	     --	     --	  0.526
[component_container-11] 
[component_container-11] 	 43.370	   Pose	  1.331	  2.631	  5.023	  0.530
[component_container-11] 	 43.370	  Twist	  0.025	  0.467	 -0.069	 -0.285
[component_container-11] 	 43.370	ErrPose	 -0.658	 -0.323	  0.021	  0.008
[component_container-11] 	 43.370	ErrTwis	 -0.579	 -0.528	  0.053	  0.005
[component_container-11] 	 43.370	    GPS	  1.077	  2.477	  5.059	     --
[component_container-11] 	 43.370	   Baro	     --	     --	  6.099	     --
[component_container-11] 	 43.370	  BBias	     --	     --	  1.066	     --
[component_container-11] 	 43.370	  Sonar	     --	     --	    inf	     --
[component_container-11] 	 43.370	  Magnt	     --	     --	     --	  0.575
[component_container-11] 
[component_container-11] 	 43.400	   Pose	  1.331	  2.645	  5.021	  0.521
[component_container-11] 	 43.400	  Twist	  0.025	  0.468	 -0.070	 -0.284
[component_container-11] 	 43.400	ErrPose	 -0.677	 -0.352	  0.022	  0.005
[component_container-11] 	 43.400	ErrTwis	 -0.595	 -0.547	  0.056	  0.004
[component_container-11] 	 43.400	    GPS	  1.077	  2.477	  5.059	     --
[component_container-11] 	 43.400	   Baro	     --	     --	  6.099	     --
[component_container-11] 	 43.400	  BBias	     --	     --	  1.066	     --
[component_container-11] 	 43.400	  Sonar	     --	     --	    inf	     --
[component_container-11] 	 43.400	  Magnt	     --	     --	     --	  0.575
[component_container-11] 
[component_container-11] 	 43.440	   Pose	  1.332	  2.664	  5.034	  0.512
[component_container-11] 	 43.440	  Twist	  0.025	  0.470	 -0.054	 -0.275
[component_container-11] 	 43.440	ErrPose	 -0.696	 -0.386	  0.007	  0.003
[component_container-11] 	 43.440	ErrTwis	 -0.611	 -0.566	  0.040	 -0.005
[component_container-11] 	 43.440	    GPS	  1.077	  2.477	  5.059	     --
[component_container-11] 	 43.440	   Baro	     --	     --	  6.264	     --
[component_container-11] 	 43.440	  BBias	     --	     --	  1.066	     --
[component_container-11] 	 43.440	  Sonar	     --	     --	    inf	     --
[component_container-11] 	 43.440	  Magnt	     --	     --	     --	  0.621
[component_container-11] 
[component_container-11] 	 43.470	   Pose	  1.333	  2.678	  5.019	  0.504
[component_container-11] 	 43.470	  Twist	  0.026	  0.472	 -0.069	 -0.279
[component_container-11] 	 43.470	ErrPose	 -0.706	 -0.408	  0.021	  0.005
[component_container-11] 	 43.470	ErrTwis	 -0.620	 -0.575	  0.053	 -0.000
[component_container-11] 	 43.470	    GPS	  1.077	  2.477	  5.059	     --
[component_container-11] 	 43.470	   Baro	     --	     --	  5.948	     --
[component_container-11] 	 43.470	  BBias	     --	     --	  1.066	     --
[component_container-11] 	 43.470	  Sonar	     --	     --	    inf	     --
[component_container-11] 	 43.470	  Magnt	     --	     --	     --	  0.530
[component_container-11] 
[component_container-11] 	 43.500	   Pose	  1.334	  2.692	  5.017	  0.496
[component_container-11] 	 43.500	  Twist	  0.027	  0.474	 -0.068	 -0.288
[component_container-11] 	 43.500	ErrPose	 -0.726	 -0.439	  0.021	  0.003
[component_container-11] 	 43.500	ErrTwis	 -0.634	 -0.593	  0.054	  0.008
[component_container-11] 	 43.500	    GPS	  1.077	  2.477	  5.059	     --
[component_container-11] 	 43.500	   Baro	     --	     --	  5.948	     --
[component_container-11] 	 43.500	  BBias	     --	     --	  1.066	     --
[component_container-11] 	 43.500	  Sonar	     --	     --	    inf	     --
[component_container-11] 	 43.500	  Magnt	     --	     --	     --	  0.530
[component_container-11] 
[component_container-11] 	 43.540	   Pose	  1.000	  2.463	  5.020	  0.485
[component_container-11] 	 43.540	  Twist	 -0.198	  0.289	 -0.064	 -0.279
[component_container-11] 	 43.540	ErrPose	 -0.412	 -0.227	  0.016	  0.002
[component_container-11] 	 43.540	ErrTwis	 -0.422	 -0.422	  0.051	 -0.001
[component_container-11] 	 43.540	    GPS	  0.609	  2.253	  5.037	     --
[component_container-11] 	 43.540	   Baro	     --	     --	  6.111	     --
[component_container-11] 	 43.540	  BBias	     --	     --	  1.066	     --
[component_container-11] 	 43.540	  Sonar	     --	     --	    inf	     --
[component_container-11] 	 43.540	  Magnt	     --	     --	     --	  0.534
[component_container-11] 
[component_container-11] 	 43.570	   Pose	  0.994	  2.471	  5.021	  0.476
[component_container-11] 	 43.570	  Twist	 -0.198	  0.292	 -0.060	 -0.297
[component_container-11] 	 43.570	ErrPose	 -0.416	 -0.244	  0.015	  0.006
[component_container-11] 	 43.570	ErrTwis	 -0.429	 -0.431	  0.048	  0.018
[component_container-11] 	 43.570	    GPS	  0.609	  2.253	  5.037	     --
[component_container-11] 	 43.570	   Baro	     --	     --	  6.123	     --
[component_container-11] 	 43.570	  BBias	     --	     --	  1.066	     --
[component_container-11] 	 43.570	  Sonar	     --	     --	    inf	     --
[component_container-11] 	 43.570	  Magnt	     --	     --	     --	  0.459
[component_container-11] 
[component_container-11] [INFO] [1775368667.830588191] [drone.behavior]: Behavior transition TURTLE_POSITION -> TURTLE_WAYPOINT | turtle_stop=false | waypoint=(0.99, 2.19, 5.00)
[component_container-11] [INFO] [1775368667.830632510] [drone.behavior]: Behavior target TURTLE_WAYPOINT | new_waypoint=(1.00, 4.00, 5.00)
[component_container-11] 	 43.600	   Pose	  0.989	  2.480	  5.019	  0.467
[component_container-11] 	 43.600	  Twist	 -0.197	  0.294	 -0.060	 -0.286
[component_container-11] 	 43.600	ErrPose	 -0.430	 -0.270	  0.015	  0.004
[component_container-11] 	 43.600	ErrTwis	 -0.441	 -0.448	  0.047	  0.007
[component_container-11] 	 43.600	    GPS	  0.609	  2.253	  5.037	     --
[component_container-11] 	 43.600	   Baro	     --	     --	  6.123	     --
[component_container-11] 	 43.600	  BBias	     --	     --	  1.066	     --
[component_container-11] 	 43.600	  Sonar	     --	     --	    inf	     --
[component_container-11] 	 43.600	  Magnt	     --	     --	     --	  0.459
[component_container-11] 
[component_container-11] 	 43.640	   Pose	  0.981	  2.492	  5.021	  0.457
[component_container-11] 	 43.640	  Twist	 -0.196	  0.297	 -0.055	 -0.275
[component_container-11] 	 43.640	ErrPose	 -0.443	 -0.300	  0.011	  0.003
[component_container-11] 	 43.640	ErrTwis	 -0.453	 -0.465	  0.042	 -0.004
[component_container-11] 	 43.640	    GPS	  0.609	  2.253	  5.037	     --
[component_container-11] 	 43.640	   Baro	     --	     --	  6.137	     --
[component_container-11] 	 43.640	  BBias	     --	     --	  1.066	     --
[component_container-11] 	 43.640	  Sonar	     --	     --	    inf	     --
[component_container-11] 	 43.640	  Magnt	     --	     --	     --	  0.505
[component_container-11] 
[component_container-11] 	 43.670	   Pose	  0.975	  2.501	  5.026	  0.449
[component_container-11] 	 43.670	  Twist	 -0.196	  0.299	 -0.048	 -0.274
[component_container-11] 	 43.670	ErrPose	 -0.447	 -0.319	  0.005	  0.005
[component_container-11] 	 43.670	ErrTwis	 -0.458	 -0.474	  0.036	 -0.005
[component_container-11] 	 43.670	    GPS	  0.609	  2.253	  5.037	     --
[component_container-11] 	 43.670	   Baro	     --	     --	  6.168	     --
[component_container-11] 	 43.670	  BBias	     --	     --	  1.066	     --
[component_container-11] 	 43.670	  Sonar	     --	     --	    inf	     --
[component_container-11] 	 43.670	  Magnt	     --	     --	     --	  0.473
[component_container-11] 
[component_container-11] 	 43.700	   Pose	  0.969	  2.510	  5.025	  0.440
[component_container-11] 	 43.700	  Twist	 -0.195	  0.301	 -0.047	 -0.275
[component_container-11] 	 43.700	ErrPose	 -0.462	 -0.346	  0.005	  0.003
[component_container-11] 	 43.700	ErrTwis	 -0.467	 -0.490	  0.036	 -0.004
[component_container-11] 	 43.700	    GPS	  0.609	  2.253	  5.037	     --
[component_container-11] 	 43.700	   Baro	     --	     --	  6.168	     --
[component_container-11] 	 43.700	  BBias	     --	     --	  1.066	     --
[component_container-11] 	 43.700	  Sonar	     --	     --	    inf	     --
[component_container-11] 	 43.700	  Magnt	     --	     --	     --	  0.473
[component_container-11] 
[component_container-11] 	 43.740	   Pose	  0.961	  2.522	  5.032	  0.429
[component_container-11] 	 43.740	  Twist	 -0.194	  0.303	 -0.037	 -0.278
[component_container-11] 	 43.740	ErrPose	 -0.475	 -0.377	 -0.003	  0.002
[component_container-11] 	 43.740	ErrTwis	 -0.475	 -0.504	  0.024	 -0.002
[component_container-11] 	 43.740	    GPS	  0.609	  2.253	  5.037	     --
[component_container-11] 	 43.740	   Baro	     --	     --	  6.196	     --
[component_container-11] 	 43.740	  BBias	     --	     --	  1.066	     --
[component_container-11] 	 43.740	  Sonar	     --	     --	    inf	     --
[component_container-11] 	 43.740	  Magnt	     --	     --	     --	  0.456
[component_container-11] 
[component_container-11] 	 43.770	   Pose	  0.955	  2.531	  5.020	  0.421
[component_container-11] 	 43.770	  Twist	 -0.192	  0.304	 -0.047	 -0.278
[component_container-11] 	 43.770	ErrPose	 -0.479	 -0.396	  0.008	  0.005
[component_container-11] 	 43.770	ErrTwis	 -0.480	 -0.510	  0.033	 -0.002
[component_container-11] 	 43.770	    GPS	  0.609	  2.253	  5.037	     --
[component_container-11] 	 43.770	   Baro	     --	     --	  5.970	     --
[component_container-11] 	 43.770	  BBias	     --	     --	  1.066	     --
[component_container-11] 	 43.770	  Sonar	     --	     --	    inf	     --
[component_container-11] 	 43.770	  Magnt	     --	     --	     --	  0.443
[component_container-11] 
[component_container-11] 	 43.800	   Pose	  0.950	  2.540	  5.018	  0.412
[component_container-11] 	 43.800	  Twist	 -0.190	  0.304	 -0.046	 -0.271
[component_container-11] 	 43.800	ErrPose	 -0.495	 -0.424	  0.008	  0.002
[component_container-11] 	 43.800	ErrTwis	 -0.486	 -0.515	  0.029	 -0.011
[component_container-11] 	 43.800	    GPS	  0.609	  2.253	  5.037	     --
[component_container-11] 	 43.800	   Baro	     --	     --	  5.970	     --
[component_container-11] 	 43.800	  BBias	     --	     --	  1.066	     --
[component_container-11] 	 43.800	  Sonar	     --	     --	    inf	     --
[component_container-11] 	 43.800	  Magnt	     --	     --	     --	  0.443
[component_container-11] 
[component_container-11] 	 43.840	   Pose	  0.942	  2.552	  5.009	  0.402
[component_container-11] 	 43.840	  Twist	 -0.189	  0.303	 -0.054	 -0.277
[component_container-11] 	 43.840	ErrPose	 -0.509	 -0.454	  0.016	  0.001
[component_container-11] 	 43.840	ErrTwis	 -0.491	 -0.510	  0.032	 -0.005
[component_container-11] 	 43.840	    GPS	  0.609	  2.253	  5.037	     --
[component_container-11] 	 43.840	   Baro	     --	     --	  6.003	     --
[component_container-11] 	 43.840	  BBias	     --	     --	  1.066	     --
[component_container-11] 	 43.840	  Sonar	     --	     --	    inf	     --
[component_container-11] 	 43.840	  Magnt	     --	     --	     --	  0.430
[component_container-11] 
[component_container-11] 	 43.870	   Pose	  0.936	  2.561	  5.000	  0.393
[component_container-11] 	 43.870	  Twist	 -0.188	  0.304	 -0.062	 -0.285
[component_container-11] 	 43.870	ErrPose	 -0.515	 -0.472	  0.025	  0.003
[component_container-11] 	 43.870	ErrTwis	 -0.494	 -0.505	  0.037	  0.002
[component_container-11] 	 43.870	    GPS	  0.609	  2.253	  5.037	     --
[component_container-11] 	 43.870	   Baro	     --	     --	  5.990	     --
[component_container-11] 	 43.870	  BBias	     --	     --	  1.066	     --
[component_container-11] 	 43.870	  Sonar	     --	     --	    inf	     --
[component_container-11] 	 43.870	  Magnt	     --	     --	     --	  0.430
[component_container-11] 
[component_container-11] 	 43.900	   Pose	  0.931	  2.571	  4.998	  0.385
[component_container-11] 	 43.900	  Twist	 -0.186	  0.306	 -0.063	 -0.280
[component_container-11] 	 43.900	ErrPose	 -0.532	 -0.497	  0.025	  0.000
[component_container-11] 	 43.900	ErrTwis	 -0.497	 -0.484	  0.032	 -0.004
[component_container-11] 	 43.900	    GPS	  0.609	  2.253	  5.037	     --
[component_container-11] 	 43.900	   Baro	     --	     --	  5.990	     --
[component_container-11] 	 43.900	  BBias	     --	     --	  1.066	     --
[component_container-11] 	 43.900	  Sonar	     --	     --	    inf	     --
[component_container-11] 	 43.900	  Magnt	     --	     --	     --	  0.430
[component_container-11] 
[component_container-11] 	 43.940	   Pose	  0.923	  2.583	  4.987	  0.372
[component_container-11] 	 43.940	  Twist	 -0.185	  0.307	 -0.072	 -0.271
[component_container-11] 	 43.940	ErrPose	 -0.548	 -0.524	  0.036	  0.002
[component_container-11] 	 43.940	ErrTwis	 -0.499	 -0.454	  0.038	 -0.014
[component_container-11] 	 43.940	    GPS	  0.609	  2.253	  5.037	     --
[component_container-11] 	 43.940	   Baro	     --	     --	  5.968	     --
[component_container-11] 	 43.940	  BBias	     --	     --	  1.066	     --
[component_container-11] 	 43.940	  Sonar	     --	     --	    inf	     --
[component_container-11] 	 43.940	  Magnt	     --	     --	     --	  0.329
[component_container-11] 
[component_container-11] 	 43.970	   Pose	  0.918	  2.592	  4.994	  0.363
[component_container-11] 	 43.970	  Twist	 -0.184	  0.308	 -0.065	 -0.292
[component_container-11] 	 43.970	ErrPose	 -0.555	 -0.540	  0.028	  0.005
[component_container-11] 	 43.970	ErrTwis	 -0.499	 -0.437	  0.031	  0.008
[component_container-11] 	 43.970	    GPS	  0.609	  2.253	  5.037	     --
[component_container-11] 	 43.970	   Baro	     --	     --	  6.157	     --
[component_container-11] 	 43.970	  BBias	     --	     --	  1.066	     --
[component_container-11] 	 43.970	  Sonar	     --	     --	    inf	     --
[component_container-11] 	 43.970	  Magnt	     --	     --	     --	  0.353
[component_container-11] 
[component_container-11] [INFO] [1775368668.231679047] [drone.controller]: cmd_vel body=(0.413, 0.911, 0.006) yaw=-0.300 | odom_received=true | plan_points=15
[component_container-11] 	 44.000	   Pose	  0.912	  2.601	  4.992	  0.355
[component_container-11] 	 44.000	  Twist	 -0.184	  0.309	 -0.067	 -0.283
[component_container-11] 	 44.000	ErrPose	 -0.574	 -0.561	  0.028	  0.001
[component_container-11] 	 44.000	ErrTwis	 -0.499	 -0.397	  0.032	  0.000
[component_container-11] 	 44.000	    GPS	  0.609	  2.253	  5.037	     --
[component_container-11] 	 44.000	   Baro	     --	     --	  6.157	     --
[component_container-11] 	 44.000	  BBias	     --	     --	  1.066	     --
[component_container-11] 	 44.000	  Sonar	     --	     --	    inf	     --
[component_container-11] 	 44.000	  Magnt	     --	     --	     --	  0.353
[component_container-11] 
[component_container-11] [INFO] [1775368668.231993694] [drone.estimator]: TMP LOG err_xyz=(-0.574, -0.561, 0.028) | z_est=4.992 vz_est=-0.067 bias=1.066 | gps_z=5.037 sonar=inf baro=6.157
[component_container-11] [INFO] [1775368668.238124107] [drone.estimator]: TMP LOG gps innov_xy=(-0.541, -0.623) est_xy=(0.912, 2.601) gps_xy=(0.372, 1.979) corr_xy=(0.372, 1.979) vel_xy=(-0.184, 0.309)
[component_container-11] [INFO] [1775368668.238625046] [drone.estimator]: TMP LOG gps vel pseudo raw=(-0.474, -0.549) filt=(-0.514, -0.532) innov_v=(-0.260, -0.760) apply=(1,1)
[component_container-11] 	 44.040	   Pose	  0.704	  2.316	  4.989	  0.343
[component_container-11] 	 44.040	  Twist	 -0.294	  0.106	 -0.069	 -0.294
[component_container-11] 	 44.040	ErrPose	 -0.391	 -0.286	  0.030	  0.001
[component_container-11] 	 44.040	ErrTwis	 -0.388	 -0.150	  0.033	  0.012
[component_container-11] 	 44.040	    GPS	  0.372	  1.979	  5.020	     --
[component_container-11] 	 44.040	   Baro	     --	     --	  5.994	     --
[component_container-11] 	 44.040	  BBias	     --	     --	  1.065	     --
[component_container-11] 	 44.040	  Sonar	     --	     --	    inf	     --
[component_container-11] 	 44.040	  Magnt	     --	     --	     --	  0.310
[component_container-11] 
[component_container-11] 	 44.070	   Pose	  0.695	  2.319	  4.994	  0.333
[component_container-11] 	 44.070	  Twist	 -0.293	  0.107	 -0.062	 -0.286
[component_container-11] 	 44.070	ErrPose	 -0.395	 -0.293	  0.025	  0.005
[component_container-11] 	 44.070	ErrTwis	 -0.388	 -0.128	  0.026	  0.004
[component_container-11] 	 44.070	    GPS	  0.372	  1.979	  5.020	     --
[component_container-11] 	 44.070	   Baro	     --	     --	  6.141	     --
[component_container-11] 	 44.070	  BBias	     --	     --	  1.066	     --
[component_container-11] 	 44.070	  Sonar	     --	     --	    inf	     --
[component_container-11] 	 44.070	  Magnt	     --	     --	     --	  0.307
[component_container-11] 
[component_container-11] 	 44.100	   Pose	  0.686	  2.322	  4.992	  0.325
[component_container-11] 	 44.100	  Twist	 -0.292	  0.108	 -0.063	 -0.292
[component_container-11] 	 44.100	ErrPose	 -0.413	 -0.303	  0.025	  0.002
[component_container-11] 	 44.100	ErrTwis	 -0.387	 -0.082	  0.029	  0.012
[component_container-11] 	 44.100	    GPS	  0.372	  1.979	  5.020	     --
[component_container-11] 	 44.100	   Baro	     --	     --	  6.141	     --
[component_container-11] 	 44.100	  BBias	     --	     --	  1.066	     --
[component_container-11] 	 44.100	  Sonar	     --	     --	    inf	     --
[component_container-11] 	 44.100	  Magnt	     --	     --	     --	  0.307
[component_container-11] 
[component_container-11] 	 44.140	   Pose	  0.675	  2.327	  4.986	  0.314
[component_container-11] 	 44.140	  Twist	 -0.290	  0.109	 -0.066	 -0.276
[component_container-11] 	 44.140	ErrPose	 -0.428	 -0.312	  0.029	  0.000
[component_container-11] 	 44.140	ErrTwis	 -0.386	 -0.034	  0.035	 -0.003
[component_container-11] 	 44.140	    GPS	  0.372	  1.979	  5.020	     --
[component_container-11] 	 44.140	   Baro	     --	     --	  6.018	     --
[component_container-11] 	 44.140	  BBias	     --	     --	  1.065	     --
[component_container-11] 	 44.140	  Sonar	     --	     --	    inf	     --
[component_container-11] 	 44.140	  Magnt	     --	     --	     --	  0.317
[component_container-11] 
[component_container-11] 	 44.170	   Pose	  0.666	  2.330	  4.983	  0.306
[component_container-11] 	 44.170	  Twist	 -0.290	  0.110	 -0.068	 -0.284
[component_container-11] 	 44.170	ErrPose	 -0.433	 -0.317	  0.032	  0.002
[component_container-11] 	 44.170	ErrTwis	 -0.385	 -0.010	  0.038	  0.005
[component_container-11] 	 44.170	    GPS	  0.372	  1.979	  5.020	     --
[component_container-11] 	 44.170	   Baro	     --	     --	  6.030	     --
[component_container-11] 	 44.170	  BBias	     --	     --	  1.065	     --
[component_container-11] 	 44.170	  Sonar	     --	     --	    inf	     --
[component_container-11] 	 44.170	  Magnt	     --	     --	     --	  0.334
[component_container-11] 
[component_container-11] 	 44.200	   Pose	  0.657	  2.333	  4.981	  0.297
[component_container-11] 	 44.200	  Twist	 -0.288	  0.111	 -0.070	 -0.271
[component_container-11] 	 44.200	ErrPose	 -0.452	 -0.321	  0.032	 -0.001
[component_container-11] 	 44.200	ErrTwis	 -0.383	  0.039	  0.039	 -0.006
[component_container-11] 	 44.200	    GPS	  0.372	  1.979	  5.020	     --
[component_container-11] 	 44.200	   Baro	     --	     --	  6.030	     --
[component_container-11] 	 44.200	  BBias	     --	     --	  1.065	     --
[component_container-11] 	 44.200	  Sonar	     --	     --	    inf	     --
[component_container-11] 	 44.200	  Magnt	     --	     --	     --	  0.334
[component_container-11] 
[component_container-11] 	 44.240	   Pose	  0.646	  2.338	  4.976	  0.285
[component_container-11] 	 44.240	  Twist	 -0.286	  0.112	 -0.071	 -0.287
[component_container-11] 	 44.240	ErrPose	 -0.468	 -0.324	  0.034	  0.001
[component_container-11] 	 44.240	ErrTwis	 -0.379	  0.087	  0.043	  0.010
[component_container-11] 	 44.240	    GPS	  0.372	  1.979	  5.020	     --
[component_container-11] 	 44.240	   Baro	     --	     --	  6.026	     --
[component_container-11] 	 44.240	  BBias	     --	     --	  1.065	     --
[component_container-11] 	 44.240	  Sonar	     --	     --	    inf	     --
[component_container-11] 	 44.240	  Magnt	     --	     --	     --	  0.226
[component_container-11] 
[component_container-11] 	 44.270	   Pose	  0.637	  2.341	  4.981	  0.275
[component_container-11] 	 44.270	  Twist	 -0.285	  0.112	 -0.064	 -0.279
[component_container-11] 	 44.270	ErrPose	 -0.474	 -0.326	  0.028	  0.004
[component_container-11] 	 44.270	ErrTwis	 -0.377	  0.112	  0.038	  0.003
[component_container-11] 	 44.270	    GPS	  0.372	  1.979	  5.020	     --
[component_container-11] 	 44.270	   Baro	     --	     --	  6.128	     --
[component_container-11] 	 44.270	  BBias	     --	     --	  1.066	     --
[component_container-11] 	 44.270	  Sonar	     --	     --	    inf	     --
[component_container-11] 	 44.270	  Magnt	     --	     --	     --	  0.230
[component_container-11] 
[component_container-11] 	 44.300	   Pose	  0.629	  2.345	  4.979	  0.267
[component_container-11] 	 44.300	  Twist	 -0.285	  0.113	 -0.064	 -0.266
[component_container-11] 	 44.300	ErrPose	 -0.494	 -0.325	  0.027	  0.000
[component_container-11] 	 44.300	ErrTwis	 -0.372	  0.160	  0.039	 -0.009
[component_container-11] 	 44.300	    GPS	  0.372	  1.979	  5.020	     --
[component_container-11] 	 44.300	   Baro	     --	     --	  6.128	     --
[component_container-11] 	 44.300	  BBias	     --	     --	  1.066	     --
[component_container-11] 	 44.300	  Sonar	     --	     --	    inf	     --
[component_container-11] 	 44.300	  Magnt	     --	     --	     --	  0.230
[component_container-11] 
[component_container-11] 	 44.340	   Pose	  0.617	  2.349	  4.972	  0.256
[component_container-11] 	 44.340	  Twist	 -0.283	  0.113	 -0.069	 -0.295
[component_container-11] 	 44.340	ErrPose	 -0.511	 -0.322	  0.032	  0.001
[component_container-11] 	 44.340	ErrTwis	 -0.367	  0.206	  0.043	  0.021
[component_container-11] 	 44.340	    GPS	  0.372	  1.979	  5.020	     --
[component_container-11] 	 44.340	   Baro	     --	     --	  5.990	     --
[component_container-11] 	 44.340	  BBias	     --	     --	  1.065	     --
[component_container-11] 	 44.340	  Sonar	     --	     --	    inf	     --
[component_container-11] 	 44.340	  Magnt	     --	     --	     --	  0.255
[component_container-11] 
[component_container-11] 	 44.370	   Pose	  0.609	  2.353	  4.966	  0.246
[component_container-11] 	 44.370	  Twist	 -0.281	  0.114	 -0.073	 -0.283
[component_container-11] 	 44.370	ErrPose	 -0.517	 -0.322	  0.037	  0.005
[component_container-11] 	 44.370	ErrTwis	 -0.365	  0.229	  0.047	  0.009
[component_container-11] 	 44.370	    GPS	  0.372	  1.979	  5.020	     --
[component_container-11] 	 44.370	   Baro	     --	     --	  5.990	     --
[component_container-11] 	 44.370	  BBias	     --	     --	  1.065	     --
[component_container-11] 	 44.370	  Sonar	     --	     --	    inf	     --
[component_container-11] 	 44.370	  Magnt	     --	     --	     --	  0.197
[component_container-11] 
