time_sec,est_x,est_y,est_z,est_yaw,true_x,true_y,true_z,true_yaw,err_x,err_y,err_z,err_yaw
0.0,-1.999982374,-2.000004295,0.066847701,-0.030706612,-2.0,-2.0,0.050029904,-0.0,-1.7626e-05,4.295e-06,-0.016817797,0.030706612
0.04,-1.999912128,-2.000046704,0.058348019,-0.025630272,-2.0,-2.0,0.050059808,-0.0,-8.7872e-05,4.6704e-05,-0.008288211,0.025630272
0.07,-1.999782738,-2.000140698,0.058498125,-0.025335272,-2.0,-2.0,0.050089742,-0.0,-0.000217262,0.000140698,-0.008408383,0.025335272
0.11,-1.999521574,-2.00032591,0.063091408,-0.007814342,-2.0,-2.0,0.050129732,-0.0,-0.000478426,0.00032591,-0.012961676,0.007814342
0.14,-1.999244254,-2.000498849,0.05888446,-0.004558956,-2.0,-2.0,0.050159731,-7.6884e-05,-0.000755746,0.000498849,-0.008724729,0.004482072
0.17,-1.998919912,-2.000715799,0.05902326,-0.005338956,-1.999999999,-1.999999999,0.050394148,-0.000927459,-0.001080087,0.0007158,-0.008629112,0.004411497
0.21,-1.998427335,-2.001059836,0.066384729,0.000622979,-1.999998683,-1.999999616,0.051923651,-0.004080179,-0.001571348,0.00106022,-0.014461078,-0.004703158
0.24,-1.997983274,-2.001361774,0.0567482,0.000589733,-1.99999441,-1.999998217,0.054040267,-0.007670048,-0.002011135,0.001363556,-0.002707933,-0.008259782
0.27,-1.997474201,-2.001696947,0.059013785,-0.003740267,-1.999987617,-1.999995584,0.056833565,-0.011994317,-0.002513416,0.001701362,-0.00218022,-0.008254051
0.31,-1.996696797,-2.002202532,0.064876582,-0.015199118,-1.999976261,-1.999989337,0.061728107,-0.018869209,-0.003279463,0.002213195,-0.003148476,-0.003670091
0.34,-1.996057967,-2.002620771,0.077773459,-0.017286818,-1.999966162,-1.999982155,0.066211633,-0.024689198,-0.003908195,0.002638616,-0.011561825,-0.00740238
0.37,-1.995378883,-2.003067466,0.082690886,-0.023336818,-1.999953536,-1.999973036,0.071246156,-0.030904407,-0.004574653,0.003094431,-0.01144473,-0.007567589
0.41,-1.99437636,-2.003727476,0.0947093,-0.036569671,-1.999931175,-1.999957766,0.07890105,-0.039786179,-0.005554815,0.00376971,-0.01580825,-0.003216507
0.44,-1.993552144,-2.004259792,0.095374198,-0.041698177,-1.99991193,-1.999944415,0.085295225,-0.046803013,-0.006359786,0.004315377,-0.010078973,-0.005104837
0.47,-1.992670377,-2.004833995,0.101866554,-0.049278177,-1.999891631,-1.999929679,0.092132932,-0.0540315,-0.007221254,0.004904316,-0.009733622,-0.004753323
0.51,-1.727470631,-1.927350021,0.107084863,-0.059331254,-1.999861075,-1.999907217,0.102010243,-0.063988029,-0.272390444,-0.072557196,-0.00507462,-0.004656774
0.54,-1.720987936,-1.926374691,0.109986188,-0.071079644,-1.999834504,-1.999888291,0.109946775,-0.071645029,-0.278846569,-0.0735136,-3.9414e-05,-0.000565385
0.57,-1.714448947,-1.925451858,0.117230007,-0.078684644,-1.999806085,-1.99986794,0.11824593,-0.079410784,-0.285357138,-0.074416082,0.001015923,-0.000726141
0.61,-1.705666154,-1.924270403,0.122955472,-0.087168786,-1.99977208,-1.99984291,0.129939055,-0.089933341,-0.294105926,-0.075572507,0.006983583,-0.002764555
0.64,-1.69901022,-1.923435478,0.134146856,-0.095166475,-1.999764765,-1.999842388,0.139145481,-0.09792574,-0.300754544,-0.07640691,0.004998625,-0.002759265
0.67,-1.692298101,-1.922630439,0.142398306,-0.103008975,-1.999781363,-1.999874066,0.148653379,-0.10597524,-0.307483262,-0.077243627,0.006255073,-0.002966265
0.71,-1.683264877,-1.921607298,0.14512081,-0.113182752,-1.999853615,-2.000015094,0.161853712,-0.116793927,-0.316588738,-0.078407797,0.016732902,-0.003611174
0.74,-1.676424651,-1.920883134,0.154315781,-0.12159785,-1.999941008,-2.000218589,0.172115846,-0.124967374,-0.323516357,-0.079335454,0.017800065,-0.003369524
0.77,-1.669537399,-1.920200904,0.162870687,-0.12975535,-2.000053108,-2.000497913,0.182621995,-0.133183753,-0.330515709,-0.08029701,0.019751308,-0.003428403
0.81,-1.660256203,-1.919394396,0.182330671,-0.137888918,-2.000262167,-2.001001384,0.197054102,-0.144188279,-0.340005964,-0.081606988,0.014723431,-0.006299361
0.84,-1.653248442,-1.918838498,0.19785478,-0.146260422,-2.000470851,-2.00146433,0.208172571,-0.152458933,-0.34722241,-0.082625832,0.010317791,-0.006198511
0.87,-1.64618881,-1.918322044,0.20806408,-0.154462922,-2.000713102,-2.001981154,0.219493858,-0.160745615,-0.354524293,-0.08365911,0.011429778,-0.006282693
0.91,-1.636696498,-1.917691675,0.216703281,-0.164782433,-2.001089196,-2.002756285,0.234937078,-0.171830109,-0.364392698,-0.08506461,0.018233797,-0.007047676
0.94,-1.629519225,-1.917281317,0.229550219,-0.171883748,-2.001417017,-2.003391818,0.246762836,-0.180159758,-0.371897792,-0.086110501,0.017212618,-0.00827601
0.97,-1.622300758,-1.916920394,0.24009932,-0.180051248,-2.001785388,-2.004060965,0.25875587,-0.188494115,-0.379484631,-0.087140571,0.01865655,-0.008442867
1.01,-1.56067242,-2.039027601,0.263936617,-0.192183906,-2.002350435,-2.005008352,0.275032247,-0.199616262,-0.441678015,0.034019249,0.01109563,-0.007432355
1.04,-1.551982335,-2.041113835,0.28267067,-0.199994614,-2.002821604,-2.005757233,0.28744226,-0.207970518,-0.450839268,0.035356602,0.00477159,-0.007975904
1.07,-1.543225366,-2.043245408,0.294763206,-0.208112114,-2.003327532,-2.006531447,0.299990425,-0.216329645,-0.460102166,0.03671396,0.005227219,-0.008217531
1.11,-1.531477593,-2.04615546,0.307962548,-0.217033435,-2.004081022,-2.00759759,0.316964713,-0.227476305,-0.472603429,0.03855787,0.009002165,-0.01044287
1.14,-1.522603596,-2.048394717,0.319587608,-0.224185479,-2.004714363,-2.008398879,0.329861495,-0.235834866,-0.482110767,0.039995838,0.010273887,-0.011649388
1.17,-1.513674991,-2.050692739,0.331745102,-0.232675479,-2.005393992,-2.00917996,0.342874086,-0.244192886,-0.491719001,0.041512779,0.011128983,-0.011517408
1.21,-1.501685541,-2.053844379,0.352796789,-0.244065004,-2.006372079,-2.010144028,0.360427021,-0.255338966,-0.504686538,0.043700351,0.007630232,-0.011273963
1.24,-1.492644515,-2.056266938,0.367743347,-0.253331632,-2.007156668,-2.010785067,0.373725199,-0.263698507,-0.514512153,0.045481871,0.005981852,-0.010366875
1.27,-1.483562443,-2.05873157,0.380628157,-0.261671632,-2.007982266,-2.011360107,0.387114272,-0.272061129,-0.524419824,0.047371464,0.006486115,-0.010389497
1.31,-1.471381271,-2.062129957,0.395400575,-0.273811653,-2.00916413,-2.012009886,0.405122438,-0.283226258,-0.537782859,0.050120071,0.009721863,-0.009414605
1.34,-1.462168411,-2.064746313,0.420633745,-0.282534481,-2.010111393,-2.012420784,0.418738334,-0.291605177,-0.547942982,0.052325528,-0.001895411,-0.009070697
1.37,-1.452898528,-2.067405909,0.434368688,-0.290794481,-2.011104373,-2.012783957,0.432427484,-0.299984149,-0.558205846,0.054621952,-0.001941204,-0.009189668
1.41,-1.440465531,-2.07103013,0.453443783,-0.300205534,-2.012523684,-2.013190811,0.450807496,-0.311159657,-0.572058153,0.057839319,-0.002636287,-0.010954123
1.44,-1.431084783,-2.073805811,0.467081236,-0.307056702,-2.013668532,-2.01344458,0.464680709,-0.319544525,-0.582583749,0.060361232,-0.002400527,-0.012487823
1.47,-1.42166293,-2.076625672,0.480957264,-0.315246702,-2.01487256,-2.01366545,0.478614338,-0.327930015,-0.59320963,0.062960223,-0.002342926,-0.012683313
1.51,-1.677175125,-1.956798795,0.499847797,-0.326014329,-2.016584916,-2.013907067,0.497297043,-0.339111422,-0.33940979,-0.057108272,-0.002550754,-0.013097093
1.54,-1.673505517,-1.956802563,0.514348376,-0.333563458,-2.017954548,-2.014052047,0.511381184,-0.347498876,-0.344449031,-0.057249485,-0.002967193,-0.013935418
1.57,-1.669799733,-1.956868542,0.52833235,-0.341663458,-2.019392072,-2.014171585,0.525518504,-0.355887029,-0.349592339,-0.057303043,-0.002813846,-0.014223571
1.61,-1.664797779,-1.957029459,0.539274515,-0.352468165,-2.0214314,-2.014290671,0.544461832,-0.36706772,-0.356633621,-0.057261212,0.005187317,-0.014599555
1.64,-1.660993766,-1.957202881,0.553086152,-0.361028889,-2.023033891,-2.014363361,0.558741918,-0.375452085,-0.362040124,-0.05716048,0.005655766,-0.014423196
1.67,-1.657130362,-1.957410124,0.566414851,-0.368983889,-2.024678543,-2.014433237,0.573069903,-0.383839518,-0.367548181,-0.057023113,0.006655052,-0.014855629
1.71,-1.651884047,-1.957763629,0.583884835,-0.381520756,-2.026956207,-2.014527308,0.592257144,-0.395028449,-0.37507216,-0.056763679,0.008372309,-0.013507693
1.74,-1.647898562,-1.958095253,0.597263765,-0.390745769,-2.02874509,-2.014597205,0.606711534,-0.403416331,-0.380846527,-0.056501952,0.009447768,-0.012670562
1.77,-1.643871665,-1.958488695,0.610759053,-0.399010769,-2.030592886,-2.014668397,0.621205564,-0.411799853,-0.386721222,-0.056179702,0.01044651,-0.012789084
1.81,-1.638430975,-1.959098963,0.633928329,-0.412198714,-2.033144647,-2.014775439,0.640608005,-0.422983151,-0.394713672,-0.055676476,0.006679676,-0.010784436
1.84,-1.634303934,-1.959611149,0.644473981,-0.421336429,-2.035119728,-2.014866722,0.65520813,-0.431378088,-0.400815794,-0.055255573,0.01073415,-0.010041659
1.87,-1.630127995,-1.960187899,0.658112904,-0.429801429,-2.037148604,-2.014961371,0.669846102,-0.439771453,-0.407020608,-0.054773472,0.011733198,-0.009970024
1.91,-1.624500594,-1.961070268,0.672923284,-0.442525193,-2.039960179,-2.015088812,0.689420459,-0.450953152,-0.415459585,-0.054018544,0.016497175,-0.008427959
1.94,-1.620242195,-1.961797953,0.688865872,-0.451715148,-2.042135044,-2.015190617,0.704145433,-0.459340979,-0.421892849,-0.053392664,0.015279561,-0.007625831
1.97,-1.61594448,-1.962572423,0.702460473,-0.459897648,-2.044349963,-2.015300133,0.718897795,-0.467735057,-0.428405483,-0.05272771,0.016437323,-0.007837409
2.01,-1.670080601,-1.855950455,0.729954897,-0.470407062,-2.047387649,-2.015453497,0.738617844,-0.478929477,-0.377307049,-0.159503042,0.008662948,-0.008522414
2.04,-1.666725956,-1.854235658,0.744903526,-0.47834259,-2.049740875,-2.01556681,0.753442398,-0.487317676,-0.383014919,-0.161331152,0.008538872,-0.008975086
2.07,-1.663324758,-1.852577296,0.759150533,-0.48652009,-2.052143511,-2.015680578,0.768288673,-0.495698776,-0.388818753,-0.163103282,0.00913814,-0.009178687
2.11,-1.658712313,-1.850470021,0.784066841,-0.498031693,-2.055417363,-2.015845714,0.788122897,-0.506875707,-0.39670505,-0.165375694,0.004056056,-0.008844014
2.14,-1.655187694,-1.848955883,0.802039076,-0.506343274,-2.057924723,-2.015990868,0.803021004,-0.51526142,-0.402737029,-0.167034986,0.000981928,-0.008918147
2.17,-1.651625848,-1.847507162,0.81682562,-0.514258274,-2.060479648,-2.016158628,0.81793829,-0.523642714,-0.4088538,-0.168651466,0.00111267,-0.00938444
2.21,-1.646820321,-1.845661286,0.831606435,-0.524888957,-2.063983095,-2.016443436,0.837855928,-0.534811123,-0.417162774,-0.17078215,0.006249493,-0.009922166
2.24,-1.64318313,-1.844351297,0.845435572,-0.532791455,-2.066679148,-2.016719307,0.85281292,-0.543193848,-0.423496018,-0.172368011,0.007377348,-0.010402393
2.27,-1.639528675,-1.843119922,0.85886909,-0.541088955,-2.069423206,-2.017043858,0.867779187,-0.551587684,-0.429894531,-0.173923936,0.008910097,-0.010498729
2.31,-1.634620548,-1.841581747,0.88288586,-0.552992715,-2.073176549,-2.017556647,0.887754599,-0.562780234,-0.438556001,-0.1759749,0.004868739,-0.009787519
2.34,-1.630908781,-1.840487492,0.8984545,-0.560696421,-2.076062364,-2.017992706,0.902747371,-0.571164379,-0.445153583,-0.177505214,0.004292871,-0.010467958
2.37,-1.627158628,-1.839439411,0.913009221,-0.569051421,-2.078991625,-2.018465069,0.917749833,-0.579549236,-0.451832996,-0.179025658,0.004740612,-0.010497816
2.41,-1.622076848,-1.838132319,0.934141515,-0.580024905,-2.082963037,-2.019160069,0.937767726,-0.59074197,-0.460886188,-0.18102775,0.003626212,-0.010717064
2.44,-1.61822493,-1.83725199,0.945234033,-0.589412963,-2.085991461,-2.019722364,0.952792262,-0.599137665,-0.467766531,-0.182470374,0.007558229,-0.009724702
2.47,-1.61434302,-1.836443015,0.959566576,-0.597795463,-2.089058863,-2.020308716,0.967824367,-0.607527563,-0.474715843,-0.183865701,0.00825779,-0.0097321
2.51,-1.77298044,-2.01077056,0.982227728,-0.609946203,-2.093212148,-2.021133979,0.98787855,-0.618709915,-0.320231708,-0.010363419,0.005650822,-0.008763712
2.54,-1.773027557,-2.014983563,1.000010442,-0.61783303,-2.096363306,-2.021788798,1.002929119,-0.627102765,-0.32333575,-0.006805236,0.002918677,-0.009269735
2.57,-1.773040778,-2.019255551,1.014699234,-0.62596303,-2.099539573,-2.02246796,1.017991067,-0.635494268,-0.326498795,-0.003212409,0.003291833,-0.009531238
2.61,-1.772990319,-2.025045259,1.031993128,-0.636592796,-2.103822223,-2.023397878,1.038105506,-0.646671541,-0.330831904,0.00164738,0.006112379,-0.010078745
2.64,-1.772914654,-2.029459617,1.046907645,-0.644712051,-2.107047953,-2.024075172,1.053203231,-0.655049895,-0.334133298,0.005384445,0.006295587,-0.010337844
2.67,-1.772812378,-2.033940163,1.061383862,-0.653327051,-2.110252461,-2.024702781,1.068318266,-0.663427872,-0.337440083,0.009237382,0.006934404,-0.010100821
2.71,-1.772652026,-2.040014252,1.085807529,-0.663996911,-2.114424861,-2.025378521,1.088511689,-0.674595116,-0.341772836,0.014635731,0.002704159,-0.010598205
2.74,-1.772505422,-2.044650983,1.097442466,-0.673135752,-2.117447748,-2.025720797,1.103665643,-0.682970502,-0.344942327,0.018930186,0.006223177,-0.00983475
2.77,-1.772327504,-2.049341943,1.111954431,-0.681328252,-2.120386548,-2.025932308,1.118822038,-0.691359698,-0.348059045,0.023409635,0.006867607,-0.010031446
2.81,-1.772064439,-2.055684851,1.135928226,-0.692354029,-2.124150244,-2.025985041,1.13903544,-0.702561466,-0.352085805,0.02969981,0.003107215,-0.010207437
2.84,-1.771847262,-2.060499247,1.155196153,-0.700976457,-2.126863838,-2.025872848,1.154196369,-0.710951826,-0.355016577,0.034626398,-0.000999784,-0.009975369
2.87,-1.77161483,-2.065365395,1.170191603,-0.709311457,-2.129507759,-2.025661953,1.169356024,-0.719336983,-0.357892929,0.039703441,-0.000835579,-0.010025526
2.91,-1.771261024,-2.071955284,1.18616888,-0.720381709,-2.132925329,-2.025215567,1.189565594,-0.730527258,-0.361664305,0.046739717,0.003396715,-0.010145548
2.93,-1.770963336,-2.076960862,1.197238541,-0.728236728,-2.134595188,-2.024931616,1.199667639,-0.736125679,-0.363631853,0.052029246,0.002429099,-0.007888951
2.97,-1.770635578,-2.082011214,1.211555236,-0.736484228,-2.137860433,-2.024257969,1.219869624,-0.747316289,-0.367224855,0.057753244,0.008314388,-0.010832061
3.01,-1.877700182,-1.98045326,1.233409019,-0.747733686,-2.141033397,-2.023457142,1.240065806,-0.75849927,-0.263333215,-0.043003883,0.006656786,-0.010765584
3.03,-1.879707529,-1.982286891,1.246107794,-0.755670464,-2.142590057,-2.023011291,1.250163032,-0.764092413,-0.262882527,-0.0407244,0.004055238,-0.008421949
3.07,-1.881701151,-1.984191343,1.260318552,-0.763835464,-2.145651288,-2.022033891,1.270352942,-0.775285966,-0.263950138,-0.037842547,0.01003439,-0.011450502
3.11,-1.884328572,-1.986830755,1.279127398,-0.776331928,-2.148642427,-2.020958178,1.29053786,-0.786483391,-0.264313855,-0.034127423,0.011410462,-0.010151463
3.13,-1.886256976,-1.988902606,1.285613865,-0.786052729,-2.15010915,-2.020391533,1.300630701,-0.792079353,-0.263852175,-0.031488928,0.015016836,-0.006026624
3.17,-1.888159121,-1.991031323,1.299181401,-0.794475229,-2.152983838,-2.019212263,1.320812943,-0.803265427,-0.264824717,-0.028180941,0.021631542,-0.008790198
3.21,-1.890669236,-1.993951953,1.318774036,-0.806845056,-2.155787806,-2.017976423,1.340993062,-0.814451784,-0.26511857,-0.02402447,0.022219026,-0.007606728
3.24,-1.892522846,-1.996225847,1.332458343,-0.816167713,-2.157847876,-2.017013747,1.356126072,-0.822845291,-0.26532503,-0.0207879,0.023667729,-0.006677579
3.27,-1.894366721,-1.998573052,1.342636582,-0.824147713,-2.159876517,-2.016030217,1.371257999,-0.831239199,-0.265509796,-0.017457164,0.028621417,-0.007091486
3.31,-1.896787357,-2.001811119,1.368466186,-0.835829557,-2.162521426,-2.014691082,1.391432356,-0.842427439,-0.265734069,-0.012879963,0.022966169,-0.006597882
3.34,-1.89857453,-2.004309251,1.381812697,-0.843777373,-2.164462954,-2.013668921,1.406561447,-0.850817771,-0.265888423,-0.00935967,0.02474875,-0.007040398
3.37,-1.900357305,-2.006875433,1.401299698,-0.851959873,-2.166377049,-2.012633509,1.4216903,-0.859209991,-0.266019744,-0.005758077,0.020390602,-0.007250118
3.41,-1.902726222,-2.010402597,1.421556646,-0.862787126,-2.168879028,-2.011233472,1.441859474,-0.870401897,-0.266152807,-0.000830875,0.020302828,-0.007614772
3.44,-1.904497875,-2.013113483,1.436370653,-0.871140882,-2.17071456,-2.010176347,1.456986309,-0.878794492,-0.266216685,0.002937137,0.020615657,-0.00765361
3.47,-1.906250951,-2.015912705,1.459008682,-0.879303382,-2.17252009,-2.009116235,1.472111546,-0.887185976,-0.26626914,0.00679647,0.013102864,-0.007882594
3.51,-2.032159204,-2.002611266,1.478708862,-0.889997786,-2.174876854,-2.007694598,1.492278825,-0.898376143,-0.14271765,-0.005083333,0.013569963,-0.008378357
3.54,-2.036743214,-2.005159768,1.492576229,-0.898783666,-2.176607579,-2.006622736,1.507402527,-0.906770913,-0.139864364,-0.001462968,0.014826298,-0.007987247
3.57,-2.041315129,-2.007778254,1.509693361,-0.907101166,-2.178309118,-2.005550657,1.522528726,-0.915166893,-0.136993989,0.002227597,0.012835365,-0.008065727
3.61,-2.047399838,-2.011376949,1.537018216,-0.918590883,-2.180517175,-2.004123822,1.542702749,-0.926360521,-0.133117337,0.007253127,0.005684533,-0.007769637
3.64,-2.051950731,-2.014156893,1.553050374,-0.926669764,-2.18211579,-2.003046567,1.557833172,-0.934758848,-0.130165058,0.011110326,0.004782798,-0.008089084
3.67,-2.05650528,-2.017005956,1.563592927,-0.935204764,-2.183659114,-2.00195406,1.572966086,-0.943158612,-0.127153833,0.015051895,0.009373159,-0.007953848
3.71,-2.062581328,-2.020922025,1.585157116,-0.946331731,-2.185583764,-2.000454667,1.593150884,-0.954355201,-0.123002436,0.020467358,0.007993768,-0.00802347
3.74,-2.067135414,-2.023932204,1.600096728,-0.954790351,-2.186907726,-1.99929078,1.608287278,-0.962746151,-0.119772311,0.024641424,0.00819055,-0.0079558
3.77,-2.071682284,-2.027013887,1.611385709,-0.963277851,-2.188140499,-1.998095358,1.62342088,-0.971133417,-0.116458216,0.028918529,0.012035171,-0.007855566
3.81,-2.077724129,-2.031237202,1.629110632,-0.973919553,-2.189619433,-1.996443424,1.643594314,-0.982323458,-0.111895304,0.034793779,0.014483682,-0.008403904
3.84,-2.082250979,-2.034468787,1.644446175,-0.982643187,-2.190608285,-1.995167753,1.658720913,-0.990720589,-0.108357306,0.039301034,0.014274738,-0.008077402
3.87,-2.086768028,-2.037758194,1.654055764,-0.990860687,-2.19151153,-1.993871566,1.673845016,-0.999114653,-0.104743502,0.043886628,0.019789252,-0.008253966
3.91,-2.092782358,-2.042260091,1.677272526,-1.002567681,-2.192564789,-1.992111675,1.69400444,-1.010302778,-0.09978243,0.050148416,0.016731914,-0.007735098
3.94,-2.097280809,-2.045721614,1.692870291,-1.011408564,-2.193247344,-1.99076949,1.709121052,-1.018698318,-0.095966536,0.054952124,0.016250761,-0.007289754
3.97,-2.101777754,-2.049232984,1.707574392,-1.019908564,-2.193854244,-1.989413772,1.724234632,-1.027097303,-0.09207649,0.059819212,0.016660241,-0.007188739
4.01,-1.967363437,-1.95998059,1.733604545,-1.031356885,-2.194526553,-1.987590933,1.744383129,-1.038293086,-0.227163116,-0.027610343,0.010778584,-0.006936201
4.04,-1.967351984,-1.961076785,1.747712982,-1.03977901,-2.194930739,-1.98621734,1.759491103,-1.046685906,-0.227578755,-0.025140555,0.011778121,-0.006906896
4.07,-1.967345171,-1.962248804,1.761411234,-1.04805651,-2.195264788,-1.984838614,1.774603634,-1.055082799,-0.227919618,-0.02258981,0.0131924,-0.007026289
4.11,-1.967340289,-1.963927116,1.784445514,-1.058842268,-2.195590427,-1.982996665,1.79477102,-1.066287259,-0.228250137,-0.019069549,0.010325507,-0.007444991
4.14,-1.967341393,-1.965254001,1.798135977,-1.067015955,-2.195766021,-1.981636222,1.809902449,-1.074691319,-0.228424629,-0.016382221,0.011766472,-0.007675365
4.17,-1.967336028,-1.966626207,1.815476594,-1.075270955,-2.195916576,-1.980312675,1.825043055,-1.083091528,-0.228580548,-0.013686468,0.009566461,-0.007820573
4.21,-1.96731329,-1.968560478,1.833953886,-1.085950758,-2.196129479,-1.978644811,1.845253165,-1.094287866,-0.228816189,-0.010084333,0.011299278,-0.008337108
4.24,-1.967280665,-1.970092741,1.847568562,-1.094005834,-2.196336918,-1.977478315,1.860416477,-1.102679253,-0.229056252,-0.007385574,0.012847915,-0.008673418
4.27,-1.967255201,-1.971701925,1.858361987,-1.102318334,-2.196589118,-1.976378571,1.875579873,-1.111060794,-0.229333917,-0.004676646,0.017217887,-0.00874246
4.31,-1.967236505,-1.973952453,1.882712139,-1.113476859,-2.197002924,-1.975043617,1.895799559,-1.122237647,-0.229766419,-0.001091164,0.01308742,-0.008760788
4.34,-1.967237706,-1.975729535,1.896669644,-1.122116176,-2.197362531,-1.974138478,1.910963521,-1.130630777,-0.230124825,0.001591056,0.014293878,-0.008514601
4.37,-1.967256439,-1.977585338,1.911799605,-1.130103676,-2.197753201,-1.973295161,1.926128405,-1.13902332,-0.230496762,0.004290178,0.0143288,-0.008919644
4.41,-1.967282065,-1.980175704,1.930503161,-1.140795116,-2.198320897,-1.972274028,1.94634544,-1.150207083,-0.231038832,0.007901676,0.015842278,-0.009411967
4.44,-1.967310097,-1.982206604,1.944882555,-1.149471177,-2.198770644,-1.971587369,1.961508253,-1.15859746,-0.231460547,0.010619235,0.016625699,-0.009126284
4.47,-1.967342595,-1.984308584,1.957466235,-1.157888677,-2.199232168,-1.970959456,1.976669538,-1.166991482,-0.231889573,0.013349129,0.019203303,-0.009102806
4.51,-1.948816088,-1.992117372,1.98357052,-1.167768021,-2.199865665,-1.970220502,1.996883656,-1.178183723,-0.251049577,0.021896869,0.013313136,-0.010415702
4.54,-1.948391455,-1.994724275,1.997986144,-1.176369302,-2.200352333,-1.969731334,2.012043208,-1.186574551,-0.251960878,0.024992941,0.014057064,-0.010205249
4.57,-1.947960287,-1.99738892,2.015387978,-1.184611802,-2.200843744,-1.969290058,2.027201915,-1.19496395,-0.252883457,0.028098862,0.011813937,-0.010352149
4.61,-1.947383123,-2.001042787,2.034067072,-1.195647794,-2.201500241,-1.96879527,2.047413558,-1.206152533,-0.254117118,0.032247517,0.013346486,-0.010504739
4.64,-1.946971644,-2.003881331,2.047920903,-1.203743269,-2.201993024,-1.968490915,2.06257092,-1.214544747,-0.25502138,0.035390416,0.014650017,-0.010801479
4.67,-1.946566294,-2.006806138,2.057453821,-1.212143269,-2.202488597,-1.968229384,2.077729101,-1.222935204,-0.255922303,0.038576754,0.02027528,-0.010791935
4.71,-1.94604057,-2.010832088,2.07349364,-1.223914697,-2.203156393,-1.967958266,2.097937779,-1.234121471,-0.257115823,0.042873822,0.024444139,-0.010206774
4.74,-1.945673048,-2.013926472,2.086834805,-1.231573232,-2.203660503,-1.967819463,2.113095297,-1.242513093,-0.257987455,0.046107009,0.026260492,-0.01093986
4.77,-1.945331655,-2.017086361,2.102110056,-1.239843232,-2.204165989,-1.967727858,2.128251077,-1.250906867,-0.258834334,0.049358503,0.026141021,-0.011063635
4.81,-1.944907824,-2.02139851,2.127493528,-1.252424633,-2.204843261,-1.967680555,2.148459965,-1.262098416,-0.259935437,0.053717955,0.020966437,-0.009673783
4.84,-1.94459976,-2.024707487,2.141711242,-1.26132331,-2.205352477,-1.967694725,2.16361498,-1.270490433,-0.260752717,0.057012763,0.021903738,-0.009167123
4.87,-1.944299361,-2.02808824,2.153070422,-1.26951331,-2.205859719,-1.967747338,2.178770562,-1.27888258,-0.261560358,0.060340902,0.02570014,-0.00936927
4.91,-1.943918097,-2.032698988,2.172488787,-1.279396806,-2.206527945,-1.967891222,2.198976562,-1.29007358,-0.262609848,0.064807765,0.026487774,-0.010676774
4.94,-1.943653092,-2.036228422,2.187201012,-1.288168325,-2.207022837,-1.968047181,2.214130917,-1.298466668,-0.263369745,0.068181241,0.026929905,-0.010298343
4.97,-1.94340679,-2.03982838,2.208913398,-1.296493325,-2.207513692,-1.968232222,2.229284936,-1.306859274,-0.264106903,0.071596158,0.020371537,-0.010365949
5.01,-2.054923353,-2.056745106,2.235467224,-1.307924997,-2.208158789,-1.968533595,2.249489015,-1.318049413,-0.153235436,0.088211512,0.014021791,-0.010124415
5.04,-2.057875396,-2.060858745,2.249601753,-1.316426688,-2.208633295,-1.968805269,2.264642069,-1.326442105,-0.150757899,0.092053476,0.015040316,-0.010015417
5.07,-2.060859345,-2.065039101,2.270449631,-1.324761688,-2.209101182,-1.969107636,2.279796141,-1.334830776,-0.148241837,0.095931465,0.009346511,-0.010069088
5.11,-2.064874502,-2.070714792,2.296033441,-1.335458469,-2.209709965,-1.969552879,2.30000804,-1.346010639,-0.144835463,0.101161912,0.003974599,-0.010552169
5.14,-2.067922029,-2.075049586,2.311618448,-1.345204697,-2.210137348,-1.969908944,2.315165685,-1.354392481,-0.142215318,0.105140642,0.003547238,-0.009187784
5.17,-2.071001917,-2.079444214,2.320304308,-1.353404697,-2.210522345,-1.970278266,2.330325882,-1.362771252,-0.139520428,0.109165947,0.010021575,-0.009366555
5.21,-2.075174502,-2.08540455,2.34381724,-1.363507933,-2.210915999,-1.970785478,2.350547327,-1.373939786,-0.135741497,0.114619072,0.006730087,-0.010431853
5.24,-2.078334386,-2.089953028,2.358690094,-1.372332559,-2.211096812,-1.971164304,2.36571318,-1.38231778,-0.132762426,0.118788723,0.007023085,-0.009985221
5.27,-2.081516173,-2.094566911,2.37610736,-1.380465059,-2.211187108,-1.971536671,2.38087617,-1.390704556,-0.129670935,0.12303024,0.004768811,-0.010239498
5.31,-2.085785613,-2.100804236,2.388381557,-1.392931563,-2.211139566,-1.972023639,2.401088829,-1.401895018,-0.125353953,0.128780597,0.012707272,-0.008963455
5.34,-2.089016929,-2.105550186,2.40354673,-1.401125722,-2.210982372,-1.972384785,2.416243962,-1.410280841,-0.121965443,0.133165401,0.012697233,-0.009155119
5.37,-2.092286422,-2.110345575,2.423955177,-1.409555722,-2.210741933,-1.97274039,2.431396142,-1.418664787,-0.118455511,0.137605185,0.007440964,-0.009109065
5.41,-2.096694745,-2.116830033,2.445398084,-1.420821049,-2.210278337,-1.973196696,2.451594135,-1.42985279,-0.113583592,0.143633336,0.00619605,-0.009031741
5.44,-2.100017054,-2.12175396,2.460093583,-1.430339673,-2.209829495,-1.973525695,2.46673851,-1.438246901,-0.109812442,0.148228265,0.006644927,-0.007907228
5.47,-2.103360362,-2.126749758,2.476345626,-1.438719673,-2.209309803,-1.973847523,2.481880895,-1.446636793,-0.105949441,0.152902236,0.005535269,-0.00791712
5.51,-2.125702492,-1.969205498,2.49361449,-1.449455509,-2.208491929,-1.97426028,2.50206516,-1.45781881,-0.082789437,-0.005054782,0.008450671,-0.0083633
5.54,-2.129338107,-1.969717328,2.508407189,-1.45755267,-2.20778964,-1.974550288,2.517200801,-1.466209714,-0.078451534,-0.00483296,0.008793612,-0.008657045
5.57,-2.132992015,-1.970273542,2.522931148,-1.46597017,-2.207025716,-1.974824401,2.532332557,-1.47460517,-0.074033701,-0.004550859,0.009401409,-0.008635
5.61,-2.137908773,-1.97109244,2.546150234,-1.476181251,-2.205898448,-1.975168213,2.552502901,-1.485802957,-0.067989675,-0.004075773,0.006352667,-0.009621706
5.63,-2.141646091,-1.971775374,2.559775904,-1.484257773,-2.2052915,-1.975336051,2.562587176,-1.491399523,-0.063645409,-0.003560677,0.002811273,-0.00714175
5.67,-2.145425165,-1.972514434,2.574426812,-1.492415273,-2.203992582,-1.975668283,2.582750576,-1.50258808,-0.058567417,-0.003153848,0.008323764,-0.010172807
5.71,-2.150516406,-1.97357876,2.587270541,-1.502580044,-2.202581891,-1.975992014,2.602909044,-1.513777378,-0.052065485,-0.002413254,0.015638502,-0.011197334
5.74,-2.154369524,-1.974433479,2.601276369,-1.51057915,-2.201448331,-1.976226246,2.618023817,-1.5221732,-0.047078807,-0.001792767,0.016747448,-0.01159405
5.77,-2.158237863,-1.975350518,2.621030084,-1.51914915,-2.200260707,-1.976456232,2.633136179,-1.530569585,-0.042022844,-0.001105714,0.012106095,-0.011420435
5.81,-2.163427992,-1.976657976,2.641643812,-1.530232694,-2.198580133,-1.976759824,2.653281681,-1.541759847,-0.035152141,-0.000101847,0.011637869,-0.011527153
5.83,-2.167353695,-1.977680793,2.656725361,-1.53874111,-2.197701109,-1.976909915,2.663352414,-1.547353697,-0.030347414,0.000770878,0.006627053,-0.008612587
5.87,-2.171313967,-1.978740537,2.671178369,-1.54714361,-2.195867499,-1.977202455,2.683491536,-1.558544702,-0.024553532,0.001538083,0.012313167,-0.011401092
5.91,-2.176671761,-1.980240622,2.690204841,-1.558323371,-2.193935012,-1.977485677,2.703625737,-1.569739084,-0.017263251,0.002754945,0.013420896,-0.011415713
5.94,-2.180726511,-1.981431591,2.705416299,-1.566597299,-2.192418705,-1.977696068,2.718724404,-1.578132194,-0.011692193,0.003735523,0.013308105,-0.011534895
5.97,-2.184817915,-1.982686508,2.720968384,-1.574947299,-2.190854163,-1.977905223,2.733820623,-1.586523113,-0.006036248,0.004781285,0.012852239,-0.011575814
6.01,-2.132029071,-2.079087411,2.740993678,-1.586459478,-2.18868003,-1.978176807,2.753946785,-1.597713387,-0.056650959,0.100910605,0.012953107,-0.011253909
6.03,-2.134389025,-2.083446054,2.756250362,-1.594483729,-2.187556956,-1.978308716,2.764008149,-1.603310504,-0.053167932,0.105137338,0.007757786,-0.008826775
6.07,-2.136777927,-2.087879058,2.770691813,-1.602873729,-2.185238687,-1.978568606,2.784130944,-1.614500109,-0.04846076,0.109310452,0.013439131,-0.01162638
6.11,-2.140012104,-2.093870109,2.793460987,-1.614566177,-2.182827003,-1.978825128,2.804257148,-1.625681038,-0.042814899,0.11504498,0.01079616,-0.01111486
6.14,-2.142491314,-2.098404007,2.808694617,-1.623084145,-2.180964419,-1.97900727,2.819353848,-1.634065818,-0.038473106,0.119396737,0.010659231,-0.010981672
6.17,-2.145000265,-2.102966202,2.820257419,-1.631311645,-2.179074196,-1.979176274,2.834452787,-1.642454729,-0.034073931,0.123789929,0.014195369,-0.011143083
6.21,-2.148402714,-2.109117766,2.850921502,-1.642123386,-2.176527782,-1.979377444,2.85459044,-1.653645485,-0.028125068,0.129740322,0.003668938,-0.0115221
6.24,-2.151005878,-2.113784563,2.866148063,-1.65074234,-2.174614731,-1.979513122,2.869696034,-1.662038557,-0.023608853,0.134271441,0.003547971,-0.011296217
6.27,-2.15364731,-2.118488453,2.875144501,-1.65881234,-2.172704773,-1.979635171,2.884801723,-1.670433179,-0.019057462,0.138853282,0.009657221,-0.011620839
6.31,-2.157250424,-2.124818266,2.89589155,-1.668948357,-2.170165745,-1.979761998,2.904945452,-1.681627556,-0.012915321,0.145056268,0.009053903,-0.012679199
6.34,-2.160012229,-2.129621075,2.911282211,-1.677487412,-2.168265664,-1.979827434,2.920053542,-1.690021845,-0.008253435,0.149793641,0.008771331,-0.012534434
6.37,-2.16282244,-2.134467788,2.919901195,-1.685667412,-2.166366997,-1.979873967,2.935163298,-1.698415306,-0.003544557,0.154593821,0.015262103,-0.012747894
6.41,-2.166637057,-2.141013719,2.938760323,-1.697220601,-2.163833969,-1.979900856,2.955308979,-1.709605688,0.002803088,0.161112863,0.016548657,-0.012385086
6.44,-2.169547071,-2.145993017,2.953986575,-1.705973794,-2.161928918,-1.979886884,2.970419636,-1.717998356,0.007618153,0.166106133,0.01643306,-0.012024561
6.47,-2.172498827,-2.151035051,2.962985377,-1.714471294,-2.16001779,-1.979844578,2.985529749,-1.726391642,0.012481037,0.171190473,0.022544373,-0.011920348
6.51,-2.121886533,-2.03133296,2.993993321,-1.725592699,-2.157456166,-1.979739694,3.005677738,-1.737582718,-0.035569633,0.051593266,0.011684416,-0.011990019
6.54,-2.123462456,-2.032898258,3.009580528,-1.733931188,-2.15552288,-1.979626531,3.02078826,-1.745975119,-0.032060424,0.053271727,0.011207732,-0.012043932
6.57,-2.1250965,-2.034518715,3.031836918,-1.742066188,-2.153578696,-1.979484228,3.035900427,-1.754369151,-0.028482196,0.055034487,0.004063509,-0.012302963
6.61,-2.127358454,-2.036747771,3.05493018,-1.752690952,-2.150964005,-1.979234827,3.05605566,-1.765564779,-0.023605551,0.057512943,0.00112548,-0.012873827
6.63,-2.129130241,-2.038459766,3.068314907,-1.760319136,-2.149649023,-1.979089269,3.066135948,-1.771163146,-0.020518781,0.059370497,-0.002178959,-0.01084401
6.67,-2.13096612,-2.0402181,3.083390634,-1.768676636,-2.14701185,-1.978769808,3.086304866,-1.782359066,-0.01604573,0.061448291,0.002914231,-0.01368243
6.71,-2.133479905,-2.04266808,3.101995607,-1.780227071,-2.144373424,-1.978410183,3.106480671,-1.793552497,-0.010893518,0.064257897,0.004485064,-0.013325426
6.73,-2.135440529,-2.044580301,3.121585985,-1.787933259,-2.143054756,-1.978208696,3.116573781,-1.799149165,-0.007614226,0.066371604,-0.005012204,-0.011215906
6.77,-2.137485825,-2.046549723,3.136788365,-1.796080759,-2.140419311,-1.977759067,3.136763363,-1.81034098,-0.002933487,0.068790657,-2.5002e-05,-0.014260222
6.81,-2.140289856,-2.049234058,3.156751704,-1.808745396,-2.137788519,-1.977263482,3.156963878,-1.821531872,0.002501337,0.071970576,0.000212174,-0.012786476
6.83,-2.142439968,-2.051294549,3.174266978,-1.817482026,-2.136474308,-1.977002028,3.167065483,-1.827127501,0.00596566,0.074292521,-0.007201495,-0.009645475
6.87,-2.144655995,-2.053389803,3.189486604,-1.825834526,-2.133841937,-1.976442128,3.187276254,-1.838318554,0.010814058,0.076947674,-0.00221035,-0.012484028
6.91,-2.14769468,-2.05625934,3.201009406,-1.836416485,-2.131196382,-1.975823909,3.207491988,-1.849510651,0.016498298,0.080435431,0.006482582,-0.013094166
6.94,-2.150048906,-2.058485301,3.216517664,-1.844063352,-2.129201411,-1.975329636,3.222658975,-1.857904807,0.020847494,0.083155664,0.006141311,-0.013841454
6.97,-2.152465863,-2.060747495,3.226336166,-1.852368352,-2.127197898,-1.974819568,3.237827969,-1.866297496,0.025267965,0.085927927,0.011491804,-0.013929144
7.01,-2.046952494,-1.977303086,3.246316254,-1.86339198,-2.124504242,-1.974103164,3.258057842,-1.87748636,-0.077551748,0.003199922,0.011741589,-0.014094381
7.04,-2.046603531,-1.97749234,3.260199469,-1.872077711,-2.122460583,-1.973529352,3.273233715,-1.885880001,-0.075857052,0.003962988,0.013034246,-0.01380229
7.07,-2.046324435,-1.977734052,3.270736785,-1.880075211,-2.120398421,-1.972932127,3.288410528,-1.894271237,-0.074073986,0.004801925,0.017673743,-0.014196026
7.11,-2.046048896,-1.978100218,3.287750977,-1.890903465,-2.117619725,-1.972109313,3.308649408,-1.905454376,-0.071570829,0.005990904,0.020898431,-0.014550911
7.14,-2.045915964,-1.978414168,3.301934069,-1.899235219,-2.115524848,-1.971476734,3.323825897,-1.913837571,-0.069608884,0.006937435,0.021891828,-0.014602352
7.17,-2.045830456,-1.978772243,3.314991361,-1.907440219,-2.113432429,-1.970827638,3.339002884,-1.922218966,-0.067601972,0.007944605,0.024011523,-0.014778746
7.21,-2.0457946,-1.97931157,3.343097899,-1.918344257,-2.110670523,-1.96992405,3.359238122,-1.933395242,-0.064875923,0.00938752,0.016140224,-0.015050986
7.24,-2.045826851,-1.979756504,3.358388093,-1.927213032,-2.108638718,-1.969219555,3.374412923,-1.941778786,-0.062811866,0.010536949,0.01602483,-0.014565754
7.27,-2.045904377,-1.980246509,3.374134651,-1.935838032,-2.106643078,-1.968497311,3.389584682,-1.950166513,-0.060738701,0.011749198,0.015450031,-0.014328481
7.31,-2.046111376,-1.98097211,3.404039648,-1.946737676,-2.104051093,-1.967497749,3.409809833,-1.961354704,-0.057939717,0.013474361,0.005770184,-0.014617028
7.33,-2.046339694,-1.981563815,3.415940689,-1.955526313,-2.102782438,-1.966981572,3.419920682,-1.966947271,-0.056442743,0.014582244,0.003979993,-0.011420958
7.37,-2.046642021,-1.982211942,3.430723934,-1.963986313,-2.10029894,-1.965922072,3.440138422,-1.978130598,-0.053656919,0.016289869,0.009414488,-0.014144284
7.41,-2.047141274,-1.983141101,3.442713743,-1.975521721,-2.097886887,-1.964838592,3.460352784,-1.98931869,-0.050745612,0.018302509,0.017639042,-0.01379697
7.43,-2.047575009,-1.983880281,3.465080044,-1.983885172,-2.096706105,-1.964289277,3.470457955,-1.99491407,-0.049131096,0.019591004,0.005377911,-0.011028897
7.47,-2.048063256,-1.984659983,3.479795892,-1.992057672,-2.094389413,-1.963172713,3.490667118,-2.006102804,-0.046326158,0.02148727,0.010871226,-0.014045132
7.51,-1.919558317,-1.985804343,3.497432823,-2.003677375,-2.09212853,-1.962036566,3.51087143,-2.017289477,-0.172570213,0.023767777,0.013438606,-0.013612102
7.54,-1.916926994,-1.986989599,3.511918187,-2.012442524,-2.090470655,-1.961180286,3.526023419,-2.025681928,-0.173543661,0.025809313,0.014105232,-0.013239404
7.57,-1.914363328,-1.98820295,3.525726143,-2.021075024,-2.088838543,-1.960323891,3.541175989,-2.03407992,-0.174475215,0.02787906,0.015449846,-0.013004897
7.61,-1.911037046,-1.989850061,3.547923336,-2.03142607,-2.086708587,-1.959178811,3.561386079,-2.045277717,-0.175671541,0.03067125,0.013462744,-0.013851648
7.64,-1.908614576,-1.991122238,3.561765053,-2.039397768,-2.085161686,-1.958316112,3.576543709,-2.053674372,-0.17654711,0.032806126,0.014778655,-0.014276604
7.67,-1.906246727,-1.992442775,3.572033943,-2.047610268,-2.083672251,-1.957450382,3.591704298,-2.062073909,-0.177425524,0.034992394,0.019670355,-0.014463641
7.71,-1.903191345,-1.994287349,3.596639028,-2.058681609,-2.081831147,-1.956278953,3.611923459,-2.073279025,-0.178639802,0.038008396,0.015284431,-0.014597416
7.73,-1.900976431,-1.995706168,3.613196973,-2.067678129,-2.080981523,-1.955677466,3.622035208,-2.078879612,-0.180005092,0.040028702,0.008838234,-0.011201484
7.77,-1.898813616,-1.997164501,3.627740407,-2.076018129,-2.079440941,-1.954429857,3.642257599,-2.09005976,-0.180627325,0.042734644,0.014517193,-0.014041632
7.81,-1.896010352,-1.999160969,3.643419026,-2.088193491,-2.078131658,-1.953126612,3.662479445,-2.101231744,-0.182121306,0.046034358,0.019060418,-0.013038253
7.83,-1.893960323,-2.00070263,3.666971047,-2.096777392,-2.077568878,-1.952457569,3.672589672,-2.106827479,-0.183608556,0.048245061,0.005618625,-0.010050087
7.87,-1.891975113,-2.00227147,3.681803784,-2.105164892,-2.076626986,-1.951082283,3.692808273,-2.118028165,-0.184651873,0.051189187,0.011004489,-0.012863273
7.91,-1.889424603,-2.004406144,3.702131976,-2.11739633,-2.075924304,-1.949650675,3.713025926,-2.129208367,-0.1864997,0.054755469,0.010893949,-0.011812037
7.93,-1.887573686,-2.006038309,3.7161795,-2.125220612,-2.075662861,-1.948915922,3.723133242,-2.13479296,-0.188089175,0.057122387,0.006953742,-0.009572348
7.97,-1.88578921,-2.007711417,3.73087858,-2.133358112,-2.075324201,-1.947420061,3.74334847,-2.145977367,-0.189534991,0.060291356,0.01246989,-0.012619255
8.01,-1.995197345,-1.913786132,3.745678749,-2.143864866,-2.075228936,-1.945892736,3.763559809,-2.157179165,-0.080031591,-0.032106604,0.01788106,-0.013314299
8.04,-1.997094884,-1.913039025,3.760203602,-2.153726936,-2.075317954,-1.944721124,3.778718297,-2.16556966,-0.07822307,-0.031682099,0.018514695,-0.011842724
8.07,-1.999046304,-1.912305649,3.781325364,-2.162206936,-2.075521934,-1.943531982,3.793877759,-2.173956966,-0.076475629,-0.031226332,0.012552396,-0.01175003
8.11,-2.001742771,-1.91135549,3.797188309,-2.173489514,-2.076001401,-1.941930689,3.814098874,-2.185157394,-0.07425863,-0.030575199,0.016910565,-0.01166788
8.14,-2.003840579,-1.91066688,3.811397351,-2.182536539,-2.076493134,-1.940735719,3.829264502,-2.193571122,-0.072652554,-0.030068839,0.017867151,-0.011034583
8.17,-2.006019628,-1.910004121,3.825755565,-2.190781539,-2.077052252,-1.939557106,3.844432787,-2.201983437,-0.071032624,-0.029552985,0.018677222,-0.011201898
8.21,-2.009036722,-1.909144761,3.844061395,-2.20224206,-2.07786504,-1.938049215,3.864662115,-2.213191398,-0.068828319,-0.028904455,0.020600721,-0.010949338
8.24,-2.01137918,-1.908512165,3.858268047,-2.21116353,-2.078488079,-1.937003721,3.879838106,-2.221596344,-0.067108899,-0.028491556,0.021570059,-0.010432814
8.27,-2.013798051,-1.90789099,3.87246741,-2.21926353,-2.079102082,-1.936040461,3.895014101,-2.22999272,-0.065304031,-0.028149471,0.022546692,-0.01072919
8.31,-2.017152939,-1.907101846,3.892379648,-2.230494867,-2.079870082,-1.93492336,3.915250175,-2.241177986,-0.062717143,-0.027821514,0.022870527,-0.010683119
8.34,-2.019742773,-1.906552883,3.90855456,-2.239031031,-2.080384668,-1.934219875,3.930427063,-2.249580131,-0.060641895,-0.027666992,0.021872503,-0.0105491
8.37,-2.022394927,-1.90603216,3.922808694,-2.247858531,-2.080847734,-1.933624082,3.945603401,-2.257988552,-0.058452807,-0.027591922,0.022794707,-0.010130021
8.41,-2.026031081,-1.905358271,3.93900451,-2.258226242,-2.081365892,-1.933046979,3.965838643,-2.269179401,-0.055334811,-0.027688708,0.026834133,-0.010953159
8.44,-2.028837585,-1.90487434,3.954750013,-2.267317693,-2.081670641,-1.932782652,3.981012986,-2.277561233,-0.052833056,-0.027908311,0.026262972,-0.010243541
8.47,-2.031712714,-1.904404753,3.968815082,-2.275535193,-2.081906368,-1.932639382,3.996187585,-2.285954353,-0.050193654,-0.028234629,0.027372503,-0.010419161
8.51,-2.120725741,-2.019484768,3.988616521,-2.285789694,-2.082089919,-1.932674985,4.01641571,-2.297167067,0.038635822,0.086809783,0.027799189,-0.011377373
8.54,-2.125987636,-2.02255488,4.004480326,-2.294218637,-2.082133838,-1.932881532,4.03158617,-2.305563072,0.043853797,0.089673348,0.027105844,-0.011344435
8.57,-2.131297424,-2.025641496,4.018544887,-2.302331137,-2.082110437,-1.933220734,4.046751994,-2.313942127,0.049186986,0.092420762,0.028207108,-0.011610989
8.61,-2.138449019,-2.029803623,4.033255754,-2.31314097,-2.081947922,-1.933904647,4.066968506,-2.325109027,0.056501097,0.095898976,0.033712753,-0.011968056
8.64,-2.143881739,-2.032946365,4.048451137,-2.321361574,-2.081722884,-1.934577978,4.082127451,-2.333503497,0.062158855,0.098368387,0.033676315,-0.012141922
8.67,-2.149375496,-2.036108128,4.06228402,-2.329531574,-2.081426634,-1.935363289,4.097283984,-2.34190361,0.067948862,0.10074484,0.034999964,-0.012372036
8.71,-2.156811605,-2.040338184,4.08518884,-2.340362507,-2.080913873,-1.936608755,4.117490606,-2.353082668,0.075897732,0.103729429,0.032301767,-0.01272016
8.74,-2.162459813,-2.04352952,4.094437312,-2.349879307,-2.080444603,-1.937676522,4.132642806,-2.361458399,0.08201521,0.105852998,0.038205495,-0.011579091
8.77,-2.168171909,-2.046737913,4.108137933,-2.357919307,-2.079912502,-1.938828311,4.147795151,-2.369843986,0.088259407,0.107909602,0.039657218,-0.011924678
8.81,-2.175914322,-2.051047913,4.128100421,-2.369761327,-2.079093165,-1.940502187,4.167994545,-2.381039268,0.096821157,0.110545726,0.039894124,-0.01127794
8.84,-2.181810761,-2.054294425,4.142049074,-2.377136345,-2.078406432,-1.941854045,4.183144558,-2.389426859,0.103404328,0.11244038,0.041095484,-0.012290515
8.87,-2.187776006,-2.057541161,4.155705578,-2.385471345,-2.07767029,-1.943268692,4.198292298,-2.397806507,0.110105715,0.114272469,0.042586719,-0.012335162
8.91,-2.195850071,-2.061878619,4.168762853,-2.398179838,-2.076593347,-1.945247764,4.218490212,-2.408984736,0.119256724,0.116630856,0.049727359,-0.010804899
8.94,-2.201987936,-2.06513944,4.180000096,-2.406282217,-2.075712795,-1.946786095,4.233636702,-2.417378067,0.126275141,0.118353345,0.053636606,-0.011095851
8.97,-2.208188158,-2.068412954,4.193252673,-2.414512217,-2.074783738,-1.948359109,4.248784129,-2.425770154,0.13340442,0.120053845,0.055531456,-0.011257937
9.01,-1.909066428,-1.919269765,4.226354535,-2.426020661,-2.073462631,-1.950510867,4.268980454,-2.436948408,-0.164396202,-0.031241102,0.042625919,-0.010927747
9.04,-1.906626519,-1.918177778,4.242823647,-2.435260608,-2.072405722,-1.952149755,4.284128841,-2.445332894,-0.165779203,-0.033971977,0.041305194,-0.010072287
9.07,-1.904255964,-1.917083932,4.25659085,-2.443498108,-2.071296475,-1.953796144,4.299280583,-2.453727636,-0.167040511,-0.036712213,0.042689733,-0.010229529
9.11,-1.901193877,-1.915626121,4.272774291,-2.454241092,-2.069732335,-1.955997829,4.319490258,-2.464929777,-0.168538458,-0.040371708,0.046715967,-0.010688685
9.14,-1.898977387,-1.914542633,4.297801267,-2.463059106,-2.068525558,-1.957654425,4.334661483,-2.473325408,-0.169548171,-0.043111791,0.036860216,-0.010266301
9.17,-1.896842759,-1.913478754,4.311794799,-2.471611606,-2.06731281,-1.959308241,4.349838366,-2.481715616,-0.170470051,-0.045829487,0.038043566,-0.01010401
9.21,-1.894099161,-1.912070426,4.334500531,-2.483602916,-2.065698002,-1.961475264,4.370090854,-2.492899711,-0.171598841,-0.049404839,0.035590324,-0.009296795
9.24,-1.892117851,-1.911018861,4.354981163,-2.492656201,-2.064500967,-1.963047653,4.385288396,-2.501278048,-0.172383116,-0.052028793,0.030307233,-0.008621847
9.27,-1.890204606,-1.909958421,4.369238397,-2.500818701,-2.06333202,-1.964577449,4.400493606,-2.509652216,-0.173127414,-0.054619028,0.031255209,-0.008833515
9.31,-1.887757258,-1.908541606,4.382292397,-2.512148086,-2.061856194,-1.966538913,4.420779284,-2.520835753,-0.174098936,-0.057997307,0.038486887,-0.008687667
9.34,-1.886002289,-1.907482795,4.397589881,-2.52077151,-2.06081624,-1.967941556,4.43600112,-2.529230891,-0.174813951,-0.060458761,0.038411239,-0.008459382
9.37,-1.884301134,-1.906431799,4.411578151,-2.52894401,-2.05982115,-1.96928683,4.45122972,-2.537614147,-0.175520016,-0.062855031,0.039651569,-0.008670138
9.41,-1.882129796,-1.905033215,4.442269497,-2.539417969,-2.058587792,-1.970979517,4.471540859,-2.548775406,-0.176457996,-0.065946301,0.029271362,-0.009357437
9.44,-1.880556832,-1.903975811,4.46038836,-2.549194897,-2.057751656,-1.97218602,4.486783175,-2.557161552,-0.177194824,-0.068210209,0.026394815,-0.007966655
9.47,-1.879048987,-1.902892045,4.47476602,-2.557417397,-2.056982709,-1.973349833,4.502027136,-2.565559355,-0.177933722,-0.070457788,0.027261116,-0.008141958
9.51,-1.893682978,-2.01839707,4.487271158,-2.568841367,-2.056065631,-1.974818094,4.522364117,-2.576745034,-0.162382653,0.043578977,0.035092959,-0.007903667
9.54,-1.893389887,-2.020835589,4.503359438,-2.577556522,-2.055456644,-1.975860891,4.537619281,-2.585119395,-0.162066756,0.044974698,0.034259843,-0.007562873
9.57,-1.893171417,-2.02325361,4.517468147,-2.585549022,-2.054914838,-1.976871778,4.552881441,-2.593493718,-0.161743421,0.046381832,0.035413294,-0.007944696
9.61,-1.892997184,-2.026474939,4.54203919,-2.596899395,-2.05432688,-1.978171694,4.573236285,-2.604680841,-0.161329697,0.048303246,0.031197095,-0.007781446
9.64,-1.892949672,-2.028871185,4.560565279,-2.605674933,-2.053981667,-1.979097175,4.588506665,-2.61306716,-0.161031995,0.04977401,0.027941387,-0.007392227
9.67,-1.892977451,-2.031272968,4.574854742,-2.614004933,-2.053706431,-1.979972176,4.603766221,-2.621437042,-0.16072898,0.051300792,0.028911478,-0.007432109
9.71,-1.893126516,-2.034482196,4.595598804,-2.624947691,-2.053497531,-1.981029773,4.624036558,-2.6325904,-0.160371015,0.053452424,0.028437754,-0.007642708
9.74,-1.89330887,-2.036874108,4.605921275,-2.631676068,-2.053487565,-1.981729225,4.639147436,-2.640987847,-0.160178696,0.055144883,0.033226161,-0.009311778
9.77,-1.893553319,-2.039254961,4.619779259,-2.640056068,-2.053587581,-1.982347835,4.654170691,-2.649402637,-0.160034261,0.056907126,0.034391432,-0.009346569
9.81,-1.894005405,-2.042428615,4.648556062,-2.652048369,-2.053910615,-1.983000001,4.673998448,-2.660587863,-0.15990521,0.059428613,0.025442386,-0.008539493
9.84,-1.894417083,-2.044797351,4.657704637,-2.66076494,-2.054300029,-1.983352979,4.688694376,-2.668948495,-0.159882947,0.061444372,0.030989739,-0.008183555
9.87,-1.894885773,-2.047149343,4.671163974,-2.66919244,-2.054809009,-1.983610684,4.703256428,-2.677328751,-0.159923236,0.063538659,0.032092454,-0.008136311
9.91,-1.89560103,-2.050255574,4.700685457,-2.681171026,-2.05571146,-1.983782207,4.72236478,-2.688555879,-0.16011043,0.066473367,0.021679323,-0.007384853
9.94,-1.896217038,-2.052558114,4.713827574,-2.690416933,-2.056540388,-1.983775778,4.736456255,-2.696961561,-0.16032335,0.068782336,0.022628681,-0.006544628
9.97,-1.896898753,-2.054857589,4.72685088,-2.698709433,-2.057473056,-1.983670278,4.750360204,-2.70533663,-0.160574303,0.071187311,0.023509325,-0.006627197
10.01,-1.858674808,-1.966330794,4.743258808,-2.709924236,-2.058920375,-1.983360918,4.768514755,-2.716505652,-0.200245568,-0.017030124,0.025255947,-0.006581416
10.04,-1.858652682,-1.965968127,4.76079129,-2.718936894,-2.060167913,-1.983012691,4.781824736,-2.724922842,-0.201515231,-0.017044565,0.021033446,-0.005985948
10.07,-1.858702109,-1.965598301,4.773016104,-2.727276894,-2.061524538,-1.982580086,4.794909032,-2.733341159,-0.202822429,-0.016981785,0.021892928,-0.006064265
10.11,-1.85885061,-1.965084743,4.793787646,-2.737976155,-2.06350942,-1.981850461,4.811918491,-2.744516204,-0.20465881,-0.016765718,0.018130845,-0.006540049
10.14,-1.859035643,-1.964681967,4.819611059,-2.746546714,-2.065129324,-1.981209078,4.824337465,-2.752883948,-0.20609368,-0.016527111,0.004726406,-0.006337234
10.17,-1.859287457,-1.964267324,4.831338523,-2.754601714,-2.066849573,-1.980520937,4.836475607,-2.76126029,-0.207562116,-0.016253613,0.005137084,-0.006658576
10.21,-1.859742953,-1.963704178,4.847433056,-2.766344101,-2.069289535,-1.979542939,4.851890959,-2.772437774,-0.209546582,-0.015838761,0.004457903,-0.006093673
10.24,-1.860172917,-1.96326179,4.863175304,-2.774038931,-2.071140604,-1.978755178,4.86281937,-2.780770864,-0.210967687,-0.015493388,-0.000355934,-0.006731933
10.27,-1.860674728,-1.962810451,4.873304502,-2.782128931,-2.072954135,-1.977917606,4.873285555,-2.789061197,-0.212279407,-0.015107155,-1.8947e-05,-0.006932266
10.31,-1.861414531,-1.962211255,4.884921989,-2.794019236,-2.075289984,-1.976710996,4.886458143,-2.800094095,-0.213875453,-0.014499742,0.001536155,-0.006074859
10.34,-1.862030437,-1.961750965,4.909706458,-2.801806891,-2.076981984,-1.97573736,4.895778242,-2.808395869,-0.214951547,-0.013986395,-0.013928216,-0.006588977
10.37,-1.862724516,-1.961277559,4.918618692,-2.809946891,-2.078594639,-1.974696714,4.904705013,-2.816711409,-0.215870123,-0.013419156,-0.013913678,-0.006764517
10.41,-1.863737863,-1.960625559,4.939780855,-2.820304504,-2.08050288,-1.973142287,4.915939746,-2.827758676,-0.216765018,-0.012516728,-0.023841109,-0.007454172
10.44,-1.864551482,-1.96011183,4.939272632,-2.828175302,-2.081729491,-1.971833338,4.923862759,-2.836017937,-0.217178009,-0.011721508,-0.015409874,-0.007842635
10.47,-1.865427318,-1.959583128,4.946756772,-2.836177802,-2.082819595,-1.9704174,4.931439751,-2.844311292,-0.217392277,-0.010834272,-0.015317021,-0.008133489
10.51,-1.94785679,-1.860896493,4.959046655,-2.847973632,-2.083987515,-1.968310351,4.940917001,-2.855452119,-0.136130725,-0.107413858,-0.018129654,-0.007478487
10.54,-1.951314449,-1.857825658,4.964627331,-2.856390997,-2.084570132,-1.96653146,4.947594321,-2.863776009,-0.133255683,-0.108705802,-0.01703301,-0.007385013
10.57,-1.954830944,-1.854745336,4.970843736,-2.864473497,-2.084911882,-1.964593982,4.95395754,-2.87205252,-0.130080938,-0.109848646,-0.016886197,-0.007579023
10.61,-1.95962462,-1.850609937,4.988617095,-2.876089364,-2.084944784,-1.961719657,4.961935392,-2.883120129,-0.125320164,-0.11110972,-0.026681704,-0.007030765
10.64,-1.963328234,-1.847496295,4.976045684,-2.883351872,-2.084638673,-1.959353801,4.967544374,-2.891489378,-0.121310438,-0.111857506,-0.00850131,-0.008137507
10.67,-1.967104081,-1.844370814,4.980880115,-2.891324372,-2.08403871,-1.95683863,4.972903448,-2.899844991,-0.116934628,-0.112467816,-0.007976667,-0.00852062
10.71,-1.972231474,-1.840187837,4.997133131,-2.902497913,-2.082619219,-1.953229513,4.97958487,-2.910909026,-0.110387745,-0.113041676,-0.017548261,-0.008411112
10.74,-1.976131853,-1.837041926,4.997707078,-2.911756057,-2.081092965,-1.950353082,4.984286816,-2.919217004,-0.104961112,-0.113311155,-0.013420262,-0.007460947
10.77,-1.980098621,-1.833892085,5.001777007,-2.919883557,-2.079242039,-1.947359633,4.9887761,-2.927566348,-0.099143417,-0.113467547,-0.013000907,-0.007682792
10.81,-1.985527487,-1.829701148,5.005582122,-2.930542986,-2.076118595,-1.943133399,4.994374261,-2.938738205,-0.090591108,-0.113432252,-0.011207861,-0.008195219
10.84,-1.989691215,-1.826541254,5.008452086,-2.938960825,-2.073216688,-1.939761643,4.998289869,-2.947071087,-0.083525473,-0.113220389,-0.010162217,-0.008110262
10.87,-1.993916383,-1.823359621,5.011575739,-2.947408325,-2.069906261,-1.936234994,5.002001739,-2.955375931,-0.075989879,-0.112875373,-0.009574,-0.007967606
10.91,-1.999646379,-1.819109442,5.010495724,-2.958796023,-2.064783821,-1.931245222,5.006625583,-2.966535291,-0.065137442,-0.11213578,-0.003870141,-0.007739268
10.94,-2.004058084,-1.815914732,5.022216108,-2.966995335,-2.060389551,-1.927276603,5.009849192,-2.974974537,-0.056331466,-0.111361871,-0.012366916,-0.007979202
10.97,-2.008556695,-1.812719483,5.024718463,-2.975235335,-2.055545943,-1.923132404,5.012915473,-2.983374347,-0.046989248,-0.110412921,-0.01180299,-0.008139012
11.01,-1.916250408,-1.837789505,5.026720772,-2.986170456,-2.048236749,-1.917279417,5.01669812,-2.994459406,-0.131986341,-0.079489911,-0.010022652,-0.008288951
11.04,-1.91800346,-1.83571451,5.019813147,-2.995887094,-2.042151225,-1.912649487,5.019326608,-3.002826646,-0.124147765,-0.076934977,-0.00048654,-0.006939552
11.07,-1.919843177,-1.833627557,5.021283358,-3.004189594,-2.035633288,-1.907847079,5.021792816,-3.011285198,-0.115790111,-0.074219522,0.000509458,-0.007095604
11.11,-1.92243671,-1.830851529,5.019517719,-3.015197662,-2.026075578,-1.90111793,5.024822383,-3.022551914,-0.103638869,-0.070266401,0.005304664,-0.007354252
11.14,-1.924470965,-1.828757988,5.024424524,-3.02356123,-2.018217325,-1.895816399,5.026896475,-3.030885941,-0.09374636,-0.067058411,0.002471951,-0.007324711
11.17,-1.926588659,-1.826659566,5.025288889,-3.03167123,-2.009878336,-1.890324755,5.028845436,-3.039219975,-0.083289677,-0.063665189,0.003556547,-0.007548745
11.21,-1.92958241,-1.823857526,5.027561021,-3.042224903,-1.997919715,-1.882646426,5.031219985,-3.050524902,-0.068337306,-0.0587889,0.003658964,-0.0083
11.24,-1.93196429,-1.821752206,5.036896289,-3.050857888,-1.9882804,-1.876616417,5.032837893,-3.059031628,-0.05631611,-0.054864212,-0.004058396,-0.00817374
11.27,-1.934459191,-1.819627228,5.037539432,-3.059390388,-1.978114131,-1.870393714,5.034334673,-3.067422947,-0.043654939,-0.050766486,-0.003204759,-0.008032559
11.31,-1.937921586,-1.816758287,5.032697322,-3.06949737,-1.963609205,-1.861771094,5.036100404,-3.078507451,-0.025687619,-0.045012807,0.003403082,-0.009010081
11.34,-1.940648703,-1.814589481,5.030259293,-3.078141199,-1.952064788,-1.855088107,5.037266401,-3.086936798,-0.011416085,-0.040498625,0.007007108,-0.008795598
11.37,-1.94349994,-1.812411436,5.030126043,-3.086288699,-1.940029733,-1.848263268,5.038311701,-3.095428872,0.003470207,-0.035851831,0.008185658,-0.009140173
11.41,-1.947483621,-1.809499338,5.034237432,-3.098031459,-1.923006103,-1.838924336,5.039531867,-3.106651288,0.024477518,-0.029424998,0.005294435,-0.008619829
11.44,-1.950604658,-1.807295485,5.0413727,-3.106979926,-1.909497535,-1.831759906,5.040305504,-3.11498522,0.041107123,-0.024464421,-0.001067197,-0.008005294
11.47,-1.95383688,-1.805068398,5.041197685,-3.115304926,-1.895485152,-1.824490667,5.040998512,-3.123359616,0.058351728,-0.01942227,-0.000199173,-0.00805469
11.51,-1.778460888,-1.761910266,5.041207579,-3.127017821,-1.875905041,-1.814625065,5.041747733,-3.134652671,-0.097444154,-0.052714799,0.000540153,-0.00763485
11.54,-1.777104051,-1.758696861,5.039828614,-3.136834302,-1.860498868,-1.807108808,5.042189052,3.14009298,-0.083394816,-0.048411947,0.002360437,-0.006258025
11.57,-1.775866797,-1.755470554,5.039233282,3.137951005,-1.844549005,-1.799516,5.042524603,3.131727517,-0.068682208,-0.044045446,0.003291321,-0.006223489
11.61,-1.774354283,-1.751168602,5.032842763,3.126118714,-1.822340688,-1.78926595,5.042808934,3.120582081,-0.047986405,-0.038097349,0.009966171,-0.005536633
11.64,-1.773351625,-1.747931643,5.028358435,3.117826423,-1.805025313,-1.781492415,5.042910754,3.112133055,-0.031673688,-0.033560772,0.014552318,-0.005693368
11.67,-1.772488922,-1.74467954,5.027093577,3.109436423,-1.787213501,-1.773660852,5.042942407,3.103665352,-0.014724579,-0.028981312,0.01584883,-0.005771071
11.71,-1.771539121,-1.740317676,5.026656883,3.098416266,-1.762500437,-1.763121337,5.04286595,3.092485536,0.009038684,-0.022803661,0.016209067,-0.00593073
11.74,-1.77096333,-1.737052771,5.022682639,3.090043193,-1.743269615,-1.755150194,5.042719676,3.084141193,0.027693715,-0.018097422,0.020037037,-0.005902
11.77,-1.770509781,-1.733785267,5.021051219,3.081693193,-1.723574185,-1.747134612,5.04252596,3.075739544,0.046935596,-0.013349345,0.021474741,-0.005953648
11.81,-1.77010738,-1.729419054,5.02901435,3.071948503,-1.696466028,-1.736379241,5.042163981,3.064453333,0.073641352,-0.006960187,0.013149631,-0.007495169
11.84,-1.769970972,-1.72614337,5.013846111,3.063076135,-1.675453459,-1.728277254,5.041832153,3.056049684,0.094517513,-0.002133884,0.027986042,-0.007026451
11.87,-1.769962123,-1.722847087,5.011836092,3.054653635,-1.653948505,-1.720157877,5.04143713,3.047700218,0.116013618,0.002689211,0.029601038,-0.006953417
11.91,-1.770145849,-1.718428156,5.00959026,3.044031573,-1.624452913,-1.709308684,5.040820406,3.036525089,0.145692936,0.009119473,0.031230146,-0.007506484
11.94,-1.770447918,-1.715089607,4.999089342,3.035520236,-1.601747931,-1.70116392,5.040298791,3.02807515,0.168699987,0.013925686,0.041209449,-0.007445086
11.97,-1.77091167,-1.711741646,4.996555641,3.027280236,-1.578593264,-1.693023696,5.039759376,3.01963915,0.192318406,0.01871795,0.043203735,-0.007641086
12.01,-1.50856375,-1.767461951,5.004405998,3.015583907,-1.546875695,-1.68219502,5.038972885,3.008485122,-0.038311945,0.085266931,0.034566887,-0.007098785
12.04,-1.502479063,-1.765936931,5.016504846,3.006739085,-1.522508417,-1.674096908,5.038355015,3.000115967,-0.020029354,0.091840024,0.021850169,-0.006623118
12.07,-1.496536802,-1.764405607,5.014611445,2.998294085,-1.497758334,-1.66601805,5.037723437,2.991691912,-0.001221532,0.098387556,0.023111992,-0.006602173
12.11,-1.488870212,-1.762371678,5.010141418,2.987662146,-1.464038068,-1.65529315,5.036850201,2.980434224,0.024832145,0.107078528,0.026708783,-0.007227922
12.14,-1.483284644,-1.760852884,4.999040888,2.978922195,-1.438181251,-1.647282913,5.036146107,2.972063768,0.045103392,0.113569971,0.037105219,-0.006858427
12.17,-1.477817741,-1.759330244,4.996631834,2.970777195,-1.41193756,-1.639280485,5.035399887,2.96372797,0.065880181,0.12004976,0.038768053,-0.007049225
12.21,-1.470747995,-1.757303412,4.991603055,2.960225894,-1.376314784,-1.628584804,5.034378744,2.952514365,0.094433211,0.128718608,0.042775688,-0.007711528
12.24,-1.465652901,-1.755792546,4.999190043,2.951650374,-1.349126149,-1.620533198,5.033609587,2.944045353,0.116526751,0.135259347,0.034419544,-0.007605021
12.27,-1.460711963,-1.754278777,4.996912676,2.943637874,-1.321566444,-1.612469316,5.032853579,2.93564581,0.139145518,0.141809461,0.035940903,-0.007992064
12.31,-1.454339015,-1.75223413,4.988909729,2.932382288,-1.284164001,-1.601714037,5.031831003,2.924568689,0.170175013,0.150520093,0.042921274,-0.007813598
12.34,-1.449737643,-1.750696845,4.990332038,2.924500167,-1.255696367,-1.593653885,5.031072914,2.916198199,0.194041276,0.157042961,0.040740876,-0.008301968
12.37,-1.445291883,-1.749144395,4.987907565,2.916500167,-1.226952166,-1.58560856,5.03031291,2.907766769,0.218339717,0.163535835,0.042405346,-0.008733398
12.41,-1.439622409,-1.747058461,5.002123224,2.906163643,-1.188079383,-1.574942874,5.029340479,2.896556254,0.251543026,0.172115586,0.027217255,-0.009607389
12.44,-1.435560867,-1.745490204,5.0094987,2.897032465,-1.158509396,-1.567009729,5.028620362,2.888212116,0.277051471,0.178480476,0.019121662,-0.008820349
12.47,-1.431650207,-1.743900003,5.007833018,2.888599965,-1.128680392,-1.559124354,5.027915138,2.879861021,0.302969815,0.184775648,0.020082119,-0.008738944
12.51,-1.386545827,-1.570641048,5.014990051,2.877425723,-1.088506707,-1.548696642,5.026974592,2.868652118,0.29803912,0.021944406,0.011984541,-0.008773605
12.54,-1.38273145,-1.564263846,5.017279023,2.868568371,-1.058062525,-1.540957561,5.026268128,2.86024229,0.324668925,0.023306285,0.008989106,-0.00832608
12.57,-1.379081946,-1.557872971,5.015896906,2.860658371,-1.027371555,-1.533291364,5.025556305,2.851862293,0.351710391,0.024581607,0.009659399,-0.008796078
12.61,-1.374470153,-1.549309022,5.0145407,2.848462731,-0.986050174,-1.52320888,5.024600338,2.840702069,0.388419979,0.026100141,0.010059638,-0.007760662
12.64,-1.371216736,-1.54285602,5.013730348,2.839766167,-0.954829403,-1.515763249,5.023891179,2.832310537,0.416387332,0.027092771,0.010160831,-0.00745563
12.67,-1.368134503,-1.536371691,5.012242362,2.831488667,-0.923449756,-1.508430206,5.023189348,2.823919264,0.444684748,0.027941485,0.010946986,-0.007569403
12.71,-1.364309094,-1.527692154,5.011427213,2.820035479,-0.881287431,-1.498929289,5.022300875,2.812695777,0.483021663,0.028762864,0.010873663,-0.007339702
12.74,-1.361610034,-1.521167912,5.018043862,2.81218752,-0.849454951,-1.492037373,5.021655984,2.804229882,0.512155083,0.02913054,0.003612123,-0.007957639
12.77,-1.359056236,-1.51462509,5.016822061,2.80365252,-0.817520119,-1.48530968,5.021047631,2.795789092,0.541536118,0.029315411,0.00422557,-0.007863428
12.81,-1.355919281,-1.505881306,5.003364738,2.792616267,-0.774785293,-1.476631332,5.020285586,2.784615674,0.581133988,0.029249974,0.016920848,-0.008000593
12.84,-1.353787078,-1.499302337,5.019143992,2.783825291,-0.742580959,-1.470349196,5.019766191,2.776215118,0.611206119,0.028953141,0.000622199,-0.007610173
12.87,-1.351822177,-1.492709965,5.018037312,2.775892791,-0.710258465,-1.464228762,5.019264348,2.767785025,0.641563712,0.028481203,0.001227036,-0.008107766
12.91,-1.34943892,-1.483903123,5.015643166,2.765476518,-0.667017631,-1.456328313,5.018670817,2.756567518,0.682421289,0.02757481,0.003027651,-0.008909001
12.94,-1.347857018,-1.477281268,5.01415823,2.757634879,-0.634526204,-1.450573091,5.018266982,2.7481965,0.713330814,0.026708177,0.004108752,-0.009438379
12.97,-1.346457231,-1.470633854,5.013012417,2.749292379,-0.601974847,-1.444945313,5.017897284,2.739826061,0.744482384,0.025688541,0.004884868,-0.009466318
13.01,-0.939594,-1.461320356,5.014941208,2.738126788,-0.558428383,-1.437687285,5.017456339,2.728625268,0.381165617,0.023633071,0.002515131,-0.00950152
13.04,-0.92777284,-1.455048147,5.021862955,2.729826531,-0.525701191,-1.432409514,5.017162582,2.720222048,0.402071649,0.022638633,-0.004700373,-0.009604483
13.07,-0.916105931,-1.448767685,5.021071156,2.721469031,-0.492967016,-1.427233869,5.016903085,2.711839937,0.423138915,0.021533817,-0.004168071,-0.009629093
13.11,-0.900828148,-1.44033363,5.010846248,2.710620712,-0.449306645,-1.420517788,5.01660796,2.700676458,0.451521503,0.019815841,0.005761712,-0.009944254
13.14,-0.889578703,-1.433962582,5.009368418,2.700862386,-0.416513645,-1.415623014,5.016420184,2.692289699,0.473065058,0.018339568,0.007051766,-0.008572688
13.17,-0.878481001,-1.427579996,5.0082257,2.692722386,-0.383694131,-1.410813139,5.016240855,2.683905429,0.49478687,0.016766858,0.008015155,-0.008816957
13.21,-0.863920226,-1.419030502,5.019628495,2.681367057,-0.339954065,-1.404494527,5.016070554,2.672735912,0.523966162,0.014535975,-0.003557941,-0.008631146
13.24,-0.853205129,-1.412601269,5.012075239,2.673824354,-0.307175717,-1.399805396,5.015989994,2.664346252,0.546029412,0.012795873,0.003914755,-0.009478102
13.27,-0.842666967,-1.406155999,5.011106928,2.665526854,-0.274390054,-1.395164325,5.015956189,2.655961929,0.568276913,0.010991674,0.004849261,-0.009564925
13.31,-0.828855716,-1.397500112,5.012830743,2.655155421,-0.230659189,-1.389074081,5.015931264,2.644805519,0.598196527,0.008426031,0.00310052,-0.010349903
13.34,-0.818689377,-1.390974689,5.007848559,2.647245405,-0.197909367,-1.384558096,5.01594429,2.636431235,0.620780009,0.006416593,0.008095732,-0.010814171
13.37,-0.808697573,-1.384413942,5.006811593,2.638977905,-0.165224439,-1.380070245,5.015976178,2.628049227,0.643473134,0.004343697,0.009164586,-0.010928678
13.41,-0.795648343,-1.375580095,4.999210839,2.628422093,-0.121733323,-1.374165152,5.016080204,2.616872659,0.67391502,0.001414942,0.016869365,-0.011549434
13.44,-0.786049766,-1.368899439,4.989244888,2.619496203,-0.08915839,-1.369814921,5.016195796,2.608488146,0.696891375,-0.000915482,0.026950908,-0.011008057
13.47,-0.776595548,-1.362191659,4.987701407,2.611171203,-0.056641877,-1.365509252,5.016343386,2.600102639,0.719953671,-0.003317594,0.028641979,-0.011068564
13.51,-0.129075873,-1.309542116,4.993209015,2.600197436,-0.013460222,-1.359814223,5.016616404,2.588926594,0.115615651,-0.050272107,0.023407389,-0.011270842
13.54,-0.103624792,-1.30181516,4.988268406,2.591339543,0.01880293,-1.35558345,5.016889873,2.580545863,0.122427722,-0.05376829,0.028621467,-0.010793681
13.57,-0.078341063,-1.294044249,4.986889072,2.583199543,0.051002412,-1.351398802,5.017221897,2.572159304,0.129343475,-0.057354553,0.030332825,-0.011040239
13.61,-0.04482435,-1.283632429,4.98296581,2.572508732,0.093798713,-1.345888397,5.017723066,2.560977716,0.138623063,-0.062255968,0.034757255,-0.011531016
13.64,-0.019856596,-1.27579434,4.987481037,2.564202675,0.125737485,-1.341757466,5.018160221,2.552594946,0.145594081,-0.065963125,0.030679183,-0.01160773
13.67,0.004960428,-1.267921229,4.986234798,2.555992675,0.157554566,-1.337607547,5.018630497,2.544204363,0.152594139,-0.069686318,0.032395699,-0.011788312
13.71,0.037767891,-1.257344166,4.978155625,2.54479291,0.199816894,-1.332047681,5.019350815,2.533026153,0.162049003,-0.074703516,0.04119519,-0.011766757
13.74,0.062193436,-1.249370935,4.975622189,2.537042448,0.231416094,-1.327850339,5.019926634,2.524686411,0.169222658,-0.078479404,0.044304445,-0.012356037
13.77,0.086480623,-1.241378216,4.974136912,2.528637448,0.262915936,-1.323604404,5.020538877,2.51634731,0.176435313,-0.082226188,0.046401965,-0.012290138
13.81,0.11859231,-1.230659466,4.979682991,2.518445978,0.304690567,-1.317817012,5.021418368,2.505160212,0.186098257,-0.087157545,0.041735377,-0.013285766
13.84,0.142488943,-1.222567684,4.977138802,2.510115894,0.335878522,-1.313399658,5.022143006,2.496765133,0.19338958,-0.090831974,0.045004203,-0.013350761
13.87,0.166240121,-1.21443733,4.975851692,2.501875894,0.366983678,-1.308943143,5.022906039,2.488406152,0.200743557,-0.094505812,0.047054347,-0.013469741
13.91,0.197711621,-1.203566535,4.962186177,2.489708087,0.408267099,-1.302903204,5.023972257,2.477282022,0.210555478,-0.099336669,0.06178608,-0.012426065
13.94,0.221141007,-1.195388952,4.95288828,2.482036244,0.439037313,-1.298262906,5.024812652,2.468893242,0.217896307,-0.102873954,0.071924372,-0.013143001
13.97,0.244420435,-1.187163015,4.950924381,2.473711244,0.469671946,-1.293545956,5.02568271,2.460483773,0.225251511,-0.106382941,0.074758329,-0.013227471
14.01,0.621898558,-1.18722827,4.962830646,2.462586249,0.510319652,-1.287155986,5.026940166,2.449312689,-0.111578906,-0.099927716,0.06410952,-0.01327356
14.04,0.652310102,-1.1794839,4.967042102,2.453868707,0.540650427,-1.282282544,5.027946986,2.440963806,-0.111659675,-0.102798644,0.060904884,-0.012904901
14.07,0.68258789,-1.171718176,4.96575846,2.445458707,0.570835296,-1.277322107,5.029014952,2.43259727,-0.111752594,-0.105603931,0.063256492,-0.012861437
14.11,0.722720264,-1.16130133,4.965293564,2.435093232,0.610799889,-1.270531879,5.030504557,2.421388871,-0.111920375,-0.109230549,0.065210993,-0.013704361
14.14,0.752649457,-1.153420729,4.967480016,2.426558191,0.640600609,-1.265327154,5.031680512,2.413001972,-0.112048848,-0.111906426,0.064200495,-0.01355622
14.17,0.782456443,-1.145504466,4.966327893,2.418170691,0.670290006,-1.260040154,5.032878007,2.404653134,-0.112166437,-0.114535688,0.066550114,-0.013517557
14.21,0.822008932,-1.13491249,4.961934445,2.406543538,0.709635186,-1.252781613,5.034530889,2.393512057,-0.112373746,-0.117869123,0.072596444,-0.013031481
14.24,0.851510357,-1.126927933,4.982976564,2.398249738,0.738944722,-1.247150648,5.035796394,2.385088815,-0.112565635,-0.120222715,0.05281983,-0.013160923
14.27,0.880862842,-1.118887927,4.982431788,2.389894738,0.768129056,-1.241400543,5.037092188,2.376664059,-0.112733785,-0.122512616,0.0546604,-0.013230679
14.31,0.919799781,-1.10809621,4.980147914,2.378540051,0.806843699,-1.233552771,5.03886546,2.365516637,-0.112956082,-0.125456561,0.058717546,-0.013023414
14.34,0.948869527,-1.099974463,4.969943047,2.370036388,0.835702843,-1.227512844,5.040210972,2.357164776,-0.113166683,-0.127538381,0.070267925,-0.012871612
14.37,0.977811732,-1.091835866,4.968960207,2.361728888,0.864405608,-1.221338724,5.041560627,2.348769089,-0.113406124,-0.129502858,0.07260042,-0.012959799
14.41,1.016177236,-1.080922793,4.997312504,2.350188853,0.902402419,-1.212879725,5.043367453,2.337537785,-0.113774817,-0.131956932,0.046054949,-0.012651068
14.44,1.044789906,-1.07268343,5.006481217,2.34056668,0.930730584,-1.206403806,5.044751431,2.329157645,-0.114059322,-0.133720376,0.038270215,-0.011409036
14.47,1.073265787,-1.06443438,5.006609386,2.33254168,0.958932899,-1.199829368,5.046139831,2.320803824,-0.114332888,-0.135394988,0.039530446,-0.011737856
14.51,1.195691093,-1.14849178,5.025369435,2.320511624,0.996257935,-1.190830276,5.047984254,2.30962458,-0.199433158,-0.042338496,0.02261482,-0.010887045
14.54,1.224264553,-1.14295263,5.026593585,2.3117194,1.024039467,-1.183898347,5.049326693,2.301198064,-0.200225087,-0.040945717,0.022733108,-0.010521336
14.57,1.252706358,-1.137392789,5.027100173,2.3036444,1.051692814,-1.176859223,5.050647894,2.292786042,-0.201013543,-0.039466434,0.023547721,-0.010858358
14.61,1.290438403,-1.129929457,5.019723346,2.292541033,1.08835062,-1.167293171,5.052317725,2.281643966,-0.202087782,-0.037363714,0.032594379,-0.010897068
14.64,1.318609142,-1.124297268,5.025861114,2.283430282,1.115655064,-1.159935283,5.053511706,2.273276886,-0.202954078,-0.035638015,0.027650592,-0.010153397
14.67,1.346644839,-1.118648148,5.026026322,2.275050282,1.142810543,-1.152416419,5.054654465,2.264859599,-0.203834296,-0.033768271,0.028628143,-0.010190683
14.71,1.383828447,-1.111031356,5.035440104,2.264217329,1.178788533,-1.142121212,5.056112644,2.253622236,-0.205039914,-0.031089856,0.02067254,-0.010595093
14.74,1.411589389,-1.105279982,5.043433115,2.254758543,1.20563408,-1.134226622,5.057148027,2.245273384,-0.205955309,-0.02894664,0.013714912,-0.009485159
14.77,1.439247133,-1.099508699,5.043843997,2.246616043,1.232364546,-1.126190625,5.058135579,2.236939148,-0.206882587,-0.026681925,0.014291582,-0.009676894
14.81,1.475947618,-1.091783076,5.046796692,2.235659832,1.267737155,-1.115171953,5.059363151,2.225743775,-0.208210464,-0.023388877,0.012566458,-0.009916056
14.84,1.503330859,-1.085936983,5.050008443,2.227549243,1.294053667,-1.10670749,5.060204044,2.217332542,-0.209277192,-0.020770507,0.010195601,-0.010216701
14.87,1.530594587,-1.080051169,5.050281065,2.219326743,1.320220736,-1.098141802,5.060998648,2.208944361,-0.210373852,-0.018090633,0.010717583,-0.010382381
14.91,1.566782396,-1.072164195,5.047942706,2.20807058,1.354794035,-1.086561243,5.061949783,2.19773874,-0.211988361,-0.014397048,0.014007078,-0.01033184
14.94,1.593809265,-1.066229596,5.046856585,2.199222803,1.380412544,-1.077734636,5.06260578,2.189341463,-0.213396722,-0.01150504,0.015749195,-0.00988134
14.97,1.620732407,-1.060242585,5.046700595,2.190877803,1.405773593,-1.068815429,5.063208997,2.181002204,-0.214958814,-0.008572844,0.016508402,-0.009875599
15.01,1.437844547,-1.124193855,5.04356888,2.179878352,1.439107854,-1.056841512,5.063963765,2.16986388,0.001263307,0.067352343,0.020394885,-0.010014473
15.04,1.457323968,-1.119942738,5.048144348,2.171249517,1.463721464,-1.047847865,5.06448337,2.161372006,0.006397496,0.072094873,0.016339022,-0.009877511
15.07,1.476703168,-1.115665765,5.04782294,2.163294517,1.488007438,-1.038833076,5.064989129,2.152892293,0.01130427,0.076832689,0.01716619,-0.010402225
15.11,1.502370831,-1.109923099,5.058584618,2.151367574,1.519725384,-1.026757093,5.065629621,2.141836655,0.017354553,0.083166006,0.007045003,-0.00953092
15.14,1.521498036,-1.105580372,5.06731811,2.142424087,1.54303043,-1.017691628,5.066096635,2.133553164,0.021532394,0.087888743,-0.001221475,-0.008870922
15.17,1.540508258,-1.101229819,5.067457808,2.133974087,1.566012887,-1.008637248,5.06654653,2.125126355,0.025504629,0.092592571,-0.000911278,-0.008847732
15.21,1.565688326,-1.095408898,5.062447584,2.122609716,1.596090095,-0.996523116,5.067096272,2.113829002,0.030401769,0.098885782,0.004648688,-0.008780713
15.24,1.584457149,-1.091025939,5.064352289,2.11393766,1.618252419,-0.987325173,5.067457852,2.10547642,0.03379527,0.103700767,0.003105564,-0.00846124
15.27,1.603112764,-1.086641383,5.064171738,2.10564766,1.640175943,-0.978028425,5.067768328,2.097138408,0.037063179,0.108612957,0.003596589,-0.008509251
15.31,1.627831576,-1.080780575,5.065927674,2.094098324,1.669082285,-0.96546926,5.068109871,2.085958408,0.041250709,0.115311315,0.002182197,-0.008139916
15.34,1.646270835,-1.076380104,5.070766809,2.085895539,1.690570971,-0.955898317,5.068288734,2.077590154,0.044300136,0.120481787,-0.002478075,-0.008305385
15.37,1.664616385,-1.071968445,5.070501981,2.077375539,1.711924508,-0.946171947,5.068422886,2.069218545,0.047308123,0.125796498,-0.002079095,-0.008156994
15.41,1.688931551,-1.066063646,5.070198428,2.066070488,1.740164814,-0.932898502,5.068481968,2.057999553,0.051233262,0.133165144,-0.00171646,-0.008070935
15.44,1.707075337,-1.06160975,5.064016122,2.057110425,1.761203327,-0.922763914,5.068454544,2.049597692,0.054127989,0.138845836,0.004438422,-0.007512733
15.47,1.725141544,-1.057144105,5.06324571,2.048820425,1.782144418,-0.912520225,5.068360689,2.041220009,0.057002874,0.144623879,0.005114979,-0.007600416
15.51,1.831779465,-0.90051797,5.05156681,2.037400581,1.809845171,-0.898621219,5.068144536,2.030039694,-0.021934294,0.001896751,0.016577725,-0.007360887
15.54,1.851977428,-0.891588829,5.046140253,2.029157804,1.830421583,-0.887997142,5.067912691,2.021649365,-0.021555845,0.003591687,0.021772438,-0.007508438
15.57,1.872097309,-0.882629977,5.044597317,2.020855304,1.850852008,-0.877260918,5.067647984,2.013284105,-0.021245301,0.005369059,0.023050667,-0.007571199
15.61,1.898815047,-0.870663895,5.046317712,2.009639107,1.877820269,-0.862817462,5.067255898,2.002116915,-0.020994778,0.007846433,0.020938186,-0.007522192
15.64,1.918775726,-0.861659266,5.05460251,2.000358317,1.89778982,-0.851899183,5.066947503,1.993717521,-0.020985906,0.009760083,0.012344993,-0.006640796
15.67,1.938672008,-0.852629533,5.053316612,1.992213317,1.917521772,-0.840913393,5.066639479,1.985382884,-0.021150236,0.011716139,0.013322867,-0.006830433
15.71,1.965087952,-0.840527148,5.047361632,1.980422425,1.943327089,-0.826206395,5.066222565,1.974421072,-0.021760863,0.014320753,0.018860933,-0.006001353
15.74,1.984830075,-0.831408804,5.045183111,1.972811538,1.962260095,-0.815219538,5.065918168,1.966071656,-0.02256998,0.016189265,0.020735057,-0.006739882
15.77,2.004526292,-0.822273359,5.043627869,1.964706538,1.980851198,-0.804287375,5.065608334,1.957577755,-0.023675094,0.017985984,0.021980465,-0.007128782
15.81,2.030713628,-0.810072566,5.055991813,1.953443566,2.004931252,-0.789786924,5.065225272,1.946415479,-0.025782376,0.020285642,0.009233458,-0.007028086
15.84,2.050281569,-0.800868151,5.035222514,1.944474174,2.022418419,-0.778983636,5.064947613,1.938300271,-0.02786315,0.021884516,0.0297251,-0.006173903
15.87,2.069790038,-0.791635557,5.033484057,1.936176674,2.039481516,-0.768278435,5.064691261,1.930109159,-0.030308522,0.023357122,0.031207204,-0.006067514
15.91,2.095739793,-0.779307045,5.036064403,1.924150895,2.061440297,-0.754233884,5.064349146,1.918761572,-0.034299496,0.025073161,0.028284743,-0.005389323
15.94,2.115160525,-0.770066106,5.029274174,1.915933861,2.07727958,-0.743849606,5.064121381,1.910311679,-0.037880945,0.026216499,0.034847206,-0.005622183
15.97,2.134534859,-0.760809245,5.027459901,1.907748861,2.092643188,-0.733561572,5.063912477,1.902140344,-0.04189167,0.027247673,0.036452576,-0.005608517
16.01,2.173360721,-0.795271623,5.035686137,1.896553759,2.112256768,-0.720078897,5.063678641,1.891331685,-0.061103953,0.075192726,0.027992504,-0.005222074
16.04,2.192829958,-0.787531745,5.036874117,1.888531265,2.126317853,-0.710195913,5.063537863,1.882854526,-0.066512105,0.077335832,0.026663746,-0.005676739
16.07,2.212259366,-0.779791588,5.035479174,1.880016265,2.139896996,-0.700471176,5.063423686,1.874215807,-0.07236237,0.079320411,0.027944512,-0.005800457
16.11,2.238120419,-0.769479704,5.027686993,1.868400112,2.15707957,-0.687734294,5.063335686,1.862830972,-0.081040849,0.08174541,0.035648693,-0.005569141
16.14,2.257488766,-0.761722222,5.032759171,1.859838518,2.169227853,-0.678330714,5.063293649,1.854469094,-0.088260913,0.083391508,0.030534478,-0.005369424
16.17,2.276862596,-0.753935187,5.031393002,1.851676018,2.180800964,-0.669046132,5.063273919,1.846033766,-0.096061632,0.084889055,0.031880917,-0.005642252
16.21,2.302657872,-0.743518266,5.034957037,1.84029343,2.195095457,-0.656889454,5.063288192,1.834433718,-0.107562414,0.086628811,0.028331155,-0.005859712
16.24,2.321985666,-0.735690216,5.036723978,1.831655466,2.204893821,-0.647903848,5.063325246,1.825776745,-0.117091845,0.087786368,0.026601268,-0.005878721
16.27,2.341295291,-0.727861892,5.03569507,1.823495466,2.213989811,-0.638989805,5.063363547,1.81735936,-0.12730548,0.088872087,0.027668476,-0.006136106
16.31,2.36703986,-0.717392894,5.048375062,1.812319204,2.224807397,-0.627230628,5.063401736,1.806240478,-0.142232463,0.090162266,0.015026675,-0.006078727
16.34,2.386337127,-0.709517858,5.040034874,1.804179678,2.231936652,-0.618501115,5.063408796,1.79761629,-0.154400475,0.091016744,0.023373922,-0.006563388
16.37,2.405611058,-0.701635552,5.039117828,1.795944678,2.238352778,-0.609809696,5.063392139,1.788910434,-0.167258279,0.091825856,0.024274311,-0.007034244
16.41,2.431297094,-0.691085743,5.037203823,1.786032889,2.245612544,-0.598220901,5.063312977,1.777656631,-0.18568455,0.092864843,0.026109154,-0.008376258
16.44,2.450552504,-0.68314637,5.042417212,1.777089055,2.250111991,-0.589500525,5.06320573,1.769393186,-0.200440513,0.093645844,0.020788518,-0.007695868
16.47,2.46979645,-0.675187675,5.041552498,1.768799055,2.25394624,-0.580756255,5.063075782,1.760983201,-0.215850211,0.094431421,0.021523284,-0.007815854
16.51,2.429515031,-0.627665763,5.051087612,1.757714344,2.257879252,-0.569017343,5.062857735,1.74949419,-0.17163578,0.05864842,0.011770122,-0.008220153
16.54,2.446835272,-0.618714639,5.04648141,1.749560802,2.259973348,-0.560095579,5.062666649,1.741038655,-0.186861924,0.058619061,0.01618524,-0.008522147
16.57,2.46416853,-0.609742855,5.045645926,1.741433302,2.261466414,-0.551063709,5.062441519,1.732761651,-0.202702116,0.058679147,0.016795593,-0.008671651
16.61,2.487313354,-0.597764896,5.049933302,1.730516799,2.262400114,-0.538816389,5.062083443,1.721645723,-0.22491324,0.058948507,0.012150141,-0.008871075
16.64,2.504695503,-0.588771953,5.051880749,1.722752345,2.262350023,-0.529462135,5.061767689,1.713095533,-0.24234548,0.059309817,0.00988694,-0.009656812
16.67,2.522088504,-0.579767443,5.051118339,1.714549845,2.261780354,-0.519951994,5.061427253,1.704572007,-0.26030815,0.059815448,0.010308914,-0.009977838
16.71,2.545287298,-0.567766231,5.042913946,1.703221497,2.260119965,-0.506931229,5.060920598,1.693498249,-0.285167333,0.060835002,0.018006651,-0.009723249
16.74,2.562710872,-0.55873315,5.043754225,1.693952239,2.258243359,-0.496903698,5.060503226,1.68521022,-0.304467513,0.061829453,0.016749001,-0.008742019
16.77,2.580162244,-0.549676892,5.042658842,1.685632239,2.255931768,-0.486688458,5.060062585,1.676778181,-0.324230476,0.062988434,0.017403743,-0.008854059
16.81,2.603466586,-0.537604588,5.04986622,1.674139703,2.252083358,-0.472685813,5.059450187,1.665433272,-0.351383228,0.064918774,0.009583967,-0.00870643
16.84,2.620992245,-0.528532215,5.057665154,1.666021767,2.248645159,-0.461851947,5.058978883,1.657082673,-0.372347086,0.066680268,0.001313729,-0.008939094
16.87,2.638551248,-0.519441266,5.056943607,1.658044267,2.24482198,-0.450769638,5.058488134,1.64881201,-0.393729268,0.068671628,0.001544527,-0.009232257
16.91,2.66200767,-0.507320382,5.049191386,1.647006733,2.239049153,-0.435555677,5.057793798,1.63763515,-0.422958517,0.071764705,0.008602411,-0.009371584
16.94,2.679631568,-0.498218516,5.056175206,1.639057367,2.234237358,-0.423805951,5.057223417,1.629131852,-0.445394211,0.074412565,0.001048211,-0.009925514
16.97,2.697302059,-0.489120696,5.055301204,1.630902367,2.22908779,-0.41178183,5.056625489,1.620693496,-0.468214269,0.077338866,0.001324284,-0.010208871
17.01,2.484923246,-0.389168957,5.052666336,1.619070988,2.221627675,-0.395221687,5.055785968,1.60963347,-0.26329557,-0.00605273,0.003119632,-0.009437518
17.04,2.49628821,-0.37776256,5.05963314,1.611034212,2.215609849,-0.382420888,5.055136126,1.601286278,-0.280678361,-0.004658328,-0.004497014,-0.009747934
17.07,2.507719039,-0.366357925,5.058808374,1.602756712,2.209298552,-0.369348429,5.054467007,1.592834753,-0.298420488,-0.002990504,-0.004341366,-0.009921959
17.11,2.523062983,-0.351178032,5.052748202,1.590873122,2.200375826,-0.351379548,5.053549199,1.581561227,-0.322687157,-0.000201515,0.000800997,-0.009311895
17.14,2.534647269,-0.33980497,5.057318044,1.582410359,2.193351526,-0.337462157,5.052827865,1.573239402,-0.341295742,0.002342812,-0.004490179,-0.009170957
17.17,2.546281008,-0.328446731,5.056363417,1.574112859,2.186129574,-0.323225354,5.052081206,1.56495539,-0.360151434,0.005221377,-0.004282211,-0.009157469
17.21,2.561857636,-0.313308233,5.03816094,1.562500924,2.176220947,-0.303680867,5.051064022,1.553815834,-0.385636688,0.009627366,0.012903082,-0.00868509
17.24,2.573603462,-0.301976231,5.040343346,1.554443625,2.168631114,-0.288593353,5.050282609,1.545420186,-0.404972348,0.013382878,0.009939263,-0.009023439
17.27,2.585402584,-0.290659798,5.038812857,1.546398625,2.160941771,-0.273174344,5.049496299,1.537051442,-0.424460812,0.017485454,0.010683442,-0.009347183
17.31,2.601241727,-0.275592492,5.037372688,1.534936011,2.150510507,-0.252003451,5.04844928,1.525936968,-0.45073122,0.02358904,0.011076592,-0.008999043
17.34,2.6131882,-0.264308755,5.025325515,1.526015631,2.142545083,-0.235689592,5.04767735,1.517560776,-0.470643117,0.028619163,0.022351835,-0.008454855
17.37,2.625192566,-0.253034558,5.023412287,1.517815631,2.134470219,-0.219064434,5.046904343,1.509135863,-0.490722347,0.033970124,0.023492056,-0.008679769
17.41,2.641286654,-0.238026043,5.03002957,1.506493875,2.123496213,-0.196297022,5.045866165,1.497916698,-0.517790441,0.041729021,0.015836595,-0.008577178
17.44,2.653443102,-0.226785736,5.01908971,1.497629488,2.115107841,-0.178757375,5.04507644,1.489572254,-0.538335261,0.048028361,0.02598673,-0.008057233
17.47,2.665666938,-0.215556288,5.017032917,1.489256988,2.106603792,-0.160894239,5.044284479,1.481228192,-0.559063146,0.05466205,0.027251561,-0.008028796
17.51,2.575686003,-0.078759153,5.022390172,1.477677898,2.095054417,-0.136511378,5.043200515,1.470005266,-0.480631586,-0.057752225,0.020810343,-0.007672632
17.54,2.585746664,-0.06453927,5.025094615,1.468995095,2.086239477,-0.11778826,5.04237346,1.461573893,-0.499507187,-0.05324899,0.017278845,-0.007421202
17.57,2.595869994,-0.050353073,5.02324607,1.460812595,2.07731773,-0.098734772,5.041537487,1.453194885,-0.518552263,-0.048381698,0.018291417,-0.00761771
17.61,2.609486156,-0.031481471,5.023388331,1.449248023,2.065233243,-0.072741706,5.040387693,1.44206744,-0.544252913,-0.041260236,0.016999363,-0.007180583
17.64,2.619793821,-0.017341414,5.021987685,1.440676229,2.056039231,-0.052833521,5.039497606,1.433661428,-0.56375459,-0.035492108,0.017509921,-0.007014801
17.67,2.630190261,-0.003241856,5.02002577,1.432413729,2.046763508,-0.032625368,5.03858616,1.425221444,-0.583426752,-0.029383512,0.01856039,-0.007192285
17.71,2.644189655,0.015488011,5.009376707,1.420990435,2.034275019,-0.00510784,5.037355101,1.414025419,-0.609914637,-0.020595851,0.027978393,-0.006965017
17.74,2.65478921,0.029492745,5.008393285,1.412348117,2.024833281,0.015952023,5.036416334,1.405669473,-0.629955929,-0.013540722,0.028023049,-0.006678644
17.77,2.665475507,0.043461709,5.006071755,1.404225617,2.015338463,0.037296597,5.035480139,1.39728601,-0.650137044,-0.006165112,0.029408384,-0.006939607
17.81,2.679854936,0.062028945,5.000441011,1.393979269,2.00258119,0.066262042,5.034243127,1.386038479,-0.677273746,0.004233097,0.033802115,-0.00794079
17.84,2.690740578,0.075897924,4.992734143,1.384681112,1.992942662,0.088383062,5.033337642,1.377630978,-0.697797916,0.012485138,0.0406035,-0.007050134
17.87,2.701710202,0.089714053,4.990107631,1.376663612,1.983253259,0.110795937,5.032438601,1.369275116,-0.718456944,0.021081884,0.04233097,-0.007388496
17.91,2.716477572,0.108068745,4.987139842,1.364364889,1.970234273,0.141178168,5.031258736,1.358133764,-0.746243299,0.033109423,0.044118894,-0.006231126
17.94,2.727642649,0.121790446,4.991032635,1.355767604,1.960392077,0.164312262,5.030391727,1.349713703,-0.767250572,0.042521816,0.039359092,-0.006053901
17.97,2.738896131,0.135446908,4.988580142,1.347317604,1.950496689,0.187704549,5.029544037,1.341287472,-0.788399442,0.052257641,0.040963894,-0.006030132
18.01,2.389090217,0.187856145,4.99654659,1.334747677,1.937214383,0.219381701,5.028434772,1.330138791,-0.451875834,0.031525556,0.031888183,-0.004608887
18.04,2.39103105,0.201884726,4.993237183,1.325454467,1.92718652,0.24348231,5.027608799,1.321799204,-0.46384453,0.041597584,0.034371616,-0.003655263
18.07,2.393060967,0.215856125,4.991000719,1.317091967,1.917108141,0.267808566,5.026795711,1.313409304,-0.475952826,0.051952441,0.035794992,-0.003682664
18.11,2.395889577,0.23438789,4.991432958,1.305931374,1.903596009,0.300653417,5.025730449,1.302164245,-0.492293567,0.066265527,0.034297491,-0.003767129
18.14,2.39809679,0.248188388,4.996886852,1.29704331,1.893461901,0.32561452,5.024948503,1.293779347,-0.50463489,0.077426132,0.028061651,-0.003263964
18.17,2.400382675,0.261928268,4.994923464,1.28902331,1.883378744,0.350806274,5.024176511,1.285426458,-0.51700393,0.088878006,0.029253047,-0.003596853
18.21,2.403546357,0.280170644,4.983255477,1.277359209,1.870112969,0.384748776,5.023191598,1.27425766,-0.533433388,0.104578132,0.03993612,-0.003101549
18.24,2.406024045,0.293769423,4.983706394,1.268814021,1.860343435,0.410423777,5.022476323,1.265877538,-0.54568061,0.116654353,0.038769928,-0.002936483
18.27,2.40859564,0.307292762,4.981488329,1.260656521,1.8507186,0.436260026,5.021786516,1.257500803,-0.55787704,0.128967265,0.040298187,-0.003155718
18.31,2.412184469,0.325227325,4.984538923,1.249313918,1.838145117,0.4710249,5.020933591,1.246312857,-0.574039352,0.145797575,0.036394668,-0.003001061
18.34,2.41499715,0.338606006,4.994558718,1.241290806,1.828878459,0.497318076,5.020345694,1.237924576,-0.586118691,0.15871207,0.025786977,-0.00336623
18.37,2.417905212,0.351918135,4.99290247,1.232980806,1.81970527,0.523750355,5.019793759,1.229537789,-0.598199941,0.17183222,0.026891289,-0.003443017
18.41,2.421926977,0.36955666,4.997987593,1.221651538,1.807618229,0.559253189,5.019097188,1.218343212,-0.614308748,0.189696528,0.021109595,-0.003308326
18.44,2.425057714,0.38269889,5.009333615,1.213394442,1.798650805,0.586098992,5.018592597,1.209963903,-0.626406908,0.203400103,0.009258982,-0.003430539
18.47,2.428286096,0.395786735,5.008221407,1.204799442,1.789745098,0.613099685,5.018084559,1.201605906,-0.638540998,0.21731295,0.009863152,-0.003193536
18.51,2.26828603,0.561305501,5.009817332,1.193438872,1.777957409,0.649339577,5.0174216,1.190447948,-0.490328621,0.088034076,0.007604268,-0.002990924
18.54,2.268366127,0.578043109,5.019363771,1.185140677,1.769169398,0.676681692,5.016919604,1.182049683,-0.499196729,0.098638582,-0.002444167,-0.003090995
18.57,2.268535338,0.594685592,5.018561306,1.176928177,1.760421968,0.704153916,5.016419037,1.173662055,-0.50811337,0.109468323,-0.002142269,-0.003266122
18.61,2.268901612,0.616769733,5.015004346,1.165370827,1.748835637,0.741028039,5.015746033,1.162523728,-0.520065975,0.124258306,0.000741687,-0.002847098
18.64,2.269276089,0.633270617,5.014325193,1.157877362,1.740199527,0.768834711,5.015238359,1.15416497,-0.529076561,0.135564093,0.000913166,-0.003712391
18.67,2.269730033,0.6496943,5.01336112,1.149219862,1.731605106,0.796729887,5.014726826,1.145778996,-0.538124928,0.147035586,0.001365706,-0.003440865
18.71,2.270442399,0.671459896,5.004958945,1.137056289,1.72024776,0.834087943,5.014065312,1.134586228,-0.550194639,0.162628047,0.009106366,-0.002470062
18.74,2.271074823,0.687679881,5.010173367,1.127951916,1.711821788,0.862233915,5.013585169,1.126206165,-0.559253035,0.174554034,0.003411801,-0.001745751
18.77,2.271790427,0.703805476,5.009086607,1.119721916,1.703457804,0.890456175,5.013119508,1.117828705,-0.568332623,0.186650699,0.004032901,-0.001893211
18.81,2.272898127,0.725177086,5.012116358,1.108277903,1.692397078,0.92818741,5.012540775,1.106636495,-0.580501049,0.203010324,0.000424417,-0.001641408
18.84,2.273838708,0.741116842,5.005025047,1.100103879,1.684162727,0.956562348,5.012135767,1.098234324,-0.589675981,0.215445506,0.00711072,-0.001869555
18.87,2.274873818,0.756976651,5.003804026,1.091868879,1.6759732,0.985005148,5.011750873,1.089848993,-0.598900618,0.228028497,0.007946848,-0.002019886
18.91,2.276396665,0.777968612,5.004283241,1.08147915,1.665120183,1.023042231,5.011249423,1.078700127,-0.611276482,0.245073619,0.006966181,-0.002779023
18.94,2.277638081,0.793614335,5.009841006,1.073648283,1.657006958,1.051623889,5.010895128,1.070321494,-0.620631123,0.258009554,0.001054122,-0.003326789
18.97,2.278981785,0.80918116,5.008781338,1.065220783,1.64890624,1.080236996,5.010553587,1.061921817,-0.630075545,0.271055836,0.00177225,-0.003298966
19.01,2.091575138,0.860456609,5.007071112,1.05374487,1.638136681,1.118464836,5.010132633,1.050738291,-0.453438457,0.258008228,0.003061521,-0.003006579
19.04,2.088900451,0.876201101,4.997666698,1.044414902,1.630082816,1.147193417,5.009823398,1.042381184,-0.458817635,0.270992316,0.012156701,-0.002033719
19.07,2.086315376,0.891874374,4.996265196,1.036262402,1.622034717,1.175944007,5.009525952,1.034012414,-0.464280658,0.284069633,0.013260755,-0.002249988
19.11,2.08300154,0.912640237,4.989587735,1.025065483,1.611304494,1.214290709,5.009156261,1.022804378,-0.471697046,0.301650471,0.019568527,-0.002261106
19.14,2.080607927,0.928101466,4.987605088,1.016692417,1.603281916,1.243068736,5.008920329,1.014401381,-0.477326011,0.31496727,0.021315241,-0.002291036
19.17,2.078289565,0.943466587,4.986025538,1.008817417,1.595301065,1.271863448,5.008717226,1.00601902,-0.4829885,0.328396861,0.022691688,-0.002798397
19.21,2.075332878,0.963826079,4.990346957,0.997772188,1.584751686,1.310243123,5.008508661,0.994843836,-0.490581191,0.346417044,0.018161704,-0.002928352
19.24,2.073218629,0.979014416,4.98836106,0.989136021,1.576903755,1.338972446,5.00840728,0.986450851,-0.496314874,0.35995803,0.02004622,-0.00268517
19.27,2.071196203,0.994109367,4.986979275,0.980931021,1.569105467,1.367658309,5.008340815,0.97805746,-0.502090737,0.373548942,0.021361539,-0.002873561
19.31,2.068647373,1.014096316,4.97521885,0.970354636,1.558813046,1.40585645,5.008314524,0.966872632,-0.509834327,0.391760134,0.033095674,-0.003482003
19.34,2.066862908,1.028989486,4.958977247,0.960348763,1.55116122,1.4344675,5.008323215,0.95849251,-0.515701687,0.405478014,0.049345969,-0.001856253
19.37,2.065176245,1.043800481,4.956832382,0.952241263,1.543536869,1.463032057,5.008365645,0.950110701,-0.521639376,0.419231576,0.051533263,-0.002130562
19.41,2.063051992,1.063396586,4.969811201,0.941881348,1.533400136,1.501022735,5.008487678,0.938915228,-0.529651856,0.437626149,0.038676477,-0.00296612
19.44,2.061547881,1.077967692,4.965473759,0.93350673,1.525826639,1.529468536,5.008661978,0.930524672,-0.535721242,0.451500844,0.043188219,-0.002982058
19.47,2.06012362,1.092446558,4.963760219,0.92529173,1.518274607,1.557888057,5.008884613,0.922152973,-0.541849013,0.465441499,0.045124394,-0.003138757
19.51,1.905138199,1.230970084,4.970357341,0.914330439,1.508211431,1.595700561,5.009234081,0.910993567,-0.396926768,0.364730477,0.03887674,-0.003336873
19.54,1.900681234,1.248285214,4.961932655,0.905464168,1.500644841,1.623977786,5.009519729,0.902596542,-0.400036392,0.375692572,0.047587073,-0.002867626
19.57,1.896315132,1.265509957,4.960207198,0.897179168,1.493068591,1.652205761,5.009826523,0.894196981,-0.403246541,0.386695804,0.049619326,-0.002982187
19.61,1.890625164,1.288318285,4.967380754,0.885848016,1.482968332,1.689779446,5.010268844,0.88303484,-0.407656832,0.401461161,0.042888091,-0.002813176
19.64,1.886468872,1.305317896,4.967483929,0.87786067,1.47538977,1.717896957,5.01062779,0.874673989,-0.411079102,0.412579062,0.043143861,-0.003186681
19.67,1.882397942,1.322227002,4.966052556,0.86966067,1.467800554,1.745946466,5.011014463,0.866296802,-0.414597387,0.423719464,0.044961907,-0.003363868
19.71,1.87709295,1.344591499,4.972629633,0.859055766,1.457676416,1.783213729,5.011561593,0.855107032,-0.419416533,0.43862223,0.03893196,-0.003948734
19.74,1.873211266,1.36124373,4.973218157,0.850613032,1.450102771,1.811079854,5.011997984,0.846722781,-0.423108494,0.449836124,0.038779827,-0.003890251
19.77,1.869422081,1.377794792,4.972017123,0.842410532,1.442542644,1.838882756,5.01244266,0.838344108,-0.426879437,0.461087965,0.040425537,-0.004066424
19.81,1.864483651,1.399722357,4.976449835,0.831211356,1.432454516,1.875808243,5.013064009,0.827162508,-0.432029135,0.476085886,0.036614174,-0.004048848
19.84,1.860868208,1.416053138,4.989546929,0.823647519,1.424868371,1.903389123,5.013540318,0.818762167,-0.435999836,0.487335985,0.023993389,-0.004885352
19.87,1.857347248,1.432298684,4.98885808,0.815397519,1.41727519,1.930903621,5.014032142,0.810364936,-0.440072058,0.498604937,0.025174062,-0.005032582
19.91,1.852806022,1.45382002,4.992173084,0.804103691,1.407142176,1.967484979,5.014696877,0.799197266,-0.445663846,0.513664959,0.022523793,-0.004906426
19.94,1.849526154,1.469846393,4.990846285,0.79488554,1.399511723,1.994826727,5.015194556,0.790820767,-0.45001443,0.524980333,0.024348271,-0.004064773
19.97,1.846325122,1.485762472,4.990130114,0.78653054,1.391844203,2.02208997,5.015682279,0.782424215,-0.454480919,0.536327498,0.025552165,-0.004106325
20.01,1.789484858,1.784700811,4.994970076,0.774970637,1.381563134,2.058315678,5.016328771,0.77121781,-0.407921724,0.273614867,0.021358695,-0.003752827
20.04,1.785880535,1.807591665,4.99116488,0.766611054,1.373822823,2.08541106,5.016813433,0.762839772,-0.412057712,0.277819395,0.025648553,-0.003771282
20.07,1.782382433,1.830379688,4.990366674,0.758396054,1.366052082,2.112447749,5.01729487,0.754473862,-0.416330351,0.282068061,0.026928196,-0.003922193
20.11,1.777884611,1.860590601,5.00112794,0.746817624,1.35560198,2.148364979,5.017935503,0.743289658,-0.422282631,0.287774378,0.016807563,-0.003527967
20.14,1.774627781,1.883129522,5.002387395,0.738922112,1.347693319,2.175209021,5.018411954,0.734881657,-0.426934462,0.292079499,0.016024559,-0.004040454
20.17,1.771445318,1.905564053,5.001887313,0.730692112,1.339743058,2.202000684,5.018891655,0.726489554,-0.431702259,0.296436631,0.017004342,-0.004202557
20.21,1.767342188,1.93529803,5.015965056,0.719474618,1.329061685,2.237633894,5.019502924,0.715340793,-0.438280503,0.302335864,0.003537868,-0.004133825
20.24,1.764372663,1.957482805,5.016677584,0.711182011,1.320962316,2.264276349,5.019944329,0.706961446,-0.443410347,0.306793544,0.003266745,-0.004220565
20.27,1.761499956,1.979587352,5.016457067,0.702914511,1.312789634,2.290855468,5.020362701,0.69855239,-0.448710322,0.311268116,0.003905634,-0.004362121
20.31,1.757798817,2.008917047,5.014234522,0.691633996,1.301778102,2.326201634,5.020882846,0.687346651,-0.456020715,0.317284588,0.006648323,-0.004287345
20.34,1.755139259,2.030792811,5.013298834,0.683468648,1.293443161,2.352654339,5.021233342,0.67898274,-0.461696098,0.321861527,0.007934509,-0.004485908
20.37,1.752584076,2.052570791,5.012794974,0.675131148,1.285039237,2.379057069,5.021562611,0.670620262,-0.467544839,0.326486278,0.008767637,-0.004510886
20.41,1.749338794,2.081454973,5.011624739,0.663688546,1.273682155,2.41415289,5.021973604,0.659414933,-0.475656639,0.332697917,0.010348865,-0.004273613
20.44,1.746994705,2.103006533,5.000337347,0.655370324,1.265060282,2.440405121,5.022269285,0.651001796,-0.481934423,0.337398589,0.021931938,-0.004368528
20.47,1.744748254,2.124442035,4.999326326,0.646957824,1.256375369,2.466618507,5.022557246,0.642619859,-0.488372885,0.342176472,0.02323092,-0.004337965
20.51,1.606766577,2.371799939,5.003415436,0.635225828,1.244666984,2.501491761,5.022921254,0.631476162,-0.362099593,0.129691821,0.019505818,-0.003749666
20.54,1.601576846,2.398136911,5.008637582,0.626909371,1.235763569,2.52757199,5.023197853,0.623081651,-0.365813277,0.12943508,0.014560271,-0.00382772
20.57,1.596483934,2.424358496,5.007819561,0.618769371,1.226771036,2.553599572,5.023474479,0.614662996,-0.369712898,0.129241075,0.015654918,-0.004106375
20.61,1.58981825,2.459146435,5.0067649,0.607638134,1.214645749,2.588229738,5.023843808,0.603470077,-0.375172501,0.129083303,0.017078908,-0.004168057
20.64,1.584926606,2.485096897,5.008522605,0.599313467,1.205455523,2.614151736,5.024101196,0.595111511,-0.379471083,0.129054839,0.015578591,-0.004201956
20.67,1.580148653,2.510936756,5.007615011,0.590830967,1.196180998,2.640026551,5.024350381,0.586740268,-0.383967655,0.129089795,0.01673537,-0.004090699
20.71,1.573934317,2.545228654,5.016445517,0.578797477,1.183649804,2.674430724,5.02466021,0.575524066,-0.390284513,0.12920207,0.008214693,-0.003273411
20.74,1.569396734,2.570803866,5.022184511,0.570296061,1.174147719,2.700174599,5.02488544,0.567120541,-0.395249016,0.129370733,0.002700929,-0.00317552
20.77,1.56495786,2.59626361,5.021615036,0.562143561,1.164580762,2.725882115,5.025096561,0.558748122,-0.400377098,0.129618505,0.003481525,-0.003395439
20.81,1.559213752,2.630041751,5.033717956,0.551109912,1.151685455,2.760080237,5.025346536,0.547592994,-0.407528297,0.130038486,-0.00837142,-0.003516918
20.84,1.555017578,2.655256418,5.028858171,0.543344005,1.141889885,2.785659508,5.025500618,0.539186173,-0.413127694,0.130403091,-0.003357553,-0.004157832
20.87,1.550928486,2.680345347,5.028303998,0.534884005,1.132011243,2.811194211,5.025625967,0.530767608,-0.418917243,0.130848864,-0.00267803,-0.004116397
20.91,1.545626139,2.71361516,5.023572256,0.523014323,1.118714695,2.845177775,5.025735965,0.519589455,-0.426911444,0.131562615,0.002163709,-0.003424868
20.94,1.541773302,2.73843909,5.02270298,0.516006258,1.108642272,2.870617035,5.025773693,0.511227415,-0.43313103,0.132177945,0.003070713,-0.004778843
20.97,1.538019021,2.763153998,5.021772034,0.507726258,1.098480346,2.896013019,5.025789719,0.502840682,-0.439538675,0.13285902,0.004017684,-0.004885576
21.01,1.372869654,2.798131491,5.007166093,0.496766235,1.084767261,2.92979767,5.025770276,0.491614411,-0.288102393,0.131666179,0.018604183,-0.005151825
21.04,1.365466966,2.821717317,4.997990179,0.48881093,1.074383094,2.955093705,5.025739709,0.483220747,-0.291083873,0.133376388,0.02774953,-0.005590183
21.07,1.358170515,2.845192295,4.996221,0.48044093,1.063930559,2.980362063,5.025694837,0.474854076,-0.294239956,0.135169768,0.029473838,-0.005586854
21.11,1.34861671,2.876331729,4.988326728,0.468047286,1.049842252,3.013990305,5.025642704,0.463673169,-0.298774458,0.137658576,0.037315977,-0.004374117
21.14,1.341573695,2.899559132,4.99280764,0.459800205,1.039159884,3.039162531,5.025615095,0.455249101,-0.302413811,0.139603399,0.032807456,-0.004551104
21.17,1.334631365,2.922667074,4.990994973,0.451395205,1.028412919,3.064307894,5.025612115,0.446835356,-0.306218445,0.14164082,0.034617142,-0.004559849
21.21,1.325543265,2.953315141,4.985672987,0.441330634,1.013989384,3.097794563,5.025647971,0.435674775,-0.311553881,0.144479422,0.039974985,-0.00565586
21.24,1.31884434,2.976171468,4.977441105,0.433160141,1.003085653,3.122870198,5.02571,0.427300407,-0.315758687,0.14669873,0.048268894,-0.005859734
21.27,1.312256835,2.998916095,4.975305182,0.425042641,0.992109064,3.147912222,5.025792173,0.418893782,-0.320147772,0.148996127,0.05048699,-0.006148858
21.31,1.303615273,3.029043249,4.975217483,0.413864626,0.977365767,3.181253002,5.02594828,0.407670652,-0.326249506,0.152209753,0.050730798,-0.006193973
21.34,1.297238142,3.051479155,4.975091331,0.404673163,0.966255264,3.206236419,5.026109036,0.399293767,-0.330982879,0.154757264,0.051017705,-0.005379396
21.37,1.290971528,3.073808792,4.973079742,0.396625663,0.955101967,3.231203367,5.026303131,0.390931818,-0.33586956,0.157394576,0.053223389,-0.005693845
21.41,1.282783796,3.103415437,4.969020207,0.384554018,0.94012444,3.26445383,5.026631406,0.379737621,-0.342659357,0.161038393,0.0576112,-0.004816396
21.44,1.276747882,3.125484613,4.983931336,0.377007246,0.928819747,3.289368712,5.026920457,0.371316841,-0.347928135,0.163884099,0.042989121,-0.005690406
21.47,1.270796513,3.147444527,4.982390863,0.369027246,0.917484551,3.314276999,5.027247426,0.362921217,-0.353311962,0.166832472,0.044856563,-0.006106029
21.51,1.148430202,3.236854782,4.992452374,0.357303303,0.902325047,3.347478371,5.027742289,0.35177393,-0.246105154,0.110623589,0.035289915,-0.005529373
21.54,1.14017954,3.259786318,4.99607023,0.349129545,0.890903067,3.372355961,5.02815265,0.34339292,-0.249276473,0.112569642,0.03208242,-0.005736624
21.57,1.132035531,3.282613883,4.995007429,0.340679545,0.879444007,3.397205084,5.028572228,0.334996387,-0.252591524,0.114591201,0.033564799,-0.005683158
21.61,1.121327109,3.312874989,4.997719486,0.329681415,0.864149362,3.430267706,5.029147596,0.323821018,-0.257177747,0.117392717,0.03142811,-0.005860397
21.64,1.113413589,3.335446002,5.003519188,0.32222992,0.852712338,3.454977585,5.029581863,0.315458983,-0.260701251,0.119531583,0.026062675,-0.006770937
21.67,1.105612204,3.35791856,5.002688334,0.31406742,0.841308886,3.479584053,5.03002269,0.307093403,-0.264303318,0.121665494,0.027334356,-0.006974017
21.71,1.095345934,3.387739191,5.004349442,0.302984778,0.826176078,3.512118875,5.030628235,0.295983012,-0.269169855,0.124379684,0.026278793,-0.007001766
21.74,1.087755903,3.409995878,5.008007885,0.293820185,0.814924039,3.536253262,5.03109654,0.287685221,-0.272831863,0.126257384,0.023088655,-0.006134964
21.77,1.080263608,3.432154794,5.007318615,0.285712685,0.803779473,3.560160416,5.031579837,0.279345671,-0.276484134,0.128005622,0.024261222,-0.006367014
21.81,1.070440147,3.461552278,5.01463938,0.274314431,0.789139973,3.591556178,5.032248143,0.268140238,-0.281300173,0.1300039,0.017608763,-0.006174193
21.84,1.063201388,3.483480996,5.029028177,0.266754968,0.778321322,3.614688072,5.032774783,0.259816422,-0.284880066,0.131207077,0.003746606,-0.006938546
21.87,1.056065961,3.505310029,5.028985424,0.258589968,0.767631814,3.637492468,5.033310129,0.251575273,-0.288434147,0.132182439,0.004324705,-0.007014696
21.91,1.046703253,3.534240563,5.019586525,0.248426949,0.753671538,3.667265981,5.034045703,0.240510588,-0.293031715,0.133025418,0.014459178,-0.007916362
21.94,1.039810375,3.555813144,5.012038677,0.239487666,0.743444904,3.689093278,5.034589118,0.232078483,-0.296365471,0.133280133,0.022550441,-0.007409183
21.97,1.032999625,3.577287245,5.011415179,0.230960166,0.733387791,3.710532643,5.035129579,0.223677219,-0.299611834,0.133245398,0.0237144,-0.007282948
22.01,0.979276401,3.678549924,5.021155408,0.219449639,0.720287178,3.738375118,5.035844132,0.21269563,-0.258989223,0.059825195,0.014688724,-0.006754009
22.04,0.971998772,3.701491285,5.028783545,0.21143702,0.710728505,3.758681765,5.036393676,0.204436296,-0.261270267,0.05719048,0.00761013,-0.007000724
22.07,0.964820319,3.724320288,5.02864782,0.20286452,0.701384654,3.778560738,5.03695276,0.196030062,-0.263435665,0.05424045,0.008304939,-0.006834459
22.11,0.955419011,3.754589225,5.031286387,0.191207254,0.689310687,3.804255622,5.037706577,0.18477882,-0.266108324,0.049666397,0.00642019,-0.006428434
22.14,0.948475673,3.777180483,5.027910772,0.183140874,0.680534463,3.82288897,5.038259472,0.176535566,-0.267941209,0.045708487,0.0103487,-0.006605308
22.17,0.941609661,3.799685728,5.027701025,0.174985874,0.671979502,3.841038907,5.038795909,0.168353858,-0.269630159,0.041353179,0.011094883,-0.006632017
22.21,0.932588007,3.829544994,5.021665228,0.164250681,0.661027629,3.864316404,5.039477948,0.157199757,-0.271560377,0.03477141,0.01781272,-0.007050924
22.24,0.925926901,3.85184276,5.0228469,0.156101301,0.653160873,3.881047639,5.0399604,0.148715208,-0.272766027,0.029204879,0.0171135,-0.007386093
22.27,0.919361424,3.874062824,5.022414807,0.147808801,0.645535574,3.897226895,5.04045457,0.140354066,-0.27382585,0.023164071,0.018039763,-0.007454735
22.31,0.910736598,3.903588716,5.021628429,0.136265067,0.635822614,3.917726318,5.041167457,0.129377251,-0.274913984,0.014137602,0.019539028,-0.006887817
22.34,0.904355664,3.925686671,5.018063079,0.12847139,0.628913111,3.932168184,5.041696836,0.120938957,-0.275442553,0.006481514,0.023633757,-0.007532432
22.37,0.898057059,3.947764579,5.017545187,0.11990889,0.622289706,3.945795892,5.042207452,0.112298726,-0.275767353,-0.001968688,0.024662266,-0.007610164
22.41,0.889811752,3.977178428,5.022543143,0.10946017,0.613975965,3.96218397,5.042797001,0.100951267,-0.275835787,-0.014994458,0.020253858,-0.008508903
22.44,0.883727982,3.999211552,5.023814593,0.101379127,0.608134112,3.972909473,5.043108501,0.092780804,-0.27559387,-0.026302079,0.019293908,-0.008598323
22.47,0.877717555,4.021218301,5.023395473,0.093131627,0.602594704,3.982377731,5.04329415,0.084510993,-0.275122851,-0.03884057,0.019898677,-0.008620635
22.51,0.873452703,4.107777818,5.028195196,0.082053858,0.595771434,3.99254149,5.043245891,0.072812578,-0.277681268,-0.115236328,0.015050695,-0.00924128
22.54,0.868087558,4.130977059,5.020548071,0.074182501,0.591048368,3.998221898,5.042964246,0.064068592,-0.27703919,-0.132755162,0.022416175,-0.010113909
22.57,0.862793964,4.154148642,5.019768301,0.065980001,0.586591988,4.002449712,5.042488384,0.05573463,-0.276201975,-0.151698929,0.022720083,-0.010245371
22.61,0.855848151,4.184997115,5.015594651,0.055958801,0.581136625,4.005380926,5.041477606,0.04481019,-0.274711526,-0.179616189,0.025882955,-0.011148611
22.64,0.850727571,4.208106593,5.011863693,0.04878196,0.577410577,4.00553423,5.040427469,0.036073725,-0.273316994,-0.202572363,0.028563776,-0.012708234
22.67,0.845684721,4.231193405,5.010574442,0.04052446,0.573931081,4.004203948,5.039161216,0.027140894,-0.27175364,-0.226989457,0.028586774,-0.013383566
22.71,0.839081112,4.261953535,5.008541414,0.029994026,0.569689268,3.999744382,5.03708605,0.015796296,-0.269391844,-0.262209153,0.028544635,-0.01419773
22.74,0.834203427,4.285004751,5.00698089,0.021834711,0.566783489,3.99444014,5.035246461,0.007617485,-0.267419937,-0.290564611,0.028265571,-0.014217226
22.77,0.829372557,4.30803131,5.005306541,0.013322211,0.564077449,3.987756762,5.033218418,-0.000817465,-0.265295108,-0.320274549,0.027911877,-0.014139676
22.81,0.823016363,4.338716787,5.007000172,0.003570851,0.56081038,3.976423805,5.030181331,-0.012589186,-0.262205983,-0.362292982,0.023181159,-0.016160037
22.84,0.818338263,4.361720739,5.005760185,-0.003863707,0.558571809,3.966204906,5.027691566,-0.021149811,-0.259766453,-0.395515832,0.021931382,-0.017286104
22.87,0.813719132,4.38471203,5.003894609,-0.011818707,0.556467603,3.954803088,5.025061846,-0.029381693,-0.257251529,-0.429908942,0.021167237,-0.017562986
22.91,0.807651807,4.415349219,4.998926345,-0.022056967,0.553908746,3.937555118,5.021343331,-0.040468322,-0.253743061,-0.4777941,0.022416985,-0.018411355
22.94,0.803175599,4.438328497,5.010197293,-0.030425164,0.552167094,3.923192562,5.018422067,-0.049142839,-0.251008505,-0.515135935,0.008224774,-0.018717675
22.97,0.798777033,4.461310773,5.008433372,-0.038585164,0.550531613,3.907859583,5.015432045,-0.057776393,-0.24824542,-0.55345119,0.006998673,-0.019191228
23.01,0.816215414,4.100415304,5.018627918,-0.049719748,0.548506493,3.885758224,5.011357863,-0.068816886,-0.267708922,-0.21465708,-0.007270055,-0.019097138
23.04,0.81270477,4.112299262,5.025879029,-0.057406677,0.547101865,3.868039858,5.008258036,-0.077065465,-0.265602905,-0.244259404,-0.017620993,-0.019658789
23.07,0.809243384,4.124203971,5.024695004,-0.065574177,0.545783851,3.849552126,5.005135751,-0.085544221,-0.263459532,-0.274651845,-0.019559254,-0.019970044
23.11,0.804729124,4.140122533,5.028553858,-0.076003564,0.544153733,3.82360461,5.000944525,-0.097062118,-0.260575391,-0.316517923,-0.027609333,-0.021058554
23.14,0.80142025,4.152084529,5.028511875,-0.083052343,0.542981714,3.803271933,4.997801114,-0.105451077,-0.258438536,-0.348812596,-0.030710761,-0.022398734
23.17,0.798159376,4.164059692,5.02749111,-0.091159843,0.541833786,3.78236999,4.994663968,-0.11366581,-0.25632559,-0.381689702,-0.032827142,-0.022505967
23.21,0.793866882,4.180077102,5.017325192,-0.101194541,0.540361877,3.753563563,4.990546812,-0.1247189,-0.253505005,-0.42651354,-0.026778381,-0.023524359
23.24,0.790693351,4.192130834,5.028509233,-0.109494542,0.539301536,3.731337513,4.987523654,-0.133176335,-0.251391815,-0.460793321,-0.040985579,-0.023681793
23.27,0.787572953,4.204240114,5.027705853,-0.117527042,0.538253645,3.7087037,4.984565687,-0.141599768,-0.249319309,-0.495536413,-0.043140166,-0.024072726
23.31,0.783486591,4.220467695,5.026567879,-0.128557023,0.536849637,3.677843268,4.980761226,-0.152630608,-0.246636954,-0.542624427,-0.045806653,-0.024073585
23.34,0.780474836,4.23269748,5.031086441,-0.136884814,0.535795476,3.654231369,4.978014712,-0.160919575,-0.244679359,-0.578466111,-0.053071729,-0.024034761
23.37,0.777510582,4.244983339,5.030633789,-0.145262314,0.53474495,3.630305689,4.975339737,-0.169316644,-0.242765632,-0.61467765,-0.055294052,-0.02405433
23.41,0.773639159,4.261443176,5.035319179,-0.156073818,0.533323353,3.597878119,4.97190637,-0.180569235,-0.240315806,-0.663565057,-0.063412809,-0.024495417
23.44,0.770792744,4.273871131,5.024639905,-0.164376359,0.532210649,3.573203621,4.969430042,-0.188898342,-0.238582095,-0.700667511,-0.055209863,-0.024521983
23.47,0.7679906,4.286355685,5.024221194,-0.172586359,0.53106153,3.548293912,4.967020093,-0.197186745,-0.23692907,-0.738061773,-0.057201101,-0.024600386
23.51,0.757623955,3.919952031,5.002733128,-0.182746978,0.529477582,3.514682802,4.963933145,-0.208346977,-0.228146374,-0.405269229,-0.038799983,-0.025599999
23.54,0.754726586,3.922858269,5.001982569,-0.190730991,0.5282403,3.48920603,4.961715206,-0.216780224,-0.226486287,-0.433652239,-0.040267363,-0.026049233
23.57,0.751887804,3.925833715,5.001108834,-0.198835991,0.52694657,3.463554138,4.959581633,-0.225168859,-0.224941234,-0.462279577,-0.041527201,-0.026332869
23.61,0.748201345,3.929916672,4.990135471,-0.210234451,0.525099675,3.429062653,4.956901278,-0.23627378,-0.22310167,-0.500854019,-0.033234192,-0.026039329
23.64,0.745492553,3.933051773,4.979443132,-0.218615342,0.523626217,3.403002339,4.95502383,-0.244638611,-0.221866336,-0.530049433,-0.024419301,-0.026023269
23.67,0.742826926,3.936225753,4.978177018,-0.226817842,0.522084191,3.376821229,4.953235618,-0.253044664,-0.220742734,-0.559404524,-0.0249414,-0.026226822
23.71,0.739345635,3.940538666,4.977979238,-0.237949853,0.519870882,3.341729237,4.95101085,-0.264220496,-0.219474753,-0.598809429,-0.026968388,-0.026270643
23.74,0.73678671,3.943855549,4.985234309,-0.245318503,0.518077761,3.315296062,4.949460014,-0.272553788,-0.21870895,-0.628559487,-0.035774295,-0.027235285
23.77,0.734286377,3.947258833,4.984471301,-0.253438503,0.516192805,3.288787006,4.947998217,-0.280900435,-0.218093572,-0.658471827,-0.036473084,-0.027461932
23.81,0.731016428,3.951897892,4.977023748,-0.264793651,0.513513673,3.253312365,4.946173889,-0.292101735,-0.217502755,-0.698585527,-0.030849859,-0.027308084
23.84,0.728628514,3.955453973,4.962981471,-0.273657217,0.511357511,3.226621955,4.944882723,-0.300504587,-0.217271003,-0.728832018,-0.018098747,-0.026847371
23.87,0.726273874,3.959068807,4.961692237,-0.281564717,0.509078475,3.199877937,4.943641714,-0.308870486,-0.217195399,-0.75919087,-0.018050524,-0.027305769
23.91,0.723185968,3.964001624,4.957764594,-0.292463842,0.505814179,3.164125862,4.942093403,-0.320002607,-0.217371789,-0.799875763,-0.015671191,-0.027538765
23.94,0.720919705,3.967784295,4.958811767,-0.301560837,0.503203716,3.137243658,4.941028847,-0.328399243,-0.21771599,-0.830540637,-0.017782921,-0.026838406
23.97,0.718698383,3.97163784,4.957633527,-0.310013337,0.50046679,3.110317605,4.940033083,-0.336817801,-0.218231593,-0.861320234,-0.017600444,-0.026804464
24.01,0.712255341,3.607093344,4.943917069,-0.320712604,0.496554894,3.074352038,4.938814506,-0.347997564,-0.215700446,-0.532741306,-0.005102563,-0.02728496
24.04,0.710002097,3.602347976,4.938595328,-0.329841725,0.493416991,3.047337082,4.937965441,-0.356349426,-0.216585106,-0.555010894,-0.000629887,-0.026507701
24.07,0.707809997,3.597659685,4.936995098,-0.337959225,0.490138095,3.020292486,4.937170474,-0.364725854,-0.217671901,-0.577367199,0.000175375,-0.026766629
24.11,0.704963844,3.591512817,4.930423814,-0.349875501,0.485502431,2.984186263,4.936215671,-0.375966571,-0.219461414,-0.607326554,0.005791857,-0.02609107
24.14,0.702890076,3.586970985,4.926421838,-0.358243238,0.481797299,2.957089955,4.93559346,-0.384376248,-0.221092776,-0.62988103,0.009171622,-0.02613301
24.17,0.70087629,3.58250766,4.924739786,-0.366363238,0.47791194,2.929992997,4.935031393,-0.392738909,-0.22296435,-0.652514663,0.010291607,-0.026375671
24.21,0.698275941,3.576653101,4.915735951,-0.377027142,0.472414402,2.893868143,4.934382331,-0.403873046,-0.225861539,-0.682784958,0.01864638,-0.026845904
24.24,0.696369231,3.572320201,4.909336008,-0.384872511,0.468067935,2.866778808,4.933967536,-0.412278624,-0.228301296,-0.705541393,0.024631529,-0.027406113
24.27,0.694528331,3.568056143,4.907386206,-0.392952511,0.463549916,2.839699076,4.933603306,-0.42070193,-0.230978415,-0.728357067,0.026217101,-0.027749419
24.31,0.692185196,3.56247943,4.919383871,-0.404511472,0.457179252,2.803626572,4.933213158,-0.431873448,-0.235005944,-0.758852858,0.013829287,-0.027361976
24.34,0.69050568,3.558369433,4.922156998,-0.413506846,0.452140286,2.776599014,4.932989685,-0.440222173,-0.238365394,-0.781770419,0.010832686,-0.026715327
24.37,0.688883209,3.554332495,4.920858205,-0.421814346,0.446923272,2.749586138,4.932815989,-0.448602451,-0.241959938,-0.804746357,0.011957784,-0.026788106
24.41,0.68679049,3.549054846,4.925422201,-0.434074055,0.439638818,2.713599281,4.932623036,-0.459839187,-0.247151673,-0.835455565,0.007200835,-0.025765131
24.44,0.685291644,3.545167785,4.928230834,-0.44221268,0.433905289,2.686645698,4.932498543,-0.468237405,-0.251386355,-0.858522087,0.004267709,-0.026024725
24.47,0.683843994,3.541351687,4.927188415,-0.45054018,0.427968891,2.659723863,4.932379946,-0.476595778,-0.255875102,-0.881627824,0.005191531,-0.026055598
24.51,0.666868006,3.032613074,4.934692101,-0.46178628,0.419702214,2.62387964,4.932253031,-0.4877551,-0.247165792,-0.408733434,-0.00243907,-0.025968821
24.54,0.665068298,3.016691708,4.917587932,-0.470845909,0.413248757,2.597033778,4.932173268,-0.496178371,-0.251819541,-0.419657929,0.014585336,-0.025332463
24.57,0.663326949,3.00081637,4.916222503,-0.479145909,0.406599935,2.570223451,4.932106247,-0.504603115,-0.256727014,-0.430592919,0.015883744,-0.025457206
24.61,0.661105806,2.979728919,4.917616625,-0.490217458,0.397354215,2.53455929,4.93203498,-0.515782294,-0.26375159,-0.445169629,0.014418355,-0.025564836
24.64,0.659497218,2.96398596,4.923246688,-0.49766912,0.390135258,2.507878606,4.932011694,-0.524157905,-0.269361959,-0.456107354,0.008765005,-0.026488785
24.67,0.657955781,2.948308692,4.922143518,-0.50622162,0.382713996,2.48124857,4.93201692,-0.532559128,-0.275241785,-0.467060121,0.009873402,-0.026337508
24.71,0.656011726,2.927470335,4.923810235,-0.51762467,0.372438318,2.445848681,4.932058743,-0.543771268,-0.283573408,-0.481621654,0.008248508,-0.026146598
24.74,0.65463908,2.911897382,4.922992606,-0.526328314,0.364435899,2.419390803,4.932101832,-0.552147953,-0.290203181,-0.492506579,0.009109227,-0.025819639
24.77,0.653339376,2.896384465,4.921938212,-0.534705814,0.356222341,2.393000263,4.932149867,-0.560515068,-0.297117035,-0.503384202,0.010211655,-0.025809253
24.81,0.651708537,2.875794882,4.928299445,-0.54664953,0.344898795,2.357930671,4.932230601,-0.571708715,-0.306809742,-0.517864211,0.003931156,-0.025059186
24.84,0.650566741,2.860412916,4.939863801,-0.556299147,0.336125034,2.331721037,4.932301822,-0.580122721,-0.314441708,-0.528691879,-0.007561979,-0.023823574
24.87,0.64947963,2.845092639,4.939319227,-0.564589147,0.327138742,2.305585927,4.932382548,-0.5885186,-0.322340888,-0.539506712,-0.006936679,-0.023929452
24.91,0.648123471,2.824763143,4.935887663,-0.576217167,0.314768572,2.270879621,4.932490755,-0.599675675,-0.333354899,-0.553883522,-0.003396908,-0.023458508
24.94,0.64718453,2.809582131,4.933594851,-0.585123019,0.305214092,2.244950045,4.932563973,-0.608061325,-0.341970439,-0.564632086,-0.001030878,-0.022938306
24.97,0.646317612,2.79445123,4.932793731,-0.593228019,0.295463012,2.219093181,4.932625539,-0.616470724,-0.350854599,-0.575358049,-0.000168192,-0.023242705
25.01,0.543988915,2.578810577,4.927057012,-0.60554422,0.282090364,2.184763691,4.932717435,-0.627672869,-0.26189855,-0.394046886,0.005660423,-0.022128648
25.04,0.540430182,2.560546226,4.916170274,-0.614315809,0.271779925,2.15913371,4.932798385,-0.636043162,-0.268650257,-0.401412517,0.01662811,-0.021727353
25.07,0.536934339,2.542325618,4.91483366,-0.622685809,0.261273861,2.133586312,4.932894632,-0.644415498,-0.275660478,-0.408739306,0.018060972,-0.021729689
25.11,0.532384346,2.518114608,4.920446491,-0.634402908,0.246921832,2.099670577,4.933054124,-0.655620327,-0.285462513,-0.418444031,0.012607633,-0.021217419
25.14,0.529047305,2.500031619,4.934638719,-0.643662412,0.235896334,2.07435278,4.933210222,-0.664026268,-0.293150971,-0.425678839,-0.001428497,-0.020363856
25.17,0.525779649,2.482017242,4.933974366,-0.652069912,0.224676823,2.04912823,4.933392528,-0.672408861,-0.301102826,-0.432889013,-0.000581839,-0.020338949
25.21,0.521506738,2.458079193,4.932997093,-0.663852536,0.209374618,2.015663638,4.933652431,-0.683565716,-0.31213212,-0.442415555,0.000655339,-0.019713179
25.24,0.518358653,2.440170228,4.921929563,-0.672898086,0.197657891,1.990683975,4.93383873,-0.691960125,-0.320700762,-0.449486252,0.011909167,-0.019062039
25.27,0.515264287,2.42229707,4.920784164,-0.681393086,0.185769244,1.965792572,4.934011491,-0.700369731,-0.329495042,-0.456504499,0.013227327,-0.018976645
25.31,0.511246572,2.398524974,4.909440288,-0.693989038,0.169594273,1.932779746,4.934247572,-0.711555696,-0.341652299,-0.465745228,0.024807284,-0.017566659
25.34,0.50830689,2.380748519,4.920733042,-0.701638333,0.157225394,1.908154301,4.934442529,-0.719922972,-0.351081496,-0.472594218,0.013709487,-0.018284639
25.37,0.505440805,2.363030623,4.919626876,-0.709913333,0.144694688,1.883621118,4.93466203,-0.728302302,-0.360746118,-0.479409504,0.015035154,-0.018388968
25.41,0.501735304,2.339472824,4.927827424,-0.722901315,0.127701345,1.851077544,4.93499489,-0.739508952,-0.374033958,-0.488395279,0.007167466,-0.016607638
25.44,0.499028094,2.32184051,4.940803457,-0.731803489,0.114738749,1.826805172,4.935267912,-0.747904113,-0.384289345,-0.495035338,-0.005535546,-0.016100623
25.47,0.496384897,2.304251906,4.940350593,-0.740233489,0.101618435,1.802635212,4.935545256,-0.756278532,-0.394766462,-0.501616695,-0.004805338,-0.016045043
25.51,0.257644574,2.039149898,4.938753766,-0.751241964,0.083853719,1.770587237,4.93591358,-0.767442229,-0.173790855,-0.268562661,-0.002840186,-0.016200265
25.54,0.248861143,2.01662015,4.93821474,-0.759921131,0.070342005,1.746677769,4.936170708,-0.775840895,-0.178519138,-0.269942381,-0.002044032,-0.015919765
25.57,0.24014916,1.994130837,4.937571983,-0.768366131,0.056693884,1.722863948,4.936414159,-0.784241573,-0.183455275,-0.271266888,-0.001157823,-0.015875443
25.61,0.228656174,1.964212851,4.932281052,-0.780029361,0.038244077,1.691298243,4.936747666,-0.795403895,-0.190412097,-0.272914609,0.004466614,-0.015374534
25.64,0.220126887,1.941837417,4.927845541,-0.788388302,0.024234025,1.667758996,4.937014664,-0.803765807,-0.195892862,-0.274078421,0.009169122,-0.015377504
25.67,0.21166856,1.919513267,4.926855376,-0.796665802,0.010114775,1.644311623,4.937298129,-0.812146708,-0.201553785,-0.275201644,0.010442754,-0.015480906
25.71,0.200523458,1.889796883,4.929523227,-0.807739119,-0.008898241,1.613223524,4.937703647,-0.823347071,-0.2094217,-0.276573359,0.008180419,-0.015607952
25.74,0.192243823,1.867558021,4.932857047,-0.815600042,-0.023299781,1.590053235,4.938039059,-0.831728797,-0.215543604,-0.277504786,0.005182012,-0.016128756
25.77,0.184007889,1.845361772,4.93208476,-0.823940042,-0.037799981,1.566989248,4.938392145,-0.84009591,-0.22180787,-0.278372523,0.006307385,-0.016155869
25.81,0.173123371,1.815838612,4.932525557,-0.835315415,-0.057292623,1.536412059,4.938890833,-0.851265623,-0.230415994,-0.279426553,0.006365276,-0.015950208
25.84,0.165044342,1.793741469,4.92923879,-0.844163007,-0.072021768,1.513600854,4.939271073,-0.859664979,-0.23706611,-0.280140615,0.010032283,-0.015501973
25.87,0.157045625,1.77168611,4.928350188,-0.852465507,-0.08683475,1.490883129,4.939658894,-0.868059893,-0.243880375,-0.280802981,0.011308706,-0.015594386
25.91,0.146504059,1.742328019,4.912968325,-0.863522692,-0.106742015,1.460768642,4.940188558,-0.879219217,-0.253246073,-0.281559377,0.027220233,-0.015696524
25.94,0.138669825,1.720358724,4.924963737,-0.872464744,-0.121776303,1.438300254,4.940603662,-0.887589051,-0.260446127,-0.282058471,0.015639925,-0.015124308
25.97,0.130905851,1.698428969,4.923990149,-0.880739744,-0.136876608,1.415907381,4.941034686,-0.895977894,-0.267782459,-0.282521588,0.017044537,-0.01523815
26.01,0.274292129,1.538675681,4.927600472,-0.890821454,-0.157133131,1.386193853,4.941657616,-0.907173339,-0.43142526,-0.152481829,0.014057143,-0.016351886
26.04,0.271575628,1.514726227,4.926323821,-0.899217365,-0.172421659,1.364024872,4.942153572,-0.91554684,-0.443997287,-0.150701355,0.01582975,-0.016329476
26.07,0.26891652,1.490823517,4.925435651,-0.907397365,-0.187774011,1.341934896,4.942661708,-0.923908866,-0.456690532,-0.14888862,0.017226057,-0.016511501
26.11,0.265483405,1.459004325,4.943517119,-0.919349123,-0.20834578,1.312605541,4.943357702,-0.935089031,-0.473829184,-0.146398784,-0.000159418,-0.015739908
26.14,0.262988888,1.435171534,4.942635422,-0.928237662,-0.223860658,1.290700052,4.943886963,-0.943492019,-0.486849546,-0.144471482,0.001251541,-0.015254358
26.17,0.260568879,1.411372771,4.942212496,-0.936520162,-0.239455441,1.268867194,4.944422625,-0.951873013,-0.50002432,-0.142505577,0.002210129,-0.015352851
26.21,0.257466235,1.379694276,4.937167916,-0.948236617,-0.260411404,1.239876778,4.945114778,-0.962996893,-0.517877639,-0.139817498,0.007946862,-0.014760276
26.24,0.255215945,1.355966122,4.93641799,-0.95729354,-0.276244072,1.218193985,4.945617732,-0.971363641,-0.531460017,-0.137772137,0.009199742,-0.014070101
26.27,0.253043454,1.332278211,4.935680202,-0.96542104,-0.292157285,1.196545563,4.946105261,-0.979771379,-0.545200739,-0.135732648,0.010425059,-0.014350339
26.31,0.250242791,1.300745752,4.930380501,-0.97637961,-0.313532793,1.167764434,4.946763962,-0.990976219,-0.563775584,-0.132981318,0.016383461,-0.014596609
26.34,0.248206618,1.277133193,4.937164887,-0.985309778,-0.329683171,1.146253611,4.947266802,-0.999332047,-0.577889789,-0.130879582,0.010101915,-0.01402227
26.37,0.246228551,1.253556928,4.936417013,-0.993542278,-0.345907871,1.124787802,4.947782622,-1.007688259,-0.592136422,-0.128769126,0.01136561,-0.014145981
26.41,0.243690314,1.222170058,4.938589904,-1.00481609,-0.367655629,1.096230206,4.948491193,-1.018890121,-0.611345943,-0.125939853,0.009901289,-0.014074032
26.44,0.24187126,1.198657056,4.941215554,-1.014176342,-0.384053022,1.07487072,4.949032207,-1.0273005,-0.625924282,-0.123786336,0.007816653,-0.013124158
26.47,0.240117487,1.175171262,4.940584981,-1.022501342,-0.400517841,1.053566354,4.94957737,-1.03567996,-0.640635328,-0.121604908,0.008992389,-0.013178618
26.51,-0.114238361,1.119022032,4.951455631,-1.034071401,-0.422584106,1.025251402,4.9503053,-1.046821221,-0.308345745,-0.09377063,-0.001150331,-0.01274982
26.54,-0.125665046,1.096028181,4.950656091,-1.04230525,-0.439202323,1.004060782,4.950854476,-1.055210791,-0.313537277,-0.0919674,0.000198385,-0.012905541
26.57,-0.137023049,1.073056007,4.950245062,-1.05045525,-0.45586842,0.982902843,4.951398536,-1.063612355,-0.318845371,-0.090153164,0.001153473,-0.013157105
26.61,-0.152047564,1.042466713,4.958760018,-1.060061024,-0.478181536,0.954777458,4.952123533,-1.074772627,-0.326133972,-0.087689255,-0.006636485,-0.014711603
26.64,-0.163241239,1.019563313,4.95650793,-1.068145067,-0.494957853,0.933752506,4.952660498,-1.083121086,-0.331716614,-0.085810807,-0.003847432,-0.014976019
26.67,-0.174365692,0.996685519,4.956165573,-1.076487567,-0.511727657,0.912768743,4.953204527,-1.091483319,-0.337361965,-0.083916776,-0.002961046,-0.014995752
26.71,-0.189095837,0.966203865,4.948361658,-1.088620164,-0.534017427,0.884874705,4.953934725,-1.102652947,-0.34492159,-0.08132916,0.005573067,-0.014032784
26.74,-0.200082387,0.943379206,4.955084192,-1.097773505,-0.550664057,0.864051218,4.954500151,-1.111022812,-0.35058167,-0.079327989,-0.00058404,-0.013249307
26.77,-0.211007184,0.920592967,4.95463991,-1.106308505,-0.567256711,0.843307885,4.955077766,-1.11939812,-0.356249526,-0.077285082,0.000437856,-0.013089616
26.81,-0.225491922,0.890270197,4.9563688,-1.118061664,-0.589271438,0.815759575,4.955899958,-1.130570046,-0.363779516,-0.074510621,-0.000468842,-0.012508382
26.84,-0.236289026,0.867553648,4.954484311,-1.127019193,-0.605701588,0.795148315,4.956544589,-1.1389518,-0.369412563,-0.072405332,0.002060278,-0.011932607
26.87,-0.247007163,0.84486147,4.954018005,-1.135281693,-0.622086022,0.774576583,4.957204738,-1.147337401,-0.375078859,-0.070284887,0.003186732,-0.012055708
26.91,-0.261196756,0.814654192,4.956512737,-1.145725416,-0.643874433,0.747237262,4.958106728,-1.15850567,-0.382677678,-0.067416929,0.001593992,-0.012780254
26.94,-0.27176604,0.792046022,4.951034491,-1.156068615,-0.660175369,0.726779752,4.958795415,-1.166873365,-0.388409329,-0.065266269,0.007760924,-0.01080475
26.97,-0.282282509,0.769467266,4.950444559,-1.164051115,-0.676441937,0.706332483,4.959495439,-1.175253054,-0.394159429,-0.063134784,0.00905088,-0.011201938
27.01,-0.445265425,0.740959358,4.948698651,-1.175276371,-0.698074068,0.679085447,4.960430931,-1.186448369,-0.252808644,-0.06187391,0.01173228,-0.011171999
27.04,-0.458957501,0.719065819,4.936631852,-1.183662279,-0.714269855,0.658684176,4.961146637,-1.194831883,-0.255312353,-0.060381643,0.024514785,-0.011169604
27.07,-0.472602009,0.697203954,4.935568832,-1.192109779,-0.730447056,0.638306069,4.961867194,-1.203206725,-0.257845046,-0.058897884,0.026298362,-0.011096946
27.11,-0.490731449,0.668101104,4.931769936,-1.203582157,-0.75196653,0.611136137,4.962855304,-1.214390561,-0.261235081,-0.056964968,0.031085369,-0.010808404
27.14,-0.504276205,0.646299599,4.939446036,-1.213318711,-0.768052245,0.590745774,4.963616103,-1.222799055,-0.26377604,-0.055553825,0.024170067,-0.009480344
27.17,-0.517774502,0.624503039,4.93851487,-1.221931211,-0.784091202,0.570362946,4.964403591,-1.231207729,-0.2663167,-0.054140092,0.025888722,-0.009276518
27.21,-0.535697698,0.595481278,4.932657589,-1.233224475,-0.805370483,0.543222703,4.965487584,-1.242409654,-0.269672785,-0.052258575,0.032829996,-0.009185179
27.24,-0.549094018,0.573757714,4.929144732,-1.241359438,-0.821226918,0.522875306,4.9663229,-1.250809737,-0.2721329,-0.050882408,0.037178169,-0.009450298
27.27,-0.562420049,0.552074878,4.927897826,-1.249744438,-0.836999304,0.502516459,4.967168144,-1.259203477,-0.274579255,-0.049558418,0.039270318,-0.009459039
27.31,-0.580077114,0.52319597,4.919548831,-1.261989723,-0.857883338,0.475361083,4.968322947,-1.270387508,-0.277806224,-0.047834887,0.048774116,-0.008397785
27.34,-0.593248747,0.501563205,4.917149636,-1.270901882,-0.873450816,0.455004273,4.96921784,-1.278775095,-0.280202069,-0.046558932,0.052068204,-0.007873213
27.37,-0.606366166,0.479967493,4.915637792,-1.279081882,-0.888951676,0.434644371,4.970133007,-1.287161407,-0.282585511,-0.045323122,0.054495215,-0.008079524
27.41,-0.623789482,0.45122593,4.920834394,-1.288886241,-0.909494985,0.407450384,4.971401749,-1.298345226,-0.285705503,-0.043775546,0.050567355,-0.009458985
27.44,-0.636810215,0.429693361,4.929508678,-1.297636582,-0.924814676,0.387014995,4.972380333,-1.306737833,-0.288004461,-0.042678367,0.042871654,-0.009101252
27.47,-0.649779005,0.408187626,4.928512431,-1.306074082,-0.940077992,0.366565766,4.97338304,-1.315128214,-0.290298987,-0.041621859,0.04487061,-0.009054133
27.51,-0.7808975,0.417309268,4.926588732,-1.317188024,-0.960330574,0.339275271,4.974731916,-1.326306338,-0.179433075,-0.078033997,0.048143185,-0.009118314
27.54,-0.796094845,0.397243846,4.927951183,-1.324906856,-0.975441596,0.318758042,4.975747788,-1.334691312,-0.179346751,-0.078485804,0.047796605,-0.009784456
27.57,-0.811234179,0.37720281,4.926898894,-1.333304356,-0.99049502,0.298193757,4.976755295,-1.343076235,-0.17926084,-0.079009053,0.0498564,-0.009771878
27.61,-0.831335028,0.35051574,4.919956249,-1.345217492,-1.01046594,0.270712473,4.9781089,-1.354256908,-0.179130912,-0.079803267,0.058152651,-0.009039415
27.64,-0.846371029,0.330534599,4.920741968,-1.353233157,-1.025359664,0.250069908,4.979128909,-1.362642425,-0.178988635,-0.080464691,0.058386942,-0.009409268
27.67,-0.86136666,0.310591901,4.919461967,-1.361630657,-1.040173472,0.229391601,4.980159843,-1.371027813,-0.178806811,-0.0812003,0.060697876,-0.009397157
27.71,-0.881310638,0.284065454,4.918194878,-1.372632163,-1.059741377,0.201729884,4.981561131,-1.382190958,-0.178430739,-0.08233557,0.063366253,-0.009558795
27.74,-0.896216279,0.264209043,4.926647901,-1.381351153,-1.074263336,0.180930112,4.982634857,-1.390554479,-0.178047057,-0.083278932,0.055986956,-0.009203326
27.77,-0.911085223,0.244388234,4.925657224,-1.389691153,-1.088671841,0.160107207,4.983727315,-1.398933938,-0.177586618,-0.084281027,0.058070091,-0.009242785
27.81,-0.930840542,0.218033927,4.919165328,-1.400596586,-1.107675784,0.132284472,4.985211484,-1.410128115,-0.176835243,-0.085749454,0.066046157,-0.009531529
27.84,-0.945606977,0.198315562,4.914995903,-1.408743116,-1.121775513,0.111340444,4.986338641,-1.41850834,-0.176168536,-0.086975118,0.071342738,-0.009765224
27.87,-0.9603379,0.178627622,4.91369574,-1.416998116,-1.13576957,0.090338171,4.987464483,-1.426879039,-0.17543167,-0.088289451,0.073768744,-0.009880923
27.91,-0.97991805,0.152435809,4.904354125,-1.428852043,-1.154249082,0.062257781,4.988992704,-1.438057014,-0.174331032,-0.090178028,0.084638579,-0.009204971
27.94,-0.994565752,0.132837023,4.90468032,-1.436798376,-1.167981448,0.041140489,4.990158778,-1.446453449,-0.173415696,-0.091696534,0.085478458,-0.009655073
27.97,-1.009190753,0.113278951,4.903150615,-1.445158376,-1.181621984,0.019961029,4.9913505,-1.454845257,-0.172431231,-0.093317922,0.088199885,-0.009686881
28.01,-0.894638592,0.121697171,4.928257059,-1.456706958,-1.199644555,-0.008409721,4.99297387,-1.466018468,-0.305005963,-0.130106891,0.06471681,-0.00931151
28.04,-0.904802731,0.103199113,4.929676455,-1.464877646,-1.213044199,-0.029765085,4.994224258,-1.474402811,-0.308241468,-0.132964198,0.064547802,-0.009525165
28.07,-0.914940678,0.084742832,4.928987353,-1.473300146,-1.226361884,-0.051165974,4.995485412,-1.482793153,-0.311421207,-0.135908806,0.066498059,-0.009493006
28.11,-0.928421785,0.060204739,4.933806197,-1.484296141,-1.243974031,-0.079811787,4.997146197,-1.493973084,-0.315552247,-0.140016526,0.06334,-0.009676943
28.14,-0.93848506,0.041837448,4.947393627,-1.493973987,-1.257090291,-0.101405108,4.998354187,-1.502348271,-0.318605231,-0.143242556,0.050960559,-0.008374283
28.17,-0.948514712,0.023507911,4.947107482,-1.502203987,-1.270158029,-0.123070264,4.999534916,-1.510722379,-0.321643317,-0.146578175,0.052427434,-0.008518391
28.21,-0.961842731,-0.000878202,4.954667861,-1.513007095,-1.287532556,-0.1520597,5.001083263,-1.521883209,-0.325689825,-0.151181498,0.046415402,-0.008876114
28.24,-0.971828572,-0.019116586,4.956592471,-1.521928508,-1.300551104,-0.173888766,5.002213948,-1.530247736,-0.328722532,-0.15477218,0.045621477,-0.008319228
28.27,-0.981782796,-0.037312099,4.956380434,-1.530006008,-1.313568891,-0.195801421,5.003320468,-1.53862767,-0.331786095,-0.158489322,0.046940035,-0.008621662
28.31,-0.995016416,-0.061525222,4.97438406,-1.541952143,-1.330930827,-0.225169567,5.004737262,-1.549833782,-0.335914411,-0.163644345,0.030353203,-0.007881638
28.34,-1.004912459,-0.079648299,4.969779286,-1.550013559,-1.343956718,-0.247279569,5.005767044,-1.558226836,-0.339044259,-0.16763127,0.035987758,-0.008213277
28.37,-1.014793061,-0.097723021,4.969729433,-1.558068559,-1.356984253,-0.269445489,5.006763587,-1.566606025,-0.342191192,-0.171722468,0.037034154,-0.008537466
28.41,-1.027948526,-0.121723674,4.970789805,-1.569557701,-1.374353979,-0.299136804,5.008032266,-1.577788102,-0.346405453,-0.17741313,0.037242461,-0.008230402
28.44,-1.037783089,-0.139659859,4.969449399,-1.577085011,-1.38737909,-0.321520314,5.008927905,-1.586192465,-0.349596001,-0.181860455,0.039478506,-0.009107454
28.47,-1.047602024,-0.157567148,4.969172699,-1.585347511,-1.400401894,-0.343970489,5.009795478,-1.594593567,-0.352799871,-0.186403341,0.040622779,-0.009246055
28.51,-1.208156834,-0.303838979,4.978798229,-1.596852374,-1.417760691,-0.374001297,5.010908594,-1.605772039,-0.209603856,-0.070162318,0.032110365,-0.008919664
28.54,-1.222016418,-0.325135203,4.986247944,-1.604443133,-1.43077638,-0.396616403,5.011723472,-1.614155711,-0.208759962,-0.0714812,0.025475528,-0.009712578
28.57,-1.235848689,-0.34638332,4.986311847,-1.612630633,-1.443790146,-0.41931417,5.012521948,-1.622549615,-0.207941457,-0.072930851,0.026210102,-0.009918982
28.61,-1.254253454,-0.374662113,4.989522037,-1.623248917,-1.461134798,-0.449709069,5.013545495,-1.633749832,-0.206881344,-0.075046956,0.024023458,-0.010500915
28.64,-1.268061198,-0.395814501,4.9825605,-1.631501674,-1.474125693,-0.472574298,5.014278266,-1.642142267,-0.206064495,-0.076759797,0.031717766,-0.010640593
28.67,-1.281866208,-0.416895706,4.982301039,-1.639801674,-1.487091899,-0.495493894,5.014981337,-1.65053287,-0.205225691,-0.078598188,0.032680298,-0.010731196
28.71,-1.300269195,-0.444915146,4.987683129,-1.650245189,-1.504312323,-0.526190279,5.015881621,-1.661716322,-0.204043127,-0.081275132,0.028198491,-0.011471133
28.74,-1.314071599,-0.465873452,4.985411265,-1.658694969,-1.517159131,-0.549315444,5.016527549,-1.670092168,-0.203087533,-0.083441992,0.031116283,-0.011397199
28.77,-1.327864054,-0.486792234,4.985084403,-1.666634969,-1.529947212,-0.572495458,5.017165103,-1.678470343,-0.202083157,-0.085703224,0.0320807,-0.011835374
28.81,-1.346217418,-0.514607371,4.987442237,-1.677359823,-1.54688385,-0.603492987,5.017982744,-1.68966371,-0.200666432,-0.088885616,0.030540507,-0.012303887
28.84,-1.359957527,-0.535421588,4.999633445,-1.684426654,-1.559502251,-0.626835586,5.01858389,-1.698053521,-0.199544724,-0.091413998,0.018950445,-0.013626867
28.87,-1.373676506,-0.556204953,4.999634918,-1.692499154,-1.572060974,-0.650255386,5.019167629,-1.706428857,-0.198384468,-0.094050432,0.019532711,-0.013929703
28.91,-1.391942718,-0.583842101,5.002913975,-1.704671957,-1.588693874,-0.681591152,5.019924742,-1.717598709,-0.196751156,-0.097749051,0.017010767,-0.012926752
28.94,-1.40563618,-0.604499108,5.008020178,-1.712905174,-1.601082508,-0.705153402,5.020462929,-1.725996176,-0.195446328,-0.100654294,0.012442751,-0.013091002
28.97,-1.419299763,-0.625096727,5.008078566,-1.721330174,-1.613410732,-0.728771212,5.020979125,-1.734397148,-0.19411097,-0.103674485,0.012900559,-0.013066974
29.01,-1.473982789,-0.804246823,5.006226757,-1.731084528,-1.62974318,-0.760391319,5.021623657,-1.745574896,-0.155760391,0.043855504,0.0153969,-0.014490369
29.04,-1.488229609,-0.828684661,5.007106954,-1.739587381,-1.641911833,-0.784188836,5.022067523,-1.753952409,-0.153682224,0.044495825,0.014960568,-0.014365028
29.07,-1.502455215,-0.853073397,5.006944045,-1.747767381,-1.65401852,-0.808026367,5.022486933,-1.76234464,-0.151563305,0.04504703,0.015542888,-0.01457726
29.11,-1.521380992,-0.885511166,5.008626424,-1.759981843,-1.670050027,-0.839889041,5.023002748,-1.773551079,-0.148669035,0.045622124,0.014376324,-0.013569236
29.14,-1.535559288,-0.909775507,5.016454658,-1.76958614,-1.682000124,-0.863872184,5.023366581,-1.781940391,-0.146440835,0.045903323,0.006911923,-0.012354251
29.17,-1.549734423,-0.933990772,5.0164156,-1.77769364,-1.693900757,-0.887916848,5.023703735,-1.790317535,-0.144166334,0.046073925,0.007288135,-0.012623895
29.21,-1.568616052,-0.966184398,5.024124882,-1.788059689,-1.70967692,-0.920049506,5.024119735,-1.801501209,-0.141060868,0.046134892,-5.146e-06,-0.01344152
29.24,-1.582758854,-0.990247819,5.03803126,-1.796561026,-1.721443768,-0.944192469,5.02439316,-1.809904887,-0.138684914,0.04605535,-0.0136381,-0.013343861
29.27,-1.596888316,-1.014236876,5.038421012,-1.805128526,-1.733169493,-0.968383386,5.02464162,-1.818304704,-0.136281177,0.04585349,-0.013779392,-0.013176179
29.31,-1.615701659,-1.046135051,5.036617117,-1.816572731,-1.748734648,-1.000740536,5.024896602,-1.829484196,-0.133032988,0.045394514,-0.011720515,-0.012911465
29.34,-1.629810364,-1.069996259,5.03765636,-1.824680861,-1.760351153,-1.025060245,5.025021917,-1.837870642,-0.130540789,0.044936014,-0.012634442,-0.013189781
29.37,-1.643916289,-1.093805765,5.037700614,-1.832658361,-1.771921577,-1.049401976,5.02509223,-1.846271377,-0.128005288,0.044403789,-0.012608384,-0.013613017
29.41,-1.662727664,-1.125443001,5.043465564,-1.844092157,-1.787268037,-1.081918003,5.02509785,-1.857478173,-0.124540373,0.043524998,-0.018367714,-0.013386015
29.44,-1.676839344,-1.149092088,5.047512873,-1.85231445,-1.798722164,-1.106373266,5.02503723,-1.86586437,-0.12188282,0.042718821,-0.022475643,-0.01354992
29.47,-1.690957907,-1.172672865,5.047535097,-1.86085945,-1.810132587,-1.130869654,5.024925613,-1.874241216,-0.11917468,0.041803211,-0.022609484,-0.013381766
29.51,-1.757586588,-1.086288824,5.035986286,-1.871327751,-1.825254023,-1.163569472,5.024689104,-1.885430459,-0.067667435,-0.077280647,-0.011297182,-0.014102708
29.54,-1.772728361,-1.10597924,5.027261645,-1.878920963,-1.836523368,-1.188121419,5.024441065,-1.893835918,-0.063795006,-0.082142179,-0.002820581,-0.014914955
29.57,-1.787882821,-1.125606138,5.026345109,-1.887103463,-1.847743435,-1.212708128,5.0241524,-1.902234353,-0.059860614,-0.08710199,-0.002192709,-0.01513089
29.61,-1.808080361,-1.151720108,5.023251637,-1.898792354,-1.862604068,-1.245552872,5.023699165,-1.91340572,-0.054523707,-0.093832765,0.000447527,-0.014613365
29.64,-1.823238082,-1.171245377,5.015430395,-1.907226967,-1.873645692,-1.270207862,5.023334176,-1.921801098,-0.05040761,-0.098962485,0.00790378,-0.014574131
29.67,-1.838409209,-1.190695855,5.01403486,-1.915649467,-1.884590076,-1.294874852,5.022954663,-1.93022275,-0.046180867,-0.104178997,0.008919803,-0.014573283
29.71,-1.85864508,-1.216513586,4.997739913,-1.926798937,-1.89897409,-1.327821879,5.022446782,-1.941428317,-0.040329009,-0.111308293,0.02470687,-0.014629381
29.74,-1.873853646,-1.235783195,4.984726014,-1.934819983,-1.909576571,-1.352592195,5.022062606,-1.949762927,-0.035722925,-0.116809001,0.037336592,-0.014942943
29.77,-1.889064512,-1.25498564,4.98236342,-1.943167483,-1.920019553,-1.377393251,5.021691003,-1.958091,-0.030955041,-0.122407611,0.039327583,-0.014923516
29.81,-1.909355338,-1.280485795,4.977683945,-1.95542494,-1.933614956,-1.410494779,5.021241464,-1.969287267,-0.024259617,-0.130008983,0.043557519,-0.013862327
29.84,-1.924577159,-1.299533318,4.980597537,-1.963008377,-1.943553235,-1.435359037,5.020964007,-1.977687863,-0.018976076,-0.135825719,0.04036647,-0.014679487
29.87,-1.939803472,-1.318522186,4.978383253,-1.971413377,-1.95330106,-1.46026157,5.020734777,-1.986021422,-0.013497588,-0.141739384,0.042351524,-0.014608046
29.91,-1.960138365,-1.343736885,4.991738184,-1.982894155,-1.96593133,-1.493510438,5.020522219,-1.997076249,-0.005792964,-0.149773552,0.028784035,-0.014182094
29.94,-1.975423366,-1.362560132,4.98738402,-1.991804043,-1.975110616,-1.51844694,5.020435293,-2.005445541,0.00031275,-0.155886809,0.033051273,-0.013641498
29.97,-1.990725657,-1.381315985,4.985626029,-2.000026543,-1.984074564,-1.543379345,5.020392169,-2.013856837,0.006651093,-0.162063361,0.03476614,-0.013830294
30.01,-1.914818313,-1.623227458,4.99636922,-2.010907679,-1.995642173,-1.576631792,5.020407013,-2.024987565,-0.08082386,0.046595666,0.024037793,-0.014079887
30.04,-1.927193328,-1.647936901,4.995227922,-2.019533675,-2.004027539,-1.601564995,5.0204574,-2.033271008,-0.076834211,0.046371906,0.025229478,-0.013737333
30.07,-1.939601321,-1.672567034,4.993877238,-2.027658675,-2.012191925,-1.626467201,5.020545797,-2.041596468,-0.072590605,0.046099834,0.026668559,-0.013937793
30.11,-1.956169047,-1.705283453,4.99192678,-2.039182587,-2.022675375,-1.659581497,5.020713543,-2.052782201,-0.066506328,0.045701956,0.028786764,-0.013599615
30.14,-1.968593603,-1.729739722,4.988282628,-2.0473029,-2.030273426,-1.684339041,5.020878014,-2.061144006,-0.061679823,0.04540068,0.032595386,-0.013841106
30.17,-1.981011582,-1.754136118,4.986855018,-2.0556654,-2.037712984,-1.709018047,5.02106455,-2.069474412,-0.056701401,0.045118071,0.034209532,-0.013809012
30.21,-1.997590803,-1.786588741,4.996303412,-2.067682437,-2.047395497,-1.74169353,5.021369446,-2.080616801,-0.049804694,0.044895211,0.025066034,-0.012934363
30.24,-2.010042698,-1.810860765,4.999897964,-2.075797968,-2.054526282,-1.765958407,5.021644312,-2.089000309,-0.044483584,0.044902358,0.021746348,-0.013202342
30.27,-2.022495031,-1.835057473,4.999000637,-2.083932968,-2.061596889,-1.790024855,5.021965717,-2.097373414,-0.039101858,0.045032617,0.02296508,-0.013440446
30.31,-2.039141454,-1.867218058,5.004965495,-2.096164431,-2.070938821,-1.821712038,5.022471936,-2.108520911,-0.031797367,0.04550602,0.017506441,-0.01235648
30.34,-2.051692332,-1.891273176,5.012492898,-2.104766095,-2.077802212,-1.845104997,5.022907728,-2.116781143,-0.02610988,0.046168179,0.01041483,-0.012015048
30.37,-2.064293468,-1.91525169,5.012125503,-2.112708595,-2.084470159,-1.868189354,5.023387318,-2.124960226,-0.020176691,0.047062335,0.011261815,-0.012251631
30.41,-2.081149436,-1.947067634,5.010548167,-2.123594846,-2.092860582,-1.898439348,5.024104742,-2.135822852,-0.011711146,0.048628286,0.013556575,-0.012228006
30.44,-2.093837365,-1.970843402,5.00942064,-2.132266592,-2.098686021,-1.920792186,5.024695487,-2.143765028,-0.004848656,0.050051216,0.015274847,-0.011498436
30.47,-2.106582459,-1.994573301,5.009042266,-2.140271592,-2.104106459,-1.94289852,5.025301234,-2.151536208,0.002475999,0.051674781,0.016258967,-0.011264616
30.51,-2.047886537,-1.91953861,5.008715597,-2.152111816,-2.110465352,-1.971835672,5.026168079,-2.162072915,-0.062578815,-0.052297062,0.017452482,-0.009961098
30.54,-2.058698078,-1.93972692,5.008552541,-2.160029628,-2.114535705,-1.993098034,5.026842026,-2.170219205,-0.055837627,-0.053371113,0.018289485,-0.010189577
30.57,-2.069524612,-1.959846633,5.008222654,-2.168192128,-2.118104483,-2.014047436,5.027551187,-2.178295542,-0.048579871,-0.054200803,0.019328533,-0.010103414
30.61,-2.084047056,-1.986586499,5.004633835,-2.179741125,-2.121949479,-2.041375089,5.028521973,-2.188799678,-0.037902423,-0.05478859,0.023888138,-0.009058553
30.64,-2.095011158,-2.006598394,5.001657277,-2.188293126,-2.124112108,-2.061320571,5.029279076,-2.196803322,-0.02910095,-0.054722176,0.027621799,-0.008510196
30.67,-2.106026934,-2.026563895,5.001150331,-2.196275626,-2.125736599,-2.080812636,5.030040324,-2.204998896,-0.019709664,-0.054248741,0.028889992,-0.008723271
30.71,-2.120776786,-2.053091445,4.999175354,-2.207468112,-2.126954398,-2.105955362,5.031085743,-2.215978677,-0.006177612,-0.052863917,0.03191039,-0.008510565
30.74,-2.131896939,-2.07293418,4.993223852,-2.21556246,-2.12719599,-2.124162666,5.03188889,-2.224112716,0.004700949,-0.051228486,0.038665039,-0.008550256
30.77,-2.143076803,-2.092757781,4.992551976,-2.22368746,-2.126945176,-2.14184378,5.032704276,-2.232278026,0.016131627,-0.049085998,0.0401523,-0.008590566
30.81,-2.158069667,-2.119140576,4.99858375,-2.235074713,-2.125686811,-2.164331795,5.033805692,-2.243321206,0.032382857,-0.045191219,0.035221943,-0.008246493
30.84,-2.169363831,-2.138862643,5.002652843,-2.243285957,-2.124082535,-2.180342342,5.034635104,-2.251627918,0.045281296,-0.041479699,0.031982261,-0.008341961
30.87,-2.180710093,-2.158548122,5.00236315,-2.251440957,-2.122035888,-2.195728689,5.035477764,-2.259949686,0.058674205,-0.037180567,0.033114614,-0.008508729
30.91,-2.195929863,-2.18475596,5.016295997,-2.261890704,-2.118513971,-2.215040209,5.036573981,-2.271150409,0.077415892,-0.030284249,0.020277984,-0.009259706
30.94,-2.207417932,-2.204358796,5.023477915,-2.270509962,-2.115250257,-2.228528772,5.03737103,-2.279536415,0.092167675,-0.024169976,0.013893115,-0.009026453
30.97,-2.218963254,-2.22390114,5.023817951,-2.278877462,-2.111535268,-2.241265487,5.038120535,-2.287850759,0.107427986,-0.017364347,0.014302584,-0.008973297
31.01,-2.008822907,-2.247638392,5.023433387,-2.290831293,-2.105806715,-2.25688655,5.039054549,-2.298994962,-0.096983808,-0.009248158,0.015621162,-0.008163669
31.04,-2.014538457,-2.26709249,5.022350653,-2.300187567,-2.100948293,-2.267576761,5.039673226,-2.307517108,-0.086409836,-0.000484271,0.017322573,-0.007329541
31.07,-2.020341524,-2.286545237,5.022510058,-2.308562567,-2.09565521,-2.277478834,5.040241088,-2.316040821,-0.075313686,0.009066403,0.01773103,-0.007478254
31.11,-2.028203686,-2.312433918,5.03088629,-2.320107713,-2.087768226,-2.289178694,5.040889462,-2.327157218,-0.059564539,0.023255224,0.010003172,-0.007049505
31.14,-2.034173048,-2.331798614,5.023664988,-2.328949299,-2.081268423,-2.296832885,5.041309021,-2.335486231,-0.047095374,0.034965728,0.017644033,-0.006536931
31.17,-2.040228533,-2.351139388,5.023710185,-2.337121799,-2.074377937,-2.30367858,5.041675707,-2.344010467,-0.034149404,0.047460808,0.017965523,-0.006888668
31.21,-2.048441831,-2.376930699,5.020206572,-2.348459496,-2.064466349,-2.311260667,5.042045397,-2.355546316,-0.016024518,0.065670032,0.021838825,-0.007086821
31.24,-2.054716999,-2.39627586,5.01075797,-2.358130128,-2.056456279,-2.315725604,5.042224237,-2.363913732,-0.00173928,0.080550257,0.031466266,-0.005783604
31.27,-2.061081953,-2.415593811,5.010244856,-2.366260128,-2.048033763,-2.319306298,5.042321445,-2.372131942,0.013048189,0.096287512,0.032076589,-0.005871814
31.31,-2.069721715,-2.441331389,5.008974504,-2.377114326,-2.036089004,-2.322515794,5.042338646,-2.383402401,0.033632711,0.118815595,0.033364142,-0.006288076
31.34,-2.076325735,-2.460631903,5.009715258,-2.385346206,-2.026577595,-2.323759902,5.042260352,-2.39207532,0.04974814,0.136872,0.032545095,-0.006729114
31.37,-2.083034452,-2.479957097,5.009065567,-2.393711206,-2.016620849,-2.324136782,5.042126767,-2.40059527,0.066413604,0.155820315,0.0330612,-0.006884065
31.41,-2.092140997,-2.505745026,5.018016895,-2.405049451,-2.002500779,-2.3230666,5.041784421,-2.41157653,0.089640217,0.182678425,0.023767526,-0.006527079
31.44,-2.099088058,-2.525093887,5.018446372,-2.414414592,-1.991304952,-2.321143065,5.041425201,-2.419947128,0.107783106,0.203950822,0.022978829,-0.005532536
31.47,-2.106143803,-2.544450857,5.017907237,-2.422524592,-1.979675333,-2.318432683,5.040977099,-2.428541694,0.12646847,0.226018175,0.023069862,-0.006017103
31.51,-1.950206868,-2.447359221,5.027935004,-2.434660147,-1.96330789,-2.313356951,5.040223224,-2.439962737,-0.013101022,0.13400227,0.01228822,-0.00530259
31.54,-1.953581546,-2.463427821,5.020587801,-2.442887433,-1.950344569,-2.308453378,5.03950977,-2.448242311,0.003236977,0.154974443,0.018921969,-0.005354878
31.57,-1.957062861,-2.479496292,5.019863141,-2.451304933,-1.936895758,-2.302786686,5.03869553,-2.456500715,0.020167103,0.176709606,0.018832389,-0.005195782
31.61,-1.961917705,-2.500954695,5.012578357,-2.462520943,-1.918112679,-2.293904611,5.037432632,-2.467852029,0.043805026,0.207050084,0.024854275,-0.005331086
31.64,-1.96571862,-2.517084417,5.013854016,-2.471672916,-1.903355319,-2.286256247,5.036362835,-2.476433007,0.062363301,0.23082817,0.022508819,-0.004760091
31.67,-1.969638625,-2.533253527,5.012727986,-2.479887916,-1.888074282,-2.277882438,5.035208996,-2.484836156,0.081564343,0.255371089,0.02248101,-0.00494824
31.71,-1.975058675,-2.554874844,5.020237178,-2.491229044,-1.866750188,-2.265435911,5.033509309,-2.495846176,0.108308487,0.289438934,0.013272131,-0.004617132
31.74,-1.979266357,-2.571141845,5.021103792,-2.499464005,-1.850089102,-2.255206805,5.032146213,-2.504286986,0.129177255,0.31593504,0.011042421,-0.004822981
31.77,-1.983625084,-2.587458697,5.020084868,-2.507701505,-1.832941544,-2.244348652,5.030708333,-2.512853005,0.15068354,0.343110045,0.010623465,-0.0051515
31.81,-1.989639462,-2.609307007,5.022585286,-2.519339413,-1.809119633,-2.228706941,5.028664117,-2.524116476,0.180519829,0.380600066,0.00607883,-0.004777063
31.84,-1.994285425,-2.625743206,5.021297327,-2.528299087,-1.790524141,-2.216129422,5.027000397,-2.532390142,0.203761284,0.409613784,0.005703069,-0.004091055
31.87,-1.99906567,-2.642214229,5.0201152,-2.536466587,-1.771430618,-2.202979603,5.025266785,-2.540720466,0.227635052,0.439234626,0.005151585,-0.004253879
31.91,-2.005662083,-2.664265774,5.023031376,-2.5473987,-1.745093092,-2.184457801,5.022826036,-2.552064666,0.260568991,0.479807973,-0.00020534,-0.004665967
31.94,-2.010793462,-2.680874035,5.020500073,-2.556193512,-1.724639416,-2.169827121,5.020924699,-2.560533547,0.286154046,0.511046914,0.000424626,-0.004340035
31.97,-2.016072163,-2.697536144,5.019175651,-2.564458512,-1.703656509,-2.154665081,5.018954464,-2.568870174,0.312415655,0.542871063,-0.000221187,-0.004411662
32.01,-1.81560138,-2.354588844,5.016370761,-2.574966792,-1.67476126,-2.13354309,5.016216609,-2.579950078,0.14084012,0.221045754,-0.000154152,-0.004983286
32.04,-1.816111985,-2.361613368,5.022197456,-2.582582949,-1.652452996,-2.117083293,5.014099178,-2.588401618,0.163658988,0.244530074,-0.008098278,-0.005818668
32.07,-1.816781314,-2.368717957,5.020847652,-2.590662949,-1.629670567,-2.100184018,5.011944445,-2.5968787,0.187110748,0.268533939,-0.008903208,-0.006215751
32.11,-1.817941249,-2.378303039,5.017524982,-2.601847481,-1.598367862,-2.076850083,5.009010755,-2.608028196,0.219573387,0.301452956,-0.008514227,-0.006180715
32.14,-1.818982495,-2.385558705,5.019540584,-2.610694187,-1.574205838,-2.058809589,5.006744363,-2.616352159,0.244776657,0.326749116,-0.012796221,-0.005657972
32.17,-1.820170762,-2.392878041,5.018080583,-2.618901687,-1.549573465,-2.040440152,5.004453728,-2.624729693,0.270597297,0.352437889,-0.013626855,-0.005828006
32.21,-1.822004713,-2.402737046,5.022184746,-2.630081795,-1.515857243,-2.01542735,5.001363974,-2.635945014,0.30614747,0.387309696,-0.020820772,-0.00586322
32.24,-1.823580122,-2.410232725,5.023909489,-2.639280461,-1.489865413,-1.996301529,4.999038282,-2.644355843,0.333714709,0.413931197,-0.024871207,-0.005075382
32.27,-1.825311776,-2.417804811,5.022620592,-2.647445461,-1.463365234,-1.976926117,4.996681778,-2.652775853,0.361946543,0.440878693,-0.025938815,-0.005330392
32.31,-1.827866244,-2.42801908,5.018803824,-2.658884887,-1.427192717,-1.950686064,4.993519119,-2.663987571,0.400673528,0.477333015,-0.025284705,-0.005102684
32.34,-1.829970889,-2.435768386,5.007947203,-2.667462046,-1.399490805,-1.930722798,4.991130677,-2.672389359,0.430480083,0.505045588,-0.016816527,-0.004927312
32.37,-1.832236801,-2.443600983,5.006171447,-2.675654546,-1.371361743,-1.910541157,4.98875233,-2.680785265,0.460875058,0.533059826,-0.017419117,-0.005130718
32.41,-1.835508963,-2.454157429,5.006078689,-2.686483573,-1.333067193,-1.88322029,4.985582459,-2.691925946,0.50244177,0.570937139,-0.02049623,-0.005442373
32.44,-1.838156596,-2.46215207,4.980673724,-2.695042022,-1.303819326,-1.862450894,4.983230384,-2.700264304,0.53433727,0.599701176,0.00255666,-0.005222283
32.47,-1.840990536,-2.470227082,4.978200351,-2.703429522,-1.27423573,-1.841504215,4.980908347,-2.708626668,0.566754806,0.628722867,0.002707996,-0.005197147
32.51,-1.432207663,-2.281728845,4.969087724,-2.713893161,-1.234170872,-1.813258285,4.977869947,-2.7197943,0.198036791,0.46847056,0.008782223,-0.005901139
32.54,-1.424903546,-2.285544262,4.966711581,-2.722526673,-1.203629287,-1.791834439,4.975655734,-2.728135807,0.221274259,0.493709824,0.008944153,-0.005609134
32.57,-1.417762993,-2.289424351,4.96408763,-2.730734173,-1.17275483,-1.770255985,4.973486102,-2.736454537,0.245008163,0.519168367,0.009398473,-0.005720363
32.61,-1.408513612,-2.294697983,4.964239698,-2.741973801,-1.131079834,-1.741254744,4.970702689,-2.747568552,0.277433778,0.553443239,0.006462992,-0.005594751
32.64,-1.401798315,-2.298755211,4.961691879,-2.750514662,-1.099476774,-1.719340364,4.968695003,-2.755927346,0.302321541,0.579414846,0.007003125,-0.005412684
32.67,-1.395272807,-2.302905643,4.959315672,-2.759014662,-1.067608263,-1.697289745,4.966759899,-2.764259637,0.327664543,0.605615898,0.007444228,-0.005244975
32.71,-1.386852531,-2.308564077,4.956791683,-2.770369537,-1.024660769,-1.667627776,4.964255278,-2.77527549,0.362191762,0.640936302,0.007463595,-0.004905953
32.74,-1.380755533,-2.312905438,4.953631779,-2.779216501,-0.99219017,-1.645208163,4.962452623,-2.783554401,0.388565363,0.667697275,0.008820845,-0.0043379
32.77,-1.374863155,-2.317322831,4.951314504,-2.787649001,-0.959565364,-1.622679332,4.960701347,-2.791891935,0.415297791,0.694643498,0.009386844,-0.004242933
32.81,-1.367316182,-2.323348279,4.955690715,-2.799139173,-0.915752627,-1.592448519,4.958493947,-2.803010143,0.451563555,0.73089976,0.002803233,-0.00387097
32.84,-1.361882322,-2.327951425,4.959684807,-2.808110497,-0.882644852,-1.569648075,4.956917668,-2.811300676,0.47923747,0.75830335,-0.002767139,-0.00319018
32.87,-1.356633488,-2.332617645,4.957886283,-2.816497997,-0.849394633,-1.546782697,4.955404112,-2.819597562,0.507238855,0.785834948,-0.002482171,-0.003099566
32.91,-1.349926549,-2.338950235,4.954877738,-2.827113092,-0.804881812,-1.516227617,4.953500309,-2.830720892,0.545044737,0.822722618,-0.001377429,-0.003607799
32.94,-1.345138861,-2.34377761,4.952534291,-2.835720338,-0.771360763,-1.493276252,4.9521613,-2.839073258,0.573778098,0.850501358,-0.000372991,-0.00335292
32.97,-1.340543484,-2.348681828,4.950818243,-2.843880338,-0.737720467,-1.470301783,4.950888812,-2.847410649,0.602823017,0.878380044,7.0569e-05,-0.003530311
33.01,-1.015903774,-1.858674465,4.943144412,-2.854786282,-0.6926939,-1.439654986,4.949301583,-2.858518468,0.323209875,0.419019479,0.006157171,-0.003732186
33.04,-1.004259773,-1.85108109,4.940919842,-2.862706061,-0.658873316,-1.41669333,4.948221533,-2.866862342,0.345386457,0.43438776,0.007301691,-0.00415628
33.07,-0.992830256,-1.843575939,4.939188544,-2.870736061,-0.625032158,-1.393759188,4.947219034,-2.875204035,0.367798098,0.449816751,0.00803049,-0.004467973
33.11,-0.977931422,-1.833698834,4.941088485,-2.881205396,-0.579827179,-1.363234411,4.946065776,-2.886315594,0.398104244,0.470464423,0.004977291,-0.005110198
33.14,-0.966999206,-1.826353279,4.942190154,-2.889336824,-0.545859026,-1.340411538,4.945313107,-2.894670658,0.42114018,0.485941741,0.003122953,-0.005333834
33.17,-0.956228196,-1.819061429,4.94085674,-2.897496824,-0.511883371,-1.317680193,4.94465292,-2.9030297,0.444344825,0.501381236,0.00379618,-0.005532876
33.21,-0.942163189,-1.809452393,4.949303063,-2.909266624,-0.466617239,-1.287606711,4.943912916,-2.914127357,0.47554595,0.521845682,-0.005390147,-0.004860733
33.24,-0.931864526,-1.802335037,4.944543131,-2.918230058,-0.432674047,-1.265249727,4.943474126,-2.922467599,0.499190479,0.53708531,-0.001069005,-0.004237541
33.27,-0.921761609,-1.79530045,4.943574918,-2.926372558,-0.398727485,-1.243035764,4.943104162,-2.930870485,0.523034125,0.552264686,-0.000470756,-0.004497927
33.31,-0.908551189,-1.786038167,4.941132154,-2.937109799,-0.353531789,-1.213676179,4.942728304,-2.9420883,0.5550194,0.572361987,0.001596151,-0.0049785
33.34,-0.898861866,-1.779175482,4.940749423,-2.945814621,-0.319756542,-1.191842455,4.942540491,-2.950437243,0.579105324,0.587333027,0.001791068,-0.004622621
33.37,-0.889372951,-1.772402264,4.939909618,-2.953942121,-0.286073634,-1.170129637,4.94242632,-2.958772482,0.603299317,0.602272627,0.002516701,-0.004830361
33.41,-0.877035559,-1.763503814,4.946686889,-2.96580057,-0.241302399,-1.141372699,4.942422409,-2.96992103,0.63573316,0.622131115,-0.004264481,-0.00412046
33.44,-0.867986164,-1.756917456,4.950401036,-2.973702841,-0.207861732,-1.119941639,4.942511202,-2.978288075,0.660124432,0.636975817,-0.007889834,-0.004585234
33.47,-0.859105789,-1.750398738,4.950063205,-2.982100341,-0.174570316,-1.098612068,4.942675444,-2.986639667,0.684535473,0.65178667,-0.007387761,-0.004539326
33.51,-0.334709464,-1.353254805,4.947221633,-2.992434382,-0.130482954,-1.070354685,4.943000925,-2.997760078,0.204226509,0.28290012,-0.004220709,-0.005325696
33.54,-0.313531559,-1.337956189,4.940058608,-3.000597941,-0.097613663,-1.049288102,4.943333478,-3.006112481,0.215917896,0.288668087,0.003274869,-0.00551454
33.57,-0.292538684,-1.322733895,4.939531725,-3.008607941,-0.064887835,-1.02831062,4.943710135,-3.014470618,0.227650848,0.294423275,0.004178411,-0.005862677
33.61,-0.264818967,-1.302543008,4.945213167,-3.020245674,-0.021597239,-1.000508049,4.944339623,-3.025610402,0.243221728,0.30203496,-0.000873544,-0.005364727
33.64,-0.244252094,-1.287480977,4.950259175,-3.027808908,0.010563965,-0.979775116,4.944912251,-3.033962151,0.254816059,0.307705861,-0.005346924,-0.006153243
33.67,-0.223877118,-1.272493919,4.950263695,-3.036428908,0.042514249,-0.959115344,4.945568238,-3.042316447,0.266391366,0.313378575,-0.004695457,-0.005887539
33.71,-0.196995487,-1.252612227,4.948879519,-3.047903954,0.084752884,-0.93167725,4.946548928,-3.053438632,0.281748371,0.320934978,-0.002330591,-0.005534677
33.74,-0.177024652,-1.23777878,4.956813256,-3.056955153,0.116117111,-0.911169218,4.947343736,-3.061771736,0.293141763,0.326609563,-0.00946952,-0.004816583
33.77,-0.157220822,-1.223019454,4.957091722,-3.065292653,0.147213126,-0.89071076,4.948180991,-3.070122466,0.304433948,0.332308694,-0.008910731,-0.004829814
33.81,-0.131112987,-1.203436803,4.964074244,-3.076117695,0.188188282,-0.863520274,4.949381615,-3.081281103,0.319301269,0.339916529,-0.014692629,-0.005163408
33.84,-0.111740128,-1.188825064,4.959242851,-3.084483614,0.218589737,-0.843190777,4.95034586,-3.089637368,0.330329865,0.345634287,-0.008896991,-0.005153754
33.87,-0.092542225,-1.174270911,4.95960882,-3.092806114,0.248741472,-0.822908646,4.951335023,-3.097986423,0.341283698,0.351362265,-0.008273798,-0.005180309
33.91,-0.067206279,-1.154998329,4.970190769,-3.104759506,0.288411905,-0.795957044,4.952717242,-3.109140127,0.355618183,0.359041285,-0.017473527,-0.004380621
33.94,-0.048390474,-1.14063022,4.974907096,-3.113275905,0.31774847,-0.775811867,4.953793311,-3.117522403,0.366138944,0.364818352,-0.021113785,-0.004246498
33.97,-0.029746335,-1.126327264,4.975714281,-3.121698405,0.346807649,-0.755714862,4.954912811,-3.125901574,0.376553984,0.370612402,-0.02080147,-0.004203169
34.01,0.230375142,-1.009165047,4.977518493,-3.132078152,0.385058556,-0.729004718,4.956438304,-3.137057908,0.154683415,0.280160329,-0.021080189,-0.004979755
34.04,0.253209012,-0.994194681,4.994465263,-3.139982355,0.413325418,-0.70903443,4.95760776,3.137753222,0.160116406,0.285160251,-0.036857502,-0.00544973
34.07,0.275879816,-0.979276022,4.995755736,3.134960452,0.441260853,-0.689107136,4.958787459,3.12936086,0.165381037,0.290168886,-0.036968277,-0.005599592
34.11,0.305829175,-0.959458475,4.991873051,3.124655921,0.47793343,-0.662608343,4.960407813,3.118162898,0.172104255,0.296850133,-0.031465238,-0.006493023
34.14,0.328107869,-0.944662238,4.993760823,3.117593178,0.505033112,-0.642772921,4.961632628,3.109785911,0.176925243,0.301889316,-0.032128195,-0.007807267
34.17,0.350235404,-0.92992728,4.994865008,3.109578178,0.531814712,-0.622951058,4.962857412,3.101420793,0.181579307,0.306976222,-0.032007596,-0.008157385
34.21,0.379490229,-0.91037207,4.992844402,3.098530543,0.566879797,-0.5965156,4.964505209,3.09022247,0.187389568,0.31385647,-0.028339193,-0.008308072
34.24,0.401238302,-0.895767664,4.992319662,3.090268106,0.592707551,-0.57666078,4.965751632,3.081800584,0.191469249,0.319106884,-0.026568029,-0.008467522
34.27,0.42282331,-0.881210423,4.993199246,3.081690606,0.6182208,-0.556773741,4.967009403,3.073417616,0.19539749,0.324436682,-0.026189843,-0.008272989
34.31,0.451375827,-0.861900489,5.000383783,3.070327202,0.65164887,-0.530179152,4.968680593,3.062310236,0.200273043,0.331721337,-0.03170319,-0.008016965
34.34,0.472626115,-0.847495417,5.007567871,3.062146606,0.676225866,-0.5101579,4.969940443,3.053929112,0.203599751,0.337337518,-0.037627429,-0.008217494
34.37,0.493714077,-0.833136289,5.008740895,3.053781606,0.700437999,-0.4900752,4.971190903,3.045496138,0.206723922,0.343061089,-0.037549992,-0.008285468
34.41,0.521586434,-0.814075935,5.006812874,3.043225253,0.732106864,-0.46318137,4.972853632,3.034292022,0.21052043,0.350894565,-0.033959242,-0.008933231
34.44,0.542338186,-0.799856096,5.005941063,3.034260601,0.755414271,-0.442918802,4.974065551,3.025961116,0.213076085,0.356937295,-0.031875513,-0.008299485
34.47,0.56294716,-0.785697813,5.006815543,3.025950601,0.778369001,-0.422582414,4.975260598,3.017614601,0.215421841,0.363115399,-0.031554944,-0.008335999
34.51,0.798745494,-0.525253733,5.002222697,3.015003292,0.808294965,-0.39532209,4.976816312,3.006374248,0.009549472,0.129931643,-0.025406386,-0.008629044
34.54,0.823259688,-0.505775965,5.000202248,3.005870333,0.830264001,-0.374767567,4.977972427,2.997947804,0.007004313,0.131008398,-0.022229821,-0.007922529
34.57,0.84762877,-0.486335895,5.000678573,2.997777833,0.851912489,-0.354134376,4.979115018,2.989585337,0.004283719,0.132201519,-0.021563555,-0.008192495
34.61,0.879917282,-0.460509651,4.992562349,2.987623182,0.880156266,-0.326469537,4.980615665,2.978469942,0.000238983,0.134040114,-0.011946684,-0.00915324
34.64,0.903965569,-0.441217714,4.987257433,2.978525737,0.900831251,-0.305593386,4.981728662,2.970051925,-0.003134317,0.135624328,-0.005528771,-0.008473812
34.67,0.927857096,-0.421960003,4.987157624,2.970415737,0.921148259,-0.28462209,4.982831871,2.961600125,-0.006708837,0.137337913,-0.004325753,-0.008815613
34.71,0.959519148,-0.396360418,4.992410593,2.960169113,0.94764124,-0.256488141,4.984309766,2.9504182,-0.011877908,0.139872277,-0.008100828,-0.009750913
34.74,0.983141703,-0.377240475,4.986806372,2.951351848,0.967062786,-0.235252032,4.985413832,2.942087391,-0.016078916,0.141988442,-0.00139254,-0.009264457
34.77,1.006656008,-0.358183528,4.986605638,2.942979348,0.986127893,-0.213907574,4.98652529,2.933711844,-0.020528115,0.144275954,-8.0348e-05,-0.009267504
34.81,1.037797101,-0.332877717,4.984812171,2.931977941,1.010892298,-0.185243508,4.987982106,2.922440279,-0.026904803,0.147634209,0.003169935,-0.009537662
34.84,1.060997527,-0.31396737,4.982433086,2.923505909,1.029022181,-0.163597294,4.989075876,2.914029451,-0.031975346,0.150370075,0.006642789,-0.009476458
34.87,1.084086736,-0.295125228,4.982003086,2.915138409,1.046845658,-0.14184436,4.99015834,2.90568445,-0.037241079,0.153280868,0.008155254,-0.00945396
34.91,1.114714649,-0.270067068,4.97546235,2.90401657,1.070002261,-0.112629033,4.991603363,2.8945409,-0.044712388,0.157438035,0.016141014,-0.00947567
34.94,1.137553705,-0.25133816,4.96488533,2.895392639,1.086890805,-0.090548886,4.992680052,2.886094815,-0.050662901,0.160789274,0.027794722,-0.009297824
34.97,1.160267185,-0.232675526,4.96385075,2.887190139,1.103456274,-0.068348974,4.993763526,2.877645775,-0.056810911,0.164326552,0.029912776,-0.009544364
35.01,1.235690947,-0.133295591,4.976145898,2.876047796,1.125001908,-0.038536302,4.995221198,2.866495068,-0.110689039,0.094759289,0.019075301,-0.009552728
35.04,1.258124406,-0.113957191,4.976442486,2.867445987,1.140736392,-0.016006573,4.996334131,2.858150905,-0.117388013,0.097950618,0.019891644,-0.009295082
35.07,1.280465294,-0.094684254,4.975779081,2.859293487,1.156137892,0.006657102,4.997464034,2.849740906,-0.124327402,0.101341356,0.021684953,-0.009552581
35.11,1.310055227,-0.069079105,4.981715621,2.847179652,1.176090395,0.037118143,4.998979141,2.838462631,-0.133964831,0.106197248,0.01726352,-0.008717021
35.14,1.332117114,-0.049937358,4.977457965,2.83878798,1.190667987,0.060135325,5.00012607,2.830078993,-0.141449126,0.110072683,0.022668104,-0.008708987
35.17,1.354096889,-0.030841626,4.976794473,2.83059048,1.204966864,0.083278894,5.001264119,2.821746771,-0.149130025,0.11412052,0.024469646,-0.008843709
35.21,1.383284742,-0.005461108,4.977734108,2.819439543,1.223468896,0.114390815,5.002775046,2.810581545,-0.159815845,0.119851922,0.025040939,-0.008857997
35.24,1.405063735,0.013510172,4.975865593,2.810525741,1.236912277,0.13792332,5.003887907,2.802135141,-0.168151459,0.124413149,0.028022314,-0.0083906
35.27,1.4267393,0.032434078,4.975092143,2.802018241,1.250065793,0.161594646,5.005000534,2.793711616,-0.176673507,0.129160568,0.02990839,-0.008306625
35.31,1.455500912,0.057580861,4.973206994,2.791539887,1.267097757,0.193403922,5.006463418,2.782586336,-0.188403154,0.135823062,0.033256424,-0.008953551
35.34,1.476961838,0.076379008,4.982417463,2.783029012,1.27945733,0.217454878,5.007556073,2.774226451,-0.197504508,0.14107587,0.025138609,-0.008802561
35.37,1.498324268,0.095126889,4.981791653,2.774601512,1.291493627,0.241647221,5.008639596,2.765812562,-0.206830641,0.146520332,0.026847942,-0.00878895
35.41,1.526686702,0.120055801,5.007936544,2.763182584,1.306973531,0.274128208,5.010080681,2.754585352,-0.219713172,0.154072406,0.002144137,-0.008597232
35.44,1.547874176,0.138692773,5.009854847,2.754735673,1.318181184,0.298615172,5.011153502,2.746206878,-0.229692992,0.159922399,0.001298655,-0.008528795
35.47,1.569005388,0.157268933,5.009991617,2.746228173,1.32907712,0.323175237,5.012209215,2.737822147,-0.239928269,0.165906304,0.002217598,-0.008406026
35.51,1.528419183,0.199616689,5.030344629,2.735395108,1.342968897,0.356027789,5.013560838,2.726629133,-0.185450285,0.1564111,-0.016783791,-0.008765975
35.54,1.546744457,0.217742904,5.025475292,2.726796184,1.352900181,0.380698101,5.014517227,2.7182625,-0.193844277,0.162955197,-0.010958065,-0.008533683
35.57,1.564990456,0.235813494,5.02584945,2.718696184,1.362490557,0.405347708,5.015440677,2.709879881,-0.2024999,0.169534214,-0.010408773,-0.008816303
35.61,1.589213593,0.259811859,5.032473626,2.706403646,1.374634258,0.438114124,5.016571552,2.698614636,-0.214579335,0.178302265,-0.015902075,-0.00778901
35.64,1.607312926,0.277750386,5.036669184,2.698577383,1.383204259,0.462581702,5.017362253,2.690215739,-0.224108666,0.184831317,-0.019306932,-0.008361644
35.67,1.6253446,0.295642335,5.037090711,2.690172383,1.391366342,0.486947327,5.018103319,2.681915493,-0.233978257,0.191304991,-0.018987393,-0.00825689
35.71,1.649300688,0.319418838,5.023102923,2.678451943,1.401527892,0.519183941,5.019022462,2.670819747,-0.247772796,0.199765103,-0.00408046,-0.007632196
35.74,1.667198563,0.337183456,5.019589624,2.669894039,1.408615517,0.543130257,5.01964908,2.662337407,-0.258583045,0.2059468,5.9456e-05,-0.007556633
35.77,1.685053068,0.3549003,5.019234244,2.661394039,1.415287805,0.566898086,5.020243882,2.653856425,-0.269765263,0.211997786,0.001009638,-0.007537614
35.81,1.708763532,0.378455175,5.002548986,2.650442888,1.423379716,0.598243093,5.020989239,2.642811404,-0.285383816,0.219787917,0.018440252,-0.007631484
35.84,1.726465223,0.396087576,4.999559114,2.642078231,1.428857986,0.621451155,5.021529417,2.634556211,-0.297607237,0.225363579,0.021970303,-0.007522019
35.87,1.744103052,0.413682103,4.998522893,2.633800731,1.433921244,0.644411371,5.022064581,2.626128838,-0.310181808,0.230729268,0.023541688,-0.007671893
35.91,1.767563048,0.437066514,4.982970663,2.622056242,1.439879583,0.674551923,5.022794254,2.614744725,-0.327683464,0.237485409,0.039823591,-0.007311517
35.94,1.785123657,0.454548091,4.991378699,2.614086824,1.443711317,0.696797715,5.023364754,2.606440637,-0.34141234,0.242249624,0.031986055,-0.007646186
35.97,1.802635618,0.472010235,4.990211557,2.605816824,1.447080575,0.718765245,5.023949336,2.598268973,-0.355555044,0.24675501,0.033737779,-0.00754785
36.01,1.717826006,0.491801162,4.990273857,2.594909299,1.450760333,0.747495318,5.024794782,2.587119488,-0.267065673,0.255694156,0.034520925,-0.007789811
36.04,1.732118418,0.508624075,4.995610388,2.587234173,1.452906797,0.768605028,5.025462361,2.578544809,-0.279211621,0.259980952,0.029851973,-0.008689364
36.07,1.746381498,0.525393162,4.994747456,2.578811673,1.454580132,0.789400525,5.026159342,2.570106938,-0.291801366,0.264007363,0.031411886,-0.008704735
36.11,1.765361642,0.547710799,5.004424462,2.568006392,1.455934361,0.816545609,5.027112012,2.559265615,-0.309427281,0.26883481,0.02268755,-0.008740777
36.14,1.77955958,0.564412605,5.013498765,2.558760341,1.456331421,0.836440473,5.02785121,2.551014635,-0.323228159,0.272027868,0.014352445,-0.007745706
36.17,1.793736425,0.581090878,5.013249945,2.550420341,1.456299522,0.855991566,5.028591689,2.54249528,-0.337436903,0.274900688,0.015341744,-0.007925061
36.21,1.812626563,0.603283304,5.020950627,2.539778405,1.455448242,0.881464395,5.029578184,2.531081431,-0.357178322,0.278181091,0.008627557,-0.008696974
36.24,1.826763757,0.619890723,5.017985769,2.531366576,1.454184257,0.90015359,5.030294223,2.522840068,-0.3725795,0.280262867,0.012308454,-0.008526508
36.27,1.840864755,0.636473695,5.017765937,2.522741576,1.452482172,0.918537995,5.030983276,2.514679904,-0.388382583,0.2820643,0.013217339,-0.008061673
36.31,1.859650955,0.658570027,5.009533057,2.511597555,1.449456858,0.942468936,5.03184942,2.503429996,-0.410194098,0.283898909,0.022316363,-0.008167559
36.34,1.873751694,0.675118788,5.016667236,2.502744901,1.446615736,0.959989083,5.032454298,2.494837441,-0.427135958,0.284870295,0.015787062,-0.00790746
36.37,1.887836272,0.691632249,5.016253243,2.494534901,1.443335995,0.977214521,5.03303708,2.486437679,-0.444500276,0.285582272,0.016783837,-0.008097221
36.41,1.906597885,0.713655663,5.018186162,2.483024647,1.438163488,0.999639683,5.033762166,2.475575916,-0.468434397,0.28598402,0.015576004,-0.007448732
36.44,1.920673224,0.730185222,5.016777634,2.474038218,1.433719517,1.016023095,5.034278637,2.467224222,-0.486953707,0.285837874,0.017501003,-0.006813996
36.47,1.934756323,0.746709312,5.016263696,2.465750718,1.428872316,1.032084053,5.034760695,2.458642384,-0.505884007,0.285374741,0.018496999,-0.007108334
36.51,1.692863264,0.871927428,5.023249887,2.454469959,1.421631526,1.052935748,5.035359005,2.447339583,-0.271231737,0.181008321,0.012109118,-0.007130376
36.54,1.69994192,0.891080697,5.034678601,2.447534145,1.415604845,1.068162336,5.035756505,2.4391838,-0.284337075,0.177081639,0.001077904,-0.008350345
36.57,1.707003274,0.910225239,5.034607131,2.439354145,1.409163893,1.083071455,5.036123687,2.431004744,-0.29783938,0.172846216,0.001516556,-0.0083494
36.61,1.716428267,0.935710285,5.028125757,2.42893964,1.399853924,1.102343756,5.036533811,2.419729262,-0.316574343,0.166633471,0.008408054,-0.009210378
36.64,1.723518091,0.954814779,5.044375666,2.420968772,1.392332361,1.116362038,5.036774896,2.411259505,-0.33118573,0.161547259,-0.00760077,-0.009709267
36.67,1.730618137,0.973914639,5.044442088,2.412611272,1.384420533,1.130084016,5.036987666,2.402946415,-0.346197604,0.156169377,-0.007454422,-0.009664857
36.71,1.740124582,0.999359054,5.036138293,2.401963724,1.373216267,1.147876781,5.037278282,2.391796015,-0.366908315,0.148517727,0.00113999,-0.010167709
36.74,1.747260361,1.0184022,5.027626839,2.393442265,1.364416224,1.16095369,5.037480596,2.383322321,-0.382844137,0.14255149,0.009853757,-0.010119944
36.77,1.754393858,1.037404188,5.027061902,2.385047265,1.355397218,1.173959353,5.037676277,2.3749399,-0.398996641,0.136555165,0.010614375,-0.010107365
36.81,1.763875684,1.062675503,5.028111361,2.373331927,1.343132435,1.191409952,5.037934902,2.363858035,-0.42074325,0.128734449,0.00982354,-0.009473892
36.84,1.770961426,1.081603711,5.033544254,2.365100826,1.333921489,1.20473588,5.038136491,2.35550754,-0.437039937,0.123132169,0.004592238,-0.009593286
36.87,1.778049443,1.100515278,5.033136835,2.356840826,1.324793989,1.218309513,5.038332677,2.347255964,-0.453255455,0.117794235,0.005195842,-0.009584862
36.91,1.787537873,1.12566528,5.028329304,2.344810249,1.312862669,1.236994335,5.038552538,2.336388059,-0.474675205,0.111329054,0.010223234,-0.00842219
36.94,1.794675282,1.144505595,5.028389227,2.336389634,1.304127814,1.251539277,5.038663203,2.328019428,-0.490547468,0.107033682,0.010273976,-0.008370206
36.97,1.801822427,1.163338326,5.027677511,2.328147134,1.295575258,1.266492892,5.038720773,2.319517336,-0.506247169,0.103154567,0.011043262,-0.008629799
37.01,1.655896932,1.193101696,5.025472298,2.316552221,1.284559301,1.287176606,5.038721742,2.308405156,-0.371337631,0.09407491,0.013249445,-0.008147065
37.04,1.65957125,1.211642253,5.013935017,2.308765024,1.276593774,1.303259615,5.038658657,2.300249155,-0.382977476,0.091617362,0.02472364,-0.008515869
37.07,1.663282182,1.23016607,5.01262105,2.300837524,1.268825549,1.319776999,5.038558836,2.291967737,-0.394456633,0.089610929,0.025937786,-0.008869787
37.11,1.668264406,1.254862058,5.010100254,2.289093914,1.258815345,1.342598808,5.038338105,2.2805939,-0.409449061,0.08773675,0.028237851,-0.008500014
37.14,1.672012965,1.273365651,5.009937306,2.28025532,1.251591283,1.36029028,5.038130534,2.272178761,-0.420421682,0.086924629,0.028193228,-0.008076559
37.17,1.675772837,1.291852294,5.008450759,2.27223032,1.244585075,1.378394721,5.037890169,2.263953967,-0.431187762,0.086542427,0.02943941,-0.008276353
37.21,1.680824915,1.316450466,5.02145455,2.260150676,1.235624874,1.403325759,5.03751742,2.252935057,-0.445200041,0.086875293,0.016062869,-0.007215619
37.24,1.684632167,1.334885404,5.011219438,2.251112631,1.229168958,1.422628544,5.037183229,2.244392673,-0.455463209,0.087743141,0.025963791,-0.006719958
37.27,1.688467081,1.353316344,5.009733505,2.242715131,1.222902383,1.442345607,5.036810481,2.235830351,-0.465564698,0.089029264,0.027076976,-0.006884779
37.31,1.693643361,1.377884377,5.009344506,2.23073096,1.214878743,1.46933015,5.036231514,2.224717557,-0.478764618,0.091445773,0.026887008,-0.006013404
37.34,1.697559095,1.39628246,4.996836942,2.221261808,1.209060747,1.490069552,5.035749387,2.216434936,-0.488498348,0.093787093,0.038912445,-0.004826873
37.37,1.701503983,1.414654362,4.994867522,2.212946808,1.203348165,1.511170082,5.03524389,2.208012055,-0.498155818,0.096515719,0.040376368,-0.004934753
37.41,1.7068066,1.439125038,5.001879077,2.201909827,1.195886031,1.539917778,5.034527148,2.196657705,-0.51092057,0.100792741,0.032648071,-0.005252122
37.44,1.710817028,1.457452521,5.002210868,2.193188414,1.190390461,1.561879881,5.033990062,2.188275112,-0.520426567,0.10442736,0.031779194,-0.004913302
37.47,1.714863596,1.475753292,5.000443537,2.184898414,1.184946715,1.584115429,5.033453389,2.179963413,-0.529916881,0.108362137,0.033009852,-0.004935001
37.51,1.593300864,1.620505754,4.99778953,2.174430957,1.177720325,1.614270835,5.032742813,2.168783641,-0.41558054,-0.006234919,0.034953283,-0.005647315
37.54,1.594686672,1.641865261,5.00656559,2.166392584,1.172290673,1.637249845,5.03219404,2.160318323,-0.422395999,-0.004615416,0.02562845,-0.006074261
37.57,1.59610242,1.663197976,5.004996632,2.158147584,1.166850122,1.660458638,5.031648328,2.151884572,-0.429252297,-0.002739338,0.026651697,-0.006263012
37.61,1.598046127,1.691593062,5.000349469,2.145613827,1.159562367,1.691784822,5.030927914,2.140742837,-0.438483759,0.00019176,0.030578445,-0.00487099
37.64,1.599526438,1.712841852,4.98916867,2.136823408,1.154043508,1.715579278,5.030399971,2.132369474,-0.44548293,0.002737426,0.041231301,-0.004453935
37.67,1.601037814,1.734047002,4.987144641,2.128690908,1.148476706,1.739602669,5.029869993,2.123949775,-0.452561108,0.005555667,0.042725352,-0.004741134
37.71,1.603091207,1.76227347,4.98977435,2.118302939,1.140988004,1.77202408,5.029175948,2.112711298,-0.462103203,0.00975061,0.039401598,-0.005591641
37.74,1.604678201,1.78338076,4.977214782,2.109978193,1.135338101,1.796600473,5.028680003,2.104339681,-0.4693401,0.013219713,0.051465221,-0.005638511
37.77,1.606296396,1.804429792,4.974959166,2.101603193,1.129653948,1.821368959,5.028206163,2.095980032,-0.476642449,0.016939167,0.053246997,-0.00562316
37.81,1.6085118,1.832423357,4.973829513,2.090220384,1.12197635,1.854767009,5.027604505,2.084776682,-0.48653545,0.022343652,0.053774992,-0.005443702
37.84,1.610210265,1.853360076,4.964563644,2.081009821,1.116134395,1.880073371,5.027172573,2.076359581,-0.494075871,0.026713295,0.062608929,-0.00465024
37.87,1.611937132,1.874248224,4.962097177,2.072789821,1.110235265,1.905536216,5.026769935,2.067964453,-0.501701867,0.031287992,0.064672758,-0.004825368
37.91,1.614299341,1.902013332,4.952970372,2.06092774,1.102251806,1.939756471,5.026274233,2.056790554,-0.512047534,0.037743139,0.073303861,-0.004137185
37.94,1.616104531,1.922785279,4.954618778,2.052080598,1.096148183,1.965643481,5.025952767,2.048398578,-0.519956348,0.042858202,0.071333989,-0.00368202
37.97,1.617929389,1.943521808,4.952133842,2.043995598,1.089951677,1.991689711,5.02565902,2.040005468,-0.527977712,0.048167903,0.073525178,-0.003990131
38.01,1.505340526,2.035236127,4.970561556,2.03274145,1.081530297,2.026658624,5.025345227,2.02882213,-0.423810228,-0.008577502,0.054783671,-0.00391932
38.04,1.50481113,2.057213913,4.971171773,2.024359154,1.075096236,2.053038418,5.025160208,2.020430392,-0.429714893,-0.004175495,0.053988435,-0.003928762
38.07,1.504329555,2.079136069,4.969423257,2.016289154,1.068563682,2.079540821,5.025014203,2.012042213,-0.435765873,0.000404752,0.055590946,-0.004246941
38.11,1.503737815,2.108276032,4.968989868,2.005516196,1.059658489,2.115119748,5.024844687,2.000882286,-0.444079326,0.006843716,0.055854819,-0.004633911
38.14,1.503330472,2.130057453,4.986601649,1.997052894,1.052852041,2.141962312,5.024729625,1.992516622,-0.450478431,0.01190486,0.038127976,-0.004536273
38.17,1.502947106,2.151781401,4.985466098,1.988942894,1.045973486,2.168901885,5.024627622,1.984141125,-0.45697362,0.017120484,0.039161524,-0.00480177
38.21,1.502480605,2.180636094,4.991457988,1.977784117,1.036687622,2.205019068,5.024526295,1.97296475,-0.465792983,0.024382974,0.033068307,-0.004819367
38.24,1.502193236,2.202214348,4.999547411,1.970038695,1.029641312,2.232285154,5.024461022,1.964572759,-0.472551924,0.030070806,0.024913611,-0.005465935
38.27,1.501940066,2.223747122,4.998822063,1.961738695,1.022543843,2.259674048,5.024384614,1.956173939,-0.479396222,0.035926925,0.025562552,-0.005564756
38.31,1.50166101,2.252380802,5.002596906,1.951291924,1.013008441,2.296369412,5.024281519,1.944977395,-0.488652569,0.043988611,0.021684612,-0.006314529
38.34,1.501508374,2.273786586,5.000007787,1.942886509,1.005804175,2.32401244,5.024191077,1.936583565,-0.495704199,0.050225855,0.02418329,-0.006302945
38.37,1.501399612,2.295127656,4.999240259,1.934449009,0.998552067,2.351760152,5.024098791,1.928188349,-0.502847544,0.056632496,0.024858532,-0.00626066
38.41,1.501312681,2.323497648,4.997177618,1.923723041,0.98878925,2.388950137,5.023951869,1.916998319,-0.512523431,0.065452489,0.026774251,-0.006724722
38.44,1.501283891,2.344714987,4.991079226,1.914474939,0.981407432,2.416948345,5.023840508,1.908607412,-0.519876459,0.072233358,0.032761282,-0.005867527
38.47,1.501294103,2.365869587,4.990003994,1.906169939,0.973986342,2.445005326,5.023726538,1.900211209,-0.52730776,0.079135739,0.033722544,-0.00595873
38.51,1.439723572,2.419229882,4.986348311,1.8950946,0.964007623,2.482545516,5.023592133,1.889014864,-0.475715949,0.063315633,0.037243822,-0.006079736
38.54,1.438777333,2.440623422,5.002657096,1.887026062,0.956452252,2.510813864,5.023501877,1.880628054,-0.482325081,0.070190442,0.020844781,-0.006398008
38.57,1.437860407,2.461962927,5.001932989,1.878671062,0.948849235,2.539145186,5.023424723,1.872243049,-0.489011172,0.077182259,0.021491734,-0.006428012
38.61,1.436695673,2.490312248,5.009716305,1.867830307,0.938637515,2.576990603,5.023352856,1.861048431,-0.498058158,0.086678355,0.013636551,-0.006781876
38.64,1.435866918,2.511493345,5.011551516,1.859903497,0.930925626,2.605435855,5.023308368,1.852649294,-0.504941292,0.09394251,0.011756853,-0.007254203
38.67,1.435089209,2.53260572,5.011084957,1.851618497,0.923176527,2.633946288,5.023264926,1.844256749,-0.511912682,0.101340568,0.012179969,-0.007361748
38.71,1.43412084,2.560637064,5.013878608,1.840377981,0.912796613,2.672067795,5.02318473,1.833069359,-0.521324227,0.111430732,0.009306122,-0.007308622
38.74,1.433441032,2.581584403,5.014511753,1.832040749,0.904997816,2.700699321,5.023118092,1.824673776,-0.528443216,0.119114918,0.008606339,-0.007366973
38.77,1.43279216,2.602467578,5.014058033,1.823880749,0.897194045,2.729353257,5.023040497,1.816277153,-0.535598115,0.126885679,0.008982464,-0.007603597
38.81,1.431995987,2.63020912,5.004767292,1.813414102,0.886771044,2.767634678,5.022938867,1.805082849,-0.545224943,0.137425558,0.018171575,-0.008331253
38.84,1.431455734,2.650952679,5.026615542,1.804616331,0.878936202,2.796406092,5.022847354,1.796691311,-0.552519532,0.145453412,-0.003768187,-0.00792502
38.87,1.430960319,2.671628079,5.026491575,1.796328831,0.871091193,2.825193927,5.022758048,1.788300772,-0.559869126,0.153565848,-0.003733527,-0.008028058
38.91,1.430374984,2.699073244,5.030464447,1.786497286,0.86061129,2.863572463,5.02264818,1.777103253,-0.569763694,0.164499219,-0.007816266,-0.009394034
38.94,1.429983642,2.719562543,5.027005043,1.778746751,0.852724601,2.892371249,5.022566994,1.768705819,-0.577259042,0.172808706,-0.00443805,-0.010040932
38.97,1.429637408,2.739980384,5.026763099,1.770606751,0.844811842,2.921194347,5.022467699,1.760323128,-0.584825566,0.181213963,-0.0042954,-0.010283623
39.01,1.354185125,2.812542889,5.019847764,1.759022449,0.834215875,2.959634136,5.022297266,1.74915821,-0.51996925,0.147091247,0.002449502,-0.009864239
39.04,1.352335532,2.833897942,5.01353538,1.749887923,0.826238517,2.988430127,5.022150926,1.740765679,-0.526097015,0.154532184,0.008615546,-0.009122245
39.07,1.350533089,2.855175408,5.012721263,1.741375423,0.818235944,3.01720495,5.021995239,1.73236631,-0.532297145,0.162029542,0.009273976,-0.009009113
39.11,1.348253145,2.883431233,5.020218496,1.730848219,0.807511298,3.055569861,5.021788707,1.721195691,-0.540741847,0.172138628,0.001570211,-0.009652528
39.14,1.34660573,2.904542796,5.011867208,1.722281214,0.799432561,3.084333943,5.021629324,1.71283348,-0.547173169,0.179791147,0.009762116,-0.009447734
39.17,1.345005584,2.925590579,5.010958798,1.713893714,0.791338645,3.113063884,5.02147837,1.704460688,-0.553666939,0.187473305,0.010519572,-0.009433026
39.21,1.342938874,2.95354097,5.00554669,1.702672479,0.780535022,3.151297295,5.021268185,1.693274436,-0.562403852,0.197756325,0.015721495,-0.009398042
39.24,1.341468075,2.97442742,5.001508229,1.693924396,0.772429759,3.17994768,5.02112264,1.684888737,-0.569038316,0.205520261,0.01961441,-0.009035659
39.27,1.340043902,2.995245367,5.000251807,1.685611896,0.764326163,3.208586332,5.020978414,1.676508517,-0.575717738,0.213340965,0.020726607,-0.009103379
39.31,1.338230708,3.0228981,5.000776573,1.674113471,0.753532775,3.246703774,5.020815967,1.665329277,-0.584697934,0.223805673,0.020039395,-0.008784193
39.34,1.336947958,3.043556334,5.007530108,1.665376551,0.745447831,3.275214396,5.020718794,1.656935309,-0.591500127,0.231658061,0.013188686,-0.008441242
39.37,1.335722584,3.064143236,5.006536622,1.657331551,0.737366294,3.303682808,5.020650466,1.648539256,-0.59835629,0.239539573,0.014113844,-0.008792296
39.41,1.334177748,3.091496755,4.988623566,1.646820086,0.726588528,3.341590376,5.020601291,1.637360181,-0.60758922,0.250093621,0.031977726,-0.009459905
39.44,1.333082841,3.111950709,4.990104081,1.638670739,0.718498295,3.369957184,5.020586217,1.62898142,-0.614584546,0.258006474,0.030482135,-0.009689319
39.47,1.332047839,3.132339438,4.988662463,1.630300739,0.710399589,3.39825117,5.020590739,1.620590024,-0.621648249,0.265911732,0.031928277,-0.009710715
39.51,0.992178096,3.321343844,4.997811779,1.618264047,0.699575619,3.435851335,5.020656692,1.609385874,-0.292602477,0.114507491,0.022844913,-0.008878173
39.54,0.982355125,3.345849769,5.002855218,1.609575657,0.691429481,3.463985895,5.020760115,1.60100354,-0.290925644,0.118136126,0.017904897,-0.008572117
39.57,0.97259978,3.370298405,5.001936099,1.601225657,0.683259413,3.49206587,5.020892095,1.592623893,-0.289340367,0.121767465,0.018955996,-0.008601764
39.61,0.959671095,3.402798173,5.001889402,1.589819173,0.672336165,3.529351924,5.021125148,1.581437036,-0.287334929,0.12655375,0.019235746,-0.008382137
39.64,0.950021911,3.427069608,4.999931944,1.581467885,0.66417768,3.557187444,5.021321572,1.573052447,-0.285844231,0.130117836,0.021389628,-0.008415437
39.67,0.940409108,3.451249707,4.998981966,1.573225385,0.656107232,3.584946474,5.021541833,1.564661428,-0.284301877,0.133696767,0.022559867,-0.008563956
39.71,0.927655966,3.483376082,4.999621757,1.562102538,0.645649467,3.621821965,5.021865291,1.553346474,-0.2820065,0.138445883,0.022243534,-0.008756064
39.74,0.918147577,3.507406945,4.991026945,1.554132064,0.638151938,3.649330918,5.022139763,1.544845612,-0.279995639,0.141923973,0.031112819,-0.009286453
39.77,0.908684104,3.531370103,4.989862117,1.545787064,0.63097035,3.676706712,5.022432778,1.536461238,-0.277713754,0.145336609,0.032570661,-0.009325827
39.81,0.896156974,3.563187239,4.977565129,1.534072862,0.62206705,3.712974375,5.022868573,1.525316651,-0.274089924,0.149787136,0.045303444,-0.008756211
39.84,0.886829486,3.586972767,4.982131051,1.525167785,0.615952206,3.740008217,5.023227368,1.516729145,-0.270877281,0.153035451,0.041096317,-0.00843864
39.87,0.877540973,3.610711583,4.980829341,1.516892785,0.610271905,3.766895066,5.023614551,1.50807616,-0.267269068,0.156183483,0.04278521,-0.008816624
39.91,0.865225371,3.642281832,4.969182382,1.505101098,0.603525069,3.802410645,5.02420507,1.496829917,-0.261700302,0.160128813,0.055022688,-0.008271182
39.94,0.856047918,3.665887595,4.979841575,1.496498413,0.599103489,3.828787864,5.024700162,1.488515937,-0.25694443,0.16290027,0.044858586,-0.007982475
39.97,0.846916999,3.689412996,4.978689308,1.488053413,0.59515547,3.854986904,5.025237492,1.480038869,-0.251761529,0.165573907,0.046548184,-0.008014543
40.01,0.799162945,3.93363257,4.993088459,1.477228513,0.59076576,3.889563434,5.026024971,1.468470115,-0.208397185,-0.044069136,0.032936512,-0.008758399
