time_sec,est_x,est_y,est_z,est_yaw,true_x,true_y,true_z,true_yaw,err_x,err_y,err_z,err_yaw
0.000000000,-2.000017845,-1.999967555,0.050048000,0.008268564,-2.000000000,-2.000000000,0.050029904,-0.000000000,0.000017845,-0.000032445,-0.000018096,-0.008268564
0.030000000,-2.000083008,-1.999892730,0.054465549,0.007306383,-2.000000000,-2.000000000,0.050069776,-0.000000000,0.000083008,-0.000107270,-0.004395773,-0.007306383
0.060000000,-2.000196140,-1.999789016,0.054725085,0.007308883,-2.000000000,-2.000000000,0.050099738,-0.000000000,0.000196140,-0.000210984,-0.004625347,-0.007308883
0.100000000,-2.000417046,-1.999575782,0.056106359,0.032107512,-2.000000000,-2.000000000,0.050139732,-0.000000000,0.000417046,-0.000424218,-0.005966627,-0.032107512
0.130000000,-2.000612511,-1.999350643,0.055183902,0.023179238,-2.000000000,-2.000000000,0.050169731,-0.000153768,0.000612511,-0.000649357,-0.005014171,-0.023333006
0.160000000,-2.000832453,-1.999078620,0.055717412,0.022426738,-1.999999869,-1.999999965,0.050686455,-0.001591795,0.000832584,-0.000921345,-0.005030957,-0.024018533
0.200000000,-2.001172153,-1.998636260,0.057235819,0.016968051,-1.999997433,-1.999999314,0.052571902,-0.005211881,0.001174719,-0.001363054,-0.004663916,-0.022179932
0.230000000,-2.001482821,-1.998246077,0.056612601,0.006578059,-1.999992290,-1.999997831,0.054860377,-0.008996514,0.001490531,-0.001751754,-0.001752224,-0.015574573
0.260000000,-2.001841577,-1.997813005,0.059754796,0.002270559,-1.999984297,-1.999995070,0.057980372,-0.013645701,0.001857279,-0.002182064,-0.001774424,-0.015916260
0.300000000,-2.002372865,-1.997170594,0.062928818,-0.012116730,-1.999971713,-1.999989585,0.063175684,-0.020774219,0.002401152,-0.002818990,0.000246867,-0.008657489
0.330000000,-2.002815511,-1.996642271,0.061372482,-0.020331289,-1.999960219,-1.999984092,0.067799995,-0.026699165,0.002855292,-0.003341820,0.006427513,-0.006367875
0.360000000,-2.003299466,-1.996077151,0.066546191,-0.026536289,-1.999944761,-1.999977582,0.073098161,-0.033088761,0.003354705,-0.003900431,0.006551969,-0.006552472
0.400000000,-2.004013040,-1.995247802,0.076821684,-0.037588916,-1.999918905,-1.999968687,0.080994690,-0.042106410,0.004094135,-0.004720885,0.004173006,-0.004517494
0.430000000,-2.004595747,-1.994570049,0.088018706,-0.042338767,-1.999896939,-1.999962537,0.087502107,-0.049179463,0.004698808,-0.005392487,-0.000516599,-0.006840696
0.460000000,-2.005204607,-1.993853392,0.095592465,-0.050016267,-1.999872658,-1.999957367,0.094552374,-0.056501306,0.005331949,-0.006103974,-0.001040091,-0.006485039
0.500000000,-1.960767777,-2.167885306,0.097757674,-0.056855093,-1.999835162,-1.999952375,0.104625141,-0.066530541,-0.039067385,0.167932931,0.006867467,-0.009675448
0.530000000,-1.960590904,-2.170496475,0.100252541,-0.062823858,-1.999802726,-1.999950646,0.112653497,-0.074218101,-0.039211822,0.170545829,0.012400956,-0.011394243
0.560000000,-1.960439801,-2.173062442,0.108513046,-0.070986358,-1.999767331,-1.999950956,0.121132621,-0.082036114,-0.039327530,0.173111486,0.012619575,-0.011049756
0.600000000,-1.960308265,-2.176397487,0.123406105,-0.086836354,-1.999720134,-1.999939079,0.132996273,-0.092598749,-0.039411869,0.176458408,0.009590168,-0.005762395
0.630000000,-1.960240322,-2.178865873,0.127105273,-0.093707888,-1.999688265,-1.999894459,0.142284729,-0.100605765,-0.039447943,0.178971414,0.015179456,-0.006897877
0.660000000,-1.960203124,-2.181303510,0.136524023,-0.101875388,-1.999662511,-1.999768064,0.151950201,-0.108686350,-0.039459388,0.181535446,0.015426178,-0.006810962
0.700000000,-1.960200530,-2.184499487,0.156054578,-0.114083258,-1.999631185,-1.999433687,0.165304486,-0.119544625,-0.039430655,0.185065800,0.009249908,-0.005461366
0.730000000,-1.960234261,-2.186848577,0.162814168,-0.120605505,-1.999602790,-1.999039038,0.175641563,-0.127735614,-0.039368529,0.187809538,0.012827395,-0.007130109
0.760000000,-1.960299951,-2.189137161,0.173581283,-0.128815505,-1.999565575,-1.998498381,0.186276513,-0.135952770,-0.039265624,0.190638780,0.012695230,-0.007137265
0.800000000,-1.960427850,-2.192099400,0.189319438,-0.139538332,-1.999510672,-1.997600081,0.200828746,-0.146946119,-0.039082821,0.194499319,0.011509308,-0.007407787
0.830000000,-1.960554171,-2.194248725,0.199490454,-0.147629545,-1.999470346,-1.996809547,0.212004446,-0.155223540,-0.038916175,0.197439178,0.012513992,-0.007593994
0.860000000,-1.960711147,-2.196352353,0.211208611,-0.156044545,-1.999430616,-1.995921999,0.223423060,-0.163523423,-0.038719469,0.200430353,0.012214449,-0.007478877
0.900000000,-1.960976174,-2.199071781,0.226522410,-0.169532141,-1.999375590,-1.994631713,0.238949853,-0.174606297,-0.038399416,0.204440068,0.012427443,-0.005074156
0.930000000,-1.961202938,-2.201056210,0.241276464,-0.177608544,-1.999335451,-1.993594478,0.250808109,-0.182930810,-0.038132513,0.207461731,0.009531645,-0.005322267
0.960000000,-1.961451720,-2.202986194,0.253927998,-0.186043544,-1.999302788,-1.992496384,0.262867045,-0.191270413,-0.037851068,0.210489810,0.008939047,-0.005226869
1.000000000,-2.110667759,-2.079499805,0.268391100,-0.199001723,-1.999270880,-1.990960652,0.279194310,-0.202404724,0.111396879,0.088539153,0.010803210,-0.003403001
1.030000000,-2.113211709,-2.079406807,0.282276606,-0.208036357,-1.999252276,-1.989761205,0.291617301,-0.210762255,0.113959433,0.089645602,0.009340695,-0.002725897
1.060000000,-2.115766636,-2.079266328,0.295526976,-0.216201357,-1.999237453,-1.988520534,0.304210268,-0.219129014,0.116529183,0.090745794,0.008683292,-0.002927656
1.100000000,-2.119206583,-2.079008423,0.309429221,-0.227996386,-1.999223219,-1.986826416,0.321212119,-0.230292613,0.119983364,0.092182007,0.011782897,-0.002296226
1.130000000,-2.121816252,-2.078770035,0.326528941,-0.233778599,-1.999211852,-1.985544976,0.334111965,-0.238669840,0.122604400,0.093225060,0.007583024,-0.004891242
1.160000000,-2.124452399,-2.078484251,0.340382672,-0.242336099,-1.999192196,-1.984282309,0.347156601,-0.247053546,0.125260203,0.094201942,0.006773929,-0.004717448
1.200000000,-2.128010917,-2.078014070,0.357474235,-0.254750711,-1.999160963,-1.982656350,0.364731299,-0.258238357,0.128849954,0.095357720,0.007257064,-0.003487646
1.230000000,-2.130713956,-2.077587855,0.368959735,-0.264047397,-1.999145928,-1.981490073,0.378043527,-0.266627182,0.131568028,0.096097782,0.009083793,-0.002579785
1.260000000,-2.133442105,-2.077115332,0.383046326,-0.272789897,-1.999143609,-1.980379988,0.391474492,-0.275006653,0.134298496,0.096735345,0.008428167,-0.002216756
1.300000000,-2.137110173,-2.076386212,0.409788629,-0.286248596,-1.999141063,-1.978973599,0.409534802,-0.286180662,0.137969109,0.097412613,-0.000253827,0.000067934
1.330000000,-2.139892588,-2.075790762,0.429642043,-0.295613435,-1.999131500,-1.977969886,0.423184647,-0.294568626,0.140761088,0.097820876,-0.006457397,0.001044809
1.360000000,-2.142704089,-2.075149951,0.445069916,-0.304060935,-1.999119157,-1.977007788,0.436934630,-0.302957451,0.143584932,0.098142164,-0.008135286,0.001103484
1.400000000,-2.146481767,-2.074207255,0.460885731,-0.314821498,-1.999106017,-1.975768963,0.455390894,-0.314138245,0.147375750,0.098438292,-0.005494837,0.000683253
1.430000000,-2.149332555,-2.073444860,0.479346399,-0.322184377,-1.999091098,-1.974870254,0.469320534,-0.322524275,0.150241457,0.098574606,-0.010025865,-0.000339898
1.460000000,-2.152206003,-2.072643584,0.495114853,-0.330766877,-1.999058631,-1.974001326,0.483332454,-0.330913878,0.153147372,0.098642259,-0.011782399,-0.000147001
1.500000000,-2.043933741,-2.102852778,0.514686697,-0.341173087,-1.998994244,-1.972876465,0.502115109,-0.342101315,0.044939497,0.129976312,-0.012571587,-0.000928228
1.530000000,-2.045435557,-2.102325680,0.525875577,-0.349962424,-1.998938015,-1.972052304,0.516275567,-0.350490329,0.046497542,0.130273376,-0.009600009,-0.000527905
1.560000000,-2.046951755,-2.101748160,0.541587189,-0.358697424,-1.998872033,-1.971244875,0.530503680,-0.358877753,0.048079722,0.130503285,-0.011083509,-0.000180329
1.600000000,-2.049001582,-2.100891647,0.548056893,-0.369673955,-1.998758378,-1.970192387,0.549562543,-0.370062598,0.050243205,0.130699259,0.001505650,-0.000388643
1.630000000,-2.050546808,-2.100194649,0.569434207,-0.377534130,-1.998656711,-1.969419928,0.563915641,-0.378451664,0.051890097,0.130774721,-0.005518566,-0.000917534
1.660000000,-2.052103314,-2.099446656,0.584888544,-0.385966630,-1.998553488,-1.968660204,0.578329614,-0.386838886,0.053549825,0.130786452,-0.006558930,-0.000872255
1.700000000,-2.054197562,-2.098352565,0.602835250,-0.397395185,-1.998417761,-1.967664809,0.597619420,-0.398020878,0.055779801,0.130687756,-0.005215830,-0.000625693
1.730000000,-2.055792188,-2.097478052,0.609624120,-0.406422694,-1.998305836,-1.966936267,0.612142223,-0.406408418,0.057486352,0.130541785,0.002518103,0.000014275
1.760000000,-2.057402332,-2.096543311,0.624596918,-0.414752694,-1.998176294,-1.966227294,0.626712013,-0.414798485,0.059226038,0.130316017,0.002115095,-0.000045791
1.800000000,-2.059575110,-2.095203392,0.642739704,-0.426731008,-1.997994312,-1.965298227,0.646202630,-0.425985798,0.061580798,0.129905165,0.003462926,0.000745210
1.830000000,-2.061213901,-2.094121248,0.659803185,-0.435208386,-1.997858061,-1.964607699,0.660863336,-0.434376121,0.063355841,0.129513549,0.001060151,0.000832265
1.860000000,-2.062865340,-2.092979517,0.675075668,-0.443668386,-1.997712519,-1.963924785,0.675565914,-0.442767059,0.065152821,0.129054732,0.000490246,0.000901326
1.900000000,-2.065104873,-2.091359905,0.686483166,-0.455929737,-1.997490216,-1.963028617,0.695220148,-0.453954969,0.067614657,0.128331288,0.008736982,0.001974768
1.930000000,-2.066793749,-2.090074633,0.697690990,-0.463347207,-1.997306879,-1.962363558,0.709996089,-0.462345510,0.069486870,0.127711076,0.012305099,0.001001698
1.960000000,-2.068489167,-2.088739171,0.712330828,-0.471829707,-1.997119117,-1.961698262,0.724807170,-0.470737002,0.071370049,0.127040909,0.012476342,0.001092705
2.000000000,-2.126305859,-2.046945960,0.736602270,-0.484198878,-1.996857707,-1.960812099,0.744594815,-0.481926967,0.129448151,0.086133861,0.007992545,0.002271910
2.030000000,-2.128670087,-2.045019669,0.750740702,-0.491779411,-1.996641297,-1.960153684,0.759467290,-0.490318964,0.132028790,0.084865984,0.008726588,0.001460448
2.060000000,-2.131047698,-2.043033523,0.765859245,-0.500674411,-1.996402879,-1.959501873,0.774366128,-0.498710300,0.134644819,0.083531650,0.008506883,0.001964111
2.100000000,-2.134241823,-2.040285622,0.786159820,-0.511679239,-1.996070412,-1.958633870,0.794269925,-0.509899886,0.138171411,0.081651753,0.008110104,0.001779353
2.130000000,-2.136654422,-2.038151344,0.797525295,-0.519949328,-1.995810311,-1.957984367,0.809220411,-0.518293376,0.140844110,0.080166977,0.011695116,0.001655953
2.160000000,-2.139074928,-2.035950691,0.812586304,-0.528569328,-1.995525291,-1.957345886,0.824198376,-0.526686766,0.143549637,0.078604805,0.011612072,0.001882563
2.200000000,-2.142302355,-2.032944089,0.835283813,-0.539697341,-1.995105462,-1.956515182,0.844197218,-0.537876745,0.147196893,0.076428907,0.008913404,0.001820597
2.230000000,-2.144723090,-2.030637403,0.855920103,-0.547354233,-1.994771750,-1.955902032,0.859221207,-0.546269446,0.149951339,0.074735371,0.003301104,0.001084787
2.260000000,-2.147149372,-2.028277321,0.871777015,-0.555871733,-1.994427944,-1.955293813,0.874264073,-0.554662938,0.152721428,0.072983508,0.002487057,0.001208795
2.300000000,-2.150386882,-2.025032655,0.885668462,-0.566857782,-1.993940878,-1.954498384,0.894348924,-0.565854073,0.156446004,0.070534271,0.008680462,0.001003710
2.330000000,-2.152828590,-2.022522068,0.904280052,-0.576127154,-1.993543651,-1.953919656,0.909430146,-0.574246417,0.159284939,0.068602411,0.005150094,0.001880737
2.360000000,-2.155274243,-2.019961860,0.920049103,-0.584732154,-1.993120574,-1.953354638,0.924528188,-0.582638237,0.162153669,0.066607222,0.004479085,0.002093917
2.400000000,-2.158533712,-2.016458115,0.953872607,-0.596461875,-1.992537681,-1.952609142,0.944681419,-0.593828893,0.165996031,0.063848972,-0.009191188,0.002632983
2.430000000,-2.160999311,-2.013761130,0.967238380,-0.606526695,-1.992082211,-1.952058560,0.959810083,-0.602222710,0.168917100,0.061702570,-0.007428297,0.004303985
2.460000000,-2.163475901,-2.011015532,0.983816586,-0.615386695,-1.991594206,-1.951526131,0.974955452,-0.610615577,0.171881696,0.059489401,-0.008861134,0.004771117
2.500000000,-2.110355219,-2.005704378,0.998870876,-0.627317386,-1.990901367,-1.950839776,0.995163853,-0.621804740,0.119453852,0.054864602,-0.003707023,0.005512646
2.530000000,-2.112216715,-2.002781771,1.011606654,-0.635662394,-1.990361766,-1.950334611,1.010335441,-0.630196765,0.121854949,0.052447160,-0.001271213,0.005465629
2.560000000,-2.114090410,-1.999809862,1.027622097,-0.644219894,-1.989805102,-1.949837254,1.025516118,-0.638587057,0.124285307,0.049972608,-0.002105979,0.005632838
2.600000000,-2.116614269,-1.995761045,1.042210038,-0.654679597,-1.989025289,-1.949199915,1.045775407,-0.649773663,0.127588980,0.046561130,0.003565369,0.004905934
2.630000000,-2.118510062,-1.992646702,1.052430447,-0.662662754,-1.988411626,-1.948749257,1.060977472,-0.658163029,0.130098436,0.043897445,0.008547025,0.004499725
2.660000000,-2.120396882,-1.989468700,1.067787153,-0.671005254,-1.987786745,-1.948325486,1.076191915,-0.666549967,0.132610137,0.041143214,0.008404762,0.004455287
2.700000000,-2.122913246,-1.985153215,1.093752781,-0.682583665,-1.986956086,-1.947798926,1.096487854,-0.677727632,0.135957159,0.037354289,0.002735073,0.004856033
2.730000000,-2.124801558,-1.981841634,1.113652131,-0.690954947,-1.986329282,-1.947443455,1.111719951,-0.686110197,0.138472277,0.034398179,-0.001932180,0.004844750
2.760000000,-2.126683706,-1.978474239,1.129855749,-0.699474947,-1.985688916,-1.947136953,1.126959599,-0.694499848,0.140994789,0.031337287,-0.002896150,0.004975099
2.800000000,-2.129189212,-1.973910684,1.140576388,-0.711119687,-1.984825399,-1.946783422,1.147289279,-0.705690098,0.144363813,0.027127262,0.006712891,0.005429589
2.830000000,-2.131067738,-1.970428563,1.158929880,-0.719412159,-1.984179067,-1.946548847,1.162544642,-0.714079441,0.146888671,0.023879716,0.003614762,0.005332718
2.860000000,-2.132941434,-1.966881650,1.174776574,-0.728087159,-1.983528323,-1.946345348,1.177805465,-0.722467613,0.149413111,0.020536302,0.003028891,0.005619546
2.900000000,-2.135449358,-1.962062800,1.196873005,-0.739167842,-1.982635768,-1.946127191,1.198164438,-0.733656549,0.152813589,0.015935610,0.001291433,0.005511293
2.930000000,-2.137334447,-1.958386025,1.212234752,-0.747358548,-1.981947277,-1.946001448,1.213437255,-0.742050284,0.155387169,0.012384577,0.001202502,0.005308264
2.960000000,-2.139210245,-1.954663408,1.219964397,-0.755973548,-1.981250964,-1.945901362,1.228718706,-0.750442277,0.157959280,0.008762046,0.008754309,0.005531272
3.000000000,-2.080540907,-2.096491588,1.245280828,-0.767096364,-1.980312863,-1.945799225,1.249096848,-0.761629829,0.100228044,0.150692364,0.003816020,0.005466535
3.030000000,-2.081729977,-2.094284133,1.260468305,-0.775331809,-1.979590884,-1.945755338,1.264387941,-0.770022148,0.102139094,0.148528795,0.003919636,0.005309661
3.060000000,-2.082907818,-2.092009016,1.269721592,-0.783756809,-1.978844403,-1.945748542,1.279681493,-0.778413982,0.104063415,0.146260474,0.009959901,0.005342827
3.100000000,-2.084452368,-2.088904037,1.293945105,-0.795893394,-1.977830799,-1.945766577,1.300083133,-0.789600692,0.106621569,0.143137459,0.006138028,0.006292701
3.130000000,-2.085608404,-2.086511305,1.309661051,-0.803003073,-1.977063451,-1.945780779,1.315390501,-0.797990000,0.108544953,0.140730526,0.005729450,0.005013073
3.160000000,-2.086764915,-2.084062342,1.325127178,-0.811538073,-1.976276167,-1.945786709,1.330701154,-0.806378243,0.110488749,0.138275633,0.005573976,0.005159831
3.200000000,-2.088326542,-2.080688591,1.343642558,-0.821943646,-1.975172453,-1.945784726,1.351121872,-0.817555431,0.113154089,0.134903866,0.007479315,0.004388214
3.230000000,-2.089493436,-2.078106132,1.360151222,-0.831215440,-1.974300516,-1.945769636,1.366437487,-0.825931244,0.115192920,0.132336496,0.006286265,0.005284196
3.260000000,-2.090634978,-2.075467643,1.367369050,-0.839717940,-1.973394838,-1.945727310,1.381758256,-0.834313550,0.117240140,0.129740333,0.014389206,0.005404390
3.300000000,-2.092130209,-2.071857345,1.388504328,-0.851536722,-1.972147705,-1.945635034,1.402185069,-0.845503343,0.119982504,0.126222311,0.013680741,0.006033379
3.330000000,-2.093228465,-2.069082391,1.403804351,-0.859722773,-1.971177035,-1.945551816,1.417509654,-0.853894197,0.122051430,0.123530575,0.013705303,0.005828575
3.360000000,-2.094312472,-2.066243239,1.421011115,-0.868552773,-1.970170889,-1.945463186,1.432832481,-0.862279076,0.124141584,0.120780054,0.011821366,0.006273697
3.400000000,-2.095747957,-2.062372629,1.444252302,-0.879470841,-1.968800239,-1.945327019,1.453267776,-0.873462829,0.126947718,0.117045610,0.009015474,0.006008011
3.430000000,-2.096812482,-2.059399988,1.459771128,-0.886970364,-1.967759195,-1.945206644,1.468594276,-0.881856620,0.129053287,0.114193344,0.008823147,0.005113744
3.460000000,-2.097863577,-2.056356027,1.473112679,-0.895542864,-1.966701057,-1.945078361,1.483923821,-0.890250447,0.131162520,0.111277667,0.010811142,0.005292417
3.500000000,-2.083895448,-2.006341638,1.486046766,-0.906773849,-1.965260714,-1.944911563,1.504364452,-0.901437396,0.118634734,0.061430074,0.018317687,0.005336453
3.530000000,-2.084719834,-2.002655823,1.501514690,-0.914635164,-1.964165270,-1.944785066,1.519696057,-0.909827857,0.120554564,0.057870757,0.018181366,0.004807308
3.560000000,-2.085529522,-1.998925521,1.509991059,-0.923097664,-1.963066500,-1.944646861,1.535030973,-0.918223354,0.122463022,0.054278660,0.025039915,0.004874310
3.600000000,-2.086598998,-1.993839454,1.532656959,-0.933610805,-1.961597312,-1.944458194,1.555478725,-0.929417296,0.125001687,0.049381260,0.022821766,0.004193509
3.630000000,-2.087395394,-1.989953741,1.548130656,-0.942355830,-1.960489025,-1.944331469,1.570819044,-0.937811740,0.126906369,0.045622272,0.022688388,0.004544090
3.660000000,-2.088170007,-1.986005431,1.564134177,-0.951065830,-1.959383598,-1.944228930,1.586157702,-0.946205216,0.128786409,0.041776502,0.022023525,0.004860614
3.700000000,-2.089174589,-1.980671899,1.577141846,-0.963483224,-1.957940051,-1.944115897,1.606615411,-0.957393435,0.131234538,0.036556002,0.029473565,0.006089789
3.730000000,-2.089907703,-1.976603137,1.592127587,-0.972354508,-1.956888281,-1.944049090,1.621957760,-0.965777686,0.133019422,0.032554047,0.029830173,0.006576823
3.760000000,-2.090625459,-1.972453668,1.625991007,-0.980757008,-1.955861400,-1.944014294,1.637304753,-0.974163323,0.134764060,0.028439374,0.011313746,0.006593685
3.800000000,-2.091543107,-1.966830279,1.658493493,-0.991377140,-1.954518727,-1.944019035,1.657766349,-0.985355658,0.137024380,0.022811243,-0.000727144,0.006021482
3.830000000,-2.092208216,-1.962558645,1.676263361,-1.000150933,-1.953536717,-1.944050099,1.673115609,-0.993750806,0.138671499,0.018508546,-0.003147751,0.006400127
3.860000000,-2.092861504,-1.958233324,1.693814628,-1.008743433,-1.952584488,-1.944096768,1.688464654,-1.002139542,0.140277016,0.014136556,-0.005349974,0.006603891
3.900000000,-2.093711124,-1.952357452,1.714849561,-1.020295599,-1.951343968,-1.944190392,1.708931875,-1.013324225,0.142367156,0.008167060,-0.005917686,0.006971374
3.930000000,-2.094337215,-1.947870206,1.731192958,-1.029195003,-1.950427049,-1.944294292,1.724283451,-1.021718414,0.143910165,0.003575914,-0.006909508,0.007476590
3.960000000,-2.094927214,-1.943323798,1.747714102,-1.037905003,-1.949525438,-1.944426147,1.739634973,-1.030114585,0.145401775,-0.001102349,-0.008079129,0.007790419
4.000000000,-2.128351849,-1.946625061,1.774226646,-1.049623094,-1.948353174,-1.944620463,1.760107021,-1.041303463,0.179998676,0.002004598,-0.014119625,0.008319631
4.030000000,-2.129293459,-1.942087575,1.791156948,-1.058285486,-1.947494083,-1.944781745,1.775459874,-1.049692828,0.181799376,-0.002694170,-0.015697074,0.008592658
4.060000000,-2.130219303,-1.937505871,1.797626432,-1.066732986,-1.946645264,-1.944972659,1.790816602,-1.058088402,0.183574039,-0.007466788,-0.006809830,0.008644583
4.100000000,-2.131416225,-1.931314040,1.820211683,-1.077050922,-1.945522541,-1.945265204,1.811289786,-1.069286059,0.185893684,-0.013951164,-0.008921896,0.007764863
4.130000000,-2.132292679,-1.926601610,1.837090935,-1.085399902,-1.944688834,-1.945497113,1.826648527,-1.077683069,0.187603845,-0.018895503,-0.010442408,0.007716832
4.160000000,-2.133147620,-1.921827175,1.851962863,-1.093889902,-1.943857257,-1.945731169,1.842005176,-1.086077458,0.189290363,-0.023903994,-0.009957687,0.007812443
4.200000000,-2.134270485,-1.915357578,1.870490033,-1.103761409,-1.942729619,-1.946058767,1.862485034,-1.097269525,0.191540866,-0.030701189,-0.008004999,0.006491884
4.230000000,-2.135100523,-1.910442788,1.887672970,-1.111880365,-1.941860795,-1.946321570,1.877843414,-1.105659771,0.193239728,-0.035878781,-0.009829557,0.006220595
4.260000000,-2.135912456,-1.905485215,1.901623926,-1.120177865,-1.940971953,-1.946590209,1.893203977,-1.114048592,0.194940503,-0.041104994,-0.008419950,0.006129273
4.300000000,-2.136980739,-1.898807441,1.914043112,-1.131359808,-1.939767470,-1.946943376,1.913683994,-1.125239214,0.197213269,-0.048135935,-0.000359118,0.006120594
4.330000000,-2.137772197,-1.893747236,1.929156206,-1.141151260,-1.938846958,-1.947213573,1.929044350,-1.133633821,0.198925240,-0.053466337,-0.000111856,0.007517440
4.360000000,-2.138535328,-1.888645141,1.944872573,-1.149761260,-1.937904353,-1.947504661,1.944405492,-1.142025628,0.200630974,-0.058859520,-0.000467081,0.007735632
4.400000000,-2.139505732,-1.881766566,1.959062271,-1.160461459,-1.936623795,-1.947914863,1.964885314,-1.153213634,0.202881938,-0.066148297,0.005823044,0.007247825
4.430000000,-2.140197076,-1.876554421,1.975435919,-1.168792465,-1.935652399,-1.948227269,1.980246850,-1.161606894,0.204544677,-0.071672848,0.004810931,0.007185571
4.460000000,-2.140871010,-1.871289995,1.994307094,-1.177282465,-1.934670255,-1.948546896,1.995605520,-1.170001642,0.206200754,-0.077256901,0.001298427,0.007280824
4.500000000,-2.122991774,-1.927344069,2.014870922,-1.188388823,-1.933338198,-1.949005037,2.016087232,-1.181192569,0.189653577,-0.021660967,0.001216310,0.007196254
4.530000000,-2.123374878,-1.922733670,2.030345705,-1.196911072,-1.932321925,-1.949375509,2.031445857,-1.189584118,0.191052953,-0.026641840,0.001100152,0.007326954
4.560000000,-2.123723876,-1.918076769,2.035265548,-1.205578572,-1.931294943,-1.949759352,2.046806532,-1.197976253,0.192428932,-0.031682583,0.011540984,0.007602318
4.600000000,-2.124154164,-1.911781012,2.053343731,-1.215885192,-1.929915228,-1.950281738,2.067281504,-1.209167619,0.194238936,-0.038500726,0.013937773,0.006717573
4.630000000,-2.124458169,-1.907004402,2.067801775,-1.223589839,-1.928869156,-1.950691239,2.082637361,-1.217560831,0.195589014,-0.043686837,0.014835586,0.006029008
4.660000000,-2.124733912,-1.902172283,2.070146366,-1.232089839,-1.927809146,-1.951126107,2.097989108,-1.225952762,0.196924767,-0.048953823,0.027842741,0.006137077
4.700000000,-2.125078759,-1.895666184,2.087057477,-1.242922527,-1.926382648,-1.951726040,2.118456631,-1.237142460,0.198696111,-0.056059856,0.031399154,0.005780067
4.730000000,-2.125301915,-1.890724067,2.101711668,-1.251275170,-1.925306108,-1.952183147,2.133803735,-1.245536316,0.199995807,-0.061459080,0.032092067,0.005738854
4.760000000,-2.125513722,-1.885719391,2.121258770,-1.259842670,-1.924220653,-1.952655962,2.149148935,-1.253930631,0.201293069,-0.066936571,0.027890164,0.005912039
4.800000000,-2.125757297,-1.878959870,2.148691215,-1.270226249,-1.922757263,-1.953323750,2.169606670,-1.265121565,0.203000033,-0.074363880,0.020915455,0.005104683
4.830000000,-2.125907734,-1.873846537,2.164610921,-1.278085761,-1.921649840,-1.953848514,2.184947162,-1.273514240,0.204257895,-0.080001977,0.020336240,0.004571521
4.860000000,-2.126024524,-1.868671806,2.181426662,-1.286640761,-1.920537361,-1.954384811,2.200287379,-1.281907764,0.205487162,-0.085713005,0.018860717,0.004732997
4.900000000,-2.126160061,-1.861698123,2.200305805,-1.297821404,-1.919046832,-1.955120376,2.220736134,-1.293099673,0.207113228,-0.093422254,0.020430329,0.004721731
4.930000000,-2.126227619,-1.856414379,2.216355032,-1.306212596,-1.917920275,-1.955700490,2.236073073,-1.301492955,0.208307344,-0.099286111,0.019718040,0.004719641
4.960000000,-2.126264042,-1.851085123,2.236112623,-1.314800096,-1.916785030,-1.956311769,2.251405618,-1.309885501,0.209479012,-0.105226646,0.015292994,0.004914595
5.000000000,-2.068482227,-1.920836016,2.255459720,-1.325464759,-1.915265296,-1.957151508,2.271850096,-1.321076124,0.153216931,-0.036315492,0.016390376,0.004388634
5.030000000,-2.067741055,-1.916340780,2.271029455,-1.333095274,-1.914122201,-1.957796707,2.287179658,-1.329468842,0.153618854,-0.041455927,0.016150203,0.003626432
5.060000000,-2.066958532,-1.911796628,2.286978143,-1.341467774,-1.912973070,-1.958470438,2.302511644,-1.337857911,0.153985462,-0.046673810,0.015533501,0.003609863
5.100000000,-2.065848162,-1.905657779,2.308916801,-1.353813088,-1.911435373,-1.959415860,2.322952381,-1.349043356,0.154412789,-0.053758081,0.014035580,0.004769732
5.130000000,-2.064980325,-1.901006821,2.325453996,-1.362313723,-1.910287816,-1.960149626,2.338285533,-1.357432083,0.154692509,-0.059142805,0.012831537,0.004881640
5.160000000,-2.064074733,-1.896300298,2.341541925,-1.370708723,-1.909160617,-1.960897661,2.353619641,-1.365818223,0.154914115,-0.064597363,0.012077717,0.004890501
5.200000000,-2.062813652,-1.889945399,2.364941499,-1.381795034,-1.907697145,-1.961930637,2.374068457,-1.376998993,0.155116507,-0.071985238,0.009126958,0.004796041
5.230000000,-2.061814121,-1.885120369,2.378459076,-1.389402989,-1.906632847,-1.962746290,2.389407174,-1.385392078,0.155181274,-0.077625920,0.010948098,0.004010911
5.260000000,-2.060785249,-1.880249242,2.394641081,-1.398142989,-1.905605919,-1.963598521,2.404745709,-1.393791090,0.155179331,-0.083349279,0.010104628,0.004351899
5.300000000,-2.059338702,-1.873697957,2.419645660,-1.409088354,-1.904289720,-1.964762452,2.425200824,-1.404981059,0.155048982,-0.091064495,0.005555164,0.004107295
5.330000000,-2.058214330,-1.868744289,2.441382301,-1.417371799,-1.903340037,-1.965657078,2.440540858,-1.413367492,0.154874293,-0.096912789,-0.000841443,0.004004308
5.360000000,-2.057057545,-1.863745314,2.458328770,-1.425801799,-1.902422200,-1.966589065,2.455884732,-1.421759057,0.154635345,-0.102843751,-0.002444038,0.004042742
5.400000000,-2.055483173,-1.857028594,2.477455514,-1.437806386,-1.901237024,-1.967883281,2.476340094,-1.432954828,0.154246149,-0.110854687,-0.001115420,0.004851558
5.430000000,-2.054262458,-1.851945740,2.494151271,-1.446213814,-1.900377326,-1.968878734,2.491684803,-1.441348932,0.153885133,-0.116932995,-0.002466469,0.004864882
5.460000000,-2.052999059,-1.846815892,2.508365140,-1.454723814,-1.899546096,-1.969892146,2.507026772,-1.449737723,0.153452963,-0.123076253,-0.001338369,0.004986091
5.500000000,-1.996406807,-1.942808485,2.524034253,-1.465847668,-1.898471526,-1.971286870,2.527486404,-1.460925303,0.097935282,-0.028478385,0.003452151,0.004922365
5.530000000,-1.994380057,-1.938841916,2.539621032,-1.474221261,-1.897688878,-1.972374317,2.542829780,-1.469322344,0.096691179,-0.033532401,0.003208748,0.004898917
5.560000000,-1.992322103,-1.934842943,2.555931065,-1.482643761,-1.896929827,-1.973492189,2.558173312,-1.477723936,0.095392275,-0.038649247,0.002242247,0.004919825
5.600000000,-1.989505272,-1.929433679,2.576428238,-1.493738885,-1.895954244,-1.975005005,2.578628674,-1.488920321,0.093551027,-0.045571326,0.002200437,0.004818564
5.630000000,-1.987347919,-1.925328173,2.592528148,-1.503126981,-1.895256501,-1.976160517,2.593967527,-1.497316242,0.092091418,-0.050832344,0.001439379,0.005810739
5.660000000,-1.985142038,-1.921159921,2.605936094,-1.511771981,-1.894604307,-1.977349095,2.609305432,-1.505719750,0.090537731,-0.056189174,0.003369338,0.006052231
5.700000000,-1.982151649,-1.915548522,2.622598194,-1.523044917,-1.893812531,-1.978972426,2.629751128,-1.516928682,0.088339118,-0.063423904,0.007152934,0.006116235
5.730000000,-1.979876101,-1.911289526,2.638890978,-1.531617029,-1.893284807,-1.980207056,2.645083836,-1.525327196,0.086591294,-0.068917531,0.006192858,0.006289833
5.760000000,-1.977551916,-1.906989279,2.652180604,-1.540522029,-1.892826356,-1.981457887,2.660410963,-1.533714678,0.084725560,-0.074468608,0.008230359,0.006807351
5.800000000,-1.974382006,-1.901197974,2.678149235,-1.552407538,-1.892305632,-1.983163581,2.680845846,-1.544905788,0.082076375,-0.081965607,0.002696611,0.007501750
5.830000000,-1.971964311,-1.896810452,2.696550432,-1.559800408,-1.891980650,-1.984473062,2.696166839,-1.553308869,0.079983661,-0.087662611,-0.000383593,0.006491539
5.860000000,-1.969506003,-1.892387194,2.712985670,-1.568237908,-1.891718473,-1.985799948,2.711487502,-1.561707267,0.077787530,-0.093412754,-0.001498169,0.006530641
5.900000000,-1.966167851,-1.886425173,2.733447630,-1.579018836,-1.891448873,-1.987584584,2.731909108,-1.572892287,0.074718978,-0.101159411,-0.001538523,0.006126549
5.930000000,-1.963608163,-1.881904878,2.750072269,-1.587348927,-1.891304465,-1.988943884,2.747224386,-1.581282059,0.072303698,-0.107039006,-0.002847883,0.006066868
5.960000000,-1.960988452,-1.877332712,2.766552727,-1.595708927,-1.891215825,-1.990332531,2.762535570,-1.589681139,0.069772627,-0.112999818,-0.004017157,0.006027788
6.000000000,-2.001304548,-1.906291432,2.787959655,-1.607634379,-1.891169561,-1.992210606,2.782947980,-1.600879765,0.110134987,-0.085919174,-0.005011675,0.006754614
6.030000000,-1.999125297,-1.902041412,2.806433050,-1.616573720,-1.891187195,-1.993629559,2.798254741,-1.609271073,0.107938102,-0.091588147,-0.008178309,0.007302647
6.060000000,-1.996905268,-1.897746660,2.816963823,-1.625073720,-1.891255567,-1.995064346,2.813560114,-1.617663533,0.105649701,-0.097317686,-0.003403709,0.007410187
6.100000000,-1.993886274,-1.891932231,2.834060470,-1.637642334,-1.891409090,-1.997012331,2.833967143,-1.628864187,0.102477183,-0.105080100,-0.000093327,0.008778147
6.130000000,-1.991580998,-1.887536106,2.850447880,-1.646953601,-1.891562976,-1.998494000,2.849270942,-1.637268442,0.100018023,-0.110957894,-0.001176938,0.009685159
6.160000000,-1.989235797,-1.883105377,2.854495025,-1.655721101,-1.891742309,-1.999981511,2.864577129,-1.645668885,0.097493488,-0.116876134,0.010082104,0.010052216
6.200000000,-1.986039494,-1.877131896,2.876587524,-1.667363665,-1.891999201,-2.001975569,2.884983866,-1.656865483,0.094040293,-0.124843673,0.008396341,0.010498182
6.230000000,-1.983573841,-1.872603633,2.892000588,-1.676619067,-1.892198762,-2.003492681,2.900292189,-1.665263462,0.091375080,-0.130889048,0.008291601,0.011355606
6.260000000,-1.981058850,-1.868038818,2.912575248,-1.684791567,-1.892400948,-2.005034872,2.915598240,-1.673659290,0.088657902,-0.136996053,0.003022992,0.011132277
6.300000000,-1.977607639,-1.861906500,2.936170836,-1.695728305,-1.892670746,-2.007105683,2.936010382,-1.684851805,0.084936893,-0.145199183,-0.000160454,0.010876501
6.330000000,-1.974954485,-1.857271670,2.951524887,-1.703112645,-1.892873171,-2.008664442,2.951317742,-1.693246278,0.082081314,-0.151392773,-0.000207145,0.009866367
6.360000000,-1.972255254,-1.852608851,2.974434868,-1.711505145,-1.893078295,-2.010241111,2.966627895,-1.701640694,0.079176959,-0.157632260,-0.007806973,0.009864451
6.400000000,-1.968570058,-1.846337776,2.999408003,-1.723141530,-1.893358661,-2.012378731,2.987040021,-1.712833518,0.075211397,-0.166040955,-0.012367982,0.010308013
6.430000000,-1.965742301,-1.841594176,3.016602453,-1.730873691,-1.893573975,-2.013999523,3.002350511,-1.721228122,0.072168326,-0.172405347,-0.014251942,0.009645570
6.460000000,-1.962874732,-1.836834440,3.022977347,-1.739213691,-1.893793842,-2.015626293,3.017661043,-1.729621947,0.069080890,-0.178791853,-0.005316305,0.009591745
6.500000000,-1.981250129,-1.949153703,3.045068310,-1.751072227,-1.894096330,-2.017814628,3.038075418,-1.740812983,0.087153799,-0.068660925,-0.006992892,0.010259243
6.530000000,-1.978534882,-1.945787267,3.060567181,-1.759686375,-1.894333259,-2.019482705,3.053387334,-1.749207034,0.084201623,-0.073695437,-0.007179847,0.010479341
6.560000000,-1.975774698,-1.942397025,3.065930545,-1.767976375,-1.894581101,-2.021174510,3.068695679,-1.757602224,0.081193597,-0.078777485,0.002765133,0.010374151
6.600000000,-1.972010285,-1.937839180,3.081185972,-1.779018339,-1.894924516,-2.023439401,3.089108005,-1.768794602,0.077085768,-0.085600221,0.007922032,0.010223737
6.630000000,-1.969127964,-1.934383533,3.096151774,-1.787262657,-1.895192975,-2.025139612,3.104413934,-1.777187412,0.073934989,-0.090756079,0.008262159,0.010075245
6.660000000,-1.966176736,-1.930887655,3.109650881,-1.795870157,-1.895477348,-2.026850192,3.119720466,-1.785581180,0.070699388,-0.095962537,0.010069584,0.010288977
6.700000000,-1.962165075,-1.926158290,3.121818162,-1.806964316,-1.895883087,-2.029148570,3.140123331,-1.796775894,0.066281988,-0.102990280,0.018305169,0.010188422
6.730000000,-1.959112747,-1.922563421,3.131764737,-1.814688615,-1.896207727,-2.030875578,3.155424106,-1.805171780,0.062905020,-0.108312158,0.023659369,0.009516835
6.760000000,-1.956016375,-1.918938284,3.146203132,-1.823281115,-1.896553034,-2.032596613,3.170720597,-1.813564206,0.059463341,-0.113658330,0.024517465,0.009716909
6.800000000,-1.951794697,-1.914084438,3.169016923,-1.834754169,-1.897045906,-2.034892816,3.191113246,-1.824753378,0.054748791,-0.120808378,0.022096323,0.010000792
6.830000000,-1.948562732,-1.910414735,3.189433240,-1.842666741,-1.897443251,-2.036623477,3.206404875,-1.833148670,0.051119481,-0.126208742,0.016971635,0.009518071
6.860000000,-1.945265150,-1.906723517,3.204706433,-1.850971741,-1.897868402,-2.038356706,3.221693685,-1.841545333,0.047396749,-0.131633189,0.016987252,0.009426408
6.900000000,-1.940797654,-1.901760699,3.230547660,-1.861769964,-1.898470411,-2.040656263,3.242076839,-1.852735703,0.042327243,-0.138895564,0.011529179,0.009034261
6.930000000,-1.937375986,-1.897999033,3.249442956,-1.869631662,-1.898950077,-2.042374422,3.257361094,-1.861125723,0.038425909,-0.144375388,0.007918137,0.008505940
6.960000000,-1.933900593,-1.894192615,3.265448660,-1.878194162,-1.899462438,-2.044096865,3.272645388,-1.869519219,0.034438156,-0.149904250,0.007196728,0.008674943
7.000000000,-1.967695164,-2.022236958,3.291866419,-1.889782597,-1.900190529,-2.046397718,3.293019528,-1.880714921,0.067504635,-0.024160759,0.001153109,0.009067676
7.030000000,-1.964560137,-2.020037080,3.307764084,-1.898857099,-1.900768260,-2.048116443,3.308300150,-1.889108792,0.063791876,-0.028079363,0.000536066,0.009748306
7.060000000,-1.961374209,-2.017790583,3.324227403,-1.907464599,-1.901377721,-2.049824790,3.323578984,-1.897497577,0.059996489,-0.032034207,-0.000648420,0.009967021
7.100000000,-1.957033078,-2.014760622,3.348418447,-1.918477100,-1.902238296,-2.052097683,3.343952204,-1.908687408,0.054794782,-0.037337061,-0.004466243,0.009789691
7.130000000,-1.953715213,-2.012461379,3.364937210,-1.926766801,-1.902921775,-2.053795804,3.359229040,-1.917084693,0.050793437,-0.041334425,-0.005708170,0.009682109
7.160000000,-1.950328849,-2.010146215,3.381711514,-1.935581801,-1.903642437,-2.055471196,3.374508111,-1.925478472,0.046686412,-0.045324982,-0.007203403,0.010103330
7.200000000,-1.945715830,-2.007023228,3.394526737,-1.946543894,-1.904655586,-2.057664064,3.394878241,-1.936660495,0.041060244,-0.050640836,0.000351503,0.009883399
7.230000000,-1.942186499,-2.004652283,3.409012758,-1.955337425,-1.905460765,-2.059284885,3.410158482,-1.945048502,0.036725735,-0.054632602,0.001145724,0.010288923
7.260000000,-1.938599025,-2.002270794,3.425128275,-1.963694925,-1.906316181,-2.060886933,3.425437607,-1.953446870,0.032282844,-0.058616139,0.000309331,0.010248055
7.300000000,-1.933710212,-1.999062599,3.452070772,-1.975002528,-1.907520186,-2.062982105,3.445811720,-1.964645206,0.026190026,-0.063919506,-0.006259052,0.010357322
7.330000000,-1.929965359,-1.996601174,3.457168474,-1.982440540,-1.908467960,-2.064512540,3.461092060,-1.973034321,0.021497399,-0.067911366,0.003923586,0.009406220
7.360000000,-1.926150728,-1.994102780,3.472993184,-1.990878040,-1.909463892,-2.066006407,3.476372865,-1.981420501,0.016686836,-0.071903626,0.003379682,0.009457540
7.400000000,-1.920975156,-1.990745154,3.492413722,-2.002289613,-1.910863410,-2.067961633,3.496748808,-1.992615857,0.010111746,-0.077216478,0.004335086,0.009673757
7.430000000,-1.917016051,-1.988204571,3.506456313,-2.011090857,-1.911965825,-2.069395517,3.512030115,-2.001018354,0.005050226,-0.081190947,0.005573802,0.010072503
7.460000000,-1.912977546,-1.985642449,3.522201723,-2.019620857,-1.913116019,-2.070783065,3.527313811,-2.009411565,-0.000138474,-0.085140616,0.005112088,0.010209292
7.500000000,-1.884095793,-2.064418658,3.544160350,-2.030267758,-1.914714699,-2.072571958,3.547690332,-2.020592163,-0.030618906,-0.008153300,0.003529981,0.009675595
7.530000000,-1.879626075,-2.062854795,3.557338234,-2.039473366,-1.915968020,-2.073877945,3.562975501,-2.028985060,-0.036341945,-0.011023150,0.005637268,0.010488306
7.560000000,-1.875102767,-2.061288529,3.573107612,-2.047813366,-1.917277400,-2.075149886,3.578259868,-2.037393002,-0.042174633,-0.013861357,0.005152257,0.010420364
7.600000000,-1.868977678,-2.059165176,3.594871228,-2.058582783,-1.919095165,-2.076780075,3.598643071,-2.048596196,-0.050117487,-0.017614899,0.003771843,0.009986587
7.630000000,-1.864303588,-2.057563777,3.611501877,-2.066282803,-1.920518356,-2.077942671,3.613928948,-2.056985217,-0.056214768,-0.020378894,0.002427071,0.009297586
7.660000000,-1.859565420,-2.055974175,3.617370459,-2.074880303,-1.922020950,-2.079045569,3.629216283,-2.065377402,-0.062455530,-0.023071393,0.011845824,0.009502901
7.700000000,-1.853166264,-2.053838121,3.639905732,-2.087152116,-1.924156191,-2.080433748,3.649596452,-2.076592940,-0.070989927,-0.026595628,0.009690721,0.010559176
7.730000000,-1.848286429,-2.052232685,3.653205013,-2.095676181,-1.925863799,-2.081399330,3.664880365,-2.085009179,-0.077577370,-0.029166645,0.011675352,0.010667001
7.760000000,-1.843348179,-2.050635542,3.668659577,-2.104411181,-1.927680869,-2.082273254,3.680162070,-2.093399885,-0.084332690,-0.031637711,0.011502494,0.011011295
7.800000000,-1.836657557,-2.048517439,3.688416162,-2.115448214,-1.930260464,-2.083318486,3.700533747,-2.104572730,-0.093602906,-0.034801047,0.012117585,0.010875484
7.830000000,-1.831548718,-2.046911399,3.700148778,-2.124226084,-1.932320817,-2.084019828,3.715810829,-2.112973668,-0.100772100,-0.037108428,0.015662051,0.011252415
7.860000000,-1.826358525,-2.045296711,3.715411077,-2.132913584,-1.934507187,-2.084635116,3.731083245,-2.121391322,-0.108148662,-0.039338404,0.015672168,0.011522262
7.900000000,-1.819334219,-2.043122311,3.739558496,-2.144369748,-1.937582227,-2.085324441,3.751444937,-2.132585970,-0.118248008,-0.042202129,0.011886441,0.011783778
7.930000000,-1.813985290,-2.041473777,3.758696393,-2.153129714,-1.940008401,-2.085742332,3.766711218,-2.140959261,-0.126023111,-0.044268555,0.008014826,0.012170453
7.960000000,-1.808570091,-2.039804426,3.774629823,-2.161522214,-1.942561347,-2.086071766,3.781977157,-2.149347135,-0.133991256,-0.046267340,0.007347334,0.012175080
8.000000000,-1.806814923,-2.044705416,3.789000732,-2.171863658,-1.946136008,-2.086396633,3.802324545,-2.160562025,-0.139321085,-0.041691217,0.013323813,0.011301633
8.030000000,-1.801317816,-2.043114712,3.804135992,-2.179848117,-1.948938969,-2.086545829,3.817583855,-2.168965089,-0.147621153,-0.043431118,0.013447862,0.010883028
8.060000000,-1.795746583,-2.041495444,3.819680563,-2.188438117,-1.951859310,-2.086595368,3.832837869,-2.177339693,-0.156112727,-0.045099924,0.013157306,0.011098424
8.100000000,-1.788209004,-2.039319244,3.841061281,-2.199062878,-1.955916726,-2.086541431,3.853174432,-2.188510900,-0.167707721,-0.047222188,0.012113151,0.010551978
8.130000000,-1.782472348,-2.037690326,3.855812036,-2.206948002,-1.959086585,-2.086418286,3.868422761,-2.196916183,-0.176614237,-0.048727960,0.012610725,0.010031819
8.160000000,-1.776673360,-2.036054787,3.871504420,-2.215410502,-1.962378346,-2.086207112,3.883668683,-2.205325831,-0.185704986,-0.050152325,0.012164264,0.010084671
8.200000000,-1.768864794,-2.033877943,3.893995428,-2.225865222,-1.966921178,-2.085798211,3.903992869,-2.216502540,-0.198056384,-0.051920268,0.009997441,0.009362683
8.230000000,-1.762939259,-2.032245140,3.910058467,-2.232195760,-1.970446634,-2.085401148,3.919232743,-2.224873082,-0.207507375,-0.053156007,0.009174276,0.007322678
8.260000000,-1.756939591,-2.030613926,3.926041478,-2.240660760,-1.974098078,-2.084925028,3.934470844,-2.233266124,-0.217158487,-0.054311102,0.008429366,0.007394636
8.300000000,-1.748811170,-2.028424966,3.952306508,-2.251760197,-1.979133450,-2.084183128,3.954781682,-2.244474654,-0.230322279,-0.055758162,0.002475174,0.007285544
8.330000000,-1.742619526,-2.026783642,3.970068583,-2.260791891,-1.983030448,-2.083538080,3.970012866,-2.252861875,-0.240410922,-0.056754438,-0.000055717,0.007930016
8.360000000,-1.736349282,-2.025154195,3.986577636,-2.269286891,-1.987050621,-2.082803684,3.985237911,-2.261228078,-0.250701339,-0.057649488,-0.001339725,0.008058813
8.400000000,-1.727856378,-2.022984191,4.006424134,-2.280630015,-1.992590149,-2.081718125,4.005535691,-2.272404734,-0.264733771,-0.058733934,-0.000888443,0.008225281
8.430000000,-1.721383801,-2.021353804,4.022862822,-2.288975235,-1.996883618,-2.080826972,4.020752974,-2.280812687,-0.275499817,-0.059473168,-0.002109848,0.008162549
8.460000000,-1.714839457,-2.019736191,4.039376467,-2.297470235,-2.001310679,-2.079851488,4.035968601,-2.289211464,-0.286471222,-0.060115297,-0.003407866,0.008258772
8.500000000,-1.777033185,-2.090479049,4.055454981,-2.308732103,-2.007387803,-2.078435708,4.056248818,-2.300373249,-0.230354617,0.012043341,0.000793836,0.008358854
8.530000000,-1.771186149,-2.089785304,4.066910866,-2.318401637,-2.012082740,-2.077296806,4.071456506,-2.308744926,-0.240896591,0.012488499,0.004545639,0.009656711
8.560000000,-1.765267004,-2.089098578,4.083086053,-2.327004137,-2.016921033,-2.076091151,4.086660504,-2.317148785,-0.251654030,0.013007428,0.003574451,0.009855351
8.600000000,-1.757269838,-2.088194974,4.110295130,-2.337712898,-2.023553373,-2.074388689,4.106929351,-2.328365617,-0.266283535,0.013806285,-0.003365779,0.009347281
8.630000000,-1.751183906,-2.087542118,4.126568510,-2.345981779,-2.028653341,-2.073032875,4.122130601,-2.336751875,-0.277469435,0.014509243,-0.004437909,0.009229904
8.660000000,-1.745014106,-2.086907567,4.143178469,-2.354396779,-2.033878278,-2.071601415,4.137328824,-2.345120486,-0.288864172,0.015306152,-0.005849644,0.009276293
8.700000000,-1.736658997,-2.086082139,4.159495539,-2.364613068,-2.041021460,-2.069607448,4.157593920,-2.356309291,-0.304362462,0.016474691,-0.001901619,0.008303777
8.730000000,-1.730296583,-2.085481493,4.173560875,-2.373363972,-2.046509600,-2.068049461,4.172788875,-2.364723512,-0.316213017,0.017432032,-0.000772000,0.008640459
8.760000000,-1.723870417,-2.084886263,4.189985966,-2.381743972,-2.052116710,-2.066420575,4.187985474,-2.373121221,-0.328246293,0.018465688,-0.002000492,0.008622751
8.800000000,-1.715167865,-2.084115867,4.213732192,-2.393113197,-2.059746127,-2.064153550,4.208243551,-2.384285591,-0.344578261,0.019962317,-0.005488642,0.008827606
8.830000000,-1.708534115,-2.083561737,4.219777618,-2.402132896,-2.065590498,-2.062391440,4.223438770,-2.392667255,-0.357056383,0.021170297,0.003661152,0.009465642
8.860000000,-1.701839447,-2.083022663,4.236027717,-2.410485396,-2.071561386,-2.060574285,4.238630902,-2.401076776,-0.369721939,0.022448378,0.002603185,0.009408620
8.900000000,-1.692815383,-2.082323712,4.259432684,-2.421974531,-2.079678230,-2.058069188,4.258888103,-2.412282829,-0.386862847,0.024254523,-0.000544582,0.009691702
8.930000000,-1.685953942,-2.081809820,4.277397863,-2.430281251,-2.085875582,-2.056124276,4.274079268,-2.420660144,-0.399921641,0.025685544,-0.003318596,0.009621107
8.960000000,-1.679012484,-2.081321609,4.293921816,-2.438808751,-2.092188995,-2.054120706,4.289270658,-2.429033839,-0.413176511,0.027200903,-0.004651157,0.009774912
9.000000000,-1.844091030,-2.149669145,4.306686030,-2.449326437,-2.100773378,-2.051383228,4.309524567,-2.440233684,-0.256682348,0.098285917,0.002838537,0.009092752
9.030000000,-1.839117799,-2.150073742,4.335347133,-2.457296135,-2.107332310,-2.049278019,4.324713092,-2.448644007,-0.268214511,0.100795723,-0.010634041,0.008652129
9.060000000,-1.834069816,-2.150497958,4.352140154,-2.465738635,-2.114000903,-2.047113082,4.339900629,-2.457035613,-0.279931088,0.103384877,-0.012239525,0.008703023
9.100000000,-1.827187490,-2.151092774,4.380241617,-2.476074477,-2.123034017,-2.044150813,4.360144684,-2.468216861,-0.295846526,0.106941961,-0.020096933,0.007857616
9.130000000,-1.821934915,-2.151547377,4.405583158,-2.485374539,-2.129912372,-2.041880939,4.375322939,-2.476616284,-0.307977458,0.109666438,-0.030260219,0.008758254
9.160000000,-1.816611387,-2.152034980,4.422995388,-2.493979539,-2.136879379,-2.039568764,4.390495394,-2.485024111,-0.320267992,0.112466216,-0.032499994,0.008955428
9.200000000,-1.809399312,-2.152731905,4.431559378,-2.505212955,-2.146258648,-2.036432572,4.410722108,-2.496218547,-0.336859336,0.116299333,-0.020837270,0.008994409
9.230000000,-1.803891614,-2.153286827,4.446256124,-2.513670964,-2.153350551,-2.034047095,4.425887991,-2.504604814,-0.349458937,0.119239732,-0.020368133,0.009066150
9.260000000,-1.798291590,-2.153864832,4.463252684,-2.522135964,-2.160498246,-2.031639720,4.441053946,-2.512997066,-0.362206655,0.122225112,-0.022198739,0.009138898
9.300000000,-1.790681929,-2.154677249,4.485657857,-2.533128096,-2.170094970,-2.028405540,4.461270711,-2.524195059,-0.379413041,0.126271709,-0.024387146,0.008933037
9.330000000,-1.784878101,-2.155319554,4.503824036,-2.541006143,-2.177331086,-2.025957086,4.476433719,-2.532589477,-0.392452986,0.129362468,-0.027390317,0.008416665
9.360000000,-1.778982257,-2.156001761,4.520984033,-2.549508643,-2.184598091,-2.023481893,4.491594068,-2.540975728,-0.405615834,0.132519868,-0.029389965,0.008532915
9.400000000,-1.770995414,-2.156937596,4.535596945,-2.560960711,-2.194334929,-2.020149368,4.511807661,-2.552160253,-0.423339515,0.136788228,-0.023789284,0.008800458
9.430000000,-1.764906480,-2.157674352,4.537518368,-2.568611956,-2.201676756,-2.017626289,4.526962064,-2.560557452,-0.436770276,0.140048063,-0.010556304,0.008054505
9.460000000,-1.758727481,-2.158438868,4.554090700,-2.577401956,-2.209051558,-2.015072194,4.542088247,-2.568957102,-0.450324077,0.143366674,-0.012002453,0.008444855
9.500000000,-1.919335859,-2.172230719,4.584530002,-2.588976133,-2.218918225,-2.011613313,4.562181832,-2.580145030,-0.299582367,0.160617406,-0.022348170,0.008831104
9.530000000,-1.915035676,-2.173229074,4.602198636,-2.597325397,-2.226346363,-2.008976883,4.577190315,-2.588531884,-0.311310686,0.164252191,-0.025008321,0.008793513
9.560000000,-1.910661137,-2.174261247,4.619041193,-2.605962897,-2.233811205,-2.006298831,4.592113322,-2.596932250,-0.323150068,0.167962416,-0.026927871,0.009030647
9.600000000,-1.904716468,-2.175696747,4.652738548,-2.617033738,-2.243803870,-2.002667068,4.611838091,-2.608147202,-0.339087402,0.173029679,-0.040900457,0.008886536
9.630000000,-1.900174848,-2.176818293,4.678508716,-2.625420952,-2.251307565,-1.999892687,4.626487999,-2.616552339,-0.351132717,0.176925606,-0.052020717,0.008868613
9.660000000,-1.895551770,-2.177971767,4.695755443,-2.634005952,-2.258801653,-1.997072670,4.640955723,-2.624942954,-0.363249883,0.180899097,-0.054799720,0.009062998
9.700000000,-1.889251576,-2.179569125,4.705385408,-2.646209290,-2.268778124,-1.993274810,4.659952146,-2.636130583,-0.379526547,0.186294315,-0.045433261,0.010078707
9.730000000,-1.884422108,-2.180805703,4.710723085,-2.654240180,-2.276245492,-1.990409980,4.673952765,-2.644526587,-0.391823384,0.190395723,-0.036770320,0.009713594
9.760000000,-1.879506845,-2.182073669,4.726741236,-2.662627680,-2.283679210,-1.987529896,4.687689643,-2.652921796,-0.404172365,0.194543773,-0.039051593,0.009705885
9.800000000,-1.872840885,-2.183794315,4.753407358,-2.672995526,-2.293521757,-1.983664322,4.705638079,-2.664111342,-0.420680871,0.200129993,-0.047769279,0.008884184
9.830000000,-1.867743017,-2.185138959,4.770190871,-2.682160072,-2.300852662,-1.980747833,4.718828730,-2.672503953,-0.433109644,0.204391126,-0.051362141,0.009656119
9.860000000,-1.862559808,-2.186526081,4.785765393,-2.690930072,-2.308141653,-1.977817146,4.731735396,-2.680900780,-0.445581845,0.208708935,-0.054029998,0.010029292
9.900000000,-1.855522237,-2.188430959,4.799737052,-2.702624539,-2.317797199,-1.973881528,4.748526669,-2.692101002,-0.462274962,0.214549431,-0.051210384,0.010523537
9.930000000,-1.850158167,-2.189908836,4.816961904,-2.711700325,-2.324978813,-1.970897692,4.760803074,-2.700499064,-0.474820645,0.219011144,-0.056158830,0.011201261
9.960000000,-1.844717182,-2.191419276,4.831619257,-2.720060325,-2.332098334,-1.967874325,4.772745935,-2.708892357,-0.487381152,0.223544951,-0.058873322,0.011167968
10.000000000,-2.036693358,-2.140153525,4.831691170,-2.731674963,-2.341525923,-1.963789360,4.788217589,-2.720089594,-0.304832565,0.176364165,-0.043473581,0.011585370
10.030000000,-2.033541729,-2.141084342,4.836690259,-2.740754787,-2.348552018,-1.960680792,4.799473797,-2.728495740,-0.315010290,0.180403550,-0.037216461,0.012259047
10.060000000,-2.030311619,-2.142066773,4.849686881,-2.749189787,-2.355521757,-1.957514923,4.810387810,-2.736893761,-0.325210138,0.184551850,-0.039299071,0.012296026
10.100000000,-2.025891003,-2.143448001,4.865939941,-2.760469187,-2.364719818,-1.953210592,4.824480760,-2.748077307,-0.338828815,0.190237410,-0.041459181,0.012391880
10.130000000,-2.022487647,-2.144530303,4.871362229,-2.768704873,-2.371538991,-1.949930471,4.834716137,-2.756453063,-0.349051344,0.194599832,-0.036646091,0.012251810
10.160000000,-2.019011377,-2.145651119,4.883264196,-2.777067373,-2.378266448,-1.946621170,4.844554547,-2.764789236,-0.359255071,0.199029950,-0.038709649,0.012278137
10.200000000,-2.014271987,-2.147196053,4.893826874,-2.788703428,-2.387055852,-1.942189185,4.857010204,-2.775834166,-0.372783864,0.205006868,-0.036816670,0.012869262
10.230000000,-2.010647466,-2.148410834,4.898787870,-2.796329671,-2.393446885,-1.938850646,4.865862795,-2.784084239,-0.382799419,0.209560188,-0.032925076,0.012245432
10.260000000,-2.006954468,-2.149676100,4.909098093,-2.804904671,-2.399578438,-1.935499289,4.874237810,-2.792341526,-0.392623970,0.214176811,-0.034860284,0.012563145
10.300000000,-2.001907775,-2.151438103,4.911930122,-2.815656823,-2.407388439,-1.931026285,4.884821190,-2.803335353,-0.405480664,0.220411818,-0.027108932,0.012321471
10.330000000,-1.998027334,-2.152829537,4.920859459,-2.823066307,-2.412958211,-1.927668038,4.892333802,-2.811546540,-0.414930877,0.225161499,-0.028525657,0.011519767
10.360000000,-1.994098519,-2.154273126,4.929720752,-2.831266307,-2.418187643,-1.924286169,4.899454289,-2.819764576,-0.424089123,0.229986957,-0.030266463,0.011501731
10.400000000,-1.988797146,-2.156275969,4.946663675,-2.842258999,-2.424638041,-1.919711324,4.908454034,-2.830772385,-0.435840895,0.236564645,-0.038209641,0.011486615
10.430000000,-1.984741847,-2.157838708,4.938631051,-2.850747088,-2.429075986,-1.916217605,4.914845719,-2.839044187,-0.444334139,0.241621103,-0.023785332,0.011702901
10.460000000,-1.980608460,-2.159449171,4.946258346,-2.858964588,-2.433117347,-1.912647728,4.920890900,-2.847314742,-0.452508886,0.246801443,-0.025367446,0.011649846
10.500000000,-2.107177791,-2.134462973,4.946133686,-2.870066143,-2.437931221,-1.907750849,4.928497197,-2.858364816,-0.330753431,0.226712124,-0.017636489,0.011701327
10.530000000,-2.104556013,-2.135853605,4.947650207,-2.878303467,-2.441064694,-1.903947489,4.933886908,-2.866668134,-0.336508681,0.231906116,-0.013763299,0.011635333
10.560000000,-2.101874580,-2.137289457,4.954018201,-2.886773467,-2.443701848,-1.899991807,4.938974482,-2.874973751,-0.341827268,0.237297651,-0.015043720,0.011799716
10.600000000,-2.098200001,-2.139275876,4.969289426,-2.897961079,-2.446565290,-1.894503435,4.945392172,-2.886068967,-0.348365290,0.244772442,-0.023897254,0.011892112
10.630000000,-2.095357706,-2.140838571,4.967899131,-2.905959418,-2.448204536,-1.890221152,4.949932480,-2.894415133,-0.352846829,0.250617420,-0.017966651,0.011544285
10.660000000,-2.092481953,-2.142456672,4.973640819,-2.914396918,-2.449279359,-1.885765486,4.954214034,-2.902762492,-0.356797406,0.256691186,-0.019426785,0.011634426
10.700000000,-2.088576706,-2.144698997,4.978405674,-2.926096781,-2.449920514,-1.879592894,4.959562099,-2.913873719,-0.361343809,0.265106103,-0.018843575,0.012223062
10.730000000,-2.085578854,-2.146449032,4.984337892,-2.934700880,-2.449816454,-1.874790814,4.963323874,-2.922220452,-0.364237601,0.271658218,-0.021014018,0.012480428
10.760000000,-2.082531760,-2.148247133,4.989397894,-2.943350880,-2.449129916,-1.869807202,4.966841985,-2.930608888,-0.366598156,0.278439931,-0.022555909,0.012741992
10.800000000,-2.078421998,-2.150728387,4.991357272,-2.954734533,-2.447383269,-1.862887990,4.971233612,-2.941805580,-0.368961271,0.287840397,-0.020123660,0.012928953
10.830000000,-2.075294126,-2.152664587,4.995066197,-2.963130636,-2.445419734,-1.857472453,4.974296833,-2.950163831,-0.370125608,0.295192134,-0.020769364,0.012966806
10.860000000,-2.072109756,-2.154666972,4.999490213,-2.971455636,-2.442809632,-1.851817188,4.977141129,-2.958511529,-0.370699876,0.302849784,-0.022349084,0.012944108
10.900000000,-2.067811088,-2.157436796,5.003523249,-2.982425822,-2.438487926,-1.843945057,4.980658412,-2.969735809,-0.370676838,0.313491739,-0.022864837,0.012690012
10.930000000,-2.064569795,-2.159592720,5.011820802,-2.990624297,-2.434594465,-1.837780352,4.983092165,-2.978196691,-0.370024670,0.321812369,-0.028728637,0.012427607
10.960000000,-2.061320949,-2.161829441,5.015958158,-2.999271797,-2.430007240,-1.831341452,4.985327788,-2.986592488,-0.368686291,0.330487989,-0.030630370,0.012679309
11.000000000,-2.246249259,-2.048224106,5.008354802,-3.010374492,-2.422965394,-1.822386160,4.988036267,-2.997721563,-0.176716134,0.225837946,-0.020318534,0.012652929
11.030000000,-2.245284613,-2.049170546,5.009478434,-3.018391350,-2.417011706,-1.815393882,4.989873357,-3.006126457,-0.171727093,0.233776664,-0.019605076,0.012264894
11.060000000,-2.244308207,-2.050182727,5.012802261,-3.026893850,-2.410381244,-1.808125604,4.991523973,-3.014597624,-0.166073037,0.242057124,-0.021278289,0.012296227
11.100000000,-2.243005726,-2.051636773,4.999732846,-3.037882043,-2.400577210,-1.798076166,4.993512348,-3.025823622,-0.157571484,0.253560608,-0.006220498,0.012058421
11.130000000,-2.242020861,-2.052789734,4.993472563,-3.046438855,-2.392479725,-1.790298018,4.994836292,-3.034157139,-0.150458864,0.262491716,0.001363730,0.012281716
11.160000000,-2.241009166,-2.053994328,4.995711660,-3.055046355,-2.383650414,-1.782331334,4.996013841,-3.042498389,-0.142641249,0.271662994,0.000302181,0.012547966
11.200000000,-2.239677623,-2.055689418,4.994703380,-3.066398844,-2.370912994,-1.771526163,4.997403208,-3.053683064,-0.131235371,0.284163255,0.002699829,0.012715780
11.230000000,-2.238691611,-2.057043100,4.984889856,-3.075181899,-2.360610828,-1.763312448,4.998327337,-3.062076525,-0.121919218,0.293730651,0.013437481,0.013105374
11.260000000,-2.237701887,-2.058470224,4.986503068,-3.083699399,-2.349533824,-1.755004055,4.999124805,-3.070453416,-0.111831937,0.303466169,0.012621737,0.013245983
11.300000000,-2.236381250,-2.060492272,4.983320187,-3.094724398,-2.333755889,-1.743806239,5.000013877,-3.081627674,-0.097374639,0.316686033,0.016693689,0.013096724
11.330000000,-2.235386190,-2.062108613,4.976422074,-3.103443449,-2.321191016,-1.735316867,5.000565354,-3.090041002,-0.085804827,0.326791746,0.024143280,0.013402447
11.360000000,-2.234418209,-2.063816830,4.977501868,-3.111978449,-2.307888846,-1.726731774,5.001005777,-3.098478596,-0.073470637,0.337085056,0.023503909,0.013499853
11.400000000,-2.233160980,-2.066219521,4.975431469,-3.123099045,-2.289134454,-1.715152207,5.001450902,-3.109687632,-0.055973474,0.351067314,0.026019433,0.013411412
11.430000000,-2.232249996,-2.068126719,4.990246414,-3.130954015,-2.274311520,-1.706368237,5.001675685,-3.118061142,-0.042061524,0.361758482,0.011429270,0.012892873
11.460000000,-2.231371796,-2.070117058,4.991593226,-3.139436515,-2.258766245,-1.697488249,5.001806737,-3.126462251,-0.027394449,0.372628810,0.010213512,0.012974264
11.500000000,-2.307585407,-1.936217544,5.001237121,3.132792356,-2.237090668,-1.685525889,5.001839747,-3.137717576,0.070494739,0.250691655,0.000602625,0.012675375
11.530000000,-2.307744008,-1.936724813,5.002299273,3.124470184,-2.220102993,-1.676465895,5.001755493,3.137041665,0.087641014,0.260258919,-0.000543780,0.012571481
11.560000000,-2.307931843,-1.937308894,5.003794567,3.116072684,-2.202379603,-1.667323468,5.001547941,3.128654829,0.105552240,0.269985426,-0.002246627,0.012582144
11.600000000,-2.308222939,-1.938210078,4.999718727,3.105389027,-2.177810035,-1.655043991,5.001119744,3.117457663,0.130412904,0.283166087,0.001401017,0.012068636
11.630000000,-2.308488884,-1.938955576,4.994632731,3.097710523,-2.158698885,-1.645794336,5.000683392,3.109021719,0.149789999,0.293161240,0.006050662,0.011311196
11.660000000,-2.308807636,-1.939759356,4.995612899,3.088880523,-2.138888191,-1.636549208,5.000154703,3.100578919,0.169919445,0.303210148,0.004541805,0.011698396
11.700000000,-2.309319131,-1.940931381,5.002131014,3.078173859,-2.111529848,-1.624284740,4.999338254,3.089328766,0.197789283,0.316646641,-0.002792760,0.011154907
11.730000000,-2.309754709,-1.941915458,4.998174000,3.070439027,-2.090331851,-1.615154489,4.998657872,3.080884037,0.219422858,0.326760969,0.000483872,0.010445010
11.760000000,-2.310233307,-1.942998743,4.999144005,3.061826527,-2.068495417,-1.606099714,4.997912740,3.072440563,0.241737890,0.336899028,-0.001231264,0.010614036
11.800000000,-2.310971188,-1.944566085,4.999674139,3.050530240,-2.038526822,-1.594123245,4.996826322,3.061190685,0.272444366,0.350442841,-0.002847817,0.010660445
11.830000000,-2.311598533,-1.945839325,4.997791699,3.042540748,-2.015395320,-1.585207721,4.995945895,3.052769729,0.296203213,0.360631604,-0.001845804,0.010228981
11.860000000,-2.312285668,-1.947212472,4.998646918,3.034003248,-1.991628614,-1.576350123,4.994995473,3.044371239,0.320657054,0.370862349,-0.003651445,0.010367990
11.900000000,-2.313280022,-1.949182910,4.977077962,3.022305533,-1.959152451,-1.564606037,4.993659290,3.033162359,0.354127571,0.384576873,0.016581327,0.010856827
11.930000000,-2.314098910,-1.950742611,4.976180728,3.014349035,-1.934218813,-1.555844944,4.992605963,3.024738541,0.379880097,0.394897667,0.016425234,0.010389506
11.960000000,-2.315004798,-1.952374181,4.976371060,3.005656535,-1.908691965,-1.547133910,4.991530063,3.016331699,0.406312832,0.405240271,0.015159004,0.010675164
12.000000000,-2.265676447,-1.869071108,4.971095122,2.993167282,-1.873878957,-1.535588978,4.990072753,3.005162381,0.391797491,0.333482130,0.018977631,0.011995100
12.030000000,-2.266112130,-1.869843880,4.967830336,2.984380420,-1.847226708,-1.526981083,4.988981269,2.996780523,0.418885422,0.342862797,0.021150934,0.012400103
12.060000000,-2.266627297,-1.870705378,4.967909197,2.975987920,-1.820066476,-1.518424410,4.987883623,2.988371998,0.446560820,0.352280968,0.019974426,0.012384078
12.100000000,-2.267458133,-1.871991687,4.966950333,2.965763367,-1.783161981,-1.507097747,4.986416492,2.977168718,0.484296152,0.364893940,0.019466159,0.011405350
12.130000000,-2.268188134,-1.873061016,4.976567982,2.956437313,-1.754961343,-1.498678372,4.985305926,2.968794464,0.513226791,0.374382644,0.008737944,0.012357151
12.160000000,-2.268976259,-1.874218959,4.977107706,2.947957313,-1.726277135,-1.490348856,4.984186067,2.960424052,0.542699124,0.383870102,0.007078361,0.012466739
12.200000000,-2.270171236,-1.875889822,4.975898232,2.937499638,-1.687450688,-1.479379030,4.982682015,2.949238606,0.582720548,0.396510792,0.006783784,0.011738968
12.230000000,-2.271180100,-1.877247318,4.976432835,2.929138225,-1.657902367,-1.471266084,4.981540618,2.940843464,0.613277733,0.405981235,0.005107783,0.011705239
12.260000000,-2.272292590,-1.878700704,4.977071251,2.920558225,-1.627914735,-1.463279688,4.980391918,2.932456068,0.644377855,0.415421016,0.003320667,0.011897842
12.300000000,-2.273932795,-1.880761886,4.975869764,2.910324510,-1.587380923,-1.452799513,4.978848326,2.921280364,0.686551872,0.427962373,0.002978563,0.010955853
12.330000000,-2.275283354,-1.882405294,4.970271390,2.901283154,-1.556611875,-1.445058982,4.977697238,2.912895205,0.718671479,0.437346312,0.007425848,0.011612051
12.360000000,-2.276746059,-1.884119428,4.970807307,2.892578154,-1.525497294,-1.437436096,4.976551370,2.904503634,0.751248765,0.446683332,0.005744063,0.011925480
12.400000000,-2.278865893,-1.886540857,4.982156421,2.881569392,-1.483533907,-1.427438418,4.975050379,2.893323834,0.795331986,0.459102439,-0.007106042,0.011754442
12.430000000,-2.280586546,-1.888456570,4.983763071,2.874387657,-1.451712242,-1.420066671,4.973936886,2.884950389,0.828874303,0.468389900,-0.009826185,0.010562731
12.460000000,-2.282413372,-1.890466195,4.984838703,2.865802657,-1.419589339,-1.412814457,4.972840555,2.876577379,0.862824032,0.477651737,-0.011998148,0.010774722
12.500000000,-2.016756316,-1.811305350,4.991335702,2.854779745,-1.376405464,-1.403298181,4.971380000,2.865402927,0.640350852,0.408007169,-0.019955702,0.010623182
12.530000000,-2.015533437,-1.812481071,4.988349073,2.846111215,-1.343748140,-1.396281157,4.970292851,2.857022418,0.671785297,0.416199915,-0.018056222,0.010911204
12.560000000,-2.014422015,-1.813728096,4.989649675,2.837663715,-1.310817806,-1.389389928,4.969208910,2.848651263,0.703604209,0.424338167,-0.020440765,0.010987549
12.600000000,-2.013121453,-1.815521197,4.990468030,2.825949777,-1.266598718,-1.380360017,4.967778659,2.837493778,0.746522735,0.435161181,-0.022689372,0.011544001
12.630000000,-2.012270972,-1.816968822,4.987812753,2.818559745,-1.233240874,-1.373697485,4.966727828,2.829119479,0.779030098,0.443271337,-0.021084925,0.010559734
12.660000000,-2.011539007,-1.818496028,4.989180916,2.810092245,-1.199698234,-1.367145793,4.965705840,2.820741534,0.811840773,0.451350235,-0.023475076,0.010649289
12.700000000,-2.010754986,-1.820660590,4.984165681,2.798964392,-1.154714454,-1.358567170,4.964389907,2.809580598,0.856040533,0.462093420,-0.019775775,0.010616207
12.730000000,-2.010293343,-1.822389678,4.989207382,2.791083990,-1.120802044,-1.352246871,4.963431281,2.801216271,0.889491298,0.470142808,-0.025776102,0.010132282
12.760000000,-2.009957623,-1.824205147,4.990738155,2.782573990,-1.086764059,-1.346026728,4.962517886,2.792848766,0.923193564,0.478178419,-0.028220269,0.010274777
12.800000000,-2.009710656,-1.826755670,4.986633117,2.771513586,-1.041239087,-1.337861630,4.961356290,2.781684899,0.968471568,0.488894040,-0.025276826,0.010171313
12.830000000,-2.009686044,-1.828769768,4.975686531,2.763676378,-1.006978657,-1.331840696,4.960534851,2.773315107,1.002707387,0.496929072,-0.015151681,0.009638729
12.860000000,-2.009795372,-1.830863478,4.976915705,2.755313878,-0.972608435,-1.325923006,4.959746525,2.764952678,1.037186937,0.504940472,-0.017169180,0.009638800
12.900000000,-2.010120156,-1.833806591,4.978822815,2.744373850,-0.926694952,-1.318151057,4.958763302,2.753800933,1.083425204,0.515655534,-0.020059514,0.009427082
12.930000000,-2.010515327,-1.836110974,4.984841741,2.735942114,-0.892224255,-1.312401180,4.958084007,2.745431094,1.118291072,0.523709794,-0.026757734,0.009488979
12.960000000,-2.011052362,-1.838493361,4.986512122,2.727467114,-0.857712548,-1.306734776,4.957470235,2.737060165,1.153339814,0.531758585,-0.029041886,0.009593051
13.000000000,-1.587526929,-1.641911290,4.981762096,2.716092620,-0.811636178,-1.299296020,4.956710688,2.725906310,0.775890751,0.342615270,-0.025051408,0.009813691
13.030000000,-1.583134645,-1.642025571,4.978835436,2.708522671,-0.777062665,-1.293793108,4.956177098,2.717541947,0.806071980,0.348232463,-0.022658338,0.009019276
13.060000000,-1.578868294,-1.642229044,4.980448341,2.699945171,-0.742515647,-1.288349130,4.955689729,2.709170593,0.836352648,0.353879913,-0.024758612,0.009225423
13.100000000,-1.573386150,-1.642626892,4.979199440,2.689766736,-0.696491859,-1.281173540,4.955117017,2.698006849,0.876894291,0.361453352,-0.024082423,0.008240113
13.130000000,-1.569452117,-1.643006794,4.977428380,2.680893618,-0.661990077,-1.275868628,4.954754502,2.689634214,0.907462040,0.367138165,-0.022673878,0.008740595
13.160000000,-1.565651296,-1.643456982,4.979149044,2.672338618,-0.627523597,-1.270645094,4.954441984,2.681257317,0.938127699,0.372811888,-0.024707061,0.008918698
13.200000000,-1.560754189,-1.644191131,4.981330698,2.662214017,-0.581680458,-1.263775386,4.954103517,2.670089136,0.979073731,0.380415745,-0.027227181,0.007875119
13.230000000,-1.557239530,-1.644828041,4.982753858,2.655138710,-0.547400939,-1.258693290,4.953902786,2.661721565,1.009838591,0.386134751,-0.028851072,0.006582855
13.260000000,-1.553879685,-1.645543005,4.984772648,2.646943710,-0.513209643,-1.253694154,4.953765885,2.653346301,1.040670042,0.391848851,-0.031006763,0.006402590
13.300000000,-1.549612635,-1.646620815,4.990045646,2.635497871,-0.467740323,-1.247139819,4.953640423,2.642159040,1.081872311,0.399480996,-0.036405223,0.006661168
13.330000000,-1.546546066,-1.647527221,4.991621990,2.627485715,-0.433759919,-1.242289021,4.953594306,2.633770630,1.112786147,0.405238200,-0.038027683,0.006284915
13.360000000,-1.543604726,-1.648510856,4.993957433,2.619033215,-0.399930717,-1.237484203,4.953586947,2.625396470,1.143674009,0.411026653,-0.040370487,0.006363255
13.400000000,-1.539873919,-1.649905861,4.998213309,2.608644774,-0.355009515,-1.231144306,4.953634334,2.614229699,1.184864403,0.418761555,-0.044578975,0.005584925
13.430000000,-1.537222175,-1.651038810,5.002642833,2.600682957,-0.321443319,-1.226443876,4.953703578,2.605843450,1.215778856,0.424594934,-0.048939255,0.005160493
13.460000000,-1.534691024,-1.652261263,5.005316207,2.592337957,-0.288023692,-1.221781463,4.953801387,2.597456310,1.246667332,0.430479799,-0.051514820,0.005118353
13.500000000,-1.132594961,-1.531373831,4.995846409,2.581218576,-0.243704992,-1.215583126,4.953974319,2.586285159,0.888889969,0.315790705,-0.041872090,0.005066583
13.530000000,-1.125445351,-1.531269252,4.991735137,2.572847927,-0.210645140,-1.210944865,4.954129871,2.577910218,0.914800210,0.320324387,-0.037605266,0.005062291
13.560000000,-1.118451380,-1.531255836,4.994063074,2.564262927,-0.177741954,-1.206326373,4.954325523,2.569528762,0.940709426,0.324929463,-0.039737552,0.005265835
13.600000000,-1.109302743,-1.531377503,5.010035051,2.553363238,-0.134091285,-1.200181446,4.954637611,2.558350346,0.975211457,0.331196057,-0.055397440,0.004987107
13.630000000,-1.102582298,-1.531557018,5.018948936,2.546778151,-0.101549063,-1.195559094,4.954925441,2.549969491,1.001033235,0.335997924,-0.064023494,0.003191339
13.660000000,-1.095995494,-1.531813412,5.022124580,2.538248151,-0.069214449,-1.190910958,4.955241608,2.541589142,1.026781045,0.340902454,-0.066882972,0.003340990
13.700000000,-1.087413763,-1.532281818,5.006919315,2.527009248,-0.026347177,-1.184694070,4.955684610,2.530411677,1.061066586,0.347587748,-0.051234705,0.003402429
13.730000000,-1.081119618,-1.532715364,5.004451370,2.519000330,0.005627158,-1.180017808,4.956005497,2.522027760,1.086746776,0.352697556,-0.048445873,0.003027429
13.760000000,-1.074943554,-1.533239968,5.007027138,2.510467830,0.037398630,-1.175303484,4.956338756,2.513645822,1.112342183,0.357936484,-0.050688382,0.003177992
13.800000000,-1.066897144,-1.534063725,5.009182490,2.498935055,0.079463958,-1.168939796,4.956827761,2.502465825,1.146361102,0.365123929,-0.052354729,0.003530769
13.830000000,-1.061012108,-1.534770584,4.995360275,2.489957337,0.110806191,-1.164114149,4.957241976,2.494078721,1.171818300,0.370656435,-0.038118299,0.004121384
13.860000000,-1.055240227,-1.535572945,4.997671511,2.481362337,0.141963243,-1.159244810,4.957689174,2.485697107,1.197203470,0.376328135,-0.039982337,0.004334770
13.900000000,-1.047756823,-1.536772990,5.003915398,2.470836950,0.183237183,-1.152668494,4.958311507,2.474526475,1.230994006,0.384104497,-0.045603892,0.003689525
13.930000000,-1.042291994,-1.537767435,5.003075661,2.462189651,0.213967318,-1.147649060,4.958810109,2.466140379,1.256259312,0.390118375,-0.044265552,0.003950728
13.960000000,-1.036972262,-1.538836009,5.005597080,2.453647151,0.244478296,-1.142540121,4.959333093,2.457745733,1.281450558,0.396295888,-0.046263988,0.004098582
14.000000000,-0.574836843,-1.407030769,4.992556285,2.442420460,0.284903469,-1.135628360,4.960054706,2.446565372,0.859740312,0.271402409,-0.032501579,0.004144912
14.030000000,-0.564194855,-1.406620052,4.985279503,2.435051147,0.315029921,-1.130363291,4.960598583,2.438192367,0.879224775,0.276256761,-0.024680920,0.003141220
14.060000000,-0.553694758,-1.406290766,4.987198043,2.426223647,0.344937220,-1.124987633,4.961166227,2.429810535,0.898631978,0.281303133,-0.026031816,0.003586888
14.100000000,-0.539905996,-1.405980647,4.981902030,2.414354543,0.384516862,-1.117659091,4.961960080,2.418612813,0.924422858,0.288321557,-0.019941950,0.004258270
14.130000000,-0.529748512,-1.405858285,4.980942823,2.406440932,0.414002383,-1.112055771,4.962603216,2.410219819,0.943750894,0.293802514,-0.018339607,0.003778887
14.160000000,-0.519725250,-1.405826994,4.982807790,2.397875932,0.443303002,-1.106351035,4.963276947,2.401847482,0.963028252,0.299475959,-0.019530843,0.003971551
14.200000000,-0.506552612,-1.405918063,4.983136751,2.386405167,0.482095531,-1.098576707,4.964217182,2.390678683,0.988648143,0.307341356,-0.018919569,0.004273516
14.230000000,-0.496822364,-1.406083402,4.969671930,2.378460981,0.510970223,-1.092605305,4.964944775,2.382278987,1.007792587,0.313478096,-0.004727155,0.003818007
14.260000000,-0.487219867,-1.406327303,4.971237835,2.369843481,0.539642528,-1.086509056,4.965698209,2.373876281,1.026862395,0.319818246,-0.005539626,0.004032801
14.300000000,-0.474612817,-1.406774958,4.985878670,2.357854906,0.577628342,-1.078239719,4.966726788,2.362700579,1.052241159,0.328535239,-0.019151883,0.004845673
14.330000000,-0.465304625,-1.407215225,4.977314302,2.348755039,0.605923416,-1.071920611,4.967523323,2.354325972,1.071228041,0.335294614,-0.009790979,0.005570933
14.360000000,-0.456117041,-1.407751489,4.979186793,2.340155039,0.634002188,-1.065459934,4.968338750,2.345931927,1.090119229,0.342291555,-0.010848043,0.005776888
14.400000000,-0.444046398,-1.408606954,4.976996700,2.329832507,0.671166989,-1.056664933,4.969422832,2.334725038,1.115213387,0.351942022,-0.007573868,0.004892531
14.430000000,-0.435145159,-1.409341201,4.979744535,2.321350622,0.698860053,-1.049952929,4.970245390,2.326335327,1.134005213,0.359388272,-0.009499145,0.004984705
14.460000000,-0.426358488,-1.410173331,4.981654064,2.312578122,0.726377351,-1.043123474,4.971070243,2.317964537,1.152735840,0.367049858,-0.010583821,0.005386415
14.500000000,-0.066435732,-1.295653550,4.985900441,2.300602328,0.762806411,-1.033823413,4.972191861,2.306783336,0.829242142,0.261830138,-0.013708581,0.006181009
14.530000000,-0.053623610,-1.295276671,4.994453953,2.293069782,0.789932538,-1.026695911,4.973036495,2.298373213,0.843556148,0.268580760,-0.021417459,0.005303431
14.560000000,-0.040954610,-1.294968834,4.996826405,2.284597282,0.816890037,-1.019437710,4.973893197,2.289972084,0.857844646,0.275531125,-0.022933207,0.005374803
14.600000000,-0.024255299,-1.294688811,4.994228385,2.273270120,0.852628996,-1.009598861,4.975026362,2.278807619,0.876884295,0.285089949,-0.019202023,0.005537499
14.630000000,-0.011860585,-1.294593757,4.993714849,2.264678542,0.879267668,-1.002079042,4.975868084,2.270433332,0.891128253,0.292514715,-0.017846765,0.005754790
14.660000000,0.000425107,-1.294593932,4.995985839,2.256203542,0.905730169,-0.994400153,4.976693933,2.262026563,0.905305061,0.300193779,-0.019291906,0.005823021
14.700000000,0.016621766,-1.294701991,5.001462223,2.244793444,0.940805908,-0.983973597,4.977789821,2.250813209,0.924184141,0.310728394,-0.023672401,0.006019765
14.730000000,0.028625416,-1.294872739,5.001694681,2.236112973,0.966977789,-0.976031491,4.978606446,2.242434211,0.938352372,0.318841247,-0.023088235,0.006321237
14.760000000,0.040511761,-1.295129761,5.004081806,2.227362973,0.993011749,-0.967954971,4.979410165,2.234069013,0.952499988,0.327174790,-0.024671640,0.006706039
14.800000000,0.056180751,-1.295615202,5.008778293,2.217225103,1.027522642,-0.956972565,4.980459883,2.222871211,0.971341891,0.338642636,-0.028318410,0.005646108
14.830000000,0.067780828,-1.296085430,5.013593102,2.208482782,1.053265628,-0.948580254,4.981224024,2.214447475,0.985484799,0.347505176,-0.032369078,0.005964693
14.860000000,0.079235725,-1.296630614,5.016205567,2.200187782,1.078896592,-0.940059031,4.981972262,2.206053342,0.999660868,0.356571583,-0.034233305,0.005865561
14.900000000,0.094332270,-1.297493201,5.012953732,2.188164331,1.112930523,-0.928524167,4.982927649,2.194903315,1.018598253,0.368969034,-0.030026083,0.006738984
14.930000000,0.105520103,-1.298271451,5.008080256,2.179838123,1.138338398,-0.919718338,4.983618190,2.186519346,1.032818295,0.378553113,-0.024462066,0.006681223
14.960000000,0.116592956,-1.299155789,5.010321200,2.171413123,1.163629433,-0.910749404,4.984272731,2.178091487,1.047036477,0.388406385,-0.026048469,0.006678364
15.000000000,0.517377423,-1.151878045,5.005667655,2.159234992,1.197228784,-0.898608700,4.985124543,2.166877522,0.679851360,0.253269345,-0.020543112,0.007642530
15.030000000,0.532914440,-1.151150774,5.006320312,2.151329593,1.222350814,-0.889379347,4.985743061,2.158515637,0.689436374,0.261771428,-0.020577251,0.007186044
15.060000000,0.548319581,-1.150515953,5.008389675,2.142942093,1.247386639,-0.880004737,4.986352081,2.150148731,0.699067058,0.270511217,-0.022037594,0.007206638
15.100000000,0.568670601,-1.149794964,5.018922037,2.132037131,1.280645048,-0.867290214,4.987140525,2.138922206,0.711974447,0.282504750,-0.031781512,0.006885076
15.130000000,0.583784253,-1.149346494,5.017869792,2.122702580,1.305512913,-0.857612917,4.987718536,2.130491618,0.721728660,0.291733577,-0.030151256,0.007789038
15.160000000,0.598778830,-1.148985992,5.020175040,2.114302580,1.330326092,-0.847823942,4.988273472,2.122115160,0.731547261,0.301162050,-0.031901569,0.007812580
15.200000000,0.618596597,-1.148654462,5.026192777,2.103322785,1.363331221,-0.834610399,4.988966209,2.110970730,0.744734625,0.314044064,-0.037226567,0.007647944
15.230000000,0.633336203,-1.148534589,5.035642704,2.094810090,1.388014112,-0.824558409,4.989453389,2.102567356,0.754677908,0.323976179,-0.046189315,0.007757267
15.260000000,0.647951318,-1.148502474,5.038313101,2.086140090,1.412633339,-0.814374778,4.989900721,2.094130793,0.764682021,0.334127695,-0.048412380,0.007990703
15.300000000,0.667230318,-1.148603551,5.043624672,2.076014721,1.445403354,-0.800667136,4.990451803,2.082937601,0.778173036,0.347936415,-0.053172870,0.006922880
15.330000000,0.681530293,-1.148805467,5.034035925,2.067065977,1.469943576,-0.790294134,4.990812717,2.074586366,0.788413283,0.358511333,-0.043223208,0.007520389
15.360000000,0.695705167,-1.149116368,5.036370342,2.058558477,1.494434927,-0.779803363,4.991129327,2.066204793,0.798729760,0.369313005,-0.045241015,0.007646316
15.400000000,0.714409446,-1.149640774,5.039721879,2.047368772,1.527027229,-0.765655196,4.991479495,2.054964207,0.812617783,0.383985577,-0.048242385,0.007595435
15.430000000,0.728288559,-1.150122516,5.040709144,2.039216270,1.551442713,-0.754951868,4.991710341,2.046548961,0.823154154,0.395170648,-0.048998804,0.007332691
15.460000000,0.742043183,-1.150705877,5.043044712,2.030598770,1.575843523,-0.744176548,4.991900918,2.038192181,0.833800340,0.406529328,-0.051143794,0.007593411
15.500000000,0.973450825,-1.017261531,5.037963774,2.019647839,1.608348006,-0.729684211,4.992108330,2.027039454,0.634897181,0.287577320,-0.045855444,0.007391615
15.530000000,0.989549549,-1.016423676,5.022581527,2.011853213,1.632699040,-0.718705378,4.992221396,2.018615525,0.643149491,0.297718298,-0.030360131,0.006762312
15.560000000,1.005533889,-1.015674292,5.024156669,2.003350713,1.657037338,-0.707639662,4.992295994,2.010180216,0.651503449,0.308034629,-0.031860674,0.006829503
15.600000000,1.026643004,-1.014820304,5.027459168,1.991688317,1.689494921,-0.692811914,4.992349875,1.999009459,0.662851917,0.322008391,-0.035109292,0.007321142
15.630000000,1.042325835,-1.014301666,5.029171619,1.982593261,1.713841763,-0.681631696,4.992368769,1.990660190,0.671515928,0.332669969,-0.036802850,0.008066929
15.660000000,1.057885822,-1.013877017,5.030881951,1.973813261,1.738182286,-0.670370653,4.992373761,1.982261660,0.680296464,0.343506364,-0.038508190,0.008448400
15.700000000,1.078410633,-1.013470007,5.018931088,1.963306502,1.770635105,-0.655265940,4.992342565,1.971020233,0.692224472,0.358204067,-0.026588523,0.007713731
15.730000000,1.093642670,-1.013275787,5.017101723,1.954535680,1.794987783,-0.643901311,4.992297924,1.962625885,0.701345113,0.369374475,-0.024803799,0.008090205
15.760000000,1.108748830,-1.013187633,5.018349492,1.946025680,1.819358622,-0.632510067,4.992228872,1.954277646,0.710609792,0.380677566,-0.026120620,0.008251966
15.800000000,1.128684734,-1.013242394,5.007760779,1.935256011,1.851867187,-0.617254636,4.992133711,1.943105044,0.723182453,0.395987758,-0.015627068,0.007849033
15.830000000,1.143483096,-1.013389261,5.014239052,1.926655887,1.876259785,-0.605759049,4.992053160,1.934671523,0.732776689,0.407630212,-0.022185892,0.008015636
15.860000000,1.158139825,-1.013614894,5.015356840,1.918163387,1.900678459,-0.594240495,4.991980511,1.926254884,0.742538634,0.419374399,-0.023376329,0.008091497
15.900000000,1.177489458,-1.014065370,5.014020192,1.907337234,1.933284216,-0.578877327,4.991886966,1.915109584,0.755794758,0.435188044,-0.022133226,0.007772349
15.930000000,1.191866304,-1.014531876,5.028500942,1.899221397,1.957769844,-0.567334310,4.991821356,1.906751603,0.765903540,0.447197566,-0.036679586,0.007530206
15.960000000,1.206109067,-1.015102909,5.030076663,1.890838897,1.982282277,-0.555752763,4.991750089,1.898330365,0.776173209,0.459350146,-0.038326575,0.007491468
16.000000000,1.482264756,-0.899271949,5.028562124,1.880212838,2.015014743,-0.540291284,4.991644551,1.887089576,0.532749987,0.358980666,-0.036917574,0.006876737
16.030000000,1.499380089,-0.898619245,5.021897257,1.872430035,2.039611302,-0.528707805,4.991544475,1.878713497,0.540231213,0.369911440,-0.030352782,0.006283462
16.060000000,1.516368750,-0.898084196,5.023198245,1.863960035,2.064253870,-0.517131548,4.991414711,1.870354256,0.547885120,0.380952648,-0.031783534,0.006394221
16.100000000,1.538806834,-0.897531405,5.016330026,1.852633621,2.097153325,-0.501680312,4.991209116,1.859137261,0.558346491,0.395851093,-0.025120910,0.006503640
16.130000000,1.555479351,-0.897230368,5.020942398,1.843438040,2.121845967,-0.490097643,4.991032438,1.850694300,0.566366616,0.407132725,-0.029909960,0.007256260
16.160000000,1.572018688,-0.897012492,5.022165726,1.834765540,2.146536593,-0.478569292,4.990856813,1.842282428,0.574517905,0.418443200,-0.031308913,0.007516888
16.200000000,1.593857205,-0.896868170,5.005870629,1.822386282,2.179418979,-0.463288893,4.990627483,1.831100216,0.585561773,0.433579277,-0.015243145,0.008713934
16.230000000,1.610049591,-0.896876294,5.013539103,1.813937564,2.204036180,-0.451875398,4.990469111,1.822701263,0.593986589,0.445000896,-0.023069992,0.008763700
16.260000000,1.626088843,-0.896971866,5.014582838,1.804872564,2.228615142,-0.440501796,4.990321077,1.814282983,0.602526299,0.456470070,-0.024261762,0.009410420
16.300000000,1.647257106,-0.897232399,5.002671405,1.793300119,2.261375473,-0.425431262,4.990164038,1.803074286,0.614118366,0.471801137,-0.012507367,0.009774167
16.330000000,1.662950731,-0.897533205,5.008212558,1.784518043,2.285961742,-0.414212478,4.990058492,1.794710164,0.623011011,0.483320727,-0.018154066,0.010192121
16.360000000,1.678510040,-0.897941930,5.009219380,1.776013043,2.310581161,-0.403052518,4.989973392,1.786342652,0.632071122,0.494889412,-0.019245987,0.010329609
16.400000000,1.699042236,-0.898642992,5.010739127,1.764957103,2.343466087,-0.388225539,4.989881535,1.775104606,0.644423852,0.510417453,-0.020857592,0.010147503
16.430000000,1.714268232,-0.899251341,5.015136862,1.757012809,2.368184053,-0.377167400,4.989825770,1.766660719,0.653915821,0.522083941,-0.025311092,0.009647909
16.460000000,1.729351502,-0.899932549,5.016423064,1.748347809,2.392960449,-0.366205909,4.989776256,1.758281935,0.663608946,0.533726640,-0.026646808,0.009934125
16.500000000,1.916683159,-0.665436769,5.013730819,1.737193443,2.426056051,-0.351708444,4.989711998,1.747138057,0.509372893,0.313728325,-0.024018821,0.009944614
16.530000000,1.933509896,-0.663425659,5.010486653,1.729375711,2.450904196,-0.340902804,4.989666081,1.738739587,0.517394300,0.322522854,-0.020820572,0.009363875
16.560000000,1.950195131,-0.661494851,5.011687235,1.721235711,2.475759488,-0.330178431,4.989616986,1.730336995,0.525564357,0.331316420,-0.022070249,0.009101284
16.600000000,1.972227126,-0.659033829,5.020245063,1.709666350,2.508871386,-0.316056665,4.989566106,1.719179422,0.536644260,0.342977164,-0.030678956,0.009513072
16.630000000,1.988603407,-0.657284742,5.019101426,1.700957186,2.533635826,-0.305627449,4.989536495,1.710829798,0.545032419,0.351657294,-0.029564931,0.009872611
16.660000000,2.004836363,-0.655610889,5.020610730,1.692572186,2.558251893,-0.295358325,4.989528444,1.702488214,0.553415530,0.360252563,-0.031082285,0.009916028
16.700000000,2.026273474,-0.653484952,5.021877601,1.682749444,2.590766195,-0.281891466,4.989536176,1.691459060,0.564492721,0.371593486,-0.032341425,0.008709615
16.730000000,2.042196922,-0.651969095,5.009245242,1.673756344,2.614859997,-0.272000387,4.989568452,1.683209640,0.572663075,0.379968708,-0.019676790,0.009453295
16.760000000,2.058007015,-0.650542268,5.010535654,1.665478844,2.638601649,-0.262359802,4.989626538,1.674847917,0.580594634,0.388182466,-0.020909116,0.009369073
16.800000000,2.078914511,-0.648766583,5.019682239,1.654289828,2.669719548,-0.249833372,4.989749870,1.663659631,0.590805037,0.398933211,-0.029932368,0.009369802
16.830000000,2.094449734,-0.647521986,5.011378158,1.647203492,2.692619968,-0.240672051,4.989888892,1.655401460,0.598170233,0.406849935,-0.021489266,0.008197968
16.860000000,2.109863996,-0.646346921,5.012857451,1.638530992,2.715055824,-0.231766752,4.990070967,1.647216492,0.605191828,0.414580168,-0.022786484,0.008685500
16.900000000,2.130201315,-0.644896172,5.016911836,1.626793029,2.744327794,-0.220286186,4.990366301,1.636099576,0.614126479,0.424609986,-0.026545535,0.009306547
16.930000000,2.145295109,-0.643889770,5.015635097,1.618806008,2.765786562,-0.211972653,4.990625015,1.627638537,0.620491453,0.431917117,-0.025010082,0.008832529
16.960000000,2.160259946,-0.642963799,5.017359362,1.609996008,2.786736725,-0.203931772,4.990928105,1.619298392,0.626476779,0.439032027,-0.026431256,0.009302384
17.000000000,2.350437746,-0.572588088,5.012616082,1.598602158,2.813983440,-0.193580263,4.991366732,1.608354945,0.463545693,0.379007825,-0.021249350,0.009752787
17.030000000,2.367198237,-0.570983473,5.013955717,1.590284267,2.833899769,-0.186125931,4.991728662,1.600056437,0.466701532,0.384857542,-0.022227056,0.009772170
17.060000000,2.383841003,-0.569441592,5.015760016,1.581851767,2.853294386,-0.178997086,4.992120459,1.591583100,0.469453383,0.390444507,-0.023639557,0.009731333
17.100000000,2.405841545,-0.567491583,5.008792735,1.571206614,2.878440358,-0.169898960,4.992688590,1.580397603,0.472598813,0.397592623,-0.016104146,0.009190989
17.130000000,2.422204487,-0.566096058,5.015386718,1.563190498,2.896739157,-0.163376260,4.993133202,1.572196195,0.474534670,0.402719798,-0.022253516,0.009005698
17.160000000,2.438455941,-0.564739057,5.017387706,1.554630498,2.914434141,-0.157187834,4.993603735,1.563933730,0.475978200,0.407551223,-0.023783970,0.009303233
17.200000000,2.459936549,-0.563000292,5.009024564,1.544006374,2.937178680,-0.149411011,4.994255541,1.552592047,0.477242131,0.413589281,-0.014769023,0.008585673
17.230000000,2.475908733,-0.561772050,4.995316256,1.537246417,2.953596456,-0.143914477,4.994761850,1.544057507,0.477687723,0.417857573,-0.000554406,0.006811090
17.260000000,2.491755381,-0.560605067,4.996769974,1.528706417,2.969397068,-0.138728702,4.995283323,1.535770591,0.477641687,0.421876365,-0.001486651,0.007064174
17.300000000,2.512703583,-0.559124039,4.988590553,1.517582005,2.989694451,-0.132257826,4.996006692,1.524783880,0.476990867,0.426866213,0.007416139,0.007201875
17.330000000,2.528260005,-0.558054907,4.992872514,1.509172651,3.004375040,-0.127767619,4.996579407,1.516352609,0.476115035,0.430287288,0.003706893,0.007179958
17.360000000,2.543693216,-0.557034924,4.994383942,1.500577651,3.018550151,-0.123634998,4.997186001,1.507829788,0.474856936,0.433399926,0.002802059,0.007252136
17.400000000,2.564071694,-0.555766328,5.001769547,1.489375377,3.036814017,-0.118562111,4.998054217,1.496664795,0.472742323,0.437204217,-0.003715331,0.007289418
17.430000000,2.579221977,-0.554867767,5.004684112,1.481185274,3.050051771,-0.115088558,4.998734689,1.488407287,0.470829794,0.439779209,-0.005949423,0.007222014
17.460000000,2.594251271,-0.554011943,5.006676835,1.472645274,3.062841149,-0.111980984,4.999441737,1.480040931,0.468589879,0.442030958,-0.007235098,0.007395658
17.500000000,2.789925031,-0.410038498,5.002286798,1.460390063,3.079310185,-0.108332183,5.000385915,1.468717500,0.289385154,0.301706315,-0.001900883,0.008327437
17.530000000,2.806876089,-0.407535923,5.005392774,1.452075890,3.091232903,-0.105939240,5.001100743,1.460281125,0.284356814,0.301596683,-0.004292031,0.008205235
17.560000000,2.823729450,-0.405095607,5.007435726,1.443145890,3.102728486,-0.103874426,5.001871126,1.451968263,0.278999037,0.301221181,-0.005564600,0.008822373
17.600000000,2.846064691,-0.401912189,5.005719724,1.433127484,3.117409319,-0.101568501,5.002956049,1.440723877,0.271344628,0.300343687,-0.002763675,0.007596393
17.630000000,2.862745787,-0.399597706,4.993709256,1.424723947,3.127802032,-0.100149505,5.003779808,1.432023825,0.265056245,0.299448201,0.010070552,0.007299878
17.660000000,2.879417144,-0.397353619,4.995453453,1.416363947,3.137348635,-0.098962334,5.004616157,1.423285235,0.257931492,0.298391286,0.009162704,0.006921288
17.700000000,2.901611139,-0.394445896,5.001190752,1.405720728,3.148630120,-0.097585106,5.005700728,1.411968309,0.247018981,0.296860790,0.004509976,0.006247581
17.730000000,2.918213325,-0.392313900,4.998038570,1.396206561,3.155835139,-0.096669547,5.006450840,1.403475951,0.237621814,0.295644354,0.008412270,0.007269389
17.760000000,2.934777575,-0.390224762,4.999968997,1.387679061,3.161651952,-0.095834423,5.007081943,1.394513798,0.226874377,0.294390339,0.007112946,0.006834737
17.800000000,2.956778251,-0.387517767,4.999822076,1.376076480,3.167477771,-0.094745503,5.007710642,1.382427575,0.210699519,0.292772264,0.007888566,0.006351095
17.830000000,2.973201726,-0.385535106,5.000526459,1.367368513,3.170386987,-0.093894064,5.008009738,1.373815291,0.197185262,0.291641042,0.007483278,0.006446778
17.860000000,2.989553538,-0.383583468,5.002289908,1.358863513,3.171844557,-0.092981566,5.008130066,1.365469323,0.182291019,0.290601902,0.005840158,0.006605810
17.900000000,3.011258849,-0.381034730,4.985275348,1.347833746,3.171884575,-0.091675672,5.008059528,1.353845415,0.160625726,0.289359058,0.022784181,0.006011669
17.930000000,3.027469675,-0.379182506,4.978036630,1.339145187,3.170522862,-0.090604053,5.007830490,1.344847016,0.143053187,0.288578453,0.029793861,0.005701829
17.960000000,3.043614490,-0.377384127,4.978889844,1.330615187,3.167817497,-0.089391456,5.007451852,1.336198488,0.124203007,0.287992671,0.028562009,0.005583301
18.000000000,3.024509659,-0.335543887,4.989224761,1.319974037,3.162484865,-0.087554379,5.006773679,1.325131749,0.137975206,0.247989508,0.017548918,0.005157712
18.030000000,3.040036805,-0.333341210,4.989443865,1.312428660,3.157232343,-0.086013675,5.006161552,1.316662313,0.117195538,0.247327535,0.016717687,0.004233654
18.060000000,3.055514244,-0.331171195,4.990556298,1.304016160,3.150789219,-0.084300078,5.005434189,1.307843994,0.095274976,0.246871117,0.014877891,0.003827835
18.100000000,3.076077581,-0.328336470,5.002375006,1.292389918,3.140710491,-0.081733178,5.004306929,1.296294567,0.064632910,0.246603292,0.001931924,0.003904650
18.130000000,3.091444553,-0.326237434,5.007890698,1.284195785,3.132100730,-0.079571831,5.003345252,1.288027856,0.040656177,0.246665603,-0.004545446,0.003832070
18.160000000,3.106770007,-0.324174442,5.009443526,1.275835785,3.122507728,-0.077178607,5.002285008,1.279773012,0.015737721,0.246995835,-0.007158518,0.003937226
18.200000000,3.127156933,-0.321465966,5.008933963,1.264514566,3.108495642,-0.073686867,5.000749893,1.268360729,-0.018661292,0.247779099,-0.008184070,0.003846163
18.230000000,3.142411254,-0.319487043,5.009175465,1.255782565,3.097133041,-0.070821886,4.999516510,1.259739943,-0.045278213,0.248665157,-0.009658955,0.003957378
18.260000000,3.157639947,-0.317561286,5.010637858,1.247450065,3.084987395,-0.067678904,4.998222979,1.251418507,-0.072652553,0.249882382,-0.012414878,0.003968442
18.300000000,3.177906829,-0.315035225,5.017387153,1.237540914,3.067824822,-0.063116540,4.996447301,1.240468181,-0.110082007,0.251918685,-0.020939852,0.002927268
18.330000000,3.193086577,-0.313170033,5.028762548,1.229636561,3.054268736,-0.059427787,4.995092836,1.232052013,-0.138817841,0.253742246,-0.033669712,0.002415451
18.360000000,3.208262020,-0.311337795,5.030792800,1.221259061,3.040084719,-0.055461235,4.993714117,1.223487040,-0.168177302,0.255876560,-0.037078682,0.002227978
18.400000000,3.228468539,-0.308978237,5.029282150,1.209552882,3.020415973,-0.049759302,4.991852600,1.212297973,-0.208052566,0.259218935,-0.037429550,0.002745090
18.430000000,3.243598180,-0.307249444,5.037725598,1.201463843,3.005141652,-0.045163865,4.990426640,1.204090986,-0.238456528,0.262085580,-0.047298958,0.002627144
18.460000000,3.258718749,-0.305554717,5.040013596,1.192961343,2.989382868,-0.040263332,4.988991778,1.195777850,-0.269335882,0.265291385,-0.051021819,0.002816507
18.500000000,3.157321250,-0.254307468,5.022196656,1.182605851,2.967780754,-0.033321723,4.987077446,1.184464266,-0.189540497,0.220985746,-0.035119210,0.001858415
18.530000000,3.170962058,-0.252080377,5.017163868,1.174398260,2.951179276,-0.027785313,4.985645744,1.176026474,-0.219782782,0.224295065,-0.031518124,0.001628214
18.560000000,3.184614139,-0.249900235,5.018846770,1.165740760,2.934221232,-0.021897786,4.984229156,1.167758727,-0.250392907,0.228002449,-0.034617614,0.002017967
18.600000000,3.202852869,-0.247059205,5.012263890,1.154893649,2.911175338,-0.013592307,4.982400496,1.156688174,-0.291677530,0.233466897,-0.029863394,0.001794525
18.630000000,3.216557908,-0.244976375,4.994844030,1.146249453,2.893596092,-0.007028935,4.981078258,1.148239409,-0.322961815,0.237947440,-0.013765772,0.001989956
18.660000000,3.230282989,-0.242930545,4.995962113,1.137686953,2.875774111,-0.000113160,4.979809185,1.139791393,-0.354508878,0.242817385,-0.016152928,0.002104440
18.700000000,3.248602503,-0.240284004,5.000056772,1.126263453,2.851755051,0.009602336,4.978182449,1.128710901,-0.396847453,0.249886340,-0.021874323,0.002447448
18.730000000,3.262364625,-0.238334119,5.002273874,1.117263637,2.833573860,0.017251840,4.977027719,1.120436529,-0.428790765,0.255585959,-0.025246155,0.003172892
18.760000000,3.276147035,-0.236431636,5.003816062,1.108823637,2.815244370,0.025247355,4.975932651,1.112046490,-0.460902665,0.261678992,-0.027883411,0.003222853
18.800000000,3.294548178,-0.233991930,4.995649050,1.097170776,2.790641920,0.036386383,4.974516640,1.100789714,-0.503906258,0.270378313,-0.021132410,0.003618939
18.830000000,3.308362776,-0.232226248,4.987853182,1.088654952,2.772092705,0.045124645,4.973484435,1.092427717,-0.536270071,0.277350893,-0.014368747,0.003772766
18.860000000,3.322191761,-0.230502739,4.989056839,1.080037452,2.753461849,0.054253792,4.972479143,1.084140125,-0.568729913,0.284756531,-0.016577697,0.004102673
18.900000000,3.340655974,-0.228260245,4.988119172,1.069547667,2.728515799,0.066927879,4.971201114,1.072991127,-0.612140176,0.295188124,-0.016918058,0.003443460
18.930000000,3.354546878,-0.226633092,4.983097980,1.061140042,2.709737803,0.076811236,4.970288772,1.064535709,-0.644809075,0.303444328,-0.012809208,0.003395668
18.960000000,3.368453877,-0.225066971,4.984335619,1.052647542,2.690916224,0.087097590,4.969424145,1.056121343,-0.677537653,0.312164561,-0.014911474,0.003473802
19.000000000,3.139088026,-0.162515206,4.981199258,1.041455627,2.665787231,0.101365072,4.968307680,1.045024107,-0.473300796,0.263880278,-0.012891579,0.003568480
19.030000000,3.149963345,-0.160304998,4.981627236,1.032687263,2.646917771,0.112467080,4.967504994,1.036687695,-0.503045574,0.272772078,-0.014122242,0.004000432
19.060000000,3.160852454,-0.158139055,4.982976158,1.024447263,2.628030686,0.123958798,4.966734694,1.028244302,-0.532821768,0.282097853,-0.016241464,0.003797039
19.100000000,3.175393225,-0.155339949,4.981071890,1.013192002,2.602863455,0.139825096,4.965751534,1.016968096,-0.572529770,0.295165045,-0.015320356,0.003776095
19.130000000,3.186315308,-0.153315127,4.982795203,1.004483383,2.584036476,0.152150054,4.965045210,1.008607180,-0.602278832,0.305465181,-0.017749992,0.004123797
19.160000000,3.197241199,-0.151346022,4.984314729,0.995905883,2.565289219,0.164886497,4.964362365,1.000304740,-0.631951979,0.316232518,-0.019952364,0.004398857
19.200000000,3.211853086,-0.148797239,4.984275574,0.984038282,2.540420469,0.182373599,4.963494259,0.989156902,-0.671432617,0.331170838,-0.020781315,0.005118621
19.230000000,3.222830969,-0.146964307,4.979380207,0.975622913,2.521880475,0.195860459,4.962866732,0.980738656,-0.700950494,0.342824766,-0.016513475,0.005115743
19.260000000,3.233811322,-0.145192516,4.980861498,0.966902913,2.503475209,0.209738977,4.962270590,0.972353328,-0.730336113,0.354931493,-0.018590908,0.005450416
19.300000000,3.248474782,-0.142909921,4.969575888,0.955502991,2.479122334,0.228777104,4.961503906,0.961244303,-0.769352449,0.371687026,-0.008071982,0.005741312
19.330000000,3.259482603,-0.141257091,4.973400515,0.947513419,2.460986500,0.243443165,4.960960070,0.952892997,-0.798496104,0.384700255,-0.012440445,0.005379578
19.360000000,3.270512616,-0.139658653,4.974830592,0.939163419,2.442970575,0.258488322,4.960444519,0.944466169,-0.827542041,0.398146974,-0.014386073,0.005302750
19.400000000,3.285244779,-0.137651631,4.966803871,0.927871912,2.419125858,0.279078999,4.959805045,0.933234886,-0.866118920,0.416730631,-0.006998826,0.005362974
19.430000000,3.296313545,-0.136250258,4.965013489,0.919088171,2.401385960,0.294932663,4.959350762,0.924881958,-0.894927585,0.431182922,-0.005662727,0.005793787
19.460000000,3.307406937,-0.134926003,4.966321056,0.910613171,2.383784576,0.311184397,4.958919168,0.916546094,-0.923622360,0.446110400,-0.007401889,0.005932923
19.500000000,3.015895229,0.010596583,4.959918952,0.899011044,2.360488075,0.333357895,4.958374136,0.905337181,-0.655407154,0.322761313,-0.001544816,0.006326137
19.530000000,3.023224579,0.013524203,4.945277494,0.890203864,2.343152337,0.350369881,4.957986213,0.896894748,-0.680072242,0.336845679,0.012708718,0.006690884
19.560000000,3.030548657,0.016368067,4.946069231,0.881503864,2.325971573,0.367779018,4.957620044,0.888509135,-0.704577084,0.351410950,0.011550812,0.007005271
19.600000000,3.040336314,0.020058165,4.945381216,0.869406882,2.303280504,0.391511130,4.957154257,0.877367829,-0.737055810,0.371452965,0.011773040,0.007960947
19.630000000,3.047703593,0.022733896,4.942498528,0.861022365,2.286429309,0.409680315,4.956837570,0.868973926,-0.761274284,0.386946419,0.014339042,0.007951561
19.660000000,3.055084110,0.025341334,4.943398789,0.852724865,2.269767328,0.428205971,4.956547825,0.860544767,-0.785316782,0.402864637,0.013149036,0.007819902
19.700000000,3.064921681,0.028684806,4.938852116,0.841137112,2.247843810,0.453380010,4.956185785,0.849353988,-0.817077871,0.424695204,0.017333669,0.008216876
19.730000000,3.072310492,0.031099252,4.947979491,0.832504535,2.231628406,0.472604415,4.955926453,0.840992786,-0.840682086,0.441505162,0.007946962,0.008488251
19.760000000,3.079724028,0.033435239,4.949192036,0.823587035,2.215628438,0.492150121,4.955690501,0.832604518,-0.864095589,0.458714882,0.006498466,0.009017483
19.800000000,3.089628537,0.036440468,4.951045739,0.811002011,2.194574013,0.518630877,4.955396038,0.821372284,-0.895054524,0.482190409,0.004350299,0.010370273
19.830000000,3.097061089,0.038600140,4.976112424,0.802567458,2.178999881,0.538817898,4.955186992,0.812962912,-0.918061209,0.500217758,-0.020925432,0.010395454
19.860000000,3.104489285,0.040681741,4.978295595,0.794159958,2.163644842,0.559336772,4.954975801,0.804603625,-0.940844443,0.518655031,-0.023319794,0.010443667
19.900000000,3.114420179,0.043352558,4.980065361,0.781870738,2.143441859,0.587115061,4.954691196,0.793451880,-0.970978320,0.543762504,-0.025374165,0.011581142
19.930000000,3.121877970,0.045272425,4.986402368,0.773236534,2.128480338,0.608248375,4.954449471,0.785040391,-0.993397633,0.562975950,-0.031952897,0.011803858
19.960000000,3.129332011,0.047108898,4.988782570,0.764514034,2.113716074,0.629683136,4.954181465,0.776620774,-1.015615936,0.582574237,-0.034601105,0.012106740
20.000000000,2.808070708,0.168985757,4.980993244,0.753037018,2.094307447,0.658670493,4.953803224,0.765459630,-0.713763261,0.489684736,-0.027190020,0.012422612
20.030000000,2.811436121,0.172107793,4.988174087,0.743463420,2.079951331,0.680703405,4.953500781,0.757110148,-0.731484790,0.508595612,-0.034673306,0.013646728
20.060000000,2.814811285,0.175138901,4.990503866,0.734700920,2.065779634,0.703006199,4.953197751,0.748704306,-0.749031651,0.527867298,-0.037306116,0.014003387
20.100000000,2.819291045,0.179004647,4.985499443,0.723653282,2.047143668,0.733098111,4.952805111,0.737447914,-0.772147377,0.554093465,-0.032694332,0.013794631
20.130000000,2.822624794,0.181793790,4.987949824,0.714684077,2.033390221,0.755939336,4.952523607,0.729041688,-0.789234572,0.574145546,-0.035426217,0.014357611
20.160000000,2.825959049,0.184511113,4.990213280,0.706254077,2.019879614,0.779038870,4.952243708,0.720688781,-0.806079435,0.594527758,-0.037969572,0.014434704
20.200000000,2.830421769,0.188028205,4.985704405,0.695516373,2.002175879,0.810132433,4.951894880,0.709530272,-0.828245890,0.622104228,-0.033809526,0.014013899
20.230000000,2.833766802,0.190561648,4.999141487,0.687359690,1.989122740,0.833650529,4.951646101,0.701121549,-0.844644063,0.643088882,-0.047495386,0.013761859
20.260000000,2.837097885,0.192992026,5.001737395,0.679077190,1.976306972,0.857370394,4.951418192,0.692715542,-0.860790914,0.664378368,-0.050319203,0.013638353
20.300000000,2.841507416,0.196066617,5.001873996,0.667899840,1.959546782,0.889276001,4.951131709,0.681562737,-0.881960634,0.693209384,-0.050742288,0.013662897
20.330000000,2.844818266,0.198269437,4.996862670,0.659172853,1.947203645,0.913401973,4.950918582,0.673212346,-0.897614620,0.715132536,-0.045944088,0.014039492
20.360000000,2.848129988,0.200390023,4.999279865,0.650747853,1.935058874,0.937704618,4.950705942,0.664820010,-0.913071114,0.737314595,-0.048573923,0.014072157
20.400000000,2.852532308,0.203086382,5.001653338,0.639555956,1.919131595,0.970346488,4.950425535,0.653603375,-0.933400713,0.767260106,-0.051227804,0.014047418
20.430000000,2.855833077,0.204996014,4.992437057,0.631591964,1.907399020,0.995016681,4.950226846,0.645227905,-0.948434058,0.790020667,-0.042210211,0.013635941
20.460000000,2.859138277,0.206809986,4.994627535,0.623059464,1.895871400,1.019866976,4.950029043,0.636887577,-0.963266876,0.813056989,-0.044598492,0.013828113
20.500000000,2.403351297,0.445094545,4.977647917,0.612413192,1.880736353,1.053207383,4.949777043,0.625724083,-0.522614944,0.608112838,-0.027870875,0.013310891
20.530000000,2.400928951,0.449610554,4.978981279,0.604377530,1.869553595,1.078358408,4.949596646,0.617311641,-0.531375356,0.628747854,-0.029384633,0.012934112
20.560000000,2.398490262,0.454025773,4.980736497,0.595720030,1.858556696,1.103662978,4.949441918,0.608918637,-0.539933566,0.649637205,-0.031294579,0.013198607
20.600000000,2.395233150,0.459769493,4.975374935,0.584589465,1.844158414,1.137603743,4.949265527,0.597767295,-0.551074736,0.677834249,-0.026109408,0.013177830
20.630000000,2.392774990,0.463985795,4.972296080,0.575919035,1.833555628,1.163190223,4.949160721,0.589399703,-0.559219362,0.699204429,-0.023135358,0.013480668
20.660000000,2.390305790,0.468125685,4.973921588,0.567469035,1.823152676,1.188881483,4.949081188,0.581005501,-0.567153113,0.720755798,-0.024840400,0.013536466
20.700000000,2.386964082,0.473547966,4.974834445,0.557107132,1.809573699,1.223258521,4.949006856,0.569817788,-0.577390384,0.749710555,-0.025827589,0.012710655
20.730000000,2.384440687,0.477526313,4.967432821,0.549478074,1.799614160,1.249124382,4.948970920,0.561437605,-0.584826527,0.771598069,-0.018461900,0.011959530
20.760000000,2.381912417,0.481426015,4.968958967,0.540935574,1.789862065,1.275059529,4.948955383,0.553054499,-0.592050352,0.793633515,-0.020003584,0.012118924
20.800000000,2.378529699,0.486484002,4.959460308,0.529685529,1.777109583,1.309723257,4.948950472,0.541860801,-0.601420116,0.823239255,-0.010509836,0.012175271
20.830000000,2.375987924,0.490170805,4.966620752,0.522527251,1.767731597,1.335790328,4.948964589,0.533463872,-0.608256326,0.845619523,-0.017656163,0.010936621
20.860000000,2.373447642,0.493758569,4.968166942,0.514007251,1.758542191,1.361936108,4.949000333,0.525086303,-0.614905451,0.868177539,-0.019166609,0.011079052
20.900000000,2.370050290,0.498402475,4.958733283,0.503612717,1.746519090,1.396896818,4.949075676,0.513929395,-0.623531200,0.898494343,-0.009657607,0.010316679
20.930000000,2.367482852,0.501784012,4.966452414,0.495044372,1.737653510,1.423183379,4.949148652,0.505546327,-0.629829342,0.921399367,-0.017303762,0.010501954
20.960000000,2.364887291,0.505078405,4.968029600,0.486854372,1.728933326,1.449534096,4.949234710,0.497148761,-0.635953965,0.944455690,-0.018794891,0.010294389
21.000000000,2.150569654,0.854478330,4.952620036,0.475285389,1.717510380,1.484759992,4.949377116,0.485973022,-0.433059274,0.630281662,-0.003242921,0.010687632
21.030000000,2.145302674,0.861811911,4.957981579,0.466233994,1.709090877,1.511244844,4.949492313,0.477609811,-0.436211797,0.649432933,-0.008489266,0.011375817
21.060000000,2.140023280,0.869063033,4.959341474,0.457728994,1.700797885,1.537783185,4.949631167,0.469233232,-0.439225395,0.668720151,-0.009710307,0.011504238
21.100000000,2.132962395,0.878604178,4.944168109,0.446629120,1.689897807,1.573231227,4.949858103,0.458034476,-0.443064588,0.694627048,0.005689994,0.011405356
21.130000000,2.127642729,0.885665812,4.949712164,0.436901266,1.681851041,1.599868271,4.950062804,0.449640612,-0.445791688,0.714202459,0.000350640,0.012739346
21.160000000,2.122296636,0.892645436,4.950919020,0.428363766,1.673938193,1.626556166,4.950295441,0.441273111,-0.448358443,0.733910730,-0.000623578,0.012909345
21.200000000,2.115148650,0.901815657,4.952442408,0.417490077,1.663540839,1.662191792,4.950652585,0.430115928,-0.451607811,0.760376135,-0.001789823,0.012625851
21.230000000,2.109759803,0.908593075,4.955187002,0.409181246,1.655840513,1.688947341,4.950948378,0.421724201,-0.453919290,0.780354267,-0.004238624,0.012542955
21.260000000,2.104345618,0.915271413,4.956647194,0.400518746,1.648240688,1.715731373,4.951263802,0.413325300,-0.456104930,0.800459960,-0.005383392,0.012806554
21.300000000,2.097087313,0.924026997,4.951307778,0.388662677,1.638254496,1.751485508,4.951699445,0.402157515,-0.458832817,0.827458511,0.000391667,0.013494838
21.330000000,2.091626759,0.930512085,4.959852966,0.380276033,1.630864690,1.778327182,4.952030412,0.393795524,-0.460762069,0.847815098,-0.007822555,0.013519491
21.360000000,2.086142795,0.936923929,4.961499361,0.371911033,1.623550751,1.805183733,4.952373581,0.385413430,-0.462592044,0.868259804,-0.009125780,0.013502397
21.400000000,2.078783423,0.945350720,4.959363687,0.360968748,1.613894884,1.841008759,4.952845809,0.374215320,-0.464888540,0.895658039,-0.006517878,0.013246572
21.430000000,2.073225435,0.951569309,4.974282799,0.352585113,1.606736170,1.867893249,4.953210004,0.365830293,-0.466489265,0.916323939,-0.021072795,0.013245181
21.460000000,2.067644982,0.957703071,4.976393721,0.343997613,1.599658980,1.894791495,4.953574448,0.357466921,-0.467986003,0.937088424,-0.022819273,0.013469309
21.500000000,1.913072351,1.243686087,4.972823960,0.331583951,1.590300302,1.930660667,4.954068895,0.346301625,-0.322772050,0.686974580,-0.018755065,0.014717674
21.530000000,1.905638086,1.253061644,4.971765218,0.324145997,1.583327468,1.957560650,4.954427055,0.337903987,-0.322310618,0.704499006,-0.017338163,0.013757990
21.560000000,1.898189565,1.262344995,4.973705984,0.315470997,1.576410051,1.984461049,4.954780064,0.329508786,-0.321779514,0.722116055,-0.018925920,0.014037790
21.600000000,1.888247445,1.274585178,4.974962520,0.304121339,1.567269086,2.020330551,4.955253033,0.318344481,-0.320978359,0.745745373,-0.019709487,0.014223142
21.630000000,1.880763884,1.283659128,4.971981123,0.296308541,1.560460886,2.047229015,4.955615492,0.309974390,-0.320302998,0.763569886,-0.016365632,0.013665848
21.660000000,1.873263863,1.292641969,4.973884598,0.287836041,1.553681543,2.074117253,4.955980832,0.301582051,-0.319582320,0.781475284,-0.017903765,0.013746009
21.700000000,1.863233249,1.304499485,4.982613054,0.277037703,1.544687009,2.109956232,4.956465626,0.290384943,-0.318546241,0.805456747,-0.026147428,0.013347241
21.730000000,1.855683054,1.313294527,4.986685102,0.269420262,1.537984176,2.136829204,4.956829958,0.282005869,-0.317698878,0.823534677,-0.029855144,0.012585607
21.760000000,1.848128185,1.322009114,4.988982341,0.261017762,1.531315470,2.163692842,4.957186340,0.273638561,-0.316812715,0.841683728,-0.031796001,0.012620799
21.800000000,1.838055697,1.333496152,4.993793683,0.250510639,1.522440939,2.199489955,4.957643713,0.262458779,-0.315614758,0.865993803,-0.036149970,0.011948140
21.830000000,1.830470380,1.341988153,4.987671704,0.242931086,1.515794573,2.226320863,4.957963773,0.254056719,-0.314675807,0.884332710,-0.029707930,0.011125632
21.860000000,1.822856075,1.350388658,4.989837358,0.234376086,1.509170696,2.253138277,4.958267408,0.245667521,-0.313685378,0.902749619,-0.031569950,0.011291435
21.900000000,1.812690486,1.361441762,4.985961482,0.223522481,1.500367365,2.288876458,4.958647319,0.234506466,-0.312323121,0.927434695,-0.027314163,0.010983984
21.930000000,1.805046317,1.369640891,4.989307053,0.215264957,1.493768225,2.315662003,4.958926554,0.226128475,-0.311278092,0.946021112,-0.030380500,0.010863518
21.960000000,1.797384927,1.377762253,4.991424758,0.206942457,1.487160402,2.342426904,4.959199551,0.217728295,-0.310224525,0.964664650,-0.032225207,0.010785838
22.000000000,1.652836352,1.692674907,4.994482048,0.196104260,1.478354100,2.378090206,4.959565589,0.206533883,-0.174482252,0.685415299,-0.034916460,0.010429623
22.030000000,1.643468088,1.704362053,4.997585568,0.187547264,1.471759430,2.404822179,4.959835091,0.198159771,-0.171708658,0.700460126,-0.037750477,0.010612507
22.060000000,1.634103027,1.715985947,4.999866447,0.179239764,1.465160088,2.431536172,4.960099440,0.189787298,-0.168942939,0.715550225,-0.039767006,0.010547534
22.100000000,1.621587214,1.731377628,5.003554089,0.168254294,1.456333575,2.467128059,4.960437955,0.178592902,-0.165253638,0.735750431,-0.043116134,0.010338607
22.130000000,1.612181684,1.742828036,5.011871917,0.160434850,1.449699955,2.493804674,4.960678542,0.170187959,-0.162481729,0.750976638,-0.051193376,0.009753109
22.160000000,1.602766430,1.754198360,5.014469112,0.151882350,1.443068194,2.520469039,4.960905318,0.161805549,-0.159698235,0.766270679,-0.053563794,0.009923198
22.200000000,1.590214981,1.769230112,5.012455234,0.140886075,1.434217630,2.556006361,4.961180047,0.150646193,-0.155997351,0.786776249,-0.051275187,0.009760118
22.230000000,1.580792958,1.780399526,5.007729618,0.133157073,1.427554936,2.582646623,4.961362801,0.142258319,-0.153238022,0.802247097,-0.046366817,0.009101246
22.260000000,1.571370677,1.791488947,5.009989014,0.124709573,1.420864926,2.609275371,4.961517745,0.133849787,-0.150505751,0.817786424,-0.048471269,0.009140215
22.300000000,1.558767687,1.806153265,5.015211051,0.113610666,1.411931810,2.644770226,4.961706656,0.122659231,-0.146835878,0.838616961,-0.053504395,0.009048564
22.330000000,1.549300703,1.817064654,5.016588965,0.104361219,1.405224873,2.671385094,4.961835148,0.114289933,-0.144075830,0.854320440,-0.054753817,0.009928714
22.360000000,1.539828424,1.827894066,5.018967714,0.095941219,1.398492188,2.697992618,4.961953695,0.105910571,-0.141336236,0.870098553,-0.057014020,0.009969352
22.400000000,1.527168531,1.842232328,5.004068084,0.084823028,1.389469273,2.733459925,4.962078552,0.094703955,-0.137699258,0.891227597,-0.041989532,0.009880928
22.430000000,1.517638618,1.852907616,4.994408346,0.076197395,1.382680775,2.760056006,4.962149916,0.086299814,-0.134957843,0.907148390,-0.032258430,0.010102419
22.460000000,1.508098799,1.863520158,4.995954559,0.067769895,1.375883811,2.786650462,4.962207145,0.077923456,-0.132214989,0.923130304,-0.033747414,0.010153561
22.500000000,1.519232135,2.177491220,4.983920737,0.057049083,1.366791928,2.822108286,4.962292890,0.066758001,-0.152440206,0.644617066,-0.021627847,0.009708918
22.530000000,1.509995050,2.191625676,4.973425230,0.049577262,1.359937045,2.848700909,4.962374411,0.058357829,-0.150058005,0.657075233,-0.011050819,0.008780567
22.560000000,1.500750586,2.205699008,4.974383595,0.041004762,1.353054523,2.875294960,4.962478925,0.049951054,-0.147696062,0.669595951,-0.011904670,0.008946292
22.600000000,1.488395426,2.224350422,4.980213338,0.030258962,1.343862294,2.910756941,4.962654332,0.038779584,-0.144533132,0.686406519,-0.017559006,0.008520621
22.630000000,1.479126362,2.238249078,4.968146639,0.021833564,1.336948743,2.937353301,4.962819146,0.030417004,-0.142177619,0.699104224,-0.005327493,0.008583441
22.660000000,1.469853830,2.252083130,4.969040376,0.013276064,1.329993696,2.963944266,4.963015064,0.022030592,-0.139860135,0.711861136,-0.006025312,0.008754528
22.700000000,1.457476009,2.270445742,4.965590416,0.003066198,1.320667454,2.999385981,4.963294509,0.010823708,-0.136808555,0.728940239,-0.002295907,0.007757510
22.730000000,1.448192676,2.284147369,4.960077275,-0.005298220,1.313651264,3.025955921,4.963531949,0.002433457,-0.134541412,0.741808551,0.003454673,0.007731677
22.760000000,1.438905041,2.297770793,4.960816668,-0.013965720,1.306617767,3.052514316,4.963795361,-0.005934714,-0.132287274,0.754743522,0.002978693,0.008031006
22.800000000,1.426495612,2.315826584,4.962082285,-0.025070856,1.297189121,3.087912451,4.964193410,-0.017109272,-0.129306491,0.772085867,0.002111125,0.007961584
22.830000000,1.417154501,2.329294793,4.953246531,-0.034084391,1.290072110,3.114453644,4.964523059,-0.025516644,-0.127082391,0.785158851,0.011276528,0.008567748
22.860000000,1.407799763,2.342697860,4.953891632,-0.042744391,1.282927442,3.140990312,4.964887742,-0.033919595,-0.124872321,0.798292451,0.010996111,0.008824797
22.900000000,1.395330177,2.360471837,4.954851990,-0.054069349,1.273381542,3.176370170,4.965409596,-0.045086263,-0.121948635,0.815898333,0.010557605,0.008983086
22.930000000,1.385989190,2.373721522,4.957674872,-0.062821381,1.266194725,3.202906309,4.965836842,-0.053457457,-0.119794465,0.829184788,0.008161970,0.009363925
22.960000000,1.376658381,2.386900218,4.958652356,-0.071318881,1.258964246,3.229447309,4.966297166,-0.061858821,-0.117694136,0.842547091,0.007644809,0.009460061
23.000000000,1.283720660,2.659737832,4.966689635,-0.082000176,1.249282283,3.264844587,4.966947691,-0.073071765,-0.034438377,0.605106754,0.000258056,0.008928411
23.030000000,1.273373028,2.675918105,4.965150620,-0.091018931,1.242007861,3.291400553,4.967459950,-0.081455388,-0.031365167,0.615482448,0.002309329,0.009563543
23.060000000,1.263023387,2.692031255,4.966457621,-0.099763931,1.234717005,3.317967320,4.967990995,-0.089821655,-0.028306381,0.625936066,0.001533374,0.009942276
23.100000000,1.249232344,2.713410894,4.964529962,-0.110924556,1.224949574,3.353410254,4.968727926,-0.101010898,-0.024282770,0.639999360,0.004197964,0.009913658
23.130000000,1.238878329,2.729382378,4.972655956,-0.118319935,1.217592348,3.380010946,4.969295641,-0.109427827,-0.021285981,0.650628568,-0.003360315,0.008892107
23.160000000,1.228523056,2.745279216,4.974234871,-0.126674935,1.210226867,3.406632451,4.969885666,-0.117824396,-0.018296189,0.661353235,-0.004349204,0.008850539
23.200000000,1.214717617,2.766365356,4.992545430,-0.137408372,1.200403261,3.442161039,4.970689517,-0.128981044,-0.014314356,0.675795683,-0.021855913,0.008427328
23.230000000,1.204366160,2.782099084,5.000943663,-0.145610679,1.193018241,3.468838234,4.971303820,-0.137360278,-0.011347920,0.686739150,-0.029639844,0.008250401
23.260000000,1.194002108,2.797772232,5.003377836,-0.154218179,1.185609239,3.495551344,4.971904938,-0.145777947,-0.008392869,0.697779113,-0.031472898,0.008440232
23.300000000,1.180185060,2.818551100,5.017704952,-0.163975109,1.175727928,3.531218188,4.972671299,-0.156994039,-0.004457133,0.712667088,-0.045033653,0.006981070
23.330000000,1.169827860,2.834055256,5.015957192,-0.173065985,1.168330794,3.558006318,4.973205677,-0.165367245,-0.001497066,0.723951062,-0.042751515,0.007698740
23.360000000,1.159492277,2.849483381,5.018646166,-0.181713485,1.160938466,3.584837731,4.973690891,-0.173734598,0.001446190,0.735354351,-0.044955275,0.007978887
23.400000000,1.145717497,2.869927849,5.024457680,-0.194417175,1.151071417,3.620678670,4.974256792,-0.184945496,0.005353921,0.750750821,-0.050200888,0.009471679
23.430000000,1.135397708,2.885179197,5.032525579,-0.203477416,1.143675050,3.647609981,4.974620429,-0.193373317,0.008277342,0.762430784,-0.057905150,0.010104098
23.460000000,1.125085047,2.900358410,5.035425664,-0.211949916,1.136307257,3.674591223,4.974924849,-0.201763054,0.011222210,0.774232813,-0.060500814,0.010186862
23.500000000,1.119693707,3.169772154,5.022863923,-0.222513741,1.126521266,3.710637654,4.975238456,-0.212916378,0.006827559,0.540865500,-0.047625466,0.009597363
23.530000000,1.109521574,3.187868608,5.016495528,-0.230643432,1.119195951,3.737731971,4.975404027,-0.221310224,0.009674377,0.549863363,-0.041091501,0.009333207
23.560000000,1.099341321,3.205892781,5.018568031,-0.239418432,1.111887674,3.764887914,4.975502749,-0.229735557,0.012546353,0.558995133,-0.043065282,0.009682875
23.600000000,1.085783360,3.229825175,5.025754368,-0.249436488,1.102200294,3.801158971,4.975570525,-0.240943306,0.016416934,0.571333796,-0.050183844,0.008493182
23.630000000,1.075628597,3.247706740,5.021962042,-0.257669304,1.094986722,3.828383029,4.975578909,-0.249310349,0.019358125,0.580676290,-0.046383132,0.008358955
23.660000000,1.065489926,3.265530321,5.024035876,-0.266329304,1.087806717,3.855587836,4.975556427,-0.257680737,0.022316791,0.590057515,-0.048479449,0.008648567
23.700000000,1.052006509,3.289214055,5.018795160,-0.277630856,1.078257299,3.891769367,4.975481657,-0.268847133,0.026250791,0.602555313,-0.043313503,0.008783723
23.730000000,1.041909640,3.306928094,5.016609658,-0.286172855,1.071122118,3.918788091,4.975405448,-0.277209151,0.029212478,0.611859997,-0.041204211,0.008963704
23.760000000,1.031815256,3.324605204,5.018390141,-0.294935355,1.064026340,3.945636890,4.975320299,-0.285578377,0.032211083,0.621031686,-0.043069843,0.009356978
23.800000000,1.018390998,3.348100557,5.015719220,-0.305249628,1.054599911,3.981158591,4.975211655,-0.296746205,0.036208913,0.633058034,-0.040507565,0.008503423
23.830000000,1.008349976,3.365662083,5.000959651,-0.313445825,1.047540032,4.007567024,4.975141518,-0.305088993,0.039190056,0.641904941,-0.025818133,0.008356832
23.860000000,0.998305857,3.383173390,5.002254053,-0.321985825,1.040496982,4.033711426,4.975084901,-0.313401410,0.042191125,0.650538036,-0.027169152,0.008584415
23.900000000,0.984895312,3.406444735,5.009968462,-0.333425150,1.031157340,4.068177331,4.975043627,-0.324532896,0.046262028,0.661732596,-0.034924835,0.008892253
23.930000000,0.974847425,3.423831775,5.013066261,-0.341277032,1.024192120,4.093713301,4.975049387,-0.332919616,0.049344696,0.669881526,-0.038016874,0.008357416
23.960000000,0.964810790,3.441162874,5.014837748,-0.349504532,1.017251119,4.118923180,4.975100810,-0.341270468,0.052440329,0.677760306,-0.039736938,0.008234064
24.000000000,0.955544172,3.672993261,5.005258277,-0.360236473,1.008032826,4.152081506,4.975207837,-0.352336540,0.052488653,0.479088245,-0.030050440,0.007899934
24.030000000,0.945571535,3.692793425,5.004640027,-0.368235854,1.001168067,4.176590617,4.975319164,-0.360660307,0.055596532,0.483797192,-0.029320864,0.007575546
24.060000000,0.935616922,3.712556928,5.006270357,-0.376610854,0.994367211,4.200723392,4.975470522,-0.369047680,0.058750289,0.488166464,-0.030799835,0.007563173
24.100000000,0.922376975,3.738858175,4.995847689,-0.387686303,0.985370661,4.232374249,4.975733234,-0.380177809,0.062993686,0.493516074,-0.020114455,0.007508494
24.130000000,0.912460364,3.758551092,4.995279768,-0.396182170,0.978670127,4.255682740,4.975966575,-0.388438847,0.066209763,0.497131648,-0.019313193,0.007743323
24.160000000,0.902549125,3.778210083,4.996751815,-0.404799670,0.972025987,4.278496953,4.976245232,-0.396701308,0.069476862,0.500286869,-0.020506583,0.008098362
24.200000000,0.889365594,3.804375015,4.988349918,-0.415869007,0.963244446,4.308169574,4.976680371,-0.407838053,0.073878852,0.503794559,-0.011669547,0.008030954
24.230000000,0.879499743,3.823964471,4.987074849,-0.424605581,0.956698182,4.329821827,4.977058503,-0.416192709,0.077198439,0.505857356,-0.010016346,0.008412871
24.260000000,0.869650507,3.843533045,4.988467422,-0.432945581,0.950172398,4.350829958,4.977522356,-0.424373070,0.080521891,0.507296913,-0.010945066,0.008572511
24.300000000,0.856542562,3.869609913,4.974846141,-0.443551514,0.941489908,4.377871543,4.978206210,-0.435133048,0.084947346,0.508261630,0.003360068,0.008418466
24.330000000,0.846733419,3.889190470,4.968191485,-0.451378094,0.934967980,4.397289648,4.978730354,-0.443326564,0.088234561,0.508099178,0.010538868,0.008051531
24.360000000,0.836969349,3.908810828,4.969218263,-0.459485594,0.928357122,4.415642029,4.979243439,-0.451685185,0.091387774,0.506831201,0.010025175,0.007800409
24.400000000,0.824040834,3.935021863,4.965300767,-0.469425739,0.919277740,4.438420248,4.979850752,-0.462485182,0.095236906,0.503398385,0.014549985,0.006940558
24.430000000,0.814394612,3.954711789,4.977111261,-0.476952657,0.912196542,4.454075503,4.980201055,-0.470193886,0.097801930,0.499363714,0.003089794,0.006758771
24.460000000,0.804782318,3.974443000,4.978494299,-0.485537657,0.904797936,4.468145894,4.980397321,-0.478042004,0.100015618,0.493702894,0.001903021,0.007495653
24.500000000,0.772238678,4.141711873,4.971975469,-0.495287895,0.894463335,4.484659420,4.980381438,-0.489120952,0.122224657,0.342947547,0.008405969,0.006166944
24.530000000,0.762444445,4.163230682,4.984758976,-0.502009114,0.886322522,4.495312159,4.980137605,-0.497410756,0.123878077,0.332081477,-0.004621372,0.004598358
24.560000000,0.752676268,4.184767987,4.986235538,-0.510699114,0.877764049,4.504199873,4.979646602,-0.505152735,0.125087781,0.319431887,-0.006588936,0.005546379
24.600000000,0.739688415,4.213514990,4.989340175,-0.520231440,0.865809755,4.513655928,4.978670322,-0.515412974,0.126121340,0.300140938,-0.010669852,0.004818465
24.630000000,0.729979661,4.235114643,4.982930067,-0.527966489,0.856456004,4.518938199,4.977690822,-0.523620755,0.126476343,0.283823556,-0.005239245,0.004345735
24.660000000,0.720306701,4.256741527,4.984119793,-0.536236489,0.846716842,4.522416252,4.976466887,-0.532080998,0.126410141,0.265674724,-0.007652905,0.004155491
24.700000000,0.707446046,4.285628309,4.990151069,-0.545814534,0.833209712,4.524673623,4.974519992,-0.542849509,0.125763666,0.239045314,-0.015631077,0.002965026
24.730000000,0.697832982,4.307330898,4.988601511,-0.553306229,0.822702795,4.524595787,4.972824637,-0.550654946,0.124869813,0.217264889,-0.015776874,0.002651282
24.760000000,0.688252043,4.329065076,4.989786234,-0.561583729,0.811855755,4.522764948,4.970898636,-0.558837804,0.123603712,0.193699871,-0.018887598,0.002745925
24.800000000,0.675547670,4.358118238,4.996513835,-0.571015575,0.796976254,4.518046247,4.968014935,-0.570253184,0.121428584,0.159928009,-0.028498900,0.000762391
24.830000000,0.666080964,4.379964402,4.992942175,-0.578527253,0.785516984,4.512853966,4.965635905,-0.578641452,0.119436021,0.132889564,-0.027306270,-0.000114199
24.860000000,0.656651567,4.401880288,4.994078498,-0.586749753,0.773790993,4.506078450,4.963052069,-0.586659932,0.117139426,0.104198161,-0.031026429,0.000089821
24.900000000,0.644110363,4.431204102,4.989361854,-0.596683181,0.757880346,4.495014902,4.959371554,-0.597581844,0.113769983,0.063810799,-0.029990300,-0.000898664
24.930000000,0.634740800,4.453275729,4.991893042,-0.603829302,0.745788512,4.485255587,4.956453055,-0.606162338,0.111047712,0.031979858,-0.035439987,-0.002333037
24.960000000,0.625416999,4.475415094,4.992868097,-0.612389302,0.733572983,4.474119464,4.953416424,-0.614709725,0.108155984,-0.001295630,-0.039451674,-0.002320423
25.000000000,0.648625136,4.438079188,4.988802272,-0.623131409,0.717170267,4.457549141,4.949249890,-0.625699120,0.068545131,0.019469953,-0.039552382,-0.002567711
25.030000000,0.639832277,4.459605858,4.997702369,-0.631924517,0.704831784,4.443888607,4.946058670,-0.633908214,0.064999507,-0.015717251,-0.051643699,-0.001983697
25.060000000,0.631071456,4.481225181,4.998938850,-0.640174517,0.692516905,4.429059268,4.942822931,-0.642412364,0.061445449,-0.052165913,-0.056115919,-0.002237847
25.100000000,0.619462217,4.510198490,4.984363654,-0.651179224,0.676173565,4.407831500,4.938475141,-0.653859201,0.056711348,-0.102366990,-0.045888513,-0.002679977
25.130000000,0.610797260,4.532052368,4.976201943,-0.659171163,0.663991354,4.390887685,4.935202123,-0.662237877,0.053194094,-0.141164682,-0.040999820,-0.003066714
25.160000000,0.602168361,4.554011395,4.976883825,-0.667703663,0.651921455,4.372981003,4.931935718,-0.670490414,0.049753095,-0.181030392,-0.044948107,-0.002786752
25.200000000,0.590705348,4.583458634,4.976404046,-0.677991632,0.636044004,4.347878516,4.927636073,-0.681698992,0.045338656,-0.235580118,-0.048767973,-0.003707360
25.230000000,0.582143098,4.605671558,4.971146509,-0.685208953,0.624325674,4.328178153,4.924464914,-0.690244176,0.042182575,-0.277493405,-0.046681595,-0.005035224
25.260000000,0.573613423,4.627990482,4.972025877,-0.693741453,0.612811060,4.307670853,4.921356987,-0.698694686,0.039197637,-0.320319628,-0.050668891,-0.004953233
25.300000000,0.562304960,4.657939164,4.966242599,-0.704443050,0.597759865,4.279326927,4.917279801,-0.709799087,0.035454905,-0.378612238,-0.048962797,-0.005356037
25.330000000,0.553869469,4.680543591,4.960941522,-0.713372364,0.586731441,4.257347885,4.914284527,-0.718163220,0.032861972,-0.423195706,-0.046656995,-0.004790855
25.360000000,0.545470279,4.703288055,4.961821061,-0.721934864,0.575993395,4.234684286,4.911351339,-0.726638795,0.030523116,-0.468603769,-0.050469722,-0.004703931
25.400000000,0.534325756,4.733848592,4.962955716,-0.732526515,0.562070938,4.203620210,4.907538839,-0.737911659,0.027745182,-0.530228383,-0.055416877,-0.005385144
25.430000000,0.526009835,4.756934873,4.957926458,-0.740419700,0.551928206,4.179727395,4.904759425,-0.746274062,0.025918371,-0.577207479,-0.053167032,-0.005854361
25.460000000,0.517732208,4.780161485,4.959023164,-0.749314700,0.542104909,4.155265487,4.902058824,-0.754625064,0.024372701,-0.624895999,-0.056964341,-0.005310363
25.500000000,0.435115046,4.603171431,4.959194335,-0.760416894,0.529461703,4.121915681,4.898550092,-0.765850731,0.094346657,-0.481255750,-0.060644244,-0.005433838
25.530000000,0.426055591,4.624174944,4.948205064,-0.768065535,0.520320573,4.096381085,4.895987670,-0.774294953,0.094264982,-0.527793859,-0.052217394,-0.006229418
25.560000000,0.417047818,4.645329700,4.949286629,-0.776708035,0.511510271,4.070363164,4.893500265,-0.782685715,0.094462452,-0.574966537,-0.055786364,-0.005977679
25.600000000,0.405121361,4.673793670,4.943867285,-0.788776812,0.500209362,4.035055735,4.890278440,-0.793835578,0.095088000,-0.638737935,-0.053588845,-0.005058766
25.630000000,0.396217377,4.695336887,4.937680987,-0.796286495,0.492080695,4.008117004,4.887945557,-0.802228732,0.095863318,-0.687219884,-0.049735430,-0.005942237
25.660000000,0.387345025,4.717059550,4.938676568,-0.804781495,0.484297997,3.980737611,4.885687271,-0.810652938,0.096952972,-0.736321939,-0.052989296,-0.005871443
25.700000000,0.375593939,4.746278626,4.944481139,-0.815947427,0.474357652,3.943686943,4.882781155,-0.821853776,0.098763714,-0.802591683,-0.061699984,-0.005906350
25.730000000,0.366828541,4.768407661,4.938351137,-0.824713747,0.467220366,3.915509294,4.880678479,-0.830220931,0.100391824,-0.852898366,-0.057672658,-0.005507184
25.760000000,0.358112714,4.790706409,4.939689195,-0.833363747,0.460406122,3.886944851,4.878649205,-0.838596874,0.102293409,-0.903761558,-0.061039990,-0.005233126
25.800000000,0.346556993,4.820692651,4.928441456,-0.844457241,0.451748790,3.848353080,4.876011374,-0.849801491,0.105191798,-0.972339571,-0.052430081,-0.005344250
25.830000000,0.337936065,4.843381066,4.935005000,-0.852306287,0.445559264,3.819051182,4.874089002,-0.858204754,0.107623198,-1.024329884,-0.060915998,-0.005898467
25.860000000,0.329359892,4.866241389,4.936446179,-0.860508787,0.439650943,3.789415701,4.872230156,-0.866579931,0.110291051,-1.076825689,-0.064216022,-0.006071144
25.900000000,0.317979377,4.896982006,4.926520476,-0.872150138,0.432142670,3.749460205,4.869845645,-0.877741671,0.114163293,-1.147521802,-0.056674831,-0.005591532
25.930000000,0.309487246,4.920226655,4.922927029,-0.880318624,0.426788578,3.719160369,4.868119900,-0.886136385,0.117301331,-1.201066286,-0.054807129,-0.005817761
25.960000000,0.301033758,4.943642930,4.924182796,-0.888546124,0.421695681,3.688544245,4.866450408,-0.894542866,0.120661922,-1.255098685,-0.057732388,-0.005996743
26.000000000,0.327330511,4.486937694,4.912184793,-0.899994231,0.415220620,3.647338006,4.864312032,-0.905724640,0.087890109,-0.839599688,-0.047872761,-0.005730409
26.030000000,0.319450026,4.504728138,4.901830836,-0.908634860,0.410591039,3.616154396,4.862773289,-0.914091823,0.091141013,-0.888573742,-0.039057547,-0.005456962
26.060000000,0.311605508,4.522705974,4.902665167,-0.917127360,0.406187827,3.584687398,4.861311948,-0.922465846,0.094582319,-0.938018576,-0.041353219,-0.005338485
26.100000000,0.301215509,4.546981762,4.895090798,-0.928489033,0.400592488,3.542364593,4.859463247,-0.933660625,0.099376979,-1.004617168,-0.035627551,-0.005171592
26.130000000,0.293478274,4.565413961,4.885906339,-0.937241564,0.396563615,3.510365931,4.858167005,-0.942048158,0.103085341,-1.055048030,-0.027739334,-0.004806594
26.160000000,0.285793570,4.584037051,4.886544412,-0.945734064,0.392656358,3.478117779,4.856951037,-0.950405988,0.106862788,-1.105919272,-0.029593375,-0.004671924
26.200000000,0.275606698,4.609181589,4.886434529,-0.956675094,0.387576586,3.434762401,4.855420287,-0.961569611,0.111969888,-1.174419188,-0.031014243,-0.004894517
26.230000000,0.268005751,4.628262828,4.882781074,-0.965355085,0.383851531,3.401969325,4.854330909,-0.970004762,0.115845780,-1.226293503,-0.028450165,-0.004649677
26.260000000,0.260442832,4.647532994,4.883573239,-0.973940085,0.380189717,3.368924881,4.853290705,-0.978455562,0.119746885,-1.278608112,-0.030282534,-0.004515477
26.300000000,0.250395488,4.673494665,4.888694690,-0.985634895,0.375369712,3.324580051,4.851957555,-0.989648977,0.124974223,-1.348914613,-0.036737135,-0.004014082
26.330000000,0.242877275,4.693183083,4.893066552,-0.993795618,0.371805107,3.291118753,4.851000117,-0.998013312,0.128927832,-1.402064330,-0.042066435,-0.004217694
26.360000000,0.235408027,4.713065836,4.894347422,-1.002370618,0.368302998,3.257455445,4.850084923,-1.006411939,0.132894971,-1.455610391,-0.044262498,-0.004041321
26.400000000,0.225512346,4.739855795,4.889658103,-1.013631055,0.363709682,3.212332498,4.848899491,-1.017635640,0.138197336,-1.527523297,-0.040758612,-0.004004584
26.430000000,0.218147496,4.760147520,4.890792543,-1.022395817,0.360305907,3.178344725,4.848041071,-1.026024185,0.142158411,-1.581802795,-0.042751473,-0.003628368
26.460000000,0.210816868,4.780618839,4.892104436,-1.030773317,0.356934600,3.144231224,4.847215960,-1.034380190,0.146117732,-1.636387614,-0.044888475,-0.003606872
26.500000000,0.252211292,4.190743551,4.886542776,-1.041883365,0.352489115,3.098571708,4.846186116,-1.045546883,0.100277823,-1.092171843,-0.040356660,-0.003663518
26.530000000,0.245603592,4.204025118,4.890037852,-1.050348907,0.349189059,3.064202115,4.845456718,-1.053958048,0.103585467,-1.139823003,-0.044581134,-0.003609140
26.560000000,0.239053284,4.217488243,4.891482154,-1.058996407,0.345903970,3.029739436,4.844783385,-1.062370821,0.106850685,-1.187748808,-0.046698768,-0.003374414
26.600000000,0.230385289,4.235751752,4.889457432,-1.070709343,0.341511348,2.983695079,4.843966200,-1.073540841,0.111126059,-1.252056673,-0.045491232,-0.002831498
26.630000000,0.223931603,4.249693285,4.881349589,-1.078997778,0.338185619,2.949082770,4.843414584,-1.081917015,0.114254016,-1.300610515,-0.037935005,-0.002919237
26.660000000,0.217522429,4.263846595,4.882710824,-1.087587778,0.334791781,2.914374635,4.842919570,-1.090345322,0.117269351,-1.349471960,-0.039791254,-0.002757544
26.700000000,0.209060446,4.283009253,4.877584206,-1.099394438,0.330112539,2.867981094,4.842318021,-1.101609392,0.121052093,-1.415028159,-0.035266185,-0.002214954
26.730000000,0.202761233,4.297607024,4.880259015,-1.108522224,0.326458412,2.833116960,4.841907635,-1.110008596,0.123697180,-1.464490064,-0.038351380,-0.001486372
26.760000000,0.196506700,4.312407747,4.881691551,-1.116982224,0.322654365,2.798191414,4.841535392,-1.118376415,0.126147665,-1.514216332,-0.040156159,-0.001394191
26.800000000,0.188216107,4.332428332,4.895979952,-1.127491543,0.317400459,2.751546570,4.841085932,-1.129592976,0.129184352,-1.580881762,-0.054894020,-0.002101433
26.830000000,0.182042653,4.347671593,4.891369695,-1.136054490,0.313331987,2.716526639,4.840776257,-1.138035099,0.131289334,-1.631144954,-0.050593438,-0.001980609
26.860000000,0.175899516,4.363093077,4.893212591,-1.144371990,0.309139088,2.681510466,4.840490551,-1.146434285,0.133239572,-1.681582611,-0.052722041,-0.002062295
26.900000000,0.167771064,4.383958788,4.875438657,-1.156587411,0.303395749,2.634855753,4.840122207,-1.157584214,0.135624685,-1.749103035,-0.035316451,-0.000996803
26.930000000,0.161725996,4.399818583,4.881785740,-1.164829864,0.298986614,2.599890077,4.839866530,-1.165962203,0.137260618,-1.799928505,-0.041919211,-0.001132339
26.960000000,0.155726383,4.415848816,4.883358913,-1.173059864,0.294483397,2.564959359,4.839644359,-1.174370828,0.138757014,-1.850889457,-0.043714555,-0.001310964
27.000000000,0.227925758,3.790112246,4.883865242,-1.182624891,0.288347919,2.518472620,4.839430077,-1.185562065,0.060422162,-1.271639625,-0.044435165,-0.002937174
27.030000000,0.223017467,3.798593784,4.881678937,-1.191365186,0.283646341,2.483693477,4.839324904,-1.193920636,0.060628874,-1.314900307,-0.042354032,-0.002555450
27.060000000,0.218139987,3.807253288,4.883381778,-1.199920186,0.278851985,2.449000983,4.839284330,-1.202264563,0.060711998,-1.358252305,-0.044097448,-0.002344377
27.100000000,0.211706697,3.819082313,4.876379324,-1.211551158,0.272327470,2.402858613,4.839310116,-1.213427489,0.060620773,-1.416223701,-0.037069208,-0.001876330
27.130000000,0.206948689,3.828177931,4.876065811,-1.220699696,0.267301353,2.368351651,4.839390134,-1.221809830,0.060352663,-1.459826280,-0.036675678,-0.001110134
27.160000000,0.202262558,3.837468174,4.877741979,-1.229317196,0.262084517,2.333958002,4.839538367,-1.230151758,0.059821959,-1.503510172,-0.038203612,-0.000834562
27.200000000,0.196107191,3.850153884,4.876741180,-1.240709452,0.254816578,2.288231690,4.839810886,-1.241264040,0.058709387,-1.561922194,-0.036930294,-0.000554588
27.230000000,0.191542730,3.859890649,4.862765127,-1.248387187,0.249117440,2.254019707,4.840058503,-1.249677040,0.057574710,-1.605870942,-0.022706624,-0.001289853
27.260000000,0.187026167,3.869790368,4.864106556,-1.257022187,0.243169795,2.219903899,4.840331323,-1.258157581,0.056143628,-1.649886468,-0.023775233,-0.001135393
27.300000000,0.181082982,3.883285909,4.858777908,-1.268414938,0.234922830,2.174596969,4.840735701,-1.269389205,0.053839847,-1.708688940,-0.018042207,-0.000974267
27.330000000,0.176685101,3.893634595,4.860395562,-1.277201431,0.228520916,2.140770703,4.841079172,-1.277746306,0.051835814,-1.752863892,-0.019316390,-0.000544875
27.360000000,0.172351687,3.904175312,4.861802970,-1.285616431,0.221933963,2.107094432,4.841476294,-1.286129506,0.049582276,-1.797080880,-0.020326676,-0.000513075
27.400000000,0.166644046,3.918519771,4.865476776,-1.296728286,0.212935790,2.062403316,4.842057271,-1.297361244,0.046291744,-1.856116455,-0.023419506,-0.000632958
27.430000000,0.162432382,3.929480983,4.866523462,-1.304700980,0.206034420,2.029071655,4.842536026,-1.305768486,0.043602038,-1.900409328,-0.023987435,-0.001067507
27.460000000,0.158260921,3.940619905,4.868260508,-1.313043480,0.198989420,1.995951595,4.843048768,-1.314129575,0.040728500,-1.944668310,-0.025211740,-0.001086095
27.500000000,0.102143871,3.223721002,4.853532841,-1.325438312,0.189424240,1.952063355,4.843778115,-1.325282937,0.087280369,-1.271657647,-0.009754726,0.000155375
27.530000000,0.097490551,3.226236703,4.854103603,-1.333835308,0.182132914,1.919343021,4.844352296,-1.333689007,0.084642363,-1.306893682,-0.009751307,0.000146301
27.560000000,0.092902790,3.228928388,4.855535341,-1.342245308,0.174728162,1.886838106,4.844974943,-1.342111861,0.081825371,-1.342090283,-0.010560398,0.000133447
27.600000000,0.086865563,3.232799936,4.865249732,-1.353640815,0.164691863,1.843819454,4.845909175,-1.353290641,0.077826300,-1.388980482,-0.019340556,0.000350174
27.630000000,0.082413641,3.235921243,4.872292035,-1.360317852,0.157024388,1.811791321,4.846688952,-1.361652177,0.074610747,-1.424129922,-0.025603083,-0.001334325
27.660000000,0.078036307,3.239229874,4.874502380,-1.368922852,0.149185745,1.779975525,4.847529968,-1.370062606,0.071149439,-1.459254348,-0.026972412,-0.001139754
27.700000000,0.072322348,3.243903110,4.874359673,-1.379747287,0.138462368,1.737838802,4.848671201,-1.381340510,0.066140020,-1.506064308,-0.025688472,-0.001593223
27.730000000,0.068121233,3.247614826,4.865385202,-1.388228185,0.130199958,1.706470156,4.849525449,-1.389772398,0.062078725,-1.541144670,-0.015859754,-0.001544213
27.760000000,0.063977132,3.251499923,4.867314987,-1.396510685,0.121722367,1.675345636,4.850373680,-1.398144759,0.057745235,-1.576154287,-0.016941307,-0.001634074
27.800000000,0.058529342,3.256954165,4.879419931,-1.407799176,0.110163541,1.634155196,4.851525770,-1.409338078,0.051634200,-1.622798969,-0.027894160,-0.001538902
27.830000000,0.054508857,3.261229229,4.888131116,-1.417612340,0.101326095,1.603493556,4.852409045,-1.417777750,0.046817238,-1.657735674,-0.035722071,-0.000165410
27.860000000,0.050562817,3.265655100,4.890740675,-1.426204840,0.092342618,1.573088051,4.853310354,-1.426198881,0.041779802,-1.692567050,-0.037430321,0.000005958
27.900000000,0.045399786,3.271816929,4.887501433,-1.437141601,0.080196716,1.532912186,4.854508030,-1.437370798,0.034796930,-1.738904743,-0.032993403,-0.000229196
27.930000000,0.041599377,3.276635869,4.899025848,-1.444980659,0.070978720,1.503044105,4.855399045,-1.445745678,0.029379342,-1.773591764,-0.043626804,-0.000765018
27.960000000,0.037859000,3.281625790,4.901859964,-1.453613159,0.061669272,1.473425418,4.856289940,-1.454151863,0.023810273,-1.808200373,-0.045570024,-0.000538704
28.000000000,0.032444155,2.613493174,4.891167847,-1.464499745,0.049149119,1.434285514,4.857495100,-1.465364944,0.016704964,-1.179207660,-0.033672747,-0.000865200
28.030000000,0.028853775,2.610523917,4.895174155,-1.472465979,0.039685882,1.405213359,4.858407778,-1.473747208,0.010832106,-1.205310558,-0.036766378,-0.001281230
28.060000000,0.025328547,2.607712423,4.897803548,-1.481008479,0.030159238,1.376420481,4.859347509,-1.482097120,0.004830691,-1.231291942,-0.038456040,-0.001088642
28.100000000,0.020749690,2.604233478,4.898860555,-1.492105155,0.017367091,1.338374983,4.860668414,-1.493244804,-0.003382600,-1.265858495,-0.038192141,-0.001139650
28.130000000,0.017421585,2.601812495,4.901482854,-1.501220606,0.007678939,1.310099180,4.861699726,-1.501623309,-0.009742647,-1.291713315,-0.039783128,-0.000402703
28.160000000,0.014184334,2.599540824,4.904313211,-1.509558106,-0.002154303,1.282100229,4.862771564,-1.509975226,-0.016338637,-1.317440595,-0.041541646,-0.000417120
28.200000000,0.010000756,2.596734136,4.911196576,-1.521017868,-0.015518600,1.245135820,4.864226254,-1.521065239,-0.025519356,-1.351598316,-0.046970322,-0.000047371
28.230000000,0.006949886,2.594820266,4.902830156,-1.530417176,-0.025748067,1.217667240,4.865327372,-1.529417075,-0.032697953,-1.377153026,-0.037502784,0.001000102
28.260000000,0.003962877,2.593058965,4.905609759,-1.538767176,-0.036177109,1.190442469,4.866417743,-1.537852714,-0.040139986,-1.402616496,-0.039192016,0.000914462
28.300000000,0.000085993,2.590919981,4.894917757,-1.550314503,-0.050315735,1.154495053,4.867858713,-1.549086704,-0.050401728,-1.436424928,-0.027059044,0.001227799
28.330000000,-0.002739673,2.589489690,4.891068322,-1.559561523,-0.061066800,1.127811331,4.868934982,-1.557453598,-0.058327127,-1.461678359,-0.022133340,0.002107925
28.360000000,-0.005480795,2.588216716,4.893384030,-1.568141523,-0.071932147,1.101388375,4.870026084,-1.565820072,-0.066451352,-1.486828341,-0.023357946,0.002321451
28.400000000,-0.009002302,2.586763883,4.898007632,-1.579730328,-0.086534296,1.066479984,4.871510480,-1.577024085,-0.077531994,-1.520283899,-0.026497152,0.002706243
28.430000000,-0.011559050,2.585830220,4.904444699,-1.588317672,-0.097552679,1.040548916,4.872650407,-1.585431870,-0.085993629,-1.545281304,-0.031794292,0.002885802
28.460000000,-0.014037064,2.585046792,4.907155259,-1.596910172,-0.108619320,1.014886083,4.873810576,-1.593809930,-0.094582257,-1.570160708,-0.033344683,0.003100242
28.500000000,-0.106515142,1.964646725,4.898199365,-1.607465618,-0.123419462,0.981010958,4.875360997,-1.604968949,-0.016904320,-0.983635767,-0.022838368,0.002496669
28.530000000,-0.109892544,1.956541818,4.906243447,-1.616076650,-0.134542468,0.955837582,4.876522366,-1.613357256,-0.024649924,-1.000704236,-0.029721081,0.002719394
28.560000000,-0.113192357,1.948575885,4.908914695,-1.624709150,-0.145677558,0.930892674,4.877690953,-1.621763518,-0.032485201,-1.017683211,-0.031223742,0.002945631
28.600000000,-0.117448092,1.938148698,4.910627954,-1.635828249,-0.160539959,0.897962076,4.879294562,-1.632943581,-0.043091867,-1.040186622,-0.031333392,0.002884669
28.630000000,-0.120526848,1.930497197,4.913039710,-1.644760803,-0.171714050,0.873511582,4.880522876,-1.641305402,-0.051187201,-1.056985615,-0.032516834,0.003455401
28.660000000,-0.123516936,1.922993417,4.915853003,-1.653445803,-0.182947704,0.849284836,4.881772069,-1.649689038,-0.059430768,-1.073708581,-0.034080933,0.003756765
28.700000000,-0.127364263,1.913189179,4.923402950,-1.664645245,-0.198042956,0.817265954,4.883431874,-1.660926589,-0.070678693,-1.095923225,-0.039971076,0.003718657
28.730000000,-0.130125636,1.905989337,4.921793199,-1.673446999,-0.209460703,0.793478572,4.884669533,-1.669359543,-0.079335066,-1.112510765,-0.037123667,0.004087456
28.760000000,-0.132781682,1.898916272,4.924681328,-1.682196999,-0.220967983,0.769928449,4.885889886,-1.677745863,-0.088186301,-1.128987823,-0.038791442,0.004451136
28.800000000,-0.136164148,1.889699986,4.931060277,-1.693047066,-0.236409177,0.738815197,4.887495847,-1.688920738,-0.100245028,-1.150884789,-0.043564430,0.004126328
28.830000000,-0.138606390,1.882951657,4.930976952,-1.701730970,-0.248046880,0.715673353,4.888683256,-1.697331524,-0.109440490,-1.167278304,-0.042293697,0.004399446
28.860000000,-0.140976263,1.876331308,4.933951727,-1.710143470,-0.259719504,0.692726979,4.889852165,-1.705745214,-0.118743241,-1.183604328,-0.044099562,0.004398256
28.900000000,-0.144027605,1.867716779,4.934371755,-1.721991967,-0.275303087,0.662409617,4.891389699,-1.716930501,-0.131275482,-1.205307162,-0.042982055,0.005061466
28.930000000,-0.146220189,1.861411671,4.932191028,-1.731131179,-0.286994479,0.639868678,4.892526346,-1.725308062,-0.140774290,-1.221542992,-0.039664682,0.005823117
28.960000000,-0.148330756,1.855237762,4.934993657,-1.739751179,-0.298681909,0.617495651,4.893655753,-1.733699679,-0.150351154,-1.237742112,-0.041337904,0.006051499
29.000000000,-0.224500406,1.359611908,4.932157502,-1.751624619,-0.314248136,0.587881123,4.895145768,-1.744897954,-0.089747730,-0.771730785,-0.037011734,0.006726665
29.030000000,-0.227302400,1.347680860,4.930078226,-1.759728044,-0.325900308,0.565845956,4.896261360,-1.753287644,-0.098597909,-0.781834904,-0.033816866,0.006440400
29.060000000,-0.230011478,1.335870810,4.932662258,-1.768188044,-0.337522712,0.543985565,4.897379644,-1.761655588,-0.107511235,-0.791885245,-0.035282614,0.006532456
29.100000000,-0.233453407,1.320304426,4.932662625,-1.780574942,-0.352989572,0.515035805,4.898891771,-1.772807376,-0.119536166,-0.805268621,-0.033770854,0.007767566
29.130000000,-0.235906093,1.308755681,4.921756414,-1.788775026,-0.364586037,0.493459663,4.900034265,-1.781176662,-0.128679945,-0.815296018,-0.021722149,0.007598363
29.160000000,-0.238259322,1.297305128,4.923988414,-1.797177526,-0.376206915,0.472036702,4.901184119,-1.789537513,-0.137947593,-0.825268426,-0.022804296,0.007640012
29.200000000,-0.241235344,1.282222625,4.909514457,-1.807204718,-0.391769154,0.443696402,4.902715348,-1.800655176,-0.150533809,-0.838526223,-0.006799108,0.006549541
29.230000000,-0.243371541,1.271056531,4.903373907,-1.815571708,-0.403506875,0.422595427,4.903872405,-1.808991459,-0.160135335,-0.848461103,0.000498498,0.006580249
29.260000000,-0.245416581,1.260005604,4.904983292,-1.824186708,-0.415313951,0.401625169,4.905042812,-1.817370583,-0.169897370,-0.858380435,0.000059520,0.006816125
29.300000000,-0.248007287,1.245451233,4.916030734,-1.835808137,-0.431129576,0.373841112,4.906624531,-1.828566046,-0.183122289,-0.871610121,-0.009406203,0.007242091
29.330000000,-0.249844083,1.234661816,4.908492098,-1.843991264,-0.443027581,0.353144442,4.907835766,-1.836941813,-0.193183498,-0.881517373,-0.000656331,0.007049451
29.360000000,-0.251585966,1.223972619,4.910279369,-1.852621264,-0.454947169,0.332575647,4.909054458,-1.845306930,-0.203361203,-0.891396971,-0.001224911,0.007314333
29.400000000,-0.253755148,1.209905365,4.922107056,-1.863633299,-0.470859966,0.305280311,4.910669428,-1.856482105,-0.217104817,-0.904625054,-0.011437628,0.007151194
29.430000000,-0.255258237,1.199505257,4.909372814,-1.871690920,-0.482801810,0.284897432,4.911867100,-1.864875166,-0.227543573,-0.914607825,0.002494287,0.006815754
29.460000000,-0.256661260,1.189210578,4.911077624,-1.880375920,-0.494738050,0.264615781,4.913055751,-1.873258508,-0.238076790,-0.924594796,0.001978127,0.007117412
29.500000000,-0.271021324,0.858848245,4.920932597,-1.892038050,-0.510636660,0.237706177,4.914614592,-1.884424800,-0.239615336,-0.621142067,-0.006318005,0.007613250
29.530000000,-0.272338555,0.844935684,4.925904811,-1.900047379,-0.522549967,0.217600634,4.915780376,-1.892803273,-0.250211412,-0.627335050,-0.010124435,0.007244106
29.560000000,-0.273545463,0.831129496,4.928019268,-1.908404879,-0.534453198,0.197553068,4.916943584,-1.901192012,-0.260907735,-0.633576427,-0.011075684,0.007212867
29.600000000,-0.274992322,0.812865967,4.923696948,-1.919313679,-0.550311312,0.170916129,4.918487777,-1.912364516,-0.275318989,-0.641949838,-0.005209171,0.006949163
29.630000000,-0.275970728,0.799298408,4.931900167,-1.926537837,-0.562209103,0.151021077,4.919632912,-1.920726681,-0.286238374,-0.648277331,-0.012267255,0.005811156
29.660000000,-0.276843693,0.785828579,4.934097753,-1.935150337,-0.574147564,0.131201582,4.920772166,-1.929094181,-0.297303871,-0.654626996,-0.013325588,0.006056157
29.700000000,-0.277874643,0.768016991,4.934899944,-1.945690298,-0.590167584,0.104861805,4.922282913,-1.940298982,-0.312292941,-0.663155186,-0.012617031,0.005391316
29.730000000,-0.278541923,0.754774651,4.934737841,-1.953718409,-0.602270412,0.085180997,4.923398144,-1.948726223,-0.323728490,-0.669593654,-0.011339697,0.004992186
29.760000000,-0.279106803,0.741633129,4.936862174,-1.961980909,-0.614456859,0.065590434,4.924496541,-1.957122602,-0.335350056,-0.676042695,-0.012365633,0.004858307
29.800000000,-0.279695667,0.724269262,4.937785748,-1.971737231,-0.630810890,0.039573022,4.925939178,-1.968287949,-0.351115223,-0.684696240,-0.011846570,0.003449282
29.830000000,-0.280027808,0.711368899,4.932407226,-1.980043143,-0.643154006,0.020111711,4.927010497,-1.976680580,-0.363126199,-0.691257189,-0.005396729,0.003362563
29.860000000,-0.280254089,0.698562820,4.934325727,-1.988873143,-0.655565429,0.000691541,4.928061738,-1.985090911,-0.375311340,-0.697871279,-0.006263989,0.003782231
29.900000000,-0.280404163,0.681622682,4.930855527,-2.000192954,-0.672183578,-0.025131146,4.929449315,-1.996281377,-0.391779415,-0.706753828,-0.001406212,0.003911577
29.930000000,-0.280394458,0.669030382,4.932593746,-2.009454974,-0.684692506,-0.044446260,4.930479609,-2.004653314,-0.404298048,-0.713476642,-0.002114137,0.004801660
29.960000000,-0.280265660,0.656551314,4.934420279,-2.018032474,-0.697251660,-0.063733848,4.931511099,-2.013034354,-0.416986000,-0.720285162,-0.002909180,0.004998120
30.000000000,-0.482290975,0.351129370,4.934042739,-2.028983699,-0.714067119,-0.089433402,4.932874839,-2.024233002,-0.231776144,-0.440562772,-0.001167900,0.004750698
30.030000000,-0.484427511,0.335268302,4.929040717,-2.037709335,-0.726722931,-0.108685533,4.933890131,-2.032630121,-0.242295420,-0.443953835,0.004849414,0.005079214
30.060000000,-0.486452822,0.319514495,4.930680668,-2.046289335,-0.739414269,-0.127905819,4.934899690,-2.041010671,-0.252961447,-0.447420314,0.004219023,0.005278664
30.100000000,-0.488979272,0.298667987,4.924759753,-2.057799232,-0.756388884,-0.153515282,4.936254346,-2.052184605,-0.267409612,-0.452183269,0.011494593,0.005614627
30.130000000,-0.490750843,0.283142055,4.922866684,-2.064738268,-0.769163384,-0.172729147,4.937279764,-2.060577812,-0.278412541,-0.455871202,0.014413080,0.004160456
30.160000000,-0.492418152,0.267700858,4.924303981,-2.073493268,-0.781972665,-0.191948539,4.938313112,-2.068973887,-0.289554513,-0.459649396,0.014009131,0.004519382
30.200000000,-0.494487632,0.247244570,4.928409038,-2.084437371,-0.799079816,-0.217565704,4.939706186,-2.080156690,-0.304592184,-0.464810275,0.011297148,0.004280681
30.230000000,-0.495925730,0.231992412,4.936665568,-2.092335590,-0.811930924,-0.236780185,4.940760880,-2.088538759,-0.316005194,-0.468772597,0.004095312,0.003796831
30.260000000,-0.497261362,0.216823004,4.938529734,-2.100598090,-0.824813165,-0.256019831,4.941824010,-2.096926207,-0.327551803,-0.472842835,0.003294276,0.003671883
30.300000000,-0.498858969,0.196716377,4.941434924,-2.111368607,-0.842033283,-0.281710159,4.943223870,-2.108114380,-0.343174314,-0.478426536,0.001788946,0.003254227
30.330000000,-0.499925328,0.181731439,4.941786862,-2.119154797,-0.854973962,-0.300991126,4.944258408,-2.116502875,-0.355048634,-0.482722565,0.002471546,0.002651922
30.360000000,-0.500878282,0.166848988,4.943711332,-2.127684797,-0.867939993,-0.320279856,4.945270035,-2.124886620,-0.367061710,-0.487128844,0.001558703,0.002798177
30.400000000,-0.501953322,0.147169755,4.946207121,-2.138953506,-0.885281754,-0.346032818,4.946603362,-2.136067738,-0.383328432,-0.493202573,0.000396241,0.002885768
30.430000000,-0.502626221,0.132511083,4.966231504,-2.146878739,-0.898337351,-0.365382889,4.947584056,-2.144460674,-0.395711129,-0.497893972,-0.018647448,0.002418065
30.460000000,-0.503185961,0.117930133,4.968816988,-2.155453739,-0.911437817,-0.384755120,4.948549318,-2.152852615,-0.408251855,-0.502685252,-0.020267670,0.002601124
30.500000000,-0.647322416,-0.075278747,4.971256956,-2.167007797,-0.928959461,-0.410597961,4.949806336,-2.164030726,-0.281637045,-0.335319214,-0.021450620,0.002977072
30.530000000,-0.649430259,-0.091814834,4.976761925,-2.175380041,-0.942150970,-0.430000154,4.950711947,-2.172411954,-0.292720711,-0.338185320,-0.026049978,0.002968087
30.560000000,-0.651426077,-0.108254409,4.979469368,-2.183720041,-0.955407722,-0.449439459,4.951578847,-2.180804664,-0.303981645,-0.341185050,-0.027890521,0.002915377
30.600000000,-0.653924432,-0.130034726,4.988697444,-2.195366357,-0.973166981,-0.475398666,4.952690156,-2.192002039,-0.319242548,-0.345363940,-0.036007288,0.003364319
30.630000000,-0.655668969,-0.146266772,4.992903130,-2.203795298,-0.986538383,-0.494883608,4.953493733,-2.200393578,-0.330869413,-0.348616836,-0.039409397,0.003401721
30.660000000,-0.657284663,-0.162406883,4.995845596,-2.212327798,-0.999962090,-0.514387776,4.954258029,-2.208778912,-0.342677427,-0.351980892,-0.041587567,0.003548886
30.700000000,-0.659269059,-0.183791194,4.981861746,-2.222391113,-1.017947852,-0.540446641,4.955225325,-2.219965890,-0.358678793,-0.356655447,-0.026636421,0.002425223
30.730000000,-0.660626808,-0.199733069,4.987068641,-2.231501261,-1.031505098,-0.560034141,4.955898952,-2.228361375,-0.370878290,-0.360301071,-0.031169689,0.003139886
30.760000000,-0.661852867,-0.215578082,4.989544690,-2.240256261,-1.045119764,-0.579648095,4.956542378,-2.236751541,-0.383266896,-0.364070012,-0.033002312,0.003504720
30.800000000,-0.663296400,-0.236558208,4.995507209,-2.251586507,-1.063348384,-0.605826832,4.957376680,-2.247928762,-0.400051984,-0.369268625,-0.038130529,0.003657745
30.830000000,-0.664241583,-0.252180742,5.008622341,-2.259306157,-1.077091332,-0.625494125,4.957991619,-2.256312979,-0.412849749,-0.373313382,-0.050630722,0.002993178
30.860000000,-0.665078394,-0.267724748,5.011589399,-2.268038657,-1.090918588,-0.645203600,4.958578191,-2.264706824,-0.425840193,-0.377478851,-0.053011208,0.003331833
30.900000000,-0.666042473,-0.288355890,5.003310268,-2.278516981,-1.109457584,-0.671517675,4.959310397,-2.275899787,-0.443415112,-0.383161785,-0.043999871,0.002617194
30.930000000,-0.666646819,-0.303732801,5.005100532,-2.286328334,-1.123431667,-0.691265392,4.959808411,-2.284284324,-0.456784848,-0.387532591,-0.045292120,0.002044011
30.960000000,-0.667159020,-0.319025174,5.007700592,-2.295085834,-1.137486737,-0.711032009,4.960264604,-2.292666317,-0.470327717,-0.392006836,-0.047435988,0.002419518
31.000000000,-0.830970590,-0.503618117,4.998976081,-2.306158884,-1.156357206,-0.737429851,4.960836104,-2.303859000,-0.325386616,-0.233811734,-0.038139978,0.002299884
31.030000000,-0.833231973,-0.520778005,4.989328809,-2.315084163,-1.170605997,-0.757252728,4.961235283,-2.312260379,-0.337374024,-0.236474723,-0.028093526,0.002823783
31.060000000,-0.835368322,-0.537866751,4.991232773,-2.323851663,-1.184939015,-0.777080884,4.961614795,-2.320648280,-0.349570693,-0.239214133,-0.029617978,0.003203383
31.100000000,-0.838037229,-0.560530972,4.992338769,-2.335676331,-1.204167919,-0.803526845,4.962099267,-2.331822363,-0.366130690,-0.242995873,-0.030239501,0.003853968
31.130000000,-0.839894255,-0.577429662,4.992112365,-2.344342649,-1.218691708,-0.823382647,4.962462503,-2.340212278,-0.378797453,-0.245952985,-0.029649862,0.004130371
31.160000000,-0.841631258,-0.594245204,4.994008812,-2.352975149,-1.233317737,-0.843263824,4.962814028,-2.348613691,-0.391686479,-0.249018620,-0.031194785,0.004361458
31.200000000,-0.843774258,-0.616532944,4.992602221,-2.364340371,-1.252931751,-0.869786559,4.963269175,-2.359806233,-0.409157493,-0.253253615,-0.029333046,0.004534137
31.230000000,-0.845236863,-0.633148610,4.978690735,-2.372591883,-1.267720929,-0.889684930,4.963594463,-2.368189437,-0.422484066,-0.256536320,-0.015096271,0.004402447
31.260000000,-0.846580481,-0.649680112,4.980066103,-2.380819383,-1.282603985,-0.909602573,4.963913085,-2.376576251,-0.436023505,-0.259922461,-0.016153018,0.004243132
31.300000000,-0.848200156,-0.671596230,4.985808498,-2.391361888,-1.302588033,-0.936192515,4.964322837,-2.387773594,-0.454387878,-0.264596285,-0.021485661,0.003588294
31.330000000,-0.849285466,-0.687953823,4.993195977,-2.399836254,-1.317672943,-0.956146221,4.964635704,-2.396171937,-0.468387477,-0.268192398,-0.028560272,0.003664317
31.360000000,-0.850261547,-0.704238526,4.994965956,-2.408301254,-1.332845459,-0.976095000,4.964952147,-2.404556375,-0.482583912,-0.271856474,-0.030013809,0.003744880
31.400000000,-0.851390249,-0.725851762,4.992331281,-2.418783236,-1.353210878,-1.002693338,4.965367321,-2.415731742,-0.501820629,-0.276841576,-0.026963960,0.003051493
31.430000000,-0.852096645,-0.741989978,5.006789313,-2.427043791,-1.368602698,-1.022649978,4.965663441,-2.424127481,-0.516506053,-0.280660000,-0.041125872,0.002916310
31.460000000,-0.852683570,-0.758066296,5.008881510,-2.435693791,-1.384110783,-1.042604968,4.965940190,-2.432531591,-0.531427213,-0.284538671,-0.042941320,0.003162200
31.500000000,-1.125948086,-0.994658518,5.003290450,-2.446351472,-1.404926635,-1.069183800,4.966294649,-2.443716630,-0.278978549,-0.074525281,-0.036995802,0.002634842
31.530000000,-1.129623515,-1.013218279,5.011313085,-2.454334087,-1.420646854,-1.089094236,4.966535558,-2.452092011,-0.291023340,-0.075875957,-0.044777528,0.002242076
31.560000000,-1.133180662,-1.031695923,5.013417063,-2.462894087,-1.436496163,-1.108990448,4.966757196,-2.460488403,-0.303315501,-0.077294526,-0.046659867,0.002405684
31.600000000,-1.137760687,-1.056199137,5.010670032,-2.474256509,-1.457802854,-1.135497056,4.967019014,-2.471711337,-0.320042167,-0.079297919,-0.043651018,0.002545172
31.630000000,-1.141073750,-1.074472413,5.002764508,-2.483955289,-1.473894248,-1.155349248,4.967193651,-2.480121614,-0.332820498,-0.080876835,-0.035570857,0.003833675
31.660000000,-1.144267677,-1.092660632,5.004433476,-2.492635289,-1.490082279,-1.175172665,4.967339944,-2.488510230,-0.345814602,-0.082512033,-0.037093532,0.004125059
31.700000000,-1.148356845,-1.116795031,5.014493405,-2.504615856,-1.511809189,-1.201590993,4.967513764,-2.499697931,-0.363452343,-0.084795963,-0.046979641,0.004917924
31.730000000,-1.151272210,-1.134821600,5.003770763,-2.513499688,-1.528217791,-1.221405847,4.967628158,-2.508099453,-0.376945581,-0.086584247,-0.036142606,0.005400235
31.760000000,-1.154079550,-1.152791368,5.005362949,-2.522149688,-1.544724680,-1.241212106,4.967725789,-2.516497926,-0.390645130,-0.088420737,-0.037637160,0.005651762
31.800000000,-1.157661320,-1.176665347,5.008821122,-2.532233821,-1.566846199,-1.267590594,4.967823737,-2.527677403,-0.409184879,-0.090925247,-0.040997385,0.004556418
31.830000000,-1.160211831,-1.194485120,5.010501031,-2.540292551,-1.583532580,-1.287354146,4.967884152,-2.536057031,-0.423320749,-0.092869026,-0.042616880,0.004235520
31.860000000,-1.162619850,-1.212227491,5.012195368,-2.548692551,-1.600335346,-1.307103492,4.967933725,-2.544451355,-0.437715496,-0.094876001,-0.044261643,0.004241195
31.900000000,-1.165667640,-1.235785570,5.018323248,-2.560205633,-1.622890278,-1.333400701,4.967972620,-2.555655900,-0.457222639,-0.097615130,-0.050350628,0.004549733
31.930000000,-1.167814071,-1.253382269,5.009461090,-2.568214651,-1.639906585,-1.353078653,4.967986488,-2.564044970,-0.472092513,-0.099696384,-0.041474602,0.004169681
31.960000000,-1.169838586,-1.270900910,5.011002785,-2.576707151,-1.657027669,-1.372703201,4.967975728,-2.572416559,-0.487189083,-0.101802291,-0.043027057,0.004290592
32.000000000,-1.404972821,-1.270731188,4.998747822,-2.588456802,-1.680028534,-1.398803213,4.967933842,-2.583600271,-0.275055713,-0.128072025,-0.030813980,0.004856531
32.030000000,-1.409580031,-1.287803506,4.990067065,-2.596483817,-1.697416193,-1.418322739,4.967879422,-2.592011473,-0.287836162,-0.130519233,-0.022187642,0.004472344
32.060000000,-1.414065666,-1.304825566,4.990962959,-2.605001317,-1.714926472,-1.437765650,4.967821689,-2.600406425,-0.300860807,-0.132940084,-0.023141269,0.004594892
32.100000000,-1.419866982,-1.327463009,4.995829408,-2.616533404,-1.738420973,-1.463576837,4.967749154,-2.611574656,-0.318553991,-0.136113828,-0.028080254,0.004958749
32.130000000,-1.424070307,-1.344359105,5.000306517,-2.623675815,-1.756152347,-1.482866901,4.967713646,-2.619953273,-0.332082040,-0.138507795,-0.032592871,0.003722542
32.160000000,-1.428146235,-1.361187879,5.001599451,-2.631903315,-1.773984028,-1.502116010,4.967693068,-2.628346531,-0.345837793,-0.140928131,-0.033906383,0.003556784
32.200000000,-1.433384709,-1.383509422,5.002596448,-2.642907784,-1.797847728,-1.527749356,4.967679572,-2.639530485,-0.364463019,-0.144239934,-0.034916876,0.003377299
32.230000000,-1.437179919,-1.400173780,5.002237319,-2.651438182,-1.815783520,-1.546959770,4.967672911,-2.647913135,-0.378603600,-0.146785990,-0.034564408,0.003525047
32.260000000,-1.440857596,-1.416776918,5.003569924,-2.659873182,-1.833751120,-1.566170118,4.967666886,-2.656296324,-0.392893524,-0.149393200,-0.035903039,0.003576858
32.300000000,-1.445580103,-1.438825185,5.004990556,-2.670588930,-1.857760128,-1.591794601,4.967656842,-2.667466312,-0.412180025,-0.152969415,-0.037333714,0.003122618
32.330000000,-1.448973110,-1.455294213,4.993957800,-2.679328406,-1.875798874,-1.611011483,4.967642442,-2.675839633,-0.426825764,-0.155717270,-0.026315359,0.003488772
32.360000000,-1.452233006,-1.471719319,4.995014867,-2.687898406,-1.893851866,-1.630202970,4.967627167,-2.684217029,-0.441618860,-0.158483650,-0.027387700,0.003681377
32.400000000,-1.456381944,-1.493532729,4.987081296,-2.698991846,-1.917945021,-1.655731756,4.967605400,-2.695388462,-0.461563077,-0.162199026,-0.019475895,0.003603384
32.430000000,-1.459335905,-1.509809782,4.966603102,-2.706676917,-1.936049247,-1.674821647,4.967605371,-2.703773104,-0.476713342,-0.165011864,0.001002269,0.002903812
32.460000000,-1.462150582,-1.526015807,4.966850415,-2.715309417,-1.954195035,-1.693833654,4.967624018,-2.712174387,-0.492044453,-0.167817848,0.000773603,0.003135030
32.500000000,-1.706431315,-1.608477906,4.972840691,-2.728085953,-1.978426158,-1.719036881,4.967700897,-2.723372855,-0.271994843,-0.110558974,-0.005139793,0.004713098
32.530000000,-1.711933160,-1.625338330,4.968654385,-2.736798443,-1.996622413,-1.737805714,4.967814430,-2.731751270,-0.284689253,-0.112467384,-0.000839955,0.005047173
32.560000000,-1.717330178,-1.642152574,4.969172315,-2.745408443,-2.014857822,-1.756422759,4.968001523,-2.740140003,-0.297527644,-0.114270186,-0.001170792,0.005268439
32.600000000,-1.724355432,-1.664496660,4.972603696,-2.755874350,-2.039230044,-1.781015027,4.968335791,-2.751389908,-0.314874612,-0.116518367,-0.004267905,0.004484441
32.630000000,-1.729492106,-1.681212567,4.969153517,-2.764002799,-2.057528358,-1.799258835,4.968657569,-2.759833947,-0.328036252,-0.118046268,-0.000495948,0.004168852
32.660000000,-1.734510969,-1.697872958,4.969969295,-2.772660299,-2.075816480,-1.817273529,4.969047285,-2.768218347,-0.341305511,-0.119400571,-0.000922010,0.004441952
32.700000000,-1.740997785,-1.720037682,4.978735102,-2.783690177,-2.100193312,-1.840969490,4.969657458,-2.779379038,-0.359195526,-0.120931809,-0.009077644,0.004311139
32.730000000,-1.745701192,-1.736613021,4.986179402,-2.793007216,-2.118480823,-1.858488660,4.970182550,-2.787812065,-0.372779631,-0.121875638,-0.015996852,0.005195151
32.760000000,-1.750283307,-1.753140006,4.987773674,-2.801314716,-2.136754791,-1.875730601,4.970763212,-2.796285545,-0.386471483,-0.122590595,-0.017010462,0.005029172
32.800000000,-1.756230014,-1.775110334,4.998431504,-2.813639531,-2.161056649,-1.898308315,4.971604155,-2.807494335,-0.404826635,-0.123197980,-0.026827348,0.006145196
32.830000000,-1.760553132,-1.791529520,5.001028562,-2.823697580,-2.179230086,-1.914914183,4.972271664,-2.815838615,-0.418676954,-0.123384663,-0.028756898,0.007858966
32.860000000,-1.764755135,-1.807906524,5.003180155,-2.832197580,-2.197366659,-1.931178318,4.972970237,-2.824245448,-0.432611524,-0.123271793,-0.030209918,0.007952133
32.900000000,-1.770180395,-1.829690802,5.010913005,-2.842832713,-2.221490177,-1.952379813,4.973909424,-2.835569695,-0.451309783,-0.122689010,-0.037003580,0.007263018
32.930000000,-1.774132536,-1.845995680,5.005185388,-2.851749066,-2.239508724,-1.967891306,4.974623937,-2.844025443,-0.465376188,-0.121895627,-0.030561451,0.007723623
32.960000000,-1.777981925,-1.862267176,5.007417336,-2.860379066,-2.257432311,-1.982988944,4.975333675,-2.852367073,-0.479450386,-0.120721768,-0.032083661,0.008011993
33.000000000,-2.053580802,-1.986912361,5.009082955,-2.872150244,-2.281220828,-2.002549981,4.976277423,-2.863530479,-0.227640026,-0.015637621,-0.032805531,0.008619765
33.030000000,-2.060496282,-2.004386594,5.005180755,-2.880256020,-2.298984978,-2.016781722,4.976979305,-2.872034749,-0.238488696,-0.012395128,-0.028201450,0.008221270
33.060000000,-2.067305963,-2.021840362,5.007311332,-2.888838520,-2.316642540,-2.030548085,4.977701375,-2.880611142,-0.249336577,-0.008707723,-0.029609957,0.008227378
33.100000000,-2.076220546,-2.045098900,5.002150174,-2.900573548,-2.339991781,-2.048205541,4.978676907,-2.891993313,-0.263771236,-0.003106641,-0.023473266,0.008580235
33.130000000,-2.082764340,-2.062538841,5.000100764,-2.909416382,-2.357346390,-2.060834996,4.979407040,-2.900482268,-0.274582049,0.001703845,-0.020693723,0.008934114
33.160000000,-2.089181487,-2.080001299,5.002070957,-2.917958882,-2.374554522,-2.072711452,4.980132773,-2.909074831,-0.285373034,0.007289847,-0.021938184,0.008884051
33.200000000,-2.097553817,-2.103323575,5.007244393,-2.928933812,-2.397309220,-2.087338519,4.981071360,-2.920795349,-0.299755403,0.015985056,-0.026173033,0.008138462
33.230000000,-2.103713907,-2.120862714,4.998157695,-2.937673395,-2.414218479,-2.097277155,4.981735839,-2.929623633,-0.310504573,0.023585559,-0.016421856,0.008049763
33.260000000,-2.109771819,-2.138431415,5.000075416,-2.946173395,-2.430949571,-2.106066031,4.982324886,-2.938280642,-0.321177752,0.032365384,-0.017750530,0.007892753
33.300000000,-2.117688152,-2.161873287,4.995976026,-2.957683097,-2.453004487,-2.116145791,4.982977739,-2.949808200,-0.335316335,0.045727496,-0.012998287,0.007874897
33.330000000,-2.123514551,-2.179456236,4.984333624,-2.966180978,-2.469341081,-2.122433893,4.983360776,-2.958651139,-0.345826530,0.057022343,-0.000972848,0.007529839
33.360000000,-2.129254410,-2.197067138,4.985663014,-2.974555978,-2.485433586,-2.127423122,4.983630553,-2.967557246,-0.356179176,0.069644016,-0.002032461,0.006998732
33.400000000,-2.136771325,-2.220569554,4.973328787,-2.986669863,-2.506498293,-2.132335945,4.983837504,-2.979121878,-0.369726968,0.088233609,0.010508717,0.007547985
33.430000000,-2.142293854,-2.238217922,4.988256536,-2.996501531,-2.521971675,-2.134725682,4.983885186,-2.987627929,-0.379677821,0.103492239,-0.004371349,0.008873602
33.460000000,-2.147723555,-2.255885416,4.989660582,-3.004971531,-2.537092616,-2.135844636,4.983834940,-2.996270062,-0.389369061,0.120040780,-0.005825642,0.008701468
33.500000000,-2.339290527,-2.321108711,4.989612927,-3.016500789,-2.556729188,-2.135686476,4.983629774,-3.007947920,-0.217438661,0.185422235,-0.005983153,0.008552869
33.530000000,-2.346811495,-2.339351402,5.001478359,-3.024809606,-2.571016852,-2.134362689,4.983365678,-3.016570268,-0.224205357,0.204988714,-0.018112680,0.008239338
33.560000000,-2.354253941,-2.357629902,5.003210511,-3.033447106,-2.584820850,-2.131877726,4.982985358,-3.024988900,-0.230566908,0.225752176,-0.020225153,0.008458206
33.600000000,-2.364050206,-2.382061051,5.007153863,-3.045169578,-2.602544314,-2.127086276,4.982333967,-3.036280162,-0.238494108,0.254974775,-0.024819896,0.008889415
33.630000000,-2.371295260,-2.400434906,5.011006954,-3.053883241,-2.615297449,-2.122438202,4.981731217,-3.044892740,-0.244002189,0.277996704,-0.029275737,0.008990502
33.660000000,-2.378474560,-2.418836739,5.012866948,-3.062285741,-2.627461367,-2.116801579,4.981028448,-3.053449296,-0.248986807,0.302035160,-0.031838500,0.008836445
33.700000000,-2.387937933,-2.443454129,5.016809694,-3.072798304,-2.642834148,-2.108056135,4.979978101,-3.064611331,-0.254896214,0.335397994,-0.036831593,0.008186974
33.730000000,-2.394952086,-2.461981336,5.013828792,-3.081129084,-2.653708134,-2.100627371,4.979116128,-3.072952889,-0.258756048,0.361353965,-0.034712663,0.008176196
33.760000000,-2.401893336,-2.480569176,5.015683662,-3.089694084,-2.663905560,-2.092383098,4.978188545,-3.081432190,-0.262012224,0.388186079,-0.037495117,0.008261894
33.800000000,-2.411052518,-2.505448822,5.024555383,-3.099859184,-2.676549640,-2.080364465,4.976875303,-3.092764901,-0.265497122,0.425084357,-0.047680079,0.007094283
33.830000000,-2.417861352,-2.524181834,5.018301865,-3.107672463,-2.685282719,-2.070616295,4.975840183,-3.101132451,-0.267421367,0.453565539,-0.042461682,0.006540012
33.860000000,-2.424607233,-2.542976178,5.020238901,-3.116277463,-2.693244243,-2.060175059,4.974751132,-3.109424748,-0.268637010,0.482801119,-0.045487769,0.006852715
33.900000000,-2.433510415,-2.568153144,5.013220339,-3.128711549,-2.702819153,-2.045382684,4.973228609,-3.120617649,-0.269308738,0.522770460,-0.039991730,0.008093900
33.930000000,-2.440132627,-2.587131184,5.014870107,-3.138736184,-2.709201585,-2.033668668,4.972035693,-3.129101928,-0.269068958,0.553462516,-0.042834413,0.009634256
33.960000000,-2.446709015,-2.606180981,5.016627750,3.135909123,-2.714750847,-2.021372184,4.970805946,-3.137507178,-0.268041832,0.584808796,-0.045821804,0.009769006
34.000000000,-2.637118805,-2.466239342,5.009859293,3.124666926,-2.721013540,-2.004250182,4.969120995,3.134596607,-0.083894735,0.461989160,-0.040738297,0.009929681
34.030000000,-2.645829112,-2.483436099,5.005551354,3.116231621,-2.724857578,-1.990894626,4.967829419,3.126245547,-0.079028465,0.492541472,-0.037721936,0.010013926
34.060000000,-2.654480706,-2.500717519,5.007047842,3.107836621,-2.727841792,-1.977060151,4.966518662,3.117777615,-0.073361086,0.523657367,-0.040529180,0.009940994
34.100000000,-2.665959433,-2.523888144,5.017531470,3.096210825,-2.730634741,-1.958037991,4.964750038,3.106486953,-0.064675309,0.565850153,-0.052781433,0.010276128
34.130000000,-2.674529547,-2.541356008,5.021000858,3.087806759,-2.731812602,-1.943397523,4.963407728,3.098133515,-0.057283055,0.597958485,-0.057593130,0.010326756
34.160000000,-2.683067412,-2.558900959,5.023029499,3.079291759,-2.732066746,-1.928465082,4.962047641,3.089848392,-0.048999334,0.630435876,-0.060981858,0.010556633
34.200000000,-2.694400040,-2.582444024,5.024565962,3.067372794,-2.731192543,-1.908264152,4.960193110,3.078737636,-0.036792503,0.674179872,-0.064372853,0.011364842
34.230000000,-2.702868222,-2.600219578,5.020786209,3.059596032,-2.729630460,-1.892936237,4.958758680,3.070347019,-0.026762238,0.707283340,-0.062027528,0.010750987
34.260000000,-2.711305460,-2.618095988,5.022764398,3.051093532,-2.727146277,-1.877452814,4.957288861,3.061972296,-0.015840817,0.740643174,-0.065475537,0.010878764
34.300000000,-2.722506765,-2.642097976,5.014548803,3.041411624,-2.722594213,-1.856603770,4.955285436,3.050860099,-0.000087448,0.785494206,-0.059263367,0.009448475
34.330000000,-2.730885179,-2.660232163,5.004663241,3.033040824,-2.718260382,-1.840808432,4.953755033,3.042510732,0.012624797,0.819423731,-0.050908208,0.009469908
34.360000000,-2.739259106,-2.678472185,5.006126675,3.024640824,-2.713018122,-1.824849551,4.952195697,3.034090907,0.026240984,0.853622634,-0.053930978,0.009450083
34.400000000,-2.750432339,-2.702933390,5.017803991,3.013877018,-2.704805939,-1.803355285,4.950084814,3.022850698,0.045626401,0.899578105,-0.067719178,0.008973681
34.430000000,-2.758817184,-2.721401266,5.021902473,3.005850094,-2.697721927,-1.787078955,4.948482165,3.014480195,0.061095257,0.934322310,-0.073420308,0.008630102
34.460000000,-2.767200113,-2.739983434,5.023917232,2.997315094,-2.689726651,-1.770656526,4.946843356,3.006136644,0.077473462,0.969326908,-0.077073875,0.008821550
34.500000000,-2.714515997,-2.506602398,5.004884637,2.986469949,-2.677883185,-1.748580048,4.944583138,2.994931994,0.036632812,0.758022350,-0.060301499,0.008462045
34.530000000,-2.722148202,-2.522247504,4.989871408,2.978386204,-2.668119391,-1.731900112,4.942821524,2.986484975,0.054028811,0.790347392,-0.047049885,0.008098771
34.560000000,-2.729807918,-2.538004920,4.990789893,2.969913704,-2.657466616,-1.715114431,4.941015884,2.978079684,0.072341303,0.822890489,-0.049774009,0.008165980
34.600000000,-2.740051678,-2.559208868,4.987231218,2.957623145,-2.642084884,-1.692622982,4.938581354,2.966916473,0.097966794,0.866585886,-0.048649865,0.009293328
34.630000000,-2.747767478,-2.575240124,4.979944963,2.949400488,-2.629681519,-1.675700162,4.936756314,2.958522117,0.118085959,0.899539961,-0.043188649,0.009121629
34.660000000,-2.755497687,-2.591384189,4.980641349,2.940732988,-2.616426899,-1.658766389,4.934931171,2.950094774,0.139070789,0.932617800,-0.045710178,0.009361786
34.700000000,-2.765849080,-2.613056912,4.981361884,2.929417521,-2.597631259,-1.636228918,4.932476553,2.938883400,0.168217821,0.976827994,-0.048885331,0.009465879
34.730000000,-2.773648772,-2.629424483,4.973332241,2.921707656,-2.582707253,-1.619379143,4.930619120,2.930494749,0.190941519,1.010045340,-0.042713121,0.008787092
34.760000000,-2.781482731,-2.645910455,4.973924569,2.913147656,-2.566983485,-1.602592863,4.928749289,2.922090361,0.214499246,1.043317593,-0.045175280,0.008942705
34.800000000,-2.791984583,-2.668081911,4.965892887,2.902206420,-2.544978138,-1.580297761,4.926230955,2.910860015,0.247006445,1.087784150,-0.039661932,0.008653596
34.830000000,-2.799931773,-2.684833696,4.956890558,2.894039835,-2.527697614,-1.563642059,4.924331651,2.902450720,0.272234159,1.121191638,-0.032558907,0.008410886
34.860000000,-2.807939789,-2.701721835,4.957087339,2.885594835,-2.509650215,-1.547052201,4.922421071,2.894077466,0.298289574,1.154669634,-0.034666268,0.008482631
34.900000000,-2.818665238,-2.724421963,4.957311835,2.874459433,-2.484598501,-1.525018659,4.919869071,2.882917540,0.334066737,1.199403304,-0.037442763,0.008458107
34.930000000,-2.826768840,-2.741581746,4.957804054,2.865760966,-2.465090754,-1.508559215,4.917960702,2.874521686,0.361678087,1.233022531,-0.039843352,0.008760720
34.960000000,-2.834934547,-2.758860644,4.958212021,2.857553466,-2.444877878,-1.492172112,4.916055360,2.866121085,0.390056669,1.266688532,-0.042156661,0.008567619
35.000000000,-2.674076128,-2.349749619,4.938137413,2.845691366,-2.417003315,-1.470430787,4.913502893,2.854962048,0.257072813,0.879318832,-0.024634520,0.009270681
35.030000000,-2.680264906,-2.361946542,4.933705125,2.837768006,-2.395426487,-1.454210561,4.911576838,2.846608069,0.284838419,0.907735981,-0.022128288,0.008840063
35.060000000,-2.686517198,-2.374257218,4.933520848,2.829123006,-2.373209762,-1.438080222,4.909667416,2.838212525,0.313307435,0.936176996,-0.023853432,0.009089519
35.100000000,-2.694978911,-2.390848043,4.937665413,2.817806122,-2.342755188,-1.416717305,4.907176041,2.826980699,0.352223723,0.974130738,-0.030489372,0.009174577
35.130000000,-2.701417835,-2.403409798,4.946958421,2.809112704,-2.319293627,-1.400836152,4.905361684,2.818572194,0.382124209,1.002573646,-0.041596737,0.009459490
35.160000000,-2.707930560,-2.416077845,4.947509604,2.800160204,-2.295234888,-1.385139780,4.903588346,2.810192917,0.412695672,1.030938064,-0.043921258,0.010032713
35.200000000,-2.716725821,-2.433125986,4.944876881,2.788388444,-2.262428020,-1.364496518,4.901258085,2.799009862,0.454297801,1.068629468,-0.043618796,0.010621419
35.230000000,-2.723416767,-2.446036920,4.954147184,2.779988813,-2.237315438,-1.349237188,4.899524390,2.790609711,0.486101328,1.096799733,-0.054622794,0.010620897
35.260000000,-2.730212658,-2.459059008,4.955101896,2.771506313,-2.211709625,-1.334202352,4.897813606,2.782217725,0.518503033,1.124856656,-0.057288290,0.010711412
35.300000000,-2.739416858,-2.476612584,4.965880313,2.759589949,-2.176915170,-1.314443481,4.895574004,2.771062595,0.562501687,1.162169103,-0.070306309,0.011472646
35.330000000,-2.746422224,-2.489907987,4.963425712,2.750810776,-2.150350935,-1.299821604,4.893915977,2.762716610,0.596071288,1.190086384,-0.069509735,0.011905834
35.360000000,-2.753503769,-2.503318619,4.964820128,2.742238276,-2.123354962,-1.285372306,4.892276319,2.754361052,0.630148808,1.217946312,-0.072543809,0.012122776
35.400000000,-2.763094884,-2.521346864,4.966629529,2.730964030,-2.086808441,-1.266319505,4.890103583,2.743203142,0.676286443,1.255027360,-0.076525945,0.012239113
35.430000000,-2.770425498,-2.534998393,4.960440178,2.722002349,-2.058986566,-1.252187600,4.888491096,2.734854108,0.711438932,1.282810793,-0.071949082,0.012851759
35.460000000,-2.777858450,-2.548741241,4.961767586,2.713617349,-2.030771862,-1.238207663,4.886892020,2.726534227,0.747086588,1.310533578,-0.074875565,0.012916878
35.500000000,-2.479267621,-2.192567784,4.938259915,2.703226555,-1.992681894,-1.219753769,4.884798707,2.715426963,0.486585727,0.972814015,-0.053461208,0.012200408
35.530000000,-2.483109882,-2.201893356,4.936964854,2.695017387,-1.963788087,-1.206046385,4.883261144,2.707071685,0.519321794,0.995846971,-0.053703709,0.012054298
35.560000000,-2.487081426,-2.211326745,4.937708888,2.686624887,-1.934576411,-1.192474497,4.881782254,2.698722600,0.552505015,1.018852248,-0.055926634,0.012097713
35.600000000,-2.492546187,-2.224079957,4.925982677,2.675514739,-1.895221227,-1.174563795,4.879908918,2.687617068,0.597324959,1.049516163,-0.046073759,0.012102329
35.630000000,-2.496761151,-2.233767358,4.910944370,2.667244234,-1.865429581,-1.161268753,4.878585353,2.679286931,0.631331570,1.072498605,-0.032359017,0.012042697
35.660000000,-2.501087625,-2.243559717,4.911155960,2.658604234,-1.835399876,-1.148113501,4.877338969,2.670935042,0.665687748,1.095446216,-0.033816992,0.012330808
35.700000000,-2.507039003,-2.256765693,4.909296395,2.648146934,-1.795068711,-1.130772966,4.875775101,2.659792529,0.711970292,1.125992727,-0.033521294,0.011645595
35.730000000,-2.511621909,-2.266781972,4.912727925,2.639487146,-1.764614404,-1.117923582,4.874685478,2.651444367,0.747007505,1.148858390,-0.038042447,0.011957222
35.760000000,-2.516318164,-2.276885542,4.913338523,2.630882146,-1.733983902,-1.105223827,4.873672027,2.643098689,0.782334262,1.171661716,-0.039666496,0.012216543
35.800000000,-2.522765899,-2.290508708,4.909664867,2.619117776,-1.692954270,-1.088471739,4.872404203,2.631959958,0.829811630,1.202036969,-0.037260664,0.012842182
35.830000000,-2.527755084,-2.300836769,4.908201463,2.611240464,-1.662055853,-1.076036992,4.871508138,2.623601442,0.865699232,1.224799776,-0.036693325,0.012360978
35.860000000,-2.532866435,-2.311279622,4.908914488,2.602710464,-1.631038077,-1.063729932,4.870671066,2.615252043,0.901828359,1.247549690,-0.038243422,0.012541579
35.900000000,-2.539885050,-2.325367202,4.905736203,2.591499652,-1.589548604,-1.047479205,4.869629688,2.604132301,0.950336445,1.277887997,-0.036106515,0.012632650
35.930000000,-2.545285612,-2.336035589,4.898312688,2.582942870,-1.558360738,-1.035396321,4.868911144,2.595789085,0.986924874,1.300639268,-0.029401544,0.012846215
35.960000000,-2.550801497,-2.346811470,4.898947992,2.574202870,-1.527126745,-1.023407316,4.868251388,2.587436379,1.023674752,1.323404154,-0.030696603,0.013233509
36.000000000,-2.267571212,-1.959754145,4.890225291,2.563320919,-1.485429781,-1.007545859,4.867459894,2.576302609,0.782141431,0.952208286,-0.022765397,0.012981689
36.030000000,-2.269771743,-1.965825055,4.895127275,2.555037437,-1.454128351,-0.995739881,4.866933684,2.567959531,0.815643392,0.970085174,-0.028193591,0.012922094
36.060000000,-2.272110201,-1.972004541,4.895969889,2.546609937,-1.422826103,-0.984010906,4.866489673,2.559609096,0.849284098,0.987993635,-0.029480216,0.012999160
36.100000000,-2.275459147,-1.980402284,4.885448819,2.536119273,-1.381122642,-0.968463359,4.866014398,2.548457820,0.894336506,1.011938925,-0.019434421,0.012338547
36.130000000,-2.278134235,-1.986799107,4.874483535,2.527462010,-1.349875700,-0.956878181,4.865744925,2.540088742,0.928258536,1.029920926,-0.008738610,0.012626732
36.160000000,-2.280937214,-1.993278711,4.874949882,2.519199510,-1.318665788,-0.945380632,4.865558313,2.531721020,0.962271426,1.047898079,-0.009391569,0.012521510
36.200000000,-2.284852115,-2.002075674,4.881839895,2.508493378,-1.277141229,-0.930159016,4.865419636,2.520563167,1.007710886,1.071916658,-0.016420258,0.012069789
36.230000000,-2.287932319,-2.008799333,4.881706874,2.500046966,-1.246095848,-0.918807500,4.865412024,2.512194006,1.041836471,1.089991833,-0.016294851,0.012147039
36.260000000,-2.291136854,-2.015615855,4.882719335,2.491611966,-1.215161638,-0.907509946,4.865484061,2.503827646,1.075975216,1.108105909,-0.017235274,0.012215680
36.300000000,-2.295607888,-2.024841891,4.865659229,2.480634006,-1.174054743,-0.892516837,4.865664517,2.492677244,1.121553145,1.132325054,0.000005288,0.012043238
36.330000000,-2.299090159,-2.031871237,4.868494608,2.471746324,-1.143334694,-0.881313360,4.865847933,2.484319616,1.155755465,1.150557877,-0.002646674,0.012573291
36.360000000,-2.302702463,-2.038999857,4.869344442,2.463306324,-1.112751955,-0.870123238,4.866099285,2.475962684,1.189950508,1.168876619,-0.003245157,0.012656360
36.400000000,-2.307716611,-2.048661470,4.880071332,2.453420477,-1.072179430,-0.855196471,4.866538458,2.464812700,1.235537181,1.193464999,-0.013532874,0.011392223
36.430000000,-2.311640202,-2.056035531,4.865060276,2.445191702,-1.041897989,-0.843996909,4.866951275,2.456449957,1.269742213,1.212038623,0.001890999,0.011258255
36.460000000,-2.315696333,-2.063517825,4.866040587,2.436421702,-1.011763235,-0.832790634,4.867420865,2.448094062,1.303933098,1.230727192,0.001380279,0.011672360
36.500000000,-1.887859882,-1.673500085,4.870127551,2.426234890,-0.971810956,-0.817810651,4.868100399,2.436952556,0.916048926,0.855689434,-0.002027152,0.010717666
36.530000000,-1.886848363,-1.676283829,4.863146508,2.417667240,-0.942038356,-0.806527443,4.868656150,2.428587819,0.944810007,0.869756386,0.005509641,0.010920579
36.560000000,-1.885964270,-1.679153135,4.864214991,2.409082240,-0.912457799,-0.795193333,4.869270701,2.420218728,0.973506471,0.883959802,0.005055710,0.011136488
36.600000000,-1.884999245,-1.683122329,4.869953515,2.397632049,-0.873262948,-0.780019380,4.870179536,2.409066761,1.011736297,0.903102949,0.000226022,0.011434711
36.630000000,-1.884419643,-1.686208698,4.882282617,2.388879289,-0.844062400,-0.768581300,4.870928646,2.400705718,1.040357243,0.917627397,-0.011353971,0.011826429
36.660000000,-1.883966440,-1.689391518,4.884146559,2.380134289,-0.815081833,-0.757062235,4.871735905,2.392337959,1.068884608,0.932329283,-0.012410655,0.012203670
36.700000000,-1.883574827,-1.693793492,4.892067501,2.369855243,-0.776741600,-0.741586259,4.872848811,2.381172190,1.106833227,0.952207233,-0.019218690,0.011316947
36.730000000,-1.883437124,-1.697205390,4.891103206,2.361443403,-0.748202964,-0.729897364,4.873700889,2.372799447,1.135234160,0.967308026,-0.017402317,0.011356044
36.760000000,-1.883412797,-1.700712275,4.893266410,2.352980903,-0.719881904,-0.718122162,4.874555424,2.364431520,1.163530893,0.982590114,-0.018710986,0.011450617
36.800000000,-1.883561206,-1.705559080,4.901963248,2.342130921,-0.682437112,-0.702275721,4.875710745,2.353269381,1.201124094,1.003283358,-0.026252503,0.011138461
36.830000000,-1.883815823,-1.709317054,4.904786084,2.333913309,-0.654600839,-0.690267543,4.876581634,2.344889654,1.229214983,1.019049512,-0.028204449,0.010976345
36.860000000,-1.884199728,-1.713162368,4.907299797,2.325618309,-0.627003697,-0.678139363,4.877462226,2.336509068,1.257196030,1.035023005,-0.029837571,0.010890759
36.900000000,-1.884905147,-1.718428537,4.890578057,2.313910782,-0.590517760,-0.661810515,4.878639896,2.325343142,1.294387388,1.056618023,-0.011938162,0.011432361
36.930000000,-1.885585735,-1.722481666,4.892439347,2.305247163,-0.563396782,-0.649429766,4.879524372,2.316969379,1.322188954,1.073051900,-0.012914974,0.011722216
36.960000000,-1.886402238,-1.726633556,4.894505564,2.296687163,-0.536533947,-0.636893967,4.880422150,2.308586559,1.349868291,1.089739589,-0.014083414,0.011899396
37.000000000,-1.462218725,-1.403863043,4.897012060,2.285804700,-0.501053571,-0.619973445,4.881660920,2.297404400,0.961165153,0.783889598,-0.015351140,0.011599700
37.030000000,-1.458062970,-1.404196979,4.899581224,2.278083515,-0.474684890,-0.607135601,4.882622493,2.289024030,0.983378080,0.797061378,-0.016958730,0.010940515
37.060000000,-1.454022219,-1.404641060,4.901880774,2.269501015,-0.448561380,-0.594140324,4.883610703,2.280648499,1.005460839,0.810500736,-0.018270071,0.011147483
37.100000000,-1.448820643,-1.405410095,4.898107613,2.259724342,-0.414076271,-0.576572966,4.884970128,2.269470749,1.034744372,0.828837129,-0.013137485,0.009746407
37.130000000,-1.445068518,-1.406101209,4.895949426,2.251426842,-0.388472004,-0.563211749,4.886010610,2.261078695,1.056596515,0.842889460,-0.009938817,0.009651853
37.160000000,-1.441446931,-1.406890584,4.898135866,2.243116842,-0.363113239,-0.549674956,4.887075037,2.252691592,1.078333692,0.857215628,-0.011060828,0.009574751
37.200000000,-1.436779365,-1.408100687,4.906987081,2.231797234,-0.329624123,-0.531388829,4.888509554,2.241520289,1.107155242,0.876711857,-0.018477527,0.009723055
37.230000000,-1.433387714,-1.409135570,4.905343213,2.224450739,-0.304760474,-0.517477152,4.889602915,2.233138591,1.128627240,0.891658418,-0.015740298,0.008687852
37.260000000,-1.430117570,-1.410278198,4.907770352,2.216318239,-0.280156270,-0.503354190,4.890696911,2.224744641,1.149961300,0.906924008,-0.017073441,0.008426402
37.300000000,-1.425961451,-1.411988575,4.909217459,2.204973120,-0.247679461,-0.484255337,4.892147208,2.213553030,1.178281989,0.927733238,-0.017070251,0.008579910
37.330000000,-1.423001329,-1.413410059,4.897497950,2.196531447,-0.223558568,-0.469737339,4.893223027,2.205169747,1.199442761,0.943672719,-0.004274924,0.008638299
37.360000000,-1.420166412,-1.414933087,4.899532938,2.188123947,-0.199680353,-0.455010605,4.894290428,2.196788038,1.220486059,0.959922482,-0.005242509,0.008664090
37.400000000,-1.416583886,-1.417130434,4.899756763,2.176183670,-0.168177410,-0.435071460,4.895706521,2.185596257,1.248406476,0.982058974,-0.004050241,0.009412587
37.430000000,-1.414055271,-1.418896228,4.907079264,2.167050037,-0.144793927,-0.419892747,4.896772419,2.177196034,1.269261344,0.999003481,-0.010306845,0.010145997
37.460000000,-1.411647027,-1.420764247,4.909324358,2.158300037,-0.121638501,-0.404503565,4.897845809,2.168806184,1.290008526,1.016260682,-0.011478549,0.010506147
37.500000000,-0.964611989,-1.116909548,4.909952290,2.147503147,-0.091067119,-0.383694926,4.899267589,2.157629218,0.873544870,0.733214622,-0.010684701,0.010126071
37.530000000,-0.956979994,-1.115236848,4.915015366,2.139356847,-0.068372859,-0.367852763,4.900322900,2.149237976,0.888607135,0.747384085,-0.014692465,0.009881129
37.560000000,-0.949459567,-1.113676388,4.917390617,2.130689347,-0.045910018,-0.351770207,4.901367046,2.140837433,0.903549549,0.761906181,-0.016023571,0.010148086
37.600000000,-0.939619879,-1.111775266,4.914157004,2.119619464,-0.016249489,-0.330025765,4.902769587,2.129647129,0.923370390,0.781749501,-0.011387417,0.010027665
37.630000000,-0.932381506,-1.110480903,4.916416237,2.111054203,0.005781526,-0.313494206,4.903819620,2.121266240,0.938163032,0.796986697,-0.012596617,0.010212037
37.660000000,-0.925245322,-1.109305244,4.918715502,2.102519203,0.027587042,-0.296722094,4.904870912,2.112880661,0.952832364,0.812583150,-0.013844590,0.010361458
37.700000000,-0.915899235,-1.107922962,4.925951766,2.090356921,0.056355368,-0.274029844,4.906259557,2.101683634,0.972254603,0.833893119,-0.019692210,0.011326713
37.730000000,-0.909035652,-1.107017768,4.936444373,2.082115066,0.077713372,-0.256778215,4.907295100,2.093286178,0.986749023,0.850239553,-0.029149273,0.011171111
37.760000000,-0.902287490,-1.106222540,4.939190200,2.073335066,0.098866265,-0.239307528,4.908313372,2.084899440,1.001153755,0.866915013,-0.030876828,0.011564373
37.800000000,-0.893443286,-1.105360314,4.943997596,2.061977619,0.126795072,-0.215701646,4.909638030,2.073717394,1.020238358,0.889658668,-0.034359565,0.011739775
37.830000000,-0.886911798,-1.104850502,4.941915634,2.053346940,0.147533655,-0.197748281,4.910593084,2.065317358,1.034445452,0.907102221,-0.031322550,0.011970418
37.860000000,-0.880476874,-1.104446510,4.944573799,2.044831940,0.168076262,-0.179553386,4.911507212,2.056910795,1.048553136,0.924893124,-0.033066587,0.012078855
37.900000000,-0.872067829,-1.104081422,4.929060473,2.034212568,0.195227976,-0.154995601,4.912684263,2.045719220,1.067295805,0.949085821,-0.016376210,0.011506652
37.930000000,-0.865881773,-1.103948907,4.930087052,2.026175335,0.215416890,-0.136350304,4.913535708,2.037335892,1.081298663,0.967598603,-0.016551343,0.011160556
37.960000000,-0.859808287,-1.103942165,4.932152478,2.017615335,0.235427296,-0.117458438,4.914374283,2.028939350,1.095235583,0.986483727,-0.017778194,0.011324015
38.000000000,-0.421016168,-0.782145336,4.925927423,2.006028507,0.261879554,-0.091943526,4.915483852,2.017726697,0.682895722,0.690201810,-0.010443572,0.011698191
38.030000000,-0.409878577,-0.778428505,4.932790711,1.997807903,0.281562095,-0.072582452,4.916319295,2.009325450,0.691440672,0.705846053,-0.016471417,0.011517548
38.060000000,-0.398839737,-0.774825791,4.934861192,1.989240403,0.301097453,-0.053004735,4.917154854,2.000938818,0.699937190,0.721821056,-0.017706338,0.011698415
38.100000000,-0.384267827,-0.770194916,4.939570515,1.977335923,0.326941328,-0.026588898,4.918285078,1.989748402,0.711209154,0.743606019,-0.021285437,0.012412480
38.130000000,-0.373476862,-0.766872846,4.950644789,1.968750290,0.346167549,-0.006536620,4.919131239,1.981338305,0.719644411,0.760336226,-0.031513550,0.012588015
38.160000000,-0.362801130,-0.763659638,4.953217794,1.959867790,0.365241213,0.013735411,4.919969538,1.972929656,0.728042344,0.777395048,-0.033248256,0.013061866
38.200000000,-0.348725825,-0.759561592,4.950601166,1.948810096,0.390472813,0.041030052,4.921057102,1.961735547,0.739198638,0.800591644,-0.029544064,0.012925451
38.230000000,-0.338291258,-0.756621211,4.946783147,1.940146866,0.409239321,0.061705584,4.921841516,1.953343276,0.747530579,0.818326795,-0.024941631,0.013196410
38.260000000,-0.327956047,-0.753817896,4.949054104,1.931644366,0.427839227,0.082599796,4.922597422,1.944943274,0.755795275,0.836417692,-0.026456682,0.013298908
38.300000000,-0.314350223,-0.750253437,4.951340148,1.920326289,0.452422175,0.110733487,4.923578116,1.933742092,0.766772398,0.860986924,-0.027762032,0.013415802
38.330000000,-0.304270085,-0.747723908,4.954209259,1.911974097,0.470705369,0.132018590,4.924304968,1.925346780,0.774975455,0.879742498,-0.029904291,0.013372683
38.360000000,-0.294284339,-0.745328639,4.956559136,1.903461597,0.488837079,0.153486508,4.925017475,1.916954961,0.783121418,0.898815148,-0.031541660,0.013493364
38.400000000,-0.281132431,-0.742368553,4.951799783,1.892081555,0.512805479,0.182378223,4.925949610,1.905760933,0.793937910,0.924746775,-0.025850173,0.013679377
38.430000000,-0.271402003,-0.740303195,4.954226404,1.884177086,0.530629523,0.204246960,4.926623404,1.897360868,0.802031526,0.944550154,-0.027603000,0.013183782
38.460000000,-0.261780728,-0.738343567,4.956402064,1.875647086,0.548313244,0.226291731,4.927284752,1.888963983,0.810093972,0.964635297,-0.029117311,0.013316897
38.500000000,-0.064113536,-0.457952308,4.949179617,1.864612516,0.571714235,0.255905594,4.928150113,1.877775380,0.635827771,0.713857902,-0.021029505,0.013162864
38.530000000,-0.052434489,-0.452872669,4.955061302,1.856752417,0.589130666,0.278295799,4.928793187,1.869383725,0.641565155,0.731168468,-0.026268116,0.012631308
38.560000000,-0.040849367,-0.447923258,4.957163737,1.848367417,0.606413979,0.300875338,4.929427955,1.860985504,0.647263347,0.748798596,-0.027735781,0.012618087
38.600000000,-0.025563667,-0.441503278,4.948976841,1.837453821,0.629296703,0.331206131,4.930280317,1.849788101,0.654860370,0.772709409,-0.018696523,0.012334280
38.630000000,-0.014216595,-0.436838546,4.945527189,1.830186237,0.646349177,0.354104447,4.930918947,1.841397519,0.660565772,0.790942993,-0.014608242,0.011211281
38.660000000,-0.002968872,-0.432320118,4.947235008,1.821778737,0.663298659,0.377160569,4.931558973,1.833008649,0.666267532,0.809480687,-0.015676035,0.011229911
38.700000000,0.011876169,-0.426505133,4.935991693,1.810403270,0.685766368,0.408133468,4.932418111,1.821809294,0.673890199,0.834638601,-0.003573583,0.011406024
38.730000000,0.022891808,-0.422287008,4.940160520,1.802312361,0.702527180,0.431526768,4.933065671,1.813402018,0.679635372,0.853813776,-0.007094849,0.011089657
38.760000000,0.033814883,-0.418181306,4.941705702,1.793752361,0.719210145,0.455057482,4.933727888,1.805005823,0.685395261,0.873238788,-0.007977815,0.011253463
38.800000000,0.048252805,-0.412914058,4.953898987,1.782402208,0.741356102,0.486612076,4.934629118,1.793823893,0.693103298,0.899526134,-0.019269870,0.011421684
38.830000000,0.058969718,-0.409121704,4.936081524,1.774047296,0.757890866,0.510428504,4.935321471,1.785430446,0.698921148,0.919550208,-0.000760053,0.011383150
38.860000000,0.069585227,-0.405450754,4.937483311,1.765292296,0.774353697,0.534393941,4.936006157,1.777025535,0.704768470,0.939844695,-0.001477154,0.011733238
38.900000000,0.083594184,-0.400747475,4.948820419,1.753927898,0.796219176,0.566509362,4.936907878,1.765828441,0.712624993,0.967256837,-0.011912541,0.011900543
38.930000000,0.093995101,-0.397365102,4.942754734,1.745149202,0.812558640,0.590703983,4.937584064,1.757444508,0.718563540,0.988069085,-0.005170670,0.012295306
38.960000000,0.104299221,-0.394125585,4.944329594,1.736706702,0.828836228,0.615020329,4.938268125,1.749058281,0.724537006,1.009145914,-0.006061468,0.012351579
39.000000000,0.328686041,-0.119175316,4.951407577,1.726059594,0.850455009,0.647614110,4.939168438,1.737860793,0.521768968,0.766789426,-0.012239140,0.011801199
39.030000000,0.341345248,-0.112898742,4.944396154,1.716841821,0.866609093,0.672168925,4.939841924,1.729461800,0.525263845,0.785067667,-0.004554231,0.012619978
39.060000000,0.353900585,-0.106737960,4.945980013,1.708399321,0.882708152,0.696808231,4.940519742,1.721075254,0.528807567,0.803546191,-0.005460271,0.012675933
39.100000000,0.370483728,-0.098726681,4.947835320,1.696988466,0.904099817,0.729782833,4.941439632,1.709895863,0.533616089,0.828509514,-0.006395688,0.012907397
39.130000000,0.382802195,-0.092865022,4.942785020,1.687325763,0.920086165,0.754619613,4.942148992,1.701502677,0.537283970,0.847484635,-0.000636028,0.014176914
39.160000000,0.395028718,-0.087138636,4.944333993,1.678683263,0.936015767,0.779550376,4.942871474,1.693109035,0.540987049,0.866689012,-0.001462519,0.014425772
39.200000000,0.411175160,-0.079690899,4.944343078,1.667756976,0.957177079,0.812877834,4.943856053,1.681923898,0.546001919,0.892568733,-0.000487025,0.014166922
39.230000000,0.423170998,-0.074273323,4.935373428,1.659076502,0.972978923,0.837933906,4.944610435,1.673537132,0.549807925,0.912207229,0.009237007,0.014460630
39.260000000,0.435052555,-0.069016872,4.936723901,1.650919002,0.988691806,0.863067610,4.945390846,1.665149942,0.553639250,0.932084482,0.008666944,0.014230940
39.300000000,0.450746536,-0.062229140,4.943540324,1.639033682,1.009498293,0.896678201,4.946454421,1.653979386,0.558751757,0.958907342,0.002914097,0.014945704
39.330000000,0.462385821,-0.057284038,4.950835127,1.630637918,1.024981855,0.921935318,4.947286240,1.645599976,0.562596034,0.979219356,-0.003548887,0.014962058
39.360000000,0.473923938,-0.052478367,4.952712028,1.621880418,1.040330801,0.947225581,4.948145508,1.637200665,0.566406863,0.999703948,-0.004566520,0.015320247
39.400000000,0.489157304,-0.046277173,4.955469253,1.611198655,1.060600936,0.981012287,4.949325294,1.626006571,0.571443632,1.027289460,-0.006143958,0.014807916
39.430000000,0.500461353,-0.041799900,4.961437305,1.602642876,1.075650450,1.006411632,4.950219289,1.617637606,0.575189098,1.048211532,-0.011218016,0.014994730
39.460000000,0.511666186,-0.037453551,4.963620323,1.594105376,1.090543153,1.031850536,4.951121847,1.609273368,0.578876966,1.069304087,-0.012498476,0.015167992
39.500000000,0.612287916,0.330435330,4.962796119,1.583154769,1.110188526,1.065792513,4.952335658,1.598080346,0.497900611,0.735357183,-0.010460461,0.014925577
39.530000000,0.624358017,0.338948036,4.968338767,1.574540433,1.124761941,1.091274405,4.953250642,1.589674986,0.500403924,0.752326369,-0.015088125,0.015134553
39.560000000,0.636335567,0.347331014,4.970659984,1.565897933,1.139173555,1.116801146,4.954175247,1.581303692,0.502837988,0.769470132,-0.016484737,0.015405759
39.600000000,0.652162510,0.358329111,4.961857706,1.554935216,1.158180933,1.150881900,4.955421787,1.570163625,0.506018423,0.792552789,-0.006435919,0.015228408
39.630000000,0.663916112,0.366440612,4.961767041,1.547426513,1.172293397,1.176452185,4.956369280,1.561787452,0.508377285,0.810011573,-0.005397761,0.014360939
39.660000000,0.675577343,0.374434673,4.963803822,1.539229013,1.186285136,1.202028385,4.957327349,1.553390196,0.510707793,0.827593711,-0.006476473,0.014161183
39.700000000,0.690956157,0.384885422,4.962750734,1.527469550,1.204811922,1.236165376,4.958635723,1.542203135,0.513855765,0.851279953,-0.004115012,0.014733585
39.730000000,0.702393818,0.392570133,4.964090107,1.519200383,1.218627688,1.261795863,4.959629378,1.533815526,0.516233870,0.869225730,-0.004460729,0.014615143
39.760000000,0.713723331,0.400115368,4.966150404,1.510702883,1.232378056,1.287427909,4.960643333,1.525421446,0.518654725,0.887312541,-0.005507071,0.014718564
39.800000000,0.728671828,0.409964558,4.963974313,1.499725403,1.250635673,1.321588100,4.962015729,1.514226176,0.521963845,0.911623543,-0.001958584,0.014500772
39.830000000,0.739746066,0.417179294,4.958596528,1.491503949,1.264276099,1.347211200,4.963065750,1.505831837,0.524530033,0.930031906,0.004469222,0.014327888
39.860000000,0.750707269,0.424262686,4.960448939,1.482956449,1.277866352,1.372850315,4.964126939,1.497439025,0.527159083,0.948587630,0.003678000,0.014482575
39.900000000,0.765179465,0.433507085,4.947961945,1.473011889,1.295917941,1.407030082,4.965560834,1.486248453,0.530738475,0.973522998,0.017598889,0.013236563
39.930000000,0.775927944,0.440292046,4.955203098,1.464579026,1.309402108,1.432640584,4.966655571,1.477853499,0.533474165,0.992348539,0.011452473,0.013274473
39.960000000,0.786562556,0.446948485,4.956982909,1.456226526,1.322829781,1.458234581,4.967781676,1.469456190,0.536267225,1.011286096,0.010798767,0.013229665
40.000000000,0.990809632,0.727216828,4.961182752,1.445372802,1.340655879,1.492363644,4.969335158,1.458266442,0.349846246,0.765146816,0.008152406,0.012893640
