time_sec,est_x,est_y,est_z,est_yaw,true_x,true_y,true_z,true_yaw,err_x,err_y,err_z,err_yaw
0.0,-2.000024,-1.999985251,0.030605753,7e-05,-2.0,-2.0,0.050029904,-0.0,2.4e-05,-1.4749e-05,0.01942415,-7e-05
0.04,-2.000100751,-1.999936989,0.045748438,-0.007637517,-2.0,-2.0,0.050059808,-0.0,0.000100751,-6.3011e-05,0.004311369,0.007637517
0.07,-2.000208826,-1.99985807,0.045719854,-0.007452517,-2.0,-2.0,0.050089742,-0.0,0.000208826,-0.00014193,0.004369887,0.007452517
0.11,-2.000391247,-1.99969226,0.050876398,-0.013771997,-2.0,-2.0,0.050129732,-0.0,0.000391247,-0.00030774,-0.000746666,0.013771997
0.14,-2.000560196,-1.999516658,0.050908333,-0.011667073,-2.0,-2.0,0.050159731,-7.6884e-05,0.000560196,-0.000483342,-0.000748601,0.011590189
0.17,-2.000777791,-1.999289728,0.05135231,-0.012542073,-1.999999999,-1.999999999,0.050394148,-0.000927458,0.000777792,-0.000710272,-0.000958162,0.011614615
0.21,-2.001138274,-1.998902528,0.057157213,-0.01141833,-1.999998656,-1.999999642,0.05192365,-0.004080178,0.001139618,-0.001097115,-0.005233563,0.007338152
0.24,-2.001471618,-1.998564074,0.05921427,-0.012686444,-1.999994266,-1.999998377,0.054040266,-0.007670049,0.001477352,-0.001434303,-0.005174004,0.005016396
0.27,-2.001857326,-1.9981942,0.062505801,-0.016958944,-1.99998723,-1.999996075,0.056833563,-0.011994324,0.001870096,-0.001801875,-0.005672239,0.00496462
0.31,-2.002453962,-1.997633473,0.06398086,-0.01356357,-1.999975244,-1.999990944,0.061728104,-0.018869218,0.002478718,-0.00235747,-0.002252755,-0.005305648
0.34,-2.00296679,-1.997158797,0.066013375,-0.019787487,-1.999964385,-1.999985427,0.06621163,-0.024689194,0.003002405,-0.00282663,0.000198256,-0.004901707
0.37,-2.003533163,-1.996645625,0.071371102,-0.025939987,-1.999950719,-1.999978817,0.071246153,-0.030904394,0.003582444,-0.003333193,-0.000124949,-0.004964406
0.41,-2.004351795,-1.995898219,0.077811302,-0.030352884,-1.999926273,-1.99996896,0.078901047,-0.039786194,0.004425522,-0.004070741,0.001089744,-0.00943331
0.44,-2.005020366,-1.995294591,0.08077722,-0.037859403,-1.999904784,-1.999961729,0.085295221,-0.046803043,0.005115582,-0.004667138,0.004518001,-0.00894364
0.47,-2.005749571,-1.994658706,0.087774942,-0.044879403,-1.999881652,-1.999954976,0.092132929,-0.054031507,0.005867919,-0.005296271,0.004357986,-0.009152104
0.51,-2.033785977,-1.892670266,0.096501835,-0.055532786,-1.99984602,-1.999947315,0.102010239,-0.063987998,0.033939957,-0.107277049,0.005508405,-0.008455212
0.54,-2.035135445,-1.889886366,0.10722773,-0.064105075,-1.999814457,-1.999943246,0.109946771,-0.071645706,0.035320988,-0.11005688,0.002719041,-0.00754063
0.57,-2.036535656,-1.887056667,0.115959018,-0.071782575,-1.999780057,-1.999940906,0.118245404,-0.079416279,0.036755599,-0.112884239,0.002286387,-0.007633704
0.61,-2.038459831,-1.883218939,0.123859875,-0.083549371,-1.999730004,-1.999946305,0.129934834,-0.089946362,0.038729827,-0.116727367,0.006074959,-0.006396991
0.64,-2.039946869,-1.880265457,0.139062106,-0.091675861,-1.999686145,-1.999973578,0.139133797,-0.097944457,0.040260724,-0.119708121,7.1691e-05,-0.006268596
0.67,-2.041484675,-1.877245923,0.149295216,-0.099700861,-1.999634477,-2.000036381,0.148630958,-0.106003376,0.041850198,-0.122790457,-0.000664259,-0.006302515
0.71,-2.043581738,-1.873129991,0.167738985,-0.111612381,-1.999551906,-2.000222518,0.161813882,-0.116841864,0.044029831,-0.127092528,-0.005925103,-0.005229483
0.74,-2.045193378,-1.86999561,0.174262849,-0.117908833,-1.999486827,-2.000459447,0.172059557,-0.125024333,0.04570655,-0.130463837,-0.002203292,-0.0071155
0.77,-2.046840672,-1.866810997,0.185618978,-0.125951333,-1.999422893,-2.000770948,0.18254783,-0.133233485,0.047417779,-0.133959952,-0.003071148,-0.007282152
0.81,-2.049095628,-1.862498245,0.199344697,-0.135439469,-1.999335696,-2.001317132,0.196951771,-0.144220577,0.049759932,-0.138818887,-0.002392926,-0.008781108
0.84,-2.050836084,-1.859200665,0.211111093,-0.142015747,-1.999263045,-2.001814559,0.208047494,-0.152494078,0.051573039,-0.142613894,-0.003063598,-0.010478332
0.87,-2.052623866,-1.855855685,0.22328723,-0.150328247,-1.999185097,-2.00236796,0.219342184,-0.16078705,0.053438769,-0.146512275,-0.003945046,-0.010458803
0.91,-2.055097224,-1.851309065,0.228624817,-0.162148072,-1.999076181,-2.003195027,0.234745848,-0.171867006,0.056021043,-0.151885962,0.006121031,-0.009718934
0.94,-2.056996646,-1.847843026,0.244932491,-0.16878457,-1.998989893,-2.003873644,0.24653781,-0.180190558,0.058006753,-0.156030618,0.001605319,-0.011405988
0.97,-2.058940876,-1.844318178,0.257503583,-0.17688707,-1.998896132,-2.004591246,0.258494764,-0.188525211,0.060044745,-0.160273068,0.000991181,-0.011638141
1.01,-2.133640478,-1.872331298,0.277101019,-0.186786291,-1.998753712,-2.005614729,0.274720006,-0.199655958,0.134886766,-0.133283431,-0.002381012,-0.012869666
1.04,-2.136953989,-1.869209517,0.291944135,-0.196531278,-1.998637439,-2.006427884,0.287087989,-0.208011785,0.138316549,-0.137218367,-0.004856146,-0.011480506
1.07,-2.140316838,-1.866039542,0.305505267,-0.205048778,-1.998516396,-2.007271611,0.299592781,-0.216371254,0.141800442,-0.141232069,-0.005912486,-0.011322476
1.11,-2.144858025,-1.861743902,0.329317064,-0.218795753,-1.99834023,-2.008447932,0.316503417,-0.227524952,0.146517795,-0.146704031,-0.012813647,-0.008729198
1.14,-2.148305296,-1.85846792,0.343195929,-0.227783244,-1.998187454,-2.009359485,0.329351912,-0.235896454,0.150117842,-0.150891565,-0.013844017,-0.00811321
1.17,-2.15179392,-1.855154233,0.35771762,-0.235793244,-1.998016293,-2.010282117,0.342313378,-0.244273969,0.153777627,-0.155127884,-0.015404242,-0.008480725
1.21,-2.156506487,-1.850666646,0.375274955,-0.24801739,-1.997754428,-2.011511058,0.359792032,-0.25545094,0.158752059,-0.160844412,-0.015482923,-0.007433551
1.24,-2.160082051,-1.847242836,0.389960528,-0.256279336,-1.997530616,-2.012419685,0.373035141,-0.263837393,0.162551435,-0.165176849,-0.016925387,-0.007558057
1.27,-2.163682177,-1.84375961,0.404878991,-0.264526836,-1.997282658,-2.013316775,0.386370943,-0.272226251,0.166399519,-0.169557165,-0.018508048,-0.007699415
1.31,-2.168536251,-1.839015629,0.417009531,-0.274753851,-1.996903294,-2.014494748,0.404310871,-0.283410384,0.171632957,-0.175479119,-0.01269866,-0.008656533
1.34,-2.172214893,-1.835394206,0.424396664,-0.284235651,-1.996585642,-2.015368318,0.417877629,-0.291797722,0.175629252,-0.179974113,-0.006519035,-0.007562071
1.37,-2.175928956,-1.831708338,0.438740122,-0.292345651,-1.996246964,-2.016237385,0.431520448,-0.300185887,0.179681992,-0.184529046,-0.007219674,-0.007840236
1.41,-2.180947033,-1.826678443,0.455303367,-0.305084864,-1.995754743,-2.017394603,0.449841619,-0.311370927,0.18519229,-0.19071616,-0.005461748,-0.006286063
1.44,-2.184749764,-1.822830509,0.463702486,-0.312799523,-1.995350863,-2.018266926,0.463674369,-0.319759824,0.189398901,-0.195436417,-2.8116e-05,-0.0069603
1.47,-2.18859299,-1.818901242,0.47784855,-0.321217023,-1.994922251,-2.019144451,0.477569001,-0.328149134,0.193670739,-0.200243209,-0.000279548,-0.006932111
1.51,-2.092602854,-1.902650512,0.49619395,-0.332361723,-1.994311176,-2.020325379,0.496204037,-0.33933547,0.098291678,-0.117674867,1.0086e-05,-0.006973747
1.54,-2.094729382,-1.900161452,0.509462039,-0.342854703,-1.993823657,-2.021221466,0.510254859,-0.347725634,0.100905725,-0.121060013,0.00079282,-0.004870931
1.57,-2.096905009,-1.897606739,0.523821064,-0.351277203,-1.993311754,-2.022127631,0.5243595,-0.356118796,0.103593254,-0.124520892,0.000538436,-0.004841593
1.61,-2.099826958,-1.89409571,0.54392231,-0.36368949,-1.992584128,-2.023354699,0.543259471,-0.367310985,0.10724283,-0.129258989,-0.000662838,-0.003621495
1.64,-2.102031409,-1.891393207,0.558701397,-0.374723662,-1.992014356,-2.024279479,0.557503675,-0.375705707,0.110017054,-0.132886272,-0.001197722,-0.000982045
1.67,-2.104265414,-1.888647484,0.565401407,-0.382996162,-1.991432217,-2.025197973,0.571795371,-0.384100917,0.112833197,-0.136550489,0.006393964,-0.001104754
1.71,-2.10730041,-1.884910093,0.594049429,-0.394754729,-1.990624683,-2.026399316,0.590933542,-0.39529398,0.116675727,-0.141489223,-0.003115887,-0.000539251
1.74,-2.109622615,-1.882038051,0.603997386,-0.404299851,-1.98998258,-2.027280218,0.605346779,-0.403685954,0.119640035,-0.145242167,0.001349393,0.000613897
1.77,-2.11196887,-1.879103889,0.618796495,-0.412664851,-1.989313699,-2.028145986,0.619797959,-0.412074107,0.122655171,-0.149042097,0.001001463,0.000590744
1.81,-2.115131593,-1.875088918,0.650603821,-0.424562061,-1.988387144,-2.029271521,0.639137072,-0.423259324,0.126744448,-0.154182602,-0.011466749,0.001302736
1.84,-2.117547734,-1.872003824,0.658223886,-0.433483887,-1.987671167,-2.030098662,0.653687241,-0.431651577,0.129876567,-0.158094838,-0.004536644,0.00183231
1.87,-2.119979807,-1.868850012,0.673566659,-0.442018887,-1.986935232,-2.030920191,0.668271929,-0.440043432,0.133044575,-0.162070179,-0.005294731,0.001975455
1.91,-2.123261959,-1.864546003,0.700778307,-0.451938315,-1.985914363,-2.032014523,0.687772515,-0.451231161,0.137347596,-0.16746852,-0.013005792,0.000707154
1.94,-2.125743483,-1.861242848,0.708905063,-0.460167741,-1.985129119,-2.032835302,0.702438762,-0.459622907,0.140614364,-0.171592454,-0.006466301,0.000544835
1.97,-2.128249926,-1.857867705,0.724415722,-0.468565241,-1.984335487,-2.033656188,0.717131028,-0.468015176,0.143914439,-0.175788484,-0.007284694,0.000550065
2.01,-2.168155926,-1.886951431,0.736763607,-0.478691904,-1.983255718,-2.034758534,0.736767478,-0.479204487,0.184900209,-0.147807103,3.871e-06,-0.000512584
2.04,-2.171464415,-1.88399632,0.759240312,-0.485335429,-1.982422674,-2.035598214,0.751527242,-0.487596194,0.189041741,-0.151601895,-0.00771307,-0.002260765
2.07,-2.174781388,-1.880976297,0.77495535,-0.493722929,-1.981576227,-2.036447556,0.766308578,-0.495984984,0.193205161,-0.155471259,-0.008646772,-0.002262055
2.11,-2.179249669,-1.876852974,0.794103909,-0.505836171,-1.980434874,-2.037592295,0.786056638,-0.507167548,0.198814795,-0.160739321,-0.008047271,-0.001331377
2.14,-2.182634965,-1.873694739,0.801063056,-0.5142438,-1.979565094,-2.038455826,0.800892981,-0.515553572,0.203069871,-0.164761088,-0.000170075,-0.001309772
2.17,-2.186032595,-1.870502888,0.816255973,-0.5227288,-1.978675218,-2.039319998,0.815749722,-0.523938254,0.207357377,-0.16881711,-0.000506251,-0.001209454
2.21,-2.190586418,-1.866163242,0.832684524,-0.533496516,-1.977443177,-2.04046068,0.835590602,-0.535118181,0.213143241,-0.174297438,0.002906078,-0.001621665
2.24,-2.194022267,-1.862833392,0.85036043,-0.541182835,-1.976489381,-2.04129539,0.850495455,-0.543505542,0.217532885,-0.178461999,0.000135025,-0.002322707
2.27,-2.197467416,-1.859441178,0.865692346,-0.549385335,-1.975515104,-2.042113059,0.865413637,-0.551897813,0.221952312,-0.182671882,-0.000278709,-0.002512479
2.31,-2.20209855,-1.854813314,0.887550648,-0.560710045,-1.974169561,-2.043182334,0.885332377,-0.563089264,0.227928989,-0.18836902,-0.002218271,-0.002379219
2.34,-2.205600344,-1.851259897,0.90561617,-0.569148952,-1.973123167,-2.043977061,0.900287703,-0.571479734,0.232477177,-0.192717164,-0.005328467,-0.002330783
2.37,-2.209124629,-1.847633415,0.921414754,-0.577566452,-1.97205617,-2.044767316,0.915256201,-0.579870382,0.237068459,-0.1971339,-0.006158554,-0.00230393
2.41,-2.213856277,-1.842684452,0.943739287,-0.588714869,-1.970606721,-2.045813695,0.935234524,-0.591060592,0.243249556,-0.203129243,-0.008504763,-0.002345723
2.44,-2.217414554,-1.838895405,0.962221934,-0.595888081,-1.969496313,-2.046600706,0.950233086,-0.59945306,0.247918241,-0.207705301,-0.011988848,-0.003564978
2.47,-2.22099255,-1.835045338,0.97844044,-0.604175581,-1.968364491,-2.047395201,0.96524175,-0.607844821,0.25262806,-0.212349864,-0.013198689,-0.003669239
2.51,-2.137055603,-1.766058031,1.00267438,-0.614607445,-1.966821282,-2.04846907,0.985268641,-0.619033954,0.170234321,-0.282411039,-0.017405739,-0.004426509
2.54,-2.138824555,-1.760740032,1.013419565,-0.622446339,-1.965647699,-2.049281827,1.000301902,-0.627426009,0.173176856,-0.288541795,-0.013117663,-0.00497967
2.57,-2.140612604,-1.75537702,1.029612633,-0.630843839,-1.964462383,-2.050101497,1.015343358,-0.635812948,0.176150221,-0.294724478,-0.014269275,-0.004969109
2.61,-2.143026566,-1.748109879,1.03896347,-0.641855053,-1.962853198,-2.051221522,1.035418193,-0.646990912,0.180173368,-0.303111643,-0.003545276,-0.005135859
2.64,-2.14484447,-1.742588432,1.062027496,-0.650010889,-1.96163373,-2.052099986,1.050482372,-0.65537346,0.183210741,-0.309511554,-0.011545124,-0.005362571
2.67,-2.14666149,-1.737001699,1.078130134,-0.658255889,-1.96042218,-2.053019894,1.065556817,-0.663752972,0.186239311,-0.316018196,-0.012573317,-0.005497084
2.71,-2.149115749,-1.72942825,1.095450798,-0.669187878,-1.958850204,-2.054352982,1.085675862,-0.674919916,0.190265545,-0.324924732,-0.009774937,-0.005732037
2.73,-2.150957424,-1.723676709,1.103731632,-0.677208735,-1.958086726,-2.055074914,1.09574074,-0.680503237,0.192870699,-0.331398204,-0.007990892,-0.003294502
2.77,-2.152811346,-1.717865683,1.119235178,-0.685508735,-1.956605233,-2.05664148,1.115875537,-0.691687388,0.196206113,-0.338775797,-0.00335964,-0.006178653
2.81,-2.155303837,-1.70999874,1.140595523,-0.697016184,-1.955188033,-2.058363057,1.136016645,-0.702883502,0.200115804,-0.348364317,-0.004578878,-0.005867318
2.83,-2.157187805,-1.704013192,1.150278888,-0.705085867,-1.954503915,-2.059275671,1.146089106,-0.708476151,0.20268389,-0.355262478,-0.004189781,-0.003390284
2.87,-2.159077543,-1.697961426,1.165555711,-0.713528367,-1.953174516,-2.061198436,1.166236565,-0.7196564,0.205903027,-0.36323701,0.000680854,-0.006128032
2.91,-2.161634298,-1.689772117,1.184921351,-0.724865719,-1.95187901,-2.063249337,1.186389554,-0.730848419,0.209755288,-0.37347722,0.001468203,-0.0059827
2.94,-2.163555762,-1.683557174,1.200570308,-0.733186493,-1.95092669,-2.064867716,1.201506406,-0.7392456,0.212629072,-0.381310542,0.000936098,-0.006059107
2.97,-2.165478083,-1.677286634,1.213157585,-0.741421493,-1.949990151,-2.066537237,1.216626423,-0.747637981,0.215487931,-0.389250603,0.003468837,-0.006216488
2.98,-2.116472301,-1.857629709,1.232025005,-0.752954237,-1.949682773,-2.067109946,1.221666475,-0.750433897,0.166789528,-0.209480237,-0.01035853,0.002520341
3.04,-2.117426808,-1.855383287,1.248875385,-0.761177059,-1.947854561,-2.070660368,1.251913247,-0.767214023,0.169572247,-0.21527708,0.003037863,-0.006036964
3.07,-2.118384406,-1.853079821,1.261275375,-0.769372059,-1.946946565,-2.072518381,1.267040219,-0.775609312,0.171437841,-0.21943856,0.005764844,-0.006237253
3.11,-2.119673811,-1.849919294,1.277408422,-0.781257507,-1.945745621,-2.075072407,1.28721778,-0.786800605,0.17392819,-0.225153113,0.009809358,-0.005543098
3.14,-2.120646818,-1.8474953,1.292255074,-0.790570703,-1.944850926,-2.077019941,1.302355394,-0.795189184,0.175795892,-0.229524641,0.01010032,-0.004618481
3.17,-2.121616532,-1.845001108,1.307952366,-0.798665703,-1.943949944,-2.078974218,1.317496252,-0.803573613,0.177666588,-0.23397311,0.009543886,-0.00490791
3.21,-2.122939615,-1.841560602,1.325244414,-0.809781667,-1.942706308,-2.081570011,1.337692336,-0.814749908,0.180233307,-0.240009409,0.012447922,-0.004968241
3.24,-2.123944602,-1.838911664,1.340901279,-0.8172888,-1.941723656,-2.083496332,1.352838228,-0.823128452,0.182220946,-0.244584668,0.01193695,-0.005839652
3.27,-2.124948141,-1.836203729,1.353619531,-0.8255863,-1.94070282,-2.085401292,1.367983216,-0.831504995,0.184245321,-0.249197563,0.014363685,-0.005918695
3.31,-2.126266923,-1.832486967,1.378349627,-0.837157451,-1.939277794,-2.087898163,1.388174905,-0.842681745,0.186989128,-0.255411196,0.009825279,-0.005524294
3.34,-2.127259421,-1.829616046,1.395711766,-0.844947532,-1.93816449,-2.08974485,1.403317519,-0.851069429,0.189094931,-0.260128804,0.007605753,-0.006121896
3.37,-2.12824749,-1.826671953,1.413119176,-0.853315032,-1.937020464,-2.091578875,1.418459164,-0.859456509,0.191227026,-0.264906922,0.005339988,-0.006141477
3.41,-2.129581195,-1.822649522,1.430240932,-0.864832333,-1.935447531,-2.094004966,1.438644561,-0.870639328,0.194133664,-0.271355444,0.008403629,-0.005806995
3.44,-2.130579407,-1.819566147,1.445169035,-0.871821939,-1.934241413,-2.095809232,1.45378269,-0.879029563,0.196337994,-0.276243085,0.008613655,-0.007207624
3.47,-2.131593271,-1.816404411,1.459470178,-0.880119439,-1.933018828,-2.097604276,1.468918726,-0.887421066,0.198574443,-0.281199865,0.009448548,-0.007301627
3.51,-2.1089445,-1.896080296,1.476051247,-0.891264065,-1.931357956,-2.099989577,1.489099632,-0.898609091,0.177586544,-0.203909281,0.013048385,-0.007345026
3.54,-2.109618032,-1.894278956,1.491755124,-0.898680451,-1.930091765,-2.101775793,1.504232909,-0.906999675,0.179526267,-0.207496837,0.012477785,-0.008319223
3.57,-2.110276106,-1.892414743,1.500056724,-0.906997951,-1.928815153,-2.103558266,1.519366236,-0.915390352,0.181460953,-0.211143523,0.019309512,-0.008392401
3.61,-2.111160697,-1.889831481,1.523110045,-0.91727861,-1.927099674,-2.105925447,1.539541009,-0.926578909,0.184061023,-0.216093966,0.016430964,-0.009300299
3.64,-2.111829372,-1.887814123,1.538268032,-0.926097556,-1.9258026,-2.107692124,1.554668664,-0.934969272,0.186026772,-0.219878001,0.016400632,-0.008871716
3.67,-2.112494227,-1.885705914,1.55835217,-0.934142556,-1.924496283,-2.1094492,1.569793681,-0.943361404,0.187997944,-0.223743285,0.011441511,-0.009218848
3.71,-2.113375676,-1.882791196,1.576816214,-0.944333286,-1.922735732,-2.111764747,1.589957451,-0.954554088,0.190639945,-0.228973551,0.013141237,-0.010220802
3.74,-2.114040149,-1.88053993,1.593429935,-0.952959692,-1.921399312,-2.113477682,1.605076805,-0.962949964,0.192640837,-0.232937752,0.01164687,-0.009990271
3.77,-2.114708373,-1.878223512,1.608130535,-0.961667192,-1.920050069,-2.115175279,1.620194986,-0.971345916,0.194658304,-0.236951767,0.012064451,-0.009678724
3.81,-2.115583656,-1.875029974,1.628531344,-0.973233944,-1.918230101,-2.117413629,1.640348407,-0.982537707,0.197353555,-0.242383655,0.011817063,-0.009303764
3.84,-2.116244677,-1.872555005,1.645000472,-0.982415849,-1.916855696,-2.11907247,1.65546181,-0.990931193,0.199388981,-0.246517465,0.010461338,-0.008515344
3.87,-2.116913706,-1.870024932,1.658581529,-0.990538349,-1.915478219,-2.120716744,1.670573172,-0.999325383,0.201435487,-0.250691813,0.011991643,-0.008787033
3.91,-2.117797328,-1.866540434,1.690202855,-1.001830138,-1.913638543,-2.122887968,1.690719388,-1.010517523,0.204158786,-0.256347534,0.000516533,-0.008687385
3.94,-2.118467362,-1.863854107,1.705614995,-1.010223627,-1.912258242,-2.124504847,1.705826809,-1.018911218,0.206209119,-0.26065074,0.000211814,-0.008687591
3.97,-2.11914073,-1.861098682,1.720733998,-1.018343627,-1.910880226,-2.126112858,1.720932826,-1.027304928,0.208260504,-0.265014176,0.000198827,-0.008961302
4.01,-2.124272902,-1.892777224,1.74785791,-1.029505356,-1.909052401,-2.128237834,1.741072215,-1.038496711,0.2152205,-0.23546061,-0.006785694,-0.008991354
4.04,-2.125183927,-1.890353656,1.764134395,-1.037500657,-1.907690075,-2.129819339,1.756174878,-1.046890516,0.217493852,-0.239465683,-0.007959517,-0.009389858
4.07,-2.126085123,-1.887864703,1.775230711,-1.045925657,-1.906333702,-2.131394881,1.771277475,-1.055285084,0.219751421,-0.243530178,-0.003953236,-0.009359427
4.11,-2.127272199,-1.884430701,1.797399713,-1.05770456,-1.90453781,-2.133483917,1.791413126,-1.066477808,0.22273439,-0.249053216,-0.005986587,-0.008773248
4.14,-2.128142636,-1.881774871,1.814414837,-1.066295339,-1.903201991,-2.135035085,1.806515879,-1.074872726,0.224940645,-0.253260215,-0.007898958,-0.008577387
4.17,-2.129007253,-1.879075824,1.82234036,-1.074337839,-1.901872716,-2.136571526,1.821617936,-1.083266351,0.227134537,-0.257495701,-0.000722424,-0.008928512
4.21,-2.130166464,-1.875364799,1.845963195,-1.085342578,-1.90010449,-2.13859426,1.841754804,-1.094456241,0.230061974,-0.263229461,-0.004208391,-0.009113662
4.24,-2.131029072,-1.872513229,1.86289535,-1.09441174,-1.898776682,-2.14009301,1.856856639,-1.10284773,0.23225239,-0.267579781,-0.006038711,-0.00843599
4.27,-2.131882636,-1.869596437,1.873474081,-1.10248924,-1.897448024,-2.141576112,1.87195842,-1.111238669,0.234434612,-0.271979675,-0.001515661,-0.008749429
4.31,-2.132997577,-1.865590785,1.887145866,-1.113317704,-1.895678073,-2.14352078,1.892093826,-1.122427824,0.237319505,-0.277929995,0.004947959,-0.00911012
4.34,-2.133812873,-1.862512184,1.902039618,-1.121276293,-1.894352366,-2.144957596,1.907194953,-1.130820584,0.239460507,-0.282445412,0.005155335,-0.009544291
4.37,-2.13461465,-1.859366263,1.911516662,-1.129843793,-1.893027655,-2.146382263,1.922296249,-1.139213253,0.241586995,-0.287016,0.010779587,-0.00936946
4.41,-2.135655528,-1.855057669,1.934825359,-1.141681941,-1.891265619,-2.148259552,1.942429979,-1.150403403,0.244389909,-0.293201883,0.00760462,-0.008721462
4.44,-2.13641008,-1.85174685,1.951067465,-1.150166358,-1.889950521,-2.14964723,1.957530768,-1.158796492,0.246459559,-0.29790038,0.006463303,-0.008630134
4.47,-2.137144435,-1.848359549,1.965880921,-1.158503858,-1.88864067,-2.151020551,1.972630634,-1.167189766,0.248503765,-0.302661002,0.006749713,-0.008685908
4.51,-2.074045455,-1.960022166,1.991313413,-1.169461284,-1.886901961,-2.152832005,1.992764814,-1.178380663,0.187143494,-0.192809839,0.001451401,-0.008919379
4.54,-2.073391222,-1.958872198,2.007255929,-1.177616451,-1.88560355,-2.154177968,2.007864464,-1.18677376,0.187787672,-0.19530577,0.000608535,-0.009157309
4.57,-2.072726783,-1.957662727,2.021657244,-1.185841451,-1.884310558,-2.155512385,2.022964551,-1.195166569,0.188416225,-0.197849658,0.001307307,-0.009325117
4.61,-2.071812737,-1.95593801,2.049075176,-1.196844138,-1.88259959,-2.157266727,2.043095709,-1.20635651,0.189213147,-0.201328717,-0.005979467,-0.009512371
4.64,-2.071100474,-1.954556773,2.064870683,-1.205195853,-1.881330688,-2.158562651,2.058190406,-1.214749268,0.189769786,-0.204005879,-0.006680277,-0.009553415
4.67,-2.070363117,-1.953113348,2.078164013,-1.213705853,-1.880076953,-2.159843191,2.073282868,-1.223140512,0.190286165,-0.206729843,-0.004881145,-0.009434659
4.71,-2.069359108,-1.951075593,2.099335386,-1.225074784,-1.878442707,-2.161520664,2.093403746,-1.234327468,0.190916402,-0.210445071,-0.00593164,-0.009252684
4.74,-2.068578393,-1.949477475,2.1165236,-1.232336303,-1.877249848,-2.162758452,2.108492909,-1.242717559,0.191328545,-0.213280977,-0.008030691,-0.010381256
4.77,-2.067768412,-1.947818108,2.134969947,-1.240668803,-1.87608173,-2.163983702,2.123581563,-1.251108419,0.191686682,-0.216165594,-0.011388384,-0.010439616
4.81,-2.066652515,-1.945513096,2.154052025,-1.251661551,-1.874570253,-2.165593125,2.143697514,-1.262298747,0.192082263,-0.220080028,-0.010354511,-0.010637196
4.84,-2.0657941,-1.943712736,2.170816065,-1.259317059,-1.873471475,-2.166777752,2.1587839,-1.270691527,0.192322625,-0.223065016,-0.012032165,-0.011374468
4.87,-2.064929364,-1.941844144,2.178658667,-1.267692059,-1.872397353,-2.16794512,2.173868928,-1.279083751,0.192532011,-0.226100976,-0.004789739,-0.011391692
4.91,-2.063733079,-1.939236262,2.205956115,-1.279942938,-1.871007805,-2.169473101,2.193981809,-1.290274075,0.192725275,-0.230236839,-0.011974306,-0.010331137
4.94,-2.062796035,-1.937205023,2.222319655,-1.288924664,-1.869996303,-2.170598299,2.209064901,-1.298667642,0.192799732,-0.233393276,-0.013254754,-0.009742978
4.97,-2.061848683,-1.935122559,2.231161084,-1.297344664,-1.869007215,-2.171706083,2.224147812,-1.307060989,0.192841469,-0.236583524,-0.007013273,-0.009716325
4.98,-2.000012484,-2.032666117,2.246167443,-1.309431822,-1.868685023,-2.172069006,2.22917519,-1.309858585,0.131327461,-0.139402889,-0.016992253,-0.000426763
5.04,-1.997843126,-2.032391939,2.26203621,-1.317478624,-1.866800746,-2.174206407,2.25933771,-1.326643597,0.131042379,-0.141814468,-0.0026985,-0.009164973
5.07,-1.995640661,-2.032074285,2.282518512,-1.325421124,-1.865892638,-2.175248765,2.274419314,-1.335035968,0.129748022,-0.14317448,-0.008099197,-0.009614844
5.11,-1.992661562,-2.03155937,2.307102985,-1.337101459,-1.86472184,-2.176606057,2.294530266,-1.346227587,0.127939722,-0.145046687,-0.01257272,-0.009126128
5.13,-1.990403123,-2.031114365,2.320693849,-1.346107549,-1.864156245,-2.177267735,2.304587428,-1.351822505,0.126246878,-0.146153369,-0.016106421,-0.005714956
5.17,-1.988116373,-2.030602821,2.336935536,-1.354545049,-1.863076098,-2.178553371,2.324703052,-1.363012265,0.125040275,-0.14795055,-0.012232484,-0.008467216
5.21,-1.985040062,-2.029835881,2.361806316,-1.365100312,-1.862079182,-2.17979475,2.344822237,-1.374204416,0.12296088,-0.149958869,-0.01698408,-0.009104104
5.23,-1.982711141,-2.02920727,2.367033305,-1.373131675,-1.86161618,-2.180401439,2.354882309,-1.379802316,0.121094961,-0.151194169,-0.012150996,-0.006670641
5.27,-1.980369802,-2.028527458,2.382854952,-1.381534175,-1.860766082,-2.181584361,2.375002183,-1.391001218,0.11960372,-0.153056903,-0.007852769,-0.009467043
5.31,-1.977202172,-2.027511052,2.409021693,-1.392325303,-1.860019186,-2.182718557,2.395123097,-1.402195916,0.117182986,-0.155207506,-0.013898596,-0.009870613
5.34,-1.974780691,-2.026679983,2.425099133,-1.400920607,-1.859528045,-2.183535259,2.410213625,-1.410588873,0.115252646,-0.156855276,-0.014885508,-0.009668266
5.37,-1.972320261,-2.025789612,2.441100704,-1.409438107,-1.859085009,-2.18432957,2.425304906,-1.418983409,0.113235252,-0.158539959,-0.015795798,-0.009545302
5.41,-1.968996077,-2.024507221,2.462225352,-1.421314473,-1.858579856,-2.185345755,2.445425703,-1.430178946,0.110416221,-0.160838534,-0.016799649,-0.008864473
5.43,-1.966475025,-2.023500151,2.47767318,-1.429929864,-1.858361724,-2.185833331,2.455486828,-1.435775652,0.108113301,-0.16233318,-0.022186352,-0.005845787
5.47,-1.963914236,-2.022438705,2.49402305,-1.438424864,-1.857993009,-2.186764567,2.475607801,-1.446965604,0.105921227,-0.164325862,-0.018415249,-0.00854074
5.51,-1.857657013,-1.998151394,2.510822574,-1.449768755,-1.857711846,-2.187642319,2.495729711,-1.458156618,-5.4832e-05,-0.189490925,-0.015092863,-0.008387862
5.54,-1.852960509,-1.996061083,2.527260683,-1.458480373,-1.85755965,-2.188265535,2.510820271,-1.466552951,-0.004599141,-0.192204453,-0.016440413,-0.008072578
5.57,-1.84821267,-1.993935494,2.542986257,-1.466597873,-1.857449764,-2.188860086,2.525914299,-1.474951448,-0.009237094,-0.194924592,-0.017071958,-0.008353575
5.61,-1.841836254,-1.991009419,2.554655505,-1.477713478,-1.857384966,-2.189597667,2.546049557,-1.486144203,-0.015548713,-0.198588248,-0.008605948,-0.008430724
5.64,-1.837008484,-1.988743463,2.56955154,-1.487178558,-1.857413596,-2.190118014,2.561155291,-1.494540325,-0.020405113,-0.201374551,-0.008396248,-0.007361767
5.67,-1.832124234,-1.986422498,2.577922226,-1.495691058,-1.857516731,-2.190621341,2.576266071,-1.502941464,-0.025392498,-0.204198843,-0.001656155,-0.007250406
5.71,-1.825532692,-1.983270504,2.596502383,-1.507440717,-1.857829703,-2.191261332,2.596424573,-1.514145341,-0.032297011,-0.207990827,-7.781e-05,-0.006704624
5.74,-1.820535495,-1.980855057,2.61140982,-1.516606201,-1.858220771,-2.191712533,2.611545788,-1.522537049,-0.037685276,-0.210857476,0.000135968,-0.005930848
5.77,-1.815495844,-1.978396449,2.628531993,-1.524861201,-1.858733095,-2.192143578,2.62666552,-1.530917936,-0.04323725,-0.213747128,-0.001866472,-0.006056735
5.81,-1.80870519,-1.975021223,2.646869069,-1.535764226,-1.859639809,-2.192690739,2.646825212,-1.54210051,-0.050934619,-0.217669516,-4.3857e-05,-0.006336283
5.84,-1.803567017,-1.972425026,2.661618292,-1.544789004,-1.860483248,-2.193081783,2.661942777,-1.550500955,-0.056916231,-0.220656757,0.000324484,-0.005711951
5.87,-1.798394414,-1.969781882,2.673982139,-1.553091504,-1.861441486,-2.193454104,2.677060519,-1.558897592,-0.063047073,-0.223672222,0.00307838,-0.005806089
5.91,-1.791426515,-1.96619476,2.693735135,-1.565178883,-1.862921856,-2.193912883,2.697214104,-1.570076504,-0.071495342,-0.227718124,0.003478969,-0.004897621
5.94,-1.786158618,-1.963455325,2.708052072,-1.574556761,-1.864178288,-2.194235327,2.712328913,-1.578464177,-0.07801967,-0.230780001,0.004276841,-0.003907416
5.97,-1.780847633,-1.960676722,2.728165396,-1.582709261,-1.865537855,-2.194545531,2.727442031,-1.58686159,-0.084690222,-0.233868808,-0.000723365,-0.00415233
6.01,-1.887211971,-1.977401299,2.744325014,-1.593264969,-1.867534674,-2.194931102,2.747591614,-1.5980595,0.019677298,-0.217529803,0.003266601,-0.004794531
6.04,-1.884696345,-1.974867219,2.760204416,-1.602161006,-1.869166223,-2.195194336,2.762702217,-1.606446974,0.015530122,-0.220327116,0.002497801,-0.004285968
6.07,-1.882133461,-1.972274773,2.776217591,-1.610371006,-1.870892826,-2.195441728,2.777814206,-1.61483803,0.011240635,-0.223166955,0.001596616,-0.004467024
6.11,-1.878634183,-1.968742729,2.800985338,-1.621863539,-1.873359491,-2.195750503,2.797969621,-1.626048443,0.005274692,-0.227007774,-0.003015717,-0.004184905
6.14,-1.875961186,-1.966041193,2.815897986,-1.630142739,-1.875309428,-2.195961242,2.813088546,-1.634462052,0.000651758,-0.229920049,-0.00280944,-0.004319313
6.17,-1.873249194,-1.963294064,2.822006691,-1.638635239,-1.877308051,-2.196150447,2.82821348,-1.642868236,-0.004058857,-0.232856382,0.006206789,-0.004232997
6.21,-1.869560204,-1.959536552,2.840172899,-1.650427507,-1.880014472,-2.196367663,2.848392884,-1.654065165,-0.010454269,-0.236831111,0.008219984,-0.003637658
6.24,-1.866722834,-1.956647272,2.854915154,-1.658391776,-1.882044776,-2.196518029,2.863535188,-1.662464245,-0.015321942,-0.239870757,0.008620034,-0.004072469
6.27,-1.863815871,-1.953713091,2.859385097,-1.667021776,-1.884064122,-2.196662496,2.878679341,-1.670859463,-0.020248251,-0.242949405,0.019294244,-0.003837687
6.31,-1.859853426,-1.949745791,2.88221493,-1.677526337,-1.886727866,-2.196833847,2.898879676,-1.682048102,-0.02687444,-0.247088057,0.016664746,-0.004521766
6.33,-1.856834765,-1.946720689,2.89393743,-1.685844509,-1.888047575,-2.19690842,2.908981036,-1.68764384,-0.031212811,-0.250187731,0.015043606,-0.001799331
6.37,-1.853756565,-1.943652301,2.908543853,-1.694349509,-1.890666822,-2.197045183,2.929189297,-1.698836234,-0.036910258,-0.253392882,0.020645444,-0.004486725
6.41,-1.849577091,-1.939511152,2.929122022,-1.705760149,-1.893265701,-2.197177445,2.949401595,-1.710027763,-0.04368861,-0.257666293,0.020279574,-0.004267614
6.44,-1.846376883,-1.936366248,2.943035508,-1.712726632,-1.895203725,-2.197267887,2.964564586,-1.718421592,-0.048826843,-0.260901639,0.021529078,-0.00569496
6.47,-1.843135334,-1.933188062,2.956810349,-1.720974132,-1.897134811,-2.197346954,2.979729406,-1.726815181,-0.053999478,-0.264158892,0.022919056,-0.00584105
6.51,-1.934904067,-1.91030865,2.986993313,-1.732658813,-1.899701186,-2.197439563,2.999951997,-1.738005626,0.035202881,-0.287130913,0.012958684,-0.005346813
6.54,-1.933642441,-1.906539021,3.00199026,-1.741153775,-1.901624224,-2.19751054,3.015121807,-1.746398277,0.032018217,-0.290971519,0.013131547,-0.005244502
6.57,-1.932315436,-1.902726516,3.01768246,-1.749311275,-1.903547836,-2.197581897,3.03029308,-1.754786769,0.0287676,-0.294855381,0.01261062,-0.005475494
6.61,-1.930455171,-1.897588601,3.048969518,-1.760049442,-1.906110744,-2.197666672,3.050527761,-1.765967173,0.024344426,-0.300078071,0.001558243,-0.005917731
6.63,-1.92899148,-1.893703191,3.067703282,-1.768404575,-1.90738581,-2.197704823,3.060644301,-1.77155654,0.02160567,-0.304001632,-0.007058981,-0.003151965
6.67,-1.927482519,-1.889787518,3.08437451,-1.776672075,-1.909901157,-2.197787412,3.080881374,-1.782732789,0.017581362,-0.307999894,-0.003493136,-0.006060714
6.71,-1.925401717,-1.884526988,3.108994248,-1.78700851,-1.912333897,-2.197893608,3.101124483,-1.793907723,0.01306782,-0.313366619,-0.007869765,-0.006899213
6.73,-1.923784123,-1.880552433,3.122745383,-1.795781068,-1.91350732,-2.197955552,3.111247638,-1.79949602,0.010276803,-0.317403118,-0.011497745,-0.003714952
6.77,-1.922112491,-1.876558859,3.139478545,-1.804041068,-1.915755406,-2.198096175,3.131492395,-1.810685256,0.006357085,-0.321537317,-0.00798615,-0.006644188
6.81,-1.919805128,-1.871190674,3.156608339,-1.815722833,-1.917871104,-2.198271717,3.151736383,-1.82188185,0.001934024,-0.327081043,-0.004871957,-0.006159016
6.83,-1.918003737,-1.867136315,3.172407303,-1.823838687,-1.918881892,-2.198377459,3.161857746,-1.827475446,-0.000878154,-0.331241144,-0.010549557,-0.003636759
6.87,-1.916128669,-1.86304438,3.188879367,-1.832016187,-1.920814575,-2.198622151,3.182098891,-1.838658329,-0.004685907,-0.335577772,-0.006780476,-0.006642142
6.91,-1.913518497,-1.857550855,3.214379327,-1.843243454,-1.922635091,-2.198902008,3.20233946,-1.849850675,-0.009116595,-0.341351153,-0.012039867,-0.006607221
6.93,-1.911483791,-1.853393161,3.22721726,-1.851420261,-1.92350683,-2.199056515,3.212458456,-1.855449078,-0.012023039,-0.345663353,-0.014758804,-0.004028817
6.97,-1.909396723,-1.849194317,3.243802286,-1.859700261,-1.925182107,-2.199405284,3.232697458,-1.866639797,-0.015785383,-0.350210967,-0.011104828,-0.006939536
7.01,-2.054334067,-1.911177744,3.256528924,-1.870399227,-1.926774365,-2.199808743,3.252933446,-1.877824517,0.127559702,-0.288630999,-0.003595478,-0.007425291
7.03,-2.055206006,-1.90844804,3.269852958,-1.879059765,-1.927541007,-2.200027549,3.263052235,-1.883419004,0.127664999,-0.291579509,-0.006800723,-0.00435924
7.07,-2.056010369,-1.90570117,3.285717943,-1.887359765,-1.9290205,-2.200498794,3.283289366,-1.894620853,0.126989869,-0.294797623,-0.002428576,-0.007261089
7.11,-2.056999945,-1.902005599,3.306305197,-1.898461602,-1.930433213,-2.201026928,3.303535243,-1.905821372,0.126566732,-0.299021329,-0.002769954,-0.00735977
7.13,-2.057690565,-1.899203412,3.320457909,-1.906879656,-1.931108493,-2.201313716,3.31365875,-1.911417895,0.126582073,-0.302110305,-0.006799159,-0.004538239
7.17,-2.058342451,-1.896372873,3.336317264,-1.915172156,-1.932364929,-2.20192644,3.333914031,-1.922620866,0.125977521,-0.305553567,-0.002403233,-0.00744871
7.21,-2.059153594,-1.892534048,3.349547839,-1.926666022,-1.933450979,-2.202600007,3.354177947,-1.933845424,0.125702615,-0.310065959,0.004630108,-0.007179402
7.24,-2.059685987,-1.889607002,3.365004347,-1.934912681,-1.934126256,-2.203169825,3.369383179,-1.942254779,0.125559731,-0.313562823,0.004378832,-0.007342099
7.27,-2.060166077,-1.886651381,3.37191714,-1.943317681,-1.934692836,-2.203795375,3.384588796,-1.950640517,0.125473241,-0.317143993,0.012671656,-0.007322836
7.31,-2.060721616,-1.882676478,3.394167597,-1.954912702,-1.935237964,-2.204721766,3.404868032,-1.961816424,0.125483652,-0.322045288,0.010700435,-0.006903723
7.33,-2.061062749,-1.879669486,3.40147652,-1.96360665,-1.935422629,-2.205217797,3.415008237,-1.967420711,0.12564012,-0.325548311,0.013531718,-0.003814061
7.37,-2.061358469,-1.876614161,3.416142569,-1.97194165,-1.935623246,-2.206282443,3.435289772,-1.978640224,0.125735223,-0.329668282,0.019147203,-0.006698574
7.41,-2.061665686,-1.872502744,3.448373588,-1.983603555,-1.935613127,-2.207459391,3.455574454,-1.989823922,0.126052559,-0.334956648,0.007200866,-0.006220367
7.44,-2.061832928,-1.869403875,3.463587992,-1.991436853,-1.935464538,-2.208413385,3.470788723,-1.99820282,0.12636839,-0.33900951,0.007200731,-0.006765967
7.47,-2.061952664,-1.866280736,3.480072813,-1.999969353,-1.935213235,-2.209410184,3.48600512,-2.006599053,0.126739428,-0.343129448,0.005932307,-0.0066297
7.51,-1.978779122,-2.003369446,3.501996894,-2.011436608,-1.93469798,-2.210819806,3.50629243,-2.017815053,0.044081142,-0.207450361,0.004295535,-0.006378445
7.53,-1.976492677,-2.003207515,3.514609576,-2.019982716,-1.934372428,-2.211563724,3.516438588,-2.023413918,0.042120249,-0.208356209,0.001829013,-0.003431201
7.57,-1.974159454,-2.003032555,3.530311207,-2.028310216,-1.933593011,-2.213131688,3.536730376,-2.034595214,0.040566443,-0.210099133,0.006419169,-0.006284998
7.61,-1.970954104,-2.002761413,3.557011328,-2.039968972,-1.932648105,-2.214784407,3.557031819,-2.04579395,0.038305999,-0.212022994,2.0491e-05,-0.005824978
7.64,-1.968480982,-2.002532661,3.572871242,-2.048669833,-1.931850893,-2.216064124,3.572257602,-2.054209808,0.036630089,-0.213531463,-0.000613641,-0.005539975
7.67,-1.965949057,-2.002274385,3.583848006,-2.056854833,-1.931019946,-2.217366919,3.587486737,-2.062624744,0.03492911,-0.215092534,0.003638731,-0.005769911
7.71,-1.962453598,-2.001901893,3.601402918,-2.067684818,-1.929910597,-2.219125657,3.607796519,-2.073835713,0.032543001,-0.217223764,0.006393602,-0.006150895
7.73,-1.959779981,-2.001588276,3.623217833,-2.075781257,-1.929373719,-2.219999159,3.617953801,-2.079442352,0.030406262,-0.218410883,-0.005264031,-0.003661095
7.77,-1.957056459,-2.001265954,3.63941962,-2.084191257,-1.928362189,-2.221705873,3.638270358,-2.090643916,0.02869427,-0.220439919,-0.001149262,-0.006452659
7.81,-1.953314871,-2.000811514,3.660622625,-2.094944009,-1.927467038,-2.223350408,3.658587909,-2.101829442,0.025847834,-0.222538894,-0.002034716,-0.006885433
7.83,-1.950448959,-2.000445171,3.678349253,-2.103035378,-1.927073788,-2.224150866,3.668747938,-2.107428592,0.023375171,-0.223705696,-0.009601315,-0.004393215
7.87,-1.94753083,-2.000050122,3.694792359,-2.111457878,-1.926403516,-2.225699632,3.689066028,-2.118640958,0.021127314,-0.225649509,-0.005726331,-0.007183081
7.91,-1.943541755,-1.999482125,3.710216109,-2.121894985,-1.925886817,-2.227157442,3.709387251,-2.129834717,0.017654938,-0.227675317,-0.000828858,-0.007939732
7.94,-1.940485289,-1.999008791,3.726456184,-2.129490297,-1.925609946,-2.228185687,3.724626675,-2.138217084,0.014875343,-0.229176896,-0.00182951,-0.008726787
7.97,-1.937362382,-1.998510605,3.742902718,-2.137722797,-1.92542045,-2.229172629,3.739868241,-2.146608898,0.011941932,-0.230662024,-0.003034476,-0.008886101
8.01,-1.954442662,-1.991075531,3.765121522,-2.149091223,-1.92533156,-2.230412249,3.760186628,-2.157820115,0.029111102,-0.239336718,-0.004934894,-0.008728893
8.03,-1.951671482,-1.989999872,3.775912737,-2.157325471,-1.925351484,-2.230995012,3.770347307,-2.163421497,0.026319998,-0.240995139,-0.00556543,-0.006096026
8.07,-1.948841791,-1.988906044,3.791906154,-2.165497971,-1.925516564,-2.232079782,3.790665236,-2.174601893,0.023325227,-0.243173738,-0.001240917,-0.009103922
8.11,-1.944974673,-1.987400835,3.812999965,-2.176703572,-1.925855765,-2.233069898,3.810984488,-2.18578641,0.019118907,-0.245669063,-0.002015478,-0.009082838
8.14,-1.942028507,-1.986238635,3.830305197,-2.184857151,-1.926229979,-2.23375611,3.826221616,-2.194194196,0.015798527,-0.247517475,-0.004083581,-0.009337045
8.17,-1.939035823,-1.985058097,3.846527807,-2.192937151,-1.926682996,-2.234398324,3.841459751,-2.202601644,0.012352827,-0.249340227,-0.005068057,-0.009664493
8.21,-1.934960058,-1.983461625,3.868009692,-2.203986242,-1.927414703,-2.235170328,3.861776672,-2.21378729,0.007545355,-0.251708703,-0.00623302,-0.009801048
8.24,-1.931823094,-1.982237135,3.882780576,-2.212816366,-1.928055889,-2.235697822,3.877014962,-2.222173887,0.003767205,-0.253460687,-0.005765614,-0.00935752
8.27,-1.92861994,-1.980991193,3.8990543,-2.221091366,-1.928764735,-2.236197496,3.892253817,-2.230571771,-0.000144795,-0.255206303,-0.006800483,-0.009480405
8.31,-1.924250508,-1.979317757,3.922103822,-2.231904389,-1.929823574,-2.236812724,3.912571127,-2.241776605,-0.005573066,-0.257494967,-0.009532695,-0.009872216
8.34,-1.9208894,-1.978059794,3.937715496,-2.24049357,-1.930690987,-2.237229464,3.927810408,-2.25016783,-0.009801587,-0.25916967,-0.009905088,-0.00967426
8.37,-1.917454725,-1.976785707,3.954163539,-2.24872357,-1.931610497,-2.237616587,3.943047929,-2.258552941,-0.014155772,-0.26083088,-0.01111561,-0.009829371
8.41,-1.912757398,-1.975081941,3.975076766,-2.260172625,-1.932939936,-2.238094445,3.963367726,-2.269744071,-0.020182539,-0.263012504,-0.01170904,-0.009571446
8.44,-1.909161561,-1.973795315,3.989353522,-2.268909095,-1.934013538,-2.238427569,3.978605386,-2.278146111,-0.024851977,-0.264632254,-0.010748135,-0.009237016
8.47,-1.905493319,-1.972500493,4.005814617,-2.277251595,-1.935135981,-2.238737052,3.993845514,-2.28654341,-0.029642663,-0.266236559,-0.011969102,-0.009291814
8.51,-1.928179488,-1.987299659,4.023076563,-2.288881751,-1.936716466,-2.239105148,4.014163332,-2.297725376,-0.008536978,-0.251805489,-0.008913231,-0.008843624
8.54,-1.924949551,-1.986199258,4.044228453,-2.296789552,-1.937971168,-2.239359427,4.029404247,-2.306115326,-0.013021617,-0.253160169,-0.014824206,-0.009325775
8.57,-1.921658834,-1.985096209,4.060824667,-2.304887052,-1.939279009,-2.239603403,4.044643505,-2.314513031,-0.017620175,-0.254507193,-0.016181163,-0.00962598
8.61,-1.917184991,-1.983617715,4.070944221,-2.31728067,-1.941109723,-2.23990292,4.064963359,-2.32571088,-0.023924732,-0.256285205,-0.005980862,-0.00843021
8.64,-1.91376504,-1.982495421,4.087555049,-2.324999236,-1.942538,-2.240102623,4.080202815,-2.334099741,-0.02877296,-0.257607202,-0.007352234,-0.009100505
8.67,-1.910254114,-1.981363461,4.103757204,-2.333401736,-1.944007518,-2.240289299,4.095442109,-2.342486429,-0.033753404,-0.258925838,-0.008315095,-0.009084693
8.71,-1.90547454,-1.979841791,4.126222854,-2.344027141,-1.946049486,-2.240529053,4.11576278,-2.353678538,-0.040574946,-0.260687261,-0.010460074,-0.009651397
8.74,-1.901811675,-1.978697587,4.148465329,-2.353590385,-1.947637686,-2.240702401,4.131002274,-2.362076073,-0.045826011,-0.262004813,-0.017463055,-0.008485688
8.77,-1.898086046,-1.977551856,4.165112119,-2.361810385,-1.949259428,-2.24086632,4.146243664,-2.370469205,-0.051173383,-0.263314463,-0.018868455,-0.008658819
8.81,-1.893010268,-1.975996925,4.190812717,-2.373227224,-1.951481922,-2.241070652,4.166563074,-2.381653545,-0.058471654,-0.265073727,-0.024249644,-0.00842632
8.84,-1.889123093,-1.974817116,4.213856628,-2.381722402,-1.953202671,-2.241224276,4.18180514,-2.390046225,-0.064079577,-0.266407161,-0.032051488,-0.008323823
8.87,-1.885178389,-1.973626637,4.231041526,-2.390197402,-1.954963955,-2.241380523,4.197044947,-2.398443065,-0.069785566,-0.267753887,-0.033996579,-0.008245663
8.91,-1.879816488,-1.972026977,4.255371125,-2.40187382,-1.957375274,-2.241584201,4.217367764,-2.409635944,-0.077558787,-0.269557225,-0.038003361,-0.007762124
8.94,-1.875717513,-1.970814335,4.270045124,-2.410685481,-1.959227023,-2.241730414,4.232607727,-2.418024973,-0.08350951,-0.27091608,-0.037437397,-0.007339492
8.97,-1.871542688,-1.969603088,4.28731979,-2.419175481,-1.961116398,-2.241877446,4.247849512,-2.426414712,-0.08957371,-0.272274358,-0.039470278,-0.007239231
9.01,-1.979518636,-1.998383863,4.306835747,-2.430518944,-1.963714011,-2.242082878,4.268170602,-2.437608927,0.015804625,-0.243699015,-0.038665145,-0.007089983
9.04,-1.977680808,-1.997737014,4.31497902,-2.438203415,-1.965715564,-2.242238616,4.283412335,-2.44600498,0.011965245,-0.244501602,-0.031566685,-0.007801565
9.07,-1.975774105,-1.997098548,4.331976331,-2.446380915,-1.96775098,-2.242390944,4.298655142,-2.454399278,0.008023125,-0.245292396,-0.033321189,-0.008018363
9.11,-1.973111526,-1.996246194,4.350841449,-2.457487153,-1.970531277,-2.242593518,4.318981456,-2.465591955,0.002580249,-0.246347323,-0.031859993,-0.008104802
9.14,-1.971023853,-1.995614406,4.365866149,-2.467002809,-1.972666638,-2.242754407,4.334224942,-2.473990438,-0.001642784,-0.247140001,-0.031641206,-0.006987629
9.17,-1.968878254,-1.994992524,4.38281,-2.475332809,-1.974828323,-2.242923818,4.349467682,-2.482389539,-0.00595007,-0.247931293,-0.033342318,-0.00705673
9.21,-1.965912002,-1.994186644,4.403765076,-2.487405018,-1.977733831,-2.243167756,4.369791774,-2.493585823,-0.011821828,-0.248981111,-0.033973302,-0.006180805
9.24,-1.963599745,-1.993597347,4.413414876,-2.495902566,-1.979922391,-2.243375869,4.385033513,-2.501982656,-0.016322647,-0.249778522,-0.028381363,-0.00608009
9.27,-1.961229154,-1.993001898,4.430206805,-2.504480066,-1.982118788,-2.24361218,4.40027654,-2.510377557,-0.020889634,-0.250610282,-0.029930265,-0.00589749
9.31,-1.957972138,-1.992218369,4.45151147,-2.515338438,-1.985052832,-2.243983972,4.420597331,-2.521564749,-0.027080694,-0.251765604,-0.030914139,-0.006226311
9.34,-1.955453267,-1.991631374,4.469158109,-2.522857611,-1.987242562,-2.24430058,4.435839665,-2.529957283,-0.031789294,-0.252669206,-0.033318443,-0.007099672
9.37,-1.952863952,-1.991046318,4.48608377,-2.531495111,-1.989421053,-2.244644128,4.451079627,-2.538353537,-0.0365571,-0.25359781,-0.035004143,-0.006858426
9.41,-1.949309682,-1.990264846,4.484125431,-2.542982478,-1.992315201,-2.245159369,4.471401909,-2.549546553,-0.043005519,-0.254894523,-0.012723521,-0.006564075
9.44,-1.946559747,-1.989678992,4.507772315,-2.552537855,-1.99448137,-2.24558992,4.486640959,-2.557936345,-0.047921623,-0.255910929,-0.021131356,-0.00539849
9.47,-1.943739739,-1.989101174,4.524302722,-2.561017855,-1.996638187,-2.246046993,4.501881377,-2.566326863,-0.052898448,-0.256945819,-0.022421344,-0.005309009
9.51,-2.05022075,-2.057270975,4.542103742,-2.572640301,-1.999489012,-2.246696211,4.522199596,-2.577520601,0.050731738,-0.189425236,-0.019904146,-0.0048803
9.54,-2.04945606,-2.058125981,4.561642304,-2.580584627,-2.001616481,-2.247214289,4.537430958,-2.585915979,0.047839579,-0.189088308,-0.024211346,-0.005331351
9.57,-2.048630271,-2.058984711,4.578272526,-2.588964627,-2.003742924,-2.247756409,4.552644519,-2.594308261,0.044887347,-0.188771698,-0.025628006,-0.005343634
9.61,-2.047434949,-2.060142272,4.597026661,-2.600268657,-2.006569365,-2.248512932,4.572843806,-2.605495486,0.040865584,-0.188370659,-0.024182855,-0.005226828
9.64,-2.046465927,-2.061027465,4.605925728,-2.609277522,-2.008667482,-2.249090206,4.587901179,-2.613888765,0.037798446,-0.188062741,-0.018024549,-0.004611243
9.67,-2.045422948,-2.061934578,4.62212039,-2.617667522,-2.01074743,-2.249668631,4.602868712,-2.622283643,0.034675518,-0.187734053,-0.019251678,-0.004616121
9.71,-2.043907986,-2.063144357,4.644154591,-2.628269931,-2.013501319,-2.25044069,4.622620775,-2.633476671,0.030406667,-0.187296333,-0.021533816,-0.005206739
9.74,-2.042689879,-2.064064016,4.665693739,-2.636549208,-2.015556653,-2.25101442,4.637261374,-2.641872462,0.027133226,-0.186950404,-0.028432365,-0.005323254
9.77,-2.041397064,-2.065003987,4.681809423,-2.644919208,-2.017596597,-2.25157441,4.651769263,-2.650269523,0.023800467,-0.186570423,-0.03004016,-0.005350314
9.81,-2.039577511,-2.066276211,4.703312873,-2.655610511,-2.020275852,-2.25227978,4.670818088,-2.661463792,0.01930166,-0.186003569,-0.032494784,-0.005853282
9.84,-2.038138303,-2.067226476,4.707438229,-2.663963694,-2.022261284,-2.25277366,4.684860368,-2.669859129,0.015877019,-0.185547184,-0.022577861,-0.005895435
9.87,-2.036631144,-2.068190425,4.722731947,-2.672036194,-2.024236128,-2.253240955,4.698712729,-2.678258567,0.012395015,-0.18505053,-0.024019218,-0.006222372
9.91,-2.034519393,-2.069511891,4.741175696,-2.683293369,-2.026841845,-2.25380348,4.716791878,-2.689463657,0.007677548,-0.184291589,-0.024383817,-0.006170288
9.94,-2.032861283,-2.070520657,4.763156569,-2.691695813,-2.028761097,-2.254166536,4.730056331,-2.69786231,0.004100185,-0.183645879,-0.033100238,-0.006166498
9.97,-2.031136703,-2.071551948,4.777995411,-2.699858313,-2.030654759,-2.254483142,4.743101824,-2.706256524,0.000481944,-0.182931194,-0.034893587,-0.006398212
10.01,-2.033611088,-2.00603225,4.791962368,-2.711286632,-2.033147995,-2.254821415,4.760072452,-2.717455974,0.000463093,-0.248789165,-0.031889916,-0.006169342
10.04,-2.031523433,-2.005373829,4.803729225,-2.718962558,-2.034994962,-2.255007843,4.772462744,-2.725863159,-0.003471528,-0.249634013,-0.031266481,-0.006900601
10.07,-2.029371356,-2.004723933,4.817552762,-2.727235058,-2.036815268,-2.25513831,4.784567628,-2.734256974,-0.007443913,-0.250414376,-0.032985134,-0.007021916
10.11,-2.026398389,-2.00388822,4.83944398,-2.738042431,-2.03916885,-2.255197784,4.799932126,-2.74542276,-0.012770461,-0.251309563,-0.039511855,-0.00738033
10.14,-2.024106477,-2.003282639,4.851381598,-2.74680993,-2.04083621,-2.255141253,4.810799764,-2.753779048,-0.016729733,-0.251858615,-0.040581834,-0.006969118
10.17,-2.021751065,-2.002694143,4.863782281,-2.75497493,-2.042395289,-2.255000109,4.821202562,-2.762114313,-0.020644224,-0.252305966,-0.042579719,-0.007139383
10.21,-2.018518018,-2.001939923,4.875617775,-2.765768405,-2.044228462,-2.254647369,4.834252297,-2.773194524,-0.025710444,-0.252707446,-0.041365477,-0.007426119
10.24,-2.016023079,-2.001399533,4.885624581,-2.774393489,-2.045397863,-2.254256653,4.843457291,-2.781503293,-0.029374784,-0.25285712,-0.04216729,-0.007109804
10.27,-2.013484155,-2.000899518,4.896418447,-2.782820989,-2.046398197,-2.253767791,4.852252682,-2.789818059,-0.032914042,-0.252868274,-0.044165766,-0.00699707
10.31,-2.01003003,-2.000299325,4.900240848,-2.794993384,-2.047362868,-2.252911223,4.86328813,-2.800900181,-0.037332838,-0.252611898,-0.036952718,-0.005906797
10.34,-2.00737891,-1.999898132,4.907536131,-2.802780176,-2.047772223,-2.252096001,4.871064053,-2.809203722,-0.040393312,-0.252197869,-0.036472078,-0.006423547
10.37,-2.004663441,-1.999526635,4.916731934,-2.810930176,-2.047944369,-2.251146942,4.878495531,-2.81751304,-0.043280927,-0.251620307,-0.038236404,-0.006582865
10.41,-2.000963014,-1.999079452,4.927869432,-2.822003739,-2.047718489,-2.249618632,4.887797797,-2.828625773,-0.046755475,-0.25053918,-0.040071635,-0.006622034
10.44,-1.998116697,-1.998785941,4.932910736,-2.83032018,-2.047168217,-2.248252302,4.89434266,-2.836966999,-0.04905152,-0.24946636,-0.038568076,-0.006646819
10.47,-1.995223004,-1.998532523,4.940953364,-2.83851268,-2.04631652,-2.246711828,4.900580408,-2.845294448,-0.051093516,-0.248179305,-0.040372956,-0.006781768
10.51,-2.009111141,-2.002743765,4.932626575,-2.850180752,-2.044612813,-2.244323312,4.908355192,-2.856396845,-0.035501672,-0.241579546,-0.024271383,-0.006216093
10.54,-2.006343114,-2.002659519,4.936341219,-2.85866942,-2.042900253,-2.242270046,4.913795735,-2.864759922,-0.03655714,-0.239610527,-0.022545484,-0.006090502
10.57,-2.003537603,-2.002598393,4.942857574,-2.86662692,-2.040852189,-2.240015862,4.918966302,-2.873139802,-0.037314586,-0.237417468,-0.023891272,-0.006512882
10.61,-1.999766028,-2.002553967,4.945259384,-2.877672874,-2.037459467,-2.236621198,4.925413645,-2.884282882,-0.037693439,-0.234067231,-0.019845739,-0.006610008
10.64,-1.996894913,-2.002570989,4.931970351,-2.885882274,-2.034401796,-2.233773937,4.92993065,-2.892626035,-0.037506884,-0.231202948,-0.002039702,-0.006743761
10.67,-1.993974097,-2.002630511,4.937041109,-2.894279774,-2.030969857,-2.230704992,4.934228312,-2.900996153,-0.036995759,-0.228074481,-0.002812796,-0.006716379
10.71,-1.990033739,-2.002765774,4.940615677,-2.905158019,-2.025684817,-2.22619858,4.939559754,-2.91220604,-0.035651077,-0.223432806,-0.001055923,-0.007048022
10.74,-1.987045518,-2.002907973,4.948745289,-2.913925608,-2.021152591,-2.222497338,4.943289364,-2.920589324,-0.034107073,-0.219589365,-0.005455926,-0.006663716
10.77,-1.984025655,-2.00309131,4.953301284,-2.921975608,-2.016194066,-2.218559112,4.946828948,-2.928944936,-0.032168411,-0.215467802,-0.006472336,-0.006969328
10.81,-1.979953219,-2.003431182,4.968327294,-2.934042414,-2.008804227,-2.212875403,4.951209955,-2.940113251,-0.028851008,-0.209444222,-0.017117339,-0.006070837
10.84,-1.976859495,-2.00374404,4.963112114,-2.941914191,-2.002670968,-2.208288512,4.954235991,-2.948537944,-0.025811474,-0.204544473,-0.008876123,-0.006623753
10.87,-1.973750853,-2.004106165,4.967143985,-2.950161691,-1.99608844,-2.203463643,4.957077761,-2.956958437,-0.022337587,-0.199357479,-0.010066224,-0.006796746
10.91,-1.969564826,-2.004648319,4.968278832,-2.961106638,-1.986460587,-2.19659398,4.960519136,-2.968123991,-0.016895762,-0.191945661,-0.007759696,-0.007017353
10.94,-1.966398483,-2.005104331,4.968519431,-2.969204667,-1.978601934,-2.191119009,4.962856057,-2.97650185,-0.012203451,-0.186014679,-0.005663374,-0.007297182
10.97,-1.963220778,-2.005616434,4.971864689,-2.977597167,-1.970281876,-2.185413148,4.965025899,-2.984921871,-0.007061098,-0.179796714,-0.006838791,-0.007324703
11.01,-2.109857489,-2.056441742,4.992584905,-2.988935403,-1.958317638,-2.177385378,4.967633795,-2.996172002,0.151539851,-0.120943636,-0.02495111,-0.007236599
11.04,-2.109913893,-2.058177069,4.985919233,-2.998137381,-1.948666907,-2.171053099,4.969382041,-3.00456276,0.161246986,-0.11287603,-0.016537192,-0.006425379
11.07,-2.109957766,-2.059972257,4.989097543,-3.006294881,-1.938523655,-2.16449922,4.97097582,-3.012935918,0.171434111,-0.104526963,-0.018121723,-0.006641036
11.11,-2.109989298,-2.062459624,4.987871287,-3.016115069,-1.924112859,-2.155366244,4.972809152,-3.024156528,0.18587644,-0.09290662,-0.015062136,-0.008041459
11.14,-2.1100262,-2.064400406,4.993036548,-3.024494198,-1.912632712,-2.148229921,4.973970484,-3.032603901,0.197393488,-0.083829515,-0.019066064,-0.008109702
11.17,-2.110080832,-2.066406024,4.995779118,-3.032914198,-1.900647477,-2.140891326,4.974991957,-3.041023377,0.209433355,-0.074485303,-0.020787161,-0.008109179
11.21,-2.110166253,-2.069176285,4.987058475,-3.044337167,-1.883733462,-2.13075381,4.97611305,-3.052192775,0.226432791,-0.061577525,-0.010945425,-0.007855608
11.24,-2.11022311,-2.071336573,4.990485367,-3.052902276,-1.870361334,-2.122907052,4.976789178,-3.060594422,0.239861775,-0.051570478,-0.013696189,-0.007692146
11.27,-2.110298138,-2.073567976,4.992640756,-3.060852276,-1.856492682,-2.114897522,4.977348402,-3.069028328,0.253805455,-0.041329546,-0.015292354,-0.008176053
11.31,-2.110446817,-2.076645142,4.998421408,-3.072349238,-1.83706721,-2.103943961,4.977915698,-3.080260044,0.273379607,-0.027298819,-0.02050571,-0.007910807
11.34,-2.110581574,-2.079048179,5.003774772,-3.081129776,-1.821789144,-2.095544094,4.978208297,-3.088648591,0.28879243,-0.016495915,-0.025566475,-0.007518815
11.37,-2.110737641,-2.081523182,5.005993273,-3.089352276,-1.806006186,-2.087022959,4.978408391,-3.097039767,0.304731455,-0.005499777,-0.027584882,-0.007687491
11.41,-2.110982556,-2.084928162,5.009099158,-3.101150984,-1.784057311,-2.075460545,4.978495646,-3.108272339,0.326925245,0.009467617,-0.030603512,-0.007121355
11.44,-2.111200707,-2.087554242,5.004044722,-3.11010558,-1.766910994,-2.066652908,4.978425871,-3.116699779,0.344289713,0.020901335,-0.025618851,-0.0065942
11.47,-2.111444578,-2.090227681,5.005916893,-3.11850558,-1.749259871,-2.057754876,4.978257719,-3.12510373,0.362184708,0.032472806,-0.027659174,-0.00659815
11.51,-1.927269769,-1.917265179,5.009806074,-3.130207488,-1.724816187,-2.045740048,4.977861434,-3.136289055,0.202453581,-0.128474868,-0.03194464,-0.006081567
11.54,-1.923041293,-1.916029769,5.004238788,-3.138444671,-1.705826003,-2.036627193,4.977451685,3.138483525,0.21721529,-0.120597423,-0.026787103,-0.006257111
11.57,-1.918846476,-1.914862728,5.005778934,3.136405636,-1.686361651,-2.027446297,4.976962648,3.130062885,0.232484825,-0.11258357,-0.028816286,-0.006342752
11.61,-1.913323535,-1.913409994,5.006110423,3.125471227,-1.659527752,-2.015093675,4.976172476,3.11886344,0.253795783,-0.101683681,-0.029937946,-0.006607787
11.64,-1.909221221,-1.912397225,5.013284665,3.115967815,-1.63874639,-2.005767558,4.975477669,3.110485348,0.27047483,-0.093370333,-0.037806996,-0.005482467
11.67,-1.905160087,-1.911476418,5.014923946,3.107610315,-1.61750337,-1.996417234,4.974721358,3.102102123,0.287656716,-0.084940816,-0.040202588,-0.005508192
11.71,-1.899834356,-1.910353776,5.016734168,3.096755,-1.58835381,-1.983947571,4.973604981,3.09089745,0.311480546,-0.073593795,-0.043129187,-0.00585755
11.74,-1.89589536,-1.909597541,5.019654461,3.088356708,-1.565873854,-1.974621112,4.972684949,3.082492253,0.330021506,-0.065023572,-0.046969512,-0.005864455
11.77,-1.892008176,-1.908923459,5.021297399,3.080211708,-1.542948338,-1.96532297,4.971700279,3.074089442,0.349059837,-0.056399512,-0.04959712,-0.006122265
11.81,-1.886894917,-1.908139844,5.016717985,3.068080788,-1.511593306,-1.952981295,4.970287136,3.062882181,0.375301612,-0.044841452,-0.046430849,-0.005198607
11.84,-1.883114213,-1.907656634,5.010228867,3.05992234,-1.48751104,-1.943765373,4.96915735,3.054471537,0.395603173,-0.036108739,-0.041071517,-0.005450803
11.87,-1.879401299,-1.907251939,5.011427517,3.05141734,-1.46302084,-1.934578151,4.96798207,3.046061263,0.416380458,-0.027326211,-0.043445447,-0.005356077
11.91,-1.874567718,-1.906856191,5.007889734,3.039710437,-1.429621376,-1.922382516,4.966344831,3.034865052,0.444946343,-0.015526325,-0.041544902,-0.004845385
11.94,-1.871012014,-1.906670763,5.002875289,3.031429506,-1.404033488,-1.913277239,4.965075629,3.02647583,0.466978526,-0.006606477,-0.03779966,-0.004953676
11.97,-1.867518293,-1.906569351,5.003817988,3.023042006,-1.37807357,-1.904202884,4.963785113,3.0180809,0.489444722,0.002366467,-0.040032874,-0.004961106
12.01,-1.783308683,-1.852553302,4.995205664,3.012759567,-1.342795056,-1.892165103,4.962022902,3.006879381,0.440513627,-0.039611802,-0.033182762,-0.005880185
12.04,-1.778351217,-1.851713221,4.998593332,3.004294341,-1.315840328,-1.883188258,4.960680118,2.998488787,0.462510888,-0.031475036,-0.037913214,-0.005805554
12.07,-1.773458752,-1.85096289,4.999424156,2.995849341,-1.288535956,-1.874251201,4.959322744,2.99010595,0.484922796,-0.023288311,-0.040101412,-0.005743391
12.11,-1.767066969,-1.850087932,4.997872337,2.984079541,-1.251526975,-1.862410649,4.957503857,2.978922392,0.515539993,-0.012322717,-0.04036848,-0.005157149
12.14,-1.762371154,-1.849533624,4.992317772,2.974400663,-1.223339822,-1.853592683,4.956131882,2.970525926,0.539031332,-0.004059059,-0.03618589,-0.003874737
12.17,-1.757760908,-1.849057746,4.993035267,2.966015663,-1.194842429,-1.844827035,4.954758183,2.962132302,0.562918479,0.00423071,-0.038277084,-0.003883361
12.21,-1.751754108,-1.848557773,4.979210186,2.955317706,-1.156292186,-1.833248114,4.95291436,2.950953676,0.595461921,0.01530966,-0.026295826,-0.00436403
12.24,-1.747344232,-1.848274767,4.977006919,2.945975766,-1.126995431,-1.824652619,4.95153456,2.942567916,0.6203488,0.023622147,-0.025472358,-0.00340785
12.27,-1.743030746,-1.848066061,4.977381627,2.937745766,-1.0974384,-1.816125653,4.9501639,2.934175946,0.645592346,0.031940407,-0.027217728,-0.00356982
12.31,-1.737413954,-1.847904966,4.964743267,2.926605298,-1.057562491,-1.804892434,4.948375003,2.922986534,0.679851463,0.043012532,-0.016368264,-0.003618763
12.34,-1.733298131,-1.847880719,4.968418162,2.918577743,-1.02731434,-1.796576911,4.947067276,2.914600498,0.705983791,0.051303808,-0.021350887,-0.003977246
12.37,-1.729261394,-1.847948063,4.968749269,2.910207743,-0.996835285,-1.788342078,4.945786578,2.906216996,0.732426109,0.059605985,-0.022962691,-0.003990748
12.41,-1.724020952,-1.848172551,4.969216735,2.899420369,-0.955812013,-1.777509066,4.944137066,2.895035516,0.768208938,0.070663485,-0.025079669,-0.004384853
12.44,-1.720203632,-1.848432507,4.965955997,2.890780648,-0.924772104,-1.76949611,4.942941296,2.886648997,0.795431528,0.078936397,-0.023014701,-0.00413165
12.47,-1.71646017,-1.8487789,4.96646726,2.882680648,-0.893537032,-1.761566877,4.941774664,2.878265848,0.822923139,0.087212023,-0.024692596,-0.0044148
12.51,-1.321125452,-1.655555782,4.960611269,2.870964081,-0.851556148,-1.751147436,4.940254773,2.867094304,0.469569304,-0.095591654,-0.020356496,-0.003869776
12.54,-1.309153366,-1.65201309,4.976348335,2.8618008,-0.819852804,-1.743442888,4.939149,2.85871476,0.489300561,-0.091429799,-0.037199334,-0.00308604
12.57,-1.297282921,-1.648556787,4.97741163,2.8536433,-0.788005631,-1.735816796,4.938069585,2.850335363,0.50927729,-0.08726001,-0.039342045,-0.003307938
12.61,-1.281625617,-1.64406228,4.975666807,2.842601078,-0.745284154,-1.725797582,4.936697962,2.839167053,0.536341464,-0.081735301,-0.038968845,-0.003434025
12.64,-1.270006534,-1.640783667,4.971735065,2.834656349,-0.713061507,-1.718401647,4.935703046,2.83079387,0.556945027,-0.077617979,-0.036032019,-0.00386248
12.67,-1.258481134,-1.637593483,4.972806029,2.826476349,-0.680726722,-1.711095539,4.934728219,2.822422137,0.577754412,-0.073502056,-0.03807781,-0.004054213
12.71,-1.243280773,-1.63345909,4.963794724,2.814219448,-0.637444406,-1.701526207,4.93347126,2.81125651,0.605836367,-0.068067117,-0.030323463,-0.002962938
12.74,-1.232002237,-1.630472113,4.959505232,2.806127422,-0.604869089,-1.694485391,4.932570786,2.802880138,0.627133148,-0.064013278,-0.026934447,-0.003247284
12.77,-1.220826897,-1.627571305,4.960364953,2.797862422,-0.572215909,-1.687545381,4.931704715,2.794500919,0.648610988,-0.059974077,-0.028660238,-0.003361503
12.81,-1.206084343,-1.623841245,4.964146513,2.787459789,-0.528561024,-1.678468471,4.930619504,2.783325472,0.677523319,-0.054627227,-0.033527009,-0.004134316
12.84,-1.195150712,-1.621157598,4.945388361,2.778999347,-0.49575869,-1.671781099,4.929867707,2.774946543,0.699392023,-0.050623501,-0.015520654,-0.004052804
12.87,-1.184334731,-1.6185583,4.946006836,2.770944347,-0.462920322,-1.665175946,4.92915865,2.766569048,0.721414409,-0.046617646,-0.016848186,-0.0043753
12.91,-1.170118441,-1.615229004,4.957369416,2.760156279,-0.419072276,-1.6565155,4.928280002,2.755399809,0.751046165,-0.041286497,-0.029089414,-0.00475647
12.94,-1.159593958,-1.612821383,4.960064824,2.751023961,-0.386151783,-1.650122361,4.927677649,2.74702428,0.773442175,-0.037300978,-0.032387175,-0.003999682
12.97,-1.149178649,-1.610471138,4.961340776,2.742601461,-0.353222987,-1.643795166,4.927123644,2.738649516,0.795955662,-0.033324028,-0.034217132,-0.003951946
13.01,-0.809599665,-1.532488143,4.965588384,2.731614527,-0.309324683,-1.635467396,4.92644119,2.727483104,0.500274982,-0.102979253,-0.039147194,-0.004131422
13.04,-0.793123217,-1.529156372,4.963056493,2.723583798,-0.276410147,-1.629298874,4.925964437,2.719108689,0.51671307,-0.100142502,-0.037092056,-0.004475109
13.07,-0.776760341,-1.52591076,4.964573282,2.715073798,-0.243506105,-1.623183985,4.925509762,2.710737032,0.533254236,-0.097273225,-0.03906352,-0.004336766
13.11,-0.755114765,-1.521707951,4.952800927,2.703590333,-0.199678548,-1.615115782,4.92495683,2.699576374,0.555436217,-0.093407831,-0.027844097,-0.004013959
13.14,-0.739021456,-1.518647075,4.960955028,2.694576016,-0.166863246,-1.609113342,4.924588401,2.691204078,0.57215821,-0.090466267,-0.036366627,-0.003371938
13.17,-0.72305032,-1.515666371,4.962559156,2.686598516,-0.134092224,-1.603139376,4.924257322,2.682833144,0.588958096,-0.087473004,-0.038301834,-0.003765372
13.21,-0.701926231,-1.511804899,4.958985311,2.675080468,-0.090477399,-1.59521782,4.923896991,2.671679028,0.611448832,-0.083412922,-0.035088321,-0.00340144
13.24,-0.686217798,-1.509023715,4.952909956,2.666581061,-0.057837887,-1.589300399,4.923676888,2.663316986,0.628379911,-0.080276684,-0.029233069,-0.003264075
13.27,-0.670619602,-1.506335456,4.954368757,2.658193561,-0.02526484,-1.583394329,4.923491391,2.654952494,0.645354763,-0.077058872,-0.030877365,-0.003241067
13.31,-0.650011735,-1.502878912,4.955890375,2.646560994,0.018027449,-1.575538546,4.923303192,2.643789891,0.668039185,-0.072659634,-0.032587183,-0.002771103
13.34,-0.634701498,-1.500383401,4.949816824,2.637907215,0.050389067,-1.569665186,4.923214756,2.635415552,0.685090565,-0.069281785,-0.026602067,-0.002491663
13.37,-0.619516829,-1.497975194,4.951337627,2.629597215,0.082666824,-1.563805098,4.923160907,2.627041039,0.702183653,-0.065829904,-0.02817672,-0.002556176
13.41,-0.599471047,-1.494890532,4.940269652,2.618807159,0.12552625,-1.55600483,4.923149346,2.615871047,0.724997297,-0.061114298,-0.017120306,-0.002936113
13.44,-0.584578574,-1.492674208,4.950542163,2.610134639,0.157522722,-1.550155862,4.923186623,2.607490584,0.742101296,-0.057481653,-0.027355541,-0.002644055
13.47,-0.569809597,-1.490534193,4.952222147,2.601869639,0.189411216,-1.544306872,4.923264773,2.599109427,0.759220813,-0.053772679,-0.028957374,-0.002760212
13.51,-0.323504226,-1.472177227,4.949810355,2.591286217,0.231730861,-1.536506097,4.923450366,2.58793696,0.555235087,-0.064328871,-0.026359989,-0.003349257
13.54,-0.305106313,-1.470270091,4.945698126,2.583738889,0.263308302,-1.530643502,4.923641556,2.579557626,0.568414615,-0.060373411,-0.022056569,-0.004181263
13.57,-0.286811305,-1.46845588,4.947347099,2.575538889,0.294757183,-1.524763895,4.923867094,2.571174637,0.581568488,-0.056308015,-0.023480005,-0.004364252
13.61,-0.262601556,-1.466151597,4.958598488,2.564905933,0.336450892,-1.516886214,4.924236179,2.559993629,0.599052448,-0.050734617,-0.034362309,-0.004912304
13.64,-0.244592905,-1.464511273,4.967044814,2.556365935,0.367546798,-1.510942099,4.924565756,2.551611331,0.612139704,-0.046430826,-0.042479058,-0.004754604
13.67,-0.226710374,-1.462940751,4.969487641,2.548083435,0.398512974,-1.504960161,4.9249268,2.543230657,0.625223349,-0.04201941,-0.044560841,-0.004852778
13.71,-0.203053273,-1.460969147,4.957401077,2.536519515,0.439551363,-1.496886098,4.925443337,2.53205011,0.642604635,-0.035916951,-0.03195774,-0.004469404
13.74,-0.185447561,-1.459580335,4.955777789,2.528833209,0.470143627,-1.490742595,4.92583703,2.523659124,0.655591187,-0.03116226,-0.029940759,-0.005174084
13.77,-0.167963833,-1.458281868,4.957836587,2.520485709,0.500606728,-1.484533187,4.926238599,2.515272909,0.668570561,-0.026251319,-0.031597988,-0.0052128
13.81,-0.144824236,-1.456679727,4.965628375,2.509363292,0.540986428,-1.476125726,4.926809324,2.504108087,0.685810663,-0.019445999,-0.03881905,-0.005255205
13.84,-0.127601204,-1.455571012,4.954073403,2.499482059,0.571078442,-1.469709629,4.927275077,2.495730385,0.698679646,-0.014138617,-0.026798326,-0.003751673
13.87,-0.110488655,-1.454542749,4.956107919,2.491262059,0.601024516,-1.463206516,4.927761105,2.487342657,0.711513171,-0.008663767,-0.028346814,-0.003919402
13.91,-0.087847829,-1.453284651,4.976274875,2.480035372,0.640693622,-1.454377217,4.92843216,2.476158586,0.728541451,-0.001092566,-0.047842715,-0.003876786
13.94,-0.071017762,-1.45244387,4.961462578,2.470896771,0.670256894,-1.44763577,4.928953846,2.467783024,0.741274656,0.0048081,-0.032508732,-0.003113747
13.97,-0.054306258,-1.45169131,4.963695964,2.462861771,0.699677279,-1.440799887,4.929488499,2.459409514,0.753983537,0.010891423,-0.034207466,-0.003452257
14.01,0.278687295,-1.277358816,4.961667346,2.450974409,0.738629178,-1.4314965,4.930193414,2.448227365,0.459941883,-0.154137684,-0.031473933,-0.002747045
14.04,0.301028161,-1.27310581,4.948958933,2.44198516,0.76763904,-1.424374616,4.930720858,2.439834784,0.466610879,-0.151268805,-0.018238075,-0.002150377
14.07,0.323260502,-1.268943216,4.950738442,2.43375016,0.796506529,-1.417149708,4.931258243,2.431450466,0.473246027,-0.148206491,-0.0194802,-0.002299694
14.11,0.352717695,-1.263533872,4.941660585,2.422299162,0.834732877,-1.407321088,4.932003627,2.420281422,0.482015182,-0.143787216,-0.009656958,-0.00201774
14.14,0.374690365,-1.25959319,4.942694475,2.413190421,0.863194678,-1.399793561,4.93260426,2.41189466,0.488504313,-0.140200371,-0.010090214,-0.001295761
14.17,0.39654351,-1.255745177,4.944340871,2.404882921,0.891504197,-1.392153052,4.933238525,2.40350086,0.494960687,-0.136407874,-0.011102347,-0.001382061
14.21,0.425515769,-1.25073098,4.936727253,2.392932435,0.928980225,-1.381772165,4.934147575,2.392316332,0.503464456,-0.131041184,-0.002579678,-0.000616104
14.24,0.447118668,-1.247098529,4.943814215,2.384593065,0.956884916,-1.373848822,4.934867498,2.38393704,0.509766248,-0.126750293,-0.008946717,-0.000656025
14.27,0.468611079,-1.243568043,4.945604993,2.376223065,0.984635029,-1.365824151,4.935617365,2.375555667,0.51602395,-0.122256108,-0.009987628,-0.000667398
14.31,0.497098843,-1.239006686,4.951020669,2.365298187,1.02134305,-1.354940146,4.936670768,2.364368575,0.524244208,-0.11593346,-0.014349901,-0.000929612
14.34,0.518338981,-1.235682125,4.971247278,2.356569078,1.048660203,-1.346649217,4.937497185,2.355978167,0.530321222,-0.110967093,-0.033750093,-0.000590911
14.37,0.53946101,-1.232458357,4.97394203,2.348516578,1.07582649,-1.338271032,4.938341823,2.347592322,0.53636548,-0.105812676,-0.035600207,-0.000924256
14.41,0.567440396,-1.228340308,4.965801877,2.338627022,1.111768499,-1.326935235,4.939488735,2.336412202,0.544328103,-0.098594927,-0.026313142,-0.00221482
14.44,0.588285367,-1.22538131,4.957506395,2.33060121,1.13851206,-1.318301856,4.940337943,2.328020491,0.550226693,-0.092920546,-0.017168452,-0.002580719
14.47,0.609003812,-1.222513844,4.959680228,2.32223621,1.165105615,-1.309573072,4.941170238,2.319625841,0.556101803,-0.087059228,-0.018509989,-0.002610369
14.51,0.732684429,-1.210858065,4.943426052,2.311099816,1.200304967,-1.297765628,4.942279114,2.308439708,0.467620537,-0.086907563,-0.001146938,-0.002660108
14.54,0.754100658,-1.208471873,4.948267586,2.30296268,1.226516957,-1.288779623,4.94312224,2.300054618,0.472416298,-0.08030775,-0.005145345,-0.002908062
14.57,0.775425894,-1.206201319,4.950154385,2.29478268,1.252592507,-1.279691906,4.943983281,2.291666121,0.477166612,-0.073490588,-0.006171104,-0.003116559
14.61,0.80369388,-1.20335106,4.94783902,2.283309506,1.287117601,-1.267384478,4.945174709,2.280471977,0.483423721,-0.064033418,-0.002664311,-0.002837529
14.64,0.824752941,-1.201347507,4.950916202,2.274969868,1.312843904,-1.258014624,4.946101249,2.272080562,0.488090963,-0.056667117,-0.004814953,-0.002889306
14.67,0.845700721,-1.199451986,4.952963996,2.266489868,1.338455418,-1.248542545,4.947043726,2.263695373,0.492754696,-0.049090559,-0.00592027,-0.002794496
14.71,0.873462113,-1.197083802,4.952525514,2.2551396,1.372397566,-1.23571259,4.948327032,2.25251208,0.498935453,-0.038628788,-0.004198482,-0.00262752
14.74,0.894140496,-1.195428082,4.963105227,2.247221538,1.397705463,-1.22593209,4.94930002,2.244113762,0.503564967,-0.030504008,-0.013805207,-0.003107775
14.77,0.914707592,-1.193860962,4.965514861,2.238864038,1.422914149,-1.21603849,4.950279551,2.235714666,0.508206557,-0.022177528,-0.01523531,-0.003149372
14.81,0.941952448,-1.191948289,4.967896976,2.227724764,1.456359439,-1.202643776,4.951593194,2.224531945,0.514406991,-0.010695487,-0.016303782,-0.003192819
14.84,0.96226805,-1.19065511,4.957936805,2.220757226,1.481323406,-1.192438825,4.952572074,2.216147732,0.519055356,-0.001783715,-0.005364731,-0.004609494
14.87,0.982484755,-1.189454883,4.96006676,2.212577226,1.506201391,-1.182112362,4.953539879,2.20775294,0.523716636,0.007342521,-0.006526881,-0.004824286
14.91,1.009260658,-1.188032404,4.947347204,2.201334291,1.539225898,-1.168123013,4.95480524,2.19654874,0.52996524,0.019909391,0.007458036,-0.004785551
14.94,1.02922491,-1.187083149,4.949728041,2.192669807,1.563897756,-1.157472098,4.955746502,2.188158594,0.534672846,0.029611051,0.006018461,-0.004511213
14.97,1.049095072,-1.18622485,4.951512647,2.184254807,1.588503451,-1.146704487,4.956687994,2.179776816,0.539408379,0.039520364,0.005175347,-0.004477991
15.01,1.318187975,-0.958307567,4.952590013,2.17331331,1.621190429,-1.132122945,4.957964856,2.168588138,0.303002453,-0.173815378,0.005374842,-0.004725172
15.04,1.34244362,-0.952813779,4.955720471,2.165331359,1.645621159,-1.121017425,4.958936579,2.160184135,0.303177539,-0.168203646,0.003216108,-0.005147224
15.07,1.366593662,-0.947423901,4.957699041,2.157021359,1.669998104,-1.109794227,4.959924301,2.15178684,0.303404442,-0.162370326,0.00222526,-0.005234519
15.11,1.398607022,-0.940417356,4.954833716,2.145964812,1.702406343,-1.094624966,4.961273782,2.140606235,0.303799321,-0.15420761,0.006440067,-0.005358577
15.14,1.422495391,-0.935279219,4.948763225,2.138023376,1.726624765,-1.083110072,4.962299197,2.132223897,0.304129374,-0.147830853,0.013535972,-0.005799479
15.17,1.446273724,-0.930240486,4.950500348,2.129698376,1.750758422,-1.071514174,4.963340016,2.12383935,0.304484697,-0.141273688,0.012839668,-0.005859026
15.21,1.477814333,-0.923670563,4.944883423,2.119264488,1.782740796,-1.055951716,4.964772806,2.112661527,0.304926462,-0.132281153,0.019889383,-0.006602961
15.24,1.501356402,-0.918872503,4.948826704,2.110984976,1.806558158,-1.044233507,4.965878635,2.10427648,0.305201756,-0.125361003,0.017051931,-0.006708496
15.27,1.524784032,-0.914175665,4.950654746,2.102689976,1.830246696,-1.03248869,4.967013482,2.095887526,0.305462664,-0.118313025,0.016358736,-0.00680245
15.31,1.55584709,-0.908090266,4.96163333,2.091357026,1.861598998,-1.016785008,4.968589406,2.084706691,0.305751907,-0.108694742,0.006956077,-0.006650335
15.34,1.57901829,-0.903645978,4.963378729,2.083247117,1.884947127,-1.004984999,4.969810273,2.076325318,0.305928837,-0.101339022,0.006431544,-0.006921799
15.37,1.602075498,-0.89930992,4.96575338,2.074747117,1.908177465,-0.993178621,4.97105107,2.067944336,0.306101966,-0.093868701,0.00529769,-0.00680278
15.41,1.632636774,-0.893685854,4.96949029,2.063687339,1.938927897,-0.977439843,4.972719194,2.056772993,0.306291122,-0.083753989,0.003228904,-0.006914346
15.44,1.655447568,-0.889593629,4.983024323,2.055117745,1.961806885,-0.965651113,4.973974281,2.048401462,0.306359317,-0.076057485,-0.009050041,-0.006716282
15.47,1.678167949,-0.885590931,4.985909429,2.046752745,1.98453961,-0.953886977,4.975230089,2.040036332,0.306371661,-0.068296046,-0.01067934,-0.006716413
15.51,1.672002157,-0.813068393,4.98584886,2.034974104,2.014557724,-0.938279301,4.976901194,2.028880902,0.342555567,-0.125210908,-0.008947667,-0.006093203
15.54,1.692794033,-0.808354891,4.974033739,2.027451087,2.036826628,-0.926656144,4.978138249,2.020508591,0.344032594,-0.118301253,0.00410451,-0.006942496
15.57,1.713493024,-0.80373624,4.976484468,2.019063587,2.058898461,-0.915103979,4.979359816,2.012141346,0.345405437,-0.111367738,0.002875349,-0.006922241
15.61,1.740931686,-0.797726955,4.977049757,2.007337528,2.087934257,-0.899854355,4.980958112,2.001016262,0.34700257,-0.1021274,0.003908355,-0.006321267
15.64,1.761386512,-0.793330037,4.986871351,1.999438454,2.109393614,-0.888561209,4.982151835,1.992672341,0.348007101,-0.095231172,-0.004719516,-0.006766113
15.67,1.781722379,-0.78903719,4.989627861,1.991045954,2.130608601,-0.877390252,4.983349282,1.984307492,0.348886223,-0.088353062,-0.006278578,-0.006738462
15.71,1.808681603,-0.783464057,4.980513579,1.981036777,2.158419419,-0.862736376,4.984954117,1.973147033,0.349737816,-0.079272319,0.004440538,-0.007889745
15.74,1.828782189,-0.779403802,4.993238508,1.971553991,2.17889772,-0.851938411,4.986153597,1.964808087,0.350115531,-0.072534609,-0.007084911,-0.006745905
15.77,1.848782019,-0.775429896,4.99607859,1.963448991,2.199088639,-0.841293532,4.987346924,1.956482041,0.35030662,-0.065863636,-0.008731666,-0.006966951
15.81,1.875296834,-0.770287963,5.008225054,1.951210863,2.225466029,-0.827408659,4.988937041,1.945341444,0.350169194,-0.057120696,-0.019288014,-0.005869419
15.84,1.895057958,-0.766554805,5.020182019,1.94347917,2.244824022,-0.817239117,4.990118181,1.936964075,0.349766064,-0.050684312,-0.030063838,-0.006515095
15.87,1.914710035,-0.762911204,5.023727288,1.93507167,2.263861042,-0.807250101,4.991283434,1.928608434,0.349151007,-0.044338897,-0.032443854,-0.006463235
15.91,1.940750738,-0.758168952,5.027782503,1.923829298,2.288640175,-0.794275419,4.992780662,1.917514192,0.347889437,-0.036106467,-0.035001841,-0.006315106
15.94,1.960172085,-0.754716914,5.039872165,1.915076771,2.306762659,-0.78482144,4.993846618,1.90916784,0.346590575,-0.030104527,-0.046025547,-0.005908931
15.97,1.979495282,-0.751358947,5.043717748,1.907034271,2.324542923,-0.775577357,4.994861389,1.900783936,0.345047641,-0.02421841,-0.048856359,-0.006250335
16.01,2.145449178,-0.676418644,5.032215431,1.896092306,2.347607616,-0.763637952,4.996114132,1.889611899,0.202158437,-0.087219308,-0.036101299,-0.006480406
16.04,2.16733845,-0.672064363,5.026986274,1.888240979,2.364413448,-0.754975779,4.996964523,1.881279085,0.197074998,-0.082911416,-0.030021751,-0.006961894
16.07,2.189126968,-0.667792569,5.030065622,1.879545979,2.380856456,-0.746534924,4.997753944,1.872954321,0.191729489,-0.078742355,-0.032311679,-0.006591658
16.11,2.21804173,-0.662223394,5.025069434,1.869123064,2.402101512,-0.735705979,4.998712817,1.861818399,0.184059781,-0.073482585,-0.026356617,-0.007304665
16.14,2.239632833,-0.658136231,5.035858651,1.860878536,2.417493907,-0.727918137,4.999362754,1.853461672,0.177861074,-0.069781906,-0.036495896,-0.007416864
16.17,2.261150591,-0.654136846,5.0389483,1.852588536,2.432459718,-0.720383841,4.99997796,1.845127162,0.171309126,-0.066246995,-0.03897034,-0.007461374
16.21,2.289704906,-0.648936913,5.032430216,1.841569577,2.451577919,-0.7108262,5.000751367,1.834022262,0.161873013,-0.061889287,-0.031678849,-0.007547315
16.24,2.311006978,-0.645126338,5.02632716,1.834338965,2.465278027,-0.704033799,5.001270022,1.82565826,0.154271048,-0.05890746,-0.025057138,-0.008680705
16.27,2.332206867,-0.641398374,5.028895037,1.826071465,2.478528527,-0.697511367,5.001742193,1.817274777,0.146321661,-0.056112994,-0.027152844,-0.008796688
16.31,2.360332761,-0.636581333,5.030173428,1.814556993,2.495425566,-0.689293116,5.002297876,1.806120437,0.135092805,-0.052711783,-0.027875552,-0.008436557
16.34,2.381320941,-0.633063025,5.026884743,1.806500649,2.507573011,-0.683477983,5.002661199,1.797772104,0.12625207,-0.050414958,-0.024223543,-0.008728545
16.37,2.402229552,-0.629611515,5.029249031,1.798180649,2.519367681,-0.677914451,5.003004632,1.789387411,0.117138129,-0.048302936,-0.026244398,-0.008793239
16.41,2.429976738,-0.625131226,5.028922391,1.787286392,2.534463424,-0.670938345,5.003475975,1.777953679,0.104486686,-0.045807119,-0.025446417,-0.009332714
16.44,2.450713396,-0.621850215,5.026188141,1.779036047,2.545260119,-0.665986464,5.003851754,1.769363791,0.094546723,-0.044136249,-0.022336387,-0.009672256
16.47,2.471407966,-0.618630894,5.02854532,1.770728547,2.555608338,-0.661209189,5.004243889,1.760931117,0.084200372,-0.042578295,-0.024301431,-0.00979743
16.51,2.392357694,-0.594185334,5.034286147,1.760098379,2.568447355,-0.655166591,5.004787222,1.749786807,0.17608966,-0.060981258,-0.029498925,-0.010311572
16.54,2.410148993,-0.590997048,5.034866863,1.751742349,2.577252432,-0.650893689,5.005195861,1.741107276,0.167103438,-0.059896641,-0.029671002,-0.010635073
16.57,2.427872971,-0.587894374,5.037465327,1.743474849,2.585402133,-0.646787361,5.005591131,1.73226827,0.157529162,-0.058892987,-0.031874196,-0.011206579
16.61,2.451407129,-0.583888088,5.034551468,1.733137084,2.594998638,-0.641539305,5.006077362,1.720844608,0.14359151,-0.057651217,-0.028474106,-0.012292476
16.64,2.468998606,-0.580956263,5.039706868,1.725773652,2.601228745,-0.637736064,5.006390006,1.712566607,0.132230139,-0.0567798,-0.033316862,-0.013207045
16.67,2.486531871,-0.578080667,5.042368486,1.717538652,2.606766297,-0.634025317,5.006673282,1.704147639,0.120234425,-0.05594465,-0.035695204,-0.013391013
16.71,2.509812292,-0.574360651,5.033917889,1.707106928,2.612915017,-0.629206946,5.006993529,1.692540167,0.103102725,-0.054846295,-0.026924359,-0.014566761
16.74,2.527210581,-0.571669249,5.039634758,1.699423153,2.616623728,-0.625620258,5.007197525,1.684002023,0.089413147,-0.053951009,-0.032437233,-0.015421131
16.77,2.544578089,-0.569043153,5.042139495,1.691298153,2.619688795,-0.622019282,5.007365232,1.675713385,0.075110706,-0.052976129,-0.034774262,-0.015584769
16.81,2.567668752,-0.56564458,5.041998365,1.680521448,2.622615526,-0.617182814,5.007548081,1.664624174,0.054946774,-0.051538235,-0.034450284,-0.015897274
16.84,2.584931807,-0.563178156,5.03409351,1.671722187,2.623958938,-0.613514179,5.007645221,1.656007444,0.039027131,-0.050336022,-0.02644829,-0.015714743
16.87,2.602157936,-0.560782611,5.03630746,1.663892187,2.624693227,-0.609779109,5.007713467,1.647379852,0.022535291,-0.048996497,-0.028593993,-0.016512335
16.91,2.625048802,-0.557685584,5.031616215,1.6536069,2.62458032,-0.604606176,5.007741728,1.636273274,-0.000468481,-0.046920592,-0.023874487,-0.017333626
16.94,2.642144897,-0.555444429,5.026466609,1.645723572,2.62370479,-0.600563643,5.007719171,1.628031844,-0.018440107,-0.045119215,-0.018747438,-0.017691727
16.97,2.659186042,-0.553285466,5.028342347,1.637651072,2.622273125,-0.596402706,5.007672095,1.619598738,-0.036912916,-0.04311724,-0.020670251,-0.018052334
17.01,2.496119526,-0.419988995,5.019857175,1.625475508,2.619377497,-0.590593264,5.007558528,1.608141998,0.123257971,-0.170604269,-0.012298648,-0.01733351
17.04,2.508954361,-0.415295498,5.015524039,1.616431907,2.616493786,-0.585979148,5.007448815,1.599763202,0.107539424,-0.170683649,-0.008075224,-0.016668705
17.07,2.521750775,-0.410667917,5.017027192,1.608294407,2.613113725,-0.581159464,5.007316394,1.591528946,0.09136295,-0.170491547,-0.009710798,-0.016765461
17.11,2.538753991,-0.404613351,5.014289735,1.597019015,2.607743483,-0.574361822,5.007118845,1.580365672,0.068989492,-0.169748471,-0.007170889,-0.016653343
17.14,2.551459245,-0.40017462,5.023123449,1.588441377,2.603124311,-0.568962105,5.006952341,1.571820563,0.051665066,-0.168787485,-0.016171108,-0.016620813
17.17,2.564120645,-0.395820226,5.024880791,1.580341377,2.598118609,-0.563303567,5.006785035,1.563363054,0.033997964,-0.167483341,-0.018095756,-0.016978322
17.21,2.580931343,-0.390142631,5.021129101,1.569139841,2.590819658,-0.555239923,5.006538939,1.552365763,0.009888315,-0.165097293,-0.014590162,-0.016774077
17.24,2.593496019,-0.385969873,5.021053846,1.560895839,2.584932039,-0.548812565,5.006339272,1.544065582,-0.00856398,-0.162842692,-0.014714574,-0.016830257
17.27,2.606050312,-0.381868793,5.022718656,1.552743339,2.578766324,-0.542113561,5.006121769,1.535625691,-0.027283987,-0.160244768,-0.016596887,-0.017117648
17.31,2.62278894,-0.376544931,5.023894624,1.540866477,2.57005874,-0.532631659,5.005816931,1.524339925,-0.052730199,-0.156086729,-0.018077693,-0.016526553
17.34,2.635321239,-0.372645507,5.013580328,1.53201614,2.563176841,-0.525061941,5.005573486,1.516037204,-0.072144398,-0.152416434,-0.008006842,-0.015978936
17.37,2.64784726,-0.368813921,5.01501491,1.52378364,2.556045681,-0.51716009,5.005316051,1.507775001,-0.091801578,-0.148346169,-0.009698858,-0.01600864
17.41,2.664545051,-0.363818498,5.015327832,1.512470105,2.546091011,-0.506039552,5.004948692,1.496562372,-0.11845404,-0.142221054,-0.01037914,-0.015907733
17.44,2.677049597,-0.360177962,5.013909371,1.503858183,2.53830346,-0.497238521,5.004657047,1.488068238,-0.138746137,-0.137060559,-0.009252324,-0.015789945
17.47,2.689543372,-0.356621645,5.015354118,1.495305683,2.530292756,-0.488070416,5.004361044,1.479667798,-0.159250616,-0.131448771,-0.010993075,-0.015637885
17.51,2.558480183,-0.352345769,5.01124087,1.483342055,2.519221598,-0.475162564,5.003927519,1.468627972,-0.039258585,-0.122816794,-0.00731335,-0.014714083
17.54,2.568092735,-0.34931658,5.002458909,1.473360682,2.510637826,-0.464993322,5.003583506,1.460252143,-0.057454909,-0.115676742,0.001124597,-0.01310854
17.57,2.57768044,-0.346378437,5.00352612,1.465063182,2.501859554,-0.454469952,5.003216877,1.451780111,-0.075820886,-0.108091515,-0.000309243,-0.013283071
17.61,2.590454548,-0.342589296,5.005061573,1.453603827,2.489826228,-0.439737479,5.002706282,1.440537309,-0.10062832,-0.097148183,-0.002355291,-0.013066519
17.64,2.600026593,-0.339838827,4.998640387,1.443343664,2.480592152,-0.428135092,5.00230401,1.432239433,-0.119434441,-0.088296266,0.003663623,-0.011104231
17.67,2.609586483,-0.337154834,4.999621121,1.435151164,2.471234816,-0.416143841,5.001895913,1.423943999,-0.138351667,-0.078989006,0.002274792,-0.011207165
17.71,2.622312278,-0.333697191,5.001187858,1.423855429,2.458587461,-0.399472406,5.00132547,1.412755429,-0.163724817,-0.065775214,0.000137613,-0.0111
17.74,2.63182942,-0.33120655,5.00095854,1.415919101,2.449013493,-0.386439328,5.000884377,1.404346702,-0.182815927,-0.055232779,-7.4163e-05,-0.011572399
17.77,2.641334788,-0.328796878,5.002030376,1.407719101,2.439390846,-0.373001897,5.000434171,1.395988367,-0.201943942,-0.044205019,-0.001596205,-0.011730734
17.81,2.654021664,-0.325716914,5.00607835,1.396487191,2.426476135,-0.35435599,4.999800775,1.384883739,-0.227545529,-0.028639077,-0.006277576,-0.011603452
17.84,2.663529444,-0.323514459,5.013789827,1.387663668,2.416719606,-0.339851437,4.999304367,1.376485285,-0.246809838,-0.016336978,-0.01448546,-0.011178383
17.87,2.673041829,-0.321417047,5.015255015,1.379566168,2.406908462,-0.324966071,4.998785027,1.368041252,-0.266133367,-0.003549024,-0.016469988,-0.011524916
17.91,2.685731396,-0.318750777,5.021625574,1.367900639,2.393727516,-0.30438136,4.998057873,1.356844755,-0.29200388,0.014369417,-0.023567702,-0.011055884
17.94,2.695261478,-0.316870552,5.031401871,1.359648402,2.383767293,-0.288385311,4.997464149,1.348518997,-0.311494185,0.028485241,-0.033937722,-0.011129406
17.97,2.704783206,-0.315093332,5.033326722,1.351248402,2.373751197,-0.272003146,4.996840591,1.340166071,-0.331032009,0.043090186,-0.03648613,-0.011082331
18.01,2.535335829,-0.101946098,5.027126538,1.339560405,2.360299204,-0.249470832,4.995943892,1.328913469,-0.175036625,-0.147524733,-0.031182646,-0.010646937
18.04,2.541332034,-0.095841094,5.031308568,1.33164474,2.350151255,-0.232034068,4.995223213,1.320491921,-0.19118078,-0.136192973,-0.036085355,-0.011152819
18.07,2.547325262,-0.089833137,5.033093445,1.32316974,2.339968578,-0.214197465,4.994460087,1.31213014,-0.207356683,-0.124364328,-0.038633358,-0.0110396
18.11,2.555302338,-0.081986719,5.038186325,1.310616988,2.326333806,-0.189711079,4.993396536,1.300983851,-0.228968531,-0.107724361,-0.044789789,-0.009633137
18.14,2.561276438,-0.076233591,5.027155733,1.301967084,2.316078218,-0.170844288,4.992566655,1.292548121,-0.245198219,-0.094610697,-0.034589078,-0.009418963
18.17,2.567228397,-0.070602947,5.028714776,1.293574584,2.305821632,-0.151607252,4.991715148,1.284099843,-0.261406764,-0.081004305,-0.036999628,-0.00947474
18.21,2.57512825,-0.063282621,5.027375154,1.281785195,2.292186259,-0.125263443,4.990533733,1.272917158,-0.282941992,-0.061980822,-0.036841422,-0.008868037
18.24,2.581028853,-0.057924972,5.037210298,1.273857632,2.282006571,-0.105008349,4.989621714,1.264548355,-0.299022282,-0.047083377,-0.047588584,-0.009309276
18.27,2.586915589,-0.052677077,5.039036212,1.265620132,2.271861407,-0.084416632,4.988703686,1.256139425,-0.315054183,-0.031739555,-0.050332525,-0.009480706
18.31,2.594747335,-0.045882707,5.035512085,1.254025126,2.25840213,-0.056347435,4.987459406,1.244879896,-0.336345205,-0.010464728,-0.048052679,-0.00914523
18.34,2.600596265,-0.040929466,5.041549113,1.244814838,2.248366182,-0.03481428,4.986507507,1.236483467,-0.352230083,0.006115186,-0.055041606,-0.008331371
18.37,2.606443549,-0.03609413,5.043446449,1.236627338,2.238371912,-0.012935036,4.98552897,1.228128997,-0.368071638,0.023159095,-0.057917478,-0.008498341
18.41,2.614227161,-0.029832377,5.036526465,1.224919946,2.225109069,0.016827756,4.984205999,1.216956933,-0.389118092,0.046660133,-0.052320465,-0.007963013
18.44,2.620047598,-0.025291049,5.027415546,1.216950247,2.215205969,0.039573381,4.983192511,1.208521725,-0.404841628,0.06486443,-0.044223035,-0.008428522
18.47,2.625856234,-0.020886048,5.028833191,1.208572747,2.205342229,0.062637858,4.98217207,1.200101434,-0.420514005,0.083523905,-0.046661122,-0.008471313
18.51,2.399581063,-0.033580853,5.019542522,1.197167912,2.192272428,0.09397944,4.980794017,1.18896291,-0.207308635,0.127560293,-0.038748505,-0.008205002
18.54,2.400877259,-0.030315432,5.02081234,1.188261164,2.182525321,0.117893762,4.979766517,1.180605064,-0.218351938,0.148209194,-0.041045823,-0.0076561
18.57,2.402166795,-0.027165564,5.022104755,1.180058664,2.172813624,0.142083002,4.978750935,1.172199572,-0.229353171,0.169248566,-0.04335382,-0.007859092
18.61,2.403873123,-0.023151294,5.010632779,1.169613493,2.159947787,0.174846807,4.977424409,1.160967506,-0.243925335,0.197998101,-0.03320837,-0.008645988
18.64,2.405136269,-0.020288876,5.001427786,1.160630694,2.150402234,0.199815882,4.976446897,1.152597023,-0.254734035,0.220104758,-0.024980889,-0.008033671
18.67,2.406389878,-0.017534243,5.002205799,1.152578194,2.140961578,0.225054097,4.97547559,1.144251026,-0.2654283,0.24258834,-0.026730209,-0.008327168
18.71,2.408025117,-0.014047224,5.011795776,1.140684108,2.128609413,0.259127132,4.97421872,1.133092197,-0.279415704,0.273174356,-0.037577056,-0.007591911
18.74,2.409222013,-0.011588742,5.009604496,1.132368239,2.119551229,0.284965346,4.97331272,1.124710125,-0.289670784,0.296554088,-0.036291776,-0.007658114
18.77,2.410414418,-0.009271649,5.010801369,1.123750739,2.110656727,0.311014643,4.972441669,1.116328862,-0.299757691,0.320286292,-0.038359701,-0.007421877
18.81,2.411997287,-0.006381056,5.003770149,1.113615683,2.099094107,0.346134186,4.971292773,1.105152743,-0.31290318,0.352515242,-0.032477376,-0.00846294
18.84,2.413177147,-0.00436086,4.994437164,1.104897293,2.090618117,0.372737267,4.970438811,1.096770274,-0.32255903,0.377098126,-0.023998353,-0.008127019
18.87,2.414337114,-0.002465177,4.995244237,1.096454793,2.082267049,0.399517192,4.969590645,1.088378456,-0.332070065,0.401982369,-0.025653592,-0.008076337
18.91,2.415841071,-0.000129725,4.992834793,1.085048975,2.071353096,0.435561883,4.96849466,1.077184828,-0.344487975,0.435691608,-0.024340133,-0.007864147
18.94,2.416943154,0.001477091,5.004351155,1.076434386,2.063330905,0.462860958,4.96770678,1.068813451,-0.353612248,0.461383867,-0.036644375,-0.007620935
18.97,2.418015329,0.002944755,5.00561661,1.068159386,2.055417247,0.490339347,4.966944166,1.06045287,-0.362598082,0.487394593,-0.038672444,-0.007706517
19.01,2.235683814,0.334173355,5.011806357,1.0562144,2.04504053,0.527264703,4.96596825,1.049278355,-0.190643284,0.193091349,-0.045838107,-0.006936045
19.04,2.233505393,0.342544206,5.017081312,1.047419363,2.03738573,0.555167761,4.965249057,1.040882154,-0.196119663,0.212623555,-0.051832255,-0.00653721
19.07,2.231301984,0.350782385,5.018769724,1.038951863,2.029829618,0.583231526,4.964536688,1.032501731,-0.201472366,0.232449141,-0.054233036,-0.006450132
19.11,2.228316449,0.36155535,5.015898954,1.027412731,2.019931976,0.620930338,4.963579292,1.021355075,-0.208384473,0.259374988,-0.052319662,-0.006057656
19.14,2.226052065,0.369478978,5.014955175,1.018737915,2.012629652,0.649378968,4.962860306,1.01297889,-0.213422413,0.27989999,-0.052094869,-0.005759025
19.17,2.223745748,0.377276986,5.016551057,1.010265415,2.005416286,0.677940502,4.962137053,1.004583312,-0.218329462,0.300663515,-0.054414004,-0.005682103
19.21,2.22063037,0.387445705,5.017057636,0.997967946,1.995984569,0.716235759,4.961196998,0.993394726,-0.224645801,0.328790053,-0.055860638,-0.00457322
19.24,2.218264247,0.394905336,5.006583828,0.989094258,1.989056993,0.745109517,4.960505744,0.985017695,-0.229207254,0.350204181,-0.046078085,-0.004076563
19.27,2.215871822,0.402238712,5.007972967,0.980934258,1.982224993,0.774072649,4.959832543,0.976637916,-0.23364683,0.371833936,-0.048140424,-0.004296342
19.31,2.212650889,0.411797756,5.004470349,0.969127724,1.973271302,0.81282479,4.958958027,0.965444386,-0.239379587,0.401027034,-0.045512322,-0.003683339
19.34,2.210207876,0.418815616,5.005300414,0.96091125,1.966674278,0.841996118,4.958335083,0.957051583,-0.243533598,0.423180502,-0.046965331,-0.003859667
19.37,2.207743565,0.425678285,5.006771278,0.95244875,1.960165205,0.871251035,4.957736076,0.948675929,-0.24757836,0.44557275,-0.049035202,-0.003772821
19.41,2.204418243,0.434613216,5.013958797,0.941441161,1.951627147,0.910384894,4.956975604,0.937521799,-0.252791096,0.475771678,-0.056983193,-0.003919362
19.44,2.201887517,0.441163328,5.007513768,0.932173737,1.945307139,0.939801473,4.956434921,0.929136942,-0.256580377,0.498638145,-0.051078847,-0.003036795
19.47,2.199329697,0.447578879,5.009163291,0.923833737,1.939046285,0.969263917,4.955910929,0.92074234,-0.260283412,0.521685038,-0.053252362,-0.003091396
19.51,1.924714283,0.783546675,4.998523823,0.913146528,1.930818673,1.008645143,4.955236601,0.909571666,0.006104389,0.225098468,-0.043287222,-0.003574862
19.54,1.916943617,0.796261944,4.978436689,0.904309704,1.92473082,1.038242991,4.954741706,0.901208784,0.007787203,0.241981048,-0.023694982,-0.00310092
19.57,1.909155746,0.808830901,4.979245748,0.895862204,1.918688324,1.067865412,4.954269998,0.892830158,0.009532577,0.259034511,-0.024975749,-0.003032046
19.61,1.898702296,0.825388777,4.983157156,0.884284667,1.910709164,1.107391001,4.953692232,0.881630342,0.012006868,0.282002224,-0.029464924,-0.002654325
19.64,1.890802576,0.837652559,4.972245783,0.877290945,1.904808938,1.137065523,4.953332705,0.873239996,0.014006361,0.299412964,-0.018913077,-0.004050948
19.67,1.882861936,0.849784305,4.973071846,0.869055945,1.898986105,1.166757037,4.953021529,0.864863012,0.016124169,0.316972731,-0.020050317,-0.004192933
19.71,1.872233298,0.865766098,4.975989835,0.856769661,1.891362073,1.206325307,4.952674457,0.853687808,0.019128774,0.340559209,-0.023315379,-0.003081852
19.74,1.864208561,0.87761383,4.987264816,0.848501193,1.885741364,1.235949061,4.952465178,0.845302939,0.021532803,0.358335231,-0.034799638,-0.003198254
19.77,1.856147424,0.889330466,4.988786035,0.840136193,1.880198446,1.265535702,4.952299097,0.836919089,0.024051022,0.376205236,-0.036486938,-0.003217103
19.81,1.845330804,0.90474936,4.976571168,0.828359804,1.872964513,1.304935399,4.952145099,0.825737637,0.027633709,0.400186039,-0.024426069,-0.002622167
19.84,1.837197734,0.91615966,4.984015863,0.819117611,1.867638326,1.334438029,4.952057622,0.817352373,0.030440592,0.418278369,-0.031958241,-0.001765239
19.87,1.829039421,0.927432906,4.985544926,0.810932611,1.862362435,1.363890234,4.951994374,0.808967256,0.033323014,0.436457328,-0.033550553,-0.001965355
19.91,1.818113636,0.942244544,4.978722098,0.800138828,1.855409769,1.403068951,4.951970114,0.797781204,0.037296133,0.460824406,-0.026751984,-0.002357624
19.94,1.809876248,0.953205607,4.987405574,0.791436314,1.850268287,1.432405761,4.95200497,0.789396093,0.040392039,0.479200155,-0.035400604,-0.002040221
19.97,1.801619421,0.964047532,4.989161024,0.783101314,1.845176695,1.461709217,4.952063345,0.781018944,0.043557274,0.497661686,-0.037097679,-0.00208237
20.01,1.945634742,1.216067461,4.994517889,0.772209241,1.838443574,1.500689172,4.952200584,0.769846719,-0.107191169,0.284621711,-0.042317305,-0.002362522
20.04,1.941841379,1.230906275,4.993009107,0.764026209,1.833418908,1.529843867,4.952330109,0.761455104,-0.10842247,0.298937592,-0.040678998,-0.002571105
20.07,1.938004882,1.245612116,4.995030402,0.755786209,1.828421051,1.558951009,4.95248296,0.753061132,-0.109583831,0.313338893,-0.042547442,-0.002725077
20.11,1.932819656,1.265036687,4.98676235,0.745263486,1.821809792,1.597685797,4.952711117,0.741895524,-0.111009864,0.33264911,-0.034051233,-0.003367962
20.14,1.928879141,1.279476071,4.98854739,0.737435154,1.81684881,1.62666259,4.952906724,0.733528511,-0.112030331,0.347186519,-0.035640666,-0.003906643
20.17,1.924910425,1.293785975,4.990471433,0.729200154,1.811852666,1.655575646,4.953121045,0.725138575,-0.113057759,0.361789671,-0.037350389,-0.00406158
20.21,1.919576808,1.312647911,4.990933122,0.718282334,1.805115387,1.694039903,4.953452711,0.713923995,-0.114461421,0.381391992,-0.03748041,-0.00435834
20.24,1.915528799,1.326643043,4.989241573,0.709181476,1.800016226,1.722857736,4.953737619,0.70556271,-0.115512573,0.396214693,-0.035503953,-0.003618767
20.27,1.9114449,1.340535027,4.991211071,0.700973976,1.794872283,1.751651654,4.954034455,0.697234707,-0.116572617,0.411116627,-0.037176616,-0.003739269
20.31,1.905951133,1.35888715,5.007057679,0.688638192,1.787884755,1.789962719,4.954459824,0.686078994,-0.118066378,0.431075569,-0.052597855,-0.002559198
20.34,1.901771549,1.372514722,5.006498522,0.680971874,1.782541231,1.818627332,4.954787377,0.677664199,-0.119230318,0.446112611,-0.051711145,-0.003307675
20.37,1.897553117,1.386014064,5.008977315,0.672554374,1.777141812,1.84725467,4.955128729,0.669270991,-0.120411304,0.461240606,-0.053848586,-0.003283383
20.41,1.891867589,1.403829595,4.994979368,0.6618297,1.769848677,1.885357696,4.955563772,0.658147028,-0.122018912,0.481528101,-0.039415596,-0.003682672
20.44,1.887564878,1.41707646,5.001278756,0.653604866,1.76427633,1.913856605,4.955882822,0.649783115,-0.123288549,0.496780145,-0.045395934,-0.003821751
20.47,1.883224931,1.430206755,5.003489,0.645172366,1.758615346,1.942286253,4.95619466,0.641376858,-0.124609585,0.512079498,-0.04729434,-0.003795508
20.51,1.833136532,1.758017796,4.994536427,0.634297731,1.750931488,1.980083974,4.956643869,0.630167414,-0.082205044,0.222066178,-0.037892558,-0.004130317
20.54,1.827971124,1.776789515,5.002377619,0.625563422,1.745085994,2.008363574,4.956998925,0.621809897,-0.08288513,0.231574059,-0.045378695,-0.003753525
20.57,1.822780366,1.795455211,5.004581071,0.617275922,1.739165397,2.036581216,4.957366603,0.613460598,-0.083614969,0.241126005,-0.047214468,-0.003815324
20.61,1.815807316,1.820159798,4.997307562,0.60666082,1.731094464,2.074062385,4.957882101,0.602270123,-0.084712852,0.253902587,-0.039425461,-0.004390697
20.64,1.8105424,1.83856653,4.998768757,0.598515451,1.724914616,2.102072164,4.958278257,0.593858863,-0.085627784,0.263505635,-0.040490501,-0.004656589
20.67,1.805246015,1.856869632,5.0008206,0.589935451,1.718658904,2.130021817,4.958682985,0.585477818,-0.086587111,0.273152184,-0.042137615,-0.004457633
20.71,1.798139056,1.881132086,4.986227277,0.578740255,1.710165578,2.16717344,4.95922853,0.574345745,-0.087973478,0.286041354,-0.026998747,-0.00439451
20.74,1.792779543,1.899220479,4.987259721,0.570189706,1.703645093,2.194930617,4.959652546,0.565960718,-0.08913445,0.295710138,-0.027607175,-0.004228988
20.77,1.787400457,1.917200609,4.988915894,0.562034706,1.697010689,2.22260861,4.960080109,0.557544483,-0.090389767,0.305408001,-0.028835785,-0.004490223
20.81,1.780186833,1.941000441,4.988539666,0.550952148,1.687990396,2.25939022,4.960691298,0.546350588,-0.092196437,0.318389779,-0.027848368,-0.00460156
20.84,1.774755522,1.958728035,4.994554961,0.541955315,1.681101609,2.286889011,4.961168302,0.537996835,-0.093653913,0.328160976,-0.03338666,-0.00395848
20.87,1.769302859,1.976350757,4.996462179,0.533677815,1.674101828,2.314311308,4.961665623,0.529632175,-0.095201031,0.337960551,-0.034796556,-0.00404564
20.91,1.761991023,1.999676062,4.997139172,0.522520576,1.664542382,2.35072055,4.962336209,0.51841761,-0.097448641,0.351044488,-0.034802963,-0.004102967
20.94,1.75647311,2.017051127,5.001024578,0.514032315,1.657225451,2.377925794,4.962844411,0.510010264,-0.099247659,0.360874667,-0.038180167,-0.004022051
20.97,1.750935418,2.034338811,5.003113938,0.505434815,1.649816415,2.40506613,4.963347249,0.501637457,-0.101119004,0.370727319,-0.039766689,-0.003797358
21.01,1.699976647,2.23716652,4.988278146,0.493910961,1.639742688,2.441120877,4.964011204,0.490490075,-0.060233959,0.203954357,-0.024266942,-0.003420886
21.04,1.69365943,2.257056348,4.995282398,0.485140077,1.632011084,2.468047664,4.964501669,0.48208621,-0.061648346,0.210991316,-0.03078073,-0.003053866
21.07,1.687311,2.276836333,4.99713841,0.476710077,1.624158124,2.494896143,4.964987035,0.473666359,-0.063152876,0.21805981,-0.032151375,-0.003043718
21.11,1.67880401,2.303066299,4.991630527,0.465231921,1.613501663,2.530572021,4.965658258,0.462488044,-0.065302347,0.227505722,-0.02597227,-0.002743877
21.14,1.672401446,2.322624531,4.978803337,0.45692914,1.605362562,2.557235682,4.966169381,0.454131046,-0.067038884,0.234611151,-0.012633956,-0.002798094
21.17,1.66599289,2.342085346,4.980181976,0.44866664,1.597092258,2.583820945,4.966691179,0.445749043,-0.068900632,0.241735599,-0.013490797,-0.002917597
21.21,1.657419325,2.367899573,4.976301771,0.437601235,1.585819995,2.619125168,4.967387289,0.434520672,-0.07159933,0.251225595,-0.008914482,-0.003080563
21.24,1.650953815,2.387151998,4.981002642,0.428316165,1.577213674,2.645514243,4.967936027,0.426124298,-0.073740141,0.258362245,-0.013066614,-0.002191867
21.27,1.64446694,2.406295044,4.982487562,0.419863665,1.568504109,2.671843539,4.968497798,0.417761714,-0.075962832,0.265548494,-0.013989764,-0.002101951
21.31,1.635796415,2.431673973,4.982471518,0.408528751,1.556661825,2.706824418,4.969283064,0.406598838,-0.079134589,0.275150445,-0.013188454,-0.001929913
21.34,1.629273361,2.450607564,4.993020082,0.401358456,1.54758896,2.732960566,4.969880249,0.398180057,-0.081684402,0.282353001,-0.023139833,-0.003178399
21.37,1.622732193,2.469450291,4.994917578,0.393065956,1.538394998,2.759033803,4.970487613,0.389761485,-0.084337195,0.289583512,-0.024429965,-0.003304471
21.41,1.613987689,2.494431508,4.995472576,0.382128627,1.525946828,2.79369935,4.971305471,0.378599145,-0.088040861,0.299267842,-0.024167105,-0.003529483
21.44,1.607412156,2.513063432,4.984745004,0.373418716,1.516448403,2.819618754,4.971915375,0.370235603,-0.090963753,0.306555322,-0.012829629,-0.003183113
21.47,1.600831871,2.531615303,4.986344514,0.365236216,1.506810792,2.845473476,4.972516746,0.361836235,-0.094021079,0.313858172,-0.013827768,-0.003399981
21.51,1.379693362,2.732818502,4.978480764,0.353146307,1.49372319,2.879838162,4.973298387,0.35060283,0.114029828,0.14701966,-0.005182376,-0.002543476
21.54,1.368572269,2.754161982,4.977608901,0.345368879,1.483764852,2.9055468,4.973888769,0.342219852,0.115192583,0.151384818,-0.003720133,-0.003149027
21.57,1.357453882,2.775422154,4.978982015,0.337111379,1.473700703,2.931209264,4.97448293,0.333861972,0.116246821,0.15578711,-0.004499085,-0.003249407
21.61,1.342637627,2.803644135,4.976708356,0.325975363,1.460046395,2.965330211,4.975309971,0.322670904,0.117408768,0.161686076,-0.001398385,-0.003304459
21.64,1.331506169,2.82471348,4.980281703,0.318104914,1.449634291,2.990854573,4.975946601,0.314237885,0.118128122,0.166141093,-0.004335102,-0.003867029
21.67,1.320364795,2.845691057,4.981810633,0.309407414,1.439127731,3.016343516,4.976607777,0.305827899,0.118762936,0.170652459,-0.005202856,-0.003579516
21.71,1.305505183,2.873544827,4.971397324,0.29828057,1.424966004,3.050275483,4.977510303,0.294686017,0.119460821,0.176730656,0.006112979,-0.003594552
21.74,1.294358846,2.894339163,4.970821568,0.289904238,1.414198881,3.075679586,4.978211177,0.286308664,0.119840035,0.181340423,0.007389609,-0.003595574
21.77,1.283216446,2.915042837,4.972108695,0.281819238,1.403315611,3.101051146,4.978917869,0.277884805,0.120099165,0.186008309,0.006809174,-0.003934433
21.81,1.268332468,2.942503313,4.978461144,0.271114936,1.388639127,3.134840233,4.979898921,0.266652593,0.120306659,0.192336921,0.001437777,-0.004462342
21.84,1.257163789,2.963000483,4.974851376,0.261486425,1.377542426,3.160166898,4.980659446,0.258291053,0.120378637,0.197166416,0.00580807,-0.003195372
21.87,1.246008118,2.983432799,4.976356219,0.253163925,1.366368329,3.185482065,4.981440017,0.249938904,0.120360211,0.202049266,0.005083798,-0.003225021
21.91,1.23111561,3.010539762,4.975136093,0.241460306,1.351294035,3.21921098,4.982503628,0.238721713,0.120178425,0.208671218,0.007367535,-0.002738593
21.94,1.219922151,3.030759085,4.961051487,0.234347465,1.339881042,3.244499896,4.983314306,0.230284349,0.119958891,0.213740811,0.022262818,-0.004063115
21.97,1.208731729,3.050901467,4.962180544,0.226142465,1.328421311,3.269793615,4.984140744,0.221892015,0.119689582,0.218892148,0.0219602,-0.00425045
22.01,1.316014496,3.216208525,4.961559052,0.215418592,1.313055825,3.30353209,4.9852583,0.210764621,-0.002958671,0.087323565,0.023699248,-0.004653971
22.04,1.308178341,3.238409752,4.963585693,0.207549537,1.301435282,3.328843234,4.986132045,0.20236737,-0.006743058,0.090433482,0.022546351,-0.005182167
22.07,1.300337881,3.260531396,4.964887466,0.199364537,1.289748595,3.35416283,4.987026765,0.193937343,-0.010589286,0.093631434,0.022139298,-0.005427194
22.11,1.289857343,3.28992222,4.986143189,0.188310385,1.274107168,3.387944992,4.988280539,0.182753141,-0.015750175,0.098022772,0.002137351,-0.005557244
22.14,1.281987168,3.311884725,4.986934131,0.180699921,1.262355109,3.413275054,4.989251261,0.174413317,-0.019632058,0.10139033,0.00231713,-0.006286605
22.17,1.274122049,3.333786662,4.989021584,0.172439921,1.250571558,3.438565,4.990250881,0.16605379,-0.023550492,0.104778338,0.001229297,-0.006386131
22.21,1.263620279,3.362932014,4.994747452,0.162059718,1.234799589,3.472135155,4.991588099,0.154901155,-0.028820691,0.109203141,-0.003159352,-0.007158564
22.24,1.255731027,3.384702868,5.000789162,0.153946473,1.222978589,3.497138825,4.992603312,0.146553993,-0.032752438,0.112435957,-0.008185851,-0.00739248
22.27,1.247835141,3.406403304,5.003267397,0.145551473,1.211194949,3.521977363,4.993624001,0.138162887,-0.036640192,0.115574059,-0.009643396,-0.007388586
22.31,1.237311964,3.435248462,4.998618764,0.134869215,1.195535998,3.554718212,4.995001555,0.126933909,-0.041775967,0.11946975,-0.003617208,-0.007935306
22.34,1.22942409,3.456809126,4.994087358,0.126211863,1.183810454,3.578933066,4.996041197,0.118624159,-0.045613635,0.12212394,0.00195384,-0.007587705
22.37,1.221523685,3.47831452,4.996313649,0.117796863,1.172119679,3.602871702,4.997083986,0.110371741,-0.049404006,0.124557181,0.000770336,-0.007425122
22.41,1.210993261,3.506902081,4.998838799,0.106401735,1.156660333,3.634240412,4.998498082,0.099206989,-0.054332928,0.127338331,-0.000340716,-0.007194746
22.44,1.203117848,3.528261971,4.983295018,0.098450421,1.145164502,3.657315341,4.999578013,0.090732951,-0.057953346,0.129053371,0.016282994,-0.007717471
22.47,1.195235277,3.549563131,4.985156786,0.090312921,1.133718343,3.680036313,5.000683041,0.082363503,-0.061516935,0.130473181,0.015526256,-0.007949419
22.51,0.990357871,3.747588482,4.990548838,0.079384335,1.118558542,3.709647255,5.002175439,0.071436371,0.128200671,-0.037941228,0.011626601,-0.007947963
22.54,0.978190375,3.771832921,4.998849895,0.070634835,1.107316904,3.731316591,5.003337424,0.063110992,0.129126529,-0.04051633,0.004487528,-0.007523843
22.57,0.966029589,3.796029467,5.001251511,0.062249835,1.096181991,3.752578523,5.00452717,0.054619259,0.130152401,-0.043450944,0.003275659,-0.007630577
22.61,0.949831652,3.828218761,5.004297499,0.051504424,1.081496339,3.780143483,5.006178492,0.043459388,0.131664687,-0.048075277,0.001880993,-0.008045035
22.64,0.93767002,3.852310495,5.008925455,0.043253146,1.070607629,3.800181517,5.007434701,0.035382718,0.132937608,-0.052128978,-0.001490755,-0.007870428
22.67,0.925498179,3.876367993,5.011696695,0.034850646,1.059852053,3.819715299,5.008714153,0.027265933,0.134353874,-0.056652693,-0.002982543,-0.007584713
22.71,0.909262039,3.9084283,4.999500068,0.02401095,1.045803568,3.844723092,5.010413123,0.01586311,0.136541529,-0.063705208,0.010913055,-0.00814784
22.74,0.897088388,3.932485675,4.990915972,0.016050184,1.035456028,3.862524172,5.011642446,0.007327918,0.13836764,-0.069961503,0.020726474,-0.008722266
22.77,0.884916162,3.95656282,4.993038611,0.007560184,1.025224718,3.879474803,5.012818752,-0.000676263,0.140308556,-0.077088017,0.01978014,-0.008236447
22.81,0.868670376,3.988702006,4.996137118,-0.00326953,1.011841958,3.90020458,5.014268083,-0.010954086,0.143171582,-0.088497425,0.018130966,-0.007684556
22.84,0.856497424,4.01282322,4.996942308,-0.011331895,1.002044422,3.914110778,5.015218012,-0.019569793,0.145546998,-0.098712441,0.018275704,-0.008237898
22.87,0.844341063,4.036976824,4.999140805,-0.019651895,0.992405067,3.926703795,5.016033822,-0.028610503,0.148064004,-0.110273029,0.016893017,-0.008958608
22.91,0.828138883,4.069215569,5.003516738,-0.031188431,0.97977212,3.940932704,5.016824461,-0.039508869,0.151633237,-0.128282866,0.013307723,-0.008320438
22.94,0.81598307,4.093422759,5.011928978,-0.038853803,0.970460792,3.949594019,5.017149582,-0.046921116,0.154477722,-0.14382874,0.005220604,-0.008067313
22.97,0.803828746,4.117643565,5.014355116,-0.047123803,0.961298693,3.956750066,5.01728287,-0.05496715,0.157469947,-0.160893499,0.002927755,-0.007843347
23.01,0.821764138,4.08430496,5.02538567,-0.058051613,0.949353802,3.963487292,5.017076449,-0.067158477,0.127589664,-0.120817668,-0.00830922,-0.009106865
23.04,0.810861143,4.10637427,5.030172688,-0.065607616,0.940541157,3.966409898,5.016635649,-0.075665804,0.129680014,-0.139964372,-0.013537039,-0.010058187
23.07,0.799955253,4.128487862,5.032826462,-0.073810116,0.931815843,3.967779483,5.015958436,-0.083262654,0.13186059,-0.160708379,-0.016868027,-0.009452537
23.11,0.785406419,4.158039639,5.024578406,-0.083518355,0.920386709,3.966758047,5.014628677,-0.093807834,0.134980289,-0.191281592,-0.00994973,-0.010289479
23.14,0.774501388,4.180255392,5.028781206,-0.090943762,0.911985005,3.963890071,5.013289176,-0.102982401,0.137483616,-0.216365321,-0.01549203,-0.012038639
23.17,0.763605953,4.202519003,5.030957733,-0.099173762,0.903675243,3.959529901,5.011721339,-0.112098183,0.14006929,-0.242989102,-0.019236394,-0.012924421
23.21,0.749065517,4.232268006,5.025951531,-0.109474566,0.892712263,3.951074944,5.009255019,-0.122586632,0.143646746,-0.281193063,-0.016696512,-0.013112066
23.24,0.738133133,4.254647387,5.030501229,-0.117534298,0.884607084,3.942841827,5.007158063,-0.130342024,0.146473951,-0.31180556,-0.023343166,-0.012807726
23.27,0.727206741,4.277082666,5.032435677,-0.125644298,0.876617959,3.93329488,5.004898895,-0.138968384,0.149411218,-0.343787786,-0.027536782,-0.013324086
23.31,0.712653549,4.307083899,5.025710609,-0.136207834,0.866152753,3.918287939,5.001625006,-0.151113395,0.153499204,-0.38879596,-0.024085603,-0.014905561
23.34,0.701742759,4.329656379,5.026718923,-0.143749733,0.858395656,3.905441815,4.999014757,-0.159296223,0.156652897,-0.424214563,-0.027704166,-0.01554649
23.37,0.69080166,4.35230068,5.028359483,-0.151822233,0.850712661,3.891510687,4.996303186,-0.167042046,0.159911002,-0.460789993,-0.032056297,-0.015219813
23.41,0.676176283,4.382617787,5.026164911,-0.163067735,0.840674871,3.871060747,4.992571994,-0.178214303,0.164498588,-0.51155704,-0.033592917,-0.015146568
23.44,0.665213189,4.405437627,5.032237418,-0.171325506,0.833308581,3.854427116,4.98970337,-0.187180245,0.168095392,-0.551010511,-0.042534048,-0.015854739
23.47,0.654255368,4.428350427,5.034078607,-0.179513006,0.826028205,3.836922705,4.986818172,-0.195786945,0.171772837,-0.591427722,-0.047260435,-0.016273938
23.51,0.684641553,4.197106346,5.027450608,-0.189840916,0.816466272,3.812112974,4.982939913,-0.206384822,0.13182472,-0.384993372,-0.044510695,-0.016543906
23.54,0.674784846,4.214168593,5.026381701,-0.198028031,0.809457405,3.792489306,4.980041428,-0.21461572,0.134672559,-0.421679287,-0.046340273,-0.01658769
23.57,0.664920904,4.23135435,5.028152874,-0.206445531,0.802588505,3.772182607,4.977147634,-0.22331073,0.137667601,-0.459171743,-0.05100524,-0.016865199
23.61,0.651801966,4.25443692,5.02229591,-0.217573213,0.793637824,3.743966437,4.973352135,-0.234891442,0.141835858,-0.510470483,-0.048943775,-0.017318228
23.64,0.641966489,4.271888272,5.01724775,-0.226721186,0.787041066,3.722044323,4.970570377,-0.243061144,0.145074578,-0.549843949,-0.046677373,-0.016339958
23.67,0.632105093,4.289458423,5.018979089,-0.234946186,0.780548181,3.699617823,4.967847723,-0.251157571,0.148443088,-0.589840601,-0.051131366,-0.016211385
23.71,0.618926697,4.313080783,5.013028058,-0.246394031,0.772140792,3.668866181,4.964340926,-0.262433468,0.153214094,-0.644214602,-0.048687131,-0.016039437
23.74,0.609053394,4.330948545,5.013414255,-0.254335001,0.766010515,3.645236971,4.961810905,-0.271022101,0.156957121,-0.685711573,-0.05160335,-0.0166871
23.77,0.599158428,4.348950298,5.015322178,-0.262785001,0.759976685,3.621241943,4.959369544,-0.279397165,0.160818256,-0.727708354,-0.055952634,-0.016612164
23.81,0.585931525,4.373176246,5.015015651,-0.273413818,0.752114194,3.588637001,4.956258503,-0.290298205,0.166182669,-0.784539244,-0.058757148,-0.016884387
23.84,0.576014308,4.391539518,5.027130159,-0.28258196,0.74640112,3.563755318,4.954047424,-0.298672854,0.170386812,-0.8277842,-0.073082735,-0.016090894
23.87,0.566102468,4.410057598,5.029739564,-0.29106696,0.740825915,3.538587125,4.951909035,-0.307205574,0.174723447,-0.871470474,-0.07783053,-0.016138614
23.91,0.552895668,4.434972887,5.029468978,-0.301270714,0.733585147,3.504564028,4.949210853,-0.3184527,0.180689479,-0.930408858,-0.080258126,-0.017181986
23.94,0.542976454,4.453849511,5.01625708,-0.30933379,0.728276861,3.478738432,4.947272402,-0.326696201,0.185300407,-0.975111079,-0.068984678,-0.017362411
23.97,0.533033175,4.47288803,5.018712461,-0.31757879,0.723082786,3.452698926,4.945404076,-0.334979677,0.190049611,-1.020189104,-0.073308385,-0.017400887
24.01,0.475060073,4.044659497,5.005613166,-0.328597464,0.716397278,3.417607827,4.943032708,-0.346272557,0.241337206,-0.627051671,-0.062580457,-0.017675093
24.04,0.464114468,4.054322764,4.999826322,-0.336508169,0.711525182,3.391046642,4.941369111,-0.354730387,0.247410714,-0.663276122,-0.058457211,-0.018222218
24.07,0.453163608,4.064146474,5.002004115,-0.344895669,0.706727925,3.364332154,4.939792201,-0.363064049,0.253564316,-0.69981432,-0.062211914,-0.01816838
24.11,0.438518526,4.077502914,4.984055793,-0.354890613,0.700492097,3.328444201,4.937851555,-0.374127989,0.261973571,-0.749058714,-0.046204237,-0.019237377
24.14,0.427536285,4.087721072,4.985458275,-0.363415794,0.695965391,3.301331067,4.936514761,-0.382561271,0.268429107,-0.786390005,-0.048943514,-0.019145476
24.17,0.416566186,4.098102006,4.987452846,-0.371803294,0.691529594,3.274090262,4.93526141,-0.391033768,0.274963407,-0.824011744,-0.052191436,-0.019230474
24.21,0.401912976,4.112195588,4.988573009,-0.383622146,0.685716338,3.237574259,4.933761574,-0.402183069,0.283803363,-0.874621328,-0.054811435,-0.018560924
24.24,0.390897207,4.122954068,4.973054124,-0.392285844,0.681432487,3.210050581,4.932751473,-0.410477327,0.29053528,-0.912903487,-0.040302651,-0.018191484
24.27,0.379872886,4.133882066,4.974955273,-0.400510844,0.677230937,3.182420899,4.931827381,-0.418841868,0.297358052,-0.951461166,-0.043127891,-0.018331025
24.31,0.365176791,4.148720052,4.974208796,-0.411499662,0.671772898,3.145398142,4.930695962,-0.430125617,0.306596107,-1.00332191,-0.043512834,-0.018625955
24.34,0.354177237,4.160042285,4.977334789,-0.420770657,0.667733062,3.11752296,4.929945942,-0.43852288,0.313555826,-1.042519325,-0.047388847,-0.017752223
24.37,0.343165643,4.171527861,4.979582712,-0.429295657,0.663716419,3.089579559,4.92925595,-0.446840201,0.320550776,-1.081948301,-0.050326762,-0.017544544
24.41,0.328467396,4.187116308,4.976591842,-0.441272899,0.658446629,3.052180716,4.928451891,-0.457965956,0.329979233,-1.134935591,-0.048139951,-0.016693057
24.44,0.317446171,4.199007721,4.967828264,-0.450533699,0.654574685,3.024021448,4.927906786,-0.466417294,0.337128515,-1.174986273,-0.039921478,-0.015883596
24.47,0.306439028,4.211059137,4.969898363,-0.458643699,0.65073152,2.995798099,4.927410526,-0.474864947,0.344292492,-1.215261038,-0.042487838,-0.016221249
24.51,0.420930255,3.791157085,4.954064373,-0.470140495,0.645608661,2.95807797,4.926832327,-0.48598966,0.224678406,-0.833079115,-0.027232046,-0.015849165
24.54,0.412871891,3.795036417,4.937266503,-0.477964681,0.641786277,2.929713071,4.926473802,-0.494319013,0.228914386,-0.865323346,-0.010792701,-0.016354332
24.57,0.404818583,3.79908303,4.938561324,-0.486212181,0.638000254,2.901282981,4.926173686,-0.502726315,0.233181671,-0.897800049,-0.012387637,-0.016514134
24.61,0.394117292,3.804730094,4.932699901,-0.497499258,0.632981899,2.86327685,4.925878096,-0.514020053,0.238864608,-0.941453244,-0.006821805,-0.016520796
24.64,0.386113048,3.809164112,4.93420726,-0.506168705,0.629173709,2.834731364,4.925768074,-0.52239852,0.243060661,-0.974432748,-0.008439186,-0.016229815
24.67,0.378092984,3.813769136,4.935703378,-0.514618705,0.625321208,2.806159401,4.925725697,-0.530707975,0.247228224,-1.007609735,-0.009977681,-0.01608927
24.71,0.367377374,3.820189908,4.936787938,-0.52575937,0.620145341,2.767982426,4.925782018,-0.541853979,0.252767967,-1.052207482,-0.011005921,-0.016094609
24.74,0.359356755,3.825197356,4.952439071,-0.533083362,0.616238216,2.739281575,4.925870806,-0.550319885,0.25688146,-1.08591578,-0.026568265,-0.017236523
24.77,0.351351228,3.830369429,4.954652012,-0.541308362,0.612279173,2.710549689,4.926001171,-0.558764904,0.260927945,-1.11981974,-0.028650841,-0.017456542
24.81,0.340685257,3.837542474,4.963515038,-0.553011089,0.606865034,2.6722093,4.926218432,-0.569871234,0.266179777,-1.165333175,-0.037296606,-0.016860145
24.84,0.332676517,3.843132585,4.959223698,-0.561247879,0.602729152,2.643416052,4.926406642,-0.578208331,0.270052635,-1.199716533,-0.032817056,-0.016960452
24.87,0.324670833,3.848903125,4.961610963,-0.569735379,0.598557442,2.614584714,4.926597214,-0.586634785,0.273886609,-1.234318411,-0.035013749,-0.016899406
24.91,0.314008256,3.856865159,4.950678883,-0.581982961,0.592890525,2.576100953,4.926860784,-0.597916957,0.278882269,-1.280764206,-0.023818099,-0.015933996
24.94,0.306012114,3.863048352,4.95096311,-0.590323995,0.588516607,2.547238834,4.927075383,-0.606270505,0.282504493,-1.315809518,-0.023887727,-0.01594651
24.97,0.298010632,3.869408556,4.9530481,-0.598428995,0.584058823,2.518374441,4.92730569,-0.614582704,0.286048191,-1.351034115,-0.02574241,-0.016153709
25.01,0.395219375,3.29008015,4.945870794,-0.609306575,0.578007035,2.479854621,4.927677113,-0.625783006,0.18278766,-0.810225529,-0.01819368,-0.016476431
25.04,0.389393244,3.285166294,4.941363005,-0.617330545,0.573377143,2.450948708,4.927992237,-0.634251985,0.1839839,-0.834217586,-0.013370768,-0.01692144
25.07,0.383590524,3.280424836,4.943199718,-0.625683045,0.568648801,2.422055875,4.928344359,-0.642667465,0.185058278,-0.858368961,-0.014855359,-0.01698442
25.11,0.375866223,3.27436997,4.939614537,-0.635872363,0.562147221,2.38356937,4.928857495,-0.653779187,0.186280998,-0.8908006,-0.010757042,-0.017906824
25.14,0.370085934,3.2700318,4.937653092,-0.64420488,0.557140918,2.354711667,4.929291612,-0.662170156,0.187054983,-0.915320133,-0.00836148,-0.017965276
25.17,0.364329375,3.265866342,4.939423167,-0.65239988,0.552032881,2.325855055,4.929746784,-0.670629715,0.187703506,-0.940011287,-0.009676383,-0.018229835
25.21,0.356694147,3.26056753,4.951382962,-0.663414023,0.544971254,2.287411034,4.930401254,-0.681850803,0.188277107,-0.973156496,-0.020981708,-0.01843678
25.24,0.350985554,3.256821214,4.953548737,-0.672723002,0.539462321,2.258610097,4.93090824,-0.690154446,0.188476768,-0.998211117,-0.022640497,-0.017431445
25.27,0.345270499,3.253268989,4.955843076,-0.680690502,0.533816705,2.229816007,4.931435573,-0.698481942,0.188546206,-1.023452982,-0.024407504,-0.017791441
25.31,0.337675095,3.248805232,4.959299949,-0.69211558,0.526062117,2.191423318,4.932125559,-0.709754274,0.188387022,-1.057381914,-0.02717439,-0.017638694
25.34,0.332009893,3.245659626,4.969930186,-0.700495818,0.520047959,2.162660458,4.932632735,-0.71820264,0.188038066,-1.082999169,-0.037297452,-0.017706822
25.37,0.326375823,3.242687761,4.972599102,-0.708778318,0.513870873,2.133943338,4.933129065,-0.726557958,0.18749505,-1.108744422,-0.039470038,-0.01777964
25.41,0.31888398,3.239033864,4.993416672,-0.72056959,0.505362052,2.095726457,4.93378906,-0.737651138,0.186478072,-1.143307407,-0.059627612,-0.017081548
25.44,0.31326405,3.23649172,4.987609781,-0.729676866,0.498808612,2.067098278,4.934278076,-0.746079227,0.185544562,-1.169393442,-0.053331705,-0.016402362
25.47,0.307678503,3.2341038,4.990634151,-0.737779366,0.492123064,2.038507052,4.934748943,-0.754548745,0.184444561,-1.195596748,-0.055885208,-0.01676938
25.51,0.287585414,3.017477089,4.981098432,-0.748947149,0.482924438,2.000501157,4.93534529,-0.765728997,0.195339024,-1.016975932,-0.045753142,-0.016781848
25.54,0.281371311,3.012698585,4.977703329,-0.75798406,0.475815834,1.972087637,4.935762545,-0.774046165,0.194444523,-1.040610947,-0.041940784,-0.016062105
25.57,0.275159271,3.008105092,4.980224513,-0.76633906,0.468578339,1.943721927,4.936181326,-0.782416352,0.193419068,-1.064383165,-0.044043187,-0.016077291
25.61,0.266920513,3.002243381,4.966528014,-0.777659148,0.458697512,1.905989899,4.9367488,-0.793701816,0.191776999,-1.096253481,-0.029779214,-0.016042668
25.64,0.260770461,2.998038544,4.958718538,-0.785970778,0.451076785,1.877795438,4.937211313,-0.802113469,0.190306324,-1.120243106,-0.021507225,-0.016142691
25.67,0.254645727,2.994007659,4.96059511,-0.794403278,0.443290851,1.849688164,4.937690737,-0.810444716,0.188645123,-1.144319495,-0.022904373,-0.016041439
25.71,0.246509669,2.988913376,4.955806989,-0.80609883,0.432638806,1.812333954,4.938388589,-0.821569787,0.186129137,-1.176579422,-0.0174184,-0.015470957
25.74,0.240434393,2.985305569,4.967670513,-0.81491841,0.424466989,1.784389464,4.938949014,-0.830025994,0.184032595,-1.200916105,-0.028721499,-0.015107584
25.77,0.234406712,2.981862483,4.969902928,-0.82310841,0.416147528,1.756516546,4.939541708,-0.83848851,0.181740816,-1.225345937,-0.03036122,-0.0153801
25.81,0.226420636,2.977543343,4.973072507,-0.834808396,0.404756779,1.719527352,4.940366885,-0.849631673,0.178336143,-1.258015991,-0.032705622,-0.014823277
25.84,0.220463469,2.974511717,4.966792739,-0.842862664,0.396012669,1.691905144,4.940993943,-0.857961474,0.1755492,-1.282606573,-0.025798796,-0.01509881
25.87,0.214530064,2.971651193,4.968917826,-0.851365164,0.38714756,1.664350502,4.941623015,-0.86636217,0.172617496,-1.307300691,-0.027294811,-0.014997006
25.91,0.206691934,2.968070742,4.971673281,-0.863013549,0.375103084,1.627754446,4.942453066,-0.877639047,0.168411149,-1.340316296,-0.029220216,-0.014625497
25.94,0.200872061,2.965574176,4.976176342,-0.871863648,0.365875676,1.600458075,4.943091072,-0.886020264,0.165003615,-1.365116101,-0.03308527,-0.014156616
25.97,0.195075065,2.963264968,4.97850964,-0.880118648,0.356510918,1.573274155,4.943732552,-0.894349427,0.161435853,-1.389990813,-0.034777087,-0.014230779
26.01,0.232328609,2.425003358,4.970352128,-0.891983367,0.343817615,1.537191016,4.944613848,-0.905517465,0.111489006,-0.887812343,-0.02573828,-0.013534098
26.04,0.227464823,2.412499611,4.979449878,-0.900856838,0.334155076,1.5102436,4.945266329,-0.913966753,0.106690254,-0.902256011,-0.034183549,-0.013109915
26.07,0.222672469,2.400147097,4.981844465,-0.909166838,0.324372459,1.483406344,4.945925205,-0.922398915,0.10169999,-0.916740753,-0.03591926,-0.013232077
26.11,0.216366935,2.383939411,4.982678513,-0.920992452,0.311092678,1.447850389,4.946815202,-0.933539695,0.094725743,-0.936089023,-0.035863311,-0.012547243
26.14,0.211678484,2.371987908,4.989074827,-0.928739112,0.300965872,1.421321974,4.947501796,-0.941908623,0.089287388,-0.950665934,-0.041573031,-0.013169511
26.17,0.207021134,2.360205356,4.991733919,-0.937026612,0.290714886,1.394872455,4.948187856,-0.950341198,0.083693753,-0.965332901,-0.043546063,-0.013314586
26.21,0.20090494,2.344737143,4.992285873,-0.948194173,0.276768246,1.359766237,4.949100681,-0.961597224,0.075863306,-0.984970906,-0.043185192,-0.013403051
26.24,0.196383951,2.333334028,5.003213195,-0.957532808,0.266067561,1.333572572,4.949763742,-0.96992905,0.06968361,-0.999761456,-0.053449453,-0.012396241
26.27,0.191917365,2.322104337,5.006196104,-0.965902808,0.255200564,1.307462943,4.950411378,-0.978239611,0.063283198,-1.014641394,-0.055784726,-0.012336803
26.31,0.18604785,2.307361989,5.002487243,-0.976847071,0.240442424,1.272770572,4.951251992,-0.989459936,0.054394574,-1.034591417,-0.051235251,-0.012612865
26.34,0.181693766,2.296464736,4.999674675,-0.98528467,0.229176632,1.246862483,4.951851715,-0.997916735,0.047482866,-1.049602253,-0.047822959,-0.012632065
26.37,0.177396101,2.285732313,5.002336193,-0.99356717,0.217760603,1.221064637,4.952435433,-1.006306048,0.040364503,-1.064667676,-0.049900761,-0.012738878
26.41,0.171726244,2.271683715,4.990657943,-1.004426374,0.202283822,1.18687112,4.953191187,-1.017405099,0.030557578,-1.084812595,-0.037466757,-0.012978726
26.44,0.167535052,2.261351942,5.001924137,-1.014147585,0.19051968,1.161346893,4.9537657,-1.025795338,0.022984628,-1.100005049,-0.048158437,-0.011647754
26.47,0.163418416,2.251174936,5.004529475,-1.022430085,0.178650255,1.135909726,4.95433709,-1.034237587,0.015231839,-1.11526521,-0.050192385,-0.011807503
26.51,0.04733994,1.927141862,4.987212733,-1.034261506,0.162613157,1.102202237,4.955126236,-1.04544455,0.115273217,-0.824939624,-0.032086497,-0.011183044
26.54,0.040654948,1.91224646,4.980629401,-1.042544468,0.150427879,1.077092647,4.955717989,-1.053779175,0.10977293,-0.835153813,-0.024911412,-0.011234707
26.57,0.034008302,1.897521542,4.982541414,-1.050886968,0.138146275,1.052085206,4.956321573,-1.062129489,0.104137973,-0.845436336,-0.026219842,-0.011242521
26.61,0.025244664,1.878146115,4.988947937,-1.063524587,0.121616331,1.018903694,4.95714952,-1.073362736,0.096371667,-0.859242421,-0.031798417,-0.009838148
26.64,0.018749892,1.863788618,4.985172466,-1.072072055,0.109089614,0.994168234,4.957808896,-1.081780519,0.090339722,-0.869620384,-0.02736357,-0.009708464
26.67,0.012321349,1.849597226,4.987250279,-1.080509555,0.096458692,0.969561019,4.958488799,-1.090140553,0.084137343,-0.880036206,-0.02876148,-0.009630998
26.71,0.003838264,1.830916046,5.000407792,-1.091820773,0.079443091,0.936952826,4.959403629,-1.10125766,0.075604828,-0.893963219,-0.041004163,-0.009436887
26.74,-0.002450425,1.817091436,5.007287721,-1.100614302,0.06657222,0.912608961,4.960088178,-1.109670633,0.069022645,-0.904482475,-0.047199542,-0.009056331
26.77,-0.008662437,1.803400275,5.010006639,-1.108916802,0.053620974,0.888355141,4.960763587,-1.118112116,0.062283412,-0.915045134,-0.049243052,-0.009195315
26.81,-0.016823851,1.785354066,5.003668058,-1.120265735,0.036189791,0.85623159,4.961647904,-1.129290622,0.053013642,-0.929122476,-0.042020154,-0.009024887
26.84,-0.022862686,1.772014776,5.011580926,-1.129879789,0.023005763,0.832296072,4.962280233,-1.137630322,0.045868449,-0.939718704,-0.049300693,-0.007750534
26.87,-0.028827813,1.758831038,5.014285332,-1.138277289,0.009760439,0.808446531,4.96290454,-1.146005313,0.038588252,-0.950384507,-0.051380792,-0.007728024
26.91,-0.036675934,1.74147368,5.01560982,-1.149303342,-0.007999438,0.776797018,4.963722067,-1.15724466,0.028676496,-0.964676662,-0.051887754,-0.007941317
26.94,-0.042476246,1.728633315,5.014041034,-1.158092514,-0.021404642,0.753211781,4.96434088,-1.165642282,0.021071604,-0.975421534,-0.049700154,-0.007549769
26.97,-0.048197803,1.715951853,5.016664648,-1.166235014,-0.034872148,0.729747164,4.964948988,-1.173997058,0.013325654,-0.986204689,-0.051715659,-0.007762044
27.01,-0.081831352,1.369179963,5.000157139,-1.176908999,-0.052915713,0.698632931,4.965762223,-1.18514926,0.028915639,-0.670547031,-0.034394916,-0.008240261
27.04,-0.087872774,1.351052113,4.997672897,-1.184833043,-0.066496683,0.675398035,4.966358882,-1.193568139,0.021376091,-0.675654078,-0.031314015,-0.008735096
27.07,-0.093828149,1.33306221,4.999675427,-1.193025543,-0.080117432,0.65225562,4.966956298,-1.201992245,0.013710717,-0.68080659,-0.032719129,-0.008966701
27.11,-0.101641053,1.309298737,4.999102105,-1.202805299,-0.098364353,0.621606077,4.967774077,-1.213156532,0.0032767,-0.68769266,-0.031328028,-0.010351233
27.14,-0.107412943,1.291656894,5.001114843,-1.211413554,-0.112112728,0.598746457,4.968415772,-1.221512902,-0.004699785,-0.692910437,-0.032699071,-0.010099348
27.17,-0.113107015,1.274157122,5.003237609,-1.219823554,-0.125908465,0.575948292,4.969076611,-1.229910595,-0.01280145,-0.698208831,-0.034160998,-0.010087041
27.21,-0.120566491,1.251023405,5.015283506,-1.229542613,-0.144419766,0.545669029,4.969958612,-1.2411618,-0.023853275,-0.705354376,-0.045324894,-0.011619187
27.24,-0.126064508,1.233851255,5.009135282,-1.239540345,-0.158418233,0.523080286,4.970613653,-1.249535809,-0.032353725,-0.710770969,-0.038521628,-0.009995464
27.27,-0.131498163,1.216818047,5.011397326,-1.247867845,-0.172500877,0.500573674,4.971249201,-1.257863784,-0.041002715,-0.716244373,-0.040148125,-0.009995939
27.31,-0.138637907,1.194315421,5.009072801,-1.258881072,-0.191407933,0.470660843,4.972067657,-1.269033463,-0.052770027,-0.723654578,-0.037005144,-0.01015239
27.34,-0.143899284,1.177597761,5.002746973,-1.267808695,-0.205673681,0.448291293,4.972645222,-1.277473947,-0.061774397,-0.729306468,-0.030101751,-0.009665252
27.37,-0.149072653,1.161023551,5.004680547,-1.276013695,-0.220003347,0.425996348,4.973215592,-1.28588612,-0.070930695,-0.735027203,-0.031464955,-0.009872424
27.41,-0.155816054,1.139153865,5.000004182,-1.287575243,-0.239220862,0.39642481,4.97395686,-1.297011973,-0.083404808,-0.742729055,-0.026047322,-0.00943673
27.44,-0.160775902,1.122924575,4.98055493,-1.296230038,-0.253698332,0.374324034,4.974524076,-1.305376577,-0.09292243,-0.748600541,-0.006030854,-0.009146539
27.47,-0.165644871,1.106826745,4.981783404,-1.304700038,-0.268213222,0.352261279,4.975091304,-1.313789808,-0.102568351,-0.754565466,-0.0066921,-0.009089771
27.51,-0.280017672,0.894004613,4.975933897,-1.316523211,-0.287639288,0.322950822,4.975858483,-1.325012091,-0.007621616,-0.57105379,-7.5414e-05,-0.00848888
27.54,-0.287030047,0.875436493,4.967695272,-1.324800553,-0.302266831,0.301077969,4.976457723,-1.333368857,-0.015236783,-0.574358525,0.008762451,-0.008568304
27.57,-0.293961321,0.857029107,4.968632336,-1.333253053,-0.31692944,0.279267417,4.977085643,-1.341715173,-0.022968119,-0.57776169,0.008453307,-0.008462121
27.61,-0.303071671,0.832715134,4.974057795,-1.344120623,-0.336527265,0.250249182,4.977963335,-1.352912485,-0.033455594,-0.582465951,0.003905539,-0.008791862
27.64,-0.309819435,0.814634679,4.958910037,-1.352493308,-0.351260834,0.228543566,4.978645914,-1.361333629,-0.0414414,-0.586091114,0.019735877,-0.008840321
27.67,-0.316483434,0.796687186,4.959660292,-1.360905808,-0.36602437,0.206907178,4.979353081,-1.36972043,-0.049540936,-0.589780009,0.01969279,-0.008814622
27.71,-0.325245727,0.772957186,4.95893789,-1.372488395,-0.385759267,0.178176336,4.98030482,-1.380852261,-0.06051354,-0.59478085,0.02136693,-0.008363867
27.74,-0.331692154,0.7553097,4.957596906,-1.380923098,-0.40058643,0.156669998,4.981045958,-1.389237021,-0.068894276,-0.598639702,0.023449052,-0.008313923
27.77,-0.338052724,0.737778932,4.958397677,-1.389465598,-0.415429573,0.135187191,4.981797237,-1.397654359,-0.077376849,-0.602591741,0.02339956,-0.008188761
27.81,-0.346389791,0.714630413,4.947735646,-1.399827814,-0.435256115,0.106635954,4.982833246,-1.408852283,-0.088866324,-0.607994459,0.0350976,-0.009024469
27.84,-0.352544566,0.697436596,4.946147847,-1.408397477,-0.450152496,0.085305937,4.983621978,-1.417206362,-0.09760793,-0.612130659,0.037474131,-0.008808884
27.87,-0.358608167,0.680412942,4.946701186,-1.416789977,-0.465062118,0.06400887,4.984434358,-1.425569045,-0.106453951,-0.616404073,0.037733173,-0.008779067
27.91,-0.366561759,0.657917009,4.947187935,-1.427601794,-0.48495835,0.035637249,4.985551067,-1.436781224,-0.118396592,-0.62227976,0.038363132,-0.00917943
27.94,-0.372415741,0.641190455,4.95706069,-1.436015768,-0.499895708,0.014405716,4.986424017,-1.445189107,-0.127479967,-0.62678474,0.029363327,-0.00917334
27.97,-0.378177683,0.624595374,4.958115375,-1.444438268,-0.51484613,-0.006769843,4.987318372,-1.453563148,-0.136668447,-0.631365217,0.029202997,-0.00912488
28.01,-0.519506357,0.430039476,4.972466089,-1.45531691,-0.534798622,-0.034935451,4.988540615,-1.464709018,-0.015292264,-0.464974927,0.016074526,-0.009392108
28.04,-0.527815946,0.411027381,4.970246827,-1.463140186,-0.549771151,-0.056051955,4.98946443,-1.473109066,-0.021955205,-0.467079336,0.019217603,-0.00996888
28.07,-0.536035191,0.392120748,4.971763263,-1.471680186,-0.564750045,-0.077156049,4.990377843,-1.481524698,-0.028714854,-0.469276797,0.01861458,-0.009844511
28.11,-0.546843739,0.36711047,4.965872712,-1.482906221,-0.584737538,-0.105220967,4.991584145,-1.492703877,-0.037893799,-0.472331436,0.025711433,-0.009797656
28.14,-0.554840069,0.34850352,4.978596351,-1.491203611,-0.599735859,-0.126219571,4.99247163,-1.501062669,-0.04489579,-0.474723091,0.01387528,-0.009859058
28.17,-0.562737435,0.330052871,4.980325214,-1.499626111,-0.614733768,-0.147213774,4.993362881,-1.509440712,-0.051996333,-0.477266645,0.013037667,-0.009814601
28.21,-0.573123527,0.305656599,4.983115267,-1.510012804,-0.634722748,-0.175210406,4.994544862,-1.52065232,-0.061599221,-0.480867004,0.011429595,-0.010639515
28.24,-0.580789408,0.287480844,4.998583219,-1.518320395,-0.649706602,-0.196171088,4.995434709,-1.529045203,-0.068917194,-0.483651932,-0.003148509,-0.010724808
28.27,-0.588349354,0.269435746,5.000898318,-1.526720395,-0.66468407,-0.217093421,4.996311312,-1.53741581,-0.076334716,-0.486529168,-0.004587006,-0.010695415
28.31,-0.598279018,0.245587724,5.006312533,-1.538658117,-0.684640721,-0.244970959,4.997475657,-1.548581638,-0.086361703,-0.490558682,-0.008836877,-0.00992352
28.34,-0.605622838,0.22784323,5.00757115,-1.546967837,-0.699598607,-0.26589598,4.998316306,-1.55698694,-0.093975769,-0.49373921,-0.009254844,-0.010019103
28.37,-0.612856412,0.21020147,5.010001676,-1.555672837,-0.714551218,-0.286814329,4.999130924,-1.565394187,-0.101694807,-0.497015799,-0.010870751,-0.00972135
28.41,-0.622301719,0.186880416,5.014200586,-1.567792924,-0.734481361,-0.314651789,5.000173512,-1.576563256,-0.112179642,-0.501532205,-0.014027075,-0.008770332
28.44,-0.629273459,0.169555463,5.016271989,-1.575653758,-0.749425417,-0.335514085,5.00092751,-1.584931189,-0.120151958,-0.505069548,-0.015344479,-0.009277431
28.47,-0.636152286,0.152362675,5.018785605,-1.583843758,-0.764367917,-0.356394636,5.001662224,-1.593322045,-0.128215632,-0.508757311,-0.017123381,-0.009478287
28.51,-0.739176248,-0.005898954,5.012883423,-1.59486522,-0.784289881,-0.384255713,5.002588638,-1.604536689,-0.045113633,-0.378356759,-0.010294785,-0.009671469
28.54,-0.747569625,-0.024952534,5.013810957,-1.603410279,-0.799230282,-0.405124861,5.003255338,-1.612922295,-0.051660657,-0.380172327,-0.010555619,-0.009512016
28.57,-0.755848922,-0.043885848,5.016063481,-1.611905279,-0.814170371,-0.425976225,5.003895612,-1.621290074,-0.058321449,-0.382090378,-0.01216787,-0.009384795
28.61,-0.766720563,-0.068925523,5.02002253,-1.622322216,-0.834093499,-0.453803432,5.004735067,-1.632471439,-0.067372936,-0.384877909,-0.015287463,-0.010149224
28.64,-0.774744829,-0.087580268,5.034789009,-1.63073366,-0.849038744,-0.474704039,5.005337203,-1.640884601,-0.074293915,-0.387123771,-0.029451805,-0.010150942
28.67,-0.78265904,-0.106122496,5.03756494,-1.63889866,-0.863984158,-0.495599242,5.005930537,-1.649287868,-0.081325118,-0.389476747,-0.031634403,-0.010389208
28.71,-0.793055911,-0.13065463,5.038434861,-1.650798737,-0.883909443,-0.523427334,5.006678612,-1.660451545,-0.090853532,-0.392772704,-0.031756249,-0.009652808
28.74,-0.800725545,-0.148900172,5.040543175,-1.658681181,-0.898854967,-0.544312906,5.007205084,-1.668829752,-0.098129422,-0.395412734,-0.033338091,-0.010148571
28.77,-0.808281201,-0.167008787,5.043247693,-1.666941181,-0.913804042,-0.565230088,5.007689343,-1.677230111,-0.105522841,-0.398221301,-0.03555835,-0.01028893
28.81,-0.81819855,-0.190958761,5.052224912,-1.677262739,-0.933741433,-0.593142216,5.008274145,-1.688438051,-0.115542884,-0.402183456,-0.043950767,-0.011175312
28.84,-0.825516675,-0.208765544,5.05699342,-1.68566557,-0.94869656,-0.61405833,5.00867123,-1.696814554,-0.123179885,-0.405292785,-0.04832219,-0.011148984
28.87,-0.832733012,-0.226438696,5.059979762,-1.69404057,-0.963656096,-0.634975588,5.009038118,-1.70518285,-0.130923084,-0.408536893,-0.050941644,-0.01114228
28.91,-0.842216619,-0.249792521,5.060687772,-1.704423148,-0.98361961,-0.662919428,5.009465399,-1.716376842,-0.141402991,-0.413126907,-0.051222373,-0.011953694
28.94,-0.849209652,-0.267170421,5.045364972,-1.713015807,-0.998606248,-0.683908388,5.009720729,-1.72478987,-0.149396595,-0.416737967,-0.035644244,-0.011774063
28.97,-0.856092375,-0.284436495,5.047691893,-1.721390807,-1.013600253,-0.704890561,5.009939229,-1.733184121,-0.157507878,-0.420454065,-0.037752664,-0.011793314
29.01,-0.851087276,-0.372553405,5.036988093,-1.73260429,-1.03360865,-0.73285471,5.010157547,-1.744341107,-0.182521374,-0.360301305,-0.026830546,-0.011736817
29.04,-0.857074889,-0.390292027,5.03038629,-1.740730641,-1.048636987,-0.753862397,5.010300761,-1.752729644,-0.191562098,-0.363570371,-0.020085528,-0.011999003
29.07,-0.862949992,-0.407907552,5.032082115,-1.749108141,-1.063684286,-0.774902827,5.010422542,-1.761144138,-0.200734294,-0.366995275,-0.021659573,-0.012035997
29.11,-0.870619506,-0.431223968,5.033028856,-1.760639778,-1.083778131,-0.802965314,5.010576115,-1.772349304,-0.213158626,-0.371741346,-0.022452741,-0.011709526
29.14,-0.87623517,-0.448568422,5.021795229,-1.769650673,-1.098877143,-0.823996805,5.010681768,-1.780712913,-0.222641974,-0.375428384,-0.011113461,-0.01106224
29.17,-0.881750587,-0.465778669,5.023180707,-1.778143173,-1.114011047,-0.845039698,5.010792621,-1.7890797,-0.23226046,-0.379261028,-0.012388086,-0.010936527
29.21,-0.88893604,-0.488533174,5.020482499,-1.788619204,-1.134279066,-0.873149327,5.010918006,-1.800307577,-0.245343026,-0.384616154,-0.009564492,-0.011688372
29.24,-0.894186267,-0.505462829,5.024453363,-1.79786275,-1.149553039,-0.894239594,5.011003957,-1.808736856,-0.255366772,-0.388776765,-0.013449406,-0.010874107
29.27,-0.899323699,-0.522265272,5.025910321,-1.80619525,-1.164879007,-0.915309744,5.011088899,-1.817120063,-0.265555308,-0.393044472,-0.014821422,-0.010924813
29.31,-0.905989323,-0.544479972,5.01090425,-1.81726363,-1.185418988,-0.943390113,5.011201762,-1.828260197,-0.279429665,-0.398910141,0.000297513,-0.010996566
29.34,-0.910851284,-0.561019017,5.01908646,-1.826901557,-1.20091436,-0.964479693,5.01128302,-1.836671958,-0.290063076,-0.403460676,-0.007803439,-0.0097704
29.37,-0.915614995,-0.577473284,5.020422361,-1.835494057,-1.216474109,-0.985583713,5.011353041,-1.845111126,-0.300859113,-0.40811043,-0.00906932,-0.009617069
29.41,-0.921793103,-0.599241616,5.018360966,-1.84708205,-1.237325326,-1.013695042,5.011466259,-1.856302914,-0.315532223,-0.414453427,-0.006894707,-0.009220865
29.44,-0.926299455,-0.615420591,5.020975029,-1.855520895,-1.253042835,-1.034756597,5.011555387,-1.864651481,-0.326743379,-0.419336006,-0.009419642,-0.009130586
29.47,-0.930692371,-0.631475603,5.022429781,-1.864028395,-1.268826912,-1.05583013,5.011655131,-1.873028445,-0.338134541,-0.424354527,-0.01077465,-0.00900005
29.51,-1.157317375,-0.773494815,5.025202776,-1.875718562,-1.289999156,-1.08396071,5.011771542,-1.884275946,-0.13268178,-0.310465895,-0.013431234,-0.008557384
29.54,-1.166295801,-0.791567517,5.036211551,-1.884807451,-1.30596194,-1.105042064,5.011857793,-1.892687001,-0.139666139,-0.313474546,-0.024353758,-0.00787955
29.57,-1.175165302,-0.809512242,5.038115251,-1.893404951,-1.321981078,-1.126096033,5.011932966,-1.901057261,-0.146815776,-0.316583791,-0.026182286,-0.00765231
29.61,-1.18680651,-0.833242241,5.040177218,-1.904621179,-1.343454037,-1.154160268,5.012022967,-1.912233081,-0.156647526,-0.320918028,-0.028154252,-0.007611901
29.64,-1.195407234,-0.85090453,5.040607611,-1.913046913,-1.359639108,-1.17523381,5.012055905,-1.920672119,-0.164231874,-0.32432928,-0.028551706,-0.007625206
29.67,-1.203909967,-0.868458868,5.042529696,-1.921329413,-1.375859929,-1.196312076,5.012061793,-1.929109761,-0.171949962,-0.327853208,-0.030467903,-0.007780348
29.71,-1.215080987,-0.89168786,5.052062345,-1.932428194,-1.397503432,-1.224392474,5.01202518,-1.940314209,-0.182422444,-0.332704614,-0.040037166,-0.007886014
29.74,-1.223327172,-0.908982164,5.060156807,-1.940415905,-1.413730265,-1.245461371,5.011969914,-1.948713261,-0.190403092,-0.336479207,-0.048186893,-0.008297356
29.77,-1.231456716,-0.926152688,5.062558588,-1.948595905,-1.429952989,-1.266566656,5.0118953,-1.957114509,-0.198496272,-0.340413968,-0.050663288,-0.008518604
29.81,-1.242097145,-0.948900768,5.065758784,-1.9592959,-1.451562156,-1.29476422,5.011725222,-1.968306232,-0.20946501,-0.345863453,-0.054033561,-0.009010332
29.84,-1.24994586,-0.965838243,5.06831128,-1.967779443,-1.467734133,-1.315914197,5.011548829,-1.976698027,-0.217788273,-0.350075954,-0.056762452,-0.008918584
29.87,-1.257683722,-0.98266082,5.070719093,-1.976231943,-1.483880771,-1.337063149,5.011325451,-1.985091307,-0.226197049,-0.354402329,-0.059393642,-0.008859364
29.91,-1.26781962,-1.004918156,5.066729657,-1.988187906,-1.505388553,-1.365308053,5.010961629,-1.996281487,-0.237568933,-0.360389897,-0.055768029,-0.008093582
29.94,-1.275273148,-1.021483586,5.068448672,-1.996170967,-1.521512291,-1.386535213,5.010617561,-2.004675234,-0.246239143,-0.365051627,-0.057831111,-0.008504266
29.97,-1.282623833,-1.037939056,5.070604799,-2.004348467,-1.53762208,-1.407767067,5.010234781,-2.013068786,-0.254998247,-0.369828011,-0.060370018,-0.008720318
30.01,-1.458787341,-1.207695853,5.062302098,-2.016461976,-1.559069736,-1.436056474,5.009643273,-2.024254187,-0.100282395,-0.228360621,-0.052658825,-0.007792211
30.04,-1.469092474,-1.22672905,5.067319247,-2.023731157,-1.575150993,-1.457287613,5.009154415,-2.032642206,-0.106058518,-0.230558563,-0.058164832,-0.008911049
30.07,-1.479283315,-1.245642904,5.069250773,-2.032286157,-1.591241335,-1.478546118,5.008622562,-2.041034048,-0.11195802,-0.232903214,-0.060628211,-0.008747891
30.11,-1.492695036,-1.270707142,5.067942869,-2.043814733,-1.612699702,-1.506905449,5.007834854,-2.052229001,-0.120004665,-0.236198307,-0.060108015,-0.008414268
30.14,-1.50261219,-1.289386769,5.062615338,-2.05282544,-1.628775943,-1.528149341,5.00718659,-2.060619988,-0.126163753,-0.238762572,-0.055428748,-0.007794548
30.17,-1.5124062,-1.307946504,5.064220993,-2.06114044,-1.644838612,-1.549384565,5.006496623,-2.06901134,-0.132432411,-0.241438062,-0.05772437,-0.0078709
30.21,-1.525285961,-1.332525455,5.052798825,-2.071773068,-1.666241272,-1.577730082,5.00551329,-2.08019873,-0.140955311,-0.245204627,-0.047285535,-0.008425662
30.24,-1.534828385,-1.350849827,5.046091067,-2.080981158,-1.682266483,-1.599006817,5.004722451,-2.088580269,-0.147438098,-0.24815699,-0.041368616,-0.007599111
30.27,-1.544267651,-1.369083154,5.047064857,-2.089248658,-1.698250355,-1.620268979,5.003912488,-2.096965117,-0.153982704,-0.251185825,-0.043152368,-0.007716459
30.31,-1.556654601,-1.393228655,5.045651086,-2.1003067,-1.719474907,-1.648584734,5.002801077,-2.108161568,-0.162820306,-0.255356079,-0.042850009,-0.007854868
30.34,-1.565808115,-1.411207863,5.044866658,-2.109238409,-1.735343647,-1.669827867,5.001973189,-2.116548691,-0.169535532,-0.258620004,-0.042893469,-0.007310281
30.37,-1.574853388,-1.429099058,5.04582048,-2.117563409,-1.751178712,-1.69107861,5.001137527,-2.124921895,-0.176325324,-0.261979552,-0.044682953,-0.007358486
30.41,-1.586719651,-1.452797671,5.039331248,-2.128840322,-1.772201704,-1.719372417,5.00003433,-2.136091461,-0.185482053,-0.266574746,-0.039296918,-0.007251138
30.44,-1.595484022,-1.470434969,5.025660376,-2.137360431,-1.78788761,-1.740531545,4.999210052,-2.144482783,-0.192403587,-0.270096576,-0.026450324,-0.007122352
30.47,-1.604121417,-1.487950343,5.026057472,-2.145822931,-1.803526526,-1.76165814,4.998402231,-2.152872359,-0.199405109,-0.273707797,-0.02765524,-0.007049428
30.51,-1.743118086,-1.540352893,5.022191817,-2.157254684,-1.824313995,-1.789784797,4.997350743,-2.164046879,-0.081195909,-0.249431904,-0.024841074,-0.006792195
30.54,-1.753783333,-1.557796243,5.022058784,-2.166395116,-1.839841759,-1.810811086,4.99659848,-2.172430268,-0.086058426,-0.253014843,-0.025460304,-0.006035152
30.57,-1.764320319,-1.575153365,5.022547605,-2.174547616,-1.855309511,-1.831755981,4.995884383,-2.180818385,-0.090989192,-0.256602616,-0.026663221,-0.006270768
30.61,-1.77817607,-1.598136257,5.016054051,-2.185981793,-1.875832978,-1.859534753,4.995010787,-2.192003109,-0.097656908,-0.261398496,-0.021043263,-0.006021317
30.64,-1.788426035,-1.615256038,5.01714207,-2.19446086,-1.891159617,-1.880277852,4.994412854,-2.20038907,-0.102733582,-0.265021814,-0.022729217,-0.00592821
30.67,-1.798568328,-1.632278858,5.017729114,-2.20274836,-1.906419744,-1.900943827,4.993848676,-2.208767259,-0.107851417,-0.26866497,-0.023880438,-0.006018899
30.71,-1.811922755,-1.65481966,5.022254765,-2.214272994,-1.926583187,-1.928308831,4.993182475,-2.219937269,-0.114660432,-0.273489171,-0.02907229,-0.005664275
30.74,-1.821803449,-1.671599695,5.021949557,-2.221959288,-1.941544832,-1.9486866,4.992739904,-2.228323024,-0.119741383,-0.277086905,-0.029209653,-0.006363736
30.77,-1.831574489,-1.688274644,5.022934606,-2.230331788,-1.956394212,-1.968976494,4.99234804,-2.236694727,-0.124819722,-0.28070185,-0.030586567,-0.006362939
30.81,-1.844422759,-1.710371078,5.02480772,-2.241777739,-1.975977397,-1.995863577,4.991879911,-2.24781821,-0.131554638,-0.285492498,-0.032927809,-0.006040471
30.84,-1.853918367,-1.726849338,5.025475379,-2.252037883,-1.990466908,-2.015856556,4.991580786,-2.256171902,-0.136548542,-0.289007218,-0.033894593,-0.004134019
30.87,-1.863294283,-1.743247164,5.026730307,-2.260360383,-2.004799685,-2.03570211,4.991309591,-2.264543912,-0.141505402,-0.292454945,-0.035420716,-0.004183529
30.91,-1.875619876,-1.764964954,5.026359932,-2.27189977,-2.023646623,-2.061904403,4.99101533,-2.275703444,-0.148026747,-0.296939449,-0.035344602,-0.003803674
30.94,-1.884741135,-1.781168221,5.013923698,-2.279857699,-2.037599728,-2.08136252,4.99082929,-2.284064808,-0.152858593,-0.300194299,-0.023094408,-0.004207108
30.97,-1.893747015,-1.797290903,5.014966011,-2.288070199,-2.051406245,-2.100650318,4.990670776,-2.292432651,-0.15765923,-0.303359415,-0.024295234,-0.004362451
31.01,-1.949113316,-1.794078005,5.012928575,-2.298852296,-2.069515497,-2.12599548,4.990505707,-2.303594027,-0.120402181,-0.331917475,-0.022422868,-0.004741731
31.04,-1.958317301,-1.809156941,5.005978806,-2.308016734,-2.082884628,-2.144717306,4.990430646,-2.311958249,-0.124567326,-0.335560365,-0.015548159,-0.003941515
31.07,-1.967401621,-1.824165133,5.006984062,-2.316044234,-2.096116136,-2.163235489,4.990410452,-2.320313885,-0.128714515,-0.339070356,-0.01657361,-0.004269652
31.11,-1.979384014,-1.844097612,5.012239778,-2.32701791,-2.11347825,-2.187501843,4.990485329,-2.331442774,-0.134094237,-0.34340423,-0.021754449,-0.004424864
31.14,-1.988280431,-1.858977642,5.004898133,-2.335631067,-2.12620693,-2.205289025,4.990656132,-2.339736135,-0.137926499,-0.346311383,-0.014242001,-0.004105068
31.17,-1.997081565,-1.873791385,5.006186149,-2.343636067,-2.138681811,-2.222738591,4.990892557,-2.347969791,-0.141600246,-0.348947207,-0.015293592,-0.004333723
31.21,-2.008651994,-1.893437056,5.009595381,-2.354540338,-2.15484828,-2.245399018,4.991340975,-2.35892028,-0.146196286,-0.351961962,-0.018254406,-0.004379942
31.24,-2.017234724,-1.908101499,5.006334408,-2.363557237,-2.166611853,-2.261935603,4.99175601,-2.367162653,-0.149377129,-0.353834104,-0.014578398,-0.003605416
31.27,-2.025731145,-1.922724956,5.007945306,-2.371837237,-2.178065899,-2.278090768,4.992233839,-2.375408072,-0.152334754,-0.355365812,-0.015711467,-0.003570835
31.31,-2.036922594,-1.942135941,5.00980843,-2.383586704,-2.192685848,-2.298839291,4.992960396,-2.386336902,-0.155763254,-0.356703349,-0.016848034,-0.002750198
31.34,-2.045213173,-1.956609363,5.005384242,-2.39221457,-2.203157123,-2.313791295,4.993571626,-2.394519101,-0.15794395,-0.357181932,-0.011812616,-0.002304531
31.37,-2.053420499,-1.971037184,5.007196281,-2.40026957,-2.213281657,-2.328305048,4.994232125,-2.402760933,-0.159861158,-0.357267864,-0.012964156,-0.002491363
31.41,-2.064268227,-1.990196082,5.009349517,-2.410811048,-2.226091779,-2.346795865,4.995171365,-2.413836202,-0.161823552,-0.356599783,-0.014178152,-0.003025154
31.44,-2.072297274,-2.004499049,5.015988103,-2.419362956,-2.23510026,-2.359940841,4.995926445,-2.422075577,-0.162802986,-0.355441792,-0.020061658,-0.002712621
31.47,-2.080231583,-2.018736319,5.018320302,-2.427207956,-2.243654479,-2.372544574,4.9966993,-2.430260675,-0.163422896,-0.353808255,-0.021621001,-0.003052719
31.51,-2.211590702,-2.0782322,5.00793212,-2.438018207,-2.254251068,-2.388383608,4.997788229,-2.441261321,-0.042660365,-0.310151407,-0.010143891,-0.003243114
31.54,-2.221730015,-2.093208991,5.008440942,-2.446565823,-2.2615695,-2.399527979,4.998609618,-2.449614297,-0.039839485,-0.306318988,-0.009831325,-0.003048474
31.57,-2.231795461,-2.108161493,5.010658497,-2.454720823,-2.268374223,-2.410096344,4.999444472,-2.457938463,-0.036578762,-0.301934852,-0.011214026,-0.003217641
31.61,-2.245082005,-2.128039706,5.017362173,-2.466422435,-2.276442559,-2.423092339,5.000555754,-2.468900535,-0.031360554,-0.295052633,-0.016806419,-0.0024781
31.64,-2.254950659,-2.142884916,5.009239114,-2.474516612,-2.281752935,-2.432040818,5.001408517,-2.477158378,-0.026802276,-0.289155902,-0.007830597,-0.002641766
31.67,-2.264760599,-2.157690732,5.011546305,-2.482809112,-2.286529783,-2.440422283,5.002253801,-2.485519308,-0.021769184,-0.28273155,-0.009292504,-0.002710196
31.71,-2.277770645,-2.177405281,5.018510367,-2.493581691,-2.291840846,-2.450510413,5.003344833,-2.496710662,-0.014070201,-0.273105132,-0.015165533,-0.003128971
31.74,-2.287457746,-2.192170483,5.021736332,-2.502287004,-2.294965113,-2.457217778,5.004113286,-2.504997422,-0.007507368,-0.265047296,-0.017623046,-0.002710418
31.77,-2.29707114,-2.206903185,5.024405131,-2.510352004,-2.297471587,-2.463306189,5.004842736,-2.513256507,-0.000400447,-0.256403004,-0.019562394,-0.002904503
31.81,-2.30978347,-2.226531285,5.022127257,-2.52113984,-2.29972783,-2.47031953,5.005743223,-2.524453139,0.01005564,-0.243788245,-0.016384034,-0.003313299
31.84,-2.319269355,-2.241257995,5.032685816,-2.529687634,-2.30057929,-2.474727332,5.006339805,-2.53294923,0.018690065,-0.233469336,-0.026346011,-0.003261596
31.87,-2.328715048,-2.255990998,5.035599135,-2.537790134,-2.300773133,-2.478479778,5.006881723,-2.541356312,0.027941915,-0.22248878,-0.028717412,-0.003566178
31.91,-2.341182538,-2.275616764,5.038279704,-2.550348893,-2.299818158,-2.482275547,5.007475517,-2.552386045,0.041364381,-0.206658782,-0.030804187,-0.002037152
31.94,-2.350445098,-2.290324035,5.042446368,-2.559476061,-2.298236477,-2.484248986,5.007842283,-2.560782838,0.052208621,-0.193924951,-0.034604085,-0.001306777
31.97,-2.359673164,-2.305034551,5.045444792,-2.567736061,-2.296029465,-2.48559383,5.008127387,-2.569323851,0.063643699,-0.180559279,-0.037317405,-0.001587789
32.01,-2.287938265,-2.228136064,5.029444793,-2.57822846,-2.29185743,-2.486188041,5.008378053,-2.58064014,-0.003919165,-0.258051977,-0.02106674,-0.00241168
32.04,-2.294816568,-2.240595699,5.022106685,-2.586177771,-2.287774813,-2.485723735,5.00842633,-2.588933352,0.007041755,-0.245128036,-0.013680355,-0.002755581
32.07,-2.301647537,-2.253065658,5.024246193,-2.594560271,-2.283024957,-2.484619304,5.008393906,-2.597250722,0.018622581,-0.231553646,-0.015852287,-0.002690451
32.11,-2.310684623,-2.269680839,5.034941309,-2.60613767,-2.275505664,-2.482008371,5.008221194,-2.608637451,0.035178959,-0.212327532,-0.026720115,-0.002499781
32.14,-2.317437496,-2.282154495,5.030649487,-2.614854596,-2.268924658,-2.479181336,5.008015707,-2.617185178,0.048512839,-0.19702684,-0.022633779,-0.002330581
32.17,-2.324170148,-2.294649354,5.03293182,-2.623659596,-2.261620452,-2.475715056,5.007736561,-2.625564609,0.062549697,-0.181065702,-0.025195259,-0.001905013
32.21,-2.333097262,-2.311338445,5.038178794,-2.634718101,-2.250588415,-2.469971683,5.007179965,-2.636622153,0.082508847,-0.158633238,-0.030998829,-0.001904052
32.24,-2.339765419,-2.323880935,5.024698489,-2.643295701,-2.241398042,-2.46487251,5.006634072,-2.645110817,0.098367377,-0.140991575,-0.018064417,-0.001815116
32.27,-2.346427855,-2.3364533,5.026558713,-2.651778201,-2.23153267,-2.45920046,5.005989256,-2.653695612,0.114895185,-0.122747159,-0.020569457,-0.001917412
32.31,-2.355291701,-2.35330446,5.025841049,-2.663760693,-2.217067671,-2.450555518,5.004961892,-2.664938084,0.138224031,-0.097251058,-0.020879157,-0.001177391
32.34,-2.361923947,-2.365976062,5.016248279,-2.672930047,-2.205243125,-2.443271433,5.004047911,-2.673205977,0.156680822,-0.077295372,-0.012200367,-0.00027593
32.37,-2.368537014,-2.378692621,5.017690863,-2.681127547,-2.192752681,-2.4354326,5.003062023,-2.681571124,0.175784333,-0.056739979,-0.01462884,-0.000443576
32.41,-2.377386525,-2.39571577,5.021088451,-2.693372245,-2.174906061,-2.423992512,5.001588263,-2.693004042,0.202480463,-0.028276742,-0.019500188,0.000368203
32.44,-2.38406668,-2.408544838,5.006723035,-2.702345315,-2.160571524,-2.414657966,5.000391293,-2.701480327,0.223495156,-0.006113128,-0.006331742,0.000864989
32.47,-2.390754347,-2.421415397,5.007760332,-2.710847815,-2.145532625,-2.404780013,4.999102359,-2.709777692,0.245221722,0.016635385,-0.008657973,0.001070123
32.51,-2.304326081,-2.31556393,4.997670877,-2.722440936,-2.124263775,-2.390670817,4.997235883,-2.72085516,0.180062306,-0.075106887,-0.000434994,0.001585776
32.54,-2.308919518,-2.32593864,4.997415755,-2.731090383,-2.107450053,-2.379428604,4.995739132,-2.729384718,0.201469464,-0.053489964,-0.001676624,0.001705664
32.57,-2.313547703,-2.33638312,4.998102158,-2.739427883,-2.089984683,-2.367708072,4.994192502,-2.737928526,0.22356302,-0.031324952,-0.003909656,0.001499356
32.61,-2.319756126,-2.350393532,5.000623776,-2.750401272,-2.065448797,-2.35120869,4.992021224,-2.749047532,0.254307329,-0.000815157,-0.008602552,0.00135374
32.64,-2.324420843,-2.36096469,4.998776538,-2.759502181,-2.046148528,-2.33822685,4.990307301,-2.757330592,0.278272315,0.02273784,-0.008469238,0.002171589
32.67,-2.329119215,-2.371601426,4.999525168,-2.767697181,-2.026240054,-2.324844499,4.988547539,-2.765744926,0.302879161,0.046756927,-0.01097763,0.001952255
32.71,-2.335454652,-2.385888081,4.990842281,-2.777990205,-1.998571589,-2.306306691,4.986100783,-2.777095047,0.336883064,0.07958139,-0.004741498,0.000895158
32.74,-2.340260003,-2.396676839,4.994778859,-2.786297655,-1.976924138,-2.291892876,4.984199373,-2.785482785,0.363335865,0.104783964,-0.010579486,0.000814871
32.77,-2.345092509,-2.407540324,4.995374834,-2.794465155,-1.954636091,-2.277128445,4.982231084,-2.793787702,0.390456418,0.13041188,-0.01314375,0.000677454
32.81,-2.35157892,-2.422160553,4.998909794,-2.805495625,-1.923842176,-2.256858397,4.979551643,-2.804956711,0.427736744,0.165302156,-0.01935815,0.000538914
32.84,-2.356499895,-2.433225059,4.995191233,-2.814449587,-1.899974914,-2.241247844,4.977499083,-2.813440458,0.456524982,0.191977215,-0.01769215,0.001009128
32.87,-2.361495825,-2.444385082,4.995890937,-2.822867087,-1.875516069,-2.225340331,4.975432646,-2.82188241,0.485979756,0.219044751,-0.020458291,0.000984677
32.91,-2.368240057,-2.459410458,4.995423268,-2.833696029,-1.841812452,-2.203604885,4.972593772,-2.832968556,0.526427605,0.255805573,-0.022829496,0.000727473
32.94,-2.37333631,-2.470778228,5.002871202,-2.842111623,-1.815791264,-2.186952256,4.970428102,-2.841303232,0.557545046,0.283825972,-0.0324431,0.000808391
32.97,-2.378480444,-2.482226241,5.003863678,-2.850499123,-1.789274196,-2.170070482,4.968240858,-2.84972502,0.589206248,0.312155759,-0.03562282,0.000774103
33.01,-2.10263131,-2.294504388,4.994681149,-2.861742031,-1.752977617,-2.147153291,4.965313983,-2.860971222,0.349653693,0.147351097,-0.029367166,0.000770809
33.04,-2.101792222,-2.301945078,4.994679089,-2.870960749,-1.725020461,-2.129669493,4.963091201,-2.869304397,0.376771761,0.172275585,-0.031587888,0.001656352
33.07,-2.101003536,-2.309478499,4.995540699,-2.879615749,-1.696566033,-2.111993098,4.960846444,-2.877611074,0.404437503,0.197485401,-0.034694255,0.002004675
33.11,-2.100052357,-2.31966867,4.987023472,-2.890793166,-1.657819825,-2.088121006,4.957871448,-2.88878576,0.442232532,0.231547665,-0.029152024,0.002007406
33.14,-2.099444729,-2.327441406,4.976961272,-2.898661302,-1.628163691,-2.07000826,4.95566665,-2.89720311,0.471281038,0.257433146,-0.021294622,0.001458192
33.17,-2.098924322,-2.335322194,4.977477586,-2.907141302,-1.598044088,-2.051746126,4.953493538,-2.905572378,0.500880234,0.283576068,-0.023984048,0.001568925
33.21,-2.098320532,-2.345994445,4.965808862,-2.91805209,-1.557073041,-2.027149223,4.950614915,-2.916650645,0.541247492,0.318845222,-0.015193947,0.001401445
33.24,-2.097937233,-2.354134118,4.979294916,-2.926452673,-1.525832564,-2.00854917,4.948516038,-2.924998882,0.572104669,0.345584948,-0.030778879,0.001453791
33.27,-2.097647807,-2.362399615,4.98013384,-2.934505173,-1.494251204,-1.989849681,4.946459008,-2.933391799,0.603396603,0.372549934,-0.033674832,0.001113375
33.31,-2.097399152,-2.373575823,4.970061922,-2.945195805,-1.451470647,-1.964730154,4.943828978,-2.944548015,0.645928505,0.408845668,-0.026232944,0.00064779
33.34,-2.097304597,-2.382076108,4.965483831,-2.953833159,-1.418883641,-1.945756539,4.941890628,-2.952839425,0.678420956,0.436319569,-0.023593204,0.000993733
33.37,-2.097286644,-2.390673509,4.966132534,-2.962318159,-1.385990782,-1.926700835,4.939991,-2.961133587,0.711295862,0.463972674,-0.026141533,0.001184571
33.41,-2.097384734,-2.402308675,4.975666883,-2.972780302,-1.341666584,-1.901167167,4.937547928,-2.972286505,0.75571815,0.501141509,-0.038118955,0.000493796
33.44,-2.097573603,-2.411158424,4.971137411,-2.980792106,-1.308055484,-1.881926627,4.935813724,-2.980653163,0.789518119,0.529231797,-0.035323687,0.000138944
33.47,-2.097865158,-2.420120495,4.972263084,-2.988782106,-1.27415646,-1.862623345,4.934138382,-2.988965587,0.823708698,0.55749715,-0.038124702,-0.000183481
33.51,-1.78913022,-2.070077955,4.964383256,-2.999657741,-1.228510353,-1.836797739,4.931971885,-3.000014948,0.560619867,0.233280215,-0.032411371,-0.000357207
33.54,-1.783423771,-2.07175463,4.968553885,-3.00731156,-1.194037231,-1.817389707,4.930414635,-3.008357136,0.58938654,0.254364923,-0.038139249,-0.001045577
33.57,-1.777842025,-2.073543934,4.969826562,-3.01541656,-1.159398538,-1.797962347,4.928911954,-3.016718906,0.618443487,0.275581588,-0.040914608,-0.001302346
33.61,-1.77057705,-2.07609173,4.962164454,-3.026646186,-1.112852346,-1.772033392,4.927053192,-3.027825069,0.657724704,0.304058338,-0.035111261,-0.001178882
33.64,-1.765236473,-2.07813118,4.968758614,-3.035766722,-1.077697035,-1.752593754,4.925736232,-3.036145252,0.687539439,0.325537426,-0.043022382,-0.000378529
33.67,-1.759967111,-2.080272588,4.970335701,-3.044146722,-1.04242571,-1.733186206,4.924498221,-3.044480918,0.717541401,0.347086383,-0.04583748,-0.000334196
33.71,-1.753110828,-2.08328148,4.96484304,-3.05441117,-0.995236254,-1.707410508,4.922978821,-3.05559388,0.757874575,0.375870972,-0.041864218,-0.00118271
33.74,-1.748102408,-2.085649029,4.97198549,-3.062019399,-0.959686202,-1.68817393,4.921959764,-3.063941356,0.788416206,0.397475099,-0.050025726,-0.001921956
33.77,-1.743191175,-2.088142809,4.97393687,-3.070426899,-0.924017344,-1.669013655,4.921000669,-3.072318836,0.81917383,0.419129153,-0.052936201,-0.001891937
33.81,-1.736771811,-2.091664296,4.965741357,-3.082073599,-0.876345953,-1.643618586,4.919860471,-3.08348642,0.860425858,0.44804571,-0.045880886,-0.001412821
33.84,-1.732082407,-2.094474118,4.976944914,-3.090952026,-0.840583111,-1.624689812,4.919101866,-3.091824565,0.891499296,0.469784306,-0.057843049,-0.000872539
33.87,-1.727503807,-2.097413932,4.979273734,-3.099282026,-0.804801055,-1.605844026,4.91842558,-3.100160199,0.922702752,0.491569906,-0.060848154,-0.000878173
33.91,-1.721551702,-2.101508494,4.978057805,-3.110753791,-0.757017814,-1.580864081,4.917668303,-3.111308676,0.964533888,0.520644412,-0.060389503,-0.000554885
33.94,-1.717175304,-2.104711373,4.979149528,-3.11966339,-0.721183998,-1.562240915,4.917185672,-3.119673224,0.995991306,0.542470458,-0.061963857,-9.834e-06
33.97,-1.712890217,-2.108029855,4.981683574,-3.12798339,-0.68541487,-1.543699931,4.916771281,-3.128018951,1.027475348,0.564329924,-0.064912293,-3.5562e-05
34.01,-1.281237097,-1.747046102,4.978354625,-3.138079683,-0.637851755,-1.519126914,4.91634404,-3.139128103,0.643385342,0.227919187,-0.062010585,-0.00104842
34.04,-1.268699527,-1.743495906,4.982786908,3.136973997,-0.60223156,-1.500806466,4.916134219,3.135705567,0.666467967,0.24268944,-0.06665269,-0.00126843
34.07,-1.256259383,-1.740067954,4.985570645,3.128963997,-0.56666261,-1.482565297,4.91597921,3.12734082,0.689596773,0.257502657,-0.069591436,-0.001623177
34.11,-1.239823086,-1.735691522,4.971113986,3.118410775,-0.519445494,-1.45838939,4.915912329,3.116201622,0.720377592,0.277302132,-0.055201657,-0.002209153
34.14,-1.22764335,-1.732547287,4.961343546,3.110096794,-0.484230161,-1.440367383,4.915950654,3.107865682,0.74341319,0.292179904,-0.045392891,-0.002231112
34.17,-1.215598324,-1.729531562,4.963616633,3.101584294,-0.449128623,-1.422427509,4.91607556,3.09951944,0.766469701,0.307104053,-0.047541073,-0.002064854
34.21,-1.199697542,-1.725697357,4.962036929,3.089620387,-0.402518402,-1.398659967,4.916372124,3.088351361,0.79717914,0.32703739,-0.045664805,-0.001269026
34.24,-1.187870554,-1.72296181,4.953247078,3.081667424,-0.367784036,-1.380942364,4.916717994,3.079980383,0.820086517,0.342019446,-0.036529084,-0.001687041
34.27,-1.17614778,-1.720346595,4.955454303,3.073432424,-0.333259117,-1.363296223,4.917147116,3.071627404,0.842888663,0.357050372,-0.038307188,-0.00180502
34.31,-1.160717277,-1.717018932,4.950439352,3.062066188,-0.287574172,-1.339890156,4.917867416,3.060490634,0.873143105,0.377128776,-0.032571936,-0.001575555
34.34,-1.149272496,-1.714654667,4.952783586,3.053683856,-0.253529718,-1.322420274,4.918507884,3.052127342,0.895742778,0.392234392,-0.034275702,-0.001556514
34.37,-1.137906681,-1.712405749,4.955142121,3.045481356,-0.219676758,-1.305003562,4.919213347,3.043767467,0.918229923,0.407402187,-0.035928774,-0.001713889
34.41,-1.122883746,-1.709573501,4.955247863,3.033681304,-0.174996136,-1.281859742,4.920285923,3.032624602,0.947887609,0.42771376,-0.03496194,-0.001056701
34.44,-1.111732822,-1.707580392,4.939219249,3.024566962,-0.141829782,-1.264553352,4.921177107,3.024261609,0.96990304,0.44302704,-0.018042142,-0.000305353
34.47,-1.100680915,-1.705703201,4.941328378,3.016259462,-0.108874739,-1.247284733,4.922141246,3.015898847,0.991806176,0.458418468,-0.019187132,-0.000360615
34.51,-0.795143739,-1.374560613,4.937737827,3.00485293,-0.065335089,-1.224321379,4.923505568,3.004757712,0.72980865,0.150239234,-0.014232259,-9.5218e-05
34.54,-0.779216283,-1.366940859,4.939498535,2.996167041,-0.033066279,-1.207128898,4.924622181,2.996395904,0.746150004,0.159811961,-0.014876354,0.000228864
34.57,-0.763389788,-1.359445937,4.941763691,2.987954541,-0.001100604,-1.189951707,4.925796792,2.988024854,0.762289184,0.16949423,-0.015966899,7.0314e-05
34.61,-0.742469279,-1.349630234,4.934549716,2.97724265,0.041033267,-1.167082284,4.927504217,2.976864061,0.783502546,0.18254795,-0.0070455,-0.000378589
34.64,-0.726888253,-1.34239492,4.940564026,2.96920857,0.072296629,-1.149959498,4.92885344,2.968501491,0.799184881,0.192435422,-0.011710586,-0.000707079
34.67,-0.711381506,-1.33526981,4.942956851,2.96098357,0.10327048,-1.132852514,4.930260015,2.960135632,0.814651986,0.202417296,-0.012696837,-0.000847937
34.71,-0.690869313,-1.325925354,4.94928948,2.95038763,0.143963453,-1.110062026,4.932231794,2.948971679,0.834832766,0.215863328,-0.017057686,-0.001415951
34.74,-0.675616007,-1.319041809,4.948619878,2.940907392,0.174062205,-1.092989181,4.933787511,2.940595726,0.849678211,0.226052628,-0.014832367,-0.000311666
34.77,-0.660449413,-1.312275714,4.951387489,2.932504892,0.20389218,-1.075935983,4.935388131,2.932217594,0.864341593,0.236339731,-0.015999358,-0.000287298
34.81,-0.640361142,-1.303450357,4.9616166,2.922217311,0.243130871,-1.053218964,4.937566908,2.921047067,0.883492013,0.250231393,-0.024049692,-0.001170245
34.84,-0.625390381,-1.296984436,4.958430052,2.914329793,0.272085171,-1.036173112,4.939239964,2.912664843,0.897475552,0.260811325,-0.019190088,-0.00166495
34.87,-0.610526893,-1.290626967,4.961468159,2.905792293,0.300698081,-1.019116528,4.940927478,2.904275607,0.911224974,0.271510439,-0.020540681,-0.001516686
34.91,-0.590878603,-1.282319176,4.980347628,2.894583701,0.3383052,-0.996363575,4.943223979,2.893095098,0.929183803,0.2859556,-0.037123648,-0.001488602
34.94,-0.576226634,-1.276228421,4.987929424,2.885635208,0.366108137,-0.979283032,4.944945966,2.884723841,0.942334771,0.29694539,-0.042983458,-0.000911368
34.97,-0.561640632,-1.270262291,4.991738117,2.877390208,0.393569804,-0.962172766,4.946682958,2.876346501,0.955210435,0.308089524,-0.045055159,-0.001043708
35.01,-0.202978831,-1.085442609,4.989713239,2.865916174,0.429530775,-0.939285197,4.948977153,2.865143754,0.632509606,0.146157412,-0.040736086,-0.000772421
35.04,-0.182350582,-1.077129522,4.997432753,2.857043747,0.456071425,-0.922071271,4.950694565,2.856746525,0.638422008,0.155058251,-0.046738188,-0.000297222
35.07,-0.161798284,-1.068941464,5.001322629,2.849013747,0.482327717,-0.904824973,4.952388895,2.848377971,0.644126002,0.164116492,-0.048933733,-0.000635775
35.11,-0.13450366,-1.058220896,5.004126947,2.837541994,0.516747438,-0.881739626,4.954642832,2.837229831,0.651251098,0.17648127,-0.049484116,-0.000312163
35.14,-0.11412682,-1.050327556,5.001991383,2.829804409,0.542066232,-0.864325803,4.956321899,2.828823574,0.656193052,0.186001753,-0.045669483,-0.000980835
35.17,-0.093852847,-1.042557657,5.005739576,2.821446909,0.567048938,-0.846833783,4.957992455,2.820396769,0.660901784,0.195723874,-0.047747121,-0.001050139
35.21,-0.066959425,-1.032377722,4.999199808,2.809815098,0.599824048,-0.823367266,4.960207564,2.80923843,0.666783473,0.209010456,-0.038992244,-0.000576668
35.24,-0.046856152,-1.024898662,5.008182333,2.801364597,0.623987164,-0.805631312,4.961843325,2.80091682,0.670843316,0.21926735,-0.046339007,-0.000447777
35.27,-0.026807161,-1.017529238,5.011882702,2.793087097,0.647801611,-0.787767639,4.963473063,2.792539501,0.674608772,0.229761599,-0.04840964,-0.000547596
35.31,-0.00020318,-1.007874313,5.016107575,2.781948921,0.678926122,-0.763698356,4.96561267,2.781256556,0.679129303,0.244175957,-0.050494905,-0.000692365
35.34,0.019671906,-1.000775384,5.018654503,2.774644066,0.701869265,-0.745469202,4.967208656,2.77286511,0.68219736,0.255306181,-0.051445847,-0.001778955
35.37,0.039489314,-0.993805358,5.022392129,2.766181566,0.724533468,-0.727108677,4.968768505,2.764555932,0.685044153,0.266696681,-0.053623623,-0.001625634
35.41,0.065812777,-0.984705376,5.022991618,2.754446719,0.754162319,-0.702345545,4.970806654,2.753421141,0.688349542,0.282359831,-0.052184964,-0.001025578
35.44,0.085466945,-0.978028625,5.023746582,2.746259553,0.775916794,-0.6835439,4.972275568,2.744949507,0.690449849,0.294484725,-0.051471014,-0.001310046
35.47,0.105031754,-0.97146851,5.027318598,2.737777053,0.797371087,-0.664587164,4.973721608,2.736492413,0.692339333,0.306881346,-0.05359699,-0.00128464
35.51,0.307927684,-0.848190894,5.026319786,2.726153098,0.825482666,-0.639044685,4.975588256,2.72538679,0.517554982,0.209146209,-0.050731529,-0.000766308
35.54,0.329904855,-0.840419867,5.030800726,2.718096392,0.846152362,-0.619664376,4.976952462,2.717057488,0.516247507,0.22075549,-0.053848265,-0.001038904
35.57,0.35181746,-0.832795709,5.034326884,2.709776392,0.866487142,-0.600104025,4.978283769,2.708628262,0.514669681,0.232691684,-0.056043115,-0.00114813
35.61,0.380911489,-0.822809908,5.020140959,2.69879634,0.893032466,-0.573709675,4.979997722,2.697329321,0.512120977,0.249100233,-0.040143237,-0.001467019
35.64,0.402654951,-0.815478123,5.017107365,2.68972009,0.912577298,-0.55370211,4.981237652,2.688975129,0.509922348,0.261776013,-0.035869713,-0.000744962
35.67,0.424359371,-0.808288551,5.019911674,2.68151759,0.931846109,-0.533531521,4.982437609,2.680670837,0.507486738,0.27475703,-0.037474065,-0.000846754
35.71,0.453217807,-0.798948205,5.027739646,2.671361395,0.956955977,-0.506293549,4.98400691,2.66946323,0.50373817,0.292654655,-0.043732737,-0.001898165
35.74,0.474784018,-0.792108859,5.030515368,2.663037543,0.975362801,-0.485606897,4.985151922,2.66097284,0.500578782,0.306501962,-0.045363446,-0.002064703
35.77,0.496272927,-0.785404356,5.033564384,2.654697543,0.993506789,-0.464753238,4.986291504,2.652547988,0.497233862,0.320651119,-0.04727288,-0.002149555
35.81,0.524855606,-0.776672065,5.036249659,2.643542653,1.017235821,-0.436649258,4.987735608,2.641466741,0.492380216,0.340022806,-0.048514051,-0.002075911
35.84,0.546239123,-0.770281753,5.041367678,2.634792614,1.034627927,-0.415313626,4.988775871,2.633091643,0.488388804,0.354968126,-0.052591807,-0.001700971
35.87,0.567544528,-0.764023308,5.044477387,2.626552614,1.051711734,-0.393781706,4.989762626,2.624622134,0.484167206,0.370241602,-0.05471476,-0.00193048
35.91,0.595820466,-0.755865462,5.036282275,2.615318197,1.073998345,-0.364750805,4.991018632,2.613353829,0.478177878,0.391114657,-0.045263643,-0.001964367
35.94,0.616972215,-0.749919917,5.025035433,2.605956728,1.090387995,-0.342759671,4.99189803,2.605024549,0.473415781,0.407160246,-0.033137403,-0.000932179
35.97,0.638073629,-0.744136559,5.027377124,2.597416728,1.106513464,-0.320592827,4.992743967,2.596697292,0.468439836,0.423543732,-0.034633157,-0.000719436
36.01,0.811258583,-0.514612803,5.026377046,2.586300495,1.127476021,-0.290680617,4.993811064,2.585439139,0.316217439,0.223932186,-0.032565983,-0.000861356
36.04,0.834348451,-0.504898561,5.029563311,2.578347375,1.142832017,-0.26800007,4.994585242,2.576972131,0.308483566,0.236898491,-0.034978069,-0.001375244
36.07,0.857379672,-0.495336542,5.031914758,2.569897375,1.157963229,-0.245164962,4.995348981,2.568588101,0.300583556,0.250171579,-0.036565777,-0.001309274
36.11,0.888016031,-0.482856316,5.027972401,2.558477299,1.177707454,-0.214422094,4.99631823,2.557490621,0.289691423,0.268434222,-0.03165417,-0.000986678
36.14,0.910940878,-0.473674064,5.031394391,2.55112852,1.192137286,-0.191106185,4.997012155,2.549075831,0.281196407,0.282567879,-0.034382236,-0.002052689
36.17,0.933809776,-0.464642934,5.033632439,2.54287602,1.206297802,-0.167605681,4.997664012,2.54060667,0.272488026,0.297037253,-0.035968426,-0.002269351
36.21,0.964223279,-0.45282745,5.028461405,2.531111349,1.224762048,-0.135986273,4.998506152,2.529402663,0.260538768,0.316841176,-0.029955254,-0.001708686
36.24,0.986999801,-0.444145522,5.020732343,2.523000995,1.238305358,-0.112069071,4.999094423,2.521073875,0.251305557,0.332076451,-0.02163792,-0.00192712
36.27,1.009747109,-0.435617896,5.02249444,2.514885995,1.251582803,-0.087980638,4.999671814,2.512707808,0.241835694,0.347637258,-0.022822626,-0.002178187
36.31,1.039992276,-0.424477141,5.030905138,2.503105639,1.268764744,-0.055541875,5.000388239,2.501457312,0.228772468,0.368935266,-0.030516899,-0.001648327
36.34,1.062598682,-0.416286129,5.021082113,2.494554951,1.281307214,-0.031021295,5.000923389,2.493044405,0.218708532,0.385264834,-0.020158724,-0.001510545
36.37,1.085160743,-0.4082458,5.022762205,2.486154951,1.293621985,-0.006386558,5.001445091,2.484668064,0.208461241,0.401859242,-0.021317114,-0.001486887
36.41,1.115199594,-0.397768647,5.013211822,2.475432262,1.30956332,0.026702775,5.002120813,2.473493634,0.194363727,0.424471422,-0.011091009,-0.001938629
36.44,1.137678468,-0.39009101,5.007673679,2.467039852,1.321111161,0.051731197,5.002603371,2.465083686,0.183432692,0.441822207,-0.005070308,-0.001956166
36.47,1.160097288,-0.382559279,5.008895309,2.458447352,1.332381906,0.076892476,5.003078059,2.456676116,0.172284618,0.459451754,-0.005817249,-0.001771236
36.51,1.236192441,-0.269796182,5.016280217,2.447156379,1.346964834,0.110623747,5.003725639,2.445480746,0.110772393,0.38041993,-0.012554578,-0.001675633
36.54,1.258705191,-0.26113024,5.01430541,2.439170571,1.357545668,0.13606881,5.004223376,2.437077045,0.098840477,0.39719905,-0.010082034,-0.002093526
36.57,1.281176139,-0.252626571,5.015798853,2.430765571,1.367824464,0.161649374,5.004738901,2.428675863,0.086648325,0.414275945,-0.011059953,-0.002089708
36.61,1.311054136,-0.24151251,5.012827602,2.419625748,1.380978426,0.195988171,5.005404836,2.417503845,0.069924289,0.437500681,-0.007422766,-0.002121903
36.64,1.333415074,-0.233357874,5.028461971,2.410853785,1.390481932,0.221856381,5.005913286,2.409105962,0.057066858,0.455214255,-0.022548685,-0.001747822
36.67,1.355760283,-0.225373915,5.030413221,2.402646285,1.399725592,0.247795172,5.006412272,2.400670428,0.043965309,0.473169087,-0.024000949,-0.001975857
36.71,1.385513717,-0.214999619,5.024039629,2.39213627,1.411496754,0.282562557,5.007100742,2.389444022,0.025983037,0.497562177,-0.016938888,-0.002692247
36.74,1.40778993,-0.207417567,5.031480666,2.38454643,1.419883384,0.308786367,5.007587056,2.381098071,0.012093454,0.516203933,-0.02389361,-0.003448359
36.77,1.430039423,-0.200001304,5.033499629,2.37636393,1.42797764,0.335082505,5.008065556,2.372747171,-0.002061782,0.535083809,-0.025434073,-0.003616759
36.81,1.459666565,-0.190369125,5.025974073,2.365229237,1.438269593,0.370227596,5.008677284,2.361479335,-0.021396971,0.560596721,-0.017296788,-0.003749902
36.84,1.481869062,-0.183346719,5.015734847,2.357407717,1.445566555,0.396679866,5.009128374,2.353022568,-0.036302507,0.580026585,-0.006606472,-0.004385149
36.87,1.504042615,-0.176483806,5.017206598,2.349357717,1.452523245,0.423224138,5.009560013,2.344664251,-0.05151937,0.599707944,-0.007646585,-0.004693466
36.91,1.533541559,-0.167554426,5.006858458,2.338444835,1.461204409,0.45873887,5.010107105,2.333594915,-0.07233715,0.626293297,0.003248647,-0.00484992
36.94,1.555633186,-0.161023284,5.003530319,2.330520033,1.467310999,0.485407895,5.010521268,2.325150017,-0.088322187,0.646431179,0.006990949,-0.005370015
36.97,1.577700294,-0.154663635,5.004653428,2.322217533,1.473107678,0.512106719,5.010941527,2.316630981,-0.104592616,0.666770353,0.006288099,-0.005586551
37.01,1.527965753,0.244965656,5.004718811,2.310665815,1.48019315,0.547819627,5.01154263,2.305448232,-0.047772603,0.302853971,0.006823819,-0.005217583
37.04,1.54767223,0.25912303,5.012359636,2.302914077,1.485021513,0.574676295,5.012000991,2.297197436,-0.062650716,0.315553265,-0.000358646,-0.005716641
37.07,1.567335534,0.273114306,5.013883005,2.294489077,1.489525983,0.601540166,5.012486279,2.28885825,-0.077809551,0.32842586,-0.001396726,-0.005630827
37.11,1.593516646,0.29147713,5.018988998,2.283684476,1.494939796,0.637343366,5.013145286,2.277490157,-0.098576851,0.345866236,-0.005843712,-0.006194319
37.14,1.613144422,0.305030163,5.00505166,2.274829008,1.49849608,0.664211732,5.01366073,2.269082401,-0.114648342,0.359181569,0.008609071,-0.005746608
37.17,1.632769873,0.318431773,5.006387356,2.266661508,1.501662181,0.69108489,5.014160656,2.26088132,-0.131107692,0.372653117,0.0077733,-0.005780188
37.21,1.658928482,0.336063387,5.009490841,2.255785052,1.505187284,0.726824191,5.014826451,2.249883008,-0.153741197,0.390760804,0.005335611,-0.005902044
37.24,1.67855183,0.349100927,5.009299663,2.247220089,1.507301348,0.753497183,5.015324489,2.241285652,-0.171250481,0.404396256,0.006024826,-0.005934437
37.27,1.698187672,0.361962685,5.010815027,2.238775089,1.508983859,0.780084072,5.015845545,2.232685201,-0.189203813,0.418121387,0.005030518,-0.006089887
37.31,1.724385505,0.378868574,5.016099606,2.226241205,1.510364078,0.815392005,5.016549001,2.221788025,-0.214021427,0.436523431,0.000449394,-0.004453179
37.34,1.744028411,0.391382855,5.020757549,2.215609425,1.510753725,0.841704385,5.017083134,2.213698238,-0.233274686,0.45032153,-0.003674416,-0.001911187
37.37,1.763664906,0.403751628,5.022698909,2.207151925,1.51068623,0.867844193,5.017623089,2.205239911,-0.252978676,0.464092565,-0.00507582,-0.001912014
37.41,1.789875507,0.41996594,5.0235653,2.195976123,1.509714703,0.90238859,5.018340354,2.193618938,-0.280160805,0.482422651,-0.005224946,-0.002357185
37.44,1.809551699,0.43193203,5.030131689,2.187570733,1.508268012,0.928104708,5.018870202,2.185382651,-0.301283687,0.496172678,-0.011261488,-0.002188082
37.47,1.829212406,0.443758294,5.032312142,2.179208233,1.506297191,0.95366502,5.019369463,2.177437543,-0.322915214,0.509906726,-0.012942679,-0.00177069
37.51,1.635841864,0.820201008,5.020063516,2.169460449,1.502747858,0.987367838,5.02000984,2.166348592,-0.133094006,0.16716683,-5.3676e-05,-0.003111857
37.54,1.650527474,0.838658445,5.018990319,2.161091799,1.499390223,1.012344316,5.020447813,2.157568589,-0.15113725,0.173685872,0.001457494,-0.00352321
37.57,1.665226257,0.856949759,5.02074837,2.152531799,1.495492538,1.037135264,5.020878086,2.149058474,-0.169733719,0.180185505,0.000129716,-0.003473325
37.61,1.684814163,0.881113725,5.023543707,2.141765604,1.489291824,1.069855366,5.021406603,2.138684433,-0.195522339,0.188741641,-0.002137105,-0.003081171
37.64,1.699488344,0.899080989,5.024486711,2.133012173,1.483934481,1.094056433,5.021803627,2.130704531,-0.215553863,0.194975445,-0.002683084,-0.002307642
37.67,1.714162973,0.916880244,5.026399746,2.124569673,1.478088353,1.117966939,5.022190033,2.122121134,-0.23607462,0.201086695,-0.004209713,-0.002448539
37.71,1.73377641,0.940331019,5.023934407,2.113635048,1.469364904,1.149360232,5.022710909,2.11060294,-0.264411505,0.209029213,-0.001223498,-0.003032108
37.74,1.748490976,0.957742847,5.028648058,2.105037492,1.462105044,1.17257863,5.023081553,2.102740004,-0.286385933,0.214835782,-0.005566505,-0.002297489
37.77,1.763191928,0.975045396,5.030675009,2.096487492,1.454349473,1.195521225,5.023436318,2.095038712,-0.308842455,0.220475829,-0.007238691,-0.00144878
37.81,1.782800978,0.997901517,5.039973129,2.085684988,1.443167737,1.225502644,5.023897819,2.083829546,-0.339633241,0.227601126,-0.01607531,-0.001855442
37.84,1.797556622,1.014867593,5.036474881,2.077994343,1.434153641,1.247542119,5.024230497,2.075095275,-0.363402981,0.232674526,-0.012244383,-0.002899068
37.87,1.812339695,1.031701314,5.038723848,2.069826843,1.424665169,1.269298324,5.024560121,2.066848201,-0.387674526,0.237597009,-0.014163727,-0.002978641
37.91,1.832076228,1.053955388,5.045034361,2.058536572,1.411175912,1.297763639,5.024932468,2.056590642,-0.420900316,0.243808251,-0.020101893,-0.00194593
37.94,1.84690084,1.070498729,5.047458009,2.051300696,1.400489452,1.318613169,5.025190439,2.04836202,-0.446411389,0.24811444,-0.02226757,-0.002938675
37.97,1.861764386,1.086893717,5.049917224,2.043075696,1.389406263,1.339082534,5.025416013,2.039635834,-0.472358124,0.252188817,-0.024501211,-0.003439861
38.01,1.613850614,1.349115083,5.033661705,2.031461179,1.373872631,1.365755906,5.025695819,2.028389714,-0.239977983,0.016640823,-0.007965886,-0.003071465
38.04,1.623223717,1.369264334,5.035299076,2.023543513,1.361660866,1.385315433,5.025847124,2.020626864,-0.261562851,0.016051099,-0.009451952,-0.002916648
38.07,1.632597051,1.389289929,5.037297215,2.015018513,1.349073939,1.404495453,5.025977998,2.012742704,-0.283523112,0.015205524,-0.011319216,-0.002275808
38.11,1.645148809,1.415765455,5.042278718,2.003962986,1.331661589,1.429299122,5.026108559,2.001370972,-0.31348722,0.013533667,-0.016170159,-0.002592014
38.14,1.654606496,1.435443841,5.045878382,1.995761215,1.318148631,1.447364516,5.026201794,1.992886526,-0.336457864,0.011920675,-0.019676588,-0.002874689
38.17,1.664100251,1.454989263,5.048196472,1.987541215,1.304327783,1.465074749,5.026282457,1.984830251,-0.359772468,0.010085485,-0.021914015,-0.002710964
38.21,1.676786532,1.480881987,5.048872255,1.976255116,1.285438569,1.487987512,5.026364719,1.974215997,-0.391347962,0.007105525,-0.022507536,-0.00203912
38.24,1.686336494,1.500167022,5.047664048,1.967737316,1.271017178,1.504583432,5.026411804,1.965779963,-0.415319316,0.004416409,-0.021252244,-0.001957352
38.27,1.695927029,1.51932348,5.049960562,1.959357316,1.25643835,1.520766807,5.026448441,1.957210404,-0.439488678,0.001443328,-0.023512122,-0.002146911
38.31,1.708761897,1.544691169,5.058294339,1.947803999,1.236726394,1.541665764,5.026501991,1.94620683,-0.472035503,-0.003025405,-0.031792348,-0.001597169
38.34,1.718410081,1.563606157,5.065441294,1.939142382,1.221776577,1.556809305,5.026525094,1.938149572,-0.496633504,-0.006796853,-0.0389162,-0.00099281
38.37,1.728095067,1.582424655,5.068204899,1.931067382,1.206742632,1.57150588,5.026552514,1.929896085,-0.521352435,-0.010918775,-0.041652385,-0.001171297
38.41,1.741087276,1.607319393,5.068104956,1.921265479,1.186571079,1.590256188,5.026546929,1.91853021,-0.554516197,-0.017063205,-0.041558027,-0.002735269
38.44,1.750888634,1.625848039,5.053548596,1.913416228,1.171337134,1.603737035,5.026531116,1.910181247,-0.5795515,-0.022111004,-0.02701748,-0.003234981
38.47,1.760715397,1.644283551,5.055797483,1.905011228,1.156029045,1.616801896,5.02647676,1.902054186,-0.604686352,-0.027481656,-0.029320723,-0.002957042
38.51,1.40563227,1.691127444,5.058038512,1.894372895,1.135523902,1.633351743,5.026363719,1.891132417,-0.270108368,-0.057775701,-0.031674793,-0.003240478
38.54,1.408116033,1.708725373,5.055911035,1.886567983,1.120096544,1.645050303,5.026243158,1.882650297,-0.288019488,-0.06367507,-0.029667877,-0.003917686
38.57,1.410647958,1.726225452,5.058146965,1.878222983,1.104624691,1.656253658,5.026120907,1.874190363,-0.306023268,-0.069971795,-0.032026057,-0.00403262
38.61,1.414076006,1.749419648,5.066747709,1.86691848,1.083913319,1.670337115,5.025934367,1.863267486,-0.330162687,-0.079082532,-0.040813342,-0.003650994
38.64,1.416681133,1.766732257,5.06485083,1.858340003,1.06839068,1.680215417,5.025778871,1.855055895,-0.348290454,-0.086516841,-0.039071959,-0.003284109
38.67,1.419299263,1.78395881,5.067250895,1.850112503,1.052952487,1.689557367,5.025613583,1.846695196,-0.366346776,-0.094401443,-0.041637311,-0.003417307
38.71,1.422819187,1.806765611,5.071074591,1.840215155,1.032649401,1.701083818,5.025360562,1.83553644,-0.390169786,-0.105681793,-0.045714029,-0.004678715
38.74,1.425485946,1.823764,5.070207888,1.831928908,1.017724058,1.709114803,5.025164445,1.827113166,-0.407761887,-0.114649197,-0.045043443,-0.004815742
38.77,1.428139277,1.840713177,5.072652041,1.823481408,1.003078233,1.716697425,5.024947536,1.818562878,-0.425061044,-0.124015752,-0.047704505,-0.00491853
38.81,1.43171373,1.863239852,5.075021254,1.812297363,0.984165771,1.725886038,5.024643044,1.807266571,-0.44754796,-0.137353814,-0.050378209,-0.005030792
38.84,1.434445918,1.880052073,5.086011027,1.804513896,0.970486583,1.732070304,5.024375715,1.799001053,-0.463959335,-0.147981769,-0.061635312,-0.005512843
38.87,1.437218012,1.896790078,5.088873469,1.796171396,0.957178768,1.737780464,5.024103912,1.790650703,-0.480039244,-0.159009614,-0.064769557,-0.005520693
38.91,1.440955375,1.919035351,5.070001949,1.785081359,0.94011793,1.744541226,5.023685122,1.779153194,-0.500837445,-0.174494124,-0.046316827,-0.005928164
38.94,1.443774767,1.935686931,5.052718762,1.777206135,0.927850749,1.748885758,5.023331969,1.770619027,-0.515924018,-0.186801173,-0.029386793,-0.006587108
38.97,1.446620795,1.952270018,5.054372618,1.769028635,0.915969342,1.752661091,5.022926349,1.762316197,-0.530651453,-0.199608928,-0.031446269,-0.006712438
39.01,1.216838689,1.984882622,5.039979276,1.758041992,0.900808623,1.756697846,5.022336448,1.751272333,-0.316030066,-0.228184776,-0.017642828,-0.006769659
39.04,1.215784909,2.000931868,5.034260956,1.750275982,0.889923024,1.759015114,5.021871354,1.742713776,-0.325861884,-0.241916754,-0.012389602,-0.007562206
39.07,1.214741122,2.016948643,5.035345554,1.741940982,0.879384294,1.760773591,5.021404088,1.734100266,-0.335356828,-0.256175052,-0.013941466,-0.007840716
39.11,1.213354312,2.038247071,5.054779675,1.730910039,0.865969668,1.761990201,5.020787627,1.722943194,-0.347384644,-0.27625687,-0.033992049,-0.007966845
39.14,1.212310751,2.054139201,5.051057071,1.722759348,0.856396366,1.762077086,5.020326632,1.714697596,-0.355914385,-0.292062114,-0.030730439,-0.008061752
39.17,1.211288978,2.069977275,5.052780341,1.714544348,0.847196291,1.76161261,5.01987666,1.706246939,-0.364092687,-0.308364666,-0.032903681,-0.008297409
39.21,1.209936689,2.091061695,5.058867381,1.703217108,0.835673038,1.759971828,5.01923441,1.694618036,-0.374263652,-0.331089867,-0.039632971,-0.008599072
39.24,1.208920476,2.106851406,5.052306093,1.694850531,0.827641287,1.757898682,5.018721013,1.68619072,-0.381279189,-0.348952724,-0.03358508,-0.008659811
39.27,1.207913873,2.122590663,5.054013933,1.686308031,0.820068449,1.755209301,5.01815618,1.678055996,-0.387845424,-0.367381362,-0.035857752,-0.008252035
39.31,1.206575985,2.143525694,5.051143986,1.675424415,0.81080969,1.750581877,5.017341213,1.666945341,-0.395766295,-0.392943818,-0.033802773,-0.008479074
39.34,1.20557979,2.159218772,5.0522069,1.666963277,0.804481825,1.746350687,5.016663718,1.658196862,-0.401097965,-0.412868086,-0.035543182,-0.008766414
39.37,1.204582667,2.174908502,5.053834372,1.658653277,0.798595967,1.741513565,5.01595861,1.649558481,-0.4059867,-0.433394937,-0.037875762,-0.009094795
39.41,1.203250541,2.195786412,5.048762541,1.647598717,0.791530539,1.733900112,5.014920663,1.638636973,-0.411720002,-0.4618863,-0.033841879,-0.008961744
39.44,1.202242356,2.211417073,5.06035604,1.639776007,0.786785949,1.727370362,5.014086688,1.63039328,-0.415456407,-0.484046711,-0.046269352,-0.009382727
39.47,1.201221879,2.227044615,5.062190706,1.631831007,0.782422716,1.720280764,5.01320705,1.621823376,-0.418799163,-0.506763851,-0.048983656,-0.010007631
39.51,1.048147271,2.080291655,5.053040417,1.621191146,0.77727288,1.709737466,5.011963752,1.610274063,-0.270874391,-0.370554189,-0.041076665,-0.010917083
39.54,1.04490231,2.091870355,5.056638105,1.612745865,0.773882969,1.700943691,5.010957694,1.601989165,-0.271019341,-0.390926664,-0.04568041,-0.0107567
39.57,1.041653879,2.103425884,5.058254318,1.604500865,0.770815198,1.691524793,5.009883704,1.593839901,-0.270838682,-0.411901091,-0.048370614,-0.010660964
39.61,1.037313227,2.118848988,5.068218569,1.593677386,0.767284612,1.677914027,5.008364934,1.582631926,-0.270028615,-0.440934961,-0.059853634,-0.01104546
39.64,1.034056386,2.130438258,5.083237841,1.586590191,0.76505123,1.666921245,5.007147616,1.574012604,-0.269005156,-0.463517013,-0.076090225,-0.012577587
39.67,1.030774031,2.142055093,5.085544987,1.578352691,0.76312926,1.655315387,5.005882127,1.565561973,-0.267644771,-0.486739706,-0.07966286,-0.012790718
39.71,1.026339289,2.157535253,5.091126545,1.566985421,0.76116072,1.638721885,5.004039712,1.554733927,-0.265178569,-0.518813368,-0.087086833,-0.012251494
39.74,1.022960751,2.169148869,5.079683726,1.559041225,0.760150722,1.625514534,5.002551534,1.546433958,-0.26281003,-0.543634335,-0.077132191,-0.012607267
39.77,1.01953746,2.180782697,5.081558364,1.550728725,0.75948688,1.611780449,5.000963356,1.537823685,-0.260050579,-0.569002249,-0.080595008,-0.01290504
39.81,1.014917924,2.196363863,5.065602761,1.538937617,0.759236856,1.592436078,4.998683258,1.526412235,-0.255681068,-0.603927785,-0.066919503,-0.012525383
39.84,1.011423768,2.208073597,5.070974253,1.530749218,0.759515399,1.577122355,4.9968362,1.51827694,-0.251908369,-0.630951242,-0.074138053,-0.012472278
39.87,1.007908417,2.219797445,5.072299706,1.522166718,0.760125493,1.561262151,4.9949139,1.51015458,-0.247782924,-0.658535294,-0.077385806,-0.012012138
39.91,1.003156727,2.235476813,5.06961116,1.511194965,0.761527949,1.539192726,4.992244601,1.498781366,-0.241628778,-0.696284087,-0.077366559,-0.012413598
39.94,0.999557986,2.247296375,5.070368597,1.503193905,0.762997618,1.521922262,4.990174446,1.490169866,-0.236560368,-0.725374112,-0.080194151,-0.013024039
39.97,0.995909373,2.259161099,5.071555244,1.494998905,0.76475303,1.504093524,4.988051209,1.481845771,-0.231156343,-0.755067575,-0.083504034,-0.013153133
40.01,0.915122609,1.871161101,5.062866663,1.483636428,0.767590604,1.479344164,4.98510627,1.471018668,-0.147532005,-0.391816937,-0.077760393,-0.01261776
