time_sec,est_x,est_y,est_z,est_yaw,true_x,true_y,true_z,true_yaw,err_x,err_y,err_z,err_yaw
0.000000000,-1.999975068,-2.000018072,0.050007500,-0.005357637,-2.000000000,-2.000000000,0.050029904,-0.000000000,-0.000024932,0.000018072,0.000022404,0.005357637
0.030000000,-1.999898852,-2.000081610,0.071748696,-0.019675566,-2.000000000,-2.000000000,0.050069776,-0.000000000,-0.000101148,0.000081610,-0.021678920,0.019675566
0.060000000,-1.999753270,-2.000191490,0.072279528,-0.019968066,-2.000000000,-2.000000000,0.050099738,-0.000000000,-0.000246730,0.000191490,-0.022179791,0.019968066
0.100000000,-1.999481489,-2.000398385,0.072158579,-0.013750319,-2.000000000,-2.000000000,0.050139732,-0.000000000,-0.000518511,0.000398385,-0.022018848,0.013750319
0.130000000,-1.999213148,-2.000603689,0.074001072,-0.011388315,-2.000000000,-2.000000000,0.050169731,-0.000153768,-0.000786852,0.000603689,-0.023831341,0.011234547
0.160000000,-1.998887847,-2.000855671,0.074564765,-0.012525815,-1.999999871,-1.999999963,0.050686455,-0.001591795,-0.001112024,0.000855708,-0.023878310,0.010934019
0.200000000,-1.998381309,-2.001254642,0.079984457,-0.007833862,-1.999997490,-1.999999250,0.052571904,-0.005211882,-0.001616181,0.001255392,-0.027412554,0.002621981
0.230000000,-1.997947493,-2.001594075,0.078425281,-0.008128002,-1.999992490,-1.999997577,0.054860379,-0.008996512,-0.002044996,0.001596498,-0.023564902,-0.000868510
0.260000000,-1.997461813,-2.001980940,0.081393596,-0.012578002,-1.999984815,-1.999994276,0.057980375,-0.013645691,-0.002523002,0.001986664,-0.023413222,-0.001067689
0.300000000,-1.996731998,-2.002569496,0.075290194,-0.018373948,-1.999972965,-1.999987196,0.063175687,-0.020774214,-0.003240967,0.002582300,-0.012114507,-0.002400266
0.330000000,-1.996134423,-2.003052441,0.079503531,-0.028719451,-1.999962330,-1.999979518,0.067799998,-0.026699178,-0.003827908,0.003072924,-0.011703533,0.002020274
0.360000000,-1.995499457,-2.003576903,0.084118514,-0.035326951,-1.999948173,-1.999969365,0.073098164,-0.033088773,-0.004448716,0.003607537,-0.011020350,0.002238178
0.400000000,-1.994580343,-2.004348391,0.081986617,-0.049286969,-1.999924823,-1.999952953,0.080994694,-0.042106383,-0.005344480,0.004395438,-0.000991923,0.007180586
0.430000000,-1.993839760,-2.004980334,0.089200623,-0.052351266,-1.999905407,-1.999938684,0.087502111,-0.049179430,-0.006065647,0.005041650,-0.001698512,0.003171837
0.460000000,-1.993057300,-2.005663525,0.095114017,-0.059486266,-1.999884463,-1.999922321,0.094552378,-0.056501316,-0.006827162,0.005741204,-0.000561639,0.002984951
0.500000000,-1.956503300,-1.992177217,0.106446800,-0.069379025,-1.999852695,-1.999897487,0.104625145,-0.066530571,-0.043349396,-0.007720270,-0.001821655,0.002848454
0.530000000,-1.954914883,-1.992684161,0.114270729,-0.079960240,-1.999825668,-1.999876663,0.112653498,-0.074218245,-0.044910785,-0.007192502,-0.001617232,0.005741995
0.560000000,-1.953272255,-1.993231679,0.121735888,-0.087967740,-1.999796913,-1.999853753,0.121122853,-0.082039052,-0.046524658,-0.006622073,-0.000613036,0.005928688
0.600000000,-1.951010262,-1.994045088,0.139495247,-0.095534991,-1.999758927,-1.999821805,0.132962544,-0.092609810,-0.048748665,-0.005776717,-0.006532703,0.002925181
0.630000000,-1.949237435,-1.994715902,0.135125645,-0.102144043,-1.999731822,-1.999799407,0.142228465,-0.100626590,-0.050494387,-0.005083505,0.007102820,0.001517453
0.660000000,-1.947415899,-1.995436872,0.143216289,-0.110234043,-1.999706754,-1.999783342,0.151855125,-0.108713689,-0.052290856,-0.004346470,0.008638837,0.001520354
0.700000000,-1.944897613,-1.996448116,0.150358865,-0.120964567,-1.999676928,-1.999776669,0.165139720,-0.119572433,-0.054779314,-0.003328554,0.014780855,0.001392134
0.730000000,-1.942957146,-1.997254862,0.166257053,-0.129376988,-1.999658021,-1.999785155,0.175420249,-0.127763720,-0.056700875,-0.002530293,0.009163196,0.001613268
0.760000000,-1.940972595,-1.998110633,0.175431554,-0.137696988,-1.999643593,-1.999807633,0.185996710,-0.135992702,-0.058670998,-0.001697000,0.010565156,0.001704286
0.800000000,-1.938249473,-1.999339459,0.190822441,-0.151400632,-1.999631172,-1.999854289,0.200467225,-0.147004843,-0.061381700,-0.000514830,0.009644784,0.004395789
0.830000000,-1.936168517,-2.000320151,0.191528923,-0.159315287,-1.999627041,-1.999899761,0.211580874,-0.155288866,-0.063458524,0.000420390,0.020051951,0.004026421
0.860000000,-1.934058952,-2.001354789,0.200868911,-0.167700287,-1.999628074,-1.999953145,0.222938131,-0.163592854,-0.065569122,0.001401644,0.022069220,0.004107433
0.900000000,-1.931192253,-2.002816878,0.223021359,-0.178329990,-1.999636875,-2.000031766,0.238384628,-0.174686153,-0.068444623,0.002785112,0.015363269,0.003643837
0.930000000,-1.929000196,-2.003966026,0.237554461,-0.186505505,-1.999649629,-2.000094701,0.250184236,-0.183019339,-0.070649432,0.003871325,0.012629775,0.003486166
0.960000000,-1.926756874,-2.005164729,0.248368856,-0.194673005,-1.999669036,-2.000160221,0.262184456,-0.191363125,-0.072912162,0.005004508,0.013815601,0.003309880
1.000000000,-1.964230014,-2.117129078,0.274041466,-0.204174172,-1.999703951,-2.000249802,0.278434673,-0.202499560,-0.035473937,0.116879276,0.004393207,0.001674612
1.030000000,-1.962486589,-2.120086057,0.280554463,-0.213823358,-1.999737031,-2.000318074,0.290799170,-0.210859067,-0.037250443,0.119767983,0.010244707,0.002964291
1.060000000,-1.960707725,-2.123115890,0.292120274,-0.222313358,-1.999777532,-2.000386310,0.303337383,-0.219224228,-0.039069807,0.122729580,0.011217109,0.003089130
1.100000000,-1.958273428,-2.127257123,0.302388095,-0.233925757,-1.999841573,-2.000465343,0.320271186,-0.230383345,-0.041568145,0.126791780,0.017883091,0.003542411
1.130000000,-1.956396376,-2.130451512,0.315301190,-0.243237810,-1.999895474,-2.000496514,0.333122316,-0.238756384,-0.043499098,0.129954998,0.017821126,0.004481426
1.160000000,-1.954504481,-2.133729882,0.326959937,-0.251472810,-1.999949917,-2.000467487,0.346123124,-0.247133076,-0.045445435,0.133262395,0.019163187,0.004339734
1.200000000,-1.951925482,-2.138206209,0.345880035,-0.261817880,-2.000012983,-2.000309485,0.363640960,-0.258305933,-0.048087501,0.137896724,0.017760925,0.003511946
1.230000000,-1.949937049,-2.141626109,0.358889788,-0.270654891,-2.000048114,-2.000087708,0.376901825,-0.266686684,-0.050111065,0.141538401,0.018012037,0.003968207
1.260000000,-1.947902590,-2.145111329,0.371082995,-0.279219891,-2.000070159,-1.999759910,0.390276276,-0.275066104,-0.052167569,0.145351419,0.019193281,0.004153788
1.300000000,-1.945124047,-2.149844719,0.389330897,-0.291229889,-2.000086774,-1.999191336,0.408250690,-0.286241457,-0.054962727,0.150653383,0.018919793,0.004988432
1.330000000,-1.942985204,-2.153467484,0.403072220,-0.299068710,-2.000092773,-1.998676467,0.421830656,-0.294626785,-0.057107569,0.154791016,0.018758436,0.004441926
1.360000000,-1.940814958,-2.157150616,0.415650241,-0.307563710,-2.000094591,-1.998085716,0.435501372,-0.303013332,-0.059279633,0.159064900,0.019851130,0.004550378
1.400000000,-1.937845860,-2.162164928,0.430587861,-0.320989633,-2.000094839,-1.997210700,0.453840124,-0.314195378,-0.062248978,0.164954228,0.023252264,0.006794255
1.430000000,-1.935592285,-2.165989197,0.447868213,-0.330194474,-2.000096603,-1.996495426,0.467672913,-0.322583132,-0.064504318,0.169493770,0.019804699,0.007611342
1.460000000,-1.933283486,-2.169872433,0.460746251,-0.338846974,-2.000103266,-1.995726725,0.481579358,-0.330972496,-0.066819779,0.174145708,0.020833108,0.007874479
1.500000000,-2.001352263,-2.118971435,0.478452296,-0.349725592,-2.000120092,-1.994636834,0.500213216,-0.342158895,0.001232172,0.124334601,0.021760920,0.007566697
1.530000000,-1.999869858,-2.122291241,0.498691773,-0.358636294,-2.000138789,-1.993774374,0.514253914,-0.350548833,-0.000268932,0.128516868,0.015562141,0.008087462
1.560000000,-1.998359706,-2.125654760,0.512212221,-0.366893794,-2.000165048,-1.992870328,0.528357319,-0.358941292,-0.001805342,0.132784432,0.016145098,0.007952503
1.600000000,-1.996289697,-2.130211094,0.528429317,-0.377683258,-2.000211197,-1.991616178,0.547240799,-0.370133885,-0.003921500,0.138594917,0.018811482,0.007549372
1.630000000,-1.994698800,-2.133692971,0.541352389,-0.385361158,-2.000251837,-1.990646706,0.561460126,-0.378529285,-0.005553036,0.143046265,0.020107737,0.006831873
1.660000000,-1.993064130,-2.137230005,0.554405407,-0.393746158,-2.000296081,-1.989659024,0.575733805,-0.386924103,-0.007231951,0.147570981,0.021328398,0.006822055
1.700000000,-1.990809540,-2.142043293,0.565005189,-0.403984080,-2.000365049,-1.988327600,0.594833634,-0.398115460,-0.009555509,0.153715693,0.029828446,0.005868621
1.730000000,-1.989074339,-2.145739840,0.570456961,-0.411271084,-2.000430279,-1.987320759,0.609208242,-0.406509226,-0.011355940,0.158419082,0.038751281,0.004761858
1.760000000,-1.987312988,-2.149493537,0.582839699,-0.419771084,-2.000510491,-1.986307657,0.623627624,-0.414902083,-0.013197504,0.163185880,0.040787925,0.004869002
1.800000000,-1.984927213,-2.154585462,0.603148515,-0.430642002,-2.000630852,-1.984951188,0.642911720,-0.426091534,-0.015703638,0.169634274,0.039763206,0.004550468
1.830000000,-1.983114827,-2.158494963,0.622914655,-0.438982968,-2.000729200,-1.983929178,0.657414394,-0.434483622,-0.017614372,0.174565785,0.034499740,0.004499346
1.860000000,-1.981285466,-2.162479718,0.636054598,-0.447490468,-2.000839079,-1.982898796,0.671955829,-0.442876089,-0.019553613,0.179580921,0.035901231,0.004614379
1.900000000,-1.978795939,-2.167893256,0.663930905,-0.457807244,-2.001003320,-1.981509671,0.691390741,-0.454067027,-0.022207381,0.186383585,0.027459836,0.003740217
1.930000000,-1.976894044,-2.172025931,0.679749658,-0.465539451,-2.001135966,-1.980456449,0.706000768,-0.462460374,-0.024241922,0.191569482,0.026251110,0.003079077
1.960000000,-1.974964252,-2.176221238,0.693704704,-0.473864451,-2.001273573,-1.979392202,0.720641810,-0.470852877,-0.026309322,0.196829036,0.026937106,0.003011574
2.000000000,-1.969654561,-2.163675697,0.720331299,-0.484659693,-2.001466638,-1.977954768,0.740202170,-0.482042308,-0.031812077,0.185720929,0.019870871,0.002617385
2.030000000,-1.967624072,-2.167845188,0.738589280,-0.491888394,-2.001621983,-1.976859781,0.754900149,-0.490434729,-0.033997912,0.190985408,0.016310869,0.001453665
2.060000000,-1.965556884,-2.172093500,0.753287222,-0.500275894,-2.001786094,-1.975747258,0.769622957,-0.498826236,-0.036229209,0.196346242,0.016335735,0.001449657
2.100000000,-1.962759720,-2.177882485,0.769761708,-0.511711403,-2.002010056,-1.974243651,0.789285965,-0.510014004,-0.039250336,0.203638834,0.019524257,0.001697399
2.130000000,-1.960626026,-2.182301748,0.787194461,-0.521414523,-2.002182309,-1.973102317,0.804054936,-0.518403483,-0.041556284,0.209199432,0.016860474,0.003011040
2.160000000,-1.958461026,-2.186787574,0.801841520,-0.529984523,-2.002364633,-1.971947824,0.818845764,-0.526792206,-0.043903607,0.214839750,0.017004245,0.003192317
2.200000000,-1.955539381,-2.192869033,0.816001528,-0.540567189,-2.002624659,-1.970393430,0.838591677,-0.537978611,-0.047085278,0.222475603,0.022590149,0.002588577
2.230000000,-1.953321657,-2.197505960,0.830079708,-0.548367146,-2.002829668,-1.969219014,0.853420142,-0.546368522,-0.049508011,0.228286946,0.023340434,0.001998624
2.260000000,-1.951089607,-2.202194341,0.844277544,-0.556984646,-2.003042247,-1.968036399,0.868264960,-0.554759140,-0.051952639,0.234157942,0.023987416,0.002225506
2.300000000,-1.948080430,-2.208565217,0.865718801,-0.567248755,-2.003339024,-1.966443166,0.888079983,-0.565947743,-0.055258594,0.242122051,0.022361182,0.001301012
2.330000000,-1.945807058,-2.213414040,0.880333300,-0.575924873,-2.003573099,-1.965232462,0.902955750,-0.574340106,-0.057766040,0.248181578,0.022622450,0.001584767
2.360000000,-1.943507847,-2.218338894,0.894627287,-0.584499873,-2.003815243,-1.964005342,0.917845613,-0.582732855,-0.060307396,0.254333551,0.023218326,0.001767018
2.400000000,-1.940405019,-2.225003685,0.914721527,-0.594916245,-2.004143464,-1.962347490,0.937715940,-0.593922019,-0.063738445,0.262656194,0.022994412,0.000994226
2.430000000,-1.938055287,-2.230075774,0.933869600,-0.603942767,-2.004394594,-1.961085283,0.952630571,-0.602313412,-0.066339307,0.268990491,0.018760972,0.001629356
2.460000000,-1.935700077,-2.235227173,0.948505331,-0.612542767,-2.004653874,-1.959799882,0.967557120,-0.610705981,-0.068953797,0.275427291,0.019051788,0.001836786
2.500000000,-1.969089319,-2.177601030,0.974968554,-0.623784574,-2.005008429,-1.958053610,0.987472593,-0.621897253,-0.035919110,0.219547420,0.012504040,0.001887321
2.530000000,-1.967078620,-2.182227983,0.992510664,-0.632375458,-2.005277046,-1.956720683,1.002420050,-0.630290557,-0.038198426,0.225507300,0.009909386,0.002084901
2.560000000,-1.965048672,-2.186938352,1.007719674,-0.640747958,-2.005547463,-1.955363487,1.017377756,-0.638685446,-0.040498791,0.231574865,0.009658083,0.002062513
2.600000000,-1.962321459,-2.193324363,1.038604027,-0.651613018,-2.005914122,-1.953519777,1.037335475,-0.649880567,-0.043592663,0.239804585,-0.001268552,0.001732452
2.630000000,-1.960262429,-2.198200214,1.051702613,-0.660502109,-2.006193557,-1.952115678,1.052312554,-0.658278750,-0.045931129,0.246084536,0.000609942,0.002223359
2.660000000,-1.958197667,-2.203154786,1.067301662,-0.669057109,-2.006475063,-1.950699935,1.067300651,-0.666677512,-0.048277396,0.252454851,-0.000001012,0.002379597
2.700000000,-1.955414933,-2.209882825,1.096306859,-0.680042973,-2.006857183,-1.948803669,1.087296876,-0.677873723,-0.051442250,0.261079156,-0.009009983,0.002169249
2.730000000,-1.953312398,-2.215024105,1.110046846,-0.689001447,-2.007155501,-1.947373320,1.102305029,-0.686270763,-0.053843103,0.267650785,-0.007741817,0.002730685
2.760000000,-1.951225554,-2.220248318,1.125920101,-0.697621447,-2.007468303,-1.945932890,1.117320956,-0.694666706,-0.056242748,0.274315428,-0.008599145,0.002954741
2.800000000,-1.948443576,-2.227338696,1.144618484,-0.708910426,-2.007896609,-1.944001779,1.137354805,-0.705859659,-0.059453034,0.283336916,-0.007263679,0.003050767
2.830000000,-1.946342206,-2.232741889,1.161207932,-0.717863969,-2.008221812,-1.942545742,1.152387546,-0.714253469,-0.061879606,0.290196148,-0.008820386,0.003610501
2.860000000,-1.944214242,-2.238222238,1.176873695,-0.726413969,-2.008552842,-1.941075922,1.167428505,-0.722647093,-0.064338600,0.297146316,-0.009445190,0.003766876
2.900000000,-1.941345076,-2.245645567,1.196251884,-0.737934930,-2.009005119,-1.939089440,1.187492328,-0.733840144,-0.067660043,0.306556126,-0.008759557,0.004094785
2.930000000,-1.939168138,-2.251284534,1.207418910,-0.745996773,-2.009348730,-1.937579771,1.202546823,-0.742235426,-0.070180592,0.313704763,-0.004872086,0.003761347
2.960000000,-1.936983850,-2.256990828,1.222556813,-0.754524273,-2.009690617,-1.936052710,1.217607813,-0.750628979,-0.072706766,0.320938119,-0.004948999,0.003895294
3.000000000,-1.905953961,-2.140727764,1.241717973,-0.765284770,-2.010145420,-1.933988828,1.237695644,-0.761818730,-0.104191459,0.206738935,-0.004022329,0.003466040
3.030000000,-1.903459473,-2.145364935,1.256119048,-0.773598426,-2.010489697,-1.932414442,1.252767475,-0.770212134,-0.107030224,0.212950494,-0.003351573,0.003386292
3.060000000,-1.900951979,-2.150077625,1.269693869,-0.782168426,-2.010836684,-1.930812537,1.267847685,-0.778603965,-0.109884705,0.219265088,-0.001846184,0.003564461
3.100000000,-1.897585889,-2.156482450,1.292195790,-0.793822019,-2.011299290,-1.928654942,1.287966819,-0.789792173,-0.113713401,0.227827507,-0.004228970,0.004029846
3.130000000,-1.895052552,-2.161369596,1.306683485,-0.802281064,-2.011652364,-1.927036770,1.303062229,-0.798181321,-0.116599813,0.234332826,-0.003621256,0.004099744
3.160000000,-1.892503406,-2.166342013,1.310067641,-0.810708564,-2.012032211,-1.925436935,1.318167690,-0.806567162,-0.119528806,0.240905078,0.008100049,0.004141402
3.200000000,-1.889104134,-2.173094660,1.328962050,-0.822433308,-2.012603980,-1.923347108,1.338316828,-0.817743072,-0.123499847,0.249747552,0.009354778,0.004690236
3.230000000,-1.886546244,-2.178258394,1.343902185,-0.830783246,-2.013090579,-1.921821111,1.353429809,-0.826120707,-0.126544335,0.256437283,0.009527624,0.004662539
3.260000000,-1.883986968,-2.183511345,1.362954448,-0.839350746,-2.013633759,-1.920341469,1.368544260,-0.834501504,-0.129646790,0.263169876,0.005589812,0.004849242
3.300000000,-1.880585615,-2.190630172,1.380327142,-0.850337692,-2.014427592,-1.918423509,1.388697665,-0.845686015,-0.133841978,0.272206663,0.008370523,0.004651676
3.330000000,-1.878038312,-2.196072119,1.394724650,-0.858124084,-2.015072059,-1.917016348,1.403813736,-0.854075454,-0.137033747,0.279055771,0.009089086,0.004048630
3.360000000,-1.875471244,-2.201614414,1.407305379,-0.866689084,-2.015759278,-1.915631295,1.418928412,-0.862462831,-0.140288034,0.285983119,0.011623034,0.004226253
3.400000000,-1.872020694,-2.209118157,1.419782545,-0.878775415,-2.016719737,-1.913809584,1.439081722,-0.873648706,-0.144699043,0.295308573,0.019299177,0.005126709
3.430000000,-1.869434443,-2.214832963,1.434130630,-0.887850721,-2.017467131,-1.912459016,1.454195700,-0.882040483,-0.148032688,0.302373947,0.020065071,0.005810238
3.460000000,-1.866844876,-2.220622217,1.450263402,-0.896518221,-2.018239816,-1.911116483,1.469309997,-0.890432067,-0.151394940,0.309505734,0.019046595,0.006086155
3.500000000,-1.912636275,-2.188718101,1.470848360,-0.907511187,-2.019302239,-1.909328097,1.489461669,-0.901619813,-0.106665964,0.279390003,0.018613309,0.005891374
3.530000000,-1.910572805,-2.194271984,1.483875551,-0.916915738,-2.020118986,-1.907987036,1.504575316,-0.910011173,-0.109546181,0.286284948,0.020699765,0.006904565
3.560000000,-1.908509211,-2.199902351,1.498473107,-0.925273238,-2.020950151,-1.906646356,1.519688997,-0.918403136,-0.112440940,0.293255995,0.021215890,0.006870101
3.600000000,-1.905761456,-2.207524761,1.520780048,-0.936405905,-2.022073859,-1.904853226,1.539839619,-0.929592677,-0.116312403,0.302671535,0.019059571,0.006813228
3.630000000,-1.903704600,-2.213320276,1.535176455,-0.945935977,-2.022925133,-1.903498809,1.554951123,-0.937984697,-0.119220533,0.309821467,0.019774668,0.007951280
3.660000000,-1.901656588,-2.219186671,1.543587074,-0.954583477,-2.023777187,-1.902131760,1.570061487,-0.946375190,-0.122120600,0.317054911,0.026474413,0.008208287
3.700000000,-1.898935713,-2.227131698,1.560874822,-0.966113404,-2.024903592,-1.900290119,1.590207690,-0.957561464,-0.125967880,0.326841579,0.029332868,0.008551940
3.730000000,-1.896907916,-2.233175053,1.574551361,-0.974130254,-2.025738698,-1.898890545,1.605316248,-0.965950484,-0.128830782,0.334284508,0.030764887,0.008179770
3.760000000,-1.894890700,-2.239285510,1.588087288,-0.982537754,-2.026564832,-1.897466708,1.620424809,-0.974340820,-0.131674132,0.341818803,0.032337522,0.008196934
3.800000000,-1.892200796,-2.247562416,1.609728640,-0.993238935,-2.027653363,-1.895535243,1.640567819,-0.985530635,-0.135452566,0.352027174,0.030839179,0.007708301
3.830000000,-1.890184876,-2.253862575,1.622907117,-1.001236900,-2.028458042,-1.894064877,1.655675308,-0.993922866,-0.138273166,0.359797698,0.032768191,0.007314035
3.860000000,-1.888166016,-2.260246424,1.640455092,-1.009709400,-2.029251251,-1.892573009,1.670781450,-1.002314148,-0.141085235,0.367673415,0.030326358,0.007395253
3.900000000,-1.885493944,-2.268859190,1.661344999,-1.021565822,-2.030297949,-1.890549287,1.690923470,-1.013503616,-0.144804006,0.378309903,0.029578470,0.008062206
3.930000000,-1.883499521,-2.275391077,1.675176906,-1.029433787,-2.031076236,-1.889003763,1.706028637,-1.021897032,-0.147576715,0.386387314,0.030851732,0.007536755
3.960000000,-1.881519001,-2.281984200,1.690763059,-1.037761287,-2.031846359,-1.887433196,1.721133952,-1.030290054,-0.150327358,0.394551004,0.030370893,0.007471233
4.000000000,-1.924034983,-2.215209217,1.713557040,-1.049916719,-2.032861527,-1.885307617,1.741272830,-1.041479182,-0.108826545,0.329901599,0.027715790,0.008437537
4.030000000,-1.922554843,-2.221194602,1.728117570,-1.059486301,-2.033616443,-1.883686591,1.756376721,-1.049870842,-0.111061599,0.337508011,0.028259151,0.009615459
4.060000000,-1.921093640,-2.227256903,1.744117393,-1.067728801,-2.034367605,-1.882034866,1.771481050,-1.058263843,-0.113273965,0.345222037,0.027363657,0.009464958
4.100000000,-1.919176043,-2.235455922,1.756700724,-1.078764626,-2.035361572,-1.879796224,1.791621097,-1.069455751,-0.116185529,0.355659698,0.034920373,0.009308875
4.130000000,-1.917765063,-2.241699319,1.770051233,-1.085651525,-2.036097282,-1.878096166,1.806728849,-1.077848577,-0.118332220,0.363603154,0.036677617,0.007802948
4.160000000,-1.916366731,-2.248007653,1.787135670,-1.094109025,-2.036821310,-1.876376051,1.821836323,-1.086240653,-0.120454579,0.371631602,0.034700653,0.007868372
4.200000000,-1.914517525,-2.256541498,1.803950248,-1.105331249,-2.037773864,-1.874047366,1.841983043,-1.097431253,-0.123256338,0.382494132,0.038032795,0.007899996
4.230000000,-1.913173820,-2.263023303,1.818319529,-1.113673047,-2.038479687,-1.872271598,1.857093523,-1.105826093,-0.125305867,0.390751705,0.038773994,0.007846954
4.260000000,-1.911851687,-2.269572091,1.842478711,-1.122248047,-2.039174980,-1.870470777,1.872206217,-1.114220707,-0.127323293,0.399101315,0.029727507,0.008027340
4.300000000,-1.910117957,-2.278416282,1.866880377,-1.134009223,-2.040086876,-1.868040755,1.892357348,-1.125411052,-0.129968919,0.410375527,0.025476971,0.008598171
4.330000000,-1.908843764,-2.285137899,1.881296236,-1.142223826,-2.040762097,-1.866193036,1.907472108,-1.133803325,-0.131918333,0.418944864,0.026175871,0.008420500
4.360000000,-1.907579517,-2.291938052,1.905344083,-1.150653826,-2.041432165,-1.864314935,1.922587923,-1.142197152,-0.133852648,0.427623117,0.017243840,0.008456673
4.400000000,-1.905923386,-2.301122148,1.924641440,-1.160803851,-2.042318389,-1.861773647,1.942743315,-1.153389424,-0.136395002,0.439348501,0.018101875,0.007414427
4.430000000,-1.904690802,-2.308087865,1.939144839,-1.169656140,-2.042976357,-1.859844286,1.957861303,-1.161782452,-0.138285555,0.448243579,0.018716465,0.007873688
4.460000000,-1.903462967,-2.315136299,1.955430567,-1.178361140,-2.043629080,-1.857889907,1.972979388,-1.170174807,-0.140166113,0.457246391,0.017548821,0.008186333
4.500000000,-1.923993920,-2.205589510,1.976705358,-1.190361824,-2.044496959,-1.855241980,1.993139086,-1.181365900,-0.120503039,0.350347529,0.016433728,0.008995924
4.530000000,-1.923036690,-2.211567294,1.991639763,-1.198139116,-2.045146857,-1.853223697,2.008258505,-1.189759888,-0.122110167,0.358343597,0.016618743,0.008379228
4.560000000,-1.922107587,-2.217603382,2.010242766,-1.206774116,-2.045794217,-1.851178182,2.023377799,-1.198152411,-0.123686630,0.366425201,0.013135033,0.008621705
4.600000000,-1.920910593,-2.225765316,2.024029599,-1.215864992,-2.046654143,-1.848419890,2.043532088,-1.209341431,-0.125743551,0.377345425,0.019502489,0.006523561
4.630000000,-1.920044968,-2.231967840,2.039009382,-1.224707461,-2.047299313,-1.846329624,2.058644353,-1.217732757,-0.127254345,0.385638216,0.019634970,0.006974704
4.660000000,-1.919210743,-2.238242919,2.063585054,-1.233304961,-2.047948681,-1.844221271,2.073753798,-1.226125711,-0.128737938,0.394021648,0.010168744,0.007179250
4.700000000,-1.918128139,-2.246709980,2.091391712,-1.244544504,-2.048824548,-1.841391878,2.093896177,-1.237317028,-0.130696409,0.405318102,0.002504466,0.007227476
4.730000000,-1.917350802,-2.253146470,2.107614539,-1.252228319,-2.049491568,-1.839256585,2.108999694,-1.245710980,-0.132140766,0.413889885,0.001385155,0.006517338
4.760000000,-1.916591492,-2.259666910,2.123562353,-1.260865819,-2.050170852,-1.837105368,2.124101017,-1.254105148,-0.133579360,0.422561542,0.000538663,0.006760671
4.800000000,-1.915608490,-2.268481720,2.140445569,-1.271608576,-2.051092660,-1.834215020,2.144231969,-1.265296499,-0.135484170,0.434266699,0.003786400,0.006312077
4.830000000,-1.914913794,-2.275167175,2.155790832,-1.280036754,-2.051794528,-1.832032505,2.159328226,-1.273689859,-0.136880734,0.443134670,0.003537394,0.006346895
4.860000000,-1.914262868,-2.281913807,2.173530920,-1.288331754,-2.052505471,-1.829835345,2.174421569,-1.282083524,-0.138242604,0.452078461,0.000890649,0.006248230
4.900000000,-1.913458203,-2.291036438,2.193012483,-1.298462438,-2.053465138,-1.826881421,2.194543709,-1.293274948,-0.140006935,0.464155017,0.001531226,0.005187491
4.930000000,-1.912895563,-2.297955650,2.208814374,-1.306735802,-2.054193337,-1.824645444,2.209632737,-1.301668407,-0.141297774,0.473310205,0.000818362,0.005067396
4.960000000,-1.912371275,-2.304953129,2.216643019,-1.315275802,-2.054928648,-1.822389945,2.224719994,-1.310061796,-0.142557373,0.482563184,0.008076975,0.005214007
5.000000000,-1.959455334,-2.229367968,2.230808999,-1.326541261,-2.055917016,-1.819357717,2.244833475,-1.321252963,-0.096461682,0.410010251,0.014024476,0.005288297
5.030000000,-1.959521951,-2.235635132,2.244948785,-1.334804925,-2.056664222,-1.817062416,2.259916726,-1.329645635,-0.097142270,0.418572716,0.014967941,0.005159289
5.060000000,-1.959611695,-2.241983267,2.254206291,-1.343304925,-2.057417383,-1.814742307,2.275000003,-1.338036528,-0.097805688,0.427240960,0.020793712,0.005268396
5.100000000,-1.959763089,-2.250555900,2.274935441,-1.355560973,-2.058425030,-1.811617890,2.295111429,-1.349224672,-0.098661940,0.438938010,0.020175988,0.006336302
5.130000000,-1.959911662,-2.257058244,2.288835732,-1.362639180,-2.059176631,-1.809255812,2.310196914,-1.357615107,-0.099264969,0.447802432,0.021361182,0.005024074
5.160000000,-1.960091525,-2.263629875,2.306033321,-1.371226680,-2.059914634,-1.806875486,2.325283617,-1.366006689,-0.099823110,0.456754389,0.019250296,0.005219991
5.200000000,-1.960359550,-2.272494189,2.322782061,-1.383119695,-2.060870301,-1.803669030,2.345402453,-1.377197106,-0.100510751,0.468825159,0.022620392,0.005922589
5.230000000,-1.960581856,-2.279225312,2.336478425,-1.390765710,-2.061561595,-1.801235944,2.360491968,-1.385592470,-0.100979739,0.477989367,0.024013543,0.005173240
5.260000000,-1.960836566,-2.286020807,2.348496251,-1.399215710,-2.062224573,-1.798777365,2.375582591,-1.393988955,-0.101388007,0.487243442,0.027086340,0.005226756
5.300000000,-1.961246252,-2.295185162,2.374685419,-1.410192344,-2.063070520,-1.795469946,2.395704110,-1.405181076,-0.101824268,0.499715216,0.021018691,0.005011268
5.330000000,-1.961594544,-2.302135000,2.388978314,-1.419247749,-2.063678328,-1.792964960,2.410795821,-1.413573681,-0.102083784,0.509170040,0.021817507,0.005674068
5.360000000,-1.961974793,-2.309141871,2.399308586,-1.427895249,-2.064262202,-1.790430638,2.425888407,-1.421967857,-0.102287409,0.518711232,0.026579820,0.005927392
5.400000000,-1.962525610,-2.318597522,2.421224863,-1.439283377,-2.065010743,-1.787014167,2.446011705,-1.433160884,-0.102485133,0.531583355,0.024786842,0.006122492
5.430000000,-1.962981559,-2.325787784,2.448575912,-1.446839291,-2.065550321,-1.784427748,2.461105251,-1.441554330,-0.102568762,0.541360036,0.012529339,0.005284961
5.460000000,-1.963474221,-2.333046936,2.463592971,-1.455374291,-2.066069378,-1.781816599,2.476198338,-1.449946804,-0.102595157,0.551230337,0.012605367,0.005427487
5.500000000,-2.009224102,-2.226011672,2.485096877,-1.466166404,-2.066736567,-1.778294259,2.496324161,-1.461137991,-0.057512465,0.447717413,0.011227283,0.005028414
5.530000000,-2.010270299,-2.232168920,2.501705872,-1.473482151,-2.067219449,-1.775620278,2.511418009,-1.469532748,-0.056949150,0.456548642,0.009712137,0.003949403
5.560000000,-2.011354384,-2.238402714,2.516820444,-1.481674651,-2.067685378,-1.772917965,2.526512934,-1.477928822,-0.056330994,0.465484749,0.009692490,0.003745829
5.600000000,-2.012877618,-2.246796608,2.542774345,-1.493076959,-2.068281471,-1.769281633,2.546636831,-1.489123424,-0.055403853,0.477514975,0.003862486,0.003953535
5.630000000,-2.014060246,-2.253158839,2.552544164,-1.501960445,-2.068704458,-1.766529543,2.561726907,-1.497520256,-0.054644212,0.486629295,0.009182743,0.004440188
5.660000000,-2.015280465,-2.259592118,2.567520525,-1.510560445,-2.069093739,-1.763752367,2.576816327,-1.505915722,-0.053813274,0.495839752,0.009295802,0.004644722
5.700000000,-2.016972969,-2.268270298,2.589130300,-1.521150049,-2.069555009,-1.760017675,2.596933504,-1.517107279,-0.052582040,0.508252623,0.007803204,0.004042770
5.730000000,-2.018301277,-2.274845593,2.603818218,-1.529720470,-2.069852490,-1.757192937,2.612017795,-1.525499139,-0.051551213,0.517652657,0.008199577,0.004221331
5.760000000,-2.019676328,-2.281481204,2.616643634,-1.538032970,-2.070099573,-1.754342826,2.627098815,-1.533890591,-0.050423245,0.527138378,0.010455181,0.004142379
5.800000000,-2.021578825,-2.290434058,2.640959500,-1.549703281,-2.070363502,-1.750507937,2.647202341,-1.545081648,-0.048784677,0.539926121,0.006242841,0.004621633
5.830000000,-2.023064707,-2.297227813,2.660721750,-1.559011223,-2.070514598,-1.747606942,2.662277065,-1.553475637,-0.047449891,0.549620871,0.001555316,0.005535586
5.860000000,-2.024593349,-2.304096909,2.676039275,-1.567686223,-2.070621878,-1.744682099,2.677348418,-1.561868578,-0.046028529,0.559414810,0.001309142,0.005817645
5.900000000,-2.026693645,-2.313370685,2.697148490,-1.579118538,-2.070710306,-1.740748397,2.697439631,-1.573059056,-0.044016661,0.572622289,0.000291141,0.006059482
5.930000000,-2.028301680,-2.320402288,2.708034648,-1.587872513,-2.070737829,-1.737770979,2.712504892,-1.581452558,-0.042436149,0.582631309,0.004470244,0.006419955
5.960000000,-2.029939405,-2.327497429,2.722960151,-1.596557513,-2.070728753,-1.734766223,2.727566980,-1.589846077,-0.040789348,0.592731206,0.004606830,0.006711436
6.000000000,-2.033709204,-2.234489374,2.741547662,-1.607747457,-2.070670551,-1.730724103,2.747645931,-1.601036663,-0.036961347,0.503765271,0.006098269,0.006710794
6.030000000,-2.035452727,-2.240580737,2.754493560,-1.616398491,-2.070594010,-1.727664712,2.762702134,-1.609428963,-0.035141284,0.512916025,0.008208575,0.006969528
6.060000000,-2.037243434,-2.246737839,2.769076618,-1.624890991,-2.070486400,-1.724575292,2.777757847,-1.617821416,-0.033242967,0.522162546,0.008681229,0.007069575
6.100000000,-2.039681964,-2.255043420,2.784786208,-1.635192213,-2.070303084,-1.720418204,2.797832122,-1.629012919,-0.030621121,0.534625217,0.013045914,0.006179294
6.130000000,-2.041566481,-2.261341982,2.791499218,-1.644000616,-2.070135849,-1.717277501,2.812889654,-1.637405561,-0.028569367,0.544064481,0.021390436,0.006595055
6.160000000,-2.043498297,-2.267695770,2.805160359,-1.652370616,-2.069937871,-1.714118205,2.827947998,-1.645796601,-0.026439573,0.553577564,0.022787639,0.006574015
6.200000000,-2.046162951,-2.276245109,2.832591178,-1.663444209,-2.069630803,-1.709877140,2.848028646,-1.656985037,-0.023467852,0.566367969,0.015437468,0.006459172
6.230000000,-2.048231822,-2.282732434,2.844147191,-1.671408316,-2.069367441,-1.706671272,2.863090952,-1.665378384,-0.021135618,0.576061162,0.018943761,0.006029932
6.260000000,-2.050353401,-2.289285356,2.858145818,-1.680175816,-2.069071562,-1.703442004,2.878154604,-1.673772848,-0.018718162,0.585843352,0.020008785,0.006402968
6.300000000,-2.053250353,-2.298118259,2.883598419,-1.691385405,-2.068635820,-1.699110763,2.898242139,-1.684963490,-0.015385467,0.599007496,0.014643719,0.006421915
6.330000000,-2.055485412,-2.304814446,2.891833092,-1.700231779,-2.068279299,-1.695842063,2.913308751,-1.693355196,-0.012793887,0.608972384,0.021475659,0.006876583
6.360000000,-2.057770950,-2.311567906,2.905721172,-1.708449279,-2.067893996,-1.692547735,2.928377539,-1.701748181,-0.010123046,0.619020171,0.022656366,0.006701098
6.400000000,-2.060917074,-2.320681225,2.936437369,-1.718870590,-2.067343605,-1.688119933,2.948469600,-1.712940295,-0.006426531,0.632561292,0.012032231,0.005930294
6.430000000,-2.063339329,-2.327610528,2.945627670,-1.727110081,-2.066904886,-1.684775909,2.963540478,-1.721333758,-0.003565558,0.642834619,0.017912808,0.005776323
6.460000000,-2.065795655,-2.334609128,2.959877866,-1.735525081,-2.066441533,-1.681409437,2.978611284,-1.729726123,-0.000645878,0.653199691,0.018733418,0.005798958
6.500000000,-2.041968789,-2.216546321,2.978508528,-1.747029838,-2.065791212,-1.676883617,2.998707809,-1.740916464,-0.023822423,0.539662703,0.020199280,0.006113374
6.530000000,-2.044229560,-2.222250499,2.993781475,-1.753483685,-2.065279441,-1.673458024,3.013780300,-1.749310342,-0.021049881,0.548792475,0.019998825,0.004173343
6.560000000,-2.046539318,-2.228016613,3.014030513,-1.761783685,-2.064745011,-1.670003471,3.028851553,-1.757704564,-0.018205693,0.558013142,0.014821040,0.004079121
6.600000000,-2.049700678,-2.235778630,3.040594803,-1.774636404,-2.064004576,-1.665365987,3.048944363,-1.768896302,-0.014303898,0.570412642,0.008349560,0.005740102
6.630000000,-2.052135135,-2.241669041,3.055426893,-1.783640713,-2.063429369,-1.661867498,3.064011439,-1.777289547,-0.011294235,0.579801544,0.008584546,0.006351165
6.660000000,-2.054644501,-2.247603424,3.070189888,-1.792063213,-2.062834514,-1.658349426,3.079075900,-1.785683027,-0.008190013,0.589253998,0.008886012,0.006380186
6.700000000,-2.058101866,-2.255584234,3.095005042,-1.803263852,-2.062015003,-1.653632478,3.099157096,-1.796874638,-0.003913137,0.601951756,0.004152053,0.006389215
6.730000000,-2.060770387,-2.261633009,3.108349268,-1.811754843,-2.061380733,-1.650075564,3.114214175,-1.805268481,-0.000610346,0.611557445,0.005864907,0.006486362
6.760000000,-2.063499026,-2.267727865,3.123337964,-1.820134843,-2.060727273,-1.646500271,3.129267818,-1.813662118,0.002771753,0.621227594,0.005929854,0.006472725
6.800000000,-2.067235005,-2.275919579,3.139036240,-1.831721008,-2.059830967,-1.641708607,3.149334829,-1.824853310,0.007404038,0.634210972,0.010298589,0.006867699
6.830000000,-2.070118447,-2.282119128,3.151630778,-1.840045527,-2.059140229,-1.638095590,3.164382077,-1.833246557,0.010978217,0.644023538,0.012751299,0.006798970
6.860000000,-2.073069954,-2.288357044,3.165988054,-1.848495527,-2.058431335,-1.634462701,3.179426345,-1.841639745,0.014638619,0.653894343,0.013438291,0.006855782
6.900000000,-2.077099461,-2.296737433,3.183186169,-1.859126651,-2.057462558,-1.629592461,3.199481832,-1.852830654,0.019636903,0.667144972,0.016295663,0.006295996
6.930000000,-2.080176746,-2.303082495,3.197079022,-1.867193520,-2.056718575,-1.625919649,3.214520742,-1.861223743,0.023458171,0.677162846,0.017441720,0.005969777
6.960000000,-2.083300803,-2.309463758,3.206993274,-1.875911020,-2.055957183,-1.622225331,3.229557221,-1.869616994,0.027343620,0.687238427,0.022563947,0.006294026
7.000000000,-2.101802244,-2.130818569,3.235912267,-1.887057637,-2.054918694,-1.617269022,3.249602542,-1.880808102,0.046883550,0.513549547,0.013690275,0.006249535
7.030000000,-2.105240197,-2.135223739,3.254094605,-1.895460425,-2.054122503,-1.613528261,3.264634228,-1.889200919,0.051117694,0.521695478,0.010539623,0.006259506
7.060000000,-2.108742424,-2.139692535,3.268746203,-1.903940425,-2.053308886,-1.609763550,3.279669909,-1.897591074,0.055433538,0.529928986,0.010923706,0.006349351
7.100000000,-2.113527742,-2.145724962,3.291749477,-1.914928388,-2.052194920,-1.604717022,3.299722620,-1.908777014,0.061332821,0.541007940,0.007973144,0.006151374
7.130000000,-2.117202391,-2.150309225,3.306701623,-1.923028217,-2.051327388,-1.600921274,3.314764808,-1.917164464,0.065875003,0.549387951,0.008063185,0.005863753
7.160000000,-2.120941442,-2.154933558,3.317155777,-1.931210717,-2.050408978,-1.597127271,3.329812979,-1.925550816,0.070532464,0.557806286,0.012657202,0.005659901
7.200000000,-2.126032310,-2.161144325,3.334645323,-1.941328233,-2.049088145,-1.592080291,3.349884692,-1.936734453,0.076944165,0.569064034,0.015239369,0.004593780
7.230000000,-2.129937192,-2.165837338,3.349095903,-1.949320406,-2.048010800,-1.588306419,3.364941377,-1.945127225,0.081926392,0.577530919,0.015845474,0.004193181
7.260000000,-2.133908700,-2.170563394,3.374984290,-1.957467906,-2.046838027,-1.584549178,3.379998868,-1.953526198,0.087070673,0.586014216,0.005014578,0.003941707
7.300000000,-2.139307059,-2.176911104,3.395333826,-1.969711834,-2.045145029,-1.579570492,3.400077726,-1.964720773,0.094162029,0.597340612,0.004743900,0.004991062
7.330000000,-2.143441156,-2.181706034,3.418099306,-1.977815808,-2.043778336,-1.575860871,3.415137254,-1.973110795,0.099662821,0.605845164,-0.002962051,0.004705013
7.360000000,-2.147645789,-2.186544125,3.433586006,-1.986323308,-2.042314227,-1.572171822,3.430198552,-1.981503110,0.105331562,0.614372303,-0.003387454,0.004820197
7.400000000,-2.153361119,-2.193064124,3.441332539,-1.998377814,-2.040233851,-1.567278714,3.450280187,-1.992699547,0.113127268,0.625785410,0.008947648,0.005678267
7.430000000,-2.157728767,-2.197993914,3.456298860,-2.007151817,-2.038580467,-1.563631209,3.465342674,-2.001095481,0.119148300,0.634362705,0.009043814,0.006056337
7.460000000,-2.162181418,-2.202974907,3.474192544,-2.016009317,-2.036837099,-1.560008095,3.480404977,-2.009485568,0.125344319,0.642966812,0.006212433,0.006523750
7.500000000,-2.081698378,-2.033648532,3.485197585,-2.027258563,-2.034393319,-1.555204353,3.500489253,-2.020672477,0.047305059,0.478444179,0.015291668,0.006586087
7.530000000,-2.085344541,-2.036791125,3.501543962,-2.035941237,-2.032471478,-1.551617962,3.515552697,-2.029067499,0.052873063,0.485173163,0.014008735,0.006873737
7.560000000,-2.089059901,-2.039972563,3.515692624,-2.044501237,-2.030464024,-1.548048953,3.530614667,-2.037466680,0.058595877,0.491923610,0.014922043,0.007034556
7.600000000,-2.094134130,-2.044274781,3.526344104,-2.055807390,-2.027681226,-1.543323039,3.550697311,-2.048665315,0.066452903,0.500951742,0.024353207,0.007142075
7.630000000,-2.098016373,-2.047541042,3.538780687,-2.064079944,-2.025519110,-1.539810340,3.565759612,-2.057059588,0.072497263,0.507730702,0.026978925,0.007020356
7.660000000,-2.101965193,-2.050846822,3.559726091,-2.072594944,-2.023283870,-1.536333180,3.580821072,-2.065451578,0.078681322,0.514513642,0.021094981,0.007143367
7.700000000,-2.107334760,-2.055319233,3.583854555,-2.084184149,-2.020205394,-1.531744675,3.600903501,-2.076644551,0.087129365,0.523574558,0.017048946,0.007539598
7.730000000,-2.111453008,-2.058706980,3.598193007,-2.092705107,-2.017823904,-1.528341148,3.615964403,-2.085042725,0.093629104,0.530365831,0.017771397,0.007662382
7.760000000,-2.115642027,-2.062108079,3.612359314,-2.101300107,-2.015373483,-1.524981085,3.631025885,-2.093439210,0.100268544,0.537126994,0.018666571,0.007860897
7.800000000,-2.121336785,-2.066672160,3.638564585,-2.112293986,-2.012018628,-1.520563307,3.651107281,-2.104628983,0.109318157,0.546108852,0.012542696,0.007665003
7.830000000,-2.125688480,-2.070142124,3.653812210,-2.119592289,-2.009437609,-1.517295660,3.666168962,-2.113021448,0.116250871,0.552846464,0.012356751,0.006570841
7.860000000,-2.130098953,-2.073659027,3.668414206,-2.128052289,-2.006793051,-1.514072869,3.681230374,-2.121417858,0.123305902,0.559586159,0.012816168,0.006634432
7.900000000,-2.136101770,-2.078382247,3.690212084,-2.139032960,-2.003187344,-1.509840177,3.701312652,-2.132612727,0.132914426,0.568542070,0.011100569,0.006420233
7.930000000,-2.140687821,-2.081948848,3.704844985,-2.147742323,-2.000426543,-1.506716934,3.716374320,-2.141005103,0.140261278,0.575231914,0.011529335,0.006737221
7.960000000,-2.145360768,-2.085534517,3.722881653,-2.156404823,-1.997610210,-1.503644305,3.731435911,-2.149396115,0.147750557,0.581890213,0.008554258,0.007008708
8.000000000,-2.164794814,-1.956019636,3.742522515,-2.168318938,-1.993780801,-1.499612003,3.751518346,-2.160588343,0.171014013,0.456407634,0.008995831,0.007730595
8.030000000,-2.169794411,-1.958159977,3.754040472,-2.176286793,-1.990854590,-1.496637173,3.766579825,-2.168984411,0.178939821,0.461522804,0.012539353,0.007302382
8.060000000,-2.174858514,-1.960352433,3.768521848,-2.184741793,-1.987876980,-1.493715099,3.781647733,-2.177378329,0.186981535,0.466637334,0.013125885,0.007363464
8.100000000,-2.181742845,-1.963354300,3.790044766,-2.195936504,-1.983833368,-1.489895516,3.801743754,-2.188569522,0.197909477,0.473458785,0.011698988,0.007366982
8.130000000,-2.187006134,-1.965627909,3.804354956,-2.204136873,-1.980734185,-1.487096414,3.816817261,-2.196965705,0.206271949,0.478531495,0.012462305,0.007171168
8.160000000,-2.192348974,-1.967913602,3.816056615,-2.212686873,-1.977550016,-1.484379173,3.831893174,-2.205362198,0.214798958,0.483534429,0.015836559,0.007324675
8.200000000,-2.199604936,-1.970999435,3.844192671,-2.224287794,-1.973165695,-1.480890766,3.851994313,-2.216552342,0.226439241,0.490108668,0.007801642,0.007735452
8.230000000,-2.205153752,-1.973337315,3.857687136,-2.232892058,-1.969758231,-1.478388422,3.867066828,-2.224941578,0.235395520,0.494948893,0.009379692,0.007950479
8.260000000,-2.210782621,-1.975707318,3.872377542,-2.241589558,-1.966217022,-1.476010105,3.882134703,-2.233333673,0.244565598,0.499697213,0.009757161,0.008255885
8.300000000,-2.218424000,-1.978881132,3.894134574,-2.252209107,-1.961305782,-1.473014904,3.902216922,-2.244531614,0.257118219,0.505866228,0.008082348,0.007677493
8.330000000,-2.224233992,-1.981283153,3.908295335,-2.260086796,-1.957477161,-1.470906820,3.917272598,-2.252929405,0.266756831,0.510376334,0.008977263,0.007157391
8.360000000,-2.230131658,-1.983704401,3.922960308,-2.268309296,-1.953501705,-1.468941765,3.932322472,-2.261319250,0.276629953,0.514762636,0.009362164,0.006990046
8.400000000,-2.238118004,-1.986971649,3.945153278,-2.279036377,-1.948001636,-1.466513332,3.952381681,-2.272503784,0.290116368,0.520458317,0.007228404,0.006532593
8.430000000,-2.244199303,-1.989437979,3.958523399,-2.287551546,-1.943724272,-1.464835863,3.967419987,-2.280898843,0.300475031,0.524602116,0.008896589,0.006652703
8.460000000,-2.250367464,-1.991923877,3.973144341,-2.295986546,-1.939293635,-1.463304747,3.982451989,-2.289296111,0.311073829,0.528619130,0.009307647,0.006690435
8.500000000,-2.179525656,-1.887183560,3.991788255,-2.306662558,-1.933182662,-1.461462114,4.002486564,-2.300482394,0.246342994,0.425721445,0.010698310,0.006180165
8.530000000,-2.184998480,-1.888491965,4.006203194,-2.314282298,-1.928446568,-1.460228705,4.017506013,-2.308866796,0.256551912,0.428263260,0.011302819,0.005415502
8.560000000,-2.190569530,-1.889819454,4.020636072,-2.322827298,-1.923557207,-1.459140671,4.032522066,-2.317260920,0.267012323,0.430678783,0.011885995,0.005566378
8.600000000,-2.198155564,-1.891593582,4.040366021,-2.334322565,-1.916838939,-1.457884892,4.052539234,-2.328471369,0.281316625,0.433708689,0.012173212,0.005851196
8.630000000,-2.203938798,-1.892936266,4.055149945,-2.342913854,-1.911657272,-1.457094787,4.067551471,-2.336871423,0.292281526,0.435841479,0.012401526,0.006042431
8.660000000,-2.209795930,-1.894264597,4.069541137,-2.351353854,-1.906336852,-1.456460825,4.082560893,-2.345254693,0.303459078,0.437803773,0.013019756,0.006099161
8.700000000,-2.217763866,-1.896020705,4.090846054,-2.363330250,-1.899055657,-1.455821860,4.102572423,-2.356439565,0.318708209,0.440198844,0.011726369,0.006890685
8.730000000,-2.223847235,-1.897343311,4.106973661,-2.371322193,-1.893454270,-1.455496599,4.117578549,-2.364846074,0.330392964,0.441846712,0.010604888,0.006476119
8.760000000,-2.230019232,-1.898680243,4.121486973,-2.380124693,-1.887718922,-1.455329091,4.132583442,-2.373252877,0.342300310,0.443351153,0.011096469,0.006871816
8.800000000,-2.238390371,-1.900489951,4.140436532,-2.391974467,-1.879903401,-1.455319482,4.152587517,-2.384437203,0.358486970,0.445170469,0.012150984,0.007537264
8.830000000,-2.244787479,-1.901864791,4.153006213,-2.399974062,-1.873917425,-1.455469018,4.167589185,-2.392819652,0.370870054,0.446395772,0.014582972,0.007154409
8.860000000,-2.251265539,-1.903229862,4.167289393,-2.408359062,-1.867808178,-1.455768930,4.182589666,-2.401218285,0.383457361,0.447460932,0.015300273,0.007140777
8.900000000,-2.260035650,-1.905055736,4.187732103,-2.419538466,-1.859507636,-1.456367360,4.202587634,-2.412424805,0.400528014,0.448688375,0.014855531,0.007113662
8.930000000,-2.266724343,-1.906431487,4.201299578,-2.428145295,-1.853174431,-1.456965697,4.217585522,-2.420816022,0.413549912,0.449465790,0.016285944,0.007329273
8.960000000,-2.273510267,-1.907808901,4.215468632,-2.436510295,-1.846737917,-1.457709414,4.232581534,-2.429196284,0.426772350,0.450099487,0.017112902,0.007314011
9.000000000,-2.165147817,-1.770895323,4.231007186,-2.446812019,-1.838017933,-1.458884141,4.252576715,-2.440385034,0.327129884,0.312011182,0.021569528,0.006426985
9.030000000,-2.170836505,-1.770730485,4.241178272,-2.454079767,-1.831377827,-1.459898568,4.267571472,-2.448789409,0.339458678,0.310831917,0.026393200,0.005290358
9.060000000,-2.176616482,-1.770562481,4.254899334,-2.462672267,-1.824646765,-1.461046332,4.282566859,-2.457192649,0.351969717,0.309516149,0.027667525,0.005479617
9.100000000,-2.184462286,-1.770306934,4.266813106,-2.473752374,-1.815560467,-1.462756616,4.302556543,-2.468390663,0.368901818,0.307550318,0.035743437,0.005361711
9.130000000,-2.190449141,-1.770098242,4.281611132,-2.481642276,-1.808663844,-1.464177438,4.317544336,-2.476790610,0.381785297,0.305920804,0.035933204,0.004851666
9.160000000,-2.196516631,-1.769900703,4.294990570,-2.489844776,-1.801685123,-1.465743361,4.332527255,-2.485194051,0.394831508,0.304157342,0.037536685,0.004650724
9.200000000,-2.204738343,-1.769609569,4.316882407,-2.500689240,-1.792271472,-1.468038096,4.352497406,-2.496395994,0.412466871,0.301571473,0.035614999,0.004293246
9.230000000,-2.210997074,-1.769385211,4.334244349,-2.508243681,-1.785130222,-1.469922512,4.367468930,-2.504792574,0.425866852,0.299462699,0.033224581,0.003451107
9.260000000,-2.217338036,-1.769147804,4.347803942,-2.516576181,-1.777907516,-1.471977078,4.382433941,-2.513187459,0.439430520,0.297170726,0.034629999,0.003388723
9.300000000,-2.225953452,-1.768806558,4.367206503,-2.528304960,-1.768168846,-1.474949386,4.402378246,-2.524386187,0.457784606,0.293857172,0.035171742,0.003918774
9.330000000,-2.232510572,-1.768532929,4.387022827,-2.535747626,-1.760785790,-1.477356881,4.417329346,-2.532787973,0.471724782,0.291176048,0.030306519,0.002959653
9.360000000,-2.239158435,-1.768240413,4.400741683,-2.544362626,-1.753327959,-1.479946230,4.432273995,-2.541185762,0.485830475,0.288294183,0.031532311,0.003176864
9.400000000,-2.248176192,-1.767837299,4.416847146,-2.555272090,-1.743288676,-1.483642897,4.452191384,-2.552376885,0.504887517,0.284194402,0.035344238,0.002895205
9.430000000,-2.255039858,-1.767518554,4.429753230,-2.563247146,-1.735689077,-1.486598172,4.467123651,-2.560772840,0.519350780,0.280920381,0.037370422,0.002474306
9.460000000,-2.261993105,-1.767174799,4.443259957,-2.571594646,-1.728022412,-1.489735938,4.482050007,-2.569173341,0.533970694,0.277438861,0.038790051,0.002421305
9.500000000,-2.150326944,-1.719923032,4.483931339,-2.584186923,-1.717717392,-1.494163391,4.501944840,-2.580369448,0.432609552,0.225759641,0.018013501,0.003817474
9.530000000,-2.156149589,-1.719010463,4.491674033,-2.592415647,-1.709929897,-1.497666148,4.516860386,-2.588761369,0.446219692,0.221344315,0.025186352,0.003654278
9.560000000,-2.162051006,-1.718068494,4.505593066,-2.600748147,-1.702085820,-1.501348746,4.531773734,-2.597160810,0.459965186,0.216719748,0.026180667,0.003587337
9.600000000,-2.170058517,-1.716764224,4.529210432,-2.611605872,-1.691559918,-1.506496550,4.551656224,-2.608377043,0.478498599,0.210267674,0.022445792,0.003228829
9.630000000,-2.176172496,-1.715770283,4.545178784,-2.620151048,-1.683626301,-1.510535703,4.566568938,-2.616785681,0.492546195,0.205234580,0.021390154,0.003365367
9.660000000,-2.182386790,-1.714742447,4.559206902,-2.628716048,-1.675665923,-1.514750379,4.581464366,-2.625177664,0.506720868,0.199992068,0.022257464,0.003538385
9.700000000,-2.190796531,-1.713322880,4.577228980,-2.639741094,-1.665023528,-1.520593527,4.601259705,-2.636363478,0.525773003,0.192729353,0.024030725,0.003377616
9.730000000,-2.197204312,-1.712253935,4.582472033,-2.648307009,-1.657023289,-1.525136652,4.616026295,-2.644764151,0.540181023,0.187117282,0.033554262,0.003542858
9.760000000,-2.203702931,-1.711160153,4.595874304,-2.656619509,-1.649012901,-1.529837000,4.630685999,-2.653171256,0.554690030,0.181323153,0.034811695,0.003448253
9.800000000,-2.212522653,-1.709651616,4.618904112,-2.667518433,-1.638333210,-1.536313620,4.650072824,-2.664366607,0.574189442,0.173337996,0.031168712,0.003151826
9.830000000,-2.219257247,-1.708479084,4.626853078,-2.674936769,-1.630328360,-1.541326618,4.664489813,-2.672753769,0.588928888,0.167152466,0.037636735,0.002182999
9.860000000,-2.226085602,-1.707265668,4.639791250,-2.683514269,-1.622327909,-1.546490864,4.678766163,-2.681147607,0.603757693,0.160774804,0.038974913,0.002366662
9.900000000,-2.235328982,-1.705599047,4.662086562,-2.694253841,-1.611669505,-1.553574757,4.697570642,-2.692353159,0.623659478,0.152024290,0.035484079,0.001900682
9.930000000,-2.242367554,-1.704307705,4.676998934,-2.702330052,-1.603688616,-1.559036959,4.711484727,-2.700755516,0.638678938,0.145270746,0.034485794,0.001574536
9.960000000,-2.249513131,-1.702963492,4.689534012,-2.710995052,-1.595726094,-1.564648856,4.725192960,-2.709146081,0.653787036,0.138314636,0.035658948,0.001848971
10.000000000,-2.048253418,-1.661926977,4.710410037,-2.722158797,-1.585131369,-1.572327695,4.743179333,-2.720333742,0.463122048,0.089599283,0.032769296,0.001825055
10.030000000,-2.053284356,-1.660052053,4.726165531,-2.731300724,-1.577199403,-1.578231879,4.756442821,-2.728735930,0.476084953,0.081820174,0.030277290,0.002564793
10.060000000,-2.058402693,-1.658144400,4.738162308,-2.739700724,-1.569285183,-1.584281167,4.769461759,-2.737148669,0.489117510,0.073863232,0.031299452,0.002552055
10.100000000,-2.065349922,-1.655529595,4.754687918,-2.750872045,-1.558772689,-1.592541865,4.786469076,-2.748366779,0.506577233,0.062987730,0.031781158,0.002505267
10.130000000,-2.070650734,-1.653516133,4.758684723,-2.758780774,-1.550931113,-1.598881848,4.798953951,-2.756769633,0.519719621,0.054634285,0.040269229,0.002011141
10.160000000,-2.076043674,-1.651453543,4.769577091,-2.767295774,-1.543142656,-1.605358471,4.811155868,-2.765163216,0.532901018,0.046095072,0.041578777,0.002132559
10.200000000,-2.083381655,-1.648641746,4.794714190,-2.779001389,-1.532836977,-1.614162030,4.827036311,-2.776361321,0.550544678,0.034479716,0.032322121,0.002640068
10.230000000,-2.088998546,-1.646470018,4.805299206,-2.788117514,-1.525174974,-1.620884276,4.838660430,-2.784766217,0.563823572,0.025585742,0.033361223,0.003351297
10.260000000,-2.094707551,-1.644240452,4.815541586,-2.796577514,-1.517593200,-1.627722379,4.849991453,-2.793166838,0.577114351,0.016518072,0.034449868,0.003410676
10.300000000,-2.102480172,-1.641167726,4.834531720,-2.806954750,-1.507602028,-1.636991009,4.864683610,-2.804359404,0.594878143,0.004176717,0.030151889,0.002595346
10.330000000,-2.108422131,-1.638795699,4.849566895,-2.815231276,-1.500198083,-1.644054007,4.875392680,-2.812756243,0.608224048,-0.005258309,0.025825786,0.002475033
10.360000000,-2.114453237,-1.636368690,4.859088976,-2.823793776,-1.492884883,-1.651228221,4.885785022,-2.821161781,0.621568354,-0.014859531,0.026696046,0.002631995
10.400000000,-2.122635700,-1.633049227,4.882601185,-2.834898465,-1.483264212,-1.660946107,4.899204196,-2.832368931,0.639371488,-0.027896880,0.016603011,0.002529534
10.430000000,-2.128884706,-1.630494983,4.900430545,-2.841659225,-1.476151875,-1.668351911,4.908937291,-2.840767028,0.652732831,-0.037856928,0.008506746,0.000892197
10.460000000,-2.135215048,-1.627871755,4.909466621,-2.850029225,-1.469142339,-1.675876983,4.918328245,-2.849162634,0.666072709,-0.048005227,0.008861624,0.000866591
10.500000000,-1.968585437,-1.684466785,4.916656326,-2.860736773,-1.459929183,-1.686071205,4.930374674,-2.860367421,0.508656254,-0.001604420,0.013718348,0.000369352
10.530000000,-1.973168352,-1.682358537,4.924943607,-2.868096133,-1.453120620,-1.693840285,4.939048771,-2.868777046,0.520047731,-0.011481747,0.014105164,-0.000680913
10.560000000,-1.977824307,-1.680201286,4.932662895,-2.876601133,-1.446419303,-1.701737029,4.947368277,-2.877186139,0.531405004,-0.021535742,0.014705382,-0.000585006
10.600000000,-1.984142308,-1.677233238,4.945009528,-2.888997038,-1.437636829,-1.712433333,4.957986241,-2.888399998,0.546505479,-0.035200096,0.012976713,0.000597040
10.630000000,-1.988973296,-1.674943197,4.942743892,-2.898173068,-1.431174127,-1.720570187,4.965593152,-2.896810608,0.557799170,-0.045626991,0.022849260,0.001362460
10.660000000,-1.993887780,-1.672589241,4.949073326,-2.906628068,-1.424849695,-1.728801144,4.972850315,-2.905216609,0.569038085,-0.056211903,0.023776990,0.001411459
10.700000000,-2.000601727,-1.669363879,4.974740279,-2.917797297,-1.416617658,-1.739869692,4.982073940,-2.916417506,0.583984069,-0.070505814,0.007333661,0.001379792
10.730000000,-2.005746975,-1.666892923,4.976440724,-2.926793772,-1.410601796,-1.748223165,4.988670173,-2.924816730,0.595145179,-0.081330242,0.012229449,0.001977042
10.760000000,-2.010979905,-1.664360603,4.982048524,-2.935231272,-1.404752250,-1.756612404,4.994945900,-2.933215496,0.606227655,-0.092251801,0.012897376,0.002015777
10.800000000,-2.018074805,-1.660882081,4.988295715,-2.947042927,-1.397185077,-1.767832655,5.002874815,-2.944412127,0.620889728,-0.106950574,0.014579099,0.002630801
10.830000000,-2.023471758,-1.658196879,4.998429427,-2.956045183,-1.391688159,-1.776269345,5.008502440,-2.952810045,0.631783599,-0.118072466,0.010073013,0.003235138
10.860000000,-2.028944114,-1.655447795,5.003097771,-2.964847683,-1.386370972,-1.784725407,5.013821217,-2.961209214,0.642573142,-0.129277612,0.010723446,0.003638469
10.900000000,-2.036366939,-1.651679277,5.002542399,-2.976366936,-1.379522259,-1.796027175,5.020508153,-2.972409405,0.656844681,-0.144347899,0.017965754,0.003957532
10.930000000,-2.042006675,-1.648776512,5.014272152,-2.985003490,-1.374568427,-1.804526459,5.025225003,-2.980809696,0.667438248,-0.155749947,0.010952852,0.004193794
10.960000000,-2.047732810,-1.645804995,5.017988118,-2.993370990,-1.369798753,-1.813052891,5.029653045,-2.989209714,0.677934057,-0.167247895,0.011664927,0.004161277
11.000000000,-1.852875543,-1.713371514,5.031734295,-3.005015990,-1.363682281,-1.824463838,5.035186351,-3.000410338,0.489193262,-0.111092324,0.003452056,0.004605651
11.030000000,-1.856535070,-1.711025915,5.029847970,-3.013602329,-1.359275014,-1.833058312,5.039061236,-3.008812803,0.497260056,-0.122032398,0.009213265,0.004789526
11.060000000,-1.860277146,-1.708613881,5.032727587,-3.021982329,-1.355047685,-1.841694625,5.042665019,-3.017220055,0.505229461,-0.133080744,0.009937433,0.004762274
11.100000000,-1.865391296,-1.705301548,5.041113799,-3.033338692,-1.349660364,-1.853266646,5.047110210,-3.028433487,0.515730932,-0.147965098,0.005996411,0.004905205
11.130000000,-1.869312087,-1.702720526,5.049603572,-3.041364538,-1.345818152,-1.861981249,5.050184424,-3.036841640,0.523493935,-0.159260723,0.000580852,0.004522897
11.160000000,-1.873311310,-1.700062577,5.051906710,-3.050129538,-1.342183618,-1.870715207,5.053007970,-3.045241747,0.531127692,-0.170652630,0.001101260,0.004887791
11.200000000,-1.878745451,-1.696401840,5.058998515,-3.061863027,-1.337616785,-1.882360576,5.056448239,-3.056437772,0.541128666,-0.185958736,-0.002550276,0.005425255
11.230000000,-1.882914213,-1.693569320,5.056909420,-3.069839272,-1.334403819,-1.891080332,5.058787216,-3.064833982,0.548510394,-0.197511012,0.001877797,0.005005290
11.260000000,-1.887144107,-1.690655305,5.058362373,-3.078246772,-1.331412064,-1.899774141,5.060890937,-3.073229976,0.555732043,-0.209118836,0.002528564,0.005016796
11.300000000,-1.892869727,-1.686635773,5.062230012,-3.089666982,-1.327726645,-1.911323107,5.063388805,-3.084426742,0.565143082,-0.224687334,0.001158793,0.005240241
11.330000000,-1.897220999,-1.683515618,5.050879183,-3.097792200,-1.325188828,-1.919951026,5.065044192,-3.092826034,0.572032171,-0.236435408,0.014165009,0.004966166
11.360000000,-1.901624560,-1.680328780,5.051251441,-3.106214700,-1.322874210,-1.928546846,5.066492197,-3.101224838,0.578750350,-0.248218065,0.015240756,0.004989863
11.400000000,-1.907584759,-1.675929314,5.054589209,-3.117546215,-1.320090836,-1.939971651,5.068162866,-3.112422994,0.587493923,-0.264042337,0.013573657,0.005123222
11.430000000,-1.912123260,-1.672524296,5.061678142,-3.126059873,-1.318234976,-1.948518339,5.069241072,-3.120821555,0.593888284,-0.275994043,0.007562929,0.005238317
11.460000000,-1.916712848,-1.669039153,5.061686865,-3.134312373,-1.316608583,-1.957049415,5.070158362,-3.129219167,0.600104265,-0.288010262,0.008471497,0.005093206
11.500000000,-1.710186630,-1.757815532,5.067466579,3.137836156,-1.314738177,-1.968411926,5.071175594,-3.140417869,0.395448453,-0.210596393,0.003709015,0.004931282
11.530000000,-1.712528517,-1.755174942,5.070714274,3.129502837,-1.313558845,-1.976930368,5.071784207,3.134366562,0.398969672,-0.221755426,0.001069933,0.004863725
11.560000000,-1.714918985,-1.752447854,5.070466117,3.120997837,-1.312607385,-1.985451765,5.072244344,3.125964073,0.402311600,-0.233003912,0.001778227,0.004966236
11.600000000,-1.718158092,-1.748702561,5.081838596,3.110088850,-1.311648855,-1.996818930,5.072657447,3.114759663,0.406509237,-0.248116369,-0.009181150,0.004670813
11.630000000,-1.720651835,-1.745827997,5.077361547,3.101558947,-1.311168714,-2.005341221,5.072818143,3.106355702,0.409483121,-0.259513223,-0.004543404,0.004796755
11.660000000,-1.723184585,-1.742875896,5.076784043,3.093133947,-1.310935054,-2.013845031,5.072830616,3.097954211,0.412249531,-0.270969135,-0.003953427,0.004820264
11.700000000,-1.726624165,-1.738832360,5.082428369,3.082002836,-1.310956844,-2.025135282,5.072649258,3.086757337,0.415667321,-0.286302922,-0.009779111,0.004754500
11.730000000,-1.729271074,-1.735722599,5.070279126,3.072430276,-1.311223849,-2.033553864,5.072373897,3.078360970,0.418047225,-0.297831264,0.002094771,0.005930693
11.760000000,-1.731978002,-1.732533647,5.068966938,3.063650276,-1.311744195,-2.041912636,5.071965441,3.069964989,0.420233807,-0.309378989,0.002998503,0.006314712
11.800000000,-1.735658112,-1.728166049,5.079860995,3.052030599,-1.312782526,-2.052970847,5.071254579,3.058769977,0.422875585,-0.324804798,-0.008606416,0.006739378
11.830000000,-1.738458081,-1.724800961,5.070119854,3.042898509,-1.313821907,-2.061198703,5.070613665,3.050372046,0.424636174,-0.336397742,0.000493811,0.007473536
11.860000000,-1.741278823,-1.721352196,5.068464713,3.034503509,-1.315120790,-2.069363268,5.069871371,3.041973658,0.426158032,-0.348011072,0.001406658,0.007470149
11.900000000,-1.745092944,-1.716617156,5.079758378,3.022607977,-1.317198708,-2.080171241,5.068745754,3.030775801,0.427894236,-0.363554085,-0.011012623,0.008167824
11.930000000,-1.747994889,-1.712957522,5.076384584,3.013936597,-1.319019407,-2.088223557,5.067812401,3.022377825,0.428975482,-0.375266035,-0.008572183,0.008441228
11.960000000,-1.750923736,-1.709217858,5.074731929,3.005434097,-1.321103821,-2.096228706,5.066792712,3.013980430,0.429819915,-0.387010847,-0.007939217,0.008546333
12.000000000,-1.572325218,-1.820232130,5.068907006,2.995439227,-1.324231435,-2.106848929,5.065315915,3.002783774,0.248093783,-0.286616798,-0.003591092,0.007344547
12.030000000,-1.573290792,-1.817584252,5.063237174,2.987694229,-1.326836533,-2.114780439,5.064125474,2.994384807,0.246454259,-0.297196187,0.000888299,0.006690578
12.060000000,-1.574278876,-1.814855774,5.061033336,2.979016729,-1.329702460,-2.122684773,5.062867542,2.985982768,0.244576416,-0.307828999,0.001834206,0.006966039
12.100000000,-1.575633714,-1.811086504,5.050788599,2.968741718,-1.333880436,-2.133187795,5.061117249,2.974778329,0.241753278,-0.322101292,0.010328650,0.006036611
12.130000000,-1.576675080,-1.808167363,5.049929096,2.960497371,-1.337289441,-2.141029745,5.059758529,2.966377047,0.239385639,-0.332862383,0.009829433,0.005879676
12.160000000,-1.577751785,-1.805161746,5.047321524,2.952042371,-1.340977751,-2.148820616,5.058368169,2.957982381,0.236774034,-0.343658869,0.011046645,0.005940010
12.200000000,-1.579236609,-1.801016207,5.042406946,2.940865975,-1.346263563,-2.159118273,5.056491122,2.946792264,0.232973045,-0.358102066,0.014084176,0.005926290
12.230000000,-1.580375904,-1.797817549,5.046306375,2.932524920,-1.350502692,-2.166761601,5.055067895,2.938399583,0.229873212,-0.368944052,0.008761520,0.005874663
12.260000000,-1.581534950,-1.794545221,5.043706201,2.923984920,-1.355021217,-2.174313734,5.053637731,2.930006433,0.226513733,-0.379768513,0.009931531,0.006021513
12.300000000,-1.583098220,-1.790063787,5.041835146,2.913185236,-1.361422773,-2.184253903,5.051728180,2.918813781,0.221675447,-0.394190115,0.009893034,0.005628545
12.330000000,-1.584287322,-1.786609885,5.038994003,2.905008822,-1.366503942,-2.191611767,5.050292674,2.910417631,0.217783380,-0.405001882,0.011298672,0.005408809
12.360000000,-1.585489651,-1.783079074,5.036293388,2.896553822,-1.371862209,-2.198874924,5.048854183,2.902021094,0.213627442,-0.415795850,0.012560796,0.005467273
12.400000000,-1.587095112,-1.778262745,5.035293336,2.885665301,-1.379381359,-2.208436940,5.046937720,2.890825581,0.207713753,-0.430174195,0.011644384,0.005160280
12.430000000,-1.588321042,-1.774549306,5.030081889,2.877603991,-1.385306236,-2.215520226,5.045504012,2.882429934,0.203014806,-0.440970920,0.015422124,0.004825943
12.460000000,-1.589549682,-1.770770739,5.027275437,2.868903991,-1.391515462,-2.222521352,5.044076533,2.874035737,0.198034220,-0.451750612,0.016801096,0.005131746
12.500000000,-1.453190927,-1.906623949,5.031018832,2.858556130,-1.400167691,-2.231756305,5.042187718,2.862841080,0.053023236,-0.325132356,0.011168886,0.004284950
12.530000000,-1.452893725,-1.904200476,5.021466022,2.849826149,-1.406937245,-2.238612931,5.040785217,2.854443280,0.045956479,-0.334412455,0.019319195,0.004617131
12.560000000,-1.452590760,-1.901680824,5.018589499,2.841168649,-1.413991651,-2.245404564,5.039402655,2.846044895,0.038599109,-0.343723740,0.020813156,0.004876246
12.600000000,-1.452180424,-1.898188139,5.014225584,2.830869026,-1.423781369,-2.254371808,5.037581525,2.834847272,0.028399055,-0.356183669,0.023355941,0.003978245
12.630000000,-1.451872200,-1.895473596,5.018705551,2.822998651,-1.431413255,-2.261021395,5.036236975,2.826449337,0.020458945,-0.365547798,0.017531423,0.003450686
12.660000000,-1.451566569,-1.892695607,5.015994152,2.814413651,-1.439334746,-2.267576437,5.034923471,2.818053534,0.012231824,-0.374880830,0.018929320,0.003639883
12.700000000,-1.451152764,-1.888892036,5.017109283,2.803567854,-1.450277515,-2.276163704,5.033217531,2.806862277,0.000875249,-0.387271668,0.016108248,0.003294423
12.730000000,-1.450849629,-1.885965855,5.030964160,2.795051815,-1.458765095,-2.282475179,5.031965829,2.798468922,-0.007915466,-0.396509325,0.001001668,0.003417107
12.760000000,-1.450545418,-1.882961456,5.028957016,2.786546815,-1.467529588,-2.288644927,5.030737685,2.790074869,-0.016984170,-0.405683472,0.001780669,0.003528054
12.800000000,-1.450106974,-1.878857620,5.036365079,2.775246247,-1.479584292,-2.296671909,5.029126726,2.778882346,-0.029477318,-0.417814288,-0.007238353,0.003636099
12.830000000,-1.449766198,-1.875696202,5.031538707,2.767332941,-1.488901229,-2.302540404,5.027924983,2.770486289,-0.039135032,-0.426844203,-0.003613724,0.003153348
12.860000000,-1.449425400,-1.872444840,5.029701279,2.758830441,-1.498492094,-2.308258686,5.026716998,2.762089158,-0.049066694,-0.435813846,-0.002984281,0.003258717
12.900000000,-1.448944509,-1.867970213,5.034268793,2.747049221,-1.511643686,-2.315688085,5.025089576,2.750892516,-0.062699177,-0.447717872,-0.009179216,0.003843295
12.930000000,-1.448556181,-1.864514226,5.017944363,2.738015003,-1.521781360,-2.321117928,5.023859300,2.742495490,-0.073225178,-0.456603702,0.005914937,0.004480486
12.960000000,-1.448154484,-1.860971282,5.015765422,2.729575003,-1.532194584,-2.326410855,5.022619554,2.734098471,-0.084040100,-0.465439573,0.006854132,0.004523468
13.000000000,-1.514333801,-1.964095991,5.017881877,2.717667768,-1.546445591,-2.333294308,5.020956712,2.722902765,-0.032111789,-0.369198317,0.003074836,0.005234997
13.030000000,-1.514630278,-1.961575625,5.013448553,2.709266449,-1.557407965,-2.338332841,5.019717281,2.714505738,-0.042777687,-0.376757215,0.006268729,0.005239290
13.060000000,-1.514908499,-1.958990984,5.011208245,2.701001449,-1.568644821,-2.343253591,5.018500879,2.706110152,-0.053736322,-0.384262607,0.007292635,0.005108704
13.100000000,-1.515241591,-1.955414417,5.007771325,2.689618298,-1.583991046,-2.349654817,5.016910029,2.694918609,-0.068749455,-0.394240400,0.009138704,0.005300312
13.130000000,-1.515468834,-1.952641930,5.009240896,2.680742501,-1.595766200,-2.354323253,5.015740496,2.686526838,-0.080297366,-0.401681323,0.006499600,0.005784337
13.160000000,-1.515681646,-1.949822786,5.007074724,2.672532501,-1.607791085,-2.358835525,5.014602215,2.678135326,-0.092109439,-0.409012739,0.007527491,0.005602824
13.200000000,-1.515905320,-1.945937755,4.998886584,2.661440654,-1.624132212,-2.364608412,5.013129599,2.666943730,-0.108226891,-0.418670657,0.014243015,0.005503076
13.230000000,-1.516031142,-1.942931678,4.991400562,2.652214175,-1.636604769,-2.368735172,5.012054643,2.658547337,-0.120573627,-0.425803494,0.020654081,0.006333162
13.260000000,-1.516133234,-1.939841397,4.988886278,2.643776675,-1.649280631,-2.372641092,5.011013048,2.650147451,-0.133147398,-0.432799694,0.022126770,0.006370776
13.300000000,-1.516224911,-1.935611455,4.989711588,2.633353302,-1.666437113,-2.377542058,5.009681089,2.638943088,-0.150212201,-0.441930603,0.019969502,0.005589786
13.330000000,-1.516256364,-1.932349800,4.999165156,2.624849934,-1.679487148,-2.380985459,5.008732452,2.630539983,-0.163230784,-0.448635659,0.009567296,0.005690049
13.360000000,-1.516252022,-1.929017316,4.997198870,2.616319934,-1.692712944,-2.384197897,5.007837069,2.622139208,-0.176460923,-0.455180582,0.010638199,0.005819274
13.400000000,-1.516188517,-1.924443156,4.992047799,2.605381738,-1.710576299,-2.388178814,5.006710036,2.610938606,-0.194387782,-0.463735658,0.014662237,0.005556868
13.430000000,-1.516094948,-1.920929792,4.997458412,2.596520127,-1.724141604,-2.390944060,5.005904067,2.602537647,-0.208046656,-0.470014267,0.008445656,0.006017521
13.460000000,-1.515968830,-1.917352849,4.995659610,2.588135127,-1.737869170,-2.393498356,5.005134520,2.594139026,-0.221900341,-0.476145507,0.009474910,0.006003900
13.500000000,-1.564552138,-2.099905663,4.991112916,2.577075596,-1.756383375,-2.396636141,5.004158294,2.582944394,-0.191831237,-0.296730478,0.013045378,0.005868798
13.530000000,-1.564868738,-2.098252265,4.988510296,2.568512202,-1.770425290,-2.398796940,5.003458185,2.574549426,-0.205556552,-0.300544676,0.014947889,0.006037224
13.560000000,-1.565142326,-2.096519460,4.986628509,2.560162202,-1.784621403,-2.400774483,5.002802855,2.566153572,-0.219479077,-0.304255023,0.016174346,0.005991371
13.600000000,-1.565477653,-2.094106623,4.979190504,2.549680686,-1.803745130,-2.403165351,5.001992326,2.554962240,-0.238267476,-0.309058728,0.022801822,0.005281555
13.630000000,-1.565676876,-2.092221499,4.982543401,2.541912823,-1.818221567,-2.404756480,5.001429855,2.546567253,-0.252544690,-0.312534981,0.018886454,0.004654430
13.660000000,-1.565839497,-2.090260483,4.980689498,2.533130323,-1.832807752,-2.406111842,5.000921772,2.538166274,-0.266968254,-0.315851358,0.020232274,0.005035951
13.700000000,-1.566014904,-2.087530950,4.983009396,2.522278810,-1.852359907,-2.407558993,5.000320726,2.526960360,-0.286345003,-0.320028043,0.017311331,0.004681549
13.730000000,-1.566116083,-2.085419245,4.970721968,2.513614004,-1.867075111,-2.408350419,4.999919240,2.518558770,-0.300959028,-0.322931174,0.029197272,0.004944766
13.760000000,-1.566162172,-2.083244630,4.968722961,2.505264004,-1.881818409,-2.408826312,4.999560456,2.510159885,-0.315656237,-0.325581682,0.030837496,0.004895882
13.800000000,-1.566172800,-2.080249272,4.976706731,2.494671173,-1.901494962,-2.409022824,4.999140560,2.498948950,-0.335322162,-0.328773552,0.022433829,0.004277777
13.830000000,-1.566129485,-2.077939971,4.973344217,2.485133609,-1.916256777,-2.408839137,4.998878111,2.490529512,-0.350127291,-0.330899166,0.025533893,0.005395903
13.860000000,-1.566043153,-2.075570119,4.971659903,2.476643609,-1.931012787,-2.408330006,4.998668308,2.482115160,-0.364969635,-0.332759888,0.027008405,0.005471551
13.900000000,-1.565856802,-2.072325693,4.970519885,2.463915578,-1.950673193,-2.407229637,4.998448937,2.470910087,-0.384816391,-0.334903943,0.027929052,0.006994509
13.930000000,-1.565667548,-2.069815589,4.971061574,2.455716548,-1.965408196,-2.406096445,4.998330309,2.462506729,-0.399740648,-0.336280856,0.027268736,0.006790181
13.960000000,-1.565424176,-2.067254196,4.969515714,2.447566548,-1.980133826,-2.404667515,4.998257112,2.454096148,-0.414709650,-0.337413319,0.028741398,0.006529600
14.000000000,-1.650723917,-2.174701514,4.978418301,2.436328037,-1.999753402,-2.402389936,4.998221226,2.442884979,-0.349029485,-0.227688423,0.019802924,0.006556942
14.030000000,-1.651301083,-2.173224253,4.976538772,2.427773650,-2.014456425,-2.400417678,4.998238362,2.434486411,-0.363155341,-0.227193426,0.021699590,0.006712761
14.060000000,-1.651803582,-2.171684299,4.975331357,2.419243650,-2.029150604,-2.398196267,4.998300542,2.426096338,-0.377347022,-0.226511968,0.022969185,0.006852688
14.100000000,-1.652377982,-2.169521230,4.968589274,2.408743436,-2.048730741,-2.394910807,4.998431565,2.414908528,-0.396352759,-0.225389577,0.029842291,0.006165092
14.130000000,-1.652736637,-2.167841658,4.962609248,2.399733845,-2.063396818,-2.392200307,4.998562356,2.406512640,-0.410660181,-0.224358649,0.035953108,0.006778795
14.160000000,-1.653049608,-2.166107623,4.961086216,2.391136345,-2.078021616,-2.389232413,4.998731276,2.398116738,-0.424972008,-0.223124790,0.037645060,0.006980393
14.200000000,-1.653379985,-2.163733137,4.964099463,2.380897757,-2.097432990,-2.384913621,4.999012363,2.386923744,-0.444053005,-0.221180484,0.034912900,0.006025987
14.230000000,-1.653566081,-2.161905272,4.958367782,2.372119626,-2.111907541,-2.381392192,4.999267160,2.378524737,-0.458341460,-0.219486920,0.040899378,0.006405111
14.260000000,-1.653702845,-2.160025952,4.956867212,2.363922126,-2.126282195,-2.377580923,4.999563595,2.370114074,-0.472579350,-0.217554971,0.042696383,0.006191947
14.300000000,-1.653815939,-2.157456185,4.962132782,2.353084533,-2.145298510,-2.372114939,5.000011573,2.358892459,-0.491482571,-0.214658754,0.037878791,0.005807926
14.330000000,-1.653834849,-2.155479818,4.980799995,2.345062598,-2.159440967,-2.367733759,5.000391109,2.350483282,-0.505606118,-0.212253941,0.019591113,0.005420684
14.360000000,-1.653790773,-2.153483063,4.980198314,2.336557598,-2.173460985,-2.363080453,5.000812537,2.342081035,-0.519670212,-0.209597389,0.020614223,0.005523437
14.400000000,-1.653629755,-2.150750543,4.979458067,2.325164837,-2.191993460,-2.356528178,5.001418466,2.330872000,-0.538363705,-0.205777635,0.021960400,0.005707163
14.430000000,-1.653442193,-2.148648030,4.975170708,2.318029424,-2.205773735,-2.351366043,5.001887194,2.322460054,-0.552331542,-0.202718013,0.026716487,0.004430631
14.460000000,-1.653185323,-2.146494149,4.974400759,2.309341924,-2.219435852,-2.345973816,5.002359742,2.314054439,-0.566250529,-0.199479667,0.027958983,0.004712516
14.500000000,-1.810764416,-2.241049601,4.982651946,2.298046714,-2.237498486,-2.338499918,5.002994187,2.302858443,-0.426734070,-0.097450316,0.020342241,0.004811728
14.530000000,-1.812115262,-2.239881528,4.975226642,2.289654996,-2.250935355,-2.332693911,5.003478223,2.294461723,-0.438820093,-0.092812383,0.028251582,0.004806727
14.560000000,-1.813415707,-2.238668907,4.974396471,2.281344996,-2.264267226,-2.326702126,5.003980577,2.286061167,-0.450851518,-0.088033219,0.029584106,0.004716171
14.600000000,-1.815069410,-2.236982691,4.976822811,2.269437017,-2.281896340,-2.318476854,5.004667011,2.274867770,-0.466826930,-0.081494163,0.027844200,0.005430753
14.630000000,-1.816248219,-2.235673902,4.974681933,2.260673951,-2.294991240,-2.312124964,5.005195670,2.266476155,-0.478743020,-0.076451061,0.030513736,0.005802204
14.660000000,-1.817368847,-2.234331895,4.973872829,2.252111451,-2.307928616,-2.305571130,5.005742591,2.258075043,-0.490559770,-0.071239235,0.031869761,0.005963592
14.700000000,-1.818799551,-2.232478084,4.976204394,2.240301267,-2.324919998,-2.296535926,5.006490459,2.246857144,-0.506120447,-0.064057842,0.030286064,0.006555877
14.730000000,-1.819821141,-2.231072066,4.970512561,2.232853013,-2.337439613,-2.289524363,5.007061327,2.238439762,-0.517618472,-0.058452296,0.036548766,0.005586749
14.760000000,-1.820782127,-2.229641245,4.969607257,2.224475513,-2.349704337,-2.282266260,5.007681973,2.230027634,-0.528922211,-0.052625015,0.038074716,0.005552122
14.800000000,-1.822000384,-2.227699882,4.971637658,2.212937268,-2.365637138,-2.272213024,5.008541412,2.218795283,-0.543636753,-0.044513142,0.036903754,0.005858015
14.830000000,-1.822891584,-2.226237378,4.967301319,2.203917632,-2.377162965,-2.264320469,5.009185093,2.210330269,-0.554271381,-0.038083091,0.041883774,0.006412637
14.860000000,-1.823777139,-2.224782540,4.966344814,2.195315132,-2.388084782,-2.255959563,5.009815160,2.201820376,-0.564307643,-0.031177023,0.043470346,0.006505244
14.900000000,-1.824959206,-2.222853992,4.965662950,2.183163577,-2.401582349,-2.244025152,5.010572237,2.190435821,-0.576623143,-0.021171159,0.044909286,0.007272244
14.930000000,-1.825848856,-2.221416179,4.969155566,2.174206342,-2.410756981,-2.234393657,5.011025043,2.181844670,-0.584908125,-0.012977478,0.041869477,0.007638328
14.960000000,-1.826745946,-2.219986551,4.968168055,2.165591342,-2.418841734,-2.224004157,5.011306701,2.173168053,-0.592095788,-0.004017606,0.043138645,0.007576711
15.000000000,-2.017992787,-2.196585901,4.984326793,2.153829036,-2.428029985,-2.209083647,5.011409842,2.161542153,-0.410037198,-0.012497746,0.027083049,0.007713117
15.030000000,-2.020912085,-2.194912345,4.989792631,2.145778041,-2.433664901,-2.197076799,5.011265228,2.152849987,-0.412752816,-0.002164453,0.021472597,0.007071946
15.060000000,-2.023800309,-2.193219146,4.989151101,2.137155541,-2.437996730,-2.184251593,5.010873847,2.144166547,-0.414196422,0.008967553,0.021722746,0.007011006
15.100000000,-2.027618798,-2.190924915,4.991719409,2.125177429,-2.441999552,-2.166076977,5.009989244,2.132495996,-0.414380754,0.024847938,0.018269836,0.007318567
15.130000000,-2.030464947,-2.189175079,4.989240833,2.116695054,-2.443657979,-2.151662220,5.009042810,2.123719840,-0.413193032,0.037512859,0.019801977,0.007024786
15.160000000,-2.033285998,-2.187404929,4.988074001,2.108457554,-2.443965562,-2.136497709,5.007825256,2.115060840,-0.410679565,0.050907220,0.019751256,0.006603285
15.200000000,-2.037028259,-2.185053587,4.987372981,2.097222485,-2.442586473,-2.115327024,5.005871070,2.103647968,-0.405558215,0.069726564,0.018498089,0.006425483
15.230000000,-2.039818541,-2.183297246,4.976808150,2.089106644,-2.440229989,-2.098768367,5.004175367,2.095036052,-0.400411448,0.084528879,0.027367217,0.005929408
15.260000000,-2.042588848,-2.181527462,4.974915188,2.080941644,-2.436582041,-2.081577239,5.002267384,2.086353528,-0.393993193,0.099950223,0.027352196,0.005411885
15.300000000,-2.046258301,-2.179162191,4.979345078,2.069238432,-2.430043759,-2.057888999,4.999475966,2.074909145,-0.383785458,0.121273192,0.020130889,0.005670713
15.330000000,-2.049015031,-2.177379031,4.975807995,2.061919512,-2.423921691,-2.039595594,4.997224958,2.066447165,-0.374906660,0.137783437,0.021416963,0.004527653
15.360000000,-2.051771992,-2.175592275,4.973714105,2.053534512,-2.416634185,-2.020826994,4.994838694,2.057963388,-0.364862193,0.154765281,0.021124589,0.004428876
15.400000000,-2.055459542,-2.173211933,4.966819196,2.043086538,-2.405438479,-1.995242868,4.991493084,2.046573518,-0.349978937,0.177969065,0.024673889,0.003486981
15.430000000,-2.058221801,-2.171429700,4.964471287,2.034643534,-2.395977934,-1.975687006,4.988884209,2.038069735,-0.337756134,0.195742694,0.024412922,0.003426201
15.460000000,-2.060996157,-2.169647908,4.961978876,2.026228534,-2.385507819,-1.955821141,4.986206029,2.029664468,-0.324511662,0.213826767,0.024227153,0.003435934
15.500000000,-2.123810116,-2.214055917,4.965222614,2.015645292,-2.370277797,-1.928985931,4.982584571,2.018463561,-0.246467681,0.285069987,0.017361957,0.002818269
15.530000000,-2.127271036,-2.212828045,4.964714609,2.007135278,-2.357951622,-1.908640185,4.979850321,2.010007427,-0.230680587,0.304187859,0.015135712,0.002872149
15.560000000,-2.130760520,-2.211616289,4.962400871,1.998760278,-2.344775112,-1.888127472,4.977110649,2.001563941,-0.214014592,0.323488817,0.014709778,0.002803663
15.600000000,-2.135458645,-2.210027252,4.956106064,1.986837750,-2.326141446,-1.860621063,4.973459399,1.990407087,-0.190682801,0.349406189,0.017353335,0.003569337
15.630000000,-2.139023160,-2.208857754,4.958141061,1.977391665,-2.311412007,-1.839908490,4.970734019,1.982061802,-0.172388847,0.368949263,0.012592958,0.004670137
15.660000000,-2.142619857,-2.207715240,4.955889606,1.968909165,-2.295978218,-1.819148832,4.968041781,1.973660811,-0.153358361,0.388566408,0.012152176,0.004751645
15.700000000,-2.147472311,-2.206229985,4.955573098,1.958687703,-2.274519326,-1.791460665,4.964519967,1.962438195,-0.127047015,0.414769321,0.008946869,0.003750491
15.730000000,-2.151153927,-2.205132335,4.954894642,1.950754978,-2.257799630,-1.770723841,4.961938199,1.954069817,-0.106645702,0.434408494,0.007043558,0.003314839
15.760000000,-2.154871214,-2.204058139,4.952865079,1.942259978,-2.240495691,-1.750049338,4.959421020,1.945735446,-0.085624477,0.454008801,0.006555941,0.003475468
15.800000000,-2.159872004,-2.202666793,4.948357616,1.930412212,-2.216698701,-1.722600022,4.956161369,1.934577308,-0.056826696,0.480066770,0.007803753,0.004165096
15.830000000,-2.163676643,-2.201645036,4.950612657,1.922758541,-2.198338116,-1.702124736,4.953791698,1.926173730,-0.034661473,0.499520300,0.003179041,0.003415189
15.860000000,-2.167526539,-2.200663190,4.948799387,1.914383541,-2.179495648,-1.681793619,4.951506674,1.917794966,-0.011969108,0.518869570,0.002707287,0.003411425
15.900000000,-2.172738004,-2.199381924,4.949278631,1.903528331,-2.153770315,-1.654912131,4.948577918,1.906669227,0.018967689,0.544469793,-0.000700713,0.003140896
15.930000000,-2.176694428,-2.198448358,4.938241127,1.895154949,-2.134051281,-1.634935079,4.946472279,1.898312988,0.042643146,0.563513279,0.008231152,0.003158039
15.960000000,-2.180700312,-2.197523041,4.936408829,1.886867449,-2.113935361,-1.615159040,4.944454118,1.889919301,0.066764951,0.582364001,0.008045289,0.003051852
16.000000000,-2.167271320,-2.024457365,4.932939262,1.875430508,-2.086615194,-1.589090878,4.941882819,1.878735127,0.080656127,0.435366487,0.008943557,0.003304619
16.030000000,-2.171178836,-2.021658858,4.928759600,1.868080612,-2.065768805,-1.569783286,4.940052103,1.870378575,0.105410031,0.451875572,0.011292503,0.002297963
16.060000000,-2.175149181,-2.018872043,4.927018987,1.859485612,-2.044588308,-1.550731101,4.938325287,1.862014932,0.130560873,0.468140943,0.011306301,0.002529320
16.100000000,-2.180560626,-2.015190476,4.925873740,1.848492247,-2.015928865,-1.525685528,4.936157414,1.850806818,0.164631761,0.489504948,0.010283674,0.002314571
16.130000000,-2.184691167,-2.012461847,4.929443169,1.841294671,-1.994132695,-1.507190522,4.934634732,1.842395363,0.190558472,0.505271326,0.005191564,0.001100692
16.160000000,-2.188872929,-2.009750615,4.928102087,1.832807171,-1.972048185,-1.489009729,4.933210946,1.834029886,0.216824744,0.520740886,0.005108859,0.001222715
16.200000000,-2.194525021,-2.006175155,4.943818287,1.823111431,-1.942239839,-1.465197312,4.931431336,1.822903507,0.252285182,0.540977844,-0.012386951,-0.000207923
16.230000000,-2.198847075,-2.003523902,4.934903053,1.814354497,-1.919626652,-1.447657116,4.930182387,1.814522812,0.279220423,0.555866785,-0.004720666,0.000168315
16.260000000,-2.203252266,-2.000896787,4.934005786,1.805886997,-1.896769591,-1.430444277,4.929000138,1.806106281,0.306482675,0.570452510,-0.005005648,0.000219284
16.300000000,-2.209227989,-1.997426346,4.933458989,1.795441887,-1.865979394,-1.407958077,4.927500818,1.794919124,0.343248596,0.589468269,-0.005958171,-0.000522763
16.330000000,-2.213800940,-1.994849185,4.931028930,1.787168896,-1.842659559,-1.391450696,4.926433466,1.786566382,0.371141381,0.603398489,-0.004595464,-0.000602514
16.360000000,-2.218442421,-1.992293126,4.930157161,1.779061396,-1.819125014,-1.375295403,4.925434104,1.778196589,0.399317407,0.616997723,-0.004723057,-0.000864807
16.400000000,-2.224721279,-1.988897527,4.931363479,1.767840903,-1.787473762,-1.354224148,4.924190892,1.766984492,0.437247517,0.634673379,-0.007172587,-0.000856411
16.430000000,-2.229506835,-1.986356904,4.918978853,1.759596098,-1.763537307,-1.338786069,4.923328696,1.758577070,0.465969528,0.647570834,0.004349843,-0.001019029
16.460000000,-2.234363710,-1.983821373,4.917933443,1.751401098,-1.739410134,-1.323726381,4.922529300,1.750208316,0.494953576,0.660094992,0.004595857,-0.001192782
16.500000000,-2.080802764,-1.820220429,4.912248291,1.740000991,-1.707000109,-1.304143850,4.921546332,1.739053915,0.373802655,0.516076579,0.009298041,-0.000947076
16.530000000,-2.084025904,-1.815931567,4.911185149,1.732214590,-1.682521050,-1.289822374,4.920879368,1.730651947,0.401504854,0.526109193,0.009694219,-0.001562643
16.560000000,-2.087314709,-1.811628395,4.910112698,1.723622090,-1.657877629,-1.275873851,4.920282969,1.722230834,0.429437080,0.535754544,0.010170271,-0.001391256
16.600000000,-2.091824633,-1.805865218,4.906847158,1.712984732,-1.624807111,-1.257795296,4.919581511,1.711037419,0.467017522,0.548069922,0.012734353,-0.001947314
16.630000000,-2.095294086,-1.801557853,4.911669255,1.704011719,-1.599849762,-1.244629306,4.919120891,1.702667245,0.495444324,0.556928547,0.007451636,-0.001344474
16.660000000,-2.098814332,-1.797264411,4.910839627,1.695549219,-1.574744517,-1.231847563,4.918721924,1.694281521,0.524069815,0.565416848,0.007882297,-0.001267698
16.700000000,-2.103613098,-1.791529330,4.905091934,1.684901454,-1.541081298,-1.215313953,4.918251781,1.683072107,0.562531799,0.576215376,0.013159847,-0.001829347
16.730000000,-2.107288405,-1.787226548,4.901760429,1.676467266,-1.515696042,-1.203302316,4.917939606,1.674670942,0.591592362,0.583924232,0.016179176,-0.001796324
16.760000000,-2.111026851,-1.782918750,4.900775179,1.667992266,-1.490179372,-1.191683524,4.917663814,1.666294766,0.620847480,0.591235225,0.016888635,-0.001697500
16.800000000,-2.116122800,-1.777180789,4.904080399,1.656677501,-1.455992990,-1.176704015,4.917354900,1.655124261,0.660129810,0.600476774,0.013274501,-0.001553240
16.830000000,-2.120026002,-1.772898127,4.893857793,1.648480840,-1.430237416,-1.165845937,4.917169239,1.646723737,0.689788587,0.607052191,0.023311445,-0.001757103
16.860000000,-2.123990266,-1.768616809,4.892778138,1.639870840,-1.404373607,-1.155367071,4.917022750,1.638318563,0.719616659,0.613249737,0.024244612,-0.001552277
16.900000000,-2.129399770,-1.762924307,4.900964940,1.628221551,-1.369753864,-1.141907542,4.916867586,1.627140888,0.759645906,0.621016765,0.015902646,-0.001080663
16.930000000,-2.133545636,-1.758662749,4.890485260,1.619739910,-1.343694626,-1.132191505,4.916786589,1.618768915,0.789851010,0.626471243,0.026301329,-0.000970995
16.960000000,-2.137773341,-1.754401079,4.889394585,1.611242410,-1.317548729,-1.122841112,4.916736890,1.610379678,0.820224612,0.631559966,0.027342305,-0.000862732
17.000000000,-1.866297153,-1.619543166,4.897693324,1.600804541,-1.282581379,-1.110856796,4.916695295,1.599178294,0.583715775,0.508686370,0.019001971,-0.001626247
17.030000000,-1.867616455,-1.613845200,4.899611527,1.592292354,-1.256281705,-1.102234651,4.916691049,1.590789783,0.611334750,0.511610549,0.017079522,-0.001502571
17.060000000,-1.869013825,-1.608124257,4.898872557,1.583824854,-1.229914501,-1.093975040,4.916713391,1.582416873,0.639099324,0.514149217,0.017840834,-0.001407981
17.100000000,-1.871005280,-1.600486397,4.894640915,1.572315527,-1.194675926,-1.083428817,4.916777755,1.571236893,0.676329354,0.517057580,0.022136840,-0.001078634
17.130000000,-1.872590321,-1.594738620,4.890961035,1.564360157,-1.168188829,-1.075863983,4.916845602,1.562835401,0.704401492,0.518874636,0.025884567,-0.001524756
17.160000000,-1.874249506,-1.588971455,4.890008253,1.555975157,-1.141646255,-1.068648545,4.916938440,1.554445019,0.732603251,0.520322910,0.026930187,-0.001530137
17.200000000,-1.876573247,-1.581262726,4.897121664,1.544988304,-1.106185846,-1.059491302,4.917098106,1.543286284,0.770387402,0.521771424,0.019976442,-0.001702019
17.230000000,-1.878390372,-1.575484655,4.899596617,1.538017151,-1.079540967,-1.052957924,4.917251053,1.534914591,0.798849405,0.522526731,0.017654437,-0.003102560
17.260000000,-1.880277905,-1.569695078,4.899019230,1.529402151,-1.052851552,-1.046745738,4.917426700,1.526520040,0.827426353,0.522949339,0.018407470,-0.002882111
17.300000000,-1.882903640,-1.561957380,4.889431107,1.518695643,-1.017214924,-1.038892118,4.917674206,1.515327093,0.865688716,0.523065262,0.028243100,-0.003368549
17.330000000,-1.884965271,-1.556138326,4.892438300,1.510663386,-0.990455441,-1.033324938,4.917863014,1.506953002,0.894509830,0.522813389,0.025424714,-0.003710384
17.360000000,-1.887105650,-1.550303900,4.891651130,1.502370886,-0.963670109,-1.028068932,4.918065952,1.498584719,0.923435541,0.522234967,0.026414822,-0.003786167
17.400000000,-1.890079241,-1.542509680,4.906814980,1.491330249,-0.927928997,-1.021454672,4.918375836,1.487402334,0.962150244,0.521055008,0.011560857,-0.003927915
17.430000000,-1.892386392,-1.536649670,4.904901496,1.482941783,-0.901107692,-1.016785809,4.918636023,1.479005578,0.991278700,0.519863862,0.013734526,-0.003936205
17.460000000,-1.894767576,-1.530763393,4.904517588,1.474351783,-0.874276896,-1.012410871,4.918910064,1.470625210,1.020490680,0.518352522,0.014392476,-0.003726573
17.500000000,-1.576113086,-1.436670913,4.902843611,1.463284727,-0.838496134,-1.006956599,4.919265657,1.459468806,0.737616952,0.429714314,0.016422045,-0.003815921
17.530000000,-1.575096194,-1.429784273,4.906387668,1.454792542,-0.811658797,-1.003133864,4.919526861,1.451091556,0.763437398,0.426650409,0.013139193,-0.003700986
17.560000000,-1.574167327,-1.422875455,4.905981793,1.446247542,-0.784823743,-0.999568265,4.919793917,1.442697821,0.789343584,0.423307190,0.013812124,-0.003549721
17.600000000,-1.573019174,-1.413615614,4.908681130,1.434983940,-0.749052969,-0.995159653,4.920185261,1.431515973,0.823966205,0.418455961,0.011504131,-0.003467967
17.630000000,-1.572252797,-1.406654121,4.905450413,1.426305874,-0.722234593,-0.992109583,4.920501544,1.423145849,0.850018204,0.414544538,0.015051132,-0.003160024
17.660000000,-1.571556769,-1.399669094,4.904957480,1.417905874,-0.695426351,-0.989300480,4.920837026,1.414773597,0.876130418,0.410368613,0.015879546,-0.003132277
17.700000000,-1.570736170,-1.390304388,4.902872694,1.406585870,-0.659695986,-0.985856871,4.921299861,1.403590394,0.911040184,0.404447517,0.018427168,-0.002995476
17.730000000,-1.570194424,-1.383243572,4.903900379,1.398167877,-0.632911173,-0.983498157,4.921660456,1.395199367,0.937283251,0.399745415,0.017760077,-0.002968510
17.760000000,-1.569705682,-1.376145949,4.903346035,1.389627877,-0.606143396,-0.981362661,4.922036637,1.386823658,0.963562286,0.394783289,0.018690602,-0.002804219
17.800000000,-1.569157217,-1.366644825,4.899889860,1.377628415,-0.570479142,-0.978795840,4.922559917,1.375664381,0.998678075,0.387848985,0.022670057,-0.001964034
17.830000000,-1.568814396,-1.359492582,4.896776894,1.369216498,-0.543752010,-0.977065729,4.922969238,1.367283662,1.025062386,0.382426854,0.026192344,-0.001932835
17.860000000,-1.568533747,-1.352303492,4.895997599,1.360803998,-0.517049205,-0.975522632,4.923394260,1.358894477,1.051484541,0.376780859,0.027396661,-0.001909521
17.900000000,-1.568266055,-1.342657236,4.903991264,1.350659164,-0.481483811,-0.973714547,4.923989042,1.347722795,1.086782244,0.368942689,0.019997778,-0.002936369
17.930000000,-1.568140718,-1.335388968,4.902845210,1.341827095,-0.454840670,-0.972538312,4.924456298,1.339355148,1.113300047,0.362850657,0.021611088,-0.002471946
17.960000000,-1.568077811,-1.328094421,4.902286306,1.333192095,-0.428228414,-0.971524303,4.924940196,1.330980322,1.139849397,0.356570118,0.022653890,-0.002211772
18.000000000,-1.162377635,-1.239437909,4.914955103,1.321928066,-0.392787813,-0.970373171,4.925587906,1.319798763,0.769589823,0.269064738,0.010632803,-0.002129303
18.030000000,-1.158008886,-1.231198408,4.910785833,1.314524345,-0.366241937,-0.969659756,4.926077291,1.311414637,0.791766949,0.261538652,0.015291458,-0.003109708
18.060000000,-1.153710997,-1.222940438,4.910411720,1.305919345,-0.339732971,-0.969092815,4.926568665,1.303042663,0.813978026,0.253847623,0.016156945,-0.002876682
18.100000000,-1.148077018,-1.211898133,4.908439662,1.294242495,-0.304435003,-0.968512860,4.927231963,1.291879003,0.843642015,0.243385273,0.018792301,-0.002363492
18.130000000,-1.143916451,-1.203577136,4.898795508,1.285320748,-0.277994975,-0.968198104,4.927737969,1.283495137,0.865921476,0.235379032,0.028942461,-0.001825611
18.160000000,-1.139821707,-1.195217615,4.898001836,1.277085748,-0.251588061,-0.968001239,4.928255812,1.275110709,0.888233646,0.227216376,0.030253976,-0.001975039
18.200000000,-1.134455378,-1.184017050,4.896016388,1.266615193,-0.216423289,-0.967895583,4.928965594,1.263947287,0.918032089,0.216121466,0.032949205,-0.002667906
18.230000000,-1.130496400,-1.175578329,4.894176854,1.258942887,-0.190081264,-0.967924220,4.929520267,1.255579846,0.940415137,0.207654110,0.035343412,-0.003363041
18.260000000,-1.126600877,-1.167109020,4.893260838,1.250387887,-0.163768142,-0.968044893,4.930097856,1.247201178,0.962832735,0.199064127,0.036837018,-0.003186708
18.300000000,-1.121510602,-1.155763175,4.902409066,1.239646548,-0.128723968,-0.968320702,4.930888278,1.236020089,0.992786634,0.187442473,0.028479212,-0.003626459
18.330000000,-1.117750741,-1.147217289,4.899706657,1.231857690,-0.102473721,-0.968614256,4.931498394,1.227640732,1.015277020,0.178603033,0.031791737,-0.004216958
18.360000000,-1.114055593,-1.138635385,4.898985193,1.223317690,-0.076256773,-0.968987575,4.932115094,1.219269502,1.037798819,0.169647811,0.033129901,-0.004048188
18.400000000,-1.109236636,-1.127133276,4.892657959,1.211602333,-0.041340655,-0.969570900,4.932937535,1.208099796,1.067895981,0.157562375,0.040279575,-0.003502537
18.430000000,-1.105694554,-1.118479037,4.887467997,1.202947407,-0.015181812,-0.970064119,4.933551741,1.199712167,1.090512742,0.148414918,0.046083744,-0.003235240
18.460000000,-1.102203338,-1.109810912,4.886303466,1.194494907,0.010947383,-0.970613784,4.934174949,1.191328514,1.113150722,0.139197128,0.047871482,-0.003166393
18.500000000,-0.728367419,-1.116393330,4.905337566,1.183252103,0.045746767,-0.971418666,4.935029223,1.180164371,0.774114186,0.144974664,0.029691656,-0.003087732
18.530000000,-0.720928636,-1.107848121,4.909595733,1.175114768,0.071820127,-0.972064803,4.935695526,1.171791132,0.792748763,0.135783317,0.026099793,-0.003323636
18.560000000,-0.713545637,-1.099265087,4.909151018,1.166457268,0.097870941,-0.972740925,4.936376423,1.163407983,0.811416578,0.126524162,0.027225405,-0.003049285
18.600000000,-0.703794481,-1.087765672,4.923146347,1.155620964,0.132572158,-0.973679981,4.937280050,1.152228231,0.836366639,0.114085691,0.014133703,-0.003392733
18.630000000,-0.696550790,-1.079101663,4.915050203,1.147238243,0.158568408,-0.974410677,4.937946063,1.143851338,0.855119197,0.104690986,0.022895860,-0.003386905
18.660000000,-0.689369869,-1.070416877,4.914673652,1.138750743,0.184532075,-0.975154780,4.938596528,1.135478525,0.873901944,0.095262097,0.023922875,-0.003272218
18.700000000,-0.679878363,-1.058805644,4.906382017,1.126826097,0.219106286,-0.976143739,4.939444154,1.124304952,0.898984649,0.082661904,0.033062138,-0.002521145
18.730000000,-0.672826279,-1.050053176,4.901010563,1.118098009,0.245002359,-0.976879270,4.940071519,1.115921014,0.917828638,0.073173907,0.039060956,-0.002176995
18.760000000,-0.665839036,-1.041274534,4.900094369,1.109530509,0.270862767,-0.977611624,4.940706968,1.107543888,0.936701803,0.063662910,0.040612599,-0.001986621
18.800000000,-0.656633177,-1.029534244,4.892861639,1.097864297,0.305303437,-0.978577734,4.941579668,1.096379468,0.961936613,0.050956509,0.048718029,-0.001484830
18.830000000,-0.649804920,-1.020701790,4.898238815,1.090413039,0.331112760,-0.979284730,4.942261725,1.088000976,0.980917680,0.041417060,0.044022910,-0.002412063
18.860000000,-0.643030007,-1.011840240,4.897257627,1.082128039,0.356907558,-0.979970104,4.942967697,1.079614985,0.999937565,0.031870136,0.045710070,-0.002513054
18.900000000,-0.634059701,-0.999986063,4.905091381,1.070376766,0.391282793,-0.980862616,4.943939037,1.068437792,1.025342494,0.019123447,0.038847656,-0.001938974
18.930000000,-0.627393883,-0.991061780,4.908780582,1.062187501,0.417053323,-0.981516556,4.944680335,1.060063065,1.044447206,0.009545224,0.035899753,-0.002124436
18.960000000,-0.620801386,-0.982122210,4.908181673,1.053595001,0.442821081,-0.982145747,4.945426531,1.051685511,1.063622467,-0.000023536,0.037244858,-0.001909490
19.000000000,-0.240942158,-1.032591594,4.924241644,1.043009281,0.477183487,-0.982942366,4.946410188,1.040501707,0.718125644,0.049649229,0.022168545,-0.002507574
19.030000000,-0.230378529,-1.024274517,4.930922263,1.034721528,0.502959891,-0.983511075,4.947135232,1.032111891,0.733338419,0.040763441,0.016212970,-0.002609637
19.060000000,-0.219884369,-1.015934867,4.930925173,1.026356528,0.528740730,-0.984055650,4.947848308,1.023732477,0.748625099,0.031879217,0.016923135,-0.002624051
19.100000000,-0.205973643,-1.004800804,4.935788052,1.014639979,0.563125734,-0.984737597,4.948780244,1.012562492,0.769099377,0.020063206,0.012992192,-0.002077487
19.130000000,-0.195595843,-0.996433966,4.936732917,1.005781506,0.588922795,-0.985200927,4.949459466,1.004175416,0.784518638,0.011233039,0.012726549,-0.001606090
19.160000000,-0.185277497,-0.988050277,4.936753585,0.997474006,0.614718521,-0.985605622,4.950117080,0.995778109,0.799996018,0.002444654,0.013363495,-0.001695897
19.200000000,-0.171584837,-0.976844098,4.939370151,0.985863286,0.649091719,-0.986064283,4.950976436,0.984587094,0.820676557,-0.009220185,0.011606285,-0.001276193
19.230000000,-0.161368539,-0.968410535,4.940592167,0.977978704,0.674850874,-0.986342126,4.951606872,0.976198372,0.836219413,-0.017931591,0.011014706,-0.001780333
19.260000000,-0.151202707,-0.959972311,4.940577778,0.969628704,0.700594833,-0.986541805,4.952229019,0.967807508,0.851797540,-0.026569494,0.011651241,-0.001821196
19.300000000,-0.137706384,-0.948718549,4.930001878,0.958071380,0.734908497,-0.986699153,4.953043790,0.956617011,0.872614881,-0.037980604,0.023041912,-0.001454369
19.330000000,-0.127651309,-0.940273698,4.937571732,0.950042286,0.760636375,-0.986742702,4.953645656,0.948225958,0.888287684,-0.046469004,0.016073923,-0.001816328
19.360000000,-0.117650236,-0.931814590,4.937327176,0.941549786,0.786360826,-0.986718931,4.954244936,0.939840461,0.904011063,-0.054904342,0.016917759,-0.001709325
19.400000000,-0.104402625,-0.920520036,4.941542076,0.930224752,0.820671352,-0.986592255,4.955055269,0.928660447,0.925073976,-0.066072219,0.013513193,-0.001564304
19.430000000,-0.094531497,-0.912039352,4.947205608,0.920367980,0.846422344,-0.986422261,4.955663584,0.920269071,0.940953841,-0.074382909,0.008457976,-0.000098909
19.460000000,-0.084689867,-0.903542581,4.947177249,0.911755480,0.872194547,-0.986183147,4.956263355,0.911875145,0.956884414,-0.082640566,0.009086106,0.000119666
19.500000000,0.167137763,-0.958407379,4.949702553,0.901179634,0.906585676,-0.985784398,4.957043357,0.900692192,0.739447913,-0.027377019,0.007340804,-0.000487442
19.530000000,0.179519357,-0.950583954,4.957313513,0.893863812,0.932405749,-0.985425065,4.957606408,0.892309341,0.752886392,-0.034841110,0.000292895,-0.001554471
19.560000000,0.191847608,-0.942755559,4.957447173,0.885706312,0.958263239,-0.984999367,4.958152964,0.883915552,0.766415630,-0.042243809,0.000705791,-0.001790760
19.600000000,0.208211597,-0.932316200,4.948637714,0.874555978,0.992790858,-0.984342483,4.958860093,0.872712701,0.784579261,-0.052026283,0.010222379,-0.001843276
19.630000000,0.220422390,-0.924471557,4.938976722,0.864905514,1.018715549,-0.983784036,4.959370791,0.864311637,0.798293159,-0.059312479,0.020394069,-0.000593877
19.660000000,0.232585225,-0.916621936,4.938379161,0.856425514,1.044659163,-0.983151983,4.959868509,0.855920569,0.812073939,-0.066530047,0.021489347,-0.000504945
19.700000000,0.248701856,-0.906167771,4.943231033,0.845731715,1.079273171,-0.982190660,4.960537980,0.844734462,0.830571315,-0.076022890,0.017306946,-0.000997253
19.730000000,0.260727092,-0.898329456,4.943526377,0.837455540,1.105249898,-0.981374866,4.961052127,0.836345282,0.844522807,-0.083045410,0.017525750,-0.001110257
19.760000000,0.272698982,-0.890482462,4.943062287,0.829045540,1.131239638,-0.980470959,4.961575922,0.827960265,0.858540656,-0.089988498,0.018513635,-0.001085274
19.800000000,0.288597201,-0.879998458,4.935515901,0.818163666,1.165913030,-0.979159599,4.962266535,0.816784000,0.877315829,-0.099161141,0.026750634,-0.001379666
19.830000000,0.300462211,-0.872120451,4.944174859,0.809446306,1.191943479,-0.978097261,4.962776830,0.808400989,0.891481268,-0.105976810,0.018601971,-0.001045317
19.860000000,0.312286786,-0.864231649,4.943676928,0.800928806,1.218011781,-0.976956927,4.963283845,0.800011091,0.905724995,-0.112725278,0.019606917,-0.000917716
19.900000000,0.327990901,-0.853728476,4.944454294,0.789674424,1.252823840,-0.975345501,4.963963809,0.788819796,0.924832938,-0.121617025,0.019509515,-0.000854628
19.930000000,0.339706215,-0.845843807,4.943829660,0.781456253,1.278972787,-0.974078717,4.964470866,0.780430878,0.939266572,-0.128234910,0.020641206,-0.001025375
19.960000000,0.351358772,-0.837957028,4.943248636,0.773093753,1.305167506,-0.972757234,4.964969240,0.772045186,0.953808734,-0.134800206,0.021720604,-0.001048567
20.000000000,0.691859724,-0.888241214,4.943905448,0.761542127,1.340168293,-0.970919889,4.965623373,0.760855352,0.648308569,-0.082678675,0.021717925,-0.000686776
20.030000000,0.706960831,-0.881019599,4.931034779,0.753269429,1.366477105,-0.969488820,4.966103125,0.752456705,0.659516274,-0.088469221,0.035068346,-0.000812724
20.060000000,0.722001011,-0.873783196,4.929982572,0.744766929,1.392840058,-0.968014442,4.966581196,0.744067504,0.670839047,-0.094231246,0.036598624,-0.000699424
20.100000000,0.741980655,-0.864135142,4.926114981,0.733515139,1.428060618,-0.965992265,4.967225308,0.732889353,0.686079963,-0.101857123,0.041110327,-0.000625786
20.130000000,0.756903367,-0.856911844,4.937818405,0.725085705,1.454529351,-0.964422902,4.967728868,0.724503296,0.697625984,-0.107511058,0.029910463,-0.000582409
20.160000000,0.771768511,-0.849691844,4.937023512,0.716673205,1.481044666,-0.962787969,4.968251465,0.716109042,0.709276155,-0.113096125,0.031227953,-0.000564163
20.200000000,0.791521333,-0.840074059,4.932162880,0.705439251,1.516437865,-0.960513545,4.968965880,0.704917823,0.724916532,-0.120439486,0.036803000,-0.000521428
20.230000000,0.806304380,-0.832880097,4.936346966,0.696773081,1.543000764,-0.958732722,4.969501798,0.696527892,0.736696384,-0.125852625,0.033154832,-0.000245189
20.260000000,0.821035950,-0.825696346,4.935545037,0.688183081,1.569580901,-0.956867344,4.970041432,0.688137569,0.748544951,-0.131170998,0.034496394,-0.000045511
20.300000000,0.840573355,-0.816164851,4.935501382,0.677142219,1.605048565,-0.954259160,4.970773697,0.676950963,0.764475211,-0.138094310,0.035272314,-0.000191256
20.330000000,0.855167057,-0.809034378,4.936475065,0.668514042,1.631666509,-0.952215980,4.971329740,0.668562084,0.776499452,-0.143181602,0.034854674,0.000048042
20.360000000,0.869714017,-0.801918980,4.935672663,0.660176542,1.658296164,-0.950094463,4.971892375,0.660174385,0.788582147,-0.148175483,0.036219712,-0.000002157
20.400000000,0.889026813,-0.792441525,4.927835311,0.649814033,1.693824412,-0.947164623,4.972649447,0.648990761,0.804797599,-0.154723098,0.044814135,-0.000823272
20.430000000,0.903447474,-0.785331299,4.937006229,0.641765608,1.720495916,-0.944890356,4.973222579,0.640602248,0.817048442,-0.159559057,0.036216350,-0.001163360
20.460000000,0.917826391,-0.778242964,4.936213018,0.632960608,1.747195492,-0.942544352,4.973802339,0.632212315,0.829369101,-0.164301388,0.037589321,-0.000748293
20.500000000,1.263168976,-0.927229089,4.942248190,0.620924837,1.782825969,-0.939335504,4.974595357,0.621026398,0.519656993,-0.012106415,0.032347167,0.000101561
20.530000000,1.281051496,-0.921949504,4.941770453,0.612759697,1.809572830,-0.936874091,4.975195342,0.612638246,0.528521334,-0.014924587,0.033424889,-0.000121450
20.560000000,1.298883806,-0.916693713,4.941123872,0.604219697,1.836352994,-0.934358286,4.975809516,0.604237795,0.537469188,-0.017664572,0.034685644,0.000018099
20.600000000,1.322584589,-0.909727088,4.933058915,0.592151206,1.872101964,-0.930924222,4.976641925,0.593021311,0.549517375,-0.021197134,0.043583010,0.000870106
20.630000000,1.340312542,-0.904548339,4.933408616,0.583641426,1.898925534,-0.928276074,4.977274909,0.584601549,0.558612992,-0.023727735,0.043866293,0.000960123
20.660000000,1.357989237,-0.899393644,4.932470042,0.575163926,1.925731935,-0.925526224,4.977930814,0.576184465,0.567742698,-0.026132580,0.045460772,0.001020539
20.700000000,1.381478866,-0.892573682,4.937244487,0.563907625,1.961428590,-0.921674924,4.978846240,0.564975918,0.579949724,-0.029101242,0.041601752,0.001068293
20.730000000,1.399038697,-0.887486693,4.933321535,0.555312855,1.988160664,-0.918625449,4.979557679,0.556592020,0.589121967,-0.031138756,0.046236143,0.001279165
20.760000000,1.416543211,-0.882424420,4.932410055,0.546897855,2.014843585,-0.915409395,4.980286854,0.548224828,0.598300374,-0.032984975,0.047876799,0.001326973
20.800000000,1.439804468,-0.875692828,4.933196140,0.535331940,2.050348012,-0.910910957,4.981277954,0.537052990,0.610543544,-0.035218129,0.048081814,0.001721050
20.830000000,1.457185041,-0.870647457,4.942446330,0.527522294,2.076928080,-0.907386772,4.982036340,0.528662402,0.619743039,-0.036739315,0.039590010,0.001140108
20.860000000,1.474498644,-0.865615445,4.941860651,0.518892294,2.103474876,-0.903719195,4.982812674,0.520278276,0.628976232,-0.038103750,0.040952023,0.001385983
20.900000000,1.497510091,-0.858948688,4.941564670,0.507473122,2.138834626,-0.898653855,4.983862259,0.509106865,0.641324535,-0.039705167,0.042297589,0.001633743
20.930000000,1.514711124,-0.853981741,4.941425706,0.499328013,2.165324689,-0.894736817,4.984654207,0.500720391,0.650613564,-0.040755077,0.043228501,0.001392378
20.960000000,1.531857994,-0.849053277,4.940819404,0.490775513,2.191786639,-0.890713221,4.985446789,0.492324260,0.659928646,-0.041659943,0.044627385,0.001548747
21.000000000,1.808822188,-0.871460539,4.953694505,0.478687218,2.227047613,-0.885212660,4.986514196,0.481133684,0.418225425,-0.013752121,0.032819691,0.002446466
21.030000000,1.828664942,-0.866925339,4.949284859,0.469911969,2.253484283,-0.880990611,4.987319504,0.472748294,0.424819341,-0.014065273,0.038034646,0.002836325
21.060000000,1.848469020,-0.862408994,4.948890941,0.461319469,2.279909057,-0.876683373,4.988128348,0.464366264,0.431440037,-0.014274379,0.039237407,0.003046795
21.100000000,1.874767170,-0.856441596,4.951386176,0.449650102,2.315119189,-0.870836085,4.989205570,0.453179842,0.440352019,-0.014394489,0.037819393,0.003529740
21.130000000,1.894413791,-0.852009035,4.948251747,0.442757838,2.341510530,-0.866366967,4.990019044,0.444788402,0.447096739,-0.014357932,0.041767296,0.002030564
21.160000000,1.914005871,-0.847593858,4.947773781,0.434145338,2.367886462,-0.861800982,4.990839108,0.436401301,0.453880591,-0.014207124,0.043065328,0.002255963
21.200000000,1.940056305,-0.841752536,4.948711951,0.422239083,2.403018637,-0.855567516,4.991935607,0.425220715,0.462962332,-0.013814981,0.043223655,0.002981632
21.230000000,1.959555480,-0.837411607,4.941829200,0.414282962,2.429326007,-0.850772371,4.992765006,0.416825598,0.469770527,-0.013360763,0.050935805,0.002542636
21.260000000,1.979012773,-0.833116982,4.941073438,0.405860462,2.455583467,-0.845840493,4.993602825,0.408422009,0.476570694,-0.012723511,0.052529386,0.002561547
21.300000000,2.004864329,-0.827480413,4.949794654,0.395297022,2.490528621,-0.839059203,4.994737066,0.397234847,0.485664291,-0.011578790,0.044942412,0.001937824
21.330000000,2.024195552,-0.823314783,4.943270925,0.387180421,2.516685411,-0.833810146,4.995602677,0.388862012,0.492489858,-0.010495364,0.052331752,0.001681591
21.360000000,2.043487792,-0.819193185,4.942562826,0.378610421,2.542778915,-0.828395499,4.996483976,0.380483526,0.499291122,-0.009202314,0.053921149,0.001873105
21.400000000,2.069126611,-0.813786742,4.950175453,0.366431143,2.577480412,-0.820954412,4.997669680,0.369288968,0.508353801,-0.007167670,0.047494227,0.002857825
21.430000000,2.088295267,-0.809788849,4.953097133,0.357627473,2.603445407,-0.815205357,4.998573753,0.360896266,0.515150140,-0.005416508,0.045476620,0.003268793
21.460000000,2.107412043,-0.805847548,4.952699825,0.349307473,2.629355141,-0.809288979,4.999488910,0.352523249,0.521943098,-0.003441431,0.046789085,0.003215776
21.500000000,2.324375712,-0.824171011,4.958666971,0.337782225,2.663820953,-0.801186637,5.000718746,0.341357624,0.339445242,0.022984374,0.042051775,0.003575400
21.530000000,2.345476211,-0.820588249,4.963959959,0.329407952,2.689605353,-0.794955979,5.001643923,0.332963644,0.344129142,0.025632270,0.037683965,0.003555693
21.560000000,2.366523668,-0.817075788,4.963835272,0.320700452,2.715330378,-0.788575048,5.002577217,0.324557230,0.348806710,0.028500740,0.038741945,0.003856778
21.600000000,2.394496828,-0.812476859,4.976398834,0.309842759,2.749559803,-0.779864757,5.003835760,0.313368142,0.355062976,0.032612102,0.027436926,0.003525383
21.630000000,2.415424203,-0.809091742,4.979272677,0.301680676,2.775172165,-0.773175433,5.004784180,0.304982211,0.359747962,0.035916310,0.025511503,0.003301535
21.660000000,2.436297422,-0.805761265,4.979551259,0.293275676,2.800709915,-0.766319526,5.005727411,0.296578653,0.364412493,0.039441740,0.026176152,0.003302977
21.700000000,2.464066202,-0.801402618,4.990313305,0.281631235,2.834654795,-0.756935008,5.006959650,0.285359922,0.370588593,0.044467610,0.016646345,0.003728686
21.730000000,2.484839366,-0.798192614,4.987927198,0.273493033,2.860037829,-0.749699094,5.007862226,0.276965790,0.375198463,0.048493520,0.019935028,0.003472757
21.760000000,2.505557626,-0.795018078,4.988269542,0.265035533,2.885342768,-0.742254249,5.008729166,0.268601889,0.379785143,0.052763829,0.020459624,0.003566356
21.800000000,2.533125373,-0.790858404,4.996819541,0.254448243,2.918961709,-0.732044384,5.009831856,0.257438746,0.385836336,0.058814020,0.013012315,0.002990503
21.830000000,2.553749258,-0.787784625,5.001477730,0.245739108,2.944078651,-0.724173391,5.010618932,0.249038692,0.390329393,0.063611234,0.009141202,0.003299584
21.860000000,2.574331749,-0.784765641,5.002001218,0.237099108,2.969103286,-0.716087934,5.011367152,0.240643313,0.394771537,0.068677707,0.009365934,0.003544206
21.900000000,2.601693437,-0.780835885,5.011037631,0.225523659,3.002351087,-0.705025668,5.012300775,0.229493882,0.400657650,0.075810217,0.001263144,0.003970223
21.930000000,2.622158364,-0.777939149,5.032907936,0.217701987,3.027189847,-0.696524967,5.012950983,0.221137344,0.405031483,0.081414181,-0.019956954,0.003435357
21.960000000,2.642576011,-0.775097215,5.034118867,0.209576987,3.051920154,-0.687830970,5.013546451,0.212750358,0.409344143,0.087266245,-0.020572416,0.003173372
22.000000000,2.753636317,-0.797781389,5.022996100,0.197985874,3.084751732,-0.675993863,5.014253839,0.201557609,0.331115416,0.121787526,-0.008742261,0.003571736
22.030000000,2.774862367,-0.795371196,5.025386325,0.189403925,3.109273859,-0.666940541,5.014701892,0.193186304,0.334411492,0.128430655,-0.010684433,0.003782379
22.060000000,2.796016684,-0.793036481,5.025930838,0.180838925,3.133688848,-0.657724232,5.015064671,0.184837190,0.337672165,0.135312249,-0.010866168,0.003998265
22.100000000,2.824123042,-0.790011556,5.022956474,0.169123554,3.166076163,-0.645235055,5.015456156,0.173687577,0.341953122,0.144776501,-0.007500318,0.004564023
22.130000000,2.845146822,-0.787814004,5.037805427,0.161161934,3.190230661,-0.635724065,5.015682906,0.165303898,0.345083839,0.152089939,-0.022122522,0.004141964
22.160000000,2.866106665,-0.785693044,5.038362357,0.152284434,3.214245598,-0.626070989,5.015858006,0.156920436,0.348138934,0.159622055,-0.022504350,0.004636002
22.200000000,2.893967721,-0.782965553,5.041965134,0.140698223,3.246066340,-0.613000975,5.016020780,0.145776611,0.352098618,0.169964578,-0.025944354,0.005078388
22.230000000,2.914807555,-0.781006636,5.051022884,0.132636383,3.269760113,-0.603031065,5.016081017,0.137420787,0.354952558,0.177975571,-0.034941867,0.004784404
22.260000000,2.935610218,-0.779135206,5.051677501,0.124161383,3.293255490,-0.592861967,5.016072957,0.129042885,0.357645272,0.186273240,-0.035604543,0.004881502
22.300000000,2.963284752,-0.776789652,5.047328175,0.113423282,3.324303185,-0.578990611,5.015965837,0.117885696,0.361018433,0.197799041,-0.031362338,0.004462414
22.330000000,2.983986253,-0.775137151,5.052028849,0.104063412,3.347373204,-0.568328070,5.015803709,0.109568551,0.363386951,0.206809081,-0.036225140,0.005505139
22.360000000,3.004647111,-0.773573201,5.052353900,0.095260912,3.370209066,-0.557389514,5.015557630,0.101281289,0.365561955,0.216183687,-0.036796270,0.006020377
22.400000000,3.032125915,-0.771616293,5.052422363,0.083814298,3.400313643,-0.542430502,5.015127802,0.090182664,0.368187728,0.229185791,-0.037294561,0.006368366
22.430000000,3.052706004,-0.770233823,5.058716223,0.075603393,3.422625085,-0.530933392,5.014728269,0.081823947,0.369919080,0.239300431,-0.043987954,0.006220554
22.460000000,3.073244765,-0.768930751,5.058938972,0.067050893,3.444667657,-0.519167317,5.014258357,0.073493768,0.371422892,0.249763434,-0.044680615,0.006442876
22.500000000,3.176107962,-0.753217365,5.032779996,0.055931610,3.473684370,-0.503140387,5.013537795,0.062428511,0.297576408,0.250076978,-0.019242201,0.006496900
22.530000000,3.197407497,-0.751954090,5.030338590,0.046773009,3.495147392,-0.490881576,5.012930100,0.054105444,0.297739895,0.261072515,-0.017408490,0.007332435
22.560000000,3.218675238,-0.750767914,5.029422835,0.038045509,3.516294188,-0.478402955,5.012275739,0.045747562,0.297618950,0.272364959,-0.017147096,0.007702053
22.600000000,3.246958883,-0.749316280,5.027513365,0.027897307,3.544060596,-0.461498452,5.011382555,0.034626590,0.297101713,0.287817828,-0.016130810,0.006729283
22.630000000,3.268123392,-0.748319589,5.021549663,0.020979222,3.564552953,-0.448640248,5.010704375,0.026311520,0.296429561,0.299679341,-0.010845288,0.005332298
22.660000000,3.289254618,-0.747402133,5.020340974,0.012366722,3.584687801,-0.435627385,5.010028973,0.017979171,0.295433182,0.311774748,-0.010312002,0.005612449
22.700000000,3.317384407,-0.746327419,5.030445260,0.000870433,3.611030219,-0.418104768,5.009137596,0.006826946,0.293645812,0.328222651,-0.021307664,0.005956512
22.730000000,3.338443385,-0.745612033,5.016398688,-0.008024410,3.630402879,-0.404854796,5.008487093,-0.001541217,0.291959494,0.340757236,-0.007911596,0.006483193
22.760000000,3.359466047,-0.744981425,5.015057736,-0.016616910,3.649384020,-0.391520494,5.007851634,-0.009894245,0.289917974,0.353460931,-0.007206101,0.006722665
22.800000000,3.387443897,-0.744300210,5.021279450,-0.027706652,3.674140217,-0.373658361,5.007022029,-0.021037411,0.286696321,0.370641849,-0.014257421,0.006669241
22.830000000,3.408404294,-0.743909729,5.029034318,-0.036065768,3.692270899,-0.360216785,5.006425567,-0.029412534,0.283866605,0.383692943,-0.022608751,0.006653234
22.860000000,3.429338693,-0.743613632,5.028185588,-0.044438268,3.709953143,-0.346749104,5.005859584,-0.037793144,0.280614451,0.396864528,-0.022326004,0.006645124
22.900000000,3.457203892,-0.743366945,5.024468116,-0.054765545,3.732924609,-0.328780659,5.005140823,-0.048961921,0.275720718,0.414586287,-0.019327293,0.005803624
22.930000000,3.478074811,-0.743283349,5.015535154,-0.063433179,3.749684330,-0.315309110,5.004617690,-0.057340275,0.271609519,0.427974239,-0.010917464,0.006092904
22.960000000,3.498914230,-0.743295731,5.014339524,-0.071958179,3.765947797,-0.301855965,5.004110780,-0.065724572,0.267033567,0.441439766,-0.010228744,0.006233607
23.000000000,3.577414213,-0.604564605,5.017588455,-0.083223858,3.786949464,-0.283959679,5.003458024,-0.076904929,0.209535251,0.320604926,-0.014130431,0.006318928
23.030000000,3.598767359,-0.603233273,5.015913778,-0.091044128,3.802184069,-0.270578679,5.002997662,-0.085293673,0.203416710,0.332654593,-0.012916117,0.005750455
23.060000000,3.620098537,-0.601998108,5.014827539,-0.099564128,3.816889772,-0.257249582,5.002572133,-0.093697073,0.196791234,0.344748526,-0.012255406,0.005867056
23.100000000,3.648513939,-0.600484751,5.014472309,-0.111209946,3.835758321,-0.239570098,5.002046358,-0.104904302,0.187244382,0.360914653,-0.012425950,0.006305644
23.130000000,3.669790508,-0.599456950,3.189401657,-0.118959392,3.849336998,-0.226408560,5.001677290,-0.113306881,0.179546490,0.373048389,1.812275633,0.005652510
23.160000000,3.691051608,-0.598521743,3.131456411,-0.127331892,3.862332802,-0.213390631,5.001342769,-0.121731844,0.171281193,0.385131112,1.869886358,0.005600047
23.200000000,3.719418511,-0.597430777,2.808486866,-0.137832686,3.878851404,-0.196279952,5.001147930,-0.133001791,0.159432894,0.401150826,2.192661064,0.004830895
23.230000000,3.740691063,-0.596715634,2.687052148,-0.146053281,3.890580784,-0.183664703,5.001690375,-0.141395914,0.149889720,0.413050931,2.314638227,0.004657367
23.260000000,3.761950335,-0.596075826,2.619894699,-0.154580781,3.901633747,-0.171327136,5.003131523,-0.149733002,0.139683412,0.424748690,2.383236823,0.004847779
23.300000000,3.790275939,-0.595340955,2.526447465,-0.165533608,3.915489263,-0.155359557,5.006229054,-0.160988121,0.125213324,0.439981398,2.479781590,0.004545486
23.330000000,3.811523483,-0.594895892,2.485911890,-0.172715676,3.925208577,-0.143810037,5.009381038,-0.169563702,0.113685093,0.451085854,2.523469148,0.003151974
23.360000000,3.832772237,-0.594540605,2.422826030,-0.181240676,3.934213910,-0.132739379,5.013311489,-0.178051072,0.101441673,0.461801227,2.590485459,0.003189604
23.400000000,3.861116942,-0.594213318,2.370833038,-0.191672182,3.945248912,-0.118657470,5.019502893,-0.189123579,0.084131969,0.475555848,2.648669856,0.002548603
23.430000000,3.882353395,-0.594073232,2.348575726,-0.200159841,3.952815049,-0.108619660,5.024825257,-0.197452161,0.070461654,0.485453572,2.676249531,0.002707680
23.460000000,3.903592241,-0.594025230,2.292101407,-0.208582341,3.959688067,-0.099105627,5.030772595,-0.205984428,0.056095826,0.494919603,2.738671189,0.002597914
23.500000000,3.913988677,-0.395040345,2.429661054,-0.219498392,3.967899723,-0.087095598,5.039481638,-0.217357466,0.053911046,0.307944746,2.609820584,0.002140926
23.530000000,3.935076536,-0.392990380,2.442937606,-0.227202840,3.973326028,-0.078573874,5.046557903,-0.225689433,0.038249491,0.314416506,2.603620297,0.001513407
23.560000000,3.956177791,-0.391017339,2.404632515,-0.235410340,3.978035724,-0.070518458,5.054139607,-0.233926770,0.021857933,0.320498881,2.649507092,0.001483570
23.600000000,3.984315443,-0.388487819,2.420985816,-0.246681138,3.983400537,-0.060389453,5.064879011,-0.245110819,-0.000914906,0.328098366,2.643893196,0.001570319
23.630000000,4.005444931,-0.386681170,2.462417192,-0.254746202,3.986737674,-0.053253345,5.073370328,-0.253624356,-0.018707257,0.333427825,2.610953136,0.001121846
23.660000000,4.026589512,-0.384963903,2.433651515,-0.262881202,3.989360975,-0.046587246,5.082272118,-0.262018940,-0.037228538,0.338376657,2.648620603,0.000862262
23.700000000,4.054785735,-0.382806941,2.479598443,-0.272756696,3.991900276,-0.038338793,5.094635612,-0.273026787,-0.062885459,0.344468148,2.615037169,-0.000270091
23.730000000,4.075947883,-0.381296942,2.552409175,-0.280690498,3.993106509,-0.032631555,5.104259450,-0.281350314,-0.082841374,0.348665388,2.551850275,-0.000659816
23.760000000,4.097140777,-0.379873803,2.534185101,-0.289155498,3.993632056,-0.027379687,5.114201698,-0.289852564,-0.103508721,0.352494116,2.580016597,-0.000697066
23.800000000,4.125463661,-0.378129543,2.622007444,-0.299605246,3.993412414,-0.020922744,5.127859735,-0.301140940,-0.132051246,0.357206798,2.505852291,-0.001535694
23.830000000,4.146743402,-0.376908201,2.730950223,-0.307905251,3.992555731,-0.016445797,5.138380248,-0.309450773,-0.154187672,0.360462404,2.407430025,-0.001545523
23.860000000,4.168053316,-0.375746467,2.724735787,-0.316495251,3.991034906,-0.012293777,5.149162401,-0.317747985,-0.177018410,0.363452690,2.424426614,-0.001252734
23.900000000,4.196483707,-0.374326499,2.840772392,-0.327999857,3.988164156,-0.007143101,5.163864305,-0.328991456,-0.208319552,0.367183399,2.323091913,-0.000991599
23.930000000,4.217851654,-0.373355794,2.966121785,-0.335804143,3.985381083,-0.003533445,5.175119507,-0.337478041,-0.232470571,0.369822349,2.208997721,-0.001673898
23.960000000,4.239266714,-0.372460471,2.971556228,-0.344299143,3.981957187,-0.000134526,5.186590754,-0.345856662,-0.257309526,0.372325945,2.215034526,-0.001557520
24.000000000,4.208386964,-0.276617691,3.495589445,-0.356731764,3.976559134,0.004157259,5.202145758,-0.356941673,-0.231827830,0.280774951,1.706556314,-0.000209909
24.030000000,4.229227285,-0.274833173,3.609455237,-0.366059957,3.971915410,0.007213912,5.214004014,-0.365330918,-0.257311875,0.282047085,1.604548777,0.000729039
24.060000000,4.250103792,-0.273115190,3.639920645,-0.374537457,3.966690576,0.010134371,5.226035742,-0.373814614,-0.283413216,0.283249561,1.586115097,0.000722843
24.100000000,4.278035964,-0.270926731,3.772813847,-0.385141983,3.958927360,0.013884815,5.242300389,-0.385062155,-0.319108604,0.284811546,1.469486542,0.000079828
24.130000000,4.299051122,-0.269350143,3.889514025,-0.393720034,3.952501611,0.016600844,5.254644337,-0.393412307,-0.346549511,0.285950987,1.365130312,0.000307727
24.160000000,4.320117544,-0.267826123,3.927117277,-0.402482534,3.945488404,0.019212489,5.267130352,-0.401799570,-0.374629140,0.287038612,1.340013074,0.000682963
24.200000000,4.348278264,-0.265921117,4.052629377,-0.413016293,3.935366387,0.022553865,5.283947333,-0.413119926,-0.412911877,0.288474982,1.231317956,-0.000103633
24.230000000,4.369478356,-0.264590081,4.164973623,-0.421911236,3.927181465,0.024976477,5.296681349,-0.421615979,-0.442296891,0.289566558,1.131707725,0.000295257
24.260000000,4.390749090,-0.263334414,4.208233841,-0.430556236,3.918389569,0.027355328,5.309522753,-0.430003627,-0.472359521,0.290689742,1.101288912,0.000552609
24.300000000,4.419206832,-0.261765921,4.333912040,-0.440941669,3.905887212,0.030510328,5.326775432,-0.441149250,-0.513319620,0.292276249,0.992863393,-0.000207582
24.330000000,4.440629425,-0.260676027,4.434433889,-0.449763841,3.895952074,0.032884872,5.339810712,-0.449578528,-0.544677352,0.293560900,0.905376823,0.000185314
24.360000000,4.462111884,-0.259647378,4.482195657,-0.457971341,3.885459359,0.035299148,5.352907439,-0.458046889,-0.576652525,0.294946527,0.870711782,-0.000075548
24.400000000,4.490868235,-0.258376734,4.602619387,-0.469679521,3.870697810,0.038613723,5.370379478,-0.469257107,-0.620170425,0.296990458,0.767760091,0.000422414
24.430000000,4.512522120,-0.257506245,4.705390258,-0.477629477,3.859052851,0.041181825,5.383384793,-0.477608054,-0.653469269,0.298688070,0.677994535,0.000021423
24.460000000,4.534243753,-0.256699667,4.756641155,-0.486251977,3.846862368,0.043826612,5.396186731,-0.485996264,-0.687381385,0.300526279,0.639545576,0.000255713
24.500000000,4.329431513,-0.174213214,4.997916536,-0.496990988,3.829894660,0.047454173,5.412841628,-0.497277214,-0.499536853,0.221667387,0.414925093,-0.000286225
24.530000000,4.348753634,-0.172661532,5.055165373,-0.505688289,3.816615188,0.050261961,5.424932309,-0.505734833,-0.532138446,0.222923493,0.369766935,-0.000046544
24.560000000,4.368149599,-0.171185655,5.110818381,-0.514140789,3.802768782,0.053166457,5.436466220,-0.514106563,-0.565380817,0.224352112,0.325647839,0.000034226
24.600000000,4.394103379,-0.169325196,5.191231575,-0.524855191,3.783581882,0.057154004,5.450890550,-0.525249868,-0.610521497,0.226479200,0.259658975,-0.000394677
24.630000000,4.413640464,-0.168011205,5.240426476,-0.533311883,3.768668963,0.060217958,5.460934401,-0.533693987,-0.644971501,0.228229163,0.220507925,-0.000382104
24.660000000,4.433258153,-0.166776594,5.293872193,-0.541884383,3.753228826,0.063356810,5.470117896,-0.542199550,-0.680029327,0.230133403,0.176245703,-0.000315167
24.700000000,4.459541890,-0.165233923,5.358853941,-0.553241626,3.731908918,0.067658868,5.481109791,-0.553431608,-0.727632972,0.232892791,0.122255851,-0.000189982
24.730000000,4.479352421,-0.164148075,5.397368903,-0.561377442,3.715370279,0.070971712,5.488380736,-0.561767783,-0.763982143,0.235119787,0.091011833,-0.000390341
24.760000000,4.499241232,-0.163129908,5.447351545,-0.569902442,3.698309301,0.074354837,5.494658848,-0.570164286,-0.800931931,0.237484745,0.047307303,-0.000261844
24.800000000,4.525893771,-0.161898212,5.493522467,-0.581192165,3.674878121,0.078954278,5.501663987,-0.581488838,-0.851015650,0.240852490,0.008141520,-0.000296672
24.830000000,4.545988699,-0.161077754,5.516474831,-0.589290435,3.656774211,0.082483833,5.505923856,-0.589946148,-0.889214489,0.243561587,-0.010550974,-0.000655713
24.860000000,4.566164476,-0.160324425,5.562040334,-0.598010435,3.638134839,0.086104372,5.509184329,-0.598282780,-0.928029638,0.246428797,-0.052856005,-0.000272346
24.900000000,4.593192385,-0.159439458,5.584051338,-0.609018462,3.612606845,0.091041809,5.512217143,-0.609434755,-0.980585540,0.250481266,-0.071834195,-0.000416293
24.930000000,4.613560198,-0.158865768,5.587045857,-0.617464958,3.592973251,0.094823213,5.513548990,-0.617910483,-1.020586947,0.253688980,-0.073496866,-0.000445524
24.960000000,4.634028307,-0.158376273,5.627275043,-0.625694958,3.572845906,0.098700629,5.513976590,-0.626393183,-1.061182402,0.257076902,-0.113298453,-0.000698225
25.000000000,4.332756935,-0.097766965,5.623185355,-0.637583176,3.545344799,0.104024948,5.513357483,-0.637566327,-0.787412136,0.201791913,-0.109827872,0.000016849
25.030000000,4.349779149,-0.096780407,5.638161672,-0.646282733,3.524239618,0.108132075,5.512039428,-0.645917279,-0.825539531,0.204912482,-0.126122244,0.000365454
25.060000000,4.366894266,-0.095867824,5.673318253,-0.654855233,3.502685784,0.112342182,5.509878767,-0.654355641,-0.864208482,0.208210007,-0.163439486,0.000499592
25.100000000,4.389874682,-0.094781438,5.683172364,-0.666231129,3.473355681,0.118104410,5.505863311,-0.665644344,-0.916519001,0.212885848,-0.177309053,0.000586784
25.130000000,4.407211241,-0.094064592,5.679029866,-0.674109657,3.450908794,0.122555006,5.502035296,-0.674040048,-0.956302447,0.216619598,-0.176994570,0.000069609
25.160000000,4.424647885,-0.093428809,5.709339167,-0.682532157,3.428031166,0.127140058,5.497438522,-0.682399992,-0.996616719,0.220568867,-0.211900645,0.000132165
25.200000000,4.448031706,-0.092705950,5.707195988,-0.692727920,3.397003798,0.133433779,5.490372049,-0.693632075,-1.051027908,0.226139729,-0.216823939,-0.000904155
25.230000000,4.465692806,-0.092266465,5.698719340,-0.701601913,3.373360909,0.138312688,5.484412524,-0.702099147,-1.092331897,0.230579153,-0.214306816,-0.000497234
25.260000000,4.483453065,-0.091926192,5.724469891,-0.710064413,3.349356368,0.143397659,5.477852437,-0.710527452,-1.134096696,0.235323851,-0.246617454,-0.000463039
25.300000000,4.507274997,-0.091585534,5.714144869,-0.721704026,3.316912606,0.150491191,5.468355113,-0.721737203,-1.190362391,0.242076725,-0.245789756,-0.000033177
25.330000000,4.525235786,-0.091422142,5.694747628,-0.730328157,3.292295739,0.156051357,5.460723753,-0.730165256,-1.232940047,0.247473499,-0.234023875,0.000162900
25.360000000,4.543288879,-0.091344243,5.716151430,-0.738850657,3.267427171,0.161862333,5.452626670,-0.738603383,-1.275861707,0.253206576,-0.263524760,0.000247274
25.400000000,4.567529394,-0.091392654,5.701835466,-0.749767118,3.233933394,0.169980162,5.441284477,-0.749844455,-1.333596000,0.261372816,-0.260550988,-0.000077336
25.430000000,4.585835431,-0.091510762,5.667691125,-0.758370485,3.208567052,0.176355306,5.432400691,-0.758271513,-1.377268379,0.267866067,-0.235290434,0.000098973
25.460000000,4.604249301,-0.091701155,5.684836856,-0.767302985,3.182983888,0.182999723,5.423189015,-0.766695822,-1.421265413,0.274700878,-0.261647841,0.000607163
25.500000000,4.170549763,-0.070601442,5.610794457,-0.778803881,3.148612441,0.192195811,5.410517187,-0.777925945,-1.021937322,0.262797252,-0.200277269,0.000877936
25.530000000,4.184111240,-0.070761450,5.594265649,-0.786788323,3.122631872,0.199352167,5.400777739,-0.786345243,-1.061479368,0.270113617,-0.193487910,0.000443081
25.560000000,4.197798794,-0.071001875,5.606654962,-0.795288323,3.096442872,0.206772423,5.390775596,-0.794757549,-1.101355922,0.277774298,-0.215879366,0.000530774
25.600000000,4.216220976,-0.071440672,5.593218319,-0.806053205,3.061277244,0.216991743,5.377004829,-0.805965491,-1.154943732,0.288432414,-0.216213490,0.000087714
25.630000000,4.230147864,-0.071870788,5.572910841,-0.814464860,3.034745625,0.224886212,5.366351927,-0.814371336,-1.195402239,0.296757000,-0.206558914,0.000093524
25.660000000,4.244181516,-0.072403280,5.582341879,-0.822874860,3.008070130,0.233024220,5.355412783,-0.822777137,-1.236111386,0.305427500,-0.226929095,0.000097722
25.700000000,4.263043499,-0.073292533,5.557878984,-0.835017055,2.972319252,0.244233948,5.340512799,-0.833996993,-1.290724247,0.317526481,-0.217366186,0.001020062
25.730000000,4.277292357,-0.074078187,5.533261415,-0.843230247,2.945392314,0.252910424,5.329134600,-0.842423705,-1.331900043,0.326988610,-0.204126814,0.000806542
25.760000000,4.291640141,-0.074958510,5.539762707,-0.851687747,2.918389025,0.261837861,5.317604879,-0.850835066,-1.373251116,0.336796371,-0.222157828,0.000852681
25.800000000,4.310950024,-0.076299228,5.514848588,-0.863036144,2.882299024,0.274074312,5.302075605,-0.862030810,-1.428651000,0.350373540,-0.212772983,0.001005334
25.830000000,4.325577438,-0.077423917,5.484352393,-0.871424633,2.855159222,0.283513475,5.290348792,-0.870439976,-1.470418216,0.360937392,-0.194003600,0.000984658
25.860000000,4.340308413,-0.078641463,5.488275492,-0.879779633,2.827948820,0.293205740,5.278563542,-0.878861941,-1.512359593,0.371847203,-0.209711950,0.000917692
25.900000000,4.360128592,-0.080411909,5.455414152,-0.890910947,2.791598367,0.306418785,5.262834936,-0.890071263,-1.568530225,0.386830694,-0.192579216,0.000839684
25.930000000,4.375129717,-0.081865657,5.416242064,-0.900051210,2.764288116,0.316525970,5.251057536,-0.898463644,-1.610841601,0.398391628,-0.165184529,0.001587566
25.960000000,4.390246431,-0.083411188,5.417558787,-0.908561210,2.736914544,0.326834278,5.239344512,-0.906857363,-1.653331888,0.410245466,-0.178214275,0.001703846
26.000000000,3.913559802,-0.042037878,5.347152744,-0.919392227,2.700321168,0.340840217,5.223839679,-0.918041585,-1.213238634,0.382878096,-0.123313065,0.001350642
26.030000000,3.923431360,-0.043302488,5.312611491,-0.928409824,2.672816431,0.351512261,5.212337036,-0.926423417,-1.250614929,0.394814749,-0.100274455,0.001986407
26.060000000,3.933411651,-0.044661167,5.310869985,-0.937039824,2.645263155,0.362319180,5.200948692,-0.934803607,-1.288148496,0.406980347,-0.109921293,0.002236217
26.100000000,3.946883262,-0.046627680,5.284238960,-0.949038605,2.608453327,0.376914626,5.185869555,-0.945970304,-1.338429935,0.423542306,-0.098369405,0.003068301
26.130000000,3.957108620,-0.048252103,5.252170956,-0.957375672,2.580797692,0.388020478,5.174651511,-0.954341472,-1.376310929,0.436272581,-0.077519445,0.003034201
26.160000000,3.967432068,-0.050001917,5.248848057,-0.965705672,2.553136466,0.399289371,5.163557639,-0.962721903,-1.414295602,0.449291288,-0.085290418,0.002983769
26.200000000,3.981342416,-0.052522867,5.217463606,-0.977366542,2.516323509,0.414534312,5.148981995,-0.973869780,-1.465018907,0.467057178,-0.068481611,0.003496762
26.230000000,3.991898596,-0.054563903,5.182981945,-0.985505429,2.488796150,0.426163816,5.138243366,-0.982209683,-1.503102446,0.480727719,-0.044738579,0.003295746
26.260000000,4.002556769,-0.056720887,5.178300543,-0.993682929,2.461373333,0.438037457,5.127735608,-0.990612297,-1.541183436,0.494758344,-0.050564935,0.003070632
26.300000000,4.016934747,-0.059756261,5.150880322,-1.004140299,2.424996783,0.454204891,5.114063155,-1.001892413,-1.591937965,0.513961152,-0.036817167,0.002247886
26.330000000,4.027845336,-0.062151123,3.245316841,-1.013210398,2.397889756,0.466563467,5.104104130,-1.010300984,-1.629955579,0.528714590,1.858787289,0.002909414
26.360000000,4.038856060,-0.064650871,3.181651833,-1.021665398,2.370971081,0.479152011,5.094460347,-1.018636809,-1.667884979,0.543802882,1.912808514,0.003028588
26.400000000,4.053704504,-0.068151700,2.860102040,-1.033226087,2.335313521,0.496279921,5.082310894,-1.029828835,-1.718390983,0.564431621,2.222208854,0.003397251
26.430000000,4.064947571,-0.070927542,2.725257340,-1.042197279,2.308755576,0.509397729,5.074343968,-1.038321427,-1.756191994,0.580325271,2.349086628,0.003875852
26.460000000,4.076268612,-0.073814185,2.653413967,-1.050257279,2.282448301,0.522757671,5.067782460,-1.046776090,-1.793820311,0.596571856,2.414368492,0.003481189
26.500000000,3.540388506,0.141031194,2.679940121,-1.061002442,2.247820186,0.540885235,5.060846431,-1.057845049,-1.292568321,0.399854041,2.380906310,0.003157394
26.530000000,3.545841180,0.140293751,2.644277591,-1.069882498,2.222240613,0.554761775,5.056948100,-1.066130218,-1.323600567,0.414468024,2.412670510,0.003752280
26.560000000,3.551387851,0.139438845,2.584049422,-1.078409998,2.197112965,0.568969150,5.054273003,-1.074698470,-1.354274885,0.429530305,2.470223581,0.003711528
26.600000000,3.558878825,0.138119421,2.540072079,-1.089508345,2.164342044,0.588336301,5.052230425,-1.086316491,-1.394536781,0.450216879,2.512158346,0.003191855
26.630000000,3.564560795,0.136991630,2.524054854,-1.098279680,2.140418997,0.603155690,5.051782547,-1.094766868,-1.424141797,0.466164061,2.527727694,0.003512812
26.660000000,3.570319071,0.135726591,2.471594388,-1.106699680,2.117253658,0.618296244,5.052343420,-1.102954480,-1.453065413,0.482569653,2.580749032,0.003745200
26.700000000,3.578112291,0.133835548,2.458935793,-1.117667846,2.087462640,0.638990476,5.054354548,-1.114299768,-1.490649651,0.505154928,2.595418755,0.003368078
26.730000000,3.584026242,0.132295803,2.474928765,-1.125576948,2.065979503,0.654891021,5.056734988,-1.123241689,-1.518046739,0.522595218,2.581806223,0.002335259
26.760000000,3.590017668,0.130663084,2.432116678,-1.134284448,2.045389085,0.671103978,5.059944433,-1.131965521,-1.544628583,0.540440893,2.627827755,0.002318926
26.800000000,3.598133149,0.128321225,2.453881051,-1.145521931,2.019107432,0.693061929,5.065247442,-1.142966514,-1.579025717,0.564740704,2.611366391,0.002555417
26.830000000,3.604319682,0.126419283,2.496556854,-1.154339485,2.000229789,0.709781134,5.069965802,-1.151241141,-1.604089893,0.583361851,2.573408948,0.003098343
26.860000000,3.610585652,0.124401396,2.464441713,-1.162924485,1.982128385,0.726735611,5.075366910,-1.159930524,-1.628457267,0.602334215,2.610925197,0.002993961
26.900000000,3.619027783,0.121563414,2.518398767,-1.174685160,1.958989569,0.749553455,5.083428930,-1.171505692,-1.660038214,0.627990041,2.565030163,0.003179467
26.930000000,3.625419334,0.119314839,2.598925455,-1.181829983,1.942362157,0.766754797,5.090089308,-1.179802981,-1.683057176,0.647439958,2.491163853,0.002027002
26.960000000,3.631878292,0.116939631,2.578567465,-1.190329983,1.926413917,0.784020116,5.097329108,-1.187957011,-1.705464375,0.667080485,2.518761643,0.002372972
27.000000000,3.090169694,0.283892791,3.027298403,-1.201357758,1.905978334,0.807130799,5.107716164,-1.199208980,-1.184191360,0.523238008,2.080417761,0.002148778
27.030000000,3.090666713,0.283114888,3.329447803,-1.209188990,1.891240418,0.824492199,5.116015735,-1.207834526,-1.199426295,0.541377311,1.786567932,0.001354464
27.060000000,3.091202868,0.282230432,3.345332828,-1.217713990,1.877071353,0.841800088,5.124815185,-1.216253184,-1.214131515,0.559569656,1.779482357,0.001460805
27.100000000,3.091967345,0.280866555,3.056410317,-1.228608387,1.858919984,0.864768842,5.137159858,-1.227202563,-1.233047362,0.583902287,2.080749541,0.001405824
27.130000000,3.092570490,0.279670081,2.956560549,-1.236857585,1.845873970,0.881945301,5.146859388,-1.235546017,-1.246696521,0.602275220,2.190298839,0.001311568
27.160000000,3.093187276,0.278329037,2.955083104,-1.245302585,1.833449858,0.899090994,5.156961071,-1.244192006,-1.259737418,0.620761957,2.201877968,0.001110579
27.200000000,3.094029994,0.276354443,2.884928980,-1.256312464,1.817811277,0.921859720,5.170930935,-1.255618037,-1.276218718,0.645505277,2.286001954,0.000694428
27.230000000,3.094675257,0.274731504,2.840924464,-1.265262429,1.806809520,0.938838422,5.181744468,-1.263846632,-1.287865737,0.664106918,2.340820004,0.001415797
27.260000000,3.095334172,0.272972036,2.834752619,-1.273909929,1.796523022,0.955731574,5.192880788,-1.272071311,-1.298811150,0.682759538,2.358128169,0.001838618
27.300000000,3.096259904,0.270430155,2.844438840,-1.283967670,1.783709417,0.978148827,5.208121665,-1.283470757,-1.312550487,0.707718671,2.363682825,0.000496913
27.330000000,3.096992016,0.268404887,2.861363347,-1.292103168,1.774747338,0.994836152,5.219830756,-1.292099366,-1.322244678,0.726431265,2.358467410,0.000003802
27.360000000,3.097747228,0.266280160,2.858491518,-1.300590668,1.766402152,1.011330058,5.231805329,-1.300433394,-1.331345075,0.745049897,2.373313811,0.000157275
27.400000000,3.098781824,0.263251758,2.881405043,-1.311813935,1.756036299,1.033050403,5.248100805,-1.311387624,-1.342745525,0.769798644,2.366695762,0.000426311
27.430000000,3.099560460,0.260837874,2.909934467,-1.320130432,1.748789945,1.049155002,5.260566851,-1.319795238,-1.350770516,0.788317128,2.350632384,0.000335194
27.460000000,3.100358957,0.258321694,2.911209252,-1.328605432,1.742035655,1.065052869,5.273248141,-1.328358807,-1.358323302,0.806731175,2.362038890,0.000246625
27.500000000,2.727180857,0.487502152,3.105654928,-1.338335616,1.733657754,1.085890306,5.290444365,-1.339574271,-0.993523103,0.598388155,2.184789437,-0.001238655
27.530000000,2.723846228,0.487312987,3.157640239,-1.347370462,1.727819217,1.101225805,5.303534847,-1.347805932,-0.996027011,0.613912818,2.145894608,-0.000435470
27.560000000,2.720518023,0.486992674,3.172767191,-1.355987962,1.722387145,1.116292399,5.316826885,-1.356105058,-0.998130878,0.629299725,2.144059694,-0.000117096
27.600000000,2.716087542,0.486387254,3.237911152,-1.366034827,1.715671525,1.136027678,5.334781028,-1.367415271,-1.000416017,0.649640425,2.096869877,-0.001380444
27.630000000,2.712735222,0.485814231,3.304914153,-1.374053888,1.711065346,1.150523395,5.348419491,-1.375885665,-1.001669876,0.664709164,2.043505339,-0.001831778
27.660000000,2.709332622,0.485123268,3.325544344,-1.382391388,1.706956509,1.164682659,5.362216105,-1.384117166,-1.002376114,0.679559391,2.036671760,-0.001725778
27.700000000,2.704747291,0.484015949,3.411136888,-1.393881520,1.702216279,1.183161953,5.380809972,-1.395075460,-1.002531012,0.699146003,1.969673084,-0.001193941
27.730000000,2.701295690,0.483048657,3.495602521,-1.402141529,1.699243170,1.196755501,5.394881853,-1.403606631,-1.002052520,0.713706844,1.899279333,-0.001465102
27.760000000,2.697819357,0.481987593,3.522426285,-1.410461529,1.696871423,1.210057064,5.409062539,-1.412275417,-1.000947934,0.728069471,1.886636255,-0.001813887
27.800000000,2.693133034,0.480417277,3.623038539,-1.421922117,1.694513034,1.227332016,5.428107802,-1.423431205,-0.998620000,0.746914740,1.805069263,-0.001509089
27.830000000,2.689600290,0.479102217,3.715103348,-1.429975703,1.693330206,1.239944020,5.442481867,-1.431591850,-0.996270084,0.760841803,1.727378518,-0.001616147
27.860000000,2.686074391,0.477665429,3.747917008,-1.438663203,1.692705864,1.252249554,5.456952989,-1.439991118,-0.993368527,0.774584125,1.709035981,-0.001327915
27.900000000,2.681330344,0.475600783,3.863858417,-1.449780526,1.692591674,1.268236926,5.476346295,-1.451473144,-0.988738670,0.792636143,1.612487877,-0.001692617
27.930000000,2.677749913,0.473951753,3.962203520,-1.457374546,1.693038237,1.279865138,5.490973144,-1.459925421,-0.984711676,0.805913385,1.528769624,-0.002550874
27.960000000,2.674131296,0.472201679,4.000828004,-1.465967046,1.694007348,1.291112464,5.505658265,-1.468095042,-0.980123947,0.818910785,1.504830261,-0.002127996
28.000000000,2.336607914,0.656659834,4.389849013,-1.477735435,1.695984096,1.305657085,5.525334192,-1.479133628,-0.640623818,0.648997252,1.135485179,-0.001398193
28.030000000,2.329233013,0.656729526,4.477640459,-1.486313524,1.697977076,1.316248206,5.540144179,-1.487716086,-0.631255938,0.659518680,1.062503719,-0.001402562
28.060000000,2.321819983,0.656709341,4.531029064,-1.494988524,1.700487195,1.326485234,5.555010836,-1.496308260,-0.621332788,0.669775893,1.023981772,-0.001319736
28.100000000,2.311886840,0.656551084,4.627190290,-1.505825288,1.704556259,1.339620442,5.574885971,-1.507342729,-0.607330581,0.683069359,0.947695681,-0.001517441
28.130000000,2.304371388,0.656304197,4.713089874,-1.514090039,1.708196260,1.349112821,5.589828181,-1.515516688,-0.596175128,0.692808624,0.876738307,-0.001426649
28.160000000,2.296778343,0.655971155,4.768653114,-1.522192539,1.712495923,1.358292689,5.604715297,-1.524051093,-0.584282421,0.702321534,0.836062183,-0.001858554
28.200000000,2.286553310,0.655407625,4.867175081,-1.533336519,1.719199765,1.370101431,5.624264154,-1.535687840,-0.567353545,0.714693806,0.757089073,-0.002351321
28.230000000,2.278810738,0.654903487,4.927308410,-1.541735936,1.724994436,1.378602375,5.638541494,-1.544089425,-0.553816302,0.723698888,0.711233083,-0.002353489
28.260000000,2.271001342,0.654301770,4.982992025,-1.550148436,1.731572279,1.386752135,5.652280670,-1.552104125,-0.539429063,0.732450365,0.669288645,-0.001955689
28.300000000,2.260494936,0.653345678,5.068840867,-1.561274557,1.741379819,1.397210512,5.669781080,-1.563181314,-0.519115117,0.743864834,0.600940214,-0.001906757
28.330000000,2.252561116,0.652538024,5.124464763,-1.569544202,1.749495953,1.404760025,5.682231792,-1.571948678,-0.503065163,0.752222000,0.557767029,-0.002404477
28.360000000,2.244581927,0.651674460,5.178650180,-1.578179202,1.758342309,1.411979046,5.693924420,-1.580573454,-0.486239618,0.760304585,0.515274240,-0.002394252
28.400000000,2.233855396,0.650413001,5.263471399,-1.589301077,1.771060063,1.421138874,5.708351216,-1.591459440,-0.462795333,0.770725872,0.444879817,-0.002158363
28.430000000,2.225739929,0.649364819,5.312433546,-1.597132411,1.781262729,1.427687822,5.718278398,-1.599594220,-0.444477200,0.778323003,0.405844852,-0.002461809
28.460000000,2.217550987,0.648227457,5.364283310,-1.605737411,1.792094264,1.433952593,5.727245288,-1.608181563,-0.425456722,0.785725136,0.362961979,-0.002444152
28.500000000,2.076775775,0.882732791,5.507156360,-1.616491753,1.807324104,1.441901706,5.737810156,-1.619746571,-0.269451670,0.559168915,0.230653796,-0.003254818
28.530000000,2.066983423,0.884086426,5.539510625,-1.623903949,1.819308070,1.447530219,5.744673907,-1.628046721,-0.247675354,0.563443792,0.205163282,-0.004142772
28.560000000,2.057125785,0.885364333,5.589890391,-1.632346449,1.831817346,1.452841812,5.750385912,-1.636140054,-0.225308440,0.567477479,0.160495521,-0.003793606
28.600000000,2.043862989,0.886948635,5.607684443,-1.642917830,1.849165200,1.459559991,5.756347680,-1.647396365,-0.194697789,0.572611356,0.148663237,-0.004478535
28.630000000,2.033798258,0.888069215,5.620713496,-1.652373848,1.862677224,1.464320367,5.759596240,-1.656141439,-0.171121035,0.576251152,0.138882744,-0.003767591
28.660000000,2.023630733,0.889127765,5.664819986,-1.660783848,1.876704942,1.468753407,5.761701870,-1.664601647,-0.146925790,0.579625642,0.096881884,-0.003817799
28.700000000,2.009920331,0.890446858,5.699190936,-1.672370437,1.896125074,1.474214539,5.763052290,-1.675411580,-0.113795257,0.583767681,0.063861354,-0.003041143
28.730000000,1.999531542,0.891357296,5.697474303,-1.680595396,1.911249626,1.478004813,5.763042232,-1.683714466,-0.088281916,0.586647517,0.065567930,-0.003119070
28.760000000,1.989033281,0.892213292,5.736262990,-1.689015396,1.926946994,1.481501241,5.762051563,-1.692471203,-0.062086288,0.589287950,0.025788573,-0.003455807
28.800000000,1.974875864,0.893306955,5.755415695,-1.701450045,1.948640053,1.485711185,5.759518960,-1.703927942,-0.026235812,0.592404230,0.004103266,-0.002477898
28.830000000,1.964147740,0.894069634,5.751510452,-1.709536090,1.965475238,1.488507298,5.756744465,-1.712051891,0.001327499,0.594437664,0.005234012,-0.002515801
28.860000000,1.953311885,0.894776018,5.785346573,-1.717971090,1.982870915,1.490973614,5.753163539,-1.720241460,0.029559029,0.596197596,-0.032183034,-0.002270370
28.900000000,1.938737237,0.895671814,5.792241716,-1.729839059,2.006786163,1.493859929,5.747372364,-1.731776207,0.068048926,0.598188115,-0.044869351,-0.001937148
28.930000000,1.927697468,0.896305007,5.778372060,-1.737503659,2.025224973,1.495697340,5.742318095,-1.740479889,0.097527505,0.599392333,-0.036053965,-0.002976230
28.960000000,1.916541721,0.896884327,5.807432009,-1.745796159,2.044106765,1.497173488,5.736603242,-1.748756970,0.127565044,0.600289161,-0.070828767,-0.002960811
29.000000000,1.954492822,1.048473146,5.786416172,-1.757174026,2.069801313,1.498702404,5.728174042,-1.759679412,0.115308490,0.450229258,-0.058242130,-0.002505386
29.030000000,1.943670589,1.050599273,5.781788085,-1.765982364,2.089421111,1.499564654,5.721293090,-1.768169872,0.145750522,0.448965381,-0.060494995,-0.002187508
29.060000000,1.932737582,1.052700831,5.806279977,-1.774609864,2.109338744,1.500139446,5.713888533,-1.776808746,0.176601162,0.447438615,-0.092391444,-0.002198881
29.100000000,1.917955368,1.055463196,5.791107186,-1.786379611,2.136224929,1.500465866,5.703389046,-1.788035562,0.218269561,0.445002670,-0.087718139,-0.001655951
29.130000000,1.906734039,1.057477042,5.767316880,-1.796026768,2.156603018,1.500382195,5.695063416,-1.796271317,0.249868979,0.442905153,-0.072253464,-0.000244549
29.160000000,1.895397317,1.059435353,5.787444925,-1.804366768,2.177169954,1.500016167,5.686339635,-1.804647388,0.281772636,0.440580814,-0.101105290,-0.000280620
29.200000000,1.880100537,1.062008215,5.767777143,-1.815105618,2.204801069,1.499169406,5.674197780,-1.816035578,0.324700532,0.437161191,-0.093579363,-0.000929960
29.230000000,1.868503070,1.063924922,5.730356864,-1.823988115,2.225642854,1.498232527,5.664749616,-1.824508597,0.357139785,0.434307606,-0.065607248,-0.000520482
29.260000000,1.856778651,1.065807951,5.746161230,-1.832580615,2.246574033,1.496978028,5.654973990,-1.832824013,0.389795383,0.431170077,-0.091187240,-0.000243398
29.300000000,1.840947362,1.068231863,5.716593736,-1.843531677,2.274599003,1.494937726,5.641554327,-1.843967481,0.433651641,0.426705862,-0.075039409,-0.000435804
29.330000000,1.828919743,1.070007569,5.687686400,-1.851646739,2.295701839,1.493158907,5.631206653,-1.852473982,0.466782096,0.423151339,-0.056479748,-0.000827243
29.360000000,1.816767989,1.071768433,5.699632566,-1.860266739,2.316866003,1.491103816,5.620604316,-1.860977969,0.500098014,0.419335383,-0.079028250,-0.000711230
29.400000000,1.800381071,1.074077256,3.752029536,-1.870588631,2.345133067,1.487957333,5.606143904,-1.872127014,0.544751995,0.413880077,1.854114369,-0.001538382
29.430000000,1.787945274,1.075757505,3.447247340,-1.879570084,2.366364485,1.485319258,5.595073004,-1.880445464,0.578419211,0.409561753,2.147825663,-0.000875380
29.460000000,1.775368986,1.077404195,3.390623763,-1.888167584,2.387637987,1.482429961,5.584591472,-1.888876343,0.612269001,0.405025767,2.193967709,-0.000708759
29.500000000,1.933446977,1.179759123,3.309199056,-1.899536139,2.416067592,1.478189051,5.572525059,-1.900159604,0.482620615,0.298429928,2.263326003,-0.000623465
29.530000000,1.922480896,1.182502956,3.211446956,-1.907960387,2.437448418,1.474671181,5.564961389,-1.908504197,0.514967522,0.292168225,2.353514432,-0.000543810
29.560000000,1.911352583,1.185226629,3.156478288,-1.916472887,2.458929270,1.470818063,5.558826087,-1.916790754,0.547576687,0.285591434,2.402347799,-0.000317867
29.600000000,1.896276836,1.188819119,3.313014316,-1.927770227,2.487732641,1.465290974,5.552430968,-1.928033667,0.591455805,0.276471855,2.239416652,-0.000263440
29.630000000,1.884827436,1.191502937,3.288850596,-1.936540679,2.509401499,1.460859691,5.548883823,-1.936544942,0.624574063,0.269356754,2.260033226,-0.000004263
29.660000000,1.873280591,1.194184024,3.251736800,-1.944930679,2.530998503,1.456123611,5.546530151,-1.944958295,0.657717912,0.261939587,2.294793351,-0.000027616
29.700000000,1.857706889,1.197697398,3.223524157,-1.956431608,2.559511931,1.449462005,5.544885761,-1.956184740,0.701805041,0.251764607,2.321361604,0.000246868
29.730000000,1.845873577,1.200299424,3.212992211,-1.964086138,2.580601917,1.444295204,5.544738207,-1.964613887,0.734728340,0.243995780,2.331745996,-0.000527749
29.760000000,1.833910514,1.202893137,3.182040725,-1.972568638,2.601324464,1.439022379,5.545599110,-1.972888387,0.767413950,0.236129242,2.363558385,-0.000319749
29.800000000,1.817755465,1.206364495,3.176199460,-1.984084182,2.628371436,1.431817442,5.548033439,-1.983920819,0.810615972,0.225452947,2.371833978,0.000163363
29.830000000,1.805491740,1.208956769,3.190445720,-1.992758699,2.648179901,1.426262946,5.550763078,-1.992387312,0.842688161,0.217306177,2.360317358,0.000371387
29.860000000,1.793089041,1.211520576,3.167071363,-2.001308699,2.667508625,1.420603106,5.554347068,-2.000900942,0.874419583,0.209082529,2.387275705,0.000407758
29.900000000,1.776335268,1.214939765,3.188594137,-2.012239778,2.692657844,1.412989671,5.560191587,-2.011979705,0.916322575,0.198049906,2.371597450,0.000260073
29.930000000,1.763618794,1.217516570,3.226854106,-2.020247696,2.711042957,1.407215856,5.565325645,-2.020186817,0.947424163,0.189699286,2.338471538,0.000060879
29.960000000,1.750775007,1.220109649,3.212064204,-2.028782696,2.728930279,1.401329616,5.571170175,-2.028587494,0.978155273,0.181219967,2.359105970,0.000195202
30.000000000,2.058622750,1.248611769,3.511444463,-2.039025708,2.752137699,1.393347945,5.579830310,-2.039953835,0.693514949,0.144736176,2.068385847,-0.000928127
30.030000000,2.049087939,1.251456101,3.568483984,-2.047550858,2.769098522,1.387309358,5.586955175,-2.048345030,0.720010583,0.135853257,2.018471191,-0.000794173
30.060000000,2.039426196,1.254313737,3.575050143,-2.056020858,2.785644975,1.381225006,5.594648248,-2.056563548,0.746218779,0.126911269,2.019598105,-0.000542690
30.100000000,2.026364087,1.258176231,3.643737915,-2.067173531,2.807151448,1.372970662,5.605636478,-2.067635640,0.780787360,0.114794431,1.961898563,-0.000462109
30.130000000,2.016408327,1.261095972,3.713322699,-2.075605723,2.822869564,1.366644214,5.614377106,-2.076100940,0.806461238,0.105548242,1.901054408,-0.000495217
30.160000000,2.006308217,1.264001846,3.727061267,-2.084353223,2.838213674,1.360215499,5.623598287,-2.084551107,0.831905457,0.096213653,1.896537019,-0.000197885
30.200000000,1.992647927,1.267873214,3.818105503,-2.095040657,2.858218624,1.351547194,5.636480280,-2.095645953,0.865570697,0.083673980,1.818374777,-0.000605296
30.230000000,1.982269670,1.270802480,3.915993120,-2.102718939,2.872875075,1.344943227,5.646561130,-2.103950638,0.890605404,0.074140746,1.730568009,-0.001231699
30.260000000,1.971772397,1.273743324,3.937672344,-2.110933939,2.887170492,1.338189386,5.657030388,-2.112377870,0.915398095,0.064446062,1.719358044,-0.001443930
30.300000000,1.957579645,1.277657654,4.031058026,-2.122300191,2.905790479,1.329008036,5.671466439,-2.123649828,0.948210834,0.051350381,1.640408413,-0.001349637
30.330000000,1.946776927,1.280590323,4.116110745,-2.130485912,2.919469895,1.322025883,5.682638777,-2.132020154,0.972692969,0.041435560,1.566528032,-0.001534243
30.360000000,1.935856741,1.283532163,4.143821587,-2.138930912,2.932890422,1.314930998,5.694119566,-2.140358939,0.997033681,0.031398834,1.550297979,-0.001428027
30.400000000,1.921092679,1.287492839,4.243817237,-2.149904264,2.950447454,1.305233992,5.709829932,-2.151532524,1.029354775,0.017741154,1.466012695,-0.001628260
30.430000000,1.909864663,1.290491431,4.330993590,-2.158402622,2.963398153,1.297762496,5.721879406,-2.159898488,1.053533491,0.007271065,1.390885816,-0.001495866
30.460000000,1.898497673,1.293506691,4.364010352,-2.166737622,2.976217795,1.290113260,5.734194796,-2.168246542,1.077720121,-0.003393431,1.370184444,-0.001508920
30.500000000,2.234656875,1.244943703,4.742779472,-2.177583094,2.993236215,1.279654407,5.750914967,-2.179490589,0.758579340,0.034710704,1.008135495,-0.001907495
30.530000000,2.226870363,1.247501126,4.809719646,-2.186626566,3.005974947,1.271546700,5.763675488,-2.187928238,0.779104584,0.024045575,0.953955842,-0.001301672
30.560000000,2.218963174,1.250097433,4.856065892,-2.195049066,3.018726261,1.263118079,5.776474023,-2.196193080,0.799763087,0.013020646,0.920408131,-0.001144015
30.600000000,2.208200554,1.253587388,4.934988448,-2.205229435,3.035817374,1.251481795,5.793247459,-2.207229084,0.827616820,-0.002105593,0.858259011,-0.001999648
30.630000000,2.199988192,1.256206302,4.995181364,-2.213701370,3.048716266,1.242491567,5.805446912,-2.215715122,0.848728075,-0.013714735,0.810265548,-0.002013752
30.660000000,2.191671358,1.258862363,5.041666700,-2.221923870,3.061642134,1.233242395,5.817160253,-2.224241242,0.869970776,-0.025619968,0.775493552,-0.002317371
30.700000000,2.180439231,1.262452778,5.115226442,-2.232370661,3.078807136,1.220564303,5.832045895,-2.235422073,0.898367905,-0.041888475,0.716819453,-0.003051412
30.730000000,2.171889215,1.265163069,5.162295907,-2.240241293,3.091595606,1.210840161,5.842618863,-2.243768328,0.919706391,-0.054322909,0.680322956,-0.003527034
30.760000000,2.163243868,1.267888428,5.207443893,-2.248526293,3.104292285,1.200974295,5.852536423,-2.252181137,0.941048418,-0.066914133,0.645092530,-0.003654844
30.800000000,2.151568678,1.271581554,5.268508826,-2.260944188,3.121062808,1.187658884,5.864757909,-2.263419538,0.969494130,-0.083922670,0.596249083,-0.002475349
30.830000000,2.142701664,1.274385948,5.311802837,-2.269559709,3.133481310,1.177528860,5.873164084,-2.271827396,0.990779646,-0.096857088,0.561361247,-0.002267687
30.860000000,2.133730946,1.277212942,5.354629904,-2.278249709,3.145726308,1.167253253,5.880739175,-2.280221343,1.011995361,-0.109959689,0.526109272,-0.001971635
30.900000000,2.121607459,1.281006368,5.401674134,-2.289721093,3.161865929,1.153412997,5.889679441,-2.291425298,1.040258470,-0.127593370,0.488005307,-0.001704205
30.930000000,2.112396746,1.283869686,5.423464149,-2.297410978,3.173850205,1.142945560,5.895485542,-2.299852573,1.061453458,-0.140924125,0.472021393,-0.002441595
30.960000000,2.103090432,1.286785689,5.462684452,-2.305713478,3.185696371,1.132359390,5.900372282,-2.308285652,1.082605939,-0.154426299,0.437687829,-0.002572174
31.000000000,2.477298385,1.253926660,5.595431956,-2.316908909,3.201290529,1.118048256,5.905602589,-2.319477724,0.723992144,-0.135878404,0.310170633,-0.002568816
31.030000000,2.472033528,1.256525115,5.605491136,-2.324398762,3.212863955,1.107184181,5.908580956,-2.327856106,0.740830427,-0.149340935,0.303089820,-0.003457345
31.060000000,2.466658955,1.259152660,5.643309432,-2.333186262,3.224356786,1.096217381,5.910620722,-2.336297448,0.757697831,-0.162935279,0.267311290,-0.003111186
31.100000000,2.459336083,1.262732927,5.665608980,-2.344432923,3.239539647,1.081436214,5.912069348,-2.347571753,0.780203564,-0.181296712,0.246460368,-0.003138830
31.130000000,2.453758578,1.265482113,5.657764695,-2.352519583,3.250754484,1.070212097,5.912248131,-2.355987162,0.796995906,-0.195270017,0.254483436,-0.003467579
31.160000000,2.448098500,1.268262424,5.690497351,-2.360852083,3.261744554,1.058892728,5.911563300,-2.364432573,0.813646054,-0.209369696,0.221065949,-0.003580491
31.200000000,2.440385577,1.272001603,5.709817759,-2.372662528,3.276063172,1.043798427,5.909602697,-2.375593817,0.835677596,-0.228203176,0.199784938,-0.002931290
31.230000000,2.434512058,1.274851145,5.696938515,-2.381346671,3.286491375,1.032526864,5.907376934,-2.383777993,0.851979318,-0.242324282,0.210438419,-0.002431322
31.260000000,2.428586886,1.277746469,5.725217531,-2.389886671,3.296497677,1.021315898,5.904469078,-2.392066332,0.867910791,-0.256430571,0.179251546,-0.002179660
31.300000000,2.420545197,1.281644527,5.729950983,-2.400908938,3.309197724,1.006491915,5.899710827,-2.403509508,0.888652527,-0.275152612,0.169759844,-0.002600570
31.330000000,2.414366069,1.284593492,5.717793527,-2.409342663,3.318250385,0.995525927,5.895541129,-2.412012775,0.903884316,-0.289067565,0.177747602,-0.002670112
31.360000000,2.408077160,1.287586145,5.741930655,-2.418062663,3.326838989,0.984744818,5.890789986,-2.420142882,0.918761828,-0.302841327,0.148859331,-0.002080219
31.400000000,2.399573228,1.291644942,5.732873166,-2.429001277,3.337612936,0.970563771,5.883752780,-2.431087085,0.938039708,-0.321081170,0.150879614,-0.002085808
31.430000000,2.393095090,1.294742073,5.704868092,-2.438210783,3.345163308,0.960037641,5.877960593,-2.439661490,0.952068218,-0.334704432,0.173092501,-0.001450707
31.460000000,2.386524271,1.297890676,5.724608761,-2.446650783,3.352226475,0.949630287,5.871695752,-2.448257870,0.965702203,-0.348260388,0.147086991,-0.001607087
31.500000000,2.647179276,1.132612347,5.750527227,-2.457584293,3.361068073,0.935927241,5.862748363,-2.459316077,0.713888797,-0.196685107,0.112221136,-0.001731784
31.530000000,2.643403392,1.133988363,5.734449215,-2.465933413,3.367261853,0.925742089,5.855615336,-2.467521752,0.723858461,-0.208246275,0.121166121,-0.001588339
31.560000000,2.639570139,1.135422188,5.751755028,-2.474275913,3.372989032,0.915586902,5.848092824,-2.475956225,0.733418893,-0.219835287,0.096337795,-0.001680312
31.600000000,2.634330118,1.137380139,5.737808771,-2.484989545,3.380029180,0.902087040,5.837557324,-2.487318855,0.745699061,-0.235293099,0.099748554,-0.002329310
31.630000000,2.630295297,1.138885599,5.714294205,-2.492620773,3.384886455,0.892035719,5.829303014,-2.495652094,0.754591158,-0.246849881,0.115008809,-0.003031321
31.660000000,2.626197791,1.140430039,5.728095583,-2.501133273,3.389284217,0.882090086,5.820702633,-2.503790979,0.763086426,-0.258339953,0.092607049,-0.002657706
31.700000000,2.620652735,1.142556373,5.725557635,-2.512421132,3.394419968,0.868978904,5.808818163,-2.514927733,0.773767233,-0.273577469,0.083260528,-0.002506601
31.730000000,2.616435775,1.144209586,5.697506992,-2.520909686,3.397695717,0.859285424,5.799585181,-2.523592996,0.781259942,-0.284924162,0.102078189,-0.002683310
31.760000000,2.612135963,1.145903712,5.708419948,-2.528997186,3.400422221,0.849790766,5.790073876,-2.532088857,0.788286257,-0.296112946,0.081653928,-0.003091671
31.800000000,2.606294806,1.148243391,5.687218454,-2.540670200,3.403338741,0.837420857,5.777018422,-2.542959843,0.797043934,-0.310822534,0.089799968,-0.002289643
31.830000000,2.601860556,1.150073320,5.638835710,-2.549244559,3.404949769,0.828329719,5.766977348,-2.551199253,0.803089213,-0.321743601,0.128141638,-0.001954694
31.860000000,2.597355069,1.151962293,5.645968968,-2.557822059,3.405966549,0.819391164,5.756679346,-2.559813887,0.808611480,-0.332571130,0.110710378,-0.001991827
31.900000000,2.591231522,1.154549124,5.610670252,-2.569111468,3.406603339,0.807687346,5.742646308,-2.571247836,0.815371817,-0.346861778,0.131976056,-0.002136368
31.930000000,2.586567248,1.156553312,5.569041793,-2.577162938,3.406591390,0.799073249,5.731901625,-2.579509510,0.820024142,-0.357480063,0.162859832,-0.002346572
31.960000000,2.581850500,1.158616824,5.572595443,-2.585545438,3.406080972,0.790581801,5.720956471,-2.587730177,0.824230473,-0.368035023,0.148361028,-0.002184739
32.000000000,2.891957137,1.030231562,5.581089072,-2.596152926,3.404703424,0.779355315,5.706106956,-2.599036863,0.512746287,-0.250876247,0.125017885,-0.002883937
32.030000000,2.890606383,1.030936276,5.552838473,-2.604985594,3.403182673,0.770998013,5.694780938,-2.607620353,0.512576290,-0.259938263,0.141942464,-0.002634759
32.060000000,2.889189781,1.031684027,5.554886368,-2.613348094,3.401244079,0.762712671,5.683299996,-2.615995822,0.512054299,-0.268971355,0.128413629,-0.002647728
32.100000000,2.887269420,1.032771841,5.523703129,-2.624518145,3.398092050,0.751739303,5.667784945,-2.626960684,0.510822631,-0.281032537,0.144081816,-0.002442539
32.130000000,2.885796108,1.033649165,5.484342766,-2.632156194,3.395234284,0.743546810,5.656017512,-2.635325661,0.509438176,-0.290102355,0.171674746,-0.003169467
32.160000000,2.884286430,1.034573437,5.483549599,-2.640718694,3.391845415,0.735422603,5.644099169,-2.643928810,0.507558986,-0.299150834,0.160549570,-0.003210116
32.200000000,2.882221576,1.035857462,5.446324622,-2.652737834,3.386649653,0.724790854,5.628052043,-2.655158164,0.504428077,-0.311066608,0.181727422,-0.002420330
32.230000000,2.880644557,1.036865697,5.393789804,-2.660489461,3.382230503,0.717019925,5.615897522,-2.663200939,0.501585945,-0.319845773,0.222107718,-0.002711477
32.260000000,2.879076398,1.037911897,5.389854753,-2.669026961,3.377197249,0.709468328,5.603681899,-2.671362620,0.498120851,-0.328443568,0.213827146,-0.002335659
32.300000000,2.876942853,1.039341337,5.351415391,-2.680247696,3.369597087,0.699714143,5.587337434,-2.682873594,0.492654235,-0.339627194,0.235922043,-0.002625898
32.330000000,2.875298330,1.040450129,5.323540133,-2.688473471,3.363261040,0.692673572,5.575106187,-2.691502766,0.487962710,-0.347776557,0.251566054,-0.003029294
32.360000000,2.873624706,1.041599217,5.317803947,-2.696935971,3.356328818,0.685934834,5.562948798,-2.699627553,0.482704113,-0.355664384,0.245144850,-0.002691582
32.400000000,2.871363471,1.043220542,5.282273792,-2.708896757,3.346230637,0.677312509,5.546908009,-2.710434792,0.474867165,-0.365908033,0.264634217,-0.001538035
32.430000000,2.869653938,1.044502726,5.233776957,-2.716878715,3.337972324,0.671080681,5.535019763,-2.718995246,0.468318386,-0.373422045,0.301242806,-0.002116532
32.460000000,2.867901614,1.045825915,5.226197099,-2.725443715,3.329066240,0.665075849,5.523304134,-2.727699683,0.461164626,-0.380750066,0.297107035,-0.002255969
32.500000000,3.002234561,0.882572732,5.274500244,-2.737483281,3.316422839,0.657377755,5.507985200,-2.738795218,0.314188278,-0.225194977,0.233484956,-0.001311938
32.530000000,3.001955070,0.882156292,5.245305198,-2.747096198,3.306359041,0.651807124,5.496754041,-2.746903537,0.304403971,-0.230349168,0.251448844,0.000192661
32.560000000,3.001674577,0.881811018,5.239392716,-2.755776198,3.295660355,0.646385049,5.485775309,-2.755278742,0.293985778,-0.235425970,0.246382594,0.000497456
32.600000000,3.001269827,0.881413902,5.211502820,-2.766821648,3.280565780,0.639335198,5.471380332,-2.766724843,0.279295953,-0.242078703,0.259877512,0.000096805
32.630000000,3.000928097,0.881142255,5.177746390,-2.775989324,3.268673453,0.634211823,5.460796082,-2.775135383,0.267745356,-0.246930433,0.283049692,0.000853941
32.660000000,3.000595178,0.880899923,5.170876306,-2.784269324,3.256216901,0.629283636,5.450427440,-2.783253435,0.255621723,-0.251616287,0.279551134,0.001015889
32.700000000,3.000198508,0.880638120,5.138215185,-2.795145106,3.238757349,0.622984127,5.436945969,-2.794283549,0.238558841,-0.257653993,0.298730785,0.000861558
32.730000000,2.999918450,0.880471145,5.099715142,-2.804101825,3.224994159,0.618476111,5.427084242,-2.802929693,0.225075709,-0.261995034,0.327369100,0.001172132
32.760000000,2.999631657,0.880336280,5.091772456,-2.812586825,3.210610183,0.614221327,5.417517952,-2.811520688,0.210978526,-0.266114953,0.325745496,0.001066137
32.800000000,2.999255507,0.880219947,5.042276954,-2.823226061,3.190658284,0.608910486,5.405183913,-2.822474337,0.191402778,-0.271309461,0.362906959,0.000751724
32.830000000,2.999020211,0.880180742,5.007664604,-2.830824388,3.175077964,0.605182141,5.396284789,-2.830654231,0.176057753,-0.274998600,0.388620185,0.000170157
32.860000000,2.998818278,0.880188069,4.998635879,-2.838839388,3.158835755,0.601680806,5.387761210,-2.839209719,0.160017477,-0.278507263,0.389125331,-0.000370331
32.900000000,2.998557385,0.880240333,4.972912219,-2.849578758,3.136359477,0.597312315,5.376946928,-2.850709907,0.137802092,-0.282928018,0.404034709,-0.001131149
32.930000000,2.998361162,0.880318504,4.956213336,-2.857949354,3.118950992,0.594263888,5.369281642,-2.859034056,0.120589830,-0.286054617,0.413068306,-0.001084702
32.960000000,2.998204499,0.880456379,4.947720373,-2.866419354,3.100986474,0.591420834,5.362076940,-2.867211955,0.102781976,-0.289035545,0.414356566,-0.000792602
33.000000000,3.071081507,0.791584261,5.018873365,-2.878200602,3.076221902,0.587855784,5.353106176,-2.878445038,0.005140395,-0.203728477,0.334232811,-0.000244436
33.030000000,3.071802648,0.790841247,4.985709496,-2.886282039,3.057057847,0.585337345,5.346826982,-2.887056083,-0.014744801,-0.205503902,0.361117487,-0.000774044
33.060000000,3.072527941,0.790127681,4.980099753,-2.894919539,3.037387033,0.582975647,5.340963542,-2.895496378,-0.035140908,-0.207152034,0.360863789,-0.000576839
33.100000000,3.073558218,0.789228818,4.954586563,-2.905817892,3.010517540,0.580024554,5.333585424,-2.906485592,-0.063040679,-0.209204264,0.378998861,-0.000667700
33.130000000,3.074392659,0.788595490,4.931962050,-2.914600046,2.989830643,0.577946972,5.328402069,-2.914811916,-0.084562016,-0.210648518,0.396440019,-0.000211870
33.160000000,3.075264945,0.788009228,4.926179100,-2.922902546,2.968581890,0.576008349,5.323547021,-2.923371618,-0.106683056,-0.212000879,0.397367921,-0.000469072
33.200000000,3.076457005,0.787286087,4.901414155,-2.933984021,2.939582634,0.573647964,5.317552946,-2.934711365,-0.136874371,-0.213638123,0.416138791,-0.000727344
33.230000000,3.077399395,0.786779160,4.886113533,-2.943212775,2.917373585,0.572065837,5.313416615,-2.942967502,-0.160025809,-0.214713323,0.427303082,0.000245272
33.260000000,3.078411141,0.786293648,4.880468425,-2.951875275,2.894662418,0.570671791,5.309659496,-2.951215089,-0.183748722,-0.215621858,0.429191071,0.000660185
33.300000000,3.079852204,0.785683971,4.847413229,-2.962865072,2.863652268,0.569054450,5.305133988,-2.962550792,-0.216199936,-0.216629521,0.457720759,0.000314280
33.330000000,3.080980751,0.785265105,4.827997538,-2.970954010,2.839888218,0.568027399,5.302096410,-2.971134262,-0.241092534,-0.217237706,0.474098872,-0.000180252
33.360000000,3.082142194,0.784870201,4.822142295,-2.979329010,2.815691614,0.567193396,5.299436172,-2.979486472,-0.266450580,-0.217676805,0.477293877,-0.000157462
33.400000000,3.083799661,0.784390211,4.801457002,-2.990932524,2.782834748,0.566323088,5.296402656,-2.990491696,-0.300964913,-0.218067123,0.494945654,0.000440828
33.430000000,3.085135634,0.784082937,4.791989269,-3.000796066,2.757694033,0.565834037,5.294523547,-2.998913715,-0.327441601,-0.218248900,0.502534278,0.001882352
33.460000000,3.086518029,0.783807403,4.786659629,-3.009111066,2.732069689,0.565498750,5.293009780,-3.007473625,-0.354448340,-0.218308653,0.506350151,0.001637441
33.500000000,3.052919838,0.696748540,4.884459467,-3.019847234,2.697367964,0.565257366,5.291511611,-3.018706035,-0.355551874,-0.131491174,0.407052144,0.001141198
33.530000000,3.054024397,0.695568729,4.864201932,-3.028078320,2.670962975,0.565222900,5.290763706,-3.026975474,-0.383061423,-0.130345828,0.426561774,0.001102846
33.560000000,3.055218449,0.694426878,4.862489231,-3.036448320,2.644128407,0.565315514,5.290337882,-3.035312113,-0.411090042,-0.129111364,0.427848651,0.001136207
33.600000000,3.056936895,0.692946304,4.856455662,-3.047857607,2.607760843,0.565595362,5.290030387,-3.046614715,-0.449176051,-0.127350942,0.433574725,0.001242892
33.630000000,3.058300968,0.691867812,4.844166404,-3.057034540,2.580102341,0.565932390,5.290000442,-3.055077994,-0.478198627,-0.125935422,0.445834038,0.001956547
33.660000000,3.059733027,0.690818510,4.842526214,-3.065372040,2.552118871,0.566414893,5.290166883,-3.063383796,-0.507614156,-0.124403617,0.447640669,0.001988244
33.700000000,3.061790205,0.689452799,4.826293542,-3.076064702,2.514325131,0.567269758,5.290666752,-3.074448373,-0.547465075,-0.122183041,0.464373210,0.001616329
33.730000000,3.063437548,0.688448407,4.810005670,-3.085334372,2.485578538,0.568078003,5.291239666,-3.082918352,-0.577859010,-0.120370403,0.481233996,0.002416020
33.760000000,3.065154313,0.687469349,4.807984175,-3.094071872,2.456471576,0.569065051,5.292006387,-3.091457895,-0.608682737,-0.118404298,0.484022212,0.002613977
33.800000000,3.067552182,0.686204723,4.786891603,-3.105495849,2.417281403,0.570630630,5.293316389,-3.102627438,-0.650270780,-0.115574092,0.506424786,0.002868412
33.830000000,3.069472586,0.685290468,4.777663340,-3.113880695,2.387600455,0.571991488,5.294518885,-3.110898116,-0.681872130,-0.113298980,0.516855544,0.002982580
33.860000000,3.071492656,0.684389356,4.775382856,-3.122113195,2.357576250,0.573534717,5.295962808,-3.119306285,-0.713916406,-0.110854639,0.520579952,0.002806910
33.900000000,3.074297597,0.683245268,4.750768617,-3.133001666,2.317110490,0.575830149,5.298178057,-3.130666698,-0.757187107,-0.107415120,0.547409439,0.002334968
33.930000000,3.076448859,0.682431446,4.738210438,-3.141314566,2.286507736,0.577727386,5.300083714,-3.139096425,-0.789941123,-0.104704060,0.561873276,0.002218141
33.960000000,3.078682837,0.681646707,4.735543015,3.133873241,2.255686011,0.579793980,5.302226944,3.135796744,-0.822996826,-0.101852727,0.566683929,0.001923503
34.000000000,2.852717751,0.616919580,4.865546258,3.123847943,2.214230342,0.582766577,5.305441343,3.124657294,-0.638487409,-0.034153002,0.439895085,0.000809351
34.030000000,2.852644088,0.615527142,4.854983042,3.115744042,2.182853648,0.585153021,5.308092636,3.116171104,-0.669790440,-0.030374121,0.453109594,0.000427062
34.060000000,2.852645226,0.614155114,4.856553379,3.107241542,2.151262056,0.587689315,5.310932537,3.107701571,-0.701383170,-0.026465799,0.454379158,0.000460029
34.100000000,2.852777290,0.612379223,3.342471514,3.096161282,2.108935223,0.591269345,5.314854712,3.096585851,-0.743842066,-0.021109878,1.972383198,0.000424569
34.130000000,2.852993740,0.611082826,3.103397521,3.087298991,2.077011250,0.594115182,5.317899325,3.088287561,-0.775982490,-0.016967645,2.214501804,0.000988570
34.160000000,2.853297100,0.609820962,3.051837827,3.079241491,2.044858418,0.597150117,5.321306305,3.079826847,-0.808438682,-0.012670845,2.269468477,0.000585356
34.200000000,2.853797449,0.608164006,3.090950529,3.067021682,2.001781173,0.601471312,5.326726634,3.068433591,-0.852016276,-0.006692694,2.235776105,0.001411909
34.230000000,2.854256009,0.606957002,3.063657963,3.059023559,1.969445580,0.604908614,5.331512025,3.060082037,-0.884810429,-0.002048388,2.267854062,0.001058478
34.260000000,2.854821358,0.605810741,3.019544770,3.050566059,1.937130023,0.608519686,5.336977604,3.051904827,-0.917691336,0.002708944,2.317432834,0.001338769
34.300000000,2.855778727,0.604347334,2.985704854,3.039094722,1.893979222,0.613542351,5.345173563,3.040872390,-0.961799505,0.009195017,2.359468710,0.001777668
34.330000000,2.856610072,0.603289384,2.969482506,3.030188142,1.861561866,0.617449576,5.351930643,3.032460364,-0.995048205,0.014160192,2.382448137,0.002272222
34.360000000,2.857520607,0.602253919,2.930061289,3.021725642,1.829199196,0.621476572,5.359287286,3.024091377,-1.028321411,0.019222653,2.429225998,0.002365735
34.400000000,2.858868948,0.600897511,2.918000190,3.010840096,1.786226163,0.626991332,5.369836826,3.013107979,-1.072642785,0.026093821,2.451836635,0.002267883
34.430000000,2.860010528,0.599894547,2.927335586,3.003568659,1.754090019,0.631243174,5.378301417,3.004873301,-1.105920509,0.031348627,2.450965832,0.001304642
34.460000000,2.861258106,0.598913615,2.894456627,2.995308659,1.721998727,0.635620578,5.387267908,2.996483198,-1.139259379,0.036706962,2.492811282,0.001174539
34.500000000,2.534617267,0.573790089,3.119755402,2.985479081,1.679378467,0.641614332,5.399847733,2.985243356,-0.855238800,0.067824243,2.280092331,-0.000235725
34.530000000,2.532377034,0.572632840,3.149377134,2.976659071,1.647636940,0.646215309,5.409739743,2.976948535,-0.884740094,0.073582468,2.260362609,0.000289464
34.560000000,2.530245450,0.571499675,3.134876883,2.968499071,1.616118492,0.650923829,5.420066239,2.968740312,-0.914126959,0.079424154,2.285189357,0.000241241
34.600000000,2.527579737,0.570050057,3.171486819,2.957746256,1.574306538,0.657370038,5.434399226,2.957604092,-0.953273198,0.087319981,2.262912407,-0.000142164
34.630000000,2.525653474,0.568988255,3.217816095,2.948760104,1.543139544,0.662340676,5.445519461,2.949097198,-0.982513930,0.093352422,2.227703366,0.000337094
34.660000000,2.523790577,0.567951109,3.210175041,2.940452604,1.512289017,0.667451370,5.457018717,2.940715296,-1.011501560,0.099500261,2.246843676,0.000262692
34.700000000,2.521453537,0.566617134,3.272010757,2.929023248,1.471625982,0.674476958,5.472803123,2.929810001,-1.049827555,0.107859824,2.200792366,0.000786753
34.730000000,2.519844644,0.565638635,3.334249019,2.921233360,1.441422557,0.679932986,5.484996601,2.921526144,-1.078422087,0.114294351,2.150747582,0.000292784
34.760000000,2.518313028,0.564693207,3.334029142,2.912895860,1.411492847,0.685587922,5.497482757,2.912943235,-1.106820180,0.120894715,2.163453614,0.000047375
34.800000000,2.516363690,0.563482970,3.411592616,2.901601060,1.372090985,0.693363645,5.514530698,2.901595850,-1.144272705,0.129880674,2.102938082,-0.000005210
34.830000000,2.514983628,0.562603713,3.491581407,2.893884952,1.342982759,0.699353574,5.527589414,2.893387863,-1.172000869,0.136749860,2.036008007,-0.000497089
34.860000000,2.513707669,0.561738488,3.498771116,2.885677452,1.314268589,0.705508906,5.540931784,2.885190125,-1.199439080,0.143770418,2.042160667,-0.000487327
34.900000000,2.512144500,0.560619488,3.587302017,2.874963523,1.276431738,0.713947900,5.559056108,2.873857981,-1.235712762,0.153328412,1.971754091,-0.001105542
34.930000000,2.511042484,0.559805517,3.681930824,2.866310081,1.248446417,0.720431094,5.572881542,2.865263119,-1.262596067,0.160625577,1.890950718,-0.001046962
34.960000000,2.510001652,0.559014329,3.696352873,2.858152581,1.220952048,0.727034895,5.586932343,2.856951158,-1.289049604,0.168020565,1.890579470,-0.001201423
35.000000000,2.072261533,0.596071623,4.160224825,2.848017358,1.184915720,0.735999684,5.605943570,2.846038291,-0.887345813,0.139928061,1.445718745,-0.001979067
35.030000000,2.066629154,0.595734721,4.239030756,2.839557825,1.158282372,0.742858024,5.620415901,2.837630589,-0.908346782,0.147123303,1.381385145,-0.001927236
35.060000000,2.061073845,0.595428451,4.272558811,2.831150325,1.132050891,0.749839446,5.635051167,2.829008755,-0.929022954,0.154410995,1.362492356,-0.002141570
35.100000000,2.053752290,0.595062736,4.347758661,2.820099305,1.097750505,0.759267716,5.654807500,2.817757235,-0.956001785,0.164204980,1.307048839,-0.002342070
35.130000000,2.048358572,0.594796938,4.434343915,2.811670045,1.072560742,0.766428560,5.669776409,2.809591199,-0.975797830,0.171631622,1.235432494,-0.002078846
35.160000000,2.043051488,0.594548114,4.471257343,2.803385045,1.047842468,0.773723550,5.684919704,2.801320528,-0.995209020,0.179175436,1.213662361,-0.002064517
35.200000000,2.036063039,0.594247624,4.552401717,2.791167786,1.015484051,0.783675895,5.705277150,2.789849417,-1.020578988,0.189428272,1.152875433,-0.001318369
35.230000000,2.030876776,0.594043646,4.618171764,2.783671289,0.991739690,0.791309540,5.720676150,2.781251544,-1.039137086,0.197265894,1.102504386,-0.002419745
35.260000000,2.025753696,0.593858210,4.657489148,2.774961289,0.968587641,0.799113109,5.736145477,2.773069877,-1.057166055,0.205254900,1.078656329,-0.001891411
35.300000000,2.019079209,0.593628456,4.725698047,2.763402863,0.938441409,0.809793907,5.756794402,2.762209205,-1.080637799,0.216165451,1.031096355,-0.001193657
35.330000000,2.014152554,0.593468300,4.788761057,2.755350819,0.916317060,0.818040884,5.772216776,2.753633563,-1.097835494,0.224572585,0.983455719,-0.001717256
35.360000000,2.009265150,0.593335750,4.829248053,2.746833319,0.894710727,0.826510923,5.787452581,2.744863367,-1.114554423,0.233175173,0.958204528,-0.001969951
35.400000000,2.002792391,0.593204368,4.894222654,2.735007419,0.866691369,0.838052210,5.807391844,2.733722408,-1.136101022,0.244847841,0.913169190,-0.001285011
35.430000000,1.998021252,0.593123508,4.952693074,2.726191990,0.846252538,0.846890375,5.821991605,2.725677012,-1.151768714,0.253766868,0.869298531,-0.000514977
35.460000000,1.993328329,0.593040526,4.993170579,2.717774490,0.826305192,0.855931770,5.836169587,2.717293794,-1.167023137,0.262891244,0.842999008,-0.000480696
35.500000000,1.575726616,0.625137381,5.255075940,2.706048981,0.800346516,0.868237911,5.854341595,2.705660932,-0.775380100,0.243100530,0.599265655,-0.000388049
35.530000000,1.566585082,0.625471175,5.298702491,2.697005651,0.781417227,0.877611842,5.867399952,2.697129937,-0.785167856,0.252140668,0.568697460,0.000124286
35.560000000,1.557483544,0.625821656,5.343868460,2.688290651,0.763041238,0.887096031,5.879676005,2.689004146,-0.794442305,0.261274375,0.535807545,0.000713496
35.600000000,1.545463969,0.626303859,5.401435775,2.676752888,0.739177477,0.899912672,5.894710316,2.677959848,-0.806286492,0.273608813,0.493274542,0.001206960
35.630000000,1.536497832,0.626684946,5.437134882,2.668613738,0.721733171,0.909672544,5.904905571,2.669223568,-0.814764661,0.282987598,0.467770689,0.000609830
35.660000000,1.527551676,0.627079376,5.478900437,2.659776238,0.704818762,0.919569398,5.913990838,2.660479548,-0.822732914,0.292490022,0.435090402,0.000703309
35.700000000,1.515665762,0.627629236,5.506716059,2.648635135,0.683069060,0.932942116,5.924551976,2.649518286,-0.832596702,0.305312880,0.417835917,0.000883151
35.730000000,1.506822486,0.628031130,5.511837250,2.639453248,0.667342236,0.943141089,5.931327749,2.641458880,-0.839480250,0.315109960,0.419490499,0.002005633
35.760000000,1.498042416,0.628437585,5.548250202,2.631055748,0.652156570,0.953555155,5.936961799,2.632799293,-0.845885846,0.325117570,0.388711597,0.001743546
35.800000000,1.486376644,0.629040397,5.577504596,2.618790179,0.632690190,0.967707079,5.942945192,2.620927742,-0.853686454,0.338666682,0.365440596,0.002137564
35.830000000,1.477655856,0.629527321,4.033624169,2.610105431,0.618748405,0.978483494,5.946344706,2.612545167,-0.858907451,0.348956173,1.912720537,0.002439736
35.860000000,1.468985895,0.630005568,4.017161604,2.601252931,0.605464420,0.989416405,5.948706311,2.604569308,-0.863521476,0.359410837,1.931544707,0.003316377
35.900000000,1.457512250,0.630647702,3.742425757,2.589827774,0.588571787,1.004247179,5.950992839,2.593310568,-0.868940462,0.373599477,2.208567081,0.003482794
35.930000000,1.448944380,0.631139219,3.637137079,2.581300831,0.576579114,1.015567188,5.953054105,2.584424390,-0.872365266,0.384427969,2.315917026,0.003123558
35.960000000,1.440380761,0.631646927,3.608550700,2.572688331,0.565367878,1.027027216,5.955936203,2.575918714,-0.875012884,0.395380289,2.347385503,0.003230383
36.000000000,1.132517551,0.696868122,3.609387552,2.561314611,0.551467363,1.042451171,5.960857715,2.565161243,-0.581050188,0.345583049,2.351470164,0.003846632
36.030000000,1.120791275,0.698118162,3.555341298,2.552965885,0.541753773,1.054139636,5.965356228,2.556889532,-0.579037502,0.356021474,2.410014930,0.003923648
36.060000000,1.109083399,0.699390855,3.529389474,2.544508385,0.532697273,1.065926281,5.970588325,2.548137620,-0.576386126,0.366535426,2.441198851,0.003629236
36.100000000,1.093490544,0.701138820,3.510656909,2.533510433,0.521569629,1.081652194,5.978508114,2.536627035,-0.571920916,0.380513374,2.467851204,0.003116602
36.130000000,1.081823383,0.702463099,3.503712823,2.525639113,0.513974072,1.093395187,5.985098760,2.528433406,-0.567849312,0.390932088,2.481385937,0.002794293
36.160000000,1.070191956,0.703778607,3.481856344,2.517151613,0.507084862,1.105099175,5.992309205,2.520305624,-0.563107094,0.401320569,2.510452861,0.003154011
36.200000000,1.054727636,0.705522206,3.479735976,2.505675888,0.498761231,1.120695331,6.002690534,2.508951358,-0.555966405,0.415173125,2.522954558,0.003275470
36.230000000,1.043121593,0.706841646,3.491256189,2.496506656,0.493187670,1.132357563,6.011008994,2.500251722,-0.549933924,0.425515916,2.519752805,0.003745065
36.260000000,1.031516607,0.708186216,3.474812062,2.488121656,0.488345911,1.143918993,6.019833508,2.491897908,-0.543170696,0.435732777,2.545021446,0.003776252
36.300000000,1.016093590,0.709978686,3.487632933,2.477055882,0.482831747,1.159186485,6.032207100,2.481051718,-0.533261843,0.449207799,2.544574167,0.003995835
36.330000000,1.004545150,0.711318509,3.515006697,2.468387702,0.479331812,1.170553345,6.041942599,2.472682722,-0.525213338,0.459234836,2.526935902,0.004295019
36.360000000,0.992996186,0.712678605,3.504417166,2.460022702,0.476443470,1.181824361,6.052076886,2.464033290,-0.516552716,0.469145756,2.547659719,0.004010588
36.400000000,0.977572416,0.714518843,3.539403335,2.450581427,0.473484321,1.196633549,6.066115749,2.452742627,-0.504088095,0.482114705,2.526712414,0.002161200
36.430000000,0.966018650,0.715924591,3.593367038,2.441831500,0.471945370,1.207549472,6.076990333,2.444579919,-0.494073280,0.491624881,2.483623295,0.002748420
36.460000000,0.954506116,0.717329329,3.589899863,2.433101500,0.471024315,1.218310331,6.088215786,2.436332441,-0.483481801,0.500981002,2.498315923,0.003230941
36.500000000,0.797506328,0.845440913,3.954184595,2.421100321,0.470563804,1.232479065,6.103591091,2.424924345,-0.326942524,0.387038151,2.149406495,0.003824024
36.530000000,0.784395886,0.848281397,4.027972889,2.412760889,0.470832352,1.242928884,6.115422625,2.416349016,-0.313563534,0.394647487,2.087449736,0.003588128
36.560000000,0.771265723,0.851140738,4.046710440,2.404350889,0.471758458,1.253152733,6.127520096,2.408085756,-0.299507265,0.402011996,2.080809656,0.003734867
36.600000000,0.753769637,0.854945235,4.122848850,2.392953692,0.473822006,1.266523102,6.143986480,2.397139807,-0.279947631,0.411577867,2.021137629,0.004186115
36.630000000,0.740642606,0.857794007,4.204789216,2.384097158,0.475953502,1.276401702,6.156574262,2.388633320,-0.264689104,0.418607695,1.951785046,0.004536162
36.660000000,0.727487446,0.860643197,4.229275123,2.375619658,0.478707375,1.286127889,6.169372569,2.379938921,-0.248780071,0.425484692,1.940097447,0.004319263
36.700000000,0.709909522,0.864481365,4.331129604,2.364886936,0.483320185,1.298853120,6.186700973,2.368782206,-0.226589337,0.434371755,1.855571369,0.003895270
36.730000000,0.696705380,0.867369855,4.419619650,2.356270442,0.487502842,1.308245372,6.199860108,2.360733051,-0.209202538,0.440875517,1.780240457,0.004462609
36.760000000,0.683501054,0.870261031,4.450159762,2.347855442,0.492382279,1.317568458,6.213189232,2.352365391,-0.191118775,0.447307427,1.763029470,0.004509949
36.800000000,0.665844622,0.874157835,4.555497985,2.336801417,0.499844347,1.329940423,6.231127925,2.340638940,-0.166000275,0.455782588,1.675629940,0.003837523
36.830000000,0.652562070,0.877103390,4.650737636,2.328970803,0.506226137,1.339138993,6.244713172,2.332060317,-0.146335934,0.462035603,1.593975535,0.003089514
36.860000000,0.639256234,0.880052015,4.686627612,2.320203303,0.513423516,1.348243974,6.258346487,2.324054502,-0.125832717,0.468191959,1.571718875,0.003851199
36.900000000,0.621479415,0.883978462,4.791320721,2.308608421,0.524045350,1.360333961,6.276512043,2.313169501,-0.097434065,0.476355499,1.485191322,0.004561081
36.930000000,0.608123266,0.886935322,4.872142353,2.300672831,0.532746352,1.369394344,6.290008868,2.304399454,-0.075376914,0.482459022,1.417866515,0.003726623
36.960000000,0.594723079,0.889918832,4.911494444,2.292145331,0.542208252,1.378404951,6.303240299,2.295577904,-0.052514827,0.488486120,1.391745855,0.003432573
37.000000000,0.521874882,1.054319448,5.296407615,2.280829113,0.555873137,1.390285164,6.320318791,2.284624739,0.033998255,0.335965717,1.023911176,0.003795627
37.030000000,0.507760323,1.059082551,5.348354579,2.272597986,0.566876696,1.399112784,6.332621679,2.276663430,0.059116373,0.340030233,0.984267100,0.004065445
37.060000000,0.493625669,1.063855146,5.397953076,2.264265486,0.578559728,1.407904733,6.344147456,2.268122987,0.084934058,0.344049587,0.946194380,0.003857502
37.100000000,0.474701855,1.070269394,5.475267057,2.253641091,0.595008155,1.419543618,6.357965174,2.256225383,0.120306300,0.349274224,0.882698117,0.002584292
37.130000000,0.460469110,1.075115249,5.527121223,2.244643896,0.608022721,1.428140790,6.367051318,2.247699750,0.147553612,0.353025541,0.839930094,0.003055855
37.160000000,0.446205939,1.079980642,5.573703696,2.236446396,0.621701560,1.436572395,6.374769466,2.239720360,0.175495621,0.356591753,0.801065770,0.003273964
37.200000000,0.427152804,1.086459682,5.628041115,2.225529956,0.640739118,1.447640304,6.383285097,2.228708316,0.213586314,0.361180622,0.755243983,0.003178360
37.230000000,0.412818105,1.091344108,5.655159239,2.217169421,0.655579651,1.455814627,6.388357915,2.219906493,0.242761546,0.364470519,0.733198676,0.002737072
37.260000000,0.398426143,1.096263615,5.697009473,2.208436921,0.671003334,1.463790586,6.392209255,2.211227636,0.272577190,0.367526971,0.695199782,0.002790715
37.300000000,0.379153304,1.102869098,5.735366645,2.197443196,0.692355766,1.474088432,6.395784166,2.200307663,0.313202461,0.371219334,0.660417520,0.002864467
37.330000000,0.364642640,1.107834205,5.767840328,2.189652735,0.708918292,1.481582540,6.397375908,2.192142881,0.344275652,0.373748335,0.629535580,0.002490146
37.360000000,0.350077557,1.112813598,5.805540081,2.181217735,0.725970692,1.488877029,6.397948291,2.183521770,0.375893135,0.376063430,0.592408209,0.002304035
37.400000000,0.330557992,1.119519012,5.837339710,2.170390153,0.749356411,1.498253731,6.397450707,2.171957067,0.418798418,0.378734719,0.560110997,0.001566915
37.430000000,0.315832008,1.124585592,5.846836712,2.161863316,0.767388549,1.504950752,6.396185809,2.163625487,0.451556540,0.380365160,0.549349097,0.001762171
37.460000000,0.301056965,1.129678464,5.880380199,2.153488316,0.785863718,1.511307739,6.394080719,2.155412954,0.484806753,0.381629275,0.513700519,0.001924638
37.500000000,0.437142373,1.226568623,6.024349672,2.141534859,0.810987851,1.519383750,6.390261579,2.144136892,0.373845478,0.292815127,0.365911907,0.002602032
37.530000000,0.423986814,1.232750877,6.022841711,2.133558022,0.830175354,1.525115978,6.386670187,2.135543761,0.406188540,0.292365101,0.363828476,0.001985739
37.560000000,0.410766372,1.239001539,6.055992277,2.125003022,0.849720218,1.530437425,6.382421861,2.127118041,0.438953846,0.291435886,0.326429584,0.002115020
37.600000000,0.393061042,1.247381461,6.057928830,2.113856513,0.876206793,1.536953633,6.375899055,2.116002638,0.483145751,0.289572173,0.317970225,0.002146125
37.630000000,0.379725581,1.253683652,6.045162120,2.105850685,0.896312220,1.541437218,6.370432360,2.107596762,0.516586639,0.287753566,0.325270240,0.001746077
37.660000000,0.366333042,1.260035951,6.073786338,2.097293185,0.916581880,1.545506868,6.364413912,2.099189663,0.550248838,0.285470917,0.290627574,0.001896478
37.700000000,0.348362854,1.268603572,6.071832911,2.085602300,0.943798181,1.550254299,6.355742922,2.087990741,0.595435328,0.281650728,0.283910010,0.002388441
37.730000000,0.334811877,1.275097741,6.044259765,2.077844012,0.964329138,1.553258913,6.348757348,2.079474724,0.629517261,0.278161171,0.304497583,0.001630712
37.760000000,0.321209635,1.281619146,6.068479677,2.069426512,0.984916888,1.555750076,6.341346853,2.070951107,0.663707254,0.274130930,0.272867176,0.001524595
37.800000000,0.302981624,1.290360988,6.059194937,2.058706190,1.012388443,1.558448046,6.330929541,2.059791496,0.709406819,0.268087057,0.271734604,0.001085306
37.830000000,0.289197521,1.297005087,6.033540493,2.051143832,1.033024222,1.559967299,6.322748161,2.051452252,0.743826701,0.262962213,0.289207668,0.000308420
37.860000000,0.275338642,1.303724626,6.053818288,2.042598832,1.053722146,1.560929927,6.314212281,2.042965682,0.778383504,0.257205302,0.260393993,0.000366850
37.900000000,0.256786228,1.312720133,6.025566591,2.031783303,1.081377265,1.561533067,6.302380152,2.031612211,0.824591037,0.248812935,0.276813561,-0.000171093
37.930000000,0.242795763,1.319492327,5.995187454,2.024039776,1.102132390,1.561544611,6.293200389,2.023215167,0.859336627,0.242052285,0.298012935,-0.000824610
37.960000000,0.228739239,1.326336581,6.011277640,2.015329776,1.122910148,1.561114665,6.283723870,2.014878279,0.894170909,0.234778084,0.272446230,-0.000451497
38.000000000,0.507687474,1.357796575,6.049967306,2.005065799,1.150695560,1.559872053,6.270737281,2.003651246,0.643008086,0.202075478,0.220769975,-0.001414554
38.030000000,0.496750935,1.365015214,6.029556417,1.996130263,1.171599295,1.558450847,6.260719162,1.995173300,0.674848360,0.193435632,0.231162745,-0.000956964
38.060000000,0.485726602,1.372261434,6.044134530,1.987735263,1.192538872,1.556625798,6.250473095,1.986743597,0.706812269,0.184364363,0.206338565,-0.000991666
38.100000000,0.470932513,1.382025321,6.012459064,1.976818878,1.220493351,1.553685677,6.236498855,1.975584368,0.749560837,0.171660356,0.224039791,-0.001234510
38.130000000,0.459745280,1.389457828,5.977694071,1.967348990,1.241497807,1.551036442,6.225821721,1.967194079,0.781752527,0.161578614,0.248127650,-0.000154911
38.160000000,0.448497919,1.396965434,5.988453446,1.958776490,1.262526263,1.547902645,6.214926203,1.958693768,0.814028344,0.150937211,0.226472757,-0.000082722
38.200000000,0.433427531,1.407026091,5.946941061,1.946617733,1.290513420,1.543164263,6.200163154,1.947372101,0.857085889,0.136138172,0.253222093,0.000754369
38.230000000,0.422052114,1.414646235,5.913402934,1.938563022,1.311424219,1.539242353,6.188918920,1.939036906,0.889372105,0.124596119,0.275515986,0.000473884
38.260000000,0.410601479,1.422357645,5.920531518,1.929913022,1.332264809,1.534914154,6.177530619,1.930722616,0.921663331,0.112556509,0.256999101,0.000809594
38.300000000,0.395216358,1.432772452,5.871496560,1.918540341,1.360003398,1.528539789,6.162153167,1.919452934,0.964787040,0.095767337,0.290656607,0.000912593
38.330000000,0.383600697,1.440659458,5.845648293,1.910685509,1.380776139,1.523357929,6.150476581,1.910982441,0.997175441,0.082698471,0.304828287,0.000296932
38.360000000,0.371934117,1.448608473,5.849494182,1.902228009,1.401515249,1.517875217,6.138681676,1.902602502,1.029581131,0.069266744,0.289187494,0.000374492
38.400000000,0.356258390,1.459324873,5.820217795,1.890077691,1.429168632,1.510166162,6.122788827,1.891428977,1.072910242,0.050841289,0.302571033,0.001351286
38.430000000,0.344425129,1.467463070,5.783076552,1.881927395,1.449956631,1.504030905,6.110767125,1.883036987,1.105531503,0.036567835,0.327690573,0.001109592
38.460000000,0.332535205,1.475669159,5.784195554,1.873399895,1.470816812,1.497558570,6.098614332,1.874697398,1.138281607,0.021889411,0.314418778,0.001297503
38.500000000,0.669821171,1.390530018,5.830129441,1.862589308,1.498713206,1.488611862,6.082287688,1.863553582,0.828892035,0.098081844,0.252158247,0.000964274
38.530000000,0.661689287,1.397825735,5.785996734,1.854275974,1.519699375,1.481696792,6.069934003,1.855112041,0.858010089,0.083871058,0.283937268,0.000836067
38.560000000,0.653487678,1.405234123,5.786564925,1.846003474,1.540780440,1.474513766,6.057507067,1.846708093,0.887292762,0.069279643,0.270942142,0.000704619
38.600000000,0.642445505,1.415232765,5.752626019,1.834051750,1.569026092,1.464546872,6.040800247,1.835641435,0.926580588,0.049314108,0.288174228,0.001589686
38.630000000,0.634108185,1.422795628,5.711593844,1.825435540,1.590278089,1.456845903,6.028193534,1.827325072,0.956169903,0.034050275,0.316599690,0.001889532
38.660000000,0.625723354,1.430432434,5.709467227,1.817060540,1.611544736,1.448982146,6.015507773,1.818938018,0.985821382,0.018549711,0.306040546,0.001877478
38.700000000,0.614428611,1.440757913,5.669329458,1.806635367,1.639883753,1.438202676,5.998521234,1.807770785,1.025455141,-0.002555236,0.329191777,0.001135418
38.730000000,0.605882034,1.448613179,5.616793141,1.798029499,1.661108543,1.429836214,5.985725104,1.799371711,1.055226510,-0.018776965,0.368931963,0.001342211
38.760000000,0.597280842,1.456532221,5.611687467,1.789509499,1.682265019,1.421229055,5.972874191,1.790931687,1.084984177,-0.035303166,0.361186724,0.001422187
38.800000000,0.585717746,1.467226721,5.561105574,1.778490471,1.710333563,1.409549280,5.955697928,1.779752948,1.124615817,-0.057677441,0.394592354,0.001262477
38.830000000,0.576966199,1.475354565,5.498702578,1.769415883,1.731276946,1.400628248,5.942779233,1.771416292,1.154310747,-0.074726317,0.444076655,0.002000409
38.860000000,0.568155244,1.483585448,5.490222565,1.760870883,1.752130038,1.391469579,5.929848605,1.763019850,1.183974795,-0.092115869,0.439626040,0.002148967
38.900000000,0.556291304,1.494676928,5.448934522,1.749216572,1.779819499,1.378963790,5.912550224,1.751776274,1.223528195,-0.115713138,0.463615702,0.002559702
38.930000000,0.547325890,1.503051667,5.403338055,1.741746128,1.800492923,1.369452140,5.899565677,1.743380514,1.253167033,-0.133599527,0.496227622,0.001634386
38.960000000,0.538300350,1.511509853,5.392600078,1.732966128,1.821078795,1.359847519,5.886580531,1.735009816,1.282778445,-0.151662334,0.493980453,0.002043688
39.000000000,0.894476375,1.454465942,5.473340276,1.720971930,1.848445534,1.346821533,5.869381961,1.723827657,0.953969159,-0.107644409,0.396041685,0.002855727
39.030000000,0.889408987,1.462397670,5.439181231,1.712071921,1.868927275,1.336861358,5.856584851,1.715443353,0.979518287,-0.125536312,0.417403620,0.003371431
39.060000000,0.884287657,1.470374215,5.430630306,1.703599421,1.889367220,1.326793714,5.843884049,1.707049147,1.005079563,-0.143580501,0.413253742,0.003449726
39.100000000,0.877366681,1.481138092,5.392926429,1.692392590,1.916539444,1.313312514,5.826987967,1.695857106,1.039172764,-0.167825577,0.434061538,0.003464516
39.130000000,0.872128157,1.489348565,5.354768433,1.684362692,1.936820525,1.303105549,5.814377751,1.687504128,1.064692368,-0.186243016,0.459609319,0.003141436
39.160000000,0.866863985,1.497673845,5.344553569,1.675837692,1.956929861,1.292722337,5.801870316,1.679018754,1.090065876,-0.204951508,0.457316747,0.003181062
39.200000000,0.859805714,1.508873743,5.296319671,1.665157672,1.983376702,1.278705711,5.785395728,1.667505519,1.123570988,-0.230168032,0.489076057,0.002347847
39.230000000,0.854472324,1.517361675,5.258238937,1.655550128,2.002851611,1.268146046,5.773247363,1.659125327,1.148379287,-0.249215629,0.515008427,0.003575199
39.260000000,0.849118898,1.525945237,5.246457048,1.646925128,2.021895608,1.257528493,5.761351601,1.651034359,1.172776710,-0.268416744,0.514894553,0.004109231
39.300000000,0.841902353,1.537552691,5.214032539,1.635887616,2.046659017,1.243182085,5.745929932,1.639762830,1.204756664,-0.294370607,0.531897393,0.003875214
39.330000000,0.836440701,1.546343485,3.873112388,1.628141075,2.064738561,1.232291282,5.734705036,1.630906569,1.228297860,-0.314052203,1.861592648,0.002765494
39.360000000,0.830948046,1.555188535,3.820019260,1.619613575,2.082309045,1.221377704,5.723885256,1.622371837,1.251360999,-0.333810831,1.903865996,0.002758262
39.400000000,0.823580133,1.567119038,3.487817725,1.608365265,2.105056261,1.206835631,5.710239796,1.611560735,1.281476127,-0.360283407,2.222422072,0.003195470
39.430000000,0.817991365,1.576214528,3.361911231,1.599270481,2.121595237,1.195863785,5.701264089,1.603235371,1.303603872,-0.380350742,2.339352859,0.003964890
39.460000000,0.812345286,1.585398791,3.299854281,1.590665481,2.137623451,1.184807320,5.693810969,1.594480512,1.325278165,-0.400591471,2.393956688,0.003815031
39.500000000,1.257367871,1.413752463,3.278069841,1.579450673,2.158326679,1.170102222,5.685895737,1.583065209,0.900958808,-0.243650242,2.407825896,0.003614536
39.530000000,1.256644362,1.421061652,3.219132520,1.571873099,2.173351801,1.159157633,5.681379999,1.574978318,0.916707439,-0.261904019,2.462247479,0.003105219
39.560000000,1.255889600,1.428481745,3.164234588,1.563490599,2.187855275,1.148227701,5.678218523,1.566905074,0.931965675,-0.280254044,2.513983936,0.003414475
39.600000000,1.254872382,1.438532353,3.114858869,1.552482706,2.206426148,1.133593079,5.675664528,1.555398033,0.951553767,-0.304939274,2.560805659,0.002915326
39.630000000,1.254135450,1.446129737,3.079610034,1.543581960,2.219693124,1.122635615,5.674925519,1.546522157,0.965557674,-0.323494122,2.595315486,0.002940197
39.660000000,1.253411952,1.453779818,3.030977671,1.535171960,2.232172163,1.111801963,5.675289925,1.538366351,0.978760211,-0.341977855,2.644312254,0.003194391
39.700000000,1.252459097,1.464136911,2.989503768,1.525417394,2.247605244,1.097486379,5.677134748,1.528032671,0.995146147,-0.366650531,2.687630980,0.002615277
39.730000000,1.251745783,1.472028341,2.970790837,1.516132161,2.258211621,1.086773014,5.679480218,1.519502627,1.006465838,-0.385255327,2.708689382,0.003370466
39.760000000,1.251046011,1.479978097,2.928585498,1.507792161,2.267831083,1.076105462,5.682690691,1.510233110,1.016785072,-0.403872635,2.754105194,0.002440948
39.800000000,1.250104036,1.490649392,2.909755472,1.495980304,2.279372601,1.062095294,5.688081579,1.498842369,1.029268565,-0.428554098,2.778326107,0.002862065
39.830000000,1.249387717,1.498755958,2.914127202,1.487264989,2.287104953,1.051769664,5.692886691,1.491164049,1.037717236,-0.446986294,2.778759490,0.003899060
39.860000000,1.248663539,1.506974541,2.879461594,1.479084989,2.293956105,1.041541406,5.698437302,1.483024027,1.045292565,-0.465433135,2.818975707,0.003939038
39.900000000,1.247709758,1.518069927,2.885320054,1.467363426,2.301988842,1.027998985,5.706726141,1.471076981,1.054279084,-0.490070941,2.821406087,0.003713554
39.930000000,1.247005316,1.526454570,2.921067842,1.460232697,2.307238410,1.017996386,5.713595676,1.462281828,1.060233094,-0.508458184,2.792527834,0.002049132
39.960000000,1.246305643,1.534900329,2.895252314,1.451777697,2.311774363,1.008218446,5.721057016,1.454326377,1.065468720,-0.526681884,2.825804702,0.002548680
40.000000000,1.532414185,1.314736530,3.238313605,1.441458373,2.316929231,0.995392579,5.731771041,1.443680061,0.784515046,-0.319343951,2.493457436,0.002221688
